# Blender 4.4.3
# www.blender.org
mtllib arm_highres.mtl
o squarex_64x64_init.001
v -0.015600 0.157544 1.000000
v -0.031050 0.155252 1.000000
v -0.046200 0.151457 1.000000
v -0.060906 0.146195 1.000000
v -0.075025 0.139517 1.000000
v -0.088422 0.131488 1.000000
v -0.100967 0.122183 1.000000
v -0.112540 0.111695 1.000000
v -0.123028 0.100122 1.000000
v -0.132332 0.087577 1.000000
v -0.140362 0.074180 1.000000
v -0.147040 0.060061 1.000000
v -0.152302 0.045355 1.000000
v -0.156097 0.030205 1.000000
v -0.158389 0.014755 1.000000
v -0.159155 -0.000845 1.000000
v -0.158389 -0.016445 1.000000
v -0.156097 -0.031895 1.000000
v -0.152302 -0.047045 1.000000
v -0.147040 -0.061751 1.000000
v -0.140362 -0.075870 1.000000
v -0.132333 -0.089267 1.000000
v -0.123028 -0.101812 1.000000
v -0.112540 -0.113385 1.000000
v -0.100967 -0.123873 1.000000
v -0.088422 -0.133177 1.000000
v -0.075025 -0.141207 1.000000
v -0.060906 -0.147885 1.000000
v -0.046200 -0.153147 1.000000
v -0.031050 -0.156942 1.000000
v -0.015600 -0.159234 1.000000
v 0.000000 -0.160000 1.000000
v 0.015600 -0.159234 1.000000
v 0.031050 -0.156942 1.000000
v 0.046200 -0.153147 1.000000
v 0.060906 -0.147885 1.000000
v 0.075025 -0.141207 1.000000
v 0.088422 -0.133177 1.000000
v 0.100967 -0.123873 1.000000
v 0.112540 -0.113385 1.000000
v 0.123028 -0.101812 1.000000
v 0.132333 -0.089267 1.000000
v 0.140362 -0.075870 1.000000
v 0.147040 -0.061751 1.000000
v 0.152302 -0.047045 1.000000
v 0.156097 -0.031895 1.000000
v 0.158389 -0.016445 1.000000
v 0.159155 -0.000845 1.000000
v 0.158389 0.014755 1.000000
v 0.156097 0.030205 1.000000
v 0.152302 0.045355 1.000000
v 0.147040 0.060061 1.000000
v 0.140362 0.074180 1.000000
v 0.132332 0.087577 1.000000
v 0.123028 0.100122 1.000000
v 0.112540 0.111695 1.000000
v 0.100967 0.122183 1.000000
v 0.088422 0.131488 1.000000
v 0.075025 0.139517 1.000000
v 0.060906 0.146195 1.000000
v 0.046200 0.151457 1.000000
v 0.031050 0.155252 1.000000
v 0.015600 0.157544 1.000000
v 0.000000 0.158310 1.000000
v -0.015600 0.157544 0.968750
v -0.031050 0.155252 0.968750
v -0.046200 0.151457 0.968750
v -0.060906 0.146195 0.968750
v -0.075025 0.139517 0.968750
v -0.088422 0.131488 0.968750
v -0.100967 0.122183 0.968750
v -0.112540 0.111695 0.968750
v -0.123028 0.100122 0.968750
v -0.132332 0.087577 0.968750
v -0.140362 0.074180 0.968750
v -0.147040 0.060061 0.968750
v -0.152302 0.045355 0.968750
v -0.156097 0.030205 0.968750
v -0.158389 0.014755 0.968750
v -0.159155 -0.000845 0.968750
v -0.158389 -0.016445 0.968750
v -0.156097 -0.031895 0.968750
v -0.152302 -0.047045 0.968750
v -0.147040 -0.061751 0.968750
v -0.140362 -0.075870 0.968750
v -0.132333 -0.089267 0.968750
v -0.123028 -0.101812 0.968750
v -0.112540 -0.113385 0.968750
v -0.100967 -0.123873 0.968750
v -0.088422 -0.133177 0.968750
v -0.075025 -0.141207 0.968750
v -0.060906 -0.147885 0.968750
v -0.046200 -0.153147 0.968750
v -0.031050 -0.156942 0.968750
v -0.015600 -0.159234 0.968750
v 0.000000 -0.160000 0.968750
v 0.015600 -0.159234 0.968750
v 0.031050 -0.156942 0.968750
v 0.046200 -0.153147 0.968750
v 0.060906 -0.147885 0.968750
v 0.075025 -0.141207 0.968750
v 0.088422 -0.133177 0.968750
v 0.100967 -0.123873 0.968750
v 0.112540 -0.113385 0.968750
v 0.123028 -0.101812 0.968750
v 0.132333 -0.089267 0.968750
v 0.140362 -0.075870 0.968750
v 0.147040 -0.061751 0.968750
v 0.152302 -0.047045 0.968750
v 0.156097 -0.031895 0.968750
v 0.158389 -0.016445 0.968750
v 0.159155 -0.000845 0.968750
v 0.158389 0.014755 0.968750
v 0.156097 0.030205 0.968750
v 0.152302 0.045355 0.968750
v 0.147040 0.060061 0.968750
v 0.140362 0.074180 0.968750
v 0.132332 0.087577 0.968750
v 0.123028 0.100122 0.968750
v 0.112540 0.111695 0.968750
v 0.100967 0.122183 0.968750
v 0.088422 0.131488 0.968750
v 0.075025 0.139517 0.968750
v 0.060906 0.146195 0.968750
v 0.046200 0.151457 0.968750
v 0.031050 0.155252 0.968750
v 0.015600 0.157544 0.968750
v 0.000000 0.158310 0.968750
v -0.015600 0.157544 0.937500
v -0.031050 0.155252 0.937500
v -0.046200 0.151457 0.937500
v -0.060906 0.146195 0.937500
v -0.075025 0.139517 0.937500
v -0.088422 0.131488 0.937500
v -0.100967 0.122183 0.937500
v -0.112540 0.111695 0.937500
v -0.123028 0.100122 0.937500
v -0.132332 0.087577 0.937500
v -0.140362 0.074180 0.937500
v -0.147040 0.060061 0.937500
v -0.152302 0.045355 0.937500
v -0.156097 0.030205 0.937500
v -0.158389 0.014755 0.937500
v -0.159155 -0.000845 0.937500
v -0.158389 -0.016445 0.937500
v -0.156097 -0.031895 0.937500
v -0.152302 -0.047045 0.937500
v -0.147040 -0.061751 0.937500
v -0.140362 -0.075870 0.937500
v -0.132333 -0.089267 0.937500
v -0.123028 -0.101812 0.937500
v -0.112540 -0.113385 0.937500
v -0.100967 -0.123873 0.937500
v -0.088422 -0.133177 0.937500
v -0.075025 -0.141207 0.937500
v -0.060906 -0.147885 0.937500
v -0.046200 -0.153147 0.937500
v -0.031050 -0.156942 0.937500
v -0.015600 -0.159234 0.937500
v 0.000000 -0.160000 0.937500
v 0.015600 -0.159234 0.937500
v 0.031050 -0.156942 0.937500
v 0.046200 -0.153147 0.937500
v 0.060906 -0.147885 0.937500
v 0.075025 -0.141207 0.937500
v 0.088422 -0.133177 0.937500
v 0.100967 -0.123873 0.937500
v 0.112540 -0.113385 0.937500
v 0.123028 -0.101812 0.937500
v 0.132333 -0.089267 0.937500
v 0.140362 -0.075870 0.937500
v 0.147040 -0.061751 0.937500
v 0.152302 -0.047045 0.937500
v 0.156097 -0.031895 0.937500
v 0.158389 -0.016445 0.937500
v 0.159155 -0.000845 0.937500
v 0.158389 0.014755 0.937500
v 0.156097 0.030205 0.937500
v 0.152302 0.045355 0.937500
v 0.147040 0.060061 0.937500
v 0.140362 0.074180 0.937500
v 0.132332 0.087577 0.937500
v 0.123028 0.100122 0.937500
v 0.112540 0.111695 0.937500
v 0.100967 0.122183 0.937500
v 0.088422 0.131488 0.937500
v 0.075025 0.139517 0.937500
v 0.060906 0.146195 0.937500
v 0.046200 0.151457 0.937500
v 0.031050 0.155252 0.937500
v 0.015600 0.157544 0.937500
v 0.000000 0.158310 0.937500
v 0.000000 0.158310 0.906250
v -0.015600 0.157544 0.906250
v -0.031050 0.155252 0.906250
v -0.046200 0.151457 0.906250
v -0.060906 0.146195 0.906250
v -0.075025 0.139517 0.906250
v -0.088422 0.131488 0.906250
v -0.100967 0.122183 0.906250
v -0.112540 0.111695 0.906250
v -0.123028 0.100122 0.906250
v -0.132332 0.087577 0.906250
v -0.140362 0.074180 0.906250
v -0.147040 0.060061 0.906250
v -0.152302 0.045355 0.906250
v -0.156097 0.030205 0.906250
v -0.158389 0.014755 0.906250
v -0.159155 -0.000845 0.906250
v -0.158389 -0.016445 0.906250
v -0.156097 -0.031895 0.906250
v -0.152302 -0.047045 0.906250
v -0.147040 -0.061751 0.906250
v -0.140362 -0.075870 0.906250
v -0.132333 -0.089267 0.906250
v -0.123028 -0.101812 0.906250
v -0.112540 -0.113385 0.906250
v -0.100967 -0.123873 0.906250
v -0.088422 -0.133177 0.906250
v -0.075025 -0.141207 0.906250
v -0.060906 -0.147885 0.906250
v -0.046200 -0.153147 0.906250
v -0.031050 -0.156942 0.906250
v -0.015600 -0.159234 0.906250
v 0.000000 -0.160000 0.906250
v 0.015600 -0.159234 0.906250
v 0.031050 -0.156942 0.906250
v 0.046200 -0.153147 0.906250
v 0.060906 -0.147885 0.906250
v 0.075025 -0.141207 0.906250
v 0.088422 -0.133177 0.906250
v 0.100967 -0.123873 0.906250
v 0.112540 -0.113385 0.906250
v 0.123028 -0.101812 0.906250
v 0.132333 -0.089267 0.906250
v 0.140362 -0.075870 0.906250
v 0.147040 -0.061751 0.906250
v 0.152302 -0.047045 0.906250
v 0.156097 -0.031895 0.906250
v 0.158389 -0.016445 0.906250
v 0.159155 -0.000845 0.906250
v 0.158389 0.014755 0.906250
v 0.156097 0.030205 0.906250
v 0.152302 0.045355 0.906250
v 0.147040 0.060061 0.906250
v 0.140362 0.074180 0.906250
v 0.132332 0.087577 0.906250
v 0.123028 0.100122 0.906250
v 0.112540 0.111695 0.906250
v 0.100967 0.122183 0.906250
v 0.088422 0.131488 0.906250
v 0.075025 0.139517 0.906250
v 0.060906 0.146195 0.906250
v 0.046200 0.151457 0.906250
v 0.031050 0.155252 0.906250
v 0.015600 0.157544 0.906250
v 0.000000 0.158310 0.875000
v -0.015600 0.157544 0.875000
v -0.031050 0.155252 0.875000
v -0.046200 0.151457 0.875000
v -0.060906 0.146195 0.875000
v -0.075025 0.139517 0.875000
v -0.088422 0.131488 0.875000
v -0.100967 0.122183 0.875000
v -0.112540 0.111695 0.875000
v -0.123028 0.100122 0.875000
v -0.132332 0.087577 0.875000
v -0.140362 0.074180 0.875000
v -0.147040 0.060061 0.875000
v -0.152302 0.045355 0.875000
v -0.156097 0.030205 0.875000
v -0.158389 0.014755 0.875000
v -0.159155 -0.000845 0.875000
v -0.158389 -0.016445 0.875000
v -0.156097 -0.031895 0.875000
v -0.152302 -0.047045 0.875000
v -0.147040 -0.061751 0.875000
v -0.140362 -0.075870 0.875000
v -0.132333 -0.089267 0.875000
v -0.123028 -0.101812 0.875000
v -0.112540 -0.113385 0.875000
v -0.100967 -0.123873 0.875000
v -0.088422 -0.133177 0.875000
v -0.075025 -0.141207 0.875000
v -0.060906 -0.147885 0.875000
v -0.046200 -0.153147 0.875000
v -0.031050 -0.156942 0.875000
v -0.015600 -0.159234 0.875000
v 0.000000 -0.160000 0.875000
v 0.015600 -0.159234 0.875000
v 0.031050 -0.156942 0.875000
v 0.046200 -0.153147 0.875000
v 0.060906 -0.147885 0.875000
v 0.075025 -0.141207 0.875000
v 0.088422 -0.133177 0.875000
v 0.100967 -0.123873 0.875000
v 0.112540 -0.113385 0.875000
v 0.123028 -0.101812 0.875000
v 0.132333 -0.089267 0.875000
v 0.140362 -0.075870 0.875000
v 0.147040 -0.061751 0.875000
v 0.152302 -0.047045 0.875000
v 0.156097 -0.031895 0.875000
v 0.158389 -0.016445 0.875000
v 0.159155 -0.000845 0.875000
v 0.158389 0.014755 0.875000
v 0.156097 0.030205 0.875000
v 0.152302 0.045355 0.875000
v 0.147040 0.060061 0.875000
v 0.140362 0.074180 0.875000
v 0.132332 0.087577 0.875000
v 0.123028 0.100122 0.875000
v 0.112540 0.111695 0.875000
v 0.100967 0.122183 0.875000
v 0.088422 0.131488 0.875000
v 0.075025 0.139517 0.875000
v 0.060906 0.146195 0.875000
v 0.046200 0.151457 0.875000
v 0.031050 0.155252 0.875000
v 0.015600 0.157544 0.875000
v 0.000000 0.158310 0.843750
v -0.015600 0.157544 0.843750
v -0.031050 0.155252 0.843750
v -0.046200 0.151457 0.843750
v -0.060906 0.146195 0.843750
v -0.075025 0.139517 0.843750
v -0.088422 0.131488 0.843750
v -0.100967 0.122183 0.843750
v -0.112540 0.111695 0.843750
v -0.123028 0.100122 0.843750
v -0.132332 0.087577 0.843750
v -0.140362 0.074180 0.843750
v -0.147040 0.060061 0.843750
v -0.152302 0.045355 0.843750
v -0.156097 0.030205 0.843750
v -0.158389 0.014755 0.843750
v -0.159155 -0.000845 0.843750
v -0.158389 -0.016445 0.843750
v -0.156097 -0.031895 0.843750
v -0.152302 -0.047045 0.843750
v -0.147040 -0.061751 0.843750
v -0.140362 -0.075870 0.843750
v -0.132333 -0.089267 0.843750
v -0.123028 -0.101812 0.843750
v -0.112540 -0.113385 0.843750
v -0.100967 -0.123873 0.843750
v -0.088422 -0.133177 0.843750
v -0.075025 -0.141207 0.843750
v -0.060906 -0.147885 0.843750
v -0.046200 -0.153147 0.843750
v -0.031050 -0.156942 0.843750
v -0.015600 -0.159234 0.843750
v 0.000000 -0.160000 0.843750
v 0.015600 -0.159234 0.843750
v 0.031050 -0.156942 0.843750
v 0.046200 -0.153147 0.843750
v 0.060906 -0.147885 0.843750
v 0.075025 -0.141207 0.843750
v 0.088422 -0.133177 0.843750
v 0.100967 -0.123873 0.843750
v 0.112540 -0.113385 0.843750
v 0.123028 -0.101812 0.843750
v 0.132333 -0.089267 0.843750
v 0.140362 -0.075870 0.843750
v 0.147040 -0.061751 0.843750
v 0.152302 -0.047045 0.843750
v 0.156097 -0.031895 0.843750
v 0.158389 -0.016445 0.843750
v 0.159155 -0.000845 0.843750
v 0.158389 0.014755 0.843750
v 0.156097 0.030205 0.843750
v 0.152302 0.045355 0.843750
v 0.147040 0.060061 0.843750
v 0.140362 0.074180 0.843750
v 0.132332 0.087577 0.843750
v 0.123028 0.100122 0.843750
v 0.112540 0.111695 0.843750
v 0.100967 0.122183 0.843750
v 0.088422 0.131488 0.843750
v 0.075025 0.139517 0.843750
v 0.060906 0.146195 0.843750
v 0.046200 0.151457 0.843750
v 0.031050 0.155252 0.843750
v 0.015600 0.157544 0.843750
v 0.000000 0.158310 0.812500
v -0.015600 0.157544 0.812500
v -0.031050 0.155252 0.812500
v -0.046200 0.151457 0.812500
v -0.060906 0.146195 0.812500
v -0.075025 0.139517 0.812500
v -0.088422 0.131488 0.812500
v -0.100967 0.122183 0.812500
v -0.112540 0.111695 0.812500
v -0.123028 0.100122 0.812500
v -0.132332 0.087577 0.812500
v -0.140362 0.074180 0.812500
v -0.147040 0.060061 0.812500
v -0.152302 0.045355 0.812500
v -0.156097 0.030205 0.812500
v -0.158389 0.014755 0.812500
v -0.159155 -0.000845 0.812500
v -0.158389 -0.016445 0.812500
v -0.156097 -0.031895 0.812500
v -0.152302 -0.047045 0.812500
v -0.147040 -0.061751 0.812500
v -0.140362 -0.075870 0.812500
v -0.132333 -0.089267 0.812500
v -0.123028 -0.101812 0.812500
v -0.112540 -0.113385 0.812500
v -0.100967 -0.123873 0.812500
v -0.088422 -0.133177 0.812500
v -0.075025 -0.141207 0.812500
v -0.060906 -0.147885 0.812500
v -0.046200 -0.153147 0.812500
v -0.031050 -0.156942 0.812500
v -0.015600 -0.159234 0.812500
v 0.000000 -0.160000 0.812500
v 0.015600 -0.159234 0.812500
v 0.031050 -0.156942 0.812500
v 0.046200 -0.153147 0.812500
v 0.060906 -0.147885 0.812500
v 0.075025 -0.141207 0.812500
v 0.088422 -0.133177 0.812500
v 0.100967 -0.123873 0.812500
v 0.112540 -0.113385 0.812500
v 0.123028 -0.101812 0.812500
v 0.132333 -0.089267 0.812500
v 0.140362 -0.075870 0.812500
v 0.147040 -0.061751 0.812500
v 0.152302 -0.047045 0.812500
v 0.156097 -0.031895 0.812500
v 0.158389 -0.016445 0.812500
v 0.159155 -0.000845 0.812500
v 0.158389 0.014755 0.812500
v 0.156097 0.030205 0.812500
v 0.152302 0.045355 0.812500
v 0.147040 0.060061 0.812500
v 0.140362 0.074180 0.812500
v 0.132332 0.087577 0.812500
v 0.123028 0.100122 0.812500
v 0.112540 0.111695 0.812500
v 0.100967 0.122183 0.812500
v 0.088422 0.131488 0.812500
v 0.075025 0.139517 0.812500
v 0.060906 0.146195 0.812500
v 0.046200 0.151457 0.812500
v 0.031050 0.155252 0.812500
v 0.015600 0.157544 0.812500
v -0.015600 0.157544 0.781250
v -0.031050 0.155252 0.781250
v -0.046200 0.151457 0.781250
v -0.060906 0.146195 0.781250
v -0.075025 0.139517 0.781250
v -0.088422 0.131488 0.781250
v -0.100967 0.122183 0.781250
v -0.112540 0.111695 0.781250
v -0.123028 0.100122 0.781250
v -0.132332 0.087577 0.781250
v -0.140362 0.074180 0.781250
v -0.147040 0.060061 0.781250
v -0.152302 0.045355 0.781250
v -0.156097 0.030205 0.781250
v -0.158389 0.014755 0.781250
v -0.159155 -0.000845 0.781250
v -0.158389 -0.016445 0.781250
v -0.156097 -0.031895 0.781250
v -0.152302 -0.047045 0.781250
v -0.147040 -0.061751 0.781250
v -0.140362 -0.075870 0.781250
v -0.132333 -0.089267 0.781250
v -0.123028 -0.101812 0.781250
v -0.112540 -0.113385 0.781250
v -0.100967 -0.123873 0.781250
v -0.088422 -0.133177 0.781250
v -0.075025 -0.141207 0.781250
v -0.060906 -0.147885 0.781250
v -0.046200 -0.153147 0.781250
v -0.031050 -0.156942 0.781250
v -0.015600 -0.159234 0.781250
v 0.000000 -0.160000 0.781250
v 0.015600 -0.159234 0.781250
v 0.031050 -0.156942 0.781250
v 0.046200 -0.153147 0.781250
v 0.060906 -0.147885 0.781250
v 0.075025 -0.141207 0.781250
v 0.088422 -0.133177 0.781250
v 0.100967 -0.123873 0.781250
v 0.112540 -0.113385 0.781250
v 0.123028 -0.101812 0.781250
v 0.132333 -0.089267 0.781250
v 0.140362 -0.075870 0.781250
v 0.147040 -0.061751 0.781250
v 0.152302 -0.047045 0.781250
v 0.156097 -0.031895 0.781250
v 0.158389 -0.016445 0.781250
v 0.159155 -0.000845 0.781250
v 0.158389 0.014755 0.781250
v 0.156097 0.030205 0.781250
v 0.152302 0.045355 0.781250
v 0.147040 0.060061 0.781250
v 0.140362 0.074180 0.781250
v 0.132332 0.087577 0.781250
v 0.123028 0.100122 0.781250
v 0.112540 0.111695 0.781250
v 0.100967 0.122183 0.781250
v 0.088422 0.131488 0.781250
v 0.075025 0.139517 0.781250
v 0.060906 0.146195 0.781250
v 0.046200 0.151457 0.781250
v 0.031050 0.155252 0.781250
v 0.015600 0.157544 0.781250
v 0.000000 0.158310 0.781250
v 0.000000 0.158310 0.750000
v -0.015600 0.157544 0.750000
v -0.031050 0.155252 0.750000
v -0.046200 0.151457 0.750000
v -0.060906 0.146195 0.750000
v -0.075025 0.139517 0.750000
v -0.088422 0.131488 0.750000
v -0.100967 0.122183 0.750000
v -0.112540 0.111695 0.750000
v -0.123028 0.100122 0.750000
v -0.132332 0.087577 0.750000
v -0.140362 0.074180 0.750000
v -0.147040 0.060061 0.750000
v -0.152302 0.045355 0.750000
v -0.156097 0.030205 0.750000
v -0.158389 0.014755 0.750000
v -0.159155 -0.000845 0.750000
v -0.158389 -0.016445 0.750000
v -0.156097 -0.031895 0.750000
v -0.152302 -0.047045 0.750000
v -0.147040 -0.061751 0.750000
v -0.140362 -0.075870 0.750000
v -0.132333 -0.089267 0.750000
v -0.123028 -0.101812 0.750000
v -0.112540 -0.113385 0.750000
v -0.100967 -0.123873 0.750000
v -0.088422 -0.133177 0.750000
v -0.075025 -0.141207 0.750000
v -0.060906 -0.147885 0.750000
v -0.046200 -0.153147 0.750000
v -0.031050 -0.156942 0.750000
v -0.015600 -0.159234 0.750000
v 0.000000 -0.160000 0.750000
v 0.015600 -0.159234 0.750000
v 0.031050 -0.156942 0.750000
v 0.046200 -0.153147 0.750000
v 0.060906 -0.147885 0.750000
v 0.075025 -0.141207 0.750000
v 0.088422 -0.133177 0.750000
v 0.100967 -0.123873 0.750000
v 0.112540 -0.113385 0.750000
v 0.123028 -0.101812 0.750000
v 0.132333 -0.089267 0.750000
v 0.140362 -0.075870 0.750000
v 0.147040 -0.061751 0.750000
v 0.152302 -0.047045 0.750000
v 0.156097 -0.031895 0.750000
v 0.158389 -0.016445 0.750000
v 0.159155 -0.000845 0.750000
v 0.158389 0.014755 0.750000
v 0.156097 0.030205 0.750000
v 0.152302 0.045355 0.750000
v 0.147040 0.060061 0.750000
v 0.140362 0.074180 0.750000
v 0.132332 0.087577 0.750000
v 0.123028 0.100122 0.750000
v 0.112540 0.111695 0.750000
v 0.100967 0.122183 0.750000
v 0.088422 0.131488 0.750000
v 0.075025 0.139517 0.750000
v 0.060906 0.146195 0.750000
v 0.046200 0.151457 0.750000
v 0.031050 0.155252 0.750000
v 0.015600 0.157544 0.750000
v 0.000000 0.158310 0.718750
v -0.015600 0.157544 0.718750
v -0.031050 0.155252 0.718750
v -0.046200 0.151457 0.718750
v -0.060906 0.146195 0.718750
v -0.075025 0.139517 0.718750
v -0.088422 0.131488 0.718750
v -0.100967 0.122183 0.718750
v -0.112540 0.111695 0.718750
v -0.123028 0.100122 0.718750
v -0.132332 0.087577 0.718750
v -0.140362 0.074180 0.718750
v -0.147040 0.060061 0.718750
v -0.152302 0.045355 0.718750
v -0.156097 0.030205 0.718750
v -0.158389 0.014755 0.718750
v -0.159155 -0.000845 0.718750
v -0.158389 -0.016445 0.718750
v -0.156097 -0.031895 0.718750
v -0.152302 -0.047045 0.718750
v -0.147040 -0.061751 0.718750
v -0.140362 -0.075870 0.718750
v -0.132333 -0.089267 0.718750
v -0.123028 -0.101812 0.718750
v -0.112540 -0.113385 0.718750
v -0.100967 -0.123873 0.718750
v -0.088422 -0.133177 0.718750
v -0.075025 -0.141207 0.718750
v -0.060906 -0.147885 0.718750
v -0.046200 -0.153147 0.718750
v -0.031050 -0.156942 0.718750
v -0.015600 -0.159234 0.718750
v 0.000000 -0.160000 0.718750
v 0.015600 -0.159234 0.718750
v 0.031050 -0.156942 0.718750
v 0.046200 -0.153147 0.718750
v 0.060906 -0.147885 0.718750
v 0.075025 -0.141207 0.718750
v 0.088422 -0.133177 0.718750
v 0.100967 -0.123873 0.718750
v 0.112540 -0.113385 0.718750
v 0.123028 -0.101812 0.718750
v 0.132333 -0.089267 0.718750
v 0.140362 -0.075870 0.718750
v 0.147040 -0.061751 0.718750
v 0.152302 -0.047045 0.718750
v 0.156097 -0.031895 0.718750
v 0.158389 -0.016445 0.718750
v 0.159155 -0.000845 0.718750
v 0.158389 0.014755 0.718750
v 0.156097 0.030205 0.718750
v 0.152302 0.045355 0.718750
v 0.147040 0.060061 0.718750
v 0.140362 0.074180 0.718750
v 0.132332 0.087577 0.718750
v 0.123028 0.100122 0.718750
v 0.112540 0.111695 0.718750
v 0.100967 0.122183 0.718750
v 0.088422 0.131488 0.718750
v 0.075025 0.139517 0.718750
v 0.060906 0.146195 0.718750
v 0.046200 0.151457 0.718750
v 0.031050 0.155252 0.718750
v 0.015600 0.157544 0.718750
v 0.000000 0.158310 0.687500
v -0.015600 0.157544 0.687500
v -0.031050 0.155252 0.687500
v -0.046200 0.151457 0.687500
v -0.060906 0.146195 0.687500
v -0.075025 0.139517 0.687500
v -0.088422 0.131488 0.687500
v -0.100967 0.122183 0.687500
v -0.112540 0.111695 0.687500
v -0.123028 0.100122 0.687500
v -0.132332 0.087577 0.687500
v -0.140362 0.074180 0.687500
v -0.147040 0.060061 0.687500
v -0.152302 0.045355 0.687500
v -0.156097 0.030205 0.687500
v -0.158389 0.014755 0.687500
v -0.159155 -0.000845 0.687500
v -0.158389 -0.016445 0.687500
v -0.156097 -0.031895 0.687500
v -0.152302 -0.047045 0.687500
v -0.147040 -0.061751 0.687500
v -0.140362 -0.075870 0.687500
v -0.132333 -0.089267 0.687500
v -0.123028 -0.101812 0.687500
v -0.112540 -0.113385 0.687500
v -0.100967 -0.123873 0.687500
v -0.088422 -0.133178 0.687500
v -0.075025 -0.141207 0.687500
v -0.060906 -0.147885 0.687500
v -0.046200 -0.153147 0.687500
v -0.031050 -0.156942 0.687500
v -0.015600 -0.159234 0.687500
v 0.000000 -0.160000 0.687500
v 0.015600 -0.159234 0.687500
v 0.031050 -0.156942 0.687500
v 0.046200 -0.153147 0.687500
v 0.060906 -0.147885 0.687500
v 0.075025 -0.141207 0.687500
v 0.088422 -0.133178 0.687500
v 0.100967 -0.123873 0.687500
v 0.112540 -0.113385 0.687500
v 0.123028 -0.101812 0.687500
v 0.132333 -0.089267 0.687500
v 0.140362 -0.075870 0.687500
v 0.147040 -0.061751 0.687500
v 0.152302 -0.047045 0.687500
v 0.156097 -0.031895 0.687500
v 0.158389 -0.016445 0.687500
v 0.159155 -0.000845 0.687500
v 0.158389 0.014755 0.687500
v 0.156097 0.030205 0.687500
v 0.152302 0.045355 0.687500
v 0.147040 0.060061 0.687500
v 0.140362 0.074180 0.687500
v 0.132332 0.087577 0.687500
v 0.123028 0.100122 0.687500
v 0.112540 0.111695 0.687500
v 0.100967 0.122183 0.687500
v 0.088422 0.131488 0.687500
v 0.075025 0.139517 0.687500
v 0.060906 0.146195 0.687500
v 0.046200 0.151457 0.687500
v 0.031050 0.155252 0.687500
v 0.015600 0.157544 0.687500
v -0.015600 0.157544 0.656250
v -0.031050 0.155252 0.656250
v -0.046200 0.151457 0.656250
v -0.060906 0.146195 0.656250
v -0.075025 0.139517 0.656250
v -0.088422 0.131488 0.656250
v -0.100967 0.122183 0.656250
v -0.112540 0.111695 0.656250
v -0.123028 0.100122 0.656250
v -0.132332 0.087577 0.656250
v -0.140362 0.074180 0.656250
v -0.147040 0.060061 0.656250
v -0.152302 0.045355 0.656250
v -0.156097 0.030205 0.656250
v -0.158389 0.014755 0.656250
v -0.159155 -0.000845 0.656250
v -0.158389 -0.016445 0.656250
v -0.156097 -0.031895 0.656250
v -0.152302 -0.047045 0.656250
v -0.147040 -0.061751 0.656250
v -0.140362 -0.075870 0.656250
v -0.132333 -0.089267 0.656250
v -0.123028 -0.101812 0.656250
v -0.112540 -0.113385 0.656250
v -0.100967 -0.123873 0.656250
v -0.088422 -0.133178 0.656250
v -0.075025 -0.141207 0.656250
v -0.060906 -0.147885 0.656250
v -0.046200 -0.153147 0.656250
v -0.031050 -0.156942 0.656250
v -0.015600 -0.159234 0.656250
v 0.000000 -0.160000 0.656250
v 0.015600 -0.159234 0.656250
v 0.031050 -0.156942 0.656250
v 0.046200 -0.153147 0.656250
v 0.060906 -0.147885 0.656250
v 0.075025 -0.141207 0.656250
v 0.088422 -0.133178 0.656250
v 0.100967 -0.123873 0.656250
v 0.112540 -0.113385 0.656250
v 0.123028 -0.101812 0.656250
v 0.132333 -0.089267 0.656250
v 0.140362 -0.075870 0.656250
v 0.147040 -0.061751 0.656250
v 0.152302 -0.047045 0.656250
v 0.156097 -0.031895 0.656250
v 0.158389 -0.016445 0.656250
v 0.159155 -0.000845 0.656250
v 0.158389 0.014755 0.656250
v 0.156097 0.030205 0.656250
v 0.152302 0.045355 0.656250
v 0.147040 0.060061 0.656250
v 0.140362 0.074180 0.656250
v 0.132332 0.087577 0.656250
v 0.123028 0.100122 0.656250
v 0.112540 0.111695 0.656250
v 0.100967 0.122183 0.656250
v 0.088422 0.131488 0.656250
v 0.075025 0.139517 0.656250
v 0.060906 0.146195 0.656250
v 0.046200 0.151457 0.656250
v 0.031050 0.155252 0.656250
v 0.015600 0.157544 0.656250
v 0.000000 0.158310 0.656250
v 0.000000 0.158310 0.625000
v -0.015600 0.157544 0.625000
v -0.031050 0.155252 0.625000
v -0.046200 0.151457 0.625000
v -0.060906 0.146195 0.625000
v -0.075025 0.139517 0.625000
v -0.088422 0.131488 0.625000
v -0.100967 0.122183 0.625000
v -0.112540 0.111695 0.625000
v -0.123028 0.100122 0.625000
v -0.132332 0.087577 0.625000
v -0.140362 0.074180 0.625000
v -0.147040 0.060061 0.625000
v -0.152302 0.045355 0.625000
v -0.156097 0.030205 0.625000
v -0.158389 0.014755 0.625000
v -0.159155 -0.000845 0.625000
v -0.158389 -0.016445 0.625000
v -0.156097 -0.031895 0.625000
v -0.152302 -0.047045 0.625000
v -0.147040 -0.061751 0.625000
v -0.140362 -0.075870 0.625000
v -0.132333 -0.089267 0.625000
v -0.123028 -0.101812 0.625000
v -0.112540 -0.113385 0.625000
v -0.100967 -0.123873 0.625000
v -0.088422 -0.133178 0.625000
v -0.075025 -0.141207 0.625000
v -0.060906 -0.147885 0.625000
v -0.046200 -0.153147 0.625000
v -0.031050 -0.156942 0.625000
v -0.015600 -0.159234 0.625000
v 0.000000 -0.160000 0.625000
v 0.015600 -0.159234 0.625000
v 0.031050 -0.156942 0.625000
v 0.046200 -0.153147 0.625000
v 0.060906 -0.147885 0.625000
v 0.075025 -0.141207 0.625000
v 0.088422 -0.133178 0.625000
v 0.100967 -0.123873 0.625000
v 0.112540 -0.113385 0.625000
v 0.123028 -0.101812 0.625000
v 0.132333 -0.089267 0.625000
v 0.140362 -0.075870 0.625000
v 0.147040 -0.061751 0.625000
v 0.152302 -0.047045 0.625000
v 0.156097 -0.031895 0.625000
v 0.158389 -0.016445 0.625000
v 0.159155 -0.000845 0.625000
v 0.158389 0.014755 0.625000
v 0.156097 0.030205 0.625000
v 0.152302 0.045355 0.625000
v 0.147040 0.060061 0.625000
v 0.140362 0.074180 0.625000
v 0.132332 0.087577 0.625000
v 0.123028 0.100122 0.625000
v 0.112540 0.111695 0.625000
v 0.100967 0.122183 0.625000
v 0.088422 0.131488 0.625000
v 0.075025 0.139517 0.625000
v 0.060906 0.146195 0.625000
v 0.046200 0.151457 0.625000
v 0.031050 0.155252 0.625000
v 0.015600 0.157544 0.625000
v -0.015600 0.157544 0.593750
v -0.031050 0.155252 0.593750
v -0.046200 0.151457 0.593750
v -0.060906 0.146195 0.593750
v -0.075025 0.139517 0.593750
v -0.088422 0.131488 0.593750
v -0.100967 0.122183 0.593750
v -0.112540 0.111695 0.593750
v -0.123028 0.100122 0.593750
v -0.132332 0.087577 0.593750
v -0.140362 0.074180 0.593750
v -0.147040 0.060061 0.593750
v -0.152302 0.045355 0.593750
v -0.156097 0.030205 0.593750
v -0.158389 0.014755 0.593750
v -0.159155 -0.000845 0.593750
v -0.158389 -0.016445 0.593750
v -0.156097 -0.031895 0.593750
v -0.152302 -0.047045 0.593750
v -0.147040 -0.061751 0.593750
v -0.140362 -0.075870 0.593750
v -0.132333 -0.089267 0.593750
v -0.123028 -0.101812 0.593750
v -0.112540 -0.113385 0.593750
v -0.100967 -0.123873 0.593750
v -0.088422 -0.133178 0.593750
v -0.075025 -0.141207 0.593750
v -0.060906 -0.147885 0.593750
v -0.046200 -0.153147 0.593750
v -0.031050 -0.156942 0.593750
v -0.015600 -0.159234 0.593750
v 0.000000 -0.160000 0.593750
v 0.015600 -0.159234 0.593750
v 0.031050 -0.156942 0.593750
v 0.046200 -0.153147 0.593750
v 0.060906 -0.147885 0.593750
v 0.075025 -0.141207 0.593750
v 0.088422 -0.133178 0.593750
v 0.100967 -0.123873 0.593750
v 0.112540 -0.113385 0.593750
v 0.123028 -0.101812 0.593750
v 0.132333 -0.089267 0.593750
v 0.140362 -0.075870 0.593750
v 0.147040 -0.061751 0.593750
v 0.152302 -0.047045 0.593750
v 0.156097 -0.031895 0.593750
v 0.158389 -0.016445 0.593750
v 0.159155 -0.000845 0.593750
v 0.158389 0.014755 0.593750
v 0.156097 0.030205 0.593750
v 0.152302 0.045355 0.593750
v 0.147040 0.060061 0.593750
v 0.140362 0.074180 0.593750
v 0.132332 0.087577 0.593750
v 0.123028 0.100122 0.593750
v 0.112540 0.111695 0.593750
v 0.100967 0.122183 0.593750
v 0.088422 0.131488 0.593750
v 0.075025 0.139517 0.593750
v 0.060906 0.146195 0.593750
v 0.046200 0.151457 0.593750
v 0.031050 0.155252 0.593750
v 0.015600 0.157544 0.593750
v 0.000000 0.158310 0.593750
v 0.000000 0.158310 0.562500
v -0.015600 0.157544 0.562500
v -0.031050 0.155252 0.562500
v -0.046200 0.151457 0.562500
v -0.060906 0.146195 0.562500
v -0.075025 0.139517 0.562500
v -0.088422 0.131487 0.562500
v -0.100967 0.122183 0.562500
v -0.112540 0.111695 0.562500
v -0.123028 0.100122 0.562500
v -0.132332 0.087577 0.562500
v -0.140362 0.074180 0.562500
v -0.147040 0.060061 0.562500
v -0.152302 0.045355 0.562500
v -0.156097 0.030205 0.562500
v -0.158389 0.014755 0.562500
v -0.159155 -0.000845 0.562500
v -0.158389 -0.016445 0.562500
v -0.156097 -0.031895 0.562500
v -0.152302 -0.047045 0.562500
v -0.147040 -0.061751 0.562500
v -0.140362 -0.075870 0.562500
v -0.132333 -0.089267 0.562500
v -0.123028 -0.101812 0.562500
v -0.112540 -0.113385 0.562500
v -0.100967 -0.123873 0.562500
v -0.088422 -0.133178 0.562500
v -0.075025 -0.141207 0.562500
v -0.060906 -0.147885 0.562500
v -0.046200 -0.153147 0.562500
v -0.031050 -0.156942 0.562500
v -0.015600 -0.159234 0.562500
v 0.000000 -0.160000 0.562500
v 0.015600 -0.159234 0.562500
v 0.031050 -0.156942 0.562500
v 0.046200 -0.153147 0.562500
v 0.060906 -0.147885 0.562500
v 0.075025 -0.141207 0.562500
v 0.088422 -0.133178 0.562500
v 0.100967 -0.123873 0.562500
v 0.112540 -0.113385 0.562500
v 0.123028 -0.101812 0.562500
v 0.132333 -0.089267 0.562500
v 0.140362 -0.075870 0.562500
v 0.147040 -0.061751 0.562500
v 0.152302 -0.047045 0.562500
v 0.156097 -0.031895 0.562500
v 0.158389 -0.016445 0.562500
v 0.159155 -0.000845 0.562500
v 0.158389 0.014755 0.562500
v 0.156097 0.030205 0.562500
v 0.152302 0.045355 0.562500
v 0.147040 0.060061 0.562500
v 0.140362 0.074180 0.562500
v 0.132332 0.087577 0.562500
v 0.123028 0.100122 0.562500
v 0.112540 0.111695 0.562500
v 0.100967 0.122183 0.562500
v 0.088422 0.131487 0.562500
v 0.075025 0.139517 0.562500
v 0.060906 0.146195 0.562500
v 0.046200 0.151457 0.562500
v 0.031050 0.155252 0.562500
v 0.015600 0.157544 0.562500
v 0.000000 0.158310 0.531250
v -0.015600 0.157544 0.531250
v -0.031050 0.155252 0.531250
v -0.046200 0.151457 0.531250
v -0.060906 0.146195 0.531250
v -0.075025 0.139517 0.531250
v -0.088422 0.131487 0.531250
v -0.100967 0.122183 0.531250
v -0.112540 0.111695 0.531250
v -0.123028 0.100122 0.531250
v -0.132332 0.087577 0.531250
v -0.140362 0.074180 0.531250
v -0.147040 0.060061 0.531250
v -0.152302 0.045355 0.531250
v -0.156097 0.030205 0.531250
v -0.158389 0.014755 0.531250
v -0.159155 -0.000845 0.531250
v -0.158389 -0.016445 0.531250
v -0.156097 -0.031895 0.531250
v -0.152302 -0.047045 0.531250
v -0.147040 -0.061751 0.531250
v -0.140362 -0.075870 0.531250
v -0.132333 -0.089267 0.531250
v -0.123028 -0.101812 0.531250
v -0.112540 -0.113385 0.531250
v -0.100967 -0.123873 0.531250
v -0.088422 -0.133178 0.531250
v -0.075025 -0.141207 0.531250
v -0.060906 -0.147885 0.531250
v -0.046200 -0.153147 0.531250
v -0.031050 -0.156942 0.531250
v -0.015600 -0.159234 0.531250
v 0.000000 -0.160000 0.531250
v 0.015600 -0.159234 0.531250
v 0.031050 -0.156942 0.531250
v 0.046200 -0.153147 0.531250
v 0.060906 -0.147885 0.531250
v 0.075025 -0.141207 0.531250
v 0.088422 -0.133178 0.531250
v 0.100967 -0.123873 0.531250
v 0.112540 -0.113385 0.531250
v 0.123028 -0.101812 0.531250
v 0.132333 -0.089267 0.531250
v 0.140362 -0.075870 0.531250
v 0.147040 -0.061751 0.531250
v 0.152302 -0.047045 0.531250
v 0.156097 -0.031895 0.531250
v 0.158389 -0.016445 0.531250
v 0.159155 -0.000845 0.531250
v 0.158389 0.014755 0.531250
v 0.156097 0.030205 0.531250
v 0.152302 0.045355 0.531250
v 0.147040 0.060061 0.531250
v 0.140362 0.074180 0.531250
v 0.132332 0.087577 0.531250
v 0.123028 0.100122 0.531250
v 0.112540 0.111695 0.531250
v 0.100967 0.122183 0.531250
v 0.088422 0.131487 0.531250
v 0.075025 0.139517 0.531250
v 0.060906 0.146195 0.531250
v 0.046200 0.151457 0.531250
v 0.031050 0.155252 0.531250
v 0.015600 0.157544 0.531250
v 0.000000 0.158310 0.500000
v -0.015600 0.157544 0.500000
v -0.031050 0.155252 0.500000
v -0.046200 0.151457 0.500000
v -0.060906 0.146195 0.500000
v -0.075025 0.139517 0.500000
v -0.088422 0.131487 0.500000
v -0.100967 0.122183 0.500000
v -0.112540 0.111695 0.500000
v -0.123028 0.100122 0.500000
v -0.132332 0.087577 0.500000
v -0.140362 0.074180 0.500000
v -0.147040 0.060061 0.500000
v -0.152302 0.045355 0.500000
v -0.156097 0.030205 0.500000
v -0.158389 0.014755 0.500000
v -0.159155 -0.000845 0.500000
v -0.158389 -0.016445 0.500000
v -0.156097 -0.031895 0.500000
v -0.152302 -0.047045 0.500000
v -0.147040 -0.061751 0.500000
v -0.140362 -0.075870 0.500000
v -0.132333 -0.089267 0.500000
v -0.123028 -0.101812 0.500000
v -0.112540 -0.113385 0.500000
v -0.100967 -0.123873 0.500000
v -0.088422 -0.133178 0.500000
v -0.075025 -0.141207 0.500000
v -0.060906 -0.147885 0.500000
v -0.046200 -0.153147 0.500000
v -0.031050 -0.156942 0.500000
v -0.015600 -0.159234 0.500000
v 0.000000 -0.160000 0.500000
v 0.015600 -0.159234 0.500000
v 0.031050 -0.156942 0.500000
v 0.046200 -0.153147 0.500000
v 0.060906 -0.147885 0.500000
v 0.075025 -0.141207 0.500000
v 0.088422 -0.133178 0.500000
v 0.100967 -0.123873 0.500000
v 0.112540 -0.113385 0.500000
v 0.123028 -0.101812 0.500000
v 0.132333 -0.089267 0.500000
v 0.140362 -0.075870 0.500000
v 0.147040 -0.061751 0.500000
v 0.152302 -0.047045 0.500000
v 0.156097 -0.031895 0.500000
v 0.158389 -0.016445 0.500000
v 0.159155 -0.000845 0.500000
v 0.158389 0.014755 0.500000
v 0.156097 0.030205 0.500000
v 0.152302 0.045355 0.500000
v 0.147040 0.060061 0.500000
v 0.140362 0.074180 0.500000
v 0.132332 0.087577 0.500000
v 0.123028 0.100122 0.500000
v 0.112540 0.111695 0.500000
v 0.100967 0.122183 0.500000
v 0.088422 0.131487 0.500000
v 0.075025 0.139517 0.500000
v 0.060906 0.146195 0.500000
v 0.046200 0.151457 0.500000
v 0.031050 0.155252 0.500000
v 0.015600 0.157544 0.500000
v -0.015600 0.157544 0.468750
v -0.031050 0.155252 0.468750
v -0.046200 0.151457 0.468750
v -0.060906 0.146195 0.468750
v -0.075025 0.139517 0.468750
v -0.088422 0.131487 0.468750
v -0.100967 0.122183 0.468750
v -0.112540 0.111695 0.468750
v -0.123028 0.100122 0.468750
v -0.132332 0.087577 0.468750
v -0.140362 0.074180 0.468750
v -0.147040 0.060061 0.468750
v -0.152302 0.045355 0.468750
v -0.156097 0.030205 0.468750
v -0.158389 0.014755 0.468750
v -0.159155 -0.000845 0.468750
v -0.158389 -0.016445 0.468750
v -0.156097 -0.031895 0.468750
v -0.152302 -0.047045 0.468750
v -0.147040 -0.061751 0.468750
v -0.140362 -0.075870 0.468750
v -0.132333 -0.089267 0.468750
v -0.123028 -0.101812 0.468750
v -0.112540 -0.113385 0.468750
v -0.100967 -0.123873 0.468750
v -0.088422 -0.133178 0.468750
v -0.075025 -0.141207 0.468750
v -0.060906 -0.147885 0.468750
v -0.046200 -0.153147 0.468750
v -0.031050 -0.156942 0.468750
v -0.015600 -0.159234 0.468750
v 0.000000 -0.160000 0.468750
v 0.015600 -0.159234 0.468750
v 0.031050 -0.156942 0.468750
v 0.046200 -0.153147 0.468750
v 0.060906 -0.147885 0.468750
v 0.075025 -0.141207 0.468750
v 0.088422 -0.133178 0.468750
v 0.100967 -0.123873 0.468750
v 0.112540 -0.113385 0.468750
v 0.123028 -0.101812 0.468750
v 0.132333 -0.089267 0.468750
v 0.140362 -0.075870 0.468750
v 0.147040 -0.061751 0.468750
v 0.152302 -0.047045 0.468750
v 0.156097 -0.031895 0.468750
v 0.158389 -0.016445 0.468750
v 0.159155 -0.000845 0.468750
v 0.158389 0.014755 0.468750
v 0.156097 0.030205 0.468750
v 0.152302 0.045355 0.468750
v 0.147040 0.060061 0.468750
v 0.140362 0.074180 0.468750
v 0.132332 0.087577 0.468750
v 0.123028 0.100122 0.468750
v 0.112540 0.111695 0.468750
v 0.100967 0.122183 0.468750
v 0.088422 0.131487 0.468750
v 0.075025 0.139517 0.468750
v 0.060906 0.146195 0.468750
v 0.046200 0.151457 0.468750
v 0.031050 0.155252 0.468750
v 0.015600 0.157544 0.468750
v 0.000000 0.158310 0.468750
v -0.015600 0.157544 0.437500
v -0.031050 0.155252 0.437500
v -0.046200 0.151457 0.437500
v -0.060906 0.146195 0.437500
v -0.075025 0.139517 0.437500
v -0.088422 0.131487 0.437500
v -0.100967 0.122183 0.437500
v -0.112540 0.111695 0.437500
v -0.123028 0.100122 0.437500
v -0.132332 0.087577 0.437500
v -0.140362 0.074180 0.437500
v -0.147040 0.060061 0.437500
v -0.152302 0.045355 0.437500
v -0.156097 0.030205 0.437500
v -0.158389 0.014755 0.437500
v -0.159155 -0.000845 0.437500
v -0.158389 -0.016445 0.437500
v -0.156097 -0.031895 0.437500
v -0.152302 -0.047045 0.437500
v -0.147040 -0.061751 0.437500
v -0.140362 -0.075870 0.437500
v -0.132333 -0.089267 0.437500
v -0.123028 -0.101812 0.437500
v -0.112540 -0.113385 0.437500
v -0.100967 -0.123873 0.437500
v -0.088422 -0.133178 0.437500
v -0.075025 -0.141207 0.437500
v -0.060906 -0.147885 0.437500
v -0.046200 -0.153147 0.437500
v -0.031050 -0.156942 0.437500
v -0.015600 -0.159234 0.437500
v 0.000000 -0.160000 0.437500
v 0.015600 -0.159234 0.437500
v 0.031050 -0.156942 0.437500
v 0.046200 -0.153147 0.437500
v 0.060906 -0.147885 0.437500
v 0.075025 -0.141207 0.437500
v 0.088422 -0.133178 0.437500
v 0.100967 -0.123873 0.437500
v 0.112540 -0.113385 0.437500
v 0.123028 -0.101812 0.437500
v 0.132333 -0.089267 0.437500
v 0.140362 -0.075870 0.437500
v 0.147040 -0.061751 0.437500
v 0.152302 -0.047045 0.437500
v 0.156097 -0.031895 0.437500
v 0.158389 -0.016445 0.437500
v 0.159155 -0.000845 0.437500
v 0.158389 0.014755 0.437500
v 0.156097 0.030205 0.437500
v 0.152302 0.045355 0.437500
v 0.147040 0.060061 0.437500
v 0.140362 0.074180 0.437500
v 0.132332 0.087577 0.437500
v 0.123028 0.100122 0.437500
v 0.112540 0.111695 0.437500
v 0.100967 0.122183 0.437500
v 0.088422 0.131487 0.437500
v 0.075025 0.139517 0.437500
v 0.060906 0.146195 0.437500
v 0.046200 0.151457 0.437500
v 0.031050 0.155252 0.437500
v 0.015600 0.157544 0.437500
v 0.000000 0.158310 0.437500
v -0.015600 0.157544 0.406250
v -0.031050 0.155252 0.406250
v -0.046200 0.151457 0.406250
v -0.060906 0.146195 0.406250
v -0.075025 0.139517 0.406250
v -0.088422 0.131487 0.406250
v -0.100967 0.122183 0.406250
v -0.112540 0.111695 0.406250
v -0.123028 0.100122 0.406250
v -0.132332 0.087577 0.406250
v -0.140362 0.074180 0.406250
v -0.147040 0.060061 0.406250
v -0.152302 0.045355 0.406250
v -0.156097 0.030205 0.406250
v -0.158389 0.014755 0.406250
v -0.159155 -0.000845 0.406250
v -0.158389 -0.016445 0.406250
v -0.156097 -0.031895 0.406250
v -0.152302 -0.047045 0.406250
v -0.147040 -0.061751 0.406250
v -0.140362 -0.075870 0.406250
v -0.132333 -0.089267 0.406250
v -0.123028 -0.101812 0.406250
v -0.112540 -0.113385 0.406250
v -0.100967 -0.123873 0.406250
v -0.088422 -0.133178 0.406250
v -0.075025 -0.141207 0.406250
v -0.060906 -0.147885 0.406250
v -0.046200 -0.153147 0.406250
v -0.031050 -0.156942 0.406250
v -0.015600 -0.159234 0.406250
v 0.000000 -0.160000 0.406250
v 0.015600 -0.159234 0.406250
v 0.031050 -0.156942 0.406250
v 0.046200 -0.153147 0.406250
v 0.060906 -0.147885 0.406250
v 0.075025 -0.141207 0.406250
v 0.088422 -0.133178 0.406250
v 0.100967 -0.123873 0.406250
v 0.112540 -0.113385 0.406250
v 0.123028 -0.101812 0.406250
v 0.132333 -0.089267 0.406250
v 0.140362 -0.075870 0.406250
v 0.147040 -0.061751 0.406250
v 0.152302 -0.047045 0.406250
v 0.156097 -0.031895 0.406250
v 0.158389 -0.016445 0.406250
v 0.159155 -0.000845 0.406250
v 0.158389 0.014755 0.406250
v 0.156097 0.030205 0.406250
v 0.152302 0.045355 0.406250
v 0.147040 0.060061 0.406250
v 0.140362 0.074180 0.406250
v 0.132332 0.087577 0.406250
v 0.123028 0.100122 0.406250
v 0.112540 0.111695 0.406250
v 0.100967 0.122183 0.406250
v 0.088422 0.131487 0.406250
v 0.075025 0.139517 0.406250
v 0.060906 0.146195 0.406250
v 0.046200 0.151457 0.406250
v 0.031050 0.155252 0.406250
v 0.015600 0.157544 0.406250
v 0.000000 0.158310 0.406250
v -0.015600 0.157544 0.375000
v -0.031050 0.155252 0.375000
v -0.046200 0.151457 0.375000
v -0.060906 0.146195 0.375000
v -0.075025 0.139517 0.375000
v -0.088422 0.131487 0.375000
v -0.100967 0.122183 0.375000
v -0.112540 0.111695 0.375000
v -0.123028 0.100122 0.375000
v -0.132332 0.087577 0.375000
v -0.140362 0.074180 0.375000
v -0.147040 0.060061 0.375000
v -0.152302 0.045355 0.375000
v -0.156097 0.030205 0.375000
v -0.158389 0.014755 0.375000
v -0.159155 -0.000845 0.375000
v -0.158389 -0.016445 0.375000
v -0.156097 -0.031895 0.375000
v -0.152302 -0.047045 0.375000
v -0.147040 -0.061751 0.375000
v -0.140362 -0.075870 0.375000
v -0.132333 -0.089267 0.375000
v -0.123028 -0.101812 0.375000
v -0.112540 -0.113385 0.375000
v -0.100967 -0.123873 0.375000
v -0.088422 -0.133178 0.375000
v -0.075025 -0.141207 0.375000
v -0.060906 -0.147885 0.375000
v -0.046200 -0.153147 0.375000
v -0.031050 -0.156942 0.375000
v -0.015600 -0.159234 0.375000
v 0.000000 -0.160000 0.375000
v 0.015600 -0.159234 0.375000
v 0.031050 -0.156942 0.375000
v 0.046200 -0.153147 0.375000
v 0.060906 -0.147885 0.375000
v 0.075025 -0.141207 0.375000
v 0.088422 -0.133178 0.375000
v 0.100967 -0.123873 0.375000
v 0.112540 -0.113385 0.375000
v 0.123028 -0.101812 0.375000
v 0.132333 -0.089267 0.375000
v 0.140362 -0.075870 0.375000
v 0.147040 -0.061751 0.375000
v 0.152302 -0.047045 0.375000
v 0.156097 -0.031895 0.375000
v 0.158389 -0.016445 0.375000
v 0.159155 -0.000845 0.375000
v 0.158389 0.014755 0.375000
v 0.156097 0.030205 0.375000
v 0.152302 0.045355 0.375000
v 0.147040 0.060061 0.375000
v 0.140362 0.074180 0.375000
v 0.132332 0.087577 0.375000
v 0.123028 0.100122 0.375000
v 0.112540 0.111695 0.375000
v 0.100967 0.122183 0.375000
v 0.088422 0.131487 0.375000
v 0.075025 0.139517 0.375000
v 0.060906 0.146195 0.375000
v 0.046200 0.151457 0.375000
v 0.031050 0.155252 0.375000
v 0.015600 0.157544 0.375000
v 0.000000 0.158310 0.375000
v -0.015600 0.157544 0.343750
v -0.031050 0.155252 0.343750
v -0.046200 0.151457 0.343750
v -0.060906 0.146195 0.343750
v -0.075025 0.139517 0.343750
v -0.088422 0.131487 0.343750
v -0.100967 0.122183 0.343750
v -0.112540 0.111695 0.343750
v -0.123028 0.100122 0.343750
v -0.132332 0.087577 0.343750
v -0.140362 0.074180 0.343750
v -0.147040 0.060061 0.343750
v -0.152302 0.045355 0.343750
v -0.156097 0.030205 0.343750
v -0.158389 0.014755 0.343750
v -0.159155 -0.000845 0.343750
v -0.158389 -0.016445 0.343750
v -0.156097 -0.031895 0.343750
v -0.152302 -0.047045 0.343750
v -0.147040 -0.061751 0.343750
v -0.140362 -0.075870 0.343750
v -0.132333 -0.089267 0.343750
v -0.123028 -0.101812 0.343750
v -0.112540 -0.113385 0.343750
v -0.100967 -0.123873 0.343750
v -0.088422 -0.133178 0.343750
v -0.075025 -0.141207 0.343750
v -0.060906 -0.147885 0.343750
v -0.046200 -0.153147 0.343750
v -0.031050 -0.156942 0.343750
v -0.015600 -0.159234 0.343750
v 0.000000 -0.160000 0.343750
v 0.015600 -0.159234 0.343750
v 0.031050 -0.156942 0.343750
v 0.046200 -0.153147 0.343750
v 0.060906 -0.147885 0.343750
v 0.075025 -0.141207 0.343750
v 0.088422 -0.133178 0.343750
v 0.100967 -0.123873 0.343750
v 0.112540 -0.113385 0.343750
v 0.123028 -0.101812 0.343750
v 0.132333 -0.089267 0.343750
v 0.140362 -0.075870 0.343750
v 0.147040 -0.061751 0.343750
v 0.152302 -0.047045 0.343750
v 0.156097 -0.031895 0.343750
v 0.158389 -0.016445 0.343750
v 0.159155 -0.000845 0.343750
v 0.158389 0.014755 0.343750
v 0.156097 0.030205 0.343750
v 0.152302 0.045355 0.343750
v 0.147040 0.060061 0.343750
v 0.140362 0.074180 0.343750
v 0.132332 0.087577 0.343750
v 0.123028 0.100122 0.343750
v 0.112540 0.111695 0.343750
v 0.100967 0.122183 0.343750
v 0.088422 0.131487 0.343750
v 0.075025 0.139517 0.343750
v 0.060906 0.146195 0.343750
v 0.046200 0.151457 0.343750
v 0.031050 0.155252 0.343750
v 0.015600 0.157544 0.343750
v 0.000000 0.158310 0.343750
v 0.000000 0.158310 0.312500
v -0.015600 0.157544 0.312500
v -0.031050 0.155252 0.312500
v -0.046200 0.151457 0.312500
v -0.060906 0.146195 0.312500
v -0.075025 0.139517 0.312500
v -0.088422 0.131487 0.312500
v -0.100967 0.122183 0.312500
v -0.112540 0.111695 0.312500
v -0.123028 0.100122 0.312500
v -0.132332 0.087577 0.312500
v -0.140362 0.074180 0.312500
v -0.147040 0.060061 0.312500
v -0.152302 0.045355 0.312500
v -0.156097 0.030205 0.312500
v -0.158389 0.014755 0.312500
v -0.159155 -0.000845 0.312500
v -0.158389 -0.016445 0.312500
v -0.156097 -0.031895 0.312500
v -0.152302 -0.047045 0.312500
v -0.147040 -0.061751 0.312500
v -0.140362 -0.075870 0.312500
v -0.132333 -0.089267 0.312500
v -0.123028 -0.101812 0.312500
v -0.112540 -0.113385 0.312500
v -0.100967 -0.123873 0.312500
v -0.088422 -0.133178 0.312500
v -0.075025 -0.141207 0.312500
v -0.060906 -0.147885 0.312500
v -0.046200 -0.153147 0.312500
v -0.031050 -0.156942 0.312500
v -0.015600 -0.159234 0.312500
v 0.000000 -0.160000 0.312500
v 0.015600 -0.159234 0.312500
v 0.031050 -0.156942 0.312500
v 0.046200 -0.153147 0.312500
v 0.060906 -0.147885 0.312500
v 0.075025 -0.141207 0.312500
v 0.088422 -0.133178 0.312500
v 0.100967 -0.123873 0.312500
v 0.112540 -0.113385 0.312500
v 0.123028 -0.101812 0.312500
v 0.132333 -0.089267 0.312500
v 0.140362 -0.075870 0.312500
v 0.147040 -0.061751 0.312500
v 0.152302 -0.047045 0.312500
v 0.156097 -0.031895 0.312500
v 0.158389 -0.016445 0.312500
v 0.159155 -0.000845 0.312500
v 0.158389 0.014755 0.312500
v 0.156097 0.030205 0.312500
v 0.152302 0.045355 0.312500
v 0.147040 0.060061 0.312500
v 0.140362 0.074180 0.312500
v 0.132332 0.087577 0.312500
v 0.123028 0.100122 0.312500
v 0.112540 0.111695 0.312500
v 0.100967 0.122183 0.312500
v 0.088422 0.131487 0.312500
v 0.075025 0.139517 0.312500
v 0.060906 0.146195 0.312500
v 0.046200 0.151457 0.312500
v 0.031050 0.155252 0.312500
v 0.015600 0.157544 0.312500
v 0.000000 0.158310 0.281250
v -0.015600 0.157544 0.281250
v -0.031050 0.155252 0.281250
v -0.046200 0.151457 0.281250
v -0.060906 0.146195 0.281250
v -0.075025 0.139517 0.281250
v -0.088422 0.131487 0.281250
v -0.100967 0.122183 0.281250
v -0.112540 0.111695 0.281250
v -0.123028 0.100122 0.281250
v -0.132332 0.087577 0.281250
v -0.140362 0.074180 0.281250
v -0.147040 0.060061 0.281250
v -0.152302 0.045355 0.281250
v -0.156097 0.030205 0.281250
v -0.158389 0.014755 0.281250
v -0.159155 -0.000845 0.281250
v -0.158389 -0.016445 0.281250
v -0.156097 -0.031895 0.281250
v -0.152302 -0.047045 0.281250
v -0.147040 -0.061751 0.281250
v -0.140362 -0.075870 0.281250
v -0.132333 -0.089267 0.281250
v -0.123028 -0.101812 0.281250
v -0.112540 -0.113385 0.281250
v -0.100967 -0.123873 0.281250
v -0.088422 -0.133178 0.281250
v -0.075025 -0.141207 0.281250
v -0.060906 -0.147885 0.281250
v -0.046200 -0.153147 0.281250
v -0.031050 -0.156942 0.281250
v -0.015600 -0.159234 0.281250
v 0.000000 -0.160000 0.281250
v 0.015600 -0.159234 0.281250
v 0.031050 -0.156942 0.281250
v 0.046200 -0.153147 0.281250
v 0.060906 -0.147885 0.281250
v 0.075025 -0.141207 0.281250
v 0.088422 -0.133178 0.281250
v 0.100967 -0.123873 0.281250
v 0.112540 -0.113385 0.281250
v 0.123028 -0.101812 0.281250
v 0.132333 -0.089267 0.281250
v 0.140362 -0.075870 0.281250
v 0.147040 -0.061751 0.281250
v 0.152302 -0.047045 0.281250
v 0.156097 -0.031895 0.281250
v 0.158389 -0.016445 0.281250
v 0.159155 -0.000845 0.281250
v 0.158389 0.014755 0.281250
v 0.156097 0.030205 0.281250
v 0.152302 0.045355 0.281250
v 0.147040 0.060061 0.281250
v 0.140362 0.074180 0.281250
v 0.132332 0.087577 0.281250
v 0.123028 0.100122 0.281250
v 0.112540 0.111695 0.281250
v 0.100967 0.122183 0.281250
v 0.088422 0.131487 0.281250
v 0.075025 0.139517 0.281250
v 0.060906 0.146195 0.281250
v 0.046200 0.151457 0.281250
v 0.031050 0.155252 0.281250
v 0.015600 0.157544 0.281250
v -0.015600 0.157544 0.250000
v -0.031050 0.155252 0.250000
v -0.046200 0.151457 0.250000
v -0.060906 0.146195 0.250000
v -0.075025 0.139517 0.250000
v -0.088422 0.131487 0.250000
v -0.100967 0.122183 0.250000
v -0.112540 0.111695 0.250000
v -0.123028 0.100122 0.250000
v -0.132332 0.087577 0.250000
v -0.140362 0.074180 0.250000
v -0.147040 0.060061 0.250000
v -0.152302 0.045355 0.250000
v -0.156097 0.030205 0.250000
v -0.158389 0.014755 0.250000
v -0.159155 -0.000845 0.250000
v -0.158389 -0.016445 0.250000
v -0.156097 -0.031895 0.250000
v -0.152302 -0.047045 0.250000
v -0.147040 -0.061751 0.250000
v -0.140362 -0.075870 0.250000
v -0.132333 -0.089267 0.250000
v -0.123028 -0.101812 0.250000
v -0.112540 -0.113385 0.250000
v -0.100967 -0.123873 0.250000
v -0.088422 -0.133178 0.250000
v -0.075025 -0.141207 0.250000
v -0.060906 -0.147885 0.250000
v -0.046200 -0.153147 0.250000
v -0.031050 -0.156942 0.250000
v -0.015600 -0.159234 0.250000
v 0.000000 -0.160000 0.250000
v 0.015600 -0.159234 0.250000
v 0.031050 -0.156942 0.250000
v 0.046200 -0.153147 0.250000
v 0.060906 -0.147885 0.250000
v 0.075025 -0.141207 0.250000
v 0.088422 -0.133178 0.250000
v 0.100967 -0.123873 0.250000
v 0.112540 -0.113385 0.250000
v 0.123028 -0.101812 0.250000
v 0.132333 -0.089267 0.250000
v 0.140362 -0.075870 0.250000
v 0.147040 -0.061751 0.250000
v 0.152302 -0.047045 0.250000
v 0.156097 -0.031895 0.250000
v 0.158389 -0.016445 0.250000
v 0.159155 -0.000845 0.250000
v 0.158389 0.014755 0.250000
v 0.156097 0.030205 0.250000
v 0.152302 0.045355 0.250000
v 0.147040 0.060061 0.250000
v 0.140362 0.074180 0.250000
v 0.132332 0.087577 0.250000
v 0.123028 0.100122 0.250000
v 0.112540 0.111695 0.250000
v 0.100967 0.122183 0.250000
v 0.088422 0.131487 0.250000
v 0.075025 0.139517 0.250000
v 0.060906 0.146195 0.250000
v 0.046200 0.151457 0.250000
v 0.031050 0.155252 0.250000
v 0.015600 0.157544 0.250000
v 0.000000 0.158310 0.250000
v -0.015600 0.157544 0.218750
v -0.031050 0.155252 0.218750
v -0.046200 0.151457 0.218750
v -0.060906 0.146195 0.218750
v -0.075025 0.139517 0.218750
v -0.088422 0.131487 0.218750
v -0.100967 0.122183 0.218750
v -0.112540 0.111695 0.218750
v -0.123028 0.100122 0.218750
v -0.132332 0.087577 0.218750
v -0.140362 0.074180 0.218750
v -0.147040 0.060061 0.218750
v -0.152302 0.045355 0.218750
v -0.156097 0.030205 0.218750
v -0.158389 0.014755 0.218750
v -0.159155 -0.000845 0.218750
v -0.158389 -0.016445 0.218750
v -0.156097 -0.031895 0.218750
v -0.152302 -0.047045 0.218750
v -0.147040 -0.061751 0.218750
v -0.140362 -0.075870 0.218750
v -0.132333 -0.089267 0.218750
v -0.123028 -0.101812 0.218750
v -0.112540 -0.113385 0.218750
v -0.100967 -0.123873 0.218750
v -0.088422 -0.133178 0.218750
v -0.075025 -0.141207 0.218750
v -0.060906 -0.147885 0.218750
v -0.046200 -0.153147 0.218750
v -0.031050 -0.156942 0.218750
v -0.015600 -0.159234 0.218750
v 0.000000 -0.160000 0.218750
v 0.015600 -0.159234 0.218750
v 0.031050 -0.156942 0.218750
v 0.046200 -0.153147 0.218750
v 0.060906 -0.147885 0.218750
v 0.075025 -0.141207 0.218750
v 0.088422 -0.133178 0.218750
v 0.100967 -0.123873 0.218750
v 0.112540 -0.113385 0.218750
v 0.123028 -0.101812 0.218750
v 0.132333 -0.089267 0.218750
v 0.140362 -0.075870 0.218750
v 0.147040 -0.061751 0.218750
v 0.152302 -0.047045 0.218750
v 0.156097 -0.031895 0.218750
v 0.158389 -0.016445 0.218750
v 0.159155 -0.000845 0.218750
v 0.158389 0.014755 0.218750
v 0.156097 0.030205 0.218750
v 0.152302 0.045355 0.218750
v 0.147040 0.060061 0.218750
v 0.140362 0.074180 0.218750
v 0.132332 0.087577 0.218750
v 0.123028 0.100122 0.218750
v 0.112540 0.111695 0.218750
v 0.100967 0.122183 0.218750
v 0.088422 0.131487 0.218750
v 0.075025 0.139517 0.218750
v 0.060906 0.146195 0.218750
v 0.046200 0.151457 0.218750
v 0.031050 0.155252 0.218750
v 0.015600 0.157544 0.218750
v 0.000000 0.158310 0.218750
v 0.000000 0.158310 0.187500
v -0.015600 0.157544 0.187500
v -0.031050 0.155252 0.187500
v -0.046200 0.151457 0.187500
v -0.060906 0.146195 0.187500
v -0.075025 0.139517 0.187500
v -0.088422 0.131487 0.187500
v -0.100967 0.122183 0.187500
v -0.112540 0.111694 0.187500
v -0.123028 0.100122 0.187500
v -0.132332 0.087577 0.187500
v -0.140362 0.074180 0.187500
v -0.147040 0.060061 0.187500
v -0.152302 0.045355 0.187500
v -0.156097 0.030205 0.187500
v -0.158389 0.014755 0.187500
v -0.159155 -0.000845 0.187500
v -0.158389 -0.016445 0.187500
v -0.156097 -0.031895 0.187500
v -0.152302 -0.047045 0.187500
v -0.147040 -0.061751 0.187500
v -0.140362 -0.075870 0.187500
v -0.132333 -0.089267 0.187500
v -0.123028 -0.101812 0.187500
v -0.112540 -0.113385 0.187500
v -0.100967 -0.123873 0.187500
v -0.088422 -0.133178 0.187500
v -0.075025 -0.141207 0.187500
v -0.060906 -0.147885 0.187500
v -0.046200 -0.153147 0.187500
v -0.031050 -0.156942 0.187500
v -0.015600 -0.159234 0.187500
v 0.000000 -0.160000 0.187500
v 0.015600 -0.159234 0.187500
v 0.031050 -0.156942 0.187500
v 0.046200 -0.153147 0.187500
v 0.060906 -0.147885 0.187500
v 0.075025 -0.141207 0.187500
v 0.088422 -0.133178 0.187500
v 0.100967 -0.123873 0.187500
v 0.112540 -0.113385 0.187500
v 0.123028 -0.101812 0.187500
v 0.132333 -0.089267 0.187500
v 0.140362 -0.075870 0.187500
v 0.147040 -0.061751 0.187500
v 0.152302 -0.047045 0.187500
v 0.156097 -0.031895 0.187500
v 0.158389 -0.016445 0.187500
v 0.159155 -0.000845 0.187500
v 0.158389 0.014755 0.187500
v 0.156097 0.030205 0.187500
v 0.152302 0.045355 0.187500
v 0.147040 0.060061 0.187500
v 0.140362 0.074180 0.187500
v 0.132332 0.087577 0.187500
v 0.123028 0.100122 0.187500
v 0.112540 0.111694 0.187500
v 0.100967 0.122183 0.187500
v 0.088422 0.131487 0.187500
v 0.075025 0.139517 0.187500
v 0.060906 0.146195 0.187500
v 0.046200 0.151457 0.187500
v 0.031050 0.155252 0.187500
v 0.015600 0.157544 0.187500
v 0.000000 0.158310 0.156250
v -0.015600 0.157544 0.156250
v -0.031050 0.155252 0.156250
v -0.046200 0.151457 0.156250
v -0.060906 0.146195 0.156250
v -0.075025 0.139517 0.156250
v -0.088422 0.131487 0.156250
v -0.100967 0.122183 0.156250
v -0.112540 0.111694 0.156250
v -0.123028 0.100122 0.156250
v -0.132332 0.087577 0.156250
v -0.140362 0.074180 0.156250
v -0.147040 0.060061 0.156250
v -0.152302 0.045355 0.156250
v -0.156097 0.030205 0.156250
v -0.158389 0.014755 0.156250
v -0.159155 -0.000845 0.156250
v -0.158389 -0.016445 0.156250
v -0.156097 -0.031895 0.156250
v -0.152302 -0.047045 0.156250
v -0.147040 -0.061751 0.156250
v -0.140362 -0.075870 0.156250
v -0.132333 -0.089267 0.156250
v -0.123028 -0.101812 0.156250
v -0.112540 -0.113385 0.156250
v -0.100967 -0.123873 0.156250
v -0.088422 -0.133178 0.156250
v -0.075025 -0.141207 0.156250
v -0.060906 -0.147885 0.156250
v -0.046200 -0.153147 0.156250
v -0.031050 -0.156942 0.156250
v -0.015600 -0.159234 0.156250
v 0.000000 -0.160000 0.156250
v 0.015600 -0.159234 0.156250
v 0.031050 -0.156942 0.156250
v 0.046200 -0.153147 0.156250
v 0.060906 -0.147885 0.156250
v 0.075025 -0.141207 0.156250
v 0.088422 -0.133178 0.156250
v 0.100967 -0.123873 0.156250
v 0.112540 -0.113385 0.156250
v 0.123028 -0.101812 0.156250
v 0.132333 -0.089267 0.156250
v 0.140362 -0.075870 0.156250
v 0.147040 -0.061751 0.156250
v 0.152302 -0.047045 0.156250
v 0.156097 -0.031895 0.156250
v 0.158389 -0.016445 0.156250
v 0.159155 -0.000845 0.156250
v 0.158389 0.014755 0.156250
v 0.156097 0.030205 0.156250
v 0.152302 0.045355 0.156250
v 0.147040 0.060061 0.156250
v 0.140362 0.074180 0.156250
v 0.132332 0.087577 0.156250
v 0.123028 0.100122 0.156250
v 0.112540 0.111694 0.156250
v 0.100967 0.122183 0.156250
v 0.088422 0.131487 0.156250
v 0.075025 0.139517 0.156250
v 0.060906 0.146195 0.156250
v 0.046200 0.151457 0.156250
v 0.031050 0.155252 0.156250
v 0.015600 0.157544 0.156250
v 0.000000 0.158310 0.125000
v -0.015600 0.157544 0.125000
v -0.031050 0.155252 0.125000
v -0.046200 0.151457 0.125000
v -0.060906 0.146195 0.125000
v -0.075025 0.139517 0.125000
v -0.088422 0.131487 0.125000
v -0.100967 0.122183 0.125000
v -0.112540 0.111694 0.125000
v -0.123028 0.100122 0.125000
v -0.132332 0.087577 0.125000
v -0.140362 0.074180 0.125000
v -0.147040 0.060061 0.125000
v -0.152302 0.045355 0.125000
v -0.156097 0.030205 0.125000
v -0.158389 0.014755 0.125000
v -0.159155 -0.000845 0.125000
v -0.158389 -0.016445 0.125000
v -0.156097 -0.031895 0.125000
v -0.152302 -0.047045 0.125000
v -0.147040 -0.061751 0.125000
v -0.140362 -0.075870 0.125000
v -0.132333 -0.089267 0.125000
v -0.123028 -0.101812 0.125000
v -0.112540 -0.113385 0.125000
v -0.100967 -0.123873 0.125000
v -0.088422 -0.133178 0.125000
v -0.075025 -0.141207 0.125000
v -0.060906 -0.147885 0.125000
v -0.046200 -0.153147 0.125000
v -0.031050 -0.156942 0.125000
v -0.015600 -0.159234 0.125000
v 0.000000 -0.160000 0.125000
v 0.015600 -0.159234 0.125000
v 0.031050 -0.156942 0.125000
v 0.046200 -0.153147 0.125000
v 0.060906 -0.147885 0.125000
v 0.075025 -0.141207 0.125000
v 0.088422 -0.133178 0.125000
v 0.100967 -0.123873 0.125000
v 0.112540 -0.113385 0.125000
v 0.123028 -0.101812 0.125000
v 0.132333 -0.089267 0.125000
v 0.140362 -0.075870 0.125000
v 0.147040 -0.061751 0.125000
v 0.152302 -0.047045 0.125000
v 0.156097 -0.031895 0.125000
v 0.158389 -0.016445 0.125000
v 0.159155 -0.000845 0.125000
v 0.158389 0.014755 0.125000
v 0.156097 0.030205 0.125000
v 0.152302 0.045355 0.125000
v 0.147040 0.060061 0.125000
v 0.140362 0.074180 0.125000
v 0.132332 0.087577 0.125000
v 0.123028 0.100122 0.125000
v 0.112540 0.111694 0.125000
v 0.100967 0.122183 0.125000
v 0.088422 0.131487 0.125000
v 0.075025 0.139517 0.125000
v 0.060906 0.146195 0.125000
v 0.046200 0.151457 0.125000
v 0.031050 0.155252 0.125000
v 0.015600 0.157544 0.125000
v -0.015600 0.157544 0.093750
v -0.031050 0.155252 0.093750
v -0.046200 0.151457 0.093750
v -0.060906 0.146195 0.093750
v -0.075025 0.139517 0.093750
v -0.088422 0.131487 0.093750
v -0.100967 0.122183 0.093750
v -0.112540 0.111694 0.093750
v -0.123028 0.100122 0.093750
v -0.132332 0.087577 0.093750
v -0.140362 0.074180 0.093750
v -0.147040 0.060061 0.093750
v -0.152302 0.045355 0.093750
v -0.156097 0.030205 0.093750
v -0.158389 0.014755 0.093750
v -0.159155 -0.000845 0.093750
v -0.158389 -0.016445 0.093750
v -0.156097 -0.031895 0.093750
v -0.152302 -0.047045 0.093750
v -0.147040 -0.061751 0.093750
v -0.140362 -0.075870 0.093750
v -0.132333 -0.089267 0.093750
v -0.123028 -0.101812 0.093750
v -0.112540 -0.113385 0.093750
v -0.100967 -0.123873 0.093750
v -0.088422 -0.133178 0.093750
v -0.075025 -0.141207 0.093750
v -0.060906 -0.147885 0.093750
v -0.046200 -0.153147 0.093750
v -0.031050 -0.156942 0.093750
v -0.015600 -0.159234 0.093750
v 0.000000 -0.160000 0.093750
v 0.015600 -0.159234 0.093750
v 0.031050 -0.156942 0.093750
v 0.046200 -0.153147 0.093750
v 0.060906 -0.147885 0.093750
v 0.075025 -0.141207 0.093750
v 0.088422 -0.133178 0.093750
v 0.100967 -0.123873 0.093750
v 0.112540 -0.113385 0.093750
v 0.123028 -0.101812 0.093750
v 0.132333 -0.089267 0.093750
v 0.140362 -0.075870 0.093750
v 0.147040 -0.061751 0.093750
v 0.152302 -0.047045 0.093750
v 0.156097 -0.031895 0.093750
v 0.158389 -0.016445 0.093750
v 0.159155 -0.000845 0.093750
v 0.158389 0.014755 0.093750
v 0.156097 0.030205 0.093750
v 0.152302 0.045355 0.093750
v 0.147040 0.060061 0.093750
v 0.140362 0.074180 0.093750
v 0.132332 0.087577 0.093750
v 0.123028 0.100122 0.093750
v 0.112540 0.111694 0.093750
v 0.100967 0.122183 0.093750
v 0.088422 0.131487 0.093750
v 0.075025 0.139517 0.093750
v 0.060906 0.146195 0.093750
v 0.046200 0.151457 0.093750
v 0.031050 0.155252 0.093750
v 0.015600 0.157544 0.093750
v 0.000000 0.158310 0.093750
v -0.015600 0.157544 0.062500
v -0.031050 0.155252 0.062500
v -0.046200 0.151457 0.062500
v -0.060906 0.146195 0.062500
v -0.075025 0.139517 0.062500
v -0.088422 0.131487 0.062500
v -0.100967 0.122183 0.062500
v -0.112540 0.111694 0.062500
v -0.123028 0.100122 0.062500
v -0.132332 0.087577 0.062500
v -0.140362 0.074180 0.062500
v -0.147040 0.060061 0.062500
v -0.152302 0.045355 0.062500
v -0.156097 0.030205 0.062500
v -0.158389 0.014755 0.062500
v -0.159155 -0.000845 0.062500
v -0.158389 -0.016445 0.062500
v -0.156097 -0.031895 0.062500
v -0.152302 -0.047045 0.062500
v -0.147040 -0.061751 0.062500
v -0.140362 -0.075870 0.062500
v -0.132333 -0.089267 0.062500
v -0.123028 -0.101812 0.062500
v -0.112540 -0.113385 0.062500
v -0.100967 -0.123873 0.062500
v -0.088422 -0.133178 0.062500
v -0.075025 -0.141207 0.062500
v -0.060906 -0.147885 0.062500
v -0.046200 -0.153147 0.062500
v -0.031050 -0.156942 0.062500
v -0.015600 -0.159234 0.062500
v 0.000000 -0.160000 0.062500
v 0.015600 -0.159234 0.062500
v 0.031050 -0.156942 0.062500
v 0.046200 -0.153147 0.062500
v 0.060906 -0.147885 0.062500
v 0.075025 -0.141207 0.062500
v 0.088422 -0.133178 0.062500
v 0.100967 -0.123873 0.062500
v 0.112540 -0.113385 0.062500
v 0.123028 -0.101812 0.062500
v 0.132333 -0.089267 0.062500
v 0.140362 -0.075870 0.062500
v 0.147040 -0.061751 0.062500
v 0.152302 -0.047045 0.062500
v 0.156097 -0.031895 0.062500
v 0.158389 -0.016445 0.062500
v 0.159155 -0.000845 0.062500
v 0.158389 0.014755 0.062500
v 0.156097 0.030205 0.062500
v 0.152302 0.045355 0.062500
v 0.147040 0.060061 0.062500
v 0.140362 0.074180 0.062500
v 0.132332 0.087577 0.062500
v 0.123028 0.100122 0.062500
v 0.112540 0.111694 0.062500
v 0.100967 0.122183 0.062500
v 0.088422 0.131487 0.062500
v 0.075025 0.139517 0.062500
v 0.060906 0.146195 0.062500
v 0.046200 0.151457 0.062500
v 0.031050 0.155252 0.062500
v 0.015600 0.157544 0.062500
v 0.000000 0.158310 0.062500
v -0.015600 0.157544 0.031250
v -0.031050 0.155252 0.031250
v -0.046200 0.151457 0.031250
v -0.060906 0.146195 0.031250
v -0.075025 0.139517 0.031250
v -0.088422 0.131487 0.031250
v -0.100967 0.122183 0.031250
v -0.112540 0.111694 0.031250
v -0.123028 0.100122 0.031250
v -0.132332 0.087577 0.031250
v -0.140362 0.074180 0.031250
v -0.147040 0.060061 0.031250
v -0.152302 0.045355 0.031250
v -0.156097 0.030205 0.031250
v -0.158389 0.014755 0.031250
v -0.159155 -0.000845 0.031250
v -0.158389 -0.016445 0.031250
v -0.156097 -0.031895 0.031250
v -0.152302 -0.047045 0.031250
v -0.147040 -0.061751 0.031250
v -0.140362 -0.075870 0.031250
v -0.132333 -0.089267 0.031250
v -0.123028 -0.101812 0.031250
v -0.112540 -0.113385 0.031250
v -0.100967 -0.123873 0.031250
v -0.088422 -0.133178 0.031250
v -0.075025 -0.141207 0.031250
v -0.060906 -0.147885 0.031250
v -0.046200 -0.153147 0.031250
v -0.031050 -0.156942 0.031250
v -0.015600 -0.159234 0.031250
v 0.000000 -0.160000 0.031250
v 0.015600 -0.159234 0.031250
v 0.031050 -0.156942 0.031250
v 0.046200 -0.153147 0.031250
v 0.060906 -0.147885 0.031250
v 0.075025 -0.141207 0.031250
v 0.088422 -0.133178 0.031250
v 0.100967 -0.123873 0.031250
v 0.112540 -0.113385 0.031250
v 0.123028 -0.101812 0.031250
v 0.132333 -0.089267 0.031250
v 0.140362 -0.075870 0.031250
v 0.147040 -0.061751 0.031250
v 0.152302 -0.047045 0.031250
v 0.156097 -0.031895 0.031250
v 0.158389 -0.016445 0.031250
v 0.159155 -0.000845 0.031250
v 0.158389 0.014755 0.031250
v 0.156097 0.030205 0.031250
v 0.152302 0.045355 0.031250
v 0.147040 0.060061 0.031250
v 0.140362 0.074180 0.031250
v 0.132332 0.087577 0.031250
v 0.123028 0.100122 0.031250
v 0.112540 0.111694 0.031250
v 0.100967 0.122183 0.031250
v 0.088422 0.131487 0.031250
v 0.075025 0.139517 0.031250
v 0.060906 0.146195 0.031250
v 0.046200 0.151457 0.031250
v 0.031050 0.155252 0.031250
v 0.015600 0.157544 0.031250
v 0.000000 0.158310 0.031250
v -0.015600 0.157544 -0.000000
v -0.031050 0.155252 -0.000000
v -0.046200 0.151457 -0.000000
v -0.060906 0.146195 -0.000000
v -0.075025 0.139517 -0.000000
v -0.088422 0.131487 -0.000000
v -0.100967 0.122183 -0.000000
v -0.112540 0.111694 -0.000000
v -0.123028 0.100122 -0.000000
v -0.132332 0.087577 -0.000000
v -0.140362 0.074180 -0.000000
v -0.147040 0.060061 -0.000000
v -0.152302 0.045355 -0.000000
v -0.156097 0.030205 -0.000000
v -0.158389 0.014755 -0.000000
v -0.159155 -0.000845 -0.000000
v -0.158389 -0.016445 -0.000000
v -0.156097 -0.031895 -0.000000
v -0.152302 -0.047045 -0.000000
v -0.147040 -0.061751 -0.000000
v -0.140362 -0.075870 -0.000000
v -0.132333 -0.089267 -0.000000
v -0.123028 -0.101812 -0.000000
v -0.112540 -0.113385 -0.000000
v -0.100967 -0.123873 -0.000000
v -0.088422 -0.133178 -0.000000
v -0.075025 -0.141207 -0.000000
v -0.060906 -0.147885 -0.000000
v -0.046200 -0.153147 -0.000000
v -0.031050 -0.156942 -0.000000
v -0.015600 -0.159234 -0.000000
v 0.000000 -0.160000 0.000000
v 0.015600 -0.159234 -0.000000
v 0.031050 -0.156942 -0.000000
v 0.046200 -0.153147 -0.000000
v 0.060906 -0.147885 -0.000000
v 0.075025 -0.141207 -0.000000
v 0.088422 -0.133178 -0.000000
v 0.100967 -0.123873 -0.000000
v 0.112540 -0.113385 -0.000000
v 0.123028 -0.101812 -0.000000
v 0.132333 -0.089267 -0.000000
v 0.140362 -0.075870 -0.000000
v 0.147040 -0.061751 -0.000000
v 0.152302 -0.047045 -0.000000
v 0.156097 -0.031895 -0.000000
v 0.158389 -0.016445 -0.000000
v 0.159155 -0.000845 -0.000000
v 0.158389 0.014755 -0.000000
v 0.156097 0.030205 -0.000000
v 0.152302 0.045355 -0.000000
v 0.147040 0.060061 -0.000000
v 0.140362 0.074180 -0.000000
v 0.132332 0.087577 -0.000000
v 0.123028 0.100122 -0.000000
v 0.112540 0.111694 -0.000000
v 0.100967 0.122183 -0.000000
v 0.088422 0.131487 -0.000000
v 0.075025 0.139517 -0.000000
v 0.060906 0.146195 -0.000000
v 0.046200 0.151457 -0.000000
v 0.031050 0.155252 -0.000000
v 0.015600 0.157544 -0.000000
v 0.000000 0.158310 -0.000000
v 0.000000 0.158310 -0.031250
v -0.015600 0.157544 -0.031250
v -0.031050 0.155252 -0.031250
v -0.046200 0.151457 -0.031250
v -0.060906 0.146195 -0.031250
v -0.075025 0.139517 -0.031250
v -0.088422 0.131487 -0.031250
v -0.100967 0.122183 -0.031250
v -0.112540 0.111694 -0.031250
v -0.123028 0.100122 -0.031250
v -0.132332 0.087577 -0.031250
v -0.140362 0.074180 -0.031250
v -0.147040 0.060061 -0.031250
v -0.152302 0.045355 -0.031250
v -0.156097 0.030205 -0.031250
v -0.158389 0.014755 -0.031250
v -0.159155 -0.000845 -0.031250
v -0.158389 -0.016445 -0.031250
v -0.156097 -0.031895 -0.031250
v -0.152302 -0.047045 -0.031250
v -0.147040 -0.061751 -0.031250
v -0.140362 -0.075870 -0.031250
v -0.132333 -0.089267 -0.031250
v -0.123028 -0.101812 -0.031250
v -0.112540 -0.113385 -0.031250
v -0.100967 -0.123873 -0.031250
v -0.088422 -0.133178 -0.031250
v -0.075025 -0.141207 -0.031250
v -0.060906 -0.147885 -0.031250
v -0.046200 -0.153147 -0.031250
v -0.031050 -0.156942 -0.031250
v -0.015600 -0.159234 -0.031250
v 0.000000 -0.160000 -0.031250
v 0.015600 -0.159234 -0.031250
v 0.031050 -0.156942 -0.031250
v 0.046200 -0.153147 -0.031250
v 0.060906 -0.147885 -0.031250
v 0.075025 -0.141207 -0.031250
v 0.088422 -0.133178 -0.031250
v 0.100967 -0.123873 -0.031250
v 0.112540 -0.113385 -0.031250
v 0.123028 -0.101812 -0.031250
v 0.132333 -0.089267 -0.031250
v 0.140362 -0.075870 -0.031250
v 0.147040 -0.061751 -0.031250
v 0.152302 -0.047045 -0.031250
v 0.156097 -0.031895 -0.031250
v 0.158389 -0.016445 -0.031250
v 0.159155 -0.000845 -0.031250
v 0.158389 0.014755 -0.031250
v 0.156097 0.030205 -0.031250
v 0.152302 0.045355 -0.031250
v 0.147040 0.060061 -0.031250
v 0.140362 0.074180 -0.031250
v 0.132332 0.087577 -0.031250
v 0.123028 0.100122 -0.031250
v 0.112540 0.111694 -0.031250
v 0.100967 0.122183 -0.031250
v 0.088422 0.131487 -0.031250
v 0.075025 0.139517 -0.031250
v 0.060906 0.146195 -0.031250
v 0.046200 0.151457 -0.031250
v 0.031050 0.155252 -0.031250
v 0.015600 0.157544 -0.031250
v 0.000000 0.158310 -0.062500
v -0.015600 0.157544 -0.062500
v -0.031050 0.155252 -0.062500
v -0.046200 0.151457 -0.062500
v -0.060906 0.146195 -0.062500
v -0.075025 0.139517 -0.062500
v -0.088422 0.131487 -0.062500
v -0.100967 0.122183 -0.062500
v -0.112540 0.111694 -0.062500
v -0.123028 0.100122 -0.062500
v -0.132332 0.087577 -0.062500
v -0.140362 0.074180 -0.062500
v -0.147040 0.060061 -0.062500
v -0.152302 0.045355 -0.062500
v -0.156097 0.030205 -0.062500
v -0.158389 0.014755 -0.062500
v -0.159155 -0.000845 -0.062500
v -0.158389 -0.016445 -0.062500
v -0.156097 -0.031895 -0.062500
v -0.152302 -0.047045 -0.062500
v -0.147040 -0.061751 -0.062500
v -0.140362 -0.075870 -0.062500
v -0.132333 -0.089267 -0.062500
v -0.123028 -0.101812 -0.062500
v -0.112540 -0.113385 -0.062500
v -0.100967 -0.123873 -0.062500
v -0.088422 -0.133178 -0.062500
v -0.075025 -0.141207 -0.062500
v -0.060906 -0.147885 -0.062500
v -0.046200 -0.153147 -0.062500
v -0.031050 -0.156942 -0.062500
v -0.015600 -0.159234 -0.062500
v 0.000000 -0.160000 -0.062500
v 0.015600 -0.159234 -0.062500
v 0.031050 -0.156942 -0.062500
v 0.046200 -0.153147 -0.062500
v 0.060906 -0.147885 -0.062500
v 0.075025 -0.141207 -0.062500
v 0.088422 -0.133178 -0.062500
v 0.100967 -0.123873 -0.062500
v 0.112540 -0.113385 -0.062500
v 0.123028 -0.101812 -0.062500
v 0.132333 -0.089267 -0.062500
v 0.140362 -0.075870 -0.062500
v 0.147040 -0.061751 -0.062500
v 0.152302 -0.047045 -0.062500
v 0.156097 -0.031895 -0.062500
v 0.158389 -0.016445 -0.062500
v 0.159155 -0.000845 -0.062500
v 0.158389 0.014755 -0.062500
v 0.156097 0.030205 -0.062500
v 0.152302 0.045355 -0.062500
v 0.147040 0.060061 -0.062500
v 0.140362 0.074180 -0.062500
v 0.132332 0.087577 -0.062500
v 0.123028 0.100122 -0.062500
v 0.112540 0.111694 -0.062500
v 0.100967 0.122183 -0.062500
v 0.088422 0.131487 -0.062500
v 0.075025 0.139517 -0.062500
v 0.060906 0.146195 -0.062500
v 0.046200 0.151457 -0.062500
v 0.031050 0.155252 -0.062500
v 0.015600 0.157544 -0.062500
v -0.015600 0.157544 -0.093750
v -0.031050 0.155252 -0.093750
v -0.046200 0.151457 -0.093750
v -0.060906 0.146195 -0.093750
v -0.075025 0.139517 -0.093750
v -0.088422 0.131487 -0.093750
v -0.100967 0.122183 -0.093750
v -0.112540 0.111694 -0.093750
v -0.123028 0.100122 -0.093750
v -0.132332 0.087577 -0.093750
v -0.140362 0.074180 -0.093750
v -0.147040 0.060061 -0.093750
v -0.152302 0.045355 -0.093750
v -0.156097 0.030205 -0.093750
v -0.158389 0.014755 -0.093750
v -0.159155 -0.000845 -0.093750
v -0.158389 -0.016445 -0.093750
v -0.156097 -0.031895 -0.093750
v -0.152302 -0.047045 -0.093750
v -0.147040 -0.061751 -0.093750
v -0.140362 -0.075870 -0.093750
v -0.132333 -0.089267 -0.093750
v -0.123028 -0.101812 -0.093750
v -0.112540 -0.113385 -0.093750
v -0.100967 -0.123873 -0.093750
v -0.088422 -0.133178 -0.093750
v -0.075025 -0.141207 -0.093750
v -0.060906 -0.147885 -0.093750
v -0.046200 -0.153147 -0.093750
v -0.031050 -0.156942 -0.093750
v -0.015600 -0.159234 -0.093750
v 0.000000 -0.160000 -0.093750
v 0.015600 -0.159234 -0.093750
v 0.031050 -0.156942 -0.093750
v 0.046200 -0.153147 -0.093750
v 0.060906 -0.147885 -0.093750
v 0.075025 -0.141207 -0.093750
v 0.088422 -0.133178 -0.093750
v 0.100967 -0.123873 -0.093750
v 0.112540 -0.113385 -0.093750
v 0.123028 -0.101812 -0.093750
v 0.132333 -0.089267 -0.093750
v 0.140362 -0.075870 -0.093750
v 0.147040 -0.061751 -0.093750
v 0.152302 -0.047045 -0.093750
v 0.156097 -0.031895 -0.093750
v 0.158389 -0.016445 -0.093750
v 0.159155 -0.000845 -0.093750
v 0.158389 0.014755 -0.093750
v 0.156097 0.030205 -0.093750
v 0.152302 0.045355 -0.093750
v 0.147040 0.060061 -0.093750
v 0.140362 0.074180 -0.093750
v 0.132332 0.087577 -0.093750
v 0.123028 0.100122 -0.093750
v 0.112540 0.111694 -0.093750
v 0.100967 0.122183 -0.093750
v 0.088422 0.131487 -0.093750
v 0.075025 0.139517 -0.093750
v 0.060906 0.146195 -0.093750
v 0.046200 0.151457 -0.093750
v 0.031050 0.155252 -0.093750
v 0.015600 0.157544 -0.093750
v 0.000000 0.158310 -0.093750
v -0.015600 0.157544 -0.125000
v -0.031050 0.155252 -0.125000
v -0.046200 0.151457 -0.125000
v -0.060906 0.146195 -0.125000
v -0.075025 0.139517 -0.125000
v -0.088422 0.131487 -0.125000
v -0.100967 0.122183 -0.125000
v -0.112540 0.111694 -0.125000
v -0.123028 0.100122 -0.125000
v -0.132332 0.087577 -0.125000
v -0.140362 0.074180 -0.125000
v -0.147040 0.060061 -0.125000
v -0.152302 0.045355 -0.125000
v -0.156097 0.030205 -0.125000
v -0.158389 0.014755 -0.125000
v -0.159155 -0.000845 -0.125000
v -0.158389 -0.016445 -0.125000
v -0.156097 -0.031895 -0.125000
v -0.152302 -0.047045 -0.125000
v -0.147040 -0.061751 -0.125000
v -0.140362 -0.075870 -0.125000
v -0.132333 -0.089267 -0.125000
v -0.123028 -0.101812 -0.125000
v -0.112540 -0.113385 -0.125000
v -0.100967 -0.123874 -0.125000
v -0.088422 -0.133178 -0.125000
v -0.075025 -0.141207 -0.125000
v -0.060906 -0.147885 -0.125000
v -0.046200 -0.153147 -0.125000
v -0.031050 -0.156942 -0.125000
v -0.015600 -0.159234 -0.125000
v 0.000000 -0.160000 -0.125000
v 0.015600 -0.159234 -0.125000
v 0.031050 -0.156942 -0.125000
v 0.046200 -0.153147 -0.125000
v 0.060906 -0.147885 -0.125000
v 0.075025 -0.141207 -0.125000
v 0.088422 -0.133178 -0.125000
v 0.100967 -0.123874 -0.125000
v 0.112540 -0.113385 -0.125000
v 0.123028 -0.101812 -0.125000
v 0.132333 -0.089267 -0.125000
v 0.140362 -0.075870 -0.125000
v 0.147040 -0.061751 -0.125000
v 0.152302 -0.047045 -0.125000
v 0.156097 -0.031895 -0.125000
v 0.158389 -0.016445 -0.125000
v 0.159155 -0.000845 -0.125000
v 0.158389 0.014755 -0.125000
v 0.156097 0.030205 -0.125000
v 0.152302 0.045355 -0.125000
v 0.147040 0.060061 -0.125000
v 0.140362 0.074180 -0.125000
v 0.132332 0.087577 -0.125000
v 0.123028 0.100122 -0.125000
v 0.112540 0.111694 -0.125000
v 0.100967 0.122183 -0.125000
v 0.088422 0.131487 -0.125000
v 0.075025 0.139517 -0.125000
v 0.060906 0.146195 -0.125000
v 0.046200 0.151457 -0.125000
v 0.031050 0.155252 -0.125000
v 0.015600 0.157544 -0.125000
v 0.000000 0.158310 -0.125000
v -0.015600 0.157544 -0.156250
v -0.031050 0.155252 -0.156250
v -0.046200 0.151457 -0.156250
v -0.060906 0.146195 -0.156250
v -0.075025 0.139517 -0.156250
v -0.088422 0.131487 -0.156250
v -0.100967 0.122183 -0.156250
v -0.112540 0.111694 -0.156250
v -0.123028 0.100122 -0.156250
v -0.132332 0.087577 -0.156250
v -0.140362 0.074180 -0.156250
v -0.147040 0.060061 -0.156250
v -0.152302 0.045355 -0.156250
v -0.156097 0.030205 -0.156250
v -0.158389 0.014755 -0.156250
v -0.159155 -0.000845 -0.156250
v -0.158389 -0.016445 -0.156250
v -0.156097 -0.031895 -0.156250
v -0.152302 -0.047045 -0.156250
v -0.147040 -0.061751 -0.156250
v -0.140362 -0.075870 -0.156250
v -0.132333 -0.089267 -0.156250
v -0.123028 -0.101812 -0.156250
v -0.112540 -0.113385 -0.156250
v -0.100967 -0.123874 -0.156250
v -0.088422 -0.133178 -0.156250
v -0.075025 -0.141207 -0.156250
v -0.060906 -0.147885 -0.156250
v -0.046200 -0.153147 -0.156250
v -0.031050 -0.156942 -0.156250
v -0.015600 -0.159234 -0.156250
v 0.000000 -0.160000 -0.156250
v 0.015600 -0.159234 -0.156250
v 0.031050 -0.156942 -0.156250
v 0.046200 -0.153147 -0.156250
v 0.060906 -0.147885 -0.156250
v 0.075025 -0.141207 -0.156250
v 0.088422 -0.133178 -0.156250
v 0.100967 -0.123874 -0.156250
v 0.112540 -0.113385 -0.156250
v 0.123028 -0.101812 -0.156250
v 0.132333 -0.089267 -0.156250
v 0.140362 -0.075870 -0.156250
v 0.147040 -0.061751 -0.156250
v 0.152302 -0.047045 -0.156250
v 0.156097 -0.031895 -0.156250
v 0.158389 -0.016445 -0.156250
v 0.159155 -0.000845 -0.156250
v 0.158389 0.014755 -0.156250
v 0.156097 0.030205 -0.156250
v 0.152302 0.045355 -0.156250
v 0.147040 0.060061 -0.156250
v 0.140362 0.074180 -0.156250
v 0.132332 0.087577 -0.156250
v 0.123028 0.100122 -0.156250
v 0.112540 0.111694 -0.156250
v 0.100967 0.122183 -0.156250
v 0.088422 0.131487 -0.156250
v 0.075025 0.139517 -0.156250
v 0.060906 0.146195 -0.156250
v 0.046200 0.151457 -0.156250
v 0.031050 0.155252 -0.156250
v 0.015600 0.157544 -0.156250
v 0.000000 0.158310 -0.156250
v -0.015600 0.157544 -0.187500
v -0.031050 0.155252 -0.187500
v -0.046200 0.151457 -0.187500
v -0.060906 0.146195 -0.187500
v -0.075025 0.139517 -0.187500
v -0.088422 0.131487 -0.187500
v -0.100967 0.122183 -0.187500
v -0.112540 0.111694 -0.187500
v -0.123028 0.100122 -0.187500
v -0.132332 0.087577 -0.187500
v -0.140362 0.074180 -0.187500
v -0.147040 0.060061 -0.187500
v -0.152302 0.045355 -0.187500
v -0.156097 0.030205 -0.187500
v -0.158389 0.014755 -0.187500
v -0.159155 -0.000845 -0.187500
v -0.158389 -0.016445 -0.187500
v -0.156097 -0.031895 -0.187500
v -0.152302 -0.047045 -0.187500
v -0.147040 -0.061751 -0.187500
v -0.140362 -0.075870 -0.187500
v -0.132333 -0.089267 -0.187500
v -0.123028 -0.101812 -0.187500
v -0.112540 -0.113385 -0.187500
v -0.100967 -0.123874 -0.187500
v -0.088422 -0.133178 -0.187500
v -0.075025 -0.141207 -0.187500
v -0.060906 -0.147885 -0.187500
v -0.046200 -0.153147 -0.187500
v -0.031050 -0.156942 -0.187500
v -0.015600 -0.159234 -0.187500
v 0.000000 -0.160000 -0.187500
v 0.015600 -0.159234 -0.187500
v 0.031050 -0.156942 -0.187500
v 0.046200 -0.153147 -0.187500
v 0.060906 -0.147885 -0.187500
v 0.075025 -0.141207 -0.187500
v 0.088422 -0.133178 -0.187500
v 0.100967 -0.123874 -0.187500
v 0.112540 -0.113385 -0.187500
v 0.123028 -0.101812 -0.187500
v 0.132333 -0.089267 -0.187500
v 0.140362 -0.075870 -0.187500
v 0.147040 -0.061751 -0.187500
v 0.152302 -0.047045 -0.187500
v 0.156097 -0.031895 -0.187500
v 0.158389 -0.016445 -0.187500
v 0.159155 -0.000845 -0.187500
v 0.158389 0.014755 -0.187500
v 0.156097 0.030205 -0.187500
v 0.152302 0.045355 -0.187500
v 0.147040 0.060061 -0.187500
v 0.140362 0.074180 -0.187500
v 0.132332 0.087577 -0.187500
v 0.123028 0.100122 -0.187500
v 0.112540 0.111694 -0.187500
v 0.100967 0.122183 -0.187500
v 0.088422 0.131487 -0.187500
v 0.075025 0.139517 -0.187500
v 0.060906 0.146195 -0.187500
v 0.046200 0.151457 -0.187500
v 0.031050 0.155252 -0.187500
v 0.015600 0.157544 -0.187500
v 0.000000 0.158310 -0.187500
v -0.015600 0.157543 -0.218750
v -0.031050 0.155252 -0.218750
v -0.046200 0.151457 -0.218750
v -0.060906 0.146195 -0.218750
v -0.075025 0.139517 -0.218750
v -0.088422 0.131487 -0.218750
v -0.100967 0.122183 -0.218750
v -0.112540 0.111694 -0.218750
v -0.123028 0.100122 -0.218750
v -0.132332 0.087577 -0.218750
v -0.140362 0.074180 -0.218750
v -0.147040 0.060061 -0.218750
v -0.152302 0.045355 -0.218750
v -0.156097 0.030205 -0.218750
v -0.158389 0.014755 -0.218750
v -0.159155 -0.000845 -0.218750
v -0.158389 -0.016445 -0.218750
v -0.156097 -0.031895 -0.218750
v -0.152302 -0.047045 -0.218750
v -0.147040 -0.061751 -0.218750
v -0.140362 -0.075870 -0.218750
v -0.132333 -0.089267 -0.218750
v -0.123028 -0.101812 -0.218750
v -0.112540 -0.113385 -0.218750
v -0.100967 -0.123874 -0.218750
v -0.088422 -0.133178 -0.218750
v -0.075025 -0.141207 -0.218750
v -0.060906 -0.147885 -0.218750
v -0.046200 -0.153147 -0.218750
v -0.031050 -0.156942 -0.218750
v -0.015600 -0.159234 -0.218750
v 0.000000 -0.160000 -0.218750
v 0.015600 -0.159234 -0.218750
v 0.031050 -0.156942 -0.218750
v 0.046200 -0.153147 -0.218750
v 0.060906 -0.147885 -0.218750
v 0.075025 -0.141207 -0.218750
v 0.088422 -0.133178 -0.218750
v 0.100967 -0.123874 -0.218750
v 0.112540 -0.113385 -0.218750
v 0.123028 -0.101812 -0.218750
v 0.132333 -0.089267 -0.218750
v 0.140362 -0.075870 -0.218750
v 0.147040 -0.061751 -0.218750
v 0.152302 -0.047045 -0.218750
v 0.156097 -0.031895 -0.218750
v 0.158389 -0.016445 -0.218750
v 0.159155 -0.000845 -0.218750
v 0.158389 0.014755 -0.218750
v 0.156097 0.030205 -0.218750
v 0.152302 0.045355 -0.218750
v 0.147040 0.060061 -0.218750
v 0.140362 0.074180 -0.218750
v 0.132332 0.087577 -0.218750
v 0.123028 0.100122 -0.218750
v 0.112540 0.111694 -0.218750
v 0.100967 0.122183 -0.218750
v 0.088422 0.131487 -0.218750
v 0.075025 0.139517 -0.218750
v 0.060906 0.146195 -0.218750
v 0.046200 0.151457 -0.218750
v 0.031050 0.155252 -0.218750
v 0.015600 0.157543 -0.218750
v 0.000000 0.158310 -0.218750
v -0.015600 0.157543 -0.250000
v -0.031050 0.155252 -0.250000
v -0.046200 0.151457 -0.250000
v -0.060906 0.146195 -0.250000
v -0.075025 0.139517 -0.250000
v -0.088422 0.131487 -0.250000
v -0.100967 0.122183 -0.250000
v -0.112540 0.111694 -0.250000
v -0.123028 0.100122 -0.250000
v -0.132332 0.087577 -0.250000
v -0.140362 0.074180 -0.250000
v -0.147040 0.060061 -0.250000
v -0.152302 0.045355 -0.250000
v -0.156097 0.030205 -0.250000
v -0.158389 0.014755 -0.250000
v -0.159155 -0.000845 -0.250000
v -0.158389 -0.016445 -0.250000
v -0.156097 -0.031895 -0.250000
v -0.152302 -0.047045 -0.250000
v -0.147040 -0.061751 -0.250000
v -0.140362 -0.075870 -0.250000
v -0.132333 -0.089267 -0.250000
v -0.123028 -0.101812 -0.250000
v -0.112540 -0.113385 -0.250000
v -0.100967 -0.123874 -0.250000
v -0.088422 -0.133178 -0.250000
v -0.075025 -0.141207 -0.250000
v -0.060906 -0.147885 -0.250000
v -0.046200 -0.153147 -0.250000
v -0.031050 -0.156942 -0.250000
v -0.015600 -0.159234 -0.250000
v 0.000000 -0.160000 -0.250000
v 0.015600 -0.159234 -0.250000
v 0.031050 -0.156942 -0.250000
v 0.046200 -0.153147 -0.250000
v 0.060906 -0.147885 -0.250000
v 0.075025 -0.141207 -0.250000
v 0.088422 -0.133178 -0.250000
v 0.100967 -0.123874 -0.250000
v 0.112540 -0.113385 -0.250000
v 0.123028 -0.101812 -0.250000
v 0.132333 -0.089267 -0.250000
v 0.140362 -0.075870 -0.250000
v 0.147040 -0.061751 -0.250000
v 0.152302 -0.047045 -0.250000
v 0.156097 -0.031895 -0.250000
v 0.158389 -0.016445 -0.250000
v 0.159155 -0.000845 -0.250000
v 0.158389 0.014755 -0.250000
v 0.156097 0.030205 -0.250000
v 0.152302 0.045355 -0.250000
v 0.147040 0.060061 -0.250000
v 0.140362 0.074180 -0.250000
v 0.132332 0.087577 -0.250000
v 0.123028 0.100122 -0.250000
v 0.112540 0.111694 -0.250000
v 0.100967 0.122183 -0.250000
v 0.088422 0.131487 -0.250000
v 0.075025 0.139517 -0.250000
v 0.060906 0.146195 -0.250000
v 0.046200 0.151457 -0.250000
v 0.031050 0.155252 -0.250000
v 0.015600 0.157543 -0.250000
v 0.000000 0.158310 -0.250000
v -0.015600 0.157543 -0.281250
v -0.031050 0.155252 -0.281250
v -0.046200 0.151457 -0.281250
v -0.060906 0.146195 -0.281250
v -0.075025 0.139517 -0.281250
v -0.088422 0.131487 -0.281250
v -0.100967 0.122183 -0.281250
v -0.112540 0.111694 -0.281250
v -0.123028 0.100122 -0.281250
v -0.132332 0.087577 -0.281250
v -0.140362 0.074180 -0.281250
v -0.147040 0.060061 -0.281250
v -0.152302 0.045355 -0.281250
v -0.156097 0.030205 -0.281250
v -0.158389 0.014755 -0.281250
v -0.159155 -0.000845 -0.281250
v -0.158389 -0.016445 -0.281250
v -0.156097 -0.031895 -0.281250
v -0.152302 -0.047045 -0.281250
v -0.147040 -0.061751 -0.281250
v -0.140362 -0.075870 -0.281250
v -0.132333 -0.089267 -0.281250
v -0.123028 -0.101812 -0.281250
v -0.112540 -0.113385 -0.281250
v -0.100967 -0.123874 -0.281250
v -0.088422 -0.133178 -0.281250
v -0.075025 -0.141207 -0.281250
v -0.060906 -0.147885 -0.281250
v -0.046200 -0.153147 -0.281250
v -0.031050 -0.156942 -0.281250
v -0.015600 -0.159234 -0.281250
v 0.000000 -0.160000 -0.281250
v 0.015600 -0.159234 -0.281250
v 0.031050 -0.156942 -0.281250
v 0.046200 -0.153147 -0.281250
v 0.060906 -0.147885 -0.281250
v 0.075025 -0.141207 -0.281250
v 0.088422 -0.133178 -0.281250
v 0.100967 -0.123874 -0.281250
v 0.112540 -0.113385 -0.281250
v 0.123028 -0.101812 -0.281250
v 0.132333 -0.089267 -0.281250
v 0.140362 -0.075870 -0.281250
v 0.147040 -0.061751 -0.281250
v 0.152302 -0.047045 -0.281250
v 0.156097 -0.031895 -0.281250
v 0.158389 -0.016445 -0.281250
v 0.159155 -0.000845 -0.281250
v 0.158389 0.014755 -0.281250
v 0.156097 0.030205 -0.281250
v 0.152302 0.045355 -0.281250
v 0.147040 0.060061 -0.281250
v 0.140362 0.074180 -0.281250
v 0.132332 0.087577 -0.281250
v 0.123028 0.100122 -0.281250
v 0.112540 0.111694 -0.281250
v 0.100967 0.122183 -0.281250
v 0.088422 0.131487 -0.281250
v 0.075025 0.139517 -0.281250
v 0.060906 0.146195 -0.281250
v 0.046200 0.151457 -0.281250
v 0.031050 0.155252 -0.281250
v 0.015600 0.157543 -0.281250
v 0.000000 0.158310 -0.281250
v 0.000000 0.158310 -0.312500
v -0.015600 0.157543 -0.312500
v -0.031050 0.155252 -0.312500
v -0.046200 0.151457 -0.312500
v -0.060906 0.146195 -0.312500
v -0.075025 0.139517 -0.312500
v -0.088422 0.131487 -0.312500
v -0.100967 0.122183 -0.312500
v -0.112540 0.111694 -0.312500
v -0.123028 0.100122 -0.312500
v -0.132332 0.087577 -0.312500
v -0.140362 0.074180 -0.312500
v -0.147040 0.060061 -0.312500
v -0.152302 0.045355 -0.312500
v -0.156097 0.030204 -0.312500
v -0.158389 0.014755 -0.312500
v -0.159155 -0.000845 -0.312500
v -0.158389 -0.016445 -0.312500
v -0.156097 -0.031895 -0.312500
v -0.152302 -0.047045 -0.312500
v -0.147040 -0.061751 -0.312500
v -0.140362 -0.075870 -0.312500
v -0.132333 -0.089267 -0.312500
v -0.123028 -0.101812 -0.312500
v -0.112540 -0.113385 -0.312500
v -0.100967 -0.123874 -0.312500
v -0.088422 -0.133178 -0.312500
v -0.075025 -0.141207 -0.312500
v -0.060906 -0.147885 -0.312500
v -0.046200 -0.153147 -0.312500
v -0.031050 -0.156942 -0.312500
v -0.015600 -0.159234 -0.312500
v 0.000000 -0.160000 -0.312500
v 0.015600 -0.159234 -0.312500
v 0.031050 -0.156942 -0.312500
v 0.046200 -0.153147 -0.312500
v 0.060906 -0.147885 -0.312500
v 0.075025 -0.141207 -0.312500
v 0.088422 -0.133178 -0.312500
v 0.100967 -0.123874 -0.312500
v 0.112540 -0.113385 -0.312500
v 0.123028 -0.101812 -0.312500
v 0.132333 -0.089267 -0.312500
v 0.140362 -0.075870 -0.312500
v 0.147040 -0.061751 -0.312500
v 0.152302 -0.047045 -0.312500
v 0.156097 -0.031895 -0.312500
v 0.158389 -0.016445 -0.312500
v 0.159155 -0.000845 -0.312500
v 0.158389 0.014755 -0.312500
v 0.156097 0.030204 -0.312500
v 0.152302 0.045355 -0.312500
v 0.147040 0.060061 -0.312500
v 0.140362 0.074180 -0.312500
v 0.132332 0.087577 -0.312500
v 0.123028 0.100122 -0.312500
v 0.112540 0.111694 -0.312500
v 0.100967 0.122183 -0.312500
v 0.088422 0.131487 -0.312500
v 0.075025 0.139517 -0.312500
v 0.060906 0.146195 -0.312500
v 0.046200 0.151457 -0.312500
v 0.031050 0.155252 -0.312500
v 0.015600 0.157543 -0.312500
v -0.015600 0.157543 -0.343750
v -0.031050 0.155252 -0.343750
v -0.046200 0.151457 -0.343750
v -0.060906 0.146195 -0.343750
v -0.075025 0.139517 -0.343750
v -0.088422 0.131487 -0.343750
v -0.100967 0.122183 -0.343750
v -0.112540 0.111694 -0.343750
v -0.123028 0.100122 -0.343750
v -0.132332 0.087577 -0.343750
v -0.140362 0.074180 -0.343750
v -0.147040 0.060061 -0.343750
v -0.152302 0.045355 -0.343750
v -0.156097 0.030204 -0.343750
v -0.158389 0.014755 -0.343750
v -0.159155 -0.000845 -0.343750
v -0.158389 -0.016445 -0.343750
v -0.156097 -0.031895 -0.343750
v -0.152302 -0.047045 -0.343750
v -0.147040 -0.061751 -0.343750
v -0.140362 -0.075870 -0.343750
v -0.132333 -0.089267 -0.343750
v -0.123028 -0.101812 -0.343750
v -0.112540 -0.113385 -0.343750
v -0.100967 -0.123874 -0.343750
v -0.088422 -0.133178 -0.343750
v -0.075025 -0.141207 -0.343750
v -0.060906 -0.147885 -0.343750
v -0.046200 -0.153147 -0.343750
v -0.031050 -0.156942 -0.343750
v -0.015600 -0.159234 -0.343750
v 0.000000 -0.160000 -0.343750
v 0.015600 -0.159234 -0.343750
v 0.031050 -0.156942 -0.343750
v 0.046200 -0.153147 -0.343750
v 0.060906 -0.147885 -0.343750
v 0.075025 -0.141207 -0.343750
v 0.088422 -0.133178 -0.343750
v 0.100967 -0.123874 -0.343750
v 0.112540 -0.113385 -0.343750
v 0.123028 -0.101812 -0.343750
v 0.132333 -0.089267 -0.343750
v 0.140362 -0.075870 -0.343750
v 0.147040 -0.061751 -0.343750
v 0.152302 -0.047045 -0.343750
v 0.156097 -0.031895 -0.343750
v 0.158389 -0.016445 -0.343750
v 0.159155 -0.000845 -0.343750
v 0.158389 0.014755 -0.343750
v 0.156097 0.030204 -0.343750
v 0.152302 0.045355 -0.343750
v 0.147040 0.060061 -0.343750
v 0.140362 0.074180 -0.343750
v 0.132332 0.087577 -0.343750
v 0.123028 0.100122 -0.343750
v 0.112540 0.111694 -0.343750
v 0.100967 0.122183 -0.343750
v 0.088422 0.131487 -0.343750
v 0.075025 0.139517 -0.343750
v 0.060906 0.146195 -0.343750
v 0.046200 0.151457 -0.343750
v 0.031050 0.155252 -0.343750
v 0.015600 0.157543 -0.343750
v 0.000000 0.158310 -0.343750
v 0.000000 0.158310 -0.375000
v -0.015600 0.157543 -0.375000
v -0.031050 0.155252 -0.375000
v -0.046200 0.151457 -0.375000
v -0.060906 0.146195 -0.375000
v -0.075025 0.139517 -0.375000
v -0.088422 0.131487 -0.375000
v -0.100967 0.122183 -0.375000
v -0.112540 0.111694 -0.375000
v -0.123028 0.100122 -0.375000
v -0.132332 0.087577 -0.375000
v -0.140362 0.074180 -0.375000
v -0.147040 0.060061 -0.375000
v -0.152302 0.045355 -0.375000
v -0.156097 0.030204 -0.375000
v -0.158389 0.014755 -0.375000
v -0.159155 -0.000845 -0.375000
v -0.158389 -0.016445 -0.375000
v -0.156097 -0.031895 -0.375000
v -0.152302 -0.047045 -0.375000
v -0.147040 -0.061751 -0.375000
v -0.140362 -0.075870 -0.375000
v -0.132333 -0.089267 -0.375000
v -0.123028 -0.101812 -0.375000
v -0.112540 -0.113385 -0.375000
v -0.100967 -0.123874 -0.375000
v -0.088422 -0.133178 -0.375000
v -0.075025 -0.141207 -0.375000
v -0.060906 -0.147885 -0.375000
v -0.046200 -0.153147 -0.375000
v -0.031050 -0.156942 -0.375000
v -0.015600 -0.159234 -0.375000
v 0.000000 -0.160000 -0.375000
v 0.015600 -0.159234 -0.375000
v 0.031050 -0.156942 -0.375000
v 0.046200 -0.153147 -0.375000
v 0.060906 -0.147885 -0.375000
v 0.075025 -0.141207 -0.375000
v 0.088422 -0.133178 -0.375000
v 0.100967 -0.123874 -0.375000
v 0.112540 -0.113385 -0.375000
v 0.123028 -0.101812 -0.375000
v 0.132333 -0.089267 -0.375000
v 0.140362 -0.075870 -0.375000
v 0.147040 -0.061751 -0.375000
v 0.152302 -0.047045 -0.375000
v 0.156097 -0.031895 -0.375000
v 0.158389 -0.016445 -0.375000
v 0.159155 -0.000845 -0.375000
v 0.158389 0.014755 -0.375000
v 0.156097 0.030204 -0.375000
v 0.152302 0.045355 -0.375000
v 0.147040 0.060061 -0.375000
v 0.140362 0.074180 -0.375000
v 0.132332 0.087577 -0.375000
v 0.123028 0.100122 -0.375000
v 0.112540 0.111694 -0.375000
v 0.100967 0.122183 -0.375000
v 0.088422 0.131487 -0.375000
v 0.075025 0.139517 -0.375000
v 0.060906 0.146195 -0.375000
v 0.046200 0.151457 -0.375000
v 0.031050 0.155252 -0.375000
v 0.015600 0.157543 -0.375000
v -0.015600 0.157543 -0.406250
v -0.031050 0.155252 -0.406250
v -0.046200 0.151457 -0.406250
v -0.060906 0.146195 -0.406250
v -0.075025 0.139517 -0.406250
v -0.088422 0.131487 -0.406250
v -0.100967 0.122183 -0.406250
v -0.112540 0.111694 -0.406250
v -0.123028 0.100122 -0.406250
v -0.132332 0.087577 -0.406250
v -0.140362 0.074180 -0.406250
v -0.147040 0.060061 -0.406250
v -0.152302 0.045355 -0.406250
v -0.156097 0.030204 -0.406250
v -0.158389 0.014755 -0.406250
v -0.159155 -0.000845 -0.406250
v -0.158389 -0.016445 -0.406250
v -0.156097 -0.031895 -0.406250
v -0.152302 -0.047045 -0.406250
v -0.147040 -0.061751 -0.406250
v -0.140362 -0.075870 -0.406250
v -0.132333 -0.089267 -0.406250
v -0.123028 -0.101812 -0.406250
v -0.112540 -0.113385 -0.406250
v -0.100967 -0.123874 -0.406250
v -0.088422 -0.133178 -0.406250
v -0.075025 -0.141207 -0.406250
v -0.060906 -0.147885 -0.406250
v -0.046200 -0.153147 -0.406250
v -0.031050 -0.156942 -0.406250
v -0.015600 -0.159234 -0.406250
v 0.000000 -0.160000 -0.406250
v 0.015600 -0.159234 -0.406250
v 0.031050 -0.156942 -0.406250
v 0.046200 -0.153147 -0.406250
v 0.060906 -0.147885 -0.406250
v 0.075025 -0.141207 -0.406250
v 0.088422 -0.133178 -0.406250
v 0.100967 -0.123874 -0.406250
v 0.112540 -0.113385 -0.406250
v 0.123028 -0.101812 -0.406250
v 0.132333 -0.089267 -0.406250
v 0.140362 -0.075870 -0.406250
v 0.147040 -0.061751 -0.406250
v 0.152302 -0.047045 -0.406250
v 0.156097 -0.031895 -0.406250
v 0.158389 -0.016445 -0.406250
v 0.159155 -0.000845 -0.406250
v 0.158389 0.014755 -0.406250
v 0.156097 0.030204 -0.406250
v 0.152302 0.045355 -0.406250
v 0.147040 0.060061 -0.406250
v 0.140362 0.074180 -0.406250
v 0.132332 0.087577 -0.406250
v 0.123028 0.100122 -0.406250
v 0.112540 0.111694 -0.406250
v 0.100967 0.122183 -0.406250
v 0.088422 0.131487 -0.406250
v 0.075025 0.139517 -0.406250
v 0.060906 0.146195 -0.406250
v 0.046200 0.151457 -0.406250
v 0.031050 0.155252 -0.406250
v 0.015600 0.157543 -0.406250
v 0.000000 0.158310 -0.406250
v 0.000000 0.158310 -0.437500
v -0.015600 0.157543 -0.437500
v -0.031050 0.155252 -0.437500
v -0.046200 0.151457 -0.437500
v -0.060906 0.146195 -0.437500
v -0.075025 0.139517 -0.437500
v -0.088422 0.131487 -0.437500
v -0.100967 0.122183 -0.437500
v -0.112540 0.111694 -0.437500
v -0.123028 0.100122 -0.437500
v -0.132332 0.087577 -0.437500
v -0.140362 0.074180 -0.437500
v -0.147040 0.060061 -0.437500
v -0.152302 0.045355 -0.437500
v -0.156097 0.030204 -0.437500
v -0.158389 0.014755 -0.437500
v -0.159155 -0.000845 -0.437500
v -0.158389 -0.016445 -0.437500
v -0.156097 -0.031895 -0.437500
v -0.152302 -0.047045 -0.437500
v -0.147040 -0.061751 -0.437500
v -0.140362 -0.075870 -0.437500
v -0.132333 -0.089267 -0.437500
v -0.123028 -0.101812 -0.437500
v -0.112540 -0.113385 -0.437500
v -0.100967 -0.123874 -0.437500
v -0.088422 -0.133178 -0.437500
v -0.075025 -0.141207 -0.437500
v -0.060906 -0.147885 -0.437500
v -0.046200 -0.153147 -0.437500
v -0.031050 -0.156942 -0.437500
v -0.015600 -0.159234 -0.437500
v 0.000000 -0.160000 -0.437500
v 0.015600 -0.159234 -0.437500
v 0.031050 -0.156942 -0.437500
v 0.046200 -0.153147 -0.437500
v 0.060906 -0.147885 -0.437500
v 0.075025 -0.141207 -0.437500
v 0.088422 -0.133178 -0.437500
v 0.100967 -0.123874 -0.437500
v 0.112540 -0.113385 -0.437500
v 0.123028 -0.101812 -0.437500
v 0.132333 -0.089267 -0.437500
v 0.140362 -0.075870 -0.437500
v 0.147040 -0.061751 -0.437500
v 0.152302 -0.047045 -0.437500
v 0.156097 -0.031895 -0.437500
v 0.158389 -0.016445 -0.437500
v 0.159155 -0.000845 -0.437500
v 0.158389 0.014755 -0.437500
v 0.156097 0.030204 -0.437500
v 0.152302 0.045355 -0.437500
v 0.147040 0.060061 -0.437500
v 0.140362 0.074180 -0.437500
v 0.132332 0.087577 -0.437500
v 0.123028 0.100122 -0.437500
v 0.112540 0.111694 -0.437500
v 0.100967 0.122183 -0.437500
v 0.088422 0.131487 -0.437500
v 0.075025 0.139517 -0.437500
v 0.060906 0.146195 -0.437500
v 0.046200 0.151457 -0.437500
v 0.031050 0.155252 -0.437500
v 0.015600 0.157543 -0.437500
v -0.015600 0.157543 -0.468750
v -0.031050 0.155252 -0.468750
v -0.046200 0.151457 -0.468750
v -0.060906 0.146195 -0.468750
v -0.075025 0.139517 -0.468750
v -0.088422 0.131487 -0.468750
v -0.100967 0.122183 -0.468750
v -0.112540 0.111694 -0.468750
v -0.123028 0.100122 -0.468750
v -0.132332 0.087577 -0.468750
v -0.140362 0.074180 -0.468750
v -0.147040 0.060061 -0.468750
v -0.152302 0.045355 -0.468750
v -0.156097 0.030204 -0.468750
v -0.158389 0.014755 -0.468750
v -0.159155 -0.000845 -0.468750
v -0.158389 -0.016445 -0.468750
v -0.156097 -0.031895 -0.468750
v -0.152302 -0.047045 -0.468750
v -0.147040 -0.061751 -0.468750
v -0.140362 -0.075870 -0.468750
v -0.132333 -0.089267 -0.468750
v -0.123028 -0.101812 -0.468750
v -0.112540 -0.113385 -0.468750
v -0.100967 -0.123874 -0.468750
v -0.088422 -0.133178 -0.468750
v -0.075025 -0.141207 -0.468750
v -0.060906 -0.147885 -0.468750
v -0.046200 -0.153147 -0.468750
v -0.031050 -0.156942 -0.468750
v -0.015600 -0.159234 -0.468750
v 0.000000 -0.160000 -0.468750
v 0.015600 -0.159234 -0.468750
v 0.031050 -0.156942 -0.468750
v 0.046200 -0.153147 -0.468750
v 0.060906 -0.147885 -0.468750
v 0.075025 -0.141207 -0.468750
v 0.088422 -0.133178 -0.468750
v 0.100967 -0.123874 -0.468750
v 0.112540 -0.113385 -0.468750
v 0.123028 -0.101812 -0.468750
v 0.132333 -0.089267 -0.468750
v 0.140362 -0.075870 -0.468750
v 0.147040 -0.061751 -0.468750
v 0.152302 -0.047045 -0.468750
v 0.156097 -0.031895 -0.468750
v 0.158389 -0.016445 -0.468750
v 0.159155 -0.000845 -0.468750
v 0.158389 0.014755 -0.468750
v 0.156097 0.030204 -0.468750
v 0.152302 0.045355 -0.468750
v 0.147040 0.060061 -0.468750
v 0.140362 0.074180 -0.468750
v 0.132332 0.087577 -0.468750
v 0.123028 0.100122 -0.468750
v 0.112540 0.111694 -0.468750
v 0.100967 0.122183 -0.468750
v 0.088422 0.131487 -0.468750
v 0.075025 0.139517 -0.468750
v 0.060906 0.146195 -0.468750
v 0.046200 0.151457 -0.468750
v 0.031050 0.155252 -0.468750
v 0.015600 0.157543 -0.468750
v 0.000000 0.158310 -0.468750
v 0.000000 0.158310 -0.500000
v -0.015600 0.157543 -0.500000
v -0.031050 0.155252 -0.500000
v -0.046200 0.151457 -0.500000
v -0.060906 0.146195 -0.500000
v -0.075025 0.139517 -0.500000
v -0.088422 0.131487 -0.500000
v -0.100967 0.122183 -0.500000
v -0.112540 0.111694 -0.500000
v -0.123028 0.100122 -0.500000
v -0.132332 0.087577 -0.500000
v -0.140362 0.074180 -0.500000
v -0.147040 0.060061 -0.500000
v -0.152302 0.045355 -0.500000
v -0.156097 0.030204 -0.500000
v -0.158389 0.014755 -0.500000
v -0.159155 -0.000845 -0.500000
v -0.158389 -0.016445 -0.500000
v -0.156097 -0.031895 -0.500000
v -0.152302 -0.047045 -0.500000
v -0.147040 -0.061751 -0.500000
v -0.140362 -0.075870 -0.500000
v -0.132333 -0.089267 -0.500000
v -0.123028 -0.101812 -0.500000
v -0.112540 -0.113385 -0.500000
v -0.100967 -0.123874 -0.500000
v -0.088422 -0.133178 -0.500000
v -0.075025 -0.141207 -0.500000
v -0.060906 -0.147885 -0.500000
v -0.046200 -0.153147 -0.500000
v -0.031050 -0.156942 -0.500000
v -0.015600 -0.159234 -0.500000
v 0.000000 -0.160000 -0.500000
v 0.015600 -0.159234 -0.500000
v 0.031050 -0.156942 -0.500000
v 0.046200 -0.153147 -0.500000
v 0.060906 -0.147885 -0.500000
v 0.075025 -0.141207 -0.500000
v 0.088422 -0.133178 -0.500000
v 0.100967 -0.123874 -0.500000
v 0.112540 -0.113385 -0.500000
v 0.123028 -0.101812 -0.500000
v 0.132333 -0.089267 -0.500000
v 0.140362 -0.075870 -0.500000
v 0.147040 -0.061751 -0.500000
v 0.152302 -0.047045 -0.500000
v 0.156097 -0.031895 -0.500000
v 0.158389 -0.016445 -0.500000
v 0.159155 -0.000845 -0.500000
v 0.158389 0.014755 -0.500000
v 0.156097 0.030204 -0.500000
v 0.152302 0.045355 -0.500000
v 0.147040 0.060061 -0.500000
v 0.140362 0.074180 -0.500000
v 0.132332 0.087577 -0.500000
v 0.123028 0.100122 -0.500000
v 0.112540 0.111694 -0.500000
v 0.100967 0.122183 -0.500000
v 0.088422 0.131487 -0.500000
v 0.075025 0.139517 -0.500000
v 0.060906 0.146195 -0.500000
v 0.046200 0.151457 -0.500000
v 0.031050 0.155252 -0.500000
v 0.015600 0.157543 -0.500000
v -0.015600 0.157543 -0.531250
v -0.031050 0.155252 -0.531250
v -0.046200 0.151457 -0.531250
v -0.060906 0.146195 -0.531250
v -0.075025 0.139517 -0.531250
v -0.088422 0.131487 -0.531250
v -0.100967 0.122183 -0.531250
v -0.112540 0.111694 -0.531250
v -0.123028 0.100122 -0.531250
v -0.132332 0.087577 -0.531250
v -0.140362 0.074180 -0.531250
v -0.147040 0.060061 -0.531250
v -0.152302 0.045355 -0.531250
v -0.156097 0.030204 -0.531250
v -0.158389 0.014755 -0.531250
v -0.159155 -0.000845 -0.531250
v -0.158389 -0.016445 -0.531250
v -0.156097 -0.031895 -0.531250
v -0.152302 -0.047045 -0.531250
v -0.147040 -0.061751 -0.531250
v -0.140362 -0.075870 -0.531250
v -0.132333 -0.089267 -0.531250
v -0.123028 -0.101812 -0.531250
v -0.112540 -0.113385 -0.531250
v -0.100967 -0.123874 -0.531250
v -0.088422 -0.133178 -0.531250
v -0.075025 -0.141207 -0.531250
v -0.060906 -0.147885 -0.531250
v -0.046200 -0.153147 -0.531250
v -0.031050 -0.156942 -0.531250
v -0.015600 -0.159234 -0.531250
v 0.000000 -0.160000 -0.531250
v 0.015600 -0.159234 -0.531250
v 0.031050 -0.156942 -0.531250
v 0.046200 -0.153147 -0.531250
v 0.060906 -0.147885 -0.531250
v 0.075025 -0.141207 -0.531250
v 0.088422 -0.133178 -0.531250
v 0.100967 -0.123874 -0.531250
v 0.112540 -0.113385 -0.531250
v 0.123028 -0.101812 -0.531250
v 0.132333 -0.089267 -0.531250
v 0.140362 -0.075870 -0.531250
v 0.147040 -0.061751 -0.531250
v 0.152302 -0.047045 -0.531250
v 0.156097 -0.031895 -0.531250
v 0.158389 -0.016445 -0.531250
v 0.159155 -0.000845 -0.531250
v 0.158389 0.014755 -0.531250
v 0.156097 0.030204 -0.531250
v 0.152302 0.045355 -0.531250
v 0.147040 0.060061 -0.531250
v 0.140362 0.074180 -0.531250
v 0.132332 0.087577 -0.531250
v 0.123028 0.100122 -0.531250
v 0.112540 0.111694 -0.531250
v 0.100967 0.122183 -0.531250
v 0.088422 0.131487 -0.531250
v 0.075025 0.139517 -0.531250
v 0.060906 0.146195 -0.531250
v 0.046200 0.151457 -0.531250
v 0.031050 0.155252 -0.531250
v 0.015600 0.157543 -0.531250
v 0.000000 0.158310 -0.531250
v -0.015600 0.157543 -0.562500
v -0.031050 0.155252 -0.562500
v -0.046200 0.151457 -0.562500
v -0.060906 0.146195 -0.562500
v -0.075025 0.139517 -0.562500
v -0.088422 0.131487 -0.562500
v -0.100967 0.122183 -0.562500
v -0.112540 0.111694 -0.562500
v -0.123028 0.100122 -0.562500
v -0.132332 0.087577 -0.562500
v -0.140362 0.074180 -0.562500
v -0.147040 0.060061 -0.562500
v -0.152302 0.045355 -0.562500
v -0.156097 0.030204 -0.562500
v -0.158389 0.014755 -0.562500
v -0.159155 -0.000845 -0.562500
v -0.158389 -0.016445 -0.562500
v -0.156097 -0.031895 -0.562500
v -0.152302 -0.047045 -0.562500
v -0.147040 -0.061751 -0.562500
v -0.140362 -0.075870 -0.562500
v -0.132333 -0.089267 -0.562500
v -0.123028 -0.101812 -0.562500
v -0.112540 -0.113385 -0.562500
v -0.100967 -0.123874 -0.562500
v -0.088422 -0.133178 -0.562500
v -0.075025 -0.141207 -0.562500
v -0.060906 -0.147885 -0.562500
v -0.046200 -0.153147 -0.562500
v -0.031050 -0.156942 -0.562500
v -0.015600 -0.159234 -0.562500
v 0.000000 -0.160000 -0.562500
v 0.015600 -0.159234 -0.562500
v 0.031050 -0.156942 -0.562500
v 0.046200 -0.153147 -0.562500
v 0.060906 -0.147885 -0.562500
v 0.075025 -0.141207 -0.562500
v 0.088422 -0.133178 -0.562500
v 0.100967 -0.123874 -0.562500
v 0.112540 -0.113385 -0.562500
v 0.123028 -0.101812 -0.562500
v 0.132333 -0.089267 -0.562500
v 0.140362 -0.075870 -0.562500
v 0.147040 -0.061751 -0.562500
v 0.152302 -0.047045 -0.562500
v 0.156097 -0.031895 -0.562500
v 0.158389 -0.016445 -0.562500
v 0.159155 -0.000845 -0.562500
v 0.158389 0.014755 -0.562500
v 0.156097 0.030204 -0.562500
v 0.152302 0.045355 -0.562500
v 0.147040 0.060061 -0.562500
v 0.140362 0.074180 -0.562500
v 0.132332 0.087577 -0.562500
v 0.123028 0.100122 -0.562500
v 0.112540 0.111694 -0.562500
v 0.100967 0.122183 -0.562500
v 0.088422 0.131487 -0.562500
v 0.075025 0.139517 -0.562500
v 0.060906 0.146195 -0.562500
v 0.046200 0.151457 -0.562500
v 0.031050 0.155252 -0.562500
v 0.015600 0.157543 -0.562500
v 0.000000 0.158310 -0.562500
v -0.015600 0.157543 -0.593750
v -0.031050 0.155252 -0.593750
v -0.046200 0.151457 -0.593750
v -0.060906 0.146195 -0.593750
v -0.075025 0.139517 -0.593750
v -0.088422 0.131487 -0.593750
v -0.100967 0.122183 -0.593750
v -0.112540 0.111694 -0.593750
v -0.123028 0.100122 -0.593750
v -0.132332 0.087577 -0.593750
v -0.140362 0.074180 -0.593750
v -0.147040 0.060061 -0.593750
v -0.152302 0.045355 -0.593750
v -0.156097 0.030204 -0.593750
v -0.158389 0.014755 -0.593750
v -0.159155 -0.000845 -0.593750
v -0.158389 -0.016445 -0.593750
v -0.156097 -0.031895 -0.593750
v -0.152302 -0.047045 -0.593750
v -0.147040 -0.061751 -0.593750
v -0.140362 -0.075870 -0.593750
v -0.132333 -0.089267 -0.593750
v -0.123028 -0.101812 -0.593750
v -0.112540 -0.113385 -0.593750
v -0.100967 -0.123874 -0.593750
v -0.088422 -0.133178 -0.593750
v -0.075025 -0.141207 -0.593750
v -0.060906 -0.147885 -0.593750
v -0.046200 -0.153147 -0.593750
v -0.031050 -0.156942 -0.593750
v -0.015600 -0.159234 -0.593750
v 0.000000 -0.160000 -0.593750
v 0.015600 -0.159234 -0.593750
v 0.031050 -0.156942 -0.593750
v 0.046200 -0.153147 -0.593750
v 0.060906 -0.147885 -0.593750
v 0.075025 -0.141207 -0.593750
v 0.088422 -0.133178 -0.593750
v 0.100967 -0.123874 -0.593750
v 0.112540 -0.113385 -0.593750
v 0.123028 -0.101812 -0.593750
v 0.132333 -0.089267 -0.593750
v 0.140362 -0.075870 -0.593750
v 0.147040 -0.061751 -0.593750
v 0.152302 -0.047045 -0.593750
v 0.156097 -0.031895 -0.593750
v 0.158389 -0.016445 -0.593750
v 0.159155 -0.000845 -0.593750
v 0.158389 0.014755 -0.593750
v 0.156097 0.030204 -0.593750
v 0.152302 0.045355 -0.593750
v 0.147040 0.060061 -0.593750
v 0.140362 0.074180 -0.593750
v 0.132332 0.087577 -0.593750
v 0.123028 0.100122 -0.593750
v 0.112540 0.111694 -0.593750
v 0.100967 0.122183 -0.593750
v 0.088422 0.131487 -0.593750
v 0.075025 0.139517 -0.593750
v 0.060906 0.146195 -0.593750
v 0.046200 0.151457 -0.593750
v 0.031050 0.155252 -0.593750
v 0.015600 0.157543 -0.593750
v 0.000000 0.158310 -0.593750
v -0.015600 0.157543 -0.625000
v -0.031050 0.155252 -0.625000
v -0.046200 0.151457 -0.625000
v -0.060906 0.146195 -0.625000
v -0.075025 0.139517 -0.625000
v -0.088422 0.131487 -0.625000
v -0.100967 0.122183 -0.625000
v -0.112540 0.111694 -0.625000
v -0.123028 0.100122 -0.625000
v -0.132332 0.087577 -0.625000
v -0.140362 0.074180 -0.625000
v -0.147040 0.060061 -0.625000
v -0.152302 0.045355 -0.625000
v -0.156097 0.030204 -0.625000
v -0.158389 0.014755 -0.625000
v -0.159155 -0.000845 -0.625000
v -0.158389 -0.016445 -0.625000
v -0.156097 -0.031895 -0.625000
v -0.152302 -0.047045 -0.625000
v -0.147040 -0.061751 -0.625000
v -0.140362 -0.075870 -0.625000
v -0.132333 -0.089267 -0.625000
v -0.123028 -0.101812 -0.625000
v -0.112540 -0.113385 -0.625000
v -0.100967 -0.123874 -0.625000
v -0.088422 -0.133178 -0.625000
v -0.075025 -0.141207 -0.625000
v -0.060906 -0.147885 -0.625000
v -0.046200 -0.153147 -0.625000
v -0.031050 -0.156942 -0.625000
v -0.015600 -0.159234 -0.625000
v 0.000000 -0.160000 -0.625000
v 0.015600 -0.159234 -0.625000
v 0.031050 -0.156942 -0.625000
v 0.046200 -0.153147 -0.625000
v 0.060906 -0.147885 -0.625000
v 0.075025 -0.141207 -0.625000
v 0.088422 -0.133178 -0.625000
v 0.100967 -0.123874 -0.625000
v 0.112540 -0.113385 -0.625000
v 0.123028 -0.101812 -0.625000
v 0.132333 -0.089267 -0.625000
v 0.140362 -0.075870 -0.625000
v 0.147040 -0.061751 -0.625000
v 0.152302 -0.047045 -0.625000
v 0.156097 -0.031895 -0.625000
v 0.158389 -0.016445 -0.625000
v 0.159155 -0.000845 -0.625000
v 0.158389 0.014755 -0.625000
v 0.156097 0.030204 -0.625000
v 0.152302 0.045355 -0.625000
v 0.147040 0.060061 -0.625000
v 0.140362 0.074180 -0.625000
v 0.132332 0.087577 -0.625000
v 0.123028 0.100122 -0.625000
v 0.112540 0.111694 -0.625000
v 0.100967 0.122183 -0.625000
v 0.088422 0.131487 -0.625000
v 0.075025 0.139517 -0.625000
v 0.060906 0.146195 -0.625000
v 0.046200 0.151457 -0.625000
v 0.031050 0.155252 -0.625000
v 0.015600 0.157543 -0.625000
v 0.000000 0.158310 -0.625000
v -0.015600 0.157543 -0.656250
v -0.031050 0.155252 -0.656250
v -0.046200 0.151457 -0.656250
v -0.060906 0.146195 -0.656250
v -0.075025 0.139517 -0.656250
v -0.088422 0.131487 -0.656250
v -0.100967 0.122183 -0.656250
v -0.112540 0.111694 -0.656250
v -0.123028 0.100122 -0.656250
v -0.132332 0.087577 -0.656250
v -0.140362 0.074180 -0.656250
v -0.147040 0.060061 -0.656250
v -0.152302 0.045355 -0.656250
v -0.156097 0.030204 -0.656250
v -0.158389 0.014755 -0.656250
v -0.159155 -0.000845 -0.656250
v -0.158389 -0.016445 -0.656250
v -0.156097 -0.031895 -0.656250
v -0.152302 -0.047045 -0.656250
v -0.147040 -0.061751 -0.656250
v -0.140362 -0.075870 -0.656250
v -0.132333 -0.089267 -0.656250
v -0.123028 -0.101812 -0.656250
v -0.112540 -0.113385 -0.656250
v -0.100967 -0.123874 -0.656250
v -0.088422 -0.133178 -0.656250
v -0.075025 -0.141207 -0.656250
v -0.060906 -0.147885 -0.656250
v -0.046200 -0.153147 -0.656250
v -0.031050 -0.156942 -0.656250
v -0.015600 -0.159234 -0.656250
v 0.000000 -0.160000 -0.656250
v 0.015600 -0.159234 -0.656250
v 0.031050 -0.156942 -0.656250
v 0.046200 -0.153147 -0.656250
v 0.060906 -0.147885 -0.656250
v 0.075025 -0.141207 -0.656250
v 0.088422 -0.133178 -0.656250
v 0.100967 -0.123874 -0.656250
v 0.112540 -0.113385 -0.656250
v 0.123028 -0.101812 -0.656250
v 0.132333 -0.089267 -0.656250
v 0.140362 -0.075870 -0.656250
v 0.147040 -0.061751 -0.656250
v 0.152302 -0.047045 -0.656250
v 0.156097 -0.031895 -0.656250
v 0.158389 -0.016445 -0.656250
v 0.159155 -0.000845 -0.656250
v 0.158389 0.014755 -0.656250
v 0.156097 0.030204 -0.656250
v 0.152302 0.045355 -0.656250
v 0.147040 0.060061 -0.656250
v 0.140362 0.074180 -0.656250
v 0.132332 0.087577 -0.656250
v 0.123028 0.100122 -0.656250
v 0.112540 0.111694 -0.656250
v 0.100967 0.122183 -0.656250
v 0.088422 0.131487 -0.656250
v 0.075025 0.139517 -0.656250
v 0.060906 0.146195 -0.656250
v 0.046200 0.151457 -0.656250
v 0.031050 0.155252 -0.656250
v 0.015600 0.157543 -0.656250
v 0.000000 0.158310 -0.656250
v 0.000000 0.158310 -0.687500
v -0.015600 0.157543 -0.687500
v -0.031050 0.155252 -0.687500
v -0.046200 0.151457 -0.687500
v -0.060906 0.146195 -0.687500
v -0.075025 0.139517 -0.687500
v -0.088422 0.131487 -0.687500
v -0.100967 0.122183 -0.687500
v -0.112540 0.111694 -0.687500
v -0.123028 0.100122 -0.687500
v -0.132332 0.087577 -0.687500
v -0.140362 0.074180 -0.687500
v -0.147040 0.060061 -0.687500
v -0.152302 0.045355 -0.687500
v -0.156097 0.030204 -0.687500
v -0.158389 0.014755 -0.687500
v -0.159155 -0.000845 -0.687500
v -0.158389 -0.016445 -0.687500
v -0.156097 -0.031895 -0.687500
v -0.152302 -0.047045 -0.687500
v -0.147040 -0.061751 -0.687500
v -0.140362 -0.075870 -0.687500
v -0.132333 -0.089267 -0.687500
v -0.123028 -0.101812 -0.687500
v -0.112540 -0.113385 -0.687500
v -0.100967 -0.123874 -0.687500
v -0.088422 -0.133178 -0.687500
v -0.075025 -0.141207 -0.687500
v -0.060906 -0.147885 -0.687500
v -0.046200 -0.153147 -0.687500
v -0.031050 -0.156942 -0.687500
v -0.015600 -0.159234 -0.687500
v 0.000000 -0.160000 -0.687500
v 0.015600 -0.159234 -0.687500
v 0.031050 -0.156942 -0.687500
v 0.046200 -0.153147 -0.687500
v 0.060906 -0.147885 -0.687500
v 0.075025 -0.141207 -0.687500
v 0.088422 -0.133178 -0.687500
v 0.100967 -0.123874 -0.687500
v 0.112540 -0.113385 -0.687500
v 0.123028 -0.101812 -0.687500
v 0.132333 -0.089267 -0.687500
v 0.140362 -0.075870 -0.687500
v 0.147040 -0.061751 -0.687500
v 0.152302 -0.047045 -0.687500
v 0.156097 -0.031895 -0.687500
v 0.158389 -0.016445 -0.687500
v 0.159155 -0.000845 -0.687500
v 0.158389 0.014755 -0.687500
v 0.156097 0.030204 -0.687500
v 0.152302 0.045355 -0.687500
v 0.147040 0.060061 -0.687500
v 0.140362 0.074180 -0.687500
v 0.132332 0.087577 -0.687500
v 0.123028 0.100122 -0.687500
v 0.112540 0.111694 -0.687500
v 0.100967 0.122183 -0.687500
v 0.088422 0.131487 -0.687500
v 0.075025 0.139517 -0.687500
v 0.060906 0.146195 -0.687500
v 0.046200 0.151457 -0.687500
v 0.031050 0.155252 -0.687500
v 0.015600 0.157543 -0.687500
v -0.015600 0.157543 -0.718750
v -0.031050 0.155252 -0.718750
v -0.046200 0.151457 -0.718750
v -0.060906 0.146195 -0.718750
v -0.075025 0.139517 -0.718750
v -0.088422 0.131487 -0.718750
v -0.100967 0.122183 -0.718750
v -0.112540 0.111694 -0.718750
v -0.123028 0.100122 -0.718750
v -0.132332 0.087577 -0.718750
v -0.140362 0.074180 -0.718750
v -0.147040 0.060061 -0.718750
v -0.152302 0.045355 -0.718750
v -0.156097 0.030204 -0.718750
v -0.158389 0.014755 -0.718750
v -0.159155 -0.000845 -0.718750
v -0.158389 -0.016445 -0.718750
v -0.156097 -0.031895 -0.718750
v -0.152302 -0.047045 -0.718750
v -0.147040 -0.061751 -0.718750
v -0.140362 -0.075870 -0.718750
v -0.132333 -0.089267 -0.718750
v -0.123028 -0.101812 -0.718750
v -0.112540 -0.113385 -0.718750
v -0.100967 -0.123874 -0.718750
v -0.088422 -0.133178 -0.718750
v -0.075025 -0.141207 -0.718750
v -0.060906 -0.147885 -0.718750
v -0.046200 -0.153147 -0.718750
v -0.031050 -0.156942 -0.718750
v -0.015600 -0.159234 -0.718750
v 0.000000 -0.160000 -0.718750
v 0.015600 -0.159234 -0.718750
v 0.031050 -0.156942 -0.718750
v 0.046200 -0.153147 -0.718750
v 0.060906 -0.147885 -0.718750
v 0.075025 -0.141207 -0.718750
v 0.088422 -0.133178 -0.718750
v 0.100967 -0.123874 -0.718750
v 0.112540 -0.113385 -0.718750
v 0.123028 -0.101812 -0.718750
v 0.132333 -0.089267 -0.718750
v 0.140362 -0.075870 -0.718750
v 0.147040 -0.061751 -0.718750
v 0.152302 -0.047045 -0.718750
v 0.156097 -0.031895 -0.718750
v 0.158389 -0.016445 -0.718750
v 0.159155 -0.000845 -0.718750
v 0.158389 0.014755 -0.718750
v 0.156097 0.030204 -0.718750
v 0.152302 0.045355 -0.718750
v 0.147040 0.060061 -0.718750
v 0.140362 0.074180 -0.718750
v 0.132332 0.087577 -0.718750
v 0.123028 0.100122 -0.718750
v 0.112540 0.111694 -0.718750
v 0.100967 0.122183 -0.718750
v 0.088422 0.131487 -0.718750
v 0.075025 0.139517 -0.718750
v 0.060906 0.146195 -0.718750
v 0.046200 0.151457 -0.718750
v 0.031050 0.155252 -0.718750
v 0.015600 0.157543 -0.718750
v 0.000000 0.158310 -0.718750
v 0.000000 0.158310 -0.750000
v -0.015600 0.157543 -0.750000
v -0.031050 0.155252 -0.750000
v -0.046200 0.151457 -0.750000
v -0.060906 0.146195 -0.750000
v -0.075025 0.139517 -0.750000
v -0.088422 0.131487 -0.750000
v -0.100967 0.122183 -0.750000
v -0.112540 0.111694 -0.750000
v -0.123028 0.100122 -0.750000
v -0.132332 0.087577 -0.750000
v -0.140362 0.074180 -0.750000
v -0.147040 0.060061 -0.750000
v -0.152302 0.045355 -0.750000
v -0.156097 0.030204 -0.750000
v -0.158389 0.014755 -0.750000
v -0.159155 -0.000845 -0.750000
v -0.158389 -0.016445 -0.750000
v -0.156097 -0.031895 -0.750000
v -0.152302 -0.047045 -0.750000
v -0.147040 -0.061751 -0.750000
v -0.140362 -0.075870 -0.750000
v -0.132333 -0.089267 -0.750000
v -0.123028 -0.101812 -0.750000
v -0.112540 -0.113385 -0.750000
v -0.100967 -0.123874 -0.750000
v -0.088422 -0.133178 -0.750000
v -0.075025 -0.141207 -0.750000
v -0.060906 -0.147885 -0.750000
v -0.046200 -0.153147 -0.750000
v -0.031050 -0.156942 -0.750000
v -0.015600 -0.159234 -0.750000
v 0.000000 -0.160000 -0.750000
v 0.015600 -0.159234 -0.750000
v 0.031050 -0.156942 -0.750000
v 0.046200 -0.153147 -0.750000
v 0.060906 -0.147885 -0.750000
v 0.075025 -0.141207 -0.750000
v 0.088422 -0.133178 -0.750000
v 0.100967 -0.123874 -0.750000
v 0.112540 -0.113385 -0.750000
v 0.123028 -0.101812 -0.750000
v 0.132333 -0.089267 -0.750000
v 0.140362 -0.075870 -0.750000
v 0.147040 -0.061751 -0.750000
v 0.152302 -0.047045 -0.750000
v 0.156097 -0.031895 -0.750000
v 0.158389 -0.016445 -0.750000
v 0.159155 -0.000845 -0.750000
v 0.158389 0.014755 -0.750000
v 0.156097 0.030204 -0.750000
v 0.152302 0.045355 -0.750000
v 0.147040 0.060061 -0.750000
v 0.140362 0.074180 -0.750000
v 0.132332 0.087577 -0.750000
v 0.123028 0.100122 -0.750000
v 0.112540 0.111694 -0.750000
v 0.100967 0.122183 -0.750000
v 0.088422 0.131487 -0.750000
v 0.075025 0.139517 -0.750000
v 0.060906 0.146195 -0.750000
v 0.046200 0.151457 -0.750000
v 0.031050 0.155252 -0.750000
v 0.015600 0.157543 -0.750000
v 0.000000 0.158310 -0.781250
v -0.015600 0.157543 -0.781250
v -0.031050 0.155252 -0.781250
v -0.046200 0.151457 -0.781250
v -0.060906 0.146195 -0.781250
v -0.075025 0.139517 -0.781250
v -0.088422 0.131487 -0.781250
v -0.100967 0.122183 -0.781250
v -0.112540 0.111694 -0.781250
v -0.123028 0.100122 -0.781250
v -0.132332 0.087577 -0.781250
v -0.140362 0.074180 -0.781250
v -0.147040 0.060061 -0.781250
v -0.152302 0.045355 -0.781250
v -0.156097 0.030204 -0.781250
v -0.158389 0.014755 -0.781250
v -0.159155 -0.000845 -0.781250
v -0.158389 -0.016445 -0.781250
v -0.156097 -0.031895 -0.781250
v -0.152302 -0.047045 -0.781250
v -0.147040 -0.061751 -0.781250
v -0.140362 -0.075870 -0.781250
v -0.132333 -0.089267 -0.781250
v -0.123028 -0.101812 -0.781250
v -0.112540 -0.113385 -0.781250
v -0.100967 -0.123874 -0.781250
v -0.088422 -0.133178 -0.781250
v -0.075025 -0.141207 -0.781250
v -0.060906 -0.147885 -0.781250
v -0.046200 -0.153147 -0.781250
v -0.031050 -0.156942 -0.781250
v -0.015600 -0.159234 -0.781250
v 0.000000 -0.160000 -0.781250
v 0.015600 -0.159234 -0.781250
v 0.031050 -0.156942 -0.781250
v 0.046200 -0.153147 -0.781250
v 0.060906 -0.147885 -0.781250
v 0.075025 -0.141207 -0.781250
v 0.088422 -0.133178 -0.781250
v 0.100967 -0.123874 -0.781250
v 0.112540 -0.113385 -0.781250
v 0.123028 -0.101812 -0.781250
v 0.132333 -0.089267 -0.781250
v 0.140362 -0.075870 -0.781250
v 0.147040 -0.061751 -0.781250
v 0.152302 -0.047045 -0.781250
v 0.156097 -0.031895 -0.781250
v 0.158389 -0.016445 -0.781250
v 0.159155 -0.000845 -0.781250
v 0.158389 0.014755 -0.781250
v 0.156097 0.030204 -0.781250
v 0.152302 0.045355 -0.781250
v 0.147040 0.060061 -0.781250
v 0.140362 0.074180 -0.781250
v 0.132332 0.087577 -0.781250
v 0.123028 0.100122 -0.781250
v 0.112540 0.111694 -0.781250
v 0.100967 0.122183 -0.781250
v 0.088422 0.131487 -0.781250
v 0.075025 0.139517 -0.781250
v 0.060906 0.146195 -0.781250
v 0.046200 0.151457 -0.781250
v 0.031050 0.155252 -0.781250
v 0.015600 0.157543 -0.781250
v 0.000000 0.158310 -0.812500
v -0.015600 0.157543 -0.812500
v -0.031050 0.155252 -0.812500
v -0.046200 0.151457 -0.812500
v -0.060906 0.146195 -0.812500
v -0.075025 0.139517 -0.812500
v -0.088422 0.131487 -0.812500
v -0.100967 0.122183 -0.812500
v -0.112540 0.111694 -0.812500
v -0.123028 0.100122 -0.812500
v -0.132332 0.087577 -0.812500
v -0.140362 0.074180 -0.812500
v -0.147040 0.060061 -0.812500
v -0.152302 0.045355 -0.812500
v -0.156097 0.030204 -0.812500
v -0.158389 0.014755 -0.812500
v -0.159155 -0.000845 -0.812500
v -0.158389 -0.016445 -0.812500
v -0.156097 -0.031895 -0.812500
v -0.152302 -0.047045 -0.812500
v -0.147040 -0.061751 -0.812500
v -0.140362 -0.075870 -0.812500
v -0.132333 -0.089267 -0.812500
v -0.123028 -0.101812 -0.812500
v -0.112540 -0.113385 -0.812500
v -0.100967 -0.123874 -0.812500
v -0.088422 -0.133178 -0.812500
v -0.075025 -0.141207 -0.812500
v -0.060906 -0.147885 -0.812500
v -0.046200 -0.153147 -0.812500
v -0.031050 -0.156942 -0.812500
v -0.015600 -0.159234 -0.812500
v 0.000000 -0.160000 -0.812500
v 0.015600 -0.159234 -0.812500
v 0.031050 -0.156942 -0.812500
v 0.046200 -0.153147 -0.812500
v 0.060906 -0.147885 -0.812500
v 0.075025 -0.141207 -0.812500
v 0.088422 -0.133178 -0.812500
v 0.100967 -0.123874 -0.812500
v 0.112540 -0.113385 -0.812500
v 0.123028 -0.101812 -0.812500
v 0.132333 -0.089267 -0.812500
v 0.140362 -0.075870 -0.812500
v 0.147040 -0.061751 -0.812500
v 0.152302 -0.047045 -0.812500
v 0.156097 -0.031895 -0.812500
v 0.158389 -0.016445 -0.812500
v 0.159155 -0.000845 -0.812500
v 0.158389 0.014755 -0.812500
v 0.156097 0.030204 -0.812500
v 0.152302 0.045355 -0.812500
v 0.147040 0.060061 -0.812500
v 0.140362 0.074180 -0.812500
v 0.132332 0.087577 -0.812500
v 0.123028 0.100122 -0.812500
v 0.112540 0.111694 -0.812500
v 0.100967 0.122183 -0.812500
v 0.088422 0.131487 -0.812500
v 0.075025 0.139517 -0.812500
v 0.060906 0.146195 -0.812500
v 0.046200 0.151457 -0.812500
v 0.031050 0.155252 -0.812500
v 0.015600 0.157543 -0.812500
v 0.000000 0.158310 -0.843750
v -0.015600 0.157543 -0.843750
v -0.031050 0.155252 -0.843750
v -0.046200 0.151457 -0.843750
v -0.060906 0.146195 -0.843750
v -0.075025 0.139517 -0.843750
v -0.088422 0.131487 -0.843750
v -0.100967 0.122183 -0.843750
v -0.112540 0.111694 -0.843750
v -0.123028 0.100122 -0.843750
v -0.132332 0.087577 -0.843750
v -0.140362 0.074180 -0.843750
v -0.147040 0.060061 -0.843750
v -0.152302 0.045355 -0.843750
v -0.156097 0.030204 -0.843750
v -0.158389 0.014755 -0.843750
v -0.159155 -0.000845 -0.843750
v -0.158389 -0.016445 -0.843750
v -0.156097 -0.031895 -0.843750
v -0.152302 -0.047045 -0.843750
v -0.147040 -0.061751 -0.843750
v -0.140362 -0.075870 -0.843750
v -0.132333 -0.089267 -0.843750
v -0.123028 -0.101812 -0.843750
v -0.112540 -0.113385 -0.843750
v -0.100967 -0.123874 -0.843750
v -0.088422 -0.133178 -0.843750
v -0.075025 -0.141207 -0.843750
v -0.060906 -0.147885 -0.843750
v -0.046200 -0.153147 -0.843750
v -0.031050 -0.156942 -0.843750
v -0.015600 -0.159234 -0.843750
v 0.000000 -0.160000 -0.843750
v 0.015600 -0.159234 -0.843750
v 0.031050 -0.156942 -0.843750
v 0.046200 -0.153147 -0.843750
v 0.060906 -0.147885 -0.843750
v 0.075025 -0.141207 -0.843750
v 0.088422 -0.133178 -0.843750
v 0.100967 -0.123874 -0.843750
v 0.112540 -0.113385 -0.843750
v 0.123028 -0.101812 -0.843750
v 0.132333 -0.089267 -0.843750
v 0.140362 -0.075870 -0.843750
v 0.147040 -0.061751 -0.843750
v 0.152302 -0.047045 -0.843750
v 0.156097 -0.031895 -0.843750
v 0.158389 -0.016445 -0.843750
v 0.159155 -0.000845 -0.843750
v 0.158389 0.014755 -0.843750
v 0.156097 0.030204 -0.843750
v 0.152302 0.045355 -0.843750
v 0.147040 0.060061 -0.843750
v 0.140362 0.074180 -0.843750
v 0.132332 0.087577 -0.843750
v 0.123028 0.100122 -0.843750
v 0.112540 0.111694 -0.843750
v 0.100967 0.122183 -0.843750
v 0.088422 0.131487 -0.843750
v 0.075025 0.139517 -0.843750
v 0.060906 0.146195 -0.843750
v 0.046200 0.151457 -0.843750
v 0.031050 0.155252 -0.843750
v 0.015600 0.157543 -0.843750
v -0.015600 0.157543 -0.875000
v -0.031050 0.155252 -0.875000
v -0.046200 0.151457 -0.875000
v -0.060906 0.146195 -0.875000
v -0.075025 0.139517 -0.875000
v -0.088422 0.131487 -0.875000
v -0.100967 0.122183 -0.875000
v -0.112540 0.111694 -0.875000
v -0.123028 0.100122 -0.875000
v -0.132332 0.087577 -0.875000
v -0.140362 0.074180 -0.875000
v -0.147040 0.060061 -0.875000
v -0.152302 0.045355 -0.875000
v -0.156097 0.030204 -0.875000
v -0.158389 0.014755 -0.875000
v -0.159155 -0.000845 -0.875000
v -0.158389 -0.016445 -0.875000
v -0.156097 -0.031895 -0.875000
v -0.152302 -0.047045 -0.875000
v -0.147040 -0.061751 -0.875000
v -0.140362 -0.075870 -0.875000
v -0.132333 -0.089267 -0.875000
v -0.123028 -0.101812 -0.875000
v -0.112540 -0.113385 -0.875000
v -0.100967 -0.123874 -0.875000
v -0.088422 -0.133178 -0.875000
v -0.075025 -0.141207 -0.875000
v -0.060906 -0.147885 -0.875000
v -0.046200 -0.153147 -0.875000
v -0.031050 -0.156942 -0.875000
v -0.015600 -0.159234 -0.875000
v 0.000000 -0.160000 -0.875000
v 0.015600 -0.159234 -0.875000
v 0.031050 -0.156942 -0.875000
v 0.046200 -0.153147 -0.875000
v 0.060906 -0.147885 -0.875000
v 0.075025 -0.141207 -0.875000
v 0.088422 -0.133178 -0.875000
v 0.100967 -0.123874 -0.875000
v 0.112540 -0.113385 -0.875000
v 0.123028 -0.101812 -0.875000
v 0.132333 -0.089267 -0.875000
v 0.140362 -0.075870 -0.875000
v 0.147040 -0.061751 -0.875000
v 0.152302 -0.047045 -0.875000
v 0.156097 -0.031895 -0.875000
v 0.158389 -0.016445 -0.875000
v 0.159155 -0.000845 -0.875000
v 0.158389 0.014755 -0.875000
v 0.156097 0.030204 -0.875000
v 0.152302 0.045355 -0.875000
v 0.147040 0.060061 -0.875000
v 0.140362 0.074180 -0.875000
v 0.132332 0.087577 -0.875000
v 0.123028 0.100122 -0.875000
v 0.112540 0.111694 -0.875000
v 0.100967 0.122183 -0.875000
v 0.088422 0.131487 -0.875000
v 0.075025 0.139517 -0.875000
v 0.060906 0.146195 -0.875000
v 0.046200 0.151457 -0.875000
v 0.031050 0.155252 -0.875000
v 0.015600 0.157543 -0.875000
v 0.000000 0.158310 -0.875000
v -0.015600 0.157543 -0.906250
v -0.031050 0.155252 -0.906250
v -0.046200 0.151457 -0.906250
v -0.060906 0.146195 -0.906250
v -0.075025 0.139517 -0.906250
v -0.088422 0.131487 -0.906250
v -0.100967 0.122183 -0.906250
v -0.112540 0.111694 -0.906250
v -0.123028 0.100122 -0.906250
v -0.132332 0.087577 -0.906250
v -0.140362 0.074180 -0.906250
v -0.147040 0.060061 -0.906250
v -0.152302 0.045355 -0.906250
v -0.156097 0.030204 -0.906250
v -0.158389 0.014755 -0.906250
v -0.159155 -0.000845 -0.906250
v -0.158389 -0.016445 -0.906250
v -0.156097 -0.031895 -0.906250
v -0.152302 -0.047045 -0.906250
v -0.147040 -0.061751 -0.906250
v -0.140362 -0.075870 -0.906250
v -0.132333 -0.089267 -0.906250
v -0.123028 -0.101812 -0.906250
v -0.112540 -0.113385 -0.906250
v -0.100967 -0.123874 -0.906250
v -0.088422 -0.133178 -0.906250
v -0.075025 -0.141207 -0.906250
v -0.060906 -0.147885 -0.906250
v -0.046200 -0.153147 -0.906250
v -0.031050 -0.156942 -0.906250
v -0.015600 -0.159234 -0.906250
v 0.000000 -0.160000 -0.906250
v 0.015600 -0.159234 -0.906250
v 0.031050 -0.156942 -0.906250
v 0.046200 -0.153147 -0.906250
v 0.060906 -0.147885 -0.906250
v 0.075025 -0.141207 -0.906250
v 0.088422 -0.133178 -0.906250
v 0.100967 -0.123874 -0.906250
v 0.112540 -0.113385 -0.906250
v 0.123028 -0.101812 -0.906250
v 0.132333 -0.089267 -0.906250
v 0.140362 -0.075870 -0.906250
v 0.147040 -0.061751 -0.906250
v 0.152302 -0.047045 -0.906250
v 0.156097 -0.031895 -0.906250
v 0.158389 -0.016445 -0.906250
v 0.159155 -0.000845 -0.906250
v 0.158389 0.014755 -0.906250
v 0.156097 0.030204 -0.906250
v 0.152302 0.045355 -0.906250
v 0.147040 0.060061 -0.906250
v 0.140362 0.074180 -0.906250
v 0.132332 0.087577 -0.906250
v 0.123028 0.100122 -0.906250
v 0.112540 0.111694 -0.906250
v 0.100967 0.122183 -0.906250
v 0.088422 0.131487 -0.906250
v 0.075025 0.139517 -0.906250
v 0.060906 0.146195 -0.906250
v 0.046200 0.151457 -0.906250
v 0.031050 0.155252 -0.906250
v 0.015600 0.157543 -0.906250
v 0.000000 0.158310 -0.906250
v 0.000000 0.158310 -0.937500
v -0.015600 0.157543 -0.937500
v -0.031050 0.155252 -0.937500
v -0.046200 0.151457 -0.937500
v -0.060906 0.146195 -0.937500
v -0.075025 0.139517 -0.937500
v -0.088422 0.131487 -0.937500
v -0.100967 0.122183 -0.937500
v -0.112540 0.111694 -0.937500
v -0.123028 0.100122 -0.937500
v -0.132332 0.087577 -0.937500
v -0.140362 0.074180 -0.937500
v -0.147040 0.060061 -0.937500
v -0.152302 0.045355 -0.937500
v -0.156097 0.030204 -0.937500
v -0.158389 0.014755 -0.937500
v -0.159155 -0.000845 -0.937500
v -0.158389 -0.016445 -0.937500
v -0.156097 -0.031895 -0.937500
v -0.152302 -0.047045 -0.937500
v -0.147040 -0.061751 -0.937500
v -0.140362 -0.075870 -0.937500
v -0.132333 -0.089267 -0.937500
v -0.123028 -0.101812 -0.937500
v -0.112540 -0.113385 -0.937500
v -0.100967 -0.123874 -0.937500
v -0.088422 -0.133178 -0.937500
v -0.075025 -0.141207 -0.937500
v -0.060906 -0.147885 -0.937500
v -0.046200 -0.153147 -0.937500
v -0.031050 -0.156942 -0.937500
v -0.015600 -0.159234 -0.937500
v 0.000000 -0.160000 -0.937500
v 0.015600 -0.159234 -0.937500
v 0.031050 -0.156942 -0.937500
v 0.046200 -0.153147 -0.937500
v 0.060906 -0.147885 -0.937500
v 0.075025 -0.141207 -0.937500
v 0.088422 -0.133178 -0.937500
v 0.100967 -0.123874 -0.937500
v 0.112540 -0.113385 -0.937500
v 0.123028 -0.101812 -0.937500
v 0.132333 -0.089267 -0.937500
v 0.140362 -0.075870 -0.937500
v 0.147040 -0.061751 -0.937500
v 0.152302 -0.047045 -0.937500
v 0.156097 -0.031895 -0.937500
v 0.158389 -0.016445 -0.937500
v 0.159155 -0.000845 -0.937500
v 0.158389 0.014755 -0.937500
v 0.156097 0.030204 -0.937500
v 0.152302 0.045355 -0.937500
v 0.147040 0.060061 -0.937500
v 0.140362 0.074180 -0.937500
v 0.132332 0.087577 -0.937500
v 0.123028 0.100122 -0.937500
v 0.112540 0.111694 -0.937500
v 0.100967 0.122183 -0.937500
v 0.088422 0.131487 -0.937500
v 0.075025 0.139517 -0.937500
v 0.060906 0.146195 -0.937500
v 0.046200 0.151457 -0.937500
v 0.031050 0.155252 -0.937500
v 0.015600 0.157543 -0.937500
v -0.015600 0.157543 -0.968750
v -0.031050 0.155252 -0.968750
v -0.046200 0.151457 -0.968750
v -0.060906 0.146195 -0.968750
v -0.075025 0.139517 -0.968750
v -0.088422 0.131487 -0.968750
v -0.100967 0.122183 -0.968750
v -0.112540 0.111694 -0.968750
v -0.123028 0.100122 -0.968750
v -0.132332 0.087577 -0.968750
v -0.140362 0.074180 -0.968750
v -0.147040 0.060061 -0.968750
v -0.152302 0.045355 -0.968750
v -0.156097 0.030204 -0.968750
v -0.158389 0.014755 -0.968750
v -0.159155 -0.000845 -0.968750
v -0.158389 -0.016445 -0.968750
v -0.156097 -0.031895 -0.968750
v -0.152302 -0.047045 -0.968750
v -0.147040 -0.061751 -0.968750
v -0.140362 -0.075870 -0.968750
v -0.132333 -0.089267 -0.968750
v -0.123028 -0.101812 -0.968750
v -0.112540 -0.113385 -0.968750
v -0.100967 -0.123874 -0.968750
v -0.088422 -0.133178 -0.968750
v -0.075025 -0.141207 -0.968750
v -0.060906 -0.147885 -0.968750
v -0.046200 -0.153147 -0.968750
v -0.031050 -0.156942 -0.968750
v -0.015600 -0.159234 -0.968750
v 0.000000 -0.160000 -0.968750
v 0.015600 -0.159234 -0.968750
v 0.031050 -0.156942 -0.968750
v 0.046200 -0.153147 -0.968750
v 0.060906 -0.147885 -0.968750
v 0.075025 -0.141207 -0.968750
v 0.088422 -0.133178 -0.968750
v 0.100967 -0.123874 -0.968750
v 0.112540 -0.113385 -0.968750
v 0.123028 -0.101812 -0.968750
v 0.132333 -0.089267 -0.968750
v 0.140362 -0.075870 -0.968750
v 0.147040 -0.061751 -0.968750
v 0.152302 -0.047045 -0.968750
v 0.156097 -0.031895 -0.968750
v 0.158389 -0.016445 -0.968750
v 0.159155 -0.000845 -0.968750
v 0.158389 0.014755 -0.968750
v 0.156097 0.030204 -0.968750
v 0.152302 0.045355 -0.968750
v 0.147040 0.060061 -0.968750
v 0.140362 0.074180 -0.968750
v 0.132332 0.087577 -0.968750
v 0.123028 0.100122 -0.968750
v 0.112540 0.111694 -0.968750
v 0.100967 0.122183 -0.968750
v 0.088422 0.131487 -0.968750
v 0.075025 0.139517 -0.968750
v 0.060906 0.146195 -0.968750
v 0.046200 0.151457 -0.968750
v 0.031050 0.155252 -0.968750
v 0.015600 0.157543 -0.968750
v 0.000000 0.158310 -0.968750
v 0.000000 0.158310 -1.000000
v -0.015600 0.157543 -1.000000
v -0.031050 0.155252 -1.000000
v -0.046200 0.151457 -1.000000
v -0.060906 0.146195 -1.000000
v -0.075025 0.139517 -1.000000
v -0.088422 0.131487 -1.000000
v -0.100967 0.122183 -1.000000
v -0.112540 0.111694 -1.000000
v -0.123028 0.100122 -1.000000
v -0.132332 0.087577 -1.000000
v -0.140362 0.074180 -1.000000
v -0.147040 0.060061 -1.000000
v -0.152302 0.045355 -1.000000
v -0.156097 0.030204 -1.000000
v -0.158389 0.014755 -1.000000
v -0.159155 -0.000845 -1.000000
v -0.158389 -0.016445 -1.000000
v -0.156097 -0.031895 -1.000000
v -0.152302 -0.047045 -1.000000
v -0.147040 -0.061751 -1.000000
v -0.140362 -0.075870 -1.000000
v -0.132333 -0.089267 -1.000000
v -0.123028 -0.101812 -1.000000
v -0.112540 -0.113385 -1.000000
v -0.100967 -0.123874 -1.000000
v -0.088422 -0.133178 -1.000000
v -0.075025 -0.141207 -1.000000
v -0.060906 -0.147885 -1.000000
v -0.046200 -0.153147 -1.000000
v -0.031050 -0.156942 -1.000000
v -0.015600 -0.159234 -1.000000
v 0.000000 -0.160000 -1.000000
v 0.015600 -0.159234 -1.000000
v 0.031050 -0.156942 -1.000000
v 0.046200 -0.153147 -1.000000
v 0.060906 -0.147885 -1.000000
v 0.075025 -0.141207 -1.000000
v 0.088422 -0.133178 -1.000000
v 0.100967 -0.123874 -1.000000
v 0.112540 -0.113385 -1.000000
v 0.123028 -0.101812 -1.000000
v 0.132333 -0.089267 -1.000000
v 0.140362 -0.075870 -1.000000
v 0.147040 -0.061751 -1.000000
v 0.152302 -0.047045 -1.000000
v 0.156097 -0.031895 -1.000000
v 0.158389 -0.016445 -1.000000
v 0.159155 -0.000845 -1.000000
v 0.158389 0.014755 -1.000000
v 0.156097 0.030204 -1.000000
v 0.152302 0.045355 -1.000000
v 0.147040 0.060061 -1.000000
v 0.140362 0.074180 -1.000000
v 0.132332 0.087577 -1.000000
v 0.123028 0.100122 -1.000000
v 0.112540 0.111694 -1.000000
v 0.100967 0.122183 -1.000000
v 0.088422 0.131487 -1.000000
v 0.075025 0.139517 -1.000000
v 0.060906 0.146195 -1.000000
v 0.046200 0.151457 -1.000000
v 0.031050 0.155252 -1.000000
v 0.015600 0.157543 -1.000000
vn -0.0000 -1.0000 -0.0000
vn 0.0980 -0.9952 -0.0000
vn 0.1951 -0.9808 -0.0000
vn 0.2903 -0.9569 -0.0000
vn 0.3827 -0.9239 -0.0000
vn 0.4714 -0.8819 -0.0000
vn 0.5556 -0.8315 -0.0000
vn 0.6344 -0.7730 -0.0000
vn 0.7071 -0.7071 -0.0000
vn 0.7730 -0.6344 -0.0000
vn 0.8315 -0.5556 -0.0000
vn 0.8819 -0.4714 -0.0000
vn 0.9239 -0.3827 -0.0000
vn 0.9569 -0.2903 -0.0000
vn 0.9808 -0.1951 -0.0000
vn 0.9952 -0.0980 -0.0000
vn 1.0000 -0.0000 -0.0000
vn 0.9952 0.0980 -0.0000
vn 0.9808 0.1951 -0.0000
vn 0.9569 0.2903 -0.0000
vn 0.9239 0.3827 -0.0000
vn 0.8819 0.4714 -0.0000
vn 0.8315 0.5556 -0.0000
vn 0.7730 0.6344 -0.0000
vn 0.7071 0.7071 -0.0000
vn 0.6344 0.7730 -0.0000
vn 0.5556 0.8315 -0.0000
vn 0.4714 0.8819 -0.0000
vn 0.3827 0.9239 -0.0000
vn 0.2903 0.9569 -0.0000
vn 0.1951 0.9808 -0.0000
vn 0.0980 0.9952 -0.0000
vn -0.0000 1.0000 -0.0000
vn -0.0980 0.9952 -0.0000
vn -0.1951 0.9808 -0.0000
vn -0.2903 0.9569 -0.0000
vn -0.3827 0.9239 -0.0000
vn -0.4714 0.8819 -0.0000
vn -0.5556 0.8315 -0.0000
vn -0.6344 0.7730 -0.0000
vn -0.7071 0.7071 -0.0000
vn -0.7730 0.6344 -0.0000
vn -0.8315 0.5556 -0.0000
vn -0.8819 0.4714 -0.0000
vn -0.9239 0.3827 -0.0000
vn -0.9569 0.2903 -0.0000
vn -0.9808 0.1951 -0.0000
vn -0.9952 0.0980 -0.0000
vn -1.0000 -0.0000 -0.0000
vn -0.9952 -0.0980 -0.0000
vn -0.9808 -0.1951 -0.0000
vn -0.9569 -0.2903 -0.0000
vn -0.9239 -0.3827 -0.0000
vn -0.8819 -0.4714 -0.0000
vn -0.8315 -0.5556 -0.0000
vn -0.7730 -0.6344 -0.0000
vn -0.7071 -0.7071 -0.0000
vn -0.6344 -0.7730 -0.0000
vn -0.5556 -0.8315 -0.0000
vn -0.4714 -0.8819 -0.0000
vn -0.3827 -0.9239 -0.0000
vn -0.2903 -0.9569 -0.0000
vn -0.1951 -0.9808 -0.0000
vn -0.0980 -0.9952 -0.0000
vt 0.999110 0.999665
vt 0.983498 0.999665
vt 0.983504 0.984050
vt 0.999113 0.984047
vt 0.967885 0.999660
vt 0.967895 0.984045
vt 0.952276 0.999646
vt 0.952290 0.984032
vt 0.936675 0.999628
vt 0.936687 0.984016
vt 0.921082 0.999614
vt 0.921089 0.983999
vt 0.905495 0.999599
vt 0.905494 0.983988
vt 0.889911 0.999592
vt 0.889902 0.983977
vt 0.874329 0.999586
vt 0.874312 0.983975
vt 0.858747 0.999588
vt 0.858723 0.983973
vt 0.843165 0.999591
vt 0.843135 0.983979
vt 0.827582 0.999601
vt 0.827545 0.983985
vt 0.811997 0.999611
vt 0.811955 0.983998
vt 0.796409 0.999627
vt 0.796363 0.984012
vt 0.780818 0.999643
vt 0.780770 0.984029
vt 0.765224 0.999662
vt 0.765174 0.984047
vt 0.749627 0.999682
vt 0.749575 0.984067
vt 0.734027 0.999703
vt 0.733975 0.984088
vt 0.718423 0.999725
vt 0.718372 0.984109
vt 0.702816 0.999746
vt 0.702766 0.984131
vt 0.687206 0.999768
vt 0.687158 0.984152
vt 0.671593 0.999788
vt 0.671547 0.984173
vt 0.655977 0.999808
vt 0.655934 0.984191
vt 0.640359 0.999825
vt 0.640319 0.984210
vt 0.624738 0.999843
vt 0.624702 0.984226
vt 0.609115 0.999857
vt 0.609083 0.984241
vt 0.593490 0.999871
vt 0.593463 0.984253
vt 0.577864 0.999880
vt 0.577841 0.984265
vt 0.562236 0.999890
vt 0.562218 0.984272
vt 0.546607 0.999895
vt 0.546594 0.984280
vt 0.530977 0.999900
vt 0.530969 0.984282
vt 0.515347 0.999900
vt 0.515344 0.984285
vt 0.499716 0.999900
vt 0.499719 0.984282
vt 0.484086 0.999895
vt 0.484094 0.984280
vt 0.468455 0.999890
vt 0.468468 0.984272
vt 0.452826 0.999880
vt 0.452844 0.984264
vt 0.437197 0.999870
vt 0.437220 0.984252
vt 0.421569 0.999855
vt 0.421597 0.984240
vt 0.405942 0.999840
vt 0.405975 0.984223
vt 0.390317 0.999821
vt 0.390355 0.984206
vt 0.374695 0.999802
vt 0.374736 0.984185
vt 0.359074 0.999780
vt 0.359119 0.984165
vt 0.343455 0.999757
vt 0.343504 0.984141
vt 0.327840 0.999732
vt 0.327891 0.984117
vt 0.312227 0.999707
vt 0.312280 0.984091
vt 0.296617 0.999680
vt 0.296672 0.984065
vt 0.281010 0.999654
vt 0.281066 0.984039
vt 0.265406 0.999628
vt 0.265463 0.984012
vt 0.249806 0.999602
vt 0.249862 0.983986
vt 0.234209 0.999576
vt 0.234264 0.983961
vt 0.218615 0.999552
vt 0.218668 0.983938
vt 0.203024 0.999531
vt 0.203075 0.983916
vt 0.187436 0.999510
vt 0.187483 0.983897
vt 0.171851 0.999495
vt 0.171893 0.983879
vt 0.156268 0.999480
vt 0.156303 0.983868
vt 0.140686 0.999472
vt 0.140715 0.983857
vt 0.125104 0.999465
vt 0.125126 0.983853
vt 0.109522 0.999466
vt 0.109536 0.983851
vt 0.093938 0.999467
vt 0.093944 0.983857
vt 0.078351 0.999478
vt 0.078349 0.983863
vt 0.062757 0.999487
vt 0.062751 0.983875
vt 0.047157 0.999500
vt 0.047148 0.983885
vt 0.031548 0.999509
vt 0.031543 0.983893
vt 0.015935 0.999509
vt 0.015934 0.983894
vt 0.000323 0.999504
vt 0.000325 0.983886
vt 0.999111 0.968428
vt 0.983502 0.968435
vt 0.967895 0.968432
vt 0.952290 0.968420
vt 0.936687 0.968405
vt 0.921086 0.968390
vt 0.905488 0.968377
vt 0.889892 0.968369
vt 0.874296 0.968363
vt 0.858703 0.968364
vt 0.843109 0.968366
vt 0.827516 0.968374
vt 0.811921 0.968384
vt 0.796327 0.968399
vt 0.780730 0.968414
vt 0.765133 0.968433
vt 0.749533 0.968452
vt 0.733932 0.968472
vt 0.718329 0.968493
vt 0.702724 0.968514
vt 0.687117 0.968535
vt 0.671509 0.968554
vt 0.655898 0.968574
vt 0.640286 0.968591
vt 0.624672 0.968608
vt 0.609056 0.968622
vt 0.593439 0.968635
vt 0.577822 0.968645
vt 0.562203 0.968654
vt 0.546583 0.968659
vt 0.530963 0.968664
vt 0.515342 0.968664
vt 0.499721 0.968664
vt 0.484101 0.968659
vt 0.468480 0.968654
vt 0.452860 0.968644
vt 0.437240 0.968634
vt 0.421621 0.968620
vt 0.406003 0.968605
vt 0.390387 0.968586
vt 0.374771 0.968568
vt 0.359157 0.968546
vt 0.343545 0.968524
vt 0.327934 0.968499
vt 0.312326 0.968474
vt 0.296719 0.968448
vt 0.281114 0.968423
vt 0.265511 0.968397
vt 0.249910 0.968371
vt 0.234310 0.968347
vt 0.218713 0.968324
vt 0.203116 0.968303
vt 0.187522 0.968283
vt 0.171927 0.968268
vt 0.156334 0.968255
vt 0.140740 0.968247
vt 0.125147 0.968242
vt 0.109551 0.968243
vt 0.093955 0.968246
vt 0.078356 0.968254
vt 0.062756 0.968264
vt 0.047153 0.968274
vt 0.031548 0.968280
vt 0.015941 0.968279
vt 0.000332 0.968266
vt 0.983493 0.952823
vt 0.999101 0.952813
vt 0.967887 0.952820
vt 0.952284 0.952810
vt 0.936681 0.952796
vt 0.921079 0.952782
vt 0.905479 0.952770
vt 0.889880 0.952760
vt 0.874282 0.952755
vt 0.858685 0.952753
vt 0.843088 0.952757
vt 0.827491 0.952763
vt 0.811895 0.952773
vt 0.796297 0.952786
vt 0.780699 0.952801
vt 0.765100 0.952818
vt 0.749499 0.952837
vt 0.733898 0.952856
vt 0.718295 0.952876
vt 0.702690 0.952897
vt 0.687084 0.952917
vt 0.671477 0.952936
vt 0.655868 0.952954
vt 0.640258 0.952972
vt 0.624647 0.952987
vt 0.609034 0.953002
vt 0.593420 0.953014
vt 0.577806 0.953025
vt 0.562190 0.953032
vt 0.546574 0.953039
vt 0.530958 0.953042
vt 0.515341 0.953044
vt 0.499724 0.953042
vt 0.484107 0.953039
vt 0.468490 0.953032
vt 0.452874 0.953024
vt 0.437258 0.953012
vt 0.421642 0.953000
vt 0.406028 0.952984
vt 0.390414 0.952967
vt 0.374801 0.952947
vt 0.359190 0.952927
vt 0.343580 0.952904
vt 0.327971 0.952881
vt 0.312364 0.952856
vt 0.296758 0.952831
vt 0.281153 0.952806
vt 0.265550 0.952781
vt 0.249948 0.952756
vt 0.234348 0.952732
vt 0.218749 0.952710
vt 0.203151 0.952690
vt 0.187553 0.952672
vt 0.171957 0.952657
vt 0.156360 0.952646
vt 0.140763 0.952637
vt 0.125166 0.952634
vt 0.109568 0.952634
vt 0.093969 0.952638
vt 0.078369 0.952645
vt 0.062767 0.952655
vt 0.047165 0.952663
vt 0.031561 0.952669
vt 0.015955 0.952667
vt 0.000347 0.952652
vt 0.999087 0.937207
vt 0.983481 0.937215
vt 0.967876 0.937211
vt 0.952274 0.937201
vt 0.936672 0.937188
vt 0.921070 0.937174
vt 0.905469 0.937162
vt 0.889869 0.937153
vt 0.874269 0.937147
vt 0.858670 0.937146
vt 0.843071 0.937147
vt 0.827472 0.937153
vt 0.811873 0.937162
vt 0.796274 0.937174
vt 0.780674 0.937188
vt 0.765074 0.937204
vt 0.749472 0.937221
vt 0.733870 0.937240
vt 0.718267 0.937259
vt 0.702663 0.937279
vt 0.687058 0.937298
vt 0.671452 0.937316
vt 0.655844 0.937335
vt 0.640236 0.937351
vt 0.624626 0.937367
vt 0.609016 0.937380
vt 0.593405 0.937393
vt 0.577793 0.937402
vt 0.562180 0.937411
vt 0.546567 0.937416
vt 0.530954 0.937420
vt 0.515340 0.937420
vt 0.499727 0.937420
vt 0.484113 0.937415
vt 0.468499 0.937410
vt 0.452886 0.937400
vt 0.437273 0.937390
vt 0.421660 0.937377
vt 0.406048 0.937362
vt 0.390437 0.937345
vt 0.374827 0.937326
vt 0.359217 0.937306
vt 0.343609 0.937284
vt 0.328001 0.937261
vt 0.312395 0.937237
vt 0.296790 0.937213
vt 0.281186 0.937189
vt 0.265583 0.937164
vt 0.249981 0.937141
vt 0.234379 0.937118
vt 0.218779 0.937097
vt 0.203179 0.937078
vt 0.187580 0.937061
vt 0.171981 0.937047
vt 0.156382 0.937036
vt 0.140783 0.937029
vt 0.125184 0.937026
vt 0.109584 0.937027
vt 0.093984 0.937031
vt 0.078383 0.937038
vt 0.062781 0.937046
vt 0.047179 0.937055
vt 0.031577 0.937060
vt 0.015972 0.937058
vt 0.000366 0.937046
vt 0.983468 0.921611
vt 0.999077 0.921608
vt 0.967866 0.921604
vt 0.952263 0.921593
vt 0.936662 0.921580
vt 0.921061 0.921567
vt 0.905460 0.921555
vt 0.889859 0.921545
vt 0.874258 0.921540
vt 0.858658 0.921537
vt 0.843057 0.921538
vt 0.827457 0.921543
vt 0.811856 0.921551
vt 0.796255 0.921561
vt 0.780655 0.921575
vt 0.765053 0.921589
vt 0.749451 0.921606
vt 0.733849 0.921624
vt 0.718246 0.921642
vt 0.702642 0.921660
vt 0.687037 0.921678
vt 0.671431 0.921697
vt 0.655825 0.921713
vt 0.640218 0.921730
vt 0.624610 0.921744
vt 0.609002 0.921758
vt 0.593393 0.921769
vt 0.577783 0.921779
vt 0.562173 0.921786
vt 0.546562 0.921792
vt 0.530951 0.921795
vt 0.515340 0.921796
vt 0.499729 0.921794
vt 0.484118 0.921791
vt 0.468507 0.921785
vt 0.452896 0.921777
vt 0.437285 0.921766
vt 0.421675 0.921754
vt 0.406065 0.921739
vt 0.390456 0.921723
vt 0.374848 0.921704
vt 0.359240 0.921684
vt 0.343633 0.921663
vt 0.328027 0.921641
vt 0.312421 0.921618
vt 0.296817 0.921595
vt 0.281212 0.921571
vt 0.265609 0.921548
vt 0.250007 0.921525
vt 0.234405 0.921504
vt 0.218803 0.921484
vt 0.203203 0.921465
vt 0.187602 0.921450
vt 0.172002 0.921437
vt 0.156401 0.921427
vt 0.140801 0.921421
vt 0.125200 0.921418
vt 0.109599 0.921419
vt 0.093998 0.921424
vt 0.078397 0.921430
vt 0.062796 0.921439
vt 0.047195 0.921447
vt 0.031592 0.921453
vt 0.015990 0.921454
vt 0.000381 0.921447
vt 0.999066 0.906015
vt 0.983462 0.906010
vt 0.967857 0.906000
vt 0.952256 0.905987
vt 0.936654 0.905973
vt 0.921054 0.905959
vt 0.905452 0.905947
vt 0.889851 0.905938
vt 0.874250 0.905931
vt 0.858648 0.905929
vt 0.843047 0.905929
vt 0.827445 0.905933
vt 0.811844 0.905940
vt 0.796242 0.905949
vt 0.780640 0.905961
vt 0.765038 0.905975
vt 0.749435 0.905990
vt 0.733833 0.906007
vt 0.718229 0.906024
vt 0.702625 0.906042
vt 0.687021 0.906059
vt 0.671416 0.906076
vt 0.655810 0.906092
vt 0.640205 0.906107
vt 0.624598 0.906122
vt 0.608991 0.906134
vt 0.593383 0.906146
vt 0.577775 0.906154
vt 0.562167 0.906162
vt 0.546558 0.906167
vt 0.530950 0.906170
vt 0.515341 0.906171
vt 0.499732 0.906170
vt 0.484122 0.906166
vt 0.468514 0.906160
vt 0.452905 0.906152
vt 0.437296 0.906142
vt 0.421688 0.906129
vt 0.406080 0.906115
vt 0.390472 0.906099
vt 0.374865 0.906081
vt 0.359259 0.906062
vt 0.343653 0.906042
vt 0.328047 0.906020
vt 0.312442 0.905998
vt 0.296838 0.905976
vt 0.281234 0.905953
vt 0.265631 0.905931
vt 0.250028 0.905910
vt 0.234425 0.905889
vt 0.218823 0.905870
vt 0.203221 0.905854
vt 0.187620 0.905839
vt 0.172018 0.905827
vt 0.156417 0.905818
vt 0.140815 0.905813
vt 0.125214 0.905810
vt 0.109612 0.905812
vt 0.094011 0.905816
vt 0.078410 0.905823
vt 0.062809 0.905832
vt 0.047207 0.905841
vt 0.031606 0.905848
vt 0.016002 0.905853
vt 0.000397 0.905853
vt 0.983455 0.890412
vt 0.999064 0.890425
vt 0.967853 0.890397
vt 0.952251 0.890382
vt 0.936650 0.890367
vt 0.921049 0.890352
vt 0.905447 0.890340
vt 0.889846 0.890330
vt 0.874244 0.890323
vt 0.858642 0.890320
vt 0.843040 0.890320
vt 0.827437 0.890323
vt 0.811835 0.890329
vt 0.796232 0.890337
vt 0.780630 0.890348
vt 0.765027 0.890360
vt 0.749424 0.890375
vt 0.733820 0.890390
vt 0.718217 0.890406
vt 0.702613 0.890423
vt 0.687009 0.890439
vt 0.671404 0.890455
vt 0.655800 0.890470
vt 0.640194 0.890485
vt 0.624589 0.890498
vt 0.608983 0.890510
vt 0.593376 0.890521
vt 0.577770 0.890530
vt 0.562163 0.890536
vt 0.546556 0.890541
vt 0.530949 0.890544
vt 0.515341 0.890545
vt 0.499734 0.890543
vt 0.484127 0.890540
vt 0.468519 0.890534
vt 0.452912 0.890526
vt 0.437305 0.890516
vt 0.421698 0.890504
vt 0.406092 0.890490
vt 0.390486 0.890475
vt 0.374879 0.890458
vt 0.359274 0.890440
vt 0.343668 0.890420
vt 0.328064 0.890400
vt 0.312459 0.890378
vt 0.296855 0.890357
vt 0.281251 0.890336
vt 0.265648 0.890314
vt 0.250044 0.890294
vt 0.234441 0.890275
vt 0.218838 0.890257
vt 0.203236 0.890241
vt 0.187633 0.890228
vt 0.172031 0.890216
vt 0.156428 0.890209
vt 0.140826 0.890204
vt 0.125224 0.890202
vt 0.109622 0.890204
vt 0.094021 0.890209
vt 0.078420 0.890216
vt 0.062818 0.890225
vt 0.047218 0.890235
vt 0.031615 0.890246
vt 0.016013 0.890255
vt 0.000404 0.890263
vt 0.999062 0.874837
vt 0.983457 0.874816
vt 0.967852 0.874796
vt 0.952250 0.874778
vt 0.936648 0.874760
vt 0.921047 0.874745
vt 0.905445 0.874732
vt 0.889844 0.874722
vt 0.874241 0.874715
vt 0.858639 0.874711
vt 0.843036 0.874710
vt 0.827433 0.874712
vt 0.811830 0.874717
vt 0.796227 0.874725
vt 0.780623 0.874734
vt 0.765020 0.874746
vt 0.749416 0.874759
vt 0.733813 0.874773
vt 0.718209 0.874788
vt 0.702605 0.874804
vt 0.687001 0.874819
vt 0.671397 0.874834
vt 0.655792 0.874849
vt 0.640187 0.874862
vt 0.624582 0.874875
vt 0.608977 0.874886
vt 0.593372 0.874896
vt 0.577766 0.874904
vt 0.562160 0.874911
vt 0.546555 0.874915
vt 0.530949 0.874918
vt 0.515343 0.874918
vt 0.499737 0.874917
vt 0.484131 0.874913
vt 0.468525 0.874908
vt 0.452919 0.874900
vt 0.437313 0.874891
vt 0.421707 0.874879
vt 0.406102 0.874866
vt 0.390496 0.874851
vt 0.374891 0.874834
vt 0.359286 0.874817
vt 0.343681 0.874798
vt 0.328077 0.874778
vt 0.312473 0.874758
vt 0.296868 0.874738
vt 0.281264 0.874718
vt 0.265660 0.874698
vt 0.250057 0.874678
vt 0.234453 0.874660
vt 0.218850 0.874643
vt 0.203246 0.874629
vt 0.187643 0.874616
vt 0.172040 0.874606
vt 0.156437 0.874599
vt 0.140834 0.874595
vt 0.125232 0.874593
vt 0.109629 0.874596
vt 0.094028 0.874601
vt 0.078426 0.874609
vt 0.062825 0.874619
vt 0.047223 0.874632
vt 0.031621 0.874645
vt 0.016016 0.874660
vt 0.000411 0.874676
vt 0.983460 0.859221
vt 0.999069 0.859250
vt 0.967857 0.859197
vt 0.952253 0.859174
vt 0.936652 0.859155
vt 0.921049 0.859138
vt 0.905447 0.859125
vt 0.889845 0.859114
vt 0.874242 0.859106
vt 0.858639 0.859101
vt 0.843036 0.859100
vt 0.827432 0.859101
vt 0.811828 0.859106
vt 0.796224 0.859112
vt 0.780620 0.859121
vt 0.765016 0.859131
vt 0.749412 0.859143
vt 0.733808 0.859156
vt 0.718204 0.859170
vt 0.702600 0.859184
vt 0.686996 0.859199
vt 0.671391 0.859213
vt 0.655787 0.859226
vt 0.640183 0.859239
vt 0.624578 0.859251
vt 0.608974 0.859262
vt 0.593369 0.859271
vt 0.577764 0.859279
vt 0.562159 0.859285
vt 0.546554 0.859289
vt 0.530949 0.859291
vt 0.515344 0.859292
vt 0.499739 0.859290
vt 0.484134 0.859287
vt 0.468529 0.859281
vt 0.452924 0.859274
vt 0.437319 0.859264
vt 0.421714 0.859254
vt 0.406109 0.859241
vt 0.390505 0.859227
vt 0.374900 0.859211
vt 0.359296 0.859194
vt 0.343691 0.859176
vt 0.328087 0.859157
vt 0.312482 0.859138
vt 0.296878 0.859119
vt 0.281274 0.859100
vt 0.265670 0.859081
vt 0.250066 0.859063
vt 0.234462 0.859045
vt 0.218858 0.859030
vt 0.203254 0.859016
vt 0.187650 0.859005
vt 0.172047 0.858995
vt 0.156443 0.858989
vt 0.140840 0.858985
vt 0.125236 0.858985
vt 0.109634 0.858987
vt 0.094031 0.858993
vt 0.078429 0.859002
vt 0.062827 0.859014
vt 0.047225 0.859028
vt 0.031621 0.859045
vt 0.016018 0.859065
vt 0.000409 0.859089
vt 0.999076 0.843662
vt 0.983470 0.843627
vt 0.967864 0.843597
vt 0.952261 0.843572
vt 0.936658 0.843550
vt 0.921055 0.843532
vt 0.905452 0.843517
vt 0.889849 0.843505
vt 0.874246 0.843497
vt 0.858642 0.843492
vt 0.843038 0.843489
vt 0.827434 0.843490
vt 0.811829 0.843493
vt 0.796225 0.843499
vt 0.780620 0.843507
vt 0.765016 0.843517
vt 0.749411 0.843527
vt 0.733807 0.843540
vt 0.718202 0.843552
vt 0.702598 0.843566
vt 0.686993 0.843579
vt 0.671389 0.843592
vt 0.655785 0.843605
vt 0.640181 0.843616
vt 0.624576 0.843628
vt 0.608972 0.843637
vt 0.593368 0.843646
vt 0.577763 0.843653
vt 0.562159 0.843659
vt 0.546555 0.843663
vt 0.530950 0.843665
vt 0.515346 0.843665
vt 0.499742 0.843664
vt 0.484137 0.843660
vt 0.468533 0.843655
vt 0.452929 0.843648
vt 0.437324 0.843639
vt 0.421720 0.843628
vt 0.406116 0.843616
vt 0.390511 0.843602
vt 0.374907 0.843587
vt 0.359303 0.843571
vt 0.343699 0.843554
vt 0.328094 0.843536
vt 0.312490 0.843518
vt 0.296885 0.843500
vt 0.281281 0.843482
vt 0.265676 0.843464
vt 0.250072 0.843447
vt 0.234467 0.843431
vt 0.218863 0.843416
vt 0.203258 0.843403
vt 0.187654 0.843392
vt 0.172049 0.843384
vt 0.156445 0.843378
vt 0.140841 0.843376
vt 0.125238 0.843376
vt 0.109634 0.843379
vt 0.094031 0.843385
vt 0.078428 0.843395
vt 0.062826 0.843408
vt 0.047222 0.843425
vt 0.031619 0.843445
vt 0.016013 0.843470
vt 0.000407 0.843501
vt 0.983482 0.828032
vt 0.999091 0.828073
vt 0.967877 0.827998
vt 0.952272 0.827969
vt 0.936669 0.827945
vt 0.921064 0.827925
vt 0.905461 0.827909
vt 0.889857 0.827896
vt 0.874253 0.827888
vt 0.858648 0.827882
vt 0.843044 0.827879
vt 0.827438 0.827879
vt 0.811834 0.827882
vt 0.796228 0.827886
vt 0.780623 0.827893
vt 0.765018 0.827902
vt 0.749413 0.827912
vt 0.733808 0.827923
vt 0.718203 0.827935
vt 0.702598 0.827946
vt 0.686994 0.827959
vt 0.671389 0.827971
vt 0.655785 0.827983
vt 0.640180 0.827994
vt 0.624576 0.828004
vt 0.608972 0.828013
vt 0.593368 0.828021
vt 0.577764 0.828028
vt 0.562160 0.828033
vt 0.546556 0.828037
vt 0.530952 0.828039
vt 0.515348 0.828039
vt 0.499744 0.828037
vt 0.484140 0.828034
vt 0.468536 0.828028
vt 0.452932 0.828022
vt 0.437328 0.828013
vt 0.421724 0.828003
vt 0.406120 0.827991
vt 0.390516 0.827978
vt 0.374912 0.827964
vt 0.359308 0.827948
vt 0.343703 0.827932
vt 0.328099 0.827915
vt 0.312495 0.827898
vt 0.296890 0.827881
vt 0.281285 0.827864
vt 0.265681 0.827847
vt 0.250075 0.827831
vt 0.234471 0.827816
vt 0.218865 0.827802
vt 0.203260 0.827790
vt 0.187655 0.827781
vt 0.172050 0.827773
vt 0.156445 0.827768
vt 0.140840 0.827765
vt 0.125236 0.827767
vt 0.109632 0.827770
vt 0.094027 0.827778
vt 0.078424 0.827789
vt 0.062820 0.827804
vt 0.047217 0.827822
vt 0.031611 0.827846
vt 0.016006 0.827875
vt 0.000398 0.827912
vt 0.999106 0.812482
vt 0.983499 0.812436
vt 0.967892 0.812397
vt 0.952287 0.812366
vt 0.936682 0.812340
vt 0.921077 0.812319
vt 0.905472 0.812301
vt 0.889868 0.812288
vt 0.874262 0.812278
vt 0.858657 0.812272
vt 0.843052 0.812268
vt 0.827446 0.812268
vt 0.811840 0.812269
vt 0.796234 0.812274
vt 0.780628 0.812279
vt 0.765023 0.812287
vt 0.749417 0.812296
vt 0.733812 0.812306
vt 0.718206 0.812317
vt 0.702601 0.812328
vt 0.686996 0.812339
vt 0.671391 0.812350
vt 0.655786 0.812361
vt 0.640182 0.812372
vt 0.624578 0.812381
vt 0.608974 0.812390
vt 0.593369 0.812397
vt 0.577766 0.812403
vt 0.562162 0.812408
vt 0.546558 0.812411
vt 0.530954 0.812413
vt 0.515350 0.812413
vt 0.499747 0.812411
vt 0.484143 0.812407
vt 0.468539 0.812402
vt 0.452936 0.812396
vt 0.437332 0.812388
vt 0.421728 0.812378
vt 0.406124 0.812367
vt 0.390520 0.812354
vt 0.374916 0.812341
vt 0.359311 0.812326
vt 0.343707 0.812311
vt 0.328102 0.812295
vt 0.312498 0.812279
vt 0.296892 0.812262
vt 0.281287 0.812246
vt 0.265682 0.812230
vt 0.250077 0.812215
vt 0.234471 0.812201
vt 0.218865 0.812188
vt 0.203259 0.812178
vt 0.187653 0.812168
vt 0.172047 0.812162
vt 0.156442 0.812157
vt 0.140836 0.812156
vt 0.125231 0.812157
vt 0.109626 0.812162
vt 0.094021 0.812170
vt 0.078416 0.812182
vt 0.062812 0.812198
vt 0.047206 0.812220
vt 0.031601 0.812246
vt 0.015994 0.812279
vt 0.000387 0.812320
vt 0.983518 0.796838
vt 0.999126 0.796888
vt 0.967911 0.796797
vt 0.952304 0.796762
vt 0.936699 0.796735
vt 0.921093 0.796711
vt 0.905487 0.796693
vt 0.889881 0.796679
vt 0.874275 0.796669
vt 0.858669 0.796661
vt 0.843062 0.796658
vt 0.827456 0.796656
vt 0.811849 0.796657
vt 0.796242 0.796660
vt 0.780636 0.796666
vt 0.765029 0.796672
vt 0.749423 0.796681
vt 0.733817 0.796689
vt 0.718211 0.796699
vt 0.702605 0.796709
vt 0.687000 0.796720
vt 0.671395 0.796730
vt 0.655790 0.796740
vt 0.640185 0.796749
vt 0.624581 0.796758
vt 0.608976 0.796766
vt 0.593372 0.796773
vt 0.577768 0.796778
vt 0.562164 0.796783
vt 0.546560 0.796786
vt 0.530957 0.796787
vt 0.515353 0.796787
vt 0.499749 0.796785
vt 0.484146 0.796782
vt 0.468542 0.796777
vt 0.452938 0.796770
vt 0.437334 0.796763
vt 0.421731 0.796753
vt 0.406126 0.796743
vt 0.390522 0.796731
vt 0.374918 0.796718
vt 0.359314 0.796704
vt 0.343709 0.796690
vt 0.328104 0.796674
vt 0.312499 0.796659
vt 0.296893 0.796644
vt 0.281287 0.796629
vt 0.265682 0.796614
vt 0.250075 0.796600
vt 0.234469 0.796586
vt 0.218863 0.796575
vt 0.203256 0.796564
vt 0.187649 0.796556
vt 0.172043 0.796550
vt 0.156436 0.796547
vt 0.140830 0.796545
vt 0.125224 0.796548
vt 0.109618 0.796553
vt 0.094011 0.796562
vt 0.078406 0.796575
vt 0.062800 0.796593
vt 0.047194 0.796616
vt 0.031587 0.796645
vt 0.015981 0.796681
vt 0.000372 0.796727
vt 0.999148 0.781291
vt 0.983540 0.781238
vt 0.967932 0.781194
vt 0.952325 0.781158
vt 0.936717 0.781128
vt 0.921111 0.781105
vt 0.905504 0.781085
vt 0.889897 0.781070
vt 0.874289 0.781059
vt 0.858682 0.781051
vt 0.843075 0.781046
vt 0.827467 0.781045
vt 0.811860 0.781045
vt 0.796253 0.781048
vt 0.780645 0.781052
vt 0.765038 0.781058
vt 0.749431 0.781065
vt 0.733824 0.781073
vt 0.718217 0.781082
vt 0.702611 0.781091
vt 0.687005 0.781101
vt 0.671400 0.781110
vt 0.655794 0.781119
vt 0.640189 0.781128
vt 0.624584 0.781136
vt 0.608980 0.781143
vt 0.593375 0.781149
vt 0.577771 0.781154
vt 0.562167 0.781158
vt 0.546563 0.781161
vt 0.530959 0.781162
vt 0.515355 0.781161
vt 0.499752 0.781160
vt 0.484148 0.781156
vt 0.468544 0.781152
vt 0.452940 0.781146
vt 0.437337 0.781138
vt 0.421732 0.781129
vt 0.406128 0.781119
vt 0.390524 0.781108
vt 0.374919 0.781095
vt 0.359314 0.781083
vt 0.343709 0.781069
vt 0.328104 0.781055
vt 0.312498 0.781040
vt 0.296892 0.781026
vt 0.281286 0.781011
vt 0.265679 0.780998
vt 0.250073 0.780984
vt 0.234466 0.780972
vt 0.218859 0.780961
vt 0.203251 0.780952
vt 0.187644 0.780944
vt 0.172036 0.780939
vt 0.156429 0.780935
vt 0.140821 0.780935
vt 0.125214 0.780938
vt 0.109607 0.780944
vt 0.094000 0.780954
vt 0.078393 0.780968
vt 0.062786 0.780987
vt 0.047179 0.781012
vt 0.031572 0.781043
vt 0.015964 0.781082
vt 0.000356 0.781130
vt 0.983563 0.765636
vt 0.999172 0.765692
vt 0.967955 0.765591
vt 0.952346 0.765553
vt 0.936739 0.765522
vt 0.921130 0.765497
vt 0.905522 0.765477
vt 0.889914 0.765461
vt 0.874306 0.765450
vt 0.858698 0.765441
vt 0.843089 0.765436
vt 0.827481 0.765433
vt 0.811872 0.765433
vt 0.796264 0.765435
vt 0.780656 0.765439
vt 0.765048 0.765443
vt 0.749440 0.765450
vt 0.733832 0.765457
vt 0.718226 0.765465
vt 0.702618 0.765473
vt 0.687012 0.765482
vt 0.671406 0.765491
vt 0.655800 0.765499
vt 0.640194 0.765507
vt 0.624589 0.765514
vt 0.608984 0.765520
vt 0.593379 0.765526
vt 0.577775 0.765531
vt 0.562171 0.765534
vt 0.546566 0.765536
vt 0.530962 0.765537
vt 0.515358 0.765537
vt 0.499754 0.765535
vt 0.484150 0.765532
vt 0.468546 0.765527
vt 0.452942 0.765521
vt 0.437338 0.765514
vt 0.421734 0.765505
vt 0.406129 0.765496
vt 0.390525 0.765485
vt 0.374919 0.765474
vt 0.359314 0.765461
vt 0.343709 0.765448
vt 0.328103 0.765435
vt 0.312497 0.765422
vt 0.296890 0.765408
vt 0.281283 0.765395
vt 0.265676 0.765381
vt 0.250068 0.765369
vt 0.234461 0.765358
vt 0.218853 0.765348
vt 0.203245 0.765339
vt 0.187636 0.765332
vt 0.172028 0.765327
vt 0.156419 0.765325
vt 0.140811 0.765325
vt 0.125203 0.765328
vt 0.109594 0.765335
vt 0.093986 0.765346
vt 0.078378 0.765360
vt 0.062770 0.765381
vt 0.047162 0.765406
vt 0.031554 0.765439
vt 0.015946 0.765480
vt 0.000337 0.765530
vt 0.999197 0.750089
vt 0.983588 0.750032
vt 0.967979 0.749985
vt 0.952370 0.749947
vt 0.936761 0.749915
vt 0.921152 0.749889
vt 0.905543 0.749868
vt 0.889933 0.749852
vt 0.874324 0.749840
vt 0.858715 0.749831
vt 0.843105 0.749825
vt 0.827496 0.749822
vt 0.811886 0.749821
vt 0.796277 0.749822
vt 0.780668 0.749825
vt 0.765059 0.749830
vt 0.749450 0.749835
vt 0.733842 0.749842
vt 0.718234 0.749848
vt 0.702627 0.749856
vt 0.687020 0.749864
vt 0.671413 0.749872
vt 0.655806 0.749879
vt 0.640200 0.749886
vt 0.624594 0.749893
vt 0.608989 0.749899
vt 0.593384 0.749904
vt 0.577779 0.749908
vt 0.562174 0.749911
vt 0.546570 0.749913
vt 0.530965 0.749913
vt 0.515361 0.749913
vt 0.499757 0.749911
vt 0.484153 0.749907
vt 0.468548 0.749903
vt 0.452944 0.749897
vt 0.437339 0.749890
vt 0.421735 0.749882
vt 0.406130 0.749873
vt 0.390524 0.749863
vt 0.374919 0.749852
vt 0.359313 0.749841
vt 0.343707 0.749828
vt 0.328101 0.749816
vt 0.312494 0.749803
vt 0.296887 0.749790
vt 0.281279 0.749778
vt 0.265671 0.749766
vt 0.250063 0.749754
vt 0.234454 0.749744
vt 0.218846 0.749734
vt 0.203237 0.749726
vt 0.187628 0.749720
vt 0.172018 0.749716
vt 0.156409 0.749714
vt 0.140799 0.749715
vt 0.125190 0.749718
vt 0.109580 0.749726
vt 0.093971 0.749737
vt 0.078362 0.749753
vt 0.062753 0.749773
vt 0.047144 0.749800
vt 0.031535 0.749834
vt 0.015926 0.749876
vt 0.000317 0.749927
vt 0.983614 0.734425
vt 0.999223 0.734482
vt 0.968004 0.734378
vt 0.952394 0.734339
vt 0.936785 0.734307
vt 0.921174 0.734280
vt 0.905564 0.734259
vt 0.889954 0.734242
vt 0.874343 0.734230
vt 0.858732 0.734220
vt 0.843122 0.734214
vt 0.827511 0.734210
vt 0.811901 0.734209
vt 0.796291 0.734210
vt 0.780681 0.734212
vt 0.765071 0.734216
vt 0.749462 0.734221
vt 0.733853 0.734226
vt 0.718244 0.734232
vt 0.702636 0.734239
vt 0.687028 0.734246
vt 0.671421 0.734253
vt 0.655814 0.734260
vt 0.640207 0.734266
vt 0.624601 0.734272
vt 0.608995 0.734277
vt 0.593389 0.734282
vt 0.577784 0.734285
vt 0.562179 0.734288
vt 0.546574 0.734289
vt 0.530969 0.734290
vt 0.515364 0.734289
vt 0.499759 0.734287
vt 0.484155 0.734284
vt 0.468550 0.734280
vt 0.452945 0.734274
vt 0.437340 0.734268
vt 0.421735 0.734260
vt 0.406130 0.734251
vt 0.390524 0.734242
vt 0.374918 0.734232
vt 0.359312 0.734221
vt 0.343705 0.734209
vt 0.328098 0.734197
vt 0.312490 0.734185
vt 0.296883 0.734173
vt 0.281274 0.734162
vt 0.265666 0.734150
vt 0.250057 0.734140
vt 0.234448 0.734130
vt 0.218838 0.734121
vt 0.203228 0.734114
vt 0.187617 0.734108
vt 0.172007 0.734104
vt 0.156397 0.734103
vt 0.140786 0.734104
vt 0.125176 0.734109
vt 0.109565 0.734116
vt 0.093955 0.734128
vt 0.078344 0.734144
vt 0.062734 0.734165
vt 0.047124 0.734192
vt 0.031514 0.734227
vt 0.015905 0.734269
vt 0.000296 0.734321
vt 0.999249 0.718873
vt 0.983640 0.718816
vt 0.968030 0.718769
vt 0.952420 0.718730
vt 0.936809 0.718697
vt 0.921198 0.718671
vt 0.905586 0.718650
vt 0.889975 0.718633
vt 0.874363 0.718620
vt 0.858751 0.718610
vt 0.843140 0.718603
vt 0.827528 0.718600
vt 0.811917 0.718597
vt 0.796306 0.718598
vt 0.780695 0.718599
vt 0.765084 0.718602
vt 0.749474 0.718606
vt 0.733864 0.718611
vt 0.718255 0.718616
vt 0.702646 0.718623
vt 0.687037 0.718629
vt 0.671429 0.718635
vt 0.655821 0.718641
vt 0.640214 0.718647
vt 0.624607 0.718652
vt 0.609001 0.718656
vt 0.593394 0.718660
vt 0.577789 0.718663
vt 0.562183 0.718665
vt 0.546578 0.718667
vt 0.530972 0.718667
vt 0.515367 0.718666
vt 0.499762 0.718664
vt 0.484157 0.718661
vt 0.468552 0.718657
vt 0.452946 0.718652
vt 0.437341 0.718645
vt 0.421735 0.718638
vt 0.406129 0.718630
vt 0.390523 0.718621
vt 0.374917 0.718611
vt 0.359310 0.718601
vt 0.343703 0.718590
vt 0.328095 0.718579
vt 0.312487 0.718568
vt 0.296878 0.718557
vt 0.281269 0.718546
vt 0.265660 0.718535
vt 0.250050 0.718525
vt 0.234440 0.718516
vt 0.218829 0.718508
vt 0.203218 0.718502
vt 0.187607 0.718496
vt 0.171996 0.718494
vt 0.156384 0.718492
vt 0.140772 0.718494
vt 0.125161 0.718498
vt 0.109549 0.718507
vt 0.093938 0.718518
vt 0.078326 0.718535
vt 0.062715 0.718556
vt 0.047104 0.718583
vt 0.031494 0.718617
vt 0.015884 0.718660
vt 0.000274 0.718711
vt 0.983667 0.703204
vt 0.999275 0.703260
vt 0.968056 0.703158
vt 0.952445 0.703119
vt 0.936833 0.703087
vt 0.921221 0.703061
vt 0.905609 0.703040
vt 0.889996 0.703023
vt 0.874383 0.703010
vt 0.858770 0.703000
vt 0.843158 0.702993
vt 0.827545 0.702988
vt 0.811933 0.702986
vt 0.796321 0.702985
vt 0.780709 0.702987
vt 0.765097 0.702989
vt 0.749487 0.702992
vt 0.733876 0.702996
vt 0.718266 0.703001
vt 0.702656 0.703006
vt 0.687047 0.703012
vt 0.671438 0.703017
vt 0.655830 0.703023
vt 0.640221 0.703027
vt 0.624614 0.703032
vt 0.609007 0.703036
vt 0.593400 0.703040
vt 0.577794 0.703042
vt 0.562188 0.703044
vt 0.546582 0.703045
vt 0.530976 0.703045
vt 0.515370 0.703044
vt 0.499764 0.703042
vt 0.484159 0.703039
vt 0.468553 0.703035
vt 0.452947 0.703030
vt 0.437341 0.703024
vt 0.421735 0.703017
vt 0.406129 0.703009
vt 0.390522 0.703001
vt 0.374915 0.702992
vt 0.359307 0.702982
vt 0.343699 0.702972
vt 0.328091 0.702962
vt 0.312482 0.702951
vt 0.296873 0.702941
vt 0.281263 0.702931
vt 0.265653 0.702921
vt 0.250042 0.702912
vt 0.234431 0.702903
vt 0.218820 0.702896
vt 0.203208 0.702890
vt 0.187596 0.702885
vt 0.171984 0.702882
vt 0.156371 0.702882
vt 0.140758 0.702884
vt 0.125146 0.702889
vt 0.109533 0.702896
vt 0.093920 0.702908
vt 0.078308 0.702924
vt 0.062696 0.702946
vt 0.047084 0.702973
vt 0.031473 0.703007
vt 0.015862 0.703048
vt 0.000253 0.703098
vt 0.999302 0.687644
vt 0.983692 0.687590
vt 0.968082 0.687545
vt 0.952470 0.687507
vt 0.936857 0.687476
vt 0.921244 0.687450
vt 0.905631 0.687429
vt 0.890017 0.687413
vt 0.874404 0.687399
vt 0.858790 0.687389
vt 0.843176 0.687382
vt 0.827563 0.687378
vt 0.811949 0.687375
vt 0.796336 0.687374
vt 0.780723 0.687374
vt 0.765111 0.687376
vt 0.749499 0.687379
vt 0.733888 0.687382
vt 0.718277 0.687386
vt 0.702666 0.687391
vt 0.687056 0.687395
vt 0.671447 0.687400
vt 0.655838 0.687405
vt 0.640229 0.687409
vt 0.624621 0.687413
vt 0.609013 0.687417
vt 0.593406 0.687419
vt 0.577799 0.687422
vt 0.562192 0.687423
vt 0.546586 0.687424
vt 0.530979 0.687423
vt 0.515373 0.687422
vt 0.499767 0.687420
vt 0.484161 0.687417
vt 0.468555 0.687413
vt 0.452948 0.687409
vt 0.437342 0.687403
vt 0.421735 0.687396
vt 0.406128 0.687389
vt 0.390520 0.687381
vt 0.374913 0.687373
vt 0.359305 0.687364
vt 0.343696 0.687354
vt 0.328087 0.687345
vt 0.312478 0.687335
vt 0.296868 0.687325
vt 0.281257 0.687316
vt 0.265646 0.687307
vt 0.250035 0.687298
vt 0.234423 0.687290
vt 0.218811 0.687283
vt 0.203198 0.687278
vt 0.187585 0.687274
vt 0.171971 0.687272
vt 0.156358 0.687271
vt 0.140744 0.687273
vt 0.125130 0.687278
vt 0.109517 0.687286
vt 0.093903 0.687298
vt 0.078290 0.687314
vt 0.062676 0.687334
vt 0.047064 0.687361
vt 0.031452 0.687393
vt 0.015842 0.687434
vt 0.000232 0.687482
vt 0.983718 0.671973
vt 0.999327 0.672025
vt 0.968106 0.671930
vt 0.952494 0.671894
vt 0.936881 0.671864
vt 0.921267 0.671838
vt 0.905653 0.671818
vt 0.890038 0.671802
vt 0.874424 0.671789
vt 0.858809 0.671779
vt 0.843194 0.671772
vt 0.827580 0.671767
vt 0.811965 0.671764
vt 0.796351 0.671762
vt 0.780738 0.671763
vt 0.765124 0.671763
vt 0.749512 0.671766
vt 0.733899 0.671768
vt 0.718288 0.671772
vt 0.702676 0.671776
vt 0.687066 0.671780
vt 0.671456 0.671784
vt 0.655846 0.671788
vt 0.640237 0.671791
vt 0.624628 0.671795
vt 0.609020 0.671797
vt 0.593412 0.671800
vt 0.577804 0.671802
vt 0.562197 0.671803
vt 0.546590 0.671803
vt 0.530983 0.671803
vt 0.515376 0.671801
vt 0.499769 0.671799
vt 0.484163 0.671796
vt 0.468556 0.671793
vt 0.452949 0.671788
vt 0.437342 0.671783
vt 0.421735 0.671776
vt 0.406127 0.671770
vt 0.390519 0.671762
vt 0.374911 0.671754
vt 0.359302 0.671746
vt 0.343693 0.671737
vt 0.328083 0.671728
vt 0.312473 0.671719
vt 0.296862 0.671710
vt 0.281251 0.671701
vt 0.265639 0.671693
vt 0.250027 0.671685
vt 0.234414 0.671678
vt 0.218801 0.671672
vt 0.203188 0.671666
vt 0.187574 0.671663
vt 0.171959 0.671661
vt 0.156345 0.671661
vt 0.140730 0.671663
vt 0.125115 0.671668
vt 0.109501 0.671675
vt 0.093886 0.671687
vt 0.078272 0.671702
vt 0.062658 0.671722
vt 0.047045 0.671747
vt 0.031433 0.671779
vt 0.015821 0.671817
vt 0.000212 0.671863
vt 0.999352 0.656403
vt 0.983742 0.656354
vt 0.968131 0.656313
vt 0.952517 0.656279
vt 0.936904 0.656250
vt 0.921289 0.656226
vt 0.905674 0.656206
vt 0.890059 0.656191
vt 0.874443 0.656178
vt 0.858827 0.656168
vt 0.843212 0.656161
vt 0.827596 0.656156
vt 0.811981 0.656153
vt 0.796366 0.656151
vt 0.780752 0.656151
vt 0.765138 0.656152
vt 0.749524 0.656153
vt 0.733911 0.656155
vt 0.718299 0.656158
vt 0.702687 0.656161
vt 0.687075 0.656164
vt 0.671465 0.656168
vt 0.655854 0.656171
vt 0.640244 0.656174
vt 0.624635 0.656177
vt 0.609026 0.656179
vt 0.593418 0.656181
vt 0.577810 0.656182
vt 0.562202 0.656183
vt 0.546594 0.656183
vt 0.530987 0.656182
vt 0.515379 0.656181
vt 0.499772 0.656179
vt 0.484165 0.656176
vt 0.468557 0.656172
vt 0.452950 0.656168
vt 0.437342 0.656163
vt 0.421734 0.656157
vt 0.406126 0.656151
vt 0.390518 0.656144
vt 0.374909 0.656136
vt 0.359299 0.656129
vt 0.343690 0.656120
vt 0.328079 0.656112
vt 0.312469 0.656104
vt 0.296857 0.656096
vt 0.281245 0.656087
vt 0.265633 0.656080
vt 0.250020 0.656072
vt 0.234406 0.656066
vt 0.218792 0.656060
vt 0.203178 0.656055
vt 0.187563 0.656052
vt 0.171948 0.656050
vt 0.156332 0.656050
vt 0.140717 0.656052
vt 0.125101 0.656057
vt 0.109485 0.656064
vt 0.093870 0.656075
vt 0.078255 0.656090
vt 0.062640 0.656108
vt 0.047027 0.656132
vt 0.031413 0.656162
vt 0.015802 0.656198
vt 0.000192 0.656241
vt 0.983765 0.640733
vt 0.999374 0.640778
vt 0.968153 0.640695
vt 0.952540 0.640663
vt 0.936925 0.640635
vt 0.921311 0.640613
vt 0.905694 0.640594
vt 0.890078 0.640579
vt 0.874462 0.640567
vt 0.858845 0.640558
vt 0.843229 0.640551
vt 0.827613 0.640545
vt 0.811997 0.640542
vt 0.796381 0.640540
vt 0.780766 0.640539
vt 0.765151 0.640539
vt 0.749537 0.640541
vt 0.733923 0.640542
vt 0.718310 0.640544
vt 0.702697 0.640547
vt 0.687085 0.640549
vt 0.671473 0.640552
vt 0.655862 0.640555
vt 0.640252 0.640557
vt 0.624642 0.640559
vt 0.609032 0.640561
vt 0.593423 0.640563
vt 0.577815 0.640563
vt 0.562206 0.640564
vt 0.546598 0.640564
vt 0.530990 0.640563
vt 0.515382 0.640561
vt 0.499774 0.640559
vt 0.484167 0.640556
vt 0.468559 0.640553
vt 0.452951 0.640548
vt 0.437343 0.640544
vt 0.421734 0.640538
vt 0.406126 0.640532
vt 0.390517 0.640526
vt 0.374907 0.640519
vt 0.359297 0.640512
vt 0.343687 0.640504
vt 0.328076 0.640496
vt 0.312464 0.640489
vt 0.296852 0.640481
vt 0.281239 0.640474
vt 0.265626 0.640466
vt 0.250013 0.640460
vt 0.234398 0.640454
vt 0.218783 0.640449
vt 0.203168 0.640444
vt 0.187553 0.640441
vt 0.171937 0.640439
vt 0.156320 0.640440
vt 0.140704 0.640441
vt 0.125087 0.640446
vt 0.109471 0.640453
vt 0.093855 0.640463
vt 0.078238 0.640476
vt 0.062624 0.640494
vt 0.047009 0.640516
vt 0.031396 0.640544
vt 0.015784 0.640577
vt 0.000175 0.640617
vt 0.999397 0.625151
vt 0.983786 0.625110
vt 0.968175 0.625075
vt 0.952560 0.625045
vt 0.936946 0.625020
vt 0.921330 0.624999
vt 0.905714 0.624981
vt 0.890096 0.624967
vt 0.874480 0.624956
vt 0.858862 0.624947
vt 0.843245 0.624940
vt 0.827628 0.624935
vt 0.812011 0.624931
vt 0.796395 0.624929
vt 0.780778 0.624928
vt 0.765163 0.624928
vt 0.749548 0.624928
vt 0.733934 0.624930
vt 0.718320 0.624931
vt 0.702707 0.624933
vt 0.687094 0.624935
vt 0.671482 0.624937
vt 0.655870 0.624939
vt 0.640259 0.624941
vt 0.624649 0.624942
vt 0.609039 0.624944
vt 0.593429 0.624945
vt 0.577820 0.624945
vt 0.562211 0.624945
vt 0.546602 0.624945
vt 0.530994 0.624944
vt 0.515385 0.624942
vt 0.499777 0.624940
vt 0.484169 0.624937
vt 0.468560 0.624934
vt 0.452952 0.624930
vt 0.437343 0.624925
vt 0.421734 0.624920
vt 0.406125 0.624914
vt 0.390515 0.624909
vt 0.374906 0.624902
vt 0.359295 0.624896
vt 0.343684 0.624888
vt 0.328072 0.624882
vt 0.312460 0.624874
vt 0.296848 0.624867
vt 0.281234 0.624860
vt 0.265620 0.624854
vt 0.250006 0.624848
vt 0.234391 0.624842
vt 0.218776 0.624837
vt 0.203159 0.624833
vt 0.187543 0.624830
vt 0.171926 0.624829
vt 0.156309 0.624829
vt 0.140692 0.624831
vt 0.125075 0.624835
vt 0.109458 0.624841
vt 0.093840 0.624850
vt 0.078224 0.624862
vt 0.062608 0.624878
vt 0.046994 0.624899
vt 0.031379 0.624923
vt 0.015768 0.624954
vt 0.000157 0.624990
vt 0.983807 0.609485
vt 0.999416 0.609522
vt 0.968194 0.609453
vt 0.952580 0.609426
vt 0.936964 0.609403
vt 0.921349 0.609384
vt 0.905731 0.609368
vt 0.890114 0.609355
vt 0.874496 0.609345
vt 0.858878 0.609336
vt 0.843260 0.609330
vt 0.827642 0.609325
vt 0.812025 0.609321
vt 0.796407 0.609319
vt 0.780791 0.609317
vt 0.765174 0.609317
vt 0.749559 0.609317
vt 0.733944 0.609317
vt 0.718329 0.609318
vt 0.702715 0.609320
vt 0.687102 0.609321
vt 0.671489 0.609322
vt 0.655878 0.609324
vt 0.640266 0.609325
vt 0.624655 0.609326
vt 0.609044 0.609327
vt 0.593434 0.609327
vt 0.577825 0.609327
vt 0.562215 0.609327
vt 0.546606 0.609326
vt 0.530997 0.609325
vt 0.515388 0.609323
vt 0.499780 0.609321
vt 0.484171 0.609318
vt 0.468562 0.609315
vt 0.452953 0.609311
vt 0.437344 0.609307
vt 0.421735 0.609302
vt 0.406125 0.609297
vt 0.390515 0.609292
vt 0.374904 0.609286
vt 0.359293 0.609280
vt 0.343682 0.609273
vt 0.328070 0.609267
vt 0.312457 0.609260
vt 0.296844 0.609254
vt 0.281230 0.609248
vt 0.265615 0.609242
vt 0.250000 0.609236
vt 0.234385 0.609231
vt 0.218768 0.609226
vt 0.203152 0.609223
vt 0.187535 0.609220
vt 0.171917 0.609218
vt 0.156299 0.609218
vt 0.140681 0.609220
vt 0.125063 0.609223
vt 0.109445 0.609229
vt 0.093828 0.609237
vt 0.078210 0.609248
vt 0.062595 0.609262
vt 0.046979 0.609280
vt 0.031365 0.609302
vt 0.015752 0.609329
vt 0.000143 0.609361
vt 0.999435 0.593892
vt 0.983824 0.593859
vt 0.968212 0.593831
vt 0.952597 0.593807
vt 0.936982 0.593786
vt 0.921365 0.593769
vt 0.905748 0.593754
vt 0.890129 0.593743
vt 0.874511 0.593733
vt 0.858892 0.593725
vt 0.843274 0.593719
vt 0.827655 0.593714
vt 0.812037 0.593711
vt 0.796419 0.593708
vt 0.780802 0.593707
vt 0.765185 0.593706
vt 0.749569 0.593705
vt 0.733953 0.593705
vt 0.718338 0.593706
vt 0.702724 0.593707
vt 0.687110 0.593707
vt 0.671497 0.593708
vt 0.655884 0.593709
vt 0.640272 0.593710
vt 0.624661 0.593710
vt 0.609050 0.593711
vt 0.593439 0.593710
vt 0.577829 0.593710
vt 0.562219 0.593710
vt 0.546610 0.593709
vt 0.531000 0.593707
vt 0.515391 0.593705
vt 0.499782 0.593703
vt 0.484173 0.593700
vt 0.468564 0.593697
vt 0.452954 0.593693
vt 0.437345 0.593689
vt 0.421735 0.593685
vt 0.406125 0.593680
vt 0.390514 0.593675
vt 0.374903 0.593670
vt 0.359292 0.593664
vt 0.343680 0.593658
vt 0.328067 0.593653
vt 0.312454 0.593647
vt 0.296840 0.593641
vt 0.281226 0.593635
vt 0.265611 0.593630
vt 0.249995 0.593624
vt 0.234379 0.593620
vt 0.218762 0.593616
vt 0.203145 0.593612
vt 0.187527 0.593610
vt 0.171909 0.593608
vt 0.156291 0.593608
vt 0.140672 0.593609
vt 0.125053 0.593612
vt 0.109435 0.593616
vt 0.093817 0.593623
vt 0.078199 0.593633
vt 0.062582 0.593645
vt 0.046967 0.593660
vt 0.031352 0.593679
vt 0.015741 0.593702
vt 0.000129 0.593730
vt 0.983841 0.578231
vt 0.999449 0.578259
vt 0.968227 0.578207
vt 0.952613 0.578186
vt 0.936996 0.578168
vt 0.921380 0.578153
vt 0.905761 0.578140
vt 0.890143 0.578130
vt 0.874524 0.578121
vt 0.858905 0.578114
vt 0.843286 0.578109
vt 0.827667 0.578104
vt 0.812048 0.578101
vt 0.796430 0.578098
vt 0.780812 0.578096
vt 0.765195 0.578095
vt 0.749578 0.578094
vt 0.733962 0.578094
vt 0.718346 0.578094
vt 0.702731 0.578094
vt 0.687117 0.578094
vt 0.671504 0.578094
vt 0.655891 0.578094
vt 0.640278 0.578095
vt 0.624667 0.578095
vt 0.609055 0.578094
vt 0.593444 0.578094
vt 0.577834 0.578093
vt 0.562223 0.578092
vt 0.546613 0.578091
vt 0.531004 0.578090
vt 0.515394 0.578087
vt 0.499785 0.578085
vt 0.484175 0.578082
vt 0.468565 0.578079
vt 0.452956 0.578076
vt 0.437346 0.578072
vt 0.421736 0.578068
vt 0.406125 0.578064
vt 0.390514 0.578059
vt 0.374903 0.578054
vt 0.359291 0.578049
vt 0.343678 0.578044
vt 0.328066 0.578039
vt 0.312452 0.578033
vt 0.296838 0.578028
vt 0.281223 0.578023
vt 0.265607 0.578018
vt 0.249991 0.578013
vt 0.234375 0.578009
vt 0.218757 0.578005
vt 0.203139 0.578002
vt 0.187521 0.578000
vt 0.171902 0.577998
vt 0.156284 0.577997
vt 0.140664 0.577998
vt 0.125045 0.578000
vt 0.109426 0.578004
vt 0.093808 0.578009
vt 0.078189 0.578017
vt 0.062573 0.578027
vt 0.046956 0.578039
vt 0.031342 0.578055
vt 0.015729 0.578074
vt 0.000120 0.578097
vt 0.999464 0.562625
vt 0.983853 0.562602
vt 0.968241 0.562582
vt 0.952626 0.562564
vt 0.937010 0.562549
vt 0.921392 0.562537
vt 0.905774 0.562526
vt 0.890155 0.562517
vt 0.874536 0.562509
vt 0.858916 0.562503
vt 0.843296 0.562498
vt 0.827677 0.562494
vt 0.812058 0.562490
vt 0.796439 0.562488
vt 0.780821 0.562486
vt 0.765203 0.562484
vt 0.749586 0.562483
vt 0.733970 0.562482
vt 0.718354 0.562482
vt 0.702738 0.562481
vt 0.687124 0.562481
vt 0.671510 0.562481
vt 0.655896 0.562480
vt 0.640284 0.562480
vt 0.624671 0.562479
vt 0.609060 0.562479
vt 0.593448 0.562478
vt 0.577838 0.562477
vt 0.562227 0.562476
vt 0.546617 0.562474
vt 0.531007 0.562472
vt 0.515397 0.562470
vt 0.499787 0.562468
vt 0.484177 0.562465
vt 0.468567 0.562462
vt 0.452957 0.562459
vt 0.437347 0.562455
vt 0.421737 0.562452
vt 0.406126 0.562447
vt 0.390514 0.562443
vt 0.374903 0.562439
vt 0.359290 0.562434
vt 0.343678 0.562430
vt 0.328064 0.562425
vt 0.312451 0.562420
vt 0.296836 0.562416
vt 0.281221 0.562411
vt 0.265605 0.562407
vt 0.249988 0.562402
vt 0.234371 0.562398
vt 0.218753 0.562395
vt 0.203135 0.562392
vt 0.187516 0.562389
vt 0.171897 0.562388
vt 0.156278 0.562387
vt 0.140659 0.562387
vt 0.125039 0.562388
vt 0.109420 0.562391
vt 0.093800 0.562394
vt 0.078182 0.562400
vt 0.062564 0.562408
vt 0.046949 0.562418
vt 0.031333 0.562430
vt 0.015721 0.562445
vt 0.000110 0.562463
vt 0.983865 0.546972
vt 0.999474 0.546990
vt 0.968251 0.546956
vt 0.952637 0.546942
vt 0.937020 0.546930
vt 0.921403 0.546920
vt 0.905784 0.546911
vt 0.890165 0.546904
vt 0.874545 0.546897
vt 0.858925 0.546892
vt 0.843305 0.546887
vt 0.827686 0.546884
vt 0.812066 0.546880
vt 0.796447 0.546878
vt 0.780828 0.546876
vt 0.765210 0.546874
vt 0.749593 0.546872
vt 0.733976 0.546871
vt 0.718360 0.546870
vt 0.702744 0.546869
vt 0.687129 0.546868
vt 0.671515 0.546867
vt 0.655902 0.546866
vt 0.640288 0.546865
vt 0.624676 0.546864
vt 0.609064 0.546863
vt 0.593453 0.546862
vt 0.577841 0.546861
vt 0.562231 0.546859
vt 0.546620 0.546857
vt 0.531010 0.546855
vt 0.515400 0.546853
vt 0.499790 0.546851
vt 0.484180 0.546848
vt 0.468569 0.546845
vt 0.452959 0.546842
vt 0.437349 0.546839
vt 0.421738 0.546835
vt 0.406127 0.546832
vt 0.390515 0.546828
vt 0.374903 0.546824
vt 0.359291 0.546820
vt 0.343678 0.546816
vt 0.328064 0.546812
vt 0.312450 0.546807
vt 0.296835 0.546803
vt 0.281219 0.546799
vt 0.265603 0.546795
vt 0.249986 0.546791
vt 0.234369 0.546788
vt 0.218751 0.546785
vt 0.203132 0.546782
vt 0.187513 0.546779
vt 0.171894 0.546777
vt 0.156274 0.546776
vt 0.140654 0.546776
vt 0.125034 0.546776
vt 0.109414 0.546777
vt 0.093796 0.546780
vt 0.078176 0.546783
vt 0.062559 0.546789
vt 0.046942 0.546796
vt 0.031328 0.546804
vt 0.015714 0.546815
vt 0.000105 0.546828
vt 0.999484 0.531354
vt 0.983873 0.531341
vt 0.968261 0.531330
vt 0.952645 0.531319
vt 0.937029 0.531311
vt 0.921411 0.531303
vt 0.905792 0.531296
vt 0.890172 0.531290
vt 0.874553 0.531285
vt 0.858932 0.531281
vt 0.843313 0.531277
vt 0.827692 0.531273
vt 0.812073 0.531270
vt 0.796453 0.531268
vt 0.780834 0.531265
vt 0.765216 0.531263
vt 0.749599 0.531262
vt 0.733982 0.531260
vt 0.718365 0.531258
vt 0.702749 0.531257
vt 0.687134 0.531255
vt 0.671520 0.531254
vt 0.655906 0.531253
vt 0.640293 0.531251
vt 0.624680 0.531249
vt 0.609068 0.531248
vt 0.593456 0.531246
vt 0.577845 0.531244
vt 0.562234 0.531242
vt 0.546623 0.531241
vt 0.531013 0.531238
vt 0.515402 0.531236
vt 0.499792 0.531234
vt 0.484182 0.531231
vt 0.468572 0.531228
vt 0.452961 0.531225
vt 0.437351 0.531222
vt 0.421739 0.531219
vt 0.406128 0.531216
vt 0.390516 0.531213
vt 0.374904 0.531209
vt 0.359292 0.531206
vt 0.343679 0.531202
vt 0.328065 0.531198
vt 0.312450 0.531195
vt 0.296835 0.531191
vt 0.281219 0.531188
vt 0.265603 0.531184
vt 0.249986 0.531181
vt 0.234368 0.531178
vt 0.218750 0.531175
vt 0.203131 0.531172
vt 0.187512 0.531169
vt 0.171892 0.531167
vt 0.156272 0.531166
vt 0.140652 0.531164
vt 0.125032 0.531164
vt 0.109412 0.531164
vt 0.093792 0.531165
vt 0.078174 0.531166
vt 0.062555 0.531169
vt 0.046939 0.531173
vt 0.031323 0.531178
vt 0.015712 0.531184
vt 0.000100 0.531192
vt 0.983880 0.515710
vt 0.999489 0.515718
vt 0.968266 0.515703
vt 0.952652 0.515696
vt 0.937035 0.515691
vt 0.921417 0.515686
vt 0.905798 0.515681
vt 0.890179 0.515677
vt 0.874558 0.515673
vt 0.858938 0.515669
vt 0.843318 0.515666
vt 0.827698 0.515663
vt 0.812078 0.515660
vt 0.796458 0.515658
vt 0.780839 0.515655
vt 0.765221 0.515653
vt 0.749603 0.515651
vt 0.733986 0.515649
vt 0.718369 0.515647
vt 0.702753 0.515645
vt 0.687138 0.515643
vt 0.671523 0.515641
vt 0.655910 0.515639
vt 0.640296 0.515637
vt 0.624683 0.515635
vt 0.609071 0.515633
vt 0.593459 0.515631
vt 0.577848 0.515629
vt 0.562237 0.515626
vt 0.546626 0.515624
vt 0.531016 0.515622
vt 0.515405 0.515619
vt 0.499795 0.515617
vt 0.484184 0.515614
vt 0.468574 0.515612
vt 0.452963 0.515609
vt 0.437353 0.515606
vt 0.421742 0.515603
vt 0.406130 0.515600
vt 0.390518 0.515597
vt 0.374906 0.515594
vt 0.359293 0.515591
vt 0.343680 0.515588
vt 0.328066 0.515585
vt 0.312451 0.515582
vt 0.296836 0.515579
vt 0.281220 0.515576
vt 0.265604 0.515573
vt 0.249986 0.515570
vt 0.234369 0.515567
vt 0.218750 0.515565
vt 0.203131 0.515562
vt 0.187512 0.515559
vt 0.171892 0.515557
vt 0.156272 0.515555
vt 0.140651 0.515553
vt 0.125031 0.515552
vt 0.109411 0.515550
vt 0.093792 0.515550
vt 0.078172 0.515549
vt 0.062555 0.515549
vt 0.046937 0.515550
vt 0.031323 0.515551
vt 0.015709 0.515553
vt 0.000100 0.515556
vt 0.999495 0.500081
vt 0.983883 0.500078
vt 0.968271 0.500076
vt 0.952655 0.500073
vt 0.937039 0.500071
vt 0.921420 0.500068
vt 0.905802 0.500066
vt 0.890182 0.500063
vt 0.874562 0.500061
vt 0.858941 0.500058
vt 0.843321 0.500056
vt 0.827701 0.500053
vt 0.812081 0.500051
vt 0.796462 0.500048
vt 0.780842 0.500045
vt 0.765224 0.500043
vt 0.749606 0.500040
vt 0.733989 0.500038
vt 0.718372 0.500035
vt 0.702756 0.500033
vt 0.687141 0.500030
vt 0.671527 0.500028
vt 0.655912 0.500025
vt 0.640299 0.500023
vt 0.624686 0.500020
vt 0.609074 0.500018
vt 0.593462 0.500015
vt 0.577851 0.500013
vt 0.562239 0.500010
vt 0.546629 0.500008
vt 0.531018 0.500005
vt 0.515408 0.500003
vt 0.499797 0.500000
vt 0.484187 0.499997
vt 0.468576 0.499995
vt 0.452966 0.499992
vt 0.437355 0.499990
vt 0.421744 0.499987
vt 0.406132 0.499985
vt 0.390520 0.499982
vt 0.374908 0.499980
vt 0.359295 0.499977
vt 0.343682 0.499975
vt 0.328068 0.499972
vt 0.312453 0.499970
vt 0.296838 0.499967
vt 0.281222 0.499965
vt 0.265606 0.499962
vt 0.249988 0.499960
vt 0.234370 0.499957
vt 0.218752 0.499955
vt 0.203133 0.499952
vt 0.187513 0.499949
vt 0.171894 0.499947
vt 0.156273 0.499944
vt 0.140653 0.499942
vt 0.125032 0.499939
vt 0.109413 0.499937
vt 0.093793 0.499934
vt 0.078174 0.499932
vt 0.062555 0.499929
vt 0.046939 0.499927
vt 0.031323 0.499924
vt 0.015712 0.499922
vt 0.000100 0.499919
vt 0.983886 0.484447
vt 0.999494 0.484444
vt 0.968271 0.484449
vt 0.952657 0.484450
vt 0.937040 0.484451
vt 0.921422 0.484451
vt 0.905803 0.484450
vt 0.890184 0.484450
vt 0.874563 0.484448
vt 0.858943 0.484447
vt 0.843323 0.484445
vt 0.827703 0.484443
vt 0.812083 0.484441
vt 0.796463 0.484438
vt 0.780844 0.484435
vt 0.765226 0.484433
vt 0.749608 0.484430
vt 0.733991 0.484427
vt 0.718374 0.484424
vt 0.702758 0.484421
vt 0.687143 0.484418
vt 0.671529 0.484415
vt 0.655915 0.484412
vt 0.640301 0.484409
vt 0.624689 0.484406
vt 0.609076 0.484403
vt 0.593464 0.484400
vt 0.577853 0.484397
vt 0.562242 0.484394
vt 0.546631 0.484391
vt 0.531021 0.484388
vt 0.515410 0.484386
vt 0.499800 0.484383
vt 0.484189 0.484381
vt 0.468579 0.484378
vt 0.452968 0.484376
vt 0.437358 0.484374
vt 0.421747 0.484372
vt 0.406135 0.484369
vt 0.390523 0.484367
vt 0.374911 0.484365
vt 0.359298 0.484363
vt 0.343685 0.484361
vt 0.328071 0.484359
vt 0.312456 0.484357
vt 0.296841 0.484355
vt 0.281225 0.484353
vt 0.265609 0.484351
vt 0.249991 0.484349
vt 0.234374 0.484347
vt 0.218755 0.484345
vt 0.203136 0.484342
vt 0.187517 0.484340
vt 0.171897 0.484337
vt 0.156277 0.484334
vt 0.140656 0.484331
vt 0.125036 0.484327
vt 0.109416 0.484323
vt 0.093797 0.484319
vt 0.078177 0.484314
vt 0.062560 0.484309
vt 0.046942 0.484304
vt 0.031328 0.484297
vt 0.015714 0.484290
vt 0.000105 0.484282
vt 0.999495 0.468808
vt 0.983883 0.468816
vt 0.968271 0.468822
vt 0.952655 0.468827
vt 0.937039 0.468831
vt 0.921421 0.468834
vt 0.905803 0.468835
vt 0.890182 0.468836
vt 0.874563 0.468836
vt 0.858943 0.468836
vt 0.843323 0.468834
vt 0.827702 0.468833
vt 0.812083 0.468831
vt 0.796463 0.468828
vt 0.780845 0.468825
vt 0.765226 0.468822
vt 0.749609 0.468819
vt 0.733992 0.468816
vt 0.718375 0.468812
vt 0.702760 0.468809
vt 0.687144 0.468805
vt 0.671530 0.468802
vt 0.655916 0.468798
vt 0.640303 0.468794
vt 0.624690 0.468791
vt 0.609078 0.468787
vt 0.593466 0.468784
vt 0.577855 0.468781
vt 0.562244 0.468778
vt 0.546633 0.468775
vt 0.531023 0.468772
vt 0.515413 0.468769
vt 0.499802 0.468766
vt 0.484192 0.468764
vt 0.468582 0.468762
vt 0.452971 0.468760
vt 0.437361 0.468757
vt 0.421750 0.468756
vt 0.406138 0.468754
vt 0.390527 0.468752
vt 0.374915 0.468751
vt 0.359302 0.468749
vt 0.343689 0.468748
vt 0.328075 0.468746
vt 0.312460 0.468745
vt 0.296845 0.468743
vt 0.281229 0.468742
vt 0.265613 0.468740
vt 0.249996 0.468738
vt 0.234378 0.468737
vt 0.218760 0.468735
vt 0.203141 0.468732
vt 0.187522 0.468730
vt 0.171902 0.468727
vt 0.156282 0.468723
vt 0.140662 0.468719
vt 0.125042 0.468715
vt 0.109422 0.468710
vt 0.093802 0.468704
vt 0.078184 0.468697
vt 0.062565 0.468689
vt 0.046949 0.468681
vt 0.031333 0.468671
vt 0.015722 0.468659
vt 0.000110 0.468646
vt 0.983881 0.453185
vt 0.999489 0.453172
vt 0.968266 0.453196
vt 0.952653 0.453204
vt 0.937035 0.453211
vt 0.921418 0.453217
vt 0.905799 0.453220
vt 0.890180 0.453223
vt 0.874560 0.453224
vt 0.858940 0.453224
vt 0.843320 0.453224
vt 0.827701 0.453223
vt 0.812081 0.453221
vt 0.796462 0.453218
vt 0.780844 0.453215
vt 0.765225 0.453212
vt 0.749608 0.453209
vt 0.733991 0.453205
vt 0.718375 0.453201
vt 0.702759 0.453197
vt 0.687145 0.453193
vt 0.671530 0.453188
vt 0.655917 0.453184
vt 0.640304 0.453180
vt 0.624691 0.453176
vt 0.609079 0.453172
vt 0.593468 0.453168
vt 0.577857 0.453165
vt 0.562246 0.453161
vt 0.546635 0.453158
vt 0.531025 0.453155
vt 0.515415 0.453152
vt 0.499805 0.453149
vt 0.484195 0.453147
vt 0.468585 0.453145
vt 0.452974 0.453143
vt 0.437364 0.453141
vt 0.421753 0.453140
vt 0.406142 0.453138
vt 0.390530 0.453137
vt 0.374918 0.453136
vt 0.359306 0.453135
vt 0.343693 0.453134
vt 0.328079 0.453133
vt 0.312465 0.453132
vt 0.296850 0.453131
vt 0.281235 0.453130
vt 0.265619 0.453129
vt 0.250002 0.453128
vt 0.234384 0.453126
vt 0.218766 0.453124
vt 0.203148 0.453122
vt 0.187528 0.453120
vt 0.171909 0.453116
vt 0.156289 0.453113
vt 0.140669 0.453108
vt 0.125050 0.453103
vt 0.109430 0.453096
vt 0.093811 0.453089
vt 0.078191 0.453080
vt 0.062574 0.453070
vt 0.046957 0.453058
vt 0.031343 0.453044
vt 0.015729 0.453028
vt 0.000120 0.453010
vt 0.999485 0.437537
vt 0.983873 0.437555
vt 0.968262 0.437570
vt 0.952646 0.437582
vt 0.937030 0.437592
vt 0.921412 0.437600
vt 0.905794 0.437606
vt 0.890175 0.437609
vt 0.874556 0.437612
vt 0.858936 0.437613
vt 0.843317 0.437613
vt 0.827697 0.437612
vt 0.812078 0.437611
vt 0.796459 0.437608
vt 0.780841 0.437605
vt 0.765223 0.437602
vt 0.749606 0.437598
vt 0.733990 0.437593
vt 0.718374 0.437589
vt 0.702759 0.437584
vt 0.687144 0.437580
vt 0.671530 0.437575
vt 0.655917 0.437570
vt 0.640304 0.437566
vt 0.624692 0.437561
vt 0.609080 0.437557
vt 0.593469 0.437553
vt 0.577858 0.437548
vt 0.562247 0.437545
vt 0.546637 0.437541
vt 0.531027 0.437538
vt 0.515417 0.437535
vt 0.499807 0.437532
vt 0.484198 0.437530
vt 0.468588 0.437528
vt 0.452978 0.437526
vt 0.437367 0.437525
vt 0.421757 0.437523
vt 0.406146 0.437522
vt 0.390535 0.437521
vt 0.374923 0.437521
vt 0.359311 0.437520
vt 0.343698 0.437520
vt 0.328085 0.437519
vt 0.312471 0.437519
vt 0.296856 0.437519
vt 0.281241 0.437518
vt 0.265625 0.437518
vt 0.250009 0.437517
vt 0.234391 0.437516
vt 0.218774 0.437514
vt 0.203155 0.437512
vt 0.187537 0.437510
vt 0.171918 0.437506
vt 0.156298 0.437502
vt 0.140679 0.437497
vt 0.125059 0.437491
vt 0.109440 0.437483
vt 0.093820 0.437474
vt 0.078203 0.437463
vt 0.062584 0.437451
vt 0.046969 0.437436
vt 0.031353 0.437418
vt 0.015742 0.437398
vt 0.000130 0.437375
vt 0.983866 0.421926
vt 0.999475 0.421903
vt 0.968252 0.421945
vt 0.952639 0.421961
vt 0.937022 0.421973
vt 0.921405 0.421983
vt 0.905787 0.421991
vt 0.890168 0.421996
vt 0.874549 0.422000
vt 0.858930 0.422002
vt 0.843311 0.422003
vt 0.827692 0.422002
vt 0.812073 0.422000
vt 0.796455 0.421998
vt 0.780837 0.421995
vt 0.765220 0.421991
vt 0.749603 0.421987
vt 0.733987 0.421982
vt 0.718372 0.421977
vt 0.702757 0.421972
vt 0.687143 0.421967
vt 0.671529 0.421961
vt 0.655916 0.421956
vt 0.640303 0.421951
vt 0.624692 0.421946
vt 0.609080 0.421941
vt 0.593469 0.421936
vt 0.577859 0.421932
vt 0.562249 0.421928
vt 0.546639 0.421924
vt 0.531029 0.421921
vt 0.515419 0.421918
vt 0.499810 0.421915
vt 0.484200 0.421913
vt 0.468591 0.421910
vt 0.452981 0.421909
vt 0.437371 0.421908
vt 0.421761 0.421907
vt 0.406150 0.421906
vt 0.390539 0.421906
vt 0.374928 0.421905
vt 0.359316 0.421905
vt 0.343704 0.421906
vt 0.328091 0.421906
vt 0.312477 0.421906
vt 0.296863 0.421906
vt 0.281248 0.421906
vt 0.265633 0.421906
vt 0.250016 0.421906
vt 0.234400 0.421905
vt 0.218782 0.421904
vt 0.203165 0.421902
vt 0.187546 0.421899
vt 0.171928 0.421896
vt 0.156309 0.421891
vt 0.140690 0.421886
vt 0.125071 0.421879
vt 0.109451 0.421870
vt 0.093833 0.421860
vt 0.078215 0.421847
vt 0.062598 0.421832
vt 0.046981 0.421814
vt 0.031368 0.421793
vt 0.015754 0.421769
vt 0.000145 0.421741
vt 0.999465 0.406270
vt 0.983854 0.406298
vt 0.968243 0.406321
vt 0.952627 0.406340
vt 0.937012 0.406355
vt 0.921395 0.406367
vt 0.905778 0.406377
vt 0.890159 0.406384
vt 0.874541 0.406388
vt 0.858922 0.406391
vt 0.843304 0.406392
vt 0.827685 0.406392
vt 0.812067 0.406390
vt 0.796450 0.406388
vt 0.780832 0.406384
vt 0.765215 0.406380
vt 0.749599 0.406376
vt 0.733984 0.406370
vt 0.718368 0.406365
vt 0.702754 0.406359
vt 0.687140 0.406353
vt 0.671527 0.406347
vt 0.655915 0.406342
vt 0.640303 0.406336
vt 0.624691 0.406330
vt 0.609080 0.406325
vt 0.593470 0.406320
vt 0.577860 0.406315
vt 0.562250 0.406311
vt 0.546640 0.406307
vt 0.531031 0.406303
vt 0.515422 0.406300
vt 0.499812 0.406297
vt 0.484203 0.406295
vt 0.468594 0.406293
vt 0.452985 0.406291
vt 0.437375 0.406290
vt 0.421765 0.406290
vt 0.406155 0.406290
vt 0.390544 0.406289
vt 0.374934 0.406290
vt 0.359322 0.406290
vt 0.343710 0.406291
vt 0.328097 0.406292
vt 0.312484 0.406293
vt 0.296871 0.406293
vt 0.281256 0.406294
vt 0.265641 0.406295
vt 0.250026 0.406295
vt 0.234409 0.406294
vt 0.218793 0.406293
vt 0.203175 0.406292
vt 0.187558 0.406289
vt 0.171939 0.406286
vt 0.156321 0.406281
vt 0.140703 0.406275
vt 0.125084 0.406267
vt 0.109465 0.406257
vt 0.093847 0.406246
vt 0.078230 0.406231
vt 0.062612 0.406214
vt 0.046997 0.406193
vt 0.031382 0.406169
vt 0.015771 0.406141
vt 0.000160 0.406108
vt 0.983842 0.390671
vt 0.999451 0.390639
vt 0.968229 0.390698
vt 0.952616 0.390720
vt 0.937000 0.390738
vt 0.921384 0.390752
vt 0.905766 0.390763
vt 0.890149 0.390771
vt 0.874531 0.390777
vt 0.858913 0.390780
vt 0.843295 0.390781
vt 0.827677 0.390782
vt 0.812060 0.390780
vt 0.796443 0.390777
vt 0.780826 0.390774
vt 0.765210 0.390769
vt 0.749594 0.390764
vt 0.733979 0.390758
vt 0.718365 0.390752
vt 0.702751 0.390746
vt 0.687138 0.390740
vt 0.671525 0.390733
vt 0.655913 0.390727
vt 0.640301 0.390720
vt 0.624690 0.390714
vt 0.609080 0.390709
vt 0.593470 0.390703
vt 0.577860 0.390698
vt 0.562251 0.390693
vt 0.546641 0.390689
vt 0.531033 0.390685
vt 0.515424 0.390682
vt 0.499815 0.390679
vt 0.484206 0.390677
vt 0.468597 0.390675
vt 0.452988 0.390674
vt 0.437379 0.390673
vt 0.421770 0.390673
vt 0.406160 0.390673
vt 0.390550 0.390673
vt 0.374939 0.390674
vt 0.359329 0.390675
vt 0.343717 0.390676
vt 0.328105 0.390678
vt 0.312492 0.390679
vt 0.296879 0.390681
vt 0.281265 0.390682
vt 0.265651 0.390683
vt 0.250036 0.390683
vt 0.234420 0.390683
vt 0.218804 0.390683
vt 0.203187 0.390681
vt 0.187570 0.390679
vt 0.171952 0.390675
vt 0.156335 0.390670
vt 0.140717 0.390664
vt 0.125099 0.390655
vt 0.109481 0.390645
vt 0.093863 0.390632
vt 0.078246 0.390616
vt 0.062630 0.390597
vt 0.047014 0.390574
vt 0.031401 0.390547
vt 0.015788 0.390515
vt 0.000179 0.390478
vt 0.999437 0.375010
vt 0.983826 0.375046
vt 0.968215 0.375077
vt 0.952601 0.375101
vt 0.936987 0.375122
vt 0.921370 0.375137
vt 0.905754 0.375150
vt 0.890137 0.375159
vt 0.874520 0.375165
vt 0.858902 0.375169
vt 0.843285 0.375171
vt 0.827668 0.375171
vt 0.812051 0.375170
vt 0.796435 0.375167
vt 0.780819 0.375163
vt 0.765203 0.375158
vt 0.749588 0.375152
vt 0.733974 0.375146
vt 0.718360 0.375140
vt 0.702747 0.375133
vt 0.687134 0.375126
vt 0.671522 0.375118
vt 0.655910 0.375112
vt 0.640300 0.375105
vt 0.624689 0.375098
vt 0.609079 0.375091
vt 0.593469 0.375086
vt 0.577860 0.375080
vt 0.562251 0.375075
vt 0.546643 0.375070
vt 0.531034 0.375066
vt 0.515426 0.375063
vt 0.499817 0.375060
vt 0.484209 0.375058
vt 0.468601 0.375056
vt 0.452992 0.375055
vt 0.437384 0.375055
vt 0.421775 0.375055
vt 0.406166 0.375055
vt 0.390556 0.375056
vt 0.374946 0.375058
vt 0.359335 0.375059
vt 0.343724 0.375061
vt 0.328113 0.375063
vt 0.312501 0.375065
vt 0.296888 0.375067
vt 0.281275 0.375069
vt 0.265661 0.375070
vt 0.250047 0.375072
vt 0.234431 0.375072
vt 0.218816 0.375072
vt 0.203200 0.375071
vt 0.187584 0.375069
vt 0.171967 0.375065
vt 0.156350 0.375060
vt 0.140732 0.375053
vt 0.125115 0.375044
vt 0.109498 0.375033
vt 0.093881 0.375019
vt 0.078265 0.375001
vt 0.062648 0.374980
vt 0.047034 0.374955
vt 0.031420 0.374925
vt 0.015808 0.374890
vt 0.000197 0.374849
vt 0.983811 0.359423
vt 0.999420 0.359383
vt 0.968198 0.359457
vt 0.952586 0.359484
vt 0.936971 0.359506
vt 0.921356 0.359524
vt 0.905740 0.359537
vt 0.890124 0.359547
vt 0.874507 0.359554
vt 0.858891 0.359559
vt 0.843274 0.359560
vt 0.827658 0.359561
vt 0.812042 0.359559
vt 0.796426 0.359556
vt 0.780811 0.359551
vt 0.765196 0.359546
vt 0.749582 0.359540
vt 0.733968 0.359534
vt 0.718355 0.359526
vt 0.702742 0.359519
vt 0.687130 0.359511
vt 0.671519 0.359504
vt 0.655908 0.359496
vt 0.640297 0.359488
vt 0.624687 0.359481
vt 0.609078 0.359474
vt 0.593469 0.359468
vt 0.577860 0.359462
vt 0.562252 0.359456
vt 0.546644 0.359452
vt 0.531036 0.359447
vt 0.515428 0.359444
vt 0.499820 0.359441
vt 0.484212 0.359439
vt 0.468604 0.359437
vt 0.452996 0.359436
vt 0.437388 0.359436
vt 0.421780 0.359437
vt 0.406171 0.359437
vt 0.390562 0.359439
vt 0.374952 0.359441
vt 0.359343 0.359443
vt 0.343732 0.359445
vt 0.328121 0.359448
vt 0.312510 0.359450
vt 0.296898 0.359453
vt 0.281285 0.359456
vt 0.265672 0.359458
vt 0.250058 0.359459
vt 0.234444 0.359461
vt 0.218829 0.359461
vt 0.203214 0.359460
vt 0.187598 0.359458
vt 0.171982 0.359455
vt 0.156366 0.359449
vt 0.140749 0.359442
vt 0.125133 0.359433
vt 0.109516 0.359421
vt 0.093900 0.359406
vt 0.078284 0.359387
vt 0.062669 0.359365
vt 0.047054 0.359337
vt 0.031442 0.359305
vt 0.015829 0.359267
vt 0.000220 0.359222
vt 0.999403 0.343759
vt 0.983792 0.343802
vt 0.968181 0.343838
vt 0.952568 0.343868
vt 0.936955 0.343892
vt 0.921340 0.343910
vt 0.905725 0.343925
vt 0.890109 0.343936
vt 0.874494 0.343943
vt 0.858878 0.343948
vt 0.843262 0.343950
vt 0.827647 0.343950
vt 0.812032 0.343948
vt 0.796417 0.343945
vt 0.780802 0.343940
vt 0.765188 0.343934
vt 0.749575 0.343928
vt 0.733962 0.343920
vt 0.718349 0.343913
vt 0.702737 0.343905
vt 0.687126 0.343896
vt 0.671515 0.343888
vt 0.655905 0.343880
vt 0.640295 0.343871
vt 0.624686 0.343864
vt 0.609077 0.343856
vt 0.593468 0.343849
vt 0.577860 0.343843
vt 0.562252 0.343837
vt 0.546645 0.343832
vt 0.531037 0.343828
vt 0.515430 0.343824
vt 0.499822 0.343821
vt 0.484215 0.343819
vt 0.468608 0.343818
vt 0.453000 0.343817
vt 0.437393 0.343817
vt 0.421785 0.343818
vt 0.406177 0.343819
vt 0.390568 0.343821
vt 0.374959 0.343823
vt 0.359350 0.343826
vt 0.343740 0.343829
vt 0.328130 0.343832
vt 0.312519 0.343836
vt 0.296908 0.343839
vt 0.281296 0.343842
vt 0.265683 0.343845
vt 0.250070 0.343847
vt 0.234457 0.343848
vt 0.218843 0.343849
vt 0.203228 0.343849
vt 0.187613 0.343847
vt 0.171998 0.343844
vt 0.156383 0.343839
vt 0.140767 0.343832
vt 0.125151 0.343822
vt 0.109536 0.343809
vt 0.093920 0.343794
vt 0.078305 0.343774
vt 0.062690 0.343750
vt 0.047077 0.343721
vt 0.031464 0.343687
vt 0.015853 0.343646
vt 0.000242 0.343597
vt 0.983774 0.328183
vt 0.999382 0.328137
vt 0.968162 0.328221
vt 0.952550 0.328253
vt 0.936936 0.328278
vt 0.921323 0.328298
vt 0.905708 0.328313
vt 0.890094 0.328325
vt 0.874479 0.328332
vt 0.858864 0.328337
vt 0.843250 0.328339
vt 0.827635 0.328339
vt 0.812021 0.328337
vt 0.796407 0.328334
vt 0.780793 0.328328
vt 0.765180 0.328322
vt 0.749567 0.328315
vt 0.733955 0.328307
vt 0.718343 0.328299
vt 0.702732 0.328290
vt 0.687122 0.328281
vt 0.671511 0.328272
vt 0.655902 0.328263
vt 0.640292 0.328254
vt 0.624684 0.328246
vt 0.609075 0.328238
vt 0.593467 0.328230
vt 0.577860 0.328224
vt 0.562253 0.328217
vt 0.546645 0.328212
vt 0.531039 0.328207
vt 0.515432 0.328204
vt 0.499825 0.328201
vt 0.484218 0.328199
vt 0.468612 0.328197
vt 0.453005 0.328197
vt 0.437398 0.328197
vt 0.421790 0.328198
vt 0.406183 0.328200
vt 0.390575 0.328203
vt 0.374966 0.328205
vt 0.359358 0.328209
vt 0.343748 0.328212
vt 0.328139 0.328216
vt 0.312529 0.328220
vt 0.296918 0.328224
vt 0.281307 0.328228
vt 0.265695 0.328232
vt 0.250083 0.328234
vt 0.234470 0.328237
vt 0.218857 0.328237
vt 0.203243 0.328238
vt 0.187629 0.328236
vt 0.172015 0.328233
vt 0.156400 0.328228
vt 0.140786 0.328221
vt 0.125171 0.328211
vt 0.109556 0.328198
vt 0.093942 0.328182
vt 0.078327 0.328162
vt 0.062714 0.328136
vt 0.047100 0.328106
vt 0.031488 0.328070
vt 0.015877 0.328027
vt 0.000268 0.327975
vt 0.999363 0.312518
vt 0.983753 0.312566
vt 0.968142 0.312607
vt 0.952530 0.312639
vt 0.936918 0.312666
vt 0.921305 0.312686
vt 0.905692 0.312702
vt 0.890078 0.312714
vt 0.874464 0.312722
vt 0.858850 0.312727
vt 0.843237 0.312729
vt 0.827623 0.312728
vt 0.812010 0.312726
vt 0.796397 0.312722
vt 0.780784 0.312717
vt 0.765172 0.312710
vt 0.749560 0.312702
vt 0.733948 0.312693
vt 0.718337 0.312684
vt 0.702727 0.312675
vt 0.687117 0.312665
vt 0.671507 0.312655
vt 0.655898 0.312646
vt 0.640290 0.312636
vt 0.624682 0.312627
vt 0.609074 0.312619
vt 0.593467 0.312611
vt 0.577860 0.312604
vt 0.562253 0.312597
vt 0.546646 0.312591
vt 0.531040 0.312587
vt 0.515434 0.312583
vt 0.499828 0.312580
vt 0.484221 0.312578
vt 0.468615 0.312577
vt 0.453009 0.312576
vt 0.437402 0.312577
vt 0.421795 0.312578
vt 0.406189 0.312581
vt 0.390581 0.312583
vt 0.374974 0.312587
vt 0.359365 0.312591
vt 0.343757 0.312595
vt 0.328148 0.312600
vt 0.312538 0.312605
vt 0.296928 0.312609
vt 0.281318 0.312614
vt 0.265707 0.312618
vt 0.250095 0.312621
vt 0.234483 0.312624
vt 0.218871 0.312626
vt 0.203258 0.312626
vt 0.187645 0.312625
vt 0.172032 0.312622
vt 0.156418 0.312618
vt 0.140805 0.312610
vt 0.125191 0.312601
vt 0.109577 0.312587
vt 0.093964 0.312571
vt 0.078350 0.312550
vt 0.062737 0.312524
vt 0.047125 0.312493
vt 0.031513 0.312455
vt 0.015902 0.312410
vt 0.000292 0.312356
vt 0.983732 0.296952
vt 0.999341 0.296902
vt 0.968122 0.296993
vt 0.952511 0.297027
vt 0.936899 0.297054
vt 0.921287 0.297076
vt 0.905674 0.297092
vt 0.890062 0.297104
vt 0.874449 0.297111
vt 0.858836 0.297116
vt 0.843224 0.297118
vt 0.827611 0.297118
vt 0.811999 0.297115
vt 0.796386 0.297110
vt 0.780775 0.297104
vt 0.765163 0.297097
vt 0.749552 0.297088
vt 0.733941 0.297079
vt 0.718331 0.297069
vt 0.702721 0.297059
vt 0.687112 0.297049
vt 0.671503 0.297038
vt 0.655895 0.297028
vt 0.640287 0.297018
vt 0.624680 0.297008
vt 0.609073 0.296999
vt 0.593466 0.296991
vt 0.577859 0.296983
vt 0.562253 0.296976
vt 0.546647 0.296970
vt 0.531041 0.296965
vt 0.515436 0.296961
vt 0.499830 0.296958
vt 0.484224 0.296956
vt 0.468619 0.296955
vt 0.453013 0.296955
vt 0.437407 0.296956
vt 0.421801 0.296958
vt 0.406194 0.296960
vt 0.390588 0.296964
vt 0.374980 0.296968
vt 0.359373 0.296973
vt 0.343765 0.296977
vt 0.328157 0.296983
vt 0.312548 0.296988
vt 0.296939 0.296994
vt 0.281329 0.296999
vt 0.265719 0.297004
vt 0.250108 0.297008
vt 0.234497 0.297011
vt 0.218885 0.297013
vt 0.203274 0.297015
vt 0.187662 0.297014
vt 0.172049 0.297012
vt 0.156437 0.297007
vt 0.140824 0.297000
vt 0.125211 0.296990
vt 0.109599 0.296977
vt 0.093986 0.296960
vt 0.078373 0.296939
vt 0.062761 0.296913
vt 0.047150 0.296881
vt 0.031539 0.296842
vt 0.015928 0.296796
vt 0.000319 0.296740
vt 0.999320 0.281289
vt 0.983711 0.281340
vt 0.968101 0.281383
vt 0.952490 0.281417
vt 0.936879 0.281444
vt 0.921268 0.281465
vt 0.905657 0.281482
vt 0.890045 0.281493
vt 0.874434 0.281502
vt 0.858822 0.281506
vt 0.843210 0.281508
vt 0.827599 0.281506
vt 0.811987 0.281504
vt 0.796376 0.281498
vt 0.780765 0.281492
vt 0.765155 0.281484
vt 0.749545 0.281475
vt 0.733935 0.281465
vt 0.718325 0.281454
vt 0.702717 0.281443
vt 0.687108 0.281432
vt 0.671500 0.281421
vt 0.655892 0.281410
vt 0.640285 0.281399
vt 0.624678 0.281389
vt 0.609071 0.281379
vt 0.593465 0.281370
vt 0.577859 0.281362
vt 0.562254 0.281355
vt 0.546648 0.281348
vt 0.531043 0.281343
vt 0.515438 0.281339
vt 0.499833 0.281336
vt 0.484227 0.281334
vt 0.468622 0.281333
vt 0.453017 0.281333
vt 0.437412 0.281335
vt 0.421806 0.281337
vt 0.406200 0.281340
vt 0.390594 0.281344
vt 0.374987 0.281348
vt 0.359380 0.281353
vt 0.343773 0.281359
vt 0.328165 0.281365
vt 0.312557 0.281371
vt 0.296949 0.281377
vt 0.281340 0.281384
vt 0.265730 0.281389
vt 0.250121 0.281394
vt 0.234510 0.281398
vt 0.218900 0.281401
vt 0.203289 0.281402
vt 0.187678 0.281403
vt 0.172066 0.281400
vt 0.156455 0.281397
vt 0.140843 0.281390
vt 0.125232 0.281380
vt 0.109620 0.281367
vt 0.094008 0.281351
vt 0.078397 0.281329
vt 0.062786 0.281303
vt 0.047175 0.281270
vt 0.031564 0.281231
vt 0.015955 0.281184
vt 0.000345 0.281127
vt 0.983690 0.265731
vt 0.999298 0.265679
vt 0.968080 0.265773
vt 0.952470 0.265808
vt 0.936860 0.265835
vt 0.921250 0.265856
vt 0.905640 0.265872
vt 0.890029 0.265884
vt 0.874419 0.265891
vt 0.858808 0.265896
vt 0.843198 0.265897
vt 0.827587 0.265896
vt 0.811977 0.265892
vt 0.796367 0.265886
vt 0.780757 0.265879
vt 0.765147 0.265870
vt 0.749538 0.265860
vt 0.733929 0.265850
vt 0.718320 0.265838
vt 0.702712 0.265827
vt 0.687104 0.265815
vt 0.671496 0.265803
vt 0.655890 0.265791
vt 0.640283 0.265780
vt 0.624677 0.265768
vt 0.609070 0.265758
vt 0.593465 0.265749
vt 0.577859 0.265740
vt 0.562254 0.265732
vt 0.546649 0.265726
vt 0.531045 0.265720
vt 0.515440 0.265716
vt 0.499835 0.265713
vt 0.484230 0.265711
vt 0.468626 0.265710
vt 0.453021 0.265711
vt 0.437416 0.265712
vt 0.421811 0.265715
vt 0.406205 0.265718
vt 0.390600 0.265723
vt 0.374994 0.265728
vt 0.359388 0.265734
vt 0.343781 0.265740
vt 0.328174 0.265747
vt 0.312566 0.265754
vt 0.296959 0.265761
vt 0.281350 0.265768
vt 0.265742 0.265774
vt 0.250132 0.265779
vt 0.234523 0.265785
vt 0.218913 0.265788
vt 0.203304 0.265790
vt 0.187693 0.265791
vt 0.172083 0.265790
vt 0.156472 0.265786
vt 0.140862 0.265780
vt 0.125251 0.265770
vt 0.109641 0.265758
vt 0.094030 0.265741
vt 0.078420 0.265720
vt 0.062810 0.265693
vt 0.047200 0.265661
vt 0.031590 0.265622
vt 0.015981 0.265575
vt 0.000372 0.265518
vt 0.999278 0.250073
vt 0.983669 0.250124
vt 0.968060 0.250166
vt 0.952451 0.250200
vt 0.936842 0.250227
vt 0.921233 0.250247
vt 0.905623 0.250263
vt 0.890014 0.250274
vt 0.874405 0.250282
vt 0.858795 0.250285
vt 0.843186 0.250286
vt 0.827577 0.250284
vt 0.811967 0.250280
vt 0.796358 0.250274
vt 0.780749 0.250266
vt 0.765140 0.250256
vt 0.749531 0.250246
vt 0.733923 0.250234
vt 0.718315 0.250222
vt 0.702708 0.250210
vt 0.687100 0.250197
vt 0.671494 0.250184
vt 0.655887 0.250172
vt 0.640281 0.250159
vt 0.624675 0.250148
vt 0.609070 0.250137
vt 0.593465 0.250127
vt 0.577860 0.250118
vt 0.562255 0.250110
vt 0.546651 0.250103
vt 0.531046 0.250097
vt 0.515442 0.250093
vt 0.499838 0.250089
vt 0.484233 0.250087
vt 0.468629 0.250087
vt 0.453025 0.250088
vt 0.437420 0.250089
vt 0.421815 0.250092
vt 0.406211 0.250097
vt 0.390605 0.250101
vt 0.375000 0.250107
vt 0.359394 0.250114
vt 0.343788 0.250121
vt 0.328182 0.250128
vt 0.312575 0.250136
vt 0.296968 0.250144
vt 0.281360 0.250152
vt 0.265752 0.250158
vt 0.250144 0.250165
vt 0.234535 0.250170
vt 0.218927 0.250175
vt 0.203317 0.250178
vt 0.187708 0.250179
vt 0.172099 0.250178
vt 0.156490 0.250175
vt 0.140880 0.250169
vt 0.125271 0.250161
vt 0.109661 0.250148
vt 0.094052 0.250132
vt 0.078443 0.250111
vt 0.062834 0.250085
vt 0.047224 0.250053
vt 0.031616 0.250015
vt 0.016007 0.249968
vt 0.000398 0.249911
vt 0.983649 0.234520
vt 0.999258 0.234470
vt 0.968041 0.234561
vt 0.952432 0.234594
vt 0.936824 0.234619
vt 0.921216 0.234640
vt 0.905608 0.234654
vt 0.890000 0.234665
vt 0.874392 0.234672
vt 0.858783 0.234675
vt 0.843175 0.234675
vt 0.827567 0.234673
vt 0.811958 0.234668
vt 0.796350 0.234661
vt 0.780742 0.234652
vt 0.765134 0.234642
vt 0.749526 0.234631
vt 0.733918 0.234619
vt 0.718311 0.234606
vt 0.702704 0.234592
vt 0.687098 0.234578
vt 0.671492 0.234565
vt 0.655886 0.234552
vt 0.640280 0.234539
vt 0.624675 0.234526
vt 0.609070 0.234515
vt 0.593465 0.234504
vt 0.577861 0.234495
vt 0.562256 0.234486
vt 0.546652 0.234479
vt 0.531048 0.234473
vt 0.515444 0.234468
vt 0.499840 0.234465
vt 0.484236 0.234463
vt 0.468632 0.234463
vt 0.453028 0.234464
vt 0.437424 0.234466
vt 0.421820 0.234469
vt 0.406215 0.234474
vt 0.390610 0.234480
vt 0.375005 0.234486
vt 0.359400 0.234493
vt 0.343794 0.234501
vt 0.328189 0.234510
vt 0.312582 0.234518
vt 0.296976 0.234527
vt 0.281369 0.234535
vt 0.265762 0.234543
vt 0.250154 0.234550
vt 0.234547 0.234557
vt 0.218939 0.234561
vt 0.203331 0.234565
vt 0.187722 0.234567
vt 0.172114 0.234567
vt 0.156505 0.234564
vt 0.140897 0.234559
vt 0.125288 0.234550
vt 0.109680 0.234539
vt 0.094072 0.234523
vt 0.078464 0.234503
vt 0.062856 0.234478
vt 0.047248 0.234447
vt 0.031640 0.234409
vt 0.016032 0.234364
vt 0.000423 0.234308
vt 0.999239 0.218870
vt 0.983631 0.218918
vt 0.968023 0.218957
vt 0.952416 0.218988
vt 0.936808 0.219013
vt 0.921202 0.219032
vt 0.905594 0.219046
vt 0.889988 0.219056
vt 0.874380 0.219062
vt 0.858773 0.219065
vt 0.843166 0.219065
vt 0.827558 0.219061
vt 0.811951 0.219056
vt 0.796343 0.219048
vt 0.780736 0.219039
vt 0.765129 0.219028
vt 0.749522 0.219016
vt 0.733915 0.219002
vt 0.718308 0.218989
vt 0.702702 0.218974
vt 0.687096 0.218960
vt 0.671491 0.218945
vt 0.655885 0.218931
vt 0.640280 0.218917
vt 0.624675 0.218905
vt 0.609071 0.218892
vt 0.593466 0.218881
vt 0.577862 0.218871
vt 0.562258 0.218862
vt 0.546654 0.218855
vt 0.531050 0.218848
vt 0.515446 0.218844
vt 0.499843 0.218840
vt 0.484239 0.218839
vt 0.468635 0.218838
vt 0.453031 0.218839
vt 0.437428 0.218842
vt 0.421823 0.218846
vt 0.406219 0.218851
vt 0.390615 0.218857
vt 0.375010 0.218864
vt 0.359405 0.218872
vt 0.343800 0.218881
vt 0.328195 0.218890
vt 0.312589 0.218899
vt 0.296983 0.218909
vt 0.281377 0.218918
vt 0.265770 0.218927
vt 0.250164 0.218935
vt 0.234557 0.218942
vt 0.218950 0.218948
vt 0.203342 0.218952
vt 0.187735 0.218955
vt 0.172127 0.218955
vt 0.156520 0.218954
vt 0.140912 0.218949
vt 0.125305 0.218941
vt 0.109698 0.218930
vt 0.094091 0.218915
vt 0.078484 0.218895
vt 0.062877 0.218872
vt 0.047270 0.218842
vt 0.031663 0.218806
vt 0.016055 0.218762
vt 0.000447 0.218709
vt 0.983614 0.203319
vt 0.999223 0.203273
vt 0.968007 0.203355
vt 0.952400 0.203384
vt 0.936795 0.203407
vt 0.921189 0.203425
vt 0.905583 0.203438
vt 0.889977 0.203447
vt 0.874371 0.203452
vt 0.858764 0.203455
vt 0.843158 0.203454
vt 0.827551 0.203450
vt 0.811945 0.203444
vt 0.796338 0.203436
vt 0.780732 0.203425
vt 0.765125 0.203414
vt 0.749519 0.203400
vt 0.733913 0.203386
vt 0.718307 0.203371
vt 0.702701 0.203356
vt 0.687096 0.203341
vt 0.671491 0.203326
vt 0.655886 0.203310
vt 0.640281 0.203296
vt 0.624677 0.203282
vt 0.609072 0.203269
vt 0.593468 0.203257
vt 0.577864 0.203247
vt 0.562260 0.203237
vt 0.546656 0.203230
vt 0.531053 0.203223
vt 0.515449 0.203218
vt 0.499845 0.203215
vt 0.484242 0.203213
vt 0.468638 0.203213
vt 0.453034 0.203214
vt 0.437430 0.203217
vt 0.421827 0.203222
vt 0.406222 0.203227
vt 0.390618 0.203234
vt 0.375014 0.203242
vt 0.359410 0.203251
vt 0.343805 0.203260
vt 0.328200 0.203270
vt 0.312595 0.203280
vt 0.296989 0.203291
vt 0.281383 0.203301
vt 0.265778 0.203311
vt 0.250171 0.203319
vt 0.234565 0.203328
vt 0.218959 0.203334
vt 0.203352 0.203340
vt 0.187745 0.203343
vt 0.172139 0.203344
vt 0.156532 0.203342
vt 0.140926 0.203339
vt 0.125319 0.203331
vt 0.109714 0.203321
vt 0.094107 0.203307
vt 0.078502 0.203289
vt 0.062896 0.203266
vt 0.047290 0.203238
vt 0.031683 0.203203
vt 0.016077 0.203162
vt 0.000468 0.203112
vt 0.999207 0.187680
vt 0.983600 0.187721
vt 0.967993 0.187754
vt 0.952388 0.187780
vt 0.936783 0.187802
vt 0.921178 0.187818
vt 0.905573 0.187830
vt 0.889969 0.187838
vt 0.874363 0.187843
vt 0.858758 0.187844
vt 0.843153 0.187843
vt 0.827547 0.187838
vt 0.811941 0.187832
vt 0.796335 0.187822
vt 0.780729 0.187812
vt 0.765124 0.187799
vt 0.749518 0.187785
vt 0.733913 0.187770
vt 0.718307 0.187754
vt 0.702702 0.187738
vt 0.687097 0.187721
vt 0.671492 0.187705
vt 0.655887 0.187689
vt 0.640283 0.187674
vt 0.624679 0.187659
vt 0.609075 0.187646
vt 0.593470 0.187633
vt 0.577867 0.187622
vt 0.562263 0.187612
vt 0.546659 0.187604
vt 0.531055 0.187598
vt 0.515451 0.187593
vt 0.499848 0.187589
vt 0.484244 0.187587
vt 0.468640 0.187587
vt 0.453037 0.187589
vt 0.437433 0.187592
vt 0.421829 0.187597
vt 0.406225 0.187603
vt 0.390621 0.187610
vt 0.375017 0.187619
vt 0.359412 0.187628
vt 0.343808 0.187639
vt 0.328203 0.187650
vt 0.312599 0.187661
vt 0.296993 0.187672
vt 0.281389 0.187683
vt 0.265783 0.187694
vt 0.250178 0.187704
vt 0.234572 0.187713
vt 0.218966 0.187721
vt 0.203360 0.187726
vt 0.187754 0.187731
vt 0.172148 0.187732
vt 0.156543 0.187732
vt 0.140937 0.187728
vt 0.125332 0.187722
vt 0.109727 0.187712
vt 0.094122 0.187699
vt 0.078517 0.187681
vt 0.062913 0.187660
vt 0.047307 0.187634
vt 0.031703 0.187603
vt 0.016095 0.187564
vt 0.000488 0.187518
vt 0.983588 0.172125
vt 0.999197 0.172088
vt 0.967983 0.172154
vt 0.952378 0.172178
vt 0.936775 0.172196
vt 0.921171 0.172211
vt 0.905567 0.172222
vt 0.889963 0.172230
vt 0.874359 0.172233
vt 0.858754 0.172235
vt 0.843150 0.172232
vt 0.827545 0.172227
vt 0.811940 0.172219
vt 0.796334 0.172210
vt 0.780729 0.172198
vt 0.765124 0.172184
vt 0.749519 0.172169
vt 0.733914 0.172153
vt 0.718309 0.172136
vt 0.702704 0.172119
vt 0.687100 0.172102
vt 0.671495 0.172085
vt 0.655891 0.172068
vt 0.640286 0.172052
vt 0.624682 0.172036
vt 0.609078 0.172022
vt 0.593474 0.172009
vt 0.577870 0.171997
vt 0.562266 0.171987
vt 0.546662 0.171978
vt 0.531058 0.171972
vt 0.515454 0.171966
vt 0.499850 0.171963
vt 0.484246 0.171961
vt 0.468642 0.171961
vt 0.453039 0.171963
vt 0.437434 0.171967
vt 0.421831 0.171972
vt 0.406226 0.171979
vt 0.390622 0.171987
vt 0.375018 0.171996
vt 0.359414 0.172006
vt 0.343810 0.172017
vt 0.328205 0.172029
vt 0.312601 0.172041
vt 0.296996 0.172054
vt 0.281391 0.172066
vt 0.265787 0.172077
vt 0.250181 0.172088
vt 0.234577 0.172098
vt 0.218971 0.172107
vt 0.203366 0.172114
vt 0.187761 0.172118
vt 0.172156 0.172121
vt 0.156551 0.172121
vt 0.140946 0.172118
vt 0.125342 0.172112
vt 0.109738 0.172104
vt 0.094133 0.172091
vt 0.078530 0.172075
vt 0.062926 0.172055
vt 0.047323 0.172031
vt 0.031717 0.172002
vt 0.016113 0.171968
vt 0.000504 0.171927
vt 0.999187 0.156499
vt 0.983582 0.156530
vt 0.967975 0.156555
vt 0.952372 0.156575
vt 0.936769 0.156592
vt 0.921167 0.156605
vt 0.905563 0.156615
vt 0.889961 0.156621
vt 0.874357 0.156624
vt 0.858753 0.156624
vt 0.843149 0.156622
vt 0.827545 0.156616
vt 0.811940 0.156608
vt 0.796336 0.156597
vt 0.780731 0.156584
vt 0.765127 0.156569
vt 0.749522 0.156553
vt 0.733918 0.156536
vt 0.718313 0.156518
vt 0.702709 0.156500
vt 0.687105 0.156482
vt 0.671501 0.156464
vt 0.655896 0.156446
vt 0.640292 0.156429
vt 0.624687 0.156413
vt 0.609083 0.156398
vt 0.593479 0.156384
vt 0.577875 0.156372
vt 0.562270 0.156361
vt 0.546666 0.156352
vt 0.531062 0.156345
vt 0.515457 0.156340
vt 0.499853 0.156336
vt 0.484248 0.156335
vt 0.468644 0.156335
vt 0.453040 0.156337
vt 0.437435 0.156341
vt 0.421831 0.156347
vt 0.406227 0.156354
vt 0.390622 0.156363
vt 0.375018 0.156372
vt 0.359414 0.156383
vt 0.343810 0.156395
vt 0.328205 0.156408
vt 0.312601 0.156421
vt 0.296996 0.156435
vt 0.281392 0.156448
vt 0.265788 0.156460
vt 0.250183 0.156473
vt 0.234579 0.156483
vt 0.218974 0.156493
vt 0.203369 0.156501
vt 0.187765 0.156507
vt 0.172161 0.156510
vt 0.156557 0.156511
vt 0.140952 0.156508
vt 0.125349 0.156503
vt 0.109745 0.156495
vt 0.094142 0.156483
vt 0.078539 0.156468
vt 0.062937 0.156450
vt 0.047333 0.156428
vt 0.031730 0.156403
vt 0.016124 0.156373
vt 0.000518 0.156338
vt 0.983576 0.140935
vt 0.999185 0.140911
vt 0.967973 0.140955
vt 0.952369 0.140972
vt 0.936768 0.140986
vt 0.921165 0.140998
vt 0.905564 0.141007
vt 0.889961 0.141013
vt 0.874358 0.141015
vt 0.858755 0.141015
vt 0.843152 0.141011
vt 0.827548 0.141005
vt 0.811944 0.140995
vt 0.796340 0.140984
vt 0.780737 0.140970
vt 0.765132 0.140955
vt 0.749529 0.140937
vt 0.733924 0.140919
vt 0.718320 0.140900
vt 0.702716 0.140881
vt 0.687112 0.140862
vt 0.671508 0.140843
vt 0.655904 0.140824
vt 0.640299 0.140806
vt 0.624695 0.140789
vt 0.609090 0.140773
vt 0.593485 0.140759
vt 0.577880 0.140746
vt 0.562275 0.140736
vt 0.546670 0.140726
vt 0.531066 0.140719
vt 0.515460 0.140713
vt 0.499855 0.140710
vt 0.484250 0.140708
vt 0.468645 0.140709
vt 0.453040 0.140711
vt 0.437435 0.140715
vt 0.421830 0.140721
vt 0.406226 0.140729
vt 0.390621 0.140738
vt 0.375016 0.140749
vt 0.359412 0.140761
vt 0.343807 0.140774
vt 0.328203 0.140787
vt 0.312599 0.140801
vt 0.296995 0.140816
vt 0.281390 0.140830
vt 0.265786 0.140844
vt 0.250182 0.140857
vt 0.234578 0.140869
vt 0.218974 0.140879
vt 0.203370 0.140888
vt 0.187766 0.140894
vt 0.172163 0.140899
vt 0.156559 0.140900
vt 0.140956 0.140899
vt 0.125352 0.140894
vt 0.109750 0.140887
vt 0.094147 0.140875
vt 0.078545 0.140862
vt 0.062943 0.140845
vt 0.047341 0.140826
vt 0.031738 0.140803
vt 0.016134 0.140779
vt 0.000526 0.140750
vt 0.999183 0.125324
vt 0.983578 0.125340
vt 0.967973 0.125355
vt 0.952372 0.125369
vt 0.936770 0.125381
vt 0.921169 0.125391
vt 0.905567 0.125399
vt 0.889965 0.125404
vt 0.874363 0.125407
vt 0.858760 0.125405
vt 0.843157 0.125401
vt 0.827554 0.125394
vt 0.811951 0.125384
vt 0.796348 0.125371
vt 0.780744 0.125357
vt 0.765141 0.125340
vt 0.749537 0.125322
vt 0.733934 0.125302
vt 0.718330 0.125282
vt 0.702726 0.125262
vt 0.687122 0.125242
vt 0.671518 0.125222
vt 0.655913 0.125202
vt 0.640309 0.125183
vt 0.624703 0.125166
vt 0.609098 0.125149
vt 0.593493 0.125134
vt 0.577887 0.125121
vt 0.562282 0.125109
vt 0.546676 0.125100
vt 0.531070 0.125092
vt 0.515464 0.125087
vt 0.499858 0.125083
vt 0.484252 0.125082
vt 0.468646 0.125082
vt 0.453040 0.125085
vt 0.437434 0.125089
vt 0.421828 0.125096
vt 0.406223 0.125104
vt 0.390617 0.125114
vt 0.375012 0.125125
vt 0.359407 0.125138
vt 0.343803 0.125151
vt 0.328198 0.125166
vt 0.312594 0.125181
vt 0.296989 0.125196
vt 0.281386 0.125212
vt 0.265782 0.125227
vt 0.250178 0.125241
vt 0.234574 0.125254
vt 0.218971 0.125266
vt 0.203368 0.125275
vt 0.187765 0.125283
vt 0.172161 0.125288
vt 0.156559 0.125290
vt 0.140956 0.125289
vt 0.125353 0.125285
vt 0.109751 0.125278
vt 0.094149 0.125268
vt 0.078547 0.125255
vt 0.062946 0.125240
vt 0.047344 0.125222
vt 0.031743 0.125204
vt 0.016137 0.125184
vt 0.000532 0.125163
vt 0.983582 0.109745
vt 0.999190 0.109736
vt 0.967979 0.109754
vt 0.952377 0.109765
vt 0.936776 0.109775
vt 0.921175 0.109784
vt 0.905574 0.109791
vt 0.889972 0.109796
vt 0.874370 0.109798
vt 0.858768 0.109796
vt 0.843166 0.109791
vt 0.827564 0.109784
vt 0.811961 0.109772
vt 0.796359 0.109759
vt 0.780756 0.109743
vt 0.765153 0.109725
vt 0.749550 0.109706
vt 0.733947 0.109686
vt 0.718343 0.109664
vt 0.702739 0.109643
vt 0.687135 0.109622
vt 0.671531 0.109600
vt 0.655926 0.109580
vt 0.640321 0.109560
vt 0.624715 0.109542
vt 0.609109 0.109525
vt 0.593503 0.109510
vt 0.577896 0.109496
vt 0.562289 0.109484
vt 0.546682 0.109474
vt 0.531075 0.109466
vt 0.515468 0.109460
vt 0.499860 0.109457
vt 0.484253 0.109455
vt 0.468646 0.109456
vt 0.453039 0.109459
vt 0.437431 0.109464
vt 0.421825 0.109470
vt 0.406218 0.109479
vt 0.390612 0.109490
vt 0.375006 0.109502
vt 0.359400 0.109515
vt 0.343795 0.109530
vt 0.328190 0.109545
vt 0.312585 0.109561
vt 0.296981 0.109577
vt 0.281377 0.109594
vt 0.265774 0.109610
vt 0.250170 0.109625
vt 0.234568 0.109639
vt 0.218965 0.109652
vt 0.203362 0.109663
vt 0.187759 0.109671
vt 0.172157 0.109678
vt 0.156555 0.109680
vt 0.140953 0.109680
vt 0.125350 0.109677
vt 0.109749 0.109670
vt 0.094147 0.109660
vt 0.078546 0.109648
vt 0.062945 0.109633
vt 0.047344 0.109618
vt 0.031741 0.109603
vt 0.016139 0.109588
vt 0.000530 0.109575
vt 0.999197 0.094147
vt 0.983593 0.094147
vt 0.967988 0.094152
vt 0.952387 0.094159
vt 0.936786 0.094168
vt 0.921185 0.094177
vt 0.905584 0.094184
vt 0.889983 0.094188
vt 0.874381 0.094190
vt 0.858780 0.094187
vt 0.843178 0.094182
vt 0.827577 0.094173
vt 0.811975 0.094161
vt 0.796373 0.094146
vt 0.780771 0.094130
vt 0.765169 0.094111
vt 0.749566 0.094090
vt 0.733964 0.094069
vt 0.718360 0.094047
vt 0.702757 0.094024
vt 0.687152 0.094002
vt 0.671547 0.093980
vt 0.655942 0.093958
vt 0.640336 0.093938
vt 0.624729 0.093919
vt 0.609122 0.093901
vt 0.593515 0.093885
vt 0.577907 0.093871
vt 0.562298 0.093858
vt 0.546690 0.093849
vt 0.531081 0.093840
vt 0.515472 0.093835
vt 0.499863 0.093830
vt 0.484254 0.093829
vt 0.468645 0.093830
vt 0.453036 0.093833
vt 0.437427 0.093838
vt 0.421819 0.093846
vt 0.406211 0.093855
vt 0.390604 0.093866
vt 0.374997 0.093878
vt 0.359390 0.093893
vt 0.343784 0.093908
vt 0.328178 0.093924
vt 0.312574 0.093941
vt 0.296969 0.093959
vt 0.281366 0.093976
vt 0.265762 0.093993
vt 0.250159 0.094010
vt 0.234557 0.094025
vt 0.218955 0.094039
vt 0.203352 0.094051
vt 0.187751 0.094060
vt 0.172149 0.094067
vt 0.156548 0.094071
vt 0.140946 0.094071
vt 0.125345 0.094069
vt 0.109743 0.094062
vt 0.094142 0.094053
vt 0.078541 0.094041
vt 0.062940 0.094027
vt 0.047339 0.094013
vt 0.031738 0.094000
vt 0.016133 0.093990
vt 0.000528 0.093985
vt 0.983605 0.078546
vt 0.999213 0.078553
vt 0.968002 0.078547
vt 0.952400 0.078553
vt 0.936799 0.078561
vt 0.921197 0.078570
vt 0.905596 0.078576
vt 0.889995 0.078581
vt 0.874395 0.078582
vt 0.858794 0.078579
vt 0.843194 0.078573
vt 0.827593 0.078563
vt 0.811993 0.078550
vt 0.796392 0.078535
vt 0.780791 0.078516
vt 0.765189 0.078496
vt 0.749588 0.078475
vt 0.733985 0.078452
vt 0.718382 0.078429
vt 0.702778 0.078405
vt 0.687173 0.078382
vt 0.671568 0.078359
vt 0.655962 0.078337
vt 0.640354 0.078316
vt 0.624747 0.078296
vt 0.609138 0.078277
vt 0.593529 0.078261
vt 0.577919 0.078246
vt 0.562309 0.078234
vt 0.546699 0.078223
vt 0.531088 0.078215
vt 0.515477 0.078209
vt 0.499865 0.078206
vt 0.484254 0.078204
vt 0.468643 0.078205
vt 0.453032 0.078208
vt 0.437422 0.078214
vt 0.421812 0.078221
vt 0.406202 0.078231
vt 0.390593 0.078242
vt 0.374984 0.078256
vt 0.359376 0.078270
vt 0.343769 0.078287
vt 0.328163 0.078303
vt 0.312557 0.078322
vt 0.296953 0.078340
vt 0.281349 0.078358
vt 0.265746 0.078376
vt 0.250143 0.078394
vt 0.234541 0.078411
vt 0.218940 0.078425
vt 0.203339 0.078439
vt 0.187738 0.078449
vt 0.172138 0.078457
vt 0.156537 0.078462
vt 0.140937 0.078463
vt 0.125336 0.078460
vt 0.109736 0.078455
vt 0.094134 0.078445
vt 0.078533 0.078433
vt 0.062932 0.078420
vt 0.047331 0.078407
vt 0.031728 0.078396
vt 0.016126 0.078389
vt 0.000517 0.078392
vt 0.999228 0.062954
vt 0.983623 0.062942
vt 0.968018 0.062940
vt 0.952415 0.062945
vt 0.936813 0.062954
vt 0.921212 0.062962
vt 0.905611 0.062969
vt 0.890010 0.062973
vt 0.874411 0.062974
vt 0.858811 0.062971
vt 0.843212 0.062964
vt 0.827613 0.062953
vt 0.812014 0.062939
vt 0.796415 0.062922
vt 0.780815 0.062903
vt 0.765215 0.062882
vt 0.749614 0.062859
vt 0.734012 0.062836
vt 0.718409 0.062811
vt 0.702805 0.062787
vt 0.687199 0.062763
vt 0.671593 0.062739
vt 0.655986 0.062716
vt 0.640377 0.062694
vt 0.624768 0.062674
vt 0.609158 0.062655
vt 0.593546 0.062638
vt 0.577935 0.062623
vt 0.562322 0.062610
vt 0.546709 0.062600
vt 0.531096 0.062590
vt 0.515482 0.062585
vt 0.499868 0.062580
vt 0.484254 0.062580
vt 0.468641 0.062580
vt 0.453027 0.062584
vt 0.437414 0.062589
vt 0.421801 0.062598
vt 0.406190 0.062607
vt 0.390578 0.062620
vt 0.374968 0.062633
vt 0.359359 0.062649
vt 0.343750 0.062665
vt 0.328143 0.062684
vt 0.312537 0.062702
vt 0.296931 0.062721
vt 0.281327 0.062741
vt 0.265724 0.062760
vt 0.250122 0.062779
vt 0.234521 0.062796
vt 0.218921 0.062812
vt 0.203321 0.062826
vt 0.187722 0.062838
vt 0.172122 0.062847
vt 0.156524 0.062853
vt 0.140924 0.062854
vt 0.125325 0.062853
vt 0.109725 0.062847
vt 0.094125 0.062838
vt 0.078524 0.062826
vt 0.062923 0.062812
vt 0.047321 0.062799
vt 0.031718 0.062789
vt 0.016113 0.062785
vt 0.000508 0.062793
vt 0.983639 0.047333
vt 0.999247 0.047348
vt 0.968034 0.047331
vt 0.952430 0.047337
vt 0.936827 0.047345
vt 0.921226 0.047355
vt 0.905626 0.047362
vt 0.890027 0.047366
vt 0.874429 0.047366
vt 0.858831 0.047363
vt 0.843235 0.047354
vt 0.827638 0.047343
vt 0.812041 0.047328
vt 0.796443 0.047310
vt 0.780845 0.047290
vt 0.765246 0.047268
vt 0.749646 0.047244
vt 0.734044 0.047219
vt 0.718441 0.047194
vt 0.702837 0.047169
vt 0.687231 0.047144
vt 0.671623 0.047119
vt 0.656015 0.047096
vt 0.640405 0.047073
vt 0.624793 0.047053
vt 0.609181 0.047033
vt 0.593567 0.047016
vt 0.577952 0.047000
vt 0.562337 0.046988
vt 0.546721 0.046976
vt 0.531104 0.046968
vt 0.515488 0.046961
vt 0.499871 0.046958
vt 0.484254 0.046956
vt 0.468637 0.046958
vt 0.453020 0.046961
vt 0.437404 0.046968
vt 0.421789 0.046975
vt 0.406174 0.046986
vt 0.390561 0.046998
vt 0.374948 0.047013
vt 0.359336 0.047028
vt 0.343726 0.047046
vt 0.328118 0.047064
vt 0.312510 0.047083
vt 0.296904 0.047103
vt 0.281300 0.047124
vt 0.265697 0.047144
vt 0.250095 0.047163
vt 0.234495 0.047182
vt 0.218895 0.047199
vt 0.203298 0.047214
vt 0.187700 0.047227
vt 0.172103 0.047237
vt 0.156506 0.047243
vt 0.140910 0.047247
vt 0.125312 0.047245
vt 0.109714 0.047240
vt 0.094115 0.047230
vt 0.078515 0.047218
vt 0.062914 0.047204
vt 0.047311 0.047190
vt 0.031707 0.047180
vt 0.016102 0.047177
vt 0.000494 0.047187
vt 0.999263 0.031734
vt 0.983654 0.031721
vt 0.968047 0.031720
vt 0.952442 0.031726
vt 0.936839 0.031736
vt 0.921238 0.031746
vt 0.905639 0.031754
vt 0.890043 0.031757
vt 0.874448 0.031758
vt 0.858854 0.031753
vt 0.843260 0.031745
vt 0.827667 0.031732
vt 0.812073 0.031717
vt 0.796478 0.031697
vt 0.780882 0.031676
vt 0.765284 0.031653
vt 0.749685 0.031629
vt 0.734084 0.031603
vt 0.718481 0.031577
vt 0.702876 0.031552
vt 0.687269 0.031526
vt 0.671660 0.031501
vt 0.656049 0.031476
vt 0.640437 0.031454
vt 0.624823 0.031432
vt 0.609208 0.031414
vt 0.593591 0.031395
vt 0.577973 0.031380
vt 0.562354 0.031366
vt 0.546735 0.031356
vt 0.531115 0.031346
vt 0.515494 0.031341
vt 0.499873 0.031336
vt 0.484252 0.031336
vt 0.468632 0.031336
vt 0.453011 0.031341
vt 0.437392 0.031346
vt 0.421773 0.031355
vt 0.406155 0.031365
vt 0.390538 0.031378
vt 0.374923 0.031392
vt 0.359309 0.031409
vt 0.343697 0.031426
vt 0.328086 0.031446
vt 0.312477 0.031465
vt 0.296870 0.031486
vt 0.281265 0.031507
vt 0.265662 0.031528
vt 0.250061 0.031548
vt 0.234462 0.031567
vt 0.218864 0.031586
vt 0.203268 0.031601
vt 0.187673 0.031616
vt 0.172079 0.031626
vt 0.156486 0.031634
vt 0.140892 0.031636
vt 0.125298 0.031637
vt 0.109703 0.031631
vt 0.094107 0.031623
vt 0.078508 0.031610
vt 0.062907 0.031595
vt 0.047304 0.031580
vt 0.031699 0.031568
vt 0.016092 0.031565
vt 0.000483 0.031572
vt 0.983661 0.016106
vt 0.999269 0.016114
vt 0.968052 0.016107
vt 0.952446 0.016115
vt 0.936844 0.016125
vt 0.921245 0.016137
vt 0.905650 0.016143
vt 0.890058 0.016149
vt 0.874469 0.016147
vt 0.858880 0.016143
vt 0.843291 0.016132
vt 0.827702 0.016121
vt 0.812112 0.016103
vt 0.796520 0.016084
vt 0.780926 0.016062
vt 0.765330 0.016039
vt 0.749732 0.016014
vt 0.734131 0.015988
vt 0.718528 0.015961
vt 0.702922 0.015935
vt 0.687314 0.015909
vt 0.671704 0.015883
vt 0.656091 0.015859
vt 0.640476 0.015836
vt 0.624859 0.015815
vt 0.609240 0.015794
vt 0.593619 0.015777
vt 0.577998 0.015760
vt 0.562375 0.015748
vt 0.546751 0.015736
vt 0.531126 0.015728
vt 0.515501 0.015720
vt 0.499876 0.015718
vt 0.484250 0.015715
vt 0.468625 0.015718
vt 0.453001 0.015720
vt 0.437377 0.015728
vt 0.421754 0.015735
vt 0.406132 0.015747
vt 0.390511 0.015759
vt 0.374893 0.015774
vt 0.359276 0.015790
vt 0.343661 0.015809
vt 0.328048 0.015827
vt 0.312437 0.015848
vt 0.296829 0.015869
vt 0.281223 0.015891
vt 0.265620 0.015912
vt 0.250019 0.015933
vt 0.234421 0.015953
vt 0.218825 0.015971
vt 0.203231 0.015988
vt 0.187639 0.016002
vt 0.172049 0.016015
vt 0.156460 0.016021
vt 0.140872 0.016027
vt 0.125283 0.016025
vt 0.109693 0.016023
vt 0.094101 0.016012
vt 0.078506 0.016001
vt 0.062908 0.015984
vt 0.047305 0.015968
vt 0.031699 0.015955
vt 0.016090 0.015950
vt 0.000482 0.015953
vt 0.999272 0.000496
vt 0.983660 0.000492
vt 0.968047 0.000492
vt 0.952438 0.000500
vt 0.936837 0.000513
vt 0.921244 0.000522
vt 0.905656 0.000532
vt 0.890072 0.000534
vt 0.874490 0.000535
vt 0.858909 0.000528
vt 0.843327 0.000520
vt 0.827744 0.000505
vt 0.812158 0.000490
vt 0.796570 0.000469
vt 0.780980 0.000448
vt 0.765386 0.000424
vt 0.749789 0.000398
vt 0.734188 0.000372
vt 0.718585 0.000346
vt 0.702978 0.000320
vt 0.687368 0.000293
vt 0.671755 0.000268
vt 0.656139 0.000243
vt 0.640521 0.000220
vt 0.624900 0.000198
vt 0.609277 0.000179
vt 0.593652 0.000160
vt 0.578026 0.000145
vt 0.562398 0.000130
vt 0.546769 0.000120
vt 0.531139 0.000110
vt 0.515509 0.000105
vt 0.499878 0.000100
vt 0.484247 0.000100
vt 0.468617 0.000100
vt 0.452987 0.000105
vt 0.437358 0.000110
vt 0.421731 0.000120
vt 0.406104 0.000129
vt 0.390479 0.000144
vt 0.374856 0.000157
vt 0.359236 0.000175
vt 0.343617 0.000192
vt 0.328001 0.000212
vt 0.312388 0.000232
vt 0.296778 0.000254
vt 0.281171 0.000275
vt 0.265568 0.000297
vt 0.249967 0.000318
vt 0.234370 0.000338
vt 0.218776 0.000357
vt 0.203186 0.000373
vt 0.187598 0.000389
vt 0.172012 0.000399
vt 0.156429 0.000409
vt 0.140847 0.000412
vt 0.125266 0.000414
vt 0.109684 0.000408
vt 0.094100 0.000401
vt 0.078512 0.000386
vt 0.062919 0.000372
vt 0.047318 0.000354
vt 0.031710 0.000340
vt 0.016096 0.000335
vt 0.000484 0.000335
s 1
f 64/1/1 1/2/2 65/3/2
f 64/1/1 65/3/2 128/4/1
f 1/2/2 2/5/3 65/3/2
f 2/5/3 66/6/3 65/3/2
f 2/5/3 3/7/4 67/8/4
f 2/5/3 67/8/4 66/6/3
f 3/7/4 4/9/5 67/8/4
f 4/9/5 68/10/5 67/8/4
f 4/9/5 5/11/6 69/12/6
f 4/9/5 69/12/6 68/10/5
f 5/11/6 6/13/7 69/12/6
f 6/13/7 70/14/7 69/12/6
f 6/13/7 7/15/8 71/16/8
f 6/13/7 71/16/8 70/14/7
f 7/15/8 8/17/9 71/16/8
f 8/17/9 72/18/9 71/16/8
f 8/17/9 9/19/10 73/20/10
f 8/17/9 73/20/10 72/18/9
f 9/19/10 10/21/11 73/20/10
f 10/21/11 74/22/11 73/20/10
f 10/21/11 11/23/12 75/24/12
f 10/21/11 75/24/12 74/22/11
f 11/23/12 12/25/13 75/24/12
f 12/25/13 76/26/13 75/24/12
f 12/25/13 13/27/14 77/28/14
f 12/25/13 77/28/14 76/26/13
f 13/27/14 14/29/15 77/28/14
f 14/29/15 78/30/15 77/28/14
f 14/29/15 15/31/16 79/32/16
f 14/29/15 79/32/16 78/30/15
f 15/31/16 16/33/17 79/32/16
f 16/33/17 80/34/17 79/32/16
f 16/33/17 17/35/18 81/36/18
f 16/33/17 81/36/18 80/34/17
f 17/35/18 18/37/19 81/36/18
f 18/37/19 82/38/19 81/36/18
f 18/37/19 19/39/20 83/40/20
f 18/37/19 83/40/20 82/38/19
f 19/39/20 20/41/21 83/40/20
f 20/41/21 84/42/21 83/40/20
f 20/41/21 21/43/22 85/44/22
f 20/41/21 85/44/22 84/42/21
f 21/43/22 22/45/23 85/44/22
f 22/45/23 86/46/23 85/44/22
f 22/45/23 23/47/24 87/48/24
f 22/45/23 87/48/24 86/46/23
f 23/47/24 24/49/25 87/48/24
f 24/49/25 88/50/25 87/48/24
f 24/49/25 25/51/26 89/52/26
f 24/49/25 89/52/26 88/50/25
f 25/51/26 26/53/27 89/52/26
f 26/53/27 90/54/27 89/52/26
f 26/53/27 27/55/28 91/56/28
f 26/53/27 91/56/28 90/54/27
f 27/55/28 28/57/29 91/56/28
f 28/57/29 92/58/29 91/56/28
f 28/57/29 29/59/30 93/60/30
f 28/57/29 93/60/30 92/58/29
f 29/59/30 30/61/31 93/60/30
f 30/61/31 94/62/31 93/60/30
f 30/61/31 31/63/32 95/64/32
f 30/61/31 95/64/32 94/62/31
f 31/63/32 32/65/33 95/64/32
f 32/65/33 96/66/33 95/64/32
f 32/65/33 33/67/34 97/68/34
f 32/65/33 97/68/34 96/66/33
f 33/67/34 34/69/35 97/68/34
f 34/69/35 98/70/35 97/68/34
f 34/69/35 35/71/36 99/72/36
f 34/69/35 99/72/36 98/70/35
f 35/71/36 36/73/37 99/72/36
f 36/73/37 100/74/37 99/72/36
f 36/73/37 37/75/38 101/76/38
f 36/73/37 101/76/38 100/74/37
f 37/75/38 38/77/39 101/76/38
f 38/77/39 102/78/39 101/76/38
f 38/77/39 39/79/40 103/80/40
f 38/77/39 103/80/40 102/78/39
f 39/79/40 40/81/41 103/80/40
f 40/81/41 104/82/41 103/80/40
f 40/81/41 41/83/42 105/84/42
f 40/81/41 105/84/42 104/82/41
f 41/83/42 42/85/43 105/84/42
f 42/85/43 106/86/43 105/84/42
f 42/85/43 43/87/44 107/88/44
f 42/85/43 107/88/44 106/86/43
f 43/87/44 44/89/45 107/88/44
f 44/89/45 108/90/45 107/88/44
f 44/89/45 45/91/46 109/92/46
f 44/89/45 109/92/46 108/90/45
f 45/91/46 46/93/47 109/92/46
f 46/93/47 110/94/47 109/92/46
f 46/93/47 47/95/48 111/96/48
f 46/93/47 111/96/48 110/94/47
f 47/95/48 48/97/49 111/96/48
f 48/97/49 112/98/49 111/96/48
f 48/97/49 49/99/50 113/100/50
f 48/97/49 113/100/50 112/98/49
f 49/99/50 50/101/51 113/100/50
f 50/101/51 114/102/51 113/100/50
f 50/101/51 51/103/52 115/104/52
f 50/101/51 115/104/52 114/102/51
f 51/103/52 52/105/53 115/104/52
f 52/105/53 116/106/53 115/104/52
f 52/105/53 53/107/54 117/108/54
f 52/105/53 117/108/54 116/106/53
f 53/107/54 54/109/55 117/108/54
f 54/109/55 118/110/55 117/108/54
f 54/109/55 55/111/56 119/112/56
f 54/109/55 119/112/56 118/110/55
f 55/111/56 56/113/57 119/112/56
f 56/113/57 120/114/57 119/112/56
f 56/113/57 57/115/58 121/116/58
f 56/113/57 121/116/58 120/114/57
f 57/115/58 58/117/59 121/116/58
f 58/117/59 122/118/59 121/116/58
f 58/117/59 59/119/60 123/120/60
f 58/117/59 123/120/60 122/118/59
f 59/119/60 60/121/61 123/120/60
f 60/121/61 124/122/61 123/120/60
f 60/121/61 61/123/62 125/124/62
f 60/121/61 125/124/62 124/122/61
f 61/123/62 62/125/63 125/124/62
f 62/125/63 126/126/63 125/124/62
f 62/125/63 63/127/64 127/128/64
f 62/125/63 127/128/64 126/126/63
f 63/127/64 64/129/1 127/128/64
f 64/129/1 128/130/1 127/128/64
f 128/4/1 65/3/2 192/131/1
f 65/3/2 129/132/2 192/131/1
f 65/3/2 66/6/3 130/133/3
f 65/3/2 130/133/3 129/132/2
f 66/6/3 67/8/4 130/133/3
f 67/8/4 131/134/4 130/133/3
f 67/8/4 68/10/5 132/135/5
f 67/8/4 132/135/5 131/134/4
f 68/10/5 69/12/6 132/135/5
f 69/12/6 133/136/6 132/135/5
f 69/12/6 70/14/7 134/137/7
f 69/12/6 134/137/7 133/136/6
f 70/14/7 71/16/8 134/137/7
f 71/16/8 135/138/8 134/137/7
f 71/16/8 72/18/9 136/139/9
f 71/16/8 136/139/9 135/138/8
f 72/18/9 73/20/10 136/139/9
f 73/20/10 137/140/10 136/139/9
f 73/20/10 74/22/11 138/141/11
f 73/20/10 138/141/11 137/140/10
f 74/22/11 75/24/12 138/141/11
f 75/24/12 139/142/12 138/141/11
f 75/24/12 76/26/13 140/143/13
f 75/24/12 140/143/13 139/142/12
f 76/26/13 77/28/14 140/143/13
f 77/28/14 141/144/14 140/143/13
f 77/28/14 78/30/15 142/145/15
f 77/28/14 142/145/15 141/144/14
f 78/30/15 79/32/16 142/145/15
f 79/32/16 143/146/16 142/145/15
f 79/32/16 80/34/17 144/147/17
f 79/32/16 144/147/17 143/146/16
f 80/34/17 81/36/18 144/147/17
f 81/36/18 145/148/18 144/147/17
f 81/36/18 82/38/19 146/149/19
f 81/36/18 146/149/19 145/148/18
f 82/38/19 83/40/20 146/149/19
f 83/40/20 147/150/20 146/149/19
f 83/40/20 84/42/21 148/151/21
f 83/40/20 148/151/21 147/150/20
f 84/42/21 85/44/22 148/151/21
f 85/44/22 149/152/22 148/151/21
f 85/44/22 86/46/23 150/153/23
f 85/44/22 150/153/23 149/152/22
f 86/46/23 87/48/24 150/153/23
f 87/48/24 151/154/24 150/153/23
f 87/48/24 88/50/25 152/155/25
f 87/48/24 152/155/25 151/154/24
f 88/50/25 89/52/26 152/155/25
f 89/52/26 153/156/26 152/155/25
f 89/52/26 90/54/27 154/157/27
f 89/52/26 154/157/27 153/156/26
f 90/54/27 91/56/28 154/157/27
f 91/56/28 155/158/28 154/157/27
f 91/56/28 92/58/29 156/159/29
f 91/56/28 156/159/29 155/158/28
f 92/58/29 93/60/30 156/159/29
f 93/60/30 157/160/30 156/159/29
f 93/60/30 94/62/31 158/161/31
f 93/60/30 158/161/31 157/160/30
f 94/62/31 95/64/32 158/161/31
f 95/64/32 159/162/32 158/161/31
f 95/64/32 96/66/33 160/163/33
f 95/64/32 160/163/33 159/162/32
f 96/66/33 97/68/34 160/163/33
f 97/68/34 161/164/34 160/163/33
f 97/68/34 98/70/35 162/165/35
f 97/68/34 162/165/35 161/164/34
f 98/70/35 99/72/36 162/165/35
f 99/72/36 163/166/36 162/165/35
f 99/72/36 100/74/37 164/167/37
f 99/72/36 164/167/37 163/166/36
f 100/74/37 101/76/38 164/167/37
f 101/76/38 165/168/38 164/167/37
f 101/76/38 102/78/39 166/169/39
f 101/76/38 166/169/39 165/168/38
f 102/78/39 103/80/40 166/169/39
f 103/80/40 167/170/40 166/169/39
f 103/80/40 104/82/41 168/171/41
f 103/80/40 168/171/41 167/170/40
f 104/82/41 105/84/42 168/171/41
f 105/84/42 169/172/42 168/171/41
f 105/84/42 106/86/43 170/173/43
f 105/84/42 170/173/43 169/172/42
f 106/86/43 107/88/44 170/173/43
f 107/88/44 171/174/44 170/173/43
f 107/88/44 108/90/45 172/175/45
f 107/88/44 172/175/45 171/174/44
f 108/90/45 109/92/46 172/175/45
f 109/92/46 173/176/46 172/175/45
f 109/92/46 110/94/47 174/177/47
f 109/92/46 174/177/47 173/176/46
f 110/94/47 111/96/48 174/177/47
f 111/96/48 175/178/48 174/177/47
f 111/96/48 112/98/49 176/179/49
f 111/96/48 176/179/49 175/178/48
f 112/98/49 113/100/50 176/179/49
f 113/100/50 177/180/50 176/179/49
f 113/100/50 114/102/51 178/181/51
f 113/100/50 178/181/51 177/180/50
f 114/102/51 115/104/52 178/181/51
f 115/104/52 179/182/52 178/181/51
f 115/104/52 116/106/53 180/183/53
f 115/104/52 180/183/53 179/182/52
f 116/106/53 117/108/54 180/183/53
f 117/108/54 181/184/54 180/183/53
f 117/108/54 118/110/55 182/185/55
f 117/108/54 182/185/55 181/184/54
f 118/110/55 119/112/56 182/185/55
f 119/112/56 183/186/56 182/185/55
f 119/112/56 120/114/57 184/187/57
f 119/112/56 184/187/57 183/186/56
f 120/114/57 121/116/58 184/187/57
f 121/116/58 185/188/58 184/187/57
f 121/116/58 122/118/59 186/189/59
f 121/116/58 186/189/59 185/188/58
f 122/118/59 123/120/60 186/189/59
f 123/120/60 187/190/60 186/189/59
f 123/120/60 124/122/61 188/191/61
f 123/120/60 188/191/61 187/190/60
f 124/122/61 125/124/62 188/191/61
f 125/124/62 189/192/62 188/191/61
f 125/124/62 126/126/63 190/193/63
f 125/124/62 190/193/63 189/192/62
f 126/126/63 127/128/64 190/193/63
f 127/128/64 191/194/64 190/193/63
f 127/128/64 128/130/1 192/195/1
f 127/128/64 192/195/1 191/194/64
f 192/131/1 129/132/2 194/196/2
f 192/131/1 194/196/2 193/197/1
f 129/132/2 130/133/3 194/196/2
f 130/133/3 195/198/3 194/196/2
f 130/133/3 131/134/4 196/199/4
f 130/133/3 196/199/4 195/198/3
f 131/134/4 132/135/5 196/199/4
f 132/135/5 197/200/5 196/199/4
f 132/135/5 133/136/6 198/201/6
f 132/135/5 198/201/6 197/200/5
f 133/136/6 134/137/7 198/201/6
f 134/137/7 199/202/7 198/201/6
f 134/137/7 135/138/8 200/203/8
f 134/137/7 200/203/8 199/202/7
f 135/138/8 136/139/9 200/203/8
f 136/139/9 201/204/9 200/203/8
f 136/139/9 137/140/10 202/205/10
f 136/139/9 202/205/10 201/204/9
f 137/140/10 138/141/11 202/205/10
f 138/141/11 203/206/11 202/205/10
f 138/141/11 139/142/12 204/207/12
f 138/141/11 204/207/12 203/206/11
f 139/142/12 140/143/13 204/207/12
f 140/143/13 205/208/13 204/207/12
f 140/143/13 141/144/14 206/209/14
f 140/143/13 206/209/14 205/208/13
f 141/144/14 142/145/15 206/209/14
f 142/145/15 207/210/15 206/209/14
f 142/145/15 143/146/16 208/211/16
f 142/145/15 208/211/16 207/210/15
f 143/146/16 144/147/17 208/211/16
f 144/147/17 209/212/17 208/211/16
f 144/147/17 145/148/18 210/213/18
f 144/147/17 210/213/18 209/212/17
f 145/148/18 146/149/19 210/213/18
f 146/149/19 211/214/19 210/213/18
f 146/149/19 147/150/20 212/215/20
f 146/149/19 212/215/20 211/214/19
f 147/150/20 148/151/21 212/215/20
f 148/151/21 213/216/21 212/215/20
f 148/151/21 149/152/22 214/217/22
f 148/151/21 214/217/22 213/216/21
f 149/152/22 150/153/23 214/217/22
f 150/153/23 215/218/23 214/217/22
f 150/153/23 151/154/24 216/219/24
f 150/153/23 216/219/24 215/218/23
f 151/154/24 152/155/25 216/219/24
f 152/155/25 217/220/25 216/219/24
f 152/155/25 153/156/26 218/221/26
f 152/155/25 218/221/26 217/220/25
f 153/156/26 154/157/27 218/221/26
f 154/157/27 219/222/27 218/221/26
f 154/157/27 155/158/28 220/223/28
f 154/157/27 220/223/28 219/222/27
f 155/158/28 156/159/29 220/223/28
f 156/159/29 221/224/29 220/223/28
f 156/159/29 157/160/30 222/225/30
f 156/159/29 222/225/30 221/224/29
f 157/160/30 158/161/31 222/225/30
f 158/161/31 223/226/31 222/225/30
f 158/161/31 159/162/32 224/227/32
f 158/161/31 224/227/32 223/226/31
f 159/162/32 160/163/33 224/227/32
f 160/163/33 225/228/33 224/227/32
f 160/163/33 161/164/34 226/229/34
f 160/163/33 226/229/34 225/228/33
f 161/164/34 162/165/35 226/229/34
f 162/165/35 227/230/35 226/229/34
f 162/165/35 163/166/36 228/231/36
f 162/165/35 228/231/36 227/230/35
f 163/166/36 164/167/37 228/231/36
f 164/167/37 229/232/37 228/231/36
f 164/167/37 165/168/38 230/233/38
f 164/167/37 230/233/38 229/232/37
f 165/168/38 166/169/39 230/233/38
f 166/169/39 231/234/39 230/233/38
f 166/169/39 167/170/40 232/235/40
f 166/169/39 232/235/40 231/234/39
f 167/170/40 168/171/41 232/235/40
f 168/171/41 233/236/41 232/235/40
f 168/171/41 169/172/42 234/237/42
f 168/171/41 234/237/42 233/236/41
f 169/172/42 170/173/43 234/237/42
f 170/173/43 235/238/43 234/237/42
f 170/173/43 171/174/44 236/239/44
f 170/173/43 236/239/44 235/238/43
f 171/174/44 172/175/45 236/239/44
f 172/175/45 237/240/45 236/239/44
f 172/175/45 173/176/46 238/241/46
f 172/175/45 238/241/46 237/240/45
f 173/176/46 174/177/47 238/241/46
f 174/177/47 239/242/47 238/241/46
f 174/177/47 175/178/48 240/243/48
f 174/177/47 240/243/48 239/242/47
f 175/178/48 176/179/49 240/243/48
f 176/179/49 241/244/49 240/243/48
f 176/179/49 177/180/50 242/245/50
f 176/179/49 242/245/50 241/244/49
f 177/180/50 178/181/51 242/245/50
f 178/181/51 243/246/51 242/245/50
f 178/181/51 179/182/52 244/247/52
f 178/181/51 244/247/52 243/246/51
f 179/182/52 180/183/53 244/247/52
f 180/183/53 245/248/53 244/247/52
f 180/183/53 181/184/54 246/249/54
f 180/183/53 246/249/54 245/248/53
f 181/184/54 182/185/55 246/249/54
f 182/185/55 247/250/55 246/249/54
f 182/185/55 183/186/56 248/251/56
f 182/185/55 248/251/56 247/250/55
f 183/186/56 184/187/57 248/251/56
f 184/187/57 249/252/57 248/251/56
f 184/187/57 185/188/58 250/253/58
f 184/187/57 250/253/58 249/252/57
f 185/188/58 186/189/59 250/253/58
f 186/189/59 251/254/59 250/253/58
f 186/189/59 187/190/60 252/255/60
f 186/189/59 252/255/60 251/254/59
f 187/190/60 188/191/61 252/255/60
f 188/191/61 253/256/61 252/255/60
f 188/191/61 189/192/62 254/257/62
f 188/191/61 254/257/62 253/256/61
f 189/192/62 190/193/63 254/257/62
f 190/193/63 255/258/63 254/257/62
f 190/193/63 191/194/64 256/259/64
f 190/193/63 256/259/64 255/258/63
f 191/194/64 192/195/1 256/259/64
f 192/195/1 193/260/1 256/259/64
f 193/197/1 194/196/2 257/261/1
f 194/196/2 258/262/2 257/261/1
f 194/196/2 195/198/3 259/263/3
f 194/196/2 259/263/3 258/262/2
f 195/198/3 196/199/4 259/263/3
f 196/199/4 260/264/4 259/263/3
f 196/199/4 197/200/5 261/265/5
f 196/199/4 261/265/5 260/264/4
f 197/200/5 198/201/6 261/265/5
f 198/201/6 262/266/6 261/265/5
f 198/201/6 199/202/7 263/267/7
f 198/201/6 263/267/7 262/266/6
f 199/202/7 200/203/8 263/267/7
f 200/203/8 264/268/8 263/267/7
f 200/203/8 201/204/9 265/269/9
f 200/203/8 265/269/9 264/268/8
f 201/204/9 202/205/10 265/269/9
f 202/205/10 266/270/10 265/269/9
f 202/205/10 203/206/11 267/271/11
f 202/205/10 267/271/11 266/270/10
f 203/206/11 204/207/12 267/271/11
f 204/207/12 268/272/12 267/271/11
f 204/207/12 205/208/13 269/273/13
f 204/207/12 269/273/13 268/272/12
f 205/208/13 206/209/14 269/273/13
f 206/209/14 270/274/14 269/273/13
f 206/209/14 207/210/15 271/275/15
f 206/209/14 271/275/15 270/274/14
f 207/210/15 208/211/16 271/275/15
f 208/211/16 272/276/16 271/275/15
f 208/211/16 209/212/17 273/277/17
f 208/211/16 273/277/17 272/276/16
f 209/212/17 210/213/18 273/277/17
f 210/213/18 274/278/18 273/277/17
f 210/213/18 211/214/19 275/279/19
f 210/213/18 275/279/19 274/278/18
f 211/214/19 212/215/20 275/279/19
f 212/215/20 276/280/20 275/279/19
f 212/215/20 213/216/21 277/281/21
f 212/215/20 277/281/21 276/280/20
f 213/216/21 214/217/22 277/281/21
f 214/217/22 278/282/22 277/281/21
f 214/217/22 215/218/23 279/283/23
f 214/217/22 279/283/23 278/282/22
f 215/218/23 216/219/24 279/283/23
f 216/219/24 280/284/24 279/283/23
f 216/219/24 217/220/25 281/285/25
f 216/219/24 281/285/25 280/284/24
f 217/220/25 218/221/26 281/285/25
f 218/221/26 282/286/26 281/285/25
f 218/221/26 219/222/27 283/287/27
f 218/221/26 283/287/27 282/286/26
f 219/222/27 220/223/28 283/287/27
f 220/223/28 284/288/28 283/287/27
f 220/223/28 221/224/29 285/289/29
f 220/223/28 285/289/29 284/288/28
f 221/224/29 222/225/30 285/289/29
f 222/225/30 286/290/30 285/289/29
f 222/225/30 223/226/31 287/291/31
f 222/225/30 287/291/31 286/290/30
f 223/226/31 224/227/32 287/291/31
f 224/227/32 288/292/32 287/291/31
f 224/227/32 225/228/33 289/293/33
f 224/227/32 289/293/33 288/292/32
f 225/228/33 226/229/34 289/293/33
f 226/229/34 290/294/34 289/293/33
f 226/229/34 227/230/35 291/295/35
f 226/229/34 291/295/35 290/294/34
f 227/230/35 228/231/36 291/295/35
f 228/231/36 292/296/36 291/295/35
f 228/231/36 229/232/37 293/297/37
f 228/231/36 293/297/37 292/296/36
f 229/232/37 230/233/38 293/297/37
f 230/233/38 294/298/38 293/297/37
f 230/233/38 231/234/39 295/299/39
f 230/233/38 295/299/39 294/298/38
f 231/234/39 232/235/40 295/299/39
f 232/235/40 296/300/40 295/299/39
f 232/235/40 233/236/41 297/301/41
f 232/235/40 297/301/41 296/300/40
f 233/236/41 234/237/42 297/301/41
f 234/237/42 298/302/42 297/301/41
f 234/237/42 235/238/43 299/303/43
f 234/237/42 299/303/43 298/302/42
f 235/238/43 236/239/44 299/303/43
f 236/239/44 300/304/44 299/303/43
f 236/239/44 237/240/45 301/305/45
f 236/239/44 301/305/45 300/304/44
f 237/240/45 238/241/46 301/305/45
f 238/241/46 302/306/46 301/305/45
f 238/241/46 239/242/47 303/307/47
f 238/241/46 303/307/47 302/306/46
f 239/242/47 240/243/48 303/307/47
f 240/243/48 304/308/48 303/307/47
f 240/243/48 241/244/49 305/309/49
f 240/243/48 305/309/49 304/308/48
f 241/244/49 242/245/50 305/309/49
f 242/245/50 306/310/50 305/309/49
f 242/245/50 243/246/51 307/311/51
f 242/245/50 307/311/51 306/310/50
f 243/246/51 244/247/52 307/311/51
f 244/247/52 308/312/52 307/311/51
f 244/247/52 245/248/53 309/313/53
f 244/247/52 309/313/53 308/312/52
f 245/248/53 246/249/54 309/313/53
f 246/249/54 310/314/54 309/313/53
f 246/249/54 247/250/55 311/315/55
f 246/249/54 311/315/55 310/314/54
f 247/250/55 248/251/56 311/315/55
f 248/251/56 312/316/56 311/315/55
f 248/251/56 249/252/57 313/317/57
f 248/251/56 313/317/57 312/316/56
f 249/252/57 250/253/58 313/317/57
f 250/253/58 314/318/58 313/317/57
f 250/253/58 251/254/59 315/319/59
f 250/253/58 315/319/59 314/318/58
f 251/254/59 252/255/60 315/319/59
f 252/255/60 316/320/60 315/319/59
f 252/255/60 253/256/61 317/321/61
f 252/255/60 317/321/61 316/320/60
f 253/256/61 254/257/62 317/321/61
f 254/257/62 318/322/62 317/321/61
f 254/257/62 255/258/63 319/323/63
f 254/257/62 319/323/63 318/322/62
f 255/258/63 256/259/64 319/323/63
f 256/259/64 320/324/64 319/323/63
f 256/259/64 193/260/1 257/325/1
f 256/259/64 257/325/1 320/324/64
f 257/261/1 258/262/2 322/326/2
f 257/261/1 322/326/2 321/327/1
f 258/262/2 259/263/3 322/326/2
f 259/263/3 323/328/3 322/326/2
f 259/263/3 260/264/4 324/329/4
f 259/263/3 324/329/4 323/328/3
f 260/264/4 261/265/5 324/329/4
f 261/265/5 325/330/5 324/329/4
f 261/265/5 262/266/6 326/331/6
f 261/265/5 326/331/6 325/330/5
f 262/266/6 263/267/7 326/331/6
f 263/267/7 327/332/7 326/331/6
f 263/267/7 264/268/8 328/333/8
f 263/267/7 328/333/8 327/332/7
f 264/268/8 265/269/9 328/333/8
f 265/269/9 329/334/9 328/333/8
f 265/269/9 266/270/10 330/335/10
f 265/269/9 330/335/10 329/334/9
f 266/270/10 267/271/11 330/335/10
f 267/271/11 331/336/11 330/335/10
f 267/271/11 268/272/12 332/337/12
f 267/271/11 332/337/12 331/336/11
f 268/272/12 269/273/13 332/337/12
f 269/273/13 333/338/13 332/337/12
f 269/273/13 270/274/14 334/339/14
f 269/273/13 334/339/14 333/338/13
f 270/274/14 271/275/15 334/339/14
f 271/275/15 335/340/15 334/339/14
f 271/275/15 272/276/16 336/341/16
f 271/275/15 336/341/16 335/340/15
f 272/276/16 273/277/17 336/341/16
f 273/277/17 337/342/17 336/341/16
f 273/277/17 274/278/18 338/343/18
f 273/277/17 338/343/18 337/342/17
f 274/278/18 275/279/19 338/343/18
f 275/279/19 339/344/19 338/343/18
f 275/279/19 276/280/20 340/345/20
f 275/279/19 340/345/20 339/344/19
f 276/280/20 277/281/21 340/345/20
f 277/281/21 341/346/21 340/345/20
f 277/281/21 278/282/22 342/347/22
f 277/281/21 342/347/22 341/346/21
f 278/282/22 279/283/23 342/347/22
f 279/283/23 343/348/23 342/347/22
f 279/283/23 280/284/24 344/349/24
f 279/283/23 344/349/24 343/348/23
f 280/284/24 281/285/25 344/349/24
f 281/285/25 345/350/25 344/349/24
f 281/285/25 282/286/26 346/351/26
f 281/285/25 346/351/26 345/350/25
f 282/286/26 283/287/27 346/351/26
f 283/287/27 347/352/27 346/351/26
f 283/287/27 284/288/28 348/353/28
f 283/287/27 348/353/28 347/352/27
f 284/288/28 285/289/29 348/353/28
f 285/289/29 349/354/29 348/353/28
f 285/289/29 286/290/30 350/355/30
f 285/289/29 350/355/30 349/354/29
f 286/290/30 287/291/31 350/355/30
f 287/291/31 351/356/31 350/355/30
f 287/291/31 288/292/32 352/357/32
f 287/291/31 352/357/32 351/356/31
f 288/292/32 289/293/33 352/357/32
f 289/293/33 353/358/33 352/357/32
f 289/293/33 290/294/34 354/359/34
f 289/293/33 354/359/34 353/358/33
f 290/294/34 291/295/35 354/359/34
f 291/295/35 355/360/35 354/359/34
f 291/295/35 292/296/36 356/361/36
f 291/295/35 356/361/36 355/360/35
f 292/296/36 293/297/37 356/361/36
f 293/297/37 357/362/37 356/361/36
f 293/297/37 294/298/38 358/363/38
f 293/297/37 358/363/38 357/362/37
f 294/298/38 295/299/39 358/363/38
f 295/299/39 359/364/39 358/363/38
f 295/299/39 296/300/40 360/365/40
f 295/299/39 360/365/40 359/364/39
f 296/300/40 297/301/41 360/365/40
f 297/301/41 361/366/41 360/365/40
f 297/301/41 298/302/42 362/367/42
f 297/301/41 362/367/42 361/366/41
f 298/302/42 299/303/43 362/367/42
f 299/303/43 363/368/43 362/367/42
f 299/303/43 300/304/44 364/369/44
f 299/303/43 364/369/44 363/368/43
f 300/304/44 301/305/45 364/369/44
f 301/305/45 365/370/45 364/369/44
f 301/305/45 302/306/46 366/371/46
f 301/305/45 366/371/46 365/370/45
f 302/306/46 303/307/47 366/371/46
f 303/307/47 367/372/47 366/371/46
f 303/307/47 304/308/48 368/373/48
f 303/307/47 368/373/48 367/372/47
f 304/308/48 305/309/49 368/373/48
f 305/309/49 369/374/49 368/373/48
f 305/309/49 306/310/50 370/375/50
f 305/309/49 370/375/50 369/374/49
f 306/310/50 307/311/51 370/375/50
f 307/311/51 371/376/51 370/375/50
f 307/311/51 308/312/52 372/377/52
f 307/311/51 372/377/52 371/376/51
f 308/312/52 309/313/53 372/377/52
f 309/313/53 373/378/53 372/377/52
f 309/313/53 310/314/54 374/379/54
f 309/313/53 374/379/54 373/378/53
f 310/314/54 311/315/55 374/379/54
f 311/315/55 375/380/55 374/379/54
f 311/315/55 312/316/56 376/381/56
f 311/315/55 376/381/56 375/380/55
f 312/316/56 313/317/57 376/381/56
f 313/317/57 377/382/57 376/381/56
f 313/317/57 314/318/58 378/383/58
f 313/317/57 378/383/58 377/382/57
f 314/318/58 315/319/59 378/383/58
f 315/319/59 379/384/59 378/383/58
f 315/319/59 316/320/60 380/385/60
f 315/319/59 380/385/60 379/384/59
f 316/320/60 317/321/61 380/385/60
f 317/321/61 381/386/61 380/385/60
f 317/321/61 318/322/62 382/387/62
f 317/321/61 382/387/62 381/386/61
f 318/322/62 319/323/63 382/387/62
f 319/323/63 383/388/63 382/387/62
f 319/323/63 320/324/64 384/389/64
f 319/323/63 384/389/64 383/388/63
f 320/324/64 257/325/1 384/389/64
f 257/325/1 321/390/1 384/389/64
f 321/327/1 322/326/2 385/391/1
f 322/326/2 386/392/2 385/391/1
f 322/326/2 323/328/3 387/393/3
f 322/326/2 387/393/3 386/392/2
f 323/328/3 324/329/4 387/393/3
f 324/329/4 388/394/4 387/393/3
f 324/329/4 325/330/5 389/395/5
f 324/329/4 389/395/5 388/394/4
f 325/330/5 326/331/6 389/395/5
f 326/331/6 390/396/6 389/395/5
f 326/331/6 327/332/7 391/397/7
f 326/331/6 391/397/7 390/396/6
f 327/332/7 328/333/8 391/397/7
f 328/333/8 392/398/8 391/397/7
f 328/333/8 329/334/9 393/399/9
f 328/333/8 393/399/9 392/398/8
f 329/334/9 330/335/10 393/399/9
f 330/335/10 394/400/10 393/399/9
f 330/335/10 331/336/11 395/401/11
f 330/335/10 395/401/11 394/400/10
f 331/336/11 332/337/12 395/401/11
f 332/337/12 396/402/12 395/401/11
f 332/337/12 333/338/13 397/403/13
f 332/337/12 397/403/13 396/402/12
f 333/338/13 334/339/14 397/403/13
f 334/339/14 398/404/14 397/403/13
f 334/339/14 335/340/15 399/405/15
f 334/339/14 399/405/15 398/404/14
f 335/340/15 336/341/16 399/405/15
f 336/341/16 400/406/16 399/405/15
f 336/341/16 337/342/17 401/407/17
f 336/341/16 401/407/17 400/406/16
f 337/342/17 338/343/18 401/407/17
f 338/343/18 402/408/18 401/407/17
f 338/343/18 339/344/19 403/409/19
f 338/343/18 403/409/19 402/408/18
f 339/344/19 340/345/20 403/409/19
f 340/345/20 404/410/20 403/409/19
f 340/345/20 341/346/21 405/411/21
f 340/345/20 405/411/21 404/410/20
f 341/346/21 342/347/22 405/411/21
f 342/347/22 406/412/22 405/411/21
f 342/347/22 343/348/23 407/413/23
f 342/347/22 407/413/23 406/412/22
f 343/348/23 344/349/24 407/413/23
f 344/349/24 408/414/24 407/413/23
f 344/349/24 345/350/25 409/415/25
f 344/349/24 409/415/25 408/414/24
f 345/350/25 346/351/26 409/415/25
f 346/351/26 410/416/26 409/415/25
f 346/351/26 347/352/27 411/417/27
f 346/351/26 411/417/27 410/416/26
f 347/352/27 348/353/28 411/417/27
f 348/353/28 412/418/28 411/417/27
f 348/353/28 349/354/29 413/419/29
f 348/353/28 413/419/29 412/418/28
f 349/354/29 350/355/30 413/419/29
f 350/355/30 414/420/30 413/419/29
f 350/355/30 351/356/31 415/421/31
f 350/355/30 415/421/31 414/420/30
f 351/356/31 352/357/32 415/421/31
f 352/357/32 416/422/32 415/421/31
f 352/357/32 353/358/33 417/423/33
f 352/357/32 417/423/33 416/422/32
f 353/358/33 354/359/34 417/423/33
f 354/359/34 418/424/34 417/423/33
f 354/359/34 355/360/35 419/425/35
f 354/359/34 419/425/35 418/424/34
f 355/360/35 356/361/36 419/425/35
f 356/361/36 420/426/36 419/425/35
f 356/361/36 357/362/37 421/427/37
f 356/361/36 421/427/37 420/426/36
f 357/362/37 358/363/38 421/427/37
f 358/363/38 422/428/38 421/427/37
f 358/363/38 359/364/39 423/429/39
f 358/363/38 423/429/39 422/428/38
f 359/364/39 360/365/40 423/429/39
f 360/365/40 424/430/40 423/429/39
f 360/365/40 361/366/41 425/431/41
f 360/365/40 425/431/41 424/430/40
f 361/366/41 362/367/42 425/431/41
f 362/367/42 426/432/42 425/431/41
f 362/367/42 363/368/43 427/433/43
f 362/367/42 427/433/43 426/432/42
f 363/368/43 364/369/44 427/433/43
f 364/369/44 428/434/44 427/433/43
f 364/369/44 365/370/45 429/435/45
f 364/369/44 429/435/45 428/434/44
f 365/370/45 366/371/46 429/435/45
f 366/371/46 430/436/46 429/435/45
f 366/371/46 367/372/47 431/437/47
f 366/371/46 431/437/47 430/436/46
f 367/372/47 368/373/48 431/437/47
f 368/373/48 432/438/48 431/437/47
f 368/373/48 369/374/49 433/439/49
f 368/373/48 433/439/49 432/438/48
f 369/374/49 370/375/50 433/439/49
f 370/375/50 434/440/50 433/439/49
f 370/375/50 371/376/51 435/441/51
f 370/375/50 435/441/51 434/440/50
f 371/376/51 372/377/52 435/441/51
f 372/377/52 436/442/52 435/441/51
f 372/377/52 373/378/53 437/443/53
f 372/377/52 437/443/53 436/442/52
f 373/378/53 374/379/54 437/443/53
f 374/379/54 438/444/54 437/443/53
f 374/379/54 375/380/55 439/445/55
f 374/379/54 439/445/55 438/444/54
f 375/380/55 376/381/56 439/445/55
f 376/381/56 440/446/56 439/445/55
f 376/381/56 377/382/57 441/447/57
f 376/381/56 441/447/57 440/446/56
f 377/382/57 378/383/58 441/447/57
f 378/383/58 442/448/58 441/447/57
f 378/383/58 379/384/59 443/449/59
f 378/383/58 443/449/59 442/448/58
f 379/384/59 380/385/60 443/449/59
f 380/385/60 444/450/60 443/449/59
f 380/385/60 381/386/61 445/451/61
f 380/385/60 445/451/61 444/450/60
f 381/386/61 382/387/62 445/451/61
f 382/387/62 446/452/62 445/451/61
f 382/387/62 383/388/63 447/453/63
f 382/387/62 447/453/63 446/452/62
f 383/388/63 384/389/64 447/453/63
f 384/389/64 448/454/64 447/453/63
f 384/389/64 321/390/1 385/455/1
f 384/389/64 385/455/1 448/454/64
f 385/391/1 386/392/2 449/456/2
f 385/391/1 449/456/2 512/457/1
f 386/392/2 387/393/3 449/456/2
f 387/393/3 450/458/3 449/456/2
f 387/393/3 388/394/4 451/459/4
f 387/393/3 451/459/4 450/458/3
f 388/394/4 389/395/5 451/459/4
f 389/395/5 452/460/5 451/459/4
f 389/395/5 390/396/6 453/461/6
f 389/395/5 453/461/6 452/460/5
f 390/396/6 391/397/7 453/461/6
f 391/397/7 454/462/7 453/461/6
f 391/397/7 392/398/8 455/463/8
f 391/397/7 455/463/8 454/462/7
f 392/398/8 393/399/9 455/463/8
f 393/399/9 456/464/9 455/463/8
f 393/399/9 394/400/10 457/465/10
f 393/399/9 457/465/10 456/464/9
f 394/400/10 395/401/11 457/465/10
f 395/401/11 458/466/11 457/465/10
f 395/401/11 396/402/12 459/467/12
f 395/401/11 459/467/12 458/466/11
f 396/402/12 397/403/13 459/467/12
f 397/403/13 460/468/13 459/467/12
f 397/403/13 398/404/14 461/469/14
f 397/403/13 461/469/14 460/468/13
f 398/404/14 399/405/15 461/469/14
f 399/405/15 462/470/15 461/469/14
f 399/405/15 400/406/16 463/471/16
f 399/405/15 463/471/16 462/470/15
f 400/406/16 401/407/17 463/471/16
f 401/407/17 464/472/17 463/471/16
f 401/407/17 402/408/18 465/473/18
f 401/407/17 465/473/18 464/472/17
f 402/408/18 403/409/19 465/473/18
f 403/409/19 466/474/19 465/473/18
f 403/409/19 404/410/20 467/475/20
f 403/409/19 467/475/20 466/474/19
f 404/410/20 405/411/21 467/475/20
f 405/411/21 468/476/21 467/475/20
f 405/411/21 406/412/22 469/477/22
f 405/411/21 469/477/22 468/476/21
f 406/412/22 407/413/23 469/477/22
f 407/413/23 470/478/23 469/477/22
f 407/413/23 408/414/24 471/479/24
f 407/413/23 471/479/24 470/478/23
f 408/414/24 409/415/25 471/479/24
f 409/415/25 472/480/25 471/479/24
f 409/415/25 410/416/26 473/481/26
f 409/415/25 473/481/26 472/480/25
f 410/416/26 411/417/27 473/481/26
f 411/417/27 474/482/27 473/481/26
f 411/417/27 412/418/28 475/483/28
f 411/417/27 475/483/28 474/482/27
f 412/418/28 413/419/29 475/483/28
f 413/419/29 476/484/29 475/483/28
f 413/419/29 414/420/30 477/485/30
f 413/419/29 477/485/30 476/484/29
f 414/420/30 415/421/31 477/485/30
f 415/421/31 478/486/31 477/485/30
f 415/421/31 416/422/32 479/487/32
f 415/421/31 479/487/32 478/486/31
f 416/422/32 417/423/33 479/487/32
f 417/423/33 480/488/33 479/487/32
f 417/423/33 418/424/34 481/489/34
f 417/423/33 481/489/34 480/488/33
f 418/424/34 419/425/35 481/489/34
f 419/425/35 482/490/35 481/489/34
f 419/425/35 420/426/36 483/491/36
f 419/425/35 483/491/36 482/490/35
f 420/426/36 421/427/37 483/491/36
f 421/427/37 484/492/37 483/491/36
f 421/427/37 422/428/38 485/493/38
f 421/427/37 485/493/38 484/492/37
f 422/428/38 423/429/39 485/493/38
f 423/429/39 486/494/39 485/493/38
f 423/429/39 424/430/40 487/495/40
f 423/429/39 487/495/40 486/494/39
f 424/430/40 425/431/41 487/495/40
f 425/431/41 488/496/41 487/495/40
f 425/431/41 426/432/42 489/497/42
f 425/431/41 489/497/42 488/496/41
f 426/432/42 427/433/43 489/497/42
f 427/433/43 490/498/43 489/497/42
f 427/433/43 428/434/44 491/499/44
f 427/433/43 491/499/44 490/498/43
f 428/434/44 429/435/45 491/499/44
f 429/435/45 492/500/45 491/499/44
f 429/435/45 430/436/46 493/501/46
f 429/435/45 493/501/46 492/500/45
f 430/436/46 431/437/47 493/501/46
f 431/437/47 494/502/47 493/501/46
f 431/437/47 432/438/48 495/503/48
f 431/437/47 495/503/48 494/502/47
f 432/438/48 433/439/49 495/503/48
f 433/439/49 496/504/49 495/503/48
f 433/439/49 434/440/50 497/505/50
f 433/439/49 497/505/50 496/504/49
f 434/440/50 435/441/51 497/505/50
f 435/441/51 498/506/51 497/505/50
f 435/441/51 436/442/52 499/507/52
f 435/441/51 499/507/52 498/506/51
f 436/442/52 437/443/53 499/507/52
f 437/443/53 500/508/53 499/507/52
f 437/443/53 438/444/54 501/509/54
f 437/443/53 501/509/54 500/508/53
f 438/444/54 439/445/55 501/509/54
f 439/445/55 502/510/55 501/509/54
f 439/445/55 440/446/56 503/511/56
f 439/445/55 503/511/56 502/510/55
f 440/446/56 441/447/57 503/511/56
f 441/447/57 504/512/57 503/511/56
f 441/447/57 442/448/58 505/513/58
f 441/447/57 505/513/58 504/512/57
f 442/448/58 443/449/59 505/513/58
f 443/449/59 506/514/59 505/513/58
f 443/449/59 444/450/60 507/515/60
f 443/449/59 507/515/60 506/514/59
f 444/450/60 445/451/61 507/515/60
f 445/451/61 508/516/61 507/515/60
f 445/451/61 446/452/62 509/517/62
f 445/451/61 509/517/62 508/516/61
f 446/452/62 447/453/63 509/517/62
f 447/453/63 510/518/63 509/517/62
f 447/453/63 448/454/64 511/519/64
f 447/453/63 511/519/64 510/518/63
f 448/454/64 385/455/1 511/519/64
f 385/455/1 512/520/1 511/519/64
f 512/457/1 449/456/2 513/521/1
f 449/456/2 514/522/2 513/521/1
f 449/456/2 450/458/3 515/523/3
f 449/456/2 515/523/3 514/522/2
f 450/458/3 451/459/4 515/523/3
f 451/459/4 516/524/4 515/523/3
f 451/459/4 452/460/5 517/525/5
f 451/459/4 517/525/5 516/524/4
f 452/460/5 453/461/6 517/525/5
f 453/461/6 518/526/6 517/525/5
f 453/461/6 454/462/7 519/527/7
f 453/461/6 519/527/7 518/526/6
f 454/462/7 455/463/8 519/527/7
f 455/463/8 520/528/8 519/527/7
f 455/463/8 456/464/9 521/529/9
f 455/463/8 521/529/9 520/528/8
f 456/464/9 457/465/10 521/529/9
f 457/465/10 522/530/10 521/529/9
f 457/465/10 458/466/11 523/531/11
f 457/465/10 523/531/11 522/530/10
f 458/466/11 459/467/12 523/531/11
f 459/467/12 524/532/12 523/531/11
f 459/467/12 460/468/13 525/533/13
f 459/467/12 525/533/13 524/532/12
f 460/468/13 461/469/14 525/533/13
f 461/469/14 526/534/14 525/533/13
f 461/469/14 462/470/15 527/535/15
f 461/469/14 527/535/15 526/534/14
f 462/470/15 463/471/16 527/535/15
f 463/471/16 528/536/16 527/535/15
f 463/471/16 464/472/17 529/537/17
f 463/471/16 529/537/17 528/536/16
f 464/472/17 465/473/18 529/537/17
f 465/473/18 530/538/18 529/537/17
f 465/473/18 466/474/19 531/539/19
f 465/473/18 531/539/19 530/538/18
f 466/474/19 467/475/20 531/539/19
f 467/475/20 532/540/20 531/539/19
f 467/475/20 468/476/21 533/541/21
f 467/475/20 533/541/21 532/540/20
f 468/476/21 469/477/22 533/541/21
f 469/477/22 534/542/22 533/541/21
f 469/477/22 470/478/23 535/543/23
f 469/477/22 535/543/23 534/542/22
f 470/478/23 471/479/24 535/543/23
f 471/479/24 536/544/24 535/543/23
f 471/479/24 472/480/25 537/545/25
f 471/479/24 537/545/25 536/544/24
f 472/480/25 473/481/26 537/545/25
f 473/481/26 538/546/26 537/545/25
f 473/481/26 474/482/27 539/547/27
f 473/481/26 539/547/27 538/546/26
f 474/482/27 475/483/28 539/547/27
f 475/483/28 540/548/28 539/547/27
f 475/483/28 476/484/29 541/549/29
f 475/483/28 541/549/29 540/548/28
f 476/484/29 477/485/30 541/549/29
f 477/485/30 542/550/30 541/549/29
f 477/485/30 478/486/31 543/551/31
f 477/485/30 543/551/31 542/550/30
f 478/486/31 479/487/32 543/551/31
f 479/487/32 544/552/32 543/551/31
f 479/487/32 480/488/33 545/553/33
f 479/487/32 545/553/33 544/552/32
f 480/488/33 481/489/34 545/553/33
f 481/489/34 546/554/34 545/553/33
f 481/489/34 482/490/35 547/555/35
f 481/489/34 547/555/35 546/554/34
f 482/490/35 483/491/36 547/555/35
f 483/491/36 548/556/36 547/555/35
f 483/491/36 484/492/37 549/557/37
f 483/491/36 549/557/37 548/556/36
f 484/492/37 485/493/38 549/557/37
f 485/493/38 550/558/38 549/557/37
f 485/493/38 486/494/39 551/559/39
f 485/493/38 551/559/39 550/558/38
f 486/494/39 487/495/40 551/559/39
f 487/495/40 552/560/40 551/559/39
f 487/495/40 488/496/41 553/561/41
f 487/495/40 553/561/41 552/560/40
f 488/496/41 489/497/42 553/561/41
f 489/497/42 554/562/42 553/561/41
f 489/497/42 490/498/43 555/563/43
f 489/497/42 555/563/43 554/562/42
f 490/498/43 491/499/44 555/563/43
f 491/499/44 556/564/44 555/563/43
f 491/499/44 492/500/45 557/565/45
f 491/499/44 557/565/45 556/564/44
f 492/500/45 493/501/46 557/565/45
f 493/501/46 558/566/46 557/565/45
f 493/501/46 494/502/47 559/567/47
f 493/501/46 559/567/47 558/566/46
f 494/502/47 495/503/48 559/567/47
f 495/503/48 560/568/48 559/567/47
f 495/503/48 496/504/49 561/569/49
f 495/503/48 561/569/49 560/568/48
f 496/504/49 497/505/50 561/569/49
f 497/505/50 562/570/50 561/569/49
f 497/505/50 498/506/51 563/571/51
f 497/505/50 563/571/51 562/570/50
f 498/506/51 499/507/52 563/571/51
f 499/507/52 564/572/52 563/571/51
f 499/507/52 500/508/53 565/573/53
f 499/507/52 565/573/53 564/572/52
f 500/508/53 501/509/54 565/573/53
f 501/509/54 566/574/54 565/573/53
f 501/509/54 502/510/55 567/575/55
f 501/509/54 567/575/55 566/574/54
f 502/510/55 503/511/56 567/575/55
f 503/511/56 568/576/56 567/575/55
f 503/511/56 504/512/57 569/577/57
f 503/511/56 569/577/57 568/576/56
f 504/512/57 505/513/58 569/577/57
f 505/513/58 570/578/58 569/577/57
f 505/513/58 506/514/59 571/579/59
f 505/513/58 571/579/59 570/578/58
f 506/514/59 507/515/60 571/579/59
f 507/515/60 572/580/60 571/579/59
f 507/515/60 508/516/61 573/581/61
f 507/515/60 573/581/61 572/580/60
f 508/516/61 509/517/62 573/581/61
f 509/517/62 574/582/62 573/581/61
f 509/517/62 510/518/63 575/583/63
f 509/517/62 575/583/63 574/582/62
f 510/518/63 511/519/64 575/583/63
f 511/519/64 576/584/64 575/583/63
f 511/519/64 512/520/1 513/585/1
f 511/519/64 513/585/1 576/584/64
f 513/521/1 514/522/2 578/586/2
f 513/521/1 578/586/2 577/587/1
f 514/522/2 515/523/3 578/586/2
f 515/523/3 579/588/3 578/586/2
f 515/523/3 516/524/4 580/589/4
f 515/523/3 580/589/4 579/588/3
f 516/524/4 517/525/5 580/589/4
f 517/525/5 581/590/5 580/589/4
f 517/525/5 518/526/6 582/591/6
f 517/525/5 582/591/6 581/590/5
f 518/526/6 519/527/7 582/591/6
f 519/527/7 583/592/7 582/591/6
f 519/527/7 520/528/8 584/593/8
f 519/527/7 584/593/8 583/592/7
f 520/528/8 521/529/9 584/593/8
f 521/529/9 585/594/9 584/593/8
f 521/529/9 522/530/10 586/595/10
f 521/529/9 586/595/10 585/594/9
f 522/530/10 523/531/11 586/595/10
f 523/531/11 587/596/11 586/595/10
f 523/531/11 524/532/12 588/597/12
f 523/531/11 588/597/12 587/596/11
f 524/532/12 525/533/13 588/597/12
f 525/533/13 589/598/13 588/597/12
f 525/533/13 526/534/14 590/599/14
f 525/533/13 590/599/14 589/598/13
f 526/534/14 527/535/15 590/599/14
f 527/535/15 591/600/15 590/599/14
f 527/535/15 528/536/16 592/601/16
f 527/535/15 592/601/16 591/600/15
f 528/536/16 529/537/17 592/601/16
f 529/537/17 593/602/17 592/601/16
f 529/537/17 530/538/18 594/603/18
f 529/537/17 594/603/18 593/602/17
f 530/538/18 531/539/19 594/603/18
f 531/539/19 595/604/19 594/603/18
f 531/539/19 532/540/20 596/605/20
f 531/539/19 596/605/20 595/604/19
f 532/540/20 533/541/21 596/605/20
f 533/541/21 597/606/21 596/605/20
f 533/541/21 534/542/22 598/607/22
f 533/541/21 598/607/22 597/606/21
f 534/542/22 535/543/23 598/607/22
f 535/543/23 599/608/23 598/607/22
f 535/543/23 536/544/24 600/609/24
f 535/543/23 600/609/24 599/608/23
f 536/544/24 537/545/25 600/609/24
f 537/545/25 601/610/25 600/609/24
f 537/545/25 538/546/26 602/611/26
f 537/545/25 602/611/26 601/610/25
f 538/546/26 539/547/27 602/611/26
f 539/547/27 603/612/27 602/611/26
f 539/547/27 540/548/28 604/613/28
f 539/547/27 604/613/28 603/612/27
f 540/548/28 541/549/29 604/613/28
f 541/549/29 605/614/29 604/613/28
f 541/549/29 542/550/30 606/615/30
f 541/549/29 606/615/30 605/614/29
f 542/550/30 543/551/31 606/615/30
f 543/551/31 607/616/31 606/615/30
f 543/551/31 544/552/32 608/617/32
f 543/551/31 608/617/32 607/616/31
f 544/552/32 545/553/33 608/617/32
f 545/553/33 609/618/33 608/617/32
f 545/553/33 546/554/34 610/619/34
f 545/553/33 610/619/34 609/618/33
f 546/554/34 547/555/35 610/619/34
f 547/555/35 611/620/35 610/619/34
f 547/555/35 548/556/36 612/621/36
f 547/555/35 612/621/36 611/620/35
f 548/556/36 549/557/37 612/621/36
f 549/557/37 613/622/37 612/621/36
f 549/557/37 550/558/38 614/623/38
f 549/557/37 614/623/38 613/622/37
f 550/558/38 551/559/39 614/623/38
f 551/559/39 615/624/39 614/623/38
f 551/559/39 552/560/40 616/625/40
f 551/559/39 616/625/40 615/624/39
f 552/560/40 553/561/41 616/625/40
f 553/561/41 617/626/41 616/625/40
f 553/561/41 554/562/42 618/627/42
f 553/561/41 618/627/42 617/626/41
f 554/562/42 555/563/43 618/627/42
f 555/563/43 619/628/43 618/627/42
f 555/563/43 556/564/44 620/629/44
f 555/563/43 620/629/44 619/628/43
f 556/564/44 557/565/45 620/629/44
f 557/565/45 621/630/45 620/629/44
f 557/565/45 558/566/46 622/631/46
f 557/565/45 622/631/46 621/630/45
f 558/566/46 559/567/47 622/631/46
f 559/567/47 623/632/47 622/631/46
f 559/567/47 560/568/48 624/633/48
f 559/567/47 624/633/48 623/632/47
f 560/568/48 561/569/49 624/633/48
f 561/569/49 625/634/49 624/633/48
f 561/569/49 562/570/50 626/635/50
f 561/569/49 626/635/50 625/634/49
f 562/570/50 563/571/51 626/635/50
f 563/571/51 627/636/51 626/635/50
f 563/571/51 564/572/52 628/637/52
f 563/571/51 628/637/52 627/636/51
f 564/572/52 565/573/53 628/637/52
f 565/573/53 629/638/53 628/637/52
f 565/573/53 566/574/54 630/639/54
f 565/573/53 630/639/54 629/638/53
f 566/574/54 567/575/55 630/639/54
f 567/575/55 631/640/55 630/639/54
f 567/575/55 568/576/56 632/641/56
f 567/575/55 632/641/56 631/640/55
f 568/576/56 569/577/57 632/641/56
f 569/577/57 633/642/57 632/641/56
f 569/577/57 570/578/58 634/643/58
f 569/577/57 634/643/58 633/642/57
f 570/578/58 571/579/59 634/643/58
f 571/579/59 635/644/59 634/643/58
f 571/579/59 572/580/60 636/645/60
f 571/579/59 636/645/60 635/644/59
f 572/580/60 573/581/61 636/645/60
f 573/581/61 637/646/61 636/645/60
f 573/581/61 574/582/62 638/647/62
f 573/581/61 638/647/62 637/646/61
f 574/582/62 575/583/63 638/647/62
f 575/583/63 639/648/63 638/647/62
f 575/583/63 576/584/64 640/649/64
f 575/583/63 640/649/64 639/648/63
f 576/584/64 513/585/1 640/649/64
f 513/585/1 577/650/1 640/649/64
f 577/587/1 578/586/2 641/651/1
f 578/586/2 642/652/2 641/651/1
f 578/586/2 579/588/3 643/653/3
f 578/586/2 643/653/3 642/652/2
f 579/588/3 580/589/4 643/653/3
f 580/589/4 644/654/4 643/653/3
f 580/589/4 581/590/5 645/655/5
f 580/589/4 645/655/5 644/654/4
f 581/590/5 582/591/6 645/655/5
f 582/591/6 646/656/6 645/655/5
f 582/591/6 583/592/7 647/657/7
f 582/591/6 647/657/7 646/656/6
f 583/592/7 584/593/8 647/657/7
f 584/593/8 648/658/8 647/657/7
f 584/593/8 585/594/9 649/659/9
f 584/593/8 649/659/9 648/658/8
f 585/594/9 586/595/10 649/659/9
f 586/595/10 650/660/10 649/659/9
f 586/595/10 587/596/11 651/661/11
f 586/595/10 651/661/11 650/660/10
f 587/596/11 588/597/12 651/661/11
f 588/597/12 652/662/12 651/661/11
f 588/597/12 589/598/13 653/663/13
f 588/597/12 653/663/13 652/662/12
f 589/598/13 590/599/14 653/663/13
f 590/599/14 654/664/14 653/663/13
f 590/599/14 591/600/15 655/665/15
f 590/599/14 655/665/15 654/664/14
f 591/600/15 592/601/16 655/665/15
f 592/601/16 656/666/16 655/665/15
f 592/601/16 593/602/17 657/667/17
f 592/601/16 657/667/17 656/666/16
f 593/602/17 594/603/18 657/667/17
f 594/603/18 658/668/18 657/667/17
f 594/603/18 595/604/19 659/669/19
f 594/603/18 659/669/19 658/668/18
f 595/604/19 596/605/20 659/669/19
f 596/605/20 660/670/20 659/669/19
f 596/605/20 597/606/21 661/671/21
f 596/605/20 661/671/21 660/670/20
f 597/606/21 598/607/22 661/671/21
f 598/607/22 662/672/22 661/671/21
f 598/607/22 599/608/23 663/673/23
f 598/607/22 663/673/23 662/672/22
f 599/608/23 600/609/24 663/673/23
f 600/609/24 664/674/24 663/673/23
f 600/609/24 601/610/25 665/675/25
f 600/609/24 665/675/25 664/674/24
f 601/610/25 602/611/26 665/675/25
f 602/611/26 666/676/26 665/675/25
f 602/611/26 603/612/27 667/677/27
f 602/611/26 667/677/27 666/676/26
f 603/612/27 604/613/28 667/677/27
f 604/613/28 668/678/28 667/677/27
f 604/613/28 605/614/29 669/679/29
f 604/613/28 669/679/29 668/678/28
f 605/614/29 606/615/30 669/679/29
f 606/615/30 670/680/30 669/679/29
f 606/615/30 607/616/31 671/681/31
f 606/615/30 671/681/31 670/680/30
f 607/616/31 608/617/32 671/681/31
f 608/617/32 672/682/32 671/681/31
f 608/617/32 609/618/33 673/683/33
f 608/617/32 673/683/33 672/682/32
f 609/618/33 610/619/34 673/683/33
f 610/619/34 674/684/34 673/683/33
f 610/619/34 611/620/35 675/685/35
f 610/619/34 675/685/35 674/684/34
f 611/620/35 612/621/36 675/685/35
f 612/621/36 676/686/36 675/685/35
f 612/621/36 613/622/37 677/687/37
f 612/621/36 677/687/37 676/686/36
f 613/622/37 614/623/38 677/687/37
f 614/623/38 678/688/38 677/687/37
f 614/623/38 615/624/39 679/689/39
f 614/623/38 679/689/39 678/688/38
f 615/624/39 616/625/40 679/689/39
f 616/625/40 680/690/40 679/689/39
f 616/625/40 617/626/41 681/691/41
f 616/625/40 681/691/41 680/690/40
f 617/626/41 618/627/42 681/691/41
f 618/627/42 682/692/42 681/691/41
f 618/627/42 619/628/43 683/693/43
f 618/627/42 683/693/43 682/692/42
f 619/628/43 620/629/44 683/693/43
f 620/629/44 684/694/44 683/693/43
f 620/629/44 621/630/45 685/695/45
f 620/629/44 685/695/45 684/694/44
f 621/630/45 622/631/46 685/695/45
f 622/631/46 686/696/46 685/695/45
f 622/631/46 623/632/47 687/697/47
f 622/631/46 687/697/47 686/696/46
f 623/632/47 624/633/48 687/697/47
f 624/633/48 688/698/48 687/697/47
f 624/633/48 625/634/49 689/699/49
f 624/633/48 689/699/49 688/698/48
f 625/634/49 626/635/50 689/699/49
f 626/635/50 690/700/50 689/699/49
f 626/635/50 627/636/51 691/701/51
f 626/635/50 691/701/51 690/700/50
f 627/636/51 628/637/52 691/701/51
f 628/637/52 692/702/52 691/701/51
f 628/637/52 629/638/53 693/703/53
f 628/637/52 693/703/53 692/702/52
f 629/638/53 630/639/54 693/703/53
f 630/639/54 694/704/54 693/703/53
f 630/639/54 631/640/55 695/705/55
f 630/639/54 695/705/55 694/704/54
f 631/640/55 632/641/56 695/705/55
f 632/641/56 696/706/56 695/705/55
f 632/641/56 633/642/57 697/707/57
f 632/641/56 697/707/57 696/706/56
f 633/642/57 634/643/58 697/707/57
f 634/643/58 698/708/58 697/707/57
f 634/643/58 635/644/59 699/709/59
f 634/643/58 699/709/59 698/708/58
f 635/644/59 636/645/60 699/709/59
f 636/645/60 700/710/60 699/709/59
f 636/645/60 637/646/61 701/711/61
f 636/645/60 701/711/61 700/710/60
f 637/646/61 638/647/62 701/711/61
f 638/647/62 702/712/62 701/711/61
f 638/647/62 639/648/63 703/713/63
f 638/647/62 703/713/63 702/712/62
f 639/648/63 640/649/64 703/713/63
f 640/649/64 704/714/64 703/713/63
f 640/649/64 577/650/1 641/715/1
f 640/649/64 641/715/1 704/714/64
f 641/651/1 642/652/2 705/716/2
f 641/651/1 705/716/2 768/717/1
f 642/652/2 643/653/3 705/716/2
f 643/653/3 706/718/3 705/716/2
f 643/653/3 644/654/4 707/719/4
f 643/653/3 707/719/4 706/718/3
f 644/654/4 645/655/5 707/719/4
f 645/655/5 708/720/5 707/719/4
f 645/655/5 646/656/6 709/721/6
f 645/655/5 709/721/6 708/720/5
f 646/656/6 647/657/7 709/721/6
f 647/657/7 710/722/7 709/721/6
f 647/657/7 648/658/8 711/723/8
f 647/657/7 711/723/8 710/722/7
f 648/658/8 649/659/9 711/723/8
f 649/659/9 712/724/9 711/723/8
f 649/659/9 650/660/10 713/725/10
f 649/659/9 713/725/10 712/724/9
f 650/660/10 651/661/11 713/725/10
f 651/661/11 714/726/11 713/725/10
f 651/661/11 652/662/12 715/727/12
f 651/661/11 715/727/12 714/726/11
f 652/662/12 653/663/13 715/727/12
f 653/663/13 716/728/13 715/727/12
f 653/663/13 654/664/14 717/729/14
f 653/663/13 717/729/14 716/728/13
f 654/664/14 655/665/15 717/729/14
f 655/665/15 718/730/15 717/729/14
f 655/665/15 656/666/16 719/731/16
f 655/665/15 719/731/16 718/730/15
f 656/666/16 657/667/17 719/731/16
f 657/667/17 720/732/17 719/731/16
f 657/667/17 658/668/18 721/733/18
f 657/667/17 721/733/18 720/732/17
f 658/668/18 659/669/19 721/733/18
f 659/669/19 722/734/19 721/733/18
f 659/669/19 660/670/20 723/735/20
f 659/669/19 723/735/20 722/734/19
f 660/670/20 661/671/21 723/735/20
f 661/671/21 724/736/21 723/735/20
f 661/671/21 662/672/22 725/737/22
f 661/671/21 725/737/22 724/736/21
f 662/672/22 663/673/23 725/737/22
f 663/673/23 726/738/23 725/737/22
f 663/673/23 664/674/24 727/739/24
f 663/673/23 727/739/24 726/738/23
f 664/674/24 665/675/25 727/739/24
f 665/675/25 728/740/25 727/739/24
f 665/675/25 666/676/26 729/741/26
f 665/675/25 729/741/26 728/740/25
f 666/676/26 667/677/27 729/741/26
f 667/677/27 730/742/27 729/741/26
f 667/677/27 668/678/28 731/743/28
f 667/677/27 731/743/28 730/742/27
f 668/678/28 669/679/29 731/743/28
f 669/679/29 732/744/29 731/743/28
f 669/679/29 670/680/30 733/745/30
f 669/679/29 733/745/30 732/744/29
f 670/680/30 671/681/31 733/745/30
f 671/681/31 734/746/31 733/745/30
f 671/681/31 672/682/32 735/747/32
f 671/681/31 735/747/32 734/746/31
f 672/682/32 673/683/33 735/747/32
f 673/683/33 736/748/33 735/747/32
f 673/683/33 674/684/34 737/749/34
f 673/683/33 737/749/34 736/748/33
f 674/684/34 675/685/35 737/749/34
f 675/685/35 738/750/35 737/749/34
f 675/685/35 676/686/36 739/751/36
f 675/685/35 739/751/36 738/750/35
f 676/686/36 677/687/37 739/751/36
f 677/687/37 740/752/37 739/751/36
f 677/687/37 678/688/38 741/753/38
f 677/687/37 741/753/38 740/752/37
f 678/688/38 679/689/39 741/753/38
f 679/689/39 742/754/39 741/753/38
f 679/689/39 680/690/40 743/755/40
f 679/689/39 743/755/40 742/754/39
f 680/690/40 681/691/41 743/755/40
f 681/691/41 744/756/41 743/755/40
f 681/691/41 682/692/42 745/757/42
f 681/691/41 745/757/42 744/756/41
f 682/692/42 683/693/43 745/757/42
f 683/693/43 746/758/43 745/757/42
f 683/693/43 684/694/44 747/759/44
f 683/693/43 747/759/44 746/758/43
f 684/694/44 685/695/45 747/759/44
f 685/695/45 748/760/45 747/759/44
f 685/695/45 686/696/46 749/761/46
f 685/695/45 749/761/46 748/760/45
f 686/696/46 687/697/47 749/761/46
f 687/697/47 750/762/47 749/761/46
f 687/697/47 688/698/48 751/763/48
f 687/697/47 751/763/48 750/762/47
f 688/698/48 689/699/49 751/763/48
f 689/699/49 752/764/49 751/763/48
f 689/699/49 690/700/50 753/765/50
f 689/699/49 753/765/50 752/764/49
f 690/700/50 691/701/51 753/765/50
f 691/701/51 754/766/51 753/765/50
f 691/701/51 692/702/52 755/767/52
f 691/701/51 755/767/52 754/766/51
f 692/702/52 693/703/53 755/767/52
f 693/703/53 756/768/53 755/767/52
f 693/703/53 694/704/54 757/769/54
f 693/703/53 757/769/54 756/768/53
f 694/704/54 695/705/55 757/769/54
f 695/705/55 758/770/55 757/769/54
f 695/705/55 696/706/56 759/771/56
f 695/705/55 759/771/56 758/770/55
f 696/706/56 697/707/57 759/771/56
f 697/707/57 760/772/57 759/771/56
f 697/707/57 698/708/58 761/773/58
f 697/707/57 761/773/58 760/772/57
f 698/708/58 699/709/59 761/773/58
f 699/709/59 762/774/59 761/773/58
f 699/709/59 700/710/60 763/775/60
f 699/709/59 763/775/60 762/774/59
f 700/710/60 701/711/61 763/775/60
f 701/711/61 764/776/61 763/775/60
f 701/711/61 702/712/62 765/777/62
f 701/711/61 765/777/62 764/776/61
f 702/712/62 703/713/63 765/777/62
f 703/713/63 766/778/63 765/777/62
f 703/713/63 704/714/64 767/779/64
f 703/713/63 767/779/64 766/778/63
f 704/714/64 641/715/1 767/779/64
f 641/715/1 768/780/1 767/779/64
f 768/717/1 705/716/2 769/781/1
f 705/716/2 770/782/2 769/781/1
f 705/716/2 706/718/3 771/783/3
f 705/716/2 771/783/3 770/782/2
f 706/718/3 707/719/4 771/783/3
f 707/719/4 772/784/4 771/783/3
f 707/719/4 708/720/5 773/785/5
f 707/719/4 773/785/5 772/784/4
f 708/720/5 709/721/6 773/785/5
f 709/721/6 774/786/6 773/785/5
f 709/721/6 710/722/7 775/787/7
f 709/721/6 775/787/7 774/786/6
f 710/722/7 711/723/8 775/787/7
f 711/723/8 776/788/8 775/787/7
f 711/723/8 712/724/9 777/789/9
f 711/723/8 777/789/9 776/788/8
f 712/724/9 713/725/10 777/789/9
f 713/725/10 778/790/10 777/789/9
f 713/725/10 714/726/11 779/791/11
f 713/725/10 779/791/11 778/790/10
f 714/726/11 715/727/12 779/791/11
f 715/727/12 780/792/12 779/791/11
f 715/727/12 716/728/13 781/793/13
f 715/727/12 781/793/13 780/792/12
f 716/728/13 717/729/14 781/793/13
f 717/729/14 782/794/14 781/793/13
f 717/729/14 718/730/15 783/795/15
f 717/729/14 783/795/15 782/794/14
f 718/730/15 719/731/16 783/795/15
f 719/731/16 784/796/16 783/795/15
f 719/731/16 720/732/17 785/797/17
f 719/731/16 785/797/17 784/796/16
f 720/732/17 721/733/18 785/797/17
f 721/733/18 786/798/18 785/797/17
f 721/733/18 722/734/19 787/799/19
f 721/733/18 787/799/19 786/798/18
f 722/734/19 723/735/20 787/799/19
f 723/735/20 788/800/20 787/799/19
f 723/735/20 724/736/21 789/801/21
f 723/735/20 789/801/21 788/800/20
f 724/736/21 725/737/22 789/801/21
f 725/737/22 790/802/22 789/801/21
f 725/737/22 726/738/23 791/803/23
f 725/737/22 791/803/23 790/802/22
f 726/738/23 727/739/24 791/803/23
f 727/739/24 792/804/24 791/803/23
f 727/739/24 728/740/25 793/805/25
f 727/739/24 793/805/25 792/804/24
f 728/740/25 729/741/26 793/805/25
f 729/741/26 794/806/26 793/805/25
f 729/741/26 730/742/27 795/807/27
f 729/741/26 795/807/27 794/806/26
f 730/742/27 731/743/28 795/807/27
f 731/743/28 796/808/28 795/807/27
f 731/743/28 732/744/29 797/809/29
f 731/743/28 797/809/29 796/808/28
f 732/744/29 733/745/30 797/809/29
f 733/745/30 798/810/30 797/809/29
f 733/745/30 734/746/31 799/811/31
f 733/745/30 799/811/31 798/810/30
f 734/746/31 735/747/32 799/811/31
f 735/747/32 800/812/32 799/811/31
f 735/747/32 736/748/33 801/813/33
f 735/747/32 801/813/33 800/812/32
f 736/748/33 737/749/34 801/813/33
f 737/749/34 802/814/34 801/813/33
f 737/749/34 738/750/35 803/815/35
f 737/749/34 803/815/35 802/814/34
f 738/750/35 739/751/36 803/815/35
f 739/751/36 804/816/36 803/815/35
f 739/751/36 740/752/37 805/817/37
f 739/751/36 805/817/37 804/816/36
f 740/752/37 741/753/38 805/817/37
f 741/753/38 806/818/38 805/817/37
f 741/753/38 742/754/39 807/819/39
f 741/753/38 807/819/39 806/818/38
f 742/754/39 743/755/40 807/819/39
f 743/755/40 808/820/40 807/819/39
f 743/755/40 744/756/41 809/821/41
f 743/755/40 809/821/41 808/820/40
f 744/756/41 745/757/42 809/821/41
f 745/757/42 810/822/42 809/821/41
f 745/757/42 746/758/43 811/823/43
f 745/757/42 811/823/43 810/822/42
f 746/758/43 747/759/44 811/823/43
f 747/759/44 812/824/44 811/823/43
f 747/759/44 748/760/45 813/825/45
f 747/759/44 813/825/45 812/824/44
f 748/760/45 749/761/46 813/825/45
f 749/761/46 814/826/46 813/825/45
f 749/761/46 750/762/47 815/827/47
f 749/761/46 815/827/47 814/826/46
f 750/762/47 751/763/48 815/827/47
f 751/763/48 816/828/48 815/827/47
f 751/763/48 752/764/49 817/829/49
f 751/763/48 817/829/49 816/828/48
f 752/764/49 753/765/50 817/829/49
f 753/765/50 818/830/50 817/829/49
f 753/765/50 754/766/51 819/831/51
f 753/765/50 819/831/51 818/830/50
f 754/766/51 755/767/52 819/831/51
f 755/767/52 820/832/52 819/831/51
f 755/767/52 756/768/53 821/833/53
f 755/767/52 821/833/53 820/832/52
f 756/768/53 757/769/54 821/833/53
f 757/769/54 822/834/54 821/833/53
f 757/769/54 758/770/55 823/835/55
f 757/769/54 823/835/55 822/834/54
f 758/770/55 759/771/56 823/835/55
f 759/771/56 824/836/56 823/835/55
f 759/771/56 760/772/57 825/837/57
f 759/771/56 825/837/57 824/836/56
f 760/772/57 761/773/58 825/837/57
f 761/773/58 826/838/58 825/837/57
f 761/773/58 762/774/59 827/839/59
f 761/773/58 827/839/59 826/838/58
f 762/774/59 763/775/60 827/839/59
f 763/775/60 828/840/60 827/839/59
f 763/775/60 764/776/61 829/841/61
f 763/775/60 829/841/61 828/840/60
f 764/776/61 765/777/62 829/841/61
f 765/777/62 830/842/62 829/841/61
f 765/777/62 766/778/63 831/843/63
f 765/777/62 831/843/63 830/842/62
f 766/778/63 767/779/64 831/843/63
f 767/779/64 832/844/64 831/843/63
f 767/779/64 768/780/1 769/845/1
f 767/779/64 769/845/1 832/844/64
f 769/781/1 770/782/2 833/846/2
f 769/781/1 833/846/2 896/847/1
f 770/782/2 771/783/3 833/846/2
f 771/783/3 834/848/3 833/846/2
f 771/783/3 772/784/4 835/849/4
f 771/783/3 835/849/4 834/848/3
f 772/784/4 773/785/5 835/849/4
f 773/785/5 836/850/5 835/849/4
f 773/785/5 774/786/6 837/851/6
f 773/785/5 837/851/6 836/850/5
f 774/786/6 775/787/7 837/851/6
f 775/787/7 838/852/7 837/851/6
f 775/787/7 776/788/8 839/853/8
f 775/787/7 839/853/8 838/852/7
f 776/788/8 777/789/9 839/853/8
f 777/789/9 840/854/9 839/853/8
f 777/789/9 778/790/10 841/855/10
f 777/789/9 841/855/10 840/854/9
f 778/790/10 779/791/11 841/855/10
f 779/791/11 842/856/11 841/855/10
f 779/791/11 780/792/12 843/857/12
f 779/791/11 843/857/12 842/856/11
f 780/792/12 781/793/13 843/857/12
f 781/793/13 844/858/13 843/857/12
f 781/793/13 782/794/14 845/859/14
f 781/793/13 845/859/14 844/858/13
f 782/794/14 783/795/15 845/859/14
f 783/795/15 846/860/15 845/859/14
f 783/795/15 784/796/16 847/861/16
f 783/795/15 847/861/16 846/860/15
f 784/796/16 785/797/17 847/861/16
f 785/797/17 848/862/17 847/861/16
f 785/797/17 786/798/18 849/863/18
f 785/797/17 849/863/18 848/862/17
f 786/798/18 787/799/19 849/863/18
f 787/799/19 850/864/19 849/863/18
f 787/799/19 788/800/20 851/865/20
f 787/799/19 851/865/20 850/864/19
f 788/800/20 789/801/21 851/865/20
f 789/801/21 852/866/21 851/865/20
f 789/801/21 790/802/22 853/867/22
f 789/801/21 853/867/22 852/866/21
f 790/802/22 791/803/23 853/867/22
f 791/803/23 854/868/23 853/867/22
f 791/803/23 792/804/24 855/869/24
f 791/803/23 855/869/24 854/868/23
f 792/804/24 793/805/25 855/869/24
f 793/805/25 856/870/25 855/869/24
f 793/805/25 794/806/26 857/871/26
f 793/805/25 857/871/26 856/870/25
f 794/806/26 795/807/27 857/871/26
f 795/807/27 858/872/27 857/871/26
f 795/807/27 796/808/28 859/873/28
f 795/807/27 859/873/28 858/872/27
f 796/808/28 797/809/29 859/873/28
f 797/809/29 860/874/29 859/873/28
f 797/809/29 798/810/30 861/875/30
f 797/809/29 861/875/30 860/874/29
f 798/810/30 799/811/31 861/875/30
f 799/811/31 862/876/31 861/875/30
f 799/811/31 800/812/32 863/877/32
f 799/811/31 863/877/32 862/876/31
f 800/812/32 801/813/33 863/877/32
f 801/813/33 864/878/33 863/877/32
f 801/813/33 802/814/34 865/879/34
f 801/813/33 865/879/34 864/878/33
f 802/814/34 803/815/35 865/879/34
f 803/815/35 866/880/35 865/879/34
f 803/815/35 804/816/36 867/881/36
f 803/815/35 867/881/36 866/880/35
f 804/816/36 805/817/37 867/881/36
f 805/817/37 868/882/37 867/881/36
f 805/817/37 806/818/38 869/883/38
f 805/817/37 869/883/38 868/882/37
f 806/818/38 807/819/39 869/883/38
f 807/819/39 870/884/39 869/883/38
f 807/819/39 808/820/40 871/885/40
f 807/819/39 871/885/40 870/884/39
f 808/820/40 809/821/41 871/885/40
f 809/821/41 872/886/41 871/885/40
f 809/821/41 810/822/42 873/887/42
f 809/821/41 873/887/42 872/886/41
f 810/822/42 811/823/43 873/887/42
f 811/823/43 874/888/43 873/887/42
f 811/823/43 812/824/44 875/889/44
f 811/823/43 875/889/44 874/888/43
f 812/824/44 813/825/45 875/889/44
f 813/825/45 876/890/45 875/889/44
f 813/825/45 814/826/46 877/891/46
f 813/825/45 877/891/46 876/890/45
f 814/826/46 815/827/47 877/891/46
f 815/827/47 878/892/47 877/891/46
f 815/827/47 816/828/48 879/893/48
f 815/827/47 879/893/48 878/892/47
f 816/828/48 817/829/49 879/893/48
f 817/829/49 880/894/49 879/893/48
f 817/829/49 818/830/50 881/895/50
f 817/829/49 881/895/50 880/894/49
f 818/830/50 819/831/51 881/895/50
f 819/831/51 882/896/51 881/895/50
f 819/831/51 820/832/52 883/897/52
f 819/831/51 883/897/52 882/896/51
f 820/832/52 821/833/53 883/897/52
f 821/833/53 884/898/53 883/897/52
f 821/833/53 822/834/54 885/899/54
f 821/833/53 885/899/54 884/898/53
f 822/834/54 823/835/55 885/899/54
f 823/835/55 886/900/55 885/899/54
f 823/835/55 824/836/56 887/901/56
f 823/835/55 887/901/56 886/900/55
f 824/836/56 825/837/57 887/901/56
f 825/837/57 888/902/57 887/901/56
f 825/837/57 826/838/58 889/903/58
f 825/837/57 889/903/58 888/902/57
f 826/838/58 827/839/59 889/903/58
f 827/839/59 890/904/59 889/903/58
f 827/839/59 828/840/60 891/905/60
f 827/839/59 891/905/60 890/904/59
f 828/840/60 829/841/61 891/905/60
f 829/841/61 892/906/61 891/905/60
f 829/841/61 830/842/62 893/907/62
f 829/841/61 893/907/62 892/906/61
f 830/842/62 831/843/63 893/907/62
f 831/843/63 894/908/63 893/907/62
f 831/843/63 832/844/64 895/909/64
f 831/843/63 895/909/64 894/908/63
f 832/844/64 769/845/1 895/909/64
f 769/845/1 896/910/1 895/909/64
f 896/847/1 833/846/2 897/911/1
f 833/846/2 898/912/2 897/911/1
f 833/846/2 834/848/3 899/913/3
f 833/846/2 899/913/3 898/912/2
f 834/848/3 835/849/4 899/913/3
f 835/849/4 900/914/4 899/913/3
f 835/849/4 836/850/5 901/915/5
f 835/849/4 901/915/5 900/914/4
f 836/850/5 837/851/6 901/915/5
f 837/851/6 902/916/6 901/915/5
f 837/851/6 838/852/7 903/917/7
f 837/851/6 903/917/7 902/916/6
f 838/852/7 839/853/8 903/917/7
f 839/853/8 904/918/8 903/917/7
f 839/853/8 840/854/9 905/919/9
f 839/853/8 905/919/9 904/918/8
f 840/854/9 841/855/10 905/919/9
f 841/855/10 906/920/10 905/919/9
f 841/855/10 842/856/11 907/921/11
f 841/855/10 907/921/11 906/920/10
f 842/856/11 843/857/12 907/921/11
f 843/857/12 908/922/12 907/921/11
f 843/857/12 844/858/13 909/923/13
f 843/857/12 909/923/13 908/922/12
f 844/858/13 845/859/14 909/923/13
f 845/859/14 910/924/14 909/923/13
f 845/859/14 846/860/15 911/925/15
f 845/859/14 911/925/15 910/924/14
f 846/860/15 847/861/16 911/925/15
f 847/861/16 912/926/16 911/925/15
f 847/861/16 848/862/17 913/927/17
f 847/861/16 913/927/17 912/926/16
f 848/862/17 849/863/18 913/927/17
f 849/863/18 914/928/18 913/927/17
f 849/863/18 850/864/19 915/929/19
f 849/863/18 915/929/19 914/928/18
f 850/864/19 851/865/20 915/929/19
f 851/865/20 916/930/20 915/929/19
f 851/865/20 852/866/21 917/931/21
f 851/865/20 917/931/21 916/930/20
f 852/866/21 853/867/22 917/931/21
f 853/867/22 918/932/22 917/931/21
f 853/867/22 854/868/23 919/933/23
f 853/867/22 919/933/23 918/932/22
f 854/868/23 855/869/24 919/933/23
f 855/869/24 920/934/24 919/933/23
f 855/869/24 856/870/25 921/935/25
f 855/869/24 921/935/25 920/934/24
f 856/870/25 857/871/26 921/935/25
f 857/871/26 922/936/26 921/935/25
f 857/871/26 858/872/27 923/937/27
f 857/871/26 923/937/27 922/936/26
f 858/872/27 859/873/28 923/937/27
f 859/873/28 924/938/28 923/937/27
f 859/873/28 860/874/29 925/939/29
f 859/873/28 925/939/29 924/938/28
f 860/874/29 861/875/30 925/939/29
f 861/875/30 926/940/30 925/939/29
f 861/875/30 862/876/31 927/941/31
f 861/875/30 927/941/31 926/940/30
f 862/876/31 863/877/32 927/941/31
f 863/877/32 928/942/32 927/941/31
f 863/877/32 864/878/33 929/943/33
f 863/877/32 929/943/33 928/942/32
f 864/878/33 865/879/34 929/943/33
f 865/879/34 930/944/34 929/943/33
f 865/879/34 866/880/35 931/945/35
f 865/879/34 931/945/35 930/944/34
f 866/880/35 867/881/36 931/945/35
f 867/881/36 932/946/36 931/945/35
f 867/881/36 868/882/37 933/947/37
f 867/881/36 933/947/37 932/946/36
f 868/882/37 869/883/38 933/947/37
f 869/883/38 934/948/38 933/947/37
f 869/883/38 870/884/39 935/949/39
f 869/883/38 935/949/39 934/948/38
f 870/884/39 871/885/40 935/949/39
f 871/885/40 936/950/40 935/949/39
f 871/885/40 872/886/41 937/951/41
f 871/885/40 937/951/41 936/950/40
f 872/886/41 873/887/42 937/951/41
f 873/887/42 938/952/42 937/951/41
f 873/887/42 874/888/43 939/953/43
f 873/887/42 939/953/43 938/952/42
f 874/888/43 875/889/44 939/953/43
f 875/889/44 940/954/44 939/953/43
f 875/889/44 876/890/45 941/955/45
f 875/889/44 941/955/45 940/954/44
f 876/890/45 877/891/46 941/955/45
f 877/891/46 942/956/46 941/955/45
f 877/891/46 878/892/47 943/957/47
f 877/891/46 943/957/47 942/956/46
f 878/892/47 879/893/48 943/957/47
f 879/893/48 944/958/48 943/957/47
f 879/893/48 880/894/49 945/959/49
f 879/893/48 945/959/49 944/958/48
f 880/894/49 881/895/50 945/959/49
f 881/895/50 946/960/50 945/959/49
f 881/895/50 882/896/51 947/961/51
f 881/895/50 947/961/51 946/960/50
f 882/896/51 883/897/52 947/961/51
f 883/897/52 948/962/52 947/961/51
f 883/897/52 884/898/53 949/963/53
f 883/897/52 949/963/53 948/962/52
f 884/898/53 885/899/54 949/963/53
f 885/899/54 950/964/54 949/963/53
f 885/899/54 886/900/55 951/965/55
f 885/899/54 951/965/55 950/964/54
f 886/900/55 887/901/56 951/965/55
f 887/901/56 952/966/56 951/965/55
f 887/901/56 888/902/57 953/967/57
f 887/901/56 953/967/57 952/966/56
f 888/902/57 889/903/58 953/967/57
f 889/903/58 954/968/58 953/967/57
f 889/903/58 890/904/59 955/969/59
f 889/903/58 955/969/59 954/968/58
f 890/904/59 891/905/60 955/969/59
f 891/905/60 956/970/60 955/969/59
f 891/905/60 892/906/61 957/971/61
f 891/905/60 957/971/61 956/970/60
f 892/906/61 893/907/62 957/971/61
f 893/907/62 958/972/62 957/971/61
f 893/907/62 894/908/63 959/973/63
f 893/907/62 959/973/63 958/972/62
f 894/908/63 895/909/64 959/973/63
f 895/909/64 960/974/64 959/973/63
f 895/909/64 896/910/1 897/975/1
f 895/909/64 897/975/1 960/974/64
f 897/911/1 898/912/2 962/976/2
f 897/911/1 962/976/2 961/977/1
f 898/912/2 899/913/3 962/976/2
f 899/913/3 963/978/3 962/976/2
f 899/913/3 900/914/4 964/979/4
f 899/913/3 964/979/4 963/978/3
f 900/914/4 901/915/5 964/979/4
f 901/915/5 965/980/5 964/979/4
f 901/915/5 902/916/6 966/981/6
f 901/915/5 966/981/6 965/980/5
f 902/916/6 903/917/7 966/981/6
f 903/917/7 967/982/7 966/981/6
f 903/917/7 904/918/8 968/983/8
f 903/917/7 968/983/8 967/982/7
f 904/918/8 905/919/9 968/983/8
f 905/919/9 969/984/9 968/983/8
f 905/919/9 906/920/10 970/985/10
f 905/919/9 970/985/10 969/984/9
f 906/920/10 907/921/11 970/985/10
f 907/921/11 971/986/11 970/985/10
f 907/921/11 908/922/12 972/987/12
f 907/921/11 972/987/12 971/986/11
f 908/922/12 909/923/13 972/987/12
f 909/923/13 973/988/13 972/987/12
f 909/923/13 910/924/14 974/989/14
f 909/923/13 974/989/14 973/988/13
f 910/924/14 911/925/15 974/989/14
f 911/925/15 975/990/15 974/989/14
f 911/925/15 912/926/16 976/991/16
f 911/925/15 976/991/16 975/990/15
f 912/926/16 913/927/17 976/991/16
f 913/927/17 977/992/17 976/991/16
f 913/927/17 914/928/18 978/993/18
f 913/927/17 978/993/18 977/992/17
f 914/928/18 915/929/19 978/993/18
f 915/929/19 979/994/19 978/993/18
f 915/929/19 916/930/20 980/995/20
f 915/929/19 980/995/20 979/994/19
f 916/930/20 917/931/21 980/995/20
f 917/931/21 981/996/21 980/995/20
f 917/931/21 918/932/22 982/997/22
f 917/931/21 982/997/22 981/996/21
f 918/932/22 919/933/23 982/997/22
f 919/933/23 983/998/23 982/997/22
f 919/933/23 920/934/24 984/999/24
f 919/933/23 984/999/24 983/998/23
f 920/934/24 921/935/25 984/999/24
f 921/935/25 985/1000/25 984/999/24
f 921/935/25 922/936/26 986/1001/26
f 921/935/25 986/1001/26 985/1000/25
f 922/936/26 923/937/27 986/1001/26
f 923/937/27 987/1002/27 986/1001/26
f 923/937/27 924/938/28 988/1003/28
f 923/937/27 988/1003/28 987/1002/27
f 924/938/28 925/939/29 988/1003/28
f 925/939/29 989/1004/29 988/1003/28
f 925/939/29 926/940/30 990/1005/30
f 925/939/29 990/1005/30 989/1004/29
f 926/940/30 927/941/31 990/1005/30
f 927/941/31 991/1006/31 990/1005/30
f 927/941/31 928/942/32 992/1007/32
f 927/941/31 992/1007/32 991/1006/31
f 928/942/32 929/943/33 992/1007/32
f 929/943/33 993/1008/33 992/1007/32
f 929/943/33 930/944/34 994/1009/34
f 929/943/33 994/1009/34 993/1008/33
f 930/944/34 931/945/35 994/1009/34
f 931/945/35 995/1010/35 994/1009/34
f 931/945/35 932/946/36 996/1011/36
f 931/945/35 996/1011/36 995/1010/35
f 932/946/36 933/947/37 996/1011/36
f 933/947/37 997/1012/37 996/1011/36
f 933/947/37 934/948/38 998/1013/38
f 933/947/37 998/1013/38 997/1012/37
f 934/948/38 935/949/39 998/1013/38
f 935/949/39 999/1014/39 998/1013/38
f 935/949/39 936/950/40 1000/1015/40
f 935/949/39 1000/1015/40 999/1014/39
f 936/950/40 937/951/41 1000/1015/40
f 937/951/41 1001/1016/41 1000/1015/40
f 937/951/41 938/952/42 1002/1017/42
f 937/951/41 1002/1017/42 1001/1016/41
f 938/952/42 939/953/43 1002/1017/42
f 939/953/43 1003/1018/43 1002/1017/42
f 939/953/43 940/954/44 1004/1019/44
f 939/953/43 1004/1019/44 1003/1018/43
f 940/954/44 941/955/45 1004/1019/44
f 941/955/45 1005/1020/45 1004/1019/44
f 941/955/45 942/956/46 1006/1021/46
f 941/955/45 1006/1021/46 1005/1020/45
f 942/956/46 943/957/47 1006/1021/46
f 943/957/47 1007/1022/47 1006/1021/46
f 943/957/47 944/958/48 1008/1023/48
f 943/957/47 1008/1023/48 1007/1022/47
f 944/958/48 945/959/49 1008/1023/48
f 945/959/49 1009/1024/49 1008/1023/48
f 945/959/49 946/960/50 1010/1025/50
f 945/959/49 1010/1025/50 1009/1024/49
f 946/960/50 947/961/51 1010/1025/50
f 947/961/51 1011/1026/51 1010/1025/50
f 947/961/51 948/962/52 1012/1027/52
f 947/961/51 1012/1027/52 1011/1026/51
f 948/962/52 949/963/53 1012/1027/52
f 949/963/53 1013/1028/53 1012/1027/52
f 949/963/53 950/964/54 1014/1029/54
f 949/963/53 1014/1029/54 1013/1028/53
f 950/964/54 951/965/55 1014/1029/54
f 951/965/55 1015/1030/55 1014/1029/54
f 951/965/55 952/966/56 1016/1031/56
f 951/965/55 1016/1031/56 1015/1030/55
f 952/966/56 953/967/57 1016/1031/56
f 953/967/57 1017/1032/57 1016/1031/56
f 953/967/57 954/968/58 1018/1033/58
f 953/967/57 1018/1033/58 1017/1032/57
f 954/968/58 955/969/59 1018/1033/58
f 955/969/59 1019/1034/59 1018/1033/58
f 955/969/59 956/970/60 1020/1035/60
f 955/969/59 1020/1035/60 1019/1034/59
f 956/970/60 957/971/61 1020/1035/60
f 957/971/61 1021/1036/61 1020/1035/60
f 957/971/61 958/972/62 1022/1037/62
f 957/971/61 1022/1037/62 1021/1036/61
f 958/972/62 959/973/63 1022/1037/62
f 959/973/63 1023/1038/63 1022/1037/62
f 959/973/63 960/974/64 1024/1039/64
f 959/973/63 1024/1039/64 1023/1038/63
f 960/974/64 897/975/1 1024/1039/64
f 897/975/1 961/1040/1 1024/1039/64
f 961/977/1 962/976/2 1025/1041/1
f 962/976/2 1026/1042/2 1025/1041/1
f 962/976/2 963/978/3 1027/1043/3
f 962/976/2 1027/1043/3 1026/1042/2
f 963/978/3 964/979/4 1027/1043/3
f 964/979/4 1028/1044/4 1027/1043/3
f 964/979/4 965/980/5 1029/1045/5
f 964/979/4 1029/1045/5 1028/1044/4
f 965/980/5 966/981/6 1029/1045/5
f 966/981/6 1030/1046/6 1029/1045/5
f 966/981/6 967/982/7 1031/1047/7
f 966/981/6 1031/1047/7 1030/1046/6
f 967/982/7 968/983/8 1031/1047/7
f 968/983/8 1032/1048/8 1031/1047/7
f 968/983/8 969/984/9 1033/1049/9
f 968/983/8 1033/1049/9 1032/1048/8
f 969/984/9 970/985/10 1033/1049/9
f 970/985/10 1034/1050/10 1033/1049/9
f 970/985/10 971/986/11 1035/1051/11
f 970/985/10 1035/1051/11 1034/1050/10
f 971/986/11 972/987/12 1035/1051/11
f 972/987/12 1036/1052/12 1035/1051/11
f 972/987/12 973/988/13 1037/1053/13
f 972/987/12 1037/1053/13 1036/1052/12
f 973/988/13 974/989/14 1037/1053/13
f 974/989/14 1038/1054/14 1037/1053/13
f 974/989/14 975/990/15 1039/1055/15
f 974/989/14 1039/1055/15 1038/1054/14
f 975/990/15 976/991/16 1039/1055/15
f 976/991/16 1040/1056/16 1039/1055/15
f 976/991/16 977/992/17 1041/1057/17
f 976/991/16 1041/1057/17 1040/1056/16
f 977/992/17 978/993/18 1041/1057/17
f 978/993/18 1042/1058/18 1041/1057/17
f 978/993/18 979/994/19 1043/1059/19
f 978/993/18 1043/1059/19 1042/1058/18
f 979/994/19 980/995/20 1043/1059/19
f 980/995/20 1044/1060/20 1043/1059/19
f 980/995/20 981/996/21 1045/1061/21
f 980/995/20 1045/1061/21 1044/1060/20
f 981/996/21 982/997/22 1045/1061/21
f 982/997/22 1046/1062/22 1045/1061/21
f 982/997/22 983/998/23 1047/1063/23
f 982/997/22 1047/1063/23 1046/1062/22
f 983/998/23 984/999/24 1047/1063/23
f 984/999/24 1048/1064/24 1047/1063/23
f 984/999/24 985/1000/25 1049/1065/25
f 984/999/24 1049/1065/25 1048/1064/24
f 985/1000/25 986/1001/26 1049/1065/25
f 986/1001/26 1050/1066/26 1049/1065/25
f 986/1001/26 987/1002/27 1051/1067/27
f 986/1001/26 1051/1067/27 1050/1066/26
f 987/1002/27 988/1003/28 1051/1067/27
f 988/1003/28 1052/1068/28 1051/1067/27
f 988/1003/28 989/1004/29 1053/1069/29
f 988/1003/28 1053/1069/29 1052/1068/28
f 989/1004/29 990/1005/30 1053/1069/29
f 990/1005/30 1054/1070/30 1053/1069/29
f 990/1005/30 991/1006/31 1055/1071/31
f 990/1005/30 1055/1071/31 1054/1070/30
f 991/1006/31 992/1007/32 1055/1071/31
f 992/1007/32 1056/1072/32 1055/1071/31
f 992/1007/32 993/1008/33 1057/1073/33
f 992/1007/32 1057/1073/33 1056/1072/32
f 993/1008/33 994/1009/34 1057/1073/33
f 994/1009/34 1058/1074/34 1057/1073/33
f 994/1009/34 995/1010/35 1059/1075/35
f 994/1009/34 1059/1075/35 1058/1074/34
f 995/1010/35 996/1011/36 1059/1075/35
f 996/1011/36 1060/1076/36 1059/1075/35
f 996/1011/36 997/1012/37 1061/1077/37
f 996/1011/36 1061/1077/37 1060/1076/36
f 997/1012/37 998/1013/38 1061/1077/37
f 998/1013/38 1062/1078/38 1061/1077/37
f 998/1013/38 999/1014/39 1063/1079/39
f 998/1013/38 1063/1079/39 1062/1078/38
f 999/1014/39 1000/1015/40 1063/1079/39
f 1000/1015/40 1064/1080/40 1063/1079/39
f 1000/1015/40 1001/1016/41 1065/1081/41
f 1000/1015/40 1065/1081/41 1064/1080/40
f 1001/1016/41 1002/1017/42 1065/1081/41
f 1002/1017/42 1066/1082/42 1065/1081/41
f 1002/1017/42 1003/1018/43 1067/1083/43
f 1002/1017/42 1067/1083/43 1066/1082/42
f 1003/1018/43 1004/1019/44 1067/1083/43
f 1004/1019/44 1068/1084/44 1067/1083/43
f 1004/1019/44 1005/1020/45 1069/1085/45
f 1004/1019/44 1069/1085/45 1068/1084/44
f 1005/1020/45 1006/1021/46 1069/1085/45
f 1006/1021/46 1070/1086/46 1069/1085/45
f 1006/1021/46 1007/1022/47 1071/1087/47
f 1006/1021/46 1071/1087/47 1070/1086/46
f 1007/1022/47 1008/1023/48 1071/1087/47
f 1008/1023/48 1072/1088/48 1071/1087/47
f 1008/1023/48 1009/1024/49 1073/1089/49
f 1008/1023/48 1073/1089/49 1072/1088/48
f 1009/1024/49 1010/1025/50 1073/1089/49
f 1010/1025/50 1074/1090/50 1073/1089/49
f 1010/1025/50 1011/1026/51 1075/1091/51
f 1010/1025/50 1075/1091/51 1074/1090/50
f 1011/1026/51 1012/1027/52 1075/1091/51
f 1012/1027/52 1076/1092/52 1075/1091/51
f 1012/1027/52 1013/1028/53 1077/1093/53
f 1012/1027/52 1077/1093/53 1076/1092/52
f 1013/1028/53 1014/1029/54 1077/1093/53
f 1014/1029/54 1078/1094/54 1077/1093/53
f 1014/1029/54 1015/1030/55 1079/1095/55
f 1014/1029/54 1079/1095/55 1078/1094/54
f 1015/1030/55 1016/1031/56 1079/1095/55
f 1016/1031/56 1080/1096/56 1079/1095/55
f 1016/1031/56 1017/1032/57 1081/1097/57
f 1016/1031/56 1081/1097/57 1080/1096/56
f 1017/1032/57 1018/1033/58 1081/1097/57
f 1018/1033/58 1082/1098/58 1081/1097/57
f 1018/1033/58 1019/1034/59 1083/1099/59
f 1018/1033/58 1083/1099/59 1082/1098/58
f 1019/1034/59 1020/1035/60 1083/1099/59
f 1020/1035/60 1084/1100/60 1083/1099/59
f 1020/1035/60 1021/1036/61 1085/1101/61
f 1020/1035/60 1085/1101/61 1084/1100/60
f 1021/1036/61 1022/1037/62 1085/1101/61
f 1022/1037/62 1086/1102/62 1085/1101/61
f 1022/1037/62 1023/1038/63 1087/1103/63
f 1022/1037/62 1087/1103/63 1086/1102/62
f 1023/1038/63 1024/1039/64 1087/1103/63
f 1024/1039/64 1088/1104/64 1087/1103/63
f 1024/1039/64 961/1040/1 1025/1105/1
f 1024/1039/64 1025/1105/1 1088/1104/64
f 1025/1041/1 1026/1042/2 1089/1106/2
f 1025/1041/1 1089/1106/2 1152/1107/1
f 1026/1042/2 1027/1043/3 1089/1106/2
f 1027/1043/3 1090/1108/3 1089/1106/2
f 1027/1043/3 1028/1044/4 1091/1109/4
f 1027/1043/3 1091/1109/4 1090/1108/3
f 1028/1044/4 1029/1045/5 1091/1109/4
f 1029/1045/5 1092/1110/5 1091/1109/4
f 1029/1045/5 1030/1046/6 1093/1111/6
f 1029/1045/5 1093/1111/6 1092/1110/5
f 1030/1046/6 1031/1047/7 1093/1111/6
f 1031/1047/7 1094/1112/7 1093/1111/6
f 1031/1047/7 1032/1048/8 1095/1113/8
f 1031/1047/7 1095/1113/8 1094/1112/7
f 1032/1048/8 1033/1049/9 1095/1113/8
f 1033/1049/9 1096/1114/9 1095/1113/8
f 1033/1049/9 1034/1050/10 1097/1115/10
f 1033/1049/9 1097/1115/10 1096/1114/9
f 1034/1050/10 1035/1051/11 1097/1115/10
f 1035/1051/11 1098/1116/11 1097/1115/10
f 1035/1051/11 1036/1052/12 1099/1117/12
f 1035/1051/11 1099/1117/12 1098/1116/11
f 1036/1052/12 1037/1053/13 1099/1117/12
f 1037/1053/13 1100/1118/13 1099/1117/12
f 1037/1053/13 1038/1054/14 1101/1119/14
f 1037/1053/13 1101/1119/14 1100/1118/13
f 1038/1054/14 1039/1055/15 1101/1119/14
f 1039/1055/15 1102/1120/15 1101/1119/14
f 1039/1055/15 1040/1056/16 1103/1121/16
f 1039/1055/15 1103/1121/16 1102/1120/15
f 1040/1056/16 1041/1057/17 1103/1121/16
f 1041/1057/17 1104/1122/17 1103/1121/16
f 1041/1057/17 1042/1058/18 1105/1123/18
f 1041/1057/17 1105/1123/18 1104/1122/17
f 1042/1058/18 1043/1059/19 1105/1123/18
f 1043/1059/19 1106/1124/19 1105/1123/18
f 1043/1059/19 1044/1060/20 1107/1125/20
f 1043/1059/19 1107/1125/20 1106/1124/19
f 1044/1060/20 1045/1061/21 1107/1125/20
f 1045/1061/21 1108/1126/21 1107/1125/20
f 1045/1061/21 1046/1062/22 1109/1127/22
f 1045/1061/21 1109/1127/22 1108/1126/21
f 1046/1062/22 1047/1063/23 1109/1127/22
f 1047/1063/23 1110/1128/23 1109/1127/22
f 1047/1063/23 1048/1064/24 1111/1129/24
f 1047/1063/23 1111/1129/24 1110/1128/23
f 1048/1064/24 1049/1065/25 1111/1129/24
f 1049/1065/25 1112/1130/25 1111/1129/24
f 1049/1065/25 1050/1066/26 1113/1131/26
f 1049/1065/25 1113/1131/26 1112/1130/25
f 1050/1066/26 1051/1067/27 1113/1131/26
f 1051/1067/27 1114/1132/27 1113/1131/26
f 1051/1067/27 1052/1068/28 1115/1133/28
f 1051/1067/27 1115/1133/28 1114/1132/27
f 1052/1068/28 1053/1069/29 1115/1133/28
f 1053/1069/29 1116/1134/29 1115/1133/28
f 1053/1069/29 1054/1070/30 1117/1135/30
f 1053/1069/29 1117/1135/30 1116/1134/29
f 1054/1070/30 1055/1071/31 1117/1135/30
f 1055/1071/31 1118/1136/31 1117/1135/30
f 1055/1071/31 1056/1072/32 1119/1137/32
f 1055/1071/31 1119/1137/32 1118/1136/31
f 1056/1072/32 1057/1073/33 1119/1137/32
f 1057/1073/33 1120/1138/33 1119/1137/32
f 1057/1073/33 1058/1074/34 1121/1139/34
f 1057/1073/33 1121/1139/34 1120/1138/33
f 1058/1074/34 1059/1075/35 1121/1139/34
f 1059/1075/35 1122/1140/35 1121/1139/34
f 1059/1075/35 1060/1076/36 1123/1141/36
f 1059/1075/35 1123/1141/36 1122/1140/35
f 1060/1076/36 1061/1077/37 1123/1141/36
f 1061/1077/37 1124/1142/37 1123/1141/36
f 1061/1077/37 1062/1078/38 1125/1143/38
f 1061/1077/37 1125/1143/38 1124/1142/37
f 1062/1078/38 1063/1079/39 1125/1143/38
f 1063/1079/39 1126/1144/39 1125/1143/38
f 1063/1079/39 1064/1080/40 1127/1145/40
f 1063/1079/39 1127/1145/40 1126/1144/39
f 1064/1080/40 1065/1081/41 1127/1145/40
f 1065/1081/41 1128/1146/41 1127/1145/40
f 1065/1081/41 1066/1082/42 1129/1147/42
f 1065/1081/41 1129/1147/42 1128/1146/41
f 1066/1082/42 1067/1083/43 1129/1147/42
f 1067/1083/43 1130/1148/43 1129/1147/42
f 1067/1083/43 1068/1084/44 1131/1149/44
f 1067/1083/43 1131/1149/44 1130/1148/43
f 1068/1084/44 1069/1085/45 1131/1149/44
f 1069/1085/45 1132/1150/45 1131/1149/44
f 1069/1085/45 1070/1086/46 1133/1151/46
f 1069/1085/45 1133/1151/46 1132/1150/45
f 1070/1086/46 1071/1087/47 1133/1151/46
f 1071/1087/47 1134/1152/47 1133/1151/46
f 1071/1087/47 1072/1088/48 1135/1153/48
f 1071/1087/47 1135/1153/48 1134/1152/47
f 1072/1088/48 1073/1089/49 1135/1153/48
f 1073/1089/49 1136/1154/49 1135/1153/48
f 1073/1089/49 1074/1090/50 1137/1155/50
f 1073/1089/49 1137/1155/50 1136/1154/49
f 1074/1090/50 1075/1091/51 1137/1155/50
f 1075/1091/51 1138/1156/51 1137/1155/50
f 1075/1091/51 1076/1092/52 1139/1157/52
f 1075/1091/51 1139/1157/52 1138/1156/51
f 1076/1092/52 1077/1093/53 1139/1157/52
f 1077/1093/53 1140/1158/53 1139/1157/52
f 1077/1093/53 1078/1094/54 1141/1159/54
f 1077/1093/53 1141/1159/54 1140/1158/53
f 1078/1094/54 1079/1095/55 1141/1159/54
f 1079/1095/55 1142/1160/55 1141/1159/54
f 1079/1095/55 1080/1096/56 1143/1161/56
f 1079/1095/55 1143/1161/56 1142/1160/55
f 1080/1096/56 1081/1097/57 1143/1161/56
f 1081/1097/57 1144/1162/57 1143/1161/56
f 1081/1097/57 1082/1098/58 1145/1163/58
f 1081/1097/57 1145/1163/58 1144/1162/57
f 1082/1098/58 1083/1099/59 1145/1163/58
f 1083/1099/59 1146/1164/59 1145/1163/58
f 1083/1099/59 1084/1100/60 1147/1165/60
f 1083/1099/59 1147/1165/60 1146/1164/59
f 1084/1100/60 1085/1101/61 1147/1165/60
f 1085/1101/61 1148/1166/61 1147/1165/60
f 1085/1101/61 1086/1102/62 1149/1167/62
f 1085/1101/61 1149/1167/62 1148/1166/61
f 1086/1102/62 1087/1103/63 1149/1167/62
f 1087/1103/63 1150/1168/63 1149/1167/62
f 1087/1103/63 1088/1104/64 1151/1169/64
f 1087/1103/63 1151/1169/64 1150/1168/63
f 1088/1104/64 1025/1105/1 1151/1169/64
f 1025/1105/1 1152/1170/1 1151/1169/64
f 1152/1107/1 1089/1106/2 1216/1171/1
f 1089/1106/2 1153/1172/2 1216/1171/1
f 1089/1106/2 1090/1108/3 1154/1173/3
f 1089/1106/2 1154/1173/3 1153/1172/2
f 1090/1108/3 1091/1109/4 1154/1173/3
f 1091/1109/4 1155/1174/4 1154/1173/3
f 1091/1109/4 1092/1110/5 1156/1175/5
f 1091/1109/4 1156/1175/5 1155/1174/4
f 1092/1110/5 1093/1111/6 1156/1175/5
f 1093/1111/6 1157/1176/6 1156/1175/5
f 1093/1111/6 1094/1112/7 1158/1177/7
f 1093/1111/6 1158/1177/7 1157/1176/6
f 1094/1112/7 1095/1113/8 1158/1177/7
f 1095/1113/8 1159/1178/8 1158/1177/7
f 1095/1113/8 1096/1114/9 1160/1179/9
f 1095/1113/8 1160/1179/9 1159/1178/8
f 1096/1114/9 1097/1115/10 1160/1179/9
f 1097/1115/10 1161/1180/10 1160/1179/9
f 1097/1115/10 1098/1116/11 1162/1181/11
f 1097/1115/10 1162/1181/11 1161/1180/10
f 1098/1116/11 1099/1117/12 1162/1181/11
f 1099/1117/12 1163/1182/12 1162/1181/11
f 1099/1117/12 1100/1118/13 1164/1183/13
f 1099/1117/12 1164/1183/13 1163/1182/12
f 1100/1118/13 1101/1119/14 1164/1183/13
f 1101/1119/14 1165/1184/14 1164/1183/13
f 1101/1119/14 1102/1120/15 1166/1185/15
f 1101/1119/14 1166/1185/15 1165/1184/14
f 1102/1120/15 1103/1121/16 1166/1185/15
f 1103/1121/16 1167/1186/16 1166/1185/15
f 1103/1121/16 1104/1122/17 1168/1187/17
f 1103/1121/16 1168/1187/17 1167/1186/16
f 1104/1122/17 1105/1123/18 1168/1187/17
f 1105/1123/18 1169/1188/18 1168/1187/17
f 1105/1123/18 1106/1124/19 1170/1189/19
f 1105/1123/18 1170/1189/19 1169/1188/18
f 1106/1124/19 1107/1125/20 1170/1189/19
f 1107/1125/20 1171/1190/20 1170/1189/19
f 1107/1125/20 1108/1126/21 1172/1191/21
f 1107/1125/20 1172/1191/21 1171/1190/20
f 1108/1126/21 1109/1127/22 1172/1191/21
f 1109/1127/22 1173/1192/22 1172/1191/21
f 1109/1127/22 1110/1128/23 1174/1193/23
f 1109/1127/22 1174/1193/23 1173/1192/22
f 1110/1128/23 1111/1129/24 1174/1193/23
f 1111/1129/24 1175/1194/24 1174/1193/23
f 1111/1129/24 1112/1130/25 1176/1195/25
f 1111/1129/24 1176/1195/25 1175/1194/24
f 1112/1130/25 1113/1131/26 1176/1195/25
f 1113/1131/26 1177/1196/26 1176/1195/25
f 1113/1131/26 1114/1132/27 1178/1197/27
f 1113/1131/26 1178/1197/27 1177/1196/26
f 1114/1132/27 1115/1133/28 1178/1197/27
f 1115/1133/28 1179/1198/28 1178/1197/27
f 1115/1133/28 1116/1134/29 1180/1199/29
f 1115/1133/28 1180/1199/29 1179/1198/28
f 1116/1134/29 1117/1135/30 1180/1199/29
f 1117/1135/30 1181/1200/30 1180/1199/29
f 1117/1135/30 1118/1136/31 1182/1201/31
f 1117/1135/30 1182/1201/31 1181/1200/30
f 1118/1136/31 1119/1137/32 1182/1201/31
f 1119/1137/32 1183/1202/32 1182/1201/31
f 1119/1137/32 1120/1138/33 1184/1203/33
f 1119/1137/32 1184/1203/33 1183/1202/32
f 1120/1138/33 1121/1139/34 1184/1203/33
f 1121/1139/34 1185/1204/34 1184/1203/33
f 1121/1139/34 1122/1140/35 1186/1205/35
f 1121/1139/34 1186/1205/35 1185/1204/34
f 1122/1140/35 1123/1141/36 1186/1205/35
f 1123/1141/36 1187/1206/36 1186/1205/35
f 1123/1141/36 1124/1142/37 1188/1207/37
f 1123/1141/36 1188/1207/37 1187/1206/36
f 1124/1142/37 1125/1143/38 1188/1207/37
f 1125/1143/38 1189/1208/38 1188/1207/37
f 1125/1143/38 1126/1144/39 1190/1209/39
f 1125/1143/38 1190/1209/39 1189/1208/38
f 1126/1144/39 1127/1145/40 1190/1209/39
f 1127/1145/40 1191/1210/40 1190/1209/39
f 1127/1145/40 1128/1146/41 1192/1211/41
f 1127/1145/40 1192/1211/41 1191/1210/40
f 1128/1146/41 1129/1147/42 1192/1211/41
f 1129/1147/42 1193/1212/42 1192/1211/41
f 1129/1147/42 1130/1148/43 1194/1213/43
f 1129/1147/42 1194/1213/43 1193/1212/42
f 1130/1148/43 1131/1149/44 1194/1213/43
f 1131/1149/44 1195/1214/44 1194/1213/43
f 1131/1149/44 1132/1150/45 1196/1215/45
f 1131/1149/44 1196/1215/45 1195/1214/44
f 1132/1150/45 1133/1151/46 1196/1215/45
f 1133/1151/46 1197/1216/46 1196/1215/45
f 1133/1151/46 1134/1152/47 1198/1217/47
f 1133/1151/46 1198/1217/47 1197/1216/46
f 1134/1152/47 1135/1153/48 1198/1217/47
f 1135/1153/48 1199/1218/48 1198/1217/47
f 1135/1153/48 1136/1154/49 1200/1219/49
f 1135/1153/48 1200/1219/49 1199/1218/48
f 1136/1154/49 1137/1155/50 1200/1219/49
f 1137/1155/50 1201/1220/50 1200/1219/49
f 1137/1155/50 1138/1156/51 1202/1221/51
f 1137/1155/50 1202/1221/51 1201/1220/50
f 1138/1156/51 1139/1157/52 1202/1221/51
f 1139/1157/52 1203/1222/52 1202/1221/51
f 1139/1157/52 1140/1158/53 1204/1223/53
f 1139/1157/52 1204/1223/53 1203/1222/52
f 1140/1158/53 1141/1159/54 1204/1223/53
f 1141/1159/54 1205/1224/54 1204/1223/53
f 1141/1159/54 1142/1160/55 1206/1225/55
f 1141/1159/54 1206/1225/55 1205/1224/54
f 1142/1160/55 1143/1161/56 1206/1225/55
f 1143/1161/56 1207/1226/56 1206/1225/55
f 1143/1161/56 1144/1162/57 1208/1227/57
f 1143/1161/56 1208/1227/57 1207/1226/56
f 1144/1162/57 1145/1163/58 1208/1227/57
f 1145/1163/58 1209/1228/58 1208/1227/57
f 1145/1163/58 1146/1164/59 1210/1229/59
f 1145/1163/58 1210/1229/59 1209/1228/58
f 1146/1164/59 1147/1165/60 1210/1229/59
f 1147/1165/60 1211/1230/60 1210/1229/59
f 1147/1165/60 1148/1166/61 1212/1231/61
f 1147/1165/60 1212/1231/61 1211/1230/60
f 1148/1166/61 1149/1167/62 1212/1231/61
f 1149/1167/62 1213/1232/62 1212/1231/61
f 1149/1167/62 1150/1168/63 1214/1233/63
f 1149/1167/62 1214/1233/63 1213/1232/62
f 1150/1168/63 1151/1169/64 1214/1233/63
f 1151/1169/64 1215/1234/64 1214/1233/63
f 1151/1169/64 1152/1170/1 1216/1235/1
f 1151/1169/64 1216/1235/1 1215/1234/64
f 1216/1171/1 1153/1172/2 1217/1236/2
f 1216/1171/1 1217/1236/2 1280/1237/1
f 1153/1172/2 1154/1173/3 1217/1236/2
f 1154/1173/3 1218/1238/3 1217/1236/2
f 1154/1173/3 1155/1174/4 1219/1239/4
f 1154/1173/3 1219/1239/4 1218/1238/3
f 1155/1174/4 1156/1175/5 1219/1239/4
f 1156/1175/5 1220/1240/5 1219/1239/4
f 1156/1175/5 1157/1176/6 1221/1241/6
f 1156/1175/5 1221/1241/6 1220/1240/5
f 1157/1176/6 1158/1177/7 1221/1241/6
f 1158/1177/7 1222/1242/7 1221/1241/6
f 1158/1177/7 1159/1178/8 1223/1243/8
f 1158/1177/7 1223/1243/8 1222/1242/7
f 1159/1178/8 1160/1179/9 1223/1243/8
f 1160/1179/9 1224/1244/9 1223/1243/8
f 1160/1179/9 1161/1180/10 1225/1245/10
f 1160/1179/9 1225/1245/10 1224/1244/9
f 1161/1180/10 1162/1181/11 1225/1245/10
f 1162/1181/11 1226/1246/11 1225/1245/10
f 1162/1181/11 1163/1182/12 1227/1247/12
f 1162/1181/11 1227/1247/12 1226/1246/11
f 1163/1182/12 1164/1183/13 1227/1247/12
f 1164/1183/13 1228/1248/13 1227/1247/12
f 1164/1183/13 1165/1184/14 1229/1249/14
f 1164/1183/13 1229/1249/14 1228/1248/13
f 1165/1184/14 1166/1185/15 1229/1249/14
f 1166/1185/15 1230/1250/15 1229/1249/14
f 1166/1185/15 1167/1186/16 1231/1251/16
f 1166/1185/15 1231/1251/16 1230/1250/15
f 1167/1186/16 1168/1187/17 1231/1251/16
f 1168/1187/17 1232/1252/17 1231/1251/16
f 1168/1187/17 1169/1188/18 1233/1253/18
f 1168/1187/17 1233/1253/18 1232/1252/17
f 1169/1188/18 1170/1189/19 1233/1253/18
f 1170/1189/19 1234/1254/19 1233/1253/18
f 1170/1189/19 1171/1190/20 1235/1255/20
f 1170/1189/19 1235/1255/20 1234/1254/19
f 1171/1190/20 1172/1191/21 1235/1255/20
f 1172/1191/21 1236/1256/21 1235/1255/20
f 1172/1191/21 1173/1192/22 1237/1257/22
f 1172/1191/21 1237/1257/22 1236/1256/21
f 1173/1192/22 1174/1193/23 1237/1257/22
f 1174/1193/23 1238/1258/23 1237/1257/22
f 1174/1193/23 1175/1194/24 1239/1259/24
f 1174/1193/23 1239/1259/24 1238/1258/23
f 1175/1194/24 1176/1195/25 1239/1259/24
f 1176/1195/25 1240/1260/25 1239/1259/24
f 1176/1195/25 1177/1196/26 1241/1261/26
f 1176/1195/25 1241/1261/26 1240/1260/25
f 1177/1196/26 1178/1197/27 1241/1261/26
f 1178/1197/27 1242/1262/27 1241/1261/26
f 1178/1197/27 1179/1198/28 1243/1263/28
f 1178/1197/27 1243/1263/28 1242/1262/27
f 1179/1198/28 1180/1199/29 1243/1263/28
f 1180/1199/29 1244/1264/29 1243/1263/28
f 1180/1199/29 1181/1200/30 1245/1265/30
f 1180/1199/29 1245/1265/30 1244/1264/29
f 1181/1200/30 1182/1201/31 1245/1265/30
f 1182/1201/31 1246/1266/31 1245/1265/30
f 1182/1201/31 1183/1202/32 1247/1267/32
f 1182/1201/31 1247/1267/32 1246/1266/31
f 1183/1202/32 1184/1203/33 1247/1267/32
f 1184/1203/33 1248/1268/33 1247/1267/32
f 1184/1203/33 1185/1204/34 1249/1269/34
f 1184/1203/33 1249/1269/34 1248/1268/33
f 1185/1204/34 1186/1205/35 1249/1269/34
f 1186/1205/35 1250/1270/35 1249/1269/34
f 1186/1205/35 1187/1206/36 1251/1271/36
f 1186/1205/35 1251/1271/36 1250/1270/35
f 1187/1206/36 1188/1207/37 1251/1271/36
f 1188/1207/37 1252/1272/37 1251/1271/36
f 1188/1207/37 1189/1208/38 1253/1273/38
f 1188/1207/37 1253/1273/38 1252/1272/37
f 1189/1208/38 1190/1209/39 1253/1273/38
f 1190/1209/39 1254/1274/39 1253/1273/38
f 1190/1209/39 1191/1210/40 1255/1275/40
f 1190/1209/39 1255/1275/40 1254/1274/39
f 1191/1210/40 1192/1211/41 1255/1275/40
f 1192/1211/41 1256/1276/41 1255/1275/40
f 1192/1211/41 1193/1212/42 1257/1277/42
f 1192/1211/41 1257/1277/42 1256/1276/41
f 1193/1212/42 1194/1213/43 1257/1277/42
f 1194/1213/43 1258/1278/43 1257/1277/42
f 1194/1213/43 1195/1214/44 1259/1279/44
f 1194/1213/43 1259/1279/44 1258/1278/43
f 1195/1214/44 1196/1215/45 1259/1279/44
f 1196/1215/45 1260/1280/45 1259/1279/44
f 1196/1215/45 1197/1216/46 1261/1281/46
f 1196/1215/45 1261/1281/46 1260/1280/45
f 1197/1216/46 1198/1217/47 1261/1281/46
f 1198/1217/47 1262/1282/47 1261/1281/46
f 1198/1217/47 1199/1218/48 1263/1283/48
f 1198/1217/47 1263/1283/48 1262/1282/47
f 1199/1218/48 1200/1219/49 1263/1283/48
f 1200/1219/49 1264/1284/49 1263/1283/48
f 1200/1219/49 1201/1220/50 1265/1285/50
f 1200/1219/49 1265/1285/50 1264/1284/49
f 1201/1220/50 1202/1221/51 1265/1285/50
f 1202/1221/51 1266/1286/51 1265/1285/50
f 1202/1221/51 1203/1222/52 1267/1287/52
f 1202/1221/51 1267/1287/52 1266/1286/51
f 1203/1222/52 1204/1223/53 1267/1287/52
f 1204/1223/53 1268/1288/53 1267/1287/52
f 1204/1223/53 1205/1224/54 1269/1289/54
f 1204/1223/53 1269/1289/54 1268/1288/53
f 1205/1224/54 1206/1225/55 1269/1289/54
f 1206/1225/55 1270/1290/55 1269/1289/54
f 1206/1225/55 1207/1226/56 1271/1291/56
f 1206/1225/55 1271/1291/56 1270/1290/55
f 1207/1226/56 1208/1227/57 1271/1291/56
f 1208/1227/57 1272/1292/57 1271/1291/56
f 1208/1227/57 1209/1228/58 1273/1293/58
f 1208/1227/57 1273/1293/58 1272/1292/57
f 1209/1228/58 1210/1229/59 1273/1293/58
f 1210/1229/59 1274/1294/59 1273/1293/58
f 1210/1229/59 1211/1230/60 1275/1295/60
f 1210/1229/59 1275/1295/60 1274/1294/59
f 1211/1230/60 1212/1231/61 1275/1295/60
f 1212/1231/61 1276/1296/61 1275/1295/60
f 1212/1231/61 1213/1232/62 1277/1297/62
f 1212/1231/61 1277/1297/62 1276/1296/61
f 1213/1232/62 1214/1233/63 1277/1297/62
f 1214/1233/63 1278/1298/63 1277/1297/62
f 1214/1233/63 1215/1234/64 1279/1299/64
f 1214/1233/63 1279/1299/64 1278/1298/63
f 1215/1234/64 1216/1235/1 1279/1299/64
f 1216/1235/1 1280/1300/1 1279/1299/64
f 1280/1237/1 1217/1236/2 1344/1301/1
f 1217/1236/2 1281/1302/2 1344/1301/1
f 1217/1236/2 1218/1238/3 1282/1303/3
f 1217/1236/2 1282/1303/3 1281/1302/2
f 1218/1238/3 1219/1239/4 1282/1303/3
f 1219/1239/4 1283/1304/4 1282/1303/3
f 1219/1239/4 1220/1240/5 1284/1305/5
f 1219/1239/4 1284/1305/5 1283/1304/4
f 1220/1240/5 1221/1241/6 1284/1305/5
f 1221/1241/6 1285/1306/6 1284/1305/5
f 1221/1241/6 1222/1242/7 1286/1307/7
f 1221/1241/6 1286/1307/7 1285/1306/6
f 1222/1242/7 1223/1243/8 1286/1307/7
f 1223/1243/8 1287/1308/8 1286/1307/7
f 1223/1243/8 1224/1244/9 1288/1309/9
f 1223/1243/8 1288/1309/9 1287/1308/8
f 1224/1244/9 1225/1245/10 1288/1309/9
f 1225/1245/10 1289/1310/10 1288/1309/9
f 1225/1245/10 1226/1246/11 1290/1311/11
f 1225/1245/10 1290/1311/11 1289/1310/10
f 1226/1246/11 1227/1247/12 1290/1311/11
f 1227/1247/12 1291/1312/12 1290/1311/11
f 1227/1247/12 1228/1248/13 1292/1313/13
f 1227/1247/12 1292/1313/13 1291/1312/12
f 1228/1248/13 1229/1249/14 1292/1313/13
f 1229/1249/14 1293/1314/14 1292/1313/13
f 1229/1249/14 1230/1250/15 1294/1315/15
f 1229/1249/14 1294/1315/15 1293/1314/14
f 1230/1250/15 1231/1251/16 1294/1315/15
f 1231/1251/16 1295/1316/16 1294/1315/15
f 1231/1251/16 1232/1252/17 1296/1317/17
f 1231/1251/16 1296/1317/17 1295/1316/16
f 1232/1252/17 1233/1253/18 1296/1317/17
f 1233/1253/18 1297/1318/18 1296/1317/17
f 1233/1253/18 1234/1254/19 1298/1319/19
f 1233/1253/18 1298/1319/19 1297/1318/18
f 1234/1254/19 1235/1255/20 1298/1319/19
f 1235/1255/20 1299/1320/20 1298/1319/19
f 1235/1255/20 1236/1256/21 1300/1321/21
f 1235/1255/20 1300/1321/21 1299/1320/20
f 1236/1256/21 1237/1257/22 1300/1321/21
f 1237/1257/22 1301/1322/22 1300/1321/21
f 1237/1257/22 1238/1258/23 1302/1323/23
f 1237/1257/22 1302/1323/23 1301/1322/22
f 1238/1258/23 1239/1259/24 1302/1323/23
f 1239/1259/24 1303/1324/24 1302/1323/23
f 1239/1259/24 1240/1260/25 1304/1325/25
f 1239/1259/24 1304/1325/25 1303/1324/24
f 1240/1260/25 1241/1261/26 1304/1325/25
f 1241/1261/26 1305/1326/26 1304/1325/25
f 1241/1261/26 1242/1262/27 1306/1327/27
f 1241/1261/26 1306/1327/27 1305/1326/26
f 1242/1262/27 1243/1263/28 1306/1327/27
f 1243/1263/28 1307/1328/28 1306/1327/27
f 1243/1263/28 1244/1264/29 1308/1329/29
f 1243/1263/28 1308/1329/29 1307/1328/28
f 1244/1264/29 1245/1265/30 1308/1329/29
f 1245/1265/30 1309/1330/30 1308/1329/29
f 1245/1265/30 1246/1266/31 1310/1331/31
f 1245/1265/30 1310/1331/31 1309/1330/30
f 1246/1266/31 1247/1267/32 1310/1331/31
f 1247/1267/32 1311/1332/32 1310/1331/31
f 1247/1267/32 1248/1268/33 1312/1333/33
f 1247/1267/32 1312/1333/33 1311/1332/32
f 1248/1268/33 1249/1269/34 1312/1333/33
f 1249/1269/34 1313/1334/34 1312/1333/33
f 1249/1269/34 1250/1270/35 1314/1335/35
f 1249/1269/34 1314/1335/35 1313/1334/34
f 1250/1270/35 1251/1271/36 1314/1335/35
f 1251/1271/36 1315/1336/36 1314/1335/35
f 1251/1271/36 1252/1272/37 1316/1337/37
f 1251/1271/36 1316/1337/37 1315/1336/36
f 1252/1272/37 1253/1273/38 1316/1337/37
f 1253/1273/38 1317/1338/38 1316/1337/37
f 1253/1273/38 1254/1274/39 1318/1339/39
f 1253/1273/38 1318/1339/39 1317/1338/38
f 1254/1274/39 1255/1275/40 1318/1339/39
f 1255/1275/40 1319/1340/40 1318/1339/39
f 1255/1275/40 1256/1276/41 1320/1341/41
f 1255/1275/40 1320/1341/41 1319/1340/40
f 1256/1276/41 1257/1277/42 1320/1341/41
f 1257/1277/42 1321/1342/42 1320/1341/41
f 1257/1277/42 1258/1278/43 1322/1343/43
f 1257/1277/42 1322/1343/43 1321/1342/42
f 1258/1278/43 1259/1279/44 1322/1343/43
f 1259/1279/44 1323/1344/44 1322/1343/43
f 1259/1279/44 1260/1280/45 1324/1345/45
f 1259/1279/44 1324/1345/45 1323/1344/44
f 1260/1280/45 1261/1281/46 1324/1345/45
f 1261/1281/46 1325/1346/46 1324/1345/45
f 1261/1281/46 1262/1282/47 1326/1347/47
f 1261/1281/46 1326/1347/47 1325/1346/46
f 1262/1282/47 1263/1283/48 1326/1347/47
f 1263/1283/48 1327/1348/48 1326/1347/47
f 1263/1283/48 1264/1284/49 1328/1349/49
f 1263/1283/48 1328/1349/49 1327/1348/48
f 1264/1284/49 1265/1285/50 1328/1349/49
f 1265/1285/50 1329/1350/50 1328/1349/49
f 1265/1285/50 1266/1286/51 1330/1351/51
f 1265/1285/50 1330/1351/51 1329/1350/50
f 1266/1286/51 1267/1287/52 1330/1351/51
f 1267/1287/52 1331/1352/52 1330/1351/51
f 1267/1287/52 1268/1288/53 1332/1353/53
f 1267/1287/52 1332/1353/53 1331/1352/52
f 1268/1288/53 1269/1289/54 1332/1353/53
f 1269/1289/54 1333/1354/54 1332/1353/53
f 1269/1289/54 1270/1290/55 1334/1355/55
f 1269/1289/54 1334/1355/55 1333/1354/54
f 1270/1290/55 1271/1291/56 1334/1355/55
f 1271/1291/56 1335/1356/56 1334/1355/55
f 1271/1291/56 1272/1292/57 1336/1357/57
f 1271/1291/56 1336/1357/57 1335/1356/56
f 1272/1292/57 1273/1293/58 1336/1357/57
f 1273/1293/58 1337/1358/58 1336/1357/57
f 1273/1293/58 1274/1294/59 1338/1359/59
f 1273/1293/58 1338/1359/59 1337/1358/58
f 1274/1294/59 1275/1295/60 1338/1359/59
f 1275/1295/60 1339/1360/60 1338/1359/59
f 1275/1295/60 1276/1296/61 1340/1361/61
f 1275/1295/60 1340/1361/61 1339/1360/60
f 1276/1296/61 1277/1297/62 1340/1361/61
f 1277/1297/62 1341/1362/62 1340/1361/61
f 1277/1297/62 1278/1298/63 1342/1363/63
f 1277/1297/62 1342/1363/63 1341/1362/62
f 1278/1298/63 1279/1299/64 1342/1363/63
f 1279/1299/64 1343/1364/64 1342/1363/63
f 1279/1299/64 1280/1300/1 1344/1365/1
f 1279/1299/64 1344/1365/1 1343/1364/64
f 1344/1301/1 1281/1302/2 1345/1366/2
f 1344/1301/1 1345/1366/2 1408/1367/1
f 1281/1302/2 1282/1303/3 1345/1366/2
f 1282/1303/3 1346/1368/3 1345/1366/2
f 1282/1303/3 1283/1304/4 1347/1369/4
f 1282/1303/3 1347/1369/4 1346/1368/3
f 1283/1304/4 1284/1305/5 1347/1369/4
f 1284/1305/5 1348/1370/5 1347/1369/4
f 1284/1305/5 1285/1306/6 1349/1371/6
f 1284/1305/5 1349/1371/6 1348/1370/5
f 1285/1306/6 1286/1307/7 1349/1371/6
f 1286/1307/7 1350/1372/7 1349/1371/6
f 1286/1307/7 1287/1308/8 1351/1373/8
f 1286/1307/7 1351/1373/8 1350/1372/7
f 1287/1308/8 1288/1309/9 1351/1373/8
f 1288/1309/9 1352/1374/9 1351/1373/8
f 1288/1309/9 1289/1310/10 1353/1375/10
f 1288/1309/9 1353/1375/10 1352/1374/9
f 1289/1310/10 1290/1311/11 1353/1375/10
f 1290/1311/11 1354/1376/11 1353/1375/10
f 1290/1311/11 1291/1312/12 1355/1377/12
f 1290/1311/11 1355/1377/12 1354/1376/11
f 1291/1312/12 1292/1313/13 1355/1377/12
f 1292/1313/13 1356/1378/13 1355/1377/12
f 1292/1313/13 1293/1314/14 1357/1379/14
f 1292/1313/13 1357/1379/14 1356/1378/13
f 1293/1314/14 1294/1315/15 1357/1379/14
f 1294/1315/15 1358/1380/15 1357/1379/14
f 1294/1315/15 1295/1316/16 1359/1381/16
f 1294/1315/15 1359/1381/16 1358/1380/15
f 1295/1316/16 1296/1317/17 1359/1381/16
f 1296/1317/17 1360/1382/17 1359/1381/16
f 1296/1317/17 1297/1318/18 1361/1383/18
f 1296/1317/17 1361/1383/18 1360/1382/17
f 1297/1318/18 1298/1319/19 1361/1383/18
f 1298/1319/19 1362/1384/19 1361/1383/18
f 1298/1319/19 1299/1320/20 1363/1385/20
f 1298/1319/19 1363/1385/20 1362/1384/19
f 1299/1320/20 1300/1321/21 1363/1385/20
f 1300/1321/21 1364/1386/21 1363/1385/20
f 1300/1321/21 1301/1322/22 1365/1387/22
f 1300/1321/21 1365/1387/22 1364/1386/21
f 1301/1322/22 1302/1323/23 1365/1387/22
f 1302/1323/23 1366/1388/23 1365/1387/22
f 1302/1323/23 1303/1324/24 1367/1389/24
f 1302/1323/23 1367/1389/24 1366/1388/23
f 1303/1324/24 1304/1325/25 1367/1389/24
f 1304/1325/25 1368/1390/25 1367/1389/24
f 1304/1325/25 1305/1326/26 1369/1391/26
f 1304/1325/25 1369/1391/26 1368/1390/25
f 1305/1326/26 1306/1327/27 1369/1391/26
f 1306/1327/27 1370/1392/27 1369/1391/26
f 1306/1327/27 1307/1328/28 1371/1393/28
f 1306/1327/27 1371/1393/28 1370/1392/27
f 1307/1328/28 1308/1329/29 1371/1393/28
f 1308/1329/29 1372/1394/29 1371/1393/28
f 1308/1329/29 1309/1330/30 1373/1395/30
f 1308/1329/29 1373/1395/30 1372/1394/29
f 1309/1330/30 1310/1331/31 1373/1395/30
f 1310/1331/31 1374/1396/31 1373/1395/30
f 1310/1331/31 1311/1332/32 1375/1397/32
f 1310/1331/31 1375/1397/32 1374/1396/31
f 1311/1332/32 1312/1333/33 1375/1397/32
f 1312/1333/33 1376/1398/33 1375/1397/32
f 1312/1333/33 1313/1334/34 1377/1399/34
f 1312/1333/33 1377/1399/34 1376/1398/33
f 1313/1334/34 1314/1335/35 1377/1399/34
f 1314/1335/35 1378/1400/35 1377/1399/34
f 1314/1335/35 1315/1336/36 1379/1401/36
f 1314/1335/35 1379/1401/36 1378/1400/35
f 1315/1336/36 1316/1337/37 1379/1401/36
f 1316/1337/37 1380/1402/37 1379/1401/36
f 1316/1337/37 1317/1338/38 1381/1403/38
f 1316/1337/37 1381/1403/38 1380/1402/37
f 1317/1338/38 1318/1339/39 1381/1403/38
f 1318/1339/39 1382/1404/39 1381/1403/38
f 1318/1339/39 1319/1340/40 1383/1405/40
f 1318/1339/39 1383/1405/40 1382/1404/39
f 1319/1340/40 1320/1341/41 1383/1405/40
f 1320/1341/41 1384/1406/41 1383/1405/40
f 1320/1341/41 1321/1342/42 1385/1407/42
f 1320/1341/41 1385/1407/42 1384/1406/41
f 1321/1342/42 1322/1343/43 1385/1407/42
f 1322/1343/43 1386/1408/43 1385/1407/42
f 1322/1343/43 1323/1344/44 1387/1409/44
f 1322/1343/43 1387/1409/44 1386/1408/43
f 1323/1344/44 1324/1345/45 1387/1409/44
f 1324/1345/45 1388/1410/45 1387/1409/44
f 1324/1345/45 1325/1346/46 1389/1411/46
f 1324/1345/45 1389/1411/46 1388/1410/45
f 1325/1346/46 1326/1347/47 1389/1411/46
f 1326/1347/47 1390/1412/47 1389/1411/46
f 1326/1347/47 1327/1348/48 1391/1413/48
f 1326/1347/47 1391/1413/48 1390/1412/47
f 1327/1348/48 1328/1349/49 1391/1413/48
f 1328/1349/49 1392/1414/49 1391/1413/48
f 1328/1349/49 1329/1350/50 1393/1415/50
f 1328/1349/49 1393/1415/50 1392/1414/49
f 1329/1350/50 1330/1351/51 1393/1415/50
f 1330/1351/51 1394/1416/51 1393/1415/50
f 1330/1351/51 1331/1352/52 1395/1417/52
f 1330/1351/51 1395/1417/52 1394/1416/51
f 1331/1352/52 1332/1353/53 1395/1417/52
f 1332/1353/53 1396/1418/53 1395/1417/52
f 1332/1353/53 1333/1354/54 1397/1419/54
f 1332/1353/53 1397/1419/54 1396/1418/53
f 1333/1354/54 1334/1355/55 1397/1419/54
f 1334/1355/55 1398/1420/55 1397/1419/54
f 1334/1355/55 1335/1356/56 1399/1421/56
f 1334/1355/55 1399/1421/56 1398/1420/55
f 1335/1356/56 1336/1357/57 1399/1421/56
f 1336/1357/57 1400/1422/57 1399/1421/56
f 1336/1357/57 1337/1358/58 1401/1423/58
f 1336/1357/57 1401/1423/58 1400/1422/57
f 1337/1358/58 1338/1359/59 1401/1423/58
f 1338/1359/59 1402/1424/59 1401/1423/58
f 1338/1359/59 1339/1360/60 1403/1425/60
f 1338/1359/59 1403/1425/60 1402/1424/59
f 1339/1360/60 1340/1361/61 1403/1425/60
f 1340/1361/61 1404/1426/61 1403/1425/60
f 1340/1361/61 1341/1362/62 1405/1427/62
f 1340/1361/61 1405/1427/62 1404/1426/61
f 1341/1362/62 1342/1363/63 1405/1427/62
f 1342/1363/63 1406/1428/63 1405/1427/62
f 1342/1363/63 1343/1364/64 1407/1429/64
f 1342/1363/63 1407/1429/64 1406/1428/63
f 1343/1364/64 1344/1365/1 1407/1429/64
f 1344/1365/1 1408/1430/1 1407/1429/64
f 1408/1367/1 1345/1366/2 1409/1431/1
f 1345/1366/2 1410/1432/2 1409/1431/1
f 1345/1366/2 1346/1368/3 1411/1433/3
f 1345/1366/2 1411/1433/3 1410/1432/2
f 1346/1368/3 1347/1369/4 1411/1433/3
f 1347/1369/4 1412/1434/4 1411/1433/3
f 1347/1369/4 1348/1370/5 1413/1435/5
f 1347/1369/4 1413/1435/5 1412/1434/4
f 1348/1370/5 1349/1371/6 1413/1435/5
f 1349/1371/6 1414/1436/6 1413/1435/5
f 1349/1371/6 1350/1372/7 1415/1437/7
f 1349/1371/6 1415/1437/7 1414/1436/6
f 1350/1372/7 1351/1373/8 1415/1437/7
f 1351/1373/8 1416/1438/8 1415/1437/7
f 1351/1373/8 1352/1374/9 1417/1439/9
f 1351/1373/8 1417/1439/9 1416/1438/8
f 1352/1374/9 1353/1375/10 1417/1439/9
f 1353/1375/10 1418/1440/10 1417/1439/9
f 1353/1375/10 1354/1376/11 1419/1441/11
f 1353/1375/10 1419/1441/11 1418/1440/10
f 1354/1376/11 1355/1377/12 1419/1441/11
f 1355/1377/12 1420/1442/12 1419/1441/11
f 1355/1377/12 1356/1378/13 1421/1443/13
f 1355/1377/12 1421/1443/13 1420/1442/12
f 1356/1378/13 1357/1379/14 1421/1443/13
f 1357/1379/14 1422/1444/14 1421/1443/13
f 1357/1379/14 1358/1380/15 1423/1445/15
f 1357/1379/14 1423/1445/15 1422/1444/14
f 1358/1380/15 1359/1381/16 1423/1445/15
f 1359/1381/16 1424/1446/16 1423/1445/15
f 1359/1381/16 1360/1382/17 1425/1447/17
f 1359/1381/16 1425/1447/17 1424/1446/16
f 1360/1382/17 1361/1383/18 1425/1447/17
f 1361/1383/18 1426/1448/18 1425/1447/17
f 1361/1383/18 1362/1384/19 1427/1449/19
f 1361/1383/18 1427/1449/19 1426/1448/18
f 1362/1384/19 1363/1385/20 1427/1449/19
f 1363/1385/20 1428/1450/20 1427/1449/19
f 1363/1385/20 1364/1386/21 1429/1451/21
f 1363/1385/20 1429/1451/21 1428/1450/20
f 1364/1386/21 1365/1387/22 1429/1451/21
f 1365/1387/22 1430/1452/22 1429/1451/21
f 1365/1387/22 1366/1388/23 1431/1453/23
f 1365/1387/22 1431/1453/23 1430/1452/22
f 1366/1388/23 1367/1389/24 1431/1453/23
f 1367/1389/24 1432/1454/24 1431/1453/23
f 1367/1389/24 1368/1390/25 1433/1455/25
f 1367/1389/24 1433/1455/25 1432/1454/24
f 1368/1390/25 1369/1391/26 1433/1455/25
f 1369/1391/26 1434/1456/26 1433/1455/25
f 1369/1391/26 1370/1392/27 1435/1457/27
f 1369/1391/26 1435/1457/27 1434/1456/26
f 1370/1392/27 1371/1393/28 1435/1457/27
f 1371/1393/28 1436/1458/28 1435/1457/27
f 1371/1393/28 1372/1394/29 1437/1459/29
f 1371/1393/28 1437/1459/29 1436/1458/28
f 1372/1394/29 1373/1395/30 1437/1459/29
f 1373/1395/30 1438/1460/30 1437/1459/29
f 1373/1395/30 1374/1396/31 1439/1461/31
f 1373/1395/30 1439/1461/31 1438/1460/30
f 1374/1396/31 1375/1397/32 1439/1461/31
f 1375/1397/32 1440/1462/32 1439/1461/31
f 1375/1397/32 1376/1398/33 1441/1463/33
f 1375/1397/32 1441/1463/33 1440/1462/32
f 1376/1398/33 1377/1399/34 1441/1463/33
f 1377/1399/34 1442/1464/34 1441/1463/33
f 1377/1399/34 1378/1400/35 1443/1465/35
f 1377/1399/34 1443/1465/35 1442/1464/34
f 1378/1400/35 1379/1401/36 1443/1465/35
f 1379/1401/36 1444/1466/36 1443/1465/35
f 1379/1401/36 1380/1402/37 1445/1467/37
f 1379/1401/36 1445/1467/37 1444/1466/36
f 1380/1402/37 1381/1403/38 1445/1467/37
f 1381/1403/38 1446/1468/38 1445/1467/37
f 1381/1403/38 1382/1404/39 1447/1469/39
f 1381/1403/38 1447/1469/39 1446/1468/38
f 1382/1404/39 1383/1405/40 1447/1469/39
f 1383/1405/40 1448/1470/40 1447/1469/39
f 1383/1405/40 1384/1406/41 1449/1471/41
f 1383/1405/40 1449/1471/41 1448/1470/40
f 1384/1406/41 1385/1407/42 1449/1471/41
f 1385/1407/42 1450/1472/42 1449/1471/41
f 1385/1407/42 1386/1408/43 1451/1473/43
f 1385/1407/42 1451/1473/43 1450/1472/42
f 1386/1408/43 1387/1409/44 1451/1473/43
f 1387/1409/44 1452/1474/44 1451/1473/43
f 1387/1409/44 1388/1410/45 1453/1475/45
f 1387/1409/44 1453/1475/45 1452/1474/44
f 1388/1410/45 1389/1411/46 1453/1475/45
f 1389/1411/46 1454/1476/46 1453/1475/45
f 1389/1411/46 1390/1412/47 1455/1477/47
f 1389/1411/46 1455/1477/47 1454/1476/46
f 1390/1412/47 1391/1413/48 1455/1477/47
f 1391/1413/48 1456/1478/48 1455/1477/47
f 1391/1413/48 1392/1414/49 1457/1479/49
f 1391/1413/48 1457/1479/49 1456/1478/48
f 1392/1414/49 1393/1415/50 1457/1479/49
f 1393/1415/50 1458/1480/50 1457/1479/49
f 1393/1415/50 1394/1416/51 1459/1481/51
f 1393/1415/50 1459/1481/51 1458/1480/50
f 1394/1416/51 1395/1417/52 1459/1481/51
f 1395/1417/52 1460/1482/52 1459/1481/51
f 1395/1417/52 1396/1418/53 1461/1483/53
f 1395/1417/52 1461/1483/53 1460/1482/52
f 1396/1418/53 1397/1419/54 1461/1483/53
f 1397/1419/54 1462/1484/54 1461/1483/53
f 1397/1419/54 1398/1420/55 1463/1485/55
f 1397/1419/54 1463/1485/55 1462/1484/54
f 1398/1420/55 1399/1421/56 1463/1485/55
f 1399/1421/56 1464/1486/56 1463/1485/55
f 1399/1421/56 1400/1422/57 1465/1487/57
f 1399/1421/56 1465/1487/57 1464/1486/56
f 1400/1422/57 1401/1423/58 1465/1487/57
f 1401/1423/58 1466/1488/58 1465/1487/57
f 1401/1423/58 1402/1424/59 1467/1489/59
f 1401/1423/58 1467/1489/59 1466/1488/58
f 1402/1424/59 1403/1425/60 1467/1489/59
f 1403/1425/60 1468/1490/60 1467/1489/59
f 1403/1425/60 1404/1426/61 1469/1491/61
f 1403/1425/60 1469/1491/61 1468/1490/60
f 1404/1426/61 1405/1427/62 1469/1491/61
f 1405/1427/62 1470/1492/62 1469/1491/61
f 1405/1427/62 1406/1428/63 1471/1493/63
f 1405/1427/62 1471/1493/63 1470/1492/62
f 1406/1428/63 1407/1429/64 1471/1493/63
f 1407/1429/64 1472/1494/64 1471/1493/63
f 1407/1429/64 1408/1430/1 1409/1495/1
f 1407/1429/64 1409/1495/1 1472/1494/64
f 1409/1431/1 1410/1432/2 1474/1496/2
f 1409/1431/1 1474/1496/2 1473/1497/1
f 1410/1432/2 1411/1433/3 1474/1496/2
f 1411/1433/3 1475/1498/3 1474/1496/2
f 1411/1433/3 1412/1434/4 1476/1499/4
f 1411/1433/3 1476/1499/4 1475/1498/3
f 1412/1434/4 1413/1435/5 1476/1499/4
f 1413/1435/5 1477/1500/5 1476/1499/4
f 1413/1435/5 1414/1436/6 1478/1501/6
f 1413/1435/5 1478/1501/6 1477/1500/5
f 1414/1436/6 1415/1437/7 1478/1501/6
f 1415/1437/7 1479/1502/7 1478/1501/6
f 1415/1437/7 1416/1438/8 1480/1503/8
f 1415/1437/7 1480/1503/8 1479/1502/7
f 1416/1438/8 1417/1439/9 1480/1503/8
f 1417/1439/9 1481/1504/9 1480/1503/8
f 1417/1439/9 1418/1440/10 1482/1505/10
f 1417/1439/9 1482/1505/10 1481/1504/9
f 1418/1440/10 1419/1441/11 1482/1505/10
f 1419/1441/11 1483/1506/11 1482/1505/10
f 1419/1441/11 1420/1442/12 1484/1507/12
f 1419/1441/11 1484/1507/12 1483/1506/11
f 1420/1442/12 1421/1443/13 1484/1507/12
f 1421/1443/13 1485/1508/13 1484/1507/12
f 1421/1443/13 1422/1444/14 1486/1509/14
f 1421/1443/13 1486/1509/14 1485/1508/13
f 1422/1444/14 1423/1445/15 1486/1509/14
f 1423/1445/15 1487/1510/15 1486/1509/14
f 1423/1445/15 1424/1446/16 1488/1511/16
f 1423/1445/15 1488/1511/16 1487/1510/15
f 1424/1446/16 1425/1447/17 1488/1511/16
f 1425/1447/17 1489/1512/17 1488/1511/16
f 1425/1447/17 1426/1448/18 1490/1513/18
f 1425/1447/17 1490/1513/18 1489/1512/17
f 1426/1448/18 1427/1449/19 1490/1513/18
f 1427/1449/19 1491/1514/19 1490/1513/18
f 1427/1449/19 1428/1450/20 1492/1515/20
f 1427/1449/19 1492/1515/20 1491/1514/19
f 1428/1450/20 1429/1451/21 1492/1515/20
f 1429/1451/21 1493/1516/21 1492/1515/20
f 1429/1451/21 1430/1452/22 1494/1517/22
f 1429/1451/21 1494/1517/22 1493/1516/21
f 1430/1452/22 1431/1453/23 1494/1517/22
f 1431/1453/23 1495/1518/23 1494/1517/22
f 1431/1453/23 1432/1454/24 1496/1519/24
f 1431/1453/23 1496/1519/24 1495/1518/23
f 1432/1454/24 1433/1455/25 1496/1519/24
f 1433/1455/25 1497/1520/25 1496/1519/24
f 1433/1455/25 1434/1456/26 1498/1521/26
f 1433/1455/25 1498/1521/26 1497/1520/25
f 1434/1456/26 1435/1457/27 1498/1521/26
f 1435/1457/27 1499/1522/27 1498/1521/26
f 1435/1457/27 1436/1458/28 1500/1523/28
f 1435/1457/27 1500/1523/28 1499/1522/27
f 1436/1458/28 1437/1459/29 1500/1523/28
f 1437/1459/29 1501/1524/29 1500/1523/28
f 1437/1459/29 1438/1460/30 1502/1525/30
f 1437/1459/29 1502/1525/30 1501/1524/29
f 1438/1460/30 1439/1461/31 1502/1525/30
f 1439/1461/31 1503/1526/31 1502/1525/30
f 1439/1461/31 1440/1462/32 1504/1527/32
f 1439/1461/31 1504/1527/32 1503/1526/31
f 1440/1462/32 1441/1463/33 1504/1527/32
f 1441/1463/33 1505/1528/33 1504/1527/32
f 1441/1463/33 1442/1464/34 1506/1529/34
f 1441/1463/33 1506/1529/34 1505/1528/33
f 1442/1464/34 1443/1465/35 1506/1529/34
f 1443/1465/35 1507/1530/35 1506/1529/34
f 1443/1465/35 1444/1466/36 1508/1531/36
f 1443/1465/35 1508/1531/36 1507/1530/35
f 1444/1466/36 1445/1467/37 1508/1531/36
f 1445/1467/37 1509/1532/37 1508/1531/36
f 1445/1467/37 1446/1468/38 1510/1533/38
f 1445/1467/37 1510/1533/38 1509/1532/37
f 1446/1468/38 1447/1469/39 1510/1533/38
f 1447/1469/39 1511/1534/39 1510/1533/38
f 1447/1469/39 1448/1470/40 1512/1535/40
f 1447/1469/39 1512/1535/40 1511/1534/39
f 1448/1470/40 1449/1471/41 1512/1535/40
f 1449/1471/41 1513/1536/41 1512/1535/40
f 1449/1471/41 1450/1472/42 1514/1537/42
f 1449/1471/41 1514/1537/42 1513/1536/41
f 1450/1472/42 1451/1473/43 1514/1537/42
f 1451/1473/43 1515/1538/43 1514/1537/42
f 1451/1473/43 1452/1474/44 1516/1539/44
f 1451/1473/43 1516/1539/44 1515/1538/43
f 1452/1474/44 1453/1475/45 1516/1539/44
f 1453/1475/45 1517/1540/45 1516/1539/44
f 1453/1475/45 1454/1476/46 1518/1541/46
f 1453/1475/45 1518/1541/46 1517/1540/45
f 1454/1476/46 1455/1477/47 1518/1541/46
f 1455/1477/47 1519/1542/47 1518/1541/46
f 1455/1477/47 1456/1478/48 1520/1543/48
f 1455/1477/47 1520/1543/48 1519/1542/47
f 1456/1478/48 1457/1479/49 1520/1543/48
f 1457/1479/49 1521/1544/49 1520/1543/48
f 1457/1479/49 1458/1480/50 1522/1545/50
f 1457/1479/49 1522/1545/50 1521/1544/49
f 1458/1480/50 1459/1481/51 1522/1545/50
f 1459/1481/51 1523/1546/51 1522/1545/50
f 1459/1481/51 1460/1482/52 1524/1547/52
f 1459/1481/51 1524/1547/52 1523/1546/51
f 1460/1482/52 1461/1483/53 1524/1547/52
f 1461/1483/53 1525/1548/53 1524/1547/52
f 1461/1483/53 1462/1484/54 1526/1549/54
f 1461/1483/53 1526/1549/54 1525/1548/53
f 1462/1484/54 1463/1485/55 1526/1549/54
f 1463/1485/55 1527/1550/55 1526/1549/54
f 1463/1485/55 1464/1486/56 1528/1551/56
f 1463/1485/55 1528/1551/56 1527/1550/55
f 1464/1486/56 1465/1487/57 1528/1551/56
f 1465/1487/57 1529/1552/57 1528/1551/56
f 1465/1487/57 1466/1488/58 1530/1553/58
f 1465/1487/57 1530/1553/58 1529/1552/57
f 1466/1488/58 1467/1489/59 1530/1553/58
f 1467/1489/59 1531/1554/59 1530/1553/58
f 1467/1489/59 1468/1490/60 1532/1555/60
f 1467/1489/59 1532/1555/60 1531/1554/59
f 1468/1490/60 1469/1491/61 1532/1555/60
f 1469/1491/61 1533/1556/61 1532/1555/60
f 1469/1491/61 1470/1492/62 1534/1557/62
f 1469/1491/61 1534/1557/62 1533/1556/61
f 1470/1492/62 1471/1493/63 1534/1557/62
f 1471/1493/63 1535/1558/63 1534/1557/62
f 1471/1493/63 1472/1494/64 1536/1559/64
f 1471/1493/63 1536/1559/64 1535/1558/63
f 1472/1494/64 1409/1495/1 1536/1559/64
f 1409/1495/1 1473/1560/1 1536/1559/64
f 1473/1497/1 1474/1496/2 1600/1561/1
f 1474/1496/2 1537/1562/2 1600/1561/1
f 1474/1496/2 1475/1498/3 1538/1563/3
f 1474/1496/2 1538/1563/3 1537/1562/2
f 1475/1498/3 1476/1499/4 1538/1563/3
f 1476/1499/4 1539/1564/4 1538/1563/3
f 1476/1499/4 1477/1500/5 1540/1565/5
f 1476/1499/4 1540/1565/5 1539/1564/4
f 1477/1500/5 1478/1501/6 1540/1565/5
f 1478/1501/6 1541/1566/6 1540/1565/5
f 1478/1501/6 1479/1502/7 1542/1567/7
f 1478/1501/6 1542/1567/7 1541/1566/6
f 1479/1502/7 1480/1503/8 1542/1567/7
f 1480/1503/8 1543/1568/8 1542/1567/7
f 1480/1503/8 1481/1504/9 1544/1569/9
f 1480/1503/8 1544/1569/9 1543/1568/8
f 1481/1504/9 1482/1505/10 1544/1569/9
f 1482/1505/10 1545/1570/10 1544/1569/9
f 1482/1505/10 1483/1506/11 1546/1571/11
f 1482/1505/10 1546/1571/11 1545/1570/10
f 1483/1506/11 1484/1507/12 1546/1571/11
f 1484/1507/12 1547/1572/12 1546/1571/11
f 1484/1507/12 1485/1508/13 1548/1573/13
f 1484/1507/12 1548/1573/13 1547/1572/12
f 1485/1508/13 1486/1509/14 1548/1573/13
f 1486/1509/14 1549/1574/14 1548/1573/13
f 1486/1509/14 1487/1510/15 1550/1575/15
f 1486/1509/14 1550/1575/15 1549/1574/14
f 1487/1510/15 1488/1511/16 1550/1575/15
f 1488/1511/16 1551/1576/16 1550/1575/15
f 1488/1511/16 1489/1512/17 1552/1577/17
f 1488/1511/16 1552/1577/17 1551/1576/16
f 1489/1512/17 1490/1513/18 1552/1577/17
f 1490/1513/18 1553/1578/18 1552/1577/17
f 1490/1513/18 1491/1514/19 1554/1579/19
f 1490/1513/18 1554/1579/19 1553/1578/18
f 1491/1514/19 1492/1515/20 1554/1579/19
f 1492/1515/20 1555/1580/20 1554/1579/19
f 1492/1515/20 1493/1516/21 1556/1581/21
f 1492/1515/20 1556/1581/21 1555/1580/20
f 1493/1516/21 1494/1517/22 1556/1581/21
f 1494/1517/22 1557/1582/22 1556/1581/21
f 1494/1517/22 1495/1518/23 1558/1583/23
f 1494/1517/22 1558/1583/23 1557/1582/22
f 1495/1518/23 1496/1519/24 1558/1583/23
f 1496/1519/24 1559/1584/24 1558/1583/23
f 1496/1519/24 1497/1520/25 1560/1585/25
f 1496/1519/24 1560/1585/25 1559/1584/24
f 1497/1520/25 1498/1521/26 1560/1585/25
f 1498/1521/26 1561/1586/26 1560/1585/25
f 1498/1521/26 1499/1522/27 1562/1587/27
f 1498/1521/26 1562/1587/27 1561/1586/26
f 1499/1522/27 1500/1523/28 1562/1587/27
f 1500/1523/28 1563/1588/28 1562/1587/27
f 1500/1523/28 1501/1524/29 1564/1589/29
f 1500/1523/28 1564/1589/29 1563/1588/28
f 1501/1524/29 1502/1525/30 1564/1589/29
f 1502/1525/30 1565/1590/30 1564/1589/29
f 1502/1525/30 1503/1526/31 1566/1591/31
f 1502/1525/30 1566/1591/31 1565/1590/30
f 1503/1526/31 1504/1527/32 1566/1591/31
f 1504/1527/32 1567/1592/32 1566/1591/31
f 1504/1527/32 1505/1528/33 1568/1593/33
f 1504/1527/32 1568/1593/33 1567/1592/32
f 1505/1528/33 1506/1529/34 1568/1593/33
f 1506/1529/34 1569/1594/34 1568/1593/33
f 1506/1529/34 1507/1530/35 1570/1595/35
f 1506/1529/34 1570/1595/35 1569/1594/34
f 1507/1530/35 1508/1531/36 1570/1595/35
f 1508/1531/36 1571/1596/36 1570/1595/35
f 1508/1531/36 1509/1532/37 1572/1597/37
f 1508/1531/36 1572/1597/37 1571/1596/36
f 1509/1532/37 1510/1533/38 1572/1597/37
f 1510/1533/38 1573/1598/38 1572/1597/37
f 1510/1533/38 1511/1534/39 1574/1599/39
f 1510/1533/38 1574/1599/39 1573/1598/38
f 1511/1534/39 1512/1535/40 1574/1599/39
f 1512/1535/40 1575/1600/40 1574/1599/39
f 1512/1535/40 1513/1536/41 1576/1601/41
f 1512/1535/40 1576/1601/41 1575/1600/40
f 1513/1536/41 1514/1537/42 1576/1601/41
f 1514/1537/42 1577/1602/42 1576/1601/41
f 1514/1537/42 1515/1538/43 1578/1603/43
f 1514/1537/42 1578/1603/43 1577/1602/42
f 1515/1538/43 1516/1539/44 1578/1603/43
f 1516/1539/44 1579/1604/44 1578/1603/43
f 1516/1539/44 1517/1540/45 1580/1605/45
f 1516/1539/44 1580/1605/45 1579/1604/44
f 1517/1540/45 1518/1541/46 1580/1605/45
f 1518/1541/46 1581/1606/46 1580/1605/45
f 1518/1541/46 1519/1542/47 1582/1607/47
f 1518/1541/46 1582/1607/47 1581/1606/46
f 1519/1542/47 1520/1543/48 1582/1607/47
f 1520/1543/48 1583/1608/48 1582/1607/47
f 1520/1543/48 1521/1544/49 1584/1609/49
f 1520/1543/48 1584/1609/49 1583/1608/48
f 1521/1544/49 1522/1545/50 1584/1609/49
f 1522/1545/50 1585/1610/50 1584/1609/49
f 1522/1545/50 1523/1546/51 1586/1611/51
f 1522/1545/50 1586/1611/51 1585/1610/50
f 1523/1546/51 1524/1547/52 1586/1611/51
f 1524/1547/52 1587/1612/52 1586/1611/51
f 1524/1547/52 1525/1548/53 1588/1613/53
f 1524/1547/52 1588/1613/53 1587/1612/52
f 1525/1548/53 1526/1549/54 1588/1613/53
f 1526/1549/54 1589/1614/54 1588/1613/53
f 1526/1549/54 1527/1550/55 1590/1615/55
f 1526/1549/54 1590/1615/55 1589/1614/54
f 1527/1550/55 1528/1551/56 1590/1615/55
f 1528/1551/56 1591/1616/56 1590/1615/55
f 1528/1551/56 1529/1552/57 1592/1617/57
f 1528/1551/56 1592/1617/57 1591/1616/56
f 1529/1552/57 1530/1553/58 1592/1617/57
f 1530/1553/58 1593/1618/58 1592/1617/57
f 1530/1553/58 1531/1554/59 1594/1619/59
f 1530/1553/58 1594/1619/59 1593/1618/58
f 1531/1554/59 1532/1555/60 1594/1619/59
f 1532/1555/60 1595/1620/60 1594/1619/59
f 1532/1555/60 1533/1556/61 1596/1621/61
f 1532/1555/60 1596/1621/61 1595/1620/60
f 1533/1556/61 1534/1557/62 1596/1621/61
f 1534/1557/62 1597/1622/62 1596/1621/61
f 1534/1557/62 1535/1558/63 1598/1623/63
f 1534/1557/62 1598/1623/63 1597/1622/62
f 1535/1558/63 1536/1559/64 1598/1623/63
f 1536/1559/64 1599/1624/64 1598/1623/63
f 1536/1559/64 1473/1560/1 1600/1625/1
f 1536/1559/64 1600/1625/1 1599/1624/64
f 1600/1561/1 1537/1562/2 1601/1626/2
f 1600/1561/1 1601/1626/2 1664/1627/1
f 1537/1562/2 1538/1563/3 1601/1626/2
f 1538/1563/3 1602/1628/3 1601/1626/2
f 1538/1563/3 1539/1564/4 1603/1629/4
f 1538/1563/3 1603/1629/4 1602/1628/3
f 1539/1564/4 1540/1565/5 1603/1629/4
f 1540/1565/5 1604/1630/5 1603/1629/4
f 1540/1565/5 1541/1566/6 1605/1631/6
f 1540/1565/5 1605/1631/6 1604/1630/5
f 1541/1566/6 1542/1567/7 1605/1631/6
f 1542/1567/7 1606/1632/7 1605/1631/6
f 1542/1567/7 1543/1568/8 1607/1633/8
f 1542/1567/7 1607/1633/8 1606/1632/7
f 1543/1568/8 1544/1569/9 1607/1633/8
f 1544/1569/9 1608/1634/9 1607/1633/8
f 1544/1569/9 1545/1570/10 1609/1635/10
f 1544/1569/9 1609/1635/10 1608/1634/9
f 1545/1570/10 1546/1571/11 1609/1635/10
f 1546/1571/11 1610/1636/11 1609/1635/10
f 1546/1571/11 1547/1572/12 1611/1637/12
f 1546/1571/11 1611/1637/12 1610/1636/11
f 1547/1572/12 1548/1573/13 1611/1637/12
f 1548/1573/13 1612/1638/13 1611/1637/12
f 1548/1573/13 1549/1574/14 1613/1639/14
f 1548/1573/13 1613/1639/14 1612/1638/13
f 1549/1574/14 1550/1575/15 1613/1639/14
f 1550/1575/15 1614/1640/15 1613/1639/14
f 1550/1575/15 1551/1576/16 1615/1641/16
f 1550/1575/15 1615/1641/16 1614/1640/15
f 1551/1576/16 1552/1577/17 1615/1641/16
f 1552/1577/17 1616/1642/17 1615/1641/16
f 1552/1577/17 1553/1578/18 1617/1643/18
f 1552/1577/17 1617/1643/18 1616/1642/17
f 1553/1578/18 1554/1579/19 1617/1643/18
f 1554/1579/19 1618/1644/19 1617/1643/18
f 1554/1579/19 1555/1580/20 1619/1645/20
f 1554/1579/19 1619/1645/20 1618/1644/19
f 1555/1580/20 1556/1581/21 1619/1645/20
f 1556/1581/21 1620/1646/21 1619/1645/20
f 1556/1581/21 1557/1582/22 1621/1647/22
f 1556/1581/21 1621/1647/22 1620/1646/21
f 1557/1582/22 1558/1583/23 1621/1647/22
f 1558/1583/23 1622/1648/23 1621/1647/22
f 1558/1583/23 1559/1584/24 1623/1649/24
f 1558/1583/23 1623/1649/24 1622/1648/23
f 1559/1584/24 1560/1585/25 1623/1649/24
f 1560/1585/25 1624/1650/25 1623/1649/24
f 1560/1585/25 1561/1586/26 1625/1651/26
f 1560/1585/25 1625/1651/26 1624/1650/25
f 1561/1586/26 1562/1587/27 1625/1651/26
f 1562/1587/27 1626/1652/27 1625/1651/26
f 1562/1587/27 1563/1588/28 1627/1653/28
f 1562/1587/27 1627/1653/28 1626/1652/27
f 1563/1588/28 1564/1589/29 1627/1653/28
f 1564/1589/29 1628/1654/29 1627/1653/28
f 1564/1589/29 1565/1590/30 1629/1655/30
f 1564/1589/29 1629/1655/30 1628/1654/29
f 1565/1590/30 1566/1591/31 1629/1655/30
f 1566/1591/31 1630/1656/31 1629/1655/30
f 1566/1591/31 1567/1592/32 1631/1657/32
f 1566/1591/31 1631/1657/32 1630/1656/31
f 1567/1592/32 1568/1593/33 1631/1657/32
f 1568/1593/33 1632/1658/33 1631/1657/32
f 1568/1593/33 1569/1594/34 1633/1659/34
f 1568/1593/33 1633/1659/34 1632/1658/33
f 1569/1594/34 1570/1595/35 1633/1659/34
f 1570/1595/35 1634/1660/35 1633/1659/34
f 1570/1595/35 1571/1596/36 1635/1661/36
f 1570/1595/35 1635/1661/36 1634/1660/35
f 1571/1596/36 1572/1597/37 1635/1661/36
f 1572/1597/37 1636/1662/37 1635/1661/36
f 1572/1597/37 1573/1598/38 1637/1663/38
f 1572/1597/37 1637/1663/38 1636/1662/37
f 1573/1598/38 1574/1599/39 1637/1663/38
f 1574/1599/39 1638/1664/39 1637/1663/38
f 1574/1599/39 1575/1600/40 1639/1665/40
f 1574/1599/39 1639/1665/40 1638/1664/39
f 1575/1600/40 1576/1601/41 1639/1665/40
f 1576/1601/41 1640/1666/41 1639/1665/40
f 1576/1601/41 1577/1602/42 1641/1667/42
f 1576/1601/41 1641/1667/42 1640/1666/41
f 1577/1602/42 1578/1603/43 1641/1667/42
f 1578/1603/43 1642/1668/43 1641/1667/42
f 1578/1603/43 1579/1604/44 1643/1669/44
f 1578/1603/43 1643/1669/44 1642/1668/43
f 1579/1604/44 1580/1605/45 1643/1669/44
f 1580/1605/45 1644/1670/45 1643/1669/44
f 1580/1605/45 1581/1606/46 1645/1671/46
f 1580/1605/45 1645/1671/46 1644/1670/45
f 1581/1606/46 1582/1607/47 1645/1671/46
f 1582/1607/47 1646/1672/47 1645/1671/46
f 1582/1607/47 1583/1608/48 1647/1673/48
f 1582/1607/47 1647/1673/48 1646/1672/47
f 1583/1608/48 1584/1609/49 1647/1673/48
f 1584/1609/49 1648/1674/49 1647/1673/48
f 1584/1609/49 1585/1610/50 1649/1675/50
f 1584/1609/49 1649/1675/50 1648/1674/49
f 1585/1610/50 1586/1611/51 1649/1675/50
f 1586/1611/51 1650/1676/51 1649/1675/50
f 1586/1611/51 1587/1612/52 1651/1677/52
f 1586/1611/51 1651/1677/52 1650/1676/51
f 1587/1612/52 1588/1613/53 1651/1677/52
f 1588/1613/53 1652/1678/53 1651/1677/52
f 1588/1613/53 1589/1614/54 1653/1679/54
f 1588/1613/53 1653/1679/54 1652/1678/53
f 1589/1614/54 1590/1615/55 1653/1679/54
f 1590/1615/55 1654/1680/55 1653/1679/54
f 1590/1615/55 1591/1616/56 1655/1681/56
f 1590/1615/55 1655/1681/56 1654/1680/55
f 1591/1616/56 1592/1617/57 1655/1681/56
f 1592/1617/57 1656/1682/57 1655/1681/56
f 1592/1617/57 1593/1618/58 1657/1683/58
f 1592/1617/57 1657/1683/58 1656/1682/57
f 1593/1618/58 1594/1619/59 1657/1683/58
f 1594/1619/59 1658/1684/59 1657/1683/58
f 1594/1619/59 1595/1620/60 1659/1685/60
f 1594/1619/59 1659/1685/60 1658/1684/59
f 1595/1620/60 1596/1621/61 1659/1685/60
f 1596/1621/61 1660/1686/61 1659/1685/60
f 1596/1621/61 1597/1622/62 1661/1687/62
f 1596/1621/61 1661/1687/62 1660/1686/61
f 1597/1622/62 1598/1623/63 1661/1687/62
f 1598/1623/63 1662/1688/63 1661/1687/62
f 1598/1623/63 1599/1624/64 1663/1689/64
f 1598/1623/63 1663/1689/64 1662/1688/63
f 1599/1624/64 1600/1625/1 1663/1689/64
f 1600/1625/1 1664/1690/1 1663/1689/64
f 1664/1627/1 1601/1626/2 1665/1691/1
f 1601/1626/2 1666/1692/2 1665/1691/1
f 1601/1626/2 1602/1628/3 1667/1693/3
f 1601/1626/2 1667/1693/3 1666/1692/2
f 1602/1628/3 1603/1629/4 1667/1693/3
f 1603/1629/4 1668/1694/4 1667/1693/3
f 1603/1629/4 1604/1630/5 1669/1695/5
f 1603/1629/4 1669/1695/5 1668/1694/4
f 1604/1630/5 1605/1631/6 1669/1695/5
f 1605/1631/6 1670/1696/6 1669/1695/5
f 1605/1631/6 1606/1632/7 1671/1697/7
f 1605/1631/6 1671/1697/7 1670/1696/6
f 1606/1632/7 1607/1633/8 1671/1697/7
f 1607/1633/8 1672/1698/8 1671/1697/7
f 1607/1633/8 1608/1634/9 1673/1699/9
f 1607/1633/8 1673/1699/9 1672/1698/8
f 1608/1634/9 1609/1635/10 1673/1699/9
f 1609/1635/10 1674/1700/10 1673/1699/9
f 1609/1635/10 1610/1636/11 1675/1701/11
f 1609/1635/10 1675/1701/11 1674/1700/10
f 1610/1636/11 1611/1637/12 1675/1701/11
f 1611/1637/12 1676/1702/12 1675/1701/11
f 1611/1637/12 1612/1638/13 1677/1703/13
f 1611/1637/12 1677/1703/13 1676/1702/12
f 1612/1638/13 1613/1639/14 1677/1703/13
f 1613/1639/14 1678/1704/14 1677/1703/13
f 1613/1639/14 1614/1640/15 1679/1705/15
f 1613/1639/14 1679/1705/15 1678/1704/14
f 1614/1640/15 1615/1641/16 1679/1705/15
f 1615/1641/16 1680/1706/16 1679/1705/15
f 1615/1641/16 1616/1642/17 1681/1707/17
f 1615/1641/16 1681/1707/17 1680/1706/16
f 1616/1642/17 1617/1643/18 1681/1707/17
f 1617/1643/18 1682/1708/18 1681/1707/17
f 1617/1643/18 1618/1644/19 1683/1709/19
f 1617/1643/18 1683/1709/19 1682/1708/18
f 1618/1644/19 1619/1645/20 1683/1709/19
f 1619/1645/20 1684/1710/20 1683/1709/19
f 1619/1645/20 1620/1646/21 1685/1711/21
f 1619/1645/20 1685/1711/21 1684/1710/20
f 1620/1646/21 1621/1647/22 1685/1711/21
f 1621/1647/22 1686/1712/22 1685/1711/21
f 1621/1647/22 1622/1648/23 1687/1713/23
f 1621/1647/22 1687/1713/23 1686/1712/22
f 1622/1648/23 1623/1649/24 1687/1713/23
f 1623/1649/24 1688/1714/24 1687/1713/23
f 1623/1649/24 1624/1650/25 1689/1715/25
f 1623/1649/24 1689/1715/25 1688/1714/24
f 1624/1650/25 1625/1651/26 1689/1715/25
f 1625/1651/26 1690/1716/26 1689/1715/25
f 1625/1651/26 1626/1652/27 1691/1717/27
f 1625/1651/26 1691/1717/27 1690/1716/26
f 1626/1652/27 1627/1653/28 1691/1717/27
f 1627/1653/28 1692/1718/28 1691/1717/27
f 1627/1653/28 1628/1654/29 1693/1719/29
f 1627/1653/28 1693/1719/29 1692/1718/28
f 1628/1654/29 1629/1655/30 1693/1719/29
f 1629/1655/30 1694/1720/30 1693/1719/29
f 1629/1655/30 1630/1656/31 1695/1721/31
f 1629/1655/30 1695/1721/31 1694/1720/30
f 1630/1656/31 1631/1657/32 1695/1721/31
f 1631/1657/32 1696/1722/32 1695/1721/31
f 1631/1657/32 1632/1658/33 1697/1723/33
f 1631/1657/32 1697/1723/33 1696/1722/32
f 1632/1658/33 1633/1659/34 1697/1723/33
f 1633/1659/34 1698/1724/34 1697/1723/33
f 1633/1659/34 1634/1660/35 1699/1725/35
f 1633/1659/34 1699/1725/35 1698/1724/34
f 1634/1660/35 1635/1661/36 1699/1725/35
f 1635/1661/36 1700/1726/36 1699/1725/35
f 1635/1661/36 1636/1662/37 1701/1727/37
f 1635/1661/36 1701/1727/37 1700/1726/36
f 1636/1662/37 1637/1663/38 1701/1727/37
f 1637/1663/38 1702/1728/38 1701/1727/37
f 1637/1663/38 1638/1664/39 1703/1729/39
f 1637/1663/38 1703/1729/39 1702/1728/38
f 1638/1664/39 1639/1665/40 1703/1729/39
f 1639/1665/40 1704/1730/40 1703/1729/39
f 1639/1665/40 1640/1666/41 1705/1731/41
f 1639/1665/40 1705/1731/41 1704/1730/40
f 1640/1666/41 1641/1667/42 1705/1731/41
f 1641/1667/42 1706/1732/42 1705/1731/41
f 1641/1667/42 1642/1668/43 1707/1733/43
f 1641/1667/42 1707/1733/43 1706/1732/42
f 1642/1668/43 1643/1669/44 1707/1733/43
f 1643/1669/44 1708/1734/44 1707/1733/43
f 1643/1669/44 1644/1670/45 1709/1735/45
f 1643/1669/44 1709/1735/45 1708/1734/44
f 1644/1670/45 1645/1671/46 1709/1735/45
f 1645/1671/46 1710/1736/46 1709/1735/45
f 1645/1671/46 1646/1672/47 1711/1737/47
f 1645/1671/46 1711/1737/47 1710/1736/46
f 1646/1672/47 1647/1673/48 1711/1737/47
f 1647/1673/48 1712/1738/48 1711/1737/47
f 1647/1673/48 1648/1674/49 1713/1739/49
f 1647/1673/48 1713/1739/49 1712/1738/48
f 1648/1674/49 1649/1675/50 1713/1739/49
f 1649/1675/50 1714/1740/50 1713/1739/49
f 1649/1675/50 1650/1676/51 1715/1741/51
f 1649/1675/50 1715/1741/51 1714/1740/50
f 1650/1676/51 1651/1677/52 1715/1741/51
f 1651/1677/52 1716/1742/52 1715/1741/51
f 1651/1677/52 1652/1678/53 1717/1743/53
f 1651/1677/52 1717/1743/53 1716/1742/52
f 1652/1678/53 1653/1679/54 1717/1743/53
f 1653/1679/54 1718/1744/54 1717/1743/53
f 1653/1679/54 1654/1680/55 1719/1745/55
f 1653/1679/54 1719/1745/55 1718/1744/54
f 1654/1680/55 1655/1681/56 1719/1745/55
f 1655/1681/56 1720/1746/56 1719/1745/55
f 1655/1681/56 1656/1682/57 1721/1747/57
f 1655/1681/56 1721/1747/57 1720/1746/56
f 1656/1682/57 1657/1683/58 1721/1747/57
f 1657/1683/58 1722/1748/58 1721/1747/57
f 1657/1683/58 1658/1684/59 1723/1749/59
f 1657/1683/58 1723/1749/59 1722/1748/58
f 1658/1684/59 1659/1685/60 1723/1749/59
f 1659/1685/60 1724/1750/60 1723/1749/59
f 1659/1685/60 1660/1686/61 1725/1751/61
f 1659/1685/60 1725/1751/61 1724/1750/60
f 1660/1686/61 1661/1687/62 1725/1751/61
f 1661/1687/62 1726/1752/62 1725/1751/61
f 1661/1687/62 1662/1688/63 1727/1753/63
f 1661/1687/62 1727/1753/63 1726/1752/62
f 1662/1688/63 1663/1689/64 1727/1753/63
f 1663/1689/64 1728/1754/64 1727/1753/63
f 1663/1689/64 1664/1690/1 1665/1755/1
f 1663/1689/64 1665/1755/1 1728/1754/64
f 1665/1691/1 1666/1692/2 1730/1756/2
f 1665/1691/1 1730/1756/2 1729/1757/1
f 1666/1692/2 1667/1693/3 1730/1756/2
f 1667/1693/3 1731/1758/3 1730/1756/2
f 1667/1693/3 1668/1694/4 1732/1759/4
f 1667/1693/3 1732/1759/4 1731/1758/3
f 1668/1694/4 1669/1695/5 1732/1759/4
f 1669/1695/5 1733/1760/5 1732/1759/4
f 1669/1695/5 1670/1696/6 1734/1761/6
f 1669/1695/5 1734/1761/6 1733/1760/5
f 1670/1696/6 1671/1697/7 1734/1761/6
f 1671/1697/7 1735/1762/7 1734/1761/6
f 1671/1697/7 1672/1698/8 1736/1763/8
f 1671/1697/7 1736/1763/8 1735/1762/7
f 1672/1698/8 1673/1699/9 1736/1763/8
f 1673/1699/9 1737/1764/9 1736/1763/8
f 1673/1699/9 1674/1700/10 1738/1765/10
f 1673/1699/9 1738/1765/10 1737/1764/9
f 1674/1700/10 1675/1701/11 1738/1765/10
f 1675/1701/11 1739/1766/11 1738/1765/10
f 1675/1701/11 1676/1702/12 1740/1767/12
f 1675/1701/11 1740/1767/12 1739/1766/11
f 1676/1702/12 1677/1703/13 1740/1767/12
f 1677/1703/13 1741/1768/13 1740/1767/12
f 1677/1703/13 1678/1704/14 1742/1769/14
f 1677/1703/13 1742/1769/14 1741/1768/13
f 1678/1704/14 1679/1705/15 1742/1769/14
f 1679/1705/15 1743/1770/15 1742/1769/14
f 1679/1705/15 1680/1706/16 1744/1771/16
f 1679/1705/15 1744/1771/16 1743/1770/15
f 1680/1706/16 1681/1707/17 1744/1771/16
f 1681/1707/17 1745/1772/17 1744/1771/16
f 1681/1707/17 1682/1708/18 1746/1773/18
f 1681/1707/17 1746/1773/18 1745/1772/17
f 1682/1708/18 1683/1709/19 1746/1773/18
f 1683/1709/19 1747/1774/19 1746/1773/18
f 1683/1709/19 1684/1710/20 1748/1775/20
f 1683/1709/19 1748/1775/20 1747/1774/19
f 1684/1710/20 1685/1711/21 1748/1775/20
f 1685/1711/21 1749/1776/21 1748/1775/20
f 1685/1711/21 1686/1712/22 1750/1777/22
f 1685/1711/21 1750/1777/22 1749/1776/21
f 1686/1712/22 1687/1713/23 1750/1777/22
f 1687/1713/23 1751/1778/23 1750/1777/22
f 1687/1713/23 1688/1714/24 1752/1779/24
f 1687/1713/23 1752/1779/24 1751/1778/23
f 1688/1714/24 1689/1715/25 1752/1779/24
f 1689/1715/25 1753/1780/25 1752/1779/24
f 1689/1715/25 1690/1716/26 1754/1781/26
f 1689/1715/25 1754/1781/26 1753/1780/25
f 1690/1716/26 1691/1717/27 1754/1781/26
f 1691/1717/27 1755/1782/27 1754/1781/26
f 1691/1717/27 1692/1718/28 1756/1783/28
f 1691/1717/27 1756/1783/28 1755/1782/27
f 1692/1718/28 1693/1719/29 1756/1783/28
f 1693/1719/29 1757/1784/29 1756/1783/28
f 1693/1719/29 1694/1720/30 1758/1785/30
f 1693/1719/29 1758/1785/30 1757/1784/29
f 1694/1720/30 1695/1721/31 1758/1785/30
f 1695/1721/31 1759/1786/31 1758/1785/30
f 1695/1721/31 1696/1722/32 1760/1787/32
f 1695/1721/31 1760/1787/32 1759/1786/31
f 1696/1722/32 1697/1723/33 1760/1787/32
f 1697/1723/33 1761/1788/33 1760/1787/32
f 1697/1723/33 1698/1724/34 1762/1789/34
f 1697/1723/33 1762/1789/34 1761/1788/33
f 1698/1724/34 1699/1725/35 1762/1789/34
f 1699/1725/35 1763/1790/35 1762/1789/34
f 1699/1725/35 1700/1726/36 1764/1791/36
f 1699/1725/35 1764/1791/36 1763/1790/35
f 1700/1726/36 1701/1727/37 1764/1791/36
f 1701/1727/37 1765/1792/37 1764/1791/36
f 1701/1727/37 1702/1728/38 1766/1793/38
f 1701/1727/37 1766/1793/38 1765/1792/37
f 1702/1728/38 1703/1729/39 1766/1793/38
f 1703/1729/39 1767/1794/39 1766/1793/38
f 1703/1729/39 1704/1730/40 1768/1795/40
f 1703/1729/39 1768/1795/40 1767/1794/39
f 1704/1730/40 1705/1731/41 1768/1795/40
f 1705/1731/41 1769/1796/41 1768/1795/40
f 1705/1731/41 1706/1732/42 1770/1797/42
f 1705/1731/41 1770/1797/42 1769/1796/41
f 1706/1732/42 1707/1733/43 1770/1797/42
f 1707/1733/43 1771/1798/43 1770/1797/42
f 1707/1733/43 1708/1734/44 1772/1799/44
f 1707/1733/43 1772/1799/44 1771/1798/43
f 1708/1734/44 1709/1735/45 1772/1799/44
f 1709/1735/45 1773/1800/45 1772/1799/44
f 1709/1735/45 1710/1736/46 1774/1801/46
f 1709/1735/45 1774/1801/46 1773/1800/45
f 1710/1736/46 1711/1737/47 1774/1801/46
f 1711/1737/47 1775/1802/47 1774/1801/46
f 1711/1737/47 1712/1738/48 1776/1803/48
f 1711/1737/47 1776/1803/48 1775/1802/47
f 1712/1738/48 1713/1739/49 1776/1803/48
f 1713/1739/49 1777/1804/49 1776/1803/48
f 1713/1739/49 1714/1740/50 1778/1805/50
f 1713/1739/49 1778/1805/50 1777/1804/49
f 1714/1740/50 1715/1741/51 1778/1805/50
f 1715/1741/51 1779/1806/51 1778/1805/50
f 1715/1741/51 1716/1742/52 1780/1807/52
f 1715/1741/51 1780/1807/52 1779/1806/51
f 1716/1742/52 1717/1743/53 1780/1807/52
f 1717/1743/53 1781/1808/53 1780/1807/52
f 1717/1743/53 1718/1744/54 1782/1809/54
f 1717/1743/53 1782/1809/54 1781/1808/53
f 1718/1744/54 1719/1745/55 1782/1809/54
f 1719/1745/55 1783/1810/55 1782/1809/54
f 1719/1745/55 1720/1746/56 1784/1811/56
f 1719/1745/55 1784/1811/56 1783/1810/55
f 1720/1746/56 1721/1747/57 1784/1811/56
f 1721/1747/57 1785/1812/57 1784/1811/56
f 1721/1747/57 1722/1748/58 1786/1813/58
f 1721/1747/57 1786/1813/58 1785/1812/57
f 1722/1748/58 1723/1749/59 1786/1813/58
f 1723/1749/59 1787/1814/59 1786/1813/58
f 1723/1749/59 1724/1750/60 1788/1815/60
f 1723/1749/59 1788/1815/60 1787/1814/59
f 1724/1750/60 1725/1751/61 1788/1815/60
f 1725/1751/61 1789/1816/61 1788/1815/60
f 1725/1751/61 1726/1752/62 1790/1817/62
f 1725/1751/61 1790/1817/62 1789/1816/61
f 1726/1752/62 1727/1753/63 1790/1817/62
f 1727/1753/63 1791/1818/63 1790/1817/62
f 1727/1753/63 1728/1754/64 1792/1819/64
f 1727/1753/63 1792/1819/64 1791/1818/63
f 1728/1754/64 1665/1755/1 1792/1819/64
f 1665/1755/1 1729/1820/1 1792/1819/64
f 1729/1757/1 1730/1756/2 1793/1821/1
f 1730/1756/2 1794/1822/2 1793/1821/1
f 1730/1756/2 1731/1758/3 1795/1823/3
f 1730/1756/2 1795/1823/3 1794/1822/2
f 1731/1758/3 1732/1759/4 1795/1823/3
f 1732/1759/4 1796/1824/4 1795/1823/3
f 1732/1759/4 1733/1760/5 1797/1825/5
f 1732/1759/4 1797/1825/5 1796/1824/4
f 1733/1760/5 1734/1761/6 1797/1825/5
f 1734/1761/6 1798/1826/6 1797/1825/5
f 1734/1761/6 1735/1762/7 1799/1827/7
f 1734/1761/6 1799/1827/7 1798/1826/6
f 1735/1762/7 1736/1763/8 1799/1827/7
f 1736/1763/8 1800/1828/8 1799/1827/7
f 1736/1763/8 1737/1764/9 1801/1829/9
f 1736/1763/8 1801/1829/9 1800/1828/8
f 1737/1764/9 1738/1765/10 1801/1829/9
f 1738/1765/10 1802/1830/10 1801/1829/9
f 1738/1765/10 1739/1766/11 1803/1831/11
f 1738/1765/10 1803/1831/11 1802/1830/10
f 1739/1766/11 1740/1767/12 1803/1831/11
f 1740/1767/12 1804/1832/12 1803/1831/11
f 1740/1767/12 1741/1768/13 1805/1833/13
f 1740/1767/12 1805/1833/13 1804/1832/12
f 1741/1768/13 1742/1769/14 1805/1833/13
f 1742/1769/14 1806/1834/14 1805/1833/13
f 1742/1769/14 1743/1770/15 1807/1835/15
f 1742/1769/14 1807/1835/15 1806/1834/14
f 1743/1770/15 1744/1771/16 1807/1835/15
f 1744/1771/16 1808/1836/16 1807/1835/15
f 1744/1771/16 1745/1772/17 1809/1837/17
f 1744/1771/16 1809/1837/17 1808/1836/16
f 1745/1772/17 1746/1773/18 1809/1837/17
f 1746/1773/18 1810/1838/18 1809/1837/17
f 1746/1773/18 1747/1774/19 1811/1839/19
f 1746/1773/18 1811/1839/19 1810/1838/18
f 1747/1774/19 1748/1775/20 1811/1839/19
f 1748/1775/20 1812/1840/20 1811/1839/19
f 1748/1775/20 1749/1776/21 1813/1841/21
f 1748/1775/20 1813/1841/21 1812/1840/20
f 1749/1776/21 1750/1777/22 1813/1841/21
f 1750/1777/22 1814/1842/22 1813/1841/21
f 1750/1777/22 1751/1778/23 1815/1843/23
f 1750/1777/22 1815/1843/23 1814/1842/22
f 1751/1778/23 1752/1779/24 1815/1843/23
f 1752/1779/24 1816/1844/24 1815/1843/23
f 1752/1779/24 1753/1780/25 1817/1845/25
f 1752/1779/24 1817/1845/25 1816/1844/24
f 1753/1780/25 1754/1781/26 1817/1845/25
f 1754/1781/26 1818/1846/26 1817/1845/25
f 1754/1781/26 1755/1782/27 1819/1847/27
f 1754/1781/26 1819/1847/27 1818/1846/26
f 1755/1782/27 1756/1783/28 1819/1847/27
f 1756/1783/28 1820/1848/28 1819/1847/27
f 1756/1783/28 1757/1784/29 1821/1849/29
f 1756/1783/28 1821/1849/29 1820/1848/28
f 1757/1784/29 1758/1785/30 1821/1849/29
f 1758/1785/30 1822/1850/30 1821/1849/29
f 1758/1785/30 1759/1786/31 1823/1851/31
f 1758/1785/30 1823/1851/31 1822/1850/30
f 1759/1786/31 1760/1787/32 1823/1851/31
f 1760/1787/32 1824/1852/32 1823/1851/31
f 1760/1787/32 1761/1788/33 1825/1853/33
f 1760/1787/32 1825/1853/33 1824/1852/32
f 1761/1788/33 1762/1789/34 1825/1853/33
f 1762/1789/34 1826/1854/34 1825/1853/33
f 1762/1789/34 1763/1790/35 1827/1855/35
f 1762/1789/34 1827/1855/35 1826/1854/34
f 1763/1790/35 1764/1791/36 1827/1855/35
f 1764/1791/36 1828/1856/36 1827/1855/35
f 1764/1791/36 1765/1792/37 1829/1857/37
f 1764/1791/36 1829/1857/37 1828/1856/36
f 1765/1792/37 1766/1793/38 1829/1857/37
f 1766/1793/38 1830/1858/38 1829/1857/37
f 1766/1793/38 1767/1794/39 1831/1859/39
f 1766/1793/38 1831/1859/39 1830/1858/38
f 1767/1794/39 1768/1795/40 1831/1859/39
f 1768/1795/40 1832/1860/40 1831/1859/39
f 1768/1795/40 1769/1796/41 1833/1861/41
f 1768/1795/40 1833/1861/41 1832/1860/40
f 1769/1796/41 1770/1797/42 1833/1861/41
f 1770/1797/42 1834/1862/42 1833/1861/41
f 1770/1797/42 1771/1798/43 1835/1863/43
f 1770/1797/42 1835/1863/43 1834/1862/42
f 1771/1798/43 1772/1799/44 1835/1863/43
f 1772/1799/44 1836/1864/44 1835/1863/43
f 1772/1799/44 1773/1800/45 1837/1865/45
f 1772/1799/44 1837/1865/45 1836/1864/44
f 1773/1800/45 1774/1801/46 1837/1865/45
f 1774/1801/46 1838/1866/46 1837/1865/45
f 1774/1801/46 1775/1802/47 1839/1867/47
f 1774/1801/46 1839/1867/47 1838/1866/46
f 1775/1802/47 1776/1803/48 1839/1867/47
f 1776/1803/48 1840/1868/48 1839/1867/47
f 1776/1803/48 1777/1804/49 1841/1869/49
f 1776/1803/48 1841/1869/49 1840/1868/48
f 1777/1804/49 1778/1805/50 1841/1869/49
f 1778/1805/50 1842/1870/50 1841/1869/49
f 1778/1805/50 1779/1806/51 1843/1871/51
f 1778/1805/50 1843/1871/51 1842/1870/50
f 1779/1806/51 1780/1807/52 1843/1871/51
f 1780/1807/52 1844/1872/52 1843/1871/51
f 1780/1807/52 1781/1808/53 1845/1873/53
f 1780/1807/52 1845/1873/53 1844/1872/52
f 1781/1808/53 1782/1809/54 1845/1873/53
f 1782/1809/54 1846/1874/54 1845/1873/53
f 1782/1809/54 1783/1810/55 1847/1875/55
f 1782/1809/54 1847/1875/55 1846/1874/54
f 1783/1810/55 1784/1811/56 1847/1875/55
f 1784/1811/56 1848/1876/56 1847/1875/55
f 1784/1811/56 1785/1812/57 1849/1877/57
f 1784/1811/56 1849/1877/57 1848/1876/56
f 1785/1812/57 1786/1813/58 1849/1877/57
f 1786/1813/58 1850/1878/58 1849/1877/57
f 1786/1813/58 1787/1814/59 1851/1879/59
f 1786/1813/58 1851/1879/59 1850/1878/58
f 1787/1814/59 1788/1815/60 1851/1879/59
f 1788/1815/60 1852/1880/60 1851/1879/59
f 1788/1815/60 1789/1816/61 1853/1881/61
f 1788/1815/60 1853/1881/61 1852/1880/60
f 1789/1816/61 1790/1817/62 1853/1881/61
f 1790/1817/62 1854/1882/62 1853/1881/61
f 1790/1817/62 1791/1818/63 1855/1883/63
f 1790/1817/62 1855/1883/63 1854/1882/62
f 1791/1818/63 1792/1819/64 1855/1883/63
f 1792/1819/64 1856/1884/64 1855/1883/63
f 1792/1819/64 1729/1820/1 1793/1885/1
f 1792/1819/64 1793/1885/1 1856/1884/64
f 1793/1821/1 1794/1822/2 1857/1886/2
f 1793/1821/1 1857/1886/2 1920/1887/1
f 1794/1822/2 1795/1823/3 1857/1886/2
f 1795/1823/3 1858/1888/3 1857/1886/2
f 1795/1823/3 1796/1824/4 1859/1889/4
f 1795/1823/3 1859/1889/4 1858/1888/3
f 1796/1824/4 1797/1825/5 1859/1889/4
f 1797/1825/5 1860/1890/5 1859/1889/4
f 1797/1825/5 1798/1826/6 1861/1891/6
f 1797/1825/5 1861/1891/6 1860/1890/5
f 1798/1826/6 1799/1827/7 1861/1891/6
f 1799/1827/7 1862/1892/7 1861/1891/6
f 1799/1827/7 1800/1828/8 1863/1893/8
f 1799/1827/7 1863/1893/8 1862/1892/7
f 1800/1828/8 1801/1829/9 1863/1893/8
f 1801/1829/9 1864/1894/9 1863/1893/8
f 1801/1829/9 1802/1830/10 1865/1895/10
f 1801/1829/9 1865/1895/10 1864/1894/9
f 1802/1830/10 1803/1831/11 1865/1895/10
f 1803/1831/11 1866/1896/11 1865/1895/10
f 1803/1831/11 1804/1832/12 1867/1897/12
f 1803/1831/11 1867/1897/12 1866/1896/11
f 1804/1832/12 1805/1833/13 1867/1897/12
f 1805/1833/13 1868/1898/13 1867/1897/12
f 1805/1833/13 1806/1834/14 1869/1899/14
f 1805/1833/13 1869/1899/14 1868/1898/13
f 1806/1834/14 1807/1835/15 1869/1899/14
f 1807/1835/15 1870/1900/15 1869/1899/14
f 1807/1835/15 1808/1836/16 1871/1901/16
f 1807/1835/15 1871/1901/16 1870/1900/15
f 1808/1836/16 1809/1837/17 1871/1901/16
f 1809/1837/17 1872/1902/17 1871/1901/16
f 1809/1837/17 1810/1838/18 1873/1903/18
f 1809/1837/17 1873/1903/18 1872/1902/17
f 1810/1838/18 1811/1839/19 1873/1903/18
f 1811/1839/19 1874/1904/19 1873/1903/18
f 1811/1839/19 1812/1840/20 1875/1905/20
f 1811/1839/19 1875/1905/20 1874/1904/19
f 1812/1840/20 1813/1841/21 1875/1905/20
f 1813/1841/21 1876/1906/21 1875/1905/20
f 1813/1841/21 1814/1842/22 1877/1907/22
f 1813/1841/21 1877/1907/22 1876/1906/21
f 1814/1842/22 1815/1843/23 1877/1907/22
f 1815/1843/23 1878/1908/23 1877/1907/22
f 1815/1843/23 1816/1844/24 1879/1909/24
f 1815/1843/23 1879/1909/24 1878/1908/23
f 1816/1844/24 1817/1845/25 1879/1909/24
f 1817/1845/25 1880/1910/25 1879/1909/24
f 1817/1845/25 1818/1846/26 1881/1911/26
f 1817/1845/25 1881/1911/26 1880/1910/25
f 1818/1846/26 1819/1847/27 1881/1911/26
f 1819/1847/27 1882/1912/27 1881/1911/26
f 1819/1847/27 1820/1848/28 1883/1913/28
f 1819/1847/27 1883/1913/28 1882/1912/27
f 1820/1848/28 1821/1849/29 1883/1913/28
f 1821/1849/29 1884/1914/29 1883/1913/28
f 1821/1849/29 1822/1850/30 1885/1915/30
f 1821/1849/29 1885/1915/30 1884/1914/29
f 1822/1850/30 1823/1851/31 1885/1915/30
f 1823/1851/31 1886/1916/31 1885/1915/30
f 1823/1851/31 1824/1852/32 1887/1917/32
f 1823/1851/31 1887/1917/32 1886/1916/31
f 1824/1852/32 1825/1853/33 1887/1917/32
f 1825/1853/33 1888/1918/33 1887/1917/32
f 1825/1853/33 1826/1854/34 1889/1919/34
f 1825/1853/33 1889/1919/34 1888/1918/33
f 1826/1854/34 1827/1855/35 1889/1919/34
f 1827/1855/35 1890/1920/35 1889/1919/34
f 1827/1855/35 1828/1856/36 1891/1921/36
f 1827/1855/35 1891/1921/36 1890/1920/35
f 1828/1856/36 1829/1857/37 1891/1921/36
f 1829/1857/37 1892/1922/37 1891/1921/36
f 1829/1857/37 1830/1858/38 1893/1923/38
f 1829/1857/37 1893/1923/38 1892/1922/37
f 1830/1858/38 1831/1859/39 1893/1923/38
f 1831/1859/39 1894/1924/39 1893/1923/38
f 1831/1859/39 1832/1860/40 1895/1925/40
f 1831/1859/39 1895/1925/40 1894/1924/39
f 1832/1860/40 1833/1861/41 1895/1925/40
f 1833/1861/41 1896/1926/41 1895/1925/40
f 1833/1861/41 1834/1862/42 1897/1927/42
f 1833/1861/41 1897/1927/42 1896/1926/41
f 1834/1862/42 1835/1863/43 1897/1927/42
f 1835/1863/43 1898/1928/43 1897/1927/42
f 1835/1863/43 1836/1864/44 1899/1929/44
f 1835/1863/43 1899/1929/44 1898/1928/43
f 1836/1864/44 1837/1865/45 1899/1929/44
f 1837/1865/45 1900/1930/45 1899/1929/44
f 1837/1865/45 1838/1866/46 1901/1931/46
f 1837/1865/45 1901/1931/46 1900/1930/45
f 1838/1866/46 1839/1867/47 1901/1931/46
f 1839/1867/47 1902/1932/47 1901/1931/46
f 1839/1867/47 1840/1868/48 1903/1933/48
f 1839/1867/47 1903/1933/48 1902/1932/47
f 1840/1868/48 1841/1869/49 1903/1933/48
f 1841/1869/49 1904/1934/49 1903/1933/48
f 1841/1869/49 1842/1870/50 1905/1935/50
f 1841/1869/49 1905/1935/50 1904/1934/49
f 1842/1870/50 1843/1871/51 1905/1935/50
f 1843/1871/51 1906/1936/51 1905/1935/50
f 1843/1871/51 1844/1872/52 1907/1937/52
f 1843/1871/51 1907/1937/52 1906/1936/51
f 1844/1872/52 1845/1873/53 1907/1937/52
f 1845/1873/53 1908/1938/53 1907/1937/52
f 1845/1873/53 1846/1874/54 1909/1939/54
f 1845/1873/53 1909/1939/54 1908/1938/53
f 1846/1874/54 1847/1875/55 1909/1939/54
f 1847/1875/55 1910/1940/55 1909/1939/54
f 1847/1875/55 1848/1876/56 1911/1941/56
f 1847/1875/55 1911/1941/56 1910/1940/55
f 1848/1876/56 1849/1877/57 1911/1941/56
f 1849/1877/57 1912/1942/57 1911/1941/56
f 1849/1877/57 1850/1878/58 1913/1943/58
f 1849/1877/57 1913/1943/58 1912/1942/57
f 1850/1878/58 1851/1879/59 1913/1943/58
f 1851/1879/59 1914/1944/59 1913/1943/58
f 1851/1879/59 1852/1880/60 1915/1945/60
f 1851/1879/59 1915/1945/60 1914/1944/59
f 1852/1880/60 1853/1881/61 1915/1945/60
f 1853/1881/61 1916/1946/61 1915/1945/60
f 1853/1881/61 1854/1882/62 1917/1947/62
f 1853/1881/61 1917/1947/62 1916/1946/61
f 1854/1882/62 1855/1883/63 1917/1947/62
f 1855/1883/63 1918/1948/63 1917/1947/62
f 1855/1883/63 1856/1884/64 1919/1949/64
f 1855/1883/63 1919/1949/64 1918/1948/63
f 1856/1884/64 1793/1885/1 1919/1949/64
f 1793/1885/1 1920/1950/1 1919/1949/64
f 1920/1887/1 1857/1886/2 1984/1951/1
f 1857/1886/2 1921/1952/2 1984/1951/1
f 1857/1886/2 1858/1888/3 1922/1953/3
f 1857/1886/2 1922/1953/3 1921/1952/2
f 1858/1888/3 1859/1889/4 1922/1953/3
f 1859/1889/4 1923/1954/4 1922/1953/3
f 1859/1889/4 1860/1890/5 1924/1955/5
f 1859/1889/4 1924/1955/5 1923/1954/4
f 1860/1890/5 1861/1891/6 1924/1955/5
f 1861/1891/6 1925/1956/6 1924/1955/5
f 1861/1891/6 1862/1892/7 1926/1957/7
f 1861/1891/6 1926/1957/7 1925/1956/6
f 1862/1892/7 1863/1893/8 1926/1957/7
f 1863/1893/8 1927/1958/8 1926/1957/7
f 1863/1893/8 1864/1894/9 1928/1959/9
f 1863/1893/8 1928/1959/9 1927/1958/8
f 1864/1894/9 1865/1895/10 1928/1959/9
f 1865/1895/10 1929/1960/10 1928/1959/9
f 1865/1895/10 1866/1896/11 1930/1961/11
f 1865/1895/10 1930/1961/11 1929/1960/10
f 1866/1896/11 1867/1897/12 1930/1961/11
f 1867/1897/12 1931/1962/12 1930/1961/11
f 1867/1897/12 1868/1898/13 1932/1963/13
f 1867/1897/12 1932/1963/13 1931/1962/12
f 1868/1898/13 1869/1899/14 1932/1963/13
f 1869/1899/14 1933/1964/14 1932/1963/13
f 1869/1899/14 1870/1900/15 1934/1965/15
f 1869/1899/14 1934/1965/15 1933/1964/14
f 1870/1900/15 1871/1901/16 1934/1965/15
f 1871/1901/16 1935/1966/16 1934/1965/15
f 1871/1901/16 1872/1902/17 1936/1967/17
f 1871/1901/16 1936/1967/17 1935/1966/16
f 1872/1902/17 1873/1903/18 1936/1967/17
f 1873/1903/18 1937/1968/18 1936/1967/17
f 1873/1903/18 1874/1904/19 1938/1969/19
f 1873/1903/18 1938/1969/19 1937/1968/18
f 1874/1904/19 1875/1905/20 1938/1969/19
f 1875/1905/20 1939/1970/20 1938/1969/19
f 1875/1905/20 1876/1906/21 1940/1971/21
f 1875/1905/20 1940/1971/21 1939/1970/20
f 1876/1906/21 1877/1907/22 1940/1971/21
f 1877/1907/22 1941/1972/22 1940/1971/21
f 1877/1907/22 1878/1908/23 1942/1973/23
f 1877/1907/22 1942/1973/23 1941/1972/22
f 1878/1908/23 1879/1909/24 1942/1973/23
f 1879/1909/24 1943/1974/24 1942/1973/23
f 1879/1909/24 1880/1910/25 1944/1975/25
f 1879/1909/24 1944/1975/25 1943/1974/24
f 1880/1910/25 1881/1911/26 1944/1975/25
f 1881/1911/26 1945/1976/26 1944/1975/25
f 1881/1911/26 1882/1912/27 1946/1977/27
f 1881/1911/26 1946/1977/27 1945/1976/26
f 1882/1912/27 1883/1913/28 1946/1977/27
f 1883/1913/28 1947/1978/28 1946/1977/27
f 1883/1913/28 1884/1914/29 1948/1979/29
f 1883/1913/28 1948/1979/29 1947/1978/28
f 1884/1914/29 1885/1915/30 1948/1979/29
f 1885/1915/30 1949/1980/30 1948/1979/29
f 1885/1915/30 1886/1916/31 1950/1981/31
f 1885/1915/30 1950/1981/31 1949/1980/30
f 1886/1916/31 1887/1917/32 1950/1981/31
f 1887/1917/32 1951/1982/32 1950/1981/31
f 1887/1917/32 1888/1918/33 1952/1983/33
f 1887/1917/32 1952/1983/33 1951/1982/32
f 1888/1918/33 1889/1919/34 1952/1983/33
f 1889/1919/34 1953/1984/34 1952/1983/33
f 1889/1919/34 1890/1920/35 1954/1985/35
f 1889/1919/34 1954/1985/35 1953/1984/34
f 1890/1920/35 1891/1921/36 1954/1985/35
f 1891/1921/36 1955/1986/36 1954/1985/35
f 1891/1921/36 1892/1922/37 1956/1987/37
f 1891/1921/36 1956/1987/37 1955/1986/36
f 1892/1922/37 1893/1923/38 1956/1987/37
f 1893/1923/38 1957/1988/38 1956/1987/37
f 1893/1923/38 1894/1924/39 1958/1989/39
f 1893/1923/38 1958/1989/39 1957/1988/38
f 1894/1924/39 1895/1925/40 1958/1989/39
f 1895/1925/40 1959/1990/40 1958/1989/39
f 1895/1925/40 1896/1926/41 1960/1991/41
f 1895/1925/40 1960/1991/41 1959/1990/40
f 1896/1926/41 1897/1927/42 1960/1991/41
f 1897/1927/42 1961/1992/42 1960/1991/41
f 1897/1927/42 1898/1928/43 1962/1993/43
f 1897/1927/42 1962/1993/43 1961/1992/42
f 1898/1928/43 1899/1929/44 1962/1993/43
f 1899/1929/44 1963/1994/44 1962/1993/43
f 1899/1929/44 1900/1930/45 1964/1995/45
f 1899/1929/44 1964/1995/45 1963/1994/44
f 1900/1930/45 1901/1931/46 1964/1995/45
f 1901/1931/46 1965/1996/46 1964/1995/45
f 1901/1931/46 1902/1932/47 1966/1997/47
f 1901/1931/46 1966/1997/47 1965/1996/46
f 1902/1932/47 1903/1933/48 1966/1997/47
f 1903/1933/48 1967/1998/48 1966/1997/47
f 1903/1933/48 1904/1934/49 1968/1999/49
f 1903/1933/48 1968/1999/49 1967/1998/48
f 1904/1934/49 1905/1935/50 1968/1999/49
f 1905/1935/50 1969/2000/50 1968/1999/49
f 1905/1935/50 1906/1936/51 1970/2001/51
f 1905/1935/50 1970/2001/51 1969/2000/50
f 1906/1936/51 1907/1937/52 1970/2001/51
f 1907/1937/52 1971/2002/52 1970/2001/51
f 1907/1937/52 1908/1938/53 1972/2003/53
f 1907/1937/52 1972/2003/53 1971/2002/52
f 1908/1938/53 1909/1939/54 1972/2003/53
f 1909/1939/54 1973/2004/54 1972/2003/53
f 1909/1939/54 1910/1940/55 1974/2005/55
f 1909/1939/54 1974/2005/55 1973/2004/54
f 1910/1940/55 1911/1941/56 1974/2005/55
f 1911/1941/56 1975/2006/56 1974/2005/55
f 1911/1941/56 1912/1942/57 1976/2007/57
f 1911/1941/56 1976/2007/57 1975/2006/56
f 1912/1942/57 1913/1943/58 1976/2007/57
f 1913/1943/58 1977/2008/58 1976/2007/57
f 1913/1943/58 1914/1944/59 1978/2009/59
f 1913/1943/58 1978/2009/59 1977/2008/58
f 1914/1944/59 1915/1945/60 1978/2009/59
f 1915/1945/60 1979/2010/60 1978/2009/59
f 1915/1945/60 1916/1946/61 1980/2011/61
f 1915/1945/60 1980/2011/61 1979/2010/60
f 1916/1946/61 1917/1947/62 1980/2011/61
f 1917/1947/62 1981/2012/62 1980/2011/61
f 1917/1947/62 1918/1948/63 1982/2013/63
f 1917/1947/62 1982/2013/63 1981/2012/62
f 1918/1948/63 1919/1949/64 1982/2013/63
f 1919/1949/64 1983/2014/64 1982/2013/63
f 1919/1949/64 1920/1950/1 1984/2015/1
f 1919/1949/64 1984/2015/1 1983/2014/64
f 1984/1951/1 1921/1952/2 1985/2016/2
f 1984/1951/1 1985/2016/2 2048/2017/1
f 1921/1952/2 1922/1953/3 1985/2016/2
f 1922/1953/3 1986/2018/3 1985/2016/2
f 1922/1953/3 1923/1954/4 1987/2019/4
f 1922/1953/3 1987/2019/4 1986/2018/3
f 1923/1954/4 1924/1955/5 1987/2019/4
f 1924/1955/5 1988/2020/5 1987/2019/4
f 1924/1955/5 1925/1956/6 1989/2021/6
f 1924/1955/5 1989/2021/6 1988/2020/5
f 1925/1956/6 1926/1957/7 1989/2021/6
f 1926/1957/7 1990/2022/7 1989/2021/6
f 1926/1957/7 1927/1958/8 1991/2023/8
f 1926/1957/7 1991/2023/8 1990/2022/7
f 1927/1958/8 1928/1959/9 1991/2023/8
f 1928/1959/9 1992/2024/9 1991/2023/8
f 1928/1959/9 1929/1960/10 1993/2025/10
f 1928/1959/9 1993/2025/10 1992/2024/9
f 1929/1960/10 1930/1961/11 1993/2025/10
f 1930/1961/11 1994/2026/11 1993/2025/10
f 1930/1961/11 1931/1962/12 1995/2027/12
f 1930/1961/11 1995/2027/12 1994/2026/11
f 1931/1962/12 1932/1963/13 1995/2027/12
f 1932/1963/13 1996/2028/13 1995/2027/12
f 1932/1963/13 1933/1964/14 1997/2029/14
f 1932/1963/13 1997/2029/14 1996/2028/13
f 1933/1964/14 1934/1965/15 1997/2029/14
f 1934/1965/15 1998/2030/15 1997/2029/14
f 1934/1965/15 1935/1966/16 1999/2031/16
f 1934/1965/15 1999/2031/16 1998/2030/15
f 1935/1966/16 1936/1967/17 1999/2031/16
f 1936/1967/17 2000/2032/17 1999/2031/16
f 1936/1967/17 1937/1968/18 2001/2033/18
f 1936/1967/17 2001/2033/18 2000/2032/17
f 1937/1968/18 1938/1969/19 2001/2033/18
f 1938/1969/19 2002/2034/19 2001/2033/18
f 1938/1969/19 1939/1970/20 2003/2035/20
f 1938/1969/19 2003/2035/20 2002/2034/19
f 1939/1970/20 1940/1971/21 2003/2035/20
f 1940/1971/21 2004/2036/21 2003/2035/20
f 1940/1971/21 1941/1972/22 2005/2037/22
f 1940/1971/21 2005/2037/22 2004/2036/21
f 1941/1972/22 1942/1973/23 2005/2037/22
f 1942/1973/23 2006/2038/23 2005/2037/22
f 1942/1973/23 1943/1974/24 2007/2039/24
f 1942/1973/23 2007/2039/24 2006/2038/23
f 1943/1974/24 1944/1975/25 2007/2039/24
f 1944/1975/25 2008/2040/25 2007/2039/24
f 1944/1975/25 1945/1976/26 2009/2041/26
f 1944/1975/25 2009/2041/26 2008/2040/25
f 1945/1976/26 1946/1977/27 2009/2041/26
f 1946/1977/27 2010/2042/27 2009/2041/26
f 1946/1977/27 1947/1978/28 2011/2043/28
f 1946/1977/27 2011/2043/28 2010/2042/27
f 1947/1978/28 1948/1979/29 2011/2043/28
f 1948/1979/29 2012/2044/29 2011/2043/28
f 1948/1979/29 1949/1980/30 2013/2045/30
f 1948/1979/29 2013/2045/30 2012/2044/29
f 1949/1980/30 1950/1981/31 2013/2045/30
f 1950/1981/31 2014/2046/31 2013/2045/30
f 1950/1981/31 1951/1982/32 2015/2047/32
f 1950/1981/31 2015/2047/32 2014/2046/31
f 1951/1982/32 1952/1983/33 2015/2047/32
f 1952/1983/33 2016/2048/33 2015/2047/32
f 1952/1983/33 1953/1984/34 2017/2049/34
f 1952/1983/33 2017/2049/34 2016/2048/33
f 1953/1984/34 1954/1985/35 2017/2049/34
f 1954/1985/35 2018/2050/35 2017/2049/34
f 1954/1985/35 1955/1986/36 2019/2051/36
f 1954/1985/35 2019/2051/36 2018/2050/35
f 1955/1986/36 1956/1987/37 2019/2051/36
f 1956/1987/37 2020/2052/37 2019/2051/36
f 1956/1987/37 1957/1988/38 2021/2053/38
f 1956/1987/37 2021/2053/38 2020/2052/37
f 1957/1988/38 1958/1989/39 2021/2053/38
f 1958/1989/39 2022/2054/39 2021/2053/38
f 1958/1989/39 1959/1990/40 2023/2055/40
f 1958/1989/39 2023/2055/40 2022/2054/39
f 1959/1990/40 1960/1991/41 2023/2055/40
f 1960/1991/41 2024/2056/41 2023/2055/40
f 1960/1991/41 1961/1992/42 2025/2057/42
f 1960/1991/41 2025/2057/42 2024/2056/41
f 1961/1992/42 1962/1993/43 2025/2057/42
f 1962/1993/43 2026/2058/43 2025/2057/42
f 1962/1993/43 1963/1994/44 2027/2059/44
f 1962/1993/43 2027/2059/44 2026/2058/43
f 1963/1994/44 1964/1995/45 2027/2059/44
f 1964/1995/45 2028/2060/45 2027/2059/44
f 1964/1995/45 1965/1996/46 2029/2061/46
f 1964/1995/45 2029/2061/46 2028/2060/45
f 1965/1996/46 1966/1997/47 2029/2061/46
f 1966/1997/47 2030/2062/47 2029/2061/46
f 1966/1997/47 1967/1998/48 2031/2063/48
f 1966/1997/47 2031/2063/48 2030/2062/47
f 1967/1998/48 1968/1999/49 2031/2063/48
f 1968/1999/49 2032/2064/49 2031/2063/48
f 1968/1999/49 1969/2000/50 2033/2065/50
f 1968/1999/49 2033/2065/50 2032/2064/49
f 1969/2000/50 1970/2001/51 2033/2065/50
f 1970/2001/51 2034/2066/51 2033/2065/50
f 1970/2001/51 1971/2002/52 2035/2067/52
f 1970/2001/51 2035/2067/52 2034/2066/51
f 1971/2002/52 1972/2003/53 2035/2067/52
f 1972/2003/53 2036/2068/53 2035/2067/52
f 1972/2003/53 1973/2004/54 2037/2069/54
f 1972/2003/53 2037/2069/54 2036/2068/53
f 1973/2004/54 1974/2005/55 2037/2069/54
f 1974/2005/55 2038/2070/55 2037/2069/54
f 1974/2005/55 1975/2006/56 2039/2071/56
f 1974/2005/55 2039/2071/56 2038/2070/55
f 1975/2006/56 1976/2007/57 2039/2071/56
f 1976/2007/57 2040/2072/57 2039/2071/56
f 1976/2007/57 1977/2008/58 2041/2073/58
f 1976/2007/57 2041/2073/58 2040/2072/57
f 1977/2008/58 1978/2009/59 2041/2073/58
f 1978/2009/59 2042/2074/59 2041/2073/58
f 1978/2009/59 1979/2010/60 2043/2075/60
f 1978/2009/59 2043/2075/60 2042/2074/59
f 1979/2010/60 1980/2011/61 2043/2075/60
f 1980/2011/61 2044/2076/61 2043/2075/60
f 1980/2011/61 1981/2012/62 2045/2077/62
f 1980/2011/61 2045/2077/62 2044/2076/61
f 1981/2012/62 1982/2013/63 2045/2077/62
f 1982/2013/63 2046/2078/63 2045/2077/62
f 1982/2013/63 1983/2014/64 2047/2079/64
f 1982/2013/63 2047/2079/64 2046/2078/63
f 1983/2014/64 1984/2015/1 2047/2079/64
f 1984/2015/1 2048/2080/1 2047/2079/64
f 2048/2017/1 1985/2016/2 2112/2081/1
f 1985/2016/2 2049/2082/2 2112/2081/1
f 1985/2016/2 1986/2018/3 2050/2083/3
f 1985/2016/2 2050/2083/3 2049/2082/2
f 1986/2018/3 1987/2019/4 2050/2083/3
f 1987/2019/4 2051/2084/4 2050/2083/3
f 1987/2019/4 1988/2020/5 2052/2085/5
f 1987/2019/4 2052/2085/5 2051/2084/4
f 1988/2020/5 1989/2021/6 2052/2085/5
f 1989/2021/6 2053/2086/6 2052/2085/5
f 1989/2021/6 1990/2022/7 2054/2087/7
f 1989/2021/6 2054/2087/7 2053/2086/6
f 1990/2022/7 1991/2023/8 2054/2087/7
f 1991/2023/8 2055/2088/8 2054/2087/7
f 1991/2023/8 1992/2024/9 2056/2089/9
f 1991/2023/8 2056/2089/9 2055/2088/8
f 1992/2024/9 1993/2025/10 2056/2089/9
f 1993/2025/10 2057/2090/10 2056/2089/9
f 1993/2025/10 1994/2026/11 2058/2091/11
f 1993/2025/10 2058/2091/11 2057/2090/10
f 1994/2026/11 1995/2027/12 2058/2091/11
f 1995/2027/12 2059/2092/12 2058/2091/11
f 1995/2027/12 1996/2028/13 2060/2093/13
f 1995/2027/12 2060/2093/13 2059/2092/12
f 1996/2028/13 1997/2029/14 2060/2093/13
f 1997/2029/14 2061/2094/14 2060/2093/13
f 1997/2029/14 1998/2030/15 2062/2095/15
f 1997/2029/14 2062/2095/15 2061/2094/14
f 1998/2030/15 1999/2031/16 2062/2095/15
f 1999/2031/16 2063/2096/16 2062/2095/15
f 1999/2031/16 2000/2032/17 2064/2097/17
f 1999/2031/16 2064/2097/17 2063/2096/16
f 2000/2032/17 2001/2033/18 2064/2097/17
f 2001/2033/18 2065/2098/18 2064/2097/17
f 2001/2033/18 2002/2034/19 2066/2099/19
f 2001/2033/18 2066/2099/19 2065/2098/18
f 2002/2034/19 2003/2035/20 2066/2099/19
f 2003/2035/20 2067/2100/20 2066/2099/19
f 2003/2035/20 2004/2036/21 2068/2101/21
f 2003/2035/20 2068/2101/21 2067/2100/20
f 2004/2036/21 2005/2037/22 2068/2101/21
f 2005/2037/22 2069/2102/22 2068/2101/21
f 2005/2037/22 2006/2038/23 2070/2103/23
f 2005/2037/22 2070/2103/23 2069/2102/22
f 2006/2038/23 2007/2039/24 2070/2103/23
f 2007/2039/24 2071/2104/24 2070/2103/23
f 2007/2039/24 2008/2040/25 2072/2105/25
f 2007/2039/24 2072/2105/25 2071/2104/24
f 2008/2040/25 2009/2041/26 2072/2105/25
f 2009/2041/26 2073/2106/26 2072/2105/25
f 2009/2041/26 2010/2042/27 2074/2107/27
f 2009/2041/26 2074/2107/27 2073/2106/26
f 2010/2042/27 2011/2043/28 2074/2107/27
f 2011/2043/28 2075/2108/28 2074/2107/27
f 2011/2043/28 2012/2044/29 2076/2109/29
f 2011/2043/28 2076/2109/29 2075/2108/28
f 2012/2044/29 2013/2045/30 2076/2109/29
f 2013/2045/30 2077/2110/30 2076/2109/29
f 2013/2045/30 2014/2046/31 2078/2111/31
f 2013/2045/30 2078/2111/31 2077/2110/30
f 2014/2046/31 2015/2047/32 2078/2111/31
f 2015/2047/32 2079/2112/32 2078/2111/31
f 2015/2047/32 2016/2048/33 2080/2113/33
f 2015/2047/32 2080/2113/33 2079/2112/32
f 2016/2048/33 2017/2049/34 2080/2113/33
f 2017/2049/34 2081/2114/34 2080/2113/33
f 2017/2049/34 2018/2050/35 2082/2115/35
f 2017/2049/34 2082/2115/35 2081/2114/34
f 2018/2050/35 2019/2051/36 2082/2115/35
f 2019/2051/36 2083/2116/36 2082/2115/35
f 2019/2051/36 2020/2052/37 2084/2117/37
f 2019/2051/36 2084/2117/37 2083/2116/36
f 2020/2052/37 2021/2053/38 2084/2117/37
f 2021/2053/38 2085/2118/38 2084/2117/37
f 2021/2053/38 2022/2054/39 2086/2119/39
f 2021/2053/38 2086/2119/39 2085/2118/38
f 2022/2054/39 2023/2055/40 2086/2119/39
f 2023/2055/40 2087/2120/40 2086/2119/39
f 2023/2055/40 2024/2056/41 2088/2121/41
f 2023/2055/40 2088/2121/41 2087/2120/40
f 2024/2056/41 2025/2057/42 2088/2121/41
f 2025/2057/42 2089/2122/42 2088/2121/41
f 2025/2057/42 2026/2058/43 2090/2123/43
f 2025/2057/42 2090/2123/43 2089/2122/42
f 2026/2058/43 2027/2059/44 2090/2123/43
f 2027/2059/44 2091/2124/44 2090/2123/43
f 2027/2059/44 2028/2060/45 2092/2125/45
f 2027/2059/44 2092/2125/45 2091/2124/44
f 2028/2060/45 2029/2061/46 2092/2125/45
f 2029/2061/46 2093/2126/46 2092/2125/45
f 2029/2061/46 2030/2062/47 2094/2127/47
f 2029/2061/46 2094/2127/47 2093/2126/46
f 2030/2062/47 2031/2063/48 2094/2127/47
f 2031/2063/48 2095/2128/48 2094/2127/47
f 2031/2063/48 2032/2064/49 2096/2129/49
f 2031/2063/48 2096/2129/49 2095/2128/48
f 2032/2064/49 2033/2065/50 2096/2129/49
f 2033/2065/50 2097/2130/50 2096/2129/49
f 2033/2065/50 2034/2066/51 2098/2131/51
f 2033/2065/50 2098/2131/51 2097/2130/50
f 2034/2066/51 2035/2067/52 2098/2131/51
f 2035/2067/52 2099/2132/52 2098/2131/51
f 2035/2067/52 2036/2068/53 2100/2133/53
f 2035/2067/52 2100/2133/53 2099/2132/52
f 2036/2068/53 2037/2069/54 2100/2133/53
f 2037/2069/54 2101/2134/54 2100/2133/53
f 2037/2069/54 2038/2070/55 2102/2135/55
f 2037/2069/54 2102/2135/55 2101/2134/54
f 2038/2070/55 2039/2071/56 2102/2135/55
f 2039/2071/56 2103/2136/56 2102/2135/55
f 2039/2071/56 2040/2072/57 2104/2137/57
f 2039/2071/56 2104/2137/57 2103/2136/56
f 2040/2072/57 2041/2073/58 2104/2137/57
f 2041/2073/58 2105/2138/58 2104/2137/57
f 2041/2073/58 2042/2074/59 2106/2139/59
f 2041/2073/58 2106/2139/59 2105/2138/58
f 2042/2074/59 2043/2075/60 2106/2139/59
f 2043/2075/60 2107/2140/60 2106/2139/59
f 2043/2075/60 2044/2076/61 2108/2141/61
f 2043/2075/60 2108/2141/61 2107/2140/60
f 2044/2076/61 2045/2077/62 2108/2141/61
f 2045/2077/62 2109/2142/62 2108/2141/61
f 2045/2077/62 2046/2078/63 2110/2143/63
f 2045/2077/62 2110/2143/63 2109/2142/62
f 2046/2078/63 2047/2079/64 2110/2143/63
f 2047/2079/64 2111/2144/64 2110/2143/63
f 2047/2079/64 2048/2080/1 2112/2145/1
f 2047/2079/64 2112/2145/1 2111/2144/64
f 2112/2081/1 2049/2082/2 2114/2146/2
f 2112/2081/1 2114/2146/2 2113/2147/1
f 2049/2082/2 2050/2083/3 2114/2146/2
f 2050/2083/3 2115/2148/3 2114/2146/2
f 2050/2083/3 2051/2084/4 2116/2149/4
f 2050/2083/3 2116/2149/4 2115/2148/3
f 2051/2084/4 2052/2085/5 2116/2149/4
f 2052/2085/5 2117/2150/5 2116/2149/4
f 2052/2085/5 2053/2086/6 2118/2151/6
f 2052/2085/5 2118/2151/6 2117/2150/5
f 2053/2086/6 2054/2087/7 2118/2151/6
f 2054/2087/7 2119/2152/7 2118/2151/6
f 2054/2087/7 2055/2088/8 2120/2153/8
f 2054/2087/7 2120/2153/8 2119/2152/7
f 2055/2088/8 2056/2089/9 2120/2153/8
f 2056/2089/9 2121/2154/9 2120/2153/8
f 2056/2089/9 2057/2090/10 2122/2155/10
f 2056/2089/9 2122/2155/10 2121/2154/9
f 2057/2090/10 2058/2091/11 2122/2155/10
f 2058/2091/11 2123/2156/11 2122/2155/10
f 2058/2091/11 2059/2092/12 2124/2157/12
f 2058/2091/11 2124/2157/12 2123/2156/11
f 2059/2092/12 2060/2093/13 2124/2157/12
f 2060/2093/13 2125/2158/13 2124/2157/12
f 2060/2093/13 2061/2094/14 2126/2159/14
f 2060/2093/13 2126/2159/14 2125/2158/13
f 2061/2094/14 2062/2095/15 2126/2159/14
f 2062/2095/15 2127/2160/15 2126/2159/14
f 2062/2095/15 2063/2096/16 2128/2161/16
f 2062/2095/15 2128/2161/16 2127/2160/15
f 2063/2096/16 2064/2097/17 2128/2161/16
f 2064/2097/17 2129/2162/17 2128/2161/16
f 2064/2097/17 2065/2098/18 2130/2163/18
f 2064/2097/17 2130/2163/18 2129/2162/17
f 2065/2098/18 2066/2099/19 2130/2163/18
f 2066/2099/19 2131/2164/19 2130/2163/18
f 2066/2099/19 2067/2100/20 2132/2165/20
f 2066/2099/19 2132/2165/20 2131/2164/19
f 2067/2100/20 2068/2101/21 2132/2165/20
f 2068/2101/21 2133/2166/21 2132/2165/20
f 2068/2101/21 2069/2102/22 2134/2167/22
f 2068/2101/21 2134/2167/22 2133/2166/21
f 2069/2102/22 2070/2103/23 2134/2167/22
f 2070/2103/23 2135/2168/23 2134/2167/22
f 2070/2103/23 2071/2104/24 2136/2169/24
f 2070/2103/23 2136/2169/24 2135/2168/23
f 2071/2104/24 2072/2105/25 2136/2169/24
f 2072/2105/25 2137/2170/25 2136/2169/24
f 2072/2105/25 2073/2106/26 2138/2171/26
f 2072/2105/25 2138/2171/26 2137/2170/25
f 2073/2106/26 2074/2107/27 2138/2171/26
f 2074/2107/27 2139/2172/27 2138/2171/26
f 2074/2107/27 2075/2108/28 2140/2173/28
f 2074/2107/27 2140/2173/28 2139/2172/27
f 2075/2108/28 2076/2109/29 2140/2173/28
f 2076/2109/29 2141/2174/29 2140/2173/28
f 2076/2109/29 2077/2110/30 2142/2175/30
f 2076/2109/29 2142/2175/30 2141/2174/29
f 2077/2110/30 2078/2111/31 2142/2175/30
f 2078/2111/31 2143/2176/31 2142/2175/30
f 2078/2111/31 2079/2112/32 2144/2177/32
f 2078/2111/31 2144/2177/32 2143/2176/31
f 2079/2112/32 2080/2113/33 2144/2177/32
f 2080/2113/33 2145/2178/33 2144/2177/32
f 2080/2113/33 2081/2114/34 2146/2179/34
f 2080/2113/33 2146/2179/34 2145/2178/33
f 2081/2114/34 2082/2115/35 2146/2179/34
f 2082/2115/35 2147/2180/35 2146/2179/34
f 2082/2115/35 2083/2116/36 2148/2181/36
f 2082/2115/35 2148/2181/36 2147/2180/35
f 2083/2116/36 2084/2117/37 2148/2181/36
f 2084/2117/37 2149/2182/37 2148/2181/36
f 2084/2117/37 2085/2118/38 2150/2183/38
f 2084/2117/37 2150/2183/38 2149/2182/37
f 2085/2118/38 2086/2119/39 2150/2183/38
f 2086/2119/39 2151/2184/39 2150/2183/38
f 2086/2119/39 2087/2120/40 2152/2185/40
f 2086/2119/39 2152/2185/40 2151/2184/39
f 2087/2120/40 2088/2121/41 2152/2185/40
f 2088/2121/41 2153/2186/41 2152/2185/40
f 2088/2121/41 2089/2122/42 2154/2187/42
f 2088/2121/41 2154/2187/42 2153/2186/41
f 2089/2122/42 2090/2123/43 2154/2187/42
f 2090/2123/43 2155/2188/43 2154/2187/42
f 2090/2123/43 2091/2124/44 2156/2189/44
f 2090/2123/43 2156/2189/44 2155/2188/43
f 2091/2124/44 2092/2125/45 2156/2189/44
f 2092/2125/45 2157/2190/45 2156/2189/44
f 2092/2125/45 2093/2126/46 2158/2191/46
f 2092/2125/45 2158/2191/46 2157/2190/45
f 2093/2126/46 2094/2127/47 2158/2191/46
f 2094/2127/47 2159/2192/47 2158/2191/46
f 2094/2127/47 2095/2128/48 2160/2193/48
f 2094/2127/47 2160/2193/48 2159/2192/47
f 2095/2128/48 2096/2129/49 2160/2193/48
f 2096/2129/49 2161/2194/49 2160/2193/48
f 2096/2129/49 2097/2130/50 2162/2195/50
f 2096/2129/49 2162/2195/50 2161/2194/49
f 2097/2130/50 2098/2131/51 2162/2195/50
f 2098/2131/51 2163/2196/51 2162/2195/50
f 2098/2131/51 2099/2132/52 2164/2197/52
f 2098/2131/51 2164/2197/52 2163/2196/51
f 2099/2132/52 2100/2133/53 2164/2197/52
f 2100/2133/53 2165/2198/53 2164/2197/52
f 2100/2133/53 2101/2134/54 2166/2199/54
f 2100/2133/53 2166/2199/54 2165/2198/53
f 2101/2134/54 2102/2135/55 2166/2199/54
f 2102/2135/55 2167/2200/55 2166/2199/54
f 2102/2135/55 2103/2136/56 2168/2201/56
f 2102/2135/55 2168/2201/56 2167/2200/55
f 2103/2136/56 2104/2137/57 2168/2201/56
f 2104/2137/57 2169/2202/57 2168/2201/56
f 2104/2137/57 2105/2138/58 2170/2203/58
f 2104/2137/57 2170/2203/58 2169/2202/57
f 2105/2138/58 2106/2139/59 2170/2203/58
f 2106/2139/59 2171/2204/59 2170/2203/58
f 2106/2139/59 2107/2140/60 2172/2205/60
f 2106/2139/59 2172/2205/60 2171/2204/59
f 2107/2140/60 2108/2141/61 2172/2205/60
f 2108/2141/61 2173/2206/61 2172/2205/60
f 2108/2141/61 2109/2142/62 2174/2207/62
f 2108/2141/61 2174/2207/62 2173/2206/61
f 2109/2142/62 2110/2143/63 2174/2207/62
f 2110/2143/63 2175/2208/63 2174/2207/62
f 2110/2143/63 2111/2144/64 2176/2209/64
f 2110/2143/63 2176/2209/64 2175/2208/63
f 2111/2144/64 2112/2145/1 2176/2209/64
f 2112/2145/1 2113/2210/1 2176/2209/64
f 2113/2147/1 2114/2146/2 2177/2211/1
f 2114/2146/2 2178/2212/2 2177/2211/1
f 2114/2146/2 2115/2148/3 2179/2213/3
f 2114/2146/2 2179/2213/3 2178/2212/2
f 2115/2148/3 2116/2149/4 2179/2213/3
f 2116/2149/4 2180/2214/4 2179/2213/3
f 2116/2149/4 2117/2150/5 2181/2215/5
f 2116/2149/4 2181/2215/5 2180/2214/4
f 2117/2150/5 2118/2151/6 2181/2215/5
f 2118/2151/6 2182/2216/6 2181/2215/5
f 2118/2151/6 2119/2152/7 2183/2217/7
f 2118/2151/6 2183/2217/7 2182/2216/6
f 2119/2152/7 2120/2153/8 2183/2217/7
f 2120/2153/8 2184/2218/8 2183/2217/7
f 2120/2153/8 2121/2154/9 2185/2219/9
f 2120/2153/8 2185/2219/9 2184/2218/8
f 2121/2154/9 2122/2155/10 2185/2219/9
f 2122/2155/10 2186/2220/10 2185/2219/9
f 2122/2155/10 2123/2156/11 2187/2221/11
f 2122/2155/10 2187/2221/11 2186/2220/10
f 2123/2156/11 2124/2157/12 2187/2221/11
f 2124/2157/12 2188/2222/12 2187/2221/11
f 2124/2157/12 2125/2158/13 2189/2223/13
f 2124/2157/12 2189/2223/13 2188/2222/12
f 2125/2158/13 2126/2159/14 2189/2223/13
f 2126/2159/14 2190/2224/14 2189/2223/13
f 2126/2159/14 2127/2160/15 2191/2225/15
f 2126/2159/14 2191/2225/15 2190/2224/14
f 2127/2160/15 2128/2161/16 2191/2225/15
f 2128/2161/16 2192/2226/16 2191/2225/15
f 2128/2161/16 2129/2162/17 2193/2227/17
f 2128/2161/16 2193/2227/17 2192/2226/16
f 2129/2162/17 2130/2163/18 2193/2227/17
f 2130/2163/18 2194/2228/18 2193/2227/17
f 2130/2163/18 2131/2164/19 2195/2229/19
f 2130/2163/18 2195/2229/19 2194/2228/18
f 2131/2164/19 2132/2165/20 2195/2229/19
f 2132/2165/20 2196/2230/20 2195/2229/19
f 2132/2165/20 2133/2166/21 2197/2231/21
f 2132/2165/20 2197/2231/21 2196/2230/20
f 2133/2166/21 2134/2167/22 2197/2231/21
f 2134/2167/22 2198/2232/22 2197/2231/21
f 2134/2167/22 2135/2168/23 2199/2233/23
f 2134/2167/22 2199/2233/23 2198/2232/22
f 2135/2168/23 2136/2169/24 2199/2233/23
f 2136/2169/24 2200/2234/24 2199/2233/23
f 2136/2169/24 2137/2170/25 2201/2235/25
f 2136/2169/24 2201/2235/25 2200/2234/24
f 2137/2170/25 2138/2171/26 2201/2235/25
f 2138/2171/26 2202/2236/26 2201/2235/25
f 2138/2171/26 2139/2172/27 2203/2237/27
f 2138/2171/26 2203/2237/27 2202/2236/26
f 2139/2172/27 2140/2173/28 2203/2237/27
f 2140/2173/28 2204/2238/28 2203/2237/27
f 2140/2173/28 2141/2174/29 2205/2239/29
f 2140/2173/28 2205/2239/29 2204/2238/28
f 2141/2174/29 2142/2175/30 2205/2239/29
f 2142/2175/30 2206/2240/30 2205/2239/29
f 2142/2175/30 2143/2176/31 2207/2241/31
f 2142/2175/30 2207/2241/31 2206/2240/30
f 2143/2176/31 2144/2177/32 2207/2241/31
f 2144/2177/32 2208/2242/32 2207/2241/31
f 2144/2177/32 2145/2178/33 2209/2243/33
f 2144/2177/32 2209/2243/33 2208/2242/32
f 2145/2178/33 2146/2179/34 2209/2243/33
f 2146/2179/34 2210/2244/34 2209/2243/33
f 2146/2179/34 2147/2180/35 2211/2245/35
f 2146/2179/34 2211/2245/35 2210/2244/34
f 2147/2180/35 2148/2181/36 2211/2245/35
f 2148/2181/36 2212/2246/36 2211/2245/35
f 2148/2181/36 2149/2182/37 2213/2247/37
f 2148/2181/36 2213/2247/37 2212/2246/36
f 2149/2182/37 2150/2183/38 2213/2247/37
f 2150/2183/38 2214/2248/38 2213/2247/37
f 2150/2183/38 2151/2184/39 2215/2249/39
f 2150/2183/38 2215/2249/39 2214/2248/38
f 2151/2184/39 2152/2185/40 2215/2249/39
f 2152/2185/40 2216/2250/40 2215/2249/39
f 2152/2185/40 2153/2186/41 2217/2251/41
f 2152/2185/40 2217/2251/41 2216/2250/40
f 2153/2186/41 2154/2187/42 2217/2251/41
f 2154/2187/42 2218/2252/42 2217/2251/41
f 2154/2187/42 2155/2188/43 2219/2253/43
f 2154/2187/42 2219/2253/43 2218/2252/42
f 2155/2188/43 2156/2189/44 2219/2253/43
f 2156/2189/44 2220/2254/44 2219/2253/43
f 2156/2189/44 2157/2190/45 2221/2255/45
f 2156/2189/44 2221/2255/45 2220/2254/44
f 2157/2190/45 2158/2191/46 2221/2255/45
f 2158/2191/46 2222/2256/46 2221/2255/45
f 2158/2191/46 2159/2192/47 2223/2257/47
f 2158/2191/46 2223/2257/47 2222/2256/46
f 2159/2192/47 2160/2193/48 2223/2257/47
f 2160/2193/48 2224/2258/48 2223/2257/47
f 2160/2193/48 2161/2194/49 2225/2259/49
f 2160/2193/48 2225/2259/49 2224/2258/48
f 2161/2194/49 2162/2195/50 2225/2259/49
f 2162/2195/50 2226/2260/50 2225/2259/49
f 2162/2195/50 2163/2196/51 2227/2261/51
f 2162/2195/50 2227/2261/51 2226/2260/50
f 2163/2196/51 2164/2197/52 2227/2261/51
f 2164/2197/52 2228/2262/52 2227/2261/51
f 2164/2197/52 2165/2198/53 2229/2263/53
f 2164/2197/52 2229/2263/53 2228/2262/52
f 2165/2198/53 2166/2199/54 2229/2263/53
f 2166/2199/54 2230/2264/54 2229/2263/53
f 2166/2199/54 2167/2200/55 2231/2265/55
f 2166/2199/54 2231/2265/55 2230/2264/54
f 2167/2200/55 2168/2201/56 2231/2265/55
f 2168/2201/56 2232/2266/56 2231/2265/55
f 2168/2201/56 2169/2202/57 2233/2267/57
f 2168/2201/56 2233/2267/57 2232/2266/56
f 2169/2202/57 2170/2203/58 2233/2267/57
f 2170/2203/58 2234/2268/58 2233/2267/57
f 2170/2203/58 2171/2204/59 2235/2269/59
f 2170/2203/58 2235/2269/59 2234/2268/58
f 2171/2204/59 2172/2205/60 2235/2269/59
f 2172/2205/60 2236/2270/60 2235/2269/59
f 2172/2205/60 2173/2206/61 2237/2271/61
f 2172/2205/60 2237/2271/61 2236/2270/60
f 2173/2206/61 2174/2207/62 2237/2271/61
f 2174/2207/62 2238/2272/62 2237/2271/61
f 2174/2207/62 2175/2208/63 2239/2273/63
f 2174/2207/62 2239/2273/63 2238/2272/62
f 2175/2208/63 2176/2209/64 2239/2273/63
f 2176/2209/64 2240/2274/64 2239/2273/63
f 2176/2209/64 2113/2210/1 2177/2275/1
f 2176/2209/64 2177/2275/1 2240/2274/64
f 2177/2211/1 2178/2212/2 2241/2276/2
f 2177/2211/1 2241/2276/2 2304/2277/1
f 2178/2212/2 2179/2213/3 2241/2276/2
f 2179/2213/3 2242/2278/3 2241/2276/2
f 2179/2213/3 2180/2214/4 2243/2279/4
f 2179/2213/3 2243/2279/4 2242/2278/3
f 2180/2214/4 2181/2215/5 2243/2279/4
f 2181/2215/5 2244/2280/5 2243/2279/4
f 2181/2215/5 2182/2216/6 2245/2281/6
f 2181/2215/5 2245/2281/6 2244/2280/5
f 2182/2216/6 2183/2217/7 2245/2281/6
f 2183/2217/7 2246/2282/7 2245/2281/6
f 2183/2217/7 2184/2218/8 2247/2283/8
f 2183/2217/7 2247/2283/8 2246/2282/7
f 2184/2218/8 2185/2219/9 2247/2283/8
f 2185/2219/9 2248/2284/9 2247/2283/8
f 2185/2219/9 2186/2220/10 2249/2285/10
f 2185/2219/9 2249/2285/10 2248/2284/9
f 2186/2220/10 2187/2221/11 2249/2285/10
f 2187/2221/11 2250/2286/11 2249/2285/10
f 2187/2221/11 2188/2222/12 2251/2287/12
f 2187/2221/11 2251/2287/12 2250/2286/11
f 2188/2222/12 2189/2223/13 2251/2287/12
f 2189/2223/13 2252/2288/13 2251/2287/12
f 2189/2223/13 2190/2224/14 2253/2289/14
f 2189/2223/13 2253/2289/14 2252/2288/13
f 2190/2224/14 2191/2225/15 2253/2289/14
f 2191/2225/15 2254/2290/15 2253/2289/14
f 2191/2225/15 2192/2226/16 2255/2291/16
f 2191/2225/15 2255/2291/16 2254/2290/15
f 2192/2226/16 2193/2227/17 2255/2291/16
f 2193/2227/17 2256/2292/17 2255/2291/16
f 2193/2227/17 2194/2228/18 2257/2293/18
f 2193/2227/17 2257/2293/18 2256/2292/17
f 2194/2228/18 2195/2229/19 2257/2293/18
f 2195/2229/19 2258/2294/19 2257/2293/18
f 2195/2229/19 2196/2230/20 2259/2295/20
f 2195/2229/19 2259/2295/20 2258/2294/19
f 2196/2230/20 2197/2231/21 2259/2295/20
f 2197/2231/21 2260/2296/21 2259/2295/20
f 2197/2231/21 2198/2232/22 2261/2297/22
f 2197/2231/21 2261/2297/22 2260/2296/21
f 2198/2232/22 2199/2233/23 2261/2297/22
f 2199/2233/23 2262/2298/23 2261/2297/22
f 2199/2233/23 2200/2234/24 2263/2299/24
f 2199/2233/23 2263/2299/24 2262/2298/23
f 2200/2234/24 2201/2235/25 2263/2299/24
f 2201/2235/25 2264/2300/25 2263/2299/24
f 2201/2235/25 2202/2236/26 2265/2301/26
f 2201/2235/25 2265/2301/26 2264/2300/25
f 2202/2236/26 2203/2237/27 2265/2301/26
f 2203/2237/27 2266/2302/27 2265/2301/26
f 2203/2237/27 2204/2238/28 2267/2303/28
f 2203/2237/27 2267/2303/28 2266/2302/27
f 2204/2238/28 2205/2239/29 2267/2303/28
f 2205/2239/29 2268/2304/29 2267/2303/28
f 2205/2239/29 2206/2240/30 2269/2305/30
f 2205/2239/29 2269/2305/30 2268/2304/29
f 2206/2240/30 2207/2241/31 2269/2305/30
f 2207/2241/31 2270/2306/31 2269/2305/30
f 2207/2241/31 2208/2242/32 2271/2307/32
f 2207/2241/31 2271/2307/32 2270/2306/31
f 2208/2242/32 2209/2243/33 2271/2307/32
f 2209/2243/33 2272/2308/33 2271/2307/32
f 2209/2243/33 2210/2244/34 2273/2309/34
f 2209/2243/33 2273/2309/34 2272/2308/33
f 2210/2244/34 2211/2245/35 2273/2309/34
f 2211/2245/35 2274/2310/35 2273/2309/34
f 2211/2245/35 2212/2246/36 2275/2311/36
f 2211/2245/35 2275/2311/36 2274/2310/35
f 2212/2246/36 2213/2247/37 2275/2311/36
f 2213/2247/37 2276/2312/37 2275/2311/36
f 2213/2247/37 2214/2248/38 2277/2313/38
f 2213/2247/37 2277/2313/38 2276/2312/37
f 2214/2248/38 2215/2249/39 2277/2313/38
f 2215/2249/39 2278/2314/39 2277/2313/38
f 2215/2249/39 2216/2250/40 2279/2315/40
f 2215/2249/39 2279/2315/40 2278/2314/39
f 2216/2250/40 2217/2251/41 2279/2315/40
f 2217/2251/41 2280/2316/41 2279/2315/40
f 2217/2251/41 2218/2252/42 2281/2317/42
f 2217/2251/41 2281/2317/42 2280/2316/41
f 2218/2252/42 2219/2253/43 2281/2317/42
f 2219/2253/43 2282/2318/43 2281/2317/42
f 2219/2253/43 2220/2254/44 2283/2319/44
f 2219/2253/43 2283/2319/44 2282/2318/43
f 2220/2254/44 2221/2255/45 2283/2319/44
f 2221/2255/45 2284/2320/45 2283/2319/44
f 2221/2255/45 2222/2256/46 2285/2321/46
f 2221/2255/45 2285/2321/46 2284/2320/45
f 2222/2256/46 2223/2257/47 2285/2321/46
f 2223/2257/47 2286/2322/47 2285/2321/46
f 2223/2257/47 2224/2258/48 2287/2323/48
f 2223/2257/47 2287/2323/48 2286/2322/47
f 2224/2258/48 2225/2259/49 2287/2323/48
f 2225/2259/49 2288/2324/49 2287/2323/48
f 2225/2259/49 2226/2260/50 2289/2325/50
f 2225/2259/49 2289/2325/50 2288/2324/49
f 2226/2260/50 2227/2261/51 2289/2325/50
f 2227/2261/51 2290/2326/51 2289/2325/50
f 2227/2261/51 2228/2262/52 2291/2327/52
f 2227/2261/51 2291/2327/52 2290/2326/51
f 2228/2262/52 2229/2263/53 2291/2327/52
f 2229/2263/53 2292/2328/53 2291/2327/52
f 2229/2263/53 2230/2264/54 2293/2329/54
f 2229/2263/53 2293/2329/54 2292/2328/53
f 2230/2264/54 2231/2265/55 2293/2329/54
f 2231/2265/55 2294/2330/55 2293/2329/54
f 2231/2265/55 2232/2266/56 2295/2331/56
f 2231/2265/55 2295/2331/56 2294/2330/55
f 2232/2266/56 2233/2267/57 2295/2331/56
f 2233/2267/57 2296/2332/57 2295/2331/56
f 2233/2267/57 2234/2268/58 2297/2333/58
f 2233/2267/57 2297/2333/58 2296/2332/57
f 2234/2268/58 2235/2269/59 2297/2333/58
f 2235/2269/59 2298/2334/59 2297/2333/58
f 2235/2269/59 2236/2270/60 2299/2335/60
f 2235/2269/59 2299/2335/60 2298/2334/59
f 2236/2270/60 2237/2271/61 2299/2335/60
f 2237/2271/61 2300/2336/61 2299/2335/60
f 2237/2271/61 2238/2272/62 2301/2337/62
f 2237/2271/61 2301/2337/62 2300/2336/61
f 2238/2272/62 2239/2273/63 2301/2337/62
f 2239/2273/63 2302/2338/63 2301/2337/62
f 2239/2273/63 2240/2274/64 2303/2339/64
f 2239/2273/63 2303/2339/64 2302/2338/63
f 2240/2274/64 2177/2275/1 2303/2339/64
f 2177/2275/1 2304/2340/1 2303/2339/64
f 2304/2277/1 2241/2276/2 2368/2341/1
f 2241/2276/2 2305/2342/2 2368/2341/1
f 2241/2276/2 2242/2278/3 2306/2343/3
f 2241/2276/2 2306/2343/3 2305/2342/2
f 2242/2278/3 2243/2279/4 2306/2343/3
f 2243/2279/4 2307/2344/4 2306/2343/3
f 2243/2279/4 2244/2280/5 2308/2345/5
f 2243/2279/4 2308/2345/5 2307/2344/4
f 2244/2280/5 2245/2281/6 2308/2345/5
f 2245/2281/6 2309/2346/6 2308/2345/5
f 2245/2281/6 2246/2282/7 2310/2347/7
f 2245/2281/6 2310/2347/7 2309/2346/6
f 2246/2282/7 2247/2283/8 2310/2347/7
f 2247/2283/8 2311/2348/8 2310/2347/7
f 2247/2283/8 2248/2284/9 2312/2349/9
f 2247/2283/8 2312/2349/9 2311/2348/8
f 2248/2284/9 2249/2285/10 2312/2349/9
f 2249/2285/10 2313/2350/10 2312/2349/9
f 2249/2285/10 2250/2286/11 2314/2351/11
f 2249/2285/10 2314/2351/11 2313/2350/10
f 2250/2286/11 2251/2287/12 2314/2351/11
f 2251/2287/12 2315/2352/12 2314/2351/11
f 2251/2287/12 2252/2288/13 2316/2353/13
f 2251/2287/12 2316/2353/13 2315/2352/12
f 2252/2288/13 2253/2289/14 2316/2353/13
f 2253/2289/14 2317/2354/14 2316/2353/13
f 2253/2289/14 2254/2290/15 2318/2355/15
f 2253/2289/14 2318/2355/15 2317/2354/14
f 2254/2290/15 2255/2291/16 2318/2355/15
f 2255/2291/16 2319/2356/16 2318/2355/15
f 2255/2291/16 2256/2292/17 2320/2357/17
f 2255/2291/16 2320/2357/17 2319/2356/16
f 2256/2292/17 2257/2293/18 2320/2357/17
f 2257/2293/18 2321/2358/18 2320/2357/17
f 2257/2293/18 2258/2294/19 2322/2359/19
f 2257/2293/18 2322/2359/19 2321/2358/18
f 2258/2294/19 2259/2295/20 2322/2359/19
f 2259/2295/20 2323/2360/20 2322/2359/19
f 2259/2295/20 2260/2296/21 2324/2361/21
f 2259/2295/20 2324/2361/21 2323/2360/20
f 2260/2296/21 2261/2297/22 2324/2361/21
f 2261/2297/22 2325/2362/22 2324/2361/21
f 2261/2297/22 2262/2298/23 2326/2363/23
f 2261/2297/22 2326/2363/23 2325/2362/22
f 2262/2298/23 2263/2299/24 2326/2363/23
f 2263/2299/24 2327/2364/24 2326/2363/23
f 2263/2299/24 2264/2300/25 2328/2365/25
f 2263/2299/24 2328/2365/25 2327/2364/24
f 2264/2300/25 2265/2301/26 2328/2365/25
f 2265/2301/26 2329/2366/26 2328/2365/25
f 2265/2301/26 2266/2302/27 2330/2367/27
f 2265/2301/26 2330/2367/27 2329/2366/26
f 2266/2302/27 2267/2303/28 2330/2367/27
f 2267/2303/28 2331/2368/28 2330/2367/27
f 2267/2303/28 2268/2304/29 2332/2369/29
f 2267/2303/28 2332/2369/29 2331/2368/28
f 2268/2304/29 2269/2305/30 2332/2369/29
f 2269/2305/30 2333/2370/30 2332/2369/29
f 2269/2305/30 2270/2306/31 2334/2371/31
f 2269/2305/30 2334/2371/31 2333/2370/30
f 2270/2306/31 2271/2307/32 2334/2371/31
f 2271/2307/32 2335/2372/32 2334/2371/31
f 2271/2307/32 2272/2308/33 2336/2373/33
f 2271/2307/32 2336/2373/33 2335/2372/32
f 2272/2308/33 2273/2309/34 2336/2373/33
f 2273/2309/34 2337/2374/34 2336/2373/33
f 2273/2309/34 2274/2310/35 2338/2375/35
f 2273/2309/34 2338/2375/35 2337/2374/34
f 2274/2310/35 2275/2311/36 2338/2375/35
f 2275/2311/36 2339/2376/36 2338/2375/35
f 2275/2311/36 2276/2312/37 2340/2377/37
f 2275/2311/36 2340/2377/37 2339/2376/36
f 2276/2312/37 2277/2313/38 2340/2377/37
f 2277/2313/38 2341/2378/38 2340/2377/37
f 2277/2313/38 2278/2314/39 2342/2379/39
f 2277/2313/38 2342/2379/39 2341/2378/38
f 2278/2314/39 2279/2315/40 2342/2379/39
f 2279/2315/40 2343/2380/40 2342/2379/39
f 2279/2315/40 2280/2316/41 2344/2381/41
f 2279/2315/40 2344/2381/41 2343/2380/40
f 2280/2316/41 2281/2317/42 2344/2381/41
f 2281/2317/42 2345/2382/42 2344/2381/41
f 2281/2317/42 2282/2318/43 2346/2383/43
f 2281/2317/42 2346/2383/43 2345/2382/42
f 2282/2318/43 2283/2319/44 2346/2383/43
f 2283/2319/44 2347/2384/44 2346/2383/43
f 2283/2319/44 2284/2320/45 2348/2385/45
f 2283/2319/44 2348/2385/45 2347/2384/44
f 2284/2320/45 2285/2321/46 2348/2385/45
f 2285/2321/46 2349/2386/46 2348/2385/45
f 2285/2321/46 2286/2322/47 2350/2387/47
f 2285/2321/46 2350/2387/47 2349/2386/46
f 2286/2322/47 2287/2323/48 2350/2387/47
f 2287/2323/48 2351/2388/48 2350/2387/47
f 2287/2323/48 2288/2324/49 2352/2389/49
f 2287/2323/48 2352/2389/49 2351/2388/48
f 2288/2324/49 2289/2325/50 2352/2389/49
f 2289/2325/50 2353/2390/50 2352/2389/49
f 2289/2325/50 2290/2326/51 2354/2391/51
f 2289/2325/50 2354/2391/51 2353/2390/50
f 2290/2326/51 2291/2327/52 2354/2391/51
f 2291/2327/52 2355/2392/52 2354/2391/51
f 2291/2327/52 2292/2328/53 2356/2393/53
f 2291/2327/52 2356/2393/53 2355/2392/52
f 2292/2328/53 2293/2329/54 2356/2393/53
f 2293/2329/54 2357/2394/54 2356/2393/53
f 2293/2329/54 2294/2330/55 2358/2395/55
f 2293/2329/54 2358/2395/55 2357/2394/54
f 2294/2330/55 2295/2331/56 2358/2395/55
f 2295/2331/56 2359/2396/56 2358/2395/55
f 2295/2331/56 2296/2332/57 2360/2397/57
f 2295/2331/56 2360/2397/57 2359/2396/56
f 2296/2332/57 2297/2333/58 2360/2397/57
f 2297/2333/58 2361/2398/58 2360/2397/57
f 2297/2333/58 2298/2334/59 2362/2399/59
f 2297/2333/58 2362/2399/59 2361/2398/58
f 2298/2334/59 2299/2335/60 2362/2399/59
f 2299/2335/60 2363/2400/60 2362/2399/59
f 2299/2335/60 2300/2336/61 2364/2401/61
f 2299/2335/60 2364/2401/61 2363/2400/60
f 2300/2336/61 2301/2337/62 2364/2401/61
f 2301/2337/62 2365/2402/62 2364/2401/61
f 2301/2337/62 2302/2338/63 2366/2403/63
f 2301/2337/62 2366/2403/63 2365/2402/62
f 2302/2338/63 2303/2339/64 2366/2403/63
f 2303/2339/64 2367/2404/64 2366/2403/63
f 2303/2339/64 2304/2340/1 2368/2405/1
f 2303/2339/64 2368/2405/1 2367/2404/64
f 2368/2341/1 2305/2342/2 2369/2406/2
f 2368/2341/1 2369/2406/2 2432/2407/1
f 2305/2342/2 2306/2343/3 2369/2406/2
f 2306/2343/3 2370/2408/3 2369/2406/2
f 2306/2343/3 2307/2344/4 2371/2409/4
f 2306/2343/3 2371/2409/4 2370/2408/3
f 2307/2344/4 2308/2345/5 2371/2409/4
f 2308/2345/5 2372/2410/5 2371/2409/4
f 2308/2345/5 2309/2346/6 2373/2411/6
f 2308/2345/5 2373/2411/6 2372/2410/5
f 2309/2346/6 2310/2347/7 2373/2411/6
f 2310/2347/7 2374/2412/7 2373/2411/6
f 2310/2347/7 2311/2348/8 2375/2413/8
f 2310/2347/7 2375/2413/8 2374/2412/7
f 2311/2348/8 2312/2349/9 2375/2413/8
f 2312/2349/9 2376/2414/9 2375/2413/8
f 2312/2349/9 2313/2350/10 2377/2415/10
f 2312/2349/9 2377/2415/10 2376/2414/9
f 2313/2350/10 2314/2351/11 2377/2415/10
f 2314/2351/11 2378/2416/11 2377/2415/10
f 2314/2351/11 2315/2352/12 2379/2417/12
f 2314/2351/11 2379/2417/12 2378/2416/11
f 2315/2352/12 2316/2353/13 2379/2417/12
f 2316/2353/13 2380/2418/13 2379/2417/12
f 2316/2353/13 2317/2354/14 2381/2419/14
f 2316/2353/13 2381/2419/14 2380/2418/13
f 2317/2354/14 2318/2355/15 2381/2419/14
f 2318/2355/15 2382/2420/15 2381/2419/14
f 2318/2355/15 2319/2356/16 2383/2421/16
f 2318/2355/15 2383/2421/16 2382/2420/15
f 2319/2356/16 2320/2357/17 2383/2421/16
f 2320/2357/17 2384/2422/17 2383/2421/16
f 2320/2357/17 2321/2358/18 2385/2423/18
f 2320/2357/17 2385/2423/18 2384/2422/17
f 2321/2358/18 2322/2359/19 2385/2423/18
f 2322/2359/19 2386/2424/19 2385/2423/18
f 2322/2359/19 2323/2360/20 2387/2425/20
f 2322/2359/19 2387/2425/20 2386/2424/19
f 2323/2360/20 2324/2361/21 2387/2425/20
f 2324/2361/21 2388/2426/21 2387/2425/20
f 2324/2361/21 2325/2362/22 2389/2427/22
f 2324/2361/21 2389/2427/22 2388/2426/21
f 2325/2362/22 2326/2363/23 2389/2427/22
f 2326/2363/23 2390/2428/23 2389/2427/22
f 2326/2363/23 2327/2364/24 2391/2429/24
f 2326/2363/23 2391/2429/24 2390/2428/23
f 2327/2364/24 2328/2365/25 2391/2429/24
f 2328/2365/25 2392/2430/25 2391/2429/24
f 2328/2365/25 2329/2366/26 2393/2431/26
f 2328/2365/25 2393/2431/26 2392/2430/25
f 2329/2366/26 2330/2367/27 2393/2431/26
f 2330/2367/27 2394/2432/27 2393/2431/26
f 2330/2367/27 2331/2368/28 2395/2433/28
f 2330/2367/27 2395/2433/28 2394/2432/27
f 2331/2368/28 2332/2369/29 2395/2433/28
f 2332/2369/29 2396/2434/29 2395/2433/28
f 2332/2369/29 2333/2370/30 2397/2435/30
f 2332/2369/29 2397/2435/30 2396/2434/29
f 2333/2370/30 2334/2371/31 2397/2435/30
f 2334/2371/31 2398/2436/31 2397/2435/30
f 2334/2371/31 2335/2372/32 2399/2437/32
f 2334/2371/31 2399/2437/32 2398/2436/31
f 2335/2372/32 2336/2373/33 2399/2437/32
f 2336/2373/33 2400/2438/33 2399/2437/32
f 2336/2373/33 2337/2374/34 2401/2439/34
f 2336/2373/33 2401/2439/34 2400/2438/33
f 2337/2374/34 2338/2375/35 2401/2439/34
f 2338/2375/35 2402/2440/35 2401/2439/34
f 2338/2375/35 2339/2376/36 2403/2441/36
f 2338/2375/35 2403/2441/36 2402/2440/35
f 2339/2376/36 2340/2377/37 2403/2441/36
f 2340/2377/37 2404/2442/37 2403/2441/36
f 2340/2377/37 2341/2378/38 2405/2443/38
f 2340/2377/37 2405/2443/38 2404/2442/37
f 2341/2378/38 2342/2379/39 2405/2443/38
f 2342/2379/39 2406/2444/39 2405/2443/38
f 2342/2379/39 2343/2380/40 2407/2445/40
f 2342/2379/39 2407/2445/40 2406/2444/39
f 2343/2380/40 2344/2381/41 2407/2445/40
f 2344/2381/41 2408/2446/41 2407/2445/40
f 2344/2381/41 2345/2382/42 2409/2447/42
f 2344/2381/41 2409/2447/42 2408/2446/41
f 2345/2382/42 2346/2383/43 2409/2447/42
f 2346/2383/43 2410/2448/43 2409/2447/42
f 2346/2383/43 2347/2384/44 2411/2449/44
f 2346/2383/43 2411/2449/44 2410/2448/43
f 2347/2384/44 2348/2385/45 2411/2449/44
f 2348/2385/45 2412/2450/45 2411/2449/44
f 2348/2385/45 2349/2386/46 2413/2451/46
f 2348/2385/45 2413/2451/46 2412/2450/45
f 2349/2386/46 2350/2387/47 2413/2451/46
f 2350/2387/47 2414/2452/47 2413/2451/46
f 2350/2387/47 2351/2388/48 2415/2453/48
f 2350/2387/47 2415/2453/48 2414/2452/47
f 2351/2388/48 2352/2389/49 2415/2453/48
f 2352/2389/49 2416/2454/49 2415/2453/48
f 2352/2389/49 2353/2390/50 2417/2455/50
f 2352/2389/49 2417/2455/50 2416/2454/49
f 2353/2390/50 2354/2391/51 2417/2455/50
f 2354/2391/51 2418/2456/51 2417/2455/50
f 2354/2391/51 2355/2392/52 2419/2457/52
f 2354/2391/51 2419/2457/52 2418/2456/51
f 2355/2392/52 2356/2393/53 2419/2457/52
f 2356/2393/53 2420/2458/53 2419/2457/52
f 2356/2393/53 2357/2394/54 2421/2459/54
f 2356/2393/53 2421/2459/54 2420/2458/53
f 2357/2394/54 2358/2395/55 2421/2459/54
f 2358/2395/55 2422/2460/55 2421/2459/54
f 2358/2395/55 2359/2396/56 2423/2461/56
f 2358/2395/55 2423/2461/56 2422/2460/55
f 2359/2396/56 2360/2397/57 2423/2461/56
f 2360/2397/57 2424/2462/57 2423/2461/56
f 2360/2397/57 2361/2398/58 2425/2463/58
f 2360/2397/57 2425/2463/58 2424/2462/57
f 2361/2398/58 2362/2399/59 2425/2463/58
f 2362/2399/59 2426/2464/59 2425/2463/58
f 2362/2399/59 2363/2400/60 2427/2465/60
f 2362/2399/59 2427/2465/60 2426/2464/59
f 2363/2400/60 2364/2401/61 2427/2465/60
f 2364/2401/61 2428/2466/61 2427/2465/60
f 2364/2401/61 2365/2402/62 2429/2467/62
f 2364/2401/61 2429/2467/62 2428/2466/61
f 2365/2402/62 2366/2403/63 2429/2467/62
f 2366/2403/63 2430/2468/63 2429/2467/62
f 2366/2403/63 2367/2404/64 2431/2469/64
f 2366/2403/63 2431/2469/64 2430/2468/63
f 2367/2404/64 2368/2405/1 2431/2469/64
f 2368/2405/1 2432/2470/1 2431/2469/64
f 2432/2407/1 2369/2406/2 2496/2471/1
f 2369/2406/2 2433/2472/2 2496/2471/1
f 2369/2406/2 2370/2408/3 2434/2473/3
f 2369/2406/2 2434/2473/3 2433/2472/2
f 2370/2408/3 2371/2409/4 2434/2473/3
f 2371/2409/4 2435/2474/4 2434/2473/3
f 2371/2409/4 2372/2410/5 2436/2475/5
f 2371/2409/4 2436/2475/5 2435/2474/4
f 2372/2410/5 2373/2411/6 2436/2475/5
f 2373/2411/6 2437/2476/6 2436/2475/5
f 2373/2411/6 2374/2412/7 2438/2477/7
f 2373/2411/6 2438/2477/7 2437/2476/6
f 2374/2412/7 2375/2413/8 2438/2477/7
f 2375/2413/8 2439/2478/8 2438/2477/7
f 2375/2413/8 2376/2414/9 2440/2479/9
f 2375/2413/8 2440/2479/9 2439/2478/8
f 2376/2414/9 2377/2415/10 2440/2479/9
f 2377/2415/10 2441/2480/10 2440/2479/9
f 2377/2415/10 2378/2416/11 2442/2481/11
f 2377/2415/10 2442/2481/11 2441/2480/10
f 2378/2416/11 2379/2417/12 2442/2481/11
f 2379/2417/12 2443/2482/12 2442/2481/11
f 2379/2417/12 2380/2418/13 2444/2483/13
f 2379/2417/12 2444/2483/13 2443/2482/12
f 2380/2418/13 2381/2419/14 2444/2483/13
f 2381/2419/14 2445/2484/14 2444/2483/13
f 2381/2419/14 2382/2420/15 2446/2485/15
f 2381/2419/14 2446/2485/15 2445/2484/14
f 2382/2420/15 2383/2421/16 2446/2485/15
f 2383/2421/16 2447/2486/16 2446/2485/15
f 2383/2421/16 2384/2422/17 2448/2487/17
f 2383/2421/16 2448/2487/17 2447/2486/16
f 2384/2422/17 2385/2423/18 2448/2487/17
f 2385/2423/18 2449/2488/18 2448/2487/17
f 2385/2423/18 2386/2424/19 2450/2489/19
f 2385/2423/18 2450/2489/19 2449/2488/18
f 2386/2424/19 2387/2425/20 2450/2489/19
f 2387/2425/20 2451/2490/20 2450/2489/19
f 2387/2425/20 2388/2426/21 2452/2491/21
f 2387/2425/20 2452/2491/21 2451/2490/20
f 2388/2426/21 2389/2427/22 2452/2491/21
f 2389/2427/22 2453/2492/22 2452/2491/21
f 2389/2427/22 2390/2428/23 2454/2493/23
f 2389/2427/22 2454/2493/23 2453/2492/22
f 2390/2428/23 2391/2429/24 2454/2493/23
f 2391/2429/24 2455/2494/24 2454/2493/23
f 2391/2429/24 2392/2430/25 2456/2495/25
f 2391/2429/24 2456/2495/25 2455/2494/24
f 2392/2430/25 2393/2431/26 2456/2495/25
f 2393/2431/26 2457/2496/26 2456/2495/25
f 2393/2431/26 2394/2432/27 2458/2497/27
f 2393/2431/26 2458/2497/27 2457/2496/26
f 2394/2432/27 2395/2433/28 2458/2497/27
f 2395/2433/28 2459/2498/28 2458/2497/27
f 2395/2433/28 2396/2434/29 2460/2499/29
f 2395/2433/28 2460/2499/29 2459/2498/28
f 2396/2434/29 2397/2435/30 2460/2499/29
f 2397/2435/30 2461/2500/30 2460/2499/29
f 2397/2435/30 2398/2436/31 2462/2501/31
f 2397/2435/30 2462/2501/31 2461/2500/30
f 2398/2436/31 2399/2437/32 2462/2501/31
f 2399/2437/32 2463/2502/32 2462/2501/31
f 2399/2437/32 2400/2438/33 2464/2503/33
f 2399/2437/32 2464/2503/33 2463/2502/32
f 2400/2438/33 2401/2439/34 2464/2503/33
f 2401/2439/34 2465/2504/34 2464/2503/33
f 2401/2439/34 2402/2440/35 2466/2505/35
f 2401/2439/34 2466/2505/35 2465/2504/34
f 2402/2440/35 2403/2441/36 2466/2505/35
f 2403/2441/36 2467/2506/36 2466/2505/35
f 2403/2441/36 2404/2442/37 2468/2507/37
f 2403/2441/36 2468/2507/37 2467/2506/36
f 2404/2442/37 2405/2443/38 2468/2507/37
f 2405/2443/38 2469/2508/38 2468/2507/37
f 2405/2443/38 2406/2444/39 2470/2509/39
f 2405/2443/38 2470/2509/39 2469/2508/38
f 2406/2444/39 2407/2445/40 2470/2509/39
f 2407/2445/40 2471/2510/40 2470/2509/39
f 2407/2445/40 2408/2446/41 2472/2511/41
f 2407/2445/40 2472/2511/41 2471/2510/40
f 2408/2446/41 2409/2447/42 2472/2511/41
f 2409/2447/42 2473/2512/42 2472/2511/41
f 2409/2447/42 2410/2448/43 2474/2513/43
f 2409/2447/42 2474/2513/43 2473/2512/42
f 2410/2448/43 2411/2449/44 2474/2513/43
f 2411/2449/44 2475/2514/44 2474/2513/43
f 2411/2449/44 2412/2450/45 2476/2515/45
f 2411/2449/44 2476/2515/45 2475/2514/44
f 2412/2450/45 2413/2451/46 2476/2515/45
f 2413/2451/46 2477/2516/46 2476/2515/45
f 2413/2451/46 2414/2452/47 2478/2517/47
f 2413/2451/46 2478/2517/47 2477/2516/46
f 2414/2452/47 2415/2453/48 2478/2517/47
f 2415/2453/48 2479/2518/48 2478/2517/47
f 2415/2453/48 2416/2454/49 2480/2519/49
f 2415/2453/48 2480/2519/49 2479/2518/48
f 2416/2454/49 2417/2455/50 2480/2519/49
f 2417/2455/50 2481/2520/50 2480/2519/49
f 2417/2455/50 2418/2456/51 2482/2521/51
f 2417/2455/50 2482/2521/51 2481/2520/50
f 2418/2456/51 2419/2457/52 2482/2521/51
f 2419/2457/52 2483/2522/52 2482/2521/51
f 2419/2457/52 2420/2458/53 2484/2523/53
f 2419/2457/52 2484/2523/53 2483/2522/52
f 2420/2458/53 2421/2459/54 2484/2523/53
f 2421/2459/54 2485/2524/54 2484/2523/53
f 2421/2459/54 2422/2460/55 2486/2525/55
f 2421/2459/54 2486/2525/55 2485/2524/54
f 2422/2460/55 2423/2461/56 2486/2525/55
f 2423/2461/56 2487/2526/56 2486/2525/55
f 2423/2461/56 2424/2462/57 2488/2527/57
f 2423/2461/56 2488/2527/57 2487/2526/56
f 2424/2462/57 2425/2463/58 2488/2527/57
f 2425/2463/58 2489/2528/58 2488/2527/57
f 2425/2463/58 2426/2464/59 2490/2529/59
f 2425/2463/58 2490/2529/59 2489/2528/58
f 2426/2464/59 2427/2465/60 2490/2529/59
f 2427/2465/60 2491/2530/60 2490/2529/59
f 2427/2465/60 2428/2466/61 2492/2531/61
f 2427/2465/60 2492/2531/61 2491/2530/60
f 2428/2466/61 2429/2467/62 2492/2531/61
f 2429/2467/62 2493/2532/62 2492/2531/61
f 2429/2467/62 2430/2468/63 2494/2533/63
f 2429/2467/62 2494/2533/63 2493/2532/62
f 2430/2468/63 2431/2469/64 2494/2533/63
f 2431/2469/64 2495/2534/64 2494/2533/63
f 2431/2469/64 2432/2470/1 2496/2535/1
f 2431/2469/64 2496/2535/1 2495/2534/64
f 2496/2471/1 2433/2472/2 2497/2536/2
f 2496/2471/1 2497/2536/2 2560/2537/1
f 2433/2472/2 2434/2473/3 2497/2536/2
f 2434/2473/3 2498/2538/3 2497/2536/2
f 2434/2473/3 2435/2474/4 2499/2539/4
f 2434/2473/3 2499/2539/4 2498/2538/3
f 2435/2474/4 2436/2475/5 2499/2539/4
f 2436/2475/5 2500/2540/5 2499/2539/4
f 2436/2475/5 2437/2476/6 2501/2541/6
f 2436/2475/5 2501/2541/6 2500/2540/5
f 2437/2476/6 2438/2477/7 2501/2541/6
f 2438/2477/7 2502/2542/7 2501/2541/6
f 2438/2477/7 2439/2478/8 2503/2543/8
f 2438/2477/7 2503/2543/8 2502/2542/7
f 2439/2478/8 2440/2479/9 2503/2543/8
f 2440/2479/9 2504/2544/9 2503/2543/8
f 2440/2479/9 2441/2480/10 2505/2545/10
f 2440/2479/9 2505/2545/10 2504/2544/9
f 2441/2480/10 2442/2481/11 2505/2545/10
f 2442/2481/11 2506/2546/11 2505/2545/10
f 2442/2481/11 2443/2482/12 2507/2547/12
f 2442/2481/11 2507/2547/12 2506/2546/11
f 2443/2482/12 2444/2483/13 2507/2547/12
f 2444/2483/13 2508/2548/13 2507/2547/12
f 2444/2483/13 2445/2484/14 2509/2549/14
f 2444/2483/13 2509/2549/14 2508/2548/13
f 2445/2484/14 2446/2485/15 2509/2549/14
f 2446/2485/15 2510/2550/15 2509/2549/14
f 2446/2485/15 2447/2486/16 2511/2551/16
f 2446/2485/15 2511/2551/16 2510/2550/15
f 2447/2486/16 2448/2487/17 2511/2551/16
f 2448/2487/17 2512/2552/17 2511/2551/16
f 2448/2487/17 2449/2488/18 2513/2553/18
f 2448/2487/17 2513/2553/18 2512/2552/17
f 2449/2488/18 2450/2489/19 2513/2553/18
f 2450/2489/19 2514/2554/19 2513/2553/18
f 2450/2489/19 2451/2490/20 2515/2555/20
f 2450/2489/19 2515/2555/20 2514/2554/19
f 2451/2490/20 2452/2491/21 2515/2555/20
f 2452/2491/21 2516/2556/21 2515/2555/20
f 2452/2491/21 2453/2492/22 2517/2557/22
f 2452/2491/21 2517/2557/22 2516/2556/21
f 2453/2492/22 2454/2493/23 2517/2557/22
f 2454/2493/23 2518/2558/23 2517/2557/22
f 2454/2493/23 2455/2494/24 2519/2559/24
f 2454/2493/23 2519/2559/24 2518/2558/23
f 2455/2494/24 2456/2495/25 2519/2559/24
f 2456/2495/25 2520/2560/25 2519/2559/24
f 2456/2495/25 2457/2496/26 2521/2561/26
f 2456/2495/25 2521/2561/26 2520/2560/25
f 2457/2496/26 2458/2497/27 2521/2561/26
f 2458/2497/27 2522/2562/27 2521/2561/26
f 2458/2497/27 2459/2498/28 2523/2563/28
f 2458/2497/27 2523/2563/28 2522/2562/27
f 2459/2498/28 2460/2499/29 2523/2563/28
f 2460/2499/29 2524/2564/29 2523/2563/28
f 2460/2499/29 2461/2500/30 2525/2565/30
f 2460/2499/29 2525/2565/30 2524/2564/29
f 2461/2500/30 2462/2501/31 2525/2565/30
f 2462/2501/31 2526/2566/31 2525/2565/30
f 2462/2501/31 2463/2502/32 2527/2567/32
f 2462/2501/31 2527/2567/32 2526/2566/31
f 2463/2502/32 2464/2503/33 2527/2567/32
f 2464/2503/33 2528/2568/33 2527/2567/32
f 2464/2503/33 2465/2504/34 2529/2569/34
f 2464/2503/33 2529/2569/34 2528/2568/33
f 2465/2504/34 2466/2505/35 2529/2569/34
f 2466/2505/35 2530/2570/35 2529/2569/34
f 2466/2505/35 2467/2506/36 2531/2571/36
f 2466/2505/35 2531/2571/36 2530/2570/35
f 2467/2506/36 2468/2507/37 2531/2571/36
f 2468/2507/37 2532/2572/37 2531/2571/36
f 2468/2507/37 2469/2508/38 2533/2573/38
f 2468/2507/37 2533/2573/38 2532/2572/37
f 2469/2508/38 2470/2509/39 2533/2573/38
f 2470/2509/39 2534/2574/39 2533/2573/38
f 2470/2509/39 2471/2510/40 2535/2575/40
f 2470/2509/39 2535/2575/40 2534/2574/39
f 2471/2510/40 2472/2511/41 2535/2575/40
f 2472/2511/41 2536/2576/41 2535/2575/40
f 2472/2511/41 2473/2512/42 2537/2577/42
f 2472/2511/41 2537/2577/42 2536/2576/41
f 2473/2512/42 2474/2513/43 2537/2577/42
f 2474/2513/43 2538/2578/43 2537/2577/42
f 2474/2513/43 2475/2514/44 2539/2579/44
f 2474/2513/43 2539/2579/44 2538/2578/43
f 2475/2514/44 2476/2515/45 2539/2579/44
f 2476/2515/45 2540/2580/45 2539/2579/44
f 2476/2515/45 2477/2516/46 2541/2581/46
f 2476/2515/45 2541/2581/46 2540/2580/45
f 2477/2516/46 2478/2517/47 2541/2581/46
f 2478/2517/47 2542/2582/47 2541/2581/46
f 2478/2517/47 2479/2518/48 2543/2583/48
f 2478/2517/47 2543/2583/48 2542/2582/47
f 2479/2518/48 2480/2519/49 2543/2583/48
f 2480/2519/49 2544/2584/49 2543/2583/48
f 2480/2519/49 2481/2520/50 2545/2585/50
f 2480/2519/49 2545/2585/50 2544/2584/49
f 2481/2520/50 2482/2521/51 2545/2585/50
f 2482/2521/51 2546/2586/51 2545/2585/50
f 2482/2521/51 2483/2522/52 2547/2587/52
f 2482/2521/51 2547/2587/52 2546/2586/51
f 2483/2522/52 2484/2523/53 2547/2587/52
f 2484/2523/53 2548/2588/53 2547/2587/52
f 2484/2523/53 2485/2524/54 2549/2589/54
f 2484/2523/53 2549/2589/54 2548/2588/53
f 2485/2524/54 2486/2525/55 2549/2589/54
f 2486/2525/55 2550/2590/55 2549/2589/54
f 2486/2525/55 2487/2526/56 2551/2591/56
f 2486/2525/55 2551/2591/56 2550/2590/55
f 2487/2526/56 2488/2527/57 2551/2591/56
f 2488/2527/57 2552/2592/57 2551/2591/56
f 2488/2527/57 2489/2528/58 2553/2593/58
f 2488/2527/57 2553/2593/58 2552/2592/57
f 2489/2528/58 2490/2529/59 2553/2593/58
f 2490/2529/59 2554/2594/59 2553/2593/58
f 2490/2529/59 2491/2530/60 2555/2595/60
f 2490/2529/59 2555/2595/60 2554/2594/59
f 2491/2530/60 2492/2531/61 2555/2595/60
f 2492/2531/61 2556/2596/61 2555/2595/60
f 2492/2531/61 2493/2532/62 2557/2597/62
f 2492/2531/61 2557/2597/62 2556/2596/61
f 2493/2532/62 2494/2533/63 2557/2597/62
f 2494/2533/63 2558/2598/63 2557/2597/62
f 2494/2533/63 2495/2534/64 2559/2599/64
f 2494/2533/63 2559/2599/64 2558/2598/63
f 2495/2534/64 2496/2535/1 2559/2599/64
f 2496/2535/1 2560/2600/1 2559/2599/64
f 2560/2537/1 2497/2536/2 2624/2601/1
f 2497/2536/2 2561/2602/2 2624/2601/1
f 2497/2536/2 2498/2538/3 2562/2603/3
f 2497/2536/2 2562/2603/3 2561/2602/2
f 2498/2538/3 2499/2539/4 2562/2603/3
f 2499/2539/4 2563/2604/4 2562/2603/3
f 2499/2539/4 2500/2540/5 2564/2605/5
f 2499/2539/4 2564/2605/5 2563/2604/4
f 2500/2540/5 2501/2541/6 2564/2605/5
f 2501/2541/6 2565/2606/6 2564/2605/5
f 2501/2541/6 2502/2542/7 2566/2607/7
f 2501/2541/6 2566/2607/7 2565/2606/6
f 2502/2542/7 2503/2543/8 2566/2607/7
f 2503/2543/8 2567/2608/8 2566/2607/7
f 2503/2543/8 2504/2544/9 2568/2609/9
f 2503/2543/8 2568/2609/9 2567/2608/8
f 2504/2544/9 2505/2545/10 2568/2609/9
f 2505/2545/10 2569/2610/10 2568/2609/9
f 2505/2545/10 2506/2546/11 2570/2611/11
f 2505/2545/10 2570/2611/11 2569/2610/10
f 2506/2546/11 2507/2547/12 2570/2611/11
f 2507/2547/12 2571/2612/12 2570/2611/11
f 2507/2547/12 2508/2548/13 2572/2613/13
f 2507/2547/12 2572/2613/13 2571/2612/12
f 2508/2548/13 2509/2549/14 2572/2613/13
f 2509/2549/14 2573/2614/14 2572/2613/13
f 2509/2549/14 2510/2550/15 2574/2615/15
f 2509/2549/14 2574/2615/15 2573/2614/14
f 2510/2550/15 2511/2551/16 2574/2615/15
f 2511/2551/16 2575/2616/16 2574/2615/15
f 2511/2551/16 2512/2552/17 2576/2617/17
f 2511/2551/16 2576/2617/17 2575/2616/16
f 2512/2552/17 2513/2553/18 2576/2617/17
f 2513/2553/18 2577/2618/18 2576/2617/17
f 2513/2553/18 2514/2554/19 2578/2619/19
f 2513/2553/18 2578/2619/19 2577/2618/18
f 2514/2554/19 2515/2555/20 2578/2619/19
f 2515/2555/20 2579/2620/20 2578/2619/19
f 2515/2555/20 2516/2556/21 2580/2621/21
f 2515/2555/20 2580/2621/21 2579/2620/20
f 2516/2556/21 2517/2557/22 2580/2621/21
f 2517/2557/22 2581/2622/22 2580/2621/21
f 2517/2557/22 2518/2558/23 2582/2623/23
f 2517/2557/22 2582/2623/23 2581/2622/22
f 2518/2558/23 2519/2559/24 2582/2623/23
f 2519/2559/24 2583/2624/24 2582/2623/23
f 2519/2559/24 2520/2560/25 2584/2625/25
f 2519/2559/24 2584/2625/25 2583/2624/24
f 2520/2560/25 2521/2561/26 2584/2625/25
f 2521/2561/26 2585/2626/26 2584/2625/25
f 2521/2561/26 2522/2562/27 2586/2627/27
f 2521/2561/26 2586/2627/27 2585/2626/26
f 2522/2562/27 2523/2563/28 2586/2627/27
f 2523/2563/28 2587/2628/28 2586/2627/27
f 2523/2563/28 2524/2564/29 2588/2629/29
f 2523/2563/28 2588/2629/29 2587/2628/28
f 2524/2564/29 2525/2565/30 2588/2629/29
f 2525/2565/30 2589/2630/30 2588/2629/29
f 2525/2565/30 2526/2566/31 2590/2631/31
f 2525/2565/30 2590/2631/31 2589/2630/30
f 2526/2566/31 2527/2567/32 2590/2631/31
f 2527/2567/32 2591/2632/32 2590/2631/31
f 2527/2567/32 2528/2568/33 2592/2633/33
f 2527/2567/32 2592/2633/33 2591/2632/32
f 2528/2568/33 2529/2569/34 2592/2633/33
f 2529/2569/34 2593/2634/34 2592/2633/33
f 2529/2569/34 2530/2570/35 2594/2635/35
f 2529/2569/34 2594/2635/35 2593/2634/34
f 2530/2570/35 2531/2571/36 2594/2635/35
f 2531/2571/36 2595/2636/36 2594/2635/35
f 2531/2571/36 2532/2572/37 2596/2637/37
f 2531/2571/36 2596/2637/37 2595/2636/36
f 2532/2572/37 2533/2573/38 2596/2637/37
f 2533/2573/38 2597/2638/38 2596/2637/37
f 2533/2573/38 2534/2574/39 2598/2639/39
f 2533/2573/38 2598/2639/39 2597/2638/38
f 2534/2574/39 2535/2575/40 2598/2639/39
f 2535/2575/40 2599/2640/40 2598/2639/39
f 2535/2575/40 2536/2576/41 2600/2641/41
f 2535/2575/40 2600/2641/41 2599/2640/40
f 2536/2576/41 2537/2577/42 2600/2641/41
f 2537/2577/42 2601/2642/42 2600/2641/41
f 2537/2577/42 2538/2578/43 2602/2643/43
f 2537/2577/42 2602/2643/43 2601/2642/42
f 2538/2578/43 2539/2579/44 2602/2643/43
f 2539/2579/44 2603/2644/44 2602/2643/43
f 2539/2579/44 2540/2580/45 2604/2645/45
f 2539/2579/44 2604/2645/45 2603/2644/44
f 2540/2580/45 2541/2581/46 2604/2645/45
f 2541/2581/46 2605/2646/46 2604/2645/45
f 2541/2581/46 2542/2582/47 2606/2647/47
f 2541/2581/46 2606/2647/47 2605/2646/46
f 2542/2582/47 2543/2583/48 2606/2647/47
f 2543/2583/48 2607/2648/48 2606/2647/47
f 2543/2583/48 2544/2584/49 2608/2649/49
f 2543/2583/48 2608/2649/49 2607/2648/48
f 2544/2584/49 2545/2585/50 2608/2649/49
f 2545/2585/50 2609/2650/50 2608/2649/49
f 2545/2585/50 2546/2586/51 2610/2651/51
f 2545/2585/50 2610/2651/51 2609/2650/50
f 2546/2586/51 2547/2587/52 2610/2651/51
f 2547/2587/52 2611/2652/52 2610/2651/51
f 2547/2587/52 2548/2588/53 2612/2653/53
f 2547/2587/52 2612/2653/53 2611/2652/52
f 2548/2588/53 2549/2589/54 2612/2653/53
f 2549/2589/54 2613/2654/54 2612/2653/53
f 2549/2589/54 2550/2590/55 2614/2655/55
f 2549/2589/54 2614/2655/55 2613/2654/54
f 2550/2590/55 2551/2591/56 2614/2655/55
f 2551/2591/56 2615/2656/56 2614/2655/55
f 2551/2591/56 2552/2592/57 2616/2657/57
f 2551/2591/56 2616/2657/57 2615/2656/56
f 2552/2592/57 2553/2593/58 2616/2657/57
f 2553/2593/58 2617/2658/58 2616/2657/57
f 2553/2593/58 2554/2594/59 2618/2659/59
f 2553/2593/58 2618/2659/59 2617/2658/58
f 2554/2594/59 2555/2595/60 2618/2659/59
f 2555/2595/60 2619/2660/60 2618/2659/59
f 2555/2595/60 2556/2596/61 2620/2661/61
f 2555/2595/60 2620/2661/61 2619/2660/60
f 2556/2596/61 2557/2597/62 2620/2661/61
f 2557/2597/62 2621/2662/62 2620/2661/61
f 2557/2597/62 2558/2598/63 2622/2663/63
f 2557/2597/62 2622/2663/63 2621/2662/62
f 2558/2598/63 2559/2599/64 2622/2663/63
f 2559/2599/64 2623/2664/64 2622/2663/63
f 2559/2599/64 2560/2600/1 2624/2665/1
f 2559/2599/64 2624/2665/1 2623/2664/64
f 2624/2601/1 2561/2602/2 2625/2666/2
f 2624/2601/1 2625/2666/2 2688/2667/1
f 2561/2602/2 2562/2603/3 2625/2666/2
f 2562/2603/3 2626/2668/3 2625/2666/2
f 2562/2603/3 2563/2604/4 2627/2669/4
f 2562/2603/3 2627/2669/4 2626/2668/3
f 2563/2604/4 2564/2605/5 2627/2669/4
f 2564/2605/5 2628/2670/5 2627/2669/4
f 2564/2605/5 2565/2606/6 2629/2671/6
f 2564/2605/5 2629/2671/6 2628/2670/5
f 2565/2606/6 2566/2607/7 2629/2671/6
f 2566/2607/7 2630/2672/7 2629/2671/6
f 2566/2607/7 2567/2608/8 2631/2673/8
f 2566/2607/7 2631/2673/8 2630/2672/7
f 2567/2608/8 2568/2609/9 2631/2673/8
f 2568/2609/9 2632/2674/9 2631/2673/8
f 2568/2609/9 2569/2610/10 2633/2675/10
f 2568/2609/9 2633/2675/10 2632/2674/9
f 2569/2610/10 2570/2611/11 2633/2675/10
f 2570/2611/11 2634/2676/11 2633/2675/10
f 2570/2611/11 2571/2612/12 2635/2677/12
f 2570/2611/11 2635/2677/12 2634/2676/11
f 2571/2612/12 2572/2613/13 2635/2677/12
f 2572/2613/13 2636/2678/13 2635/2677/12
f 2572/2613/13 2573/2614/14 2637/2679/14
f 2572/2613/13 2637/2679/14 2636/2678/13
f 2573/2614/14 2574/2615/15 2637/2679/14
f 2574/2615/15 2638/2680/15 2637/2679/14
f 2574/2615/15 2575/2616/16 2639/2681/16
f 2574/2615/15 2639/2681/16 2638/2680/15
f 2575/2616/16 2576/2617/17 2639/2681/16
f 2576/2617/17 2640/2682/17 2639/2681/16
f 2576/2617/17 2577/2618/18 2641/2683/18
f 2576/2617/17 2641/2683/18 2640/2682/17
f 2577/2618/18 2578/2619/19 2641/2683/18
f 2578/2619/19 2642/2684/19 2641/2683/18
f 2578/2619/19 2579/2620/20 2643/2685/20
f 2578/2619/19 2643/2685/20 2642/2684/19
f 2579/2620/20 2580/2621/21 2643/2685/20
f 2580/2621/21 2644/2686/21 2643/2685/20
f 2580/2621/21 2581/2622/22 2645/2687/22
f 2580/2621/21 2645/2687/22 2644/2686/21
f 2581/2622/22 2582/2623/23 2645/2687/22
f 2582/2623/23 2646/2688/23 2645/2687/22
f 2582/2623/23 2583/2624/24 2647/2689/24
f 2582/2623/23 2647/2689/24 2646/2688/23
f 2583/2624/24 2584/2625/25 2647/2689/24
f 2584/2625/25 2648/2690/25 2647/2689/24
f 2584/2625/25 2585/2626/26 2649/2691/26
f 2584/2625/25 2649/2691/26 2648/2690/25
f 2585/2626/26 2586/2627/27 2649/2691/26
f 2586/2627/27 2650/2692/27 2649/2691/26
f 2586/2627/27 2587/2628/28 2651/2693/28
f 2586/2627/27 2651/2693/28 2650/2692/27
f 2587/2628/28 2588/2629/29 2651/2693/28
f 2588/2629/29 2652/2694/29 2651/2693/28
f 2588/2629/29 2589/2630/30 2653/2695/30
f 2588/2629/29 2653/2695/30 2652/2694/29
f 2589/2630/30 2590/2631/31 2653/2695/30
f 2590/2631/31 2654/2696/31 2653/2695/30
f 2590/2631/31 2591/2632/32 2655/2697/32
f 2590/2631/31 2655/2697/32 2654/2696/31
f 2591/2632/32 2592/2633/33 2655/2697/32
f 2592/2633/33 2656/2698/33 2655/2697/32
f 2592/2633/33 2593/2634/34 2657/2699/34
f 2592/2633/33 2657/2699/34 2656/2698/33
f 2593/2634/34 2594/2635/35 2657/2699/34
f 2594/2635/35 2658/2700/35 2657/2699/34
f 2594/2635/35 2595/2636/36 2659/2701/36
f 2594/2635/35 2659/2701/36 2658/2700/35
f 2595/2636/36 2596/2637/37 2659/2701/36
f 2596/2637/37 2660/2702/37 2659/2701/36
f 2596/2637/37 2597/2638/38 2661/2703/38
f 2596/2637/37 2661/2703/38 2660/2702/37
f 2597/2638/38 2598/2639/39 2661/2703/38
f 2598/2639/39 2662/2704/39 2661/2703/38
f 2598/2639/39 2599/2640/40 2663/2705/40
f 2598/2639/39 2663/2705/40 2662/2704/39
f 2599/2640/40 2600/2641/41 2663/2705/40
f 2600/2641/41 2664/2706/41 2663/2705/40
f 2600/2641/41 2601/2642/42 2665/2707/42
f 2600/2641/41 2665/2707/42 2664/2706/41
f 2601/2642/42 2602/2643/43 2665/2707/42
f 2602/2643/43 2666/2708/43 2665/2707/42
f 2602/2643/43 2603/2644/44 2667/2709/44
f 2602/2643/43 2667/2709/44 2666/2708/43
f 2603/2644/44 2604/2645/45 2667/2709/44
f 2604/2645/45 2668/2710/45 2667/2709/44
f 2604/2645/45 2605/2646/46 2669/2711/46
f 2604/2645/45 2669/2711/46 2668/2710/45
f 2605/2646/46 2606/2647/47 2669/2711/46
f 2606/2647/47 2670/2712/47 2669/2711/46
f 2606/2647/47 2607/2648/48 2671/2713/48
f 2606/2647/47 2671/2713/48 2670/2712/47
f 2607/2648/48 2608/2649/49 2671/2713/48
f 2608/2649/49 2672/2714/49 2671/2713/48
f 2608/2649/49 2609/2650/50 2673/2715/50
f 2608/2649/49 2673/2715/50 2672/2714/49
f 2609/2650/50 2610/2651/51 2673/2715/50
f 2610/2651/51 2674/2716/51 2673/2715/50
f 2610/2651/51 2611/2652/52 2675/2717/52
f 2610/2651/51 2675/2717/52 2674/2716/51
f 2611/2652/52 2612/2653/53 2675/2717/52
f 2612/2653/53 2676/2718/53 2675/2717/52
f 2612/2653/53 2613/2654/54 2677/2719/54
f 2612/2653/53 2677/2719/54 2676/2718/53
f 2613/2654/54 2614/2655/55 2677/2719/54
f 2614/2655/55 2678/2720/55 2677/2719/54
f 2614/2655/55 2615/2656/56 2679/2721/56
f 2614/2655/55 2679/2721/56 2678/2720/55
f 2615/2656/56 2616/2657/57 2679/2721/56
f 2616/2657/57 2680/2722/57 2679/2721/56
f 2616/2657/57 2617/2658/58 2681/2723/58
f 2616/2657/57 2681/2723/58 2680/2722/57
f 2617/2658/58 2618/2659/59 2681/2723/58
f 2618/2659/59 2682/2724/59 2681/2723/58
f 2618/2659/59 2619/2660/60 2683/2725/60
f 2618/2659/59 2683/2725/60 2682/2724/59
f 2619/2660/60 2620/2661/61 2683/2725/60
f 2620/2661/61 2684/2726/61 2683/2725/60
f 2620/2661/61 2621/2662/62 2685/2727/62
f 2620/2661/61 2685/2727/62 2684/2726/61
f 2621/2662/62 2622/2663/63 2685/2727/62
f 2622/2663/63 2686/2728/63 2685/2727/62
f 2622/2663/63 2623/2664/64 2687/2729/64
f 2622/2663/63 2687/2729/64 2686/2728/63
f 2623/2664/64 2624/2665/1 2687/2729/64
f 2624/2665/1 2688/2730/1 2687/2729/64
f 2688/2667/1 2625/2666/2 2689/2731/1
f 2625/2666/2 2690/2732/2 2689/2731/1
f 2625/2666/2 2626/2668/3 2691/2733/3
f 2625/2666/2 2691/2733/3 2690/2732/2
f 2626/2668/3 2627/2669/4 2691/2733/3
f 2627/2669/4 2692/2734/4 2691/2733/3
f 2627/2669/4 2628/2670/5 2693/2735/5
f 2627/2669/4 2693/2735/5 2692/2734/4
f 2628/2670/5 2629/2671/6 2693/2735/5
f 2629/2671/6 2694/2736/6 2693/2735/5
f 2629/2671/6 2630/2672/7 2695/2737/7
f 2629/2671/6 2695/2737/7 2694/2736/6
f 2630/2672/7 2631/2673/8 2695/2737/7
f 2631/2673/8 2696/2738/8 2695/2737/7
f 2631/2673/8 2632/2674/9 2697/2739/9
f 2631/2673/8 2697/2739/9 2696/2738/8
f 2632/2674/9 2633/2675/10 2697/2739/9
f 2633/2675/10 2698/2740/10 2697/2739/9
f 2633/2675/10 2634/2676/11 2699/2741/11
f 2633/2675/10 2699/2741/11 2698/2740/10
f 2634/2676/11 2635/2677/12 2699/2741/11
f 2635/2677/12 2700/2742/12 2699/2741/11
f 2635/2677/12 2636/2678/13 2701/2743/13
f 2635/2677/12 2701/2743/13 2700/2742/12
f 2636/2678/13 2637/2679/14 2701/2743/13
f 2637/2679/14 2702/2744/14 2701/2743/13
f 2637/2679/14 2638/2680/15 2703/2745/15
f 2637/2679/14 2703/2745/15 2702/2744/14
f 2638/2680/15 2639/2681/16 2703/2745/15
f 2639/2681/16 2704/2746/16 2703/2745/15
f 2639/2681/16 2640/2682/17 2705/2747/17
f 2639/2681/16 2705/2747/17 2704/2746/16
f 2640/2682/17 2641/2683/18 2705/2747/17
f 2641/2683/18 2706/2748/18 2705/2747/17
f 2641/2683/18 2642/2684/19 2707/2749/19
f 2641/2683/18 2707/2749/19 2706/2748/18
f 2642/2684/19 2643/2685/20 2707/2749/19
f 2643/2685/20 2708/2750/20 2707/2749/19
f 2643/2685/20 2644/2686/21 2709/2751/21
f 2643/2685/20 2709/2751/21 2708/2750/20
f 2644/2686/21 2645/2687/22 2709/2751/21
f 2645/2687/22 2710/2752/22 2709/2751/21
f 2645/2687/22 2646/2688/23 2711/2753/23
f 2645/2687/22 2711/2753/23 2710/2752/22
f 2646/2688/23 2647/2689/24 2711/2753/23
f 2647/2689/24 2712/2754/24 2711/2753/23
f 2647/2689/24 2648/2690/25 2713/2755/25
f 2647/2689/24 2713/2755/25 2712/2754/24
f 2648/2690/25 2649/2691/26 2713/2755/25
f 2649/2691/26 2714/2756/26 2713/2755/25
f 2649/2691/26 2650/2692/27 2715/2757/27
f 2649/2691/26 2715/2757/27 2714/2756/26
f 2650/2692/27 2651/2693/28 2715/2757/27
f 2651/2693/28 2716/2758/28 2715/2757/27
f 2651/2693/28 2652/2694/29 2717/2759/29
f 2651/2693/28 2717/2759/29 2716/2758/28
f 2652/2694/29 2653/2695/30 2717/2759/29
f 2653/2695/30 2718/2760/30 2717/2759/29
f 2653/2695/30 2654/2696/31 2719/2761/31
f 2653/2695/30 2719/2761/31 2718/2760/30
f 2654/2696/31 2655/2697/32 2719/2761/31
f 2655/2697/32 2720/2762/32 2719/2761/31
f 2655/2697/32 2656/2698/33 2721/2763/33
f 2655/2697/32 2721/2763/33 2720/2762/32
f 2656/2698/33 2657/2699/34 2721/2763/33
f 2657/2699/34 2722/2764/34 2721/2763/33
f 2657/2699/34 2658/2700/35 2723/2765/35
f 2657/2699/34 2723/2765/35 2722/2764/34
f 2658/2700/35 2659/2701/36 2723/2765/35
f 2659/2701/36 2724/2766/36 2723/2765/35
f 2659/2701/36 2660/2702/37 2725/2767/37
f 2659/2701/36 2725/2767/37 2724/2766/36
f 2660/2702/37 2661/2703/38 2725/2767/37
f 2661/2703/38 2726/2768/38 2725/2767/37
f 2661/2703/38 2662/2704/39 2727/2769/39
f 2661/2703/38 2727/2769/39 2726/2768/38
f 2662/2704/39 2663/2705/40 2727/2769/39
f 2663/2705/40 2728/2770/40 2727/2769/39
f 2663/2705/40 2664/2706/41 2729/2771/41
f 2663/2705/40 2729/2771/41 2728/2770/40
f 2664/2706/41 2665/2707/42 2729/2771/41
f 2665/2707/42 2730/2772/42 2729/2771/41
f 2665/2707/42 2666/2708/43 2731/2773/43
f 2665/2707/42 2731/2773/43 2730/2772/42
f 2666/2708/43 2667/2709/44 2731/2773/43
f 2667/2709/44 2732/2774/44 2731/2773/43
f 2667/2709/44 2668/2710/45 2733/2775/45
f 2667/2709/44 2733/2775/45 2732/2774/44
f 2668/2710/45 2669/2711/46 2733/2775/45
f 2669/2711/46 2734/2776/46 2733/2775/45
f 2669/2711/46 2670/2712/47 2735/2777/47
f 2669/2711/46 2735/2777/47 2734/2776/46
f 2670/2712/47 2671/2713/48 2735/2777/47
f 2671/2713/48 2736/2778/48 2735/2777/47
f 2671/2713/48 2672/2714/49 2737/2779/49
f 2671/2713/48 2737/2779/49 2736/2778/48
f 2672/2714/49 2673/2715/50 2737/2779/49
f 2673/2715/50 2738/2780/50 2737/2779/49
f 2673/2715/50 2674/2716/51 2739/2781/51
f 2673/2715/50 2739/2781/51 2738/2780/50
f 2674/2716/51 2675/2717/52 2739/2781/51
f 2675/2717/52 2740/2782/52 2739/2781/51
f 2675/2717/52 2676/2718/53 2741/2783/53
f 2675/2717/52 2741/2783/53 2740/2782/52
f 2676/2718/53 2677/2719/54 2741/2783/53
f 2677/2719/54 2742/2784/54 2741/2783/53
f 2677/2719/54 2678/2720/55 2743/2785/55
f 2677/2719/54 2743/2785/55 2742/2784/54
f 2678/2720/55 2679/2721/56 2743/2785/55
f 2679/2721/56 2744/2786/56 2743/2785/55
f 2679/2721/56 2680/2722/57 2745/2787/57
f 2679/2721/56 2745/2787/57 2744/2786/56
f 2680/2722/57 2681/2723/58 2745/2787/57
f 2681/2723/58 2746/2788/58 2745/2787/57
f 2681/2723/58 2682/2724/59 2747/2789/59
f 2681/2723/58 2747/2789/59 2746/2788/58
f 2682/2724/59 2683/2725/60 2747/2789/59
f 2683/2725/60 2748/2790/60 2747/2789/59
f 2683/2725/60 2684/2726/61 2749/2791/61
f 2683/2725/60 2749/2791/61 2748/2790/60
f 2684/2726/61 2685/2727/62 2749/2791/61
f 2685/2727/62 2750/2792/62 2749/2791/61
f 2685/2727/62 2686/2728/63 2751/2793/63
f 2685/2727/62 2751/2793/63 2750/2792/62
f 2686/2728/63 2687/2729/64 2751/2793/63
f 2687/2729/64 2752/2794/64 2751/2793/63
f 2687/2729/64 2688/2730/1 2689/2795/1
f 2687/2729/64 2689/2795/1 2752/2794/64
f 2689/2731/1 2690/2732/2 2753/2796/2
f 2689/2731/1 2753/2796/2 2816/2797/1
f 2690/2732/2 2691/2733/3 2753/2796/2
f 2691/2733/3 2754/2798/3 2753/2796/2
f 2691/2733/3 2692/2734/4 2755/2799/4
f 2691/2733/3 2755/2799/4 2754/2798/3
f 2692/2734/4 2693/2735/5 2755/2799/4
f 2693/2735/5 2756/2800/5 2755/2799/4
f 2693/2735/5 2694/2736/6 2757/2801/6
f 2693/2735/5 2757/2801/6 2756/2800/5
f 2694/2736/6 2695/2737/7 2757/2801/6
f 2695/2737/7 2758/2802/7 2757/2801/6
f 2695/2737/7 2696/2738/8 2759/2803/8
f 2695/2737/7 2759/2803/8 2758/2802/7
f 2696/2738/8 2697/2739/9 2759/2803/8
f 2697/2739/9 2760/2804/9 2759/2803/8
f 2697/2739/9 2698/2740/10 2761/2805/10
f 2697/2739/9 2761/2805/10 2760/2804/9
f 2698/2740/10 2699/2741/11 2761/2805/10
f 2699/2741/11 2762/2806/11 2761/2805/10
f 2699/2741/11 2700/2742/12 2763/2807/12
f 2699/2741/11 2763/2807/12 2762/2806/11
f 2700/2742/12 2701/2743/13 2763/2807/12
f 2701/2743/13 2764/2808/13 2763/2807/12
f 2701/2743/13 2702/2744/14 2765/2809/14
f 2701/2743/13 2765/2809/14 2764/2808/13
f 2702/2744/14 2703/2745/15 2765/2809/14
f 2703/2745/15 2766/2810/15 2765/2809/14
f 2703/2745/15 2704/2746/16 2767/2811/16
f 2703/2745/15 2767/2811/16 2766/2810/15
f 2704/2746/16 2705/2747/17 2767/2811/16
f 2705/2747/17 2768/2812/17 2767/2811/16
f 2705/2747/17 2706/2748/18 2769/2813/18
f 2705/2747/17 2769/2813/18 2768/2812/17
f 2706/2748/18 2707/2749/19 2769/2813/18
f 2707/2749/19 2770/2814/19 2769/2813/18
f 2707/2749/19 2708/2750/20 2771/2815/20
f 2707/2749/19 2771/2815/20 2770/2814/19
f 2708/2750/20 2709/2751/21 2771/2815/20
f 2709/2751/21 2772/2816/21 2771/2815/20
f 2709/2751/21 2710/2752/22 2773/2817/22
f 2709/2751/21 2773/2817/22 2772/2816/21
f 2710/2752/22 2711/2753/23 2773/2817/22
f 2711/2753/23 2774/2818/23 2773/2817/22
f 2711/2753/23 2712/2754/24 2775/2819/24
f 2711/2753/23 2775/2819/24 2774/2818/23
f 2712/2754/24 2713/2755/25 2775/2819/24
f 2713/2755/25 2776/2820/25 2775/2819/24
f 2713/2755/25 2714/2756/26 2777/2821/26
f 2713/2755/25 2777/2821/26 2776/2820/25
f 2714/2756/26 2715/2757/27 2777/2821/26
f 2715/2757/27 2778/2822/27 2777/2821/26
f 2715/2757/27 2716/2758/28 2779/2823/28
f 2715/2757/27 2779/2823/28 2778/2822/27
f 2716/2758/28 2717/2759/29 2779/2823/28
f 2717/2759/29 2780/2824/29 2779/2823/28
f 2717/2759/29 2718/2760/30 2781/2825/30
f 2717/2759/29 2781/2825/30 2780/2824/29
f 2718/2760/30 2719/2761/31 2781/2825/30
f 2719/2761/31 2782/2826/31 2781/2825/30
f 2719/2761/31 2720/2762/32 2783/2827/32
f 2719/2761/31 2783/2827/32 2782/2826/31
f 2720/2762/32 2721/2763/33 2783/2827/32
f 2721/2763/33 2784/2828/33 2783/2827/32
f 2721/2763/33 2722/2764/34 2785/2829/34
f 2721/2763/33 2785/2829/34 2784/2828/33
f 2722/2764/34 2723/2765/35 2785/2829/34
f 2723/2765/35 2786/2830/35 2785/2829/34
f 2723/2765/35 2724/2766/36 2787/2831/36
f 2723/2765/35 2787/2831/36 2786/2830/35
f 2724/2766/36 2725/2767/37 2787/2831/36
f 2725/2767/37 2788/2832/37 2787/2831/36
f 2725/2767/37 2726/2768/38 2789/2833/38
f 2725/2767/37 2789/2833/38 2788/2832/37
f 2726/2768/38 2727/2769/39 2789/2833/38
f 2727/2769/39 2790/2834/39 2789/2833/38
f 2727/2769/39 2728/2770/40 2791/2835/40
f 2727/2769/39 2791/2835/40 2790/2834/39
f 2728/2770/40 2729/2771/41 2791/2835/40
f 2729/2771/41 2792/2836/41 2791/2835/40
f 2729/2771/41 2730/2772/42 2793/2837/42
f 2729/2771/41 2793/2837/42 2792/2836/41
f 2730/2772/42 2731/2773/43 2793/2837/42
f 2731/2773/43 2794/2838/43 2793/2837/42
f 2731/2773/43 2732/2774/44 2795/2839/44
f 2731/2773/43 2795/2839/44 2794/2838/43
f 2732/2774/44 2733/2775/45 2795/2839/44
f 2733/2775/45 2796/2840/45 2795/2839/44
f 2733/2775/45 2734/2776/46 2797/2841/46
f 2733/2775/45 2797/2841/46 2796/2840/45
f 2734/2776/46 2735/2777/47 2797/2841/46
f 2735/2777/47 2798/2842/47 2797/2841/46
f 2735/2777/47 2736/2778/48 2799/2843/48
f 2735/2777/47 2799/2843/48 2798/2842/47
f 2736/2778/48 2737/2779/49 2799/2843/48
f 2737/2779/49 2800/2844/49 2799/2843/48
f 2737/2779/49 2738/2780/50 2801/2845/50
f 2737/2779/49 2801/2845/50 2800/2844/49
f 2738/2780/50 2739/2781/51 2801/2845/50
f 2739/2781/51 2802/2846/51 2801/2845/50
f 2739/2781/51 2740/2782/52 2803/2847/52
f 2739/2781/51 2803/2847/52 2802/2846/51
f 2740/2782/52 2741/2783/53 2803/2847/52
f 2741/2783/53 2804/2848/53 2803/2847/52
f 2741/2783/53 2742/2784/54 2805/2849/54
f 2741/2783/53 2805/2849/54 2804/2848/53
f 2742/2784/54 2743/2785/55 2805/2849/54
f 2743/2785/55 2806/2850/55 2805/2849/54
f 2743/2785/55 2744/2786/56 2807/2851/56
f 2743/2785/55 2807/2851/56 2806/2850/55
f 2744/2786/56 2745/2787/57 2807/2851/56
f 2745/2787/57 2808/2852/57 2807/2851/56
f 2745/2787/57 2746/2788/58 2809/2853/58
f 2745/2787/57 2809/2853/58 2808/2852/57
f 2746/2788/58 2747/2789/59 2809/2853/58
f 2747/2789/59 2810/2854/59 2809/2853/58
f 2747/2789/59 2748/2790/60 2811/2855/60
f 2747/2789/59 2811/2855/60 2810/2854/59
f 2748/2790/60 2749/2791/61 2811/2855/60
f 2749/2791/61 2812/2856/61 2811/2855/60
f 2749/2791/61 2750/2792/62 2813/2857/62
f 2749/2791/61 2813/2857/62 2812/2856/61
f 2750/2792/62 2751/2793/63 2813/2857/62
f 2751/2793/63 2814/2858/63 2813/2857/62
f 2751/2793/63 2752/2794/64 2815/2859/64
f 2751/2793/63 2815/2859/64 2814/2858/63
f 2752/2794/64 2689/2795/1 2815/2859/64
f 2689/2795/1 2816/2860/1 2815/2859/64
f 2816/2797/1 2753/2796/2 2817/2861/1
f 2753/2796/2 2818/2862/2 2817/2861/1
f 2753/2796/2 2754/2798/3 2819/2863/3
f 2753/2796/2 2819/2863/3 2818/2862/2
f 2754/2798/3 2755/2799/4 2819/2863/3
f 2755/2799/4 2820/2864/4 2819/2863/3
f 2755/2799/4 2756/2800/5 2821/2865/5
f 2755/2799/4 2821/2865/5 2820/2864/4
f 2756/2800/5 2757/2801/6 2821/2865/5
f 2757/2801/6 2822/2866/6 2821/2865/5
f 2757/2801/6 2758/2802/7 2823/2867/7
f 2757/2801/6 2823/2867/7 2822/2866/6
f 2758/2802/7 2759/2803/8 2823/2867/7
f 2759/2803/8 2824/2868/8 2823/2867/7
f 2759/2803/8 2760/2804/9 2825/2869/9
f 2759/2803/8 2825/2869/9 2824/2868/8
f 2760/2804/9 2761/2805/10 2825/2869/9
f 2761/2805/10 2826/2870/10 2825/2869/9
f 2761/2805/10 2762/2806/11 2827/2871/11
f 2761/2805/10 2827/2871/11 2826/2870/10
f 2762/2806/11 2763/2807/12 2827/2871/11
f 2763/2807/12 2828/2872/12 2827/2871/11
f 2763/2807/12 2764/2808/13 2829/2873/13
f 2763/2807/12 2829/2873/13 2828/2872/12
f 2764/2808/13 2765/2809/14 2829/2873/13
f 2765/2809/14 2830/2874/14 2829/2873/13
f 2765/2809/14 2766/2810/15 2831/2875/15
f 2765/2809/14 2831/2875/15 2830/2874/14
f 2766/2810/15 2767/2811/16 2831/2875/15
f 2767/2811/16 2832/2876/16 2831/2875/15
f 2767/2811/16 2768/2812/17 2833/2877/17
f 2767/2811/16 2833/2877/17 2832/2876/16
f 2768/2812/17 2769/2813/18 2833/2877/17
f 2769/2813/18 2834/2878/18 2833/2877/17
f 2769/2813/18 2770/2814/19 2835/2879/19
f 2769/2813/18 2835/2879/19 2834/2878/18
f 2770/2814/19 2771/2815/20 2835/2879/19
f 2771/2815/20 2836/2880/20 2835/2879/19
f 2771/2815/20 2772/2816/21 2837/2881/21
f 2771/2815/20 2837/2881/21 2836/2880/20
f 2772/2816/21 2773/2817/22 2837/2881/21
f 2773/2817/22 2838/2882/22 2837/2881/21
f 2773/2817/22 2774/2818/23 2839/2883/23
f 2773/2817/22 2839/2883/23 2838/2882/22
f 2774/2818/23 2775/2819/24 2839/2883/23
f 2775/2819/24 2840/2884/24 2839/2883/23
f 2775/2819/24 2776/2820/25 2841/2885/25
f 2775/2819/24 2841/2885/25 2840/2884/24
f 2776/2820/25 2777/2821/26 2841/2885/25
f 2777/2821/26 2842/2886/26 2841/2885/25
f 2777/2821/26 2778/2822/27 2843/2887/27
f 2777/2821/26 2843/2887/27 2842/2886/26
f 2778/2822/27 2779/2823/28 2843/2887/27
f 2779/2823/28 2844/2888/28 2843/2887/27
f 2779/2823/28 2780/2824/29 2845/2889/29
f 2779/2823/28 2845/2889/29 2844/2888/28
f 2780/2824/29 2781/2825/30 2845/2889/29
f 2781/2825/30 2846/2890/30 2845/2889/29
f 2781/2825/30 2782/2826/31 2847/2891/31
f 2781/2825/30 2847/2891/31 2846/2890/30
f 2782/2826/31 2783/2827/32 2847/2891/31
f 2783/2827/32 2848/2892/32 2847/2891/31
f 2783/2827/32 2784/2828/33 2849/2893/33
f 2783/2827/32 2849/2893/33 2848/2892/32
f 2784/2828/33 2785/2829/34 2849/2893/33
f 2785/2829/34 2850/2894/34 2849/2893/33
f 2785/2829/34 2786/2830/35 2851/2895/35
f 2785/2829/34 2851/2895/35 2850/2894/34
f 2786/2830/35 2787/2831/36 2851/2895/35
f 2787/2831/36 2852/2896/36 2851/2895/35
f 2787/2831/36 2788/2832/37 2853/2897/37
f 2787/2831/36 2853/2897/37 2852/2896/36
f 2788/2832/37 2789/2833/38 2853/2897/37
f 2789/2833/38 2854/2898/38 2853/2897/37
f 2789/2833/38 2790/2834/39 2855/2899/39
f 2789/2833/38 2855/2899/39 2854/2898/38
f 2790/2834/39 2791/2835/40 2855/2899/39
f 2791/2835/40 2856/2900/40 2855/2899/39
f 2791/2835/40 2792/2836/41 2857/2901/41
f 2791/2835/40 2857/2901/41 2856/2900/40
f 2792/2836/41 2793/2837/42 2857/2901/41
f 2793/2837/42 2858/2902/42 2857/2901/41
f 2793/2837/42 2794/2838/43 2859/2903/43
f 2793/2837/42 2859/2903/43 2858/2902/42
f 2794/2838/43 2795/2839/44 2859/2903/43
f 2795/2839/44 2860/2904/44 2859/2903/43
f 2795/2839/44 2796/2840/45 2861/2905/45
f 2795/2839/44 2861/2905/45 2860/2904/44
f 2796/2840/45 2797/2841/46 2861/2905/45
f 2797/2841/46 2862/2906/46 2861/2905/45
f 2797/2841/46 2798/2842/47 2863/2907/47
f 2797/2841/46 2863/2907/47 2862/2906/46
f 2798/2842/47 2799/2843/48 2863/2907/47
f 2799/2843/48 2864/2908/48 2863/2907/47
f 2799/2843/48 2800/2844/49 2865/2909/49
f 2799/2843/48 2865/2909/49 2864/2908/48
f 2800/2844/49 2801/2845/50 2865/2909/49
f 2801/2845/50 2866/2910/50 2865/2909/49
f 2801/2845/50 2802/2846/51 2867/2911/51
f 2801/2845/50 2867/2911/51 2866/2910/50
f 2802/2846/51 2803/2847/52 2867/2911/51
f 2803/2847/52 2868/2912/52 2867/2911/51
f 2803/2847/52 2804/2848/53 2869/2913/53
f 2803/2847/52 2869/2913/53 2868/2912/52
f 2804/2848/53 2805/2849/54 2869/2913/53
f 2805/2849/54 2870/2914/54 2869/2913/53
f 2805/2849/54 2806/2850/55 2871/2915/55
f 2805/2849/54 2871/2915/55 2870/2914/54
f 2806/2850/55 2807/2851/56 2871/2915/55
f 2807/2851/56 2872/2916/56 2871/2915/55
f 2807/2851/56 2808/2852/57 2873/2917/57
f 2807/2851/56 2873/2917/57 2872/2916/56
f 2808/2852/57 2809/2853/58 2873/2917/57
f 2809/2853/58 2874/2918/58 2873/2917/57
f 2809/2853/58 2810/2854/59 2875/2919/59
f 2809/2853/58 2875/2919/59 2874/2918/58
f 2810/2854/59 2811/2855/60 2875/2919/59
f 2811/2855/60 2876/2920/60 2875/2919/59
f 2811/2855/60 2812/2856/61 2877/2921/61
f 2811/2855/60 2877/2921/61 2876/2920/60
f 2812/2856/61 2813/2857/62 2877/2921/61
f 2813/2857/62 2878/2922/62 2877/2921/61
f 2813/2857/62 2814/2858/63 2879/2923/63
f 2813/2857/62 2879/2923/63 2878/2922/62
f 2814/2858/63 2815/2859/64 2879/2923/63
f 2815/2859/64 2880/2924/64 2879/2923/63
f 2815/2859/64 2816/2860/1 2817/2925/1
f 2815/2859/64 2817/2925/1 2880/2924/64
f 2817/2861/1 2818/2862/2 2881/2926/2
f 2817/2861/1 2881/2926/2 2944/2927/1
f 2818/2862/2 2819/2863/3 2881/2926/2
f 2819/2863/3 2882/2928/3 2881/2926/2
f 2819/2863/3 2820/2864/4 2883/2929/4
f 2819/2863/3 2883/2929/4 2882/2928/3
f 2820/2864/4 2821/2865/5 2883/2929/4
f 2821/2865/5 2884/2930/5 2883/2929/4
f 2821/2865/5 2822/2866/6 2885/2931/6
f 2821/2865/5 2885/2931/6 2884/2930/5
f 2822/2866/6 2823/2867/7 2885/2931/6
f 2823/2867/7 2886/2932/7 2885/2931/6
f 2823/2867/7 2824/2868/8 2887/2933/8
f 2823/2867/7 2887/2933/8 2886/2932/7
f 2824/2868/8 2825/2869/9 2887/2933/8
f 2825/2869/9 2888/2934/9 2887/2933/8
f 2825/2869/9 2826/2870/10 2889/2935/10
f 2825/2869/9 2889/2935/10 2888/2934/9
f 2826/2870/10 2827/2871/11 2889/2935/10
f 2827/2871/11 2890/2936/11 2889/2935/10
f 2827/2871/11 2828/2872/12 2891/2937/12
f 2827/2871/11 2891/2937/12 2890/2936/11
f 2828/2872/12 2829/2873/13 2891/2937/12
f 2829/2873/13 2892/2938/13 2891/2937/12
f 2829/2873/13 2830/2874/14 2893/2939/14
f 2829/2873/13 2893/2939/14 2892/2938/13
f 2830/2874/14 2831/2875/15 2893/2939/14
f 2831/2875/15 2894/2940/15 2893/2939/14
f 2831/2875/15 2832/2876/16 2895/2941/16
f 2831/2875/15 2895/2941/16 2894/2940/15
f 2832/2876/16 2833/2877/17 2895/2941/16
f 2833/2877/17 2896/2942/17 2895/2941/16
f 2833/2877/17 2834/2878/18 2897/2943/18
f 2833/2877/17 2897/2943/18 2896/2942/17
f 2834/2878/18 2835/2879/19 2897/2943/18
f 2835/2879/19 2898/2944/19 2897/2943/18
f 2835/2879/19 2836/2880/20 2899/2945/20
f 2835/2879/19 2899/2945/20 2898/2944/19
f 2836/2880/20 2837/2881/21 2899/2945/20
f 2837/2881/21 2900/2946/21 2899/2945/20
f 2837/2881/21 2838/2882/22 2901/2947/22
f 2837/2881/21 2901/2947/22 2900/2946/21
f 2838/2882/22 2839/2883/23 2901/2947/22
f 2839/2883/23 2902/2948/23 2901/2947/22
f 2839/2883/23 2840/2884/24 2903/2949/24
f 2839/2883/23 2903/2949/24 2902/2948/23
f 2840/2884/24 2841/2885/25 2903/2949/24
f 2841/2885/25 2904/2950/25 2903/2949/24
f 2841/2885/25 2842/2886/26 2905/2951/26
f 2841/2885/25 2905/2951/26 2904/2950/25
f 2842/2886/26 2843/2887/27 2905/2951/26
f 2843/2887/27 2906/2952/27 2905/2951/26
f 2843/2887/27 2844/2888/28 2907/2953/28
f 2843/2887/27 2907/2953/28 2906/2952/27
f 2844/2888/28 2845/2889/29 2907/2953/28
f 2845/2889/29 2908/2954/29 2907/2953/28
f 2845/2889/29 2846/2890/30 2909/2955/30
f 2845/2889/29 2909/2955/30 2908/2954/29
f 2846/2890/30 2847/2891/31 2909/2955/30
f 2847/2891/31 2910/2956/31 2909/2955/30
f 2847/2891/31 2848/2892/32 2911/2957/32
f 2847/2891/31 2911/2957/32 2910/2956/31
f 2848/2892/32 2849/2893/33 2911/2957/32
f 2849/2893/33 2912/2958/33 2911/2957/32
f 2849/2893/33 2850/2894/34 2913/2959/34
f 2849/2893/33 2913/2959/34 2912/2958/33
f 2850/2894/34 2851/2895/35 2913/2959/34
f 2851/2895/35 2914/2960/35 2913/2959/34
f 2851/2895/35 2852/2896/36 2915/2961/36
f 2851/2895/35 2915/2961/36 2914/2960/35
f 2852/2896/36 2853/2897/37 2915/2961/36
f 2853/2897/37 2916/2962/37 2915/2961/36
f 2853/2897/37 2854/2898/38 2917/2963/38
f 2853/2897/37 2917/2963/38 2916/2962/37
f 2854/2898/38 2855/2899/39 2917/2963/38
f 2855/2899/39 2918/2964/39 2917/2963/38
f 2855/2899/39 2856/2900/40 2919/2965/40
f 2855/2899/39 2919/2965/40 2918/2964/39
f 2856/2900/40 2857/2901/41 2919/2965/40
f 2857/2901/41 2920/2966/41 2919/2965/40
f 2857/2901/41 2858/2902/42 2921/2967/42
f 2857/2901/41 2921/2967/42 2920/2966/41
f 2858/2902/42 2859/2903/43 2921/2967/42
f 2859/2903/43 2922/2968/43 2921/2967/42
f 2859/2903/43 2860/2904/44 2923/2969/44
f 2859/2903/43 2923/2969/44 2922/2968/43
f 2860/2904/44 2861/2905/45 2923/2969/44
f 2861/2905/45 2924/2970/45 2923/2969/44
f 2861/2905/45 2862/2906/46 2925/2971/46
f 2861/2905/45 2925/2971/46 2924/2970/45
f 2862/2906/46 2863/2907/47 2925/2971/46
f 2863/2907/47 2926/2972/47 2925/2971/46
f 2863/2907/47 2864/2908/48 2927/2973/48
f 2863/2907/47 2927/2973/48 2926/2972/47
f 2864/2908/48 2865/2909/49 2927/2973/48
f 2865/2909/49 2928/2974/49 2927/2973/48
f 2865/2909/49 2866/2910/50 2929/2975/50
f 2865/2909/49 2929/2975/50 2928/2974/49
f 2866/2910/50 2867/2911/51 2929/2975/50
f 2867/2911/51 2930/2976/51 2929/2975/50
f 2867/2911/51 2868/2912/52 2931/2977/52
f 2867/2911/51 2931/2977/52 2930/2976/51
f 2868/2912/52 2869/2913/53 2931/2977/52
f 2869/2913/53 2932/2978/53 2931/2977/52
f 2869/2913/53 2870/2914/54 2933/2979/54
f 2869/2913/53 2933/2979/54 2932/2978/53
f 2870/2914/54 2871/2915/55 2933/2979/54
f 2871/2915/55 2934/2980/55 2933/2979/54
f 2871/2915/55 2872/2916/56 2935/2981/56
f 2871/2915/55 2935/2981/56 2934/2980/55
f 2872/2916/56 2873/2917/57 2935/2981/56
f 2873/2917/57 2936/2982/57 2935/2981/56
f 2873/2917/57 2874/2918/58 2937/2983/58
f 2873/2917/57 2937/2983/58 2936/2982/57
f 2874/2918/58 2875/2919/59 2937/2983/58
f 2875/2919/59 2938/2984/59 2937/2983/58
f 2875/2919/59 2876/2920/60 2939/2985/60
f 2875/2919/59 2939/2985/60 2938/2984/59
f 2876/2920/60 2877/2921/61 2939/2985/60
f 2877/2921/61 2940/2986/61 2939/2985/60
f 2877/2921/61 2878/2922/62 2941/2987/62
f 2877/2921/61 2941/2987/62 2940/2986/61
f 2878/2922/62 2879/2923/63 2941/2987/62
f 2879/2923/63 2942/2988/63 2941/2987/62
f 2879/2923/63 2880/2924/64 2943/2989/64
f 2879/2923/63 2943/2989/64 2942/2988/63
f 2880/2924/64 2817/2925/1 2943/2989/64
f 2817/2925/1 2944/2990/1 2943/2989/64
f 2944/2927/1 2881/2926/2 2945/2991/1
f 2881/2926/2 2946/2992/2 2945/2991/1
f 2881/2926/2 2882/2928/3 2947/2993/3
f 2881/2926/2 2947/2993/3 2946/2992/2
f 2882/2928/3 2883/2929/4 2947/2993/3
f 2883/2929/4 2948/2994/4 2947/2993/3
f 2883/2929/4 2884/2930/5 2949/2995/5
f 2883/2929/4 2949/2995/5 2948/2994/4
f 2884/2930/5 2885/2931/6 2949/2995/5
f 2885/2931/6 2950/2996/6 2949/2995/5
f 2885/2931/6 2886/2932/7 2951/2997/7
f 2885/2931/6 2951/2997/7 2950/2996/6
f 2886/2932/7 2887/2933/8 2951/2997/7
f 2887/2933/8 2952/2998/8 2951/2997/7
f 2887/2933/8 2888/2934/9 2953/2999/9
f 2887/2933/8 2953/2999/9 2952/2998/8
f 2888/2934/9 2889/2935/10 2953/2999/9
f 2889/2935/10 2954/3000/10 2953/2999/9
f 2889/2935/10 2890/2936/11 2955/3001/11
f 2889/2935/10 2955/3001/11 2954/3000/10
f 2890/2936/11 2891/2937/12 2955/3001/11
f 2891/2937/12 2956/3002/12 2955/3001/11
f 2891/2937/12 2892/2938/13 2957/3003/13
f 2891/2937/12 2957/3003/13 2956/3002/12
f 2892/2938/13 2893/2939/14 2957/3003/13
f 2893/2939/14 2958/3004/14 2957/3003/13
f 2893/2939/14 2894/2940/15 2959/3005/15
f 2893/2939/14 2959/3005/15 2958/3004/14
f 2894/2940/15 2895/2941/16 2959/3005/15
f 2895/2941/16 2960/3006/16 2959/3005/15
f 2895/2941/16 2896/2942/17 2961/3007/17
f 2895/2941/16 2961/3007/17 2960/3006/16
f 2896/2942/17 2897/2943/18 2961/3007/17
f 2897/2943/18 2962/3008/18 2961/3007/17
f 2897/2943/18 2898/2944/19 2963/3009/19
f 2897/2943/18 2963/3009/19 2962/3008/18
f 2898/2944/19 2899/2945/20 2963/3009/19
f 2899/2945/20 2964/3010/20 2963/3009/19
f 2899/2945/20 2900/2946/21 2965/3011/21
f 2899/2945/20 2965/3011/21 2964/3010/20
f 2900/2946/21 2901/2947/22 2965/3011/21
f 2901/2947/22 2966/3012/22 2965/3011/21
f 2901/2947/22 2902/2948/23 2967/3013/23
f 2901/2947/22 2967/3013/23 2966/3012/22
f 2902/2948/23 2903/2949/24 2967/3013/23
f 2903/2949/24 2968/3014/24 2967/3013/23
f 2903/2949/24 2904/2950/25 2969/3015/25
f 2903/2949/24 2969/3015/25 2968/3014/24
f 2904/2950/25 2905/2951/26 2969/3015/25
f 2905/2951/26 2970/3016/26 2969/3015/25
f 2905/2951/26 2906/2952/27 2971/3017/27
f 2905/2951/26 2971/3017/27 2970/3016/26
f 2906/2952/27 2907/2953/28 2971/3017/27
f 2907/2953/28 2972/3018/28 2971/3017/27
f 2907/2953/28 2908/2954/29 2973/3019/29
f 2907/2953/28 2973/3019/29 2972/3018/28
f 2908/2954/29 2909/2955/30 2973/3019/29
f 2909/2955/30 2974/3020/30 2973/3019/29
f 2909/2955/30 2910/2956/31 2975/3021/31
f 2909/2955/30 2975/3021/31 2974/3020/30
f 2910/2956/31 2911/2957/32 2975/3021/31
f 2911/2957/32 2976/3022/32 2975/3021/31
f 2911/2957/32 2912/2958/33 2977/3023/33
f 2911/2957/32 2977/3023/33 2976/3022/32
f 2912/2958/33 2913/2959/34 2977/3023/33
f 2913/2959/34 2978/3024/34 2977/3023/33
f 2913/2959/34 2914/2960/35 2979/3025/35
f 2913/2959/34 2979/3025/35 2978/3024/34
f 2914/2960/35 2915/2961/36 2979/3025/35
f 2915/2961/36 2980/3026/36 2979/3025/35
f 2915/2961/36 2916/2962/37 2981/3027/37
f 2915/2961/36 2981/3027/37 2980/3026/36
f 2916/2962/37 2917/2963/38 2981/3027/37
f 2917/2963/38 2982/3028/38 2981/3027/37
f 2917/2963/38 2918/2964/39 2983/3029/39
f 2917/2963/38 2983/3029/39 2982/3028/38
f 2918/2964/39 2919/2965/40 2983/3029/39
f 2919/2965/40 2984/3030/40 2983/3029/39
f 2919/2965/40 2920/2966/41 2985/3031/41
f 2919/2965/40 2985/3031/41 2984/3030/40
f 2920/2966/41 2921/2967/42 2985/3031/41
f 2921/2967/42 2986/3032/42 2985/3031/41
f 2921/2967/42 2922/2968/43 2987/3033/43
f 2921/2967/42 2987/3033/43 2986/3032/42
f 2922/2968/43 2923/2969/44 2987/3033/43
f 2923/2969/44 2988/3034/44 2987/3033/43
f 2923/2969/44 2924/2970/45 2989/3035/45
f 2923/2969/44 2989/3035/45 2988/3034/44
f 2924/2970/45 2925/2971/46 2989/3035/45
f 2925/2971/46 2990/3036/46 2989/3035/45
f 2925/2971/46 2926/2972/47 2991/3037/47
f 2925/2971/46 2991/3037/47 2990/3036/46
f 2926/2972/47 2927/2973/48 2991/3037/47
f 2927/2973/48 2992/3038/48 2991/3037/47
f 2927/2973/48 2928/2974/49 2993/3039/49
f 2927/2973/48 2993/3039/49 2992/3038/48
f 2928/2974/49 2929/2975/50 2993/3039/49
f 2929/2975/50 2994/3040/50 2993/3039/49
f 2929/2975/50 2930/2976/51 2995/3041/51
f 2929/2975/50 2995/3041/51 2994/3040/50
f 2930/2976/51 2931/2977/52 2995/3041/51
f 2931/2977/52 2996/3042/52 2995/3041/51
f 2931/2977/52 2932/2978/53 2997/3043/53
f 2931/2977/52 2997/3043/53 2996/3042/52
f 2932/2978/53 2933/2979/54 2997/3043/53
f 2933/2979/54 2998/3044/54 2997/3043/53
f 2933/2979/54 2934/2980/55 2999/3045/55
f 2933/2979/54 2999/3045/55 2998/3044/54
f 2934/2980/55 2935/2981/56 2999/3045/55
f 2935/2981/56 3000/3046/56 2999/3045/55
f 2935/2981/56 2936/2982/57 3001/3047/57
f 2935/2981/56 3001/3047/57 3000/3046/56
f 2936/2982/57 2937/2983/58 3001/3047/57
f 2937/2983/58 3002/3048/58 3001/3047/57
f 2937/2983/58 2938/2984/59 3003/3049/59
f 2937/2983/58 3003/3049/59 3002/3048/58
f 2938/2984/59 2939/2985/60 3003/3049/59
f 2939/2985/60 3004/3050/60 3003/3049/59
f 2939/2985/60 2940/2986/61 3005/3051/61
f 2939/2985/60 3005/3051/61 3004/3050/60
f 2940/2986/61 2941/2987/62 3005/3051/61
f 2941/2987/62 3006/3052/62 3005/3051/61
f 2941/2987/62 2942/2988/63 3007/3053/63
f 2941/2987/62 3007/3053/63 3006/3052/62
f 2942/2988/63 2943/2989/64 3007/3053/63
f 2943/2989/64 3008/3054/64 3007/3053/63
f 2943/2989/64 2944/2990/1 2945/3055/1
f 2943/2989/64 2945/3055/1 3008/3054/64
f 2945/2991/1 2946/2992/2 3009/3056/2
f 2945/2991/1 3009/3056/2 3072/3057/1
f 2946/2992/2 2947/2993/3 3009/3056/2
f 2947/2993/3 3010/3058/3 3009/3056/2
f 2947/2993/3 2948/2994/4 3011/3059/4
f 2947/2993/3 3011/3059/4 3010/3058/3
f 2948/2994/4 2949/2995/5 3011/3059/4
f 2949/2995/5 3012/3060/5 3011/3059/4
f 2949/2995/5 2950/2996/6 3013/3061/6
f 2949/2995/5 3013/3061/6 3012/3060/5
f 2950/2996/6 2951/2997/7 3013/3061/6
f 2951/2997/7 3014/3062/7 3013/3061/6
f 2951/2997/7 2952/2998/8 3015/3063/8
f 2951/2997/7 3015/3063/8 3014/3062/7
f 2952/2998/8 2953/2999/9 3015/3063/8
f 2953/2999/9 3016/3064/9 3015/3063/8
f 2953/2999/9 2954/3000/10 3017/3065/10
f 2953/2999/9 3017/3065/10 3016/3064/9
f 2954/3000/10 2955/3001/11 3017/3065/10
f 2955/3001/11 3018/3066/11 3017/3065/10
f 2955/3001/11 2956/3002/12 3019/3067/12
f 2955/3001/11 3019/3067/12 3018/3066/11
f 2956/3002/12 2957/3003/13 3019/3067/12
f 2957/3003/13 3020/3068/13 3019/3067/12
f 2957/3003/13 2958/3004/14 3021/3069/14
f 2957/3003/13 3021/3069/14 3020/3068/13
f 2958/3004/14 2959/3005/15 3021/3069/14
f 2959/3005/15 3022/3070/15 3021/3069/14
f 2959/3005/15 2960/3006/16 3023/3071/16
f 2959/3005/15 3023/3071/16 3022/3070/15
f 2960/3006/16 2961/3007/17 3023/3071/16
f 2961/3007/17 3024/3072/17 3023/3071/16
f 2961/3007/17 2962/3008/18 3025/3073/18
f 2961/3007/17 3025/3073/18 3024/3072/17
f 2962/3008/18 2963/3009/19 3025/3073/18
f 2963/3009/19 3026/3074/19 3025/3073/18
f 2963/3009/19 2964/3010/20 3027/3075/20
f 2963/3009/19 3027/3075/20 3026/3074/19
f 2964/3010/20 2965/3011/21 3027/3075/20
f 2965/3011/21 3028/3076/21 3027/3075/20
f 2965/3011/21 2966/3012/22 3029/3077/22
f 2965/3011/21 3029/3077/22 3028/3076/21
f 2966/3012/22 2967/3013/23 3029/3077/22
f 2967/3013/23 3030/3078/23 3029/3077/22
f 2967/3013/23 2968/3014/24 3031/3079/24
f 2967/3013/23 3031/3079/24 3030/3078/23
f 2968/3014/24 2969/3015/25 3031/3079/24
f 2969/3015/25 3032/3080/25 3031/3079/24
f 2969/3015/25 2970/3016/26 3033/3081/26
f 2969/3015/25 3033/3081/26 3032/3080/25
f 2970/3016/26 2971/3017/27 3033/3081/26
f 2971/3017/27 3034/3082/27 3033/3081/26
f 2971/3017/27 2972/3018/28 3035/3083/28
f 2971/3017/27 3035/3083/28 3034/3082/27
f 2972/3018/28 2973/3019/29 3035/3083/28
f 2973/3019/29 3036/3084/29 3035/3083/28
f 2973/3019/29 2974/3020/30 3037/3085/30
f 2973/3019/29 3037/3085/30 3036/3084/29
f 2974/3020/30 2975/3021/31 3037/3085/30
f 2975/3021/31 3038/3086/31 3037/3085/30
f 2975/3021/31 2976/3022/32 3039/3087/32
f 2975/3021/31 3039/3087/32 3038/3086/31
f 2976/3022/32 2977/3023/33 3039/3087/32
f 2977/3023/33 3040/3088/33 3039/3087/32
f 2977/3023/33 2978/3024/34 3041/3089/34
f 2977/3023/33 3041/3089/34 3040/3088/33
f 2978/3024/34 2979/3025/35 3041/3089/34
f 2979/3025/35 3042/3090/35 3041/3089/34
f 2979/3025/35 2980/3026/36 3043/3091/36
f 2979/3025/35 3043/3091/36 3042/3090/35
f 2980/3026/36 2981/3027/37 3043/3091/36
f 2981/3027/37 3044/3092/37 3043/3091/36
f 2981/3027/37 2982/3028/38 3045/3093/38
f 2981/3027/37 3045/3093/38 3044/3092/37
f 2982/3028/38 2983/3029/39 3045/3093/38
f 2983/3029/39 3046/3094/39 3045/3093/38
f 2983/3029/39 2984/3030/40 3047/3095/40
f 2983/3029/39 3047/3095/40 3046/3094/39
f 2984/3030/40 2985/3031/41 3047/3095/40
f 2985/3031/41 3048/3096/41 3047/3095/40
f 2985/3031/41 2986/3032/42 3049/3097/42
f 2985/3031/41 3049/3097/42 3048/3096/41
f 2986/3032/42 2987/3033/43 3049/3097/42
f 2987/3033/43 3050/3098/43 3049/3097/42
f 2987/3033/43 2988/3034/44 3051/3099/44
f 2987/3033/43 3051/3099/44 3050/3098/43
f 2988/3034/44 2989/3035/45 3051/3099/44
f 2989/3035/45 3052/3100/45 3051/3099/44
f 2989/3035/45 2990/3036/46 3053/3101/46
f 2989/3035/45 3053/3101/46 3052/3100/45
f 2990/3036/46 2991/3037/47 3053/3101/46
f 2991/3037/47 3054/3102/47 3053/3101/46
f 2991/3037/47 2992/3038/48 3055/3103/48
f 2991/3037/47 3055/3103/48 3054/3102/47
f 2992/3038/48 2993/3039/49 3055/3103/48
f 2993/3039/49 3056/3104/49 3055/3103/48
f 2993/3039/49 2994/3040/50 3057/3105/50
f 2993/3039/49 3057/3105/50 3056/3104/49
f 2994/3040/50 2995/3041/51 3057/3105/50
f 2995/3041/51 3058/3106/51 3057/3105/50
f 2995/3041/51 2996/3042/52 3059/3107/52
f 2995/3041/51 3059/3107/52 3058/3106/51
f 2996/3042/52 2997/3043/53 3059/3107/52
f 2997/3043/53 3060/3108/53 3059/3107/52
f 2997/3043/53 2998/3044/54 3061/3109/54
f 2997/3043/53 3061/3109/54 3060/3108/53
f 2998/3044/54 2999/3045/55 3061/3109/54
f 2999/3045/55 3062/3110/55 3061/3109/54
f 2999/3045/55 3000/3046/56 3063/3111/56
f 2999/3045/55 3063/3111/56 3062/3110/55
f 3000/3046/56 3001/3047/57 3063/3111/56
f 3001/3047/57 3064/3112/57 3063/3111/56
f 3001/3047/57 3002/3048/58 3065/3113/58
f 3001/3047/57 3065/3113/58 3064/3112/57
f 3002/3048/58 3003/3049/59 3065/3113/58
f 3003/3049/59 3066/3114/59 3065/3113/58
f 3003/3049/59 3004/3050/60 3067/3115/60
f 3003/3049/59 3067/3115/60 3066/3114/59
f 3004/3050/60 3005/3051/61 3067/3115/60
f 3005/3051/61 3068/3116/61 3067/3115/60
f 3005/3051/61 3006/3052/62 3069/3117/62
f 3005/3051/61 3069/3117/62 3068/3116/61
f 3006/3052/62 3007/3053/63 3069/3117/62
f 3007/3053/63 3070/3118/63 3069/3117/62
f 3007/3053/63 3008/3054/64 3071/3119/64
f 3007/3053/63 3071/3119/64 3070/3118/63
f 3008/3054/64 2945/3055/1 3071/3119/64
f 2945/3055/1 3072/3120/1 3071/3119/64
f 3072/3057/1 3009/3056/2 3073/3121/1
f 3009/3056/2 3074/3122/2 3073/3121/1
f 3009/3056/2 3010/3058/3 3075/3123/3
f 3009/3056/2 3075/3123/3 3074/3122/2
f 3010/3058/3 3011/3059/4 3075/3123/3
f 3011/3059/4 3076/3124/4 3075/3123/3
f 3011/3059/4 3012/3060/5 3077/3125/5
f 3011/3059/4 3077/3125/5 3076/3124/4
f 3012/3060/5 3013/3061/6 3077/3125/5
f 3013/3061/6 3078/3126/6 3077/3125/5
f 3013/3061/6 3014/3062/7 3079/3127/7
f 3013/3061/6 3079/3127/7 3078/3126/6
f 3014/3062/7 3015/3063/8 3079/3127/7
f 3015/3063/8 3080/3128/8 3079/3127/7
f 3015/3063/8 3016/3064/9 3081/3129/9
f 3015/3063/8 3081/3129/9 3080/3128/8
f 3016/3064/9 3017/3065/10 3081/3129/9
f 3017/3065/10 3082/3130/10 3081/3129/9
f 3017/3065/10 3018/3066/11 3083/3131/11
f 3017/3065/10 3083/3131/11 3082/3130/10
f 3018/3066/11 3019/3067/12 3083/3131/11
f 3019/3067/12 3084/3132/12 3083/3131/11
f 3019/3067/12 3020/3068/13 3085/3133/13
f 3019/3067/12 3085/3133/13 3084/3132/12
f 3020/3068/13 3021/3069/14 3085/3133/13
f 3021/3069/14 3086/3134/14 3085/3133/13
f 3021/3069/14 3022/3070/15 3087/3135/15
f 3021/3069/14 3087/3135/15 3086/3134/14
f 3022/3070/15 3023/3071/16 3087/3135/15
f 3023/3071/16 3088/3136/16 3087/3135/15
f 3023/3071/16 3024/3072/17 3089/3137/17
f 3023/3071/16 3089/3137/17 3088/3136/16
f 3024/3072/17 3025/3073/18 3089/3137/17
f 3025/3073/18 3090/3138/18 3089/3137/17
f 3025/3073/18 3026/3074/19 3091/3139/19
f 3025/3073/18 3091/3139/19 3090/3138/18
f 3026/3074/19 3027/3075/20 3091/3139/19
f 3027/3075/20 3092/3140/20 3091/3139/19
f 3027/3075/20 3028/3076/21 3093/3141/21
f 3027/3075/20 3093/3141/21 3092/3140/20
f 3028/3076/21 3029/3077/22 3093/3141/21
f 3029/3077/22 3094/3142/22 3093/3141/21
f 3029/3077/22 3030/3078/23 3095/3143/23
f 3029/3077/22 3095/3143/23 3094/3142/22
f 3030/3078/23 3031/3079/24 3095/3143/23
f 3031/3079/24 3096/3144/24 3095/3143/23
f 3031/3079/24 3032/3080/25 3097/3145/25
f 3031/3079/24 3097/3145/25 3096/3144/24
f 3032/3080/25 3033/3081/26 3097/3145/25
f 3033/3081/26 3098/3146/26 3097/3145/25
f 3033/3081/26 3034/3082/27 3099/3147/27
f 3033/3081/26 3099/3147/27 3098/3146/26
f 3034/3082/27 3035/3083/28 3099/3147/27
f 3035/3083/28 3100/3148/28 3099/3147/27
f 3035/3083/28 3036/3084/29 3101/3149/29
f 3035/3083/28 3101/3149/29 3100/3148/28
f 3036/3084/29 3037/3085/30 3101/3149/29
f 3037/3085/30 3102/3150/30 3101/3149/29
f 3037/3085/30 3038/3086/31 3103/3151/31
f 3037/3085/30 3103/3151/31 3102/3150/30
f 3038/3086/31 3039/3087/32 3103/3151/31
f 3039/3087/32 3104/3152/32 3103/3151/31
f 3039/3087/32 3040/3088/33 3105/3153/33
f 3039/3087/32 3105/3153/33 3104/3152/32
f 3040/3088/33 3041/3089/34 3105/3153/33
f 3041/3089/34 3106/3154/34 3105/3153/33
f 3041/3089/34 3042/3090/35 3107/3155/35
f 3041/3089/34 3107/3155/35 3106/3154/34
f 3042/3090/35 3043/3091/36 3107/3155/35
f 3043/3091/36 3108/3156/36 3107/3155/35
f 3043/3091/36 3044/3092/37 3109/3157/37
f 3043/3091/36 3109/3157/37 3108/3156/36
f 3044/3092/37 3045/3093/38 3109/3157/37
f 3045/3093/38 3110/3158/38 3109/3157/37
f 3045/3093/38 3046/3094/39 3111/3159/39
f 3045/3093/38 3111/3159/39 3110/3158/38
f 3046/3094/39 3047/3095/40 3111/3159/39
f 3047/3095/40 3112/3160/40 3111/3159/39
f 3047/3095/40 3048/3096/41 3113/3161/41
f 3047/3095/40 3113/3161/41 3112/3160/40
f 3048/3096/41 3049/3097/42 3113/3161/41
f 3049/3097/42 3114/3162/42 3113/3161/41
f 3049/3097/42 3050/3098/43 3115/3163/43
f 3049/3097/42 3115/3163/43 3114/3162/42
f 3050/3098/43 3051/3099/44 3115/3163/43
f 3051/3099/44 3116/3164/44 3115/3163/43
f 3051/3099/44 3052/3100/45 3117/3165/45
f 3051/3099/44 3117/3165/45 3116/3164/44
f 3052/3100/45 3053/3101/46 3117/3165/45
f 3053/3101/46 3118/3166/46 3117/3165/45
f 3053/3101/46 3054/3102/47 3119/3167/47
f 3053/3101/46 3119/3167/47 3118/3166/46
f 3054/3102/47 3055/3103/48 3119/3167/47
f 3055/3103/48 3120/3168/48 3119/3167/47
f 3055/3103/48 3056/3104/49 3121/3169/49
f 3055/3103/48 3121/3169/49 3120/3168/48
f 3056/3104/49 3057/3105/50 3121/3169/49
f 3057/3105/50 3122/3170/50 3121/3169/49
f 3057/3105/50 3058/3106/51 3123/3171/51
f 3057/3105/50 3123/3171/51 3122/3170/50
f 3058/3106/51 3059/3107/52 3123/3171/51
f 3059/3107/52 3124/3172/52 3123/3171/51
f 3059/3107/52 3060/3108/53 3125/3173/53
f 3059/3107/52 3125/3173/53 3124/3172/52
f 3060/3108/53 3061/3109/54 3125/3173/53
f 3061/3109/54 3126/3174/54 3125/3173/53
f 3061/3109/54 3062/3110/55 3127/3175/55
f 3061/3109/54 3127/3175/55 3126/3174/54
f 3062/3110/55 3063/3111/56 3127/3175/55
f 3063/3111/56 3128/3176/56 3127/3175/55
f 3063/3111/56 3064/3112/57 3129/3177/57
f 3063/3111/56 3129/3177/57 3128/3176/56
f 3064/3112/57 3065/3113/58 3129/3177/57
f 3065/3113/58 3130/3178/58 3129/3177/57
f 3065/3113/58 3066/3114/59 3131/3179/59
f 3065/3113/58 3131/3179/59 3130/3178/58
f 3066/3114/59 3067/3115/60 3131/3179/59
f 3067/3115/60 3132/3180/60 3131/3179/59
f 3067/3115/60 3068/3116/61 3133/3181/61
f 3067/3115/60 3133/3181/61 3132/3180/60
f 3068/3116/61 3069/3117/62 3133/3181/61
f 3069/3117/62 3134/3182/62 3133/3181/61
f 3069/3117/62 3070/3118/63 3135/3183/63
f 3069/3117/62 3135/3183/63 3134/3182/62
f 3070/3118/63 3071/3119/64 3135/3183/63
f 3071/3119/64 3136/3184/64 3135/3183/63
f 3071/3119/64 3072/3120/1 3073/3185/1
f 3071/3119/64 3073/3185/1 3136/3184/64
f 3073/3121/1 3074/3122/2 3137/3186/2
f 3073/3121/1 3137/3186/2 3200/3187/1
f 3074/3122/2 3075/3123/3 3137/3186/2
f 3075/3123/3 3138/3188/3 3137/3186/2
f 3075/3123/3 3076/3124/4 3139/3189/4
f 3075/3123/3 3139/3189/4 3138/3188/3
f 3076/3124/4 3077/3125/5 3139/3189/4
f 3077/3125/5 3140/3190/5 3139/3189/4
f 3077/3125/5 3078/3126/6 3141/3191/6
f 3077/3125/5 3141/3191/6 3140/3190/5
f 3078/3126/6 3079/3127/7 3141/3191/6
f 3079/3127/7 3142/3192/7 3141/3191/6
f 3079/3127/7 3080/3128/8 3143/3193/8
f 3079/3127/7 3143/3193/8 3142/3192/7
f 3080/3128/8 3081/3129/9 3143/3193/8
f 3081/3129/9 3144/3194/9 3143/3193/8
f 3081/3129/9 3082/3130/10 3145/3195/10
f 3081/3129/9 3145/3195/10 3144/3194/9
f 3082/3130/10 3083/3131/11 3145/3195/10
f 3083/3131/11 3146/3196/11 3145/3195/10
f 3083/3131/11 3084/3132/12 3147/3197/12
f 3083/3131/11 3147/3197/12 3146/3196/11
f 3084/3132/12 3085/3133/13 3147/3197/12
f 3085/3133/13 3148/3198/13 3147/3197/12
f 3085/3133/13 3086/3134/14 3149/3199/14
f 3085/3133/13 3149/3199/14 3148/3198/13
f 3086/3134/14 3087/3135/15 3149/3199/14
f 3087/3135/15 3150/3200/15 3149/3199/14
f 3087/3135/15 3088/3136/16 3151/3201/16
f 3087/3135/15 3151/3201/16 3150/3200/15
f 3088/3136/16 3089/3137/17 3151/3201/16
f 3089/3137/17 3152/3202/17 3151/3201/16
f 3089/3137/17 3090/3138/18 3153/3203/18
f 3089/3137/17 3153/3203/18 3152/3202/17
f 3090/3138/18 3091/3139/19 3153/3203/18
f 3091/3139/19 3154/3204/19 3153/3203/18
f 3091/3139/19 3092/3140/20 3155/3205/20
f 3091/3139/19 3155/3205/20 3154/3204/19
f 3092/3140/20 3093/3141/21 3155/3205/20
f 3093/3141/21 3156/3206/21 3155/3205/20
f 3093/3141/21 3094/3142/22 3157/3207/22
f 3093/3141/21 3157/3207/22 3156/3206/21
f 3094/3142/22 3095/3143/23 3157/3207/22
f 3095/3143/23 3158/3208/23 3157/3207/22
f 3095/3143/23 3096/3144/24 3159/3209/24
f 3095/3143/23 3159/3209/24 3158/3208/23
f 3096/3144/24 3097/3145/25 3159/3209/24
f 3097/3145/25 3160/3210/25 3159/3209/24
f 3097/3145/25 3098/3146/26 3161/3211/26
f 3097/3145/25 3161/3211/26 3160/3210/25
f 3098/3146/26 3099/3147/27 3161/3211/26
f 3099/3147/27 3162/3212/27 3161/3211/26
f 3099/3147/27 3100/3148/28 3163/3213/28
f 3099/3147/27 3163/3213/28 3162/3212/27
f 3100/3148/28 3101/3149/29 3163/3213/28
f 3101/3149/29 3164/3214/29 3163/3213/28
f 3101/3149/29 3102/3150/30 3165/3215/30
f 3101/3149/29 3165/3215/30 3164/3214/29
f 3102/3150/30 3103/3151/31 3165/3215/30
f 3103/3151/31 3166/3216/31 3165/3215/30
f 3103/3151/31 3104/3152/32 3167/3217/32
f 3103/3151/31 3167/3217/32 3166/3216/31
f 3104/3152/32 3105/3153/33 3167/3217/32
f 3105/3153/33 3168/3218/33 3167/3217/32
f 3105/3153/33 3106/3154/34 3169/3219/34
f 3105/3153/33 3169/3219/34 3168/3218/33
f 3106/3154/34 3107/3155/35 3169/3219/34
f 3107/3155/35 3170/3220/35 3169/3219/34
f 3107/3155/35 3108/3156/36 3171/3221/36
f 3107/3155/35 3171/3221/36 3170/3220/35
f 3108/3156/36 3109/3157/37 3171/3221/36
f 3109/3157/37 3172/3222/37 3171/3221/36
f 3109/3157/37 3110/3158/38 3173/3223/38
f 3109/3157/37 3173/3223/38 3172/3222/37
f 3110/3158/38 3111/3159/39 3173/3223/38
f 3111/3159/39 3174/3224/39 3173/3223/38
f 3111/3159/39 3112/3160/40 3175/3225/40
f 3111/3159/39 3175/3225/40 3174/3224/39
f 3112/3160/40 3113/3161/41 3175/3225/40
f 3113/3161/41 3176/3226/41 3175/3225/40
f 3113/3161/41 3114/3162/42 3177/3227/42
f 3113/3161/41 3177/3227/42 3176/3226/41
f 3114/3162/42 3115/3163/43 3177/3227/42
f 3115/3163/43 3178/3228/43 3177/3227/42
f 3115/3163/43 3116/3164/44 3179/3229/44
f 3115/3163/43 3179/3229/44 3178/3228/43
f 3116/3164/44 3117/3165/45 3179/3229/44
f 3117/3165/45 3180/3230/45 3179/3229/44
f 3117/3165/45 3118/3166/46 3181/3231/46
f 3117/3165/45 3181/3231/46 3180/3230/45
f 3118/3166/46 3119/3167/47 3181/3231/46
f 3119/3167/47 3182/3232/47 3181/3231/46
f 3119/3167/47 3120/3168/48 3183/3233/48
f 3119/3167/47 3183/3233/48 3182/3232/47
f 3120/3168/48 3121/3169/49 3183/3233/48
f 3121/3169/49 3184/3234/49 3183/3233/48
f 3121/3169/49 3122/3170/50 3185/3235/50
f 3121/3169/49 3185/3235/50 3184/3234/49
f 3122/3170/50 3123/3171/51 3185/3235/50
f 3123/3171/51 3186/3236/51 3185/3235/50
f 3123/3171/51 3124/3172/52 3187/3237/52
f 3123/3171/51 3187/3237/52 3186/3236/51
f 3124/3172/52 3125/3173/53 3187/3237/52
f 3125/3173/53 3188/3238/53 3187/3237/52
f 3125/3173/53 3126/3174/54 3189/3239/54
f 3125/3173/53 3189/3239/54 3188/3238/53
f 3126/3174/54 3127/3175/55 3189/3239/54
f 3127/3175/55 3190/3240/55 3189/3239/54
f 3127/3175/55 3128/3176/56 3191/3241/56
f 3127/3175/55 3191/3241/56 3190/3240/55
f 3128/3176/56 3129/3177/57 3191/3241/56
f 3129/3177/57 3192/3242/57 3191/3241/56
f 3129/3177/57 3130/3178/58 3193/3243/58
f 3129/3177/57 3193/3243/58 3192/3242/57
f 3130/3178/58 3131/3179/59 3193/3243/58
f 3131/3179/59 3194/3244/59 3193/3243/58
f 3131/3179/59 3132/3180/60 3195/3245/60
f 3131/3179/59 3195/3245/60 3194/3244/59
f 3132/3180/60 3133/3181/61 3195/3245/60
f 3133/3181/61 3196/3246/61 3195/3245/60
f 3133/3181/61 3134/3182/62 3197/3247/62
f 3133/3181/61 3197/3247/62 3196/3246/61
f 3134/3182/62 3135/3183/63 3197/3247/62
f 3135/3183/63 3198/3248/63 3197/3247/62
f 3135/3183/63 3136/3184/64 3199/3249/64
f 3135/3183/63 3199/3249/64 3198/3248/63
f 3136/3184/64 3073/3185/1 3199/3249/64
f 3073/3185/1 3200/3250/1 3199/3249/64
f 3200/3187/1 3137/3186/2 3264/3251/1
f 3137/3186/2 3201/3252/2 3264/3251/1
f 3137/3186/2 3138/3188/3 3202/3253/3
f 3137/3186/2 3202/3253/3 3201/3252/2
f 3138/3188/3 3139/3189/4 3202/3253/3
f 3139/3189/4 3203/3254/4 3202/3253/3
f 3139/3189/4 3140/3190/5 3204/3255/5
f 3139/3189/4 3204/3255/5 3203/3254/4
f 3140/3190/5 3141/3191/6 3204/3255/5
f 3141/3191/6 3205/3256/6 3204/3255/5
f 3141/3191/6 3142/3192/7 3206/3257/7
f 3141/3191/6 3206/3257/7 3205/3256/6
f 3142/3192/7 3143/3193/8 3206/3257/7
f 3143/3193/8 3207/3258/8 3206/3257/7
f 3143/3193/8 3144/3194/9 3208/3259/9
f 3143/3193/8 3208/3259/9 3207/3258/8
f 3144/3194/9 3145/3195/10 3208/3259/9
f 3145/3195/10 3209/3260/10 3208/3259/9
f 3145/3195/10 3146/3196/11 3210/3261/11
f 3145/3195/10 3210/3261/11 3209/3260/10
f 3146/3196/11 3147/3197/12 3210/3261/11
f 3147/3197/12 3211/3262/12 3210/3261/11
f 3147/3197/12 3148/3198/13 3212/3263/13
f 3147/3197/12 3212/3263/13 3211/3262/12
f 3148/3198/13 3149/3199/14 3212/3263/13
f 3149/3199/14 3213/3264/14 3212/3263/13
f 3149/3199/14 3150/3200/15 3214/3265/15
f 3149/3199/14 3214/3265/15 3213/3264/14
f 3150/3200/15 3151/3201/16 3214/3265/15
f 3151/3201/16 3215/3266/16 3214/3265/15
f 3151/3201/16 3152/3202/17 3216/3267/17
f 3151/3201/16 3216/3267/17 3215/3266/16
f 3152/3202/17 3153/3203/18 3216/3267/17
f 3153/3203/18 3217/3268/18 3216/3267/17
f 3153/3203/18 3154/3204/19 3218/3269/19
f 3153/3203/18 3218/3269/19 3217/3268/18
f 3154/3204/19 3155/3205/20 3218/3269/19
f 3155/3205/20 3219/3270/20 3218/3269/19
f 3155/3205/20 3156/3206/21 3220/3271/21
f 3155/3205/20 3220/3271/21 3219/3270/20
f 3156/3206/21 3157/3207/22 3220/3271/21
f 3157/3207/22 3221/3272/22 3220/3271/21
f 3157/3207/22 3158/3208/23 3222/3273/23
f 3157/3207/22 3222/3273/23 3221/3272/22
f 3158/3208/23 3159/3209/24 3222/3273/23
f 3159/3209/24 3223/3274/24 3222/3273/23
f 3159/3209/24 3160/3210/25 3224/3275/25
f 3159/3209/24 3224/3275/25 3223/3274/24
f 3160/3210/25 3161/3211/26 3224/3275/25
f 3161/3211/26 3225/3276/26 3224/3275/25
f 3161/3211/26 3162/3212/27 3226/3277/27
f 3161/3211/26 3226/3277/27 3225/3276/26
f 3162/3212/27 3163/3213/28 3226/3277/27
f 3163/3213/28 3227/3278/28 3226/3277/27
f 3163/3213/28 3164/3214/29 3228/3279/29
f 3163/3213/28 3228/3279/29 3227/3278/28
f 3164/3214/29 3165/3215/30 3228/3279/29
f 3165/3215/30 3229/3280/30 3228/3279/29
f 3165/3215/30 3166/3216/31 3230/3281/31
f 3165/3215/30 3230/3281/31 3229/3280/30
f 3166/3216/31 3167/3217/32 3230/3281/31
f 3167/3217/32 3231/3282/32 3230/3281/31
f 3167/3217/32 3168/3218/33 3232/3283/33
f 3167/3217/32 3232/3283/33 3231/3282/32
f 3168/3218/33 3169/3219/34 3232/3283/33
f 3169/3219/34 3233/3284/34 3232/3283/33
f 3169/3219/34 3170/3220/35 3234/3285/35
f 3169/3219/34 3234/3285/35 3233/3284/34
f 3170/3220/35 3171/3221/36 3234/3285/35
f 3171/3221/36 3235/3286/36 3234/3285/35
f 3171/3221/36 3172/3222/37 3236/3287/37
f 3171/3221/36 3236/3287/37 3235/3286/36
f 3172/3222/37 3173/3223/38 3236/3287/37
f 3173/3223/38 3237/3288/38 3236/3287/37
f 3173/3223/38 3174/3224/39 3238/3289/39
f 3173/3223/38 3238/3289/39 3237/3288/38
f 3174/3224/39 3175/3225/40 3238/3289/39
f 3175/3225/40 3239/3290/40 3238/3289/39
f 3175/3225/40 3176/3226/41 3240/3291/41
f 3175/3225/40 3240/3291/41 3239/3290/40
f 3176/3226/41 3177/3227/42 3240/3291/41
f 3177/3227/42 3241/3292/42 3240/3291/41
f 3177/3227/42 3178/3228/43 3242/3293/43
f 3177/3227/42 3242/3293/43 3241/3292/42
f 3178/3228/43 3179/3229/44 3242/3293/43
f 3179/3229/44 3243/3294/44 3242/3293/43
f 3179/3229/44 3180/3230/45 3244/3295/45
f 3179/3229/44 3244/3295/45 3243/3294/44
f 3180/3230/45 3181/3231/46 3244/3295/45
f 3181/3231/46 3245/3296/46 3244/3295/45
f 3181/3231/46 3182/3232/47 3246/3297/47
f 3181/3231/46 3246/3297/47 3245/3296/46
f 3182/3232/47 3183/3233/48 3246/3297/47
f 3183/3233/48 3247/3298/48 3246/3297/47
f 3183/3233/48 3184/3234/49 3248/3299/49
f 3183/3233/48 3248/3299/49 3247/3298/48
f 3184/3234/49 3185/3235/50 3248/3299/49
f 3185/3235/50 3249/3300/50 3248/3299/49
f 3185/3235/50 3186/3236/51 3250/3301/51
f 3185/3235/50 3250/3301/51 3249/3300/50
f 3186/3236/51 3187/3237/52 3250/3301/51
f 3187/3237/52 3251/3302/52 3250/3301/51
f 3187/3237/52 3188/3238/53 3252/3303/53
f 3187/3237/52 3252/3303/53 3251/3302/52
f 3188/3238/53 3189/3239/54 3252/3303/53
f 3189/3239/54 3253/3304/54 3252/3303/53
f 3189/3239/54 3190/3240/55 3254/3305/55
f 3189/3239/54 3254/3305/55 3253/3304/54
f 3190/3240/55 3191/3241/56 3254/3305/55
f 3191/3241/56 3255/3306/56 3254/3305/55
f 3191/3241/56 3192/3242/57 3256/3307/57
f 3191/3241/56 3256/3307/57 3255/3306/56
f 3192/3242/57 3193/3243/58 3256/3307/57
f 3193/3243/58 3257/3308/58 3256/3307/57
f 3193/3243/58 3194/3244/59 3258/3309/59
f 3193/3243/58 3258/3309/59 3257/3308/58
f 3194/3244/59 3195/3245/60 3258/3309/59
f 3195/3245/60 3259/3310/60 3258/3309/59
f 3195/3245/60 3196/3246/61 3260/3311/61
f 3195/3245/60 3260/3311/61 3259/3310/60
f 3196/3246/61 3197/3247/62 3260/3311/61
f 3197/3247/62 3261/3312/62 3260/3311/61
f 3197/3247/62 3198/3248/63 3262/3313/63
f 3197/3247/62 3262/3313/63 3261/3312/62
f 3198/3248/63 3199/3249/64 3262/3313/63
f 3199/3249/64 3263/3314/64 3262/3313/63
f 3199/3249/64 3200/3250/1 3264/3315/1
f 3199/3249/64 3264/3315/1 3263/3314/64
f 3264/3251/1 3201/3252/2 3265/3316/2
f 3264/3251/1 3265/3316/2 3328/3317/1
f 3201/3252/2 3202/3253/3 3265/3316/2
f 3202/3253/3 3266/3318/3 3265/3316/2
f 3202/3253/3 3203/3254/4 3267/3319/4
f 3202/3253/3 3267/3319/4 3266/3318/3
f 3203/3254/4 3204/3255/5 3267/3319/4
f 3204/3255/5 3268/3320/5 3267/3319/4
f 3204/3255/5 3205/3256/6 3269/3321/6
f 3204/3255/5 3269/3321/6 3268/3320/5
f 3205/3256/6 3206/3257/7 3269/3321/6
f 3206/3257/7 3270/3322/7 3269/3321/6
f 3206/3257/7 3207/3258/8 3271/3323/8
f 3206/3257/7 3271/3323/8 3270/3322/7
f 3207/3258/8 3208/3259/9 3271/3323/8
f 3208/3259/9 3272/3324/9 3271/3323/8
f 3208/3259/9 3209/3260/10 3273/3325/10
f 3208/3259/9 3273/3325/10 3272/3324/9
f 3209/3260/10 3210/3261/11 3273/3325/10
f 3210/3261/11 3274/3326/11 3273/3325/10
f 3210/3261/11 3211/3262/12 3275/3327/12
f 3210/3261/11 3275/3327/12 3274/3326/11
f 3211/3262/12 3212/3263/13 3275/3327/12
f 3212/3263/13 3276/3328/13 3275/3327/12
f 3212/3263/13 3213/3264/14 3277/3329/14
f 3212/3263/13 3277/3329/14 3276/3328/13
f 3213/3264/14 3214/3265/15 3277/3329/14
f 3214/3265/15 3278/3330/15 3277/3329/14
f 3214/3265/15 3215/3266/16 3279/3331/16
f 3214/3265/15 3279/3331/16 3278/3330/15
f 3215/3266/16 3216/3267/17 3279/3331/16
f 3216/3267/17 3280/3332/17 3279/3331/16
f 3216/3267/17 3217/3268/18 3281/3333/18
f 3216/3267/17 3281/3333/18 3280/3332/17
f 3217/3268/18 3218/3269/19 3281/3333/18
f 3218/3269/19 3282/3334/19 3281/3333/18
f 3218/3269/19 3219/3270/20 3283/3335/20
f 3218/3269/19 3283/3335/20 3282/3334/19
f 3219/3270/20 3220/3271/21 3283/3335/20
f 3220/3271/21 3284/3336/21 3283/3335/20
f 3220/3271/21 3221/3272/22 3285/3337/22
f 3220/3271/21 3285/3337/22 3284/3336/21
f 3221/3272/22 3222/3273/23 3285/3337/22
f 3222/3273/23 3286/3338/23 3285/3337/22
f 3222/3273/23 3223/3274/24 3287/3339/24
f 3222/3273/23 3287/3339/24 3286/3338/23
f 3223/3274/24 3224/3275/25 3287/3339/24
f 3224/3275/25 3288/3340/25 3287/3339/24
f 3224/3275/25 3225/3276/26 3289/3341/26
f 3224/3275/25 3289/3341/26 3288/3340/25
f 3225/3276/26 3226/3277/27 3289/3341/26
f 3226/3277/27 3290/3342/27 3289/3341/26
f 3226/3277/27 3227/3278/28 3291/3343/28
f 3226/3277/27 3291/3343/28 3290/3342/27
f 3227/3278/28 3228/3279/29 3291/3343/28
f 3228/3279/29 3292/3344/29 3291/3343/28
f 3228/3279/29 3229/3280/30 3293/3345/30
f 3228/3279/29 3293/3345/30 3292/3344/29
f 3229/3280/30 3230/3281/31 3293/3345/30
f 3230/3281/31 3294/3346/31 3293/3345/30
f 3230/3281/31 3231/3282/32 3295/3347/32
f 3230/3281/31 3295/3347/32 3294/3346/31
f 3231/3282/32 3232/3283/33 3295/3347/32
f 3232/3283/33 3296/3348/33 3295/3347/32
f 3232/3283/33 3233/3284/34 3297/3349/34
f 3232/3283/33 3297/3349/34 3296/3348/33
f 3233/3284/34 3234/3285/35 3297/3349/34
f 3234/3285/35 3298/3350/35 3297/3349/34
f 3234/3285/35 3235/3286/36 3299/3351/36
f 3234/3285/35 3299/3351/36 3298/3350/35
f 3235/3286/36 3236/3287/37 3299/3351/36
f 3236/3287/37 3300/3352/37 3299/3351/36
f 3236/3287/37 3237/3288/38 3301/3353/38
f 3236/3287/37 3301/3353/38 3300/3352/37
f 3237/3288/38 3238/3289/39 3301/3353/38
f 3238/3289/39 3302/3354/39 3301/3353/38
f 3238/3289/39 3239/3290/40 3303/3355/40
f 3238/3289/39 3303/3355/40 3302/3354/39
f 3239/3290/40 3240/3291/41 3303/3355/40
f 3240/3291/41 3304/3356/41 3303/3355/40
f 3240/3291/41 3241/3292/42 3305/3357/42
f 3240/3291/41 3305/3357/42 3304/3356/41
f 3241/3292/42 3242/3293/43 3305/3357/42
f 3242/3293/43 3306/3358/43 3305/3357/42
f 3242/3293/43 3243/3294/44 3307/3359/44
f 3242/3293/43 3307/3359/44 3306/3358/43
f 3243/3294/44 3244/3295/45 3307/3359/44
f 3244/3295/45 3308/3360/45 3307/3359/44
f 3244/3295/45 3245/3296/46 3309/3361/46
f 3244/3295/45 3309/3361/46 3308/3360/45
f 3245/3296/46 3246/3297/47 3309/3361/46
f 3246/3297/47 3310/3362/47 3309/3361/46
f 3246/3297/47 3247/3298/48 3311/3363/48
f 3246/3297/47 3311/3363/48 3310/3362/47
f 3247/3298/48 3248/3299/49 3311/3363/48
f 3248/3299/49 3312/3364/49 3311/3363/48
f 3248/3299/49 3249/3300/50 3313/3365/50
f 3248/3299/49 3313/3365/50 3312/3364/49
f 3249/3300/50 3250/3301/51 3313/3365/50
f 3250/3301/51 3314/3366/51 3313/3365/50
f 3250/3301/51 3251/3302/52 3315/3367/52
f 3250/3301/51 3315/3367/52 3314/3366/51
f 3251/3302/52 3252/3303/53 3315/3367/52
f 3252/3303/53 3316/3368/53 3315/3367/52
f 3252/3303/53 3253/3304/54 3317/3369/54
f 3252/3303/53 3317/3369/54 3316/3368/53
f 3253/3304/54 3254/3305/55 3317/3369/54
f 3254/3305/55 3318/3370/55 3317/3369/54
f 3254/3305/55 3255/3306/56 3319/3371/56
f 3254/3305/55 3319/3371/56 3318/3370/55
f 3255/3306/56 3256/3307/57 3319/3371/56
f 3256/3307/57 3320/3372/57 3319/3371/56
f 3256/3307/57 3257/3308/58 3321/3373/58
f 3256/3307/57 3321/3373/58 3320/3372/57
f 3257/3308/58 3258/3309/59 3321/3373/58
f 3258/3309/59 3322/3374/59 3321/3373/58
f 3258/3309/59 3259/3310/60 3323/3375/60
f 3258/3309/59 3323/3375/60 3322/3374/59
f 3259/3310/60 3260/3311/61 3323/3375/60
f 3260/3311/61 3324/3376/61 3323/3375/60
f 3260/3311/61 3261/3312/62 3325/3377/62
f 3260/3311/61 3325/3377/62 3324/3376/61
f 3261/3312/62 3262/3313/63 3325/3377/62
f 3262/3313/63 3326/3378/63 3325/3377/62
f 3262/3313/63 3263/3314/64 3327/3379/64
f 3262/3313/63 3327/3379/64 3326/3378/63
f 3263/3314/64 3264/3315/1 3327/3379/64
f 3264/3315/1 3328/3380/1 3327/3379/64
f 3328/3317/1 3265/3316/2 3392/3381/1
f 3265/3316/2 3329/3382/2 3392/3381/1
f 3265/3316/2 3266/3318/3 3330/3383/3
f 3265/3316/2 3330/3383/3 3329/3382/2
f 3266/3318/3 3267/3319/4 3330/3383/3
f 3267/3319/4 3331/3384/4 3330/3383/3
f 3267/3319/4 3268/3320/5 3332/3385/5
f 3267/3319/4 3332/3385/5 3331/3384/4
f 3268/3320/5 3269/3321/6 3332/3385/5
f 3269/3321/6 3333/3386/6 3332/3385/5
f 3269/3321/6 3270/3322/7 3334/3387/7
f 3269/3321/6 3334/3387/7 3333/3386/6
f 3270/3322/7 3271/3323/8 3334/3387/7
f 3271/3323/8 3335/3388/8 3334/3387/7
f 3271/3323/8 3272/3324/9 3336/3389/9
f 3271/3323/8 3336/3389/9 3335/3388/8
f 3272/3324/9 3273/3325/10 3336/3389/9
f 3273/3325/10 3337/3390/10 3336/3389/9
f 3273/3325/10 3274/3326/11 3338/3391/11
f 3273/3325/10 3338/3391/11 3337/3390/10
f 3274/3326/11 3275/3327/12 3338/3391/11
f 3275/3327/12 3339/3392/12 3338/3391/11
f 3275/3327/12 3276/3328/13 3340/3393/13
f 3275/3327/12 3340/3393/13 3339/3392/12
f 3276/3328/13 3277/3329/14 3340/3393/13
f 3277/3329/14 3341/3394/14 3340/3393/13
f 3277/3329/14 3278/3330/15 3342/3395/15
f 3277/3329/14 3342/3395/15 3341/3394/14
f 3278/3330/15 3279/3331/16 3342/3395/15
f 3279/3331/16 3343/3396/16 3342/3395/15
f 3279/3331/16 3280/3332/17 3344/3397/17
f 3279/3331/16 3344/3397/17 3343/3396/16
f 3280/3332/17 3281/3333/18 3344/3397/17
f 3281/3333/18 3345/3398/18 3344/3397/17
f 3281/3333/18 3282/3334/19 3346/3399/19
f 3281/3333/18 3346/3399/19 3345/3398/18
f 3282/3334/19 3283/3335/20 3346/3399/19
f 3283/3335/20 3347/3400/20 3346/3399/19
f 3283/3335/20 3284/3336/21 3348/3401/21
f 3283/3335/20 3348/3401/21 3347/3400/20
f 3284/3336/21 3285/3337/22 3348/3401/21
f 3285/3337/22 3349/3402/22 3348/3401/21
f 3285/3337/22 3286/3338/23 3350/3403/23
f 3285/3337/22 3350/3403/23 3349/3402/22
f 3286/3338/23 3287/3339/24 3350/3403/23
f 3287/3339/24 3351/3404/24 3350/3403/23
f 3287/3339/24 3288/3340/25 3352/3405/25
f 3287/3339/24 3352/3405/25 3351/3404/24
f 3288/3340/25 3289/3341/26 3352/3405/25
f 3289/3341/26 3353/3406/26 3352/3405/25
f 3289/3341/26 3290/3342/27 3354/3407/27
f 3289/3341/26 3354/3407/27 3353/3406/26
f 3290/3342/27 3291/3343/28 3354/3407/27
f 3291/3343/28 3355/3408/28 3354/3407/27
f 3291/3343/28 3292/3344/29 3356/3409/29
f 3291/3343/28 3356/3409/29 3355/3408/28
f 3292/3344/29 3293/3345/30 3356/3409/29
f 3293/3345/30 3357/3410/30 3356/3409/29
f 3293/3345/30 3294/3346/31 3358/3411/31
f 3293/3345/30 3358/3411/31 3357/3410/30
f 3294/3346/31 3295/3347/32 3358/3411/31
f 3295/3347/32 3359/3412/32 3358/3411/31
f 3295/3347/32 3296/3348/33 3360/3413/33
f 3295/3347/32 3360/3413/33 3359/3412/32
f 3296/3348/33 3297/3349/34 3360/3413/33
f 3297/3349/34 3361/3414/34 3360/3413/33
f 3297/3349/34 3298/3350/35 3362/3415/35
f 3297/3349/34 3362/3415/35 3361/3414/34
f 3298/3350/35 3299/3351/36 3362/3415/35
f 3299/3351/36 3363/3416/36 3362/3415/35
f 3299/3351/36 3300/3352/37 3364/3417/37
f 3299/3351/36 3364/3417/37 3363/3416/36
f 3300/3352/37 3301/3353/38 3364/3417/37
f 3301/3353/38 3365/3418/38 3364/3417/37
f 3301/3353/38 3302/3354/39 3366/3419/39
f 3301/3353/38 3366/3419/39 3365/3418/38
f 3302/3354/39 3303/3355/40 3366/3419/39
f 3303/3355/40 3367/3420/40 3366/3419/39
f 3303/3355/40 3304/3356/41 3368/3421/41
f 3303/3355/40 3368/3421/41 3367/3420/40
f 3304/3356/41 3305/3357/42 3368/3421/41
f 3305/3357/42 3369/3422/42 3368/3421/41
f 3305/3357/42 3306/3358/43 3370/3423/43
f 3305/3357/42 3370/3423/43 3369/3422/42
f 3306/3358/43 3307/3359/44 3370/3423/43
f 3307/3359/44 3371/3424/44 3370/3423/43
f 3307/3359/44 3308/3360/45 3372/3425/45
f 3307/3359/44 3372/3425/45 3371/3424/44
f 3308/3360/45 3309/3361/46 3372/3425/45
f 3309/3361/46 3373/3426/46 3372/3425/45
f 3309/3361/46 3310/3362/47 3374/3427/47
f 3309/3361/46 3374/3427/47 3373/3426/46
f 3310/3362/47 3311/3363/48 3374/3427/47
f 3311/3363/48 3375/3428/48 3374/3427/47
f 3311/3363/48 3312/3364/49 3376/3429/49
f 3311/3363/48 3376/3429/49 3375/3428/48
f 3312/3364/49 3313/3365/50 3376/3429/49
f 3313/3365/50 3377/3430/50 3376/3429/49
f 3313/3365/50 3314/3366/51 3378/3431/51
f 3313/3365/50 3378/3431/51 3377/3430/50
f 3314/3366/51 3315/3367/52 3378/3431/51
f 3315/3367/52 3379/3432/52 3378/3431/51
f 3315/3367/52 3316/3368/53 3380/3433/53
f 3315/3367/52 3380/3433/53 3379/3432/52
f 3316/3368/53 3317/3369/54 3380/3433/53
f 3317/3369/54 3381/3434/54 3380/3433/53
f 3317/3369/54 3318/3370/55 3382/3435/55
f 3317/3369/54 3382/3435/55 3381/3434/54
f 3318/3370/55 3319/3371/56 3382/3435/55
f 3319/3371/56 3383/3436/56 3382/3435/55
f 3319/3371/56 3320/3372/57 3384/3437/57
f 3319/3371/56 3384/3437/57 3383/3436/56
f 3320/3372/57 3321/3373/58 3384/3437/57
f 3321/3373/58 3385/3438/58 3384/3437/57
f 3321/3373/58 3322/3374/59 3386/3439/59
f 3321/3373/58 3386/3439/59 3385/3438/58
f 3322/3374/59 3323/3375/60 3386/3439/59
f 3323/3375/60 3387/3440/60 3386/3439/59
f 3323/3375/60 3324/3376/61 3388/3441/61
f 3323/3375/60 3388/3441/61 3387/3440/60
f 3324/3376/61 3325/3377/62 3388/3441/61
f 3325/3377/62 3389/3442/62 3388/3441/61
f 3325/3377/62 3326/3378/63 3390/3443/63
f 3325/3377/62 3390/3443/63 3389/3442/62
f 3326/3378/63 3327/3379/64 3390/3443/63
f 3327/3379/64 3391/3444/64 3390/3443/63
f 3327/3379/64 3328/3380/1 3392/3445/1
f 3327/3379/64 3392/3445/1 3391/3444/64
f 3392/3381/1 3329/3382/2 3393/3446/2
f 3392/3381/1 3393/3446/2 3456/3447/1
f 3329/3382/2 3330/3383/3 3393/3446/2
f 3330/3383/3 3394/3448/3 3393/3446/2
f 3330/3383/3 3331/3384/4 3395/3449/4
f 3330/3383/3 3395/3449/4 3394/3448/3
f 3331/3384/4 3332/3385/5 3395/3449/4
f 3332/3385/5 3396/3450/5 3395/3449/4
f 3332/3385/5 3333/3386/6 3397/3451/6
f 3332/3385/5 3397/3451/6 3396/3450/5
f 3333/3386/6 3334/3387/7 3397/3451/6
f 3334/3387/7 3398/3452/7 3397/3451/6
f 3334/3387/7 3335/3388/8 3399/3453/8
f 3334/3387/7 3399/3453/8 3398/3452/7
f 3335/3388/8 3336/3389/9 3399/3453/8
f 3336/3389/9 3400/3454/9 3399/3453/8
f 3336/3389/9 3337/3390/10 3401/3455/10
f 3336/3389/9 3401/3455/10 3400/3454/9
f 3337/3390/10 3338/3391/11 3401/3455/10
f 3338/3391/11 3402/3456/11 3401/3455/10
f 3338/3391/11 3339/3392/12 3403/3457/12
f 3338/3391/11 3403/3457/12 3402/3456/11
f 3339/3392/12 3340/3393/13 3403/3457/12
f 3340/3393/13 3404/3458/13 3403/3457/12
f 3340/3393/13 3341/3394/14 3405/3459/14
f 3340/3393/13 3405/3459/14 3404/3458/13
f 3341/3394/14 3342/3395/15 3405/3459/14
f 3342/3395/15 3406/3460/15 3405/3459/14
f 3342/3395/15 3343/3396/16 3407/3461/16
f 3342/3395/15 3407/3461/16 3406/3460/15
f 3343/3396/16 3344/3397/17 3407/3461/16
f 3344/3397/17 3408/3462/17 3407/3461/16
f 3344/3397/17 3345/3398/18 3409/3463/18
f 3344/3397/17 3409/3463/18 3408/3462/17
f 3345/3398/18 3346/3399/19 3409/3463/18
f 3346/3399/19 3410/3464/19 3409/3463/18
f 3346/3399/19 3347/3400/20 3411/3465/20
f 3346/3399/19 3411/3465/20 3410/3464/19
f 3347/3400/20 3348/3401/21 3411/3465/20
f 3348/3401/21 3412/3466/21 3411/3465/20
f 3348/3401/21 3349/3402/22 3413/3467/22
f 3348/3401/21 3413/3467/22 3412/3466/21
f 3349/3402/22 3350/3403/23 3413/3467/22
f 3350/3403/23 3414/3468/23 3413/3467/22
f 3350/3403/23 3351/3404/24 3415/3469/24
f 3350/3403/23 3415/3469/24 3414/3468/23
f 3351/3404/24 3352/3405/25 3415/3469/24
f 3352/3405/25 3416/3470/25 3415/3469/24
f 3352/3405/25 3353/3406/26 3417/3471/26
f 3352/3405/25 3417/3471/26 3416/3470/25
f 3353/3406/26 3354/3407/27 3417/3471/26
f 3354/3407/27 3418/3472/27 3417/3471/26
f 3354/3407/27 3355/3408/28 3419/3473/28
f 3354/3407/27 3419/3473/28 3418/3472/27
f 3355/3408/28 3356/3409/29 3419/3473/28
f 3356/3409/29 3420/3474/29 3419/3473/28
f 3356/3409/29 3357/3410/30 3421/3475/30
f 3356/3409/29 3421/3475/30 3420/3474/29
f 3357/3410/30 3358/3411/31 3421/3475/30
f 3358/3411/31 3422/3476/31 3421/3475/30
f 3358/3411/31 3359/3412/32 3423/3477/32
f 3358/3411/31 3423/3477/32 3422/3476/31
f 3359/3412/32 3360/3413/33 3423/3477/32
f 3360/3413/33 3424/3478/33 3423/3477/32
f 3360/3413/33 3361/3414/34 3425/3479/34
f 3360/3413/33 3425/3479/34 3424/3478/33
f 3361/3414/34 3362/3415/35 3425/3479/34
f 3362/3415/35 3426/3480/35 3425/3479/34
f 3362/3415/35 3363/3416/36 3427/3481/36
f 3362/3415/35 3427/3481/36 3426/3480/35
f 3363/3416/36 3364/3417/37 3427/3481/36
f 3364/3417/37 3428/3482/37 3427/3481/36
f 3364/3417/37 3365/3418/38 3429/3483/38
f 3364/3417/37 3429/3483/38 3428/3482/37
f 3365/3418/38 3366/3419/39 3429/3483/38
f 3366/3419/39 3430/3484/39 3429/3483/38
f 3366/3419/39 3367/3420/40 3431/3485/40
f 3366/3419/39 3431/3485/40 3430/3484/39
f 3367/3420/40 3368/3421/41 3431/3485/40
f 3368/3421/41 3432/3486/41 3431/3485/40
f 3368/3421/41 3369/3422/42 3433/3487/42
f 3368/3421/41 3433/3487/42 3432/3486/41
f 3369/3422/42 3370/3423/43 3433/3487/42
f 3370/3423/43 3434/3488/43 3433/3487/42
f 3370/3423/43 3371/3424/44 3435/3489/44
f 3370/3423/43 3435/3489/44 3434/3488/43
f 3371/3424/44 3372/3425/45 3435/3489/44
f 3372/3425/45 3436/3490/45 3435/3489/44
f 3372/3425/45 3373/3426/46 3437/3491/46
f 3372/3425/45 3437/3491/46 3436/3490/45
f 3373/3426/46 3374/3427/47 3437/3491/46
f 3374/3427/47 3438/3492/47 3437/3491/46
f 3374/3427/47 3375/3428/48 3439/3493/48
f 3374/3427/47 3439/3493/48 3438/3492/47
f 3375/3428/48 3376/3429/49 3439/3493/48
f 3376/3429/49 3440/3494/49 3439/3493/48
f 3376/3429/49 3377/3430/50 3441/3495/50
f 3376/3429/49 3441/3495/50 3440/3494/49
f 3377/3430/50 3378/3431/51 3441/3495/50
f 3378/3431/51 3442/3496/51 3441/3495/50
f 3378/3431/51 3379/3432/52 3443/3497/52
f 3378/3431/51 3443/3497/52 3442/3496/51
f 3379/3432/52 3380/3433/53 3443/3497/52
f 3380/3433/53 3444/3498/53 3443/3497/52
f 3380/3433/53 3381/3434/54 3445/3499/54
f 3380/3433/53 3445/3499/54 3444/3498/53
f 3381/3434/54 3382/3435/55 3445/3499/54
f 3382/3435/55 3446/3500/55 3445/3499/54
f 3382/3435/55 3383/3436/56 3447/3501/56
f 3382/3435/55 3447/3501/56 3446/3500/55
f 3383/3436/56 3384/3437/57 3447/3501/56
f 3384/3437/57 3448/3502/57 3447/3501/56
f 3384/3437/57 3385/3438/58 3449/3503/58
f 3384/3437/57 3449/3503/58 3448/3502/57
f 3385/3438/58 3386/3439/59 3449/3503/58
f 3386/3439/59 3450/3504/59 3449/3503/58
f 3386/3439/59 3387/3440/60 3451/3505/60
f 3386/3439/59 3451/3505/60 3450/3504/59
f 3387/3440/60 3388/3441/61 3451/3505/60
f 3388/3441/61 3452/3506/61 3451/3505/60
f 3388/3441/61 3389/3442/62 3453/3507/62
f 3388/3441/61 3453/3507/62 3452/3506/61
f 3389/3442/62 3390/3443/63 3453/3507/62
f 3390/3443/63 3454/3508/63 3453/3507/62
f 3390/3443/63 3391/3444/64 3455/3509/64
f 3390/3443/63 3455/3509/64 3454/3508/63
f 3391/3444/64 3392/3445/1 3455/3509/64
f 3392/3445/1 3456/3510/1 3455/3509/64
f 3456/3447/1 3393/3446/2 3457/3511/1
f 3393/3446/2 3458/3512/2 3457/3511/1
f 3393/3446/2 3394/3448/3 3459/3513/3
f 3393/3446/2 3459/3513/3 3458/3512/2
f 3394/3448/3 3395/3449/4 3459/3513/3
f 3395/3449/4 3460/3514/4 3459/3513/3
f 3395/3449/4 3396/3450/5 3461/3515/5
f 3395/3449/4 3461/3515/5 3460/3514/4
f 3396/3450/5 3397/3451/6 3461/3515/5
f 3397/3451/6 3462/3516/6 3461/3515/5
f 3397/3451/6 3398/3452/7 3463/3517/7
f 3397/3451/6 3463/3517/7 3462/3516/6
f 3398/3452/7 3399/3453/8 3463/3517/7
f 3399/3453/8 3464/3518/8 3463/3517/7
f 3399/3453/8 3400/3454/9 3465/3519/9
f 3399/3453/8 3465/3519/9 3464/3518/8
f 3400/3454/9 3401/3455/10 3465/3519/9
f 3401/3455/10 3466/3520/10 3465/3519/9
f 3401/3455/10 3402/3456/11 3467/3521/11
f 3401/3455/10 3467/3521/11 3466/3520/10
f 3402/3456/11 3403/3457/12 3467/3521/11
f 3403/3457/12 3468/3522/12 3467/3521/11
f 3403/3457/12 3404/3458/13 3469/3523/13
f 3403/3457/12 3469/3523/13 3468/3522/12
f 3404/3458/13 3405/3459/14 3469/3523/13
f 3405/3459/14 3470/3524/14 3469/3523/13
f 3405/3459/14 3406/3460/15 3471/3525/15
f 3405/3459/14 3471/3525/15 3470/3524/14
f 3406/3460/15 3407/3461/16 3471/3525/15
f 3407/3461/16 3472/3526/16 3471/3525/15
f 3407/3461/16 3408/3462/17 3473/3527/17
f 3407/3461/16 3473/3527/17 3472/3526/16
f 3408/3462/17 3409/3463/18 3473/3527/17
f 3409/3463/18 3474/3528/18 3473/3527/17
f 3409/3463/18 3410/3464/19 3475/3529/19
f 3409/3463/18 3475/3529/19 3474/3528/18
f 3410/3464/19 3411/3465/20 3475/3529/19
f 3411/3465/20 3476/3530/20 3475/3529/19
f 3411/3465/20 3412/3466/21 3477/3531/21
f 3411/3465/20 3477/3531/21 3476/3530/20
f 3412/3466/21 3413/3467/22 3477/3531/21
f 3413/3467/22 3478/3532/22 3477/3531/21
f 3413/3467/22 3414/3468/23 3479/3533/23
f 3413/3467/22 3479/3533/23 3478/3532/22
f 3414/3468/23 3415/3469/24 3479/3533/23
f 3415/3469/24 3480/3534/24 3479/3533/23
f 3415/3469/24 3416/3470/25 3481/3535/25
f 3415/3469/24 3481/3535/25 3480/3534/24
f 3416/3470/25 3417/3471/26 3481/3535/25
f 3417/3471/26 3482/3536/26 3481/3535/25
f 3417/3471/26 3418/3472/27 3483/3537/27
f 3417/3471/26 3483/3537/27 3482/3536/26
f 3418/3472/27 3419/3473/28 3483/3537/27
f 3419/3473/28 3484/3538/28 3483/3537/27
f 3419/3473/28 3420/3474/29 3485/3539/29
f 3419/3473/28 3485/3539/29 3484/3538/28
f 3420/3474/29 3421/3475/30 3485/3539/29
f 3421/3475/30 3486/3540/30 3485/3539/29
f 3421/3475/30 3422/3476/31 3487/3541/31
f 3421/3475/30 3487/3541/31 3486/3540/30
f 3422/3476/31 3423/3477/32 3487/3541/31
f 3423/3477/32 3488/3542/32 3487/3541/31
f 3423/3477/32 3424/3478/33 3489/3543/33
f 3423/3477/32 3489/3543/33 3488/3542/32
f 3424/3478/33 3425/3479/34 3489/3543/33
f 3425/3479/34 3490/3544/34 3489/3543/33
f 3425/3479/34 3426/3480/35 3491/3545/35
f 3425/3479/34 3491/3545/35 3490/3544/34
f 3426/3480/35 3427/3481/36 3491/3545/35
f 3427/3481/36 3492/3546/36 3491/3545/35
f 3427/3481/36 3428/3482/37 3493/3547/37
f 3427/3481/36 3493/3547/37 3492/3546/36
f 3428/3482/37 3429/3483/38 3493/3547/37
f 3429/3483/38 3494/3548/38 3493/3547/37
f 3429/3483/38 3430/3484/39 3495/3549/39
f 3429/3483/38 3495/3549/39 3494/3548/38
f 3430/3484/39 3431/3485/40 3495/3549/39
f 3431/3485/40 3496/3550/40 3495/3549/39
f 3431/3485/40 3432/3486/41 3497/3551/41
f 3431/3485/40 3497/3551/41 3496/3550/40
f 3432/3486/41 3433/3487/42 3497/3551/41
f 3433/3487/42 3498/3552/42 3497/3551/41
f 3433/3487/42 3434/3488/43 3499/3553/43
f 3433/3487/42 3499/3553/43 3498/3552/42
f 3434/3488/43 3435/3489/44 3499/3553/43
f 3435/3489/44 3500/3554/44 3499/3553/43
f 3435/3489/44 3436/3490/45 3501/3555/45
f 3435/3489/44 3501/3555/45 3500/3554/44
f 3436/3490/45 3437/3491/46 3501/3555/45
f 3437/3491/46 3502/3556/46 3501/3555/45
f 3437/3491/46 3438/3492/47 3503/3557/47
f 3437/3491/46 3503/3557/47 3502/3556/46
f 3438/3492/47 3439/3493/48 3503/3557/47
f 3439/3493/48 3504/3558/48 3503/3557/47
f 3439/3493/48 3440/3494/49 3505/3559/49
f 3439/3493/48 3505/3559/49 3504/3558/48
f 3440/3494/49 3441/3495/50 3505/3559/49
f 3441/3495/50 3506/3560/50 3505/3559/49
f 3441/3495/50 3442/3496/51 3507/3561/51
f 3441/3495/50 3507/3561/51 3506/3560/50
f 3442/3496/51 3443/3497/52 3507/3561/51
f 3443/3497/52 3508/3562/52 3507/3561/51
f 3443/3497/52 3444/3498/53 3509/3563/53
f 3443/3497/52 3509/3563/53 3508/3562/52
f 3444/3498/53 3445/3499/54 3509/3563/53
f 3445/3499/54 3510/3564/54 3509/3563/53
f 3445/3499/54 3446/3500/55 3511/3565/55
f 3445/3499/54 3511/3565/55 3510/3564/54
f 3446/3500/55 3447/3501/56 3511/3565/55
f 3447/3501/56 3512/3566/56 3511/3565/55
f 3447/3501/56 3448/3502/57 3513/3567/57
f 3447/3501/56 3513/3567/57 3512/3566/56
f 3448/3502/57 3449/3503/58 3513/3567/57
f 3449/3503/58 3514/3568/58 3513/3567/57
f 3449/3503/58 3450/3504/59 3515/3569/59
f 3449/3503/58 3515/3569/59 3514/3568/58
f 3450/3504/59 3451/3505/60 3515/3569/59
f 3451/3505/60 3516/3570/60 3515/3569/59
f 3451/3505/60 3452/3506/61 3517/3571/61
f 3451/3505/60 3517/3571/61 3516/3570/60
f 3452/3506/61 3453/3507/62 3517/3571/61
f 3453/3507/62 3518/3572/62 3517/3571/61
f 3453/3507/62 3454/3508/63 3519/3573/63
f 3453/3507/62 3519/3573/63 3518/3572/62
f 3454/3508/63 3455/3509/64 3519/3573/63
f 3455/3509/64 3520/3574/64 3519/3573/63
f 3455/3509/64 3456/3510/1 3457/3575/1
f 3455/3509/64 3457/3575/1 3520/3574/64
f 3457/3511/1 3458/3512/2 3521/3576/2
f 3457/3511/1 3521/3576/2 3584/3577/1
f 3458/3512/2 3459/3513/3 3521/3576/2
f 3459/3513/3 3522/3578/3 3521/3576/2
f 3459/3513/3 3460/3514/4 3523/3579/4
f 3459/3513/3 3523/3579/4 3522/3578/3
f 3460/3514/4 3461/3515/5 3523/3579/4
f 3461/3515/5 3524/3580/5 3523/3579/4
f 3461/3515/5 3462/3516/6 3525/3581/6
f 3461/3515/5 3525/3581/6 3524/3580/5
f 3462/3516/6 3463/3517/7 3525/3581/6
f 3463/3517/7 3526/3582/7 3525/3581/6
f 3463/3517/7 3464/3518/8 3527/3583/8
f 3463/3517/7 3527/3583/8 3526/3582/7
f 3464/3518/8 3465/3519/9 3527/3583/8
f 3465/3519/9 3528/3584/9 3527/3583/8
f 3465/3519/9 3466/3520/10 3529/3585/10
f 3465/3519/9 3529/3585/10 3528/3584/9
f 3466/3520/10 3467/3521/11 3529/3585/10
f 3467/3521/11 3530/3586/11 3529/3585/10
f 3467/3521/11 3468/3522/12 3531/3587/12
f 3467/3521/11 3531/3587/12 3530/3586/11
f 3468/3522/12 3469/3523/13 3531/3587/12
f 3469/3523/13 3532/3588/13 3531/3587/12
f 3469/3523/13 3470/3524/14 3533/3589/14
f 3469/3523/13 3533/3589/14 3532/3588/13
f 3470/3524/14 3471/3525/15 3533/3589/14
f 3471/3525/15 3534/3590/15 3533/3589/14
f 3471/3525/15 3472/3526/16 3535/3591/16
f 3471/3525/15 3535/3591/16 3534/3590/15
f 3472/3526/16 3473/3527/17 3535/3591/16
f 3473/3527/17 3536/3592/17 3535/3591/16
f 3473/3527/17 3474/3528/18 3537/3593/18
f 3473/3527/17 3537/3593/18 3536/3592/17
f 3474/3528/18 3475/3529/19 3537/3593/18
f 3475/3529/19 3538/3594/19 3537/3593/18
f 3475/3529/19 3476/3530/20 3539/3595/20
f 3475/3529/19 3539/3595/20 3538/3594/19
f 3476/3530/20 3477/3531/21 3539/3595/20
f 3477/3531/21 3540/3596/21 3539/3595/20
f 3477/3531/21 3478/3532/22 3541/3597/22
f 3477/3531/21 3541/3597/22 3540/3596/21
f 3478/3532/22 3479/3533/23 3541/3597/22
f 3479/3533/23 3542/3598/23 3541/3597/22
f 3479/3533/23 3480/3534/24 3543/3599/24
f 3479/3533/23 3543/3599/24 3542/3598/23
f 3480/3534/24 3481/3535/25 3543/3599/24
f 3481/3535/25 3544/3600/25 3543/3599/24
f 3481/3535/25 3482/3536/26 3545/3601/26
f 3481/3535/25 3545/3601/26 3544/3600/25
f 3482/3536/26 3483/3537/27 3545/3601/26
f 3483/3537/27 3546/3602/27 3545/3601/26
f 3483/3537/27 3484/3538/28 3547/3603/28
f 3483/3537/27 3547/3603/28 3546/3602/27
f 3484/3538/28 3485/3539/29 3547/3603/28
f 3485/3539/29 3548/3604/29 3547/3603/28
f 3485/3539/29 3486/3540/30 3549/3605/30
f 3485/3539/29 3549/3605/30 3548/3604/29
f 3486/3540/30 3487/3541/31 3549/3605/30
f 3487/3541/31 3550/3606/31 3549/3605/30
f 3487/3541/31 3488/3542/32 3551/3607/32
f 3487/3541/31 3551/3607/32 3550/3606/31
f 3488/3542/32 3489/3543/33 3551/3607/32
f 3489/3543/33 3552/3608/33 3551/3607/32
f 3489/3543/33 3490/3544/34 3553/3609/34
f 3489/3543/33 3553/3609/34 3552/3608/33
f 3490/3544/34 3491/3545/35 3553/3609/34
f 3491/3545/35 3554/3610/35 3553/3609/34
f 3491/3545/35 3492/3546/36 3555/3611/36
f 3491/3545/35 3555/3611/36 3554/3610/35
f 3492/3546/36 3493/3547/37 3555/3611/36
f 3493/3547/37 3556/3612/37 3555/3611/36
f 3493/3547/37 3494/3548/38 3557/3613/38
f 3493/3547/37 3557/3613/38 3556/3612/37
f 3494/3548/38 3495/3549/39 3557/3613/38
f 3495/3549/39 3558/3614/39 3557/3613/38
f 3495/3549/39 3496/3550/40 3559/3615/40
f 3495/3549/39 3559/3615/40 3558/3614/39
f 3496/3550/40 3497/3551/41 3559/3615/40
f 3497/3551/41 3560/3616/41 3559/3615/40
f 3497/3551/41 3498/3552/42 3561/3617/42
f 3497/3551/41 3561/3617/42 3560/3616/41
f 3498/3552/42 3499/3553/43 3561/3617/42
f 3499/3553/43 3562/3618/43 3561/3617/42
f 3499/3553/43 3500/3554/44 3563/3619/44
f 3499/3553/43 3563/3619/44 3562/3618/43
f 3500/3554/44 3501/3555/45 3563/3619/44
f 3501/3555/45 3564/3620/45 3563/3619/44
f 3501/3555/45 3502/3556/46 3565/3621/46
f 3501/3555/45 3565/3621/46 3564/3620/45
f 3502/3556/46 3503/3557/47 3565/3621/46
f 3503/3557/47 3566/3622/47 3565/3621/46
f 3503/3557/47 3504/3558/48 3567/3623/48
f 3503/3557/47 3567/3623/48 3566/3622/47
f 3504/3558/48 3505/3559/49 3567/3623/48
f 3505/3559/49 3568/3624/49 3567/3623/48
f 3505/3559/49 3506/3560/50 3569/3625/50
f 3505/3559/49 3569/3625/50 3568/3624/49
f 3506/3560/50 3507/3561/51 3569/3625/50
f 3507/3561/51 3570/3626/51 3569/3625/50
f 3507/3561/51 3508/3562/52 3571/3627/52
f 3507/3561/51 3571/3627/52 3570/3626/51
f 3508/3562/52 3509/3563/53 3571/3627/52
f 3509/3563/53 3572/3628/53 3571/3627/52
f 3509/3563/53 3510/3564/54 3573/3629/54
f 3509/3563/53 3573/3629/54 3572/3628/53
f 3510/3564/54 3511/3565/55 3573/3629/54
f 3511/3565/55 3574/3630/55 3573/3629/54
f 3511/3565/55 3512/3566/56 3575/3631/56
f 3511/3565/55 3575/3631/56 3574/3630/55
f 3512/3566/56 3513/3567/57 3575/3631/56
f 3513/3567/57 3576/3632/57 3575/3631/56
f 3513/3567/57 3514/3568/58 3577/3633/58
f 3513/3567/57 3577/3633/58 3576/3632/57
f 3514/3568/58 3515/3569/59 3577/3633/58
f 3515/3569/59 3578/3634/59 3577/3633/58
f 3515/3569/59 3516/3570/60 3579/3635/60
f 3515/3569/59 3579/3635/60 3578/3634/59
f 3516/3570/60 3517/3571/61 3579/3635/60
f 3517/3571/61 3580/3636/61 3579/3635/60
f 3517/3571/61 3518/3572/62 3581/3637/62
f 3517/3571/61 3581/3637/62 3580/3636/61
f 3518/3572/62 3519/3573/63 3581/3637/62
f 3519/3573/63 3582/3638/63 3581/3637/62
f 3519/3573/63 3520/3574/64 3583/3639/64
f 3519/3573/63 3583/3639/64 3582/3638/63
f 3520/3574/64 3457/3575/1 3583/3639/64
f 3457/3575/1 3584/3640/1 3583/3639/64
f 3584/3577/1 3521/3576/2 3585/3641/1
f 3521/3576/2 3586/3642/2 3585/3641/1
f 3521/3576/2 3522/3578/3 3587/3643/3
f 3521/3576/2 3587/3643/3 3586/3642/2
f 3522/3578/3 3523/3579/4 3587/3643/3
f 3523/3579/4 3588/3644/4 3587/3643/3
f 3523/3579/4 3524/3580/5 3589/3645/5
f 3523/3579/4 3589/3645/5 3588/3644/4
f 3524/3580/5 3525/3581/6 3589/3645/5
f 3525/3581/6 3590/3646/6 3589/3645/5
f 3525/3581/6 3526/3582/7 3591/3647/7
f 3525/3581/6 3591/3647/7 3590/3646/6
f 3526/3582/7 3527/3583/8 3591/3647/7
f 3527/3583/8 3592/3648/8 3591/3647/7
f 3527/3583/8 3528/3584/9 3593/3649/9
f 3527/3583/8 3593/3649/9 3592/3648/8
f 3528/3584/9 3529/3585/10 3593/3649/9
f 3529/3585/10 3594/3650/10 3593/3649/9
f 3529/3585/10 3530/3586/11 3595/3651/11
f 3529/3585/10 3595/3651/11 3594/3650/10
f 3530/3586/11 3531/3587/12 3595/3651/11
f 3531/3587/12 3596/3652/12 3595/3651/11
f 3531/3587/12 3532/3588/13 3597/3653/13
f 3531/3587/12 3597/3653/13 3596/3652/12
f 3532/3588/13 3533/3589/14 3597/3653/13
f 3533/3589/14 3598/3654/14 3597/3653/13
f 3533/3589/14 3534/3590/15 3599/3655/15
f 3533/3589/14 3599/3655/15 3598/3654/14
f 3534/3590/15 3535/3591/16 3599/3655/15
f 3535/3591/16 3600/3656/16 3599/3655/15
f 3535/3591/16 3536/3592/17 3601/3657/17
f 3535/3591/16 3601/3657/17 3600/3656/16
f 3536/3592/17 3537/3593/18 3601/3657/17
f 3537/3593/18 3602/3658/18 3601/3657/17
f 3537/3593/18 3538/3594/19 3603/3659/19
f 3537/3593/18 3603/3659/19 3602/3658/18
f 3538/3594/19 3539/3595/20 3603/3659/19
f 3539/3595/20 3604/3660/20 3603/3659/19
f 3539/3595/20 3540/3596/21 3605/3661/21
f 3539/3595/20 3605/3661/21 3604/3660/20
f 3540/3596/21 3541/3597/22 3605/3661/21
f 3541/3597/22 3606/3662/22 3605/3661/21
f 3541/3597/22 3542/3598/23 3607/3663/23
f 3541/3597/22 3607/3663/23 3606/3662/22
f 3542/3598/23 3543/3599/24 3607/3663/23
f 3543/3599/24 3608/3664/24 3607/3663/23
f 3543/3599/24 3544/3600/25 3609/3665/25
f 3543/3599/24 3609/3665/25 3608/3664/24
f 3544/3600/25 3545/3601/26 3609/3665/25
f 3545/3601/26 3610/3666/26 3609/3665/25
f 3545/3601/26 3546/3602/27 3611/3667/27
f 3545/3601/26 3611/3667/27 3610/3666/26
f 3546/3602/27 3547/3603/28 3611/3667/27
f 3547/3603/28 3612/3668/28 3611/3667/27
f 3547/3603/28 3548/3604/29 3613/3669/29
f 3547/3603/28 3613/3669/29 3612/3668/28
f 3548/3604/29 3549/3605/30 3613/3669/29
f 3549/3605/30 3614/3670/30 3613/3669/29
f 3549/3605/30 3550/3606/31 3615/3671/31
f 3549/3605/30 3615/3671/31 3614/3670/30
f 3550/3606/31 3551/3607/32 3615/3671/31
f 3551/3607/32 3616/3672/32 3615/3671/31
f 3551/3607/32 3552/3608/33 3617/3673/33
f 3551/3607/32 3617/3673/33 3616/3672/32
f 3552/3608/33 3553/3609/34 3617/3673/33
f 3553/3609/34 3618/3674/34 3617/3673/33
f 3553/3609/34 3554/3610/35 3619/3675/35
f 3553/3609/34 3619/3675/35 3618/3674/34
f 3554/3610/35 3555/3611/36 3619/3675/35
f 3555/3611/36 3620/3676/36 3619/3675/35
f 3555/3611/36 3556/3612/37 3621/3677/37
f 3555/3611/36 3621/3677/37 3620/3676/36
f 3556/3612/37 3557/3613/38 3621/3677/37
f 3557/3613/38 3622/3678/38 3621/3677/37
f 3557/3613/38 3558/3614/39 3623/3679/39
f 3557/3613/38 3623/3679/39 3622/3678/38
f 3558/3614/39 3559/3615/40 3623/3679/39
f 3559/3615/40 3624/3680/40 3623/3679/39
f 3559/3615/40 3560/3616/41 3625/3681/41
f 3559/3615/40 3625/3681/41 3624/3680/40
f 3560/3616/41 3561/3617/42 3625/3681/41
f 3561/3617/42 3626/3682/42 3625/3681/41
f 3561/3617/42 3562/3618/43 3627/3683/43
f 3561/3617/42 3627/3683/43 3626/3682/42
f 3562/3618/43 3563/3619/44 3627/3683/43
f 3563/3619/44 3628/3684/44 3627/3683/43
f 3563/3619/44 3564/3620/45 3629/3685/45
f 3563/3619/44 3629/3685/45 3628/3684/44
f 3564/3620/45 3565/3621/46 3629/3685/45
f 3565/3621/46 3630/3686/46 3629/3685/45
f 3565/3621/46 3566/3622/47 3631/3687/47
f 3565/3621/46 3631/3687/47 3630/3686/46
f 3566/3622/47 3567/3623/48 3631/3687/47
f 3567/3623/48 3632/3688/48 3631/3687/47
f 3567/3623/48 3568/3624/49 3633/3689/49
f 3567/3623/48 3633/3689/49 3632/3688/48
f 3568/3624/49 3569/3625/50 3633/3689/49
f 3569/3625/50 3634/3690/50 3633/3689/49
f 3569/3625/50 3570/3626/51 3635/3691/51
f 3569/3625/50 3635/3691/51 3634/3690/50
f 3570/3626/51 3571/3627/52 3635/3691/51
f 3571/3627/52 3636/3692/52 3635/3691/51
f 3571/3627/52 3572/3628/53 3637/3693/53
f 3571/3627/52 3637/3693/53 3636/3692/52
f 3572/3628/53 3573/3629/54 3637/3693/53
f 3573/3629/54 3638/3694/54 3637/3693/53
f 3573/3629/54 3574/3630/55 3639/3695/55
f 3573/3629/54 3639/3695/55 3638/3694/54
f 3574/3630/55 3575/3631/56 3639/3695/55
f 3575/3631/56 3640/3696/56 3639/3695/55
f 3575/3631/56 3576/3632/57 3641/3697/57
f 3575/3631/56 3641/3697/57 3640/3696/56
f 3576/3632/57 3577/3633/58 3641/3697/57
f 3577/3633/58 3642/3698/58 3641/3697/57
f 3577/3633/58 3578/3634/59 3643/3699/59
f 3577/3633/58 3643/3699/59 3642/3698/58
f 3578/3634/59 3579/3635/60 3643/3699/59
f 3579/3635/60 3644/3700/60 3643/3699/59
f 3579/3635/60 3580/3636/61 3645/3701/61
f 3579/3635/60 3645/3701/61 3644/3700/60
f 3580/3636/61 3581/3637/62 3645/3701/61
f 3581/3637/62 3646/3702/62 3645/3701/61
f 3581/3637/62 3582/3638/63 3647/3703/63
f 3581/3637/62 3647/3703/63 3646/3702/62
f 3582/3638/63 3583/3639/64 3647/3703/63
f 3583/3639/64 3648/3704/64 3647/3703/63
f 3583/3639/64 3584/3640/1 3585/3705/1
f 3583/3639/64 3585/3705/1 3648/3704/64
f 3585/3641/1 3586/3642/2 3650/3706/2
f 3585/3641/1 3650/3706/2 3649/3707/1
f 3586/3642/2 3587/3643/3 3650/3706/2
f 3587/3643/3 3651/3708/3 3650/3706/2
f 3587/3643/3 3588/3644/4 3652/3709/4
f 3587/3643/3 3652/3709/4 3651/3708/3
f 3588/3644/4 3589/3645/5 3652/3709/4
f 3589/3645/5 3653/3710/5 3652/3709/4
f 3589/3645/5 3590/3646/6 3654/3711/6
f 3589/3645/5 3654/3711/6 3653/3710/5
f 3590/3646/6 3591/3647/7 3654/3711/6
f 3591/3647/7 3655/3712/7 3654/3711/6
f 3591/3647/7 3592/3648/8 3656/3713/8
f 3591/3647/7 3656/3713/8 3655/3712/7
f 3592/3648/8 3593/3649/9 3656/3713/8
f 3593/3649/9 3657/3714/9 3656/3713/8
f 3593/3649/9 3594/3650/10 3658/3715/10
f 3593/3649/9 3658/3715/10 3657/3714/9
f 3594/3650/10 3595/3651/11 3658/3715/10
f 3595/3651/11 3659/3716/11 3658/3715/10
f 3595/3651/11 3596/3652/12 3660/3717/12
f 3595/3651/11 3660/3717/12 3659/3716/11
f 3596/3652/12 3597/3653/13 3660/3717/12
f 3597/3653/13 3661/3718/13 3660/3717/12
f 3597/3653/13 3598/3654/14 3662/3719/14
f 3597/3653/13 3662/3719/14 3661/3718/13
f 3598/3654/14 3599/3655/15 3662/3719/14
f 3599/3655/15 3663/3720/15 3662/3719/14
f 3599/3655/15 3600/3656/16 3664/3721/16
f 3599/3655/15 3664/3721/16 3663/3720/15
f 3600/3656/16 3601/3657/17 3664/3721/16
f 3601/3657/17 3665/3722/17 3664/3721/16
f 3601/3657/17 3602/3658/18 3666/3723/18
f 3601/3657/17 3666/3723/18 3665/3722/17
f 3602/3658/18 3603/3659/19 3666/3723/18
f 3603/3659/19 3667/3724/19 3666/3723/18
f 3603/3659/19 3604/3660/20 3668/3725/20
f 3603/3659/19 3668/3725/20 3667/3724/19
f 3604/3660/20 3605/3661/21 3668/3725/20
f 3605/3661/21 3669/3726/21 3668/3725/20
f 3605/3661/21 3606/3662/22 3670/3727/22
f 3605/3661/21 3670/3727/22 3669/3726/21
f 3606/3662/22 3607/3663/23 3670/3727/22
f 3607/3663/23 3671/3728/23 3670/3727/22
f 3607/3663/23 3608/3664/24 3672/3729/24
f 3607/3663/23 3672/3729/24 3671/3728/23
f 3608/3664/24 3609/3665/25 3672/3729/24
f 3609/3665/25 3673/3730/25 3672/3729/24
f 3609/3665/25 3610/3666/26 3674/3731/26
f 3609/3665/25 3674/3731/26 3673/3730/25
f 3610/3666/26 3611/3667/27 3674/3731/26
f 3611/3667/27 3675/3732/27 3674/3731/26
f 3611/3667/27 3612/3668/28 3676/3733/28
f 3611/3667/27 3676/3733/28 3675/3732/27
f 3612/3668/28 3613/3669/29 3676/3733/28
f 3613/3669/29 3677/3734/29 3676/3733/28
f 3613/3669/29 3614/3670/30 3678/3735/30
f 3613/3669/29 3678/3735/30 3677/3734/29
f 3614/3670/30 3615/3671/31 3678/3735/30
f 3615/3671/31 3679/3736/31 3678/3735/30
f 3615/3671/31 3616/3672/32 3680/3737/32
f 3615/3671/31 3680/3737/32 3679/3736/31
f 3616/3672/32 3617/3673/33 3680/3737/32
f 3617/3673/33 3681/3738/33 3680/3737/32
f 3617/3673/33 3618/3674/34 3682/3739/34
f 3617/3673/33 3682/3739/34 3681/3738/33
f 3618/3674/34 3619/3675/35 3682/3739/34
f 3619/3675/35 3683/3740/35 3682/3739/34
f 3619/3675/35 3620/3676/36 3684/3741/36
f 3619/3675/35 3684/3741/36 3683/3740/35
f 3620/3676/36 3621/3677/37 3684/3741/36
f 3621/3677/37 3685/3742/37 3684/3741/36
f 3621/3677/37 3622/3678/38 3686/3743/38
f 3621/3677/37 3686/3743/38 3685/3742/37
f 3622/3678/38 3623/3679/39 3686/3743/38
f 3623/3679/39 3687/3744/39 3686/3743/38
f 3623/3679/39 3624/3680/40 3688/3745/40
f 3623/3679/39 3688/3745/40 3687/3744/39
f 3624/3680/40 3625/3681/41 3688/3745/40
f 3625/3681/41 3689/3746/41 3688/3745/40
f 3625/3681/41 3626/3682/42 3690/3747/42
f 3625/3681/41 3690/3747/42 3689/3746/41
f 3626/3682/42 3627/3683/43 3690/3747/42
f 3627/3683/43 3691/3748/43 3690/3747/42
f 3627/3683/43 3628/3684/44 3692/3749/44
f 3627/3683/43 3692/3749/44 3691/3748/43
f 3628/3684/44 3629/3685/45 3692/3749/44
f 3629/3685/45 3693/3750/45 3692/3749/44
f 3629/3685/45 3630/3686/46 3694/3751/46
f 3629/3685/45 3694/3751/46 3693/3750/45
f 3630/3686/46 3631/3687/47 3694/3751/46
f 3631/3687/47 3695/3752/47 3694/3751/46
f 3631/3687/47 3632/3688/48 3696/3753/48
f 3631/3687/47 3696/3753/48 3695/3752/47
f 3632/3688/48 3633/3689/49 3696/3753/48
f 3633/3689/49 3697/3754/49 3696/3753/48
f 3633/3689/49 3634/3690/50 3698/3755/50
f 3633/3689/49 3698/3755/50 3697/3754/49
f 3634/3690/50 3635/3691/51 3698/3755/50
f 3635/3691/51 3699/3756/51 3698/3755/50
f 3635/3691/51 3636/3692/52 3700/3757/52
f 3635/3691/51 3700/3757/52 3699/3756/51
f 3636/3692/52 3637/3693/53 3700/3757/52
f 3637/3693/53 3701/3758/53 3700/3757/52
f 3637/3693/53 3638/3694/54 3702/3759/54
f 3637/3693/53 3702/3759/54 3701/3758/53
f 3638/3694/54 3639/3695/55 3702/3759/54
f 3639/3695/55 3703/3760/55 3702/3759/54
f 3639/3695/55 3640/3696/56 3704/3761/56
f 3639/3695/55 3704/3761/56 3703/3760/55
f 3640/3696/56 3641/3697/57 3704/3761/56
f 3641/3697/57 3705/3762/57 3704/3761/56
f 3641/3697/57 3642/3698/58 3706/3763/58
f 3641/3697/57 3706/3763/58 3705/3762/57
f 3642/3698/58 3643/3699/59 3706/3763/58
f 3643/3699/59 3707/3764/59 3706/3763/58
f 3643/3699/59 3644/3700/60 3708/3765/60
f 3643/3699/59 3708/3765/60 3707/3764/59
f 3644/3700/60 3645/3701/61 3708/3765/60
f 3645/3701/61 3709/3766/61 3708/3765/60
f 3645/3701/61 3646/3702/62 3710/3767/62
f 3645/3701/61 3710/3767/62 3709/3766/61
f 3646/3702/62 3647/3703/63 3710/3767/62
f 3647/3703/63 3711/3768/63 3710/3767/62
f 3647/3703/63 3648/3704/64 3712/3769/64
f 3647/3703/63 3712/3769/64 3711/3768/63
f 3648/3704/64 3585/3705/1 3712/3769/64
f 3585/3705/1 3649/3770/1 3712/3769/64
f 3649/3707/1 3650/3706/2 3713/3771/1
f 3650/3706/2 3714/3772/2 3713/3771/1
f 3650/3706/2 3651/3708/3 3715/3773/3
f 3650/3706/2 3715/3773/3 3714/3772/2
f 3651/3708/3 3652/3709/4 3715/3773/3
f 3652/3709/4 3716/3774/4 3715/3773/3
f 3652/3709/4 3653/3710/5 3717/3775/5
f 3652/3709/4 3717/3775/5 3716/3774/4
f 3653/3710/5 3654/3711/6 3717/3775/5
f 3654/3711/6 3718/3776/6 3717/3775/5
f 3654/3711/6 3655/3712/7 3719/3777/7
f 3654/3711/6 3719/3777/7 3718/3776/6
f 3655/3712/7 3656/3713/8 3719/3777/7
f 3656/3713/8 3720/3778/8 3719/3777/7
f 3656/3713/8 3657/3714/9 3721/3779/9
f 3656/3713/8 3721/3779/9 3720/3778/8
f 3657/3714/9 3658/3715/10 3721/3779/9
f 3658/3715/10 3722/3780/10 3721/3779/9
f 3658/3715/10 3659/3716/11 3723/3781/11
f 3658/3715/10 3723/3781/11 3722/3780/10
f 3659/3716/11 3660/3717/12 3723/3781/11
f 3660/3717/12 3724/3782/12 3723/3781/11
f 3660/3717/12 3661/3718/13 3725/3783/13
f 3660/3717/12 3725/3783/13 3724/3782/12
f 3661/3718/13 3662/3719/14 3725/3783/13
f 3662/3719/14 3726/3784/14 3725/3783/13
f 3662/3719/14 3663/3720/15 3727/3785/15
f 3662/3719/14 3727/3785/15 3726/3784/14
f 3663/3720/15 3664/3721/16 3727/3785/15
f 3664/3721/16 3728/3786/16 3727/3785/15
f 3664/3721/16 3665/3722/17 3729/3787/17
f 3664/3721/16 3729/3787/17 3728/3786/16
f 3665/3722/17 3666/3723/18 3729/3787/17
f 3666/3723/18 3730/3788/18 3729/3787/17
f 3666/3723/18 3667/3724/19 3731/3789/19
f 3666/3723/18 3731/3789/19 3730/3788/18
f 3667/3724/19 3668/3725/20 3731/3789/19
f 3668/3725/20 3732/3790/20 3731/3789/19
f 3668/3725/20 3669/3726/21 3733/3791/21
f 3668/3725/20 3733/3791/21 3732/3790/20
f 3669/3726/21 3670/3727/22 3733/3791/21
f 3670/3727/22 3734/3792/22 3733/3791/21
f 3670/3727/22 3671/3728/23 3735/3793/23
f 3670/3727/22 3735/3793/23 3734/3792/22
f 3671/3728/23 3672/3729/24 3735/3793/23
f 3672/3729/24 3736/3794/24 3735/3793/23
f 3672/3729/24 3673/3730/25 3737/3795/25
f 3672/3729/24 3737/3795/25 3736/3794/24
f 3673/3730/25 3674/3731/26 3737/3795/25
f 3674/3731/26 3738/3796/26 3737/3795/25
f 3674/3731/26 3675/3732/27 3739/3797/27
f 3674/3731/26 3739/3797/27 3738/3796/26
f 3675/3732/27 3676/3733/28 3739/3797/27
f 3676/3733/28 3740/3798/28 3739/3797/27
f 3676/3733/28 3677/3734/29 3741/3799/29
f 3676/3733/28 3741/3799/29 3740/3798/28
f 3677/3734/29 3678/3735/30 3741/3799/29
f 3678/3735/30 3742/3800/30 3741/3799/29
f 3678/3735/30 3679/3736/31 3743/3801/31
f 3678/3735/30 3743/3801/31 3742/3800/30
f 3679/3736/31 3680/3737/32 3743/3801/31
f 3680/3737/32 3744/3802/32 3743/3801/31
f 3680/3737/32 3681/3738/33 3745/3803/33
f 3680/3737/32 3745/3803/33 3744/3802/32
f 3681/3738/33 3682/3739/34 3745/3803/33
f 3682/3739/34 3746/3804/34 3745/3803/33
f 3682/3739/34 3683/3740/35 3747/3805/35
f 3682/3739/34 3747/3805/35 3746/3804/34
f 3683/3740/35 3684/3741/36 3747/3805/35
f 3684/3741/36 3748/3806/36 3747/3805/35
f 3684/3741/36 3685/3742/37 3749/3807/37
f 3684/3741/36 3749/3807/37 3748/3806/36
f 3685/3742/37 3686/3743/38 3749/3807/37
f 3686/3743/38 3750/3808/38 3749/3807/37
f 3686/3743/38 3687/3744/39 3751/3809/39
f 3686/3743/38 3751/3809/39 3750/3808/38
f 3687/3744/39 3688/3745/40 3751/3809/39
f 3688/3745/40 3752/3810/40 3751/3809/39
f 3688/3745/40 3689/3746/41 3753/3811/41
f 3688/3745/40 3753/3811/41 3752/3810/40
f 3689/3746/41 3690/3747/42 3753/3811/41
f 3690/3747/42 3754/3812/42 3753/3811/41
f 3690/3747/42 3691/3748/43 3755/3813/43
f 3690/3747/42 3755/3813/43 3754/3812/42
f 3691/3748/43 3692/3749/44 3755/3813/43
f 3692/3749/44 3756/3814/44 3755/3813/43
f 3692/3749/44 3693/3750/45 3757/3815/45
f 3692/3749/44 3757/3815/45 3756/3814/44
f 3693/3750/45 3694/3751/46 3757/3815/45
f 3694/3751/46 3758/3816/46 3757/3815/45
f 3694/3751/46 3695/3752/47 3759/3817/47
f 3694/3751/46 3759/3817/47 3758/3816/46
f 3695/3752/47 3696/3753/48 3759/3817/47
f 3696/3753/48 3760/3818/48 3759/3817/47
f 3696/3753/48 3697/3754/49 3761/3819/49
f 3696/3753/48 3761/3819/49 3760/3818/48
f 3697/3754/49 3698/3755/50 3761/3819/49
f 3698/3755/50 3762/3820/50 3761/3819/49
f 3698/3755/50 3699/3756/51 3763/3821/51
f 3698/3755/50 3763/3821/51 3762/3820/50
f 3699/3756/51 3700/3757/52 3763/3821/51
f 3700/3757/52 3764/3822/52 3763/3821/51
f 3700/3757/52 3701/3758/53 3765/3823/53
f 3700/3757/52 3765/3823/53 3764/3822/52
f 3701/3758/53 3702/3759/54 3765/3823/53
f 3702/3759/54 3766/3824/54 3765/3823/53
f 3702/3759/54 3703/3760/55 3767/3825/55
f 3702/3759/54 3767/3825/55 3766/3824/54
f 3703/3760/55 3704/3761/56 3767/3825/55
f 3704/3761/56 3768/3826/56 3767/3825/55
f 3704/3761/56 3705/3762/57 3769/3827/57
f 3704/3761/56 3769/3827/57 3768/3826/56
f 3705/3762/57 3706/3763/58 3769/3827/57
f 3706/3763/58 3770/3828/58 3769/3827/57
f 3706/3763/58 3707/3764/59 3771/3829/59
f 3706/3763/58 3771/3829/59 3770/3828/58
f 3707/3764/59 3708/3765/60 3771/3829/59
f 3708/3765/60 3772/3830/60 3771/3829/59
f 3708/3765/60 3709/3766/61 3773/3831/61
f 3708/3765/60 3773/3831/61 3772/3830/60
f 3709/3766/61 3710/3767/62 3773/3831/61
f 3710/3767/62 3774/3832/62 3773/3831/61
f 3710/3767/62 3711/3768/63 3775/3833/63
f 3710/3767/62 3775/3833/63 3774/3832/62
f 3711/3768/63 3712/3769/64 3775/3833/63
f 3712/3769/64 3776/3834/64 3775/3833/63
f 3712/3769/64 3649/3770/1 3713/3835/1
f 3712/3769/64 3713/3835/1 3776/3834/64
f 3713/3771/1 3714/3772/2 3778/3836/2
f 3713/3771/1 3778/3836/2 3777/3837/1
f 3714/3772/2 3715/3773/3 3778/3836/2
f 3715/3773/3 3779/3838/3 3778/3836/2
f 3715/3773/3 3716/3774/4 3780/3839/4
f 3715/3773/3 3780/3839/4 3779/3838/3
f 3716/3774/4 3717/3775/5 3780/3839/4
f 3717/3775/5 3781/3840/5 3780/3839/4
f 3717/3775/5 3718/3776/6 3782/3841/6
f 3717/3775/5 3782/3841/6 3781/3840/5
f 3718/3776/6 3719/3777/7 3782/3841/6
f 3719/3777/7 3783/3842/7 3782/3841/6
f 3719/3777/7 3720/3778/8 3784/3843/8
f 3719/3777/7 3784/3843/8 3783/3842/7
f 3720/3778/8 3721/3779/9 3784/3843/8
f 3721/3779/9 3785/3844/9 3784/3843/8
f 3721/3779/9 3722/3780/10 3786/3845/10
f 3721/3779/9 3786/3845/10 3785/3844/9
f 3722/3780/10 3723/3781/11 3786/3845/10
f 3723/3781/11 3787/3846/11 3786/3845/10
f 3723/3781/11 3724/3782/12 3788/3847/12
f 3723/3781/11 3788/3847/12 3787/3846/11
f 3724/3782/12 3725/3783/13 3788/3847/12
f 3725/3783/13 3789/3848/13 3788/3847/12
f 3725/3783/13 3726/3784/14 3790/3849/14
f 3725/3783/13 3790/3849/14 3789/3848/13
f 3726/3784/14 3727/3785/15 3790/3849/14
f 3727/3785/15 3791/3850/15 3790/3849/14
f 3727/3785/15 3728/3786/16 3792/3851/16
f 3727/3785/15 3792/3851/16 3791/3850/15
f 3728/3786/16 3729/3787/17 3792/3851/16
f 3729/3787/17 3793/3852/17 3792/3851/16
f 3729/3787/17 3730/3788/18 3794/3853/18
f 3729/3787/17 3794/3853/18 3793/3852/17
f 3730/3788/18 3731/3789/19 3794/3853/18
f 3731/3789/19 3795/3854/19 3794/3853/18
f 3731/3789/19 3732/3790/20 3796/3855/20
f 3731/3789/19 3796/3855/20 3795/3854/19
f 3732/3790/20 3733/3791/21 3796/3855/20
f 3733/3791/21 3797/3856/21 3796/3855/20
f 3733/3791/21 3734/3792/22 3798/3857/22
f 3733/3791/21 3798/3857/22 3797/3856/21
f 3734/3792/22 3735/3793/23 3798/3857/22
f 3735/3793/23 3799/3858/23 3798/3857/22
f 3735/3793/23 3736/3794/24 3800/3859/24
f 3735/3793/23 3800/3859/24 3799/3858/23
f 3736/3794/24 3737/3795/25 3800/3859/24
f 3737/3795/25 3801/3860/25 3800/3859/24
f 3737/3795/25 3738/3796/26 3802/3861/26
f 3737/3795/25 3802/3861/26 3801/3860/25
f 3738/3796/26 3739/3797/27 3802/3861/26
f 3739/3797/27 3803/3862/27 3802/3861/26
f 3739/3797/27 3740/3798/28 3804/3863/28
f 3739/3797/27 3804/3863/28 3803/3862/27
f 3740/3798/28 3741/3799/29 3804/3863/28
f 3741/3799/29 3805/3864/29 3804/3863/28
f 3741/3799/29 3742/3800/30 3806/3865/30
f 3741/3799/29 3806/3865/30 3805/3864/29
f 3742/3800/30 3743/3801/31 3806/3865/30
f 3743/3801/31 3807/3866/31 3806/3865/30
f 3743/3801/31 3744/3802/32 3808/3867/32
f 3743/3801/31 3808/3867/32 3807/3866/31
f 3744/3802/32 3745/3803/33 3808/3867/32
f 3745/3803/33 3809/3868/33 3808/3867/32
f 3745/3803/33 3746/3804/34 3810/3869/34
f 3745/3803/33 3810/3869/34 3809/3868/33
f 3746/3804/34 3747/3805/35 3810/3869/34
f 3747/3805/35 3811/3870/35 3810/3869/34
f 3747/3805/35 3748/3806/36 3812/3871/36
f 3747/3805/35 3812/3871/36 3811/3870/35
f 3748/3806/36 3749/3807/37 3812/3871/36
f 3749/3807/37 3813/3872/37 3812/3871/36
f 3749/3807/37 3750/3808/38 3814/3873/38
f 3749/3807/37 3814/3873/38 3813/3872/37
f 3750/3808/38 3751/3809/39 3814/3873/38
f 3751/3809/39 3815/3874/39 3814/3873/38
f 3751/3809/39 3752/3810/40 3816/3875/40
f 3751/3809/39 3816/3875/40 3815/3874/39
f 3752/3810/40 3753/3811/41 3816/3875/40
f 3753/3811/41 3817/3876/41 3816/3875/40
f 3753/3811/41 3754/3812/42 3818/3877/42
f 3753/3811/41 3818/3877/42 3817/3876/41
f 3754/3812/42 3755/3813/43 3818/3877/42
f 3755/3813/43 3819/3878/43 3818/3877/42
f 3755/3813/43 3756/3814/44 3820/3879/44
f 3755/3813/43 3820/3879/44 3819/3878/43
f 3756/3814/44 3757/3815/45 3820/3879/44
f 3757/3815/45 3821/3880/45 3820/3879/44
f 3757/3815/45 3758/3816/46 3822/3881/46
f 3757/3815/45 3822/3881/46 3821/3880/45
f 3758/3816/46 3759/3817/47 3822/3881/46
f 3759/3817/47 3823/3882/47 3822/3881/46
f 3759/3817/47 3760/3818/48 3824/3883/48
f 3759/3817/47 3824/3883/48 3823/3882/47
f 3760/3818/48 3761/3819/49 3824/3883/48
f 3761/3819/49 3825/3884/49 3824/3883/48
f 3761/3819/49 3762/3820/50 3826/3885/50
f 3761/3819/49 3826/3885/50 3825/3884/49
f 3762/3820/50 3763/3821/51 3826/3885/50
f 3763/3821/51 3827/3886/51 3826/3885/50
f 3763/3821/51 3764/3822/52 3828/3887/52
f 3763/3821/51 3828/3887/52 3827/3886/51
f 3764/3822/52 3765/3823/53 3828/3887/52
f 3765/3823/53 3829/3888/53 3828/3887/52
f 3765/3823/53 3766/3824/54 3830/3889/54
f 3765/3823/53 3830/3889/54 3829/3888/53
f 3766/3824/54 3767/3825/55 3830/3889/54
f 3767/3825/55 3831/3890/55 3830/3889/54
f 3767/3825/55 3768/3826/56 3832/3891/56
f 3767/3825/55 3832/3891/56 3831/3890/55
f 3768/3826/56 3769/3827/57 3832/3891/56
f 3769/3827/57 3833/3892/57 3832/3891/56
f 3769/3827/57 3770/3828/58 3834/3893/58
f 3769/3827/57 3834/3893/58 3833/3892/57
f 3770/3828/58 3771/3829/59 3834/3893/58
f 3771/3829/59 3835/3894/59 3834/3893/58
f 3771/3829/59 3772/3830/60 3836/3895/60
f 3771/3829/59 3836/3895/60 3835/3894/59
f 3772/3830/60 3773/3831/61 3836/3895/60
f 3773/3831/61 3837/3896/61 3836/3895/60
f 3773/3831/61 3774/3832/62 3838/3897/62
f 3773/3831/61 3838/3897/62 3837/3896/61
f 3774/3832/62 3775/3833/63 3838/3897/62
f 3775/3833/63 3839/3898/63 3838/3897/62
f 3775/3833/63 3776/3834/64 3840/3899/64
f 3775/3833/63 3840/3899/64 3839/3898/63
f 3776/3834/64 3713/3835/1 3840/3899/64
f 3713/3835/1 3777/3900/1 3840/3899/64
f 3777/3837/1 3778/3836/2 3904/3901/1
f 3778/3836/2 3841/3902/2 3904/3901/1
f 3778/3836/2 3779/3838/3 3842/3903/3
f 3778/3836/2 3842/3903/3 3841/3902/2
f 3779/3838/3 3780/3839/4 3842/3903/3
f 3780/3839/4 3843/3904/4 3842/3903/3
f 3780/3839/4 3781/3840/5 3844/3905/5
f 3780/3839/4 3844/3905/5 3843/3904/4
f 3781/3840/5 3782/3841/6 3844/3905/5
f 3782/3841/6 3845/3906/6 3844/3905/5
f 3782/3841/6 3783/3842/7 3846/3907/7
f 3782/3841/6 3846/3907/7 3845/3906/6
f 3783/3842/7 3784/3843/8 3846/3907/7
f 3784/3843/8 3847/3908/8 3846/3907/7
f 3784/3843/8 3785/3844/9 3848/3909/9
f 3784/3843/8 3848/3909/9 3847/3908/8
f 3785/3844/9 3786/3845/10 3848/3909/9
f 3786/3845/10 3849/3910/10 3848/3909/9
f 3786/3845/10 3787/3846/11 3850/3911/11
f 3786/3845/10 3850/3911/11 3849/3910/10
f 3787/3846/11 3788/3847/12 3850/3911/11
f 3788/3847/12 3851/3912/12 3850/3911/11
f 3788/3847/12 3789/3848/13 3852/3913/13
f 3788/3847/12 3852/3913/13 3851/3912/12
f 3789/3848/13 3790/3849/14 3852/3913/13
f 3790/3849/14 3853/3914/14 3852/3913/13
f 3790/3849/14 3791/3850/15 3854/3915/15
f 3790/3849/14 3854/3915/15 3853/3914/14
f 3791/3850/15 3792/3851/16 3854/3915/15
f 3792/3851/16 3855/3916/16 3854/3915/15
f 3792/3851/16 3793/3852/17 3856/3917/17
f 3792/3851/16 3856/3917/17 3855/3916/16
f 3793/3852/17 3794/3853/18 3856/3917/17
f 3794/3853/18 3857/3918/18 3856/3917/17
f 3794/3853/18 3795/3854/19 3858/3919/19
f 3794/3853/18 3858/3919/19 3857/3918/18
f 3795/3854/19 3796/3855/20 3858/3919/19
f 3796/3855/20 3859/3920/20 3858/3919/19
f 3796/3855/20 3797/3856/21 3860/3921/21
f 3796/3855/20 3860/3921/21 3859/3920/20
f 3797/3856/21 3798/3857/22 3860/3921/21
f 3798/3857/22 3861/3922/22 3860/3921/21
f 3798/3857/22 3799/3858/23 3862/3923/23
f 3798/3857/22 3862/3923/23 3861/3922/22
f 3799/3858/23 3800/3859/24 3862/3923/23
f 3800/3859/24 3863/3924/24 3862/3923/23
f 3800/3859/24 3801/3860/25 3864/3925/25
f 3800/3859/24 3864/3925/25 3863/3924/24
f 3801/3860/25 3802/3861/26 3864/3925/25
f 3802/3861/26 3865/3926/26 3864/3925/25
f 3802/3861/26 3803/3862/27 3866/3927/27
f 3802/3861/26 3866/3927/27 3865/3926/26
f 3803/3862/27 3804/3863/28 3866/3927/27
f 3804/3863/28 3867/3928/28 3866/3927/27
f 3804/3863/28 3805/3864/29 3868/3929/29
f 3804/3863/28 3868/3929/29 3867/3928/28
f 3805/3864/29 3806/3865/30 3868/3929/29
f 3806/3865/30 3869/3930/30 3868/3929/29
f 3806/3865/30 3807/3866/31 3870/3931/31
f 3806/3865/30 3870/3931/31 3869/3930/30
f 3807/3866/31 3808/3867/32 3870/3931/31
f 3808/3867/32 3871/3932/32 3870/3931/31
f 3808/3867/32 3809/3868/33 3872/3933/33
f 3808/3867/32 3872/3933/33 3871/3932/32
f 3809/3868/33 3810/3869/34 3872/3933/33
f 3810/3869/34 3873/3934/34 3872/3933/33
f 3810/3869/34 3811/3870/35 3874/3935/35
f 3810/3869/34 3874/3935/35 3873/3934/34
f 3811/3870/35 3812/3871/36 3874/3935/35
f 3812/3871/36 3875/3936/36 3874/3935/35
f 3812/3871/36 3813/3872/37 3876/3937/37
f 3812/3871/36 3876/3937/37 3875/3936/36
f 3813/3872/37 3814/3873/38 3876/3937/37
f 3814/3873/38 3877/3938/38 3876/3937/37
f 3814/3873/38 3815/3874/39 3878/3939/39
f 3814/3873/38 3878/3939/39 3877/3938/38
f 3815/3874/39 3816/3875/40 3878/3939/39
f 3816/3875/40 3879/3940/40 3878/3939/39
f 3816/3875/40 3817/3876/41 3880/3941/41
f 3816/3875/40 3880/3941/41 3879/3940/40
f 3817/3876/41 3818/3877/42 3880/3941/41
f 3818/3877/42 3881/3942/42 3880/3941/41
f 3818/3877/42 3819/3878/43 3882/3943/43
f 3818/3877/42 3882/3943/43 3881/3942/42
f 3819/3878/43 3820/3879/44 3882/3943/43
f 3820/3879/44 3883/3944/44 3882/3943/43
f 3820/3879/44 3821/3880/45 3884/3945/45
f 3820/3879/44 3884/3945/45 3883/3944/44
f 3821/3880/45 3822/3881/46 3884/3945/45
f 3822/3881/46 3885/3946/46 3884/3945/45
f 3822/3881/46 3823/3882/47 3886/3947/47
f 3822/3881/46 3886/3947/47 3885/3946/46
f 3823/3882/47 3824/3883/48 3886/3947/47
f 3824/3883/48 3887/3948/48 3886/3947/47
f 3824/3883/48 3825/3884/49 3888/3949/49
f 3824/3883/48 3888/3949/49 3887/3948/48
f 3825/3884/49 3826/3885/50 3888/3949/49
f 3826/3885/50 3889/3950/50 3888/3949/49
f 3826/3885/50 3827/3886/51 3890/3951/51
f 3826/3885/50 3890/3951/51 3889/3950/50
f 3827/3886/51 3828/3887/52 3890/3951/51
f 3828/3887/52 3891/3952/52 3890/3951/51
f 3828/3887/52 3829/3888/53 3892/3953/53
f 3828/3887/52 3892/3953/53 3891/3952/52
f 3829/3888/53 3830/3889/54 3892/3953/53
f 3830/3889/54 3893/3954/54 3892/3953/53
f 3830/3889/54 3831/3890/55 3894/3955/55
f 3830/3889/54 3894/3955/55 3893/3954/54
f 3831/3890/55 3832/3891/56 3894/3955/55
f 3832/3891/56 3895/3956/56 3894/3955/55
f 3832/3891/56 3833/3892/57 3896/3957/57
f 3832/3891/56 3896/3957/57 3895/3956/56
f 3833/3892/57 3834/3893/58 3896/3957/57
f 3834/3893/58 3897/3958/58 3896/3957/57
f 3834/3893/58 3835/3894/59 3898/3959/59
f 3834/3893/58 3898/3959/59 3897/3958/58
f 3835/3894/59 3836/3895/60 3898/3959/59
f 3836/3895/60 3899/3960/60 3898/3959/59
f 3836/3895/60 3837/3896/61 3900/3961/61
f 3836/3895/60 3900/3961/61 3899/3960/60
f 3837/3896/61 3838/3897/62 3900/3961/61
f 3838/3897/62 3901/3962/62 3900/3961/61
f 3838/3897/62 3839/3898/63 3902/3963/63
f 3838/3897/62 3902/3963/63 3901/3962/62
f 3839/3898/63 3840/3899/64 3902/3963/63
f 3840/3899/64 3903/3964/64 3902/3963/63
f 3840/3899/64 3777/3900/1 3904/3965/1
f 3840/3899/64 3904/3965/1 3903/3964/64
f 3904/3901/1 3841/3902/2 3905/3966/2
f 3904/3901/1 3905/3966/2 3968/3967/1
f 3841/3902/2 3842/3903/3 3905/3966/2
f 3842/3903/3 3906/3968/3 3905/3966/2
f 3842/3903/3 3843/3904/4 3907/3969/4
f 3842/3903/3 3907/3969/4 3906/3968/3
f 3843/3904/4 3844/3905/5 3907/3969/4
f 3844/3905/5 3908/3970/5 3907/3969/4
f 3844/3905/5 3845/3906/6 3909/3971/6
f 3844/3905/5 3909/3971/6 3908/3970/5
f 3845/3906/6 3846/3907/7 3909/3971/6
f 3846/3907/7 3910/3972/7 3909/3971/6
f 3846/3907/7 3847/3908/8 3911/3973/8
f 3846/3907/7 3911/3973/8 3910/3972/7
f 3847/3908/8 3848/3909/9 3911/3973/8
f 3848/3909/9 3912/3974/9 3911/3973/8
f 3848/3909/9 3849/3910/10 3913/3975/10
f 3848/3909/9 3913/3975/10 3912/3974/9
f 3849/3910/10 3850/3911/11 3913/3975/10
f 3850/3911/11 3914/3976/11 3913/3975/10
f 3850/3911/11 3851/3912/12 3915/3977/12
f 3850/3911/11 3915/3977/12 3914/3976/11
f 3851/3912/12 3852/3913/13 3915/3977/12
f 3852/3913/13 3916/3978/13 3915/3977/12
f 3852/3913/13 3853/3914/14 3917/3979/14
f 3852/3913/13 3917/3979/14 3916/3978/13
f 3853/3914/14 3854/3915/15 3917/3979/14
f 3854/3915/15 3918/3980/15 3917/3979/14
f 3854/3915/15 3855/3916/16 3919/3981/16
f 3854/3915/15 3919/3981/16 3918/3980/15
f 3855/3916/16 3856/3917/17 3919/3981/16
f 3856/3917/17 3920/3982/17 3919/3981/16
f 3856/3917/17 3857/3918/18 3921/3983/18
f 3856/3917/17 3921/3983/18 3920/3982/17
f 3857/3918/18 3858/3919/19 3921/3983/18
f 3858/3919/19 3922/3984/19 3921/3983/18
f 3858/3919/19 3859/3920/20 3923/3985/20
f 3858/3919/19 3923/3985/20 3922/3984/19
f 3859/3920/20 3860/3921/21 3923/3985/20
f 3860/3921/21 3924/3986/21 3923/3985/20
f 3860/3921/21 3861/3922/22 3925/3987/22
f 3860/3921/21 3925/3987/22 3924/3986/21
f 3861/3922/22 3862/3923/23 3925/3987/22
f 3862/3923/23 3926/3988/23 3925/3987/22
f 3862/3923/23 3863/3924/24 3927/3989/24
f 3862/3923/23 3927/3989/24 3926/3988/23
f 3863/3924/24 3864/3925/25 3927/3989/24
f 3864/3925/25 3928/3990/25 3927/3989/24
f 3864/3925/25 3865/3926/26 3929/3991/26
f 3864/3925/25 3929/3991/26 3928/3990/25
f 3865/3926/26 3866/3927/27 3929/3991/26
f 3866/3927/27 3930/3992/27 3929/3991/26
f 3866/3927/27 3867/3928/28 3931/3993/28
f 3866/3927/27 3931/3993/28 3930/3992/27
f 3867/3928/28 3868/3929/29 3931/3993/28
f 3868/3929/29 3932/3994/29 3931/3993/28
f 3868/3929/29 3869/3930/30 3933/3995/30
f 3868/3929/29 3933/3995/30 3932/3994/29
f 3869/3930/30 3870/3931/31 3933/3995/30
f 3870/3931/31 3934/3996/31 3933/3995/30
f 3870/3931/31 3871/3932/32 3935/3997/32
f 3870/3931/31 3935/3997/32 3934/3996/31
f 3871/3932/32 3872/3933/33 3935/3997/32
f 3872/3933/33 3936/3998/33 3935/3997/32
f 3872/3933/33 3873/3934/34 3937/3999/34
f 3872/3933/33 3937/3999/34 3936/3998/33
f 3873/3934/34 3874/3935/35 3937/3999/34
f 3874/3935/35 3938/4000/35 3937/3999/34
f 3874/3935/35 3875/3936/36 3939/4001/36
f 3874/3935/35 3939/4001/36 3938/4000/35
f 3875/3936/36 3876/3937/37 3939/4001/36
f 3876/3937/37 3940/4002/37 3939/4001/36
f 3876/3937/37 3877/3938/38 3941/4003/38
f 3876/3937/37 3941/4003/38 3940/4002/37
f 3877/3938/38 3878/3939/39 3941/4003/38
f 3878/3939/39 3942/4004/39 3941/4003/38
f 3878/3939/39 3879/3940/40 3943/4005/40
f 3878/3939/39 3943/4005/40 3942/4004/39
f 3879/3940/40 3880/3941/41 3943/4005/40
f 3880/3941/41 3944/4006/41 3943/4005/40
f 3880/3941/41 3881/3942/42 3945/4007/42
f 3880/3941/41 3945/4007/42 3944/4006/41
f 3881/3942/42 3882/3943/43 3945/4007/42
f 3882/3943/43 3946/4008/43 3945/4007/42
f 3882/3943/43 3883/3944/44 3947/4009/44
f 3882/3943/43 3947/4009/44 3946/4008/43
f 3883/3944/44 3884/3945/45 3947/4009/44
f 3884/3945/45 3948/4010/45 3947/4009/44
f 3884/3945/45 3885/3946/46 3949/4011/46
f 3884/3945/45 3949/4011/46 3948/4010/45
f 3885/3946/46 3886/3947/47 3949/4011/46
f 3886/3947/47 3950/4012/47 3949/4011/46
f 3886/3947/47 3887/3948/48 3951/4013/48
f 3886/3947/47 3951/4013/48 3950/4012/47
f 3887/3948/48 3888/3949/49 3951/4013/48
f 3888/3949/49 3952/4014/49 3951/4013/48
f 3888/3949/49 3889/3950/50 3953/4015/50
f 3888/3949/49 3953/4015/50 3952/4014/49
f 3889/3950/50 3890/3951/51 3953/4015/50
f 3890/3951/51 3954/4016/51 3953/4015/50
f 3890/3951/51 3891/3952/52 3955/4017/52
f 3890/3951/51 3955/4017/52 3954/4016/51
f 3891/3952/52 3892/3953/53 3955/4017/52
f 3892/3953/53 3956/4018/53 3955/4017/52
f 3892/3953/53 3893/3954/54 3957/4019/54
f 3892/3953/53 3957/4019/54 3956/4018/53
f 3893/3954/54 3894/3955/55 3957/4019/54
f 3894/3955/55 3958/4020/55 3957/4019/54
f 3894/3955/55 3895/3956/56 3959/4021/56
f 3894/3955/55 3959/4021/56 3958/4020/55
f 3895/3956/56 3896/3957/57 3959/4021/56
f 3896/3957/57 3960/4022/57 3959/4021/56
f 3896/3957/57 3897/3958/58 3961/4023/58
f 3896/3957/57 3961/4023/58 3960/4022/57
f 3897/3958/58 3898/3959/59 3961/4023/58
f 3898/3959/59 3962/4024/59 3961/4023/58
f 3898/3959/59 3899/3960/60 3963/4025/60
f 3898/3959/59 3963/4025/60 3962/4024/59
f 3899/3960/60 3900/3961/61 3963/4025/60
f 3900/3961/61 3964/4026/61 3963/4025/60
f 3900/3961/61 3901/3962/62 3965/4027/62
f 3900/3961/61 3965/4027/62 3964/4026/61
f 3901/3962/62 3902/3963/63 3965/4027/62
f 3902/3963/63 3966/4028/63 3965/4027/62
f 3902/3963/63 3903/3964/64 3967/4029/64
f 3902/3963/63 3967/4029/64 3966/4028/63
f 3903/3964/64 3904/3965/1 3967/4029/64
f 3904/3965/1 3968/4030/1 3967/4029/64
f 3968/3967/1 3905/3966/2 3969/4031/1
f 3905/3966/2 3970/4032/2 3969/4031/1
f 3905/3966/2 3906/3968/3 3971/4033/3
f 3905/3966/2 3971/4033/3 3970/4032/2
f 3906/3968/3 3907/3969/4 3971/4033/3
f 3907/3969/4 3972/4034/4 3971/4033/3
f 3907/3969/4 3908/3970/5 3973/4035/5
f 3907/3969/4 3973/4035/5 3972/4034/4
f 3908/3970/5 3909/3971/6 3973/4035/5
f 3909/3971/6 3974/4036/6 3973/4035/5
f 3909/3971/6 3910/3972/7 3975/4037/7
f 3909/3971/6 3975/4037/7 3974/4036/6
f 3910/3972/7 3911/3973/8 3975/4037/7
f 3911/3973/8 3976/4038/8 3975/4037/7
f 3911/3973/8 3912/3974/9 3977/4039/9
f 3911/3973/8 3977/4039/9 3976/4038/8
f 3912/3974/9 3913/3975/10 3977/4039/9
f 3913/3975/10 3978/4040/10 3977/4039/9
f 3913/3975/10 3914/3976/11 3979/4041/11
f 3913/3975/10 3979/4041/11 3978/4040/10
f 3914/3976/11 3915/3977/12 3979/4041/11
f 3915/3977/12 3980/4042/12 3979/4041/11
f 3915/3977/12 3916/3978/13 3981/4043/13
f 3915/3977/12 3981/4043/13 3980/4042/12
f 3916/3978/13 3917/3979/14 3981/4043/13
f 3917/3979/14 3982/4044/14 3981/4043/13
f 3917/3979/14 3918/3980/15 3983/4045/15
f 3917/3979/14 3983/4045/15 3982/4044/14
f 3918/3980/15 3919/3981/16 3983/4045/15
f 3919/3981/16 3984/4046/16 3983/4045/15
f 3919/3981/16 3920/3982/17 3985/4047/17
f 3919/3981/16 3985/4047/17 3984/4046/16
f 3920/3982/17 3921/3983/18 3985/4047/17
f 3921/3983/18 3986/4048/18 3985/4047/17
f 3921/3983/18 3922/3984/19 3987/4049/19
f 3921/3983/18 3987/4049/19 3986/4048/18
f 3922/3984/19 3923/3985/20 3987/4049/19
f 3923/3985/20 3988/4050/20 3987/4049/19
f 3923/3985/20 3924/3986/21 3989/4051/21
f 3923/3985/20 3989/4051/21 3988/4050/20
f 3924/3986/21 3925/3987/22 3989/4051/21
f 3925/3987/22 3990/4052/22 3989/4051/21
f 3925/3987/22 3926/3988/23 3991/4053/23
f 3925/3987/22 3991/4053/23 3990/4052/22
f 3926/3988/23 3927/3989/24 3991/4053/23
f 3927/3989/24 3992/4054/24 3991/4053/23
f 3927/3989/24 3928/3990/25 3993/4055/25
f 3927/3989/24 3993/4055/25 3992/4054/24
f 3928/3990/25 3929/3991/26 3993/4055/25
f 3929/3991/26 3994/4056/26 3993/4055/25
f 3929/3991/26 3930/3992/27 3995/4057/27
f 3929/3991/26 3995/4057/27 3994/4056/26
f 3930/3992/27 3931/3993/28 3995/4057/27
f 3931/3993/28 3996/4058/28 3995/4057/27
f 3931/3993/28 3932/3994/29 3997/4059/29
f 3931/3993/28 3997/4059/29 3996/4058/28
f 3932/3994/29 3933/3995/30 3997/4059/29
f 3933/3995/30 3998/4060/30 3997/4059/29
f 3933/3995/30 3934/3996/31 3999/4061/31
f 3933/3995/30 3999/4061/31 3998/4060/30
f 3934/3996/31 3935/3997/32 3999/4061/31
f 3935/3997/32 4000/4062/32 3999/4061/31
f 3935/3997/32 3936/3998/33 4001/4063/33
f 3935/3997/32 4001/4063/33 4000/4062/32
f 3936/3998/33 3937/3999/34 4001/4063/33
f 3937/3999/34 4002/4064/34 4001/4063/33
f 3937/3999/34 3938/4000/35 4003/4065/35
f 3937/3999/34 4003/4065/35 4002/4064/34
f 3938/4000/35 3939/4001/36 4003/4065/35
f 3939/4001/36 4004/4066/36 4003/4065/35
f 3939/4001/36 3940/4002/37 4005/4067/37
f 3939/4001/36 4005/4067/37 4004/4066/36
f 3940/4002/37 3941/4003/38 4005/4067/37
f 3941/4003/38 4006/4068/38 4005/4067/37
f 3941/4003/38 3942/4004/39 4007/4069/39
f 3941/4003/38 4007/4069/39 4006/4068/38
f 3942/4004/39 3943/4005/40 4007/4069/39
f 3943/4005/40 4008/4070/40 4007/4069/39
f 3943/4005/40 3944/4006/41 4009/4071/41
f 3943/4005/40 4009/4071/41 4008/4070/40
f 3944/4006/41 3945/4007/42 4009/4071/41
f 3945/4007/42 4010/4072/42 4009/4071/41
f 3945/4007/42 3946/4008/43 4011/4073/43
f 3945/4007/42 4011/4073/43 4010/4072/42
f 3946/4008/43 3947/4009/44 4011/4073/43
f 3947/4009/44 4012/4074/44 4011/4073/43
f 3947/4009/44 3948/4010/45 4013/4075/45
f 3947/4009/44 4013/4075/45 4012/4074/44
f 3948/4010/45 3949/4011/46 4013/4075/45
f 3949/4011/46 4014/4076/46 4013/4075/45
f 3949/4011/46 3950/4012/47 4015/4077/47
f 3949/4011/46 4015/4077/47 4014/4076/46
f 3950/4012/47 3951/4013/48 4015/4077/47
f 3951/4013/48 4016/4078/48 4015/4077/47
f 3951/4013/48 3952/4014/49 4017/4079/49
f 3951/4013/48 4017/4079/49 4016/4078/48
f 3952/4014/49 3953/4015/50 4017/4079/49
f 3953/4015/50 4018/4080/50 4017/4079/49
f 3953/4015/50 3954/4016/51 4019/4081/51
f 3953/4015/50 4019/4081/51 4018/4080/50
f 3954/4016/51 3955/4017/52 4019/4081/51
f 3955/4017/52 4020/4082/52 4019/4081/51
f 3955/4017/52 3956/4018/53 4021/4083/53
f 3955/4017/52 4021/4083/53 4020/4082/52
f 3956/4018/53 3957/4019/54 4021/4083/53
f 3957/4019/54 4022/4084/54 4021/4083/53
f 3957/4019/54 3958/4020/55 4023/4085/55
f 3957/4019/54 4023/4085/55 4022/4084/54
f 3958/4020/55 3959/4021/56 4023/4085/55
f 3959/4021/56 4024/4086/56 4023/4085/55
f 3959/4021/56 3960/4022/57 4025/4087/57
f 3959/4021/56 4025/4087/57 4024/4086/56
f 3960/4022/57 3961/4023/58 4025/4087/57
f 3961/4023/58 4026/4088/58 4025/4087/57
f 3961/4023/58 3962/4024/59 4027/4089/59
f 3961/4023/58 4027/4089/59 4026/4088/58
f 3962/4024/59 3963/4025/60 4027/4089/59
f 3963/4025/60 4028/4090/60 4027/4089/59
f 3963/4025/60 3964/4026/61 4029/4091/61
f 3963/4025/60 4029/4091/61 4028/4090/60
f 3964/4026/61 3965/4027/62 4029/4091/61
f 3965/4027/62 4030/4092/62 4029/4091/61
f 3965/4027/62 3966/4028/63 4031/4093/63
f 3965/4027/62 4031/4093/63 4030/4092/62
f 3966/4028/63 3967/4029/64 4031/4093/63
f 3967/4029/64 4032/4094/64 4031/4093/63
f 3967/4029/64 3968/4030/1 3969/4095/1
f 3967/4029/64 3969/4095/1 4032/4094/64
f 3969/4031/1 3970/4032/2 4033/4096/2
f 3969/4031/1 4033/4096/2 4096/4097/1
f 3970/4032/2 3971/4033/3 4033/4096/2
f 3971/4033/3 4034/4098/3 4033/4096/2
f 3971/4033/3 3972/4034/4 4035/4099/4
f 3971/4033/3 4035/4099/4 4034/4098/3
f 3972/4034/4 3973/4035/5 4035/4099/4
f 3973/4035/5 4036/4100/5 4035/4099/4
f 3973/4035/5 3974/4036/6 4037/4101/6
f 3973/4035/5 4037/4101/6 4036/4100/5
f 3974/4036/6 3975/4037/7 4037/4101/6
f 3975/4037/7 4038/4102/7 4037/4101/6
f 3975/4037/7 3976/4038/8 4039/4103/8
f 3975/4037/7 4039/4103/8 4038/4102/7
f 3976/4038/8 3977/4039/9 4039/4103/8
f 3977/4039/9 4040/4104/9 4039/4103/8
f 3977/4039/9 3978/4040/10 4041/4105/10
f 3977/4039/9 4041/4105/10 4040/4104/9
f 3978/4040/10 3979/4041/11 4041/4105/10
f 3979/4041/11 4042/4106/11 4041/4105/10
f 3979/4041/11 3980/4042/12 4043/4107/12
f 3979/4041/11 4043/4107/12 4042/4106/11
f 3980/4042/12 3981/4043/13 4043/4107/12
f 3981/4043/13 4044/4108/13 4043/4107/12
f 3981/4043/13 3982/4044/14 4045/4109/14
f 3981/4043/13 4045/4109/14 4044/4108/13
f 3982/4044/14 3983/4045/15 4045/4109/14
f 3983/4045/15 4046/4110/15 4045/4109/14
f 3983/4045/15 3984/4046/16 4047/4111/16
f 3983/4045/15 4047/4111/16 4046/4110/15
f 3984/4046/16 3985/4047/17 4047/4111/16
f 3985/4047/17 4048/4112/17 4047/4111/16
f 3985/4047/17 3986/4048/18 4049/4113/18
f 3985/4047/17 4049/4113/18 4048/4112/17
f 3986/4048/18 3987/4049/19 4049/4113/18
f 3987/4049/19 4050/4114/19 4049/4113/18
f 3987/4049/19 3988/4050/20 4051/4115/20
f 3987/4049/19 4051/4115/20 4050/4114/19
f 3988/4050/20 3989/4051/21 4051/4115/20
f 3989/4051/21 4052/4116/21 4051/4115/20
f 3989/4051/21 3990/4052/22 4053/4117/22
f 3989/4051/21 4053/4117/22 4052/4116/21
f 3990/4052/22 3991/4053/23 4053/4117/22
f 3991/4053/23 4054/4118/23 4053/4117/22
f 3991/4053/23 3992/4054/24 4055/4119/24
f 3991/4053/23 4055/4119/24 4054/4118/23
f 3992/4054/24 3993/4055/25 4055/4119/24
f 3993/4055/25 4056/4120/25 4055/4119/24
f 3993/4055/25 3994/4056/26 4057/4121/26
f 3993/4055/25 4057/4121/26 4056/4120/25
f 3994/4056/26 3995/4057/27 4057/4121/26
f 3995/4057/27 4058/4122/27 4057/4121/26
f 3995/4057/27 3996/4058/28 4059/4123/28
f 3995/4057/27 4059/4123/28 4058/4122/27
f 3996/4058/28 3997/4059/29 4059/4123/28
f 3997/4059/29 4060/4124/29 4059/4123/28
f 3997/4059/29 3998/4060/30 4061/4125/30
f 3997/4059/29 4061/4125/30 4060/4124/29
f 3998/4060/30 3999/4061/31 4061/4125/30
f 3999/4061/31 4062/4126/31 4061/4125/30
f 3999/4061/31 4000/4062/32 4063/4127/32
f 3999/4061/31 4063/4127/32 4062/4126/31
f 4000/4062/32 4001/4063/33 4063/4127/32
f 4001/4063/33 4064/4128/33 4063/4127/32
f 4001/4063/33 4002/4064/34 4065/4129/34
f 4001/4063/33 4065/4129/34 4064/4128/33
f 4002/4064/34 4003/4065/35 4065/4129/34
f 4003/4065/35 4066/4130/35 4065/4129/34
f 4003/4065/35 4004/4066/36 4067/4131/36
f 4003/4065/35 4067/4131/36 4066/4130/35
f 4004/4066/36 4005/4067/37 4067/4131/36
f 4005/4067/37 4068/4132/37 4067/4131/36
f 4005/4067/37 4006/4068/38 4069/4133/38
f 4005/4067/37 4069/4133/38 4068/4132/37
f 4006/4068/38 4007/4069/39 4069/4133/38
f 4007/4069/39 4070/4134/39 4069/4133/38
f 4007/4069/39 4008/4070/40 4071/4135/40
f 4007/4069/39 4071/4135/40 4070/4134/39
f 4008/4070/40 4009/4071/41 4071/4135/40
f 4009/4071/41 4072/4136/41 4071/4135/40
f 4009/4071/41 4010/4072/42 4073/4137/42
f 4009/4071/41 4073/4137/42 4072/4136/41
f 4010/4072/42 4011/4073/43 4073/4137/42
f 4011/4073/43 4074/4138/43 4073/4137/42
f 4011/4073/43 4012/4074/44 4075/4139/44
f 4011/4073/43 4075/4139/44 4074/4138/43
f 4012/4074/44 4013/4075/45 4075/4139/44
f 4013/4075/45 4076/4140/45 4075/4139/44
f 4013/4075/45 4014/4076/46 4077/4141/46
f 4013/4075/45 4077/4141/46 4076/4140/45
f 4014/4076/46 4015/4077/47 4077/4141/46
f 4015/4077/47 4078/4142/47 4077/4141/46
f 4015/4077/47 4016/4078/48 4079/4143/48
f 4015/4077/47 4079/4143/48 4078/4142/47
f 4016/4078/48 4017/4079/49 4079/4143/48
f 4017/4079/49 4080/4144/49 4079/4143/48
f 4017/4079/49 4018/4080/50 4081/4145/50
f 4017/4079/49 4081/4145/50 4080/4144/49
f 4018/4080/50 4019/4081/51 4081/4145/50
f 4019/4081/51 4082/4146/51 4081/4145/50
f 4019/4081/51 4020/4082/52 4083/4147/52
f 4019/4081/51 4083/4147/52 4082/4146/51
f 4020/4082/52 4021/4083/53 4083/4147/52
f 4021/4083/53 4084/4148/53 4083/4147/52
f 4021/4083/53 4022/4084/54 4085/4149/54
f 4021/4083/53 4085/4149/54 4084/4148/53
f 4022/4084/54 4023/4085/55 4085/4149/54
f 4023/4085/55 4086/4150/55 4085/4149/54
f 4023/4085/55 4024/4086/56 4087/4151/56
f 4023/4085/55 4087/4151/56 4086/4150/55
f 4024/4086/56 4025/4087/57 4087/4151/56
f 4025/4087/57 4088/4152/57 4087/4151/56
f 4025/4087/57 4026/4088/58 4089/4153/58
f 4025/4087/57 4089/4153/58 4088/4152/57
f 4026/4088/58 4027/4089/59 4089/4153/58
f 4027/4089/59 4090/4154/59 4089/4153/58
f 4027/4089/59 4028/4090/60 4091/4155/60
f 4027/4089/59 4091/4155/60 4090/4154/59
f 4028/4090/60 4029/4091/61 4091/4155/60
f 4029/4091/61 4092/4156/61 4091/4155/60
f 4029/4091/61 4030/4092/62 4093/4157/62
f 4029/4091/61 4093/4157/62 4092/4156/61
f 4030/4092/62 4031/4093/63 4093/4157/62
f 4031/4093/63 4094/4158/63 4093/4157/62
f 4031/4093/63 4032/4094/64 4095/4159/64
f 4031/4093/63 4095/4159/64 4094/4158/63
f 4032/4094/64 3969/4095/1 4095/4159/64
f 3969/4095/1 4096/4160/1 4095/4159/64
f 4096/4097/1 4033/4096/2 4097/4161/1
f 4033/4096/2 4098/4162/2 4097/4161/1
f 4033/4096/2 4034/4098/3 4099/4163/3
f 4033/4096/2 4099/4163/3 4098/4162/2
f 4034/4098/3 4035/4099/4 4099/4163/3
f 4035/4099/4 4100/4164/4 4099/4163/3
f 4035/4099/4 4036/4100/5 4101/4165/5
f 4035/4099/4 4101/4165/5 4100/4164/4
f 4036/4100/5 4037/4101/6 4101/4165/5
f 4037/4101/6 4102/4166/6 4101/4165/5
f 4037/4101/6 4038/4102/7 4103/4167/7
f 4037/4101/6 4103/4167/7 4102/4166/6
f 4038/4102/7 4039/4103/8 4103/4167/7
f 4039/4103/8 4104/4168/8 4103/4167/7
f 4039/4103/8 4040/4104/9 4105/4169/9
f 4039/4103/8 4105/4169/9 4104/4168/8
f 4040/4104/9 4041/4105/10 4105/4169/9
f 4041/4105/10 4106/4170/10 4105/4169/9
f 4041/4105/10 4042/4106/11 4107/4171/11
f 4041/4105/10 4107/4171/11 4106/4170/10
f 4042/4106/11 4043/4107/12 4107/4171/11
f 4043/4107/12 4108/4172/12 4107/4171/11
f 4043/4107/12 4044/4108/13 4109/4173/13
f 4043/4107/12 4109/4173/13 4108/4172/12
f 4044/4108/13 4045/4109/14 4109/4173/13
f 4045/4109/14 4110/4174/14 4109/4173/13
f 4045/4109/14 4046/4110/15 4111/4175/15
f 4045/4109/14 4111/4175/15 4110/4174/14
f 4046/4110/15 4047/4111/16 4111/4175/15
f 4047/4111/16 4112/4176/16 4111/4175/15
f 4047/4111/16 4048/4112/17 4113/4177/17
f 4047/4111/16 4113/4177/17 4112/4176/16
f 4048/4112/17 4049/4113/18 4113/4177/17
f 4049/4113/18 4114/4178/18 4113/4177/17
f 4049/4113/18 4050/4114/19 4115/4179/19
f 4049/4113/18 4115/4179/19 4114/4178/18
f 4050/4114/19 4051/4115/20 4115/4179/19
f 4051/4115/20 4116/4180/20 4115/4179/19
f 4051/4115/20 4052/4116/21 4117/4181/21
f 4051/4115/20 4117/4181/21 4116/4180/20
f 4052/4116/21 4053/4117/22 4117/4181/21
f 4053/4117/22 4118/4182/22 4117/4181/21
f 4053/4117/22 4054/4118/23 4119/4183/23
f 4053/4117/22 4119/4183/23 4118/4182/22
f 4054/4118/23 4055/4119/24 4119/4183/23
f 4055/4119/24 4120/4184/24 4119/4183/23
f 4055/4119/24 4056/4120/25 4121/4185/25
f 4055/4119/24 4121/4185/25 4120/4184/24
f 4056/4120/25 4057/4121/26 4121/4185/25
f 4057/4121/26 4122/4186/26 4121/4185/25
f 4057/4121/26 4058/4122/27 4123/4187/27
f 4057/4121/26 4123/4187/27 4122/4186/26
f 4058/4122/27 4059/4123/28 4123/4187/27
f 4059/4123/28 4124/4188/28 4123/4187/27
f 4059/4123/28 4060/4124/29 4125/4189/29
f 4059/4123/28 4125/4189/29 4124/4188/28
f 4060/4124/29 4061/4125/30 4125/4189/29
f 4061/4125/30 4126/4190/30 4125/4189/29
f 4061/4125/30 4062/4126/31 4127/4191/31
f 4061/4125/30 4127/4191/31 4126/4190/30
f 4062/4126/31 4063/4127/32 4127/4191/31
f 4063/4127/32 4128/4192/32 4127/4191/31
f 4063/4127/32 4064/4128/33 4129/4193/33
f 4063/4127/32 4129/4193/33 4128/4192/32
f 4064/4128/33 4065/4129/34 4129/4193/33
f 4065/4129/34 4130/4194/34 4129/4193/33
f 4065/4129/34 4066/4130/35 4131/4195/35
f 4065/4129/34 4131/4195/35 4130/4194/34
f 4066/4130/35 4067/4131/36 4131/4195/35
f 4067/4131/36 4132/4196/36 4131/4195/35
f 4067/4131/36 4068/4132/37 4133/4197/37
f 4067/4131/36 4133/4197/37 4132/4196/36
f 4068/4132/37 4069/4133/38 4133/4197/37
f 4069/4133/38 4134/4198/38 4133/4197/37
f 4069/4133/38 4070/4134/39 4135/4199/39
f 4069/4133/38 4135/4199/39 4134/4198/38
f 4070/4134/39 4071/4135/40 4135/4199/39
f 4071/4135/40 4136/4200/40 4135/4199/39
f 4071/4135/40 4072/4136/41 4137/4201/41
f 4071/4135/40 4137/4201/41 4136/4200/40
f 4072/4136/41 4073/4137/42 4137/4201/41
f 4073/4137/42 4138/4202/42 4137/4201/41
f 4073/4137/42 4074/4138/43 4139/4203/43
f 4073/4137/42 4139/4203/43 4138/4202/42
f 4074/4138/43 4075/4139/44 4139/4203/43
f 4075/4139/44 4140/4204/44 4139/4203/43
f 4075/4139/44 4076/4140/45 4141/4205/45
f 4075/4139/44 4141/4205/45 4140/4204/44
f 4076/4140/45 4077/4141/46 4141/4205/45
f 4077/4141/46 4142/4206/46 4141/4205/45
f 4077/4141/46 4078/4142/47 4143/4207/47
f 4077/4141/46 4143/4207/47 4142/4206/46
f 4078/4142/47 4079/4143/48 4143/4207/47
f 4079/4143/48 4144/4208/48 4143/4207/47
f 4079/4143/48 4080/4144/49 4145/4209/49
f 4079/4143/48 4145/4209/49 4144/4208/48
f 4080/4144/49 4081/4145/50 4145/4209/49
f 4081/4145/50 4146/4210/50 4145/4209/49
f 4081/4145/50 4082/4146/51 4147/4211/51
f 4081/4145/50 4147/4211/51 4146/4210/50
f 4082/4146/51 4083/4147/52 4147/4211/51
f 4083/4147/52 4148/4212/52 4147/4211/51
f 4083/4147/52 4084/4148/53 4149/4213/53
f 4083/4147/52 4149/4213/53 4148/4212/52
f 4084/4148/53 4085/4149/54 4149/4213/53
f 4085/4149/54 4150/4214/54 4149/4213/53
f 4085/4149/54 4086/4150/55 4151/4215/55
f 4085/4149/54 4151/4215/55 4150/4214/54
f 4086/4150/55 4087/4151/56 4151/4215/55
f 4087/4151/56 4152/4216/56 4151/4215/55
f 4087/4151/56 4088/4152/57 4153/4217/57
f 4087/4151/56 4153/4217/57 4152/4216/56
f 4088/4152/57 4089/4153/58 4153/4217/57
f 4089/4153/58 4154/4218/58 4153/4217/57
f 4089/4153/58 4090/4154/59 4155/4219/59
f 4089/4153/58 4155/4219/59 4154/4218/58
f 4090/4154/59 4091/4155/60 4155/4219/59
f 4091/4155/60 4156/4220/60 4155/4219/59
f 4091/4155/60 4092/4156/61 4157/4221/61
f 4091/4155/60 4157/4221/61 4156/4220/60
f 4092/4156/61 4093/4157/62 4157/4221/61
f 4093/4157/62 4158/4222/62 4157/4221/61
f 4093/4157/62 4094/4158/63 4159/4223/63
f 4093/4157/62 4159/4223/63 4158/4222/62
f 4094/4158/63 4095/4159/64 4159/4223/63
f 4095/4159/64 4160/4224/64 4159/4223/63
f 4095/4159/64 4096/4160/1 4097/4225/1
f 4095/4159/64 4097/4225/1 4160/4224/64
