# Blender 5.0.1
# www.blender.org
o squarex_16x16_with_seams
v 0.000000 0.158310 1.000000
v -0.060906 0.146195 1.000000
v -0.112540 0.111695 1.000000
v -0.147040 0.060061 1.000000
v -0.159155 -0.000845 1.000000
v -0.147040 -0.061751 1.000000
v -0.112540 -0.113385 1.000000
v -0.060906 -0.147885 1.000000
v 0.000000 -0.160000 1.000000
v 0.060906 -0.147885 1.000000
v 0.112540 -0.113385 1.000000
v 0.147040 -0.061751 1.000000
v 0.159155 -0.000845 1.000000
v 0.147040 0.060061 1.000000
v 0.112540 0.111695 1.000000
v 0.060906 0.146195 1.000000
v 0.000000 0.158310 0.875000
v -0.060906 0.146195 0.875000
v -0.112540 0.111695 0.875000
v -0.147040 0.060061 0.875000
v -0.159155 -0.000845 0.875000
v -0.147040 -0.061751 0.875000
v -0.112540 -0.113385 0.875000
v -0.060906 -0.147885 0.875000
v 0.000000 -0.160000 0.875000
v 0.060906 -0.147885 0.875000
v 0.112540 -0.113385 0.875000
v 0.147040 -0.061751 0.875000
v 0.159155 -0.000845 0.875000
v 0.147040 0.060061 0.875000
v 0.112540 0.111695 0.875000
v 0.060906 0.146195 0.875000
v -0.060906 0.146195 0.750000
v -0.112540 0.111695 0.750000
v -0.147040 0.060061 0.750000
v -0.159155 -0.000845 0.750000
v -0.147040 -0.061751 0.750000
v -0.112540 -0.113385 0.750000
v -0.060906 -0.147885 0.750000
v 0.000000 -0.160000 0.750000
v 0.060906 -0.147885 0.750000
v 0.112540 -0.113385 0.750000
v 0.147040 -0.061751 0.750000
v 0.159155 -0.000845 0.750000
v 0.147040 0.060061 0.750000
v 0.112540 0.111695 0.750000
v 0.060906 0.146195 0.750000
v 0.000000 0.158310 0.750000
v 0.000000 0.158310 0.625000
v -0.060906 0.146195 0.625000
v -0.112540 0.111695 0.625000
v -0.147040 0.060061 0.625000
v -0.159155 -0.000845 0.625000
v -0.147040 -0.061751 0.625000
v -0.112540 -0.113385 0.625000
v -0.060906 -0.147885 0.625000
v 0.000000 -0.160000 0.625000
v 0.060906 -0.147885 0.625000
v 0.112540 -0.113385 0.625000
v 0.147040 -0.061751 0.625000
v 0.159155 -0.000845 0.625000
v 0.147040 0.060061 0.625000
v 0.112540 0.111695 0.625000
v 0.060906 0.146195 0.625000
v 0.000000 0.158310 0.500000
v -0.060906 0.146195 0.500000
v -0.112540 0.111695 0.500000
v -0.147040 0.060061 0.500000
v -0.159155 -0.000845 0.500000
v -0.147040 -0.061751 0.500000
v -0.112540 -0.113385 0.500000
v -0.060906 -0.147885 0.500000
v 0.000000 -0.160000 0.500000
v 0.060906 -0.147885 0.500000
v 0.112540 -0.113385 0.500000
v 0.147040 -0.061751 0.500000
v 0.159155 -0.000845 0.500000
v 0.147040 0.060061 0.500000
v 0.112540 0.111695 0.500000
v 0.060906 0.146195 0.500000
v -0.060906 0.146195 0.375000
v -0.112540 0.111695 0.375000
v -0.147040 0.060061 0.375000
v -0.159155 -0.000845 0.375000
v -0.147040 -0.061751 0.375000
v -0.112540 -0.113385 0.375000
v -0.060906 -0.147885 0.375000
v 0.000000 -0.160000 0.375000
v 0.060906 -0.147885 0.375000
v 0.112540 -0.113385 0.375000
v 0.147040 -0.061751 0.375000
v 0.159155 -0.000845 0.375000
v 0.147040 0.060061 0.375000
v 0.112540 0.111695 0.375000
v 0.060906 0.146195 0.375000
v 0.000000 0.158310 0.375000
v -0.060906 0.146195 0.250000
v -0.112540 0.111695 0.250000
v -0.147040 0.060061 0.250000
v -0.159155 -0.000845 0.250000
v -0.147040 -0.061751 0.250000
v -0.112540 -0.113385 0.250000
v -0.060906 -0.147885 0.250000
v 0.000000 -0.160000 0.250000
v 0.060906 -0.147885 0.250000
v 0.112540 -0.113385 0.250000
v 0.147040 -0.061751 0.250000
v 0.159155 -0.000845 0.250000
v 0.147040 0.060061 0.250000
v 0.112540 0.111695 0.250000
v 0.060906 0.146195 0.250000
v 0.000000 0.158310 0.250000
v -0.060906 0.146195 0.125000
v -0.112540 0.111694 0.125000
v -0.147040 0.060061 0.125000
v -0.159155 -0.000845 0.125000
v -0.147040 -0.061751 0.125000
v -0.112540 -0.113385 0.125000
v -0.060906 -0.147885 0.125000
v 0.000000 -0.160000 0.125000
v 0.060906 -0.147885 0.125000
v 0.112540 -0.113385 0.125000
v 0.147040 -0.061751 0.125000
v 0.159155 -0.000845 0.125000
v 0.147040 0.060061 0.125000
v 0.112540 0.111694 0.125000
v 0.060906 0.146195 0.125000
v 0.000000 0.158310 0.125000
v -0.060906 0.146195 -0.000000
v -0.112540 0.111694 -0.000000
v -0.147040 0.060061 -0.000000
v -0.159155 -0.000845 0.000000
v -0.147040 -0.061751 0.000000
v -0.112540 -0.113385 0.000000
v -0.060906 -0.147885 0.000000
v 0.000000 -0.160000 0.000000
v 0.060906 -0.147885 0.000000
v 0.112540 -0.113385 0.000000
v 0.147040 -0.061751 0.000000
v 0.159155 -0.000845 0.000000
v 0.147040 0.060061 -0.000000
v 0.112540 0.111694 -0.000000
v 0.060906 0.146195 -0.000000
v 0.000000 0.158310 -0.000000
v 0.000000 0.158310 -0.125000
v -0.060906 0.146195 -0.125000
v -0.112540 0.111694 -0.125000
v -0.147040 0.060061 -0.125000
v -0.159155 -0.000845 -0.125000
v -0.147040 -0.061751 -0.125000
v -0.112540 -0.113385 -0.125000
v -0.060906 -0.147885 -0.125000
v 0.000000 -0.160000 -0.125000
v 0.060906 -0.147885 -0.125000
v 0.112540 -0.113385 -0.125000
v 0.147040 -0.061751 -0.125000
v 0.159155 -0.000845 -0.125000
v 0.147040 0.060061 -0.125000
v 0.112540 0.111694 -0.125000
v 0.060906 0.146195 -0.125000
v -0.060906 0.146195 -0.250000
v -0.112540 0.111694 -0.250000
v -0.147040 0.060061 -0.250000
v -0.159155 -0.000845 -0.250000
v -0.147040 -0.061751 -0.250000
v -0.112540 -0.113385 -0.250000
v -0.060906 -0.147885 -0.250000
v 0.000000 -0.160000 -0.250000
v 0.060906 -0.147885 -0.250000
v 0.112540 -0.113385 -0.250000
v 0.147040 -0.061751 -0.250000
v 0.159155 -0.000845 -0.250000
v 0.147040 0.060061 -0.250000
v 0.112540 0.111694 -0.250000
v 0.060906 0.146195 -0.250000
v 0.000000 0.158310 -0.250000
v 0.000000 0.158310 -0.375000
v -0.060906 0.146195 -0.375000
v -0.112540 0.111694 -0.375000
v -0.147040 0.060061 -0.375000
v -0.159155 -0.000845 -0.375000
v -0.147040 -0.061751 -0.375000
v -0.112540 -0.113385 -0.375000
v -0.060906 -0.147885 -0.375000
v 0.000000 -0.160000 -0.375000
v 0.060906 -0.147885 -0.375000
v 0.112540 -0.113385 -0.375000
v 0.147040 -0.061751 -0.375000
v 0.159155 -0.000845 -0.375000
v 0.147040 0.060061 -0.375000
v 0.112540 0.111694 -0.375000
v 0.060906 0.146195 -0.375000
v 0.000000 0.158310 -0.500000
v -0.060906 0.146195 -0.500000
v -0.112540 0.111694 -0.500000
v -0.147040 0.060061 -0.500000
v -0.159155 -0.000845 -0.500000
v -0.147040 -0.061751 -0.500000
v -0.112540 -0.113385 -0.500000
v -0.060906 -0.147885 -0.500000
v 0.000000 -0.160000 -0.500000
v 0.060906 -0.147885 -0.500000
v 0.112540 -0.113385 -0.500000
v 0.147040 -0.061751 -0.500000
v 0.159155 -0.000845 -0.500000
v 0.147040 0.060061 -0.500000
v 0.112540 0.111694 -0.500000
v 0.060906 0.146195 -0.500000
v -0.060906 0.146195 -0.625000
v -0.112540 0.111694 -0.625000
v -0.147040 0.060061 -0.625000
v -0.159155 -0.000845 -0.625000
v -0.147040 -0.061751 -0.625000
v -0.112540 -0.113385 -0.625000
v -0.060906 -0.147885 -0.625000
v 0.000000 -0.160000 -0.625000
v 0.060906 -0.147885 -0.625000
v 0.112540 -0.113385 -0.625000
v 0.147040 -0.061751 -0.625000
v 0.159155 -0.000845 -0.625000
v 0.147040 0.060061 -0.625000
v 0.112540 0.111694 -0.625000
v 0.060906 0.146195 -0.625000
v 0.000000 0.158310 -0.625000
v -0.060906 0.146195 -0.750000
v -0.112540 0.111694 -0.750000
v -0.147040 0.060061 -0.750000
v -0.159155 -0.000845 -0.750000
v -0.147040 -0.061751 -0.750000
v -0.112540 -0.113385 -0.750000
v -0.060906 -0.147885 -0.750000
v 0.000000 -0.160000 -0.750000
v 0.060906 -0.147885 -0.750000
v 0.112540 -0.113385 -0.750000
v 0.147040 -0.061751 -0.750000
v 0.159155 -0.000845 -0.750000
v 0.147040 0.060061 -0.750000
v 0.112540 0.111694 -0.750000
v 0.060906 0.146195 -0.750000
v 0.000000 0.158310 -0.750000
v -0.060906 0.146195 -0.875000
v -0.112540 0.111694 -0.875000
v -0.147040 0.060061 -0.875000
v -0.159155 -0.000845 -0.875000
v -0.147040 -0.061751 -0.875000
v -0.112540 -0.113385 -0.875000
v -0.060906 -0.147885 -0.875000
v 0.000000 -0.160000 -0.875000
v 0.060906 -0.147885 -0.875000
v 0.112540 -0.113385 -0.875000
v 0.147040 -0.061751 -0.875000
v 0.159155 -0.000845 -0.875000
v 0.147040 0.060061 -0.875000
v 0.112540 0.111694 -0.875000
v 0.060906 0.146195 -0.875000
v 0.000000 0.158310 -0.875000
v 0.000000 0.158310 -1.000000
v -0.060906 0.146195 -1.000000
v -0.112540 0.111694 -1.000000
v -0.147040 0.060061 -1.000000
v -0.159155 -0.000845 -1.000000
v -0.147040 -0.061751 -1.000000
v -0.112540 -0.113385 -1.000000
v -0.060906 -0.147885 -1.000000
v 0.000000 -0.160000 -1.000000
v 0.060906 -0.147885 -1.000000
v 0.112540 -0.113385 -1.000000
v 0.147040 -0.061751 -1.000000
v 0.159155 -0.000845 -1.000000
v 0.147040 0.060061 -1.000000
v 0.112540 0.111694 -1.000000
v 0.060906 0.146195 -1.000000
v -0.030453 0.152253 0.937500
v -0.030453 0.152253 1.000000
v -0.060906 0.146195 0.937500
v 0.000000 0.158310 0.937500
v -0.030453 0.152253 0.875000
v -0.086723 0.128945 1.000000
v -0.086723 0.128945 0.937500
v -0.112540 0.111695 0.937500
v -0.086723 0.128945 0.875000
v -0.129790 0.085878 0.937500
v -0.129790 0.085878 1.000000
v -0.147040 0.060061 0.937500
v -0.129790 0.085878 0.875000
v -0.153097 0.029608 1.000000
v -0.153097 0.029608 0.937500
v -0.159155 -0.000845 0.937500
v -0.153097 0.029608 0.875000
v -0.153097 -0.031298 0.937500
v -0.153097 -0.031298 1.000000
v -0.147040 -0.061751 0.937500
v -0.153097 -0.031298 0.875000
v -0.129790 -0.087568 1.000000
v -0.129790 -0.087568 0.937500
v -0.112540 -0.113385 0.937500
v -0.129790 -0.087568 0.875000
v -0.086723 -0.130635 0.937500
v -0.086723 -0.130635 1.000000
v -0.060906 -0.147885 0.937500
v -0.086723 -0.130635 0.875000
v -0.030453 -0.153942 1.000000
v -0.030453 -0.153942 0.937500
v 0.000000 -0.160000 0.937500
v -0.030453 -0.153942 0.875000
v 0.030453 -0.153942 0.937500
v 0.030453 -0.153942 1.000000
v 0.060906 -0.147885 0.937500
v 0.030453 -0.153942 0.875000
v 0.086723 -0.130635 1.000000
v 0.086723 -0.130635 0.937500
v 0.112540 -0.113385 0.937500
v 0.086723 -0.130635 0.875000
v 0.129790 -0.087568 0.937500
v 0.129790 -0.087568 1.000000
v 0.147040 -0.061751 0.937500
v 0.129790 -0.087568 0.875000
v 0.153097 -0.031298 1.000000
v 0.153097 -0.031298 0.937500
v 0.159155 -0.000845 0.937500
v 0.153097 -0.031298 0.875000
v 0.153097 0.029608 0.937500
v 0.153097 0.029608 1.000000
v 0.147040 0.060061 0.937500
v 0.153097 0.029608 0.875000
v 0.129790 0.085878 1.000000
v 0.129790 0.085878 0.937500
v 0.112540 0.111695 0.937500
v 0.129790 0.085878 0.875000
v 0.086723 0.128945 0.937500
v 0.086723 0.128945 1.000000
v 0.060906 0.146195 0.937500
v 0.086723 0.128945 0.875000
v 0.030453 0.152253 1.000000
v 0.030453 0.152253 0.937500
v 0.030453 0.152253 0.875000
v 0.000000 0.158310 0.812500
v -0.030453 0.152253 0.812500
v -0.060906 0.146195 0.812500
v -0.030453 0.152253 0.750000
v -0.086723 0.128945 0.812500
v -0.112540 0.111695 0.812500
v -0.086723 0.128945 0.750000
v -0.129790 0.085878 0.812500
v -0.147040 0.060061 0.812500
v -0.129790 0.085878 0.750000
v -0.153097 0.029608 0.812500
v -0.159155 -0.000845 0.812500
v -0.153097 0.029608 0.750000
v -0.153097 -0.031298 0.812500
v -0.147040 -0.061751 0.812500
v -0.153097 -0.031298 0.750000
v -0.129790 -0.087568 0.812500
v -0.112540 -0.113385 0.812500
v -0.129790 -0.087568 0.750000
v -0.086723 -0.130635 0.812500
v -0.060906 -0.147885 0.812500
v -0.086723 -0.130635 0.750000
v -0.030453 -0.153942 0.812500
v 0.000000 -0.160000 0.812500
v -0.030453 -0.153942 0.750000
v 0.030453 -0.153942 0.812500
v 0.060906 -0.147885 0.812500
v 0.030453 -0.153942 0.750000
v 0.086723 -0.130635 0.812500
v 0.112540 -0.113385 0.812500
v 0.086723 -0.130635 0.750000
v 0.129790 -0.087568 0.812500
v 0.147040 -0.061751 0.812500
v 0.129790 -0.087568 0.750000
v 0.153097 -0.031298 0.812500
v 0.159155 -0.000845 0.812500
v 0.153097 -0.031298 0.750000
v 0.153097 0.029608 0.812500
v 0.147040 0.060061 0.812500
v 0.153097 0.029608 0.750000
v 0.129790 0.085878 0.812500
v 0.112540 0.111695 0.812500
v 0.129790 0.085878 0.750000
v 0.086723 0.128945 0.812500
v 0.060906 0.146195 0.812500
v 0.086723 0.128945 0.750000
v 0.030453 0.152253 0.812500
v 0.030453 0.152253 0.750000
v -0.030453 0.152253 0.687500
v -0.060906 0.146195 0.687500
v 0.000000 0.158310 0.687500
v -0.030453 0.152253 0.625000
v -0.086723 0.128945 0.687500
v -0.112540 0.111695 0.687500
v -0.086723 0.128945 0.625000
v -0.129790 0.085878 0.687500
v -0.147040 0.060061 0.687500
v -0.129790 0.085878 0.625000
v -0.153097 0.029608 0.687500
v -0.159155 -0.000845 0.687500
v -0.153097 0.029608 0.625000
v -0.153097 -0.031298 0.687500
v -0.147040 -0.061751 0.687500
v -0.153097 -0.031298 0.625000
v -0.129790 -0.087568 0.687500
v -0.112540 -0.113385 0.687500
v -0.129790 -0.087568 0.625000
v -0.086723 -0.130635 0.687500
v -0.060906 -0.147885 0.687500
v -0.086723 -0.130635 0.625000
v -0.030453 -0.153942 0.687500
v 0.000000 -0.160000 0.687500
v -0.030453 -0.153942 0.625000
v 0.030453 -0.153942 0.687500
v 0.060906 -0.147885 0.687500
v 0.030453 -0.153942 0.625000
v 0.086723 -0.130635 0.687500
v 0.112540 -0.113385 0.687500
v 0.086723 -0.130635 0.625000
v 0.129790 -0.087568 0.687500
v 0.147040 -0.061751 0.687500
v 0.129790 -0.087568 0.625000
v 0.153097 -0.031298 0.687500
v 0.159155 -0.000845 0.687500
v 0.153097 -0.031298 0.625000
v 0.153097 0.029608 0.687500
v 0.147040 0.060061 0.687500
v 0.153097 0.029608 0.625000
v 0.129790 0.085878 0.687500
v 0.112540 0.111695 0.687500
v 0.129790 0.085878 0.625000
v 0.086723 0.128945 0.687500
v 0.060906 0.146195 0.687500
v 0.086723 0.128945 0.625000
v 0.030453 0.152253 0.687500
v 0.030453 0.152253 0.625000
v 0.000000 0.158310 0.562500
v -0.030453 0.152253 0.562500
v -0.060906 0.146195 0.562500
v -0.030453 0.152253 0.500000
v -0.086723 0.128945 0.562500
v -0.112540 0.111695 0.562500
v -0.086723 0.128945 0.500000
v -0.129790 0.085878 0.562500
v -0.147040 0.060061 0.562500
v -0.129790 0.085878 0.500000
v -0.153097 0.029608 0.562500
v -0.159155 -0.000845 0.562500
v -0.153097 0.029608 0.500000
v -0.153097 -0.031298 0.562500
v -0.147040 -0.061751 0.562500
v -0.153097 -0.031298 0.500000
v -0.129790 -0.087568 0.562500
v -0.112540 -0.113385 0.562500
v -0.129790 -0.087568 0.500000
v -0.086723 -0.130635 0.562500
v -0.060906 -0.147885 0.562500
v -0.086723 -0.130635 0.500000
v -0.030453 -0.153942 0.562500
v 0.000000 -0.160000 0.562500
v -0.030453 -0.153942 0.500000
v 0.030453 -0.153942 0.562500
v 0.060906 -0.147885 0.562500
v 0.030453 -0.153942 0.500000
v 0.086723 -0.130635 0.562500
v 0.112540 -0.113385 0.562500
v 0.086723 -0.130635 0.500000
v 0.129790 -0.087568 0.562500
v 0.147040 -0.061751 0.562500
v 0.129790 -0.087568 0.500000
v 0.153097 -0.031298 0.562500
v 0.159155 -0.000845 0.562500
v 0.153097 -0.031298 0.500000
v 0.153097 0.029608 0.562500
v 0.147040 0.060061 0.562500
v 0.153097 0.029608 0.500000
v 0.129790 0.085878 0.562500
v 0.112540 0.111695 0.562500
v 0.129790 0.085878 0.500000
v 0.086723 0.128945 0.562500
v 0.060906 0.146195 0.562500
v 0.086723 0.128945 0.500000
v 0.030453 0.152253 0.562500
v 0.030453 0.152253 0.500000
v -0.030453 0.152253 0.437500
v -0.060906 0.146195 0.437500
v 0.000000 0.158310 0.437500
v -0.030453 0.152253 0.375000
v -0.086723 0.128945 0.437500
v -0.112540 0.111695 0.437500
v -0.086723 0.128945 0.375000
v -0.129790 0.085878 0.437500
v -0.147040 0.060061 0.437500
v -0.129790 0.085878 0.375000
v -0.153097 0.029608 0.437500
v -0.159155 -0.000845 0.437500
v -0.153097 0.029608 0.375000
v -0.153097 -0.031298 0.437500
v -0.147040 -0.061751 0.437500
v -0.153097 -0.031298 0.375000
v -0.129790 -0.087568 0.437500
v -0.112540 -0.113385 0.437500
v -0.129790 -0.087568 0.375000
v -0.086723 -0.130635 0.437500
v -0.060906 -0.147885 0.437500
v -0.086723 -0.130635 0.375000
v -0.030453 -0.153942 0.437500
v 0.000000 -0.160000 0.437500
v -0.030453 -0.153942 0.375000
v 0.030453 -0.153942 0.437500
v 0.060906 -0.147885 0.437500
v 0.030453 -0.153942 0.375000
v 0.086723 -0.130635 0.437500
v 0.112540 -0.113385 0.437500
v 0.086723 -0.130635 0.375000
v 0.129790 -0.087568 0.437500
v 0.147040 -0.061751 0.437500
v 0.129790 -0.087568 0.375000
v 0.153097 -0.031298 0.437500
v 0.159155 -0.000845 0.437500
v 0.153097 -0.031298 0.375000
v 0.153097 0.029608 0.437500
v 0.147040 0.060061 0.437500
v 0.153097 0.029608 0.375000
v 0.129790 0.085878 0.437500
v 0.112540 0.111695 0.437500
v 0.129790 0.085878 0.375000
v 0.086723 0.128945 0.437500
v 0.060906 0.146195 0.437500
v 0.086723 0.128945 0.375000
v 0.030453 0.152253 0.437500
v 0.030453 0.152253 0.375000
v 0.000000 0.158310 0.312500
v -0.030453 0.152253 0.312500
v -0.060906 0.146195 0.312500
v -0.030453 0.152253 0.250000
v -0.086723 0.128945 0.312500
v -0.112540 0.111695 0.312500
v -0.086723 0.128945 0.250000
v -0.129790 0.085878 0.312500
v -0.147040 0.060061 0.312500
v -0.129790 0.085878 0.250000
v -0.153097 0.029608 0.312500
v -0.159155 -0.000845 0.312500
v -0.153097 0.029608 0.250000
v -0.153097 -0.031298 0.312500
v -0.147040 -0.061751 0.312500
v -0.153097 -0.031298 0.250000
v -0.129790 -0.087568 0.312500
v -0.112540 -0.113385 0.312500
v -0.129790 -0.087568 0.250000
v -0.086723 -0.130635 0.312500
v -0.060906 -0.147885 0.312500
v -0.086723 -0.130635 0.250000
v -0.030453 -0.153942 0.312500
v 0.000000 -0.160000 0.312500
v -0.030453 -0.153942 0.250000
v 0.030453 -0.153942 0.312500
v 0.060906 -0.147885 0.312500
v 0.030453 -0.153942 0.250000
v 0.086723 -0.130635 0.312500
v 0.112540 -0.113385 0.312500
v 0.086723 -0.130635 0.250000
v 0.129790 -0.087568 0.312500
v 0.147040 -0.061751 0.312500
v 0.129790 -0.087568 0.250000
v 0.153097 -0.031298 0.312500
v 0.159155 -0.000845 0.312500
v 0.153097 -0.031298 0.250000
v 0.153097 0.029608 0.312500
v 0.147040 0.060061 0.312500
v 0.153097 0.029608 0.250000
v 0.129790 0.085878 0.312500
v 0.112540 0.111695 0.312500
v 0.129790 0.085878 0.250000
v 0.086723 0.128945 0.312500
v 0.060906 0.146195 0.312500
v 0.086723 0.128945 0.250000
v 0.030453 0.152253 0.312500
v 0.030453 0.152253 0.250000
v -0.030453 0.152253 0.187500
v -0.060906 0.146195 0.187500
v 0.000000 0.158310 0.187500
v -0.030453 0.152253 0.125000
v -0.086723 0.128945 0.187500
v -0.112540 0.111695 0.187500
v -0.086723 0.128945 0.125000
v -0.129790 0.085878 0.187500
v -0.147040 0.060061 0.187500
v -0.129790 0.085878 0.125000
v -0.153097 0.029608 0.187500
v -0.159155 -0.000845 0.187500
v -0.153097 0.029608 0.125000
v -0.153097 -0.031298 0.187500
v -0.147040 -0.061751 0.187500
v -0.153097 -0.031298 0.125000
v -0.129790 -0.087568 0.187500
v -0.112540 -0.113385 0.187500
v -0.129790 -0.087568 0.125000
v -0.086723 -0.130635 0.187500
v -0.060906 -0.147885 0.187500
v -0.086723 -0.130635 0.125000
v -0.030453 -0.153942 0.187500
v 0.000000 -0.160000 0.187500
v -0.030453 -0.153942 0.125000
v 0.030453 -0.153942 0.187500
v 0.060906 -0.147885 0.187500
v 0.030453 -0.153942 0.125000
v 0.086723 -0.130635 0.187500
v 0.112540 -0.113385 0.187500
v 0.086723 -0.130635 0.125000
v 0.129790 -0.087568 0.187500
v 0.147040 -0.061751 0.187500
v 0.129790 -0.087568 0.125000
v 0.153097 -0.031298 0.187500
v 0.159155 -0.000845 0.187500
v 0.153097 -0.031298 0.125000
v 0.153097 0.029608 0.187500
v 0.147040 0.060061 0.187500
v 0.153097 0.029608 0.125000
v 0.129790 0.085878 0.187500
v 0.112540 0.111695 0.187500
v 0.129790 0.085878 0.125000
v 0.086723 0.128945 0.187500
v 0.060906 0.146195 0.187500
v 0.086723 0.128945 0.125000
v 0.030453 0.152253 0.187500
v 0.030453 0.152253 0.125000
v 0.000000 0.158310 0.062500
v -0.030453 0.152252 0.062500
v -0.060906 0.146195 0.062500
v -0.030453 0.152252 -0.000000
v -0.086723 0.128945 0.062500
v -0.112540 0.111694 0.062500
v -0.086723 0.128945 -0.000000
v -0.129790 0.085878 0.062500
v -0.147040 0.060061 0.062500
v -0.129790 0.085878 -0.000000
v -0.153097 0.029608 0.062500
v -0.159155 -0.000845 0.062500
v -0.153097 0.029608 -0.000000
v -0.153097 -0.031298 0.062500
v -0.147040 -0.061751 0.062500
v -0.153097 -0.031298 0.000000
v -0.129790 -0.087568 0.062500
v -0.112540 -0.113385 0.062500
v -0.129790 -0.087568 0.000000
v -0.086723 -0.130635 0.062500
v -0.060906 -0.147885 0.062500
v -0.086723 -0.130635 0.000000
v -0.030453 -0.153942 0.062500
v 0.000000 -0.160000 0.062500
v -0.030453 -0.153942 0.000000
v 0.030453 -0.153942 0.062500
v 0.060906 -0.147885 0.062500
v 0.030453 -0.153942 0.000000
v 0.086723 -0.130635 0.062500
v 0.112540 -0.113385 0.062500
v 0.086723 -0.130635 0.000000
v 0.129790 -0.087568 0.062500
v 0.147040 -0.061751 0.062500
v 0.129790 -0.087568 0.000000
v 0.153097 -0.031298 0.062500
v 0.159155 -0.000845 0.062500
v 0.153097 -0.031298 0.000000
v 0.153097 0.029608 0.062500
v 0.147040 0.060061 0.062500
v 0.153097 0.029608 -0.000000
v 0.129790 0.085878 0.062500
v 0.112540 0.111694 0.062500
v 0.129790 0.085878 -0.000000
v 0.086723 0.128945 0.062500
v 0.060906 0.146195 0.062500
v 0.086723 0.128945 -0.000000
v 0.030453 0.152252 0.062500
v 0.030453 0.152252 -0.000000
v -0.030453 0.152252 -0.062500
v -0.060906 0.146195 -0.062500
v 0.000000 0.158310 -0.062500
v -0.030453 0.152252 -0.125000
v -0.086723 0.128945 -0.062500
v -0.112540 0.111694 -0.062500
v -0.086723 0.128944 -0.125000
v -0.129790 0.085877 -0.062500
v -0.147040 0.060061 -0.062500
v -0.129790 0.085877 -0.125000
v -0.153097 0.029608 -0.062500
v -0.159155 -0.000845 -0.062500
v -0.153097 0.029608 -0.125000
v -0.153097 -0.031298 -0.062500
v -0.147040 -0.061751 -0.062500
v -0.153097 -0.031298 -0.125000
v -0.129790 -0.087568 -0.062500
v -0.112540 -0.113385 -0.062500
v -0.129790 -0.087568 -0.125000
v -0.086723 -0.130635 -0.062500
v -0.060906 -0.147885 -0.062500
v -0.086723 -0.130635 -0.125000
v -0.030453 -0.153942 -0.062500
v 0.000000 -0.160000 -0.062500
v -0.030453 -0.153943 -0.125000
v 0.030453 -0.153942 -0.062500
v 0.060906 -0.147885 -0.062500
v 0.030453 -0.153943 -0.125000
v 0.086723 -0.130635 -0.062500
v 0.112540 -0.113385 -0.062500
v 0.086723 -0.130635 -0.125000
v 0.129790 -0.087568 -0.062500
v 0.147040 -0.061751 -0.062500
v 0.129790 -0.087568 -0.125000
v 0.153097 -0.031298 -0.062500
v 0.159155 -0.000845 -0.062500
v 0.153097 -0.031298 -0.125000
v 0.153097 0.029608 -0.062500
v 0.147040 0.060061 -0.062500
v 0.153097 0.029608 -0.125000
v 0.129790 0.085877 -0.062500
v 0.112540 0.111694 -0.062500
v 0.129790 0.085877 -0.125000
v 0.086723 0.128945 -0.062500
v 0.060906 0.146195 -0.062500
v 0.086723 0.128944 -0.125000
v 0.030453 0.152252 -0.062500
v 0.030453 0.152252 -0.125000
v 0.000000 0.158310 -0.187500
v -0.030453 0.152252 -0.187500
v -0.060906 0.146195 -0.187500
v -0.030453 0.152252 -0.250000
v -0.086723 0.128944 -0.187500
v -0.112540 0.111694 -0.187500
v -0.086723 0.128944 -0.250000
v -0.129790 0.085877 -0.187500
v -0.147040 0.060061 -0.187500
v -0.129790 0.085877 -0.250000
v -0.153097 0.029608 -0.187500
v -0.159155 -0.000845 -0.187500
v -0.153097 0.029608 -0.250000
v -0.153097 -0.031298 -0.187500
v -0.147040 -0.061751 -0.187500
v -0.153097 -0.031298 -0.250000
v -0.129790 -0.087568 -0.187500
v -0.112540 -0.113385 -0.187500
v -0.129790 -0.087568 -0.250000
v -0.086723 -0.130635 -0.187500
v -0.060906 -0.147885 -0.187500
v -0.086723 -0.130635 -0.250000
v -0.030453 -0.153943 -0.187500
v 0.000000 -0.160000 -0.187500
v -0.030453 -0.153943 -0.250000
v 0.030453 -0.153943 -0.187500
v 0.060906 -0.147885 -0.187500
v 0.030453 -0.153943 -0.250000
v 0.086723 -0.130635 -0.187500
v 0.112540 -0.113385 -0.187500
v 0.086723 -0.130635 -0.250000
v 0.129790 -0.087568 -0.187500
v 0.147040 -0.061751 -0.187500
v 0.129790 -0.087568 -0.250000
v 0.153097 -0.031298 -0.187500
v 0.159155 -0.000845 -0.187500
v 0.153097 -0.031298 -0.250000
v 0.153097 0.029608 -0.187500
v 0.147040 0.060061 -0.187500
v 0.153097 0.029608 -0.250000
v 0.129790 0.085877 -0.187500
v 0.112540 0.111694 -0.187500
v 0.129790 0.085877 -0.250000
v 0.086723 0.128944 -0.187500
v 0.060906 0.146195 -0.187500
v 0.086723 0.128944 -0.250000
v 0.030453 0.152252 -0.187500
v 0.030453 0.152252 -0.250000
v -0.030453 0.152252 -0.312500
v -0.060906 0.146195 -0.312500
v 0.000000 0.158310 -0.312500
v -0.030453 0.152252 -0.375000
v -0.086723 0.128944 -0.312500
v -0.112540 0.111694 -0.312500
v -0.086723 0.128944 -0.375000
v -0.129790 0.085877 -0.312500
v -0.147040 0.060061 -0.312500
v -0.129790 0.085877 -0.375000
v -0.153097 0.029608 -0.312500
v -0.159155 -0.000845 -0.312500
v -0.153097 0.029608 -0.375000
v -0.153097 -0.031298 -0.312500
v -0.147040 -0.061751 -0.312500
v -0.153097 -0.031298 -0.375000
v -0.129790 -0.087568 -0.312500
v -0.112540 -0.113385 -0.312500
v -0.129790 -0.087568 -0.375000
v -0.086723 -0.130635 -0.312500
v -0.060906 -0.147885 -0.312500
v -0.086723 -0.130635 -0.375000
v -0.030453 -0.153943 -0.312500
v 0.000000 -0.160000 -0.312500
v -0.030453 -0.153943 -0.375000
v 0.030453 -0.153943 -0.312500
v 0.060906 -0.147885 -0.312500
v 0.030453 -0.153943 -0.375000
v 0.086723 -0.130635 -0.312500
v 0.112540 -0.113385 -0.312500
v 0.086723 -0.130635 -0.375000
v 0.129790 -0.087568 -0.312500
v 0.147040 -0.061751 -0.312500
v 0.129790 -0.087568 -0.375000
v 0.153097 -0.031298 -0.312500
v 0.159155 -0.000845 -0.312500
v 0.153097 -0.031298 -0.375000
v 0.153097 0.029608 -0.312500
v 0.147040 0.060061 -0.312500
v 0.153097 0.029608 -0.375000
v 0.129790 0.085877 -0.312500
v 0.112540 0.111694 -0.312500
v 0.129790 0.085877 -0.375000
v 0.086723 0.128944 -0.312500
v 0.060906 0.146195 -0.312500
v 0.086723 0.128944 -0.375000
v 0.030453 0.152252 -0.312500
v 0.030453 0.152252 -0.375000
v 0.000000 0.158310 -0.437500
v -0.030453 0.152252 -0.437500
v -0.060906 0.146195 -0.437500
v -0.030453 0.152252 -0.500000
v -0.086723 0.128944 -0.437500
v -0.112540 0.111694 -0.437500
v -0.086723 0.128944 -0.500000
v -0.129790 0.085877 -0.437500
v -0.147040 0.060061 -0.437500
v -0.129790 0.085877 -0.500000
v -0.153097 0.029608 -0.437500
v -0.159155 -0.000845 -0.437500
v -0.153097 0.029608 -0.500000
v -0.153097 -0.031298 -0.437500
v -0.147040 -0.061751 -0.437500
v -0.153097 -0.031298 -0.500000
v -0.129790 -0.087568 -0.437500
v -0.112540 -0.113385 -0.437500
v -0.129790 -0.087568 -0.500000
v -0.086723 -0.130635 -0.437500
v -0.060906 -0.147885 -0.437500
v -0.086723 -0.130635 -0.500000
v -0.030453 -0.153943 -0.437500
v 0.000000 -0.160000 -0.437500
v -0.030453 -0.153943 -0.500000
v 0.030453 -0.153943 -0.437500
v 0.060906 -0.147885 -0.437500
v 0.030453 -0.153943 -0.500000
v 0.086723 -0.130635 -0.437500
v 0.112540 -0.113385 -0.437500
v 0.086723 -0.130635 -0.500000
v 0.129790 -0.087568 -0.437500
v 0.147040 -0.061751 -0.437500
v 0.129790 -0.087568 -0.500000
v 0.153097 -0.031298 -0.437500
v 0.159155 -0.000845 -0.437500
v 0.153097 -0.031298 -0.500000
v 0.153097 0.029608 -0.437500
v 0.147040 0.060061 -0.437500
v 0.153097 0.029608 -0.500000
v 0.129790 0.085877 -0.437500
v 0.112540 0.111694 -0.437500
v 0.129790 0.085877 -0.500000
v 0.086723 0.128944 -0.437500
v 0.060906 0.146195 -0.437500
v 0.086723 0.128944 -0.500000
v 0.030453 0.152252 -0.437500
v 0.030453 0.152252 -0.500000
v -0.030453 0.152252 -0.562500
v -0.060906 0.146195 -0.562500
v 0.000000 0.158310 -0.562500
v -0.030453 0.152252 -0.625000
v -0.086723 0.128944 -0.562500
v -0.112540 0.111694 -0.562500
v -0.086723 0.128944 -0.625000
v -0.129790 0.085877 -0.562500
v -0.147040 0.060061 -0.562500
v -0.129790 0.085877 -0.625000
v -0.153097 0.029608 -0.562500
v -0.159155 -0.000845 -0.562500
v -0.153097 0.029608 -0.625000
v -0.153097 -0.031298 -0.562500
v -0.147040 -0.061751 -0.562500
v -0.153097 -0.031298 -0.625000
v -0.129790 -0.087568 -0.562500
v -0.112540 -0.113385 -0.562500
v -0.129790 -0.087568 -0.625000
v -0.086723 -0.130635 -0.562500
v -0.060906 -0.147885 -0.562500
v -0.086723 -0.130635 -0.625000
v -0.030453 -0.153943 -0.562500
v 0.000000 -0.160000 -0.562500
v -0.030453 -0.153943 -0.625000
v 0.030453 -0.153943 -0.562500
v 0.060906 -0.147885 -0.562500
v 0.030453 -0.153943 -0.625000
v 0.086723 -0.130635 -0.562500
v 0.112540 -0.113385 -0.562500
v 0.086723 -0.130635 -0.625000
v 0.129790 -0.087568 -0.562500
v 0.147040 -0.061751 -0.562500
v 0.129790 -0.087568 -0.625000
v 0.153097 -0.031298 -0.562500
v 0.159155 -0.000845 -0.562500
v 0.153097 -0.031298 -0.625000
v 0.153097 0.029608 -0.562500
v 0.147040 0.060061 -0.562500
v 0.153097 0.029608 -0.625000
v 0.129790 0.085877 -0.562500
v 0.112540 0.111694 -0.562500
v 0.129790 0.085877 -0.625000
v 0.086723 0.128944 -0.562500
v 0.060906 0.146195 -0.562500
v 0.086723 0.128944 -0.625000
v 0.030453 0.152252 -0.562500
v 0.030453 0.152252 -0.625000
v 0.000000 0.158310 -0.687500
v -0.030453 0.152252 -0.687500
v -0.060906 0.146195 -0.687500
v -0.030453 0.152252 -0.750000
v -0.086723 0.128944 -0.687500
v -0.112540 0.111694 -0.687500
v -0.086723 0.128944 -0.750000
v -0.129790 0.085877 -0.687500
v -0.147040 0.060061 -0.687500
v -0.129790 0.085877 -0.750000
v -0.153097 0.029608 -0.687500
v -0.159155 -0.000845 -0.687500
v -0.153097 0.029608 -0.750000
v -0.153097 -0.031298 -0.687500
v -0.147040 -0.061751 -0.687500
v -0.153097 -0.031298 -0.750000
v -0.129790 -0.087568 -0.687500
v -0.112540 -0.113385 -0.687500
v -0.129790 -0.087568 -0.750000
v -0.086723 -0.130635 -0.687500
v -0.060906 -0.147885 -0.687500
v -0.086723 -0.130635 -0.750000
v -0.030453 -0.153943 -0.687500
v 0.000000 -0.160000 -0.687500
v -0.030453 -0.153943 -0.750000
v 0.030453 -0.153943 -0.687500
v 0.060906 -0.147885 -0.687500
v 0.030453 -0.153943 -0.750000
v 0.086723 -0.130635 -0.687500
v 0.112540 -0.113385 -0.687500
v 0.086723 -0.130635 -0.750000
v 0.129790 -0.087568 -0.687500
v 0.147040 -0.061751 -0.687500
v 0.129790 -0.087568 -0.750000
v 0.153097 -0.031298 -0.687500
v 0.159155 -0.000845 -0.687500
v 0.153097 -0.031298 -0.750000
v 0.153097 0.029608 -0.687500
v 0.147040 0.060061 -0.687500
v 0.153097 0.029608 -0.750000
v 0.129790 0.085877 -0.687500
v 0.112540 0.111694 -0.687500
v 0.129790 0.085877 -0.750000
v 0.086723 0.128944 -0.687500
v 0.060906 0.146195 -0.687500
v 0.086723 0.128944 -0.750000
v 0.030453 0.152252 -0.687500
v 0.030453 0.152252 -0.750000
v -0.030453 0.152252 -0.812500
v -0.060906 0.146195 -0.812500
v 0.000000 0.158310 -0.812500
v -0.030453 0.152252 -0.875000
v -0.086723 0.128944 -0.812500
v -0.112540 0.111694 -0.812500
v -0.086723 0.128944 -0.875000
v -0.129790 0.085877 -0.812500
v -0.147040 0.060061 -0.812500
v -0.129790 0.085877 -0.875000
v -0.153097 0.029608 -0.812500
v -0.159155 -0.000845 -0.812500
v -0.153097 0.029608 -0.875000
v -0.153097 -0.031298 -0.812500
v -0.147040 -0.061751 -0.812500
v -0.153097 -0.031298 -0.875000
v -0.129790 -0.087568 -0.812500
v -0.112540 -0.113385 -0.812500
v -0.129790 -0.087568 -0.875000
v -0.086723 -0.130635 -0.812500
v -0.060906 -0.147885 -0.812500
v -0.086723 -0.130635 -0.875000
v -0.030453 -0.153943 -0.812500
v 0.000000 -0.160000 -0.812500
v -0.030453 -0.153943 -0.875000
v 0.030453 -0.153943 -0.812500
v 0.060906 -0.147885 -0.812500
v 0.030453 -0.153943 -0.875000
v 0.086723 -0.130635 -0.812500
v 0.112540 -0.113385 -0.812500
v 0.086723 -0.130635 -0.875000
v 0.129790 -0.087568 -0.812500
v 0.147040 -0.061751 -0.812500
v 0.129790 -0.087568 -0.875000
v 0.153097 -0.031298 -0.812500
v 0.159155 -0.000845 -0.812500
v 0.153097 -0.031298 -0.875000
v 0.153097 0.029608 -0.812500
v 0.147040 0.060061 -0.812500
v 0.153097 0.029608 -0.875000
v 0.129790 0.085877 -0.812500
v 0.112540 0.111694 -0.812500
v 0.129790 0.085877 -0.875000
v 0.086723 0.128944 -0.812500
v 0.060906 0.146195 -0.812500
v 0.086723 0.128944 -0.875000
v 0.030453 0.152252 -0.812500
v 0.030453 0.152252 -0.875000
v 0.000000 0.158310 -0.937500
v -0.030453 0.152252 -0.937500
v -0.060906 0.146195 -0.937500
v -0.030453 0.152252 -1.000000
v -0.086723 0.128944 -0.937500
v -0.112540 0.111694 -0.937500
v -0.086723 0.128944 -1.000000
v -0.129790 0.085877 -0.937500
v -0.147040 0.060061 -0.937500
v -0.129790 0.085877 -1.000000
v -0.153097 0.029608 -0.937500
v -0.159155 -0.000845 -0.937500
v -0.153097 0.029608 -1.000000
v -0.153097 -0.031298 -0.937500
v -0.147040 -0.061751 -0.937500
v -0.153097 -0.031298 -1.000000
v -0.129790 -0.087568 -0.937500
v -0.112540 -0.113385 -0.937500
v -0.129790 -0.087568 -1.000000
v -0.086723 -0.130635 -0.937500
v -0.060906 -0.147885 -0.937500
v -0.086723 -0.130635 -1.000000
v -0.030453 -0.153943 -0.937500
v 0.000000 -0.160000 -0.937500
v -0.030453 -0.153943 -1.000000
v 0.030453 -0.153943 -0.937500
v 0.060906 -0.147885 -0.937500
v 0.030453 -0.153943 -1.000000
v 0.086723 -0.130635 -0.937500
v 0.112540 -0.113385 -0.937500
v 0.086723 -0.130635 -1.000000
v 0.129790 -0.087568 -0.937500
v 0.147040 -0.061751 -0.937500
v 0.129790 -0.087568 -1.000000
v 0.153097 -0.031298 -0.937500
v 0.159155 -0.000845 -0.937500
v 0.153097 -0.031298 -1.000000
v 0.153097 0.029608 -0.937500
v 0.147040 0.060061 -0.937500
v 0.153097 0.029608 -1.000000
v 0.129790 0.085877 -0.937500
v 0.112540 0.111694 -0.937500
v 0.129790 0.085877 -1.000000
v 0.086723 0.128944 -0.937500
v 0.060906 0.146195 -0.937500
v 0.086723 0.128944 -1.000000
v 0.030453 0.152252 -0.937500
v 0.030453 0.152252 -1.000000
vn -0.0000 -1.0000 -0.0000
vn 0.1951 -0.9808 -0.0000
vn 0.3827 -0.9239 -0.0000
vn 0.5556 -0.8315 -0.0000
vn 0.7071 -0.7071 -0.0000
vn 0.8315 -0.5556 -0.0000
vn 0.9239 -0.3827 -0.0000
vn 0.9808 -0.1951 -0.0000
vn 1.0000 -0.0000 -0.0000
vn 0.9808 0.1951 -0.0000
vn 0.9239 0.3827 -0.0000
vn 0.8315 0.5556 -0.0000
vn 0.7071 0.7071 -0.0000
vn 0.5556 0.8315 -0.0000
vn 0.3827 0.9239 -0.0000
vn 0.1951 0.9808 -0.0000
vn -0.0000 1.0000 -0.0000
vn -0.1951 0.9808 -0.0000
vn -0.3827 0.9239 -0.0000
vn -0.5556 0.8315 -0.0000
vn -0.7071 0.7071 -0.0000
vn -0.8315 0.5556 -0.0000
vn -0.9239 0.3827 -0.0000
vn -0.9808 0.1951 -0.0000
vn -1.0000 -0.0000 -0.0000
vn -0.9808 -0.1951 -0.0000
vn -0.9239 -0.3827 -0.0000
vn -0.8315 -0.5556 -0.0000
vn -0.7071 -0.7071 -0.0000
vn -0.5556 -0.8315 -0.0000
vn -0.3827 -0.9239 -0.0000
vn -0.1951 -0.9808 -0.0000
vt 0.000505 0.000268
vt 0.031523 0.000266
vt 0.031542 0.031493
vt 0.000514 0.031480
vt 0.062540 0.000265
vt 0.093545 0.000279
vt 0.062560 0.031492
vt 0.124551 0.000293
vt 0.124581 0.031516
vt 0.093565 0.031506
vt 0.155548 0.000285
vt 0.155598 0.031516
vt 0.186546 0.000276
vt 0.217555 0.000257
vt 0.186595 0.031507
vt 0.248563 0.000238
vt 0.248620 0.031468
vt 0.217604 0.031489
vt 0.279588 0.000211
vt 0.279646 0.031442
vt 0.310613 0.000184
vt 0.341659 0.000153
vt 0.310670 0.031415
vt 0.372705 0.000122
vt 0.372746 0.031365
vt 0.341717 0.031384
vt 0.403765 0.000117
vt 0.403782 0.031348
vt 0.434826 0.000112
vt 0.465895 0.000106
vt 0.434843 0.031342
vt 0.496964 0.000100
vt 0.496952 0.031346
vt 0.465912 0.031337
vt 0.528033 0.000131
vt 0.527991 0.031362
vt 0.559102 0.000162
vt 0.590162 0.000192
vt 0.559060 0.031392
vt 0.621222 0.000223
vt 0.621156 0.031465
vt 0.590119 0.031423
vt 0.652269 0.000279
vt 0.652185 0.031510
vt 0.683315 0.000335
vt 0.714340 0.000387
vt 0.683232 0.031566
vt 0.745365 0.000440
vt 0.745283 0.031670
vt 0.714257 0.031619
vt 0.776373 0.000484
vt 0.776299 0.031716
vt 0.807381 0.000528
vt 0.838379 0.000562
vt 0.807307 0.031760
vt 0.869377 0.000596
vt 0.869322 0.031818
vt 0.838305 0.031794
vt 0.900383 0.000607
vt 0.900337 0.031834
vt 0.931388 0.000618
vt 0.962405 0.000645
vt 0.931342 0.031845
vt 0.993422 0.000671
vt 0.993388 0.031884
vt 0.962359 0.031872
vt 0.000522 0.062693
vt 0.031551 0.062706
vt 0.000535 0.093887
vt 0.062580 0.062719
vt 0.062584 0.093932
vt 0.031564 0.093900
vt 0.093595 0.062729
vt 0.093608 0.093952
vt 0.124610 0.062738
vt 0.155627 0.062739
vt 0.124623 0.093961
vt 0.186644 0.062739
vt 0.186659 0.093963
vt 0.155639 0.093962
vt 0.217661 0.062719
vt 0.217682 0.093952
vt 0.248677 0.062699
vt 0.279703 0.062672
vt 0.248699 0.093931
vt 0.310728 0.062646
vt 0.310745 0.093886
vt 0.279724 0.093905
vt 0.341758 0.062626
vt 0.341770 0.093868
vt 0.372787 0.062607
vt 0.403823 0.062590
vt 0.372800 0.093848
vt 0.434860 0.062573
vt 0.434860 0.093824
vt 0.403836 0.093831
vt 0.465899 0.062583
vt 0.465886 0.093828
vt 0.496939 0.062593
vt 0.527978 0.062608
vt 0.496926 0.093837
vt 0.559017 0.062623
vt 0.558991 0.093874
vt 0.527965 0.093853
vt 0.590053 0.062665
vt 0.590015 0.093907
vt 0.621090 0.062707
vt 0.652120 0.062752
vt 0.621051 0.093948
vt 0.683149 0.062797
vt 0.683106 0.094037
vt 0.652081 0.093993
vt 0.714175 0.062849
vt 0.714127 0.094081
vt 0.745200 0.062900
vt 0.776217 0.062946
vt 0.745153 0.094132
vt 0.807233 0.062991
vt 0.807194 0.094215
vt 0.776169 0.094178
vt 0.838250 0.063016
vt 0.838212 0.094240
vt 0.869267 0.063040
vt 0.900282 0.063056
vt 0.869229 0.094264
vt 0.931297 0.063072
vt 0.931268 0.094285
vt 0.900244 0.094280
vt 0.962326 0.063084
vt 0.962288 0.094278
vt 0.000548 0.125081
vt 0.031568 0.125113
vt 0.031556 0.156326
vt 0.000524 0.156267
vt 0.062588 0.125145
vt 0.093612 0.125165
vt 0.062577 0.156357
vt 0.124635 0.125185
vt 0.124622 0.156404
vt 0.093600 0.156377
vt 0.155654 0.125186
vt 0.155648 0.156414
vt 0.186673 0.125187
vt 0.217697 0.125176
vt 0.186667 0.156415
vt 0.248720 0.125164
vt 0.248713 0.156396
vt 0.217690 0.156404
vt 0.279741 0.125145
vt 0.279739 0.156384
vt 0.310762 0.125125
vt 0.341787 0.125107
vt 0.310760 0.156365
vt 0.372813 0.125089
vt 0.372806 0.156336
vt 0.341785 0.156347
vt 0.403837 0.125082
vt 0.403830 0.156331
vt 0.434861 0.125076
vt 0.465887 0.125079
vt 0.434853 0.156325
vt 0.496913 0.125082
vt 0.496900 0.156334
vt 0.465879 0.156328
vt 0.527939 0.125104
vt 0.527921 0.156353
vt 0.558965 0.125126
vt 0.589989 0.125158
vt 0.558947 0.156375
vt 0.621013 0.125190
vt 0.620994 0.156436
vt 0.589971 0.156407
vt 0.652038 0.125233
vt 0.652016 0.156473
vt 0.683064 0.125276
vt 0.714085 0.125320
vt 0.683041 0.156516
vt 0.745106 0.125365
vt 0.745088 0.156597
vt 0.714062 0.156561
vt 0.776130 0.125402
vt 0.776111 0.156630
vt 0.807154 0.125439
vt 0.838172 0.125464
vt 0.807135 0.156667
vt 0.869191 0.125488
vt 0.869179 0.156707
vt 0.838153 0.156691
vt 0.900215 0.125493
vt 0.900200 0.156705
vt 0.931239 0.125498
vt 0.962259 0.125491
vt 0.931224 0.156711
vt 0.993278 0.125484
vt 0.993276 0.156669
vt 0.962244 0.156704
vt 0.000501 0.187452
vt 0.031533 0.187511
vt 0.000465 0.218650
vt 0.062565 0.187570
vt 0.062525 0.218782
vt 0.031497 0.218709
vt 0.093587 0.187597
vt 0.093557 0.218820
vt 0.124608 0.187624
vt 0.155634 0.187633
vt 0.124579 0.218847
vt 0.186660 0.187643
vt 0.186633 0.218867
vt 0.155605 0.218857
vt 0.217683 0.187636
vt 0.217665 0.218868
vt 0.248706 0.187628
vt 0.279732 0.187616
vt 0.248688 0.218861
vt 0.310758 0.187605
vt 0.310740 0.218842
vt 0.279714 0.218849
vt 0.341779 0.187593
vt 0.341766 0.218837
vt 0.372800 0.187582
vt 0.403823 0.187578
vt 0.372787 0.218826
vt 0.434846 0.187573
vt 0.434832 0.218821
vt 0.403810 0.218821
vt 0.465867 0.187580
vt 0.465854 0.218829
vt 0.496888 0.187587
vt 0.527909 0.187606
vt 0.496875 0.218836
vt 0.558929 0.187624
vt 0.558918 0.218871
vt 0.527896 0.218854
vt 0.589952 0.187653
vt 0.589940 0.218897
vt 0.620975 0.187682
vt 0.651996 0.187719
vt 0.620963 0.218927
vt 0.683018 0.187756
vt 0.683011 0.218993
vt 0.651985 0.218964
vt 0.714043 0.187793
vt 0.714037 0.219026
vt 0.745069 0.187829
vt 0.776092 0.187862
vt 0.745062 0.219063
vt 0.807115 0.187894
vt 0.807117 0.219119
vt 0.776085 0.219095
vt 0.838142 0.187910
vt 0.838145 0.219133
vt 0.869168 0.187926
vt 0.900189 0.187925
vt 0.869172 0.219149
vt 0.931210 0.187923
vt 0.931224 0.219135
vt 0.900193 0.219148
vt 0.962242 0.187889
vt 0.962253 0.219087
vt 0.000429 0.249848
vt 0.031457 0.249922
vt 0.031410 0.281142
vt 0.000380 0.281065
vt 0.062486 0.249995
vt 0.093517 0.250032
vt 0.062439 0.281215
vt 0.124549 0.250070
vt 0.124508 0.281289
vt 0.093470 0.281253
vt 0.155578 0.250080
vt 0.155545 0.281307
vt 0.186607 0.250091
vt 0.217638 0.250093
vt 0.186574 0.281317
vt 0.248669 0.250094
vt 0.248639 0.281322
vt 0.217605 0.281319
vt 0.279695 0.250086
vt 0.279674 0.281323
vt 0.310721 0.250079
vt 0.341748 0.250075
vt 0.310700 0.281316
vt 0.372774 0.250070
vt 0.372754 0.281309
vt 0.341726 0.281311
vt 0.403796 0.250069
vt 0.403781 0.281314
vt 0.434818 0.250068
vt 0.465840 0.250077
vt 0.434803 0.281313
vt 0.496862 0.250085
vt 0.496849 0.281329
vt 0.465825 0.281321
vt 0.527884 0.250102
vt 0.527874 0.281346
vt 0.558907 0.250118
vt 0.589929 0.250144
vt 0.558896 0.281363
vt 0.620951 0.250171
vt 0.620946 0.281410
vt 0.589918 0.281390
vt 0.651978 0.250201
vt 0.651973 0.281437
vt 0.683004 0.250230
vt 0.714030 0.250263
vt 0.683000 0.281467
vt 0.745056 0.250296
vt 0.745060 0.281523
vt 0.714026 0.281500
vt 0.776087 0.250319
vt 0.776094 0.281546
vt 0.807118 0.250343
vt 0.838147 0.250358
vt 0.807126 0.281569
vt 0.869176 0.250372
vt 0.869192 0.281591
vt 0.838154 0.281584
vt 0.900208 0.250359
vt 0.900229 0.281581
vt 0.931239 0.250347
vt 0.962268 0.250299
vt 0.931261 0.281568
vt 0.993296 0.250251
vt 0.993320 0.281468
vt 0.962290 0.281520
vt 0.000330 0.312282
vt 0.031360 0.312359
vt 0.000276 0.343521
vt 0.062391 0.312436
vt 0.062348 0.343661
vt 0.031307 0.343598
vt 0.093428 0.312472
vt 0.093387 0.343696
vt 0.124466 0.312508
vt 0.155504 0.312526
vt 0.124425 0.343732
vt 0.186541 0.312544
vt 0.186506 0.343765
vt 0.155463 0.343750
vt 0.217576 0.312547
vt 0.217548 0.343775
vt 0.248610 0.312550
vt 0.279644 0.312551
vt 0.248583 0.343778
vt 0.310678 0.312552
vt 0.310652 0.343782
vt 0.279617 0.343779
vt 0.341706 0.312550
vt 0.341687 0.343787
vt 0.372733 0.312548
vt 0.403760 0.312553
vt 0.372715 0.343786
vt 0.434788 0.312557
vt 0.434771 0.343796
vt 0.403742 0.343790
vt 0.465813 0.312565
vt 0.465800 0.343807
vt 0.496837 0.312573
vt 0.527861 0.312590
vt 0.496825 0.343815
vt 0.558886 0.312608
vt 0.558877 0.343846
vt 0.527849 0.343832
vt 0.589913 0.312629
vt 0.589907 0.343866
vt 0.620941 0.312649
vt 0.651968 0.312676
vt 0.620934 0.343886
vt 0.682996 0.312703
vt 0.682997 0.343933
vt 0.651962 0.343913
vt 0.714030 0.312727
vt 0.714033 0.343956
vt 0.745064 0.312751
vt 0.776098 0.312773
vt 0.745067 0.343979
vt 0.807133 0.312796
vt 0.807142 0.344018
vt 0.776101 0.344002
vt 0.838171 0.312804
vt 0.838186 0.344028
vt 0.869208 0.312811
vt 0.900245 0.312800
vt 0.869223 0.344035
vt 0.931283 0.312789
vt 0.931301 0.344014
vt 0.900261 0.344024
vt 0.962314 0.312737
vt 0.962343 0.343976
vt 0.000222 0.374761
vt 0.031263 0.374824
vt 0.031222 0.406056
vt 0.000192 0.406015
vt 0.062304 0.374886
vt 0.093344 0.374921
vt 0.062263 0.406119
vt 0.124384 0.374956
vt 0.124352 0.406178
vt 0.093303 0.406154
vt 0.155428 0.374972
vt 0.155399 0.406195
vt 0.186471 0.374987
vt 0.217513 0.374996
vt 0.186442 0.406210
vt 0.248555 0.375006
vt 0.248529 0.406229
vt 0.217485 0.406219
vt 0.279591 0.375009
vt 0.279571 0.406238
vt 0.310627 0.375012
vt 0.341662 0.375018
vt 0.310607 0.406242
vt 0.372696 0.375023
vt 0.372676 0.406255
vt 0.341641 0.406247
vt 0.403725 0.375028
vt 0.403710 0.406265
vt 0.434754 0.375034
vt 0.465783 0.375046
vt 0.434740 0.406271
vt 0.496812 0.375057
vt 0.496799 0.406293
vt 0.465768 0.406282
vt 0.527840 0.375071
vt 0.527830 0.406308
vt 0.558869 0.375084
vt 0.589898 0.375104
vt 0.558859 0.406321
vt 0.620928 0.375124
vt 0.620921 0.406356
vt 0.589888 0.406341
vt 0.651963 0.375143
vt 0.651957 0.406373
vt 0.682997 0.375163
vt 0.714033 0.375185
vt 0.682992 0.406393
vt 0.745069 0.375208
vt 0.745069 0.406431
vt 0.714028 0.406415
vt 0.776111 0.375224
vt 0.776114 0.406447
vt 0.807152 0.375239
vt 0.838195 0.375249
vt 0.807155 0.406462
vt 0.869239 0.375259
vt 0.869246 0.406481
vt 0.838198 0.406472
vt 0.900280 0.375249
vt 0.900295 0.406482
vt 0.931320 0.375239
vt 0.962361 0.375202
vt 0.931336 0.406472
vt 0.993402 0.375164
vt 0.993407 0.406419
vt 0.962376 0.406435
vt 0.000161 0.437270
vt 0.031191 0.437311
vt 0.000131 0.468534
vt 0.062222 0.437352
vt 0.062206 0.468588
vt 0.031161 0.468575
vt 0.093272 0.437376
vt 0.093250 0.468601
vt 0.124321 0.437400
vt 0.155367 0.437416
vt 0.124299 0.468625
vt 0.186414 0.437433
vt 0.186396 0.468654
vt 0.155346 0.468641
vt 0.217459 0.437443
vt 0.217443 0.468666
vt 0.248503 0.437453
vt 0.279545 0.437462
vt 0.248487 0.468676
vt 0.310587 0.437471
vt 0.310570 0.468697
vt 0.279529 0.468685
vt 0.341622 0.437479
vt 0.341608 0.468710
vt 0.372657 0.437487
vt 0.403691 0.437497
vt 0.372644 0.468718
vt 0.434725 0.437507
vt 0.434711 0.468741
vt 0.403677 0.468728
vt 0.465755 0.437518
vt 0.465743 0.468754
vt 0.496786 0.437529
vt 0.527817 0.437544
vt 0.496773 0.468764
vt 0.558848 0.437558
vt 0.558837 0.468791
vt 0.527804 0.468779
vt 0.589882 0.437573
vt 0.589870 0.468804
vt 0.620915 0.437588
vt 0.651950 0.437605
vt 0.620903 0.468819
vt 0.682986 0.437622
vt 0.682977 0.468849
vt 0.651939 0.468836
vt 0.714028 0.437638
vt 0.714019 0.468861
vt 0.745069 0.437654
vt 0.776114 0.437670
vt 0.745060 0.468877
vt 0.807158 0.437685
vt 0.807151 0.468906
vt 0.776105 0.468893
vt 0.838205 0.437694
vt 0.838201 0.468918
vt 0.869252 0.437703
vt 0.900302 0.437704
vt 0.869248 0.468927
vt 0.931351 0.437705
vt 0.931341 0.468940
vt 0.900298 0.468928
vt 0.962381 0.437689
vt 0.962386 0.468953
vt 0.000100 0.499798
vt 0.031146 0.499811
vt 0.031136 0.531047
vt 0.000105 0.531062
vt 0.062191 0.499824
vt 0.093235 0.499837
vt 0.062181 0.531060
vt 0.124278 0.499849
vt 0.124274 0.531073
vt 0.093225 0.531072
vt 0.155328 0.499861
vt 0.155321 0.531082
vt 0.186378 0.499874
vt 0.217425 0.499887
vt 0.186371 0.531094
vt 0.248471 0.499899
vt 0.248462 0.531123
vt 0.217418 0.531107
vt 0.279512 0.499911
vt 0.279503 0.531138
vt 0.310553 0.499924
vt 0.341592 0.499937
vt 0.310544 0.531151
vt 0.372630 0.499950
vt 0.372618 0.531181
vt 0.341583 0.531164
vt 0.403663 0.499963
vt 0.403652 0.531196
vt 0.434696 0.499975
vt 0.465728 0.499987
vt 0.434685 0.531209
vt 0.496761 0.500000
vt 0.496749 0.531235
vt 0.465717 0.531221
vt 0.527794 0.500013
vt 0.527779 0.531247
vt 0.558826 0.500025
vt 0.589859 0.500037
vt 0.558812 0.531259
vt 0.620892 0.500050
vt 0.620878 0.531281
vt 0.589844 0.531272
vt 0.651930 0.500063
vt 0.651914 0.531290
vt 0.682969 0.500076
vt 0.714010 0.500088
vt 0.682952 0.531303
vt 0.745051 0.500101
vt 0.745035 0.531324
vt 0.713993 0.531315
vt 0.776098 0.500113
vt 0.776080 0.531334
vt 0.807144 0.500126
vt 0.838194 0.500139
vt 0.807126 0.531346
vt 0.869244 0.500151
vt 0.869223 0.531376
vt 0.838176 0.531359
vt 0.900288 0.500163
vt 0.900272 0.531399
vt 0.931331 0.500176
vt 0.962376 0.500189
vt 0.931315 0.531412
vt 0.993422 0.500202
vt 0.993392 0.531466
vt 0.962361 0.531425
vt 0.000110 0.562326
vt 0.031141 0.562311
vt 0.000115 0.593581
vt 0.062171 0.562295
vt 0.062187 0.593528
vt 0.031146 0.593566
vt 0.093221 0.562296
vt 0.093227 0.593518
vt 0.124270 0.562297
vt 0.155317 0.562306
vt 0.124277 0.593519
vt 0.186364 0.562315
vt 0.186367 0.593538
vt 0.155324 0.593528
vt 0.217409 0.562330
vt 0.217409 0.593553
vt 0.248453 0.562346
vt 0.279494 0.562362
vt 0.248453 0.593569
vt 0.310536 0.562378
vt 0.310530 0.593607
vt 0.279494 0.593585
vt 0.341572 0.562395
vt 0.341565 0.593627
vt 0.372607 0.562412
vt 0.403641 0.562427
vt 0.372600 0.593644
vt 0.434674 0.562442
vt 0.434664 0.593679
vt 0.403634 0.593659
vt 0.465705 0.562456
vt 0.465692 0.593693
vt 0.496736 0.562471
vt 0.527766 0.562482
vt 0.496723 0.593707
vt 0.558797 0.562493
vt 0.558782 0.593729
vt 0.527753 0.593718
vt 0.589831 0.562503
vt 0.589812 0.593735
vt 0.620865 0.562513
vt 0.651900 0.562521
vt 0.620845 0.593745
vt 0.682935 0.562529
vt 0.682915 0.593759
vt 0.651881 0.593753
vt 0.713977 0.562538
vt 0.713951 0.593762
vt 0.745019 0.562547
vt 0.776064 0.562557
vt 0.744993 0.593771
vt 0.807108 0.562567
vt 0.807079 0.593790
vt 0.776037 0.593781
vt 0.838154 0.562584
vt 0.838123 0.593805
vt 0.869201 0.562600
vt 0.900250 0.562624
vt 0.869169 0.593822
vt 0.931300 0.562648
vt 0.931259 0.593881
vt 0.900219 0.593846
vt 0.962330 0.562689
vt 0.962300 0.593943
vt 0.000120 0.624836
vt 0.031161 0.624799
vt 0.031179 0.656024
vt 0.000148 0.656075
vt 0.062202 0.624761
vt 0.093242 0.624751
vt 0.062220 0.655986
vt 0.124283 0.624741
vt 0.124298 0.655965
vt 0.093261 0.655976
vt 0.155327 0.624751
vt 0.155336 0.655972
vt 0.186370 0.624761
vt 0.217412 0.624776
vt 0.186379 0.655982
vt 0.248453 0.624792
vt 0.248455 0.656021
vt 0.217421 0.655998
vt 0.279489 0.624815
vt 0.279490 0.656044
vt 0.310525 0.624837
vt 0.341559 0.624856
vt 0.310526 0.656067
vt 0.372594 0.624876
vt 0.372588 0.656114
vt 0.341560 0.656087
vt 0.403624 0.624896
vt 0.403615 0.656134
vt 0.434653 0.624916
vt 0.465681 0.624930
vt 0.434645 0.656154
vt 0.496710 0.624943
vt 0.496697 0.656184
vt 0.465673 0.656168
vt 0.527739 0.624955
vt 0.527722 0.656193
vt 0.558768 0.624966
vt 0.589797 0.624972
vt 0.558751 0.656205
vt 0.620826 0.624977
vt 0.620808 0.656214
vt 0.589780 0.656210
vt 0.651860 0.624982
vt 0.651835 0.656213
vt 0.682895 0.624988
vt 0.713931 0.624991
vt 0.682869 0.656218
vt 0.744967 0.624994
vt 0.744940 0.656222
vt 0.713905 0.656221
vt 0.776009 0.625003
vt 0.775974 0.656225
vt 0.807051 0.625013
vt 0.838094 0.625028
vt 0.807016 0.656235
vt 0.869138 0.625044
vt 0.869097 0.656268
vt 0.838060 0.656250
vt 0.900178 0.625079
vt 0.900135 0.656304
vt 0.931218 0.625114
vt 0.962259 0.625177
vt 0.931175 0.656339
vt 0.993300 0.625239
vt 0.993246 0.656479
vt 0.962216 0.656402
vt 0.000177 0.687315
vt 0.031208 0.687263
vt 0.000201 0.718532
vt 0.062239 0.687211
vt 0.062261 0.718432
vt 0.031232 0.718480
vt 0.093277 0.687200
vt 0.093293 0.718419
vt 0.124314 0.687189
vt 0.155352 0.687196
vt 0.124330 0.718408
vt 0.186389 0.687204
vt 0.186397 0.718431
vt 0.155367 0.718416
vt 0.217423 0.687227
vt 0.217427 0.718454
vt 0.248458 0.687249
vt 0.279492 0.687273
vt 0.248462 0.718477
vt 0.310526 0.687297
vt 0.310522 0.718534
vt 0.279496 0.718500
vt 0.341554 0.687324
vt 0.341549 0.718563
vt 0.372581 0.687351
vt 0.403609 0.687371
vt 0.372576 0.718590
vt 0.434636 0.687392
vt 0.434626 0.718637
vt 0.403603 0.718611
vt 0.465661 0.687409
vt 0.465648 0.718654
vt 0.496685 0.687426
vt 0.527709 0.687434
vt 0.496673 0.718670
vt 0.558734 0.687443
vt 0.558719 0.718688
vt 0.527697 0.718679
vt 0.589761 0.687448
vt 0.589741 0.718687
vt 0.620789 0.687452
vt 0.651816 0.687450
vt 0.620768 0.718691
vt 0.682844 0.687448
vt 0.682822 0.718685
vt 0.651796 0.718689
vt 0.713878 0.687449
vt 0.713848 0.718677
vt 0.744912 0.687450
vt 0.775946 0.687453
vt 0.744883 0.718678
vt 0.806981 0.687456
vt 0.806948 0.718683
vt 0.775917 0.718681
vt 0.838019 0.687474
vt 0.837977 0.718693
vt 0.869056 0.687492
vt 0.900093 0.687528
vt 0.869015 0.718711
vt 0.931131 0.687564
vt 0.931084 0.718785
vt 0.900052 0.718747
vt 0.962162 0.687641
vt 0.962112 0.718858
vt 0.000226 0.749749
vt 0.031255 0.749701
vt 0.031269 0.780913
vt 0.000237 0.780947
vt 0.062283 0.749653
vt 0.093314 0.749640
vt 0.062298 0.780865
vt 0.124346 0.749628
vt 0.124350 0.780851
vt 0.093329 0.780852
vt 0.155375 0.749642
vt 0.155376 0.780867
vt 0.186404 0.749657
vt 0.217435 0.749681
vt 0.186406 0.780881
vt 0.248466 0.749704
vt 0.248460 0.780937
vt 0.217436 0.780905
vt 0.279492 0.749737
vt 0.279485 0.780974
vt 0.310518 0.749770
vt 0.341545 0.749799
vt 0.310511 0.781007
vt 0.372571 0.749829
vt 0.372559 0.781073
vt 0.341537 0.781036
vt 0.403593 0.749856
vt 0.403582 0.781103
vt 0.434615 0.749882
vt 0.465638 0.749898
vt 0.434604 0.781129
vt 0.496660 0.749915
vt 0.496647 0.781164
vt 0.465626 0.781146
vt 0.527682 0.749923
vt 0.527668 0.781171
vt 0.558704 0.749932
vt 0.589726 0.749931
vt 0.558690 0.781179
vt 0.620748 0.749930
vt 0.620735 0.781174
vt 0.589712 0.781178
vt 0.651775 0.749925
vt 0.651756 0.781163
vt 0.682801 0.749921
vt 0.713827 0.749914
vt 0.682783 0.781158
vt 0.744853 0.749906
vt 0.744835 0.781139
vt 0.713809 0.781150
vt 0.775884 0.749907
vt 0.775858 0.781132
vt 0.806915 0.749909
vt 0.837944 0.749920
vt 0.806888 0.781133
vt 0.868973 0.749930
vt 0.868944 0.781153
vt 0.837918 0.781144
vt 0.900005 0.749968
vt 0.899965 0.781180
vt 0.931036 0.750005
vt 0.962065 0.750078
vt 0.930997 0.781218
vt 0.993093 0.750152
vt 0.993057 0.781350
vt 0.962025 0.781291
vt 0.000248 0.812145
vt 0.031280 0.812111
vt 0.000246 0.843331
vt 0.062312 0.812077
vt 0.062298 0.843289
vt 0.031278 0.843297
vt 0.093333 0.812075
vt 0.093322 0.843295
vt 0.124354 0.812074
vt 0.155381 0.812090
vt 0.124343 0.843293
vt 0.186407 0.812105
vt 0.186388 0.843333
vt 0.155369 0.843309
vt 0.217430 0.812138
vt 0.217412 0.843369
vt 0.248453 0.812171
vt 0.279478 0.812207
vt 0.248435 0.843403
vt 0.310504 0.812244
vt 0.310481 0.843484
vt 0.279460 0.843439
vt 0.341525 0.812281
vt 0.341506 0.843527
vt 0.372547 0.812317
vt 0.403570 0.812347
vt 0.372528 0.843563
vt 0.434593 0.812376
vt 0.434575 0.843625
vt 0.403551 0.843593
vt 0.465613 0.812394
vt 0.465601 0.843647
vt 0.496634 0.812413
vt 0.527655 0.812420
vt 0.496621 0.843665
vt 0.558676 0.812427
vt 0.558668 0.843675
vt 0.527642 0.843673
vt 0.589699 0.812423
vt 0.589692 0.843669
vt 0.620722 0.812418
vt 0.651743 0.812406
vt 0.620715 0.843665
vt 0.682764 0.812395
vt 0.682762 0.843635
vt 0.651736 0.843653
vt 0.713790 0.812384
vt 0.713783 0.843616
vt 0.744816 0.812372
vt 0.775839 0.812365
vt 0.744809 0.843604
vt 0.806862 0.812357
vt 0.806855 0.843585
vt 0.775832 0.843597
vt 0.837888 0.812366
vt 0.837875 0.843586
vt 0.868914 0.812376
vt 0.899935 0.812403
vt 0.868901 0.843596
vt 0.930957 0.812430
vt 0.930946 0.843642
vt 0.899922 0.843623
vt 0.961989 0.812489
vt 0.961965 0.843675
vt 0.000244 0.874516
vt 0.031264 0.874509
vt 0.031234 0.905722
vt 0.000205 0.905710
vt 0.062283 0.874502
vt 0.093307 0.874507
vt 0.062254 0.905715
vt 0.124331 0.874512
vt 0.124293 0.905736
vt 0.093278 0.905720
vt 0.155349 0.874537
vt 0.155310 0.905761
vt 0.186368 0.874561
vt 0.217392 0.874598
vt 0.186329 0.905785
vt 0.248416 0.874634
vt 0.248369 0.905867
vt 0.217353 0.905822
vt 0.279437 0.874678
vt 0.279395 0.905918
vt 0.310458 0.874723
vt 0.341484 0.874766
vt 0.310416 0.905963
vt 0.372509 0.874810
vt 0.372470 0.906052
vt 0.341441 0.906006
vt 0.403533 0.874842
vt 0.403507 0.906093
vt 0.434557 0.874874
vt 0.465583 0.874896
vt 0.434531 0.906125
vt 0.496609 0.874918
vt 0.496596 0.906163
vt 0.465557 0.906147
vt 0.527635 0.874921
vt 0.527636 0.906173
vt 0.558661 0.874924
vt 0.589685 0.874918
vt 0.558661 0.906175
vt 0.620709 0.874911
vt 0.620722 0.906152
vt 0.589685 0.906169
vt 0.651734 0.874893
vt 0.651752 0.906133
vt 0.682760 0.874875
vt 0.713781 0.874856
vt 0.682777 0.906115
vt 0.744802 0.874836
vt 0.744823 0.906069
vt 0.713798 0.906095
vt 0.775826 0.874825
vt 0.775840 0.906049
vt 0.806849 0.874813
vt 0.837868 0.874814
vt 0.806863 0.906037
vt 0.868887 0.874815
vt 0.868899 0.906039
vt 0.837883 0.906038
vt 0.899911 0.874835
vt 0.899915 0.906048
vt 0.930934 0.874855
vt 0.961954 0.874887
vt 0.930938 0.906068
vt 0.992973 0.874919
vt 0.992987 0.906113
vt 0.961958 0.906100
vt 0.000167 0.936904
vt 0.031196 0.936916
vt 0.000133 0.968117
vt 0.062225 0.936928
vt 0.062179 0.968155
vt 0.031163 0.968128
vt 0.093240 0.936944
vt 0.093185 0.968166
vt 0.124255 0.936960
vt 0.155272 0.936984
vt 0.124200 0.968182
vt 0.186289 0.937009
vt 0.186215 0.968240
vt 0.155217 0.968207
vt 0.217305 0.937055
vt 0.217223 0.968284
vt 0.248322 0.937100
vt 0.279348 0.937151
vt 0.248239 0.968330
vt 0.310373 0.937203
vt 0.310290 0.968434
vt 0.279265 0.968382
vt 0.341403 0.937248
vt 0.341336 0.968490
vt 0.372432 0.937293
vt 0.403468 0.937335
vt 0.372365 0.968535
vt 0.434505 0.937377
vt 0.434462 0.968607
vt 0.403402 0.968577
vt 0.465544 0.937392
vt 0.465531 0.968638
vt 0.496583 0.937407
vt 0.527623 0.937417
vt 0.496571 0.968654
vt 0.558662 0.937427
vt 0.558679 0.968657
vt 0.527610 0.968663
vt 0.589698 0.937410
vt 0.589740 0.968652
vt 0.620735 0.937393
vt 0.651765 0.937374
vt 0.620776 0.968635
vt 0.682794 0.937354
vt 0.682851 0.968585
vt 0.651806 0.968616
vt 0.713820 0.937328
vt 0.713876 0.968558
vt 0.744845 0.937301
vt 0.775862 0.937281
vt 0.744902 0.968531
vt 0.806878 0.937261
vt 0.806927 0.968493
vt 0.775918 0.968511
vt 0.837895 0.937261
vt 0.837924 0.968484
vt 0.868912 0.937262
vt 0.899927 0.937271
vt 0.868941 0.968485
vt 0.930942 0.937281
vt 0.930962 0.968508
vt 0.899956 0.968494
vt 0.961971 0.937294
vt 0.961980 0.968507
vt 0.962000 0.999734
vt 0.930982 0.999735
vt 0.993017 0.999732
vt 0.993008 0.968520
vt 0.993000 0.937307
vt 0.899976 0.999721
vt 0.868971 0.999707
vt 0.837973 0.999715
vt 0.806976 0.999724
vt 0.775967 0.999743
vt 0.744959 0.999762
vt 0.713934 0.999789
vt 0.682909 0.999816
vt 0.651863 0.999847
vt 0.620817 0.999878
vt 0.589756 0.999883
vt 0.558696 0.999888
vt 0.527627 0.999894
vt 0.496558 0.999900
vt 0.465489 0.999869
vt 0.434420 0.999838
vt 0.403359 0.999807
vt 0.372299 0.999777
vt 0.341253 0.999721
vt 0.310207 0.999665
vt 0.279182 0.999613
vt 0.248157 0.999560
vt 0.217149 0.999516
vt 0.186141 0.999472
vt 0.155143 0.999438
vt 0.124145 0.999404
vt 0.093139 0.999393
vt 0.062134 0.999382
vt 0.031117 0.999355
vt 0.000100 0.999329
vt 0.992997 0.843733
vt 0.993020 0.812548
vt 0.993142 0.718935
vt 0.993192 0.687718
vt 0.993330 0.593984
vt 0.993361 0.562730
vt 0.993417 0.468938
vt 0.993412 0.437674
vt 0.993373 0.343925
vt 0.993344 0.312685
vt 0.993285 0.219053
vt 0.993274 0.187855
vt 0.993317 0.094290
vt 0.993355 0.063096
s 1
f 1/1/1 274/2/2 273/3/2
f 1/1/1 273/3/2 276/4/1
f 2/5/3 278/6/4 275/7/3
f 3/8/5 280/9/5 279/10/4
f 3/8/5 283/11/6 282/12/6
f 3/8/5 282/12/6 280/9/5
f 4/13/7 286/14/8 284/15/7
f 5/16/9 288/17/9 287/18/8
f 5/16/9 291/19/10 290/20/10
f 5/16/9 290/20/10 288/17/9
f 6/21/11 294/22/12 292/23/11
f 7/24/13 296/25/13 295/26/12
f 7/24/13 299/27/14 298/28/14
f 7/24/13 298/28/14 296/25/13
f 8/29/15 302/30/16 300/31/15
f 9/32/17 304/33/17 303/34/16
f 9/32/17 307/35/18 306/36/18
f 9/32/17 306/36/18 304/33/17
f 10/37/19 310/38/20 308/39/19
f 11/40/21 312/41/21 311/42/20
f 11/40/21 315/43/22 314/44/22
f 11/40/21 314/44/22 312/41/21
f 12/45/23 318/46/24 316/47/23
f 13/48/25 320/49/25 319/50/24
f 13/48/25 323/51/26 322/52/26
f 13/48/25 322/52/26 320/49/25
f 14/53/27 326/54/28 324/55/27
f 15/56/29 328/57/29 327/58/28
f 15/56/29 331/59/30 330/60/30
f 15/56/29 330/60/30 328/57/29
f 16/61/31 334/62/32 332/63/31
f 1/64/1 276/65/1 335/66/32
f 17/67/1 277/68/2 337/69/1
f 18/70/3 339/71/3 338/72/2
f 18/70/3 281/73/4 341/74/4
f 18/70/3 341/74/4 339/71/3
f 19/75/5 285/76/6 342/77/5
f 20/78/7 345/79/7 344/80/6
f 20/78/7 289/81/8 347/82/8
f 20/78/7 347/82/8 345/79/7
f 21/83/9 293/84/10 348/85/9
f 22/86/11 351/87/11 350/88/10
f 22/86/11 297/89/12 353/90/12
f 22/86/11 353/90/12 351/87/11
f 23/91/13 301/92/14 354/93/13
f 24/94/15 357/95/15 356/96/14
f 24/94/15 305/97/16 359/98/16
f 24/94/15 359/98/16 357/95/15
f 25/99/17 309/100/18 360/101/17
f 26/102/19 363/103/19 362/104/18
f 26/102/19 313/105/20 365/106/20
f 26/102/19 365/106/20 363/103/19
f 27/107/21 317/108/22 366/109/21
f 28/110/23 369/111/23 368/112/22
f 28/110/23 321/113/24 371/114/24
f 28/110/23 371/114/24 369/111/23
f 29/115/25 325/116/26 372/117/25
f 30/118/27 375/119/27 374/120/26
f 30/118/27 329/121/28 377/122/28
f 30/118/27 377/122/28 375/119/27
f 31/123/29 333/124/30 378/125/29
f 32/126/31 381/127/31 380/128/30
f 32/126/31 336/129/32 383/130/32
f 32/126/31 383/130/32 381/127/31
f 48/131/1 340/132/2 385/133/2
f 48/131/1 385/133/2 387/134/1
f 33/135/3 343/136/4 386/137/3
f 34/138/5 390/139/5 389/140/4
f 34/138/5 346/141/6 392/142/6
f 34/138/5 392/142/6 390/139/5
f 35/143/7 349/144/8 393/145/7
f 36/146/9 396/147/9 395/148/8
f 36/146/9 352/149/10 398/150/10
f 36/146/9 398/150/10 396/147/9
f 37/151/11 355/152/12 399/153/11
f 38/154/13 402/155/13 401/156/12
f 38/154/13 358/157/14 404/158/14
f 38/154/13 404/158/14 402/155/13
f 39/159/15 361/160/16 405/161/15
f 40/162/17 408/163/17 407/164/16
f 40/162/17 364/165/18 410/166/18
f 40/162/17 410/166/18 408/163/17
f 41/167/19 367/168/20 411/169/19
f 42/170/21 414/171/21 413/172/20
f 42/170/21 370/173/22 416/174/22
f 42/170/21 416/174/22 414/171/21
f 43/175/23 373/176/24 417/177/23
f 44/178/25 420/179/25 419/180/24
f 44/178/25 376/181/26 422/182/26
f 44/178/25 422/182/26 420/179/25
f 45/183/27 379/184/28 423/185/27
f 46/186/29 426/187/29 425/188/28
f 46/186/29 382/189/30 428/190/30
f 46/186/29 428/190/30 426/187/29
f 47/191/31 384/192/32 429/193/31
f 48/194/1 387/195/1 431/196/32
f 49/197/1 388/198/2 433/199/1
f 50/200/3 435/201/3 434/202/2
f 50/200/3 391/203/4 437/204/4
f 50/200/3 437/204/4 435/201/3
f 51/205/5 394/206/6 438/207/5
f 52/208/7 441/209/7 440/210/6
f 52/208/7 397/211/8 443/212/8
f 52/208/7 443/212/8 441/209/7
f 53/213/9 400/214/10 444/215/9
f 54/216/11 447/217/11 446/218/10
f 54/216/11 403/219/12 449/220/12
f 54/216/11 449/220/12 447/217/11
f 55/221/13 406/222/14 450/223/13
f 56/224/15 453/225/15 452/226/14
f 56/224/15 409/227/16 455/228/16
f 56/224/15 455/228/16 453/225/15
f 57/229/17 412/230/18 456/231/17
f 58/232/19 459/233/19 458/234/18
f 58/232/19 415/235/20 461/236/20
f 58/232/19 461/236/20 459/233/19
f 59/237/21 418/238/22 462/239/21
f 60/240/23 465/241/23 464/242/22
f 60/240/23 421/243/24 467/244/24
f 60/240/23 467/244/24 465/241/23
f 61/245/25 424/246/26 468/247/25
f 62/248/27 471/249/27 470/250/26
f 62/248/27 427/251/28 473/252/28
f 62/248/27 473/252/28 471/249/27
f 63/253/29 430/254/30 474/255/29
f 64/256/31 477/257/31 476/258/30
f 64/256/31 432/259/32 479/260/32
f 64/256/31 479/260/32 477/257/31
f 65/261/1 436/262/2 481/263/2
f 65/261/1 481/263/2 483/264/1
f 66/265/3 439/266/4 482/267/3
f 67/268/5 486/269/5 485/270/4
f 67/268/5 442/271/6 488/272/6
f 67/268/5 488/272/6 486/269/5
f 68/273/7 445/274/8 489/275/7
f 69/276/9 492/277/9 491/278/8
f 69/276/9 448/279/10 494/280/10
f 69/276/9 494/280/10 492/277/9
f 70/281/11 451/282/12 495/283/11
f 71/284/13 498/285/13 497/286/12
f 71/284/13 454/287/14 500/288/14
f 71/284/13 500/288/14 498/285/13
f 72/289/15 457/290/16 501/291/15
f 73/292/17 504/293/17 503/294/16
f 73/292/17 460/295/18 506/296/18
f 73/292/17 506/296/18 504/293/17
f 74/297/19 463/298/20 507/299/19
f 75/300/21 510/301/21 509/302/20
f 75/300/21 466/303/22 512/304/22
f 75/300/21 512/304/22 510/301/21
f 76/305/23 469/306/24 513/307/23
f 77/308/25 516/309/25 515/310/24
f 77/308/25 472/311/26 518/312/26
f 77/308/25 518/312/26 516/309/25
f 78/313/27 475/314/28 519/315/27
f 79/316/29 522/317/29 521/318/28
f 79/316/29 478/319/30 524/320/30
f 79/316/29 524/320/30 522/317/29
f 80/321/31 480/322/32 525/323/31
f 65/324/1 483/325/1 527/326/32
f 96/327/1 484/328/2 529/329/1
f 81/330/3 531/331/3 530/332/2
f 81/330/3 487/333/4 533/334/4
f 81/330/3 533/334/4 531/331/3
f 82/335/5 490/336/6 534/337/5
f 83/338/7 537/339/7 536/340/6
f 83/338/7 493/341/8 539/342/8
f 83/338/7 539/342/8 537/339/7
f 84/343/9 496/344/10 540/345/9
f 85/346/11 543/347/11 542/348/10
f 85/346/11 499/349/12 545/350/12
f 85/346/11 545/350/12 543/347/11
f 86/351/13 502/352/14 546/353/13
f 87/354/15 549/355/15 548/356/14
f 87/354/15 505/357/16 551/358/16
f 87/354/15 551/358/16 549/355/15
f 88/359/17 508/360/18 552/361/17
f 89/362/19 555/363/19 554/364/18
f 89/362/19 511/365/20 557/366/20
f 89/362/19 557/366/20 555/363/19
f 90/367/21 514/368/22 558/369/21
f 91/370/23 561/371/23 560/372/22
f 91/370/23 517/373/24 563/374/24
f 91/370/23 563/374/24 561/371/23
f 92/375/25 520/376/26 564/377/25
f 93/378/27 567/379/27 566/380/26
f 93/378/27 523/381/28 569/382/28
f 93/378/27 569/382/28 567/379/27
f 94/383/29 526/384/30 570/385/29
f 95/386/31 573/387/31 572/388/30
f 95/386/31 528/389/32 575/390/32
f 95/386/31 575/390/32 573/387/31
f 112/391/1 532/392/2 577/393/2
f 112/391/1 577/393/2 579/394/1
f 97/395/3 535/396/4 578/397/3
f 98/398/5 582/399/5 581/400/4
f 98/398/5 538/401/6 584/402/6
f 98/398/5 584/402/6 582/399/5
f 99/403/7 541/404/8 585/405/7
f 100/406/9 588/407/9 587/408/8
f 100/406/9 544/409/10 590/410/10
f 100/406/9 590/410/10 588/407/9
f 101/411/11 547/412/12 591/413/11
f 102/414/13 594/415/13 593/416/12
f 102/414/13 550/417/14 596/418/14
f 102/414/13 596/418/14 594/415/13
f 103/419/15 553/420/16 597/421/15
f 104/422/17 600/423/17 599/424/16
f 104/422/17 556/425/18 602/426/18
f 104/422/17 602/426/18 600/423/17
f 105/427/19 559/428/20 603/429/19
f 106/430/21 606/431/21 605/432/20
f 106/430/21 562/433/22 608/434/22
f 106/430/21 608/434/22 606/431/21
f 107/435/23 565/436/24 609/437/23
f 108/438/25 612/439/25 611/440/24
f 108/438/25 568/441/26 614/442/26
f 108/438/25 614/442/26 612/439/25
f 109/443/27 571/444/28 615/445/27
f 110/446/29 618/447/29 617/448/28
f 110/446/29 574/449/30 620/450/30
f 110/446/29 620/450/30 618/447/29
f 111/451/31 576/452/32 621/453/31
f 112/454/1 579/455/1 623/456/32
f 128/457/1 580/458/2 625/459/1
f 113/460/3 627/461/3 626/462/2
f 113/460/3 583/463/4 629/464/4
f 113/460/3 629/464/4 627/461/3
f 114/465/5 586/466/6 630/467/5
f 115/468/7 633/469/7 632/470/6
f 115/468/7 589/471/8 635/472/8
f 115/468/7 635/472/8 633/469/7
f 116/473/9 592/474/10 636/475/9
f 117/476/11 639/477/11 638/478/10
f 117/476/11 595/479/12 641/480/12
f 117/476/11 641/480/12 639/477/11
f 118/481/13 598/482/14 642/483/13
f 119/484/15 645/485/15 644/486/14
f 119/484/15 601/487/16 647/488/16
f 119/484/15 647/488/16 645/485/15
f 120/489/17 604/490/18 648/491/17
f 121/492/19 651/493/19 650/494/18
f 121/492/19 607/495/20 653/496/20
f 121/492/19 653/496/20 651/493/19
f 122/497/21 610/498/22 654/499/21
f 123/500/23 657/501/23 656/502/22
f 123/500/23 613/503/24 659/504/24
f 123/500/23 659/504/24 657/501/23
f 124/505/25 616/506/26 660/507/25
f 125/508/27 663/509/27 662/510/26
f 125/508/27 619/511/28 665/512/28
f 125/508/27 665/512/28 663/509/27
f 126/513/29 622/514/30 666/515/29
f 127/516/31 669/517/31 668/518/30
f 127/516/31 624/519/32 671/520/32
f 127/516/31 671/520/32 669/517/31
f 144/521/1 628/522/2 673/523/2
f 144/521/1 673/523/2 675/524/1
f 129/525/3 631/526/4 674/527/3
f 130/528/5 678/529/5 677/530/4
f 130/528/5 634/531/6 680/532/6
f 130/528/5 680/532/6 678/529/5
f 131/533/7 637/534/8 681/535/7
f 132/536/9 684/537/9 683/538/8
f 132/536/9 640/539/10 686/540/10
f 132/536/9 686/540/10 684/537/9
f 133/541/11 643/542/12 687/543/11
f 134/544/13 690/545/13 689/546/12
f 134/544/13 646/547/14 692/548/14
f 134/544/13 692/548/14 690/545/13
f 135/549/15 649/550/16 693/551/15
f 136/552/17 696/553/17 695/554/16
f 136/552/17 652/555/18 698/556/18
f 136/552/17 698/556/18 696/553/17
f 137/557/19 655/558/20 699/559/19
f 138/560/21 702/561/21 701/562/20
f 138/560/21 658/563/22 704/564/22
f 138/560/21 704/564/22 702/561/21
f 139/565/23 661/566/24 705/567/23
f 140/568/25 708/569/25 707/570/24
f 140/568/25 664/571/26 710/572/26
f 140/568/25 710/572/26 708/569/25
f 141/573/27 667/574/28 711/575/27
f 142/576/29 714/577/29 713/578/28
f 142/576/29 670/579/30 716/580/30
f 142/576/29 716/580/30 714/577/29
f 143/581/31 672/582/32 717/583/31
f 144/584/1 675/585/1 719/586/32
f 145/587/1 676/588/2 721/589/1
f 146/590/3 723/591/3 722/592/2
f 146/590/3 679/593/4 725/594/4
f 146/590/3 725/594/4 723/591/3
f 147/595/5 682/596/6 726/597/5
f 148/598/7 729/599/7 728/600/6
f 148/598/7 685/601/8 731/602/8
f 148/598/7 731/602/8 729/599/7
f 149/603/9 688/604/10 732/605/9
f 150/606/11 735/607/11 734/608/10
f 150/606/11 691/609/12 737/610/12
f 150/606/11 737/610/12 735/607/11
f 151/611/13 694/612/14 738/613/13
f 152/614/15 741/615/15 740/616/14
f 152/614/15 697/617/16 743/618/16
f 152/614/15 743/618/16 741/615/15
f 153/619/17 700/620/18 744/621/17
f 154/622/19 747/623/19 746/624/18
f 154/622/19 703/625/20 749/626/20
f 154/622/19 749/626/20 747/623/19
f 155/627/21 706/628/22 750/629/21
f 156/630/23 753/631/23 752/632/22
f 156/630/23 709/633/24 755/634/24
f 156/630/23 755/634/24 753/631/23
f 157/635/25 712/636/26 756/637/25
f 158/638/27 759/639/27 758/640/26
f 158/638/27 715/641/28 761/642/28
f 158/638/27 761/642/28 759/639/27
f 159/643/29 718/644/30 762/645/29
f 160/646/31 765/647/31 764/648/30
f 160/646/31 720/649/32 767/650/32
f 160/646/31 767/650/32 765/647/31
f 176/651/1 724/652/2 769/653/2
f 176/651/1 769/653/2 771/654/1
f 161/655/3 727/656/4 770/657/3
f 162/658/5 774/659/5 773/660/4
f 162/658/5 730/661/6 776/662/6
f 162/658/5 776/662/6 774/659/5
f 163/663/7 733/664/8 777/665/7
f 164/666/9 780/667/9 779/668/8
f 164/666/9 736/669/10 782/670/10
f 164/666/9 782/670/10 780/667/9
f 165/671/11 739/672/12 783/673/11
f 166/674/13 786/675/13 785/676/12
f 166/674/13 742/677/14 788/678/14
f 166/674/13 788/678/14 786/675/13
f 167/679/15 745/680/16 789/681/15
f 168/682/17 792/683/17 791/684/16
f 168/682/17 748/685/18 794/686/18
f 168/682/17 794/686/18 792/683/17
f 169/687/19 751/688/20 795/689/19
f 170/690/21 798/691/21 797/692/20
f 170/690/21 754/693/22 800/694/22
f 170/690/21 800/694/22 798/691/21
f 171/695/23 757/696/24 801/697/23
f 172/698/25 804/699/25 803/700/24
f 172/698/25 760/701/26 806/702/26
f 172/698/25 806/702/26 804/699/25
f 173/703/27 763/704/28 807/705/27
f 174/706/29 810/707/29 809/708/28
f 174/706/29 766/709/30 812/710/30
f 174/706/29 812/710/30 810/707/29
f 175/711/31 768/712/32 813/713/31
f 176/714/1 771/715/1 815/716/32
f 177/717/1 772/718/2 817/719/1
f 178/720/3 819/721/3 818/722/2
f 178/720/3 775/723/4 821/724/4
f 178/720/3 821/724/4 819/721/3
f 179/725/5 778/726/6 822/727/5
f 180/728/7 825/729/7 824/730/6
f 180/728/7 781/731/8 827/732/8
f 180/728/7 827/732/8 825/729/7
f 181/733/9 784/734/10 828/735/9
f 182/736/11 831/737/11 830/738/10
f 182/736/11 787/739/12 833/740/12
f 182/736/11 833/740/12 831/737/11
f 183/741/13 790/742/14 834/743/13
f 184/744/15 837/745/15 836/746/14
f 184/744/15 793/747/16 839/748/16
f 184/744/15 839/748/16 837/745/15
f 185/749/17 796/750/18 840/751/17
f 186/752/19 843/753/19 842/754/18
f 186/752/19 799/755/20 845/756/20
f 186/752/19 845/756/20 843/753/19
f 187/757/21 802/758/22 846/759/21
f 188/760/23 849/761/23 848/762/22
f 188/760/23 805/763/24 851/764/24
f 188/760/23 851/764/24 849/761/23
f 189/765/25 808/766/26 852/767/25
f 190/768/27 855/769/27 854/770/26
f 190/768/27 811/771/28 857/772/28
f 190/768/27 857/772/28 855/769/27
f 191/773/29 814/774/30 858/775/29
f 192/776/31 861/777/31 860/778/30
f 192/776/31 816/779/32 863/780/32
f 192/776/31 863/780/32 861/777/31
f 193/781/1 820/782/2 865/783/2
f 193/781/1 865/783/2 867/784/1
f 194/785/3 823/786/4 866/787/3
f 195/788/5 870/789/5 869/790/4
f 195/788/5 826/791/6 872/792/6
f 195/788/5 872/792/6 870/789/5
f 196/793/7 829/794/8 873/795/7
f 197/796/9 876/797/9 875/798/8
f 197/796/9 832/799/10 878/800/10
f 197/796/9 878/800/10 876/797/9
f 198/801/11 835/802/12 879/803/11
f 199/804/13 882/805/13 881/806/12
f 199/804/13 838/807/14 884/808/14
f 199/804/13 884/808/14 882/805/13
f 200/809/15 841/810/16 885/811/15
f 201/812/17 888/813/17 887/814/16
f 201/812/17 844/815/18 890/816/18
f 201/812/17 890/816/18 888/813/17
f 202/817/19 847/818/20 891/819/19
f 203/820/21 894/821/21 893/822/20
f 203/820/21 850/823/22 896/824/22
f 203/820/21 896/824/22 894/821/21
f 204/825/23 853/826/24 897/827/23
f 205/828/25 900/829/25 899/830/24
f 205/828/25 856/831/26 902/832/26
f 205/828/25 902/832/26 900/829/25
f 206/833/27 859/834/28 903/835/27
f 207/836/29 906/837/29 905/838/28
f 207/836/29 862/839/30 908/840/30
f 207/836/29 908/840/30 906/837/29
f 208/841/31 864/842/32 909/843/31
f 193/844/1 867/845/1 911/846/32
f 224/847/1 868/848/2 913/849/1
f 209/850/3 915/851/3 914/852/2
f 209/850/3 871/853/4 917/854/4
f 209/850/3 917/854/4 915/851/3
f 210/855/5 874/856/6 918/857/5
f 211/858/7 921/859/7 920/860/6
f 211/858/7 877/861/8 923/862/8
f 211/858/7 923/862/8 921/859/7
f 212/863/9 880/864/10 924/865/9
f 213/866/11 927/867/11 926/868/10
f 213/866/11 883/869/12 929/870/12
f 213/866/11 929/870/12 927/867/11
f 214/871/13 886/872/14 930/873/13
f 215/874/15 933/875/15 932/876/14
f 215/874/15 889/877/16 935/878/16
f 215/874/15 935/878/16 933/875/15
f 216/879/17 892/880/18 936/881/17
f 217/882/19 939/883/19 938/884/18
f 217/882/19 895/885/20 941/886/20
f 217/882/19 941/886/20 939/883/19
f 218/887/21 898/888/22 942/889/21
f 219/890/23 945/891/23 944/892/22
f 219/890/23 901/893/24 947/894/24
f 219/890/23 947/894/24 945/891/23
f 220/895/25 904/896/26 948/897/25
f 221/898/27 951/899/27 950/900/26
f 221/898/27 907/901/28 953/902/28
f 221/898/27 953/902/28 951/899/27
f 222/903/29 910/904/30 954/905/29
f 223/906/31 957/907/31 956/908/30
f 223/906/31 912/909/32 959/910/32
f 223/906/31 959/910/32 957/907/31
f 240/911/1 916/912/2 961/913/2
f 240/911/1 961/913/2 963/914/1
f 225/915/3 919/916/4 962/917/3
f 226/918/5 966/919/5 965/920/4
f 226/918/5 922/921/6 968/922/6
f 226/918/5 968/922/6 966/919/5
f 227/923/7 925/924/8 969/925/7
f 228/926/9 972/927/9 971/928/8
f 228/926/9 928/929/10 974/930/10
f 228/926/9 974/930/10 972/927/9
f 229/931/11 931/932/12 975/933/11
f 230/934/13 978/935/13 977/936/12
f 230/934/13 934/937/14 980/938/14
f 230/934/13 980/938/14 978/935/13
f 231/939/15 937/940/16 981/941/15
f 232/942/17 984/943/17 983/944/16
f 232/942/17 940/945/18 986/946/18
f 232/942/17 986/946/18 984/943/17
f 233/947/19 943/948/20 987/949/19
f 234/950/21 990/951/21 989/952/20
f 234/950/21 946/953/22 992/954/22
f 234/950/21 992/954/22 990/951/21
f 235/955/23 949/956/24 993/957/23
f 236/958/25 996/959/25 995/960/24
f 236/958/25 952/961/26 998/962/26
f 236/958/25 998/962/26 996/959/25
f 237/963/27 955/964/28 999/965/27
f 238/966/29 1002/967/29 1001/968/28
f 238/966/29 958/969/30 1004/970/30
f 238/966/29 1004/970/30 1002/967/29
f 239/971/31 960/972/32 1005/973/31
f 240/974/1 963/975/1 1007/976/32
f 256/977/1 964/978/2 1009/979/1
f 241/980/3 1011/981/3 1010/982/2
f 241/980/3 967/983/4 1013/984/4
f 241/980/3 1013/984/4 1011/981/3
f 242/985/5 970/986/6 1014/987/5
f 243/988/7 1017/989/7 1016/990/6
f 243/988/7 973/991/8 1019/992/8
f 243/988/7 1019/992/8 1017/989/7
f 244/993/9 976/994/10 1020/995/9
f 245/996/11 1023/997/11 1022/998/10
f 245/996/11 979/999/12 1025/1000/12
f 245/996/11 1025/1000/12 1023/997/11
f 246/1001/13 982/1002/14 1026/1003/13
f 247/1004/15 1029/1005/15 1028/1006/14
f 247/1004/15 985/1007/16 1031/1008/16
f 247/1004/15 1031/1008/16 1029/1005/15
f 248/1009/17 988/1010/18 1032/1011/17
f 249/1012/19 1035/1013/19 1034/1014/18
f 249/1012/19 991/1015/20 1037/1016/20
f 249/1012/19 1037/1016/20 1035/1013/19
f 250/1017/21 994/1018/22 1038/1019/21
f 251/1020/23 1041/1021/23 1040/1022/22
f 251/1020/23 997/1023/24 1043/1024/24
f 251/1020/23 1043/1024/24 1041/1021/23
f 252/1025/25 1000/1026/26 1044/1027/25
f 253/1028/27 1047/1029/27 1046/1030/26
f 253/1028/27 1003/1031/28 1049/1032/28
f 253/1028/27 1049/1032/28 1047/1029/27
f 254/1033/29 1006/1034/30 1050/1035/29
f 255/1036/31 1053/1037/31 1052/1038/30
f 255/1036/31 1008/1039/32 1055/1040/32
f 255/1036/31 1055/1040/32 1053/1037/31
f 1053/1037/31 1056/1041/32 272/1042/31
f 1053/1037/31 1055/1040/32 1056/1041/32
f 1055/1040/32 257/1043/1 1056/1041/32
f 1055/1040/32 1009/1044/1 257/1043/1
f 1055/1040/32 1008/1039/32 1009/1044/1
f 1008/1039/32 256/1045/1 1009/1044/1
f 1052/1038/30 1054/1046/30 271/1047/29
f 1052/1038/30 1053/1037/31 1054/1046/30
f 1053/1037/31 272/1042/31 1054/1046/30
f 1050/1035/29 1052/1038/30 271/1047/29
f 1050/1035/29 1006/1034/30 1052/1038/30
f 1006/1034/30 255/1036/31 1052/1038/30
f 1047/1029/27 1051/1048/28 270/1049/27
f 1047/1029/27 1049/1032/28 1051/1048/28
f 1049/1032/28 271/1047/29 1051/1048/28
f 1049/1032/28 1050/1035/29 271/1047/29
f 1049/1032/28 1003/1031/28 1050/1035/29
f 1003/1031/28 254/1033/29 1050/1035/29
f 1046/1030/26 1048/1050/26 269/1051/25
f 1046/1030/26 1047/1029/27 1048/1050/26
f 1047/1029/27 270/1049/27 1048/1050/26
f 1044/1027/25 1046/1030/26 269/1051/25
f 1044/1027/25 1000/1026/26 1046/1030/26
f 1000/1026/26 253/1028/27 1046/1030/26
f 1041/1021/23 1045/1052/24 268/1053/23
f 1041/1021/23 1043/1024/24 1045/1052/24
f 1043/1024/24 269/1051/25 1045/1052/24
f 1043/1024/24 1044/1027/25 269/1051/25
f 1043/1024/24 997/1023/24 1044/1027/25
f 997/1023/24 252/1025/25 1044/1027/25
f 1040/1022/22 1042/1054/22 267/1055/21
f 1040/1022/22 1041/1021/23 1042/1054/22
f 1041/1021/23 268/1053/23 1042/1054/22
f 1038/1019/21 1040/1022/22 267/1055/21
f 1038/1019/21 994/1018/22 1040/1022/22
f 994/1018/22 251/1020/23 1040/1022/22
f 1035/1013/19 1039/1056/20 266/1057/19
f 1035/1013/19 1037/1016/20 1039/1056/20
f 1037/1016/20 267/1055/21 1039/1056/20
f 1037/1016/20 1038/1019/21 267/1055/21
f 1037/1016/20 991/1015/20 1038/1019/21
f 991/1015/20 250/1017/21 1038/1019/21
f 1034/1014/18 1036/1058/18 265/1059/17
f 1034/1014/18 1035/1013/19 1036/1058/18
f 1035/1013/19 266/1057/19 1036/1058/18
f 1032/1011/17 1034/1014/18 265/1059/17
f 1032/1011/17 988/1010/18 1034/1014/18
f 988/1010/18 249/1012/19 1034/1014/18
f 1029/1005/15 1033/1060/16 264/1061/15
f 1029/1005/15 1031/1008/16 1033/1060/16
f 1031/1008/16 265/1059/17 1033/1060/16
f 1031/1008/16 1032/1011/17 265/1059/17
f 1031/1008/16 985/1007/16 1032/1011/17
f 985/1007/16 248/1009/17 1032/1011/17
f 1028/1006/14 1030/1062/14 263/1063/13
f 1028/1006/14 1029/1005/15 1030/1062/14
f 1029/1005/15 264/1061/15 1030/1062/14
f 1026/1003/13 1028/1006/14 263/1063/13
f 1026/1003/13 982/1002/14 1028/1006/14
f 982/1002/14 247/1004/15 1028/1006/14
f 1023/997/11 1027/1064/12 262/1065/11
f 1023/997/11 1025/1000/12 1027/1064/12
f 1025/1000/12 263/1063/13 1027/1064/12
f 1025/1000/12 1026/1003/13 263/1063/13
f 1025/1000/12 979/999/12 1026/1003/13
f 979/999/12 246/1001/13 1026/1003/13
f 1022/998/10 1024/1066/10 261/1067/9
f 1022/998/10 1023/997/11 1024/1066/10
f 1023/997/11 262/1065/11 1024/1066/10
f 1020/995/9 1022/998/10 261/1067/9
f 1020/995/9 976/994/10 1022/998/10
f 976/994/10 245/996/11 1022/998/10
f 1017/989/7 1021/1068/8 260/1069/7
f 1017/989/7 1019/992/8 1021/1068/8
f 1019/992/8 261/1067/9 1021/1068/8
f 1019/992/8 1020/995/9 261/1067/9
f 1019/992/8 973/991/8 1020/995/9
f 973/991/8 244/993/9 1020/995/9
f 1016/990/6 1018/1070/6 259/1071/5
f 1016/990/6 1017/989/7 1018/1070/6
f 1017/989/7 260/1069/7 1018/1070/6
f 1014/987/5 1016/990/6 259/1071/5
f 1014/987/5 970/986/6 1016/990/6
f 970/986/6 243/988/7 1016/990/6
f 1011/981/3 1015/1072/4 258/1073/3
f 1011/981/3 1013/984/4 1015/1072/4
f 1013/984/4 259/1071/5 1015/1072/4
f 1013/984/4 1014/987/5 259/1071/5
f 1013/984/4 967/983/4 1014/987/5
f 967/983/4 242/985/5 1014/987/5
f 1010/982/2 1012/1074/2 257/1075/1
f 1010/982/2 1011/981/3 1012/1074/2
f 1011/981/3 258/1073/3 1012/1074/2
f 1009/979/1 1010/982/2 257/1075/1
f 1009/979/1 964/978/2 1010/982/2
f 964/978/2 241/980/3 1010/982/2
f 1007/976/32 1008/1039/32 255/1036/31
f 1007/976/32 963/975/1 1008/1039/32
f 963/975/1 256/1045/1 1008/1039/32
f 1005/973/31 1007/976/32 255/1036/31
f 1005/973/31 960/972/32 1007/976/32
f 960/972/32 240/974/1 1007/976/32
f 1002/967/29 1006/1034/30 254/1033/29
f 1002/967/29 1004/970/30 1006/1034/30
f 1004/970/30 255/1036/31 1006/1034/30
f 1004/970/30 1005/973/31 255/1036/31
f 1004/970/30 958/969/30 1005/973/31
f 958/969/30 239/971/31 1005/973/31
f 1001/968/28 1003/1031/28 253/1028/27
f 1001/968/28 1002/967/29 1003/1031/28
f 1002/967/29 254/1033/29 1003/1031/28
f 999/965/27 1001/968/28 253/1028/27
f 999/965/27 955/964/28 1001/968/28
f 955/964/28 238/966/29 1001/968/28
f 996/959/25 1000/1026/26 252/1025/25
f 996/959/25 998/962/26 1000/1026/26
f 998/962/26 253/1028/27 1000/1026/26
f 998/962/26 999/965/27 253/1028/27
f 998/962/26 952/961/26 999/965/27
f 952/961/26 237/963/27 999/965/27
f 995/960/24 997/1023/24 251/1020/23
f 995/960/24 996/959/25 997/1023/24
f 996/959/25 252/1025/25 997/1023/24
f 993/957/23 995/960/24 251/1020/23
f 993/957/23 949/956/24 995/960/24
f 949/956/24 236/958/25 995/960/24
f 990/951/21 994/1018/22 250/1017/21
f 990/951/21 992/954/22 994/1018/22
f 992/954/22 251/1020/23 994/1018/22
f 992/954/22 993/957/23 251/1020/23
f 992/954/22 946/953/22 993/957/23
f 946/953/22 235/955/23 993/957/23
f 989/952/20 991/1015/20 249/1012/19
f 989/952/20 990/951/21 991/1015/20
f 990/951/21 250/1017/21 991/1015/20
f 987/949/19 989/952/20 249/1012/19
f 987/949/19 943/948/20 989/952/20
f 943/948/20 234/950/21 989/952/20
f 984/943/17 988/1010/18 248/1009/17
f 984/943/17 986/946/18 988/1010/18
f 986/946/18 249/1012/19 988/1010/18
f 986/946/18 987/949/19 249/1012/19
f 986/946/18 940/945/18 987/949/19
f 940/945/18 233/947/19 987/949/19
f 983/944/16 985/1007/16 247/1004/15
f 983/944/16 984/943/17 985/1007/16
f 984/943/17 248/1009/17 985/1007/16
f 981/941/15 983/944/16 247/1004/15
f 981/941/15 937/940/16 983/944/16
f 937/940/16 232/942/17 983/944/16
f 978/935/13 982/1002/14 246/1001/13
f 978/935/13 980/938/14 982/1002/14
f 980/938/14 247/1004/15 982/1002/14
f 980/938/14 981/941/15 247/1004/15
f 980/938/14 934/937/14 981/941/15
f 934/937/14 231/939/15 981/941/15
f 977/936/12 979/999/12 245/996/11
f 977/936/12 978/935/13 979/999/12
f 978/935/13 246/1001/13 979/999/12
f 975/933/11 977/936/12 245/996/11
f 975/933/11 931/932/12 977/936/12
f 931/932/12 230/934/13 977/936/12
f 972/927/9 976/994/10 244/993/9
f 972/927/9 974/930/10 976/994/10
f 974/930/10 245/996/11 976/994/10
f 974/930/10 975/933/11 245/996/11
f 974/930/10 928/929/10 975/933/11
f 928/929/10 229/931/11 975/933/11
f 971/928/8 973/991/8 243/988/7
f 971/928/8 972/927/9 973/991/8
f 972/927/9 244/993/9 973/991/8
f 969/925/7 971/928/8 243/988/7
f 969/925/7 925/924/8 971/928/8
f 925/924/8 228/926/9 971/928/8
f 966/919/5 970/986/6 242/985/5
f 966/919/5 968/922/6 970/986/6
f 968/922/6 243/988/7 970/986/6
f 968/922/6 969/925/7 243/988/7
f 968/922/6 922/921/6 969/925/7
f 922/921/6 227/923/7 969/925/7
f 965/920/4 967/983/4 241/980/3
f 965/920/4 966/919/5 967/983/4
f 966/919/5 242/985/5 967/983/4
f 962/917/3 965/920/4 241/980/3
f 962/917/3 919/916/4 965/920/4
f 919/916/4 226/918/5 965/920/4
f 963/914/1 964/978/2 256/977/1
f 963/914/1 961/913/2 964/978/2
f 961/913/2 241/980/3 964/978/2
f 961/913/2 962/917/3 241/980/3
f 961/913/2 916/912/2 962/917/3
f 916/912/2 225/915/3 962/917/3
f 957/907/31 960/972/32 239/971/31
f 957/907/31 959/910/32 960/972/32
f 959/910/32 240/974/1 960/972/32
f 959/910/32 913/1076/1 240/974/1
f 959/910/32 912/909/32 913/1076/1
f 912/909/32 224/1077/1 913/1076/1
f 956/908/30 958/969/30 238/966/29
f 956/908/30 957/907/31 958/969/30
f 957/907/31 239/971/31 958/969/30
f 954/905/29 956/908/30 238/966/29
f 954/905/29 910/904/30 956/908/30
f 910/904/30 223/906/31 956/908/30
f 951/899/27 955/964/28 237/963/27
f 951/899/27 953/902/28 955/964/28
f 953/902/28 238/966/29 955/964/28
f 953/902/28 954/905/29 238/966/29
f 953/902/28 907/901/28 954/905/29
f 907/901/28 222/903/29 954/905/29
f 950/900/26 952/961/26 236/958/25
f 950/900/26 951/899/27 952/961/26
f 951/899/27 237/963/27 952/961/26
f 948/897/25 950/900/26 236/958/25
f 948/897/25 904/896/26 950/900/26
f 904/896/26 221/898/27 950/900/26
f 945/891/23 949/956/24 235/955/23
f 945/891/23 947/894/24 949/956/24
f 947/894/24 236/958/25 949/956/24
f 947/894/24 948/897/25 236/958/25
f 947/894/24 901/893/24 948/897/25
f 901/893/24 220/895/25 948/897/25
f 944/892/22 946/953/22 234/950/21
f 944/892/22 945/891/23 946/953/22
f 945/891/23 235/955/23 946/953/22
f 942/889/21 944/892/22 234/950/21
f 942/889/21 898/888/22 944/892/22
f 898/888/22 219/890/23 944/892/22
f 939/883/19 943/948/20 233/947/19
f 939/883/19 941/886/20 943/948/20
f 941/886/20 234/950/21 943/948/20
f 941/886/20 942/889/21 234/950/21
f 941/886/20 895/885/20 942/889/21
f 895/885/20 218/887/21 942/889/21
f 938/884/18 940/945/18 232/942/17
f 938/884/18 939/883/19 940/945/18
f 939/883/19 233/947/19 940/945/18
f 936/881/17 938/884/18 232/942/17
f 936/881/17 892/880/18 938/884/18
f 892/880/18 217/882/19 938/884/18
f 933/875/15 937/940/16 231/939/15
f 933/875/15 935/878/16 937/940/16
f 935/878/16 232/942/17 937/940/16
f 935/878/16 936/881/17 232/942/17
f 935/878/16 889/877/16 936/881/17
f 889/877/16 216/879/17 936/881/17
f 932/876/14 934/937/14 230/934/13
f 932/876/14 933/875/15 934/937/14
f 933/875/15 231/939/15 934/937/14
f 930/873/13 932/876/14 230/934/13
f 930/873/13 886/872/14 932/876/14
f 886/872/14 215/874/15 932/876/14
f 927/867/11 931/932/12 229/931/11
f 927/867/11 929/870/12 931/932/12
f 929/870/12 230/934/13 931/932/12
f 929/870/12 930/873/13 230/934/13
f 929/870/12 883/869/12 930/873/13
f 883/869/12 214/871/13 930/873/13
f 926/868/10 928/929/10 228/926/9
f 926/868/10 927/867/11 928/929/10
f 927/867/11 229/931/11 928/929/10
f 924/865/9 926/868/10 228/926/9
f 924/865/9 880/864/10 926/868/10
f 880/864/10 213/866/11 926/868/10
f 921/859/7 925/924/8 227/923/7
f 921/859/7 923/862/8 925/924/8
f 923/862/8 228/926/9 925/924/8
f 923/862/8 924/865/9 228/926/9
f 923/862/8 877/861/8 924/865/9
f 877/861/8 212/863/9 924/865/9
f 920/860/6 922/921/6 226/918/5
f 920/860/6 921/859/7 922/921/6
f 921/859/7 227/923/7 922/921/6
f 918/857/5 920/860/6 226/918/5
f 918/857/5 874/856/6 920/860/6
f 874/856/6 211/858/7 920/860/6
f 915/851/3 919/916/4 225/915/3
f 915/851/3 917/854/4 919/916/4
f 917/854/4 226/918/5 919/916/4
f 917/854/4 918/857/5 226/918/5
f 917/854/4 871/853/4 918/857/5
f 871/853/4 210/855/5 918/857/5
f 914/852/2 916/912/2 240/911/1
f 914/852/2 915/851/3 916/912/2
f 915/851/3 225/915/3 916/912/2
f 913/849/1 914/852/2 240/911/1
f 913/849/1 868/848/2 914/852/2
f 868/848/2 209/850/3 914/852/2
f 911/846/32 912/909/32 223/906/31
f 911/846/32 867/845/1 912/909/32
f 867/845/1 224/1077/1 912/909/32
f 909/843/31 911/846/32 223/906/31
f 909/843/31 864/842/32 911/846/32
f 864/842/32 193/844/1 911/846/32
f 906/837/29 910/904/30 222/903/29
f 906/837/29 908/840/30 910/904/30
f 908/840/30 223/906/31 910/904/30
f 908/840/30 909/843/31 223/906/31
f 908/840/30 862/839/30 909/843/31
f 862/839/30 208/841/31 909/843/31
f 905/838/28 907/901/28 221/898/27
f 905/838/28 906/837/29 907/901/28
f 906/837/29 222/903/29 907/901/28
f 903/835/27 905/838/28 221/898/27
f 903/835/27 859/834/28 905/838/28
f 859/834/28 207/836/29 905/838/28
f 900/829/25 904/896/26 220/895/25
f 900/829/25 902/832/26 904/896/26
f 902/832/26 221/898/27 904/896/26
f 902/832/26 903/835/27 221/898/27
f 902/832/26 856/831/26 903/835/27
f 856/831/26 206/833/27 903/835/27
f 899/830/24 901/893/24 219/890/23
f 899/830/24 900/829/25 901/893/24
f 900/829/25 220/895/25 901/893/24
f 897/827/23 899/830/24 219/890/23
f 897/827/23 853/826/24 899/830/24
f 853/826/24 205/828/25 899/830/24
f 894/821/21 898/888/22 218/887/21
f 894/821/21 896/824/22 898/888/22
f 896/824/22 219/890/23 898/888/22
f 896/824/22 897/827/23 219/890/23
f 896/824/22 850/823/22 897/827/23
f 850/823/22 204/825/23 897/827/23
f 893/822/20 895/885/20 217/882/19
f 893/822/20 894/821/21 895/885/20
f 894/821/21 218/887/21 895/885/20
f 891/819/19 893/822/20 217/882/19
f 891/819/19 847/818/20 893/822/20
f 847/818/20 203/820/21 893/822/20
f 888/813/17 892/880/18 216/879/17
f 888/813/17 890/816/18 892/880/18
f 890/816/18 217/882/19 892/880/18
f 890/816/18 891/819/19 217/882/19
f 890/816/18 844/815/18 891/819/19
f 844/815/18 202/817/19 891/819/19
f 887/814/16 889/877/16 215/874/15
f 887/814/16 888/813/17 889/877/16
f 888/813/17 216/879/17 889/877/16
f 885/811/15 887/814/16 215/874/15
f 885/811/15 841/810/16 887/814/16
f 841/810/16 201/812/17 887/814/16
f 882/805/13 886/872/14 214/871/13
f 882/805/13 884/808/14 886/872/14
f 884/808/14 215/874/15 886/872/14
f 884/808/14 885/811/15 215/874/15
f 884/808/14 838/807/14 885/811/15
f 838/807/14 200/809/15 885/811/15
f 881/806/12 883/869/12 213/866/11
f 881/806/12 882/805/13 883/869/12
f 882/805/13 214/871/13 883/869/12
f 879/803/11 881/806/12 213/866/11
f 879/803/11 835/802/12 881/806/12
f 835/802/12 199/804/13 881/806/12
f 876/797/9 880/864/10 212/863/9
f 876/797/9 878/800/10 880/864/10
f 878/800/10 213/866/11 880/864/10
f 878/800/10 879/803/11 213/866/11
f 878/800/10 832/799/10 879/803/11
f 832/799/10 198/801/11 879/803/11
f 875/798/8 877/861/8 211/858/7
f 875/798/8 876/797/9 877/861/8
f 876/797/9 212/863/9 877/861/8
f 873/795/7 875/798/8 211/858/7
f 873/795/7 829/794/8 875/798/8
f 829/794/8 197/796/9 875/798/8
f 870/789/5 874/856/6 210/855/5
f 870/789/5 872/792/6 874/856/6
f 872/792/6 211/858/7 874/856/6
f 872/792/6 873/795/7 211/858/7
f 872/792/6 826/791/6 873/795/7
f 826/791/6 196/793/7 873/795/7
f 869/790/4 871/853/4 209/850/3
f 869/790/4 870/789/5 871/853/4
f 870/789/5 210/855/5 871/853/4
f 866/787/3 869/790/4 209/850/3
f 866/787/3 823/786/4 869/790/4
f 823/786/4 195/788/5 869/790/4
f 867/784/1 868/848/2 224/847/1
f 867/784/1 865/783/2 868/848/2
f 865/783/2 209/850/3 868/848/2
f 865/783/2 866/787/3 209/850/3
f 865/783/2 820/782/2 866/787/3
f 820/782/2 194/785/3 866/787/3
f 861/777/31 864/842/32 208/841/31
f 861/777/31 863/780/32 864/842/32
f 863/780/32 193/844/1 864/842/32
f 863/780/32 817/1078/1 193/844/1
f 863/780/32 816/779/32 817/1078/1
f 816/779/32 177/1079/1 817/1078/1
f 860/778/30 862/839/30 207/836/29
f 860/778/30 861/777/31 862/839/30
f 861/777/31 208/841/31 862/839/30
f 858/775/29 860/778/30 207/836/29
f 858/775/29 814/774/30 860/778/30
f 814/774/30 192/776/31 860/778/30
f 855/769/27 859/834/28 206/833/27
f 855/769/27 857/772/28 859/834/28
f 857/772/28 207/836/29 859/834/28
f 857/772/28 858/775/29 207/836/29
f 857/772/28 811/771/28 858/775/29
f 811/771/28 191/773/29 858/775/29
f 854/770/26 856/831/26 205/828/25
f 854/770/26 855/769/27 856/831/26
f 855/769/27 206/833/27 856/831/26
f 852/767/25 854/770/26 205/828/25
f 852/767/25 808/766/26 854/770/26
f 808/766/26 190/768/27 854/770/26
f 849/761/23 853/826/24 204/825/23
f 849/761/23 851/764/24 853/826/24
f 851/764/24 205/828/25 853/826/24
f 851/764/24 852/767/25 205/828/25
f 851/764/24 805/763/24 852/767/25
f 805/763/24 189/765/25 852/767/25
f 848/762/22 850/823/22 203/820/21
f 848/762/22 849/761/23 850/823/22
f 849/761/23 204/825/23 850/823/22
f 846/759/21 848/762/22 203/820/21
f 846/759/21 802/758/22 848/762/22
f 802/758/22 188/760/23 848/762/22
f 843/753/19 847/818/20 202/817/19
f 843/753/19 845/756/20 847/818/20
f 845/756/20 203/820/21 847/818/20
f 845/756/20 846/759/21 203/820/21
f 845/756/20 799/755/20 846/759/21
f 799/755/20 187/757/21 846/759/21
f 842/754/18 844/815/18 201/812/17
f 842/754/18 843/753/19 844/815/18
f 843/753/19 202/817/19 844/815/18
f 840/751/17 842/754/18 201/812/17
f 840/751/17 796/750/18 842/754/18
f 796/750/18 186/752/19 842/754/18
f 837/745/15 841/810/16 200/809/15
f 837/745/15 839/748/16 841/810/16
f 839/748/16 201/812/17 841/810/16
f 839/748/16 840/751/17 201/812/17
f 839/748/16 793/747/16 840/751/17
f 793/747/16 185/749/17 840/751/17
f 836/746/14 838/807/14 199/804/13
f 836/746/14 837/745/15 838/807/14
f 837/745/15 200/809/15 838/807/14
f 834/743/13 836/746/14 199/804/13
f 834/743/13 790/742/14 836/746/14
f 790/742/14 184/744/15 836/746/14
f 831/737/11 835/802/12 198/801/11
f 831/737/11 833/740/12 835/802/12
f 833/740/12 199/804/13 835/802/12
f 833/740/12 834/743/13 199/804/13
f 833/740/12 787/739/12 834/743/13
f 787/739/12 183/741/13 834/743/13
f 830/738/10 832/799/10 197/796/9
f 830/738/10 831/737/11 832/799/10
f 831/737/11 198/801/11 832/799/10
f 828/735/9 830/738/10 197/796/9
f 828/735/9 784/734/10 830/738/10
f 784/734/10 182/736/11 830/738/10
f 825/729/7 829/794/8 196/793/7
f 825/729/7 827/732/8 829/794/8
f 827/732/8 197/796/9 829/794/8
f 827/732/8 828/735/9 197/796/9
f 827/732/8 781/731/8 828/735/9
f 781/731/8 181/733/9 828/735/9
f 824/730/6 826/791/6 195/788/5
f 824/730/6 825/729/7 826/791/6
f 825/729/7 196/793/7 826/791/6
f 822/727/5 824/730/6 195/788/5
f 822/727/5 778/726/6 824/730/6
f 778/726/6 180/728/7 824/730/6
f 819/721/3 823/786/4 194/785/3
f 819/721/3 821/724/4 823/786/4
f 821/724/4 195/788/5 823/786/4
f 821/724/4 822/727/5 195/788/5
f 821/724/4 775/723/4 822/727/5
f 775/723/4 179/725/5 822/727/5
f 818/722/2 820/782/2 193/781/1
f 818/722/2 819/721/3 820/782/2
f 819/721/3 194/785/3 820/782/2
f 817/719/1 818/722/2 193/781/1
f 817/719/1 772/718/2 818/722/2
f 772/718/2 178/720/3 818/722/2
f 815/716/32 816/779/32 192/776/31
f 815/716/32 771/715/1 816/779/32
f 771/715/1 177/1079/1 816/779/32
f 813/713/31 815/716/32 192/776/31
f 813/713/31 768/712/32 815/716/32
f 768/712/32 176/714/1 815/716/32
f 810/707/29 814/774/30 191/773/29
f 810/707/29 812/710/30 814/774/30
f 812/710/30 192/776/31 814/774/30
f 812/710/30 813/713/31 192/776/31
f 812/710/30 766/709/30 813/713/31
f 766/709/30 175/711/31 813/713/31
f 809/708/28 811/771/28 190/768/27
f 809/708/28 810/707/29 811/771/28
f 810/707/29 191/773/29 811/771/28
f 807/705/27 809/708/28 190/768/27
f 807/705/27 763/704/28 809/708/28
f 763/704/28 174/706/29 809/708/28
f 804/699/25 808/766/26 189/765/25
f 804/699/25 806/702/26 808/766/26
f 806/702/26 190/768/27 808/766/26
f 806/702/26 807/705/27 190/768/27
f 806/702/26 760/701/26 807/705/27
f 760/701/26 173/703/27 807/705/27
f 803/700/24 805/763/24 188/760/23
f 803/700/24 804/699/25 805/763/24
f 804/699/25 189/765/25 805/763/24
f 801/697/23 803/700/24 188/760/23
f 801/697/23 757/696/24 803/700/24
f 757/696/24 172/698/25 803/700/24
f 798/691/21 802/758/22 187/757/21
f 798/691/21 800/694/22 802/758/22
f 800/694/22 188/760/23 802/758/22
f 800/694/22 801/697/23 188/760/23
f 800/694/22 754/693/22 801/697/23
f 754/693/22 171/695/23 801/697/23
f 797/692/20 799/755/20 186/752/19
f 797/692/20 798/691/21 799/755/20
f 798/691/21 187/757/21 799/755/20
f 795/689/19 797/692/20 186/752/19
f 795/689/19 751/688/20 797/692/20
f 751/688/20 170/690/21 797/692/20
f 792/683/17 796/750/18 185/749/17
f 792/683/17 794/686/18 796/750/18
f 794/686/18 186/752/19 796/750/18
f 794/686/18 795/689/19 186/752/19
f 794/686/18 748/685/18 795/689/19
f 748/685/18 169/687/19 795/689/19
f 791/684/16 793/747/16 184/744/15
f 791/684/16 792/683/17 793/747/16
f 792/683/17 185/749/17 793/747/16
f 789/681/15 791/684/16 184/744/15
f 789/681/15 745/680/16 791/684/16
f 745/680/16 168/682/17 791/684/16
f 786/675/13 790/742/14 183/741/13
f 786/675/13 788/678/14 790/742/14
f 788/678/14 184/744/15 790/742/14
f 788/678/14 789/681/15 184/744/15
f 788/678/14 742/677/14 789/681/15
f 742/677/14 167/679/15 789/681/15
f 785/676/12 787/739/12 182/736/11
f 785/676/12 786/675/13 787/739/12
f 786/675/13 183/741/13 787/739/12
f 783/673/11 785/676/12 182/736/11
f 783/673/11 739/672/12 785/676/12
f 739/672/12 166/674/13 785/676/12
f 780/667/9 784/734/10 181/733/9
f 780/667/9 782/670/10 784/734/10
f 782/670/10 182/736/11 784/734/10
f 782/670/10 783/673/11 182/736/11
f 782/670/10 736/669/10 783/673/11
f 736/669/10 165/671/11 783/673/11
f 779/668/8 781/731/8 180/728/7
f 779/668/8 780/667/9 781/731/8
f 780/667/9 181/733/9 781/731/8
f 777/665/7 779/668/8 180/728/7
f 777/665/7 733/664/8 779/668/8
f 733/664/8 164/666/9 779/668/8
f 774/659/5 778/726/6 179/725/5
f 774/659/5 776/662/6 778/726/6
f 776/662/6 180/728/7 778/726/6
f 776/662/6 777/665/7 180/728/7
f 776/662/6 730/661/6 777/665/7
f 730/661/6 163/663/7 777/665/7
f 773/660/4 775/723/4 178/720/3
f 773/660/4 774/659/5 775/723/4
f 774/659/5 179/725/5 775/723/4
f 770/657/3 773/660/4 178/720/3
f 770/657/3 727/656/4 773/660/4
f 727/656/4 162/658/5 773/660/4
f 771/654/1 772/718/2 177/717/1
f 771/654/1 769/653/2 772/718/2
f 769/653/2 178/720/3 772/718/2
f 769/653/2 770/657/3 178/720/3
f 769/653/2 724/652/2 770/657/3
f 724/652/2 161/655/3 770/657/3
f 765/647/31 768/712/32 175/711/31
f 765/647/31 767/650/32 768/712/32
f 767/650/32 176/714/1 768/712/32
f 767/650/32 721/1080/1 176/714/1
f 767/650/32 720/649/32 721/1080/1
f 720/649/32 145/1081/1 721/1080/1
f 764/648/30 766/709/30 174/706/29
f 764/648/30 765/647/31 766/709/30
f 765/647/31 175/711/31 766/709/30
f 762/645/29 764/648/30 174/706/29
f 762/645/29 718/644/30 764/648/30
f 718/644/30 160/646/31 764/648/30
f 759/639/27 763/704/28 173/703/27
f 759/639/27 761/642/28 763/704/28
f 761/642/28 174/706/29 763/704/28
f 761/642/28 762/645/29 174/706/29
f 761/642/28 715/641/28 762/645/29
f 715/641/28 159/643/29 762/645/29
f 758/640/26 760/701/26 172/698/25
f 758/640/26 759/639/27 760/701/26
f 759/639/27 173/703/27 760/701/26
f 756/637/25 758/640/26 172/698/25
f 756/637/25 712/636/26 758/640/26
f 712/636/26 158/638/27 758/640/26
f 753/631/23 757/696/24 171/695/23
f 753/631/23 755/634/24 757/696/24
f 755/634/24 172/698/25 757/696/24
f 755/634/24 756/637/25 172/698/25
f 755/634/24 709/633/24 756/637/25
f 709/633/24 157/635/25 756/637/25
f 752/632/22 754/693/22 170/690/21
f 752/632/22 753/631/23 754/693/22
f 753/631/23 171/695/23 754/693/22
f 750/629/21 752/632/22 170/690/21
f 750/629/21 706/628/22 752/632/22
f 706/628/22 156/630/23 752/632/22
f 747/623/19 751/688/20 169/687/19
f 747/623/19 749/626/20 751/688/20
f 749/626/20 170/690/21 751/688/20
f 749/626/20 750/629/21 170/690/21
f 749/626/20 703/625/20 750/629/21
f 703/625/20 155/627/21 750/629/21
f 746/624/18 748/685/18 168/682/17
f 746/624/18 747/623/19 748/685/18
f 747/623/19 169/687/19 748/685/18
f 744/621/17 746/624/18 168/682/17
f 744/621/17 700/620/18 746/624/18
f 700/620/18 154/622/19 746/624/18
f 741/615/15 745/680/16 167/679/15
f 741/615/15 743/618/16 745/680/16
f 743/618/16 168/682/17 745/680/16
f 743/618/16 744/621/17 168/682/17
f 743/618/16 697/617/16 744/621/17
f 697/617/16 153/619/17 744/621/17
f 740/616/14 742/677/14 166/674/13
f 740/616/14 741/615/15 742/677/14
f 741/615/15 167/679/15 742/677/14
f 738/613/13 740/616/14 166/674/13
f 738/613/13 694/612/14 740/616/14
f 694/612/14 152/614/15 740/616/14
f 735/607/11 739/672/12 165/671/11
f 735/607/11 737/610/12 739/672/12
f 737/610/12 166/674/13 739/672/12
f 737/610/12 738/613/13 166/674/13
f 737/610/12 691/609/12 738/613/13
f 691/609/12 151/611/13 738/613/13
f 734/608/10 736/669/10 164/666/9
f 734/608/10 735/607/11 736/669/10
f 735/607/11 165/671/11 736/669/10
f 732/605/9 734/608/10 164/666/9
f 732/605/9 688/604/10 734/608/10
f 688/604/10 150/606/11 734/608/10
f 729/599/7 733/664/8 163/663/7
f 729/599/7 731/602/8 733/664/8
f 731/602/8 164/666/9 733/664/8
f 731/602/8 732/605/9 164/666/9
f 731/602/8 685/601/8 732/605/9
f 685/601/8 149/603/9 732/605/9
f 728/600/6 730/661/6 162/658/5
f 728/600/6 729/599/7 730/661/6
f 729/599/7 163/663/7 730/661/6
f 726/597/5 728/600/6 162/658/5
f 726/597/5 682/596/6 728/600/6
f 682/596/6 148/598/7 728/600/6
f 723/591/3 727/656/4 161/655/3
f 723/591/3 725/594/4 727/656/4
f 725/594/4 162/658/5 727/656/4
f 725/594/4 726/597/5 162/658/5
f 725/594/4 679/593/4 726/597/5
f 679/593/4 147/595/5 726/597/5
f 722/592/2 724/652/2 176/651/1
f 722/592/2 723/591/3 724/652/2
f 723/591/3 161/655/3 724/652/2
f 721/589/1 722/592/2 176/651/1
f 721/589/1 676/588/2 722/592/2
f 676/588/2 146/590/3 722/592/2
f 719/586/32 720/649/32 160/646/31
f 719/586/32 675/585/1 720/649/32
f 675/585/1 145/1081/1 720/649/32
f 717/583/31 719/586/32 160/646/31
f 717/583/31 672/582/32 719/586/32
f 672/582/32 144/584/1 719/586/32
f 714/577/29 718/644/30 159/643/29
f 714/577/29 716/580/30 718/644/30
f 716/580/30 160/646/31 718/644/30
f 716/580/30 717/583/31 160/646/31
f 716/580/30 670/579/30 717/583/31
f 670/579/30 143/581/31 717/583/31
f 713/578/28 715/641/28 158/638/27
f 713/578/28 714/577/29 715/641/28
f 714/577/29 159/643/29 715/641/28
f 711/575/27 713/578/28 158/638/27
f 711/575/27 667/574/28 713/578/28
f 667/574/28 142/576/29 713/578/28
f 708/569/25 712/636/26 157/635/25
f 708/569/25 710/572/26 712/636/26
f 710/572/26 158/638/27 712/636/26
f 710/572/26 711/575/27 158/638/27
f 710/572/26 664/571/26 711/575/27
f 664/571/26 141/573/27 711/575/27
f 707/570/24 709/633/24 156/630/23
f 707/570/24 708/569/25 709/633/24
f 708/569/25 157/635/25 709/633/24
f 705/567/23 707/570/24 156/630/23
f 705/567/23 661/566/24 707/570/24
f 661/566/24 140/568/25 707/570/24
f 702/561/21 706/628/22 155/627/21
f 702/561/21 704/564/22 706/628/22
f 704/564/22 156/630/23 706/628/22
f 704/564/22 705/567/23 156/630/23
f 704/564/22 658/563/22 705/567/23
f 658/563/22 139/565/23 705/567/23
f 701/562/20 703/625/20 154/622/19
f 701/562/20 702/561/21 703/625/20
f 702/561/21 155/627/21 703/625/20
f 699/559/19 701/562/20 154/622/19
f 699/559/19 655/558/20 701/562/20
f 655/558/20 138/560/21 701/562/20
f 696/553/17 700/620/18 153/619/17
f 696/553/17 698/556/18 700/620/18
f 698/556/18 154/622/19 700/620/18
f 698/556/18 699/559/19 154/622/19
f 698/556/18 652/555/18 699/559/19
f 652/555/18 137/557/19 699/559/19
f 695/554/16 697/617/16 152/614/15
f 695/554/16 696/553/17 697/617/16
f 696/553/17 153/619/17 697/617/16
f 693/551/15 695/554/16 152/614/15
f 693/551/15 649/550/16 695/554/16
f 649/550/16 136/552/17 695/554/16
f 690/545/13 694/612/14 151/611/13
f 690/545/13 692/548/14 694/612/14
f 692/548/14 152/614/15 694/612/14
f 692/548/14 693/551/15 152/614/15
f 692/548/14 646/547/14 693/551/15
f 646/547/14 135/549/15 693/551/15
f 689/546/12 691/609/12 150/606/11
f 689/546/12 690/545/13 691/609/12
f 690/545/13 151/611/13 691/609/12
f 687/543/11 689/546/12 150/606/11
f 687/543/11 643/542/12 689/546/12
f 643/542/12 134/544/13 689/546/12
f 684/537/9 688/604/10 149/603/9
f 684/537/9 686/540/10 688/604/10
f 686/540/10 150/606/11 688/604/10
f 686/540/10 687/543/11 150/606/11
f 686/540/10 640/539/10 687/543/11
f 640/539/10 133/541/11 687/543/11
f 683/538/8 685/601/8 148/598/7
f 683/538/8 684/537/9 685/601/8
f 684/537/9 149/603/9 685/601/8
f 681/535/7 683/538/8 148/598/7
f 681/535/7 637/534/8 683/538/8
f 637/534/8 132/536/9 683/538/8
f 678/529/5 682/596/6 147/595/5
f 678/529/5 680/532/6 682/596/6
f 680/532/6 148/598/7 682/596/6
f 680/532/6 681/535/7 148/598/7
f 680/532/6 634/531/6 681/535/7
f 634/531/6 131/533/7 681/535/7
f 677/530/4 679/593/4 146/590/3
f 677/530/4 678/529/5 679/593/4
f 678/529/5 147/595/5 679/593/4
f 674/527/3 677/530/4 146/590/3
f 674/527/3 631/526/4 677/530/4
f 631/526/4 130/528/5 677/530/4
f 675/524/1 676/588/2 145/587/1
f 675/524/1 673/523/2 676/588/2
f 673/523/2 146/590/3 676/588/2
f 673/523/2 674/527/3 146/590/3
f 673/523/2 628/522/2 674/527/3
f 628/522/2 129/525/3 674/527/3
f 669/517/31 672/582/32 143/581/31
f 669/517/31 671/520/32 672/582/32
f 671/520/32 144/584/1 672/582/32
f 671/520/32 625/1082/1 144/584/1
f 671/520/32 624/519/32 625/1082/1
f 624/519/32 128/1083/1 625/1082/1
f 668/518/30 670/579/30 142/576/29
f 668/518/30 669/517/31 670/579/30
f 669/517/31 143/581/31 670/579/30
f 666/515/29 668/518/30 142/576/29
f 666/515/29 622/514/30 668/518/30
f 622/514/30 127/516/31 668/518/30
f 663/509/27 667/574/28 141/573/27
f 663/509/27 665/512/28 667/574/28
f 665/512/28 142/576/29 667/574/28
f 665/512/28 666/515/29 142/576/29
f 665/512/28 619/511/28 666/515/29
f 619/511/28 126/513/29 666/515/29
f 662/510/26 664/571/26 140/568/25
f 662/510/26 663/509/27 664/571/26
f 663/509/27 141/573/27 664/571/26
f 660/507/25 662/510/26 140/568/25
f 660/507/25 616/506/26 662/510/26
f 616/506/26 125/508/27 662/510/26
f 657/501/23 661/566/24 139/565/23
f 657/501/23 659/504/24 661/566/24
f 659/504/24 140/568/25 661/566/24
f 659/504/24 660/507/25 140/568/25
f 659/504/24 613/503/24 660/507/25
f 613/503/24 124/505/25 660/507/25
f 656/502/22 658/563/22 138/560/21
f 656/502/22 657/501/23 658/563/22
f 657/501/23 139/565/23 658/563/22
f 654/499/21 656/502/22 138/560/21
f 654/499/21 610/498/22 656/502/22
f 610/498/22 123/500/23 656/502/22
f 651/493/19 655/558/20 137/557/19
f 651/493/19 653/496/20 655/558/20
f 653/496/20 138/560/21 655/558/20
f 653/496/20 654/499/21 138/560/21
f 653/496/20 607/495/20 654/499/21
f 607/495/20 122/497/21 654/499/21
f 650/494/18 652/555/18 136/552/17
f 650/494/18 651/493/19 652/555/18
f 651/493/19 137/557/19 652/555/18
f 648/491/17 650/494/18 136/552/17
f 648/491/17 604/490/18 650/494/18
f 604/490/18 121/492/19 650/494/18
f 645/485/15 649/550/16 135/549/15
f 645/485/15 647/488/16 649/550/16
f 647/488/16 136/552/17 649/550/16
f 647/488/16 648/491/17 136/552/17
f 647/488/16 601/487/16 648/491/17
f 601/487/16 120/489/17 648/491/17
f 644/486/14 646/547/14 134/544/13
f 644/486/14 645/485/15 646/547/14
f 645/485/15 135/549/15 646/547/14
f 642/483/13 644/486/14 134/544/13
f 642/483/13 598/482/14 644/486/14
f 598/482/14 119/484/15 644/486/14
f 639/477/11 643/542/12 133/541/11
f 639/477/11 641/480/12 643/542/12
f 641/480/12 134/544/13 643/542/12
f 641/480/12 642/483/13 134/544/13
f 641/480/12 595/479/12 642/483/13
f 595/479/12 118/481/13 642/483/13
f 638/478/10 640/539/10 132/536/9
f 638/478/10 639/477/11 640/539/10
f 639/477/11 133/541/11 640/539/10
f 636/475/9 638/478/10 132/536/9
f 636/475/9 592/474/10 638/478/10
f 592/474/10 117/476/11 638/478/10
f 633/469/7 637/534/8 131/533/7
f 633/469/7 635/472/8 637/534/8
f 635/472/8 132/536/9 637/534/8
f 635/472/8 636/475/9 132/536/9
f 635/472/8 589/471/8 636/475/9
f 589/471/8 116/473/9 636/475/9
f 632/470/6 634/531/6 130/528/5
f 632/470/6 633/469/7 634/531/6
f 633/469/7 131/533/7 634/531/6
f 630/467/5 632/470/6 130/528/5
f 630/467/5 586/466/6 632/470/6
f 586/466/6 115/468/7 632/470/6
f 627/461/3 631/526/4 129/525/3
f 627/461/3 629/464/4 631/526/4
f 629/464/4 130/528/5 631/526/4
f 629/464/4 630/467/5 130/528/5
f 629/464/4 583/463/4 630/467/5
f 583/463/4 114/465/5 630/467/5
f 626/462/2 628/522/2 144/521/1
f 626/462/2 627/461/3 628/522/2
f 627/461/3 129/525/3 628/522/2
f 625/459/1 626/462/2 144/521/1
f 625/459/1 580/458/2 626/462/2
f 580/458/2 113/460/3 626/462/2
f 623/456/32 624/519/32 127/516/31
f 623/456/32 579/455/1 624/519/32
f 579/455/1 128/1083/1 624/519/32
f 621/453/31 623/456/32 127/516/31
f 621/453/31 576/452/32 623/456/32
f 576/452/32 112/454/1 623/456/32
f 618/447/29 622/514/30 126/513/29
f 618/447/29 620/450/30 622/514/30
f 620/450/30 127/516/31 622/514/30
f 620/450/30 621/453/31 127/516/31
f 620/450/30 574/449/30 621/453/31
f 574/449/30 111/451/31 621/453/31
f 617/448/28 619/511/28 125/508/27
f 617/448/28 618/447/29 619/511/28
f 618/447/29 126/513/29 619/511/28
f 615/445/27 617/448/28 125/508/27
f 615/445/27 571/444/28 617/448/28
f 571/444/28 110/446/29 617/448/28
f 612/439/25 616/506/26 124/505/25
f 612/439/25 614/442/26 616/506/26
f 614/442/26 125/508/27 616/506/26
f 614/442/26 615/445/27 125/508/27
f 614/442/26 568/441/26 615/445/27
f 568/441/26 109/443/27 615/445/27
f 611/440/24 613/503/24 123/500/23
f 611/440/24 612/439/25 613/503/24
f 612/439/25 124/505/25 613/503/24
f 609/437/23 611/440/24 123/500/23
f 609/437/23 565/436/24 611/440/24
f 565/436/24 108/438/25 611/440/24
f 606/431/21 610/498/22 122/497/21
f 606/431/21 608/434/22 610/498/22
f 608/434/22 123/500/23 610/498/22
f 608/434/22 609/437/23 123/500/23
f 608/434/22 562/433/22 609/437/23
f 562/433/22 107/435/23 609/437/23
f 605/432/20 607/495/20 121/492/19
f 605/432/20 606/431/21 607/495/20
f 606/431/21 122/497/21 607/495/20
f 603/429/19 605/432/20 121/492/19
f 603/429/19 559/428/20 605/432/20
f 559/428/20 106/430/21 605/432/20
f 600/423/17 604/490/18 120/489/17
f 600/423/17 602/426/18 604/490/18
f 602/426/18 121/492/19 604/490/18
f 602/426/18 603/429/19 121/492/19
f 602/426/18 556/425/18 603/429/19
f 556/425/18 105/427/19 603/429/19
f 599/424/16 601/487/16 119/484/15
f 599/424/16 600/423/17 601/487/16
f 600/423/17 120/489/17 601/487/16
f 597/421/15 599/424/16 119/484/15
f 597/421/15 553/420/16 599/424/16
f 553/420/16 104/422/17 599/424/16
f 594/415/13 598/482/14 118/481/13
f 594/415/13 596/418/14 598/482/14
f 596/418/14 119/484/15 598/482/14
f 596/418/14 597/421/15 119/484/15
f 596/418/14 550/417/14 597/421/15
f 550/417/14 103/419/15 597/421/15
f 593/416/12 595/479/12 117/476/11
f 593/416/12 594/415/13 595/479/12
f 594/415/13 118/481/13 595/479/12
f 591/413/11 593/416/12 117/476/11
f 591/413/11 547/412/12 593/416/12
f 547/412/12 102/414/13 593/416/12
f 588/407/9 592/474/10 116/473/9
f 588/407/9 590/410/10 592/474/10
f 590/410/10 117/476/11 592/474/10
f 590/410/10 591/413/11 117/476/11
f 590/410/10 544/409/10 591/413/11
f 544/409/10 101/411/11 591/413/11
f 587/408/8 589/471/8 115/468/7
f 587/408/8 588/407/9 589/471/8
f 588/407/9 116/473/9 589/471/8
f 585/405/7 587/408/8 115/468/7
f 585/405/7 541/404/8 587/408/8
f 541/404/8 100/406/9 587/408/8
f 582/399/5 586/466/6 114/465/5
f 582/399/5 584/402/6 586/466/6
f 584/402/6 115/468/7 586/466/6
f 584/402/6 585/405/7 115/468/7
f 584/402/6 538/401/6 585/405/7
f 538/401/6 99/403/7 585/405/7
f 581/400/4 583/463/4 113/460/3
f 581/400/4 582/399/5 583/463/4
f 582/399/5 114/465/5 583/463/4
f 578/397/3 581/400/4 113/460/3
f 578/397/3 535/396/4 581/400/4
f 535/396/4 98/398/5 581/400/4
f 579/394/1 580/458/2 128/457/1
f 579/394/1 577/393/2 580/458/2
f 577/393/2 113/460/3 580/458/2
f 577/393/2 578/397/3 113/460/3
f 577/393/2 532/392/2 578/397/3
f 532/392/2 97/395/3 578/397/3
f 573/387/31 576/452/32 111/451/31
f 573/387/31 575/390/32 576/452/32
f 575/390/32 112/454/1 576/452/32
f 575/390/32 529/1084/1 112/454/1
f 575/390/32 528/389/32 529/1084/1
f 528/389/32 96/1085/1 529/1084/1
f 572/388/30 574/449/30 110/446/29
f 572/388/30 573/387/31 574/449/30
f 573/387/31 111/451/31 574/449/30
f 570/385/29 572/388/30 110/446/29
f 570/385/29 526/384/30 572/388/30
f 526/384/30 95/386/31 572/388/30
f 567/379/27 571/444/28 109/443/27
f 567/379/27 569/382/28 571/444/28
f 569/382/28 110/446/29 571/444/28
f 569/382/28 570/385/29 110/446/29
f 569/382/28 523/381/28 570/385/29
f 523/381/28 94/383/29 570/385/29
f 566/380/26 568/441/26 108/438/25
f 566/380/26 567/379/27 568/441/26
f 567/379/27 109/443/27 568/441/26
f 564/377/25 566/380/26 108/438/25
f 564/377/25 520/376/26 566/380/26
f 520/376/26 93/378/27 566/380/26
f 561/371/23 565/436/24 107/435/23
f 561/371/23 563/374/24 565/436/24
f 563/374/24 108/438/25 565/436/24
f 563/374/24 564/377/25 108/438/25
f 563/374/24 517/373/24 564/377/25
f 517/373/24 92/375/25 564/377/25
f 560/372/22 562/433/22 106/430/21
f 560/372/22 561/371/23 562/433/22
f 561/371/23 107/435/23 562/433/22
f 558/369/21 560/372/22 106/430/21
f 558/369/21 514/368/22 560/372/22
f 514/368/22 91/370/23 560/372/22
f 555/363/19 559/428/20 105/427/19
f 555/363/19 557/366/20 559/428/20
f 557/366/20 106/430/21 559/428/20
f 557/366/20 558/369/21 106/430/21
f 557/366/20 511/365/20 558/369/21
f 511/365/20 90/367/21 558/369/21
f 554/364/18 556/425/18 104/422/17
f 554/364/18 555/363/19 556/425/18
f 555/363/19 105/427/19 556/425/18
f 552/361/17 554/364/18 104/422/17
f 552/361/17 508/360/18 554/364/18
f 508/360/18 89/362/19 554/364/18
f 549/355/15 553/420/16 103/419/15
f 549/355/15 551/358/16 553/420/16
f 551/358/16 104/422/17 553/420/16
f 551/358/16 552/361/17 104/422/17
f 551/358/16 505/357/16 552/361/17
f 505/357/16 88/359/17 552/361/17
f 548/356/14 550/417/14 102/414/13
f 548/356/14 549/355/15 550/417/14
f 549/355/15 103/419/15 550/417/14
f 546/353/13 548/356/14 102/414/13
f 546/353/13 502/352/14 548/356/14
f 502/352/14 87/354/15 548/356/14
f 543/347/11 547/412/12 101/411/11
f 543/347/11 545/350/12 547/412/12
f 545/350/12 102/414/13 547/412/12
f 545/350/12 546/353/13 102/414/13
f 545/350/12 499/349/12 546/353/13
f 499/349/12 86/351/13 546/353/13
f 542/348/10 544/409/10 100/406/9
f 542/348/10 543/347/11 544/409/10
f 543/347/11 101/411/11 544/409/10
f 540/345/9 542/348/10 100/406/9
f 540/345/9 496/344/10 542/348/10
f 496/344/10 85/346/11 542/348/10
f 537/339/7 541/404/8 99/403/7
f 537/339/7 539/342/8 541/404/8
f 539/342/8 100/406/9 541/404/8
f 539/342/8 540/345/9 100/406/9
f 539/342/8 493/341/8 540/345/9
f 493/341/8 84/343/9 540/345/9
f 536/340/6 538/401/6 98/398/5
f 536/340/6 537/339/7 538/401/6
f 537/339/7 99/403/7 538/401/6
f 534/337/5 536/340/6 98/398/5
f 534/337/5 490/336/6 536/340/6
f 490/336/6 83/338/7 536/340/6
f 531/331/3 535/396/4 97/395/3
f 531/331/3 533/334/4 535/396/4
f 533/334/4 98/398/5 535/396/4
f 533/334/4 534/337/5 98/398/5
f 533/334/4 487/333/4 534/337/5
f 487/333/4 82/335/5 534/337/5
f 530/332/2 532/392/2 112/391/1
f 530/332/2 531/331/3 532/392/2
f 531/331/3 97/395/3 532/392/2
f 529/329/1 530/332/2 112/391/1
f 529/329/1 484/328/2 530/332/2
f 484/328/2 81/330/3 530/332/2
f 527/326/32 528/389/32 95/386/31
f 527/326/32 483/325/1 528/389/32
f 483/325/1 96/1085/1 528/389/32
f 525/323/31 527/326/32 95/386/31
f 525/323/31 480/322/32 527/326/32
f 480/322/32 65/324/1 527/326/32
f 522/317/29 526/384/30 94/383/29
f 522/317/29 524/320/30 526/384/30
f 524/320/30 95/386/31 526/384/30
f 524/320/30 525/323/31 95/386/31
f 524/320/30 478/319/30 525/323/31
f 478/319/30 80/321/31 525/323/31
f 521/318/28 523/381/28 93/378/27
f 521/318/28 522/317/29 523/381/28
f 522/317/29 94/383/29 523/381/28
f 519/315/27 521/318/28 93/378/27
f 519/315/27 475/314/28 521/318/28
f 475/314/28 79/316/29 521/318/28
f 516/309/25 520/376/26 92/375/25
f 516/309/25 518/312/26 520/376/26
f 518/312/26 93/378/27 520/376/26
f 518/312/26 519/315/27 93/378/27
f 518/312/26 472/311/26 519/315/27
f 472/311/26 78/313/27 519/315/27
f 515/310/24 517/373/24 91/370/23
f 515/310/24 516/309/25 517/373/24
f 516/309/25 92/375/25 517/373/24
f 513/307/23 515/310/24 91/370/23
f 513/307/23 469/306/24 515/310/24
f 469/306/24 77/308/25 515/310/24
f 510/301/21 514/368/22 90/367/21
f 510/301/21 512/304/22 514/368/22
f 512/304/22 91/370/23 514/368/22
f 512/304/22 513/307/23 91/370/23
f 512/304/22 466/303/22 513/307/23
f 466/303/22 76/305/23 513/307/23
f 509/302/20 511/365/20 89/362/19
f 509/302/20 510/301/21 511/365/20
f 510/301/21 90/367/21 511/365/20
f 507/299/19 509/302/20 89/362/19
f 507/299/19 463/298/20 509/302/20
f 463/298/20 75/300/21 509/302/20
f 504/293/17 508/360/18 88/359/17
f 504/293/17 506/296/18 508/360/18
f 506/296/18 89/362/19 508/360/18
f 506/296/18 507/299/19 89/362/19
f 506/296/18 460/295/18 507/299/19
f 460/295/18 74/297/19 507/299/19
f 503/294/16 505/357/16 87/354/15
f 503/294/16 504/293/17 505/357/16
f 504/293/17 88/359/17 505/357/16
f 501/291/15 503/294/16 87/354/15
f 501/291/15 457/290/16 503/294/16
f 457/290/16 73/292/17 503/294/16
f 498/285/13 502/352/14 86/351/13
f 498/285/13 500/288/14 502/352/14
f 500/288/14 87/354/15 502/352/14
f 500/288/14 501/291/15 87/354/15
f 500/288/14 454/287/14 501/291/15
f 454/287/14 72/289/15 501/291/15
f 497/286/12 499/349/12 85/346/11
f 497/286/12 498/285/13 499/349/12
f 498/285/13 86/351/13 499/349/12
f 495/283/11 497/286/12 85/346/11
f 495/283/11 451/282/12 497/286/12
f 451/282/12 71/284/13 497/286/12
f 492/277/9 496/344/10 84/343/9
f 492/277/9 494/280/10 496/344/10
f 494/280/10 85/346/11 496/344/10
f 494/280/10 495/283/11 85/346/11
f 494/280/10 448/279/10 495/283/11
f 448/279/10 70/281/11 495/283/11
f 491/278/8 493/341/8 83/338/7
f 491/278/8 492/277/9 493/341/8
f 492/277/9 84/343/9 493/341/8
f 489/275/7 491/278/8 83/338/7
f 489/275/7 445/274/8 491/278/8
f 445/274/8 69/276/9 491/278/8
f 486/269/5 490/336/6 82/335/5
f 486/269/5 488/272/6 490/336/6
f 488/272/6 83/338/7 490/336/6
f 488/272/6 489/275/7 83/338/7
f 488/272/6 442/271/6 489/275/7
f 442/271/6 68/273/7 489/275/7
f 485/270/4 487/333/4 81/330/3
f 485/270/4 486/269/5 487/333/4
f 486/269/5 82/335/5 487/333/4
f 482/267/3 485/270/4 81/330/3
f 482/267/3 439/266/4 485/270/4
f 439/266/4 67/268/5 485/270/4
f 483/264/1 484/328/2 96/327/1
f 483/264/1 481/263/2 484/328/2
f 481/263/2 81/330/3 484/328/2
f 481/263/2 482/267/3 81/330/3
f 481/263/2 436/262/2 482/267/3
f 436/262/2 66/265/3 482/267/3
f 477/257/31 480/322/32 80/321/31
f 477/257/31 479/260/32 480/322/32
f 479/260/32 65/324/1 480/322/32
f 479/260/32 433/1086/1 65/324/1
f 479/260/32 432/259/32 433/1086/1
f 432/259/32 49/1087/1 433/1086/1
f 476/258/30 478/319/30 79/316/29
f 476/258/30 477/257/31 478/319/30
f 477/257/31 80/321/31 478/319/30
f 474/255/29 476/258/30 79/316/29
f 474/255/29 430/254/30 476/258/30
f 430/254/30 64/256/31 476/258/30
f 471/249/27 475/314/28 78/313/27
f 471/249/27 473/252/28 475/314/28
f 473/252/28 79/316/29 475/314/28
f 473/252/28 474/255/29 79/316/29
f 473/252/28 427/251/28 474/255/29
f 427/251/28 63/253/29 474/255/29
f 470/250/26 472/311/26 77/308/25
f 470/250/26 471/249/27 472/311/26
f 471/249/27 78/313/27 472/311/26
f 468/247/25 470/250/26 77/308/25
f 468/247/25 424/246/26 470/250/26
f 424/246/26 62/248/27 470/250/26
f 465/241/23 469/306/24 76/305/23
f 465/241/23 467/244/24 469/306/24
f 467/244/24 77/308/25 469/306/24
f 467/244/24 468/247/25 77/308/25
f 467/244/24 421/243/24 468/247/25
f 421/243/24 61/245/25 468/247/25
f 464/242/22 466/303/22 75/300/21
f 464/242/22 465/241/23 466/303/22
f 465/241/23 76/305/23 466/303/22
f 462/239/21 464/242/22 75/300/21
f 462/239/21 418/238/22 464/242/22
f 418/238/22 60/240/23 464/242/22
f 459/233/19 463/298/20 74/297/19
f 459/233/19 461/236/20 463/298/20
f 461/236/20 75/300/21 463/298/20
f 461/236/20 462/239/21 75/300/21
f 461/236/20 415/235/20 462/239/21
f 415/235/20 59/237/21 462/239/21
f 458/234/18 460/295/18 73/292/17
f 458/234/18 459/233/19 460/295/18
f 459/233/19 74/297/19 460/295/18
f 456/231/17 458/234/18 73/292/17
f 456/231/17 412/230/18 458/234/18
f 412/230/18 58/232/19 458/234/18
f 453/225/15 457/290/16 72/289/15
f 453/225/15 455/228/16 457/290/16
f 455/228/16 73/292/17 457/290/16
f 455/228/16 456/231/17 73/292/17
f 455/228/16 409/227/16 456/231/17
f 409/227/16 57/229/17 456/231/17
f 452/226/14 454/287/14 71/284/13
f 452/226/14 453/225/15 454/287/14
f 453/225/15 72/289/15 454/287/14
f 450/223/13 452/226/14 71/284/13
f 450/223/13 406/222/14 452/226/14
f 406/222/14 56/224/15 452/226/14
f 447/217/11 451/282/12 70/281/11
f 447/217/11 449/220/12 451/282/12
f 449/220/12 71/284/13 451/282/12
f 449/220/12 450/223/13 71/284/13
f 449/220/12 403/219/12 450/223/13
f 403/219/12 55/221/13 450/223/13
f 446/218/10 448/279/10 69/276/9
f 446/218/10 447/217/11 448/279/10
f 447/217/11 70/281/11 448/279/10
f 444/215/9 446/218/10 69/276/9
f 444/215/9 400/214/10 446/218/10
f 400/214/10 54/216/11 446/218/10
f 441/209/7 445/274/8 68/273/7
f 441/209/7 443/212/8 445/274/8
f 443/212/8 69/276/9 445/274/8
f 443/212/8 444/215/9 69/276/9
f 443/212/8 397/211/8 444/215/9
f 397/211/8 53/213/9 444/215/9
f 440/210/6 442/271/6 67/268/5
f 440/210/6 441/209/7 442/271/6
f 441/209/7 68/273/7 442/271/6
f 438/207/5 440/210/6 67/268/5
f 438/207/5 394/206/6 440/210/6
f 394/206/6 52/208/7 440/210/6
f 435/201/3 439/266/4 66/265/3
f 435/201/3 437/204/4 439/266/4
f 437/204/4 67/268/5 439/266/4
f 437/204/4 438/207/5 67/268/5
f 437/204/4 391/203/4 438/207/5
f 391/203/4 51/205/5 438/207/5
f 434/202/2 436/262/2 65/261/1
f 434/202/2 435/201/3 436/262/2
f 435/201/3 66/265/3 436/262/2
f 433/199/1 434/202/2 65/261/1
f 433/199/1 388/198/2 434/202/2
f 388/198/2 50/200/3 434/202/2
f 431/196/32 432/259/32 64/256/31
f 431/196/32 387/195/1 432/259/32
f 387/195/1 49/1087/1 432/259/32
f 429/193/31 431/196/32 64/256/31
f 429/193/31 384/192/32 431/196/32
f 384/192/32 48/194/1 431/196/32
f 426/187/29 430/254/30 63/253/29
f 426/187/29 428/190/30 430/254/30
f 428/190/30 64/256/31 430/254/30
f 428/190/30 429/193/31 64/256/31
f 428/190/30 382/189/30 429/193/31
f 382/189/30 47/191/31 429/193/31
f 425/188/28 427/251/28 62/248/27
f 425/188/28 426/187/29 427/251/28
f 426/187/29 63/253/29 427/251/28
f 423/185/27 425/188/28 62/248/27
f 423/185/27 379/184/28 425/188/28
f 379/184/28 46/186/29 425/188/28
f 420/179/25 424/246/26 61/245/25
f 420/179/25 422/182/26 424/246/26
f 422/182/26 62/248/27 424/246/26
f 422/182/26 423/185/27 62/248/27
f 422/182/26 376/181/26 423/185/27
f 376/181/26 45/183/27 423/185/27
f 419/180/24 421/243/24 60/240/23
f 419/180/24 420/179/25 421/243/24
f 420/179/25 61/245/25 421/243/24
f 417/177/23 419/180/24 60/240/23
f 417/177/23 373/176/24 419/180/24
f 373/176/24 44/178/25 419/180/24
f 414/171/21 418/238/22 59/237/21
f 414/171/21 416/174/22 418/238/22
f 416/174/22 60/240/23 418/238/22
f 416/174/22 417/177/23 60/240/23
f 416/174/22 370/173/22 417/177/23
f 370/173/22 43/175/23 417/177/23
f 413/172/20 415/235/20 58/232/19
f 413/172/20 414/171/21 415/235/20
f 414/171/21 59/237/21 415/235/20
f 411/169/19 413/172/20 58/232/19
f 411/169/19 367/168/20 413/172/20
f 367/168/20 42/170/21 413/172/20
f 408/163/17 412/230/18 57/229/17
f 408/163/17 410/166/18 412/230/18
f 410/166/18 58/232/19 412/230/18
f 410/166/18 411/169/19 58/232/19
f 410/166/18 364/165/18 411/169/19
f 364/165/18 41/167/19 411/169/19
f 407/164/16 409/227/16 56/224/15
f 407/164/16 408/163/17 409/227/16
f 408/163/17 57/229/17 409/227/16
f 405/161/15 407/164/16 56/224/15
f 405/161/15 361/160/16 407/164/16
f 361/160/16 40/162/17 407/164/16
f 402/155/13 406/222/14 55/221/13
f 402/155/13 404/158/14 406/222/14
f 404/158/14 56/224/15 406/222/14
f 404/158/14 405/161/15 56/224/15
f 404/158/14 358/157/14 405/161/15
f 358/157/14 39/159/15 405/161/15
f 401/156/12 403/219/12 54/216/11
f 401/156/12 402/155/13 403/219/12
f 402/155/13 55/221/13 403/219/12
f 399/153/11 401/156/12 54/216/11
f 399/153/11 355/152/12 401/156/12
f 355/152/12 38/154/13 401/156/12
f 396/147/9 400/214/10 53/213/9
f 396/147/9 398/150/10 400/214/10
f 398/150/10 54/216/11 400/214/10
f 398/150/10 399/153/11 54/216/11
f 398/150/10 352/149/10 399/153/11
f 352/149/10 37/151/11 399/153/11
f 395/148/8 397/211/8 52/208/7
f 395/148/8 396/147/9 397/211/8
f 396/147/9 53/213/9 397/211/8
f 393/145/7 395/148/8 52/208/7
f 393/145/7 349/144/8 395/148/8
f 349/144/8 36/146/9 395/148/8
f 390/139/5 394/206/6 51/205/5
f 390/139/5 392/142/6 394/206/6
f 392/142/6 52/208/7 394/206/6
f 392/142/6 393/145/7 52/208/7
f 392/142/6 346/141/6 393/145/7
f 346/141/6 35/143/7 393/145/7
f 389/140/4 391/203/4 50/200/3
f 389/140/4 390/139/5 391/203/4
f 390/139/5 51/205/5 391/203/4
f 386/137/3 389/140/4 50/200/3
f 386/137/3 343/136/4 389/140/4
f 343/136/4 34/138/5 389/140/4
f 387/134/1 388/198/2 49/197/1
f 387/134/1 385/133/2 388/198/2
f 385/133/2 50/200/3 388/198/2
f 385/133/2 386/137/3 50/200/3
f 385/133/2 340/132/2 386/137/3
f 340/132/2 33/135/3 386/137/3
f 381/127/31 384/192/32 47/191/31
f 381/127/31 383/130/32 384/192/32
f 383/130/32 48/194/1 384/192/32
f 383/130/32 337/1088/1 48/194/1
f 383/130/32 336/129/32 337/1088/1
f 336/129/32 17/1089/1 337/1088/1
f 380/128/30 382/189/30 46/186/29
f 380/128/30 381/127/31 382/189/30
f 381/127/31 47/191/31 382/189/30
f 378/125/29 380/128/30 46/186/29
f 378/125/29 333/124/30 380/128/30
f 333/124/30 32/126/31 380/128/30
f 375/119/27 379/184/28 45/183/27
f 375/119/27 377/122/28 379/184/28
f 377/122/28 46/186/29 379/184/28
f 377/122/28 378/125/29 46/186/29
f 377/122/28 329/121/28 378/125/29
f 329/121/28 31/123/29 378/125/29
f 374/120/26 376/181/26 44/178/25
f 374/120/26 375/119/27 376/181/26
f 375/119/27 45/183/27 376/181/26
f 372/117/25 374/120/26 44/178/25
f 372/117/25 325/116/26 374/120/26
f 325/116/26 30/118/27 374/120/26
f 369/111/23 373/176/24 43/175/23
f 369/111/23 371/114/24 373/176/24
f 371/114/24 44/178/25 373/176/24
f 371/114/24 372/117/25 44/178/25
f 371/114/24 321/113/24 372/117/25
f 321/113/24 29/115/25 372/117/25
f 368/112/22 370/173/22 42/170/21
f 368/112/22 369/111/23 370/173/22
f 369/111/23 43/175/23 370/173/22
f 366/109/21 368/112/22 42/170/21
f 366/109/21 317/108/22 368/112/22
f 317/108/22 28/110/23 368/112/22
f 363/103/19 367/168/20 41/167/19
f 363/103/19 365/106/20 367/168/20
f 365/106/20 42/170/21 367/168/20
f 365/106/20 366/109/21 42/170/21
f 365/106/20 313/105/20 366/109/21
f 313/105/20 27/107/21 366/109/21
f 362/104/18 364/165/18 40/162/17
f 362/104/18 363/103/19 364/165/18
f 363/103/19 41/167/19 364/165/18
f 360/101/17 362/104/18 40/162/17
f 360/101/17 309/100/18 362/104/18
f 309/100/18 26/102/19 362/104/18
f 357/95/15 361/160/16 39/159/15
f 357/95/15 359/98/16 361/160/16
f 359/98/16 40/162/17 361/160/16
f 359/98/16 360/101/17 40/162/17
f 359/98/16 305/97/16 360/101/17
f 305/97/16 25/99/17 360/101/17
f 356/96/14 358/157/14 38/154/13
f 356/96/14 357/95/15 358/157/14
f 357/95/15 39/159/15 358/157/14
f 354/93/13 356/96/14 38/154/13
f 354/93/13 301/92/14 356/96/14
f 301/92/14 24/94/15 356/96/14
f 351/87/11 355/152/12 37/151/11
f 351/87/11 353/90/12 355/152/12
f 353/90/12 38/154/13 355/152/12
f 353/90/12 354/93/13 38/154/13
f 353/90/12 297/89/12 354/93/13
f 297/89/12 23/91/13 354/93/13
f 350/88/10 352/149/10 36/146/9
f 350/88/10 351/87/11 352/149/10
f 351/87/11 37/151/11 352/149/10
f 348/85/9 350/88/10 36/146/9
f 348/85/9 293/84/10 350/88/10
f 293/84/10 22/86/11 350/88/10
f 345/79/7 349/144/8 35/143/7
f 345/79/7 347/82/8 349/144/8
f 347/82/8 36/146/9 349/144/8
f 347/82/8 348/85/9 36/146/9
f 347/82/8 289/81/8 348/85/9
f 289/81/8 21/83/9 348/85/9
f 344/80/6 346/141/6 34/138/5
f 344/80/6 345/79/7 346/141/6
f 345/79/7 35/143/7 346/141/6
f 342/77/5 344/80/6 34/138/5
f 342/77/5 285/76/6 344/80/6
f 285/76/6 20/78/7 344/80/6
f 339/71/3 343/136/4 33/135/3
f 339/71/3 341/74/4 343/136/4
f 341/74/4 34/138/5 343/136/4
f 341/74/4 342/77/5 34/138/5
f 341/74/4 281/73/4 342/77/5
f 281/73/4 19/75/5 342/77/5
f 338/72/2 340/132/2 48/131/1
f 338/72/2 339/71/3 340/132/2
f 339/71/3 33/135/3 340/132/2
f 337/69/1 338/72/2 48/131/1
f 337/69/1 277/68/2 338/72/2
f 277/68/2 18/70/3 338/72/2
f 335/66/32 336/129/32 32/126/31
f 335/66/32 276/65/1 336/129/32
f 276/65/1 17/1089/1 336/129/32
f 332/63/31 335/66/32 32/126/31
f 332/63/31 334/62/32 335/66/32
f 334/62/32 1/64/1 335/66/32
f 328/57/29 333/124/30 31/123/29
f 328/57/29 330/60/30 333/124/30
f 330/60/30 32/126/31 333/124/30
f 330/60/30 332/63/31 32/126/31
f 330/60/30 331/59/30 332/63/31
f 331/59/30 16/61/31 332/63/31
f 327/58/28 329/121/28 30/118/27
f 327/58/28 328/57/29 329/121/28
f 328/57/29 31/123/29 329/121/28
f 324/55/27 327/58/28 30/118/27
f 324/55/27 326/54/28 327/58/28
f 326/54/28 15/56/29 327/58/28
f 320/49/25 325/116/26 29/115/25
f 320/49/25 322/52/26 325/116/26
f 322/52/26 30/118/27 325/116/26
f 322/52/26 324/55/27 30/118/27
f 322/52/26 323/51/26 324/55/27
f 323/51/26 14/53/27 324/55/27
f 319/50/24 321/113/24 28/110/23
f 319/50/24 320/49/25 321/113/24
f 320/49/25 29/115/25 321/113/24
f 316/47/23 319/50/24 28/110/23
f 316/47/23 318/46/24 319/50/24
f 318/46/24 13/48/25 319/50/24
f 312/41/21 317/108/22 27/107/21
f 312/41/21 314/44/22 317/108/22
f 314/44/22 28/110/23 317/108/22
f 314/44/22 316/47/23 28/110/23
f 314/44/22 315/43/22 316/47/23
f 315/43/22 12/45/23 316/47/23
f 311/42/20 313/105/20 26/102/19
f 311/42/20 312/41/21 313/105/20
f 312/41/21 27/107/21 313/105/20
f 308/39/19 311/42/20 26/102/19
f 308/39/19 310/38/20 311/42/20
f 310/38/20 11/40/21 311/42/20
f 304/33/17 309/100/18 25/99/17
f 304/33/17 306/36/18 309/100/18
f 306/36/18 26/102/19 309/100/18
f 306/36/18 308/39/19 26/102/19
f 306/36/18 307/35/18 308/39/19
f 307/35/18 10/37/19 308/39/19
f 303/34/16 305/97/16 24/94/15
f 303/34/16 304/33/17 305/97/16
f 304/33/17 25/99/17 305/97/16
f 300/31/15 303/34/16 24/94/15
f 300/31/15 302/30/16 303/34/16
f 302/30/16 9/32/17 303/34/16
f 296/25/13 301/92/14 23/91/13
f 296/25/13 298/28/14 301/92/14
f 298/28/14 24/94/15 301/92/14
f 298/28/14 300/31/15 24/94/15
f 298/28/14 299/27/14 300/31/15
f 299/27/14 8/29/15 300/31/15
f 295/26/12 297/89/12 22/86/11
f 295/26/12 296/25/13 297/89/12
f 296/25/13 23/91/13 297/89/12
f 292/23/11 295/26/12 22/86/11
f 292/23/11 294/22/12 295/26/12
f 294/22/12 7/24/13 295/26/12
f 288/17/9 293/84/10 21/83/9
f 288/17/9 290/20/10 293/84/10
f 290/20/10 22/86/11 293/84/10
f 290/20/10 292/23/11 22/86/11
f 290/20/10 291/19/10 292/23/11
f 291/19/10 6/21/11 292/23/11
f 287/18/8 289/81/8 20/78/7
f 287/18/8 288/17/9 289/81/8
f 288/17/9 21/83/9 289/81/8
f 284/15/7 287/18/8 20/78/7
f 284/15/7 286/14/8 287/18/8
f 286/14/8 5/16/9 287/18/8
f 280/9/5 285/76/6 19/75/5
f 280/9/5 282/12/6 285/76/6
f 282/12/6 20/78/7 285/76/6
f 282/12/6 284/15/7 20/78/7
f 282/12/6 283/11/6 284/15/7
f 283/11/6 4/13/7 284/15/7
f 279/10/4 281/73/4 18/70/3
f 279/10/4 280/9/5 281/73/4
f 280/9/5 19/75/5 281/73/4
f 275/7/3 279/10/4 18/70/3
f 275/7/3 278/6/4 279/10/4
f 278/6/4 3/8/5 279/10/4
f 276/4/1 277/68/2 17/67/1
f 276/4/1 273/3/2 277/68/2
f 273/3/2 18/70/3 277/68/2
f 273/3/2 275/7/3 18/70/3
f 273/3/2 274/2/2 275/7/3
f 274/2/2 2/5/3 275/7/3
