# Blender 4.4.3
# www.blender.org
o squarex_64x64_init
v 0.000000 0.158310 1.000000
v -0.015600 0.157544 1.000000
v -0.031050 0.155252 1.000000
v -0.046200 0.151457 1.000000
v -0.060906 0.146195 1.000000
v -0.075025 0.139517 1.000000
v -0.088422 0.131488 1.000000
v -0.100967 0.122183 1.000000
v -0.112540 0.111695 1.000000
v -0.123028 0.100122 1.000000
v -0.132332 0.087577 1.000000
v -0.140362 0.074180 1.000000
v -0.147040 0.060061 1.000000
v -0.152302 0.045355 1.000000
v -0.156097 0.030205 1.000000
v -0.158389 0.014755 1.000000
v -0.159155 -0.000845 1.000000
v -0.158389 -0.016445 1.000000
v -0.156097 -0.031895 1.000000
v -0.152302 -0.047045 1.000000
v -0.147040 -0.061751 1.000000
v -0.140362 -0.075870 1.000000
v -0.132333 -0.089267 1.000000
v -0.123028 -0.101812 1.000000
v -0.112540 -0.113385 1.000000
v -0.100967 -0.123873 1.000000
v -0.088422 -0.133177 1.000000
v -0.075025 -0.141207 1.000000
v -0.060906 -0.147885 1.000000
v -0.046200 -0.153147 1.000000
v -0.031050 -0.156942 1.000000
v -0.015600 -0.159234 1.000000
v 0.000000 -0.160000 1.000000
v 0.015600 -0.159234 1.000000
v 0.031050 -0.156942 1.000000
v 0.046200 -0.153147 1.000000
v 0.060906 -0.147885 1.000000
v 0.075025 -0.141207 1.000000
v 0.088422 -0.133177 1.000000
v 0.100967 -0.123873 1.000000
v 0.112540 -0.113385 1.000000
v 0.123028 -0.101812 1.000000
v 0.132333 -0.089267 1.000000
v 0.140362 -0.075870 1.000000
v 0.147040 -0.061751 1.000000
v 0.152302 -0.047045 1.000000
v 0.156097 -0.031895 1.000000
v 0.158389 -0.016445 1.000000
v 0.159155 -0.000845 1.000000
v 0.158389 0.014755 1.000000
v 0.156097 0.030205 1.000000
v 0.152302 0.045355 1.000000
v 0.147040 0.060061 1.000000
v 0.140362 0.074180 1.000000
v 0.132332 0.087577 1.000000
v 0.123028 0.100122 1.000000
v 0.112540 0.111695 1.000000
v 0.100967 0.122183 1.000000
v 0.088422 0.131488 1.000000
v 0.075025 0.139517 1.000000
v 0.060906 0.146195 1.000000
v 0.046200 0.151457 1.000000
v 0.031050 0.155252 1.000000
v 0.015600 0.157544 1.000000
v -0.000000 0.158310 1.000000
v 0.000000 0.158310 0.968750
v -0.015600 0.157544 0.968750
v -0.031050 0.155252 0.968750
v -0.046200 0.151457 0.968750
v -0.060906 0.146195 0.968750
v -0.075025 0.139517 0.968750
v -0.088422 0.131488 0.968750
v -0.100967 0.122183 0.968750
v -0.112540 0.111695 0.968750
v -0.123028 0.100122 0.968750
v -0.132332 0.087577 0.968750
v -0.140362 0.074180 0.968750
v -0.147040 0.060061 0.968750
v -0.152302 0.045355 0.968750
v -0.156097 0.030205 0.968750
v -0.158389 0.014755 0.968750
v -0.159155 -0.000845 0.968750
v -0.158389 -0.016445 0.968750
v -0.156097 -0.031895 0.968750
v -0.152302 -0.047045 0.968750
v -0.147040 -0.061751 0.968750
v -0.140362 -0.075870 0.968750
v -0.132333 -0.089267 0.968750
v -0.123028 -0.101812 0.968750
v -0.112540 -0.113385 0.968750
v -0.100967 -0.123873 0.968750
v -0.088422 -0.133177 0.968750
v -0.075025 -0.141207 0.968750
v -0.060906 -0.147885 0.968750
v -0.046200 -0.153147 0.968750
v -0.031050 -0.156942 0.968750
v -0.015600 -0.159234 0.968750
v 0.000000 -0.160000 0.968750
v 0.015600 -0.159234 0.968750
v 0.031050 -0.156942 0.968750
v 0.046200 -0.153147 0.968750
v 0.060906 -0.147885 0.968750
v 0.075025 -0.141207 0.968750
v 0.088422 -0.133177 0.968750
v 0.100967 -0.123873 0.968750
v 0.112540 -0.113385 0.968750
v 0.123028 -0.101812 0.968750
v 0.132333 -0.089267 0.968750
v 0.140362 -0.075870 0.968750
v 0.147040 -0.061751 0.968750
v 0.152302 -0.047045 0.968750
v 0.156097 -0.031895 0.968750
v 0.158389 -0.016445 0.968750
v 0.159155 -0.000845 0.968750
v 0.158389 0.014755 0.968750
v 0.156097 0.030205 0.968750
v 0.152302 0.045355 0.968750
v 0.147040 0.060061 0.968750
v 0.140362 0.074180 0.968750
v 0.132332 0.087577 0.968750
v 0.123028 0.100122 0.968750
v 0.112540 0.111695 0.968750
v 0.100967 0.122183 0.968750
v 0.088422 0.131488 0.968750
v 0.075025 0.139517 0.968750
v 0.060906 0.146195 0.968750
v 0.046200 0.151457 0.968750
v 0.031050 0.155252 0.968750
v 0.015600 0.157544 0.968750
v -0.000000 0.158310 0.968750
v 0.000000 0.158310 0.937500
v -0.015600 0.157544 0.937500
v -0.031050 0.155252 0.937500
v -0.046200 0.151457 0.937500
v -0.060906 0.146195 0.937500
v -0.075025 0.139517 0.937500
v -0.088422 0.131488 0.937500
v -0.100967 0.122183 0.937500
v -0.112540 0.111695 0.937500
v -0.123028 0.100122 0.937500
v -0.132332 0.087577 0.937500
v -0.140362 0.074180 0.937500
v -0.147040 0.060061 0.937500
v -0.152302 0.045355 0.937500
v -0.156097 0.030205 0.937500
v -0.158389 0.014755 0.937500
v -0.159155 -0.000845 0.937500
v -0.158389 -0.016445 0.937500
v -0.156097 -0.031895 0.937500
v -0.152302 -0.047045 0.937500
v -0.147040 -0.061751 0.937500
v -0.140362 -0.075870 0.937500
v -0.132333 -0.089267 0.937500
v -0.123028 -0.101812 0.937500
v -0.112540 -0.113385 0.937500
v -0.100967 -0.123873 0.937500
v -0.088422 -0.133177 0.937500
v -0.075025 -0.141207 0.937500
v -0.060906 -0.147885 0.937500
v -0.046200 -0.153147 0.937500
v -0.031050 -0.156942 0.937500
v -0.015600 -0.159234 0.937500
v 0.000000 -0.160000 0.937500
v 0.015600 -0.159234 0.937500
v 0.031050 -0.156942 0.937500
v 0.046200 -0.153147 0.937500
v 0.060906 -0.147885 0.937500
v 0.075025 -0.141207 0.937500
v 0.088422 -0.133177 0.937500
v 0.100967 -0.123873 0.937500
v 0.112540 -0.113385 0.937500
v 0.123028 -0.101812 0.937500
v 0.132333 -0.089267 0.937500
v 0.140362 -0.075870 0.937500
v 0.147040 -0.061751 0.937500
v 0.152302 -0.047045 0.937500
v 0.156097 -0.031895 0.937500
v 0.158389 -0.016445 0.937500
v 0.159155 -0.000845 0.937500
v 0.158389 0.014755 0.937500
v 0.156097 0.030205 0.937500
v 0.152302 0.045355 0.937500
v 0.147040 0.060061 0.937500
v 0.140362 0.074180 0.937500
v 0.132332 0.087577 0.937500
v 0.123028 0.100122 0.937500
v 0.112540 0.111695 0.937500
v 0.100967 0.122183 0.937500
v 0.088422 0.131488 0.937500
v 0.075025 0.139517 0.937500
v 0.060906 0.146195 0.937500
v 0.046200 0.151457 0.937500
v 0.031050 0.155252 0.937500
v 0.015600 0.157544 0.937500
v -0.000000 0.158310 0.937500
v 0.000000 0.158310 0.906250
v -0.015600 0.157544 0.906250
v -0.031050 0.155252 0.906250
v -0.046200 0.151457 0.906250
v -0.060906 0.146195 0.906250
v -0.075025 0.139517 0.906250
v -0.088422 0.131488 0.906250
v -0.100967 0.122183 0.906250
v -0.112540 0.111695 0.906250
v -0.123028 0.100122 0.906250
v -0.132332 0.087577 0.906250
v -0.140362 0.074180 0.906250
v -0.147040 0.060061 0.906250
v -0.152302 0.045355 0.906250
v -0.156097 0.030205 0.906250
v -0.158389 0.014755 0.906250
v -0.159155 -0.000845 0.906250
v -0.158389 -0.016445 0.906250
v -0.156097 -0.031895 0.906250
v -0.152302 -0.047045 0.906250
v -0.147040 -0.061751 0.906250
v -0.140362 -0.075870 0.906250
v -0.132333 -0.089267 0.906250
v -0.123028 -0.101812 0.906250
v -0.112540 -0.113385 0.906250
v -0.100967 -0.123873 0.906250
v -0.088422 -0.133177 0.906250
v -0.075025 -0.141207 0.906250
v -0.060906 -0.147885 0.906250
v -0.046200 -0.153147 0.906250
v -0.031050 -0.156942 0.906250
v -0.015600 -0.159234 0.906250
v 0.000000 -0.160000 0.906250
v 0.015600 -0.159234 0.906250
v 0.031050 -0.156942 0.906250
v 0.046200 -0.153147 0.906250
v 0.060906 -0.147885 0.906250
v 0.075025 -0.141207 0.906250
v 0.088422 -0.133177 0.906250
v 0.100967 -0.123873 0.906250
v 0.112540 -0.113385 0.906250
v 0.123028 -0.101812 0.906250
v 0.132333 -0.089267 0.906250
v 0.140362 -0.075870 0.906250
v 0.147040 -0.061751 0.906250
v 0.152302 -0.047045 0.906250
v 0.156097 -0.031895 0.906250
v 0.158389 -0.016445 0.906250
v 0.159155 -0.000845 0.906250
v 0.158389 0.014755 0.906250
v 0.156097 0.030205 0.906250
v 0.152302 0.045355 0.906250
v 0.147040 0.060061 0.906250
v 0.140362 0.074180 0.906250
v 0.132332 0.087577 0.906250
v 0.123028 0.100122 0.906250
v 0.112540 0.111695 0.906250
v 0.100967 0.122183 0.906250
v 0.088422 0.131488 0.906250
v 0.075025 0.139517 0.906250
v 0.060906 0.146195 0.906250
v 0.046200 0.151457 0.906250
v 0.031050 0.155252 0.906250
v 0.015600 0.157544 0.906250
v -0.000000 0.158310 0.906250
v 0.000000 0.158310 0.875000
v -0.015600 0.157544 0.875000
v -0.031050 0.155252 0.875000
v -0.046200 0.151457 0.875000
v -0.060906 0.146195 0.875000
v -0.075025 0.139517 0.875000
v -0.088422 0.131488 0.875000
v -0.100967 0.122183 0.875000
v -0.112540 0.111695 0.875000
v -0.123028 0.100122 0.875000
v -0.132332 0.087577 0.875000
v -0.140362 0.074180 0.875000
v -0.147040 0.060061 0.875000
v -0.152302 0.045355 0.875000
v -0.156097 0.030205 0.875000
v -0.158389 0.014755 0.875000
v -0.159155 -0.000845 0.875000
v -0.158389 -0.016445 0.875000
v -0.156097 -0.031895 0.875000
v -0.152302 -0.047045 0.875000
v -0.147040 -0.061751 0.875000
v -0.140362 -0.075870 0.875000
v -0.132333 -0.089267 0.875000
v -0.123028 -0.101812 0.875000
v -0.112540 -0.113385 0.875000
v -0.100967 -0.123873 0.875000
v -0.088422 -0.133177 0.875000
v -0.075025 -0.141207 0.875000
v -0.060906 -0.147885 0.875000
v -0.046200 -0.153147 0.875000
v -0.031050 -0.156942 0.875000
v -0.015600 -0.159234 0.875000
v 0.000000 -0.160000 0.875000
v 0.015600 -0.159234 0.875000
v 0.031050 -0.156942 0.875000
v 0.046200 -0.153147 0.875000
v 0.060906 -0.147885 0.875000
v 0.075025 -0.141207 0.875000
v 0.088422 -0.133177 0.875000
v 0.100967 -0.123873 0.875000
v 0.112540 -0.113385 0.875000
v 0.123028 -0.101812 0.875000
v 0.132333 -0.089267 0.875000
v 0.140362 -0.075870 0.875000
v 0.147040 -0.061751 0.875000
v 0.152302 -0.047045 0.875000
v 0.156097 -0.031895 0.875000
v 0.158389 -0.016445 0.875000
v 0.159155 -0.000845 0.875000
v 0.158389 0.014755 0.875000
v 0.156097 0.030205 0.875000
v 0.152302 0.045355 0.875000
v 0.147040 0.060061 0.875000
v 0.140362 0.074180 0.875000
v 0.132332 0.087577 0.875000
v 0.123028 0.100122 0.875000
v 0.112540 0.111695 0.875000
v 0.100967 0.122183 0.875000
v 0.088422 0.131488 0.875000
v 0.075025 0.139517 0.875000
v 0.060906 0.146195 0.875000
v 0.046200 0.151457 0.875000
v 0.031050 0.155252 0.875000
v 0.015600 0.157544 0.875000
v -0.000000 0.158310 0.875000
v 0.000000 0.158310 0.843750
v -0.015600 0.157544 0.843750
v -0.031050 0.155252 0.843750
v -0.046200 0.151457 0.843750
v -0.060906 0.146195 0.843750
v -0.075025 0.139517 0.843750
v -0.088422 0.131488 0.843750
v -0.100967 0.122183 0.843750
v -0.112540 0.111695 0.843750
v -0.123028 0.100122 0.843750
v -0.132332 0.087577 0.843750
v -0.140362 0.074180 0.843750
v -0.147040 0.060061 0.843750
v -0.152302 0.045355 0.843750
v -0.156097 0.030205 0.843750
v -0.158389 0.014755 0.843750
v -0.159155 -0.000845 0.843750
v -0.158389 -0.016445 0.843750
v -0.156097 -0.031895 0.843750
v -0.152302 -0.047045 0.843750
v -0.147040 -0.061751 0.843750
v -0.140362 -0.075870 0.843750
v -0.132333 -0.089267 0.843750
v -0.123028 -0.101812 0.843750
v -0.112540 -0.113385 0.843750
v -0.100967 -0.123873 0.843750
v -0.088422 -0.133177 0.843750
v -0.075025 -0.141207 0.843750
v -0.060906 -0.147885 0.843750
v -0.046200 -0.153147 0.843750
v -0.031050 -0.156942 0.843750
v -0.015600 -0.159234 0.843750
v 0.000000 -0.160000 0.843750
v 0.015600 -0.159234 0.843750
v 0.031050 -0.156942 0.843750
v 0.046200 -0.153147 0.843750
v 0.060906 -0.147885 0.843750
v 0.075025 -0.141207 0.843750
v 0.088422 -0.133177 0.843750
v 0.100967 -0.123873 0.843750
v 0.112540 -0.113385 0.843750
v 0.123028 -0.101812 0.843750
v 0.132333 -0.089267 0.843750
v 0.140362 -0.075870 0.843750
v 0.147040 -0.061751 0.843750
v 0.152302 -0.047045 0.843750
v 0.156097 -0.031895 0.843750
v 0.158389 -0.016445 0.843750
v 0.159155 -0.000845 0.843750
v 0.158389 0.014755 0.843750
v 0.156097 0.030205 0.843750
v 0.152302 0.045355 0.843750
v 0.147040 0.060061 0.843750
v 0.140362 0.074180 0.843750
v 0.132332 0.087577 0.843750
v 0.123028 0.100122 0.843750
v 0.112540 0.111695 0.843750
v 0.100967 0.122183 0.843750
v 0.088422 0.131488 0.843750
v 0.075025 0.139517 0.843750
v 0.060906 0.146195 0.843750
v 0.046200 0.151457 0.843750
v 0.031050 0.155252 0.843750
v 0.015600 0.157544 0.843750
v -0.000000 0.158310 0.843750
v 0.000000 0.158310 0.812500
v -0.015600 0.157544 0.812500
v -0.031050 0.155252 0.812500
v -0.046200 0.151457 0.812500
v -0.060906 0.146195 0.812500
v -0.075025 0.139517 0.812500
v -0.088422 0.131488 0.812500
v -0.100967 0.122183 0.812500
v -0.112540 0.111695 0.812500
v -0.123028 0.100122 0.812500
v -0.132332 0.087577 0.812500
v -0.140362 0.074180 0.812500
v -0.147040 0.060061 0.812500
v -0.152302 0.045355 0.812500
v -0.156097 0.030205 0.812500
v -0.158389 0.014755 0.812500
v -0.159155 -0.000845 0.812500
v -0.158389 -0.016445 0.812500
v -0.156097 -0.031895 0.812500
v -0.152302 -0.047045 0.812500
v -0.147040 -0.061751 0.812500
v -0.140362 -0.075870 0.812500
v -0.132333 -0.089267 0.812500
v -0.123028 -0.101812 0.812500
v -0.112540 -0.113385 0.812500
v -0.100967 -0.123873 0.812500
v -0.088422 -0.133177 0.812500
v -0.075025 -0.141207 0.812500
v -0.060906 -0.147885 0.812500
v -0.046200 -0.153147 0.812500
v -0.031050 -0.156942 0.812500
v -0.015600 -0.159234 0.812500
v 0.000000 -0.160000 0.812500
v 0.015600 -0.159234 0.812500
v 0.031050 -0.156942 0.812500
v 0.046200 -0.153147 0.812500
v 0.060906 -0.147885 0.812500
v 0.075025 -0.141207 0.812500
v 0.088422 -0.133177 0.812500
v 0.100967 -0.123873 0.812500
v 0.112540 -0.113385 0.812500
v 0.123028 -0.101812 0.812500
v 0.132333 -0.089267 0.812500
v 0.140362 -0.075870 0.812500
v 0.147040 -0.061751 0.812500
v 0.152302 -0.047045 0.812500
v 0.156097 -0.031895 0.812500
v 0.158389 -0.016445 0.812500
v 0.159155 -0.000845 0.812500
v 0.158389 0.014755 0.812500
v 0.156097 0.030205 0.812500
v 0.152302 0.045355 0.812500
v 0.147040 0.060061 0.812500
v 0.140362 0.074180 0.812500
v 0.132332 0.087577 0.812500
v 0.123028 0.100122 0.812500
v 0.112540 0.111695 0.812500
v 0.100967 0.122183 0.812500
v 0.088422 0.131488 0.812500
v 0.075025 0.139517 0.812500
v 0.060906 0.146195 0.812500
v 0.046200 0.151457 0.812500
v 0.031050 0.155252 0.812500
v 0.015600 0.157544 0.812500
v -0.000000 0.158310 0.812500
v 0.000000 0.158310 0.781250
v -0.015600 0.157544 0.781250
v -0.031050 0.155252 0.781250
v -0.046200 0.151457 0.781250
v -0.060906 0.146195 0.781250
v -0.075025 0.139517 0.781250
v -0.088422 0.131488 0.781250
v -0.100967 0.122183 0.781250
v -0.112540 0.111695 0.781250
v -0.123028 0.100122 0.781250
v -0.132332 0.087577 0.781250
v -0.140362 0.074180 0.781250
v -0.147040 0.060061 0.781250
v -0.152302 0.045355 0.781250
v -0.156097 0.030205 0.781250
v -0.158389 0.014755 0.781250
v -0.159155 -0.000845 0.781250
v -0.158389 -0.016445 0.781250
v -0.156097 -0.031895 0.781250
v -0.152302 -0.047045 0.781250
v -0.147040 -0.061751 0.781250
v -0.140362 -0.075870 0.781250
v -0.132333 -0.089267 0.781250
v -0.123028 -0.101812 0.781250
v -0.112540 -0.113385 0.781250
v -0.100967 -0.123873 0.781250
v -0.088422 -0.133177 0.781250
v -0.075025 -0.141207 0.781250
v -0.060906 -0.147885 0.781250
v -0.046200 -0.153147 0.781250
v -0.031050 -0.156942 0.781250
v -0.015600 -0.159234 0.781250
v 0.000000 -0.160000 0.781250
v 0.015600 -0.159234 0.781250
v 0.031050 -0.156942 0.781250
v 0.046200 -0.153147 0.781250
v 0.060906 -0.147885 0.781250
v 0.075025 -0.141207 0.781250
v 0.088422 -0.133177 0.781250
v 0.100967 -0.123873 0.781250
v 0.112540 -0.113385 0.781250
v 0.123028 -0.101812 0.781250
v 0.132333 -0.089267 0.781250
v 0.140362 -0.075870 0.781250
v 0.147040 -0.061751 0.781250
v 0.152302 -0.047045 0.781250
v 0.156097 -0.031895 0.781250
v 0.158389 -0.016445 0.781250
v 0.159155 -0.000845 0.781250
v 0.158389 0.014755 0.781250
v 0.156097 0.030205 0.781250
v 0.152302 0.045355 0.781250
v 0.147040 0.060061 0.781250
v 0.140362 0.074180 0.781250
v 0.132332 0.087577 0.781250
v 0.123028 0.100122 0.781250
v 0.112540 0.111695 0.781250
v 0.100967 0.122183 0.781250
v 0.088422 0.131488 0.781250
v 0.075025 0.139517 0.781250
v 0.060906 0.146195 0.781250
v 0.046200 0.151457 0.781250
v 0.031050 0.155252 0.781250
v 0.015600 0.157544 0.781250
v -0.000000 0.158310 0.781250
v 0.000000 0.158310 0.750000
v -0.015600 0.157544 0.750000
v -0.031050 0.155252 0.750000
v -0.046200 0.151457 0.750000
v -0.060906 0.146195 0.750000
v -0.075025 0.139517 0.750000
v -0.088422 0.131488 0.750000
v -0.100967 0.122183 0.750000
v -0.112540 0.111695 0.750000
v -0.123028 0.100122 0.750000
v -0.132332 0.087577 0.750000
v -0.140362 0.074180 0.750000
v -0.147040 0.060061 0.750000
v -0.152302 0.045355 0.750000
v -0.156097 0.030205 0.750000
v -0.158389 0.014755 0.750000
v -0.159155 -0.000845 0.750000
v -0.158389 -0.016445 0.750000
v -0.156097 -0.031895 0.750000
v -0.152302 -0.047045 0.750000
v -0.147040 -0.061751 0.750000
v -0.140362 -0.075870 0.750000
v -0.132333 -0.089267 0.750000
v -0.123028 -0.101812 0.750000
v -0.112540 -0.113385 0.750000
v -0.100967 -0.123873 0.750000
v -0.088422 -0.133177 0.750000
v -0.075025 -0.141207 0.750000
v -0.060906 -0.147885 0.750000
v -0.046200 -0.153147 0.750000
v -0.031050 -0.156942 0.750000
v -0.015600 -0.159234 0.750000
v 0.000000 -0.160000 0.750000
v 0.015600 -0.159234 0.750000
v 0.031050 -0.156942 0.750000
v 0.046200 -0.153147 0.750000
v 0.060906 -0.147885 0.750000
v 0.075025 -0.141207 0.750000
v 0.088422 -0.133177 0.750000
v 0.100967 -0.123873 0.750000
v 0.112540 -0.113385 0.750000
v 0.123028 -0.101812 0.750000
v 0.132333 -0.089267 0.750000
v 0.140362 -0.075870 0.750000
v 0.147040 -0.061751 0.750000
v 0.152302 -0.047045 0.750000
v 0.156097 -0.031895 0.750000
v 0.158389 -0.016445 0.750000
v 0.159155 -0.000845 0.750000
v 0.158389 0.014755 0.750000
v 0.156097 0.030205 0.750000
v 0.152302 0.045355 0.750000
v 0.147040 0.060061 0.750000
v 0.140362 0.074180 0.750000
v 0.132332 0.087577 0.750000
v 0.123028 0.100122 0.750000
v 0.112540 0.111695 0.750000
v 0.100967 0.122183 0.750000
v 0.088422 0.131488 0.750000
v 0.075025 0.139517 0.750000
v 0.060906 0.146195 0.750000
v 0.046200 0.151457 0.750000
v 0.031050 0.155252 0.750000
v 0.015600 0.157544 0.750000
v -0.000000 0.158310 0.750000
v 0.000000 0.158310 0.718750
v -0.015600 0.157544 0.718750
v -0.031050 0.155252 0.718750
v -0.046200 0.151457 0.718750
v -0.060906 0.146195 0.718750
v -0.075025 0.139517 0.718750
v -0.088422 0.131488 0.718750
v -0.100967 0.122183 0.718750
v -0.112540 0.111695 0.718750
v -0.123028 0.100122 0.718750
v -0.132332 0.087577 0.718750
v -0.140362 0.074180 0.718750
v -0.147040 0.060061 0.718750
v -0.152302 0.045355 0.718750
v -0.156097 0.030205 0.718750
v -0.158389 0.014755 0.718750
v -0.159155 -0.000845 0.718750
v -0.158389 -0.016445 0.718750
v -0.156097 -0.031895 0.718750
v -0.152302 -0.047045 0.718750
v -0.147040 -0.061751 0.718750
v -0.140362 -0.075870 0.718750
v -0.132333 -0.089267 0.718750
v -0.123028 -0.101812 0.718750
v -0.112540 -0.113385 0.718750
v -0.100967 -0.123873 0.718750
v -0.088422 -0.133177 0.718750
v -0.075025 -0.141207 0.718750
v -0.060906 -0.147885 0.718750
v -0.046200 -0.153147 0.718750
v -0.031050 -0.156942 0.718750
v -0.015600 -0.159234 0.718750
v 0.000000 -0.160000 0.718750
v 0.015600 -0.159234 0.718750
v 0.031050 -0.156942 0.718750
v 0.046200 -0.153147 0.718750
v 0.060906 -0.147885 0.718750
v 0.075025 -0.141207 0.718750
v 0.088422 -0.133177 0.718750
v 0.100967 -0.123873 0.718750
v 0.112540 -0.113385 0.718750
v 0.123028 -0.101812 0.718750
v 0.132333 -0.089267 0.718750
v 0.140362 -0.075870 0.718750
v 0.147040 -0.061751 0.718750
v 0.152302 -0.047045 0.718750
v 0.156097 -0.031895 0.718750
v 0.158389 -0.016445 0.718750
v 0.159155 -0.000845 0.718750
v 0.158389 0.014755 0.718750
v 0.156097 0.030205 0.718750
v 0.152302 0.045355 0.718750
v 0.147040 0.060061 0.718750
v 0.140362 0.074180 0.718750
v 0.132332 0.087577 0.718750
v 0.123028 0.100122 0.718750
v 0.112540 0.111695 0.718750
v 0.100967 0.122183 0.718750
v 0.088422 0.131488 0.718750
v 0.075025 0.139517 0.718750
v 0.060906 0.146195 0.718750
v 0.046200 0.151457 0.718750
v 0.031050 0.155252 0.718750
v 0.015600 0.157544 0.718750
v -0.000000 0.158310 0.718750
v 0.000000 0.158310 0.687500
v -0.015600 0.157544 0.687500
v -0.031050 0.155252 0.687500
v -0.046200 0.151457 0.687500
v -0.060906 0.146195 0.687500
v -0.075025 0.139517 0.687500
v -0.088422 0.131488 0.687500
v -0.100967 0.122183 0.687500
v -0.112540 0.111695 0.687500
v -0.123028 0.100122 0.687500
v -0.132332 0.087577 0.687500
v -0.140362 0.074180 0.687500
v -0.147040 0.060061 0.687500
v -0.152302 0.045355 0.687500
v -0.156097 0.030205 0.687500
v -0.158389 0.014755 0.687500
v -0.159155 -0.000845 0.687500
v -0.158389 -0.016445 0.687500
v -0.156097 -0.031895 0.687500
v -0.152302 -0.047045 0.687500
v -0.147040 -0.061751 0.687500
v -0.140362 -0.075870 0.687500
v -0.132333 -0.089267 0.687500
v -0.123028 -0.101812 0.687500
v -0.112540 -0.113385 0.687500
v -0.100967 -0.123873 0.687500
v -0.088422 -0.133178 0.687500
v -0.075025 -0.141207 0.687500
v -0.060906 -0.147885 0.687500
v -0.046200 -0.153147 0.687500
v -0.031050 -0.156942 0.687500
v -0.015600 -0.159234 0.687500
v 0.000000 -0.160000 0.687500
v 0.015600 -0.159234 0.687500
v 0.031050 -0.156942 0.687500
v 0.046200 -0.153147 0.687500
v 0.060906 -0.147885 0.687500
v 0.075025 -0.141207 0.687500
v 0.088422 -0.133178 0.687500
v 0.100967 -0.123873 0.687500
v 0.112540 -0.113385 0.687500
v 0.123028 -0.101812 0.687500
v 0.132333 -0.089267 0.687500
v 0.140362 -0.075870 0.687500
v 0.147040 -0.061751 0.687500
v 0.152302 -0.047045 0.687500
v 0.156097 -0.031895 0.687500
v 0.158389 -0.016445 0.687500
v 0.159155 -0.000845 0.687500
v 0.158389 0.014755 0.687500
v 0.156097 0.030205 0.687500
v 0.152302 0.045355 0.687500
v 0.147040 0.060061 0.687500
v 0.140362 0.074180 0.687500
v 0.132332 0.087577 0.687500
v 0.123028 0.100122 0.687500
v 0.112540 0.111695 0.687500
v 0.100967 0.122183 0.687500
v 0.088422 0.131488 0.687500
v 0.075025 0.139517 0.687500
v 0.060906 0.146195 0.687500
v 0.046200 0.151457 0.687500
v 0.031050 0.155252 0.687500
v 0.015600 0.157544 0.687500
v -0.000000 0.158310 0.687500
v 0.000000 0.158310 0.656250
v -0.015600 0.157544 0.656250
v -0.031050 0.155252 0.656250
v -0.046200 0.151457 0.656250
v -0.060906 0.146195 0.656250
v -0.075025 0.139517 0.656250
v -0.088422 0.131488 0.656250
v -0.100967 0.122183 0.656250
v -0.112540 0.111695 0.656250
v -0.123028 0.100122 0.656250
v -0.132332 0.087577 0.656250
v -0.140362 0.074180 0.656250
v -0.147040 0.060061 0.656250
v -0.152302 0.045355 0.656250
v -0.156097 0.030205 0.656250
v -0.158389 0.014755 0.656250
v -0.159155 -0.000845 0.656250
v -0.158389 -0.016445 0.656250
v -0.156097 -0.031895 0.656250
v -0.152302 -0.047045 0.656250
v -0.147040 -0.061751 0.656250
v -0.140362 -0.075870 0.656250
v -0.132333 -0.089267 0.656250
v -0.123028 -0.101812 0.656250
v -0.112540 -0.113385 0.656250
v -0.100967 -0.123873 0.656250
v -0.088422 -0.133178 0.656250
v -0.075025 -0.141207 0.656250
v -0.060906 -0.147885 0.656250
v -0.046200 -0.153147 0.656250
v -0.031050 -0.156942 0.656250
v -0.015600 -0.159234 0.656250
v 0.000000 -0.160000 0.656250
v 0.015600 -0.159234 0.656250
v 0.031050 -0.156942 0.656250
v 0.046200 -0.153147 0.656250
v 0.060906 -0.147885 0.656250
v 0.075025 -0.141207 0.656250
v 0.088422 -0.133178 0.656250
v 0.100967 -0.123873 0.656250
v 0.112540 -0.113385 0.656250
v 0.123028 -0.101812 0.656250
v 0.132333 -0.089267 0.656250
v 0.140362 -0.075870 0.656250
v 0.147040 -0.061751 0.656250
v 0.152302 -0.047045 0.656250
v 0.156097 -0.031895 0.656250
v 0.158389 -0.016445 0.656250
v 0.159155 -0.000845 0.656250
v 0.158389 0.014755 0.656250
v 0.156097 0.030205 0.656250
v 0.152302 0.045355 0.656250
v 0.147040 0.060061 0.656250
v 0.140362 0.074180 0.656250
v 0.132332 0.087577 0.656250
v 0.123028 0.100122 0.656250
v 0.112540 0.111695 0.656250
v 0.100967 0.122183 0.656250
v 0.088422 0.131488 0.656250
v 0.075025 0.139517 0.656250
v 0.060906 0.146195 0.656250
v 0.046200 0.151457 0.656250
v 0.031050 0.155252 0.656250
v 0.015600 0.157544 0.656250
v -0.000000 0.158310 0.656250
v 0.000000 0.158310 0.625000
v -0.015600 0.157544 0.625000
v -0.031050 0.155252 0.625000
v -0.046200 0.151457 0.625000
v -0.060906 0.146195 0.625000
v -0.075025 0.139517 0.625000
v -0.088422 0.131488 0.625000
v -0.100967 0.122183 0.625000
v -0.112540 0.111695 0.625000
v -0.123028 0.100122 0.625000
v -0.132332 0.087577 0.625000
v -0.140362 0.074180 0.625000
v -0.147040 0.060061 0.625000
v -0.152302 0.045355 0.625000
v -0.156097 0.030205 0.625000
v -0.158389 0.014755 0.625000
v -0.159155 -0.000845 0.625000
v -0.158389 -0.016445 0.625000
v -0.156097 -0.031895 0.625000
v -0.152302 -0.047045 0.625000
v -0.147040 -0.061751 0.625000
v -0.140362 -0.075870 0.625000
v -0.132333 -0.089267 0.625000
v -0.123028 -0.101812 0.625000
v -0.112540 -0.113385 0.625000
v -0.100967 -0.123873 0.625000
v -0.088422 -0.133178 0.625000
v -0.075025 -0.141207 0.625000
v -0.060906 -0.147885 0.625000
v -0.046200 -0.153147 0.625000
v -0.031050 -0.156942 0.625000
v -0.015600 -0.159234 0.625000
v 0.000000 -0.160000 0.625000
v 0.015600 -0.159234 0.625000
v 0.031050 -0.156942 0.625000
v 0.046200 -0.153147 0.625000
v 0.060906 -0.147885 0.625000
v 0.075025 -0.141207 0.625000
v 0.088422 -0.133178 0.625000
v 0.100967 -0.123873 0.625000
v 0.112540 -0.113385 0.625000
v 0.123028 -0.101812 0.625000
v 0.132333 -0.089267 0.625000
v 0.140362 -0.075870 0.625000
v 0.147040 -0.061751 0.625000
v 0.152302 -0.047045 0.625000
v 0.156097 -0.031895 0.625000
v 0.158389 -0.016445 0.625000
v 0.159155 -0.000845 0.625000
v 0.158389 0.014755 0.625000
v 0.156097 0.030205 0.625000
v 0.152302 0.045355 0.625000
v 0.147040 0.060061 0.625000
v 0.140362 0.074180 0.625000
v 0.132332 0.087577 0.625000
v 0.123028 0.100122 0.625000
v 0.112540 0.111695 0.625000
v 0.100967 0.122183 0.625000
v 0.088422 0.131488 0.625000
v 0.075025 0.139517 0.625000
v 0.060906 0.146195 0.625000
v 0.046200 0.151457 0.625000
v 0.031050 0.155252 0.625000
v 0.015600 0.157544 0.625000
v -0.000000 0.158310 0.625000
v 0.000000 0.158310 0.593750
v -0.015600 0.157544 0.593750
v -0.031050 0.155252 0.593750
v -0.046200 0.151457 0.593750
v -0.060906 0.146195 0.593750
v -0.075025 0.139517 0.593750
v -0.088422 0.131488 0.593750
v -0.100967 0.122183 0.593750
v -0.112540 0.111695 0.593750
v -0.123028 0.100122 0.593750
v -0.132332 0.087577 0.593750
v -0.140362 0.074180 0.593750
v -0.147040 0.060061 0.593750
v -0.152302 0.045355 0.593750
v -0.156097 0.030205 0.593750
v -0.158389 0.014755 0.593750
v -0.159155 -0.000845 0.593750
v -0.158389 -0.016445 0.593750
v -0.156097 -0.031895 0.593750
v -0.152302 -0.047045 0.593750
v -0.147040 -0.061751 0.593750
v -0.140362 -0.075870 0.593750
v -0.132333 -0.089267 0.593750
v -0.123028 -0.101812 0.593750
v -0.112540 -0.113385 0.593750
v -0.100967 -0.123873 0.593750
v -0.088422 -0.133178 0.593750
v -0.075025 -0.141207 0.593750
v -0.060906 -0.147885 0.593750
v -0.046200 -0.153147 0.593750
v -0.031050 -0.156942 0.593750
v -0.015600 -0.159234 0.593750
v 0.000000 -0.160000 0.593750
v 0.015600 -0.159234 0.593750
v 0.031050 -0.156942 0.593750
v 0.046200 -0.153147 0.593750
v 0.060906 -0.147885 0.593750
v 0.075025 -0.141207 0.593750
v 0.088422 -0.133178 0.593750
v 0.100967 -0.123873 0.593750
v 0.112540 -0.113385 0.593750
v 0.123028 -0.101812 0.593750
v 0.132333 -0.089267 0.593750
v 0.140362 -0.075870 0.593750
v 0.147040 -0.061751 0.593750
v 0.152302 -0.047045 0.593750
v 0.156097 -0.031895 0.593750
v 0.158389 -0.016445 0.593750
v 0.159155 -0.000845 0.593750
v 0.158389 0.014755 0.593750
v 0.156097 0.030205 0.593750
v 0.152302 0.045355 0.593750
v 0.147040 0.060061 0.593750
v 0.140362 0.074180 0.593750
v 0.132332 0.087577 0.593750
v 0.123028 0.100122 0.593750
v 0.112540 0.111695 0.593750
v 0.100967 0.122183 0.593750
v 0.088422 0.131488 0.593750
v 0.075025 0.139517 0.593750
v 0.060906 0.146195 0.593750
v 0.046200 0.151457 0.593750
v 0.031050 0.155252 0.593750
v 0.015600 0.157544 0.593750
v -0.000000 0.158310 0.593750
v 0.000000 0.158310 0.562500
v -0.015600 0.157544 0.562500
v -0.031050 0.155252 0.562500
v -0.046200 0.151457 0.562500
v -0.060906 0.146195 0.562500
v -0.075025 0.139517 0.562500
v -0.088422 0.131487 0.562500
v -0.100967 0.122183 0.562500
v -0.112540 0.111695 0.562500
v -0.123028 0.100122 0.562500
v -0.132332 0.087577 0.562500
v -0.140362 0.074180 0.562500
v -0.147040 0.060061 0.562500
v -0.152302 0.045355 0.562500
v -0.156097 0.030205 0.562500
v -0.158389 0.014755 0.562500
v -0.159155 -0.000845 0.562500
v -0.158389 -0.016445 0.562500
v -0.156097 -0.031895 0.562500
v -0.152302 -0.047045 0.562500
v -0.147040 -0.061751 0.562500
v -0.140362 -0.075870 0.562500
v -0.132333 -0.089267 0.562500
v -0.123028 -0.101812 0.562500
v -0.112540 -0.113385 0.562500
v -0.100967 -0.123873 0.562500
v -0.088422 -0.133178 0.562500
v -0.075025 -0.141207 0.562500
v -0.060906 -0.147885 0.562500
v -0.046200 -0.153147 0.562500
v -0.031050 -0.156942 0.562500
v -0.015600 -0.159234 0.562500
v 0.000000 -0.160000 0.562500
v 0.015600 -0.159234 0.562500
v 0.031050 -0.156942 0.562500
v 0.046200 -0.153147 0.562500
v 0.060906 -0.147885 0.562500
v 0.075025 -0.141207 0.562500
v 0.088422 -0.133178 0.562500
v 0.100967 -0.123873 0.562500
v 0.112540 -0.113385 0.562500
v 0.123028 -0.101812 0.562500
v 0.132333 -0.089267 0.562500
v 0.140362 -0.075870 0.562500
v 0.147040 -0.061751 0.562500
v 0.152302 -0.047045 0.562500
v 0.156097 -0.031895 0.562500
v 0.158389 -0.016445 0.562500
v 0.159155 -0.000845 0.562500
v 0.158389 0.014755 0.562500
v 0.156097 0.030205 0.562500
v 0.152302 0.045355 0.562500
v 0.147040 0.060061 0.562500
v 0.140362 0.074180 0.562500
v 0.132332 0.087577 0.562500
v 0.123028 0.100122 0.562500
v 0.112540 0.111695 0.562500
v 0.100967 0.122183 0.562500
v 0.088422 0.131487 0.562500
v 0.075025 0.139517 0.562500
v 0.060906 0.146195 0.562500
v 0.046200 0.151457 0.562500
v 0.031050 0.155252 0.562500
v 0.015600 0.157544 0.562500
v -0.000000 0.158310 0.562500
v 0.000000 0.158310 0.531250
v -0.015600 0.157544 0.531250
v -0.031050 0.155252 0.531250
v -0.046200 0.151457 0.531250
v -0.060906 0.146195 0.531250
v -0.075025 0.139517 0.531250
v -0.088422 0.131487 0.531250
v -0.100967 0.122183 0.531250
v -0.112540 0.111695 0.531250
v -0.123028 0.100122 0.531250
v -0.132332 0.087577 0.531250
v -0.140362 0.074180 0.531250
v -0.147040 0.060061 0.531250
v -0.152302 0.045355 0.531250
v -0.156097 0.030205 0.531250
v -0.158389 0.014755 0.531250
v -0.159155 -0.000845 0.531250
v -0.158389 -0.016445 0.531250
v -0.156097 -0.031895 0.531250
v -0.152302 -0.047045 0.531250
v -0.147040 -0.061751 0.531250
v -0.140362 -0.075870 0.531250
v -0.132333 -0.089267 0.531250
v -0.123028 -0.101812 0.531250
v -0.112540 -0.113385 0.531250
v -0.100967 -0.123873 0.531250
v -0.088422 -0.133178 0.531250
v -0.075025 -0.141207 0.531250
v -0.060906 -0.147885 0.531250
v -0.046200 -0.153147 0.531250
v -0.031050 -0.156942 0.531250
v -0.015600 -0.159234 0.531250
v 0.000000 -0.160000 0.531250
v 0.015600 -0.159234 0.531250
v 0.031050 -0.156942 0.531250
v 0.046200 -0.153147 0.531250
v 0.060906 -0.147885 0.531250
v 0.075025 -0.141207 0.531250
v 0.088422 -0.133178 0.531250
v 0.100967 -0.123873 0.531250
v 0.112540 -0.113385 0.531250
v 0.123028 -0.101812 0.531250
v 0.132333 -0.089267 0.531250
v 0.140362 -0.075870 0.531250
v 0.147040 -0.061751 0.531250
v 0.152302 -0.047045 0.531250
v 0.156097 -0.031895 0.531250
v 0.158389 -0.016445 0.531250
v 0.159155 -0.000845 0.531250
v 0.158389 0.014755 0.531250
v 0.156097 0.030205 0.531250
v 0.152302 0.045355 0.531250
v 0.147040 0.060061 0.531250
v 0.140362 0.074180 0.531250
v 0.132332 0.087577 0.531250
v 0.123028 0.100122 0.531250
v 0.112540 0.111695 0.531250
v 0.100967 0.122183 0.531250
v 0.088422 0.131487 0.531250
v 0.075025 0.139517 0.531250
v 0.060906 0.146195 0.531250
v 0.046200 0.151457 0.531250
v 0.031050 0.155252 0.531250
v 0.015600 0.157544 0.531250
v -0.000000 0.158310 0.531250
v 0.000000 0.158310 0.500000
v -0.015600 0.157544 0.500000
v -0.031050 0.155252 0.500000
v -0.046200 0.151457 0.500000
v -0.060906 0.146195 0.500000
v -0.075025 0.139517 0.500000
v -0.088422 0.131487 0.500000
v -0.100967 0.122183 0.500000
v -0.112540 0.111695 0.500000
v -0.123028 0.100122 0.500000
v -0.132332 0.087577 0.500000
v -0.140362 0.074180 0.500000
v -0.147040 0.060061 0.500000
v -0.152302 0.045355 0.500000
v -0.156097 0.030205 0.500000
v -0.158389 0.014755 0.500000
v -0.159155 -0.000845 0.500000
v -0.158389 -0.016445 0.500000
v -0.156097 -0.031895 0.500000
v -0.152302 -0.047045 0.500000
v -0.147040 -0.061751 0.500000
v -0.140362 -0.075870 0.500000
v -0.132333 -0.089267 0.500000
v -0.123028 -0.101812 0.500000
v -0.112540 -0.113385 0.500000
v -0.100967 -0.123873 0.500000
v -0.088422 -0.133178 0.500000
v -0.075025 -0.141207 0.500000
v -0.060906 -0.147885 0.500000
v -0.046200 -0.153147 0.500000
v -0.031050 -0.156942 0.500000
v -0.015600 -0.159234 0.500000
v 0.000000 -0.160000 0.500000
v 0.015600 -0.159234 0.500000
v 0.031050 -0.156942 0.500000
v 0.046200 -0.153147 0.500000
v 0.060906 -0.147885 0.500000
v 0.075025 -0.141207 0.500000
v 0.088422 -0.133178 0.500000
v 0.100967 -0.123873 0.500000
v 0.112540 -0.113385 0.500000
v 0.123028 -0.101812 0.500000
v 0.132333 -0.089267 0.500000
v 0.140362 -0.075870 0.500000
v 0.147040 -0.061751 0.500000
v 0.152302 -0.047045 0.500000
v 0.156097 -0.031895 0.500000
v 0.158389 -0.016445 0.500000
v 0.159155 -0.000845 0.500000
v 0.158389 0.014755 0.500000
v 0.156097 0.030205 0.500000
v 0.152302 0.045355 0.500000
v 0.147040 0.060061 0.500000
v 0.140362 0.074180 0.500000
v 0.132332 0.087577 0.500000
v 0.123028 0.100122 0.500000
v 0.112540 0.111695 0.500000
v 0.100967 0.122183 0.500000
v 0.088422 0.131487 0.500000
v 0.075025 0.139517 0.500000
v 0.060906 0.146195 0.500000
v 0.046200 0.151457 0.500000
v 0.031050 0.155252 0.500000
v 0.015600 0.157544 0.500000
v -0.000000 0.158310 0.500000
v 0.000000 0.158310 0.468750
v -0.015600 0.157544 0.468750
v -0.031050 0.155252 0.468750
v -0.046200 0.151457 0.468750
v -0.060906 0.146195 0.468750
v -0.075025 0.139517 0.468750
v -0.088422 0.131487 0.468750
v -0.100967 0.122183 0.468750
v -0.112540 0.111695 0.468750
v -0.123028 0.100122 0.468750
v -0.132332 0.087577 0.468750
v -0.140362 0.074180 0.468750
v -0.147040 0.060061 0.468750
v -0.152302 0.045355 0.468750
v -0.156097 0.030205 0.468750
v -0.158389 0.014755 0.468750
v -0.159155 -0.000845 0.468750
v -0.158389 -0.016445 0.468750
v -0.156097 -0.031895 0.468750
v -0.152302 -0.047045 0.468750
v -0.147040 -0.061751 0.468750
v -0.140362 -0.075870 0.468750
v -0.132333 -0.089267 0.468750
v -0.123028 -0.101812 0.468750
v -0.112540 -0.113385 0.468750
v -0.100967 -0.123873 0.468750
v -0.088422 -0.133178 0.468750
v -0.075025 -0.141207 0.468750
v -0.060906 -0.147885 0.468750
v -0.046200 -0.153147 0.468750
v -0.031050 -0.156942 0.468750
v -0.015600 -0.159234 0.468750
v 0.000000 -0.160000 0.468750
v 0.015600 -0.159234 0.468750
v 0.031050 -0.156942 0.468750
v 0.046200 -0.153147 0.468750
v 0.060906 -0.147885 0.468750
v 0.075025 -0.141207 0.468750
v 0.088422 -0.133178 0.468750
v 0.100967 -0.123873 0.468750
v 0.112540 -0.113385 0.468750
v 0.123028 -0.101812 0.468750
v 0.132333 -0.089267 0.468750
v 0.140362 -0.075870 0.468750
v 0.147040 -0.061751 0.468750
v 0.152302 -0.047045 0.468750
v 0.156097 -0.031895 0.468750
v 0.158389 -0.016445 0.468750
v 0.159155 -0.000845 0.468750
v 0.158389 0.014755 0.468750
v 0.156097 0.030205 0.468750
v 0.152302 0.045355 0.468750
v 0.147040 0.060061 0.468750
v 0.140362 0.074180 0.468750
v 0.132332 0.087577 0.468750
v 0.123028 0.100122 0.468750
v 0.112540 0.111695 0.468750
v 0.100967 0.122183 0.468750
v 0.088422 0.131487 0.468750
v 0.075025 0.139517 0.468750
v 0.060906 0.146195 0.468750
v 0.046200 0.151457 0.468750
v 0.031050 0.155252 0.468750
v 0.015600 0.157544 0.468750
v -0.000000 0.158310 0.468750
v 0.000000 0.158310 0.437500
v -0.015600 0.157544 0.437500
v -0.031050 0.155252 0.437500
v -0.046200 0.151457 0.437500
v -0.060906 0.146195 0.437500
v -0.075025 0.139517 0.437500
v -0.088422 0.131487 0.437500
v -0.100967 0.122183 0.437500
v -0.112540 0.111695 0.437500
v -0.123028 0.100122 0.437500
v -0.132332 0.087577 0.437500
v -0.140362 0.074180 0.437500
v -0.147040 0.060061 0.437500
v -0.152302 0.045355 0.437500
v -0.156097 0.030205 0.437500
v -0.158389 0.014755 0.437500
v -0.159155 -0.000845 0.437500
v -0.158389 -0.016445 0.437500
v -0.156097 -0.031895 0.437500
v -0.152302 -0.047045 0.437500
v -0.147040 -0.061751 0.437500
v -0.140362 -0.075870 0.437500
v -0.132333 -0.089267 0.437500
v -0.123028 -0.101812 0.437500
v -0.112540 -0.113385 0.437500
v -0.100967 -0.123873 0.437500
v -0.088422 -0.133178 0.437500
v -0.075025 -0.141207 0.437500
v -0.060906 -0.147885 0.437500
v -0.046200 -0.153147 0.437500
v -0.031050 -0.156942 0.437500
v -0.015600 -0.159234 0.437500
v 0.000000 -0.160000 0.437500
v 0.015600 -0.159234 0.437500
v 0.031050 -0.156942 0.437500
v 0.046200 -0.153147 0.437500
v 0.060906 -0.147885 0.437500
v 0.075025 -0.141207 0.437500
v 0.088422 -0.133178 0.437500
v 0.100967 -0.123873 0.437500
v 0.112540 -0.113385 0.437500
v 0.123028 -0.101812 0.437500
v 0.132333 -0.089267 0.437500
v 0.140362 -0.075870 0.437500
v 0.147040 -0.061751 0.437500
v 0.152302 -0.047045 0.437500
v 0.156097 -0.031895 0.437500
v 0.158389 -0.016445 0.437500
v 0.159155 -0.000845 0.437500
v 0.158389 0.014755 0.437500
v 0.156097 0.030205 0.437500
v 0.152302 0.045355 0.437500
v 0.147040 0.060061 0.437500
v 0.140362 0.074180 0.437500
v 0.132332 0.087577 0.437500
v 0.123028 0.100122 0.437500
v 0.112540 0.111695 0.437500
v 0.100967 0.122183 0.437500
v 0.088422 0.131487 0.437500
v 0.075025 0.139517 0.437500
v 0.060906 0.146195 0.437500
v 0.046200 0.151457 0.437500
v 0.031050 0.155252 0.437500
v 0.015600 0.157544 0.437500
v -0.000000 0.158310 0.437500
v 0.000000 0.158310 0.406250
v -0.015600 0.157544 0.406250
v -0.031050 0.155252 0.406250
v -0.046200 0.151457 0.406250
v -0.060906 0.146195 0.406250
v -0.075025 0.139517 0.406250
v -0.088422 0.131487 0.406250
v -0.100967 0.122183 0.406250
v -0.112540 0.111695 0.406250
v -0.123028 0.100122 0.406250
v -0.132332 0.087577 0.406250
v -0.140362 0.074180 0.406250
v -0.147040 0.060061 0.406250
v -0.152302 0.045355 0.406250
v -0.156097 0.030205 0.406250
v -0.158389 0.014755 0.406250
v -0.159155 -0.000845 0.406250
v -0.158389 -0.016445 0.406250
v -0.156097 -0.031895 0.406250
v -0.152302 -0.047045 0.406250
v -0.147040 -0.061751 0.406250
v -0.140362 -0.075870 0.406250
v -0.132333 -0.089267 0.406250
v -0.123028 -0.101812 0.406250
v -0.112540 -0.113385 0.406250
v -0.100967 -0.123873 0.406250
v -0.088422 -0.133178 0.406250
v -0.075025 -0.141207 0.406250
v -0.060906 -0.147885 0.406250
v -0.046200 -0.153147 0.406250
v -0.031050 -0.156942 0.406250
v -0.015600 -0.159234 0.406250
v 0.000000 -0.160000 0.406250
v 0.015600 -0.159234 0.406250
v 0.031050 -0.156942 0.406250
v 0.046200 -0.153147 0.406250
v 0.060906 -0.147885 0.406250
v 0.075025 -0.141207 0.406250
v 0.088422 -0.133178 0.406250
v 0.100967 -0.123873 0.406250
v 0.112540 -0.113385 0.406250
v 0.123028 -0.101812 0.406250
v 0.132333 -0.089267 0.406250
v 0.140362 -0.075870 0.406250
v 0.147040 -0.061751 0.406250
v 0.152302 -0.047045 0.406250
v 0.156097 -0.031895 0.406250
v 0.158389 -0.016445 0.406250
v 0.159155 -0.000845 0.406250
v 0.158389 0.014755 0.406250
v 0.156097 0.030205 0.406250
v 0.152302 0.045355 0.406250
v 0.147040 0.060061 0.406250
v 0.140362 0.074180 0.406250
v 0.132332 0.087577 0.406250
v 0.123028 0.100122 0.406250
v 0.112540 0.111695 0.406250
v 0.100967 0.122183 0.406250
v 0.088422 0.131487 0.406250
v 0.075025 0.139517 0.406250
v 0.060906 0.146195 0.406250
v 0.046200 0.151457 0.406250
v 0.031050 0.155252 0.406250
v 0.015600 0.157544 0.406250
v -0.000000 0.158310 0.406250
v 0.000000 0.158310 0.375000
v -0.015600 0.157544 0.375000
v -0.031050 0.155252 0.375000
v -0.046200 0.151457 0.375000
v -0.060906 0.146195 0.375000
v -0.075025 0.139517 0.375000
v -0.088422 0.131487 0.375000
v -0.100967 0.122183 0.375000
v -0.112540 0.111695 0.375000
v -0.123028 0.100122 0.375000
v -0.132332 0.087577 0.375000
v -0.140362 0.074180 0.375000
v -0.147040 0.060061 0.375000
v -0.152302 0.045355 0.375000
v -0.156097 0.030205 0.375000
v -0.158389 0.014755 0.375000
v -0.159155 -0.000845 0.375000
v -0.158389 -0.016445 0.375000
v -0.156097 -0.031895 0.375000
v -0.152302 -0.047045 0.375000
v -0.147040 -0.061751 0.375000
v -0.140362 -0.075870 0.375000
v -0.132333 -0.089267 0.375000
v -0.123028 -0.101812 0.375000
v -0.112540 -0.113385 0.375000
v -0.100967 -0.123873 0.375000
v -0.088422 -0.133178 0.375000
v -0.075025 -0.141207 0.375000
v -0.060906 -0.147885 0.375000
v -0.046200 -0.153147 0.375000
v -0.031050 -0.156942 0.375000
v -0.015600 -0.159234 0.375000
v 0.000000 -0.160000 0.375000
v 0.015600 -0.159234 0.375000
v 0.031050 -0.156942 0.375000
v 0.046200 -0.153147 0.375000
v 0.060906 -0.147885 0.375000
v 0.075025 -0.141207 0.375000
v 0.088422 -0.133178 0.375000
v 0.100967 -0.123873 0.375000
v 0.112540 -0.113385 0.375000
v 0.123028 -0.101812 0.375000
v 0.132333 -0.089267 0.375000
v 0.140362 -0.075870 0.375000
v 0.147040 -0.061751 0.375000
v 0.152302 -0.047045 0.375000
v 0.156097 -0.031895 0.375000
v 0.158389 -0.016445 0.375000
v 0.159155 -0.000845 0.375000
v 0.158389 0.014755 0.375000
v 0.156097 0.030205 0.375000
v 0.152302 0.045355 0.375000
v 0.147040 0.060061 0.375000
v 0.140362 0.074180 0.375000
v 0.132332 0.087577 0.375000
v 0.123028 0.100122 0.375000
v 0.112540 0.111695 0.375000
v 0.100967 0.122183 0.375000
v 0.088422 0.131487 0.375000
v 0.075025 0.139517 0.375000
v 0.060906 0.146195 0.375000
v 0.046200 0.151457 0.375000
v 0.031050 0.155252 0.375000
v 0.015600 0.157544 0.375000
v -0.000000 0.158310 0.375000
v 0.000000 0.158310 0.343750
v -0.015600 0.157544 0.343750
v -0.031050 0.155252 0.343750
v -0.046200 0.151457 0.343750
v -0.060906 0.146195 0.343750
v -0.075025 0.139517 0.343750
v -0.088422 0.131487 0.343750
v -0.100967 0.122183 0.343750
v -0.112540 0.111695 0.343750
v -0.123028 0.100122 0.343750
v -0.132332 0.087577 0.343750
v -0.140362 0.074180 0.343750
v -0.147040 0.060061 0.343750
v -0.152302 0.045355 0.343750
v -0.156097 0.030205 0.343750
v -0.158389 0.014755 0.343750
v -0.159155 -0.000845 0.343750
v -0.158389 -0.016445 0.343750
v -0.156097 -0.031895 0.343750
v -0.152302 -0.047045 0.343750
v -0.147040 -0.061751 0.343750
v -0.140362 -0.075870 0.343750
v -0.132333 -0.089267 0.343750
v -0.123028 -0.101812 0.343750
v -0.112540 -0.113385 0.343750
v -0.100967 -0.123873 0.343750
v -0.088422 -0.133178 0.343750
v -0.075025 -0.141207 0.343750
v -0.060906 -0.147885 0.343750
v -0.046200 -0.153147 0.343750
v -0.031050 -0.156942 0.343750
v -0.015600 -0.159234 0.343750
v 0.000000 -0.160000 0.343750
v 0.015600 -0.159234 0.343750
v 0.031050 -0.156942 0.343750
v 0.046200 -0.153147 0.343750
v 0.060906 -0.147885 0.343750
v 0.075025 -0.141207 0.343750
v 0.088422 -0.133178 0.343750
v 0.100967 -0.123873 0.343750
v 0.112540 -0.113385 0.343750
v 0.123028 -0.101812 0.343750
v 0.132333 -0.089267 0.343750
v 0.140362 -0.075870 0.343750
v 0.147040 -0.061751 0.343750
v 0.152302 -0.047045 0.343750
v 0.156097 -0.031895 0.343750
v 0.158389 -0.016445 0.343750
v 0.159155 -0.000845 0.343750
v 0.158389 0.014755 0.343750
v 0.156097 0.030205 0.343750
v 0.152302 0.045355 0.343750
v 0.147040 0.060061 0.343750
v 0.140362 0.074180 0.343750
v 0.132332 0.087577 0.343750
v 0.123028 0.100122 0.343750
v 0.112540 0.111695 0.343750
v 0.100967 0.122183 0.343750
v 0.088422 0.131487 0.343750
v 0.075025 0.139517 0.343750
v 0.060906 0.146195 0.343750
v 0.046200 0.151457 0.343750
v 0.031050 0.155252 0.343750
v 0.015600 0.157544 0.343750
v -0.000000 0.158310 0.343750
v 0.000000 0.158310 0.312500
v -0.015600 0.157544 0.312500
v -0.031050 0.155252 0.312500
v -0.046200 0.151457 0.312500
v -0.060906 0.146195 0.312500
v -0.075025 0.139517 0.312500
v -0.088422 0.131487 0.312500
v -0.100967 0.122183 0.312500
v -0.112540 0.111695 0.312500
v -0.123028 0.100122 0.312500
v -0.132332 0.087577 0.312500
v -0.140362 0.074180 0.312500
v -0.147040 0.060061 0.312500
v -0.152302 0.045355 0.312500
v -0.156097 0.030205 0.312500
v -0.158389 0.014755 0.312500
v -0.159155 -0.000845 0.312500
v -0.158389 -0.016445 0.312500
v -0.156097 -0.031895 0.312500
v -0.152302 -0.047045 0.312500
v -0.147040 -0.061751 0.312500
v -0.140362 -0.075870 0.312500
v -0.132333 -0.089267 0.312500
v -0.123028 -0.101812 0.312500
v -0.112540 -0.113385 0.312500
v -0.100967 -0.123873 0.312500
v -0.088422 -0.133178 0.312500
v -0.075025 -0.141207 0.312500
v -0.060906 -0.147885 0.312500
v -0.046200 -0.153147 0.312500
v -0.031050 -0.156942 0.312500
v -0.015600 -0.159234 0.312500
v 0.000000 -0.160000 0.312500
v 0.015600 -0.159234 0.312500
v 0.031050 -0.156942 0.312500
v 0.046200 -0.153147 0.312500
v 0.060906 -0.147885 0.312500
v 0.075025 -0.141207 0.312500
v 0.088422 -0.133178 0.312500
v 0.100967 -0.123873 0.312500
v 0.112540 -0.113385 0.312500
v 0.123028 -0.101812 0.312500
v 0.132333 -0.089267 0.312500
v 0.140362 -0.075870 0.312500
v 0.147040 -0.061751 0.312500
v 0.152302 -0.047045 0.312500
v 0.156097 -0.031895 0.312500
v 0.158389 -0.016445 0.312500
v 0.159155 -0.000845 0.312500
v 0.158389 0.014755 0.312500
v 0.156097 0.030205 0.312500
v 0.152302 0.045355 0.312500
v 0.147040 0.060061 0.312500
v 0.140362 0.074180 0.312500
v 0.132332 0.087577 0.312500
v 0.123028 0.100122 0.312500
v 0.112540 0.111695 0.312500
v 0.100967 0.122183 0.312500
v 0.088422 0.131487 0.312500
v 0.075025 0.139517 0.312500
v 0.060906 0.146195 0.312500
v 0.046200 0.151457 0.312500
v 0.031050 0.155252 0.312500
v 0.015600 0.157544 0.312500
v -0.000000 0.158310 0.312500
v 0.000000 0.158310 0.281250
v -0.015600 0.157544 0.281250
v -0.031050 0.155252 0.281250
v -0.046200 0.151457 0.281250
v -0.060906 0.146195 0.281250
v -0.075025 0.139517 0.281250
v -0.088422 0.131487 0.281250
v -0.100967 0.122183 0.281250
v -0.112540 0.111695 0.281250
v -0.123028 0.100122 0.281250
v -0.132332 0.087577 0.281250
v -0.140362 0.074180 0.281250
v -0.147040 0.060061 0.281250
v -0.152302 0.045355 0.281250
v -0.156097 0.030205 0.281250
v -0.158389 0.014755 0.281250
v -0.159155 -0.000845 0.281250
v -0.158389 -0.016445 0.281250
v -0.156097 -0.031895 0.281250
v -0.152302 -0.047045 0.281250
v -0.147040 -0.061751 0.281250
v -0.140362 -0.075870 0.281250
v -0.132333 -0.089267 0.281250
v -0.123028 -0.101812 0.281250
v -0.112540 -0.113385 0.281250
v -0.100967 -0.123873 0.281250
v -0.088422 -0.133178 0.281250
v -0.075025 -0.141207 0.281250
v -0.060906 -0.147885 0.281250
v -0.046200 -0.153147 0.281250
v -0.031050 -0.156942 0.281250
v -0.015600 -0.159234 0.281250
v 0.000000 -0.160000 0.281250
v 0.015600 -0.159234 0.281250
v 0.031050 -0.156942 0.281250
v 0.046200 -0.153147 0.281250
v 0.060906 -0.147885 0.281250
v 0.075025 -0.141207 0.281250
v 0.088422 -0.133178 0.281250
v 0.100967 -0.123873 0.281250
v 0.112540 -0.113385 0.281250
v 0.123028 -0.101812 0.281250
v 0.132333 -0.089267 0.281250
v 0.140362 -0.075870 0.281250
v 0.147040 -0.061751 0.281250
v 0.152302 -0.047045 0.281250
v 0.156097 -0.031895 0.281250
v 0.158389 -0.016445 0.281250
v 0.159155 -0.000845 0.281250
v 0.158389 0.014755 0.281250
v 0.156097 0.030205 0.281250
v 0.152302 0.045355 0.281250
v 0.147040 0.060061 0.281250
v 0.140362 0.074180 0.281250
v 0.132332 0.087577 0.281250
v 0.123028 0.100122 0.281250
v 0.112540 0.111695 0.281250
v 0.100967 0.122183 0.281250
v 0.088422 0.131487 0.281250
v 0.075025 0.139517 0.281250
v 0.060906 0.146195 0.281250
v 0.046200 0.151457 0.281250
v 0.031050 0.155252 0.281250
v 0.015600 0.157544 0.281250
v -0.000000 0.158310 0.281250
v 0.000000 0.158310 0.250000
v -0.015600 0.157544 0.250000
v -0.031050 0.155252 0.250000
v -0.046200 0.151457 0.250000
v -0.060906 0.146195 0.250000
v -0.075025 0.139517 0.250000
v -0.088422 0.131487 0.250000
v -0.100967 0.122183 0.250000
v -0.112540 0.111695 0.250000
v -0.123028 0.100122 0.250000
v -0.132332 0.087577 0.250000
v -0.140362 0.074180 0.250000
v -0.147040 0.060061 0.250000
v -0.152302 0.045355 0.250000
v -0.156097 0.030205 0.250000
v -0.158389 0.014755 0.250000
v -0.159155 -0.000845 0.250000
v -0.158389 -0.016445 0.250000
v -0.156097 -0.031895 0.250000
v -0.152302 -0.047045 0.250000
v -0.147040 -0.061751 0.250000
v -0.140362 -0.075870 0.250000
v -0.132333 -0.089267 0.250000
v -0.123028 -0.101812 0.250000
v -0.112540 -0.113385 0.250000
v -0.100967 -0.123873 0.250000
v -0.088422 -0.133178 0.250000
v -0.075025 -0.141207 0.250000
v -0.060906 -0.147885 0.250000
v -0.046200 -0.153147 0.250000
v -0.031050 -0.156942 0.250000
v -0.015600 -0.159234 0.250000
v 0.000000 -0.160000 0.250000
v 0.015600 -0.159234 0.250000
v 0.031050 -0.156942 0.250000
v 0.046200 -0.153147 0.250000
v 0.060906 -0.147885 0.250000
v 0.075025 -0.141207 0.250000
v 0.088422 -0.133178 0.250000
v 0.100967 -0.123873 0.250000
v 0.112540 -0.113385 0.250000
v 0.123028 -0.101812 0.250000
v 0.132333 -0.089267 0.250000
v 0.140362 -0.075870 0.250000
v 0.147040 -0.061751 0.250000
v 0.152302 -0.047045 0.250000
v 0.156097 -0.031895 0.250000
v 0.158389 -0.016445 0.250000
v 0.159155 -0.000845 0.250000
v 0.158389 0.014755 0.250000
v 0.156097 0.030205 0.250000
v 0.152302 0.045355 0.250000
v 0.147040 0.060061 0.250000
v 0.140362 0.074180 0.250000
v 0.132332 0.087577 0.250000
v 0.123028 0.100122 0.250000
v 0.112540 0.111695 0.250000
v 0.100967 0.122183 0.250000
v 0.088422 0.131487 0.250000
v 0.075025 0.139517 0.250000
v 0.060906 0.146195 0.250000
v 0.046200 0.151457 0.250000
v 0.031050 0.155252 0.250000
v 0.015600 0.157544 0.250000
v -0.000000 0.158310 0.250000
v 0.000000 0.158310 0.218750
v -0.015600 0.157544 0.218750
v -0.031050 0.155252 0.218750
v -0.046200 0.151457 0.218750
v -0.060906 0.146195 0.218750
v -0.075025 0.139517 0.218750
v -0.088422 0.131487 0.218750
v -0.100967 0.122183 0.218750
v -0.112540 0.111695 0.218750
v -0.123028 0.100122 0.218750
v -0.132332 0.087577 0.218750
v -0.140362 0.074180 0.218750
v -0.147040 0.060061 0.218750
v -0.152302 0.045355 0.218750
v -0.156097 0.030205 0.218750
v -0.158389 0.014755 0.218750
v -0.159155 -0.000845 0.218750
v -0.158389 -0.016445 0.218750
v -0.156097 -0.031895 0.218750
v -0.152302 -0.047045 0.218750
v -0.147040 -0.061751 0.218750
v -0.140362 -0.075870 0.218750
v -0.132333 -0.089267 0.218750
v -0.123028 -0.101812 0.218750
v -0.112540 -0.113385 0.218750
v -0.100967 -0.123873 0.218750
v -0.088422 -0.133178 0.218750
v -0.075025 -0.141207 0.218750
v -0.060906 -0.147885 0.218750
v -0.046200 -0.153147 0.218750
v -0.031050 -0.156942 0.218750
v -0.015600 -0.159234 0.218750
v 0.000000 -0.160000 0.218750
v 0.015600 -0.159234 0.218750
v 0.031050 -0.156942 0.218750
v 0.046200 -0.153147 0.218750
v 0.060906 -0.147885 0.218750
v 0.075025 -0.141207 0.218750
v 0.088422 -0.133178 0.218750
v 0.100967 -0.123873 0.218750
v 0.112540 -0.113385 0.218750
v 0.123028 -0.101812 0.218750
v 0.132333 -0.089267 0.218750
v 0.140362 -0.075870 0.218750
v 0.147040 -0.061751 0.218750
v 0.152302 -0.047045 0.218750
v 0.156097 -0.031895 0.218750
v 0.158389 -0.016445 0.218750
v 0.159155 -0.000845 0.218750
v 0.158389 0.014755 0.218750
v 0.156097 0.030205 0.218750
v 0.152302 0.045355 0.218750
v 0.147040 0.060061 0.218750
v 0.140362 0.074180 0.218750
v 0.132332 0.087577 0.218750
v 0.123028 0.100122 0.218750
v 0.112540 0.111695 0.218750
v 0.100967 0.122183 0.218750
v 0.088422 0.131487 0.218750
v 0.075025 0.139517 0.218750
v 0.060906 0.146195 0.218750
v 0.046200 0.151457 0.218750
v 0.031050 0.155252 0.218750
v 0.015600 0.157544 0.218750
v -0.000000 0.158310 0.218750
v 0.000000 0.158310 0.187500
v -0.015600 0.157544 0.187500
v -0.031050 0.155252 0.187500
v -0.046200 0.151457 0.187500
v -0.060906 0.146195 0.187500
v -0.075025 0.139517 0.187500
v -0.088422 0.131487 0.187500
v -0.100967 0.122183 0.187500
v -0.112540 0.111694 0.187500
v -0.123028 0.100122 0.187500
v -0.132332 0.087577 0.187500
v -0.140362 0.074180 0.187500
v -0.147040 0.060061 0.187500
v -0.152302 0.045355 0.187500
v -0.156097 0.030205 0.187500
v -0.158389 0.014755 0.187500
v -0.159155 -0.000845 0.187500
v -0.158389 -0.016445 0.187500
v -0.156097 -0.031895 0.187500
v -0.152302 -0.047045 0.187500
v -0.147040 -0.061751 0.187500
v -0.140362 -0.075870 0.187500
v -0.132333 -0.089267 0.187500
v -0.123028 -0.101812 0.187500
v -0.112540 -0.113385 0.187500
v -0.100967 -0.123873 0.187500
v -0.088422 -0.133178 0.187500
v -0.075025 -0.141207 0.187500
v -0.060906 -0.147885 0.187500
v -0.046200 -0.153147 0.187500
v -0.031050 -0.156942 0.187500
v -0.015600 -0.159234 0.187500
v 0.000000 -0.160000 0.187500
v 0.015600 -0.159234 0.187500
v 0.031050 -0.156942 0.187500
v 0.046200 -0.153147 0.187500
v 0.060906 -0.147885 0.187500
v 0.075025 -0.141207 0.187500
v 0.088422 -0.133178 0.187500
v 0.100967 -0.123873 0.187500
v 0.112540 -0.113385 0.187500
v 0.123028 -0.101812 0.187500
v 0.132333 -0.089267 0.187500
v 0.140362 -0.075870 0.187500
v 0.147040 -0.061751 0.187500
v 0.152302 -0.047045 0.187500
v 0.156097 -0.031895 0.187500
v 0.158389 -0.016445 0.187500
v 0.159155 -0.000845 0.187500
v 0.158389 0.014755 0.187500
v 0.156097 0.030205 0.187500
v 0.152302 0.045355 0.187500
v 0.147040 0.060061 0.187500
v 0.140362 0.074180 0.187500
v 0.132332 0.087577 0.187500
v 0.123028 0.100122 0.187500
v 0.112540 0.111694 0.187500
v 0.100967 0.122183 0.187500
v 0.088422 0.131487 0.187500
v 0.075025 0.139517 0.187500
v 0.060906 0.146195 0.187500
v 0.046200 0.151457 0.187500
v 0.031050 0.155252 0.187500
v 0.015600 0.157544 0.187500
v -0.000000 0.158310 0.187500
v 0.000000 0.158310 0.156250
v -0.015600 0.157544 0.156250
v -0.031050 0.155252 0.156250
v -0.046200 0.151457 0.156250
v -0.060906 0.146195 0.156250
v -0.075025 0.139517 0.156250
v -0.088422 0.131487 0.156250
v -0.100967 0.122183 0.156250
v -0.112540 0.111694 0.156250
v -0.123028 0.100122 0.156250
v -0.132332 0.087577 0.156250
v -0.140362 0.074180 0.156250
v -0.147040 0.060061 0.156250
v -0.152302 0.045355 0.156250
v -0.156097 0.030205 0.156250
v -0.158389 0.014755 0.156250
v -0.159155 -0.000845 0.156250
v -0.158389 -0.016445 0.156250
v -0.156097 -0.031895 0.156250
v -0.152302 -0.047045 0.156250
v -0.147040 -0.061751 0.156250
v -0.140362 -0.075870 0.156250
v -0.132333 -0.089267 0.156250
v -0.123028 -0.101812 0.156250
v -0.112540 -0.113385 0.156250
v -0.100967 -0.123873 0.156250
v -0.088422 -0.133178 0.156250
v -0.075025 -0.141207 0.156250
v -0.060906 -0.147885 0.156250
v -0.046200 -0.153147 0.156250
v -0.031050 -0.156942 0.156250
v -0.015600 -0.159234 0.156250
v 0.000000 -0.160000 0.156250
v 0.015600 -0.159234 0.156250
v 0.031050 -0.156942 0.156250
v 0.046200 -0.153147 0.156250
v 0.060906 -0.147885 0.156250
v 0.075025 -0.141207 0.156250
v 0.088422 -0.133178 0.156250
v 0.100967 -0.123873 0.156250
v 0.112540 -0.113385 0.156250
v 0.123028 -0.101812 0.156250
v 0.132333 -0.089267 0.156250
v 0.140362 -0.075870 0.156250
v 0.147040 -0.061751 0.156250
v 0.152302 -0.047045 0.156250
v 0.156097 -0.031895 0.156250
v 0.158389 -0.016445 0.156250
v 0.159155 -0.000845 0.156250
v 0.158389 0.014755 0.156250
v 0.156097 0.030205 0.156250
v 0.152302 0.045355 0.156250
v 0.147040 0.060061 0.156250
v 0.140362 0.074180 0.156250
v 0.132332 0.087577 0.156250
v 0.123028 0.100122 0.156250
v 0.112540 0.111694 0.156250
v 0.100967 0.122183 0.156250
v 0.088422 0.131487 0.156250
v 0.075025 0.139517 0.156250
v 0.060906 0.146195 0.156250
v 0.046200 0.151457 0.156250
v 0.031050 0.155252 0.156250
v 0.015600 0.157544 0.156250
v -0.000000 0.158310 0.156250
v 0.000000 0.158310 0.125000
v -0.015600 0.157544 0.125000
v -0.031050 0.155252 0.125000
v -0.046200 0.151457 0.125000
v -0.060906 0.146195 0.125000
v -0.075025 0.139517 0.125000
v -0.088422 0.131487 0.125000
v -0.100967 0.122183 0.125000
v -0.112540 0.111694 0.125000
v -0.123028 0.100122 0.125000
v -0.132332 0.087577 0.125000
v -0.140362 0.074180 0.125000
v -0.147040 0.060061 0.125000
v -0.152302 0.045355 0.125000
v -0.156097 0.030205 0.125000
v -0.158389 0.014755 0.125000
v -0.159155 -0.000845 0.125000
v -0.158389 -0.016445 0.125000
v -0.156097 -0.031895 0.125000
v -0.152302 -0.047045 0.125000
v -0.147040 -0.061751 0.125000
v -0.140362 -0.075870 0.125000
v -0.132333 -0.089267 0.125000
v -0.123028 -0.101812 0.125000
v -0.112540 -0.113385 0.125000
v -0.100967 -0.123873 0.125000
v -0.088422 -0.133178 0.125000
v -0.075025 -0.141207 0.125000
v -0.060906 -0.147885 0.125000
v -0.046200 -0.153147 0.125000
v -0.031050 -0.156942 0.125000
v -0.015600 -0.159234 0.125000
v 0.000000 -0.160000 0.125000
v 0.015600 -0.159234 0.125000
v 0.031050 -0.156942 0.125000
v 0.046200 -0.153147 0.125000
v 0.060906 -0.147885 0.125000
v 0.075025 -0.141207 0.125000
v 0.088422 -0.133178 0.125000
v 0.100967 -0.123873 0.125000
v 0.112540 -0.113385 0.125000
v 0.123028 -0.101812 0.125000
v 0.132333 -0.089267 0.125000
v 0.140362 -0.075870 0.125000
v 0.147040 -0.061751 0.125000
v 0.152302 -0.047045 0.125000
v 0.156097 -0.031895 0.125000
v 0.158389 -0.016445 0.125000
v 0.159155 -0.000845 0.125000
v 0.158389 0.014755 0.125000
v 0.156097 0.030205 0.125000
v 0.152302 0.045355 0.125000
v 0.147040 0.060061 0.125000
v 0.140362 0.074180 0.125000
v 0.132332 0.087577 0.125000
v 0.123028 0.100122 0.125000
v 0.112540 0.111694 0.125000
v 0.100967 0.122183 0.125000
v 0.088422 0.131487 0.125000
v 0.075025 0.139517 0.125000
v 0.060906 0.146195 0.125000
v 0.046200 0.151457 0.125000
v 0.031050 0.155252 0.125000
v 0.015600 0.157544 0.125000
v -0.000000 0.158310 0.125000
v 0.000000 0.158310 0.093750
v -0.015600 0.157544 0.093750
v -0.031050 0.155252 0.093750
v -0.046200 0.151457 0.093750
v -0.060906 0.146195 0.093750
v -0.075025 0.139517 0.093750
v -0.088422 0.131487 0.093750
v -0.100967 0.122183 0.093750
v -0.112540 0.111694 0.093750
v -0.123028 0.100122 0.093750
v -0.132332 0.087577 0.093750
v -0.140362 0.074180 0.093750
v -0.147040 0.060061 0.093750
v -0.152302 0.045355 0.093750
v -0.156097 0.030205 0.093750
v -0.158389 0.014755 0.093750
v -0.159155 -0.000845 0.093750
v -0.158389 -0.016445 0.093750
v -0.156097 -0.031895 0.093750
v -0.152302 -0.047045 0.093750
v -0.147040 -0.061751 0.093750
v -0.140362 -0.075870 0.093750
v -0.132333 -0.089267 0.093750
v -0.123028 -0.101812 0.093750
v -0.112540 -0.113385 0.093750
v -0.100967 -0.123873 0.093750
v -0.088422 -0.133178 0.093750
v -0.075025 -0.141207 0.093750
v -0.060906 -0.147885 0.093750
v -0.046200 -0.153147 0.093750
v -0.031050 -0.156942 0.093750
v -0.015600 -0.159234 0.093750
v 0.000000 -0.160000 0.093750
v 0.015600 -0.159234 0.093750
v 0.031050 -0.156942 0.093750
v 0.046200 -0.153147 0.093750
v 0.060906 -0.147885 0.093750
v 0.075025 -0.141207 0.093750
v 0.088422 -0.133178 0.093750
v 0.100967 -0.123873 0.093750
v 0.112540 -0.113385 0.093750
v 0.123028 -0.101812 0.093750
v 0.132333 -0.089267 0.093750
v 0.140362 -0.075870 0.093750
v 0.147040 -0.061751 0.093750
v 0.152302 -0.047045 0.093750
v 0.156097 -0.031895 0.093750
v 0.158389 -0.016445 0.093750
v 0.159155 -0.000845 0.093750
v 0.158389 0.014755 0.093750
v 0.156097 0.030205 0.093750
v 0.152302 0.045355 0.093750
v 0.147040 0.060061 0.093750
v 0.140362 0.074180 0.093750
v 0.132332 0.087577 0.093750
v 0.123028 0.100122 0.093750
v 0.112540 0.111694 0.093750
v 0.100967 0.122183 0.093750
v 0.088422 0.131487 0.093750
v 0.075025 0.139517 0.093750
v 0.060906 0.146195 0.093750
v 0.046200 0.151457 0.093750
v 0.031050 0.155252 0.093750
v 0.015600 0.157544 0.093750
v -0.000000 0.158310 0.093750
v 0.000000 0.158310 0.062500
v -0.015600 0.157544 0.062500
v -0.031050 0.155252 0.062500
v -0.046200 0.151457 0.062500
v -0.060906 0.146195 0.062500
v -0.075025 0.139517 0.062500
v -0.088422 0.131487 0.062500
v -0.100967 0.122183 0.062500
v -0.112540 0.111694 0.062500
v -0.123028 0.100122 0.062500
v -0.132332 0.087577 0.062500
v -0.140362 0.074180 0.062500
v -0.147040 0.060061 0.062500
v -0.152302 0.045355 0.062500
v -0.156097 0.030205 0.062500
v -0.158389 0.014755 0.062500
v -0.159155 -0.000845 0.062500
v -0.158389 -0.016445 0.062500
v -0.156097 -0.031895 0.062500
v -0.152302 -0.047045 0.062500
v -0.147040 -0.061751 0.062500
v -0.140362 -0.075870 0.062500
v -0.132333 -0.089267 0.062500
v -0.123028 -0.101812 0.062500
v -0.112540 -0.113385 0.062500
v -0.100967 -0.123873 0.062500
v -0.088422 -0.133178 0.062500
v -0.075025 -0.141207 0.062500
v -0.060906 -0.147885 0.062500
v -0.046200 -0.153147 0.062500
v -0.031050 -0.156942 0.062500
v -0.015600 -0.159234 0.062500
v 0.000000 -0.160000 0.062500
v 0.015600 -0.159234 0.062500
v 0.031050 -0.156942 0.062500
v 0.046200 -0.153147 0.062500
v 0.060906 -0.147885 0.062500
v 0.075025 -0.141207 0.062500
v 0.088422 -0.133178 0.062500
v 0.100967 -0.123873 0.062500
v 0.112540 -0.113385 0.062500
v 0.123028 -0.101812 0.062500
v 0.132333 -0.089267 0.062500
v 0.140362 -0.075870 0.062500
v 0.147040 -0.061751 0.062500
v 0.152302 -0.047045 0.062500
v 0.156097 -0.031895 0.062500
v 0.158389 -0.016445 0.062500
v 0.159155 -0.000845 0.062500
v 0.158389 0.014755 0.062500
v 0.156097 0.030205 0.062500
v 0.152302 0.045355 0.062500
v 0.147040 0.060061 0.062500
v 0.140362 0.074180 0.062500
v 0.132332 0.087577 0.062500
v 0.123028 0.100122 0.062500
v 0.112540 0.111694 0.062500
v 0.100967 0.122183 0.062500
v 0.088422 0.131487 0.062500
v 0.075025 0.139517 0.062500
v 0.060906 0.146195 0.062500
v 0.046200 0.151457 0.062500
v 0.031050 0.155252 0.062500
v 0.015600 0.157544 0.062500
v -0.000000 0.158310 0.062500
v 0.000000 0.158310 0.031250
v -0.015600 0.157544 0.031250
v -0.031050 0.155252 0.031250
v -0.046200 0.151457 0.031250
v -0.060906 0.146195 0.031250
v -0.075025 0.139517 0.031250
v -0.088422 0.131487 0.031250
v -0.100967 0.122183 0.031250
v -0.112540 0.111694 0.031250
v -0.123028 0.100122 0.031250
v -0.132332 0.087577 0.031250
v -0.140362 0.074180 0.031250
v -0.147040 0.060061 0.031250
v -0.152302 0.045355 0.031250
v -0.156097 0.030205 0.031250
v -0.158389 0.014755 0.031250
v -0.159155 -0.000845 0.031250
v -0.158389 -0.016445 0.031250
v -0.156097 -0.031895 0.031250
v -0.152302 -0.047045 0.031250
v -0.147040 -0.061751 0.031250
v -0.140362 -0.075870 0.031250
v -0.132333 -0.089267 0.031250
v -0.123028 -0.101812 0.031250
v -0.112540 -0.113385 0.031250
v -0.100967 -0.123873 0.031250
v -0.088422 -0.133178 0.031250
v -0.075025 -0.141207 0.031250
v -0.060906 -0.147885 0.031250
v -0.046200 -0.153147 0.031250
v -0.031050 -0.156942 0.031250
v -0.015600 -0.159234 0.031250
v 0.000000 -0.160000 0.031250
v 0.015600 -0.159234 0.031250
v 0.031050 -0.156942 0.031250
v 0.046200 -0.153147 0.031250
v 0.060906 -0.147885 0.031250
v 0.075025 -0.141207 0.031250
v 0.088422 -0.133178 0.031250
v 0.100967 -0.123873 0.031250
v 0.112540 -0.113385 0.031250
v 0.123028 -0.101812 0.031250
v 0.132333 -0.089267 0.031250
v 0.140362 -0.075870 0.031250
v 0.147040 -0.061751 0.031250
v 0.152302 -0.047045 0.031250
v 0.156097 -0.031895 0.031250
v 0.158389 -0.016445 0.031250
v 0.159155 -0.000845 0.031250
v 0.158389 0.014755 0.031250
v 0.156097 0.030205 0.031250
v 0.152302 0.045355 0.031250
v 0.147040 0.060061 0.031250
v 0.140362 0.074180 0.031250
v 0.132332 0.087577 0.031250
v 0.123028 0.100122 0.031250
v 0.112540 0.111694 0.031250
v 0.100967 0.122183 0.031250
v 0.088422 0.131487 0.031250
v 0.075025 0.139517 0.031250
v 0.060906 0.146195 0.031250
v 0.046200 0.151457 0.031250
v 0.031050 0.155252 0.031250
v 0.015600 0.157544 0.031250
v -0.000000 0.158310 0.031250
v 0.000000 0.158310 -0.000000
v -0.015600 0.157544 -0.000000
v -0.031050 0.155252 -0.000000
v -0.046200 0.151457 -0.000000
v -0.060906 0.146195 -0.000000
v -0.075025 0.139517 -0.000000
v -0.088422 0.131487 -0.000000
v -0.100967 0.122183 -0.000000
v -0.112540 0.111694 -0.000000
v -0.123028 0.100122 -0.000000
v -0.132332 0.087577 -0.000000
v -0.140362 0.074180 -0.000000
v -0.147040 0.060061 -0.000000
v -0.152302 0.045355 -0.000000
v -0.156097 0.030205 -0.000000
v -0.158389 0.014755 -0.000000
v -0.159155 -0.000845 -0.000000
v -0.158389 -0.016445 -0.000000
v -0.156097 -0.031895 -0.000000
v -0.152302 -0.047045 -0.000000
v -0.147040 -0.061751 -0.000000
v -0.140362 -0.075870 -0.000000
v -0.132333 -0.089267 -0.000000
v -0.123028 -0.101812 -0.000000
v -0.112540 -0.113385 -0.000000
v -0.100967 -0.123873 -0.000000
v -0.088422 -0.133178 -0.000000
v -0.075025 -0.141207 -0.000000
v -0.060906 -0.147885 -0.000000
v -0.046200 -0.153147 -0.000000
v -0.031050 -0.156942 -0.000000
v -0.015600 -0.159234 -0.000000
v 0.000000 -0.160000 0.000000
v 0.015600 -0.159234 -0.000000
v 0.031050 -0.156942 -0.000000
v 0.046200 -0.153147 -0.000000
v 0.060906 -0.147885 -0.000000
v 0.075025 -0.141207 -0.000000
v 0.088422 -0.133178 -0.000000
v 0.100967 -0.123873 -0.000000
v 0.112540 -0.113385 -0.000000
v 0.123028 -0.101812 -0.000000
v 0.132333 -0.089267 -0.000000
v 0.140362 -0.075870 -0.000000
v 0.147040 -0.061751 -0.000000
v 0.152302 -0.047045 -0.000000
v 0.156097 -0.031895 -0.000000
v 0.158389 -0.016445 -0.000000
v 0.159155 -0.000845 -0.000000
v 0.158389 0.014755 -0.000000
v 0.156097 0.030205 -0.000000
v 0.152302 0.045355 -0.000000
v 0.147040 0.060061 -0.000000
v 0.140362 0.074180 -0.000000
v 0.132332 0.087577 -0.000000
v 0.123028 0.100122 -0.000000
v 0.112540 0.111694 -0.000000
v 0.100967 0.122183 -0.000000
v 0.088422 0.131487 -0.000000
v 0.075025 0.139517 -0.000000
v 0.060906 0.146195 -0.000000
v 0.046200 0.151457 -0.000000
v 0.031050 0.155252 -0.000000
v 0.015600 0.157544 -0.000000
v -0.000000 0.158310 -0.000000
v 0.000000 0.158310 -0.031250
v -0.015600 0.157544 -0.031250
v -0.031050 0.155252 -0.031250
v -0.046200 0.151457 -0.031250
v -0.060906 0.146195 -0.031250
v -0.075025 0.139517 -0.031250
v -0.088422 0.131487 -0.031250
v -0.100967 0.122183 -0.031250
v -0.112540 0.111694 -0.031250
v -0.123028 0.100122 -0.031250
v -0.132332 0.087577 -0.031250
v -0.140362 0.074180 -0.031250
v -0.147040 0.060061 -0.031250
v -0.152302 0.045355 -0.031250
v -0.156097 0.030205 -0.031250
v -0.158389 0.014755 -0.031250
v -0.159155 -0.000845 -0.031250
v -0.158389 -0.016445 -0.031250
v -0.156097 -0.031895 -0.031250
v -0.152302 -0.047045 -0.031250
v -0.147040 -0.061751 -0.031250
v -0.140362 -0.075870 -0.031250
v -0.132333 -0.089267 -0.031250
v -0.123028 -0.101812 -0.031250
v -0.112540 -0.113385 -0.031250
v -0.100967 -0.123873 -0.031250
v -0.088422 -0.133178 -0.031250
v -0.075025 -0.141207 -0.031250
v -0.060906 -0.147885 -0.031250
v -0.046200 -0.153147 -0.031250
v -0.031050 -0.156942 -0.031250
v -0.015600 -0.159234 -0.031250
v 0.000000 -0.160000 -0.031250
v 0.015600 -0.159234 -0.031250
v 0.031050 -0.156942 -0.031250
v 0.046200 -0.153147 -0.031250
v 0.060906 -0.147885 -0.031250
v 0.075025 -0.141207 -0.031250
v 0.088422 -0.133178 -0.031250
v 0.100967 -0.123873 -0.031250
v 0.112540 -0.113385 -0.031250
v 0.123028 -0.101812 -0.031250
v 0.132333 -0.089267 -0.031250
v 0.140362 -0.075870 -0.031250
v 0.147040 -0.061751 -0.031250
v 0.152302 -0.047045 -0.031250
v 0.156097 -0.031895 -0.031250
v 0.158389 -0.016445 -0.031250
v 0.159155 -0.000845 -0.031250
v 0.158389 0.014755 -0.031250
v 0.156097 0.030205 -0.031250
v 0.152302 0.045355 -0.031250
v 0.147040 0.060061 -0.031250
v 0.140362 0.074180 -0.031250
v 0.132332 0.087577 -0.031250
v 0.123028 0.100122 -0.031250
v 0.112540 0.111694 -0.031250
v 0.100967 0.122183 -0.031250
v 0.088422 0.131487 -0.031250
v 0.075025 0.139517 -0.031250
v 0.060906 0.146195 -0.031250
v 0.046200 0.151457 -0.031250
v 0.031050 0.155252 -0.031250
v 0.015600 0.157544 -0.031250
v -0.000000 0.158310 -0.031250
v 0.000000 0.158310 -0.062500
v -0.015600 0.157544 -0.062500
v -0.031050 0.155252 -0.062500
v -0.046200 0.151457 -0.062500
v -0.060906 0.146195 -0.062500
v -0.075025 0.139517 -0.062500
v -0.088422 0.131487 -0.062500
v -0.100967 0.122183 -0.062500
v -0.112540 0.111694 -0.062500
v -0.123028 0.100122 -0.062500
v -0.132332 0.087577 -0.062500
v -0.140362 0.074180 -0.062500
v -0.147040 0.060061 -0.062500
v -0.152302 0.045355 -0.062500
v -0.156097 0.030205 -0.062500
v -0.158389 0.014755 -0.062500
v -0.159155 -0.000845 -0.062500
v -0.158389 -0.016445 -0.062500
v -0.156097 -0.031895 -0.062500
v -0.152302 -0.047045 -0.062500
v -0.147040 -0.061751 -0.062500
v -0.140362 -0.075870 -0.062500
v -0.132333 -0.089267 -0.062500
v -0.123028 -0.101812 -0.062500
v -0.112540 -0.113385 -0.062500
v -0.100967 -0.123873 -0.062500
v -0.088422 -0.133178 -0.062500
v -0.075025 -0.141207 -0.062500
v -0.060906 -0.147885 -0.062500
v -0.046200 -0.153147 -0.062500
v -0.031050 -0.156942 -0.062500
v -0.015600 -0.159234 -0.062500
v 0.000000 -0.160000 -0.062500
v 0.015600 -0.159234 -0.062500
v 0.031050 -0.156942 -0.062500
v 0.046200 -0.153147 -0.062500
v 0.060906 -0.147885 -0.062500
v 0.075025 -0.141207 -0.062500
v 0.088422 -0.133178 -0.062500
v 0.100967 -0.123873 -0.062500
v 0.112540 -0.113385 -0.062500
v 0.123028 -0.101812 -0.062500
v 0.132333 -0.089267 -0.062500
v 0.140362 -0.075870 -0.062500
v 0.147040 -0.061751 -0.062500
v 0.152302 -0.047045 -0.062500
v 0.156097 -0.031895 -0.062500
v 0.158389 -0.016445 -0.062500
v 0.159155 -0.000845 -0.062500
v 0.158389 0.014755 -0.062500
v 0.156097 0.030205 -0.062500
v 0.152302 0.045355 -0.062500
v 0.147040 0.060061 -0.062500
v 0.140362 0.074180 -0.062500
v 0.132332 0.087577 -0.062500
v 0.123028 0.100122 -0.062500
v 0.112540 0.111694 -0.062500
v 0.100967 0.122183 -0.062500
v 0.088422 0.131487 -0.062500
v 0.075025 0.139517 -0.062500
v 0.060906 0.146195 -0.062500
v 0.046200 0.151457 -0.062500
v 0.031050 0.155252 -0.062500
v 0.015600 0.157544 -0.062500
v -0.000000 0.158310 -0.062500
v 0.000000 0.158310 -0.093750
v -0.015600 0.157544 -0.093750
v -0.031050 0.155252 -0.093750
v -0.046200 0.151457 -0.093750
v -0.060906 0.146195 -0.093750
v -0.075025 0.139517 -0.093750
v -0.088422 0.131487 -0.093750
v -0.100967 0.122183 -0.093750
v -0.112540 0.111694 -0.093750
v -0.123028 0.100122 -0.093750
v -0.132332 0.087577 -0.093750
v -0.140362 0.074180 -0.093750
v -0.147040 0.060061 -0.093750
v -0.152302 0.045355 -0.093750
v -0.156097 0.030205 -0.093750
v -0.158389 0.014755 -0.093750
v -0.159155 -0.000845 -0.093750
v -0.158389 -0.016445 -0.093750
v -0.156097 -0.031895 -0.093750
v -0.152302 -0.047045 -0.093750
v -0.147040 -0.061751 -0.093750
v -0.140362 -0.075870 -0.093750
v -0.132333 -0.089267 -0.093750
v -0.123028 -0.101812 -0.093750
v -0.112540 -0.113385 -0.093750
v -0.100967 -0.123873 -0.093750
v -0.088422 -0.133178 -0.093750
v -0.075025 -0.141207 -0.093750
v -0.060906 -0.147885 -0.093750
v -0.046200 -0.153147 -0.093750
v -0.031050 -0.156942 -0.093750
v -0.015600 -0.159234 -0.093750
v 0.000000 -0.160000 -0.093750
v 0.015600 -0.159234 -0.093750
v 0.031050 -0.156942 -0.093750
v 0.046200 -0.153147 -0.093750
v 0.060906 -0.147885 -0.093750
v 0.075025 -0.141207 -0.093750
v 0.088422 -0.133178 -0.093750
v 0.100967 -0.123873 -0.093750
v 0.112540 -0.113385 -0.093750
v 0.123028 -0.101812 -0.093750
v 0.132333 -0.089267 -0.093750
v 0.140362 -0.075870 -0.093750
v 0.147040 -0.061751 -0.093750
v 0.152302 -0.047045 -0.093750
v 0.156097 -0.031895 -0.093750
v 0.158389 -0.016445 -0.093750
v 0.159155 -0.000845 -0.093750
v 0.158389 0.014755 -0.093750
v 0.156097 0.030205 -0.093750
v 0.152302 0.045355 -0.093750
v 0.147040 0.060061 -0.093750
v 0.140362 0.074180 -0.093750
v 0.132332 0.087577 -0.093750
v 0.123028 0.100122 -0.093750
v 0.112540 0.111694 -0.093750
v 0.100967 0.122183 -0.093750
v 0.088422 0.131487 -0.093750
v 0.075025 0.139517 -0.093750
v 0.060906 0.146195 -0.093750
v 0.046200 0.151457 -0.093750
v 0.031050 0.155252 -0.093750
v 0.015600 0.157544 -0.093750
v -0.000000 0.158310 -0.093750
v 0.000000 0.158310 -0.125000
v -0.015600 0.157544 -0.125000
v -0.031050 0.155252 -0.125000
v -0.046200 0.151457 -0.125000
v -0.060906 0.146195 -0.125000
v -0.075025 0.139517 -0.125000
v -0.088422 0.131487 -0.125000
v -0.100967 0.122183 -0.125000
v -0.112540 0.111694 -0.125000
v -0.123028 0.100122 -0.125000
v -0.132332 0.087577 -0.125000
v -0.140362 0.074180 -0.125000
v -0.147040 0.060061 -0.125000
v -0.152302 0.045355 -0.125000
v -0.156097 0.030205 -0.125000
v -0.158389 0.014755 -0.125000
v -0.159155 -0.000845 -0.125000
v -0.158389 -0.016445 -0.125000
v -0.156097 -0.031895 -0.125000
v -0.152302 -0.047045 -0.125000
v -0.147040 -0.061751 -0.125000
v -0.140362 -0.075870 -0.125000
v -0.132333 -0.089267 -0.125000
v -0.123028 -0.101812 -0.125000
v -0.112540 -0.113385 -0.125000
v -0.100967 -0.123874 -0.125000
v -0.088422 -0.133178 -0.125000
v -0.075025 -0.141207 -0.125000
v -0.060906 -0.147885 -0.125000
v -0.046200 -0.153147 -0.125000
v -0.031050 -0.156942 -0.125000
v -0.015600 -0.159234 -0.125000
v 0.000000 -0.160000 -0.125000
v 0.015600 -0.159234 -0.125000
v 0.031050 -0.156942 -0.125000
v 0.046200 -0.153147 -0.125000
v 0.060906 -0.147885 -0.125000
v 0.075025 -0.141207 -0.125000
v 0.088422 -0.133178 -0.125000
v 0.100967 -0.123874 -0.125000
v 0.112540 -0.113385 -0.125000
v 0.123028 -0.101812 -0.125000
v 0.132333 -0.089267 -0.125000
v 0.140362 -0.075870 -0.125000
v 0.147040 -0.061751 -0.125000
v 0.152302 -0.047045 -0.125000
v 0.156097 -0.031895 -0.125000
v 0.158389 -0.016445 -0.125000
v 0.159155 -0.000845 -0.125000
v 0.158389 0.014755 -0.125000
v 0.156097 0.030205 -0.125000
v 0.152302 0.045355 -0.125000
v 0.147040 0.060061 -0.125000
v 0.140362 0.074180 -0.125000
v 0.132332 0.087577 -0.125000
v 0.123028 0.100122 -0.125000
v 0.112540 0.111694 -0.125000
v 0.100967 0.122183 -0.125000
v 0.088422 0.131487 -0.125000
v 0.075025 0.139517 -0.125000
v 0.060906 0.146195 -0.125000
v 0.046200 0.151457 -0.125000
v 0.031050 0.155252 -0.125000
v 0.015600 0.157544 -0.125000
v -0.000000 0.158310 -0.125000
v 0.000000 0.158310 -0.156250
v -0.015600 0.157544 -0.156250
v -0.031050 0.155252 -0.156250
v -0.046200 0.151457 -0.156250
v -0.060906 0.146195 -0.156250
v -0.075025 0.139517 -0.156250
v -0.088422 0.131487 -0.156250
v -0.100967 0.122183 -0.156250
v -0.112540 0.111694 -0.156250
v -0.123028 0.100122 -0.156250
v -0.132332 0.087577 -0.156250
v -0.140362 0.074180 -0.156250
v -0.147040 0.060061 -0.156250
v -0.152302 0.045355 -0.156250
v -0.156097 0.030205 -0.156250
v -0.158389 0.014755 -0.156250
v -0.159155 -0.000845 -0.156250
v -0.158389 -0.016445 -0.156250
v -0.156097 -0.031895 -0.156250
v -0.152302 -0.047045 -0.156250
v -0.147040 -0.061751 -0.156250
v -0.140362 -0.075870 -0.156250
v -0.132333 -0.089267 -0.156250
v -0.123028 -0.101812 -0.156250
v -0.112540 -0.113385 -0.156250
v -0.100967 -0.123874 -0.156250
v -0.088422 -0.133178 -0.156250
v -0.075025 -0.141207 -0.156250
v -0.060906 -0.147885 -0.156250
v -0.046200 -0.153147 -0.156250
v -0.031050 -0.156942 -0.156250
v -0.015600 -0.159234 -0.156250
v 0.000000 -0.160000 -0.156250
v 0.015600 -0.159234 -0.156250
v 0.031050 -0.156942 -0.156250
v 0.046200 -0.153147 -0.156250
v 0.060906 -0.147885 -0.156250
v 0.075025 -0.141207 -0.156250
v 0.088422 -0.133178 -0.156250
v 0.100967 -0.123874 -0.156250
v 0.112540 -0.113385 -0.156250
v 0.123028 -0.101812 -0.156250
v 0.132333 -0.089267 -0.156250
v 0.140362 -0.075870 -0.156250
v 0.147040 -0.061751 -0.156250
v 0.152302 -0.047045 -0.156250
v 0.156097 -0.031895 -0.156250
v 0.158389 -0.016445 -0.156250
v 0.159155 -0.000845 -0.156250
v 0.158389 0.014755 -0.156250
v 0.156097 0.030205 -0.156250
v 0.152302 0.045355 -0.156250
v 0.147040 0.060061 -0.156250
v 0.140362 0.074180 -0.156250
v 0.132332 0.087577 -0.156250
v 0.123028 0.100122 -0.156250
v 0.112540 0.111694 -0.156250
v 0.100967 0.122183 -0.156250
v 0.088422 0.131487 -0.156250
v 0.075025 0.139517 -0.156250
v 0.060906 0.146195 -0.156250
v 0.046200 0.151457 -0.156250
v 0.031050 0.155252 -0.156250
v 0.015600 0.157544 -0.156250
v -0.000000 0.158310 -0.156250
v 0.000000 0.158310 -0.187500
v -0.015600 0.157544 -0.187500
v -0.031050 0.155252 -0.187500
v -0.046200 0.151457 -0.187500
v -0.060906 0.146195 -0.187500
v -0.075025 0.139517 -0.187500
v -0.088422 0.131487 -0.187500
v -0.100967 0.122183 -0.187500
v -0.112540 0.111694 -0.187500
v -0.123028 0.100122 -0.187500
v -0.132332 0.087577 -0.187500
v -0.140362 0.074180 -0.187500
v -0.147040 0.060061 -0.187500
v -0.152302 0.045355 -0.187500
v -0.156097 0.030205 -0.187500
v -0.158389 0.014755 -0.187500
v -0.159155 -0.000845 -0.187500
v -0.158389 -0.016445 -0.187500
v -0.156097 -0.031895 -0.187500
v -0.152302 -0.047045 -0.187500
v -0.147040 -0.061751 -0.187500
v -0.140362 -0.075870 -0.187500
v -0.132333 -0.089267 -0.187500
v -0.123028 -0.101812 -0.187500
v -0.112540 -0.113385 -0.187500
v -0.100967 -0.123874 -0.187500
v -0.088422 -0.133178 -0.187500
v -0.075025 -0.141207 -0.187500
v -0.060906 -0.147885 -0.187500
v -0.046200 -0.153147 -0.187500
v -0.031050 -0.156942 -0.187500
v -0.015600 -0.159234 -0.187500
v 0.000000 -0.160000 -0.187500
v 0.015600 -0.159234 -0.187500
v 0.031050 -0.156942 -0.187500
v 0.046200 -0.153147 -0.187500
v 0.060906 -0.147885 -0.187500
v 0.075025 -0.141207 -0.187500
v 0.088422 -0.133178 -0.187500
v 0.100967 -0.123874 -0.187500
v 0.112540 -0.113385 -0.187500
v 0.123028 -0.101812 -0.187500
v 0.132333 -0.089267 -0.187500
v 0.140362 -0.075870 -0.187500
v 0.147040 -0.061751 -0.187500
v 0.152302 -0.047045 -0.187500
v 0.156097 -0.031895 -0.187500
v 0.158389 -0.016445 -0.187500
v 0.159155 -0.000845 -0.187500
v 0.158389 0.014755 -0.187500
v 0.156097 0.030205 -0.187500
v 0.152302 0.045355 -0.187500
v 0.147040 0.060061 -0.187500
v 0.140362 0.074180 -0.187500
v 0.132332 0.087577 -0.187500
v 0.123028 0.100122 -0.187500
v 0.112540 0.111694 -0.187500
v 0.100967 0.122183 -0.187500
v 0.088422 0.131487 -0.187500
v 0.075025 0.139517 -0.187500
v 0.060906 0.146195 -0.187500
v 0.046200 0.151457 -0.187500
v 0.031050 0.155252 -0.187500
v 0.015600 0.157544 -0.187500
v -0.000000 0.158310 -0.187500
v 0.000000 0.158310 -0.218750
v -0.015600 0.157543 -0.218750
v -0.031050 0.155252 -0.218750
v -0.046200 0.151457 -0.218750
v -0.060906 0.146195 -0.218750
v -0.075025 0.139517 -0.218750
v -0.088422 0.131487 -0.218750
v -0.100967 0.122183 -0.218750
v -0.112540 0.111694 -0.218750
v -0.123028 0.100122 -0.218750
v -0.132332 0.087577 -0.218750
v -0.140362 0.074180 -0.218750
v -0.147040 0.060061 -0.218750
v -0.152302 0.045355 -0.218750
v -0.156097 0.030205 -0.218750
v -0.158389 0.014755 -0.218750
v -0.159155 -0.000845 -0.218750
v -0.158389 -0.016445 -0.218750
v -0.156097 -0.031895 -0.218750
v -0.152302 -0.047045 -0.218750
v -0.147040 -0.061751 -0.218750
v -0.140362 -0.075870 -0.218750
v -0.132333 -0.089267 -0.218750
v -0.123028 -0.101812 -0.218750
v -0.112540 -0.113385 -0.218750
v -0.100967 -0.123874 -0.218750
v -0.088422 -0.133178 -0.218750
v -0.075025 -0.141207 -0.218750
v -0.060906 -0.147885 -0.218750
v -0.046200 -0.153147 -0.218750
v -0.031050 -0.156942 -0.218750
v -0.015600 -0.159234 -0.218750
v 0.000000 -0.160000 -0.218750
v 0.015600 -0.159234 -0.218750
v 0.031050 -0.156942 -0.218750
v 0.046200 -0.153147 -0.218750
v 0.060906 -0.147885 -0.218750
v 0.075025 -0.141207 -0.218750
v 0.088422 -0.133178 -0.218750
v 0.100967 -0.123874 -0.218750
v 0.112540 -0.113385 -0.218750
v 0.123028 -0.101812 -0.218750
v 0.132333 -0.089267 -0.218750
v 0.140362 -0.075870 -0.218750
v 0.147040 -0.061751 -0.218750
v 0.152302 -0.047045 -0.218750
v 0.156097 -0.031895 -0.218750
v 0.158389 -0.016445 -0.218750
v 0.159155 -0.000845 -0.218750
v 0.158389 0.014755 -0.218750
v 0.156097 0.030205 -0.218750
v 0.152302 0.045355 -0.218750
v 0.147040 0.060061 -0.218750
v 0.140362 0.074180 -0.218750
v 0.132332 0.087577 -0.218750
v 0.123028 0.100122 -0.218750
v 0.112540 0.111694 -0.218750
v 0.100967 0.122183 -0.218750
v 0.088422 0.131487 -0.218750
v 0.075025 0.139517 -0.218750
v 0.060906 0.146195 -0.218750
v 0.046200 0.151457 -0.218750
v 0.031050 0.155252 -0.218750
v 0.015600 0.157543 -0.218750
v -0.000000 0.158310 -0.218750
v 0.000000 0.158310 -0.250000
v -0.015600 0.157543 -0.250000
v -0.031050 0.155252 -0.250000
v -0.046200 0.151457 -0.250000
v -0.060906 0.146195 -0.250000
v -0.075025 0.139517 -0.250000
v -0.088422 0.131487 -0.250000
v -0.100967 0.122183 -0.250000
v -0.112540 0.111694 -0.250000
v -0.123028 0.100122 -0.250000
v -0.132332 0.087577 -0.250000
v -0.140362 0.074180 -0.250000
v -0.147040 0.060061 -0.250000
v -0.152302 0.045355 -0.250000
v -0.156097 0.030205 -0.250000
v -0.158389 0.014755 -0.250000
v -0.159155 -0.000845 -0.250000
v -0.158389 -0.016445 -0.250000
v -0.156097 -0.031895 -0.250000
v -0.152302 -0.047045 -0.250000
v -0.147040 -0.061751 -0.250000
v -0.140362 -0.075870 -0.250000
v -0.132333 -0.089267 -0.250000
v -0.123028 -0.101812 -0.250000
v -0.112540 -0.113385 -0.250000
v -0.100967 -0.123874 -0.250000
v -0.088422 -0.133178 -0.250000
v -0.075025 -0.141207 -0.250000
v -0.060906 -0.147885 -0.250000
v -0.046200 -0.153147 -0.250000
v -0.031050 -0.156942 -0.250000
v -0.015600 -0.159234 -0.250000
v 0.000000 -0.160000 -0.250000
v 0.015600 -0.159234 -0.250000
v 0.031050 -0.156942 -0.250000
v 0.046200 -0.153147 -0.250000
v 0.060906 -0.147885 -0.250000
v 0.075025 -0.141207 -0.250000
v 0.088422 -0.133178 -0.250000
v 0.100967 -0.123874 -0.250000
v 0.112540 -0.113385 -0.250000
v 0.123028 -0.101812 -0.250000
v 0.132333 -0.089267 -0.250000
v 0.140362 -0.075870 -0.250000
v 0.147040 -0.061751 -0.250000
v 0.152302 -0.047045 -0.250000
v 0.156097 -0.031895 -0.250000
v 0.158389 -0.016445 -0.250000
v 0.159155 -0.000845 -0.250000
v 0.158389 0.014755 -0.250000
v 0.156097 0.030205 -0.250000
v 0.152302 0.045355 -0.250000
v 0.147040 0.060061 -0.250000
v 0.140362 0.074180 -0.250000
v 0.132332 0.087577 -0.250000
v 0.123028 0.100122 -0.250000
v 0.112540 0.111694 -0.250000
v 0.100967 0.122183 -0.250000
v 0.088422 0.131487 -0.250000
v 0.075025 0.139517 -0.250000
v 0.060906 0.146195 -0.250000
v 0.046200 0.151457 -0.250000
v 0.031050 0.155252 -0.250000
v 0.015600 0.157543 -0.250000
v -0.000000 0.158310 -0.250000
v 0.000000 0.158310 -0.281250
v -0.015600 0.157543 -0.281250
v -0.031050 0.155252 -0.281250
v -0.046200 0.151457 -0.281250
v -0.060906 0.146195 -0.281250
v -0.075025 0.139517 -0.281250
v -0.088422 0.131487 -0.281250
v -0.100967 0.122183 -0.281250
v -0.112540 0.111694 -0.281250
v -0.123028 0.100122 -0.281250
v -0.132332 0.087577 -0.281250
v -0.140362 0.074180 -0.281250
v -0.147040 0.060061 -0.281250
v -0.152302 0.045355 -0.281250
v -0.156097 0.030205 -0.281250
v -0.158389 0.014755 -0.281250
v -0.159155 -0.000845 -0.281250
v -0.158389 -0.016445 -0.281250
v -0.156097 -0.031895 -0.281250
v -0.152302 -0.047045 -0.281250
v -0.147040 -0.061751 -0.281250
v -0.140362 -0.075870 -0.281250
v -0.132333 -0.089267 -0.281250
v -0.123028 -0.101812 -0.281250
v -0.112540 -0.113385 -0.281250
v -0.100967 -0.123874 -0.281250
v -0.088422 -0.133178 -0.281250
v -0.075025 -0.141207 -0.281250
v -0.060906 -0.147885 -0.281250
v -0.046200 -0.153147 -0.281250
v -0.031050 -0.156942 -0.281250
v -0.015600 -0.159234 -0.281250
v 0.000000 -0.160000 -0.281250
v 0.015600 -0.159234 -0.281250
v 0.031050 -0.156942 -0.281250
v 0.046200 -0.153147 -0.281250
v 0.060906 -0.147885 -0.281250
v 0.075025 -0.141207 -0.281250
v 0.088422 -0.133178 -0.281250
v 0.100967 -0.123874 -0.281250
v 0.112540 -0.113385 -0.281250
v 0.123028 -0.101812 -0.281250
v 0.132333 -0.089267 -0.281250
v 0.140362 -0.075870 -0.281250
v 0.147040 -0.061751 -0.281250
v 0.152302 -0.047045 -0.281250
v 0.156097 -0.031895 -0.281250
v 0.158389 -0.016445 -0.281250
v 0.159155 -0.000845 -0.281250
v 0.158389 0.014755 -0.281250
v 0.156097 0.030205 -0.281250
v 0.152302 0.045355 -0.281250
v 0.147040 0.060061 -0.281250
v 0.140362 0.074180 -0.281250
v 0.132332 0.087577 -0.281250
v 0.123028 0.100122 -0.281250
v 0.112540 0.111694 -0.281250
v 0.100967 0.122183 -0.281250
v 0.088422 0.131487 -0.281250
v 0.075025 0.139517 -0.281250
v 0.060906 0.146195 -0.281250
v 0.046200 0.151457 -0.281250
v 0.031050 0.155252 -0.281250
v 0.015600 0.157543 -0.281250
v -0.000000 0.158310 -0.281250
v 0.000000 0.158310 -0.312500
v -0.015600 0.157543 -0.312500
v -0.031050 0.155252 -0.312500
v -0.046200 0.151457 -0.312500
v -0.060906 0.146195 -0.312500
v -0.075025 0.139517 -0.312500
v -0.088422 0.131487 -0.312500
v -0.100967 0.122183 -0.312500
v -0.112540 0.111694 -0.312500
v -0.123028 0.100122 -0.312500
v -0.132332 0.087577 -0.312500
v -0.140362 0.074180 -0.312500
v -0.147040 0.060061 -0.312500
v -0.152302 0.045355 -0.312500
v -0.156097 0.030204 -0.312500
v -0.158389 0.014755 -0.312500
v -0.159155 -0.000845 -0.312500
v -0.158389 -0.016445 -0.312500
v -0.156097 -0.031895 -0.312500
v -0.152302 -0.047045 -0.312500
v -0.147040 -0.061751 -0.312500
v -0.140362 -0.075870 -0.312500
v -0.132333 -0.089267 -0.312500
v -0.123028 -0.101812 -0.312500
v -0.112540 -0.113385 -0.312500
v -0.100967 -0.123874 -0.312500
v -0.088422 -0.133178 -0.312500
v -0.075025 -0.141207 -0.312500
v -0.060906 -0.147885 -0.312500
v -0.046200 -0.153147 -0.312500
v -0.031050 -0.156942 -0.312500
v -0.015600 -0.159234 -0.312500
v 0.000000 -0.160000 -0.312500
v 0.015600 -0.159234 -0.312500
v 0.031050 -0.156942 -0.312500
v 0.046200 -0.153147 -0.312500
v 0.060906 -0.147885 -0.312500
v 0.075025 -0.141207 -0.312500
v 0.088422 -0.133178 -0.312500
v 0.100967 -0.123874 -0.312500
v 0.112540 -0.113385 -0.312500
v 0.123028 -0.101812 -0.312500
v 0.132333 -0.089267 -0.312500
v 0.140362 -0.075870 -0.312500
v 0.147040 -0.061751 -0.312500
v 0.152302 -0.047045 -0.312500
v 0.156097 -0.031895 -0.312500
v 0.158389 -0.016445 -0.312500
v 0.159155 -0.000845 -0.312500
v 0.158389 0.014755 -0.312500
v 0.156097 0.030204 -0.312500
v 0.152302 0.045355 -0.312500
v 0.147040 0.060061 -0.312500
v 0.140362 0.074180 -0.312500
v 0.132332 0.087577 -0.312500
v 0.123028 0.100122 -0.312500
v 0.112540 0.111694 -0.312500
v 0.100967 0.122183 -0.312500
v 0.088422 0.131487 -0.312500
v 0.075025 0.139517 -0.312500
v 0.060906 0.146195 -0.312500
v 0.046200 0.151457 -0.312500
v 0.031050 0.155252 -0.312500
v 0.015600 0.157543 -0.312500
v -0.000000 0.158310 -0.312500
v 0.000000 0.158310 -0.343750
v -0.015600 0.157543 -0.343750
v -0.031050 0.155252 -0.343750
v -0.046200 0.151457 -0.343750
v -0.060906 0.146195 -0.343750
v -0.075025 0.139517 -0.343750
v -0.088422 0.131487 -0.343750
v -0.100967 0.122183 -0.343750
v -0.112540 0.111694 -0.343750
v -0.123028 0.100122 -0.343750
v -0.132332 0.087577 -0.343750
v -0.140362 0.074180 -0.343750
v -0.147040 0.060061 -0.343750
v -0.152302 0.045355 -0.343750
v -0.156097 0.030204 -0.343750
v -0.158389 0.014755 -0.343750
v -0.159155 -0.000845 -0.343750
v -0.158389 -0.016445 -0.343750
v -0.156097 -0.031895 -0.343750
v -0.152302 -0.047045 -0.343750
v -0.147040 -0.061751 -0.343750
v -0.140362 -0.075870 -0.343750
v -0.132333 -0.089267 -0.343750
v -0.123028 -0.101812 -0.343750
v -0.112540 -0.113385 -0.343750
v -0.100967 -0.123874 -0.343750
v -0.088422 -0.133178 -0.343750
v -0.075025 -0.141207 -0.343750
v -0.060906 -0.147885 -0.343750
v -0.046200 -0.153147 -0.343750
v -0.031050 -0.156942 -0.343750
v -0.015600 -0.159234 -0.343750
v 0.000000 -0.160000 -0.343750
v 0.015600 -0.159234 -0.343750
v 0.031050 -0.156942 -0.343750
v 0.046200 -0.153147 -0.343750
v 0.060906 -0.147885 -0.343750
v 0.075025 -0.141207 -0.343750
v 0.088422 -0.133178 -0.343750
v 0.100967 -0.123874 -0.343750
v 0.112540 -0.113385 -0.343750
v 0.123028 -0.101812 -0.343750
v 0.132333 -0.089267 -0.343750
v 0.140362 -0.075870 -0.343750
v 0.147040 -0.061751 -0.343750
v 0.152302 -0.047045 -0.343750
v 0.156097 -0.031895 -0.343750
v 0.158389 -0.016445 -0.343750
v 0.159155 -0.000845 -0.343750
v 0.158389 0.014755 -0.343750
v 0.156097 0.030204 -0.343750
v 0.152302 0.045355 -0.343750
v 0.147040 0.060061 -0.343750
v 0.140362 0.074180 -0.343750
v 0.132332 0.087577 -0.343750
v 0.123028 0.100122 -0.343750
v 0.112540 0.111694 -0.343750
v 0.100967 0.122183 -0.343750
v 0.088422 0.131487 -0.343750
v 0.075025 0.139517 -0.343750
v 0.060906 0.146195 -0.343750
v 0.046200 0.151457 -0.343750
v 0.031050 0.155252 -0.343750
v 0.015600 0.157543 -0.343750
v -0.000000 0.158310 -0.343750
v 0.000000 0.158310 -0.375000
v -0.015600 0.157543 -0.375000
v -0.031050 0.155252 -0.375000
v -0.046200 0.151457 -0.375000
v -0.060906 0.146195 -0.375000
v -0.075025 0.139517 -0.375000
v -0.088422 0.131487 -0.375000
v -0.100967 0.122183 -0.375000
v -0.112540 0.111694 -0.375000
v -0.123028 0.100122 -0.375000
v -0.132332 0.087577 -0.375000
v -0.140362 0.074180 -0.375000
v -0.147040 0.060061 -0.375000
v -0.152302 0.045355 -0.375000
v -0.156097 0.030204 -0.375000
v -0.158389 0.014755 -0.375000
v -0.159155 -0.000845 -0.375000
v -0.158389 -0.016445 -0.375000
v -0.156097 -0.031895 -0.375000
v -0.152302 -0.047045 -0.375000
v -0.147040 -0.061751 -0.375000
v -0.140362 -0.075870 -0.375000
v -0.132333 -0.089267 -0.375000
v -0.123028 -0.101812 -0.375000
v -0.112540 -0.113385 -0.375000
v -0.100967 -0.123874 -0.375000
v -0.088422 -0.133178 -0.375000
v -0.075025 -0.141207 -0.375000
v -0.060906 -0.147885 -0.375000
v -0.046200 -0.153147 -0.375000
v -0.031050 -0.156942 -0.375000
v -0.015600 -0.159234 -0.375000
v 0.000000 -0.160000 -0.375000
v 0.015600 -0.159234 -0.375000
v 0.031050 -0.156942 -0.375000
v 0.046200 -0.153147 -0.375000
v 0.060906 -0.147885 -0.375000
v 0.075025 -0.141207 -0.375000
v 0.088422 -0.133178 -0.375000
v 0.100967 -0.123874 -0.375000
v 0.112540 -0.113385 -0.375000
v 0.123028 -0.101812 -0.375000
v 0.132333 -0.089267 -0.375000
v 0.140362 -0.075870 -0.375000
v 0.147040 -0.061751 -0.375000
v 0.152302 -0.047045 -0.375000
v 0.156097 -0.031895 -0.375000
v 0.158389 -0.016445 -0.375000
v 0.159155 -0.000845 -0.375000
v 0.158389 0.014755 -0.375000
v 0.156097 0.030204 -0.375000
v 0.152302 0.045355 -0.375000
v 0.147040 0.060061 -0.375000
v 0.140362 0.074180 -0.375000
v 0.132332 0.087577 -0.375000
v 0.123028 0.100122 -0.375000
v 0.112540 0.111694 -0.375000
v 0.100967 0.122183 -0.375000
v 0.088422 0.131487 -0.375000
v 0.075025 0.139517 -0.375000
v 0.060906 0.146195 -0.375000
v 0.046200 0.151457 -0.375000
v 0.031050 0.155252 -0.375000
v 0.015600 0.157543 -0.375000
v -0.000000 0.158310 -0.375000
v 0.000000 0.158310 -0.406250
v -0.015600 0.157543 -0.406250
v -0.031050 0.155252 -0.406250
v -0.046200 0.151457 -0.406250
v -0.060906 0.146195 -0.406250
v -0.075025 0.139517 -0.406250
v -0.088422 0.131487 -0.406250
v -0.100967 0.122183 -0.406250
v -0.112540 0.111694 -0.406250
v -0.123028 0.100122 -0.406250
v -0.132332 0.087577 -0.406250
v -0.140362 0.074180 -0.406250
v -0.147040 0.060061 -0.406250
v -0.152302 0.045355 -0.406250
v -0.156097 0.030204 -0.406250
v -0.158389 0.014755 -0.406250
v -0.159155 -0.000845 -0.406250
v -0.158389 -0.016445 -0.406250
v -0.156097 -0.031895 -0.406250
v -0.152302 -0.047045 -0.406250
v -0.147040 -0.061751 -0.406250
v -0.140362 -0.075870 -0.406250
v -0.132333 -0.089267 -0.406250
v -0.123028 -0.101812 -0.406250
v -0.112540 -0.113385 -0.406250
v -0.100967 -0.123874 -0.406250
v -0.088422 -0.133178 -0.406250
v -0.075025 -0.141207 -0.406250
v -0.060906 -0.147885 -0.406250
v -0.046200 -0.153147 -0.406250
v -0.031050 -0.156942 -0.406250
v -0.015600 -0.159234 -0.406250
v 0.000000 -0.160000 -0.406250
v 0.015600 -0.159234 -0.406250
v 0.031050 -0.156942 -0.406250
v 0.046200 -0.153147 -0.406250
v 0.060906 -0.147885 -0.406250
v 0.075025 -0.141207 -0.406250
v 0.088422 -0.133178 -0.406250
v 0.100967 -0.123874 -0.406250
v 0.112540 -0.113385 -0.406250
v 0.123028 -0.101812 -0.406250
v 0.132333 -0.089267 -0.406250
v 0.140362 -0.075870 -0.406250
v 0.147040 -0.061751 -0.406250
v 0.152302 -0.047045 -0.406250
v 0.156097 -0.031895 -0.406250
v 0.158389 -0.016445 -0.406250
v 0.159155 -0.000845 -0.406250
v 0.158389 0.014755 -0.406250
v 0.156097 0.030204 -0.406250
v 0.152302 0.045355 -0.406250
v 0.147040 0.060061 -0.406250
v 0.140362 0.074180 -0.406250
v 0.132332 0.087577 -0.406250
v 0.123028 0.100122 -0.406250
v 0.112540 0.111694 -0.406250
v 0.100967 0.122183 -0.406250
v 0.088422 0.131487 -0.406250
v 0.075025 0.139517 -0.406250
v 0.060906 0.146195 -0.406250
v 0.046200 0.151457 -0.406250
v 0.031050 0.155252 -0.406250
v 0.015600 0.157543 -0.406250
v -0.000000 0.158310 -0.406250
v 0.000000 0.158310 -0.437500
v -0.015600 0.157543 -0.437500
v -0.031050 0.155252 -0.437500
v -0.046200 0.151457 -0.437500
v -0.060906 0.146195 -0.437500
v -0.075025 0.139517 -0.437500
v -0.088422 0.131487 -0.437500
v -0.100967 0.122183 -0.437500
v -0.112540 0.111694 -0.437500
v -0.123028 0.100122 -0.437500
v -0.132332 0.087577 -0.437500
v -0.140362 0.074180 -0.437500
v -0.147040 0.060061 -0.437500
v -0.152302 0.045355 -0.437500
v -0.156097 0.030204 -0.437500
v -0.158389 0.014755 -0.437500
v -0.159155 -0.000845 -0.437500
v -0.158389 -0.016445 -0.437500
v -0.156097 -0.031895 -0.437500
v -0.152302 -0.047045 -0.437500
v -0.147040 -0.061751 -0.437500
v -0.140362 -0.075870 -0.437500
v -0.132333 -0.089267 -0.437500
v -0.123028 -0.101812 -0.437500
v -0.112540 -0.113385 -0.437500
v -0.100967 -0.123874 -0.437500
v -0.088422 -0.133178 -0.437500
v -0.075025 -0.141207 -0.437500
v -0.060906 -0.147885 -0.437500
v -0.046200 -0.153147 -0.437500
v -0.031050 -0.156942 -0.437500
v -0.015600 -0.159234 -0.437500
v 0.000000 -0.160000 -0.437500
v 0.015600 -0.159234 -0.437500
v 0.031050 -0.156942 -0.437500
v 0.046200 -0.153147 -0.437500
v 0.060906 -0.147885 -0.437500
v 0.075025 -0.141207 -0.437500
v 0.088422 -0.133178 -0.437500
v 0.100967 -0.123874 -0.437500
v 0.112540 -0.113385 -0.437500
v 0.123028 -0.101812 -0.437500
v 0.132333 -0.089267 -0.437500
v 0.140362 -0.075870 -0.437500
v 0.147040 -0.061751 -0.437500
v 0.152302 -0.047045 -0.437500
v 0.156097 -0.031895 -0.437500
v 0.158389 -0.016445 -0.437500
v 0.159155 -0.000845 -0.437500
v 0.158389 0.014755 -0.437500
v 0.156097 0.030204 -0.437500
v 0.152302 0.045355 -0.437500
v 0.147040 0.060061 -0.437500
v 0.140362 0.074180 -0.437500
v 0.132332 0.087577 -0.437500
v 0.123028 0.100122 -0.437500
v 0.112540 0.111694 -0.437500
v 0.100967 0.122183 -0.437500
v 0.088422 0.131487 -0.437500
v 0.075025 0.139517 -0.437500
v 0.060906 0.146195 -0.437500
v 0.046200 0.151457 -0.437500
v 0.031050 0.155252 -0.437500
v 0.015600 0.157543 -0.437500
v -0.000000 0.158310 -0.437500
v 0.000000 0.158310 -0.468750
v -0.015600 0.157543 -0.468750
v -0.031050 0.155252 -0.468750
v -0.046200 0.151457 -0.468750
v -0.060906 0.146195 -0.468750
v -0.075025 0.139517 -0.468750
v -0.088422 0.131487 -0.468750
v -0.100967 0.122183 -0.468750
v -0.112540 0.111694 -0.468750
v -0.123028 0.100122 -0.468750
v -0.132332 0.087577 -0.468750
v -0.140362 0.074180 -0.468750
v -0.147040 0.060061 -0.468750
v -0.152302 0.045355 -0.468750
v -0.156097 0.030204 -0.468750
v -0.158389 0.014755 -0.468750
v -0.159155 -0.000845 -0.468750
v -0.158389 -0.016445 -0.468750
v -0.156097 -0.031895 -0.468750
v -0.152302 -0.047045 -0.468750
v -0.147040 -0.061751 -0.468750
v -0.140362 -0.075870 -0.468750
v -0.132333 -0.089267 -0.468750
v -0.123028 -0.101812 -0.468750
v -0.112540 -0.113385 -0.468750
v -0.100967 -0.123874 -0.468750
v -0.088422 -0.133178 -0.468750
v -0.075025 -0.141207 -0.468750
v -0.060906 -0.147885 -0.468750
v -0.046200 -0.153147 -0.468750
v -0.031050 -0.156942 -0.468750
v -0.015600 -0.159234 -0.468750
v 0.000000 -0.160000 -0.468750
v 0.015600 -0.159234 -0.468750
v 0.031050 -0.156942 -0.468750
v 0.046200 -0.153147 -0.468750
v 0.060906 -0.147885 -0.468750
v 0.075025 -0.141207 -0.468750
v 0.088422 -0.133178 -0.468750
v 0.100967 -0.123874 -0.468750
v 0.112540 -0.113385 -0.468750
v 0.123028 -0.101812 -0.468750
v 0.132333 -0.089267 -0.468750
v 0.140362 -0.075870 -0.468750
v 0.147040 -0.061751 -0.468750
v 0.152302 -0.047045 -0.468750
v 0.156097 -0.031895 -0.468750
v 0.158389 -0.016445 -0.468750
v 0.159155 -0.000845 -0.468750
v 0.158389 0.014755 -0.468750
v 0.156097 0.030204 -0.468750
v 0.152302 0.045355 -0.468750
v 0.147040 0.060061 -0.468750
v 0.140362 0.074180 -0.468750
v 0.132332 0.087577 -0.468750
v 0.123028 0.100122 -0.468750
v 0.112540 0.111694 -0.468750
v 0.100967 0.122183 -0.468750
v 0.088422 0.131487 -0.468750
v 0.075025 0.139517 -0.468750
v 0.060906 0.146195 -0.468750
v 0.046200 0.151457 -0.468750
v 0.031050 0.155252 -0.468750
v 0.015600 0.157543 -0.468750
v -0.000000 0.158310 -0.468750
v 0.000000 0.158310 -0.500000
v -0.015600 0.157543 -0.500000
v -0.031050 0.155252 -0.500000
v -0.046200 0.151457 -0.500000
v -0.060906 0.146195 -0.500000
v -0.075025 0.139517 -0.500000
v -0.088422 0.131487 -0.500000
v -0.100967 0.122183 -0.500000
v -0.112540 0.111694 -0.500000
v -0.123028 0.100122 -0.500000
v -0.132332 0.087577 -0.500000
v -0.140362 0.074180 -0.500000
v -0.147040 0.060061 -0.500000
v -0.152302 0.045355 -0.500000
v -0.156097 0.030204 -0.500000
v -0.158389 0.014755 -0.500000
v -0.159155 -0.000845 -0.500000
v -0.158389 -0.016445 -0.500000
v -0.156097 -0.031895 -0.500000
v -0.152302 -0.047045 -0.500000
v -0.147040 -0.061751 -0.500000
v -0.140362 -0.075870 -0.500000
v -0.132333 -0.089267 -0.500000
v -0.123028 -0.101812 -0.500000
v -0.112540 -0.113385 -0.500000
v -0.100967 -0.123874 -0.500000
v -0.088422 -0.133178 -0.500000
v -0.075025 -0.141207 -0.500000
v -0.060906 -0.147885 -0.500000
v -0.046200 -0.153147 -0.500000
v -0.031050 -0.156942 -0.500000
v -0.015600 -0.159234 -0.500000
v 0.000000 -0.160000 -0.500000
v 0.015600 -0.159234 -0.500000
v 0.031050 -0.156942 -0.500000
v 0.046200 -0.153147 -0.500000
v 0.060906 -0.147885 -0.500000
v 0.075025 -0.141207 -0.500000
v 0.088422 -0.133178 -0.500000
v 0.100967 -0.123874 -0.500000
v 0.112540 -0.113385 -0.500000
v 0.123028 -0.101812 -0.500000
v 0.132333 -0.089267 -0.500000
v 0.140362 -0.075870 -0.500000
v 0.147040 -0.061751 -0.500000
v 0.152302 -0.047045 -0.500000
v 0.156097 -0.031895 -0.500000
v 0.158389 -0.016445 -0.500000
v 0.159155 -0.000845 -0.500000
v 0.158389 0.014755 -0.500000
v 0.156097 0.030204 -0.500000
v 0.152302 0.045355 -0.500000
v 0.147040 0.060061 -0.500000
v 0.140362 0.074180 -0.500000
v 0.132332 0.087577 -0.500000
v 0.123028 0.100122 -0.500000
v 0.112540 0.111694 -0.500000
v 0.100967 0.122183 -0.500000
v 0.088422 0.131487 -0.500000
v 0.075025 0.139517 -0.500000
v 0.060906 0.146195 -0.500000
v 0.046200 0.151457 -0.500000
v 0.031050 0.155252 -0.500000
v 0.015600 0.157543 -0.500000
v -0.000000 0.158310 -0.500000
v 0.000000 0.158310 -0.531250
v -0.015600 0.157543 -0.531250
v -0.031050 0.155252 -0.531250
v -0.046200 0.151457 -0.531250
v -0.060906 0.146195 -0.531250
v -0.075025 0.139517 -0.531250
v -0.088422 0.131487 -0.531250
v -0.100967 0.122183 -0.531250
v -0.112540 0.111694 -0.531250
v -0.123028 0.100122 -0.531250
v -0.132332 0.087577 -0.531250
v -0.140362 0.074180 -0.531250
v -0.147040 0.060061 -0.531250
v -0.152302 0.045355 -0.531250
v -0.156097 0.030204 -0.531250
v -0.158389 0.014755 -0.531250
v -0.159155 -0.000845 -0.531250
v -0.158389 -0.016445 -0.531250
v -0.156097 -0.031895 -0.531250
v -0.152302 -0.047045 -0.531250
v -0.147040 -0.061751 -0.531250
v -0.140362 -0.075870 -0.531250
v -0.132333 -0.089267 -0.531250
v -0.123028 -0.101812 -0.531250
v -0.112540 -0.113385 -0.531250
v -0.100967 -0.123874 -0.531250
v -0.088422 -0.133178 -0.531250
v -0.075025 -0.141207 -0.531250
v -0.060906 -0.147885 -0.531250
v -0.046200 -0.153147 -0.531250
v -0.031050 -0.156942 -0.531250
v -0.015600 -0.159234 -0.531250
v 0.000000 -0.160000 -0.531250
v 0.015600 -0.159234 -0.531250
v 0.031050 -0.156942 -0.531250
v 0.046200 -0.153147 -0.531250
v 0.060906 -0.147885 -0.531250
v 0.075025 -0.141207 -0.531250
v 0.088422 -0.133178 -0.531250
v 0.100967 -0.123874 -0.531250
v 0.112540 -0.113385 -0.531250
v 0.123028 -0.101812 -0.531250
v 0.132333 -0.089267 -0.531250
v 0.140362 -0.075870 -0.531250
v 0.147040 -0.061751 -0.531250
v 0.152302 -0.047045 -0.531250
v 0.156097 -0.031895 -0.531250
v 0.158389 -0.016445 -0.531250
v 0.159155 -0.000845 -0.531250
v 0.158389 0.014755 -0.531250
v 0.156097 0.030204 -0.531250
v 0.152302 0.045355 -0.531250
v 0.147040 0.060061 -0.531250
v 0.140362 0.074180 -0.531250
v 0.132332 0.087577 -0.531250
v 0.123028 0.100122 -0.531250
v 0.112540 0.111694 -0.531250
v 0.100967 0.122183 -0.531250
v 0.088422 0.131487 -0.531250
v 0.075025 0.139517 -0.531250
v 0.060906 0.146195 -0.531250
v 0.046200 0.151457 -0.531250
v 0.031050 0.155252 -0.531250
v 0.015600 0.157543 -0.531250
v -0.000000 0.158310 -0.531250
v 0.000000 0.158310 -0.562500
v -0.015600 0.157543 -0.562500
v -0.031050 0.155252 -0.562500
v -0.046200 0.151457 -0.562500
v -0.060906 0.146195 -0.562500
v -0.075025 0.139517 -0.562500
v -0.088422 0.131487 -0.562500
v -0.100967 0.122183 -0.562500
v -0.112540 0.111694 -0.562500
v -0.123028 0.100122 -0.562500
v -0.132332 0.087577 -0.562500
v -0.140362 0.074180 -0.562500
v -0.147040 0.060061 -0.562500
v -0.152302 0.045355 -0.562500
v -0.156097 0.030204 -0.562500
v -0.158389 0.014755 -0.562500
v -0.159155 -0.000845 -0.562500
v -0.158389 -0.016445 -0.562500
v -0.156097 -0.031895 -0.562500
v -0.152302 -0.047045 -0.562500
v -0.147040 -0.061751 -0.562500
v -0.140362 -0.075870 -0.562500
v -0.132333 -0.089267 -0.562500
v -0.123028 -0.101812 -0.562500
v -0.112540 -0.113385 -0.562500
v -0.100967 -0.123874 -0.562500
v -0.088422 -0.133178 -0.562500
v -0.075025 -0.141207 -0.562500
v -0.060906 -0.147885 -0.562500
v -0.046200 -0.153147 -0.562500
v -0.031050 -0.156942 -0.562500
v -0.015600 -0.159234 -0.562500
v 0.000000 -0.160000 -0.562500
v 0.015600 -0.159234 -0.562500
v 0.031050 -0.156942 -0.562500
v 0.046200 -0.153147 -0.562500
v 0.060906 -0.147885 -0.562500
v 0.075025 -0.141207 -0.562500
v 0.088422 -0.133178 -0.562500
v 0.100967 -0.123874 -0.562500
v 0.112540 -0.113385 -0.562500
v 0.123028 -0.101812 -0.562500
v 0.132333 -0.089267 -0.562500
v 0.140362 -0.075870 -0.562500
v 0.147040 -0.061751 -0.562500
v 0.152302 -0.047045 -0.562500
v 0.156097 -0.031895 -0.562500
v 0.158389 -0.016445 -0.562500
v 0.159155 -0.000845 -0.562500
v 0.158389 0.014755 -0.562500
v 0.156097 0.030204 -0.562500
v 0.152302 0.045355 -0.562500
v 0.147040 0.060061 -0.562500
v 0.140362 0.074180 -0.562500
v 0.132332 0.087577 -0.562500
v 0.123028 0.100122 -0.562500
v 0.112540 0.111694 -0.562500
v 0.100967 0.122183 -0.562500
v 0.088422 0.131487 -0.562500
v 0.075025 0.139517 -0.562500
v 0.060906 0.146195 -0.562500
v 0.046200 0.151457 -0.562500
v 0.031050 0.155252 -0.562500
v 0.015600 0.157543 -0.562500
v -0.000000 0.158310 -0.562500
v 0.000000 0.158310 -0.593750
v -0.015600 0.157543 -0.593750
v -0.031050 0.155252 -0.593750
v -0.046200 0.151457 -0.593750
v -0.060906 0.146195 -0.593750
v -0.075025 0.139517 -0.593750
v -0.088422 0.131487 -0.593750
v -0.100967 0.122183 -0.593750
v -0.112540 0.111694 -0.593750
v -0.123028 0.100122 -0.593750
v -0.132332 0.087577 -0.593750
v -0.140362 0.074180 -0.593750
v -0.147040 0.060061 -0.593750
v -0.152302 0.045355 -0.593750
v -0.156097 0.030204 -0.593750
v -0.158389 0.014755 -0.593750
v -0.159155 -0.000845 -0.593750
v -0.158389 -0.016445 -0.593750
v -0.156097 -0.031895 -0.593750
v -0.152302 -0.047045 -0.593750
v -0.147040 -0.061751 -0.593750
v -0.140362 -0.075870 -0.593750
v -0.132333 -0.089267 -0.593750
v -0.123028 -0.101812 -0.593750
v -0.112540 -0.113385 -0.593750
v -0.100967 -0.123874 -0.593750
v -0.088422 -0.133178 -0.593750
v -0.075025 -0.141207 -0.593750
v -0.060906 -0.147885 -0.593750
v -0.046200 -0.153147 -0.593750
v -0.031050 -0.156942 -0.593750
v -0.015600 -0.159234 -0.593750
v 0.000000 -0.160000 -0.593750
v 0.015600 -0.159234 -0.593750
v 0.031050 -0.156942 -0.593750
v 0.046200 -0.153147 -0.593750
v 0.060906 -0.147885 -0.593750
v 0.075025 -0.141207 -0.593750
v 0.088422 -0.133178 -0.593750
v 0.100967 -0.123874 -0.593750
v 0.112540 -0.113385 -0.593750
v 0.123028 -0.101812 -0.593750
v 0.132333 -0.089267 -0.593750
v 0.140362 -0.075870 -0.593750
v 0.147040 -0.061751 -0.593750
v 0.152302 -0.047045 -0.593750
v 0.156097 -0.031895 -0.593750
v 0.158389 -0.016445 -0.593750
v 0.159155 -0.000845 -0.593750
v 0.158389 0.014755 -0.593750
v 0.156097 0.030204 -0.593750
v 0.152302 0.045355 -0.593750
v 0.147040 0.060061 -0.593750
v 0.140362 0.074180 -0.593750
v 0.132332 0.087577 -0.593750
v 0.123028 0.100122 -0.593750
v 0.112540 0.111694 -0.593750
v 0.100967 0.122183 -0.593750
v 0.088422 0.131487 -0.593750
v 0.075025 0.139517 -0.593750
v 0.060906 0.146195 -0.593750
v 0.046200 0.151457 -0.593750
v 0.031050 0.155252 -0.593750
v 0.015600 0.157543 -0.593750
v -0.000000 0.158310 -0.593750
v 0.000000 0.158310 -0.625000
v -0.015600 0.157543 -0.625000
v -0.031050 0.155252 -0.625000
v -0.046200 0.151457 -0.625000
v -0.060906 0.146195 -0.625000
v -0.075025 0.139517 -0.625000
v -0.088422 0.131487 -0.625000
v -0.100967 0.122183 -0.625000
v -0.112540 0.111694 -0.625000
v -0.123028 0.100122 -0.625000
v -0.132332 0.087577 -0.625000
v -0.140362 0.074180 -0.625000
v -0.147040 0.060061 -0.625000
v -0.152302 0.045355 -0.625000
v -0.156097 0.030204 -0.625000
v -0.158389 0.014755 -0.625000
v -0.159155 -0.000845 -0.625000
v -0.158389 -0.016445 -0.625000
v -0.156097 -0.031895 -0.625000
v -0.152302 -0.047045 -0.625000
v -0.147040 -0.061751 -0.625000
v -0.140362 -0.075870 -0.625000
v -0.132333 -0.089267 -0.625000
v -0.123028 -0.101812 -0.625000
v -0.112540 -0.113385 -0.625000
v -0.100967 -0.123874 -0.625000
v -0.088422 -0.133178 -0.625000
v -0.075025 -0.141207 -0.625000
v -0.060906 -0.147885 -0.625000
v -0.046200 -0.153147 -0.625000
v -0.031050 -0.156942 -0.625000
v -0.015600 -0.159234 -0.625000
v 0.000000 -0.160000 -0.625000
v 0.015600 -0.159234 -0.625000
v 0.031050 -0.156942 -0.625000
v 0.046200 -0.153147 -0.625000
v 0.060906 -0.147885 -0.625000
v 0.075025 -0.141207 -0.625000
v 0.088422 -0.133178 -0.625000
v 0.100967 -0.123874 -0.625000
v 0.112540 -0.113385 -0.625000
v 0.123028 -0.101812 -0.625000
v 0.132333 -0.089267 -0.625000
v 0.140362 -0.075870 -0.625000
v 0.147040 -0.061751 -0.625000
v 0.152302 -0.047045 -0.625000
v 0.156097 -0.031895 -0.625000
v 0.158389 -0.016445 -0.625000
v 0.159155 -0.000845 -0.625000
v 0.158389 0.014755 -0.625000
v 0.156097 0.030204 -0.625000
v 0.152302 0.045355 -0.625000
v 0.147040 0.060061 -0.625000
v 0.140362 0.074180 -0.625000
v 0.132332 0.087577 -0.625000
v 0.123028 0.100122 -0.625000
v 0.112540 0.111694 -0.625000
v 0.100967 0.122183 -0.625000
v 0.088422 0.131487 -0.625000
v 0.075025 0.139517 -0.625000
v 0.060906 0.146195 -0.625000
v 0.046200 0.151457 -0.625000
v 0.031050 0.155252 -0.625000
v 0.015600 0.157543 -0.625000
v -0.000000 0.158310 -0.625000
v 0.000000 0.158310 -0.656250
v -0.015600 0.157543 -0.656250
v -0.031050 0.155252 -0.656250
v -0.046200 0.151457 -0.656250
v -0.060906 0.146195 -0.656250
v -0.075025 0.139517 -0.656250
v -0.088422 0.131487 -0.656250
v -0.100967 0.122183 -0.656250
v -0.112540 0.111694 -0.656250
v -0.123028 0.100122 -0.656250
v -0.132332 0.087577 -0.656250
v -0.140362 0.074180 -0.656250
v -0.147040 0.060061 -0.656250
v -0.152302 0.045355 -0.656250
v -0.156097 0.030204 -0.656250
v -0.158389 0.014755 -0.656250
v -0.159155 -0.000845 -0.656250
v -0.158389 -0.016445 -0.656250
v -0.156097 -0.031895 -0.656250
v -0.152302 -0.047045 -0.656250
v -0.147040 -0.061751 -0.656250
v -0.140362 -0.075870 -0.656250
v -0.132333 -0.089267 -0.656250
v -0.123028 -0.101812 -0.656250
v -0.112540 -0.113385 -0.656250
v -0.100967 -0.123874 -0.656250
v -0.088422 -0.133178 -0.656250
v -0.075025 -0.141207 -0.656250
v -0.060906 -0.147885 -0.656250
v -0.046200 -0.153147 -0.656250
v -0.031050 -0.156942 -0.656250
v -0.015600 -0.159234 -0.656250
v 0.000000 -0.160000 -0.656250
v 0.015600 -0.159234 -0.656250
v 0.031050 -0.156942 -0.656250
v 0.046200 -0.153147 -0.656250
v 0.060906 -0.147885 -0.656250
v 0.075025 -0.141207 -0.656250
v 0.088422 -0.133178 -0.656250
v 0.100967 -0.123874 -0.656250
v 0.112540 -0.113385 -0.656250
v 0.123028 -0.101812 -0.656250
v 0.132333 -0.089267 -0.656250
v 0.140362 -0.075870 -0.656250
v 0.147040 -0.061751 -0.656250
v 0.152302 -0.047045 -0.656250
v 0.156097 -0.031895 -0.656250
v 0.158389 -0.016445 -0.656250
v 0.159155 -0.000845 -0.656250
v 0.158389 0.014755 -0.656250
v 0.156097 0.030204 -0.656250
v 0.152302 0.045355 -0.656250
v 0.147040 0.060061 -0.656250
v 0.140362 0.074180 -0.656250
v 0.132332 0.087577 -0.656250
v 0.123028 0.100122 -0.656250
v 0.112540 0.111694 -0.656250
v 0.100967 0.122183 -0.656250
v 0.088422 0.131487 -0.656250
v 0.075025 0.139517 -0.656250
v 0.060906 0.146195 -0.656250
v 0.046200 0.151457 -0.656250
v 0.031050 0.155252 -0.656250
v 0.015600 0.157543 -0.656250
v -0.000000 0.158310 -0.656250
v 0.000000 0.158310 -0.687500
v -0.015600 0.157543 -0.687500
v -0.031050 0.155252 -0.687500
v -0.046200 0.151457 -0.687500
v -0.060906 0.146195 -0.687500
v -0.075025 0.139517 -0.687500
v -0.088422 0.131487 -0.687500
v -0.100967 0.122183 -0.687500
v -0.112540 0.111694 -0.687500
v -0.123028 0.100122 -0.687500
v -0.132332 0.087577 -0.687500
v -0.140362 0.074180 -0.687500
v -0.147040 0.060061 -0.687500
v -0.152302 0.045355 -0.687500
v -0.156097 0.030204 -0.687500
v -0.158389 0.014755 -0.687500
v -0.159155 -0.000845 -0.687500
v -0.158389 -0.016445 -0.687500
v -0.156097 -0.031895 -0.687500
v -0.152302 -0.047045 -0.687500
v -0.147040 -0.061751 -0.687500
v -0.140362 -0.075870 -0.687500
v -0.132333 -0.089267 -0.687500
v -0.123028 -0.101812 -0.687500
v -0.112540 -0.113385 -0.687500
v -0.100967 -0.123874 -0.687500
v -0.088422 -0.133178 -0.687500
v -0.075025 -0.141207 -0.687500
v -0.060906 -0.147885 -0.687500
v -0.046200 -0.153147 -0.687500
v -0.031050 -0.156942 -0.687500
v -0.015600 -0.159234 -0.687500
v 0.000000 -0.160000 -0.687500
v 0.015600 -0.159234 -0.687500
v 0.031050 -0.156942 -0.687500
v 0.046200 -0.153147 -0.687500
v 0.060906 -0.147885 -0.687500
v 0.075025 -0.141207 -0.687500
v 0.088422 -0.133178 -0.687500
v 0.100967 -0.123874 -0.687500
v 0.112540 -0.113385 -0.687500
v 0.123028 -0.101812 -0.687500
v 0.132333 -0.089267 -0.687500
v 0.140362 -0.075870 -0.687500
v 0.147040 -0.061751 -0.687500
v 0.152302 -0.047045 -0.687500
v 0.156097 -0.031895 -0.687500
v 0.158389 -0.016445 -0.687500
v 0.159155 -0.000845 -0.687500
v 0.158389 0.014755 -0.687500
v 0.156097 0.030204 -0.687500
v 0.152302 0.045355 -0.687500
v 0.147040 0.060061 -0.687500
v 0.140362 0.074180 -0.687500
v 0.132332 0.087577 -0.687500
v 0.123028 0.100122 -0.687500
v 0.112540 0.111694 -0.687500
v 0.100967 0.122183 -0.687500
v 0.088422 0.131487 -0.687500
v 0.075025 0.139517 -0.687500
v 0.060906 0.146195 -0.687500
v 0.046200 0.151457 -0.687500
v 0.031050 0.155252 -0.687500
v 0.015600 0.157543 -0.687500
v -0.000000 0.158310 -0.687500
v 0.000000 0.158310 -0.718750
v -0.015600 0.157543 -0.718750
v -0.031050 0.155252 -0.718750
v -0.046200 0.151457 -0.718750
v -0.060906 0.146195 -0.718750
v -0.075025 0.139517 -0.718750
v -0.088422 0.131487 -0.718750
v -0.100967 0.122183 -0.718750
v -0.112540 0.111694 -0.718750
v -0.123028 0.100122 -0.718750
v -0.132332 0.087577 -0.718750
v -0.140362 0.074180 -0.718750
v -0.147040 0.060061 -0.718750
v -0.152302 0.045355 -0.718750
v -0.156097 0.030204 -0.718750
v -0.158389 0.014755 -0.718750
v -0.159155 -0.000845 -0.718750
v -0.158389 -0.016445 -0.718750
v -0.156097 -0.031895 -0.718750
v -0.152302 -0.047045 -0.718750
v -0.147040 -0.061751 -0.718750
v -0.140362 -0.075870 -0.718750
v -0.132333 -0.089267 -0.718750
v -0.123028 -0.101812 -0.718750
v -0.112540 -0.113385 -0.718750
v -0.100967 -0.123874 -0.718750
v -0.088422 -0.133178 -0.718750
v -0.075025 -0.141207 -0.718750
v -0.060906 -0.147885 -0.718750
v -0.046200 -0.153147 -0.718750
v -0.031050 -0.156942 -0.718750
v -0.015600 -0.159234 -0.718750
v 0.000000 -0.160000 -0.718750
v 0.015600 -0.159234 -0.718750
v 0.031050 -0.156942 -0.718750
v 0.046200 -0.153147 -0.718750
v 0.060906 -0.147885 -0.718750
v 0.075025 -0.141207 -0.718750
v 0.088422 -0.133178 -0.718750
v 0.100967 -0.123874 -0.718750
v 0.112540 -0.113385 -0.718750
v 0.123028 -0.101812 -0.718750
v 0.132333 -0.089267 -0.718750
v 0.140362 -0.075870 -0.718750
v 0.147040 -0.061751 -0.718750
v 0.152302 -0.047045 -0.718750
v 0.156097 -0.031895 -0.718750
v 0.158389 -0.016445 -0.718750
v 0.159155 -0.000845 -0.718750
v 0.158389 0.014755 -0.718750
v 0.156097 0.030204 -0.718750
v 0.152302 0.045355 -0.718750
v 0.147040 0.060061 -0.718750
v 0.140362 0.074180 -0.718750
v 0.132332 0.087577 -0.718750
v 0.123028 0.100122 -0.718750
v 0.112540 0.111694 -0.718750
v 0.100967 0.122183 -0.718750
v 0.088422 0.131487 -0.718750
v 0.075025 0.139517 -0.718750
v 0.060906 0.146195 -0.718750
v 0.046200 0.151457 -0.718750
v 0.031050 0.155252 -0.718750
v 0.015600 0.157543 -0.718750
v -0.000000 0.158310 -0.718750
v 0.000000 0.158310 -0.750000
v -0.015600 0.157543 -0.750000
v -0.031050 0.155252 -0.750000
v -0.046200 0.151457 -0.750000
v -0.060906 0.146195 -0.750000
v -0.075025 0.139517 -0.750000
v -0.088422 0.131487 -0.750000
v -0.100967 0.122183 -0.750000
v -0.112540 0.111694 -0.750000
v -0.123028 0.100122 -0.750000
v -0.132332 0.087577 -0.750000
v -0.140362 0.074180 -0.750000
v -0.147040 0.060061 -0.750000
v -0.152302 0.045355 -0.750000
v -0.156097 0.030204 -0.750000
v -0.158389 0.014755 -0.750000
v -0.159155 -0.000845 -0.750000
v -0.158389 -0.016445 -0.750000
v -0.156097 -0.031895 -0.750000
v -0.152302 -0.047045 -0.750000
v -0.147040 -0.061751 -0.750000
v -0.140362 -0.075870 -0.750000
v -0.132333 -0.089267 -0.750000
v -0.123028 -0.101812 -0.750000
v -0.112540 -0.113385 -0.750000
v -0.100967 -0.123874 -0.750000
v -0.088422 -0.133178 -0.750000
v -0.075025 -0.141207 -0.750000
v -0.060906 -0.147885 -0.750000
v -0.046200 -0.153147 -0.750000
v -0.031050 -0.156942 -0.750000
v -0.015600 -0.159234 -0.750000
v 0.000000 -0.160000 -0.750000
v 0.015600 -0.159234 -0.750000
v 0.031050 -0.156942 -0.750000
v 0.046200 -0.153147 -0.750000
v 0.060906 -0.147885 -0.750000
v 0.075025 -0.141207 -0.750000
v 0.088422 -0.133178 -0.750000
v 0.100967 -0.123874 -0.750000
v 0.112540 -0.113385 -0.750000
v 0.123028 -0.101812 -0.750000
v 0.132333 -0.089267 -0.750000
v 0.140362 -0.075870 -0.750000
v 0.147040 -0.061751 -0.750000
v 0.152302 -0.047045 -0.750000
v 0.156097 -0.031895 -0.750000
v 0.158389 -0.016445 -0.750000
v 0.159155 -0.000845 -0.750000
v 0.158389 0.014755 -0.750000
v 0.156097 0.030204 -0.750000
v 0.152302 0.045355 -0.750000
v 0.147040 0.060061 -0.750000
v 0.140362 0.074180 -0.750000
v 0.132332 0.087577 -0.750000
v 0.123028 0.100122 -0.750000
v 0.112540 0.111694 -0.750000
v 0.100967 0.122183 -0.750000
v 0.088422 0.131487 -0.750000
v 0.075025 0.139517 -0.750000
v 0.060906 0.146195 -0.750000
v 0.046200 0.151457 -0.750000
v 0.031050 0.155252 -0.750000
v 0.015600 0.157543 -0.750000
v -0.000000 0.158310 -0.750000
v 0.000000 0.158310 -0.781250
v -0.015600 0.157543 -0.781250
v -0.031050 0.155252 -0.781250
v -0.046200 0.151457 -0.781250
v -0.060906 0.146195 -0.781250
v -0.075025 0.139517 -0.781250
v -0.088422 0.131487 -0.781250
v -0.100967 0.122183 -0.781250
v -0.112540 0.111694 -0.781250
v -0.123028 0.100122 -0.781250
v -0.132332 0.087577 -0.781250
v -0.140362 0.074180 -0.781250
v -0.147040 0.060061 -0.781250
v -0.152302 0.045355 -0.781250
v -0.156097 0.030204 -0.781250
v -0.158389 0.014755 -0.781250
v -0.159155 -0.000845 -0.781250
v -0.158389 -0.016445 -0.781250
v -0.156097 -0.031895 -0.781250
v -0.152302 -0.047045 -0.781250
v -0.147040 -0.061751 -0.781250
v -0.140362 -0.075870 -0.781250
v -0.132333 -0.089267 -0.781250
v -0.123028 -0.101812 -0.781250
v -0.112540 -0.113385 -0.781250
v -0.100967 -0.123874 -0.781250
v -0.088422 -0.133178 -0.781250
v -0.075025 -0.141207 -0.781250
v -0.060906 -0.147885 -0.781250
v -0.046200 -0.153147 -0.781250
v -0.031050 -0.156942 -0.781250
v -0.015600 -0.159234 -0.781250
v 0.000000 -0.160000 -0.781250
v 0.015600 -0.159234 -0.781250
v 0.031050 -0.156942 -0.781250
v 0.046200 -0.153147 -0.781250
v 0.060906 -0.147885 -0.781250
v 0.075025 -0.141207 -0.781250
v 0.088422 -0.133178 -0.781250
v 0.100967 -0.123874 -0.781250
v 0.112540 -0.113385 -0.781250
v 0.123028 -0.101812 -0.781250
v 0.132333 -0.089267 -0.781250
v 0.140362 -0.075870 -0.781250
v 0.147040 -0.061751 -0.781250
v 0.152302 -0.047045 -0.781250
v 0.156097 -0.031895 -0.781250
v 0.158389 -0.016445 -0.781250
v 0.159155 -0.000845 -0.781250
v 0.158389 0.014755 -0.781250
v 0.156097 0.030204 -0.781250
v 0.152302 0.045355 -0.781250
v 0.147040 0.060061 -0.781250
v 0.140362 0.074180 -0.781250
v 0.132332 0.087577 -0.781250
v 0.123028 0.100122 -0.781250
v 0.112540 0.111694 -0.781250
v 0.100967 0.122183 -0.781250
v 0.088422 0.131487 -0.781250
v 0.075025 0.139517 -0.781250
v 0.060906 0.146195 -0.781250
v 0.046200 0.151457 -0.781250
v 0.031050 0.155252 -0.781250
v 0.015600 0.157543 -0.781250
v -0.000000 0.158310 -0.781250
v 0.000000 0.158310 -0.812500
v -0.015600 0.157543 -0.812500
v -0.031050 0.155252 -0.812500
v -0.046200 0.151457 -0.812500
v -0.060906 0.146195 -0.812500
v -0.075025 0.139517 -0.812500
v -0.088422 0.131487 -0.812500
v -0.100967 0.122183 -0.812500
v -0.112540 0.111694 -0.812500
v -0.123028 0.100122 -0.812500
v -0.132332 0.087577 -0.812500
v -0.140362 0.074180 -0.812500
v -0.147040 0.060061 -0.812500
v -0.152302 0.045355 -0.812500
v -0.156097 0.030204 -0.812500
v -0.158389 0.014755 -0.812500
v -0.159155 -0.000845 -0.812500
v -0.158389 -0.016445 -0.812500
v -0.156097 -0.031895 -0.812500
v -0.152302 -0.047045 -0.812500
v -0.147040 -0.061751 -0.812500
v -0.140362 -0.075870 -0.812500
v -0.132333 -0.089267 -0.812500
v -0.123028 -0.101812 -0.812500
v -0.112540 -0.113385 -0.812500
v -0.100967 -0.123874 -0.812500
v -0.088422 -0.133178 -0.812500
v -0.075025 -0.141207 -0.812500
v -0.060906 -0.147885 -0.812500
v -0.046200 -0.153147 -0.812500
v -0.031050 -0.156942 -0.812500
v -0.015600 -0.159234 -0.812500
v 0.000000 -0.160000 -0.812500
v 0.015600 -0.159234 -0.812500
v 0.031050 -0.156942 -0.812500
v 0.046200 -0.153147 -0.812500
v 0.060906 -0.147885 -0.812500
v 0.075025 -0.141207 -0.812500
v 0.088422 -0.133178 -0.812500
v 0.100967 -0.123874 -0.812500
v 0.112540 -0.113385 -0.812500
v 0.123028 -0.101812 -0.812500
v 0.132333 -0.089267 -0.812500
v 0.140362 -0.075870 -0.812500
v 0.147040 -0.061751 -0.812500
v 0.152302 -0.047045 -0.812500
v 0.156097 -0.031895 -0.812500
v 0.158389 -0.016445 -0.812500
v 0.159155 -0.000845 -0.812500
v 0.158389 0.014755 -0.812500
v 0.156097 0.030204 -0.812500
v 0.152302 0.045355 -0.812500
v 0.147040 0.060061 -0.812500
v 0.140362 0.074180 -0.812500
v 0.132332 0.087577 -0.812500
v 0.123028 0.100122 -0.812500
v 0.112540 0.111694 -0.812500
v 0.100967 0.122183 -0.812500
v 0.088422 0.131487 -0.812500
v 0.075025 0.139517 -0.812500
v 0.060906 0.146195 -0.812500
v 0.046200 0.151457 -0.812500
v 0.031050 0.155252 -0.812500
v 0.015600 0.157543 -0.812500
v -0.000000 0.158310 -0.812500
v 0.000000 0.158310 -0.843750
v -0.015600 0.157543 -0.843750
v -0.031050 0.155252 -0.843750
v -0.046200 0.151457 -0.843750
v -0.060906 0.146195 -0.843750
v -0.075025 0.139517 -0.843750
v -0.088422 0.131487 -0.843750
v -0.100967 0.122183 -0.843750
v -0.112540 0.111694 -0.843750
v -0.123028 0.100122 -0.843750
v -0.132332 0.087577 -0.843750
v -0.140362 0.074180 -0.843750
v -0.147040 0.060061 -0.843750
v -0.152302 0.045355 -0.843750
v -0.156097 0.030204 -0.843750
v -0.158389 0.014755 -0.843750
v -0.159155 -0.000845 -0.843750
v -0.158389 -0.016445 -0.843750
v -0.156097 -0.031895 -0.843750
v -0.152302 -0.047045 -0.843750
v -0.147040 -0.061751 -0.843750
v -0.140362 -0.075870 -0.843750
v -0.132333 -0.089267 -0.843750
v -0.123028 -0.101812 -0.843750
v -0.112540 -0.113385 -0.843750
v -0.100967 -0.123874 -0.843750
v -0.088422 -0.133178 -0.843750
v -0.075025 -0.141207 -0.843750
v -0.060906 -0.147885 -0.843750
v -0.046200 -0.153147 -0.843750
v -0.031050 -0.156942 -0.843750
v -0.015600 -0.159234 -0.843750
v 0.000000 -0.160000 -0.843750
v 0.015600 -0.159234 -0.843750
v 0.031050 -0.156942 -0.843750
v 0.046200 -0.153147 -0.843750
v 0.060906 -0.147885 -0.843750
v 0.075025 -0.141207 -0.843750
v 0.088422 -0.133178 -0.843750
v 0.100967 -0.123874 -0.843750
v 0.112540 -0.113385 -0.843750
v 0.123028 -0.101812 -0.843750
v 0.132333 -0.089267 -0.843750
v 0.140362 -0.075870 -0.843750
v 0.147040 -0.061751 -0.843750
v 0.152302 -0.047045 -0.843750
v 0.156097 -0.031895 -0.843750
v 0.158389 -0.016445 -0.843750
v 0.159155 -0.000845 -0.843750
v 0.158389 0.014755 -0.843750
v 0.156097 0.030204 -0.843750
v 0.152302 0.045355 -0.843750
v 0.147040 0.060061 -0.843750
v 0.140362 0.074180 -0.843750
v 0.132332 0.087577 -0.843750
v 0.123028 0.100122 -0.843750
v 0.112540 0.111694 -0.843750
v 0.100967 0.122183 -0.843750
v 0.088422 0.131487 -0.843750
v 0.075025 0.139517 -0.843750
v 0.060906 0.146195 -0.843750
v 0.046200 0.151457 -0.843750
v 0.031050 0.155252 -0.843750
v 0.015600 0.157543 -0.843750
v -0.000000 0.158310 -0.843750
v 0.000000 0.158310 -0.875000
v -0.015600 0.157543 -0.875000
v -0.031050 0.155252 -0.875000
v -0.046200 0.151457 -0.875000
v -0.060906 0.146195 -0.875000
v -0.075025 0.139517 -0.875000
v -0.088422 0.131487 -0.875000
v -0.100967 0.122183 -0.875000
v -0.112540 0.111694 -0.875000
v -0.123028 0.100122 -0.875000
v -0.132332 0.087577 -0.875000
v -0.140362 0.074180 -0.875000
v -0.147040 0.060061 -0.875000
v -0.152302 0.045355 -0.875000
v -0.156097 0.030204 -0.875000
v -0.158389 0.014755 -0.875000
v -0.159155 -0.000845 -0.875000
v -0.158389 -0.016445 -0.875000
v -0.156097 -0.031895 -0.875000
v -0.152302 -0.047045 -0.875000
v -0.147040 -0.061751 -0.875000
v -0.140362 -0.075870 -0.875000
v -0.132333 -0.089267 -0.875000
v -0.123028 -0.101812 -0.875000
v -0.112540 -0.113385 -0.875000
v -0.100967 -0.123874 -0.875000
v -0.088422 -0.133178 -0.875000
v -0.075025 -0.141207 -0.875000
v -0.060906 -0.147885 -0.875000
v -0.046200 -0.153147 -0.875000
v -0.031050 -0.156942 -0.875000
v -0.015600 -0.159234 -0.875000
v 0.000000 -0.160000 -0.875000
v 0.015600 -0.159234 -0.875000
v 0.031050 -0.156942 -0.875000
v 0.046200 -0.153147 -0.875000
v 0.060906 -0.147885 -0.875000
v 0.075025 -0.141207 -0.875000
v 0.088422 -0.133178 -0.875000
v 0.100967 -0.123874 -0.875000
v 0.112540 -0.113385 -0.875000
v 0.123028 -0.101812 -0.875000
v 0.132333 -0.089267 -0.875000
v 0.140362 -0.075870 -0.875000
v 0.147040 -0.061751 -0.875000
v 0.152302 -0.047045 -0.875000
v 0.156097 -0.031895 -0.875000
v 0.158389 -0.016445 -0.875000
v 0.159155 -0.000845 -0.875000
v 0.158389 0.014755 -0.875000
v 0.156097 0.030204 -0.875000
v 0.152302 0.045355 -0.875000
v 0.147040 0.060061 -0.875000
v 0.140362 0.074180 -0.875000
v 0.132332 0.087577 -0.875000
v 0.123028 0.100122 -0.875000
v 0.112540 0.111694 -0.875000
v 0.100967 0.122183 -0.875000
v 0.088422 0.131487 -0.875000
v 0.075025 0.139517 -0.875000
v 0.060906 0.146195 -0.875000
v 0.046200 0.151457 -0.875000
v 0.031050 0.155252 -0.875000
v 0.015600 0.157543 -0.875000
v -0.000000 0.158310 -0.875000
v 0.000000 0.158310 -0.906250
v -0.015600 0.157543 -0.906250
v -0.031050 0.155252 -0.906250
v -0.046200 0.151457 -0.906250
v -0.060906 0.146195 -0.906250
v -0.075025 0.139517 -0.906250
v -0.088422 0.131487 -0.906250
v -0.100967 0.122183 -0.906250
v -0.112540 0.111694 -0.906250
v -0.123028 0.100122 -0.906250
v -0.132332 0.087577 -0.906250
v -0.140362 0.074180 -0.906250
v -0.147040 0.060061 -0.906250
v -0.152302 0.045355 -0.906250
v -0.156097 0.030204 -0.906250
v -0.158389 0.014755 -0.906250
v -0.159155 -0.000845 -0.906250
v -0.158389 -0.016445 -0.906250
v -0.156097 -0.031895 -0.906250
v -0.152302 -0.047045 -0.906250
v -0.147040 -0.061751 -0.906250
v -0.140362 -0.075870 -0.906250
v -0.132333 -0.089267 -0.906250
v -0.123028 -0.101812 -0.906250
v -0.112540 -0.113385 -0.906250
v -0.100967 -0.123874 -0.906250
v -0.088422 -0.133178 -0.906250
v -0.075025 -0.141207 -0.906250
v -0.060906 -0.147885 -0.906250
v -0.046200 -0.153147 -0.906250
v -0.031050 -0.156942 -0.906250
v -0.015600 -0.159234 -0.906250
v 0.000000 -0.160000 -0.906250
v 0.015600 -0.159234 -0.906250
v 0.031050 -0.156942 -0.906250
v 0.046200 -0.153147 -0.906250
v 0.060906 -0.147885 -0.906250
v 0.075025 -0.141207 -0.906250
v 0.088422 -0.133178 -0.906250
v 0.100967 -0.123874 -0.906250
v 0.112540 -0.113385 -0.906250
v 0.123028 -0.101812 -0.906250
v 0.132333 -0.089267 -0.906250
v 0.140362 -0.075870 -0.906250
v 0.147040 -0.061751 -0.906250
v 0.152302 -0.047045 -0.906250
v 0.156097 -0.031895 -0.906250
v 0.158389 -0.016445 -0.906250
v 0.159155 -0.000845 -0.906250
v 0.158389 0.014755 -0.906250
v 0.156097 0.030204 -0.906250
v 0.152302 0.045355 -0.906250
v 0.147040 0.060061 -0.906250
v 0.140362 0.074180 -0.906250
v 0.132332 0.087577 -0.906250
v 0.123028 0.100122 -0.906250
v 0.112540 0.111694 -0.906250
v 0.100967 0.122183 -0.906250
v 0.088422 0.131487 -0.906250
v 0.075025 0.139517 -0.906250
v 0.060906 0.146195 -0.906250
v 0.046200 0.151457 -0.906250
v 0.031050 0.155252 -0.906250
v 0.015600 0.157543 -0.906250
v -0.000000 0.158310 -0.906250
v 0.000000 0.158310 -0.937500
v -0.015600 0.157543 -0.937500
v -0.031050 0.155252 -0.937500
v -0.046200 0.151457 -0.937500
v -0.060906 0.146195 -0.937500
v -0.075025 0.139517 -0.937500
v -0.088422 0.131487 -0.937500
v -0.100967 0.122183 -0.937500
v -0.112540 0.111694 -0.937500
v -0.123028 0.100122 -0.937500
v -0.132332 0.087577 -0.937500
v -0.140362 0.074180 -0.937500
v -0.147040 0.060061 -0.937500
v -0.152302 0.045355 -0.937500
v -0.156097 0.030204 -0.937500
v -0.158389 0.014755 -0.937500
v -0.159155 -0.000845 -0.937500
v -0.158389 -0.016445 -0.937500
v -0.156097 -0.031895 -0.937500
v -0.152302 -0.047045 -0.937500
v -0.147040 -0.061751 -0.937500
v -0.140362 -0.075870 -0.937500
v -0.132333 -0.089267 -0.937500
v -0.123028 -0.101812 -0.937500
v -0.112540 -0.113385 -0.937500
v -0.100967 -0.123874 -0.937500
v -0.088422 -0.133178 -0.937500
v -0.075025 -0.141207 -0.937500
v -0.060906 -0.147885 -0.937500
v -0.046200 -0.153147 -0.937500
v -0.031050 -0.156942 -0.937500
v -0.015600 -0.159234 -0.937500
v 0.000000 -0.160000 -0.937500
v 0.015600 -0.159234 -0.937500
v 0.031050 -0.156942 -0.937500
v 0.046200 -0.153147 -0.937500
v 0.060906 -0.147885 -0.937500
v 0.075025 -0.141207 -0.937500
v 0.088422 -0.133178 -0.937500
v 0.100967 -0.123874 -0.937500
v 0.112540 -0.113385 -0.937500
v 0.123028 -0.101812 -0.937500
v 0.132333 -0.089267 -0.937500
v 0.140362 -0.075870 -0.937500
v 0.147040 -0.061751 -0.937500
v 0.152302 -0.047045 -0.937500
v 0.156097 -0.031895 -0.937500
v 0.158389 -0.016445 -0.937500
v 0.159155 -0.000845 -0.937500
v 0.158389 0.014755 -0.937500
v 0.156097 0.030204 -0.937500
v 0.152302 0.045355 -0.937500
v 0.147040 0.060061 -0.937500
v 0.140362 0.074180 -0.937500
v 0.132332 0.087577 -0.937500
v 0.123028 0.100122 -0.937500
v 0.112540 0.111694 -0.937500
v 0.100967 0.122183 -0.937500
v 0.088422 0.131487 -0.937500
v 0.075025 0.139517 -0.937500
v 0.060906 0.146195 -0.937500
v 0.046200 0.151457 -0.937500
v 0.031050 0.155252 -0.937500
v 0.015600 0.157543 -0.937500
v -0.000000 0.158310 -0.937500
v 0.000000 0.158310 -0.968750
v -0.015600 0.157543 -0.968750
v -0.031050 0.155252 -0.968750
v -0.046200 0.151457 -0.968750
v -0.060906 0.146195 -0.968750
v -0.075025 0.139517 -0.968750
v -0.088422 0.131487 -0.968750
v -0.100967 0.122183 -0.968750
v -0.112540 0.111694 -0.968750
v -0.123028 0.100122 -0.968750
v -0.132332 0.087577 -0.968750
v -0.140362 0.074180 -0.968750
v -0.147040 0.060061 -0.968750
v -0.152302 0.045355 -0.968750
v -0.156097 0.030204 -0.968750
v -0.158389 0.014755 -0.968750
v -0.159155 -0.000845 -0.968750
v -0.158389 -0.016445 -0.968750
v -0.156097 -0.031895 -0.968750
v -0.152302 -0.047045 -0.968750
v -0.147040 -0.061751 -0.968750
v -0.140362 -0.075870 -0.968750
v -0.132333 -0.089267 -0.968750
v -0.123028 -0.101812 -0.968750
v -0.112540 -0.113385 -0.968750
v -0.100967 -0.123874 -0.968750
v -0.088422 -0.133178 -0.968750
v -0.075025 -0.141207 -0.968750
v -0.060906 -0.147885 -0.968750
v -0.046200 -0.153147 -0.968750
v -0.031050 -0.156942 -0.968750
v -0.015600 -0.159234 -0.968750
v 0.000000 -0.160000 -0.968750
v 0.015600 -0.159234 -0.968750
v 0.031050 -0.156942 -0.968750
v 0.046200 -0.153147 -0.968750
v 0.060906 -0.147885 -0.968750
v 0.075025 -0.141207 -0.968750
v 0.088422 -0.133178 -0.968750
v 0.100967 -0.123874 -0.968750
v 0.112540 -0.113385 -0.968750
v 0.123028 -0.101812 -0.968750
v 0.132333 -0.089267 -0.968750
v 0.140362 -0.075870 -0.968750
v 0.147040 -0.061751 -0.968750
v 0.152302 -0.047045 -0.968750
v 0.156097 -0.031895 -0.968750
v 0.158389 -0.016445 -0.968750
v 0.159155 -0.000845 -0.968750
v 0.158389 0.014755 -0.968750
v 0.156097 0.030204 -0.968750
v 0.152302 0.045355 -0.968750
v 0.147040 0.060061 -0.968750
v 0.140362 0.074180 -0.968750
v 0.132332 0.087577 -0.968750
v 0.123028 0.100122 -0.968750
v 0.112540 0.111694 -0.968750
v 0.100967 0.122183 -0.968750
v 0.088422 0.131487 -0.968750
v 0.075025 0.139517 -0.968750
v 0.060906 0.146195 -0.968750
v 0.046200 0.151457 -0.968750
v 0.031050 0.155252 -0.968750
v 0.015600 0.157543 -0.968750
v -0.000000 0.158310 -0.968750
v 0.000000 0.158310 -1.000000
v -0.015600 0.157543 -1.000000
v -0.031050 0.155252 -1.000000
v -0.046200 0.151457 -1.000000
v -0.060906 0.146195 -1.000000
v -0.075025 0.139517 -1.000000
v -0.088422 0.131487 -1.000000
v -0.100967 0.122183 -1.000000
v -0.112540 0.111694 -1.000000
v -0.123028 0.100122 -1.000000
v -0.132332 0.087577 -1.000000
v -0.140362 0.074180 -1.000000
v -0.147040 0.060061 -1.000000
v -0.152302 0.045355 -1.000000
v -0.156097 0.030204 -1.000000
v -0.158389 0.014755 -1.000000
v -0.159155 -0.000845 -1.000000
v -0.158389 -0.016445 -1.000000
v -0.156097 -0.031895 -1.000000
v -0.152302 -0.047045 -1.000000
v -0.147040 -0.061751 -1.000000
v -0.140362 -0.075870 -1.000000
v -0.132333 -0.089267 -1.000000
v -0.123028 -0.101812 -1.000000
v -0.112540 -0.113385 -1.000000
v -0.100967 -0.123874 -1.000000
v -0.088422 -0.133178 -1.000000
v -0.075025 -0.141207 -1.000000
v -0.060906 -0.147885 -1.000000
v -0.046200 -0.153147 -1.000000
v -0.031050 -0.156942 -1.000000
v -0.015600 -0.159234 -1.000000
v 0.000000 -0.160000 -1.000000
v 0.015600 -0.159234 -1.000000
v 0.031050 -0.156942 -1.000000
v 0.046200 -0.153147 -1.000000
v 0.060906 -0.147885 -1.000000
v 0.075025 -0.141207 -1.000000
v 0.088422 -0.133178 -1.000000
v 0.100967 -0.123874 -1.000000
v 0.112540 -0.113385 -1.000000
v 0.123028 -0.101812 -1.000000
v 0.132333 -0.089267 -1.000000
v 0.140362 -0.075870 -1.000000
v 0.147040 -0.061751 -1.000000
v 0.152302 -0.047045 -1.000000
v 0.156097 -0.031895 -1.000000
v 0.158389 -0.016445 -1.000000
v 0.159155 -0.000845 -1.000000
v 0.158389 0.014755 -1.000000
v 0.156097 0.030204 -1.000000
v 0.152302 0.045355 -1.000000
v 0.147040 0.060061 -1.000000
v 0.140362 0.074180 -1.000000
v 0.132332 0.087577 -1.000000
v 0.123028 0.100122 -1.000000
v 0.112540 0.111694 -1.000000
v 0.100967 0.122183 -1.000000
v 0.088422 0.131487 -1.000000
v 0.075025 0.139517 -1.000000
v 0.060906 0.146195 -1.000000
v 0.046200 0.151457 -1.000000
v 0.031050 0.155252 -1.000000
v 0.015600 0.157543 -1.000000
v -0.000000 0.158310 -1.000000
vn 0.0491 -0.9988 -0.0000
vn 0.0980 -0.9952 -0.0000
vn 0.1951 -0.9808 -0.0000
vn 0.2903 -0.9569 -0.0000
vn 0.3827 -0.9239 -0.0000
vn 0.4714 -0.8819 -0.0000
vn 0.5556 -0.8315 -0.0000
vn 0.6344 -0.7730 -0.0000
vn 0.7071 -0.7071 -0.0000
vn 0.7730 -0.6344 -0.0000
vn 0.8315 -0.5556 -0.0000
vn 0.8819 -0.4714 -0.0000
vn 0.9239 -0.3827 -0.0000
vn 0.9569 -0.2903 -0.0000
vn 0.9808 -0.1951 -0.0000
vn 0.9952 -0.0980 -0.0000
vn 1.0000 -0.0000 -0.0000
vn 0.9952 0.0980 -0.0000
vn 0.9808 0.1951 -0.0000
vn 0.9569 0.2903 -0.0000
vn 0.9239 0.3827 -0.0000
vn 0.8819 0.4714 -0.0000
vn 0.8315 0.5556 -0.0000
vn 0.7730 0.6344 -0.0000
vn 0.7071 0.7071 -0.0000
vn 0.6344 0.7730 -0.0000
vn 0.5556 0.8315 -0.0000
vn 0.4714 0.8819 -0.0000
vn 0.3827 0.9239 -0.0000
vn 0.2903 0.9569 -0.0000
vn 0.1951 0.9808 -0.0000
vn 0.0980 0.9952 -0.0000
vn -0.0000 1.0000 -0.0000
vn -0.0980 0.9952 -0.0000
vn -0.1951 0.9808 -0.0000
vn -0.2903 0.9569 -0.0000
vn -0.3827 0.9239 -0.0000
vn -0.4714 0.8819 -0.0000
vn -0.5556 0.8315 -0.0000
vn -0.6344 0.7730 -0.0000
vn -0.7071 0.7071 -0.0000
vn -0.7730 0.6344 -0.0000
vn -0.8315 0.5556 -0.0000
vn -0.8819 0.4714 -0.0000
vn -0.9239 0.3827 -0.0000
vn -0.9569 0.2903 -0.0000
vn -0.9808 0.1951 -0.0000
vn -0.9952 0.0980 -0.0000
vn -1.0000 -0.0000 -0.0000
vn -0.9952 -0.0980 -0.0000
vn -0.9808 -0.1951 -0.0000
vn -0.9569 -0.2903 -0.0000
vn -0.9239 -0.3827 -0.0000
vn -0.8819 -0.4714 -0.0000
vn -0.8315 -0.5556 -0.0000
vn -0.7730 -0.6344 -0.0000
vn -0.7071 -0.7071 -0.0000
vn -0.6344 -0.7730 -0.0000
vn -0.5556 -0.8315 -0.0000
vn -0.4714 -0.8819 -0.0000
vn -0.3827 -0.9239 -0.0000
vn -0.2903 -0.9569 -0.0000
vn -0.1951 -0.9808 -0.0000
vn -0.0980 -0.9952 -0.0000
vn -0.0491 -0.9988 -0.0000
s 1
f 1//1 2//2 67//2
f 1//1 67//2 66//1
f 2//2 3//3 67//2
f 3//3 68//3 67//2
f 3//3 4//4 69//4
f 3//3 69//4 68//3
f 4//4 5//5 69//4
f 5//5 70//5 69//4
f 5//5 6//6 71//6
f 5//5 71//6 70//5
f 6//6 7//7 71//6
f 7//7 72//7 71//6
f 7//7 8//8 73//8
f 7//7 73//8 72//7
f 8//8 9//9 73//8
f 9//9 74//9 73//8
f 9//9 10//10 75//10
f 9//9 75//10 74//9
f 10//10 11//11 75//10
f 11//11 76//11 75//10
f 11//11 12//12 77//12
f 11//11 77//12 76//11
f 12//12 13//13 77//12
f 13//13 78//13 77//12
f 13//13 14//14 79//14
f 13//13 79//14 78//13
f 14//14 15//15 79//14
f 15//15 80//15 79//14
f 15//15 16//16 81//16
f 15//15 81//16 80//15
f 16//16 17//17 81//16
f 17//17 82//17 81//16
f 17//17 18//18 83//18
f 17//17 83//18 82//17
f 18//18 19//19 83//18
f 19//19 84//19 83//18
f 19//19 20//20 85//20
f 19//19 85//20 84//19
f 20//20 21//21 85//20
f 21//21 86//21 85//20
f 21//21 22//22 87//22
f 21//21 87//22 86//21
f 22//22 23//23 87//22
f 23//23 88//23 87//22
f 23//23 24//24 89//24
f 23//23 89//24 88//23
f 24//24 25//25 89//24
f 25//25 90//25 89//24
f 25//25 26//26 91//26
f 25//25 91//26 90//25
f 26//26 27//27 91//26
f 27//27 92//27 91//26
f 27//27 28//28 93//28
f 27//27 93//28 92//27
f 28//28 29//29 93//28
f 29//29 94//29 93//28
f 29//29 30//30 95//30
f 29//29 95//30 94//29
f 30//30 31//31 95//30
f 31//31 96//31 95//30
f 31//31 32//32 97//32
f 31//31 97//32 96//31
f 32//32 33//33 97//32
f 33//33 98//33 97//32
f 33//33 34//34 99//34
f 33//33 99//34 98//33
f 34//34 35//35 99//34
f 35//35 100//35 99//34
f 35//35 36//36 101//36
f 35//35 101//36 100//35
f 36//36 37//37 101//36
f 37//37 102//37 101//36
f 37//37 38//38 103//38
f 37//37 103//38 102//37
f 38//38 39//39 103//38
f 39//39 104//39 103//38
f 39//39 40//40 105//40
f 39//39 105//40 104//39
f 40//40 41//41 105//40
f 41//41 106//41 105//40
f 41//41 42//42 107//42
f 41//41 107//42 106//41
f 42//42 43//43 107//42
f 43//43 108//43 107//42
f 43//43 44//44 109//44
f 43//43 109//44 108//43
f 44//44 45//45 109//44
f 45//45 110//45 109//44
f 45//45 46//46 111//46
f 45//45 111//46 110//45
f 46//46 47//47 111//46
f 47//47 112//47 111//46
f 47//47 48//48 113//48
f 47//47 113//48 112//47
f 48//48 49//49 113//48
f 49//49 114//49 113//48
f 49//49 50//50 115//50
f 49//49 115//50 114//49
f 50//50 51//51 115//50
f 51//51 116//51 115//50
f 51//51 52//52 117//52
f 51//51 117//52 116//51
f 52//52 53//53 117//52
f 53//53 118//53 117//52
f 53//53 54//54 119//54
f 53//53 119//54 118//53
f 54//54 55//55 119//54
f 55//55 120//55 119//54
f 55//55 56//56 121//56
f 55//55 121//56 120//55
f 56//56 57//57 121//56
f 57//57 122//57 121//56
f 57//57 58//58 123//58
f 57//57 123//58 122//57
f 58//58 59//59 123//58
f 59//59 124//59 123//58
f 59//59 60//60 125//60
f 59//59 125//60 124//59
f 60//60 61//61 125//60
f 61//61 126//61 125//60
f 61//61 62//62 127//62
f 61//61 127//62 126//61
f 62//62 63//63 127//62
f 63//63 128//63 127//62
f 63//63 64//64 129//64
f 63//63 129//64 128//63
f 64//64 65//65 129//64
f 65//65 130//65 129//64
f 66//1 67//2 131//1
f 67//2 132//2 131//1
f 67//2 68//3 133//3
f 67//2 133//3 132//2
f 68//3 69//4 133//3
f 69//4 134//4 133//3
f 69//4 70//5 135//5
f 69//4 135//5 134//4
f 70//5 71//6 135//5
f 71//6 136//6 135//5
f 71//6 72//7 137//7
f 71//6 137//7 136//6
f 72//7 73//8 137//7
f 73//8 138//8 137//7
f 73//8 74//9 139//9
f 73//8 139//9 138//8
f 74//9 75//10 139//9
f 75//10 140//10 139//9
f 75//10 76//11 141//11
f 75//10 141//11 140//10
f 76//11 77//12 141//11
f 77//12 142//12 141//11
f 77//12 78//13 143//13
f 77//12 143//13 142//12
f 78//13 79//14 143//13
f 79//14 144//14 143//13
f 79//14 80//15 145//15
f 79//14 145//15 144//14
f 80//15 81//16 145//15
f 81//16 146//16 145//15
f 81//16 82//17 147//17
f 81//16 147//17 146//16
f 82//17 83//18 147//17
f 83//18 148//18 147//17
f 83//18 84//19 149//19
f 83//18 149//19 148//18
f 84//19 85//20 149//19
f 85//20 150//20 149//19
f 85//20 86//21 151//21
f 85//20 151//21 150//20
f 86//21 87//22 151//21
f 87//22 152//22 151//21
f 87//22 88//23 153//23
f 87//22 153//23 152//22
f 88//23 89//24 153//23
f 89//24 154//24 153//23
f 89//24 90//25 155//25
f 89//24 155//25 154//24
f 90//25 91//26 155//25
f 91//26 156//26 155//25
f 91//26 92//27 157//27
f 91//26 157//27 156//26
f 92//27 93//28 157//27
f 93//28 158//28 157//27
f 93//28 94//29 159//29
f 93//28 159//29 158//28
f 94//29 95//30 159//29
f 95//30 160//30 159//29
f 95//30 96//31 161//31
f 95//30 161//31 160//30
f 96//31 97//32 161//31
f 97//32 162//32 161//31
f 97//32 98//33 163//33
f 97//32 163//33 162//32
f 98//33 99//34 163//33
f 99//34 164//34 163//33
f 99//34 100//35 165//35
f 99//34 165//35 164//34
f 100//35 101//36 165//35
f 101//36 166//36 165//35
f 101//36 102//37 167//37
f 101//36 167//37 166//36
f 102//37 103//38 167//37
f 103//38 168//38 167//37
f 103//38 104//39 169//39
f 103//38 169//39 168//38
f 104//39 105//40 169//39
f 105//40 170//40 169//39
f 105//40 106//41 171//41
f 105//40 171//41 170//40
f 106//41 107//42 171//41
f 107//42 172//42 171//41
f 107//42 108//43 173//43
f 107//42 173//43 172//42
f 108//43 109//44 173//43
f 109//44 174//44 173//43
f 109//44 110//45 175//45
f 109//44 175//45 174//44
f 110//45 111//46 175//45
f 111//46 176//46 175//45
f 111//46 112//47 177//47
f 111//46 177//47 176//46
f 112//47 113//48 177//47
f 113//48 178//48 177//47
f 113//48 114//49 179//49
f 113//48 179//49 178//48
f 114//49 115//50 179//49
f 115//50 180//50 179//49
f 115//50 116//51 181//51
f 115//50 181//51 180//50
f 116//51 117//52 181//51
f 117//52 182//52 181//51
f 117//52 118//53 183//53
f 117//52 183//53 182//52
f 118//53 119//54 183//53
f 119//54 184//54 183//53
f 119//54 120//55 185//55
f 119//54 185//55 184//54
f 120//55 121//56 185//55
f 121//56 186//56 185//55
f 121//56 122//57 187//57
f 121//56 187//57 186//56
f 122//57 123//58 187//57
f 123//58 188//58 187//57
f 123//58 124//59 189//59
f 123//58 189//59 188//58
f 124//59 125//60 189//59
f 125//60 190//60 189//59
f 125//60 126//61 191//61
f 125//60 191//61 190//60
f 126//61 127//62 191//61
f 127//62 192//62 191//61
f 127//62 128//63 193//63
f 127//62 193//63 192//62
f 128//63 129//64 193//63
f 129//64 194//64 193//63
f 129//64 130//65 195//65
f 129//64 195//65 194//64
f 131//1 132//2 197//2
f 131//1 197//2 196//1
f 132//2 133//3 197//2
f 133//3 198//3 197//2
f 133//3 134//4 199//4
f 133//3 199//4 198//3
f 134//4 135//5 199//4
f 135//5 200//5 199//4
f 135//5 136//6 201//6
f 135//5 201//6 200//5
f 136//6 137//7 201//6
f 137//7 202//7 201//6
f 137//7 138//8 203//8
f 137//7 203//8 202//7
f 138//8 139//9 203//8
f 139//9 204//9 203//8
f 139//9 140//10 205//10
f 139//9 205//10 204//9
f 140//10 141//11 205//10
f 141//11 206//11 205//10
f 141//11 142//12 207//12
f 141//11 207//12 206//11
f 142//12 143//13 207//12
f 143//13 208//13 207//12
f 143//13 144//14 209//14
f 143//13 209//14 208//13
f 144//14 145//15 209//14
f 145//15 210//15 209//14
f 145//15 146//16 211//16
f 145//15 211//16 210//15
f 146//16 147//17 211//16
f 147//17 212//17 211//16
f 147//17 148//18 213//18
f 147//17 213//18 212//17
f 148//18 149//19 213//18
f 149//19 214//19 213//18
f 149//19 150//20 215//20
f 149//19 215//20 214//19
f 150//20 151//21 215//20
f 151//21 216//21 215//20
f 151//21 152//22 217//22
f 151//21 217//22 216//21
f 152//22 153//23 217//22
f 153//23 218//23 217//22
f 153//23 154//24 219//24
f 153//23 219//24 218//23
f 154//24 155//25 219//24
f 155//25 220//25 219//24
f 155//25 156//26 221//26
f 155//25 221//26 220//25
f 156//26 157//27 221//26
f 157//27 222//27 221//26
f 157//27 158//28 223//28
f 157//27 223//28 222//27
f 158//28 159//29 223//28
f 159//29 224//29 223//28
f 159//29 160//30 225//30
f 159//29 225//30 224//29
f 160//30 161//31 225//30
f 161//31 226//31 225//30
f 161//31 162//32 227//32
f 161//31 227//32 226//31
f 162//32 163//33 227//32
f 163//33 228//33 227//32
f 163//33 164//34 229//34
f 163//33 229//34 228//33
f 164//34 165//35 229//34
f 165//35 230//35 229//34
f 165//35 166//36 231//36
f 165//35 231//36 230//35
f 166//36 167//37 231//36
f 167//37 232//37 231//36
f 167//37 168//38 233//38
f 167//37 233//38 232//37
f 168//38 169//39 233//38
f 169//39 234//39 233//38
f 169//39 170//40 235//40
f 169//39 235//40 234//39
f 170//40 171//41 235//40
f 171//41 236//41 235//40
f 171//41 172//42 237//42
f 171//41 237//42 236//41
f 172//42 173//43 237//42
f 173//43 238//43 237//42
f 173//43 174//44 239//44
f 173//43 239//44 238//43
f 174//44 175//45 239//44
f 175//45 240//45 239//44
f 175//45 176//46 241//46
f 175//45 241//46 240//45
f 176//46 177//47 241//46
f 177//47 242//47 241//46
f 177//47 178//48 243//48
f 177//47 243//48 242//47
f 178//48 179//49 243//48
f 179//49 244//49 243//48
f 179//49 180//50 245//50
f 179//49 245//50 244//49
f 180//50 181//51 245//50
f 181//51 246//51 245//50
f 181//51 182//52 247//52
f 181//51 247//52 246//51
f 182//52 183//53 247//52
f 183//53 248//53 247//52
f 183//53 184//54 249//54
f 183//53 249//54 248//53
f 184//54 185//55 249//54
f 185//55 250//55 249//54
f 185//55 186//56 251//56
f 185//55 251//56 250//55
f 186//56 187//57 251//56
f 187//57 252//57 251//56
f 187//57 188//58 253//58
f 187//57 253//58 252//57
f 188//58 189//59 253//58
f 189//59 254//59 253//58
f 189//59 190//60 255//60
f 189//59 255//60 254//59
f 190//60 191//61 255//60
f 191//61 256//61 255//60
f 191//61 192//62 257//62
f 191//61 257//62 256//61
f 192//62 193//63 257//62
f 193//63 258//63 257//62
f 193//63 194//64 259//64
f 193//63 259//64 258//63
f 194//64 195//65 259//64
f 195//65 260//65 259//64
f 196//1 197//2 261//1
f 197//2 262//2 261//1
f 197//2 198//3 263//3
f 197//2 263//3 262//2
f 198//3 199//4 263//3
f 199//4 264//4 263//3
f 199//4 200//5 265//5
f 199//4 265//5 264//4
f 200//5 201//6 265//5
f 201//6 266//6 265//5
f 201//6 202//7 267//7
f 201//6 267//7 266//6
f 202//7 203//8 267//7
f 203//8 268//8 267//7
f 203//8 204//9 269//9
f 203//8 269//9 268//8
f 204//9 205//10 269//9
f 205//10 270//10 269//9
f 205//10 206//11 271//11
f 205//10 271//11 270//10
f 206//11 207//12 271//11
f 207//12 272//12 271//11
f 207//12 208//13 273//13
f 207//12 273//13 272//12
f 208//13 209//14 273//13
f 209//14 274//14 273//13
f 209//14 210//15 275//15
f 209//14 275//15 274//14
f 210//15 211//16 275//15
f 211//16 276//16 275//15
f 211//16 212//17 277//17
f 211//16 277//17 276//16
f 212//17 213//18 277//17
f 213//18 278//18 277//17
f 213//18 214//19 279//19
f 213//18 279//19 278//18
f 214//19 215//20 279//19
f 215//20 280//20 279//19
f 215//20 216//21 281//21
f 215//20 281//21 280//20
f 216//21 217//22 281//21
f 217//22 282//22 281//21
f 217//22 218//23 283//23
f 217//22 283//23 282//22
f 218//23 219//24 283//23
f 219//24 284//24 283//23
f 219//24 220//25 285//25
f 219//24 285//25 284//24
f 220//25 221//26 285//25
f 221//26 286//26 285//25
f 221//26 222//27 287//27
f 221//26 287//27 286//26
f 222//27 223//28 287//27
f 223//28 288//28 287//27
f 223//28 224//29 289//29
f 223//28 289//29 288//28
f 224//29 225//30 289//29
f 225//30 290//30 289//29
f 225//30 226//31 291//31
f 225//30 291//31 290//30
f 226//31 227//32 291//31
f 227//32 292//32 291//31
f 227//32 228//33 293//33
f 227//32 293//33 292//32
f 228//33 229//34 293//33
f 229//34 294//34 293//33
f 229//34 230//35 295//35
f 229//34 295//35 294//34
f 230//35 231//36 295//35
f 231//36 296//36 295//35
f 231//36 232//37 297//37
f 231//36 297//37 296//36
f 232//37 233//38 297//37
f 233//38 298//38 297//37
f 233//38 234//39 299//39
f 233//38 299//39 298//38
f 234//39 235//40 299//39
f 235//40 300//40 299//39
f 235//40 236//41 301//41
f 235//40 301//41 300//40
f 236//41 237//42 301//41
f 237//42 302//42 301//41
f 237//42 238//43 303//43
f 237//42 303//43 302//42
f 238//43 239//44 303//43
f 239//44 304//44 303//43
f 239//44 240//45 305//45
f 239//44 305//45 304//44
f 240//45 241//46 305//45
f 241//46 306//46 305//45
f 241//46 242//47 307//47
f 241//46 307//47 306//46
f 242//47 243//48 307//47
f 243//48 308//48 307//47
f 243//48 244//49 309//49
f 243//48 309//49 308//48
f 244//49 245//50 309//49
f 245//50 310//50 309//49
f 245//50 246//51 311//51
f 245//50 311//51 310//50
f 246//51 247//52 311//51
f 247//52 312//52 311//51
f 247//52 248//53 313//53
f 247//52 313//53 312//52
f 248//53 249//54 313//53
f 249//54 314//54 313//53
f 249//54 250//55 315//55
f 249//54 315//55 314//54
f 250//55 251//56 315//55
f 251//56 316//56 315//55
f 251//56 252//57 317//57
f 251//56 317//57 316//56
f 252//57 253//58 317//57
f 253//58 318//58 317//57
f 253//58 254//59 319//59
f 253//58 319//59 318//58
f 254//59 255//60 319//59
f 255//60 320//60 319//59
f 255//60 256//61 321//61
f 255//60 321//61 320//60
f 256//61 257//62 321//61
f 257//62 322//62 321//61
f 257//62 258//63 323//63
f 257//62 323//63 322//62
f 258//63 259//64 323//63
f 259//64 324//64 323//63
f 259//64 260//65 325//65
f 259//64 325//65 324//64
f 261//1 262//2 327//2
f 261//1 327//2 326//1
f 262//2 263//3 327//2
f 263//3 328//3 327//2
f 263//3 264//4 329//4
f 263//3 329//4 328//3
f 264//4 265//5 329//4
f 265//5 330//5 329//4
f 265//5 266//6 331//6
f 265//5 331//6 330//5
f 266//6 267//7 331//6
f 267//7 332//7 331//6
f 267//7 268//8 333//8
f 267//7 333//8 332//7
f 268//8 269//9 333//8
f 269//9 334//9 333//8
f 269//9 270//10 335//10
f 269//9 335//10 334//9
f 270//10 271//11 335//10
f 271//11 336//11 335//10
f 271//11 272//12 337//12
f 271//11 337//12 336//11
f 272//12 273//13 337//12
f 273//13 338//13 337//12
f 273//13 274//14 339//14
f 273//13 339//14 338//13
f 274//14 275//15 339//14
f 275//15 340//15 339//14
f 275//15 276//16 341//16
f 275//15 341//16 340//15
f 276//16 277//17 341//16
f 277//17 342//17 341//16
f 277//17 278//18 343//18
f 277//17 343//18 342//17
f 278//18 279//19 343//18
f 279//19 344//19 343//18
f 279//19 280//20 345//20
f 279//19 345//20 344//19
f 280//20 281//21 345//20
f 281//21 346//21 345//20
f 281//21 282//22 347//22
f 281//21 347//22 346//21
f 282//22 283//23 347//22
f 283//23 348//23 347//22
f 283//23 284//24 349//24
f 283//23 349//24 348//23
f 284//24 285//25 349//24
f 285//25 350//25 349//24
f 285//25 286//26 351//26
f 285//25 351//26 350//25
f 286//26 287//27 351//26
f 287//27 352//27 351//26
f 287//27 288//28 353//28
f 287//27 353//28 352//27
f 288//28 289//29 353//28
f 289//29 354//29 353//28
f 289//29 290//30 355//30
f 289//29 355//30 354//29
f 290//30 291//31 355//30
f 291//31 356//31 355//30
f 291//31 292//32 357//32
f 291//31 357//32 356//31
f 292//32 293//33 357//32
f 293//33 358//33 357//32
f 293//33 294//34 359//34
f 293//33 359//34 358//33
f 294//34 295//35 359//34
f 295//35 360//35 359//34
f 295//35 296//36 361//36
f 295//35 361//36 360//35
f 296//36 297//37 361//36
f 297//37 362//37 361//36
f 297//37 298//38 363//38
f 297//37 363//38 362//37
f 298//38 299//39 363//38
f 299//39 364//39 363//38
f 299//39 300//40 365//40
f 299//39 365//40 364//39
f 300//40 301//41 365//40
f 301//41 366//41 365//40
f 301//41 302//42 367//42
f 301//41 367//42 366//41
f 302//42 303//43 367//42
f 303//43 368//43 367//42
f 303//43 304//44 369//44
f 303//43 369//44 368//43
f 304//44 305//45 369//44
f 305//45 370//45 369//44
f 305//45 306//46 371//46
f 305//45 371//46 370//45
f 306//46 307//47 371//46
f 307//47 372//47 371//46
f 307//47 308//48 373//48
f 307//47 373//48 372//47
f 308//48 309//49 373//48
f 309//49 374//49 373//48
f 309//49 310//50 375//50
f 309//49 375//50 374//49
f 310//50 311//51 375//50
f 311//51 376//51 375//50
f 311//51 312//52 377//52
f 311//51 377//52 376//51
f 312//52 313//53 377//52
f 313//53 378//53 377//52
f 313//53 314//54 379//54
f 313//53 379//54 378//53
f 314//54 315//55 379//54
f 315//55 380//55 379//54
f 315//55 316//56 381//56
f 315//55 381//56 380//55
f 316//56 317//57 381//56
f 317//57 382//57 381//56
f 317//57 318//58 383//58
f 317//57 383//58 382//57
f 318//58 319//59 383//58
f 319//59 384//59 383//58
f 319//59 320//60 385//60
f 319//59 385//60 384//59
f 320//60 321//61 385//60
f 321//61 386//61 385//60
f 321//61 322//62 387//62
f 321//61 387//62 386//61
f 322//62 323//63 387//62
f 323//63 388//63 387//62
f 323//63 324//64 389//64
f 323//63 389//64 388//63
f 324//64 325//65 389//64
f 325//65 390//65 389//64
f 326//1 327//2 391//1
f 327//2 392//2 391//1
f 327//2 328//3 393//3
f 327//2 393//3 392//2
f 328//3 329//4 393//3
f 329//4 394//4 393//3
f 329//4 330//5 395//5
f 329//4 395//5 394//4
f 330//5 331//6 395//5
f 331//6 396//6 395//5
f 331//6 332//7 397//7
f 331//6 397//7 396//6
f 332//7 333//8 397//7
f 333//8 398//8 397//7
f 333//8 334//9 399//9
f 333//8 399//9 398//8
f 334//9 335//10 399//9
f 335//10 400//10 399//9
f 335//10 336//11 401//11
f 335//10 401//11 400//10
f 336//11 337//12 401//11
f 337//12 402//12 401//11
f 337//12 338//13 403//13
f 337//12 403//13 402//12
f 338//13 339//14 403//13
f 339//14 404//14 403//13
f 339//14 340//15 405//15
f 339//14 405//15 404//14
f 340//15 341//16 405//15
f 341//16 406//16 405//15
f 341//16 342//17 407//17
f 341//16 407//17 406//16
f 342//17 343//18 407//17
f 343//18 408//18 407//17
f 343//18 344//19 409//19
f 343//18 409//19 408//18
f 344//19 345//20 409//19
f 345//20 410//20 409//19
f 345//20 346//21 411//21
f 345//20 411//21 410//20
f 346//21 347//22 411//21
f 347//22 412//22 411//21
f 347//22 348//23 413//23
f 347//22 413//23 412//22
f 348//23 349//24 413//23
f 349//24 414//24 413//23
f 349//24 350//25 415//25
f 349//24 415//25 414//24
f 350//25 351//26 415//25
f 351//26 416//26 415//25
f 351//26 352//27 417//27
f 351//26 417//27 416//26
f 352//27 353//28 417//27
f 353//28 418//28 417//27
f 353//28 354//29 419//29
f 353//28 419//29 418//28
f 354//29 355//30 419//29
f 355//30 420//30 419//29
f 355//30 356//31 421//31
f 355//30 421//31 420//30
f 356//31 357//32 421//31
f 357//32 422//32 421//31
f 357//32 358//33 423//33
f 357//32 423//33 422//32
f 358//33 359//34 423//33
f 359//34 424//34 423//33
f 359//34 360//35 425//35
f 359//34 425//35 424//34
f 360//35 361//36 425//35
f 361//36 426//36 425//35
f 361//36 362//37 427//37
f 361//36 427//37 426//36
f 362//37 363//38 427//37
f 363//38 428//38 427//37
f 363//38 364//39 429//39
f 363//38 429//39 428//38
f 364//39 365//40 429//39
f 365//40 430//40 429//39
f 365//40 366//41 431//41
f 365//40 431//41 430//40
f 366//41 367//42 431//41
f 367//42 432//42 431//41
f 367//42 368//43 433//43
f 367//42 433//43 432//42
f 368//43 369//44 433//43
f 369//44 434//44 433//43
f 369//44 370//45 435//45
f 369//44 435//45 434//44
f 370//45 371//46 435//45
f 371//46 436//46 435//45
f 371//46 372//47 437//47
f 371//46 437//47 436//46
f 372//47 373//48 437//47
f 373//48 438//48 437//47
f 373//48 374//49 439//49
f 373//48 439//49 438//48
f 374//49 375//50 439//49
f 375//50 440//50 439//49
f 375//50 376//51 441//51
f 375//50 441//51 440//50
f 376//51 377//52 441//51
f 377//52 442//52 441//51
f 377//52 378//53 443//53
f 377//52 443//53 442//52
f 378//53 379//54 443//53
f 379//54 444//54 443//53
f 379//54 380//55 445//55
f 379//54 445//55 444//54
f 380//55 381//56 445//55
f 381//56 446//56 445//55
f 381//56 382//57 447//57
f 381//56 447//57 446//56
f 382//57 383//58 447//57
f 383//58 448//58 447//57
f 383//58 384//59 449//59
f 383//58 449//59 448//58
f 384//59 385//60 449//59
f 385//60 450//60 449//59
f 385//60 386//61 451//61
f 385//60 451//61 450//60
f 386//61 387//62 451//61
f 387//62 452//62 451//61
f 387//62 388//63 453//63
f 387//62 453//63 452//62
f 388//63 389//64 453//63
f 389//64 454//64 453//63
f 389//64 390//65 455//65
f 389//64 455//65 454//64
f 391//1 392//2 457//2
f 391//1 457//2 456//1
f 392//2 393//3 457//2
f 393//3 458//3 457//2
f 393//3 394//4 459//4
f 393//3 459//4 458//3
f 394//4 395//5 459//4
f 395//5 460//5 459//4
f 395//5 396//6 461//6
f 395//5 461//6 460//5
f 396//6 397//7 461//6
f 397//7 462//7 461//6
f 397//7 398//8 463//8
f 397//7 463//8 462//7
f 398//8 399//9 463//8
f 399//9 464//9 463//8
f 399//9 400//10 465//10
f 399//9 465//10 464//9
f 400//10 401//11 465//10
f 401//11 466//11 465//10
f 401//11 402//12 467//12
f 401//11 467//12 466//11
f 402//12 403//13 467//12
f 403//13 468//13 467//12
f 403//13 404//14 469//14
f 403//13 469//14 468//13
f 404//14 405//15 469//14
f 405//15 470//15 469//14
f 405//15 406//16 471//16
f 405//15 471//16 470//15
f 406//16 407//17 471//16
f 407//17 472//17 471//16
f 407//17 408//18 473//18
f 407//17 473//18 472//17
f 408//18 409//19 473//18
f 409//19 474//19 473//18
f 409//19 410//20 475//20
f 409//19 475//20 474//19
f 410//20 411//21 475//20
f 411//21 476//21 475//20
f 411//21 412//22 477//22
f 411//21 477//22 476//21
f 412//22 413//23 477//22
f 413//23 478//23 477//22
f 413//23 414//24 479//24
f 413//23 479//24 478//23
f 414//24 415//25 479//24
f 415//25 480//25 479//24
f 415//25 416//26 481//26
f 415//25 481//26 480//25
f 416//26 417//27 481//26
f 417//27 482//27 481//26
f 417//27 418//28 483//28
f 417//27 483//28 482//27
f 418//28 419//29 483//28
f 419//29 484//29 483//28
f 419//29 420//30 485//30
f 419//29 485//30 484//29
f 420//30 421//31 485//30
f 421//31 486//31 485//30
f 421//31 422//32 487//32
f 421//31 487//32 486//31
f 422//32 423//33 487//32
f 423//33 488//33 487//32
f 423//33 424//34 489//34
f 423//33 489//34 488//33
f 424//34 425//35 489//34
f 425//35 490//35 489//34
f 425//35 426//36 491//36
f 425//35 491//36 490//35
f 426//36 427//37 491//36
f 427//37 492//37 491//36
f 427//37 428//38 493//38
f 427//37 493//38 492//37
f 428//38 429//39 493//38
f 429//39 494//39 493//38
f 429//39 430//40 495//40
f 429//39 495//40 494//39
f 430//40 431//41 495//40
f 431//41 496//41 495//40
f 431//41 432//42 497//42
f 431//41 497//42 496//41
f 432//42 433//43 497//42
f 433//43 498//43 497//42
f 433//43 434//44 499//44
f 433//43 499//44 498//43
f 434//44 435//45 499//44
f 435//45 500//45 499//44
f 435//45 436//46 501//46
f 435//45 501//46 500//45
f 436//46 437//47 501//46
f 437//47 502//47 501//46
f 437//47 438//48 503//48
f 437//47 503//48 502//47
f 438//48 439//49 503//48
f 439//49 504//49 503//48
f 439//49 440//50 505//50
f 439//49 505//50 504//49
f 440//50 441//51 505//50
f 441//51 506//51 505//50
f 441//51 442//52 507//52
f 441//51 507//52 506//51
f 442//52 443//53 507//52
f 443//53 508//53 507//52
f 443//53 444//54 509//54
f 443//53 509//54 508//53
f 444//54 445//55 509//54
f 445//55 510//55 509//54
f 445//55 446//56 511//56
f 445//55 511//56 510//55
f 446//56 447//57 511//56
f 447//57 512//57 511//56
f 447//57 448//58 513//58
f 447//57 513//58 512//57
f 448//58 449//59 513//58
f 449//59 514//59 513//58
f 449//59 450//60 515//60
f 449//59 515//60 514//59
f 450//60 451//61 515//60
f 451//61 516//61 515//60
f 451//61 452//62 517//62
f 451//61 517//62 516//61
f 452//62 453//63 517//62
f 453//63 518//63 517//62
f 453//63 454//64 519//64
f 453//63 519//64 518//63
f 454//64 455//65 519//64
f 455//65 520//65 519//64
f 456//1 457//2 521//1
f 457//2 522//2 521//1
f 457//2 458//3 523//3
f 457//2 523//3 522//2
f 458//3 459//4 523//3
f 459//4 524//4 523//3
f 459//4 460//5 525//5
f 459//4 525//5 524//4
f 460//5 461//6 525//5
f 461//6 526//6 525//5
f 461//6 462//7 527//7
f 461//6 527//7 526//6
f 462//7 463//8 527//7
f 463//8 528//8 527//7
f 463//8 464//9 529//9
f 463//8 529//9 528//8
f 464//9 465//10 529//9
f 465//10 530//10 529//9
f 465//10 466//11 531//11
f 465//10 531//11 530//10
f 466//11 467//12 531//11
f 467//12 532//12 531//11
f 467//12 468//13 533//13
f 467//12 533//13 532//12
f 468//13 469//14 533//13
f 469//14 534//14 533//13
f 469//14 470//15 535//15
f 469//14 535//15 534//14
f 470//15 471//16 535//15
f 471//16 536//16 535//15
f 471//16 472//17 537//17
f 471//16 537//17 536//16
f 472//17 473//18 537//17
f 473//18 538//18 537//17
f 473//18 474//19 539//19
f 473//18 539//19 538//18
f 474//19 475//20 539//19
f 475//20 540//20 539//19
f 475//20 476//21 541//21
f 475//20 541//21 540//20
f 476//21 477//22 541//21
f 477//22 542//22 541//21
f 477//22 478//23 543//23
f 477//22 543//23 542//22
f 478//23 479//24 543//23
f 479//24 544//24 543//23
f 479//24 480//25 545//25
f 479//24 545//25 544//24
f 480//25 481//26 545//25
f 481//26 546//26 545//25
f 481//26 482//27 547//27
f 481//26 547//27 546//26
f 482//27 483//28 547//27
f 483//28 548//28 547//27
f 483//28 484//29 549//29
f 483//28 549//29 548//28
f 484//29 485//30 549//29
f 485//30 550//30 549//29
f 485//30 486//31 551//31
f 485//30 551//31 550//30
f 486//31 487//32 551//31
f 487//32 552//32 551//31
f 487//32 488//33 553//33
f 487//32 553//33 552//32
f 488//33 489//34 553//33
f 489//34 554//34 553//33
f 489//34 490//35 555//35
f 489//34 555//35 554//34
f 490//35 491//36 555//35
f 491//36 556//36 555//35
f 491//36 492//37 557//37
f 491//36 557//37 556//36
f 492//37 493//38 557//37
f 493//38 558//38 557//37
f 493//38 494//39 559//39
f 493//38 559//39 558//38
f 494//39 495//40 559//39
f 495//40 560//40 559//39
f 495//40 496//41 561//41
f 495//40 561//41 560//40
f 496//41 497//42 561//41
f 497//42 562//42 561//41
f 497//42 498//43 563//43
f 497//42 563//43 562//42
f 498//43 499//44 563//43
f 499//44 564//44 563//43
f 499//44 500//45 565//45
f 499//44 565//45 564//44
f 500//45 501//46 565//45
f 501//46 566//46 565//45
f 501//46 502//47 567//47
f 501//46 567//47 566//46
f 502//47 503//48 567//47
f 503//48 568//48 567//47
f 503//48 504//49 569//49
f 503//48 569//49 568//48
f 504//49 505//50 569//49
f 505//50 570//50 569//49
f 505//50 506//51 571//51
f 505//50 571//51 570//50
f 506//51 507//52 571//51
f 507//52 572//52 571//51
f 507//52 508//53 573//53
f 507//52 573//53 572//52
f 508//53 509//54 573//53
f 509//54 574//54 573//53
f 509//54 510//55 575//55
f 509//54 575//55 574//54
f 510//55 511//56 575//55
f 511//56 576//56 575//55
f 511//56 512//57 577//57
f 511//56 577//57 576//56
f 512//57 513//58 577//57
f 513//58 578//58 577//57
f 513//58 514//59 579//59
f 513//58 579//59 578//58
f 514//59 515//60 579//59
f 515//60 580//60 579//59
f 515//60 516//61 581//61
f 515//60 581//61 580//60
f 516//61 517//62 581//61
f 517//62 582//62 581//61
f 517//62 518//63 583//63
f 517//62 583//63 582//62
f 518//63 519//64 583//63
f 519//64 584//64 583//63
f 519//64 520//65 585//65
f 519//64 585//65 584//64
f 521//1 522//2 587//2
f 521//1 587//2 586//1
f 522//2 523//3 587//2
f 523//3 588//3 587//2
f 523//3 524//4 589//4
f 523//3 589//4 588//3
f 524//4 525//5 589//4
f 525//5 590//5 589//4
f 525//5 526//6 591//6
f 525//5 591//6 590//5
f 526//6 527//7 591//6
f 527//7 592//7 591//6
f 527//7 528//8 593//8
f 527//7 593//8 592//7
f 528//8 529//9 593//8
f 529//9 594//9 593//8
f 529//9 530//10 595//10
f 529//9 595//10 594//9
f 530//10 531//11 595//10
f 531//11 596//11 595//10
f 531//11 532//12 597//12
f 531//11 597//12 596//11
f 532//12 533//13 597//12
f 533//13 598//13 597//12
f 533//13 534//14 599//14
f 533//13 599//14 598//13
f 534//14 535//15 599//14
f 535//15 600//15 599//14
f 535//15 536//16 601//16
f 535//15 601//16 600//15
f 536//16 537//17 601//16
f 537//17 602//17 601//16
f 537//17 538//18 603//18
f 537//17 603//18 602//17
f 538//18 539//19 603//18
f 539//19 604//19 603//18
f 539//19 540//20 605//20
f 539//19 605//20 604//19
f 540//20 541//21 605//20
f 541//21 606//21 605//20
f 541//21 542//22 607//22
f 541//21 607//22 606//21
f 542//22 543//23 607//22
f 543//23 608//23 607//22
f 543//23 544//24 609//24
f 543//23 609//24 608//23
f 544//24 545//25 609//24
f 545//25 610//25 609//24
f 545//25 546//26 611//26
f 545//25 611//26 610//25
f 546//26 547//27 611//26
f 547//27 612//27 611//26
f 547//27 548//28 613//28
f 547//27 613//28 612//27
f 548//28 549//29 613//28
f 549//29 614//29 613//28
f 549//29 550//30 615//30
f 549//29 615//30 614//29
f 550//30 551//31 615//30
f 551//31 616//31 615//30
f 551//31 552//32 617//32
f 551//31 617//32 616//31
f 552//32 553//33 617//32
f 553//33 618//33 617//32
f 553//33 554//34 619//34
f 553//33 619//34 618//33
f 554//34 555//35 619//34
f 555//35 620//35 619//34
f 555//35 556//36 621//36
f 555//35 621//36 620//35
f 556//36 557//37 621//36
f 557//37 622//37 621//36
f 557//37 558//38 623//38
f 557//37 623//38 622//37
f 558//38 559//39 623//38
f 559//39 624//39 623//38
f 559//39 560//40 625//40
f 559//39 625//40 624//39
f 560//40 561//41 625//40
f 561//41 626//41 625//40
f 561//41 562//42 627//42
f 561//41 627//42 626//41
f 562//42 563//43 627//42
f 563//43 628//43 627//42
f 563//43 564//44 629//44
f 563//43 629//44 628//43
f 564//44 565//45 629//44
f 565//45 630//45 629//44
f 565//45 566//46 631//46
f 565//45 631//46 630//45
f 566//46 567//47 631//46
f 567//47 632//47 631//46
f 567//47 568//48 633//48
f 567//47 633//48 632//47
f 568//48 569//49 633//48
f 569//49 634//49 633//48
f 569//49 570//50 635//50
f 569//49 635//50 634//49
f 570//50 571//51 635//50
f 571//51 636//51 635//50
f 571//51 572//52 637//52
f 571//51 637//52 636//51
f 572//52 573//53 637//52
f 573//53 638//53 637//52
f 573//53 574//54 639//54
f 573//53 639//54 638//53
f 574//54 575//55 639//54
f 575//55 640//55 639//54
f 575//55 576//56 641//56
f 575//55 641//56 640//55
f 576//56 577//57 641//56
f 577//57 642//57 641//56
f 577//57 578//58 643//58
f 577//57 643//58 642//57
f 578//58 579//59 643//58
f 579//59 644//59 643//58
f 579//59 580//60 645//60
f 579//59 645//60 644//59
f 580//60 581//61 645//60
f 581//61 646//61 645//60
f 581//61 582//62 647//62
f 581//61 647//62 646//61
f 582//62 583//63 647//62
f 583//63 648//63 647//62
f 583//63 584//64 649//64
f 583//63 649//64 648//63
f 584//64 585//65 649//64
f 585//65 650//65 649//64
f 586//1 587//2 651//1
f 587//2 652//2 651//1
f 587//2 588//3 653//3
f 587//2 653//3 652//2
f 588//3 589//4 653//3
f 589//4 654//4 653//3
f 589//4 590//5 655//5
f 589//4 655//5 654//4
f 590//5 591//6 655//5
f 591//6 656//6 655//5
f 591//6 592//7 657//7
f 591//6 657//7 656//6
f 592//7 593//8 657//7
f 593//8 658//8 657//7
f 593//8 594//9 659//9
f 593//8 659//9 658//8
f 594//9 595//10 659//9
f 595//10 660//10 659//9
f 595//10 596//11 661//11
f 595//10 661//11 660//10
f 596//11 597//12 661//11
f 597//12 662//12 661//11
f 597//12 598//13 663//13
f 597//12 663//13 662//12
f 598//13 599//14 663//13
f 599//14 664//14 663//13
f 599//14 600//15 665//15
f 599//14 665//15 664//14
f 600//15 601//16 665//15
f 601//16 666//16 665//15
f 601//16 602//17 667//17
f 601//16 667//17 666//16
f 602//17 603//18 667//17
f 603//18 668//18 667//17
f 603//18 604//19 669//19
f 603//18 669//19 668//18
f 604//19 605//20 669//19
f 605//20 670//20 669//19
f 605//20 606//21 671//21
f 605//20 671//21 670//20
f 606//21 607//22 671//21
f 607//22 672//22 671//21
f 607//22 608//23 673//23
f 607//22 673//23 672//22
f 608//23 609//24 673//23
f 609//24 674//24 673//23
f 609//24 610//25 675//25
f 609//24 675//25 674//24
f 610//25 611//26 675//25
f 611//26 676//26 675//25
f 611//26 612//27 677//27
f 611//26 677//27 676//26
f 612//27 613//28 677//27
f 613//28 678//28 677//27
f 613//28 614//29 679//29
f 613//28 679//29 678//28
f 614//29 615//30 679//29
f 615//30 680//30 679//29
f 615//30 616//31 681//31
f 615//30 681//31 680//30
f 616//31 617//32 681//31
f 617//32 682//32 681//31
f 617//32 618//33 683//33
f 617//32 683//33 682//32
f 618//33 619//34 683//33
f 619//34 684//34 683//33
f 619//34 620//35 685//35
f 619//34 685//35 684//34
f 620//35 621//36 685//35
f 621//36 686//36 685//35
f 621//36 622//37 687//37
f 621//36 687//37 686//36
f 622//37 623//38 687//37
f 623//38 688//38 687//37
f 623//38 624//39 689//39
f 623//38 689//39 688//38
f 624//39 625//40 689//39
f 625//40 690//40 689//39
f 625//40 626//41 691//41
f 625//40 691//41 690//40
f 626//41 627//42 691//41
f 627//42 692//42 691//41
f 627//42 628//43 693//43
f 627//42 693//43 692//42
f 628//43 629//44 693//43
f 629//44 694//44 693//43
f 629//44 630//45 695//45
f 629//44 695//45 694//44
f 630//45 631//46 695//45
f 631//46 696//46 695//45
f 631//46 632//47 697//47
f 631//46 697//47 696//46
f 632//47 633//48 697//47
f 633//48 698//48 697//47
f 633//48 634//49 699//49
f 633//48 699//49 698//48
f 634//49 635//50 699//49
f 635//50 700//50 699//49
f 635//50 636//51 701//51
f 635//50 701//51 700//50
f 636//51 637//52 701//51
f 637//52 702//52 701//51
f 637//52 638//53 703//53
f 637//52 703//53 702//52
f 638//53 639//54 703//53
f 639//54 704//54 703//53
f 639//54 640//55 705//55
f 639//54 705//55 704//54
f 640//55 641//56 705//55
f 641//56 706//56 705//55
f 641//56 642//57 707//57
f 641//56 707//57 706//56
f 642//57 643//58 707//57
f 643//58 708//58 707//57
f 643//58 644//59 709//59
f 643//58 709//59 708//58
f 644//59 645//60 709//59
f 645//60 710//60 709//59
f 645//60 646//61 711//61
f 645//60 711//61 710//60
f 646//61 647//62 711//61
f 647//62 712//62 711//61
f 647//62 648//63 713//63
f 647//62 713//63 712//62
f 648//63 649//64 713//63
f 649//64 714//64 713//63
f 649//64 650//65 715//65
f 649//64 715//65 714//64
f 651//1 652//2 717//2
f 651//1 717//2 716//1
f 652//2 653//3 717//2
f 653//3 718//3 717//2
f 653//3 654//4 719//4
f 653//3 719//4 718//3
f 654//4 655//5 719//4
f 655//5 720//5 719//4
f 655//5 656//6 721//6
f 655//5 721//6 720//5
f 656//6 657//7 721//6
f 657//7 722//7 721//6
f 657//7 658//8 723//8
f 657//7 723//8 722//7
f 658//8 659//9 723//8
f 659//9 724//9 723//8
f 659//9 660//10 725//10
f 659//9 725//10 724//9
f 660//10 661//11 725//10
f 661//11 726//11 725//10
f 661//11 662//12 727//12
f 661//11 727//12 726//11
f 662//12 663//13 727//12
f 663//13 728//13 727//12
f 663//13 664//14 729//14
f 663//13 729//14 728//13
f 664//14 665//15 729//14
f 665//15 730//15 729//14
f 665//15 666//16 731//16
f 665//15 731//16 730//15
f 666//16 667//17 731//16
f 667//17 732//17 731//16
f 667//17 668//18 733//18
f 667//17 733//18 732//17
f 668//18 669//19 733//18
f 669//19 734//19 733//18
f 669//19 670//20 735//20
f 669//19 735//20 734//19
f 670//20 671//21 735//20
f 671//21 736//21 735//20
f 671//21 672//22 737//22
f 671//21 737//22 736//21
f 672//22 673//23 737//22
f 673//23 738//23 737//22
f 673//23 674//24 739//24
f 673//23 739//24 738//23
f 674//24 675//25 739//24
f 675//25 740//25 739//24
f 675//25 676//26 741//26
f 675//25 741//26 740//25
f 676//26 677//27 741//26
f 677//27 742//27 741//26
f 677//27 678//28 743//28
f 677//27 743//28 742//27
f 678//28 679//29 743//28
f 679//29 744//29 743//28
f 679//29 680//30 745//30
f 679//29 745//30 744//29
f 680//30 681//31 745//30
f 681//31 746//31 745//30
f 681//31 682//32 747//32
f 681//31 747//32 746//31
f 682//32 683//33 747//32
f 683//33 748//33 747//32
f 683//33 684//34 749//34
f 683//33 749//34 748//33
f 684//34 685//35 749//34
f 685//35 750//35 749//34
f 685//35 686//36 751//36
f 685//35 751//36 750//35
f 686//36 687//37 751//36
f 687//37 752//37 751//36
f 687//37 688//38 753//38
f 687//37 753//38 752//37
f 688//38 689//39 753//38
f 689//39 754//39 753//38
f 689//39 690//40 755//40
f 689//39 755//40 754//39
f 690//40 691//41 755//40
f 691//41 756//41 755//40
f 691//41 692//42 757//42
f 691//41 757//42 756//41
f 692//42 693//43 757//42
f 693//43 758//43 757//42
f 693//43 694//44 759//44
f 693//43 759//44 758//43
f 694//44 695//45 759//44
f 695//45 760//45 759//44
f 695//45 696//46 761//46
f 695//45 761//46 760//45
f 696//46 697//47 761//46
f 697//47 762//47 761//46
f 697//47 698//48 763//48
f 697//47 763//48 762//47
f 698//48 699//49 763//48
f 699//49 764//49 763//48
f 699//49 700//50 765//50
f 699//49 765//50 764//49
f 700//50 701//51 765//50
f 701//51 766//51 765//50
f 701//51 702//52 767//52
f 701//51 767//52 766//51
f 702//52 703//53 767//52
f 703//53 768//53 767//52
f 703//53 704//54 769//54
f 703//53 769//54 768//53
f 704//54 705//55 769//54
f 705//55 770//55 769//54
f 705//55 706//56 771//56
f 705//55 771//56 770//55
f 706//56 707//57 771//56
f 707//57 772//57 771//56
f 707//57 708//58 773//58
f 707//57 773//58 772//57
f 708//58 709//59 773//58
f 709//59 774//59 773//58
f 709//59 710//60 775//60
f 709//59 775//60 774//59
f 710//60 711//61 775//60
f 711//61 776//61 775//60
f 711//61 712//62 777//62
f 711//61 777//62 776//61
f 712//62 713//63 777//62
f 713//63 778//63 777//62
f 713//63 714//64 779//64
f 713//63 779//64 778//63
f 714//64 715//65 779//64
f 715//65 780//65 779//64
f 716//1 717//2 781//1
f 717//2 782//2 781//1
f 717//2 718//3 783//3
f 717//2 783//3 782//2
f 718//3 719//4 783//3
f 719//4 784//4 783//3
f 719//4 720//5 785//5
f 719//4 785//5 784//4
f 720//5 721//6 785//5
f 721//6 786//6 785//5
f 721//6 722//7 787//7
f 721//6 787//7 786//6
f 722//7 723//8 787//7
f 723//8 788//8 787//7
f 723//8 724//9 789//9
f 723//8 789//9 788//8
f 724//9 725//10 789//9
f 725//10 790//10 789//9
f 725//10 726//11 791//11
f 725//10 791//11 790//10
f 726//11 727//12 791//11
f 727//12 792//12 791//11
f 727//12 728//13 793//13
f 727//12 793//13 792//12
f 728//13 729//14 793//13
f 729//14 794//14 793//13
f 729//14 730//15 795//15
f 729//14 795//15 794//14
f 730//15 731//16 795//15
f 731//16 796//16 795//15
f 731//16 732//17 797//17
f 731//16 797//17 796//16
f 732//17 733//18 797//17
f 733//18 798//18 797//17
f 733//18 734//19 799//19
f 733//18 799//19 798//18
f 734//19 735//20 799//19
f 735//20 800//20 799//19
f 735//20 736//21 801//21
f 735//20 801//21 800//20
f 736//21 737//22 801//21
f 737//22 802//22 801//21
f 737//22 738//23 803//23
f 737//22 803//23 802//22
f 738//23 739//24 803//23
f 739//24 804//24 803//23
f 739//24 740//25 805//25
f 739//24 805//25 804//24
f 740//25 741//26 805//25
f 741//26 806//26 805//25
f 741//26 742//27 807//27
f 741//26 807//27 806//26
f 742//27 743//28 807//27
f 743//28 808//28 807//27
f 743//28 744//29 809//29
f 743//28 809//29 808//28
f 744//29 745//30 809//29
f 745//30 810//30 809//29
f 745//30 746//31 811//31
f 745//30 811//31 810//30
f 746//31 747//32 811//31
f 747//32 812//32 811//31
f 747//32 748//33 813//33
f 747//32 813//33 812//32
f 748//33 749//34 813//33
f 749//34 814//34 813//33
f 749//34 750//35 815//35
f 749//34 815//35 814//34
f 750//35 751//36 815//35
f 751//36 816//36 815//35
f 751//36 752//37 817//37
f 751//36 817//37 816//36
f 752//37 753//38 817//37
f 753//38 818//38 817//37
f 753//38 754//39 819//39
f 753//38 819//39 818//38
f 754//39 755//40 819//39
f 755//40 820//40 819//39
f 755//40 756//41 821//41
f 755//40 821//41 820//40
f 756//41 757//42 821//41
f 757//42 822//42 821//41
f 757//42 758//43 823//43
f 757//42 823//43 822//42
f 758//43 759//44 823//43
f 759//44 824//44 823//43
f 759//44 760//45 825//45
f 759//44 825//45 824//44
f 760//45 761//46 825//45
f 761//46 826//46 825//45
f 761//46 762//47 827//47
f 761//46 827//47 826//46
f 762//47 763//48 827//47
f 763//48 828//48 827//47
f 763//48 764//49 829//49
f 763//48 829//49 828//48
f 764//49 765//50 829//49
f 765//50 830//50 829//49
f 765//50 766//51 831//51
f 765//50 831//51 830//50
f 766//51 767//52 831//51
f 767//52 832//52 831//51
f 767//52 768//53 833//53
f 767//52 833//53 832//52
f 768//53 769//54 833//53
f 769//54 834//54 833//53
f 769//54 770//55 835//55
f 769//54 835//55 834//54
f 770//55 771//56 835//55
f 771//56 836//56 835//55
f 771//56 772//57 837//57
f 771//56 837//57 836//56
f 772//57 773//58 837//57
f 773//58 838//58 837//57
f 773//58 774//59 839//59
f 773//58 839//59 838//58
f 774//59 775//60 839//59
f 775//60 840//60 839//59
f 775//60 776//61 841//61
f 775//60 841//61 840//60
f 776//61 777//62 841//61
f 777//62 842//62 841//61
f 777//62 778//63 843//63
f 777//62 843//63 842//62
f 778//63 779//64 843//63
f 779//64 844//64 843//63
f 779//64 780//65 845//65
f 779//64 845//65 844//64
f 781//1 782//2 847//2
f 781//1 847//2 846//1
f 782//2 783//3 847//2
f 783//3 848//3 847//2
f 783//3 784//4 849//4
f 783//3 849//4 848//3
f 784//4 785//5 849//4
f 785//5 850//5 849//4
f 785//5 786//6 851//6
f 785//5 851//6 850//5
f 786//6 787//7 851//6
f 787//7 852//7 851//6
f 787//7 788//8 853//8
f 787//7 853//8 852//7
f 788//8 789//9 853//8
f 789//9 854//9 853//8
f 789//9 790//10 855//10
f 789//9 855//10 854//9
f 790//10 791//11 855//10
f 791//11 856//11 855//10
f 791//11 792//12 857//12
f 791//11 857//12 856//11
f 792//12 793//13 857//12
f 793//13 858//13 857//12
f 793//13 794//14 859//14
f 793//13 859//14 858//13
f 794//14 795//15 859//14
f 795//15 860//15 859//14
f 795//15 796//16 861//16
f 795//15 861//16 860//15
f 796//16 797//17 861//16
f 797//17 862//17 861//16
f 797//17 798//18 863//18
f 797//17 863//18 862//17
f 798//18 799//19 863//18
f 799//19 864//19 863//18
f 799//19 800//20 865//20
f 799//19 865//20 864//19
f 800//20 801//21 865//20
f 801//21 866//21 865//20
f 801//21 802//22 867//22
f 801//21 867//22 866//21
f 802//22 803//23 867//22
f 803//23 868//23 867//22
f 803//23 804//24 869//24
f 803//23 869//24 868//23
f 804//24 805//25 869//24
f 805//25 870//25 869//24
f 805//25 806//26 871//26
f 805//25 871//26 870//25
f 806//26 807//27 871//26
f 807//27 872//27 871//26
f 807//27 808//28 873//28
f 807//27 873//28 872//27
f 808//28 809//29 873//28
f 809//29 874//29 873//28
f 809//29 810//30 875//30
f 809//29 875//30 874//29
f 810//30 811//31 875//30
f 811//31 876//31 875//30
f 811//31 812//32 877//32
f 811//31 877//32 876//31
f 812//32 813//33 877//32
f 813//33 878//33 877//32
f 813//33 814//34 879//34
f 813//33 879//34 878//33
f 814//34 815//35 879//34
f 815//35 880//35 879//34
f 815//35 816//36 881//36
f 815//35 881//36 880//35
f 816//36 817//37 881//36
f 817//37 882//37 881//36
f 817//37 818//38 883//38
f 817//37 883//38 882//37
f 818//38 819//39 883//38
f 819//39 884//39 883//38
f 819//39 820//40 885//40
f 819//39 885//40 884//39
f 820//40 821//41 885//40
f 821//41 886//41 885//40
f 821//41 822//42 887//42
f 821//41 887//42 886//41
f 822//42 823//43 887//42
f 823//43 888//43 887//42
f 823//43 824//44 889//44
f 823//43 889//44 888//43
f 824//44 825//45 889//44
f 825//45 890//45 889//44
f 825//45 826//46 891//46
f 825//45 891//46 890//45
f 826//46 827//47 891//46
f 827//47 892//47 891//46
f 827//47 828//48 893//48
f 827//47 893//48 892//47
f 828//48 829//49 893//48
f 829//49 894//49 893//48
f 829//49 830//50 895//50
f 829//49 895//50 894//49
f 830//50 831//51 895//50
f 831//51 896//51 895//50
f 831//51 832//52 897//52
f 831//51 897//52 896//51
f 832//52 833//53 897//52
f 833//53 898//53 897//52
f 833//53 834//54 899//54
f 833//53 899//54 898//53
f 834//54 835//55 899//54
f 835//55 900//55 899//54
f 835//55 836//56 901//56
f 835//55 901//56 900//55
f 836//56 837//57 901//56
f 837//57 902//57 901//56
f 837//57 838//58 903//58
f 837//57 903//58 902//57
f 838//58 839//59 903//58
f 839//59 904//59 903//58
f 839//59 840//60 905//60
f 839//59 905//60 904//59
f 840//60 841//61 905//60
f 841//61 906//61 905//60
f 841//61 842//62 907//62
f 841//61 907//62 906//61
f 842//62 843//63 907//62
f 843//63 908//63 907//62
f 843//63 844//64 909//64
f 843//63 909//64 908//63
f 844//64 845//65 909//64
f 845//65 910//65 909//64
f 846//1 847//2 911//1
f 847//2 912//2 911//1
f 847//2 848//3 913//3
f 847//2 913//3 912//2
f 848//3 849//4 913//3
f 849//4 914//4 913//3
f 849//4 850//5 915//5
f 849//4 915//5 914//4
f 850//5 851//6 915//5
f 851//6 916//6 915//5
f 851//6 852//7 917//7
f 851//6 917//7 916//6
f 852//7 853//8 917//7
f 853//8 918//8 917//7
f 853//8 854//9 919//9
f 853//8 919//9 918//8
f 854//9 855//10 919//9
f 855//10 920//10 919//9
f 855//10 856//11 921//11
f 855//10 921//11 920//10
f 856//11 857//12 921//11
f 857//12 922//12 921//11
f 857//12 858//13 923//13
f 857//12 923//13 922//12
f 858//13 859//14 923//13
f 859//14 924//14 923//13
f 859//14 860//15 925//15
f 859//14 925//15 924//14
f 860//15 861//16 925//15
f 861//16 926//16 925//15
f 861//16 862//17 927//17
f 861//16 927//17 926//16
f 862//17 863//18 927//17
f 863//18 928//18 927//17
f 863//18 864//19 929//19
f 863//18 929//19 928//18
f 864//19 865//20 929//19
f 865//20 930//20 929//19
f 865//20 866//21 931//21
f 865//20 931//21 930//20
f 866//21 867//22 931//21
f 867//22 932//22 931//21
f 867//22 868//23 933//23
f 867//22 933//23 932//22
f 868//23 869//24 933//23
f 869//24 934//24 933//23
f 869//24 870//25 935//25
f 869//24 935//25 934//24
f 870//25 871//26 935//25
f 871//26 936//26 935//25
f 871//26 872//27 937//27
f 871//26 937//27 936//26
f 872//27 873//28 937//27
f 873//28 938//28 937//27
f 873//28 874//29 939//29
f 873//28 939//29 938//28
f 874//29 875//30 939//29
f 875//30 940//30 939//29
f 875//30 876//31 941//31
f 875//30 941//31 940//30
f 876//31 877//32 941//31
f 877//32 942//32 941//31
f 877//32 878//33 943//33
f 877//32 943//33 942//32
f 878//33 879//34 943//33
f 879//34 944//34 943//33
f 879//34 880//35 945//35
f 879//34 945//35 944//34
f 880//35 881//36 945//35
f 881//36 946//36 945//35
f 881//36 882//37 947//37
f 881//36 947//37 946//36
f 882//37 883//38 947//37
f 883//38 948//38 947//37
f 883//38 884//39 949//39
f 883//38 949//39 948//38
f 884//39 885//40 949//39
f 885//40 950//40 949//39
f 885//40 886//41 951//41
f 885//40 951//41 950//40
f 886//41 887//42 951//41
f 887//42 952//42 951//41
f 887//42 888//43 953//43
f 887//42 953//43 952//42
f 888//43 889//44 953//43
f 889//44 954//44 953//43
f 889//44 890//45 955//45
f 889//44 955//45 954//44
f 890//45 891//46 955//45
f 891//46 956//46 955//45
f 891//46 892//47 957//47
f 891//46 957//47 956//46
f 892//47 893//48 957//47
f 893//48 958//48 957//47
f 893//48 894//49 959//49
f 893//48 959//49 958//48
f 894//49 895//50 959//49
f 895//50 960//50 959//49
f 895//50 896//51 961//51
f 895//50 961//51 960//50
f 896//51 897//52 961//51
f 897//52 962//52 961//51
f 897//52 898//53 963//53
f 897//52 963//53 962//52
f 898//53 899//54 963//53
f 899//54 964//54 963//53
f 899//54 900//55 965//55
f 899//54 965//55 964//54
f 900//55 901//56 965//55
f 901//56 966//56 965//55
f 901//56 902//57 967//57
f 901//56 967//57 966//56
f 902//57 903//58 967//57
f 903//58 968//58 967//57
f 903//58 904//59 969//59
f 903//58 969//59 968//58
f 904//59 905//60 969//59
f 905//60 970//60 969//59
f 905//60 906//61 971//61
f 905//60 971//61 970//60
f 906//61 907//62 971//61
f 907//62 972//62 971//61
f 907//62 908//63 973//63
f 907//62 973//63 972//62
f 908//63 909//64 973//63
f 909//64 974//64 973//63
f 909//64 910//65 975//65
f 909//64 975//65 974//64
f 911//1 912//2 977//2
f 911//1 977//2 976//1
f 912//2 913//3 977//2
f 913//3 978//3 977//2
f 913//3 914//4 979//4
f 913//3 979//4 978//3
f 914//4 915//5 979//4
f 915//5 980//5 979//4
f 915//5 916//6 981//6
f 915//5 981//6 980//5
f 916//6 917//7 981//6
f 917//7 982//7 981//6
f 917//7 918//8 983//8
f 917//7 983//8 982//7
f 918//8 919//9 983//8
f 919//9 984//9 983//8
f 919//9 920//10 985//10
f 919//9 985//10 984//9
f 920//10 921//11 985//10
f 921//11 986//11 985//10
f 921//11 922//12 987//12
f 921//11 987//12 986//11
f 922//12 923//13 987//12
f 923//13 988//13 987//12
f 923//13 924//14 989//14
f 923//13 989//14 988//13
f 924//14 925//15 989//14
f 925//15 990//15 989//14
f 925//15 926//16 991//16
f 925//15 991//16 990//15
f 926//16 927//17 991//16
f 927//17 992//17 991//16
f 927//17 928//18 993//18
f 927//17 993//18 992//17
f 928//18 929//19 993//18
f 929//19 994//19 993//18
f 929//19 930//20 995//20
f 929//19 995//20 994//19
f 930//20 931//21 995//20
f 931//21 996//21 995//20
f 931//21 932//22 997//22
f 931//21 997//22 996//21
f 932//22 933//23 997//22
f 933//23 998//23 997//22
f 933//23 934//24 999//24
f 933//23 999//24 998//23
f 934//24 935//25 999//24
f 935//25 1000//25 999//24
f 935//25 936//26 1001//26
f 935//25 1001//26 1000//25
f 936//26 937//27 1001//26
f 937//27 1002//27 1001//26
f 937//27 938//28 1003//28
f 937//27 1003//28 1002//27
f 938//28 939//29 1003//28
f 939//29 1004//29 1003//28
f 939//29 940//30 1005//30
f 939//29 1005//30 1004//29
f 940//30 941//31 1005//30
f 941//31 1006//31 1005//30
f 941//31 942//32 1007//32
f 941//31 1007//32 1006//31
f 942//32 943//33 1007//32
f 943//33 1008//33 1007//32
f 943//33 944//34 1009//34
f 943//33 1009//34 1008//33
f 944//34 945//35 1009//34
f 945//35 1010//35 1009//34
f 945//35 946//36 1011//36
f 945//35 1011//36 1010//35
f 946//36 947//37 1011//36
f 947//37 1012//37 1011//36
f 947//37 948//38 1013//38
f 947//37 1013//38 1012//37
f 948//38 949//39 1013//38
f 949//39 1014//39 1013//38
f 949//39 950//40 1015//40
f 949//39 1015//40 1014//39
f 950//40 951//41 1015//40
f 951//41 1016//41 1015//40
f 951//41 952//42 1017//42
f 951//41 1017//42 1016//41
f 952//42 953//43 1017//42
f 953//43 1018//43 1017//42
f 953//43 954//44 1019//44
f 953//43 1019//44 1018//43
f 954//44 955//45 1019//44
f 955//45 1020//45 1019//44
f 955//45 956//46 1021//46
f 955//45 1021//46 1020//45
f 956//46 957//47 1021//46
f 957//47 1022//47 1021//46
f 957//47 958//48 1023//48
f 957//47 1023//48 1022//47
f 958//48 959//49 1023//48
f 959//49 1024//49 1023//48
f 959//49 960//50 1025//50
f 959//49 1025//50 1024//49
f 960//50 961//51 1025//50
f 961//51 1026//51 1025//50
f 961//51 962//52 1027//52
f 961//51 1027//52 1026//51
f 962//52 963//53 1027//52
f 963//53 1028//53 1027//52
f 963//53 964//54 1029//54
f 963//53 1029//54 1028//53
f 964//54 965//55 1029//54
f 965//55 1030//55 1029//54
f 965//55 966//56 1031//56
f 965//55 1031//56 1030//55
f 966//56 967//57 1031//56
f 967//57 1032//57 1031//56
f 967//57 968//58 1033//58
f 967//57 1033//58 1032//57
f 968//58 969//59 1033//58
f 969//59 1034//59 1033//58
f 969//59 970//60 1035//60
f 969//59 1035//60 1034//59
f 970//60 971//61 1035//60
f 971//61 1036//61 1035//60
f 971//61 972//62 1037//62
f 971//61 1037//62 1036//61
f 972//62 973//63 1037//62
f 973//63 1038//63 1037//62
f 973//63 974//64 1039//64
f 973//63 1039//64 1038//63
f 974//64 975//65 1039//64
f 975//65 1040//65 1039//64
f 976//1 977//2 1041//1
f 977//2 1042//2 1041//1
f 977//2 978//3 1043//3
f 977//2 1043//3 1042//2
f 978//3 979//4 1043//3
f 979//4 1044//4 1043//3
f 979//4 980//5 1045//5
f 979//4 1045//5 1044//4
f 980//5 981//6 1045//5
f 981//6 1046//6 1045//5
f 981//6 982//7 1047//7
f 981//6 1047//7 1046//6
f 982//7 983//8 1047//7
f 983//8 1048//8 1047//7
f 983//8 984//9 1049//9
f 983//8 1049//9 1048//8
f 984//9 985//10 1049//9
f 985//10 1050//10 1049//9
f 985//10 986//11 1051//11
f 985//10 1051//11 1050//10
f 986//11 987//12 1051//11
f 987//12 1052//12 1051//11
f 987//12 988//13 1053//13
f 987//12 1053//13 1052//12
f 988//13 989//14 1053//13
f 989//14 1054//14 1053//13
f 989//14 990//15 1055//15
f 989//14 1055//15 1054//14
f 990//15 991//16 1055//15
f 991//16 1056//16 1055//15
f 991//16 992//17 1057//17
f 991//16 1057//17 1056//16
f 992//17 993//18 1057//17
f 993//18 1058//18 1057//17
f 993//18 994//19 1059//19
f 993//18 1059//19 1058//18
f 994//19 995//20 1059//19
f 995//20 1060//20 1059//19
f 995//20 996//21 1061//21
f 995//20 1061//21 1060//20
f 996//21 997//22 1061//21
f 997//22 1062//22 1061//21
f 997//22 998//23 1063//23
f 997//22 1063//23 1062//22
f 998//23 999//24 1063//23
f 999//24 1064//24 1063//23
f 999//24 1000//25 1065//25
f 999//24 1065//25 1064//24
f 1000//25 1001//26 1065//25
f 1001//26 1066//26 1065//25
f 1001//26 1002//27 1067//27
f 1001//26 1067//27 1066//26
f 1002//27 1003//28 1067//27
f 1003//28 1068//28 1067//27
f 1003//28 1004//29 1069//29
f 1003//28 1069//29 1068//28
f 1004//29 1005//30 1069//29
f 1005//30 1070//30 1069//29
f 1005//30 1006//31 1071//31
f 1005//30 1071//31 1070//30
f 1006//31 1007//32 1071//31
f 1007//32 1072//32 1071//31
f 1007//32 1008//33 1073//33
f 1007//32 1073//33 1072//32
f 1008//33 1009//34 1073//33
f 1009//34 1074//34 1073//33
f 1009//34 1010//35 1075//35
f 1009//34 1075//35 1074//34
f 1010//35 1011//36 1075//35
f 1011//36 1076//36 1075//35
f 1011//36 1012//37 1077//37
f 1011//36 1077//37 1076//36
f 1012//37 1013//38 1077//37
f 1013//38 1078//38 1077//37
f 1013//38 1014//39 1079//39
f 1013//38 1079//39 1078//38
f 1014//39 1015//40 1079//39
f 1015//40 1080//40 1079//39
f 1015//40 1016//41 1081//41
f 1015//40 1081//41 1080//40
f 1016//41 1017//42 1081//41
f 1017//42 1082//42 1081//41
f 1017//42 1018//43 1083//43
f 1017//42 1083//43 1082//42
f 1018//43 1019//44 1083//43
f 1019//44 1084//44 1083//43
f 1019//44 1020//45 1085//45
f 1019//44 1085//45 1084//44
f 1020//45 1021//46 1085//45
f 1021//46 1086//46 1085//45
f 1021//46 1022//47 1087//47
f 1021//46 1087//47 1086//46
f 1022//47 1023//48 1087//47
f 1023//48 1088//48 1087//47
f 1023//48 1024//49 1089//49
f 1023//48 1089//49 1088//48
f 1024//49 1025//50 1089//49
f 1025//50 1090//50 1089//49
f 1025//50 1026//51 1091//51
f 1025//50 1091//51 1090//50
f 1026//51 1027//52 1091//51
f 1027//52 1092//52 1091//51
f 1027//52 1028//53 1093//53
f 1027//52 1093//53 1092//52
f 1028//53 1029//54 1093//53
f 1029//54 1094//54 1093//53
f 1029//54 1030//55 1095//55
f 1029//54 1095//55 1094//54
f 1030//55 1031//56 1095//55
f 1031//56 1096//56 1095//55
f 1031//56 1032//57 1097//57
f 1031//56 1097//57 1096//56
f 1032//57 1033//58 1097//57
f 1033//58 1098//58 1097//57
f 1033//58 1034//59 1099//59
f 1033//58 1099//59 1098//58
f 1034//59 1035//60 1099//59
f 1035//60 1100//60 1099//59
f 1035//60 1036//61 1101//61
f 1035//60 1101//61 1100//60
f 1036//61 1037//62 1101//61
f 1037//62 1102//62 1101//61
f 1037//62 1038//63 1103//63
f 1037//62 1103//63 1102//62
f 1038//63 1039//64 1103//63
f 1039//64 1104//64 1103//63
f 1039//64 1040//65 1105//65
f 1039//64 1105//65 1104//64
f 1041//1 1042//2 1107//2
f 1041//1 1107//2 1106//1
f 1042//2 1043//3 1107//2
f 1043//3 1108//3 1107//2
f 1043//3 1044//4 1109//4
f 1043//3 1109//4 1108//3
f 1044//4 1045//5 1109//4
f 1045//5 1110//5 1109//4
f 1045//5 1046//6 1111//6
f 1045//5 1111//6 1110//5
f 1046//6 1047//7 1111//6
f 1047//7 1112//7 1111//6
f 1047//7 1048//8 1113//8
f 1047//7 1113//8 1112//7
f 1048//8 1049//9 1113//8
f 1049//9 1114//9 1113//8
f 1049//9 1050//10 1115//10
f 1049//9 1115//10 1114//9
f 1050//10 1051//11 1115//10
f 1051//11 1116//11 1115//10
f 1051//11 1052//12 1117//12
f 1051//11 1117//12 1116//11
f 1052//12 1053//13 1117//12
f 1053//13 1118//13 1117//12
f 1053//13 1054//14 1119//14
f 1053//13 1119//14 1118//13
f 1054//14 1055//15 1119//14
f 1055//15 1120//15 1119//14
f 1055//15 1056//16 1121//16
f 1055//15 1121//16 1120//15
f 1056//16 1057//17 1121//16
f 1057//17 1122//17 1121//16
f 1057//17 1058//18 1123//18
f 1057//17 1123//18 1122//17
f 1058//18 1059//19 1123//18
f 1059//19 1124//19 1123//18
f 1059//19 1060//20 1125//20
f 1059//19 1125//20 1124//19
f 1060//20 1061//21 1125//20
f 1061//21 1126//21 1125//20
f 1061//21 1062//22 1127//22
f 1061//21 1127//22 1126//21
f 1062//22 1063//23 1127//22
f 1063//23 1128//23 1127//22
f 1063//23 1064//24 1129//24
f 1063//23 1129//24 1128//23
f 1064//24 1065//25 1129//24
f 1065//25 1130//25 1129//24
f 1065//25 1066//26 1131//26
f 1065//25 1131//26 1130//25
f 1066//26 1067//27 1131//26
f 1067//27 1132//27 1131//26
f 1067//27 1068//28 1133//28
f 1067//27 1133//28 1132//27
f 1068//28 1069//29 1133//28
f 1069//29 1134//29 1133//28
f 1069//29 1070//30 1135//30
f 1069//29 1135//30 1134//29
f 1070//30 1071//31 1135//30
f 1071//31 1136//31 1135//30
f 1071//31 1072//32 1137//32
f 1071//31 1137//32 1136//31
f 1072//32 1073//33 1137//32
f 1073//33 1138//33 1137//32
f 1073//33 1074//34 1139//34
f 1073//33 1139//34 1138//33
f 1074//34 1075//35 1139//34
f 1075//35 1140//35 1139//34
f 1075//35 1076//36 1141//36
f 1075//35 1141//36 1140//35
f 1076//36 1077//37 1141//36
f 1077//37 1142//37 1141//36
f 1077//37 1078//38 1143//38
f 1077//37 1143//38 1142//37
f 1078//38 1079//39 1143//38
f 1079//39 1144//39 1143//38
f 1079//39 1080//40 1145//40
f 1079//39 1145//40 1144//39
f 1080//40 1081//41 1145//40
f 1081//41 1146//41 1145//40
f 1081//41 1082//42 1147//42
f 1081//41 1147//42 1146//41
f 1082//42 1083//43 1147//42
f 1083//43 1148//43 1147//42
f 1083//43 1084//44 1149//44
f 1083//43 1149//44 1148//43
f 1084//44 1085//45 1149//44
f 1085//45 1150//45 1149//44
f 1085//45 1086//46 1151//46
f 1085//45 1151//46 1150//45
f 1086//46 1087//47 1151//46
f 1087//47 1152//47 1151//46
f 1087//47 1088//48 1153//48
f 1087//47 1153//48 1152//47
f 1088//48 1089//49 1153//48
f 1089//49 1154//49 1153//48
f 1089//49 1090//50 1155//50
f 1089//49 1155//50 1154//49
f 1090//50 1091//51 1155//50
f 1091//51 1156//51 1155//50
f 1091//51 1092//52 1157//52
f 1091//51 1157//52 1156//51
f 1092//52 1093//53 1157//52
f 1093//53 1158//53 1157//52
f 1093//53 1094//54 1159//54
f 1093//53 1159//54 1158//53
f 1094//54 1095//55 1159//54
f 1095//55 1160//55 1159//54
f 1095//55 1096//56 1161//56
f 1095//55 1161//56 1160//55
f 1096//56 1097//57 1161//56
f 1097//57 1162//57 1161//56
f 1097//57 1098//58 1163//58
f 1097//57 1163//58 1162//57
f 1098//58 1099//59 1163//58
f 1099//59 1164//59 1163//58
f 1099//59 1100//60 1165//60
f 1099//59 1165//60 1164//59
f 1100//60 1101//61 1165//60
f 1101//61 1166//61 1165//60
f 1101//61 1102//62 1167//62
f 1101//61 1167//62 1166//61
f 1102//62 1103//63 1167//62
f 1103//63 1168//63 1167//62
f 1103//63 1104//64 1169//64
f 1103//63 1169//64 1168//63
f 1104//64 1105//65 1169//64
f 1105//65 1170//65 1169//64
f 1106//1 1107//2 1171//1
f 1107//2 1172//2 1171//1
f 1107//2 1108//3 1173//3
f 1107//2 1173//3 1172//2
f 1108//3 1109//4 1173//3
f 1109//4 1174//4 1173//3
f 1109//4 1110//5 1175//5
f 1109//4 1175//5 1174//4
f 1110//5 1111//6 1175//5
f 1111//6 1176//6 1175//5
f 1111//6 1112//7 1177//7
f 1111//6 1177//7 1176//6
f 1112//7 1113//8 1177//7
f 1113//8 1178//8 1177//7
f 1113//8 1114//9 1179//9
f 1113//8 1179//9 1178//8
f 1114//9 1115//10 1179//9
f 1115//10 1180//10 1179//9
f 1115//10 1116//11 1181//11
f 1115//10 1181//11 1180//10
f 1116//11 1117//12 1181//11
f 1117//12 1182//12 1181//11
f 1117//12 1118//13 1183//13
f 1117//12 1183//13 1182//12
f 1118//13 1119//14 1183//13
f 1119//14 1184//14 1183//13
f 1119//14 1120//15 1185//15
f 1119//14 1185//15 1184//14
f 1120//15 1121//16 1185//15
f 1121//16 1186//16 1185//15
f 1121//16 1122//17 1187//17
f 1121//16 1187//17 1186//16
f 1122//17 1123//18 1187//17
f 1123//18 1188//18 1187//17
f 1123//18 1124//19 1189//19
f 1123//18 1189//19 1188//18
f 1124//19 1125//20 1189//19
f 1125//20 1190//20 1189//19
f 1125//20 1126//21 1191//21
f 1125//20 1191//21 1190//20
f 1126//21 1127//22 1191//21
f 1127//22 1192//22 1191//21
f 1127//22 1128//23 1193//23
f 1127//22 1193//23 1192//22
f 1128//23 1129//24 1193//23
f 1129//24 1194//24 1193//23
f 1129//24 1130//25 1195//25
f 1129//24 1195//25 1194//24
f 1130//25 1131//26 1195//25
f 1131//26 1196//26 1195//25
f 1131//26 1132//27 1197//27
f 1131//26 1197//27 1196//26
f 1132//27 1133//28 1197//27
f 1133//28 1198//28 1197//27
f 1133//28 1134//29 1199//29
f 1133//28 1199//29 1198//28
f 1134//29 1135//30 1199//29
f 1135//30 1200//30 1199//29
f 1135//30 1136//31 1201//31
f 1135//30 1201//31 1200//30
f 1136//31 1137//32 1201//31
f 1137//32 1202//32 1201//31
f 1137//32 1138//33 1203//33
f 1137//32 1203//33 1202//32
f 1138//33 1139//34 1203//33
f 1139//34 1204//34 1203//33
f 1139//34 1140//35 1205//35
f 1139//34 1205//35 1204//34
f 1140//35 1141//36 1205//35
f 1141//36 1206//36 1205//35
f 1141//36 1142//37 1207//37
f 1141//36 1207//37 1206//36
f 1142//37 1143//38 1207//37
f 1143//38 1208//38 1207//37
f 1143//38 1144//39 1209//39
f 1143//38 1209//39 1208//38
f 1144//39 1145//40 1209//39
f 1145//40 1210//40 1209//39
f 1145//40 1146//41 1211//41
f 1145//40 1211//41 1210//40
f 1146//41 1147//42 1211//41
f 1147//42 1212//42 1211//41
f 1147//42 1148//43 1213//43
f 1147//42 1213//43 1212//42
f 1148//43 1149//44 1213//43
f 1149//44 1214//44 1213//43
f 1149//44 1150//45 1215//45
f 1149//44 1215//45 1214//44
f 1150//45 1151//46 1215//45
f 1151//46 1216//46 1215//45
f 1151//46 1152//47 1217//47
f 1151//46 1217//47 1216//46
f 1152//47 1153//48 1217//47
f 1153//48 1218//48 1217//47
f 1153//48 1154//49 1219//49
f 1153//48 1219//49 1218//48
f 1154//49 1155//50 1219//49
f 1155//50 1220//50 1219//49
f 1155//50 1156//51 1221//51
f 1155//50 1221//51 1220//50
f 1156//51 1157//52 1221//51
f 1157//52 1222//52 1221//51
f 1157//52 1158//53 1223//53
f 1157//52 1223//53 1222//52
f 1158//53 1159//54 1223//53
f 1159//54 1224//54 1223//53
f 1159//54 1160//55 1225//55
f 1159//54 1225//55 1224//54
f 1160//55 1161//56 1225//55
f 1161//56 1226//56 1225//55
f 1161//56 1162//57 1227//57
f 1161//56 1227//57 1226//56
f 1162//57 1163//58 1227//57
f 1163//58 1228//58 1227//57
f 1163//58 1164//59 1229//59
f 1163//58 1229//59 1228//58
f 1164//59 1165//60 1229//59
f 1165//60 1230//60 1229//59
f 1165//60 1166//61 1231//61
f 1165//60 1231//61 1230//60
f 1166//61 1167//62 1231//61
f 1167//62 1232//62 1231//61
f 1167//62 1168//63 1233//63
f 1167//62 1233//63 1232//62
f 1168//63 1169//64 1233//63
f 1169//64 1234//64 1233//63
f 1169//64 1170//65 1235//65
f 1169//64 1235//65 1234//64
f 1171//1 1172//2 1237//2
f 1171//1 1237//2 1236//1
f 1172//2 1173//3 1237//2
f 1173//3 1238//3 1237//2
f 1173//3 1174//4 1239//4
f 1173//3 1239//4 1238//3
f 1174//4 1175//5 1239//4
f 1175//5 1240//5 1239//4
f 1175//5 1176//6 1241//6
f 1175//5 1241//6 1240//5
f 1176//6 1177//7 1241//6
f 1177//7 1242//7 1241//6
f 1177//7 1178//8 1243//8
f 1177//7 1243//8 1242//7
f 1178//8 1179//9 1243//8
f 1179//9 1244//9 1243//8
f 1179//9 1180//10 1245//10
f 1179//9 1245//10 1244//9
f 1180//10 1181//11 1245//10
f 1181//11 1246//11 1245//10
f 1181//11 1182//12 1247//12
f 1181//11 1247//12 1246//11
f 1182//12 1183//13 1247//12
f 1183//13 1248//13 1247//12
f 1183//13 1184//14 1249//14
f 1183//13 1249//14 1248//13
f 1184//14 1185//15 1249//14
f 1185//15 1250//15 1249//14
f 1185//15 1186//16 1251//16
f 1185//15 1251//16 1250//15
f 1186//16 1187//17 1251//16
f 1187//17 1252//17 1251//16
f 1187//17 1188//18 1253//18
f 1187//17 1253//18 1252//17
f 1188//18 1189//19 1253//18
f 1189//19 1254//19 1253//18
f 1189//19 1190//20 1255//20
f 1189//19 1255//20 1254//19
f 1190//20 1191//21 1255//20
f 1191//21 1256//21 1255//20
f 1191//21 1192//22 1257//22
f 1191//21 1257//22 1256//21
f 1192//22 1193//23 1257//22
f 1193//23 1258//23 1257//22
f 1193//23 1194//24 1259//24
f 1193//23 1259//24 1258//23
f 1194//24 1195//25 1259//24
f 1195//25 1260//25 1259//24
f 1195//25 1196//26 1261//26
f 1195//25 1261//26 1260//25
f 1196//26 1197//27 1261//26
f 1197//27 1262//27 1261//26
f 1197//27 1198//28 1263//28
f 1197//27 1263//28 1262//27
f 1198//28 1199//29 1263//28
f 1199//29 1264//29 1263//28
f 1199//29 1200//30 1265//30
f 1199//29 1265//30 1264//29
f 1200//30 1201//31 1265//30
f 1201//31 1266//31 1265//30
f 1201//31 1202//32 1267//32
f 1201//31 1267//32 1266//31
f 1202//32 1203//33 1267//32
f 1203//33 1268//33 1267//32
f 1203//33 1204//34 1269//34
f 1203//33 1269//34 1268//33
f 1204//34 1205//35 1269//34
f 1205//35 1270//35 1269//34
f 1205//35 1206//36 1271//36
f 1205//35 1271//36 1270//35
f 1206//36 1207//37 1271//36
f 1207//37 1272//37 1271//36
f 1207//37 1208//38 1273//38
f 1207//37 1273//38 1272//37
f 1208//38 1209//39 1273//38
f 1209//39 1274//39 1273//38
f 1209//39 1210//40 1275//40
f 1209//39 1275//40 1274//39
f 1210//40 1211//41 1275//40
f 1211//41 1276//41 1275//40
f 1211//41 1212//42 1277//42
f 1211//41 1277//42 1276//41
f 1212//42 1213//43 1277//42
f 1213//43 1278//43 1277//42
f 1213//43 1214//44 1279//44
f 1213//43 1279//44 1278//43
f 1214//44 1215//45 1279//44
f 1215//45 1280//45 1279//44
f 1215//45 1216//46 1281//46
f 1215//45 1281//46 1280//45
f 1216//46 1217//47 1281//46
f 1217//47 1282//47 1281//46
f 1217//47 1218//48 1283//48
f 1217//47 1283//48 1282//47
f 1218//48 1219//49 1283//48
f 1219//49 1284//49 1283//48
f 1219//49 1220//50 1285//50
f 1219//49 1285//50 1284//49
f 1220//50 1221//51 1285//50
f 1221//51 1286//51 1285//50
f 1221//51 1222//52 1287//52
f 1221//51 1287//52 1286//51
f 1222//52 1223//53 1287//52
f 1223//53 1288//53 1287//52
f 1223//53 1224//54 1289//54
f 1223//53 1289//54 1288//53
f 1224//54 1225//55 1289//54
f 1225//55 1290//55 1289//54
f 1225//55 1226//56 1291//56
f 1225//55 1291//56 1290//55
f 1226//56 1227//57 1291//56
f 1227//57 1292//57 1291//56
f 1227//57 1228//58 1293//58
f 1227//57 1293//58 1292//57
f 1228//58 1229//59 1293//58
f 1229//59 1294//59 1293//58
f 1229//59 1230//60 1295//60
f 1229//59 1295//60 1294//59
f 1230//60 1231//61 1295//60
f 1231//61 1296//61 1295//60
f 1231//61 1232//62 1297//62
f 1231//61 1297//62 1296//61
f 1232//62 1233//63 1297//62
f 1233//63 1298//63 1297//62
f 1233//63 1234//64 1299//64
f 1233//63 1299//64 1298//63
f 1234//64 1235//65 1299//64
f 1235//65 1300//65 1299//64
f 1236//1 1237//2 1301//1
f 1237//2 1302//2 1301//1
f 1237//2 1238//3 1303//3
f 1237//2 1303//3 1302//2
f 1238//3 1239//4 1303//3
f 1239//4 1304//4 1303//3
f 1239//4 1240//5 1305//5
f 1239//4 1305//5 1304//4
f 1240//5 1241//6 1305//5
f 1241//6 1306//6 1305//5
f 1241//6 1242//7 1307//7
f 1241//6 1307//7 1306//6
f 1242//7 1243//8 1307//7
f 1243//8 1308//8 1307//7
f 1243//8 1244//9 1309//9
f 1243//8 1309//9 1308//8
f 1244//9 1245//10 1309//9
f 1245//10 1310//10 1309//9
f 1245//10 1246//11 1311//11
f 1245//10 1311//11 1310//10
f 1246//11 1247//12 1311//11
f 1247//12 1312//12 1311//11
f 1247//12 1248//13 1313//13
f 1247//12 1313//13 1312//12
f 1248//13 1249//14 1313//13
f 1249//14 1314//14 1313//13
f 1249//14 1250//15 1315//15
f 1249//14 1315//15 1314//14
f 1250//15 1251//16 1315//15
f 1251//16 1316//16 1315//15
f 1251//16 1252//17 1317//17
f 1251//16 1317//17 1316//16
f 1252//17 1253//18 1317//17
f 1253//18 1318//18 1317//17
f 1253//18 1254//19 1319//19
f 1253//18 1319//19 1318//18
f 1254//19 1255//20 1319//19
f 1255//20 1320//20 1319//19
f 1255//20 1256//21 1321//21
f 1255//20 1321//21 1320//20
f 1256//21 1257//22 1321//21
f 1257//22 1322//22 1321//21
f 1257//22 1258//23 1323//23
f 1257//22 1323//23 1322//22
f 1258//23 1259//24 1323//23
f 1259//24 1324//24 1323//23
f 1259//24 1260//25 1325//25
f 1259//24 1325//25 1324//24
f 1260//25 1261//26 1325//25
f 1261//26 1326//26 1325//25
f 1261//26 1262//27 1327//27
f 1261//26 1327//27 1326//26
f 1262//27 1263//28 1327//27
f 1263//28 1328//28 1327//27
f 1263//28 1264//29 1329//29
f 1263//28 1329//29 1328//28
f 1264//29 1265//30 1329//29
f 1265//30 1330//30 1329//29
f 1265//30 1266//31 1331//31
f 1265//30 1331//31 1330//30
f 1266//31 1267//32 1331//31
f 1267//32 1332//32 1331//31
f 1267//32 1268//33 1333//33
f 1267//32 1333//33 1332//32
f 1268//33 1269//34 1333//33
f 1269//34 1334//34 1333//33
f 1269//34 1270//35 1335//35
f 1269//34 1335//35 1334//34
f 1270//35 1271//36 1335//35
f 1271//36 1336//36 1335//35
f 1271//36 1272//37 1337//37
f 1271//36 1337//37 1336//36
f 1272//37 1273//38 1337//37
f 1273//38 1338//38 1337//37
f 1273//38 1274//39 1339//39
f 1273//38 1339//39 1338//38
f 1274//39 1275//40 1339//39
f 1275//40 1340//40 1339//39
f 1275//40 1276//41 1341//41
f 1275//40 1341//41 1340//40
f 1276//41 1277//42 1341//41
f 1277//42 1342//42 1341//41
f 1277//42 1278//43 1343//43
f 1277//42 1343//43 1342//42
f 1278//43 1279//44 1343//43
f 1279//44 1344//44 1343//43
f 1279//44 1280//45 1345//45
f 1279//44 1345//45 1344//44
f 1280//45 1281//46 1345//45
f 1281//46 1346//46 1345//45
f 1281//46 1282//47 1347//47
f 1281//46 1347//47 1346//46
f 1282//47 1283//48 1347//47
f 1283//48 1348//48 1347//47
f 1283//48 1284//49 1349//49
f 1283//48 1349//49 1348//48
f 1284//49 1285//50 1349//49
f 1285//50 1350//50 1349//49
f 1285//50 1286//51 1351//51
f 1285//50 1351//51 1350//50
f 1286//51 1287//52 1351//51
f 1287//52 1352//52 1351//51
f 1287//52 1288//53 1353//53
f 1287//52 1353//53 1352//52
f 1288//53 1289//54 1353//53
f 1289//54 1354//54 1353//53
f 1289//54 1290//55 1355//55
f 1289//54 1355//55 1354//54
f 1290//55 1291//56 1355//55
f 1291//56 1356//56 1355//55
f 1291//56 1292//57 1357//57
f 1291//56 1357//57 1356//56
f 1292//57 1293//58 1357//57
f 1293//58 1358//58 1357//57
f 1293//58 1294//59 1359//59
f 1293//58 1359//59 1358//58
f 1294//59 1295//60 1359//59
f 1295//60 1360//60 1359//59
f 1295//60 1296//61 1361//61
f 1295//60 1361//61 1360//60
f 1296//61 1297//62 1361//61
f 1297//62 1362//62 1361//61
f 1297//62 1298//63 1363//63
f 1297//62 1363//63 1362//62
f 1298//63 1299//64 1363//63
f 1299//64 1364//64 1363//63
f 1299//64 1300//65 1365//65
f 1299//64 1365//65 1364//64
f 1301//1 1302//2 1367//2
f 1301//1 1367//2 1366//1
f 1302//2 1303//3 1367//2
f 1303//3 1368//3 1367//2
f 1303//3 1304//4 1369//4
f 1303//3 1369//4 1368//3
f 1304//4 1305//5 1369//4
f 1305//5 1370//5 1369//4
f 1305//5 1306//6 1371//6
f 1305//5 1371//6 1370//5
f 1306//6 1307//7 1371//6
f 1307//7 1372//7 1371//6
f 1307//7 1308//8 1373//8
f 1307//7 1373//8 1372//7
f 1308//8 1309//9 1373//8
f 1309//9 1374//9 1373//8
f 1309//9 1310//10 1375//10
f 1309//9 1375//10 1374//9
f 1310//10 1311//11 1375//10
f 1311//11 1376//11 1375//10
f 1311//11 1312//12 1377//12
f 1311//11 1377//12 1376//11
f 1312//12 1313//13 1377//12
f 1313//13 1378//13 1377//12
f 1313//13 1314//14 1379//14
f 1313//13 1379//14 1378//13
f 1314//14 1315//15 1379//14
f 1315//15 1380//15 1379//14
f 1315//15 1316//16 1381//16
f 1315//15 1381//16 1380//15
f 1316//16 1317//17 1381//16
f 1317//17 1382//17 1381//16
f 1317//17 1318//18 1383//18
f 1317//17 1383//18 1382//17
f 1318//18 1319//19 1383//18
f 1319//19 1384//19 1383//18
f 1319//19 1320//20 1385//20
f 1319//19 1385//20 1384//19
f 1320//20 1321//21 1385//20
f 1321//21 1386//21 1385//20
f 1321//21 1322//22 1387//22
f 1321//21 1387//22 1386//21
f 1322//22 1323//23 1387//22
f 1323//23 1388//23 1387//22
f 1323//23 1324//24 1389//24
f 1323//23 1389//24 1388//23
f 1324//24 1325//25 1389//24
f 1325//25 1390//25 1389//24
f 1325//25 1326//26 1391//26
f 1325//25 1391//26 1390//25
f 1326//26 1327//27 1391//26
f 1327//27 1392//27 1391//26
f 1327//27 1328//28 1393//28
f 1327//27 1393//28 1392//27
f 1328//28 1329//29 1393//28
f 1329//29 1394//29 1393//28
f 1329//29 1330//30 1395//30
f 1329//29 1395//30 1394//29
f 1330//30 1331//31 1395//30
f 1331//31 1396//31 1395//30
f 1331//31 1332//32 1397//32
f 1331//31 1397//32 1396//31
f 1332//32 1333//33 1397//32
f 1333//33 1398//33 1397//32
f 1333//33 1334//34 1399//34
f 1333//33 1399//34 1398//33
f 1334//34 1335//35 1399//34
f 1335//35 1400//35 1399//34
f 1335//35 1336//36 1401//36
f 1335//35 1401//36 1400//35
f 1336//36 1337//37 1401//36
f 1337//37 1402//37 1401//36
f 1337//37 1338//38 1403//38
f 1337//37 1403//38 1402//37
f 1338//38 1339//39 1403//38
f 1339//39 1404//39 1403//38
f 1339//39 1340//40 1405//40
f 1339//39 1405//40 1404//39
f 1340//40 1341//41 1405//40
f 1341//41 1406//41 1405//40
f 1341//41 1342//42 1407//42
f 1341//41 1407//42 1406//41
f 1342//42 1343//43 1407//42
f 1343//43 1408//43 1407//42
f 1343//43 1344//44 1409//44
f 1343//43 1409//44 1408//43
f 1344//44 1345//45 1409//44
f 1345//45 1410//45 1409//44
f 1345//45 1346//46 1411//46
f 1345//45 1411//46 1410//45
f 1346//46 1347//47 1411//46
f 1347//47 1412//47 1411//46
f 1347//47 1348//48 1413//48
f 1347//47 1413//48 1412//47
f 1348//48 1349//49 1413//48
f 1349//49 1414//49 1413//48
f 1349//49 1350//50 1415//50
f 1349//49 1415//50 1414//49
f 1350//50 1351//51 1415//50
f 1351//51 1416//51 1415//50
f 1351//51 1352//52 1417//52
f 1351//51 1417//52 1416//51
f 1352//52 1353//53 1417//52
f 1353//53 1418//53 1417//52
f 1353//53 1354//54 1419//54
f 1353//53 1419//54 1418//53
f 1354//54 1355//55 1419//54
f 1355//55 1420//55 1419//54
f 1355//55 1356//56 1421//56
f 1355//55 1421//56 1420//55
f 1356//56 1357//57 1421//56
f 1357//57 1422//57 1421//56
f 1357//57 1358//58 1423//58
f 1357//57 1423//58 1422//57
f 1358//58 1359//59 1423//58
f 1359//59 1424//59 1423//58
f 1359//59 1360//60 1425//60
f 1359//59 1425//60 1424//59
f 1360//60 1361//61 1425//60
f 1361//61 1426//61 1425//60
f 1361//61 1362//62 1427//62
f 1361//61 1427//62 1426//61
f 1362//62 1363//63 1427//62
f 1363//63 1428//63 1427//62
f 1363//63 1364//64 1429//64
f 1363//63 1429//64 1428//63
f 1364//64 1365//65 1429//64
f 1365//65 1430//65 1429//64
f 1366//1 1367//2 1431//1
f 1367//2 1432//2 1431//1
f 1367//2 1368//3 1433//3
f 1367//2 1433//3 1432//2
f 1368//3 1369//4 1433//3
f 1369//4 1434//4 1433//3
f 1369//4 1370//5 1435//5
f 1369//4 1435//5 1434//4
f 1370//5 1371//6 1435//5
f 1371//6 1436//6 1435//5
f 1371//6 1372//7 1437//7
f 1371//6 1437//7 1436//6
f 1372//7 1373//8 1437//7
f 1373//8 1438//8 1437//7
f 1373//8 1374//9 1439//9
f 1373//8 1439//9 1438//8
f 1374//9 1375//10 1439//9
f 1375//10 1440//10 1439//9
f 1375//10 1376//11 1441//11
f 1375//10 1441//11 1440//10
f 1376//11 1377//12 1441//11
f 1377//12 1442//12 1441//11
f 1377//12 1378//13 1443//13
f 1377//12 1443//13 1442//12
f 1378//13 1379//14 1443//13
f 1379//14 1444//14 1443//13
f 1379//14 1380//15 1445//15
f 1379//14 1445//15 1444//14
f 1380//15 1381//16 1445//15
f 1381//16 1446//16 1445//15
f 1381//16 1382//17 1447//17
f 1381//16 1447//17 1446//16
f 1382//17 1383//18 1447//17
f 1383//18 1448//18 1447//17
f 1383//18 1384//19 1449//19
f 1383//18 1449//19 1448//18
f 1384//19 1385//20 1449//19
f 1385//20 1450//20 1449//19
f 1385//20 1386//21 1451//21
f 1385//20 1451//21 1450//20
f 1386//21 1387//22 1451//21
f 1387//22 1452//22 1451//21
f 1387//22 1388//23 1453//23
f 1387//22 1453//23 1452//22
f 1388//23 1389//24 1453//23
f 1389//24 1454//24 1453//23
f 1389//24 1390//25 1455//25
f 1389//24 1455//25 1454//24
f 1390//25 1391//26 1455//25
f 1391//26 1456//26 1455//25
f 1391//26 1392//27 1457//27
f 1391//26 1457//27 1456//26
f 1392//27 1393//28 1457//27
f 1393//28 1458//28 1457//27
f 1393//28 1394//29 1459//29
f 1393//28 1459//29 1458//28
f 1394//29 1395//30 1459//29
f 1395//30 1460//30 1459//29
f 1395//30 1396//31 1461//31
f 1395//30 1461//31 1460//30
f 1396//31 1397//32 1461//31
f 1397//32 1462//32 1461//31
f 1397//32 1398//33 1463//33
f 1397//32 1463//33 1462//32
f 1398//33 1399//34 1463//33
f 1399//34 1464//34 1463//33
f 1399//34 1400//35 1465//35
f 1399//34 1465//35 1464//34
f 1400//35 1401//36 1465//35
f 1401//36 1466//36 1465//35
f 1401//36 1402//37 1467//37
f 1401//36 1467//37 1466//36
f 1402//37 1403//38 1467//37
f 1403//38 1468//38 1467//37
f 1403//38 1404//39 1469//39
f 1403//38 1469//39 1468//38
f 1404//39 1405//40 1469//39
f 1405//40 1470//40 1469//39
f 1405//40 1406//41 1471//41
f 1405//40 1471//41 1470//40
f 1406//41 1407//42 1471//41
f 1407//42 1472//42 1471//41
f 1407//42 1408//43 1473//43
f 1407//42 1473//43 1472//42
f 1408//43 1409//44 1473//43
f 1409//44 1474//44 1473//43
f 1409//44 1410//45 1475//45
f 1409//44 1475//45 1474//44
f 1410//45 1411//46 1475//45
f 1411//46 1476//46 1475//45
f 1411//46 1412//47 1477//47
f 1411//46 1477//47 1476//46
f 1412//47 1413//48 1477//47
f 1413//48 1478//48 1477//47
f 1413//48 1414//49 1479//49
f 1413//48 1479//49 1478//48
f 1414//49 1415//50 1479//49
f 1415//50 1480//50 1479//49
f 1415//50 1416//51 1481//51
f 1415//50 1481//51 1480//50
f 1416//51 1417//52 1481//51
f 1417//52 1482//52 1481//51
f 1417//52 1418//53 1483//53
f 1417//52 1483//53 1482//52
f 1418//53 1419//54 1483//53
f 1419//54 1484//54 1483//53
f 1419//54 1420//55 1485//55
f 1419//54 1485//55 1484//54
f 1420//55 1421//56 1485//55
f 1421//56 1486//56 1485//55
f 1421//56 1422//57 1487//57
f 1421//56 1487//57 1486//56
f 1422//57 1423//58 1487//57
f 1423//58 1488//58 1487//57
f 1423//58 1424//59 1489//59
f 1423//58 1489//59 1488//58
f 1424//59 1425//60 1489//59
f 1425//60 1490//60 1489//59
f 1425//60 1426//61 1491//61
f 1425//60 1491//61 1490//60
f 1426//61 1427//62 1491//61
f 1427//62 1492//62 1491//61
f 1427//62 1428//63 1493//63
f 1427//62 1493//63 1492//62
f 1428//63 1429//64 1493//63
f 1429//64 1494//64 1493//63
f 1429//64 1430//65 1495//65
f 1429//64 1495//65 1494//64
f 1431//1 1432//2 1497//2
f 1431//1 1497//2 1496//1
f 1432//2 1433//3 1497//2
f 1433//3 1498//3 1497//2
f 1433//3 1434//4 1499//4
f 1433//3 1499//4 1498//3
f 1434//4 1435//5 1499//4
f 1435//5 1500//5 1499//4
f 1435//5 1436//6 1501//6
f 1435//5 1501//6 1500//5
f 1436//6 1437//7 1501//6
f 1437//7 1502//7 1501//6
f 1437//7 1438//8 1503//8
f 1437//7 1503//8 1502//7
f 1438//8 1439//9 1503//8
f 1439//9 1504//9 1503//8
f 1439//9 1440//10 1505//10
f 1439//9 1505//10 1504//9
f 1440//10 1441//11 1505//10
f 1441//11 1506//11 1505//10
f 1441//11 1442//12 1507//12
f 1441//11 1507//12 1506//11
f 1442//12 1443//13 1507//12
f 1443//13 1508//13 1507//12
f 1443//13 1444//14 1509//14
f 1443//13 1509//14 1508//13
f 1444//14 1445//15 1509//14
f 1445//15 1510//15 1509//14
f 1445//15 1446//16 1511//16
f 1445//15 1511//16 1510//15
f 1446//16 1447//17 1511//16
f 1447//17 1512//17 1511//16
f 1447//17 1448//18 1513//18
f 1447//17 1513//18 1512//17
f 1448//18 1449//19 1513//18
f 1449//19 1514//19 1513//18
f 1449//19 1450//20 1515//20
f 1449//19 1515//20 1514//19
f 1450//20 1451//21 1515//20
f 1451//21 1516//21 1515//20
f 1451//21 1452//22 1517//22
f 1451//21 1517//22 1516//21
f 1452//22 1453//23 1517//22
f 1453//23 1518//23 1517//22
f 1453//23 1454//24 1519//24
f 1453//23 1519//24 1518//23
f 1454//24 1455//25 1519//24
f 1455//25 1520//25 1519//24
f 1455//25 1456//26 1521//26
f 1455//25 1521//26 1520//25
f 1456//26 1457//27 1521//26
f 1457//27 1522//27 1521//26
f 1457//27 1458//28 1523//28
f 1457//27 1523//28 1522//27
f 1458//28 1459//29 1523//28
f 1459//29 1524//29 1523//28
f 1459//29 1460//30 1525//30
f 1459//29 1525//30 1524//29
f 1460//30 1461//31 1525//30
f 1461//31 1526//31 1525//30
f 1461//31 1462//32 1527//32
f 1461//31 1527//32 1526//31
f 1462//32 1463//33 1527//32
f 1463//33 1528//33 1527//32
f 1463//33 1464//34 1529//34
f 1463//33 1529//34 1528//33
f 1464//34 1465//35 1529//34
f 1465//35 1530//35 1529//34
f 1465//35 1466//36 1531//36
f 1465//35 1531//36 1530//35
f 1466//36 1467//37 1531//36
f 1467//37 1532//37 1531//36
f 1467//37 1468//38 1533//38
f 1467//37 1533//38 1532//37
f 1468//38 1469//39 1533//38
f 1469//39 1534//39 1533//38
f 1469//39 1470//40 1535//40
f 1469//39 1535//40 1534//39
f 1470//40 1471//41 1535//40
f 1471//41 1536//41 1535//40
f 1471//41 1472//42 1537//42
f 1471//41 1537//42 1536//41
f 1472//42 1473//43 1537//42
f 1473//43 1538//43 1537//42
f 1473//43 1474//44 1539//44
f 1473//43 1539//44 1538//43
f 1474//44 1475//45 1539//44
f 1475//45 1540//45 1539//44
f 1475//45 1476//46 1541//46
f 1475//45 1541//46 1540//45
f 1476//46 1477//47 1541//46
f 1477//47 1542//47 1541//46
f 1477//47 1478//48 1543//48
f 1477//47 1543//48 1542//47
f 1478//48 1479//49 1543//48
f 1479//49 1544//49 1543//48
f 1479//49 1480//50 1545//50
f 1479//49 1545//50 1544//49
f 1480//50 1481//51 1545//50
f 1481//51 1546//51 1545//50
f 1481//51 1482//52 1547//52
f 1481//51 1547//52 1546//51
f 1482//52 1483//53 1547//52
f 1483//53 1548//53 1547//52
f 1483//53 1484//54 1549//54
f 1483//53 1549//54 1548//53
f 1484//54 1485//55 1549//54
f 1485//55 1550//55 1549//54
f 1485//55 1486//56 1551//56
f 1485//55 1551//56 1550//55
f 1486//56 1487//57 1551//56
f 1487//57 1552//57 1551//56
f 1487//57 1488//58 1553//58
f 1487//57 1553//58 1552//57
f 1488//58 1489//59 1553//58
f 1489//59 1554//59 1553//58
f 1489//59 1490//60 1555//60
f 1489//59 1555//60 1554//59
f 1490//60 1491//61 1555//60
f 1491//61 1556//61 1555//60
f 1491//61 1492//62 1557//62
f 1491//61 1557//62 1556//61
f 1492//62 1493//63 1557//62
f 1493//63 1558//63 1557//62
f 1493//63 1494//64 1559//64
f 1493//63 1559//64 1558//63
f 1494//64 1495//65 1559//64
f 1495//65 1560//65 1559//64
f 1496//1 1497//2 1561//1
f 1497//2 1562//2 1561//1
f 1497//2 1498//3 1563//3
f 1497//2 1563//3 1562//2
f 1498//3 1499//4 1563//3
f 1499//4 1564//4 1563//3
f 1499//4 1500//5 1565//5
f 1499//4 1565//5 1564//4
f 1500//5 1501//6 1565//5
f 1501//6 1566//6 1565//5
f 1501//6 1502//7 1567//7
f 1501//6 1567//7 1566//6
f 1502//7 1503//8 1567//7
f 1503//8 1568//8 1567//7
f 1503//8 1504//9 1569//9
f 1503//8 1569//9 1568//8
f 1504//9 1505//10 1569//9
f 1505//10 1570//10 1569//9
f 1505//10 1506//11 1571//11
f 1505//10 1571//11 1570//10
f 1506//11 1507//12 1571//11
f 1507//12 1572//12 1571//11
f 1507//12 1508//13 1573//13
f 1507//12 1573//13 1572//12
f 1508//13 1509//14 1573//13
f 1509//14 1574//14 1573//13
f 1509//14 1510//15 1575//15
f 1509//14 1575//15 1574//14
f 1510//15 1511//16 1575//15
f 1511//16 1576//16 1575//15
f 1511//16 1512//17 1577//17
f 1511//16 1577//17 1576//16
f 1512//17 1513//18 1577//17
f 1513//18 1578//18 1577//17
f 1513//18 1514//19 1579//19
f 1513//18 1579//19 1578//18
f 1514//19 1515//20 1579//19
f 1515//20 1580//20 1579//19
f 1515//20 1516//21 1581//21
f 1515//20 1581//21 1580//20
f 1516//21 1517//22 1581//21
f 1517//22 1582//22 1581//21
f 1517//22 1518//23 1583//23
f 1517//22 1583//23 1582//22
f 1518//23 1519//24 1583//23
f 1519//24 1584//24 1583//23
f 1519//24 1520//25 1585//25
f 1519//24 1585//25 1584//24
f 1520//25 1521//26 1585//25
f 1521//26 1586//26 1585//25
f 1521//26 1522//27 1587//27
f 1521//26 1587//27 1586//26
f 1522//27 1523//28 1587//27
f 1523//28 1588//28 1587//27
f 1523//28 1524//29 1589//29
f 1523//28 1589//29 1588//28
f 1524//29 1525//30 1589//29
f 1525//30 1590//30 1589//29
f 1525//30 1526//31 1591//31
f 1525//30 1591//31 1590//30
f 1526//31 1527//32 1591//31
f 1527//32 1592//32 1591//31
f 1527//32 1528//33 1593//33
f 1527//32 1593//33 1592//32
f 1528//33 1529//34 1593//33
f 1529//34 1594//34 1593//33
f 1529//34 1530//35 1595//35
f 1529//34 1595//35 1594//34
f 1530//35 1531//36 1595//35
f 1531//36 1596//36 1595//35
f 1531//36 1532//37 1597//37
f 1531//36 1597//37 1596//36
f 1532//37 1533//38 1597//37
f 1533//38 1598//38 1597//37
f 1533//38 1534//39 1599//39
f 1533//38 1599//39 1598//38
f 1534//39 1535//40 1599//39
f 1535//40 1600//40 1599//39
f 1535//40 1536//41 1601//41
f 1535//40 1601//41 1600//40
f 1536//41 1537//42 1601//41
f 1537//42 1602//42 1601//41
f 1537//42 1538//43 1603//43
f 1537//42 1603//43 1602//42
f 1538//43 1539//44 1603//43
f 1539//44 1604//44 1603//43
f 1539//44 1540//45 1605//45
f 1539//44 1605//45 1604//44
f 1540//45 1541//46 1605//45
f 1541//46 1606//46 1605//45
f 1541//46 1542//47 1607//47
f 1541//46 1607//47 1606//46
f 1542//47 1543//48 1607//47
f 1543//48 1608//48 1607//47
f 1543//48 1544//49 1609//49
f 1543//48 1609//49 1608//48
f 1544//49 1545//50 1609//49
f 1545//50 1610//50 1609//49
f 1545//50 1546//51 1611//51
f 1545//50 1611//51 1610//50
f 1546//51 1547//52 1611//51
f 1547//52 1612//52 1611//51
f 1547//52 1548//53 1613//53
f 1547//52 1613//53 1612//52
f 1548//53 1549//54 1613//53
f 1549//54 1614//54 1613//53
f 1549//54 1550//55 1615//55
f 1549//54 1615//55 1614//54
f 1550//55 1551//56 1615//55
f 1551//56 1616//56 1615//55
f 1551//56 1552//57 1617//57
f 1551//56 1617//57 1616//56
f 1552//57 1553//58 1617//57
f 1553//58 1618//58 1617//57
f 1553//58 1554//59 1619//59
f 1553//58 1619//59 1618//58
f 1554//59 1555//60 1619//59
f 1555//60 1620//60 1619//59
f 1555//60 1556//61 1621//61
f 1555//60 1621//61 1620//60
f 1556//61 1557//62 1621//61
f 1557//62 1622//62 1621//61
f 1557//62 1558//63 1623//63
f 1557//62 1623//63 1622//62
f 1558//63 1559//64 1623//63
f 1559//64 1624//64 1623//63
f 1559//64 1560//65 1625//65
f 1559//64 1625//65 1624//64
f 1561//1 1562//2 1627//2
f 1561//1 1627//2 1626//1
f 1562//2 1563//3 1627//2
f 1563//3 1628//3 1627//2
f 1563//3 1564//4 1629//4
f 1563//3 1629//4 1628//3
f 1564//4 1565//5 1629//4
f 1565//5 1630//5 1629//4
f 1565//5 1566//6 1631//6
f 1565//5 1631//6 1630//5
f 1566//6 1567//7 1631//6
f 1567//7 1632//7 1631//6
f 1567//7 1568//8 1633//8
f 1567//7 1633//8 1632//7
f 1568//8 1569//9 1633//8
f 1569//9 1634//9 1633//8
f 1569//9 1570//10 1635//10
f 1569//9 1635//10 1634//9
f 1570//10 1571//11 1635//10
f 1571//11 1636//11 1635//10
f 1571//11 1572//12 1637//12
f 1571//11 1637//12 1636//11
f 1572//12 1573//13 1637//12
f 1573//13 1638//13 1637//12
f 1573//13 1574//14 1639//14
f 1573//13 1639//14 1638//13
f 1574//14 1575//15 1639//14
f 1575//15 1640//15 1639//14
f 1575//15 1576//16 1641//16
f 1575//15 1641//16 1640//15
f 1576//16 1577//17 1641//16
f 1577//17 1642//17 1641//16
f 1577//17 1578//18 1643//18
f 1577//17 1643//18 1642//17
f 1578//18 1579//19 1643//18
f 1579//19 1644//19 1643//18
f 1579//19 1580//20 1645//20
f 1579//19 1645//20 1644//19
f 1580//20 1581//21 1645//20
f 1581//21 1646//21 1645//20
f 1581//21 1582//22 1647//22
f 1581//21 1647//22 1646//21
f 1582//22 1583//23 1647//22
f 1583//23 1648//23 1647//22
f 1583//23 1584//24 1649//24
f 1583//23 1649//24 1648//23
f 1584//24 1585//25 1649//24
f 1585//25 1650//25 1649//24
f 1585//25 1586//26 1651//26
f 1585//25 1651//26 1650//25
f 1586//26 1587//27 1651//26
f 1587//27 1652//27 1651//26
f 1587//27 1588//28 1653//28
f 1587//27 1653//28 1652//27
f 1588//28 1589//29 1653//28
f 1589//29 1654//29 1653//28
f 1589//29 1590//30 1655//30
f 1589//29 1655//30 1654//29
f 1590//30 1591//31 1655//30
f 1591//31 1656//31 1655//30
f 1591//31 1592//32 1657//32
f 1591//31 1657//32 1656//31
f 1592//32 1593//33 1657//32
f 1593//33 1658//33 1657//32
f 1593//33 1594//34 1659//34
f 1593//33 1659//34 1658//33
f 1594//34 1595//35 1659//34
f 1595//35 1660//35 1659//34
f 1595//35 1596//36 1661//36
f 1595//35 1661//36 1660//35
f 1596//36 1597//37 1661//36
f 1597//37 1662//37 1661//36
f 1597//37 1598//38 1663//38
f 1597//37 1663//38 1662//37
f 1598//38 1599//39 1663//38
f 1599//39 1664//39 1663//38
f 1599//39 1600//40 1665//40
f 1599//39 1665//40 1664//39
f 1600//40 1601//41 1665//40
f 1601//41 1666//41 1665//40
f 1601//41 1602//42 1667//42
f 1601//41 1667//42 1666//41
f 1602//42 1603//43 1667//42
f 1603//43 1668//43 1667//42
f 1603//43 1604//44 1669//44
f 1603//43 1669//44 1668//43
f 1604//44 1605//45 1669//44
f 1605//45 1670//45 1669//44
f 1605//45 1606//46 1671//46
f 1605//45 1671//46 1670//45
f 1606//46 1607//47 1671//46
f 1607//47 1672//47 1671//46
f 1607//47 1608//48 1673//48
f 1607//47 1673//48 1672//47
f 1608//48 1609//49 1673//48
f 1609//49 1674//49 1673//48
f 1609//49 1610//50 1675//50
f 1609//49 1675//50 1674//49
f 1610//50 1611//51 1675//50
f 1611//51 1676//51 1675//50
f 1611//51 1612//52 1677//52
f 1611//51 1677//52 1676//51
f 1612//52 1613//53 1677//52
f 1613//53 1678//53 1677//52
f 1613//53 1614//54 1679//54
f 1613//53 1679//54 1678//53
f 1614//54 1615//55 1679//54
f 1615//55 1680//55 1679//54
f 1615//55 1616//56 1681//56
f 1615//55 1681//56 1680//55
f 1616//56 1617//57 1681//56
f 1617//57 1682//57 1681//56
f 1617//57 1618//58 1683//58
f 1617//57 1683//58 1682//57
f 1618//58 1619//59 1683//58
f 1619//59 1684//59 1683//58
f 1619//59 1620//60 1685//60
f 1619//59 1685//60 1684//59
f 1620//60 1621//61 1685//60
f 1621//61 1686//61 1685//60
f 1621//61 1622//62 1687//62
f 1621//61 1687//62 1686//61
f 1622//62 1623//63 1687//62
f 1623//63 1688//63 1687//62
f 1623//63 1624//64 1689//64
f 1623//63 1689//64 1688//63
f 1624//64 1625//65 1689//64
f 1625//65 1690//65 1689//64
f 1626//1 1627//2 1691//1
f 1627//2 1692//2 1691//1
f 1627//2 1628//3 1693//3
f 1627//2 1693//3 1692//2
f 1628//3 1629//4 1693//3
f 1629//4 1694//4 1693//3
f 1629//4 1630//5 1695//5
f 1629//4 1695//5 1694//4
f 1630//5 1631//6 1695//5
f 1631//6 1696//6 1695//5
f 1631//6 1632//7 1697//7
f 1631//6 1697//7 1696//6
f 1632//7 1633//8 1697//7
f 1633//8 1698//8 1697//7
f 1633//8 1634//9 1699//9
f 1633//8 1699//9 1698//8
f 1634//9 1635//10 1699//9
f 1635//10 1700//10 1699//9
f 1635//10 1636//11 1701//11
f 1635//10 1701//11 1700//10
f 1636//11 1637//12 1701//11
f 1637//12 1702//12 1701//11
f 1637//12 1638//13 1703//13
f 1637//12 1703//13 1702//12
f 1638//13 1639//14 1703//13
f 1639//14 1704//14 1703//13
f 1639//14 1640//15 1705//15
f 1639//14 1705//15 1704//14
f 1640//15 1641//16 1705//15
f 1641//16 1706//16 1705//15
f 1641//16 1642//17 1707//17
f 1641//16 1707//17 1706//16
f 1642//17 1643//18 1707//17
f 1643//18 1708//18 1707//17
f 1643//18 1644//19 1709//19
f 1643//18 1709//19 1708//18
f 1644//19 1645//20 1709//19
f 1645//20 1710//20 1709//19
f 1645//20 1646//21 1711//21
f 1645//20 1711//21 1710//20
f 1646//21 1647//22 1711//21
f 1647//22 1712//22 1711//21
f 1647//22 1648//23 1713//23
f 1647//22 1713//23 1712//22
f 1648//23 1649//24 1713//23
f 1649//24 1714//24 1713//23
f 1649//24 1650//25 1715//25
f 1649//24 1715//25 1714//24
f 1650//25 1651//26 1715//25
f 1651//26 1716//26 1715//25
f 1651//26 1652//27 1717//27
f 1651//26 1717//27 1716//26
f 1652//27 1653//28 1717//27
f 1653//28 1718//28 1717//27
f 1653//28 1654//29 1719//29
f 1653//28 1719//29 1718//28
f 1654//29 1655//30 1719//29
f 1655//30 1720//30 1719//29
f 1655//30 1656//31 1721//31
f 1655//30 1721//31 1720//30
f 1656//31 1657//32 1721//31
f 1657//32 1722//32 1721//31
f 1657//32 1658//33 1723//33
f 1657//32 1723//33 1722//32
f 1658//33 1659//34 1723//33
f 1659//34 1724//34 1723//33
f 1659//34 1660//35 1725//35
f 1659//34 1725//35 1724//34
f 1660//35 1661//36 1725//35
f 1661//36 1726//36 1725//35
f 1661//36 1662//37 1727//37
f 1661//36 1727//37 1726//36
f 1662//37 1663//38 1727//37
f 1663//38 1728//38 1727//37
f 1663//38 1664//39 1729//39
f 1663//38 1729//39 1728//38
f 1664//39 1665//40 1729//39
f 1665//40 1730//40 1729//39
f 1665//40 1666//41 1731//41
f 1665//40 1731//41 1730//40
f 1666//41 1667//42 1731//41
f 1667//42 1732//42 1731//41
f 1667//42 1668//43 1733//43
f 1667//42 1733//43 1732//42
f 1668//43 1669//44 1733//43
f 1669//44 1734//44 1733//43
f 1669//44 1670//45 1735//45
f 1669//44 1735//45 1734//44
f 1670//45 1671//46 1735//45
f 1671//46 1736//46 1735//45
f 1671//46 1672//47 1737//47
f 1671//46 1737//47 1736//46
f 1672//47 1673//48 1737//47
f 1673//48 1738//48 1737//47
f 1673//48 1674//49 1739//49
f 1673//48 1739//49 1738//48
f 1674//49 1675//50 1739//49
f 1675//50 1740//50 1739//49
f 1675//50 1676//51 1741//51
f 1675//50 1741//51 1740//50
f 1676//51 1677//52 1741//51
f 1677//52 1742//52 1741//51
f 1677//52 1678//53 1743//53
f 1677//52 1743//53 1742//52
f 1678//53 1679//54 1743//53
f 1679//54 1744//54 1743//53
f 1679//54 1680//55 1745//55
f 1679//54 1745//55 1744//54
f 1680//55 1681//56 1745//55
f 1681//56 1746//56 1745//55
f 1681//56 1682//57 1747//57
f 1681//56 1747//57 1746//56
f 1682//57 1683//58 1747//57
f 1683//58 1748//58 1747//57
f 1683//58 1684//59 1749//59
f 1683//58 1749//59 1748//58
f 1684//59 1685//60 1749//59
f 1685//60 1750//60 1749//59
f 1685//60 1686//61 1751//61
f 1685//60 1751//61 1750//60
f 1686//61 1687//62 1751//61
f 1687//62 1752//62 1751//61
f 1687//62 1688//63 1753//63
f 1687//62 1753//63 1752//62
f 1688//63 1689//64 1753//63
f 1689//64 1754//64 1753//63
f 1689//64 1690//65 1755//65
f 1689//64 1755//65 1754//64
f 1691//1 1692//2 1757//2
f 1691//1 1757//2 1756//1
f 1692//2 1693//3 1757//2
f 1693//3 1758//3 1757//2
f 1693//3 1694//4 1759//4
f 1693//3 1759//4 1758//3
f 1694//4 1695//5 1759//4
f 1695//5 1760//5 1759//4
f 1695//5 1696//6 1761//6
f 1695//5 1761//6 1760//5
f 1696//6 1697//7 1761//6
f 1697//7 1762//7 1761//6
f 1697//7 1698//8 1763//8
f 1697//7 1763//8 1762//7
f 1698//8 1699//9 1763//8
f 1699//9 1764//9 1763//8
f 1699//9 1700//10 1765//10
f 1699//9 1765//10 1764//9
f 1700//10 1701//11 1765//10
f 1701//11 1766//11 1765//10
f 1701//11 1702//12 1767//12
f 1701//11 1767//12 1766//11
f 1702//12 1703//13 1767//12
f 1703//13 1768//13 1767//12
f 1703//13 1704//14 1769//14
f 1703//13 1769//14 1768//13
f 1704//14 1705//15 1769//14
f 1705//15 1770//15 1769//14
f 1705//15 1706//16 1771//16
f 1705//15 1771//16 1770//15
f 1706//16 1707//17 1771//16
f 1707//17 1772//17 1771//16
f 1707//17 1708//18 1773//18
f 1707//17 1773//18 1772//17
f 1708//18 1709//19 1773//18
f 1709//19 1774//19 1773//18
f 1709//19 1710//20 1775//20
f 1709//19 1775//20 1774//19
f 1710//20 1711//21 1775//20
f 1711//21 1776//21 1775//20
f 1711//21 1712//22 1777//22
f 1711//21 1777//22 1776//21
f 1712//22 1713//23 1777//22
f 1713//23 1778//23 1777//22
f 1713//23 1714//24 1779//24
f 1713//23 1779//24 1778//23
f 1714//24 1715//25 1779//24
f 1715//25 1780//25 1779//24
f 1715//25 1716//26 1781//26
f 1715//25 1781//26 1780//25
f 1716//26 1717//27 1781//26
f 1717//27 1782//27 1781//26
f 1717//27 1718//28 1783//28
f 1717//27 1783//28 1782//27
f 1718//28 1719//29 1783//28
f 1719//29 1784//29 1783//28
f 1719//29 1720//30 1785//30
f 1719//29 1785//30 1784//29
f 1720//30 1721//31 1785//30
f 1721//31 1786//31 1785//30
f 1721//31 1722//32 1787//32
f 1721//31 1787//32 1786//31
f 1722//32 1723//33 1787//32
f 1723//33 1788//33 1787//32
f 1723//33 1724//34 1789//34
f 1723//33 1789//34 1788//33
f 1724//34 1725//35 1789//34
f 1725//35 1790//35 1789//34
f 1725//35 1726//36 1791//36
f 1725//35 1791//36 1790//35
f 1726//36 1727//37 1791//36
f 1727//37 1792//37 1791//36
f 1727//37 1728//38 1793//38
f 1727//37 1793//38 1792//37
f 1728//38 1729//39 1793//38
f 1729//39 1794//39 1793//38
f 1729//39 1730//40 1795//40
f 1729//39 1795//40 1794//39
f 1730//40 1731//41 1795//40
f 1731//41 1796//41 1795//40
f 1731//41 1732//42 1797//42
f 1731//41 1797//42 1796//41
f 1732//42 1733//43 1797//42
f 1733//43 1798//43 1797//42
f 1733//43 1734//44 1799//44
f 1733//43 1799//44 1798//43
f 1734//44 1735//45 1799//44
f 1735//45 1800//45 1799//44
f 1735//45 1736//46 1801//46
f 1735//45 1801//46 1800//45
f 1736//46 1737//47 1801//46
f 1737//47 1802//47 1801//46
f 1737//47 1738//48 1803//48
f 1737//47 1803//48 1802//47
f 1738//48 1739//49 1803//48
f 1739//49 1804//49 1803//48
f 1739//49 1740//50 1805//50
f 1739//49 1805//50 1804//49
f 1740//50 1741//51 1805//50
f 1741//51 1806//51 1805//50
f 1741//51 1742//52 1807//52
f 1741//51 1807//52 1806//51
f 1742//52 1743//53 1807//52
f 1743//53 1808//53 1807//52
f 1743//53 1744//54 1809//54
f 1743//53 1809//54 1808//53
f 1744//54 1745//55 1809//54
f 1745//55 1810//55 1809//54
f 1745//55 1746//56 1811//56
f 1745//55 1811//56 1810//55
f 1746//56 1747//57 1811//56
f 1747//57 1812//57 1811//56
f 1747//57 1748//58 1813//58
f 1747//57 1813//58 1812//57
f 1748//58 1749//59 1813//58
f 1749//59 1814//59 1813//58
f 1749//59 1750//60 1815//60
f 1749//59 1815//60 1814//59
f 1750//60 1751//61 1815//60
f 1751//61 1816//61 1815//60
f 1751//61 1752//62 1817//62
f 1751//61 1817//62 1816//61
f 1752//62 1753//63 1817//62
f 1753//63 1818//63 1817//62
f 1753//63 1754//64 1819//64
f 1753//63 1819//64 1818//63
f 1754//64 1755//65 1819//64
f 1755//65 1820//65 1819//64
f 1756//1 1757//2 1821//1
f 1757//2 1822//2 1821//1
f 1757//2 1758//3 1823//3
f 1757//2 1823//3 1822//2
f 1758//3 1759//4 1823//3
f 1759//4 1824//4 1823//3
f 1759//4 1760//5 1825//5
f 1759//4 1825//5 1824//4
f 1760//5 1761//6 1825//5
f 1761//6 1826//6 1825//5
f 1761//6 1762//7 1827//7
f 1761//6 1827//7 1826//6
f 1762//7 1763//8 1827//7
f 1763//8 1828//8 1827//7
f 1763//8 1764//9 1829//9
f 1763//8 1829//9 1828//8
f 1764//9 1765//10 1829//9
f 1765//10 1830//10 1829//9
f 1765//10 1766//11 1831//11
f 1765//10 1831//11 1830//10
f 1766//11 1767//12 1831//11
f 1767//12 1832//12 1831//11
f 1767//12 1768//13 1833//13
f 1767//12 1833//13 1832//12
f 1768//13 1769//14 1833//13
f 1769//14 1834//14 1833//13
f 1769//14 1770//15 1835//15
f 1769//14 1835//15 1834//14
f 1770//15 1771//16 1835//15
f 1771//16 1836//16 1835//15
f 1771//16 1772//17 1837//17
f 1771//16 1837//17 1836//16
f 1772//17 1773//18 1837//17
f 1773//18 1838//18 1837//17
f 1773//18 1774//19 1839//19
f 1773//18 1839//19 1838//18
f 1774//19 1775//20 1839//19
f 1775//20 1840//20 1839//19
f 1775//20 1776//21 1841//21
f 1775//20 1841//21 1840//20
f 1776//21 1777//22 1841//21
f 1777//22 1842//22 1841//21
f 1777//22 1778//23 1843//23
f 1777//22 1843//23 1842//22
f 1778//23 1779//24 1843//23
f 1779//24 1844//24 1843//23
f 1779//24 1780//25 1845//25
f 1779//24 1845//25 1844//24
f 1780//25 1781//26 1845//25
f 1781//26 1846//26 1845//25
f 1781//26 1782//27 1847//27
f 1781//26 1847//27 1846//26
f 1782//27 1783//28 1847//27
f 1783//28 1848//28 1847//27
f 1783//28 1784//29 1849//29
f 1783//28 1849//29 1848//28
f 1784//29 1785//30 1849//29
f 1785//30 1850//30 1849//29
f 1785//30 1786//31 1851//31
f 1785//30 1851//31 1850//30
f 1786//31 1787//32 1851//31
f 1787//32 1852//32 1851//31
f 1787//32 1788//33 1853//33
f 1787//32 1853//33 1852//32
f 1788//33 1789//34 1853//33
f 1789//34 1854//34 1853//33
f 1789//34 1790//35 1855//35
f 1789//34 1855//35 1854//34
f 1790//35 1791//36 1855//35
f 1791//36 1856//36 1855//35
f 1791//36 1792//37 1857//37
f 1791//36 1857//37 1856//36
f 1792//37 1793//38 1857//37
f 1793//38 1858//38 1857//37
f 1793//38 1794//39 1859//39
f 1793//38 1859//39 1858//38
f 1794//39 1795//40 1859//39
f 1795//40 1860//40 1859//39
f 1795//40 1796//41 1861//41
f 1795//40 1861//41 1860//40
f 1796//41 1797//42 1861//41
f 1797//42 1862//42 1861//41
f 1797//42 1798//43 1863//43
f 1797//42 1863//43 1862//42
f 1798//43 1799//44 1863//43
f 1799//44 1864//44 1863//43
f 1799//44 1800//45 1865//45
f 1799//44 1865//45 1864//44
f 1800//45 1801//46 1865//45
f 1801//46 1866//46 1865//45
f 1801//46 1802//47 1867//47
f 1801//46 1867//47 1866//46
f 1802//47 1803//48 1867//47
f 1803//48 1868//48 1867//47
f 1803//48 1804//49 1869//49
f 1803//48 1869//49 1868//48
f 1804//49 1805//50 1869//49
f 1805//50 1870//50 1869//49
f 1805//50 1806//51 1871//51
f 1805//50 1871//51 1870//50
f 1806//51 1807//52 1871//51
f 1807//52 1872//52 1871//51
f 1807//52 1808//53 1873//53
f 1807//52 1873//53 1872//52
f 1808//53 1809//54 1873//53
f 1809//54 1874//54 1873//53
f 1809//54 1810//55 1875//55
f 1809//54 1875//55 1874//54
f 1810//55 1811//56 1875//55
f 1811//56 1876//56 1875//55
f 1811//56 1812//57 1877//57
f 1811//56 1877//57 1876//56
f 1812//57 1813//58 1877//57
f 1813//58 1878//58 1877//57
f 1813//58 1814//59 1879//59
f 1813//58 1879//59 1878//58
f 1814//59 1815//60 1879//59
f 1815//60 1880//60 1879//59
f 1815//60 1816//61 1881//61
f 1815//60 1881//61 1880//60
f 1816//61 1817//62 1881//61
f 1817//62 1882//62 1881//61
f 1817//62 1818//63 1883//63
f 1817//62 1883//63 1882//62
f 1818//63 1819//64 1883//63
f 1819//64 1884//64 1883//63
f 1819//64 1820//65 1885//65
f 1819//64 1885//65 1884//64
f 1821//1 1822//2 1887//2
f 1821//1 1887//2 1886//1
f 1822//2 1823//3 1887//2
f 1823//3 1888//3 1887//2
f 1823//3 1824//4 1889//4
f 1823//3 1889//4 1888//3
f 1824//4 1825//5 1889//4
f 1825//5 1890//5 1889//4
f 1825//5 1826//6 1891//6
f 1825//5 1891//6 1890//5
f 1826//6 1827//7 1891//6
f 1827//7 1892//7 1891//6
f 1827//7 1828//8 1893//8
f 1827//7 1893//8 1892//7
f 1828//8 1829//9 1893//8
f 1829//9 1894//9 1893//8
f 1829//9 1830//10 1895//10
f 1829//9 1895//10 1894//9
f 1830//10 1831//11 1895//10
f 1831//11 1896//11 1895//10
f 1831//11 1832//12 1897//12
f 1831//11 1897//12 1896//11
f 1832//12 1833//13 1897//12
f 1833//13 1898//13 1897//12
f 1833//13 1834//14 1899//14
f 1833//13 1899//14 1898//13
f 1834//14 1835//15 1899//14
f 1835//15 1900//15 1899//14
f 1835//15 1836//16 1901//16
f 1835//15 1901//16 1900//15
f 1836//16 1837//17 1901//16
f 1837//17 1902//17 1901//16
f 1837//17 1838//18 1903//18
f 1837//17 1903//18 1902//17
f 1838//18 1839//19 1903//18
f 1839//19 1904//19 1903//18
f 1839//19 1840//20 1905//20
f 1839//19 1905//20 1904//19
f 1840//20 1841//21 1905//20
f 1841//21 1906//21 1905//20
f 1841//21 1842//22 1907//22
f 1841//21 1907//22 1906//21
f 1842//22 1843//23 1907//22
f 1843//23 1908//23 1907//22
f 1843//23 1844//24 1909//24
f 1843//23 1909//24 1908//23
f 1844//24 1845//25 1909//24
f 1845//25 1910//25 1909//24
f 1845//25 1846//26 1911//26
f 1845//25 1911//26 1910//25
f 1846//26 1847//27 1911//26
f 1847//27 1912//27 1911//26
f 1847//27 1848//28 1913//28
f 1847//27 1913//28 1912//27
f 1848//28 1849//29 1913//28
f 1849//29 1914//29 1913//28
f 1849//29 1850//30 1915//30
f 1849//29 1915//30 1914//29
f 1850//30 1851//31 1915//30
f 1851//31 1916//31 1915//30
f 1851//31 1852//32 1917//32
f 1851//31 1917//32 1916//31
f 1852//32 1853//33 1917//32
f 1853//33 1918//33 1917//32
f 1853//33 1854//34 1919//34
f 1853//33 1919//34 1918//33
f 1854//34 1855//35 1919//34
f 1855//35 1920//35 1919//34
f 1855//35 1856//36 1921//36
f 1855//35 1921//36 1920//35
f 1856//36 1857//37 1921//36
f 1857//37 1922//37 1921//36
f 1857//37 1858//38 1923//38
f 1857//37 1923//38 1922//37
f 1858//38 1859//39 1923//38
f 1859//39 1924//39 1923//38
f 1859//39 1860//40 1925//40
f 1859//39 1925//40 1924//39
f 1860//40 1861//41 1925//40
f 1861//41 1926//41 1925//40
f 1861//41 1862//42 1927//42
f 1861//41 1927//42 1926//41
f 1862//42 1863//43 1927//42
f 1863//43 1928//43 1927//42
f 1863//43 1864//44 1929//44
f 1863//43 1929//44 1928//43
f 1864//44 1865//45 1929//44
f 1865//45 1930//45 1929//44
f 1865//45 1866//46 1931//46
f 1865//45 1931//46 1930//45
f 1866//46 1867//47 1931//46
f 1867//47 1932//47 1931//46
f 1867//47 1868//48 1933//48
f 1867//47 1933//48 1932//47
f 1868//48 1869//49 1933//48
f 1869//49 1934//49 1933//48
f 1869//49 1870//50 1935//50
f 1869//49 1935//50 1934//49
f 1870//50 1871//51 1935//50
f 1871//51 1936//51 1935//50
f 1871//51 1872//52 1937//52
f 1871//51 1937//52 1936//51
f 1872//52 1873//53 1937//52
f 1873//53 1938//53 1937//52
f 1873//53 1874//54 1939//54
f 1873//53 1939//54 1938//53
f 1874//54 1875//55 1939//54
f 1875//55 1940//55 1939//54
f 1875//55 1876//56 1941//56
f 1875//55 1941//56 1940//55
f 1876//56 1877//57 1941//56
f 1877//57 1942//57 1941//56
f 1877//57 1878//58 1943//58
f 1877//57 1943//58 1942//57
f 1878//58 1879//59 1943//58
f 1879//59 1944//59 1943//58
f 1879//59 1880//60 1945//60
f 1879//59 1945//60 1944//59
f 1880//60 1881//61 1945//60
f 1881//61 1946//61 1945//60
f 1881//61 1882//62 1947//62
f 1881//61 1947//62 1946//61
f 1882//62 1883//63 1947//62
f 1883//63 1948//63 1947//62
f 1883//63 1884//64 1949//64
f 1883//63 1949//64 1948//63
f 1884//64 1885//65 1949//64
f 1885//65 1950//65 1949//64
f 1886//1 1887//2 1951//1
f 1887//2 1952//2 1951//1
f 1887//2 1888//3 1953//3
f 1887//2 1953//3 1952//2
f 1888//3 1889//4 1953//3
f 1889//4 1954//4 1953//3
f 1889//4 1890//5 1955//5
f 1889//4 1955//5 1954//4
f 1890//5 1891//6 1955//5
f 1891//6 1956//6 1955//5
f 1891//6 1892//7 1957//7
f 1891//6 1957//7 1956//6
f 1892//7 1893//8 1957//7
f 1893//8 1958//8 1957//7
f 1893//8 1894//9 1959//9
f 1893//8 1959//9 1958//8
f 1894//9 1895//10 1959//9
f 1895//10 1960//10 1959//9
f 1895//10 1896//11 1961//11
f 1895//10 1961//11 1960//10
f 1896//11 1897//12 1961//11
f 1897//12 1962//12 1961//11
f 1897//12 1898//13 1963//13
f 1897//12 1963//13 1962//12
f 1898//13 1899//14 1963//13
f 1899//14 1964//14 1963//13
f 1899//14 1900//15 1965//15
f 1899//14 1965//15 1964//14
f 1900//15 1901//16 1965//15
f 1901//16 1966//16 1965//15
f 1901//16 1902//17 1967//17
f 1901//16 1967//17 1966//16
f 1902//17 1903//18 1967//17
f 1903//18 1968//18 1967//17
f 1903//18 1904//19 1969//19
f 1903//18 1969//19 1968//18
f 1904//19 1905//20 1969//19
f 1905//20 1970//20 1969//19
f 1905//20 1906//21 1971//21
f 1905//20 1971//21 1970//20
f 1906//21 1907//22 1971//21
f 1907//22 1972//22 1971//21
f 1907//22 1908//23 1973//23
f 1907//22 1973//23 1972//22
f 1908//23 1909//24 1973//23
f 1909//24 1974//24 1973//23
f 1909//24 1910//25 1975//25
f 1909//24 1975//25 1974//24
f 1910//25 1911//26 1975//25
f 1911//26 1976//26 1975//25
f 1911//26 1912//27 1977//27
f 1911//26 1977//27 1976//26
f 1912//27 1913//28 1977//27
f 1913//28 1978//28 1977//27
f 1913//28 1914//29 1979//29
f 1913//28 1979//29 1978//28
f 1914//29 1915//30 1979//29
f 1915//30 1980//30 1979//29
f 1915//30 1916//31 1981//31
f 1915//30 1981//31 1980//30
f 1916//31 1917//32 1981//31
f 1917//32 1982//32 1981//31
f 1917//32 1918//33 1983//33
f 1917//32 1983//33 1982//32
f 1918//33 1919//34 1983//33
f 1919//34 1984//34 1983//33
f 1919//34 1920//35 1985//35
f 1919//34 1985//35 1984//34
f 1920//35 1921//36 1985//35
f 1921//36 1986//36 1985//35
f 1921//36 1922//37 1987//37
f 1921//36 1987//37 1986//36
f 1922//37 1923//38 1987//37
f 1923//38 1988//38 1987//37
f 1923//38 1924//39 1989//39
f 1923//38 1989//39 1988//38
f 1924//39 1925//40 1989//39
f 1925//40 1990//40 1989//39
f 1925//40 1926//41 1991//41
f 1925//40 1991//41 1990//40
f 1926//41 1927//42 1991//41
f 1927//42 1992//42 1991//41
f 1927//42 1928//43 1993//43
f 1927//42 1993//43 1992//42
f 1928//43 1929//44 1993//43
f 1929//44 1994//44 1993//43
f 1929//44 1930//45 1995//45
f 1929//44 1995//45 1994//44
f 1930//45 1931//46 1995//45
f 1931//46 1996//46 1995//45
f 1931//46 1932//47 1997//47
f 1931//46 1997//47 1996//46
f 1932//47 1933//48 1997//47
f 1933//48 1998//48 1997//47
f 1933//48 1934//49 1999//49
f 1933//48 1999//49 1998//48
f 1934//49 1935//50 1999//49
f 1935//50 2000//50 1999//49
f 1935//50 1936//51 2001//51
f 1935//50 2001//51 2000//50
f 1936//51 1937//52 2001//51
f 1937//52 2002//52 2001//51
f 1937//52 1938//53 2003//53
f 1937//52 2003//53 2002//52
f 1938//53 1939//54 2003//53
f 1939//54 2004//54 2003//53
f 1939//54 1940//55 2005//55
f 1939//54 2005//55 2004//54
f 1940//55 1941//56 2005//55
f 1941//56 2006//56 2005//55
f 1941//56 1942//57 2007//57
f 1941//56 2007//57 2006//56
f 1942//57 1943//58 2007//57
f 1943//58 2008//58 2007//57
f 1943//58 1944//59 2009//59
f 1943//58 2009//59 2008//58
f 1944//59 1945//60 2009//59
f 1945//60 2010//60 2009//59
f 1945//60 1946//61 2011//61
f 1945//60 2011//61 2010//60
f 1946//61 1947//62 2011//61
f 1947//62 2012//62 2011//61
f 1947//62 1948//63 2013//63
f 1947//62 2013//63 2012//62
f 1948//63 1949//64 2013//63
f 1949//64 2014//64 2013//63
f 1949//64 1950//65 2015//65
f 1949//64 2015//65 2014//64
f 1951//1 1952//2 2017//2
f 1951//1 2017//2 2016//1
f 1952//2 1953//3 2017//2
f 1953//3 2018//3 2017//2
f 1953//3 1954//4 2019//4
f 1953//3 2019//4 2018//3
f 1954//4 1955//5 2019//4
f 1955//5 2020//5 2019//4
f 1955//5 1956//6 2021//6
f 1955//5 2021//6 2020//5
f 1956//6 1957//7 2021//6
f 1957//7 2022//7 2021//6
f 1957//7 1958//8 2023//8
f 1957//7 2023//8 2022//7
f 1958//8 1959//9 2023//8
f 1959//9 2024//9 2023//8
f 1959//9 1960//10 2025//10
f 1959//9 2025//10 2024//9
f 1960//10 1961//11 2025//10
f 1961//11 2026//11 2025//10
f 1961//11 1962//12 2027//12
f 1961//11 2027//12 2026//11
f 1962//12 1963//13 2027//12
f 1963//13 2028//13 2027//12
f 1963//13 1964//14 2029//14
f 1963//13 2029//14 2028//13
f 1964//14 1965//15 2029//14
f 1965//15 2030//15 2029//14
f 1965//15 1966//16 2031//16
f 1965//15 2031//16 2030//15
f 1966//16 1967//17 2031//16
f 1967//17 2032//17 2031//16
f 1967//17 1968//18 2033//18
f 1967//17 2033//18 2032//17
f 1968//18 1969//19 2033//18
f 1969//19 2034//19 2033//18
f 1969//19 1970//20 2035//20
f 1969//19 2035//20 2034//19
f 1970//20 1971//21 2035//20
f 1971//21 2036//21 2035//20
f 1971//21 1972//22 2037//22
f 1971//21 2037//22 2036//21
f 1972//22 1973//23 2037//22
f 1973//23 2038//23 2037//22
f 1973//23 1974//24 2039//24
f 1973//23 2039//24 2038//23
f 1974//24 1975//25 2039//24
f 1975//25 2040//25 2039//24
f 1975//25 1976//26 2041//26
f 1975//25 2041//26 2040//25
f 1976//26 1977//27 2041//26
f 1977//27 2042//27 2041//26
f 1977//27 1978//28 2043//28
f 1977//27 2043//28 2042//27
f 1978//28 1979//29 2043//28
f 1979//29 2044//29 2043//28
f 1979//29 1980//30 2045//30
f 1979//29 2045//30 2044//29
f 1980//30 1981//31 2045//30
f 1981//31 2046//31 2045//30
f 1981//31 1982//32 2047//32
f 1981//31 2047//32 2046//31
f 1982//32 1983//33 2047//32
f 1983//33 2048//33 2047//32
f 1983//33 1984//34 2049//34
f 1983//33 2049//34 2048//33
f 1984//34 1985//35 2049//34
f 1985//35 2050//35 2049//34
f 1985//35 1986//36 2051//36
f 1985//35 2051//36 2050//35
f 1986//36 1987//37 2051//36
f 1987//37 2052//37 2051//36
f 1987//37 1988//38 2053//38
f 1987//37 2053//38 2052//37
f 1988//38 1989//39 2053//38
f 1989//39 2054//39 2053//38
f 1989//39 1990//40 2055//40
f 1989//39 2055//40 2054//39
f 1990//40 1991//41 2055//40
f 1991//41 2056//41 2055//40
f 1991//41 1992//42 2057//42
f 1991//41 2057//42 2056//41
f 1992//42 1993//43 2057//42
f 1993//43 2058//43 2057//42
f 1993//43 1994//44 2059//44
f 1993//43 2059//44 2058//43
f 1994//44 1995//45 2059//44
f 1995//45 2060//45 2059//44
f 1995//45 1996//46 2061//46
f 1995//45 2061//46 2060//45
f 1996//46 1997//47 2061//46
f 1997//47 2062//47 2061//46
f 1997//47 1998//48 2063//48
f 1997//47 2063//48 2062//47
f 1998//48 1999//49 2063//48
f 1999//49 2064//49 2063//48
f 1999//49 2000//50 2065//50
f 1999//49 2065//50 2064//49
f 2000//50 2001//51 2065//50
f 2001//51 2066//51 2065//50
f 2001//51 2002//52 2067//52
f 2001//51 2067//52 2066//51
f 2002//52 2003//53 2067//52
f 2003//53 2068//53 2067//52
f 2003//53 2004//54 2069//54
f 2003//53 2069//54 2068//53
f 2004//54 2005//55 2069//54
f 2005//55 2070//55 2069//54
f 2005//55 2006//56 2071//56
f 2005//55 2071//56 2070//55
f 2006//56 2007//57 2071//56
f 2007//57 2072//57 2071//56
f 2007//57 2008//58 2073//58
f 2007//57 2073//58 2072//57
f 2008//58 2009//59 2073//58
f 2009//59 2074//59 2073//58
f 2009//59 2010//60 2075//60
f 2009//59 2075//60 2074//59
f 2010//60 2011//61 2075//60
f 2011//61 2076//61 2075//60
f 2011//61 2012//62 2077//62
f 2011//61 2077//62 2076//61
f 2012//62 2013//63 2077//62
f 2013//63 2078//63 2077//62
f 2013//63 2014//64 2079//64
f 2013//63 2079//64 2078//63
f 2014//64 2015//65 2079//64
f 2015//65 2080//65 2079//64
f 2016//1 2017//2 2081//1
f 2017//2 2082//2 2081//1
f 2017//2 2018//3 2083//3
f 2017//2 2083//3 2082//2
f 2018//3 2019//4 2083//3
f 2019//4 2084//4 2083//3
f 2019//4 2020//5 2085//5
f 2019//4 2085//5 2084//4
f 2020//5 2021//6 2085//5
f 2021//6 2086//6 2085//5
f 2021//6 2022//7 2087//7
f 2021//6 2087//7 2086//6
f 2022//7 2023//8 2087//7
f 2023//8 2088//8 2087//7
f 2023//8 2024//9 2089//9
f 2023//8 2089//9 2088//8
f 2024//9 2025//10 2089//9
f 2025//10 2090//10 2089//9
f 2025//10 2026//11 2091//11
f 2025//10 2091//11 2090//10
f 2026//11 2027//12 2091//11
f 2027//12 2092//12 2091//11
f 2027//12 2028//13 2093//13
f 2027//12 2093//13 2092//12
f 2028//13 2029//14 2093//13
f 2029//14 2094//14 2093//13
f 2029//14 2030//15 2095//15
f 2029//14 2095//15 2094//14
f 2030//15 2031//16 2095//15
f 2031//16 2096//16 2095//15
f 2031//16 2032//17 2097//17
f 2031//16 2097//17 2096//16
f 2032//17 2033//18 2097//17
f 2033//18 2098//18 2097//17
f 2033//18 2034//19 2099//19
f 2033//18 2099//19 2098//18
f 2034//19 2035//20 2099//19
f 2035//20 2100//20 2099//19
f 2035//20 2036//21 2101//21
f 2035//20 2101//21 2100//20
f 2036//21 2037//22 2101//21
f 2037//22 2102//22 2101//21
f 2037//22 2038//23 2103//23
f 2037//22 2103//23 2102//22
f 2038//23 2039//24 2103//23
f 2039//24 2104//24 2103//23
f 2039//24 2040//25 2105//25
f 2039//24 2105//25 2104//24
f 2040//25 2041//26 2105//25
f 2041//26 2106//26 2105//25
f 2041//26 2042//27 2107//27
f 2041//26 2107//27 2106//26
f 2042//27 2043//28 2107//27
f 2043//28 2108//28 2107//27
f 2043//28 2044//29 2109//29
f 2043//28 2109//29 2108//28
f 2044//29 2045//30 2109//29
f 2045//30 2110//30 2109//29
f 2045//30 2046//31 2111//31
f 2045//30 2111//31 2110//30
f 2046//31 2047//32 2111//31
f 2047//32 2112//32 2111//31
f 2047//32 2048//33 2113//33
f 2047//32 2113//33 2112//32
f 2048//33 2049//34 2113//33
f 2049//34 2114//34 2113//33
f 2049//34 2050//35 2115//35
f 2049//34 2115//35 2114//34
f 2050//35 2051//36 2115//35
f 2051//36 2116//36 2115//35
f 2051//36 2052//37 2117//37
f 2051//36 2117//37 2116//36
f 2052//37 2053//38 2117//37
f 2053//38 2118//38 2117//37
f 2053//38 2054//39 2119//39
f 2053//38 2119//39 2118//38
f 2054//39 2055//40 2119//39
f 2055//40 2120//40 2119//39
f 2055//40 2056//41 2121//41
f 2055//40 2121//41 2120//40
f 2056//41 2057//42 2121//41
f 2057//42 2122//42 2121//41
f 2057//42 2058//43 2123//43
f 2057//42 2123//43 2122//42
f 2058//43 2059//44 2123//43
f 2059//44 2124//44 2123//43
f 2059//44 2060//45 2125//45
f 2059//44 2125//45 2124//44
f 2060//45 2061//46 2125//45
f 2061//46 2126//46 2125//45
f 2061//46 2062//47 2127//47
f 2061//46 2127//47 2126//46
f 2062//47 2063//48 2127//47
f 2063//48 2128//48 2127//47
f 2063//48 2064//49 2129//49
f 2063//48 2129//49 2128//48
f 2064//49 2065//50 2129//49
f 2065//50 2130//50 2129//49
f 2065//50 2066//51 2131//51
f 2065//50 2131//51 2130//50
f 2066//51 2067//52 2131//51
f 2067//52 2132//52 2131//51
f 2067//52 2068//53 2133//53
f 2067//52 2133//53 2132//52
f 2068//53 2069//54 2133//53
f 2069//54 2134//54 2133//53
f 2069//54 2070//55 2135//55
f 2069//54 2135//55 2134//54
f 2070//55 2071//56 2135//55
f 2071//56 2136//56 2135//55
f 2071//56 2072//57 2137//57
f 2071//56 2137//57 2136//56
f 2072//57 2073//58 2137//57
f 2073//58 2138//58 2137//57
f 2073//58 2074//59 2139//59
f 2073//58 2139//59 2138//58
f 2074//59 2075//60 2139//59
f 2075//60 2140//60 2139//59
f 2075//60 2076//61 2141//61
f 2075//60 2141//61 2140//60
f 2076//61 2077//62 2141//61
f 2077//62 2142//62 2141//61
f 2077//62 2078//63 2143//63
f 2077//62 2143//63 2142//62
f 2078//63 2079//64 2143//63
f 2079//64 2144//64 2143//63
f 2079//64 2080//65 2145//65
f 2079//64 2145//65 2144//64
f 2081//1 2082//2 2147//2
f 2081//1 2147//2 2146//1
f 2082//2 2083//3 2147//2
f 2083//3 2148//3 2147//2
f 2083//3 2084//4 2149//4
f 2083//3 2149//4 2148//3
f 2084//4 2085//5 2149//4
f 2085//5 2150//5 2149//4
f 2085//5 2086//6 2151//6
f 2085//5 2151//6 2150//5
f 2086//6 2087//7 2151//6
f 2087//7 2152//7 2151//6
f 2087//7 2088//8 2153//8
f 2087//7 2153//8 2152//7
f 2088//8 2089//9 2153//8
f 2089//9 2154//9 2153//8
f 2089//9 2090//10 2155//10
f 2089//9 2155//10 2154//9
f 2090//10 2091//11 2155//10
f 2091//11 2156//11 2155//10
f 2091//11 2092//12 2157//12
f 2091//11 2157//12 2156//11
f 2092//12 2093//13 2157//12
f 2093//13 2158//13 2157//12
f 2093//13 2094//14 2159//14
f 2093//13 2159//14 2158//13
f 2094//14 2095//15 2159//14
f 2095//15 2160//15 2159//14
f 2095//15 2096//16 2161//16
f 2095//15 2161//16 2160//15
f 2096//16 2097//17 2161//16
f 2097//17 2162//17 2161//16
f 2097//17 2098//18 2163//18
f 2097//17 2163//18 2162//17
f 2098//18 2099//19 2163//18
f 2099//19 2164//19 2163//18
f 2099//19 2100//20 2165//20
f 2099//19 2165//20 2164//19
f 2100//20 2101//21 2165//20
f 2101//21 2166//21 2165//20
f 2101//21 2102//22 2167//22
f 2101//21 2167//22 2166//21
f 2102//22 2103//23 2167//22
f 2103//23 2168//23 2167//22
f 2103//23 2104//24 2169//24
f 2103//23 2169//24 2168//23
f 2104//24 2105//25 2169//24
f 2105//25 2170//25 2169//24
f 2105//25 2106//26 2171//26
f 2105//25 2171//26 2170//25
f 2106//26 2107//27 2171//26
f 2107//27 2172//27 2171//26
f 2107//27 2108//28 2173//28
f 2107//27 2173//28 2172//27
f 2108//28 2109//29 2173//28
f 2109//29 2174//29 2173//28
f 2109//29 2110//30 2175//30
f 2109//29 2175//30 2174//29
f 2110//30 2111//31 2175//30
f 2111//31 2176//31 2175//30
f 2111//31 2112//32 2177//32
f 2111//31 2177//32 2176//31
f 2112//32 2113//33 2177//32
f 2113//33 2178//33 2177//32
f 2113//33 2114//34 2179//34
f 2113//33 2179//34 2178//33
f 2114//34 2115//35 2179//34
f 2115//35 2180//35 2179//34
f 2115//35 2116//36 2181//36
f 2115//35 2181//36 2180//35
f 2116//36 2117//37 2181//36
f 2117//37 2182//37 2181//36
f 2117//37 2118//38 2183//38
f 2117//37 2183//38 2182//37
f 2118//38 2119//39 2183//38
f 2119//39 2184//39 2183//38
f 2119//39 2120//40 2185//40
f 2119//39 2185//40 2184//39
f 2120//40 2121//41 2185//40
f 2121//41 2186//41 2185//40
f 2121//41 2122//42 2187//42
f 2121//41 2187//42 2186//41
f 2122//42 2123//43 2187//42
f 2123//43 2188//43 2187//42
f 2123//43 2124//44 2189//44
f 2123//43 2189//44 2188//43
f 2124//44 2125//45 2189//44
f 2125//45 2190//45 2189//44
f 2125//45 2126//46 2191//46
f 2125//45 2191//46 2190//45
f 2126//46 2127//47 2191//46
f 2127//47 2192//47 2191//46
f 2127//47 2128//48 2193//48
f 2127//47 2193//48 2192//47
f 2128//48 2129//49 2193//48
f 2129//49 2194//49 2193//48
f 2129//49 2130//50 2195//50
f 2129//49 2195//50 2194//49
f 2130//50 2131//51 2195//50
f 2131//51 2196//51 2195//50
f 2131//51 2132//52 2197//52
f 2131//51 2197//52 2196//51
f 2132//52 2133//53 2197//52
f 2133//53 2198//53 2197//52
f 2133//53 2134//54 2199//54
f 2133//53 2199//54 2198//53
f 2134//54 2135//55 2199//54
f 2135//55 2200//55 2199//54
f 2135//55 2136//56 2201//56
f 2135//55 2201//56 2200//55
f 2136//56 2137//57 2201//56
f 2137//57 2202//57 2201//56
f 2137//57 2138//58 2203//58
f 2137//57 2203//58 2202//57
f 2138//58 2139//59 2203//58
f 2139//59 2204//59 2203//58
f 2139//59 2140//60 2205//60
f 2139//59 2205//60 2204//59
f 2140//60 2141//61 2205//60
f 2141//61 2206//61 2205//60
f 2141//61 2142//62 2207//62
f 2141//61 2207//62 2206//61
f 2142//62 2143//63 2207//62
f 2143//63 2208//63 2207//62
f 2143//63 2144//64 2209//64
f 2143//63 2209//64 2208//63
f 2144//64 2145//65 2209//64
f 2145//65 2210//65 2209//64
f 2146//1 2147//2 2211//1
f 2147//2 2212//2 2211//1
f 2147//2 2148//3 2213//3
f 2147//2 2213//3 2212//2
f 2148//3 2149//4 2213//3
f 2149//4 2214//4 2213//3
f 2149//4 2150//5 2215//5
f 2149//4 2215//5 2214//4
f 2150//5 2151//6 2215//5
f 2151//6 2216//6 2215//5
f 2151//6 2152//7 2217//7
f 2151//6 2217//7 2216//6
f 2152//7 2153//8 2217//7
f 2153//8 2218//8 2217//7
f 2153//8 2154//9 2219//9
f 2153//8 2219//9 2218//8
f 2154//9 2155//10 2219//9
f 2155//10 2220//10 2219//9
f 2155//10 2156//11 2221//11
f 2155//10 2221//11 2220//10
f 2156//11 2157//12 2221//11
f 2157//12 2222//12 2221//11
f 2157//12 2158//13 2223//13
f 2157//12 2223//13 2222//12
f 2158//13 2159//14 2223//13
f 2159//14 2224//14 2223//13
f 2159//14 2160//15 2225//15
f 2159//14 2225//15 2224//14
f 2160//15 2161//16 2225//15
f 2161//16 2226//16 2225//15
f 2161//16 2162//17 2227//17
f 2161//16 2227//17 2226//16
f 2162//17 2163//18 2227//17
f 2163//18 2228//18 2227//17
f 2163//18 2164//19 2229//19
f 2163//18 2229//19 2228//18
f 2164//19 2165//20 2229//19
f 2165//20 2230//20 2229//19
f 2165//20 2166//21 2231//21
f 2165//20 2231//21 2230//20
f 2166//21 2167//22 2231//21
f 2167//22 2232//22 2231//21
f 2167//22 2168//23 2233//23
f 2167//22 2233//23 2232//22
f 2168//23 2169//24 2233//23
f 2169//24 2234//24 2233//23
f 2169//24 2170//25 2235//25
f 2169//24 2235//25 2234//24
f 2170//25 2171//26 2235//25
f 2171//26 2236//26 2235//25
f 2171//26 2172//27 2237//27
f 2171//26 2237//27 2236//26
f 2172//27 2173//28 2237//27
f 2173//28 2238//28 2237//27
f 2173//28 2174//29 2239//29
f 2173//28 2239//29 2238//28
f 2174//29 2175//30 2239//29
f 2175//30 2240//30 2239//29
f 2175//30 2176//31 2241//31
f 2175//30 2241//31 2240//30
f 2176//31 2177//32 2241//31
f 2177//32 2242//32 2241//31
f 2177//32 2178//33 2243//33
f 2177//32 2243//33 2242//32
f 2178//33 2179//34 2243//33
f 2179//34 2244//34 2243//33
f 2179//34 2180//35 2245//35
f 2179//34 2245//35 2244//34
f 2180//35 2181//36 2245//35
f 2181//36 2246//36 2245//35
f 2181//36 2182//37 2247//37
f 2181//36 2247//37 2246//36
f 2182//37 2183//38 2247//37
f 2183//38 2248//38 2247//37
f 2183//38 2184//39 2249//39
f 2183//38 2249//39 2248//38
f 2184//39 2185//40 2249//39
f 2185//40 2250//40 2249//39
f 2185//40 2186//41 2251//41
f 2185//40 2251//41 2250//40
f 2186//41 2187//42 2251//41
f 2187//42 2252//42 2251//41
f 2187//42 2188//43 2253//43
f 2187//42 2253//43 2252//42
f 2188//43 2189//44 2253//43
f 2189//44 2254//44 2253//43
f 2189//44 2190//45 2255//45
f 2189//44 2255//45 2254//44
f 2190//45 2191//46 2255//45
f 2191//46 2256//46 2255//45
f 2191//46 2192//47 2257//47
f 2191//46 2257//47 2256//46
f 2192//47 2193//48 2257//47
f 2193//48 2258//48 2257//47
f 2193//48 2194//49 2259//49
f 2193//48 2259//49 2258//48
f 2194//49 2195//50 2259//49
f 2195//50 2260//50 2259//49
f 2195//50 2196//51 2261//51
f 2195//50 2261//51 2260//50
f 2196//51 2197//52 2261//51
f 2197//52 2262//52 2261//51
f 2197//52 2198//53 2263//53
f 2197//52 2263//53 2262//52
f 2198//53 2199//54 2263//53
f 2199//54 2264//54 2263//53
f 2199//54 2200//55 2265//55
f 2199//54 2265//55 2264//54
f 2200//55 2201//56 2265//55
f 2201//56 2266//56 2265//55
f 2201//56 2202//57 2267//57
f 2201//56 2267//57 2266//56
f 2202//57 2203//58 2267//57
f 2203//58 2268//58 2267//57
f 2203//58 2204//59 2269//59
f 2203//58 2269//59 2268//58
f 2204//59 2205//60 2269//59
f 2205//60 2270//60 2269//59
f 2205//60 2206//61 2271//61
f 2205//60 2271//61 2270//60
f 2206//61 2207//62 2271//61
f 2207//62 2272//62 2271//61
f 2207//62 2208//63 2273//63
f 2207//62 2273//63 2272//62
f 2208//63 2209//64 2273//63
f 2209//64 2274//64 2273//63
f 2209//64 2210//65 2275//65
f 2209//64 2275//65 2274//64
f 2211//1 2212//2 2277//2
f 2211//1 2277//2 2276//1
f 2212//2 2213//3 2277//2
f 2213//3 2278//3 2277//2
f 2213//3 2214//4 2279//4
f 2213//3 2279//4 2278//3
f 2214//4 2215//5 2279//4
f 2215//5 2280//5 2279//4
f 2215//5 2216//6 2281//6
f 2215//5 2281//6 2280//5
f 2216//6 2217//7 2281//6
f 2217//7 2282//7 2281//6
f 2217//7 2218//8 2283//8
f 2217//7 2283//8 2282//7
f 2218//8 2219//9 2283//8
f 2219//9 2284//9 2283//8
f 2219//9 2220//10 2285//10
f 2219//9 2285//10 2284//9
f 2220//10 2221//11 2285//10
f 2221//11 2286//11 2285//10
f 2221//11 2222//12 2287//12
f 2221//11 2287//12 2286//11
f 2222//12 2223//13 2287//12
f 2223//13 2288//13 2287//12
f 2223//13 2224//14 2289//14
f 2223//13 2289//14 2288//13
f 2224//14 2225//15 2289//14
f 2225//15 2290//15 2289//14
f 2225//15 2226//16 2291//16
f 2225//15 2291//16 2290//15
f 2226//16 2227//17 2291//16
f 2227//17 2292//17 2291//16
f 2227//17 2228//18 2293//18
f 2227//17 2293//18 2292//17
f 2228//18 2229//19 2293//18
f 2229//19 2294//19 2293//18
f 2229//19 2230//20 2295//20
f 2229//19 2295//20 2294//19
f 2230//20 2231//21 2295//20
f 2231//21 2296//21 2295//20
f 2231//21 2232//22 2297//22
f 2231//21 2297//22 2296//21
f 2232//22 2233//23 2297//22
f 2233//23 2298//23 2297//22
f 2233//23 2234//24 2299//24
f 2233//23 2299//24 2298//23
f 2234//24 2235//25 2299//24
f 2235//25 2300//25 2299//24
f 2235//25 2236//26 2301//26
f 2235//25 2301//26 2300//25
f 2236//26 2237//27 2301//26
f 2237//27 2302//27 2301//26
f 2237//27 2238//28 2303//28
f 2237//27 2303//28 2302//27
f 2238//28 2239//29 2303//28
f 2239//29 2304//29 2303//28
f 2239//29 2240//30 2305//30
f 2239//29 2305//30 2304//29
f 2240//30 2241//31 2305//30
f 2241//31 2306//31 2305//30
f 2241//31 2242//32 2307//32
f 2241//31 2307//32 2306//31
f 2242//32 2243//33 2307//32
f 2243//33 2308//33 2307//32
f 2243//33 2244//34 2309//34
f 2243//33 2309//34 2308//33
f 2244//34 2245//35 2309//34
f 2245//35 2310//35 2309//34
f 2245//35 2246//36 2311//36
f 2245//35 2311//36 2310//35
f 2246//36 2247//37 2311//36
f 2247//37 2312//37 2311//36
f 2247//37 2248//38 2313//38
f 2247//37 2313//38 2312//37
f 2248//38 2249//39 2313//38
f 2249//39 2314//39 2313//38
f 2249//39 2250//40 2315//40
f 2249//39 2315//40 2314//39
f 2250//40 2251//41 2315//40
f 2251//41 2316//41 2315//40
f 2251//41 2252//42 2317//42
f 2251//41 2317//42 2316//41
f 2252//42 2253//43 2317//42
f 2253//43 2318//43 2317//42
f 2253//43 2254//44 2319//44
f 2253//43 2319//44 2318//43
f 2254//44 2255//45 2319//44
f 2255//45 2320//45 2319//44
f 2255//45 2256//46 2321//46
f 2255//45 2321//46 2320//45
f 2256//46 2257//47 2321//46
f 2257//47 2322//47 2321//46
f 2257//47 2258//48 2323//48
f 2257//47 2323//48 2322//47
f 2258//48 2259//49 2323//48
f 2259//49 2324//49 2323//48
f 2259//49 2260//50 2325//50
f 2259//49 2325//50 2324//49
f 2260//50 2261//51 2325//50
f 2261//51 2326//51 2325//50
f 2261//51 2262//52 2327//52
f 2261//51 2327//52 2326//51
f 2262//52 2263//53 2327//52
f 2263//53 2328//53 2327//52
f 2263//53 2264//54 2329//54
f 2263//53 2329//54 2328//53
f 2264//54 2265//55 2329//54
f 2265//55 2330//55 2329//54
f 2265//55 2266//56 2331//56
f 2265//55 2331//56 2330//55
f 2266//56 2267//57 2331//56
f 2267//57 2332//57 2331//56
f 2267//57 2268//58 2333//58
f 2267//57 2333//58 2332//57
f 2268//58 2269//59 2333//58
f 2269//59 2334//59 2333//58
f 2269//59 2270//60 2335//60
f 2269//59 2335//60 2334//59
f 2270//60 2271//61 2335//60
f 2271//61 2336//61 2335//60
f 2271//61 2272//62 2337//62
f 2271//61 2337//62 2336//61
f 2272//62 2273//63 2337//62
f 2273//63 2338//63 2337//62
f 2273//63 2274//64 2339//64
f 2273//63 2339//64 2338//63
f 2274//64 2275//65 2339//64
f 2275//65 2340//65 2339//64
f 2276//1 2277//2 2341//1
f 2277//2 2342//2 2341//1
f 2277//2 2278//3 2343//3
f 2277//2 2343//3 2342//2
f 2278//3 2279//4 2343//3
f 2279//4 2344//4 2343//3
f 2279//4 2280//5 2345//5
f 2279//4 2345//5 2344//4
f 2280//5 2281//6 2345//5
f 2281//6 2346//6 2345//5
f 2281//6 2282//7 2347//7
f 2281//6 2347//7 2346//6
f 2282//7 2283//8 2347//7
f 2283//8 2348//8 2347//7
f 2283//8 2284//9 2349//9
f 2283//8 2349//9 2348//8
f 2284//9 2285//10 2349//9
f 2285//10 2350//10 2349//9
f 2285//10 2286//11 2351//11
f 2285//10 2351//11 2350//10
f 2286//11 2287//12 2351//11
f 2287//12 2352//12 2351//11
f 2287//12 2288//13 2353//13
f 2287//12 2353//13 2352//12
f 2288//13 2289//14 2353//13
f 2289//14 2354//14 2353//13
f 2289//14 2290//15 2355//15
f 2289//14 2355//15 2354//14
f 2290//15 2291//16 2355//15
f 2291//16 2356//16 2355//15
f 2291//16 2292//17 2357//17
f 2291//16 2357//17 2356//16
f 2292//17 2293//18 2357//17
f 2293//18 2358//18 2357//17
f 2293//18 2294//19 2359//19
f 2293//18 2359//19 2358//18
f 2294//19 2295//20 2359//19
f 2295//20 2360//20 2359//19
f 2295//20 2296//21 2361//21
f 2295//20 2361//21 2360//20
f 2296//21 2297//22 2361//21
f 2297//22 2362//22 2361//21
f 2297//22 2298//23 2363//23
f 2297//22 2363//23 2362//22
f 2298//23 2299//24 2363//23
f 2299//24 2364//24 2363//23
f 2299//24 2300//25 2365//25
f 2299//24 2365//25 2364//24
f 2300//25 2301//26 2365//25
f 2301//26 2366//26 2365//25
f 2301//26 2302//27 2367//27
f 2301//26 2367//27 2366//26
f 2302//27 2303//28 2367//27
f 2303//28 2368//28 2367//27
f 2303//28 2304//29 2369//29
f 2303//28 2369//29 2368//28
f 2304//29 2305//30 2369//29
f 2305//30 2370//30 2369//29
f 2305//30 2306//31 2371//31
f 2305//30 2371//31 2370//30
f 2306//31 2307//32 2371//31
f 2307//32 2372//32 2371//31
f 2307//32 2308//33 2373//33
f 2307//32 2373//33 2372//32
f 2308//33 2309//34 2373//33
f 2309//34 2374//34 2373//33
f 2309//34 2310//35 2375//35
f 2309//34 2375//35 2374//34
f 2310//35 2311//36 2375//35
f 2311//36 2376//36 2375//35
f 2311//36 2312//37 2377//37
f 2311//36 2377//37 2376//36
f 2312//37 2313//38 2377//37
f 2313//38 2378//38 2377//37
f 2313//38 2314//39 2379//39
f 2313//38 2379//39 2378//38
f 2314//39 2315//40 2379//39
f 2315//40 2380//40 2379//39
f 2315//40 2316//41 2381//41
f 2315//40 2381//41 2380//40
f 2316//41 2317//42 2381//41
f 2317//42 2382//42 2381//41
f 2317//42 2318//43 2383//43
f 2317//42 2383//43 2382//42
f 2318//43 2319//44 2383//43
f 2319//44 2384//44 2383//43
f 2319//44 2320//45 2385//45
f 2319//44 2385//45 2384//44
f 2320//45 2321//46 2385//45
f 2321//46 2386//46 2385//45
f 2321//46 2322//47 2387//47
f 2321//46 2387//47 2386//46
f 2322//47 2323//48 2387//47
f 2323//48 2388//48 2387//47
f 2323//48 2324//49 2389//49
f 2323//48 2389//49 2388//48
f 2324//49 2325//50 2389//49
f 2325//50 2390//50 2389//49
f 2325//50 2326//51 2391//51
f 2325//50 2391//51 2390//50
f 2326//51 2327//52 2391//51
f 2327//52 2392//52 2391//51
f 2327//52 2328//53 2393//53
f 2327//52 2393//53 2392//52
f 2328//53 2329//54 2393//53
f 2329//54 2394//54 2393//53
f 2329//54 2330//55 2395//55
f 2329//54 2395//55 2394//54
f 2330//55 2331//56 2395//55
f 2331//56 2396//56 2395//55
f 2331//56 2332//57 2397//57
f 2331//56 2397//57 2396//56
f 2332//57 2333//58 2397//57
f 2333//58 2398//58 2397//57
f 2333//58 2334//59 2399//59
f 2333//58 2399//59 2398//58
f 2334//59 2335//60 2399//59
f 2335//60 2400//60 2399//59
f 2335//60 2336//61 2401//61
f 2335//60 2401//61 2400//60
f 2336//61 2337//62 2401//61
f 2337//62 2402//62 2401//61
f 2337//62 2338//63 2403//63
f 2337//62 2403//63 2402//62
f 2338//63 2339//64 2403//63
f 2339//64 2404//64 2403//63
f 2339//64 2340//65 2405//65
f 2339//64 2405//65 2404//64
f 2341//1 2342//2 2407//2
f 2341//1 2407//2 2406//1
f 2342//2 2343//3 2407//2
f 2343//3 2408//3 2407//2
f 2343//3 2344//4 2409//4
f 2343//3 2409//4 2408//3
f 2344//4 2345//5 2409//4
f 2345//5 2410//5 2409//4
f 2345//5 2346//6 2411//6
f 2345//5 2411//6 2410//5
f 2346//6 2347//7 2411//6
f 2347//7 2412//7 2411//6
f 2347//7 2348//8 2413//8
f 2347//7 2413//8 2412//7
f 2348//8 2349//9 2413//8
f 2349//9 2414//9 2413//8
f 2349//9 2350//10 2415//10
f 2349//9 2415//10 2414//9
f 2350//10 2351//11 2415//10
f 2351//11 2416//11 2415//10
f 2351//11 2352//12 2417//12
f 2351//11 2417//12 2416//11
f 2352//12 2353//13 2417//12
f 2353//13 2418//13 2417//12
f 2353//13 2354//14 2419//14
f 2353//13 2419//14 2418//13
f 2354//14 2355//15 2419//14
f 2355//15 2420//15 2419//14
f 2355//15 2356//16 2421//16
f 2355//15 2421//16 2420//15
f 2356//16 2357//17 2421//16
f 2357//17 2422//17 2421//16
f 2357//17 2358//18 2423//18
f 2357//17 2423//18 2422//17
f 2358//18 2359//19 2423//18
f 2359//19 2424//19 2423//18
f 2359//19 2360//20 2425//20
f 2359//19 2425//20 2424//19
f 2360//20 2361//21 2425//20
f 2361//21 2426//21 2425//20
f 2361//21 2362//22 2427//22
f 2361//21 2427//22 2426//21
f 2362//22 2363//23 2427//22
f 2363//23 2428//23 2427//22
f 2363//23 2364//24 2429//24
f 2363//23 2429//24 2428//23
f 2364//24 2365//25 2429//24
f 2365//25 2430//25 2429//24
f 2365//25 2366//26 2431//26
f 2365//25 2431//26 2430//25
f 2366//26 2367//27 2431//26
f 2367//27 2432//27 2431//26
f 2367//27 2368//28 2433//28
f 2367//27 2433//28 2432//27
f 2368//28 2369//29 2433//28
f 2369//29 2434//29 2433//28
f 2369//29 2370//30 2435//30
f 2369//29 2435//30 2434//29
f 2370//30 2371//31 2435//30
f 2371//31 2436//31 2435//30
f 2371//31 2372//32 2437//32
f 2371//31 2437//32 2436//31
f 2372//32 2373//33 2437//32
f 2373//33 2438//33 2437//32
f 2373//33 2374//34 2439//34
f 2373//33 2439//34 2438//33
f 2374//34 2375//35 2439//34
f 2375//35 2440//35 2439//34
f 2375//35 2376//36 2441//36
f 2375//35 2441//36 2440//35
f 2376//36 2377//37 2441//36
f 2377//37 2442//37 2441//36
f 2377//37 2378//38 2443//38
f 2377//37 2443//38 2442//37
f 2378//38 2379//39 2443//38
f 2379//39 2444//39 2443//38
f 2379//39 2380//40 2445//40
f 2379//39 2445//40 2444//39
f 2380//40 2381//41 2445//40
f 2381//41 2446//41 2445//40
f 2381//41 2382//42 2447//42
f 2381//41 2447//42 2446//41
f 2382//42 2383//43 2447//42
f 2383//43 2448//43 2447//42
f 2383//43 2384//44 2449//44
f 2383//43 2449//44 2448//43
f 2384//44 2385//45 2449//44
f 2385//45 2450//45 2449//44
f 2385//45 2386//46 2451//46
f 2385//45 2451//46 2450//45
f 2386//46 2387//47 2451//46
f 2387//47 2452//47 2451//46
f 2387//47 2388//48 2453//48
f 2387//47 2453//48 2452//47
f 2388//48 2389//49 2453//48
f 2389//49 2454//49 2453//48
f 2389//49 2390//50 2455//50
f 2389//49 2455//50 2454//49
f 2390//50 2391//51 2455//50
f 2391//51 2456//51 2455//50
f 2391//51 2392//52 2457//52
f 2391//51 2457//52 2456//51
f 2392//52 2393//53 2457//52
f 2393//53 2458//53 2457//52
f 2393//53 2394//54 2459//54
f 2393//53 2459//54 2458//53
f 2394//54 2395//55 2459//54
f 2395//55 2460//55 2459//54
f 2395//55 2396//56 2461//56
f 2395//55 2461//56 2460//55
f 2396//56 2397//57 2461//56
f 2397//57 2462//57 2461//56
f 2397//57 2398//58 2463//58
f 2397//57 2463//58 2462//57
f 2398//58 2399//59 2463//58
f 2399//59 2464//59 2463//58
f 2399//59 2400//60 2465//60
f 2399//59 2465//60 2464//59
f 2400//60 2401//61 2465//60
f 2401//61 2466//61 2465//60
f 2401//61 2402//62 2467//62
f 2401//61 2467//62 2466//61
f 2402//62 2403//63 2467//62
f 2403//63 2468//63 2467//62
f 2403//63 2404//64 2469//64
f 2403//63 2469//64 2468//63
f 2404//64 2405//65 2469//64
f 2405//65 2470//65 2469//64
f 2406//1 2407//2 2471//1
f 2407//2 2472//2 2471//1
f 2407//2 2408//3 2473//3
f 2407//2 2473//3 2472//2
f 2408//3 2409//4 2473//3
f 2409//4 2474//4 2473//3
f 2409//4 2410//5 2475//5
f 2409//4 2475//5 2474//4
f 2410//5 2411//6 2475//5
f 2411//6 2476//6 2475//5
f 2411//6 2412//7 2477//7
f 2411//6 2477//7 2476//6
f 2412//7 2413//8 2477//7
f 2413//8 2478//8 2477//7
f 2413//8 2414//9 2479//9
f 2413//8 2479//9 2478//8
f 2414//9 2415//10 2479//9
f 2415//10 2480//10 2479//9
f 2415//10 2416//11 2481//11
f 2415//10 2481//11 2480//10
f 2416//11 2417//12 2481//11
f 2417//12 2482//12 2481//11
f 2417//12 2418//13 2483//13
f 2417//12 2483//13 2482//12
f 2418//13 2419//14 2483//13
f 2419//14 2484//14 2483//13
f 2419//14 2420//15 2485//15
f 2419//14 2485//15 2484//14
f 2420//15 2421//16 2485//15
f 2421//16 2486//16 2485//15
f 2421//16 2422//17 2487//17
f 2421//16 2487//17 2486//16
f 2422//17 2423//18 2487//17
f 2423//18 2488//18 2487//17
f 2423//18 2424//19 2489//19
f 2423//18 2489//19 2488//18
f 2424//19 2425//20 2489//19
f 2425//20 2490//20 2489//19
f 2425//20 2426//21 2491//21
f 2425//20 2491//21 2490//20
f 2426//21 2427//22 2491//21
f 2427//22 2492//22 2491//21
f 2427//22 2428//23 2493//23
f 2427//22 2493//23 2492//22
f 2428//23 2429//24 2493//23
f 2429//24 2494//24 2493//23
f 2429//24 2430//25 2495//25
f 2429//24 2495//25 2494//24
f 2430//25 2431//26 2495//25
f 2431//26 2496//26 2495//25
f 2431//26 2432//27 2497//27
f 2431//26 2497//27 2496//26
f 2432//27 2433//28 2497//27
f 2433//28 2498//28 2497//27
f 2433//28 2434//29 2499//29
f 2433//28 2499//29 2498//28
f 2434//29 2435//30 2499//29
f 2435//30 2500//30 2499//29
f 2435//30 2436//31 2501//31
f 2435//30 2501//31 2500//30
f 2436//31 2437//32 2501//31
f 2437//32 2502//32 2501//31
f 2437//32 2438//33 2503//33
f 2437//32 2503//33 2502//32
f 2438//33 2439//34 2503//33
f 2439//34 2504//34 2503//33
f 2439//34 2440//35 2505//35
f 2439//34 2505//35 2504//34
f 2440//35 2441//36 2505//35
f 2441//36 2506//36 2505//35
f 2441//36 2442//37 2507//37
f 2441//36 2507//37 2506//36
f 2442//37 2443//38 2507//37
f 2443//38 2508//38 2507//37
f 2443//38 2444//39 2509//39
f 2443//38 2509//39 2508//38
f 2444//39 2445//40 2509//39
f 2445//40 2510//40 2509//39
f 2445//40 2446//41 2511//41
f 2445//40 2511//41 2510//40
f 2446//41 2447//42 2511//41
f 2447//42 2512//42 2511//41
f 2447//42 2448//43 2513//43
f 2447//42 2513//43 2512//42
f 2448//43 2449//44 2513//43
f 2449//44 2514//44 2513//43
f 2449//44 2450//45 2515//45
f 2449//44 2515//45 2514//44
f 2450//45 2451//46 2515//45
f 2451//46 2516//46 2515//45
f 2451//46 2452//47 2517//47
f 2451//46 2517//47 2516//46
f 2452//47 2453//48 2517//47
f 2453//48 2518//48 2517//47
f 2453//48 2454//49 2519//49
f 2453//48 2519//49 2518//48
f 2454//49 2455//50 2519//49
f 2455//50 2520//50 2519//49
f 2455//50 2456//51 2521//51
f 2455//50 2521//51 2520//50
f 2456//51 2457//52 2521//51
f 2457//52 2522//52 2521//51
f 2457//52 2458//53 2523//53
f 2457//52 2523//53 2522//52
f 2458//53 2459//54 2523//53
f 2459//54 2524//54 2523//53
f 2459//54 2460//55 2525//55
f 2459//54 2525//55 2524//54
f 2460//55 2461//56 2525//55
f 2461//56 2526//56 2525//55
f 2461//56 2462//57 2527//57
f 2461//56 2527//57 2526//56
f 2462//57 2463//58 2527//57
f 2463//58 2528//58 2527//57
f 2463//58 2464//59 2529//59
f 2463//58 2529//59 2528//58
f 2464//59 2465//60 2529//59
f 2465//60 2530//60 2529//59
f 2465//60 2466//61 2531//61
f 2465//60 2531//61 2530//60
f 2466//61 2467//62 2531//61
f 2467//62 2532//62 2531//61
f 2467//62 2468//63 2533//63
f 2467//62 2533//63 2532//62
f 2468//63 2469//64 2533//63
f 2469//64 2534//64 2533//63
f 2469//64 2470//65 2535//65
f 2469//64 2535//65 2534//64
f 2471//1 2472//2 2537//2
f 2471//1 2537//2 2536//1
f 2472//2 2473//3 2537//2
f 2473//3 2538//3 2537//2
f 2473//3 2474//4 2539//4
f 2473//3 2539//4 2538//3
f 2474//4 2475//5 2539//4
f 2475//5 2540//5 2539//4
f 2475//5 2476//6 2541//6
f 2475//5 2541//6 2540//5
f 2476//6 2477//7 2541//6
f 2477//7 2542//7 2541//6
f 2477//7 2478//8 2543//8
f 2477//7 2543//8 2542//7
f 2478//8 2479//9 2543//8
f 2479//9 2544//9 2543//8
f 2479//9 2480//10 2545//10
f 2479//9 2545//10 2544//9
f 2480//10 2481//11 2545//10
f 2481//11 2546//11 2545//10
f 2481//11 2482//12 2547//12
f 2481//11 2547//12 2546//11
f 2482//12 2483//13 2547//12
f 2483//13 2548//13 2547//12
f 2483//13 2484//14 2549//14
f 2483//13 2549//14 2548//13
f 2484//14 2485//15 2549//14
f 2485//15 2550//15 2549//14
f 2485//15 2486//16 2551//16
f 2485//15 2551//16 2550//15
f 2486//16 2487//17 2551//16
f 2487//17 2552//17 2551//16
f 2487//17 2488//18 2553//18
f 2487//17 2553//18 2552//17
f 2488//18 2489//19 2553//18
f 2489//19 2554//19 2553//18
f 2489//19 2490//20 2555//20
f 2489//19 2555//20 2554//19
f 2490//20 2491//21 2555//20
f 2491//21 2556//21 2555//20
f 2491//21 2492//22 2557//22
f 2491//21 2557//22 2556//21
f 2492//22 2493//23 2557//22
f 2493//23 2558//23 2557//22
f 2493//23 2494//24 2559//24
f 2493//23 2559//24 2558//23
f 2494//24 2495//25 2559//24
f 2495//25 2560//25 2559//24
f 2495//25 2496//26 2561//26
f 2495//25 2561//26 2560//25
f 2496//26 2497//27 2561//26
f 2497//27 2562//27 2561//26
f 2497//27 2498//28 2563//28
f 2497//27 2563//28 2562//27
f 2498//28 2499//29 2563//28
f 2499//29 2564//29 2563//28
f 2499//29 2500//30 2565//30
f 2499//29 2565//30 2564//29
f 2500//30 2501//31 2565//30
f 2501//31 2566//31 2565//30
f 2501//31 2502//32 2567//32
f 2501//31 2567//32 2566//31
f 2502//32 2503//33 2567//32
f 2503//33 2568//33 2567//32
f 2503//33 2504//34 2569//34
f 2503//33 2569//34 2568//33
f 2504//34 2505//35 2569//34
f 2505//35 2570//35 2569//34
f 2505//35 2506//36 2571//36
f 2505//35 2571//36 2570//35
f 2506//36 2507//37 2571//36
f 2507//37 2572//37 2571//36
f 2507//37 2508//38 2573//38
f 2507//37 2573//38 2572//37
f 2508//38 2509//39 2573//38
f 2509//39 2574//39 2573//38
f 2509//39 2510//40 2575//40
f 2509//39 2575//40 2574//39
f 2510//40 2511//41 2575//40
f 2511//41 2576//41 2575//40
f 2511//41 2512//42 2577//42
f 2511//41 2577//42 2576//41
f 2512//42 2513//43 2577//42
f 2513//43 2578//43 2577//42
f 2513//43 2514//44 2579//44
f 2513//43 2579//44 2578//43
f 2514//44 2515//45 2579//44
f 2515//45 2580//45 2579//44
f 2515//45 2516//46 2581//46
f 2515//45 2581//46 2580//45
f 2516//46 2517//47 2581//46
f 2517//47 2582//47 2581//46
f 2517//47 2518//48 2583//48
f 2517//47 2583//48 2582//47
f 2518//48 2519//49 2583//48
f 2519//49 2584//49 2583//48
f 2519//49 2520//50 2585//50
f 2519//49 2585//50 2584//49
f 2520//50 2521//51 2585//50
f 2521//51 2586//51 2585//50
f 2521//51 2522//52 2587//52
f 2521//51 2587//52 2586//51
f 2522//52 2523//53 2587//52
f 2523//53 2588//53 2587//52
f 2523//53 2524//54 2589//54
f 2523//53 2589//54 2588//53
f 2524//54 2525//55 2589//54
f 2525//55 2590//55 2589//54
f 2525//55 2526//56 2591//56
f 2525//55 2591//56 2590//55
f 2526//56 2527//57 2591//56
f 2527//57 2592//57 2591//56
f 2527//57 2528//58 2593//58
f 2527//57 2593//58 2592//57
f 2528//58 2529//59 2593//58
f 2529//59 2594//59 2593//58
f 2529//59 2530//60 2595//60
f 2529//59 2595//60 2594//59
f 2530//60 2531//61 2595//60
f 2531//61 2596//61 2595//60
f 2531//61 2532//62 2597//62
f 2531//61 2597//62 2596//61
f 2532//62 2533//63 2597//62
f 2533//63 2598//63 2597//62
f 2533//63 2534//64 2599//64
f 2533//63 2599//64 2598//63
f 2534//64 2535//65 2599//64
f 2535//65 2600//65 2599//64
f 2536//1 2537//2 2601//1
f 2537//2 2602//2 2601//1
f 2537//2 2538//3 2603//3
f 2537//2 2603//3 2602//2
f 2538//3 2539//4 2603//3
f 2539//4 2604//4 2603//3
f 2539//4 2540//5 2605//5
f 2539//4 2605//5 2604//4
f 2540//5 2541//6 2605//5
f 2541//6 2606//6 2605//5
f 2541//6 2542//7 2607//7
f 2541//6 2607//7 2606//6
f 2542//7 2543//8 2607//7
f 2543//8 2608//8 2607//7
f 2543//8 2544//9 2609//9
f 2543//8 2609//9 2608//8
f 2544//9 2545//10 2609//9
f 2545//10 2610//10 2609//9
f 2545//10 2546//11 2611//11
f 2545//10 2611//11 2610//10
f 2546//11 2547//12 2611//11
f 2547//12 2612//12 2611//11
f 2547//12 2548//13 2613//13
f 2547//12 2613//13 2612//12
f 2548//13 2549//14 2613//13
f 2549//14 2614//14 2613//13
f 2549//14 2550//15 2615//15
f 2549//14 2615//15 2614//14
f 2550//15 2551//16 2615//15
f 2551//16 2616//16 2615//15
f 2551//16 2552//17 2617//17
f 2551//16 2617//17 2616//16
f 2552//17 2553//18 2617//17
f 2553//18 2618//18 2617//17
f 2553//18 2554//19 2619//19
f 2553//18 2619//19 2618//18
f 2554//19 2555//20 2619//19
f 2555//20 2620//20 2619//19
f 2555//20 2556//21 2621//21
f 2555//20 2621//21 2620//20
f 2556//21 2557//22 2621//21
f 2557//22 2622//22 2621//21
f 2557//22 2558//23 2623//23
f 2557//22 2623//23 2622//22
f 2558//23 2559//24 2623//23
f 2559//24 2624//24 2623//23
f 2559//24 2560//25 2625//25
f 2559//24 2625//25 2624//24
f 2560//25 2561//26 2625//25
f 2561//26 2626//26 2625//25
f 2561//26 2562//27 2627//27
f 2561//26 2627//27 2626//26
f 2562//27 2563//28 2627//27
f 2563//28 2628//28 2627//27
f 2563//28 2564//29 2629//29
f 2563//28 2629//29 2628//28
f 2564//29 2565//30 2629//29
f 2565//30 2630//30 2629//29
f 2565//30 2566//31 2631//31
f 2565//30 2631//31 2630//30
f 2566//31 2567//32 2631//31
f 2567//32 2632//32 2631//31
f 2567//32 2568//33 2633//33
f 2567//32 2633//33 2632//32
f 2568//33 2569//34 2633//33
f 2569//34 2634//34 2633//33
f 2569//34 2570//35 2635//35
f 2569//34 2635//35 2634//34
f 2570//35 2571//36 2635//35
f 2571//36 2636//36 2635//35
f 2571//36 2572//37 2637//37
f 2571//36 2637//37 2636//36
f 2572//37 2573//38 2637//37
f 2573//38 2638//38 2637//37
f 2573//38 2574//39 2639//39
f 2573//38 2639//39 2638//38
f 2574//39 2575//40 2639//39
f 2575//40 2640//40 2639//39
f 2575//40 2576//41 2641//41
f 2575//40 2641//41 2640//40
f 2576//41 2577//42 2641//41
f 2577//42 2642//42 2641//41
f 2577//42 2578//43 2643//43
f 2577//42 2643//43 2642//42
f 2578//43 2579//44 2643//43
f 2579//44 2644//44 2643//43
f 2579//44 2580//45 2645//45
f 2579//44 2645//45 2644//44
f 2580//45 2581//46 2645//45
f 2581//46 2646//46 2645//45
f 2581//46 2582//47 2647//47
f 2581//46 2647//47 2646//46
f 2582//47 2583//48 2647//47
f 2583//48 2648//48 2647//47
f 2583//48 2584//49 2649//49
f 2583//48 2649//49 2648//48
f 2584//49 2585//50 2649//49
f 2585//50 2650//50 2649//49
f 2585//50 2586//51 2651//51
f 2585//50 2651//51 2650//50
f 2586//51 2587//52 2651//51
f 2587//52 2652//52 2651//51
f 2587//52 2588//53 2653//53
f 2587//52 2653//53 2652//52
f 2588//53 2589//54 2653//53
f 2589//54 2654//54 2653//53
f 2589//54 2590//55 2655//55
f 2589//54 2655//55 2654//54
f 2590//55 2591//56 2655//55
f 2591//56 2656//56 2655//55
f 2591//56 2592//57 2657//57
f 2591//56 2657//57 2656//56
f 2592//57 2593//58 2657//57
f 2593//58 2658//58 2657//57
f 2593//58 2594//59 2659//59
f 2593//58 2659//59 2658//58
f 2594//59 2595//60 2659//59
f 2595//60 2660//60 2659//59
f 2595//60 2596//61 2661//61
f 2595//60 2661//61 2660//60
f 2596//61 2597//62 2661//61
f 2597//62 2662//62 2661//61
f 2597//62 2598//63 2663//63
f 2597//62 2663//63 2662//62
f 2598//63 2599//64 2663//63
f 2599//64 2664//64 2663//63
f 2599//64 2600//65 2665//65
f 2599//64 2665//65 2664//64
f 2601//1 2602//2 2667//2
f 2601//1 2667//2 2666//1
f 2602//2 2603//3 2667//2
f 2603//3 2668//3 2667//2
f 2603//3 2604//4 2669//4
f 2603//3 2669//4 2668//3
f 2604//4 2605//5 2669//4
f 2605//5 2670//5 2669//4
f 2605//5 2606//6 2671//6
f 2605//5 2671//6 2670//5
f 2606//6 2607//7 2671//6
f 2607//7 2672//7 2671//6
f 2607//7 2608//8 2673//8
f 2607//7 2673//8 2672//7
f 2608//8 2609//9 2673//8
f 2609//9 2674//9 2673//8
f 2609//9 2610//10 2675//10
f 2609//9 2675//10 2674//9
f 2610//10 2611//11 2675//10
f 2611//11 2676//11 2675//10
f 2611//11 2612//12 2677//12
f 2611//11 2677//12 2676//11
f 2612//12 2613//13 2677//12
f 2613//13 2678//13 2677//12
f 2613//13 2614//14 2679//14
f 2613//13 2679//14 2678//13
f 2614//14 2615//15 2679//14
f 2615//15 2680//15 2679//14
f 2615//15 2616//16 2681//16
f 2615//15 2681//16 2680//15
f 2616//16 2617//17 2681//16
f 2617//17 2682//17 2681//16
f 2617//17 2618//18 2683//18
f 2617//17 2683//18 2682//17
f 2618//18 2619//19 2683//18
f 2619//19 2684//19 2683//18
f 2619//19 2620//20 2685//20
f 2619//19 2685//20 2684//19
f 2620//20 2621//21 2685//20
f 2621//21 2686//21 2685//20
f 2621//21 2622//22 2687//22
f 2621//21 2687//22 2686//21
f 2622//22 2623//23 2687//22
f 2623//23 2688//23 2687//22
f 2623//23 2624//24 2689//24
f 2623//23 2689//24 2688//23
f 2624//24 2625//25 2689//24
f 2625//25 2690//25 2689//24
f 2625//25 2626//26 2691//26
f 2625//25 2691//26 2690//25
f 2626//26 2627//27 2691//26
f 2627//27 2692//27 2691//26
f 2627//27 2628//28 2693//28
f 2627//27 2693//28 2692//27
f 2628//28 2629//29 2693//28
f 2629//29 2694//29 2693//28
f 2629//29 2630//30 2695//30
f 2629//29 2695//30 2694//29
f 2630//30 2631//31 2695//30
f 2631//31 2696//31 2695//30
f 2631//31 2632//32 2697//32
f 2631//31 2697//32 2696//31
f 2632//32 2633//33 2697//32
f 2633//33 2698//33 2697//32
f 2633//33 2634//34 2699//34
f 2633//33 2699//34 2698//33
f 2634//34 2635//35 2699//34
f 2635//35 2700//35 2699//34
f 2635//35 2636//36 2701//36
f 2635//35 2701//36 2700//35
f 2636//36 2637//37 2701//36
f 2637//37 2702//37 2701//36
f 2637//37 2638//38 2703//38
f 2637//37 2703//38 2702//37
f 2638//38 2639//39 2703//38
f 2639//39 2704//39 2703//38
f 2639//39 2640//40 2705//40
f 2639//39 2705//40 2704//39
f 2640//40 2641//41 2705//40
f 2641//41 2706//41 2705//40
f 2641//41 2642//42 2707//42
f 2641//41 2707//42 2706//41
f 2642//42 2643//43 2707//42
f 2643//43 2708//43 2707//42
f 2643//43 2644//44 2709//44
f 2643//43 2709//44 2708//43
f 2644//44 2645//45 2709//44
f 2645//45 2710//45 2709//44
f 2645//45 2646//46 2711//46
f 2645//45 2711//46 2710//45
f 2646//46 2647//47 2711//46
f 2647//47 2712//47 2711//46
f 2647//47 2648//48 2713//48
f 2647//47 2713//48 2712//47
f 2648//48 2649//49 2713//48
f 2649//49 2714//49 2713//48
f 2649//49 2650//50 2715//50
f 2649//49 2715//50 2714//49
f 2650//50 2651//51 2715//50
f 2651//51 2716//51 2715//50
f 2651//51 2652//52 2717//52
f 2651//51 2717//52 2716//51
f 2652//52 2653//53 2717//52
f 2653//53 2718//53 2717//52
f 2653//53 2654//54 2719//54
f 2653//53 2719//54 2718//53
f 2654//54 2655//55 2719//54
f 2655//55 2720//55 2719//54
f 2655//55 2656//56 2721//56
f 2655//55 2721//56 2720//55
f 2656//56 2657//57 2721//56
f 2657//57 2722//57 2721//56
f 2657//57 2658//58 2723//58
f 2657//57 2723//58 2722//57
f 2658//58 2659//59 2723//58
f 2659//59 2724//59 2723//58
f 2659//59 2660//60 2725//60
f 2659//59 2725//60 2724//59
f 2660//60 2661//61 2725//60
f 2661//61 2726//61 2725//60
f 2661//61 2662//62 2727//62
f 2661//61 2727//62 2726//61
f 2662//62 2663//63 2727//62
f 2663//63 2728//63 2727//62
f 2663//63 2664//64 2729//64
f 2663//63 2729//64 2728//63
f 2664//64 2665//65 2729//64
f 2665//65 2730//65 2729//64
f 2666//1 2667//2 2731//1
f 2667//2 2732//2 2731//1
f 2667//2 2668//3 2733//3
f 2667//2 2733//3 2732//2
f 2668//3 2669//4 2733//3
f 2669//4 2734//4 2733//3
f 2669//4 2670//5 2735//5
f 2669//4 2735//5 2734//4
f 2670//5 2671//6 2735//5
f 2671//6 2736//6 2735//5
f 2671//6 2672//7 2737//7
f 2671//6 2737//7 2736//6
f 2672//7 2673//8 2737//7
f 2673//8 2738//8 2737//7
f 2673//8 2674//9 2739//9
f 2673//8 2739//9 2738//8
f 2674//9 2675//10 2739//9
f 2675//10 2740//10 2739//9
f 2675//10 2676//11 2741//11
f 2675//10 2741//11 2740//10
f 2676//11 2677//12 2741//11
f 2677//12 2742//12 2741//11
f 2677//12 2678//13 2743//13
f 2677//12 2743//13 2742//12
f 2678//13 2679//14 2743//13
f 2679//14 2744//14 2743//13
f 2679//14 2680//15 2745//15
f 2679//14 2745//15 2744//14
f 2680//15 2681//16 2745//15
f 2681//16 2746//16 2745//15
f 2681//16 2682//17 2747//17
f 2681//16 2747//17 2746//16
f 2682//17 2683//18 2747//17
f 2683//18 2748//18 2747//17
f 2683//18 2684//19 2749//19
f 2683//18 2749//19 2748//18
f 2684//19 2685//20 2749//19
f 2685//20 2750//20 2749//19
f 2685//20 2686//21 2751//21
f 2685//20 2751//21 2750//20
f 2686//21 2687//22 2751//21
f 2687//22 2752//22 2751//21
f 2687//22 2688//23 2753//23
f 2687//22 2753//23 2752//22
f 2688//23 2689//24 2753//23
f 2689//24 2754//24 2753//23
f 2689//24 2690//25 2755//25
f 2689//24 2755//25 2754//24
f 2690//25 2691//26 2755//25
f 2691//26 2756//26 2755//25
f 2691//26 2692//27 2757//27
f 2691//26 2757//27 2756//26
f 2692//27 2693//28 2757//27
f 2693//28 2758//28 2757//27
f 2693//28 2694//29 2759//29
f 2693//28 2759//29 2758//28
f 2694//29 2695//30 2759//29
f 2695//30 2760//30 2759//29
f 2695//30 2696//31 2761//31
f 2695//30 2761//31 2760//30
f 2696//31 2697//32 2761//31
f 2697//32 2762//32 2761//31
f 2697//32 2698//33 2763//33
f 2697//32 2763//33 2762//32
f 2698//33 2699//34 2763//33
f 2699//34 2764//34 2763//33
f 2699//34 2700//35 2765//35
f 2699//34 2765//35 2764//34
f 2700//35 2701//36 2765//35
f 2701//36 2766//36 2765//35
f 2701//36 2702//37 2767//37
f 2701//36 2767//37 2766//36
f 2702//37 2703//38 2767//37
f 2703//38 2768//38 2767//37
f 2703//38 2704//39 2769//39
f 2703//38 2769//39 2768//38
f 2704//39 2705//40 2769//39
f 2705//40 2770//40 2769//39
f 2705//40 2706//41 2771//41
f 2705//40 2771//41 2770//40
f 2706//41 2707//42 2771//41
f 2707//42 2772//42 2771//41
f 2707//42 2708//43 2773//43
f 2707//42 2773//43 2772//42
f 2708//43 2709//44 2773//43
f 2709//44 2774//44 2773//43
f 2709//44 2710//45 2775//45
f 2709//44 2775//45 2774//44
f 2710//45 2711//46 2775//45
f 2711//46 2776//46 2775//45
f 2711//46 2712//47 2777//47
f 2711//46 2777//47 2776//46
f 2712//47 2713//48 2777//47
f 2713//48 2778//48 2777//47
f 2713//48 2714//49 2779//49
f 2713//48 2779//49 2778//48
f 2714//49 2715//50 2779//49
f 2715//50 2780//50 2779//49
f 2715//50 2716//51 2781//51
f 2715//50 2781//51 2780//50
f 2716//51 2717//52 2781//51
f 2717//52 2782//52 2781//51
f 2717//52 2718//53 2783//53
f 2717//52 2783//53 2782//52
f 2718//53 2719//54 2783//53
f 2719//54 2784//54 2783//53
f 2719//54 2720//55 2785//55
f 2719//54 2785//55 2784//54
f 2720//55 2721//56 2785//55
f 2721//56 2786//56 2785//55
f 2721//56 2722//57 2787//57
f 2721//56 2787//57 2786//56
f 2722//57 2723//58 2787//57
f 2723//58 2788//58 2787//57
f 2723//58 2724//59 2789//59
f 2723//58 2789//59 2788//58
f 2724//59 2725//60 2789//59
f 2725//60 2790//60 2789//59
f 2725//60 2726//61 2791//61
f 2725//60 2791//61 2790//60
f 2726//61 2727//62 2791//61
f 2727//62 2792//62 2791//61
f 2727//62 2728//63 2793//63
f 2727//62 2793//63 2792//62
f 2728//63 2729//64 2793//63
f 2729//64 2794//64 2793//63
f 2729//64 2730//65 2795//65
f 2729//64 2795//65 2794//64
f 2731//1 2732//2 2797//2
f 2731//1 2797//2 2796//1
f 2732//2 2733//3 2797//2
f 2733//3 2798//3 2797//2
f 2733//3 2734//4 2799//4
f 2733//3 2799//4 2798//3
f 2734//4 2735//5 2799//4
f 2735//5 2800//5 2799//4
f 2735//5 2736//6 2801//6
f 2735//5 2801//6 2800//5
f 2736//6 2737//7 2801//6
f 2737//7 2802//7 2801//6
f 2737//7 2738//8 2803//8
f 2737//7 2803//8 2802//7
f 2738//8 2739//9 2803//8
f 2739//9 2804//9 2803//8
f 2739//9 2740//10 2805//10
f 2739//9 2805//10 2804//9
f 2740//10 2741//11 2805//10
f 2741//11 2806//11 2805//10
f 2741//11 2742//12 2807//12
f 2741//11 2807//12 2806//11
f 2742//12 2743//13 2807//12
f 2743//13 2808//13 2807//12
f 2743//13 2744//14 2809//14
f 2743//13 2809//14 2808//13
f 2744//14 2745//15 2809//14
f 2745//15 2810//15 2809//14
f 2745//15 2746//16 2811//16
f 2745//15 2811//16 2810//15
f 2746//16 2747//17 2811//16
f 2747//17 2812//17 2811//16
f 2747//17 2748//18 2813//18
f 2747//17 2813//18 2812//17
f 2748//18 2749//19 2813//18
f 2749//19 2814//19 2813//18
f 2749//19 2750//20 2815//20
f 2749//19 2815//20 2814//19
f 2750//20 2751//21 2815//20
f 2751//21 2816//21 2815//20
f 2751//21 2752//22 2817//22
f 2751//21 2817//22 2816//21
f 2752//22 2753//23 2817//22
f 2753//23 2818//23 2817//22
f 2753//23 2754//24 2819//24
f 2753//23 2819//24 2818//23
f 2754//24 2755//25 2819//24
f 2755//25 2820//25 2819//24
f 2755//25 2756//26 2821//26
f 2755//25 2821//26 2820//25
f 2756//26 2757//27 2821//26
f 2757//27 2822//27 2821//26
f 2757//27 2758//28 2823//28
f 2757//27 2823//28 2822//27
f 2758//28 2759//29 2823//28
f 2759//29 2824//29 2823//28
f 2759//29 2760//30 2825//30
f 2759//29 2825//30 2824//29
f 2760//30 2761//31 2825//30
f 2761//31 2826//31 2825//30
f 2761//31 2762//32 2827//32
f 2761//31 2827//32 2826//31
f 2762//32 2763//33 2827//32
f 2763//33 2828//33 2827//32
f 2763//33 2764//34 2829//34
f 2763//33 2829//34 2828//33
f 2764//34 2765//35 2829//34
f 2765//35 2830//35 2829//34
f 2765//35 2766//36 2831//36
f 2765//35 2831//36 2830//35
f 2766//36 2767//37 2831//36
f 2767//37 2832//37 2831//36
f 2767//37 2768//38 2833//38
f 2767//37 2833//38 2832//37
f 2768//38 2769//39 2833//38
f 2769//39 2834//39 2833//38
f 2769//39 2770//40 2835//40
f 2769//39 2835//40 2834//39
f 2770//40 2771//41 2835//40
f 2771//41 2836//41 2835//40
f 2771//41 2772//42 2837//42
f 2771//41 2837//42 2836//41
f 2772//42 2773//43 2837//42
f 2773//43 2838//43 2837//42
f 2773//43 2774//44 2839//44
f 2773//43 2839//44 2838//43
f 2774//44 2775//45 2839//44
f 2775//45 2840//45 2839//44
f 2775//45 2776//46 2841//46
f 2775//45 2841//46 2840//45
f 2776//46 2777//47 2841//46
f 2777//47 2842//47 2841//46
f 2777//47 2778//48 2843//48
f 2777//47 2843//48 2842//47
f 2778//48 2779//49 2843//48
f 2779//49 2844//49 2843//48
f 2779//49 2780//50 2845//50
f 2779//49 2845//50 2844//49
f 2780//50 2781//51 2845//50
f 2781//51 2846//51 2845//50
f 2781//51 2782//52 2847//52
f 2781//51 2847//52 2846//51
f 2782//52 2783//53 2847//52
f 2783//53 2848//53 2847//52
f 2783//53 2784//54 2849//54
f 2783//53 2849//54 2848//53
f 2784//54 2785//55 2849//54
f 2785//55 2850//55 2849//54
f 2785//55 2786//56 2851//56
f 2785//55 2851//56 2850//55
f 2786//56 2787//57 2851//56
f 2787//57 2852//57 2851//56
f 2787//57 2788//58 2853//58
f 2787//57 2853//58 2852//57
f 2788//58 2789//59 2853//58
f 2789//59 2854//59 2853//58
f 2789//59 2790//60 2855//60
f 2789//59 2855//60 2854//59
f 2790//60 2791//61 2855//60
f 2791//61 2856//61 2855//60
f 2791//61 2792//62 2857//62
f 2791//61 2857//62 2856//61
f 2792//62 2793//63 2857//62
f 2793//63 2858//63 2857//62
f 2793//63 2794//64 2859//64
f 2793//63 2859//64 2858//63
f 2794//64 2795//65 2859//64
f 2795//65 2860//65 2859//64
f 2796//1 2797//2 2861//1
f 2797//2 2862//2 2861//1
f 2797//2 2798//3 2863//3
f 2797//2 2863//3 2862//2
f 2798//3 2799//4 2863//3
f 2799//4 2864//4 2863//3
f 2799//4 2800//5 2865//5
f 2799//4 2865//5 2864//4
f 2800//5 2801//6 2865//5
f 2801//6 2866//6 2865//5
f 2801//6 2802//7 2867//7
f 2801//6 2867//7 2866//6
f 2802//7 2803//8 2867//7
f 2803//8 2868//8 2867//7
f 2803//8 2804//9 2869//9
f 2803//8 2869//9 2868//8
f 2804//9 2805//10 2869//9
f 2805//10 2870//10 2869//9
f 2805//10 2806//11 2871//11
f 2805//10 2871//11 2870//10
f 2806//11 2807//12 2871//11
f 2807//12 2872//12 2871//11
f 2807//12 2808//13 2873//13
f 2807//12 2873//13 2872//12
f 2808//13 2809//14 2873//13
f 2809//14 2874//14 2873//13
f 2809//14 2810//15 2875//15
f 2809//14 2875//15 2874//14
f 2810//15 2811//16 2875//15
f 2811//16 2876//16 2875//15
f 2811//16 2812//17 2877//17
f 2811//16 2877//17 2876//16
f 2812//17 2813//18 2877//17
f 2813//18 2878//18 2877//17
f 2813//18 2814//19 2879//19
f 2813//18 2879//19 2878//18
f 2814//19 2815//20 2879//19
f 2815//20 2880//20 2879//19
f 2815//20 2816//21 2881//21
f 2815//20 2881//21 2880//20
f 2816//21 2817//22 2881//21
f 2817//22 2882//22 2881//21
f 2817//22 2818//23 2883//23
f 2817//22 2883//23 2882//22
f 2818//23 2819//24 2883//23
f 2819//24 2884//24 2883//23
f 2819//24 2820//25 2885//25
f 2819//24 2885//25 2884//24
f 2820//25 2821//26 2885//25
f 2821//26 2886//26 2885//25
f 2821//26 2822//27 2887//27
f 2821//26 2887//27 2886//26
f 2822//27 2823//28 2887//27
f 2823//28 2888//28 2887//27
f 2823//28 2824//29 2889//29
f 2823//28 2889//29 2888//28
f 2824//29 2825//30 2889//29
f 2825//30 2890//30 2889//29
f 2825//30 2826//31 2891//31
f 2825//30 2891//31 2890//30
f 2826//31 2827//32 2891//31
f 2827//32 2892//32 2891//31
f 2827//32 2828//33 2893//33
f 2827//32 2893//33 2892//32
f 2828//33 2829//34 2893//33
f 2829//34 2894//34 2893//33
f 2829//34 2830//35 2895//35
f 2829//34 2895//35 2894//34
f 2830//35 2831//36 2895//35
f 2831//36 2896//36 2895//35
f 2831//36 2832//37 2897//37
f 2831//36 2897//37 2896//36
f 2832//37 2833//38 2897//37
f 2833//38 2898//38 2897//37
f 2833//38 2834//39 2899//39
f 2833//38 2899//39 2898//38
f 2834//39 2835//40 2899//39
f 2835//40 2900//40 2899//39
f 2835//40 2836//41 2901//41
f 2835//40 2901//41 2900//40
f 2836//41 2837//42 2901//41
f 2837//42 2902//42 2901//41
f 2837//42 2838//43 2903//43
f 2837//42 2903//43 2902//42
f 2838//43 2839//44 2903//43
f 2839//44 2904//44 2903//43
f 2839//44 2840//45 2905//45
f 2839//44 2905//45 2904//44
f 2840//45 2841//46 2905//45
f 2841//46 2906//46 2905//45
f 2841//46 2842//47 2907//47
f 2841//46 2907//47 2906//46
f 2842//47 2843//48 2907//47
f 2843//48 2908//48 2907//47
f 2843//48 2844//49 2909//49
f 2843//48 2909//49 2908//48
f 2844//49 2845//50 2909//49
f 2845//50 2910//50 2909//49
f 2845//50 2846//51 2911//51
f 2845//50 2911//51 2910//50
f 2846//51 2847//52 2911//51
f 2847//52 2912//52 2911//51
f 2847//52 2848//53 2913//53
f 2847//52 2913//53 2912//52
f 2848//53 2849//54 2913//53
f 2849//54 2914//54 2913//53
f 2849//54 2850//55 2915//55
f 2849//54 2915//55 2914//54
f 2850//55 2851//56 2915//55
f 2851//56 2916//56 2915//55
f 2851//56 2852//57 2917//57
f 2851//56 2917//57 2916//56
f 2852//57 2853//58 2917//57
f 2853//58 2918//58 2917//57
f 2853//58 2854//59 2919//59
f 2853//58 2919//59 2918//58
f 2854//59 2855//60 2919//59
f 2855//60 2920//60 2919//59
f 2855//60 2856//61 2921//61
f 2855//60 2921//61 2920//60
f 2856//61 2857//62 2921//61
f 2857//62 2922//62 2921//61
f 2857//62 2858//63 2923//63
f 2857//62 2923//63 2922//62
f 2858//63 2859//64 2923//63
f 2859//64 2924//64 2923//63
f 2859//64 2860//65 2925//65
f 2859//64 2925//65 2924//64
f 2861//1 2862//2 2927//2
f 2861//1 2927//2 2926//1
f 2862//2 2863//3 2927//2
f 2863//3 2928//3 2927//2
f 2863//3 2864//4 2929//4
f 2863//3 2929//4 2928//3
f 2864//4 2865//5 2929//4
f 2865//5 2930//5 2929//4
f 2865//5 2866//6 2931//6
f 2865//5 2931//6 2930//5
f 2866//6 2867//7 2931//6
f 2867//7 2932//7 2931//6
f 2867//7 2868//8 2933//8
f 2867//7 2933//8 2932//7
f 2868//8 2869//9 2933//8
f 2869//9 2934//9 2933//8
f 2869//9 2870//10 2935//10
f 2869//9 2935//10 2934//9
f 2870//10 2871//11 2935//10
f 2871//11 2936//11 2935//10
f 2871//11 2872//12 2937//12
f 2871//11 2937//12 2936//11
f 2872//12 2873//13 2937//12
f 2873//13 2938//13 2937//12
f 2873//13 2874//14 2939//14
f 2873//13 2939//14 2938//13
f 2874//14 2875//15 2939//14
f 2875//15 2940//15 2939//14
f 2875//15 2876//16 2941//16
f 2875//15 2941//16 2940//15
f 2876//16 2877//17 2941//16
f 2877//17 2942//17 2941//16
f 2877//17 2878//18 2943//18
f 2877//17 2943//18 2942//17
f 2878//18 2879//19 2943//18
f 2879//19 2944//19 2943//18
f 2879//19 2880//20 2945//20
f 2879//19 2945//20 2944//19
f 2880//20 2881//21 2945//20
f 2881//21 2946//21 2945//20
f 2881//21 2882//22 2947//22
f 2881//21 2947//22 2946//21
f 2882//22 2883//23 2947//22
f 2883//23 2948//23 2947//22
f 2883//23 2884//24 2949//24
f 2883//23 2949//24 2948//23
f 2884//24 2885//25 2949//24
f 2885//25 2950//25 2949//24
f 2885//25 2886//26 2951//26
f 2885//25 2951//26 2950//25
f 2886//26 2887//27 2951//26
f 2887//27 2952//27 2951//26
f 2887//27 2888//28 2953//28
f 2887//27 2953//28 2952//27
f 2888//28 2889//29 2953//28
f 2889//29 2954//29 2953//28
f 2889//29 2890//30 2955//30
f 2889//29 2955//30 2954//29
f 2890//30 2891//31 2955//30
f 2891//31 2956//31 2955//30
f 2891//31 2892//32 2957//32
f 2891//31 2957//32 2956//31
f 2892//32 2893//33 2957//32
f 2893//33 2958//33 2957//32
f 2893//33 2894//34 2959//34
f 2893//33 2959//34 2958//33
f 2894//34 2895//35 2959//34
f 2895//35 2960//35 2959//34
f 2895//35 2896//36 2961//36
f 2895//35 2961//36 2960//35
f 2896//36 2897//37 2961//36
f 2897//37 2962//37 2961//36
f 2897//37 2898//38 2963//38
f 2897//37 2963//38 2962//37
f 2898//38 2899//39 2963//38
f 2899//39 2964//39 2963//38
f 2899//39 2900//40 2965//40
f 2899//39 2965//40 2964//39
f 2900//40 2901//41 2965//40
f 2901//41 2966//41 2965//40
f 2901//41 2902//42 2967//42
f 2901//41 2967//42 2966//41
f 2902//42 2903//43 2967//42
f 2903//43 2968//43 2967//42
f 2903//43 2904//44 2969//44
f 2903//43 2969//44 2968//43
f 2904//44 2905//45 2969//44
f 2905//45 2970//45 2969//44
f 2905//45 2906//46 2971//46
f 2905//45 2971//46 2970//45
f 2906//46 2907//47 2971//46
f 2907//47 2972//47 2971//46
f 2907//47 2908//48 2973//48
f 2907//47 2973//48 2972//47
f 2908//48 2909//49 2973//48
f 2909//49 2974//49 2973//48
f 2909//49 2910//50 2975//50
f 2909//49 2975//50 2974//49
f 2910//50 2911//51 2975//50
f 2911//51 2976//51 2975//50
f 2911//51 2912//52 2977//52
f 2911//51 2977//52 2976//51
f 2912//52 2913//53 2977//52
f 2913//53 2978//53 2977//52
f 2913//53 2914//54 2979//54
f 2913//53 2979//54 2978//53
f 2914//54 2915//55 2979//54
f 2915//55 2980//55 2979//54
f 2915//55 2916//56 2981//56
f 2915//55 2981//56 2980//55
f 2916//56 2917//57 2981//56
f 2917//57 2982//57 2981//56
f 2917//57 2918//58 2983//58
f 2917//57 2983//58 2982//57
f 2918//58 2919//59 2983//58
f 2919//59 2984//59 2983//58
f 2919//59 2920//60 2985//60
f 2919//59 2985//60 2984//59
f 2920//60 2921//61 2985//60
f 2921//61 2986//61 2985//60
f 2921//61 2922//62 2987//62
f 2921//61 2987//62 2986//61
f 2922//62 2923//63 2987//62
f 2923//63 2988//63 2987//62
f 2923//63 2924//64 2989//64
f 2923//63 2989//64 2988//63
f 2924//64 2925//65 2989//64
f 2925//65 2990//65 2989//64
f 2926//1 2927//2 2991//1
f 2927//2 2992//2 2991//1
f 2927//2 2928//3 2993//3
f 2927//2 2993//3 2992//2
f 2928//3 2929//4 2993//3
f 2929//4 2994//4 2993//3
f 2929//4 2930//5 2995//5
f 2929//4 2995//5 2994//4
f 2930//5 2931//6 2995//5
f 2931//6 2996//6 2995//5
f 2931//6 2932//7 2997//7
f 2931//6 2997//7 2996//6
f 2932//7 2933//8 2997//7
f 2933//8 2998//8 2997//7
f 2933//8 2934//9 2999//9
f 2933//8 2999//9 2998//8
f 2934//9 2935//10 2999//9
f 2935//10 3000//10 2999//9
f 2935//10 2936//11 3001//11
f 2935//10 3001//11 3000//10
f 2936//11 2937//12 3001//11
f 2937//12 3002//12 3001//11
f 2937//12 2938//13 3003//13
f 2937//12 3003//13 3002//12
f 2938//13 2939//14 3003//13
f 2939//14 3004//14 3003//13
f 2939//14 2940//15 3005//15
f 2939//14 3005//15 3004//14
f 2940//15 2941//16 3005//15
f 2941//16 3006//16 3005//15
f 2941//16 2942//17 3007//17
f 2941//16 3007//17 3006//16
f 2942//17 2943//18 3007//17
f 2943//18 3008//18 3007//17
f 2943//18 2944//19 3009//19
f 2943//18 3009//19 3008//18
f 2944//19 2945//20 3009//19
f 2945//20 3010//20 3009//19
f 2945//20 2946//21 3011//21
f 2945//20 3011//21 3010//20
f 2946//21 2947//22 3011//21
f 2947//22 3012//22 3011//21
f 2947//22 2948//23 3013//23
f 2947//22 3013//23 3012//22
f 2948//23 2949//24 3013//23
f 2949//24 3014//24 3013//23
f 2949//24 2950//25 3015//25
f 2949//24 3015//25 3014//24
f 2950//25 2951//26 3015//25
f 2951//26 3016//26 3015//25
f 2951//26 2952//27 3017//27
f 2951//26 3017//27 3016//26
f 2952//27 2953//28 3017//27
f 2953//28 3018//28 3017//27
f 2953//28 2954//29 3019//29
f 2953//28 3019//29 3018//28
f 2954//29 2955//30 3019//29
f 2955//30 3020//30 3019//29
f 2955//30 2956//31 3021//31
f 2955//30 3021//31 3020//30
f 2956//31 2957//32 3021//31
f 2957//32 3022//32 3021//31
f 2957//32 2958//33 3023//33
f 2957//32 3023//33 3022//32
f 2958//33 2959//34 3023//33
f 2959//34 3024//34 3023//33
f 2959//34 2960//35 3025//35
f 2959//34 3025//35 3024//34
f 2960//35 2961//36 3025//35
f 2961//36 3026//36 3025//35
f 2961//36 2962//37 3027//37
f 2961//36 3027//37 3026//36
f 2962//37 2963//38 3027//37
f 2963//38 3028//38 3027//37
f 2963//38 2964//39 3029//39
f 2963//38 3029//39 3028//38
f 2964//39 2965//40 3029//39
f 2965//40 3030//40 3029//39
f 2965//40 2966//41 3031//41
f 2965//40 3031//41 3030//40
f 2966//41 2967//42 3031//41
f 2967//42 3032//42 3031//41
f 2967//42 2968//43 3033//43
f 2967//42 3033//43 3032//42
f 2968//43 2969//44 3033//43
f 2969//44 3034//44 3033//43
f 2969//44 2970//45 3035//45
f 2969//44 3035//45 3034//44
f 2970//45 2971//46 3035//45
f 2971//46 3036//46 3035//45
f 2971//46 2972//47 3037//47
f 2971//46 3037//47 3036//46
f 2972//47 2973//48 3037//47
f 2973//48 3038//48 3037//47
f 2973//48 2974//49 3039//49
f 2973//48 3039//49 3038//48
f 2974//49 2975//50 3039//49
f 2975//50 3040//50 3039//49
f 2975//50 2976//51 3041//51
f 2975//50 3041//51 3040//50
f 2976//51 2977//52 3041//51
f 2977//52 3042//52 3041//51
f 2977//52 2978//53 3043//53
f 2977//52 3043//53 3042//52
f 2978//53 2979//54 3043//53
f 2979//54 3044//54 3043//53
f 2979//54 2980//55 3045//55
f 2979//54 3045//55 3044//54
f 2980//55 2981//56 3045//55
f 2981//56 3046//56 3045//55
f 2981//56 2982//57 3047//57
f 2981//56 3047//57 3046//56
f 2982//57 2983//58 3047//57
f 2983//58 3048//58 3047//57
f 2983//58 2984//59 3049//59
f 2983//58 3049//59 3048//58
f 2984//59 2985//60 3049//59
f 2985//60 3050//60 3049//59
f 2985//60 2986//61 3051//61
f 2985//60 3051//61 3050//60
f 2986//61 2987//62 3051//61
f 2987//62 3052//62 3051//61
f 2987//62 2988//63 3053//63
f 2987//62 3053//63 3052//62
f 2988//63 2989//64 3053//63
f 2989//64 3054//64 3053//63
f 2989//64 2990//65 3055//65
f 2989//64 3055//65 3054//64
f 2991//1 2992//2 3057//2
f 2991//1 3057//2 3056//1
f 2992//2 2993//3 3057//2
f 2993//3 3058//3 3057//2
f 2993//3 2994//4 3059//4
f 2993//3 3059//4 3058//3
f 2994//4 2995//5 3059//4
f 2995//5 3060//5 3059//4
f 2995//5 2996//6 3061//6
f 2995//5 3061//6 3060//5
f 2996//6 2997//7 3061//6
f 2997//7 3062//7 3061//6
f 2997//7 2998//8 3063//8
f 2997//7 3063//8 3062//7
f 2998//8 2999//9 3063//8
f 2999//9 3064//9 3063//8
f 2999//9 3000//10 3065//10
f 2999//9 3065//10 3064//9
f 3000//10 3001//11 3065//10
f 3001//11 3066//11 3065//10
f 3001//11 3002//12 3067//12
f 3001//11 3067//12 3066//11
f 3002//12 3003//13 3067//12
f 3003//13 3068//13 3067//12
f 3003//13 3004//14 3069//14
f 3003//13 3069//14 3068//13
f 3004//14 3005//15 3069//14
f 3005//15 3070//15 3069//14
f 3005//15 3006//16 3071//16
f 3005//15 3071//16 3070//15
f 3006//16 3007//17 3071//16
f 3007//17 3072//17 3071//16
f 3007//17 3008//18 3073//18
f 3007//17 3073//18 3072//17
f 3008//18 3009//19 3073//18
f 3009//19 3074//19 3073//18
f 3009//19 3010//20 3075//20
f 3009//19 3075//20 3074//19
f 3010//20 3011//21 3075//20
f 3011//21 3076//21 3075//20
f 3011//21 3012//22 3077//22
f 3011//21 3077//22 3076//21
f 3012//22 3013//23 3077//22
f 3013//23 3078//23 3077//22
f 3013//23 3014//24 3079//24
f 3013//23 3079//24 3078//23
f 3014//24 3015//25 3079//24
f 3015//25 3080//25 3079//24
f 3015//25 3016//26 3081//26
f 3015//25 3081//26 3080//25
f 3016//26 3017//27 3081//26
f 3017//27 3082//27 3081//26
f 3017//27 3018//28 3083//28
f 3017//27 3083//28 3082//27
f 3018//28 3019//29 3083//28
f 3019//29 3084//29 3083//28
f 3019//29 3020//30 3085//30
f 3019//29 3085//30 3084//29
f 3020//30 3021//31 3085//30
f 3021//31 3086//31 3085//30
f 3021//31 3022//32 3087//32
f 3021//31 3087//32 3086//31
f 3022//32 3023//33 3087//32
f 3023//33 3088//33 3087//32
f 3023//33 3024//34 3089//34
f 3023//33 3089//34 3088//33
f 3024//34 3025//35 3089//34
f 3025//35 3090//35 3089//34
f 3025//35 3026//36 3091//36
f 3025//35 3091//36 3090//35
f 3026//36 3027//37 3091//36
f 3027//37 3092//37 3091//36
f 3027//37 3028//38 3093//38
f 3027//37 3093//38 3092//37
f 3028//38 3029//39 3093//38
f 3029//39 3094//39 3093//38
f 3029//39 3030//40 3095//40
f 3029//39 3095//40 3094//39
f 3030//40 3031//41 3095//40
f 3031//41 3096//41 3095//40
f 3031//41 3032//42 3097//42
f 3031//41 3097//42 3096//41
f 3032//42 3033//43 3097//42
f 3033//43 3098//43 3097//42
f 3033//43 3034//44 3099//44
f 3033//43 3099//44 3098//43
f 3034//44 3035//45 3099//44
f 3035//45 3100//45 3099//44
f 3035//45 3036//46 3101//46
f 3035//45 3101//46 3100//45
f 3036//46 3037//47 3101//46
f 3037//47 3102//47 3101//46
f 3037//47 3038//48 3103//48
f 3037//47 3103//48 3102//47
f 3038//48 3039//49 3103//48
f 3039//49 3104//49 3103//48
f 3039//49 3040//50 3105//50
f 3039//49 3105//50 3104//49
f 3040//50 3041//51 3105//50
f 3041//51 3106//51 3105//50
f 3041//51 3042//52 3107//52
f 3041//51 3107//52 3106//51
f 3042//52 3043//53 3107//52
f 3043//53 3108//53 3107//52
f 3043//53 3044//54 3109//54
f 3043//53 3109//54 3108//53
f 3044//54 3045//55 3109//54
f 3045//55 3110//55 3109//54
f 3045//55 3046//56 3111//56
f 3045//55 3111//56 3110//55
f 3046//56 3047//57 3111//56
f 3047//57 3112//57 3111//56
f 3047//57 3048//58 3113//58
f 3047//57 3113//58 3112//57
f 3048//58 3049//59 3113//58
f 3049//59 3114//59 3113//58
f 3049//59 3050//60 3115//60
f 3049//59 3115//60 3114//59
f 3050//60 3051//61 3115//60
f 3051//61 3116//61 3115//60
f 3051//61 3052//62 3117//62
f 3051//61 3117//62 3116//61
f 3052//62 3053//63 3117//62
f 3053//63 3118//63 3117//62
f 3053//63 3054//64 3119//64
f 3053//63 3119//64 3118//63
f 3054//64 3055//65 3119//64
f 3055//65 3120//65 3119//64
f 3056//1 3057//2 3121//1
f 3057//2 3122//2 3121//1
f 3057//2 3058//3 3123//3
f 3057//2 3123//3 3122//2
f 3058//3 3059//4 3123//3
f 3059//4 3124//4 3123//3
f 3059//4 3060//5 3125//5
f 3059//4 3125//5 3124//4
f 3060//5 3061//6 3125//5
f 3061//6 3126//6 3125//5
f 3061//6 3062//7 3127//7
f 3061//6 3127//7 3126//6
f 3062//7 3063//8 3127//7
f 3063//8 3128//8 3127//7
f 3063//8 3064//9 3129//9
f 3063//8 3129//9 3128//8
f 3064//9 3065//10 3129//9
f 3065//10 3130//10 3129//9
f 3065//10 3066//11 3131//11
f 3065//10 3131//11 3130//10
f 3066//11 3067//12 3131//11
f 3067//12 3132//12 3131//11
f 3067//12 3068//13 3133//13
f 3067//12 3133//13 3132//12
f 3068//13 3069//14 3133//13
f 3069//14 3134//14 3133//13
f 3069//14 3070//15 3135//15
f 3069//14 3135//15 3134//14
f 3070//15 3071//16 3135//15
f 3071//16 3136//16 3135//15
f 3071//16 3072//17 3137//17
f 3071//16 3137//17 3136//16
f 3072//17 3073//18 3137//17
f 3073//18 3138//18 3137//17
f 3073//18 3074//19 3139//19
f 3073//18 3139//19 3138//18
f 3074//19 3075//20 3139//19
f 3075//20 3140//20 3139//19
f 3075//20 3076//21 3141//21
f 3075//20 3141//21 3140//20
f 3076//21 3077//22 3141//21
f 3077//22 3142//22 3141//21
f 3077//22 3078//23 3143//23
f 3077//22 3143//23 3142//22
f 3078//23 3079//24 3143//23
f 3079//24 3144//24 3143//23
f 3079//24 3080//25 3145//25
f 3079//24 3145//25 3144//24
f 3080//25 3081//26 3145//25
f 3081//26 3146//26 3145//25
f 3081//26 3082//27 3147//27
f 3081//26 3147//27 3146//26
f 3082//27 3083//28 3147//27
f 3083//28 3148//28 3147//27
f 3083//28 3084//29 3149//29
f 3083//28 3149//29 3148//28
f 3084//29 3085//30 3149//29
f 3085//30 3150//30 3149//29
f 3085//30 3086//31 3151//31
f 3085//30 3151//31 3150//30
f 3086//31 3087//32 3151//31
f 3087//32 3152//32 3151//31
f 3087//32 3088//33 3153//33
f 3087//32 3153//33 3152//32
f 3088//33 3089//34 3153//33
f 3089//34 3154//34 3153//33
f 3089//34 3090//35 3155//35
f 3089//34 3155//35 3154//34
f 3090//35 3091//36 3155//35
f 3091//36 3156//36 3155//35
f 3091//36 3092//37 3157//37
f 3091//36 3157//37 3156//36
f 3092//37 3093//38 3157//37
f 3093//38 3158//38 3157//37
f 3093//38 3094//39 3159//39
f 3093//38 3159//39 3158//38
f 3094//39 3095//40 3159//39
f 3095//40 3160//40 3159//39
f 3095//40 3096//41 3161//41
f 3095//40 3161//41 3160//40
f 3096//41 3097//42 3161//41
f 3097//42 3162//42 3161//41
f 3097//42 3098//43 3163//43
f 3097//42 3163//43 3162//42
f 3098//43 3099//44 3163//43
f 3099//44 3164//44 3163//43
f 3099//44 3100//45 3165//45
f 3099//44 3165//45 3164//44
f 3100//45 3101//46 3165//45
f 3101//46 3166//46 3165//45
f 3101//46 3102//47 3167//47
f 3101//46 3167//47 3166//46
f 3102//47 3103//48 3167//47
f 3103//48 3168//48 3167//47
f 3103//48 3104//49 3169//49
f 3103//48 3169//49 3168//48
f 3104//49 3105//50 3169//49
f 3105//50 3170//50 3169//49
f 3105//50 3106//51 3171//51
f 3105//50 3171//51 3170//50
f 3106//51 3107//52 3171//51
f 3107//52 3172//52 3171//51
f 3107//52 3108//53 3173//53
f 3107//52 3173//53 3172//52
f 3108//53 3109//54 3173//53
f 3109//54 3174//54 3173//53
f 3109//54 3110//55 3175//55
f 3109//54 3175//55 3174//54
f 3110//55 3111//56 3175//55
f 3111//56 3176//56 3175//55
f 3111//56 3112//57 3177//57
f 3111//56 3177//57 3176//56
f 3112//57 3113//58 3177//57
f 3113//58 3178//58 3177//57
f 3113//58 3114//59 3179//59
f 3113//58 3179//59 3178//58
f 3114//59 3115//60 3179//59
f 3115//60 3180//60 3179//59
f 3115//60 3116//61 3181//61
f 3115//60 3181//61 3180//60
f 3116//61 3117//62 3181//61
f 3117//62 3182//62 3181//61
f 3117//62 3118//63 3183//63
f 3117//62 3183//63 3182//62
f 3118//63 3119//64 3183//63
f 3119//64 3184//64 3183//63
f 3119//64 3120//65 3185//65
f 3119//64 3185//65 3184//64
f 3121//1 3122//2 3187//2
f 3121//1 3187//2 3186//1
f 3122//2 3123//3 3187//2
f 3123//3 3188//3 3187//2
f 3123//3 3124//4 3189//4
f 3123//3 3189//4 3188//3
f 3124//4 3125//5 3189//4
f 3125//5 3190//5 3189//4
f 3125//5 3126//6 3191//6
f 3125//5 3191//6 3190//5
f 3126//6 3127//7 3191//6
f 3127//7 3192//7 3191//6
f 3127//7 3128//8 3193//8
f 3127//7 3193//8 3192//7
f 3128//8 3129//9 3193//8
f 3129//9 3194//9 3193//8
f 3129//9 3130//10 3195//10
f 3129//9 3195//10 3194//9
f 3130//10 3131//11 3195//10
f 3131//11 3196//11 3195//10
f 3131//11 3132//12 3197//12
f 3131//11 3197//12 3196//11
f 3132//12 3133//13 3197//12
f 3133//13 3198//13 3197//12
f 3133//13 3134//14 3199//14
f 3133//13 3199//14 3198//13
f 3134//14 3135//15 3199//14
f 3135//15 3200//15 3199//14
f 3135//15 3136//16 3201//16
f 3135//15 3201//16 3200//15
f 3136//16 3137//17 3201//16
f 3137//17 3202//17 3201//16
f 3137//17 3138//18 3203//18
f 3137//17 3203//18 3202//17
f 3138//18 3139//19 3203//18
f 3139//19 3204//19 3203//18
f 3139//19 3140//20 3205//20
f 3139//19 3205//20 3204//19
f 3140//20 3141//21 3205//20
f 3141//21 3206//21 3205//20
f 3141//21 3142//22 3207//22
f 3141//21 3207//22 3206//21
f 3142//22 3143//23 3207//22
f 3143//23 3208//23 3207//22
f 3143//23 3144//24 3209//24
f 3143//23 3209//24 3208//23
f 3144//24 3145//25 3209//24
f 3145//25 3210//25 3209//24
f 3145//25 3146//26 3211//26
f 3145//25 3211//26 3210//25
f 3146//26 3147//27 3211//26
f 3147//27 3212//27 3211//26
f 3147//27 3148//28 3213//28
f 3147//27 3213//28 3212//27
f 3148//28 3149//29 3213//28
f 3149//29 3214//29 3213//28
f 3149//29 3150//30 3215//30
f 3149//29 3215//30 3214//29
f 3150//30 3151//31 3215//30
f 3151//31 3216//31 3215//30
f 3151//31 3152//32 3217//32
f 3151//31 3217//32 3216//31
f 3152//32 3153//33 3217//32
f 3153//33 3218//33 3217//32
f 3153//33 3154//34 3219//34
f 3153//33 3219//34 3218//33
f 3154//34 3155//35 3219//34
f 3155//35 3220//35 3219//34
f 3155//35 3156//36 3221//36
f 3155//35 3221//36 3220//35
f 3156//36 3157//37 3221//36
f 3157//37 3222//37 3221//36
f 3157//37 3158//38 3223//38
f 3157//37 3223//38 3222//37
f 3158//38 3159//39 3223//38
f 3159//39 3224//39 3223//38
f 3159//39 3160//40 3225//40
f 3159//39 3225//40 3224//39
f 3160//40 3161//41 3225//40
f 3161//41 3226//41 3225//40
f 3161//41 3162//42 3227//42
f 3161//41 3227//42 3226//41
f 3162//42 3163//43 3227//42
f 3163//43 3228//43 3227//42
f 3163//43 3164//44 3229//44
f 3163//43 3229//44 3228//43
f 3164//44 3165//45 3229//44
f 3165//45 3230//45 3229//44
f 3165//45 3166//46 3231//46
f 3165//45 3231//46 3230//45
f 3166//46 3167//47 3231//46
f 3167//47 3232//47 3231//46
f 3167//47 3168//48 3233//48
f 3167//47 3233//48 3232//47
f 3168//48 3169//49 3233//48
f 3169//49 3234//49 3233//48
f 3169//49 3170//50 3235//50
f 3169//49 3235//50 3234//49
f 3170//50 3171//51 3235//50
f 3171//51 3236//51 3235//50
f 3171//51 3172//52 3237//52
f 3171//51 3237//52 3236//51
f 3172//52 3173//53 3237//52
f 3173//53 3238//53 3237//52
f 3173//53 3174//54 3239//54
f 3173//53 3239//54 3238//53
f 3174//54 3175//55 3239//54
f 3175//55 3240//55 3239//54
f 3175//55 3176//56 3241//56
f 3175//55 3241//56 3240//55
f 3176//56 3177//57 3241//56
f 3177//57 3242//57 3241//56
f 3177//57 3178//58 3243//58
f 3177//57 3243//58 3242//57
f 3178//58 3179//59 3243//58
f 3179//59 3244//59 3243//58
f 3179//59 3180//60 3245//60
f 3179//59 3245//60 3244//59
f 3180//60 3181//61 3245//60
f 3181//61 3246//61 3245//60
f 3181//61 3182//62 3247//62
f 3181//61 3247//62 3246//61
f 3182//62 3183//63 3247//62
f 3183//63 3248//63 3247//62
f 3183//63 3184//64 3249//64
f 3183//63 3249//64 3248//63
f 3184//64 3185//65 3249//64
f 3185//65 3250//65 3249//64
f 3186//1 3187//2 3251//1
f 3187//2 3252//2 3251//1
f 3187//2 3188//3 3253//3
f 3187//2 3253//3 3252//2
f 3188//3 3189//4 3253//3
f 3189//4 3254//4 3253//3
f 3189//4 3190//5 3255//5
f 3189//4 3255//5 3254//4
f 3190//5 3191//6 3255//5
f 3191//6 3256//6 3255//5
f 3191//6 3192//7 3257//7
f 3191//6 3257//7 3256//6
f 3192//7 3193//8 3257//7
f 3193//8 3258//8 3257//7
f 3193//8 3194//9 3259//9
f 3193//8 3259//9 3258//8
f 3194//9 3195//10 3259//9
f 3195//10 3260//10 3259//9
f 3195//10 3196//11 3261//11
f 3195//10 3261//11 3260//10
f 3196//11 3197//12 3261//11
f 3197//12 3262//12 3261//11
f 3197//12 3198//13 3263//13
f 3197//12 3263//13 3262//12
f 3198//13 3199//14 3263//13
f 3199//14 3264//14 3263//13
f 3199//14 3200//15 3265//15
f 3199//14 3265//15 3264//14
f 3200//15 3201//16 3265//15
f 3201//16 3266//16 3265//15
f 3201//16 3202//17 3267//17
f 3201//16 3267//17 3266//16
f 3202//17 3203//18 3267//17
f 3203//18 3268//18 3267//17
f 3203//18 3204//19 3269//19
f 3203//18 3269//19 3268//18
f 3204//19 3205//20 3269//19
f 3205//20 3270//20 3269//19
f 3205//20 3206//21 3271//21
f 3205//20 3271//21 3270//20
f 3206//21 3207//22 3271//21
f 3207//22 3272//22 3271//21
f 3207//22 3208//23 3273//23
f 3207//22 3273//23 3272//22
f 3208//23 3209//24 3273//23
f 3209//24 3274//24 3273//23
f 3209//24 3210//25 3275//25
f 3209//24 3275//25 3274//24
f 3210//25 3211//26 3275//25
f 3211//26 3276//26 3275//25
f 3211//26 3212//27 3277//27
f 3211//26 3277//27 3276//26
f 3212//27 3213//28 3277//27
f 3213//28 3278//28 3277//27
f 3213//28 3214//29 3279//29
f 3213//28 3279//29 3278//28
f 3214//29 3215//30 3279//29
f 3215//30 3280//30 3279//29
f 3215//30 3216//31 3281//31
f 3215//30 3281//31 3280//30
f 3216//31 3217//32 3281//31
f 3217//32 3282//32 3281//31
f 3217//32 3218//33 3283//33
f 3217//32 3283//33 3282//32
f 3218//33 3219//34 3283//33
f 3219//34 3284//34 3283//33
f 3219//34 3220//35 3285//35
f 3219//34 3285//35 3284//34
f 3220//35 3221//36 3285//35
f 3221//36 3286//36 3285//35
f 3221//36 3222//37 3287//37
f 3221//36 3287//37 3286//36
f 3222//37 3223//38 3287//37
f 3223//38 3288//38 3287//37
f 3223//38 3224//39 3289//39
f 3223//38 3289//39 3288//38
f 3224//39 3225//40 3289//39
f 3225//40 3290//40 3289//39
f 3225//40 3226//41 3291//41
f 3225//40 3291//41 3290//40
f 3226//41 3227//42 3291//41
f 3227//42 3292//42 3291//41
f 3227//42 3228//43 3293//43
f 3227//42 3293//43 3292//42
f 3228//43 3229//44 3293//43
f 3229//44 3294//44 3293//43
f 3229//44 3230//45 3295//45
f 3229//44 3295//45 3294//44
f 3230//45 3231//46 3295//45
f 3231//46 3296//46 3295//45
f 3231//46 3232//47 3297//47
f 3231//46 3297//47 3296//46
f 3232//47 3233//48 3297//47
f 3233//48 3298//48 3297//47
f 3233//48 3234//49 3299//49
f 3233//48 3299//49 3298//48
f 3234//49 3235//50 3299//49
f 3235//50 3300//50 3299//49
f 3235//50 3236//51 3301//51
f 3235//50 3301//51 3300//50
f 3236//51 3237//52 3301//51
f 3237//52 3302//52 3301//51
f 3237//52 3238//53 3303//53
f 3237//52 3303//53 3302//52
f 3238//53 3239//54 3303//53
f 3239//54 3304//54 3303//53
f 3239//54 3240//55 3305//55
f 3239//54 3305//55 3304//54
f 3240//55 3241//56 3305//55
f 3241//56 3306//56 3305//55
f 3241//56 3242//57 3307//57
f 3241//56 3307//57 3306//56
f 3242//57 3243//58 3307//57
f 3243//58 3308//58 3307//57
f 3243//58 3244//59 3309//59
f 3243//58 3309//59 3308//58
f 3244//59 3245//60 3309//59
f 3245//60 3310//60 3309//59
f 3245//60 3246//61 3311//61
f 3245//60 3311//61 3310//60
f 3246//61 3247//62 3311//61
f 3247//62 3312//62 3311//61
f 3247//62 3248//63 3313//63
f 3247//62 3313//63 3312//62
f 3248//63 3249//64 3313//63
f 3249//64 3314//64 3313//63
f 3249//64 3250//65 3315//65
f 3249//64 3315//65 3314//64
f 3251//1 3252//2 3317//2
f 3251//1 3317//2 3316//1
f 3252//2 3253//3 3317//2
f 3253//3 3318//3 3317//2
f 3253//3 3254//4 3319//4
f 3253//3 3319//4 3318//3
f 3254//4 3255//5 3319//4
f 3255//5 3320//5 3319//4
f 3255//5 3256//6 3321//6
f 3255//5 3321//6 3320//5
f 3256//6 3257//7 3321//6
f 3257//7 3322//7 3321//6
f 3257//7 3258//8 3323//8
f 3257//7 3323//8 3322//7
f 3258//8 3259//9 3323//8
f 3259//9 3324//9 3323//8
f 3259//9 3260//10 3325//10
f 3259//9 3325//10 3324//9
f 3260//10 3261//11 3325//10
f 3261//11 3326//11 3325//10
f 3261//11 3262//12 3327//12
f 3261//11 3327//12 3326//11
f 3262//12 3263//13 3327//12
f 3263//13 3328//13 3327//12
f 3263//13 3264//14 3329//14
f 3263//13 3329//14 3328//13
f 3264//14 3265//15 3329//14
f 3265//15 3330//15 3329//14
f 3265//15 3266//16 3331//16
f 3265//15 3331//16 3330//15
f 3266//16 3267//17 3331//16
f 3267//17 3332//17 3331//16
f 3267//17 3268//18 3333//18
f 3267//17 3333//18 3332//17
f 3268//18 3269//19 3333//18
f 3269//19 3334//19 3333//18
f 3269//19 3270//20 3335//20
f 3269//19 3335//20 3334//19
f 3270//20 3271//21 3335//20
f 3271//21 3336//21 3335//20
f 3271//21 3272//22 3337//22
f 3271//21 3337//22 3336//21
f 3272//22 3273//23 3337//22
f 3273//23 3338//23 3337//22
f 3273//23 3274//24 3339//24
f 3273//23 3339//24 3338//23
f 3274//24 3275//25 3339//24
f 3275//25 3340//25 3339//24
f 3275//25 3276//26 3341//26
f 3275//25 3341//26 3340//25
f 3276//26 3277//27 3341//26
f 3277//27 3342//27 3341//26
f 3277//27 3278//28 3343//28
f 3277//27 3343//28 3342//27
f 3278//28 3279//29 3343//28
f 3279//29 3344//29 3343//28
f 3279//29 3280//30 3345//30
f 3279//29 3345//30 3344//29
f 3280//30 3281//31 3345//30
f 3281//31 3346//31 3345//30
f 3281//31 3282//32 3347//32
f 3281//31 3347//32 3346//31
f 3282//32 3283//33 3347//32
f 3283//33 3348//33 3347//32
f 3283//33 3284//34 3349//34
f 3283//33 3349//34 3348//33
f 3284//34 3285//35 3349//34
f 3285//35 3350//35 3349//34
f 3285//35 3286//36 3351//36
f 3285//35 3351//36 3350//35
f 3286//36 3287//37 3351//36
f 3287//37 3352//37 3351//36
f 3287//37 3288//38 3353//38
f 3287//37 3353//38 3352//37
f 3288//38 3289//39 3353//38
f 3289//39 3354//39 3353//38
f 3289//39 3290//40 3355//40
f 3289//39 3355//40 3354//39
f 3290//40 3291//41 3355//40
f 3291//41 3356//41 3355//40
f 3291//41 3292//42 3357//42
f 3291//41 3357//42 3356//41
f 3292//42 3293//43 3357//42
f 3293//43 3358//43 3357//42
f 3293//43 3294//44 3359//44
f 3293//43 3359//44 3358//43
f 3294//44 3295//45 3359//44
f 3295//45 3360//45 3359//44
f 3295//45 3296//46 3361//46
f 3295//45 3361//46 3360//45
f 3296//46 3297//47 3361//46
f 3297//47 3362//47 3361//46
f 3297//47 3298//48 3363//48
f 3297//47 3363//48 3362//47
f 3298//48 3299//49 3363//48
f 3299//49 3364//49 3363//48
f 3299//49 3300//50 3365//50
f 3299//49 3365//50 3364//49
f 3300//50 3301//51 3365//50
f 3301//51 3366//51 3365//50
f 3301//51 3302//52 3367//52
f 3301//51 3367//52 3366//51
f 3302//52 3303//53 3367//52
f 3303//53 3368//53 3367//52
f 3303//53 3304//54 3369//54
f 3303//53 3369//54 3368//53
f 3304//54 3305//55 3369//54
f 3305//55 3370//55 3369//54
f 3305//55 3306//56 3371//56
f 3305//55 3371//56 3370//55
f 3306//56 3307//57 3371//56
f 3307//57 3372//57 3371//56
f 3307//57 3308//58 3373//58
f 3307//57 3373//58 3372//57
f 3308//58 3309//59 3373//58
f 3309//59 3374//59 3373//58
f 3309//59 3310//60 3375//60
f 3309//59 3375//60 3374//59
f 3310//60 3311//61 3375//60
f 3311//61 3376//61 3375//60
f 3311//61 3312//62 3377//62
f 3311//61 3377//62 3376//61
f 3312//62 3313//63 3377//62
f 3313//63 3378//63 3377//62
f 3313//63 3314//64 3379//64
f 3313//63 3379//64 3378//63
f 3314//64 3315//65 3379//64
f 3315//65 3380//65 3379//64
f 3316//1 3317//2 3381//1
f 3317//2 3382//2 3381//1
f 3317//2 3318//3 3383//3
f 3317//2 3383//3 3382//2
f 3318//3 3319//4 3383//3
f 3319//4 3384//4 3383//3
f 3319//4 3320//5 3385//5
f 3319//4 3385//5 3384//4
f 3320//5 3321//6 3385//5
f 3321//6 3386//6 3385//5
f 3321//6 3322//7 3387//7
f 3321//6 3387//7 3386//6
f 3322//7 3323//8 3387//7
f 3323//8 3388//8 3387//7
f 3323//8 3324//9 3389//9
f 3323//8 3389//9 3388//8
f 3324//9 3325//10 3389//9
f 3325//10 3390//10 3389//9
f 3325//10 3326//11 3391//11
f 3325//10 3391//11 3390//10
f 3326//11 3327//12 3391//11
f 3327//12 3392//12 3391//11
f 3327//12 3328//13 3393//13
f 3327//12 3393//13 3392//12
f 3328//13 3329//14 3393//13
f 3329//14 3394//14 3393//13
f 3329//14 3330//15 3395//15
f 3329//14 3395//15 3394//14
f 3330//15 3331//16 3395//15
f 3331//16 3396//16 3395//15
f 3331//16 3332//17 3397//17
f 3331//16 3397//17 3396//16
f 3332//17 3333//18 3397//17
f 3333//18 3398//18 3397//17
f 3333//18 3334//19 3399//19
f 3333//18 3399//19 3398//18
f 3334//19 3335//20 3399//19
f 3335//20 3400//20 3399//19
f 3335//20 3336//21 3401//21
f 3335//20 3401//21 3400//20
f 3336//21 3337//22 3401//21
f 3337//22 3402//22 3401//21
f 3337//22 3338//23 3403//23
f 3337//22 3403//23 3402//22
f 3338//23 3339//24 3403//23
f 3339//24 3404//24 3403//23
f 3339//24 3340//25 3405//25
f 3339//24 3405//25 3404//24
f 3340//25 3341//26 3405//25
f 3341//26 3406//26 3405//25
f 3341//26 3342//27 3407//27
f 3341//26 3407//27 3406//26
f 3342//27 3343//28 3407//27
f 3343//28 3408//28 3407//27
f 3343//28 3344//29 3409//29
f 3343//28 3409//29 3408//28
f 3344//29 3345//30 3409//29
f 3345//30 3410//30 3409//29
f 3345//30 3346//31 3411//31
f 3345//30 3411//31 3410//30
f 3346//31 3347//32 3411//31
f 3347//32 3412//32 3411//31
f 3347//32 3348//33 3413//33
f 3347//32 3413//33 3412//32
f 3348//33 3349//34 3413//33
f 3349//34 3414//34 3413//33
f 3349//34 3350//35 3415//35
f 3349//34 3415//35 3414//34
f 3350//35 3351//36 3415//35
f 3351//36 3416//36 3415//35
f 3351//36 3352//37 3417//37
f 3351//36 3417//37 3416//36
f 3352//37 3353//38 3417//37
f 3353//38 3418//38 3417//37
f 3353//38 3354//39 3419//39
f 3353//38 3419//39 3418//38
f 3354//39 3355//40 3419//39
f 3355//40 3420//40 3419//39
f 3355//40 3356//41 3421//41
f 3355//40 3421//41 3420//40
f 3356//41 3357//42 3421//41
f 3357//42 3422//42 3421//41
f 3357//42 3358//43 3423//43
f 3357//42 3423//43 3422//42
f 3358//43 3359//44 3423//43
f 3359//44 3424//44 3423//43
f 3359//44 3360//45 3425//45
f 3359//44 3425//45 3424//44
f 3360//45 3361//46 3425//45
f 3361//46 3426//46 3425//45
f 3361//46 3362//47 3427//47
f 3361//46 3427//47 3426//46
f 3362//47 3363//48 3427//47
f 3363//48 3428//48 3427//47
f 3363//48 3364//49 3429//49
f 3363//48 3429//49 3428//48
f 3364//49 3365//50 3429//49
f 3365//50 3430//50 3429//49
f 3365//50 3366//51 3431//51
f 3365//50 3431//51 3430//50
f 3366//51 3367//52 3431//51
f 3367//52 3432//52 3431//51
f 3367//52 3368//53 3433//53
f 3367//52 3433//53 3432//52
f 3368//53 3369//54 3433//53
f 3369//54 3434//54 3433//53
f 3369//54 3370//55 3435//55
f 3369//54 3435//55 3434//54
f 3370//55 3371//56 3435//55
f 3371//56 3436//56 3435//55
f 3371//56 3372//57 3437//57
f 3371//56 3437//57 3436//56
f 3372//57 3373//58 3437//57
f 3373//58 3438//58 3437//57
f 3373//58 3374//59 3439//59
f 3373//58 3439//59 3438//58
f 3374//59 3375//60 3439//59
f 3375//60 3440//60 3439//59
f 3375//60 3376//61 3441//61
f 3375//60 3441//61 3440//60
f 3376//61 3377//62 3441//61
f 3377//62 3442//62 3441//61
f 3377//62 3378//63 3443//63
f 3377//62 3443//63 3442//62
f 3378//63 3379//64 3443//63
f 3379//64 3444//64 3443//63
f 3379//64 3380//65 3445//65
f 3379//64 3445//65 3444//64
f 3381//1 3382//2 3447//2
f 3381//1 3447//2 3446//1
f 3382//2 3383//3 3447//2
f 3383//3 3448//3 3447//2
f 3383//3 3384//4 3449//4
f 3383//3 3449//4 3448//3
f 3384//4 3385//5 3449//4
f 3385//5 3450//5 3449//4
f 3385//5 3386//6 3451//6
f 3385//5 3451//6 3450//5
f 3386//6 3387//7 3451//6
f 3387//7 3452//7 3451//6
f 3387//7 3388//8 3453//8
f 3387//7 3453//8 3452//7
f 3388//8 3389//9 3453//8
f 3389//9 3454//9 3453//8
f 3389//9 3390//10 3455//10
f 3389//9 3455//10 3454//9
f 3390//10 3391//11 3455//10
f 3391//11 3456//11 3455//10
f 3391//11 3392//12 3457//12
f 3391//11 3457//12 3456//11
f 3392//12 3393//13 3457//12
f 3393//13 3458//13 3457//12
f 3393//13 3394//14 3459//14
f 3393//13 3459//14 3458//13
f 3394//14 3395//15 3459//14
f 3395//15 3460//15 3459//14
f 3395//15 3396//16 3461//16
f 3395//15 3461//16 3460//15
f 3396//16 3397//17 3461//16
f 3397//17 3462//17 3461//16
f 3397//17 3398//18 3463//18
f 3397//17 3463//18 3462//17
f 3398//18 3399//19 3463//18
f 3399//19 3464//19 3463//18
f 3399//19 3400//20 3465//20
f 3399//19 3465//20 3464//19
f 3400//20 3401//21 3465//20
f 3401//21 3466//21 3465//20
f 3401//21 3402//22 3467//22
f 3401//21 3467//22 3466//21
f 3402//22 3403//23 3467//22
f 3403//23 3468//23 3467//22
f 3403//23 3404//24 3469//24
f 3403//23 3469//24 3468//23
f 3404//24 3405//25 3469//24
f 3405//25 3470//25 3469//24
f 3405//25 3406//26 3471//26
f 3405//25 3471//26 3470//25
f 3406//26 3407//27 3471//26
f 3407//27 3472//27 3471//26
f 3407//27 3408//28 3473//28
f 3407//27 3473//28 3472//27
f 3408//28 3409//29 3473//28
f 3409//29 3474//29 3473//28
f 3409//29 3410//30 3475//30
f 3409//29 3475//30 3474//29
f 3410//30 3411//31 3475//30
f 3411//31 3476//31 3475//30
f 3411//31 3412//32 3477//32
f 3411//31 3477//32 3476//31
f 3412//32 3413//33 3477//32
f 3413//33 3478//33 3477//32
f 3413//33 3414//34 3479//34
f 3413//33 3479//34 3478//33
f 3414//34 3415//35 3479//34
f 3415//35 3480//35 3479//34
f 3415//35 3416//36 3481//36
f 3415//35 3481//36 3480//35
f 3416//36 3417//37 3481//36
f 3417//37 3482//37 3481//36
f 3417//37 3418//38 3483//38
f 3417//37 3483//38 3482//37
f 3418//38 3419//39 3483//38
f 3419//39 3484//39 3483//38
f 3419//39 3420//40 3485//40
f 3419//39 3485//40 3484//39
f 3420//40 3421//41 3485//40
f 3421//41 3486//41 3485//40
f 3421//41 3422//42 3487//42
f 3421//41 3487//42 3486//41
f 3422//42 3423//43 3487//42
f 3423//43 3488//43 3487//42
f 3423//43 3424//44 3489//44
f 3423//43 3489//44 3488//43
f 3424//44 3425//45 3489//44
f 3425//45 3490//45 3489//44
f 3425//45 3426//46 3491//46
f 3425//45 3491//46 3490//45
f 3426//46 3427//47 3491//46
f 3427//47 3492//47 3491//46
f 3427//47 3428//48 3493//48
f 3427//47 3493//48 3492//47
f 3428//48 3429//49 3493//48
f 3429//49 3494//49 3493//48
f 3429//49 3430//50 3495//50
f 3429//49 3495//50 3494//49
f 3430//50 3431//51 3495//50
f 3431//51 3496//51 3495//50
f 3431//51 3432//52 3497//52
f 3431//51 3497//52 3496//51
f 3432//52 3433//53 3497//52
f 3433//53 3498//53 3497//52
f 3433//53 3434//54 3499//54
f 3433//53 3499//54 3498//53
f 3434//54 3435//55 3499//54
f 3435//55 3500//55 3499//54
f 3435//55 3436//56 3501//56
f 3435//55 3501//56 3500//55
f 3436//56 3437//57 3501//56
f 3437//57 3502//57 3501//56
f 3437//57 3438//58 3503//58
f 3437//57 3503//58 3502//57
f 3438//58 3439//59 3503//58
f 3439//59 3504//59 3503//58
f 3439//59 3440//60 3505//60
f 3439//59 3505//60 3504//59
f 3440//60 3441//61 3505//60
f 3441//61 3506//61 3505//60
f 3441//61 3442//62 3507//62
f 3441//61 3507//62 3506//61
f 3442//62 3443//63 3507//62
f 3443//63 3508//63 3507//62
f 3443//63 3444//64 3509//64
f 3443//63 3509//64 3508//63
f 3444//64 3445//65 3509//64
f 3445//65 3510//65 3509//64
f 3446//1 3447//2 3511//1
f 3447//2 3512//2 3511//1
f 3447//2 3448//3 3513//3
f 3447//2 3513//3 3512//2
f 3448//3 3449//4 3513//3
f 3449//4 3514//4 3513//3
f 3449//4 3450//5 3515//5
f 3449//4 3515//5 3514//4
f 3450//5 3451//6 3515//5
f 3451//6 3516//6 3515//5
f 3451//6 3452//7 3517//7
f 3451//6 3517//7 3516//6
f 3452//7 3453//8 3517//7
f 3453//8 3518//8 3517//7
f 3453//8 3454//9 3519//9
f 3453//8 3519//9 3518//8
f 3454//9 3455//10 3519//9
f 3455//10 3520//10 3519//9
f 3455//10 3456//11 3521//11
f 3455//10 3521//11 3520//10
f 3456//11 3457//12 3521//11
f 3457//12 3522//12 3521//11
f 3457//12 3458//13 3523//13
f 3457//12 3523//13 3522//12
f 3458//13 3459//14 3523//13
f 3459//14 3524//14 3523//13
f 3459//14 3460//15 3525//15
f 3459//14 3525//15 3524//14
f 3460//15 3461//16 3525//15
f 3461//16 3526//16 3525//15
f 3461//16 3462//17 3527//17
f 3461//16 3527//17 3526//16
f 3462//17 3463//18 3527//17
f 3463//18 3528//18 3527//17
f 3463//18 3464//19 3529//19
f 3463//18 3529//19 3528//18
f 3464//19 3465//20 3529//19
f 3465//20 3530//20 3529//19
f 3465//20 3466//21 3531//21
f 3465//20 3531//21 3530//20
f 3466//21 3467//22 3531//21
f 3467//22 3532//22 3531//21
f 3467//22 3468//23 3533//23
f 3467//22 3533//23 3532//22
f 3468//23 3469//24 3533//23
f 3469//24 3534//24 3533//23
f 3469//24 3470//25 3535//25
f 3469//24 3535//25 3534//24
f 3470//25 3471//26 3535//25
f 3471//26 3536//26 3535//25
f 3471//26 3472//27 3537//27
f 3471//26 3537//27 3536//26
f 3472//27 3473//28 3537//27
f 3473//28 3538//28 3537//27
f 3473//28 3474//29 3539//29
f 3473//28 3539//29 3538//28
f 3474//29 3475//30 3539//29
f 3475//30 3540//30 3539//29
f 3475//30 3476//31 3541//31
f 3475//30 3541//31 3540//30
f 3476//31 3477//32 3541//31
f 3477//32 3542//32 3541//31
f 3477//32 3478//33 3543//33
f 3477//32 3543//33 3542//32
f 3478//33 3479//34 3543//33
f 3479//34 3544//34 3543//33
f 3479//34 3480//35 3545//35
f 3479//34 3545//35 3544//34
f 3480//35 3481//36 3545//35
f 3481//36 3546//36 3545//35
f 3481//36 3482//37 3547//37
f 3481//36 3547//37 3546//36
f 3482//37 3483//38 3547//37
f 3483//38 3548//38 3547//37
f 3483//38 3484//39 3549//39
f 3483//38 3549//39 3548//38
f 3484//39 3485//40 3549//39
f 3485//40 3550//40 3549//39
f 3485//40 3486//41 3551//41
f 3485//40 3551//41 3550//40
f 3486//41 3487//42 3551//41
f 3487//42 3552//42 3551//41
f 3487//42 3488//43 3553//43
f 3487//42 3553//43 3552//42
f 3488//43 3489//44 3553//43
f 3489//44 3554//44 3553//43
f 3489//44 3490//45 3555//45
f 3489//44 3555//45 3554//44
f 3490//45 3491//46 3555//45
f 3491//46 3556//46 3555//45
f 3491//46 3492//47 3557//47
f 3491//46 3557//47 3556//46
f 3492//47 3493//48 3557//47
f 3493//48 3558//48 3557//47
f 3493//48 3494//49 3559//49
f 3493//48 3559//49 3558//48
f 3494//49 3495//50 3559//49
f 3495//50 3560//50 3559//49
f 3495//50 3496//51 3561//51
f 3495//50 3561//51 3560//50
f 3496//51 3497//52 3561//51
f 3497//52 3562//52 3561//51
f 3497//52 3498//53 3563//53
f 3497//52 3563//53 3562//52
f 3498//53 3499//54 3563//53
f 3499//54 3564//54 3563//53
f 3499//54 3500//55 3565//55
f 3499//54 3565//55 3564//54
f 3500//55 3501//56 3565//55
f 3501//56 3566//56 3565//55
f 3501//56 3502//57 3567//57
f 3501//56 3567//57 3566//56
f 3502//57 3503//58 3567//57
f 3503//58 3568//58 3567//57
f 3503//58 3504//59 3569//59
f 3503//58 3569//59 3568//58
f 3504//59 3505//60 3569//59
f 3505//60 3570//60 3569//59
f 3505//60 3506//61 3571//61
f 3505//60 3571//61 3570//60
f 3506//61 3507//62 3571//61
f 3507//62 3572//62 3571//61
f 3507//62 3508//63 3573//63
f 3507//62 3573//63 3572//62
f 3508//63 3509//64 3573//63
f 3509//64 3574//64 3573//63
f 3509//64 3510//65 3575//65
f 3509//64 3575//65 3574//64
f 3511//1 3512//2 3577//2
f 3511//1 3577//2 3576//1
f 3512//2 3513//3 3577//2
f 3513//3 3578//3 3577//2
f 3513//3 3514//4 3579//4
f 3513//3 3579//4 3578//3
f 3514//4 3515//5 3579//4
f 3515//5 3580//5 3579//4
f 3515//5 3516//6 3581//6
f 3515//5 3581//6 3580//5
f 3516//6 3517//7 3581//6
f 3517//7 3582//7 3581//6
f 3517//7 3518//8 3583//8
f 3517//7 3583//8 3582//7
f 3518//8 3519//9 3583//8
f 3519//9 3584//9 3583//8
f 3519//9 3520//10 3585//10
f 3519//9 3585//10 3584//9
f 3520//10 3521//11 3585//10
f 3521//11 3586//11 3585//10
f 3521//11 3522//12 3587//12
f 3521//11 3587//12 3586//11
f 3522//12 3523//13 3587//12
f 3523//13 3588//13 3587//12
f 3523//13 3524//14 3589//14
f 3523//13 3589//14 3588//13
f 3524//14 3525//15 3589//14
f 3525//15 3590//15 3589//14
f 3525//15 3526//16 3591//16
f 3525//15 3591//16 3590//15
f 3526//16 3527//17 3591//16
f 3527//17 3592//17 3591//16
f 3527//17 3528//18 3593//18
f 3527//17 3593//18 3592//17
f 3528//18 3529//19 3593//18
f 3529//19 3594//19 3593//18
f 3529//19 3530//20 3595//20
f 3529//19 3595//20 3594//19
f 3530//20 3531//21 3595//20
f 3531//21 3596//21 3595//20
f 3531//21 3532//22 3597//22
f 3531//21 3597//22 3596//21
f 3532//22 3533//23 3597//22
f 3533//23 3598//23 3597//22
f 3533//23 3534//24 3599//24
f 3533//23 3599//24 3598//23
f 3534//24 3535//25 3599//24
f 3535//25 3600//25 3599//24
f 3535//25 3536//26 3601//26
f 3535//25 3601//26 3600//25
f 3536//26 3537//27 3601//26
f 3537//27 3602//27 3601//26
f 3537//27 3538//28 3603//28
f 3537//27 3603//28 3602//27
f 3538//28 3539//29 3603//28
f 3539//29 3604//29 3603//28
f 3539//29 3540//30 3605//30
f 3539//29 3605//30 3604//29
f 3540//30 3541//31 3605//30
f 3541//31 3606//31 3605//30
f 3541//31 3542//32 3607//32
f 3541//31 3607//32 3606//31
f 3542//32 3543//33 3607//32
f 3543//33 3608//33 3607//32
f 3543//33 3544//34 3609//34
f 3543//33 3609//34 3608//33
f 3544//34 3545//35 3609//34
f 3545//35 3610//35 3609//34
f 3545//35 3546//36 3611//36
f 3545//35 3611//36 3610//35
f 3546//36 3547//37 3611//36
f 3547//37 3612//37 3611//36
f 3547//37 3548//38 3613//38
f 3547//37 3613//38 3612//37
f 3548//38 3549//39 3613//38
f 3549//39 3614//39 3613//38
f 3549//39 3550//40 3615//40
f 3549//39 3615//40 3614//39
f 3550//40 3551//41 3615//40
f 3551//41 3616//41 3615//40
f 3551//41 3552//42 3617//42
f 3551//41 3617//42 3616//41
f 3552//42 3553//43 3617//42
f 3553//43 3618//43 3617//42
f 3553//43 3554//44 3619//44
f 3553//43 3619//44 3618//43
f 3554//44 3555//45 3619//44
f 3555//45 3620//45 3619//44
f 3555//45 3556//46 3621//46
f 3555//45 3621//46 3620//45
f 3556//46 3557//47 3621//46
f 3557//47 3622//47 3621//46
f 3557//47 3558//48 3623//48
f 3557//47 3623//48 3622//47
f 3558//48 3559//49 3623//48
f 3559//49 3624//49 3623//48
f 3559//49 3560//50 3625//50
f 3559//49 3625//50 3624//49
f 3560//50 3561//51 3625//50
f 3561//51 3626//51 3625//50
f 3561//51 3562//52 3627//52
f 3561//51 3627//52 3626//51
f 3562//52 3563//53 3627//52
f 3563//53 3628//53 3627//52
f 3563//53 3564//54 3629//54
f 3563//53 3629//54 3628//53
f 3564//54 3565//55 3629//54
f 3565//55 3630//55 3629//54
f 3565//55 3566//56 3631//56
f 3565//55 3631//56 3630//55
f 3566//56 3567//57 3631//56
f 3567//57 3632//57 3631//56
f 3567//57 3568//58 3633//58
f 3567//57 3633//58 3632//57
f 3568//58 3569//59 3633//58
f 3569//59 3634//59 3633//58
f 3569//59 3570//60 3635//60
f 3569//59 3635//60 3634//59
f 3570//60 3571//61 3635//60
f 3571//61 3636//61 3635//60
f 3571//61 3572//62 3637//62
f 3571//61 3637//62 3636//61
f 3572//62 3573//63 3637//62
f 3573//63 3638//63 3637//62
f 3573//63 3574//64 3639//64
f 3573//63 3639//64 3638//63
f 3574//64 3575//65 3639//64
f 3575//65 3640//65 3639//64
f 3576//1 3577//2 3641//1
f 3577//2 3642//2 3641//1
f 3577//2 3578//3 3643//3
f 3577//2 3643//3 3642//2
f 3578//3 3579//4 3643//3
f 3579//4 3644//4 3643//3
f 3579//4 3580//5 3645//5
f 3579//4 3645//5 3644//4
f 3580//5 3581//6 3645//5
f 3581//6 3646//6 3645//5
f 3581//6 3582//7 3647//7
f 3581//6 3647//7 3646//6
f 3582//7 3583//8 3647//7
f 3583//8 3648//8 3647//7
f 3583//8 3584//9 3649//9
f 3583//8 3649//9 3648//8
f 3584//9 3585//10 3649//9
f 3585//10 3650//10 3649//9
f 3585//10 3586//11 3651//11
f 3585//10 3651//11 3650//10
f 3586//11 3587//12 3651//11
f 3587//12 3652//12 3651//11
f 3587//12 3588//13 3653//13
f 3587//12 3653//13 3652//12
f 3588//13 3589//14 3653//13
f 3589//14 3654//14 3653//13
f 3589//14 3590//15 3655//15
f 3589//14 3655//15 3654//14
f 3590//15 3591//16 3655//15
f 3591//16 3656//16 3655//15
f 3591//16 3592//17 3657//17
f 3591//16 3657//17 3656//16
f 3592//17 3593//18 3657//17
f 3593//18 3658//18 3657//17
f 3593//18 3594//19 3659//19
f 3593//18 3659//19 3658//18
f 3594//19 3595//20 3659//19
f 3595//20 3660//20 3659//19
f 3595//20 3596//21 3661//21
f 3595//20 3661//21 3660//20
f 3596//21 3597//22 3661//21
f 3597//22 3662//22 3661//21
f 3597//22 3598//23 3663//23
f 3597//22 3663//23 3662//22
f 3598//23 3599//24 3663//23
f 3599//24 3664//24 3663//23
f 3599//24 3600//25 3665//25
f 3599//24 3665//25 3664//24
f 3600//25 3601//26 3665//25
f 3601//26 3666//26 3665//25
f 3601//26 3602//27 3667//27
f 3601//26 3667//27 3666//26
f 3602//27 3603//28 3667//27
f 3603//28 3668//28 3667//27
f 3603//28 3604//29 3669//29
f 3603//28 3669//29 3668//28
f 3604//29 3605//30 3669//29
f 3605//30 3670//30 3669//29
f 3605//30 3606//31 3671//31
f 3605//30 3671//31 3670//30
f 3606//31 3607//32 3671//31
f 3607//32 3672//32 3671//31
f 3607//32 3608//33 3673//33
f 3607//32 3673//33 3672//32
f 3608//33 3609//34 3673//33
f 3609//34 3674//34 3673//33
f 3609//34 3610//35 3675//35
f 3609//34 3675//35 3674//34
f 3610//35 3611//36 3675//35
f 3611//36 3676//36 3675//35
f 3611//36 3612//37 3677//37
f 3611//36 3677//37 3676//36
f 3612//37 3613//38 3677//37
f 3613//38 3678//38 3677//37
f 3613//38 3614//39 3679//39
f 3613//38 3679//39 3678//38
f 3614//39 3615//40 3679//39
f 3615//40 3680//40 3679//39
f 3615//40 3616//41 3681//41
f 3615//40 3681//41 3680//40
f 3616//41 3617//42 3681//41
f 3617//42 3682//42 3681//41
f 3617//42 3618//43 3683//43
f 3617//42 3683//43 3682//42
f 3618//43 3619//44 3683//43
f 3619//44 3684//44 3683//43
f 3619//44 3620//45 3685//45
f 3619//44 3685//45 3684//44
f 3620//45 3621//46 3685//45
f 3621//46 3686//46 3685//45
f 3621//46 3622//47 3687//47
f 3621//46 3687//47 3686//46
f 3622//47 3623//48 3687//47
f 3623//48 3688//48 3687//47
f 3623//48 3624//49 3689//49
f 3623//48 3689//49 3688//48
f 3624//49 3625//50 3689//49
f 3625//50 3690//50 3689//49
f 3625//50 3626//51 3691//51
f 3625//50 3691//51 3690//50
f 3626//51 3627//52 3691//51
f 3627//52 3692//52 3691//51
f 3627//52 3628//53 3693//53
f 3627//52 3693//53 3692//52
f 3628//53 3629//54 3693//53
f 3629//54 3694//54 3693//53
f 3629//54 3630//55 3695//55
f 3629//54 3695//55 3694//54
f 3630//55 3631//56 3695//55
f 3631//56 3696//56 3695//55
f 3631//56 3632//57 3697//57
f 3631//56 3697//57 3696//56
f 3632//57 3633//58 3697//57
f 3633//58 3698//58 3697//57
f 3633//58 3634//59 3699//59
f 3633//58 3699//59 3698//58
f 3634//59 3635//60 3699//59
f 3635//60 3700//60 3699//59
f 3635//60 3636//61 3701//61
f 3635//60 3701//61 3700//60
f 3636//61 3637//62 3701//61
f 3637//62 3702//62 3701//61
f 3637//62 3638//63 3703//63
f 3637//62 3703//63 3702//62
f 3638//63 3639//64 3703//63
f 3639//64 3704//64 3703//63
f 3639//64 3640//65 3705//65
f 3639//64 3705//65 3704//64
f 3641//1 3642//2 3707//2
f 3641//1 3707//2 3706//1
f 3642//2 3643//3 3707//2
f 3643//3 3708//3 3707//2
f 3643//3 3644//4 3709//4
f 3643//3 3709//4 3708//3
f 3644//4 3645//5 3709//4
f 3645//5 3710//5 3709//4
f 3645//5 3646//6 3711//6
f 3645//5 3711//6 3710//5
f 3646//6 3647//7 3711//6
f 3647//7 3712//7 3711//6
f 3647//7 3648//8 3713//8
f 3647//7 3713//8 3712//7
f 3648//8 3649//9 3713//8
f 3649//9 3714//9 3713//8
f 3649//9 3650//10 3715//10
f 3649//9 3715//10 3714//9
f 3650//10 3651//11 3715//10
f 3651//11 3716//11 3715//10
f 3651//11 3652//12 3717//12
f 3651//11 3717//12 3716//11
f 3652//12 3653//13 3717//12
f 3653//13 3718//13 3717//12
f 3653//13 3654//14 3719//14
f 3653//13 3719//14 3718//13
f 3654//14 3655//15 3719//14
f 3655//15 3720//15 3719//14
f 3655//15 3656//16 3721//16
f 3655//15 3721//16 3720//15
f 3656//16 3657//17 3721//16
f 3657//17 3722//17 3721//16
f 3657//17 3658//18 3723//18
f 3657//17 3723//18 3722//17
f 3658//18 3659//19 3723//18
f 3659//19 3724//19 3723//18
f 3659//19 3660//20 3725//20
f 3659//19 3725//20 3724//19
f 3660//20 3661//21 3725//20
f 3661//21 3726//21 3725//20
f 3661//21 3662//22 3727//22
f 3661//21 3727//22 3726//21
f 3662//22 3663//23 3727//22
f 3663//23 3728//23 3727//22
f 3663//23 3664//24 3729//24
f 3663//23 3729//24 3728//23
f 3664//24 3665//25 3729//24
f 3665//25 3730//25 3729//24
f 3665//25 3666//26 3731//26
f 3665//25 3731//26 3730//25
f 3666//26 3667//27 3731//26
f 3667//27 3732//27 3731//26
f 3667//27 3668//28 3733//28
f 3667//27 3733//28 3732//27
f 3668//28 3669//29 3733//28
f 3669//29 3734//29 3733//28
f 3669//29 3670//30 3735//30
f 3669//29 3735//30 3734//29
f 3670//30 3671//31 3735//30
f 3671//31 3736//31 3735//30
f 3671//31 3672//32 3737//32
f 3671//31 3737//32 3736//31
f 3672//32 3673//33 3737//32
f 3673//33 3738//33 3737//32
f 3673//33 3674//34 3739//34
f 3673//33 3739//34 3738//33
f 3674//34 3675//35 3739//34
f 3675//35 3740//35 3739//34
f 3675//35 3676//36 3741//36
f 3675//35 3741//36 3740//35
f 3676//36 3677//37 3741//36
f 3677//37 3742//37 3741//36
f 3677//37 3678//38 3743//38
f 3677//37 3743//38 3742//37
f 3678//38 3679//39 3743//38
f 3679//39 3744//39 3743//38
f 3679//39 3680//40 3745//40
f 3679//39 3745//40 3744//39
f 3680//40 3681//41 3745//40
f 3681//41 3746//41 3745//40
f 3681//41 3682//42 3747//42
f 3681//41 3747//42 3746//41
f 3682//42 3683//43 3747//42
f 3683//43 3748//43 3747//42
f 3683//43 3684//44 3749//44
f 3683//43 3749//44 3748//43
f 3684//44 3685//45 3749//44
f 3685//45 3750//45 3749//44
f 3685//45 3686//46 3751//46
f 3685//45 3751//46 3750//45
f 3686//46 3687//47 3751//46
f 3687//47 3752//47 3751//46
f 3687//47 3688//48 3753//48
f 3687//47 3753//48 3752//47
f 3688//48 3689//49 3753//48
f 3689//49 3754//49 3753//48
f 3689//49 3690//50 3755//50
f 3689//49 3755//50 3754//49
f 3690//50 3691//51 3755//50
f 3691//51 3756//51 3755//50
f 3691//51 3692//52 3757//52
f 3691//51 3757//52 3756//51
f 3692//52 3693//53 3757//52
f 3693//53 3758//53 3757//52
f 3693//53 3694//54 3759//54
f 3693//53 3759//54 3758//53
f 3694//54 3695//55 3759//54
f 3695//55 3760//55 3759//54
f 3695//55 3696//56 3761//56
f 3695//55 3761//56 3760//55
f 3696//56 3697//57 3761//56
f 3697//57 3762//57 3761//56
f 3697//57 3698//58 3763//58
f 3697//57 3763//58 3762//57
f 3698//58 3699//59 3763//58
f 3699//59 3764//59 3763//58
f 3699//59 3700//60 3765//60
f 3699//59 3765//60 3764//59
f 3700//60 3701//61 3765//60
f 3701//61 3766//61 3765//60
f 3701//61 3702//62 3767//62
f 3701//61 3767//62 3766//61
f 3702//62 3703//63 3767//62
f 3703//63 3768//63 3767//62
f 3703//63 3704//64 3769//64
f 3703//63 3769//64 3768//63
f 3704//64 3705//65 3769//64
f 3705//65 3770//65 3769//64
f 3706//1 3707//2 3771//1
f 3707//2 3772//2 3771//1
f 3707//2 3708//3 3773//3
f 3707//2 3773//3 3772//2
f 3708//3 3709//4 3773//3
f 3709//4 3774//4 3773//3
f 3709//4 3710//5 3775//5
f 3709//4 3775//5 3774//4
f 3710//5 3711//6 3775//5
f 3711//6 3776//6 3775//5
f 3711//6 3712//7 3777//7
f 3711//6 3777//7 3776//6
f 3712//7 3713//8 3777//7
f 3713//8 3778//8 3777//7
f 3713//8 3714//9 3779//9
f 3713//8 3779//9 3778//8
f 3714//9 3715//10 3779//9
f 3715//10 3780//10 3779//9
f 3715//10 3716//11 3781//11
f 3715//10 3781//11 3780//10
f 3716//11 3717//12 3781//11
f 3717//12 3782//12 3781//11
f 3717//12 3718//13 3783//13
f 3717//12 3783//13 3782//12
f 3718//13 3719//14 3783//13
f 3719//14 3784//14 3783//13
f 3719//14 3720//15 3785//15
f 3719//14 3785//15 3784//14
f 3720//15 3721//16 3785//15
f 3721//16 3786//16 3785//15
f 3721//16 3722//17 3787//17
f 3721//16 3787//17 3786//16
f 3722//17 3723//18 3787//17
f 3723//18 3788//18 3787//17
f 3723//18 3724//19 3789//19
f 3723//18 3789//19 3788//18
f 3724//19 3725//20 3789//19
f 3725//20 3790//20 3789//19
f 3725//20 3726//21 3791//21
f 3725//20 3791//21 3790//20
f 3726//21 3727//22 3791//21
f 3727//22 3792//22 3791//21
f 3727//22 3728//23 3793//23
f 3727//22 3793//23 3792//22
f 3728//23 3729//24 3793//23
f 3729//24 3794//24 3793//23
f 3729//24 3730//25 3795//25
f 3729//24 3795//25 3794//24
f 3730//25 3731//26 3795//25
f 3731//26 3796//26 3795//25
f 3731//26 3732//27 3797//27
f 3731//26 3797//27 3796//26
f 3732//27 3733//28 3797//27
f 3733//28 3798//28 3797//27
f 3733//28 3734//29 3799//29
f 3733//28 3799//29 3798//28
f 3734//29 3735//30 3799//29
f 3735//30 3800//30 3799//29
f 3735//30 3736//31 3801//31
f 3735//30 3801//31 3800//30
f 3736//31 3737//32 3801//31
f 3737//32 3802//32 3801//31
f 3737//32 3738//33 3803//33
f 3737//32 3803//33 3802//32
f 3738//33 3739//34 3803//33
f 3739//34 3804//34 3803//33
f 3739//34 3740//35 3805//35
f 3739//34 3805//35 3804//34
f 3740//35 3741//36 3805//35
f 3741//36 3806//36 3805//35
f 3741//36 3742//37 3807//37
f 3741//36 3807//37 3806//36
f 3742//37 3743//38 3807//37
f 3743//38 3808//38 3807//37
f 3743//38 3744//39 3809//39
f 3743//38 3809//39 3808//38
f 3744//39 3745//40 3809//39
f 3745//40 3810//40 3809//39
f 3745//40 3746//41 3811//41
f 3745//40 3811//41 3810//40
f 3746//41 3747//42 3811//41
f 3747//42 3812//42 3811//41
f 3747//42 3748//43 3813//43
f 3747//42 3813//43 3812//42
f 3748//43 3749//44 3813//43
f 3749//44 3814//44 3813//43
f 3749//44 3750//45 3815//45
f 3749//44 3815//45 3814//44
f 3750//45 3751//46 3815//45
f 3751//46 3816//46 3815//45
f 3751//46 3752//47 3817//47
f 3751//46 3817//47 3816//46
f 3752//47 3753//48 3817//47
f 3753//48 3818//48 3817//47
f 3753//48 3754//49 3819//49
f 3753//48 3819//49 3818//48
f 3754//49 3755//50 3819//49
f 3755//50 3820//50 3819//49
f 3755//50 3756//51 3821//51
f 3755//50 3821//51 3820//50
f 3756//51 3757//52 3821//51
f 3757//52 3822//52 3821//51
f 3757//52 3758//53 3823//53
f 3757//52 3823//53 3822//52
f 3758//53 3759//54 3823//53
f 3759//54 3824//54 3823//53
f 3759//54 3760//55 3825//55
f 3759//54 3825//55 3824//54
f 3760//55 3761//56 3825//55
f 3761//56 3826//56 3825//55
f 3761//56 3762//57 3827//57
f 3761//56 3827//57 3826//56
f 3762//57 3763//58 3827//57
f 3763//58 3828//58 3827//57
f 3763//58 3764//59 3829//59
f 3763//58 3829//59 3828//58
f 3764//59 3765//60 3829//59
f 3765//60 3830//60 3829//59
f 3765//60 3766//61 3831//61
f 3765//60 3831//61 3830//60
f 3766//61 3767//62 3831//61
f 3767//62 3832//62 3831//61
f 3767//62 3768//63 3833//63
f 3767//62 3833//63 3832//62
f 3768//63 3769//64 3833//63
f 3769//64 3834//64 3833//63
f 3769//64 3770//65 3835//65
f 3769//64 3835//65 3834//64
f 3771//1 3772//2 3837//2
f 3771//1 3837//2 3836//1
f 3772//2 3773//3 3837//2
f 3773//3 3838//3 3837//2
f 3773//3 3774//4 3839//4
f 3773//3 3839//4 3838//3
f 3774//4 3775//5 3839//4
f 3775//5 3840//5 3839//4
f 3775//5 3776//6 3841//6
f 3775//5 3841//6 3840//5
f 3776//6 3777//7 3841//6
f 3777//7 3842//7 3841//6
f 3777//7 3778//8 3843//8
f 3777//7 3843//8 3842//7
f 3778//8 3779//9 3843//8
f 3779//9 3844//9 3843//8
f 3779//9 3780//10 3845//10
f 3779//9 3845//10 3844//9
f 3780//10 3781//11 3845//10
f 3781//11 3846//11 3845//10
f 3781//11 3782//12 3847//12
f 3781//11 3847//12 3846//11
f 3782//12 3783//13 3847//12
f 3783//13 3848//13 3847//12
f 3783//13 3784//14 3849//14
f 3783//13 3849//14 3848//13
f 3784//14 3785//15 3849//14
f 3785//15 3850//15 3849//14
f 3785//15 3786//16 3851//16
f 3785//15 3851//16 3850//15
f 3786//16 3787//17 3851//16
f 3787//17 3852//17 3851//16
f 3787//17 3788//18 3853//18
f 3787//17 3853//18 3852//17
f 3788//18 3789//19 3853//18
f 3789//19 3854//19 3853//18
f 3789//19 3790//20 3855//20
f 3789//19 3855//20 3854//19
f 3790//20 3791//21 3855//20
f 3791//21 3856//21 3855//20
f 3791//21 3792//22 3857//22
f 3791//21 3857//22 3856//21
f 3792//22 3793//23 3857//22
f 3793//23 3858//23 3857//22
f 3793//23 3794//24 3859//24
f 3793//23 3859//24 3858//23
f 3794//24 3795//25 3859//24
f 3795//25 3860//25 3859//24
f 3795//25 3796//26 3861//26
f 3795//25 3861//26 3860//25
f 3796//26 3797//27 3861//26
f 3797//27 3862//27 3861//26
f 3797//27 3798//28 3863//28
f 3797//27 3863//28 3862//27
f 3798//28 3799//29 3863//28
f 3799//29 3864//29 3863//28
f 3799//29 3800//30 3865//30
f 3799//29 3865//30 3864//29
f 3800//30 3801//31 3865//30
f 3801//31 3866//31 3865//30
f 3801//31 3802//32 3867//32
f 3801//31 3867//32 3866//31
f 3802//32 3803//33 3867//32
f 3803//33 3868//33 3867//32
f 3803//33 3804//34 3869//34
f 3803//33 3869//34 3868//33
f 3804//34 3805//35 3869//34
f 3805//35 3870//35 3869//34
f 3805//35 3806//36 3871//36
f 3805//35 3871//36 3870//35
f 3806//36 3807//37 3871//36
f 3807//37 3872//37 3871//36
f 3807//37 3808//38 3873//38
f 3807//37 3873//38 3872//37
f 3808//38 3809//39 3873//38
f 3809//39 3874//39 3873//38
f 3809//39 3810//40 3875//40
f 3809//39 3875//40 3874//39
f 3810//40 3811//41 3875//40
f 3811//41 3876//41 3875//40
f 3811//41 3812//42 3877//42
f 3811//41 3877//42 3876//41
f 3812//42 3813//43 3877//42
f 3813//43 3878//43 3877//42
f 3813//43 3814//44 3879//44
f 3813//43 3879//44 3878//43
f 3814//44 3815//45 3879//44
f 3815//45 3880//45 3879//44
f 3815//45 3816//46 3881//46
f 3815//45 3881//46 3880//45
f 3816//46 3817//47 3881//46
f 3817//47 3882//47 3881//46
f 3817//47 3818//48 3883//48
f 3817//47 3883//48 3882//47
f 3818//48 3819//49 3883//48
f 3819//49 3884//49 3883//48
f 3819//49 3820//50 3885//50
f 3819//49 3885//50 3884//49
f 3820//50 3821//51 3885//50
f 3821//51 3886//51 3885//50
f 3821//51 3822//52 3887//52
f 3821//51 3887//52 3886//51
f 3822//52 3823//53 3887//52
f 3823//53 3888//53 3887//52
f 3823//53 3824//54 3889//54
f 3823//53 3889//54 3888//53
f 3824//54 3825//55 3889//54
f 3825//55 3890//55 3889//54
f 3825//55 3826//56 3891//56
f 3825//55 3891//56 3890//55
f 3826//56 3827//57 3891//56
f 3827//57 3892//57 3891//56
f 3827//57 3828//58 3893//58
f 3827//57 3893//58 3892//57
f 3828//58 3829//59 3893//58
f 3829//59 3894//59 3893//58
f 3829//59 3830//60 3895//60
f 3829//59 3895//60 3894//59
f 3830//60 3831//61 3895//60
f 3831//61 3896//61 3895//60
f 3831//61 3832//62 3897//62
f 3831//61 3897//62 3896//61
f 3832//62 3833//63 3897//62
f 3833//63 3898//63 3897//62
f 3833//63 3834//64 3899//64
f 3833//63 3899//64 3898//63
f 3834//64 3835//65 3899//64
f 3835//65 3900//65 3899//64
f 3836//1 3837//2 3901//1
f 3837//2 3902//2 3901//1
f 3837//2 3838//3 3903//3
f 3837//2 3903//3 3902//2
f 3838//3 3839//4 3903//3
f 3839//4 3904//4 3903//3
f 3839//4 3840//5 3905//5
f 3839//4 3905//5 3904//4
f 3840//5 3841//6 3905//5
f 3841//6 3906//6 3905//5
f 3841//6 3842//7 3907//7
f 3841//6 3907//7 3906//6
f 3842//7 3843//8 3907//7
f 3843//8 3908//8 3907//7
f 3843//8 3844//9 3909//9
f 3843//8 3909//9 3908//8
f 3844//9 3845//10 3909//9
f 3845//10 3910//10 3909//9
f 3845//10 3846//11 3911//11
f 3845//10 3911//11 3910//10
f 3846//11 3847//12 3911//11
f 3847//12 3912//12 3911//11
f 3847//12 3848//13 3913//13
f 3847//12 3913//13 3912//12
f 3848//13 3849//14 3913//13
f 3849//14 3914//14 3913//13
f 3849//14 3850//15 3915//15
f 3849//14 3915//15 3914//14
f 3850//15 3851//16 3915//15
f 3851//16 3916//16 3915//15
f 3851//16 3852//17 3917//17
f 3851//16 3917//17 3916//16
f 3852//17 3853//18 3917//17
f 3853//18 3918//18 3917//17
f 3853//18 3854//19 3919//19
f 3853//18 3919//19 3918//18
f 3854//19 3855//20 3919//19
f 3855//20 3920//20 3919//19
f 3855//20 3856//21 3921//21
f 3855//20 3921//21 3920//20
f 3856//21 3857//22 3921//21
f 3857//22 3922//22 3921//21
f 3857//22 3858//23 3923//23
f 3857//22 3923//23 3922//22
f 3858//23 3859//24 3923//23
f 3859//24 3924//24 3923//23
f 3859//24 3860//25 3925//25
f 3859//24 3925//25 3924//24
f 3860//25 3861//26 3925//25
f 3861//26 3926//26 3925//25
f 3861//26 3862//27 3927//27
f 3861//26 3927//27 3926//26
f 3862//27 3863//28 3927//27
f 3863//28 3928//28 3927//27
f 3863//28 3864//29 3929//29
f 3863//28 3929//29 3928//28
f 3864//29 3865//30 3929//29
f 3865//30 3930//30 3929//29
f 3865//30 3866//31 3931//31
f 3865//30 3931//31 3930//30
f 3866//31 3867//32 3931//31
f 3867//32 3932//32 3931//31
f 3867//32 3868//33 3933//33
f 3867//32 3933//33 3932//32
f 3868//33 3869//34 3933//33
f 3869//34 3934//34 3933//33
f 3869//34 3870//35 3935//35
f 3869//34 3935//35 3934//34
f 3870//35 3871//36 3935//35
f 3871//36 3936//36 3935//35
f 3871//36 3872//37 3937//37
f 3871//36 3937//37 3936//36
f 3872//37 3873//38 3937//37
f 3873//38 3938//38 3937//37
f 3873//38 3874//39 3939//39
f 3873//38 3939//39 3938//38
f 3874//39 3875//40 3939//39
f 3875//40 3940//40 3939//39
f 3875//40 3876//41 3941//41
f 3875//40 3941//41 3940//40
f 3876//41 3877//42 3941//41
f 3877//42 3942//42 3941//41
f 3877//42 3878//43 3943//43
f 3877//42 3943//43 3942//42
f 3878//43 3879//44 3943//43
f 3879//44 3944//44 3943//43
f 3879//44 3880//45 3945//45
f 3879//44 3945//45 3944//44
f 3880//45 3881//46 3945//45
f 3881//46 3946//46 3945//45
f 3881//46 3882//47 3947//47
f 3881//46 3947//47 3946//46
f 3882//47 3883//48 3947//47
f 3883//48 3948//48 3947//47
f 3883//48 3884//49 3949//49
f 3883//48 3949//49 3948//48
f 3884//49 3885//50 3949//49
f 3885//50 3950//50 3949//49
f 3885//50 3886//51 3951//51
f 3885//50 3951//51 3950//50
f 3886//51 3887//52 3951//51
f 3887//52 3952//52 3951//51
f 3887//52 3888//53 3953//53
f 3887//52 3953//53 3952//52
f 3888//53 3889//54 3953//53
f 3889//54 3954//54 3953//53
f 3889//54 3890//55 3955//55
f 3889//54 3955//55 3954//54
f 3890//55 3891//56 3955//55
f 3891//56 3956//56 3955//55
f 3891//56 3892//57 3957//57
f 3891//56 3957//57 3956//56
f 3892//57 3893//58 3957//57
f 3893//58 3958//58 3957//57
f 3893//58 3894//59 3959//59
f 3893//58 3959//59 3958//58
f 3894//59 3895//60 3959//59
f 3895//60 3960//60 3959//59
f 3895//60 3896//61 3961//61
f 3895//60 3961//61 3960//60
f 3896//61 3897//62 3961//61
f 3897//62 3962//62 3961//61
f 3897//62 3898//63 3963//63
f 3897//62 3963//63 3962//62
f 3898//63 3899//64 3963//63
f 3899//64 3964//64 3963//63
f 3899//64 3900//65 3965//65
f 3899//64 3965//65 3964//64
f 3901//1 3902//2 3967//2
f 3901//1 3967//2 3966//1
f 3902//2 3903//3 3967//2
f 3903//3 3968//3 3967//2
f 3903//3 3904//4 3969//4
f 3903//3 3969//4 3968//3
f 3904//4 3905//5 3969//4
f 3905//5 3970//5 3969//4
f 3905//5 3906//6 3971//6
f 3905//5 3971//6 3970//5
f 3906//6 3907//7 3971//6
f 3907//7 3972//7 3971//6
f 3907//7 3908//8 3973//8
f 3907//7 3973//8 3972//7
f 3908//8 3909//9 3973//8
f 3909//9 3974//9 3973//8
f 3909//9 3910//10 3975//10
f 3909//9 3975//10 3974//9
f 3910//10 3911//11 3975//10
f 3911//11 3976//11 3975//10
f 3911//11 3912//12 3977//12
f 3911//11 3977//12 3976//11
f 3912//12 3913//13 3977//12
f 3913//13 3978//13 3977//12
f 3913//13 3914//14 3979//14
f 3913//13 3979//14 3978//13
f 3914//14 3915//15 3979//14
f 3915//15 3980//15 3979//14
f 3915//15 3916//16 3981//16
f 3915//15 3981//16 3980//15
f 3916//16 3917//17 3981//16
f 3917//17 3982//17 3981//16
f 3917//17 3918//18 3983//18
f 3917//17 3983//18 3982//17
f 3918//18 3919//19 3983//18
f 3919//19 3984//19 3983//18
f 3919//19 3920//20 3985//20
f 3919//19 3985//20 3984//19
f 3920//20 3921//21 3985//20
f 3921//21 3986//21 3985//20
f 3921//21 3922//22 3987//22
f 3921//21 3987//22 3986//21
f 3922//22 3923//23 3987//22
f 3923//23 3988//23 3987//22
f 3923//23 3924//24 3989//24
f 3923//23 3989//24 3988//23
f 3924//24 3925//25 3989//24
f 3925//25 3990//25 3989//24
f 3925//25 3926//26 3991//26
f 3925//25 3991//26 3990//25
f 3926//26 3927//27 3991//26
f 3927//27 3992//27 3991//26
f 3927//27 3928//28 3993//28
f 3927//27 3993//28 3992//27
f 3928//28 3929//29 3993//28
f 3929//29 3994//29 3993//28
f 3929//29 3930//30 3995//30
f 3929//29 3995//30 3994//29
f 3930//30 3931//31 3995//30
f 3931//31 3996//31 3995//30
f 3931//31 3932//32 3997//32
f 3931//31 3997//32 3996//31
f 3932//32 3933//33 3997//32
f 3933//33 3998//33 3997//32
f 3933//33 3934//34 3999//34
f 3933//33 3999//34 3998//33
f 3934//34 3935//35 3999//34
f 3935//35 4000//35 3999//34
f 3935//35 3936//36 4001//36
f 3935//35 4001//36 4000//35
f 3936//36 3937//37 4001//36
f 3937//37 4002//37 4001//36
f 3937//37 3938//38 4003//38
f 3937//37 4003//38 4002//37
f 3938//38 3939//39 4003//38
f 3939//39 4004//39 4003//38
f 3939//39 3940//40 4005//40
f 3939//39 4005//40 4004//39
f 3940//40 3941//41 4005//40
f 3941//41 4006//41 4005//40
f 3941//41 3942//42 4007//42
f 3941//41 4007//42 4006//41
f 3942//42 3943//43 4007//42
f 3943//43 4008//43 4007//42
f 3943//43 3944//44 4009//44
f 3943//43 4009//44 4008//43
f 3944//44 3945//45 4009//44
f 3945//45 4010//45 4009//44
f 3945//45 3946//46 4011//46
f 3945//45 4011//46 4010//45
f 3946//46 3947//47 4011//46
f 3947//47 4012//47 4011//46
f 3947//47 3948//48 4013//48
f 3947//47 4013//48 4012//47
f 3948//48 3949//49 4013//48
f 3949//49 4014//49 4013//48
f 3949//49 3950//50 4015//50
f 3949//49 4015//50 4014//49
f 3950//50 3951//51 4015//50
f 3951//51 4016//51 4015//50
f 3951//51 3952//52 4017//52
f 3951//51 4017//52 4016//51
f 3952//52 3953//53 4017//52
f 3953//53 4018//53 4017//52
f 3953//53 3954//54 4019//54
f 3953//53 4019//54 4018//53
f 3954//54 3955//55 4019//54
f 3955//55 4020//55 4019//54
f 3955//55 3956//56 4021//56
f 3955//55 4021//56 4020//55
f 3956//56 3957//57 4021//56
f 3957//57 4022//57 4021//56
f 3957//57 3958//58 4023//58
f 3957//57 4023//58 4022//57
f 3958//58 3959//59 4023//58
f 3959//59 4024//59 4023//58
f 3959//59 3960//60 4025//60
f 3959//59 4025//60 4024//59
f 3960//60 3961//61 4025//60
f 3961//61 4026//61 4025//60
f 3961//61 3962//62 4027//62
f 3961//61 4027//62 4026//61
f 3962//62 3963//63 4027//62
f 3963//63 4028//63 4027//62
f 3963//63 3964//64 4029//64
f 3963//63 4029//64 4028//63
f 3964//64 3965//65 4029//64
f 3965//65 4030//65 4029//64
f 3966//1 3967//2 4031//1
f 3967//2 4032//2 4031//1
f 3967//2 3968//3 4033//3
f 3967//2 4033//3 4032//2
f 3968//3 3969//4 4033//3
f 3969//4 4034//4 4033//3
f 3969//4 3970//5 4035//5
f 3969//4 4035//5 4034//4
f 3970//5 3971//6 4035//5
f 3971//6 4036//6 4035//5
f 3971//6 3972//7 4037//7
f 3971//6 4037//7 4036//6
f 3972//7 3973//8 4037//7
f 3973//8 4038//8 4037//7
f 3973//8 3974//9 4039//9
f 3973//8 4039//9 4038//8
f 3974//9 3975//10 4039//9
f 3975//10 4040//10 4039//9
f 3975//10 3976//11 4041//11
f 3975//10 4041//11 4040//10
f 3976//11 3977//12 4041//11
f 3977//12 4042//12 4041//11
f 3977//12 3978//13 4043//13
f 3977//12 4043//13 4042//12
f 3978//13 3979//14 4043//13
f 3979//14 4044//14 4043//13
f 3979//14 3980//15 4045//15
f 3979//14 4045//15 4044//14
f 3980//15 3981//16 4045//15
f 3981//16 4046//16 4045//15
f 3981//16 3982//17 4047//17
f 3981//16 4047//17 4046//16
f 3982//17 3983//18 4047//17
f 3983//18 4048//18 4047//17
f 3983//18 3984//19 4049//19
f 3983//18 4049//19 4048//18
f 3984//19 3985//20 4049//19
f 3985//20 4050//20 4049//19
f 3985//20 3986//21 4051//21
f 3985//20 4051//21 4050//20
f 3986//21 3987//22 4051//21
f 3987//22 4052//22 4051//21
f 3987//22 3988//23 4053//23
f 3987//22 4053//23 4052//22
f 3988//23 3989//24 4053//23
f 3989//24 4054//24 4053//23
f 3989//24 3990//25 4055//25
f 3989//24 4055//25 4054//24
f 3990//25 3991//26 4055//25
f 3991//26 4056//26 4055//25
f 3991//26 3992//27 4057//27
f 3991//26 4057//27 4056//26
f 3992//27 3993//28 4057//27
f 3993//28 4058//28 4057//27
f 3993//28 3994//29 4059//29
f 3993//28 4059//29 4058//28
f 3994//29 3995//30 4059//29
f 3995//30 4060//30 4059//29
f 3995//30 3996//31 4061//31
f 3995//30 4061//31 4060//30
f 3996//31 3997//32 4061//31
f 3997//32 4062//32 4061//31
f 3997//32 3998//33 4063//33
f 3997//32 4063//33 4062//32
f 3998//33 3999//34 4063//33
f 3999//34 4064//34 4063//33
f 3999//34 4000//35 4065//35
f 3999//34 4065//35 4064//34
f 4000//35 4001//36 4065//35
f 4001//36 4066//36 4065//35
f 4001//36 4002//37 4067//37
f 4001//36 4067//37 4066//36
f 4002//37 4003//38 4067//37
f 4003//38 4068//38 4067//37
f 4003//38 4004//39 4069//39
f 4003//38 4069//39 4068//38
f 4004//39 4005//40 4069//39
f 4005//40 4070//40 4069//39
f 4005//40 4006//41 4071//41
f 4005//40 4071//41 4070//40
f 4006//41 4007//42 4071//41
f 4007//42 4072//42 4071//41
f 4007//42 4008//43 4073//43
f 4007//42 4073//43 4072//42
f 4008//43 4009//44 4073//43
f 4009//44 4074//44 4073//43
f 4009//44 4010//45 4075//45
f 4009//44 4075//45 4074//44
f 4010//45 4011//46 4075//45
f 4011//46 4076//46 4075//45
f 4011//46 4012//47 4077//47
f 4011//46 4077//47 4076//46
f 4012//47 4013//48 4077//47
f 4013//48 4078//48 4077//47
f 4013//48 4014//49 4079//49
f 4013//48 4079//49 4078//48
f 4014//49 4015//50 4079//49
f 4015//50 4080//50 4079//49
f 4015//50 4016//51 4081//51
f 4015//50 4081//51 4080//50
f 4016//51 4017//52 4081//51
f 4017//52 4082//52 4081//51
f 4017//52 4018//53 4083//53
f 4017//52 4083//53 4082//52
f 4018//53 4019//54 4083//53
f 4019//54 4084//54 4083//53
f 4019//54 4020//55 4085//55
f 4019//54 4085//55 4084//54
f 4020//55 4021//56 4085//55
f 4021//56 4086//56 4085//55
f 4021//56 4022//57 4087//57
f 4021//56 4087//57 4086//56
f 4022//57 4023//58 4087//57
f 4023//58 4088//58 4087//57
f 4023//58 4024//59 4089//59
f 4023//58 4089//59 4088//58
f 4024//59 4025//60 4089//59
f 4025//60 4090//60 4089//59
f 4025//60 4026//61 4091//61
f 4025//60 4091//61 4090//60
f 4026//61 4027//62 4091//61
f 4027//62 4092//62 4091//61
f 4027//62 4028//63 4093//63
f 4027//62 4093//63 4092//62
f 4028//63 4029//64 4093//63
f 4029//64 4094//64 4093//63
f 4029//64 4030//65 4095//65
f 4029//64 4095//65 4094//64
f 4031//1 4032//2 4097//2
f 4031//1 4097//2 4096//1
f 4032//2 4033//3 4097//2
f 4033//3 4098//3 4097//2
f 4033//3 4034//4 4099//4
f 4033//3 4099//4 4098//3
f 4034//4 4035//5 4099//4
f 4035//5 4100//5 4099//4
f 4035//5 4036//6 4101//6
f 4035//5 4101//6 4100//5
f 4036//6 4037//7 4101//6
f 4037//7 4102//7 4101//6
f 4037//7 4038//8 4103//8
f 4037//7 4103//8 4102//7
f 4038//8 4039//9 4103//8
f 4039//9 4104//9 4103//8
f 4039//9 4040//10 4105//10
f 4039//9 4105//10 4104//9
f 4040//10 4041//11 4105//10
f 4041//11 4106//11 4105//10
f 4041//11 4042//12 4107//12
f 4041//11 4107//12 4106//11
f 4042//12 4043//13 4107//12
f 4043//13 4108//13 4107//12
f 4043//13 4044//14 4109//14
f 4043//13 4109//14 4108//13
f 4044//14 4045//15 4109//14
f 4045//15 4110//15 4109//14
f 4045//15 4046//16 4111//16
f 4045//15 4111//16 4110//15
f 4046//16 4047//17 4111//16
f 4047//17 4112//17 4111//16
f 4047//17 4048//18 4113//18
f 4047//17 4113//18 4112//17
f 4048//18 4049//19 4113//18
f 4049//19 4114//19 4113//18
f 4049//19 4050//20 4115//20
f 4049//19 4115//20 4114//19
f 4050//20 4051//21 4115//20
f 4051//21 4116//21 4115//20
f 4051//21 4052//22 4117//22
f 4051//21 4117//22 4116//21
f 4052//22 4053//23 4117//22
f 4053//23 4118//23 4117//22
f 4053//23 4054//24 4119//24
f 4053//23 4119//24 4118//23
f 4054//24 4055//25 4119//24
f 4055//25 4120//25 4119//24
f 4055//25 4056//26 4121//26
f 4055//25 4121//26 4120//25
f 4056//26 4057//27 4121//26
f 4057//27 4122//27 4121//26
f 4057//27 4058//28 4123//28
f 4057//27 4123//28 4122//27
f 4058//28 4059//29 4123//28
f 4059//29 4124//29 4123//28
f 4059//29 4060//30 4125//30
f 4059//29 4125//30 4124//29
f 4060//30 4061//31 4125//30
f 4061//31 4126//31 4125//30
f 4061//31 4062//32 4127//32
f 4061//31 4127//32 4126//31
f 4062//32 4063//33 4127//32
f 4063//33 4128//33 4127//32
f 4063//33 4064//34 4129//34
f 4063//33 4129//34 4128//33
f 4064//34 4065//35 4129//34
f 4065//35 4130//35 4129//34
f 4065//35 4066//36 4131//36
f 4065//35 4131//36 4130//35
f 4066//36 4067//37 4131//36
f 4067//37 4132//37 4131//36
f 4067//37 4068//38 4133//38
f 4067//37 4133//38 4132//37
f 4068//38 4069//39 4133//38
f 4069//39 4134//39 4133//38
f 4069//39 4070//40 4135//40
f 4069//39 4135//40 4134//39
f 4070//40 4071//41 4135//40
f 4071//41 4136//41 4135//40
f 4071//41 4072//42 4137//42
f 4071//41 4137//42 4136//41
f 4072//42 4073//43 4137//42
f 4073//43 4138//43 4137//42
f 4073//43 4074//44 4139//44
f 4073//43 4139//44 4138//43
f 4074//44 4075//45 4139//44
f 4075//45 4140//45 4139//44
f 4075//45 4076//46 4141//46
f 4075//45 4141//46 4140//45
f 4076//46 4077//47 4141//46
f 4077//47 4142//47 4141//46
f 4077//47 4078//48 4143//48
f 4077//47 4143//48 4142//47
f 4078//48 4079//49 4143//48
f 4079//49 4144//49 4143//48
f 4079//49 4080//50 4145//50
f 4079//49 4145//50 4144//49
f 4080//50 4081//51 4145//50
f 4081//51 4146//51 4145//50
f 4081//51 4082//52 4147//52
f 4081//51 4147//52 4146//51
f 4082//52 4083//53 4147//52
f 4083//53 4148//53 4147//52
f 4083//53 4084//54 4149//54
f 4083//53 4149//54 4148//53
f 4084//54 4085//55 4149//54
f 4085//55 4150//55 4149//54
f 4085//55 4086//56 4151//56
f 4085//55 4151//56 4150//55
f 4086//56 4087//57 4151//56
f 4087//57 4152//57 4151//56
f 4087//57 4088//58 4153//58
f 4087//57 4153//58 4152//57
f 4088//58 4089//59 4153//58
f 4089//59 4154//59 4153//58
f 4089//59 4090//60 4155//60
f 4089//59 4155//60 4154//59
f 4090//60 4091//61 4155//60
f 4091//61 4156//61 4155//60
f 4091//61 4092//62 4157//62
f 4091//61 4157//62 4156//61
f 4092//62 4093//63 4157//62
f 4093//63 4158//63 4157//62
f 4093//63 4094//64 4159//64
f 4093//63 4159//64 4158//63
f 4094//64 4095//65 4159//64
f 4095//65 4160//65 4159//64
f 4096//1 4097//2 4161//1
f 4097//2 4162//2 4161//1
f 4097//2 4098//3 4163//3
f 4097//2 4163//3 4162//2
f 4098//3 4099//4 4163//3
f 4099//4 4164//4 4163//3
f 4099//4 4100//5 4165//5
f 4099//4 4165//5 4164//4
f 4100//5 4101//6 4165//5
f 4101//6 4166//6 4165//5
f 4101//6 4102//7 4167//7
f 4101//6 4167//7 4166//6
f 4102//7 4103//8 4167//7
f 4103//8 4168//8 4167//7
f 4103//8 4104//9 4169//9
f 4103//8 4169//9 4168//8
f 4104//9 4105//10 4169//9
f 4105//10 4170//10 4169//9
f 4105//10 4106//11 4171//11
f 4105//10 4171//11 4170//10
f 4106//11 4107//12 4171//11
f 4107//12 4172//12 4171//11
f 4107//12 4108//13 4173//13
f 4107//12 4173//13 4172//12
f 4108//13 4109//14 4173//13
f 4109//14 4174//14 4173//13
f 4109//14 4110//15 4175//15
f 4109//14 4175//15 4174//14
f 4110//15 4111//16 4175//15
f 4111//16 4176//16 4175//15
f 4111//16 4112//17 4177//17
f 4111//16 4177//17 4176//16
f 4112//17 4113//18 4177//17
f 4113//18 4178//18 4177//17
f 4113//18 4114//19 4179//19
f 4113//18 4179//19 4178//18
f 4114//19 4115//20 4179//19
f 4115//20 4180//20 4179//19
f 4115//20 4116//21 4181//21
f 4115//20 4181//21 4180//20
f 4116//21 4117//22 4181//21
f 4117//22 4182//22 4181//21
f 4117//22 4118//23 4183//23
f 4117//22 4183//23 4182//22
f 4118//23 4119//24 4183//23
f 4119//24 4184//24 4183//23
f 4119//24 4120//25 4185//25
f 4119//24 4185//25 4184//24
f 4120//25 4121//26 4185//25
f 4121//26 4186//26 4185//25
f 4121//26 4122//27 4187//27
f 4121//26 4187//27 4186//26
f 4122//27 4123//28 4187//27
f 4123//28 4188//28 4187//27
f 4123//28 4124//29 4189//29
f 4123//28 4189//29 4188//28
f 4124//29 4125//30 4189//29
f 4125//30 4190//30 4189//29
f 4125//30 4126//31 4191//31
f 4125//30 4191//31 4190//30
f 4126//31 4127//32 4191//31
f 4127//32 4192//32 4191//31
f 4127//32 4128//33 4193//33
f 4127//32 4193//33 4192//32
f 4128//33 4129//34 4193//33
f 4129//34 4194//34 4193//33
f 4129//34 4130//35 4195//35
f 4129//34 4195//35 4194//34
f 4130//35 4131//36 4195//35
f 4131//36 4196//36 4195//35
f 4131//36 4132//37 4197//37
f 4131//36 4197//37 4196//36
f 4132//37 4133//38 4197//37
f 4133//38 4198//38 4197//37
f 4133//38 4134//39 4199//39
f 4133//38 4199//39 4198//38
f 4134//39 4135//40 4199//39
f 4135//40 4200//40 4199//39
f 4135//40 4136//41 4201//41
f 4135//40 4201//41 4200//40
f 4136//41 4137//42 4201//41
f 4137//42 4202//42 4201//41
f 4137//42 4138//43 4203//43
f 4137//42 4203//43 4202//42
f 4138//43 4139//44 4203//43
f 4139//44 4204//44 4203//43
f 4139//44 4140//45 4205//45
f 4139//44 4205//45 4204//44
f 4140//45 4141//46 4205//45
f 4141//46 4206//46 4205//45
f 4141//46 4142//47 4207//47
f 4141//46 4207//47 4206//46
f 4142//47 4143//48 4207//47
f 4143//48 4208//48 4207//47
f 4143//48 4144//49 4209//49
f 4143//48 4209//49 4208//48
f 4144//49 4145//50 4209//49
f 4145//50 4210//50 4209//49
f 4145//50 4146//51 4211//51
f 4145//50 4211//51 4210//50
f 4146//51 4147//52 4211//51
f 4147//52 4212//52 4211//51
f 4147//52 4148//53 4213//53
f 4147//52 4213//53 4212//52
f 4148//53 4149//54 4213//53
f 4149//54 4214//54 4213//53
f 4149//54 4150//55 4215//55
f 4149//54 4215//55 4214//54
f 4150//55 4151//56 4215//55
f 4151//56 4216//56 4215//55
f 4151//56 4152//57 4217//57
f 4151//56 4217//57 4216//56
f 4152//57 4153//58 4217//57
f 4153//58 4218//58 4217//57
f 4153//58 4154//59 4219//59
f 4153//58 4219//59 4218//58
f 4154//59 4155//60 4219//59
f 4155//60 4220//60 4219//59
f 4155//60 4156//61 4221//61
f 4155//60 4221//61 4220//60
f 4156//61 4157//62 4221//61
f 4157//62 4222//62 4221//61
f 4157//62 4158//63 4223//63
f 4157//62 4223//63 4222//62
f 4158//63 4159//64 4223//63
f 4159//64 4224//64 4223//63
f 4159//64 4160//65 4225//65
f 4159//64 4225//65 4224//64
