v -0.5 -0.5 0.0001
v 0.5 -0.5 0.0001
v 0.5 0.5 0.0001
v -0.5 0.5 0.0001
v 0 0 0.0001
v -0.5 0 0.0001
v -0.142904869348278 -0.223283850318214 0.0001
v -0.25 0 0.0001
v -0.223681393462607 -0.0151033202899509 0.0001
v -0.217361440631322 -0.094865705971667 0.0001
v -0.3125 -0.0625 0.0001
v -0.318056617861305 -0.0343572443181818 0.0001
v -0.165674215653184 -0.0610831354710895 0.0001
v -0.5 -0.25 0.0001
v -0.337766148978862 -0.00326731448002751 0.0001
v -0.273880776965827 -0.0149102469616429 0.0001
v -0.370975305214471 -0.110795348272755 0.0001
v -0.346354166666667 -0.0390625 0.0001
v -0.30172821969697 -0.0107717803030303 0.0001
v -0.282018688579413 -0.0418617101411846 0.0001
v -0.282185339032955 0.0249699027453342 0.0001
v -0.242116537408911 -0.03920570194675 0.0001
v -0.253430281036323 -0.0210852114605883 0.0001
v -0.285375912203066 0.00350076671899783 0.0001
v -0.312931155339176 0.0185674558714985 0.0001
v -0.303938405265829 -0.0862614911840455 0.0001
v -0.210066676355889 0.0391039688264585 0.0001
v -0.213235058536906 -0.0421948071102124 0.0001
v -0.224518666142207 0.0139203518755818 0.0001
v -0.175238982169529 -0.0362779049419684 0.0001
v -0.170432493498502 -0.010130593669673 0.0001
v -0.248559793936626 0.0444552595734175 0.0001
v -0.309054826938356 -0.110994699567726 0.0001
v -0.260474849355197 -0.064462357933677 0.0001
v -0.197351598234651 -0.0715235328486542 0.0001
v -0.244419363282983 -0.113657413870408 0.0001
v -0.228535712659148 -0.133998050437145 0.0001
v -0.134908624273591 -0.0349734080254914 0.0001
v -0.271365071596814 -0.0831573609283215 0.0001
v -0.341858438271345 -0.0865014286111464 0.0001
v -0.27253587530561 -0.151985062944244 0.0001
v -0.20635662539611 -0.119169723055325 0.0001
v -0.235861105631473 -0.178889050728191 0.0001
v -0.206947948006732 -0.142286329384142 0.0001
v -0.155371739358088 -0.026414541559247 0.0001
v -0.195574125998151 -0.162419966003203 0.0001
v -0.16337595863517 -0.0889528253125562 0.0001
v -0.253072428443182 -0.136786394560191 0.0001
v -0.168590147291424 -0.116426700791589 0.0001
v -0.189730194450841 -0.0983046086586554 0.0001
v -0.238529202448159 -0.155410480513628 0.0001
v -0.192783250696711 0.0124470681054594 0.0001
v -0.196355660279457 -0.020126430528879 0.0001
v -0.245533579564603 0.0221062612671698 0.0001
v -0.28665210129954 -0.0678470114773931 0.0001
v -0.170027509881385 -0.163947243524114 0.0001
v -0.230400030281602 -0.0670224658804725 0.0001
v -0.149044053005376 -0.178598411026262 0.0001
v -0.117279450858226 -0.111933081120134 0.0001
v -0.180262651337675 -0.140490814746207 0.0001
v -0.247333374086453 -0.0880148634099445 0.0001
v -0.185508259659784 -0.208470707685543 0.0001
v -0.143568515791698 -0.106943754286201 0.0001
v -0.268590734042503 -0.104614367443125 0.0001
v -0.136886704392418 -0.143490885990826 0.0001
v 0 -0.5 0.0001
v -0.137820409525532 0.00527284629545275 0.0001
v -0.152276265056674 -0.201806914515978 0.0001
v -0.129815313276372 -0.0721556600057991 0.0001
v -0.171488923577799 -0.188392162131855 0.0001
v -0.109517884790176 -0.195932483079353 0.0001
v -0.158183662854689 -0.136337435845617 0.0001
v -0.405515147060538 -0.00594072102510007 0.0001
v -0.308908019273375 0.0762725298815404 0.0001
v -0.164036624769592 0.0185528942293065 0.0001
v -0.0903285454236632 0.0178117211299985 0.0001
v -0.252508917873303 0.0957443055536779 0.0001
v -0.266584512119076 0.12879791994447 0.0001
v -0.175562908127826 0.0779215349068008 0.0001
v -0.361203773401912 0.183009333468236 0.0001
v -0.268981482834443 0.164409684803219 0.0001
v 0.0335557883520488 0.0138122154927154 0.0001
v -0.305586920002318 0.166093786972393 0.0001
v -0.11158891437239 0.00903117099626312 0.0001
v -0.390457554512348 0.161044118337904 0.0001
v -0.121704244113971 -0.0137896215115775 0.0001
v -0.0907534245996369 -0.0477892381466577 0.0001
v -0.111023660578034 -0.0351542967206689 0.0001
v -0.0829536716935846 -0.0126988548389872 0.0001
v -0.0113373934652177 0.0246579745951105 0.0001
v 0.0416946465419793 0.0396674124068281 0.0001
v 0.0149621573123477 0.0351834142254083 0.0001
v -0.11285177470367 0.0773611980027171 0.0001
v -0.192566076788654 -0.0499665147272901 0.0001
v -0.0885728400494982 -0.15163886931021 0.0001
v -0.121102157280234 -0.168615640890397 0.0001
v -0.0972715287442275 -0.17462446586527 0.0001
v -0.0656214704127352 -0.206987885383564 0.0001
v -0.0642453321773364 -0.173984159912874 0.0001
v -0.086010579643869 -0.195269653293007 0.0001
v -0.0965892178583025 -0.237273035334826 0.0001
v -0.112403468585505 -0.145630044335337 0.0001
v -0.094749219682065 -0.125874196695145 0.0001
v -0.0459873729268757 -0.12780751576978 0.0001
v -0.086371096583344 -0.0871582089037858 0.0001
v -0.070640944349081 -0.133717539105885 0.0001
v -0.0533172137432658 -0.151607206189273 0.0001
v -0.064334226206087 -0.10564990819483 0.0001
v -0.0191131070581291 -0.182168222333937 0.0001
v -0.0405250549248224 -0.171711378874294 0.0001
v -0.0403129540325736 -0.198427572066209 0.0001
v -0.0148171923156468 -0.146221194222705 0.0001
v -0.08487107864238 -0.107747317153184 0.0001
v -0.015881473875634 -0.0842048023987167 0.0001
v -0.0377921382138424 -0.247572746497489 0.0001
v -0.0518505148314956 -0.068396153529361 0.0001
v -0.0370835348936665 -0.101760447853621 0.0001
v -0.0459832881236017 -0.22335565957811 0.0001
v -0.0705759318113975 -0.232897195281373 0.0001
v -0.00272536659962803 -0.222217991689865 0.0001
v -0.0245559427977701 -0.215120735375717 0.0001
v -0.0654202674290064 -0.0845674568983069 0.0001
v -0.0741477014552764 -0.0634650304663742 0.0001
v -0.0559741795712693 -0.0341657908784363 0.0001
v -0.0081773131735779 -0.115089917165123 0.0001
v -0.0865459407480946 -0.217468638421096 0.0001
v -0.10908296403998 -0.218488371869322 0.0001
v -0.123091997860512 -0.241352979008822 0.0001
v -0.0758254175673412 -0.281199495277563 0.0001
v -0.25 -0.5 0.0001
v -0.0800125495717615 -0.25630803187474 0.0001
v -0.106279262011175 -0.26244704358734 0.0001
v -0.0561802828948795 -0.265096975389118 0.0001
v -0.0374575246131656 -0.307973639674942 0.0001
v -0.0528656235274578 -0.289175701196066 0.0001
v -0.371263628480336 -0.0141583805546705 0.0001
v -0.0196622907400669 -0.277673682795956 0.0001
v -0.0604978556628286 -0.311145354397497 0.0001
v -0.0433551149044446 -0.35040364793398 0.0001
v -0.14774011637147 -0.24848272845964 0.0001
v -0.169546462490136 -0.231235111149116 0.0001
v -0.134555873404201 -0.277869940747977 0.0001
v -0.217882368481735 -0.248148772475516 0.0001
v -0.196099679640389 -0.232875327614487 0.0001
v -0.219281925537513 -0.208313800752924 0.0001
v -0.180624360010481 -0.267649821265696 0.0001
v 0 0.5 0.0001
v -0.0719084741748873 0.031588597542199 0.0001
v -0.275390161329126 0.0519997722622587 0.0001
v -0.329586828804834 0.158368615278954 0.0001
v -0.256887508061993 0.0663199604950515 0.0001
v -0.00811922519812486 0.0516059911218042 0.0001
v -0.160869420640794 0.100583267321568 0.0001
v -0.299238720275625 0.0958425674776172 0.0001
v -0.392502415661692 0.0850616511368032 0.0001
v -0.390848525193205 -0.0202993294311305 0.0001
v -0.330932848221446 0.0409904834984724 0.0001
v -0.278384735719029 0.110421028109632 0.0001
v -0.373663967926105 0.0565202184589684 0.0001
v -0.5 -0.125 0.0001
v -0.28026710202542 0.085046298882022 0.0001
v 0.0621442125895024 0.057459193334305 0.0001
v -0.338765647716431 0.103198548367838 0.0001
v -0.106576788156308 -0.292032520671614 0.0001
v -0.373505305157961 -0.0413100004977583 0.0001
v -0.374302936718362 0.0161407004399689 0.0001
v -0.386060014057158 -0.00034063224276146 0.0001
v -0.357874525214552 0.00162033323059969 0.0001
v -0.353109081831807 0.0217580203953444 0.0001
v -0.302781677843029 0.0468526265292185 0.0001
v -0.045944442557894 0.0604962615600936 0.0001
v -0.374710331663224 0.145602829306411 0.0001
v -0.5 0.25 0.0001
v -0.472196916250833 0.00372845054860035 0.0001
v -0.337766153120553 0.0697717028220929 0.0001
v -0.398757305327103 -0.0444909177145874 0.0001
v -0.445714698334926 -0.00552384342160103 0.0001
v -0.381910867807789 -0.0764047849189092 0.0001
v -0.411657659147612 -0.0268849246534178 0.0001
v -0.436418051032803 -0.0585566897335378 0.0001
v -0.40571140875451 0.127793940658109 0.0001
v -0.413257570385328 0.0862457858136163 0.0001
v -0.246288012121739 0.136860643949193 0.0001
v -0.327641758099665 0.19346886176317 0.0001
v -0.144645416913149 0.0789908058218811 0.0001
v -0.198068580202913 0.159324181441683 0.0001
v -0.184404060640928 0.0424244113493918 0.0001
v -0.161802938215965 0.127575511309554 0.0001
v -0.0473325640432122 0.0216651259145616 0.0001
v -0.40381934377495 0.0247622777109591 0.0001
v -0.0281625250778178 0.00336320650675217 0.0001
v -0.0990489631720493 0.0486736798038343 0.0001
v 0.0533191854518304 -0.137325176716932 0.0001
v -0.0766826700914314 -0.0325047894141073 0.0001
v -0.0211342568318358 -0.0473322598612217 0.0001
v -0.024950729171155 -0.127786111650624 0.0001
v -0.00886161318054614 -0.250658127650506 0.0001
v 0.0336291746285047 -0.283312526992173 0.0001
v 0.0299352397972724 -0.244146893962962 0.0001
v 0.00777866496980916 -0.272977628520917 0.0001
v 0.00924107474610757 -0.239681918840624 0.0001
v 0.025197409260765 -0.215916772978313 0.0001
v -8.54483616121379e-05 -0.309546776220208 0.0001
v 0.0303263396385974 -0.143787495654787 0.0001
v 0.00587711478878709 -0.195320302114729 0.0001
v 0.0145403664950855 -0.293561871125335 0.0001
v 0.0422540302601742 -0.322276389918435 0.0001
v 0.0214800859774468 -0.314595144445896 0.0001
v 0.00174795461896486 -0.350300703509778 0.0001
v 0.0241287621224793 -0.339364004724598 0.0001
v 0.25 -0.5 0.0001
v 0.0548471144889703 -0.353790969153148 0.0001
v 0.0218610544658573 -0.363091716255623 0.0001
v -0.0108704324452718 -0.392351187382697 0.0001
v 0.00962165398895659 -0.382337438916479 0.0001
v 0.125 -0.5 0.0001
v 0.0505978439319528 -0.226166478589986 0.0001
v 0.0307785525111902 -0.191321611520659 0.0001
v 0.0143679511908193 -0.0169870561515758 0.0001
v 0.0147685590054531 -0.161908974248341 0.0001
v 0.062601141533042 -0.26082300053465 0.0001
v -0.478473841618276 -0.125452826901143 0.0001
v 0.035947898995931 -0.0596171681287277 0.0001
v -0.221556899142775 -0.313496749802157 0.0001
v -0.120143809931289 -0.382357574352757 0.0001
v 0.0698207454704762 -0.192173844267746 0.0001
v -0.469183052679143 -0.0369691145804088 0.0001
v 0.0161226654634424 -0.111628103083748 0.0001
v -0.442780698828673 -0.032193688396429 0.0001
v -0.434103453937203 0.0770992030328141 0.0001
v -0.5 0.0625 0.0001
v -0.464283179537427 -0.0161458752290943 0.0001
v -0.5 0.03125 0.0001
v -0.5 -0.03125 0.0001
v -0.127167955851688 0.109014281316111 0.0001
v 0.0812301222599813 0.0715908499703528 0.0001
v -0.21124435998426 0.0839742752947808 0.0001
v -0.201640506079906 0.132970665427177 0.0001
v -0.5 -0.15625 0.0001
v -0.155504593072667 -0.332679400243605 0.0001
v -0.202300426431706 -0.18801569444042 0.0001
v -0.279733480078343 -0.222991738408343 0.0001
v -0.0848292412323082 -0.304703612423341 0.0001
v -0.118165364841595 -0.336920467826146 0.0001
v -0.0815421980212026 -0.341460419338794 0.0001
v -0.1060407137674 -0.316110783598485 0.0001
v -0.130517616581235 -0.304610634240298 0.0001
v -0.162700476265898 -0.295795475775062 0.0001
v -0.157046391803491 -0.270308971945162 0.0001
v -0.351177547979733 -0.0189774536258686 0.0001
v -0.131018215490526 0.0512179056368672 0.0001
v -0.363944889924765 -0.0896258714171274 0.0001
v -0.356314451027811 -0.0639389153948358 0.0001
v -0.334323739739093 -0.0657615692108324 0.0001
v -0.36370684721808 0.126489175430723 0.0001
v -0.422514074138281 -0.108249787908883 0.0001
v -0.410315311217801 -0.0709953807175722 0.0001
v -0.432670291987318 -0.0842997724084271 0.0001
v -0.5 -0.0625 0.0001
v -0.462459849140618 -0.111060725185167 0.0001
v -0.466914651181878 -0.0761408274421645 0.0001
v -0.400159093368763 -0.0949453962180282 0.0001
v -0.39750145105583 -0.124844361445119 0.0001
v -0.4389339291049 -0.160146827240756 0.0001
v -0.359333353431302 -0.16484339376318 0.0001
v -0.42328083389945 -0.136553273023006 0.0001
v -0.372776503081645 -0.139461187638295 0.0001
v -0.441625723707927 -0.121894169498346 0.0001
v -0.5 -0.1875 0.0001
v -0.399046059539359 -0.155677162532266 0.0001
v -0.335998999699419 -0.136233802627458 0.0001
v -0.3554131432381 -0.126162693965546 0.0001
v -0.335190428206409 -0.110927172434825 0.0001
v -0.425445984562344 0.0105584399904022 0.0001
v -0.384374951076201 0.0364948953747674 0.0001
v -0.287778421154105 0.134067991133091 0.0001
v -0.353714819705839 0.0448579982450951 0.0001
v -0.209251515754526 0.107488534579651 0.0001
v -0.0697522653857642 0.00752979289211509 0.0001
v -0.142080580037872 0.0293796312928281 0.0001
v -0.317523776017723 0.107464695592263 0.0001
v -0.414518833015557 0.0654951752415755 0.0001
v -0.5 0.125 0.0001
v -0.36310841129978 0.0831742932931412 0.0001
v -0.42838290369509 0.0385963549405695 0.0001
v -0.37057933655723 0.104732650466721 0.0001
v -0.448701058240762 0.0190535106080958 0.0001
v -0.354484504677243 0.154396256234934 0.0001
v -0.198860216843031 0.0638863481618576 0.0001
v -0.0306560638229633 0.0406312033609635 0.0001
v 0.0834593489955182 0.012311863616573 0.0001
v -0.183737599758982 0.113304643814716 0.0001
v -0.33380421952976 0.133511271983754 0.0001
v -0.0531642515607716 -0.0100290543045276 0.0001
v -0.160551688767981 0.0524573341496769 0.0001
v -0.0324774687012854 -0.0246692789037866 0.0001
v -0.00612493273985931 -0.0256496081036445 0.0001
v 0.0383448781565073 -0.119230967536058 0.0001
v 0.00177607049228424 -0.0471551564953084 0.0001
v 0.0395771534307328 -0.167468697592227 0.0001
v -0.041991674464499 -0.049844912108925 0.0001
v -0.0302169003494091 -0.0679977815873931 0.0001
v -0.0183529889054066 -0.298818207940014 0.0001
v -0.0193014171733527 -0.321349458425209 0.0001
v -0.00608498445380603 -0.165494962143003 0.0001
v 0.040970065626521 -0.262863151007094 0.0001
v 0.0669776147297728 -0.296367184687424 0.0001
v 0.0350323547652464 -0.0959789251819255 0.0001
v 0.00817715078746173 -0.134851839110224 0.0001
v 0.0359489735163148 -0.0223960831902418 0.0001
v -0.304070806637953 -0.14331719084671 0.0001
v -0.429381403906836 0.099368309012514 0.0001
v -0.5 0.09375 0.0001
v -0.5 -0.09375 0.0001
v 0.0664348384039377 0.0318795423772542 0.0001
v -0.00170297889558963 -0.0682296115777544 0.0001
v 0.109635190077226 0.0522754637852557 0.0001
v -0.452613477699171 -0.0920605007204889 0.0001
v 0.0249251107446919 0.0795901072073048 0.0001
v -0.251577672040204 -0.207127535254096 0.0001
v -0.393454697808813 0.108174953884909 0.0001
v 0.0105920496207189 -0.0856958279810989 0.0001
v -0.312900744153958 -0.178893735941999 0.0001
v 0.5 0 0.0001
v -0.310743234588041 0.129814224540349 0.0001
v -0.00531170655722356 0.0817926460719771 0.0001
v 0.077908073097425 -0.101732756200205 0.0001
v 0.055787547860785 0.0946650891211961 0.0001
v 0.0142808760834206 0.0586572402300789 0.0001
v -0.226006830697182 0.0655633742768993 0.0001
v 0.0901188425316402 0.0936128008185641 0.0001
v 0.0203632064426105 -0.430348601401257 0.0001
v -0.0596930872240103 -0.334165907965264 0.0001
v 0.0851586612562858 0.0481698711568329 0.0001
v 0.0398880761210466 0.0623919329504481 0.0001
v -0.179937475017504 0.143447886454755 0.0001
v -0.14273286413936 0.167659229921812 0.0001
v -0.157920743299658 0.150306744799066 0.0001
v -0.135638042686487 0.134804022790333 0.0001
v -0.172666835593107 0.178536250315765 0.0001
v -0.222715707058335 0.149245999841771 0.0001
v -0.0241480615669083 0.0683206422393282 0.0001
v -0.0386120303840899 0.108448305270288 0.0001
v -0.0422469727054322 0.0844675028303094 0.0001
v -0.0797131321289744 0.102412405852477 0.0001
v -0.0691660427415819 0.0763488829572862 0.0001
v -0.225220624455148 0.125388903701743 0.0001
v -0.228257979375543 0.197977647242116 0.0001
v 0.0137111958943201 0.134292912393856 0.0001
v -0.0997407250790628 0.132307946164625 0.0001
v -0.0908727549900929 0.0827306574550893 0.0001
v -0.103808309942939 0.103069811674559 0.0001
v -0.0675474508612761 0.053785556825924 0.0001
v -0.218614419234433 0.174393427432275 0.0001
v -0.197474250619731 0.196801348059168 0.0001
v -0.245348809857239 0.177225496283763 0.0001
v 0.0116036414913727 0.105360057469976 0.0001
v -0.152691563534212 0.231645502497274 0.0001
v -0.273591233444273 0.217898899421026 0.0001
v 0.0380440474083561 0.117977248094897 0.0001
v -0.0125963446370574 0.121666043462761 0.0001
v -0.170168979159795 0.207907906941663 0.0001
v -0.210780861047697 0.251960556538119 0.0001
v -0.268331666828814 0.191408930176412 0.0001
v 0.0739574548981729 0.126903288798306 0.0001
v -0.0179936735269592 0.100077853601656 0.0001
v -0.0218265296572639 0.174615489923816 0.0001
v -0.136473385973179 0.201401555586251 0.0001
v -0.211906432342701 0.222504375710134 0.0001
v -0.183703995782109 0.236176307559194 0.0001
v -0.250590509351114 0.208698552189241 0.0001
v -0.248661811378242 0.246871165687703 0.0001
v -0.297747178338509 0.199335625429604 0.0001
v 0.047184539288961 0.157911785967057 0.0001
v -0.0403624889833659 0.144105058935366 0.0001
v -0.00974419429510034 0.14944246175758 0.0001
v -0.15578543998001 0.19189264529943 0.0001
v -0.22817085774877 0.23787546277897 0.0001
v -0.323094621756675 0.249397086602676 0.0001
v -0.287359575664944 0.179340437467666 0.0001
v 0.0349693758043003 0.139694338375243 0.0001
v 0.0172864671139938 0.164755062502168 0.0001
v -0.317480862201932 0.220791710229777 0.0001
v 0.0443667446681332 0.214334458327148 0.0001
v -0.294160048756864 0.240221916598781 0.0001
v -0.361104349407074 0.227084204215219 0.0001
v 0.037818584350288 0.185725740150741 0.0001
v -0.27102441274966 0.240901752770108 0.0001
v -0.36271066682077 0.278439390837003 0.0001
v -0.265475507810987 0.264986527626886 0.0001
v -0.373411332830354 0.301267030674562 0.0001
v -0.5 0.1875 0.0001
v -0.373000936869946 0.347169567842284 0.0001
v 0.197091599024547 0.153685044011118 0.0001
v -0.233531427321652 0.277774829068975 0.0001
v -0.25 0.5 0.0001
v -0.366923222340129 0.25654458660827 0.0001
v -0.340741792339492 0.213891293624052 0.0001
v 0.0918080296517522 0.18842201741285 0.0001
v 0.0026580774503778 0.208827272053872 0.0001
v -0.346256320839291 0.245321764435991 0.0001
v -0.5 0.375 0.0001
v 0.0644330620984135 0.194687788396707 0.0001
v 0.0142909654360058 0.188224622213325 0.0001
v -0.416238916726707 0.231499138932993 0.0001
v -0.385002711151928 0.278878521519013 0.0001
v 0.0728043513977361 0.168328606939038 0.0001
v 0.0892280293137466 0.240083168542968 0.0001
v -0.388049012965699 0.237067073041651 0.0001
v -0.378707617882647 0.324802448344944 0.0001
v 0.0663776167700326 0.147421006359484 0.0001
v 0.100508754642925 0.148371071110259 0.0001
v 0.0704286217848724 0.220882210807577 0.0001
v -0.407119391419903 0.259473202268181 0.0001
v -0.395324973935082 0.199759224457767 0.0001
v -0.257736674257179 0.291946522718205 0.0001
v 0.0961193814681492 0.214532329098756 0.0001
v 0.0457903243836398 0.263808853098999 0.0001
v -0.410001694456439 0.282446235373092 0.0001
v -0.380450472175097 0.216221746850807 0.0001
v -0.355332444309541 0.318838575383381 0.0001
v -0.283797392741065 0.281574934980489 0.0001
v 0.140250085221249 0.193834335842456 0.0001
v 0.0520557051180633 0.238870894115636 0.0001
v 0.0157117864587727 0.242995927334627 0.0001
v -0.429838896879115 0.27050666582995 0.0001
v -0.430940054217393 0.294785417286447 0.0001
v -0.438392788943982 0.245649769050753 0.0001
v -0.316560532573456 0.3800603574536 0.0001
v -0.409167280233945 0.305584335419099 0.0001
v -0.356447729567435 0.363258246184184 0.0001
v -0.3405132926551 0.28053811815791 0.0001
v 0.115265780408925 0.197959760664259 0.0001
v 0.11220106826502 0.171881678219884 0.0001
v 0.134910050431223 0.239211541740372 0.0001
v 0.148032732072681 0.13939912812962 0.0001
v 0.118916976913923 0.221524277829906 0.0001
v 0.125536019608435 0.150587210869107 0.0001
v 0.11589062095192 0.117087660413718 0.0001
v 0.147798231718232 0.167139551017279 0.0001
v -0.436179439913449 0.174955286494677 0.0001
v -0.413042683916755 0.345474148643956 0.0001
v -0.302454696513148 0.26427537157948 0.0001
v -0.312386424782068 0.293697166711025 0.0001
v -0.220511547443507 0.327769901295831 0.0001
v 0.1705474815362 0.1534606564816 0.0001
v -0.431634782641515 0.323534716154132 0.0001
v -0.269750215218669 0.356236856006203 0.0001
v -0.284176371016 0.320454409982851 0.0001
v -0.334720826419162 0.304796459771243 0.0001
v -0.312311812815072 0.321867998258877 0.0001
v -0.234072086976644 0.304608505339718 0.0001
v 0.184217317469228 0.106517452569779 0.0001
v 0.183471757277726 0.194714142289454 0.0001
v -0.455668440982185 0.362748974110408 0.0001
v -0.45314802420363 0.264627676368294 0.0001
v -0.5 0.3125 0.0001
v -0.292454143693304 0.300932137718127 0.0001
v -0.295738189863657 0.371037580807443 0.0001
v -0.191315945866437 0.292047694676632 0.0001
v -0.253174853068386 0.331343209218769 0.0001
v 0.184002606649189 0.131916855314595 0.0001
v 0.229136096283848 0.119597776994615 0.0001
v 0.208306660459852 0.132122306733134 0.0001
v 0.240923914501254 0.162784885438245 0.0001
v 0.220291070005875 0.152053473390802 0.0001
v 0.215976742817464 0.185549119503616 0.0001
v 0.162037889057566 0.185580458074191 0.0001
v 0.161402653605476 0.216787251889574 0.0001
v 0.183663745466862 0.172002732882008 0.0001
v -0.437198370661827 0.347096911505387 0.0001
v -0.423180395851238 0.37516541657918 0.0001
v -0.467354178503896 0.327538472017971 0.0001
v -0.297090817162489 0.344115479593429 0.0001
v -0.210359241340537 0.306275514828886 0.0001
v -0.175615593451133 0.332920114222881 0.0001
v -0.197506727523297 0.325490840630338 0.0001
v -0.199731213079797 0.368012419108103 0.0001
v 0.13975386009024 0.215514813702168 0.0001
v 0.211566739533227 0.244873129776126 0.0001
v -0.325050842758397 0.359015284697862 0.0001
v 0.190445532515889 0.223755755931068 0.0001
v -0.451384547099514 0.308674418475628 0.0001
v -0.476223335745115 0.303838476010945 0.0001
v -0.5 0.28125 0.0001
v -0.46004755771692 0.286962582270434 0.0001
v -0.477894730992873 0.269216236525759 0.0001
v -0.234658747866868 0.361637255573756 0.0001
v 0.203959503207599 0.205152525654788 0.0001
v 0.244719554197382 0.216654073254807 0.0001
v 0.25 0.5 0.0001
v -0.259270754344111 0.404853265915815 0.0001
v 0.17138861246701 0.23917418559038 0.0001
v -0.272174016975893 0.382196965861896 0.0001
v -0.247318587526948 0.383043746902395 0.0001
v -0.334591252128423 0.411892672762366 0.0001
v -0.220751318932784 0.384308907763258 0.0001
v -0.291925765203499 0.393446022160192 0.0001
v -0.36941710298013 0.400687171522293 0.0001
v -0.182055348015194 0.433456875280557 0.0001
v -0.196945790054735 0.393309898328016 0.0001
v -0.153493049635003 0.375723372099261 0.0001
v -0.177699575371534 0.378388673790277 0.0001
v -0.125 0.5 0.0001
v -0.215729382891061 0.407007595559936 0.0001
v -0.171229787104399 0.406606786422251 0.0001
v -0.180371502003489 0.355484172271175 0.0001
v -0.1545394733895 0.349145643768612 0.0001
v -0.129044767051501 0.439222563937675 0.0001
v -0.136314145614237 0.303670732319939 0.0001
v -0.154736946154672 0.428863855209365 0.0001
v -0.151839949395841 0.3238379449605 0.0001
v -0.171548339251102 0.307906053190578 0.0001
v -0.108326142949771 0.341277305697334 0.0001
v -0.158122458420064 0.270921113466566 0.0001
v -0.132542447554885 0.338694198643037 0.0001
v -0.123452247855421 0.368278679247571 0.0001
v -0.1425113454817 0.402565228476148 0.0001
v -0.1875 0.5 0.0001
v -0.0680232088698712 0.381592403685991 0.0001
v -0.15625 0.5 0.0001
v -0.0938601485144748 0.367118611870249 0.0001
v -0.165316540083266 0.449477276632239 0.0001
v -0.18650374411949 0.470305929039615 0.0001
v -0.0552836386357739 0.328553741331888 0.0001
v -0.100168422119343 0.408676867088385 0.0001
v -0.21875 0.5 0.0001
v -0.0691332483556693 0.353276463268862 0.0001
v -0.0891930760657002 0.389084948317094 0.0001
v -0.0686551712579778 0.413460374181474 0.0001
v -0.11252053459575 0.388887102516716 0.0001
v -0.0831844412085239 0.329164398532872 0.0001
v -0.0183818776698827 0.365466639691709 0.0001
v -0.107286864449216 0.311285776150311 0.0001
v -0.0454766935012468 0.366528808738195 0.0001
v -0.110004824211307 0.262515079848451 0.0001
v -0.0701628040718175 0.286424025958822 0.0001
v -0.0328304830971705 0.343009123026282 0.0001
v -0.0304737106610826 0.403127910448521 0.0001
v -0.116517178669299 0.287339092435809 0.0001
v -0.138162501736279 0.281265571025143 0.0001
v -0.0934735054874669 0.280118156160624 0.0001
v -0.136630037930711 0.253879722509229 0.0001
v -0.070698654078917 0.242165998658386 0.0001
v -0.0767054118420003 0.264370982454816 0.0001
v -0.0345467156472848 0.263860549906571 0.0001
v -0.0696482340379024 0.309934625527565 0.0001
v -0.0381999723190051 0.297485395151953 0.0001
v 0.0142048013898914 0.328624489821247 0.0001
v -0.0470660957411046 0.388554968040236 0.0001
v -0.12377999401259 0.227678763752423 0.0001
v -0.00728423514274113 0.342449999315384 0.0001
v -0.0205879581739569 0.318486598953897 0.0001
v 0.0279690974630807 0.373631378237423 0.0001
v 0.00594504942277549 0.363012321409159 0.0001
v 0.00311442948351822 0.397031655269989 0.0001
v -0.0858374816583909 0.193145943150642 0.0001
v -0.00136096331160457 0.284476981509755 0.0001
v -0.109930900488889 0.204784440168748 0.0001
v -0.017344122015857 0.29788076635164 0.0001
v 0.00419659222724288 0.307335353299945 0.0001
v 0.0288326341624536 0.289240802763202 0.0001
v -0.11070821684206 0.172417552093265 0.0001
v -0.0874810628947205 0.220501213361821 0.0001
v 0.0167615032647211 0.267681892839154 0.0001
v -0.00836894911339123 0.258740208333405 0.0001
v 0.0823953102071573 0.306586134636229 0.0001
v -0.050271624709523 0.209009850017163 0.0001
v -0.0948905295043051 0.243573437466985 0.0001
v -0.00828241774838106 0.232584783004999 0.0001
v -0.0237994515641824 0.211041241852597 0.0001
v 0.0580601130626094 0.290359744599384 0.0001
v -0.0358625171798775 0.23608978169925 0.0001
v 0.0753316527362422 0.26626763760582 0.0001
v 0.0512938454650246 0.326868618811132 0.0001
v -0.0550591959039689 0.228930770584224 0.0001
v 0.112634534392163 0.269284962100102 0.0001
v 0.0428103007591374 0.306414904844748 0.0001
v 0.0946337922792042 0.259731776565739 0.0001
v 0.112158622473611 0.244342385473707 0.0001
v 0.0931003950546731 0.284356790115923 0.0001
v 0.128472941721359 0.287407205446248 0.0001
v 0.106457964176162 0.304481774462219 0.0001
v 0.12958565798446 0.311449516340593 0.0001
v 0.162034414592079 0.338770568290217 0.0001
v 0.140056314038566 0.266309899068811 0.0001
v 0.171649684602713 0.297455821919978 0.0001
v 0.0962645278383576 0.326549618697677 0.0001
v -0.0208167571376226 -0.344578935248543 0.0001
v -0.0261130020182161 -0.370603182381978 0.0001
v -0.0667969387217167 -0.387871956860285 0.0001
v -0.0491747915628572 -0.372829875004735 0.0001
v -0.0719705424422593 -0.363967542692299 0.0001
v -0.0397618778386337 -0.401700738993583 0.0001
v -0.102908934075829 -0.363835941369624 0.0001
v -0.0161766317494117 -0.42526839148914 0.0001
v -0.142557395950635 -0.39150664593839 0.0001
v -0.140535744629347 -0.367382233509052 0.0001
v -0.125 -0.5 0.0001
v -0.122517794370676 -0.357169163684425 0.0001
v -0.0939214573365851 -0.389478602756162 0.0001
v -0.156886925402769 -0.41101917870085 0.0001
v -0.184312498412282 -0.375860609636759 0.0001
v -0.116781605927568 -0.425453654505353 0.0001
v -0.165641443387653 -0.38957217830572 0.0001
v -0.199283799588884 -0.415815023813083 0.0001
v -0.111775711948283 -0.403383918614005 0.0001
v -0.0833813361783468 -0.421426968385671 0.0001
v -0.0617075530699185 -0.411263244108087 0.0001
v -0.0258557264055718 -0.466480183580583 0.0001
v -0.0416972218459166 -0.427222780419335 0.0001
v -0.0642523791019007 -0.43402764315376 0.0001
v -0.0625 -0.5 0.0001
v -0.095581333068978 -0.460767736058757 0.0001
v -0.027551283907392 -0.444339438040906 0.0001
v -0.0509832980546466 -0.457269178415026 0.0001
v 0.00361562282000736 -0.453087945686688 0.0001
v -0.0736147011320972 -0.454781355890744 0.0001
v -0.09375 -0.5 0.0001
v -0.0645529651393164 -0.476529303230648 0.0001
v -0.03125 -0.5 0.0001
v 0.0541946305225731 -0.279899599383141 0.0001
v 0.0459238341528281 -0.30102754955732 0.0001
v 0.0687950513316953 -0.322852166129018 0.0001
v 0.0323261609676188 -0.383261757086788 0.0001
v 0.104251031144225 -0.273736270532945 0.0001
v 0.0687834412220038 -0.162579291806526 0.0001
v 0.121765070717194 -0.175537713761988 0.0001
v 0.08681507060853 -0.134175901151841 0.0001
v 0.0934467829705739 -0.176530284277373 0.0001
v 0.107965393614775 -0.22411999841863 0.0001
v 0.106789625926463 -0.152744727467629 0.0001
v 0.093637853576292 -0.202481509580943 0.0001
v 0.0733805294311074 -0.216618520563182 0.0001
v 0.154683025202543 -0.137593888222956 0.0001
v 0.121717297790189 -0.116659210727793 0.0001
v 0.132872986164642 -0.151923517139402 0.0001
v 0.16918048468924 -0.18342188523832 0.0001
v 0.155468820845364 -0.162552403868408 0.0001
v 0.19932048604736 -0.14868014714558 0.0001
v 0.175438306085268 -0.149432055360871 0.0001
v 0.186046470226821 -0.10671958447156 0.0001
v 0.174718823902608 -0.126579794118896 0.0001
v 0.152161184235873 -0.100553044025429 0.0001
v 0.023376769563305 -0.0410062627331449 0.0001
v 0.0592159574018303 -0.0783954338283431 0.0001
v 0.109932649831718 -0.0569281304127393 0.0001
v 0.070178002935823 -0.0410076138189429 0.0001
v 0.0876017492030295 -0.0748141488465234 0.0001
v 0.0569292768592991 -0.0574240463630107 0.0001
v 0.104298064829943 -0.0960313707291836 0.0001
v 0.088446392515673 -0.0529854928650317 0.0001
v 0.105820577971812 -0.0188194312894097 0.0001
v 0.100145412764137 -0.117206866744877 0.0001
v -0.265522396326219 -0.18087349111046 0.0001
v -0.288850448508588 -0.171241458538722 0.0001
v -0.293352221652028 -0.198712765306176 0.0001
v -0.338260154561302 -0.223457388239387 0.0001
v -0.30899505307868 -0.223446307562128 0.0001
v -0.323635619273558 -0.202282287902694 0.0001
v -0.338914068715918 -0.181111964877022 0.0001
v -0.327672077119713 -0.159308434903862 0.0001
v -0.372895459512359 -0.202814479132243 0.0001
v -0.323607960835997 -0.275330799571116 0.0001
v -0.293859542447554 -0.255709177409632 0.0001
v -0.323618563659185 -0.247327755233652 0.0001
v -0.37325493475875 -0.261348073282932 0.0001
v -0.346459521367424 -0.261337927706366 0.0001
v -0.359865836079284 -0.238608427358127 0.0001
v -0.359839242754659 -0.308843876483114 0.0001
v -0.397207782280313 -0.231933069573144 0.0001
v -0.346449813318724 -0.286977789221404 0.0001
v -0.314381987440561 -0.321646597548411 0.0001
v -0.325526700803973 -0.299789799675921 0.0001
v -0.287111668013303 -0.293971820050351 0.0001
v -0.251026143685604 -0.241023972109523 0.0001
v -0.135735696653417 -0.325121627327919 0.0001
v -0.194625025641474 -0.29634583332585 0.0001
v -0.458218222710442 -0.0559856874029708 0.0001
v -0.477950115260869 -0.09529274686162 0.0001
v -0.458252331858464 -0.14228520247206 0.0001
v -0.469476352918336 -0.173802454054852 0.0001
v -0.282706329451552 -0.12728841595896 0.0001
v -0.453137424514677 0.143217730219673 0.0001
v -0.470250905658222 0.0664259521083072 0.0001
v -0.453095977415018 0.0468257595219691 0.0001
v -0.45505505439509 0.081509170600527 0.0001
v -0.477723604060125 0.0425780659697261 0.0001
v -0.485555517868098 -0.015625 0.0001
v -0.287753736576719 0.155045977560744 0.0001
v -0.116432497506862 0.0323679315672041 0.0001
v -0.340793486104263 0.176593645201581 0.0001
v 0.058032081165461 -0.0027532635646418 0.0001
v 0.0572140935068578 -0.0240683446784319 0.0001
v 0.0812635016719475 -0.019093309733013 0.0001
v -0.191375460577684 0.0929041711366344 0.0001
v -0.0852691582314739 0.0633754394465324 0.0001
v 0.0733174983140162 0.106024468790249 0.0001
v 0.0935071701840406 0.115777089656847 0.0001
v -0.0687075463178929 0.131441461313763 0.0001
v -0.0600632560278363 0.111563447392765 0.0001
v -0.0667900275530147 0.165203771476704 0.0001
v -0.0837395318126264 0.149230805237122 0.0001
v -0.383048182140323 0.181639183410949 0.0001
v -0.407004150472852 0.178627342369078 0.0001
v -0.421410032705722 0.20038255766206 0.0001
v -0.416676337413091 0.152948230781841 0.0001
v -0.470757398103116 0.238683411079909 0.0001
v -0.430592140223903 0.131915247203163 0.0001
v -0.452478851775943 0.116394396534376 0.0001
v -0.474687179537107 0.129268884054748 0.0001
v -0.5 0.15625 0.0001
v -0.439570704469498 0.219388565103155 0.0001
v 0.0222807976738366 0.220908487370759 0.0001
v 0.122705383004841 0.0837219513487499 0.0001
v -0.401073609249714 0.326503817143548 0.0001
v -0.209436970694957 0.276077321085028 0.0001
v -0.186383144387101 0.262696836282151 0.0001
v -0.264017337183857 0.312636227703878 0.0001
v -0.3125 0.5 0.0001
v -0.5 0.34375 0.0001
v -0.343421711482856 0.341361465677816 0.0001
v -0.235550128340185 0.341376416318906 0.0001
v -0.214115149489472 0.349953453130873 0.0001
v 0.242652788682072 0.189731383310686 0.0001
v 0.263709135768772 0.152312443576793 0.0001
v 0.5 0.25 0.0001
v 0.272303713667463 0.131017561467367 0.0001
v 0.26053246963971 0.175055520888703 0.0001
v 0.283616455393832 0.173574463604392 0.0001
v 0.305230794308261 0.165067712364501 0.0001
v -0.338801281477365 0.375551528057395 0.0001
v -0.287130866780562 0.432163526717341 0.0001
v -0.383728459829656 0.374766740422503 0.0001
v -0.165871126897137 0.249836366426274 0.0001
v -0.22033268588052 0.447529088319377 0.0001
v -0.0558520827188373 0.451492251030066 0.0001
v -0.0888187847403702 0.30082593043321 0.0001
v -0.0497732870815763 0.279217101694236 0.0001
v -0.0556895031887455 0.258123839881248 0.0001
v -0.0160563313007467 0.386985084823165 0.0001
v 0.0625 0.5 0.0001
v -0.00492406786792572 0.448319791681386 0.0001
v -0.128569688500475 0.1824835997764 0.0001
v -0.124400551350718 0.154424308718712 0.0001
v 0.0336740046286152 0.347278479854907 0.0001
v 0.125 0.5 0.0001
v 0.105669926895856 0.348964666369776 0.0001
v -0.03125 0.5 0.0001
v 0.0530341137143923 0.365263531352192 0.0001
v 0.00968815585128441 0.431700578687483 0.0001
v 0.042919775677297 0.431708761243427 0.0001
v -0.00584260343261717 -0.369152173334207 0.0001
v -0.000172542171683731 -0.410961947110793 0.0001
v 0.0196438427977998 -0.402116671752826 0.0001
v 0.0625 -0.5 0.0001
v -0.0982817827260761 -0.438368238230901 0.0001
v -0.121964755917233 -0.452585951722781 0.0001
v -0.115024131648013 -0.476834436525427 0.0001
v -0.1875 -0.5 0.0001
v -0.152713652985916 -0.476873494086879 0.0001
v -0.142709974084003 -0.434561717672017 0.0001
v -0.175288726659961 -0.438140297044737 0.0001
v -0.142841116725928 -0.455663259440633 0.0001
v -0.164263376395497 -0.456527857819714 0.0001
v -0.199925610754527 -0.465412029960165 0.0001
v -0.15625 -0.5 0.0001
v -0.177414605310313 -0.477444557786763 0.0001
v -0.00369687984178921 -0.476119713287918 0.0001
v 0.0594095641480728 -0.415171465909378 0.0001
v 0.03125 -0.5 0.0001
v 0.0244840387608194 -0.472390322378733 0.0001
v 0.0992194501305142 -0.307459552932393 0.0001
v 0.0371791072233977 -0.415794994168002 0.0001
v 0.0491682182914984 -0.446639491773368 0.0001
v -0.085818607316362 -0.479970893847373 0.0001
v -0.0427501581030182 -0.480955350966106 0.0001
v 0.0805182529624897 -0.276658432627027 0.0001
v 0.0891404166096601 -0.248848887549628 0.0001
v 0.0688408674873447 -0.239254935450887 0.0001
v 0.0687453978412927 -0.121692536800224 0.0001
v 0.0558231564046298 -0.103677507537315 0.0001
v 0.142857453416956 -0.119792736190245 0.0001
v 0.180035402300995 -0.0435670499985662 0.0001
v -0.301325193222671 -0.276752132993664 0.0001
v -0.279022494833652 -0.272818902095652 0.0001
v -0.251833926266967 -0.295339358659954 0.0001
v -0.271449524416589 -0.25126385899655 0.0001
v -0.253499697110129 -0.269678036659256 0.0001
v -0.222960968230492 -0.280580382045053 0.0001
v -0.231032493605381 -0.228668715578556 0.0001
v -0.191033603375885 -0.3317062529348 0.0001
v -0.47785739662163 -0.153060578534553 0.0001
v -0.467641278049571 -0.21875 0.0001
v -0.0437035557591712 0.167020630719545 0.0001
v -0.0568491201328008 0.186472672789998 0.0001
v -0.0884640635518161 0.171012782490833 0.0001
v -0.5 0.21875 0.0001
v -0.469801165997403 0.172520752904431 0.0001
v 0.109358542044617 0.098374726009374 0.0001
v 0.103217934131179 0.073382130581145 0.0001
v 0.171916233961641 0.044828861133475 0.0001
v 0.147313862051753 0.106126890783917 0.0001
v -0.375 0.5 0.0001
v -0.403177037709217 0.402415870837341 0.0001
v -0.314420918385501 0.430362838721495 0.0001
v -0.393394579201744 0.355125766059765 0.0001
v -0.313095850151725 0.403045562355897 0.0001
v -0.35591829819571 0.455431444186329 0.0001
v -0.302994881489062 0.464892729812569 0.0001
v -0.338854650348947 0.436797097710909 0.0001
v -0.329820794310491 0.462199330730732 0.0001
v -0.36616235631544 0.428921017639808 0.0001
v -0.34375 0.5 0.0001
v -0.4375 0.5 0.0001
v -0.347613774621241 0.477109505933715 0.0001
v -0.373101439181544 0.474443731385444 0.0001
v -0.381112367833539 0.449932392433194 0.0001
v -0.40625 0.5 0.0001
v -0.392216336067578 0.426207395118782 0.0001
v -0.402561923930134 0.470507409654366 0.0001
v -0.5 0.4375 0.0001
v -0.417106981070677 0.423253911782551 0.0001
v -0.407193483204152 0.446067746308934 0.0001
v -0.440781945133397 0.401816206402436 0.0001
v -0.432436429771737 0.463510230688806 0.0001
v -0.487411052723436 0.328125 0.0001
v -0.476745992166121 0.349601671636701 0.0001
v 0.0739380071337945 0.349098657672405 0.0001
v 0.330046732880186 0.117332941543775 0.0001
v -0.197598298672948 0.450273570176333 0.0001
v -0.211650695233383 0.471144669495365 0.0001
v -0.206511942535821 0.42857692823147 0.0001
v -0.243074154495021 0.469293428223668 0.0001
v -0.230089639805108 0.42589846608871 0.0001
v -0.244249824764575 0.4453015720985 0.0001
v -0.271800808252965 0.458676383574816 0.0001
v -0.191239041527119 0.413788769509252 0.0001
v -0.0866411895359197 0.425755630541473 0.0001
v -0.0625 0.5 0.0001
v -0.107487117616605 0.433609602209965 0.0001
v -0.112575098116724 0.458272855055739 0.0001
v -0.123483437533465 0.416377298223053 0.0001
v -0.135589301032641 0.461525010583804 0.0001
v -0.0893294681646885 0.450211936141825 0.0001
v -0.09375 0.5 0.0001
v -0.0937865709306179 0.474906478212362 0.0001
v 0.148644198072991 0.298520552307779 0.0001
v -0.00983243527066054 0.421276479455087 0.0001
v -0.0516506978680187 0.428906932087343 0.0001
v -0.031061424389915 0.439096636894307 0.0001
v 0.0504842892273003 0.39934954682208 0.0001
v 0.0755018622846997 0.372719542038607 0.0001
v -0.177715071271858 -0.416690599476242 0.0001
v -0.187732538091397 -0.397361240022274 0.0001
v -0.224137204623753 -0.380548137952497 0.0001
v -0.199968835410842 -0.440608814851133 0.0001
v -0.24357886923633 -0.426997539798145 0.0001
v -0.227783831423924 -0.453058933367765 0.0001
v -0.219854310134951 -0.427653033458621 0.0001
v -0.219830142353883 -0.403903682590548 0.0001
v -0.249376496098991 -0.39727749843005 0.0001
v -0.3125 -0.5 0.0001
v -0.21875 -0.5 0.0001
v -0.264769982139638 -0.346649899711239 0.0001
v -0.250884000932169 -0.449242112290199 0.0001
v -0.375 -0.5 0.0001
v -0.249204558996259 -0.474599504826434 0.0001
v -0.221360672155193 -0.476162609171255 0.0001
v -0.249514575598721 -0.369665462845055 0.0001
v -0.260907533793681 -0.414952417366636 0.0001
v -0.286474770304561 -0.38567360909157 0.0001
v -0.281111518608627 -0.406792725963377 0.0001
v -0.282752032235627 -0.439947864085397 0.0001
v -0.321231512615464 -0.405740733243401 0.0001
v -0.27230097021612 -0.463394888312778 0.0001
v -0.30755438004709 -0.465055728125005 0.0001
v -0.22475094878302 -0.346949177152489 0.0001
v -0.265447085351008 -0.383551499582311 0.0001
v -0.277953846576304 -0.364865002479192 0.0001
v -0.292687531169618 -0.340322235348439 0.0001
v -0.306516259465166 -0.365317891210298 0.0001
v -0.273213827594345 -0.319154293021939 0.0001
v -0.308626547295419 -0.387439517301824 0.0001
v -0.346786943827109 -0.37263774609054 0.0001
v -0.294167699213575 -0.314292185442094 0.0001
v -0.246332011271326 -0.325943288666726 0.0001
v 0.0638146944150177 -0.383984216689908 0.0001
v 0.161517317210919 -0.299517516825813 0.0001
v 0.0277809036687885 -0.450844353582208 0.0001
v 0.0521799265999869 -0.47423272002509 0.0001
v 0.09375 -0.5 0.0001
v 0.0723391687897793 -0.458071433303899 0.0001
v 0.108682278357631 -0.427347093353115 0.0001
v 0.0948436509830693 -0.447834582728055 0.0001
v 0.130876041437871 -0.461803851416645 0.0001
v 0.0831217365294406 -0.424999299598506 0.0001
v 0.0989973148949543 -0.392474437618579 0.0001
v 0.0931163967371593 -0.473892543607081 0.0001
v 0.0727054969437094 -0.480962298148509 0.0001
v 0.17413479383653 -0.0759910334436808 0.0001
v -0.201444443663733 -0.275255228004364 0.0001
v -0.233647947646054 -0.262293419535755 0.0001
v -0.172850762703199 -0.316919653757019 0.0001
v -0.201717906269908 -0.314928823321115 0.0001
v -0.210937796505529 -0.332591024453046 0.0001
v -0.20079245276584 -0.356174771433797 0.0001
v -0.173802639744727 -0.35167209967127 0.0001
v -0.477561487503104 -0.196643779400457 0.0001
v -0.5 -0.21875 0.0001
v -0.445009008980037 -0.195314758338293 0.0001
v -0.035409872851029 0.19214608306315 0.0001
v -0.469643366403109 0.20563274532316 0.0001
v -0.477981224999783 0.151542913362692 0.0001
v -0.452222027839744 0.163127882464206 0.0001
v 0.141825875791486 0.0573354021502056 0.0001
v 0.135584587486196 0.123024194504699 0.0001
v 0.163265244816332 0.122426134491257 0.0001
v -0.348396503248379 0.395077543096812 0.0001
v -0.403387356933377 0.381603237734824 0.0001
v -0.279954157871624 0.411619080365825 0.0001
v -0.262772286755463 0.429146882998091 0.0001
v -0.421868720329159 0.395169592535972 0.0001
v -0.443885138062311 0.380628820411894 0.0001
v -0.5 0.40625 0.0001
v -0.421875 0.483572019488765 0.0001
v 0.328104643823512 0.169108933927196 0.0001
v -0.448644765624458 0.434291303334737 0.0001
v -0.42849915122156 0.442221130682921 0.0001
v 0.321048373047272 0.142293241165296 0.0001
v -0.28125 0.5 0.0001
v 0.287839809030701 0.149669722416432 0.0001
v 0.0734858563396623 0.326911212561555 0.0001
v -0.00289722842615464 0.474201360983444 0.0001
v -0.0538432218975431 0.476476980757974 0.0001
v 0.0268413058582675 0.397333356471608 0.0001
v -0.301594480107867 -0.422397385942786 0.0001
v -0.333179366146331 -0.43973009237969 0.0001
v -0.28125 -0.5 0.0001
v 0.152533909829643 -0.249181398530868 0.0001
v 0.0477499841831013 -0.397589575584682 0.0001
v 0.129248350954392 -0.294702922682063 0.0001
v 0.0781052182038195 -0.401907453786324 0.0001
v 0.165659395049463 -0.392741997022572 0.0001
v 0.101622568946397 -0.349973564588586 0.0001
v 0.234563876029209 -0.0702391927489758 0.0001
v 0.145712505738366 -0.0540697683935483 0.0001
v -0.161580857528703 -0.36886906079175 0.0001
v -0.483820639024785 -0.234375 0.0001
v -0.477996079937731 -0.25659540430554 0.0001
v -0.458576256928937 -0.244325835023477 0.0001
v -0.422283892023409 -0.265900673877015 0.0001
v -0.439584032243499 -0.223199881953395 0.0001
v -0.444090683090447 -0.261270989602172 0.0001
v -0.5 -0.375 0.0001
v -0.428977680781982 -0.243757694448581 0.0001
v -0.413466740085791 -0.2036485629163 0.0001
v -0.459189718073533 0.222529212296819 0.0001
v -0.480378285132995 0.189127531786222 0.0001
v -0.454095580823733 0.189002278070755 0.0001
v 0.13191981706754 0.0154299928027465 0.0001
v 0.167931870779621 0.077694119059617 0.0001
v -0.476885042035035 0.372818889195992 0.0001
v -0.464587818637252 0.394481967649306 0.0001
v -0.46875 0.5 0.0001
v 0.310113069369295 0.204188508933494 0.0001
v -0.296875 0.485390024075117 0.0001
v -0.265625 0.481830713440197 0.0001
v 0.270809128825924 0.201110588900858 0.0001
v 0.350761511218514 0.100753285477601 0.0001
v 0.104065992801202 0.428938949761752 0.0001
v 0.0263072094716297 0.418531078504086 0.0001
v -0.310924886991538 -0.442839319372046 0.0001
v -0.361738734929864 -0.410596356129046 0.0001
v -0.289248192468053 -0.478648180692752 0.0001
v -0.34375 -0.5 0.0001
v 0.132290622168931 -0.402009296553828 0.0001
v 0.0911336136358864 -0.329241531939321 0.0001
v 0.0779922308180598 -0.348909504908049 0.0001
v 0.120103845177213 -0.327603979852248 0.0001
v 0.0888584005017456 -0.370516646092685 0.0001
v 0.114301213465951 -0.372088233757889 0.0001
v 0.203538176475428 -0.0645930479527061 0.0001
v 0.165587628138329 -0.057686699535399 0.0001
v 0.159149714240859 -0.036647589043061 0.0001
v 0.152150419635835 -0.0751088788858863 0.0001
v 0.181858853698221 -0.00308275624987058 0.0001
v 0.13188942356893 -0.0295154872395167 0.0001
v 0.12903515709699 -0.0706775421655675 0.0001
v 0.152214821076991 -0.00749097236409802 0.0001
v 0.125882946532123 -0.00703867517969117 0.0001
v 0.107949920575038 0.00982488699010818 0.0001
v 0.115690947715088 0.0307763121993598 0.0001
v 0.163558064696184 0.0181069186823606 0.0001
v 0.191749555770514 0.0239572174380164 0.0001
v 0.234738618662664 -0.00709625566768194 0.0001
v 0.215984352900564 0.0668455316396452 0.0001
v 0.208864743510877 0.00236790999815546 0.0001
v 0.197314162271644 0.0491041450780808 0.0001
v 0.22209130905831 0.0304322227489301 0.0001
v 0.192170686259112 0.0732113975630334 0.0001
v 0.210824697022008 0.0952685554722819 0.0001
v 0.200172151992943 -0.0241908166332933 0.0001
v 0.246937047524077 0.0871442311185074 0.0001
v 0.230713986555924 0.099354525079797 0.0001
v 0.252354459223639 0.111224445249509 0.0001
v 0.292333330106025 0.0895807617225731 0.0001
v 0.248009372843721 0.13555367818646 0.0001
v 0.269291574916265 0.0947645476085445 0.0001
v 0.271623030167693 0.0513259791602786 0.0001
v -0.399489730988552 -0.299627852035359 0.0001
v -0.5 -0.3125 0.0001
v -0.441394440601868 -0.302243256540401 0.0001
v -0.5 -0.28125 0.0001
v -0.417865437573741 -0.224992465323742 0.0001
v -0.393027259456666 -0.210714581856655 0.0001
v -0.376692549717404 -0.224953962482955 0.0001
v -0.39236760590668 -0.182794630633173 0.0001
v -0.371445713821849 -0.181924757119443 0.0001
v -0.41712987577793 -0.174511934861098 0.0001
v 0.16585493627669 0.0978799858393632 0.0001
v 0.145655027946767 0.0832320334593792 0.0001
v -0.475198399031353 0.421875 0.0001
v -0.473291277955486 0.452398499118498 0.0001
v -0.452153530851002 0.455342698246844 0.0001
v -0.450643273459784 0.479579936892486 0.0001
v -0.5 0.46875 0.0001
v 0.303721495602221 0.120644877403283 0.0001
v 0.323042032373394 0.0873507552559611 0.0001
v 0.291152090672433 0.193825833068531 0.0001
v 0.289092827294996 0.22012189160537 0.0001
v 0.327848440324388 0.249418290688555 0.0001
v 0.368956600529499 0.144716848862343 0.0001
v 0.31260218458626 0.229304546297805 0.0001
v 0.355881432553771 0.212334012999236 0.0001
v 0.284569192356878 0.266388823987124 0.0001
v 0.336635093145004 0.226922774144268 0.0001
v 0.293355845177493 0.243893307442838 0.0001
v 0.372120111810443 0.253746843925039 0.0001
v 0.261186647111672 0.244291928708214 0.0001
v 0.350594714143264 0.245339115400342 0.0001
v 0.346452829712406 0.287701571592533 0.0001
v 0.305456628870485 0.0577426534332103 0.0001
v 0.344652758743306 0.150418230989003 0.0001
v 0.364145329413712 0.178859248994134 0.0001
v 0.35347694126293 0.125376416878712 0.0001
v 0.408002073883547 0.13484662795996 0.0001
v 0.5 0.125 0.0001
v 0.377471438277888 0.110269018384323 0.0001
v 0.360614555684597 0.0450085934548328 0.0001
v 0.347811270404251 0.0714886975551449 0.0001
v 0.326402644502098 0.0653283784363755 0.0001
v 0.327808609851837 0.0287348070362765 0.0001
v 0.384596024386685 0.0729390576251927 0.0001
v 0.365720637638425 0.0844642114561415 0.0001
v 0.0240598901815264 0.459070145387897 0.0001
v 0.0731022691078278 0.421700655766501 0.0001
v -0.340290338367253 -0.418135842224518 0.0001
v -0.34169643877597 -0.395123748828711 0.0001
v -0.358674678182215 -0.436157737394441 0.0001
v -0.405519984013233 -0.428808774105007 0.0001
v -0.350113480782268 -0.467821983900881 0.0001
v -0.381060937003719 -0.425876854767297 0.0001
v -0.398487944676187 -0.383983671517646 0.0001
v -0.4375 -0.5 0.0001
v -0.395682464324223 -0.407387922422645 0.0001
v -0.438574484908214 -0.400659139696399 0.0001
v 0.13120379332542 -0.266986811201656 0.0001
v 0.155651187783562 -0.27459474926471 0.0001
v 0.202765444028792 -0.276657103838593 0.0001
v 0.179948499985387 -0.258716505243527 0.0001
v 0.12772503029872 -0.241140416940009 0.0001
v 0.150345698889759 -0.213640727353201 0.0001
v 0.179319651152154 -0.282995930093599 0.0001
v 0.19970669970702 -0.322815350471655 0.0001
v 0.196337594801379 -0.29941162234438 0.0001
v 0.239889003518634 -0.299429166544032 0.0001
v 0.21810975362926 -0.308221756816358 0.0001
v 0.244586215546514 -0.34243406357069 0.0001
v 0.222262632600091 -0.332358946645904 0.0001
v 0.195558001943844 -0.364047492890729 0.0001
v 0.223136393081656 -0.360191844845983 0.0001
v 0.223160704107707 -0.227238657180424 0.0001
v 0.110066837001714 -0.253174178787554 0.0001
v 0.174575579795752 -0.22998661159561 0.0001
v 0.21618219785232 -0.411008548404084 0.0001
v 0.205993793608641 -0.249071620789736 0.0001
v 0.172719477940414 -0.206606756604549 0.0001
v 0.198174544759258 -0.216349510359314 0.0001
v 0.193038921906051 -0.191642613119259 0.0001
v 0.220696999272575 -0.198780751135849 0.0001
v 0.188006251264114 -0.168966335427547 0.0001
v 0.211942164842911 -0.175550709827299 0.0001
v 0.257500036909824 -0.171645824202479 0.0001
v 0.235271790849897 -0.180023106503947 0.0001
v 0.5 -0.25 0.0001
v 0.234584689487195 -0.144521145571378 0.0001
v 0.212492824582564 -0.384619475048344 0.0001
v 0.265340951739903 -0.389337572153123 0.0001
v 0.234602554289829 -0.266401374910868 0.0001
v 0.218092072872914 -0.156262348539852 0.0001
v 0.21562484017206 -0.135342665211048 0.0001
v 0.240863943200168 -0.10737840682655 0.0001
v 0.195848666257487 -0.127801695383328 0.0001
v 0.21439646491301 -0.108862108713972 0.0001
v 0.188766353037885 -0.386894717815138 0.0001
v 0.172070931082933 -0.369498708611656 0.0001
v 0.184651705981426 -0.419214726391632 0.0001
v 0.177937053530476 -0.341449719275283 0.0001
v 0.14333327963077 -0.374077520161313 0.0001
v 0.248348974565919 -0.368812773020927 0.0001
v 0.23824797112627 -0.394471165599485 0.0001
v 0.201678187385757 -0.0885154525407924 0.0001
v 0.176560300534802 -0.317807919120329 0.0001
v 0.148785646812888 -0.325319977568471 0.0001
v 0.130292440416891 -0.351553585891497 0.0001
v 0.187336358832644 -0.463472397646354 0.0001
v 0.25653130209351 -0.441856385810955 0.0001
v 0.155136376927464 -0.351319131449849 0.0001
v 0.267988641985413 -0.352553574655708 0.0001
v 0.254714460157895 -0.210171334322413 0.0001
v 0.24070709372103 -0.420742198740811 0.0001
v 0.246417107722047 -0.470158892510619 0.0001
v 0.267991595872607 -0.416780482668879 0.0001
v 0.231837365171149 -0.443876580580011 0.0001
v 0.1875 -0.5 0.0001
v 0.375 -0.5 0.0001
v 0.289055548239769 -0.400896501724135 0.0001
v 0.21875 -0.5 0.0001
v 0.3125 -0.5 0.0001
v 0.269039112009203 -0.318004219609339 0.0001
v 0.138157085996513 -0.482474012247265 0.0001
v 0.356614055077393 -0.438069318364093 0.0001
v 0.216096633355865 -0.469793639393639 0.0001
v 0.28125 -0.5 0.0001
v 0.201999964076457 -0.443493425957677 0.0001
v 0.306681488414502 -0.446179068906675 0.0001
v 0.182350533151252 -0.439196438947301 0.0001
v 0.309803013568713 -0.418892361872522 0.0001
v 0.144458851960481 -0.44266131217925 0.0001
v 0.16598529363388 -0.450890162417212 0.0001
v 0.282092202642508 -0.438381567938852 0.0001
v 0.272492794353251 -0.463518850140132 0.0001
v 0.160999467952488 -0.426614203718159 0.0001
v 0.288223497690413 -0.372497355857955 0.0001
v 0.198407777942839 -0.48168696617127 0.0001
v 0.15625 -0.5 0.0001
v 0.151041728326994 -0.464746769070613 0.0001
v 0.115512964795479 -0.478832931537975 0.0001
v 0.330504086951894 -0.435082408944155 0.0001
v 0.320356255735869 -0.385767678135054 0.0001
v 0.303900258487461 -0.336354816869836 0.0001
v 0.332555762083612 -0.470606815929887 0.0001
v 0.334579141899649 -0.40854239696571 0.0001
v 0.289075625298957 -0.351395811875093 0.0001
v 0.311014412321407 -0.362849726634935 0.0001
v 0.356312539745464 -0.35774819111191 0.0001
v 0.334382924624779 -0.366687167642853 0.0001
v 0.355659659507867 -0.387515496924781 0.0001
v 0.334639112056626 -0.335946672055835 0.0001
v 0.35977676866613 -0.412723690479454 0.0001
v 0.318936700684128 -0.311072477784944 0.0001
v 0.378873620113307 -0.42797680152445 0.0001
v 0.381904708433301 -0.46425558899435 0.0001
v 0.363262576068587 -0.329165184645752 0.0001
v 0.384123904880786 -0.308426423262138 0.0001
v 0.318546157110262 -0.281659236901728 0.0001
v 0.5 -0.375 0.0001
v 0.42180405778982 -0.36085225482332 0.0001
v 0.389649346494062 -0.394904465637439 0.0001
v 0.37659491572125 -0.373083852971827 0.0001
v 0.400924458779764 -0.373343713427983 0.0001
v 0.433508168417083 -0.404111753190569 0.0001
v 0.395258697773508 -0.340177377337402 0.0001
v 0.421555403812673 -0.384132586633629 0.0001
v 0.460197162581607 -0.374579735321122 0.0001
v 0.291513618151841 -0.296727383179923 0.0001
v 0.350969670998047 -0.295937936703802 0.0001
v 0.290959433163114 -0.318650217667742 0.0001
v 0.282808524367718 -0.249327764735192 0.0001
v 0.26536294465745 -0.291612906925664 0.0001
v 0.340357413176665 -0.314943509395863 0.0001
v 0.295196406173663 -0.271551858618335 0.0001
v 0.321776879207087 -0.242171099879646 0.0001
v 0.112722209261478 -0.407443908860787 0.0001
v 0.129373022089715 -0.0943044556019841 0.0001
v 0.0948800270161876 0.0297399062809629 0.0001
v 0.14626727055205 0.0341619408132041 0.0001
v 0.223570266958735 -0.0425827854953228 0.0001
v 0.273433456921915 -0.0387750506290783 0.0001
v 0.220684973196511 -0.0221740016971137 0.0001
v 0.243505491065783 -0.0293560950397911 0.0001
v 0.266897206350105 -0.00728713823925053 0.0001
v 0.243625172523154 0.058445752303812 0.0001
v 0.251352324403374 0.0302226757031206 0.0001
v 0.236607963599318 0.0144290708177335 0.0001
v 0.282089837109975 0.0209849934651695 0.0001
v -0.464387242558272 -0.28318148428312 0.0001
v -0.469711790394174 -0.313002233262985 0.0001
v -0.482901168600721 -0.295261518057199 0.0001
v -0.5 -0.34375 0.0001
v -0.438912475148507 -0.351420481963064 0.0001
v -0.448102320005651 -0.327233046850342 0.0001
v -0.472415652908453 -0.340630426650432 0.0001
v -0.415198333373729 -0.328570935735026 0.0001
v -0.476745403491481 0.476745403491481 0.0001
v 0.283394809917848 0.111844399192691 0.0001
v 0.236948035620918 0.293360746645455 0.0001
v 0.236327455206757 0.240378836432818 0.0001
v 0.220313857480599 0.222609127727433 0.0001
v 0.244910335696744 0.266772894173916 0.0001
v 0.26494000258419 0.28725737217125 0.0001
v 0.217018434933613 0.272906235608177 0.0001
v 0.305596398349331 0.305833240856721 0.0001
v 0.204879681381688 0.304669816395425 0.0001
v 0.18837031308564 0.263930877327726 0.0001
v 0.288410457076939 0.289667952323872 0.0001
v 0.312422207977806 0.273749312603948 0.0001
v 0.273112613379549 0.323149842094161 0.0001
v 0.197877711661742 0.283792687007485 0.0001
v 0.164078907597144 0.262390825222522 0.0001
v 0.333747156681467 0.27021390736094 0.0001
v 0.355437227670995 0.267814462487568 0.0001
v 0.388716676668726 0.290354804538277 0.0001
v 0.254893292989655 0.308421653456751 0.0001
v 0.237893937742922 0.348083576728325 0.0001
v 0.229157261183949 0.32086500290092 0.0001
v 0.199731596333462 0.345321561859501 0.0001
v 0.20835051762735 0.325761204842908 0.0001
v 0.183580134873331 0.326525644165481 0.0001
v 0.285926065702439 0.0683160718160255 0.0001
v 0.263850302596185 0.0723849364529987 0.0001
v 0.341513559833667 0.191029590168906 0.0001
v 0.379868718599237 0.163664757159308 0.0001
v 0.338945976933853 0.0474865120254261 0.0001
v 0.394209501398798 0.203228249714426 0.0001
v 0.421142627930557 0.17601567072889 0.0001
v 0.383959446576516 0.18514413085162 0.0001
v 0.373060516697366 -0.0212841916575975 0.0001
v 0.06010407787104 0.463734344403964 0.0001
v 0.0749212032565373 0.397240430558004 0.0001
v 0.110245751263659 0.385809602861608 0.0001
v -0.328125 -0.480191796500744 0.0001
v -0.359375 -0.486371754079028 0.0001
v -0.368483371112837 -0.455799242527328 0.0001
v 0.143944343477347 -0.188671804235999 0.0001
v 0.121279887300917 -0.201650922924157 0.0001
v 0.223082083673075 -0.285182320748941 0.0001
v 0.276349400877706 -0.132479631391936 0.0001
v 0.265625 -0.484459093617769 0.0001
v 0.296875 -0.476957611961843 0.0001
v 0.247012812772758 -0.320410043244703 0.0001
v 0.250697375721188 -0.240446288230361 0.0001
v 0.27147904060625 -0.227799755411996 0.0001
v 0.298872896397083 -0.227128441577597 0.0001
v 0.284470084532968 -0.198659562296139 0.0001
v 0.336991371207553 -0.194047327645877 0.0001
v 0.322597427361647 -0.215963576476038 0.0001
v 0.368645862503705 -0.230521943694208 0.0001
v 0.310370222079837 -0.192248227131411 0.0001
v 0.347674751637531 -0.216748738501422 0.0001
v 0.382576400312829 -0.186459346757048 0.0001
v 0.360853987524056 -0.196682006536045 0.0001
v 0.353593238218681 -0.153062831255973 0.0001
v 0.351072179823575 -0.175896372534335 0.0001
v 0.321481443058011 -0.161073304023625 0.0001
v 0.290527243133113 -0.1676083185585 0.0001
v 0.151957186690053 -0.408113577804 0.0001
v 0.136597137024012 -0.422867387350368 0.0001
v 0.171875 -0.481805831206915 0.0001
v 0.34375 -0.5 0.0001
v 0.356697825079293 -0.463294382657973 0.0001
v 0.4375 -0.5 0.0001
v 0.407485254152342 -0.419007471346788 0.0001
v 0.399764283063122 -0.444497406420026 0.0001
v 0.40625 -0.5 0.0001
v 0.5 -0.4375 0.0001
v 0.42767474527606 -0.424099683260037 0.0001
v 0.449218661961191 -0.344731695582539 0.0001
v 0.46506627707061 -0.424167100938699 0.0001
v 0.345677525046789 -0.264002760601737 0.0001
v 0.347152479358964 -0.240395882460965 0.0001
v 0.252585516167941 -0.0527613706055775 0.0001
v 0.265489633952543 -0.0840970972545579 0.0001
v 0.312159788327408 -0.0143138988270452 0.0001
v 0.26294900738772 0.0130526177180631 0.0001
v 0.303543473409714 0.0331528956172583 0.0001
v 0.303295955684415 0.00859253856963574 0.0001
v -0.464954605196641 -0.374872632863711 0.0001
v -0.420050924787366 -0.307202840443493 0.0001
v -0.410348792192171 -0.357334476246231 0.0001
v -0.429102028545031 -0.37597362875545 0.0001
v -0.376995115825045 -0.358453714047372 0.0001
v -0.384800901965331 -0.326334478188995 0.0001
v 0.324379903897154 0.29306134994756 0.0001
v 0.337629190369559 0.332745269000287 0.0001
v 0.340144194059618 0.309851851773342 0.0001
v 0.36655690658168 0.305400950148816 0.0001
v 0.368481167494187 0.284393591666782 0.0001
v 0.394416126585133 0.322590266453028 0.0001
v 0.5 0.375 0.0001
v 0.386183249626716 0.130698676613185 0.0001
v 0.370320605620807 0.34474911578382 0.0001
v 0.330063679253582 0.207751488843977 0.0001
v 0.400981676340504 0.112315872860636 0.0001
v 0.444432688424722 0.111136022258314 0.0001
v 0.416594896804393 0.0212037630194806 0.0001
v 0.357488537119989 0.0101069981605121 0.0001
v 0.03125 0.5 0.0001
v 0.0187043720249152 0.481107411611143 0.0001
v 0.0422110705741551 0.479109540515646 0.0001
v 0.0432807681857133 0.452138231698194 0.0001
v 0.0629411147433101 0.441572905121339 0.0001
v 0.0899669518540911 0.456294980563843 0.0001
v 0.130366250413415 0.459805127078903 0.0001
v 0.110886423586086 0.449765407571783 0.0001
v 0.09375 0.5 0.0001
v 0.132865774074088 0.431037381290979 0.0001
v 0.109079565695363 0.477189190588808 0.0001
v 0.0798124705283513 0.479190176430493 0.0001
v 0.119979711765198 0.40921173126534 0.0001
v 0.0965547528141958 0.406597403601069 0.0001
v 0.153592864265335 0.381505110396603 0.0001
v 0.132573764221489 0.390247866015877 0.0001
v 0.125957137748621 0.365151776455403 0.0001
v 0.153323273081294 0.410495124324101 0.0001
v 0.130626240407355 0.338493540587318 0.0001
v 0.202576097233829 0.396456888009394 0.0001
v 0.1875 0.5 0.0001
v 0.175878303842962 0.396208613215545 0.0001
v 0.14885986251754 0.446919508934485 0.0001
v 0.15625 0.5 0.0001
v 0.179301932888649 0.36677930036951 0.0001
v 0.183149333545354 0.432635645736601 0.0001
v 0.204884328129377 0.370681709732225 0.0001
v 0.240181877922476 0.386833635551564 0.0001
v 0.0968279653994664 0.368769369246715 0.0001
v 0.130547922633152 -0.220408980184216 0.0001
v 0.258161322051461 -0.147845201282068 0.0001
v 0.254758175655906 -0.125369616446096 0.0001
v 0.272463449746621 -0.107941818910379 0.0001
v 0.317905197683855 -0.113322005799112 0.0001
v 0.294425578066836 -0.117040375334977 0.0001
v 0.300947347212901 -0.14297738019299 0.0001
v 0.300933493451521 -0.0821444281465967 0.0001
v 0.313188517913381 -0.465203818458833 0.0001
v 0.264604466050255 -0.191522968312613 0.0001
v 0.359375 -0.48487521712727 0.0001
v 0.409736678892409 -0.471462327806209 0.0001
v 0.414361717707922 -0.315650192501448 0.0001
v 0.418082887748871 -0.338251223662384 0.0001
v 0.5 -0.3125 0.0001
v 0.41203980394245 -0.26205774967026 0.0001
v 0.404693461707217 -0.289222553182237 0.0001
v 0.430660511584101 -0.281669219998166 0.0001
v 0.378995445662264 -0.26769712350572 0.0001
v 0.469022365933597 -0.319813532072691 0.0001
v 0.437403065237645 -0.323463379635146 0.0001
v 0.5 -0.125 0.0001
v 0.436174113928369 -0.257788428286817 0.0001
v 0.5 -0.28125 0.0001
v 0.417010622313526 -0.219807770309596 0.0001
v 0.325280625691666 -0.262333988195065 0.0001
v 0.245394367408116 -0.0875059343070542 0.0001
v 0.223648059311887 -0.0891161540751976 0.0001
v 0.288211311457542 -0.0192851158355499 0.0001
v 0.306292952461202 -0.0483426338818214 0.0001
v -0.458742885312914 -0.355585210377945 0.0001
v -0.482528795429454 -0.360767931641376 0.0001
v -0.5 -0.4375 0.0001
v -0.371273240503917 -0.385082802560559 0.0001
v -0.34991788228664 -0.340046147219226 0.0001
v -0.393252578834962 -0.345396568880309 0.0001
v 0.303441877876261 0.340917695022936 0.0001
v 0.358651379999586 0.326011207180158 0.0001
v 0.5 0.3125 0.0001
v 0.421649893084366 0.376384402643434 0.0001
v 0.392383345857142 0.0419921232747562 0.0001
v 0.348356678203646 0.0285156992001414 0.0001
v 0.332198354079069 0.00277043372146136 0.0001
v 0.341405652198522 -0.0283229856590955 0.0001
v 0.388835805096262 0.00609926041392445 0.0001
v 0.148651459959418 0.358327991962803 0.0001
v 0.153522313613502 0.473325070547481 0.0001
v 0.133688900253927 0.480704369602958 0.0001
v 0.161947227572717 0.430037559185947 0.0001
v 0.170261657163213 0.44999696292753 0.0001
v 0.207482321329646 0.464162599280652 0.0001
v 0.179960489109284 0.474626272905783 0.0001
v 0.332344200963023 -0.136250190551683 0.0001
v 0.372772893516812 -0.10698782974506 0.0001
v 0.345543655094315 -0.111927279541715 0.0001
v 0.362865325292314 -0.129893064531744 0.0001
v 0.387279272097432 -0.153103185348536 0.0001
v 0.388491978405718 -0.127382414419354 0.0001
v 0.433481456612409 -0.142392593623607 0.0001
v 0.416786408408037 -0.0893195209416111 0.0001
v 0.408869893616418 -0.141232185260102 0.0001
v 0.397271339949534 -0.104360720486051 0.0001
v 0.412657618836967 -0.173690876956017 0.0001
v 0.422358321399382 -0.116729173515576 0.0001
v 0.381608817364702 -0.0638590976591062 0.0001
v 0.395431341730104 -0.0817930070167456 0.0001
v 0.418828898562994 -0.0494655913823719 0.0001
v 0.330396709072153 -0.0863140614201067 0.0001
v 0.461817877076847 -0.114868691212705 0.0001
v 0.318028497888792 -0.0675291515498668 0.0001
v 0.349505472341628 -0.0602684766233725 0.0001
v 0.329113872126156 -0.0475664015122746 0.0001
v 0.442440231780924 -0.123267422474139 0.0001
v 0.46322266903336 -0.14466336667817 0.0001
v 0.442403176933503 -0.0966284051352505 0.0001
v 0.5 -0.1875 0.0001
v 0.5 -0.0625 0.0001
v 0.436056120327833 -0.0703277792198106 0.0001
v 0.5 -0.09375 0.0001
v 0.478500100677935 -0.129012594549515 0.0001
v 0.5 -0.15625 0.0001
v 0.482566584172727 -0.107306331960029 0.0001
v 0.473862451673345 -0.078125 0.0001
v 0.44607525443442 -0.173348239725957 0.0001
v 0.462966791089044 -0.0305620497067772 0.0001
v 0.476304521700001 -0.0525361164527802 0.0001
v 0.5 -0.03125 0.0001
v 0.452096996689866 -0.0521946281726329 0.0001
v 0.43708124155881 -0.0311024309376124 0.0001
v 0.449300035592216 0.003848163104617 0.0001
v 0.407337678927251 -0.0197910412389203 0.0001
v 0.282139332933667 -0.0636581734941007 0.0001
v 0.390625 -0.484479171051753 0.0001
v 0.391964607610942 -0.244058250544583 0.0001
v 0.361003780864649 -0.277869048879903 0.0001
v 0.378831893394003 -0.288405244010715 0.0001
v 0.5 -0.34375 0.0001
v 0.450700783925998 -0.299877129904218 0.0001
v 0.455226018847606 -0.274764022911621 0.0001
v 0.475671103532038 -0.291412371452132 0.0001
v 0.466719364667781 -0.242686025600535 0.0001
v -0.5 -0.40625 0.0001
v -0.369929371386037 -0.339728439966703 0.0001
v -0.329281387158391 -0.35450987303726 0.0001
v -0.33872690402287 -0.319309282228539 0.0001
v 0.2937374340817 0.322713368368334 0.0001
v 0.317509592100031 0.324173205847831 0.0001
v 0.375 0.5 0.0001
v 0.272288645929508 0.359325893900232 0.0001
v 0.417865674908679 0.301822644288769 0.0001
v 0.400446643861197 0.35332800072735 0.0001
v 0.374850828922349 0.0261427071835366 0.0001
v 0.433404717388079 0.065275030638137 0.0001
v 0.354183787874169 -0.0110902920568149 0.0001
v 0.371290109941787 -0.1678584885106 0.0001
v 0.405085249089768 -0.197669525935756 0.0001
v 0.384284363303342 -0.211232716579569 0.0001
v 0.432505300448747 -0.197180049406065 0.0001
v 0.445728029275426 -0.222853484729776 0.0001
v 0.429682097937804 -0.237239147595133 0.0001
v 0.5 -0.21875 0.0001
v 0.457315072064827 -0.195527554559705 0.0001
v 0.475096520620107 -0.172578784671602 0.0001
v 0.356910768954707 -0.0857340104419525 0.0001
v 0.367516780079888 -0.0445429056066046 0.0001
v 0.3928365338144 -0.0408694839325329 0.0001
v 0.429249900849807 -0.162153746090658 0.0001
v 0.481767264694341 -0.015625 0.0001
v 0.5 0.0625 0.0001
v 0.475291932530342 0.0103813774864331 0.0001
v 0.5 0.03125 0.0001
v 0.454539346120118 0.0379739648926225 0.0001
v 0.428639086644056 -0.00853988373408169 0.0001
v 0.479406672630501 -0.265625 0.0001
v -0.467610641915112 -0.421875 0.0001
v -0.482420284473416 -0.390625 0.0001
v 0.326646958255979 0.362397105491993 0.0001
v 0.25926625114434 0.340931878535901 0.0001
v 0.282751084043265 0.341466783173425 0.0001
v 0.293590584027392 0.359811079616725 0.0001
v 0.282079514549547 0.397330946516949 0.0001
v 0.25082312018602 0.366762765625463 0.0001
v 0.419766353788439 0.25421205496524 0.0001
v 0.440178719275628 0.338067103776532 0.0001
v 0.368473150289751 0.414395415805377 0.0001
v 0.407940970822916 0.0623602082189643 0.0001
v 0.422938420045884 0.0440256584532709 0.0001
v 0.417768271548898 0.089191823693924 0.0001
v 0.396216068496229 0.0912013162982779 0.0001
v 0.398080774471767 -0.225315994204465 0.0001
v 0.438491237838392 0.0229727250170636 0.0001
v 0.477079495864857 0.0333261964874328 0.0001
v 0.471154486396497 0.0615718917826943 0.0001
v 0.5 0.09375 0.0001
v 0.474616035796315 -0.344587675789251 0.0001
v -0.487574161086467 -0.421875 0.0001
v -0.47759240150079 -0.442566378274418 0.0001
v -0.5 -0.46875 0.0001
v -0.381815729895672 -0.476414379559552 0.0001
v -0.461454244113822 -0.399823222168442 0.0001
v 0.348508531414384 0.353634358400669 0.0001
v 0.368121600571971 0.37056632836425 0.0001
v 0.345271211722557 0.377209631695718 0.0001
v 0.316074504025449 0.394804875484268 0.0001
v 0.362116339333576 0.392530449696908 0.0001
v 0.393174532810985 0.389219125392032 0.0001
v 0.339943391036198 0.410833342686118 0.0001
v 0.388342752761804 0.369557845281927 0.0001
v 0.430164635712119 0.433280722387174 0.0001
v 0.305406129869524 0.442859654868884 0.0001
v 0.3125 0.5 0.0001
v 0.417883410225801 0.406033361678917 0.0001
v 0.351588076004884 0.433600338907444 0.0001
v 0.390948516934363 0.451181068843413 0.0001
v 0.376989138378061 0.473635272664964 0.0001
v 0.368496301235844 0.448596757608882 0.0001
v 0.335462041558105 0.468812275849604 0.0001
v 0.327191299655976 0.431717146797708 0.0001
v 0.306361730494437 0.417860199564094 0.0001
v 0.275942260753587 0.429215411159324 0.0001
v 0.40625 0.5 0.0001
v 0.393932030034227 0.414668195404712 0.0001
v 0.4375 0.5 0.0001
v 0.34375 0.5 0.0001
v 0.437826839263937 0.393503174752352 0.0001
v 0.449539394819672 0.366232156072568 0.0001
v 0.5 0.4375 0.0001
v 0.471115039589141 0.39164932713214 0.0001
v 0.402969718688615 0.474220686260697 0.0001
v 0.415487460816325 0.453033488315547 0.0001
v 0.451775263852902 0.464667647309477 0.0001
v 0.428457604124165 0.474987902620948 0.0001
v 0.5 0.34375 0.0001
v 0.457847676229767 0.347832852925486 0.0001
v 0.460159421885161 0.322783358115962 0.0001
v 0.474693742844245 0.366515234941925 0.0001
v 0.437948779325894 0.314449434778165 0.0001
v 0.418001467939955 0.328246933892906 0.0001
v 0.446157402682174 0.279108854691054 0.0001
v 0.410530965640778 0.277686599318713 0.0001
v 0.390118674822488 0.267653110369949 0.0001
v 0.396066503190488 0.241354274260145 0.0001
v 0.374461396198917 0.228938638885425 0.0001
v 0.422468649732684 0.220960069924509 0.0001
v 0.423332385726781 0.353559417366175 0.0001
v 0.480841204329393 -0.203125 0.0001
v 0.46762075007672 -0.220706784223964 0.0001
v 0.48598985265245 -0.234375 0.0001
v 0.474385240086324 0.109375 0.0001
v 0.5 0.1875 0.0001
v 0.458010580936953 0.0864709460025862 0.0001
v 0.460599109325852 0.130498231819111 0.0001
v 0.434559937243473 0.135809405296675 0.0001
v 0.480351367251961 0.0823455928159229 0.0001
v 0.42284523230079 0.116809988412728 0.0001
v 0.454001551216393 0.164639193896994 0.0001
v 0.420622229437596 0.153500116936053 0.0001
v 0.480194226176251 -0.365731438492659 0.0001
v 0.5 -0.40625 0.0001
v 0.456758627325131 -0.398298067071413 0.0001
v 0.478697797477067 -0.389370256084217 0.0001
v -0.443454521942108 -0.424457752730926 0.0001
v -0.394994850333574 -0.453272326505993 0.0001
v -0.40625 -0.5 0.0001
v -0.427483267839375 -0.452754127839326 0.0001
v 0.298008799438435 0.381692312647614 0.0001
v 0.275343918862616 0.469142281684507 0.0001
v 0.256888281396032 0.409014927970789 0.0001
v 0.240239991607346 0.443804838123795 0.0001
v 0.227114332049045 0.414057861604846 0.0001
v 0.203922593793809 0.420485045805156 0.0001
v 0.355175098395624 0.480268745031286 0.0001
v 0.5 0.40625 0.0001
v 0.455864783641509 0.41760450296478 0.0001
v 0.452518189437455 0.4410229531338 0.0001
v 0.475749591438441 0.432394471155026 0.0001
v 0.5 0.46875 0.0001
v 0.478078941627794 0.337068518504488 0.0001
v 0.402155140350681 0.221949478701515 0.0001
v 0.416783669139148 0.198636036536973 0.0001
v 0.445208317585523 0.192383314300723 0.0001
v 0.472224361807627 0.185680265294348 0.0001
v 0.5 0.15625 0.0001
v 0.5 0.21875 0.0001
v 0.4774240565793 0.162765471672511 0.0001
v 0.466147760418088 0.218983471585107 0.0001
v 0.485952283107581 -0.421875 0.0001
v 0.477743782740854 -0.443382211309304 0.0001
v 0.446323291197184 -0.450322772609641 0.0001
v 0.5 -0.46875 0.0001
v 0.422544695463626 -0.4513990598568 0.0001
v 0.435470959261372 -0.47377077949422 0.0001
v 0.46875 -0.5 0.0001
v -0.46875 -0.5 0.0001
v -0.42519540338713 -0.432807298490979 0.0001
v -0.419283791484438 -0.411489004337307 0.0001
v -0.452671010764126 -0.448315288661587 0.0001
v -0.421875 -0.478627926768787 0.0001
v -0.44285911994797 -0.469631624942643 0.0001
v 0.284527012316285 0.449311980397178 0.0001
v 0.30221621689174 0.469544988468334 0.0001
v 0.261849606317428 0.450851860616131 0.0001
v 0.249713892393651 0.473928480997445 0.0001
v 0.21875 0.5 0.0001
v 0.479286392419433 0.411356027820764 0.0001
v 0.46875 0.5 0.0001
v 0.481990202943162 0.139864474128257 0.0001
v 0.482977197670897 0.204848239951834 0.0001
v 0.483180837357861 0.234375 0.0001
v 0.472244688365835 0.263011755012282 0.0001
v 0.460657358762636 0.242180054321715 0.0001
v 0.444586802904209 0.226128259485626 0.0001
v 0.5 0.28125 0.0001
v 0.463457649012298 -0.472488358312815 0.0001
v 0.482994884874387 -0.482994884874387 0.0001
v -0.480305582361971 -0.462924348488721 0.0001
v -0.484669262060499 -0.484375 0.0001
v -0.463591268814516 -0.477493695528012 0.0001
v -0.416863134813628 -0.39170499782255 0.0001
v 0.319095456499008 0.480809128746056 0.0001
v 0.229851936221449 0.463623481461079 0.0001
v 0.203125 0.485222632037637 0.0001
v 0.453125 0.485762958978045 0.0001
v 0.47529125032396 0.473753865473362 0.0001
v 0.483983367932467 0.453167953937683 0.0001
v 0.442629530774519 0.256412571820699 0.0001
v 0.47471956789905 0.296875 0.0001
v 0.480950950031996 -0.463015477295773 0.0001
v 0.453341738796233 0.299401180301073 0.0001
v -0.14421503342075 -0.0551881942647073 0.0001
v -0.104498581515988 -0.069247663364668 0.0001
v -0.115014318895026 -0.0893551739550341 0.0001
v 0.0500448142819881 -0.203422127768492 0.0001
v -0.477244658284188 0.0886682018440646 0.0001
v -0.48436926913153 0.109497878626149 0.0001
v -0.161234719664515 0.474819653072027 0.0001
v -0.140438006927744 0.483554216378812 0.0001
v -0.34920812750002 -0.2024486903301 0.0001
v -0.0284009219165048 0.474651939778856 0.0001
v -0.39835419607771 -0.25732659173871 0.0001
v -0.404328773526703 -0.278332081494977 0.0001
v -0.38093546058546 -0.284214087554764 0.0001
v 0.26130228307651 -0.265196267695673 0.0001
v 0.442243328371123 -0.364240352944976 0.0001
v 0.22738874503299 0.36814641380881 0.0001
v 0.28125 0.5 0.0001
v 0.216088866755248 0.44147732854627 0.0001
f 221 622 778
f 15 250 12
f 237 289 696
f 156 179 176
f 97 99 95
f 84 86 89
f 49 50 42
f 29 54 8
f 8 16 23
f 25 24 21
f 20 23 16
f 44 51 46
f 42 60 49
f 15 19 25
f 20 22 23
f 8 23 9
f 166 167 168
f 138 134 135
f 13 30 94
f 257 176 180
f 17 273 252
f 34 20 55
f 24 8 21
f 20 12 11
f 15 12 19
f 25 19 24
f 19 20 16
f 12 20 19
f 18 254 12
f 46 241 70
f 156 165 136
f 19 16 24
f 8 24 16
f 9 23 22
f 37 36 48
f 8 9 29
f 9 22 28
f 11 254 26
f 53 9 28
f 149 170 21
f 62 68 70
f 34 61 57
f 169 25 157
f 52 27 29
f 77 78 158
f 54 21 8
f 22 34 57
f 39 26 64
f 9 53 52
f 27 32 54
f 665 242 659
f 42 50 10
f 39 34 55
f 75 52 31
f 294 189 279
f 21 170 25
f 34 22 20
f 57 10 35
f 55 20 11
f 253 254 18
f 36 10 61
f 45 38 86
f 41 655 51
f 36 61 64
f 46 51 43
f 253 178 252
f 88 89 86
f 33 311 683
f 26 39 55
f 36 37 42
f 1627 45 13
f 51 37 48
f 17 267 272
f 56 70 58
f 94 53 28
f 47 49 63
f 64 48 36
f 47 69 1627
f 56 65 72
f 143 902 144
f 50 47 35
f 570 714 425
f 41 51 48
f 69 38 1627
f 96 65 58
f 44 46 60
f 35 47 13
f 64 683 48
f 51 44 37
f 10 50 35
f 13 45 30
f 7 140 128
f 10 36 42
f 72 49 60
f 9 52 29
f 35 28 57
f 31 45 67
f 52 53 31
f 27 54 29
f 21 54 32
f 273 26 40
f 11 26 55
f 58 70 68
f 58 68 71
f 57 61 10
f 42 44 60
f 71 68 7
f 102 103 59
f 63 65 59
f 63 69 47
f 56 60 46
f 96 58 71
f 50 49 47
f 30 53 94
f 46 70 56
f 30 31 53
f 44 42 37
f 43 145 241
f 64 26 33
f 67 75 31
f 657 659 242
f 65 56 58
f 39 61 34
f 57 28 22
f 45 31 30
f 151 77 161
f 119 98 126
f 62 141 68
f 63 59 1629
f 61 39 64
f 72 63 49
f 102 65 96
f 56 72 60
f 99 97 100
f 63 72 65
f 250 136 165
f 25 170 157
f 90 191 5
f 329 326 152
f 154 325 281
f 67 691 280
f 76 148 192
f 27 289 330
f 5 92 90
f 92 152 90
f 238 278 292
f 67 280 75
f 185 153 79
f 151 149 32
f 223 646 650
f 150 288 293
f 148 189 353
f 364 380 81
f 276 78 690
f 187 75 295
f 386 409 420
f 151 161 149
f 86 67 45
f 84 67 86
f 289 27 187
f 356 341 354
f 88 69 1628
f 38 88 86
f 1629 105 1628
f 279 89 294
f 69 88 38
f 87 194 88
f 124 194 123
f 296 191 294
f 289 237 330
f 346 344 701
f 235 185 93
f 75 187 52
f 329 91 335
f 171 189 290
f 285 282 230
f 189 90 290
f 28 35 94
f 13 94 35
f 102 97 95
f 95 106 103
f 97 96 71
f 96 97 102
f 127 101 126
f 97 71 100
f 109 111 121
f 112 196 107
f 117 116 122
f 105 123 1628
f 71 127 126
f 99 100 98
f 128 101 127
f 98 118 111
f 103 102 95
f 59 65 102
f 107 106 95
f 103 113 59
f 107 104 106
f 112 107 110
f 113 106 108
f 113 108 105
f 107 95 99
f 106 104 108
f 99 111 110
f 107 99 110
f 117 108 104
f 122 105 108
f 109 110 111
f 124 294 194
f 111 99 98
f 109 305 110
f 98 119 118
f 118 121 111
f 120 202 205
f 1187 315 291
f 113 105 1629
f 106 113 103
f 104 196 117
f 114 117 125
f 132 131 101
f 206 200 303
f 124 123 301
f 122 123 105
f 104 107 196
f 117 114 302
f 100 126 98
f 197 121 115
f 131 119 101
f 115 118 119
f 137 115 133
f 782 298 781
f 115 121 118
f 121 120 205
f 117 122 108
f 123 122 116
f 116 301 123
f 123 87 1628
f 302 195 301
f 294 124 296
f 220 305 205
f 627 193 300
f 71 126 100
f 101 119 126
f 71 7 127
f 128 127 7
f 7 141 140
f 119 131 133
f 131 132 129
f 119 133 115
f 62 145 144
f 73 190 274
f 132 101 128
f 131 129 133
f 142 128 140
f 128 142 132
f 136 167 156
f 135 133 129
f 137 197 115
f 135 137 133
f 677 246 247
f 134 303 135
f 32 27 330
f 138 333 134
f 200 206 198
f 120 197 201
f 129 138 135
f 129 243 138
f 249 142 140
f 203 209 210
f 7 68 141
f 141 146 140
f 144 141 62
f 141 144 146
f 156 167 73
f 132 142 164
f 676 791 320
f 78 77 183
f 62 241 145
f 678 905 904
f 43 655 320
f 144 145 791
f 43 320 145
f 15 25 169
f 73 177 179
f 158 161 77
f 166 275 190
f 74 161 154
f 263 267 17
f 85 704 705
f 171 344 346
f 83 380 373
f 235 188 153
f 81 690 78
f 15 169 168
f 190 275 282
f 274 190 285
f 168 167 136
f 282 275 159
f 592 590 139
f 151 32 330
f 17 262 263
f 253 252 40
f 166 168 169
f 175 277 157
f 192 93 251
f 277 169 157
f 149 21 32
f 275 169 277
f 153 292 696
f 156 176 165
f 74 170 149
f 174 287 688
f 692 184 80
f 73 179 156
f 154 281 74
f 174 6 689
f 149 161 74
f 240 677 248
f 129 132 164
f 79 295 185
f 161 158 154
f 321 182 155
f 251 93 185
f 165 18 250
f 138 243 245
f 153 185 235
f 167 166 190
f 92 329 152
f 157 170 74
f 250 168 136
f 129 164 243
f 251 185 295
f 686 230 687
f 91 162 335
f 279 189 148
f 281 293 163
f 162 236 328
f 275 277 159
f 284 286 155
f 73 167 190
f 227 232 689
f 178 262 252
f 176 179 180
f 257 178 176
f 165 176 178
f 178 257 262
f 379 383 385
f 680 260 318
f 79 289 187
f 229 179 177
f 287 177 274
f 89 76 84
f 172 321 255
f 172 255 288
f 73 274 177
f 288 150 692
f 292 153 188
f 192 691 76
f 325 150 293
f 336 238 292
f 181 172 85
f 354 186 355
f 635 641 643
f 347 341 183
f 175 159 277
f 74 163 175
f 150 83 184
f 288 255 293
f 182 321 312
f 691 67 84
f 276 158 78
f 184 383 398
f 353 189 171
f 120 121 197
f 223 310 645
f 88 194 89
f 123 194 87
f 597 225 598
f 296 297 191
f 112 125 196
f 117 196 125
f 200 197 137
f 199 201 200
f 208 623 206
f 1630 202 217
f 217 199 306
f 120 201 202
f 137 135 303
f 200 198 306
f 200 201 197
f 202 201 199
f 217 202 199
f 205 109 121
f 589 304 139
f 210 208 203
f 630 627 226
f 191 297 5
f 202 218 205
f 218 220 205
f 303 200 137
f 208 206 203
f 215 625 213
f 778 622 307
f 303 304 203
f 208 207 623
f 755 625 215
f 207 208 210
f 753 589 590
f 210 209 213
f 299 219 297
f 212 210 213
f 943 897 1185
f 679 229 227
f 753 215 213
f 332 890 775
f 595 601 593
f 754 755 215
f 753 213 209
f 215 214 754
f 590 594 214
f 774 755 332
f 217 306 221
f 1630 300 218
f 779 221 778
f 187 295 79
f 627 300 226
f 300 1630 226
f 309 204 298
f 309 305 220
f 307 622 623
f 774 941 755
f 261 679 259
f 174 232 177
f 646 308 782
f 611 596 594
f 309 298 228
f 82 315 91
f 114 322 316
f 204 309 220
f 258 261 318
f 223 308 646
f 311 271 662
f 259 314 680
f 138 245 333
f 112 309 125
f 657 320 655
f 278 237 696
f 342 290 152
f 299 645 219
f 287 285 686
f 179 229 180
f 222 260 680
f 91 329 92
f 375 343 361
f 259 227 234
f 287 686 688
f 188 338 336
f 342 171 290
f 219 5 297
f 231 688 685
f 188 339 338
f 336 292 188
f 325 276 690
f 801 334 317
f 412 434 407
f 33 271 311
f 710 312 709
f 229 232 227
f 299 297 195
f 70 241 62
f 43 241 46
f 311 41 683
f 665 666 785
f 247 246 164
f 246 245 243
f 214 594 596
f 243 164 246
f 593 245 595
f 333 245 593
f 247 164 142
f 245 246 244
f 248 142 249
f 247 142 248
f 787 790 789
f 595 244 600
f 140 146 249
f 248 249 146
f 12 250 18
f 168 250 15
f 74 281 163
f 82 693 315
f 273 17 272
f 40 254 253
f 18 165 253
f 178 253 165
f 26 254 40
f 254 11 12
f 5 219 82
f 172 181 321
f 256 262 258
f 266 263 256
f 258 257 180
f 257 258 262
f 261 680 318
f 180 261 258
f 239 269 682
f 261 180 679
f 268 256 318
f 229 177 232
f 160 222 680
f 263 262 256
f 252 262 17
f 681 266 268
f 323 656 311
f 260 681 268
f 323 660 657
f 264 1020 266
f 957 1020 911
f 268 266 256
f 270 267 263
f 270 263 266
f 272 265 271
f 318 256 258
f 222 681 260
f 682 681 793
f 269 909 682
f 1635 663 1017
f 265 267 270
f 661 662 265
f 40 252 273
f 265 272 267
f 272 271 273
f 271 33 273
f 26 273 33
f 76 279 148
f 169 275 166
f 157 74 175
f 689 6 234
f 230 282 182
f 654 629 632
f 77 237 278
f 190 282 285
f 330 237 77
f 81 78 183
f 90 152 290
f 347 238 341
f 230 182 312
f 77 151 330
f 325 293 281
f 85 707 181
f 155 159 284
f 284 159 175
f 159 155 282
f 175 163 284
f 286 163 255
f 155 182 282
f 255 321 286
f 274 285 287
f 163 286 284
f 255 163 293
f 321 155 286
f 278 347 77
f 90 189 191
f 288 80 85
f 92 5 82
f 27 52 187
f 288 85 172
f 82 310 693
f 437 417 433
f 162 334 236
f 340 336 338
f 89 194 294
f 150 325 83
f 124 301 296
f 154 158 325
f 295 280 251
f 189 294 191
f 297 296 195
f 325 158 276
f 125 228 322
f 223 299 316
f 309 228 125
f 316 322 223
f 195 302 316
f 82 91 92
f 597 605 602
f 634 217 780
f 302 301 116
f 296 301 195
f 117 302 116
f 302 114 316
f 304 303 134
f 206 303 203
f 304 134 333
f 209 203 304
f 110 305 112
f 205 305 109
f 200 306 199
f 622 306 198
f 231 685 1631
f 6 174 233
f 298 193 781
f 228 308 322
f 309 112 305
f 300 204 220
f 193 204 300
f 308 228 298
f 707 709 181
f 279 76 89
f 287 174 177
f 696 289 79
f 160 239 793
f 993 1187 992
f 246 677 244
f 320 242 676
f 312 710 687
f 328 319 335
f 114 125 322
f 300 220 218
f 339 235 350
f 331 698 236
f 333 139 304
f 659 657 660
f 329 335 319
f 357 319 360
f 298 204 193
f 791 676 143
f 195 316 299
f 801 236 334
f 192 251 691
f 223 322 308
f 268 318 260
f 162 315 334
f 307 624 773
f 315 162 91
f 340 186 336
f 75 280 295
f 310 82 219
f 326 329 319
f 625 888 212
f 328 335 162
f 339 188 235
f 238 186 341
f 360 411 381
f 235 352 350
f 635 639 641
f 43 51 655
f 321 181 312
f 338 337 340
f 307 623 624
f 212 624 207
f 248 146 678
f 1631 685 687
f 342 344 171
f 186 238 336
f 337 338 339
f 697 351 93
f 355 340 362
f 364 81 356
f 354 341 186
f 183 341 356
f 152 326 342
f 344 342 366
f 357 326 319
f 366 357 361
f 366 342 326
f 343 701 344
f 350 703 745
f 351 352 93
f 351 346 345
f 353 192 148
f 77 347 183
f 238 347 278
f 355 348 354
f 371 359 364
f 349 357 360
f 362 368 358
f 700 701 375
f 343 366 361
f 352 351 345
f 697 93 192
f 350 352 345
f 93 352 235
f 171 346 353
f 346 351 697
f 355 186 340
f 356 354 348
f 377 362 340
f 355 370 369
f 364 356 371
f 356 81 183
f 360 319 328
f 357 349 361
f 367 912 795
f 371 372 388
f 348 355 369
f 373 383 184
f 698 328 236
f 328 698 360
f 376 361 349
f 376 375 361
f 337 744 377
f 370 362 358
f 474 481 451
f 494 459 448
f 371 356 348
f 364 359 373
f 439 800 715
f 376 349 382
f 344 366 343
f 357 366 326
f 349 360 381
f 404 367 382
f 559 563 557
f 425 566 570
f 370 355 362
f 348 378 371
f 358 735 370
f 369 370 363
f 369 378 348
f 378 369 363
f 712 799 392
f 184 398 80
f 385 383 373
f 83 373 184
f 403 384 387
f 404 382 387
f 564 568 576
f 345 700 350
f 349 381 382
f 375 376 367
f 337 377 340
f 368 362 377
f 395 378 363
f 371 378 372
f 416 390 395
f 401 379 432
f 380 83 690
f 364 373 380
f 411 360 365
f 382 381 374
f 382 374 387
f 367 376 382
f 385 373 359
f 398 383 401
f 403 407 399
f 403 413 384
f 359 388 385
f 475 445 452
f 390 385 388
f 409 386 397
f 407 403 387
f 404 387 714
f 371 388 359
f 363 718 717
f 397 432 389
f 920 805 923
f 385 443 379
f 394 466 467
f 432 443 444
f 386 420 80
f 421 393 410
f 716 430 410
f 734 431 499
f 391 406 389
f 173 708 487
f 390 388 372
f 450 444 451
f 401 397 386
f 391 389 450
f 395 372 378
f 397 401 432
f 391 430 406
f 401 383 379
f 80 398 386
f 699 698 331
f 424 425 714
f 413 424 384
f 542 738 540
f 398 401 386
f 379 443 432
f 391 410 430
f 426 419 427
f 407 387 374
f 417 413 403
f 714 387 384
f 367 404 400
f 426 428 414
f 959 392 799
f 458 444 422
f 414 409 397
f 374 411 407
f 407 411 412
f 408 413 417
f 408 579 574
f 414 397 406
f 405 415 420
f 421 722 393
f 807 734 920
f 381 411 374
f 412 411 365
f 440 434 438
f 439 438 412
f 417 403 399
f 408 574 424
f 430 419 406
f 405 409 414
f 456 708 428
f 85 80 704
f 452 416 395
f 390 422 443
f 399 434 433
f 399 433 417
f 581 574 579
f 475 477 445
f 397 389 406
f 428 405 414
f 405 420 409
f 420 415 704
f 422 390 416
f 1632 313 1631
f 390 372 395
f 447 473 483
f 469 423 468
f 417 437 580
f 408 424 413
f 424 418 425
f 513 512 476
f 525 532 547
f 432 450 389
f 414 419 426
f 732 919 431
f 430 447 427
f 487 708 456
f 456 428 426
f 391 421 410
f 429 732 481
f 406 419 414
f 807 716 410
f 427 419 430
f 430 716 447
f 423 440 468
f 719 452 461
f 399 407 434
f 437 433 479
f 438 434 412
f 423 433 434
f 468 446 470
f 435 469 493
f 446 462 394
f 434 440 423
f 479 433 423
f 437 435 580
f 365 699 412
f 438 436 440
f 236 801 331
f 438 439 917
f 803 439 715
f 440 436 446
f 283 711 914
f 428 713 405
f 390 443 385
f 471 447 442
f 443 422 444
f 719 458 416
f 391 450 421
f 395 717 475
f 507 724 477
f 918 462 446
f 446 394 470
f 471 473 447
f 484 487 486
f 484 483 473
f 459 474 448
f 722 450 451
f 432 444 450
f 444 458 451
f 474 451 449
f 481 722 451
f 717 395 363
f 452 445 461
f 654 632 636
f 394 462 464
f 394 464 466
f 435 437 479
f 471 442 472
f 471 472 924
f 486 426 427
f 447 483 427
f 721 827 828
f 828 402 721
f 416 458 422
f 451 458 449
f 449 719 461
f 498 459 494
f 476 512 508
f 516 508 512
f 724 488 723
f 448 474 449
f 918 446 436
f 453 1002 464
f 1186 783 644
f 465 729 725
f 453 464 462
f 463 1008 466
f 726 728 932
f 467 454 470
f 463 466 464
f 466 465 467
f 1209 480 1210
f 469 482 493
f 446 468 440
f 469 468 454
f 482 454 489
f 469 454 482
f 467 470 394
f 468 470 454
f 807 442 716
f 455 473 471
f 807 472 442
f 431 734 393
f 723 448 461
f 806 496 808
f 448 449 461
f 481 474 459
f 395 475 452
f 460 513 477
f 541 513 515
f 492 495 505
f 460 477 475
f 477 476 507
f 501 503 506
f 448 495 494
f 423 469 479
f 435 479 469
f 725 467 465
f 554 746 750
f 489 454 467
f 481 431 722
f 1038 1031 1034
f 473 827 484
f 427 483 486
f 486 487 456
f 486 456 426
f 483 484 486
f 484 457 485
f 487 484 485
f 485 173 487
f 708 958 428
f 445 723 461
f 497 505 495
f 467 725 1210
f 482 489 1210
f 729 726 730
f 731 932 930
f 840 935 749
f 555 556 741
f 488 497 495
f 805 734 499
f 1216 482 480
f 480 1213 1216
f 495 448 488
f 733 806 808
f 488 724 497
f 492 494 495
f 919 813 499
f 805 499 820
f 501 497 478
f 501 505 497
f 921 494 492
f 459 498 429
f 811 496 806
f 431 481 732
f 507 502 503
f 507 476 508
f 509 844 523
f 511 500 506
f 507 508 502
f 501 478 503
f 523 524 831
f 833 835 505
f 500 833 838
f 503 502 506
f 507 503 478
f 506 838 501
f 522 531 517
f 523 831 500
f 507 478 724
f 511 506 518
f 517 508 516
f 508 517 502
f 526 530 839
f 540 534 510
f 535 538 533
f 518 506 502
f 844 1634 1633
f 476 477 513
f 510 534 516
f 515 513 460
f 510 512 513
f 534 540 738
f 839 841 526
f 717 718 460
f 543 541 515
f 510 516 512
f 516 514 517
f 517 514 522
f 843 511 518
f 502 517 518
f 531 522 529
f 520 522 528
f 523 500 511
f 520 528 535
f 521 1633 1634
f 524 1633 519
f 532 528 522
f 522 520 529
f 509 523 511
f 524 523 1633
f 736 833 831
f 736 831 832
f 525 528 532
f 553 548 560
f 526 529 530
f 841 509 843
f 532 522 514
f 519 527 832
f 538 535 528
f 530 529 520
f 529 526 531
f 520 535 550
f 841 842 509
f 843 531 526
f 518 517 531
f 534 514 516
f 514 534 532
f 533 538 552
f 530 520 550
f 541 536 540
f 551 543 358
f 538 528 525
f 550 535 741
f 559 564 551
f 544 740 545
f 542 545 537
f 548 525 547
f 548 547 537
f 553 552 538
f 533 552 555
f 1636 934 147
f 541 540 510
f 542 540 536
f 513 541 510
f 735 543 515
f 536 569 545
f 537 547 738
f 551 358 368
f 536 541 543
f 551 536 543
f 570 400 714
f 536 545 542
f 576 740 544
f 576 573 740
f 558 562 561
f 738 532 534
f 548 537 739
f 558 566 565
f 525 548 553
f 418 572 562
f 849 741 556
f 741 535 533
f 530 550 539
f 559 551 368
f 551 564 569
f 538 525 553
f 549 746 555
f 546 558 560
f 549 552 553
f 572 578 562
f 567 581 583
f 549 555 552
f 555 554 556
f 588 748 829
f 509 842 844
f 744 559 368
f 703 350 700
f 565 418 562
f 560 561 553
f 368 377 744
f 564 559 557
f 546 560 548
f 561 560 558
f 558 565 562
f 553 561 549
f 572 418 574
f 561 562 578
f 563 744 745
f 703 700 702
f 568 564 557
f 564 544 569
f 566 558 546
f 418 565 425
f 571 570 573
f 425 565 566
f 581 582 583
f 561 578 549
f 796 557 702
f 571 367 400
f 545 569 544
f 551 569 536
f 573 566 546
f 566 573 570
f 568 796 912
f 400 570 571
f 418 424 574
f 933 578 567
f 573 546 740
f 568 571 573
f 580 577 579
f 572 574 581
f 743 751 1056
f 555 746 554
f 564 576 544
f 568 573 576
f 584 582 848
f 575 750 746
f 567 578 572
f 549 578 575
f 580 579 408
f 581 579 577
f 580 408 417
f 580 435 586
f 1327 588 584
f 581 567 572
f 853 750 829
f 567 583 588
f 577 586 582
f 1031 1040 969
f 577 580 586
f 750 575 829
f 586 848 582
f 1325 748 1327
f 1221 435 493
f 1221 586 435
f 490 725 969
f 1310 934 1056
f 582 581 577
f 586 1221 848
f 590 589 139
f 209 304 589
f 593 592 139
f 214 215 753
f 225 600 598
f 592 594 590
f 139 333 593
f 592 591 594
f 245 244 595
f 591 592 593
f 591 601 608
f 596 617 332
f 600 240 598
f 600 244 677
f 601 595 225
f 615 596 611
f 597 602 604
f 601 607 608
f 908 904 792
f 597 604 607
f 600 225 595
f 593 601 591
f 607 601 225
f 908 948 240
f 599 759 761
f 594 591 609
f 948 605 597
f 672 674 664
f 758 764 759
f 855 605 603
f 616 610 615
f 948 597 598
f 605 855 854
f 907 792 906
f 764 761 759
f 597 607 225
f 608 607 604
f 66 769 621
f 609 611 594
f 591 608 609
f 609 608 612
f 757 608 604
f 893 891 900
f 612 611 609
f 776 620 618
f 757 618 612
f 614 757 758
f 620 776 613
f 596 615 617
f 611 616 615
f 616 611 612
f 618 616 612
f 615 610 617
f 616 620 777
f 610 769 617
f 891 771 756
f 757 612 608
f 619 776 759
f 618 614 776
f 618 620 616
f 306 622 221
f 613 621 777
f 777 621 610
f 623 622 198
f 623 198 206
f 624 623 207
f 212 207 210
f 1148 1141 1140
f 212 213 625
f 617 769 772
f 626 773 942
f 654 781 629
f 226 633 630
f 193 627 629
f 635 637 639
f 693 695 291
f 632 627 630
f 629 627 632
f 634 633 226
f 630 628 632
f 1068 626 942
f 633 1247 630
f 637 632 628
f 637 636 632
f 226 1630 634
f 633 631 1247
f 780 217 221
f 631 633 634
f 1072 940 1338
f 999 1001 802
f 644 783 643
f 986 989 1186
f 628 1246 639
f 637 635 783
f 626 778 773
f 1100 1087 1070
f 628 639 637
f 1090 1092 638
f 1071 940 1069
f 1207 1006 1009
f 1092 639 638
f 1102 1104 640
f 1088 1090 638
f 990 988 985
f 1104 641 640
f 643 642 644
f 988 647 947
f 649 646 327
f 219 645 310
f 299 223 645
f 647 649 651
f 310 223 650
f 642 901 644
f 648 695 694
f 650 649 652
f 653 695 652
f 651 649 327
f 652 649 647
f 649 650 646
f 650 648 694
f 327 781 654
f 783 1186 636
f 652 647 653
f 650 652 648
f 984 986 901
f 991 992 653
f 636 651 654
f 327 654 651
f 41 656 655
f 656 657 655
f 311 656 41
f 657 656 323
f 1635 660 661
f 657 242 320
f 270 1018 1019
f 664 668 672
f 666 659 658
f 666 665 659
f 661 660 323
f 658 659 660
f 662 661 323
f 265 1019 661
f 311 662 323
f 265 662 271
f 911 682 909
f 668 664 666
f 669 667 668
f 860 857 606
f 674 675 785
f 789 903 676
f 669 668 666
f 666 664 785
f 667 669 1017
f 1294 1011 1205
f 669 666 658
f 667 1639 672
f 669 1635 1017
f 663 1016 1017
f 953 951 956
f 866 871 874
f 1018 270 1020
f 949 951 794
f 667 672 668
f 1442 674 672
f 937 874 873
f 861 855 856
f 1442 672 670
f 673 886 674
f 862 856 870
f 788 786 789
f 665 788 242
f 786 665 785
f 248 677 247
f 600 677 240
f 902 143 790
f 678 224 905
f 229 679 180
f 259 679 227
f 259 680 261
f 680 314 160
f 222 160 793
f 266 681 264
f 794 909 910
f 264 681 682
f 48 683 41
f 33 683 64
f 707 85 705
f 914 799 712
f 233 688 231
f 687 685 686
f 686 685 688
f 230 686 285
f 312 687 230
f 1631 313 231
f 174 688 233
f 227 689 234
f 174 689 232
f 380 690 81
f 325 690 83
f 280 691 251
f 76 691 84
f 288 692 80
f 150 184 692
f 694 693 310
f 315 693 291
f 650 694 310
f 648 652 695
f 291 695 653
f 693 694 695
f 153 696 79
f 278 696 292
f 192 353 697
f 346 697 353
f 331 800 699
f 360 698 365
f 412 699 439
f 365 698 699
f 701 700 345
f 702 700 375
f 701 345 346
f 375 701 343
f 795 702 375
f 797 557 563
f 797 702 557
f 745 703 563
f 420 704 80
f 705 704 415
f 415 706 705
f 706 441 705
f 405 706 415
f 913 960 958
f 706 405 713
f 709 707 684
f 706 713 960
f 707 705 441
f 710 709 684
f 312 181 709
f 711 710 684
f 711 283 1632
f 707 441 915
f 687 710 1631
f 798 913 708
f 684 915 914
f 404 714 400
f 424 714 384
f 916 715 317
f 803 918 917
f 807 410 393
f 447 716 442
f 363 370 718
f 475 717 460
f 735 718 370
f 460 718 515
f 458 719 449
f 452 719 416
f 498 808 429
f 811 813 496
f 393 722 431
f 457 827 721
f 722 421 450
f 724 723 445
f 448 723 488
f 477 724 445
f 724 478 497
f 726 932 730
f 1210 725 490
f 1031 969 1030
f 1038 1040 1031
f 1008 463 1006
f 1028 830 930
f 995 802 994
f 731 966 1030
f 1030 969 730
f 556 751 849
f 726 1008 728
f 1028 932 728
f 1002 453 1001
f 830 970 1046
f 429 481 459
f 429 808 496
f 393 734 807
f 837 968 967
f 806 812 811
f 429 496 919
f 543 735 358
f 718 735 515
f 832 527 834
f 832 834 736
f 749 935 1636
f 504 842 847
f 537 738 542
f 532 738 547
f 545 739 537
f 546 548 739
f 546 739 740
f 545 740 739
f 550 741 539
f 555 741 533
f 585 848 587
f 849 751 743
f 741 849 539
f 936 556 554
f 745 744 337
f 559 744 563
f 337 339 745
f 350 745 339
f 549 575 746
f 539 850 530
f 554 750 852
f 933 829 575
f 584 848 585
f 852 1057 752
f 584 588 583
f 839 850 737
f 1229 1228 1230
f 743 1056 934
f 725 729 969
f 554 852 936
f 1242 1324 1321
f 853 852 750
f 589 753 209
f 214 753 590
f 754 596 332
f 214 596 754
f 769 66 772
f 332 755 754
f 1073 1085 1088
f 941 888 625
f 758 757 604
f 618 757 614
f 602 762 604
f 767 761 768
f 619 759 599
f 614 758 759
f 604 762 758
f 765 766 768
f 762 602 763
f 763 602 854
f 764 765 761
f 857 766 763
f 765 764 762
f 758 762 764
f 765 762 763
f 766 765 763
f 599 761 767
f 763 854 857
f 760 766 869
f 767 768 760
f 761 765 768
f 621 769 610
f 766 760 768
f 775 770 774
f 617 772 890
f 66 771 772
f 982 981 898
f 779 626 1084
f 775 774 332
f 943 941 770
f 891 775 890
f 892 900 756
f 759 776 614
f 613 776 619
f 616 777 610
f 613 777 620
f 773 778 307
f 779 778 626
f 1084 1068 1072
f 634 779 631
f 221 779 780
f 634 780 779
f 781 327 782
f 193 629 781
f 646 782 327
f 298 782 308
f 637 783 636
f 643 783 635
f 784 901 983
f 1022 803 715
f 674 785 664
f 786 785 675
f 787 786 675
f 786 787 789
f 881 883 886
f 224 678 790
f 242 788 676
f 665 786 788
f 224 790 787
f 676 788 789
f 146 902 678
f 143 903 790
f 144 791 143
f 320 791 145
f 878 907 906
f 908 792 907
f 222 793 681
f 239 682 793
f 1198 954 950
f 682 911 264
f 375 367 795
f 367 571 912
f 557 796 568
f 702 795 796
f 563 703 797
f 702 797 703
f 915 799 914
f 708 173 798
f 713 958 960
f 699 800 439
f 801 800 331
f 317 715 801
f 801 715 800
f 317 993 916
f 990 994 961
f 916 962 1022
f 918 453 462
f 498 921 808
f 923 823 825
f 809 818 813
f 736 836 835
f 809 817 818
f 733 810 806
f 921 498 494
f 496 813 919
f 812 816 809
f 923 825 924
f 811 812 809
f 922 837 733
f 812 806 810
f 811 809 813
f 810 720 812
f 804 817 816
f 809 816 817
f 499 813 820
f 963 455 964
f 720 814 816
f 805 820 823
f 720 816 812
f 804 816 814
f 804 821 817
f 821 818 817
f 824 818 821
f 813 818 820
f 804 819 821
f 824 826 929
f 815 926 819
f 1026 926 815
f 484 827 457
f 964 924 825
f 824 823 820
f 824 929 823
f 818 824 820
f 824 821 826
f 928 825 823
f 471 924 455
f 926 821 819
f 1027 822 1024
f 473 455 828
f 828 827 473
f 964 455 924
f 731 927 966
f 1314 1316 1319
f 1213 1209 1211
f 147 749 1636
f 832 831 524
f 736 835 833
f 519 832 524
f 834 527 396
f 838 505 501
f 500 831 833
f 720 967 931
f 922 835 836
f 836 736 834
f 492 505 835
f 837 836 834
f 922 733 921
f 968 834 396
f 810 733 837
f 500 838 506
f 505 838 833
f 840 846 847
f 839 530 850
f 849 851 539
f 850 539 851
f 839 845 841
f 511 843 509
f 841 845 842
f 844 1633 523
f 531 843 518
f 526 841 843
f 839 737 845
f 1634 842 504
f 935 847 845
f 845 737 935
f 845 847 842
f 504 847 846
f 583 582 584
f 972 556 936
f 829 933 588
f 851 849 743
f 852 1241 1057
f 742 1309 1311
f 743 934 1636
f 851 737 850
f 1337 829 748
f 751 972 752
f 1312 1056 752
f 605 854 602
f 857 854 606
f 856 855 603
f 606 854 855
f 787 883 887
f 859 766 857
f 861 858 860
f 860 859 857
f 862 858 861
f 868 876 939
f 866 859 858
f 130 869 868
f 861 860 606
f 859 860 858
f 855 861 606
f 861 856 862
f 865 870 878
f 885 1059 884
f 858 862 871
f 876 868 866
f 883 675 886
f 859 869 766
f 873 872 884
f 866 858 871
f 866 874 876
f 870 880 879
f 880 882 872
f 869 130 864
f 859 866 868
f 868 869 859
f 760 869 864
f 878 870 856
f 873 871 879
f 879 862 870
f 873 874 871
f 880 872 879
f 938 875 1058
f 879 871 862
f 877 863 975
f 1441 673 1442
f 868 939 130
f 877 876 874
f 975 863 939
f 877 973 938
f 973 874 937
f 856 603 907
f 878 224 887
f 880 870 865
f 873 879 872
f 865 881 880
f 880 881 882
f 881 865 883
f 937 884 875
f 673 1441 881
f 1294 1440 670
f 887 883 865
f 787 675 883
f 872 882 884
f 884 882 1441
f 1639 1637 1638
f 1140 896 1148
f 674 886 675
f 881 886 673
f 878 887 865
f 787 887 224
f 897 893 895
f 888 943 981
f 943 888 941
f 1075 1081 1080
f 617 890 332
f 891 890 772
f 771 891 772
f 892 216 1149
f 894 895 896
f 775 891 893
f 892 899 900
f 775 893 897
f 893 899 895
f 773 978 980
f 895 899 1149
f 897 895 894
f 1134 1123 1125
f 773 980 942
f 894 1185 897
f 897 770 775
f 1185 977 982
f 624 979 978
f 216 1132 1149
f 900 891 756
f 893 900 899
f 1105 1103 1365
f 984 901 784
f 902 146 144
f 790 678 902
f 676 903 143
f 789 790 903
f 240 248 904
f 678 904 248
f 906 224 878
f 904 905 792
f 792 905 906
f 224 906 905
f 856 907 878
f 907 603 908
f 603 605 948
f 904 908 240
f 794 910 949
f 911 909 794
f 953 794 951
f 909 269 910
f 953 957 911
f 568 912 571
f 795 912 796
f 959 798 392
f 913 959 960
f 283 914 712
f 684 914 711
f 707 915 684
f 960 915 441
f 1187 993 317
f 916 802 962
f 438 917 436
f 439 803 917
f 917 918 436
f 918 803 1021
f 431 919 499
f 429 919 732
f 807 920 472
f 734 805 920
f 922 921 492
f 808 921 733
f 835 922 492
f 837 922 836
f 920 923 472
f 823 923 805
f 923 924 472
f 964 825 1023
f 928 1024 1023
f 925 402 963
f 465 1008 726
f 821 926 826
f 1023 1024 822
f 1025 1026 1206
f 1026 1025 826
f 1023 825 928
f 1025 929 826
f 823 929 928
f 1044 830 1046
f 1238 1234 1237
f 465 726 729
f 968 931 967
f 1040 490 969
f 578 933 575
f 588 933 567
f 1056 751 752
f 737 1636 935
f 847 935 840
f 1636 737 851
f 884 937 873
f 852 752 972
f 937 875 938
f 1059 974 1058
f 1244 1243 1062
f 1069 889 1074
f 877 975 876
f 938 1058 1060
f 755 941 625
f 770 941 774
f 773 624 978
f 1069 1068 942
f 897 943 770
f 981 943 898
f 1118 1122 1125
f 1076 1070 1074
f 945 981 982
f 944 1106 1107
f 1102 640 1101
f 927 731 930
f 984 985 947
f 989 986 947
f 240 948 598
f 603 948 908
f 1200 1199 1198
f 910 14 949
f 1063 1060 974
f 667 1637 1639
f 949 14 950
f 794 953 911
f 951 949 950
f 667 671 1637
f 951 954 956
f 957 953 1015
f 1559 1593 1067
f 954 952 956
f 1198 1013 954
f 952 1013 1290
f 1637 956 952
f 1015 956 671
f 1016 957 1015
f 1016 1018 957
f 428 958 713
f 708 913 958
f 960 959 799
f 798 959 913
f 915 960 799
f 960 441 706
f 647 988 653
f 993 1188 916
f 999 802 995
f 1021 962 453
f 402 828 963
f 455 963 828
f 925 963 964
f 1029 830 1028
f 930 932 1028
f 720 810 967
f 731 1030 730
f 837 967 810
f 834 968 837
f 396 931 968
f 966 1034 1031
f 969 729 730
f 1031 1030 966
f 932 731 730
f 853 1337 1241
f 1242 1321 1322
f 556 972 751
f 852 972 936
f 874 973 877
f 937 938 973
f 1061 1063 1066
f 1060 1245 1062
f 1243 938 1062
f 939 876 975
f 863 1243 976
f 1073 1246 1247
f 979 624 212
f 982 977 1110
f 980 978 945
f 888 979 212
f 945 978 979
f 945 982 1116
f 942 980 1115
f 945 979 981
f 888 981 979
f 1185 982 898
f 977 1268 1110
f 1113 901 642
f 1189 1003 983
f 985 984 784
f 986 984 947
f 985 784 987
f 961 992 991
f 947 647 989
f 644 901 986
f 946 1189 983
f 998 995 987
f 947 985 988
f 985 987 990
f 647 651 989
f 651 636 1186
f 994 990 987
f 991 990 961
f 653 988 991
f 990 991 988
f 993 992 961
f 653 992 291
f 993 961 1188
f 1187 317 334
f 995 994 987
f 802 916 1188
f 987 1003 998
f 962 802 1001
f 1449 1379 1308
f 463 1002 1005
f 995 1000 999
f 1006 463 1005
f 1003 987 784
f 999 1000 997
f 1000 995 998
f 999 997 1001
f 996 1196 998
f 1004 997 1194
f 1002 1001 997
f 453 962 1001
f 1005 997 1004
f 464 1002 463
f 983 1003 784
f 998 1003 1191
f 1232 1194 1010
f 1286 1196 996
f 997 1005 1002
f 1006 1005 1004
f 1009 1006 1004
f 1008 1006 728
f 1009 1004 1232
f 1049 1046 970
f 927 930 1044
f 466 1008 465
f 1009 1232 1231
f 1007 1028 1207
f 1235 1053 1379
f 1235 1051 1052
f 951 950 954
f 952 954 1013
f 1013 1198 1199
f 1204 1203 1199
f 956 1015 953
f 950 14 1014
f 1016 1015 671
f 1017 1016 671
f 1018 1016 663
f 667 1017 671
f 669 658 1635
f 1019 1018 663
f 266 1020 270
f 1019 663 1635
f 270 1019 265
f 911 1020 264
f 957 1018 1020
f 918 1021 453
f 1022 1021 803
f 916 1022 715
f 1021 1022 962
f 822 925 1023
f 964 1023 925
f 1025 1024 928
f 1206 4 1027
f 929 1025 928
f 926 1026 826
f 815 965 1026
f 1026 965 1206
f 1207 1028 728
f 1206 1027 1024
f 1045 927 1044
f 1029 1028 1007
f 1295 1218 1222
f 970 830 1029
f 1037 1041 1032
f 1045 1233 927
f 1231 1043 1007
f 1029 1007 1043
f 1208 1225 1227
f 1304 1037 1034
f 1032 1034 1037
f 1032 1218 1038
f 1233 1045 1035
f 1033 1302 1234
f 1041 1039 1223
f 1209 1213 480
f 1304 1034 966
f 1035 1540 1041
f 1032 1038 1034
f 1038 1036 1040
f 1298 1042 1299
f 1444 1295 1297
f 1036 1212 1211
f 480 482 1210
f 1035 1041 1037
f 1041 1223 1222
f 1602 1524 1573
f 1212 1217 1219
f 1192 1193 996
f 970 1051 1055
f 830 1044 930
f 1044 1033 1045
f 1302 1046 1049
f 1033 1234 1045
f 1055 1486 1049
f 1044 1046 1033
f 970 1029 1051
f 1539 1541 1480
f 1049 970 1055
f 1486 1055 1054
f 1051 1235 1050
f 1045 1238 1035
f 1287 1010 1197
f 1490 1548 1450
f 1052 1051 1029
f 1051 1050 1054
f 1029 1043 1052
f 1043 1053 1235
f 996 1191 1192
f 1195 1197 1010
f 1378 1449 1382
f 1306 1549 1550
f 1051 1054 1055
f 1047 1302 1305
f 1241 852 853
f 1310 147 934
f 1314 1240 1313
f 1059 1058 875
f 1060 1058 974
f 884 1059 875
f 1059 885 1371
f 1371 885 1293
f 1244 867 976
f 1497 1289 1473
f 1561 867 1496
f 938 1060 1062
f 1063 1061 1560
f 974 1371 1066
f 1562 1560 1061
f 1373 1291 1293
f 1203 1205 1290
f 1245 1063 1560
f 1244 1245 1496
f 974 1066 1063
f 1064 1292 1616
f 1199 1203 1013
f 1559 1592 1593
f 1069 942 889
f 1072 1068 940
f 1074 1071 1069
f 940 1068 1069
f 1116 1119 1115
f 1248 1076 1078
f 1087 1071 1070
f 1085 1073 940
f 1338 940 1073
f 1084 631 779
f 1085 940 1071
f 1073 1088 1246
f 889 1114 1076
f 1070 1071 1074
f 1080 1082 1079
f 1078 1080 1252
f 889 1076 1074
f 1078 1076 1075
f 1121 1253 1254
f 640 1093 1101
f 1080 1078 1075
f 1078 1077 1248
f 1079 1082 1111
f 1111 1120 1079
f 1081 1109 1107
f 1080 1079 1252
f 1081 1098 1082
f 1080 1081 1082
f 1106 1086 1098
f 1082 1112 1111
f 1121 1095 1091
f 1093 1092 1090
f 1068 1084 626
f 631 1084 1072
f 1087 1085 1071
f 1088 638 1246
f 1086 1106 1108
f 1122 1112 1086
f 1100 1070 1248
f 1087 1083 1089
f 1089 1085 1087
f 1089 1088 1085
f 1091 1090 1089
f 1088 1089 1090
f 1091 1089 1083
f 641 1092 640
f 1100 1083 1087
f 640 1092 1093
f 1092 641 639
f 1093 1090 1091
f 1095 1093 1091
f 1097 1101 1095
f 1121 1091 1083
f 1050 1378 1054
f 1083 1100 1253
f 1095 1094 1097
f 1137 1150 1139
f 1145 1156 1155
f 1113 1365 983
f 1104 1102 1105
f 1106 1098 1081
f 1112 1098 1086
f 1124 1128 1099
f 1145 1128 1151
f 1131 1079 1120
f 1131 1177 1181
f 1095 1101 1093
f 1102 1101 1097
f 1102 1097 1103
f 1104 643 641
f 1094 1339 1097
f 1256 1255 1260
f 1105 1102 1103
f 642 643 1104
f 1364 1365 1103
f 642 1104 1105
f 1107 1106 1081
f 1106 944 1108
f 1081 1075 1109
f 980 945 1116
f 1108 1268 1144
f 1117 1134 1136
f 1075 1114 1109
f 1114 889 1115
f 944 1107 1110
f 1107 1109 1119
f 1112 1082 1098
f 1145 1099 1128
f 1136 1086 1108
f 1111 1112 1099
f 901 1113 983
f 642 1105 1113
f 1076 1114 1075
f 889 942 1115
f 1115 980 1116
f 1109 1114 1115
f 982 1110 1116
f 1107 1119 1110
f 1112 1124 1099
f 1117 1138 1141
f 1140 1144 1269
f 1122 1124 1112
f 1115 1119 1109
f 1110 1119 1116
f 1099 1120 1111
f 1152 1160 1162
f 1120 1145 1155
f 1181 1252 1131
f 1126 1270 1147
f 1122 1118 1124
f 1134 1129 1123
f 1137 1142 1143
f 1136 1138 1117
f 1144 1138 1108
f 1086 1125 1122
f 1124 1118 1142
f 1250 1251 1143
f 1125 1123 1118
f 1137 1346 1150
f 1139 1128 1142
f 1118 1143 1142
f 1128 1139 1151
f 211 1123 1129
f 1120 1099 1145
f 1148 1132 1270
f 1161 1163 1170
f 211 1135 1250
f 1270 1132 1147
f 1136 1134 1125
f 1129 1134 1146
f 1086 1136 1125
f 1129 1146 1126
f 1136 1108 1138
f 1268 1108 944
f 1177 1131 1179
f 1124 1142 1128
f 896 1132 1148
f 1348 1271 1127
f 1171 1157 1159
f 1144 1268 1269
f 1095 1121 1347
f 1141 1138 1144
f 1146 1117 1270
f 1143 1118 1123
f 1139 1142 1137
f 1250 1123 211
f 1135 1130 1251
f 1141 1148 1270
f 894 896 1140
f 1134 1117 1146
f 1132 896 1149
f 1140 1141 1144
f 1149 896 895
f 892 1149 899
f 1257 1263 1265
f 1150 1154 1139
f 1346 1153 1150
f 1139 1154 1151
f 216 1147 1132
f 1159 1157 1158
f 1131 1120 1155
f 1158 1160 1156
f 1160 1152 1156
f 1348 1164 1272
f 1150 1153 1272
f 1133 1161 1150
f 1280 1173 1278
f 1156 1145 1151
f 1155 1152 1179
f 1158 1156 1151
f 1152 1155 1156
f 1151 1159 1158
f 1170 1171 1159
f 1159 1151 1154
f 1158 1157 1160
f 1161 1154 1150
f 1159 1154 1161
f 1159 1161 1170
f 1162 1177 1179
f 1133 1164 1163
f 1163 1161 1133
f 1350 1166 1174
f 1170 1163 1274
f 1133 1272 1164
f 1165 1166 1178
f 1173 1274 1278
f 1164 1430 1349
f 1170 1274 1175
f 1160 1157 1165
f 1167 1178 1281
f 1183 1640 1181
f 1160 1182 1162
f 1254 1255 1256
f 1157 1171 1174
f 1170 1172 1171
f 1403 1399 1397
f 1171 1172 1174
f 1165 1178 1182
f 1162 1167 1177
f 1169 1172 1175
f 1157 1174 1165
f 1175 1274 1173
f 1172 1169 1174
f 1175 1173 1557
f 1174 1351 1350
f 1165 1174 1166
f 1170 1175 1172
f 1558 1168 1555
f 1400 1464 1398
f 1557 1641 1175
f 1183 1177 1167
f 1181 1077 1252
f 1257 1258 1261
f 1162 1178 1167
f 1155 1179 1131
f 1162 1179 1152
f 1183 1184 1180
f 1253 1121 1083
f 1181 1177 1183
f 1100 1077 1181
f 1165 1182 1160
f 1178 1162 1182
f 1183 1167 1363
f 1183 1180 1640
f 1432 1178 1433
f 1399 1391 1395
f 1185 898 943
f 1269 1185 894
f 986 1186 644
f 651 1186 989
f 315 1187 334
f 992 1187 291
f 961 994 1188
f 802 1188 994
f 1189 1283 1192
f 1191 1189 1192
f 1340 1341 1103
f 1339 1340 1097
f 998 1191 996
f 1003 1189 1191
f 1283 1189 946
f 1193 1192 1190
f 1193 1190 1366
f 1195 1010 1194
f 997 1000 1194
f 1195 1194 1000
f 1196 1195 1000
f 1197 1195 1286
f 998 1196 1000
f 1286 996 1193
f 1193 1366 1288
f 1043 1287 1053
f 950 1014 1198
f 1200 1012 1199
f 1368 1289 1292
f 1369 1289 1368
f 1198 1014 1200
f 1012 1200 1014
f 1291 1292 1064
f 1012 1201 1204
f 1205 1011 1290
f 1199 1012 1204
f 1203 1202 1205
f 1369 1201 955
f 1203 1204 1368
f 1202 1291 1205
f 1293 1291 1064
f 1206 1024 1025
f 4 1206 965
f 1006 1207 728
f 1007 1207 1009
f 1211 1212 1208
f 1220 587 1216
f 490 1040 1209
f 1211 1209 1040
f 467 1210 489
f 490 1209 1210
f 1036 1211 1040
f 1211 1208 1213
f 1036 1218 1217
f 1212 1036 1217
f 1215 1213 1208
f 1216 493 482
f 1298 1297 1042
f 1225 1208 1212
f 1219 1225 1212
f 1215 1229 1230
f 1220 1216 1213
f 587 848 1221
f 1036 1038 1218
f 1217 1214 1443
f 1222 1218 1032
f 1214 1217 1218
f 1443 1444 1374
f 1229 1215 1227
f 1213 1215 1220
f 587 1220 1215
f 493 1216 1221
f 587 1221 1216
f 1041 1222 1032
f 1295 1222 1042
f 1039 1538 1299
f 1042 1222 1223
f 1035 1304 1233
f 1303 1498 1375
f 1225 1219 1475
f 1475 1227 1225
f 1443 1374 1476
f 1330 1334 1386
f 1226 1228 1229
f 1215 1208 1227
f 1318 1321 1326
f 1316 1318 1315
f 1226 1229 1227
f 1230 1228 585
f 585 587 1230
f 1215 1230 587
f 1009 1231 1007
f 1010 1043 1231
f 1194 1232 1004
f 1010 1231 1232
f 1304 1035 1037
f 966 927 1233
f 1287 1288 1053
f 1238 1045 1234
f 1546 1549 1306
f 1552 1047 1305
f 1047 1554 1234
f 1576 1540 1236
f 1043 1235 1052
f 1049 1305 1302
f 1237 1577 1238
f 1035 1238 1236
f 1313 1312 752
f 946 1364 1283
f 1057 1314 1313
f 1241 1337 1242
f 1057 1241 1322
f 1383 585 1333
f 1321 1324 1326
f 863 877 1243
f 938 1243 877
f 1243 1244 976
f 1244 1062 1245
f 1063 1245 1060
f 1245 1560 1496
f 639 1246 638
f 1247 1246 628
f 1247 628 630
f 631 1072 1338
f 1248 1070 1076
f 1077 1100 1248
f 1347 1256 1267
f 1429 1190 1283
f 1251 1250 1135
f 1123 1250 1143
f 1346 1130 1153
f 1137 1143 1251
f 1252 1077 1078
f 1079 1131 1252
f 1640 1253 1100
f 1254 1253 1180
f 1184 1255 1180
f 1254 1180 1255
f 1255 1258 1260
f 1256 1121 1254
f 1258 1255 1184
f 1260 1266 1267
f 1281 1282 1363
f 1261 1263 1257
f 1282 1184 1363
f 1258 1257 1260
f 1166 1350 1354
f 1257 1266 1260
f 1257 1265 1266
f 1267 1256 1260
f 1282 1258 1184
f 1259 1454 1263
f 1259 1356 1431
f 1264 1394 1393
f 1259 1263 1261
f 1404 1397 1415
f 1285 1409 1381
f 1343 1345 1341
f 1452 1263 1262
f 1265 1264 1266
f 1266 1264 1390
f 1249 1339 1267
f 1344 1343 1249
f 1347 1267 1094
f 1110 1268 944
f 1268 977 1269
f 1185 1269 977
f 894 1140 1269
f 1146 1270 1126
f 1270 1117 1141
f 1150 1272 1133
f 1153 1130 1271
f 1348 1153 1271
f 1164 1275 1163
f 1275 1164 1349
f 1274 1163 1275
f 1348 1430 1164
f 1586 1585 1280
f 1273 1589 1276
f 1625 1277 1585
f 1588 1275 1349
f 1176 1558 1555
f 1275 1278 1274
f 1641 1279 1169
f 1433 1354 1356
f 1280 1584 1558
f 1584 1585 1277
f 1356 1259 1282
f 1282 1261 1258
f 1261 1282 1259
f 1356 1282 1281
f 1283 1364 1284
f 1190 1192 1283
f 1341 1284 1364
f 1283 1284 1429
f 1341 1345 1284
f 1451 1380 1381
f 1196 1286 1195
f 1193 1197 1286
f 1010 1287 1043
f 1288 1287 1197
f 1193 1288 1197
f 1288 1285 1380
f 1439 1370 1493
f 1292 1289 1067
f 1290 1011 1638
f 1203 1290 1013
f 1292 1291 1202
f 1064 1371 1293
f 1292 1202 1368
f 1067 1593 1616
f 1372 1293 885
f 1294 670 1011
f 1373 1205 1291
f 1294 1373 1440
f 1297 1295 1042
f 1214 1218 1295
f 1224 1300 1298
f 1374 1296 1474
f 1223 1299 1042
f 1297 1296 1444
f 1224 1537 1447
f 1297 1298 1375
f 1039 1299 1223
f 1224 1298 1299
f 1479 1478 1336
f 1224 1447 1300
f 1234 1302 1047
f 1535 1448 1300
f 1534 1447 1626
f 1303 1300 1448
f 1303 1375 1300
f 1563 1446 1477
f 966 1233 1304
f 1046 1302 1033
f 1486 1483 1485
f 1552 1550 1047
f 1378 1483 1054
f 1463 1239 1462
f 1485 1305 1486
f 1308 1379 1380
f 1382 1308 1239
f 1056 1312 1311
f 1310 1056 1311
f 147 1310 1309
f 742 1311 1240
f 1309 1310 1311
f 1313 752 1057
f 1311 1312 1240
f 1314 1057 971
f 1240 1312 1313
f 1316 1314 971
f 1320 1240 1314
f 971 1321 1318
f 1384 1387 1389
f 1319 1316 1315
f 1240 1320 742
f 1317 1319 747
f 1318 1316 971
f 1323 1330 1326
f 1319 1315 1385
f 1319 1317 1320
f 1319 1320 1314
f 742 1320 1317
f 1322 1321 971
f 1325 1324 1242
f 1057 1322 971
f 1242 1322 1241
f 1228 1333 585
f 1328 1333 1335
f 1242 1337 1325
f 1324 1323 1326
f 588 1327 748
f 1323 1324 1325
f 1328 1330 1333
f 1568 1330 1328
f 584 585 1327
f 1383 1327 585
f 1328 1335 1642
f 1331 1315 1318
f 1385 1384 1332
f 1332 747 1385
f 1333 1330 1323
f 1329 1332 1389
f 1386 1318 1326
f 1318 1386 1331
f 1333 1323 1383
f 1384 1315 1331
f 1333 1228 1335
f 1565 1567 1336
f 1387 1331 1386
f 1226 1642 1228
f 1328 1642 1336
f 1443 1476 1219
f 1565 1478 1517
f 829 1337 853
f 1325 1337 748
f 1073 1247 1338
f 631 1338 1247
f 1267 1339 1094
f 1340 1339 1249
f 1340 1249 1341
f 1097 1340 1103
f 1344 1342 1343
f 1249 1343 1341
f 1342 1390 1392
f 1381 1239 1451
f 1249 1267 1344
f 1343 1342 1345
f 1267 1266 1344
f 1344 1266 1390
f 1367 1345 1407
f 1190 1367 1366
f 1137 1251 1346
f 1130 1346 1251
f 1095 1347 1094
f 1121 1256 1347
f 1348 1127 1430
f 1153 1348 1272
f 1351 1174 1169
f 1611 1586 1589
f 1354 1350 1355
f 1492 1357 1279
f 1351 1169 1279
f 1471 1096 1545
f 1358 1357 1435
f 1355 1353 1354
f 1353 1355 1360
f 1351 1279 1358
f 1356 1354 1353
f 1350 1358 1435
f 1351 1358 1350
f 1356 1353 1431
f 1178 1432 1281
f 1357 1358 1279
f 1436 1360 1355
f 1434 1492 1555
f 1096 1471 1361
f 1435 1436 1355
f 1360 1457 1353
f 1436 1438 1360
f 1435 1355 1350
f 1435 1357 1437
f 1394 1400 1398
f 1487 1454 1259
f 1183 1363 1184
f 1167 1281 1363
f 1364 946 1365
f 1341 1364 1103
f 983 1365 946
f 1113 1105 1365
f 1190 1429 1367
f 1288 1366 1285
f 1405 1342 1392
f 1285 1366 1367
f 1203 1368 1202
f 1369 1368 1204
f 1201 1369 1204
f 1473 1369 955
f 1066 1371 1064
f 1369 1473 1289
f 1371 974 1059
f 1441 1372 885
f 1442 673 674
f 1440 1373 1293
f 1205 1373 1294
f 1296 1498 1474
f 1446 1479 1475
f 1297 1375 1296
f 1300 1375 1298
f 1523 1481 1531
f 1542 1377 1448
f 1509 1522 1571
f 1474 1500 1501
f 1449 1378 1050
f 1484 1483 1378
f 1235 1379 1050
f 1380 1379 1053
f 1288 1380 1053
f 1380 1285 1381
f 1367 1409 1285
f 1342 1405 1345
f 1404 1428 1463
f 1378 1382 1307
f 1323 1325 1383
f 1327 1383 1325
f 1332 1384 1389
f 1319 1385 747
f 1315 1384 1385
f 1330 1386 1326
f 1387 1386 1334
f 1387 1334 1388
f 1384 1331 1387
f 1568 1334 1330
f 1601 1329 1619
f 1387 1388 1389
f 1619 1389 1388
f 1393 1392 1390
f 1344 1390 1342
f 1264 1265 1452
f 1398 1396 1401
f 1393 1390 1264
f 1461 1402 1408
f 1452 1265 1263
f 1391 1392 1393
f 1411 1406 1410
f 1391 1393 1395
f 1398 1395 1394
f 1394 1395 1393
f 1401 1396 1410
f 1420 1406 1419
f 1428 1426 1470
f 1400 1394 1262
f 1401 1399 1395
f 1401 1395 1398
f 1403 1404 1402
f 1262 1453 1400
f 1421 1396 1464
f 1396 1421 1411
f 1397 1399 1401
f 1462 1381 1408
f 1399 1403 1391
f 1404 1403 1397
f 1403 1402 1461
f 1401 1412 1397
f 1404 1425 1426
f 1461 1392 1391
f 1405 1408 1407
f 1425 1420 1423
f 1410 1412 1401
f 1345 1405 1407
f 1461 1408 1405
f 1462 1408 1402
f 1409 1408 1381
f 1367 1407 1409
f 1408 1409 1407
f 1421 1464 1455
f 1410 1406 1412
f 1544 1456 1438
f 1359 1419 1417
f 1417 1419 1406
f 1397 1412 1415
f 1411 1410 1396
f 1359 1417 1418
f 1359 1416 1419
f 1419 1416 1420
f 1465 1423 1424
f 1420 1415 1412
f 1406 1411 1417
f 1421 1460 1411
f 1416 1414 1420
f 1411 1418 1417
f 1420 1414 1423
f 1406 1420 1412
f 1400 1453 1455
f 1421 1459 1460
f 1307 1428 1470
f 1415 1425 1404
f 1465 1424 324
f 1425 1423 1422
f 1425 1422 1426
f 1423 1414 1424
f 1420 1425 1415
f 1427 1426 1422
f 1428 1307 1382
f 1465 1427 1422
f 1469 1427 1467
f 1239 1428 1382
f 1404 1426 1428
f 1284 1345 1429
f 1367 1429 1345
f 1127 1276 1430
f 1349 1430 1276
f 1457 1431 1353
f 1487 1453 1454
f 1433 1178 1166
f 1356 1281 1432
f 1354 1433 1166
f 1356 1432 1433
f 1352 1357 1434
f 1357 1492 1434
f 1437 1436 1435
f 1471 1437 1361
f 1438 1436 1471
f 1437 1352 1361
f 1352 1437 1357
f 1458 1413 1543
f 1438 1456 1457
f 1293 1372 1440
f 955 1439 1473
f 670 1440 1372
f 884 1441 885
f 1441 882 881
f 670 1372 1442
f 1442 1372 1441
f 1217 1443 1219
f 1444 1443 1214
f 1444 1214 1295
f 1296 1374 1444
f 1503 1505 1377
f 1377 1509 1503
f 1476 1477 1446
f 1642 1479 1336
f 1538 1480 1537
f 1624 1607 1610
f 1447 1534 1535
f 1502 1499 1503
f 1379 1449 1050
f 1382 1449 1308
f 1488 1307 1470
f 1465 324 1467
f 1239 1308 1451
f 1380 1451 1308
f 1262 1394 1452
f 1264 1452 1394
f 1454 1453 1262
f 1453 1362 1455
f 1263 1454 1262
f 1487 1259 1431
f 1362 1456 1455
f 1421 1455 1459
f 1457 1456 1362
f 1471 1545 1438
f 1362 1487 1457
f 1438 1457 1360
f 1427 1469 1488
f 1545 1543 1544
f 1456 1459 1455
f 1543 1460 1459
f 1413 1418 1460
f 1411 1460 1418
f 1392 1461 1405
f 1461 1391 1403
f 1463 1462 1402
f 1381 1462 1239
f 1404 1463 1402
f 1239 1463 1428
f 1398 1464 1396
f 1455 1464 1400
f 1469 1489 1490
f 1423 1465 1422
f 1551 1546 1548
f 1467 1427 1465
f 1484 1469 1450
f 1467 1468 1489
f 1467 324 1468
f 1489 1466 1490
f 1426 1427 1470
f 1470 1427 1488
f 1437 1471 1436
f 1472 1493 1494
f 1497 1559 1067
f 1493 1473 1439
f 1497 1473 1472
f 1296 1375 1498
f 1501 1563 1474
f 1475 1226 1227
f 1476 1475 1219
f 1477 1476 1374
f 1475 1476 1446
f 1374 1474 1477
f 1498 1500 1474
f 1563 1501 1478
f 1501 1504 1516
f 1475 1479 1226
f 1478 1479 1446
f 1539 1480 1538
f 1577 1541 1576
f 1575 1532 1624
f 1571 1506 1509
f 1504 1500 1502
f 1510 1515 1504
f 1484 1378 1307
f 1483 1450 1485
f 1484 1307 1488
f 1450 1483 1484
f 1548 1485 1450
f 1552 1485 1306
f 1049 1486 1305
f 1483 1486 1054
f 1457 1487 1431
f 1453 1487 1362
f 1466 1489 1468
f 1484 1488 1469
f 1469 1467 1489
f 1491 1048 1546
f 1450 1469 1490
f 1279 1176 1492
f 1466 1491 1551
f 1555 1492 1176
f 1494 1493 1370
f 1473 1493 1472
f 1562 1061 1592
f 867 1244 1496
f 1615 1596 1594
f 1370 1495 1613
f 1562 1592 1594
f 1559 1497 1472
f 1289 1497 1067
f 1499 1498 1303
f 1519 1503 1509
f 1505 1303 1448
f 1502 1500 1499
f 1569 1445 1521
f 1498 1499 1500
f 1499 1505 1503
f 1500 1504 1501
f 1502 1482 1504
f 1509 1377 1522
f 1482 1502 1503
f 1482 1519 1513
f 1504 1482 1510
f 1303 1505 1499
f 1377 1505 1448
f 1526 1445 1512
f 1507 1515 1514
f 1600 1599 1564
f 1515 1516 1504
f 1521 1508 1617
f 1517 1478 1516
f 1523 1522 1377
f 1527 1519 1506
f 1503 1519 1482
f 1526 1518 1445
f 1529 1527 1528
f 1569 1513 1512
f 1564 1643 491
f 1513 1514 1510
f 1482 1513 1510
f 1512 1513 1511
f 1514 1515 1510
f 1514 1617 1598
f 1515 1507 1516
f 1517 1516 1507
f 1478 1501 1516
f 1597 1517 1507
f 1478 1565 1336
f 1620 1603 1520
f 1523 1525 1522
f 1506 1519 1509
f 1513 1519 1511
f 1377 1542 1523
f 1527 1529 1526
f 1569 1521 1514
f 1527 1526 1511
f 1376 1530 1575
f 1523 1531 1533
f 1526 1512 1511
f 1571 1522 1525
f 1519 1527 1511
f 1518 1526 1529
f 1527 1506 1528
f 1572 1528 1506
f 1572 1573 1622
f 1620 1529 1528
f 1518 1529 1520
f 1530 1301 1533
f 1523 1533 1525
f 1532 1531 1481
f 1575 1531 1532
f 1481 1534 1532
f 1626 1447 1536
f 1575 1533 1531
f 1301 1525 1533
f 1535 1534 1481
f 1447 1537 1536
f 1535 1481 1542
f 1447 1535 1300
f 1609 1608 1623
f 1610 1376 1624
f 1538 1537 1224
f 1536 1537 1480
f 1299 1538 1224
f 1538 1039 1539
f 1540 1539 1039
f 1541 1539 1576
f 1041 1540 1039
f 1236 1540 1035
f 1237 1554 1553
f 1608 1583 1606
f 1535 1542 1448
f 1523 1542 1481
f 1460 1543 1413
f 1459 1456 1544
f 1544 1438 1545
f 1459 1544 1543
f 1096 1458 1545
f 1545 1458 1543
f 1553 1550 1549
f 1548 1546 1306
f 1583 1578 1579
f 1578 1577 1237
f 1548 1306 1485
f 1551 1548 1490
f 1604 1546 1048
f 1579 1582 1547
f 1466 1551 1490
f 1554 1550 1553
f 1546 1551 1491
f 1485 1552 1305
f 1306 1550 1552
f 1604 1580 1582
f 1577 1578 1541
f 1234 1554 1237
f 1047 1550 1554
f 1176 1557 1558
f 1434 1555 1168
f 1641 1557 1176
f 1280 1558 1557
f 1173 1280 1557
f 1585 1584 1280
f 1168 1558 1556
f 1594 1472 1494
f 1613 1494 1370
f 1559 1472 1594
f 1562 1595 1560
f 1595 1496 1560
f 1561 1595 1065
f 1446 1563 1478
f 1474 1563 1477
f 1564 1597 1598
f 1388 1644 1618
f 1517 1566 1565
f 1567 1328 1336
f 1517 1597 1599
f 1568 1644 1334
f 1565 1566 1567
f 1618 1644 1566
f 1328 1567 1568
f 1567 1566 1644
f 1513 1569 1514
f 1445 1569 1512
f 1602 1525 1570
f 1525 1301 1570
f 1574 1622 1524
f 1506 1571 1572
f 1573 1572 1571
f 1571 1525 1602
f 1533 1575 1530
f 1603 1621 3
f 1528 1622 1621
f 1540 1576 1539
f 1577 1576 1236
f 1238 1577 1236
f 1578 1237 1553
f 1553 1579 1578
f 1605 1583 1579
f 1604 1582 1549
f 1607 1608 1606
f 1549 1582 1553
f 1553 1582 1579
f 1547 1581 1605
f 1547 1582 1580
f 727 1606 1581
f 1578 1583 1609
f 1277 1556 1584
f 1558 1584 1556
f 1280 1278 1586
f 1273 1590 1611
f 1588 1278 1275
f 1586 1588 1589
f 1589 1588 1349
f 1611 1589 1273
f 1278 1588 1586
f 1276 1589 1349
f 1612 2 1587
f 1612 1611 1590
f 1587 1277 1625
f 1 1614 1495
f 1065 1595 1596
f 1592 1061 1593
f 1594 1592 1559
f 1061 1066 1593
f 1616 1066 1064
f 1613 1594 1494
f 1613 1615 1594
f 1595 1561 1496
f 1596 1595 1562
f 1594 1596 1562
f 1615 1613 1614
f 1598 1597 1507
f 1599 1597 1564
f 1514 1598 1507
f 1643 1598 1508
f 1600 1564 491
f 1517 1599 1566
f 1600 491 1601
f 1566 1599 1600
f 1524 1602 1570
f 1619 1618 1601
f 1571 1602 1573
f 1546 1604 1549
f 1620 1621 1603
f 1580 1604 1048
f 1547 1605 1579
f 1606 1605 1581
f 1607 1606 727
f 1605 1606 1583
f 1376 1575 1624
f 1536 1480 1623
f 1623 1607 1536
f 1609 1480 1541
f 1578 1609 1541
f 1583 1608 1609
f 1585 1586 1611
f 1607 727 1610
f 2 1612 1590
f 1625 1612 1587
f 1 1591 1614
f 1495 1614 1613
f 1614 1591 1615
f 1615 1065 1596
f 1065 1615 1591
f 1067 1616 1292
f 1066 1616 1593
f 1521 1617 1514
f 1508 1598 1617
f 1566 1600 1618
f 1601 1618 1600
f 1389 1619 1329
f 1618 1619 1388
f 1529 1620 1520
f 1621 1620 1528
f 1528 1572 1622
f 1621 1574 3
f 1524 1622 1573
f 1574 1621 1622
f 1609 1623 1480
f 1607 1623 1608
f 1626 1532 1534
f 1607 1624 1536
f 1585 1611 1625
f 1612 1625 1611
f 1536 1624 1626
f 1532 1626 1624
f 45 1627 38
f 47 1627 13
f 88 1628 87
f 1629 1628 69
f 63 1629 69
f 1629 59 113
f 202 1630 218
f 634 1630 217
f 1632 710 711
f 313 1632 283
f 710 1632 1631
f 519 1633 521
f 842 1634 844
f 521 1634 504
f 660 1635 658
f 1019 1635 661
f 743 1636 851
f 956 1637 671
f 1638 1637 952
f 1290 1638 952
f 1638 1011 1639
f 1011 670 1639
f 672 1639 670
f 1253 1640 1180
f 1100 1181 1640
f 1175 1641 1169
f 1176 1279 1641
f 1228 1642 1335
f 1479 1642 1226
f 1334 1644 1388
f 1598 1643 1564
f 1567 1644 1568
