# Blender 4.4.3
# www.blender.org
mtllib square16x16.mtl
o square32x32
v -1.000000 0.000000 1.000000
v 1.000000 0.000000 1.000000
v -1.000000 -0.000000 -1.000000
v 1.000000 -0.000000 -1.000000
v -1.000000 0.000000 0.000000
v 0.000000 0.000000 1.000000
v 1.000000 0.000000 0.000000
v 0.000000 -0.000000 -1.000000
v 0.000000 0.000000 0.000000
v -1.000000 0.000000 0.500000
v 0.500000 0.000000 1.000000
v 1.000000 -0.000000 -0.500000
v -0.500000 -0.000000 -1.000000
v -0.500000 0.000000 0.500000
v -1.000000 -0.000000 -0.500000
v -0.500000 0.000000 1.000000
v 1.000000 0.000000 0.500000
v 0.500000 -0.000000 -1.000000
v 0.500000 -0.000000 -0.500000
v -0.500000 -0.000000 -0.500000
v -0.500000 0.000000 0.000000
v 0.000000 -0.000000 -0.500000
v 0.500000 0.000000 0.000000
v 0.000000 0.000000 0.500000
v 0.500000 0.000000 0.500000
v -1.000000 0.000000 0.750000
v 0.750000 0.000000 1.000000
v 1.000000 -0.000000 -0.750000
v -0.750000 -0.000000 -1.000000
v -0.750000 0.000000 0.750000
v -1.000000 -0.000000 -0.250000
v -0.250000 0.000000 1.000000
v 1.000000 0.000000 0.250000
v 0.250000 -0.000000 -1.000000
v 0.250000 -0.000000 -0.250000
v -0.250000 -0.000000 -0.750000
v -0.250000 0.000000 0.000000
v 0.000000 -0.000000 -0.250000
v 0.750000 0.000000 0.000000
v 0.000000 0.000000 0.750000
v 0.250000 0.000000 0.750000
v -1.000000 0.000000 0.250000
v 0.250000 0.000000 1.000000
v 1.000000 -0.000000 -0.250000
v -0.250000 -0.000000 -1.000000
v -0.250000 0.000000 0.250000
v -1.000000 -0.000000 -0.750000
v -0.750000 0.000000 1.000000
v 1.000000 0.000000 0.750000
v 0.750000 -0.000000 -1.000000
v 0.750000 -0.000000 -0.750000
v -0.750000 -0.000000 -0.250000
v -0.750000 0.000000 0.000000
v 0.000000 -0.000000 -0.750000
v 0.250000 0.000000 0.000000
v 0.000000 0.000000 0.250000
v 0.750000 0.000000 0.250000
v 0.750000 0.000000 0.500000
v 0.500000 0.000000 0.750000
v 0.750000 0.000000 0.750000
v 0.500000 0.000000 0.250000
v 0.250000 0.000000 0.250000
v 0.250000 0.000000 0.500000
v 0.750000 -0.000000 -0.500000
v 0.500000 -0.000000 -0.250000
v 0.750000 -0.000000 -0.250000
v 0.250000 -0.000000 -0.750000
v 0.250000 -0.000000 -0.500000
v 0.500000 -0.000000 -0.750000
v -0.250000 -0.000000 -0.500000
v -0.500000 -0.000000 -0.250000
v -0.250000 -0.000000 -0.250000
v -0.750000 0.000000 0.250000
v -0.750000 0.000000 0.500000
v -0.500000 0.000000 0.250000
v -0.750000 -0.000000 -0.750000
v -0.750000 -0.000000 -0.500000
v -0.500000 -0.000000 -0.750000
v -0.250000 0.000000 0.500000
v -0.500000 0.000000 0.750000
v -0.250000 0.000000 0.750000
v -1.000000 0.000000 0.875000
v 0.875000 0.000000 1.000000
v 1.000000 -0.000000 -0.875000
v -0.875000 -0.000000 -1.000000
v -0.875000 0.000000 0.875000
v -1.000000 -0.000000 -0.125000
v -0.125000 0.000000 1.000000
v 1.000000 0.000000 0.125000
v 0.125000 -0.000000 -1.000000
v 0.125000 -0.000000 -0.125000
v -0.125000 -0.000000 -0.875000
v -0.125000 0.000000 0.000000
v 0.000000 -0.000000 -0.125000
v 0.875000 0.000000 0.000000
v 0.000000 0.000000 0.875000
v 0.125000 0.000000 0.875000
v -1.000000 0.000000 0.375000
v 0.375000 0.000000 1.000000
v 1.000000 -0.000000 -0.375000
v -0.375000 -0.000000 -1.000000
v -0.375000 0.000000 0.375000
v -1.000000 -0.000000 -0.625000
v -0.625000 0.000000 1.000000
v 1.000000 0.000000 0.625000
v 0.625000 -0.000000 -1.000000
v 0.625000 -0.000000 -0.625000
v -0.625000 -0.000000 -0.375000
v -0.625000 0.000000 0.000000
v 0.000000 -0.000000 -0.625000
v 0.375000 0.000000 0.000000
v 0.000000 0.000000 0.375000
v 0.625000 0.000000 0.375000
v 0.875000 0.000000 0.500000
v 0.500000 0.000000 0.875000
v 0.625000 0.000000 0.875000
v 0.500000 0.000000 0.375000
v 0.125000 0.000000 0.375000
v 0.125000 0.000000 0.500000
v 0.875000 -0.000000 -0.500000
v 0.500000 -0.000000 -0.125000
v 0.625000 -0.000000 -0.125000
v 0.375000 -0.000000 -0.875000
v 0.375000 -0.000000 -0.500000
v 0.500000 -0.000000 -0.625000
v -0.125000 -0.000000 -0.500000
v -0.500000 -0.000000 -0.125000
v -0.375000 -0.000000 -0.125000
v -0.625000 0.000000 0.125000
v -0.625000 0.000000 0.500000
v -0.500000 0.000000 0.375000
v -0.625000 -0.000000 -0.875000
v -0.625000 -0.000000 -0.500000
v -0.500000 -0.000000 -0.625000
v -0.125000 0.000000 0.500000
v -0.500000 0.000000 0.875000
v -0.375000 0.000000 0.875000
v -1.000000 0.000000 0.625000
v 0.625000 0.000000 1.000000
v 1.000000 -0.000000 -0.625000
v -0.625000 -0.000000 -1.000000
v -0.625000 0.000000 0.625000
v -1.000000 -0.000000 -0.375000
v -0.375000 0.000000 1.000000
v 1.000000 0.000000 0.375000
v 0.375000 -0.000000 -1.000000
v 0.375000 -0.000000 -0.375000
v -0.375000 -0.000000 -0.625000
v -0.375000 0.000000 0.000000
v 0.000000 -0.000000 -0.375000
v 0.625000 0.000000 0.000000
v 0.000000 0.000000 0.625000
v 0.375000 0.000000 0.625000
v -1.000000 0.000000 0.125000
v 0.125000 0.000000 1.000000
v 1.000000 -0.000000 -0.125000
v -0.125000 -0.000000 -1.000000
v -0.125000 0.000000 0.125000
v -1.000000 -0.000000 -0.875000
v -0.875000 0.000000 1.000000
v 1.000000 0.000000 0.875000
v 0.875000 -0.000000 -1.000000
v 0.875000 -0.000000 -0.875000
v -0.875000 -0.000000 -0.125000
v -0.875000 0.000000 0.000000
v 0.000000 -0.000000 -0.875000
v 0.125000 0.000000 0.000000
v 0.000000 0.000000 0.125000
v 0.875000 0.000000 0.125000
v 0.625000 0.000000 0.500000
v 0.500000 0.000000 0.625000
v 0.875000 0.000000 0.625000
v 0.500000 0.000000 0.125000
v 0.375000 0.000000 0.125000
v 0.375000 0.000000 0.500000
v 0.625000 -0.000000 -0.500000
v 0.500000 -0.000000 -0.375000
v 0.875000 -0.000000 -0.375000
v 0.125000 -0.000000 -0.625000
v 0.125000 -0.000000 -0.500000
v 0.500000 -0.000000 -0.875000
v -0.375000 -0.000000 -0.500000
v -0.500000 -0.000000 -0.375000
v -0.125000 -0.000000 -0.375000
v -0.875000 0.000000 0.375000
v -0.875000 0.000000 0.500000
v -0.500000 0.000000 0.125000
v -0.875000 -0.000000 -0.625000
v -0.875000 -0.000000 -0.500000
v -0.500000 -0.000000 -0.875000
v -0.375000 0.000000 0.500000
v -0.500000 0.000000 0.625000
v -0.125000 0.000000 0.625000
v -0.125000 0.000000 0.750000
v -0.250000 0.000000 0.875000
v -0.125000 0.000000 0.875000
v -0.250000 0.000000 0.625000
v -0.375000 0.000000 0.625000
v -0.375000 0.000000 0.750000
v -0.125000 0.000000 0.250000
v -0.250000 0.000000 0.375000
v -0.125000 0.000000 0.375000
v -0.375000 -0.000000 -0.875000
v -0.375000 -0.000000 -0.750000
v -0.250000 -0.000000 -0.875000
v -0.625000 -0.000000 -0.750000
v -0.750000 -0.000000 -0.625000
v -0.625000 -0.000000 -0.625000
v -0.875000 -0.000000 -0.875000
v -0.875000 -0.000000 -0.750000
v -0.750000 -0.000000 -0.875000
v -0.375000 0.000000 0.125000
v -0.375000 0.000000 0.250000
v -0.250000 0.000000 0.125000
v -0.625000 0.000000 0.250000
v -0.750000 0.000000 0.375000
v -0.625000 0.000000 0.375000
v -0.875000 0.000000 0.125000
v -0.875000 0.000000 0.250000
v -0.750000 0.000000 0.125000
v -0.125000 -0.000000 -0.250000
v -0.250000 -0.000000 -0.125000
v -0.125000 -0.000000 -0.125000
v -0.250000 -0.000000 -0.375000
v -0.375000 -0.000000 -0.375000
v -0.375000 -0.000000 -0.250000
v -0.125000 -0.000000 -0.750000
v -0.250000 -0.000000 -0.625000
v -0.125000 -0.000000 -0.625000
v 0.625000 -0.000000 -0.875000
v 0.625000 -0.000000 -0.750000
v 0.750000 -0.000000 -0.875000
v 0.375000 -0.000000 -0.750000
v 0.250000 -0.000000 -0.625000
v 0.375000 -0.000000 -0.625000
v 0.125000 -0.000000 -0.875000
v 0.125000 -0.000000 -0.750000
v 0.250000 -0.000000 -0.875000
v 0.875000 -0.000000 -0.250000
v 0.750000 -0.000000 -0.125000
v 0.875000 -0.000000 -0.125000
v 0.750000 -0.000000 -0.375000
v 0.625000 -0.000000 -0.375000
v 0.625000 -0.000000 -0.250000
v 0.875000 -0.000000 -0.750000
v 0.750000 -0.000000 -0.625000
v 0.875000 -0.000000 -0.625000
v 0.250000 0.000000 0.625000
v 0.125000 0.000000 0.625000
v 0.125000 0.000000 0.750000
v 0.375000 0.000000 0.375000
v 0.375000 0.000000 0.250000
v 0.250000 0.000000 0.375000
v 0.750000 0.000000 0.125000
v 0.625000 0.000000 0.125000
v 0.625000 0.000000 0.250000
v 0.875000 0.000000 0.750000
v 0.750000 0.000000 0.875000
v 0.875000 0.000000 0.875000
v 0.750000 0.000000 0.625000
v 0.625000 0.000000 0.625000
v 0.625000 0.000000 0.750000
v 0.875000 0.000000 0.250000
v 0.750000 0.000000 0.375000
v 0.875000 0.000000 0.375000
v 0.375000 0.000000 0.750000
v 0.250000 0.000000 0.875000
v 0.375000 0.000000 0.875000
v 0.250000 0.000000 0.125000
v 0.125000 0.000000 0.125000
v 0.125000 0.000000 0.250000
v 0.375000 -0.000000 -0.250000
v 0.250000 -0.000000 -0.125000
v 0.375000 -0.000000 -0.125000
v 0.125000 -0.000000 -0.375000
v 0.125000 -0.000000 -0.250000
v 0.250000 -0.000000 -0.375000
v -0.625000 -0.000000 -0.250000
v -0.750000 -0.000000 -0.125000
v -0.625000 -0.000000 -0.125000
v -0.875000 0.000000 0.625000
v -0.875000 0.000000 0.750000
v -0.750000 0.000000 0.625000
v -0.875000 -0.000000 -0.375000
v -0.875000 -0.000000 -0.250000
v -0.750000 -0.000000 -0.375000
v -0.625000 0.000000 0.750000
v -0.750000 0.000000 0.875000
v -0.625000 0.000000 0.875000
v -0.937500 0.000000 0.937500
v -0.937500 0.000000 1.000000
v -0.875000 0.000000 0.937500
v -1.000000 -0.000000 -0.062500
v -0.937500 -0.000000 -0.062500
v -0.937500 -0.000000 -0.125000
v -1.000000 0.000000 0.937500
v -0.937500 0.000000 0.875000
v -0.937500 0.000000 0.000000
v -0.875000 -0.000000 -0.062500
v 0.000000 -0.000000 -0.062500
v 0.062500 -0.000000 -0.062500
v 0.062500 -0.000000 -0.125000
v 0.062500 0.000000 0.000000
v 0.125000 -0.000000 -0.062500
v 0.000000 0.000000 0.062500
v 0.062500 0.000000 0.062500
v 0.062500 0.000000 0.937500
v 0.062500 0.000000 1.000000
v 0.125000 0.000000 0.937500
v 0.562500 0.000000 0.437500
v 0.562500 0.000000 0.500000
v 0.625000 0.000000 0.437500
v 0.500000 0.000000 0.562500
v 0.562500 0.000000 0.562500
v 0.562500 0.000000 0.937500
v 0.562500 0.000000 1.000000
v 0.625000 0.000000 0.937500
v 0.562500 0.000000 0.000000
v 0.500000 0.000000 0.062500
v 0.562500 0.000000 0.062500
v 0.437500 0.000000 0.062500
v 0.437500 0.000000 0.125000
v 0.062500 0.000000 0.500000
v 0.000000 0.000000 0.562500
v 0.062500 0.000000 0.562500
v 0.562500 -0.000000 -0.562500
v 0.562500 -0.000000 -0.500000
v 0.625000 -0.000000 -0.562500
v 0.500000 -0.000000 -0.437500
v 0.562500 -0.000000 -0.437500
v 0.562500 -0.000000 -0.062500
v 0.625000 -0.000000 -0.062500
v 0.000000 -0.000000 -0.562500
v 0.062500 -0.000000 -0.562500
v 0.062500 -0.000000 -0.625000
v 0.062500 -0.000000 -0.500000
v 0.125000 -0.000000 -0.562500
v 0.500000 -0.000000 -0.562500
v 0.562500 -0.000000 -0.625000
v -0.437500 -0.000000 -0.562500
v -0.437500 -0.000000 -0.500000
v -0.375000 -0.000000 -0.562500
v -0.500000 -0.000000 -0.437500
v -0.437500 -0.000000 -0.437500
v -0.437500 -0.000000 -0.062500
v -0.437500 0.000000 0.000000
v -0.375000 -0.000000 -0.062500
v -1.000000 0.000000 0.437500
v -0.937500 0.000000 0.437500
v -0.937500 0.000000 0.375000
v -0.937500 0.000000 0.500000
v -0.875000 0.000000 0.437500
v -0.500000 0.000000 0.437500
v -0.437500 0.000000 0.437500
v -0.437500 0.000000 0.375000
v -1.000000 -0.000000 -0.562500
v -0.937500 -0.000000 -0.562500
v -0.937500 -0.000000 -0.625000
v -0.937500 -0.000000 -0.500000
v -0.875000 -0.000000 -0.562500
v -0.500000 -0.000000 -0.562500
v -0.437500 -0.000000 -0.625000
v -0.437500 0.000000 0.500000
v -0.375000 0.000000 0.437500
v -0.500000 0.000000 0.562500
v -0.437500 0.000000 0.562500
v -0.437500 0.000000 0.937500
v -0.437500 0.000000 1.000000
v -0.375000 0.000000 0.937500
v -0.187500 0.000000 0.687500
v -0.187500 0.000000 0.750000
v -0.125000 0.000000 0.687500
v -0.250000 0.000000 0.812500
v -0.187500 0.000000 0.812500
v -0.187500 0.000000 0.937500
v -0.187500 0.000000 1.000000
v -0.125000 0.000000 0.937500
v -0.187500 0.000000 0.500000
v -0.250000 0.000000 0.562500
v -0.187500 0.000000 0.562500
v -0.312500 0.000000 0.562500
v -0.312500 0.000000 0.625000
v -0.437500 0.000000 0.750000
v -0.500000 0.000000 0.812500
v -0.437500 0.000000 0.812500
v -0.187500 0.000000 0.187500
v -0.187500 0.000000 0.250000
v -0.125000 0.000000 0.187500
v -0.250000 0.000000 0.312500
v -0.187500 0.000000 0.312500
v -0.187500 0.000000 0.437500
v -0.125000 0.000000 0.437500
v -0.500000 -0.000000 -0.812500
v -0.437500 -0.000000 -0.812500
v -0.437500 -0.000000 -0.875000
v -0.437500 -0.000000 -0.750000
v -0.375000 -0.000000 -0.812500
v -0.250000 -0.000000 -0.812500
v -0.187500 -0.000000 -0.812500
v -0.187500 -0.000000 -0.875000
v -0.687500 -0.000000 -0.812500
v -0.687500 -0.000000 -0.750000
v -0.625000 -0.000000 -0.812500
v -0.750000 -0.000000 -0.687500
v -0.687500 -0.000000 -0.687500
v -0.687500 -0.000000 -0.562500
v -0.687500 -0.000000 -0.500000
v -0.625000 -0.000000 -0.562500
v -1.000000 -0.000000 -0.812500
v -0.937500 -0.000000 -0.812500
v -0.937500 -0.000000 -0.875000
v -0.937500 -0.000000 -0.750000
v -0.875000 -0.000000 -0.812500
v -0.750000 -0.000000 -0.812500
v -0.687500 -0.000000 -0.875000
v -0.500000 0.000000 0.187500
v -0.437500 0.000000 0.187500
v -0.437500 0.000000 0.125000
v -0.437500 0.000000 0.250000
v -0.375000 0.000000 0.187500
v -0.250000 0.000000 0.187500
v -0.187500 0.000000 0.125000
v -0.687500 0.000000 0.187500
v -0.687500 0.000000 0.250000
v -0.625000 0.000000 0.187500
v -0.750000 0.000000 0.312500
v -0.687500 0.000000 0.312500
v -0.687500 0.000000 0.437500
v -0.687500 0.000000 0.500000
v -0.625000 0.000000 0.437500
v -1.000000 0.000000 0.187500
v -0.937500 0.000000 0.187500
v -0.937500 0.000000 0.125000
v -0.937500 0.000000 0.250000
v -0.875000 0.000000 0.187500
v -0.750000 0.000000 0.187500
v -0.687500 0.000000 0.125000
v -0.187500 -0.000000 -0.312500
v -0.187500 -0.000000 -0.250000
v -0.125000 -0.000000 -0.312500
v -0.250000 -0.000000 -0.187500
v -0.187500 -0.000000 -0.187500
v -0.187500 -0.000000 -0.062500
v -0.187500 0.000000 0.000000
v -0.125000 -0.000000 -0.062500
v -0.187500 -0.000000 -0.500000
v -0.250000 -0.000000 -0.437500
v -0.187500 -0.000000 -0.437500
v -0.312500 -0.000000 -0.437500
v -0.312500 -0.000000 -0.375000
v -0.437500 -0.000000 -0.250000
v -0.500000 -0.000000 -0.187500
v -0.437500 -0.000000 -0.187500
v -0.187500 -0.000000 -0.750000
v -0.125000 -0.000000 -0.812500
v -0.250000 -0.000000 -0.687500
v -0.187500 -0.000000 -0.687500
v -0.187500 -0.000000 -0.562500
v -0.125000 -0.000000 -0.562500
v 0.500000 -0.000000 -0.812500
v 0.562500 -0.000000 -0.812500
v 0.562500 -0.000000 -0.875000
v 0.562500 -0.000000 -0.750000
v 0.625000 -0.000000 -0.812500
v 0.750000 -0.000000 -0.812500
v 0.812500 -0.000000 -0.812500
v 0.812500 -0.000000 -0.875000
v 0.312500 -0.000000 -0.812500
v 0.312500 -0.000000 -0.750000
v 0.375000 -0.000000 -0.812500
v 0.250000 -0.000000 -0.687500
v 0.312500 -0.000000 -0.687500
v 0.312500 -0.000000 -0.562500
v 0.312500 -0.000000 -0.500000
v 0.375000 -0.000000 -0.562500
v 0.000000 -0.000000 -0.812500
v 0.062500 -0.000000 -0.812500
v 0.062500 -0.000000 -0.875000
v 0.062500 -0.000000 -0.750000
v 0.125000 -0.000000 -0.812500
v 0.250000 -0.000000 -0.812500
v 0.312500 -0.000000 -0.875000
v 0.812500 -0.000000 -0.312500
v 0.812500 -0.000000 -0.250000
v 0.875000 -0.000000 -0.312500
v 0.750000 -0.000000 -0.187500
v 0.812500 -0.000000 -0.187500
v 0.812500 -0.000000 -0.062500
v 0.812500 0.000000 0.000000
v 0.875000 -0.000000 -0.062500
v 0.812500 -0.000000 -0.500000
v 0.750000 -0.000000 -0.437500
v 0.812500 -0.000000 -0.437500
v 0.687500 -0.000000 -0.437500
v 0.687500 -0.000000 -0.375000
v 0.562500 -0.000000 -0.250000
v 0.500000 -0.000000 -0.187500
v 0.562500 -0.000000 -0.187500
v 0.812500 -0.000000 -0.750000
v 0.875000 -0.000000 -0.812500
v 0.750000 -0.000000 -0.687500
v 0.812500 -0.000000 -0.687500
v 0.812500 -0.000000 -0.562500
v 0.875000 -0.000000 -0.562500
v 0.312500 0.000000 0.500000
v 0.250000 0.000000 0.562500
v 0.312500 0.000000 0.562500
v 0.187500 0.000000 0.562500
v 0.187500 0.000000 0.625000
v 0.062500 0.000000 0.750000
v 0.000000 0.000000 0.812500
v 0.062500 0.000000 0.812500
v 0.500000 0.000000 0.312500
v 0.437500 0.000000 0.312500
v 0.437500 0.000000 0.375000
v 0.437500 0.000000 0.250000
v 0.375000 0.000000 0.312500
v 0.250000 0.000000 0.312500
v 0.187500 0.000000 0.312500
v 0.187500 0.000000 0.375000
v 0.750000 0.000000 0.062500
v 0.812500 0.000000 0.062500
v 0.687500 0.000000 0.062500
v 0.687500 0.000000 0.125000
v 0.562500 0.000000 0.250000
v 0.562500 0.000000 0.312500
v 0.812500 0.000000 0.687500
v 0.812500 0.000000 0.750000
v 0.875000 0.000000 0.687500
v 0.750000 0.000000 0.812500
v 0.812500 0.000000 0.812500
v 0.812500 0.000000 0.937500
v 0.812500 0.000000 1.000000
v 0.875000 0.000000 0.937500
v 0.812500 0.000000 0.500000
v 0.750000 0.000000 0.562500
v 0.812500 0.000000 0.562500
v 0.687500 0.000000 0.562500
v 0.687500 0.000000 0.625000
v 0.562500 0.000000 0.750000
v 0.500000 0.000000 0.812500
v 0.562500 0.000000 0.812500
v 0.812500 0.000000 0.187500
v 0.812500 0.000000 0.250000
v 0.875000 0.000000 0.187500
v 0.750000 0.000000 0.312500
v 0.812500 0.000000 0.312500
v 0.812500 0.000000 0.437500
v 0.875000 0.000000 0.437500
v 0.312500 0.000000 0.687500
v 0.312500 0.000000 0.750000
v 0.375000 0.000000 0.687500
v 0.250000 0.000000 0.812500
v 0.312500 0.000000 0.812500
v 0.312500 0.000000 0.937500
v 0.312500 0.000000 1.000000
v 0.375000 0.000000 0.937500
v 0.312500 0.000000 0.000000
v 0.250000 0.000000 0.062500
v 0.312500 0.000000 0.062500
v 0.187500 0.000000 0.062500
v 0.187500 0.000000 0.125000
v 0.062500 0.000000 0.250000
v 0.000000 0.000000 0.312500
v 0.062500 0.000000 0.312500
v 0.312500 -0.000000 -0.312500
v 0.312500 -0.000000 -0.250000
v 0.375000 -0.000000 -0.312500
v 0.250000 -0.000000 -0.187500
v 0.312500 -0.000000 -0.187500
v 0.312500 -0.000000 -0.062500
v 0.375000 -0.000000 -0.062500
v 0.000000 -0.000000 -0.312500
v 0.062500 -0.000000 -0.312500
v 0.062500 -0.000000 -0.375000
v 0.062500 -0.000000 -0.250000
v 0.125000 -0.000000 -0.312500
v 0.250000 -0.000000 -0.312500
v 0.312500 -0.000000 -0.375000
v -0.687500 -0.000000 -0.312500
v -0.687500 -0.000000 -0.250000
v -0.625000 -0.000000 -0.312500
v -0.750000 -0.000000 -0.187500
v -0.687500 -0.000000 -0.187500
v -0.687500 -0.000000 -0.062500
v -0.687500 0.000000 0.000000
v -0.625000 -0.000000 -0.062500
v -1.000000 0.000000 0.687500
v -0.937500 0.000000 0.687500
v -0.937500 0.000000 0.625000
v -0.937500 0.000000 0.750000
v -0.875000 0.000000 0.687500
v -0.750000 0.000000 0.687500
v -0.687500 0.000000 0.687500
v -0.687500 0.000000 0.625000
v -1.000000 -0.000000 -0.312500
v -0.937500 -0.000000 -0.312500
v -0.937500 -0.000000 -0.375000
v -0.937500 -0.000000 -0.250000
v -0.875000 -0.000000 -0.312500
v -0.750000 -0.000000 -0.312500
v -0.687500 -0.000000 -0.375000
v -0.687500 0.000000 0.750000
v -0.625000 0.000000 0.687500
v -0.750000 0.000000 0.812500
v -0.687500 0.000000 0.812500
v -0.687500 0.000000 0.937500
v -0.687500 0.000000 1.000000
v -0.625000 0.000000 0.937500
v -0.562500 0.000000 0.812500
v -0.562500 0.000000 0.875000
v -0.562500 0.000000 0.937500
v -0.562500 0.000000 1.000000
v -0.500000 0.000000 0.937500
v -0.562500 0.000000 0.750000
v -0.625000 0.000000 0.812500
v -0.687500 0.000000 0.875000
v -0.750000 0.000000 0.937500
v -0.562500 0.000000 0.562500
v -0.562500 0.000000 0.625000
v -0.562500 0.000000 0.687500
v -0.500000 0.000000 0.687500
v -0.750000 -0.000000 -0.437500
v -0.687500 -0.000000 -0.437500
v -0.625000 -0.000000 -0.437500
v -0.562500 -0.000000 -0.437500
v -0.562500 -0.000000 -0.500000
v -0.812500 -0.000000 -0.437500
v -0.812500 -0.000000 -0.375000
v -0.812500 -0.000000 -0.312500
v -0.812500 -0.000000 -0.250000
v -1.000000 -0.000000 -0.437500
v -0.937500 -0.000000 -0.437500
v -0.875000 -0.000000 -0.437500
v -0.812500 -0.000000 -0.500000
v -0.750000 0.000000 0.562500
v -0.687500 0.000000 0.562500
v -0.625000 0.000000 0.562500
v -0.562500 0.000000 0.500000
v -0.812500 0.000000 0.562500
v -0.812500 0.000000 0.625000
v -0.812500 0.000000 0.687500
v -0.812500 0.000000 0.750000
v -1.000000 0.000000 0.562500
v -0.937500 0.000000 0.562500
v -0.875000 0.000000 0.562500
v -0.812500 0.000000 0.500000
v -0.562500 -0.000000 -0.187500
v -0.562500 -0.000000 -0.125000
v -0.562500 -0.000000 -0.062500
v -0.562500 0.000000 0.000000
v -0.500000 -0.000000 -0.062500
v -0.562500 -0.000000 -0.250000
v -0.625000 -0.000000 -0.187500
v -0.687500 -0.000000 -0.125000
v -0.750000 -0.000000 -0.062500
v -0.562500 -0.000000 -0.375000
v -0.562500 -0.000000 -0.312500
v -0.500000 -0.000000 -0.312500
v 0.250000 -0.000000 -0.437500
v 0.312500 -0.000000 -0.437500
v 0.375000 -0.000000 -0.437500
v 0.437500 -0.000000 -0.437500
v 0.437500 -0.000000 -0.500000
v 0.187500 -0.000000 -0.437500
v 0.187500 -0.000000 -0.375000
v 0.187500 -0.000000 -0.312500
v 0.187500 -0.000000 -0.250000
v 0.000000 -0.000000 -0.437500
v 0.062500 -0.000000 -0.437500
v 0.125000 -0.000000 -0.437500
v 0.187500 -0.000000 -0.500000
v 0.437500 -0.000000 -0.187500
v 0.437500 -0.000000 -0.125000
v 0.437500 -0.000000 -0.062500
v 0.437500 0.000000 0.000000
v 0.500000 -0.000000 -0.062500
v 0.437500 -0.000000 -0.250000
v 0.375000 -0.000000 -0.187500
v 0.312500 -0.000000 -0.125000
v 0.250000 -0.000000 -0.062500
v 0.437500 -0.000000 -0.375000
v 0.437500 -0.000000 -0.312500
v 0.500000 -0.000000 -0.312500
v 0.187500 0.000000 0.250000
v 0.125000 0.000000 0.312500
v 0.062500 0.000000 0.375000
v 0.000000 0.000000 0.437500
v 0.062500 0.000000 0.437500
v 0.250000 0.000000 0.187500
v 0.187500 0.000000 0.187500
v 0.125000 0.000000 0.187500
v 0.062500 0.000000 0.187500
v 0.375000 0.000000 0.062500
v 0.312500 0.000000 0.125000
v 0.312500 0.000000 0.187500
v 0.437500 0.000000 0.812500
v 0.437500 0.000000 0.875000
v 0.437500 0.000000 0.937500
v 0.437500 0.000000 1.000000
v 0.500000 0.000000 0.937500
v 0.437500 0.000000 0.750000
v 0.375000 0.000000 0.812500
v 0.312500 0.000000 0.875000
v 0.250000 0.000000 0.937500
v 0.437500 0.000000 0.562500
v 0.437500 0.000000 0.625000
v 0.437500 0.000000 0.687500
v 0.500000 0.000000 0.687500
v 0.937500 0.000000 0.312500
v 0.937500 0.000000 0.375000
v 1.000000 0.000000 0.312500
v 0.937500 0.000000 0.437500
v 0.937500 0.000000 0.500000
v 1.000000 0.000000 0.437500
v 0.937500 0.000000 0.250000
v 0.875000 0.000000 0.312500
v 0.812500 0.000000 0.375000
v 0.750000 0.000000 0.437500
v 0.937500 0.000000 0.062500
v 0.937500 0.000000 0.125000
v 1.000000 0.000000 0.062500
v 0.937500 0.000000 0.187500
v 1.000000 0.000000 0.187500
v 0.687500 0.000000 0.750000
v 0.625000 0.000000 0.812500
v 0.687500 0.000000 0.812500
v 0.562500 0.000000 0.875000
v 0.750000 0.000000 0.687500
v 0.687500 0.000000 0.687500
v 0.625000 0.000000 0.687500
v 0.562500 0.000000 0.687500
v 0.875000 0.000000 0.562500
v 0.937500 0.000000 0.562500
v 0.812500 0.000000 0.625000
v 0.937500 0.000000 0.812500
v 0.937500 0.000000 0.875000
v 1.000000 0.000000 0.812500
v 0.937500 0.000000 0.937500
v 0.937500 0.000000 1.000000
v 1.000000 0.000000 0.937500
v 0.937500 0.000000 0.750000
v 0.875000 0.000000 0.812500
v 0.812500 0.000000 0.875000
v 0.750000 0.000000 0.937500
v 0.937500 0.000000 0.625000
v 1.000000 0.000000 0.562500
v 0.937500 0.000000 0.687500
v 1.000000 0.000000 0.687500
v 0.687500 0.000000 0.250000
v 0.625000 0.000000 0.312500
v 0.687500 0.000000 0.312500
v 0.562500 0.000000 0.375000
v 0.500000 0.000000 0.437500
v 0.750000 0.000000 0.187500
v 0.687500 0.000000 0.187500
v 0.625000 0.000000 0.187500
v 0.562500 0.000000 0.187500
v 0.937500 0.000000 0.000000
v 0.875000 0.000000 0.062500
v 0.812500 0.000000 0.125000
v 0.250000 0.000000 0.437500
v 0.187500 0.000000 0.437500
v 0.187500 0.000000 0.500000
v 0.125000 0.000000 0.437500
v 0.312500 0.000000 0.437500
v 0.312500 0.000000 0.375000
v 0.312500 0.000000 0.312500
v 0.312500 0.000000 0.250000
v 0.437500 0.000000 0.437500
v 0.437500 0.000000 0.500000
v 0.375000 0.000000 0.437500
v 0.187500 0.000000 0.750000
v 0.125000 0.000000 0.812500
v 0.187500 0.000000 0.812500
v 0.062500 0.000000 0.875000
v 0.000000 0.000000 0.937500
v 0.250000 0.000000 0.687500
v 0.187500 0.000000 0.687500
v 0.125000 0.000000 0.687500
v 0.062500 0.000000 0.687500
v 0.375000 0.000000 0.562500
v 0.312500 0.000000 0.625000
v 0.937500 -0.000000 -0.687500
v 0.937500 -0.000000 -0.625000
v 1.000000 -0.000000 -0.687500
v 0.937500 -0.000000 -0.562500
v 0.937500 -0.000000 -0.500000
v 1.000000 -0.000000 -0.562500
v 0.937500 -0.000000 -0.750000
v 0.875000 -0.000000 -0.687500
v 0.812500 -0.000000 -0.625000
v 0.750000 -0.000000 -0.562500
v 0.937500 -0.000000 -0.937500
v 0.937500 -0.000000 -0.875000
v 1.000000 -0.000000 -0.937500
v 0.937500 -0.000000 -0.812500
v 1.000000 -0.000000 -0.812500
v 0.687500 -0.000000 -0.250000
v 0.625000 -0.000000 -0.187500
v 0.687500 -0.000000 -0.187500
v 0.562500 -0.000000 -0.125000
v 0.750000 -0.000000 -0.312500
v 0.687500 -0.000000 -0.312500
v 0.625000 -0.000000 -0.312500
v 0.562500 -0.000000 -0.312500
v 0.875000 -0.000000 -0.437500
v 0.937500 -0.000000 -0.437500
v 0.812500 -0.000000 -0.375000
v 0.937500 -0.000000 -0.187500
v 0.937500 -0.000000 -0.125000
v 1.000000 -0.000000 -0.187500
v 0.937500 -0.000000 -0.062500
v 1.000000 -0.000000 -0.062500
v 0.937500 -0.000000 -0.250000
v 0.875000 -0.000000 -0.187500
v 0.812500 -0.000000 -0.125000
v 0.750000 -0.000000 -0.062500
v 0.937500 -0.000000 -0.375000
v 1.000000 -0.000000 -0.437500
v 0.937500 -0.000000 -0.312500
v 1.000000 -0.000000 -0.312500
v 0.250000 -0.000000 -0.937500
v 0.312500 -0.000000 -0.937500
v 0.312500 -0.000000 -1.000000
v 0.375000 -0.000000 -0.937500
v 0.437500 -0.000000 -0.937500
v 0.437500 -0.000000 -1.000000
v 0.187500 -0.000000 -0.937500
v 0.187500 -0.000000 -0.875000
v 0.187500 -0.000000 -0.812500
v 0.187500 -0.000000 -0.750000
v 0.000000 -0.000000 -0.937500
v 0.062500 -0.000000 -0.937500
v 0.062500 -0.000000 -1.000000
v 0.125000 -0.000000 -0.937500
v 0.187500 -0.000000 -1.000000
v 0.437500 -0.000000 -0.687500
v 0.437500 -0.000000 -0.625000
v 0.500000 -0.000000 -0.687500
v 0.437500 -0.000000 -0.562500
v 0.437500 -0.000000 -0.750000
v 0.375000 -0.000000 -0.687500
v 0.312500 -0.000000 -0.625000
v 0.250000 -0.000000 -0.562500
v 0.437500 -0.000000 -0.875000
v 0.500000 -0.000000 -0.937500
v 0.437500 -0.000000 -0.812500
v 0.750000 -0.000000 -0.937500
v 0.812500 -0.000000 -0.937500
v 0.812500 -0.000000 -1.000000
v 0.875000 -0.000000 -0.937500
v 0.937500 -0.000000 -1.000000
v 0.687500 -0.000000 -0.937500
v 0.687500 -0.000000 -0.875000
v 0.687500 -0.000000 -0.812500
v 0.687500 -0.000000 -0.750000
v 0.562500 -0.000000 -0.937500
v 0.562500 -0.000000 -1.000000
v 0.625000 -0.000000 -0.937500
v 0.687500 -0.000000 -1.000000
v -0.062500 -0.000000 -0.687500
v -0.062500 -0.000000 -0.625000
v 0.000000 -0.000000 -0.687500
v -0.062500 -0.000000 -0.562500
v -0.062500 -0.000000 -0.500000
v -0.062500 -0.000000 -0.750000
v -0.125000 -0.000000 -0.687500
v -0.187500 -0.000000 -0.625000
v -0.250000 -0.000000 -0.562500
v -0.062500 -0.000000 -0.937500
v -0.062500 -0.000000 -0.875000
v -0.062500 -0.000000 -0.812500
v -0.312500 -0.000000 -0.250000
v -0.375000 -0.000000 -0.187500
v -0.312500 -0.000000 -0.187500
v -0.437500 -0.000000 -0.125000
v -0.250000 -0.000000 -0.312500
v -0.312500 -0.000000 -0.312500
v -0.375000 -0.000000 -0.312500
v -0.437500 -0.000000 -0.312500
v -0.125000 -0.000000 -0.437500
v -0.062500 -0.000000 -0.437500
v -0.187500 -0.000000 -0.375000
v -0.062500 -0.000000 -0.187500
v -0.062500 -0.000000 -0.125000
v 0.000000 -0.000000 -0.187500
v -0.062500 -0.000000 -0.062500
v -0.062500 0.000000 0.000000
v -0.062500 -0.000000 -0.250000
v -0.125000 -0.000000 -0.187500
v -0.187500 -0.000000 -0.125000
v -0.250000 -0.000000 -0.062500
v -0.062500 -0.000000 -0.375000
v -0.062500 -0.000000 -0.312500
v -0.750000 0.000000 0.062500
v -0.687500 0.000000 0.062500
v -0.625000 0.000000 0.062500
v -0.562500 0.000000 0.062500
v -0.812500 0.000000 0.062500
v -0.812500 0.000000 0.125000
v -0.812500 0.000000 0.187500
v -0.812500 0.000000 0.250000
v -1.000000 0.000000 0.062500
v -0.937500 0.000000 0.062500
v -0.875000 0.000000 0.062500
v -0.812500 0.000000 0.000000
v -0.562500 0.000000 0.312500
v -0.562500 0.000000 0.375000
v -0.500000 0.000000 0.312500
v -0.562500 0.000000 0.437500
v -0.562500 0.000000 0.250000
v -0.625000 0.000000 0.312500
v -0.687500 0.000000 0.375000
v -0.750000 0.000000 0.437500
v -0.562500 0.000000 0.125000
v -0.500000 0.000000 0.062500
v -0.562500 0.000000 0.187500
v -0.250000 0.000000 0.062500
v -0.187500 0.000000 0.062500
v -0.125000 0.000000 0.062500
v -0.062500 0.000000 0.062500
v -0.312500 0.000000 0.062500
v -0.312500 0.000000 0.125000
v -0.312500 0.000000 0.187500
v -0.312500 0.000000 0.250000
v -0.437500 0.000000 0.062500
v -0.375000 0.000000 0.062500
v -0.312500 0.000000 0.000000
v -0.750000 -0.000000 -0.937500
v -0.687500 -0.000000 -0.937500
v -0.687500 -0.000000 -1.000000
v -0.625000 -0.000000 -0.937500
v -0.562500 -0.000000 -0.937500
v -0.562500 -0.000000 -1.000000
v -0.812500 -0.000000 -0.937500
v -0.812500 -0.000000 -0.875000
v -0.812500 -0.000000 -0.812500
v -0.812500 -0.000000 -0.750000
v -1.000000 -0.000000 -0.937500
v -0.937500 -0.000000 -0.937500
v -0.937500 -0.000000 -1.000000
v -0.875000 -0.000000 -0.937500
v -0.812500 -0.000000 -1.000000
v -0.562500 -0.000000 -0.687500
v -0.562500 -0.000000 -0.625000
v -0.500000 -0.000000 -0.687500
v -0.562500 -0.000000 -0.562500
v -0.562500 -0.000000 -0.750000
v -0.625000 -0.000000 -0.687500
v -0.687500 -0.000000 -0.625000
v -0.750000 -0.000000 -0.562500
v -0.562500 -0.000000 -0.875000
v -0.500000 -0.000000 -0.937500
v -0.562500 -0.000000 -0.812500
v -0.250000 -0.000000 -0.937500
v -0.187500 -0.000000 -0.937500
v -0.187500 -0.000000 -1.000000
v -0.125000 -0.000000 -0.937500
v -0.062500 -0.000000 -1.000000
v -0.312500 -0.000000 -0.937500
v -0.312500 -0.000000 -0.875000
v -0.312500 -0.000000 -0.812500
v -0.312500 -0.000000 -0.750000
v -0.437500 -0.000000 -0.937500
v -0.437500 -0.000000 -1.000000
v -0.375000 -0.000000 -0.937500
v -0.312500 -0.000000 -1.000000
v -0.062500 0.000000 0.312500
v -0.062500 0.000000 0.375000
v -0.062500 0.000000 0.437500
v -0.062500 0.000000 0.500000
v -0.062500 0.000000 0.250000
v -0.125000 0.000000 0.312500
v -0.187500 0.000000 0.375000
v -0.250000 0.000000 0.437500
v -0.062500 0.000000 0.125000
v -0.062500 0.000000 0.187500
v 0.000000 0.000000 0.187500
v -0.312500 0.000000 0.750000
v -0.375000 0.000000 0.812500
v -0.312500 0.000000 0.812500
v -0.437500 0.000000 0.875000
v -0.250000 0.000000 0.687500
v -0.312500 0.000000 0.687500
v -0.375000 0.000000 0.687500
v -0.437500 0.000000 0.687500
v -0.125000 0.000000 0.562500
v -0.062500 0.000000 0.562500
v -0.187500 0.000000 0.625000
v -0.062500 0.000000 0.812500
v -0.062500 0.000000 0.875000
v -0.062500 0.000000 0.937500
v -0.062500 0.000000 1.000000
v -0.062500 0.000000 0.750000
v -0.125000 0.000000 0.812500
v -0.187500 0.000000 0.875000
v -0.250000 0.000000 0.937500
v -0.062500 0.000000 0.625000
v -0.062500 0.000000 0.687500
v 0.000000 0.000000 0.687500
v -0.312500 0.000000 0.875000
v -0.312500 0.000000 0.937500
v -0.312500 0.000000 1.000000
v -0.312500 0.000000 0.500000
v -0.375000 0.000000 0.562500
v -0.437500 0.000000 0.625000
v -0.312500 0.000000 0.312500
v -0.312500 0.000000 0.375000
v -0.312500 0.000000 0.437500
v -0.437500 -0.000000 -0.687500
v -0.375000 -0.000000 -0.687500
v -0.312500 -0.000000 -0.687500
v -0.812500 -0.000000 -0.687500
v -0.812500 -0.000000 -0.625000
v -0.812500 -0.000000 -0.562500
v -1.000000 -0.000000 -0.687500
v -0.937500 -0.000000 -0.687500
v -0.875000 -0.000000 -0.687500
v -0.437500 0.000000 0.312500
v -0.375000 0.000000 0.312500
v -0.812500 0.000000 0.312500
v -0.812500 0.000000 0.375000
v -0.812500 0.000000 0.437500
v -1.000000 0.000000 0.312500
v -0.937500 0.000000 0.312500
v -0.875000 0.000000 0.312500
v -0.312500 -0.000000 -0.125000
v -0.312500 -0.000000 -0.062500
v -0.312500 -0.000000 -0.500000
v -0.375000 -0.000000 -0.437500
v -0.437500 -0.000000 -0.375000
v -0.312500 -0.000000 -0.625000
v -0.312500 -0.000000 -0.562500
v 0.562500 -0.000000 -0.687500
v 0.625000 -0.000000 -0.687500
v 0.687500 -0.000000 -0.687500
v 0.187500 -0.000000 -0.687500
v 0.187500 -0.000000 -0.625000
v 0.187500 -0.000000 -0.562500
v 0.062500 -0.000000 -0.687500
v 0.125000 -0.000000 -0.687500
v 0.687500 -0.000000 -0.125000
v 0.687500 -0.000000 -0.062500
v 0.687500 0.000000 0.000000
v 0.687500 -0.000000 -0.500000
v 0.625000 -0.000000 -0.437500
v 0.562500 -0.000000 -0.375000
v 0.687500 -0.000000 -0.625000
v 0.687500 -0.000000 -0.562500
v 0.125000 0.000000 0.562500
v 0.062500 0.000000 0.625000
v 0.500000 0.000000 0.187500
v 0.437500 0.000000 0.187500
v 0.375000 0.000000 0.187500
v 0.625000 0.000000 0.062500
v 0.562500 0.000000 0.125000
v 0.687500 0.000000 0.875000
v 0.687500 0.000000 0.937500
v 0.687500 0.000000 1.000000
v 0.687500 0.000000 0.500000
v 0.625000 0.000000 0.562500
v 0.562500 0.000000 0.625000
v 0.687500 0.000000 0.375000
v 0.687500 0.000000 0.437500
v 0.187500 0.000000 0.875000
v 0.187500 0.000000 0.937500
v 0.187500 0.000000 1.000000
v 0.187500 0.000000 0.000000
v 0.125000 0.000000 0.062500
v 0.062500 0.000000 0.125000
v 0.187500 -0.000000 -0.187500
v 0.187500 -0.000000 -0.125000
v 0.187500 -0.000000 -0.062500
v 0.062500 -0.000000 -0.187500
v 0.125000 -0.000000 -0.187500
v -0.812500 -0.000000 -0.187500
v -0.812500 -0.000000 -0.125000
v -0.812500 -0.000000 -0.062500
v -1.000000 0.000000 0.812500
v -0.937500 0.000000 0.812500
v -0.875000 0.000000 0.812500
v -0.812500 0.000000 0.812500
v -1.000000 -0.000000 -0.187500
v -0.937500 -0.000000 -0.187500
v -0.875000 -0.000000 -0.187500
v -0.812500 0.000000 0.875000
v -0.812500 0.000000 0.937500
v -0.812500 0.000000 1.000000
vn -0.0000 1.0000 -0.0000
vt 0.000000 0.000000
vt 0.031250 0.000000
vt 0.031250 0.031250
vt 0.000000 0.500000
vt 0.031250 0.531250
vt 0.000000 0.531250
vt 0.000000 0.031250
vt 0.031250 0.500000
vt 0.500000 0.500000
vt 0.531250 0.531250
vt 0.500000 0.531250
vt 0.531250 0.500000
vt 0.500000 0.468750
vt 0.500000 0.000000
vt 0.531250 0.000000
vt 0.531250 0.031250
vt 0.750000 0.250000
vt 0.781250 0.250000
vt 0.781250 0.281250
vt 0.750000 0.218750
vt 0.750000 0.000000
vt 0.781250 0.000000
vt 0.781250 0.031250
vt 0.750000 0.500000
vt 0.750000 0.468750
vt 0.781250 0.500000
vt 0.718750 0.468750
vt 0.500000 0.250000
vt 0.500000 0.218750
vt 0.531250 0.250000
vt 0.750000 0.750000
vt 0.781250 0.750000
vt 0.781250 0.781250
vt 0.750000 0.718750
vt 0.781250 0.531250
vt 0.500000 0.750000
vt 0.531250 0.781250
vt 0.500000 0.781250
vt 0.531250 0.750000
vt 0.750000 0.781250
vt 0.250000 0.750000
vt 0.281250 0.750000
vt 0.281250 0.781250
vt 0.250000 0.718750
vt 0.250000 0.500000
vt 0.281250 0.500000
vt 0.281250 0.531250
vt 0.000000 0.250000
vt 0.031250 0.281250
vt 0.000000 0.281250
vt 0.031250 0.250000
vt 0.250000 0.250000
vt 0.281250 0.281250
vt 0.250000 0.281250
vt 0.000000 0.750000
vt 0.031250 0.781250
vt 0.000000 0.781250
vt 0.031250 0.750000
vt 0.250000 0.781250
vt 0.281250 0.250000
vt 0.250000 0.218750
vt 0.250000 0.000000
vt 0.281250 0.000000
vt 0.281250 0.031250
vt 0.375000 0.125000
vt 0.406250 0.125000
vt 0.406250 0.156250
vt 0.375000 0.093750
vt 0.375000 0.000000
vt 0.406250 0.000000
vt 0.406250 0.031250
vt 0.375000 0.250000
vt 0.375000 0.218750
vt 0.406250 0.250000
vt 0.343750 0.218750
vt 0.250000 0.125000
vt 0.250000 0.093750
vt 0.281250 0.125000
vt 0.375000 0.375000
vt 0.406250 0.375000
vt 0.406250 0.406250
vt 0.375000 0.343750
vt 0.406250 0.281250
vt 0.250000 0.875000
vt 0.281250 0.906250
vt 0.250000 0.906250
vt 0.281250 0.875000
vt 0.375000 0.875000
vt 0.406250 0.906250
vt 0.375000 0.906250
vt 0.125000 0.875000
vt 0.156250 0.875000
vt 0.156250 0.906250
vt 0.125000 0.843750
vt 0.125000 0.750000
vt 0.156250 0.750000
vt 0.156250 0.781250
vt 0.000000 0.875000
vt 0.031250 0.906250
vt 0.000000 0.906250
vt 0.031250 0.875000
vt 0.125000 0.906250
vt 0.250000 0.375000
vt 0.281250 0.406250
vt 0.250000 0.406250
vt 0.281250 0.375000
vt 0.375000 0.406250
vt 0.125000 0.375000
vt 0.156250 0.375000
vt 0.156250 0.406250
vt 0.125000 0.343750
vt 0.125000 0.250000
vt 0.156250 0.250000
vt 0.156250 0.281250
vt 0.000000 0.375000
vt 0.031250 0.406250
vt 0.000000 0.406250
vt 0.031250 0.375000
vt 0.125000 0.406250
vt 0.375000 0.625000
vt 0.406250 0.625000
vt 0.406250 0.656250
vt 0.375000 0.593750
vt 0.375000 0.500000
vt 0.406250 0.500000
vt 0.406250 0.531250
vt 0.375000 0.750000
vt 0.375000 0.718750
vt 0.406250 0.750000
vt 0.343750 0.718750
vt 0.250000 0.625000
vt 0.250000 0.593750
vt 0.281250 0.625000
vt 0.406250 0.875000
vt 0.375000 0.843750
vt 0.406250 0.781250
vt 0.750000 0.875000
vt 0.781250 0.906250
vt 0.750000 0.906250
vt 0.781250 0.875000
vt 0.875000 0.875000
vt 0.906250 0.906250
vt 0.875000 0.906250
vt 0.625000 0.875000
vt 0.656250 0.875000
vt 0.656250 0.906250
vt 0.625000 0.843750
vt 0.625000 0.750000
vt 0.656250 0.750000
vt 0.656250 0.781250
vt 0.500000 0.875000
vt 0.531250 0.906250
vt 0.500000 0.906250
vt 0.531250 0.875000
vt 0.625000 0.906250
vt 0.875000 0.625000
vt 0.906250 0.625000
vt 0.906250 0.656250
vt 0.875000 0.593750
vt 0.875000 0.500000
vt 0.906250 0.500000
vt 0.906250 0.531250
vt 0.875000 0.750000
vt 0.875000 0.718750
vt 0.906250 0.750000
vt 0.843750 0.718750
vt 0.750000 0.625000
vt 0.750000 0.593750
vt 0.781250 0.625000
vt 0.906250 0.875000
vt 0.875000 0.843750
vt 0.906250 0.781250
vt 0.625000 0.250000
vt 0.625000 0.218750
vt 0.656250 0.250000
vt 0.593750 0.218750
vt 0.500000 0.125000
vt 0.500000 0.093750
vt 0.531250 0.125000
vt 0.750000 0.375000
vt 0.718750 0.343750
vt 0.750000 0.343750
vt 0.718750 0.375000
vt 0.625000 0.375000
vt 0.593750 0.343750
vt 0.625000 0.343750
vt 0.875000 0.468750
vt 0.843750 0.468750
vt 0.781250 0.375000
vt 0.875000 0.125000
vt 0.906250 0.125000
vt 0.906250 0.156250
vt 0.875000 0.093750
vt 0.875000 0.000000
vt 0.906250 0.000000
vt 0.906250 0.031250
vt 0.875000 0.250000
vt 0.875000 0.218750
vt 0.906250 0.250000
vt 0.843750 0.218750
vt 0.750000 0.125000
vt 0.750000 0.093750
vt 0.781250 0.125000
vt 0.875000 0.375000
vt 0.906250 0.375000
vt 0.906250 0.406250
vt 0.875000 0.343750
vt 0.906250 0.281250
vt 0.625000 0.125000
vt 0.656250 0.125000
vt 0.656250 0.156250
vt 0.625000 0.093750
vt 0.625000 0.000000
vt 0.656250 0.000000
vt 0.656250 0.031250
vt 0.625000 0.500000
vt 0.625000 0.468750
vt 0.656250 0.500000
vt 0.593750 0.468750
vt 0.500000 0.375000
vt 0.500000 0.343750
vt 0.531250 0.375000
vt 0.625000 0.625000
vt 0.656250 0.625000
vt 0.656250 0.656250
vt 0.625000 0.593750
vt 0.656250 0.531250
vt 0.500000 0.625000
vt 0.531250 0.656250
vt 0.500000 0.656250
vt 0.531250 0.625000
vt 0.625000 0.656250
vt 0.125000 0.625000
vt 0.156250 0.625000
vt 0.156250 0.656250
vt 0.125000 0.593750
vt 0.125000 0.500000
vt 0.156250 0.500000
vt 0.156250 0.531250
vt 0.000000 0.125000
vt 0.031250 0.156250
vt 0.000000 0.156250
vt 0.031250 0.125000
vt 0.125000 0.125000
vt 0.156250 0.156250
vt 0.125000 0.156250
vt 0.000000 0.625000
vt 0.031250 0.656250
vt 0.000000 0.656250
vt 0.031250 0.625000
vt 0.125000 0.656250
vt 0.156250 0.125000
vt 0.125000 0.093750
vt 0.125000 0.000000
vt 0.156250 0.000000
vt 0.156250 0.031250
vt 0.187500 0.062500
vt 0.218750 0.062500
vt 0.218750 0.093750
vt 0.187500 0.031250
vt 0.187500 0.000000
vt 0.218750 0.000000
vt 0.218750 0.031250
vt 0.187500 0.125000
vt 0.187500 0.093750
vt 0.218750 0.125000
vt 0.156250 0.093750
vt 0.125000 0.062500
vt 0.125000 0.031250
vt 0.156250 0.062500
vt 0.187500 0.187500
vt 0.218750 0.187500
vt 0.218750 0.218750
vt 0.187500 0.156250
vt 0.218750 0.156250
vt 0.125000 0.687500
vt 0.156250 0.718750
vt 0.125000 0.718750
vt 0.156250 0.687500
vt 0.187500 0.687500
vt 0.218750 0.718750
vt 0.187500 0.718750
vt 0.062500 0.687500
vt 0.093750 0.687500
vt 0.093750 0.718750
vt 0.062500 0.656250
vt 0.062500 0.625000
vt 0.093750 0.625000
vt 0.093750 0.656250
vt 0.000000 0.687500
vt 0.031250 0.718750
vt 0.000000 0.718750
vt 0.031250 0.687500
vt 0.062500 0.718750
vt 0.125000 0.187500
vt 0.156250 0.218750
vt 0.125000 0.218750
vt 0.156250 0.187500
vt 0.187500 0.218750
vt 0.062500 0.187500
vt 0.093750 0.187500
vt 0.093750 0.218750
vt 0.062500 0.156250
vt 0.062500 0.125000
vt 0.093750 0.125000
vt 0.093750 0.156250
vt 0.000000 0.187500
vt 0.031250 0.218750
vt 0.000000 0.218750
vt 0.031250 0.187500
vt 0.062500 0.218750
vt 0.187500 0.562500
vt 0.218750 0.562500
vt 0.218750 0.593750
vt 0.187500 0.531250
vt 0.187500 0.500000
vt 0.218750 0.500000
vt 0.218750 0.531250
vt 0.187500 0.625000
vt 0.187500 0.593750
vt 0.218750 0.625000
vt 0.156250 0.593750
vt 0.125000 0.562500
vt 0.125000 0.531250
vt 0.156250 0.562500
vt 0.218750 0.687500
vt 0.187500 0.656250
vt 0.218750 0.656250
vt 0.625000 0.687500
vt 0.656250 0.718750
vt 0.625000 0.718750
vt 0.656250 0.687500
vt 0.687500 0.687500
vt 0.718750 0.718750
vt 0.687500 0.718750
vt 0.562500 0.687500
vt 0.593750 0.687500
vt 0.593750 0.718750
vt 0.562500 0.656250
vt 0.562500 0.625000
vt 0.593750 0.625000
vt 0.593750 0.656250
vt 0.500000 0.687500
vt 0.531250 0.718750
vt 0.500000 0.718750
vt 0.531250 0.687500
vt 0.562500 0.718750
vt 0.687500 0.562500
vt 0.718750 0.562500
vt 0.718750 0.593750
vt 0.687500 0.531250
vt 0.687500 0.500000
vt 0.718750 0.500000
vt 0.718750 0.531250
vt 0.687500 0.625000
vt 0.687500 0.593750
vt 0.718750 0.625000
vt 0.656250 0.593750
vt 0.625000 0.562500
vt 0.625000 0.531250
vt 0.656250 0.562500
vt 0.718750 0.687500
vt 0.687500 0.656250
vt 0.718750 0.656250
vt 0.562500 0.375000
vt 0.562500 0.343750
vt 0.593750 0.375000
vt 0.531250 0.343750
vt 0.500000 0.312500
vt 0.500000 0.281250
vt 0.531250 0.312500
vt 0.625000 0.437500
vt 0.593750 0.406250
vt 0.625000 0.406250
vt 0.593750 0.437500
vt 0.562500 0.437500
vt 0.531250 0.406250
vt 0.562500 0.406250
vt 0.687500 0.468750
vt 0.656250 0.468750
vt 0.656250 0.437500
vt 0.687500 0.062500
vt 0.718750 0.062500
vt 0.718750 0.093750
vt 0.687500 0.031250
vt 0.687500 0.000000
vt 0.718750 0.000000
vt 0.718750 0.031250
vt 0.687500 0.125000
vt 0.687500 0.093750
vt 0.718750 0.125000
vt 0.656250 0.093750
vt 0.625000 0.062500
vt 0.625000 0.031250
vt 0.656250 0.062500
vt 0.687500 0.187500
vt 0.718750 0.187500
vt 0.718750 0.218750
vt 0.687500 0.156250
vt 0.718750 0.156250
vt 0.937500 0.312500
vt 0.968750 0.312500
vt 0.968750 0.343750
vt 0.937500 0.281250
vt 0.937500 0.250000
vt 0.968750 0.250000
vt 0.968750 0.281250
vt 0.937500 0.375000
vt 0.937500 0.343750
vt 0.968750 0.375000
vt 0.906250 0.343750
vt 0.875000 0.312500
vt 0.875000 0.281250
vt 0.906250 0.312500
vt 0.937500 0.437500
vt 0.968750 0.437500
vt 0.968750 0.468750
vt 0.937500 0.406250
vt 0.968750 0.406250
vt 0.812500 0.125000
vt 0.812500 0.093750
vt 0.843750 0.125000
vt 0.781250 0.093750
vt 0.750000 0.062500
vt 0.750000 0.031250
vt 0.781250 0.062500
vt 0.875000 0.187500
vt 0.843750 0.156250
vt 0.875000 0.156250
vt 0.843750 0.187500
vt 0.812500 0.187500
vt 0.781250 0.156250
vt 0.812500 0.156250
vt 0.937500 0.218750
vt 0.906250 0.218750
vt 0.906250 0.187500
vt 0.937500 0.062500
vt 0.968750 0.062500
vt 0.968750 0.093750
vt 0.937500 0.031250
vt 0.937500 0.000000
vt 0.968750 0.000000
vt 0.968750 0.031250
vt 0.937500 0.125000
vt 0.937500 0.093750
vt 0.968750 0.125000
vt 0.906250 0.093750
vt 0.875000 0.062500
vt 0.875000 0.031250
vt 0.906250 0.062500
vt 0.937500 0.187500
vt 0.968750 0.187500
vt 0.968750 0.218750
vt 0.937500 0.156250
vt 0.968750 0.156250
vt 0.812500 0.375000
vt 0.812500 0.343750
vt 0.843750 0.375000
vt 0.781250 0.343750
vt 0.750000 0.312500
vt 0.750000 0.281250
vt 0.781250 0.312500
vt 0.875000 0.437500
vt 0.843750 0.406250
vt 0.875000 0.406250
vt 0.843750 0.437500
vt 0.812500 0.437500
vt 0.781250 0.406250
vt 0.812500 0.406250
vt 0.937500 0.500000
vt 0.937500 0.468750
vt 0.968750 0.500000
vt 0.906250 0.468750
vt 0.906250 0.437500
vt 0.625000 0.312500
vt 0.593750 0.281250
vt 0.625000 0.281250
vt 0.593750 0.312500
vt 0.562500 0.312500
vt 0.531250 0.281250
vt 0.562500 0.281250
vt 0.687500 0.312500
vt 0.656250 0.312500
vt 0.656250 0.281250
vt 0.687500 0.343750
vt 0.687500 0.375000
vt 0.656250 0.375000
vt 0.656250 0.343750
vt 0.718750 0.281250
vt 0.718750 0.312500
vt 0.687500 0.281250
vt 0.562500 0.125000
vt 0.562500 0.093750
vt 0.593750 0.125000
vt 0.531250 0.093750
vt 0.500000 0.062500
vt 0.500000 0.031250
vt 0.531250 0.062500
vt 0.625000 0.187500
vt 0.593750 0.156250
vt 0.625000 0.156250
vt 0.593750 0.187500
vt 0.562500 0.187500
vt 0.531250 0.156250
vt 0.562500 0.156250
vt 0.687500 0.250000
vt 0.687500 0.218750
vt 0.718750 0.250000
vt 0.656250 0.218750
vt 0.656250 0.187500
vt 0.937500 0.812500
vt 0.968750 0.812500
vt 0.968750 0.843750
vt 0.937500 0.781250
vt 0.937500 0.750000
vt 0.968750 0.750000
vt 0.968750 0.781250
vt 0.937500 0.875000
vt 0.937500 0.843750
vt 0.968750 0.875000
vt 0.906250 0.843750
vt 0.875000 0.812500
vt 0.875000 0.781250
vt 0.906250 0.812500
vt 0.937500 0.937500
vt 0.968750 0.937500
vt 0.968750 0.968750
vt 0.937500 0.906250
vt 0.968750 0.906250
vt 0.812500 0.625000
vt 0.812500 0.593750
vt 0.843750 0.625000
vt 0.781250 0.593750
vt 0.750000 0.562500
vt 0.750000 0.531250
vt 0.781250 0.562500
vt 0.875000 0.687500
vt 0.843750 0.656250
vt 0.875000 0.656250
vt 0.843750 0.687500
vt 0.812500 0.687500
vt 0.781250 0.656250
vt 0.812500 0.656250
vt 0.937500 0.718750
vt 0.906250 0.718750
vt 0.906250 0.687500
vt 0.937500 0.562500
vt 0.968750 0.562500
vt 0.968750 0.593750
vt 0.937500 0.531250
vt 0.968750 0.531250
vt 0.937500 0.625000
vt 0.937500 0.593750
vt 0.968750 0.625000
vt 0.906250 0.593750
vt 0.875000 0.562500
vt 0.875000 0.531250
vt 0.906250 0.562500
vt 0.937500 0.687500
vt 0.968750 0.687500
vt 0.968750 0.718750
vt 0.937500 0.656250
vt 0.968750 0.656250
vt 0.625000 0.937500
vt 0.656250 0.968750
vt 0.625000 0.968750
vt 0.656250 0.937500
vt 0.687500 0.937500
vt 0.718750 0.968750
vt 0.687500 0.968750
vt 0.562500 0.937500
vt 0.593750 0.937500
vt 0.593750 0.968750
vt 0.562500 0.906250
vt 0.562500 0.875000
vt 0.593750 0.875000
vt 0.593750 0.906250
vt 0.500000 0.937500
vt 0.531250 0.968750
vt 0.500000 0.968750
vt 0.531250 0.937500
vt 0.562500 0.968750
vt 0.687500 0.812500
vt 0.718750 0.812500
vt 0.718750 0.843750
vt 0.687500 0.781250
vt 0.687500 0.750000
vt 0.718750 0.750000
vt 0.718750 0.781250
vt 0.687500 0.875000
vt 0.687500 0.843750
vt 0.718750 0.875000
vt 0.656250 0.843750
vt 0.625000 0.812500
vt 0.625000 0.781250
vt 0.656250 0.812500
vt 0.718750 0.937500
vt 0.687500 0.906250
vt 0.718750 0.906250
vt 0.875000 0.937500
vt 0.906250 0.968750
vt 0.875000 0.968750
vt 0.906250 0.937500
vt 0.937500 0.968750
vt 0.812500 0.937500
vt 0.843750 0.937500
vt 0.843750 0.968750
vt 0.812500 0.906250
vt 0.812500 0.875000
vt 0.843750 0.875000
vt 0.843750 0.906250
vt 0.750000 0.937500
vt 0.781250 0.968750
vt 0.750000 0.968750
vt 0.781250 0.937500
vt 0.812500 0.968750
vt 0.437500 0.812500
vt 0.468750 0.812500
vt 0.468750 0.843750
vt 0.437500 0.781250
vt 0.437500 0.750000
vt 0.468750 0.750000
vt 0.468750 0.781250
vt 0.437500 0.875000
vt 0.437500 0.843750
vt 0.468750 0.875000
vt 0.406250 0.843750
vt 0.375000 0.812500
vt 0.375000 0.781250
vt 0.406250 0.812500
vt 0.437500 0.937500
vt 0.468750 0.937500
vt 0.468750 0.968750
vt 0.437500 0.906250
vt 0.468750 0.906250
vt 0.312500 0.625000
vt 0.312500 0.593750
vt 0.343750 0.625000
vt 0.281250 0.593750
vt 0.250000 0.562500
vt 0.250000 0.531250
vt 0.281250 0.562500
vt 0.375000 0.687500
vt 0.343750 0.656250
vt 0.375000 0.656250
vt 0.343750 0.687500
vt 0.312500 0.687500
vt 0.281250 0.656250
vt 0.312500 0.656250
vt 0.437500 0.718750
vt 0.406250 0.718750
vt 0.406250 0.687500
vt 0.437500 0.562500
vt 0.468750 0.562500
vt 0.468750 0.593750
vt 0.437500 0.531250
vt 0.437500 0.500000
vt 0.468750 0.500000
vt 0.468750 0.531250
vt 0.437500 0.625000
vt 0.437500 0.593750
vt 0.468750 0.625000
vt 0.406250 0.593750
vt 0.375000 0.562500
vt 0.375000 0.531250
vt 0.406250 0.562500
vt 0.437500 0.687500
vt 0.468750 0.687500
vt 0.468750 0.718750
vt 0.437500 0.656250
vt 0.468750 0.656250
vt 0.125000 0.437500
vt 0.156250 0.468750
vt 0.125000 0.468750
vt 0.156250 0.437500
vt 0.187500 0.437500
vt 0.218750 0.468750
vt 0.187500 0.468750
vt 0.062500 0.437500
vt 0.093750 0.437500
vt 0.093750 0.468750
vt 0.062500 0.406250
vt 0.062500 0.375000
vt 0.093750 0.375000
vt 0.093750 0.406250
vt 0.000000 0.437500
vt 0.031250 0.468750
vt 0.000000 0.468750
vt 0.031250 0.437500
vt 0.062500 0.468750
vt 0.187500 0.312500
vt 0.218750 0.312500
vt 0.218750 0.343750
vt 0.187500 0.281250
vt 0.187500 0.250000
vt 0.218750 0.250000
vt 0.218750 0.281250
vt 0.187500 0.375000
vt 0.187500 0.343750
vt 0.218750 0.375000
vt 0.156250 0.343750
vt 0.125000 0.312500
vt 0.125000 0.281250
vt 0.156250 0.312500
vt 0.218750 0.437500
vt 0.187500 0.406250
vt 0.218750 0.406250
vt 0.375000 0.437500
vt 0.406250 0.468750
vt 0.375000 0.468750
vt 0.406250 0.437500
vt 0.437500 0.437500
vt 0.468750 0.468750
vt 0.437500 0.468750
vt 0.312500 0.437500
vt 0.343750 0.437500
vt 0.343750 0.468750
vt 0.312500 0.406250
vt 0.312500 0.375000
vt 0.343750 0.375000
vt 0.343750 0.406250
vt 0.250000 0.437500
vt 0.281250 0.468750
vt 0.250000 0.468750
vt 0.281250 0.437500
vt 0.312500 0.468750
vt 0.125000 0.937500
vt 0.156250 0.968750
vt 0.125000 0.968750
vt 0.156250 0.937500
vt 0.187500 0.937500
vt 0.218750 0.968750
vt 0.187500 0.968750
vt 0.062500 0.937500
vt 0.093750 0.937500
vt 0.093750 0.968750
vt 0.062500 0.906250
vt 0.062500 0.875000
vt 0.093750 0.875000
vt 0.093750 0.906250
vt 0.000000 0.937500
vt 0.031250 0.968750
vt 0.000000 0.968750
vt 0.031250 0.937500
vt 0.062500 0.968750
vt 0.187500 0.812500
vt 0.218750 0.812500
vt 0.218750 0.843750
vt 0.187500 0.781250
vt 0.187500 0.750000
vt 0.218750 0.750000
vt 0.218750 0.781250
vt 0.187500 0.875000
vt 0.187500 0.843750
vt 0.218750 0.875000
vt 0.156250 0.843750
vt 0.125000 0.812500
vt 0.125000 0.781250
vt 0.156250 0.812500
vt 0.218750 0.937500
vt 0.187500 0.906250
vt 0.218750 0.906250
vt 0.375000 0.937500
vt 0.406250 0.968750
vt 0.375000 0.968750
vt 0.406250 0.937500
vt 0.437500 0.968750
vt 0.312500 0.937500
vt 0.343750 0.937500
vt 0.343750 0.968750
vt 0.312500 0.906250
vt 0.312500 0.875000
vt 0.343750 0.875000
vt 0.343750 0.906250
vt 0.250000 0.937500
vt 0.281250 0.968750
vt 0.250000 0.968750
vt 0.281250 0.937500
vt 0.312500 0.968750
vt 0.437500 0.312500
vt 0.468750 0.312500
vt 0.468750 0.343750
vt 0.437500 0.281250
vt 0.437500 0.250000
vt 0.468750 0.250000
vt 0.468750 0.281250
vt 0.437500 0.375000
vt 0.437500 0.343750
vt 0.468750 0.375000
vt 0.406250 0.343750
vt 0.375000 0.312500
vt 0.375000 0.281250
vt 0.406250 0.312500
vt 0.468750 0.437500
vt 0.437500 0.406250
vt 0.468750 0.406250
vt 0.312500 0.125000
vt 0.312500 0.093750
vt 0.343750 0.125000
vt 0.281250 0.093750
vt 0.250000 0.062500
vt 0.250000 0.031250
vt 0.281250 0.062500
vt 0.375000 0.187500
vt 0.343750 0.156250
vt 0.375000 0.156250
vt 0.343750 0.187500
vt 0.312500 0.187500
vt 0.281250 0.156250
vt 0.312500 0.156250
vt 0.437500 0.218750
vt 0.406250 0.218750
vt 0.406250 0.187500
vt 0.437500 0.062500
vt 0.468750 0.062500
vt 0.468750 0.093750
vt 0.437500 0.031250
vt 0.437500 0.000000
vt 0.468750 0.000000
vt 0.468750 0.031250
vt 0.437500 0.125000
vt 0.437500 0.093750
vt 0.468750 0.125000
vt 0.406250 0.093750
vt 0.375000 0.062500
vt 0.375000 0.031250
vt 0.406250 0.062500
vt 0.437500 0.187500
vt 0.468750 0.187500
vt 0.468750 0.218750
vt 0.437500 0.156250
vt 0.468750 0.156250
vt 0.312500 0.062500
vt 0.343750 0.062500
vt 0.343750 0.093750
vt 0.312500 0.031250
vt 0.312500 0.000000
vt 0.343750 0.000000
vt 0.343750 0.031250
vt 0.312500 0.250000
vt 0.312500 0.218750
vt 0.343750 0.250000
vt 0.281250 0.218750
vt 0.250000 0.187500
vt 0.250000 0.156250
vt 0.281250 0.187500
vt 0.312500 0.312500
vt 0.343750 0.312500
vt 0.343750 0.343750
vt 0.312500 0.281250
vt 0.343750 0.281250
vt 0.250000 0.812500
vt 0.281250 0.843750
vt 0.250000 0.843750
vt 0.281250 0.812500
vt 0.312500 0.812500
vt 0.343750 0.843750
vt 0.312500 0.843750
vt 0.062500 0.812500
vt 0.093750 0.812500
vt 0.093750 0.843750
vt 0.062500 0.781250
vt 0.062500 0.750000
vt 0.093750 0.750000
vt 0.093750 0.781250
vt 0.000000 0.812500
vt 0.031250 0.843750
vt 0.000000 0.843750
vt 0.031250 0.812500
vt 0.062500 0.843750
vt 0.250000 0.312500
vt 0.281250 0.343750
vt 0.250000 0.343750
vt 0.281250 0.312500
vt 0.312500 0.343750
vt 0.062500 0.312500
vt 0.093750 0.312500
vt 0.093750 0.343750
vt 0.062500 0.281250
vt 0.062500 0.250000
vt 0.093750 0.250000
vt 0.093750 0.281250
vt 0.000000 0.312500
vt 0.031250 0.343750
vt 0.000000 0.343750
vt 0.031250 0.312500
vt 0.062500 0.343750
vt 0.312500 0.562500
vt 0.343750 0.562500
vt 0.343750 0.593750
vt 0.312500 0.531250
vt 0.312500 0.500000
vt 0.343750 0.500000
vt 0.343750 0.531250
vt 0.312500 0.750000
vt 0.312500 0.718750
vt 0.343750 0.750000
vt 0.281250 0.718750
vt 0.250000 0.687500
vt 0.250000 0.656250
vt 0.281250 0.687500
vt 0.343750 0.812500
vt 0.312500 0.781250
vt 0.343750 0.781250
vt 0.750000 0.812500
vt 0.781250 0.843750
vt 0.750000 0.843750
vt 0.781250 0.812500
vt 0.812500 0.812500
vt 0.843750 0.843750
vt 0.812500 0.843750
vt 0.562500 0.812500
vt 0.593750 0.812500
vt 0.593750 0.843750
vt 0.562500 0.781250
vt 0.562500 0.750000
vt 0.593750 0.750000
vt 0.593750 0.781250
vt 0.500000 0.812500
vt 0.531250 0.843750
vt 0.500000 0.843750
vt 0.531250 0.812500
vt 0.562500 0.843750
vt 0.812500 0.562500
vt 0.843750 0.562500
vt 0.843750 0.593750
vt 0.812500 0.531250
vt 0.812500 0.500000
vt 0.843750 0.500000
vt 0.843750 0.531250
vt 0.812500 0.750000
vt 0.812500 0.718750
vt 0.843750 0.750000
vt 0.781250 0.718750
vt 0.750000 0.687500
vt 0.750000 0.656250
vt 0.781250 0.687500
vt 0.843750 0.812500
vt 0.812500 0.781250
vt 0.843750 0.781250
vt 0.562500 0.250000
vt 0.562500 0.218750
vt 0.593750 0.250000
vt 0.531250 0.218750
vt 0.500000 0.187500
vt 0.500000 0.156250
vt 0.531250 0.187500
vt 0.750000 0.437500
vt 0.718750 0.406250
vt 0.750000 0.406250
vt 0.718750 0.437500
vt 0.687500 0.437500
vt 0.656250 0.406250
vt 0.687500 0.406250
vt 0.812500 0.468750
vt 0.781250 0.468750
vt 0.781250 0.437500
vt 0.812500 0.062500
vt 0.843750 0.062500
vt 0.843750 0.093750
vt 0.812500 0.031250
vt 0.812500 0.000000
vt 0.843750 0.000000
vt 0.843750 0.031250
vt 0.812500 0.250000
vt 0.812500 0.218750
vt 0.843750 0.250000
vt 0.781250 0.218750
vt 0.750000 0.187500
vt 0.750000 0.156250
vt 0.781250 0.187500
vt 0.812500 0.312500
vt 0.843750 0.312500
vt 0.843750 0.343750
vt 0.812500 0.281250
vt 0.843750 0.281250
vt 0.562500 0.062500
vt 0.593750 0.062500
vt 0.593750 0.093750
vt 0.562500 0.031250
vt 0.562500 0.000000
vt 0.593750 0.000000
vt 0.593750 0.031250
vt 0.562500 0.500000
vt 0.562500 0.468750
vt 0.593750 0.500000
vt 0.531250 0.468750
vt 0.500000 0.437500
vt 0.500000 0.406250
vt 0.531250 0.437500
vt 0.562500 0.562500
vt 0.593750 0.562500
vt 0.593750 0.593750
vt 0.562500 0.531250
vt 0.593750 0.531250
vt 0.500000 0.562500
vt 0.531250 0.593750
vt 0.500000 0.593750
vt 0.531250 0.562500
vt 0.562500 0.593750
vt 0.062500 0.562500
vt 0.093750 0.562500
vt 0.093750 0.593750
vt 0.062500 0.531250
vt 0.062500 0.500000
vt 0.093750 0.500000
vt 0.093750 0.531250
vt 0.000000 0.062500
vt 0.031250 0.093750
vt 0.000000 0.093750
vt 0.031250 0.062500
vt 0.062500 0.062500
vt 0.093750 0.093750
vt 0.062500 0.093750
vt 0.000000 0.562500
vt 0.031250 0.593750
vt 0.000000 0.593750
vt 0.031250 0.562500
vt 0.062500 0.593750
vt 0.093750 0.062500
vt 0.062500 0.031250
vt 0.062500 0.000000
vt 0.093750 0.000000
vt 0.093750 0.031250
vt 0.343750 1.000000
vt 0.312500 1.000000
vt 0.375000 1.000000
vt 0.281250 1.000000
vt 0.250000 1.000000
vt 0.468750 1.000000
vt 0.437500 1.000000
vt 0.500000 1.000000
vt 0.406250 1.000000
vt 0.093750 1.000000
vt 0.062500 1.000000
vt 0.125000 1.000000
vt 0.031250 1.000000
vt 0.000000 1.000000
vt 0.218750 1.000000
vt 0.187500 1.000000
vt 0.156250 1.000000
vt 0.843750 1.000000
vt 0.812500 1.000000
vt 0.875000 1.000000
vt 0.781250 1.000000
vt 0.750000 1.000000
vt 0.968750 1.000000
vt 0.937500 1.000000
vt 1.000000 1.000000
vt 0.906250 1.000000
vt 0.593750 1.000000
vt 0.562500 1.000000
vt 0.625000 1.000000
vt 0.531250 1.000000
vt 0.718750 1.000000
vt 0.687500 1.000000
vt 0.656250 1.000000
vt 1.000000 0.656250
vt 1.000000 0.687500
vt 1.000000 0.625000
vt 1.000000 0.718750
vt 1.000000 0.750000
vt 1.000000 0.531250
vt 1.000000 0.562500
vt 1.000000 0.500000
vt 1.000000 0.593750
vt 1.000000 0.906250
vt 1.000000 0.937500
vt 1.000000 0.875000
vt 1.000000 0.968750
vt 1.000000 0.781250
vt 1.000000 0.812500
vt 1.000000 0.843750
vt 1.000000 0.156250
vt 1.000000 0.187500
vt 1.000000 0.125000
vt 1.000000 0.218750
vt 1.000000 0.250000
vt 1.000000 0.031250
vt 1.000000 0.062500
vt 1.000000 0.000000
vt 1.000000 0.093750
vt 1.000000 0.406250
vt 1.000000 0.437500
vt 1.000000 0.375000
vt 1.000000 0.468750
vt 1.000000 0.281250
vt 1.000000 0.312500
vt 1.000000 0.343750
s 0
f 1/1/1 291/2/1 290/3/1
f 5/4/1 294/5/1 293/6/1
f 1/1/1 290/3/1 296/7/1
f 5/4/1 298/8/1 294/5/1
f 9/9/1 301/10/1 300/11/1
f 9/9/1 303/12/1 301/10/1
f 9/9/1 305/13/1 303/12/1
f 6/14/1 308/15/1 307/16/1
f 25/17/1 311/18/1 310/19/1
f 25/17/1 313/20/1 311/18/1
f 11/21/1 316/22/1 315/23/1
f 23/24/1 319/25/1 318/26/1
f 23/24/1 321/27/1 319/25/1
f 24/28/1 324/29/1 323/30/1
f 19/31/1 327/32/1 326/33/1
f 19/31/1 329/34/1 327/32/1
f 23/24/1 318/26/1 331/35/1
f 22/36/1 334/37/1 333/38/1
f 22/36/1 336/39/1 334/37/1
f 19/31/1 326/33/1 338/40/1
f 20/41/1 341/42/1 340/43/1
f 20/41/1 343/44/1 341/42/1
f 21/45/1 346/46/1 345/47/1
f 10/48/1 349/49/1 348/50/1
f 10/48/1 351/51/1 349/49/1
f 14/52/1 354/53/1 353/54/1
f 15/55/1 357/56/1 356/57/1
f 15/55/1 359/58/1 357/56/1
f 20/41/1 340/43/1 361/59/1
f 14/52/1 363/60/1 354/53/1
f 14/52/1 365/61/1 363/60/1
f 16/62/1 368/63/1 367/64/1
f 81/65/1 371/66/1 370/67/1
f 81/65/1 373/68/1 371/66/1
f 32/69/1 376/70/1 375/71/1
f 79/72/1 379/73/1 378/74/1
f 79/72/1 381/75/1 379/73/1
f 80/76/1 384/77/1 383/78/1
f 46/79/1 387/80/1 386/81/1
f 46/79/1 389/82/1 387/80/1
f 79/72/1 378/74/1 391/83/1
f 78/84/1 394/85/1 393/86/1
f 78/84/1 396/87/1 394/85/1
f 36/88/1 399/89/1 398/90/1
f 76/91/1 402/92/1 401/93/1
f 76/91/1 404/94/1 402/92/1
f 77/95/1 407/96/1 406/97/1
f 47/98/1 410/99/1 409/100/1
f 47/98/1 412/101/1 410/99/1
f 76/91/1 401/93/1 414/102/1
f 75/103/1 417/104/1 416/105/1
f 75/103/1 419/106/1 417/104/1
f 46/79/1 386/81/1 421/107/1
f 73/108/1 424/109/1 423/110/1
f 73/108/1 426/111/1 424/109/1
f 74/112/1 429/113/1 428/114/1
f 42/115/1 432/116/1 431/117/1
f 42/115/1 434/118/1 432/116/1
f 73/108/1 423/110/1 436/119/1
f 72/120/1 439/121/1 438/122/1
f 72/120/1 441/123/1 439/121/1
f 37/124/1 444/125/1 443/126/1
f 70/127/1 447/128/1 446/129/1
f 70/127/1 449/130/1 447/128/1
f 71/131/1 452/132/1 451/133/1
f 36/88/1 454/134/1 399/89/1
f 36/88/1 456/135/1 454/134/1
f 70/127/1 446/129/1 458/136/1
f 69/137/1 461/138/1 460/139/1
f 69/137/1 463/140/1 461/138/1
f 51/141/1 466/142/1 465/143/1
f 67/144/1 469/145/1 468/146/1
f 67/144/1 471/147/1 469/145/1
f 68/148/1 474/149/1 473/150/1
f 54/151/1 477/152/1 476/153/1
f 54/151/1 479/154/1 477/152/1
f 67/144/1 468/146/1 481/155/1
f 66/156/1 484/157/1 483/158/1
f 66/156/1 486/159/1 484/157/1
f 39/160/1 489/161/1 488/162/1
f 64/163/1 492/164/1 491/165/1
f 64/163/1 494/166/1 492/164/1
f 65/167/1 497/168/1 496/169/1
f 51/141/1 499/170/1 466/142/1
f 51/141/1 501/171/1 499/170/1
f 64/163/1 491/165/1 503/172/1
f 63/173/1 506/174/1 505/175/1
f 63/173/1 508/176/1 506/174/1
f 40/177/1 511/178/1 510/179/1
f 61/180/1 514/181/1 513/182/1
f 61/180/1 516/183/1 514/181/1
f 62/184/1 519/185/1 518/186/1
f 39/160/1 521/187/1 489/161/1
f 39/160/1 523/188/1 521/187/1
f 61/180/1 513/182/1 525/189/1
f 60/190/1 528/191/1 527/192/1
f 60/190/1 530/193/1 528/191/1
f 27/194/1 533/195/1 532/196/1
f 58/197/1 536/198/1 535/199/1
f 58/197/1 538/200/1 536/198/1
f 59/201/1 541/202/1 540/203/1
f 57/204/1 544/205/1 543/206/1
f 57/204/1 546/207/1 544/205/1
f 58/197/1 535/199/1 548/208/1
f 41/209/1 551/210/1 550/211/1
f 41/209/1 553/212/1 551/210/1
f 43/213/1 556/214/1 555/215/1
f 55/216/1 559/217/1 558/218/1
f 55/216/1 561/219/1 559/217/1
f 56/220/1 564/221/1 563/222/1
f 35/223/1 567/224/1 566/225/1
f 35/223/1 569/226/1 567/224/1
f 55/216/1 558/218/1 571/227/1
f 38/228/1 574/229/1 573/230/1
f 38/228/1 576/231/1 574/229/1
f 35/223/1 566/225/1 578/232/1
f 52/233/1 581/234/1 580/235/1
f 52/233/1 583/236/1 581/234/1
f 53/237/1 586/238/1 585/239/1
f 26/240/1 589/241/1 588/242/1
f 26/240/1 591/243/1 589/241/1
f 30/244/1 594/245/1 593/246/1
f 31/247/1 597/248/1 596/249/1
f 31/247/1 599/250/1 597/248/1
f 52/233/1 580/235/1 601/251/1
f 30/244/1 603/252/1 594/245/1
f 30/244/1 605/253/1 603/252/1
f 48/254/1 608/255/1 607/256/1
f 289/257/1 611/258/1 610/259/1
f 289/257/1 609/260/1 611/258/1
f 104/261/1 613/262/1 612/263/1
f 287/264/1 616/265/1 615/266/1
f 287/264/1 606/267/1 616/265/1
f 288/268/1 618/269/1 617/270/1
f 142/271/1 620/272/1 619/273/1
f 142/271/1 604/274/1 620/272/1
f 287/264/1 615/266/1 621/275/1
f 286/276/1 624/277/1 623/278/1
f 286/276/1 602/279/1 624/277/1
f 108/280/1 626/281/1 625/282/1
f 284/283/1 629/284/1 628/285/1
f 284/283/1 600/286/1 629/284/1
f 285/287/1 631/288/1 630/289/1
f 143/290/1 633/291/1 632/292/1
f 143/290/1 598/293/1 633/291/1
f 284/283/1 628/285/1 634/294/1
f 283/295/1 637/296/1 636/297/1
f 283/295/1 595/298/1 637/296/1
f 142/271/1 619/273/1 638/299/1
f 281/300/1 641/301/1 640/302/1
f 281/300/1 592/303/1 641/301/1
f 282/304/1 643/305/1 642/306/1
f 138/307/1 645/308/1 644/309/1
f 138/307/1 590/310/1 645/308/1
f 281/300/1 640/302/1 646/311/1
f 280/312/1 649/313/1 648/314/1
f 280/312/1 587/315/1 649/313/1
f 109/316/1 651/317/1 650/318/1
f 278/319/1 654/320/1 653/321/1
f 278/319/1 584/322/1 654/320/1
f 279/323/1 656/324/1 655/325/1
f 108/280/1 657/326/1 626/281/1
f 108/280/1 582/327/1 657/326/1
f 278/319/1 653/321/1 658/328/1
f 277/329/1 661/330/1 660/331/1
f 277/329/1 579/332/1 661/330/1
f 147/333/1 663/334/1 662/335/1
f 275/336/1 666/337/1 665/338/1
f 275/336/1 577/339/1 666/337/1
f 276/340/1 668/341/1 667/342/1
f 150/343/1 670/344/1 669/345/1
f 150/343/1 575/346/1 670/344/1
f 275/336/1 665/338/1 671/347/1
f 274/348/1 674/349/1 673/350/1
f 274/348/1 572/351/1 674/349/1
f 111/352/1 676/353/1 675/354/1
f 272/355/1 679/356/1 678/357/1
f 272/355/1 570/358/1 679/356/1
f 273/359/1 681/360/1 680/361/1
f 147/333/1 682/362/1 663/334/1
f 147/333/1 568/363/1 682/362/1
f 272/355/1 678/357/1 683/364/1
f 271/365/1 686/366/1 685/367/1
f 271/365/1 565/368/1 686/366/1
f 112/369/1 688/370/1 687/371/1
f 269/372/1 691/373/1 690/374/1
f 269/372/1 562/375/1 691/373/1
f 270/376/1 693/377/1 692/378/1
f 111/352/1 694/379/1 676/353/1
f 111/352/1 560/380/1 694/379/1
f 269/372/1 690/374/1 695/381/1
f 268/382/1 698/383/1 697/384/1
f 268/382/1 557/385/1 698/383/1
f 99/386/1 700/387/1 699/388/1
f 266/389/1 703/390/1 702/391/1
f 266/389/1 554/392/1 703/390/1
f 267/393/1 705/394/1 704/395/1
f 153/396/1 707/397/1 706/398/1
f 153/396/1 552/399/1 707/397/1
f 266/389/1 702/391/1 708/400/1
f 265/401/1 711/402/1 710/403/1
f 265/401/1 549/404/1 711/402/1
f 114/405/1 714/406/1 713/407/1
f 263/408/1 717/409/1 716/410/1
f 263/408/1 547/411/1 717/409/1
f 264/412/1 719/413/1 718/414/1
f 169/415/1 721/416/1 720/417/1
f 169/415/1 545/418/1 721/416/1
f 263/408/1 716/410/1 723/419/1
f 262/420/1 726/421/1 725/422/1
f 262/420/1 542/423/1 726/421/1
f 115/424/1 701/425/1 728/426/1
f 260/427/1 730/428/1 729/429/1
f 260/427/1 539/430/1 730/428/1
f 261/431/1 732/432/1 731/433/1
f 114/405/1 733/434/1 714/406/1
f 114/405/1 537/435/1 733/434/1
f 260/427/1 729/429/1 735/436/1
f 259/437/1 737/438/1 736/439/1
f 259/437/1 534/440/1 737/438/1
f 83/441/1 740/442/1 739/443/1
f 257/444/1 743/445/1 742/446/1
f 257/444/1 531/447/1 743/445/1
f 258/448/1 745/449/1 744/450/1
f 172/451/1 746/452/1 734/453/1
f 172/451/1 529/454/1 746/452/1
f 257/444/1 742/446/1 748/455/1
f 256/456/1 751/457/1 750/458/1
f 256/456/1 526/459/1 751/457/1
f 117/460/1 754/461/1 753/462/1
f 254/463/1 756/464/1 755/465/1
f 254/463/1 524/466/1 756/464/1
f 255/467/1 758/468/1 757/469/1
f 95/470/1 760/471/1 759/472/1
f 95/470/1 522/473/1 760/471/1
f 254/463/1 755/465/1 761/474/1
f 253/475/1 763/476/1 762/477/1
f 253/475/1 520/478/1 763/476/1
f 118/479/1 689/480/1 765/481/1
f 251/482/1 767/483/1 766/484/1
f 251/482/1 517/485/1 767/483/1
f 252/486/1 769/487/1 768/488/1
f 117/460/1 770/489/1 754/461/1
f 117/460/1 515/490/1 770/489/1
f 251/482/1 766/484/1 772/491/1
f 250/492/1 774/493/1 773/494/1
f 250/492/1 512/495/1 774/493/1
f 96/496/1 777/497/1 776/498/1
f 248/499/1 779/500/1 778/501/1
f 248/499/1 509/502/1 779/500/1
f 249/503/1 781/504/1 780/505/1
f 175/506/1 782/507/1 771/508/1
f 175/506/1 507/509/1 782/507/1
f 248/499/1 778/501/1 783/510/1
f 247/511/1 785/512/1 784/513/1
f 247/511/1 504/514/1 785/512/1
f 120/515/1 788/516/1 787/517/1
f 245/518/1 791/519/1 790/520/1
f 245/518/1 502/521/1 791/519/1
f 246/522/1 793/523/1 792/524/1
f 163/525/1 795/526/1 794/527/1
f 163/525/1 500/528/1 795/526/1
f 245/518/1 790/520/1 797/529/1
f 244/530/1 800/531/1 799/532/1
f 244/530/1 498/533/1 800/531/1
f 121/534/1 677/535/1 802/536/1
f 242/537/1 804/538/1 803/539/1
f 242/537/1 495/540/1 804/538/1
f 243/541/1 806/542/1 805/543/1
f 120/515/1 807/544/1 788/516/1
f 120/515/1 493/545/1 807/544/1
f 242/537/1 803/539/1 809/546/1
f 241/547/1 811/548/1 810/549/1
f 241/547/1 490/550/1 811/548/1
f 95/470/1 759/472/1 813/551/1
f 239/552/1 816/553/1 815/554/1
f 239/552/1 487/555/1 816/553/1
f 240/556/1 818/557/1 817/558/1
f 178/559/1 819/560/1 808/561/1
f 178/559/1 485/562/1 819/560/1
f 239/552/1 815/554/1 821/563/1
f 238/564/1 824/565/1 823/566/1
f 238/564/1 482/567/1 824/565/1
f 123/568/1 827/569/1 826/570/1
f 236/571/1 830/572/1 829/573/1
f 236/571/1 480/574/1 830/572/1
f 237/575/1 832/576/1 831/577/1
f 166/578/1 834/579/1 833/580/1
f 166/578/1 478/581/1 834/579/1
f 236/571/1 829/573/1 836/582/1
f 235/583/1 839/584/1 838/585/1
f 235/583/1 475/586/1 839/584/1
f 124/587/1 664/588/1 841/589/1
f 233/590/1 843/591/1 842/592/1
f 233/590/1 472/593/1 843/591/1
f 234/594/1 845/595/1 844/596/1
f 123/568/1 846/597/1 827/569/1
f 123/568/1 470/598/1 846/597/1
f 233/590/1 842/592/1 848/599/1
f 232/600/1 850/601/1 849/602/1
f 232/600/1 467/603/1 850/601/1
f 163/525/1 794/527/1 852/604/1
f 230/605/1 855/606/1 854/607/1
f 230/605/1 464/608/1 855/606/1
f 231/609/1 857/610/1 856/611/1
f 181/612/1 858/613/1 847/614/1
f 181/612/1 462/615/1 858/613/1
f 230/605/1 854/607/1 860/616/1
f 229/617/1 863/618/1 862/619/1
f 229/617/1 459/620/1 863/618/1
f 126/621/1 866/622/1 865/623/1
f 227/624/1 868/625/1 867/626/1
f 227/624/1 457/627/1 868/625/1
f 228/628/1 870/629/1 869/630/1
f 92/631/1 872/632/1 871/633/1
f 92/631/1 455/634/1 872/632/1
f 227/624/1 867/626/1 873/635/1
f 226/636/1 875/637/1 874/638/1
f 226/636/1 453/639/1 875/637/1
f 127/640/1 652/641/1 877/642/1
f 224/643/1 879/644/1 878/645/1
f 224/643/1 450/646/1 879/644/1
f 225/647/1 881/648/1 880/649/1
f 126/621/1 882/650/1 866/622/1
f 126/621/1 448/651/1 882/650/1
f 224/643/1 878/645/1 884/652/1
f 223/653/1 886/654/1 885/655/1
f 223/653/1 445/656/1 886/654/1
f 93/657/1 889/658/1 888/659/1
f 221/660/1 891/661/1 890/662/1
f 221/660/1 442/663/1 891/661/1
f 222/664/1 893/665/1 892/666/1
f 184/667/1 894/668/1 883/669/1
f 184/667/1 440/670/1 894/668/1
f 221/660/1 890/662/1 895/671/1
f 220/672/1 897/673/1 896/674/1
f 220/672/1 437/675/1 897/673/1
f 129/676/1 899/677/1 898/678/1
f 218/679/1 901/680/1 900/681/1
f 218/679/1 435/682/1 901/680/1
f 219/683/1 903/684/1 902/685/1
f 154/686/1 905/687/1 904/688/1
f 154/686/1 433/689/1 905/687/1
f 218/679/1 900/681/1 906/690/1
f 217/691/1 909/692/1 908/693/1
f 217/691/1 430/694/1 909/692/1
f 130/695/1 639/696/1 911/697/1
f 215/698/1 913/699/1 912/700/1
f 215/698/1 427/701/1 913/699/1
f 216/702/1 915/703/1 914/704/1
f 129/676/1 916/705/1 899/677/1
f 129/676/1 425/706/1 916/705/1
f 215/698/1 912/700/1 918/707/1
f 214/708/1 920/709/1 919/710/1
f 214/708/1 422/711/1 920/709/1
f 158/712/1 922/713/1 921/714/1
f 212/715/1 924/716/1 923/717/1
f 212/715/1 420/718/1 924/716/1
f 213/719/1 926/720/1 925/721/1
f 187/722/1 927/723/1 917/724/1
f 187/722/1 418/725/1 927/723/1
f 212/715/1 923/717/1 928/726/1
f 211/727/1 931/728/1 930/729/1
f 211/727/1 415/730/1 931/728/1
f 132/731/1 934/732/1 933/733/1
f 209/734/1 937/735/1 936/736/1
f 209/734/1 413/737/1 937/735/1
f 210/738/1 939/739/1 938/740/1
f 159/741/1 941/742/1 940/743/1
f 159/741/1 411/744/1 941/742/1
f 209/734/1 936/736/1 943/745/1
f 208/746/1 946/747/1 945/748/1
f 208/746/1 408/749/1 946/747/1
f 133/750/1 627/751/1 948/752/1
f 206/753/1 950/754/1 949/755/1
f 206/753/1 405/756/1 950/754/1
f 207/757/1 952/758/1 951/759/1
f 132/731/1 953/760/1 934/732/1
f 132/731/1 403/761/1 953/760/1
f 206/753/1 949/755/1 955/762/1
f 205/763/1 957/764/1 956/765/1
f 205/763/1 400/766/1 957/764/1
f 92/631/1 871/633/1 959/767/1
f 203/768/1 962/769/1 961/770/1
f 203/768/1 397/771/1 962/769/1
f 204/772/1 964/773/1 963/774/1
f 190/775/1 965/776/1 954/777/1
f 190/775/1 395/778/1 965/776/1
f 203/768/1 961/770/1 967/779/1
f 202/780/1 970/781/1 969/782/1
f 202/780/1 392/783/1 970/781/1
f 135/784/1 972/785/1 971/786/1
f 200/787/1 974/788/1 973/789/1
f 200/787/1 390/790/1 974/788/1
f 201/791/1 976/792/1 975/793/1
f 158/712/1 977/794/1 922/713/1
f 158/712/1 388/795/1 977/794/1
f 200/787/1 973/789/1 978/796/1
f 199/797/1 981/798/1 980/799/1
f 199/797/1 385/800/1 981/798/1
f 136/801/1 614/802/1 983/803/1
f 197/804/1 985/805/1 984/806/1
f 197/804/1 382/807/1 985/805/1
f 198/808/1 987/809/1 986/810/1
f 135/784/1 988/811/1 972/785/1
f 135/784/1 380/812/1 988/811/1
f 197/804/1 984/806/1 990/813/1
f 196/814/1 992/815/1 991/816/1
f 196/814/1 377/817/1 992/815/1
f 88/818/1 994/819/1 993/820/1
f 194/821/1 996/822/1 995/823/1
f 194/821/1 374/824/1 996/822/1
f 195/825/1 998/826/1 997/827/1
f 193/828/1 999/829/1 989/830/1
f 193/828/1 372/831/1 999/829/1
f 194/821/1 995/823/1 1000/832/1
f 137/833/1 1002/834/1 982/835/1
f 137/833/1 369/836/1 1002/834/1
f 144/837/1 1004/838/1 1003/839/1
f 191/840/1 1006/841/1 1005/842/1
f 191/840/1 366/843/1 1006/841/1
f 192/844/1 622/845/1 1007/846/1
f 102/847/1 1009/848/1 1008/849/1
f 102/847/1 364/850/1 1009/848/1
f 191/840/1 1005/842/1 1010/851/1
f 134/852/1 1011/853/1 947/854/1
f 134/852/1 362/855/1 1011/853/1
f 148/856/1 1013/857/1 1012/858/1
f 188/859/1 1015/860/1 1014/861/1
f 188/859/1 360/862/1 1015/860/1
f 189/863/1 635/864/1 1016/865/1
f 103/866/1 1018/867/1 1017/868/1
f 103/866/1 358/869/1 1018/867/1
f 188/859/1 1014/861/1 1019/870/1
f 131/871/1 1020/872/1 910/873/1
f 131/871/1 355/874/1 1020/872/1
f 102/847/1 1008/849/1 1021/875/1
f 185/876/1 1023/877/1 1022/878/1
f 185/876/1 352/879/1 1023/877/1
f 186/880/1 647/881/1 1024/882/1
f 98/883/1 1026/884/1 1025/885/1
f 98/883/1 350/886/1 1026/884/1
f 185/876/1 1022/878/1 1027/887/1
f 128/888/1 1028/889/1 876/890/1
f 128/888/1 347/891/1 1028/889/1
f 149/892/1 929/893/1 1029/894/1
f 182/895/1 1031/896/1 1030/897/1
f 182/895/1 344/898/1 1031/896/1
f 183/899/1 659/900/1 1032/901/1
f 148/856/1 1033/902/1 1013/857/1
f 148/856/1 342/903/1 1033/902/1
f 182/895/1 1030/897/1 1034/904/1
f 125/905/1 1035/906/1 840/907/1
f 125/905/1 339/908/1 1035/906/1
f 107/909/1 1037/910/1 1036/911/1
f 179/912/1 1039/913/1 1038/914/1
f 179/912/1 337/915/1 1039/913/1
f 180/916/1 672/917/1 1040/918/1
f 110/919/1 1041/920/1 864/921/1
f 110/919/1 335/922/1 1041/920/1
f 179/912/1 1038/914/1 1042/923/1
f 122/924/1 1043/925/1 801/926/1
f 122/924/1 332/927/1 1043/925/1
f 151/928/1 1045/929/1 1044/930/1
f 176/931/1 1047/932/1 1046/933/1
f 176/931/1 330/934/1 1047/932/1
f 177/935/1 684/936/1 1048/937/1
f 107/909/1 1049/938/1 1037/910/1
f 107/909/1 328/939/1 1049/938/1
f 176/931/1 1046/933/1 1050/940/1
f 119/941/1 1051/942/1 764/943/1
f 119/941/1 325/944/1 1051/942/1
f 152/945/1 1001/946/1 1052/947/1
f 173/948/1 1054/949/1 1053/950/1
f 173/948/1 322/951/1 1054/949/1
f 174/952/1 696/953/1 1055/954/1
f 151/928/1 1056/955/1 1045/929/1
f 151/928/1 320/956/1 1056/955/1
f 173/948/1 1053/950/1 1057/957/1
f 116/958/1 1058/959/1 727/960/1
f 116/958/1 317/961/1 1058/959/1
f 139/962/1 1060/963/1 1059/964/1
f 170/965/1 1062/966/1 1061/967/1
f 170/965/1 314/968/1 1062/966/1
f 171/969/1 709/970/1 1063/971/1
f 113/972/1 1064/973/1 752/974/1
f 113/972/1 312/975/1 1064/973/1
f 170/965/1 1061/967/1 1065/976/1
f 97/977/1 1066/978/1 775/979/1
f 97/977/1 309/980/1 1066/978/1
f 155/981/1 1068/982/1 1067/983/1
f 167/984/1 1070/985/1 1069/986/1
f 167/984/1 306/987/1 1070/985/1
f 168/988/1 979/989/1 1071/990/1
f 91/991/1 1073/992/1 1072/993/1
f 91/991/1 304/994/1 1073/992/1
f 167/984/1 1069/986/1 1074/995/1
f 94/996/1 1075/997/1 887/998/1
f 94/996/1 302/999/1 1075/997/1
f 91/991/1 1072/993/1 1076/1000/1
f 164/1001/1 1078/1002/1 1077/1003/1
f 164/1001/1 299/1004/1 1078/1002/1
f 165/1005/1 907/1006/1 1079/1007/1
f 82/1008/1 1081/1009/1 1080/1010/1
f 82/1008/1 297/1011/1 1081/1009/1
f 86/1012/1 1083/1013/1 1082/1014/1
f 87/1015/1 1085/1016/1 1084/1017/1
f 87/1015/1 295/1018/1 1085/1016/1
f 164/1001/1 1077/1003/1 1086/1019/1
f 86/1012/1 1087/1020/1 1083/1013/1
f 86/1012/1 292/1021/1 1087/1020/1
f 160/1022/1 1089/1023/1 1088/1024/1
f 1088/1024/1 618/269/1 288/268/1
f 1088/1024/1 1089/1023/1 618/269/1
f 1089/1023/1 48/254/1 618/269/1
f 1087/1020/1 1088/1024/1 288/268/1
f 1087/1020/1 292/1021/1 1088/1024/1
f 292/1021/1 160/1022/1 1088/1024/1
f 1083/1013/1 605/253/1 30/244/1
f 1083/1013/1 1087/1020/1 605/253/1
f 1087/1020/1 288/268/1 605/253/1
f 1086/1019/1 631/288/1 285/287/1
f 1086/1019/1 1077/1003/1 631/288/1
f 1077/1003/1 52/233/1 631/288/1
f 1085/1016/1 1086/1019/1 285/287/1
f 1085/1016/1 295/1018/1 1086/1019/1
f 295/1018/1 164/1001/1 1086/1019/1
f 1084/1017/1 599/250/1 31/247/1
f 1084/1017/1 1085/1016/1 599/250/1
f 1085/1016/1 285/287/1 599/250/1
f 1082/1014/1 643/305/1 282/304/1
f 1082/1014/1 1083/1013/1 643/305/1
f 1083/1013/1 30/244/1 643/305/1
f 1081/1009/1 1082/1014/1 282/304/1
f 1081/1009/1 297/1011/1 1082/1014/1
f 297/1011/1 86/1012/1 1082/1014/1
f 1080/1010/1 591/243/1 26/240/1
f 1080/1010/1 1081/1009/1 591/243/1
f 1081/1009/1 282/304/1 591/243/1
f 1079/1007/1 656/324/1 279/323/1
f 1079/1007/1 907/1006/1 656/324/1
f 907/1006/1 53/237/1 656/324/1
f 1078/1002/1 1079/1007/1 279/323/1
f 1078/1002/1 299/1004/1 1079/1007/1
f 299/1004/1 165/1005/1 1079/1007/1
f 1077/1003/1 583/236/1 52/233/1
f 1077/1003/1 1078/1002/1 583/236/1
f 1078/1002/1 279/323/1 583/236/1
f 1076/1000/1 668/341/1 276/340/1
f 1076/1000/1 1072/993/1 668/341/1
f 1072/993/1 35/223/1 668/341/1
f 1075/997/1 1076/1000/1 276/340/1
f 1075/997/1 302/999/1 1076/1000/1
f 302/999/1 91/991/1 1076/1000/1
f 887/998/1 576/231/1 38/228/1
f 887/998/1 1075/997/1 576/231/1
f 1075/997/1 276/340/1 576/231/1
f 1074/995/1 681/360/1 273/359/1
f 1074/995/1 1069/986/1 681/360/1
f 1069/986/1 55/216/1 681/360/1
f 1073/992/1 1074/995/1 273/359/1
f 1073/992/1 304/994/1 1074/995/1
f 304/994/1 167/984/1 1074/995/1
f 1072/993/1 569/226/1 35/223/1
f 1072/993/1 1073/992/1 569/226/1
f 1073/992/1 273/359/1 569/226/1
f 1071/990/1 693/377/1 270/376/1
f 1071/990/1 979/989/1 693/377/1
f 979/989/1 56/220/1 693/377/1
f 1070/985/1 1071/990/1 270/376/1
f 1070/985/1 306/987/1 1071/990/1
f 306/987/1 168/988/1 1071/990/1
f 1069/986/1 561/219/1 55/216/1
f 1069/986/1 1070/985/1 561/219/1
f 1070/985/1 270/376/1 561/219/1
f 1067/983/1 705/394/1 267/393/1
f 1067/983/1 1068/982/1 705/394/1
f 1068/982/1 43/213/1 705/394/1
f 1066/978/1 1067/983/1 267/393/1
f 1066/978/1 309/980/1 1067/983/1
f 309/980/1 155/981/1 1067/983/1
f 775/979/1 553/212/1 41/209/1
f 775/979/1 1066/978/1 553/212/1
f 1066/978/1 267/393/1 553/212/1
f 1065/976/1 719/413/1 264/412/1
f 1065/976/1 1061/967/1 719/413/1
f 1061/967/1 58/197/1 719/413/1
f 1064/973/1 1065/976/1 264/412/1
f 1064/973/1 312/975/1 1065/976/1
f 312/975/1 170/965/1 1065/976/1
f 752/974/1 546/207/1 57/204/1
f 752/974/1 1064/973/1 546/207/1
f 1064/973/1 264/412/1 546/207/1
f 1063/971/1 732/432/1 261/431/1
f 1063/971/1 709/970/1 732/432/1
f 709/970/1 59/201/1 732/432/1
f 1062/966/1 1063/971/1 261/431/1
f 1062/966/1 314/968/1 1063/971/1
f 314/968/1 171/969/1 1063/971/1
f 1061/967/1 538/200/1 58/197/1
f 1061/967/1 1062/966/1 538/200/1
f 1062/966/1 261/431/1 538/200/1
f 1059/964/1 745/449/1 258/448/1
f 1059/964/1 1060/963/1 745/449/1
f 1060/963/1 27/194/1 745/449/1
f 1058/959/1 1059/964/1 258/448/1
f 1058/959/1 317/961/1 1059/964/1
f 317/961/1 139/962/1 1059/964/1
f 727/960/1 530/193/1 60/190/1
f 727/960/1 1058/959/1 530/193/1
f 1058/959/1 258/448/1 530/193/1
f 1057/957/1 758/468/1 255/467/1
f 1057/957/1 1053/950/1 758/468/1
f 1053/950/1 61/180/1 758/468/1
f 1056/955/1 1057/957/1 255/467/1
f 1056/955/1 320/956/1 1057/957/1
f 320/956/1 173/948/1 1057/957/1
f 1045/929/1 523/188/1 39/160/1
f 1045/929/1 1056/955/1 523/188/1
f 1056/955/1 255/467/1 523/188/1
f 1055/954/1 769/487/1 252/486/1
f 1055/954/1 696/953/1 769/487/1
f 696/953/1 62/184/1 769/487/1
f 1054/949/1 1055/954/1 252/486/1
f 1054/949/1 322/951/1 1055/954/1
f 322/951/1 174/952/1 1055/954/1
f 1053/950/1 516/183/1 61/180/1
f 1053/950/1 1054/949/1 516/183/1
f 1054/949/1 252/486/1 516/183/1
f 1052/947/1 781/504/1 249/503/1
f 1052/947/1 1001/946/1 781/504/1
f 1001/946/1 40/177/1 781/504/1
f 1051/942/1 1052/947/1 249/503/1
f 1051/942/1 325/944/1 1052/947/1
f 325/944/1 152/945/1 1052/947/1
f 764/943/1 508/176/1 63/173/1
f 764/943/1 1051/942/1 508/176/1
f 1051/942/1 249/503/1 508/176/1
f 1050/940/1 793/523/1 246/522/1
f 1050/940/1 1046/933/1 793/523/1
f 1046/933/1 64/163/1 793/523/1
f 1049/938/1 1050/940/1 246/522/1
f 1049/938/1 328/939/1 1050/940/1
f 328/939/1 176/931/1 1050/940/1
f 1037/910/1 501/171/1 51/141/1
f 1037/910/1 1049/938/1 501/171/1
f 1049/938/1 246/522/1 501/171/1
f 1048/937/1 806/542/1 243/541/1
f 1048/937/1 684/936/1 806/542/1
f 684/936/1 65/167/1 806/542/1
f 1047/932/1 1048/937/1 243/541/1
f 1047/932/1 330/934/1 1048/937/1
f 330/934/1 177/935/1 1048/937/1
f 1046/933/1 494/166/1 64/163/1
f 1046/933/1 1047/932/1 494/166/1
f 1047/932/1 243/541/1 494/166/1
f 1044/930/1 818/557/1 240/556/1
f 1044/930/1 1045/929/1 818/557/1
f 1045/929/1 39/160/1 818/557/1
f 1043/925/1 1044/930/1 240/556/1
f 1043/925/1 332/927/1 1044/930/1
f 332/927/1 151/928/1 1044/930/1
f 801/926/1 486/159/1 66/156/1
f 801/926/1 1043/925/1 486/159/1
f 1043/925/1 240/556/1 486/159/1
f 1042/923/1 832/576/1 237/575/1
f 1042/923/1 1038/914/1 832/576/1
f 1038/914/1 67/144/1 832/576/1
f 1041/920/1 1042/923/1 237/575/1
f 1041/920/1 335/922/1 1042/923/1
f 335/922/1 179/912/1 1042/923/1
f 864/921/1 479/154/1 54/151/1
f 864/921/1 1041/920/1 479/154/1
f 1041/920/1 237/575/1 479/154/1
f 1040/918/1 845/595/1 234/594/1
f 1040/918/1 672/917/1 845/595/1
f 672/917/1 68/148/1 845/595/1
f 1039/913/1 1040/918/1 234/594/1
f 1039/913/1 337/915/1 1040/918/1
f 337/915/1 180/916/1 1040/918/1
f 1038/914/1 471/147/1 67/144/1
f 1038/914/1 1039/913/1 471/147/1
f 1039/913/1 234/594/1 471/147/1
f 1036/911/1 857/610/1 231/609/1
f 1036/911/1 1037/910/1 857/610/1
f 1037/910/1 51/141/1 857/610/1
f 1035/906/1 1036/911/1 231/609/1
f 1035/906/1 339/908/1 1036/911/1
f 339/908/1 107/909/1 1036/911/1
f 840/907/1 463/140/1 69/137/1
f 840/907/1 1035/906/1 463/140/1
f 1035/906/1 231/609/1 463/140/1
f 1034/904/1 870/629/1 228/628/1
f 1034/904/1 1030/897/1 870/629/1
f 1030/897/1 70/127/1 870/629/1
f 1033/902/1 1034/904/1 228/628/1
f 1033/902/1 342/903/1 1034/904/1
f 342/903/1 182/895/1 1034/904/1
f 1013/857/1 456/135/1 36/88/1
f 1013/857/1 1033/902/1 456/135/1
f 1033/902/1 228/628/1 456/135/1
f 1032/901/1 881/648/1 225/647/1
f 1032/901/1 659/900/1 881/648/1
f 659/900/1 71/131/1 881/648/1
f 1031/896/1 1032/901/1 225/647/1
f 1031/896/1 344/898/1 1032/901/1
f 344/898/1 183/899/1 1032/901/1
f 1030/897/1 449/130/1 70/127/1
f 1030/897/1 1031/896/1 449/130/1
f 1031/896/1 225/647/1 449/130/1
f 1029/894/1 893/665/1 222/664/1
f 1029/894/1 929/893/1 893/665/1
f 929/893/1 37/124/1 893/665/1
f 1028/889/1 1029/894/1 222/664/1
f 1028/889/1 347/891/1 1029/894/1
f 347/891/1 149/892/1 1029/894/1
f 876/890/1 441/123/1 72/120/1
f 876/890/1 1028/889/1 441/123/1
f 1028/889/1 222/664/1 441/123/1
f 1027/887/1 903/684/1 219/683/1
f 1027/887/1 1022/878/1 903/684/1
f 1022/878/1 73/108/1 903/684/1
f 1026/884/1 1027/887/1 219/683/1
f 1026/884/1 350/886/1 1027/887/1
f 350/886/1 185/876/1 1027/887/1
f 1025/885/1 434/118/1 42/115/1
f 1025/885/1 1026/884/1 434/118/1
f 1026/884/1 219/683/1 434/118/1
f 1024/882/1 915/703/1 216/702/1
f 1024/882/1 647/881/1 915/703/1
f 647/881/1 74/112/1 915/703/1
f 1023/877/1 1024/882/1 216/702/1
f 1023/877/1 352/879/1 1024/882/1
f 352/879/1 186/880/1 1024/882/1
f 1022/878/1 426/111/1 73/108/1
f 1022/878/1 1023/877/1 426/111/1
f 1023/877/1 216/702/1 426/111/1
f 1021/875/1 926/720/1 213/719/1
f 1021/875/1 1008/849/1 926/720/1
f 1008/849/1 46/79/1 926/720/1
f 1020/872/1 1021/875/1 213/719/1
f 1020/872/1 355/874/1 1021/875/1
f 355/874/1 102/847/1 1021/875/1
f 910/873/1 419/106/1 75/103/1
f 910/873/1 1020/872/1 419/106/1
f 1020/872/1 213/719/1 419/106/1
f 1019/870/1 939/739/1 210/738/1
f 1019/870/1 1014/861/1 939/739/1
f 1014/861/1 76/91/1 939/739/1
f 1018/867/1 1019/870/1 210/738/1
f 1018/867/1 358/869/1 1019/870/1
f 358/869/1 188/859/1 1019/870/1
f 1017/868/1 412/101/1 47/98/1
f 1017/868/1 1018/867/1 412/101/1
f 1018/867/1 210/738/1 412/101/1
f 1016/865/1 952/758/1 207/757/1
f 1016/865/1 635/864/1 952/758/1
f 635/864/1 77/95/1 952/758/1
f 1015/860/1 1016/865/1 207/757/1
f 1015/860/1 360/862/1 1016/865/1
f 360/862/1 189/863/1 1016/865/1
f 1014/861/1 404/94/1 76/91/1
f 1014/861/1 1015/860/1 404/94/1
f 1015/860/1 207/757/1 404/94/1
f 1012/858/1 964/773/1 204/772/1
f 1012/858/1 1013/857/1 964/773/1
f 1013/857/1 36/88/1 964/773/1
f 1011/853/1 1012/858/1 204/772/1
f 1011/853/1 362/855/1 1012/858/1
f 362/855/1 148/856/1 1012/858/1
f 947/854/1 396/87/1 78/84/1
f 947/854/1 1011/853/1 396/87/1
f 1011/853/1 204/772/1 396/87/1
f 1010/851/1 976/792/1 201/791/1
f 1010/851/1 1005/842/1 976/792/1
f 1005/842/1 79/72/1 976/792/1
f 1009/848/1 1010/851/1 201/791/1
f 1009/848/1 364/850/1 1010/851/1
f 364/850/1 191/840/1 1010/851/1
f 1008/849/1 389/82/1 46/79/1
f 1008/849/1 1009/848/1 389/82/1
f 1009/848/1 201/791/1 389/82/1
f 1007/846/1 987/809/1 198/808/1
f 1007/846/1 622/845/1 987/809/1
f 622/845/1 80/76/1 987/809/1
f 1006/841/1 1007/846/1 198/808/1
f 1006/841/1 366/843/1 1007/846/1
f 366/843/1 192/844/1 1007/846/1
f 1005/842/1 381/75/1 79/72/1
f 1005/842/1 1006/841/1 381/75/1
f 1006/841/1 198/808/1 381/75/1
f 1003/839/1 998/826/1 195/825/1
f 1003/839/1 1004/838/1 998/826/1
f 1004/838/1 32/69/1 998/826/1
f 1002/834/1 1003/839/1 195/825/1
f 1002/834/1 369/836/1 1003/839/1
f 369/836/1 144/837/1 1003/839/1
f 982/835/1 373/68/1 81/65/1
f 982/835/1 1002/834/1 373/68/1
f 1002/834/1 195/825/1 373/68/1
f 1000/832/1 1001/946/1 152/945/1
f 1000/832/1 995/823/1 1001/946/1
f 995/823/1 40/177/1 1001/946/1
f 999/829/1 1000/832/1 152/945/1
f 999/829/1 372/831/1 1000/832/1
f 372/831/1 194/821/1 1000/832/1
f 989/830/1 324/29/1 24/28/1
f 989/830/1 999/829/1 324/29/1
f 999/829/1 152/945/1 324/29/1
f 997/827/1 375/71/1 196/814/1
f 997/827/1 998/826/1 375/71/1
f 998/826/1 32/69/1 375/71/1
f 996/822/1 997/827/1 196/814/1
f 996/822/1 374/824/1 997/827/1
f 374/824/1 195/825/1 997/827/1
f 995/823/1 991/816/1 40/177/1
f 995/823/1 996/822/1 991/816/1
f 996/822/1 196/814/1 991/816/1
f 993/820/1 777/497/1 96/496/1
f 993/820/1 994/819/1 777/497/1
f 994/819/1 6/14/1 777/497/1
f 992/815/1 993/820/1 96/496/1
f 992/815/1 377/817/1 993/820/1
f 377/817/1 88/818/1 993/820/1
f 991/816/1 511/178/1 40/177/1
f 991/816/1 992/815/1 511/178/1
f 992/815/1 96/496/1 511/178/1
f 990/813/1 370/67/1 193/828/1
f 990/813/1 984/806/1 370/67/1
f 984/806/1 81/65/1 370/67/1
f 988/811/1 990/813/1 193/828/1
f 988/811/1 380/812/1 990/813/1
f 380/812/1 197/804/1 990/813/1
f 972/785/1 989/830/1 24/28/1
f 972/785/1 988/811/1 989/830/1
f 988/811/1 193/828/1 989/830/1
f 986/810/1 383/78/1 199/797/1
f 986/810/1 987/809/1 383/78/1
f 987/809/1 80/76/1 383/78/1
f 985/805/1 986/810/1 199/797/1
f 985/805/1 382/807/1 986/810/1
f 382/807/1 198/808/1 986/810/1
f 984/806/1 980/799/1 81/65/1
f 984/806/1 985/805/1 980/799/1
f 985/805/1 199/797/1 980/799/1
f 983/803/1 367/64/1 137/833/1
f 983/803/1 614/802/1 367/64/1
f 614/802/1 16/62/1 367/64/1
f 981/798/1 983/803/1 137/833/1
f 981/798/1 385/800/1 983/803/1
f 385/800/1 136/801/1 983/803/1
f 980/799/1 982/835/1 81/65/1
f 980/799/1 981/798/1 982/835/1
f 981/798/1 137/833/1 982/835/1
f 978/796/1 979/989/1 168/988/1
f 978/796/1 973/789/1 979/989/1
f 973/789/1 56/220/1 979/989/1
f 977/794/1 978/796/1 168/988/1
f 977/794/1 388/795/1 978/796/1
f 388/795/1 200/787/1 978/796/1
f 922/713/1 305/13/1 9/9/1
f 922/713/1 977/794/1 305/13/1
f 977/794/1 168/988/1 305/13/1
f 975/793/1 391/83/1 202/780/1
f 975/793/1 976/792/1 391/83/1
f 976/792/1 79/72/1 391/83/1
f 974/788/1 975/793/1 202/780/1
f 974/788/1 390/790/1 975/793/1
f 390/790/1 201/791/1 975/793/1
f 973/789/1 969/782/1 56/220/1
f 973/789/1 974/788/1 969/782/1
f 974/788/1 202/780/1 969/782/1
f 971/786/1 688/370/1 112/369/1
f 971/786/1 972/785/1 688/370/1
f 972/785/1 24/28/1 688/370/1
f 970/781/1 971/786/1 112/369/1
f 970/781/1 392/783/1 971/786/1
f 392/783/1 135/784/1 971/786/1
f 969/782/1 564/221/1 56/220/1
f 969/782/1 970/781/1 564/221/1
f 970/781/1 112/369/1 564/221/1
f 967/779/1 968/1025/1 101/1026/1
f 967/779/1 961/770/1 968/1025/1
f 961/770/1 45/1027/1 968/1025/1
f 965/776/1 967/779/1 101/1026/1
f 965/776/1 395/778/1 967/779/1
f 395/778/1 203/768/1 967/779/1
f 954/777/1 966/1028/1 13/1029/1
f 954/777/1 965/776/1 966/1028/1
f 965/776/1 101/1026/1 966/1028/1
f 963/774/1 398/90/1 205/763/1
f 963/774/1 964/773/1 398/90/1
f 964/773/1 36/88/1 398/90/1
f 962/769/1 963/774/1 205/763/1
f 962/769/1 397/771/1 963/774/1
f 397/771/1 204/772/1 963/774/1
f 961/770/1 956/765/1 45/1027/1
f 961/770/1 962/769/1 956/765/1
f 962/769/1 205/763/1 956/765/1
f 959/767/1 960/1030/1 157/1031/1
f 959/767/1 871/633/1 960/1030/1
f 871/633/1 8/1032/1 960/1030/1
f 957/764/1 959/767/1 157/1031/1
f 957/764/1 400/766/1 959/767/1
f 400/766/1 92/631/1 959/767/1
f 956/765/1 958/1033/1 45/1027/1
f 956/765/1 957/764/1 958/1033/1
f 957/764/1 157/1031/1 958/1033/1
f 955/762/1 393/86/1 190/775/1
f 955/762/1 949/755/1 393/86/1
f 949/755/1 78/84/1 393/86/1
f 953/760/1 955/762/1 190/775/1
f 953/760/1 403/761/1 955/762/1
f 403/761/1 206/753/1 955/762/1
f 934/732/1 954/777/1 13/1029/1
f 934/732/1 953/760/1 954/777/1
f 953/760/1 190/775/1 954/777/1
f 951/759/1 406/97/1 208/746/1
f 951/759/1 952/758/1 406/97/1
f 952/758/1 77/95/1 406/97/1
f 950/754/1 951/759/1 208/746/1
f 950/754/1 405/756/1 951/759/1
f 405/756/1 207/757/1 951/759/1
f 949/755/1 945/748/1 78/84/1
f 949/755/1 950/754/1 945/748/1
f 950/754/1 208/746/1 945/748/1
f 948/752/1 361/59/1 134/852/1
f 948/752/1 627/751/1 361/59/1
f 627/751/1 20/41/1 361/59/1
f 946/747/1 948/752/1 134/852/1
f 946/747/1 408/749/1 948/752/1
f 408/749/1 133/750/1 948/752/1
f 945/748/1 947/854/1 78/84/1
f 945/748/1 946/747/1 947/854/1
f 946/747/1 134/852/1 947/854/1
f 943/745/1 944/1034/1 85/1035/1
f 943/745/1 936/736/1 944/1034/1
f 936/736/1 29/1036/1 944/1034/1
f 941/742/1 943/745/1 85/1035/1
f 941/742/1 411/744/1 943/745/1
f 411/744/1 209/734/1 943/745/1
f 940/743/1 942/1037/1 3/1038/1
f 940/743/1 941/742/1 942/1037/1
f 941/742/1 85/1035/1 942/1037/1
f 938/740/1 414/102/1 211/727/1
f 938/740/1 939/739/1 414/102/1
f 939/739/1 76/91/1 414/102/1
f 937/735/1 938/740/1 211/727/1
f 937/735/1 413/737/1 938/740/1
f 413/737/1 210/738/1 938/740/1
f 936/736/1 930/729/1 29/1036/1
f 936/736/1 937/735/1 930/729/1
f 937/735/1 211/727/1 930/729/1
f 933/733/1 935/1039/1 141/1040/1
f 933/733/1 934/732/1 935/1039/1
f 934/732/1 13/1029/1 935/1039/1
f 931/728/1 933/733/1 141/1040/1
f 931/728/1 415/730/1 933/733/1
f 415/730/1 132/731/1 933/733/1
f 930/729/1 932/1041/1 29/1036/1
f 930/729/1 931/728/1 932/1041/1
f 931/728/1 141/1040/1 932/1041/1
f 928/726/1 929/893/1 149/892/1
f 928/726/1 923/717/1 929/893/1
f 923/717/1 37/124/1 929/893/1
f 927/723/1 928/726/1 149/892/1
f 927/723/1 418/725/1 928/726/1
f 418/725/1 212/715/1 928/726/1
f 917/724/1 346/46/1 21/45/1
f 917/724/1 927/723/1 346/46/1
f 927/723/1 149/892/1 346/46/1
f 925/721/1 421/107/1 214/708/1
f 925/721/1 926/720/1 421/107/1
f 926/720/1 46/79/1 421/107/1
f 924/716/1 925/721/1 214/708/1
f 924/716/1 420/718/1 925/721/1
f 420/718/1 213/719/1 925/721/1
f 923/717/1 919/710/1 37/124/1
f 923/717/1 924/716/1 919/710/1
f 924/716/1 214/708/1 919/710/1
f 921/714/1 889/658/1 93/657/1
f 921/714/1 922/713/1 889/658/1
f 922/713/1 9/9/1 889/658/1
f 920/709/1 921/714/1 93/657/1
f 920/709/1 422/711/1 921/714/1
f 422/711/1 158/712/1 921/714/1
f 919/710/1 444/125/1 37/124/1
f 919/710/1 920/709/1 444/125/1
f 920/709/1 93/657/1 444/125/1
f 918/707/1 416/105/1 187/722/1
f 918/707/1 912/700/1 416/105/1
f 912/700/1 75/103/1 416/105/1
f 916/705/1 918/707/1 187/722/1
f 916/705/1 425/706/1 918/707/1
f 425/706/1 215/698/1 918/707/1
f 899/677/1 917/724/1 21/45/1
f 899/677/1 916/705/1 917/724/1
f 916/705/1 187/722/1 917/724/1
f 914/704/1 428/114/1 217/691/1
f 914/704/1 915/703/1 428/114/1
f 915/703/1 74/112/1 428/114/1
f 913/699/1 914/704/1 217/691/1
f 913/699/1 427/701/1 914/704/1
f 427/701/1 216/702/1 914/704/1
f 912/700/1 908/693/1 75/103/1
f 912/700/1 913/699/1 908/693/1
f 913/699/1 217/691/1 908/693/1
f 911/697/1 353/54/1 131/871/1
f 911/697/1 639/696/1 353/54/1
f 639/696/1 14/52/1 353/54/1
f 909/692/1 911/697/1 131/871/1
f 909/692/1 430/694/1 911/697/1
f 430/694/1 130/695/1 911/697/1
f 908/693/1 910/873/1 75/103/1
f 908/693/1 909/692/1 910/873/1
f 909/692/1 131/871/1 910/873/1
f 906/690/1 907/1006/1 165/1005/1
f 906/690/1 900/681/1 907/1006/1
f 900/681/1 53/237/1 907/1006/1
f 905/687/1 906/690/1 165/1005/1
f 905/687/1 433/689/1 906/690/1
f 433/689/1 218/679/1 906/690/1
f 904/688/1 298/8/1 5/4/1
f 904/688/1 905/687/1 298/8/1
f 905/687/1 165/1005/1 298/8/1
f 902/685/1 436/119/1 220/672/1
f 902/685/1 903/684/1 436/119/1
f 903/684/1 73/108/1 436/119/1
f 901/680/1 902/685/1 220/672/1
f 901/680/1 435/682/1 902/685/1
f 435/682/1 219/683/1 902/685/1
f 900/681/1 896/674/1 53/237/1
f 900/681/1 901/680/1 896/674/1
f 901/680/1 220/672/1 896/674/1
f 898/678/1 651/317/1 109/316/1
f 898/678/1 899/677/1 651/317/1
f 899/677/1 21/45/1 651/317/1
f 897/673/1 898/678/1 109/316/1
f 897/673/1 437/675/1 898/678/1
f 437/675/1 129/676/1 898/678/1
f 896/674/1 586/238/1 53/237/1
f 896/674/1 897/673/1 586/238/1
f 897/673/1 109/316/1 586/238/1
f 895/671/1 573/230/1 150/343/1
f 895/671/1 890/662/1 573/230/1
f 890/662/1 38/228/1 573/230/1
f 894/668/1 895/671/1 150/343/1
f 894/668/1 440/670/1 895/671/1
f 440/670/1 221/660/1 895/671/1
f 883/669/1 669/345/1 22/36/1
f 883/669/1 894/668/1 669/345/1
f 894/668/1 150/343/1 669/345/1
f 892/666/1 443/126/1 223/653/1
f 892/666/1 893/665/1 443/126/1
f 893/665/1 37/124/1 443/126/1
f 891/661/1 892/666/1 223/653/1
f 891/661/1 442/663/1 892/666/1
f 442/663/1 222/664/1 892/666/1
f 890/662/1 885/655/1 38/228/1
f 890/662/1 891/661/1 885/655/1
f 891/661/1 223/653/1 885/655/1
f 888/659/1 300/11/1 94/996/1
f 888/659/1 889/658/1 300/11/1
f 889/658/1 9/9/1 300/11/1
f 886/654/1 888/659/1 94/996/1
f 886/654/1 445/656/1 888/659/1
f 445/656/1 93/657/1 888/659/1
f 885/655/1 887/998/1 38/228/1
f 885/655/1 886/654/1 887/998/1
f 886/654/1 94/996/1 887/998/1
f 884/652/1 438/122/1 184/667/1
f 884/652/1 878/645/1 438/122/1
f 878/645/1 72/120/1 438/122/1
f 882/650/1 884/652/1 184/667/1
f 882/650/1 448/651/1 884/652/1
f 448/651/1 224/643/1 884/652/1
f 866/622/1 883/669/1 22/36/1
f 866/622/1 882/650/1 883/669/1
f 882/650/1 184/667/1 883/669/1
f 880/649/1 451/133/1 226/636/1
f 880/649/1 881/648/1 451/133/1
f 881/648/1 71/131/1 451/133/1
f 879/644/1 880/649/1 226/636/1
f 879/644/1 450/646/1 880/649/1
f 450/646/1 225/647/1 880/649/1
f 878/645/1 874/638/1 72/120/1
f 878/645/1 879/644/1 874/638/1
f 879/644/1 226/636/1 874/638/1
f 877/642/1 345/47/1 128/888/1
f 877/642/1 652/641/1 345/47/1
f 652/641/1 21/45/1 345/47/1
f 875/637/1 877/642/1 128/888/1
f 875/637/1 453/639/1 877/642/1
f 453/639/1 127/640/1 877/642/1
f 874/638/1 876/890/1 72/120/1
f 874/638/1 875/637/1 876/890/1
f 875/637/1 128/888/1 876/890/1
f 873/635/1 476/153/1 166/578/1
f 873/635/1 867/626/1 476/153/1
f 867/626/1 54/151/1 476/153/1
f 872/632/1 873/635/1 166/578/1
f 872/632/1 455/634/1 873/635/1
f 455/634/1 227/624/1 873/635/1
f 871/633/1 833/580/1 8/1032/1
f 871/633/1 872/632/1 833/580/1
f 872/632/1 166/578/1 833/580/1
f 869/630/1 458/136/1 229/617/1
f 869/630/1 870/629/1 458/136/1
f 870/629/1 70/127/1 458/136/1
f 868/625/1 869/630/1 229/617/1
f 868/625/1 457/627/1 869/630/1
f 457/627/1 228/628/1 869/630/1
f 867/626/1 862/619/1 54/151/1
f 867/626/1 868/625/1 862/619/1
f 868/625/1 229/617/1 862/619/1
f 865/623/1 333/38/1 110/919/1
f 865/623/1 866/622/1 333/38/1
f 866/622/1 22/36/1 333/38/1
f 863/618/1 865/623/1 110/919/1
f 863/618/1 459/620/1 865/623/1
f 459/620/1 126/621/1 865/623/1
f 862/619/1 864/921/1 54/151/1
f 862/619/1 863/618/1 864/921/1
f 863/618/1 110/919/1 864/921/1
f 860/616/1 861/1042/1 106/1043/1
f 860/616/1 854/607/1 861/1042/1
f 854/607/1 50/1044/1 861/1042/1
f 858/613/1 860/616/1 106/1043/1
f 858/613/1 462/615/1 860/616/1
f 462/615/1 230/605/1 860/616/1
f 847/614/1 859/1045/1 18/1046/1
f 847/614/1 858/613/1 859/1045/1
f 858/613/1 106/1043/1 859/1045/1
f 856/611/1 465/143/1 232/600/1
f 856/611/1 857/610/1 465/143/1
f 857/610/1 51/141/1 465/143/1
f 855/606/1 856/611/1 232/600/1
f 855/606/1 464/608/1 856/611/1
f 464/608/1 231/609/1 856/611/1
f 854/607/1 849/602/1 50/1044/1
f 854/607/1 855/606/1 849/602/1
f 855/606/1 232/600/1 849/602/1
f 852/604/1 853/1047/1 162/1048/1
f 852/604/1 794/527/1 853/1047/1
f 794/527/1 4/1049/1 853/1047/1
f 850/601/1 852/604/1 162/1048/1
f 850/601/1 467/603/1 852/604/1
f 467/603/1 163/525/1 852/604/1
f 849/602/1 851/1050/1 50/1044/1
f 849/602/1 850/601/1 851/1050/1
f 850/601/1 162/1048/1 851/1050/1
f 848/599/1 460/139/1 181/612/1
f 848/599/1 842/592/1 460/139/1
f 842/592/1 69/137/1 460/139/1
f 846/597/1 848/599/1 181/612/1
f 846/597/1 470/598/1 848/599/1
f 470/598/1 233/590/1 848/599/1
f 827/569/1 847/614/1 18/1046/1
f 827/569/1 846/597/1 847/614/1
f 846/597/1 181/612/1 847/614/1
f 844/596/1 473/150/1 235/583/1
f 844/596/1 845/595/1 473/150/1
f 845/595/1 68/148/1 473/150/1
f 843/591/1 844/596/1 235/583/1
f 843/591/1 472/593/1 844/596/1
f 472/593/1 234/594/1 844/596/1
f 842/592/1 838/585/1 69/137/1
f 842/592/1 843/591/1 838/585/1
f 843/591/1 235/583/1 838/585/1
f 841/589/1 338/40/1 125/905/1
f 841/589/1 664/588/1 338/40/1
f 664/588/1 19/31/1 338/40/1
f 839/584/1 841/589/1 125/905/1
f 839/584/1 475/586/1 841/589/1
f 475/586/1 124/587/1 841/589/1
f 838/585/1 840/907/1 69/137/1
f 838/585/1 839/584/1 840/907/1
f 839/584/1 125/905/1 840/907/1
f 836/582/1 837/1051/1 90/1052/1
f 836/582/1 829/573/1 837/1051/1
f 829/573/1 34/1053/1 837/1051/1
f 834/579/1 836/582/1 90/1052/1
f 834/579/1 478/581/1 836/582/1
f 478/581/1 236/571/1 836/582/1
f 833/580/1 835/1054/1 8/1032/1
f 833/580/1 834/579/1 835/1054/1
f 834/579/1 90/1052/1 835/1054/1
f 831/577/1 481/155/1 238/564/1
f 831/577/1 832/576/1 481/155/1
f 832/576/1 67/144/1 481/155/1
f 830/572/1 831/577/1 238/564/1
f 830/572/1 480/574/1 831/577/1
f 480/574/1 237/575/1 831/577/1
f 829/573/1 823/566/1 34/1053/1
f 829/573/1 830/572/1 823/566/1
f 830/572/1 238/564/1 823/566/1
f 826/570/1 828/1055/1 146/1056/1
f 826/570/1 827/569/1 828/1055/1
f 827/569/1 18/1046/1 828/1055/1
f 824/565/1 826/570/1 146/1056/1
f 824/565/1 482/567/1 826/570/1
f 482/567/1 123/568/1 826/570/1
f 823/566/1 825/1057/1 34/1053/1
f 823/566/1 824/565/1 825/1057/1
f 824/565/1 146/1056/1 825/1057/1
f 821/563/1 822/1058/1 100/1059/1
f 821/563/1 815/554/1 822/1058/1
f 815/554/1 44/1060/1 822/1058/1
f 819/560/1 821/563/1 100/1059/1
f 819/560/1 485/562/1 821/563/1
f 485/562/1 239/552/1 821/563/1
f 808/561/1 820/1061/1 12/1062/1
f 808/561/1 819/560/1 820/1061/1
f 819/560/1 100/1059/1 820/1061/1
f 817/558/1 488/162/1 241/547/1
f 817/558/1 818/557/1 488/162/1
f 818/557/1 39/160/1 488/162/1
f 816/553/1 817/558/1 241/547/1
f 816/553/1 487/555/1 817/558/1
f 487/555/1 240/556/1 817/558/1
f 815/554/1 810/549/1 44/1060/1
f 815/554/1 816/553/1 810/549/1
f 816/553/1 241/547/1 810/549/1
f 813/551/1 814/1063/1 156/1064/1
f 813/551/1 759/472/1 814/1063/1
f 759/472/1 7/1065/1 814/1063/1
f 811/548/1 813/551/1 156/1064/1
f 811/548/1 490/550/1 813/551/1
f 490/550/1 95/470/1 813/551/1
f 810/549/1 812/1066/1 44/1060/1
f 810/549/1 811/548/1 812/1066/1
f 811/548/1 156/1064/1 812/1066/1
f 809/546/1 483/158/1 178/559/1
f 809/546/1 803/539/1 483/158/1
f 803/539/1 66/156/1 483/158/1
f 807/544/1 809/546/1 178/559/1
f 807/544/1 493/545/1 809/546/1
f 493/545/1 242/537/1 809/546/1
f 788/516/1 808/561/1 12/1062/1
f 788/516/1 807/544/1 808/561/1
f 807/544/1 178/559/1 808/561/1
f 805/543/1 496/169/1 244/530/1
f 805/543/1 806/542/1 496/169/1
f 806/542/1 65/167/1 496/169/1
f 804/538/1 805/543/1 244/530/1
f 804/538/1 495/540/1 805/543/1
f 495/540/1 243/541/1 805/543/1
f 803/539/1 799/532/1 66/156/1
f 803/539/1 804/538/1 799/532/1
f 804/538/1 244/530/1 799/532/1
f 802/536/1 331/35/1 122/924/1
f 802/536/1 677/535/1 331/35/1
f 677/535/1 23/24/1 331/35/1
f 800/531/1 802/536/1 122/924/1
f 800/531/1 498/533/1 802/536/1
f 498/533/1 121/534/1 802/536/1
f 799/532/1 801/926/1 66/156/1
f 799/532/1 800/531/1 801/926/1
f 800/531/1 122/924/1 801/926/1
f 797/529/1 798/1067/1 84/1068/1
f 797/529/1 790/520/1 798/1067/1
f 790/520/1 28/1069/1 798/1067/1
f 795/526/1 797/529/1 84/1068/1
f 795/526/1 500/528/1 797/529/1
f 500/528/1 245/518/1 797/529/1
f 794/527/1 796/1070/1 4/1049/1
f 794/527/1 795/526/1 796/1070/1
f 795/526/1 84/1068/1 796/1070/1
f 792/524/1 503/172/1 247/511/1
f 792/524/1 793/523/1 503/172/1
f 793/523/1 64/163/1 503/172/1
f 791/519/1 792/524/1 247/511/1
f 791/519/1 502/521/1 792/524/1
f 502/521/1 246/522/1 792/524/1
f 790/520/1 784/513/1 28/1069/1
f 790/520/1 791/519/1 784/513/1
f 791/519/1 247/511/1 784/513/1
f 787/517/1 789/1071/1 140/1072/1
f 787/517/1 788/516/1 789/1071/1
f 788/516/1 12/1062/1 789/1071/1
f 785/512/1 787/517/1 140/1072/1
f 785/512/1 504/514/1 787/517/1
f 504/514/1 120/515/1 787/517/1
f 784/513/1 786/1073/1 28/1069/1
f 784/513/1 785/512/1 786/1073/1
f 785/512/1 140/1072/1 786/1073/1
f 783/510/1 550/211/1 153/396/1
f 783/510/1 778/501/1 550/211/1
f 778/501/1 41/209/1 550/211/1
f 782/507/1 783/510/1 153/396/1
f 782/507/1 507/509/1 783/510/1
f 507/509/1 248/499/1 783/510/1
f 771/508/1 706/398/1 25/17/1
f 771/508/1 782/507/1 706/398/1
f 782/507/1 153/396/1 706/398/1
f 780/505/1 510/179/1 250/492/1
f 780/505/1 781/504/1 510/179/1
f 781/504/1 40/177/1 510/179/1
f 779/500/1 780/505/1 250/492/1
f 779/500/1 509/502/1 780/505/1
f 509/502/1 249/503/1 780/505/1
f 778/501/1 773/494/1 41/209/1
f 778/501/1 779/500/1 773/494/1
f 779/500/1 250/492/1 773/494/1
f 776/498/1 307/16/1 97/977/1
f 776/498/1 777/497/1 307/16/1
f 777/497/1 6/14/1 307/16/1
f 774/493/1 776/498/1 97/977/1
f 774/493/1 512/495/1 776/498/1
f 512/495/1 96/496/1 776/498/1
f 773/494/1 775/979/1 41/209/1
f 773/494/1 774/493/1 775/979/1
f 774/493/1 97/977/1 775/979/1
f 772/491/1 505/175/1 175/506/1
f 772/491/1 766/484/1 505/175/1
f 766/484/1 63/173/1 505/175/1
f 770/489/1 772/491/1 175/506/1
f 770/489/1 515/490/1 772/491/1
f 515/490/1 251/482/1 772/491/1
f 754/461/1 771/508/1 25/17/1
f 754/461/1 770/489/1 771/508/1
f 770/489/1 175/506/1 771/508/1
f 768/488/1 518/186/1 253/475/1
f 768/488/1 769/487/1 518/186/1
f 769/487/1 62/184/1 518/186/1
f 767/483/1 768/488/1 253/475/1
f 767/483/1 517/485/1 768/488/1
f 517/485/1 252/486/1 768/488/1
f 766/484/1 762/477/1 63/173/1
f 766/484/1 767/483/1 762/477/1
f 767/483/1 253/475/1 762/477/1
f 765/481/1 323/30/1 119/941/1
f 765/481/1 689/480/1 323/30/1
f 689/480/1 24/28/1 323/30/1
f 763/476/1 765/481/1 119/941/1
f 763/476/1 520/478/1 765/481/1
f 520/478/1 118/479/1 765/481/1
f 762/477/1 764/943/1 63/173/1
f 762/477/1 763/476/1 764/943/1
f 763/476/1 119/941/1 764/943/1
f 761/474/1 543/206/1 169/415/1
f 761/474/1 755/465/1 543/206/1
f 755/465/1 57/204/1 543/206/1
f 760/471/1 761/474/1 169/415/1
f 760/471/1 522/473/1 761/474/1
f 522/473/1 254/463/1 761/474/1
f 759/472/1 720/417/1 7/1065/1
f 759/472/1 760/471/1 720/417/1
f 760/471/1 169/415/1 720/417/1
f 757/469/1 525/189/1 256/456/1
f 757/469/1 758/468/1 525/189/1
f 758/468/1 61/180/1 525/189/1
f 756/464/1 757/469/1 256/456/1
f 756/464/1 524/466/1 757/469/1
f 524/466/1 255/467/1 757/469/1
f 755/465/1 750/458/1 57/204/1
f 755/465/1 756/464/1 750/458/1
f 756/464/1 256/456/1 750/458/1
f 753/462/1 310/19/1 113/972/1
f 753/462/1 754/461/1 310/19/1
f 754/461/1 25/17/1 310/19/1
f 751/457/1 753/462/1 113/972/1
f 751/457/1 526/459/1 753/462/1
f 526/459/1 117/460/1 753/462/1
f 750/458/1 752/974/1 57/204/1
f 750/458/1 751/457/1 752/974/1
f 751/457/1 113/972/1 752/974/1
f 748/455/1 749/1074/1 105/1075/1
f 748/455/1 742/446/1 749/1074/1
f 742/446/1 49/1076/1 749/1074/1
f 746/452/1 748/455/1 105/1075/1
f 746/452/1 529/454/1 748/455/1
f 529/454/1 257/444/1 748/455/1
f 734/453/1 747/1077/1 17/1078/1
f 734/453/1 746/452/1 747/1077/1
f 746/452/1 105/1075/1 747/1077/1
f 744/450/1 532/196/1 259/437/1
f 744/450/1 745/449/1 532/196/1
f 745/449/1 27/194/1 532/196/1
f 743/445/1 744/450/1 259/437/1
f 743/445/1 531/447/1 744/450/1
f 531/447/1 258/448/1 744/450/1
f 742/446/1 736/439/1 49/1076/1
f 742/446/1 743/445/1 736/439/1
f 743/445/1 259/437/1 736/439/1
f 739/443/1 741/1079/1 161/1080/1
f 739/443/1 740/442/1 741/1079/1
f 740/442/1 2/1081/1 741/1079/1
f 737/438/1 739/443/1 161/1080/1
f 737/438/1 534/440/1 739/443/1
f 534/440/1 83/441/1 739/443/1
f 736/439/1 738/1082/1 49/1076/1
f 736/439/1 737/438/1 738/1082/1
f 737/438/1 161/1080/1 738/1082/1
f 735/436/1 527/192/1 172/451/1
f 735/436/1 729/429/1 527/192/1
f 729/429/1 60/190/1 527/192/1
f 733/434/1 735/436/1 172/451/1
f 733/434/1 537/435/1 735/436/1
f 537/435/1 260/427/1 735/436/1
f 714/406/1 734/453/1 17/1078/1
f 714/406/1 733/434/1 734/453/1
f 733/434/1 172/451/1 734/453/1
f 731/433/1 540/203/1 262/420/1
f 731/433/1 732/432/1 540/203/1
f 732/432/1 59/201/1 540/203/1
f 730/428/1 731/433/1 262/420/1
f 730/428/1 539/430/1 731/433/1
f 539/430/1 261/431/1 731/433/1
f 729/429/1 725/422/1 60/190/1
f 729/429/1 730/428/1 725/422/1
f 730/428/1 262/420/1 725/422/1
f 728/426/1 315/23/1 116/958/1
f 728/426/1 701/425/1 315/23/1
f 701/425/1 11/21/1 315/23/1
f 726/421/1 728/426/1 116/958/1
f 726/421/1 542/423/1 728/426/1
f 542/423/1 115/424/1 728/426/1
f 725/422/1 727/960/1 60/190/1
f 725/422/1 726/421/1 727/960/1
f 726/421/1 116/958/1 727/960/1
f 723/419/1 724/1083/1 89/1084/1
f 723/419/1 716/410/1 724/1083/1
f 716/410/1 33/1085/1 724/1083/1
f 721/416/1 723/419/1 89/1084/1
f 721/416/1 545/418/1 723/419/1
f 545/418/1 263/408/1 723/419/1
f 720/417/1 722/1086/1 7/1065/1
f 720/417/1 721/416/1 722/1086/1
f 721/416/1 89/1084/1 722/1086/1
f 718/414/1 548/208/1 265/401/1
f 718/414/1 719/413/1 548/208/1
f 719/413/1 58/197/1 548/208/1
f 717/409/1 718/414/1 265/401/1
f 717/409/1 547/411/1 718/414/1
f 547/411/1 264/412/1 718/414/1
f 716/410/1 710/403/1 33/1085/1
f 716/410/1 717/409/1 710/403/1
f 717/409/1 265/401/1 710/403/1
f 713/407/1 715/1087/1 145/1088/1
f 713/407/1 714/406/1 715/1087/1
f 714/406/1 17/1078/1 715/1087/1
f 711/402/1 713/407/1 145/1088/1
f 711/402/1 549/404/1 713/407/1
f 549/404/1 114/405/1 713/407/1
f 710/403/1 712/1089/1 33/1085/1
f 710/403/1 711/402/1 712/1089/1
f 711/402/1 145/1088/1 712/1089/1
f 708/400/1 709/970/1 171/969/1
f 708/400/1 702/391/1 709/970/1
f 702/391/1 59/201/1 709/970/1
f 707/397/1 708/400/1 171/969/1
f 707/397/1 552/399/1 708/400/1
f 552/399/1 266/389/1 708/400/1
f 706/398/1 313/20/1 25/17/1
f 706/398/1 707/397/1 313/20/1
f 707/397/1 171/969/1 313/20/1
f 704/395/1 555/215/1 268/382/1
f 704/395/1 705/394/1 555/215/1
f 705/394/1 43/213/1 555/215/1
f 703/390/1 704/395/1 268/382/1
f 703/390/1 554/392/1 704/395/1
f 554/392/1 267/393/1 704/395/1
f 702/391/1 697/384/1 59/201/1
f 702/391/1 703/390/1 697/384/1
f 703/390/1 268/382/1 697/384/1
f 699/388/1 701/425/1 115/424/1
f 699/388/1 700/387/1 701/425/1
f 700/387/1 11/21/1 701/425/1
f 698/383/1 699/388/1 115/424/1
f 698/383/1 557/385/1 699/388/1
f 557/385/1 99/386/1 699/388/1
f 697/384/1 541/202/1 59/201/1
f 697/384/1 698/383/1 541/202/1
f 698/383/1 115/424/1 541/202/1
f 695/381/1 696/953/1 174/952/1
f 695/381/1 690/374/1 696/953/1
f 690/374/1 62/184/1 696/953/1
f 694/379/1 695/381/1 174/952/1
f 694/379/1 560/380/1 695/381/1
f 560/380/1 269/372/1 695/381/1
f 676/353/1 321/27/1 23/24/1
f 676/353/1 694/379/1 321/27/1
f 694/379/1 174/952/1 321/27/1
f 692/378/1 563/222/1 271/365/1
f 692/378/1 693/377/1 563/222/1
f 693/377/1 56/220/1 563/222/1
f 691/373/1 692/378/1 271/365/1
f 691/373/1 562/375/1 692/378/1
f 562/375/1 270/376/1 692/378/1
f 690/374/1 685/367/1 62/184/1
f 690/374/1 691/373/1 685/367/1
f 691/373/1 271/365/1 685/367/1
f 687/371/1 689/480/1 118/479/1
f 687/371/1 688/370/1 689/480/1
f 688/370/1 24/28/1 689/480/1
f 686/366/1 687/371/1 118/479/1
f 686/366/1 565/368/1 687/371/1
f 565/368/1 112/369/1 687/371/1
f 685/367/1 519/185/1 62/184/1
f 685/367/1 686/366/1 519/185/1
f 686/366/1 118/479/1 519/185/1
f 683/364/1 684/936/1 177/935/1
f 683/364/1 678/357/1 684/936/1
f 678/357/1 65/167/1 684/936/1
f 682/362/1 683/364/1 177/935/1
f 682/362/1 568/363/1 683/364/1
f 568/363/1 272/355/1 683/364/1
f 663/334/1 329/34/1 19/31/1
f 663/334/1 682/362/1 329/34/1
f 682/362/1 177/935/1 329/34/1
f 680/361/1 571/227/1 274/348/1
f 680/361/1 681/360/1 571/227/1
f 681/360/1 55/216/1 571/227/1
f 679/356/1 680/361/1 274/348/1
f 679/356/1 570/358/1 680/361/1
f 570/358/1 273/359/1 680/361/1
f 678/357/1 673/350/1 65/167/1
f 678/357/1 679/356/1 673/350/1
f 679/356/1 274/348/1 673/350/1
f 675/354/1 677/535/1 121/534/1
f 675/354/1 676/353/1 677/535/1
f 676/353/1 23/24/1 677/535/1
f 674/349/1 675/354/1 121/534/1
f 674/349/1 572/351/1 675/354/1
f 572/351/1 111/352/1 675/354/1
f 673/350/1 497/168/1 65/167/1
f 673/350/1 674/349/1 497/168/1
f 674/349/1 121/534/1 497/168/1
f 671/347/1 672/917/1 180/916/1
f 671/347/1 665/338/1 672/917/1
f 665/338/1 68/148/1 672/917/1
f 670/344/1 671/347/1 180/916/1
f 670/344/1 575/346/1 671/347/1
f 575/346/1 275/336/1 671/347/1
f 669/345/1 336/39/1 22/36/1
f 669/345/1 670/344/1 336/39/1
f 670/344/1 180/916/1 336/39/1
f 667/342/1 578/232/1 277/329/1
f 667/342/1 668/341/1 578/232/1
f 668/341/1 35/223/1 578/232/1
f 666/337/1 667/342/1 277/329/1
f 666/337/1 577/339/1 667/342/1
f 577/339/1 276/340/1 667/342/1
f 665/338/1 660/331/1 68/148/1
f 665/338/1 666/337/1 660/331/1
f 666/337/1 277/329/1 660/331/1
f 662/335/1 664/588/1 124/587/1
f 662/335/1 663/334/1 664/588/1
f 663/334/1 19/31/1 664/588/1
f 661/330/1 662/335/1 124/587/1
f 661/330/1 579/332/1 662/335/1
f 579/332/1 147/333/1 662/335/1
f 660/331/1 474/149/1 68/148/1
f 660/331/1 661/330/1 474/149/1
f 661/330/1 124/587/1 474/149/1
f 658/328/1 659/900/1 183/899/1
f 658/328/1 653/321/1 659/900/1
f 653/321/1 71/131/1 659/900/1
f 657/326/1 658/328/1 183/899/1
f 657/326/1 582/327/1 658/328/1
f 582/327/1 278/319/1 658/328/1
f 626/281/1 343/44/1 20/41/1
f 626/281/1 657/326/1 343/44/1
f 657/326/1 183/899/1 343/44/1
f 655/325/1 585/239/1 280/312/1
f 655/325/1 656/324/1 585/239/1
f 656/324/1 53/237/1 585/239/1
f 654/320/1 655/325/1 280/312/1
f 654/320/1 584/322/1 655/325/1
f 584/322/1 279/323/1 655/325/1
f 653/321/1 648/314/1 71/131/1
f 653/321/1 654/320/1 648/314/1
f 654/320/1 280/312/1 648/314/1
f 650/318/1 652/641/1 127/640/1
f 650/318/1 651/317/1 652/641/1
f 651/317/1 21/45/1 652/641/1
f 649/313/1 650/318/1 127/640/1
f 649/313/1 587/315/1 650/318/1
f 587/315/1 109/316/1 650/318/1
f 648/314/1 452/132/1 71/131/1
f 648/314/1 649/313/1 452/132/1
f 649/313/1 127/640/1 452/132/1
f 646/311/1 647/881/1 186/880/1
f 646/311/1 640/302/1 647/881/1
f 640/302/1 74/112/1 647/881/1
f 645/308/1 646/311/1 186/880/1
f 645/308/1 590/310/1 646/311/1
f 590/310/1 281/300/1 646/311/1
f 644/309/1 351/51/1 10/48/1
f 644/309/1 645/308/1 351/51/1
f 645/308/1 186/880/1 351/51/1
f 642/306/1 593/246/1 283/295/1
f 642/306/1 643/305/1 593/246/1
f 643/305/1 30/244/1 593/246/1
f 641/301/1 642/306/1 283/295/1
f 641/301/1 592/303/1 642/306/1
f 592/303/1 282/304/1 642/306/1
f 640/302/1 636/297/1 74/112/1
f 640/302/1 641/301/1 636/297/1
f 641/301/1 283/295/1 636/297/1
f 638/299/1 639/696/1 130/695/1
f 638/299/1 619/273/1 639/696/1
f 619/273/1 14/52/1 639/696/1
f 637/296/1 638/299/1 130/695/1
f 637/296/1 595/298/1 638/299/1
f 595/298/1 142/271/1 638/299/1
f 636/297/1 429/113/1 74/112/1
f 636/297/1 637/296/1 429/113/1
f 637/296/1 130/695/1 429/113/1
f 634/294/1 635/864/1 189/863/1
f 634/294/1 628/285/1 635/864/1
f 628/285/1 77/95/1 635/864/1
f 633/291/1 634/294/1 189/863/1
f 633/291/1 598/293/1 634/294/1
f 598/293/1 284/283/1 634/294/1
f 632/292/1 359/58/1 15/55/1
f 632/292/1 633/291/1 359/58/1
f 633/291/1 189/863/1 359/58/1
f 630/289/1 601/251/1 286/276/1
f 630/289/1 631/288/1 601/251/1
f 631/288/1 52/233/1 601/251/1
f 629/284/1 630/289/1 286/276/1
f 629/284/1 600/286/1 630/289/1
f 600/286/1 285/287/1 630/289/1
f 628/285/1 623/278/1 77/95/1
f 628/285/1 629/284/1 623/278/1
f 629/284/1 286/276/1 623/278/1
f 625/282/1 627/751/1 133/750/1
f 625/282/1 626/281/1 627/751/1
f 626/281/1 20/41/1 627/751/1
f 624/277/1 625/282/1 133/750/1
f 624/277/1 602/279/1 625/282/1
f 602/279/1 108/280/1 625/282/1
f 623/278/1 407/96/1 77/95/1
f 623/278/1 624/277/1 407/96/1
f 624/277/1 133/750/1 407/96/1
f 621/275/1 622/845/1 192/844/1
f 621/275/1 615/266/1 622/845/1
f 615/266/1 80/76/1 622/845/1
f 620/272/1 621/275/1 192/844/1
f 620/272/1 604/274/1 621/275/1
f 604/274/1 287/264/1 621/275/1
f 619/273/1 365/61/1 14/52/1
f 619/273/1 620/272/1 365/61/1
f 620/272/1 192/844/1 365/61/1
f 617/270/1 607/256/1 289/257/1
f 617/270/1 618/269/1 607/256/1
f 618/269/1 48/254/1 607/256/1
f 616/265/1 617/270/1 289/257/1
f 616/265/1 606/267/1 617/270/1
f 606/267/1 288/268/1 617/270/1
f 615/266/1 610/259/1 80/76/1
f 615/266/1 616/265/1 610/259/1
f 616/265/1 289/257/1 610/259/1
f 612/263/1 614/802/1 136/801/1
f 612/263/1 613/262/1 614/802/1
f 613/262/1 16/62/1 614/802/1
f 611/258/1 612/263/1 136/801/1
f 611/258/1 609/260/1 612/263/1
f 609/260/1 104/261/1 612/263/1
f 610/259/1 384/77/1 80/76/1
f 610/259/1 611/258/1 384/77/1
f 611/258/1 136/801/1 384/77/1
f 607/256/1 609/260/1 289/257/1
f 607/256/1 608/255/1 609/260/1
f 608/255/1 104/261/1 609/260/1
f 603/252/1 606/267/1 287/264/1
f 603/252/1 605/253/1 606/267/1
f 605/253/1 288/268/1 606/267/1
f 594/245/1 604/274/1 142/271/1
f 594/245/1 603/252/1 604/274/1
f 603/252/1 287/264/1 604/274/1
f 601/251/1 602/279/1 286/276/1
f 601/251/1 580/235/1 602/279/1
f 580/235/1 108/280/1 602/279/1
f 597/248/1 600/286/1 284/283/1
f 597/248/1 599/250/1 600/286/1
f 599/250/1 285/287/1 600/286/1
f 596/249/1 598/293/1 143/290/1
f 596/249/1 597/248/1 598/293/1
f 597/248/1 284/283/1 598/293/1
f 593/246/1 595/298/1 283/295/1
f 593/246/1 594/245/1 595/298/1
f 594/245/1 142/271/1 595/298/1
f 589/241/1 592/303/1 281/300/1
f 589/241/1 591/243/1 592/303/1
f 591/243/1 282/304/1 592/303/1
f 588/242/1 590/310/1 138/307/1
f 588/242/1 589/241/1 590/310/1
f 589/241/1 281/300/1 590/310/1
f 585/239/1 587/315/1 280/312/1
f 585/239/1 586/238/1 587/315/1
f 586/238/1 109/316/1 587/315/1
f 581/234/1 584/322/1 278/319/1
f 581/234/1 583/236/1 584/322/1
f 583/236/1 279/323/1 584/322/1
f 580/235/1 582/327/1 108/280/1
f 580/235/1 581/234/1 582/327/1
f 581/234/1 278/319/1 582/327/1
f 578/232/1 579/332/1 277/329/1
f 578/232/1 566/225/1 579/332/1
f 566/225/1 147/333/1 579/332/1
f 574/229/1 577/339/1 275/336/1
f 574/229/1 576/231/1 577/339/1
f 576/231/1 276/340/1 577/339/1
f 573/230/1 575/346/1 150/343/1
f 573/230/1 574/229/1 575/346/1
f 574/229/1 275/336/1 575/346/1
f 571/227/1 572/351/1 274/348/1
f 571/227/1 558/218/1 572/351/1
f 558/218/1 111/352/1 572/351/1
f 567/224/1 570/358/1 272/355/1
f 567/224/1 569/226/1 570/358/1
f 569/226/1 273/359/1 570/358/1
f 566/225/1 568/363/1 147/333/1
f 566/225/1 567/224/1 568/363/1
f 567/224/1 272/355/1 568/363/1
f 563/222/1 565/368/1 271/365/1
f 563/222/1 564/221/1 565/368/1
f 564/221/1 112/369/1 565/368/1
f 559/217/1 562/375/1 269/372/1
f 559/217/1 561/219/1 562/375/1
f 561/219/1 270/376/1 562/375/1
f 558/218/1 560/380/1 111/352/1
f 558/218/1 559/217/1 560/380/1
f 559/217/1 269/372/1 560/380/1
f 555/215/1 557/385/1 268/382/1
f 555/215/1 556/214/1 557/385/1
f 556/214/1 99/386/1 557/385/1
f 551/210/1 554/392/1 266/389/1
f 551/210/1 553/212/1 554/392/1
f 553/212/1 267/393/1 554/392/1
f 550/211/1 552/399/1 153/396/1
f 550/211/1 551/210/1 552/399/1
f 551/210/1 266/389/1 552/399/1
f 548/208/1 549/404/1 265/401/1
f 548/208/1 535/199/1 549/404/1
f 535/199/1 114/405/1 549/404/1
f 544/205/1 547/411/1 263/408/1
f 544/205/1 546/207/1 547/411/1
f 546/207/1 264/412/1 547/411/1
f 543/206/1 545/418/1 169/415/1
f 543/206/1 544/205/1 545/418/1
f 544/205/1 263/408/1 545/418/1
f 540/203/1 542/423/1 262/420/1
f 540/203/1 541/202/1 542/423/1
f 541/202/1 115/424/1 542/423/1
f 536/198/1 539/430/1 260/427/1
f 536/198/1 538/200/1 539/430/1
f 538/200/1 261/431/1 539/430/1
f 535/199/1 537/435/1 114/405/1
f 535/199/1 536/198/1 537/435/1
f 536/198/1 260/427/1 537/435/1
f 532/196/1 534/440/1 259/437/1
f 532/196/1 533/195/1 534/440/1
f 533/195/1 83/441/1 534/440/1
f 528/191/1 531/447/1 257/444/1
f 528/191/1 530/193/1 531/447/1
f 530/193/1 258/448/1 531/447/1
f 527/192/1 529/454/1 172/451/1
f 527/192/1 528/191/1 529/454/1
f 528/191/1 257/444/1 529/454/1
f 525/189/1 526/459/1 256/456/1
f 525/189/1 513/182/1 526/459/1
f 513/182/1 117/460/1 526/459/1
f 521/187/1 524/466/1 254/463/1
f 521/187/1 523/188/1 524/466/1
f 523/188/1 255/467/1 524/466/1
f 489/161/1 522/473/1 95/470/1
f 489/161/1 521/187/1 522/473/1
f 521/187/1 254/463/1 522/473/1
f 518/186/1 520/478/1 253/475/1
f 518/186/1 519/185/1 520/478/1
f 519/185/1 118/479/1 520/478/1
f 514/181/1 517/485/1 251/482/1
f 514/181/1 516/183/1 517/485/1
f 516/183/1 252/486/1 517/485/1
f 513/182/1 515/490/1 117/460/1
f 513/182/1 514/181/1 515/490/1
f 514/181/1 251/482/1 515/490/1
f 510/179/1 512/495/1 250/492/1
f 510/179/1 511/178/1 512/495/1
f 511/178/1 96/496/1 512/495/1
f 506/174/1 509/502/1 248/499/1
f 506/174/1 508/176/1 509/502/1
f 508/176/1 249/503/1 509/502/1
f 505/175/1 507/509/1 175/506/1
f 505/175/1 506/174/1 507/509/1
f 506/174/1 248/499/1 507/509/1
f 503/172/1 504/514/1 247/511/1
f 503/172/1 491/165/1 504/514/1
f 491/165/1 120/515/1 504/514/1
f 499/170/1 502/521/1 245/518/1
f 499/170/1 501/171/1 502/521/1
f 501/171/1 246/522/1 502/521/1
f 466/142/1 500/528/1 163/525/1
f 466/142/1 499/170/1 500/528/1
f 499/170/1 245/518/1 500/528/1
f 496/169/1 498/533/1 244/530/1
f 496/169/1 497/168/1 498/533/1
f 497/168/1 121/534/1 498/533/1
f 492/164/1 495/540/1 242/537/1
f 492/164/1 494/166/1 495/540/1
f 494/166/1 243/541/1 495/540/1
f 491/165/1 493/545/1 120/515/1
f 491/165/1 492/164/1 493/545/1
f 492/164/1 242/537/1 493/545/1
f 488/162/1 490/550/1 241/547/1
f 488/162/1 489/161/1 490/550/1
f 489/161/1 95/470/1 490/550/1
f 484/157/1 487/555/1 239/552/1
f 484/157/1 486/159/1 487/555/1
f 486/159/1 240/556/1 487/555/1
f 483/158/1 485/562/1 178/559/1
f 483/158/1 484/157/1 485/562/1
f 484/157/1 239/552/1 485/562/1
f 481/155/1 482/567/1 238/564/1
f 481/155/1 468/146/1 482/567/1
f 468/146/1 123/568/1 482/567/1
f 477/152/1 480/574/1 236/571/1
f 477/152/1 479/154/1 480/574/1
f 479/154/1 237/575/1 480/574/1
f 476/153/1 478/581/1 166/578/1
f 476/153/1 477/152/1 478/581/1
f 477/152/1 236/571/1 478/581/1
f 473/150/1 475/586/1 235/583/1
f 473/150/1 474/149/1 475/586/1
f 474/149/1 124/587/1 475/586/1
f 469/145/1 472/593/1 233/590/1
f 469/145/1 471/147/1 472/593/1
f 471/147/1 234/594/1 472/593/1
f 468/146/1 470/598/1 123/568/1
f 468/146/1 469/145/1 470/598/1
f 469/145/1 233/590/1 470/598/1
f 465/143/1 467/603/1 232/600/1
f 465/143/1 466/142/1 467/603/1
f 466/142/1 163/525/1 467/603/1
f 461/138/1 464/608/1 230/605/1
f 461/138/1 463/140/1 464/608/1
f 463/140/1 231/609/1 464/608/1
f 460/139/1 462/615/1 181/612/1
f 460/139/1 461/138/1 462/615/1
f 461/138/1 230/605/1 462/615/1
f 458/136/1 459/620/1 229/617/1
f 458/136/1 446/129/1 459/620/1
f 446/129/1 126/621/1 459/620/1
f 454/134/1 457/627/1 227/624/1
f 454/134/1 456/135/1 457/627/1
f 456/135/1 228/628/1 457/627/1
f 399/89/1 455/634/1 92/631/1
f 399/89/1 454/134/1 455/634/1
f 454/134/1 227/624/1 455/634/1
f 451/133/1 453/639/1 226/636/1
f 451/133/1 452/132/1 453/639/1
f 452/132/1 127/640/1 453/639/1
f 447/128/1 450/646/1 224/643/1
f 447/128/1 449/130/1 450/646/1
f 449/130/1 225/647/1 450/646/1
f 446/129/1 448/651/1 126/621/1
f 446/129/1 447/128/1 448/651/1
f 447/128/1 224/643/1 448/651/1
f 443/126/1 445/656/1 223/653/1
f 443/126/1 444/125/1 445/656/1
f 444/125/1 93/657/1 445/656/1
f 439/121/1 442/663/1 221/660/1
f 439/121/1 441/123/1 442/663/1
f 441/123/1 222/664/1 442/663/1
f 438/122/1 440/670/1 184/667/1
f 438/122/1 439/121/1 440/670/1
f 439/121/1 221/660/1 440/670/1
f 436/119/1 437/675/1 220/672/1
f 436/119/1 423/110/1 437/675/1
f 423/110/1 129/676/1 437/675/1
f 432/116/1 435/682/1 218/679/1
f 432/116/1 434/118/1 435/682/1
f 434/118/1 219/683/1 435/682/1
f 431/117/1 433/689/1 154/686/1
f 431/117/1 432/116/1 433/689/1
f 432/116/1 218/679/1 433/689/1
f 428/114/1 430/694/1 217/691/1
f 428/114/1 429/113/1 430/694/1
f 429/113/1 130/695/1 430/694/1
f 424/109/1 427/701/1 215/698/1
f 424/109/1 426/111/1 427/701/1
f 426/111/1 216/702/1 427/701/1
f 423/110/1 425/706/1 129/676/1
f 423/110/1 424/109/1 425/706/1
f 424/109/1 215/698/1 425/706/1
f 421/107/1 422/711/1 214/708/1
f 421/107/1 386/81/1 422/711/1
f 386/81/1 158/712/1 422/711/1
f 417/104/1 420/718/1 212/715/1
f 417/104/1 419/106/1 420/718/1
f 419/106/1 213/719/1 420/718/1
f 416/105/1 418/725/1 187/722/1
f 416/105/1 417/104/1 418/725/1
f 417/104/1 212/715/1 418/725/1
f 414/102/1 415/730/1 211/727/1
f 414/102/1 401/93/1 415/730/1
f 401/93/1 132/731/1 415/730/1
f 410/99/1 413/737/1 209/734/1
f 410/99/1 412/101/1 413/737/1
f 412/101/1 210/738/1 413/737/1
f 409/100/1 411/744/1 159/741/1
f 409/100/1 410/99/1 411/744/1
f 410/99/1 209/734/1 411/744/1
f 406/97/1 408/749/1 208/746/1
f 406/97/1 407/96/1 408/749/1
f 407/96/1 133/750/1 408/749/1
f 402/92/1 405/756/1 206/753/1
f 402/92/1 404/94/1 405/756/1
f 404/94/1 207/757/1 405/756/1
f 401/93/1 403/761/1 132/731/1
f 401/93/1 402/92/1 403/761/1
f 402/92/1 206/753/1 403/761/1
f 398/90/1 400/766/1 205/763/1
f 398/90/1 399/89/1 400/766/1
f 399/89/1 92/631/1 400/766/1
f 394/85/1 397/771/1 203/768/1
f 394/85/1 396/87/1 397/771/1
f 396/87/1 204/772/1 397/771/1
f 393/86/1 395/778/1 190/775/1
f 393/86/1 394/85/1 395/778/1
f 394/85/1 203/768/1 395/778/1
f 391/83/1 392/783/1 202/780/1
f 391/83/1 378/74/1 392/783/1
f 378/74/1 135/784/1 392/783/1
f 387/80/1 390/790/1 200/787/1
f 387/80/1 389/82/1 390/790/1
f 389/82/1 201/791/1 390/790/1
f 386/81/1 388/795/1 158/712/1
f 386/81/1 387/80/1 388/795/1
f 387/80/1 200/787/1 388/795/1
f 383/78/1 385/800/1 199/797/1
f 383/78/1 384/77/1 385/800/1
f 384/77/1 136/801/1 385/800/1
f 379/73/1 382/807/1 197/804/1
f 379/73/1 381/75/1 382/807/1
f 381/75/1 198/808/1 382/807/1
f 378/74/1 380/812/1 135/784/1
f 378/74/1 379/73/1 380/812/1
f 379/73/1 197/804/1 380/812/1
f 375/71/1 377/817/1 196/814/1
f 375/71/1 376/70/1 377/817/1
f 376/70/1 88/818/1 377/817/1
f 371/66/1 374/824/1 194/821/1
f 371/66/1 373/68/1 374/824/1
f 373/68/1 195/825/1 374/824/1
f 370/67/1 372/831/1 193/828/1
f 370/67/1 371/66/1 372/831/1
f 371/66/1 194/821/1 372/831/1
f 367/64/1 369/836/1 137/833/1
f 367/64/1 368/63/1 369/836/1
f 368/63/1 144/837/1 369/836/1
f 363/60/1 366/843/1 191/840/1
f 363/60/1 365/61/1 366/843/1
f 365/61/1 192/844/1 366/843/1
f 354/53/1 364/850/1 102/847/1
f 354/53/1 363/60/1 364/850/1
f 363/60/1 191/840/1 364/850/1
f 361/59/1 362/855/1 134/852/1
f 361/59/1 340/43/1 362/855/1
f 340/43/1 148/856/1 362/855/1
f 357/56/1 360/862/1 188/859/1
f 357/56/1 359/58/1 360/862/1
f 359/58/1 189/863/1 360/862/1
f 356/57/1 358/869/1 103/866/1
f 356/57/1 357/56/1 358/869/1
f 357/56/1 188/859/1 358/869/1
f 353/54/1 355/874/1 131/871/1
f 353/54/1 354/53/1 355/874/1
f 354/53/1 102/847/1 355/874/1
f 349/49/1 352/879/1 185/876/1
f 349/49/1 351/51/1 352/879/1
f 351/51/1 186/880/1 352/879/1
f 348/50/1 350/886/1 98/883/1
f 348/50/1 349/49/1 350/886/1
f 349/49/1 185/876/1 350/886/1
f 345/47/1 347/891/1 128/888/1
f 345/47/1 346/46/1 347/891/1
f 346/46/1 149/892/1 347/891/1
f 341/42/1 344/898/1 182/895/1
f 341/42/1 343/44/1 344/898/1
f 343/44/1 183/899/1 344/898/1
f 340/43/1 342/903/1 148/856/1
f 340/43/1 341/42/1 342/903/1
f 341/42/1 182/895/1 342/903/1
f 338/40/1 339/908/1 125/905/1
f 338/40/1 326/33/1 339/908/1
f 326/33/1 107/909/1 339/908/1
f 334/37/1 337/915/1 179/912/1
f 334/37/1 336/39/1 337/915/1
f 336/39/1 180/916/1 337/915/1
f 333/38/1 335/922/1 110/919/1
f 333/38/1 334/37/1 335/922/1
f 334/37/1 179/912/1 335/922/1
f 331/35/1 332/927/1 122/924/1
f 331/35/1 318/26/1 332/927/1
f 318/26/1 151/928/1 332/927/1
f 327/32/1 330/934/1 176/931/1
f 327/32/1 329/34/1 330/934/1
f 329/34/1 177/935/1 330/934/1
f 326/33/1 328/939/1 107/909/1
f 326/33/1 327/32/1 328/939/1
f 327/32/1 176/931/1 328/939/1
f 323/30/1 325/944/1 119/941/1
f 323/30/1 324/29/1 325/944/1
f 324/29/1 152/945/1 325/944/1
f 319/25/1 322/951/1 173/948/1
f 319/25/1 321/27/1 322/951/1
f 321/27/1 174/952/1 322/951/1
f 318/26/1 320/956/1 151/928/1
f 318/26/1 319/25/1 320/956/1
f 319/25/1 173/948/1 320/956/1
f 315/23/1 317/961/1 116/958/1
f 315/23/1 316/22/1 317/961/1
f 316/22/1 139/962/1 317/961/1
f 311/18/1 314/968/1 170/965/1
f 311/18/1 313/20/1 314/968/1
f 313/20/1 171/969/1 314/968/1
f 310/19/1 312/975/1 113/972/1
f 310/19/1 311/18/1 312/975/1
f 311/18/1 170/965/1 312/975/1
f 307/16/1 309/980/1 97/977/1
f 307/16/1 308/15/1 309/980/1
f 308/15/1 155/981/1 309/980/1
f 303/12/1 306/987/1 167/984/1
f 303/12/1 305/13/1 306/987/1
f 305/13/1 168/988/1 306/987/1
f 301/10/1 304/994/1 91/991/1
f 301/10/1 303/12/1 304/994/1
f 303/12/1 167/984/1 304/994/1
f 300/11/1 302/999/1 94/996/1
f 300/11/1 301/10/1 302/999/1
f 301/10/1 91/991/1 302/999/1
f 294/5/1 299/1004/1 164/1001/1
f 294/5/1 298/8/1 299/1004/1
f 298/8/1 165/1005/1 299/1004/1
f 296/7/1 297/1011/1 82/1008/1
f 296/7/1 290/3/1 297/1011/1
f 290/3/1 86/1012/1 297/1011/1
f 293/6/1 295/1018/1 87/1015/1
f 293/6/1 294/5/1 295/1018/1
f 294/5/1 164/1001/1 295/1018/1
f 290/3/1 292/1021/1 86/1012/1
f 290/3/1 291/2/1 292/1021/1
f 291/2/1 160/1022/1 292/1021/1
