# Blender 4.4.3
# www.blender.org
o square64x64
v -1.000000 0.000000 1.000000
v 1.000000 0.000000 1.000000
v -1.000000 -0.000000 -1.000000
v 1.000000 -0.000000 -1.000000
v -1.000000 0.000000 0.000000
v 0.000000 0.000000 1.000000
v 1.000000 0.000000 0.000000
v 0.000000 -0.000000 -1.000000
v 0.000000 0.000000 0.000000
v -1.000000 0.000000 0.500000
v 0.500000 0.000000 1.000000
v 1.000000 -0.000000 -0.500000
v -0.500000 -0.000000 -1.000000
v -0.500000 0.000000 0.500000
v -1.000000 -0.000000 -0.500000
v -0.500000 0.000000 1.000000
v 1.000000 0.000000 0.500000
v 0.500000 -0.000000 -1.000000
v 0.500000 -0.000000 -0.500000
v -0.500000 -0.000000 -0.500000
v -0.500000 0.000000 0.000000
v 0.000000 -0.000000 -0.500000
v 0.500000 0.000000 0.000000
v 0.000000 0.000000 0.500000
v 0.500000 0.000000 0.500000
v -1.000000 0.000000 0.750000
v 0.750000 0.000000 1.000000
v 1.000000 -0.000000 -0.750000
v -0.750000 -0.000000 -1.000000
v -0.750000 0.000000 0.750000
v -1.000000 -0.000000 -0.250000
v -0.250000 0.000000 1.000000
v 1.000000 0.000000 0.250000
v 0.250000 -0.000000 -1.000000
v 0.250000 -0.000000 -0.250000
v -0.250000 -0.000000 -0.750000
v -0.250000 0.000000 0.000000
v 0.000000 -0.000000 -0.250000
v 0.750000 0.000000 0.000000
v 0.000000 0.000000 0.750000
v 0.250000 0.000000 0.750000
v -1.000000 0.000000 0.250000
v 0.250000 0.000000 1.000000
v 1.000000 -0.000000 -0.250000
v -0.250000 -0.000000 -1.000000
v -0.250000 0.000000 0.250000
v -1.000000 -0.000000 -0.750000
v -0.750000 0.000000 1.000000
v 1.000000 0.000000 0.750000
v 0.750000 -0.000000 -1.000000
v 0.750000 -0.000000 -0.750000
v -0.750000 -0.000000 -0.250000
v -0.750000 0.000000 0.000000
v 0.000000 -0.000000 -0.750000
v 0.250000 0.000000 0.000000
v 0.000000 0.000000 0.250000
v 0.750000 0.000000 0.250000
v 0.750000 0.000000 0.500000
v 0.500000 0.000000 0.750000
v 0.750000 0.000000 0.750000
v 0.500000 0.000000 0.250000
v 0.250000 0.000000 0.250000
v 0.250000 0.000000 0.500000
v 0.750000 -0.000000 -0.500000
v 0.500000 -0.000000 -0.250000
v 0.750000 -0.000000 -0.250000
v 0.250000 -0.000000 -0.750000
v 0.250000 -0.000000 -0.500000
v 0.500000 -0.000000 -0.750000
v -0.250000 -0.000000 -0.500000
v -0.500000 -0.000000 -0.250000
v -0.250000 -0.000000 -0.250000
v -0.750000 0.000000 0.250000
v -0.750000 0.000000 0.500000
v -0.500000 0.000000 0.250000
v -0.750000 -0.000000 -0.750000
v -0.750000 -0.000000 -0.500000
v -0.500000 -0.000000 -0.750000
v -0.250000 0.000000 0.500000
v -0.500000 0.000000 0.750000
v -0.250000 0.000000 0.750000
v -1.000000 0.000000 0.875000
v 0.875000 0.000000 1.000000
v 1.000000 -0.000000 -0.875000
v -0.875000 -0.000000 -1.000000
v -0.875000 0.000000 0.875000
v -1.000000 -0.000000 -0.125000
v -0.125000 0.000000 1.000000
v 1.000000 0.000000 0.125000
v 0.125000 -0.000000 -1.000000
v 0.125000 -0.000000 -0.125000
v -0.125000 -0.000000 -0.875000
v -0.125000 0.000000 0.000000
v 0.000000 -0.000000 -0.125000
v 0.875000 0.000000 0.000000
v 0.000000 0.000000 0.875000
v 0.125000 0.000000 0.875000
v -1.000000 0.000000 0.375000
v 0.375000 0.000000 1.000000
v 1.000000 -0.000000 -0.375000
v -0.375000 -0.000000 -1.000000
v -0.375000 0.000000 0.375000
v -1.000000 -0.000000 -0.625000
v -0.625000 0.000000 1.000000
v 1.000000 0.000000 0.625000
v 0.625000 -0.000000 -1.000000
v 0.625000 -0.000000 -0.625000
v -0.625000 -0.000000 -0.375000
v -0.625000 0.000000 0.000000
v 0.000000 -0.000000 -0.625000
v 0.375000 0.000000 0.000000
v 0.000000 0.000000 0.375000
v 0.625000 0.000000 0.375000
v 0.875000 0.000000 0.500000
v 0.500000 0.000000 0.875000
v 0.625000 0.000000 0.875000
v 0.500000 0.000000 0.375000
v 0.125000 0.000000 0.375000
v 0.125000 0.000000 0.500000
v 0.875000 -0.000000 -0.500000
v 0.500000 -0.000000 -0.125000
v 0.625000 -0.000000 -0.125000
v 0.375000 -0.000000 -0.875000
v 0.375000 -0.000000 -0.500000
v 0.500000 -0.000000 -0.625000
v -0.125000 -0.000000 -0.500000
v -0.500000 -0.000000 -0.125000
v -0.375000 -0.000000 -0.125000
v -0.625000 0.000000 0.125000
v -0.625000 0.000000 0.500000
v -0.500000 0.000000 0.375000
v -0.625000 -0.000000 -0.875000
v -0.625000 -0.000000 -0.500000
v -0.500000 -0.000000 -0.625000
v -0.125000 0.000000 0.500000
v -0.500000 0.000000 0.875000
v -0.375000 0.000000 0.875000
v -1.000000 0.000000 0.625000
v 0.625000 0.000000 1.000000
v 1.000000 -0.000000 -0.625000
v -0.625000 -0.000000 -1.000000
v -0.625000 0.000000 0.625000
v -1.000000 -0.000000 -0.375000
v -0.375000 0.000000 1.000000
v 1.000000 0.000000 0.375000
v 0.375000 -0.000000 -1.000000
v 0.375000 -0.000000 -0.375000
v -0.375000 -0.000000 -0.625000
v -0.375000 0.000000 0.000000
v 0.000000 -0.000000 -0.375000
v 0.625000 0.000000 0.000000
v 0.000000 0.000000 0.625000
v 0.375000 0.000000 0.625000
v -1.000000 0.000000 0.125000
v 0.125000 0.000000 1.000000
v 1.000000 -0.000000 -0.125000
v -0.125000 -0.000000 -1.000000
v -0.125000 0.000000 0.125000
v -1.000000 -0.000000 -0.875000
v -0.875000 0.000000 1.000000
v 1.000000 0.000000 0.875000
v 0.875000 -0.000000 -1.000000
v 0.875000 -0.000000 -0.875000
v -0.875000 -0.000000 -0.125000
v -0.875000 0.000000 0.000000
v 0.000000 -0.000000 -0.875000
v 0.125000 0.000000 0.000000
v 0.000000 0.000000 0.125000
v 0.875000 0.000000 0.125000
v 0.625000 0.000000 0.500000
v 0.500000 0.000000 0.625000
v 0.875000 0.000000 0.625000
v 0.500000 0.000000 0.125000
v 0.375000 0.000000 0.125000
v 0.375000 0.000000 0.500000
v 0.625000 -0.000000 -0.500000
v 0.500000 -0.000000 -0.375000
v 0.875000 -0.000000 -0.375000
v 0.125000 -0.000000 -0.625000
v 0.125000 -0.000000 -0.500000
v 0.500000 -0.000000 -0.875000
v -0.375000 -0.000000 -0.500000
v -0.500000 -0.000000 -0.375000
v -0.125000 -0.000000 -0.375000
v -0.875000 0.000000 0.375000
v -0.875000 0.000000 0.500000
v -0.500000 0.000000 0.125000
v -0.875000 -0.000000 -0.625000
v -0.875000 -0.000000 -0.500000
v -0.500000 -0.000000 -0.875000
v -0.375000 0.000000 0.500000
v -0.500000 0.000000 0.625000
v -0.125000 0.000000 0.625000
v -0.125000 0.000000 0.750000
v -0.250000 0.000000 0.875000
v -0.125000 0.000000 0.875000
v -0.250000 0.000000 0.625000
v -0.375000 0.000000 0.625000
v -0.375000 0.000000 0.750000
v -0.125000 0.000000 0.250000
v -0.250000 0.000000 0.375000
v -0.125000 0.000000 0.375000
v -0.375000 -0.000000 -0.875000
v -0.375000 -0.000000 -0.750000
v -0.250000 -0.000000 -0.875000
v -0.625000 -0.000000 -0.750000
v -0.750000 -0.000000 -0.625000
v -0.625000 -0.000000 -0.625000
v -0.875000 -0.000000 -0.875000
v -0.875000 -0.000000 -0.750000
v -0.750000 -0.000000 -0.875000
v -0.375000 0.000000 0.125000
v -0.375000 0.000000 0.250000
v -0.250000 0.000000 0.125000
v -0.625000 0.000000 0.250000
v -0.750000 0.000000 0.375000
v -0.625000 0.000000 0.375000
v -0.875000 0.000000 0.125000
v -0.875000 0.000000 0.250000
v -0.750000 0.000000 0.125000
v -0.125000 -0.000000 -0.250000
v -0.250000 -0.000000 -0.125000
v -0.125000 -0.000000 -0.125000
v -0.250000 -0.000000 -0.375000
v -0.375000 -0.000000 -0.375000
v -0.375000 -0.000000 -0.250000
v -0.125000 -0.000000 -0.750000
v -0.250000 -0.000000 -0.625000
v -0.125000 -0.000000 -0.625000
v 0.625000 -0.000000 -0.875000
v 0.625000 -0.000000 -0.750000
v 0.750000 -0.000000 -0.875000
v 0.375000 -0.000000 -0.750000
v 0.250000 -0.000000 -0.625000
v 0.375000 -0.000000 -0.625000
v 0.125000 -0.000000 -0.875000
v 0.125000 -0.000000 -0.750000
v 0.250000 -0.000000 -0.875000
v 0.875000 -0.000000 -0.250000
v 0.750000 -0.000000 -0.125000
v 0.875000 -0.000000 -0.125000
v 0.750000 -0.000000 -0.375000
v 0.625000 -0.000000 -0.375000
v 0.625000 -0.000000 -0.250000
v 0.875000 -0.000000 -0.750000
v 0.750000 -0.000000 -0.625000
v 0.875000 -0.000000 -0.625000
v 0.250000 0.000000 0.625000
v 0.125000 0.000000 0.625000
v 0.125000 0.000000 0.750000
v 0.375000 0.000000 0.375000
v 0.375000 0.000000 0.250000
v 0.250000 0.000000 0.375000
v 0.750000 0.000000 0.125000
v 0.625000 0.000000 0.125000
v 0.625000 0.000000 0.250000
v 0.875000 0.000000 0.750000
v 0.750000 0.000000 0.875000
v 0.875000 0.000000 0.875000
v 0.750000 0.000000 0.625000
v 0.625000 0.000000 0.625000
v 0.625000 0.000000 0.750000
v 0.875000 0.000000 0.250000
v 0.750000 0.000000 0.375000
v 0.875000 0.000000 0.375000
v 0.375000 0.000000 0.750000
v 0.250000 0.000000 0.875000
v 0.375000 0.000000 0.875000
v 0.250000 0.000000 0.125000
v 0.125000 0.000000 0.125000
v 0.125000 0.000000 0.250000
v 0.375000 -0.000000 -0.250000
v 0.250000 -0.000000 -0.125000
v 0.375000 -0.000000 -0.125000
v 0.125000 -0.000000 -0.375000
v 0.125000 -0.000000 -0.250000
v 0.250000 -0.000000 -0.375000
v -0.625000 -0.000000 -0.250000
v -0.750000 -0.000000 -0.125000
v -0.625000 -0.000000 -0.125000
v -0.875000 0.000000 0.625000
v -0.875000 0.000000 0.750000
v -0.750000 0.000000 0.625000
v -0.875000 -0.000000 -0.375000
v -0.875000 -0.000000 -0.250000
v -0.750000 -0.000000 -0.375000
v -0.625000 0.000000 0.750000
v -0.750000 0.000000 0.875000
v -0.625000 0.000000 0.875000
v -0.937500 0.000000 0.937500
v -0.937500 0.000000 1.000000
v -0.875000 0.000000 0.937500
v -1.000000 -0.000000 -0.062500
v -0.937500 -0.000000 -0.062500
v -0.937500 -0.000000 -0.125000
v -1.000000 0.000000 0.937500
v -0.937500 0.000000 0.875000
v -0.937500 0.000000 0.000000
v -0.875000 -0.000000 -0.062500
v 0.000000 -0.000000 -0.062500
v 0.062500 -0.000000 -0.062500
v 0.062500 -0.000000 -0.125000
v 0.062500 0.000000 0.000000
v 0.125000 -0.000000 -0.062500
v 0.000000 0.000000 0.062500
v 0.062500 0.000000 0.062500
v 0.062500 0.000000 0.937500
v 0.062500 0.000000 1.000000
v 0.125000 0.000000 0.937500
v 0.562500 0.000000 0.437500
v 0.562500 0.000000 0.500000
v 0.625000 0.000000 0.437500
v 0.500000 0.000000 0.562500
v 0.562500 0.000000 0.562500
v 0.562500 0.000000 0.937500
v 0.562500 0.000000 1.000000
v 0.625000 0.000000 0.937500
v 0.562500 0.000000 0.000000
v 0.500000 0.000000 0.062500
v 0.562500 0.000000 0.062500
v 0.437500 0.000000 0.062500
v 0.437500 0.000000 0.125000
v 0.062500 0.000000 0.500000
v 0.000000 0.000000 0.562500
v 0.062500 0.000000 0.562500
v 0.562500 -0.000000 -0.562500
v 0.562500 -0.000000 -0.500000
v 0.625000 -0.000000 -0.562500
v 0.500000 -0.000000 -0.437500
v 0.562500 -0.000000 -0.437500
v 0.562500 -0.000000 -0.062500
v 0.625000 -0.000000 -0.062500
v 0.000000 -0.000000 -0.562500
v 0.062500 -0.000000 -0.562500
v 0.062500 -0.000000 -0.625000
v 0.062500 -0.000000 -0.500000
v 0.125000 -0.000000 -0.562500
v 0.500000 -0.000000 -0.562500
v 0.562500 -0.000000 -0.625000
v -0.437500 -0.000000 -0.562500
v -0.437500 -0.000000 -0.500000
v -0.375000 -0.000000 -0.562500
v -0.500000 -0.000000 -0.437500
v -0.437500 -0.000000 -0.437500
v -0.437500 -0.000000 -0.062500
v -0.437500 0.000000 0.000000
v -0.375000 -0.000000 -0.062500
v -1.000000 0.000000 0.437500
v -0.937500 0.000000 0.437500
v -0.937500 0.000000 0.375000
v -0.937500 0.000000 0.500000
v -0.875000 0.000000 0.437500
v -0.500000 0.000000 0.437500
v -0.437500 0.000000 0.437500
v -0.437500 0.000000 0.375000
v -1.000000 -0.000000 -0.562500
v -0.937500 -0.000000 -0.562500
v -0.937500 -0.000000 -0.625000
v -0.937500 -0.000000 -0.500000
v -0.875000 -0.000000 -0.562500
v -0.500000 -0.000000 -0.562500
v -0.437500 -0.000000 -0.625000
v -0.437500 0.000000 0.500000
v -0.375000 0.000000 0.437500
v -0.500000 0.000000 0.562500
v -0.437500 0.000000 0.562500
v -0.437500 0.000000 0.937500
v -0.437500 0.000000 1.000000
v -0.375000 0.000000 0.937500
v -0.187500 0.000000 0.687500
v -0.187500 0.000000 0.750000
v -0.125000 0.000000 0.687500
v -0.250000 0.000000 0.812500
v -0.187500 0.000000 0.812500
v -0.187500 0.000000 0.937500
v -0.187500 0.000000 1.000000
v -0.125000 0.000000 0.937500
v -0.187500 0.000000 0.500000
v -0.250000 0.000000 0.562500
v -0.187500 0.000000 0.562500
v -0.312500 0.000000 0.562500
v -0.312500 0.000000 0.625000
v -0.437500 0.000000 0.750000
v -0.500000 0.000000 0.812500
v -0.437500 0.000000 0.812500
v -0.187500 0.000000 0.187500
v -0.187500 0.000000 0.250000
v -0.125000 0.000000 0.187500
v -0.250000 0.000000 0.312500
v -0.187500 0.000000 0.312500
v -0.187500 0.000000 0.437500
v -0.125000 0.000000 0.437500
v -0.500000 -0.000000 -0.812500
v -0.437500 -0.000000 -0.812500
v -0.437500 -0.000000 -0.875000
v -0.437500 -0.000000 -0.750000
v -0.375000 -0.000000 -0.812500
v -0.250000 -0.000000 -0.812500
v -0.187500 -0.000000 -0.812500
v -0.187500 -0.000000 -0.875000
v -0.687500 -0.000000 -0.812500
v -0.687500 -0.000000 -0.750000
v -0.625000 -0.000000 -0.812500
v -0.750000 -0.000000 -0.687500
v -0.687500 -0.000000 -0.687500
v -0.687500 -0.000000 -0.562500
v -0.687500 -0.000000 -0.500000
v -0.625000 -0.000000 -0.562500
v -1.000000 -0.000000 -0.812500
v -0.937500 -0.000000 -0.812500
v -0.937500 -0.000000 -0.875000
v -0.937500 -0.000000 -0.750000
v -0.875000 -0.000000 -0.812500
v -0.750000 -0.000000 -0.812500
v -0.687500 -0.000000 -0.875000
v -0.500000 0.000000 0.187500
v -0.437500 0.000000 0.187500
v -0.437500 0.000000 0.125000
v -0.437500 0.000000 0.250000
v -0.375000 0.000000 0.187500
v -0.250000 0.000000 0.187500
v -0.187500 0.000000 0.125000
v -0.687500 0.000000 0.187500
v -0.687500 0.000000 0.250000
v -0.625000 0.000000 0.187500
v -0.750000 0.000000 0.312500
v -0.687500 0.000000 0.312500
v -0.687500 0.000000 0.437500
v -0.687500 0.000000 0.500000
v -0.625000 0.000000 0.437500
v -1.000000 0.000000 0.187500
v -0.937500 0.000000 0.187500
v -0.937500 0.000000 0.125000
v -0.937500 0.000000 0.250000
v -0.875000 0.000000 0.187500
v -0.750000 0.000000 0.187500
v -0.687500 0.000000 0.125000
v -0.187500 -0.000000 -0.312500
v -0.187500 -0.000000 -0.250000
v -0.125000 -0.000000 -0.312500
v -0.250000 -0.000000 -0.187500
v -0.187500 -0.000000 -0.187500
v -0.187500 -0.000000 -0.062500
v -0.187500 0.000000 0.000000
v -0.125000 -0.000000 -0.062500
v -0.187500 -0.000000 -0.500000
v -0.250000 -0.000000 -0.437500
v -0.187500 -0.000000 -0.437500
v -0.312500 -0.000000 -0.437500
v -0.312500 -0.000000 -0.375000
v -0.437500 -0.000000 -0.250000
v -0.500000 -0.000000 -0.187500
v -0.437500 -0.000000 -0.187500
v -0.187500 -0.000000 -0.750000
v -0.125000 -0.000000 -0.812500
v -0.250000 -0.000000 -0.687500
v -0.187500 -0.000000 -0.687500
v -0.187500 -0.000000 -0.562500
v -0.125000 -0.000000 -0.562500
v 0.500000 -0.000000 -0.812500
v 0.562500 -0.000000 -0.812500
v 0.562500 -0.000000 -0.875000
v 0.562500 -0.000000 -0.750000
v 0.625000 -0.000000 -0.812500
v 0.750000 -0.000000 -0.812500
v 0.812500 -0.000000 -0.812500
v 0.812500 -0.000000 -0.875000
v 0.312500 -0.000000 -0.812500
v 0.312500 -0.000000 -0.750000
v 0.375000 -0.000000 -0.812500
v 0.250000 -0.000000 -0.687500
v 0.312500 -0.000000 -0.687500
v 0.312500 -0.000000 -0.562500
v 0.312500 -0.000000 -0.500000
v 0.375000 -0.000000 -0.562500
v 0.000000 -0.000000 -0.812500
v 0.062500 -0.000000 -0.812500
v 0.062500 -0.000000 -0.875000
v 0.062500 -0.000000 -0.750000
v 0.125000 -0.000000 -0.812500
v 0.250000 -0.000000 -0.812500
v 0.312500 -0.000000 -0.875000
v 0.812500 -0.000000 -0.312500
v 0.812500 -0.000000 -0.250000
v 0.875000 -0.000000 -0.312500
v 0.750000 -0.000000 -0.187500
v 0.812500 -0.000000 -0.187500
v 0.812500 -0.000000 -0.062500
v 0.812500 0.000000 0.000000
v 0.875000 -0.000000 -0.062500
v 0.812500 -0.000000 -0.500000
v 0.750000 -0.000000 -0.437500
v 0.812500 -0.000000 -0.437500
v 0.687500 -0.000000 -0.437500
v 0.687500 -0.000000 -0.375000
v 0.562500 -0.000000 -0.250000
v 0.500000 -0.000000 -0.187500
v 0.562500 -0.000000 -0.187500
v 0.812500 -0.000000 -0.750000
v 0.875000 -0.000000 -0.812500
v 0.750000 -0.000000 -0.687500
v 0.812500 -0.000000 -0.687500
v 0.812500 -0.000000 -0.562500
v 0.875000 -0.000000 -0.562500
v 0.312500 0.000000 0.500000
v 0.250000 0.000000 0.562500
v 0.312500 0.000000 0.562500
v 0.187500 0.000000 0.562500
v 0.187500 0.000000 0.625000
v 0.062500 0.000000 0.750000
v 0.000000 0.000000 0.812500
v 0.062500 0.000000 0.812500
v 0.500000 0.000000 0.312500
v 0.437500 0.000000 0.312500
v 0.437500 0.000000 0.375000
v 0.437500 0.000000 0.250000
v 0.375000 0.000000 0.312500
v 0.250000 0.000000 0.312500
v 0.187500 0.000000 0.312500
v 0.187500 0.000000 0.375000
v 0.750000 0.000000 0.062500
v 0.812500 0.000000 0.062500
v 0.687500 0.000000 0.062500
v 0.687500 0.000000 0.125000
v 0.562500 0.000000 0.250000
v 0.562500 0.000000 0.312500
v 0.812500 0.000000 0.687500
v 0.812500 0.000000 0.750000
v 0.875000 0.000000 0.687500
v 0.750000 0.000000 0.812500
v 0.812500 0.000000 0.812500
v 0.812500 0.000000 0.937500
v 0.812500 0.000000 1.000000
v 0.875000 0.000000 0.937500
v 0.812500 0.000000 0.500000
v 0.750000 0.000000 0.562500
v 0.812500 0.000000 0.562500
v 0.687500 0.000000 0.562500
v 0.687500 0.000000 0.625000
v 0.562500 0.000000 0.750000
v 0.500000 0.000000 0.812500
v 0.562500 0.000000 0.812500
v 0.812500 0.000000 0.187500
v 0.812500 0.000000 0.250000
v 0.875000 0.000000 0.187500
v 0.750000 0.000000 0.312500
v 0.812500 0.000000 0.312500
v 0.812500 0.000000 0.437500
v 0.875000 0.000000 0.437500
v 0.312500 0.000000 0.687500
v 0.312500 0.000000 0.750000
v 0.375000 0.000000 0.687500
v 0.250000 0.000000 0.812500
v 0.312500 0.000000 0.812500
v 0.312500 0.000000 0.937500
v 0.312500 0.000000 1.000000
v 0.375000 0.000000 0.937500
v 0.312500 0.000000 0.000000
v 0.250000 0.000000 0.062500
v 0.312500 0.000000 0.062500
v 0.187500 0.000000 0.062500
v 0.187500 0.000000 0.125000
v 0.062500 0.000000 0.250000
v 0.000000 0.000000 0.312500
v 0.062500 0.000000 0.312500
v 0.312500 -0.000000 -0.312500
v 0.312500 -0.000000 -0.250000
v 0.375000 -0.000000 -0.312500
v 0.250000 -0.000000 -0.187500
v 0.312500 -0.000000 -0.187500
v 0.312500 -0.000000 -0.062500
v 0.375000 -0.000000 -0.062500
v 0.000000 -0.000000 -0.312500
v 0.062500 -0.000000 -0.312500
v 0.062500 -0.000000 -0.375000
v 0.062500 -0.000000 -0.250000
v 0.125000 -0.000000 -0.312500
v 0.250000 -0.000000 -0.312500
v 0.312500 -0.000000 -0.375000
v -0.687500 -0.000000 -0.312500
v -0.687500 -0.000000 -0.250000
v -0.625000 -0.000000 -0.312500
v -0.750000 -0.000000 -0.187500
v -0.687500 -0.000000 -0.187500
v -0.687500 -0.000000 -0.062500
v -0.687500 0.000000 0.000000
v -0.625000 -0.000000 -0.062500
v -1.000000 0.000000 0.687500
v -0.937500 0.000000 0.687500
v -0.937500 0.000000 0.625000
v -0.937500 0.000000 0.750000
v -0.875000 0.000000 0.687500
v -0.750000 0.000000 0.687500
v -0.687500 0.000000 0.687500
v -0.687500 0.000000 0.625000
v -1.000000 -0.000000 -0.312500
v -0.937500 -0.000000 -0.312500
v -0.937500 -0.000000 -0.375000
v -0.937500 -0.000000 -0.250000
v -0.875000 -0.000000 -0.312500
v -0.750000 -0.000000 -0.312500
v -0.687500 -0.000000 -0.375000
v -0.687500 0.000000 0.750000
v -0.625000 0.000000 0.687500
v -0.750000 0.000000 0.812500
v -0.687500 0.000000 0.812500
v -0.687500 0.000000 0.937500
v -0.687500 0.000000 1.000000
v -0.625000 0.000000 0.937500
v -0.562500 0.000000 0.812500
v -0.562500 0.000000 0.875000
v -0.562500 0.000000 0.937500
v -0.562500 0.000000 1.000000
v -0.500000 0.000000 0.937500
v -0.562500 0.000000 0.750000
v -0.625000 0.000000 0.812500
v -0.687500 0.000000 0.875000
v -0.750000 0.000000 0.937500
v -0.562500 0.000000 0.562500
v -0.562500 0.000000 0.625000
v -0.562500 0.000000 0.687500
v -0.500000 0.000000 0.687500
v -0.750000 -0.000000 -0.437500
v -0.687500 -0.000000 -0.437500
v -0.625000 -0.000000 -0.437500
v -0.562500 -0.000000 -0.437500
v -0.562500 -0.000000 -0.500000
v -0.812500 -0.000000 -0.437500
v -0.812500 -0.000000 -0.375000
v -0.812500 -0.000000 -0.312500
v -0.812500 -0.000000 -0.250000
v -1.000000 -0.000000 -0.437500
v -0.937500 -0.000000 -0.437500
v -0.875000 -0.000000 -0.437500
v -0.812500 -0.000000 -0.500000
v -0.750000 0.000000 0.562500
v -0.687500 0.000000 0.562500
v -0.625000 0.000000 0.562500
v -0.562500 0.000000 0.500000
v -0.812500 0.000000 0.562500
v -0.812500 0.000000 0.625000
v -0.812500 0.000000 0.687500
v -0.812500 0.000000 0.750000
v -1.000000 0.000000 0.562500
v -0.937500 0.000000 0.562500
v -0.875000 0.000000 0.562500
v -0.812500 0.000000 0.500000
v -0.562500 -0.000000 -0.187500
v -0.562500 -0.000000 -0.125000
v -0.562500 -0.000000 -0.062500
v -0.562500 0.000000 0.000000
v -0.500000 -0.000000 -0.062500
v -0.562500 -0.000000 -0.250000
v -0.625000 -0.000000 -0.187500
v -0.687500 -0.000000 -0.125000
v -0.750000 -0.000000 -0.062500
v -0.562500 -0.000000 -0.375000
v -0.562500 -0.000000 -0.312500
v -0.500000 -0.000000 -0.312500
v 0.250000 -0.000000 -0.437500
v 0.312500 -0.000000 -0.437500
v 0.375000 -0.000000 -0.437500
v 0.437500 -0.000000 -0.437500
v 0.437500 -0.000000 -0.500000
v 0.187500 -0.000000 -0.437500
v 0.187500 -0.000000 -0.375000
v 0.187500 -0.000000 -0.312500
v 0.187500 -0.000000 -0.250000
v 0.000000 -0.000000 -0.437500
v 0.062500 -0.000000 -0.437500
v 0.125000 -0.000000 -0.437500
v 0.187500 -0.000000 -0.500000
v 0.437500 -0.000000 -0.187500
v 0.437500 -0.000000 -0.125000
v 0.437500 -0.000000 -0.062500
v 0.437500 0.000000 0.000000
v 0.500000 -0.000000 -0.062500
v 0.437500 -0.000000 -0.250000
v 0.375000 -0.000000 -0.187500
v 0.312500 -0.000000 -0.125000
v 0.250000 -0.000000 -0.062500
v 0.437500 -0.000000 -0.375000
v 0.437500 -0.000000 -0.312500
v 0.500000 -0.000000 -0.312500
v 0.187500 0.000000 0.250000
v 0.125000 0.000000 0.312500
v 0.062500 0.000000 0.375000
v 0.000000 0.000000 0.437500
v 0.062500 0.000000 0.437500
v 0.250000 0.000000 0.187500
v 0.187500 0.000000 0.187500
v 0.125000 0.000000 0.187500
v 0.062500 0.000000 0.187500
v 0.375000 0.000000 0.062500
v 0.312500 0.000000 0.125000
v 0.312500 0.000000 0.187500
v 0.437500 0.000000 0.812500
v 0.437500 0.000000 0.875000
v 0.437500 0.000000 0.937500
v 0.437500 0.000000 1.000000
v 0.500000 0.000000 0.937500
v 0.437500 0.000000 0.750000
v 0.375000 0.000000 0.812500
v 0.312500 0.000000 0.875000
v 0.250000 0.000000 0.937500
v 0.437500 0.000000 0.562500
v 0.437500 0.000000 0.625000
v 0.437500 0.000000 0.687500
v 0.500000 0.000000 0.687500
v 0.937500 0.000000 0.312500
v 0.937500 0.000000 0.375000
v 1.000000 0.000000 0.312500
v 0.937500 0.000000 0.437500
v 0.937500 0.000000 0.500000
v 1.000000 0.000000 0.437500
v 0.937500 0.000000 0.250000
v 0.875000 0.000000 0.312500
v 0.812500 0.000000 0.375000
v 0.750000 0.000000 0.437500
v 0.937500 0.000000 0.062500
v 0.937500 0.000000 0.125000
v 1.000000 0.000000 0.062500
v 0.937500 0.000000 0.187500
v 1.000000 0.000000 0.187500
v 0.687500 0.000000 0.750000
v 0.625000 0.000000 0.812500
v 0.687500 0.000000 0.812500
v 0.562500 0.000000 0.875000
v 0.750000 0.000000 0.687500
v 0.687500 0.000000 0.687500
v 0.625000 0.000000 0.687500
v 0.562500 0.000000 0.687500
v 0.875000 0.000000 0.562500
v 0.937500 0.000000 0.562500
v 0.812500 0.000000 0.625000
v 0.937500 0.000000 0.812500
v 0.937500 0.000000 0.875000
v 1.000000 0.000000 0.812500
v 0.937500 0.000000 0.937500
v 0.937500 0.000000 1.000000
v 1.000000 0.000000 0.937500
v 0.937500 0.000000 0.750000
v 0.875000 0.000000 0.812500
v 0.812500 0.000000 0.875000
v 0.750000 0.000000 0.937500
v 0.937500 0.000000 0.625000
v 1.000000 0.000000 0.562500
v 0.937500 0.000000 0.687500
v 1.000000 0.000000 0.687500
v 0.687500 0.000000 0.250000
v 0.625000 0.000000 0.312500
v 0.687500 0.000000 0.312500
v 0.562500 0.000000 0.375000
v 0.500000 0.000000 0.437500
v 0.750000 0.000000 0.187500
v 0.687500 0.000000 0.187500
v 0.625000 0.000000 0.187500
v 0.562500 0.000000 0.187500
v 0.937500 0.000000 0.000000
v 0.875000 0.000000 0.062500
v 0.812500 0.000000 0.125000
v 0.250000 0.000000 0.437500
v 0.187500 0.000000 0.437500
v 0.187500 0.000000 0.500000
v 0.125000 0.000000 0.437500
v 0.312500 0.000000 0.437500
v 0.312500 0.000000 0.375000
v 0.312500 0.000000 0.312500
v 0.312500 0.000000 0.250000
v 0.437500 0.000000 0.437500
v 0.437500 0.000000 0.500000
v 0.375000 0.000000 0.437500
v 0.187500 0.000000 0.750000
v 0.125000 0.000000 0.812500
v 0.187500 0.000000 0.812500
v 0.062500 0.000000 0.875000
v 0.000000 0.000000 0.937500
v 0.250000 0.000000 0.687500
v 0.187500 0.000000 0.687500
v 0.125000 0.000000 0.687500
v 0.062500 0.000000 0.687500
v 0.375000 0.000000 0.562500
v 0.312500 0.000000 0.625000
v 0.937500 -0.000000 -0.687500
v 0.937500 -0.000000 -0.625000
v 1.000000 -0.000000 -0.687500
v 0.937500 -0.000000 -0.562500
v 0.937500 -0.000000 -0.500000
v 1.000000 -0.000000 -0.562500
v 0.937500 -0.000000 -0.750000
v 0.875000 -0.000000 -0.687500
v 0.812500 -0.000000 -0.625000
v 0.750000 -0.000000 -0.562500
v 0.937500 -0.000000 -0.937500
v 0.937500 -0.000000 -0.875000
v 1.000000 -0.000000 -0.937500
v 0.937500 -0.000000 -0.812500
v 1.000000 -0.000000 -0.812500
v 0.687500 -0.000000 -0.250000
v 0.625000 -0.000000 -0.187500
v 0.687500 -0.000000 -0.187500
v 0.562500 -0.000000 -0.125000
v 0.750000 -0.000000 -0.312500
v 0.687500 -0.000000 -0.312500
v 0.625000 -0.000000 -0.312500
v 0.562500 -0.000000 -0.312500
v 0.875000 -0.000000 -0.437500
v 0.937500 -0.000000 -0.437500
v 0.812500 -0.000000 -0.375000
v 0.937500 -0.000000 -0.187500
v 0.937500 -0.000000 -0.125000
v 1.000000 -0.000000 -0.187500
v 0.937500 -0.000000 -0.062500
v 1.000000 -0.000000 -0.062500
v 0.937500 -0.000000 -0.250000
v 0.875000 -0.000000 -0.187500
v 0.812500 -0.000000 -0.125000
v 0.750000 -0.000000 -0.062500
v 0.937500 -0.000000 -0.375000
v 1.000000 -0.000000 -0.437500
v 0.937500 -0.000000 -0.312500
v 1.000000 -0.000000 -0.312500
v 0.250000 -0.000000 -0.937500
v 0.312500 -0.000000 -0.937500
v 0.312500 -0.000000 -1.000000
v 0.375000 -0.000000 -0.937500
v 0.437500 -0.000000 -0.937500
v 0.437500 -0.000000 -1.000000
v 0.187500 -0.000000 -0.937500
v 0.187500 -0.000000 -0.875000
v 0.187500 -0.000000 -0.812500
v 0.187500 -0.000000 -0.750000
v 0.000000 -0.000000 -0.937500
v 0.062500 -0.000000 -0.937500
v 0.062500 -0.000000 -1.000000
v 0.125000 -0.000000 -0.937500
v 0.187500 -0.000000 -1.000000
v 0.437500 -0.000000 -0.687500
v 0.437500 -0.000000 -0.625000
v 0.500000 -0.000000 -0.687500
v 0.437500 -0.000000 -0.562500
v 0.437500 -0.000000 -0.750000
v 0.375000 -0.000000 -0.687500
v 0.312500 -0.000000 -0.625000
v 0.250000 -0.000000 -0.562500
v 0.437500 -0.000000 -0.875000
v 0.500000 -0.000000 -0.937500
v 0.437500 -0.000000 -0.812500
v 0.750000 -0.000000 -0.937500
v 0.812500 -0.000000 -0.937500
v 0.812500 -0.000000 -1.000000
v 0.875000 -0.000000 -0.937500
v 0.937500 -0.000000 -1.000000
v 0.687500 -0.000000 -0.937500
v 0.687500 -0.000000 -0.875000
v 0.687500 -0.000000 -0.812500
v 0.687500 -0.000000 -0.750000
v 0.562500 -0.000000 -0.937500
v 0.562500 -0.000000 -1.000000
v 0.625000 -0.000000 -0.937500
v 0.687500 -0.000000 -1.000000
v -0.062500 -0.000000 -0.687500
v -0.062500 -0.000000 -0.625000
v 0.000000 -0.000000 -0.687500
v -0.062500 -0.000000 -0.562500
v -0.062500 -0.000000 -0.500000
v -0.062500 -0.000000 -0.750000
v -0.125000 -0.000000 -0.687500
v -0.187500 -0.000000 -0.625000
v -0.250000 -0.000000 -0.562500
v -0.062500 -0.000000 -0.937500
v -0.062500 -0.000000 -0.875000
v -0.062500 -0.000000 -0.812500
v -0.312500 -0.000000 -0.250000
v -0.375000 -0.000000 -0.187500
v -0.312500 -0.000000 -0.187500
v -0.437500 -0.000000 -0.125000
v -0.250000 -0.000000 -0.312500
v -0.312500 -0.000000 -0.312500
v -0.375000 -0.000000 -0.312500
v -0.437500 -0.000000 -0.312500
v -0.125000 -0.000000 -0.437500
v -0.062500 -0.000000 -0.437500
v -0.187500 -0.000000 -0.375000
v -0.062500 -0.000000 -0.187500
v -0.062500 -0.000000 -0.125000
v 0.000000 -0.000000 -0.187500
v -0.062500 -0.000000 -0.062500
v -0.062500 0.000000 0.000000
v -0.062500 -0.000000 -0.250000
v -0.125000 -0.000000 -0.187500
v -0.187500 -0.000000 -0.125000
v -0.250000 -0.000000 -0.062500
v -0.062500 -0.000000 -0.375000
v -0.062500 -0.000000 -0.312500
v -0.750000 0.000000 0.062500
v -0.687500 0.000000 0.062500
v -0.625000 0.000000 0.062500
v -0.562500 0.000000 0.062500
v -0.812500 0.000000 0.062500
v -0.812500 0.000000 0.125000
v -0.812500 0.000000 0.187500
v -0.812500 0.000000 0.250000
v -1.000000 0.000000 0.062500
v -0.937500 0.000000 0.062500
v -0.875000 0.000000 0.062500
v -0.812500 0.000000 0.000000
v -0.562500 0.000000 0.312500
v -0.562500 0.000000 0.375000
v -0.500000 0.000000 0.312500
v -0.562500 0.000000 0.437500
v -0.562500 0.000000 0.250000
v -0.625000 0.000000 0.312500
v -0.687500 0.000000 0.375000
v -0.750000 0.000000 0.437500
v -0.562500 0.000000 0.125000
v -0.500000 0.000000 0.062500
v -0.562500 0.000000 0.187500
v -0.250000 0.000000 0.062500
v -0.187500 0.000000 0.062500
v -0.125000 0.000000 0.062500
v -0.062500 0.000000 0.062500
v -0.312500 0.000000 0.062500
v -0.312500 0.000000 0.125000
v -0.312500 0.000000 0.187500
v -0.312500 0.000000 0.250000
v -0.437500 0.000000 0.062500
v -0.375000 0.000000 0.062500
v -0.312500 0.000000 0.000000
v -0.750000 -0.000000 -0.937500
v -0.687500 -0.000000 -0.937500
v -0.687500 -0.000000 -1.000000
v -0.625000 -0.000000 -0.937500
v -0.562500 -0.000000 -0.937500
v -0.562500 -0.000000 -1.000000
v -0.812500 -0.000000 -0.937500
v -0.812500 -0.000000 -0.875000
v -0.812500 -0.000000 -0.812500
v -0.812500 -0.000000 -0.750000
v -1.000000 -0.000000 -0.937500
v -0.937500 -0.000000 -0.937500
v -0.937500 -0.000000 -1.000000
v -0.875000 -0.000000 -0.937500
v -0.812500 -0.000000 -1.000000
v -0.562500 -0.000000 -0.687500
v -0.562500 -0.000000 -0.625000
v -0.500000 -0.000000 -0.687500
v -0.562500 -0.000000 -0.562500
v -0.562500 -0.000000 -0.750000
v -0.625000 -0.000000 -0.687500
v -0.687500 -0.000000 -0.625000
v -0.750000 -0.000000 -0.562500
v -0.562500 -0.000000 -0.875000
v -0.500000 -0.000000 -0.937500
v -0.562500 -0.000000 -0.812500
v -0.250000 -0.000000 -0.937500
v -0.187500 -0.000000 -0.937500
v -0.187500 -0.000000 -1.000000
v -0.125000 -0.000000 -0.937500
v -0.062500 -0.000000 -1.000000
v -0.312500 -0.000000 -0.937500
v -0.312500 -0.000000 -0.875000
v -0.312500 -0.000000 -0.812500
v -0.312500 -0.000000 -0.750000
v -0.437500 -0.000000 -0.937500
v -0.437500 -0.000000 -1.000000
v -0.375000 -0.000000 -0.937500
v -0.312500 -0.000000 -1.000000
v -0.062500 0.000000 0.312500
v -0.062500 0.000000 0.375000
v -0.062500 0.000000 0.437500
v -0.062500 0.000000 0.500000
v -0.062500 0.000000 0.250000
v -0.125000 0.000000 0.312500
v -0.187500 0.000000 0.375000
v -0.250000 0.000000 0.437500
v -0.062500 0.000000 0.125000
v -0.062500 0.000000 0.187500
v 0.000000 0.000000 0.187500
v -0.312500 0.000000 0.750000
v -0.375000 0.000000 0.812500
v -0.312500 0.000000 0.812500
v -0.437500 0.000000 0.875000
v -0.250000 0.000000 0.687500
v -0.312500 0.000000 0.687500
v -0.375000 0.000000 0.687500
v -0.437500 0.000000 0.687500
v -0.125000 0.000000 0.562500
v -0.062500 0.000000 0.562500
v -0.187500 0.000000 0.625000
v -0.062500 0.000000 0.812500
v -0.062500 0.000000 0.875000
v -0.062500 0.000000 0.937500
v -0.062500 0.000000 1.000000
v -0.062500 0.000000 0.750000
v -0.125000 0.000000 0.812500
v -0.187500 0.000000 0.875000
v -0.250000 0.000000 0.937500
v -0.062500 0.000000 0.625000
v -0.062500 0.000000 0.687500
v 0.000000 0.000000 0.687500
v -0.312500 0.000000 0.875000
v -0.312500 0.000000 0.937500
v -0.312500 0.000000 1.000000
v -0.312500 0.000000 0.500000
v -0.375000 0.000000 0.562500
v -0.437500 0.000000 0.625000
v -0.312500 0.000000 0.312500
v -0.312500 0.000000 0.375000
v -0.312500 0.000000 0.437500
v -0.437500 -0.000000 -0.687500
v -0.375000 -0.000000 -0.687500
v -0.312500 -0.000000 -0.687500
v -0.812500 -0.000000 -0.687500
v -0.812500 -0.000000 -0.625000
v -0.812500 -0.000000 -0.562500
v -1.000000 -0.000000 -0.687500
v -0.937500 -0.000000 -0.687500
v -0.875000 -0.000000 -0.687500
v -0.437500 0.000000 0.312500
v -0.375000 0.000000 0.312500
v -0.812500 0.000000 0.312500
v -0.812500 0.000000 0.375000
v -0.812500 0.000000 0.437500
v -1.000000 0.000000 0.312500
v -0.937500 0.000000 0.312500
v -0.875000 0.000000 0.312500
v -0.312500 -0.000000 -0.125000
v -0.312500 -0.000000 -0.062500
v -0.312500 -0.000000 -0.500000
v -0.375000 -0.000000 -0.437500
v -0.437500 -0.000000 -0.375000
v -0.312500 -0.000000 -0.625000
v -0.312500 -0.000000 -0.562500
v 0.562500 -0.000000 -0.687500
v 0.625000 -0.000000 -0.687500
v 0.687500 -0.000000 -0.687500
v 0.187500 -0.000000 -0.687500
v 0.187500 -0.000000 -0.625000
v 0.187500 -0.000000 -0.562500
v 0.062500 -0.000000 -0.687500
v 0.125000 -0.000000 -0.687500
v 0.687500 -0.000000 -0.125000
v 0.687500 -0.000000 -0.062500
v 0.687500 0.000000 0.000000
v 0.687500 -0.000000 -0.500000
v 0.625000 -0.000000 -0.437500
v 0.562500 -0.000000 -0.375000
v 0.687500 -0.000000 -0.625000
v 0.687500 -0.000000 -0.562500
v 0.125000 0.000000 0.562500
v 0.062500 0.000000 0.625000
v 0.500000 0.000000 0.187500
v 0.437500 0.000000 0.187500
v 0.375000 0.000000 0.187500
v 0.625000 0.000000 0.062500
v 0.562500 0.000000 0.125000
v 0.687500 0.000000 0.875000
v 0.687500 0.000000 0.937500
v 0.687500 0.000000 1.000000
v 0.687500 0.000000 0.500000
v 0.625000 0.000000 0.562500
v 0.562500 0.000000 0.625000
v 0.687500 0.000000 0.375000
v 0.687500 0.000000 0.437500
v 0.187500 0.000000 0.875000
v 0.187500 0.000000 0.937500
v 0.187500 0.000000 1.000000
v 0.187500 0.000000 0.000000
v 0.125000 0.000000 0.062500
v 0.062500 0.000000 0.125000
v 0.187500 -0.000000 -0.187500
v 0.187500 -0.000000 -0.125000
v 0.187500 -0.000000 -0.062500
v 0.062500 -0.000000 -0.187500
v 0.125000 -0.000000 -0.187500
v -0.812500 -0.000000 -0.187500
v -0.812500 -0.000000 -0.125000
v -0.812500 -0.000000 -0.062500
v -1.000000 0.000000 0.812500
v -0.937500 0.000000 0.812500
v -0.875000 0.000000 0.812500
v -0.812500 0.000000 0.812500
v -1.000000 -0.000000 -0.187500
v -0.937500 -0.000000 -0.187500
v -0.875000 -0.000000 -0.187500
v -0.812500 0.000000 0.875000
v -0.812500 0.000000 0.937500
v -0.812500 0.000000 1.000000
v -0.906250 0.000000 0.906250
v -0.906250 0.000000 1.000000
v -0.875000 0.000000 0.968750
v -1.000000 -0.000000 -0.093750
v -0.906250 -0.000000 -0.093750
v -0.906250 -0.000000 -0.125000
v -1.000000 0.000000 0.906250
v -0.906250 0.000000 0.875000
v -0.906250 0.000000 0.000000
v -0.875000 -0.000000 -0.031250
v 0.000000 -0.000000 -0.093750
v 0.093750 -0.000000 -0.093750
v 0.031250 -0.000000 -0.125000
v 0.093750 0.000000 0.000000
v 0.125000 -0.000000 -0.031250
v 0.000000 0.000000 0.093750
v 0.031250 0.000000 0.093750
v 0.093750 0.000000 0.906250
v 0.093750 0.000000 1.000000
v 0.125000 0.000000 0.968750
v 0.593750 0.000000 0.406250
v 0.593750 0.000000 0.500000
v 0.625000 0.000000 0.468750
v 0.500000 0.000000 0.593750
v 0.531250 0.000000 0.593750
v 0.593750 0.000000 0.906250
v 0.593750 0.000000 1.000000
v 0.625000 0.000000 0.968750
v 0.593750 0.000000 0.000000
v 0.500000 0.000000 0.093750
v 0.531250 0.000000 0.093750
v 0.406250 0.000000 0.093750
v 0.406250 0.000000 0.125000
v 0.093750 0.000000 0.500000
v 0.000000 0.000000 0.593750
v 0.031250 0.000000 0.593750
v 0.593750 -0.000000 -0.593750
v 0.593750 -0.000000 -0.500000
v 0.625000 -0.000000 -0.531250
v 0.500000 -0.000000 -0.406250
v 0.531250 -0.000000 -0.406250
v 0.593750 -0.000000 -0.093750
v 0.625000 -0.000000 -0.031250
v 0.000000 -0.000000 -0.593750
v 0.093750 -0.000000 -0.593750
v 0.093750 -0.000000 -0.625000
v 0.093750 -0.000000 -0.500000
v 0.125000 -0.000000 -0.531250
v 0.500000 -0.000000 -0.593750
v 0.531250 -0.000000 -0.625000
v -0.406250 -0.000000 -0.593750
v -0.406250 -0.000000 -0.500000
v -0.375000 -0.000000 -0.531250
v -0.500000 -0.000000 -0.406250
v -0.468750 -0.000000 -0.406250
v -0.406250 -0.000000 -0.093750
v -0.406250 0.000000 0.000000
v -0.375000 -0.000000 -0.031250
v -1.000000 0.000000 0.406250
v -0.906250 0.000000 0.406250
v -0.906250 0.000000 0.375000
v -0.906250 0.000000 0.500000
v -0.875000 0.000000 0.468750
v -0.500000 0.000000 0.406250
v -0.406250 0.000000 0.406250
v -0.468750 0.000000 0.375000
v -1.000000 -0.000000 -0.593750
v -0.906250 -0.000000 -0.593750
v -0.906250 -0.000000 -0.625000
v -0.906250 -0.000000 -0.500000
v -0.875000 -0.000000 -0.531250
v -0.500000 -0.000000 -0.593750
v -0.406250 -0.000000 -0.625000
v -0.406250 0.000000 0.500000
v -0.375000 0.000000 0.468750
v -0.500000 0.000000 0.593750
v -0.468750 0.000000 0.593750
v -0.406250 0.000000 0.906250
v -0.406250 0.000000 1.000000
v -0.375000 0.000000 0.968750
v -0.156250 0.000000 0.656250
v -0.156250 0.000000 0.750000
v -0.125000 0.000000 0.718750
v -0.250000 0.000000 0.843750
v -0.218750 0.000000 0.843750
v -0.156250 0.000000 0.906250
v -0.156250 0.000000 1.000000
v -0.125000 0.000000 0.906250
v -0.156250 0.000000 0.500000
v -0.250000 0.000000 0.593750
v -0.218750 0.000000 0.593750
v -0.343750 0.000000 0.593750
v -0.343750 0.000000 0.625000
v -0.406250 0.000000 0.750000
v -0.500000 0.000000 0.843750
v -0.406250 0.000000 0.781250
v -0.156250 0.000000 0.156250
v -0.156250 0.000000 0.250000
v -0.125000 0.000000 0.218750
v -0.250000 0.000000 0.343750
v -0.218750 0.000000 0.343750
v -0.156250 0.000000 0.406250
v -0.125000 0.000000 0.406250
v -0.500000 -0.000000 -0.843750
v -0.406250 -0.000000 -0.843750
v -0.406250 -0.000000 -0.875000
v -0.406250 -0.000000 -0.750000
v -0.375000 -0.000000 -0.781250
v -0.250000 -0.000000 -0.843750
v -0.156250 -0.000000 -0.843750
v -0.218750 -0.000000 -0.875000
v -0.656250 -0.000000 -0.843750
v -0.656250 -0.000000 -0.750000
v -0.625000 -0.000000 -0.781250
v -0.750000 -0.000000 -0.656250
v -0.718750 -0.000000 -0.656250
v -0.656250 -0.000000 -0.593750
v -0.656250 -0.000000 -0.500000
v -0.625000 -0.000000 -0.593750
v -1.000000 -0.000000 -0.843750
v -0.906250 -0.000000 -0.843750
v -0.906250 -0.000000 -0.875000
v -0.906250 -0.000000 -0.750000
v -0.875000 -0.000000 -0.781250
v -0.750000 -0.000000 -0.843750
v -0.718750 -0.000000 -0.875000
v -0.500000 0.000000 0.156250
v -0.406250 0.000000 0.156250
v -0.406250 0.000000 0.125000
v -0.406250 0.000000 0.250000
v -0.375000 0.000000 0.218750
v -0.250000 0.000000 0.156250
v -0.218750 0.000000 0.125000
v -0.656250 0.000000 0.156250
v -0.656250 0.000000 0.250000
v -0.625000 0.000000 0.218750
v -0.750000 0.000000 0.343750
v -0.718750 0.000000 0.343750
v -0.656250 0.000000 0.406250
v -0.656250 0.000000 0.500000
v -0.625000 0.000000 0.406250
v -1.000000 0.000000 0.156250
v -0.906250 0.000000 0.156250
v -0.906250 0.000000 0.125000
v -0.906250 0.000000 0.250000
v -0.875000 0.000000 0.218750
v -0.750000 0.000000 0.156250
v -0.718750 0.000000 0.125000
v -0.156250 -0.000000 -0.343750
v -0.156250 -0.000000 -0.250000
v -0.125000 -0.000000 -0.281250
v -0.250000 -0.000000 -0.156250
v -0.218750 -0.000000 -0.156250
v -0.156250 -0.000000 -0.093750
v -0.156250 0.000000 0.000000
v -0.125000 -0.000000 -0.093750
v -0.156250 -0.000000 -0.500000
v -0.250000 -0.000000 -0.406250
v -0.218750 -0.000000 -0.406250
v -0.343750 -0.000000 -0.406250
v -0.343750 -0.000000 -0.375000
v -0.406250 -0.000000 -0.250000
v -0.500000 -0.000000 -0.156250
v -0.406250 -0.000000 -0.218750
v -0.156250 -0.000000 -0.750000
v -0.125000 -0.000000 -0.781250
v -0.250000 -0.000000 -0.656250
v -0.218750 -0.000000 -0.656250
v -0.156250 -0.000000 -0.593750
v -0.125000 -0.000000 -0.593750
v 0.500000 -0.000000 -0.843750
v 0.593750 -0.000000 -0.843750
v 0.593750 -0.000000 -0.875000
v 0.593750 -0.000000 -0.750000
v 0.625000 -0.000000 -0.781250
v 0.750000 -0.000000 -0.843750
v 0.843750 -0.000000 -0.843750
v 0.781250 -0.000000 -0.875000
v 0.343750 -0.000000 -0.843750
v 0.343750 -0.000000 -0.750000
v 0.375000 -0.000000 -0.781250
v 0.250000 -0.000000 -0.656250
v 0.281250 -0.000000 -0.656250
v 0.343750 -0.000000 -0.593750
v 0.343750 -0.000000 -0.500000
v 0.375000 -0.000000 -0.593750
v 0.000000 -0.000000 -0.843750
v 0.093750 -0.000000 -0.843750
v 0.093750 -0.000000 -0.875000
v 0.093750 -0.000000 -0.750000
v 0.125000 -0.000000 -0.781250
v 0.250000 -0.000000 -0.843750
v 0.281250 -0.000000 -0.875000
v 0.843750 -0.000000 -0.343750
v 0.843750 -0.000000 -0.250000
v 0.875000 -0.000000 -0.281250
v 0.750000 -0.000000 -0.156250
v 0.781250 -0.000000 -0.156250
v 0.843750 -0.000000 -0.093750
v 0.843750 0.000000 0.000000
v 0.875000 -0.000000 -0.093750
v 0.843750 -0.000000 -0.500000
v 0.750000 -0.000000 -0.406250
v 0.781250 -0.000000 -0.406250
v 0.656250 -0.000000 -0.406250
v 0.656250 -0.000000 -0.375000
v 0.593750 -0.000000 -0.250000
v 0.500000 -0.000000 -0.156250
v 0.593750 -0.000000 -0.218750
v 0.843750 -0.000000 -0.750000
v 0.875000 -0.000000 -0.781250
v 0.750000 -0.000000 -0.656250
v 0.781250 -0.000000 -0.656250
v 0.843750 -0.000000 -0.593750
v 0.875000 -0.000000 -0.593750
v 0.343750 0.000000 0.500000
v 0.250000 0.000000 0.593750
v 0.281250 0.000000 0.593750
v 0.156250 0.000000 0.593750
v 0.156250 0.000000 0.625000
v 0.093750 0.000000 0.750000
v 0.000000 0.000000 0.843750
v 0.093750 0.000000 0.781250
v 0.500000 0.000000 0.343750
v 0.406250 0.000000 0.343750
v 0.406250 0.000000 0.375000
v 0.406250 0.000000 0.250000
v 0.375000 0.000000 0.281250
v 0.250000 0.000000 0.343750
v 0.156250 0.000000 0.343750
v 0.218750 0.000000 0.375000
v 0.750000 0.000000 0.093750
v 0.781250 0.000000 0.093750
v 0.656250 0.000000 0.093750
v 0.656250 0.000000 0.125000
v 0.593750 0.000000 0.250000
v 0.593750 0.000000 0.281250
v 0.843750 0.000000 0.656250
v 0.843750 0.000000 0.750000
v 0.875000 0.000000 0.718750
v 0.750000 0.000000 0.843750
v 0.781250 0.000000 0.843750
v 0.843750 0.000000 0.906250
v 0.843750 0.000000 1.000000
v 0.875000 0.000000 0.906250
v 0.843750 0.000000 0.500000
v 0.750000 0.000000 0.593750
v 0.781250 0.000000 0.593750
v 0.656250 0.000000 0.593750
v 0.656250 0.000000 0.625000
v 0.593750 0.000000 0.750000
v 0.500000 0.000000 0.843750
v 0.593750 0.000000 0.781250
v 0.843750 0.000000 0.156250
v 0.843750 0.000000 0.250000
v 0.875000 0.000000 0.218750
v 0.750000 0.000000 0.343750
v 0.781250 0.000000 0.343750
v 0.843750 0.000000 0.406250
v 0.875000 0.000000 0.406250
v 0.343750 0.000000 0.656250
v 0.343750 0.000000 0.750000
v 0.375000 0.000000 0.718750
v 0.250000 0.000000 0.843750
v 0.281250 0.000000 0.843750
v 0.343750 0.000000 0.906250
v 0.343750 0.000000 1.000000
v 0.375000 0.000000 0.906250
v 0.343750 0.000000 0.000000
v 0.250000 0.000000 0.093750
v 0.281250 0.000000 0.093750
v 0.156250 0.000000 0.093750
v 0.156250 0.000000 0.125000
v 0.093750 0.000000 0.250000
v 0.000000 0.000000 0.343750
v 0.093750 0.000000 0.281250
v 0.343750 -0.000000 -0.343750
v 0.343750 -0.000000 -0.250000
v 0.375000 -0.000000 -0.281250
v 0.250000 -0.000000 -0.156250
v 0.281250 -0.000000 -0.156250
v 0.343750 -0.000000 -0.093750
v 0.375000 -0.000000 -0.093750
v 0.000000 -0.000000 -0.343750
v 0.093750 -0.000000 -0.343750
v 0.093750 -0.000000 -0.375000
v 0.093750 -0.000000 -0.250000
v 0.125000 -0.000000 -0.281250
v 0.250000 -0.000000 -0.343750
v 0.281250 -0.000000 -0.375000
v -0.656250 -0.000000 -0.343750
v -0.656250 -0.000000 -0.250000
v -0.625000 -0.000000 -0.281250
v -0.750000 -0.000000 -0.156250
v -0.718750 -0.000000 -0.156250
v -0.656250 -0.000000 -0.093750
v -0.656250 0.000000 0.000000
v -0.625000 -0.000000 -0.093750
v -1.000000 0.000000 0.656250
v -0.906250 0.000000 0.656250
v -0.906250 0.000000 0.625000
v -0.906250 0.000000 0.750000
v -0.875000 0.000000 0.718750
v -0.750000 0.000000 0.656250
v -0.656250 0.000000 0.656250
v -0.718750 0.000000 0.625000
v -1.000000 -0.000000 -0.343750
v -0.906250 -0.000000 -0.343750
v -0.906250 -0.000000 -0.375000
v -0.906250 -0.000000 -0.250000
v -0.875000 -0.000000 -0.281250
v -0.750000 -0.000000 -0.343750
v -0.718750 -0.000000 -0.375000
v -0.656250 0.000000 0.750000
v -0.625000 0.000000 0.718750
v -0.750000 0.000000 0.843750
v -0.718750 0.000000 0.843750
v -0.656250 0.000000 0.906250
v -0.656250 0.000000 1.000000
v -0.625000 0.000000 0.906250
v -0.593750 0.000000 0.843750
v -0.593750 0.000000 0.875000
v -0.531250 0.000000 0.906250
v -0.593750 0.000000 1.000000
v -0.500000 0.000000 0.906250
v -0.593750 0.000000 0.750000
v -0.625000 0.000000 0.843750
v -0.656250 0.000000 0.875000
v -0.750000 0.000000 0.906250
v -0.593750 0.000000 0.593750
v -0.531250 0.000000 0.625000
v -0.593750 0.000000 0.718750
v -0.500000 0.000000 0.656250
v -0.750000 -0.000000 -0.406250
v -0.718750 -0.000000 -0.406250
v -0.625000 -0.000000 -0.468750
v -0.593750 -0.000000 -0.406250
v -0.593750 -0.000000 -0.500000
v -0.843750 -0.000000 -0.406250
v -0.781250 -0.000000 -0.375000
v -0.781250 -0.000000 -0.343750
v -0.843750 -0.000000 -0.250000
v -1.000000 -0.000000 -0.406250
v -0.906250 -0.000000 -0.468750
v -0.875000 -0.000000 -0.406250
v -0.843750 -0.000000 -0.500000
v -0.750000 0.000000 0.593750
v -0.718750 0.000000 0.593750
v -0.625000 0.000000 0.593750
v -0.593750 0.000000 0.500000
v -0.843750 0.000000 0.593750
v -0.781250 0.000000 0.625000
v -0.781250 0.000000 0.656250
v -0.843750 0.000000 0.750000
v -1.000000 0.000000 0.593750
v -0.906250 0.000000 0.531250
v -0.875000 0.000000 0.593750
v -0.843750 0.000000 0.500000
v -0.593750 -0.000000 -0.156250
v -0.593750 -0.000000 -0.125000
v -0.531250 -0.000000 -0.093750
v -0.593750 0.000000 0.000000
v -0.500000 -0.000000 -0.093750
v -0.593750 -0.000000 -0.250000
v -0.625000 -0.000000 -0.156250
v -0.656250 -0.000000 -0.125000
v -0.750000 -0.000000 -0.093750
v -0.531250 -0.000000 -0.375000
v -0.593750 -0.000000 -0.281250
v -0.500000 -0.000000 -0.343750
v 0.250000 -0.000000 -0.406250
v 0.281250 -0.000000 -0.406250
v 0.375000 -0.000000 -0.406250
v 0.406250 -0.000000 -0.406250
v 0.406250 -0.000000 -0.500000
v 0.156250 -0.000000 -0.406250
v 0.218750 -0.000000 -0.375000
v 0.218750 -0.000000 -0.343750
v 0.156250 -0.000000 -0.250000
v 0.000000 -0.000000 -0.406250
v 0.093750 -0.000000 -0.468750
v 0.125000 -0.000000 -0.406250
v 0.156250 -0.000000 -0.500000
v 0.406250 -0.000000 -0.156250
v 0.406250 -0.000000 -0.125000
v 0.468750 -0.000000 -0.093750
v 0.406250 0.000000 0.000000
v 0.500000 -0.000000 -0.093750
v 0.406250 -0.000000 -0.250000
v 0.375000 -0.000000 -0.156250
v 0.343750 -0.000000 -0.125000
v 0.250000 -0.000000 -0.093750
v 0.468750 -0.000000 -0.375000
v 0.406250 -0.000000 -0.281250
v 0.500000 -0.000000 -0.343750
v 0.156250 0.000000 0.250000
v 0.125000 0.000000 0.281250
v 0.093750 0.000000 0.375000
v 0.000000 0.000000 0.406250
v 0.093750 0.000000 0.406250
v 0.250000 0.000000 0.156250
v 0.156250 0.000000 0.218750
v 0.125000 0.000000 0.218750
v 0.093750 0.000000 0.156250
v 0.375000 0.000000 0.093750
v 0.281250 0.000000 0.125000
v 0.343750 0.000000 0.156250
v 0.406250 0.000000 0.843750
v 0.406250 0.000000 0.875000
v 0.468750 0.000000 0.906250
v 0.406250 0.000000 1.000000
v 0.500000 0.000000 0.906250
v 0.406250 0.000000 0.750000
v 0.375000 0.000000 0.843750
v 0.343750 0.000000 0.875000
v 0.250000 0.000000 0.906250
v 0.406250 0.000000 0.593750
v 0.468750 0.000000 0.625000
v 0.406250 0.000000 0.718750
v 0.500000 0.000000 0.656250
v 0.906250 0.000000 0.343750
v 0.906250 0.000000 0.375000
v 1.000000 0.000000 0.343750
v 0.968750 0.000000 0.406250
v 0.906250 0.000000 0.500000
v 1.000000 0.000000 0.406250
v 0.906250 0.000000 0.250000
v 0.875000 0.000000 0.343750
v 0.843750 0.000000 0.375000
v 0.750000 0.000000 0.406250
v 0.906250 0.000000 0.093750
v 0.906250 0.000000 0.125000
v 1.000000 0.000000 0.093750
v 0.906250 0.000000 0.218750
v 1.000000 0.000000 0.156250
v 0.656250 0.000000 0.750000
v 0.625000 0.000000 0.781250
v 0.656250 0.000000 0.843750
v 0.593750 0.000000 0.875000
v 0.750000 0.000000 0.656250
v 0.656250 0.000000 0.718750
v 0.625000 0.000000 0.718750
v 0.593750 0.000000 0.656250
v 0.875000 0.000000 0.593750
v 0.906250 0.000000 0.593750
v 0.781250 0.000000 0.625000
v 0.906250 0.000000 0.843750
v 0.906250 0.000000 0.875000
v 1.000000 0.000000 0.843750
v 0.968750 0.000000 0.906250
v 0.906250 0.000000 1.000000
v 1.000000 0.000000 0.906250
v 0.906250 0.000000 0.750000
v 0.875000 0.000000 0.843750
v 0.843750 0.000000 0.875000
v 0.750000 0.000000 0.906250
v 0.906250 0.000000 0.625000
v 1.000000 0.000000 0.593750
v 0.906250 0.000000 0.718750
v 1.000000 0.000000 0.656250
v 0.656250 0.000000 0.250000
v 0.625000 0.000000 0.281250
v 0.656250 0.000000 0.343750
v 0.531250 0.000000 0.375000
v 0.500000 0.000000 0.406250
v 0.750000 0.000000 0.156250
v 0.656250 0.000000 0.218750
v 0.625000 0.000000 0.218750
v 0.593750 0.000000 0.156250
v 0.906250 0.000000 0.000000
v 0.875000 0.000000 0.093750
v 0.781250 0.000000 0.125000
v 0.250000 0.000000 0.406250
v 0.218750 0.000000 0.406250
v 0.156250 0.000000 0.500000
v 0.125000 0.000000 0.468750
v 0.343750 0.000000 0.406250
v 0.281250 0.000000 0.375000
v 0.281250 0.000000 0.343750
v 0.343750 0.000000 0.250000
v 0.406250 0.000000 0.468750
v 0.406250 0.000000 0.500000
v 0.375000 0.000000 0.406250
v 0.156250 0.000000 0.750000
v 0.125000 0.000000 0.781250
v 0.156250 0.000000 0.843750
v 0.093750 0.000000 0.875000
v 0.000000 0.000000 0.906250
v 0.250000 0.000000 0.656250
v 0.156250 0.000000 0.718750
v 0.125000 0.000000 0.718750
v 0.093750 0.000000 0.656250
v 0.375000 0.000000 0.531250
v 0.281250 0.000000 0.625000
v 0.906250 -0.000000 -0.656250
v 0.906250 -0.000000 -0.625000
v 1.000000 -0.000000 -0.656250
v 0.968750 -0.000000 -0.593750
v 0.906250 -0.000000 -0.500000
v 1.000000 -0.000000 -0.593750
v 0.906250 -0.000000 -0.750000
v 0.875000 -0.000000 -0.656250
v 0.843750 -0.000000 -0.625000
v 0.750000 -0.000000 -0.593750
v 0.906250 -0.000000 -0.906250
v 0.906250 -0.000000 -0.875000
v 1.000000 -0.000000 -0.906250
v 0.906250 -0.000000 -0.781250
v 1.000000 -0.000000 -0.843750
v 0.656250 -0.000000 -0.250000
v 0.625000 -0.000000 -0.218750
v 0.656250 -0.000000 -0.156250
v 0.593750 -0.000000 -0.125000
v 0.750000 -0.000000 -0.343750
v 0.656250 -0.000000 -0.281250
v 0.625000 -0.000000 -0.281250
v 0.593750 -0.000000 -0.343750
v 0.875000 -0.000000 -0.406250
v 0.906250 -0.000000 -0.406250
v 0.781250 -0.000000 -0.375000
v 0.906250 -0.000000 -0.156250
v 0.906250 -0.000000 -0.125000
v 1.000000 -0.000000 -0.156250
v 0.968750 -0.000000 -0.093750
v 1.000000 -0.000000 -0.093750
v 0.906250 -0.000000 -0.250000
v 0.875000 -0.000000 -0.156250
v 0.843750 -0.000000 -0.125000
v 0.750000 -0.000000 -0.093750
v 0.906250 -0.000000 -0.375000
v 1.000000 -0.000000 -0.406250
v 0.906250 -0.000000 -0.281250
v 1.000000 -0.000000 -0.343750
v 0.250000 -0.000000 -0.906250
v 0.281250 -0.000000 -0.906250
v 0.343750 -0.000000 -1.000000
v 0.375000 -0.000000 -0.968750
v 0.406250 -0.000000 -0.906250
v 0.406250 -0.000000 -1.000000
v 0.156250 -0.000000 -0.906250
v 0.218750 -0.000000 -0.875000
v 0.218750 -0.000000 -0.843750
v 0.156250 -0.000000 -0.750000
v 0.000000 -0.000000 -0.906250
v 0.031250 -0.000000 -0.906250
v 0.093750 -0.000000 -1.000000
v 0.125000 -0.000000 -0.906250
v 0.156250 -0.000000 -1.000000
v 0.406250 -0.000000 -0.656250
v 0.406250 -0.000000 -0.625000
v 0.500000 -0.000000 -0.656250
v 0.468750 -0.000000 -0.593750
v 0.406250 -0.000000 -0.750000
v 0.375000 -0.000000 -0.656250
v 0.343750 -0.000000 -0.625000
v 0.250000 -0.000000 -0.593750
v 0.468750 -0.000000 -0.875000
v 0.500000 -0.000000 -0.906250
v 0.406250 -0.000000 -0.781250
v 0.750000 -0.000000 -0.906250
v 0.781250 -0.000000 -0.906250
v 0.843750 -0.000000 -1.000000
v 0.875000 -0.000000 -0.906250
v 0.906250 -0.000000 -1.000000
v 0.656250 -0.000000 -0.906250
v 0.718750 -0.000000 -0.875000
v 0.718750 -0.000000 -0.843750
v 0.656250 -0.000000 -0.750000
v 0.531250 -0.000000 -0.906250
v 0.593750 -0.000000 -1.000000
v 0.625000 -0.000000 -0.906250
v 0.656250 -0.000000 -1.000000
v -0.093750 -0.000000 -0.656250
v -0.093750 -0.000000 -0.625000
v 0.000000 -0.000000 -0.656250
v -0.093750 -0.000000 -0.531250
v -0.093750 -0.000000 -0.500000
v -0.093750 -0.000000 -0.750000
v -0.125000 -0.000000 -0.656250
v -0.156250 -0.000000 -0.625000
v -0.250000 -0.000000 -0.593750
v -0.093750 -0.000000 -0.906250
v -0.031250 -0.000000 -0.875000
v -0.093750 -0.000000 -0.781250
v -0.343750 -0.000000 -0.250000
v -0.375000 -0.000000 -0.218750
v -0.343750 -0.000000 -0.156250
v -0.406250 -0.000000 -0.125000
v -0.250000 -0.000000 -0.343750
v -0.343750 -0.000000 -0.281250
v -0.375000 -0.000000 -0.281250
v -0.406250 -0.000000 -0.343750
v -0.125000 -0.000000 -0.406250
v -0.093750 -0.000000 -0.406250
v -0.218750 -0.000000 -0.375000
v -0.093750 -0.000000 -0.156250
v -0.093750 -0.000000 -0.125000
v 0.000000 -0.000000 -0.156250
v -0.031250 -0.000000 -0.093750
v -0.093750 0.000000 0.000000
v -0.093750 -0.000000 -0.250000
v -0.125000 -0.000000 -0.156250
v -0.156250 -0.000000 -0.125000
v -0.250000 -0.000000 -0.093750
v -0.093750 -0.000000 -0.375000
v -0.093750 -0.000000 -0.281250
v -0.750000 0.000000 0.093750
v -0.718750 0.000000 0.093750
v -0.625000 0.000000 0.093750
v -0.593750 0.000000 0.093750
v -0.843750 0.000000 0.093750
v -0.781250 0.000000 0.125000
v -0.781250 0.000000 0.156250
v -0.843750 0.000000 0.250000
v -1.000000 0.000000 0.093750
v -0.906250 0.000000 0.031250
v -0.875000 0.000000 0.093750
v -0.843750 0.000000 0.000000
v -0.593750 0.000000 0.343750
v -0.593750 0.000000 0.375000
v -0.500000 0.000000 0.343750
v -0.531250 0.000000 0.406250
v -0.593750 0.000000 0.250000
v -0.625000 0.000000 0.343750
v -0.656250 0.000000 0.375000
v -0.750000 0.000000 0.406250
v -0.531250 0.000000 0.125000
v -0.500000 0.000000 0.093750
v -0.593750 0.000000 0.218750
v -0.250000 0.000000 0.093750
v -0.218750 0.000000 0.093750
v -0.125000 0.000000 0.093750
v -0.093750 0.000000 0.093750
v -0.343750 0.000000 0.093750
v -0.281250 0.000000 0.125000
v -0.281250 0.000000 0.156250
v -0.343750 0.000000 0.250000
v -0.468750 0.000000 0.093750
v -0.375000 0.000000 0.093750
v -0.343750 0.000000 0.000000
v -0.750000 -0.000000 -0.906250
v -0.718750 -0.000000 -0.906250
v -0.656250 -0.000000 -1.000000
v -0.625000 -0.000000 -0.968750
v -0.593750 -0.000000 -0.906250
v -0.593750 -0.000000 -1.000000
v -0.843750 -0.000000 -0.906250
v -0.781250 -0.000000 -0.875000
v -0.781250 -0.000000 -0.843750
v -0.843750 -0.000000 -0.750000
v -1.000000 -0.000000 -0.906250
v -0.968750 -0.000000 -0.906250
v -0.906250 -0.000000 -1.000000
v -0.875000 -0.000000 -0.906250
v -0.843750 -0.000000 -1.000000
v -0.593750 -0.000000 -0.656250
v -0.593750 -0.000000 -0.625000
v -0.500000 -0.000000 -0.656250
v -0.531250 -0.000000 -0.593750
v -0.593750 -0.000000 -0.750000
v -0.625000 -0.000000 -0.656250
v -0.656250 -0.000000 -0.625000
v -0.750000 -0.000000 -0.593750
v -0.531250 -0.000000 -0.875000
v -0.500000 -0.000000 -0.906250
v -0.593750 -0.000000 -0.781250
v -0.250000 -0.000000 -0.906250
v -0.218750 -0.000000 -0.906250
v -0.156250 -0.000000 -1.000000
v -0.125000 -0.000000 -0.968750
v -0.093750 -0.000000 -1.000000
v -0.343750 -0.000000 -0.906250
v -0.281250 -0.000000 -0.875000
v -0.281250 -0.000000 -0.843750
v -0.343750 -0.000000 -0.750000
v -0.468750 -0.000000 -0.906250
v -0.406250 -0.000000 -1.000000
v -0.375000 -0.000000 -0.906250
v -0.343750 -0.000000 -1.000000
v -0.093750 0.000000 0.343750
v -0.093750 0.000000 0.375000
v -0.093750 0.000000 0.468750
v -0.093750 0.000000 0.500000
v -0.093750 0.000000 0.250000
v -0.125000 0.000000 0.343750
v -0.156250 0.000000 0.375000
v -0.250000 0.000000 0.406250
v -0.031250 0.000000 0.125000
v -0.093750 0.000000 0.218750
v 0.000000 0.000000 0.156250
v -0.343750 0.000000 0.750000
v -0.375000 0.000000 0.781250
v -0.343750 0.000000 0.843750
v -0.406250 0.000000 0.875000
v -0.250000 0.000000 0.656250
v -0.343750 0.000000 0.718750
v -0.375000 0.000000 0.718750
v -0.406250 0.000000 0.656250
v -0.125000 0.000000 0.593750
v -0.093750 0.000000 0.593750
v -0.218750 0.000000 0.625000
v -0.093750 0.000000 0.843750
v -0.093750 0.000000 0.875000
v -0.031250 0.000000 0.906250
v -0.093750 0.000000 1.000000
v -0.093750 0.000000 0.750000
v -0.125000 0.000000 0.843750
v -0.156250 0.000000 0.875000
v -0.250000 0.000000 0.906250
v -0.093750 0.000000 0.625000
v -0.093750 0.000000 0.718750
v 0.000000 0.000000 0.656250
v -0.281250 0.000000 0.875000
v -0.281250 0.000000 0.906250
v -0.343750 0.000000 1.000000
v -0.343750 0.000000 0.500000
v -0.375000 0.000000 0.593750
v -0.406250 0.000000 0.625000
v -0.343750 0.000000 0.343750
v -0.281250 0.000000 0.375000
v -0.281250 0.000000 0.406250
v -0.406250 -0.000000 -0.718750
v -0.375000 -0.000000 -0.718750
v -0.343750 -0.000000 -0.656250
v -0.843750 -0.000000 -0.656250
v -0.781250 -0.000000 -0.625000
v -0.781250 -0.000000 -0.593750
v -1.000000 -0.000000 -0.656250
v -0.906250 -0.000000 -0.718750
v -0.875000 -0.000000 -0.718750
v -0.406250 0.000000 0.281250
v -0.375000 0.000000 0.281250
v -0.843750 0.000000 0.343750
v -0.781250 0.000000 0.375000
v -0.781250 0.000000 0.406250
v -1.000000 0.000000 0.343750
v -0.906250 0.000000 0.281250
v -0.875000 0.000000 0.281250
v -0.281250 -0.000000 -0.125000
v -0.281250 -0.000000 -0.093750
v -0.343750 -0.000000 -0.500000
v -0.375000 -0.000000 -0.406250
v -0.406250 -0.000000 -0.375000
v -0.281250 -0.000000 -0.625000
v -0.281250 -0.000000 -0.593750
v 0.593750 -0.000000 -0.718750
v 0.625000 -0.000000 -0.718750
v 0.656250 -0.000000 -0.656250
v 0.156250 -0.000000 -0.656250
v 0.218750 -0.000000 -0.625000
v 0.218750 -0.000000 -0.593750
v 0.093750 -0.000000 -0.718750
v 0.125000 -0.000000 -0.718750
v 0.718750 -0.000000 -0.125000
v 0.718750 -0.000000 -0.093750
v 0.656250 0.000000 0.000000
v 0.656250 -0.000000 -0.500000
v 0.625000 -0.000000 -0.406250
v 0.593750 -0.000000 -0.375000
v 0.718750 -0.000000 -0.625000
v 0.718750 -0.000000 -0.593750
v 0.125000 0.000000 0.593750
v 0.093750 0.000000 0.625000
v 0.500000 0.000000 0.156250
v 0.406250 0.000000 0.218750
v 0.375000 0.000000 0.218750
v 0.625000 0.000000 0.093750
v 0.593750 0.000000 0.125000
v 0.718750 0.000000 0.875000
v 0.718750 0.000000 0.906250
v 0.656250 0.000000 1.000000
v 0.656250 0.000000 0.500000
v 0.625000 0.000000 0.593750
v 0.593750 0.000000 0.625000
v 0.718750 0.000000 0.375000
v 0.718750 0.000000 0.406250
v 0.218750 0.000000 0.875000
v 0.218750 0.000000 0.906250
v 0.156250 0.000000 1.000000
v 0.156250 0.000000 0.000000
v 0.125000 0.000000 0.093750
v 0.093750 0.000000 0.125000
v 0.156250 -0.000000 -0.156250
v 0.218750 -0.000000 -0.125000
v 0.218750 -0.000000 -0.093750
v 0.093750 -0.000000 -0.218750
v 0.125000 -0.000000 -0.218750
v -0.843750 -0.000000 -0.156250
v -0.781250 -0.000000 -0.125000
v -0.781250 -0.000000 -0.093750
v -1.000000 0.000000 0.843750
v -0.906250 0.000000 0.781250
v -0.875000 0.000000 0.781250
v -0.843750 0.000000 0.843750
v -1.000000 -0.000000 -0.156250
v -0.906250 -0.000000 -0.218750
v -0.875000 -0.000000 -0.218750
v -0.781250 0.000000 0.875000
v -0.781250 0.000000 0.906250
v -0.843750 0.000000 1.000000
v -0.968750 0.000000 0.968750
v -0.968750 0.000000 1.000000
v -0.875000 0.000000 0.906250
v -1.000000 -0.000000 -0.031250
v -0.968750 -0.000000 -0.031250
v -0.968750 -0.000000 -0.125000
v -1.000000 0.000000 0.968750
v -0.968750 0.000000 0.875000
v -0.968750 0.000000 0.000000
v -0.875000 -0.000000 -0.093750
v 0.000000 -0.000000 -0.031250
v 0.031250 -0.000000 -0.031250
v 0.093750 -0.000000 -0.125000
v 0.031250 0.000000 0.000000
v 0.125000 -0.000000 -0.093750
v 0.000000 0.000000 0.031250
v 0.093750 0.000000 0.031250
v 0.031250 0.000000 0.968750
v 0.031250 0.000000 1.000000
v 0.125000 0.000000 0.906250
v 0.531250 0.000000 0.468750
v 0.531250 0.000000 0.500000
v 0.625000 0.000000 0.406250
v 0.500000 0.000000 0.531250
v 0.593750 0.000000 0.531250
v 0.531250 0.000000 0.968750
v 0.531250 0.000000 1.000000
v 0.625000 0.000000 0.906250
v 0.531250 0.000000 0.000000
v 0.500000 0.000000 0.031250
v 0.593750 0.000000 0.031250
v 0.468750 0.000000 0.031250
v 0.468750 0.000000 0.125000
v 0.031250 0.000000 0.500000
v 0.000000 0.000000 0.531250
v 0.093750 0.000000 0.531250
v 0.531250 -0.000000 -0.531250
v 0.531250 -0.000000 -0.500000
v 0.625000 -0.000000 -0.593750
v 0.500000 -0.000000 -0.468750
v 0.593750 -0.000000 -0.468750
v 0.531250 -0.000000 -0.031250
v 0.625000 -0.000000 -0.093750
v 0.000000 -0.000000 -0.531250
v 0.031250 -0.000000 -0.531250
v 0.031250 -0.000000 -0.625000
v 0.031250 -0.000000 -0.500000
v 0.125000 -0.000000 -0.593750
v 0.500000 -0.000000 -0.531250
v 0.593750 -0.000000 -0.625000
v -0.468750 -0.000000 -0.531250
v -0.468750 -0.000000 -0.500000
v -0.375000 -0.000000 -0.593750
v -0.500000 -0.000000 -0.468750
v -0.406250 -0.000000 -0.468750
v -0.468750 -0.000000 -0.031250
v -0.468750 0.000000 0.000000
v -0.375000 -0.000000 -0.093750
v -1.000000 0.000000 0.468750
v -0.968750 0.000000 0.468750
v -0.968750 0.000000 0.375000
v -0.968750 0.000000 0.500000
v -0.875000 0.000000 0.406250
v -0.500000 0.000000 0.468750
v -0.468750 0.000000 0.468750
v -0.406250 0.000000 0.375000
v -1.000000 -0.000000 -0.531250
v -0.968750 -0.000000 -0.531250
v -0.968750 -0.000000 -0.625000
v -0.968750 -0.000000 -0.500000
v -0.875000 -0.000000 -0.593750
v -0.500000 -0.000000 -0.531250
v -0.468750 -0.000000 -0.625000
v -0.468750 0.000000 0.500000
v -0.375000 0.000000 0.406250
v -0.500000 0.000000 0.531250
v -0.406250 0.000000 0.531250
v -0.468750 0.000000 0.968750
v -0.468750 0.000000 1.000000
v -0.375000 0.000000 0.906250
v -0.218750 0.000000 0.718750
v -0.218750 0.000000 0.750000
v -0.125000 0.000000 0.656250
v -0.250000 0.000000 0.781250
v -0.156250 0.000000 0.781250
v -0.218750 0.000000 0.968750
v -0.218750 0.000000 1.000000
v -0.125000 0.000000 0.968750
v -0.218750 0.000000 0.500000
v -0.250000 0.000000 0.531250
v -0.156250 0.000000 0.531250
v -0.281250 0.000000 0.531250
v -0.281250 0.000000 0.625000
v -0.468750 0.000000 0.750000
v -0.500000 0.000000 0.781250
v -0.468750 0.000000 0.843750
v -0.218750 0.000000 0.218750
v -0.218750 0.000000 0.250000
v -0.125000 0.000000 0.156250
v -0.250000 0.000000 0.281250
v -0.156250 0.000000 0.281250
v -0.218750 0.000000 0.468750
v -0.125000 0.000000 0.468750
v -0.500000 -0.000000 -0.781250
v -0.468750 -0.000000 -0.781250
v -0.468750 -0.000000 -0.875000
v -0.468750 -0.000000 -0.750000
v -0.375000 -0.000000 -0.843750
v -0.250000 -0.000000 -0.781250
v -0.218750 -0.000000 -0.781250
v -0.156250 -0.000000 -0.875000
v -0.718750 -0.000000 -0.781250
v -0.718750 -0.000000 -0.750000
v -0.625000 -0.000000 -0.843750
v -0.750000 -0.000000 -0.718750
v -0.656250 -0.000000 -0.718750
v -0.718750 -0.000000 -0.531250
v -0.718750 -0.000000 -0.500000
v -0.625000 -0.000000 -0.531250
v -1.000000 -0.000000 -0.781250
v -0.968750 -0.000000 -0.781250
v -0.968750 -0.000000 -0.875000
v -0.968750 -0.000000 -0.750000
v -0.875000 -0.000000 -0.843750
v -0.750000 -0.000000 -0.781250
v -0.656250 -0.000000 -0.875000
v -0.500000 0.000000 0.218750
v -0.468750 0.000000 0.218750
v -0.468750 0.000000 0.125000
v -0.468750 0.000000 0.250000
v -0.375000 0.000000 0.156250
v -0.250000 0.000000 0.218750
v -0.156250 0.000000 0.125000
v -0.718750 0.000000 0.218750
v -0.718750 0.000000 0.250000
v -0.625000 0.000000 0.156250
v -0.750000 0.000000 0.281250
v -0.656250 0.000000 0.281250
v -0.718750 0.000000 0.468750
v -0.718750 0.000000 0.500000
v -0.625000 0.000000 0.468750
v -1.000000 0.000000 0.218750
v -0.968750 0.000000 0.218750
v -0.968750 0.000000 0.125000
v -0.968750 0.000000 0.250000
v -0.875000 0.000000 0.156250
v -0.750000 0.000000 0.218750
v -0.656250 0.000000 0.125000
v -0.218750 -0.000000 -0.281250
v -0.218750 -0.000000 -0.250000
v -0.125000 -0.000000 -0.343750
v -0.250000 -0.000000 -0.218750
v -0.156250 -0.000000 -0.218750
v -0.218750 -0.000000 -0.031250
v -0.218750 0.000000 0.000000
v -0.125000 -0.000000 -0.031250
v -0.218750 -0.000000 -0.500000
v -0.250000 -0.000000 -0.468750
v -0.156250 -0.000000 -0.468750
v -0.281250 -0.000000 -0.468750
v -0.281250 -0.000000 -0.375000
v -0.468750 -0.000000 -0.250000
v -0.500000 -0.000000 -0.218750
v -0.468750 -0.000000 -0.156250
v -0.218750 -0.000000 -0.750000
v -0.125000 -0.000000 -0.843750
v -0.250000 -0.000000 -0.718750
v -0.156250 -0.000000 -0.718750
v -0.218750 -0.000000 -0.531250
v -0.125000 -0.000000 -0.531250
v 0.500000 -0.000000 -0.781250
v 0.531250 -0.000000 -0.781250
v 0.531250 -0.000000 -0.875000
v 0.531250 -0.000000 -0.750000
v 0.625000 -0.000000 -0.843750
v 0.750000 -0.000000 -0.781250
v 0.781250 -0.000000 -0.781250
v 0.843750 -0.000000 -0.875000
v 0.281250 -0.000000 -0.781250
v 0.281250 -0.000000 -0.750000
v 0.375000 -0.000000 -0.843750
v 0.250000 -0.000000 -0.718750
v 0.343750 -0.000000 -0.718750
v 0.281250 -0.000000 -0.531250
v 0.281250 -0.000000 -0.500000
v 0.375000 -0.000000 -0.531250
v 0.000000 -0.000000 -0.781250
v 0.031250 -0.000000 -0.781250
v 0.031250 -0.000000 -0.875000
v 0.031250 -0.000000 -0.750000
v 0.125000 -0.000000 -0.843750
v 0.250000 -0.000000 -0.781250
v 0.343750 -0.000000 -0.875000
v 0.781250 -0.000000 -0.281250
v 0.781250 -0.000000 -0.250000
v 0.875000 -0.000000 -0.343750
v 0.750000 -0.000000 -0.218750
v 0.843750 -0.000000 -0.218750
v 0.781250 -0.000000 -0.031250
v 0.781250 0.000000 0.000000
v 0.875000 -0.000000 -0.031250
v 0.781250 -0.000000 -0.500000
v 0.750000 -0.000000 -0.468750
v 0.843750 -0.000000 -0.468750
v 0.718750 -0.000000 -0.468750
v 0.718750 -0.000000 -0.375000
v 0.531250 -0.000000 -0.250000
v 0.500000 -0.000000 -0.218750
v 0.531250 -0.000000 -0.156250
v 0.781250 -0.000000 -0.750000
v 0.875000 -0.000000 -0.843750
v 0.750000 -0.000000 -0.718750
v 0.843750 -0.000000 -0.718750
v 0.781250 -0.000000 -0.531250
v 0.875000 -0.000000 -0.531250
v 0.281250 0.000000 0.500000
v 0.250000 0.000000 0.531250
v 0.343750 0.000000 0.531250
v 0.218750 0.000000 0.531250
v 0.218750 0.000000 0.625000
v 0.031250 0.000000 0.750000
v 0.000000 0.000000 0.781250
v 0.031250 0.000000 0.843750
v 0.500000 0.000000 0.281250
v 0.468750 0.000000 0.281250
v 0.468750 0.000000 0.375000
v 0.468750 0.000000 0.250000
v 0.375000 0.000000 0.343750
v 0.250000 0.000000 0.281250
v 0.218750 0.000000 0.281250
v 0.156250 0.000000 0.375000
v 0.750000 0.000000 0.031250
v 0.843750 0.000000 0.031250
v 0.718750 0.000000 0.031250
v 0.718750 0.000000 0.125000
v 0.531250 0.000000 0.250000
v 0.531250 0.000000 0.343750
v 0.781250 0.000000 0.718750
v 0.781250 0.000000 0.750000
v 0.875000 0.000000 0.656250
v 0.750000 0.000000 0.781250
v 0.843750 0.000000 0.781250
v 0.781250 0.000000 0.968750
v 0.781250 0.000000 1.000000
v 0.875000 0.000000 0.968750
v 0.781250 0.000000 0.500000
v 0.750000 0.000000 0.531250
v 0.843750 0.000000 0.531250
v 0.718750 0.000000 0.531250
v 0.718750 0.000000 0.625000
v 0.531250 0.000000 0.750000
v 0.500000 0.000000 0.781250
v 0.531250 0.000000 0.843750
v 0.781250 0.000000 0.218750
v 0.781250 0.000000 0.250000
v 0.875000 0.000000 0.156250
v 0.750000 0.000000 0.281250
v 0.843750 0.000000 0.281250
v 0.781250 0.000000 0.468750
v 0.875000 0.000000 0.468750
v 0.281250 0.000000 0.718750
v 0.281250 0.000000 0.750000
v 0.375000 0.000000 0.656250
v 0.250000 0.000000 0.781250
v 0.343750 0.000000 0.781250
v 0.281250 0.000000 0.968750
v 0.281250 0.000000 1.000000
v 0.375000 0.000000 0.968750
v 0.281250 0.000000 0.000000
v 0.250000 0.000000 0.031250
v 0.343750 0.000000 0.031250
v 0.218750 0.000000 0.031250
v 0.218750 0.000000 0.125000
v 0.031250 0.000000 0.250000
v 0.000000 0.000000 0.281250
v 0.031250 0.000000 0.343750
v 0.281250 -0.000000 -0.281250
v 0.281250 -0.000000 -0.250000
v 0.375000 -0.000000 -0.343750
v 0.250000 -0.000000 -0.218750
v 0.343750 -0.000000 -0.218750
v 0.281250 -0.000000 -0.031250
v 0.375000 -0.000000 -0.031250
v 0.000000 -0.000000 -0.281250
v 0.031250 -0.000000 -0.281250
v 0.031250 -0.000000 -0.375000
v 0.031250 -0.000000 -0.250000
v 0.125000 -0.000000 -0.343750
v 0.250000 -0.000000 -0.281250
v 0.343750 -0.000000 -0.375000
v -0.718750 -0.000000 -0.281250
v -0.718750 -0.000000 -0.250000
v -0.625000 -0.000000 -0.343750
v -0.750000 -0.000000 -0.218750
v -0.656250 -0.000000 -0.218750
v -0.718750 -0.000000 -0.031250
v -0.718750 0.000000 0.000000
v -0.625000 -0.000000 -0.031250
v -1.000000 0.000000 0.718750
v -0.968750 0.000000 0.718750
v -0.968750 0.000000 0.625000
v -0.968750 0.000000 0.750000
v -0.875000 0.000000 0.656250
v -0.750000 0.000000 0.718750
v -0.718750 0.000000 0.718750
v -0.656250 0.000000 0.625000
v -1.000000 -0.000000 -0.281250
v -0.968750 -0.000000 -0.281250
v -0.968750 -0.000000 -0.375000
v -0.968750 -0.000000 -0.250000
v -0.875000 -0.000000 -0.343750
v -0.750000 -0.000000 -0.281250
v -0.656250 -0.000000 -0.375000
v -0.718750 0.000000 0.750000
v -0.625000 0.000000 0.656250
v -0.750000 0.000000 0.781250
v -0.656250 0.000000 0.781250
v -0.718750 0.000000 0.968750
v -0.718750 0.000000 1.000000
v -0.625000 0.000000 0.968750
v -0.531250 0.000000 0.781250
v -0.531250 0.000000 0.875000
v -0.593750 0.000000 0.968750
v -0.531250 0.000000 1.000000
v -0.500000 0.000000 0.968750
v -0.531250 0.000000 0.750000
v -0.625000 0.000000 0.781250
v -0.718750 0.000000 0.875000
v -0.750000 0.000000 0.968750
v -0.531250 0.000000 0.531250
v -0.593750 0.000000 0.625000
v -0.531250 0.000000 0.656250
v -0.500000 0.000000 0.718750
v -0.750000 -0.000000 -0.468750
v -0.656250 -0.000000 -0.468750
v -0.625000 -0.000000 -0.406250
v -0.531250 -0.000000 -0.468750
v -0.531250 -0.000000 -0.500000
v -0.781250 -0.000000 -0.468750
v -0.843750 -0.000000 -0.375000
v -0.843750 -0.000000 -0.281250
v -0.781250 -0.000000 -0.250000
v -1.000000 -0.000000 -0.468750
v -0.968750 -0.000000 -0.406250
v -0.875000 -0.000000 -0.468750
v -0.781250 -0.000000 -0.500000
v -0.750000 0.000000 0.531250
v -0.656250 0.000000 0.531250
v -0.625000 0.000000 0.531250
v -0.531250 0.000000 0.500000
v -0.781250 0.000000 0.531250
v -0.843750 0.000000 0.625000
v -0.843750 0.000000 0.718750
v -0.781250 0.000000 0.750000
v -1.000000 0.000000 0.531250
v -0.968750 0.000000 0.593750
v -0.875000 0.000000 0.531250
v -0.781250 0.000000 0.500000
v -0.531250 -0.000000 -0.218750
v -0.531250 -0.000000 -0.125000
v -0.593750 -0.000000 -0.031250
v -0.531250 0.000000 0.000000
v -0.500000 -0.000000 -0.031250
v -0.531250 -0.000000 -0.250000
v -0.625000 -0.000000 -0.218750
v -0.718750 -0.000000 -0.125000
v -0.750000 -0.000000 -0.031250
v -0.593750 -0.000000 -0.375000
v -0.531250 -0.000000 -0.343750
v -0.500000 -0.000000 -0.281250
v 0.250000 -0.000000 -0.468750
v 0.343750 -0.000000 -0.468750
v 0.375000 -0.000000 -0.468750
v 0.468750 -0.000000 -0.468750
v 0.468750 -0.000000 -0.500000
v 0.218750 -0.000000 -0.468750
v 0.156250 -0.000000 -0.375000
v 0.156250 -0.000000 -0.281250
v 0.218750 -0.000000 -0.250000
v 0.000000 -0.000000 -0.468750
v 0.031250 -0.000000 -0.406250
v 0.125000 -0.000000 -0.468750
v 0.218750 -0.000000 -0.500000
v 0.468750 -0.000000 -0.218750
v 0.468750 -0.000000 -0.125000
v 0.406250 -0.000000 -0.031250
v 0.468750 0.000000 0.000000
v 0.500000 -0.000000 -0.031250
v 0.468750 -0.000000 -0.250000
v 0.375000 -0.000000 -0.218750
v 0.281250 -0.000000 -0.125000
v 0.250000 -0.000000 -0.031250
v 0.406250 -0.000000 -0.375000
v 0.468750 -0.000000 -0.343750
v 0.500000 -0.000000 -0.281250
v 0.218750 0.000000 0.250000
v 0.125000 0.000000 0.343750
v 0.031250 0.000000 0.375000
v 0.000000 0.000000 0.468750
v 0.031250 0.000000 0.468750
v 0.250000 0.000000 0.218750
v 0.218750 0.000000 0.156250
v 0.125000 0.000000 0.156250
v 0.031250 0.000000 0.218750
v 0.375000 0.000000 0.031250
v 0.343750 0.000000 0.125000
v 0.281250 0.000000 0.218750
v 0.468750 0.000000 0.781250
v 0.468750 0.000000 0.875000
v 0.406250 0.000000 0.968750
v 0.468750 0.000000 1.000000
v 0.500000 0.000000 0.968750
v 0.468750 0.000000 0.750000
v 0.375000 0.000000 0.781250
v 0.281250 0.000000 0.875000
v 0.250000 0.000000 0.968750
v 0.468750 0.000000 0.531250
v 0.406250 0.000000 0.625000
v 0.468750 0.000000 0.656250
v 0.500000 0.000000 0.718750
v 0.968750 0.000000 0.281250
v 0.968750 0.000000 0.375000
v 1.000000 0.000000 0.281250
v 0.906250 0.000000 0.468750
v 0.968750 0.000000 0.500000
v 1.000000 0.000000 0.468750
v 0.968750 0.000000 0.250000
v 0.875000 0.000000 0.281250
v 0.781250 0.000000 0.375000
v 0.750000 0.000000 0.468750
v 0.968750 0.000000 0.031250
v 0.968750 0.000000 0.125000
v 1.000000 0.000000 0.031250
v 0.968750 0.000000 0.156250
v 1.000000 0.000000 0.218750
v 0.718750 0.000000 0.750000
v 0.625000 0.000000 0.843750
v 0.718750 0.000000 0.781250
v 0.531250 0.000000 0.875000
v 0.750000 0.000000 0.718750
v 0.718750 0.000000 0.656250
v 0.625000 0.000000 0.656250
v 0.531250 0.000000 0.718750
v 0.875000 0.000000 0.531250
v 0.968750 0.000000 0.531250
v 0.843750 0.000000 0.625000
v 0.968750 0.000000 0.781250
v 0.968750 0.000000 0.875000
v 1.000000 0.000000 0.781250
v 0.906250 0.000000 0.968750
v 0.968750 0.000000 1.000000
v 1.000000 0.000000 0.968750
v 0.968750 0.000000 0.750000
v 0.875000 0.000000 0.781250
v 0.781250 0.000000 0.875000
v 0.750000 0.000000 0.968750
v 0.968750 0.000000 0.625000
v 1.000000 0.000000 0.531250
v 0.968750 0.000000 0.656250
v 1.000000 0.000000 0.718750
v 0.718750 0.000000 0.250000
v 0.625000 0.000000 0.343750
v 0.718750 0.000000 0.281250
v 0.593750 0.000000 0.375000
v 0.500000 0.000000 0.468750
v 0.750000 0.000000 0.218750
v 0.718750 0.000000 0.156250
v 0.625000 0.000000 0.156250
v 0.531250 0.000000 0.218750
v 0.968750 0.000000 0.000000
v 0.875000 0.000000 0.031250
v 0.843750 0.000000 0.125000
v 0.250000 0.000000 0.468750
v 0.156250 0.000000 0.468750
v 0.218750 0.000000 0.500000
v 0.125000 0.000000 0.406250
v 0.281250 0.000000 0.468750
v 0.343750 0.000000 0.375000
v 0.343750 0.000000 0.281250
v 0.281250 0.000000 0.250000
v 0.468750 0.000000 0.406250
v 0.468750 0.000000 0.500000
v 0.375000 0.000000 0.468750
v 0.218750 0.000000 0.750000
v 0.125000 0.000000 0.843750
v 0.218750 0.000000 0.781250
v 0.031250 0.000000 0.875000
v 0.000000 0.000000 0.968750
v 0.250000 0.000000 0.718750
v 0.218750 0.000000 0.656250
v 0.125000 0.000000 0.656250
v 0.031250 0.000000 0.718750
v 0.375000 0.000000 0.593750
v 0.343750 0.000000 0.625000
v 0.968750 -0.000000 -0.718750
v 0.968750 -0.000000 -0.625000
v 1.000000 -0.000000 -0.718750
v 0.906250 -0.000000 -0.531250
v 0.968750 -0.000000 -0.500000
v 1.000000 -0.000000 -0.531250
v 0.968750 -0.000000 -0.750000
v 0.875000 -0.000000 -0.718750
v 0.781250 -0.000000 -0.625000
v 0.750000 -0.000000 -0.531250
v 0.968750 -0.000000 -0.968750
v 0.968750 -0.000000 -0.875000
v 1.000000 -0.000000 -0.968750
v 0.968750 -0.000000 -0.843750
v 1.000000 -0.000000 -0.781250
v 0.718750 -0.000000 -0.250000
v 0.625000 -0.000000 -0.156250
v 0.718750 -0.000000 -0.218750
v 0.531250 -0.000000 -0.125000
v 0.750000 -0.000000 -0.281250
v 0.718750 -0.000000 -0.343750
v 0.625000 -0.000000 -0.343750
v 0.531250 -0.000000 -0.281250
v 0.875000 -0.000000 -0.468750
v 0.968750 -0.000000 -0.468750
v 0.843750 -0.000000 -0.375000
v 0.968750 -0.000000 -0.218750
v 0.968750 -0.000000 -0.125000
v 1.000000 -0.000000 -0.218750
v 0.906250 -0.000000 -0.031250
v 1.000000 -0.000000 -0.031250
v 0.968750 -0.000000 -0.250000
v 0.875000 -0.000000 -0.218750
v 0.781250 -0.000000 -0.125000
v 0.750000 -0.000000 -0.031250
v 0.968750 -0.000000 -0.375000
v 1.000000 -0.000000 -0.468750
v 0.968750 -0.000000 -0.343750
v 1.000000 -0.000000 -0.281250
v 0.250000 -0.000000 -0.968750
v 0.343750 -0.000000 -0.968750
v 0.281250 -0.000000 -1.000000
v 0.375000 -0.000000 -0.906250
v 0.468750 -0.000000 -0.968750
v 0.468750 -0.000000 -1.000000
v 0.218750 -0.000000 -0.968750
v 0.156250 -0.000000 -0.875000
v 0.156250 -0.000000 -0.781250
v 0.218750 -0.000000 -0.750000
v 0.000000 -0.000000 -0.968750
v 0.093750 -0.000000 -0.968750
v 0.031250 -0.000000 -1.000000
v 0.125000 -0.000000 -0.968750
v 0.218750 -0.000000 -1.000000
v 0.468750 -0.000000 -0.718750
v 0.468750 -0.000000 -0.625000
v 0.500000 -0.000000 -0.718750
v 0.406250 -0.000000 -0.531250
v 0.468750 -0.000000 -0.750000
v 0.375000 -0.000000 -0.718750
v 0.281250 -0.000000 -0.625000
v 0.250000 -0.000000 -0.531250
v 0.406250 -0.000000 -0.875000
v 0.500000 -0.000000 -0.968750
v 0.468750 -0.000000 -0.843750
v 0.750000 -0.000000 -0.968750
v 0.843750 -0.000000 -0.968750
v 0.781250 -0.000000 -1.000000
v 0.875000 -0.000000 -0.968750
v 0.968750 -0.000000 -1.000000
v 0.718750 -0.000000 -0.968750
v 0.656250 -0.000000 -0.875000
v 0.656250 -0.000000 -0.781250
v 0.718750 -0.000000 -0.750000
v 0.593750 -0.000000 -0.968750
v 0.531250 -0.000000 -1.000000
v 0.625000 -0.000000 -0.968750
v 0.718750 -0.000000 -1.000000
v -0.031250 -0.000000 -0.718750
v -0.031250 -0.000000 -0.625000
v 0.000000 -0.000000 -0.718750
v -0.031250 -0.000000 -0.593750
v -0.031250 -0.000000 -0.500000
v -0.031250 -0.000000 -0.750000
v -0.125000 -0.000000 -0.718750
v -0.218750 -0.000000 -0.625000
v -0.250000 -0.000000 -0.531250
v -0.031250 -0.000000 -0.968750
v -0.093750 -0.000000 -0.875000
v -0.031250 -0.000000 -0.843750
v -0.281250 -0.000000 -0.250000
v -0.375000 -0.000000 -0.156250
v -0.281250 -0.000000 -0.218750
v -0.468750 -0.000000 -0.125000
v -0.250000 -0.000000 -0.281250
v -0.281250 -0.000000 -0.343750
v -0.375000 -0.000000 -0.343750
v -0.468750 -0.000000 -0.281250
v -0.125000 -0.000000 -0.468750
v -0.031250 -0.000000 -0.468750
v -0.156250 -0.000000 -0.375000
v -0.031250 -0.000000 -0.218750
v -0.031250 -0.000000 -0.125000
v 0.000000 -0.000000 -0.218750
v -0.093750 -0.000000 -0.031250
v -0.031250 0.000000 0.000000
v -0.031250 -0.000000 -0.250000
v -0.125000 -0.000000 -0.218750
v -0.218750 -0.000000 -0.125000
v -0.250000 -0.000000 -0.031250
v -0.031250 -0.000000 -0.375000
v -0.031250 -0.000000 -0.343750
v -0.750000 0.000000 0.031250
v -0.656250 0.000000 0.031250
v -0.625000 0.000000 0.031250
v -0.531250 0.000000 0.031250
v -0.781250 0.000000 0.031250
v -0.843750 0.000000 0.125000
v -0.843750 0.000000 0.218750
v -0.781250 0.000000 0.250000
v -1.000000 0.000000 0.031250
v -0.968750 0.000000 0.093750
v -0.875000 0.000000 0.031250
v -0.781250 0.000000 0.000000
v -0.531250 0.000000 0.281250
v -0.531250 0.000000 0.375000
v -0.500000 0.000000 0.281250
v -0.593750 0.000000 0.468750
v -0.531250 0.000000 0.250000
v -0.625000 0.000000 0.281250
v -0.718750 0.000000 0.375000
v -0.750000 0.000000 0.468750
v -0.593750 0.000000 0.125000
v -0.500000 0.000000 0.031250
v -0.531250 0.000000 0.156250
v -0.250000 0.000000 0.031250
v -0.156250 0.000000 0.031250
v -0.125000 0.000000 0.031250
v -0.031250 0.000000 0.031250
v -0.281250 0.000000 0.031250
v -0.343750 0.000000 0.125000
v -0.343750 0.000000 0.218750
v -0.281250 0.000000 0.250000
v -0.406250 0.000000 0.031250
v -0.375000 0.000000 0.031250
v -0.281250 0.000000 0.000000
v -0.750000 -0.000000 -0.968750
v -0.656250 -0.000000 -0.968750
v -0.718750 -0.000000 -1.000000
v -0.625000 -0.000000 -0.906250
v -0.531250 -0.000000 -0.968750
v -0.531250 -0.000000 -1.000000
v -0.781250 -0.000000 -0.968750
v -0.843750 -0.000000 -0.875000
v -0.843750 -0.000000 -0.781250
v -0.781250 -0.000000 -0.750000
v -1.000000 -0.000000 -0.968750
v -0.906250 -0.000000 -0.968750
v -0.968750 -0.000000 -1.000000
v -0.875000 -0.000000 -0.968750
v -0.781250 -0.000000 -1.000000
v -0.531250 -0.000000 -0.718750
v -0.531250 -0.000000 -0.625000
v -0.500000 -0.000000 -0.718750
v -0.593750 -0.000000 -0.531250
v -0.531250 -0.000000 -0.750000
v -0.625000 -0.000000 -0.718750
v -0.718750 -0.000000 -0.625000
v -0.750000 -0.000000 -0.531250
v -0.593750 -0.000000 -0.875000
v -0.500000 -0.000000 -0.968750
v -0.531250 -0.000000 -0.843750
v -0.250000 -0.000000 -0.968750
v -0.156250 -0.000000 -0.968750
v -0.218750 -0.000000 -1.000000
v -0.125000 -0.000000 -0.906250
v -0.031250 -0.000000 -1.000000
v -0.281250 -0.000000 -0.968750
v -0.343750 -0.000000 -0.875000
v -0.343750 -0.000000 -0.781250
v -0.281250 -0.000000 -0.750000
v -0.406250 -0.000000 -0.968750
v -0.468750 -0.000000 -1.000000
v -0.375000 -0.000000 -0.968750
v -0.281250 -0.000000 -1.000000
v -0.031250 0.000000 0.281250
v -0.031250 0.000000 0.375000
v -0.031250 0.000000 0.406250
v -0.031250 0.000000 0.500000
v -0.031250 0.000000 0.250000
v -0.125000 0.000000 0.281250
v -0.218750 0.000000 0.375000
v -0.250000 0.000000 0.468750
v -0.093750 0.000000 0.125000
v -0.031250 0.000000 0.156250
v 0.000000 0.000000 0.218750
v -0.281250 0.000000 0.750000
v -0.375000 0.000000 0.843750
v -0.281250 0.000000 0.781250
v -0.468750 0.000000 0.875000
v -0.250000 0.000000 0.718750
v -0.281250 0.000000 0.656250
v -0.375000 0.000000 0.656250
v -0.468750 0.000000 0.718750
v -0.125000 0.000000 0.531250
v -0.031250 0.000000 0.531250
v -0.156250 0.000000 0.625000
v -0.031250 0.000000 0.781250
v -0.031250 0.000000 0.875000
v -0.093750 0.000000 0.968750
v -0.031250 0.000000 1.000000
v -0.031250 0.000000 0.750000
v -0.125000 0.000000 0.781250
v -0.218750 0.000000 0.875000
v -0.250000 0.000000 0.968750
v -0.031250 0.000000 0.625000
v -0.031250 0.000000 0.656250
v 0.000000 0.000000 0.718750
v -0.343750 0.000000 0.875000
v -0.343750 0.000000 0.968750
v -0.281250 0.000000 1.000000
v -0.281250 0.000000 0.500000
v -0.375000 0.000000 0.531250
v -0.468750 0.000000 0.625000
v -0.281250 0.000000 0.281250
v -0.343750 0.000000 0.375000
v -0.343750 0.000000 0.468750
v -0.468750 -0.000000 -0.656250
v -0.375000 -0.000000 -0.656250
v -0.281250 -0.000000 -0.718750
v -0.781250 -0.000000 -0.718750
v -0.843750 -0.000000 -0.625000
v -0.843750 -0.000000 -0.531250
v -1.000000 -0.000000 -0.718750
v -0.968750 -0.000000 -0.656250
v -0.875000 -0.000000 -0.656250
v -0.468750 0.000000 0.343750
v -0.375000 0.000000 0.343750
v -0.781250 0.000000 0.281250
v -0.843750 0.000000 0.375000
v -0.843750 0.000000 0.468750
v -1.000000 0.000000 0.281250
v -0.968750 0.000000 0.343750
v -0.875000 0.000000 0.343750
v -0.343750 -0.000000 -0.125000
v -0.343750 -0.000000 -0.031250
v -0.281250 -0.000000 -0.500000
v -0.375000 -0.000000 -0.468750
v -0.468750 -0.000000 -0.375000
v -0.343750 -0.000000 -0.625000
v -0.343750 -0.000000 -0.531250
v 0.531250 -0.000000 -0.656250
v 0.625000 -0.000000 -0.656250
v 0.718750 -0.000000 -0.718750
v 0.218750 -0.000000 -0.718750
v 0.156250 -0.000000 -0.625000
v 0.156250 -0.000000 -0.531250
v 0.031250 -0.000000 -0.656250
v 0.125000 -0.000000 -0.656250
v 0.656250 -0.000000 -0.125000
v 0.656250 -0.000000 -0.031250
v 0.718750 0.000000 0.000000
v 0.718750 -0.000000 -0.500000
v 0.625000 -0.000000 -0.468750
v 0.531250 -0.000000 -0.375000
v 0.656250 -0.000000 -0.625000
v 0.656250 -0.000000 -0.531250
v 0.125000 0.000000 0.531250
v 0.031250 0.000000 0.625000
v 0.500000 0.000000 0.218750
v 0.468750 0.000000 0.156250
v 0.375000 0.000000 0.156250
v 0.625000 0.000000 0.031250
v 0.531250 0.000000 0.125000
v 0.656250 0.000000 0.875000
v 0.656250 0.000000 0.968750
v 0.718750 0.000000 1.000000
v 0.718750 0.000000 0.500000
v 0.625000 0.000000 0.531250
v 0.531250 0.000000 0.625000
v 0.656250 0.000000 0.375000
v 0.656250 0.000000 0.468750
v 0.156250 0.000000 0.875000
v 0.156250 0.000000 0.968750
v 0.218750 0.000000 1.000000
v 0.218750 0.000000 0.000000
v 0.125000 0.000000 0.031250
v 0.031250 0.000000 0.125000
v 0.218750 -0.000000 -0.218750
v 0.156250 -0.000000 -0.125000
v 0.156250 -0.000000 -0.031250
v 0.031250 -0.000000 -0.156250
v 0.125000 -0.000000 -0.156250
v -0.781250 -0.000000 -0.218750
v -0.843750 -0.000000 -0.125000
v -0.843750 -0.000000 -0.031250
v -1.000000 0.000000 0.781250
v -0.968750 0.000000 0.843750
v -0.875000 0.000000 0.843750
v -0.781250 0.000000 0.781250
v -1.000000 -0.000000 -0.218750
v -0.968750 -0.000000 -0.156250
v -0.875000 -0.000000 -0.156250
v -0.843750 0.000000 0.875000
v -0.843750 0.000000 0.968750
v -0.781250 0.000000 1.000000
v -0.781250 0.000000 0.937500
v -0.812500 0.000000 0.968750
v -0.781250 0.000000 0.968750
v -0.812500 0.000000 0.906250
v -0.843750 0.000000 0.906250
v -0.843750 0.000000 0.937500
v -0.781250 0.000000 0.812500
v -0.812500 0.000000 0.843750
v -0.781250 0.000000 0.843750
v -0.843750 -0.000000 -0.218750
v -0.843750 -0.000000 -0.187500
v -0.812500 -0.000000 -0.218750
v -0.906250 -0.000000 -0.187500
v -0.937500 -0.000000 -0.156250
v -0.906250 -0.000000 -0.156250
v -0.968750 -0.000000 -0.218750
v -0.968750 -0.000000 -0.187500
v -0.937500 -0.000000 -0.218750
v -0.843750 0.000000 0.781250
v -0.843750 0.000000 0.812500
v -0.812500 0.000000 0.781250
v -0.906250 0.000000 0.812500
v -0.937500 0.000000 0.843750
v -0.906250 0.000000 0.843750
v -0.968750 0.000000 0.781250
v -0.968750 0.000000 0.812500
v -0.937500 0.000000 0.781250
v -0.781250 -0.000000 -0.062500
v -0.812500 -0.000000 -0.031250
v -0.781250 -0.000000 -0.031250
v -0.812500 -0.000000 -0.093750
v -0.843750 -0.000000 -0.093750
v -0.843750 -0.000000 -0.062500
v -0.781250 -0.000000 -0.187500
v -0.812500 -0.000000 -0.156250
v -0.781250 -0.000000 -0.156250
v 0.156250 -0.000000 -0.218750
v 0.156250 -0.000000 -0.187500
v 0.187500 -0.000000 -0.218750
v 0.093750 -0.000000 -0.187500
v 0.062500 -0.000000 -0.156250
v 0.093750 -0.000000 -0.156250
v 0.031250 -0.000000 -0.218750
v 0.031250 -0.000000 -0.187500
v 0.062500 -0.000000 -0.218750
v 0.218750 -0.000000 -0.062500
v 0.187500 -0.000000 -0.031250
v 0.218750 -0.000000 -0.031250
v 0.187500 -0.000000 -0.093750
v 0.156250 -0.000000 -0.093750
v 0.156250 -0.000000 -0.062500
v 0.218750 -0.000000 -0.187500
v 0.187500 -0.000000 -0.156250
v 0.218750 -0.000000 -0.156250
v 0.062500 0.000000 0.156250
v 0.031250 0.000000 0.156250
v 0.031250 0.000000 0.187500
v 0.093750 0.000000 0.093750
v 0.093750 0.000000 0.062500
v 0.062500 0.000000 0.093750
v 0.187500 0.000000 0.031250
v 0.156250 0.000000 0.031250
v 0.156250 0.000000 0.062500
v 0.218750 0.000000 0.937500
v 0.187500 0.000000 0.968750
v 0.218750 0.000000 0.968750
v 0.187500 0.000000 0.906250
v 0.156250 0.000000 0.906250
v 0.156250 0.000000 0.937500
v 0.218750 0.000000 0.812500
v 0.187500 0.000000 0.843750
v 0.218750 0.000000 0.843750
v 0.718750 0.000000 0.437500
v 0.687500 0.000000 0.468750
v 0.718750 0.000000 0.468750
v 0.687500 0.000000 0.406250
v 0.656250 0.000000 0.406250
v 0.656250 0.000000 0.437500
v 0.718750 0.000000 0.312500
v 0.687500 0.000000 0.343750
v 0.718750 0.000000 0.343750
v 0.562500 0.000000 0.656250
v 0.531250 0.000000 0.656250
v 0.531250 0.000000 0.687500
v 0.593750 0.000000 0.593750
v 0.593750 0.000000 0.562500
v 0.562500 0.000000 0.593750
v 0.687500 0.000000 0.531250
v 0.656250 0.000000 0.531250
v 0.656250 0.000000 0.562500
v 0.718750 0.000000 0.937500
v 0.687500 0.000000 0.968750
v 0.718750 0.000000 0.968750
v 0.687500 0.000000 0.906250
v 0.656250 0.000000 0.906250
v 0.656250 0.000000 0.937500
v 0.718750 0.000000 0.812500
v 0.687500 0.000000 0.843750
v 0.718750 0.000000 0.843750
v 0.562500 0.000000 0.156250
v 0.531250 0.000000 0.156250
v 0.531250 0.000000 0.187500
v 0.593750 0.000000 0.093750
v 0.593750 0.000000 0.062500
v 0.562500 0.000000 0.093750
v 0.687500 0.000000 0.031250
v 0.656250 0.000000 0.031250
v 0.656250 0.000000 0.062500
v 0.343750 0.000000 0.218750
v 0.343750 0.000000 0.187500
v 0.312500 0.000000 0.218750
v 0.406250 0.000000 0.187500
v 0.437500 0.000000 0.156250
v 0.406250 0.000000 0.156250
v 0.468750 0.000000 0.218750
v 0.468750 0.000000 0.187500
v 0.437500 0.000000 0.218750
v 0.062500 0.000000 0.656250
v 0.031250 0.000000 0.656250
v 0.031250 0.000000 0.687500
v 0.093750 0.000000 0.593750
v 0.093750 0.000000 0.562500
v 0.062500 0.000000 0.593750
v 0.187500 0.000000 0.531250
v 0.156250 0.000000 0.531250
v 0.156250 0.000000 0.562500
v 0.718750 -0.000000 -0.562500
v 0.687500 -0.000000 -0.531250
v 0.718750 -0.000000 -0.531250
v 0.687500 -0.000000 -0.593750
v 0.656250 -0.000000 -0.593750
v 0.656250 -0.000000 -0.562500
v 0.718750 -0.000000 -0.687500
v 0.687500 -0.000000 -0.656250
v 0.718750 -0.000000 -0.656250
v 0.562500 -0.000000 -0.343750
v 0.531250 -0.000000 -0.343750
v 0.531250 -0.000000 -0.312500
v 0.593750 -0.000000 -0.406250
v 0.593750 -0.000000 -0.437500
v 0.562500 -0.000000 -0.406250
v 0.687500 -0.000000 -0.468750
v 0.656250 -0.000000 -0.468750
v 0.656250 -0.000000 -0.437500
v 0.718750 -0.000000 -0.062500
v 0.687500 -0.000000 -0.031250
v 0.718750 -0.000000 -0.031250
v 0.687500 -0.000000 -0.093750
v 0.656250 -0.000000 -0.093750
v 0.656250 -0.000000 -0.062500
v 0.718750 -0.000000 -0.187500
v 0.687500 -0.000000 -0.156250
v 0.718750 -0.000000 -0.156250
v 0.156250 -0.000000 -0.718750
v 0.156250 -0.000000 -0.687500
v 0.187500 -0.000000 -0.718750
v 0.093750 -0.000000 -0.687500
v 0.062500 -0.000000 -0.656250
v 0.093750 -0.000000 -0.656250
v 0.031250 -0.000000 -0.718750
v 0.031250 -0.000000 -0.687500
v 0.062500 -0.000000 -0.718750
v 0.218750 -0.000000 -0.562500
v 0.187500 -0.000000 -0.531250
v 0.218750 -0.000000 -0.531250
v 0.187500 -0.000000 -0.593750
v 0.156250 -0.000000 -0.593750
v 0.156250 -0.000000 -0.562500
v 0.218750 -0.000000 -0.687500
v 0.187500 -0.000000 -0.656250
v 0.218750 -0.000000 -0.656250
v 0.656250 -0.000000 -0.718750
v 0.656250 -0.000000 -0.687500
v 0.687500 -0.000000 -0.718750
v 0.593750 -0.000000 -0.687500
v 0.562500 -0.000000 -0.656250
v 0.593750 -0.000000 -0.656250
v 0.531250 -0.000000 -0.718750
v 0.531250 -0.000000 -0.687500
v 0.562500 -0.000000 -0.718750
v -0.281250 -0.000000 -0.562500
v -0.312500 -0.000000 -0.531250
v -0.281250 -0.000000 -0.531250
v -0.312500 -0.000000 -0.593750
v -0.343750 -0.000000 -0.593750
v -0.343750 -0.000000 -0.562500
v -0.281250 -0.000000 -0.687500
v -0.312500 -0.000000 -0.656250
v -0.281250 -0.000000 -0.656250
v -0.437500 -0.000000 -0.343750
v -0.468750 -0.000000 -0.343750
v -0.468750 -0.000000 -0.312500
v -0.406250 -0.000000 -0.406250
v -0.406250 -0.000000 -0.437500
v -0.437500 -0.000000 -0.406250
v -0.312500 -0.000000 -0.468750
v -0.343750 -0.000000 -0.468750
v -0.343750 -0.000000 -0.437500
v -0.281250 -0.000000 -0.062500
v -0.312500 -0.000000 -0.031250
v -0.281250 -0.000000 -0.031250
v -0.312500 -0.000000 -0.093750
v -0.343750 -0.000000 -0.093750
v -0.343750 -0.000000 -0.062500
v -0.281250 -0.000000 -0.187500
v -0.312500 -0.000000 -0.156250
v -0.281250 -0.000000 -0.156250
v -0.843750 0.000000 0.281250
v -0.843750 0.000000 0.312500
v -0.812500 0.000000 0.281250
v -0.906250 0.000000 0.312500
v -0.937500 0.000000 0.343750
v -0.906250 0.000000 0.343750
v -0.968750 0.000000 0.281250
v -0.968750 0.000000 0.312500
v -0.937500 0.000000 0.281250
v -0.781250 0.000000 0.437500
v -0.812500 0.000000 0.468750
v -0.781250 0.000000 0.468750
v -0.812500 0.000000 0.406250
v -0.843750 0.000000 0.406250
v -0.843750 0.000000 0.437500
v -0.781250 0.000000 0.312500
v -0.812500 0.000000 0.343750
v -0.781250 0.000000 0.343750
v -0.343750 0.000000 0.281250
v -0.343750 0.000000 0.312500
v -0.312500 0.000000 0.281250
v -0.406250 0.000000 0.312500
v -0.437500 0.000000 0.343750
v -0.406250 0.000000 0.343750
v -0.468750 0.000000 0.281250
v -0.468750 0.000000 0.312500
v -0.437500 0.000000 0.281250
v -0.843750 -0.000000 -0.718750
v -0.843750 -0.000000 -0.687500
v -0.812500 -0.000000 -0.718750
v -0.906250 -0.000000 -0.687500
v -0.937500 -0.000000 -0.656250
v -0.906250 -0.000000 -0.656250
v -0.968750 -0.000000 -0.718750
v -0.968750 -0.000000 -0.687500
v -0.937500 -0.000000 -0.718750
v -0.781250 -0.000000 -0.562500
v -0.812500 -0.000000 -0.531250
v -0.781250 -0.000000 -0.531250
v -0.812500 -0.000000 -0.593750
v -0.843750 -0.000000 -0.593750
v -0.843750 -0.000000 -0.562500
v -0.781250 -0.000000 -0.687500
v -0.812500 -0.000000 -0.656250
v -0.781250 -0.000000 -0.656250
v -0.343750 -0.000000 -0.718750
v -0.343750 -0.000000 -0.687500
v -0.312500 -0.000000 -0.718750
v -0.406250 -0.000000 -0.687500
v -0.437500 -0.000000 -0.656250
v -0.406250 -0.000000 -0.656250
v -0.468750 -0.000000 -0.718750
v -0.468750 -0.000000 -0.687500
v -0.437500 -0.000000 -0.718750
v -0.281250 0.000000 0.437500
v -0.312500 0.000000 0.468750
v -0.281250 0.000000 0.468750
v -0.312500 0.000000 0.406250
v -0.343750 0.000000 0.406250
v -0.343750 0.000000 0.437500
v -0.281250 0.000000 0.312500
v -0.312500 0.000000 0.343750
v -0.281250 0.000000 0.343750
v -0.437500 0.000000 0.656250
v -0.468750 0.000000 0.656250
v -0.468750 0.000000 0.687500
v -0.406250 0.000000 0.593750
v -0.406250 0.000000 0.562500
v -0.437500 0.000000 0.593750
v -0.312500 0.000000 0.531250
v -0.343750 0.000000 0.531250
v -0.343750 0.000000 0.562500
v -0.281250 0.000000 0.937500
v -0.312500 0.000000 0.968750
v -0.281250 0.000000 0.968750
v -0.312500 0.000000 0.906250
v -0.343750 0.000000 0.906250
v -0.343750 0.000000 0.937500
v -0.281250 0.000000 0.812500
v -0.312500 0.000000 0.843750
v -0.281250 0.000000 0.843750
v -0.031250 0.000000 0.687500
v -0.062500 0.000000 0.718750
v -0.031250 0.000000 0.718750
v -0.062500 0.000000 0.656250
v -0.093750 0.000000 0.656250
v -0.093750 0.000000 0.687500
v -0.031250 0.000000 0.562500
v -0.062500 0.000000 0.593750
v -0.031250 0.000000 0.593750
v -0.187500 0.000000 0.906250
v -0.218750 0.000000 0.906250
v -0.218750 0.000000 0.937500
v -0.156250 0.000000 0.843750
v -0.156250 0.000000 0.812500
v -0.187500 0.000000 0.843750
v -0.062500 0.000000 0.781250
v -0.093750 0.000000 0.781250
v -0.093750 0.000000 0.812500
v -0.031250 0.000000 0.937500
v -0.062500 0.000000 0.968750
v -0.031250 0.000000 0.968750
v -0.062500 0.000000 0.906250
v -0.093750 0.000000 0.906250
v -0.093750 0.000000 0.937500
v -0.031250 0.000000 0.812500
v -0.062500 0.000000 0.843750
v -0.031250 0.000000 0.843750
v -0.187500 0.000000 0.656250
v -0.218750 0.000000 0.656250
v -0.218750 0.000000 0.687500
v -0.156250 0.000000 0.593750
v -0.156250 0.000000 0.562500
v -0.187500 0.000000 0.593750
v -0.062500 0.000000 0.531250
v -0.093750 0.000000 0.531250
v -0.093750 0.000000 0.562500
v -0.406250 0.000000 0.718750
v -0.406250 0.000000 0.687500
v -0.437500 0.000000 0.718750
v -0.343750 0.000000 0.687500
v -0.312500 0.000000 0.656250
v -0.343750 0.000000 0.656250
v -0.281250 0.000000 0.718750
v -0.281250 0.000000 0.687500
v -0.312500 0.000000 0.718750
v -0.437500 0.000000 0.906250
v -0.468750 0.000000 0.906250
v -0.468750 0.000000 0.937500
v -0.406250 0.000000 0.843750
v -0.406250 0.000000 0.812500
v -0.437500 0.000000 0.843750
v -0.312500 0.000000 0.781250
v -0.343750 0.000000 0.781250
v -0.343750 0.000000 0.812500
v -0.031250 0.000000 0.187500
v -0.062500 0.000000 0.218750
v -0.031250 0.000000 0.218750
v -0.062500 0.000000 0.156250
v -0.093750 0.000000 0.156250
v -0.093750 0.000000 0.187500
v -0.031250 0.000000 0.062500
v -0.062500 0.000000 0.093750
v -0.031250 0.000000 0.093750
v -0.187500 0.000000 0.406250
v -0.218750 0.000000 0.406250
v -0.218750 0.000000 0.437500
v -0.156250 0.000000 0.343750
v -0.156250 0.000000 0.312500
v -0.187500 0.000000 0.343750
v -0.062500 0.000000 0.281250
v -0.093750 0.000000 0.281250
v -0.093750 0.000000 0.312500
v -0.031250 0.000000 0.437500
v -0.062500 0.000000 0.468750
v -0.031250 0.000000 0.468750
v -0.062500 0.000000 0.406250
v -0.093750 0.000000 0.406250
v -0.093750 0.000000 0.437500
v -0.031250 0.000000 0.312500
v -0.062500 0.000000 0.343750
v -0.031250 0.000000 0.343750
v -0.343750 -0.000000 -0.968750
v -0.343750 -0.000000 -0.937500
v -0.312500 -0.000000 -0.968750
v -0.406250 -0.000000 -0.937500
v -0.437500 -0.000000 -0.906250
v -0.406250 -0.000000 -0.906250
v -0.468750 -0.000000 -0.968750
v -0.468750 -0.000000 -0.937500
v -0.437500 -0.000000 -0.968750
v -0.281250 -0.000000 -0.812500
v -0.312500 -0.000000 -0.781250
v -0.281250 -0.000000 -0.781250
v -0.312500 -0.000000 -0.843750
v -0.343750 -0.000000 -0.843750
v -0.343750 -0.000000 -0.812500
v -0.281250 -0.000000 -0.937500
v -0.312500 -0.000000 -0.906250
v -0.281250 -0.000000 -0.906250
v -0.093750 -0.000000 -0.968750
v -0.093750 -0.000000 -0.937500
v -0.062500 -0.000000 -0.968750
v -0.156250 -0.000000 -0.937500
v -0.187500 -0.000000 -0.906250
v -0.156250 -0.000000 -0.906250
v -0.218750 -0.000000 -0.968750
v -0.218750 -0.000000 -0.937500
v -0.187500 -0.000000 -0.968750
v -0.531250 -0.000000 -0.812500
v -0.562500 -0.000000 -0.781250
v -0.531250 -0.000000 -0.781250
v -0.562500 -0.000000 -0.843750
v -0.593750 -0.000000 -0.843750
v -0.593750 -0.000000 -0.812500
v -0.531250 -0.000000 -0.937500
v -0.562500 -0.000000 -0.906250
v -0.531250 -0.000000 -0.906250
v -0.687500 -0.000000 -0.593750
v -0.718750 -0.000000 -0.593750
v -0.718750 -0.000000 -0.562500
v -0.656250 -0.000000 -0.656250
v -0.656250 -0.000000 -0.687500
v -0.687500 -0.000000 -0.656250
v -0.562500 -0.000000 -0.718750
v -0.593750 -0.000000 -0.718750
v -0.593750 -0.000000 -0.687500
v -0.531250 -0.000000 -0.562500
v -0.562500 -0.000000 -0.531250
v -0.531250 -0.000000 -0.531250
v -0.562500 -0.000000 -0.593750
v -0.593750 -0.000000 -0.593750
v -0.593750 -0.000000 -0.562500
v -0.531250 -0.000000 -0.687500
v -0.562500 -0.000000 -0.656250
v -0.531250 -0.000000 -0.656250
v -0.843750 -0.000000 -0.968750
v -0.843750 -0.000000 -0.937500
v -0.812500 -0.000000 -0.968750
v -0.906250 -0.000000 -0.937500
v -0.937500 -0.000000 -0.906250
v -0.906250 -0.000000 -0.906250
v -0.968750 -0.000000 -0.968750
v -0.968750 -0.000000 -0.937500
v -0.937500 -0.000000 -0.968750
v -0.781250 -0.000000 -0.812500
v -0.812500 -0.000000 -0.781250
v -0.781250 -0.000000 -0.781250
v -0.812500 -0.000000 -0.843750
v -0.843750 -0.000000 -0.843750
v -0.843750 -0.000000 -0.812500
v -0.781250 -0.000000 -0.937500
v -0.812500 -0.000000 -0.906250
v -0.781250 -0.000000 -0.906250
v -0.593750 -0.000000 -0.968750
v -0.593750 -0.000000 -0.937500
v -0.562500 -0.000000 -0.968750
v -0.656250 -0.000000 -0.937500
v -0.687500 -0.000000 -0.906250
v -0.656250 -0.000000 -0.906250
v -0.718750 -0.000000 -0.968750
v -0.718750 -0.000000 -0.937500
v -0.687500 -0.000000 -0.968750
v -0.343750 0.000000 0.031250
v -0.343750 0.000000 0.062500
v -0.312500 0.000000 0.031250
v -0.406250 0.000000 0.062500
v -0.437500 0.000000 0.093750
v -0.406250 0.000000 0.093750
v -0.468750 0.000000 0.031250
v -0.468750 0.000000 0.062500
v -0.437500 0.000000 0.031250
v -0.281250 0.000000 0.187500
v -0.312500 0.000000 0.218750
v -0.281250 0.000000 0.218750
v -0.312500 0.000000 0.156250
v -0.343750 0.000000 0.156250
v -0.343750 0.000000 0.187500
v -0.281250 0.000000 0.062500
v -0.312500 0.000000 0.093750
v -0.281250 0.000000 0.093750
v -0.093750 0.000000 0.031250
v -0.093750 0.000000 0.062500
v -0.062500 0.000000 0.031250
v -0.156250 0.000000 0.062500
v -0.187500 0.000000 0.093750
v -0.156250 0.000000 0.093750
v -0.218750 0.000000 0.031250
v -0.218750 0.000000 0.062500
v -0.187500 0.000000 0.031250
v -0.531250 0.000000 0.187500
v -0.562500 0.000000 0.218750
v -0.531250 0.000000 0.218750
v -0.562500 0.000000 0.156250
v -0.593750 0.000000 0.156250
v -0.593750 0.000000 0.187500
v -0.531250 0.000000 0.062500
v -0.562500 0.000000 0.093750
v -0.531250 0.000000 0.093750
v -0.687500 0.000000 0.406250
v -0.718750 0.000000 0.406250
v -0.718750 0.000000 0.437500
v -0.656250 0.000000 0.343750
v -0.656250 0.000000 0.312500
v -0.687500 0.000000 0.343750
v -0.562500 0.000000 0.281250
v -0.593750 0.000000 0.281250
v -0.593750 0.000000 0.312500
v -0.531250 0.000000 0.437500
v -0.562500 0.000000 0.468750
v -0.531250 0.000000 0.468750
v -0.562500 0.000000 0.406250
v -0.593750 0.000000 0.406250
v -0.593750 0.000000 0.437500
v -0.531250 0.000000 0.312500
v -0.562500 0.000000 0.343750
v -0.531250 0.000000 0.343750
v -0.843750 0.000000 0.031250
v -0.843750 0.000000 0.062500
v -0.812500 0.000000 0.031250
v -0.906250 0.000000 0.062500
v -0.937500 0.000000 0.093750
v -0.906250 0.000000 0.093750
v -0.968750 0.000000 0.031250
v -0.968750 0.000000 0.062500
v -0.937500 0.000000 0.031250
v -0.781250 0.000000 0.187500
v -0.812500 0.000000 0.218750
v -0.781250 0.000000 0.218750
v -0.812500 0.000000 0.156250
v -0.843750 0.000000 0.156250
v -0.843750 0.000000 0.187500
v -0.781250 0.000000 0.062500
v -0.812500 0.000000 0.093750
v -0.781250 0.000000 0.093750
v -0.593750 0.000000 0.031250
v -0.593750 0.000000 0.062500
v -0.562500 0.000000 0.031250
v -0.656250 0.000000 0.062500
v -0.687500 0.000000 0.093750
v -0.656250 0.000000 0.093750
v -0.718750 0.000000 0.031250
v -0.718750 0.000000 0.062500
v -0.687500 0.000000 0.031250
v -0.031250 -0.000000 -0.312500
v -0.062500 -0.000000 -0.281250
v -0.031250 -0.000000 -0.281250
v -0.062500 -0.000000 -0.343750
v -0.093750 -0.000000 -0.343750
v -0.093750 -0.000000 -0.312500
v -0.031250 -0.000000 -0.437500
v -0.062500 -0.000000 -0.406250
v -0.031250 -0.000000 -0.406250
v -0.187500 -0.000000 -0.093750
v -0.218750 -0.000000 -0.093750
v -0.218750 -0.000000 -0.062500
v -0.156250 -0.000000 -0.156250
v -0.156250 -0.000000 -0.187500
v -0.187500 -0.000000 -0.156250
v -0.062500 -0.000000 -0.218750
v -0.093750 -0.000000 -0.218750
v -0.093750 -0.000000 -0.187500
v -0.031250 -0.000000 -0.062500
v -0.062500 -0.000000 -0.031250
v -0.031250 -0.000000 -0.031250
v -0.062500 -0.000000 -0.093750
v -0.093750 -0.000000 -0.093750
v -0.093750 -0.000000 -0.062500
v -0.031250 -0.000000 -0.187500
v -0.062500 -0.000000 -0.156250
v -0.031250 -0.000000 -0.156250
v -0.187500 -0.000000 -0.343750
v -0.218750 -0.000000 -0.343750
v -0.218750 -0.000000 -0.312500
v -0.156250 -0.000000 -0.406250
v -0.156250 -0.000000 -0.437500
v -0.187500 -0.000000 -0.406250
v -0.062500 -0.000000 -0.468750
v -0.093750 -0.000000 -0.468750
v -0.093750 -0.000000 -0.437500
v -0.406250 -0.000000 -0.281250
v -0.406250 -0.000000 -0.312500
v -0.437500 -0.000000 -0.281250
v -0.343750 -0.000000 -0.312500
v -0.312500 -0.000000 -0.343750
v -0.343750 -0.000000 -0.343750
v -0.281250 -0.000000 -0.281250
v -0.281250 -0.000000 -0.312500
v -0.312500 -0.000000 -0.281250
v -0.437500 -0.000000 -0.093750
v -0.468750 -0.000000 -0.093750
v -0.468750 -0.000000 -0.062500
v -0.406250 -0.000000 -0.156250
v -0.406250 -0.000000 -0.187500
v -0.437500 -0.000000 -0.156250
v -0.312500 -0.000000 -0.218750
v -0.343750 -0.000000 -0.218750
v -0.343750 -0.000000 -0.187500
v -0.031250 -0.000000 -0.812500
v -0.062500 -0.000000 -0.781250
v -0.031250 -0.000000 -0.781250
v -0.062500 -0.000000 -0.843750
v -0.093750 -0.000000 -0.843750
v -0.093750 -0.000000 -0.812500
v -0.031250 -0.000000 -0.937500
v -0.062500 -0.000000 -0.906250
v -0.031250 -0.000000 -0.906250
v -0.187500 -0.000000 -0.593750
v -0.218750 -0.000000 -0.593750
v -0.218750 -0.000000 -0.562500
v -0.156250 -0.000000 -0.656250
v -0.156250 -0.000000 -0.687500
v -0.187500 -0.000000 -0.656250
v -0.062500 -0.000000 -0.718750
v -0.093750 -0.000000 -0.718750
v -0.093750 -0.000000 -0.687500
v -0.031250 -0.000000 -0.562500
v -0.062500 -0.000000 -0.531250
v -0.031250 -0.000000 -0.531250
v -0.062500 -0.000000 -0.593750
v -0.093750 -0.000000 -0.593750
v -0.093750 -0.000000 -0.562500
v -0.031250 -0.000000 -0.687500
v -0.062500 -0.000000 -0.656250
v -0.031250 -0.000000 -0.656250
v 0.656250 -0.000000 -0.968750
v 0.656250 -0.000000 -0.937500
v 0.687500 -0.000000 -0.968750
v 0.593750 -0.000000 -0.937500
v 0.562500 -0.000000 -0.906250
v 0.593750 -0.000000 -0.906250
v 0.531250 -0.000000 -0.968750
v 0.531250 -0.000000 -0.937500
v 0.562500 -0.000000 -0.968750
v 0.718750 -0.000000 -0.812500
v 0.687500 -0.000000 -0.781250
v 0.718750 -0.000000 -0.781250
v 0.687500 -0.000000 -0.843750
v 0.656250 -0.000000 -0.843750
v 0.656250 -0.000000 -0.812500
v 0.718750 -0.000000 -0.937500
v 0.687500 -0.000000 -0.906250
v 0.718750 -0.000000 -0.906250
v 0.906250 -0.000000 -0.968750
v 0.906250 -0.000000 -0.937500
v 0.937500 -0.000000 -0.968750
v 0.843750 -0.000000 -0.937500
v 0.812500 -0.000000 -0.906250
v 0.843750 -0.000000 -0.906250
v 0.781250 -0.000000 -0.968750
v 0.781250 -0.000000 -0.937500
v 0.812500 -0.000000 -0.968750
v 0.468750 -0.000000 -0.812500
v 0.437500 -0.000000 -0.781250
v 0.468750 -0.000000 -0.781250
v 0.437500 -0.000000 -0.843750
v 0.406250 -0.000000 -0.843750
v 0.406250 -0.000000 -0.812500
v 0.468750 -0.000000 -0.937500
v 0.437500 -0.000000 -0.906250
v 0.468750 -0.000000 -0.906250
v 0.312500 -0.000000 -0.593750
v 0.281250 -0.000000 -0.593750
v 0.281250 -0.000000 -0.562500
v 0.343750 -0.000000 -0.656250
v 0.343750 -0.000000 -0.687500
v 0.312500 -0.000000 -0.656250
v 0.437500 -0.000000 -0.718750
v 0.406250 -0.000000 -0.718750
v 0.406250 -0.000000 -0.687500
v 0.468750 -0.000000 -0.562500
v 0.437500 -0.000000 -0.531250
v 0.468750 -0.000000 -0.531250
v 0.437500 -0.000000 -0.593750
v 0.406250 -0.000000 -0.593750
v 0.406250 -0.000000 -0.562500
v 0.468750 -0.000000 -0.687500
v 0.437500 -0.000000 -0.656250
v 0.468750 -0.000000 -0.656250
v 0.156250 -0.000000 -0.968750
v 0.156250 -0.000000 -0.937500
v 0.187500 -0.000000 -0.968750
v 0.093750 -0.000000 -0.937500
v 0.062500 -0.000000 -0.906250
v 0.093750 -0.000000 -0.906250
v 0.031250 -0.000000 -0.968750
v 0.031250 -0.000000 -0.937500
v 0.062500 -0.000000 -0.968750
v 0.218750 -0.000000 -0.812500
v 0.187500 -0.000000 -0.781250
v 0.218750 -0.000000 -0.781250
v 0.187500 -0.000000 -0.843750
v 0.156250 -0.000000 -0.843750
v 0.156250 -0.000000 -0.812500
v 0.218750 -0.000000 -0.937500
v 0.187500 -0.000000 -0.906250
v 0.218750 -0.000000 -0.906250
v 0.406250 -0.000000 -0.968750
v 0.406250 -0.000000 -0.937500
v 0.437500 -0.000000 -0.968750
v 0.343750 -0.000000 -0.937500
v 0.312500 -0.000000 -0.906250
v 0.343750 -0.000000 -0.906250
v 0.281250 -0.000000 -0.968750
v 0.281250 -0.000000 -0.937500
v 0.312500 -0.000000 -0.968750
v 0.968750 -0.000000 -0.312500
v 0.937500 -0.000000 -0.281250
v 0.968750 -0.000000 -0.281250
v 0.937500 -0.000000 -0.343750
v 0.906250 -0.000000 -0.343750
v 0.906250 -0.000000 -0.312500
v 0.968750 -0.000000 -0.437500
v 0.937500 -0.000000 -0.406250
v 0.968750 -0.000000 -0.406250
v 0.812500 -0.000000 -0.093750
v 0.781250 -0.000000 -0.093750
v 0.781250 -0.000000 -0.062500
v 0.843750 -0.000000 -0.156250
v 0.843750 -0.000000 -0.187500
v 0.812500 -0.000000 -0.156250
v 0.937500 -0.000000 -0.218750
v 0.906250 -0.000000 -0.218750
v 0.906250 -0.000000 -0.187500
v 0.968750 -0.000000 -0.062500
v 0.937500 -0.000000 -0.031250
v 0.968750 -0.000000 -0.031250
v 0.937500 -0.000000 -0.093750
v 0.906250 -0.000000 -0.093750
v 0.906250 -0.000000 -0.062500
v 0.968750 -0.000000 -0.187500
v 0.937500 -0.000000 -0.156250
v 0.968750 -0.000000 -0.156250
v 0.812500 -0.000000 -0.343750
v 0.781250 -0.000000 -0.343750
v 0.781250 -0.000000 -0.312500
v 0.843750 -0.000000 -0.406250
v 0.843750 -0.000000 -0.437500
v 0.812500 -0.000000 -0.406250
v 0.937500 -0.000000 -0.468750
v 0.906250 -0.000000 -0.468750
v 0.906250 -0.000000 -0.437500
v 0.593750 -0.000000 -0.281250
v 0.593750 -0.000000 -0.312500
v 0.562500 -0.000000 -0.281250
v 0.656250 -0.000000 -0.312500
v 0.687500 -0.000000 -0.343750
v 0.656250 -0.000000 -0.343750
v 0.718750 -0.000000 -0.281250
v 0.718750 -0.000000 -0.312500
v 0.687500 -0.000000 -0.281250
v 0.562500 -0.000000 -0.093750
v 0.531250 -0.000000 -0.093750
v 0.531250 -0.000000 -0.062500
v 0.593750 -0.000000 -0.156250
v 0.593750 -0.000000 -0.187500
v 0.562500 -0.000000 -0.156250
v 0.687500 -0.000000 -0.218750
v 0.656250 -0.000000 -0.218750
v 0.656250 -0.000000 -0.187500
v 0.968750 -0.000000 -0.812500
v 0.937500 -0.000000 -0.781250
v 0.968750 -0.000000 -0.781250
v 0.937500 -0.000000 -0.843750
v 0.906250 -0.000000 -0.843750
v 0.906250 -0.000000 -0.812500
v 0.968750 -0.000000 -0.937500
v 0.937500 -0.000000 -0.906250
v 0.968750 -0.000000 -0.906250
v 0.812500 -0.000000 -0.593750
v 0.781250 -0.000000 -0.593750
v 0.781250 -0.000000 -0.562500
v 0.843750 -0.000000 -0.656250
v 0.843750 -0.000000 -0.687500
v 0.812500 -0.000000 -0.656250
v 0.937500 -0.000000 -0.718750
v 0.906250 -0.000000 -0.718750
v 0.906250 -0.000000 -0.687500
v 0.968750 -0.000000 -0.562500
v 0.937500 -0.000000 -0.531250
v 0.968750 -0.000000 -0.531250
v 0.937500 -0.000000 -0.593750
v 0.906250 -0.000000 -0.593750
v 0.906250 -0.000000 -0.562500
v 0.968750 -0.000000 -0.687500
v 0.937500 -0.000000 -0.656250
v 0.968750 -0.000000 -0.656250
v 0.312500 0.000000 0.656250
v 0.281250 0.000000 0.656250
v 0.281250 0.000000 0.687500
v 0.343750 0.000000 0.593750
v 0.343750 0.000000 0.562500
v 0.312500 0.000000 0.593750
v 0.437500 0.000000 0.531250
v 0.406250 0.000000 0.531250
v 0.406250 0.000000 0.562500
v 0.093750 0.000000 0.718750
v 0.093750 0.000000 0.687500
v 0.062500 0.000000 0.718750
v 0.156250 0.000000 0.687500
v 0.187500 0.000000 0.656250
v 0.156250 0.000000 0.656250
v 0.218750 0.000000 0.718750
v 0.218750 0.000000 0.687500
v 0.187500 0.000000 0.718750
v 0.062500 0.000000 0.906250
v 0.031250 0.000000 0.906250
v 0.031250 0.000000 0.937500
v 0.093750 0.000000 0.843750
v 0.093750 0.000000 0.812500
v 0.062500 0.000000 0.843750
v 0.187500 0.000000 0.781250
v 0.156250 0.000000 0.781250
v 0.156250 0.000000 0.812500
v 0.343750 0.000000 0.468750
v 0.343750 0.000000 0.437500
v 0.312500 0.000000 0.468750
v 0.406250 0.000000 0.437500
v 0.437500 0.000000 0.406250
v 0.406250 0.000000 0.406250
v 0.468750 0.000000 0.468750
v 0.468750 0.000000 0.437500
v 0.437500 0.000000 0.468750
v 0.281250 0.000000 0.312500
v 0.312500 0.000000 0.281250
v 0.281250 0.000000 0.281250
v 0.312500 0.000000 0.343750
v 0.343750 0.000000 0.343750
v 0.343750 0.000000 0.312500
v 0.281250 0.000000 0.437500
v 0.312500 0.000000 0.406250
v 0.281250 0.000000 0.406250
v 0.093750 0.000000 0.468750
v 0.093750 0.000000 0.437500
v 0.062500 0.000000 0.468750
v 0.156250 0.000000 0.437500
v 0.187500 0.000000 0.406250
v 0.156250 0.000000 0.406250
v 0.218750 0.000000 0.468750
v 0.218750 0.000000 0.437500
v 0.187500 0.000000 0.468750
v 0.812500 0.000000 0.156250
v 0.781250 0.000000 0.156250
v 0.781250 0.000000 0.187500
v 0.843750 0.000000 0.093750
v 0.843750 0.000000 0.062500
v 0.812500 0.000000 0.093750
v 0.937500 0.000000 0.031250
v 0.906250 0.000000 0.031250
v 0.906250 0.000000 0.062500
v 0.593750 0.000000 0.218750
v 0.593750 0.000000 0.187500
v 0.562500 0.000000 0.218750
v 0.656250 0.000000 0.187500
v 0.687500 0.000000 0.156250
v 0.656250 0.000000 0.156250
v 0.718750 0.000000 0.218750
v 0.718750 0.000000 0.187500
v 0.687500 0.000000 0.218750
v 0.562500 0.000000 0.406250
v 0.531250 0.000000 0.406250
v 0.531250 0.000000 0.437500
v 0.593750 0.000000 0.343750
v 0.593750 0.000000 0.312500
v 0.562500 0.000000 0.343750
v 0.687500 0.000000 0.281250
v 0.656250 0.000000 0.281250
v 0.656250 0.000000 0.312500
v 0.968750 0.000000 0.687500
v 0.937500 0.000000 0.718750
v 0.968750 0.000000 0.718750
v 0.937500 0.000000 0.656250
v 0.906250 0.000000 0.656250
v 0.906250 0.000000 0.687500
v 0.968750 0.000000 0.562500
v 0.937500 0.000000 0.593750
v 0.968750 0.000000 0.593750
v 0.812500 0.000000 0.906250
v 0.781250 0.000000 0.906250
v 0.781250 0.000000 0.937500
v 0.843750 0.000000 0.843750
v 0.843750 0.000000 0.812500
v 0.812500 0.000000 0.843750
v 0.937500 0.000000 0.781250
v 0.906250 0.000000 0.781250
v 0.906250 0.000000 0.812500
v 0.968750 0.000000 0.937500
v 0.937500 0.000000 0.968750
v 0.968750 0.000000 0.968750
v 0.937500 0.000000 0.906250
v 0.906250 0.000000 0.906250
v 0.906250 0.000000 0.937500
v 0.968750 0.000000 0.812500
v 0.937500 0.000000 0.843750
v 0.968750 0.000000 0.843750
v 0.812500 0.000000 0.656250
v 0.781250 0.000000 0.656250
v 0.781250 0.000000 0.687500
v 0.843750 0.000000 0.593750
v 0.843750 0.000000 0.562500
v 0.812500 0.000000 0.593750
v 0.937500 0.000000 0.531250
v 0.906250 0.000000 0.531250
v 0.906250 0.000000 0.562500
v 0.593750 0.000000 0.718750
v 0.593750 0.000000 0.687500
v 0.562500 0.000000 0.718750
v 0.656250 0.000000 0.687500
v 0.687500 0.000000 0.656250
v 0.656250 0.000000 0.656250
v 0.718750 0.000000 0.718750
v 0.718750 0.000000 0.687500
v 0.687500 0.000000 0.718750
v 0.562500 0.000000 0.906250
v 0.531250 0.000000 0.906250
v 0.531250 0.000000 0.937500
v 0.593750 0.000000 0.843750
v 0.593750 0.000000 0.812500
v 0.562500 0.000000 0.843750
v 0.687500 0.000000 0.781250
v 0.656250 0.000000 0.781250
v 0.656250 0.000000 0.812500
v 0.968750 0.000000 0.187500
v 0.937500 0.000000 0.218750
v 0.968750 0.000000 0.218750
v 0.937500 0.000000 0.156250
v 0.906250 0.000000 0.156250
v 0.906250 0.000000 0.187500
v 0.968750 0.000000 0.062500
v 0.937500 0.000000 0.093750
v 0.968750 0.000000 0.093750
v 0.812500 0.000000 0.406250
v 0.781250 0.000000 0.406250
v 0.781250 0.000000 0.437500
v 0.843750 0.000000 0.343750
v 0.843750 0.000000 0.312500
v 0.812500 0.000000 0.343750
v 0.937500 0.000000 0.281250
v 0.906250 0.000000 0.281250
v 0.906250 0.000000 0.312500
v 0.968750 0.000000 0.437500
v 0.937500 0.000000 0.468750
v 0.968750 0.000000 0.468750
v 0.937500 0.000000 0.406250
v 0.906250 0.000000 0.406250
v 0.906250 0.000000 0.437500
v 0.968750 0.000000 0.312500
v 0.937500 0.000000 0.343750
v 0.968750 0.000000 0.343750
v 0.468750 0.000000 0.687500
v 0.437500 0.000000 0.718750
v 0.468750 0.000000 0.718750
v 0.437500 0.000000 0.656250
v 0.406250 0.000000 0.656250
v 0.406250 0.000000 0.687500
v 0.468750 0.000000 0.562500
v 0.437500 0.000000 0.593750
v 0.468750 0.000000 0.593750
v 0.312500 0.000000 0.906250
v 0.281250 0.000000 0.906250
v 0.281250 0.000000 0.937500
v 0.343750 0.000000 0.843750
v 0.343750 0.000000 0.812500
v 0.312500 0.000000 0.843750
v 0.437500 0.000000 0.781250
v 0.406250 0.000000 0.781250
v 0.406250 0.000000 0.812500
v 0.468750 0.000000 0.937500
v 0.437500 0.000000 0.968750
v 0.468750 0.000000 0.968750
v 0.437500 0.000000 0.906250
v 0.406250 0.000000 0.906250
v 0.406250 0.000000 0.937500
v 0.468750 0.000000 0.812500
v 0.437500 0.000000 0.843750
v 0.468750 0.000000 0.843750
v 0.312500 0.000000 0.156250
v 0.281250 0.000000 0.156250
v 0.281250 0.000000 0.187500
v 0.343750 0.000000 0.093750
v 0.343750 0.000000 0.062500
v 0.312500 0.000000 0.093750
v 0.437500 0.000000 0.031250
v 0.406250 0.000000 0.031250
v 0.406250 0.000000 0.062500
v 0.093750 0.000000 0.218750
v 0.093750 0.000000 0.187500
v 0.062500 0.000000 0.218750
v 0.156250 0.000000 0.187500
v 0.187500 0.000000 0.156250
v 0.156250 0.000000 0.156250
v 0.218750 0.000000 0.218750
v 0.218750 0.000000 0.187500
v 0.187500 0.000000 0.218750
v 0.062500 0.000000 0.406250
v 0.031250 0.000000 0.406250
v 0.031250 0.000000 0.437500
v 0.093750 0.000000 0.343750
v 0.093750 0.000000 0.312500
v 0.062500 0.000000 0.343750
v 0.187500 0.000000 0.281250
v 0.156250 0.000000 0.281250
v 0.156250 0.000000 0.312500
v 0.468750 -0.000000 -0.312500
v 0.437500 -0.000000 -0.281250
v 0.468750 -0.000000 -0.281250
v 0.437500 -0.000000 -0.343750
v 0.406250 -0.000000 -0.343750
v 0.406250 -0.000000 -0.312500
v 0.468750 -0.000000 -0.437500
v 0.437500 -0.000000 -0.406250
v 0.468750 -0.000000 -0.406250
v 0.312500 -0.000000 -0.093750
v 0.281250 -0.000000 -0.093750
v 0.281250 -0.000000 -0.062500
v 0.343750 -0.000000 -0.156250
v 0.343750 -0.000000 -0.187500
v 0.312500 -0.000000 -0.156250
v 0.437500 -0.000000 -0.218750
v 0.406250 -0.000000 -0.218750
v 0.406250 -0.000000 -0.187500
v 0.468750 -0.000000 -0.062500
v 0.437500 -0.000000 -0.031250
v 0.468750 -0.000000 -0.031250
v 0.437500 -0.000000 -0.093750
v 0.406250 -0.000000 -0.093750
v 0.406250 -0.000000 -0.062500
v 0.468750 -0.000000 -0.187500
v 0.437500 -0.000000 -0.156250
v 0.468750 -0.000000 -0.156250
v 0.156250 -0.000000 -0.468750
v 0.156250 -0.000000 -0.437500
v 0.187500 -0.000000 -0.468750
v 0.093750 -0.000000 -0.437500
v 0.062500 -0.000000 -0.406250
v 0.093750 -0.000000 -0.406250
v 0.031250 -0.000000 -0.468750
v 0.031250 -0.000000 -0.437500
v 0.062500 -0.000000 -0.468750
v 0.218750 -0.000000 -0.312500
v 0.187500 -0.000000 -0.281250
v 0.218750 -0.000000 -0.281250
v 0.187500 -0.000000 -0.343750
v 0.156250 -0.000000 -0.343750
v 0.156250 -0.000000 -0.312500
v 0.218750 -0.000000 -0.437500
v 0.187500 -0.000000 -0.406250
v 0.218750 -0.000000 -0.406250
v 0.406250 -0.000000 -0.468750
v 0.406250 -0.000000 -0.437500
v 0.437500 -0.000000 -0.468750
v 0.343750 -0.000000 -0.437500
v 0.312500 -0.000000 -0.406250
v 0.343750 -0.000000 -0.406250
v 0.281250 -0.000000 -0.468750
v 0.281250 -0.000000 -0.437500
v 0.312500 -0.000000 -0.468750
v -0.531250 -0.000000 -0.312500
v -0.562500 -0.000000 -0.281250
v -0.531250 -0.000000 -0.281250
v -0.562500 -0.000000 -0.343750
v -0.593750 -0.000000 -0.343750
v -0.593750 -0.000000 -0.312500
v -0.531250 -0.000000 -0.437500
v -0.562500 -0.000000 -0.406250
v -0.531250 -0.000000 -0.406250
v -0.687500 -0.000000 -0.093750
v -0.718750 -0.000000 -0.093750
v -0.718750 -0.000000 -0.062500
v -0.656250 -0.000000 -0.156250
v -0.656250 -0.000000 -0.187500
v -0.687500 -0.000000 -0.156250
v -0.562500 -0.000000 -0.218750
v -0.593750 -0.000000 -0.218750
v -0.593750 -0.000000 -0.187500
v -0.531250 -0.000000 -0.062500
v -0.562500 -0.000000 -0.031250
v -0.531250 -0.000000 -0.031250
v -0.562500 -0.000000 -0.093750
v -0.593750 -0.000000 -0.093750
v -0.593750 -0.000000 -0.062500
v -0.531250 -0.000000 -0.187500
v -0.562500 -0.000000 -0.156250
v -0.531250 -0.000000 -0.156250
v -0.843750 0.000000 0.531250
v -0.843750 0.000000 0.562500
v -0.812500 0.000000 0.531250
v -0.906250 0.000000 0.562500
v -0.937500 0.000000 0.593750
v -0.906250 0.000000 0.593750
v -0.968750 0.000000 0.531250
v -0.968750 0.000000 0.562500
v -0.937500 0.000000 0.531250
v -0.781250 0.000000 0.687500
v -0.812500 0.000000 0.718750
v -0.781250 0.000000 0.718750
v -0.812500 0.000000 0.656250
v -0.843750 0.000000 0.656250
v -0.843750 0.000000 0.687500
v -0.781250 0.000000 0.562500
v -0.812500 0.000000 0.593750
v -0.781250 0.000000 0.593750
v -0.593750 0.000000 0.531250
v -0.593750 0.000000 0.562500
v -0.562500 0.000000 0.531250
v -0.656250 0.000000 0.562500
v -0.687500 0.000000 0.593750
v -0.656250 0.000000 0.593750
v -0.718750 0.000000 0.531250
v -0.718750 0.000000 0.562500
v -0.687500 0.000000 0.531250
v -0.843750 -0.000000 -0.468750
v -0.843750 -0.000000 -0.437500
v -0.812500 -0.000000 -0.468750
v -0.906250 -0.000000 -0.437500
v -0.937500 -0.000000 -0.406250
v -0.906250 -0.000000 -0.406250
v -0.968750 -0.000000 -0.468750
v -0.968750 -0.000000 -0.437500
v -0.937500 -0.000000 -0.468750
v -0.781250 -0.000000 -0.312500
v -0.812500 -0.000000 -0.281250
v -0.781250 -0.000000 -0.281250
v -0.812500 -0.000000 -0.343750
v -0.843750 -0.000000 -0.343750
v -0.843750 -0.000000 -0.312500
v -0.781250 -0.000000 -0.437500
v -0.812500 -0.000000 -0.406250
v -0.781250 -0.000000 -0.406250
v -0.593750 -0.000000 -0.468750
v -0.593750 -0.000000 -0.437500
v -0.562500 -0.000000 -0.468750
v -0.656250 -0.000000 -0.437500
v -0.687500 -0.000000 -0.406250
v -0.656250 -0.000000 -0.406250
v -0.718750 -0.000000 -0.468750
v -0.718750 -0.000000 -0.437500
v -0.687500 -0.000000 -0.468750
v -0.531250 0.000000 0.687500
v -0.562500 0.000000 0.718750
v -0.531250 0.000000 0.718750
v -0.562500 0.000000 0.656250
v -0.593750 0.000000 0.656250
v -0.593750 0.000000 0.687500
v -0.531250 0.000000 0.562500
v -0.562500 0.000000 0.593750
v -0.531250 0.000000 0.593750
v -0.687500 0.000000 0.906250
v -0.718750 0.000000 0.906250
v -0.718750 0.000000 0.937500
v -0.656250 0.000000 0.843750
v -0.656250 0.000000 0.812500
v -0.687500 0.000000 0.843750
v -0.562500 0.000000 0.781250
v -0.593750 0.000000 0.781250
v -0.593750 0.000000 0.812500
v -0.531250 0.000000 0.937500
v -0.562500 0.000000 0.968750
v -0.531250 0.000000 0.968750
v -0.562500 0.000000 0.906250
v -0.593750 0.000000 0.906250
v -0.593750 0.000000 0.937500
v -0.531250 0.000000 0.812500
v -0.562500 0.000000 0.843750
v -0.531250 0.000000 0.843750
v -0.656250 0.000000 0.937500
v -0.687500 0.000000 0.968750
v -0.656250 0.000000 0.968750
v -0.687500 0.000000 0.781250
v -0.718750 0.000000 0.781250
v -0.718750 0.000000 0.812500
v -0.656250 0.000000 0.687500
v -0.687500 0.000000 0.718750
v -0.656250 0.000000 0.718750
v -0.718750 -0.000000 -0.343750
v -0.718750 -0.000000 -0.312500
v -0.687500 -0.000000 -0.343750
v -0.906250 -0.000000 -0.312500
v -0.937500 -0.000000 -0.281250
v -0.906250 -0.000000 -0.281250
v -0.968750 -0.000000 -0.343750
v -0.968750 -0.000000 -0.312500
v -0.937500 -0.000000 -0.343750
v -0.718750 0.000000 0.656250
v -0.718750 0.000000 0.687500
v -0.687500 0.000000 0.656250
v -0.906250 0.000000 0.687500
v -0.937500 0.000000 0.718750
v -0.906250 0.000000 0.718750
v -0.968750 0.000000 0.656250
v -0.968750 0.000000 0.687500
v -0.937500 0.000000 0.656250
v -0.656250 -0.000000 -0.062500
v -0.687500 -0.000000 -0.031250
v -0.656250 -0.000000 -0.031250
v -0.687500 -0.000000 -0.218750
v -0.718750 -0.000000 -0.218750
v -0.718750 -0.000000 -0.187500
v -0.656250 -0.000000 -0.312500
v -0.687500 -0.000000 -0.281250
v -0.656250 -0.000000 -0.281250
v 0.281250 -0.000000 -0.343750
v 0.281250 -0.000000 -0.312500
v 0.312500 -0.000000 -0.343750
v 0.093750 -0.000000 -0.312500
v 0.062500 -0.000000 -0.281250
v 0.093750 -0.000000 -0.281250
v 0.031250 -0.000000 -0.343750
v 0.031250 -0.000000 -0.312500
v 0.062500 -0.000000 -0.343750
v 0.343750 -0.000000 -0.062500
v 0.312500 -0.000000 -0.031250
v 0.343750 -0.000000 -0.031250
v 0.312500 -0.000000 -0.218750
v 0.281250 -0.000000 -0.218750
v 0.281250 -0.000000 -0.187500
v 0.343750 -0.000000 -0.312500
v 0.312500 -0.000000 -0.281250
v 0.343750 -0.000000 -0.281250
v 0.062500 0.000000 0.281250
v 0.031250 0.000000 0.281250
v 0.031250 0.000000 0.312500
v 0.218750 0.000000 0.093750
v 0.218750 0.000000 0.062500
v 0.187500 0.000000 0.093750
v 0.312500 0.000000 0.031250
v 0.281250 0.000000 0.031250
v 0.281250 0.000000 0.062500
v 0.343750 0.000000 0.937500
v 0.312500 0.000000 0.968750
v 0.343750 0.000000 0.968750
v 0.312500 0.000000 0.781250
v 0.281250 0.000000 0.781250
v 0.281250 0.000000 0.812500
v 0.343750 0.000000 0.687500
v 0.312500 0.000000 0.718750
v 0.343750 0.000000 0.718750
v 0.843750 0.000000 0.437500
v 0.812500 0.000000 0.468750
v 0.843750 0.000000 0.468750
v 0.812500 0.000000 0.281250
v 0.781250 0.000000 0.281250
v 0.781250 0.000000 0.312500
v 0.843750 0.000000 0.187500
v 0.812500 0.000000 0.218750
v 0.843750 0.000000 0.218750
v 0.562500 0.000000 0.781250
v 0.531250 0.000000 0.781250
v 0.531250 0.000000 0.812500
v 0.718750 0.000000 0.593750
v 0.718750 0.000000 0.562500
v 0.687500 0.000000 0.593750
v 0.812500 0.000000 0.531250
v 0.781250 0.000000 0.531250
v 0.781250 0.000000 0.562500
v 0.843750 0.000000 0.937500
v 0.812500 0.000000 0.968750
v 0.843750 0.000000 0.968750
v 0.812500 0.000000 0.781250
v 0.781250 0.000000 0.781250
v 0.781250 0.000000 0.812500
v 0.843750 0.000000 0.687500
v 0.812500 0.000000 0.718750
v 0.843750 0.000000 0.718750
v 0.562500 0.000000 0.281250
v 0.531250 0.000000 0.281250
v 0.531250 0.000000 0.312500
v 0.718750 0.000000 0.093750
v 0.718750 0.000000 0.062500
v 0.687500 0.000000 0.093750
v 0.812500 0.000000 0.031250
v 0.781250 0.000000 0.031250
v 0.781250 0.000000 0.062500
v 0.218750 0.000000 0.343750
v 0.218750 0.000000 0.312500
v 0.187500 0.000000 0.343750
v 0.406250 0.000000 0.312500
v 0.437500 0.000000 0.281250
v 0.406250 0.000000 0.281250
v 0.468750 0.000000 0.343750
v 0.468750 0.000000 0.312500
v 0.437500 0.000000 0.343750
v 0.062500 0.000000 0.781250
v 0.031250 0.000000 0.781250
v 0.031250 0.000000 0.812500
v 0.218750 0.000000 0.593750
v 0.218750 0.000000 0.562500
v 0.187500 0.000000 0.593750
v 0.312500 0.000000 0.531250
v 0.281250 0.000000 0.531250
v 0.281250 0.000000 0.562500
v 0.843750 -0.000000 -0.562500
v 0.812500 -0.000000 -0.531250
v 0.843750 -0.000000 -0.531250
v 0.812500 -0.000000 -0.718750
v 0.781250 -0.000000 -0.718750
v 0.781250 -0.000000 -0.687500
v 0.843750 -0.000000 -0.812500
v 0.812500 -0.000000 -0.781250
v 0.843750 -0.000000 -0.781250
v 0.562500 -0.000000 -0.218750
v 0.531250 -0.000000 -0.218750
v 0.531250 -0.000000 -0.187500
v 0.718750 -0.000000 -0.406250
v 0.718750 -0.000000 -0.437500
v 0.687500 -0.000000 -0.406250
v 0.812500 -0.000000 -0.468750
v 0.781250 -0.000000 -0.468750
v 0.781250 -0.000000 -0.437500
v 0.843750 -0.000000 -0.062500
v 0.812500 -0.000000 -0.031250
v 0.843750 -0.000000 -0.031250
v 0.812500 -0.000000 -0.218750
v 0.781250 -0.000000 -0.218750
v 0.781250 -0.000000 -0.187500
v 0.843750 -0.000000 -0.312500
v 0.812500 -0.000000 -0.281250
v 0.843750 -0.000000 -0.281250
v 0.281250 -0.000000 -0.843750
v 0.281250 -0.000000 -0.812500
v 0.312500 -0.000000 -0.843750
v 0.093750 -0.000000 -0.812500
v 0.062500 -0.000000 -0.781250
v 0.093750 -0.000000 -0.781250
v 0.031250 -0.000000 -0.843750
v 0.031250 -0.000000 -0.812500
v 0.062500 -0.000000 -0.843750
v 0.343750 -0.000000 -0.562500
v 0.312500 -0.000000 -0.531250
v 0.343750 -0.000000 -0.531250
v 0.312500 -0.000000 -0.718750
v 0.281250 -0.000000 -0.718750
v 0.281250 -0.000000 -0.687500
v 0.343750 -0.000000 -0.812500
v 0.312500 -0.000000 -0.781250
v 0.343750 -0.000000 -0.781250
v 0.781250 -0.000000 -0.843750
v 0.781250 -0.000000 -0.812500
v 0.812500 -0.000000 -0.843750
v 0.593750 -0.000000 -0.812500
v 0.562500 -0.000000 -0.781250
v 0.593750 -0.000000 -0.781250
v 0.531250 -0.000000 -0.843750
v 0.531250 -0.000000 -0.812500
v 0.562500 -0.000000 -0.843750
v -0.156250 -0.000000 -0.562500
v -0.187500 -0.000000 -0.531250
v -0.156250 -0.000000 -0.531250
v -0.187500 -0.000000 -0.718750
v -0.218750 -0.000000 -0.718750
v -0.218750 -0.000000 -0.687500
v -0.156250 -0.000000 -0.812500
v -0.187500 -0.000000 -0.781250
v -0.156250 -0.000000 -0.781250
v -0.437500 -0.000000 -0.218750
v -0.468750 -0.000000 -0.218750
v -0.468750 -0.000000 -0.187500
v -0.281250 -0.000000 -0.406250
v -0.281250 -0.000000 -0.437500
v -0.312500 -0.000000 -0.406250
v -0.187500 -0.000000 -0.468750
v -0.218750 -0.000000 -0.468750
v -0.218750 -0.000000 -0.437500
v -0.156250 -0.000000 -0.062500
v -0.187500 -0.000000 -0.031250
v -0.156250 -0.000000 -0.031250
v -0.187500 -0.000000 -0.218750
v -0.218750 -0.000000 -0.218750
v -0.218750 -0.000000 -0.187500
v -0.156250 -0.000000 -0.312500
v -0.187500 -0.000000 -0.281250
v -0.156250 -0.000000 -0.281250
v -0.718750 0.000000 0.156250
v -0.718750 0.000000 0.187500
v -0.687500 0.000000 0.156250
v -0.906250 0.000000 0.187500
v -0.937500 0.000000 0.218750
v -0.906250 0.000000 0.218750
v -0.968750 0.000000 0.156250
v -0.968750 0.000000 0.187500
v -0.937500 0.000000 0.156250
v -0.656250 0.000000 0.437500
v -0.687500 0.000000 0.468750
v -0.656250 0.000000 0.468750
v -0.687500 0.000000 0.281250
v -0.718750 0.000000 0.281250
v -0.718750 0.000000 0.312500
v -0.656250 0.000000 0.187500
v -0.687500 0.000000 0.218750
v -0.656250 0.000000 0.218750
v -0.218750 0.000000 0.156250
v -0.218750 0.000000 0.187500
v -0.187500 0.000000 0.156250
v -0.406250 0.000000 0.187500
v -0.437500 0.000000 0.218750
v -0.406250 0.000000 0.218750
v -0.468750 0.000000 0.156250
v -0.468750 0.000000 0.187500
v -0.437500 0.000000 0.156250
v -0.718750 -0.000000 -0.843750
v -0.718750 -0.000000 -0.812500
v -0.687500 -0.000000 -0.843750
v -0.906250 -0.000000 -0.812500
v -0.937500 -0.000000 -0.781250
v -0.906250 -0.000000 -0.781250
v -0.968750 -0.000000 -0.843750
v -0.968750 -0.000000 -0.812500
v -0.937500 -0.000000 -0.843750
v -0.656250 -0.000000 -0.562500
v -0.687500 -0.000000 -0.531250
v -0.656250 -0.000000 -0.531250
v -0.687500 -0.000000 -0.718750
v -0.718750 -0.000000 -0.718750
v -0.718750 -0.000000 -0.687500
v -0.656250 -0.000000 -0.812500
v -0.687500 -0.000000 -0.781250
v -0.656250 -0.000000 -0.781250
v -0.218750 -0.000000 -0.843750
v -0.218750 -0.000000 -0.812500
v -0.187500 -0.000000 -0.843750
v -0.406250 -0.000000 -0.812500
v -0.437500 -0.000000 -0.781250
v -0.406250 -0.000000 -0.781250
v -0.468750 -0.000000 -0.843750
v -0.468750 -0.000000 -0.812500
v -0.437500 -0.000000 -0.843750
v -0.156250 0.000000 0.437500
v -0.187500 0.000000 0.468750
v -0.156250 0.000000 0.468750
v -0.187500 0.000000 0.281250
v -0.218750 0.000000 0.281250
v -0.218750 0.000000 0.312500
v -0.156250 0.000000 0.187500
v -0.187500 0.000000 0.218750
v -0.156250 0.000000 0.218750
v -0.437500 0.000000 0.781250
v -0.468750 0.000000 0.781250
v -0.468750 0.000000 0.812500
v -0.281250 0.000000 0.593750
v -0.281250 0.000000 0.562500
v -0.312500 0.000000 0.593750
v -0.187500 0.000000 0.531250
v -0.218750 0.000000 0.531250
v -0.218750 0.000000 0.562500
v -0.156250 0.000000 0.937500
v -0.187500 0.000000 0.968750
v -0.156250 0.000000 0.968750
v -0.187500 0.000000 0.781250
v -0.218750 0.000000 0.781250
v -0.218750 0.000000 0.812500
v -0.156250 0.000000 0.687500
v -0.187500 0.000000 0.718750
v -0.156250 0.000000 0.718750
v -0.406250 0.000000 0.937500
v -0.437500 0.000000 0.968750
v -0.406250 0.000000 0.968750
v -0.437500 0.000000 0.531250
v -0.468750 0.000000 0.531250
v -0.468750 0.000000 0.562500
v -0.406250 0.000000 0.437500
v -0.437500 0.000000 0.468750
v -0.406250 0.000000 0.468750
v -0.468750 -0.000000 -0.593750
v -0.468750 -0.000000 -0.562500
v -0.437500 -0.000000 -0.593750
v -0.906250 -0.000000 -0.562500
v -0.937500 -0.000000 -0.531250
v -0.906250 -0.000000 -0.531250
v -0.968750 -0.000000 -0.593750
v -0.968750 -0.000000 -0.562500
v -0.937500 -0.000000 -0.593750
v -0.468750 0.000000 0.406250
v -0.468750 0.000000 0.437500
v -0.437500 0.000000 0.406250
v -0.906250 0.000000 0.437500
v -0.937500 0.000000 0.468750
v -0.906250 0.000000 0.468750
v -0.968750 0.000000 0.406250
v -0.968750 0.000000 0.437500
v -0.937500 0.000000 0.406250
v -0.406250 -0.000000 -0.062500
v -0.437500 -0.000000 -0.031250
v -0.406250 -0.000000 -0.031250
v -0.437500 -0.000000 -0.468750
v -0.468750 -0.000000 -0.468750
v -0.468750 -0.000000 -0.437500
v -0.406250 -0.000000 -0.562500
v -0.437500 -0.000000 -0.531250
v -0.406250 -0.000000 -0.531250
v 0.531250 -0.000000 -0.593750
v 0.531250 -0.000000 -0.562500
v 0.562500 -0.000000 -0.593750
v 0.093750 -0.000000 -0.562500
v 0.062500 -0.000000 -0.531250
v 0.093750 -0.000000 -0.531250
v 0.031250 -0.000000 -0.593750
v 0.031250 -0.000000 -0.562500
v 0.062500 -0.000000 -0.593750
v 0.593750 -0.000000 -0.062500
v 0.562500 -0.000000 -0.031250
v 0.593750 -0.000000 -0.031250
v 0.562500 -0.000000 -0.468750
v 0.531250 -0.000000 -0.468750
v 0.531250 -0.000000 -0.437500
v 0.593750 -0.000000 -0.562500
v 0.562500 -0.000000 -0.531250
v 0.593750 -0.000000 -0.531250
v 0.062500 0.000000 0.531250
v 0.031250 0.000000 0.531250
v 0.031250 0.000000 0.562500
v 0.468750 0.000000 0.093750
v 0.468750 0.000000 0.062500
v 0.437500 0.000000 0.093750
v 0.562500 0.000000 0.031250
v 0.531250 0.000000 0.031250
v 0.531250 0.000000 0.062500
v 0.593750 0.000000 0.937500
v 0.562500 0.000000 0.968750
v 0.593750 0.000000 0.968750
v 0.562500 0.000000 0.531250
v 0.531250 0.000000 0.531250
v 0.531250 0.000000 0.562500
v 0.593750 0.000000 0.437500
v 0.562500 0.000000 0.468750
v 0.593750 0.000000 0.468750
v 0.093750 0.000000 0.937500
v 0.062500 0.000000 0.968750
v 0.093750 0.000000 0.968750
v 0.062500 0.000000 0.031250
v 0.031250 0.000000 0.031250
v 0.031250 0.000000 0.062500
v 0.093750 -0.000000 -0.062500
v 0.062500 -0.000000 -0.031250
v 0.093750 -0.000000 -0.031250
v 0.031250 -0.000000 -0.093750
v 0.031250 -0.000000 -0.062500
v 0.062500 -0.000000 -0.093750
v -0.906250 -0.000000 -0.062500
v -0.937500 -0.000000 -0.031250
v -0.906250 -0.000000 -0.031250
v -0.968750 0.000000 0.906250
v -0.968750 0.000000 0.937500
v -0.937500 0.000000 0.906250
v -0.968750 -0.000000 -0.093750
v -0.968750 -0.000000 -0.062500
v -0.937500 -0.000000 -0.093750
v -0.906250 0.000000 0.937500
v -0.937500 0.000000 0.968750
v -0.906250 0.000000 0.968750
vn -0.0000 1.0000 -0.0000
vt 0.000000 0.000000
vt 0.015625 0.000000
vt 0.015625 0.015625
vt 0.000000 0.500000
vt 0.015625 0.515625
vt 0.000000 0.515625
vt 0.000000 0.015625
vt 0.015625 0.500000
vt 0.500000 0.500000
vt 0.515625 0.515625
vt 0.500000 0.515625
vt 0.515625 0.500000
vt 0.500000 0.484375
vt 0.500000 0.000000
vt 0.515625 0.000000
vt 0.515625 0.015625
vt 0.750000 0.250000
vt 0.765625 0.250000
vt 0.765625 0.265625
vt 0.750000 0.234375
vt 0.750000 0.000000
vt 0.765625 0.000000
vt 0.765625 0.015625
vt 0.750000 0.500000
vt 0.750000 0.484375
vt 0.765625 0.500000
vt 0.734375 0.484375
vt 0.500000 0.250000
vt 0.500000 0.234375
vt 0.515625 0.250000
vt 0.750000 0.750000
vt 0.765625 0.750000
vt 0.765625 0.765625
vt 0.750000 0.734375
vt 0.765625 0.515625
vt 0.500000 0.750000
vt 0.515625 0.765625
vt 0.500000 0.765625
vt 0.515625 0.750000
vt 0.750000 0.765625
vt 0.250000 0.750000
vt 0.265625 0.750000
vt 0.265625 0.765625
vt 0.250000 0.734375
vt 0.250000 0.500000
vt 0.265625 0.500000
vt 0.265625 0.515625
vt 0.000000 0.250000
vt 0.015625 0.265625
vt 0.000000 0.265625
vt 0.015625 0.250000
vt 0.250000 0.250000
vt 0.265625 0.265625
vt 0.250000 0.265625
vt 0.000000 0.750000
vt 0.015625 0.765625
vt 0.000000 0.765625
vt 0.015625 0.750000
vt 0.250000 0.765625
vt 0.265625 0.250000
vt 0.250000 0.234375
vt 0.250000 0.000000
vt 0.265625 0.000000
vt 0.265625 0.015625
vt 0.375000 0.125000
vt 0.390625 0.125000
vt 0.390625 0.140625
vt 0.375000 0.109375
vt 0.375000 0.000000
vt 0.390625 0.000000
vt 0.390625 0.015625
vt 0.375000 0.250000
vt 0.375000 0.234375
vt 0.390625 0.250000
vt 0.359375 0.234375
vt 0.250000 0.125000
vt 0.250000 0.109375
vt 0.265625 0.125000
vt 0.375000 0.375000
vt 0.390625 0.375000
vt 0.390625 0.390625
vt 0.375000 0.359375
vt 0.390625 0.265625
vt 0.250000 0.875000
vt 0.265625 0.890625
vt 0.250000 0.890625
vt 0.265625 0.875000
vt 0.375000 0.875000
vt 0.390625 0.890625
vt 0.375000 0.890625
vt 0.125000 0.875000
vt 0.140625 0.875000
vt 0.140625 0.890625
vt 0.125000 0.859375
vt 0.125000 0.750000
vt 0.140625 0.750000
vt 0.140625 0.765625
vt 0.000000 0.875000
vt 0.015625 0.890625
vt 0.000000 0.890625
vt 0.015625 0.875000
vt 0.125000 0.890625
vt 0.250000 0.375000
vt 0.265625 0.390625
vt 0.250000 0.390625
vt 0.265625 0.375000
vt 0.375000 0.390625
vt 0.125000 0.375000
vt 0.140625 0.375000
vt 0.140625 0.390625
vt 0.125000 0.359375
vt 0.125000 0.250000
vt 0.140625 0.250000
vt 0.140625 0.265625
vt 0.000000 0.375000
vt 0.015625 0.390625
vt 0.000000 0.390625
vt 0.015625 0.375000
vt 0.125000 0.390625
vt 0.375000 0.625000
vt 0.390625 0.625000
vt 0.390625 0.640625
vt 0.375000 0.609375
vt 0.375000 0.500000
vt 0.390625 0.500000
vt 0.390625 0.515625
vt 0.375000 0.750000
vt 0.375000 0.734375
vt 0.390625 0.750000
vt 0.359375 0.734375
vt 0.250000 0.625000
vt 0.250000 0.609375
vt 0.265625 0.625000
vt 0.390625 0.875000
vt 0.375000 0.859375
vt 0.390625 0.765625
vt 0.750000 0.875000
vt 0.765625 0.890625
vt 0.750000 0.890625
vt 0.765625 0.875000
vt 0.875000 0.875000
vt 0.890625 0.890625
vt 0.875000 0.890625
vt 0.625000 0.875000
vt 0.640625 0.875000
vt 0.640625 0.890625
vt 0.625000 0.859375
vt 0.625000 0.750000
vt 0.640625 0.750000
vt 0.640625 0.765625
vt 0.500000 0.875000
vt 0.515625 0.890625
vt 0.500000 0.890625
vt 0.515625 0.875000
vt 0.625000 0.890625
vt 0.875000 0.625000
vt 0.890625 0.625000
vt 0.890625 0.640625
vt 0.875000 0.609375
vt 0.875000 0.500000
vt 0.890625 0.500000
vt 0.890625 0.515625
vt 0.875000 0.750000
vt 0.875000 0.734375
vt 0.890625 0.750000
vt 0.859375 0.734375
vt 0.750000 0.625000
vt 0.750000 0.609375
vt 0.765625 0.625000
vt 0.890625 0.875000
vt 0.875000 0.859375
vt 0.890625 0.765625
vt 0.625000 0.250000
vt 0.625000 0.234375
vt 0.640625 0.250000
vt 0.609375 0.234375
vt 0.500000 0.125000
vt 0.500000 0.109375
vt 0.515625 0.125000
vt 0.750000 0.375000
vt 0.734375 0.359375
vt 0.750000 0.359375
vt 0.734375 0.375000
vt 0.625000 0.375000
vt 0.609375 0.359375
vt 0.625000 0.359375
vt 0.875000 0.484375
vt 0.859375 0.484375
vt 0.765625 0.375000
vt 0.875000 0.125000
vt 0.890625 0.125000
vt 0.890625 0.140625
vt 0.875000 0.109375
vt 0.875000 0.000000
vt 0.890625 0.000000
vt 0.890625 0.015625
vt 0.875000 0.250000
vt 0.875000 0.234375
vt 0.890625 0.250000
vt 0.859375 0.234375
vt 0.750000 0.125000
vt 0.750000 0.109375
vt 0.765625 0.125000
vt 0.875000 0.375000
vt 0.890625 0.375000
vt 0.890625 0.390625
vt 0.875000 0.359375
vt 0.890625 0.265625
vt 0.625000 0.125000
vt 0.640625 0.125000
vt 0.640625 0.140625
vt 0.625000 0.109375
vt 0.625000 0.000000
vt 0.640625 0.000000
vt 0.640625 0.015625
vt 0.625000 0.500000
vt 0.625000 0.484375
vt 0.640625 0.500000
vt 0.609375 0.484375
vt 0.500000 0.375000
vt 0.500000 0.359375
vt 0.515625 0.375000
vt 0.625000 0.625000
vt 0.640625 0.625000
vt 0.640625 0.640625
vt 0.625000 0.609375
vt 0.640625 0.515625
vt 0.500000 0.625000
vt 0.515625 0.640625
vt 0.500000 0.640625
vt 0.515625 0.625000
vt 0.625000 0.640625
vt 0.125000 0.625000
vt 0.140625 0.625000
vt 0.140625 0.640625
vt 0.125000 0.609375
vt 0.125000 0.500000
vt 0.140625 0.500000
vt 0.140625 0.515625
vt 0.000000 0.125000
vt 0.015625 0.140625
vt 0.000000 0.140625
vt 0.015625 0.125000
vt 0.125000 0.125000
vt 0.140625 0.140625
vt 0.125000 0.140625
vt 0.000000 0.625000
vt 0.015625 0.640625
vt 0.000000 0.640625
vt 0.015625 0.625000
vt 0.125000 0.640625
vt 0.140625 0.125000
vt 0.125000 0.109375
vt 0.125000 0.000000
vt 0.140625 0.000000
vt 0.140625 0.015625
vt 0.187500 0.062500
vt 0.203125 0.062500
vt 0.203125 0.078125
vt 0.187500 0.046875
vt 0.187500 0.000000
vt 0.203125 0.000000
vt 0.203125 0.015625
vt 0.187500 0.125000
vt 0.187500 0.109375
vt 0.203125 0.125000
vt 0.171875 0.109375
vt 0.125000 0.062500
vt 0.125000 0.046875
vt 0.140625 0.062500
vt 0.187500 0.187500
vt 0.203125 0.187500
vt 0.203125 0.203125
vt 0.187500 0.171875
vt 0.203125 0.140625
vt 0.125000 0.687500
vt 0.140625 0.703125
vt 0.125000 0.703125
vt 0.140625 0.687500
vt 0.187500 0.687500
vt 0.203125 0.703125
vt 0.187500 0.703125
vt 0.062500 0.687500
vt 0.078125 0.687500
vt 0.078125 0.703125
vt 0.062500 0.671875
vt 0.062500 0.625000
vt 0.078125 0.625000
vt 0.078125 0.640625
vt 0.000000 0.687500
vt 0.015625 0.703125
vt 0.000000 0.703125
vt 0.015625 0.687500
vt 0.062500 0.703125
vt 0.125000 0.187500
vt 0.140625 0.203125
vt 0.125000 0.203125
vt 0.140625 0.187500
vt 0.187500 0.203125
vt 0.062500 0.187500
vt 0.078125 0.187500
vt 0.078125 0.203125
vt 0.062500 0.171875
vt 0.062500 0.125000
vt 0.078125 0.125000
vt 0.078125 0.140625
vt 0.000000 0.187500
vt 0.015625 0.203125
vt 0.000000 0.203125
vt 0.015625 0.187500
vt 0.062500 0.203125
vt 0.187500 0.562500
vt 0.203125 0.562500
vt 0.203125 0.578125
vt 0.187500 0.546875
vt 0.187500 0.500000
vt 0.203125 0.500000
vt 0.203125 0.515625
vt 0.187500 0.625000
vt 0.187500 0.609375
vt 0.203125 0.625000
vt 0.171875 0.609375
vt 0.125000 0.562500
vt 0.125000 0.546875
vt 0.140625 0.562500
vt 0.203125 0.687500
vt 0.187500 0.671875
vt 0.203125 0.640625
vt 0.625000 0.687500
vt 0.640625 0.703125
vt 0.625000 0.703125
vt 0.640625 0.687500
vt 0.687500 0.687500
vt 0.703125 0.703125
vt 0.687500 0.703125
vt 0.562500 0.687500
vt 0.578125 0.687500
vt 0.578125 0.703125
vt 0.562500 0.671875
vt 0.562500 0.625000
vt 0.578125 0.625000
vt 0.578125 0.640625
vt 0.500000 0.687500
vt 0.515625 0.703125
vt 0.500000 0.703125
vt 0.515625 0.687500
vt 0.562500 0.703125
vt 0.687500 0.562500
vt 0.703125 0.562500
vt 0.703125 0.578125
vt 0.687500 0.546875
vt 0.687500 0.500000
vt 0.703125 0.500000
vt 0.703125 0.515625
vt 0.687500 0.625000
vt 0.687500 0.609375
vt 0.703125 0.625000
vt 0.671875 0.609375
vt 0.625000 0.562500
vt 0.625000 0.546875
vt 0.640625 0.562500
vt 0.703125 0.687500
vt 0.687500 0.671875
vt 0.703125 0.640625
vt 0.562500 0.375000
vt 0.562500 0.359375
vt 0.578125 0.375000
vt 0.546875 0.359375
vt 0.500000 0.312500
vt 0.500000 0.296875
vt 0.515625 0.312500
vt 0.625000 0.437500
vt 0.609375 0.421875
vt 0.625000 0.421875
vt 0.609375 0.437500
vt 0.562500 0.437500
vt 0.546875 0.421875
vt 0.562500 0.421875
vt 0.687500 0.484375
vt 0.671875 0.484375
vt 0.640625 0.437500
vt 0.687500 0.062500
vt 0.703125 0.062500
vt 0.703125 0.078125
vt 0.687500 0.046875
vt 0.687500 0.000000
vt 0.703125 0.000000
vt 0.703125 0.015625
vt 0.687500 0.125000
vt 0.687500 0.109375
vt 0.703125 0.125000
vt 0.671875 0.109375
vt 0.625000 0.062500
vt 0.625000 0.046875
vt 0.640625 0.062500
vt 0.687500 0.187500
vt 0.703125 0.187500
vt 0.703125 0.203125
vt 0.687500 0.171875
vt 0.703125 0.140625
vt 0.937500 0.312500
vt 0.953125 0.312500
vt 0.953125 0.328125
vt 0.937500 0.296875
vt 0.937500 0.250000
vt 0.953125 0.250000
vt 0.953125 0.265625
vt 0.937500 0.375000
vt 0.937500 0.359375
vt 0.953125 0.375000
vt 0.921875 0.359375
vt 0.875000 0.312500
vt 0.875000 0.296875
vt 0.890625 0.312500
vt 0.937500 0.437500
vt 0.953125 0.437500
vt 0.953125 0.453125
vt 0.937500 0.421875
vt 0.953125 0.390625
vt 0.812500 0.125000
vt 0.812500 0.109375
vt 0.828125 0.125000
vt 0.796875 0.109375
vt 0.750000 0.062500
vt 0.750000 0.046875
vt 0.765625 0.062500
vt 0.875000 0.187500
vt 0.859375 0.171875
vt 0.875000 0.171875
vt 0.859375 0.187500
vt 0.812500 0.187500
vt 0.796875 0.171875
vt 0.812500 0.171875
vt 0.937500 0.234375
vt 0.921875 0.234375
vt 0.890625 0.187500
vt 0.937500 0.062500
vt 0.953125 0.062500
vt 0.953125 0.078125
vt 0.937500 0.046875
vt 0.937500 0.000000
vt 0.953125 0.000000
vt 0.953125 0.015625
vt 0.937500 0.125000
vt 0.937500 0.109375
vt 0.953125 0.125000
vt 0.921875 0.109375
vt 0.875000 0.062500
vt 0.875000 0.046875
vt 0.890625 0.062500
vt 0.937500 0.187500
vt 0.953125 0.187500
vt 0.953125 0.203125
vt 0.937500 0.171875
vt 0.953125 0.140625
vt 0.812500 0.375000
vt 0.812500 0.359375
vt 0.828125 0.375000
vt 0.796875 0.359375
vt 0.750000 0.312500
vt 0.750000 0.296875
vt 0.765625 0.312500
vt 0.875000 0.437500
vt 0.859375 0.421875
vt 0.875000 0.421875
vt 0.859375 0.437500
vt 0.812500 0.437500
vt 0.796875 0.421875
vt 0.812500 0.421875
vt 0.937500 0.500000
vt 0.937500 0.484375
vt 0.953125 0.500000
vt 0.921875 0.484375
vt 0.890625 0.437500
vt 0.625000 0.312500
vt 0.609375 0.296875
vt 0.625000 0.296875
vt 0.609375 0.312500
vt 0.562500 0.312500
vt 0.546875 0.296875
vt 0.562500 0.296875
vt 0.687500 0.312500
vt 0.671875 0.312500
vt 0.671875 0.296875
vt 0.687500 0.328125
vt 0.687500 0.375000
vt 0.671875 0.375000
vt 0.671875 0.359375
vt 0.734375 0.296875
vt 0.734375 0.312500
vt 0.687500 0.296875
vt 0.562500 0.125000
vt 0.562500 0.109375
vt 0.578125 0.125000
vt 0.546875 0.109375
vt 0.500000 0.062500
vt 0.500000 0.046875
vt 0.515625 0.062500
vt 0.625000 0.187500
vt 0.609375 0.171875
vt 0.625000 0.171875
vt 0.609375 0.187500
vt 0.562500 0.187500
vt 0.546875 0.171875
vt 0.562500 0.171875
vt 0.687500 0.250000
vt 0.687500 0.234375
vt 0.703125 0.250000
vt 0.671875 0.234375
vt 0.640625 0.187500
vt 0.937500 0.812500
vt 0.953125 0.812500
vt 0.953125 0.828125
vt 0.937500 0.796875
vt 0.937500 0.750000
vt 0.953125 0.750000
vt 0.953125 0.765625
vt 0.937500 0.875000
vt 0.937500 0.859375
vt 0.953125 0.875000
vt 0.921875 0.859375
vt 0.875000 0.812500
vt 0.875000 0.796875
vt 0.890625 0.812500
vt 0.937500 0.937500
vt 0.953125 0.937500
vt 0.953125 0.953125
vt 0.937500 0.921875
vt 0.953125 0.890625
vt 0.812500 0.625000
vt 0.812500 0.609375
vt 0.828125 0.625000
vt 0.796875 0.609375
vt 0.750000 0.562500
vt 0.750000 0.546875
vt 0.765625 0.562500
vt 0.875000 0.687500
vt 0.859375 0.671875
vt 0.875000 0.671875
vt 0.859375 0.687500
vt 0.812500 0.687500
vt 0.796875 0.671875
vt 0.812500 0.671875
vt 0.937500 0.734375
vt 0.921875 0.734375
vt 0.890625 0.687500
vt 0.937500 0.562500
vt 0.953125 0.562500
vt 0.953125 0.578125
vt 0.937500 0.546875
vt 0.953125 0.515625
vt 0.937500 0.625000
vt 0.937500 0.609375
vt 0.953125 0.625000
vt 0.921875 0.609375
vt 0.875000 0.562500
vt 0.875000 0.546875
vt 0.890625 0.562500
vt 0.937500 0.687500
vt 0.953125 0.687500
vt 0.953125 0.703125
vt 0.937500 0.671875
vt 0.953125 0.640625
vt 0.625000 0.937500
vt 0.640625 0.953125
vt 0.625000 0.953125
vt 0.640625 0.937500
vt 0.687500 0.937500
vt 0.703125 0.953125
vt 0.687500 0.953125
vt 0.562500 0.937500
vt 0.578125 0.937500
vt 0.578125 0.953125
vt 0.562500 0.921875
vt 0.562500 0.875000
vt 0.578125 0.875000
vt 0.578125 0.890625
vt 0.500000 0.937500
vt 0.515625 0.953125
vt 0.500000 0.953125
vt 0.515625 0.937500
vt 0.562500 0.953125
vt 0.687500 0.812500
vt 0.703125 0.812500
vt 0.703125 0.828125
vt 0.687500 0.796875
vt 0.687500 0.750000
vt 0.703125 0.750000
vt 0.703125 0.765625
vt 0.687500 0.875000
vt 0.687500 0.859375
vt 0.703125 0.875000
vt 0.671875 0.859375
vt 0.625000 0.812500
vt 0.625000 0.796875
vt 0.640625 0.812500
vt 0.703125 0.937500
vt 0.687500 0.921875
vt 0.703125 0.890625
vt 0.875000 0.937500
vt 0.890625 0.953125
vt 0.875000 0.953125
vt 0.890625 0.937500
vt 0.937500 0.953125
vt 0.812500 0.937500
vt 0.828125 0.937500
vt 0.828125 0.953125
vt 0.812500 0.921875
vt 0.812500 0.875000
vt 0.828125 0.875000
vt 0.828125 0.890625
vt 0.750000 0.937500
vt 0.765625 0.953125
vt 0.750000 0.953125
vt 0.765625 0.937500
vt 0.812500 0.953125
vt 0.437500 0.812500
vt 0.453125 0.812500
vt 0.453125 0.828125
vt 0.437500 0.796875
vt 0.437500 0.750000
vt 0.453125 0.750000
vt 0.453125 0.765625
vt 0.437500 0.875000
vt 0.437500 0.859375
vt 0.453125 0.875000
vt 0.421875 0.859375
vt 0.375000 0.812500
vt 0.375000 0.796875
vt 0.390625 0.812500
vt 0.437500 0.937500
vt 0.453125 0.937500
vt 0.453125 0.953125
vt 0.437500 0.921875
vt 0.453125 0.890625
vt 0.312500 0.625000
vt 0.312500 0.609375
vt 0.328125 0.625000
vt 0.296875 0.609375
vt 0.250000 0.562500
vt 0.250000 0.546875
vt 0.265625 0.562500
vt 0.375000 0.687500
vt 0.359375 0.671875
vt 0.375000 0.671875
vt 0.359375 0.687500
vt 0.312500 0.687500
vt 0.296875 0.671875
vt 0.312500 0.671875
vt 0.437500 0.734375
vt 0.421875 0.734375
vt 0.390625 0.687500
vt 0.437500 0.562500
vt 0.453125 0.562500
vt 0.453125 0.578125
vt 0.437500 0.546875
vt 0.437500 0.500000
vt 0.453125 0.500000
vt 0.453125 0.515625
vt 0.437500 0.625000
vt 0.437500 0.609375
vt 0.453125 0.625000
vt 0.421875 0.609375
vt 0.375000 0.562500
vt 0.375000 0.546875
vt 0.390625 0.562500
vt 0.437500 0.687500
vt 0.453125 0.687500
vt 0.453125 0.703125
vt 0.437500 0.671875
vt 0.453125 0.640625
vt 0.125000 0.437500
vt 0.140625 0.453125
vt 0.125000 0.453125
vt 0.140625 0.437500
vt 0.187500 0.437500
vt 0.203125 0.453125
vt 0.187500 0.453125
vt 0.062500 0.437500
vt 0.078125 0.437500
vt 0.078125 0.453125
vt 0.062500 0.421875
vt 0.062500 0.375000
vt 0.078125 0.375000
vt 0.078125 0.390625
vt 0.000000 0.437500
vt 0.015625 0.453125
vt 0.000000 0.453125
vt 0.015625 0.437500
vt 0.062500 0.453125
vt 0.187500 0.312500
vt 0.203125 0.312500
vt 0.203125 0.328125
vt 0.187500 0.296875
vt 0.187500 0.250000
vt 0.203125 0.250000
vt 0.203125 0.265625
vt 0.187500 0.375000
vt 0.187500 0.359375
vt 0.203125 0.375000
vt 0.171875 0.359375
vt 0.125000 0.312500
vt 0.125000 0.296875
vt 0.140625 0.312500
vt 0.203125 0.437500
vt 0.187500 0.421875
vt 0.203125 0.390625
vt 0.375000 0.437500
vt 0.390625 0.453125
vt 0.375000 0.453125
vt 0.390625 0.437500
vt 0.437500 0.437500
vt 0.453125 0.453125
vt 0.437500 0.453125
vt 0.312500 0.437500
vt 0.328125 0.437500
vt 0.328125 0.453125
vt 0.312500 0.421875
vt 0.312500 0.375000
vt 0.328125 0.375000
vt 0.328125 0.390625
vt 0.250000 0.437500
vt 0.265625 0.453125
vt 0.250000 0.453125
vt 0.265625 0.437500
vt 0.312500 0.453125
vt 0.125000 0.937500
vt 0.140625 0.953125
vt 0.125000 0.953125
vt 0.140625 0.937500
vt 0.187500 0.937500
vt 0.203125 0.953125
vt 0.187500 0.953125
vt 0.062500 0.937500
vt 0.078125 0.937500
vt 0.078125 0.953125
vt 0.062500 0.921875
vt 0.062500 0.875000
vt 0.078125 0.875000
vt 0.078125 0.890625
vt 0.000000 0.937500
vt 0.015625 0.953125
vt 0.000000 0.953125
vt 0.015625 0.937500
vt 0.062500 0.953125
vt 0.187500 0.812500
vt 0.203125 0.812500
vt 0.203125 0.828125
vt 0.187500 0.796875
vt 0.187500 0.750000
vt 0.203125 0.750000
vt 0.203125 0.765625
vt 0.187500 0.875000
vt 0.187500 0.859375
vt 0.203125 0.875000
vt 0.171875 0.859375
vt 0.125000 0.812500
vt 0.125000 0.796875
vt 0.140625 0.812500
vt 0.203125 0.937500
vt 0.187500 0.921875
vt 0.203125 0.890625
vt 0.375000 0.937500
vt 0.390625 0.953125
vt 0.375000 0.953125
vt 0.390625 0.937500
vt 0.437500 0.953125
vt 0.312500 0.937500
vt 0.328125 0.937500
vt 0.328125 0.953125
vt 0.312500 0.921875
vt 0.312500 0.875000
vt 0.328125 0.875000
vt 0.328125 0.890625
vt 0.250000 0.937500
vt 0.265625 0.953125
vt 0.250000 0.953125
vt 0.265625 0.937500
vt 0.312500 0.953125
vt 0.437500 0.312500
vt 0.453125 0.312500
vt 0.453125 0.328125
vt 0.437500 0.296875
vt 0.437500 0.250000
vt 0.453125 0.250000
vt 0.453125 0.265625
vt 0.437500 0.375000
vt 0.437500 0.359375
vt 0.453125 0.375000
vt 0.421875 0.359375
vt 0.375000 0.312500
vt 0.375000 0.296875
vt 0.390625 0.312500
vt 0.453125 0.437500
vt 0.437500 0.421875
vt 0.453125 0.390625
vt 0.312500 0.125000
vt 0.312500 0.109375
vt 0.328125 0.125000
vt 0.296875 0.109375
vt 0.250000 0.062500
vt 0.250000 0.046875
vt 0.265625 0.062500
vt 0.375000 0.187500
vt 0.359375 0.171875
vt 0.375000 0.171875
vt 0.359375 0.187500
vt 0.312500 0.187500
vt 0.296875 0.171875
vt 0.312500 0.171875
vt 0.437500 0.234375
vt 0.421875 0.234375
vt 0.390625 0.187500
vt 0.437500 0.062500
vt 0.453125 0.062500
vt 0.453125 0.078125
vt 0.437500 0.046875
vt 0.437500 0.000000
vt 0.453125 0.000000
vt 0.453125 0.015625
vt 0.437500 0.125000
vt 0.437500 0.109375
vt 0.453125 0.125000
vt 0.421875 0.109375
vt 0.375000 0.062500
vt 0.375000 0.046875
vt 0.390625 0.062500
vt 0.437500 0.187500
vt 0.453125 0.187500
vt 0.453125 0.203125
vt 0.437500 0.171875
vt 0.453125 0.140625
vt 0.312500 0.062500
vt 0.328125 0.062500
vt 0.328125 0.078125
vt 0.312500 0.046875
vt 0.312500 0.000000
vt 0.328125 0.000000
vt 0.328125 0.015625
vt 0.312500 0.250000
vt 0.312500 0.234375
vt 0.328125 0.250000
vt 0.296875 0.234375
vt 0.250000 0.187500
vt 0.250000 0.171875
vt 0.265625 0.187500
vt 0.312500 0.312500
vt 0.328125 0.312500
vt 0.328125 0.328125
vt 0.312500 0.296875
vt 0.328125 0.265625
vt 0.250000 0.812500
vt 0.265625 0.828125
vt 0.250000 0.828125
vt 0.265625 0.812500
vt 0.312500 0.812500
vt 0.328125 0.828125
vt 0.312500 0.828125
vt 0.062500 0.812500
vt 0.078125 0.812500
vt 0.078125 0.828125
vt 0.062500 0.796875
vt 0.062500 0.750000
vt 0.078125 0.750000
vt 0.078125 0.765625
vt 0.000000 0.812500
vt 0.015625 0.828125
vt 0.000000 0.828125
vt 0.015625 0.812500
vt 0.062500 0.828125
vt 0.250000 0.312500
vt 0.265625 0.328125
vt 0.250000 0.328125
vt 0.265625 0.312500
vt 0.312500 0.328125
vt 0.062500 0.312500
vt 0.078125 0.312500
vt 0.078125 0.328125
vt 0.062500 0.296875
vt 0.062500 0.250000
vt 0.078125 0.250000
vt 0.078125 0.265625
vt 0.000000 0.312500
vt 0.015625 0.328125
vt 0.000000 0.328125
vt 0.015625 0.312500
vt 0.062500 0.328125
vt 0.312500 0.562500
vt 0.328125 0.562500
vt 0.328125 0.578125
vt 0.312500 0.546875
vt 0.312500 0.500000
vt 0.328125 0.500000
vt 0.328125 0.515625
vt 0.312500 0.750000
vt 0.312500 0.734375
vt 0.328125 0.750000
vt 0.296875 0.734375
vt 0.250000 0.687500
vt 0.250000 0.671875
vt 0.265625 0.687500
vt 0.328125 0.812500
vt 0.312500 0.796875
vt 0.328125 0.765625
vt 0.750000 0.812500
vt 0.765625 0.828125
vt 0.750000 0.828125
vt 0.765625 0.812500
vt 0.812500 0.812500
vt 0.828125 0.828125
vt 0.812500 0.828125
vt 0.562500 0.812500
vt 0.578125 0.812500
vt 0.578125 0.828125
vt 0.562500 0.796875
vt 0.562500 0.750000
vt 0.578125 0.750000
vt 0.578125 0.765625
vt 0.500000 0.812500
vt 0.515625 0.828125
vt 0.500000 0.828125
vt 0.515625 0.812500
vt 0.562500 0.828125
vt 0.812500 0.562500
vt 0.828125 0.562500
vt 0.828125 0.578125
vt 0.812500 0.546875
vt 0.812500 0.500000
vt 0.828125 0.500000
vt 0.828125 0.515625
vt 0.812500 0.750000
vt 0.812500 0.734375
vt 0.828125 0.750000
vt 0.796875 0.734375
vt 0.750000 0.687500
vt 0.750000 0.671875
vt 0.765625 0.687500
vt 0.828125 0.812500
vt 0.812500 0.796875
vt 0.828125 0.765625
vt 0.562500 0.250000
vt 0.562500 0.234375
vt 0.578125 0.250000
vt 0.546875 0.234375
vt 0.500000 0.187500
vt 0.500000 0.171875
vt 0.515625 0.187500
vt 0.750000 0.437500
vt 0.734375 0.421875
vt 0.750000 0.421875
vt 0.734375 0.437500
vt 0.687500 0.437500
vt 0.671875 0.421875
vt 0.687500 0.421875
vt 0.812500 0.484375
vt 0.796875 0.484375
vt 0.765625 0.437500
vt 0.812500 0.062500
vt 0.828125 0.062500
vt 0.828125 0.078125
vt 0.812500 0.046875
vt 0.812500 0.000000
vt 0.828125 0.000000
vt 0.828125 0.015625
vt 0.812500 0.250000
vt 0.812500 0.234375
vt 0.828125 0.250000
vt 0.796875 0.234375
vt 0.750000 0.187500
vt 0.750000 0.171875
vt 0.765625 0.187500
vt 0.812500 0.312500
vt 0.828125 0.312500
vt 0.828125 0.328125
vt 0.812500 0.296875
vt 0.828125 0.265625
vt 0.562500 0.062500
vt 0.578125 0.062500
vt 0.578125 0.078125
vt 0.562500 0.046875
vt 0.562500 0.000000
vt 0.578125 0.000000
vt 0.578125 0.015625
vt 0.562500 0.500000
vt 0.562500 0.484375
vt 0.578125 0.500000
vt 0.546875 0.484375
vt 0.500000 0.437500
vt 0.500000 0.421875
vt 0.515625 0.437500
vt 0.562500 0.562500
vt 0.578125 0.562500
vt 0.578125 0.578125
vt 0.562500 0.546875
vt 0.578125 0.515625
vt 0.500000 0.562500
vt 0.515625 0.578125
vt 0.500000 0.578125
vt 0.515625 0.562500
vt 0.562500 0.578125
vt 0.062500 0.562500
vt 0.078125 0.562500
vt 0.078125 0.578125
vt 0.062500 0.546875
vt 0.062500 0.500000
vt 0.078125 0.500000
vt 0.078125 0.515625
vt 0.000000 0.062500
vt 0.015625 0.078125
vt 0.000000 0.078125
vt 0.015625 0.062500
vt 0.062500 0.062500
vt 0.078125 0.078125
vt 0.062500 0.078125
vt 0.000000 0.562500
vt 0.015625 0.578125
vt 0.000000 0.578125
vt 0.015625 0.562500
vt 0.062500 0.578125
vt 0.078125 0.062500
vt 0.062500 0.046875
vt 0.062500 0.000000
vt 0.078125 0.000000
vt 0.078125 0.015625
vt 0.093750 0.031250
vt 0.109375 0.031250
vt 0.109375 0.046875
vt 0.093750 0.015625
vt 0.093750 0.000000
vt 0.109375 0.000000
vt 0.109375 0.015625
vt 0.093750 0.062500
vt 0.093750 0.046875
vt 0.109375 0.062500
vt 0.078125 0.046875
vt 0.062500 0.031250
vt 0.062500 0.015625
vt 0.078125 0.031250
vt 0.093750 0.093750
vt 0.109375 0.093750
vt 0.109375 0.109375
vt 0.093750 0.078125
vt 0.109375 0.078125
vt 0.062500 0.593750
vt 0.078125 0.609375
vt 0.062500 0.609375
vt 0.078125 0.593750
vt 0.093750 0.593750
vt 0.109375 0.609375
vt 0.093750 0.609375
vt 0.031250 0.593750
vt 0.046875 0.593750
vt 0.046875 0.609375
vt 0.031250 0.578125
vt 0.031250 0.562500
vt 0.046875 0.562500
vt 0.046875 0.578125
vt 0.000000 0.593750
vt 0.015625 0.609375
vt 0.000000 0.609375
vt 0.015625 0.593750
vt 0.031250 0.609375
vt 0.062500 0.093750
vt 0.078125 0.109375
vt 0.062500 0.109375
vt 0.078125 0.093750
vt 0.093750 0.109375
vt 0.031250 0.093750
vt 0.046875 0.093750
vt 0.046875 0.109375
vt 0.031250 0.078125
vt 0.031250 0.062500
vt 0.046875 0.062500
vt 0.046875 0.078125
vt 0.000000 0.093750
vt 0.015625 0.109375
vt 0.000000 0.109375
vt 0.015625 0.093750
vt 0.031250 0.109375
vt 0.093750 0.531250
vt 0.109375 0.531250
vt 0.109375 0.546875
vt 0.093750 0.515625
vt 0.093750 0.500000
vt 0.109375 0.500000
vt 0.109375 0.515625
vt 0.093750 0.562500
vt 0.093750 0.546875
vt 0.109375 0.562500
vt 0.078125 0.546875
vt 0.062500 0.531250
vt 0.062500 0.515625
vt 0.078125 0.531250
vt 0.109375 0.593750
vt 0.093750 0.578125
vt 0.109375 0.578125
vt 0.562500 0.593750
vt 0.578125 0.609375
vt 0.562500 0.609375
vt 0.578125 0.593750
vt 0.593750 0.593750
vt 0.609375 0.609375
vt 0.593750 0.609375
vt 0.531250 0.593750
vt 0.546875 0.593750
vt 0.546875 0.609375
vt 0.531250 0.578125
vt 0.531250 0.562500
vt 0.546875 0.562500
vt 0.546875 0.578125
vt 0.500000 0.593750
vt 0.515625 0.609375
vt 0.500000 0.609375
vt 0.515625 0.593750
vt 0.531250 0.609375
vt 0.593750 0.531250
vt 0.609375 0.531250
vt 0.609375 0.546875
vt 0.593750 0.515625
vt 0.593750 0.500000
vt 0.609375 0.500000
vt 0.609375 0.515625
vt 0.593750 0.562500
vt 0.593750 0.546875
vt 0.609375 0.562500
vt 0.578125 0.546875
vt 0.562500 0.531250
vt 0.562500 0.515625
vt 0.578125 0.531250
vt 0.609375 0.593750
vt 0.593750 0.578125
vt 0.609375 0.578125
vt 0.531250 0.437500
vt 0.531250 0.421875
vt 0.546875 0.437500
vt 0.515625 0.421875
vt 0.500000 0.406250
vt 0.500000 0.390625
vt 0.515625 0.406250
vt 0.562500 0.468750
vt 0.546875 0.453125
vt 0.562500 0.453125
vt 0.546875 0.468750
vt 0.531250 0.468750
vt 0.515625 0.453125
vt 0.531250 0.453125
vt 0.593750 0.484375
vt 0.578125 0.484375
vt 0.578125 0.468750
vt 0.593750 0.031250
vt 0.609375 0.031250
vt 0.609375 0.046875
vt 0.593750 0.015625
vt 0.593750 0.000000
vt 0.609375 0.000000
vt 0.609375 0.015625
vt 0.593750 0.062500
vt 0.593750 0.046875
vt 0.609375 0.062500
vt 0.578125 0.046875
vt 0.562500 0.031250
vt 0.562500 0.015625
vt 0.578125 0.031250
vt 0.593750 0.093750
vt 0.609375 0.093750
vt 0.609375 0.109375
vt 0.593750 0.078125
vt 0.609375 0.078125
vt 0.843750 0.281250
vt 0.859375 0.281250
vt 0.859375 0.296875
vt 0.843750 0.265625
vt 0.843750 0.250000
vt 0.859375 0.250000
vt 0.859375 0.265625
vt 0.843750 0.312500
vt 0.843750 0.296875
vt 0.859375 0.312500
vt 0.828125 0.296875
vt 0.812500 0.281250
vt 0.812500 0.265625
vt 0.828125 0.281250
vt 0.843750 0.343750
vt 0.859375 0.343750
vt 0.859375 0.359375
vt 0.843750 0.328125
vt 0.859375 0.328125
vt 0.781250 0.187500
vt 0.781250 0.171875
vt 0.796875 0.187500
vt 0.765625 0.171875
vt 0.750000 0.156250
vt 0.750000 0.140625
vt 0.765625 0.156250
vt 0.812500 0.218750
vt 0.796875 0.203125
vt 0.812500 0.203125
vt 0.796875 0.218750
vt 0.781250 0.218750
vt 0.765625 0.203125
vt 0.781250 0.203125
vt 0.843750 0.234375
vt 0.828125 0.234375
vt 0.828125 0.218750
vt 0.843750 0.031250
vt 0.859375 0.031250
vt 0.859375 0.046875
vt 0.843750 0.015625
vt 0.843750 0.000000
vt 0.859375 0.000000
vt 0.859375 0.015625
vt 0.843750 0.062500
vt 0.843750 0.046875
vt 0.859375 0.062500
vt 0.828125 0.046875
vt 0.812500 0.031250
vt 0.812500 0.015625
vt 0.828125 0.031250
vt 0.843750 0.093750
vt 0.859375 0.093750
vt 0.859375 0.109375
vt 0.843750 0.078125
vt 0.859375 0.078125
vt 0.781250 0.437500
vt 0.781250 0.421875
vt 0.796875 0.437500
vt 0.765625 0.421875
vt 0.750000 0.406250
vt 0.750000 0.390625
vt 0.765625 0.406250
vt 0.812500 0.468750
vt 0.796875 0.453125
vt 0.812500 0.453125
vt 0.796875 0.468750
vt 0.781250 0.468750
vt 0.765625 0.453125
vt 0.781250 0.453125
vt 0.843750 0.500000
vt 0.843750 0.484375
vt 0.859375 0.500000
vt 0.828125 0.484375
vt 0.828125 0.468750
vt 0.687500 0.406250
vt 0.671875 0.390625
vt 0.687500 0.390625
vt 0.671875 0.406250
vt 0.656250 0.406250
vt 0.640625 0.390625
vt 0.656250 0.390625
vt 0.718750 0.406250
vt 0.703125 0.406250
vt 0.703125 0.390625
vt 0.718750 0.421875
vt 0.718750 0.437500
vt 0.703125 0.437500
vt 0.703125 0.421875
vt 0.734375 0.390625
vt 0.734375 0.406250
vt 0.718750 0.390625
vt 0.531250 0.187500
vt 0.531250 0.171875
vt 0.546875 0.187500
vt 0.515625 0.171875
vt 0.500000 0.156250
vt 0.500000 0.140625
vt 0.515625 0.156250
vt 0.562500 0.218750
vt 0.546875 0.203125
vt 0.562500 0.203125
vt 0.546875 0.218750
vt 0.531250 0.218750
vt 0.515625 0.203125
vt 0.531250 0.203125
vt 0.593750 0.250000
vt 0.593750 0.234375
vt 0.609375 0.250000
vt 0.578125 0.234375
vt 0.578125 0.218750
vt 0.843750 0.781250
vt 0.859375 0.781250
vt 0.859375 0.796875
vt 0.843750 0.765625
vt 0.843750 0.750000
vt 0.859375 0.750000
vt 0.859375 0.765625
vt 0.843750 0.812500
vt 0.843750 0.796875
vt 0.859375 0.812500
vt 0.828125 0.796875
vt 0.812500 0.781250
vt 0.812500 0.765625
vt 0.828125 0.781250
vt 0.843750 0.843750
vt 0.859375 0.843750
vt 0.859375 0.859375
vt 0.843750 0.828125
vt 0.859375 0.828125
vt 0.781250 0.687500
vt 0.781250 0.671875
vt 0.796875 0.687500
vt 0.765625 0.671875
vt 0.750000 0.656250
vt 0.750000 0.640625
vt 0.765625 0.656250
vt 0.812500 0.718750
vt 0.796875 0.703125
vt 0.812500 0.703125
vt 0.796875 0.718750
vt 0.781250 0.718750
vt 0.765625 0.703125
vt 0.781250 0.703125
vt 0.843750 0.734375
vt 0.828125 0.734375
vt 0.828125 0.718750
vt 0.843750 0.531250
vt 0.859375 0.531250
vt 0.859375 0.546875
vt 0.843750 0.515625
vt 0.859375 0.515625
vt 0.843750 0.562500
vt 0.843750 0.546875
vt 0.859375 0.562500
vt 0.828125 0.546875
vt 0.812500 0.531250
vt 0.812500 0.515625
vt 0.828125 0.531250
vt 0.843750 0.593750
vt 0.859375 0.593750
vt 0.859375 0.609375
vt 0.843750 0.578125
vt 0.859375 0.578125
vt 0.562500 0.843750
vt 0.578125 0.859375
vt 0.562500 0.859375
vt 0.578125 0.843750
vt 0.593750 0.843750
vt 0.609375 0.859375
vt 0.593750 0.859375
vt 0.531250 0.843750
vt 0.546875 0.843750
vt 0.546875 0.859375
vt 0.531250 0.828125
vt 0.531250 0.812500
vt 0.546875 0.812500
vt 0.546875 0.828125
vt 0.500000 0.843750
vt 0.515625 0.859375
vt 0.500000 0.859375
vt 0.515625 0.843750
vt 0.531250 0.859375
vt 0.593750 0.781250
vt 0.609375 0.781250
vt 0.609375 0.796875
vt 0.593750 0.765625
vt 0.593750 0.750000
vt 0.609375 0.750000
vt 0.609375 0.765625
vt 0.593750 0.812500
vt 0.593750 0.796875
vt 0.609375 0.812500
vt 0.578125 0.796875
vt 0.562500 0.781250
vt 0.562500 0.765625
vt 0.578125 0.781250
vt 0.609375 0.843750
vt 0.593750 0.828125
vt 0.609375 0.828125
vt 0.812500 0.843750
vt 0.828125 0.859375
vt 0.812500 0.859375
vt 0.828125 0.843750
vt 0.843750 0.859375
vt 0.781250 0.843750
vt 0.796875 0.843750
vt 0.796875 0.859375
vt 0.781250 0.828125
vt 0.781250 0.812500
vt 0.796875 0.812500
vt 0.796875 0.828125
vt 0.750000 0.843750
vt 0.765625 0.859375
vt 0.750000 0.859375
vt 0.765625 0.843750
vt 0.781250 0.859375
vt 0.343750 0.781250
vt 0.359375 0.781250
vt 0.359375 0.796875
vt 0.343750 0.765625
vt 0.343750 0.750000
vt 0.359375 0.750000
vt 0.359375 0.765625
vt 0.343750 0.812500
vt 0.343750 0.796875
vt 0.359375 0.812500
vt 0.328125 0.796875
vt 0.312500 0.781250
vt 0.312500 0.765625
vt 0.328125 0.781250
vt 0.343750 0.843750
vt 0.359375 0.843750
vt 0.359375 0.859375
vt 0.343750 0.828125
vt 0.359375 0.828125
vt 0.281250 0.687500
vt 0.281250 0.671875
vt 0.296875 0.687500
vt 0.265625 0.671875
vt 0.250000 0.656250
vt 0.250000 0.640625
vt 0.265625 0.656250
vt 0.312500 0.718750
vt 0.296875 0.703125
vt 0.312500 0.703125
vt 0.296875 0.718750
vt 0.281250 0.718750
vt 0.265625 0.703125
vt 0.281250 0.703125
vt 0.343750 0.734375
vt 0.328125 0.734375
vt 0.328125 0.718750
vt 0.343750 0.531250
vt 0.359375 0.531250
vt 0.359375 0.546875
vt 0.343750 0.515625
vt 0.343750 0.500000
vt 0.359375 0.500000
vt 0.359375 0.515625
vt 0.343750 0.562500
vt 0.343750 0.546875
vt 0.359375 0.562500
vt 0.328125 0.546875
vt 0.312500 0.531250
vt 0.312500 0.515625
vt 0.328125 0.531250
vt 0.343750 0.593750
vt 0.359375 0.593750
vt 0.359375 0.609375
vt 0.343750 0.578125
vt 0.359375 0.578125
vt 0.062500 0.343750
vt 0.078125 0.359375
vt 0.062500 0.359375
vt 0.078125 0.343750
vt 0.093750 0.343750
vt 0.109375 0.359375
vt 0.093750 0.359375
vt 0.031250 0.343750
vt 0.046875 0.343750
vt 0.046875 0.359375
vt 0.031250 0.328125
vt 0.031250 0.312500
vt 0.046875 0.312500
vt 0.046875 0.328125
vt 0.000000 0.343750
vt 0.015625 0.359375
vt 0.000000 0.359375
vt 0.015625 0.343750
vt 0.031250 0.359375
vt 0.093750 0.281250
vt 0.109375 0.281250
vt 0.109375 0.296875
vt 0.093750 0.265625
vt 0.093750 0.250000
vt 0.109375 0.250000
vt 0.109375 0.265625
vt 0.093750 0.312500
vt 0.093750 0.296875
vt 0.109375 0.312500
vt 0.078125 0.296875
vt 0.062500 0.281250
vt 0.062500 0.265625
vt 0.078125 0.281250
vt 0.109375 0.343750
vt 0.093750 0.328125
vt 0.109375 0.328125
vt 0.312500 0.343750
vt 0.328125 0.359375
vt 0.312500 0.359375
vt 0.328125 0.343750
vt 0.343750 0.343750
vt 0.359375 0.359375
vt 0.343750 0.359375
vt 0.281250 0.343750
vt 0.296875 0.343750
vt 0.296875 0.359375
vt 0.281250 0.328125
vt 0.281250 0.312500
vt 0.296875 0.312500
vt 0.296875 0.328125
vt 0.250000 0.343750
vt 0.265625 0.359375
vt 0.250000 0.359375
vt 0.265625 0.343750
vt 0.281250 0.359375
vt 0.062500 0.843750
vt 0.078125 0.859375
vt 0.062500 0.859375
vt 0.078125 0.843750
vt 0.093750 0.843750
vt 0.109375 0.859375
vt 0.093750 0.859375
vt 0.031250 0.843750
vt 0.046875 0.843750
vt 0.046875 0.859375
vt 0.031250 0.828125
vt 0.031250 0.812500
vt 0.046875 0.812500
vt 0.046875 0.828125
vt 0.000000 0.843750
vt 0.015625 0.859375
vt 0.000000 0.859375
vt 0.015625 0.843750
vt 0.031250 0.859375
vt 0.093750 0.781250
vt 0.109375 0.781250
vt 0.109375 0.796875
vt 0.093750 0.765625
vt 0.093750 0.750000
vt 0.109375 0.750000
vt 0.109375 0.765625
vt 0.093750 0.812500
vt 0.093750 0.796875
vt 0.109375 0.812500
vt 0.078125 0.796875
vt 0.062500 0.781250
vt 0.062500 0.765625
vt 0.078125 0.781250
vt 0.109375 0.843750
vt 0.093750 0.828125
vt 0.109375 0.828125
vt 0.312500 0.843750
vt 0.328125 0.859375
vt 0.312500 0.859375
vt 0.328125 0.843750
vt 0.343750 0.859375
vt 0.281250 0.843750
vt 0.296875 0.843750
vt 0.296875 0.859375
vt 0.281250 0.828125
vt 0.281250 0.812500
vt 0.296875 0.812500
vt 0.296875 0.828125
vt 0.250000 0.843750
vt 0.265625 0.859375
vt 0.250000 0.859375
vt 0.265625 0.843750
vt 0.281250 0.859375
vt 0.343750 0.281250
vt 0.359375 0.281250
vt 0.359375 0.296875
vt 0.343750 0.265625
vt 0.343750 0.250000
vt 0.359375 0.250000
vt 0.359375 0.265625
vt 0.343750 0.312500
vt 0.343750 0.296875
vt 0.359375 0.312500
vt 0.328125 0.296875
vt 0.312500 0.281250
vt 0.312500 0.265625
vt 0.328125 0.281250
vt 0.359375 0.343750
vt 0.343750 0.328125
vt 0.359375 0.328125
vt 0.281250 0.187500
vt 0.281250 0.171875
vt 0.296875 0.187500
vt 0.265625 0.171875
vt 0.250000 0.156250
vt 0.250000 0.140625
vt 0.265625 0.156250
vt 0.312500 0.218750
vt 0.296875 0.203125
vt 0.312500 0.203125
vt 0.296875 0.218750
vt 0.281250 0.218750
vt 0.265625 0.203125
vt 0.281250 0.203125
vt 0.343750 0.234375
vt 0.328125 0.234375
vt 0.328125 0.218750
vt 0.343750 0.031250
vt 0.359375 0.031250
vt 0.359375 0.046875
vt 0.343750 0.015625
vt 0.343750 0.000000
vt 0.359375 0.000000
vt 0.359375 0.015625
vt 0.343750 0.062500
vt 0.343750 0.046875
vt 0.359375 0.062500
vt 0.328125 0.046875
vt 0.312500 0.031250
vt 0.312500 0.015625
vt 0.328125 0.031250
vt 0.343750 0.093750
vt 0.359375 0.093750
vt 0.359375 0.109375
vt 0.343750 0.078125
vt 0.359375 0.078125
vt 0.468750 0.156250
vt 0.484375 0.156250
vt 0.484375 0.171875
vt 0.468750 0.140625
vt 0.468750 0.125000
vt 0.484375 0.125000
vt 0.484375 0.140625
vt 0.468750 0.187500
vt 0.468750 0.171875
vt 0.484375 0.187500
vt 0.453125 0.171875
vt 0.437500 0.156250
vt 0.437500 0.140625
vt 0.453125 0.156250
vt 0.468750 0.218750
vt 0.484375 0.218750
vt 0.484375 0.234375
vt 0.468750 0.203125
vt 0.484375 0.203125
vt 0.406250 0.062500
vt 0.406250 0.046875
vt 0.421875 0.062500
vt 0.390625 0.046875
vt 0.375000 0.031250
vt 0.375000 0.015625
vt 0.390625 0.031250
vt 0.437500 0.093750
vt 0.421875 0.078125
vt 0.437500 0.078125
vt 0.421875 0.093750
vt 0.406250 0.093750
vt 0.390625 0.078125
vt 0.406250 0.078125
vt 0.468750 0.109375
vt 0.453125 0.109375
vt 0.453125 0.093750
vt 0.468750 0.031250
vt 0.484375 0.031250
vt 0.484375 0.046875
vt 0.468750 0.015625
vt 0.468750 0.000000
vt 0.484375 0.000000
vt 0.484375 0.015625
vt 0.468750 0.062500
vt 0.468750 0.046875
vt 0.484375 0.062500
vt 0.453125 0.046875
vt 0.437500 0.031250
vt 0.437500 0.015625
vt 0.453125 0.031250
vt 0.468750 0.093750
vt 0.484375 0.093750
vt 0.484375 0.109375
vt 0.468750 0.078125
vt 0.484375 0.078125
vt 0.406250 0.187500
vt 0.406250 0.171875
vt 0.421875 0.187500
vt 0.390625 0.171875
vt 0.375000 0.156250
vt 0.375000 0.140625
vt 0.390625 0.156250
vt 0.437500 0.218750
vt 0.421875 0.203125
vt 0.437500 0.203125
vt 0.421875 0.218750
vt 0.406250 0.218750
vt 0.390625 0.203125
vt 0.406250 0.203125
vt 0.468750 0.250000
vt 0.468750 0.234375
vt 0.484375 0.250000
vt 0.453125 0.234375
vt 0.453125 0.218750
vt 0.312500 0.156250
vt 0.296875 0.140625
vt 0.312500 0.140625
vt 0.296875 0.156250
vt 0.281250 0.156250
vt 0.265625 0.140625
vt 0.281250 0.140625
vt 0.343750 0.156250
vt 0.328125 0.156250
vt 0.328125 0.140625
vt 0.343750 0.171875
vt 0.343750 0.187500
vt 0.328125 0.187500
vt 0.328125 0.171875
vt 0.359375 0.140625
vt 0.359375 0.156250
vt 0.343750 0.140625
vt 0.281250 0.062500
vt 0.281250 0.046875
vt 0.296875 0.062500
vt 0.265625 0.046875
vt 0.250000 0.031250
vt 0.250000 0.015625
vt 0.265625 0.031250
vt 0.312500 0.093750
vt 0.296875 0.078125
vt 0.312500 0.078125
vt 0.296875 0.093750
vt 0.281250 0.093750
vt 0.265625 0.078125
vt 0.281250 0.078125
vt 0.343750 0.125000
vt 0.343750 0.109375
vt 0.359375 0.125000
vt 0.328125 0.109375
vt 0.328125 0.093750
vt 0.468750 0.406250
vt 0.484375 0.406250
vt 0.484375 0.421875
vt 0.468750 0.390625
vt 0.468750 0.375000
vt 0.484375 0.375000
vt 0.484375 0.390625
vt 0.468750 0.437500
vt 0.468750 0.421875
vt 0.484375 0.437500
vt 0.453125 0.421875
vt 0.437500 0.406250
vt 0.437500 0.390625
vt 0.453125 0.406250
vt 0.468750 0.468750
vt 0.484375 0.468750
vt 0.484375 0.484375
vt 0.468750 0.453125
vt 0.484375 0.453125
vt 0.406250 0.312500
vt 0.406250 0.296875
vt 0.421875 0.312500
vt 0.390625 0.296875
vt 0.375000 0.281250
vt 0.375000 0.265625
vt 0.390625 0.281250
vt 0.437500 0.343750
vt 0.421875 0.328125
vt 0.437500 0.328125
vt 0.421875 0.343750
vt 0.406250 0.343750
vt 0.390625 0.328125
vt 0.406250 0.328125
vt 0.468750 0.359375
vt 0.453125 0.359375
vt 0.453125 0.343750
vt 0.468750 0.281250
vt 0.484375 0.281250
vt 0.484375 0.296875
vt 0.468750 0.265625
vt 0.484375 0.265625
vt 0.468750 0.312500
vt 0.468750 0.296875
vt 0.484375 0.312500
vt 0.453125 0.296875
vt 0.437500 0.281250
vt 0.437500 0.265625
vt 0.453125 0.281250
vt 0.468750 0.343750
vt 0.484375 0.343750
vt 0.484375 0.359375
vt 0.468750 0.328125
vt 0.484375 0.328125
vt 0.312500 0.968750
vt 0.328125 0.984375
vt 0.312500 0.984375
vt 0.328125 0.968750
vt 0.343750 0.968750
vt 0.359375 0.984375
vt 0.343750 0.984375
vt 0.281250 0.968750
vt 0.296875 0.968750
vt 0.296875 0.984375
vt 0.281250 0.953125
vt 0.281250 0.937500
vt 0.296875 0.937500
vt 0.296875 0.953125
vt 0.250000 0.968750
vt 0.265625 0.984375
vt 0.250000 0.984375
vt 0.265625 0.968750
vt 0.281250 0.984375
vt 0.343750 0.906250
vt 0.359375 0.906250
vt 0.359375 0.921875
vt 0.343750 0.890625
vt 0.343750 0.875000
vt 0.359375 0.875000
vt 0.359375 0.890625
vt 0.343750 0.937500
vt 0.343750 0.921875
vt 0.359375 0.937500
vt 0.328125 0.921875
vt 0.312500 0.906250
vt 0.312500 0.890625
vt 0.328125 0.906250
vt 0.359375 0.968750
vt 0.343750 0.953125
vt 0.359375 0.953125
vt 0.437500 0.968750
vt 0.453125 0.984375
vt 0.437500 0.984375
vt 0.453125 0.968750
vt 0.468750 0.968750
vt 0.484375 0.984375
vt 0.468750 0.984375
vt 0.406250 0.968750
vt 0.421875 0.968750
vt 0.421875 0.984375
vt 0.406250 0.953125
vt 0.406250 0.937500
vt 0.421875 0.937500
vt 0.421875 0.953125
vt 0.375000 0.968750
vt 0.390625 0.984375
vt 0.375000 0.984375
vt 0.390625 0.968750
vt 0.406250 0.984375
vt 0.218750 0.906250
vt 0.234375 0.906250
vt 0.234375 0.921875
vt 0.218750 0.890625
vt 0.218750 0.875000
vt 0.234375 0.875000
vt 0.234375 0.890625
vt 0.218750 0.937500
vt 0.218750 0.921875
vt 0.234375 0.937500
vt 0.203125 0.921875
vt 0.187500 0.906250
vt 0.187500 0.890625
vt 0.203125 0.906250
vt 0.218750 0.968750
vt 0.234375 0.968750
vt 0.234375 0.984375
vt 0.218750 0.953125
vt 0.234375 0.953125
vt 0.156250 0.812500
vt 0.156250 0.796875
vt 0.171875 0.812500
vt 0.140625 0.796875
vt 0.125000 0.781250
vt 0.125000 0.765625
vt 0.140625 0.781250
vt 0.187500 0.843750
vt 0.171875 0.828125
vt 0.187500 0.828125
vt 0.171875 0.843750
vt 0.156250 0.843750
vt 0.140625 0.828125
vt 0.156250 0.828125
vt 0.218750 0.859375
vt 0.203125 0.859375
vt 0.203125 0.843750
vt 0.218750 0.781250
vt 0.234375 0.781250
vt 0.234375 0.796875
vt 0.218750 0.765625
vt 0.218750 0.750000
vt 0.234375 0.750000
vt 0.234375 0.765625
vt 0.218750 0.812500
vt 0.218750 0.796875
vt 0.234375 0.812500
vt 0.203125 0.796875
vt 0.187500 0.781250
vt 0.187500 0.765625
vt 0.203125 0.781250
vt 0.218750 0.843750
vt 0.234375 0.843750
vt 0.234375 0.859375
vt 0.218750 0.828125
vt 0.234375 0.828125
vt 0.062500 0.968750
vt 0.078125 0.984375
vt 0.062500 0.984375
vt 0.078125 0.968750
vt 0.093750 0.968750
vt 0.109375 0.984375
vt 0.093750 0.984375
vt 0.031250 0.968750
vt 0.046875 0.968750
vt 0.046875 0.984375
vt 0.031250 0.953125
vt 0.031250 0.937500
vt 0.046875 0.937500
vt 0.046875 0.953125
vt 0.000000 0.968750
vt 0.015625 0.984375
vt 0.000000 0.984375
vt 0.015625 0.968750
vt 0.031250 0.984375
vt 0.093750 0.906250
vt 0.109375 0.906250
vt 0.109375 0.921875
vt 0.093750 0.890625
vt 0.093750 0.875000
vt 0.109375 0.875000
vt 0.109375 0.890625
vt 0.093750 0.937500
vt 0.093750 0.921875
vt 0.109375 0.937500
vt 0.078125 0.921875
vt 0.062500 0.906250
vt 0.062500 0.890625
vt 0.078125 0.906250
vt 0.109375 0.968750
vt 0.093750 0.953125
vt 0.109375 0.953125
vt 0.187500 0.968750
vt 0.203125 0.984375
vt 0.187500 0.984375
vt 0.203125 0.968750
vt 0.218750 0.984375
vt 0.156250 0.968750
vt 0.171875 0.968750
vt 0.171875 0.984375
vt 0.156250 0.953125
vt 0.156250 0.937500
vt 0.171875 0.937500
vt 0.171875 0.953125
vt 0.125000 0.968750
vt 0.140625 0.984375
vt 0.125000 0.984375
vt 0.140625 0.968750
vt 0.156250 0.984375
vt 0.312500 0.468750
vt 0.328125 0.484375
vt 0.312500 0.484375
vt 0.328125 0.468750
vt 0.343750 0.468750
vt 0.359375 0.484375
vt 0.343750 0.484375
vt 0.281250 0.468750
vt 0.296875 0.468750
vt 0.296875 0.484375
vt 0.281250 0.453125
vt 0.281250 0.437500
vt 0.296875 0.437500
vt 0.296875 0.453125
vt 0.250000 0.468750
vt 0.265625 0.484375
vt 0.250000 0.484375
vt 0.265625 0.468750
vt 0.281250 0.484375
vt 0.343750 0.406250
vt 0.359375 0.406250
vt 0.359375 0.421875
vt 0.343750 0.390625
vt 0.343750 0.375000
vt 0.359375 0.375000
vt 0.359375 0.390625
vt 0.343750 0.437500
vt 0.343750 0.421875
vt 0.359375 0.437500
vt 0.328125 0.421875
vt 0.312500 0.406250
vt 0.312500 0.390625
vt 0.328125 0.406250
vt 0.359375 0.468750
vt 0.343750 0.453125
vt 0.359375 0.453125
vt 0.437500 0.468750
vt 0.453125 0.484375
vt 0.437500 0.484375
vt 0.453125 0.468750
vt 0.468750 0.484375
vt 0.406250 0.468750
vt 0.421875 0.468750
vt 0.421875 0.484375
vt 0.406250 0.453125
vt 0.406250 0.437500
vt 0.421875 0.437500
vt 0.421875 0.453125
vt 0.375000 0.468750
vt 0.390625 0.484375
vt 0.375000 0.484375
vt 0.390625 0.468750
vt 0.406250 0.484375
vt 0.218750 0.406250
vt 0.234375 0.406250
vt 0.234375 0.421875
vt 0.218750 0.390625
vt 0.218750 0.375000
vt 0.234375 0.375000
vt 0.234375 0.390625
vt 0.218750 0.437500
vt 0.218750 0.421875
vt 0.234375 0.437500
vt 0.203125 0.421875
vt 0.187500 0.406250
vt 0.187500 0.390625
vt 0.203125 0.406250
vt 0.218750 0.468750
vt 0.234375 0.468750
vt 0.234375 0.484375
vt 0.218750 0.453125
vt 0.234375 0.453125
vt 0.156250 0.312500
vt 0.156250 0.296875
vt 0.171875 0.312500
vt 0.140625 0.296875
vt 0.125000 0.281250
vt 0.125000 0.265625
vt 0.140625 0.281250
vt 0.187500 0.343750
vt 0.171875 0.328125
vt 0.187500 0.328125
vt 0.171875 0.343750
vt 0.156250 0.343750
vt 0.140625 0.328125
vt 0.156250 0.328125
vt 0.218750 0.359375
vt 0.203125 0.359375
vt 0.203125 0.343750
vt 0.218750 0.281250
vt 0.234375 0.281250
vt 0.234375 0.296875
vt 0.218750 0.265625
vt 0.218750 0.250000
vt 0.234375 0.250000
vt 0.234375 0.265625
vt 0.218750 0.312500
vt 0.218750 0.296875
vt 0.234375 0.312500
vt 0.203125 0.296875
vt 0.187500 0.281250
vt 0.187500 0.265625
vt 0.203125 0.281250
vt 0.218750 0.343750
vt 0.234375 0.343750
vt 0.234375 0.359375
vt 0.218750 0.328125
vt 0.234375 0.328125
vt 0.062500 0.468750
vt 0.078125 0.484375
vt 0.062500 0.484375
vt 0.078125 0.468750
vt 0.093750 0.468750
vt 0.109375 0.484375
vt 0.093750 0.484375
vt 0.031250 0.468750
vt 0.046875 0.468750
vt 0.046875 0.484375
vt 0.031250 0.453125
vt 0.031250 0.437500
vt 0.046875 0.437500
vt 0.046875 0.453125
vt 0.000000 0.468750
vt 0.015625 0.484375
vt 0.000000 0.484375
vt 0.015625 0.468750
vt 0.031250 0.484375
vt 0.093750 0.406250
vt 0.109375 0.406250
vt 0.109375 0.421875
vt 0.093750 0.390625
vt 0.093750 0.375000
vt 0.109375 0.375000
vt 0.109375 0.390625
vt 0.093750 0.437500
vt 0.093750 0.421875
vt 0.109375 0.437500
vt 0.078125 0.421875
vt 0.062500 0.406250
vt 0.062500 0.390625
vt 0.078125 0.406250
vt 0.109375 0.468750
vt 0.093750 0.453125
vt 0.109375 0.453125
vt 0.187500 0.468750
vt 0.203125 0.484375
vt 0.187500 0.484375
vt 0.203125 0.468750
vt 0.218750 0.484375
vt 0.156250 0.468750
vt 0.171875 0.468750
vt 0.171875 0.484375
vt 0.156250 0.453125
vt 0.156250 0.437500
vt 0.171875 0.437500
vt 0.171875 0.453125
vt 0.125000 0.468750
vt 0.140625 0.484375
vt 0.125000 0.484375
vt 0.140625 0.468750
vt 0.156250 0.484375
vt 0.468750 0.656250
vt 0.484375 0.656250
vt 0.484375 0.671875
vt 0.468750 0.640625
vt 0.468750 0.625000
vt 0.484375 0.625000
vt 0.484375 0.640625
vt 0.468750 0.687500
vt 0.468750 0.671875
vt 0.484375 0.687500
vt 0.453125 0.671875
vt 0.437500 0.656250
vt 0.437500 0.640625
vt 0.453125 0.656250
vt 0.468750 0.718750
vt 0.484375 0.718750
vt 0.484375 0.734375
vt 0.468750 0.703125
vt 0.484375 0.703125
vt 0.406250 0.562500
vt 0.406250 0.546875
vt 0.421875 0.562500
vt 0.390625 0.546875
vt 0.375000 0.531250
vt 0.375000 0.515625
vt 0.390625 0.531250
vt 0.437500 0.593750
vt 0.421875 0.578125
vt 0.437500 0.578125
vt 0.421875 0.593750
vt 0.406250 0.593750
vt 0.390625 0.578125
vt 0.406250 0.578125
vt 0.468750 0.609375
vt 0.453125 0.609375
vt 0.453125 0.593750
vt 0.468750 0.531250
vt 0.484375 0.531250
vt 0.484375 0.546875
vt 0.468750 0.515625
vt 0.468750 0.500000
vt 0.484375 0.500000
vt 0.484375 0.515625
vt 0.468750 0.562500
vt 0.468750 0.546875
vt 0.484375 0.562500
vt 0.453125 0.546875
vt 0.437500 0.531250
vt 0.437500 0.515625
vt 0.453125 0.531250
vt 0.468750 0.593750
vt 0.484375 0.593750
vt 0.484375 0.609375
vt 0.468750 0.578125
vt 0.484375 0.578125
vt 0.406250 0.687500
vt 0.406250 0.671875
vt 0.421875 0.687500
vt 0.390625 0.671875
vt 0.375000 0.656250
vt 0.375000 0.640625
vt 0.390625 0.656250
vt 0.437500 0.718750
vt 0.421875 0.703125
vt 0.437500 0.703125
vt 0.421875 0.718750
vt 0.406250 0.718750
vt 0.390625 0.703125
vt 0.406250 0.703125
vt 0.468750 0.750000
vt 0.468750 0.734375
vt 0.484375 0.750000
vt 0.453125 0.734375
vt 0.453125 0.718750
vt 0.312500 0.656250
vt 0.296875 0.640625
vt 0.312500 0.640625
vt 0.296875 0.656250
vt 0.281250 0.656250
vt 0.265625 0.640625
vt 0.281250 0.640625
vt 0.343750 0.656250
vt 0.328125 0.656250
vt 0.328125 0.640625
vt 0.343750 0.671875
vt 0.343750 0.687500
vt 0.328125 0.687500
vt 0.328125 0.671875
vt 0.359375 0.640625
vt 0.359375 0.656250
vt 0.343750 0.640625
vt 0.281250 0.562500
vt 0.281250 0.546875
vt 0.296875 0.562500
vt 0.265625 0.546875
vt 0.250000 0.531250
vt 0.250000 0.515625
vt 0.265625 0.531250
vt 0.312500 0.593750
vt 0.296875 0.578125
vt 0.312500 0.578125
vt 0.296875 0.593750
vt 0.281250 0.593750
vt 0.265625 0.578125
vt 0.281250 0.578125
vt 0.343750 0.625000
vt 0.343750 0.609375
vt 0.359375 0.625000
vt 0.328125 0.609375
vt 0.328125 0.593750
vt 0.468750 0.906250
vt 0.484375 0.906250
vt 0.484375 0.921875
vt 0.468750 0.890625
vt 0.468750 0.875000
vt 0.484375 0.875000
vt 0.484375 0.890625
vt 0.468750 0.937500
vt 0.468750 0.921875
vt 0.484375 0.937500
vt 0.453125 0.921875
vt 0.437500 0.906250
vt 0.437500 0.890625
vt 0.453125 0.906250
vt 0.484375 0.968750
vt 0.468750 0.953125
vt 0.484375 0.953125
vt 0.406250 0.812500
vt 0.406250 0.796875
vt 0.421875 0.812500
vt 0.390625 0.796875
vt 0.375000 0.781250
vt 0.375000 0.765625
vt 0.390625 0.781250
vt 0.437500 0.843750
vt 0.421875 0.828125
vt 0.437500 0.828125
vt 0.421875 0.843750
vt 0.406250 0.843750
vt 0.390625 0.828125
vt 0.406250 0.828125
vt 0.468750 0.859375
vt 0.453125 0.859375
vt 0.453125 0.843750
vt 0.468750 0.781250
vt 0.484375 0.781250
vt 0.484375 0.796875
vt 0.468750 0.765625
vt 0.484375 0.765625
vt 0.468750 0.812500
vt 0.468750 0.796875
vt 0.484375 0.812500
vt 0.453125 0.796875
vt 0.437500 0.781250
vt 0.437500 0.765625
vt 0.453125 0.781250
vt 0.468750 0.843750
vt 0.484375 0.843750
vt 0.484375 0.859375
vt 0.468750 0.828125
vt 0.484375 0.828125
vt 0.812500 0.968750
vt 0.828125 0.984375
vt 0.812500 0.984375
vt 0.828125 0.968750
vt 0.843750 0.968750
vt 0.859375 0.984375
vt 0.843750 0.984375
vt 0.781250 0.968750
vt 0.796875 0.968750
vt 0.796875 0.984375
vt 0.781250 0.953125
vt 0.781250 0.937500
vt 0.796875 0.937500
vt 0.796875 0.953125
vt 0.750000 0.968750
vt 0.765625 0.984375
vt 0.750000 0.984375
vt 0.765625 0.968750
vt 0.781250 0.984375
vt 0.843750 0.906250
vt 0.859375 0.906250
vt 0.859375 0.921875
vt 0.843750 0.890625
vt 0.843750 0.875000
vt 0.859375 0.875000
vt 0.859375 0.890625
vt 0.843750 0.937500
vt 0.843750 0.921875
vt 0.859375 0.937500
vt 0.828125 0.921875
vt 0.812500 0.906250
vt 0.812500 0.890625
vt 0.828125 0.906250
vt 0.859375 0.968750
vt 0.843750 0.953125
vt 0.859375 0.953125
vt 0.937500 0.968750
vt 0.953125 0.984375
vt 0.937500 0.984375
vt 0.953125 0.968750
vt 0.968750 0.968750
vt 0.984375 0.984375
vt 0.968750 0.984375
vt 0.906250 0.968750
vt 0.921875 0.968750
vt 0.921875 0.984375
vt 0.906250 0.953125
vt 0.906250 0.937500
vt 0.921875 0.937500
vt 0.921875 0.953125
vt 0.875000 0.968750
vt 0.890625 0.984375
vt 0.875000 0.984375
vt 0.890625 0.968750
vt 0.906250 0.984375
vt 0.718750 0.906250
vt 0.734375 0.906250
vt 0.734375 0.921875
vt 0.718750 0.890625
vt 0.718750 0.875000
vt 0.734375 0.875000
vt 0.734375 0.890625
vt 0.718750 0.937500
vt 0.718750 0.921875
vt 0.734375 0.937500
vt 0.703125 0.921875
vt 0.687500 0.906250
vt 0.687500 0.890625
vt 0.703125 0.906250
vt 0.718750 0.968750
vt 0.734375 0.968750
vt 0.734375 0.984375
vt 0.718750 0.953125
vt 0.734375 0.953125
vt 0.656250 0.812500
vt 0.656250 0.796875
vt 0.671875 0.812500
vt 0.640625 0.796875
vt 0.625000 0.781250
vt 0.625000 0.765625
vt 0.640625 0.781250
vt 0.687500 0.843750
vt 0.671875 0.828125
vt 0.687500 0.828125
vt 0.671875 0.843750
vt 0.656250 0.843750
vt 0.640625 0.828125
vt 0.656250 0.828125
vt 0.718750 0.859375
vt 0.703125 0.859375
vt 0.703125 0.843750
vt 0.718750 0.781250
vt 0.734375 0.781250
vt 0.734375 0.796875
vt 0.718750 0.765625
vt 0.718750 0.750000
vt 0.734375 0.750000
vt 0.734375 0.765625
vt 0.718750 0.812500
vt 0.718750 0.796875
vt 0.734375 0.812500
vt 0.703125 0.796875
vt 0.687500 0.781250
vt 0.687500 0.765625
vt 0.703125 0.781250
vt 0.718750 0.843750
vt 0.734375 0.843750
vt 0.734375 0.859375
vt 0.718750 0.828125
vt 0.734375 0.828125
vt 0.562500 0.968750
vt 0.578125 0.984375
vt 0.562500 0.984375
vt 0.578125 0.968750
vt 0.593750 0.968750
vt 0.609375 0.984375
vt 0.593750 0.984375
vt 0.531250 0.968750
vt 0.546875 0.968750
vt 0.546875 0.984375
vt 0.531250 0.953125
vt 0.531250 0.937500
vt 0.546875 0.937500
vt 0.546875 0.953125
vt 0.500000 0.968750
vt 0.515625 0.984375
vt 0.500000 0.984375
vt 0.515625 0.968750
vt 0.531250 0.984375
vt 0.593750 0.906250
vt 0.609375 0.906250
vt 0.609375 0.921875
vt 0.593750 0.890625
vt 0.593750 0.875000
vt 0.609375 0.875000
vt 0.609375 0.890625
vt 0.593750 0.937500
vt 0.593750 0.921875
vt 0.609375 0.937500
vt 0.578125 0.921875
vt 0.562500 0.906250
vt 0.562500 0.890625
vt 0.578125 0.906250
vt 0.609375 0.968750
vt 0.593750 0.953125
vt 0.609375 0.953125
vt 0.687500 0.968750
vt 0.703125 0.984375
vt 0.687500 0.984375
vt 0.703125 0.968750
vt 0.718750 0.984375
vt 0.656250 0.968750
vt 0.671875 0.968750
vt 0.671875 0.984375
vt 0.656250 0.953125
vt 0.656250 0.937500
vt 0.671875 0.937500
vt 0.671875 0.953125
vt 0.625000 0.968750
vt 0.640625 0.984375
vt 0.625000 0.984375
vt 0.640625 0.968750
vt 0.656250 0.984375
vt 0.968750 0.656250
vt 0.984375 0.656250
vt 0.984375 0.671875
vt 0.968750 0.640625
vt 0.968750 0.625000
vt 0.984375 0.625000
vt 0.984375 0.640625
vt 0.968750 0.687500
vt 0.968750 0.671875
vt 0.984375 0.687500
vt 0.953125 0.671875
vt 0.937500 0.656250
vt 0.937500 0.640625
vt 0.953125 0.656250
vt 0.968750 0.718750
vt 0.984375 0.718750
vt 0.984375 0.734375
vt 0.968750 0.703125
vt 0.984375 0.703125
vt 0.906250 0.562500
vt 0.906250 0.546875
vt 0.921875 0.562500
vt 0.890625 0.546875
vt 0.875000 0.531250
vt 0.875000 0.515625
vt 0.890625 0.531250
vt 0.937500 0.593750
vt 0.921875 0.578125
vt 0.937500 0.578125
vt 0.921875 0.593750
vt 0.906250 0.593750
vt 0.890625 0.578125
vt 0.906250 0.578125
vt 0.968750 0.609375
vt 0.953125 0.609375
vt 0.953125 0.593750
vt 0.968750 0.531250
vt 0.984375 0.531250
vt 0.984375 0.546875
vt 0.968750 0.515625
vt 0.968750 0.500000
vt 0.984375 0.500000
vt 0.984375 0.515625
vt 0.968750 0.562500
vt 0.968750 0.546875
vt 0.984375 0.562500
vt 0.953125 0.546875
vt 0.937500 0.531250
vt 0.937500 0.515625
vt 0.953125 0.531250
vt 0.968750 0.593750
vt 0.984375 0.593750
vt 0.984375 0.609375
vt 0.968750 0.578125
vt 0.984375 0.578125
vt 0.906250 0.687500
vt 0.906250 0.671875
vt 0.921875 0.687500
vt 0.890625 0.671875
vt 0.875000 0.656250
vt 0.875000 0.640625
vt 0.890625 0.656250
vt 0.937500 0.718750
vt 0.921875 0.703125
vt 0.937500 0.703125
vt 0.921875 0.718750
vt 0.906250 0.718750
vt 0.890625 0.703125
vt 0.906250 0.703125
vt 0.968750 0.750000
vt 0.968750 0.734375
vt 0.984375 0.750000
vt 0.953125 0.734375
vt 0.953125 0.718750
vt 0.812500 0.656250
vt 0.796875 0.640625
vt 0.812500 0.640625
vt 0.796875 0.656250
vt 0.781250 0.656250
vt 0.765625 0.640625
vt 0.781250 0.640625
vt 0.843750 0.656250
vt 0.828125 0.656250
vt 0.828125 0.640625
vt 0.843750 0.671875
vt 0.843750 0.687500
vt 0.828125 0.687500
vt 0.828125 0.671875
vt 0.859375 0.640625
vt 0.859375 0.656250
vt 0.843750 0.640625
vt 0.781250 0.562500
vt 0.781250 0.546875
vt 0.796875 0.562500
vt 0.765625 0.546875
vt 0.750000 0.531250
vt 0.750000 0.515625
vt 0.765625 0.531250
vt 0.812500 0.593750
vt 0.796875 0.578125
vt 0.812500 0.578125
vt 0.796875 0.593750
vt 0.781250 0.593750
vt 0.765625 0.578125
vt 0.781250 0.578125
vt 0.843750 0.625000
vt 0.843750 0.609375
vt 0.859375 0.625000
vt 0.828125 0.609375
vt 0.828125 0.593750
vt 0.968750 0.906250
vt 0.984375 0.906250
vt 0.984375 0.921875
vt 0.968750 0.890625
vt 0.968750 0.875000
vt 0.984375 0.875000
vt 0.984375 0.890625
vt 0.968750 0.937500
vt 0.968750 0.921875
vt 0.984375 0.937500
vt 0.953125 0.921875
vt 0.937500 0.906250
vt 0.937500 0.890625
vt 0.953125 0.906250
vt 0.984375 0.968750
vt 0.968750 0.953125
vt 0.984375 0.953125
vt 0.906250 0.812500
vt 0.906250 0.796875
vt 0.921875 0.812500
vt 0.890625 0.796875
vt 0.875000 0.781250
vt 0.875000 0.765625
vt 0.890625 0.781250
vt 0.937500 0.843750
vt 0.921875 0.828125
vt 0.937500 0.828125
vt 0.921875 0.843750
vt 0.906250 0.843750
vt 0.890625 0.828125
vt 0.906250 0.828125
vt 0.968750 0.859375
vt 0.953125 0.859375
vt 0.953125 0.843750
vt 0.968750 0.781250
vt 0.984375 0.781250
vt 0.984375 0.796875
vt 0.968750 0.765625
vt 0.984375 0.765625
vt 0.968750 0.812500
vt 0.968750 0.796875
vt 0.984375 0.812500
vt 0.953125 0.796875
vt 0.937500 0.781250
vt 0.937500 0.765625
vt 0.953125 0.781250
vt 0.968750 0.843750
vt 0.984375 0.843750
vt 0.984375 0.859375
vt 0.968750 0.828125
vt 0.984375 0.828125
vt 0.656250 0.187500
vt 0.656250 0.171875
vt 0.671875 0.187500
vt 0.640625 0.171875
vt 0.625000 0.156250
vt 0.625000 0.140625
vt 0.640625 0.156250
vt 0.687500 0.218750
vt 0.671875 0.203125
vt 0.687500 0.203125
vt 0.671875 0.218750
vt 0.656250 0.218750
vt 0.640625 0.203125
vt 0.656250 0.203125
vt 0.718750 0.250000
vt 0.718750 0.234375
vt 0.734375 0.250000
vt 0.703125 0.234375
vt 0.703125 0.218750
vt 0.562500 0.156250
vt 0.546875 0.140625
vt 0.562500 0.140625
vt 0.546875 0.156250
vt 0.531250 0.156250
vt 0.515625 0.140625
vt 0.531250 0.140625
vt 0.593750 0.156250
vt 0.578125 0.156250
vt 0.578125 0.140625
vt 0.593750 0.171875
vt 0.593750 0.187500
vt 0.578125 0.187500
vt 0.578125 0.171875
vt 0.609375 0.140625
vt 0.609375 0.156250
vt 0.593750 0.140625
vt 0.531250 0.062500
vt 0.531250 0.046875
vt 0.546875 0.062500
vt 0.515625 0.046875
vt 0.500000 0.031250
vt 0.500000 0.015625
vt 0.515625 0.031250
vt 0.562500 0.093750
vt 0.546875 0.078125
vt 0.562500 0.078125
vt 0.546875 0.093750
vt 0.531250 0.093750
vt 0.515625 0.078125
vt 0.531250 0.078125
vt 0.593750 0.125000
vt 0.593750 0.109375
vt 0.609375 0.125000
vt 0.578125 0.109375
vt 0.578125 0.093750
vt 0.687500 0.281250
vt 0.671875 0.265625
vt 0.687500 0.265625
vt 0.671875 0.281250
vt 0.656250 0.281250
vt 0.640625 0.265625
vt 0.656250 0.265625
vt 0.718750 0.281250
vt 0.703125 0.281250
vt 0.703125 0.265625
vt 0.718750 0.296875
vt 0.718750 0.312500
vt 0.703125 0.312500
vt 0.703125 0.296875
vt 0.750000 0.281250
vt 0.734375 0.265625
vt 0.750000 0.265625
vt 0.734375 0.281250
vt 0.718750 0.265625
vt 0.656250 0.343750
vt 0.640625 0.343750
vt 0.640625 0.328125
vt 0.656250 0.359375
vt 0.656250 0.375000
vt 0.640625 0.375000
vt 0.640625 0.359375
vt 0.656250 0.312500
vt 0.656250 0.328125
vt 0.640625 0.312500
vt 0.671875 0.328125
vt 0.687500 0.343750
vt 0.687500 0.359375
vt 0.671875 0.343750
vt 0.640625 0.281250
vt 0.656250 0.296875
vt 0.640625 0.296875
vt 0.562500 0.281250
vt 0.546875 0.265625
vt 0.562500 0.265625
vt 0.546875 0.281250
vt 0.531250 0.281250
vt 0.515625 0.265625
vt 0.531250 0.265625
vt 0.593750 0.281250
vt 0.578125 0.281250
vt 0.578125 0.265625
vt 0.593750 0.296875
vt 0.593750 0.312500
vt 0.578125 0.312500
vt 0.578125 0.296875
vt 0.625000 0.281250
vt 0.609375 0.265625
vt 0.625000 0.265625
vt 0.609375 0.281250
vt 0.593750 0.265625
vt 0.906250 0.437500
vt 0.906250 0.421875
vt 0.921875 0.437500
vt 0.890625 0.421875
vt 0.875000 0.406250
vt 0.875000 0.390625
vt 0.890625 0.406250
vt 0.937500 0.468750
vt 0.921875 0.453125
vt 0.937500 0.453125
vt 0.921875 0.468750
vt 0.906250 0.468750
vt 0.890625 0.453125
vt 0.906250 0.453125
vt 0.968750 0.484375
vt 0.953125 0.484375
vt 0.953125 0.468750
vt 0.812500 0.406250
vt 0.796875 0.390625
vt 0.812500 0.390625
vt 0.796875 0.406250
vt 0.781250 0.406250
vt 0.765625 0.390625
vt 0.781250 0.390625
vt 0.843750 0.406250
vt 0.828125 0.406250
vt 0.828125 0.390625
vt 0.843750 0.421875
vt 0.843750 0.437500
vt 0.828125 0.437500
vt 0.828125 0.421875
vt 0.859375 0.390625
vt 0.859375 0.406250
vt 0.843750 0.390625
vt 0.781250 0.312500
vt 0.781250 0.296875
vt 0.796875 0.312500
vt 0.765625 0.296875
vt 0.765625 0.281250
vt 0.812500 0.343750
vt 0.796875 0.328125
vt 0.812500 0.328125
vt 0.796875 0.343750
vt 0.781250 0.343750
vt 0.765625 0.328125
vt 0.781250 0.328125
vt 0.843750 0.375000
vt 0.843750 0.359375
vt 0.859375 0.375000
vt 0.828125 0.359375
vt 0.828125 0.343750
vt 0.968750 0.156250
vt 0.984375 0.156250
vt 0.984375 0.171875
vt 0.968750 0.140625
vt 0.968750 0.125000
vt 0.984375 0.125000
vt 0.984375 0.140625
vt 0.968750 0.187500
vt 0.968750 0.171875
vt 0.984375 0.187500
vt 0.953125 0.171875
vt 0.937500 0.156250
vt 0.937500 0.140625
vt 0.953125 0.156250
vt 0.968750 0.218750
vt 0.984375 0.218750
vt 0.984375 0.234375
vt 0.968750 0.203125
vt 0.984375 0.203125
vt 0.906250 0.062500
vt 0.906250 0.046875
vt 0.921875 0.062500
vt 0.890625 0.046875
vt 0.875000 0.031250
vt 0.875000 0.015625
vt 0.890625 0.031250
vt 0.937500 0.093750
vt 0.921875 0.078125
vt 0.937500 0.078125
vt 0.921875 0.093750
vt 0.906250 0.093750
vt 0.890625 0.078125
vt 0.906250 0.078125
vt 0.968750 0.109375
vt 0.953125 0.109375
vt 0.953125 0.093750
vt 0.968750 0.031250
vt 0.984375 0.031250
vt 0.984375 0.046875
vt 0.968750 0.015625
vt 0.968750 0.000000
vt 0.984375 0.000000
vt 0.984375 0.015625
vt 0.968750 0.062500
vt 0.968750 0.046875
vt 0.984375 0.062500
vt 0.953125 0.046875
vt 0.937500 0.031250
vt 0.937500 0.015625
vt 0.953125 0.031250
vt 0.968750 0.093750
vt 0.984375 0.093750
vt 0.984375 0.109375
vt 0.968750 0.078125
vt 0.984375 0.078125
vt 0.906250 0.187500
vt 0.906250 0.171875
vt 0.921875 0.187500
vt 0.890625 0.171875
vt 0.875000 0.156250
vt 0.875000 0.140625
vt 0.890625 0.156250
vt 0.937500 0.218750
vt 0.921875 0.203125
vt 0.937500 0.203125
vt 0.921875 0.218750
vt 0.906250 0.218750
vt 0.890625 0.203125
vt 0.906250 0.203125
vt 0.968750 0.250000
vt 0.968750 0.234375
vt 0.984375 0.250000
vt 0.953125 0.234375
vt 0.953125 0.218750
vt 0.812500 0.156250
vt 0.796875 0.140625
vt 0.812500 0.140625
vt 0.796875 0.156250
vt 0.781250 0.156250
vt 0.765625 0.140625
vt 0.781250 0.140625
vt 0.843750 0.156250
vt 0.828125 0.156250
vt 0.828125 0.140625
vt 0.843750 0.171875
vt 0.843750 0.187500
vt 0.828125 0.187500
vt 0.828125 0.171875
vt 0.859375 0.140625
vt 0.859375 0.156250
vt 0.843750 0.140625
vt 0.781250 0.062500
vt 0.781250 0.046875
vt 0.796875 0.062500
vt 0.765625 0.046875
vt 0.750000 0.031250
vt 0.750000 0.015625
vt 0.765625 0.031250
vt 0.812500 0.093750
vt 0.796875 0.078125
vt 0.812500 0.078125
vt 0.796875 0.093750
vt 0.781250 0.093750
vt 0.765625 0.078125
vt 0.781250 0.078125
vt 0.843750 0.125000
vt 0.843750 0.109375
vt 0.859375 0.125000
vt 0.828125 0.109375
vt 0.828125 0.093750
vt 0.968750 0.406250
vt 0.984375 0.406250
vt 0.984375 0.421875
vt 0.968750 0.390625
vt 0.968750 0.375000
vt 0.984375 0.375000
vt 0.984375 0.390625
vt 0.968750 0.437500
vt 0.968750 0.421875
vt 0.984375 0.437500
vt 0.953125 0.421875
vt 0.937500 0.406250
vt 0.937500 0.390625
vt 0.953125 0.406250
vt 0.968750 0.468750
vt 0.984375 0.468750
vt 0.984375 0.484375
vt 0.968750 0.453125
vt 0.984375 0.453125
vt 0.906250 0.312500
vt 0.906250 0.296875
vt 0.921875 0.312500
vt 0.890625 0.296875
vt 0.875000 0.281250
vt 0.875000 0.265625
vt 0.890625 0.281250
vt 0.937500 0.343750
vt 0.921875 0.328125
vt 0.937500 0.328125
vt 0.921875 0.343750
vt 0.906250 0.343750
vt 0.890625 0.328125
vt 0.906250 0.328125
vt 0.968750 0.359375
vt 0.953125 0.359375
vt 0.953125 0.343750
vt 0.968750 0.281250
vt 0.984375 0.281250
vt 0.984375 0.296875
vt 0.968750 0.265625
vt 0.984375 0.265625
vt 0.968750 0.312500
vt 0.968750 0.296875
vt 0.984375 0.312500
vt 0.953125 0.296875
vt 0.937500 0.281250
vt 0.937500 0.265625
vt 0.953125 0.281250
vt 0.968750 0.343750
vt 0.984375 0.343750
vt 0.984375 0.359375
vt 0.968750 0.328125
vt 0.984375 0.328125
vt 0.718750 0.156250
vt 0.734375 0.156250
vt 0.734375 0.171875
vt 0.718750 0.140625
vt 0.718750 0.125000
vt 0.734375 0.125000
vt 0.734375 0.140625
vt 0.718750 0.187500
vt 0.718750 0.171875
vt 0.734375 0.187500
vt 0.703125 0.171875
vt 0.687500 0.156250
vt 0.687500 0.140625
vt 0.703125 0.156250
vt 0.718750 0.218750
vt 0.734375 0.218750
vt 0.734375 0.234375
vt 0.718750 0.203125
vt 0.734375 0.203125
vt 0.656250 0.062500
vt 0.656250 0.046875
vt 0.671875 0.062500
vt 0.640625 0.046875
vt 0.625000 0.031250
vt 0.625000 0.015625
vt 0.640625 0.031250
vt 0.687500 0.093750
vt 0.671875 0.078125
vt 0.687500 0.078125
vt 0.671875 0.093750
vt 0.656250 0.093750
vt 0.640625 0.078125
vt 0.656250 0.078125
vt 0.718750 0.109375
vt 0.703125 0.109375
vt 0.703125 0.093750
vt 0.718750 0.031250
vt 0.734375 0.031250
vt 0.734375 0.046875
vt 0.718750 0.015625
vt 0.718750 0.000000
vt 0.734375 0.000000
vt 0.734375 0.015625
vt 0.718750 0.062500
vt 0.718750 0.046875
vt 0.734375 0.062500
vt 0.703125 0.046875
vt 0.687500 0.031250
vt 0.687500 0.015625
vt 0.703125 0.031250
vt 0.718750 0.093750
vt 0.734375 0.093750
vt 0.734375 0.109375
vt 0.718750 0.078125
vt 0.734375 0.078125
vt 0.656250 0.437500
vt 0.656250 0.421875
vt 0.671875 0.437500
vt 0.640625 0.421875
vt 0.625000 0.406250
vt 0.625000 0.390625
vt 0.640625 0.406250
vt 0.687500 0.468750
vt 0.671875 0.453125
vt 0.687500 0.453125
vt 0.671875 0.468750
vt 0.656250 0.468750
vt 0.640625 0.453125
vt 0.656250 0.453125
vt 0.718750 0.500000
vt 0.718750 0.484375
vt 0.734375 0.500000
vt 0.703125 0.484375
vt 0.703125 0.468750
vt 0.562500 0.406250
vt 0.546875 0.390625
vt 0.562500 0.390625
vt 0.546875 0.406250
vt 0.531250 0.406250
vt 0.515625 0.390625
vt 0.531250 0.390625
vt 0.593750 0.406250
vt 0.578125 0.406250
vt 0.578125 0.390625
vt 0.593750 0.421875
vt 0.593750 0.437500
vt 0.578125 0.437500
vt 0.578125 0.421875
vt 0.609375 0.390625
vt 0.609375 0.406250
vt 0.593750 0.390625
vt 0.531250 0.312500
vt 0.531250 0.296875
vt 0.546875 0.312500
vt 0.515625 0.296875
vt 0.500000 0.281250
vt 0.500000 0.265625
vt 0.515625 0.281250
vt 0.562500 0.343750
vt 0.546875 0.328125
vt 0.562500 0.328125
vt 0.546875 0.343750
vt 0.531250 0.343750
vt 0.515625 0.328125
vt 0.531250 0.328125
vt 0.593750 0.375000
vt 0.593750 0.359375
vt 0.609375 0.375000
vt 0.578125 0.359375
vt 0.578125 0.343750
vt 0.718750 0.656250
vt 0.734375 0.656250
vt 0.734375 0.671875
vt 0.718750 0.640625
vt 0.718750 0.625000
vt 0.734375 0.625000
vt 0.734375 0.640625
vt 0.718750 0.687500
vt 0.718750 0.671875
vt 0.734375 0.687500
vt 0.703125 0.671875
vt 0.687500 0.656250
vt 0.687500 0.640625
vt 0.703125 0.656250
vt 0.718750 0.718750
vt 0.734375 0.718750
vt 0.734375 0.734375
vt 0.718750 0.703125
vt 0.734375 0.703125
vt 0.656250 0.562500
vt 0.656250 0.546875
vt 0.671875 0.562500
vt 0.640625 0.546875
vt 0.625000 0.531250
vt 0.625000 0.515625
vt 0.640625 0.531250
vt 0.687500 0.593750
vt 0.671875 0.578125
vt 0.687500 0.578125
vt 0.671875 0.593750
vt 0.656250 0.593750
vt 0.640625 0.578125
vt 0.656250 0.578125
vt 0.718750 0.609375
vt 0.703125 0.609375
vt 0.703125 0.593750
vt 0.718750 0.531250
vt 0.734375 0.531250
vt 0.734375 0.546875
vt 0.718750 0.515625
vt 0.734375 0.515625
vt 0.718750 0.562500
vt 0.718750 0.546875
vt 0.734375 0.562500
vt 0.703125 0.546875
vt 0.687500 0.531250
vt 0.687500 0.515625
vt 0.703125 0.531250
vt 0.718750 0.593750
vt 0.734375 0.593750
vt 0.734375 0.609375
vt 0.718750 0.578125
vt 0.734375 0.578125
vt 0.562500 0.718750
vt 0.578125 0.734375
vt 0.562500 0.734375
vt 0.578125 0.718750
vt 0.593750 0.718750
vt 0.609375 0.734375
vt 0.593750 0.734375
vt 0.531250 0.718750
vt 0.546875 0.718750
vt 0.546875 0.734375
vt 0.531250 0.703125
vt 0.531250 0.687500
vt 0.546875 0.687500
vt 0.546875 0.703125
vt 0.500000 0.718750
vt 0.515625 0.734375
vt 0.500000 0.734375
vt 0.515625 0.718750
vt 0.531250 0.734375
vt 0.593750 0.656250
vt 0.609375 0.656250
vt 0.609375 0.671875
vt 0.593750 0.640625
vt 0.593750 0.625000
vt 0.609375 0.625000
vt 0.609375 0.640625
vt 0.593750 0.687500
vt 0.593750 0.671875
vt 0.609375 0.687500
vt 0.578125 0.671875
vt 0.562500 0.656250
vt 0.562500 0.640625
vt 0.578125 0.656250
vt 0.609375 0.718750
vt 0.593750 0.703125
vt 0.609375 0.703125
vt 0.687500 0.718750
vt 0.703125 0.734375
vt 0.687500 0.734375
vt 0.703125 0.718750
vt 0.718750 0.734375
vt 0.656250 0.718750
vt 0.671875 0.718750
vt 0.671875 0.734375
vt 0.656250 0.703125
vt 0.656250 0.687500
vt 0.671875 0.687500
vt 0.671875 0.703125
vt 0.625000 0.718750
vt 0.640625 0.734375
vt 0.625000 0.734375
vt 0.640625 0.718750
vt 0.656250 0.734375
vt 0.218750 0.656250
vt 0.234375 0.656250
vt 0.234375 0.671875
vt 0.218750 0.640625
vt 0.218750 0.625000
vt 0.234375 0.625000
vt 0.234375 0.640625
vt 0.218750 0.687500
vt 0.218750 0.671875
vt 0.234375 0.687500
vt 0.203125 0.671875
vt 0.187500 0.656250
vt 0.187500 0.640625
vt 0.203125 0.656250
vt 0.218750 0.718750
vt 0.234375 0.718750
vt 0.234375 0.734375
vt 0.218750 0.703125
vt 0.234375 0.703125
vt 0.156250 0.562500
vt 0.156250 0.546875
vt 0.171875 0.562500
vt 0.140625 0.546875
vt 0.125000 0.531250
vt 0.125000 0.515625
vt 0.140625 0.531250
vt 0.187500 0.593750
vt 0.171875 0.578125
vt 0.187500 0.578125
vt 0.171875 0.593750
vt 0.156250 0.593750
vt 0.140625 0.578125
vt 0.156250 0.578125
vt 0.218750 0.609375
vt 0.203125 0.609375
vt 0.203125 0.593750
vt 0.218750 0.531250
vt 0.234375 0.531250
vt 0.234375 0.546875
vt 0.218750 0.515625
vt 0.218750 0.500000
vt 0.234375 0.500000
vt 0.234375 0.515625
vt 0.218750 0.562500
vt 0.218750 0.546875
vt 0.234375 0.562500
vt 0.203125 0.546875
vt 0.187500 0.531250
vt 0.187500 0.515625
vt 0.203125 0.531250
vt 0.218750 0.593750
vt 0.234375 0.593750
vt 0.234375 0.609375
vt 0.218750 0.578125
vt 0.234375 0.578125
vt 0.062500 0.218750
vt 0.078125 0.234375
vt 0.062500 0.234375
vt 0.078125 0.218750
vt 0.093750 0.218750
vt 0.109375 0.234375
vt 0.093750 0.234375
vt 0.031250 0.218750
vt 0.046875 0.218750
vt 0.046875 0.234375
vt 0.031250 0.203125
vt 0.031250 0.187500
vt 0.046875 0.187500
vt 0.046875 0.203125
vt 0.000000 0.218750
vt 0.015625 0.234375
vt 0.000000 0.234375
vt 0.015625 0.218750
vt 0.031250 0.234375
vt 0.093750 0.156250
vt 0.109375 0.156250
vt 0.109375 0.171875
vt 0.093750 0.140625
vt 0.093750 0.125000
vt 0.109375 0.125000
vt 0.109375 0.140625
vt 0.093750 0.187500
vt 0.093750 0.171875
vt 0.109375 0.187500
vt 0.078125 0.171875
vt 0.062500 0.156250
vt 0.062500 0.140625
vt 0.078125 0.156250
vt 0.109375 0.218750
vt 0.093750 0.203125
vt 0.109375 0.203125
vt 0.187500 0.218750
vt 0.203125 0.234375
vt 0.187500 0.234375
vt 0.203125 0.218750
vt 0.218750 0.218750
vt 0.234375 0.234375
vt 0.218750 0.234375
vt 0.156250 0.218750
vt 0.171875 0.218750
vt 0.171875 0.234375
vt 0.156250 0.203125
vt 0.156250 0.187500
vt 0.171875 0.187500
vt 0.171875 0.203125
vt 0.125000 0.218750
vt 0.140625 0.234375
vt 0.125000 0.234375
vt 0.140625 0.218750
vt 0.156250 0.234375
vt 0.062500 0.718750
vt 0.078125 0.734375
vt 0.062500 0.734375
vt 0.078125 0.718750
vt 0.093750 0.718750
vt 0.109375 0.734375
vt 0.093750 0.734375
vt 0.031250 0.718750
vt 0.046875 0.718750
vt 0.046875 0.734375
vt 0.031250 0.703125
vt 0.031250 0.687500
vt 0.046875 0.687500
vt 0.046875 0.703125
vt 0.000000 0.718750
vt 0.015625 0.734375
vt 0.000000 0.734375
vt 0.015625 0.718750
vt 0.031250 0.734375
vt 0.093750 0.656250
vt 0.109375 0.656250
vt 0.109375 0.671875
vt 0.093750 0.640625
vt 0.093750 0.625000
vt 0.109375 0.625000
vt 0.109375 0.640625
vt 0.093750 0.687500
vt 0.093750 0.671875
vt 0.109375 0.687500
vt 0.078125 0.671875
vt 0.062500 0.656250
vt 0.062500 0.640625
vt 0.078125 0.656250
vt 0.109375 0.718750
vt 0.093750 0.703125
vt 0.109375 0.703125
vt 0.187500 0.718750
vt 0.203125 0.734375
vt 0.187500 0.734375
vt 0.203125 0.718750
vt 0.218750 0.734375
vt 0.156250 0.718750
vt 0.171875 0.718750
vt 0.171875 0.734375
vt 0.156250 0.703125
vt 0.156250 0.687500
vt 0.171875 0.687500
vt 0.171875 0.703125
vt 0.125000 0.718750
vt 0.140625 0.734375
vt 0.125000 0.734375
vt 0.140625 0.718750
vt 0.156250 0.734375
vt 0.218750 0.156250
vt 0.234375 0.156250
vt 0.234375 0.171875
vt 0.218750 0.140625
vt 0.218750 0.125000
vt 0.234375 0.125000
vt 0.234375 0.140625
vt 0.218750 0.187500
vt 0.218750 0.171875
vt 0.234375 0.187500
vt 0.203125 0.171875
vt 0.187500 0.156250
vt 0.187500 0.140625
vt 0.203125 0.156250
vt 0.234375 0.218750
vt 0.218750 0.203125
vt 0.234375 0.203125
vt 0.156250 0.062500
vt 0.156250 0.046875
vt 0.171875 0.062500
vt 0.140625 0.046875
vt 0.125000 0.031250
vt 0.125000 0.015625
vt 0.140625 0.031250
vt 0.187500 0.093750
vt 0.171875 0.078125
vt 0.187500 0.078125
vt 0.171875 0.093750
vt 0.156250 0.093750
vt 0.140625 0.078125
vt 0.156250 0.078125
vt 0.218750 0.109375
vt 0.203125 0.109375
vt 0.203125 0.093750
vt 0.218750 0.031250
vt 0.234375 0.031250
vt 0.234375 0.046875
vt 0.218750 0.015625
vt 0.218750 0.000000
vt 0.234375 0.000000
vt 0.234375 0.015625
vt 0.218750 0.062500
vt 0.218750 0.046875
vt 0.234375 0.062500
vt 0.203125 0.046875
vt 0.187500 0.031250
vt 0.187500 0.015625
vt 0.203125 0.031250
vt 0.218750 0.093750
vt 0.234375 0.093750
vt 0.234375 0.109375
vt 0.218750 0.078125
vt 0.234375 0.078125
vt 0.156250 0.031250
vt 0.171875 0.031250
vt 0.171875 0.046875
vt 0.156250 0.015625
vt 0.156250 0.000000
vt 0.171875 0.000000
vt 0.171875 0.015625
vt 0.156250 0.125000
vt 0.156250 0.109375
vt 0.171875 0.125000
vt 0.140625 0.109375
vt 0.125000 0.093750
vt 0.125000 0.078125
vt 0.140625 0.093750
vt 0.156250 0.156250
vt 0.171875 0.156250
vt 0.171875 0.171875
vt 0.156250 0.140625
vt 0.171875 0.140625
vt 0.125000 0.656250
vt 0.140625 0.671875
vt 0.125000 0.671875
vt 0.140625 0.656250
vt 0.156250 0.656250
vt 0.171875 0.671875
vt 0.156250 0.671875
vt 0.031250 0.656250
vt 0.046875 0.656250
vt 0.046875 0.671875
vt 0.031250 0.640625
vt 0.031250 0.625000
vt 0.046875 0.625000
vt 0.046875 0.640625
vt 0.000000 0.656250
vt 0.015625 0.671875
vt 0.000000 0.671875
vt 0.015625 0.656250
vt 0.031250 0.671875
vt 0.125000 0.156250
vt 0.140625 0.171875
vt 0.125000 0.171875
vt 0.140625 0.156250
vt 0.156250 0.171875
vt 0.031250 0.156250
vt 0.046875 0.156250
vt 0.046875 0.171875
vt 0.031250 0.140625
vt 0.031250 0.125000
vt 0.046875 0.125000
vt 0.046875 0.140625
vt 0.000000 0.156250
vt 0.015625 0.171875
vt 0.000000 0.171875
vt 0.015625 0.156250
vt 0.031250 0.171875
vt 0.156250 0.531250
vt 0.171875 0.531250
vt 0.171875 0.546875
vt 0.156250 0.515625
vt 0.156250 0.500000
vt 0.171875 0.500000
vt 0.171875 0.515625
vt 0.156250 0.625000
vt 0.156250 0.609375
vt 0.171875 0.625000
vt 0.140625 0.609375
vt 0.125000 0.593750
vt 0.125000 0.578125
vt 0.140625 0.593750
vt 0.171875 0.656250
vt 0.156250 0.640625
vt 0.171875 0.640625
vt 0.625000 0.656250
vt 0.640625 0.671875
vt 0.625000 0.671875
vt 0.640625 0.656250
vt 0.656250 0.656250
vt 0.671875 0.671875
vt 0.656250 0.671875
vt 0.531250 0.656250
vt 0.546875 0.656250
vt 0.546875 0.671875
vt 0.531250 0.640625
vt 0.531250 0.625000
vt 0.546875 0.625000
vt 0.546875 0.640625
vt 0.500000 0.656250
vt 0.515625 0.671875
vt 0.500000 0.671875
vt 0.515625 0.656250
vt 0.531250 0.671875
vt 0.656250 0.531250
vt 0.671875 0.531250
vt 0.671875 0.546875
vt 0.656250 0.515625
vt 0.656250 0.500000
vt 0.671875 0.500000
vt 0.671875 0.515625
vt 0.656250 0.625000
vt 0.656250 0.609375
vt 0.671875 0.625000
vt 0.640625 0.609375
vt 0.625000 0.593750
vt 0.625000 0.578125
vt 0.640625 0.593750
vt 0.671875 0.656250
vt 0.656250 0.640625
vt 0.671875 0.640625
vt 0.531250 0.375000
vt 0.531250 0.359375
vt 0.546875 0.375000
vt 0.515625 0.359375
vt 0.500000 0.343750
vt 0.500000 0.328125
vt 0.515625 0.343750
vt 0.625000 0.468750
vt 0.609375 0.453125
vt 0.625000 0.453125
vt 0.609375 0.468750
vt 0.593750 0.468750
vt 0.578125 0.453125
vt 0.593750 0.453125
vt 0.656250 0.484375
vt 0.640625 0.484375
vt 0.640625 0.468750
vt 0.656250 0.031250
vt 0.671875 0.031250
vt 0.671875 0.046875
vt 0.656250 0.015625
vt 0.656250 0.000000
vt 0.671875 0.000000
vt 0.671875 0.015625
vt 0.656250 0.125000
vt 0.656250 0.109375
vt 0.671875 0.125000
vt 0.640625 0.109375
vt 0.625000 0.093750
vt 0.625000 0.078125
vt 0.640625 0.093750
vt 0.656250 0.156250
vt 0.671875 0.156250
vt 0.671875 0.171875
vt 0.656250 0.140625
vt 0.671875 0.140625
vt 0.906250 0.281250
vt 0.921875 0.281250
vt 0.921875 0.296875
vt 0.906250 0.265625
vt 0.906250 0.250000
vt 0.921875 0.250000
vt 0.921875 0.265625
vt 0.906250 0.375000
vt 0.906250 0.359375
vt 0.921875 0.375000
vt 0.890625 0.359375
vt 0.875000 0.343750
vt 0.875000 0.328125
vt 0.890625 0.343750
vt 0.906250 0.406250
vt 0.921875 0.406250
vt 0.921875 0.421875
vt 0.906250 0.390625
vt 0.921875 0.390625
vt 0.781250 0.125000
vt 0.781250 0.109375
vt 0.796875 0.125000
vt 0.765625 0.109375
vt 0.750000 0.093750
vt 0.750000 0.078125
vt 0.765625 0.093750
vt 0.875000 0.218750
vt 0.859375 0.203125
vt 0.875000 0.203125
vt 0.859375 0.218750
vt 0.843750 0.218750
vt 0.828125 0.203125
vt 0.843750 0.203125
vt 0.906250 0.234375
vt 0.890625 0.234375
vt 0.890625 0.218750
vt 0.906250 0.031250
vt 0.921875 0.031250
vt 0.921875 0.046875
vt 0.906250 0.015625
vt 0.906250 0.000000
vt 0.921875 0.000000
vt 0.921875 0.015625
vt 0.906250 0.125000
vt 0.906250 0.109375
vt 0.921875 0.125000
vt 0.890625 0.109375
vt 0.875000 0.093750
vt 0.875000 0.078125
vt 0.890625 0.093750
vt 0.906250 0.156250
vt 0.921875 0.156250
vt 0.921875 0.171875
vt 0.906250 0.140625
vt 0.921875 0.140625
vt 0.781250 0.375000
vt 0.781250 0.359375
vt 0.796875 0.375000
vt 0.765625 0.359375
vt 0.750000 0.343750
vt 0.750000 0.328125
vt 0.765625 0.343750
vt 0.875000 0.468750
vt 0.859375 0.453125
vt 0.875000 0.453125
vt 0.859375 0.468750
vt 0.843750 0.468750
vt 0.828125 0.453125
vt 0.843750 0.453125
vt 0.906250 0.500000
vt 0.906250 0.484375
vt 0.921875 0.500000
vt 0.890625 0.484375
vt 0.890625 0.468750
vt 0.625000 0.343750
vt 0.609375 0.328125
vt 0.625000 0.328125
vt 0.609375 0.343750
vt 0.593750 0.343750
vt 0.578125 0.328125
vt 0.593750 0.328125
vt 0.718750 0.343750
vt 0.703125 0.343750
vt 0.703125 0.328125
vt 0.718750 0.359375
vt 0.718750 0.375000
vt 0.703125 0.375000
vt 0.703125 0.359375
vt 0.734375 0.328125
vt 0.734375 0.343750
vt 0.718750 0.328125
vt 0.531250 0.125000
vt 0.531250 0.109375
vt 0.546875 0.125000
vt 0.515625 0.109375
vt 0.500000 0.093750
vt 0.500000 0.078125
vt 0.515625 0.093750
vt 0.625000 0.218750
vt 0.609375 0.203125
vt 0.625000 0.203125
vt 0.609375 0.218750
vt 0.593750 0.218750
vt 0.578125 0.203125
vt 0.593750 0.203125
vt 0.656250 0.250000
vt 0.656250 0.234375
vt 0.671875 0.250000
vt 0.640625 0.234375
vt 0.640625 0.218750
vt 0.906250 0.781250
vt 0.921875 0.781250
vt 0.921875 0.796875
vt 0.906250 0.765625
vt 0.906250 0.750000
vt 0.921875 0.750000
vt 0.921875 0.765625
vt 0.906250 0.875000
vt 0.906250 0.859375
vt 0.921875 0.875000
vt 0.890625 0.859375
vt 0.875000 0.843750
vt 0.875000 0.828125
vt 0.890625 0.843750
vt 0.906250 0.906250
vt 0.921875 0.906250
vt 0.921875 0.921875
vt 0.906250 0.890625
vt 0.921875 0.890625
vt 0.781250 0.625000
vt 0.781250 0.609375
vt 0.796875 0.625000
vt 0.765625 0.609375
vt 0.750000 0.593750
vt 0.750000 0.578125
vt 0.765625 0.593750
vt 0.875000 0.718750
vt 0.859375 0.703125
vt 0.875000 0.703125
vt 0.859375 0.718750
vt 0.843750 0.718750
vt 0.828125 0.703125
vt 0.843750 0.703125
vt 0.906250 0.734375
vt 0.890625 0.734375
vt 0.890625 0.718750
vt 0.906250 0.531250
vt 0.921875 0.531250
vt 0.921875 0.546875
vt 0.906250 0.515625
vt 0.921875 0.515625
vt 0.906250 0.625000
vt 0.906250 0.609375
vt 0.921875 0.625000
vt 0.890625 0.609375
vt 0.875000 0.593750
vt 0.875000 0.578125
vt 0.890625 0.593750
vt 0.906250 0.656250
vt 0.921875 0.656250
vt 0.921875 0.671875
vt 0.906250 0.640625
vt 0.921875 0.640625
vt 0.625000 0.906250
vt 0.640625 0.921875
vt 0.625000 0.921875
vt 0.640625 0.906250
vt 0.656250 0.906250
vt 0.671875 0.921875
vt 0.656250 0.921875
vt 0.531250 0.906250
vt 0.546875 0.906250
vt 0.546875 0.921875
vt 0.531250 0.890625
vt 0.531250 0.875000
vt 0.546875 0.875000
vt 0.546875 0.890625
vt 0.500000 0.906250
vt 0.515625 0.921875
vt 0.500000 0.921875
vt 0.515625 0.906250
vt 0.531250 0.921875
vt 0.656250 0.781250
vt 0.671875 0.781250
vt 0.671875 0.796875
vt 0.656250 0.765625
vt 0.656250 0.750000
vt 0.671875 0.750000
vt 0.671875 0.765625
vt 0.656250 0.875000
vt 0.656250 0.859375
vt 0.671875 0.875000
vt 0.640625 0.859375
vt 0.625000 0.843750
vt 0.625000 0.828125
vt 0.640625 0.843750
vt 0.671875 0.906250
vt 0.656250 0.890625
vt 0.671875 0.890625
vt 0.875000 0.906250
vt 0.890625 0.921875
vt 0.875000 0.921875
vt 0.890625 0.906250
vt 0.906250 0.921875
vt 0.781250 0.906250
vt 0.796875 0.906250
vt 0.796875 0.921875
vt 0.781250 0.890625
vt 0.781250 0.875000
vt 0.796875 0.875000
vt 0.796875 0.890625
vt 0.750000 0.906250
vt 0.765625 0.921875
vt 0.750000 0.921875
vt 0.765625 0.906250
vt 0.781250 0.921875
vt 0.406250 0.781250
vt 0.421875 0.781250
vt 0.421875 0.796875
vt 0.406250 0.765625
vt 0.406250 0.750000
vt 0.421875 0.750000
vt 0.421875 0.765625
vt 0.406250 0.875000
vt 0.406250 0.859375
vt 0.421875 0.875000
vt 0.390625 0.859375
vt 0.375000 0.843750
vt 0.375000 0.828125
vt 0.390625 0.843750
vt 0.406250 0.906250
vt 0.421875 0.906250
vt 0.421875 0.921875
vt 0.406250 0.890625
vt 0.421875 0.890625
vt 0.281250 0.625000
vt 0.281250 0.609375
vt 0.296875 0.625000
vt 0.265625 0.609375
vt 0.250000 0.593750
vt 0.250000 0.578125
vt 0.265625 0.593750
vt 0.375000 0.718750
vt 0.359375 0.703125
vt 0.375000 0.703125
vt 0.359375 0.718750
vt 0.343750 0.718750
vt 0.328125 0.703125
vt 0.343750 0.703125
vt 0.406250 0.734375
vt 0.390625 0.734375
vt 0.390625 0.718750
vt 0.406250 0.531250
vt 0.421875 0.531250
vt 0.421875 0.546875
vt 0.406250 0.515625
vt 0.406250 0.500000
vt 0.421875 0.500000
vt 0.421875 0.515625
vt 0.406250 0.625000
vt 0.406250 0.609375
vt 0.421875 0.625000
vt 0.390625 0.609375
vt 0.375000 0.593750
vt 0.375000 0.578125
vt 0.390625 0.593750
vt 0.406250 0.656250
vt 0.421875 0.656250
vt 0.421875 0.671875
vt 0.406250 0.640625
vt 0.421875 0.640625
vt 0.125000 0.406250
vt 0.140625 0.421875
vt 0.125000 0.421875
vt 0.140625 0.406250
vt 0.156250 0.406250
vt 0.171875 0.421875
vt 0.156250 0.421875
vt 0.031250 0.406250
vt 0.046875 0.406250
vt 0.046875 0.421875
vt 0.031250 0.390625
vt 0.031250 0.375000
vt 0.046875 0.375000
vt 0.046875 0.390625
vt 0.000000 0.406250
vt 0.015625 0.421875
vt 0.000000 0.421875
vt 0.015625 0.406250
vt 0.031250 0.421875
vt 0.156250 0.281250
vt 0.171875 0.281250
vt 0.171875 0.296875
vt 0.156250 0.265625
vt 0.156250 0.250000
vt 0.171875 0.250000
vt 0.171875 0.265625
vt 0.156250 0.375000
vt 0.156250 0.359375
vt 0.171875 0.375000
vt 0.140625 0.359375
vt 0.125000 0.343750
vt 0.125000 0.328125
vt 0.140625 0.343750
vt 0.171875 0.406250
vt 0.156250 0.390625
vt 0.171875 0.390625
vt 0.375000 0.406250
vt 0.390625 0.421875
vt 0.375000 0.421875
vt 0.390625 0.406250
vt 0.406250 0.406250
vt 0.421875 0.421875
vt 0.406250 0.421875
vt 0.281250 0.406250
vt 0.296875 0.406250
vt 0.296875 0.421875
vt 0.281250 0.390625
vt 0.281250 0.375000
vt 0.296875 0.375000
vt 0.296875 0.390625
vt 0.250000 0.406250
vt 0.265625 0.421875
vt 0.250000 0.421875
vt 0.265625 0.406250
vt 0.281250 0.421875
vt 0.125000 0.906250
vt 0.140625 0.921875
vt 0.125000 0.921875
vt 0.140625 0.906250
vt 0.156250 0.906250
vt 0.171875 0.921875
vt 0.156250 0.921875
vt 0.031250 0.906250
vt 0.046875 0.906250
vt 0.046875 0.921875
vt 0.031250 0.890625
vt 0.031250 0.875000
vt 0.046875 0.875000
vt 0.046875 0.890625
vt 0.000000 0.906250
vt 0.015625 0.921875
vt 0.000000 0.921875
vt 0.015625 0.906250
vt 0.031250 0.921875
vt 0.156250 0.781250
vt 0.171875 0.781250
vt 0.171875 0.796875
vt 0.156250 0.765625
vt 0.156250 0.750000
vt 0.171875 0.750000
vt 0.171875 0.765625
vt 0.156250 0.875000
vt 0.156250 0.859375
vt 0.171875 0.875000
vt 0.140625 0.859375
vt 0.125000 0.843750
vt 0.125000 0.828125
vt 0.140625 0.843750
vt 0.171875 0.906250
vt 0.156250 0.890625
vt 0.171875 0.890625
vt 0.375000 0.906250
vt 0.390625 0.921875
vt 0.375000 0.921875
vt 0.390625 0.906250
vt 0.406250 0.921875
vt 0.281250 0.906250
vt 0.296875 0.906250
vt 0.296875 0.921875
vt 0.281250 0.890625
vt 0.281250 0.875000
vt 0.296875 0.875000
vt 0.296875 0.890625
vt 0.250000 0.906250
vt 0.265625 0.921875
vt 0.250000 0.921875
vt 0.265625 0.906250
vt 0.281250 0.921875
vt 0.406250 0.281250
vt 0.421875 0.281250
vt 0.421875 0.296875
vt 0.406250 0.265625
vt 0.406250 0.250000
vt 0.421875 0.250000
vt 0.421875 0.265625
vt 0.406250 0.375000
vt 0.406250 0.359375
vt 0.421875 0.375000
vt 0.390625 0.359375
vt 0.375000 0.343750
vt 0.375000 0.328125
vt 0.390625 0.343750
vt 0.421875 0.406250
vt 0.406250 0.390625
vt 0.421875 0.390625
vt 0.281250 0.125000
vt 0.281250 0.109375
vt 0.296875 0.125000
vt 0.265625 0.109375
vt 0.250000 0.093750
vt 0.250000 0.078125
vt 0.265625 0.093750
vt 0.375000 0.218750
vt 0.359375 0.203125
vt 0.375000 0.203125
vt 0.359375 0.218750
vt 0.343750 0.218750
vt 0.328125 0.203125
vt 0.343750 0.203125
vt 0.406250 0.234375
vt 0.390625 0.234375
vt 0.390625 0.218750
vt 0.406250 0.031250
vt 0.421875 0.031250
vt 0.421875 0.046875
vt 0.406250 0.015625
vt 0.406250 0.000000
vt 0.421875 0.000000
vt 0.421875 0.015625
vt 0.406250 0.125000
vt 0.406250 0.109375
vt 0.421875 0.125000
vt 0.390625 0.109375
vt 0.375000 0.093750
vt 0.375000 0.078125
vt 0.390625 0.093750
vt 0.406250 0.156250
vt 0.421875 0.156250
vt 0.421875 0.171875
vt 0.406250 0.140625
vt 0.421875 0.140625
vt 0.281250 0.031250
vt 0.296875 0.031250
vt 0.296875 0.046875
vt 0.281250 0.015625
vt 0.281250 0.000000
vt 0.296875 0.000000
vt 0.296875 0.015625
vt 0.281250 0.250000
vt 0.281250 0.234375
vt 0.296875 0.250000
vt 0.265625 0.234375
vt 0.250000 0.218750
vt 0.250000 0.203125
vt 0.265625 0.218750
vt 0.281250 0.281250
vt 0.296875 0.281250
vt 0.296875 0.296875
vt 0.281250 0.265625
vt 0.296875 0.265625
vt 0.250000 0.781250
vt 0.265625 0.796875
vt 0.250000 0.796875
vt 0.265625 0.781250
vt 0.281250 0.781250
vt 0.296875 0.796875
vt 0.281250 0.796875
vt 0.031250 0.781250
vt 0.046875 0.781250
vt 0.046875 0.796875
vt 0.031250 0.765625
vt 0.031250 0.750000
vt 0.046875 0.750000
vt 0.046875 0.765625
vt 0.000000 0.781250
vt 0.015625 0.796875
vt 0.000000 0.796875
vt 0.015625 0.781250
vt 0.031250 0.796875
vt 0.250000 0.281250
vt 0.265625 0.296875
vt 0.250000 0.296875
vt 0.265625 0.281250
vt 0.281250 0.296875
vt 0.031250 0.281250
vt 0.046875 0.281250
vt 0.046875 0.296875
vt 0.031250 0.265625
vt 0.031250 0.250000
vt 0.046875 0.250000
vt 0.046875 0.265625
vt 0.000000 0.281250
vt 0.015625 0.296875
vt 0.000000 0.296875
vt 0.015625 0.281250
vt 0.031250 0.296875
vt 0.281250 0.531250
vt 0.296875 0.531250
vt 0.296875 0.546875
vt 0.281250 0.515625
vt 0.281250 0.500000
vt 0.296875 0.500000
vt 0.296875 0.515625
vt 0.281250 0.750000
vt 0.281250 0.734375
vt 0.296875 0.750000
vt 0.265625 0.734375
vt 0.250000 0.718750
vt 0.250000 0.703125
vt 0.265625 0.718750
vt 0.296875 0.781250
vt 0.281250 0.765625
vt 0.296875 0.765625
vt 0.750000 0.781250
vt 0.765625 0.796875
vt 0.750000 0.796875
vt 0.765625 0.781250
vt 0.781250 0.781250
vt 0.796875 0.796875
vt 0.781250 0.796875
vt 0.531250 0.781250
vt 0.546875 0.781250
vt 0.546875 0.796875
vt 0.531250 0.765625
vt 0.531250 0.750000
vt 0.546875 0.750000
vt 0.546875 0.765625
vt 0.500000 0.781250
vt 0.515625 0.796875
vt 0.500000 0.796875
vt 0.515625 0.781250
vt 0.531250 0.796875
vt 0.781250 0.531250
vt 0.796875 0.531250
vt 0.796875 0.546875
vt 0.781250 0.515625
vt 0.781250 0.500000
vt 0.796875 0.500000
vt 0.796875 0.515625
vt 0.781250 0.750000
vt 0.781250 0.734375
vt 0.796875 0.750000
vt 0.765625 0.734375
vt 0.750000 0.718750
vt 0.750000 0.703125
vt 0.765625 0.718750
vt 0.796875 0.781250
vt 0.781250 0.765625
vt 0.796875 0.765625
vt 0.531250 0.250000
vt 0.531250 0.234375
vt 0.546875 0.250000
vt 0.515625 0.234375
vt 0.500000 0.218750
vt 0.500000 0.203125
vt 0.515625 0.218750
vt 0.750000 0.468750
vt 0.734375 0.453125
vt 0.750000 0.453125
vt 0.734375 0.468750
vt 0.718750 0.468750
vt 0.703125 0.453125
vt 0.718750 0.453125
vt 0.781250 0.484375
vt 0.765625 0.484375
vt 0.765625 0.468750
vt 0.781250 0.031250
vt 0.796875 0.031250
vt 0.796875 0.046875
vt 0.781250 0.015625
vt 0.781250 0.000000
vt 0.796875 0.000000
vt 0.796875 0.015625
vt 0.781250 0.250000
vt 0.781250 0.234375
vt 0.796875 0.250000
vt 0.765625 0.234375
vt 0.750000 0.218750
vt 0.750000 0.203125
vt 0.765625 0.218750
vt 0.781250 0.281250
vt 0.796875 0.281250
vt 0.796875 0.296875
vt 0.781250 0.265625
vt 0.796875 0.265625
vt 0.531250 0.031250
vt 0.546875 0.031250
vt 0.546875 0.046875
vt 0.531250 0.015625
vt 0.531250 0.000000
vt 0.546875 0.000000
vt 0.546875 0.015625
vt 0.531250 0.500000
vt 0.531250 0.484375
vt 0.546875 0.500000
vt 0.515625 0.484375
vt 0.500000 0.468750
vt 0.500000 0.453125
vt 0.515625 0.468750
vt 0.531250 0.531250
vt 0.546875 0.531250
vt 0.546875 0.546875
vt 0.531250 0.515625
vt 0.546875 0.515625
vt 0.500000 0.531250
vt 0.515625 0.546875
vt 0.500000 0.546875
vt 0.515625 0.531250
vt 0.531250 0.546875
vt 0.031250 0.531250
vt 0.046875 0.531250
vt 0.046875 0.546875
vt 0.031250 0.515625
vt 0.031250 0.500000
vt 0.046875 0.500000
vt 0.046875 0.515625
vt 0.000000 0.031250
vt 0.015625 0.046875
vt 0.000000 0.046875
vt 0.015625 0.031250
vt 0.031250 0.031250
vt 0.046875 0.046875
vt 0.031250 0.046875
vt 0.000000 0.531250
vt 0.015625 0.546875
vt 0.000000 0.546875
vt 0.015625 0.531250
vt 0.031250 0.546875
vt 0.046875 0.031250
vt 0.031250 0.015625
vt 0.031250 0.000000
vt 0.046875 0.000000
vt 0.046875 0.015625
vt 1.000000 0.328125
vt 1.000000 0.343750
vt 1.000000 0.312500
vt 1.000000 0.359375
vt 1.000000 0.375000
vt 1.000000 0.265625
vt 1.000000 0.281250
vt 1.000000 0.250000
vt 1.000000 0.296875
vt 1.000000 0.453125
vt 1.000000 0.468750
vt 1.000000 0.437500
vt 1.000000 0.484375
vt 1.000000 0.500000
vt 1.000000 0.390625
vt 1.000000 0.406250
vt 1.000000 0.421875
vt 1.000000 0.078125
vt 1.000000 0.093750
vt 1.000000 0.062500
vt 1.000000 0.109375
vt 1.000000 0.125000
vt 1.000000 0.015625
vt 1.000000 0.031250
vt 1.000000 0.000000
vt 1.000000 0.046875
vt 1.000000 0.203125
vt 1.000000 0.218750
vt 1.000000 0.187500
vt 1.000000 0.234375
vt 1.000000 0.140625
vt 1.000000 0.156250
vt 1.000000 0.171875
vt 1.000000 0.828125
vt 1.000000 0.843750
vt 1.000000 0.812500
vt 1.000000 0.859375
vt 1.000000 0.875000
vt 1.000000 0.765625
vt 1.000000 0.781250
vt 1.000000 0.750000
vt 1.000000 0.796875
vt 1.000000 0.953125
vt 1.000000 0.968750
vt 1.000000 0.937500
vt 1.000000 0.984375
vt 1.000000 1.000000
vt 1.000000 0.890625
vt 1.000000 0.906250
vt 1.000000 0.921875
vt 1.000000 0.578125
vt 1.000000 0.593750
vt 1.000000 0.562500
vt 1.000000 0.609375
vt 1.000000 0.625000
vt 1.000000 0.515625
vt 1.000000 0.531250
vt 1.000000 0.546875
vt 1.000000 0.703125
vt 1.000000 0.718750
vt 1.000000 0.687500
vt 1.000000 0.734375
vt 1.000000 0.640625
vt 1.000000 0.656250
vt 1.000000 0.671875
vt 0.671875 1.000000
vt 0.656250 1.000000
vt 0.687500 1.000000
vt 0.640625 1.000000
vt 0.625000 1.000000
vt 0.734375 1.000000
vt 0.718750 1.000000
vt 0.750000 1.000000
vt 0.703125 1.000000
vt 0.546875 1.000000
vt 0.531250 1.000000
vt 0.562500 1.000000
vt 0.515625 1.000000
vt 0.500000 1.000000
vt 0.609375 1.000000
vt 0.593750 1.000000
vt 0.578125 1.000000
vt 0.921875 1.000000
vt 0.906250 1.000000
vt 0.937500 1.000000
vt 0.890625 1.000000
vt 0.875000 1.000000
vt 0.984375 1.000000
vt 0.968750 1.000000
vt 0.953125 1.000000
vt 0.796875 1.000000
vt 0.781250 1.000000
vt 0.812500 1.000000
vt 0.765625 1.000000
vt 0.859375 1.000000
vt 0.843750 1.000000
vt 0.828125 1.000000
vt 0.171875 1.000000
vt 0.156250 1.000000
vt 0.187500 1.000000
vt 0.140625 1.000000
vt 0.125000 1.000000
vt 0.234375 1.000000
vt 0.218750 1.000000
vt 0.250000 1.000000
vt 0.203125 1.000000
vt 0.046875 1.000000
vt 0.031250 1.000000
vt 0.062500 1.000000
vt 0.015625 1.000000
vt 0.000000 1.000000
vt 0.109375 1.000000
vt 0.093750 1.000000
vt 0.078125 1.000000
vt 0.421875 1.000000
vt 0.406250 1.000000
vt 0.437500 1.000000
vt 0.390625 1.000000
vt 0.375000 1.000000
vt 0.484375 1.000000
vt 0.468750 1.000000
vt 0.453125 1.000000
vt 0.296875 1.000000
vt 0.281250 1.000000
vt 0.312500 1.000000
vt 0.265625 1.000000
vt 0.359375 1.000000
vt 0.343750 1.000000
vt 0.328125 1.000000
s 0
f 1/1/1 1891/2/1 1890/3/1
f 5/4/1 1894/5/1 1893/6/1
f 1/1/1 1890/3/1 1896/7/1
f 5/4/1 1898/8/1 1894/5/1
f 9/9/1 1901/10/1 1900/11/1
f 9/9/1 1903/12/1 1901/10/1
f 9/9/1 1905/13/1 1903/12/1
f 6/14/1 1908/15/1 1907/16/1
f 25/17/1 1911/18/1 1910/19/1
f 25/17/1 1913/20/1 1911/18/1
f 11/21/1 1916/22/1 1915/23/1
f 23/24/1 1919/25/1 1918/26/1
f 23/24/1 1921/27/1 1919/25/1
f 24/28/1 1924/29/1 1923/30/1
f 19/31/1 1927/32/1 1926/33/1
f 19/31/1 1929/34/1 1927/32/1
f 23/24/1 1918/26/1 1931/35/1
f 22/36/1 1934/37/1 1933/38/1
f 22/36/1 1936/39/1 1934/37/1
f 19/31/1 1926/33/1 1938/40/1
f 20/41/1 1941/42/1 1940/43/1
f 20/41/1 1943/44/1 1941/42/1
f 21/45/1 1946/46/1 1945/47/1
f 10/48/1 1949/49/1 1948/50/1
f 10/48/1 1951/51/1 1949/49/1
f 14/52/1 1954/53/1 1953/54/1
f 15/55/1 1957/56/1 1956/57/1
f 15/55/1 1959/58/1 1957/56/1
f 20/41/1 1940/43/1 1961/59/1
f 14/52/1 1963/60/1 1954/53/1
f 14/52/1 1965/61/1 1963/60/1
f 16/62/1 1968/63/1 1967/64/1
f 81/65/1 1971/66/1 1970/67/1
f 81/65/1 1973/68/1 1971/66/1
f 32/69/1 1976/70/1 1975/71/1
f 79/72/1 1979/73/1 1978/74/1
f 79/72/1 1981/75/1 1979/73/1
f 80/76/1 1984/77/1 1983/78/1
f 46/79/1 1987/80/1 1986/81/1
f 46/79/1 1989/82/1 1987/80/1
f 79/72/1 1978/74/1 1991/83/1
f 78/84/1 1994/85/1 1993/86/1
f 78/84/1 1996/87/1 1994/85/1
f 36/88/1 1999/89/1 1998/90/1
f 76/91/1 2002/92/1 2001/93/1
f 76/91/1 2004/94/1 2002/92/1
f 77/95/1 2007/96/1 2006/97/1
f 47/98/1 2010/99/1 2009/100/1
f 47/98/1 2012/101/1 2010/99/1
f 76/91/1 2001/93/1 2014/102/1
f 75/103/1 2017/104/1 2016/105/1
f 75/103/1 2019/106/1 2017/104/1
f 46/79/1 1986/81/1 2021/107/1
f 73/108/1 2024/109/1 2023/110/1
f 73/108/1 2026/111/1 2024/109/1
f 74/112/1 2029/113/1 2028/114/1
f 42/115/1 2032/116/1 2031/117/1
f 42/115/1 2034/118/1 2032/116/1
f 73/108/1 2023/110/1 2036/119/1
f 72/120/1 2039/121/1 2038/122/1
f 72/120/1 2041/123/1 2039/121/1
f 37/124/1 2044/125/1 2043/126/1
f 70/127/1 2047/128/1 2046/129/1
f 70/127/1 2049/130/1 2047/128/1
f 71/131/1 2052/132/1 2051/133/1
f 36/88/1 2054/134/1 1999/89/1
f 36/88/1 2056/135/1 2054/134/1
f 70/127/1 2046/129/1 2058/136/1
f 69/137/1 2061/138/1 2060/139/1
f 69/137/1 2063/140/1 2061/138/1
f 51/141/1 2066/142/1 2065/143/1
f 67/144/1 2069/145/1 2068/146/1
f 67/144/1 2071/147/1 2069/145/1
f 68/148/1 2074/149/1 2073/150/1
f 54/151/1 2077/152/1 2076/153/1
f 54/151/1 2079/154/1 2077/152/1
f 67/144/1 2068/146/1 2081/155/1
f 66/156/1 2084/157/1 2083/158/1
f 66/156/1 2086/159/1 2084/157/1
f 39/160/1 2089/161/1 2088/162/1
f 64/163/1 2092/164/1 2091/165/1
f 64/163/1 2094/166/1 2092/164/1
f 65/167/1 2097/168/1 2096/169/1
f 51/141/1 2099/170/1 2066/142/1
f 51/141/1 2101/171/1 2099/170/1
f 64/163/1 2091/165/1 2103/172/1
f 63/173/1 2106/174/1 2105/175/1
f 63/173/1 2108/176/1 2106/174/1
f 40/177/1 2111/178/1 2110/179/1
f 61/180/1 2114/181/1 2113/182/1
f 61/180/1 2116/183/1 2114/181/1
f 62/184/1 2119/185/1 2118/186/1
f 39/160/1 2121/187/1 2089/161/1
f 39/160/1 2123/188/1 2121/187/1
f 61/180/1 2113/182/1 2125/189/1
f 60/190/1 2128/191/1 2127/192/1
f 60/190/1 2130/193/1 2128/191/1
f 27/194/1 2133/195/1 2132/196/1
f 58/197/1 2136/198/1 2135/199/1
f 58/197/1 2138/200/1 2136/198/1
f 59/201/1 2141/202/1 2140/203/1
f 57/204/1 2144/205/1 2143/206/1
f 57/204/1 2146/207/1 2144/205/1
f 58/197/1 2135/199/1 2148/208/1
f 41/209/1 2151/210/1 2150/211/1
f 41/209/1 2153/212/1 2151/210/1
f 43/213/1 2156/214/1 2155/215/1
f 55/216/1 2159/217/1 2158/218/1
f 55/216/1 2161/219/1 2159/217/1
f 56/220/1 2164/221/1 2163/222/1
f 35/223/1 2167/224/1 2166/225/1
f 35/223/1 2169/226/1 2167/224/1
f 55/216/1 2158/218/1 2171/227/1
f 38/228/1 2174/229/1 2173/230/1
f 38/228/1 2176/231/1 2174/229/1
f 35/223/1 2166/225/1 2178/232/1
f 52/233/1 2181/234/1 2180/235/1
f 52/233/1 2183/236/1 2181/234/1
f 53/237/1 2186/238/1 2185/239/1
f 26/240/1 2189/241/1 2188/242/1
f 26/240/1 2191/243/1 2189/241/1
f 30/244/1 2194/245/1 2193/246/1
f 31/247/1 2197/248/1 2196/249/1
f 31/247/1 2199/250/1 2197/248/1
f 52/233/1 2180/235/1 2201/251/1
f 30/244/1 2203/252/1 2194/245/1
f 30/244/1 2205/253/1 2203/252/1
f 48/254/1 2208/255/1 2207/256/1
f 289/257/1 1411/258/1 1410/259/1
f 289/257/1 1409/260/1 1411/258/1
f 104/261/1 1413/262/1 2212/263/1
f 287/264/1 2216/265/1 1415/266/1
f 287/264/1 2206/267/1 2216/265/1
f 288/268/1 1418/269/1 2217/270/1
f 142/271/1 2220/272/1 1419/273/1
f 142/271/1 2204/274/1 2220/272/1
f 287/264/1 1415/266/1 1421/275/1
f 286/276/1 1424/277/1 1423/278/1
f 286/276/1 1402/279/1 1424/277/1
f 108/280/1 1426/281/1 2225/282/1
f 284/283/1 2229/284/1 1428/285/1
f 284/283/1 2200/286/1 2229/284/1
f 285/287/1 1431/288/1 2230/289/1
f 143/290/1 2233/291/1 1432/292/1
f 143/290/1 2198/293/1 2233/291/1
f 284/283/1 1428/285/1 1434/294/1
f 283/295/1 1437/296/1 1436/297/1
f 283/295/1 1395/298/1 1437/296/1
f 142/271/1 1419/273/1 1438/299/1
f 281/300/1 2241/301/1 1440/302/1
f 281/300/1 2192/303/1 2241/301/1
f 282/304/1 1443/305/1 2242/306/1
f 138/307/1 2245/308/1 1444/309/1
f 138/307/1 2190/310/1 2245/308/1
f 281/300/1 1440/302/1 1446/311/1
f 280/312/1 1449/313/1 1448/314/1
f 280/312/1 1387/315/1 1449/313/1
f 109/316/1 1451/317/1 2250/318/1
f 278/319/1 2254/320/1 1453/321/1
f 278/319/1 2184/322/1 2254/320/1
f 279/323/1 1456/324/1 2255/325/1
f 108/280/1 2257/326/1 1426/281/1
f 108/280/1 2182/327/1 2257/326/1
f 278/319/1 1453/321/1 1458/328/1
f 277/329/1 1461/330/1 1460/331/1
f 277/329/1 1379/332/1 1461/330/1
f 147/333/1 1463/334/1 1462/335/1
f 275/336/1 2266/337/1 1465/338/1
f 275/336/1 2177/339/1 2266/337/1
f 276/340/1 1468/341/1 2267/342/1
f 150/343/1 2270/344/1 1469/345/1
f 150/343/1 2175/346/1 2270/344/1
f 275/336/1 1465/338/1 1471/347/1
f 274/348/1 1474/349/1 1473/350/1
f 274/348/1 1372/351/1 1474/349/1
f 111/352/1 1476/353/1 2275/354/1
f 272/355/1 2279/356/1 1478/357/1
f 272/355/1 2170/358/1 2279/356/1
f 273/359/1 1481/360/1 2280/361/1
f 147/333/1 2282/362/1 1463/334/1
f 147/333/1 2168/363/1 2282/362/1
f 272/355/1 1478/357/1 1483/364/1
f 271/365/1 1486/366/1 1485/367/1
f 271/365/1 1365/368/1 1486/366/1
f 112/369/1 1488/370/1 2287/371/1
f 269/372/1 2291/373/1 1490/374/1
f 269/372/1 2162/375/1 2291/373/1
f 270/376/1 1493/377/1 2292/378/1
f 111/352/1 2294/379/1 1476/353/1
f 111/352/1 2160/380/1 2294/379/1
f 269/372/1 1490/374/1 1495/381/1
f 268/382/1 1498/383/1 1497/384/1
f 268/382/1 1357/385/1 1498/383/1
f 99/386/1 1500/387/1 2299/388/1
f 266/389/1 2303/390/1 1502/391/1
f 266/389/1 2154/392/1 2303/390/1
f 267/393/1 1505/394/1 2304/395/1
f 153/396/1 2307/397/1 1506/398/1
f 153/396/1 2152/399/1 2307/397/1
f 266/389/1 1502/391/1 1508/400/1
f 265/401/1 1511/402/1 1510/403/1
f 265/401/1 1349/404/1 1511/402/1
f 114/405/1 1514/406/1 2313/407/1
f 263/408/1 2317/409/1 1516/410/1
f 263/408/1 2147/411/1 2317/409/1
f 264/412/1 1519/413/1 2318/414/1
f 169/415/1 1521/416/1 1520/417/1
f 169/415/1 2145/418/1 1521/416/1
f 263/408/1 1516/410/1 1523/419/1
f 262/420/1 1526/421/1 1525/422/1
f 262/420/1 1342/423/1 1526/421/1
f 115/424/1 1501/425/1 2328/426/1
f 260/427/1 2330/428/1 1529/429/1
f 260/427/1 2139/430/1 2330/428/1
f 261/431/1 1532/432/1 2331/433/1
f 114/405/1 2333/434/1 1514/406/1
f 114/405/1 2137/435/1 2333/434/1
f 260/427/1 1529/429/1 1535/436/1
f 259/437/1 1537/438/1 1536/439/1
f 259/437/1 1334/440/1 1537/438/1
f 83/441/1 1540/442/1 2339/443/1
f 257/444/1 2343/445/1 1542/446/1
f 257/444/1 2131/447/1 2343/445/1
f 258/448/1 1545/449/1 2344/450/1
f 172/451/1 1546/452/1 1534/453/1
f 172/451/1 2129/454/1 1546/452/1
f 257/444/1 1542/446/1 1548/455/1
f 256/456/1 1551/457/1 1550/458/1
f 256/456/1 1326/459/1 1551/457/1
f 117/460/1 1554/461/1 1553/462/1
f 254/463/1 2356/464/1 1555/465/1
f 254/463/1 2124/466/1 2356/464/1
f 255/467/1 1558/468/1 2357/469/1
f 95/470/1 2360/471/1 1559/472/1
f 95/470/1 2122/473/1 2360/471/1
f 254/463/1 1555/465/1 1561/474/1
f 253/475/1 1563/476/1 1562/477/1
f 253/475/1 1320/478/1 1563/476/1
f 118/479/1 1489/480/1 2365/481/1
f 251/482/1 2367/483/1 1566/484/1
f 251/482/1 2117/485/1 2367/483/1
f 252/486/1 1569/487/1 2368/488/1
f 117/460/1 2370/489/1 1554/461/1
f 117/460/1 2115/490/1 2370/489/1
f 251/482/1 1566/484/1 1572/491/1
f 250/492/1 1574/493/1 1573/494/1
f 250/492/1 1312/495/1 1574/493/1
f 96/496/1 1577/497/1 2376/498/1
f 248/499/1 2379/500/1 1578/501/1
f 248/499/1 2109/502/1 2379/500/1
f 249/503/1 1581/504/1 2380/505/1
f 175/506/1 1582/507/1 1571/508/1
f 175/506/1 2107/509/1 1582/507/1
f 248/499/1 1578/501/1 1583/510/1
f 247/511/1 1585/512/1 1584/513/1
f 247/511/1 1304/514/1 1585/512/1
f 120/515/1 1588/516/1 2387/517/1
f 245/518/1 2391/519/1 1590/520/1
f 245/518/1 2102/521/1 2391/519/1
f 246/522/1 1593/523/1 2392/524/1
f 163/525/1 1595/526/1 1594/527/1
f 163/525/1 2100/528/1 1595/526/1
f 245/518/1 1590/520/1 1597/529/1
f 244/530/1 1600/531/1 1599/532/1
f 244/530/1 1298/533/1 1600/531/1
f 121/534/1 1477/535/1 2402/536/1
f 242/537/1 2404/538/1 1603/539/1
f 242/537/1 2095/540/1 2404/538/1
f 243/541/1 1606/542/1 2405/543/1
f 120/515/1 2407/544/1 1588/516/1
f 120/515/1 2093/545/1 2407/544/1
f 242/537/1 1603/539/1 1609/546/1
f 241/547/1 1611/548/1 1610/549/1
f 241/547/1 1290/550/1 1611/548/1
f 95/470/1 1559/472/1 2413/551/1
f 239/552/1 2416/553/1 1615/554/1
f 239/552/1 2087/555/1 2416/553/1
f 240/556/1 1618/557/1 2417/558/1
f 178/559/1 1619/560/1 1608/561/1
f 178/559/1 2085/562/1 1619/560/1
f 239/552/1 1615/554/1 1621/563/1
f 238/564/1 1624/565/1 1623/566/1
f 238/564/1 1282/567/1 1624/565/1
f 123/568/1 1627/569/1 2426/570/1
f 236/571/1 2430/572/1 1629/573/1
f 236/571/1 2080/574/1 2430/572/1
f 237/575/1 1632/576/1 2431/577/1
f 166/578/1 1634/579/1 1633/580/1
f 166/578/1 2078/581/1 1634/579/1
f 236/571/1 1629/573/1 1636/582/1
f 235/583/1 1639/584/1 1638/585/1
f 235/583/1 1275/586/1 1639/584/1
f 124/587/1 1464/588/1 2441/589/1
f 233/590/1 2443/591/1 1642/592/1
f 233/590/1 2072/593/1 2443/591/1
f 234/594/1 1645/595/1 2444/596/1
f 123/568/1 2446/597/1 1627/569/1
f 123/568/1 2070/598/1 2446/597/1
f 233/590/1 1642/592/1 1648/599/1
f 232/600/1 1650/601/1 1649/602/1
f 232/600/1 1267/603/1 1650/601/1
f 163/525/1 1594/527/1 1652/604/1
f 230/605/1 2455/606/1 1654/607/1
f 230/605/1 2064/608/1 2455/606/1
f 231/609/1 1657/610/1 2456/611/1
f 181/612/1 1658/613/1 1647/614/1
f 181/612/1 2062/615/1 1658/613/1
f 230/605/1 1654/607/1 1660/616/1
f 229/617/1 1663/618/1 1662/619/1
f 229/617/1 1259/620/1 1663/618/1
f 126/621/1 1666/622/1 1665/623/1
f 227/624/1 2468/625/1 1667/626/1
f 227/624/1 2057/627/1 2468/625/1
f 228/628/1 1670/629/1 2469/630/1
f 92/631/1 2472/632/1 1671/633/1
f 92/631/1 2055/634/1 2472/632/1
f 227/624/1 1667/626/1 1673/635/1
f 226/636/1 1675/637/1 1674/638/1
f 226/636/1 1253/639/1 1675/637/1
f 127/640/1 1452/641/1 2477/642/1
f 224/643/1 2479/644/1 1678/645/1
f 224/643/1 2050/646/1 2479/644/1
f 225/647/1 1681/648/1 2480/649/1
f 126/621/1 2482/650/1 1666/622/1
f 126/621/1 2048/651/1 2482/650/1
f 224/643/1 1678/645/1 1684/652/1
f 223/653/1 1686/654/1 1685/655/1
f 223/653/1 1245/656/1 1686/654/1
f 93/657/1 1689/658/1 2488/659/1
f 221/660/1 2491/661/1 1690/662/1
f 221/660/1 2042/663/1 2491/661/1
f 222/664/1 1693/665/1 2492/666/1
f 184/667/1 1694/668/1 1683/669/1
f 184/667/1 2040/670/1 1694/668/1
f 221/660/1 1690/662/1 1695/671/1
f 220/672/1 1697/673/1 1696/674/1
f 220/672/1 1237/675/1 1697/673/1
f 129/676/1 1699/677/1 1698/678/1
f 218/679/1 2501/680/1 1700/681/1
f 218/679/1 2035/682/1 2501/680/1
f 219/683/1 1703/684/1 2502/685/1
f 154/686/1 2505/687/1 1704/688/1
f 154/686/1 2033/689/1 2505/687/1
f 218/679/1 1700/681/1 1706/690/1
f 217/691/1 1709/692/1 1708/693/1
f 217/691/1 1230/694/1 1709/692/1
f 130/695/1 1439/696/1 2511/697/1
f 215/698/1 2513/699/1 1712/700/1
f 215/698/1 2027/701/1 2513/699/1
f 216/702/1 1715/703/1 2514/704/1
f 129/676/1 2516/705/1 1699/677/1
f 129/676/1 2025/706/1 2516/705/1
f 215/698/1 1712/700/1 1718/707/1
f 214/708/1 1720/709/1 1719/710/1
f 214/708/1 1222/711/1 1720/709/1
f 158/712/1 1722/713/1 1721/714/1
f 212/715/1 2524/716/1 1723/717/1
f 212/715/1 2020/718/1 2524/716/1
f 213/719/1 1726/720/1 2525/721/1
f 187/722/1 1727/723/1 1717/724/1
f 187/722/1 2018/725/1 1727/723/1
f 212/715/1 1723/717/1 1728/726/1
f 211/727/1 1731/728/1 1730/729/1
f 211/727/1 1215/730/1 1731/728/1
f 132/731/1 1734/732/1 2533/733/1
f 209/734/1 2537/735/1 1736/736/1
f 209/734/1 2013/737/1 2537/735/1
f 210/738/1 1739/739/1 2538/740/1
f 159/741/1 1741/742/1 1740/743/1
f 159/741/1 2011/744/1 1741/742/1
f 209/734/1 1736/736/1 1743/745/1
f 208/746/1 1746/747/1 1745/748/1
f 208/746/1 1208/749/1 1746/747/1
f 133/750/1 1427/751/1 2548/752/1
f 206/753/1 2550/754/1 1749/755/1
f 206/753/1 2005/756/1 2550/754/1
f 207/757/1 1752/758/1 2551/759/1
f 132/731/1 2553/760/1 1734/732/1
f 132/731/1 2003/761/1 2553/760/1
f 206/753/1 1749/755/1 1755/762/1
f 205/763/1 1757/764/1 1756/765/1
f 205/763/1 1200/766/1 1757/764/1
f 92/631/1 1671/633/1 2559/767/1
f 203/768/1 2562/769/1 1761/770/1
f 203/768/1 1997/771/1 2562/769/1
f 204/772/1 1764/773/1 2563/774/1
f 190/775/1 1765/776/1 1754/777/1
f 190/775/1 1995/778/1 1765/776/1
f 203/768/1 1761/770/1 1767/779/1
f 202/780/1 1770/781/1 1769/782/1
f 202/780/1 1192/783/1 1770/781/1
f 135/784/1 1772/785/1 1771/786/1
f 200/787/1 2574/788/1 1773/789/1
f 200/787/1 1990/790/1 2574/788/1
f 201/791/1 1776/792/1 2575/793/1
f 158/712/1 2577/794/1 1722/713/1
f 158/712/1 1988/795/1 2577/794/1
f 200/787/1 1773/789/1 1778/796/1
f 199/797/1 1781/798/1 1780/799/1
f 199/797/1 1185/800/1 1781/798/1
f 136/801/1 1414/802/1 2583/803/1
f 197/804/1 2585/805/1 1784/806/1
f 197/804/1 1982/807/1 2585/805/1
f 198/808/1 1787/809/1 2586/810/1
f 135/784/1 2588/811/1 1772/785/1
f 135/784/1 1980/812/1 2588/811/1
f 197/804/1 1784/806/1 1790/813/1
f 196/814/1 1792/815/1 1791/816/1
f 196/814/1 1177/817/1 1792/815/1
f 88/818/1 1794/819/1 2593/820/1
f 194/821/1 2596/822/1 1795/823/1
f 194/821/1 1974/824/1 2596/822/1
f 195/825/1 1798/826/1 2597/827/1
f 193/828/1 1799/829/1 1789/830/1
f 193/828/1 1972/831/1 1799/829/1
f 194/821/1 1795/823/1 1800/832/1
f 137/833/1 2602/834/1 1782/835/1
f 137/833/1 1969/836/1 2602/834/1
f 144/837/1 1804/838/1 2603/839/1
f 191/840/1 2606/841/1 1805/842/1
f 191/840/1 1966/843/1 2606/841/1
f 192/844/1 1422/845/1 2607/846/1
f 102/847/1 2609/848/1 1808/849/1
f 102/847/1 1964/850/1 2609/848/1
f 191/840/1 1805/842/1 2610/851/1
f 134/852/1 2611/853/1 1747/854/1
f 134/852/1 1962/855/1 2611/853/1
f 148/856/1 1813/857/1 2612/858/1
f 188/859/1 2615/860/1 1814/861/1
f 188/859/1 1960/862/1 2615/860/1
f 189/863/1 1435/864/1 2616/865/1
f 103/866/1 2618/867/1 1817/868/1
f 103/866/1 1958/869/1 2618/867/1
f 188/859/1 1814/861/1 2619/870/1
f 131/871/1 2620/872/1 1710/873/1
f 131/871/1 1155/874/1 2620/872/1
f 102/847/1 1808/849/1 2621/875/1
f 185/876/1 2623/877/1 1822/878/1
f 185/876/1 1952/879/1 2623/877/1
f 186/880/1 1447/881/1 2624/882/1
f 98/883/1 2626/884/1 1825/885/1
f 98/883/1 1950/886/1 2626/884/1
f 185/876/1 1822/878/1 2627/887/1
f 128/888/1 2628/889/1 1676/890/1
f 128/888/1 1947/891/1 2628/889/1
f 149/892/1 1729/893/1 2629/894/1
f 182/895/1 2631/896/1 1830/897/1
f 182/895/1 1944/898/1 2631/896/1
f 183/899/1 1459/900/1 2632/901/1
f 148/856/1 2633/902/1 1813/857/1
f 148/856/1 1942/903/1 2633/902/1
f 182/895/1 1830/897/1 2634/904/1
f 125/905/1 2635/906/1 1640/907/1
f 125/905/1 1139/908/1 2635/906/1
f 107/909/1 1837/910/1 2636/911/1
f 179/912/1 2639/913/1 1838/914/1
f 179/912/1 1937/915/1 2639/913/1
f 180/916/1 1472/917/1 2640/918/1
f 110/919/1 2641/920/1 1664/921/1
f 110/919/1 1935/922/1 2641/920/1
f 179/912/1 1838/914/1 2642/923/1
f 122/924/1 2643/925/1 1601/926/1
f 122/924/1 1932/927/1 2643/925/1
f 151/928/1 1845/929/1 2644/930/1
f 176/931/1 2647/932/1 1846/933/1
f 176/931/1 1930/934/1 2647/932/1
f 177/935/1 1484/936/1 2648/937/1
f 107/909/1 2649/938/1 1837/910/1
f 107/909/1 1928/939/1 2649/938/1
f 176/931/1 1846/933/1 2650/940/1
f 119/941/1 2651/942/1 1564/943/1
f 119/941/1 1925/944/1 2651/942/1
f 152/945/1 1801/946/1 2652/947/1
f 173/948/1 2654/949/1 1853/950/1
f 173/948/1 1922/951/1 2654/949/1
f 174/952/1 1496/953/1 2655/954/1
f 151/928/1 2656/955/1 1845/929/1
f 151/928/1 1920/956/1 2656/955/1
f 173/948/1 1853/950/1 2657/957/1
f 116/958/1 2658/959/1 1527/960/1
f 116/958/1 1917/961/1 2658/959/1
f 139/962/1 1860/963/1 2659/964/1
f 170/965/1 2662/966/1 1861/967/1
f 170/965/1 1914/968/1 2662/966/1
f 171/969/1 1509/970/1 2663/971/1
f 113/972/1 2664/973/1 1552/974/1
f 113/972/1 1912/975/1 2664/973/1
f 170/965/1 1861/967/1 2665/976/1
f 97/977/1 2666/978/1 1575/979/1
f 97/977/1 1909/980/1 2666/978/1
f 155/981/1 1868/982/1 2667/983/1
f 167/984/1 2670/985/1 1869/986/1
f 167/984/1 1906/987/1 2670/985/1
f 168/988/1 1779/989/1 2671/990/1
f 91/991/1 2673/992/1 1872/993/1
f 91/991/1 1904/994/1 2673/992/1
f 167/984/1 1869/986/1 2674/995/1
f 94/996/1 2675/997/1 1687/998/1
f 94/996/1 1102/999/1 2675/997/1
f 91/991/1 1872/993/1 2676/1000/1
f 164/1001/1 2678/1002/1 1877/1003/1
f 164/1001/1 1899/1004/1 2678/1002/1
f 165/1005/1 1707/1006/1 2679/1007/1
f 82/1008/1 2681/1009/1 1880/1010/1
f 82/1008/1 1897/1011/1 2681/1009/1
f 86/1012/1 1883/1013/1 2682/1014/1
f 87/1015/1 2685/1016/1 1884/1017/1
f 87/1015/1 1895/1018/1 2685/1016/1
f 164/1001/1 1877/1003/1 2686/1019/1
f 86/1012/1 2687/1020/1 1883/1013/1
f 86/1012/1 1892/1021/1 2687/1020/1
f 160/1022/1 1889/1023/1 2688/1024/1
f 1088/1025/1 2690/1026/1 1888/1027/1
f 1088/1025/1 2691/1028/1 2690/1026/1
f 1089/1029/1 2689/1030/1 2692/1031/1
f 1087/1032/1 2693/1033/1 1887/1034/1
f 1087/1032/1 2694/1035/1 2693/1033/1
f 292/1036/1 1092/1037/1 2695/1038/1
f 1083/1039/1 2696/1040/1 2683/1041/1
f 1083/1039/1 2697/1042/1 2696/1040/1
f 1087/1032/1 1887/1034/1 2698/1043/1
f 1086/1044/1 2699/1045/1 1886/1046/1
f 1086/1044/1 2700/1047/1 2699/1045/1
f 1077/1048/1 2677/1049/1 2701/1050/1
f 1085/1051/1 2702/1052/1 1885/1053/1
f 1085/1051/1 2703/1054/1 2702/1052/1
f 295/1055/1 1095/1056/1 2704/1057/1
f 1084/1058/1 2705/1059/1 2684/1060/1
f 1084/1058/1 2706/1061/1 2705/1059/1
f 1085/1051/1 1885/1053/1 2707/1062/1
f 1082/1063/1 2708/1064/1 1882/1065/1
f 1082/1063/1 2709/1066/1 2708/1064/1
f 1083/1039/1 2683/1041/1 2710/1067/1
f 1081/1068/1 2711/1069/1 1881/1070/1
f 1081/1068/1 2712/1071/1 2711/1069/1
f 297/1072/1 1097/1073/1 2713/1074/1
f 1080/1075/1 2714/1076/1 2680/1077/1
f 1080/1075/1 2715/1078/1 2714/1076/1
f 1081/1068/1 1881/1070/1 2716/1079/1
f 1079/1080/1 2717/1081/1 1879/1082/1
f 1079/1080/1 2718/1083/1 2717/1081/1
f 907/1084/1 2507/1085/1 2719/1086/1
f 1078/1087/1 2720/1088/1 1878/1089/1
f 1078/1087/1 2721/1090/1 2720/1088/1
f 299/1091/1 1099/1092/1 2722/1093/1
f 1077/1048/1 2723/1094/1 2677/1049/1
f 1077/1048/1 2724/1095/1 2723/1094/1
f 1078/1087/1 1878/1089/1 2725/1096/1
f 1076/1097/1 2726/1098/1 1876/1099/1
f 1076/1097/1 2727/1100/1 2726/1098/1
f 1072/1101/1 2672/1102/1 2728/1103/1
f 1075/1104/1 2729/1105/1 1875/1106/1
f 1075/1104/1 2730/1107/1 2729/1105/1
f 302/1108/1 1902/1109/1 2731/1110/1
f 887/1111/1 2732/1112/1 2487/1113/1
f 887/1111/1 2733/1114/1 2732/1112/1
f 1075/1104/1 1875/1106/1 2734/1115/1
f 1074/1116/1 2735/1117/1 1874/1118/1
f 1074/1116/1 2736/1119/1 2735/1117/1
f 1069/1120/1 2669/1121/1 2737/1122/1
f 1073/1123/1 2738/1124/1 1873/1125/1
f 1073/1123/1 2739/1126/1 2738/1124/1
f 304/1127/1 1104/1128/1 2740/1129/1
f 1072/1101/1 2741/1130/1 2672/1102/1
f 1072/1101/1 2742/1131/1 2741/1130/1
f 1073/1123/1 1873/1125/1 2743/1132/1
f 1071/1133/1 2744/1134/1 1871/1135/1
f 1071/1133/1 2745/1136/1 2744/1134/1
f 979/1137/1 2579/1138/1 2746/1139/1
f 1070/1140/1 2747/1141/1 1870/1142/1
f 1070/1140/1 2748/1143/1 2747/1141/1
f 306/1144/1 1106/1145/1 2749/1146/1
f 1069/1120/1 2750/1147/1 2669/1121/1
f 1069/1120/1 2751/1148/1 2750/1147/1
f 1070/1140/1 1870/1142/1 2752/1149/1
f 1067/1150/1 2753/1151/1 1867/1152/1
f 1067/1150/1 2754/1153/1 2753/1151/1
f 1068/1154/1 2668/1155/1 2755/1156/1
f 1066/1157/1 2756/1158/1 1866/1159/1
f 1066/1157/1 2757/1160/1 2756/1158/1
f 309/1161/1 1109/1162/1 2758/1163/1
f 775/1164/1 2759/1165/1 2375/1166/1
f 775/1164/1 2760/1167/1 2759/1165/1
f 1066/1157/1 1866/1159/1 2761/1168/1
f 1065/1169/1 2762/1170/1 1865/1171/1
f 1065/1169/1 2763/1172/1 2762/1170/1
f 1061/1173/1 2661/1174/1 2764/1175/1
f 1064/1176/1 2765/1177/1 1864/1178/1
f 1064/1176/1 2766/1179/1 2765/1177/1
f 312/1180/1 1112/1181/1 2767/1182/1
f 752/1183/1 2768/1184/1 2352/1185/1
f 752/1183/1 2769/1186/1 2768/1184/1
f 1064/1176/1 1864/1178/1 2770/1187/1
f 1063/1188/1 2771/1189/1 1863/1190/1
f 1063/1188/1 2772/1191/1 2771/1189/1
f 709/1192/1 2309/1193/1 2773/1194/1
f 1062/1195/1 2774/1196/1 1862/1197/1
f 1062/1195/1 2775/1198/1 2774/1196/1
f 314/1199/1 1114/1200/1 2776/1201/1
f 1061/1173/1 2777/1202/1 2661/1174/1
f 1061/1173/1 2778/1203/1 2777/1202/1
f 1062/1195/1 1862/1197/1 2779/1204/1
f 1059/1205/1 2780/1206/1 1859/1207/1
f 1059/1205/1 2781/1208/1 2780/1206/1
f 1060/1209/1 2660/1210/1 2782/1211/1
f 1058/1212/1 2783/1213/1 1858/1214/1
f 1058/1212/1 2784/1215/1 2783/1213/1
f 317/1216/1 1117/1217/1 2785/1218/1
f 727/1219/1 2786/1220/1 2327/1221/1
f 727/1219/1 2787/1222/1 2786/1220/1
f 1058/1212/1 1858/1214/1 2788/1223/1
f 1057/1224/1 2789/1225/1 1857/1226/1
f 1057/1224/1 2790/1227/1 2789/1225/1
f 1053/1228/1 2653/1229/1 2791/1230/1
f 1056/1231/1 2792/1232/1 1856/1233/1
f 1056/1231/1 2793/1234/1 2792/1232/1
f 320/1235/1 1120/1236/1 2794/1237/1
f 1045/1238/1 2795/1239/1 2645/1240/1
f 1045/1238/1 2796/1241/1 2795/1239/1
f 1056/1231/1 1856/1233/1 2797/1242/1
f 1055/1243/1 2798/1244/1 1855/1245/1
f 1055/1243/1 2799/1246/1 2798/1244/1
f 696/1247/1 2296/1248/1 2800/1249/1
f 1054/1250/1 2801/1251/1 1854/1252/1
f 1054/1250/1 2802/1253/1 2801/1251/1
f 322/1254/1 1122/1255/1 2803/1256/1
f 1053/1228/1 2804/1257/1 2653/1229/1
f 1053/1228/1 2805/1258/1 2804/1257/1
f 1054/1250/1 1854/1252/1 2806/1259/1
f 1052/1260/1 2807/1261/1 1852/1262/1
f 1052/1260/1 2808/1263/1 2807/1261/1
f 1001/1264/1 2601/1265/1 2809/1266/1
f 1051/1267/1 2810/1268/1 1851/1269/1
f 1051/1267/1 2811/1270/1 2810/1268/1
f 325/1271/1 1125/1272/1 2812/1273/1
f 764/1274/1 2813/1275/1 2364/1276/1
f 764/1274/1 2814/1277/1 2813/1275/1
f 1051/1267/1 1851/1269/1 2815/1278/1
f 1050/1279/1 2816/1280/1 1850/1281/1
f 1050/1279/1 2817/1282/1 2816/1280/1
f 1046/1283/1 2646/1284/1 2818/1285/1
f 1049/1286/1 2819/1287/1 1849/1288/1
f 1049/1286/1 2820/1289/1 2819/1287/1
f 328/1290/1 1128/1291/1 2821/1292/1
f 1037/1293/1 2822/1294/1 2637/1295/1
f 1037/1293/1 2823/1296/1 2822/1294/1
f 1049/1286/1 1849/1288/1 2824/1297/1
f 1048/1298/1 2825/1299/1 1848/1300/1
f 1048/1298/1 2826/1301/1 2825/1299/1
f 684/1302/1 2284/1303/1 2827/1304/1
f 1047/1305/1 2828/1306/1 1847/1307/1
f 1047/1305/1 2829/1308/1 2828/1306/1
f 330/1309/1 1130/1310/1 2830/1311/1
f 1046/1283/1 2831/1312/1 2646/1284/1
f 1046/1283/1 2832/1313/1 2831/1312/1
f 1047/1305/1 1847/1307/1 2833/1314/1
f 1044/1315/1 2834/1316/1 1844/1317/1
f 1044/1315/1 2835/1318/1 2834/1316/1
f 1045/1238/1 2645/1240/1 2836/1319/1
f 1043/1320/1 2837/1321/1 1843/1322/1
f 1043/1320/1 2838/1323/1 2837/1321/1
f 332/1324/1 1132/1325/1 2839/1326/1
f 801/1327/1 2840/1328/1 2401/1329/1
f 801/1327/1 2841/1330/1 2840/1328/1
f 1043/1320/1 1843/1322/1 2842/1331/1
f 1042/1332/1 2843/1333/1 1842/1334/1
f 1042/1332/1 2844/1335/1 2843/1333/1
f 1038/1336/1 2638/1337/1 2845/1338/1
f 1041/1339/1 2846/1340/1 1841/1341/1
f 1041/1339/1 2847/1342/1 2846/1340/1
f 335/1343/1 1135/1344/1 2848/1345/1
f 864/1346/1 2849/1347/1 2464/1348/1
f 864/1346/1 2850/1349/1 2849/1347/1
f 1041/1339/1 1841/1341/1 2851/1350/1
f 1040/1351/1 2852/1352/1 1840/1353/1
f 1040/1351/1 2853/1354/1 2852/1352/1
f 672/1355/1 2272/1356/1 2854/1357/1
f 1039/1358/1 2855/1359/1 1839/1360/1
f 1039/1358/1 2856/1361/1 2855/1359/1
f 337/1362/1 1137/1363/1 2857/1364/1
f 1038/1336/1 2858/1365/1 2638/1337/1
f 1038/1336/1 2859/1366/1 2858/1365/1
f 1039/1358/1 1839/1360/1 2860/1367/1
f 1036/1368/1 2861/1369/1 1836/1370/1
f 1036/1368/1 2862/1371/1 2861/1369/1
f 1037/1293/1 2637/1295/1 2863/1372/1
f 1035/1373/1 2864/1374/1 1835/1375/1
f 1035/1373/1 2865/1376/1 2864/1374/1
f 339/1377/1 1939/1378/1 2866/1379/1
f 840/1380/1 2867/1381/1 2440/1382/1
f 840/1380/1 2868/1383/1 2867/1381/1
f 1035/1373/1 1835/1375/1 2869/1384/1
f 1034/1385/1 2870/1386/1 1834/1387/1
f 1034/1385/1 2871/1388/1 2870/1386/1
f 1030/1389/1 2630/1390/1 2872/1391/1
f 1033/1392/1 2873/1393/1 1833/1394/1
f 1033/1392/1 2874/1395/1 2873/1393/1
f 342/1396/1 1142/1397/1 2875/1398/1
f 1013/1399/1 2876/1400/1 2613/1401/1
f 1013/1399/1 2877/1402/1 2876/1400/1
f 1033/1392/1 1833/1394/1 2878/1403/1
f 1032/1404/1 2879/1405/1 1832/1406/1
f 1032/1404/1 2880/1407/1 2879/1405/1
f 659/1408/1 2259/1409/1 2881/1410/1
f 1031/1411/1 2882/1412/1 1831/1413/1
f 1031/1411/1 2883/1414/1 2882/1412/1
f 344/1415/1 1144/1416/1 2884/1417/1
f 1030/1389/1 2885/1418/1 2630/1390/1
f 1030/1389/1 2886/1419/1 2885/1418/1
f 1031/1411/1 1831/1413/1 2887/1420/1
f 1029/1421/1 2888/1422/1 1829/1423/1
f 1029/1421/1 2889/1424/1 2888/1422/1
f 929/1425/1 2529/1426/1 2890/1427/1
f 1028/1428/1 2891/1429/1 1828/1430/1
f 1028/1428/1 2892/1431/1 2891/1429/1
f 347/1432/1 1147/1433/1 2893/1434/1
f 876/1435/1 2894/1436/1 2476/1437/1
f 876/1435/1 2895/1438/1 2894/1436/1
f 1028/1428/1 1828/1430/1 2896/1439/1
f 1027/1440/1 2897/1441/1 1827/1442/1
f 1027/1440/1 2898/1443/1 2897/1441/1
f 1022/1444/1 2622/1445/1 2899/1446/1
f 1026/1447/1 2900/1448/1 1826/1449/1
f 1026/1447/1 2901/1450/1 2900/1448/1
f 350/1451/1 1150/1452/1 2902/1453/1
f 1025/1454/1 2903/1455/1 2625/1456/1
f 1025/1454/1 2904/1457/1 2903/1455/1
f 1026/1447/1 1826/1449/1 2905/1458/1
f 1024/1459/1 2906/1460/1 1824/1461/1
f 1024/1459/1 2907/1462/1 2906/1460/1
f 647/1463/1 2247/1464/1 2908/1465/1
f 1023/1466/1 2909/1467/1 1823/1468/1
f 1023/1466/1 2910/1469/1 2909/1467/1
f 352/1470/1 1152/1471/1 2911/1472/1
f 1022/1444/1 2912/1473/1 2622/1445/1
f 1022/1444/1 2913/1474/1 2912/1473/1
f 1023/1466/1 1823/1468/1 2914/1475/1
f 1021/1476/1 2915/1477/1 1821/1478/1
f 1021/1476/1 2916/1479/1 2915/1477/1
f 1008/1480/1 2608/1481/1 2917/1482/1
f 1020/1483/1 2918/1484/1 1820/1485/1
f 1020/1483/1 2919/1486/1 2918/1484/1
f 355/1487/1 1955/1488/1 2920/1489/1
f 910/1490/1 2921/1491/1 2510/1492/1
f 910/1490/1 2922/1493/1 2921/1491/1
f 1020/1483/1 1820/1485/1 2923/1494/1
f 1019/1495/1 2924/1496/1 1819/1497/1
f 1019/1495/1 2925/1498/1 2924/1496/1
f 1014/1499/1 2614/1500/1 2926/1501/1
f 1018/1502/1 2927/1503/1 1818/1504/1
f 1018/1502/1 2928/1505/1 2927/1503/1
f 358/1506/1 1158/1507/1 2929/1508/1
f 1017/1509/1 2930/1510/1 2617/1511/1
f 1017/1509/1 2931/1512/1 2930/1510/1
f 1018/1502/1 1818/1504/1 2932/1513/1
f 1016/1514/1 2933/1515/1 1816/1516/1
f 1016/1514/1 2934/1517/1 2933/1515/1
f 635/1518/1 2235/1519/1 2935/1520/1
f 1015/1521/1 2936/1522/1 1815/1523/1
f 1015/1521/1 2937/1524/1 2936/1522/1
f 360/1525/1 1160/1526/1 2938/1527/1
f 1014/1499/1 2939/1528/1 2614/1500/1
f 1014/1499/1 2940/1529/1 2939/1528/1
f 1015/1521/1 1815/1523/1 2941/1530/1
f 1012/1531/1 2942/1532/1 1812/1533/1
f 1012/1531/1 2943/1534/1 2942/1532/1
f 1013/1399/1 2613/1401/1 2944/1535/1
f 1011/1536/1 2945/1537/1 1811/1538/1
f 1011/1536/1 2946/1539/1 2945/1537/1
f 362/1540/1 1162/1541/1 2947/1542/1
f 947/1543/1 2948/1544/1 2547/1545/1
f 947/1543/1 2949/1546/1 2948/1544/1
f 1011/1536/1 1811/1538/1 2950/1547/1
f 1010/1548/1 2951/1549/1 1810/1550/1
f 1010/1548/1 2952/1551/1 2951/1549/1
f 1005/1552/1 2605/1553/1 2953/1554/1
f 1009/1555/1 2954/1556/1 1809/1557/1
f 1009/1555/1 2955/1558/1 2954/1556/1
f 364/1559/1 1164/1560/1 2956/1561/1
f 1008/1480/1 2957/1562/1 2608/1481/1
f 1008/1480/1 2958/1563/1 2957/1562/1
f 1009/1555/1 1809/1557/1 2959/1564/1
f 1007/1565/1 2960/1566/1 1807/1567/1
f 1007/1565/1 2961/1568/1 2960/1566/1
f 622/1569/1 2222/1570/1 2962/1571/1
f 1006/1572/1 2963/1573/1 1806/1574/1
f 1006/1572/1 2964/1575/1 2963/1573/1
f 366/1576/1 1166/1577/1 2965/1578/1
f 1005/1552/1 2966/1579/1 2605/1553/1
f 1005/1552/1 2967/1580/1 2966/1579/1
f 1006/1572/1 1806/1574/1 2968/1581/1
f 1003/1582/1 2969/1583/1 1803/1584/1
f 1003/1582/1 2970/1585/1 2969/1583/1
f 1004/1586/1 2604/1587/1 2971/1588/1
f 1002/1589/1 2972/1590/1 1802/1591/1
f 1002/1589/1 2973/1592/1 2972/1590/1
f 369/1593/1 1169/1594/1 2974/1595/1
f 982/1596/1 2975/1597/1 2582/1598/1
f 982/1596/1 2976/1599/1 2975/1597/1
f 1002/1589/1 1802/1591/1 2977/1600/1
f 1000/1601/1 2978/1602/1 2600/1603/1
f 1000/1601/1 2979/1604/1 2978/1602/1
f 995/1605/1 2595/1606/1 2980/1607/1
f 999/1608/1 2981/1609/1 2599/1610/1
f 999/1608/1 2982/1611/1 2981/1609/1
f 372/1612/1 1172/1613/1 2983/1614/1
f 989/1615/1 2984/1616/1 2589/1617/1
f 989/1615/1 2985/1618/1 2984/1616/1
f 999/1608/1 2599/1610/1 2986/1619/1
f 997/1620/1 2987/1621/1 1797/1622/1
f 997/1620/1 2988/1623/1 2987/1621/1
f 998/1624/1 2598/1625/1 2989/1626/1
f 996/1627/1 2990/1628/1 1796/1629/1
f 996/1627/1 2991/1630/1 2990/1628/1
f 374/1631/1 1174/1632/1 2992/1633/1
f 995/1605/1 2993/1634/1 2595/1606/1
f 995/1605/1 2994/1635/1 2993/1634/1
f 996/1627/1 1796/1629/1 2995/1636/1
f 993/1637/1 2996/1638/1 1793/1639/1
f 993/1637/1 2997/1640/1 2996/1638/1
f 994/1641/1 2594/1642/1 2998/1643/1
f 992/1644/1 2999/1645/1 2592/1646/1
f 992/1644/1 3000/1647/1 2999/1645/1
f 377/1648/1 1977/1649/1 3001/1650/1
f 991/1651/1 3002/1652/1 2591/1653/1
f 991/1651/1 3003/1654/1 3002/1652/1
f 992/1644/1 2592/1646/1 3004/1655/1
f 990/1656/1 3005/1657/1 2590/1658/1
f 990/1656/1 3006/1659/1 3005/1657/1
f 984/1660/1 2584/1661/1 3007/1662/1
f 988/1663/1 3008/1664/1 1788/1665/1
f 988/1663/1 3009/1666/1 3008/1664/1
f 380/1667/1 1180/1668/1 3010/1669/1
f 972/1670/1 3011/1671/1 2572/1672/1
f 972/1670/1 3012/1673/1 3011/1671/1
f 988/1663/1 1788/1665/1 3013/1674/1
f 986/1675/1 3014/1676/1 1786/1677/1
f 986/1675/1 3015/1678/1 3014/1676/1
f 987/1679/1 2587/1680/1 3016/1681/1
f 985/1682/1 3017/1683/1 1785/1684/1
f 985/1682/1 3018/1685/1 3017/1683/1
f 382/1686/1 1182/1687/1 3019/1688/1
f 984/1660/1 3020/1689/1 2584/1661/1
f 984/1660/1 3021/1690/1 3020/1689/1
f 985/1682/1 1785/1684/1 3022/1691/1
f 983/1692/1 3023/1693/1 1783/1694/1
f 983/1692/1 3024/1695/1 3023/1693/1
f 614/1696/1 2214/1697/1 3025/1698/1
f 981/1699/1 3026/1700/1 2581/1701/1
f 981/1699/1 3027/1702/1 3026/1700/1
f 385/1703/1 1985/1704/1 3028/1705/1
f 980/1706/1 3029/1707/1 2580/1708/1
f 980/1706/1 3030/1709/1 3029/1707/1
f 981/1699/1 2581/1701/1 3031/1710/1
f 978/1711/1 3032/1712/1 2578/1713/1
f 978/1711/1 3033/1714/1 3032/1712/1
f 973/1715/1 2573/1716/1 3034/1717/1
f 977/1718/1 3035/1719/1 1777/1720/1
f 977/1718/1 3036/1721/1 3035/1719/1
f 388/1722/1 1188/1723/1 3037/1724/1
f 922/1725/1 3038/1726/1 2522/1727/1
f 922/1725/1 3039/1728/1 3038/1726/1
f 977/1718/1 1777/1720/1 3040/1729/1
f 975/1730/1 3041/1731/1 1775/1732/1
f 975/1730/1 3042/1733/1 3041/1731/1
f 976/1734/1 2576/1735/1 3043/1736/1
f 974/1737/1 3044/1738/1 1774/1739/1
f 974/1737/1 3045/1740/1 3044/1738/1
f 390/1741/1 1190/1742/1 3046/1743/1
f 973/1715/1 3047/1744/1 2573/1716/1
f 973/1715/1 3048/1745/1 3047/1744/1
f 974/1737/1 1774/1739/1 3049/1746/1
f 971/1747/1 3050/1748/1 2571/1749/1
f 971/1747/1 3051/1750/1 3050/1748/1
f 972/1670/1 2572/1672/1 3052/1751/1
f 970/1752/1 3053/1753/1 2570/1754/1
f 970/1752/1 3054/1755/1 3053/1753/1
f 392/1756/1 1992/1757/1 3055/1758/1
f 969/1759/1 3056/1760/1 2569/1761/1
f 969/1759/1 3057/1762/1 3056/1760/1
f 970/1752/1 2570/1754/1 3058/1763/1
f 967/1764/1 3059/1765/1 2567/1766/1
f 967/1764/1 3060/1767/1 3059/1765/1
f 961/1768/1 2561/1769/1 3061/1770/1
f 965/1771/1 3062/1772/1 2565/1773/1
f 965/1771/1 3063/1774/1 3062/1772/1
f 395/1775/1 1195/1776/1 3064/1777/1
f 954/1778/1 3065/1779/1 2554/1780/1
f 954/1778/1 3066/1781/1 3065/1779/1
f 965/1771/1 2565/1773/1 3067/1782/1
f 963/1783/1 3068/1784/1 1763/1785/1
f 963/1783/1 3069/1786/1 3068/1784/1
f 964/1787/1 2564/1788/1 3070/1789/1
f 962/1790/1 3071/1791/1 1762/1792/1
f 962/1790/1 3072/1793/1 3071/1791/1
f 397/1794/1 1197/1795/1 3073/1796/1
f 961/1768/1 3074/1797/1 2561/1769/1
f 961/1768/1 3075/1798/1 3074/1797/1
f 962/1790/1 1762/1792/1 3076/1799/1
f 959/1800/1 3077/1801/1 1759/1802/1
f 959/1800/1 3078/1803/1 3077/1801/1
f 871/1804/1 2471/1805/1 3079/1806/1
f 957/1807/1 3080/1808/1 2557/1809/1
f 957/1807/1 3081/1810/1 3080/1808/1
f 400/1811/1 2000/1812/1 3082/1813/1
f 956/1814/1 3083/1815/1 2556/1816/1
f 956/1814/1 3084/1817/1 3083/1815/1
f 957/1807/1 2557/1809/1 3085/1818/1
f 955/1819/1 3086/1820/1 2555/1821/1
f 955/1819/1 3087/1822/1 3086/1820/1
f 949/1823/1 2549/1824/1 3088/1825/1
f 953/1826/1 3089/1827/1 1753/1828/1
f 953/1826/1 3090/1829/1 3089/1827/1
f 403/1830/1 1203/1831/1 3091/1832/1
f 934/1833/1 3092/1834/1 2534/1835/1
f 934/1833/1 3093/1836/1 3092/1834/1
f 953/1826/1 1753/1828/1 3094/1837/1
f 951/1838/1 3095/1839/1 1751/1840/1
f 951/1838/1 3096/1841/1 3095/1839/1
f 952/1842/1 2552/1843/1 3097/1844/1
f 950/1845/1 3098/1846/1 1750/1847/1
f 950/1845/1 3099/1848/1 3098/1846/1
f 405/1849/1 1205/1850/1 3100/1851/1
f 949/1823/1 3101/1852/1 2549/1824/1
f 949/1823/1 3102/1853/1 3101/1852/1
f 950/1845/1 1750/1847/1 3103/1854/1
f 948/1855/1 3104/1856/1 1748/1857/1
f 948/1855/1 3105/1858/1 3104/1856/1
f 627/1859/1 2227/1860/1 3106/1861/1
f 946/1862/1 3107/1863/1 2546/1864/1
f 946/1862/1 3108/1865/1 3107/1863/1
f 408/1866/1 2008/1867/1 3109/1868/1
f 945/1869/1 3110/1870/1 2545/1871/1
f 945/1869/1 3111/1872/1 3110/1870/1
f 946/1862/1 2546/1864/1 3112/1873/1
f 943/1874/1 3113/1875/1 2543/1876/1
f 943/1874/1 3114/1877/1 3113/1875/1
f 936/1878/1 2536/1879/1 3115/1880/1
f 941/1881/1 3116/1882/1 2541/1883/1
f 941/1881/1 3117/1884/1 3116/1882/1
f 411/1885/1 1211/1886/1 3118/1887/1
f 940/1888/1 3119/1889/1 2540/1890/1
f 940/1888/1 3120/1891/1 3119/1889/1
f 941/1881/1 2541/1883/1 3121/1892/1
f 938/1893/1 3122/1894/1 1738/1895/1
f 938/1893/1 3123/1896/1 3122/1894/1
f 939/1897/1 2539/1898/1 3124/1899/1
f 937/1900/1 3125/1901/1 1737/1902/1
f 937/1900/1 3126/1903/1 3125/1901/1
f 413/1904/1 1213/1905/1 3127/1906/1
f 936/1878/1 3128/1907/1 2536/1879/1
f 936/1878/1 3129/1908/1 3128/1907/1
f 937/1900/1 1737/1902/1 3130/1909/1
f 933/1910/1 3131/1911/1 1733/1912/1
f 933/1910/1 3132/1913/1 3131/1911/1
f 934/1833/1 2534/1835/1 3133/1914/1
f 931/1915/1 3134/1916/1 2531/1917/1
f 931/1915/1 3135/1918/1 3134/1916/1
f 415/1919/1 2015/1920/1 3136/1921/1
f 930/1922/1 3137/1923/1 2530/1924/1
f 930/1922/1 3138/1925/1 3137/1923/1
f 931/1915/1 2531/1917/1 3139/1926/1
f 928/1927/1 3140/1928/1 2528/1929/1
f 928/1927/1 3141/1930/1 3140/1928/1
f 923/1931/1 2523/1932/1 3142/1933/1
f 927/1934/1 3143/1935/1 2527/1936/1
f 927/1934/1 3144/1937/1 3143/1935/1
f 418/1938/1 1218/1939/1 3145/1940/1
f 917/1941/1 3146/1942/1 2517/1943/1
f 917/1941/1 3147/1944/1 3146/1942/1
f 927/1934/1 2527/1936/1 3148/1945/1
f 925/1946/1 3149/1947/1 1725/1948/1
f 925/1946/1 3150/1949/1 3149/1947/1
f 926/1950/1 2526/1951/1 3151/1952/1
f 924/1953/1 3152/1954/1 1724/1955/1
f 924/1953/1 3153/1956/1 3152/1954/1
f 420/1957/1 1220/1958/1 3154/1959/1
f 923/1931/1 3155/1960/1 2523/1932/1
f 923/1931/1 3156/1961/1 3155/1960/1
f 924/1953/1 1724/1955/1 3157/1962/1
f 921/1963/1 3158/1964/1 2521/1965/1
f 921/1963/1 3159/1966/1 3158/1964/1
f 922/1725/1 2522/1727/1 3160/1967/1
f 920/1968/1 3161/1969/1 2520/1970/1
f 920/1968/1 3162/1971/1 3161/1969/1
f 422/1972/1 2022/1973/1 3163/1974/1
f 919/1975/1 3164/1976/1 2519/1977/1
f 919/1975/1 3165/1978/1 3164/1976/1
f 920/1968/1 2520/1970/1 3166/1979/1
f 918/1980/1 3167/1981/1 2518/1982/1
f 918/1980/1 3168/1983/1 3167/1981/1
f 912/1984/1 2512/1985/1 3169/1986/1
f 916/1987/1 3170/1988/1 1716/1989/1
f 916/1987/1 3171/1990/1 3170/1988/1
f 425/1991/1 1225/1992/1 3172/1993/1
f 899/1994/1 3173/1995/1 2499/1996/1
f 899/1994/1 3174/1997/1 3173/1995/1
f 916/1987/1 1716/1989/1 3175/1998/1
f 914/1999/1 3176/2000/1 1714/2001/1
f 914/1999/1 3177/2002/1 3176/2000/1
f 915/2003/1 2515/2004/1 3178/2005/1
f 913/2006/1 3179/2007/1 1713/2008/1
f 913/2006/1 3180/2009/1 3179/2007/1
f 427/2010/1 1227/2011/1 3181/2012/1
f 912/1984/1 3182/2013/1 2512/1985/1
f 912/1984/1 3183/2014/1 3182/2013/1
f 913/2006/1 1713/2008/1 3184/2015/1
f 911/2016/1 3185/2017/1 1711/2018/1
f 911/2016/1 3186/2019/1 3185/2017/1
f 639/2020/1 2239/2021/1 3187/2022/1
f 909/2023/1 3188/2024/1 2509/2025/1
f 909/2023/1 3189/2026/1 3188/2024/1
f 430/2027/1 2030/2028/1 3190/2029/1
f 908/2030/1 3191/2031/1 2508/2032/1
f 908/2030/1 3192/2033/1 3191/2031/1
f 909/2023/1 2509/2025/1 3193/2034/1
f 906/2035/1 3194/2036/1 2506/2037/1
f 906/2035/1 3195/2038/1 3194/2036/1
f 900/2039/1 2500/2040/1 3196/2041/1
f 905/2042/1 3197/2043/1 1705/2044/1
f 905/2042/1 3198/2045/1 3197/2043/1
f 433/2046/1 1233/2047/1 3199/2048/1
f 904/2049/1 3200/2050/1 2504/2051/1
f 904/2049/1 3201/2052/1 3200/2050/1
f 905/2042/1 1705/2044/1 3202/2053/1
f 902/2054/1 3203/2055/1 1702/2056/1
f 902/2054/1 3204/2057/1 3203/2055/1
f 903/2058/1 2503/2059/1 3205/2060/1
f 901/2061/1 3206/2062/1 1701/2063/1
f 901/2061/1 3207/2064/1 3206/2062/1
f 435/2065/1 1235/2066/1 3208/2067/1
f 900/2039/1 3209/2068/1 2500/2040/1
f 900/2039/1 3210/2069/1 3209/2068/1
f 901/2061/1 1701/2063/1 3211/2070/1
f 898/2071/1 3212/2072/1 2498/2073/1
f 898/2071/1 3213/2074/1 3212/2072/1
f 899/1994/1 2499/1996/1 3214/2075/1
f 897/2076/1 3215/2077/1 2497/2078/1
f 897/2076/1 3216/2079/1 3215/2077/1
f 437/2080/1 2037/2081/1 3217/2082/1
f 896/2083/1 3218/2084/1 2496/2085/1
f 896/2083/1 3219/2086/1 3218/2084/1
f 897/2076/1 2497/2078/1 3220/2087/1
f 895/2088/1 3221/2089/1 2495/2090/1
f 895/2088/1 3222/2091/1 3221/2089/1
f 890/2092/1 2490/2093/1 3223/2094/1
f 894/2095/1 3224/2096/1 2494/2097/1
f 894/2095/1 3225/2098/1 3224/2096/1
f 440/2099/1 1240/2100/1 3226/2101/1
f 883/2102/1 3227/2103/1 2483/2104/1
f 883/2102/1 3228/2105/1 3227/2103/1
f 894/2095/1 2494/2097/1 3229/2106/1
f 892/2107/1 3230/2108/1 1692/2109/1
f 892/2107/1 3231/2110/1 3230/2108/1
f 893/2111/1 2493/2112/1 3232/2113/1
f 891/2114/1 3233/2115/1 1691/2116/1
f 891/2114/1 3234/2117/1 3233/2115/1
f 442/2118/1 1242/2119/1 3235/2120/1
f 890/2092/1 3236/2121/1 2490/2093/1
f 890/2092/1 3237/2122/1 3236/2121/1
f 891/2114/1 1691/2116/1 3238/2123/1
f 888/2124/1 3239/2125/1 1688/2126/1
f 888/2124/1 3240/2127/1 3239/2125/1
f 889/2128/1 2489/2129/1 3241/2130/1
f 886/2131/1 3242/2132/1 2486/2133/1
f 886/2131/1 3243/2134/1 3242/2132/1
f 445/2135/1 2045/2136/1 3244/2137/1
f 885/2138/1 3245/2139/1 2485/2140/1
f 885/2138/1 3246/2141/1 3245/2139/1
f 886/2131/1 2486/2133/1 3247/2142/1
f 884/2143/1 3248/2144/1 2484/2145/1
f 884/2143/1 3249/2146/1 3248/2144/1
f 878/2147/1 2478/2148/1 3250/2149/1
f 882/2150/1 3251/2151/1 1682/2152/1
f 882/2150/1 3252/2153/1 3251/2151/1
f 448/2154/1 1248/2155/1 3253/2156/1
f 866/2157/1 3254/2158/1 2466/2159/1
f 866/2157/1 3255/2160/1 3254/2158/1
f 882/2150/1 1682/2152/1 3256/2161/1
f 880/2162/1 3257/2163/1 1680/2164/1
f 880/2162/1 3258/2165/1 3257/2163/1
f 881/2166/1 2481/2167/1 3259/2168/1
f 879/2169/1 3260/2170/1 1679/2171/1
f 879/2169/1 3261/2172/1 3260/2170/1
f 450/2173/1 1250/2174/1 3262/2175/1
f 878/2147/1 3263/2176/1 2478/2148/1
f 878/2147/1 3264/2177/1 3263/2176/1
f 879/2169/1 1679/2171/1 3265/2178/1
f 877/2179/1 3266/2180/1 1677/2181/1
f 877/2179/1 3267/2182/1 3266/2180/1
f 652/2183/1 2252/2184/1 3268/2185/1
f 875/2186/1 3269/2187/1 2475/2188/1
f 875/2186/1 3270/2189/1 3269/2187/1
f 453/2190/1 2053/2191/1 3271/2192/1
f 874/2193/1 3272/2194/1 2474/2195/1
f 874/2193/1 3273/2196/1 3272/2194/1
f 875/2186/1 2475/2188/1 3274/2197/1
f 873/2198/1 3275/2199/1 2473/2200/1
f 873/2198/1 3276/2201/1 3275/2199/1
f 867/2202/1 2467/2203/1 3277/2204/1
f 872/2205/1 3278/2206/1 1672/2207/1
f 872/2205/1 3279/2208/1 3278/2206/1
f 455/2209/1 1255/2210/1 3280/2211/1
f 871/1804/1 3281/2212/1 2471/1805/1
f 871/1804/1 3282/2213/1 3281/2212/1
f 872/2205/1 1672/2207/1 3283/2214/1
f 869/2215/1 3284/2216/1 1669/2217/1
f 869/2215/1 3285/2218/1 3284/2216/1
f 870/2219/1 2470/2220/1 3286/2221/1
f 868/2222/1 3287/2223/1 1668/2224/1
f 868/2222/1 3288/2225/1 3287/2223/1
f 457/2226/1 1257/2227/1 3289/2228/1
f 867/2202/1 3290/2229/1 2467/2203/1
f 867/2202/1 3291/2230/1 3290/2229/1
f 868/2222/1 1668/2224/1 3292/2231/1
f 865/2232/1 3293/2233/1 2465/2234/1
f 865/2232/1 3294/2235/1 3293/2233/1
f 866/2157/1 2466/2159/1 3295/2236/1
f 863/2237/1 3296/2238/1 2463/2239/1
f 863/2237/1 3297/2240/1 3296/2238/1
f 459/2241/1 2059/2242/1 3298/2243/1
f 862/2244/1 3299/2245/1 2462/2246/1
f 862/2244/1 3300/2247/1 3299/2245/1
f 863/2237/1 2463/2239/1 3301/2248/1
f 860/2249/1 3302/2250/1 2460/2251/1
f 860/2249/1 3303/2252/1 3302/2250/1
f 854/2253/1 2454/2254/1 3304/2255/1
f 858/2256/1 3305/2257/1 2458/2258/1
f 858/2256/1 3306/2259/1 3305/2257/1
f 462/2260/1 1262/2261/1 3307/2262/1
f 847/2263/1 3308/2264/1 2447/2265/1
f 847/2263/1 3309/2266/1 3308/2264/1
f 858/2256/1 2458/2258/1 3310/2267/1
f 856/2268/1 3311/2269/1 1656/2270/1
f 856/2268/1 3312/2271/1 3311/2269/1
f 857/2272/1 2457/2273/1 3313/2274/1
f 855/2275/1 3314/2276/1 1655/2277/1
f 855/2275/1 3315/2278/1 3314/2276/1
f 464/2279/1 1264/2280/1 3316/2281/1
f 854/2253/1 3317/2282/1 2454/2254/1
f 854/2253/1 3318/2283/1 3317/2282/1
f 855/2275/1 1655/2277/1 3319/2284/1
f 852/2285/1 3320/2286/1 2452/2287/1
f 852/2285/1 3321/2288/1 3320/2286/1
f 794/2289/1 2394/2290/1 3322/2291/1
f 850/2292/1 3323/2293/1 2450/2294/1
f 850/2292/1 3324/2295/1 3323/2293/1
f 467/2296/1 2067/2297/1 3325/2298/1
f 849/2299/1 3326/2300/1 2449/2301/1
f 849/2299/1 3327/2302/1 3326/2300/1
f 850/2292/1 2450/2294/1 3328/2303/1
f 848/2304/1 3329/2305/1 2448/2306/1
f 848/2304/1 3330/2307/1 3329/2305/1
f 842/2308/1 2442/2309/1 3331/2310/1
f 846/2311/1 3332/2312/1 1646/2313/1
f 846/2311/1 3333/2314/1 3332/2312/1
f 470/2315/1 1270/2316/1 3334/2317/1
f 827/2318/1 3335/2319/1 2427/2320/1
f 827/2318/1 3336/2321/1 3335/2319/1
f 846/2311/1 1646/2313/1 3337/2322/1
f 844/2323/1 3338/2324/1 1644/2325/1
f 844/2323/1 3339/2326/1 3338/2324/1
f 845/2327/1 2445/2328/1 3340/2329/1
f 843/2330/1 3341/2331/1 1643/2332/1
f 843/2330/1 3342/2333/1 3341/2331/1
f 472/2334/1 1272/2335/1 3343/2336/1
f 842/2308/1 3344/2337/1 2442/2309/1
f 842/2308/1 3345/2338/1 3344/2337/1
f 843/2330/1 1643/2332/1 3346/2339/1
f 841/2340/1 3347/2341/1 1641/2342/1
f 841/2340/1 3348/2343/1 3347/2341/1
f 664/2344/1 2264/2345/1 3349/2346/1
f 839/2347/1 3350/2348/1 2439/2349/1
f 839/2347/1 3351/2350/1 3350/2348/1
f 475/2351/1 2075/2352/1 3352/2353/1
f 838/2354/1 3353/2355/1 2438/2356/1
f 838/2354/1 3354/2357/1 3353/2355/1
f 839/2347/1 2439/2349/1 3355/2358/1
f 836/2359/1 3356/2360/1 2436/2361/1
f 836/2359/1 3357/2362/1 3356/2360/1
f 829/2363/1 2429/2364/1 3358/2365/1
f 834/2366/1 3359/2367/1 2434/2368/1
f 834/2366/1 3360/2369/1 3359/2367/1
f 478/2370/1 1278/2371/1 3361/2372/1
f 833/2373/1 3362/2374/1 2433/2375/1
f 833/2373/1 3363/2376/1 3362/2374/1
f 834/2366/1 2434/2368/1 3364/2377/1
f 831/2378/1 3365/2379/1 1631/2380/1
f 831/2378/1 3366/2381/1 3365/2379/1
f 832/2382/1 2432/2383/1 3367/2384/1
f 830/2385/1 3368/2386/1 1630/2387/1
f 830/2385/1 3369/2388/1 3368/2386/1
f 480/2389/1 1280/2390/1 3370/2391/1
f 829/2363/1 3371/2392/1 2429/2364/1
f 829/2363/1 3372/2393/1 3371/2392/1
f 830/2385/1 1630/2387/1 3373/2394/1
f 826/2395/1 3374/2396/1 1626/2397/1
f 826/2395/1 3375/2398/1 3374/2396/1
f 827/2318/1 2427/2320/1 3376/2399/1
f 824/2400/1 3377/2401/1 2424/2402/1
f 824/2400/1 3378/2403/1 3377/2401/1
f 482/2404/1 2082/2405/1 3379/2406/1
f 823/2407/1 3380/2408/1 2423/2409/1
f 823/2407/1 3381/2410/1 3380/2408/1
f 824/2400/1 2424/2402/1 3382/2411/1
f 821/2412/1 3383/2413/1 2421/2414/1
f 821/2412/1 3384/2415/1 3383/2413/1
f 815/2416/1 2415/2417/1 3385/2418/1
f 819/2419/1 3386/2420/1 2419/2421/1
f 819/2419/1 3387/2422/1 3386/2420/1
f 485/2423/1 1285/2424/1 3388/2425/1
f 808/2426/1 3389/2427/1 2408/2428/1
f 808/2426/1 3390/2429/1 3389/2427/1
f 819/2419/1 2419/2421/1 3391/2430/1
f 817/2431/1 3392/2432/1 1617/2433/1
f 817/2431/1 3393/2434/1 3392/2432/1
f 818/2435/1 2418/2436/1 3394/2437/1
f 816/2438/1 3395/2439/1 1616/2440/1
f 816/2438/1 3396/2441/1 3395/2439/1
f 487/2442/1 1287/2443/1 3397/2444/1
f 815/2416/1 3398/2445/1 2415/2417/1
f 815/2416/1 3399/2446/1 3398/2445/1
f 816/2438/1 1616/2440/1 3400/2447/1
f 813/2448/1 3401/2449/1 1613/2450/1
f 813/2448/1 3402/2451/1 3401/2449/1
f 759/2452/1 2359/2453/1 3403/2454/1
f 811/2455/1 3404/2456/1 2411/2457/1
f 811/2455/1 3405/2458/1 3404/2456/1
f 490/2459/1 2090/2460/1 3406/2461/1
f 810/2462/1 3407/2463/1 2410/2464/1
f 810/2462/1 3408/2465/1 3407/2463/1
f 811/2455/1 2411/2457/1 3409/2466/1
f 809/2467/1 3410/2468/1 2409/2469/1
f 809/2467/1 3411/2470/1 3410/2468/1
f 803/2471/1 2403/2472/1 3412/2473/1
f 807/2474/1 3413/2475/1 1607/2476/1
f 807/2474/1 3414/2477/1 3413/2475/1
f 493/2478/1 1293/2479/1 3415/2480/1
f 788/2481/1 3416/2482/1 2388/2483/1
f 788/2481/1 3417/2484/1 3416/2482/1
f 807/2474/1 1607/2476/1 3418/2485/1
f 805/2486/1 3419/2487/1 1605/2488/1
f 805/2486/1 3420/2489/1 3419/2487/1
f 806/2490/1 2406/2491/1 3421/2492/1
f 804/2493/1 3422/2494/1 1604/2495/1
f 804/2493/1 3423/2496/1 3422/2494/1
f 495/2497/1 1295/2498/1 3424/2499/1
f 803/2471/1 3425/2500/1 2403/2472/1
f 803/2471/1 3426/2501/1 3425/2500/1
f 804/2493/1 1604/2495/1 3427/2502/1
f 802/2503/1 3428/2504/1 1602/2505/1
f 802/2503/1 3429/2506/1 3428/2504/1
f 677/2507/1 2277/2508/1 3430/2509/1
f 800/2510/1 3431/2511/1 2400/2512/1
f 800/2510/1 3432/2513/1 3431/2511/1
f 498/2514/1 2098/2515/1 3433/2516/1
f 799/2517/1 3434/2518/1 2399/2519/1
f 799/2517/1 3435/2520/1 3434/2518/1
f 800/2510/1 2400/2512/1 3436/2521/1
f 797/2522/1 3437/2523/1 2397/2524/1
f 797/2522/1 3438/2525/1 3437/2523/1
f 790/2526/1 2390/2527/1 3439/2528/1
f 795/2529/1 3440/2530/1 2395/2531/1
f 795/2529/1 3441/2532/1 3440/2530/1
f 500/2533/1 1300/2534/1 3442/2535/1
f 794/2289/1 3443/2536/1 2394/2290/1
f 794/2289/1 3444/2537/1 3443/2536/1
f 795/2529/1 2395/2531/1 3445/2538/1
f 792/2539/1 3446/2540/1 1592/2541/1
f 792/2539/1 3447/2542/1 3446/2540/1
f 793/2543/1 2393/2544/1 3448/2545/1
f 791/2546/1 3449/2547/1 1591/2548/1
f 791/2546/1 3450/2549/1 3449/2547/1
f 502/2550/1 1302/2551/1 3451/2552/1
f 790/2526/1 3452/2553/1 2390/2527/1
f 790/2526/1 3453/2554/1 3452/2553/1
f 791/2546/1 1591/2548/1 3454/2555/1
f 787/2556/1 3455/2557/1 1587/2558/1
f 787/2556/1 3456/2559/1 3455/2557/1
f 788/2481/1 2388/2483/1 3457/2560/1
f 785/2561/1 3458/2562/1 2385/2563/1
f 785/2561/1 3459/2564/1 3458/2562/1
f 504/2565/1 2104/2566/1 3460/2567/1
f 784/2568/1 3461/2569/1 2384/2570/1
f 784/2568/1 3462/2571/1 3461/2569/1
f 785/2561/1 2385/2563/1 3463/2572/1
f 783/2573/1 3464/2574/1 2383/2575/1
f 783/2573/1 3465/2576/1 3464/2574/1
f 778/2577/1 2378/2578/1 3466/2579/1
f 782/2580/1 3467/2581/1 2382/2582/1
f 782/2580/1 3468/2583/1 3467/2581/1
f 507/2584/1 1307/2585/1 3469/2586/1
f 771/2587/1 3470/2588/1 2371/2589/1
f 771/2587/1 3471/2590/1 3470/2588/1
f 782/2580/1 2382/2582/1 3472/2591/1
f 780/2592/1 3473/2593/1 1580/2594/1
f 780/2592/1 3474/2595/1 3473/2593/1
f 781/2596/1 2381/2597/1 3475/2598/1
f 779/2599/1 3476/2600/1 1579/2601/1
f 779/2599/1 3477/2602/1 3476/2600/1
f 509/2603/1 1309/2604/1 3478/2605/1
f 778/2577/1 3479/2606/1 2378/2578/1
f 778/2577/1 3480/2607/1 3479/2606/1
f 779/2599/1 1579/2601/1 3481/2608/1
f 776/2609/1 3482/2610/1 1576/2611/1
f 776/2609/1 3483/2612/1 3482/2610/1
f 777/2613/1 2377/2614/1 3484/2615/1
f 774/2616/1 3485/2617/1 2374/2618/1
f 774/2616/1 3486/2619/1 3485/2617/1
f 512/2620/1 2112/2621/1 3487/2622/1
f 773/2623/1 3488/2624/1 2373/2625/1
f 773/2623/1 3489/2626/1 3488/2624/1
f 774/2616/1 2374/2618/1 3490/2627/1
f 772/2628/1 3491/2629/1 2372/2630/1
f 772/2628/1 3492/2631/1 3491/2629/1
f 766/2632/1 2366/2633/1 3493/2634/1
f 770/2635/1 3494/2636/1 1570/2637/1
f 770/2635/1 3495/2638/1 3494/2636/1
f 515/2639/1 1315/2640/1 3496/2641/1
f 754/2642/1 3497/2643/1 2354/2644/1
f 754/2642/1 3498/2645/1 3497/2643/1
f 770/2635/1 1570/2637/1 3499/2646/1
f 768/2647/1 3500/2648/1 1568/2649/1
f 768/2647/1 3501/2650/1 3500/2648/1
f 769/2651/1 2369/2652/1 3502/2653/1
f 767/2654/1 3503/2655/1 1567/2656/1
f 767/2654/1 3504/2657/1 3503/2655/1
f 517/2658/1 1317/2659/1 3505/2660/1
f 766/2632/1 3506/2661/1 2366/2633/1
f 766/2632/1 3507/2662/1 3506/2661/1
f 767/2654/1 1567/2656/1 3508/2663/1
f 765/2664/1 3509/2665/1 1565/2666/1
f 765/2664/1 3510/2667/1 3509/2665/1
f 689/2668/1 2289/2669/1 3511/2670/1
f 763/2671/1 3512/2672/1 2363/2673/1
f 763/2671/1 3513/2674/1 3512/2672/1
f 520/2675/1 2120/2676/1 3514/2677/1
f 762/2678/1 3515/2679/1 2362/2680/1
f 762/2678/1 3516/2681/1 3515/2679/1
f 763/2671/1 2363/2673/1 3517/2682/1
f 761/2683/1 3518/2684/1 2361/2685/1
f 761/2683/1 3519/2686/1 3518/2684/1
f 755/2687/1 2355/2688/1 3520/2689/1
f 760/2690/1 3521/2691/1 1560/2692/1
f 760/2690/1 3522/2693/1 3521/2691/1
f 522/2694/1 1322/2695/1 3523/2696/1
f 759/2452/1 3524/2697/1 2359/2453/1
f 759/2452/1 3525/2698/1 3524/2697/1
f 760/2690/1 1560/2692/1 3526/2699/1
f 757/2700/1 3527/2701/1 1557/2702/1
f 757/2700/1 3528/2703/1 3527/2701/1
f 758/2704/1 2358/2705/1 3529/2706/1
f 756/2707/1 3530/2708/1 1556/2709/1
f 756/2707/1 3531/2710/1 3530/2708/1
f 524/2711/1 1324/2712/1 3532/2713/1
f 755/2687/1 3533/2714/1 2355/2688/1
f 755/2687/1 3534/2715/1 3533/2714/1
f 756/2707/1 1556/2709/1 3535/2716/1
f 753/2717/1 3536/2718/1 2353/2719/1
f 753/2717/1 3537/2720/1 3536/2718/1
f 754/2642/1 2354/2644/1 3538/2721/1
f 751/2722/1 3539/2723/1 2351/2724/1
f 751/2722/1 3540/2725/1 3539/2723/1
f 526/2726/1 2126/2727/1 3541/2728/1
f 750/2729/1 3542/2730/1 2350/2731/1
f 750/2729/1 3543/2732/1 3542/2730/1
f 751/2722/1 2351/2724/1 3544/2733/1
f 748/2734/1 3545/2735/1 2348/2736/1
f 748/2734/1 3546/2737/1 3545/2735/1
f 742/2738/1 2342/2739/1 3547/2740/1
f 746/2741/1 3548/2742/1 2346/2743/1
f 746/2741/1 3549/2744/1 3548/2742/1
f 529/2745/1 1329/2746/1 3550/2747/1
f 734/2748/1 3551/2749/1 2334/2750/1
f 734/2748/1 3552/2751/1 3551/2749/1
f 746/2741/1 2346/2743/1 3553/2752/1
f 744/2753/1 3554/2754/1 1544/2755/1
f 744/2753/1 3555/2756/1 3554/2754/1
f 745/2757/1 2345/2758/1 3556/2759/1
f 743/2760/1 3557/2761/1 1543/2762/1
f 743/2760/1 3558/2763/1 3557/2761/1
f 531/2764/1 1331/2765/1 3559/2766/1
f 742/2738/1 3560/2767/1 2342/2739/1
f 742/2738/1 3561/2768/1 3560/2767/1
f 743/2760/1 1543/2762/1 3562/2769/1
f 739/2770/1 3563/2771/1 1539/2772/1
f 739/2770/1 3564/2773/1 3563/2771/1
f 740/2774/1 2340/2775/1 3565/2776/1
f 737/2777/1 3566/2778/1 2337/2779/1
f 737/2777/1 3567/2780/1 3566/2778/1
f 534/2781/1 2134/2782/1 3568/2783/1
f 736/2784/1 3569/2785/1 2336/2786/1
f 736/2784/1 3570/2787/1 3569/2785/1
f 737/2777/1 2337/2779/1 3571/2788/1
f 735/2789/1 3572/2790/1 2335/2791/1
f 735/2789/1 3573/2792/1 3572/2790/1
f 729/2793/1 2329/2794/1 3574/2795/1
f 733/2796/1 3575/2797/1 1533/2798/1
f 733/2796/1 3576/2799/1 3575/2797/1
f 537/2800/1 1337/2801/1 3577/2802/1
f 714/2803/1 3578/2804/1 2314/2805/1
f 714/2803/1 3579/2806/1 3578/2804/1
f 733/2796/1 1533/2798/1 3580/2807/1
f 731/2808/1 3581/2809/1 1531/2810/1
f 731/2808/1 3582/2811/1 3581/2809/1
f 732/2812/1 2332/2813/1 3583/2814/1
f 730/2815/1 3584/2816/1 1530/2817/1
f 730/2815/1 3585/2818/1 3584/2816/1
f 539/2819/1 1339/2820/1 3586/2821/1
f 729/2793/1 3587/2822/1 2329/2794/1
f 729/2793/1 3588/2823/1 3587/2822/1
f 730/2815/1 1530/2817/1 3589/2824/1
f 728/2825/1 3590/2826/1 1528/2827/1
f 728/2825/1 3591/2828/1 3590/2826/1
f 701/2829/1 2301/2830/1 3592/2831/1
f 726/2832/1 3593/2833/1 2326/2834/1
f 726/2832/1 3594/2835/1 3593/2833/1
f 542/2836/1 2142/2837/1 3595/2838/1
f 725/2839/1 3596/2840/1 2325/2841/1
f 725/2839/1 3597/2842/1 3596/2840/1
f 726/2832/1 2326/2834/1 3598/2843/1
f 723/2844/1 3599/2845/1 2323/2846/1
f 723/2844/1 3600/2847/1 3599/2845/1
f 716/2848/1 2316/2849/1 3601/2850/1
f 721/2851/1 3602/2852/1 2321/2853/1
f 721/2851/1 3603/2854/1 3602/2852/1
f 545/2855/1 1345/2856/1 3604/2857/1
f 720/2858/1 3605/2859/1 2320/2860/1
f 720/2858/1 3606/2861/1 3605/2859/1
f 721/2851/1 2321/2853/1 3607/2862/1
f 718/2863/1 3608/2864/1 1518/2865/1
f 718/2863/1 3609/2866/1 3608/2864/1
f 719/2867/1 2319/2868/1 3610/2869/1
f 717/2870/1 3611/2871/1 1517/2872/1
f 717/2870/1 3612/2873/1 3611/2871/1
f 547/2874/1 1347/2875/1 3613/2876/1
f 716/2848/1 3614/2877/1 2316/2849/1
f 716/2848/1 3615/2878/1 3614/2877/1
f 717/2870/1 1517/2872/1 3616/2879/1
f 713/2880/1 3617/2881/1 1513/2882/1
f 713/2880/1 3618/2883/1 3617/2881/1
f 714/2803/1 2314/2805/1 3619/2884/1
f 711/2885/1 3620/2886/1 2311/2887/1
f 711/2885/1 3621/2888/1 3620/2886/1
f 549/2889/1 2149/2890/1 3622/2891/1
f 710/2892/1 3623/2893/1 2310/2894/1
f 710/2892/1 3624/2895/1 3623/2893/1
f 711/2885/1 2311/2887/1 3625/2896/1
f 708/2897/1 3626/2898/1 2308/2899/1
f 708/2897/1 3627/2900/1 3626/2898/1
f 702/2901/1 2302/2902/1 3628/2903/1
f 707/2904/1 3629/2905/1 1507/2906/1
f 707/2904/1 3630/2907/1 3629/2905/1
f 552/2908/1 1352/2909/1 3631/2910/1
f 706/2911/1 3632/2912/1 2306/2913/1
f 706/2911/1 3633/2914/1 3632/2912/1
f 707/2904/1 1507/2906/1 3634/2915/1
f 704/2916/1 3635/2917/1 1504/2918/1
f 704/2916/1 3636/2919/1 3635/2917/1
f 705/2920/1 2305/2921/1 3637/2922/1
f 703/2923/1 3638/2924/1 1503/2925/1
f 703/2923/1 3639/2926/1 3638/2924/1
f 554/2927/1 1354/2928/1 3640/2929/1
f 702/2901/1 3641/2930/1 2302/2902/1
f 702/2901/1 3642/2931/1 3641/2930/1
f 703/2923/1 1503/2925/1 3643/2932/1
f 699/2933/1 3644/2934/1 1499/2935/1
f 699/2933/1 3645/2936/1 3644/2934/1
f 700/2937/1 2300/2938/1 3646/2939/1
f 698/2940/1 3647/2941/1 2298/2942/1
f 698/2940/1 3648/2943/1 3647/2941/1
f 557/2944/1 2157/2945/1 3649/2946/1
f 697/2947/1 3650/2948/1 2297/2949/1
f 697/2947/1 3651/2950/1 3650/2948/1
f 698/2940/1 2298/2942/1 3652/2951/1
f 695/2952/1 3653/2953/1 2295/2954/1
f 695/2952/1 3654/2955/1 3653/2953/1
f 690/2956/1 2290/2957/1 3655/2958/1
f 694/2959/1 3656/2960/1 1494/2961/1
f 694/2959/1 3657/2962/1 3656/2960/1
f 560/2963/1 1360/2964/1 3658/2965/1
f 676/2966/1 3659/2967/1 2276/2968/1
f 676/2966/1 3660/2969/1 3659/2967/1
f 694/2959/1 1494/2961/1 3661/2970/1
f 692/2971/1 3662/2972/1 1492/2973/1
f 692/2971/1 3663/2974/1 3662/2972/1
f 693/2975/1 2293/2976/1 3664/2977/1
f 691/2978/1 3665/2979/1 1491/2980/1
f 691/2978/1 3666/2981/1 3665/2979/1
f 562/2982/1 1362/2983/1 3667/2984/1
f 690/2956/1 3668/2985/1 2290/2957/1
f 690/2956/1 3669/2986/1 3668/2985/1
f 691/2978/1 1491/2980/1 3670/2987/1
f 687/2988/1 3671/2989/1 1487/2990/1
f 687/2988/1 3672/2991/1 3671/2989/1
f 688/2992/1 2288/2993/1 3673/2994/1
f 686/2995/1 3674/2996/1 2286/2997/1
f 686/2995/1 3675/2998/1 3674/2996/1
f 565/2999/1 2165/3000/1 3676/3001/1
f 685/3002/1 3677/3003/1 2285/3004/1
f 685/3002/1 3678/3005/1 3677/3003/1
f 686/2995/1 2286/2997/1 3679/3006/1
f 683/3007/1 3680/3008/1 2283/3009/1
f 683/3007/1 3681/3010/1 3680/3008/1
f 678/3011/1 2278/3012/1 3682/3013/1
f 682/3014/1 3683/3015/1 1482/3016/1
f 682/3014/1 3684/3017/1 3683/3015/1
f 568/3018/1 1368/3019/1 3685/3020/1
f 663/3021/1 3686/3022/1 2263/3023/1
f 663/3021/1 3687/3024/1 3686/3022/1
f 682/3014/1 1482/3016/1 3688/3025/1
f 680/3026/1 3689/3027/1 1480/3028/1
f 680/3026/1 3690/3029/1 3689/3027/1
f 681/3030/1 2281/3031/1 3691/3032/1
f 679/3033/1 3692/3034/1 1479/3035/1
f 679/3033/1 3693/3036/1 3692/3034/1
f 570/3037/1 1370/3038/1 3694/3039/1
f 678/3011/1 3695/3040/1 2278/3012/1
f 678/3011/1 3696/3041/1 3695/3040/1
f 679/3033/1 1479/3035/1 3697/3042/1
f 675/3043/1 3698/3044/1 1475/3045/1
f 675/3043/1 3699/3046/1 3698/3044/1
f 676/2966/1 2276/2968/1 3700/3047/1
f 674/3048/1 3701/3049/1 2274/3050/1
f 674/3048/1 3702/3051/1 3701/3049/1
f 572/3052/1 2172/3053/1 3703/3054/1
f 673/3055/1 3704/3056/1 2273/3057/1
f 673/3055/1 3705/3058/1 3704/3056/1
f 674/3048/1 2274/3050/1 3706/3059/1
f 671/3060/1 3707/3061/1 2271/3062/1
f 671/3060/1 3708/3063/1 3707/3061/1
f 665/3064/1 2265/3065/1 3709/3066/1
f 670/3067/1 3710/3068/1 1470/3069/1
f 670/3067/1 3711/3070/1 3710/3068/1
f 575/3071/1 1375/3072/1 3712/3073/1
f 669/3074/1 3713/3075/1 2269/3076/1
f 669/3074/1 3714/3077/1 3713/3075/1
f 670/3067/1 1470/3069/1 3715/3078/1
f 667/3079/1 3716/3080/1 1467/3081/1
f 667/3079/1 3717/3082/1 3716/3080/1
f 668/3083/1 2268/3084/1 3718/3085/1
f 666/3086/1 3719/3087/1 1466/3088/1
f 666/3086/1 3720/3089/1 3719/3087/1
f 577/3090/1 1377/3091/1 3721/3092/1
f 665/3064/1 3722/3093/1 2265/3065/1
f 665/3064/1 3723/3094/1 3722/3093/1
f 666/3086/1 1466/3088/1 3724/3095/1
f 662/3096/1 3725/3097/1 2262/3098/1
f 662/3096/1 3726/3099/1 3725/3097/1
f 663/3021/1 2263/3023/1 3727/3100/1
f 661/3101/1 3728/3102/1 2261/3103/1
f 661/3101/1 3729/3104/1 3728/3102/1
f 579/3105/1 2179/3106/1 3730/3107/1
f 660/3108/1 3731/3109/1 2260/3110/1
f 660/3108/1 3732/3111/1 3731/3109/1
f 661/3101/1 2261/3103/1 3733/3112/1
f 658/3113/1 3734/3114/1 2258/3115/1
f 658/3113/1 3735/3116/1 3734/3114/1
f 653/3117/1 2253/3118/1 3736/3119/1
f 657/3120/1 3737/3121/1 1457/3122/1
f 657/3120/1 3738/3123/1 3737/3121/1
f 582/3124/1 1382/3125/1 3739/3126/1
f 626/3127/1 3740/3128/1 2226/3129/1
f 626/3127/1 3741/3130/1 3740/3128/1
f 657/3120/1 1457/3122/1 3742/3131/1
f 655/3132/1 3743/3133/1 1455/3134/1
f 655/3132/1 3744/3135/1 3743/3133/1
f 656/3136/1 2256/3137/1 3745/3138/1
f 654/3139/1 3746/3140/1 1454/3141/1
f 654/3139/1 3747/3142/1 3746/3140/1
f 584/3143/1 1384/3144/1 3748/3145/1
f 653/3117/1 3749/3146/1 2253/3118/1
f 653/3117/1 3750/3147/1 3749/3146/1
f 654/3139/1 1454/3141/1 3751/3148/1
f 650/3149/1 3752/3150/1 1450/3151/1
f 650/3149/1 3753/3152/1 3752/3150/1
f 651/3153/1 2251/3154/1 3754/3155/1
f 649/3156/1 3755/3157/1 2249/3158/1
f 649/3156/1 3756/3159/1 3755/3157/1
f 587/3160/1 2187/3161/1 3757/3162/1
f 648/3163/1 3758/3164/1 2248/3165/1
f 648/3163/1 3759/3166/1 3758/3164/1
f 649/3156/1 2249/3158/1 3760/3167/1
f 646/3168/1 3761/3169/1 2246/3170/1
f 646/3168/1 3762/3171/1 3761/3169/1
f 640/3172/1 2240/3173/1 3763/3174/1
f 645/3175/1 3764/3176/1 1445/3177/1
f 645/3175/1 3765/3178/1 3764/3176/1
f 590/3179/1 1390/3180/1 3766/3181/1
f 644/3182/1 3767/3183/1 2244/3184/1
f 644/3182/1 3768/3185/1 3767/3183/1
f 645/3175/1 1445/3177/1 3769/3186/1
f 642/3187/1 3770/3188/1 1442/3189/1
f 642/3187/1 3771/3190/1 3770/3188/1
f 643/3191/1 2243/3192/1 3772/3193/1
f 641/3194/1 3773/3195/1 1441/3196/1
f 641/3194/1 3774/3197/1 3773/3195/1
f 592/3198/1 1392/3199/1 3775/3200/1
f 640/3172/1 3776/3201/1 2240/3173/1
f 640/3172/1 3777/3202/1 3776/3201/1
f 641/3194/1 1441/3196/1 3778/3203/1
f 638/3204/1 3779/3205/1 2238/3206/1
f 638/3204/1 3780/3207/1 3779/3205/1
f 619/3208/1 2219/3209/1 3781/3210/1
f 637/3211/1 3782/3212/1 2237/3213/1
f 637/3211/1 3783/3214/1 3782/3212/1
f 595/3215/1 2195/3216/1 3784/3217/1
f 636/3218/1 3785/3219/1 2236/3220/1
f 636/3218/1 3786/3221/1 3785/3219/1
f 637/3211/1 2237/3213/1 3787/3222/1
f 634/3223/1 3788/3224/1 2234/3225/1
f 634/3223/1 3789/3226/1 3788/3224/1
f 628/3227/1 2228/3228/1 3790/3229/1
f 633/3230/1 3791/3231/1 1433/3232/1
f 633/3230/1 3792/3233/1 3791/3231/1
f 598/3234/1 1398/3235/1 3793/3236/1
f 632/3237/1 3794/3238/1 2232/3239/1
f 632/3237/1 3795/3240/1 3794/3238/1
f 633/3230/1 1433/3232/1 3796/3241/1
f 630/3242/1 3797/3243/1 1430/3244/1
f 630/3242/1 3798/3245/1 3797/3243/1
f 631/3246/1 2231/3247/1 3799/3248/1
f 629/3249/1 3800/3250/1 1429/3251/1
f 629/3249/1 3801/3252/1 3800/3250/1
f 600/3253/1 1400/3254/1 3802/3255/1
f 628/3227/1 3803/3256/1 2228/3228/1
f 628/3227/1 3804/3257/1 3803/3256/1
f 629/3249/1 1429/3251/1 3805/3258/1
f 625/3259/1 3806/3260/1 1425/3261/1
f 625/3259/1 3807/3262/1 3806/3260/1
f 626/3127/1 2226/3129/1 3808/3263/1
f 624/3264/1 3809/3265/1 2224/3266/1
f 624/3264/1 3810/3267/1 3809/3265/1
f 602/3268/1 2202/3269/1 3811/3270/1
f 623/3271/1 3812/3272/1 2223/3273/1
f 623/3271/1 3813/3274/1 3812/3272/1
f 624/3264/1 2224/3266/1 3814/3275/1
f 621/3276/1 3815/3277/1 2221/3278/1
f 621/3276/1 3816/3279/1 3815/3277/1
f 615/3280/1 2215/3281/1 3817/3282/1
f 620/3283/1 3818/3284/1 1420/3285/1
f 620/3283/1 3819/3286/1 3818/3284/1
f 604/3287/1 1404/3288/1 3820/3289/1
f 619/3208/1 3821/3290/1 2219/3209/1
f 619/3208/1 3822/3291/1 3821/3290/1
f 620/3283/1 1420/3285/1 3823/3292/1
f 617/3293/1 3824/3294/1 1417/3295/1
f 617/3293/1 3825/3296/1 3824/3294/1
f 618/3297/1 2218/3298/1 3826/3299/1
f 616/3300/1 3827/3301/1 1416/3302/1
f 616/3300/1 3828/3303/1 3827/3301/1
f 606/3304/1 1406/3305/1 3829/3306/1
f 615/3280/1 3830/3307/1 2215/3281/1
f 615/3280/1 3831/3308/1 3830/3307/1
f 616/3300/1 1416/3302/1 3832/3309/1
f 612/3310/1 3833/3311/1 1412/3312/1
f 612/3310/1 3834/3313/1 3833/3311/1
f 613/3314/1 2213/3315/1 3835/3316/1
f 611/3317/1 3836/3318/1 2211/3319/1
f 611/3317/1 3837/3320/1 3836/3318/1
f 609/3321/1 2209/3322/1 3838/3323/1
f 610/3324/1 3839/3325/1 2210/3326/1
f 610/3324/1 3840/3327/1 3839/3325/1
f 611/3317/1 2211/3319/1 3841/3328/1
f 607/3329/1 3842/3330/1 1407/3331/1
f 607/3329/1 3843/3332/1 3842/3330/1
f 608/3333/1 1408/3334/1 3844/3335/1
f 603/3336/1 3845/3337/1 1403/3338/1
f 603/3336/1 3846/3339/1 3845/3337/1
f 605/3340/1 1405/3341/1 3847/3342/1
f 594/3343/1 3848/3344/1 1394/3345/1
f 594/3343/1 3849/3346/1 3848/3344/1
f 603/3336/1 1403/3338/1 3850/3347/1
f 601/3348/1 3851/3349/1 1401/3350/1
f 601/3348/1 3852/3351/1 3851/3349/1
f 580/3352/1 1380/3353/1 3853/3354/1
f 597/3355/1 3854/3356/1 1397/3357/1
f 597/3355/1 3855/3358/1 3854/3356/1
f 599/3359/1 1399/3360/1 3856/3361/1
f 596/3362/1 3857/3363/1 1396/3364/1
f 596/3362/1 3858/3365/1 3857/3363/1
f 597/3355/1 1397/3357/1 3859/3366/1
f 593/3367/1 3860/3368/1 1393/3369/1
f 593/3367/1 3861/3370/1 3860/3368/1
f 594/3343/1 1394/3345/1 3862/3371/1
f 589/3372/1 3863/3373/1 1389/3374/1
f 589/3372/1 3864/3375/1 3863/3373/1
f 591/3376/1 1391/3377/1 3865/3378/1
f 588/3379/1 3866/3380/1 1388/3381/1
f 588/3379/1 3867/3382/1 3866/3380/1
f 589/3372/1 1389/3374/1 3868/3383/1
f 585/3384/1 3869/3385/1 1385/3386/1
f 585/3384/1 3870/3387/1 3869/3385/1
f 586/3388/1 1386/3389/1 3871/3390/1
f 581/3391/1 3872/3392/1 1381/3393/1
f 581/3391/1 3873/3394/1 3872/3392/1
f 583/3395/1 1383/3396/1 3874/3397/1
f 580/3352/1 3875/3398/1 1380/3353/1
f 580/3352/1 3876/3399/1 3875/3398/1
f 581/3391/1 1381/3393/1 3877/3400/1
f 578/3401/1 3878/3402/1 1378/3403/1
f 578/3401/1 3879/3404/1 3878/3402/1
f 566/3405/1 1366/3406/1 3880/3407/1
f 574/3408/1 3881/3409/1 1374/3410/1
f 574/3408/1 3882/3411/1 3881/3409/1
f 576/3412/1 1376/3413/1 3883/3414/1
f 573/3415/1 3884/3416/1 1373/3417/1
f 573/3415/1 3885/3418/1 3884/3416/1
f 574/3408/1 1374/3410/1 3886/3419/1
f 571/3420/1 3887/3421/1 1371/3422/1
f 571/3420/1 3888/3423/1 3887/3421/1
f 558/3424/1 1358/3425/1 3889/3426/1
f 567/3427/1 3890/3428/1 1367/3429/1
f 567/3427/1 3891/3430/1 3890/3428/1
f 569/3431/1 1369/3432/1 3892/3433/1
f 566/3405/1 3893/3434/1 1366/3406/1
f 566/3405/1 3894/3435/1 3893/3434/1
f 567/3427/1 1367/3429/1 3895/3436/1
f 563/3437/1 3896/3438/1 1363/3439/1
f 563/3437/1 3897/3440/1 3896/3438/1
f 564/3441/1 1364/3442/1 3898/3443/1
f 559/3444/1 3899/3445/1 1359/3446/1
f 559/3444/1 3900/3447/1 3899/3445/1
f 561/3448/1 1361/3449/1 3901/3450/1
f 558/3424/1 3902/3451/1 1358/3425/1
f 558/3424/1 3903/3452/1 3902/3451/1
f 559/3444/1 1359/3446/1 3904/3453/1
f 555/3454/1 3905/3455/1 1355/3456/1
f 555/3454/1 3906/3457/1 3905/3455/1
f 556/3458/1 1356/3459/1 3907/3460/1
f 551/3461/1 3908/3462/1 1351/3463/1
f 551/3461/1 3909/3464/1 3908/3462/1
f 553/3465/1 1353/3466/1 3910/3467/1
f 550/3468/1 3911/3469/1 1350/3470/1
f 550/3468/1 3912/3471/1 3911/3469/1
f 551/3461/1 1351/3463/1 3913/3472/1
f 548/3473/1 3914/3474/1 1348/3475/1
f 548/3473/1 3915/3476/1 3914/3474/1
f 535/3477/1 1335/3478/1 3916/3479/1
f 544/3480/1 3917/3481/1 1344/3482/1
f 544/3480/1 3918/3483/1 3917/3481/1
f 546/3484/1 1346/3485/1 3919/3486/1
f 543/3487/1 3920/3488/1 1343/3489/1
f 543/3487/1 3921/3490/1 3920/3488/1
f 544/3480/1 1344/3482/1 3922/3491/1
f 540/3492/1 3923/3493/1 1340/3494/1
f 540/3492/1 3924/3495/1 3923/3493/1
f 541/3496/1 1341/3497/1 3925/3498/1
f 536/3499/1 3926/3500/1 1336/3501/1
f 536/3499/1 3927/3502/1 3926/3500/1
f 538/3503/1 1338/3504/1 3928/3505/1
f 535/3477/1 3929/3506/1 1335/3478/1
f 535/3477/1 3930/3507/1 3929/3506/1
f 536/3499/1 1336/3501/1 3931/3508/1
f 532/3509/1 3932/3510/1 1332/3511/1
f 532/3509/1 3933/3512/1 3932/3510/1
f 533/3513/1 1333/3514/1 3934/3515/1
f 528/3516/1 3935/3517/1 1328/3518/1
f 528/3516/1 3936/3519/1 3935/3517/1
f 530/3520/1 1330/3521/1 3937/3522/1
f 527/3523/1 3938/3524/1 1327/3525/1
f 527/3523/1 3939/3526/1 3938/3524/1
f 528/3516/1 1328/3518/1 3940/3527/1
f 525/3528/1 3941/3529/1 1325/3530/1
f 525/3528/1 3942/3531/1 3941/3529/1
f 513/3532/1 1313/3533/1 3943/3534/1
f 521/3535/1 3944/3536/1 1321/3537/1
f 521/3535/1 3945/3538/1 3944/3536/1
f 523/3539/1 1323/3540/1 3946/3541/1
f 489/3542/1 3947/3543/1 1289/3544/1
f 489/3542/1 3948/3545/1 3947/3543/1
f 521/3535/1 1321/3537/1 3949/3546/1
f 518/3547/1 3950/3548/1 1318/3549/1
f 518/3547/1 3951/3550/1 3950/3548/1
f 519/3551/1 1319/3552/1 3952/3553/1
f 514/3554/1 3953/3555/1 1314/3556/1
f 514/3554/1 3954/3557/1 3953/3555/1
f 516/3558/1 1316/3559/1 3955/3560/1
f 513/3532/1 3956/3561/1 1313/3533/1
f 513/3532/1 3957/3562/1 3956/3561/1
f 514/3554/1 1314/3556/1 3958/3563/1
f 510/3564/1 3959/3565/1 1310/3566/1
f 510/3564/1 3960/3567/1 3959/3565/1
f 511/3568/1 1311/3569/1 3961/3570/1
f 506/3571/1 3962/3572/1 1306/3573/1
f 506/3571/1 3963/3574/1 3962/3572/1
f 508/3575/1 1308/3576/1 3964/3577/1
f 505/3578/1 3965/3579/1 1305/3580/1
f 505/3578/1 3966/3581/1 3965/3579/1
f 506/3571/1 1306/3573/1 3967/3582/1
f 503/3583/1 3968/3584/1 1303/3585/1
f 503/3583/1 3969/3586/1 3968/3584/1
f 491/3587/1 1291/3588/1 3970/3589/1
f 499/3590/1 3971/3591/1 1299/3592/1
f 499/3590/1 3972/3593/1 3971/3591/1
f 501/3594/1 1301/3595/1 3973/3596/1
f 466/3597/1 3974/3598/1 1266/3599/1
f 466/3597/1 3975/3600/1 3974/3598/1
f 499/3590/1 1299/3592/1 3976/3601/1
f 496/3602/1 3977/3603/1 1296/3604/1
f 496/3602/1 3978/3605/1 3977/3603/1
f 497/3606/1 1297/3607/1 3979/3608/1
f 492/3609/1 3980/3610/1 1292/3611/1
f 492/3609/1 3981/3612/1 3980/3610/1
f 494/3613/1 1294/3614/1 3982/3615/1
f 491/3587/1 3983/3616/1 1291/3588/1
f 491/3587/1 3984/3617/1 3983/3616/1
f 492/3609/1 1292/3611/1 3985/3618/1
f 488/3619/1 3986/3620/1 1288/3621/1
f 488/3619/1 3987/3622/1 3986/3620/1
f 489/3542/1 1289/3544/1 3988/3623/1
f 484/3624/1 3989/3625/1 1284/3626/1
f 484/3624/1 3990/3627/1 3989/3625/1
f 486/3628/1 1286/3629/1 3991/3630/1
f 483/3631/1 3992/3632/1 1283/3633/1
f 483/3631/1 3993/3634/1 3992/3632/1
f 484/3624/1 1284/3626/1 3994/3635/1
f 481/3636/1 3995/3637/1 1281/3638/1
f 481/3636/1 3996/3639/1 3995/3637/1
f 468/3640/1 1268/3641/1 3997/3642/1
f 477/3643/1 3998/3644/1 1277/3645/1
f 477/3643/1 3999/3646/1 3998/3644/1
f 479/3647/1 1279/3648/1 4000/3649/1
f 476/3650/1 4001/3651/1 1276/3652/1
f 476/3650/1 4002/3653/1 4001/3651/1
f 477/3643/1 1277/3645/1 4003/3654/1
f 473/3655/1 4004/3656/1 1273/3657/1
f 473/3655/1 4005/3658/1 4004/3656/1
f 474/3659/1 1274/3660/1 4006/3661/1
f 469/3662/1 4007/3663/1 1269/3664/1
f 469/3662/1 4008/3665/1 4007/3663/1
f 471/3666/1 1271/3667/1 4009/3668/1
f 468/3640/1 4010/3669/1 1268/3641/1
f 468/3640/1 4011/3670/1 4010/3669/1
f 469/3662/1 1269/3664/1 4012/3671/1
f 465/3672/1 4013/3673/1 1265/3674/1
f 465/3672/1 4014/3675/1 4013/3673/1
f 466/3597/1 1266/3599/1 4015/3676/1
f 461/3677/1 4016/3678/1 1261/3679/1
f 461/3677/1 4017/3680/1 4016/3678/1
f 463/3681/1 1263/3682/1 4018/3683/1
f 460/3684/1 4019/3685/1 1260/3686/1
f 460/3684/1 4020/3687/1 4019/3685/1
f 461/3677/1 1261/3679/1 4021/3688/1
f 458/3689/1 4022/3690/1 1258/3691/1
f 458/3689/1 4023/3692/1 4022/3690/1
f 446/3693/1 1246/3694/1 4024/3695/1
f 454/3696/1 4025/3697/1 1254/3698/1
f 454/3696/1 4026/3699/1 4025/3697/1
f 456/3700/1 1256/3701/1 4027/3702/1
f 399/3703/1 4028/3704/1 1199/3705/1
f 399/3703/1 4029/3706/1 4028/3704/1
f 454/3696/1 1254/3698/1 4030/3707/1
f 451/3708/1 4031/3709/1 1251/3710/1
f 451/3708/1 4032/3711/1 4031/3709/1
f 452/3712/1 1252/3713/1 4033/3714/1
f 447/3715/1 4034/3716/1 1247/3717/1
f 447/3715/1 4035/3718/1 4034/3716/1
f 449/3719/1 1249/3720/1 4036/3721/1
f 446/3693/1 4037/3722/1 1246/3694/1
f 446/3693/1 4038/3723/1 4037/3722/1
f 447/3715/1 1247/3717/1 4039/3724/1
f 443/3725/1 4040/3726/1 1243/3727/1
f 443/3725/1 4041/3728/1 4040/3726/1
f 444/3729/1 1244/3730/1 4042/3731/1
f 439/3732/1 4043/3733/1 1239/3734/1
f 439/3732/1 4044/3735/1 4043/3733/1
f 441/3736/1 1241/3737/1 4045/3738/1
f 438/3739/1 4046/3740/1 1238/3741/1
f 438/3739/1 4047/3742/1 4046/3740/1
f 439/3732/1 1239/3734/1 4048/3743/1
f 436/3744/1 4049/3745/1 1236/3746/1
f 436/3744/1 4050/3747/1 4049/3745/1
f 423/3748/1 1223/3749/1 4051/3750/1
f 432/3751/1 4052/3752/1 1232/3753/1
f 432/3751/1 4053/3754/1 4052/3752/1
f 434/3755/1 1234/3756/1 4054/3757/1
f 431/3758/1 4055/3759/1 1231/3760/1
f 431/3758/1 4056/3761/1 4055/3759/1
f 432/3751/1 1232/3753/1 4057/3762/1
f 428/3763/1 4058/3764/1 1228/3765/1
f 428/3763/1 4059/3766/1 4058/3764/1
f 429/3767/1 1229/3768/1 4060/3769/1
f 424/3770/1 4061/3771/1 1224/3772/1
f 424/3770/1 4062/3773/1 4061/3771/1
f 426/3774/1 1226/3775/1 4063/3776/1
f 423/3748/1 4064/3777/1 1223/3749/1
f 423/3748/1 4065/3778/1 4064/3777/1
f 424/3770/1 1224/3772/1 4066/3779/1
f 421/3780/1 4067/3781/1 1221/3782/1
f 421/3780/1 4068/3783/1 4067/3781/1
f 386/3784/1 1186/3785/1 4069/3786/1
f 417/3787/1 4070/3788/1 1217/3789/1
f 417/3787/1 4071/3790/1 4070/3788/1
f 419/3791/1 1219/3792/1 4072/3793/1
f 416/3794/1 4073/3795/1 1216/3796/1
f 416/3794/1 4074/3797/1 4073/3795/1
f 417/3787/1 1217/3789/1 4075/3798/1
f 414/3799/1 4076/3800/1 1214/3801/1
f 414/3799/1 4077/3802/1 4076/3800/1
f 401/3803/1 1201/3804/1 4078/3805/1
f 410/3806/1 4079/3807/1 1210/3808/1
f 410/3806/1 4080/3809/1 4079/3807/1
f 412/3810/1 1212/3811/1 4081/3812/1
f 409/3813/1 4082/3814/1 1209/3815/1
f 409/3813/1 4083/3816/1 4082/3814/1
f 410/3806/1 1210/3808/1 4084/3817/1
f 406/3818/1 4085/3819/1 1206/3820/1
f 406/3818/1 4086/3821/1 4085/3819/1
f 407/3822/1 1207/3823/1 4087/3824/1
f 402/3825/1 4088/3826/1 1202/3827/1
f 402/3825/1 4089/3828/1 4088/3826/1
f 404/3829/1 1204/3830/1 4090/3831/1
f 401/3803/1 4091/3832/1 1201/3804/1
f 401/3803/1 4092/3833/1 4091/3832/1
f 402/3825/1 1202/3827/1 4093/3834/1
f 398/3835/1 4094/3836/1 1198/3837/1
f 398/3835/1 4095/3838/1 4094/3836/1
f 399/3703/1 1199/3705/1 4096/3839/1
f 394/3840/1 4097/3841/1 1194/3842/1
f 394/3840/1 4098/3843/1 4097/3841/1
f 396/3844/1 1196/3845/1 4099/3846/1
f 393/3847/1 4100/3848/1 1193/3849/1
f 393/3847/1 4101/3850/1 4100/3848/1
f 394/3840/1 1194/3842/1 4102/3851/1
f 391/3852/1 4103/3853/1 1191/3854/1
f 391/3852/1 4104/3855/1 4103/3853/1
f 378/3856/1 1178/3857/1 4105/3858/1
f 387/3859/1 4106/3860/1 1187/3861/1
f 387/3859/1 4107/3862/1 4106/3860/1
f 389/3863/1 1189/3864/1 4108/3865/1
f 386/3784/1 4109/3866/1 1186/3785/1
f 386/3784/1 4110/3867/1 4109/3866/1
f 387/3859/1 1187/3861/1 4111/3868/1
f 383/3869/1 4112/3870/1 1183/3871/1
f 383/3869/1 4113/3872/1 4112/3870/1
f 384/3873/1 1184/3874/1 4114/3875/1
f 379/3876/1 4115/3877/1 1179/3878/1
f 379/3876/1 4116/3879/1 4115/3877/1
f 381/3880/1 1181/3881/1 4117/3882/1
f 378/3856/1 4118/3883/1 1178/3857/1
f 378/3856/1 4119/3884/1 4118/3883/1
f 379/3876/1 1179/3878/1 4120/3885/1
f 375/3886/1 4121/3887/1 1175/3888/1
f 375/3886/1 4122/3889/1 4121/3887/1
f 376/3890/1 1176/3891/1 4123/3892/1
f 371/3893/1 4124/3894/1 1171/3895/1
f 371/3893/1 4125/3896/1 4124/3894/1
f 373/3897/1 1173/3898/1 4126/3899/1
f 370/3900/1 4127/3901/1 1170/3902/1
f 370/3900/1 4128/3903/1 4127/3901/1
f 371/3893/1 1171/3895/1 4129/3904/1
f 367/3905/1 4130/3906/1 1167/3907/1
f 367/3905/1 4131/3908/1 4130/3906/1
f 368/3909/1 1168/3910/1 4132/3911/1
f 363/3912/1 4133/3913/1 1163/3914/1
f 363/3912/1 4134/3915/1 4133/3913/1
f 365/3916/1 1165/3917/1 4135/3918/1
f 354/3919/1 4136/3920/1 1154/3921/1
f 354/3919/1 4137/3922/1 4136/3920/1
f 363/3912/1 1163/3914/1 4138/3923/1
f 361/3924/1 4139/3925/1 1161/3926/1
f 361/3924/1 4140/3927/1 4139/3925/1
f 340/3928/1 1140/3929/1 4141/3930/1
f 357/3931/1 4142/3932/1 1157/3933/1
f 357/3931/1 4143/3934/1 4142/3932/1
f 359/3935/1 1159/3936/1 4144/3937/1
f 356/3938/1 4145/3939/1 1156/3940/1
f 356/3938/1 4146/3941/1 4145/3939/1
f 357/3931/1 1157/3933/1 4147/3942/1
f 353/3943/1 4148/3944/1 1153/3945/1
f 353/3943/1 4149/3946/1 4148/3944/1
f 354/3919/1 1154/3921/1 4150/3947/1
f 349/3948/1 4151/3949/1 1149/3950/1
f 349/3948/1 4152/3951/1 4151/3949/1
f 351/3952/1 1151/3953/1 4153/3954/1
f 348/3955/1 4154/3956/1 1148/3957/1
f 348/3955/1 4155/3958/1 4154/3956/1
f 349/3948/1 1149/3950/1 4156/3959/1
f 345/3960/1 4157/3961/1 1145/3962/1
f 345/3960/1 4158/3963/1 4157/3961/1
f 346/3964/1 1146/3965/1 4159/3966/1
f 341/3967/1 4160/3968/1 1141/3969/1
f 341/3967/1 4161/3970/1 4160/3968/1
f 343/3971/1 1143/3972/1 4162/3973/1
f 340/3928/1 4163/3974/1 1140/3929/1
f 340/3928/1 4164/3975/1 4163/3974/1
f 341/3967/1 1141/3969/1 4165/3976/1
f 338/3977/1 4166/3978/1 1138/3979/1
f 338/3977/1 4167/3980/1 4166/3978/1
f 326/3981/1 1126/3982/1 4168/3983/1
f 334/3984/1 4169/3985/1 1134/3986/1
f 334/3984/1 4170/3987/1 4169/3985/1
f 336/3988/1 1136/3989/1 4171/3990/1
f 333/3991/1 4172/3992/1 1133/3993/1
f 333/3991/1 4173/3994/1 4172/3992/1
f 334/3984/1 1134/3986/1 4174/3995/1
f 331/3996/1 4175/3997/1 1131/3998/1
f 331/3996/1 4176/3999/1 4175/3997/1
f 318/4000/1 1118/4001/1 4177/4002/1
f 327/4003/1 4178/4004/1 1127/4005/1
f 327/4003/1 4179/4006/1 4178/4004/1
f 329/4007/1 1129/4008/1 4180/4009/1
f 326/3981/1 4181/4010/1 1126/3982/1
f 326/3981/1 4182/4011/1 4181/4010/1
f 327/4003/1 1127/4005/1 4183/4012/1
f 323/4013/1 4184/4014/1 1123/4015/1
f 323/4013/1 4185/4016/1 4184/4014/1
f 324/4017/1 1124/4018/1 4186/4019/1
f 319/4020/1 4187/4021/1 1119/4022/1
f 319/4020/1 4188/4023/1 4187/4021/1
f 321/4024/1 1121/4025/1 4189/4026/1
f 318/4000/1 4190/4027/1 1118/4001/1
f 318/4000/1 4191/4028/1 4190/4027/1
f 319/4020/1 1119/4022/1 4192/4029/1
f 315/4030/1 4193/4031/1 1115/4032/1
f 315/4030/1 4194/4033/1 4193/4031/1
f 316/4034/1 1116/4035/1 4195/4036/1
f 311/4037/1 4196/4038/1 1111/4039/1
f 311/4037/1 4197/4040/1 4196/4038/1
f 313/4041/1 1113/4042/1 4198/4043/1
f 310/4044/1 4199/4045/1 1110/4046/1
f 310/4044/1 4200/4047/1 4199/4045/1
f 311/4037/1 1111/4039/1 4201/4048/1
f 307/4049/1 4202/4050/1 1107/4051/1
f 307/4049/1 4203/4052/1 4202/4050/1
f 308/4053/1 1108/4054/1 4204/4055/1
f 303/4056/1 4205/4057/1 1103/4058/1
f 303/4056/1 4206/4059/1 4205/4057/1
f 305/4060/1 1105/4061/1 4207/4062/1
f 301/4063/1 4208/4064/1 1101/4065/1
f 301/4063/1 4209/4066/1 4208/4064/1
f 303/4056/1 1103/4058/1 4210/4067/1
f 300/4068/1 4211/4069/1 1100/4070/1
f 300/4068/1 4212/4071/1 4211/4069/1
f 301/4063/1 1101/4065/1 4213/4072/1
f 294/4073/1 4214/4074/1 1094/4075/1
f 294/4073/1 4215/4076/1 4214/4074/1
f 298/4077/1 1098/4078/1 4216/4079/1
f 296/4080/1 4217/4081/1 1096/4082/1
f 296/4080/1 4218/4083/1 4217/4081/1
f 290/4084/1 1090/4085/1 4219/4086/1
f 293/4087/1 4220/4088/1 1093/4089/1
f 293/4087/1 4221/4090/1 4220/4088/1
f 294/4073/1 1094/4075/1 4222/4091/1
f 290/4084/1 4223/4092/1 1090/4085/1
f 290/4084/1 4224/4093/1 4223/4092/1
f 291/4094/1 1091/4095/1 4225/4096/1
f 4225/4096/1 1092/1037/1 292/1036/1
f 4225/4096/1 1091/4095/1 1092/1037/1
f 1091/4095/1 160/1022/1 1092/1037/1
f 4223/4092/1 4225/4096/1 292/1036/1
f 4223/4092/1 4224/4093/1 4225/4096/1
f 4224/4093/1 291/4094/1 4225/4096/1
f 1090/4085/1 1892/1021/1 86/1012/1
f 1090/4085/1 4223/4092/1 1892/1021/1
f 4223/4092/1 292/1036/1 1892/1021/1
f 4222/4091/1 1095/1056/1 295/1055/1
f 4222/4091/1 1094/4075/1 1095/1056/1
f 1094/4075/1 164/1001/1 1095/1056/1
f 4220/4088/1 4222/4091/1 295/1055/1
f 4220/4088/1 4221/4090/1 4222/4091/1
f 4221/4090/1 294/4073/1 4222/4091/1
f 1093/4089/1 1895/1018/1 87/1015/1
f 1093/4089/1 4220/4088/1 1895/1018/1
f 4220/4088/1 295/1055/1 1895/1018/1
f 4219/4086/1 1097/1073/1 297/1072/1
f 4219/4086/1 1090/4085/1 1097/1073/1
f 1090/4085/1 86/1012/1 1097/1073/1
f 4217/4081/1 4219/4086/1 297/1072/1
f 4217/4081/1 4218/4083/1 4219/4086/1
f 4218/4083/1 290/4084/1 4219/4086/1
f 1096/4082/1 1897/1011/1 82/1008/1
f 1096/4082/1 4217/4081/1 1897/1011/1
f 4217/4081/1 297/1072/1 1897/1011/1
f 4216/4079/1 1099/1092/1 299/1091/1
f 4216/4079/1 1098/4078/1 1099/1092/1
f 1098/4078/1 165/1005/1 1099/1092/1
f 4214/4074/1 4216/4079/1 299/1091/1
f 4214/4074/1 4215/4076/1 4216/4079/1
f 4215/4076/1 298/4077/1 4216/4079/1
f 1094/4075/1 1899/1004/1 164/1001/1
f 1094/4075/1 4214/4074/1 1899/1004/1
f 4214/4074/1 299/1091/1 1899/1004/1
f 4213/4072/1 1902/1109/1 302/1108/1
f 4213/4072/1 1101/4065/1 1902/1109/1
f 1101/4065/1 91/991/1 1902/1109/1
f 4211/4069/1 4213/4072/1 302/1108/1
f 4211/4069/1 4212/4071/1 4213/4072/1
f 4212/4071/1 301/4063/1 4213/4072/1
f 1100/4070/1 1102/999/1 94/996/1
f 1100/4070/1 4211/4069/1 1102/999/1
f 4211/4069/1 302/1108/1 1102/999/1
f 4210/4067/1 1104/1128/1 304/1127/1
f 4210/4067/1 1103/4058/1 1104/1128/1
f 1103/4058/1 167/984/1 1104/1128/1
f 4208/4064/1 4210/4067/1 304/1127/1
f 4208/4064/1 4209/4066/1 4210/4067/1
f 4209/4066/1 303/4056/1 4210/4067/1
f 1101/4065/1 1904/994/1 91/991/1
f 1101/4065/1 4208/4064/1 1904/994/1
f 4208/4064/1 304/1127/1 1904/994/1
f 4207/4062/1 1106/1145/1 306/1144/1
f 4207/4062/1 1105/4061/1 1106/1145/1
f 1105/4061/1 168/988/1 1106/1145/1
f 4205/4057/1 4207/4062/1 306/1144/1
f 4205/4057/1 4206/4059/1 4207/4062/1
f 4206/4059/1 305/4060/1 4207/4062/1
f 1103/4058/1 1906/987/1 167/984/1
f 1103/4058/1 4205/4057/1 1906/987/1
f 4205/4057/1 306/1144/1 1906/987/1
f 4204/4055/1 1109/1162/1 309/1161/1
f 4204/4055/1 1108/4054/1 1109/1162/1
f 1108/4054/1 155/981/1 1109/1162/1
f 4202/4050/1 4204/4055/1 309/1161/1
f 4202/4050/1 4203/4052/1 4204/4055/1
f 4203/4052/1 308/4053/1 4204/4055/1
f 1107/4051/1 1909/980/1 97/977/1
f 1107/4051/1 4202/4050/1 1909/980/1
f 4202/4050/1 309/1161/1 1909/980/1
f 4201/4048/1 1112/1181/1 312/1180/1
f 4201/4048/1 1111/4039/1 1112/1181/1
f 1111/4039/1 170/965/1 1112/1181/1
f 4199/4045/1 4201/4048/1 312/1180/1
f 4199/4045/1 4200/4047/1 4201/4048/1
f 4200/4047/1 311/4037/1 4201/4048/1
f 1110/4046/1 1912/975/1 113/972/1
f 1110/4046/1 4199/4045/1 1912/975/1
f 4199/4045/1 312/1180/1 1912/975/1
f 4198/4043/1 1114/1200/1 314/1199/1
f 4198/4043/1 1113/4042/1 1114/1200/1
f 1113/4042/1 171/969/1 1114/1200/1
f 4196/4038/1 4198/4043/1 314/1199/1
f 4196/4038/1 4197/4040/1 4198/4043/1
f 4197/4040/1 313/4041/1 4198/4043/1
f 1111/4039/1 1914/968/1 170/965/1
f 1111/4039/1 4196/4038/1 1914/968/1
f 4196/4038/1 314/1199/1 1914/968/1
f 4195/4036/1 1117/1217/1 317/1216/1
f 4195/4036/1 1116/4035/1 1117/1217/1
f 1116/4035/1 139/962/1 1117/1217/1
f 4193/4031/1 4195/4036/1 317/1216/1
f 4193/4031/1 4194/4033/1 4195/4036/1
f 4194/4033/1 316/4034/1 4195/4036/1
f 1115/4032/1 1917/961/1 116/958/1
f 1115/4032/1 4193/4031/1 1917/961/1
f 4193/4031/1 317/1216/1 1917/961/1
f 4192/4029/1 1120/1236/1 320/1235/1
f 4192/4029/1 1119/4022/1 1120/1236/1
f 1119/4022/1 173/948/1 1120/1236/1
f 4190/4027/1 4192/4029/1 320/1235/1
f 4190/4027/1 4191/4028/1 4192/4029/1
f 4191/4028/1 319/4020/1 4192/4029/1
f 1118/4001/1 1920/956/1 151/928/1
f 1118/4001/1 4190/4027/1 1920/956/1
f 4190/4027/1 320/1235/1 1920/956/1
f 4189/4026/1 1122/1255/1 322/1254/1
f 4189/4026/1 1121/4025/1 1122/1255/1
f 1121/4025/1 174/952/1 1122/1255/1
f 4187/4021/1 4189/4026/1 322/1254/1
f 4187/4021/1 4188/4023/1 4189/4026/1
f 4188/4023/1 321/4024/1 4189/4026/1
f 1119/4022/1 1922/951/1 173/948/1
f 1119/4022/1 4187/4021/1 1922/951/1
f 4187/4021/1 322/1254/1 1922/951/1
f 4186/4019/1 1125/1272/1 325/1271/1
f 4186/4019/1 1124/4018/1 1125/1272/1
f 1124/4018/1 152/945/1 1125/1272/1
f 4184/4014/1 4186/4019/1 325/1271/1
f 4184/4014/1 4185/4016/1 4186/4019/1
f 4185/4016/1 324/4017/1 4186/4019/1
f 1123/4015/1 1925/944/1 119/941/1
f 1123/4015/1 4184/4014/1 1925/944/1
f 4184/4014/1 325/1271/1 1925/944/1
f 4183/4012/1 1128/1291/1 328/1290/1
f 4183/4012/1 1127/4005/1 1128/1291/1
f 1127/4005/1 176/931/1 1128/1291/1
f 4181/4010/1 4183/4012/1 328/1290/1
f 4181/4010/1 4182/4011/1 4183/4012/1
f 4182/4011/1 327/4003/1 4183/4012/1
f 1126/3982/1 1928/939/1 107/909/1
f 1126/3982/1 4181/4010/1 1928/939/1
f 4181/4010/1 328/1290/1 1928/939/1
f 4180/4009/1 1130/1310/1 330/1309/1
f 4180/4009/1 1129/4008/1 1130/1310/1
f 1129/4008/1 177/935/1 1130/1310/1
f 4178/4004/1 4180/4009/1 330/1309/1
f 4178/4004/1 4179/4006/1 4180/4009/1
f 4179/4006/1 329/4007/1 4180/4009/1
f 1127/4005/1 1930/934/1 176/931/1
f 1127/4005/1 4178/4004/1 1930/934/1
f 4178/4004/1 330/1309/1 1930/934/1
f 4177/4002/1 1132/1325/1 332/1324/1
f 4177/4002/1 1118/4001/1 1132/1325/1
f 1118/4001/1 151/928/1 1132/1325/1
f 4175/3997/1 4177/4002/1 332/1324/1
f 4175/3997/1 4176/3999/1 4177/4002/1
f 4176/3999/1 318/4000/1 4177/4002/1
f 1131/3998/1 1932/927/1 122/924/1
f 1131/3998/1 4175/3997/1 1932/927/1
f 4175/3997/1 332/1324/1 1932/927/1
f 4174/3995/1 1135/1344/1 335/1343/1
f 4174/3995/1 1134/3986/1 1135/1344/1
f 1134/3986/1 179/912/1 1135/1344/1
f 4172/3992/1 4174/3995/1 335/1343/1
f 4172/3992/1 4173/3994/1 4174/3995/1
f 4173/3994/1 334/3984/1 4174/3995/1
f 1133/3993/1 1935/922/1 110/919/1
f 1133/3993/1 4172/3992/1 1935/922/1
f 4172/3992/1 335/1343/1 1935/922/1
f 4171/3990/1 1137/1363/1 337/1362/1
f 4171/3990/1 1136/3989/1 1137/1363/1
f 1136/3989/1 180/916/1 1137/1363/1
f 4169/3985/1 4171/3990/1 337/1362/1
f 4169/3985/1 4170/3987/1 4171/3990/1
f 4170/3987/1 336/3988/1 4171/3990/1
f 1134/3986/1 1937/915/1 179/912/1
f 1134/3986/1 4169/3985/1 1937/915/1
f 4169/3985/1 337/1362/1 1937/915/1
f 4168/3983/1 1939/1378/1 339/1377/1
f 4168/3983/1 1126/3982/1 1939/1378/1
f 1126/3982/1 107/909/1 1939/1378/1
f 4166/3978/1 4168/3983/1 339/1377/1
f 4166/3978/1 4167/3980/1 4168/3983/1
f 4167/3980/1 326/3981/1 4168/3983/1
f 1138/3979/1 1139/908/1 125/905/1
f 1138/3979/1 4166/3978/1 1139/908/1
f 4166/3978/1 339/1377/1 1139/908/1
f 4165/3976/1 1142/1397/1 342/1396/1
f 4165/3976/1 1141/3969/1 1142/1397/1
f 1141/3969/1 182/895/1 1142/1397/1
f 4163/3974/1 4165/3976/1 342/1396/1
f 4163/3974/1 4164/3975/1 4165/3976/1
f 4164/3975/1 341/3967/1 4165/3976/1
f 1140/3929/1 1942/903/1 148/856/1
f 1140/3929/1 4163/3974/1 1942/903/1
f 4163/3974/1 342/1396/1 1942/903/1
f 4162/3973/1 1144/1416/1 344/1415/1
f 4162/3973/1 1143/3972/1 1144/1416/1
f 1143/3972/1 183/899/1 1144/1416/1
f 4160/3968/1 4162/3973/1 344/1415/1
f 4160/3968/1 4161/3970/1 4162/3973/1
f 4161/3970/1 343/3971/1 4162/3973/1
f 1141/3969/1 1944/898/1 182/895/1
f 1141/3969/1 4160/3968/1 1944/898/1
f 4160/3968/1 344/1415/1 1944/898/1
f 4159/3966/1 1147/1433/1 347/1432/1
f 4159/3966/1 1146/3965/1 1147/1433/1
f 1146/3965/1 149/892/1 1147/1433/1
f 4157/3961/1 4159/3966/1 347/1432/1
f 4157/3961/1 4158/3963/1 4159/3966/1
f 4158/3963/1 346/3964/1 4159/3966/1
f 1145/3962/1 1947/891/1 128/888/1
f 1145/3962/1 4157/3961/1 1947/891/1
f 4157/3961/1 347/1432/1 1947/891/1
f 4156/3959/1 1150/1452/1 350/1451/1
f 4156/3959/1 1149/3950/1 1150/1452/1
f 1149/3950/1 185/876/1 1150/1452/1
f 4154/3956/1 4156/3959/1 350/1451/1
f 4154/3956/1 4155/3958/1 4156/3959/1
f 4155/3958/1 349/3948/1 4156/3959/1
f 1148/3957/1 1950/886/1 98/883/1
f 1148/3957/1 4154/3956/1 1950/886/1
f 4154/3956/1 350/1451/1 1950/886/1
f 4153/3954/1 1152/1471/1 352/1470/1
f 4153/3954/1 1151/3953/1 1152/1471/1
f 1151/3953/1 186/880/1 1152/1471/1
f 4151/3949/1 4153/3954/1 352/1470/1
f 4151/3949/1 4152/3951/1 4153/3954/1
f 4152/3951/1 351/3952/1 4153/3954/1
f 1149/3950/1 1952/879/1 185/876/1
f 1149/3950/1 4151/3949/1 1952/879/1
f 4151/3949/1 352/1470/1 1952/879/1
f 4150/3947/1 1955/1488/1 355/1487/1
f 4150/3947/1 1154/3921/1 1955/1488/1
f 1154/3921/1 102/847/1 1955/1488/1
f 4148/3944/1 4150/3947/1 355/1487/1
f 4148/3944/1 4149/3946/1 4150/3947/1
f 4149/3946/1 354/3919/1 4150/3947/1
f 1153/3945/1 1155/874/1 131/871/1
f 1153/3945/1 4148/3944/1 1155/874/1
f 4148/3944/1 355/1487/1 1155/874/1
f 4147/3942/1 1158/1507/1 358/1506/1
f 4147/3942/1 1157/3933/1 1158/1507/1
f 1157/3933/1 188/859/1 1158/1507/1
f 4145/3939/1 4147/3942/1 358/1506/1
f 4145/3939/1 4146/3941/1 4147/3942/1
f 4146/3941/1 357/3931/1 4147/3942/1
f 1156/3940/1 1958/869/1 103/866/1
f 1156/3940/1 4145/3939/1 1958/869/1
f 4145/3939/1 358/1506/1 1958/869/1
f 4144/3937/1 1160/1526/1 360/1525/1
f 4144/3937/1 1159/3936/1 1160/1526/1
f 1159/3936/1 189/863/1 1160/1526/1
f 4142/3932/1 4144/3937/1 360/1525/1
f 4142/3932/1 4143/3934/1 4144/3937/1
f 4143/3934/1 359/3935/1 4144/3937/1
f 1157/3933/1 1960/862/1 188/859/1
f 1157/3933/1 4142/3932/1 1960/862/1
f 4142/3932/1 360/1525/1 1960/862/1
f 4141/3930/1 1162/1541/1 362/1540/1
f 4141/3930/1 1140/3929/1 1162/1541/1
f 1140/3929/1 148/856/1 1162/1541/1
f 4139/3925/1 4141/3930/1 362/1540/1
f 4139/3925/1 4140/3927/1 4141/3930/1
f 4140/3927/1 340/3928/1 4141/3930/1
f 1161/3926/1 1962/855/1 134/852/1
f 1161/3926/1 4139/3925/1 1962/855/1
f 4139/3925/1 362/1540/1 1962/855/1
f 4138/3923/1 1164/1560/1 364/1559/1
f 4138/3923/1 1163/3914/1 1164/1560/1
f 1163/3914/1 191/840/1 1164/1560/1
f 4136/3920/1 4138/3923/1 364/1559/1
f 4136/3920/1 4137/3922/1 4138/3923/1
f 4137/3922/1 363/3912/1 4138/3923/1
f 1154/3921/1 1964/850/1 102/847/1
f 1154/3921/1 4136/3920/1 1964/850/1
f 4136/3920/1 364/1559/1 1964/850/1
f 4135/3918/1 1166/1577/1 366/1576/1
f 4135/3918/1 1165/3917/1 1166/1577/1
f 1165/3917/1 192/844/1 1166/1577/1
f 4133/3913/1 4135/3918/1 366/1576/1
f 4133/3913/1 4134/3915/1 4135/3918/1
f 4134/3915/1 365/3916/1 4135/3918/1
f 1163/3914/1 1966/843/1 191/840/1
f 1163/3914/1 4133/3913/1 1966/843/1
f 4133/3913/1 366/1576/1 1966/843/1
f 4132/3911/1 1169/1594/1 369/1593/1
f 4132/3911/1 1168/3910/1 1169/1594/1
f 1168/3910/1 144/837/1 1169/1594/1
f 4130/3906/1 4132/3911/1 369/1593/1
f 4130/3906/1 4131/3908/1 4132/3911/1
f 4131/3908/1 368/3909/1 4132/3911/1
f 1167/3907/1 1969/836/1 137/833/1
f 1167/3907/1 4130/3906/1 1969/836/1
f 4130/3906/1 369/1593/1 1969/836/1
f 4129/3904/1 1172/1613/1 372/1612/1
f 4129/3904/1 1171/3895/1 1172/1613/1
f 1171/3895/1 194/821/1 1172/1613/1
f 4127/3901/1 4129/3904/1 372/1612/1
f 4127/3901/1 4128/3903/1 4129/3904/1
f 4128/3903/1 371/3893/1 4129/3904/1
f 1170/3902/1 1972/831/1 193/828/1
f 1170/3902/1 4127/3901/1 1972/831/1
f 4127/3901/1 372/1612/1 1972/831/1
f 4126/3899/1 1174/1632/1 374/1631/1
f 4126/3899/1 1173/3898/1 1174/1632/1
f 1173/3898/1 195/825/1 1174/1632/1
f 4124/3894/1 4126/3899/1 374/1631/1
f 4124/3894/1 4125/3896/1 4126/3899/1
f 4125/3896/1 373/3897/1 4126/3899/1
f 1171/3895/1 1974/824/1 194/821/1
f 1171/3895/1 4124/3894/1 1974/824/1
f 4124/3894/1 374/1631/1 1974/824/1
f 4123/3892/1 1977/1649/1 377/1648/1
f 4123/3892/1 1176/3891/1 1977/1649/1
f 1176/3891/1 88/818/1 1977/1649/1
f 4121/3887/1 4123/3892/1 377/1648/1
f 4121/3887/1 4122/3889/1 4123/3892/1
f 4122/3889/1 376/3890/1 4123/3892/1
f 1175/3888/1 1177/817/1 196/814/1
f 1175/3888/1 4121/3887/1 1177/817/1
f 4121/3887/1 377/1648/1 1177/817/1
f 4120/3885/1 1180/1668/1 380/1667/1
f 4120/3885/1 1179/3878/1 1180/1668/1
f 1179/3878/1 197/804/1 1180/1668/1
f 4118/3883/1 4120/3885/1 380/1667/1
f 4118/3883/1 4119/3884/1 4120/3885/1
f 4119/3884/1 379/3876/1 4120/3885/1
f 1178/3857/1 1980/812/1 135/784/1
f 1178/3857/1 4118/3883/1 1980/812/1
f 4118/3883/1 380/1667/1 1980/812/1
f 4117/3882/1 1182/1687/1 382/1686/1
f 4117/3882/1 1181/3881/1 1182/1687/1
f 1181/3881/1 198/808/1 1182/1687/1
f 4115/3877/1 4117/3882/1 382/1686/1
f 4115/3877/1 4116/3879/1 4117/3882/1
f 4116/3879/1 381/3880/1 4117/3882/1
f 1179/3878/1 1982/807/1 197/804/1
f 1179/3878/1 4115/3877/1 1982/807/1
f 4115/3877/1 382/1686/1 1982/807/1
f 4114/3875/1 1985/1704/1 385/1703/1
f 4114/3875/1 1184/3874/1 1985/1704/1
f 1184/3874/1 136/801/1 1985/1704/1
f 4112/3870/1 4114/3875/1 385/1703/1
f 4112/3870/1 4113/3872/1 4114/3875/1
f 4113/3872/1 384/3873/1 4114/3875/1
f 1183/3871/1 1185/800/1 199/797/1
f 1183/3871/1 4112/3870/1 1185/800/1
f 4112/3870/1 385/1703/1 1185/800/1
f 4111/3868/1 1188/1723/1 388/1722/1
f 4111/3868/1 1187/3861/1 1188/1723/1
f 1187/3861/1 200/787/1 1188/1723/1
f 4109/3866/1 4111/3868/1 388/1722/1
f 4109/3866/1 4110/3867/1 4111/3868/1
f 4110/3867/1 387/3859/1 4111/3868/1
f 1186/3785/1 1988/795/1 158/712/1
f 1186/3785/1 4109/3866/1 1988/795/1
f 4109/3866/1 388/1722/1 1988/795/1
f 4108/3865/1 1190/1742/1 390/1741/1
f 4108/3865/1 1189/3864/1 1190/1742/1
f 1189/3864/1 201/791/1 1190/1742/1
f 4106/3860/1 4108/3865/1 390/1741/1
f 4106/3860/1 4107/3862/1 4108/3865/1
f 4107/3862/1 389/3863/1 4108/3865/1
f 1187/3861/1 1990/790/1 200/787/1
f 1187/3861/1 4106/3860/1 1990/790/1
f 4106/3860/1 390/1741/1 1990/790/1
f 4105/3858/1 1992/1757/1 392/1756/1
f 4105/3858/1 1178/3857/1 1992/1757/1
f 1178/3857/1 135/784/1 1992/1757/1
f 4103/3853/1 4105/3858/1 392/1756/1
f 4103/3853/1 4104/3855/1 4105/3858/1
f 4104/3855/1 378/3856/1 4105/3858/1
f 1191/3854/1 1192/783/1 202/780/1
f 1191/3854/1 4103/3853/1 1192/783/1
f 4103/3853/1 392/1756/1 1192/783/1
f 4102/3851/1 1195/1776/1 395/1775/1
f 4102/3851/1 1194/3842/1 1195/1776/1
f 1194/3842/1 203/768/1 1195/1776/1
f 4100/3848/1 4102/3851/1 395/1775/1
f 4100/3848/1 4101/3850/1 4102/3851/1
f 4101/3850/1 394/3840/1 4102/3851/1
f 1193/3849/1 1995/778/1 190/775/1
f 1193/3849/1 4100/3848/1 1995/778/1
f 4100/3848/1 395/1775/1 1995/778/1
f 4099/3846/1 1197/1795/1 397/1794/1
f 4099/3846/1 1196/3845/1 1197/1795/1
f 1196/3845/1 204/772/1 1197/1795/1
f 4097/3841/1 4099/3846/1 397/1794/1
f 4097/3841/1 4098/3843/1 4099/3846/1
f 4098/3843/1 396/3844/1 4099/3846/1
f 1194/3842/1 1997/771/1 203/768/1
f 1194/3842/1 4097/3841/1 1997/771/1
f 4097/3841/1 397/1794/1 1997/771/1
f 4096/3839/1 2000/1812/1 400/1811/1
f 4096/3839/1 1199/3705/1 2000/1812/1
f 1199/3705/1 92/631/1 2000/1812/1
f 4094/3836/1 4096/3839/1 400/1811/1
f 4094/3836/1 4095/3838/1 4096/3839/1
f 4095/3838/1 399/3703/1 4096/3839/1
f 1198/3837/1 1200/766/1 205/763/1
f 1198/3837/1 4094/3836/1 1200/766/1
f 4094/3836/1 400/1811/1 1200/766/1
f 4093/3834/1 1203/1831/1 403/1830/1
f 4093/3834/1 1202/3827/1 1203/1831/1
f 1202/3827/1 206/753/1 1203/1831/1
f 4091/3832/1 4093/3834/1 403/1830/1
f 4091/3832/1 4092/3833/1 4093/3834/1
f 4092/3833/1 402/3825/1 4093/3834/1
f 1201/3804/1 2003/761/1 132/731/1
f 1201/3804/1 4091/3832/1 2003/761/1
f 4091/3832/1 403/1830/1 2003/761/1
f 4090/3831/1 1205/1850/1 405/1849/1
f 4090/3831/1 1204/3830/1 1205/1850/1
f 1204/3830/1 207/757/1 1205/1850/1
f 4088/3826/1 4090/3831/1 405/1849/1
f 4088/3826/1 4089/3828/1 4090/3831/1
f 4089/3828/1 404/3829/1 4090/3831/1
f 1202/3827/1 2005/756/1 206/753/1
f 1202/3827/1 4088/3826/1 2005/756/1
f 4088/3826/1 405/1849/1 2005/756/1
f 4087/3824/1 2008/1867/1 408/1866/1
f 4087/3824/1 1207/3823/1 2008/1867/1
f 1207/3823/1 133/750/1 2008/1867/1
f 4085/3819/1 4087/3824/1 408/1866/1
f 4085/3819/1 4086/3821/1 4087/3824/1
f 4086/3821/1 407/3822/1 4087/3824/1
f 1206/3820/1 1208/749/1 208/746/1
f 1206/3820/1 4085/3819/1 1208/749/1
f 4085/3819/1 408/1866/1 1208/749/1
f 4084/3817/1 1211/1886/1 411/1885/1
f 4084/3817/1 1210/3808/1 1211/1886/1
f 1210/3808/1 209/734/1 1211/1886/1
f 4082/3814/1 4084/3817/1 411/1885/1
f 4082/3814/1 4083/3816/1 4084/3817/1
f 4083/3816/1 410/3806/1 4084/3817/1
f 1209/3815/1 2011/744/1 159/741/1
f 1209/3815/1 4082/3814/1 2011/744/1
f 4082/3814/1 411/1885/1 2011/744/1
f 4081/3812/1 1213/1905/1 413/1904/1
f 4081/3812/1 1212/3811/1 1213/1905/1
f 1212/3811/1 210/738/1 1213/1905/1
f 4079/3807/1 4081/3812/1 413/1904/1
f 4079/3807/1 4080/3809/1 4081/3812/1
f 4080/3809/1 412/3810/1 4081/3812/1
f 1210/3808/1 2013/737/1 209/734/1
f 1210/3808/1 4079/3807/1 2013/737/1
f 4079/3807/1 413/1904/1 2013/737/1
f 4078/3805/1 2015/1920/1 415/1919/1
f 4078/3805/1 1201/3804/1 2015/1920/1
f 1201/3804/1 132/731/1 2015/1920/1
f 4076/3800/1 4078/3805/1 415/1919/1
f 4076/3800/1 4077/3802/1 4078/3805/1
f 4077/3802/1 401/3803/1 4078/3805/1
f 1214/3801/1 1215/730/1 211/727/1
f 1214/3801/1 4076/3800/1 1215/730/1
f 4076/3800/1 415/1919/1 1215/730/1
f 4075/3798/1 1218/1939/1 418/1938/1
f 4075/3798/1 1217/3789/1 1218/1939/1
f 1217/3789/1 212/715/1 1218/1939/1
f 4073/3795/1 4075/3798/1 418/1938/1
f 4073/3795/1 4074/3797/1 4075/3798/1
f 4074/3797/1 417/3787/1 4075/3798/1
f 1216/3796/1 2018/725/1 187/722/1
f 1216/3796/1 4073/3795/1 2018/725/1
f 4073/3795/1 418/1938/1 2018/725/1
f 4072/3793/1 1220/1958/1 420/1957/1
f 4072/3793/1 1219/3792/1 1220/1958/1
f 1219/3792/1 213/719/1 1220/1958/1
f 4070/3788/1 4072/3793/1 420/1957/1
f 4070/3788/1 4071/3790/1 4072/3793/1
f 4071/3790/1 419/3791/1 4072/3793/1
f 1217/3789/1 2020/718/1 212/715/1
f 1217/3789/1 4070/3788/1 2020/718/1
f 4070/3788/1 420/1957/1 2020/718/1
f 4069/3786/1 2022/1973/1 422/1972/1
f 4069/3786/1 1186/3785/1 2022/1973/1
f 1186/3785/1 158/712/1 2022/1973/1
f 4067/3781/1 4069/3786/1 422/1972/1
f 4067/3781/1 4068/3783/1 4069/3786/1
f 4068/3783/1 386/3784/1 4069/3786/1
f 1221/3782/1 1222/711/1 214/708/1
f 1221/3782/1 4067/3781/1 1222/711/1
f 4067/3781/1 422/1972/1 1222/711/1
f 4066/3779/1 1225/1992/1 425/1991/1
f 4066/3779/1 1224/3772/1 1225/1992/1
f 1224/3772/1 215/698/1 1225/1992/1
f 4064/3777/1 4066/3779/1 425/1991/1
f 4064/3777/1 4065/3778/1 4066/3779/1
f 4065/3778/1 424/3770/1 4066/3779/1
f 1223/3749/1 2025/706/1 129/676/1
f 1223/3749/1 4064/3777/1 2025/706/1
f 4064/3777/1 425/1991/1 2025/706/1
f 4063/3776/1 1227/2011/1 427/2010/1
f 4063/3776/1 1226/3775/1 1227/2011/1
f 1226/3775/1 216/702/1 1227/2011/1
f 4061/3771/1 4063/3776/1 427/2010/1
f 4061/3771/1 4062/3773/1 4063/3776/1
f 4062/3773/1 426/3774/1 4063/3776/1
f 1224/3772/1 2027/701/1 215/698/1
f 1224/3772/1 4061/3771/1 2027/701/1
f 4061/3771/1 427/2010/1 2027/701/1
f 4060/3769/1 2030/2028/1 430/2027/1
f 4060/3769/1 1229/3768/1 2030/2028/1
f 1229/3768/1 130/695/1 2030/2028/1
f 4058/3764/1 4060/3769/1 430/2027/1
f 4058/3764/1 4059/3766/1 4060/3769/1
f 4059/3766/1 429/3767/1 4060/3769/1
f 1228/3765/1 1230/694/1 217/691/1
f 1228/3765/1 4058/3764/1 1230/694/1
f 4058/3764/1 430/2027/1 1230/694/1
f 4057/3762/1 1233/2047/1 433/2046/1
f 4057/3762/1 1232/3753/1 1233/2047/1
f 1232/3753/1 218/679/1 1233/2047/1
f 4055/3759/1 4057/3762/1 433/2046/1
f 4055/3759/1 4056/3761/1 4057/3762/1
f 4056/3761/1 432/3751/1 4057/3762/1
f 1231/3760/1 2033/689/1 154/686/1
f 1231/3760/1 4055/3759/1 2033/689/1
f 4055/3759/1 433/2046/1 2033/689/1
f 4054/3757/1 1235/2066/1 435/2065/1
f 4054/3757/1 1234/3756/1 1235/2066/1
f 1234/3756/1 219/683/1 1235/2066/1
f 4052/3752/1 4054/3757/1 435/2065/1
f 4052/3752/1 4053/3754/1 4054/3757/1
f 4053/3754/1 434/3755/1 4054/3757/1
f 1232/3753/1 2035/682/1 218/679/1
f 1232/3753/1 4052/3752/1 2035/682/1
f 4052/3752/1 435/2065/1 2035/682/1
f 4051/3750/1 2037/2081/1 437/2080/1
f 4051/3750/1 1223/3749/1 2037/2081/1
f 1223/3749/1 129/676/1 2037/2081/1
f 4049/3745/1 4051/3750/1 437/2080/1
f 4049/3745/1 4050/3747/1 4051/3750/1
f 4050/3747/1 423/3748/1 4051/3750/1
f 1236/3746/1 1237/675/1 220/672/1
f 1236/3746/1 4049/3745/1 1237/675/1
f 4049/3745/1 437/2080/1 1237/675/1
f 4048/3743/1 1240/2100/1 440/2099/1
f 4048/3743/1 1239/3734/1 1240/2100/1
f 1239/3734/1 221/660/1 1240/2100/1
f 4046/3740/1 4048/3743/1 440/2099/1
f 4046/3740/1 4047/3742/1 4048/3743/1
f 4047/3742/1 439/3732/1 4048/3743/1
f 1238/3741/1 2040/670/1 184/667/1
f 1238/3741/1 4046/3740/1 2040/670/1
f 4046/3740/1 440/2099/1 2040/670/1
f 4045/3738/1 1242/2119/1 442/2118/1
f 4045/3738/1 1241/3737/1 1242/2119/1
f 1241/3737/1 222/664/1 1242/2119/1
f 4043/3733/1 4045/3738/1 442/2118/1
f 4043/3733/1 4044/3735/1 4045/3738/1
f 4044/3735/1 441/3736/1 4045/3738/1
f 1239/3734/1 2042/663/1 221/660/1
f 1239/3734/1 4043/3733/1 2042/663/1
f 4043/3733/1 442/2118/1 2042/663/1
f 4042/3731/1 2045/2136/1 445/2135/1
f 4042/3731/1 1244/3730/1 2045/2136/1
f 1244/3730/1 93/657/1 2045/2136/1
f 4040/3726/1 4042/3731/1 445/2135/1
f 4040/3726/1 4041/3728/1 4042/3731/1
f 4041/3728/1 444/3729/1 4042/3731/1
f 1243/3727/1 1245/656/1 223/653/1
f 1243/3727/1 4040/3726/1 1245/656/1
f 4040/3726/1 445/2135/1 1245/656/1
f 4039/3724/1 1248/2155/1 448/2154/1
f 4039/3724/1 1247/3717/1 1248/2155/1
f 1247/3717/1 224/643/1 1248/2155/1
f 4037/3722/1 4039/3724/1 448/2154/1
f 4037/3722/1 4038/3723/1 4039/3724/1
f 4038/3723/1 447/3715/1 4039/3724/1
f 1246/3694/1 2048/651/1 126/621/1
f 1246/3694/1 4037/3722/1 2048/651/1
f 4037/3722/1 448/2154/1 2048/651/1
f 4036/3721/1 1250/2174/1 450/2173/1
f 4036/3721/1 1249/3720/1 1250/2174/1
f 1249/3720/1 225/647/1 1250/2174/1
f 4034/3716/1 4036/3721/1 450/2173/1
f 4034/3716/1 4035/3718/1 4036/3721/1
f 4035/3718/1 449/3719/1 4036/3721/1
f 1247/3717/1 2050/646/1 224/643/1
f 1247/3717/1 4034/3716/1 2050/646/1
f 4034/3716/1 450/2173/1 2050/646/1
f 4033/3714/1 2053/2191/1 453/2190/1
f 4033/3714/1 1252/3713/1 2053/2191/1
f 1252/3713/1 127/640/1 2053/2191/1
f 4031/3709/1 4033/3714/1 453/2190/1
f 4031/3709/1 4032/3711/1 4033/3714/1
f 4032/3711/1 452/3712/1 4033/3714/1
f 1251/3710/1 1253/639/1 226/636/1
f 1251/3710/1 4031/3709/1 1253/639/1
f 4031/3709/1 453/2190/1 1253/639/1
f 4030/3707/1 1255/2210/1 455/2209/1
f 4030/3707/1 1254/3698/1 1255/2210/1
f 1254/3698/1 227/624/1 1255/2210/1
f 4028/3704/1 4030/3707/1 455/2209/1
f 4028/3704/1 4029/3706/1 4030/3707/1
f 4029/3706/1 454/3696/1 4030/3707/1
f 1199/3705/1 2055/634/1 92/631/1
f 1199/3705/1 4028/3704/1 2055/634/1
f 4028/3704/1 455/2209/1 2055/634/1
f 4027/3702/1 1257/2227/1 457/2226/1
f 4027/3702/1 1256/3701/1 1257/2227/1
f 1256/3701/1 228/628/1 1257/2227/1
f 4025/3697/1 4027/3702/1 457/2226/1
f 4025/3697/1 4026/3699/1 4027/3702/1
f 4026/3699/1 456/3700/1 4027/3702/1
f 1254/3698/1 2057/627/1 227/624/1
f 1254/3698/1 4025/3697/1 2057/627/1
f 4025/3697/1 457/2226/1 2057/627/1
f 4024/3695/1 2059/2242/1 459/2241/1
f 4024/3695/1 1246/3694/1 2059/2242/1
f 1246/3694/1 126/621/1 2059/2242/1
f 4022/3690/1 4024/3695/1 459/2241/1
f 4022/3690/1 4023/3692/1 4024/3695/1
f 4023/3692/1 446/3693/1 4024/3695/1
f 1258/3691/1 1259/620/1 229/617/1
f 1258/3691/1 4022/3690/1 1259/620/1
f 4022/3690/1 459/2241/1 1259/620/1
f 4021/3688/1 1262/2261/1 462/2260/1
f 4021/3688/1 1261/3679/1 1262/2261/1
f 1261/3679/1 230/605/1 1262/2261/1
f 4019/3685/1 4021/3688/1 462/2260/1
f 4019/3685/1 4020/3687/1 4021/3688/1
f 4020/3687/1 461/3677/1 4021/3688/1
f 1260/3686/1 2062/615/1 181/612/1
f 1260/3686/1 4019/3685/1 2062/615/1
f 4019/3685/1 462/2260/1 2062/615/1
f 4018/3683/1 1264/2280/1 464/2279/1
f 4018/3683/1 1263/3682/1 1264/2280/1
f 1263/3682/1 231/609/1 1264/2280/1
f 4016/3678/1 4018/3683/1 464/2279/1
f 4016/3678/1 4017/3680/1 4018/3683/1
f 4017/3680/1 463/3681/1 4018/3683/1
f 1261/3679/1 2064/608/1 230/605/1
f 1261/3679/1 4016/3678/1 2064/608/1
f 4016/3678/1 464/2279/1 2064/608/1
f 4015/3676/1 2067/2297/1 467/2296/1
f 4015/3676/1 1266/3599/1 2067/2297/1
f 1266/3599/1 163/525/1 2067/2297/1
f 4013/3673/1 4015/3676/1 467/2296/1
f 4013/3673/1 4014/3675/1 4015/3676/1
f 4014/3675/1 466/3597/1 4015/3676/1
f 1265/3674/1 1267/603/1 232/600/1
f 1265/3674/1 4013/3673/1 1267/603/1
f 4013/3673/1 467/2296/1 1267/603/1
f 4012/3671/1 1270/2316/1 470/2315/1
f 4012/3671/1 1269/3664/1 1270/2316/1
f 1269/3664/1 233/590/1 1270/2316/1
f 4010/3669/1 4012/3671/1 470/2315/1
f 4010/3669/1 4011/3670/1 4012/3671/1
f 4011/3670/1 469/3662/1 4012/3671/1
f 1268/3641/1 2070/598/1 123/568/1
f 1268/3641/1 4010/3669/1 2070/598/1
f 4010/3669/1 470/2315/1 2070/598/1
f 4009/3668/1 1272/2335/1 472/2334/1
f 4009/3668/1 1271/3667/1 1272/2335/1
f 1271/3667/1 234/594/1 1272/2335/1
f 4007/3663/1 4009/3668/1 472/2334/1
f 4007/3663/1 4008/3665/1 4009/3668/1
f 4008/3665/1 471/3666/1 4009/3668/1
f 1269/3664/1 2072/593/1 233/590/1
f 1269/3664/1 4007/3663/1 2072/593/1
f 4007/3663/1 472/2334/1 2072/593/1
f 4006/3661/1 2075/2352/1 475/2351/1
f 4006/3661/1 1274/3660/1 2075/2352/1
f 1274/3660/1 124/587/1 2075/2352/1
f 4004/3656/1 4006/3661/1 475/2351/1
f 4004/3656/1 4005/3658/1 4006/3661/1
f 4005/3658/1 474/3659/1 4006/3661/1
f 1273/3657/1 1275/586/1 235/583/1
f 1273/3657/1 4004/3656/1 1275/586/1
f 4004/3656/1 475/2351/1 1275/586/1
f 4003/3654/1 1278/2371/1 478/2370/1
f 4003/3654/1 1277/3645/1 1278/2371/1
f 1277/3645/1 236/571/1 1278/2371/1
f 4001/3651/1 4003/3654/1 478/2370/1
f 4001/3651/1 4002/3653/1 4003/3654/1
f 4002/3653/1 477/3643/1 4003/3654/1
f 1276/3652/1 2078/581/1 166/578/1
f 1276/3652/1 4001/3651/1 2078/581/1
f 4001/3651/1 478/2370/1 2078/581/1
f 4000/3649/1 1280/2390/1 480/2389/1
f 4000/3649/1 1279/3648/1 1280/2390/1
f 1279/3648/1 237/575/1 1280/2390/1
f 3998/3644/1 4000/3649/1 480/2389/1
f 3998/3644/1 3999/3646/1 4000/3649/1
f 3999/3646/1 479/3647/1 4000/3649/1
f 1277/3645/1 2080/574/1 236/571/1
f 1277/3645/1 3998/3644/1 2080/574/1
f 3998/3644/1 480/2389/1 2080/574/1
f 3997/3642/1 2082/2405/1 482/2404/1
f 3997/3642/1 1268/3641/1 2082/2405/1
f 1268/3641/1 123/568/1 2082/2405/1
f 3995/3637/1 3997/3642/1 482/2404/1
f 3995/3637/1 3996/3639/1 3997/3642/1
f 3996/3639/1 468/3640/1 3997/3642/1
f 1281/3638/1 1282/567/1 238/564/1
f 1281/3638/1 3995/3637/1 1282/567/1
f 3995/3637/1 482/2404/1 1282/567/1
f 3994/3635/1 1285/2424/1 485/2423/1
f 3994/3635/1 1284/3626/1 1285/2424/1
f 1284/3626/1 239/552/1 1285/2424/1
f 3992/3632/1 3994/3635/1 485/2423/1
f 3992/3632/1 3993/3634/1 3994/3635/1
f 3993/3634/1 484/3624/1 3994/3635/1
f 1283/3633/1 2085/562/1 178/559/1
f 1283/3633/1 3992/3632/1 2085/562/1
f 3992/3632/1 485/2423/1 2085/562/1
f 3991/3630/1 1287/2443/1 487/2442/1
f 3991/3630/1 1286/3629/1 1287/2443/1
f 1286/3629/1 240/556/1 1287/2443/1
f 3989/3625/1 3991/3630/1 487/2442/1
f 3989/3625/1 3990/3627/1 3991/3630/1
f 3990/3627/1 486/3628/1 3991/3630/1
f 1284/3626/1 2087/555/1 239/552/1
f 1284/3626/1 3989/3625/1 2087/555/1
f 3989/3625/1 487/2442/1 2087/555/1
f 3988/3623/1 2090/2460/1 490/2459/1
f 3988/3623/1 1289/3544/1 2090/2460/1
f 1289/3544/1 95/470/1 2090/2460/1
f 3986/3620/1 3988/3623/1 490/2459/1
f 3986/3620/1 3987/3622/1 3988/3623/1
f 3987/3622/1 489/3542/1 3988/3623/1
f 1288/3621/1 1290/550/1 241/547/1
f 1288/3621/1 3986/3620/1 1290/550/1
f 3986/3620/1 490/2459/1 1290/550/1
f 3985/3618/1 1293/2479/1 493/2478/1
f 3985/3618/1 1292/3611/1 1293/2479/1
f 1292/3611/1 242/537/1 1293/2479/1
f 3983/3616/1 3985/3618/1 493/2478/1
f 3983/3616/1 3984/3617/1 3985/3618/1
f 3984/3617/1 492/3609/1 3985/3618/1
f 1291/3588/1 2093/545/1 120/515/1
f 1291/3588/1 3983/3616/1 2093/545/1
f 3983/3616/1 493/2478/1 2093/545/1
f 3982/3615/1 1295/2498/1 495/2497/1
f 3982/3615/1 1294/3614/1 1295/2498/1
f 1294/3614/1 243/541/1 1295/2498/1
f 3980/3610/1 3982/3615/1 495/2497/1
f 3980/3610/1 3981/3612/1 3982/3615/1
f 3981/3612/1 494/3613/1 3982/3615/1
f 1292/3611/1 2095/540/1 242/537/1
f 1292/3611/1 3980/3610/1 2095/540/1
f 3980/3610/1 495/2497/1 2095/540/1
f 3979/3608/1 2098/2515/1 498/2514/1
f 3979/3608/1 1297/3607/1 2098/2515/1
f 1297/3607/1 121/534/1 2098/2515/1
f 3977/3603/1 3979/3608/1 498/2514/1
f 3977/3603/1 3978/3605/1 3979/3608/1
f 3978/3605/1 497/3606/1 3979/3608/1
f 1296/3604/1 1298/533/1 244/530/1
f 1296/3604/1 3977/3603/1 1298/533/1
f 3977/3603/1 498/2514/1 1298/533/1
f 3976/3601/1 1300/2534/1 500/2533/1
f 3976/3601/1 1299/3592/1 1300/2534/1
f 1299/3592/1 245/518/1 1300/2534/1
f 3974/3598/1 3976/3601/1 500/2533/1
f 3974/3598/1 3975/3600/1 3976/3601/1
f 3975/3600/1 499/3590/1 3976/3601/1
f 1266/3599/1 2100/528/1 163/525/1
f 1266/3599/1 3974/3598/1 2100/528/1
f 3974/3598/1 500/2533/1 2100/528/1
f 3973/3596/1 1302/2551/1 502/2550/1
f 3973/3596/1 1301/3595/1 1302/2551/1
f 1301/3595/1 246/522/1 1302/2551/1
f 3971/3591/1 3973/3596/1 502/2550/1
f 3971/3591/1 3972/3593/1 3973/3596/1
f 3972/3593/1 501/3594/1 3973/3596/1
f 1299/3592/1 2102/521/1 245/518/1
f 1299/3592/1 3971/3591/1 2102/521/1
f 3971/3591/1 502/2550/1 2102/521/1
f 3970/3589/1 2104/2566/1 504/2565/1
f 3970/3589/1 1291/3588/1 2104/2566/1
f 1291/3588/1 120/515/1 2104/2566/1
f 3968/3584/1 3970/3589/1 504/2565/1
f 3968/3584/1 3969/3586/1 3970/3589/1
f 3969/3586/1 491/3587/1 3970/3589/1
f 1303/3585/1 1304/514/1 247/511/1
f 1303/3585/1 3968/3584/1 1304/514/1
f 3968/3584/1 504/2565/1 1304/514/1
f 3967/3582/1 1307/2585/1 507/2584/1
f 3967/3582/1 1306/3573/1 1307/2585/1
f 1306/3573/1 248/499/1 1307/2585/1
f 3965/3579/1 3967/3582/1 507/2584/1
f 3965/3579/1 3966/3581/1 3967/3582/1
f 3966/3581/1 506/3571/1 3967/3582/1
f 1305/3580/1 2107/509/1 175/506/1
f 1305/3580/1 3965/3579/1 2107/509/1
f 3965/3579/1 507/2584/1 2107/509/1
f 3964/3577/1 1309/2604/1 509/2603/1
f 3964/3577/1 1308/3576/1 1309/2604/1
f 1308/3576/1 249/503/1 1309/2604/1
f 3962/3572/1 3964/3577/1 509/2603/1
f 3962/3572/1 3963/3574/1 3964/3577/1
f 3963/3574/1 508/3575/1 3964/3577/1
f 1306/3573/1 2109/502/1 248/499/1
f 1306/3573/1 3962/3572/1 2109/502/1
f 3962/3572/1 509/2603/1 2109/502/1
f 3961/3570/1 2112/2621/1 512/2620/1
f 3961/3570/1 1311/3569/1 2112/2621/1
f 1311/3569/1 96/496/1 2112/2621/1
f 3959/3565/1 3961/3570/1 512/2620/1
f 3959/3565/1 3960/3567/1 3961/3570/1
f 3960/3567/1 511/3568/1 3961/3570/1
f 1310/3566/1 1312/495/1 250/492/1
f 1310/3566/1 3959/3565/1 1312/495/1
f 3959/3565/1 512/2620/1 1312/495/1
f 3958/3563/1 1315/2640/1 515/2639/1
f 3958/3563/1 1314/3556/1 1315/2640/1
f 1314/3556/1 251/482/1 1315/2640/1
f 3956/3561/1 3958/3563/1 515/2639/1
f 3956/3561/1 3957/3562/1 3958/3563/1
f 3957/3562/1 514/3554/1 3958/3563/1
f 1313/3533/1 2115/490/1 117/460/1
f 1313/3533/1 3956/3561/1 2115/490/1
f 3956/3561/1 515/2639/1 2115/490/1
f 3955/3560/1 1317/2659/1 517/2658/1
f 3955/3560/1 1316/3559/1 1317/2659/1
f 1316/3559/1 252/486/1 1317/2659/1
f 3953/3555/1 3955/3560/1 517/2658/1
f 3953/3555/1 3954/3557/1 3955/3560/1
f 3954/3557/1 516/3558/1 3955/3560/1
f 1314/3556/1 2117/485/1 251/482/1
f 1314/3556/1 3953/3555/1 2117/485/1
f 3953/3555/1 517/2658/1 2117/485/1
f 3952/3553/1 2120/2676/1 520/2675/1
f 3952/3553/1 1319/3552/1 2120/2676/1
f 1319/3552/1 118/479/1 2120/2676/1
f 3950/3548/1 3952/3553/1 520/2675/1
f 3950/3548/1 3951/3550/1 3952/3553/1
f 3951/3550/1 519/3551/1 3952/3553/1
f 1318/3549/1 1320/478/1 253/475/1
f 1318/3549/1 3950/3548/1 1320/478/1
f 3950/3548/1 520/2675/1 1320/478/1
f 3949/3546/1 1322/2695/1 522/2694/1
f 3949/3546/1 1321/3537/1 1322/2695/1
f 1321/3537/1 254/463/1 1322/2695/1
f 3947/3543/1 3949/3546/1 522/2694/1
f 3947/3543/1 3948/3545/1 3949/3546/1
f 3948/3545/1 521/3535/1 3949/3546/1
f 1289/3544/1 2122/473/1 95/470/1
f 1289/3544/1 3947/3543/1 2122/473/1
f 3947/3543/1 522/2694/1 2122/473/1
f 3946/3541/1 1324/2712/1 524/2711/1
f 3946/3541/1 1323/3540/1 1324/2712/1
f 1323/3540/1 255/467/1 1324/2712/1
f 3944/3536/1 3946/3541/1 524/2711/1
f 3944/3536/1 3945/3538/1 3946/3541/1
f 3945/3538/1 523/3539/1 3946/3541/1
f 1321/3537/1 2124/466/1 254/463/1
f 1321/3537/1 3944/3536/1 2124/466/1
f 3944/3536/1 524/2711/1 2124/466/1
f 3943/3534/1 2126/2727/1 526/2726/1
f 3943/3534/1 1313/3533/1 2126/2727/1
f 1313/3533/1 117/460/1 2126/2727/1
f 3941/3529/1 3943/3534/1 526/2726/1
f 3941/3529/1 3942/3531/1 3943/3534/1
f 3942/3531/1 513/3532/1 3943/3534/1
f 1325/3530/1 1326/459/1 256/456/1
f 1325/3530/1 3941/3529/1 1326/459/1
f 3941/3529/1 526/2726/1 1326/459/1
f 3940/3527/1 1329/2746/1 529/2745/1
f 3940/3527/1 1328/3518/1 1329/2746/1
f 1328/3518/1 257/444/1 1329/2746/1
f 3938/3524/1 3940/3527/1 529/2745/1
f 3938/3524/1 3939/3526/1 3940/3527/1
f 3939/3526/1 528/3516/1 3940/3527/1
f 1327/3525/1 2129/454/1 172/451/1
f 1327/3525/1 3938/3524/1 2129/454/1
f 3938/3524/1 529/2745/1 2129/454/1
f 3937/3522/1 1331/2765/1 531/2764/1
f 3937/3522/1 1330/3521/1 1331/2765/1
f 1330/3521/1 258/448/1 1331/2765/1
f 3935/3517/1 3937/3522/1 531/2764/1
f 3935/3517/1 3936/3519/1 3937/3522/1
f 3936/3519/1 530/3520/1 3937/3522/1
f 1328/3518/1 2131/447/1 257/444/1
f 1328/3518/1 3935/3517/1 2131/447/1
f 3935/3517/1 531/2764/1 2131/447/1
f 3934/3515/1 2134/2782/1 534/2781/1
f 3934/3515/1 1333/3514/1 2134/2782/1
f 1333/3514/1 83/441/1 2134/2782/1
f 3932/3510/1 3934/3515/1 534/2781/1
f 3932/3510/1 3933/3512/1 3934/3515/1
f 3933/3512/1 533/3513/1 3934/3515/1
f 1332/3511/1 1334/440/1 259/437/1
f 1332/3511/1 3932/3510/1 1334/440/1
f 3932/3510/1 534/2781/1 1334/440/1
f 3931/3508/1 1337/2801/1 537/2800/1
f 3931/3508/1 1336/3501/1 1337/2801/1
f 1336/3501/1 260/427/1 1337/2801/1
f 3929/3506/1 3931/3508/1 537/2800/1
f 3929/3506/1 3930/3507/1 3931/3508/1
f 3930/3507/1 536/3499/1 3931/3508/1
f 1335/3478/1 2137/435/1 114/405/1
f 1335/3478/1 3929/3506/1 2137/435/1
f 3929/3506/1 537/2800/1 2137/435/1
f 3928/3505/1 1339/2820/1 539/2819/1
f 3928/3505/1 1338/3504/1 1339/2820/1
f 1338/3504/1 261/431/1 1339/2820/1
f 3926/3500/1 3928/3505/1 539/2819/1
f 3926/3500/1 3927/3502/1 3928/3505/1
f 3927/3502/1 538/3503/1 3928/3505/1
f 1336/3501/1 2139/430/1 260/427/1
f 1336/3501/1 3926/3500/1 2139/430/1
f 3926/3500/1 539/2819/1 2139/430/1
f 3925/3498/1 2142/2837/1 542/2836/1
f 3925/3498/1 1341/3497/1 2142/2837/1
f 1341/3497/1 115/424/1 2142/2837/1
f 3923/3493/1 3925/3498/1 542/2836/1
f 3923/3493/1 3924/3495/1 3925/3498/1
f 3924/3495/1 541/3496/1 3925/3498/1
f 1340/3494/1 1342/423/1 262/420/1
f 1340/3494/1 3923/3493/1 1342/423/1
f 3923/3493/1 542/2836/1 1342/423/1
f 3922/3491/1 1345/2856/1 545/2855/1
f 3922/3491/1 1344/3482/1 1345/2856/1
f 1344/3482/1 263/408/1 1345/2856/1
f 3920/3488/1 3922/3491/1 545/2855/1
f 3920/3488/1 3921/3490/1 3922/3491/1
f 3921/3490/1 544/3480/1 3922/3491/1
f 1343/3489/1 2145/418/1 169/415/1
f 1343/3489/1 3920/3488/1 2145/418/1
f 3920/3488/1 545/2855/1 2145/418/1
f 3919/3486/1 1347/2875/1 547/2874/1
f 3919/3486/1 1346/3485/1 1347/2875/1
f 1346/3485/1 264/412/1 1347/2875/1
f 3917/3481/1 3919/3486/1 547/2874/1
f 3917/3481/1 3918/3483/1 3919/3486/1
f 3918/3483/1 546/3484/1 3919/3486/1
f 1344/3482/1 2147/411/1 263/408/1
f 1344/3482/1 3917/3481/1 2147/411/1
f 3917/3481/1 547/2874/1 2147/411/1
f 3916/3479/1 2149/2890/1 549/2889/1
f 3916/3479/1 1335/3478/1 2149/2890/1
f 1335/3478/1 114/405/1 2149/2890/1
f 3914/3474/1 3916/3479/1 549/2889/1
f 3914/3474/1 3915/3476/1 3916/3479/1
f 3915/3476/1 535/3477/1 3916/3479/1
f 1348/3475/1 1349/404/1 265/401/1
f 1348/3475/1 3914/3474/1 1349/404/1
f 3914/3474/1 549/2889/1 1349/404/1
f 3913/3472/1 1352/2909/1 552/2908/1
f 3913/3472/1 1351/3463/1 1352/2909/1
f 1351/3463/1 266/389/1 1352/2909/1
f 3911/3469/1 3913/3472/1 552/2908/1
f 3911/3469/1 3912/3471/1 3913/3472/1
f 3912/3471/1 551/3461/1 3913/3472/1
f 1350/3470/1 2152/399/1 153/396/1
f 1350/3470/1 3911/3469/1 2152/399/1
f 3911/3469/1 552/2908/1 2152/399/1
f 3910/3467/1 1354/2928/1 554/2927/1
f 3910/3467/1 1353/3466/1 1354/2928/1
f 1353/3466/1 267/393/1 1354/2928/1
f 3908/3462/1 3910/3467/1 554/2927/1
f 3908/3462/1 3909/3464/1 3910/3467/1
f 3909/3464/1 553/3465/1 3910/3467/1
f 1351/3463/1 2154/392/1 266/389/1
f 1351/3463/1 3908/3462/1 2154/392/1
f 3908/3462/1 554/2927/1 2154/392/1
f 3907/3460/1 2157/2945/1 557/2944/1
f 3907/3460/1 1356/3459/1 2157/2945/1
f 1356/3459/1 99/386/1 2157/2945/1
f 3905/3455/1 3907/3460/1 557/2944/1
f 3905/3455/1 3906/3457/1 3907/3460/1
f 3906/3457/1 556/3458/1 3907/3460/1
f 1355/3456/1 1357/385/1 268/382/1
f 1355/3456/1 3905/3455/1 1357/385/1
f 3905/3455/1 557/2944/1 1357/385/1
f 3904/3453/1 1360/2964/1 560/2963/1
f 3904/3453/1 1359/3446/1 1360/2964/1
f 1359/3446/1 269/372/1 1360/2964/1
f 3902/3451/1 3904/3453/1 560/2963/1
f 3902/3451/1 3903/3452/1 3904/3453/1
f 3903/3452/1 559/3444/1 3904/3453/1
f 1358/3425/1 2160/380/1 111/352/1
f 1358/3425/1 3902/3451/1 2160/380/1
f 3902/3451/1 560/2963/1 2160/380/1
f 3901/3450/1 1362/2983/1 562/2982/1
f 3901/3450/1 1361/3449/1 1362/2983/1
f 1361/3449/1 270/376/1 1362/2983/1
f 3899/3445/1 3901/3450/1 562/2982/1
f 3899/3445/1 3900/3447/1 3901/3450/1
f 3900/3447/1 561/3448/1 3901/3450/1
f 1359/3446/1 2162/375/1 269/372/1
f 1359/3446/1 3899/3445/1 2162/375/1
f 3899/3445/1 562/2982/1 2162/375/1
f 3898/3443/1 2165/3000/1 565/2999/1
f 3898/3443/1 1364/3442/1 2165/3000/1
f 1364/3442/1 112/369/1 2165/3000/1
f 3896/3438/1 3898/3443/1 565/2999/1
f 3896/3438/1 3897/3440/1 3898/3443/1
f 3897/3440/1 564/3441/1 3898/3443/1
f 1363/3439/1 1365/368/1 271/365/1
f 1363/3439/1 3896/3438/1 1365/368/1
f 3896/3438/1 565/2999/1 1365/368/1
f 3895/3436/1 1368/3019/1 568/3018/1
f 3895/3436/1 1367/3429/1 1368/3019/1
f 1367/3429/1 272/355/1 1368/3019/1
f 3893/3434/1 3895/3436/1 568/3018/1
f 3893/3434/1 3894/3435/1 3895/3436/1
f 3894/3435/1 567/3427/1 3895/3436/1
f 1366/3406/1 2168/363/1 147/333/1
f 1366/3406/1 3893/3434/1 2168/363/1
f 3893/3434/1 568/3018/1 2168/363/1
f 3892/3433/1 1370/3038/1 570/3037/1
f 3892/3433/1 1369/3432/1 1370/3038/1
f 1369/3432/1 273/359/1 1370/3038/1
f 3890/3428/1 3892/3433/1 570/3037/1
f 3890/3428/1 3891/3430/1 3892/3433/1
f 3891/3430/1 569/3431/1 3892/3433/1
f 1367/3429/1 2170/358/1 272/355/1
f 1367/3429/1 3890/3428/1 2170/358/1
f 3890/3428/1 570/3037/1 2170/358/1
f 3889/3426/1 2172/3053/1 572/3052/1
f 3889/3426/1 1358/3425/1 2172/3053/1
f 1358/3425/1 111/352/1 2172/3053/1
f 3887/3421/1 3889/3426/1 572/3052/1
f 3887/3421/1 3888/3423/1 3889/3426/1
f 3888/3423/1 558/3424/1 3889/3426/1
f 1371/3422/1 1372/351/1 274/348/1
f 1371/3422/1 3887/3421/1 1372/351/1
f 3887/3421/1 572/3052/1 1372/351/1
f 3886/3419/1 1375/3072/1 575/3071/1
f 3886/3419/1 1374/3410/1 1375/3072/1
f 1374/3410/1 275/336/1 1375/3072/1
f 3884/3416/1 3886/3419/1 575/3071/1
f 3884/3416/1 3885/3418/1 3886/3419/1
f 3885/3418/1 574/3408/1 3886/3419/1
f 1373/3417/1 2175/346/1 150/343/1
f 1373/3417/1 3884/3416/1 2175/346/1
f 3884/3416/1 575/3071/1 2175/346/1
f 3883/3414/1 1377/3091/1 577/3090/1
f 3883/3414/1 1376/3413/1 1377/3091/1
f 1376/3413/1 276/340/1 1377/3091/1
f 3881/3409/1 3883/3414/1 577/3090/1
f 3881/3409/1 3882/3411/1 3883/3414/1
f 3882/3411/1 576/3412/1 3883/3414/1
f 1374/3410/1 2177/339/1 275/336/1
f 1374/3410/1 3881/3409/1 2177/339/1
f 3881/3409/1 577/3090/1 2177/339/1
f 3880/3407/1 2179/3106/1 579/3105/1
f 3880/3407/1 1366/3406/1 2179/3106/1
f 1366/3406/1 147/333/1 2179/3106/1
f 3878/3402/1 3880/3407/1 579/3105/1
f 3878/3402/1 3879/3404/1 3880/3407/1
f 3879/3404/1 566/3405/1 3880/3407/1
f 1378/3403/1 1379/332/1 277/329/1
f 1378/3403/1 3878/3402/1 1379/332/1
f 3878/3402/1 579/3105/1 1379/332/1
f 3877/3400/1 1382/3125/1 582/3124/1
f 3877/3400/1 1381/3393/1 1382/3125/1
f 1381/3393/1 278/319/1 1382/3125/1
f 3875/3398/1 3877/3400/1 582/3124/1
f 3875/3398/1 3876/3399/1 3877/3400/1
f 3876/3399/1 581/3391/1 3877/3400/1
f 1380/3353/1 2182/327/1 108/280/1
f 1380/3353/1 3875/3398/1 2182/327/1
f 3875/3398/1 582/3124/1 2182/327/1
f 3874/3397/1 1384/3144/1 584/3143/1
f 3874/3397/1 1383/3396/1 1384/3144/1
f 1383/3396/1 279/323/1 1384/3144/1
f 3872/3392/1 3874/3397/1 584/3143/1
f 3872/3392/1 3873/3394/1 3874/3397/1
f 3873/3394/1 583/3395/1 3874/3397/1
f 1381/3393/1 2184/322/1 278/319/1
f 1381/3393/1 3872/3392/1 2184/322/1
f 3872/3392/1 584/3143/1 2184/322/1
f 3871/3390/1 2187/3161/1 587/3160/1
f 3871/3390/1 1386/3389/1 2187/3161/1
f 1386/3389/1 109/316/1 2187/3161/1
f 3869/3385/1 3871/3390/1 587/3160/1
f 3869/3385/1 3870/3387/1 3871/3390/1
f 3870/3387/1 586/3388/1 3871/3390/1
f 1385/3386/1 1387/315/1 280/312/1
f 1385/3386/1 3869/3385/1 1387/315/1
f 3869/3385/1 587/3160/1 1387/315/1
f 3868/3383/1 1390/3180/1 590/3179/1
f 3868/3383/1 1389/3374/1 1390/3180/1
f 1389/3374/1 281/300/1 1390/3180/1
f 3866/3380/1 3868/3383/1 590/3179/1
f 3866/3380/1 3867/3382/1 3868/3383/1
f 3867/3382/1 589/3372/1 3868/3383/1
f 1388/3381/1 2190/310/1 138/307/1
f 1388/3381/1 3866/3380/1 2190/310/1
f 3866/3380/1 590/3179/1 2190/310/1
f 3865/3378/1 1392/3199/1 592/3198/1
f 3865/3378/1 1391/3377/1 1392/3199/1
f 1391/3377/1 282/304/1 1392/3199/1
f 3863/3373/1 3865/3378/1 592/3198/1
f 3863/3373/1 3864/3375/1 3865/3378/1
f 3864/3375/1 591/3376/1 3865/3378/1
f 1389/3374/1 2192/303/1 281/300/1
f 1389/3374/1 3863/3373/1 2192/303/1
f 3863/3373/1 592/3198/1 2192/303/1
f 3862/3371/1 2195/3216/1 595/3215/1
f 3862/3371/1 1394/3345/1 2195/3216/1
f 1394/3345/1 142/271/1 2195/3216/1
f 3860/3368/1 3862/3371/1 595/3215/1
f 3860/3368/1 3861/3370/1 3862/3371/1
f 3861/3370/1 594/3343/1 3862/3371/1
f 1393/3369/1 1395/298/1 283/295/1
f 1393/3369/1 3860/3368/1 1395/298/1
f 3860/3368/1 595/3215/1 1395/298/1
f 3859/3366/1 1398/3235/1 598/3234/1
f 3859/3366/1 1397/3357/1 1398/3235/1
f 1397/3357/1 284/283/1 1398/3235/1
f 3857/3363/1 3859/3366/1 598/3234/1
f 3857/3363/1 3858/3365/1 3859/3366/1
f 3858/3365/1 597/3355/1 3859/3366/1
f 1396/3364/1 2198/293/1 143/290/1
f 1396/3364/1 3857/3363/1 2198/293/1
f 3857/3363/1 598/3234/1 2198/293/1
f 3856/3361/1 1400/3254/1 600/3253/1
f 3856/3361/1 1399/3360/1 1400/3254/1
f 1399/3360/1 285/287/1 1400/3254/1
f 3854/3356/1 3856/3361/1 600/3253/1
f 3854/3356/1 3855/3358/1 3856/3361/1
f 3855/3358/1 599/3359/1 3856/3361/1
f 1397/3357/1 2200/286/1 284/283/1
f 1397/3357/1 3854/3356/1 2200/286/1
f 3854/3356/1 600/3253/1 2200/286/1
f 3853/3354/1 2202/3269/1 602/3268/1
f 3853/3354/1 1380/3353/1 2202/3269/1
f 1380/3353/1 108/280/1 2202/3269/1
f 3851/3349/1 3853/3354/1 602/3268/1
f 3851/3349/1 3852/3351/1 3853/3354/1
f 3852/3351/1 580/3352/1 3853/3354/1
f 1401/3350/1 1402/279/1 286/276/1
f 1401/3350/1 3851/3349/1 1402/279/1
f 3851/3349/1 602/3268/1 1402/279/1
f 3850/3347/1 1404/3288/1 604/3287/1
f 3850/3347/1 1403/3338/1 1404/3288/1
f 1403/3338/1 287/264/1 1404/3288/1
f 3848/3344/1 3850/3347/1 604/3287/1
f 3848/3344/1 3849/3346/1 3850/3347/1
f 3849/3346/1 603/3336/1 3850/3347/1
f 1394/3345/1 2204/274/1 142/271/1
f 1394/3345/1 3848/3344/1 2204/274/1
f 3848/3344/1 604/3287/1 2204/274/1
f 3847/3342/1 1406/3305/1 606/3304/1
f 3847/3342/1 1405/3341/1 1406/3305/1
f 1405/3341/1 288/268/1 1406/3305/1
f 3845/3337/1 3847/3342/1 606/3304/1
f 3845/3337/1 3846/3339/1 3847/3342/1
f 3846/3339/1 605/3340/1 3847/3342/1
f 1403/3338/1 2206/267/1 287/264/1
f 1403/3338/1 3845/3337/1 2206/267/1
f 3845/3337/1 606/3304/1 2206/267/1
f 3844/3335/1 2209/3322/1 609/3321/1
f 3844/3335/1 1408/3334/1 2209/3322/1
f 1408/3334/1 104/261/1 2209/3322/1
f 3842/3330/1 3844/3335/1 609/3321/1
f 3842/3330/1 3843/3332/1 3844/3335/1
f 3843/3332/1 608/3333/1 3844/3335/1
f 1407/3331/1 1409/260/1 289/257/1
f 1407/3331/1 3842/3330/1 1409/260/1
f 3842/3330/1 609/3321/1 1409/260/1
f 3841/3328/1 1184/3874/1 384/3873/1
f 3841/3328/1 2211/3319/1 1184/3874/1
f 2211/3319/1 136/801/1 1184/3874/1
f 3839/3325/1 3841/3328/1 384/3873/1
f 3839/3325/1 3840/3327/1 3841/3328/1
f 3840/3327/1 611/3317/1 3841/3328/1
f 2210/3326/1 1984/77/1 80/76/1
f 2210/3326/1 3839/3325/1 1984/77/1
f 3839/3325/1 384/3873/1 1984/77/1
f 3838/3323/1 2212/263/1 612/3310/1
f 3838/3323/1 2209/3322/1 2212/263/1
f 2209/3322/1 104/261/1 2212/263/1
f 3836/3318/1 3838/3323/1 612/3310/1
f 3836/3318/1 3837/3320/1 3838/3323/1
f 3837/3320/1 609/3321/1 3838/3323/1
f 2211/3319/1 1412/3312/1 136/801/1
f 2211/3319/1 3836/3318/1 1412/3312/1
f 3836/3318/1 612/3310/1 1412/3312/1
f 3835/3316/1 2214/1697/1 614/1696/1
f 3835/3316/1 2213/3315/1 2214/1697/1
f 2213/3315/1 16/62/1 2214/1697/1
f 3833/3311/1 3835/3316/1 614/1696/1
f 3833/3311/1 3834/3313/1 3835/3316/1
f 3834/3313/1 613/3314/1 3835/3316/1
f 1412/3312/1 1414/802/1 136/801/1
f 1412/3312/1 3833/3311/1 1414/802/1
f 3833/3311/1 614/1696/1 1414/802/1
f 3832/3309/1 1410/259/1 610/3324/1
f 3832/3309/1 1416/3302/1 1410/259/1
f 1416/3302/1 289/257/1 1410/259/1
f 3830/3307/1 3832/3309/1 610/3324/1
f 3830/3307/1 3831/3308/1 3832/3309/1
f 3831/3308/1 616/3300/1 3832/3309/1
f 2215/3281/1 2210/3326/1 80/76/1
f 2215/3281/1 3830/3307/1 2210/3326/1
f 3830/3307/1 610/3324/1 2210/3326/1
f 3829/3306/1 2217/270/1 617/3293/1
f 3829/3306/1 1406/3305/1 2217/270/1
f 1406/3305/1 288/268/1 2217/270/1
f 3827/3301/1 3829/3306/1 617/3293/1
f 3827/3301/1 3828/3303/1 3829/3306/1
f 3828/3303/1 606/3304/1 3829/3306/1
f 1416/3302/1 1417/3295/1 289/257/1
f 1416/3302/1 3827/3301/1 1417/3295/1
f 3827/3301/1 617/3293/1 1417/3295/1
f 3826/3299/1 2207/256/1 607/3329/1
f 3826/3299/1 2218/3298/1 2207/256/1
f 2218/3298/1 48/254/1 2207/256/1
f 3824/3294/1 3826/3299/1 607/3329/1
f 3824/3294/1 3825/3296/1 3826/3299/1
f 3825/3296/1 618/3297/1 3826/3299/1
f 1417/3295/1 1407/3331/1 289/257/1
f 1417/3295/1 3824/3294/1 1407/3331/1
f 3824/3294/1 607/3329/1 1407/3331/1
f 3823/3292/1 1165/3917/1 365/3916/1
f 3823/3292/1 1420/3285/1 1165/3917/1
f 1420/3285/1 192/844/1 1165/3917/1
f 3821/3290/1 3823/3292/1 365/3916/1
f 3821/3290/1 3822/3291/1 3823/3292/1
f 3822/3291/1 620/3283/1 3823/3292/1
f 2219/3209/1 1965/61/1 14/52/1
f 2219/3209/1 3821/3290/1 1965/61/1
f 3821/3290/1 365/3916/1 1965/61/1
f 3820/3289/1 1421/275/1 621/3276/1
f 3820/3289/1 1404/3288/1 1421/275/1
f 1404/3288/1 287/264/1 1421/275/1
f 3818/3284/1 3820/3289/1 621/3276/1
f 3818/3284/1 3819/3286/1 3820/3289/1
f 3819/3286/1 604/3287/1 3820/3289/1
f 1420/3285/1 2221/3278/1 192/844/1
f 1420/3285/1 3818/3284/1 2221/3278/1
f 3818/3284/1 621/3276/1 2221/3278/1
f 3817/3282/1 2222/1570/1 622/1569/1
f 3817/3282/1 2215/3281/1 2222/1570/1
f 2215/3281/1 80/76/1 2222/1570/1
f 3815/3277/1 3817/3282/1 622/1569/1
f 3815/3277/1 3816/3279/1 3817/3282/1
f 3816/3279/1 615/3280/1 3817/3282/1
f 2221/3278/1 1422/845/1 192/844/1
f 2221/3278/1 3815/3277/1 1422/845/1
f 3815/3277/1 622/1569/1 1422/845/1
f 3814/3275/1 1207/3823/1 407/3822/1
f 3814/3275/1 2224/3266/1 1207/3823/1
f 2224/3266/1 133/750/1 1207/3823/1
f 3812/3272/1 3814/3275/1 407/3822/1
f 3812/3272/1 3813/3274/1 3814/3275/1
f 3813/3274/1 624/3264/1 3814/3275/1
f 2223/3273/1 2007/96/1 77/95/1
f 2223/3273/1 3812/3272/1 2007/96/1
f 3812/3272/1 407/3822/1 2007/96/1
f 3811/3270/1 2225/282/1 625/3259/1
f 3811/3270/1 2202/3269/1 2225/282/1
f 2202/3269/1 108/280/1 2225/282/1
f 3809/3265/1 3811/3270/1 625/3259/1
f 3809/3265/1 3810/3267/1 3811/3270/1
f 3810/3267/1 602/3268/1 3811/3270/1
f 2224/3266/1 1425/3261/1 133/750/1
f 2224/3266/1 3809/3265/1 1425/3261/1
f 3809/3265/1 625/3259/1 1425/3261/1
f 3808/3263/1 2227/1860/1 627/1859/1
f 3808/3263/1 2226/3129/1 2227/1860/1
f 2226/3129/1 20/41/1 2227/1860/1
f 3806/3260/1 3808/3263/1 627/1859/1
f 3806/3260/1 3807/3262/1 3808/3263/1
f 3807/3262/1 626/3127/1 3808/3263/1
f 1425/3261/1 1427/751/1 133/750/1
f 1425/3261/1 3806/3260/1 1427/751/1
f 3806/3260/1 627/1859/1 1427/751/1
f 3805/3258/1 1423/278/1 623/3271/1
f 3805/3258/1 1429/3251/1 1423/278/1
f 1429/3251/1 286/276/1 1423/278/1
f 3803/3256/1 3805/3258/1 623/3271/1
f 3803/3256/1 3804/3257/1 3805/3258/1
f 3804/3257/1 629/3249/1 3805/3258/1
f 2228/3228/1 2223/3273/1 77/95/1
f 2228/3228/1 3803/3256/1 2223/3273/1
f 3803/3256/1 623/3271/1 2223/3273/1
f 3802/3255/1 2230/289/1 630/3242/1
f 3802/3255/1 1400/3254/1 2230/289/1
f 1400/3254/1 285/287/1 2230/289/1
f 3800/3250/1 3802/3255/1 630/3242/1
f 3800/3250/1 3801/3252/1 3802/3255/1
f 3801/3252/1 600/3253/1 3802/3255/1
f 1429/3251/1 1430/3244/1 286/276/1
f 1429/3251/1 3800/3250/1 1430/3244/1
f 3800/3250/1 630/3242/1 1430/3244/1
f 3799/3248/1 2201/251/1 601/3348/1
f 3799/3248/1 2231/3247/1 2201/251/1
f 2231/3247/1 52/233/1 2201/251/1
f 3797/3243/1 3799/3248/1 601/3348/1
f 3797/3243/1 3798/3245/1 3799/3248/1
f 3798/3245/1 631/3246/1 3799/3248/1
f 1430/3244/1 1401/3350/1 286/276/1
f 1430/3244/1 3797/3243/1 1401/3350/1
f 3797/3243/1 601/3348/1 1401/3350/1
f 3796/3241/1 1159/3936/1 359/3935/1
f 3796/3241/1 1433/3232/1 1159/3936/1
f 1433/3232/1 189/863/1 1159/3936/1
f 3794/3238/1 3796/3241/1 359/3935/1
f 3794/3238/1 3795/3240/1 3796/3241/1
f 3795/3240/1 633/3230/1 3796/3241/1
f 2232/3239/1 1959/58/1 15/55/1
f 2232/3239/1 3794/3238/1 1959/58/1
f 3794/3238/1 359/3935/1 1959/58/1
f 3793/3236/1 1434/294/1 634/3223/1
f 3793/3236/1 1398/3235/1 1434/294/1
f 1398/3235/1 284/283/1 1434/294/1
f 3791/3231/1 3793/3236/1 634/3223/1
f 3791/3231/1 3792/3233/1 3793/3236/1
f 3792/3233/1 598/3234/1 3793/3236/1
f 1433/3232/1 2234/3225/1 189/863/1
f 1433/3232/1 3791/3231/1 2234/3225/1
f 3791/3231/1 634/3223/1 2234/3225/1
f 3790/3229/1 2235/1519/1 635/1518/1
f 3790/3229/1 2228/3228/1 2235/1519/1
f 2228/3228/1 77/95/1 2235/1519/1
f 3788/3224/1 3790/3229/1 635/1518/1
f 3788/3224/1 3789/3226/1 3790/3229/1
f 3789/3226/1 628/3227/1 3790/3229/1
f 2234/3225/1 1435/864/1 189/863/1
f 2234/3225/1 3788/3224/1 1435/864/1
f 3788/3224/1 635/1518/1 1435/864/1
f 3787/3222/1 1229/3768/1 429/3767/1
f 3787/3222/1 2237/3213/1 1229/3768/1
f 2237/3213/1 130/695/1 1229/3768/1
f 3785/3219/1 3787/3222/1 429/3767/1
f 3785/3219/1 3786/3221/1 3787/3222/1
f 3786/3221/1 637/3211/1 3787/3222/1
f 2236/3220/1 2029/113/1 74/112/1
f 2236/3220/1 3785/3219/1 2029/113/1
f 3785/3219/1 429/3767/1 2029/113/1
f 3784/3217/1 1438/299/1 638/3204/1
f 3784/3217/1 2195/3216/1 1438/299/1
f 2195/3216/1 142/271/1 1438/299/1
f 3782/3212/1 3784/3217/1 638/3204/1
f 3782/3212/1 3783/3214/1 3784/3217/1
f 3783/3214/1 595/3215/1 3784/3217/1
f 2237/3213/1 2238/3206/1 130/695/1
f 2237/3213/1 3782/3212/1 2238/3206/1
f 3782/3212/1 638/3204/1 2238/3206/1
f 3781/3210/1 2239/2021/1 639/2020/1
f 3781/3210/1 2219/3209/1 2239/2021/1
f 2219/3209/1 14/52/1 2239/2021/1
f 3779/3205/1 3781/3210/1 639/2020/1
f 3779/3205/1 3780/3207/1 3781/3210/1
f 3780/3207/1 619/3208/1 3781/3210/1
f 2238/3206/1 1439/696/1 130/695/1
f 2238/3206/1 3779/3205/1 1439/696/1
f 3779/3205/1 639/2020/1 1439/696/1
f 3778/3203/1 1436/297/1 636/3218/1
f 3778/3203/1 1441/3196/1 1436/297/1
f 1441/3196/1 283/295/1 1436/297/1
f 3776/3201/1 3778/3203/1 636/3218/1
f 3776/3201/1 3777/3202/1 3778/3203/1
f 3777/3202/1 641/3194/1 3778/3203/1
f 2240/3173/1 2236/3220/1 74/112/1
f 2240/3173/1 3776/3201/1 2236/3220/1
f 3776/3201/1 636/3218/1 2236/3220/1
f 3775/3200/1 2242/306/1 642/3187/1
f 3775/3200/1 1392/3199/1 2242/306/1
f 1392/3199/1 282/304/1 2242/306/1
f 3773/3195/1 3775/3200/1 642/3187/1
f 3773/3195/1 3774/3197/1 3775/3200/1
f 3774/3197/1 592/3198/1 3775/3200/1
f 1441/3196/1 1442/3189/1 283/295/1
f 1441/3196/1 3773/3195/1 1442/3189/1
f 3773/3195/1 642/3187/1 1442/3189/1
f 3772/3193/1 2193/246/1 593/3367/1
f 3772/3193/1 2243/3192/1 2193/246/1
f 2243/3192/1 30/244/1 2193/246/1
f 3770/3188/1 3772/3193/1 593/3367/1
f 3770/3188/1 3771/3190/1 3772/3193/1
f 3771/3190/1 643/3191/1 3772/3193/1
f 1442/3189/1 1393/3369/1 283/295/1
f 1442/3189/1 3770/3188/1 1393/3369/1
f 3770/3188/1 593/3367/1 1393/3369/1
f 3769/3186/1 1151/3953/1 351/3952/1
f 3769/3186/1 1445/3177/1 1151/3953/1
f 1445/3177/1 186/880/1 1151/3953/1
f 3767/3183/1 3769/3186/1 351/3952/1
f 3767/3183/1 3768/3185/1 3769/3186/1
f 3768/3185/1 645/3175/1 3769/3186/1
f 2244/3184/1 1951/51/1 10/48/1
f 2244/3184/1 3767/3183/1 1951/51/1
f 3767/3183/1 351/3952/1 1951/51/1
f 3766/3181/1 1446/311/1 646/3168/1
f 3766/3181/1 1390/3180/1 1446/311/1
f 1390/3180/1 281/300/1 1446/311/1
f 3764/3176/1 3766/3181/1 646/3168/1
f 3764/3176/1 3765/3178/1 3766/3181/1
f 3765/3178/1 590/3179/1 3766/3181/1
f 1445/3177/1 2246/3170/1 186/880/1
f 1445/3177/1 3764/3176/1 2246/3170/1
f 3764/3176/1 646/3168/1 2246/3170/1
f 3763/3174/1 2247/1464/1 647/1463/1
f 3763/3174/1 2240/3173/1 2247/1464/1
f 2240/3173/1 74/112/1 2247/1464/1
f 3761/3169/1 3763/3174/1 647/1463/1
f 3761/3169/1 3762/3171/1 3763/3174/1
f 3762/3171/1 640/3172/1 3763/3174/1
f 2246/3170/1 1447/881/1 186/880/1
f 2246/3170/1 3761/3169/1 1447/881/1
f 3761/3169/1 647/1463/1 1447/881/1
f 3760/3167/1 1252/3713/1 452/3712/1
f 3760/3167/1 2249/3158/1 1252/3713/1
f 2249/3158/1 127/640/1 1252/3713/1
f 3758/3164/1 3760/3167/1 452/3712/1
f 3758/3164/1 3759/3166/1 3760/3167/1
f 3759/3166/1 649/3156/1 3760/3167/1
f 2248/3165/1 2052/132/1 71/131/1
f 2248/3165/1 3758/3164/1 2052/132/1
f 3758/3164/1 452/3712/1 2052/132/1
f 3757/3162/1 2250/318/1 650/3149/1
f 3757/3162/1 2187/3161/1 2250/318/1
f 2187/3161/1 109/316/1 2250/318/1
f 3755/3157/1 3757/3162/1 650/3149/1
f 3755/3157/1 3756/3159/1 3757/3162/1
f 3756/3159/1 587/3160/1 3757/3162/1
f 2249/3158/1 1450/3151/1 127/640/1
f 2249/3158/1 3755/3157/1 1450/3151/1
f 3755/3157/1 650/3149/1 1450/3151/1
f 3754/3155/1 2252/2184/1 652/2183/1
f 3754/3155/1 2251/3154/1 2252/2184/1
f 2251/3154/1 21/45/1 2252/2184/1
f 3752/3150/1 3754/3155/1 652/2183/1
f 3752/3150/1 3753/3152/1 3754/3155/1
f 3753/3152/1 651/3153/1 3754/3155/1
f 1450/3151/1 1452/641/1 127/640/1
f 1450/3151/1 3752/3150/1 1452/641/1
f 3752/3150/1 652/2183/1 1452/641/1
f 3751/3148/1 1448/314/1 648/3163/1
f 3751/3148/1 1454/3141/1 1448/314/1
f 1454/3141/1 280/312/1 1448/314/1
f 3749/3146/1 3751/3148/1 648/3163/1
f 3749/3146/1 3750/3147/1 3751/3148/1
f 3750/3147/1 654/3139/1 3751/3148/1
f 2253/3118/1 2248/3165/1 71/131/1
f 2253/3118/1 3749/3146/1 2248/3165/1
f 3749/3146/1 648/3163/1 2248/3165/1
f 3748/3145/1 2255/325/1 655/3132/1
f 3748/3145/1 1384/3144/1 2255/325/1
f 1384/3144/1 279/323/1 2255/325/1
f 3746/3140/1 3748/3145/1 655/3132/1
f 3746/3140/1 3747/3142/1 3748/3145/1
f 3747/3142/1 584/3143/1 3748/3145/1
f 1454/3141/1 1455/3134/1 280/312/1
f 1454/3141/1 3746/3140/1 1455/3134/1
f 3746/3140/1 655/3132/1 1455/3134/1
f 3745/3138/1 2185/239/1 585/3384/1
f 3745/3138/1 2256/3137/1 2185/239/1
f 2256/3137/1 53/237/1 2185/239/1
f 3743/3133/1 3745/3138/1 585/3384/1
f 3743/3133/1 3744/3135/1 3745/3138/1
f 3744/3135/1 656/3136/1 3745/3138/1
f 1455/3134/1 1385/3386/1 280/312/1
f 1455/3134/1 3743/3133/1 1385/3386/1
f 3743/3133/1 585/3384/1 1385/3386/1
f 3742/3131/1 1143/3972/1 343/3971/1
f 3742/3131/1 1457/3122/1 1143/3972/1
f 1457/3122/1 183/899/1 1143/3972/1
f 3740/3128/1 3742/3131/1 343/3971/1
f 3740/3128/1 3741/3130/1 3742/3131/1
f 3741/3130/1 657/3120/1 3742/3131/1
f 2226/3129/1 1943/44/1 20/41/1
f 2226/3129/1 3740/3128/1 1943/44/1
f 3740/3128/1 343/3971/1 1943/44/1
f 3739/3126/1 1458/328/1 658/3113/1
f 3739/3126/1 1382/3125/1 1458/328/1
f 1382/3125/1 278/319/1 1458/328/1
f 3737/3121/1 3739/3126/1 658/3113/1
f 3737/3121/1 3738/3123/1 3739/3126/1
f 3738/3123/1 582/3124/1 3739/3126/1
f 1457/3122/1 2258/3115/1 183/899/1
f 1457/3122/1 3737/3121/1 2258/3115/1
f 3737/3121/1 658/3113/1 2258/3115/1
f 3736/3119/1 2259/1409/1 659/1408/1
f 3736/3119/1 2253/3118/1 2259/1409/1
f 2253/3118/1 71/131/1 2259/1409/1
f 3734/3114/1 3736/3119/1 659/1408/1
f 3734/3114/1 3735/3116/1 3736/3119/1
f 3735/3116/1 653/3117/1 3736/3119/1
f 2258/3115/1 1459/900/1 183/899/1
f 2258/3115/1 3734/3114/1 1459/900/1
f 3734/3114/1 659/1408/1 1459/900/1
f 3733/3112/1 1274/3660/1 474/3659/1
f 3733/3112/1 2261/3103/1 1274/3660/1
f 2261/3103/1 124/587/1 1274/3660/1
f 3731/3109/1 3733/3112/1 474/3659/1
f 3731/3109/1 3732/3111/1 3733/3112/1
f 3732/3111/1 661/3101/1 3733/3112/1
f 2260/3110/1 2074/149/1 68/148/1
f 2260/3110/1 3731/3109/1 2074/149/1
f 3731/3109/1 474/3659/1 2074/149/1
f 3730/3107/1 1462/335/1 662/3096/1
f 3730/3107/1 2179/3106/1 1462/335/1
f 2179/3106/1 147/333/1 1462/335/1
f 3728/3102/1 3730/3107/1 662/3096/1
f 3728/3102/1 3729/3104/1 3730/3107/1
f 3729/3104/1 579/3105/1 3730/3107/1
f 2261/3103/1 2262/3098/1 124/587/1
f 2261/3103/1 3728/3102/1 2262/3098/1
f 3728/3102/1 662/3096/1 2262/3098/1
f 3727/3100/1 2264/2345/1 664/2344/1
f 3727/3100/1 2263/3023/1 2264/2345/1
f 2263/3023/1 19/31/1 2264/2345/1
f 3725/3097/1 3727/3100/1 664/2344/1
f 3725/3097/1 3726/3099/1 3727/3100/1
f 3726/3099/1 663/3021/1 3727/3100/1
f 2262/3098/1 1464/588/1 124/587/1
f 2262/3098/1 3725/3097/1 1464/588/1
f 3725/3097/1 664/2344/1 1464/588/1
f 3724/3095/1 1460/331/1 660/3108/1
f 3724/3095/1 1466/3088/1 1460/331/1
f 1466/3088/1 277/329/1 1460/331/1
f 3722/3093/1 3724/3095/1 660/3108/1
f 3722/3093/1 3723/3094/1 3724/3095/1
f 3723/3094/1 666/3086/1 3724/3095/1
f 2265/3065/1 2260/3110/1 68/148/1
f 2265/3065/1 3722/3093/1 2260/3110/1
f 3722/3093/1 660/3108/1 2260/3110/1
f 3721/3092/1 2267/342/1 667/3079/1
f 3721/3092/1 1377/3091/1 2267/342/1
f 1377/3091/1 276/340/1 2267/342/1
f 3719/3087/1 3721/3092/1 667/3079/1
f 3719/3087/1 3720/3089/1 3721/3092/1
f 3720/3089/1 577/3090/1 3721/3092/1
f 1466/3088/1 1467/3081/1 277/329/1
f 1466/3088/1 3719/3087/1 1467/3081/1
f 3719/3087/1 667/3079/1 1467/3081/1
f 3718/3085/1 2178/232/1 578/3401/1
f 3718/3085/1 2268/3084/1 2178/232/1
f 2268/3084/1 35/223/1 2178/232/1
f 3716/3080/1 3718/3085/1 578/3401/1
f 3716/3080/1 3717/3082/1 3718/3085/1
f 3717/3082/1 668/3083/1 3718/3085/1
f 1467/3081/1 1378/3403/1 277/329/1
f 1467/3081/1 3716/3080/1 1378/3403/1
f 3716/3080/1 578/3401/1 1378/3403/1
f 3715/3078/1 1136/3989/1 336/3988/1
f 3715/3078/1 1470/3069/1 1136/3989/1
f 1470/3069/1 180/916/1 1136/3989/1
f 3713/3075/1 3715/3078/1 336/3988/1
f 3713/3075/1 3714/3077/1 3715/3078/1
f 3714/3077/1 670/3067/1 3715/3078/1
f 2269/3076/1 1936/39/1 22/36/1
f 2269/3076/1 3713/3075/1 1936/39/1
f 3713/3075/1 336/3988/1 1936/39/1
f 3712/3073/1 1471/347/1 671/3060/1
f 3712/3073/1 1375/3072/1 1471/347/1
f 1375/3072/1 275/336/1 1471/347/1
f 3710/3068/1 3712/3073/1 671/3060/1
f 3710/3068/1 3711/3070/1 3712/3073/1
f 3711/3070/1 575/3071/1 3712/3073/1
f 1470/3069/1 2271/3062/1 180/916/1
f 1470/3069/1 3710/3068/1 2271/3062/1
f 3710/3068/1 671/3060/1 2271/3062/1
f 3709/3066/1 2272/1356/1 672/1355/1
f 3709/3066/1 2265/3065/1 2272/1356/1
f 2265/3065/1 68/148/1 2272/1356/1
f 3707/3061/1 3709/3066/1 672/1355/1
f 3707/3061/1 3708/3063/1 3709/3066/1
f 3708/3063/1 665/3064/1 3709/3066/1
f 2271/3062/1 1472/917/1 180/916/1
f 2271/3062/1 3707/3061/1 1472/917/1
f 3707/3061/1 672/1355/1 1472/917/1
f 3706/3059/1 1297/3607/1 497/3606/1
f 3706/3059/1 2274/3050/1 1297/3607/1
f 2274/3050/1 121/534/1 1297/3607/1
f 3704/3056/1 3706/3059/1 497/3606/1
f 3704/3056/1 3705/3058/1 3706/3059/1
f 3705/3058/1 674/3048/1 3706/3059/1
f 2273/3057/1 2097/168/1 65/167/1
f 2273/3057/1 3704/3056/1 2097/168/1
f 3704/3056/1 497/3606/1 2097/168/1
f 3703/3054/1 2275/354/1 675/3043/1
f 3703/3054/1 2172/3053/1 2275/354/1
f 2172/3053/1 111/352/1 2275/354/1
f 3701/3049/1 3703/3054/1 675/3043/1
f 3701/3049/1 3702/3051/1 3703/3054/1
f 3702/3051/1 572/3052/1 3703/3054/1
f 2274/3050/1 1475/3045/1 121/534/1
f 2274/3050/1 3701/3049/1 1475/3045/1
f 3701/3049/1 675/3043/1 1475/3045/1
f 3700/3047/1 2277/2508/1 677/2507/1
f 3700/3047/1 2276/2968/1 2277/2508/1
f 2276/2968/1 23/24/1 2277/2508/1
f 3698/3044/1 3700/3047/1 677/2507/1
f 3698/3044/1 3699/3046/1 3700/3047/1
f 3699/3046/1 676/2966/1 3700/3047/1
f 1475/3045/1 1477/535/1 121/534/1
f 1475/3045/1 3698/3044/1 1477/535/1
f 3698/3044/1 677/2507/1 1477/535/1
f 3697/3042/1 1473/350/1 673/3055/1
f 3697/3042/1 1479/3035/1 1473/350/1
f 1479/3035/1 274/348/1 1473/350/1
f 3695/3040/1 3697/3042/1 673/3055/1
f 3695/3040/1 3696/3041/1 3697/3042/1
f 3696/3041/1 679/3033/1 3697/3042/1
f 2278/3012/1 2273/3057/1 65/167/1
f 2278/3012/1 3695/3040/1 2273/3057/1
f 3695/3040/1 673/3055/1 2273/3057/1
f 3694/3039/1 2280/361/1 680/3026/1
f 3694/3039/1 1370/3038/1 2280/361/1
f 1370/3038/1 273/359/1 2280/361/1
f 3692/3034/1 3694/3039/1 680/3026/1
f 3692/3034/1 3693/3036/1 3694/3039/1
f 3693/3036/1 570/3037/1 3694/3039/1
f 1479/3035/1 1480/3028/1 274/348/1
f 1479/3035/1 3692/3034/1 1480/3028/1
f 3692/3034/1 680/3026/1 1480/3028/1
f 3691/3032/1 2171/227/1 571/3420/1
f 3691/3032/1 2281/3031/1 2171/227/1
f 2281/3031/1 55/216/1 2171/227/1
f 3689/3027/1 3691/3032/1 571/3420/1
f 3689/3027/1 3690/3029/1 3691/3032/1
f 3690/3029/1 681/3030/1 3691/3032/1
f 1480/3028/1 1371/3422/1 274/348/1
f 1480/3028/1 3689/3027/1 1371/3422/1
f 3689/3027/1 571/3420/1 1371/3422/1
f 3688/3025/1 1129/4008/1 329/4007/1
f 3688/3025/1 1482/3016/1 1129/4008/1
f 1482/3016/1 177/935/1 1129/4008/1
f 3686/3022/1 3688/3025/1 329/4007/1
f 3686/3022/1 3687/3024/1 3688/3025/1
f 3687/3024/1 682/3014/1 3688/3025/1
f 2263/3023/1 1929/34/1 19/31/1
f 2263/3023/1 3686/3022/1 1929/34/1
f 3686/3022/1 329/4007/1 1929/34/1
f 3685/3020/1 1483/364/1 683/3007/1
f 3685/3020/1 1368/3019/1 1483/364/1
f 1368/3019/1 272/355/1 1483/364/1
f 3683/3015/1 3685/3020/1 683/3007/1
f 3683/3015/1 3684/3017/1 3685/3020/1
f 3684/3017/1 568/3018/1 3685/3020/1
f 1482/3016/1 2283/3009/1 177/935/1
f 1482/3016/1 3683/3015/1 2283/3009/1
f 3683/3015/1 683/3007/1 2283/3009/1
f 3682/3013/1 2284/1303/1 684/1302/1
f 3682/3013/1 2278/3012/1 2284/1303/1
f 2278/3012/1 65/167/1 2284/1303/1
f 3680/3008/1 3682/3013/1 684/1302/1
f 3680/3008/1 3681/3010/1 3682/3013/1
f 3681/3010/1 678/3011/1 3682/3013/1
f 2283/3009/1 1484/936/1 177/935/1
f 2283/3009/1 3680/3008/1 1484/936/1
f 3680/3008/1 684/1302/1 1484/936/1
f 3679/3006/1 1319/3552/1 519/3551/1
f 3679/3006/1 2286/2997/1 1319/3552/1
f 2286/2997/1 118/479/1 1319/3552/1
f 3677/3003/1 3679/3006/1 519/3551/1
f 3677/3003/1 3678/3005/1 3679/3006/1
f 3678/3005/1 686/2995/1 3679/3006/1
f 2285/3004/1 2119/185/1 62/184/1
f 2285/3004/1 3677/3003/1 2119/185/1
f 3677/3003/1 519/3551/1 2119/185/1
f 3676/3001/1 2287/371/1 687/2988/1
f 3676/3001/1 2165/3000/1 2287/371/1
f 2165/3000/1 112/369/1 2287/371/1
f 3674/2996/1 3676/3001/1 687/2988/1
f 3674/2996/1 3675/2998/1 3676/3001/1
f 3675/2998/1 565/2999/1 3676/3001/1
f 2286/2997/1 1487/2990/1 118/479/1
f 2286/2997/1 3674/2996/1 1487/2990/1
f 3674/2996/1 687/2988/1 1487/2990/1
f 3673/2994/1 2289/2669/1 689/2668/1
f 3673/2994/1 2288/2993/1 2289/2669/1
f 2288/2993/1 24/28/1 2289/2669/1
f 3671/2989/1 3673/2994/1 689/2668/1
f 3671/2989/1 3672/2991/1 3673/2994/1
f 3672/2991/1 688/2992/1 3673/2994/1
f 1487/2990/1 1489/480/1 118/479/1
f 1487/2990/1 3671/2989/1 1489/480/1
f 3671/2989/1 689/2668/1 1489/480/1
f 3670/2987/1 1485/367/1 685/3002/1
f 3670/2987/1 1491/2980/1 1485/367/1
f 1491/2980/1 271/365/1 1485/367/1
f 3668/2985/1 3670/2987/1 685/3002/1
f 3668/2985/1 3669/2986/1 3670/2987/1
f 3669/2986/1 691/2978/1 3670/2987/1
f 2290/2957/1 2285/3004/1 62/184/1
f 2290/2957/1 3668/2985/1 2285/3004/1
f 3668/2985/1 685/3002/1 2285/3004/1
f 3667/2984/1 2292/378/1 692/2971/1
f 3667/2984/1 1362/2983/1 2292/378/1
f 1362/2983/1 270/376/1 2292/378/1
f 3665/2979/1 3667/2984/1 692/2971/1
f 3665/2979/1 3666/2981/1 3667/2984/1
f 3666/2981/1 562/2982/1 3667/2984/1
f 1491/2980/1 1492/2973/1 271/365/1
f 1491/2980/1 3665/2979/1 1492/2973/1
f 3665/2979/1 692/2971/1 1492/2973/1
f 3664/2977/1 2163/222/1 563/3437/1
f 3664/2977/1 2293/2976/1 2163/222/1
f 2293/2976/1 56/220/1 2163/222/1
f 3662/2972/1 3664/2977/1 563/3437/1
f 3662/2972/1 3663/2974/1 3664/2977/1
f 3663/2974/1 693/2975/1 3664/2977/1
f 1492/2973/1 1363/3439/1 271/365/1
f 1492/2973/1 3662/2972/1 1363/3439/1
f 3662/2972/1 563/3437/1 1363/3439/1
f 3661/2970/1 1121/4025/1 321/4024/1
f 3661/2970/1 1494/2961/1 1121/4025/1
f 1494/2961/1 174/952/1 1121/4025/1
f 3659/2967/1 3661/2970/1 321/4024/1
f 3659/2967/1 3660/2969/1 3661/2970/1
f 3660/2969/1 694/2959/1 3661/2970/1
f 2276/2968/1 1921/27/1 23/24/1
f 2276/2968/1 3659/2967/1 1921/27/1
f 3659/2967/1 321/4024/1 1921/27/1
f 3658/2965/1 1495/381/1 695/2952/1
f 3658/2965/1 1360/2964/1 1495/381/1
f 1360/2964/1 269/372/1 1495/381/1
f 3656/2960/1 3658/2965/1 695/2952/1
f 3656/2960/1 3657/2962/1 3658/2965/1
f 3657/2962/1 560/2963/1 3658/2965/1
f 1494/2961/1 2295/2954/1 174/952/1
f 1494/2961/1 3656/2960/1 2295/2954/1
f 3656/2960/1 695/2952/1 2295/2954/1
f 3655/2958/1 2296/1248/1 696/1247/1
f 3655/2958/1 2290/2957/1 2296/1248/1
f 2290/2957/1 62/184/1 2296/1248/1
f 3653/2953/1 3655/2958/1 696/1247/1
f 3653/2953/1 3654/2955/1 3655/2958/1
f 3654/2955/1 690/2956/1 3655/2958/1
f 2295/2954/1 1496/953/1 174/952/1
f 2295/2954/1 3653/2953/1 1496/953/1
f 3653/2953/1 696/1247/1 1496/953/1
f 3652/2951/1 1341/3497/1 541/3496/1
f 3652/2951/1 2298/2942/1 1341/3497/1
f 2298/2942/1 115/424/1 1341/3497/1
f 3650/2948/1 3652/2951/1 541/3496/1
f 3650/2948/1 3651/2950/1 3652/2951/1
f 3651/2950/1 698/2940/1 3652/2951/1
f 2297/2949/1 2141/202/1 59/201/1
f 2297/2949/1 3650/2948/1 2141/202/1
f 3650/2948/1 541/3496/1 2141/202/1
f 3649/2946/1 2299/388/1 699/2933/1
f 3649/2946/1 2157/2945/1 2299/388/1
f 2157/2945/1 99/386/1 2299/388/1
f 3647/2941/1 3649/2946/1 699/2933/1
f 3647/2941/1 3648/2943/1 3649/2946/1
f 3648/2943/1 557/2944/1 3649/2946/1
f 2298/2942/1 1499/2935/1 115/424/1
f 2298/2942/1 3647/2941/1 1499/2935/1
f 3647/2941/1 699/2933/1 1499/2935/1
f 3646/2939/1 2301/2830/1 701/2829/1
f 3646/2939/1 2300/2938/1 2301/2830/1
f 2300/2938/1 11/21/1 2301/2830/1
f 3644/2934/1 3646/2939/1 701/2829/1
f 3644/2934/1 3645/2936/1 3646/2939/1
f 3645/2936/1 700/2937/1 3646/2939/1
f 1499/2935/1 1501/425/1 115/424/1
f 1499/2935/1 3644/2934/1 1501/425/1
f 3644/2934/1 701/2829/1 1501/425/1
f 3643/2932/1 1497/384/1 697/2947/1
f 3643/2932/1 1503/2925/1 1497/384/1
f 1503/2925/1 268/382/1 1497/384/1
f 3641/2930/1 3643/2932/1 697/2947/1
f 3641/2930/1 3642/2931/1 3643/2932/1
f 3642/2931/1 703/2923/1 3643/2932/1
f 2302/2902/1 2297/2949/1 59/201/1
f 2302/2902/1 3641/2930/1 2297/2949/1
f 3641/2930/1 697/2947/1 2297/2949/1
f 3640/2929/1 2304/395/1 704/2916/1
f 3640/2929/1 1354/2928/1 2304/395/1
f 1354/2928/1 267/393/1 2304/395/1
f 3638/2924/1 3640/2929/1 704/2916/1
f 3638/2924/1 3639/2926/1 3640/2929/1
f 3639/2926/1 554/2927/1 3640/2929/1
f 1503/2925/1 1504/2918/1 268/382/1
f 1503/2925/1 3638/2924/1 1504/2918/1
f 3638/2924/1 704/2916/1 1504/2918/1
f 3637/2922/1 2155/215/1 555/3454/1
f 3637/2922/1 2305/2921/1 2155/215/1
f 2305/2921/1 43/213/1 2155/215/1
f 3635/2917/1 3637/2922/1 555/3454/1
f 3635/2917/1 3636/2919/1 3637/2922/1
f 3636/2919/1 705/2920/1 3637/2922/1
f 1504/2918/1 1355/3456/1 268/382/1
f 1504/2918/1 3635/2917/1 1355/3456/1
f 3635/2917/1 555/3454/1 1355/3456/1
f 3634/2915/1 1113/4042/1 313/4041/1
f 3634/2915/1 1507/2906/1 1113/4042/1
f 1507/2906/1 171/969/1 1113/4042/1
f 3632/2912/1 3634/2915/1 313/4041/1
f 3632/2912/1 3633/2914/1 3634/2915/1
f 3633/2914/1 707/2904/1 3634/2915/1
f 2306/2913/1 1913/20/1 25/17/1
f 2306/2913/1 3632/2912/1 1913/20/1
f 3632/2912/1 313/4041/1 1913/20/1
f 3631/2910/1 1508/400/1 708/2897/1
f 3631/2910/1 1352/2909/1 1508/400/1
f 1352/2909/1 266/389/1 1508/400/1
f 3629/2905/1 3631/2910/1 708/2897/1
f 3629/2905/1 3630/2907/1 3631/2910/1
f 3630/2907/1 552/2908/1 3631/2910/1
f 1507/2906/1 2308/2899/1 171/969/1
f 1507/2906/1 3629/2905/1 2308/2899/1
f 3629/2905/1 708/2897/1 2308/2899/1
f 3628/2903/1 2309/1193/1 709/1192/1
f 3628/2903/1 2302/2902/1 2309/1193/1
f 2302/2902/1 59/201/1 2309/1193/1
f 3626/2898/1 3628/2903/1 709/1192/1
f 3626/2898/1 3627/2900/1 3628/2903/1
f 3627/2900/1 702/2901/1 3628/2903/1
f 2308/2899/1 1509/970/1 171/969/1
f 2308/2899/1 3626/2898/1 1509/970/1
f 3626/2898/1 709/1192/1 1509/970/1
f 3625/2896/1 1512/4097/1 712/4098/1
f 3625/2896/1 2311/2887/1 1512/4097/1
f 2311/2887/1 145/4099/1 1512/4097/1
f 3623/2893/1 3625/2896/1 712/4098/1
f 3623/2893/1 3624/2895/1 3625/2896/1
f 3624/2895/1 711/2885/1 3625/2896/1
f 2310/2894/1 2312/4100/1 33/4101/1
f 2310/2894/1 3623/2893/1 2312/4100/1
f 3623/2893/1 712/4098/1 2312/4100/1
f 3622/2891/1 2313/407/1 713/2880/1
f 3622/2891/1 2149/2890/1 2313/407/1
f 2149/2890/1 114/405/1 2313/407/1
f 3620/2886/1 3622/2891/1 713/2880/1
f 3620/2886/1 3621/2888/1 3622/2891/1
f 3621/2888/1 549/2889/1 3622/2891/1
f 2311/2887/1 1513/2882/1 145/4099/1
f 2311/2887/1 3620/2886/1 1513/2882/1
f 3620/2886/1 713/2880/1 1513/2882/1
f 3619/2884/1 2315/4102/1 715/4103/1
f 3619/2884/1 2314/2805/1 2315/4102/1
f 2314/2805/1 17/4104/1 2315/4102/1
f 3617/2881/1 3619/2884/1 715/4103/1
f 3617/2881/1 3618/2883/1 3619/2884/1
f 3618/2883/1 714/2803/1 3619/2884/1
f 1513/2882/1 1515/4105/1 145/4099/1
f 1513/2882/1 3617/2881/1 1515/4105/1
f 3617/2881/1 715/4103/1 1515/4105/1
f 3616/2879/1 1510/403/1 710/2892/1
f 3616/2879/1 1517/2872/1 1510/403/1
f 1517/2872/1 265/401/1 1510/403/1
f 3614/2877/1 3616/2879/1 710/2892/1
f 3614/2877/1 3615/2878/1 3616/2879/1
f 3615/2878/1 717/2870/1 3616/2879/1
f 2316/2849/1 2310/2894/1 33/4101/1
f 2316/2849/1 3614/2877/1 2310/2894/1
f 3614/2877/1 710/2892/1 2310/2894/1
f 3613/2876/1 2318/414/1 718/2863/1
f 3613/2876/1 1347/2875/1 2318/414/1
f 1347/2875/1 264/412/1 2318/414/1
f 3611/2871/1 3613/2876/1 718/2863/1
f 3611/2871/1 3612/2873/1 3613/2876/1
f 3612/2873/1 547/2874/1 3613/2876/1
f 1517/2872/1 1518/2865/1 265/401/1
f 1517/2872/1 3611/2871/1 1518/2865/1
f 3611/2871/1 718/2863/1 1518/2865/1
f 3610/2869/1 2148/208/1 548/3473/1
f 3610/2869/1 2319/2868/1 2148/208/1
f 2319/2868/1 58/197/1 2148/208/1
f 3608/2864/1 3610/2869/1 548/3473/1
f 3608/2864/1 3609/2866/1 3610/2869/1
f 3609/2866/1 719/2867/1 3610/2869/1
f 1518/2865/1 1348/3475/1 265/401/1
f 1518/2865/1 3608/2864/1 1348/3475/1
f 3608/2864/1 548/3473/1 1348/3475/1
f 3607/2862/1 1522/4106/1 722/4107/1
f 3607/2862/1 2321/2853/1 1522/4106/1
f 2321/2853/1 89/4108/1 1522/4106/1
f 3605/2859/1 3607/2862/1 722/4107/1
f 3605/2859/1 3606/2861/1 3607/2862/1
f 3606/2861/1 721/2851/1 3607/2862/1
f 2320/2860/1 2322/4109/1 7/4110/1
f 2320/2860/1 3605/2859/1 2322/4109/1
f 3605/2859/1 722/4107/1 2322/4109/1
f 3604/2857/1 1523/419/1 723/2844/1
f 3604/2857/1 1345/2856/1 1523/419/1
f 1345/2856/1 263/408/1 1523/419/1
f 3602/2852/1 3604/2857/1 723/2844/1
f 3602/2852/1 3603/2854/1 3604/2857/1
f 3603/2854/1 545/2855/1 3604/2857/1
f 2321/2853/1 2323/2846/1 89/4108/1
f 2321/2853/1 3602/2852/1 2323/2846/1
f 3602/2852/1 723/2844/1 2323/2846/1
f 3601/2850/1 2324/4111/1 724/4112/1
f 3601/2850/1 2316/2849/1 2324/4111/1
f 2316/2849/1 33/4101/1 2324/4111/1
f 3599/2845/1 3601/2850/1 724/4112/1
f 3599/2845/1 3600/2847/1 3601/2850/1
f 3600/2847/1 716/2848/1 3601/2850/1
f 2323/2846/1 1524/4113/1 89/4108/1
f 2323/2846/1 3599/2845/1 1524/4113/1
f 3599/2845/1 724/4112/1 1524/4113/1
f 3598/2843/1 1527/960/1 727/1219/1
f 3598/2843/1 2326/2834/1 1527/960/1
f 2326/2834/1 116/958/1 1527/960/1
f 3596/2840/1 3598/2843/1 727/1219/1
f 3596/2840/1 3597/2842/1 3598/2843/1
f 3597/2842/1 726/2832/1 3598/2843/1
f 2325/2841/1 2327/1221/1 60/190/1
f 2325/2841/1 3596/2840/1 2327/1221/1
f 3596/2840/1 727/1219/1 2327/1221/1
f 3595/2838/1 2328/426/1 728/2825/1
f 3595/2838/1 2142/2837/1 2328/426/1
f 2142/2837/1 115/424/1 2328/426/1
f 3593/2833/1 3595/2838/1 728/2825/1
f 3593/2833/1 3594/2835/1 3595/2838/1
f 3594/2835/1 542/2836/1 3595/2838/1
f 2326/2834/1 1528/2827/1 116/958/1
f 2326/2834/1 3593/2833/1 1528/2827/1
f 3593/2833/1 728/2825/1 1528/2827/1
f 3592/2831/1 1915/23/1 315/4030/1
f 3592/2831/1 2301/2830/1 1915/23/1
f 2301/2830/1 11/21/1 1915/23/1
f 3590/2826/1 3592/2831/1 315/4030/1
f 3590/2826/1 3591/2828/1 3592/2831/1
f 3591/2828/1 701/2829/1 3592/2831/1
f 1528/2827/1 1115/4032/1 116/958/1
f 1528/2827/1 3590/2826/1 1115/4032/1
f 3590/2826/1 315/4030/1 1115/4032/1
f 3589/2824/1 1525/422/1 725/2839/1
f 3589/2824/1 1530/2817/1 1525/422/1
f 1530/2817/1 262/420/1 1525/422/1
f 3587/2822/1 3589/2824/1 725/2839/1
f 3587/2822/1 3588/2823/1 3589/2824/1
f 3588/2823/1 730/2815/1 3589/2824/1
f 2329/2794/1 2325/2841/1 60/190/1
f 2329/2794/1 3587/2822/1 2325/2841/1
f 3587/2822/1 725/2839/1 2325/2841/1
f 3586/2821/1 2331/433/1 731/2808/1
f 3586/2821/1 1339/2820/1 2331/433/1
f 1339/2820/1 261/431/1 2331/433/1
f 3584/2816/1 3586/2821/1 731/2808/1
f 3584/2816/1 3585/2818/1 3586/2821/1
f 3585/2818/1 539/2819/1 3586/2821/1
f 1530/2817/1 1531/2810/1 262/420/1
f 1530/2817/1 3584/2816/1 1531/2810/1
f 3584/2816/1 731/2808/1 1531/2810/1
f 3583/2814/1 2140/203/1 540/3492/1
f 3583/2814/1 2332/2813/1 2140/203/1
f 2332/2813/1 59/201/1 2140/203/1
f 3581/2809/1 3583/2814/1 540/3492/1
f 3581/2809/1 3582/2811/1 3583/2814/1
f 3582/2811/1 732/2812/1 3583/2814/1
f 1531/2810/1 1340/3494/1 262/420/1
f 1531/2810/1 3581/2809/1 1340/3494/1
f 3581/2809/1 540/3492/1 1340/3494/1
f 3580/2807/1 1534/453/1 734/2748/1
f 3580/2807/1 1533/2798/1 1534/453/1
f 1533/2798/1 172/451/1 1534/453/1
f 3578/2804/1 3580/2807/1 734/2748/1
f 3578/2804/1 3579/2806/1 3580/2807/1
f 3579/2806/1 733/2796/1 3580/2807/1
f 2314/2805/1 2334/2750/1 17/4104/1
f 2314/2805/1 3578/2804/1 2334/2750/1
f 3578/2804/1 734/2748/1 2334/2750/1
f 3577/2802/1 1535/436/1 735/2789/1
f 3577/2802/1 1337/2801/1 1535/436/1
f 1337/2801/1 260/427/1 1535/436/1
f 3575/2797/1 3577/2802/1 735/2789/1
f 3575/2797/1 3576/2799/1 3577/2802/1
f 3576/2799/1 537/2800/1 3577/2802/1
f 1533/2798/1 2335/2791/1 172/451/1
f 1533/2798/1 3575/2797/1 2335/2791/1
f 3575/2797/1 735/2789/1 2335/2791/1
f 3574/2795/1 2127/192/1 527/3523/1
f 3574/2795/1 2329/2794/1 2127/192/1
f 2329/2794/1 60/190/1 2127/192/1
f 3572/2790/1 3574/2795/1 527/3523/1
f 3572/2790/1 3573/2792/1 3574/2795/1
f 3573/2792/1 729/2793/1 3574/2795/1
f 2335/2791/1 1327/3525/1 172/451/1
f 2335/2791/1 3572/2790/1 1327/3525/1
f 3572/2790/1 527/3523/1 1327/3525/1
f 3571/2788/1 1538/4114/1 738/4115/1
f 3571/2788/1 2337/2779/1 1538/4114/1
f 2337/2779/1 161/4116/1 1538/4114/1
f 3569/2785/1 3571/2788/1 738/4115/1
f 3569/2785/1 3570/2787/1 3571/2788/1
f 3570/2787/1 737/2777/1 3571/2788/1
f 2336/2786/1 2338/4117/1 49/4118/1
f 2336/2786/1 3569/2785/1 2338/4117/1
f 3569/2785/1 738/4115/1 2338/4117/1
f 3568/2783/1 2339/443/1 739/2770/1
f 3568/2783/1 2134/2782/1 2339/443/1
f 2134/2782/1 83/441/1 2339/443/1
f 3566/2778/1 3568/2783/1 739/2770/1
f 3566/2778/1 3567/2780/1 3568/2783/1
f 3567/2780/1 534/2781/1 3568/2783/1
f 2337/2779/1 1539/2772/1 161/4116/1
f 2337/2779/1 3566/2778/1 1539/2772/1
f 3566/2778/1 739/2770/1 1539/2772/1
f 3565/2776/1 2341/4119/1 741/4120/1
f 3565/2776/1 2340/2775/1 2341/4119/1
f 2340/2775/1 2/4121/1 2341/4119/1
f 3563/2771/1 3565/2776/1 741/4120/1
f 3563/2771/1 3564/2773/1 3565/2776/1
f 3564/2773/1 740/2774/1 3565/2776/1
f 1539/2772/1 1541/4122/1 161/4116/1
f 1539/2772/1 3563/2771/1 1541/4122/1
f 3563/2771/1 741/4120/1 1541/4122/1
f 3562/2769/1 1536/439/1 736/2784/1
f 3562/2769/1 1543/2762/1 1536/439/1
f 1543/2762/1 259/437/1 1536/439/1
f 3560/2767/1 3562/2769/1 736/2784/1
f 3560/2767/1 3561/2768/1 3562/2769/1
f 3561/2768/1 743/2760/1 3562/2769/1
f 2342/2739/1 2336/2786/1 49/4118/1
f 2342/2739/1 3560/2767/1 2336/2786/1
f 3560/2767/1 736/2784/1 2336/2786/1
f 3559/2766/1 2344/450/1 744/2753/1
f 3559/2766/1 1331/2765/1 2344/450/1
f 1331/2765/1 258/448/1 2344/450/1
f 3557/2761/1 3559/2766/1 744/2753/1
f 3557/2761/1 3558/2763/1 3559/2766/1
f 3558/2763/1 531/2764/1 3559/2766/1
f 1543/2762/1 1544/2755/1 259/437/1
f 1543/2762/1 3557/2761/1 1544/2755/1
f 3557/2761/1 744/2753/1 1544/2755/1
f 3556/2759/1 2132/196/1 532/3509/1
f 3556/2759/1 2345/2758/1 2132/196/1
f 2345/2758/1 27/194/1 2132/196/1
f 3554/2754/1 3556/2759/1 532/3509/1
f 3554/2754/1 3555/2756/1 3556/2759/1
f 3555/2756/1 745/2757/1 3556/2759/1
f 1544/2755/1 1332/3511/1 259/437/1
f 1544/2755/1 3554/2754/1 1332/3511/1
f 3554/2754/1 532/3509/1 1332/3511/1
f 3553/2752/1 1547/4123/1 747/4124/1
f 3553/2752/1 2346/2743/1 1547/4123/1
f 2346/2743/1 105/4125/1 1547/4123/1
f 3551/2749/1 3553/2752/1 747/4124/1
f 3551/2749/1 3552/2751/1 3553/2752/1
f 3552/2751/1 746/2741/1 3553/2752/1
f 2334/2750/1 2347/4126/1 17/4104/1
f 2334/2750/1 3551/2749/1 2347/4126/1
f 3551/2749/1 747/4124/1 2347/4126/1
f 3550/2747/1 1548/455/1 748/2734/1
f 3550/2747/1 1329/2746/1 1548/455/1
f 1329/2746/1 257/444/1 1548/455/1
f 3548/2742/1 3550/2747/1 748/2734/1
f 3548/2742/1 3549/2744/1 3550/2747/1
f 3549/2744/1 529/2745/1 3550/2747/1
f 2346/2743/1 2348/2736/1 105/4125/1
f 2346/2743/1 3548/2742/1 2348/2736/1
f 3548/2742/1 748/2734/1 2348/2736/1
f 3547/2740/1 2349/4127/1 749/4128/1
f 3547/2740/1 2342/2739/1 2349/4127/1
f 2342/2739/1 49/4118/1 2349/4127/1
f 3545/2735/1 3547/2740/1 749/4128/1
f 3545/2735/1 3546/2737/1 3547/2740/1
f 3546/2737/1 742/2738/1 3547/2740/1
f 2348/2736/1 1549/4129/1 105/4125/1
f 2348/2736/1 3545/2735/1 1549/4129/1
f 3545/2735/1 749/4128/1 1549/4129/1
f 3544/2733/1 1552/974/1 752/1183/1
f 3544/2733/1 2351/2724/1 1552/974/1
f 2351/2724/1 113/972/1 1552/974/1
f 3542/2730/1 3544/2733/1 752/1183/1
f 3542/2730/1 3543/2732/1 3544/2733/1
f 3543/2732/1 751/2722/1 3544/2733/1
f 2350/2731/1 2352/1185/1 57/204/1
f 2350/2731/1 3542/2730/1 2352/1185/1
f 3542/2730/1 752/1183/1 2352/1185/1
f 3541/2728/1 1553/462/1 753/2717/1
f 3541/2728/1 2126/2727/1 1553/462/1
f 2126/2727/1 117/460/1 1553/462/1
f 3539/2723/1 3541/2728/1 753/2717/1
f 3539/2723/1 3540/2725/1 3541/2728/1
f 3540/2725/1 526/2726/1 3541/2728/1
f 2351/2724/1 2353/2719/1 113/972/1
f 2351/2724/1 3539/2723/1 2353/2719/1
f 3539/2723/1 753/2717/1 2353/2719/1
f 3538/2721/1 1910/19/1 310/4044/1
f 3538/2721/1 2354/2644/1 1910/19/1
f 2354/2644/1 25/17/1 1910/19/1
f 3536/2718/1 3538/2721/1 310/4044/1
f 3536/2718/1 3537/2720/1 3538/2721/1
f 3537/2720/1 754/2642/1 3538/2721/1
f 2353/2719/1 1110/4046/1 113/972/1
f 2353/2719/1 3536/2718/1 1110/4046/1
f 3536/2718/1 310/4044/1 1110/4046/1
f 3535/2716/1 1550/458/1 750/2729/1
f 3535/2716/1 1556/2709/1 1550/458/1
f 1556/2709/1 256/456/1 1550/458/1
f 3533/2714/1 3535/2716/1 750/2729/1
f 3533/2714/1 3534/2715/1 3535/2716/1
f 3534/2715/1 756/2707/1 3535/2716/1
f 2355/2688/1 2350/2731/1 57/204/1
f 2355/2688/1 3533/2714/1 2350/2731/1
f 3533/2714/1 750/2729/1 2350/2731/1
f 3532/2713/1 2357/469/1 757/2700/1
f 3532/2713/1 1324/2712/1 2357/469/1
f 1324/2712/1 255/467/1 2357/469/1
f 3530/2708/1 3532/2713/1 757/2700/1
f 3530/2708/1 3531/2710/1 3532/2713/1
f 3531/2710/1 524/2711/1 3532/2713/1
f 1556/2709/1 1557/2702/1 256/456/1
f 1556/2709/1 3530/2708/1 1557/2702/1
f 3530/2708/1 757/2700/1 1557/2702/1
f 3529/2706/1 2125/189/1 525/3528/1
f 3529/2706/1 2358/2705/1 2125/189/1
f 2358/2705/1 61/180/1 2125/189/1
f 3527/2701/1 3529/2706/1 525/3528/1
f 3527/2701/1 3528/2703/1 3529/2706/1
f 3528/2703/1 758/2704/1 3529/2706/1
f 1557/2702/1 1325/3530/1 256/456/1
f 1557/2702/1 3527/2701/1 1325/3530/1
f 3527/2701/1 525/3528/1 1325/3530/1
f 3526/2699/1 1520/417/1 720/2858/1
f 3526/2699/1 1560/2692/1 1520/417/1
f 1560/2692/1 169/415/1 1520/417/1
f 3524/2697/1 3526/2699/1 720/2858/1
f 3524/2697/1 3525/2698/1 3526/2699/1
f 3525/2698/1 760/2690/1 3526/2699/1
f 2359/2453/1 2320/2860/1 7/4110/1
f 2359/2453/1 3524/2697/1 2320/2860/1
f 3524/2697/1 720/2858/1 2320/2860/1
f 3523/2696/1 1561/474/1 761/2683/1
f 3523/2696/1 1322/2695/1 1561/474/1
f 1322/2695/1 254/463/1 1561/474/1
f 3521/2691/1 3523/2696/1 761/2683/1
f 3521/2691/1 3522/2693/1 3523/2696/1
f 3522/2693/1 522/2694/1 3523/2696/1
f 1560/2692/1 2361/2685/1 169/415/1
f 1560/2692/1 3521/2691/1 2361/2685/1
f 3521/2691/1 761/2683/1 2361/2685/1
f 3520/2689/1 2143/206/1 543/3487/1
f 3520/2689/1 2355/2688/1 2143/206/1
f 2355/2688/1 57/204/1 2143/206/1
f 3518/2684/1 3520/2689/1 543/3487/1
f 3518/2684/1 3519/2686/1 3520/2689/1
f 3519/2686/1 755/2687/1 3520/2689/1
f 2361/2685/1 1343/3489/1 169/415/1
f 2361/2685/1 3518/2684/1 1343/3489/1
f 3518/2684/1 543/3487/1 1343/3489/1
f 3517/2682/1 1564/943/1 764/1274/1
f 3517/2682/1 2363/2673/1 1564/943/1
f 2363/2673/1 119/941/1 1564/943/1
f 3515/2679/1 3517/2682/1 764/1274/1
f 3515/2679/1 3516/2681/1 3517/2682/1
f 3516/2681/1 763/2671/1 3517/2682/1
f 2362/2680/1 2364/1276/1 63/173/1
f 2362/2680/1 3515/2679/1 2364/1276/1
f 3515/2679/1 764/1274/1 2364/1276/1
f 3514/2677/1 2365/481/1 765/2664/1
f 3514/2677/1 2120/2676/1 2365/481/1
f 2120/2676/1 118/479/1 2365/481/1
f 3512/2672/1 3514/2677/1 765/2664/1
f 3512/2672/1 3513/2674/1 3514/2677/1
f 3513/2674/1 520/2675/1 3514/2677/1
f 2363/2673/1 1565/2666/1 119/941/1
f 2363/2673/1 3512/2672/1 1565/2666/1
f 3512/2672/1 765/2664/1 1565/2666/1
f 3511/2670/1 1923/30/1 323/4013/1
f 3511/2670/1 2289/2669/1 1923/30/1
f 2289/2669/1 24/28/1 1923/30/1
f 3509/2665/1 3511/2670/1 323/4013/1
f 3509/2665/1 3510/2667/1 3511/2670/1
f 3510/2667/1 689/2668/1 3511/2670/1
f 1565/2666/1 1123/4015/1 119/941/1
f 1565/2666/1 3509/2665/1 1123/4015/1
f 3509/2665/1 323/4013/1 1123/4015/1
f 3508/2663/1 1562/477/1 762/2678/1
f 3508/2663/1 1567/2656/1 1562/477/1
f 1567/2656/1 253/475/1 1562/477/1
f 3506/2661/1 3508/2663/1 762/2678/1
f 3506/2661/1 3507/2662/1 3508/2663/1
f 3507/2662/1 767/2654/1 3508/2663/1
f 2366/2633/1 2362/2680/1 63/173/1
f 2366/2633/1 3506/2661/1 2362/2680/1
f 3506/2661/1 762/2678/1 2362/2680/1
f 3505/2660/1 2368/488/1 768/2647/1
f 3505/2660/1 1317/2659/1 2368/488/1
f 1317/2659/1 252/486/1 2368/488/1
f 3503/2655/1 3505/2660/1 768/2647/1
f 3503/2655/1 3504/2657/1 3505/2660/1
f 3504/2657/1 517/2658/1 3505/2660/1
f 1567/2656/1 1568/2649/1 253/475/1
f 1567/2656/1 3503/2655/1 1568/2649/1
f 3503/2655/1 768/2647/1 1568/2649/1
f 3502/2653/1 2118/186/1 518/3547/1
f 3502/2653/1 2369/2652/1 2118/186/1
f 2369/2652/1 62/184/1 2118/186/1
f 3500/2648/1 3502/2653/1 518/3547/1
f 3500/2648/1 3501/2650/1 3502/2653/1
f 3501/2650/1 769/2651/1 3502/2653/1
f 1568/2649/1 1318/3549/1 253/475/1
f 1568/2649/1 3500/2648/1 1318/3549/1
f 3500/2648/1 518/3547/1 1318/3549/1
f 3499/2646/1 1571/508/1 771/2587/1
f 3499/2646/1 1570/2637/1 1571/508/1
f 1570/2637/1 175/506/1 1571/508/1
f 3497/2643/1 3499/2646/1 771/2587/1
f 3497/2643/1 3498/2645/1 3499/2646/1
f 3498/2645/1 770/2635/1 3499/2646/1
f 2354/2644/1 2371/2589/1 25/17/1
f 2354/2644/1 3497/2643/1 2371/2589/1
f 3497/2643/1 771/2587/1 2371/2589/1
f 3496/2641/1 1572/491/1 772/2628/1
f 3496/2641/1 1315/2640/1 1572/491/1
f 1315/2640/1 251/482/1 1572/491/1
f 3494/2636/1 3496/2641/1 772/2628/1
f 3494/2636/1 3495/2638/1 3496/2641/1
f 3495/2638/1 515/2639/1 3496/2641/1
f 1570/2637/1 2372/2630/1 175/506/1
f 1570/2637/1 3494/2636/1 2372/2630/1
f 3494/2636/1 772/2628/1 2372/2630/1
f 3493/2634/1 2105/175/1 505/3578/1
f 3493/2634/1 2366/2633/1 2105/175/1
f 2366/2633/1 63/173/1 2105/175/1
f 3491/2629/1 3493/2634/1 505/3578/1
f 3491/2629/1 3492/2631/1 3493/2634/1
f 3492/2631/1 766/2632/1 3493/2634/1
f 2372/2630/1 1305/3580/1 175/506/1
f 2372/2630/1 3491/2629/1 1305/3580/1
f 3491/2629/1 505/3578/1 1305/3580/1
f 3490/2627/1 1575/979/1 775/1164/1
f 3490/2627/1 2374/2618/1 1575/979/1
f 2374/2618/1 97/977/1 1575/979/1
f 3488/2624/1 3490/2627/1 775/1164/1
f 3488/2624/1 3489/2626/1 3490/2627/1
f 3489/2626/1 774/2616/1 3490/2627/1
f 2373/2625/1 2375/1166/1 41/209/1
f 2373/2625/1 3488/2624/1 2375/1166/1
f 3488/2624/1 775/1164/1 2375/1166/1
f 3487/2622/1 2376/498/1 776/2609/1
f 3487/2622/1 2112/2621/1 2376/498/1
f 2112/2621/1 96/496/1 2376/498/1
f 3485/2617/1 3487/2622/1 776/2609/1
f 3485/2617/1 3486/2619/1 3487/2622/1
f 3486/2619/1 512/2620/1 3487/2622/1
f 2374/2618/1 1576/2611/1 97/977/1
f 2374/2618/1 3485/2617/1 1576/2611/1
f 3485/2617/1 776/2609/1 1576/2611/1
f 3484/2615/1 1907/16/1 307/4049/1
f 3484/2615/1 2377/2614/1 1907/16/1
f 2377/2614/1 6/14/1 1907/16/1
f 3482/2610/1 3484/2615/1 307/4049/1
f 3482/2610/1 3483/2612/1 3484/2615/1
f 3483/2612/1 777/2613/1 3484/2615/1
f 1576/2611/1 1107/4051/1 97/977/1
f 1576/2611/1 3482/2610/1 1107/4051/1
f 3482/2610/1 307/4049/1 1107/4051/1
f 3481/2608/1 1573/494/1 773/2623/1
f 3481/2608/1 1579/2601/1 1573/494/1
f 1579/2601/1 250/492/1 1573/494/1
f 3479/2606/1 3481/2608/1 773/2623/1
f 3479/2606/1 3480/2607/1 3481/2608/1
f 3480/2607/1 779/2599/1 3481/2608/1
f 2378/2578/1 2373/2625/1 41/209/1
f 2378/2578/1 3479/2606/1 2373/2625/1
f 3479/2606/1 773/2623/1 2373/2625/1
f 3478/2605/1 2380/505/1 780/2592/1
f 3478/2605/1 1309/2604/1 2380/505/1
f 1309/2604/1 249/503/1 2380/505/1
f 3476/2600/1 3478/2605/1 780/2592/1
f 3476/2600/1 3477/2602/1 3478/2605/1
f 3477/2602/1 509/2603/1 3478/2605/1
f 1579/2601/1 1580/2594/1 250/492/1
f 1579/2601/1 3476/2600/1 1580/2594/1
f 3476/2600/1 780/2592/1 1580/2594/1
f 3475/2598/1 2110/179/1 510/3564/1
f 3475/2598/1 2381/2597/1 2110/179/1
f 2381/2597/1 40/177/1 2110/179/1
f 3473/2593/1 3475/2598/1 510/3564/1
f 3473/2593/1 3474/2595/1 3475/2598/1
f 3474/2595/1 781/2596/1 3475/2598/1
f 1580/2594/1 1310/3566/1 250/492/1
f 1580/2594/1 3473/2593/1 1310/3566/1
f 3473/2593/1 510/3564/1 1310/3566/1
f 3472/2591/1 1506/398/1 706/2911/1
f 3472/2591/1 2382/2582/1 1506/398/1
f 2382/2582/1 153/396/1 1506/398/1
f 3470/2588/1 3472/2591/1 706/2911/1
f 3470/2588/1 3471/2590/1 3472/2591/1
f 3471/2590/1 782/2580/1 3472/2591/1
f 2371/2589/1 2306/2913/1 25/17/1
f 2371/2589/1 3470/2588/1 2306/2913/1
f 3470/2588/1 706/2911/1 2306/2913/1
f 3469/2586/1 1583/510/1 783/2573/1
f 3469/2586/1 1307/2585/1 1583/510/1
f 1307/2585/1 248/499/1 1583/510/1
f 3467/2581/1 3469/2586/1 783/2573/1
f 3467/2581/1 3468/2583/1 3469/2586/1
f 3468/2583/1 507/2584/1 3469/2586/1
f 2382/2582/1 2383/2575/1 153/396/1
f 2382/2582/1 3467/2581/1 2383/2575/1
f 3467/2581/1 783/2573/1 2383/2575/1
f 3466/2579/1 2150/211/1 550/3468/1
f 3466/2579/1 2378/2578/1 2150/211/1
f 2378/2578/1 41/209/1 2150/211/1
f 3464/2574/1 3466/2579/1 550/3468/1
f 3464/2574/1 3465/2576/1 3466/2579/1
f 3465/2576/1 778/2577/1 3466/2579/1
f 2383/2575/1 1350/3470/1 153/396/1
f 2383/2575/1 3464/2574/1 1350/3470/1
f 3464/2574/1 550/3468/1 1350/3470/1
f 3463/2572/1 1586/4130/1 786/4131/1
f 3463/2572/1 2385/2563/1 1586/4130/1
f 2385/2563/1 140/4132/1 1586/4130/1
f 3461/2569/1 3463/2572/1 786/4131/1
f 3461/2569/1 3462/2571/1 3463/2572/1
f 3462/2571/1 785/2561/1 3463/2572/1
f 2384/2570/1 2386/4133/1 28/4134/1
f 2384/2570/1 3461/2569/1 2386/4133/1
f 3461/2569/1 786/4131/1 2386/4133/1
f 3460/2567/1 2387/517/1 787/2556/1
f 3460/2567/1 2104/2566/1 2387/517/1
f 2104/2566/1 120/515/1 2387/517/1
f 3458/2562/1 3460/2567/1 787/2556/1
f 3458/2562/1 3459/2564/1 3460/2567/1
f 3459/2564/1 504/2565/1 3460/2567/1
f 2385/2563/1 1587/2558/1 140/4132/1
f 2385/2563/1 3458/2562/1 1587/2558/1
f 3458/2562/1 787/2556/1 1587/2558/1
f 3457/2560/1 2389/4135/1 789/4136/1
f 3457/2560/1 2388/2483/1 2389/4135/1
f 2388/2483/1 12/4137/1 2389/4135/1
f 3455/2557/1 3457/2560/1 789/4136/1
f 3455/2557/1 3456/2559/1 3457/2560/1
f 3456/2559/1 788/2481/1 3457/2560/1
f 1587/2558/1 1589/4138/1 140/4132/1
f 1587/2558/1 3455/2557/1 1589/4138/1
f 3455/2557/1 789/4136/1 1589/4138/1
f 3454/2555/1 1584/513/1 784/2568/1
f 3454/2555/1 1591/2548/1 1584/513/1
f 1591/2548/1 247/511/1 1584/513/1
f 3452/2553/1 3454/2555/1 784/2568/1
f 3452/2553/1 3453/2554/1 3454/2555/1
f 3453/2554/1 791/2546/1 3454/2555/1
f 2390/2527/1 2384/2570/1 28/4134/1
f 2390/2527/1 3452/2553/1 2384/2570/1
f 3452/2553/1 784/2568/1 2384/2570/1
f 3451/2552/1 2392/524/1 792/2539/1
f 3451/2552/1 1302/2551/1 2392/524/1
f 1302/2551/1 246/522/1 2392/524/1
f 3449/2547/1 3451/2552/1 792/2539/1
f 3449/2547/1 3450/2549/1 3451/2552/1
f 3450/2549/1 502/2550/1 3451/2552/1
f 1591/2548/1 1592/2541/1 247/511/1
f 1591/2548/1 3449/2547/1 1592/2541/1
f 3449/2547/1 792/2539/1 1592/2541/1
f 3448/2545/1 2103/172/1 503/3583/1
f 3448/2545/1 2393/2544/1 2103/172/1
f 2393/2544/1 64/163/1 2103/172/1
f 3446/2540/1 3448/2545/1 503/3583/1
f 3446/2540/1 3447/2542/1 3448/2545/1
f 3447/2542/1 793/2543/1 3448/2545/1
f 1592/2541/1 1303/3585/1 247/511/1
f 1592/2541/1 3446/2540/1 1303/3585/1
f 3446/2540/1 503/3583/1 1303/3585/1
f 3445/2538/1 1596/4139/1 796/4140/1
f 3445/2538/1 2395/2531/1 1596/4139/1
f 2395/2531/1 84/4141/1 1596/4139/1
f 3443/2536/1 3445/2538/1 796/4140/1
f 3443/2536/1 3444/2537/1 3445/2538/1
f 3444/2537/1 795/2529/1 3445/2538/1
f 2394/2290/1 2396/4142/1 4/4143/1
f 2394/2290/1 3443/2536/1 2396/4142/1
f 3443/2536/1 796/4140/1 2396/4142/1
f 3442/2535/1 1597/529/1 797/2522/1
f 3442/2535/1 1300/2534/1 1597/529/1
f 1300/2534/1 245/518/1 1597/529/1
f 3440/2530/1 3442/2535/1 797/2522/1
f 3440/2530/1 3441/2532/1 3442/2535/1
f 3441/2532/1 500/2533/1 3442/2535/1
f 2395/2531/1 2397/2524/1 84/4141/1
f 2395/2531/1 3440/2530/1 2397/2524/1
f 3440/2530/1 797/2522/1 2397/2524/1
f 3439/2528/1 2398/4144/1 798/4145/1
f 3439/2528/1 2390/2527/1 2398/4144/1
f 2390/2527/1 28/4134/1 2398/4144/1
f 3437/2523/1 3439/2528/1 798/4145/1
f 3437/2523/1 3438/2525/1 3439/2528/1
f 3438/2525/1 790/2526/1 3439/2528/1
f 2397/2524/1 1598/4146/1 84/4141/1
f 2397/2524/1 3437/2523/1 1598/4146/1
f 3437/2523/1 798/4145/1 1598/4146/1
f 3436/2521/1 1601/926/1 801/1327/1
f 3436/2521/1 2400/2512/1 1601/926/1
f 2400/2512/1 122/924/1 1601/926/1
f 3434/2518/1 3436/2521/1 801/1327/1
f 3434/2518/1 3435/2520/1 3436/2521/1
f 3435/2520/1 800/2510/1 3436/2521/1
f 2399/2519/1 2401/1329/1 66/156/1
f 2399/2519/1 3434/2518/1 2401/1329/1
f 3434/2518/1 801/1327/1 2401/1329/1
f 3433/2516/1 2402/536/1 802/2503/1
f 3433/2516/1 2098/2515/1 2402/536/1
f 2098/2515/1 121/534/1 2402/536/1
f 3431/2511/1 3433/2516/1 802/2503/1
f 3431/2511/1 3432/2513/1 3433/2516/1
f 3432/2513/1 498/2514/1 3433/2516/1
f 2400/2512/1 1602/2505/1 122/924/1
f 2400/2512/1 3431/2511/1 1602/2505/1
f 3431/2511/1 802/2503/1 1602/2505/1
f 3430/2509/1 1931/35/1 331/3996/1
f 3430/2509/1 2277/2508/1 1931/35/1
f 2277/2508/1 23/24/1 1931/35/1
f 3428/2504/1 3430/2509/1 331/3996/1
f 3428/2504/1 3429/2506/1 3430/2509/1
f 3429/2506/1 677/2507/1 3430/2509/1
f 1602/2505/1 1131/3998/1 122/924/1
f 1602/2505/1 3428/2504/1 1131/3998/1
f 3428/2504/1 331/3996/1 1131/3998/1
f 3427/2502/1 1599/532/1 799/2517/1
f 3427/2502/1 1604/2495/1 1599/532/1
f 1604/2495/1 244/530/1 1599/532/1
f 3425/2500/1 3427/2502/1 799/2517/1
f 3425/2500/1 3426/2501/1 3427/2502/1
f 3426/2501/1 804/2493/1 3427/2502/1
f 2403/2472/1 2399/2519/1 66/156/1
f 2403/2472/1 3425/2500/1 2399/2519/1
f 3425/2500/1 799/2517/1 2399/2519/1
f 3424/2499/1 2405/543/1 805/2486/1
f 3424/2499/1 1295/2498/1 2405/543/1
f 1295/2498/1 243/541/1 2405/543/1
f 3422/2494/1 3424/2499/1 805/2486/1
f 3422/2494/1 3423/2496/1 3424/2499/1
f 3423/2496/1 495/2497/1 3424/2499/1
f 1604/2495/1 1605/2488/1 244/530/1
f 1604/2495/1 3422/2494/1 1605/2488/1
f 3422/2494/1 805/2486/1 1605/2488/1
f 3421/2492/1 2096/169/1 496/3602/1
f 3421/2492/1 2406/2491/1 2096/169/1
f 2406/2491/1 65/167/1 2096/169/1
f 3419/2487/1 3421/2492/1 496/3602/1
f 3419/2487/1 3420/2489/1 3421/2492/1
f 3420/2489/1 806/2490/1 3421/2492/1
f 1605/2488/1 1296/3604/1 244/530/1
f 1605/2488/1 3419/2487/1 1296/3604/1
f 3419/2487/1 496/3602/1 1296/3604/1
f 3418/2485/1 1608/561/1 808/2426/1
f 3418/2485/1 1607/2476/1 1608/561/1
f 1607/2476/1 178/559/1 1608/561/1
f 3416/2482/1 3418/2485/1 808/2426/1
f 3416/2482/1 3417/2484/1 3418/2485/1
f 3417/2484/1 807/2474/1 3418/2485/1
f 2388/2483/1 2408/2428/1 12/4137/1
f 2388/2483/1 3416/2482/1 2408/2428/1
f 3416/2482/1 808/2426/1 2408/2428/1
f 3415/2480/1 1609/546/1 809/2467/1
f 3415/2480/1 1293/2479/1 1609/546/1
f 1293/2479/1 242/537/1 1609/546/1
f 3413/2475/1 3415/2480/1 809/2467/1
f 3413/2475/1 3414/2477/1 3415/2480/1
f 3414/2477/1 493/2478/1 3415/2480/1
f 1607/2476/1 2409/2469/1 178/559/1
f 1607/2476/1 3413/2475/1 2409/2469/1
f 3413/2475/1 809/2467/1 2409/2469/1
f 3412/2473/1 2083/158/1 483/3631/1
f 3412/2473/1 2403/2472/1 2083/158/1
f 2403/2472/1 66/156/1 2083/158/1
f 3410/2468/1 3412/2473/1 483/3631/1
f 3410/2468/1 3411/2470/1 3412/2473/1
f 3411/2470/1 803/2471/1 3412/2473/1
f 2409/2469/1 1283/3633/1 178/559/1
f 2409/2469/1 3410/2468/1 1283/3633/1
f 3410/2468/1 483/3631/1 1283/3633/1
f 3409/2466/1 1612/4147/1 812/4148/1
f 3409/2466/1 2411/2457/1 1612/4147/1
f 2411/2457/1 156/4149/1 1612/4147/1
f 3407/2463/1 3409/2466/1 812/4148/1
f 3407/2463/1 3408/2465/1 3409/2466/1
f 3408/2465/1 811/2455/1 3409/2466/1
f 2410/2464/1 2412/4150/1 44/4151/1
f 2410/2464/1 3407/2463/1 2412/4150/1
f 3407/2463/1 812/4148/1 2412/4150/1
f 3406/2461/1 2413/551/1 813/2448/1
f 3406/2461/1 2090/2460/1 2413/551/1
f 2090/2460/1 95/470/1 2413/551/1
f 3404/2456/1 3406/2461/1 813/2448/1
f 3404/2456/1 3405/2458/1 3406/2461/1
f 3405/2458/1 490/2459/1 3406/2461/1
f 2411/2457/1 1613/2450/1 156/4149/1
f 2411/2457/1 3404/2456/1 1613/2450/1
f 3404/2456/1 813/2448/1 1613/2450/1
f 3403/2454/1 2414/4152/1 814/4153/1
f 3403/2454/1 2359/2453/1 2414/4152/1
f 2359/2453/1 7/4110/1 2414/4152/1
f 3401/2449/1 3403/2454/1 814/4153/1
f 3401/2449/1 3402/2451/1 3403/2454/1
f 3402/2451/1 759/2452/1 3403/2454/1
f 1613/2450/1 1614/4154/1 156/4149/1
f 1613/2450/1 3401/2449/1 1614/4154/1
f 3401/2449/1 814/4153/1 1614/4154/1
f 3400/2447/1 1610/549/1 810/2462/1
f 3400/2447/1 1616/2440/1 1610/549/1
f 1616/2440/1 241/547/1 1610/549/1
f 3398/2445/1 3400/2447/1 810/2462/1
f 3398/2445/1 3399/2446/1 3400/2447/1
f 3399/2446/1 816/2438/1 3400/2447/1
f 2415/2417/1 2410/2464/1 44/4151/1
f 2415/2417/1 3398/2445/1 2410/2464/1
f 3398/2445/1 810/2462/1 2410/2464/1
f 3397/2444/1 2417/558/1 817/2431/1
f 3397/2444/1 1287/2443/1 2417/558/1
f 1287/2443/1 240/556/1 2417/558/1
f 3395/2439/1 3397/2444/1 817/2431/1
f 3395/2439/1 3396/2441/1 3397/2444/1
f 3396/2441/1 487/2442/1 3397/2444/1
f 1616/2440/1 1617/2433/1 241/547/1
f 1616/2440/1 3395/2439/1 1617/2433/1
f 3395/2439/1 817/2431/1 1617/2433/1
f 3394/2437/1 2088/162/1 488/3619/1
f 3394/2437/1 2418/2436/1 2088/162/1
f 2418/2436/1 39/160/1 2088/162/1
f 3392/2432/1 3394/2437/1 488/3619/1
f 3392/2432/1 3393/2434/1 3394/2437/1
f 3393/2434/1 818/2435/1 3394/2437/1
f 1617/2433/1 1288/3621/1 241/547/1
f 1617/2433/1 3392/2432/1 1288/3621/1
f 3392/2432/1 488/3619/1 1288/3621/1
f 3391/2430/1 1620/4155/1 820/4156/1
f 3391/2430/1 2419/2421/1 1620/4155/1
f 2419/2421/1 100/4157/1 1620/4155/1
f 3389/2427/1 3391/2430/1 820/4156/1
f 3389/2427/1 3390/2429/1 3391/2430/1
f 3390/2429/1 819/2419/1 3391/2430/1
f 2408/2428/1 2420/4158/1 12/4137/1
f 2408/2428/1 3389/2427/1 2420/4158/1
f 3389/2427/1 820/4156/1 2420/4158/1
f 3388/2425/1 1621/563/1 821/2412/1
f 3388/2425/1 1285/2424/1 1621/563/1
f 1285/2424/1 239/552/1 1621/563/1
f 3386/2420/1 3388/2425/1 821/2412/1
f 3386/2420/1 3387/2422/1 3388/2425/1
f 3387/2422/1 485/2423/1 3388/2425/1
f 2419/2421/1 2421/2414/1 100/4157/1
f 2419/2421/1 3386/2420/1 2421/2414/1
f 3386/2420/1 821/2412/1 2421/2414/1
f 3385/2418/1 2422/4159/1 822/4160/1
f 3385/2418/1 2415/2417/1 2422/4159/1
f 2415/2417/1 44/4151/1 2422/4159/1
f 3383/2413/1 3385/2418/1 822/4160/1
f 3383/2413/1 3384/2415/1 3385/2418/1
f 3384/2415/1 815/2416/1 3385/2418/1
f 2421/2414/1 1622/4161/1 100/4157/1
f 2421/2414/1 3383/2413/1 1622/4161/1
f 3383/2413/1 822/4160/1 1622/4161/1
f 3382/2411/1 1625/4162/1 825/4163/1
f 3382/2411/1 2424/2402/1 1625/4162/1
f 2424/2402/1 146/4164/1 1625/4162/1
f 3380/2408/1 3382/2411/1 825/4163/1
f 3380/2408/1 3381/2410/1 3382/2411/1
f 3381/2410/1 824/2400/1 3382/2411/1
f 2423/2409/1 2425/4165/1 34/4166/1
f 2423/2409/1 3380/2408/1 2425/4165/1
f 3380/2408/1 825/4163/1 2425/4165/1
f 3379/2406/1 2426/570/1 826/2395/1
f 3379/2406/1 2082/2405/1 2426/570/1
f 2082/2405/1 123/568/1 2426/570/1
f 3377/2401/1 3379/2406/1 826/2395/1
f 3377/2401/1 3378/2403/1 3379/2406/1
f 3378/2403/1 482/2404/1 3379/2406/1
f 2424/2402/1 1626/2397/1 146/4164/1
f 2424/2402/1 3377/2401/1 1626/2397/1
f 3377/2401/1 826/2395/1 1626/2397/1
f 3376/2399/1 2428/4167/1 828/4168/1
f 3376/2399/1 2427/2320/1 2428/4167/1
f 2427/2320/1 18/4169/1 2428/4167/1
f 3374/2396/1 3376/2399/1 828/4168/1
f 3374/2396/1 3375/2398/1 3376/2399/1
f 3375/2398/1 827/2318/1 3376/2399/1
f 1626/2397/1 1628/4170/1 146/4164/1
f 1626/2397/1 3374/2396/1 1628/4170/1
f 3374/2396/1 828/4168/1 1628/4170/1
f 3373/2394/1 1623/566/1 823/2407/1
f 3373/2394/1 1630/2387/1 1623/566/1
f 1630/2387/1 238/564/1 1623/566/1
f 3371/2392/1 3373/2394/1 823/2407/1
f 3371/2392/1 3372/2393/1 3373/2394/1
f 3372/2393/1 830/2385/1 3373/2394/1
f 2429/2364/1 2423/2409/1 34/4166/1
f 2429/2364/1 3371/2392/1 2423/2409/1
f 3371/2392/1 823/2407/1 2423/2409/1
f 3370/2391/1 2431/577/1 831/2378/1
f 3370/2391/1 1280/2390/1 2431/577/1
f 1280/2390/1 237/575/1 2431/577/1
f 3368/2386/1 3370/2391/1 831/2378/1
f 3368/2386/1 3369/2388/1 3370/2391/1
f 3369/2388/1 480/2389/1 3370/2391/1
f 1630/2387/1 1631/2380/1 238/564/1
f 1630/2387/1 3368/2386/1 1631/2380/1
f 3368/2386/1 831/2378/1 1631/2380/1
f 3367/2384/1 2081/155/1 481/3636/1
f 3367/2384/1 2432/2383/1 2081/155/1
f 2432/2383/1 67/144/1 2081/155/1
f 3365/2379/1 3367/2384/1 481/3636/1
f 3365/2379/1 3366/2381/1 3367/2384/1
f 3366/2381/1 832/2382/1 3367/2384/1
f 1631/2380/1 1281/3638/1 238/564/1
f 1631/2380/1 3365/2379/1 1281/3638/1
f 3365/2379/1 481/3636/1 1281/3638/1
f 3364/2377/1 1635/4171/1 835/4172/1
f 3364/2377/1 2434/2368/1 1635/4171/1
f 2434/2368/1 90/4173/1 1635/4171/1
f 3362/2374/1 3364/2377/1 835/4172/1
f 3362/2374/1 3363/2376/1 3364/2377/1
f 3363/2376/1 834/2366/1 3364/2377/1
f 2433/2375/1 2435/4174/1 8/4175/1
f 2433/2375/1 3362/2374/1 2435/4174/1
f 3362/2374/1 835/4172/1 2435/4174/1
f 3361/2372/1 1636/582/1 836/2359/1
f 3361/2372/1 1278/2371/1 1636/582/1
f 1278/2371/1 236/571/1 1636/582/1
f 3359/2367/1 3361/2372/1 836/2359/1
f 3359/2367/1 3360/2369/1 3361/2372/1
f 3360/2369/1 478/2370/1 3361/2372/1
f 2434/2368/1 2436/2361/1 90/4173/1
f 2434/2368/1 3359/2367/1 2436/2361/1
f 3359/2367/1 836/2359/1 2436/2361/1
f 3358/2365/1 2437/4176/1 837/4177/1
f 3358/2365/1 2429/2364/1 2437/4176/1
f 2429/2364/1 34/4166/1 2437/4176/1
f 3356/2360/1 3358/2365/1 837/4177/1
f 3356/2360/1 3357/2362/1 3358/2365/1
f 3357/2362/1 829/2363/1 3358/2365/1
f 2436/2361/1 1637/4178/1 90/4173/1
f 2436/2361/1 3356/2360/1 1637/4178/1
f 3356/2360/1 837/4177/1 1637/4178/1
f 3355/2358/1 1640/907/1 840/1380/1
f 3355/2358/1 2439/2349/1 1640/907/1
f 2439/2349/1 125/905/1 1640/907/1
f 3353/2355/1 3355/2358/1 840/1380/1
f 3353/2355/1 3354/2357/1 3355/2358/1
f 3354/2357/1 839/2347/1 3355/2358/1
f 2438/2356/1 2440/1382/1 69/137/1
f 2438/2356/1 3353/2355/1 2440/1382/1
f 3353/2355/1 840/1380/1 2440/1382/1
f 3352/2353/1 2441/589/1 841/2340/1
f 3352/2353/1 2075/2352/1 2441/589/1
f 2075/2352/1 124/587/1 2441/589/1
f 3350/2348/1 3352/2353/1 841/2340/1
f 3350/2348/1 3351/2350/1 3352/2353/1
f 3351/2350/1 475/2351/1 3352/2353/1
f 2439/2349/1 1641/2342/1 125/905/1
f 2439/2349/1 3350/2348/1 1641/2342/1
f 3350/2348/1 841/2340/1 1641/2342/1
f 3349/2346/1 1938/40/1 338/3977/1
f 3349/2346/1 2264/2345/1 1938/40/1
f 2264/2345/1 19/31/1 1938/40/1
f 3347/2341/1 3349/2346/1 338/3977/1
f 3347/2341/1 3348/2343/1 3349/2346/1
f 3348/2343/1 664/2344/1 3349/2346/1
f 1641/2342/1 1138/3979/1 125/905/1
f 1641/2342/1 3347/2341/1 1138/3979/1
f 3347/2341/1 338/3977/1 1138/3979/1
f 3346/2339/1 1638/585/1 838/2354/1
f 3346/2339/1 1643/2332/1 1638/585/1
f 1643/2332/1 235/583/1 1638/585/1
f 3344/2337/1 3346/2339/1 838/2354/1
f 3344/2337/1 3345/2338/1 3346/2339/1
f 3345/2338/1 843/2330/1 3346/2339/1
f 2442/2309/1 2438/2356/1 69/137/1
f 2442/2309/1 3344/2337/1 2438/2356/1
f 3344/2337/1 838/2354/1 2438/2356/1
f 3343/2336/1 2444/596/1 844/2323/1
f 3343/2336/1 1272/2335/1 2444/596/1
f 1272/2335/1 234/594/1 2444/596/1
f 3341/2331/1 3343/2336/1 844/2323/1
f 3341/2331/1 3342/2333/1 3343/2336/1
f 3342/2333/1 472/2334/1 3343/2336/1
f 1643/2332/1 1644/2325/1 235/583/1
f 1643/2332/1 3341/2331/1 1644/2325/1
f 3341/2331/1 844/2323/1 1644/2325/1
f 3340/2329/1 2073/150/1 473/3655/1
f 3340/2329/1 2445/2328/1 2073/150/1
f 2445/2328/1 68/148/1 2073/150/1
f 3338/2324/1 3340/2329/1 473/3655/1
f 3338/2324/1 3339/2326/1 3340/2329/1
f 3339/2326/1 845/2327/1 3340/2329/1
f 1644/2325/1 1273/3657/1 235/583/1
f 1644/2325/1 3338/2324/1 1273/3657/1
f 3338/2324/1 473/3655/1 1273/3657/1
f 3337/2322/1 1647/614/1 847/2263/1
f 3337/2322/1 1646/2313/1 1647/614/1
f 1646/2313/1 181/612/1 1647/614/1
f 3335/2319/1 3337/2322/1 847/2263/1
f 3335/2319/1 3336/2321/1 3337/2322/1
f 3336/2321/1 846/2311/1 3337/2322/1
f 2427/2320/1 2447/2265/1 18/4169/1
f 2427/2320/1 3335/2319/1 2447/2265/1
f 3335/2319/1 847/2263/1 2447/2265/1
f 3334/2317/1 1648/599/1 848/2304/1
f 3334/2317/1 1270/2316/1 1648/599/1
f 1270/2316/1 233/590/1 1648/599/1
f 3332/2312/1 3334/2317/1 848/2304/1
f 3332/2312/1 3333/2314/1 3334/2317/1
f 3333/2314/1 470/2315/1 3334/2317/1
f 1646/2313/1 2448/2306/1 181/612/1
f 1646/2313/1 3332/2312/1 2448/2306/1
f 3332/2312/1 848/2304/1 2448/2306/1
f 3331/2310/1 2060/139/1 460/3684/1
f 3331/2310/1 2442/2309/1 2060/139/1
f 2442/2309/1 69/137/1 2060/139/1
f 3329/2305/1 3331/2310/1 460/3684/1
f 3329/2305/1 3330/2307/1 3331/2310/1
f 3330/2307/1 842/2308/1 3331/2310/1
f 2448/2306/1 1260/3686/1 181/612/1
f 2448/2306/1 3329/2305/1 1260/3686/1
f 3329/2305/1 460/3684/1 1260/3686/1
f 3328/2303/1 1651/4179/1 851/4180/1
f 3328/2303/1 2450/2294/1 1651/4179/1
f 2450/2294/1 162/4181/1 1651/4179/1
f 3326/2300/1 3328/2303/1 851/4180/1
f 3326/2300/1 3327/2302/1 3328/2303/1
f 3327/2302/1 850/2292/1 3328/2303/1
f 2449/2301/1 2451/4182/1 50/4183/1
f 2449/2301/1 3326/2300/1 2451/4182/1
f 3326/2300/1 851/4180/1 2451/4182/1
f 3325/2298/1 1652/604/1 852/2285/1
f 3325/2298/1 2067/2297/1 1652/604/1
f 2067/2297/1 163/525/1 1652/604/1
f 3323/2293/1 3325/2298/1 852/2285/1
f 3323/2293/1 3324/2295/1 3325/2298/1
f 3324/2295/1 467/2296/1 3325/2298/1
f 2450/2294/1 2452/2287/1 162/4181/1
f 2450/2294/1 3323/2293/1 2452/2287/1
f 3323/2293/1 852/2285/1 2452/2287/1
f 3322/2291/1 2453/4184/1 853/4185/1
f 3322/2291/1 2394/2290/1 2453/4184/1
f 2394/2290/1 4/4143/1 2453/4184/1
f 3320/2286/1 3322/2291/1 853/4185/1
f 3320/2286/1 3321/2288/1 3322/2291/1
f 3321/2288/1 794/2289/1 3322/2291/1
f 2452/2287/1 1653/4186/1 162/4181/1
f 2452/2287/1 3320/2286/1 1653/4186/1
f 3320/2286/1 853/4185/1 1653/4186/1
f 3319/2284/1 1649/602/1 849/2299/1
f 3319/2284/1 1655/2277/1 1649/602/1
f 1655/2277/1 232/600/1 1649/602/1
f 3317/2282/1 3319/2284/1 849/2299/1
f 3317/2282/1 3318/2283/1 3319/2284/1
f 3318/2283/1 855/2275/1 3319/2284/1
f 2454/2254/1 2449/2301/1 50/4183/1
f 2454/2254/1 3317/2282/1 2449/2301/1
f 3317/2282/1 849/2299/1 2449/2301/1
f 3316/2281/1 2456/611/1 856/2268/1
f 3316/2281/1 1264/2280/1 2456/611/1
f 1264/2280/1 231/609/1 2456/611/1
f 3314/2276/1 3316/2281/1 856/2268/1
f 3314/2276/1 3315/2278/1 3316/2281/1
f 3315/2278/1 464/2279/1 3316/2281/1
f 1655/2277/1 1656/2270/1 232/600/1
f 1655/2277/1 3314/2276/1 1656/2270/1
f 3314/2276/1 856/2268/1 1656/2270/1
f 3313/2274/1 2065/143/1 465/3672/1
f 3313/2274/1 2457/2273/1 2065/143/1
f 2457/2273/1 51/141/1 2065/143/1
f 3311/2269/1 3313/2274/1 465/3672/1
f 3311/2269/1 3312/2271/1 3313/2274/1
f 3312/2271/1 857/2272/1 3313/2274/1
f 1656/2270/1 1265/3674/1 232/600/1
f 1656/2270/1 3311/2269/1 1265/3674/1
f 3311/2269/1 465/3672/1 1265/3674/1
f 3310/2267/1 1659/4187/1 859/4188/1
f 3310/2267/1 2458/2258/1 1659/4187/1
f 2458/2258/1 106/4189/1 1659/4187/1
f 3308/2264/1 3310/2267/1 859/4188/1
f 3308/2264/1 3309/2266/1 3310/2267/1
f 3309/2266/1 858/2256/1 3310/2267/1
f 2447/2265/1 2459/4190/1 18/4169/1
f 2447/2265/1 3308/2264/1 2459/4190/1
f 3308/2264/1 859/4188/1 2459/4190/1
f 3307/2262/1 1660/616/1 860/2249/1
f 3307/2262/1 1262/2261/1 1660/616/1
f 1262/2261/1 230/605/1 1660/616/1
f 3305/2257/1 3307/2262/1 860/2249/1
f 3305/2257/1 3306/2259/1 3307/2262/1
f 3306/2259/1 462/2260/1 3307/2262/1
f 2458/2258/1 2460/2251/1 106/4189/1
f 2458/2258/1 3305/2257/1 2460/2251/1
f 3305/2257/1 860/2249/1 2460/2251/1
f 3304/2255/1 2461/4191/1 861/4192/1
f 3304/2255/1 2454/2254/1 2461/4191/1
f 2454/2254/1 50/4183/1 2461/4191/1
f 3302/2250/1 3304/2255/1 861/4192/1
f 3302/2250/1 3303/2252/1 3304/2255/1
f 3303/2252/1 854/2253/1 3304/2255/1
f 2460/2251/1 1661/4193/1 106/4189/1
f 2460/2251/1 3302/2250/1 1661/4193/1
f 3302/2250/1 861/4192/1 1661/4193/1
f 3301/2248/1 1664/921/1 864/1346/1
f 3301/2248/1 2463/2239/1 1664/921/1
f 2463/2239/1 110/919/1 1664/921/1
f 3299/2245/1 3301/2248/1 864/1346/1
f 3299/2245/1 3300/2247/1 3301/2248/1
f 3300/2247/1 863/2237/1 3301/2248/1
f 2462/2246/1 2464/1348/1 54/151/1
f 2462/2246/1 3299/2245/1 2464/1348/1
f 3299/2245/1 864/1346/1 2464/1348/1
f 3298/2243/1 1665/623/1 865/2232/1
f 3298/2243/1 2059/2242/1 1665/623/1
f 2059/2242/1 126/621/1 1665/623/1
f 3296/2238/1 3298/2243/1 865/2232/1
f 3296/2238/1 3297/2240/1 3298/2243/1
f 3297/2240/1 459/2241/1 3298/2243/1
f 2463/2239/1 2465/2234/1 110/919/1
f 2463/2239/1 3296/2238/1 2465/2234/1
f 3296/2238/1 865/2232/1 2465/2234/1
f 3295/2236/1 1933/38/1 333/3991/1
f 3295/2236/1 2466/2159/1 1933/38/1
f 2466/2159/1 22/36/1 1933/38/1
f 3293/2233/1 3295/2236/1 333/3991/1
f 3293/2233/1 3294/2235/1 3295/2236/1
f 3294/2235/1 866/2157/1 3295/2236/1
f 2465/2234/1 1133/3993/1 110/919/1
f 2465/2234/1 3293/2233/1 1133/3993/1
f 3293/2233/1 333/3991/1 1133/3993/1
f 3292/2231/1 1662/619/1 862/2244/1
f 3292/2231/1 1668/2224/1 1662/619/1
f 1668/2224/1 229/617/1 1662/619/1
f 3290/2229/1 3292/2231/1 862/2244/1
f 3290/2229/1 3291/2230/1 3292/2231/1
f 3291/2230/1 868/2222/1 3292/2231/1
f 2467/2203/1 2462/2246/1 54/151/1
f 2467/2203/1 3290/2229/1 2462/2246/1
f 3290/2229/1 862/2244/1 2462/2246/1
f 3289/2228/1 2469/630/1 869/2215/1
f 3289/2228/1 1257/2227/1 2469/630/1
f 1257/2227/1 228/628/1 2469/630/1
f 3287/2223/1 3289/2228/1 869/2215/1
f 3287/2223/1 3288/2225/1 3289/2228/1
f 3288/2225/1 457/2226/1 3289/2228/1
f 1668/2224/1 1669/2217/1 229/617/1
f 1668/2224/1 3287/2223/1 1669/2217/1
f 3287/2223/1 869/2215/1 1669/2217/1
f 3286/2221/1 2058/136/1 458/3689/1
f 3286/2221/1 2470/2220/1 2058/136/1
f 2470/2220/1 70/127/1 2058/136/1
f 3284/2216/1 3286/2221/1 458/3689/1
f 3284/2216/1 3285/2218/1 3286/2221/1
f 3285/2218/1 870/2219/1 3286/2221/1
f 1669/2217/1 1258/3691/1 229/617/1
f 1669/2217/1 3284/2216/1 1258/3691/1
f 3284/2216/1 458/3689/1 1258/3691/1
f 3283/2214/1 1633/580/1 833/2373/1
f 3283/2214/1 1672/2207/1 1633/580/1
f 1672/2207/1 166/578/1 1633/580/1
f 3281/2212/1 3283/2214/1 833/2373/1
f 3281/2212/1 3282/2213/1 3283/2214/1
f 3282/2213/1 872/2205/1 3283/2214/1
f 2471/1805/1 2433/2375/1 8/4175/1
f 2471/1805/1 3281/2212/1 2433/2375/1
f 3281/2212/1 833/2373/1 2433/2375/1
f 3280/2211/1 1673/635/1 873/2198/1
f 3280/2211/1 1255/2210/1 1673/635/1
f 1255/2210/1 227/624/1 1673/635/1
f 3278/2206/1 3280/2211/1 873/2198/1
f 3278/2206/1 3279/2208/1 3280/2211/1
f 3279/2208/1 455/2209/1 3280/2211/1
f 1672/2207/1 2473/2200/1 166/578/1
f 1672/2207/1 3278/2206/1 2473/2200/1
f 3278/2206/1 873/2198/1 2473/2200/1
f 3277/2204/1 2076/153/1 476/3650/1
f 3277/2204/1 2467/2203/1 2076/153/1
f 2467/2203/1 54/151/1 2076/153/1
f 3275/2199/1 3277/2204/1 476/3650/1
f 3275/2199/1 3276/2201/1 3277/2204/1
f 3276/2201/1 867/2202/1 3277/2204/1
f 2473/2200/1 1276/3652/1 166/578/1
f 2473/2200/1 3275/2199/1 1276/3652/1
f 3275/2199/1 476/3650/1 1276/3652/1
f 3274/2197/1 1676/890/1 876/1435/1
f 3274/2197/1 2475/2188/1 1676/890/1
f 2475/2188/1 128/888/1 1676/890/1
f 3272/2194/1 3274/2197/1 876/1435/1
f 3272/2194/1 3273/2196/1 3274/2197/1
f 3273/2196/1 875/2186/1 3274/2197/1
f 2474/2195/1 2476/1437/1 72/120/1
f 2474/2195/1 3272/2194/1 2476/1437/1
f 3272/2194/1 876/1435/1 2476/1437/1
f 3271/2192/1 2477/642/1 877/2179/1
f 3271/2192/1 2053/2191/1 2477/642/1
f 2053/2191/1 127/640/1 2477/642/1
f 3269/2187/1 3271/2192/1 877/2179/1
f 3269/2187/1 3270/2189/1 3271/2192/1
f 3270/2189/1 453/2190/1 3271/2192/1
f 2475/2188/1 1677/2181/1 128/888/1
f 2475/2188/1 3269/2187/1 1677/2181/1
f 3269/2187/1 877/2179/1 1677/2181/1
f 3268/2185/1 1945/47/1 345/3960/1
f 3268/2185/1 2252/2184/1 1945/47/1
f 2252/2184/1 21/45/1 1945/47/1
f 3266/2180/1 3268/2185/1 345/3960/1
f 3266/2180/1 3267/2182/1 3268/2185/1
f 3267/2182/1 652/2183/1 3268/2185/1
f 1677/2181/1 1145/3962/1 128/888/1
f 1677/2181/1 3266/2180/1 1145/3962/1
f 3266/2180/1 345/3960/1 1145/3962/1
f 3265/2178/1 1674/638/1 874/2193/1
f 3265/2178/1 1679/2171/1 1674/638/1
f 1679/2171/1 226/636/1 1674/638/1
f 3263/2176/1 3265/2178/1 874/2193/1
f 3263/2176/1 3264/2177/1 3265/2178/1
f 3264/2177/1 879/2169/1 3265/2178/1
f 2478/2148/1 2474/2195/1 72/120/1
f 2478/2148/1 3263/2176/1 2474/2195/1
f 3263/2176/1 874/2193/1 2474/2195/1
f 3262/2175/1 2480/649/1 880/2162/1
f 3262/2175/1 1250/2174/1 2480/649/1
f 1250/2174/1 225/647/1 2480/649/1
f 3260/2170/1 3262/2175/1 880/2162/1
f 3260/2170/1 3261/2172/1 3262/2175/1
f 3261/2172/1 450/2173/1 3262/2175/1
f 1679/2171/1 1680/2164/1 226/636/1
f 1679/2171/1 3260/2170/1 1680/2164/1
f 3260/2170/1 880/2162/1 1680/2164/1
f 3259/2168/1 2051/133/1 451/3708/1
f 3259/2168/1 2481/2167/1 2051/133/1
f 2481/2167/1 71/131/1 2051/133/1
f 3257/2163/1 3259/2168/1 451/3708/1
f 3257/2163/1 3258/2165/1 3259/2168/1
f 3258/2165/1 881/2166/1 3259/2168/1
f 1680/2164/1 1251/3710/1 226/636/1
f 1680/2164/1 3257/2163/1 1251/3710/1
f 3257/2163/1 451/3708/1 1251/3710/1
f 3256/2161/1 1683/669/1 883/2102/1
f 3256/2161/1 1682/2152/1 1683/669/1
f 1682/2152/1 184/667/1 1683/669/1
f 3254/2158/1 3256/2161/1 883/2102/1
f 3254/2158/1 3255/2160/1 3256/2161/1
f 3255/2160/1 882/2150/1 3256/2161/1
f 2466/2159/1 2483/2104/1 22/36/1
f 2466/2159/1 3254/2158/1 2483/2104/1
f 3254/2158/1 883/2102/1 2483/2104/1
f 3253/2156/1 1684/652/1 884/2143/1
f 3253/2156/1 1248/2155/1 1684/652/1
f 1248/2155/1 224/643/1 1684/652/1
f 3251/2151/1 3253/2156/1 884/2143/1
f 3251/2151/1 3252/2153/1 3253/2156/1
f 3252/2153/1 448/2154/1 3253/2156/1
f 1682/2152/1 2484/2145/1 184/667/1
f 1682/2152/1 3251/2151/1 2484/2145/1
f 3251/2151/1 884/2143/1 2484/2145/1
f 3250/2149/1 2038/122/1 438/3739/1
f 3250/2149/1 2478/2148/1 2038/122/1
f 2478/2148/1 72/120/1 2038/122/1
f 3248/2144/1 3250/2149/1 438/3739/1
f 3248/2144/1 3249/2146/1 3250/2149/1
f 3249/2146/1 878/2147/1 3250/2149/1
f 2484/2145/1 1238/3741/1 184/667/1
f 2484/2145/1 3248/2144/1 1238/3741/1
f 3248/2144/1 438/3739/1 1238/3741/1
f 3247/2142/1 1687/998/1 887/1111/1
f 3247/2142/1 2486/2133/1 1687/998/1
f 2486/2133/1 94/996/1 1687/998/1
f 3245/2139/1 3247/2142/1 887/1111/1
f 3245/2139/1 3246/2141/1 3247/2142/1
f 3246/2141/1 886/2131/1 3247/2142/1
f 2485/2140/1 2487/1113/1 38/228/1
f 2485/2140/1 3245/2139/1 2487/1113/1
f 3245/2139/1 887/1111/1 2487/1113/1
f 3244/2137/1 2488/659/1 888/2124/1
f 3244/2137/1 2045/2136/1 2488/659/1
f 2045/2136/1 93/657/1 2488/659/1
f 3242/2132/1 3244/2137/1 888/2124/1
f 3242/2132/1 3243/2134/1 3244/2137/1
f 3243/2134/1 445/2135/1 3244/2137/1
f 2486/2133/1 1688/2126/1 94/996/1
f 2486/2133/1 3242/2132/1 1688/2126/1
f 3242/2132/1 888/2124/1 1688/2126/1
f 3241/2130/1 1900/11/1 300/4068/1
f 3241/2130/1 2489/2129/1 1900/11/1
f 2489/2129/1 9/9/1 1900/11/1
f 3239/2125/1 3241/2130/1 300/4068/1
f 3239/2125/1 3240/2127/1 3241/2130/1
f 3240/2127/1 889/2128/1 3241/2130/1
f 1688/2126/1 1100/4070/1 94/996/1
f 1688/2126/1 3239/2125/1 1100/4070/1
f 3239/2125/1 300/4068/1 1100/4070/1
f 3238/2123/1 1685/655/1 885/2138/1
f 3238/2123/1 1691/2116/1 1685/655/1
f 1691/2116/1 223/653/1 1685/655/1
f 3236/2121/1 3238/2123/1 885/2138/1
f 3236/2121/1 3237/2122/1 3238/2123/1
f 3237/2122/1 891/2114/1 3238/2123/1
f 2490/2093/1 2485/2140/1 38/228/1
f 2490/2093/1 3236/2121/1 2485/2140/1
f 3236/2121/1 885/2138/1 2485/2140/1
f 3235/2120/1 2492/666/1 892/2107/1
f 3235/2120/1 1242/2119/1 2492/666/1
f 1242/2119/1 222/664/1 2492/666/1
f 3233/2115/1 3235/2120/1 892/2107/1
f 3233/2115/1 3234/2117/1 3235/2120/1
f 3234/2117/1 442/2118/1 3235/2120/1
f 1691/2116/1 1692/2109/1 223/653/1
f 1691/2116/1 3233/2115/1 1692/2109/1
f 3233/2115/1 892/2107/1 1692/2109/1
f 3232/2113/1 2043/126/1 443/3725/1
f 3232/2113/1 2493/2112/1 2043/126/1
f 2493/2112/1 37/124/1 2043/126/1
f 3230/2108/1 3232/2113/1 443/3725/1
f 3230/2108/1 3231/2110/1 3232/2113/1
f 3231/2110/1 893/2111/1 3232/2113/1
f 1692/2109/1 1243/3727/1 223/653/1
f 1692/2109/1 3230/2108/1 1243/3727/1
f 3230/2108/1 443/3725/1 1243/3727/1
f 3229/2106/1 1469/345/1 669/3074/1
f 3229/2106/1 2494/2097/1 1469/345/1
f 2494/2097/1 150/343/1 1469/345/1
f 3227/2103/1 3229/2106/1 669/3074/1
f 3227/2103/1 3228/2105/1 3229/2106/1
f 3228/2105/1 894/2095/1 3229/2106/1
f 2483/2104/1 2269/3076/1 22/36/1
f 2483/2104/1 3227/2103/1 2269/3076/1
f 3227/2103/1 669/3074/1 2269/3076/1
f 3226/2101/1 1695/671/1 895/2088/1
f 3226/2101/1 1240/2100/1 1695/671/1
f 1240/2100/1 221/660/1 1695/671/1
f 3224/2096/1 3226/2101/1 895/2088/1
f 3224/2096/1 3225/2098/1 3226/2101/1
f 3225/2098/1 440/2099/1 3226/2101/1
f 2494/2097/1 2495/2090/1 150/343/1
f 2494/2097/1 3224/2096/1 2495/2090/1
f 3224/2096/1 895/2088/1 2495/2090/1
f 3223/2094/1 2173/230/1 573/3415/1
f 3223/2094/1 2490/2093/1 2173/230/1
f 2490/2093/1 38/228/1 2173/230/1
f 3221/2089/1 3223/2094/1 573/3415/1
f 3221/2089/1 3222/2091/1 3223/2094/1
f 3222/2091/1 890/2092/1 3223/2094/1
f 2495/2090/1 1373/3417/1 150/343/1
f 2495/2090/1 3221/2089/1 1373/3417/1
f 3221/2089/1 573/3415/1 1373/3417/1
f 3220/2087/1 1386/3389/1 586/3388/1
f 3220/2087/1 2497/2078/1 1386/3389/1
f 2497/2078/1 109/316/1 1386/3389/1
f 3218/2084/1 3220/2087/1 586/3388/1
f 3218/2084/1 3219/2086/1 3220/2087/1
f 3219/2086/1 897/2076/1 3220/2087/1
f 2496/2085/1 2186/238/1 53/237/1
f 2496/2085/1 3218/2084/1 2186/238/1
f 3218/2084/1 586/3388/1 2186/238/1
f 3217/2082/1 1698/678/1 898/2071/1
f 3217/2082/1 2037/2081/1 1698/678/1
f 2037/2081/1 129/676/1 1698/678/1
f 3215/2077/1 3217/2082/1 898/2071/1
f 3215/2077/1 3216/2079/1 3217/2082/1
f 3216/2079/1 437/2080/1 3217/2082/1
f 2497/2078/1 2498/2073/1 109/316/1
f 2497/2078/1 3215/2077/1 2498/2073/1
f 3215/2077/1 898/2071/1 2498/2073/1
f 3214/2075/1 2251/3154/1 651/3153/1
f 3214/2075/1 2499/1996/1 2251/3154/1
f 2499/1996/1 21/45/1 2251/3154/1
f 3212/2072/1 3214/2075/1 651/3153/1
f 3212/2072/1 3213/2074/1 3214/2075/1
f 3213/2074/1 899/1994/1 3214/2075/1
f 2498/2073/1 1451/317/1 109/316/1
f 2498/2073/1 3212/2072/1 1451/317/1
f 3212/2072/1 651/3153/1 1451/317/1
f 3211/2070/1 1696/674/1 896/2083/1
f 3211/2070/1 1701/2063/1 1696/674/1
f 1701/2063/1 220/672/1 1696/674/1
f 3209/2068/1 3211/2070/1 896/2083/1
f 3209/2068/1 3210/2069/1 3211/2070/1
f 3210/2069/1 901/2061/1 3211/2070/1
f 2500/2040/1 2496/2085/1 53/237/1
f 2500/2040/1 3209/2068/1 2496/2085/1
f 3209/2068/1 896/2083/1 2496/2085/1
f 3208/2067/1 2502/685/1 902/2054/1
f 3208/2067/1 1235/2066/1 2502/685/1
f 1235/2066/1 219/683/1 2502/685/1
f 3206/2062/1 3208/2067/1 902/2054/1
f 3206/2062/1 3207/2064/1 3208/2067/1
f 3207/2064/1 435/2065/1 3208/2067/1
f 1701/2063/1 1702/2056/1 220/672/1
f 1701/2063/1 3206/2062/1 1702/2056/1
f 3206/2062/1 902/2054/1 1702/2056/1
f 3205/2060/1 2036/119/1 436/3744/1
f 3205/2060/1 2503/2059/1 2036/119/1
f 2503/2059/1 73/108/1 2036/119/1
f 3203/2055/1 3205/2060/1 436/3744/1
f 3203/2055/1 3204/2057/1 3205/2060/1
f 3204/2057/1 903/2058/1 3205/2060/1
f 1702/2056/1 1236/3746/1 220/672/1
f 1702/2056/1 3203/2055/1 1236/3746/1
f 3203/2055/1 436/3744/1 1236/3746/1
f 3202/2053/1 1098/4078/1 298/4077/1
f 3202/2053/1 1705/2044/1 1098/4078/1
f 1705/2044/1 165/1005/1 1098/4078/1
f 3200/2050/1 3202/2053/1 298/4077/1
f 3200/2050/1 3201/2052/1 3202/2053/1
f 3201/2052/1 905/2042/1 3202/2053/1
f 2504/2051/1 1898/8/1 5/4/1
f 2504/2051/1 3200/2050/1 1898/8/1
f 3200/2050/1 298/4077/1 1898/8/1
f 3199/2048/1 1706/690/1 906/2035/1
f 3199/2048/1 1233/2047/1 1706/690/1
f 1233/2047/1 218/679/1 1706/690/1
f 3197/2043/1 3199/2048/1 906/2035/1
f 3197/2043/1 3198/2045/1 3199/2048/1
f 3198/2045/1 433/2046/1 3199/2048/1
f 1705/2044/1 2506/2037/1 165/1005/1
f 1705/2044/1 3197/2043/1 2506/2037/1
f 3197/2043/1 906/2035/1 2506/2037/1
f 3196/2041/1 2507/1085/1 907/1084/1
f 3196/2041/1 2500/2040/1 2507/1085/1
f 2500/2040/1 53/237/1 2507/1085/1
f 3194/2036/1 3196/2041/1 907/1084/1
f 3194/2036/1 3195/2038/1 3196/2041/1
f 3195/2038/1 900/2039/1 3196/2041/1
f 2506/2037/1 1707/1006/1 165/1005/1
f 2506/2037/1 3194/2036/1 1707/1006/1
f 3194/2036/1 907/1084/1 1707/1006/1
f 3193/2034/1 1710/873/1 910/1490/1
f 3193/2034/1 2509/2025/1 1710/873/1
f 2509/2025/1 131/871/1 1710/873/1
f 3191/2031/1 3193/2034/1 910/1490/1
f 3191/2031/1 3192/2033/1 3193/2034/1
f 3192/2033/1 909/2023/1 3193/2034/1
f 2508/2032/1 2510/1492/1 75/103/1
f 2508/2032/1 3191/2031/1 2510/1492/1
f 3191/2031/1 910/1490/1 2510/1492/1
f 3190/2029/1 2511/697/1 911/2016/1
f 3190/2029/1 2030/2028/1 2511/697/1
f 2030/2028/1 130/695/1 2511/697/1
f 3188/2024/1 3190/2029/1 911/2016/1
f 3188/2024/1 3189/2026/1 3190/2029/1
f 3189/2026/1 430/2027/1 3190/2029/1
f 2509/2025/1 1711/2018/1 131/871/1
f 2509/2025/1 3188/2024/1 1711/2018/1
f 3188/2024/1 911/2016/1 1711/2018/1
f 3187/2022/1 1953/54/1 353/3943/1
f 3187/2022/1 2239/2021/1 1953/54/1
f 2239/2021/1 14/52/1 1953/54/1
f 3185/2017/1 3187/2022/1 353/3943/1
f 3185/2017/1 3186/2019/1 3187/2022/1
f 3186/2019/1 639/2020/1 3187/2022/1
f 1711/2018/1 1153/3945/1 131/871/1
f 1711/2018/1 3185/2017/1 1153/3945/1
f 3185/2017/1 353/3943/1 1153/3945/1
f 3184/2015/1 1708/693/1 908/2030/1
f 3184/2015/1 1713/2008/1 1708/693/1
f 1713/2008/1 217/691/1 1708/693/1
f 3182/2013/1 3184/2015/1 908/2030/1
f 3182/2013/1 3183/2014/1 3184/2015/1
f 3183/2014/1 913/2006/1 3184/2015/1
f 2512/1985/1 2508/2032/1 75/103/1
f 2512/1985/1 3182/2013/1 2508/2032/1
f 3182/2013/1 908/2030/1 2508/2032/1
f 3181/2012/1 2514/704/1 914/1999/1
f 3181/2012/1 1227/2011/1 2514/704/1
f 1227/2011/1 216/702/1 2514/704/1
f 3179/2007/1 3181/2012/1 914/1999/1
f 3179/2007/1 3180/2009/1 3181/2012/1
f 3180/2009/1 427/2010/1 3181/2012/1
f 1713/2008/1 1714/2001/1 217/691/1
f 1713/2008/1 3179/2007/1 1714/2001/1
f 3179/2007/1 914/1999/1 1714/2001/1
f 3178/2005/1 2028/114/1 428/3763/1
f 3178/2005/1 2515/2004/1 2028/114/1
f 2515/2004/1 74/112/1 2028/114/1
f 3176/2000/1 3178/2005/1 428/3763/1
f 3176/2000/1 3177/2002/1 3178/2005/1
f 3177/2002/1 915/2003/1 3178/2005/1
f 1714/2001/1 1228/3765/1 217/691/1
f 1714/2001/1 3176/2000/1 1228/3765/1
f 3176/2000/1 428/3763/1 1228/3765/1
f 3175/1998/1 1717/724/1 917/1941/1
f 3175/1998/1 1716/1989/1 1717/724/1
f 1716/1989/1 187/722/1 1717/724/1
f 3173/1995/1 3175/1998/1 917/1941/1
f 3173/1995/1 3174/1997/1 3175/1998/1
f 3174/1997/1 916/1987/1 3175/1998/1
f 2499/1996/1 2517/1943/1 21/45/1
f 2499/1996/1 3173/1995/1 2517/1943/1
f 3173/1995/1 917/1941/1 2517/1943/1
f 3172/1993/1 1718/707/1 918/1980/1
f 3172/1993/1 1225/1992/1 1718/707/1
f 1225/1992/1 215/698/1 1718/707/1
f 3170/1988/1 3172/1993/1 918/1980/1
f 3170/1988/1 3171/1990/1 3172/1993/1
f 3171/1990/1 425/1991/1 3172/1993/1
f 1716/1989/1 2518/1982/1 187/722/1
f 1716/1989/1 3170/1988/1 2518/1982/1
f 3170/1988/1 918/1980/1 2518/1982/1
f 3169/1986/1 2016/105/1 416/3794/1
f 3169/1986/1 2512/1985/1 2016/105/1
f 2512/1985/1 75/103/1 2016/105/1
f 3167/1981/1 3169/1986/1 416/3794/1
f 3167/1981/1 3168/1983/1 3169/1986/1
f 3168/1983/1 912/1984/1 3169/1986/1
f 2518/1982/1 1216/3796/1 187/722/1
f 2518/1982/1 3167/1981/1 1216/3796/1
f 3167/1981/1 416/3794/1 1216/3796/1
f 3166/1979/1 1244/3730/1 444/3729/1
f 3166/1979/1 2520/1970/1 1244/3730/1
f 2520/1970/1 93/657/1 1244/3730/1
f 3164/1976/1 3166/1979/1 444/3729/1
f 3164/1976/1 3165/1978/1 3166/1979/1
f 3165/1978/1 920/1968/1 3166/1979/1
f 2519/1977/1 2044/125/1 37/124/1
f 2519/1977/1 3164/1976/1 2044/125/1
f 3164/1976/1 444/3729/1 2044/125/1
f 3163/1974/1 1721/714/1 921/1963/1
f 3163/1974/1 2022/1973/1 1721/714/1
f 2022/1973/1 158/712/1 1721/714/1
f 3161/1969/1 3163/1974/1 921/1963/1
f 3161/1969/1 3162/1971/1 3163/1974/1
f 3162/1971/1 422/1972/1 3163/1974/1
f 2520/1970/1 2521/1965/1 93/657/1
f 2520/1970/1 3161/1969/1 2521/1965/1
f 3161/1969/1 921/1963/1 2521/1965/1
f 3160/1967/1 2489/2129/1 889/2128/1
f 3160/1967/1 2522/1727/1 2489/2129/1
f 2522/1727/1 9/9/1 2489/2129/1
f 3158/1964/1 3160/1967/1 889/2128/1
f 3158/1964/1 3159/1966/1 3160/1967/1
f 3159/1966/1 922/1725/1 3160/1967/1
f 2521/1965/1 1689/658/1 93/657/1
f 2521/1965/1 3158/1964/1 1689/658/1
f 3158/1964/1 889/2128/1 1689/658/1
f 3157/1962/1 1719/710/1 919/1975/1
f 3157/1962/1 1724/1955/1 1719/710/1
f 1724/1955/1 214/708/1 1719/710/1
f 3155/1960/1 3157/1962/1 919/1975/1
f 3155/1960/1 3156/1961/1 3157/1962/1
f 3156/1961/1 924/1953/1 3157/1962/1
f 2523/1932/1 2519/1977/1 37/124/1
f 2523/1932/1 3155/1960/1 2519/1977/1
f 3155/1960/1 919/1975/1 2519/1977/1
f 3154/1959/1 2525/721/1 925/1946/1
f 3154/1959/1 1220/1958/1 2525/721/1
f 1220/1958/1 213/719/1 2525/721/1
f 3152/1954/1 3154/1959/1 925/1946/1
f 3152/1954/1 3153/1956/1 3154/1959/1
f 3153/1956/1 420/1957/1 3154/1959/1
f 1724/1955/1 1725/1948/1 214/708/1
f 1724/1955/1 3152/1954/1 1725/1948/1
f 3152/1954/1 925/1946/1 1725/1948/1
f 3151/1952/1 2021/107/1 421/3780/1
f 3151/1952/1 2526/1951/1 2021/107/1
f 2526/1951/1 46/79/1 2021/107/1
f 3149/1947/1 3151/1952/1 421/3780/1
f 3149/1947/1 3150/1949/1 3151/1952/1
f 3150/1949/1 926/1950/1 3151/1952/1
f 1725/1948/1 1221/3782/1 214/708/1
f 1725/1948/1 3149/1947/1 1221/3782/1
f 3149/1947/1 421/3780/1 1221/3782/1
f 3148/1945/1 1146/3965/1 346/3964/1
f 3148/1945/1 2527/1936/1 1146/3965/1
f 2527/1936/1 149/892/1 1146/3965/1
f 3146/1942/1 3148/1945/1 346/3964/1
f 3146/1942/1 3147/1944/1 3148/1945/1
f 3147/1944/1 927/1934/1 3148/1945/1
f 2517/1943/1 1946/46/1 21/45/1
f 2517/1943/1 3146/1942/1 1946/46/1
f 3146/1942/1 346/3964/1 1946/46/1
f 3145/1940/1 1728/726/1 928/1927/1
f 3145/1940/1 1218/1939/1 1728/726/1
f 1218/1939/1 212/715/1 1728/726/1
f 3143/1935/1 3145/1940/1 928/1927/1
f 3143/1935/1 3144/1937/1 3145/1940/1
f 3144/1937/1 418/1938/1 3145/1940/1
f 2527/1936/1 2528/1929/1 149/892/1
f 2527/1936/1 3143/1935/1 2528/1929/1
f 3143/1935/1 928/1927/1 2528/1929/1
f 3142/1933/1 2529/1426/1 929/1425/1
f 3142/1933/1 2523/1932/1 2529/1426/1
f 2523/1932/1 37/124/1 2529/1426/1
f 3140/1928/1 3142/1933/1 929/1425/1
f 3140/1928/1 3141/1930/1 3142/1933/1
f 3141/1930/1 923/1931/1 3142/1933/1
f 2528/1929/1 1729/893/1 149/892/1
f 2528/1929/1 3140/1928/1 1729/893/1
f 3140/1928/1 929/1425/1 1729/893/1
f 3139/1926/1 1732/4194/1 932/4195/1
f 3139/1926/1 2531/1917/1 1732/4194/1
f 2531/1917/1 141/4196/1 1732/4194/1
f 3137/1923/1 3139/1926/1 932/4195/1
f 3137/1923/1 3138/1925/1 3139/1926/1
f 3138/1925/1 931/1915/1 3139/1926/1
f 2530/1924/1 2532/4197/1 29/4198/1
f 2530/1924/1 3137/1923/1 2532/4197/1
f 3137/1923/1 932/4195/1 2532/4197/1
f 3136/1921/1 2533/733/1 933/1910/1
f 3136/1921/1 2015/1920/1 2533/733/1
f 2015/1920/1 132/731/1 2533/733/1
f 3134/1916/1 3136/1921/1 933/1910/1
f 3134/1916/1 3135/1918/1 3136/1921/1
f 3135/1918/1 415/1919/1 3136/1921/1
f 2531/1917/1 1733/1912/1 141/4196/1
f 2531/1917/1 3134/1916/1 1733/1912/1
f 3134/1916/1 933/1910/1 1733/1912/1
f 3133/1914/1 2535/4199/1 935/4200/1
f 3133/1914/1 2534/1835/1 2535/4199/1
f 2534/1835/1 13/4201/1 2535/4199/1
f 3131/1911/1 3133/1914/1 935/4200/1
f 3131/1911/1 3132/1913/1 3133/1914/1
f 3132/1913/1 934/1833/1 3133/1914/1
f 1733/1912/1 1735/4202/1 141/4196/1
f 1733/1912/1 3131/1911/1 1735/4202/1
f 3131/1911/1 935/4200/1 1735/4202/1
f 3130/1909/1 1730/729/1 930/1922/1
f 3130/1909/1 1737/1902/1 1730/729/1
f 1737/1902/1 211/727/1 1730/729/1
f 3128/1907/1 3130/1909/1 930/1922/1
f 3128/1907/1 3129/1908/1 3130/1909/1
f 3129/1908/1 937/1900/1 3130/1909/1
f 2536/1879/1 2530/1924/1 29/4198/1
f 2536/1879/1 3128/1907/1 2530/1924/1
f 3128/1907/1 930/1922/1 2530/1924/1
f 3127/1906/1 2538/740/1 938/1893/1
f 3127/1906/1 1213/1905/1 2538/740/1
f 1213/1905/1 210/738/1 2538/740/1
f 3125/1901/1 3127/1906/1 938/1893/1
f 3125/1901/1 3126/1903/1 3127/1906/1
f 3126/1903/1 413/1904/1 3127/1906/1
f 1737/1902/1 1738/1895/1 211/727/1
f 1737/1902/1 3125/1901/1 1738/1895/1
f 3125/1901/1 938/1893/1 1738/1895/1
f 3124/1899/1 2014/102/1 414/3799/1
f 3124/1899/1 2539/1898/1 2014/102/1
f 2539/1898/1 76/91/1 2014/102/1
f 3122/1894/1 3124/1899/1 414/3799/1
f 3122/1894/1 3123/1896/1 3124/1899/1
f 3123/1896/1 939/1897/1 3124/1899/1
f 1738/1895/1 1214/3801/1 211/727/1
f 1738/1895/1 3122/1894/1 1214/3801/1
f 3122/1894/1 414/3799/1 1214/3801/1
f 3121/1892/1 1742/4203/1 942/4204/1
f 3121/1892/1 2541/1883/1 1742/4203/1
f 2541/1883/1 85/4205/1 1742/4203/1
f 3119/1889/1 3121/1892/1 942/4204/1
f 3119/1889/1 3120/1891/1 3121/1892/1
f 3120/1891/1 941/1881/1 3121/1892/1
f 2540/1890/1 2542/4206/1 3/4207/1
f 2540/1890/1 3119/1889/1 2542/4206/1
f 3119/1889/1 942/4204/1 2542/4206/1
f 3118/1887/1 1743/745/1 943/1874/1
f 3118/1887/1 1211/1886/1 1743/745/1
f 1211/1886/1 209/734/1 1743/745/1
f 3116/1882/1 3118/1887/1 943/1874/1
f 3116/1882/1 3117/1884/1 3118/1887/1
f 3117/1884/1 411/1885/1 3118/1887/1
f 2541/1883/1 2543/1876/1 85/4205/1
f 2541/1883/1 3116/1882/1 2543/1876/1
f 3116/1882/1 943/1874/1 2543/1876/1
f 3115/1880/1 2544/4208/1 944/4209/1
f 3115/1880/1 2536/1879/1 2544/4208/1
f 2536/1879/1 29/4198/1 2544/4208/1
f 3113/1875/1 3115/1880/1 944/4209/1
f 3113/1875/1 3114/1877/1 3115/1880/1
f 3114/1877/1 936/1878/1 3115/1880/1
f 2543/1876/1 1744/4210/1 85/4205/1
f 2543/1876/1 3113/1875/1 1744/4210/1
f 3113/1875/1 944/4209/1 1744/4210/1
f 3112/1873/1 1747/854/1 947/1543/1
f 3112/1873/1 2546/1864/1 1747/854/1
f 2546/1864/1 134/852/1 1747/854/1
f 3110/1870/1 3112/1873/1 947/1543/1
f 3110/1870/1 3111/1872/1 3112/1873/1
f 3111/1872/1 946/1862/1 3112/1873/1
f 2545/1871/1 2547/1545/1 78/84/1
f 2545/1871/1 3110/1870/1 2547/1545/1
f 3110/1870/1 947/1543/1 2547/1545/1
f 3109/1868/1 2548/752/1 948/1855/1
f 3109/1868/1 2008/1867/1 2548/752/1
f 2008/1867/1 133/750/1 2548/752/1
f 3107/1863/1 3109/1868/1 948/1855/1
f 3107/1863/1 3108/1865/1 3109/1868/1
f 3108/1865/1 408/1866/1 3109/1868/1
f 2546/1864/1 1748/1857/1 134/852/1
f 2546/1864/1 3107/1863/1 1748/1857/1
f 3107/1863/1 948/1855/1 1748/1857/1
f 3106/1861/1 1961/59/1 361/3924/1
f 3106/1861/1 2227/1860/1 1961/59/1
f 2227/1860/1 20/41/1 1961/59/1
f 3104/1856/1 3106/1861/1 361/3924/1
f 3104/1856/1 3105/1858/1 3106/1861/1
f 3105/1858/1 627/1859/1 3106/1861/1
f 1748/1857/1 1161/3926/1 134/852/1
f 1748/1857/1 3104/1856/1 1161/3926/1
f 3104/1856/1 361/3924/1 1161/3926/1
f 3103/1854/1 1745/748/1 945/1869/1
f 3103/1854/1 1750/1847/1 1745/748/1
f 1750/1847/1 208/746/1 1745/748/1
f 3101/1852/1 3103/1854/1 945/1869/1
f 3101/1852/1 3102/1853/1 3103/1854/1
f 3102/1853/1 950/1845/1 3103/1854/1
f 2549/1824/1 2545/1871/1 78/84/1
f 2549/1824/1 3101/1852/1 2545/1871/1
f 3101/1852/1 945/1869/1 2545/1871/1
f 3100/1851/1 2551/759/1 951/1838/1
f 3100/1851/1 1205/1850/1 2551/759/1
f 1205/1850/1 207/757/1 2551/759/1
f 3098/1846/1 3100/1851/1 951/1838/1
f 3098/1846/1 3099/1848/1 3100/1851/1
f 3099/1848/1 405/1849/1 3100/1851/1
f 1750/1847/1 1751/1840/1 208/746/1
f 1750/1847/1 3098/1846/1 1751/1840/1
f 3098/1846/1 951/1838/1 1751/1840/1
f 3097/1844/1 2006/97/1 406/3818/1
f 3097/1844/1 2552/1843/1 2006/97/1
f 2552/1843/1 77/95/1 2006/97/1
f 3095/1839/1 3097/1844/1 406/3818/1
f 3095/1839/1 3096/1841/1 3097/1844/1
f 3096/1841/1 952/1842/1 3097/1844/1
f 1751/1840/1 1206/3820/1 208/746/1
f 1751/1840/1 3095/1839/1 1206/3820/1
f 3095/1839/1 406/3818/1 1206/3820/1
f 3094/1837/1 1754/777/1 954/1778/1
f 3094/1837/1 1753/1828/1 1754/777/1
f 1753/1828/1 190/775/1 1754/777/1
f 3092/1834/1 3094/1837/1 954/1778/1
f 3092/1834/1 3093/1836/1 3094/1837/1
f 3093/1836/1 953/1826/1 3094/1837/1
f 2534/1835/1 2554/1780/1 13/4201/1
f 2534/1835/1 3092/1834/1 2554/1780/1
f 3092/1834/1 954/1778/1 2554/1780/1
f 3091/1832/1 1755/762/1 955/1819/1
f 3091/1832/1 1203/1831/1 1755/762/1
f 1203/1831/1 206/753/1 1755/762/1
f 3089/1827/1 3091/1832/1 955/1819/1
f 3089/1827/1 3090/1829/1 3091/1832/1
f 3090/1829/1 403/1830/1 3091/1832/1
f 1753/1828/1 2555/1821/1 190/775/1
f 1753/1828/1 3089/1827/1 2555/1821/1
f 3089/1827/1 955/1819/1 2555/1821/1
f 3088/1825/1 1993/86/1 393/3847/1
f 3088/1825/1 2549/1824/1 1993/86/1
f 2549/1824/1 78/84/1 1993/86/1
f 3086/1820/1 3088/1825/1 393/3847/1
f 3086/1820/1 3087/1822/1 3088/1825/1
f 3087/1822/1 949/1823/1 3088/1825/1
f 2555/1821/1 1193/3849/1 190/775/1
f 2555/1821/1 3086/1820/1 1193/3849/1
f 3086/1820/1 393/3847/1 1193/3849/1
f 3085/1818/1 1758/4211/1 958/4212/1
f 3085/1818/1 2557/1809/1 1758/4211/1
f 2557/1809/1 157/4213/1 1758/4211/1
f 3083/1815/1 3085/1818/1 958/4212/1
f 3083/1815/1 3084/1817/1 3085/1818/1
f 3084/1817/1 957/1807/1 3085/1818/1
f 2556/1816/1 2558/4214/1 45/4215/1
f 2556/1816/1 3083/1815/1 2558/4214/1
f 3083/1815/1 958/4212/1 2558/4214/1
f 3082/1813/1 2559/767/1 959/1800/1
f 3082/1813/1 2000/1812/1 2559/767/1
f 2000/1812/1 92/631/1 2559/767/1
f 3080/1808/1 3082/1813/1 959/1800/1
f 3080/1808/1 3081/1810/1 3082/1813/1
f 3081/1810/1 400/1811/1 3082/1813/1
f 2557/1809/1 1759/1802/1 157/4213/1
f 2557/1809/1 3080/1808/1 1759/1802/1
f 3080/1808/1 959/1800/1 1759/1802/1
f 3079/1806/1 2560/4216/1 960/4217/1
f 3079/1806/1 2471/1805/1 2560/4216/1
f 2471/1805/1 8/4175/1 2560/4216/1
f 3077/1801/1 3079/1806/1 960/4217/1
f 3077/1801/1 3078/1803/1 3079/1806/1
f 3078/1803/1 871/1804/1 3079/1806/1
f 1759/1802/1 1760/4218/1 157/4213/1
f 1759/1802/1 3077/1801/1 1760/4218/1
f 3077/1801/1 960/4217/1 1760/4218/1
f 3076/1799/1 1756/765/1 956/1814/1
f 3076/1799/1 1762/1792/1 1756/765/1
f 1762/1792/1 205/763/1 1756/765/1
f 3074/1797/1 3076/1799/1 956/1814/1
f 3074/1797/1 3075/1798/1 3076/1799/1
f 3075/1798/1 962/1790/1 3076/1799/1
f 2561/1769/1 2556/1816/1 45/4215/1
f 2561/1769/1 3074/1797/1 2556/1816/1
f 3074/1797/1 956/1814/1 2556/1816/1
f 3073/1796/1 2563/774/1 963/1783/1
f 3073/1796/1 1197/1795/1 2563/774/1
f 1197/1795/1 204/772/1 2563/774/1
f 3071/1791/1 3073/1796/1 963/1783/1
f 3071/1791/1 3072/1793/1 3073/1796/1
f 3072/1793/1 397/1794/1 3073/1796/1
f 1762/1792/1 1763/1785/1 205/763/1
f 1762/1792/1 3071/1791/1 1763/1785/1
f 3071/1791/1 963/1783/1 1763/1785/1
f 3070/1789/1 1998/90/1 398/3835/1
f 3070/1789/1 2564/1788/1 1998/90/1
f 2564/1788/1 36/88/1 1998/90/1
f 3068/1784/1 3070/1789/1 398/3835/1
f 3068/1784/1 3069/1786/1 3070/1789/1
f 3069/1786/1 964/1787/1 3070/1789/1
f 1763/1785/1 1198/3837/1 205/763/1
f 1763/1785/1 3068/1784/1 1198/3837/1
f 3068/1784/1 398/3835/1 1198/3837/1
f 3067/1782/1 1766/4219/1 966/4220/1
f 3067/1782/1 2565/1773/1 1766/4219/1
f 2565/1773/1 101/4221/1 1766/4219/1
f 3065/1779/1 3067/1782/1 966/4220/1
f 3065/1779/1 3066/1781/1 3067/1782/1
f 3066/1781/1 965/1771/1 3067/1782/1
f 2554/1780/1 2566/4222/1 13/4201/1
f 2554/1780/1 3065/1779/1 2566/4222/1
f 3065/1779/1 966/4220/1 2566/4222/1
f 3064/1777/1 1767/779/1 967/1764/1
f 3064/1777/1 1195/1776/1 1767/779/1
f 1195/1776/1 203/768/1 1767/779/1
f 3062/1772/1 3064/1777/1 967/1764/1
f 3062/1772/1 3063/1774/1 3064/1777/1
f 3063/1774/1 395/1775/1 3064/1777/1
f 2565/1773/1 2567/1766/1 101/4221/1
f 2565/1773/1 3062/1772/1 2567/1766/1
f 3062/1772/1 967/1764/1 2567/1766/1
f 3061/1770/1 2568/4223/1 968/4224/1
f 3061/1770/1 2561/1769/1 2568/4223/1
f 2561/1769/1 45/4215/1 2568/4223/1
f 3059/1765/1 3061/1770/1 968/4224/1
f 3059/1765/1 3060/1767/1 3061/1770/1
f 3060/1767/1 961/1768/1 3061/1770/1
f 2567/1766/1 1768/4225/1 101/4221/1
f 2567/1766/1 3059/1765/1 1768/4225/1
f 3059/1765/1 968/4224/1 1768/4225/1
f 3058/1763/1 1364/3442/1 564/3441/1
f 3058/1763/1 2570/1754/1 1364/3442/1
f 2570/1754/1 112/369/1 1364/3442/1
f 3056/1760/1 3058/1763/1 564/3441/1
f 3056/1760/1 3057/1762/1 3058/1763/1
f 3057/1762/1 970/1752/1 3058/1763/1
f 2569/1761/1 2164/221/1 56/220/1
f 2569/1761/1 3056/1760/1 2164/221/1
f 3056/1760/1 564/3441/1 2164/221/1
f 3055/1758/1 1771/786/1 971/1747/1
f 3055/1758/1 1992/1757/1 1771/786/1
f 1992/1757/1 135/784/1 1771/786/1
f 3053/1753/1 3055/1758/1 971/1747/1
f 3053/1753/1 3054/1755/1 3055/1758/1
f 3054/1755/1 392/1756/1 3055/1758/1
f 2570/1754/1 2571/1749/1 112/369/1
f 2570/1754/1 3053/1753/1 2571/1749/1
f 3053/1753/1 971/1747/1 2571/1749/1
f 3052/1751/1 2288/2993/1 688/2992/1
f 3052/1751/1 2572/1672/1 2288/2993/1
f 2572/1672/1 24/28/1 2288/2993/1
f 3050/1748/1 3052/1751/1 688/2992/1
f 3050/1748/1 3051/1750/1 3052/1751/1
f 3051/1750/1 972/1670/1 3052/1751/1
f 2571/1749/1 1488/370/1 112/369/1
f 2571/1749/1 3050/1748/1 1488/370/1
f 3050/1748/1 688/2992/1 1488/370/1
f 3049/1746/1 1769/782/1 969/1759/1
f 3049/1746/1 1774/1739/1 1769/782/1
f 1774/1739/1 202/780/1 1769/782/1
f 3047/1744/1 3049/1746/1 969/1759/1
f 3047/1744/1 3048/1745/1 3049/1746/1
f 3048/1745/1 974/1737/1 3049/1746/1
f 2573/1716/1 2569/1761/1 56/220/1
f 2573/1716/1 3047/1744/1 2569/1761/1
f 3047/1744/1 969/1759/1 2569/1761/1
f 3046/1743/1 2575/793/1 975/1730/1
f 3046/1743/1 1190/1742/1 2575/793/1
f 1190/1742/1 201/791/1 2575/793/1
f 3044/1738/1 3046/1743/1 975/1730/1
f 3044/1738/1 3045/1740/1 3046/1743/1
f 3045/1740/1 390/1741/1 3046/1743/1
f 1774/1739/1 1775/1732/1 202/780/1
f 1774/1739/1 3044/1738/1 1775/1732/1
f 3044/1738/1 975/1730/1 1775/1732/1
f 3043/1736/1 1991/83/1 391/3852/1
f 3043/1736/1 2576/1735/1 1991/83/1
f 2576/1735/1 79/72/1 1991/83/1
f 3041/1731/1 3043/1736/1 391/3852/1
f 3041/1731/1 3042/1733/1 3043/1736/1
f 3042/1733/1 976/1734/1 3043/1736/1
f 1775/1732/1 1191/3854/1 202/780/1
f 1775/1732/1 3041/1731/1 1191/3854/1
f 3041/1731/1 391/3852/1 1191/3854/1
f 3040/1729/1 1105/4061/1 305/4060/1
f 3040/1729/1 1777/1720/1 1105/4061/1
f 1777/1720/1 168/988/1 1105/4061/1
f 3038/1726/1 3040/1729/1 305/4060/1
f 3038/1726/1 3039/1728/1 3040/1729/1
f 3039/1728/1 977/1718/1 3040/1729/1
f 2522/1727/1 1905/13/1 9/9/1
f 2522/1727/1 3038/1726/1 1905/13/1
f 3038/1726/1 305/4060/1 1905/13/1
f 3037/1724/1 1778/796/1 978/1711/1
f 3037/1724/1 1188/1723/1 1778/796/1
f 1188/1723/1 200/787/1 1778/796/1
f 3035/1719/1 3037/1724/1 978/1711/1
f 3035/1719/1 3036/1721/1 3037/1724/1
f 3036/1721/1 388/1722/1 3037/1724/1
f 1777/1720/1 2578/1713/1 168/988/1
f 1777/1720/1 3035/1719/1 2578/1713/1
f 3035/1719/1 978/1711/1 2578/1713/1
f 3034/1717/1 2579/1138/1 979/1137/1
f 3034/1717/1 2573/1716/1 2579/1138/1
f 2573/1716/1 56/220/1 2579/1138/1
f 3032/1712/1 3034/1717/1 979/1137/1
f 3032/1712/1 3033/1714/1 3034/1717/1
f 3033/1714/1 973/1715/1 3034/1717/1
f 2578/1713/1 1779/989/1 168/988/1
f 2578/1713/1 3032/1712/1 1779/989/1
f 3032/1712/1 979/1137/1 1779/989/1
f 3031/1710/1 1782/835/1 982/1596/1
f 3031/1710/1 2581/1701/1 1782/835/1
f 2581/1701/1 137/833/1 1782/835/1
f 3029/1707/1 3031/1710/1 982/1596/1
f 3029/1707/1 3030/1709/1 3031/1710/1
f 3030/1709/1 981/1699/1 3031/1710/1
f 2580/1708/1 2582/1598/1 81/65/1
f 2580/1708/1 3029/1707/1 2582/1598/1
f 3029/1707/1 982/1596/1 2582/1598/1
f 3028/1705/1 2583/803/1 983/1692/1
f 3028/1705/1 1985/1704/1 2583/803/1
f 1985/1704/1 136/801/1 2583/803/1
f 3026/1700/1 3028/1705/1 983/1692/1
f 3026/1700/1 3027/1702/1 3028/1705/1
f 3027/1702/1 385/1703/1 3028/1705/1
f 2581/1701/1 1783/1694/1 137/833/1
f 2581/1701/1 3026/1700/1 1783/1694/1
f 3026/1700/1 983/1692/1 1783/1694/1
f 3025/1698/1 1967/64/1 367/3905/1
f 3025/1698/1 2214/1697/1 1967/64/1
f 2214/1697/1 16/62/1 1967/64/1
f 3023/1693/1 3025/1698/1 367/3905/1
f 3023/1693/1 3024/1695/1 3025/1698/1
f 3024/1695/1 614/1696/1 3025/1698/1
f 1783/1694/1 1167/3907/1 137/833/1
f 1783/1694/1 3023/1693/1 1167/3907/1
f 3023/1693/1 367/3905/1 1167/3907/1
f 3022/1691/1 1780/799/1 980/1706/1
f 3022/1691/1 1785/1684/1 1780/799/1
f 1785/1684/1 199/797/1 1780/799/1
f 3020/1689/1 3022/1691/1 980/1706/1
f 3020/1689/1 3021/1690/1 3022/1691/1
f 3021/1690/1 985/1682/1 3022/1691/1
f 2584/1661/1 2580/1708/1 81/65/1
f 2584/1661/1 3020/1689/1 2580/1708/1
f 3020/1689/1 980/1706/1 2580/1708/1
f 3019/1688/1 2586/810/1 986/1675/1
f 3019/1688/1 1182/1687/1 2586/810/1
f 1182/1687/1 198/808/1 2586/810/1
f 3017/1683/1 3019/1688/1 986/1675/1
f 3017/1683/1 3018/1685/1 3019/1688/1
f 3018/1685/1 382/1686/1 3019/1688/1
f 1785/1684/1 1786/1677/1 199/797/1
f 1785/1684/1 3017/1683/1 1786/1677/1
f 3017/1683/1 986/1675/1 1786/1677/1
f 3016/1681/1 1983/78/1 383/3869/1
f 3016/1681/1 2587/1680/1 1983/78/1
f 2587/1680/1 80/76/1 1983/78/1
f 3014/1676/1 3016/1681/1 383/3869/1
f 3014/1676/1 3015/1678/1 3016/1681/1
f 3015/1678/1 987/1679/1 3016/1681/1
f 1786/1677/1 1183/3871/1 199/797/1
f 1786/1677/1 3014/1676/1 1183/3871/1
f 3014/1676/1 383/3869/1 1183/3871/1
f 3013/1674/1 1789/830/1 989/1615/1
f 3013/1674/1 1788/1665/1 1789/830/1
f 1788/1665/1 193/828/1 1789/830/1
f 3011/1671/1 3013/1674/1 989/1615/1
f 3011/1671/1 3012/1673/1 3013/1674/1
f 3012/1673/1 988/1663/1 3013/1674/1
f 2572/1672/1 2589/1617/1 24/28/1
f 2572/1672/1 3011/1671/1 2589/1617/1
f 3011/1671/1 989/1615/1 2589/1617/1
f 3010/1669/1 1790/813/1 990/1656/1
f 3010/1669/1 1180/1668/1 1790/813/1
f 1180/1668/1 197/804/1 1790/813/1
f 3008/1664/1 3010/1669/1 990/1656/1
f 3008/1664/1 3009/1666/1 3010/1669/1
f 3009/1666/1 380/1667/1 3010/1669/1
f 1788/1665/1 2590/1658/1 193/828/1
f 1788/1665/1 3008/1664/1 2590/1658/1
f 3008/1664/1 990/1656/1 2590/1658/1
f 3007/1662/1 1970/67/1 370/3900/1
f 3007/1662/1 2584/1661/1 1970/67/1
f 2584/1661/1 81/65/1 1970/67/1
f 3005/1657/1 3007/1662/1 370/3900/1
f 3005/1657/1 3006/1659/1 3007/1662/1
f 3006/1659/1 984/1660/1 3007/1662/1
f 2590/1658/1 1170/3902/1 193/828/1
f 2590/1658/1 3005/1657/1 1170/3902/1
f 3005/1657/1 370/3900/1 1170/3902/1
f 3004/1655/1 1311/3569/1 511/3568/1
f 3004/1655/1 2592/1646/1 1311/3569/1
f 2592/1646/1 96/496/1 1311/3569/1
f 3002/1652/1 3004/1655/1 511/3568/1
f 3002/1652/1 3003/1654/1 3004/1655/1
f 3003/1654/1 992/1644/1 3004/1655/1
f 2591/1653/1 2111/178/1 40/177/1
f 2591/1653/1 3002/1652/1 2111/178/1
f 3002/1652/1 511/3568/1 2111/178/1
f 3001/1650/1 2593/820/1 993/1637/1
f 3001/1650/1 1977/1649/1 2593/820/1
f 1977/1649/1 88/818/1 2593/820/1
f 2999/1645/1 3001/1650/1 993/1637/1
f 2999/1645/1 3000/1647/1 3001/1650/1
f 3000/1647/1 377/1648/1 3001/1650/1
f 2592/1646/1 1793/1639/1 96/496/1
f 2592/1646/1 2999/1645/1 1793/1639/1
f 2999/1645/1 993/1637/1 1793/1639/1
f 2998/1643/1 2377/2614/1 777/2613/1
f 2998/1643/1 2594/1642/1 2377/2614/1
f 2594/1642/1 6/14/1 2377/2614/1
f 2996/1638/1 2998/1643/1 777/2613/1
f 2996/1638/1 2997/1640/1 2998/1643/1
f 2997/1640/1 994/1641/1 2998/1643/1
f 1793/1639/1 1577/497/1 96/496/1
f 1793/1639/1 2996/1638/1 1577/497/1
f 2996/1638/1 777/2613/1 1577/497/1
f 2995/1636/1 1791/816/1 991/1651/1
f 2995/1636/1 1796/1629/1 1791/816/1
f 1796/1629/1 196/814/1 1791/816/1
f 2993/1634/1 2995/1636/1 991/1651/1
f 2993/1634/1 2994/1635/1 2995/1636/1
f 2994/1635/1 996/1627/1 2995/1636/1
f 2595/1606/1 2591/1653/1 40/177/1
f 2595/1606/1 2993/1634/1 2591/1653/1
f 2993/1634/1 991/1651/1 2591/1653/1
f 2992/1633/1 2597/827/1 997/1620/1
f 2992/1633/1 1174/1632/1 2597/827/1
f 1174/1632/1 195/825/1 2597/827/1
f 2990/1628/1 2992/1633/1 997/1620/1
f 2990/1628/1 2991/1630/1 2992/1633/1
f 2991/1630/1 374/1631/1 2992/1633/1
f 1796/1629/1 1797/1622/1 196/814/1
f 1796/1629/1 2990/1628/1 1797/1622/1
f 2990/1628/1 997/1620/1 1797/1622/1
f 2989/1626/1 1975/71/1 375/3886/1
f 2989/1626/1 2598/1625/1 1975/71/1
f 2598/1625/1 32/69/1 1975/71/1
f 2987/1621/1 2989/1626/1 375/3886/1
f 2987/1621/1 2988/1623/1 2989/1626/1
f 2988/1623/1 998/1624/1 2989/1626/1
f 1797/1622/1 1175/3888/1 196/814/1
f 1797/1622/1 2987/1621/1 1175/3888/1
f 2987/1621/1 375/3886/1 1175/3888/1
f 2986/1619/1 1124/4018/1 324/4017/1
f 2986/1619/1 2599/1610/1 1124/4018/1
f 2599/1610/1 152/945/1 1124/4018/1
f 2984/1616/1 2986/1619/1 324/4017/1
f 2984/1616/1 2985/1618/1 2986/1619/1
f 2985/1618/1 999/1608/1 2986/1619/1
f 2589/1617/1 1924/29/1 24/28/1
f 2589/1617/1 2984/1616/1 1924/29/1
f 2984/1616/1 324/4017/1 1924/29/1
f 2983/1614/1 1800/832/1 1000/1601/1
f 2983/1614/1 1172/1613/1 1800/832/1
f 1172/1613/1 194/821/1 1800/832/1
f 2981/1609/1 2983/1614/1 1000/1601/1
f 2981/1609/1 2982/1611/1 2983/1614/1
f 2982/1611/1 372/1612/1 2983/1614/1
f 2599/1610/1 2600/1603/1 152/945/1
f 2599/1610/1 2981/1609/1 2600/1603/1
f 2981/1609/1 1000/1601/1 2600/1603/1
f 2980/1607/1 2601/1265/1 1001/1264/1
f 2980/1607/1 2595/1606/1 2601/1265/1
f 2595/1606/1 40/177/1 2601/1265/1
f 2978/1602/1 2980/1607/1 1001/1264/1
f 2978/1602/1 2979/1604/1 2980/1607/1
f 2979/1604/1 995/1605/1 2980/1607/1
f 2600/1603/1 1801/946/1 152/945/1
f 2600/1603/1 2978/1602/1 1801/946/1
f 2978/1602/1 1001/1264/1 1801/946/1
f 2977/1600/1 1173/3898/1 373/3897/1
f 2977/1600/1 1802/1591/1 1173/3898/1
f 1802/1591/1 195/825/1 1173/3898/1
f 2975/1597/1 2977/1600/1 373/3897/1
f 2975/1597/1 2976/1599/1 2977/1600/1
f 2976/1599/1 1002/1589/1 2977/1600/1
f 2582/1598/1 1973/68/1 81/65/1
f 2582/1598/1 2975/1597/1 1973/68/1
f 2975/1597/1 373/3897/1 1973/68/1
f 2974/1595/1 2603/839/1 1003/1582/1
f 2974/1595/1 1169/1594/1 2603/839/1
f 1169/1594/1 144/837/1 2603/839/1
f 2972/1590/1 2974/1595/1 1003/1582/1
f 2972/1590/1 2973/1592/1 2974/1595/1
f 2973/1592/1 369/1593/1 2974/1595/1
f 1802/1591/1 1803/1584/1 195/825/1
f 1802/1591/1 2972/1590/1 1803/1584/1
f 2972/1590/1 1003/1582/1 1803/1584/1
f 2971/1588/1 2598/1625/1 998/1624/1
f 2971/1588/1 2604/1587/1 2598/1625/1
f 2604/1587/1 32/69/1 2598/1625/1
f 2969/1583/1 2971/1588/1 998/1624/1
f 2969/1583/1 2970/1585/1 2971/1588/1
f 2970/1585/1 1004/1586/1 2971/1588/1
f 1803/1584/1 1798/826/1 195/825/1
f 1803/1584/1 2969/1583/1 1798/826/1
f 2969/1583/1 998/1624/1 1798/826/1
f 2968/1581/1 1181/3881/1 381/3880/1
f 2968/1581/1 1806/1574/1 1181/3881/1
f 1806/1574/1 198/808/1 1181/3881/1
f 2966/1579/1 2968/1581/1 381/3880/1
f 2966/1579/1 2967/1580/1 2968/1581/1
f 2967/1580/1 1006/1572/1 2968/1581/1
f 2605/1553/1 1981/75/1 79/72/1
f 2605/1553/1 2966/1579/1 1981/75/1
f 2966/1579/1 381/3880/1 1981/75/1
f 2965/1578/1 2607/846/1 1007/1565/1
f 2965/1578/1 1166/1577/1 2607/846/1
f 1166/1577/1 192/844/1 2607/846/1
f 2963/1573/1 2965/1578/1 1007/1565/1
f 2963/1573/1 2964/1575/1 2965/1578/1
f 2964/1575/1 366/1576/1 2965/1578/1
f 1806/1574/1 1807/1567/1 198/808/1
f 1806/1574/1 2963/1573/1 1807/1567/1
f 2963/1573/1 1007/1565/1 1807/1567/1
f 2962/1571/1 2587/1680/1 987/1679/1
f 2962/1571/1 2222/1570/1 2587/1680/1
f 2222/1570/1 80/76/1 2587/1680/1
f 2960/1566/1 2962/1571/1 987/1679/1
f 2960/1566/1 2961/1568/1 2962/1571/1
f 2961/1568/1 622/1569/1 2962/1571/1
f 1807/1567/1 1787/809/1 198/808/1
f 1807/1567/1 2960/1566/1 1787/809/1
f 2960/1566/1 987/1679/1 1787/809/1
f 2959/1564/1 1189/3864/1 389/3863/1
f 2959/1564/1 1809/1557/1 1189/3864/1
f 1809/1557/1 201/791/1 1189/3864/1
f 2957/1562/1 2959/1564/1 389/3863/1
f 2957/1562/1 2958/1563/1 2959/1564/1
f 2958/1563/1 1009/1555/1 2959/1564/1
f 2608/1481/1 1989/82/1 46/79/1
f 2608/1481/1 2957/1562/1 1989/82/1
f 2957/1562/1 389/3863/1 1989/82/1
f 2956/1561/1 2610/851/1 1010/1548/1
f 2956/1561/1 1164/1560/1 2610/851/1
f 1164/1560/1 191/840/1 2610/851/1
f 2954/1556/1 2956/1561/1 1010/1548/1
f 2954/1556/1 2955/1558/1 2956/1561/1
f 2955/1558/1 364/1559/1 2956/1561/1
f 1809/1557/1 1810/1550/1 201/791/1
f 1809/1557/1 2954/1556/1 1810/1550/1
f 2954/1556/1 1010/1548/1 1810/1550/1
f 2953/1554/1 2576/1735/1 976/1734/1
f 2953/1554/1 2605/1553/1 2576/1735/1
f 2605/1553/1 79/72/1 2576/1735/1
f 2951/1549/1 2953/1554/1 976/1734/1
f 2951/1549/1 2952/1551/1 2953/1554/1
f 2952/1551/1 1005/1552/1 2953/1554/1
f 1810/1550/1 1776/792/1 201/791/1
f 1810/1550/1 2951/1549/1 1776/792/1
f 2951/1549/1 976/1734/1 1776/792/1
f 2950/1547/1 1196/3845/1 396/3844/1
f 2950/1547/1 1811/1538/1 1196/3845/1
f 1811/1538/1 204/772/1 1196/3845/1
f 2948/1544/1 2950/1547/1 396/3844/1
f 2948/1544/1 2949/1546/1 2950/1547/1
f 2949/1546/1 1011/1536/1 2950/1547/1
f 2547/1545/1 1996/87/1 78/84/1
f 2547/1545/1 2948/1544/1 1996/87/1
f 2948/1544/1 396/3844/1 1996/87/1
f 2947/1542/1 2612/858/1 1012/1531/1
f 2947/1542/1 1162/1541/1 2612/858/1
f 1162/1541/1 148/856/1 2612/858/1
f 2945/1537/1 2947/1542/1 1012/1531/1
f 2945/1537/1 2946/1539/1 2947/1542/1
f 2946/1539/1 362/1540/1 2947/1542/1
f 1811/1538/1 1812/1533/1 204/772/1
f 1811/1538/1 2945/1537/1 1812/1533/1
f 2945/1537/1 1012/1531/1 1812/1533/1
f 2944/1535/1 2564/1788/1 964/1787/1
f 2944/1535/1 2613/1401/1 2564/1788/1
f 2613/1401/1 36/88/1 2564/1788/1
f 2942/1532/1 2944/1535/1 964/1787/1
f 2942/1532/1 2943/1534/1 2944/1535/1
f 2943/1534/1 1013/1399/1 2944/1535/1
f 1812/1533/1 1764/773/1 204/772/1
f 1812/1533/1 2942/1532/1 1764/773/1
f 2942/1532/1 964/1787/1 1764/773/1
f 2941/1530/1 1204/3830/1 404/3829/1
f 2941/1530/1 1815/1523/1 1204/3830/1
f 1815/1523/1 207/757/1 1204/3830/1
f 2939/1528/1 2941/1530/1 404/3829/1
f 2939/1528/1 2940/1529/1 2941/1530/1
f 2940/1529/1 1015/1521/1 2941/1530/1
f 2614/1500/1 2004/94/1 76/91/1
f 2614/1500/1 2939/1528/1 2004/94/1
f 2939/1528/1 404/3829/1 2004/94/1
f 2938/1527/1 2616/865/1 1016/1514/1
f 2938/1527/1 1160/1526/1 2616/865/1
f 1160/1526/1 189/863/1 2616/865/1
f 2936/1522/1 2938/1527/1 1016/1514/1
f 2936/1522/1 2937/1524/1 2938/1527/1
f 2937/1524/1 360/1525/1 2938/1527/1
f 1815/1523/1 1816/1516/1 207/757/1
f 1815/1523/1 2936/1522/1 1816/1516/1
f 2936/1522/1 1016/1514/1 1816/1516/1
f 2935/1520/1 2552/1843/1 952/1842/1
f 2935/1520/1 2235/1519/1 2552/1843/1
f 2235/1519/1 77/95/1 2552/1843/1
f 2933/1515/1 2935/1520/1 952/1842/1
f 2933/1515/1 2934/1517/1 2935/1520/1
f 2934/1517/1 635/1518/1 2935/1520/1
f 1816/1516/1 1752/758/1 207/757/1
f 1816/1516/1 2933/1515/1 1752/758/1
f 2933/1515/1 952/1842/1 1752/758/1
f 2932/1513/1 1212/3811/1 412/3810/1
f 2932/1513/1 1818/1504/1 1212/3811/1
f 1818/1504/1 210/738/1 1212/3811/1
f 2930/1510/1 2932/1513/1 412/3810/1
f 2930/1510/1 2931/1512/1 2932/1513/1
f 2931/1512/1 1018/1502/1 2932/1513/1
f 2617/1511/1 2012/101/1 47/98/1
f 2617/1511/1 2930/1510/1 2012/101/1
f 2930/1510/1 412/3810/1 2012/101/1
f 2929/1508/1 2619/870/1 1019/1495/1
f 2929/1508/1 1158/1507/1 2619/870/1
f 1158/1507/1 188/859/1 2619/870/1
f 2927/1503/1 2929/1508/1 1019/1495/1
f 2927/1503/1 2928/1505/1 2929/1508/1
f 2928/1505/1 358/1506/1 2929/1508/1
f 1818/1504/1 1819/1497/1 210/738/1
f 1818/1504/1 2927/1503/1 1819/1497/1
f 2927/1503/1 1019/1495/1 1819/1497/1
f 2926/1501/1 2539/1898/1 939/1897/1
f 2926/1501/1 2614/1500/1 2539/1898/1
f 2614/1500/1 76/91/1 2539/1898/1
f 2924/1496/1 2926/1501/1 939/1897/1
f 2924/1496/1 2925/1498/1 2926/1501/1
f 2925/1498/1 1014/1499/1 2926/1501/1
f 1819/1497/1 1739/739/1 210/738/1
f 1819/1497/1 2924/1496/1 1739/739/1
f 2924/1496/1 939/1897/1 1739/739/1
f 2923/1494/1 1219/3792/1 419/3791/1
f 2923/1494/1 1820/1485/1 1219/3792/1
f 1820/1485/1 213/719/1 1219/3792/1
f 2921/1491/1 2923/1494/1 419/3791/1
f 2921/1491/1 2922/1493/1 2923/1494/1
f 2922/1493/1 1020/1483/1 2923/1494/1
f 2510/1492/1 2019/106/1 75/103/1
f 2510/1492/1 2921/1491/1 2019/106/1
f 2921/1491/1 419/3791/1 2019/106/1
f 2920/1489/1 2621/875/1 1021/1476/1
f 2920/1489/1 1955/1488/1 2621/875/1
f 1955/1488/1 102/847/1 2621/875/1
f 2918/1484/1 2920/1489/1 1021/1476/1
f 2918/1484/1 2919/1486/1 2920/1489/1
f 2919/1486/1 355/1487/1 2920/1489/1
f 1820/1485/1 1821/1478/1 213/719/1
f 1820/1485/1 2918/1484/1 1821/1478/1
f 2918/1484/1 1021/1476/1 1821/1478/1
f 2917/1482/1 2526/1951/1 926/1950/1
f 2917/1482/1 2608/1481/1 2526/1951/1
f 2608/1481/1 46/79/1 2526/1951/1
f 2915/1477/1 2917/1482/1 926/1950/1
f 2915/1477/1 2916/1479/1 2917/1482/1
f 2916/1479/1 1008/1480/1 2917/1482/1
f 1821/1478/1 1726/720/1 213/719/1
f 1821/1478/1 2915/1477/1 1726/720/1
f 2915/1477/1 926/1950/1 1726/720/1
f 2914/1475/1 1226/3775/1 426/3774/1
f 2914/1475/1 1823/1468/1 1226/3775/1
f 1823/1468/1 216/702/1 1226/3775/1
f 2912/1473/1 2914/1475/1 426/3774/1
f 2912/1473/1 2913/1474/1 2914/1475/1
f 2913/1474/1 1023/1466/1 2914/1475/1
f 2622/1445/1 2026/111/1 73/108/1
f 2622/1445/1 2912/1473/1 2026/111/1
f 2912/1473/1 426/3774/1 2026/111/1
f 2911/1472/1 2624/882/1 1024/1459/1
f 2911/1472/1 1152/1471/1 2624/882/1
f 1152/1471/1 186/880/1 2624/882/1
f 2909/1467/1 2911/1472/1 1024/1459/1
f 2909/1467/1 2910/1469/1 2911/1472/1
f 2910/1469/1 352/1470/1 2911/1472/1
f 1823/1468/1 1824/1461/1 216/702/1
f 1823/1468/1 2909/1467/1 1824/1461/1
f 2909/1467/1 1024/1459/1 1824/1461/1
f 2908/1465/1 2515/2004/1 915/2003/1
f 2908/1465/1 2247/1464/1 2515/2004/1
f 2247/1464/1 74/112/1 2515/2004/1
f 2906/1460/1 2908/1465/1 915/2003/1
f 2906/1460/1 2907/1462/1 2908/1465/1
f 2907/1462/1 647/1463/1 2908/1465/1
f 1824/1461/1 1715/703/1 216/702/1
f 1824/1461/1 2906/1460/1 1715/703/1
f 2906/1460/1 915/2003/1 1715/703/1
f 2905/1458/1 1234/3756/1 434/3755/1
f 2905/1458/1 1826/1449/1 1234/3756/1
f 1826/1449/1 219/683/1 1234/3756/1
f 2903/1455/1 2905/1458/1 434/3755/1
f 2903/1455/1 2904/1457/1 2905/1458/1
f 2904/1457/1 1026/1447/1 2905/1458/1
f 2625/1456/1 2034/118/1 42/115/1
f 2625/1456/1 2903/1455/1 2034/118/1
f 2903/1455/1 434/3755/1 2034/118/1
f 2902/1453/1 2627/887/1 1027/1440/1
f 2902/1453/1 1150/1452/1 2627/887/1
f 1150/1452/1 185/876/1 2627/887/1
f 2900/1448/1 2902/1453/1 1027/1440/1
f 2900/1448/1 2901/1450/1 2902/1453/1
f 2901/1450/1 350/1451/1 2902/1453/1
f 1826/1449/1 1827/1442/1 219/683/1
f 1826/1449/1 2900/1448/1 1827/1442/1
f 2900/1448/1 1027/1440/1 1827/1442/1
f 2899/1446/1 2503/2059/1 903/2058/1
f 2899/1446/1 2622/1445/1 2503/2059/1
f 2622/1445/1 73/108/1 2503/2059/1
f 2897/1441/1 2899/1446/1 903/2058/1
f 2897/1441/1 2898/1443/1 2899/1446/1
f 2898/1443/1 1022/1444/1 2899/1446/1
f 1827/1442/1 1703/684/1 219/683/1
f 1827/1442/1 2897/1441/1 1703/684/1
f 2897/1441/1 903/2058/1 1703/684/1
f 2896/1439/1 1241/3737/1 441/3736/1
f 2896/1439/1 1828/1430/1 1241/3737/1
f 1828/1430/1 222/664/1 1241/3737/1
f 2894/1436/1 2896/1439/1 441/3736/1
f 2894/1436/1 2895/1438/1 2896/1439/1
f 2895/1438/1 1028/1428/1 2896/1439/1
f 2476/1437/1 2041/123/1 72/120/1
f 2476/1437/1 2894/1436/1 2041/123/1
f 2894/1436/1 441/3736/1 2041/123/1
f 2893/1434/1 2629/894/1 1029/1421/1
f 2893/1434/1 1147/1433/1 2629/894/1
f 1147/1433/1 149/892/1 2629/894/1
f 2891/1429/1 2893/1434/1 1029/1421/1
f 2891/1429/1 2892/1431/1 2893/1434/1
f 2892/1431/1 347/1432/1 2893/1434/1
f 1828/1430/1 1829/1423/1 222/664/1
f 1828/1430/1 2891/1429/1 1829/1423/1
f 2891/1429/1 1029/1421/1 1829/1423/1
f 2890/1427/1 2493/2112/1 893/2111/1
f 2890/1427/1 2529/1426/1 2493/2112/1
f 2529/1426/1 37/124/1 2493/2112/1
f 2888/1422/1 2890/1427/1 893/2111/1
f 2888/1422/1 2889/1424/1 2890/1427/1
f 2889/1424/1 929/1425/1 2890/1427/1
f 1829/1423/1 1693/665/1 222/664/1
f 1829/1423/1 2888/1422/1 1693/665/1
f 2888/1422/1 893/2111/1 1693/665/1
f 2887/1420/1 1249/3720/1 449/3719/1
f 2887/1420/1 1831/1413/1 1249/3720/1
f 1831/1413/1 225/647/1 1249/3720/1
f 2885/1418/1 2887/1420/1 449/3719/1
f 2885/1418/1 2886/1419/1 2887/1420/1
f 2886/1419/1 1031/1411/1 2887/1420/1
f 2630/1390/1 2049/130/1 70/127/1
f 2630/1390/1 2885/1418/1 2049/130/1
f 2885/1418/1 449/3719/1 2049/130/1
f 2884/1417/1 2632/901/1 1032/1404/1
f 2884/1417/1 1144/1416/1 2632/901/1
f 1144/1416/1 183/899/1 2632/901/1
f 2882/1412/1 2884/1417/1 1032/1404/1
f 2882/1412/1 2883/1414/1 2884/1417/1
f 2883/1414/1 344/1415/1 2884/1417/1
f 1831/1413/1 1832/1406/1 225/647/1
f 1831/1413/1 2882/1412/1 1832/1406/1
f 2882/1412/1 1032/1404/1 1832/1406/1
f 2881/1410/1 2481/2167/1 881/2166/1
f 2881/1410/1 2259/1409/1 2481/2167/1
f 2259/1409/1 71/131/1 2481/2167/1
f 2879/1405/1 2881/1410/1 881/2166/1
f 2879/1405/1 2880/1407/1 2881/1410/1
f 2880/1407/1 659/1408/1 2881/1410/1
f 1832/1406/1 1681/648/1 225/647/1
f 1832/1406/1 2879/1405/1 1681/648/1
f 2879/1405/1 881/2166/1 1681/648/1
f 2878/1403/1 1256/3701/1 456/3700/1
f 2878/1403/1 1833/1394/1 1256/3701/1
f 1833/1394/1 228/628/1 1256/3701/1
f 2876/1400/1 2878/1403/1 456/3700/1
f 2876/1400/1 2877/1402/1 2878/1403/1
f 2877/1402/1 1033/1392/1 2878/1403/1
f 2613/1401/1 2056/135/1 36/88/1
f 2613/1401/1 2876/1400/1 2056/135/1
f 2876/1400/1 456/3700/1 2056/135/1
f 2875/1398/1 2634/904/1 1034/1385/1
f 2875/1398/1 1142/1397/1 2634/904/1
f 1142/1397/1 182/895/1 2634/904/1
f 2873/1393/1 2875/1398/1 1034/1385/1
f 2873/1393/1 2874/1395/1 2875/1398/1
f 2874/1395/1 342/1396/1 2875/1398/1
f 1833/1394/1 1834/1387/1 228/628/1
f 1833/1394/1 2873/1393/1 1834/1387/1
f 2873/1393/1 1034/1385/1 1834/1387/1
f 2872/1391/1 2470/2220/1 870/2219/1
f 2872/1391/1 2630/1390/1 2470/2220/1
f 2630/1390/1 70/127/1 2470/2220/1
f 2870/1386/1 2872/1391/1 870/2219/1
f 2870/1386/1 2871/1388/1 2872/1391/1
f 2871/1388/1 1030/1389/1 2872/1391/1
f 1834/1387/1 1670/629/1 228/628/1
f 1834/1387/1 2870/1386/1 1670/629/1
f 2870/1386/1 870/2219/1 1670/629/1
f 2869/1384/1 1263/3682/1 463/3681/1
f 2869/1384/1 1835/1375/1 1263/3682/1
f 1835/1375/1 231/609/1 1263/3682/1
f 2867/1381/1 2869/1384/1 463/3681/1
f 2867/1381/1 2868/1383/1 2869/1384/1
f 2868/1383/1 1035/1373/1 2869/1384/1
f 2440/1382/1 2063/140/1 69/137/1
f 2440/1382/1 2867/1381/1 2063/140/1
f 2867/1381/1 463/3681/1 2063/140/1
f 2866/1379/1 2636/911/1 1036/1368/1
f 2866/1379/1 1939/1378/1 2636/911/1
f 1939/1378/1 107/909/1 2636/911/1
f 2864/1374/1 2866/1379/1 1036/1368/1
f 2864/1374/1 2865/1376/1 2866/1379/1
f 2865/1376/1 339/1377/1 2866/1379/1
f 1835/1375/1 1836/1370/1 231/609/1
f 1835/1375/1 2864/1374/1 1836/1370/1
f 2864/1374/1 1036/1368/1 1836/1370/1
f 2863/1372/1 2457/2273/1 857/2272/1
f 2863/1372/1 2637/1295/1 2457/2273/1
f 2637/1295/1 51/141/1 2457/2273/1
f 2861/1369/1 2863/1372/1 857/2272/1
f 2861/1369/1 2862/1371/1 2863/1372/1
f 2862/1371/1 1037/1293/1 2863/1372/1
f 1836/1370/1 1657/610/1 231/609/1
f 1836/1370/1 2861/1369/1 1657/610/1
f 2861/1369/1 857/2272/1 1657/610/1
f 2860/1367/1 1271/3667/1 471/3666/1
f 2860/1367/1 1839/1360/1 1271/3667/1
f 1839/1360/1 234/594/1 1271/3667/1
f 2858/1365/1 2860/1367/1 471/3666/1
f 2858/1365/1 2859/1366/1 2860/1367/1
f 2859/1366/1 1039/1358/1 2860/1367/1
f 2638/1337/1 2071/147/1 67/144/1
f 2638/1337/1 2858/1365/1 2071/147/1
f 2858/1365/1 471/3666/1 2071/147/1
f 2857/1364/1 2640/918/1 1040/1351/1
f 2857/1364/1 1137/1363/1 2640/918/1
f 1137/1363/1 180/916/1 2640/918/1
f 2855/1359/1 2857/1364/1 1040/1351/1
f 2855/1359/1 2856/1361/1 2857/1364/1
f 2856/1361/1 337/1362/1 2857/1364/1
f 1839/1360/1 1840/1353/1 234/594/1
f 1839/1360/1 2855/1359/1 1840/1353/1
f 2855/1359/1 1040/1351/1 1840/1353/1
f 2854/1357/1 2445/2328/1 845/2327/1
f 2854/1357/1 2272/1356/1 2445/2328/1
f 2272/1356/1 68/148/1 2445/2328/1
f 2852/1352/1 2854/1357/1 845/2327/1
f 2852/1352/1 2853/1354/1 2854/1357/1
f 2853/1354/1 672/1355/1 2854/1357/1
f 1840/1353/1 1645/595/1 234/594/1
f 1840/1353/1 2852/1352/1 1645/595/1
f 2852/1352/1 845/2327/1 1645/595/1
f 2851/1350/1 1279/3648/1 479/3647/1
f 2851/1350/1 1841/1341/1 1279/3648/1
f 1841/1341/1 237/575/1 1279/3648/1
f 2849/1347/1 2851/1350/1 479/3647/1
f 2849/1347/1 2850/1349/1 2851/1350/1
f 2850/1349/1 1041/1339/1 2851/1350/1
f 2464/1348/1 2079/154/1 54/151/1
f 2464/1348/1 2849/1347/1 2079/154/1
f 2849/1347/1 479/3647/1 2079/154/1
f 2848/1345/1 2642/923/1 1042/1332/1
f 2848/1345/1 1135/1344/1 2642/923/1
f 1135/1344/1 179/912/1 2642/923/1
f 2846/1340/1 2848/1345/1 1042/1332/1
f 2846/1340/1 2847/1342/1 2848/1345/1
f 2847/1342/1 335/1343/1 2848/1345/1
f 1841/1341/1 1842/1334/1 237/575/1
f 1841/1341/1 2846/1340/1 1842/1334/1
f 2846/1340/1 1042/1332/1 1842/1334/1
f 2845/1338/1 2432/2383/1 832/2382/1
f 2845/1338/1 2638/1337/1 2432/2383/1
f 2638/1337/1 67/144/1 2432/2383/1
f 2843/1333/1 2845/1338/1 832/2382/1
f 2843/1333/1 2844/1335/1 2845/1338/1
f 2844/1335/1 1038/1336/1 2845/1338/1
f 1842/1334/1 1632/576/1 237/575/1
f 1842/1334/1 2843/1333/1 1632/576/1
f 2843/1333/1 832/2382/1 1632/576/1
f 2842/1331/1 1286/3629/1 486/3628/1
f 2842/1331/1 1843/1322/1 1286/3629/1
f 1843/1322/1 240/556/1 1286/3629/1
f 2840/1328/1 2842/1331/1 486/3628/1
f 2840/1328/1 2841/1330/1 2842/1331/1
f 2841/1330/1 1043/1320/1 2842/1331/1
f 2401/1329/1 2086/159/1 66/156/1
f 2401/1329/1 2840/1328/1 2086/159/1
f 2840/1328/1 486/3628/1 2086/159/1
f 2839/1326/1 2644/930/1 1044/1315/1
f 2839/1326/1 1132/1325/1 2644/930/1
f 1132/1325/1 151/928/1 2644/930/1
f 2837/1321/1 2839/1326/1 1044/1315/1
f 2837/1321/1 2838/1323/1 2839/1326/1
f 2838/1323/1 332/1324/1 2839/1326/1
f 1843/1322/1 1844/1317/1 240/556/1
f 1843/1322/1 2837/1321/1 1844/1317/1
f 2837/1321/1 1044/1315/1 1844/1317/1
f 2836/1319/1 2418/2436/1 818/2435/1
f 2836/1319/1 2645/1240/1 2418/2436/1
f 2645/1240/1 39/160/1 2418/2436/1
f 2834/1316/1 2836/1319/1 818/2435/1
f 2834/1316/1 2835/1318/1 2836/1319/1
f 2835/1318/1 1045/1238/1 2836/1319/1
f 1844/1317/1 1618/557/1 240/556/1
f 1844/1317/1 2834/1316/1 1618/557/1
f 2834/1316/1 818/2435/1 1618/557/1
f 2833/1314/1 1294/3614/1 494/3613/1
f 2833/1314/1 1847/1307/1 1294/3614/1
f 1847/1307/1 243/541/1 1294/3614/1
f 2831/1312/1 2833/1314/1 494/3613/1
f 2831/1312/1 2832/1313/1 2833/1314/1
f 2832/1313/1 1047/1305/1 2833/1314/1
f 2646/1284/1 2094/166/1 64/163/1
f 2646/1284/1 2831/1312/1 2094/166/1
f 2831/1312/1 494/3613/1 2094/166/1
f 2830/1311/1 2648/937/1 1048/1298/1
f 2830/1311/1 1130/1310/1 2648/937/1
f 1130/1310/1 177/935/1 2648/937/1
f 2828/1306/1 2830/1311/1 1048/1298/1
f 2828/1306/1 2829/1308/1 2830/1311/1
f 2829/1308/1 330/1309/1 2830/1311/1
f 1847/1307/1 1848/1300/1 243/541/1
f 1847/1307/1 2828/1306/1 1848/1300/1
f 2828/1306/1 1048/1298/1 1848/1300/1
f 2827/1304/1 2406/2491/1 806/2490/1
f 2827/1304/1 2284/1303/1 2406/2491/1
f 2284/1303/1 65/167/1 2406/2491/1
f 2825/1299/1 2827/1304/1 806/2490/1
f 2825/1299/1 2826/1301/1 2827/1304/1
f 2826/1301/1 684/1302/1 2827/1304/1
f 1848/1300/1 1606/542/1 243/541/1
f 1848/1300/1 2825/1299/1 1606/542/1
f 2825/1299/1 806/2490/1 1606/542/1
f 2824/1297/1 1301/3595/1 501/3594/1
f 2824/1297/1 1849/1288/1 1301/3595/1
f 1849/1288/1 246/522/1 1301/3595/1
f 2822/1294/1 2824/1297/1 501/3594/1
f 2822/1294/1 2823/1296/1 2824/1297/1
f 2823/1296/1 1049/1286/1 2824/1297/1
f 2637/1295/1 2101/171/1 51/141/1
f 2637/1295/1 2822/1294/1 2101/171/1
f 2822/1294/1 501/3594/1 2101/171/1
f 2821/1292/1 2650/940/1 1050/1279/1
f 2821/1292/1 1128/1291/1 2650/940/1
f 1128/1291/1 176/931/1 2650/940/1
f 2819/1287/1 2821/1292/1 1050/1279/1
f 2819/1287/1 2820/1289/1 2821/1292/1
f 2820/1289/1 328/1290/1 2821/1292/1
f 1849/1288/1 1850/1281/1 246/522/1
f 1849/1288/1 2819/1287/1 1850/1281/1
f 2819/1287/1 1050/1279/1 1850/1281/1
f 2818/1285/1 2393/2544/1 793/2543/1
f 2818/1285/1 2646/1284/1 2393/2544/1
f 2646/1284/1 64/163/1 2393/2544/1
f 2816/1280/1 2818/1285/1 793/2543/1
f 2816/1280/1 2817/1282/1 2818/1285/1
f 2817/1282/1 1046/1283/1 2818/1285/1
f 1850/1281/1 1593/523/1 246/522/1
f 1850/1281/1 2816/1280/1 1593/523/1
f 2816/1280/1 793/2543/1 1593/523/1
f 2815/1278/1 1308/3576/1 508/3575/1
f 2815/1278/1 1851/1269/1 1308/3576/1
f 1851/1269/1 249/503/1 1308/3576/1
f 2813/1275/1 2815/1278/1 508/3575/1
f 2813/1275/1 2814/1277/1 2815/1278/1
f 2814/1277/1 1051/1267/1 2815/1278/1
f 2364/1276/1 2108/176/1 63/173/1
f 2364/1276/1 2813/1275/1 2108/176/1
f 2813/1275/1 508/3575/1 2108/176/1
f 2812/1273/1 2652/947/1 1052/1260/1
f 2812/1273/1 1125/1272/1 2652/947/1
f 1125/1272/1 152/945/1 2652/947/1
f 2810/1268/1 2812/1273/1 1052/1260/1
f 2810/1268/1 2811/1270/1 2812/1273/1
f 2811/1270/1 325/1271/1 2812/1273/1
f 1851/1269/1 1852/1262/1 249/503/1
f 1851/1269/1 2810/1268/1 1852/1262/1
f 2810/1268/1 1052/1260/1 1852/1262/1
f 2809/1266/1 2381/2597/1 781/2596/1
f 2809/1266/1 2601/1265/1 2381/2597/1
f 2601/1265/1 40/177/1 2381/2597/1
f 2807/1261/1 2809/1266/1 781/2596/1
f 2807/1261/1 2808/1263/1 2809/1266/1
f 2808/1263/1 1001/1264/1 2809/1266/1
f 1852/1262/1 1581/504/1 249/503/1
f 1852/1262/1 2807/1261/1 1581/504/1
f 2807/1261/1 781/2596/1 1581/504/1
f 2806/1259/1 1316/3559/1 516/3558/1
f 2806/1259/1 1854/1252/1 1316/3559/1
f 1854/1252/1 252/486/1 1316/3559/1
f 2804/1257/1 2806/1259/1 516/3558/1
f 2804/1257/1 2805/1258/1 2806/1259/1
f 2805/1258/1 1054/1250/1 2806/1259/1
f 2653/1229/1 2116/183/1 61/180/1
f 2653/1229/1 2804/1257/1 2116/183/1
f 2804/1257/1 516/3558/1 2116/183/1
f 2803/1256/1 2655/954/1 1055/1243/1
f 2803/1256/1 1122/1255/1 2655/954/1
f 1122/1255/1 174/952/1 2655/954/1
f 2801/1251/1 2803/1256/1 1055/1243/1
f 2801/1251/1 2802/1253/1 2803/1256/1
f 2802/1253/1 322/1254/1 2803/1256/1
f 1854/1252/1 1855/1245/1 252/486/1
f 1854/1252/1 2801/1251/1 1855/1245/1
f 2801/1251/1 1055/1243/1 1855/1245/1
f 2800/1249/1 2369/2652/1 769/2651/1
f 2800/1249/1 2296/1248/1 2369/2652/1
f 2296/1248/1 62/184/1 2369/2652/1
f 2798/1244/1 2800/1249/1 769/2651/1
f 2798/1244/1 2799/1246/1 2800/1249/1
f 2799/1246/1 696/1247/1 2800/1249/1
f 1855/1245/1 1569/487/1 252/486/1
f 1855/1245/1 2798/1244/1 1569/487/1
f 2798/1244/1 769/2651/1 1569/487/1
f 2797/1242/1 1323/3540/1 523/3539/1
f 2797/1242/1 1856/1233/1 1323/3540/1
f 1856/1233/1 255/467/1 1323/3540/1
f 2795/1239/1 2797/1242/1 523/3539/1
f 2795/1239/1 2796/1241/1 2797/1242/1
f 2796/1241/1 1056/1231/1 2797/1242/1
f 2645/1240/1 2123/188/1 39/160/1
f 2645/1240/1 2795/1239/1 2123/188/1
f 2795/1239/1 523/3539/1 2123/188/1
f 2794/1237/1 2657/957/1 1057/1224/1
f 2794/1237/1 1120/1236/1 2657/957/1
f 1120/1236/1 173/948/1 2657/957/1
f 2792/1232/1 2794/1237/1 1057/1224/1
f 2792/1232/1 2793/1234/1 2794/1237/1
f 2793/1234/1 320/1235/1 2794/1237/1
f 1856/1233/1 1857/1226/1 255/467/1
f 1856/1233/1 2792/1232/1 1857/1226/1
f 2792/1232/1 1057/1224/1 1857/1226/1
f 2791/1230/1 2358/2705/1 758/2704/1
f 2791/1230/1 2653/1229/1 2358/2705/1
f 2653/1229/1 61/180/1 2358/2705/1
f 2789/1225/1 2791/1230/1 758/2704/1
f 2789/1225/1 2790/1227/1 2791/1230/1
f 2790/1227/1 1053/1228/1 2791/1230/1
f 1857/1226/1 1558/468/1 255/467/1
f 1857/1226/1 2789/1225/1 1558/468/1
f 2789/1225/1 758/2704/1 1558/468/1
f 2788/1223/1 1330/3521/1 530/3520/1
f 2788/1223/1 1858/1214/1 1330/3521/1
f 1858/1214/1 258/448/1 1330/3521/1
f 2786/1220/1 2788/1223/1 530/3520/1
f 2786/1220/1 2787/1222/1 2788/1223/1
f 2787/1222/1 1058/1212/1 2788/1223/1
f 2327/1221/1 2130/193/1 60/190/1
f 2327/1221/1 2786/1220/1 2130/193/1
f 2786/1220/1 530/3520/1 2130/193/1
f 2785/1218/1 2659/964/1 1059/1205/1
f 2785/1218/1 1117/1217/1 2659/964/1
f 1117/1217/1 139/962/1 2659/964/1
f 2783/1213/1 2785/1218/1 1059/1205/1
f 2783/1213/1 2784/1215/1 2785/1218/1
f 2784/1215/1 317/1216/1 2785/1218/1
f 1858/1214/1 1859/1207/1 258/448/1
f 1858/1214/1 2783/1213/1 1859/1207/1
f 2783/1213/1 1059/1205/1 1859/1207/1
f 2782/1211/1 2345/2758/1 745/2757/1
f 2782/1211/1 2660/1210/1 2345/2758/1
f 2660/1210/1 27/194/1 2345/2758/1
f 2780/1206/1 2782/1211/1 745/2757/1
f 2780/1206/1 2781/1208/1 2782/1211/1
f 2781/1208/1 1060/1209/1 2782/1211/1
f 1859/1207/1 1545/449/1 258/448/1
f 1859/1207/1 2780/1206/1 1545/449/1
f 2780/1206/1 745/2757/1 1545/449/1
f 2779/1204/1 1338/3504/1 538/3503/1
f 2779/1204/1 1862/1197/1 1338/3504/1
f 1862/1197/1 261/431/1 1338/3504/1
f 2777/1202/1 2779/1204/1 538/3503/1
f 2777/1202/1 2778/1203/1 2779/1204/1
f 2778/1203/1 1062/1195/1 2779/1204/1
f 2661/1174/1 2138/200/1 58/197/1
f 2661/1174/1 2777/1202/1 2138/200/1
f 2777/1202/1 538/3503/1 2138/200/1
f 2776/1201/1 2663/971/1 1063/1188/1
f 2776/1201/1 1114/1200/1 2663/971/1
f 1114/1200/1 171/969/1 2663/971/1
f 2774/1196/1 2776/1201/1 1063/1188/1
f 2774/1196/1 2775/1198/1 2776/1201/1
f 2775/1198/1 314/1199/1 2776/1201/1
f 1862/1197/1 1863/1190/1 261/431/1
f 1862/1197/1 2774/1196/1 1863/1190/1
f 2774/1196/1 1063/1188/1 1863/1190/1
f 2773/1194/1 2332/2813/1 732/2812/1
f 2773/1194/1 2309/1193/1 2332/2813/1
f 2309/1193/1 59/201/1 2332/2813/1
f 2771/1189/1 2773/1194/1 732/2812/1
f 2771/1189/1 2772/1191/1 2773/1194/1
f 2772/1191/1 709/1192/1 2773/1194/1
f 1863/1190/1 1532/432/1 261/431/1
f 1863/1190/1 2771/1189/1 1532/432/1
f 2771/1189/1 732/2812/1 1532/432/1
f 2770/1187/1 1346/3485/1 546/3484/1
f 2770/1187/1 1864/1178/1 1346/3485/1
f 1864/1178/1 264/412/1 1346/3485/1
f 2768/1184/1 2770/1187/1 546/3484/1
f 2768/1184/1 2769/1186/1 2770/1187/1
f 2769/1186/1 1064/1176/1 2770/1187/1
f 2352/1185/1 2146/207/1 57/204/1
f 2352/1185/1 2768/1184/1 2146/207/1
f 2768/1184/1 546/3484/1 2146/207/1
f 2767/1182/1 2665/976/1 1065/1169/1
f 2767/1182/1 1112/1181/1 2665/976/1
f 1112/1181/1 170/965/1 2665/976/1
f 2765/1177/1 2767/1182/1 1065/1169/1
f 2765/1177/1 2766/1179/1 2767/1182/1
f 2766/1179/1 312/1180/1 2767/1182/1
f 1864/1178/1 1865/1171/1 264/412/1
f 1864/1178/1 2765/1177/1 1865/1171/1
f 2765/1177/1 1065/1169/1 1865/1171/1
f 2764/1175/1 2319/2868/1 719/2867/1
f 2764/1175/1 2661/1174/1 2319/2868/1
f 2661/1174/1 58/197/1 2319/2868/1
f 2762/1170/1 2764/1175/1 719/2867/1
f 2762/1170/1 2763/1172/1 2764/1175/1
f 2763/1172/1 1061/1173/1 2764/1175/1
f 1865/1171/1 1519/413/1 264/412/1
f 1865/1171/1 2762/1170/1 1519/413/1
f 2762/1170/1 719/2867/1 1519/413/1
f 2761/1168/1 1353/3466/1 553/3465/1
f 2761/1168/1 1866/1159/1 1353/3466/1
f 1866/1159/1 267/393/1 1353/3466/1
f 2759/1165/1 2761/1168/1 553/3465/1
f 2759/1165/1 2760/1167/1 2761/1168/1
f 2760/1167/1 1066/1157/1 2761/1168/1
f 2375/1166/1 2153/212/1 41/209/1
f 2375/1166/1 2759/1165/1 2153/212/1
f 2759/1165/1 553/3465/1 2153/212/1
f 2758/1163/1 2667/983/1 1067/1150/1
f 2758/1163/1 1109/1162/1 2667/983/1
f 1109/1162/1 155/981/1 2667/983/1
f 2756/1158/1 2758/1163/1 1067/1150/1
f 2756/1158/1 2757/1160/1 2758/1163/1
f 2757/1160/1 309/1161/1 2758/1163/1
f 1866/1159/1 1867/1152/1 267/393/1
f 1866/1159/1 2756/1158/1 1867/1152/1
f 2756/1158/1 1067/1150/1 1867/1152/1
f 2755/1156/1 2305/2921/1 705/2920/1
f 2755/1156/1 2668/1155/1 2305/2921/1
f 2668/1155/1 43/213/1 2305/2921/1
f 2753/1151/1 2755/1156/1 705/2920/1
f 2753/1151/1 2754/1153/1 2755/1156/1
f 2754/1153/1 1068/1154/1 2755/1156/1
f 1867/1152/1 1505/394/1 267/393/1
f 1867/1152/1 2753/1151/1 1505/394/1
f 2753/1151/1 705/2920/1 1505/394/1
f 2752/1149/1 1361/3449/1 561/3448/1
f 2752/1149/1 1870/1142/1 1361/3449/1
f 1870/1142/1 270/376/1 1361/3449/1
f 2750/1147/1 2752/1149/1 561/3448/1
f 2750/1147/1 2751/1148/1 2752/1149/1
f 2751/1148/1 1070/1140/1 2752/1149/1
f 2669/1121/1 2161/219/1 55/216/1
f 2669/1121/1 2750/1147/1 2161/219/1
f 2750/1147/1 561/3448/1 2161/219/1
f 2749/1146/1 2671/990/1 1071/1133/1
f 2749/1146/1 1106/1145/1 2671/990/1
f 1106/1145/1 168/988/1 2671/990/1
f 2747/1141/1 2749/1146/1 1071/1133/1
f 2747/1141/1 2748/1143/1 2749/1146/1
f 2748/1143/1 306/1144/1 2749/1146/1
f 1870/1142/1 1871/1135/1 270/376/1
f 1870/1142/1 2747/1141/1 1871/1135/1
f 2747/1141/1 1071/1133/1 1871/1135/1
f 2746/1139/1 2293/2976/1 693/2975/1
f 2746/1139/1 2579/1138/1 2293/2976/1
f 2579/1138/1 56/220/1 2293/2976/1
f 2744/1134/1 2746/1139/1 693/2975/1
f 2744/1134/1 2745/1136/1 2746/1139/1
f 2745/1136/1 979/1137/1 2746/1139/1
f 1871/1135/1 1493/377/1 270/376/1
f 1871/1135/1 2744/1134/1 1493/377/1
f 2744/1134/1 693/2975/1 1493/377/1
f 2743/1132/1 1369/3432/1 569/3431/1
f 2743/1132/1 1873/1125/1 1369/3432/1
f 1873/1125/1 273/359/1 1369/3432/1
f 2741/1130/1 2743/1132/1 569/3431/1
f 2741/1130/1 2742/1131/1 2743/1132/1
f 2742/1131/1 1073/1123/1 2743/1132/1
f 2672/1102/1 2169/226/1 35/223/1
f 2672/1102/1 2741/1130/1 2169/226/1
f 2741/1130/1 569/3431/1 2169/226/1
f 2740/1129/1 2674/995/1 1074/1116/1
f 2740/1129/1 1104/1128/1 2674/995/1
f 1104/1128/1 167/984/1 2674/995/1
f 2738/1124/1 2740/1129/1 1074/1116/1
f 2738/1124/1 2739/1126/1 2740/1129/1
f 2739/1126/1 304/1127/1 2740/1129/1
f 1873/1125/1 1874/1118/1 273/359/1
f 1873/1125/1 2738/1124/1 1874/1118/1
f 2738/1124/1 1074/1116/1 1874/1118/1
f 2737/1122/1 2281/3031/1 681/3030/1
f 2737/1122/1 2669/1121/1 2281/3031/1
f 2669/1121/1 55/216/1 2281/3031/1
f 2735/1117/1 2737/1122/1 681/3030/1
f 2735/1117/1 2736/1119/1 2737/1122/1
f 2736/1119/1 1069/1120/1 2737/1122/1
f 1874/1118/1 1481/360/1 273/359/1
f 1874/1118/1 2735/1117/1 1481/360/1
f 2735/1117/1 681/3030/1 1481/360/1
f 2734/1115/1 1376/3413/1 576/3412/1
f 2734/1115/1 1875/1106/1 1376/3413/1
f 1875/1106/1 276/340/1 1376/3413/1
f 2732/1112/1 2734/1115/1 576/3412/1
f 2732/1112/1 2733/1114/1 2734/1115/1
f 2733/1114/1 1075/1104/1 2734/1115/1
f 2487/1113/1 2176/231/1 38/228/1
f 2487/1113/1 2732/1112/1 2176/231/1
f 2732/1112/1 576/3412/1 2176/231/1
f 2731/1110/1 2676/1000/1 1076/1097/1
f 2731/1110/1 1902/1109/1 2676/1000/1
f 1902/1109/1 91/991/1 2676/1000/1
f 2729/1105/1 2731/1110/1 1076/1097/1
f 2729/1105/1 2730/1107/1 2731/1110/1
f 2730/1107/1 302/1108/1 2731/1110/1
f 1875/1106/1 1876/1099/1 276/340/1
f 1875/1106/1 2729/1105/1 1876/1099/1
f 2729/1105/1 1076/1097/1 1876/1099/1
f 2728/1103/1 2268/3084/1 668/3083/1
f 2728/1103/1 2672/1102/1 2268/3084/1
f 2672/1102/1 35/223/1 2268/3084/1
f 2726/1098/1 2728/1103/1 668/3083/1
f 2726/1098/1 2727/1100/1 2728/1103/1
f 2727/1100/1 1072/1101/1 2728/1103/1
f 1876/1099/1 1468/341/1 276/340/1
f 1876/1099/1 2726/1098/1 1468/341/1
f 2726/1098/1 668/3083/1 1468/341/1
f 2725/1096/1 1383/3396/1 583/3395/1
f 2725/1096/1 1878/1089/1 1383/3396/1
f 1878/1089/1 279/323/1 1383/3396/1
f 2723/1094/1 2725/1096/1 583/3395/1
f 2723/1094/1 2724/1095/1 2725/1096/1
f 2724/1095/1 1078/1087/1 2725/1096/1
f 2677/1049/1 2183/236/1 52/233/1
f 2677/1049/1 2723/1094/1 2183/236/1
f 2723/1094/1 583/3395/1 2183/236/1
f 2722/1093/1 2679/1007/1 1079/1080/1
f 2722/1093/1 1099/1092/1 2679/1007/1
f 1099/1092/1 165/1005/1 2679/1007/1
f 2720/1088/1 2722/1093/1 1079/1080/1
f 2720/1088/1 2721/1090/1 2722/1093/1
f 2721/1090/1 299/1091/1 2722/1093/1
f 1878/1089/1 1879/1082/1 279/323/1
f 1878/1089/1 2720/1088/1 1879/1082/1
f 2720/1088/1 1079/1080/1 1879/1082/1
f 2719/1086/1 2256/3137/1 656/3136/1
f 2719/1086/1 2507/1085/1 2256/3137/1
f 2507/1085/1 53/237/1 2256/3137/1
f 2717/1081/1 2719/1086/1 656/3136/1
f 2717/1081/1 2718/1083/1 2719/1086/1
f 2718/1083/1 907/1084/1 2719/1086/1
f 1879/1082/1 1456/324/1 279/323/1
f 1879/1082/1 2717/1081/1 1456/324/1
f 2717/1081/1 656/3136/1 1456/324/1
f 2716/1079/1 1391/3377/1 591/3376/1
f 2716/1079/1 1881/1070/1 1391/3377/1
f 1881/1070/1 282/304/1 1391/3377/1
f 2714/1076/1 2716/1079/1 591/3376/1
f 2714/1076/1 2715/1078/1 2716/1079/1
f 2715/1078/1 1081/1068/1 2716/1079/1
f 2680/1077/1 2191/243/1 26/240/1
f 2680/1077/1 2714/1076/1 2191/243/1
f 2714/1076/1 591/3376/1 2191/243/1
f 2713/1074/1 2682/1014/1 1082/1063/1
f 2713/1074/1 1097/1073/1 2682/1014/1
f 1097/1073/1 86/1012/1 2682/1014/1
f 2711/1069/1 2713/1074/1 1082/1063/1
f 2711/1069/1 2712/1071/1 2713/1074/1
f 2712/1071/1 297/1072/1 2713/1074/1
f 1881/1070/1 1882/1065/1 282/304/1
f 1881/1070/1 2711/1069/1 1882/1065/1
f 2711/1069/1 1082/1063/1 1882/1065/1
f 2710/1067/1 2243/3192/1 643/3191/1
f 2710/1067/1 2683/1041/1 2243/3192/1
f 2683/1041/1 30/244/1 2243/3192/1
f 2708/1064/1 2710/1067/1 643/3191/1
f 2708/1064/1 2709/1066/1 2710/1067/1
f 2709/1066/1 1083/1039/1 2710/1067/1
f 1882/1065/1 1443/305/1 282/304/1
f 1882/1065/1 2708/1064/1 1443/305/1
f 2708/1064/1 643/3191/1 1443/305/1
f 2707/1062/1 1399/3360/1 599/3359/1
f 2707/1062/1 1885/1053/1 1399/3360/1
f 1885/1053/1 285/287/1 1399/3360/1
f 2705/1059/1 2707/1062/1 599/3359/1
f 2705/1059/1 2706/1061/1 2707/1062/1
f 2706/1061/1 1085/1051/1 2707/1062/1
f 2684/1060/1 2199/250/1 31/247/1
f 2684/1060/1 2705/1059/1 2199/250/1
f 2705/1059/1 599/3359/1 2199/250/1
f 2704/1057/1 2686/1019/1 1086/1044/1
f 2704/1057/1 1095/1056/1 2686/1019/1
f 1095/1056/1 164/1001/1 2686/1019/1
f 2702/1052/1 2704/1057/1 1086/1044/1
f 2702/1052/1 2703/1054/1 2704/1057/1
f 2703/1054/1 295/1055/1 2704/1057/1
f 1885/1053/1 1886/1046/1 285/287/1
f 1885/1053/1 2702/1052/1 1886/1046/1
f 2702/1052/1 1086/1044/1 1886/1046/1
f 2701/1050/1 2231/3247/1 631/3246/1
f 2701/1050/1 2677/1049/1 2231/3247/1
f 2677/1049/1 52/233/1 2231/3247/1
f 2699/1045/1 2701/1050/1 631/3246/1
f 2699/1045/1 2700/1047/1 2701/1050/1
f 2700/1047/1 1077/1048/1 2701/1050/1
f 1886/1046/1 1431/288/1 285/287/1
f 1886/1046/1 2699/1045/1 1431/288/1
f 2699/1045/1 631/3246/1 1431/288/1
f 2698/1043/1 1405/3341/1 605/3340/1
f 2698/1043/1 1887/1034/1 1405/3341/1
f 1887/1034/1 288/268/1 1405/3341/1
f 2696/1040/1 2698/1043/1 605/3340/1
f 2696/1040/1 2697/1042/1 2698/1043/1
f 2697/1042/1 1087/1032/1 2698/1043/1
f 2683/1041/1 2205/253/1 30/244/1
f 2683/1041/1 2696/1040/1 2205/253/1
f 2696/1040/1 605/3340/1 2205/253/1
f 2695/1038/1 2688/1024/1 1088/1025/1
f 2695/1038/1 1092/1037/1 2688/1024/1
f 1092/1037/1 160/1022/1 2688/1024/1
f 2693/1033/1 2695/1038/1 1088/1025/1
f 2693/1033/1 2694/1035/1 2695/1038/1
f 2694/1035/1 292/1036/1 2695/1038/1
f 1887/1034/1 1888/1027/1 288/268/1
f 1887/1034/1 2693/1033/1 1888/1027/1
f 2693/1033/1 1088/1025/1 1888/1027/1
f 2692/1031/1 2218/3298/1 618/3297/1
f 2692/1031/1 2689/1030/1 2218/3298/1
f 2689/1030/1 48/254/1 2218/3298/1
f 2690/1026/1 2692/1031/1 618/3297/1
f 2690/1026/1 2691/1028/1 2692/1031/1
f 2691/1028/1 1089/1029/1 2692/1031/1
f 1888/1027/1 1418/269/1 288/268/1
f 1888/1027/1 2690/1026/1 1418/269/1
f 2690/1026/1 618/3297/1 1418/269/1
f 2688/1024/1 2691/1028/1 1088/1025/1
f 2688/1024/1 1889/1023/1 2691/1028/1
f 1889/1023/1 1089/1029/1 2691/1028/1
f 2687/1020/1 2694/1035/1 1087/1032/1
f 2687/1020/1 1892/1021/1 2694/1035/1
f 1892/1021/1 292/1036/1 2694/1035/1
f 1883/1013/1 2697/1042/1 1083/1039/1
f 1883/1013/1 2687/1020/1 2697/1042/1
f 2687/1020/1 1087/1032/1 2697/1042/1
f 2686/1019/1 2700/1047/1 1086/1044/1
f 2686/1019/1 1877/1003/1 2700/1047/1
f 1877/1003/1 1077/1048/1 2700/1047/1
f 2685/1016/1 2703/1054/1 1085/1051/1
f 2685/1016/1 1895/1018/1 2703/1054/1
f 1895/1018/1 295/1055/1 2703/1054/1
f 1884/1017/1 2706/1061/1 1084/1058/1
f 1884/1017/1 2685/1016/1 2706/1061/1
f 2685/1016/1 1085/1051/1 2706/1061/1
f 2682/1014/1 2709/1066/1 1082/1063/1
f 2682/1014/1 1883/1013/1 2709/1066/1
f 1883/1013/1 1083/1039/1 2709/1066/1
f 2681/1009/1 2712/1071/1 1081/1068/1
f 2681/1009/1 1897/1011/1 2712/1071/1
f 1897/1011/1 297/1072/1 2712/1071/1
f 1880/1010/1 2715/1078/1 1080/1075/1
f 1880/1010/1 2681/1009/1 2715/1078/1
f 2681/1009/1 1081/1068/1 2715/1078/1
f 2679/1007/1 2718/1083/1 1079/1080/1
f 2679/1007/1 1707/1006/1 2718/1083/1
f 1707/1006/1 907/1084/1 2718/1083/1
f 2678/1002/1 2721/1090/1 1078/1087/1
f 2678/1002/1 1899/1004/1 2721/1090/1
f 1899/1004/1 299/1091/1 2721/1090/1
f 1877/1003/1 2724/1095/1 1077/1048/1
f 1877/1003/1 2678/1002/1 2724/1095/1
f 2678/1002/1 1078/1087/1 2724/1095/1
f 2676/1000/1 2727/1100/1 1076/1097/1
f 2676/1000/1 1872/993/1 2727/1100/1
f 1872/993/1 1072/1101/1 2727/1100/1
f 2675/997/1 2730/1107/1 1075/1104/1
f 2675/997/1 1102/999/1 2730/1107/1
f 1102/999/1 302/1108/1 2730/1107/1
f 1687/998/1 2733/1114/1 887/1111/1
f 1687/998/1 2675/997/1 2733/1114/1
f 2675/997/1 1075/1104/1 2733/1114/1
f 2674/995/1 2736/1119/1 1074/1116/1
f 2674/995/1 1869/986/1 2736/1119/1
f 1869/986/1 1069/1120/1 2736/1119/1
f 2673/992/1 2739/1126/1 1073/1123/1
f 2673/992/1 1904/994/1 2739/1126/1
f 1904/994/1 304/1127/1 2739/1126/1
f 1872/993/1 2742/1131/1 1072/1101/1
f 1872/993/1 2673/992/1 2742/1131/1
f 2673/992/1 1073/1123/1 2742/1131/1
f 2671/990/1 2745/1136/1 1071/1133/1
f 2671/990/1 1779/989/1 2745/1136/1
f 1779/989/1 979/1137/1 2745/1136/1
f 2670/985/1 2748/1143/1 1070/1140/1
f 2670/985/1 1906/987/1 2748/1143/1
f 1906/987/1 306/1144/1 2748/1143/1
f 1869/986/1 2751/1148/1 1069/1120/1
f 1869/986/1 2670/985/1 2751/1148/1
f 2670/985/1 1070/1140/1 2751/1148/1
f 2667/983/1 2754/1153/1 1067/1150/1
f 2667/983/1 1868/982/1 2754/1153/1
f 1868/982/1 1068/1154/1 2754/1153/1
f 2666/978/1 2757/1160/1 1066/1157/1
f 2666/978/1 1909/980/1 2757/1160/1
f 1909/980/1 309/1161/1 2757/1160/1
f 1575/979/1 2760/1167/1 775/1164/1
f 1575/979/1 2666/978/1 2760/1167/1
f 2666/978/1 1066/1157/1 2760/1167/1
f 2665/976/1 2763/1172/1 1065/1169/1
f 2665/976/1 1861/967/1 2763/1172/1
f 1861/967/1 1061/1173/1 2763/1172/1
f 2664/973/1 2766/1179/1 1064/1176/1
f 2664/973/1 1912/975/1 2766/1179/1
f 1912/975/1 312/1180/1 2766/1179/1
f 1552/974/1 2769/1186/1 752/1183/1
f 1552/974/1 2664/973/1 2769/1186/1
f 2664/973/1 1064/1176/1 2769/1186/1
f 2663/971/1 2772/1191/1 1063/1188/1
f 2663/971/1 1509/970/1 2772/1191/1
f 1509/970/1 709/1192/1 2772/1191/1
f 2662/966/1 2775/1198/1 1062/1195/1
f 2662/966/1 1914/968/1 2775/1198/1
f 1914/968/1 314/1199/1 2775/1198/1
f 1861/967/1 2778/1203/1 1061/1173/1
f 1861/967/1 2662/966/1 2778/1203/1
f 2662/966/1 1062/1195/1 2778/1203/1
f 2659/964/1 2781/1208/1 1059/1205/1
f 2659/964/1 1860/963/1 2781/1208/1
f 1860/963/1 1060/1209/1 2781/1208/1
f 2658/959/1 2784/1215/1 1058/1212/1
f 2658/959/1 1917/961/1 2784/1215/1
f 1917/961/1 317/1216/1 2784/1215/1
f 1527/960/1 2787/1222/1 727/1219/1
f 1527/960/1 2658/959/1 2787/1222/1
f 2658/959/1 1058/1212/1 2787/1222/1
f 2657/957/1 2790/1227/1 1057/1224/1
f 2657/957/1 1853/950/1 2790/1227/1
f 1853/950/1 1053/1228/1 2790/1227/1
f 2656/955/1 2793/1234/1 1056/1231/1
f 2656/955/1 1920/956/1 2793/1234/1
f 1920/956/1 320/1235/1 2793/1234/1
f 1845/929/1 2796/1241/1 1045/1238/1
f 1845/929/1 2656/955/1 2796/1241/1
f 2656/955/1 1056/1231/1 2796/1241/1
f 2655/954/1 2799/1246/1 1055/1243/1
f 2655/954/1 1496/953/1 2799/1246/1
f 1496/953/1 696/1247/1 2799/1246/1
f 2654/949/1 2802/1253/1 1054/1250/1
f 2654/949/1 1922/951/1 2802/1253/1
f 1922/951/1 322/1254/1 2802/1253/1
f 1853/950/1 2805/1258/1 1053/1228/1
f 1853/950/1 2654/949/1 2805/1258/1
f 2654/949/1 1054/1250/1 2805/1258/1
f 2652/947/1 2808/1263/1 1052/1260/1
f 2652/947/1 1801/946/1 2808/1263/1
f 1801/946/1 1001/1264/1 2808/1263/1
f 2651/942/1 2811/1270/1 1051/1267/1
f 2651/942/1 1925/944/1 2811/1270/1
f 1925/944/1 325/1271/1 2811/1270/1
f 1564/943/1 2814/1277/1 764/1274/1
f 1564/943/1 2651/942/1 2814/1277/1
f 2651/942/1 1051/1267/1 2814/1277/1
f 2650/940/1 2817/1282/1 1050/1279/1
f 2650/940/1 1846/933/1 2817/1282/1
f 1846/933/1 1046/1283/1 2817/1282/1
f 2649/938/1 2820/1289/1 1049/1286/1
f 2649/938/1 1928/939/1 2820/1289/1
f 1928/939/1 328/1290/1 2820/1289/1
f 1837/910/1 2823/1296/1 1037/1293/1
f 1837/910/1 2649/938/1 2823/1296/1
f 2649/938/1 1049/1286/1 2823/1296/1
f 2648/937/1 2826/1301/1 1048/1298/1
f 2648/937/1 1484/936/1 2826/1301/1
f 1484/936/1 684/1302/1 2826/1301/1
f 2647/932/1 2829/1308/1 1047/1305/1
f 2647/932/1 1930/934/1 2829/1308/1
f 1930/934/1 330/1309/1 2829/1308/1
f 1846/933/1 2832/1313/1 1046/1283/1
f 1846/933/1 2647/932/1 2832/1313/1
f 2647/932/1 1047/1305/1 2832/1313/1
f 2644/930/1 2835/1318/1 1044/1315/1
f 2644/930/1 1845/929/1 2835/1318/1
f 1845/929/1 1045/1238/1 2835/1318/1
f 2643/925/1 2838/1323/1 1043/1320/1
f 2643/925/1 1932/927/1 2838/1323/1
f 1932/927/1 332/1324/1 2838/1323/1
f 1601/926/1 2841/1330/1 801/1327/1
f 1601/926/1 2643/925/1 2841/1330/1
f 2643/925/1 1043/1320/1 2841/1330/1
f 2642/923/1 2844/1335/1 1042/1332/1
f 2642/923/1 1838/914/1 2844/1335/1
f 1838/914/1 1038/1336/1 2844/1335/1
f 2641/920/1 2847/1342/1 1041/1339/1
f 2641/920/1 1935/922/1 2847/1342/1
f 1935/922/1 335/1343/1 2847/1342/1
f 1664/921/1 2850/1349/1 864/1346/1
f 1664/921/1 2641/920/1 2850/1349/1
f 2641/920/1 1041/1339/1 2850/1349/1
f 2640/918/1 2853/1354/1 1040/1351/1
f 2640/918/1 1472/917/1 2853/1354/1
f 1472/917/1 672/1355/1 2853/1354/1
f 2639/913/1 2856/1361/1 1039/1358/1
f 2639/913/1 1937/915/1 2856/1361/1
f 1937/915/1 337/1362/1 2856/1361/1
f 1838/914/1 2859/1366/1 1038/1336/1
f 1838/914/1 2639/913/1 2859/1366/1
f 2639/913/1 1039/1358/1 2859/1366/1
f 2636/911/1 2862/1371/1 1036/1368/1
f 2636/911/1 1837/910/1 2862/1371/1
f 1837/910/1 1037/1293/1 2862/1371/1
f 2635/906/1 2865/1376/1 1035/1373/1
f 2635/906/1 1139/908/1 2865/1376/1
f 1139/908/1 339/1377/1 2865/1376/1
f 1640/907/1 2868/1383/1 840/1380/1
f 1640/907/1 2635/906/1 2868/1383/1
f 2635/906/1 1035/1373/1 2868/1383/1
f 2634/904/1 2871/1388/1 1034/1385/1
f 2634/904/1 1830/897/1 2871/1388/1
f 1830/897/1 1030/1389/1 2871/1388/1
f 2633/902/1 2874/1395/1 1033/1392/1
f 2633/902/1 1942/903/1 2874/1395/1
f 1942/903/1 342/1396/1 2874/1395/1
f 1813/857/1 2877/1402/1 1013/1399/1
f 1813/857/1 2633/902/1 2877/1402/1
f 2633/902/1 1033/1392/1 2877/1402/1
f 2632/901/1 2880/1407/1 1032/1404/1
f 2632/901/1 1459/900/1 2880/1407/1
f 1459/900/1 659/1408/1 2880/1407/1
f 2631/896/1 2883/1414/1 1031/1411/1
f 2631/896/1 1944/898/1 2883/1414/1
f 1944/898/1 344/1415/1 2883/1414/1
f 1830/897/1 2886/1419/1 1030/1389/1
f 1830/897/1 2631/896/1 2886/1419/1
f 2631/896/1 1031/1411/1 2886/1419/1
f 2629/894/1 2889/1424/1 1029/1421/1
f 2629/894/1 1729/893/1 2889/1424/1
f 1729/893/1 929/1425/1 2889/1424/1
f 2628/889/1 2892/1431/1 1028/1428/1
f 2628/889/1 1947/891/1 2892/1431/1
f 1947/891/1 347/1432/1 2892/1431/1
f 1676/890/1 2895/1438/1 876/1435/1
f 1676/890/1 2628/889/1 2895/1438/1
f 2628/889/1 1028/1428/1 2895/1438/1
f 2627/887/1 2898/1443/1 1027/1440/1
f 2627/887/1 1822/878/1 2898/1443/1
f 1822/878/1 1022/1444/1 2898/1443/1
f 2626/884/1 2901/1450/1 1026/1447/1
f 2626/884/1 1950/886/1 2901/1450/1
f 1950/886/1 350/1451/1 2901/1450/1
f 1825/885/1 2904/1457/1 1025/1454/1
f 1825/885/1 2626/884/1 2904/1457/1
f 2626/884/1 1026/1447/1 2904/1457/1
f 2624/882/1 2907/1462/1 1024/1459/1
f 2624/882/1 1447/881/1 2907/1462/1
f 1447/881/1 647/1463/1 2907/1462/1
f 2623/877/1 2910/1469/1 1023/1466/1
f 2623/877/1 1952/879/1 2910/1469/1
f 1952/879/1 352/1470/1 2910/1469/1
f 1822/878/1 2913/1474/1 1022/1444/1
f 1822/878/1 2623/877/1 2913/1474/1
f 2623/877/1 1023/1466/1 2913/1474/1
f 2621/875/1 2916/1479/1 1021/1476/1
f 2621/875/1 1808/849/1 2916/1479/1
f 1808/849/1 1008/1480/1 2916/1479/1
f 2620/872/1 2919/1486/1 1020/1483/1
f 2620/872/1 1155/874/1 2919/1486/1
f 1155/874/1 355/1487/1 2919/1486/1
f 1710/873/1 2922/1493/1 910/1490/1
f 1710/873/1 2620/872/1 2922/1493/1
f 2620/872/1 1020/1483/1 2922/1493/1
f 2619/870/1 2925/1498/1 1019/1495/1
f 2619/870/1 1814/861/1 2925/1498/1
f 1814/861/1 1014/1499/1 2925/1498/1
f 2618/867/1 2928/1505/1 1018/1502/1
f 2618/867/1 1958/869/1 2928/1505/1
f 1958/869/1 358/1506/1 2928/1505/1
f 1817/868/1 2931/1512/1 1017/1509/1
f 1817/868/1 2618/867/1 2931/1512/1
f 2618/867/1 1018/1502/1 2931/1512/1
f 2616/865/1 2934/1517/1 1016/1514/1
f 2616/865/1 1435/864/1 2934/1517/1
f 1435/864/1 635/1518/1 2934/1517/1
f 2615/860/1 2937/1524/1 1015/1521/1
f 2615/860/1 1960/862/1 2937/1524/1
f 1960/862/1 360/1525/1 2937/1524/1
f 1814/861/1 2940/1529/1 1014/1499/1
f 1814/861/1 2615/860/1 2940/1529/1
f 2615/860/1 1015/1521/1 2940/1529/1
f 2612/858/1 2943/1534/1 1012/1531/1
f 2612/858/1 1813/857/1 2943/1534/1
f 1813/857/1 1013/1399/1 2943/1534/1
f 2611/853/1 2946/1539/1 1011/1536/1
f 2611/853/1 1962/855/1 2946/1539/1
f 1962/855/1 362/1540/1 2946/1539/1
f 1747/854/1 2949/1546/1 947/1543/1
f 1747/854/1 2611/853/1 2949/1546/1
f 2611/853/1 1011/1536/1 2949/1546/1
f 2610/851/1 2952/1551/1 1010/1548/1
f 2610/851/1 1805/842/1 2952/1551/1
f 1805/842/1 1005/1552/1 2952/1551/1
f 2609/848/1 2955/1558/1 1009/1555/1
f 2609/848/1 1964/850/1 2955/1558/1
f 1964/850/1 364/1559/1 2955/1558/1
f 1808/849/1 2958/1563/1 1008/1480/1
f 1808/849/1 2609/848/1 2958/1563/1
f 2609/848/1 1009/1555/1 2958/1563/1
f 2607/846/1 2961/1568/1 1007/1565/1
f 2607/846/1 1422/845/1 2961/1568/1
f 1422/845/1 622/1569/1 2961/1568/1
f 2606/841/1 2964/1575/1 1006/1572/1
f 2606/841/1 1966/843/1 2964/1575/1
f 1966/843/1 366/1576/1 2964/1575/1
f 1805/842/1 2967/1580/1 1005/1552/1
f 1805/842/1 2606/841/1 2967/1580/1
f 2606/841/1 1006/1572/1 2967/1580/1
f 2603/839/1 2970/1585/1 1003/1582/1
f 2603/839/1 1804/838/1 2970/1585/1
f 1804/838/1 1004/1586/1 2970/1585/1
f 2602/834/1 2973/1592/1 1002/1589/1
f 2602/834/1 1969/836/1 2973/1592/1
f 1969/836/1 369/1593/1 2973/1592/1
f 1782/835/1 2976/1599/1 982/1596/1
f 1782/835/1 2602/834/1 2976/1599/1
f 2602/834/1 1002/1589/1 2976/1599/1
f 1800/832/1 2979/1604/1 1000/1601/1
f 1800/832/1 1795/823/1 2979/1604/1
f 1795/823/1 995/1605/1 2979/1604/1
f 1799/829/1 2982/1611/1 999/1608/1
f 1799/829/1 1972/831/1 2982/1611/1
f 1972/831/1 372/1612/1 2982/1611/1
f 1789/830/1 2985/1618/1 989/1615/1
f 1789/830/1 1799/829/1 2985/1618/1
f 1799/829/1 999/1608/1 2985/1618/1
f 2597/827/1 2988/1623/1 997/1620/1
f 2597/827/1 1798/826/1 2988/1623/1
f 1798/826/1 998/1624/1 2988/1623/1
f 2596/822/1 2991/1630/1 996/1627/1
f 2596/822/1 1974/824/1 2991/1630/1
f 1974/824/1 374/1631/1 2991/1630/1
f 1795/823/1 2994/1635/1 995/1605/1
f 1795/823/1 2596/822/1 2994/1635/1
f 2596/822/1 996/1627/1 2994/1635/1
f 2593/820/1 2997/1640/1 993/1637/1
f 2593/820/1 1794/819/1 2997/1640/1
f 1794/819/1 994/1641/1 2997/1640/1
f 1792/815/1 3000/1647/1 992/1644/1
f 1792/815/1 1177/817/1 3000/1647/1
f 1177/817/1 377/1648/1 3000/1647/1
f 1791/816/1 3003/1654/1 991/1651/1
f 1791/816/1 1792/815/1 3003/1654/1
f 1792/815/1 992/1644/1 3003/1654/1
f 1790/813/1 3006/1659/1 990/1656/1
f 1790/813/1 1784/806/1 3006/1659/1
f 1784/806/1 984/1660/1 3006/1659/1
f 2588/811/1 3009/1666/1 988/1663/1
f 2588/811/1 1980/812/1 3009/1666/1
f 1980/812/1 380/1667/1 3009/1666/1
f 1772/785/1 3012/1673/1 972/1670/1
f 1772/785/1 2588/811/1 3012/1673/1
f 2588/811/1 988/1663/1 3012/1673/1
f 2586/810/1 3015/1678/1 986/1675/1
f 2586/810/1 1787/809/1 3015/1678/1
f 1787/809/1 987/1679/1 3015/1678/1
f 2585/805/1 3018/1685/1 985/1682/1
f 2585/805/1 1982/807/1 3018/1685/1
f 1982/807/1 382/1686/1 3018/1685/1
f 1784/806/1 3021/1690/1 984/1660/1
f 1784/806/1 2585/805/1 3021/1690/1
f 2585/805/1 985/1682/1 3021/1690/1
f 2583/803/1 3024/1695/1 983/1692/1
f 2583/803/1 1414/802/1 3024/1695/1
f 1414/802/1 614/1696/1 3024/1695/1
f 1781/798/1 3027/1702/1 981/1699/1
f 1781/798/1 1185/800/1 3027/1702/1
f 1185/800/1 385/1703/1 3027/1702/1
f 1780/799/1 3030/1709/1 980/1706/1
f 1780/799/1 1781/798/1 3030/1709/1
f 1781/798/1 981/1699/1 3030/1709/1
f 1778/796/1 3033/1714/1 978/1711/1
f 1778/796/1 1773/789/1 3033/1714/1
f 1773/789/1 973/1715/1 3033/1714/1
f 2577/794/1 3036/1721/1 977/1718/1
f 2577/794/1 1988/795/1 3036/1721/1
f 1988/795/1 388/1722/1 3036/1721/1
f 1722/713/1 3039/1728/1 922/1725/1
f 1722/713/1 2577/794/1 3039/1728/1
f 2577/794/1 977/1718/1 3039/1728/1
f 2575/793/1 3042/1733/1 975/1730/1
f 2575/793/1 1776/792/1 3042/1733/1
f 1776/792/1 976/1734/1 3042/1733/1
f 2574/788/1 3045/1740/1 974/1737/1
f 2574/788/1 1990/790/1 3045/1740/1
f 1990/790/1 390/1741/1 3045/1740/1
f 1773/789/1 3048/1745/1 973/1715/1
f 1773/789/1 2574/788/1 3048/1745/1
f 2574/788/1 974/1737/1 3048/1745/1
f 1771/786/1 3051/1750/1 971/1747/1
f 1771/786/1 1772/785/1 3051/1750/1
f 1772/785/1 972/1670/1 3051/1750/1
f 1770/781/1 3054/1755/1 970/1752/1
f 1770/781/1 1192/783/1 3054/1755/1
f 1192/783/1 392/1756/1 3054/1755/1
f 1769/782/1 3057/1762/1 969/1759/1
f 1769/782/1 1770/781/1 3057/1762/1
f 1770/781/1 970/1752/1 3057/1762/1
f 1767/779/1 3060/1767/1 967/1764/1
f 1767/779/1 1761/770/1 3060/1767/1
f 1761/770/1 961/1768/1 3060/1767/1
f 1765/776/1 3063/1774/1 965/1771/1
f 1765/776/1 1995/778/1 3063/1774/1
f 1995/778/1 395/1775/1 3063/1774/1
f 1754/777/1 3066/1781/1 954/1778/1
f 1754/777/1 1765/776/1 3066/1781/1
f 1765/776/1 965/1771/1 3066/1781/1
f 2563/774/1 3069/1786/1 963/1783/1
f 2563/774/1 1764/773/1 3069/1786/1
f 1764/773/1 964/1787/1 3069/1786/1
f 2562/769/1 3072/1793/1 962/1790/1
f 2562/769/1 1997/771/1 3072/1793/1
f 1997/771/1 397/1794/1 3072/1793/1
f 1761/770/1 3075/1798/1 961/1768/1
f 1761/770/1 2562/769/1 3075/1798/1
f 2562/769/1 962/1790/1 3075/1798/1
f 2559/767/1 3078/1803/1 959/1800/1
f 2559/767/1 1671/633/1 3078/1803/1
f 1671/633/1 871/1804/1 3078/1803/1
f 1757/764/1 3081/1810/1 957/1807/1
f 1757/764/1 1200/766/1 3081/1810/1
f 1200/766/1 400/1811/1 3081/1810/1
f 1756/765/1 3084/1817/1 956/1814/1
f 1756/765/1 1757/764/1 3084/1817/1
f 1757/764/1 957/1807/1 3084/1817/1
f 1755/762/1 3087/1822/1 955/1819/1
f 1755/762/1 1749/755/1 3087/1822/1
f 1749/755/1 949/1823/1 3087/1822/1
f 2553/760/1 3090/1829/1 953/1826/1
f 2553/760/1 2003/761/1 3090/1829/1
f 2003/761/1 403/1830/1 3090/1829/1
f 1734/732/1 3093/1836/1 934/1833/1
f 1734/732/1 2553/760/1 3093/1836/1
f 2553/760/1 953/1826/1 3093/1836/1
f 2551/759/1 3096/1841/1 951/1838/1
f 2551/759/1 1752/758/1 3096/1841/1
f 1752/758/1 952/1842/1 3096/1841/1
f 2550/754/1 3099/1848/1 950/1845/1
f 2550/754/1 2005/756/1 3099/1848/1
f 2005/756/1 405/1849/1 3099/1848/1
f 1749/755/1 3102/1853/1 949/1823/1
f 1749/755/1 2550/754/1 3102/1853/1
f 2550/754/1 950/1845/1 3102/1853/1
f 2548/752/1 3105/1858/1 948/1855/1
f 2548/752/1 1427/751/1 3105/1858/1
f 1427/751/1 627/1859/1 3105/1858/1
f 1746/747/1 3108/1865/1 946/1862/1
f 1746/747/1 1208/749/1 3108/1865/1
f 1208/749/1 408/1866/1 3108/1865/1
f 1745/748/1 3111/1872/1 945/1869/1
f 1745/748/1 1746/747/1 3111/1872/1
f 1746/747/1 946/1862/1 3111/1872/1
f 1743/745/1 3114/1877/1 943/1874/1
f 1743/745/1 1736/736/1 3114/1877/1
f 1736/736/1 936/1878/1 3114/1877/1
f 1741/742/1 3117/1884/1 941/1881/1
f 1741/742/1 2011/744/1 3117/1884/1
f 2011/744/1 411/1885/1 3117/1884/1
f 1740/743/1 3120/1891/1 940/1888/1
f 1740/743/1 1741/742/1 3120/1891/1
f 1741/742/1 941/1881/1 3120/1891/1
f 2538/740/1 3123/1896/1 938/1893/1
f 2538/740/1 1739/739/1 3123/1896/1
f 1739/739/1 939/1897/1 3123/1896/1
f 2537/735/1 3126/1903/1 937/1900/1
f 2537/735/1 2013/737/1 3126/1903/1
f 2013/737/1 413/1904/1 3126/1903/1
f 1736/736/1 3129/1908/1 936/1878/1
f 1736/736/1 2537/735/1 3129/1908/1
f 2537/735/1 937/1900/1 3129/1908/1
f 2533/733/1 3132/1913/1 933/1910/1
f 2533/733/1 1734/732/1 3132/1913/1
f 1734/732/1 934/1833/1 3132/1913/1
f 1731/728/1 3135/1918/1 931/1915/1
f 1731/728/1 1215/730/1 3135/1918/1
f 1215/730/1 415/1919/1 3135/1918/1
f 1730/729/1 3138/1925/1 930/1922/1
f 1730/729/1 1731/728/1 3138/1925/1
f 1731/728/1 931/1915/1 3138/1925/1
f 1728/726/1 3141/1930/1 928/1927/1
f 1728/726/1 1723/717/1 3141/1930/1
f 1723/717/1 923/1931/1 3141/1930/1
f 1727/723/1 3144/1937/1 927/1934/1
f 1727/723/1 2018/725/1 3144/1937/1
f 2018/725/1 418/1938/1 3144/1937/1
f 1717/724/1 3147/1944/1 917/1941/1
f 1717/724/1 1727/723/1 3147/1944/1
f 1727/723/1 927/1934/1 3147/1944/1
f 2525/721/1 3150/1949/1 925/1946/1
f 2525/721/1 1726/720/1 3150/1949/1
f 1726/720/1 926/1950/1 3150/1949/1
f 2524/716/1 3153/1956/1 924/1953/1
f 2524/716/1 2020/718/1 3153/1956/1
f 2020/718/1 420/1957/1 3153/1956/1
f 1723/717/1 3156/1961/1 923/1931/1
f 1723/717/1 2524/716/1 3156/1961/1
f 2524/716/1 924/1953/1 3156/1961/1
f 1721/714/1 3159/1966/1 921/1963/1
f 1721/714/1 1722/713/1 3159/1966/1
f 1722/713/1 922/1725/1 3159/1966/1
f 1720/709/1 3162/1971/1 920/1968/1
f 1720/709/1 1222/711/1 3162/1971/1
f 1222/711/1 422/1972/1 3162/1971/1
f 1719/710/1 3165/1978/1 919/1975/1
f 1719/710/1 1720/709/1 3165/1978/1
f 1720/709/1 920/1968/1 3165/1978/1
f 1718/707/1 3168/1983/1 918/1980/1
f 1718/707/1 1712/700/1 3168/1983/1
f 1712/700/1 912/1984/1 3168/1983/1
f 2516/705/1 3171/1990/1 916/1987/1
f 2516/705/1 2025/706/1 3171/1990/1
f 2025/706/1 425/1991/1 3171/1990/1
f 1699/677/1 3174/1997/1 899/1994/1
f 1699/677/1 2516/705/1 3174/1997/1
f 2516/705/1 916/1987/1 3174/1997/1
f 2514/704/1 3177/2002/1 914/1999/1
f 2514/704/1 1715/703/1 3177/2002/1
f 1715/703/1 915/2003/1 3177/2002/1
f 2513/699/1 3180/2009/1 913/2006/1
f 2513/699/1 2027/701/1 3180/2009/1
f 2027/701/1 427/2010/1 3180/2009/1
f 1712/700/1 3183/2014/1 912/1984/1
f 1712/700/1 2513/699/1 3183/2014/1
f 2513/699/1 913/2006/1 3183/2014/1
f 2511/697/1 3186/2019/1 911/2016/1
f 2511/697/1 1439/696/1 3186/2019/1
f 1439/696/1 639/2020/1 3186/2019/1
f 1709/692/1 3189/2026/1 909/2023/1
f 1709/692/1 1230/694/1 3189/2026/1
f 1230/694/1 430/2027/1 3189/2026/1
f 1708/693/1 3192/2033/1 908/2030/1
f 1708/693/1 1709/692/1 3192/2033/1
f 1709/692/1 909/2023/1 3192/2033/1
f 1706/690/1 3195/2038/1 906/2035/1
f 1706/690/1 1700/681/1 3195/2038/1
f 1700/681/1 900/2039/1 3195/2038/1
f 2505/687/1 3198/2045/1 905/2042/1
f 2505/687/1 2033/689/1 3198/2045/1
f 2033/689/1 433/2046/1 3198/2045/1
f 1704/688/1 3201/2052/1 904/2049/1
f 1704/688/1 2505/687/1 3201/2052/1
f 2505/687/1 905/2042/1 3201/2052/1
f 2502/685/1 3204/2057/1 902/2054/1
f 2502/685/1 1703/684/1 3204/2057/1
f 1703/684/1 903/2058/1 3204/2057/1
f 2501/680/1 3207/2064/1 901/2061/1
f 2501/680/1 2035/682/1 3207/2064/1
f 2035/682/1 435/2065/1 3207/2064/1
f 1700/681/1 3210/2069/1 900/2039/1
f 1700/681/1 2501/680/1 3210/2069/1
f 2501/680/1 901/2061/1 3210/2069/1
f 1698/678/1 3213/2074/1 898/2071/1
f 1698/678/1 1699/677/1 3213/2074/1
f 1699/677/1 899/1994/1 3213/2074/1
f 1697/673/1 3216/2079/1 897/2076/1
f 1697/673/1 1237/675/1 3216/2079/1
f 1237/675/1 437/2080/1 3216/2079/1
f 1696/674/1 3219/2086/1 896/2083/1
f 1696/674/1 1697/673/1 3219/2086/1
f 1697/673/1 897/2076/1 3219/2086/1
f 1695/671/1 3222/2091/1 895/2088/1
f 1695/671/1 1690/662/1 3222/2091/1
f 1690/662/1 890/2092/1 3222/2091/1
f 1694/668/1 3225/2098/1 894/2095/1
f 1694/668/1 2040/670/1 3225/2098/1
f 2040/670/1 440/2099/1 3225/2098/1
f 1683/669/1 3228/2105/1 883/2102/1
f 1683/669/1 1694/668/1 3228/2105/1
f 1694/668/1 894/2095/1 3228/2105/1
f 2492/666/1 3231/2110/1 892/2107/1
f 2492/666/1 1693/665/1 3231/2110/1
f 1693/665/1 893/2111/1 3231/2110/1
f 2491/661/1 3234/2117/1 891/2114/1
f 2491/661/1 2042/663/1 3234/2117/1
f 2042/663/1 442/2118/1 3234/2117/1
f 1690/662/1 3237/2122/1 890/2092/1
f 1690/662/1 2491/661/1 3237/2122/1
f 2491/661/1 891/2114/1 3237/2122/1
f 2488/659/1 3240/2127/1 888/2124/1
f 2488/659/1 1689/658/1 3240/2127/1
f 1689/658/1 889/2128/1 3240/2127/1
f 1686/654/1 3243/2134/1 886/2131/1
f 1686/654/1 1245/656/1 3243/2134/1
f 1245/656/1 445/2135/1 3243/2134/1
f 1685/655/1 3246/2141/1 885/2138/1
f 1685/655/1 1686/654/1 3246/2141/1
f 1686/654/1 886/2131/1 3246/2141/1
f 1684/652/1 3249/2146/1 884/2143/1
f 1684/652/1 1678/645/1 3249/2146/1
f 1678/645/1 878/2147/1 3249/2146/1
f 2482/650/1 3252/2153/1 882/2150/1
f 2482/650/1 2048/651/1 3252/2153/1
f 2048/651/1 448/2154/1 3252/2153/1
f 1666/622/1 3255/2160/1 866/2157/1
f 1666/622/1 2482/650/1 3255/2160/1
f 2482/650/1 882/2150/1 3255/2160/1
f 2480/649/1 3258/2165/1 880/2162/1
f 2480/649/1 1681/648/1 3258/2165/1
f 1681/648/1 881/2166/1 3258/2165/1
f 2479/644/1 3261/2172/1 879/2169/1
f 2479/644/1 2050/646/1 3261/2172/1
f 2050/646/1 450/2173/1 3261/2172/1
f 1678/645/1 3264/2177/1 878/2147/1
f 1678/645/1 2479/644/1 3264/2177/1
f 2479/644/1 879/2169/1 3264/2177/1
f 2477/642/1 3267/2182/1 877/2179/1
f 2477/642/1 1452/641/1 3267/2182/1
f 1452/641/1 652/2183/1 3267/2182/1
f 1675/637/1 3270/2189/1 875/2186/1
f 1675/637/1 1253/639/1 3270/2189/1
f 1253/639/1 453/2190/1 3270/2189/1
f 1674/638/1 3273/2196/1 874/2193/1
f 1674/638/1 1675/637/1 3273/2196/1
f 1675/637/1 875/2186/1 3273/2196/1
f 1673/635/1 3276/2201/1 873/2198/1
f 1673/635/1 1667/626/1 3276/2201/1
f 1667/626/1 867/2202/1 3276/2201/1
f 2472/632/1 3279/2208/1 872/2205/1
f 2472/632/1 2055/634/1 3279/2208/1
f 2055/634/1 455/2209/1 3279/2208/1
f 1671/633/1 3282/2213/1 871/1804/1
f 1671/633/1 2472/632/1 3282/2213/1
f 2472/632/1 872/2205/1 3282/2213/1
f 2469/630/1 3285/2218/1 869/2215/1
f 2469/630/1 1670/629/1 3285/2218/1
f 1670/629/1 870/2219/1 3285/2218/1
f 2468/625/1 3288/2225/1 868/2222/1
f 2468/625/1 2057/627/1 3288/2225/1
f 2057/627/1 457/2226/1 3288/2225/1
f 1667/626/1 3291/2230/1 867/2202/1
f 1667/626/1 2468/625/1 3291/2230/1
f 2468/625/1 868/2222/1 3291/2230/1
f 1665/623/1 3294/2235/1 865/2232/1
f 1665/623/1 1666/622/1 3294/2235/1
f 1666/622/1 866/2157/1 3294/2235/1
f 1663/618/1 3297/2240/1 863/2237/1
f 1663/618/1 1259/620/1 3297/2240/1
f 1259/620/1 459/2241/1 3297/2240/1
f 1662/619/1 3300/2247/1 862/2244/1
f 1662/619/1 1663/618/1 3300/2247/1
f 1663/618/1 863/2237/1 3300/2247/1
f 1660/616/1 3303/2252/1 860/2249/1
f 1660/616/1 1654/607/1 3303/2252/1
f 1654/607/1 854/2253/1 3303/2252/1
f 1658/613/1 3306/2259/1 858/2256/1
f 1658/613/1 2062/615/1 3306/2259/1
f 2062/615/1 462/2260/1 3306/2259/1
f 1647/614/1 3309/2266/1 847/2263/1
f 1647/614/1 1658/613/1 3309/2266/1
f 1658/613/1 858/2256/1 3309/2266/1
f 2456/611/1 3312/2271/1 856/2268/1
f 2456/611/1 1657/610/1 3312/2271/1
f 1657/610/1 857/2272/1 3312/2271/1
f 2455/606/1 3315/2278/1 855/2275/1
f 2455/606/1 2064/608/1 3315/2278/1
f 2064/608/1 464/2279/1 3315/2278/1
f 1654/607/1 3318/2283/1 854/2253/1
f 1654/607/1 2455/606/1 3318/2283/1
f 2455/606/1 855/2275/1 3318/2283/1
f 1652/604/1 3321/2288/1 852/2285/1
f 1652/604/1 1594/527/1 3321/2288/1
f 1594/527/1 794/2289/1 3321/2288/1
f 1650/601/1 3324/2295/1 850/2292/1
f 1650/601/1 1267/603/1 3324/2295/1
f 1267/603/1 467/2296/1 3324/2295/1
f 1649/602/1 3327/2302/1 849/2299/1
f 1649/602/1 1650/601/1 3327/2302/1
f 1650/601/1 850/2292/1 3327/2302/1
f 1648/599/1 3330/2307/1 848/2304/1
f 1648/599/1 1642/592/1 3330/2307/1
f 1642/592/1 842/2308/1 3330/2307/1
f 2446/597/1 3333/2314/1 846/2311/1
f 2446/597/1 2070/598/1 3333/2314/1
f 2070/598/1 470/2315/1 3333/2314/1
f 1627/569/1 3336/2321/1 827/2318/1
f 1627/569/1 2446/597/1 3336/2321/1
f 2446/597/1 846/2311/1 3336/2321/1
f 2444/596/1 3339/2326/1 844/2323/1
f 2444/596/1 1645/595/1 3339/2326/1
f 1645/595/1 845/2327/1 3339/2326/1
f 2443/591/1 3342/2333/1 843/2330/1
f 2443/591/1 2072/593/1 3342/2333/1
f 2072/593/1 472/2334/1 3342/2333/1
f 1642/592/1 3345/2338/1 842/2308/1
f 1642/592/1 2443/591/1 3345/2338/1
f 2443/591/1 843/2330/1 3345/2338/1
f 2441/589/1 3348/2343/1 841/2340/1
f 2441/589/1 1464/588/1 3348/2343/1
f 1464/588/1 664/2344/1 3348/2343/1
f 1639/584/1 3351/2350/1 839/2347/1
f 1639/584/1 1275/586/1 3351/2350/1
f 1275/586/1 475/2351/1 3351/2350/1
f 1638/585/1 3354/2357/1 838/2354/1
f 1638/585/1 1639/584/1 3354/2357/1
f 1639/584/1 839/2347/1 3354/2357/1
f 1636/582/1 3357/2362/1 836/2359/1
f 1636/582/1 1629/573/1 3357/2362/1
f 1629/573/1 829/2363/1 3357/2362/1
f 1634/579/1 3360/2369/1 834/2366/1
f 1634/579/1 2078/581/1 3360/2369/1
f 2078/581/1 478/2370/1 3360/2369/1
f 1633/580/1 3363/2376/1 833/2373/1
f 1633/580/1 1634/579/1 3363/2376/1
f 1634/579/1 834/2366/1 3363/2376/1
f 2431/577/1 3366/2381/1 831/2378/1
f 2431/577/1 1632/576/1 3366/2381/1
f 1632/576/1 832/2382/1 3366/2381/1
f 2430/572/1 3369/2388/1 830/2385/1
f 2430/572/1 2080/574/1 3369/2388/1
f 2080/574/1 480/2389/1 3369/2388/1
f 1629/573/1 3372/2393/1 829/2363/1
f 1629/573/1 2430/572/1 3372/2393/1
f 2430/572/1 830/2385/1 3372/2393/1
f 2426/570/1 3375/2398/1 826/2395/1
f 2426/570/1 1627/569/1 3375/2398/1
f 1627/569/1 827/2318/1 3375/2398/1
f 1624/565/1 3378/2403/1 824/2400/1
f 1624/565/1 1282/567/1 3378/2403/1
f 1282/567/1 482/2404/1 3378/2403/1
f 1623/566/1 3381/2410/1 823/2407/1
f 1623/566/1 1624/565/1 3381/2410/1
f 1624/565/1 824/2400/1 3381/2410/1
f 1621/563/1 3384/2415/1 821/2412/1
f 1621/563/1 1615/554/1 3384/2415/1
f 1615/554/1 815/2416/1 3384/2415/1
f 1619/560/1 3387/2422/1 819/2419/1
f 1619/560/1 2085/562/1 3387/2422/1
f 2085/562/1 485/2423/1 3387/2422/1
f 1608/561/1 3390/2429/1 808/2426/1
f 1608/561/1 1619/560/1 3390/2429/1
f 1619/560/1 819/2419/1 3390/2429/1
f 2417/558/1 3393/2434/1 817/2431/1
f 2417/558/1 1618/557/1 3393/2434/1
f 1618/557/1 818/2435/1 3393/2434/1
f 2416/553/1 3396/2441/1 816/2438/1
f 2416/553/1 2087/555/1 3396/2441/1
f 2087/555/1 487/2442/1 3396/2441/1
f 1615/554/1 3399/2446/1 815/2416/1
f 1615/554/1 2416/553/1 3399/2446/1
f 2416/553/1 816/2438/1 3399/2446/1
f 2413/551/1 3402/2451/1 813/2448/1
f 2413/551/1 1559/472/1 3402/2451/1
f 1559/472/1 759/2452/1 3402/2451/1
f 1611/548/1 3405/2458/1 811/2455/1
f 1611/548/1 1290/550/1 3405/2458/1
f 1290/550/1 490/2459/1 3405/2458/1
f 1610/549/1 3408/2465/1 810/2462/1
f 1610/549/1 1611/548/1 3408/2465/1
f 1611/548/1 811/2455/1 3408/2465/1
f 1609/546/1 3411/2470/1 809/2467/1
f 1609/546/1 1603/539/1 3411/2470/1
f 1603/539/1 803/2471/1 3411/2470/1
f 2407/544/1 3414/2477/1 807/2474/1
f 2407/544/1 2093/545/1 3414/2477/1
f 2093/545/1 493/2478/1 3414/2477/1
f 1588/516/1 3417/2484/1 788/2481/1
f 1588/516/1 2407/544/1 3417/2484/1
f 2407/544/1 807/2474/1 3417/2484/1
f 2405/543/1 3420/2489/1 805/2486/1
f 2405/543/1 1606/542/1 3420/2489/1
f 1606/542/1 806/2490/1 3420/2489/1
f 2404/538/1 3423/2496/1 804/2493/1
f 2404/538/1 2095/540/1 3423/2496/1
f 2095/540/1 495/2497/1 3423/2496/1
f 1603/539/1 3426/2501/1 803/2471/1
f 1603/539/1 2404/538/1 3426/2501/1
f 2404/538/1 804/2493/1 3426/2501/1
f 2402/536/1 3429/2506/1 802/2503/1
f 2402/536/1 1477/535/1 3429/2506/1
f 1477/535/1 677/2507/1 3429/2506/1
f 1600/531/1 3432/2513/1 800/2510/1
f 1600/531/1 1298/533/1 3432/2513/1
f 1298/533/1 498/2514/1 3432/2513/1
f 1599/532/1 3435/2520/1 799/2517/1
f 1599/532/1 1600/531/1 3435/2520/1
f 1600/531/1 800/2510/1 3435/2520/1
f 1597/529/1 3438/2525/1 797/2522/1
f 1597/529/1 1590/520/1 3438/2525/1
f 1590/520/1 790/2526/1 3438/2525/1
f 1595/526/1 3441/2532/1 795/2529/1
f 1595/526/1 2100/528/1 3441/2532/1
f 2100/528/1 500/2533/1 3441/2532/1
f 1594/527/1 3444/2537/1 794/2289/1
f 1594/527/1 1595/526/1 3444/2537/1
f 1595/526/1 795/2529/1 3444/2537/1
f 2392/524/1 3447/2542/1 792/2539/1
f 2392/524/1 1593/523/1 3447/2542/1
f 1593/523/1 793/2543/1 3447/2542/1
f 2391/519/1 3450/2549/1 791/2546/1
f 2391/519/1 2102/521/1 3450/2549/1
f 2102/521/1 502/2550/1 3450/2549/1
f 1590/520/1 3453/2554/1 790/2526/1
f 1590/520/1 2391/519/1 3453/2554/1
f 2391/519/1 791/2546/1 3453/2554/1
f 2387/517/1 3456/2559/1 787/2556/1
f 2387/517/1 1588/516/1 3456/2559/1
f 1588/516/1 788/2481/1 3456/2559/1
f 1585/512/1 3459/2564/1 785/2561/1
f 1585/512/1 1304/514/1 3459/2564/1
f 1304/514/1 504/2565/1 3459/2564/1
f 1584/513/1 3462/2571/1 784/2568/1
f 1584/513/1 1585/512/1 3462/2571/1
f 1585/512/1 785/2561/1 3462/2571/1
f 1583/510/1 3465/2576/1 783/2573/1
f 1583/510/1 1578/501/1 3465/2576/1
f 1578/501/1 778/2577/1 3465/2576/1
f 1582/507/1 3468/2583/1 782/2580/1
f 1582/507/1 2107/509/1 3468/2583/1
f 2107/509/1 507/2584/1 3468/2583/1
f 1571/508/1 3471/2590/1 771/2587/1
f 1571/508/1 1582/507/1 3471/2590/1
f 1582/507/1 782/2580/1 3471/2590/1
f 2380/505/1 3474/2595/1 780/2592/1
f 2380/505/1 1581/504/1 3474/2595/1
f 1581/504/1 781/2596/1 3474/2595/1
f 2379/500/1 3477/2602/1 779/2599/1
f 2379/500/1 2109/502/1 3477/2602/1
f 2109/502/1 509/2603/1 3477/2602/1
f 1578/501/1 3480/2607/1 778/2577/1
f 1578/501/1 2379/500/1 3480/2607/1
f 2379/500/1 779/2599/1 3480/2607/1
f 2376/498/1 3483/2612/1 776/2609/1
f 2376/498/1 1577/497/1 3483/2612/1
f 1577/497/1 777/2613/1 3483/2612/1
f 1574/493/1 3486/2619/1 774/2616/1
f 1574/493/1 1312/495/1 3486/2619/1
f 1312/495/1 512/2620/1 3486/2619/1
f 1573/494/1 3489/2626/1 773/2623/1
f 1573/494/1 1574/493/1 3489/2626/1
f 1574/493/1 774/2616/1 3489/2626/1
f 1572/491/1 3492/2631/1 772/2628/1
f 1572/491/1 1566/484/1 3492/2631/1
f 1566/484/1 766/2632/1 3492/2631/1
f 2370/489/1 3495/2638/1 770/2635/1
f 2370/489/1 2115/490/1 3495/2638/1
f 2115/490/1 515/2639/1 3495/2638/1
f 1554/461/1 3498/2645/1 754/2642/1
f 1554/461/1 2370/489/1 3498/2645/1
f 2370/489/1 770/2635/1 3498/2645/1
f 2368/488/1 3501/2650/1 768/2647/1
f 2368/488/1 1569/487/1 3501/2650/1
f 1569/487/1 769/2651/1 3501/2650/1
f 2367/483/1 3504/2657/1 767/2654/1
f 2367/483/1 2117/485/1 3504/2657/1
f 2117/485/1 517/2658/1 3504/2657/1
f 1566/484/1 3507/2662/1 766/2632/1
f 1566/484/1 2367/483/1 3507/2662/1
f 2367/483/1 767/2654/1 3507/2662/1
f 2365/481/1 3510/2667/1 765/2664/1
f 2365/481/1 1489/480/1 3510/2667/1
f 1489/480/1 689/2668/1 3510/2667/1
f 1563/476/1 3513/2674/1 763/2671/1
f 1563/476/1 1320/478/1 3513/2674/1
f 1320/478/1 520/2675/1 3513/2674/1
f 1562/477/1 3516/2681/1 762/2678/1
f 1562/477/1 1563/476/1 3516/2681/1
f 1563/476/1 763/2671/1 3516/2681/1
f 1561/474/1 3519/2686/1 761/2683/1
f 1561/474/1 1555/465/1 3519/2686/1
f 1555/465/1 755/2687/1 3519/2686/1
f 2360/471/1 3522/2693/1 760/2690/1
f 2360/471/1 2122/473/1 3522/2693/1
f 2122/473/1 522/2694/1 3522/2693/1
f 1559/472/1 3525/2698/1 759/2452/1
f 1559/472/1 2360/471/1 3525/2698/1
f 2360/471/1 760/2690/1 3525/2698/1
f 2357/469/1 3528/2703/1 757/2700/1
f 2357/469/1 1558/468/1 3528/2703/1
f 1558/468/1 758/2704/1 3528/2703/1
f 2356/464/1 3531/2710/1 756/2707/1
f 2356/464/1 2124/466/1 3531/2710/1
f 2124/466/1 524/2711/1 3531/2710/1
f 1555/465/1 3534/2715/1 755/2687/1
f 1555/465/1 2356/464/1 3534/2715/1
f 2356/464/1 756/2707/1 3534/2715/1
f 1553/462/1 3537/2720/1 753/2717/1
f 1553/462/1 1554/461/1 3537/2720/1
f 1554/461/1 754/2642/1 3537/2720/1
f 1551/457/1 3540/2725/1 751/2722/1
f 1551/457/1 1326/459/1 3540/2725/1
f 1326/459/1 526/2726/1 3540/2725/1
f 1550/458/1 3543/2732/1 750/2729/1
f 1550/458/1 1551/457/1 3543/2732/1
f 1551/457/1 751/2722/1 3543/2732/1
f 1548/455/1 3546/2737/1 748/2734/1
f 1548/455/1 1542/446/1 3546/2737/1
f 1542/446/1 742/2738/1 3546/2737/1
f 1546/452/1 3549/2744/1 746/2741/1
f 1546/452/1 2129/454/1 3549/2744/1
f 2129/454/1 529/2745/1 3549/2744/1
f 1534/453/1 3552/2751/1 734/2748/1
f 1534/453/1 1546/452/1 3552/2751/1
f 1546/452/1 746/2741/1 3552/2751/1
f 2344/450/1 3555/2756/1 744/2753/1
f 2344/450/1 1545/449/1 3555/2756/1
f 1545/449/1 745/2757/1 3555/2756/1
f 2343/445/1 3558/2763/1 743/2760/1
f 2343/445/1 2131/447/1 3558/2763/1
f 2131/447/1 531/2764/1 3558/2763/1
f 1542/446/1 3561/2768/1 742/2738/1
f 1542/446/1 2343/445/1 3561/2768/1
f 2343/445/1 743/2760/1 3561/2768/1
f 2339/443/1 3564/2773/1 739/2770/1
f 2339/443/1 1540/442/1 3564/2773/1
f 1540/442/1 740/2774/1 3564/2773/1
f 1537/438/1 3567/2780/1 737/2777/1
f 1537/438/1 1334/440/1 3567/2780/1
f 1334/440/1 534/2781/1 3567/2780/1
f 1536/439/1 3570/2787/1 736/2784/1
f 1536/439/1 1537/438/1 3570/2787/1
f 1537/438/1 737/2777/1 3570/2787/1
f 1535/436/1 3573/2792/1 735/2789/1
f 1535/436/1 1529/429/1 3573/2792/1
f 1529/429/1 729/2793/1 3573/2792/1
f 2333/434/1 3576/2799/1 733/2796/1
f 2333/434/1 2137/435/1 3576/2799/1
f 2137/435/1 537/2800/1 3576/2799/1
f 1514/406/1 3579/2806/1 714/2803/1
f 1514/406/1 2333/434/1 3579/2806/1
f 2333/434/1 733/2796/1 3579/2806/1
f 2331/433/1 3582/2811/1 731/2808/1
f 2331/433/1 1532/432/1 3582/2811/1
f 1532/432/1 732/2812/1 3582/2811/1
f 2330/428/1 3585/2818/1 730/2815/1
f 2330/428/1 2139/430/1 3585/2818/1
f 2139/430/1 539/2819/1 3585/2818/1
f 1529/429/1 3588/2823/1 729/2793/1
f 1529/429/1 2330/428/1 3588/2823/1
f 2330/428/1 730/2815/1 3588/2823/1
f 2328/426/1 3591/2828/1 728/2825/1
f 2328/426/1 1501/425/1 3591/2828/1
f 1501/425/1 701/2829/1 3591/2828/1
f 1526/421/1 3594/2835/1 726/2832/1
f 1526/421/1 1342/423/1 3594/2835/1
f 1342/423/1 542/2836/1 3594/2835/1
f 1525/422/1 3597/2842/1 725/2839/1
f 1525/422/1 1526/421/1 3597/2842/1
f 1526/421/1 726/2832/1 3597/2842/1
f 1523/419/1 3600/2847/1 723/2844/1
f 1523/419/1 1516/410/1 3600/2847/1
f 1516/410/1 716/2848/1 3600/2847/1
f 1521/416/1 3603/2854/1 721/2851/1
f 1521/416/1 2145/418/1 3603/2854/1
f 2145/418/1 545/2855/1 3603/2854/1
f 1520/417/1 3606/2861/1 720/2858/1
f 1520/417/1 1521/416/1 3606/2861/1
f 1521/416/1 721/2851/1 3606/2861/1
f 2318/414/1 3609/2866/1 718/2863/1
f 2318/414/1 1519/413/1 3609/2866/1
f 1519/413/1 719/2867/1 3609/2866/1
f 2317/409/1 3612/2873/1 717/2870/1
f 2317/409/1 2147/411/1 3612/2873/1
f 2147/411/1 547/2874/1 3612/2873/1
f 1516/410/1 3615/2878/1 716/2848/1
f 1516/410/1 2317/409/1 3615/2878/1
f 2317/409/1 717/2870/1 3615/2878/1
f 2313/407/1 3618/2883/1 713/2880/1
f 2313/407/1 1514/406/1 3618/2883/1
f 1514/406/1 714/2803/1 3618/2883/1
f 1511/402/1 3621/2888/1 711/2885/1
f 1511/402/1 1349/404/1 3621/2888/1
f 1349/404/1 549/2889/1 3621/2888/1
f 1510/403/1 3624/2895/1 710/2892/1
f 1510/403/1 1511/402/1 3624/2895/1
f 1511/402/1 711/2885/1 3624/2895/1
f 1508/400/1 3627/2900/1 708/2897/1
f 1508/400/1 1502/391/1 3627/2900/1
f 1502/391/1 702/2901/1 3627/2900/1
f 2307/397/1 3630/2907/1 707/2904/1
f 2307/397/1 2152/399/1 3630/2907/1
f 2152/399/1 552/2908/1 3630/2907/1
f 1506/398/1 3633/2914/1 706/2911/1
f 1506/398/1 2307/397/1 3633/2914/1
f 2307/397/1 707/2904/1 3633/2914/1
f 2304/395/1 3636/2919/1 704/2916/1
f 2304/395/1 1505/394/1 3636/2919/1
f 1505/394/1 705/2920/1 3636/2919/1
f 2303/390/1 3639/2926/1 703/2923/1
f 2303/390/1 2154/392/1 3639/2926/1
f 2154/392/1 554/2927/1 3639/2926/1
f 1502/391/1 3642/2931/1 702/2901/1
f 1502/391/1 2303/390/1 3642/2931/1
f 2303/390/1 703/2923/1 3642/2931/1
f 2299/388/1 3645/2936/1 699/2933/1
f 2299/388/1 1500/387/1 3645/2936/1
f 1500/387/1 700/2937/1 3645/2936/1
f 1498/383/1 3648/2943/1 698/2940/1
f 1498/383/1 1357/385/1 3648/2943/1
f 1357/385/1 557/2944/1 3648/2943/1
f 1497/384/1 3651/2950/1 697/2947/1
f 1497/384/1 1498/383/1 3651/2950/1
f 1498/383/1 698/2940/1 3651/2950/1
f 1495/381/1 3654/2955/1 695/2952/1
f 1495/381/1 1490/374/1 3654/2955/1
f 1490/374/1 690/2956/1 3654/2955/1
f 2294/379/1 3657/2962/1 694/2959/1
f 2294/379/1 2160/380/1 3657/2962/1
f 2160/380/1 560/2963/1 3657/2962/1
f 1476/353/1 3660/2969/1 676/2966/1
f 1476/353/1 2294/379/1 3660/2969/1
f 2294/379/1 694/2959/1 3660/2969/1
f 2292/378/1 3663/2974/1 692/2971/1
f 2292/378/1 1493/377/1 3663/2974/1
f 1493/377/1 693/2975/1 3663/2974/1
f 2291/373/1 3666/2981/1 691/2978/1
f 2291/373/1 2162/375/1 3666/2981/1
f 2162/375/1 562/2982/1 3666/2981/1
f 1490/374/1 3669/2986/1 690/2956/1
f 1490/374/1 2291/373/1 3669/2986/1
f 2291/373/1 691/2978/1 3669/2986/1
f 2287/371/1 3672/2991/1 687/2988/1
f 2287/371/1 1488/370/1 3672/2991/1
f 1488/370/1 688/2992/1 3672/2991/1
f 1486/366/1 3675/2998/1 686/2995/1
f 1486/366/1 1365/368/1 3675/2998/1
f 1365/368/1 565/2999/1 3675/2998/1
f 1485/367/1 3678/3005/1 685/3002/1
f 1485/367/1 1486/366/1 3678/3005/1
f 1486/366/1 686/2995/1 3678/3005/1
f 1483/364/1 3681/3010/1 683/3007/1
f 1483/364/1 1478/357/1 3681/3010/1
f 1478/357/1 678/3011/1 3681/3010/1
f 2282/362/1 3684/3017/1 682/3014/1
f 2282/362/1 2168/363/1 3684/3017/1
f 2168/363/1 568/3018/1 3684/3017/1
f 1463/334/1 3687/3024/1 663/3021/1
f 1463/334/1 2282/362/1 3687/3024/1
f 2282/362/1 682/3014/1 3687/3024/1
f 2280/361/1 3690/3029/1 680/3026/1
f 2280/361/1 1481/360/1 3690/3029/1
f 1481/360/1 681/3030/1 3690/3029/1
f 2279/356/1 3693/3036/1 679/3033/1
f 2279/356/1 2170/358/1 3693/3036/1
f 2170/358/1 570/3037/1 3693/3036/1
f 1478/357/1 3696/3041/1 678/3011/1
f 1478/357/1 2279/356/1 3696/3041/1
f 2279/356/1 679/3033/1 3696/3041/1
f 2275/354/1 3699/3046/1 675/3043/1
f 2275/354/1 1476/353/1 3699/3046/1
f 1476/353/1 676/2966/1 3699/3046/1
f 1474/349/1 3702/3051/1 674/3048/1
f 1474/349/1 1372/351/1 3702/3051/1
f 1372/351/1 572/3052/1 3702/3051/1
f 1473/350/1 3705/3058/1 673/3055/1
f 1473/350/1 1474/349/1 3705/3058/1
f 1474/349/1 674/3048/1 3705/3058/1
f 1471/347/1 3708/3063/1 671/3060/1
f 1471/347/1 1465/338/1 3708/3063/1
f 1465/338/1 665/3064/1 3708/3063/1
f 2270/344/1 3711/3070/1 670/3067/1
f 2270/344/1 2175/346/1 3711/3070/1
f 2175/346/1 575/3071/1 3711/3070/1
f 1469/345/1 3714/3077/1 669/3074/1
f 1469/345/1 2270/344/1 3714/3077/1
f 2270/344/1 670/3067/1 3714/3077/1
f 2267/342/1 3717/3082/1 667/3079/1
f 2267/342/1 1468/341/1 3717/3082/1
f 1468/341/1 668/3083/1 3717/3082/1
f 2266/337/1 3720/3089/1 666/3086/1
f 2266/337/1 2177/339/1 3720/3089/1
f 2177/339/1 577/3090/1 3720/3089/1
f 1465/338/1 3723/3094/1 665/3064/1
f 1465/338/1 2266/337/1 3723/3094/1
f 2266/337/1 666/3086/1 3723/3094/1
f 1462/335/1 3726/3099/1 662/3096/1
f 1462/335/1 1463/334/1 3726/3099/1
f 1463/334/1 663/3021/1 3726/3099/1
f 1461/330/1 3729/3104/1 661/3101/1
f 1461/330/1 1379/332/1 3729/3104/1
f 1379/332/1 579/3105/1 3729/3104/1
f 1460/331/1 3732/3111/1 660/3108/1
f 1460/331/1 1461/330/1 3732/3111/1
f 1461/330/1 661/3101/1 3732/3111/1
f 1458/328/1 3735/3116/1 658/3113/1
f 1458/328/1 1453/321/1 3735/3116/1
f 1453/321/1 653/3117/1 3735/3116/1
f 2257/326/1 3738/3123/1 657/3120/1
f 2257/326/1 2182/327/1 3738/3123/1
f 2182/327/1 582/3124/1 3738/3123/1
f 1426/281/1 3741/3130/1 626/3127/1
f 1426/281/1 2257/326/1 3741/3130/1
f 2257/326/1 657/3120/1 3741/3130/1
f 2255/325/1 3744/3135/1 655/3132/1
f 2255/325/1 1456/324/1 3744/3135/1
f 1456/324/1 656/3136/1 3744/3135/1
f 2254/320/1 3747/3142/1 654/3139/1
f 2254/320/1 2184/322/1 3747/3142/1
f 2184/322/1 584/3143/1 3747/3142/1
f 1453/321/1 3750/3147/1 653/3117/1
f 1453/321/1 2254/320/1 3750/3147/1
f 2254/320/1 654/3139/1 3750/3147/1
f 2250/318/1 3753/3152/1 650/3149/1
f 2250/318/1 1451/317/1 3753/3152/1
f 1451/317/1 651/3153/1 3753/3152/1
f 1449/313/1 3756/3159/1 649/3156/1
f 1449/313/1 1387/315/1 3756/3159/1
f 1387/315/1 587/3160/1 3756/3159/1
f 1448/314/1 3759/3166/1 648/3163/1
f 1448/314/1 1449/313/1 3759/3166/1
f 1449/313/1 649/3156/1 3759/3166/1
f 1446/311/1 3762/3171/1 646/3168/1
f 1446/311/1 1440/302/1 3762/3171/1
f 1440/302/1 640/3172/1 3762/3171/1
f 2245/308/1 3765/3178/1 645/3175/1
f 2245/308/1 2190/310/1 3765/3178/1
f 2190/310/1 590/3179/1 3765/3178/1
f 1444/309/1 3768/3185/1 644/3182/1
f 1444/309/1 2245/308/1 3768/3185/1
f 2245/308/1 645/3175/1 3768/3185/1
f 2242/306/1 3771/3190/1 642/3187/1
f 2242/306/1 1443/305/1 3771/3190/1
f 1443/305/1 643/3191/1 3771/3190/1
f 2241/301/1 3774/3197/1 641/3194/1
f 2241/301/1 2192/303/1 3774/3197/1
f 2192/303/1 592/3198/1 3774/3197/1
f 1440/302/1 3777/3202/1 640/3172/1
f 1440/302/1 2241/301/1 3777/3202/1
f 2241/301/1 641/3194/1 3777/3202/1
f 1438/299/1 3780/3207/1 638/3204/1
f 1438/299/1 1419/273/1 3780/3207/1
f 1419/273/1 619/3208/1 3780/3207/1
f 1437/296/1 3783/3214/1 637/3211/1
f 1437/296/1 1395/298/1 3783/3214/1
f 1395/298/1 595/3215/1 3783/3214/1
f 1436/297/1 3786/3221/1 636/3218/1
f 1436/297/1 1437/296/1 3786/3221/1
f 1437/296/1 637/3211/1 3786/3221/1
f 1434/294/1 3789/3226/1 634/3223/1
f 1434/294/1 1428/285/1 3789/3226/1
f 1428/285/1 628/3227/1 3789/3226/1
f 2233/291/1 3792/3233/1 633/3230/1
f 2233/291/1 2198/293/1 3792/3233/1
f 2198/293/1 598/3234/1 3792/3233/1
f 1432/292/1 3795/3240/1 632/3237/1
f 1432/292/1 2233/291/1 3795/3240/1
f 2233/291/1 633/3230/1 3795/3240/1
f 2230/289/1 3798/3245/1 630/3242/1
f 2230/289/1 1431/288/1 3798/3245/1
f 1431/288/1 631/3246/1 3798/3245/1
f 2229/284/1 3801/3252/1 629/3249/1
f 2229/284/1 2200/286/1 3801/3252/1
f 2200/286/1 600/3253/1 3801/3252/1
f 1428/285/1 3804/3257/1 628/3227/1
f 1428/285/1 2229/284/1 3804/3257/1
f 2229/284/1 629/3249/1 3804/3257/1
f 2225/282/1 3807/3262/1 625/3259/1
f 2225/282/1 1426/281/1 3807/3262/1
f 1426/281/1 626/3127/1 3807/3262/1
f 1424/277/1 3810/3267/1 624/3264/1
f 1424/277/1 1402/279/1 3810/3267/1
f 1402/279/1 602/3268/1 3810/3267/1
f 1423/278/1 3813/3274/1 623/3271/1
f 1423/278/1 1424/277/1 3813/3274/1
f 1424/277/1 624/3264/1 3813/3274/1
f 1421/275/1 3816/3279/1 621/3276/1
f 1421/275/1 1415/266/1 3816/3279/1
f 1415/266/1 615/3280/1 3816/3279/1
f 2220/272/1 3819/3286/1 620/3283/1
f 2220/272/1 2204/274/1 3819/3286/1
f 2204/274/1 604/3287/1 3819/3286/1
f 1419/273/1 3822/3291/1 619/3208/1
f 1419/273/1 2220/272/1 3822/3291/1
f 2220/272/1 620/3283/1 3822/3291/1
f 2217/270/1 3825/3296/1 617/3293/1
f 2217/270/1 1418/269/1 3825/3296/1
f 1418/269/1 618/3297/1 3825/3296/1
f 2216/265/1 3828/3303/1 616/3300/1
f 2216/265/1 2206/267/1 3828/3303/1
f 2206/267/1 606/3304/1 3828/3303/1
f 1415/266/1 3831/3308/1 615/3280/1
f 1415/266/1 2216/265/1 3831/3308/1
f 2216/265/1 616/3300/1 3831/3308/1
f 2212/263/1 3834/3313/1 612/3310/1
f 2212/263/1 1413/262/1 3834/3313/1
f 1413/262/1 613/3314/1 3834/3313/1
f 1411/258/1 3837/3320/1 611/3317/1
f 1411/258/1 1409/260/1 3837/3320/1
f 1409/260/1 609/3321/1 3837/3320/1
f 1410/259/1 3840/3327/1 610/3324/1
f 1410/259/1 1411/258/1 3840/3327/1
f 1411/258/1 611/3317/1 3840/3327/1
f 2207/256/1 3843/3332/1 607/3329/1
f 2207/256/1 2208/255/1 3843/3332/1
f 2208/255/1 608/3333/1 3843/3332/1
f 2203/252/1 3846/3339/1 603/3336/1
f 2203/252/1 2205/253/1 3846/3339/1
f 2205/253/1 605/3340/1 3846/3339/1
f 2194/245/1 3849/3346/1 594/3343/1
f 2194/245/1 2203/252/1 3849/3346/1
f 2203/252/1 603/3336/1 3849/3346/1
f 2201/251/1 3852/3351/1 601/3348/1
f 2201/251/1 2180/235/1 3852/3351/1
f 2180/235/1 580/3352/1 3852/3351/1
f 2197/248/1 3855/3358/1 597/3355/1
f 2197/248/1 2199/250/1 3855/3358/1
f 2199/250/1 599/3359/1 3855/3358/1
f 2196/249/1 3858/3365/1 596/3362/1
f 2196/249/1 2197/248/1 3858/3365/1
f 2197/248/1 597/3355/1 3858/3365/1
f 2193/246/1 3861/3370/1 593/3367/1
f 2193/246/1 2194/245/1 3861/3370/1
f 2194/245/1 594/3343/1 3861/3370/1
f 2189/241/1 3864/3375/1 589/3372/1
f 2189/241/1 2191/243/1 3864/3375/1
f 2191/243/1 591/3376/1 3864/3375/1
f 2188/242/1 3867/3382/1 588/3379/1
f 2188/242/1 2189/241/1 3867/3382/1
f 2189/241/1 589/3372/1 3867/3382/1
f 2185/239/1 3870/3387/1 585/3384/1
f 2185/239/1 2186/238/1 3870/3387/1
f 2186/238/1 586/3388/1 3870/3387/1
f 2181/234/1 3873/3394/1 581/3391/1
f 2181/234/1 2183/236/1 3873/3394/1
f 2183/236/1 583/3395/1 3873/3394/1
f 2180/235/1 3876/3399/1 580/3352/1
f 2180/235/1 2181/234/1 3876/3399/1
f 2181/234/1 581/3391/1 3876/3399/1
f 2178/232/1 3879/3404/1 578/3401/1
f 2178/232/1 2166/225/1 3879/3404/1
f 2166/225/1 566/3405/1 3879/3404/1
f 2174/229/1 3882/3411/1 574/3408/1
f 2174/229/1 2176/231/1 3882/3411/1
f 2176/231/1 576/3412/1 3882/3411/1
f 2173/230/1 3885/3418/1 573/3415/1
f 2173/230/1 2174/229/1 3885/3418/1
f 2174/229/1 574/3408/1 3885/3418/1
f 2171/227/1 3888/3423/1 571/3420/1
f 2171/227/1 2158/218/1 3888/3423/1
f 2158/218/1 558/3424/1 3888/3423/1
f 2167/224/1 3891/3430/1 567/3427/1
f 2167/224/1 2169/226/1 3891/3430/1
f 2169/226/1 569/3431/1 3891/3430/1
f 2166/225/1 3894/3435/1 566/3405/1
f 2166/225/1 2167/224/1 3894/3435/1
f 2167/224/1 567/3427/1 3894/3435/1
f 2163/222/1 3897/3440/1 563/3437/1
f 2163/222/1 2164/221/1 3897/3440/1
f 2164/221/1 564/3441/1 3897/3440/1
f 2159/217/1 3900/3447/1 559/3444/1
f 2159/217/1 2161/219/1 3900/3447/1
f 2161/219/1 561/3448/1 3900/3447/1
f 2158/218/1 3903/3452/1 558/3424/1
f 2158/218/1 2159/217/1 3903/3452/1
f 2159/217/1 559/3444/1 3903/3452/1
f 2155/215/1 3906/3457/1 555/3454/1
f 2155/215/1 2156/214/1 3906/3457/1
f 2156/214/1 556/3458/1 3906/3457/1
f 2151/210/1 3909/3464/1 551/3461/1
f 2151/210/1 2153/212/1 3909/3464/1
f 2153/212/1 553/3465/1 3909/3464/1
f 2150/211/1 3912/3471/1 550/3468/1
f 2150/211/1 2151/210/1 3912/3471/1
f 2151/210/1 551/3461/1 3912/3471/1
f 2148/208/1 3915/3476/1 548/3473/1
f 2148/208/1 2135/199/1 3915/3476/1
f 2135/199/1 535/3477/1 3915/3476/1
f 2144/205/1 3918/3483/1 544/3480/1
f 2144/205/1 2146/207/1 3918/3483/1
f 2146/207/1 546/3484/1 3918/3483/1
f 2143/206/1 3921/3490/1 543/3487/1
f 2143/206/1 2144/205/1 3921/3490/1
f 2144/205/1 544/3480/1 3921/3490/1
f 2140/203/1 3924/3495/1 540/3492/1
f 2140/203/1 2141/202/1 3924/3495/1
f 2141/202/1 541/3496/1 3924/3495/1
f 2136/198/1 3927/3502/1 536/3499/1
f 2136/198/1 2138/200/1 3927/3502/1
f 2138/200/1 538/3503/1 3927/3502/1
f 2135/199/1 3930/3507/1 535/3477/1
f 2135/199/1 2136/198/1 3930/3507/1
f 2136/198/1 536/3499/1 3930/3507/1
f 2132/196/1 3933/3512/1 532/3509/1
f 2132/196/1 2133/195/1 3933/3512/1
f 2133/195/1 533/3513/1 3933/3512/1
f 2128/191/1 3936/3519/1 528/3516/1
f 2128/191/1 2130/193/1 3936/3519/1
f 2130/193/1 530/3520/1 3936/3519/1
f 2127/192/1 3939/3526/1 527/3523/1
f 2127/192/1 2128/191/1 3939/3526/1
f 2128/191/1 528/3516/1 3939/3526/1
f 2125/189/1 3942/3531/1 525/3528/1
f 2125/189/1 2113/182/1 3942/3531/1
f 2113/182/1 513/3532/1 3942/3531/1
f 2121/187/1 3945/3538/1 521/3535/1
f 2121/187/1 2123/188/1 3945/3538/1
f 2123/188/1 523/3539/1 3945/3538/1
f 2089/161/1 3948/3545/1 489/3542/1
f 2089/161/1 2121/187/1 3948/3545/1
f 2121/187/1 521/3535/1 3948/3545/1
f 2118/186/1 3951/3550/1 518/3547/1
f 2118/186/1 2119/185/1 3951/3550/1
f 2119/185/1 519/3551/1 3951/3550/1
f 2114/181/1 3954/3557/1 514/3554/1
f 2114/181/1 2116/183/1 3954/3557/1
f 2116/183/1 516/3558/1 3954/3557/1
f 2113/182/1 3957/3562/1 513/3532/1
f 2113/182/1 2114/181/1 3957/3562/1
f 2114/181/1 514/3554/1 3957/3562/1
f 2110/179/1 3960/3567/1 510/3564/1
f 2110/179/1 2111/178/1 3960/3567/1
f 2111/178/1 511/3568/1 3960/3567/1
f 2106/174/1 3963/3574/1 506/3571/1
f 2106/174/1 2108/176/1 3963/3574/1
f 2108/176/1 508/3575/1 3963/3574/1
f 2105/175/1 3966/3581/1 505/3578/1
f 2105/175/1 2106/174/1 3966/3581/1
f 2106/174/1 506/3571/1 3966/3581/1
f 2103/172/1 3969/3586/1 503/3583/1
f 2103/172/1 2091/165/1 3969/3586/1
f 2091/165/1 491/3587/1 3969/3586/1
f 2099/170/1 3972/3593/1 499/3590/1
f 2099/170/1 2101/171/1 3972/3593/1
f 2101/171/1 501/3594/1 3972/3593/1
f 2066/142/1 3975/3600/1 466/3597/1
f 2066/142/1 2099/170/1 3975/3600/1
f 2099/170/1 499/3590/1 3975/3600/1
f 2096/169/1 3978/3605/1 496/3602/1
f 2096/169/1 2097/168/1 3978/3605/1
f 2097/168/1 497/3606/1 3978/3605/1
f 2092/164/1 3981/3612/1 492/3609/1
f 2092/164/1 2094/166/1 3981/3612/1
f 2094/166/1 494/3613/1 3981/3612/1
f 2091/165/1 3984/3617/1 491/3587/1
f 2091/165/1 2092/164/1 3984/3617/1
f 2092/164/1 492/3609/1 3984/3617/1
f 2088/162/1 3987/3622/1 488/3619/1
f 2088/162/1 2089/161/1 3987/3622/1
f 2089/161/1 489/3542/1 3987/3622/1
f 2084/157/1 3990/3627/1 484/3624/1
f 2084/157/1 2086/159/1 3990/3627/1
f 2086/159/1 486/3628/1 3990/3627/1
f 2083/158/1 3993/3634/1 483/3631/1
f 2083/158/1 2084/157/1 3993/3634/1
f 2084/157/1 484/3624/1 3993/3634/1
f 2081/155/1 3996/3639/1 481/3636/1
f 2081/155/1 2068/146/1 3996/3639/1
f 2068/146/1 468/3640/1 3996/3639/1
f 2077/152/1 3999/3646/1 477/3643/1
f 2077/152/1 2079/154/1 3999/3646/1
f 2079/154/1 479/3647/1 3999/3646/1
f 2076/153/1 4002/3653/1 476/3650/1
f 2076/153/1 2077/152/1 4002/3653/1
f 2077/152/1 477/3643/1 4002/3653/1
f 2073/150/1 4005/3658/1 473/3655/1
f 2073/150/1 2074/149/1 4005/3658/1
f 2074/149/1 474/3659/1 4005/3658/1
f 2069/145/1 4008/3665/1 469/3662/1
f 2069/145/1 2071/147/1 4008/3665/1
f 2071/147/1 471/3666/1 4008/3665/1
f 2068/146/1 4011/3670/1 468/3640/1
f 2068/146/1 2069/145/1 4011/3670/1
f 2069/145/1 469/3662/1 4011/3670/1
f 2065/143/1 4014/3675/1 465/3672/1
f 2065/143/1 2066/142/1 4014/3675/1
f 2066/142/1 466/3597/1 4014/3675/1
f 2061/138/1 4017/3680/1 461/3677/1
f 2061/138/1 2063/140/1 4017/3680/1
f 2063/140/1 463/3681/1 4017/3680/1
f 2060/139/1 4020/3687/1 460/3684/1
f 2060/139/1 2061/138/1 4020/3687/1
f 2061/138/1 461/3677/1 4020/3687/1
f 2058/136/1 4023/3692/1 458/3689/1
f 2058/136/1 2046/129/1 4023/3692/1
f 2046/129/1 446/3693/1 4023/3692/1
f 2054/134/1 4026/3699/1 454/3696/1
f 2054/134/1 2056/135/1 4026/3699/1
f 2056/135/1 456/3700/1 4026/3699/1
f 1999/89/1 4029/3706/1 399/3703/1
f 1999/89/1 2054/134/1 4029/3706/1
f 2054/134/1 454/3696/1 4029/3706/1
f 2051/133/1 4032/3711/1 451/3708/1
f 2051/133/1 2052/132/1 4032/3711/1
f 2052/132/1 452/3712/1 4032/3711/1
f 2047/128/1 4035/3718/1 447/3715/1
f 2047/128/1 2049/130/1 4035/3718/1
f 2049/130/1 449/3719/1 4035/3718/1
f 2046/129/1 4038/3723/1 446/3693/1
f 2046/129/1 2047/128/1 4038/3723/1
f 2047/128/1 447/3715/1 4038/3723/1
f 2043/126/1 4041/3728/1 443/3725/1
f 2043/126/1 2044/125/1 4041/3728/1
f 2044/125/1 444/3729/1 4041/3728/1
f 2039/121/1 4044/3735/1 439/3732/1
f 2039/121/1 2041/123/1 4044/3735/1
f 2041/123/1 441/3736/1 4044/3735/1
f 2038/122/1 4047/3742/1 438/3739/1
f 2038/122/1 2039/121/1 4047/3742/1
f 2039/121/1 439/3732/1 4047/3742/1
f 2036/119/1 4050/3747/1 436/3744/1
f 2036/119/1 2023/110/1 4050/3747/1
f 2023/110/1 423/3748/1 4050/3747/1
f 2032/116/1 4053/3754/1 432/3751/1
f 2032/116/1 2034/118/1 4053/3754/1
f 2034/118/1 434/3755/1 4053/3754/1
f 2031/117/1 4056/3761/1 431/3758/1
f 2031/117/1 2032/116/1 4056/3761/1
f 2032/116/1 432/3751/1 4056/3761/1
f 2028/114/1 4059/3766/1 428/3763/1
f 2028/114/1 2029/113/1 4059/3766/1
f 2029/113/1 429/3767/1 4059/3766/1
f 2024/109/1 4062/3773/1 424/3770/1
f 2024/109/1 2026/111/1 4062/3773/1
f 2026/111/1 426/3774/1 4062/3773/1
f 2023/110/1 4065/3778/1 423/3748/1
f 2023/110/1 2024/109/1 4065/3778/1
f 2024/109/1 424/3770/1 4065/3778/1
f 2021/107/1 4068/3783/1 421/3780/1
f 2021/107/1 1986/81/1 4068/3783/1
f 1986/81/1 386/3784/1 4068/3783/1
f 2017/104/1 4071/3790/1 417/3787/1
f 2017/104/1 2019/106/1 4071/3790/1
f 2019/106/1 419/3791/1 4071/3790/1
f 2016/105/1 4074/3797/1 416/3794/1
f 2016/105/1 2017/104/1 4074/3797/1
f 2017/104/1 417/3787/1 4074/3797/1
f 2014/102/1 4077/3802/1 414/3799/1
f 2014/102/1 2001/93/1 4077/3802/1
f 2001/93/1 401/3803/1 4077/3802/1
f 2010/99/1 4080/3809/1 410/3806/1
f 2010/99/1 2012/101/1 4080/3809/1
f 2012/101/1 412/3810/1 4080/3809/1
f 2009/100/1 4083/3816/1 409/3813/1
f 2009/100/1 2010/99/1 4083/3816/1
f 2010/99/1 410/3806/1 4083/3816/1
f 2006/97/1 4086/3821/1 406/3818/1
f 2006/97/1 2007/96/1 4086/3821/1
f 2007/96/1 407/3822/1 4086/3821/1
f 2002/92/1 4089/3828/1 402/3825/1
f 2002/92/1 2004/94/1 4089/3828/1
f 2004/94/1 404/3829/1 4089/3828/1
f 2001/93/1 4092/3833/1 401/3803/1
f 2001/93/1 2002/92/1 4092/3833/1
f 2002/92/1 402/3825/1 4092/3833/1
f 1998/90/1 4095/3838/1 398/3835/1
f 1998/90/1 1999/89/1 4095/3838/1
f 1999/89/1 399/3703/1 4095/3838/1
f 1994/85/1 4098/3843/1 394/3840/1
f 1994/85/1 1996/87/1 4098/3843/1
f 1996/87/1 396/3844/1 4098/3843/1
f 1993/86/1 4101/3850/1 393/3847/1
f 1993/86/1 1994/85/1 4101/3850/1
f 1994/85/1 394/3840/1 4101/3850/1
f 1991/83/1 4104/3855/1 391/3852/1
f 1991/83/1 1978/74/1 4104/3855/1
f 1978/74/1 378/3856/1 4104/3855/1
f 1987/80/1 4107/3862/1 387/3859/1
f 1987/80/1 1989/82/1 4107/3862/1
f 1989/82/1 389/3863/1 4107/3862/1
f 1986/81/1 4110/3867/1 386/3784/1
f 1986/81/1 1987/80/1 4110/3867/1
f 1987/80/1 387/3859/1 4110/3867/1
f 1983/78/1 4113/3872/1 383/3869/1
f 1983/78/1 1984/77/1 4113/3872/1
f 1984/77/1 384/3873/1 4113/3872/1
f 1979/73/1 4116/3879/1 379/3876/1
f 1979/73/1 1981/75/1 4116/3879/1
f 1981/75/1 381/3880/1 4116/3879/1
f 1978/74/1 4119/3884/1 378/3856/1
f 1978/74/1 1979/73/1 4119/3884/1
f 1979/73/1 379/3876/1 4119/3884/1
f 1975/71/1 4122/3889/1 375/3886/1
f 1975/71/1 1976/70/1 4122/3889/1
f 1976/70/1 376/3890/1 4122/3889/1
f 1971/66/1 4125/3896/1 371/3893/1
f 1971/66/1 1973/68/1 4125/3896/1
f 1973/68/1 373/3897/1 4125/3896/1
f 1970/67/1 4128/3903/1 370/3900/1
f 1970/67/1 1971/66/1 4128/3903/1
f 1971/66/1 371/3893/1 4128/3903/1
f 1967/64/1 4131/3908/1 367/3905/1
f 1967/64/1 1968/63/1 4131/3908/1
f 1968/63/1 368/3909/1 4131/3908/1
f 1963/60/1 4134/3915/1 363/3912/1
f 1963/60/1 1965/61/1 4134/3915/1
f 1965/61/1 365/3916/1 4134/3915/1
f 1954/53/1 4137/3922/1 354/3919/1
f 1954/53/1 1963/60/1 4137/3922/1
f 1963/60/1 363/3912/1 4137/3922/1
f 1961/59/1 4140/3927/1 361/3924/1
f 1961/59/1 1940/43/1 4140/3927/1
f 1940/43/1 340/3928/1 4140/3927/1
f 1957/56/1 4143/3934/1 357/3931/1
f 1957/56/1 1959/58/1 4143/3934/1
f 1959/58/1 359/3935/1 4143/3934/1
f 1956/57/1 4146/3941/1 356/3938/1
f 1956/57/1 1957/56/1 4146/3941/1
f 1957/56/1 357/3931/1 4146/3941/1
f 1953/54/1 4149/3946/1 353/3943/1
f 1953/54/1 1954/53/1 4149/3946/1
f 1954/53/1 354/3919/1 4149/3946/1
f 1949/49/1 4152/3951/1 349/3948/1
f 1949/49/1 1951/51/1 4152/3951/1
f 1951/51/1 351/3952/1 4152/3951/1
f 1948/50/1 4155/3958/1 348/3955/1
f 1948/50/1 1949/49/1 4155/3958/1
f 1949/49/1 349/3948/1 4155/3958/1
f 1945/47/1 4158/3963/1 345/3960/1
f 1945/47/1 1946/46/1 4158/3963/1
f 1946/46/1 346/3964/1 4158/3963/1
f 1941/42/1 4161/3970/1 341/3967/1
f 1941/42/1 1943/44/1 4161/3970/1
f 1943/44/1 343/3971/1 4161/3970/1
f 1940/43/1 4164/3975/1 340/3928/1
f 1940/43/1 1941/42/1 4164/3975/1
f 1941/42/1 341/3967/1 4164/3975/1
f 1938/40/1 4167/3980/1 338/3977/1
f 1938/40/1 1926/33/1 4167/3980/1
f 1926/33/1 326/3981/1 4167/3980/1
f 1934/37/1 4170/3987/1 334/3984/1
f 1934/37/1 1936/39/1 4170/3987/1
f 1936/39/1 336/3988/1 4170/3987/1
f 1933/38/1 4173/3994/1 333/3991/1
f 1933/38/1 1934/37/1 4173/3994/1
f 1934/37/1 334/3984/1 4173/3994/1
f 1931/35/1 4176/3999/1 331/3996/1
f 1931/35/1 1918/26/1 4176/3999/1
f 1918/26/1 318/4000/1 4176/3999/1
f 1927/32/1 4179/4006/1 327/4003/1
f 1927/32/1 1929/34/1 4179/4006/1
f 1929/34/1 329/4007/1 4179/4006/1
f 1926/33/1 4182/4011/1 326/3981/1
f 1926/33/1 1927/32/1 4182/4011/1
f 1927/32/1 327/4003/1 4182/4011/1
f 1923/30/1 4185/4016/1 323/4013/1
f 1923/30/1 1924/29/1 4185/4016/1
f 1924/29/1 324/4017/1 4185/4016/1
f 1919/25/1 4188/4023/1 319/4020/1
f 1919/25/1 1921/27/1 4188/4023/1
f 1921/27/1 321/4024/1 4188/4023/1
f 1918/26/1 4191/4028/1 318/4000/1
f 1918/26/1 1919/25/1 4191/4028/1
f 1919/25/1 319/4020/1 4191/4028/1
f 1915/23/1 4194/4033/1 315/4030/1
f 1915/23/1 1916/22/1 4194/4033/1
f 1916/22/1 316/4034/1 4194/4033/1
f 1911/18/1 4197/4040/1 311/4037/1
f 1911/18/1 1913/20/1 4197/4040/1
f 1913/20/1 313/4041/1 4197/4040/1
f 1910/19/1 4200/4047/1 310/4044/1
f 1910/19/1 1911/18/1 4200/4047/1
f 1911/18/1 311/4037/1 4200/4047/1
f 1907/16/1 4203/4052/1 307/4049/1
f 1907/16/1 1908/15/1 4203/4052/1
f 1908/15/1 308/4053/1 4203/4052/1
f 1903/12/1 4206/4059/1 303/4056/1
f 1903/12/1 1905/13/1 4206/4059/1
f 1905/13/1 305/4060/1 4206/4059/1
f 1901/10/1 4209/4066/1 301/4063/1
f 1901/10/1 1903/12/1 4209/4066/1
f 1903/12/1 303/4056/1 4209/4066/1
f 1900/11/1 4212/4071/1 300/4068/1
f 1900/11/1 1901/10/1 4212/4071/1
f 1901/10/1 301/4063/1 4212/4071/1
f 1894/5/1 4215/4076/1 294/4073/1
f 1894/5/1 1898/8/1 4215/4076/1
f 1898/8/1 298/4077/1 4215/4076/1
f 1896/7/1 4218/4083/1 296/4080/1
f 1896/7/1 1890/3/1 4218/4083/1
f 1890/3/1 290/4084/1 4218/4083/1
f 1893/6/1 4221/4090/1 293/4087/1
f 1893/6/1 1894/5/1 4221/4090/1
f 1894/5/1 294/4073/1 4221/4090/1
f 1890/3/1 4224/4093/1 290/4084/1
f 1890/3/1 1891/2/1 4224/4093/1
f 1891/2/1 291/4094/1 4224/4093/1
