# Blender 5.1.2
# www.blender.org
o square16x16_init.001
v 0.000000 0.237465 -1.000000
v -0.168809 0.167542 -1.000000
v -0.238732 -0.001268 -1.000000
v -0.168809 -0.170077 -1.000000
v 0.000000 -0.240000 -1.000000
v 0.168809 -0.170077 -1.000000
v 0.238732 -0.001268 -1.000000
v 0.168809 0.167542 -1.000000
v 0.000000 0.237465 -0.750000
v -0.168809 0.167542 -0.750000
v -0.238732 -0.001268 -0.750000
v -0.168809 -0.170077 -0.750000
v 0.000000 -0.240000 -0.750000
v 0.168809 -0.170077 -0.750000
v 0.238732 -0.001268 -0.750000
v 0.168809 0.167542 -0.750000
v 0.000000 0.237465 -0.500000
v -0.168809 0.167542 -0.500000
v -0.238732 -0.001268 -0.500000
v -0.168809 -0.170077 -0.500000
v 0.000000 -0.240000 -0.500000
v 0.168809 -0.170077 -0.500000
v 0.238732 -0.001268 -0.500000
v 0.168809 0.167542 -0.500000
v 0.000000 0.237465 -0.250000
v -0.168809 0.167542 -0.250000
v -0.238732 -0.001268 -0.250000
v -0.168809 -0.170077 -0.250000
v 0.000000 -0.240000 -0.250000
v 0.168809 -0.170077 -0.250000
v 0.238732 -0.001268 -0.250000
v 0.168809 0.167542 -0.250000
v 0.000000 0.237465 -0.000000
v -0.168809 0.167542 -0.000000
v -0.238732 -0.001268 0.000000
v -0.168809 -0.170077 0.000000
v 0.000000 -0.240000 0.000000
v 0.168809 -0.170077 0.000000
v 0.238732 -0.001268 0.000000
v 0.168809 0.167542 -0.000000
v 0.000000 0.237465 0.250000
v -0.168809 0.167542 0.250000
v -0.238732 -0.001268 0.250000
v -0.168809 -0.170077 0.250000
v 0.000000 -0.240000 0.250000
v 0.168809 -0.170077 0.250000
v 0.238732 -0.001268 0.250000
v 0.168809 0.167542 0.250000
v 0.000000 0.237465 0.500000
v -0.168809 0.167542 0.500000
v -0.238732 -0.001268 0.500000
v -0.168809 -0.170077 0.500000
v 0.000000 -0.240000 0.500000
v 0.168809 -0.170077 0.500000
v 0.238732 -0.001268 0.500000
v 0.168809 0.167542 0.500000
v 0.000000 0.237465 0.750000
v -0.168809 0.167542 0.750000
v -0.238732 -0.001268 0.750000
v -0.168809 -0.170077 0.750000
v 0.000000 -0.240000 0.750000
v 0.168809 -0.170077 0.750000
v 0.238732 -0.001268 0.750000
v 0.168809 0.167542 0.750000
v 0.000000 0.237465 1.000000
v -0.168809 0.167542 1.000000
v -0.238732 -0.001268 1.000000
v -0.168809 -0.170077 1.000000
v 0.000000 -0.240000 1.000000
v 0.168809 -0.170077 1.000000
v 0.238732 -0.001268 1.000000
v 0.168809 0.167542 1.000000
v -0.091359 0.219292 -0.875000
v 0.000000 0.237465 -0.875000
v -0.091359 0.219292 -0.750000
v -0.168809 0.167542 -0.875000
v -0.091359 0.219292 -1.000000
v -0.220560 0.090091 -0.875000
v -0.220560 0.090091 -0.750000
v -0.238732 -0.001268 -0.875000
v -0.220560 0.090091 -1.000000
v -0.220560 -0.092627 -0.875000
v -0.220560 -0.092627 -0.750000
v -0.168809 -0.170077 -0.875000
v -0.220560 -0.092627 -1.000000
v -0.091359 -0.221828 -0.875000
v -0.091359 -0.221828 -0.750000
v 0.000000 -0.240000 -0.875000
v -0.091359 -0.221828 -1.000000
v 0.091359 -0.221828 -0.875000
v 0.091359 -0.221828 -0.750000
v 0.168809 -0.170077 -0.875000
v 0.091359 -0.221828 -1.000000
v 0.220560 -0.092627 -0.875000
v 0.220560 -0.092627 -0.750000
v 0.238732 -0.001268 -0.875000
v 0.220560 -0.092627 -1.000000
v 0.220560 0.090091 -0.875000
v 0.220560 0.090091 -0.750000
v 0.168809 0.167542 -0.875000
v 0.220560 0.090091 -1.000000
v 0.091359 0.219292 -0.875000
v 0.091359 0.219292 -0.750000
v 0.091359 0.219292 -1.000000
v -0.091359 0.219292 -0.625000
v 0.000000 0.237465 -0.625000
v -0.091359 0.219292 -0.500000
v -0.168809 0.167542 -0.625000
v -0.220560 0.090091 -0.625000
v -0.220560 0.090091 -0.500000
v -0.238732 -0.001268 -0.625000
v -0.220560 -0.092627 -0.625000
v -0.220560 -0.092627 -0.500000
v -0.168809 -0.170077 -0.625000
v -0.091359 -0.221828 -0.625000
v -0.091359 -0.221828 -0.500000
v 0.000000 -0.240000 -0.625000
v 0.091359 -0.221828 -0.625000
v 0.091359 -0.221828 -0.500000
v 0.168809 -0.170077 -0.625000
v 0.220560 -0.092627 -0.625000
v 0.220560 -0.092627 -0.500000
v 0.238732 -0.001268 -0.625000
v 0.220560 0.090091 -0.625000
v 0.220560 0.090091 -0.500000
v 0.168809 0.167542 -0.625000
v 0.091359 0.219292 -0.625000
v 0.091359 0.219292 -0.500000
v -0.091359 0.219292 -0.375000
v 0.000000 0.237465 -0.375000
v -0.091359 0.219292 -0.250000
v -0.168809 0.167542 -0.375000
v -0.220560 0.090091 -0.375000
v -0.220560 0.090091 -0.250000
v -0.238732 -0.001268 -0.375000
v -0.220560 -0.092627 -0.375000
v -0.220560 -0.092627 -0.250000
v -0.168809 -0.170077 -0.375000
v -0.091359 -0.221828 -0.375000
v -0.091359 -0.221828 -0.250000
v 0.000000 -0.240000 -0.375000
v 0.091359 -0.221828 -0.375000
v 0.091359 -0.221828 -0.250000
v 0.168809 -0.170077 -0.375000
v 0.220560 -0.092627 -0.375000
v 0.220560 -0.092627 -0.250000
v 0.238732 -0.001268 -0.375000
v 0.220560 0.090091 -0.375000
v 0.220560 0.090091 -0.250000
v 0.168809 0.167542 -0.375000
v 0.091359 0.219292 -0.375000
v 0.091359 0.219292 -0.250000
v -0.091359 0.219292 -0.125000
v 0.000000 0.237465 -0.125000
v -0.091359 0.219292 -0.000000
v -0.168809 0.167542 -0.125000
v -0.220560 0.090091 -0.125000
v -0.220560 0.090091 -0.000000
v -0.238732 -0.001268 -0.125000
v -0.220560 -0.092627 -0.125000
v -0.220560 -0.092627 0.000000
v -0.168809 -0.170077 -0.125000
v -0.091359 -0.221828 -0.125000
v -0.091359 -0.221828 0.000000
v 0.000000 -0.240000 -0.125000
v 0.091359 -0.221828 -0.125000
v 0.091359 -0.221828 0.000000
v 0.168809 -0.170077 -0.125000
v 0.220560 -0.092627 -0.125000
v 0.220560 -0.092627 0.000000
v 0.238732 -0.001268 -0.125000
v 0.220560 0.090091 -0.125000
v 0.220560 0.090091 -0.000000
v 0.168809 0.167542 -0.125000
v 0.091359 0.219292 -0.125000
v 0.091359 0.219292 -0.000000
v -0.091359 0.219292 0.125000
v 0.000000 0.237465 0.125000
v -0.091359 0.219292 0.250000
v -0.168809 0.167542 0.125000
v -0.220560 0.090091 0.125000
v -0.220560 0.090091 0.250000
v -0.238732 -0.001268 0.125000
v -0.220560 -0.092627 0.125000
v -0.220560 -0.092627 0.250000
v -0.168809 -0.170077 0.125000
v -0.091359 -0.221828 0.125000
v -0.091359 -0.221828 0.250000
v 0.000000 -0.240000 0.125000
v 0.091359 -0.221828 0.125000
v 0.091359 -0.221828 0.250000
v 0.168809 -0.170077 0.125000
v 0.220560 -0.092627 0.125000
v 0.220560 -0.092627 0.250000
v 0.238732 -0.001268 0.125000
v 0.220560 0.090091 0.125000
v 0.220560 0.090091 0.250000
v 0.168809 0.167542 0.125000
v 0.091359 0.219292 0.125000
v 0.091359 0.219292 0.250000
v -0.091359 0.219292 0.375000
v 0.000000 0.237465 0.375000
v -0.091359 0.219292 0.500000
v -0.168809 0.167542 0.375000
v -0.220560 0.090091 0.375000
v -0.220560 0.090091 0.500000
v -0.238732 -0.001268 0.375000
v -0.220560 -0.092627 0.375000
v -0.220560 -0.092627 0.500000
v -0.168809 -0.170077 0.375000
v -0.091359 -0.221828 0.375000
v -0.091359 -0.221828 0.500000
v 0.000000 -0.240000 0.375000
v 0.091359 -0.221828 0.375000
v 0.091359 -0.221828 0.500000
v 0.168809 -0.170077 0.375000
v 0.220560 -0.092627 0.375000
v 0.220560 -0.092627 0.500000
v 0.238732 -0.001268 0.375000
v 0.220560 0.090091 0.375000
v 0.220560 0.090091 0.500000
v 0.168809 0.167542 0.375000
v 0.091359 0.219292 0.375000
v 0.091359 0.219292 0.500000
v -0.091359 0.219292 0.625000
v 0.000000 0.237465 0.625000
v -0.091359 0.219292 0.750000
v -0.168809 0.167542 0.625000
v -0.220560 0.090091 0.625000
v -0.220560 0.090091 0.750000
v -0.238732 -0.001268 0.625000
v -0.220560 -0.092627 0.625000
v -0.220560 -0.092627 0.750000
v -0.168809 -0.170077 0.625000
v -0.091359 -0.221828 0.625000
v -0.091359 -0.221828 0.750000
v 0.000000 -0.240000 0.625000
v 0.091359 -0.221828 0.625000
v 0.091359 -0.221828 0.750000
v 0.168809 -0.170077 0.625000
v 0.220560 -0.092627 0.625000
v 0.220560 -0.092627 0.750000
v 0.238732 -0.001268 0.625000
v 0.220560 0.090091 0.625000
v 0.220560 0.090091 0.750000
v 0.168809 0.167542 0.625000
v 0.091359 0.219292 0.625000
v 0.091359 0.219292 0.750000
v -0.091359 0.219292 0.875000
v 0.000000 0.237465 0.875000
v -0.091359 0.219292 1.000000
v -0.168809 0.167542 0.875000
v -0.220560 0.090091 0.875000
v -0.220560 0.090091 1.000000
v -0.238732 -0.001268 0.875000
v -0.220560 -0.092627 0.875000
v -0.220560 -0.092626 1.000000
v -0.168809 -0.170077 0.875000
v -0.091359 -0.221828 0.875000
v -0.091359 -0.221828 1.000000
v 0.000000 -0.240000 0.875000
v 0.091359 -0.221828 0.875000
v 0.091359 -0.221828 1.000000
v 0.168809 -0.170077 0.875000
v 0.220560 -0.092627 0.875000
v 0.220560 -0.092626 1.000000
v 0.238732 -0.001268 0.875000
v 0.220560 0.090091 0.875000
v 0.220560 0.090091 1.000000
v 0.168809 0.167542 0.875000
v 0.091359 0.219292 0.875000
v 0.091359 0.219292 1.000000
v -0.045679 0.228378 -0.937500
v 0.000000 0.237465 -0.937500
v -0.045679 0.228378 -0.875000
v -0.168809 0.167542 -0.937500
v -0.130084 0.193417 -1.000000
v -0.130084 0.193417 -0.937500
v -0.194685 0.128816 -0.937500
v -0.194685 0.128816 -0.875000
v -0.238732 -0.001268 -0.937500
v -0.229646 0.044411 -1.000000
v -0.229646 0.044411 -0.937500
v -0.229646 -0.046948 -0.937500
v -0.229646 -0.046948 -0.875000
v -0.168809 -0.170077 -0.937500
v -0.194685 -0.131352 -1.000000
v -0.194685 -0.131352 -0.937500
v -0.130084 -0.195953 -0.937500
v -0.130084 -0.195953 -0.875000
v 0.000000 -0.240000 -0.937500
v -0.045679 -0.230914 -1.000000
v -0.045679 -0.230914 -0.937500
v 0.045679 -0.230914 -0.937500
v 0.045679 -0.230914 -0.875000
v 0.168809 -0.170077 -0.937500
v 0.130084 -0.195953 -1.000000
v 0.130084 -0.195953 -0.937500
v 0.194685 -0.131352 -0.937500
v 0.194685 -0.131352 -0.875000
v 0.238732 -0.001268 -0.937500
v 0.229646 -0.046948 -1.000000
v 0.229646 -0.046948 -0.937500
v 0.229646 0.044411 -0.937500
v 0.229646 0.044411 -0.875000
v 0.168809 0.167542 -0.937500
v 0.194685 0.128816 -1.000000
v 0.194685 0.128816 -0.937500
v 0.130084 0.193417 -0.937500
v 0.130084 0.193417 -0.875000
v -0.045679 0.228378 -0.687500
v 0.000000 0.237465 -0.687500
v -0.045679 0.228378 -0.625000
v -0.168809 0.167542 -0.687500
v -0.130084 0.193417 -0.750000
v -0.130084 0.193417 -0.687500
v -0.194685 0.128816 -0.687500
v -0.194685 0.128816 -0.625000
v -0.238732 -0.001268 -0.687500
v -0.229646 0.044411 -0.750000
v -0.229646 0.044411 -0.687500
v -0.229646 -0.046948 -0.687500
v -0.229646 -0.046948 -0.625000
v -0.168809 -0.170077 -0.687500
v -0.194685 -0.131352 -0.750000
v -0.194685 -0.131352 -0.687500
v -0.130084 -0.195953 -0.687500
v -0.130084 -0.195953 -0.625000
v 0.000000 -0.240000 -0.687500
v -0.045679 -0.230914 -0.750000
v -0.045679 -0.230914 -0.687500
v 0.045679 -0.230914 -0.687500
v 0.045679 -0.230914 -0.625000
v 0.168809 -0.170077 -0.687500
v 0.130084 -0.195953 -0.750000
v 0.130084 -0.195953 -0.687500
v 0.194685 -0.131352 -0.687500
v 0.194685 -0.131352 -0.625000
v 0.238732 -0.001268 -0.687500
v 0.229646 -0.046948 -0.750000
v 0.229646 -0.046948 -0.687500
v 0.229646 0.044411 -0.687500
v 0.229646 0.044411 -0.625000
v 0.168809 0.167542 -0.687500
v 0.194685 0.128816 -0.750000
v 0.194685 0.128816 -0.687500
v 0.130084 0.193417 -0.687500
v 0.130084 0.193417 -0.625000
v -0.045679 0.228378 -0.437500
v 0.000000 0.237465 -0.437500
v -0.045679 0.228378 -0.375000
v -0.168809 0.167542 -0.437500
v -0.130084 0.193417 -0.500000
v -0.130084 0.193417 -0.437500
v -0.194685 0.128816 -0.437500
v -0.194685 0.128816 -0.375000
v -0.238732 -0.001268 -0.437500
v -0.229646 0.044411 -0.500000
v -0.229646 0.044411 -0.437500
v -0.229646 -0.046948 -0.437500
v -0.229646 -0.046948 -0.375000
v -0.168809 -0.170077 -0.437500
v -0.194685 -0.131352 -0.500000
v -0.194685 -0.131352 -0.437500
v -0.130084 -0.195953 -0.437500
v -0.130084 -0.195953 -0.375000
v 0.000000 -0.240000 -0.437500
v -0.045679 -0.230914 -0.500000
v -0.045679 -0.230914 -0.437500
v 0.045679 -0.230914 -0.437500
v 0.045679 -0.230914 -0.375000
v 0.168809 -0.170077 -0.437500
v 0.130084 -0.195953 -0.500000
v 0.130084 -0.195953 -0.437500
v 0.194685 -0.131352 -0.437500
v 0.194685 -0.131352 -0.375000
v 0.238732 -0.001268 -0.437500
v 0.229646 -0.046948 -0.500000
v 0.229646 -0.046948 -0.437500
v 0.229646 0.044411 -0.437500
v 0.229646 0.044411 -0.375000
v 0.168809 0.167542 -0.437500
v 0.194685 0.128816 -0.500000
v 0.194685 0.128816 -0.437500
v 0.130084 0.193417 -0.437500
v 0.130084 0.193417 -0.375000
v -0.045679 0.228378 -0.187500
v 0.000000 0.237465 -0.187500
v -0.045679 0.228378 -0.125000
v -0.168809 0.167542 -0.187500
v -0.130084 0.193417 -0.250000
v -0.130084 0.193417 -0.187500
v -0.194685 0.128816 -0.187500
v -0.194685 0.128816 -0.125000
v -0.238732 -0.001268 -0.187500
v -0.229646 0.044411 -0.250000
v -0.229646 0.044411 -0.187500
v -0.229646 -0.046948 -0.187500
v -0.229646 -0.046948 -0.125000
v -0.168809 -0.170077 -0.187500
v -0.194685 -0.131352 -0.250000
v -0.194685 -0.131352 -0.187500
v -0.130084 -0.195953 -0.187500
v -0.130084 -0.195953 -0.125000
v 0.000000 -0.240000 -0.187500
v -0.045679 -0.230914 -0.250000
v -0.045679 -0.230914 -0.187500
v 0.045679 -0.230914 -0.187500
v 0.045679 -0.230914 -0.125000
v 0.168809 -0.170077 -0.187500
v 0.130084 -0.195953 -0.250000
v 0.130084 -0.195953 -0.187500
v 0.194685 -0.131352 -0.187500
v 0.194685 -0.131352 -0.125000
v 0.238732 -0.001268 -0.187500
v 0.229646 -0.046948 -0.250000
v 0.229646 -0.046948 -0.187500
v 0.229646 0.044411 -0.187500
v 0.229646 0.044411 -0.125000
v 0.168809 0.167542 -0.187500
v 0.194685 0.128816 -0.250000
v 0.194685 0.128816 -0.187500
v 0.130084 0.193417 -0.187500
v 0.130084 0.193417 -0.125000
v -0.045679 0.228379 0.062500
v 0.000000 0.237465 0.062500
v -0.045679 0.228379 0.125000
v -0.168809 0.167542 0.062500
v -0.130084 0.193417 -0.000000
v -0.130084 0.193417 0.062500
v -0.194685 0.128817 0.062500
v -0.194685 0.128817 0.125000
v -0.238732 -0.001268 0.062500
v -0.229646 0.044411 -0.000000
v -0.229646 0.044412 0.062500
v -0.229646 -0.046947 0.062500
v -0.229646 -0.046947 0.125000
v -0.168809 -0.170077 0.062500
v -0.194685 -0.131352 0.000000
v -0.194685 -0.131352 0.062500
v -0.130084 -0.195953 0.062500
v -0.130084 -0.195952 0.125000
v 0.000000 -0.240000 0.062500
v -0.045679 -0.230914 0.000000
v -0.045679 -0.230914 0.062500
v 0.045679 -0.230914 0.062500
v 0.045679 -0.230914 0.125000
v 0.168809 -0.170077 0.062500
v 0.130084 -0.195953 0.000000
v 0.130084 -0.195953 0.062500
v 0.194685 -0.131352 0.062500
v 0.194685 -0.131352 0.125000
v 0.238732 -0.001268 0.062500
v 0.229646 -0.046947 0.000000
v 0.229646 -0.046947 0.062500
v 0.229646 0.044412 0.062500
v 0.229646 0.044412 0.125000
v 0.168809 0.167542 0.062500
v 0.194685 0.128817 -0.000000
v 0.194685 0.128817 0.062500
v 0.130084 0.193417 0.062500
v 0.130084 0.193417 0.125000
v -0.045679 0.228379 0.312500
v 0.000000 0.237465 0.312500
v -0.045679 0.228379 0.375000
v -0.168809 0.167542 0.312500
v -0.130084 0.193417 0.250000
v -0.130084 0.193417 0.312500
v -0.194685 0.128817 0.312500
v -0.194685 0.128817 0.375000
v -0.238732 -0.001268 0.312500
v -0.229646 0.044412 0.250000
v -0.229646 0.044412 0.312500
v -0.229646 -0.046947 0.312500
v -0.229646 -0.046947 0.375000
v -0.168809 -0.170077 0.312500
v -0.194685 -0.131352 0.250000
v -0.194685 -0.131352 0.312500
v -0.130084 -0.195952 0.312500
v -0.130084 -0.195952 0.375000
v 0.000000 -0.240000 0.312500
v -0.045679 -0.230914 0.250000
v -0.045679 -0.230914 0.312500
v 0.045679 -0.230914 0.312500
v 0.045679 -0.230914 0.375000
v 0.168809 -0.170077 0.312500
v 0.130084 -0.195952 0.250000
v 0.130084 -0.195952 0.312500
v 0.194685 -0.131352 0.312500
v 0.194685 -0.131352 0.375000
v 0.238732 -0.001268 0.312500
v 0.229646 -0.046947 0.250000
v 0.229646 -0.046947 0.312500
v 0.229646 0.044412 0.312500
v 0.229646 0.044412 0.375000
v 0.168809 0.167542 0.312500
v 0.194685 0.128817 0.250000
v 0.194685 0.128817 0.312500
v 0.130084 0.193417 0.312500
v 0.130084 0.193417 0.375000
v -0.045679 0.228379 0.562500
v 0.000000 0.237465 0.562500
v -0.045679 0.228379 0.625000
v -0.168809 0.167542 0.562500
v -0.130084 0.193417 0.500000
v -0.130084 0.193417 0.562500
v -0.194685 0.128817 0.562500
v -0.194685 0.128817 0.625000
v -0.238732 -0.001268 0.562500
v -0.229646 0.044412 0.500000
v -0.229646 0.044412 0.562500
v -0.229646 -0.046947 0.562500
v -0.229646 -0.046947 0.625000
v -0.168809 -0.170077 0.562500
v -0.194685 -0.131352 0.500000
v -0.194685 -0.131352 0.562500
v -0.130084 -0.195952 0.562500
v -0.130084 -0.195952 0.625000
v 0.000000 -0.240000 0.562500
v -0.045679 -0.230914 0.500000
v -0.045679 -0.230914 0.562500
v 0.045679 -0.230914 0.562500
v 0.045679 -0.230914 0.625000
v 0.168809 -0.170077 0.562500
v 0.130084 -0.195952 0.500000
v 0.130084 -0.195952 0.562500
v 0.194685 -0.131352 0.562500
v 0.194685 -0.131352 0.625000
v 0.238732 -0.001268 0.562500
v 0.229646 -0.046947 0.500000
v 0.229646 -0.046947 0.562500
v 0.229646 0.044412 0.562500
v 0.229646 0.044412 0.625000
v 0.168809 0.167542 0.562500
v 0.194685 0.128817 0.500000
v 0.194685 0.128817 0.562500
v 0.130084 0.193417 0.562500
v 0.130084 0.193417 0.625000
v -0.045679 0.228379 0.812500
v 0.000000 0.237465 0.812500
v -0.045679 0.228379 0.875000
v -0.168809 0.167542 0.812500
v -0.130084 0.193417 0.750000
v -0.130084 0.193417 0.812500
v -0.194685 0.128817 0.812500
v -0.194685 0.128817 0.875000
v -0.238732 -0.001268 0.812500
v -0.229646 0.044412 0.750000
v -0.229646 0.044412 0.812500
v -0.229646 -0.046947 0.812500
v -0.229646 -0.046947 0.875000
v -0.168809 -0.170077 0.812500
v -0.194685 -0.131352 0.750000
v -0.194685 -0.131352 0.812500
v -0.130084 -0.195952 0.812500
v -0.130084 -0.195952 0.875000
v 0.000000 -0.240000 0.812500
v -0.045679 -0.230914 0.750000
v -0.045679 -0.230914 0.812500
v 0.045679 -0.230914 0.812500
v 0.045679 -0.230914 0.875000
v 0.168809 -0.170077 0.812500
v 0.130084 -0.195952 0.750000
v 0.130084 -0.195952 0.812500
v 0.194685 -0.131352 0.812500
v 0.194685 -0.131352 0.875000
v 0.238732 -0.001268 0.812500
v 0.229646 -0.046947 0.750000
v 0.229646 -0.046947 0.812500
v 0.229646 0.044412 0.812500
v 0.229646 0.044412 0.875000
v 0.168809 0.167542 0.812500
v 0.194685 0.128817 0.750000
v 0.194685 0.128817 0.812500
v 0.130084 0.193417 0.812500
v 0.130084 0.193417 0.875000
v 0.091359 0.219292 0.812500
v 0.130084 0.193417 0.750000
v 0.091359 0.219292 0.937500
v 0.130084 0.193417 0.937500
v 0.168809 0.167542 0.937500
v 0.130084 0.193417 1.000000
v 0.194685 0.128817 0.875000
v 0.194685 0.128817 0.937500
v 0.220560 0.090091 0.812500
v 0.229646 0.044412 0.750000
v 0.220560 0.090091 0.937500
v 0.194685 0.128817 1.000000
v 0.229646 0.044412 0.937500
v 0.238732 -0.001268 0.937500
v 0.229646 0.044412 1.000000
v 0.229646 -0.046947 0.875000
v 0.229646 -0.046947 0.937500
v 0.220560 -0.092627 0.812500
v 0.194685 -0.131352 0.750000
v 0.220560 -0.092626 0.937500
v 0.229646 -0.046947 1.000000
v 0.194685 -0.131351 0.937500
v 0.168809 -0.170077 0.937500
v 0.194685 -0.131351 1.000000
v 0.130084 -0.195952 0.875000
v 0.130084 -0.195952 0.937500
v 0.091359 -0.221828 0.812500
v 0.045679 -0.230914 0.750000
v 0.091359 -0.221828 0.937500
v 0.130084 -0.195952 1.000000
v 0.045679 -0.230914 0.937500
v 0.000000 -0.240000 0.937500
v 0.045679 -0.230914 1.000000
v -0.045679 -0.230914 0.875000
v -0.045679 -0.230914 0.937500
v -0.091359 -0.221828 0.812500
v -0.130084 -0.195952 0.750000
v -0.091359 -0.221828 0.937500
v -0.045679 -0.230914 1.000000
v -0.130084 -0.195952 0.937500
v -0.168809 -0.170077 0.937500
v -0.130084 -0.195952 1.000000
v -0.194685 -0.131352 0.875000
v -0.194685 -0.131352 0.937500
v -0.220560 -0.092627 0.812500
v -0.229646 -0.046947 0.750000
v -0.220560 -0.092626 0.937500
v -0.194685 -0.131351 1.000000
v -0.229646 -0.046947 0.937500
v -0.238732 -0.001268 0.937500
v -0.229646 -0.046947 1.000000
v -0.229646 0.044412 0.875000
v -0.229646 0.044412 0.937500
v -0.220560 0.090091 0.812500
v -0.194685 0.128817 0.750000
v -0.220560 0.090091 0.937500
v -0.229646 0.044412 1.000000
v -0.194685 0.128817 0.937500
v -0.168809 0.167542 0.937500
v -0.194685 0.128817 1.000000
v -0.130084 0.193417 0.875000
v -0.130084 0.193417 0.937500
v -0.091359 0.219292 0.812500
v -0.045679 0.228379 0.750000
v -0.091359 0.219292 0.937500
v -0.130084 0.193417 1.000000
v -0.045679 0.228379 0.937500
v 0.000000 0.237465 0.937500
v -0.045679 0.228379 1.000000
v 0.091359 0.219292 0.562500
v 0.130084 0.193417 0.500000
v 0.091359 0.219292 0.687500
v 0.130084 0.193417 0.687500
v 0.168809 0.167542 0.687500
v 0.194685 0.128817 0.625000
v 0.194685 0.128817 0.687500
v 0.220560 0.090091 0.562500
v 0.229646 0.044412 0.500000
v 0.220560 0.090091 0.687500
v 0.229646 0.044412 0.687500
v 0.238732 -0.001268 0.687500
v 0.229646 -0.046947 0.625000
v 0.229646 -0.046947 0.687500
v 0.220560 -0.092627 0.562500
v 0.194685 -0.131352 0.500000
v 0.220560 -0.092627 0.687500
v 0.194685 -0.131352 0.687500
v 0.168809 -0.170077 0.687500
v 0.130084 -0.195952 0.625000
v 0.130084 -0.195952 0.687500
v 0.091359 -0.221828 0.562500
v 0.045679 -0.230914 0.500000
v 0.091359 -0.221828 0.687500
v 0.045679 -0.230914 0.687500
v 0.000000 -0.240000 0.687500
v -0.045679 -0.230914 0.625000
v -0.045679 -0.230914 0.687500
v -0.091359 -0.221828 0.562500
v -0.130084 -0.195952 0.500000
v -0.091359 -0.221828 0.687500
v -0.130084 -0.195952 0.687500
v -0.168809 -0.170077 0.687500
v -0.194685 -0.131352 0.625000
v -0.194685 -0.131352 0.687500
v -0.220560 -0.092627 0.562500
v -0.229646 -0.046947 0.500000
v -0.220560 -0.092627 0.687500
v -0.229646 -0.046947 0.687500
v -0.238732 -0.001268 0.687500
v -0.229646 0.044412 0.625000
v -0.229646 0.044412 0.687500
v -0.220560 0.090091 0.562500
v -0.194685 0.128817 0.500000
v -0.220560 0.090091 0.687500
v -0.194685 0.128817 0.687500
v -0.168809 0.167542 0.687500
v -0.130084 0.193417 0.625000
v -0.130084 0.193417 0.687500
v -0.091359 0.219292 0.562500
v -0.045679 0.228379 0.500000
v -0.091359 0.219292 0.687500
v -0.045679 0.228379 0.687500
v 0.000000 0.237465 0.687500
v 0.091359 0.219292 0.312500
v 0.130084 0.193417 0.250000
v 0.091359 0.219292 0.437500
v 0.130084 0.193417 0.437500
v 0.168809 0.167542 0.437500
v 0.194685 0.128817 0.375000
v 0.194685 0.128817 0.437500
v 0.220560 0.090091 0.312500
v 0.229646 0.044412 0.250000
v 0.220560 0.090091 0.437500
v 0.229646 0.044412 0.437500
v 0.238732 -0.001268 0.437500
v 0.229646 -0.046947 0.375000
v 0.229646 -0.046947 0.437500
v 0.220560 -0.092627 0.312500
v 0.194685 -0.131352 0.250000
v 0.220560 -0.092627 0.437500
v 0.194685 -0.131352 0.437500
v 0.168809 -0.170077 0.437500
v 0.130084 -0.195952 0.375000
v 0.130084 -0.195952 0.437500
v 0.091359 -0.221828 0.312500
v 0.045679 -0.230914 0.250000
v 0.091359 -0.221828 0.437500
v 0.045679 -0.230914 0.437500
v 0.000000 -0.240000 0.437500
v -0.045679 -0.230914 0.375000
v -0.045679 -0.230914 0.437500
v -0.091359 -0.221828 0.312500
v -0.130084 -0.195952 0.250000
v -0.091359 -0.221828 0.437500
v -0.130084 -0.195952 0.437500
v -0.168809 -0.170077 0.437500
v -0.194685 -0.131352 0.375000
v -0.194685 -0.131352 0.437500
v -0.220560 -0.092627 0.312500
v -0.229646 -0.046947 0.250000
v -0.220560 -0.092627 0.437500
v -0.229646 -0.046947 0.437500
v -0.238732 -0.001268 0.437500
v -0.229646 0.044412 0.375000
v -0.229646 0.044412 0.437500
v -0.220560 0.090091 0.312500
v -0.194685 0.128817 0.250000
v -0.220560 0.090091 0.437500
v -0.194685 0.128817 0.437500
v -0.168809 0.167542 0.437500
v -0.130084 0.193417 0.375000
v -0.130084 0.193417 0.437500
v -0.091359 0.219292 0.312500
v -0.045679 0.228379 0.250000
v -0.091359 0.219292 0.437500
v -0.045679 0.228379 0.437500
v 0.000000 0.237465 0.437500
v 0.091359 0.219292 0.062500
v 0.130084 0.193417 -0.000000
v 0.091359 0.219292 0.187500
v 0.130084 0.193417 0.187500
v 0.168809 0.167542 0.187500
v 0.194685 0.128817 0.125000
v 0.194685 0.128817 0.187500
v 0.220560 0.090091 0.062500
v 0.229646 0.044411 -0.000000
v 0.220560 0.090091 0.187500
v 0.229646 0.044412 0.187500
v 0.238732 -0.001268 0.187500
v 0.229646 -0.046947 0.125000
v 0.229646 -0.046947 0.187500
v 0.220560 -0.092627 0.062500
v 0.194685 -0.131352 0.000000
v 0.220560 -0.092627 0.187500
v 0.194685 -0.131352 0.187500
v 0.168809 -0.170077 0.187500
v 0.130084 -0.195952 0.125000
v 0.130084 -0.195952 0.187500
v 0.091359 -0.221828 0.062500
v 0.045679 -0.230914 0.000000
v 0.091359 -0.221828 0.187500
v 0.045679 -0.230914 0.187500
v 0.000000 -0.240000 0.187500
v -0.045679 -0.230914 0.125000
v -0.045679 -0.230914 0.187500
v -0.091359 -0.221828 0.062500
v -0.130084 -0.195953 0.000000
v -0.091359 -0.221828 0.187500
v -0.130084 -0.195952 0.187500
v -0.168809 -0.170077 0.187500
v -0.194685 -0.131352 0.125000
v -0.194685 -0.131352 0.187500
v -0.220560 -0.092627 0.062500
v -0.229646 -0.046947 0.000000
v -0.220560 -0.092627 0.187500
v -0.229646 -0.046947 0.187500
v -0.238732 -0.001268 0.187500
v -0.229646 0.044412 0.125000
v -0.229646 0.044412 0.187500
v -0.220560 0.090091 0.062500
v -0.194685 0.128817 -0.000000
v -0.220560 0.090091 0.187500
v -0.194685 0.128817 0.187500
v -0.168809 0.167542 0.187500
v -0.130084 0.193417 0.125000
v -0.130084 0.193417 0.187500
v -0.091359 0.219292 0.062500
v -0.045679 0.228379 -0.000000
v -0.091359 0.219292 0.187500
v -0.045679 0.228379 0.187500
v 0.000000 0.237465 0.187500
v 0.091359 0.219292 -0.187500
v 0.130084 0.193417 -0.250000
v 0.091359 0.219292 -0.062500
v 0.130084 0.193417 -0.062500
v 0.168809 0.167542 -0.062500
v 0.194685 0.128816 -0.125000
v 0.194685 0.128817 -0.062500
v 0.220560 0.090091 -0.187500
v 0.229646 0.044411 -0.250000
v 0.220560 0.090091 -0.062500
v 0.229646 0.044411 -0.062500
v 0.238732 -0.001268 -0.062500
v 0.229646 -0.046948 -0.125000
v 0.229646 -0.046948 -0.062500
v 0.220560 -0.092627 -0.187500
v 0.194685 -0.131352 -0.250000
v 0.220560 -0.092627 -0.062500
v 0.194685 -0.131352 -0.062500
v 0.168809 -0.170077 -0.062500
v 0.130084 -0.195953 -0.125000
v 0.130084 -0.195953 -0.062500
v 0.091359 -0.221828 -0.187500
v 0.045679 -0.230914 -0.250000
v 0.091359 -0.221828 -0.062500
v 0.045679 -0.230914 -0.062500
v 0.000000 -0.240000 -0.062500
v -0.045679 -0.230914 -0.125000
v -0.045679 -0.230914 -0.062500
v -0.091359 -0.221828 -0.187500
v -0.130084 -0.195953 -0.250000
v -0.091359 -0.221828 -0.062500
v -0.130084 -0.195953 -0.062500
v -0.168809 -0.170077 -0.062500
v -0.194685 -0.131352 -0.125000
v -0.194685 -0.131352 -0.062500
v -0.220560 -0.092627 -0.187500
v -0.229646 -0.046948 -0.250000
v -0.220560 -0.092627 -0.062500
v -0.229646 -0.046948 -0.062500
v -0.238732 -0.001268 -0.062500
v -0.229646 0.044411 -0.125000
v -0.229646 0.044411 -0.062500
v -0.220560 0.090091 -0.187500
v -0.194685 0.128816 -0.250000
v -0.220560 0.090091 -0.062500
v -0.194685 0.128817 -0.062500
v -0.168809 0.167542 -0.062500
v -0.130084 0.193417 -0.125000
v -0.130084 0.193417 -0.062500
v -0.091359 0.219292 -0.187500
v -0.045679 0.228378 -0.250000
v -0.091359 0.219292 -0.062500
v -0.045679 0.228379 -0.062500
v 0.000000 0.237465 -0.062500
v 0.091359 0.219292 -0.437500
v 0.130084 0.193417 -0.500000
v 0.091359 0.219292 -0.312500
v 0.130084 0.193417 -0.312500
v 0.168809 0.167542 -0.312500
v 0.194685 0.128816 -0.375000
v 0.194685 0.128816 -0.312500
v 0.220560 0.090091 -0.437500
v 0.229646 0.044411 -0.500000
v 0.220560 0.090091 -0.312500
v 0.229646 0.044411 -0.312500
v 0.238732 -0.001268 -0.312500
v 0.229646 -0.046948 -0.375000
v 0.229646 -0.046948 -0.312500
v 0.220560 -0.092627 -0.437500
v 0.194685 -0.131352 -0.500000
v 0.220560 -0.092627 -0.312500
v 0.194685 -0.131352 -0.312500
v 0.168809 -0.170077 -0.312500
v 0.130084 -0.195953 -0.375000
v 0.130084 -0.195953 -0.312500
v 0.091359 -0.221828 -0.437500
v 0.045679 -0.230914 -0.500000
v 0.091359 -0.221828 -0.312500
v 0.045679 -0.230914 -0.312500
v 0.000000 -0.240000 -0.312500
v -0.045679 -0.230914 -0.375000
v -0.045679 -0.230914 -0.312500
v -0.091359 -0.221828 -0.437500
v -0.130084 -0.195953 -0.500000
v -0.091359 -0.221828 -0.312500
v -0.130084 -0.195953 -0.312500
v -0.168809 -0.170077 -0.312500
v -0.194685 -0.131352 -0.375000
v -0.194685 -0.131352 -0.312500
v -0.220560 -0.092627 -0.437500
v -0.229646 -0.046948 -0.500000
v -0.220560 -0.092627 -0.312500
v -0.229646 -0.046948 -0.312500
v -0.238732 -0.001268 -0.312500
v -0.229646 0.044411 -0.375000
v -0.229646 0.044411 -0.312500
v -0.220560 0.090091 -0.437500
v -0.194685 0.128816 -0.500000
v -0.220560 0.090091 -0.312500
v -0.194685 0.128816 -0.312500
v -0.168809 0.167542 -0.312500
v -0.130084 0.193417 -0.375000
v -0.130084 0.193417 -0.312500
v -0.091359 0.219292 -0.437500
v -0.045679 0.228378 -0.500000
v -0.091359 0.219292 -0.312500
v -0.045679 0.228378 -0.312500
v 0.000000 0.237465 -0.312500
v 0.091359 0.219292 -0.687500
v 0.130084 0.193417 -0.750000
v 0.091359 0.219292 -0.562500
v 0.130084 0.193417 -0.562500
v 0.168809 0.167542 -0.562500
v 0.194685 0.128816 -0.625000
v 0.194685 0.128816 -0.562500
v 0.220560 0.090091 -0.687500
v 0.229646 0.044411 -0.750000
v 0.220560 0.090091 -0.562500
v 0.229646 0.044411 -0.562500
v 0.238732 -0.001268 -0.562500
v 0.229646 -0.046948 -0.625000
v 0.229646 -0.046948 -0.562500
v 0.220560 -0.092627 -0.687500
v 0.194685 -0.131352 -0.750000
v 0.220560 -0.092627 -0.562500
v 0.194685 -0.131352 -0.562500
v 0.168809 -0.170077 -0.562500
v 0.130084 -0.195953 -0.625000
v 0.130084 -0.195953 -0.562500
v 0.091359 -0.221828 -0.687500
v 0.045679 -0.230914 -0.750000
v 0.091359 -0.221828 -0.562500
v 0.045679 -0.230914 -0.562500
v 0.000000 -0.240000 -0.562500
v -0.045679 -0.230914 -0.625000
v -0.045679 -0.230914 -0.562500
v -0.091359 -0.221828 -0.687500
v -0.130084 -0.195953 -0.750000
v -0.091359 -0.221828 -0.562500
v -0.130084 -0.195953 -0.562500
v -0.168809 -0.170077 -0.562500
v -0.194685 -0.131352 -0.625000
v -0.194685 -0.131352 -0.562500
v -0.220560 -0.092627 -0.687500
v -0.229646 -0.046948 -0.750000
v -0.220560 -0.092627 -0.562500
v -0.229646 -0.046948 -0.562500
v -0.238732 -0.001268 -0.562500
v -0.229646 0.044411 -0.625000
v -0.229646 0.044411 -0.562500
v -0.220560 0.090091 -0.687500
v -0.194685 0.128816 -0.750000
v -0.220560 0.090091 -0.562500
v -0.194685 0.128816 -0.562500
v -0.168809 0.167542 -0.562500
v -0.130084 0.193417 -0.625000
v -0.130084 0.193417 -0.562500
v -0.091359 0.219292 -0.687500
v -0.045679 0.228378 -0.750000
v -0.091359 0.219292 -0.562500
v -0.045679 0.228378 -0.562500
v 0.000000 0.237465 -0.562500
v 0.091359 0.219292 -0.937500
v 0.130084 0.193417 -1.000000
v 0.091359 0.219292 -0.812500
v 0.130084 0.193417 -0.812500
v 0.168809 0.167542 -0.812500
v 0.194685 0.128816 -0.875000
v 0.194685 0.128816 -0.812500
v 0.220560 0.090091 -0.937500
v 0.229646 0.044411 -1.000000
v 0.220560 0.090091 -0.812500
v 0.229646 0.044411 -0.812500
v 0.238732 -0.001268 -0.812500
v 0.229646 -0.046948 -0.875000
v 0.229646 -0.046948 -0.812500
v 0.220560 -0.092627 -0.937500
v 0.194685 -0.131352 -1.000000
v 0.220560 -0.092627 -0.812500
v 0.194685 -0.131352 -0.812500
v 0.168809 -0.170077 -0.812500
v 0.130084 -0.195953 -0.875000
v 0.130084 -0.195953 -0.812500
v 0.091359 -0.221828 -0.937500
v 0.045679 -0.230914 -1.000000
v 0.091359 -0.221828 -0.812500
v 0.045679 -0.230914 -0.812500
v 0.000000 -0.240000 -0.812500
v -0.045679 -0.230914 -0.875000
v -0.045679 -0.230914 -0.812500
v -0.091359 -0.221828 -0.937500
v -0.130084 -0.195953 -1.000000
v -0.091359 -0.221828 -0.812500
v -0.130084 -0.195953 -0.812500
v -0.168809 -0.170077 -0.812500
v -0.194685 -0.131352 -0.875000
v -0.194685 -0.131352 -0.812500
v -0.220560 -0.092627 -0.937500
v -0.229646 -0.046948 -1.000000
v -0.220560 -0.092627 -0.812500
v -0.229646 -0.046948 -0.812500
v -0.238732 -0.001268 -0.812500
v -0.229646 0.044411 -0.875000
v -0.229646 0.044411 -0.812500
v -0.220560 0.090091 -0.937500
v -0.194685 0.128816 -1.000000
v -0.220560 0.090091 -0.812500
v -0.194685 0.128816 -0.812500
v -0.168809 0.167542 -0.812500
v -0.130084 0.193417 -0.875000
v -0.130084 0.193417 -0.812500
v -0.091359 0.219292 -0.937500
v -0.045679 0.228378 -1.000000
v -0.091359 0.219292 -0.812500
v -0.045679 0.228378 -0.812500
v 0.000000 0.237465 -0.812500
v 0.045679 0.228378 -1.000000
v 0.045679 0.228378 -0.937500
v 0.045679 0.228378 -0.750000
v 0.045679 0.228378 -0.687500
v 0.045679 0.228378 -0.500000
v 0.045679 0.228378 -0.437500
v 0.045679 0.228378 -0.250000
v 0.045679 0.228378 -0.187500
v 0.045679 0.228379 -0.000000
v 0.045679 0.228379 0.062500
v 0.045679 0.228379 0.250000
v 0.045679 0.228379 0.312500
v 0.045679 0.228379 0.500000
v 0.045679 0.228379 0.562500
v 0.045679 0.228379 0.750000
v 0.045679 0.228379 0.812500
v 0.045679 0.228379 0.875000
v 0.045679 0.228379 0.937500
v 0.045679 0.228379 1.000000
v 0.045679 0.228379 0.625000
v 0.045679 0.228379 0.687500
v 0.045679 0.228379 0.375000
v 0.045679 0.228379 0.437500
v 0.045679 0.228379 0.125000
v 0.045679 0.228379 0.187500
v 0.045679 0.228378 -0.125000
v 0.045679 0.228379 -0.062500
v 0.045679 0.228378 -0.375000
v 0.045679 0.228378 -0.312500
v 0.045679 0.228378 -0.625000
v 0.045679 0.228378 -0.562500
v 0.045679 0.228378 -0.875000
v 0.045679 0.228378 -0.812500
v -0.068519 0.223835 -0.906250
v 0.000000 0.237465 -0.906250
v -0.022840 0.232922 -0.875000
v -0.168809 0.167542 -0.906250
v -0.110721 0.206354 -1.000000
v -0.110721 0.206354 -0.968750
v -0.207622 0.109454 -0.906250
v -0.207622 0.109454 -0.875000
v -0.238732 -0.001268 -0.906250
v -0.225103 0.067251 -1.000000
v -0.225103 0.067251 -0.968750
v -0.225103 -0.069787 -0.906250
v -0.225103 -0.069787 -0.875000
v -0.168809 -0.170077 -0.906250
v -0.207622 -0.111990 -1.000000
v -0.207622 -0.111990 -0.968750
v -0.110721 -0.208890 -0.906250
v -0.110721 -0.208890 -0.875000
v 0.000000 -0.240000 -0.906250
v -0.068519 -0.226371 -1.000000
v -0.068519 -0.226371 -0.968750
v 0.068519 -0.226371 -0.906250
v 0.068519 -0.226371 -0.875000
v 0.168809 -0.170077 -0.906250
v 0.110721 -0.208890 -1.000000
v 0.110721 -0.208890 -0.968750
v 0.207622 -0.111990 -0.906250
v 0.207622 -0.111990 -0.875000
v 0.238732 -0.001268 -0.906250
v 0.225103 -0.069787 -1.000000
v 0.225103 -0.069787 -0.968750
v 0.225103 0.067251 -0.906250
v 0.225103 0.067251 -0.875000
v 0.168809 0.167542 -0.906250
v 0.207622 0.109454 -1.000000
v 0.207622 0.109454 -0.968750
v 0.110721 0.206354 -0.906250
v 0.110721 0.206354 -0.875000
v -0.068519 0.223835 -0.656250
v 0.000000 0.237465 -0.656250
v -0.022840 0.232922 -0.625000
v -0.168809 0.167542 -0.656250
v -0.110721 0.206354 -0.750000
v -0.149446 0.180479 -0.656250
v -0.207622 0.109454 -0.656250
v -0.207622 0.109454 -0.625000
v -0.238732 -0.001268 -0.656250
v -0.225103 0.067251 -0.750000
v -0.234189 0.021572 -0.656250
v -0.225103 -0.069787 -0.656250
v -0.225103 -0.069787 -0.625000
v -0.168809 -0.170077 -0.656250
v -0.207622 -0.111990 -0.750000
v -0.181747 -0.150715 -0.656250
v -0.110721 -0.208890 -0.656250
v -0.110721 -0.208890 -0.625000
v 0.000000 -0.240000 -0.656250
v -0.068519 -0.226371 -0.750000
v -0.022840 -0.235457 -0.656250
v 0.068519 -0.226371 -0.656250
v 0.068519 -0.226371 -0.625000
v 0.168809 -0.170077 -0.656250
v 0.110721 -0.208890 -0.750000
v 0.149446 -0.183015 -0.656250
v 0.207622 -0.111990 -0.656250
v 0.207622 -0.111990 -0.625000
v 0.238732 -0.001268 -0.656250
v 0.225103 -0.069787 -0.750000
v 0.234189 -0.024108 -0.656250
v 0.225103 0.067251 -0.656250
v 0.225103 0.067251 -0.625000
v 0.168809 0.167542 -0.656250
v 0.207622 0.109454 -0.750000
v 0.181747 0.148179 -0.656250
v 0.110721 0.206354 -0.656250
v 0.110721 0.206354 -0.625000
v -0.068519 0.223835 -0.406250
v 0.000000 0.237465 -0.406250
v -0.022840 0.232922 -0.375000
v -0.168809 0.167542 -0.406250
v -0.110721 0.206354 -0.500000
v -0.149446 0.180479 -0.406250
v -0.207622 0.109454 -0.406250
v -0.207622 0.109454 -0.375000
v -0.238732 -0.001268 -0.406250
v -0.225103 0.067251 -0.500000
v -0.234189 0.021572 -0.406250
v -0.225103 -0.069787 -0.406250
v -0.225103 -0.069787 -0.375000
v -0.168809 -0.170077 -0.406250
v -0.207622 -0.111990 -0.500000
v -0.181747 -0.150715 -0.406250
v -0.110721 -0.208890 -0.406250
v -0.110721 -0.208890 -0.375000
v 0.000000 -0.240000 -0.406250
v -0.068519 -0.226371 -0.500000
v -0.022840 -0.235457 -0.406250
v 0.068519 -0.226371 -0.406250
v 0.068519 -0.226371 -0.375000
v 0.168809 -0.170077 -0.406250
v 0.110721 -0.208890 -0.500000
v 0.149446 -0.183015 -0.406250
v 0.207622 -0.111990 -0.406250
v 0.207622 -0.111990 -0.375000
v 0.238732 -0.001268 -0.406250
v 0.225103 -0.069787 -0.500000
v 0.234189 -0.024108 -0.406250
v 0.225103 0.067251 -0.406250
v 0.225103 0.067251 -0.375000
v 0.168809 0.167542 -0.406250
v 0.207622 0.109454 -0.500000
v 0.181747 0.148179 -0.406250
v 0.110721 0.206354 -0.406250
v 0.110721 0.206354 -0.375000
v -0.068519 0.223835 -0.156250
v 0.000000 0.237465 -0.156250
v -0.022840 0.232922 -0.125000
v -0.168809 0.167542 -0.156250
v -0.110721 0.206354 -0.250000
v -0.149446 0.180479 -0.156250
v -0.207622 0.109454 -0.156250
v -0.207622 0.109454 -0.125000
v -0.238732 -0.001268 -0.156250
v -0.225103 0.067251 -0.250000
v -0.234189 0.021572 -0.156250
v -0.225103 -0.069787 -0.156250
v -0.225103 -0.069787 -0.125000
v -0.168809 -0.170077 -0.156250
v -0.207622 -0.111990 -0.250000
v -0.181747 -0.150715 -0.156250
v -0.110721 -0.208890 -0.156250
v -0.110721 -0.208890 -0.125000
v 0.000000 -0.240000 -0.156250
v -0.068519 -0.226371 -0.250000
v -0.022840 -0.235457 -0.156250
v 0.068519 -0.226371 -0.156250
v 0.068519 -0.226371 -0.125000
v 0.168809 -0.170077 -0.156250
v 0.110721 -0.208890 -0.250000
v 0.149446 -0.183015 -0.156250
v 0.207622 -0.111990 -0.156250
v 0.207622 -0.111990 -0.125000
v 0.238732 -0.001268 -0.156250
v 0.225103 -0.069787 -0.250000
v 0.234189 -0.024108 -0.156250
v 0.225103 0.067251 -0.156250
v 0.225103 0.067251 -0.125000
v 0.168809 0.167542 -0.156250
v 0.207622 0.109454 -0.250000
v 0.181747 0.148179 -0.156250
v 0.110721 0.206354 -0.156250
v 0.110721 0.206354 -0.125000
v -0.068519 0.223835 0.093750
v 0.000000 0.237465 0.093750
v -0.022840 0.232922 0.125000
v -0.168809 0.167542 0.093750
v -0.110721 0.206354 -0.000000
v -0.149446 0.180479 0.093750
v -0.207622 0.109454 0.093750
v -0.207622 0.109454 0.125000
v -0.238732 -0.001268 0.093750
v -0.225103 0.067251 -0.000000
v -0.234189 0.021572 0.093750
v -0.225103 -0.069787 0.093750
v -0.225103 -0.069787 0.125000
v -0.168809 -0.170077 0.093750
v -0.207622 -0.111989 0.000000
v -0.181747 -0.150714 0.093750
v -0.110721 -0.208890 0.093750
v -0.110721 -0.208890 0.125000
v 0.000000 -0.240000 0.093750
v -0.068519 -0.226371 0.000000
v -0.022840 -0.235457 0.093750
v 0.068519 -0.226371 0.093750
v 0.068519 -0.226371 0.125000
v 0.168809 -0.170077 0.093750
v 0.110721 -0.208890 0.000000
v 0.149446 -0.183015 0.093750
v 0.207622 -0.111989 0.093750
v 0.207622 -0.111989 0.125000
v 0.238732 -0.001268 0.093750
v 0.225103 -0.069787 0.000000
v 0.234189 -0.024108 0.093750
v 0.225103 0.067251 0.093750
v 0.225103 0.067251 0.125000
v 0.168809 0.167542 0.093750
v 0.207622 0.109454 -0.000000
v 0.181747 0.148179 0.093750
v 0.110721 0.206354 0.093750
v 0.110721 0.206355 0.125000
v -0.068519 0.223835 0.343750
v 0.000000 0.237465 0.343750
v -0.022840 0.232922 0.375000
v -0.168809 0.167542 0.343750
v -0.110721 0.206355 0.250000
v -0.149446 0.180480 0.343750
v -0.207622 0.109454 0.343750
v -0.207622 0.109454 0.375000
v -0.238732 -0.001268 0.343750
v -0.225103 0.067251 0.250000
v -0.234189 0.021572 0.343750
v -0.225103 -0.069787 0.343750
v -0.225103 -0.069787 0.375000
v -0.168809 -0.170077 0.343750
v -0.207622 -0.111989 0.250000
v -0.181747 -0.150714 0.343750
v -0.110721 -0.208890 0.343750
v -0.110721 -0.208890 0.375000
v 0.000000 -0.240000 0.343750
v -0.068519 -0.226371 0.250000
v -0.022840 -0.235457 0.343750
v 0.068519 -0.226371 0.343750
v 0.068519 -0.226371 0.375000
v 0.168809 -0.170077 0.343750
v 0.110721 -0.208890 0.250000
v 0.149446 -0.183015 0.343750
v 0.207622 -0.111989 0.343750
v 0.207622 -0.111989 0.375000
v 0.238732 -0.001268 0.343750
v 0.225103 -0.069787 0.250000
v 0.234189 -0.024108 0.343750
v 0.225103 0.067251 0.343750
v 0.225103 0.067251 0.375000
v 0.168809 0.167542 0.343750
v 0.207622 0.109454 0.250000
v 0.181747 0.148179 0.343750
v 0.110721 0.206355 0.343750
v 0.110721 0.206355 0.375000
v -0.068519 0.223835 0.593750
v 0.000000 0.237465 0.593750
v -0.022840 0.232922 0.625000
v -0.168809 0.167542 0.593750
v -0.110721 0.206355 0.500000
v -0.149446 0.180480 0.593750
v -0.207622 0.109454 0.593750
v -0.207622 0.109454 0.625000
v -0.238732 -0.001268 0.593750
v -0.225103 0.067251 0.500000
v -0.234189 0.021572 0.593750
v -0.225103 -0.069787 0.593750
v -0.225103 -0.069787 0.625000
v -0.168809 -0.170077 0.593750
v -0.207622 -0.111989 0.500000
v -0.181747 -0.150714 0.593750
v -0.110721 -0.208890 0.593750
v -0.110721 -0.208890 0.625000
v 0.000000 -0.240000 0.593750
v -0.068519 -0.226371 0.500000
v -0.022840 -0.235457 0.593750
v 0.068519 -0.226371 0.593750
v 0.068519 -0.226371 0.625000
v 0.168809 -0.170077 0.593750
v 0.110721 -0.208890 0.500000
v 0.149446 -0.183015 0.593750
v 0.207622 -0.111989 0.593750
v 0.207622 -0.111989 0.625000
v 0.238732 -0.001268 0.593750
v 0.225103 -0.069787 0.500000
v 0.234189 -0.024108 0.593750
v 0.225103 0.067251 0.593750
v 0.225103 0.067251 0.625000
v 0.168809 0.167542 0.593750
v 0.207622 0.109454 0.500000
v 0.181747 0.148179 0.593750
v 0.110721 0.206355 0.593750
v 0.110721 0.206355 0.625000
v -0.068519 0.223835 0.843750
v 0.000000 0.237465 0.843750
v -0.022840 0.232922 0.875000
v -0.168809 0.167542 0.843750
v -0.110721 0.206355 0.750000
v -0.149446 0.180480 0.843750
v -0.207622 0.109454 0.843750
v -0.207622 0.109454 0.875000
v -0.238732 -0.001268 0.843750
v -0.225103 0.067251 0.750000
v -0.234189 0.021572 0.843750
v -0.225103 -0.069787 0.843750
v -0.225103 -0.069787 0.875000
v -0.168809 -0.170077 0.843750
v -0.207622 -0.111989 0.750000
v -0.181747 -0.150714 0.843750
v -0.110721 -0.208890 0.843750
v -0.110721 -0.208890 0.875000
v 0.000000 -0.240000 0.843750
v -0.068519 -0.226371 0.750000
v -0.022840 -0.235457 0.843750
v 0.068519 -0.226371 0.843750
v 0.068519 -0.226371 0.875000
v 0.168809 -0.170077 0.843750
v 0.110721 -0.208890 0.750000
v 0.149446 -0.183015 0.843750
v 0.207622 -0.111989 0.843750
v 0.207622 -0.111989 0.875000
v 0.238732 -0.001268 0.843750
v 0.225103 -0.069787 0.750000
v 0.234189 -0.024108 0.843750
v 0.225103 0.067251 0.843750
v 0.225103 0.067251 0.875000
v 0.168809 0.167542 0.843750
v 0.207622 0.109454 0.750000
v 0.181747 0.148179 0.843750
v 0.110721 0.206355 0.843750
v 0.110721 0.206355 0.875000
v 0.091359 0.219292 0.843750
v 0.110721 0.206355 0.750000
v 0.091359 0.219292 0.968750
v 0.110721 0.206355 0.968750
v 0.168809 0.167542 0.906250
v 0.110721 0.206355 1.000000
v 0.181747 0.148179 0.875000
v 0.207622 0.109454 0.906250
v 0.220560 0.090091 0.843750
v 0.225103 0.067251 0.750000
v 0.220560 0.090091 0.968750
v 0.207622 0.109454 1.000000
v 0.225103 0.067251 0.968750
v 0.238732 -0.001268 0.906250
v 0.225103 0.067251 1.000000
v 0.234189 -0.024108 0.875000
v 0.225103 -0.069787 0.906250
v 0.220560 -0.092627 0.843750
v 0.207622 -0.111989 0.750000
v 0.220560 -0.092626 0.968750
v 0.225103 -0.069786 1.000000
v 0.207622 -0.111989 0.968750
v 0.168809 -0.170077 0.906250
v 0.207622 -0.111989 1.000000
v 0.149446 -0.183015 0.875000
v 0.110721 -0.208890 0.906250
v 0.091359 -0.221828 0.843750
v 0.068519 -0.226371 0.750000
v 0.091359 -0.221828 0.968750
v 0.110721 -0.208890 1.000000
v 0.068519 -0.226371 0.968750
v 0.000000 -0.240000 0.906250
v 0.068519 -0.226371 1.000000
v -0.022840 -0.235457 0.875000
v -0.068519 -0.226371 0.906250
v -0.091359 -0.221828 0.843750
v -0.110721 -0.208890 0.750000
v -0.091359 -0.221828 0.968750
v -0.068519 -0.226371 1.000000
v -0.110721 -0.208890 0.968750
v -0.168809 -0.170077 0.906250
v -0.110721 -0.208890 1.000000
v -0.181747 -0.150714 0.875000
v -0.207622 -0.111989 0.906250
v -0.220560 -0.092627 0.843750
v -0.225103 -0.069787 0.750000
v -0.220560 -0.092626 0.968750
v -0.207622 -0.111989 1.000000
v -0.225103 -0.069786 0.968750
v -0.238732 -0.001268 0.906250
v -0.225103 -0.069786 1.000000
v -0.234189 0.021572 0.875000
v -0.225103 0.067251 0.906250
v -0.220560 0.090091 0.843750
v -0.207622 0.109454 0.750000
v -0.220560 0.090091 0.968750
v -0.225103 0.067251 1.000000
v -0.207622 0.109454 0.968750
v -0.168809 0.167542 0.906250
v -0.207622 0.109454 1.000000
v -0.149446 0.180480 0.875000
v -0.110721 0.206355 0.906250
v -0.091359 0.219292 0.843750
v -0.068519 0.223835 0.750000
v -0.091359 0.219292 0.968750
v -0.110721 0.206355 1.000000
v -0.068519 0.223835 0.968750
v 0.000000 0.237465 0.906250
v -0.068519 0.223835 1.000000
v 0.091359 0.219292 0.593750
v 0.110721 0.206355 0.500000
v 0.091359 0.219292 0.718750
v 0.110721 0.206355 0.718750
v 0.168809 0.167542 0.656250
v 0.181747 0.148179 0.625000
v 0.207622 0.109454 0.656250
v 0.220560 0.090091 0.593750
v 0.225103 0.067251 0.500000
v 0.220560 0.090091 0.718750
v 0.225103 0.067251 0.718750
v 0.238732 -0.001268 0.656250
v 0.234189 -0.024108 0.625000
v 0.225103 -0.069787 0.656250
v 0.220560 -0.092627 0.593750
v 0.207622 -0.111989 0.500000
v 0.220560 -0.092627 0.718750
v 0.207622 -0.111989 0.718750
v 0.168809 -0.170077 0.656250
v 0.149446 -0.183015 0.625000
v 0.110721 -0.208890 0.656250
v 0.091359 -0.221828 0.593750
v 0.068519 -0.226371 0.500000
v 0.091359 -0.221828 0.718750
v 0.068519 -0.226371 0.718750
v 0.000000 -0.240000 0.656250
v -0.022840 -0.235457 0.625000
v -0.068519 -0.226371 0.656250
v -0.091359 -0.221828 0.593750
v -0.110721 -0.208890 0.500000
v -0.091359 -0.221828 0.718750
v -0.110721 -0.208890 0.718750
v -0.168809 -0.170077 0.656250
v -0.181747 -0.150714 0.625000
v -0.207622 -0.111989 0.656250
v -0.220560 -0.092627 0.593750
v -0.225103 -0.069787 0.500000
v -0.220560 -0.092627 0.718750
v -0.225103 -0.069787 0.718750
v -0.238732 -0.001268 0.656250
v -0.234189 0.021572 0.625000
v -0.225103 0.067251 0.656250
v -0.220560 0.090091 0.593750
v -0.207622 0.109454 0.500000
v -0.220560 0.090091 0.718750
v -0.207622 0.109454 0.718750
v -0.168809 0.167542 0.656250
v -0.149446 0.180480 0.625000
v -0.110721 0.206355 0.656250
v -0.091359 0.219292 0.593750
v -0.068519 0.223835 0.500000
v -0.091359 0.219292 0.718750
v -0.068519 0.223835 0.718750
v 0.000000 0.237465 0.656250
v 0.091359 0.219292 0.343750
v 0.110721 0.206355 0.250000
v 0.091359 0.219292 0.468750
v 0.110721 0.206355 0.468750
v 0.168809 0.167542 0.406250
v 0.181747 0.148179 0.375000
v 0.207622 0.109454 0.406250
v 0.220560 0.090091 0.343750
v 0.225103 0.067251 0.250000
v 0.220560 0.090091 0.468750
v 0.225103 0.067251 0.468750
v 0.238732 -0.001268 0.406250
v 0.234189 -0.024108 0.375000
v 0.225103 -0.069787 0.406250
v 0.220560 -0.092627 0.343750
v 0.207622 -0.111989 0.250000
v 0.220560 -0.092627 0.468750
v 0.207622 -0.111989 0.468750
v 0.168809 -0.170077 0.406250
v 0.149446 -0.183015 0.375000
v 0.110721 -0.208890 0.406250
v 0.091359 -0.221828 0.343750
v 0.068519 -0.226371 0.250000
v 0.091359 -0.221828 0.468750
v 0.068519 -0.226371 0.468750
v 0.000000 -0.240000 0.406250
v -0.022840 -0.235457 0.375000
v -0.068519 -0.226371 0.406250
v -0.091359 -0.221828 0.343750
v -0.110721 -0.208890 0.250000
v -0.091359 -0.221828 0.468750
v -0.110721 -0.208890 0.468750
v -0.168809 -0.170077 0.406250
v -0.181747 -0.150714 0.375000
v -0.207622 -0.111989 0.406250
v -0.220560 -0.092627 0.343750
v -0.225103 -0.069787 0.250000
v -0.220560 -0.092627 0.468750
v -0.225103 -0.069787 0.468750
v -0.238732 -0.001268 0.406250
v -0.234189 0.021572 0.375000
v -0.225103 0.067251 0.406250
v -0.220560 0.090091 0.343750
v -0.207622 0.109454 0.250000
v -0.220560 0.090091 0.468750
v -0.207622 0.109454 0.468750
v -0.168809 0.167542 0.406250
v -0.149446 0.180480 0.375000
v -0.110721 0.206355 0.406250
v -0.091359 0.219292 0.343750
v -0.068519 0.223835 0.250000
v -0.091359 0.219292 0.468750
v -0.068519 0.223835 0.468750
v 0.000000 0.237465 0.406250
v 0.091359 0.219292 0.093750
v 0.110721 0.206354 -0.000000
v 0.091359 0.219292 0.218750
v 0.110721 0.206355 0.218750
v 0.168809 0.167542 0.156250
v 0.181747 0.148179 0.125000
v 0.207622 0.109454 0.156250
v 0.220560 0.090091 0.093750
v 0.225103 0.067251 -0.000000
v 0.220560 0.090091 0.218750
v 0.225103 0.067251 0.218750
v 0.238732 -0.001268 0.156250
v 0.234189 -0.024108 0.125000
v 0.225103 -0.069787 0.156250
v 0.220560 -0.092627 0.093750
v 0.207622 -0.111989 0.000000
v 0.220560 -0.092627 0.218750
v 0.207622 -0.111989 0.218750
v 0.168809 -0.170077 0.156250
v 0.149446 -0.183015 0.125000
v 0.110721 -0.208890 0.156250
v 0.091359 -0.221828 0.093750
v 0.068519 -0.226371 0.000000
v 0.091359 -0.221828 0.218750
v 0.068519 -0.226371 0.218750
v 0.000000 -0.240000 0.156250
v -0.022840 -0.235457 0.125000
v -0.068519 -0.226371 0.156250
v -0.091359 -0.221828 0.093750
v -0.110721 -0.208890 0.000000
v -0.091359 -0.221828 0.218750
v -0.110721 -0.208890 0.218750
v -0.168809 -0.170077 0.156250
v -0.181747 -0.150714 0.125000
v -0.207622 -0.111989 0.156250
v -0.220560 -0.092627 0.093750
v -0.225103 -0.069787 0.000000
v -0.220560 -0.092627 0.218750
v -0.225103 -0.069787 0.218750
v -0.238732 -0.001268 0.156250
v -0.234189 0.021572 0.125000
v -0.225103 0.067251 0.156250
v -0.220560 0.090091 0.093750
v -0.207622 0.109454 -0.000000
v -0.220560 0.090091 0.218750
v -0.207622 0.109454 0.218750
v -0.168809 0.167542 0.156250
v -0.149446 0.180480 0.125000
v -0.110721 0.206355 0.156250
v -0.091359 0.219292 0.093750
v -0.068519 0.223835 -0.000000
v -0.091359 0.219292 0.218750
v -0.068519 0.223835 0.218750
v 0.000000 0.237465 0.156250
v 0.091359 0.219292 -0.156250
v 0.110721 0.206354 -0.250000
v 0.091359 0.219292 -0.031250
v 0.110721 0.206354 -0.031250
v 0.168809 0.167542 -0.093750
v 0.181747 0.148179 -0.125000
v 0.207622 0.109454 -0.093750
v 0.220560 0.090091 -0.156250
v 0.225103 0.067251 -0.250000
v 0.220560 0.090091 -0.031250
v 0.225103 0.067251 -0.031250
v 0.238732 -0.001268 -0.093750
v 0.234189 -0.024108 -0.125000
v 0.225103 -0.069787 -0.093750
v 0.220560 -0.092627 -0.156250
v 0.207622 -0.111990 -0.250000
v 0.220560 -0.092627 -0.031250
v 0.207622 -0.111989 -0.031250
v 0.168809 -0.170077 -0.093750
v 0.149446 -0.183015 -0.125000
v 0.110721 -0.208890 -0.093750
v 0.091359 -0.221828 -0.156250
v 0.068519 -0.226371 -0.250000
v 0.091359 -0.221828 -0.031250
v 0.068519 -0.226371 -0.031250
v 0.000000 -0.240000 -0.093750
v -0.022840 -0.235457 -0.125000
v -0.068519 -0.226371 -0.093750
v -0.091359 -0.221828 -0.156250
v -0.110721 -0.208890 -0.250000
v -0.091359 -0.221828 -0.031250
v -0.110721 -0.208890 -0.031250
v -0.168809 -0.170077 -0.093750
v -0.181747 -0.150715 -0.125000
v -0.207622 -0.111990 -0.093750
v -0.220560 -0.092627 -0.156250
v -0.225103 -0.069787 -0.250000
v -0.220560 -0.092627 -0.031250
v -0.225103 -0.069787 -0.031250
v -0.238732 -0.001268 -0.093750
v -0.234189 0.021572 -0.125000
v -0.225103 0.067251 -0.093750
v -0.220560 0.090091 -0.156250
v -0.207622 0.109454 -0.250000
v -0.220560 0.090091 -0.031250
v -0.207622 0.109454 -0.031250
v -0.168809 0.167542 -0.093750
v -0.149446 0.180479 -0.125000
v -0.110721 0.206354 -0.093750
v -0.091359 0.219292 -0.156250
v -0.068519 0.223835 -0.250000
v -0.091359 0.219292 -0.031250
v -0.068519 0.223835 -0.031250
v 0.000000 0.237465 -0.093750
v 0.091359 0.219292 -0.406250
v 0.110721 0.206354 -0.500000
v 0.091359 0.219292 -0.281250
v 0.110721 0.206354 -0.281250
v 0.168809 0.167542 -0.343750
v 0.181747 0.148179 -0.375000
v 0.207622 0.109454 -0.343750
v 0.220560 0.090091 -0.406250
v 0.225103 0.067251 -0.500000
v 0.220560 0.090091 -0.281250
v 0.225103 0.067251 -0.281250
v 0.238732 -0.001268 -0.343750
v 0.234189 -0.024108 -0.375000
v 0.225103 -0.069787 -0.343750
v 0.220560 -0.092627 -0.406250
v 0.207622 -0.111990 -0.500000
v 0.220560 -0.092627 -0.281250
v 0.207622 -0.111990 -0.281250
v 0.168809 -0.170077 -0.343750
v 0.149446 -0.183015 -0.375000
v 0.110721 -0.208890 -0.343750
v 0.091359 -0.221828 -0.406250
v 0.068519 -0.226371 -0.500000
v 0.091359 -0.221828 -0.281250
v 0.068519 -0.226371 -0.281250
v 0.000000 -0.240000 -0.343750
v -0.022840 -0.235457 -0.375000
v -0.068519 -0.226371 -0.343750
v -0.091359 -0.221828 -0.406250
v -0.110721 -0.208890 -0.500000
v -0.091359 -0.221828 -0.281250
v -0.110721 -0.208890 -0.281250
v -0.168809 -0.170077 -0.343750
v -0.181747 -0.150715 -0.375000
v -0.207622 -0.111990 -0.343750
v -0.220560 -0.092627 -0.406250
v -0.225103 -0.069787 -0.500000
v -0.220560 -0.092627 -0.281250
v -0.225103 -0.069787 -0.281250
v -0.238732 -0.001268 -0.343750
v -0.234189 0.021572 -0.375000
v -0.225103 0.067251 -0.343750
v -0.220560 0.090091 -0.406250
v -0.207622 0.109454 -0.500000
v -0.220560 0.090091 -0.281250
v -0.207622 0.109454 -0.281250
v -0.168809 0.167542 -0.343750
v -0.149446 0.180479 -0.375000
v -0.110721 0.206354 -0.343750
v -0.091359 0.219292 -0.406250
v -0.068519 0.223835 -0.500000
v -0.091359 0.219292 -0.281250
v -0.068519 0.223835 -0.281250
v 0.000000 0.237465 -0.343750
v 0.091359 0.219292 -0.656250
v 0.110721 0.206354 -0.750000
v 0.091359 0.219292 -0.531250
v 0.110721 0.206354 -0.531250
v 0.168809 0.167542 -0.593750
v 0.181747 0.148179 -0.625000
v 0.207622 0.109454 -0.593750
v 0.220560 0.090091 -0.656250
v 0.225103 0.067251 -0.750000
v 0.220560 0.090091 -0.531250
v 0.225103 0.067251 -0.531250
v 0.238732 -0.001268 -0.593750
v 0.234189 -0.024108 -0.625000
v 0.225103 -0.069787 -0.593750
v 0.220560 -0.092627 -0.656250
v 0.207622 -0.111990 -0.750000
v 0.220560 -0.092627 -0.531250
v 0.207622 -0.111990 -0.531250
v 0.168809 -0.170077 -0.593750
v 0.149446 -0.183015 -0.625000
v 0.110721 -0.208890 -0.593750
v 0.091359 -0.221828 -0.656250
v 0.068519 -0.226371 -0.750000
v 0.091359 -0.221828 -0.531250
v 0.068519 -0.226371 -0.531250
v 0.000000 -0.240000 -0.593750
v -0.022840 -0.235457 -0.625000
v -0.068519 -0.226371 -0.593750
v -0.091359 -0.221828 -0.656250
v -0.110721 -0.208890 -0.750000
v -0.091359 -0.221828 -0.531250
v -0.110721 -0.208890 -0.531250
v -0.168809 -0.170077 -0.593750
v -0.181747 -0.150715 -0.625000
v -0.207622 -0.111990 -0.593750
v -0.220560 -0.092627 -0.656250
v -0.225103 -0.069787 -0.750000
v -0.220560 -0.092627 -0.531250
v -0.225103 -0.069787 -0.531250
v -0.238732 -0.001268 -0.593750
v -0.234189 0.021572 -0.625000
v -0.225103 0.067251 -0.593750
v -0.220560 0.090091 -0.656250
v -0.207622 0.109454 -0.750000
v -0.220560 0.090091 -0.531250
v -0.207622 0.109454 -0.531250
v -0.168809 0.167542 -0.593750
v -0.149446 0.180479 -0.625000
v -0.110721 0.206354 -0.593750
v -0.091359 0.219292 -0.656250
v -0.068519 0.223835 -0.750000
v -0.091359 0.219292 -0.531250
v -0.068519 0.223835 -0.531250
v 0.000000 0.237465 -0.593750
v 0.091359 0.219292 -0.968750
v 0.110721 0.206354 -1.000000
v 0.091359 0.219292 -0.781250
v 0.110721 0.206354 -0.781250
v 0.168809 0.167542 -0.843750
v 0.181747 0.148179 -0.875000
v 0.207622 0.109454 -0.843750
v 0.220560 0.090091 -0.968750
v 0.225103 0.067251 -1.000000
v 0.220560 0.090091 -0.781250
v 0.225103 0.067251 -0.781250
v 0.238732 -0.001268 -0.843750
v 0.234189 -0.024108 -0.875000
v 0.225103 -0.069787 -0.843750
v 0.220560 -0.092627 -0.968750
v 0.207622 -0.111990 -1.000000
v 0.220560 -0.092627 -0.781250
v 0.207622 -0.111990 -0.781250
v 0.168809 -0.170077 -0.843750
v 0.149446 -0.183015 -0.875000
v 0.110721 -0.208890 -0.843750
v 0.091359 -0.221828 -0.968750
v 0.068519 -0.226371 -1.000000
v 0.091359 -0.221828 -0.781250
v 0.068519 -0.226371 -0.781250
v 0.000000 -0.240000 -0.843750
v -0.022840 -0.235457 -0.875000
v -0.068519 -0.226371 -0.843750
v -0.091359 -0.221828 -0.968750
v -0.110721 -0.208890 -1.000000
v -0.091359 -0.221828 -0.781250
v -0.110721 -0.208890 -0.781250
v -0.168809 -0.170077 -0.843750
v -0.181747 -0.150715 -0.875000
v -0.207622 -0.111990 -0.843750
v -0.220560 -0.092627 -0.968750
v -0.225103 -0.069787 -1.000000
v -0.220560 -0.092627 -0.781250
v -0.225103 -0.069787 -0.781250
v -0.238732 -0.001268 -0.843750
v -0.234189 0.021572 -0.875000
v -0.225103 0.067251 -0.843750
v -0.220560 0.090091 -0.968750
v -0.207622 0.109454 -1.000000
v -0.220560 0.090091 -0.781250
v -0.207622 0.109454 -0.781250
v -0.168809 0.167542 -0.843750
v -0.149446 0.180479 -0.875000
v -0.110721 0.206354 -0.843750
v -0.091359 0.219292 -0.968750
v -0.068519 0.223835 -1.000000
v -0.091359 0.219292 -0.781250
v -0.068519 0.223835 -0.781250
v 0.000000 0.237465 -0.843750
v 0.068519 0.223835 -1.000000
v 0.068519 0.223835 -0.968750
v 0.068519 0.223835 -0.750000
v 0.022840 0.232922 -0.656250
v 0.068519 0.223835 -0.500000
v 0.022840 0.232922 -0.406250
v 0.068519 0.223835 -0.250000
v 0.022840 0.232922 -0.156250
v 0.068519 0.223835 -0.000000
v 0.022840 0.232922 0.093750
v 0.068519 0.223835 0.250000
v 0.022840 0.232922 0.343750
v 0.068519 0.223835 0.500000
v 0.022840 0.232922 0.593750
v 0.068519 0.223835 0.750000
v 0.022840 0.232922 0.843750
v 0.022840 0.232922 0.875000
v 0.068519 0.223835 0.906250
v 0.068519 0.223835 1.000000
v 0.022840 0.232922 0.625000
v 0.068519 0.223835 0.656250
v 0.022840 0.232922 0.375000
v 0.068519 0.223835 0.406250
v 0.022840 0.232922 0.125000
v 0.068519 0.223835 0.156250
v 0.022840 0.232922 -0.125000
v 0.068519 0.223835 -0.093750
v 0.022840 0.232922 -0.375000
v 0.068519 0.223835 -0.343750
v 0.022840 0.232922 -0.625000
v 0.068519 0.223835 -0.593750
v 0.022840 0.232922 -0.875000
v 0.068519 0.223835 -0.843750
v -0.022840 0.232922 -0.968750
v 0.000000 0.237465 -0.968750
v -0.068519 0.223835 -0.875000
v -0.168809 0.167542 -0.968750
v -0.149446 0.180479 -1.000000
v -0.149446 0.180479 -0.906250
v -0.181747 0.148179 -0.968750
v -0.181747 0.148179 -0.875000
v -0.238732 -0.001268 -0.968750
v -0.234189 0.021572 -1.000000
v -0.234189 0.021572 -0.906250
v -0.234189 -0.024108 -0.968750
v -0.234189 -0.024108 -0.875000
v -0.168809 -0.170077 -0.968750
v -0.181747 -0.150715 -1.000000
v -0.181747 -0.150715 -0.906250
v -0.149446 -0.183015 -0.968750
v -0.149446 -0.183015 -0.875000
v 0.000000 -0.240000 -0.968750
v -0.022840 -0.235457 -1.000000
v -0.022840 -0.235457 -0.906250
v 0.022840 -0.235457 -0.968750
v 0.022840 -0.235457 -0.875000
v 0.168809 -0.170077 -0.968750
v 0.149446 -0.183015 -1.000000
v 0.149446 -0.183015 -0.906250
v 0.181747 -0.150715 -0.968750
v 0.181747 -0.150715 -0.875000
v 0.238732 -0.001268 -0.968750
v 0.234189 -0.024108 -1.000000
v 0.234189 -0.024108 -0.906250
v 0.234189 0.021572 -0.968750
v 0.234189 0.021572 -0.875000
v 0.168809 0.167542 -0.968750
v 0.181747 0.148179 -1.000000
v 0.181747 0.148179 -0.906250
v 0.149446 0.180479 -0.968750
v 0.149446 0.180479 -0.875000
v -0.022840 0.232922 -0.718750
v 0.000000 0.237465 -0.718750
v -0.068519 0.223835 -0.625000
v -0.168809 0.167542 -0.718750
v -0.149446 0.180479 -0.750000
v -0.110721 0.206354 -0.718750
v -0.181747 0.148179 -0.718750
v -0.181747 0.148179 -0.625000
v -0.238732 -0.001268 -0.718750
v -0.234189 0.021572 -0.750000
v -0.225103 0.067251 -0.718750
v -0.234189 -0.024108 -0.718750
v -0.234189 -0.024108 -0.625000
v -0.168809 -0.170077 -0.718750
v -0.181747 -0.150715 -0.750000
v -0.207622 -0.111990 -0.718750
v -0.149446 -0.183015 -0.718750
v -0.149446 -0.183015 -0.625000
v 0.000000 -0.240000 -0.718750
v -0.022840 -0.235457 -0.750000
v -0.068519 -0.226371 -0.718750
v 0.022840 -0.235457 -0.718750
v 0.022840 -0.235457 -0.625000
v 0.168809 -0.170077 -0.718750
v 0.149446 -0.183015 -0.750000
v 0.110721 -0.208890 -0.718750
v 0.181747 -0.150715 -0.718750
v 0.181747 -0.150715 -0.625000
v 0.238732 -0.001268 -0.718750
v 0.234189 -0.024108 -0.750000
v 0.225103 -0.069787 -0.718750
v 0.234189 0.021572 -0.718750
v 0.234189 0.021572 -0.625000
v 0.168809 0.167542 -0.718750
v 0.181747 0.148179 -0.750000
v 0.207622 0.109454 -0.718750
v 0.149446 0.180479 -0.718750
v 0.149446 0.180479 -0.625000
v -0.022840 0.232922 -0.468750
v 0.000000 0.237465 -0.468750
v -0.068519 0.223835 -0.375000
v -0.168809 0.167542 -0.468750
v -0.149446 0.180479 -0.500000
v -0.110721 0.206354 -0.468750
v -0.181747 0.148179 -0.468750
v -0.181747 0.148179 -0.375000
v -0.238732 -0.001268 -0.468750
v -0.234189 0.021572 -0.500000
v -0.225103 0.067251 -0.468750
v -0.234189 -0.024108 -0.468750
v -0.234189 -0.024108 -0.375000
v -0.168809 -0.170077 -0.468750
v -0.181747 -0.150715 -0.500000
v -0.207622 -0.111990 -0.468750
v -0.149446 -0.183015 -0.468750
v -0.149446 -0.183015 -0.375000
v 0.000000 -0.240000 -0.468750
v -0.022840 -0.235457 -0.500000
v -0.068519 -0.226371 -0.468750
v 0.022840 -0.235457 -0.468750
v 0.022840 -0.235457 -0.375000
v 0.168809 -0.170077 -0.468750
v 0.149446 -0.183015 -0.500000
v 0.110721 -0.208890 -0.468750
v 0.181747 -0.150715 -0.468750
v 0.181747 -0.150715 -0.375000
v 0.238732 -0.001268 -0.468750
v 0.234189 -0.024108 -0.500000
v 0.225103 -0.069787 -0.468750
v 0.234189 0.021572 -0.468750
v 0.234189 0.021572 -0.375000
v 0.168809 0.167542 -0.468750
v 0.181747 0.148179 -0.500000
v 0.207622 0.109454 -0.468750
v 0.149446 0.180479 -0.468750
v 0.149446 0.180479 -0.375000
v -0.022840 0.232922 -0.218750
v 0.000000 0.237465 -0.218750
v -0.068519 0.223835 -0.125000
v -0.168809 0.167542 -0.218750
v -0.149446 0.180479 -0.250000
v -0.110721 0.206354 -0.218750
v -0.181747 0.148179 -0.218750
v -0.181747 0.148179 -0.125000
v -0.238732 -0.001268 -0.218750
v -0.234189 0.021572 -0.250000
v -0.225103 0.067251 -0.218750
v -0.234189 -0.024108 -0.218750
v -0.234189 -0.024108 -0.125000
v -0.168809 -0.170077 -0.218750
v -0.181747 -0.150715 -0.250000
v -0.207622 -0.111990 -0.218750
v -0.149446 -0.183015 -0.218750
v -0.149446 -0.183015 -0.125000
v 0.000000 -0.240000 -0.218750
v -0.022840 -0.235457 -0.250000
v -0.068519 -0.226371 -0.218750
v 0.022840 -0.235457 -0.218750
v 0.022840 -0.235457 -0.125000
v 0.168809 -0.170077 -0.218750
v 0.149446 -0.183015 -0.250000
v 0.110721 -0.208890 -0.218750
v 0.181747 -0.150715 -0.218750
v 0.181747 -0.150715 -0.125000
v 0.238732 -0.001268 -0.218750
v 0.234189 -0.024108 -0.250000
v 0.225103 -0.069787 -0.218750
v 0.234189 0.021572 -0.218750
v 0.234189 0.021572 -0.125000
v 0.168809 0.167542 -0.218750
v 0.181747 0.148179 -0.250000
v 0.207622 0.109454 -0.218750
v 0.149446 0.180479 -0.218750
v 0.149446 0.180479 -0.125000
v -0.022840 0.232922 0.031250
v 0.000000 0.237465 0.031250
v -0.068519 0.223835 0.125000
v -0.168809 0.167542 0.031250
v -0.149446 0.180479 -0.000000
v -0.110721 0.206354 0.031250
v -0.181747 0.148179 0.031250
v -0.181747 0.148179 0.125000
v -0.238732 -0.001268 0.031250
v -0.234189 0.021572 -0.000000
v -0.225103 0.067251 0.031250
v -0.234189 -0.024108 0.031250
v -0.234189 -0.024108 0.125000
v -0.168809 -0.170077 0.031250
v -0.181747 -0.150714 0.000000
v -0.207622 -0.111989 0.031250
v -0.149446 -0.183015 0.031250
v -0.149446 -0.183015 0.125000
v 0.000000 -0.240000 0.031250
v -0.022840 -0.235457 0.000000
v -0.068519 -0.226371 0.031250
v 0.022840 -0.235457 0.031250
v 0.022840 -0.235457 0.125000
v 0.168809 -0.170077 0.031250
v 0.149446 -0.183015 0.000000
v 0.110721 -0.208890 0.031250
v 0.181747 -0.150714 0.031250
v 0.181747 -0.150714 0.125000
v 0.238732 -0.001268 0.031250
v 0.234189 -0.024108 0.000000
v 0.225103 -0.069787 0.031250
v 0.234189 0.021572 0.031250
v 0.234189 0.021572 0.125000
v 0.168809 0.167542 0.031250
v 0.181747 0.148179 -0.000000
v 0.207622 0.109454 0.031250
v 0.149446 0.180479 0.031250
v 0.149446 0.180480 0.125000
v -0.022840 0.232922 0.281250
v 0.000000 0.237465 0.281250
v -0.068519 0.223835 0.375000
v -0.168809 0.167542 0.281250
v -0.149446 0.180480 0.250000
v -0.110721 0.206355 0.281250
v -0.181747 0.148179 0.281250
v -0.181747 0.148179 0.375000
v -0.238732 -0.001268 0.281250
v -0.234189 0.021572 0.250000
v -0.225103 0.067251 0.281250
v -0.234189 -0.024108 0.281250
v -0.234189 -0.024108 0.375000
v -0.168809 -0.170077 0.281250
v -0.181747 -0.150714 0.250000
v -0.207622 -0.111989 0.281250
v -0.149446 -0.183015 0.281250
v -0.149446 -0.183015 0.375000
v 0.000000 -0.240000 0.281250
v -0.022840 -0.235457 0.250000
v -0.068519 -0.226371 0.281250
v 0.022840 -0.235457 0.281250
v 0.022840 -0.235457 0.375000
v 0.168809 -0.170077 0.281250
v 0.149446 -0.183015 0.250000
v 0.110721 -0.208890 0.281250
v 0.181747 -0.150714 0.281250
v 0.181747 -0.150714 0.375000
v 0.238732 -0.001268 0.281250
v 0.234189 -0.024108 0.250000
v 0.225103 -0.069787 0.281250
v 0.234189 0.021572 0.281250
v 0.234189 0.021572 0.375000
v 0.168809 0.167542 0.281250
v 0.181747 0.148179 0.250000
v 0.207622 0.109454 0.281250
v 0.149446 0.180480 0.281250
v 0.149446 0.180480 0.375000
v -0.022840 0.232922 0.531250
v 0.000000 0.237465 0.531250
v -0.068519 0.223835 0.625000
v -0.168809 0.167542 0.531250
v -0.149446 0.180480 0.500000
v -0.110721 0.206355 0.531250
v -0.181747 0.148179 0.531250
v -0.181747 0.148179 0.625000
v -0.238732 -0.001268 0.531250
v -0.234189 0.021572 0.500000
v -0.225103 0.067251 0.531250
v -0.234189 -0.024108 0.531250
v -0.234189 -0.024108 0.625000
v -0.168809 -0.170077 0.531250
v -0.181747 -0.150714 0.500000
v -0.207622 -0.111989 0.531250
v -0.149446 -0.183015 0.531250
v -0.149446 -0.183015 0.625000
v 0.000000 -0.240000 0.531250
v -0.022840 -0.235457 0.500000
v -0.068519 -0.226371 0.531250
v 0.022840 -0.235457 0.531250
v 0.022840 -0.235457 0.625000
v 0.168809 -0.170077 0.531250
v 0.149446 -0.183015 0.500000
v 0.110721 -0.208890 0.531250
v 0.181747 -0.150714 0.531250
v 0.181747 -0.150714 0.625000
v 0.238732 -0.001268 0.531250
v 0.234189 -0.024108 0.500000
v 0.225103 -0.069787 0.531250
v 0.234189 0.021572 0.531250
v 0.234189 0.021572 0.625000
v 0.168809 0.167542 0.531250
v 0.181747 0.148179 0.500000
v 0.207622 0.109454 0.531250
v 0.149446 0.180480 0.531250
v 0.149446 0.180480 0.625000
v -0.022840 0.232922 0.781250
v 0.000000 0.237465 0.781250
v -0.068519 0.223835 0.875000
v -0.168809 0.167542 0.781250
v -0.149446 0.180480 0.750000
v -0.110721 0.206355 0.781250
v -0.181747 0.148179 0.781250
v -0.181747 0.148179 0.875000
v -0.238732 -0.001268 0.781250
v -0.234189 0.021572 0.750000
v -0.225103 0.067251 0.781250
v -0.234189 -0.024108 0.781250
v -0.234189 -0.024108 0.875000
v -0.168809 -0.170077 0.781250
v -0.181747 -0.150714 0.750000
v -0.207622 -0.111989 0.781250
v -0.149446 -0.183015 0.781250
v -0.149446 -0.183015 0.875000
v 0.000000 -0.240000 0.781250
v -0.022840 -0.235457 0.750000
v -0.068519 -0.226371 0.781250
v 0.022840 -0.235457 0.781250
v 0.022840 -0.235457 0.875000
v 0.168809 -0.170077 0.781250
v 0.149446 -0.183015 0.750000
v 0.110721 -0.208890 0.781250
v 0.181747 -0.150714 0.781250
v 0.181747 -0.150714 0.875000
v 0.238732 -0.001268 0.781250
v 0.234189 -0.024108 0.750000
v 0.225103 -0.069787 0.781250
v 0.234189 0.021572 0.781250
v 0.234189 0.021572 0.875000
v 0.168809 0.167542 0.781250
v 0.181747 0.148179 0.750000
v 0.207622 0.109454 0.781250
v 0.149446 0.180480 0.781250
v 0.149446 0.180480 0.875000
v 0.091359 0.219292 0.781250
v 0.149446 0.180480 0.750000
v 0.091359 0.219292 0.906250
v 0.149446 0.180480 0.906250
v 0.168809 0.167542 0.968750
v 0.149446 0.180480 1.000000
v 0.207622 0.109454 0.875000
v 0.181747 0.148179 0.968750
v 0.220560 0.090091 0.781250
v 0.234189 0.021572 0.750000
v 0.220560 0.090091 0.906250
v 0.181747 0.148179 1.000000
v 0.234189 0.021572 0.906250
v 0.238732 -0.001268 0.968750
v 0.234189 0.021572 1.000000
v 0.225103 -0.069787 0.875000
v 0.234189 -0.024108 0.968750
v 0.220560 -0.092627 0.781250
v 0.181747 -0.150714 0.750000
v 0.220560 -0.092627 0.906250
v 0.234189 -0.024107 1.000000
v 0.181747 -0.150714 0.906250
v 0.168809 -0.170077 0.968750
v 0.181747 -0.150714 1.000000
v 0.110721 -0.208890 0.875000
v 0.149446 -0.183015 0.968750
v 0.091359 -0.221828 0.781250
v 0.022840 -0.235457 0.750000
v 0.091359 -0.221828 0.906250
v 0.149446 -0.183015 1.000000
v 0.022840 -0.235457 0.906250
v 0.000000 -0.240000 0.968750
v 0.022840 -0.235457 1.000000
v -0.068519 -0.226371 0.875000
v -0.022840 -0.235457 0.968750
v -0.091359 -0.221828 0.781250
v -0.149446 -0.183015 0.750000
v -0.091359 -0.221828 0.906250
v -0.022840 -0.235457 1.000000
v -0.149446 -0.183015 0.906250
v -0.168809 -0.170077 0.968750
v -0.149446 -0.183015 1.000000
v -0.207622 -0.111989 0.875000
v -0.181747 -0.150714 0.968750
v -0.220560 -0.092627 0.781250
v -0.234189 -0.024108 0.750000
v -0.220560 -0.092627 0.906250
v -0.181747 -0.150714 1.000000
v -0.234189 -0.024107 0.906250
v -0.238732 -0.001268 0.968750
v -0.234189 -0.024107 1.000000
v -0.225103 0.067251 0.875000
v -0.234189 0.021572 0.968750
v -0.220560 0.090091 0.781250
v -0.181747 0.148179 0.750000
v -0.220560 0.090091 0.906250
v -0.234189 0.021572 1.000000
v -0.181747 0.148179 0.906250
v -0.168809 0.167542 0.968750
v -0.181747 0.148179 1.000000
v -0.110721 0.206355 0.875000
v -0.149446 0.180480 0.968750
v -0.091359 0.219292 0.781250
v -0.022840 0.232922 0.750000
v -0.091359 0.219292 0.906250
v -0.149446 0.180480 1.000000
v -0.022840 0.232922 0.906250
v 0.000000 0.237465 0.968750
v -0.022840 0.232922 1.000000
v 0.091359 0.219292 0.531250
v 0.149446 0.180480 0.500000
v 0.091359 0.219292 0.656250
v 0.149446 0.180480 0.656250
v 0.168809 0.167542 0.718750
v 0.207622 0.109454 0.625000
v 0.181747 0.148179 0.718750
v 0.220560 0.090091 0.531250
v 0.234189 0.021572 0.500000
v 0.220560 0.090091 0.656250
v 0.234189 0.021572 0.656250
v 0.238732 -0.001268 0.718750
v 0.225103 -0.069787 0.625000
v 0.234189 -0.024108 0.718750
v 0.220560 -0.092627 0.531250
v 0.181747 -0.150714 0.500000
v 0.220560 -0.092627 0.656250
v 0.181747 -0.150714 0.656250
v 0.168809 -0.170077 0.718750
v 0.110721 -0.208890 0.625000
v 0.149446 -0.183015 0.718750
v 0.091359 -0.221828 0.531250
v 0.022840 -0.235457 0.500000
v 0.091359 -0.221828 0.656250
v 0.022840 -0.235457 0.656250
v 0.000000 -0.240000 0.718750
v -0.068519 -0.226371 0.625000
v -0.022840 -0.235457 0.718750
v -0.091359 -0.221828 0.531250
v -0.149446 -0.183015 0.500000
v -0.091359 -0.221828 0.656250
v -0.149446 -0.183015 0.656250
v -0.168809 -0.170077 0.718750
v -0.207622 -0.111989 0.625000
v -0.181747 -0.150714 0.718750
v -0.220560 -0.092627 0.531250
v -0.234189 -0.024108 0.500000
v -0.220560 -0.092627 0.656250
v -0.234189 -0.024108 0.656250
v -0.238732 -0.001268 0.718750
v -0.225103 0.067251 0.625000
v -0.234189 0.021572 0.718750
v -0.220560 0.090091 0.531250
v -0.181747 0.148179 0.500000
v -0.220560 0.090091 0.656250
v -0.181747 0.148179 0.656250
v -0.168809 0.167542 0.718750
v -0.110721 0.206355 0.625000
v -0.149446 0.180480 0.718750
v -0.091359 0.219292 0.531250
v -0.022840 0.232922 0.500000
v -0.091359 0.219292 0.656250
v -0.022840 0.232922 0.656250
v 0.000000 0.237465 0.718750
v 0.091359 0.219292 0.281250
v 0.149446 0.180480 0.250000
v 0.091359 0.219292 0.406250
v 0.149446 0.180480 0.406250
v 0.168809 0.167542 0.468750
v 0.207622 0.109454 0.375000
v 0.181747 0.148179 0.468750
v 0.220560 0.090091 0.281250
v 0.234189 0.021572 0.250000
v 0.220560 0.090091 0.406250
v 0.234189 0.021572 0.406250
v 0.238732 -0.001268 0.468750
v 0.225103 -0.069787 0.375000
v 0.234189 -0.024108 0.468750
v 0.220560 -0.092627 0.281250
v 0.181747 -0.150714 0.250000
v 0.220560 -0.092627 0.406250
v 0.181747 -0.150714 0.406250
v 0.168809 -0.170077 0.468750
v 0.110721 -0.208890 0.375000
v 0.149446 -0.183015 0.468750
v 0.091359 -0.221828 0.281250
v 0.022840 -0.235457 0.250000
v 0.091359 -0.221828 0.406250
v 0.022840 -0.235457 0.406250
v 0.000000 -0.240000 0.468750
v -0.068519 -0.226371 0.375000
v -0.022840 -0.235457 0.468750
v -0.091359 -0.221828 0.281250
v -0.149446 -0.183015 0.250000
v -0.091359 -0.221828 0.406250
v -0.149446 -0.183015 0.406250
v -0.168809 -0.170077 0.468750
v -0.207622 -0.111989 0.375000
v -0.181747 -0.150714 0.468750
v -0.220560 -0.092627 0.281250
v -0.234189 -0.024108 0.250000
v -0.220560 -0.092627 0.406250
v -0.234189 -0.024108 0.406250
v -0.238732 -0.001268 0.468750
v -0.225103 0.067251 0.375000
v -0.234189 0.021572 0.468750
v -0.220560 0.090091 0.281250
v -0.181747 0.148179 0.250000
v -0.220560 0.090091 0.406250
v -0.181747 0.148179 0.406250
v -0.168809 0.167542 0.468750
v -0.110721 0.206355 0.375000
v -0.149446 0.180480 0.468750
v -0.091359 0.219292 0.281250
v -0.022840 0.232922 0.250000
v -0.091359 0.219292 0.406250
v -0.022840 0.232922 0.406250
v 0.000000 0.237465 0.468750
v 0.091359 0.219292 0.031250
v 0.149446 0.180479 -0.000000
v 0.091359 0.219292 0.156250
v 0.149446 0.180480 0.156250
v 0.168809 0.167542 0.218750
v 0.207622 0.109454 0.125000
v 0.181747 0.148179 0.218750
v 0.220560 0.090091 0.031250
v 0.234189 0.021572 -0.000000
v 0.220560 0.090091 0.156250
v 0.234189 0.021572 0.156250
v 0.238732 -0.001268 0.218750
v 0.225103 -0.069787 0.125000
v 0.234189 -0.024108 0.218750
v 0.220560 -0.092627 0.031250
v 0.181747 -0.150714 0.000000
v 0.220560 -0.092627 0.156250
v 0.181747 -0.150714 0.156250
v 0.168809 -0.170077 0.218750
v 0.110721 -0.208890 0.125000
v 0.149446 -0.183015 0.218750
v 0.091359 -0.221828 0.031250
v 0.022840 -0.235457 0.000000
v 0.091359 -0.221828 0.156250
v 0.022840 -0.235457 0.156250
v 0.000000 -0.240000 0.218750
v -0.068519 -0.226371 0.125000
v -0.022840 -0.235457 0.218750
v -0.091359 -0.221828 0.031250
v -0.149446 -0.183015 0.000000
v -0.091359 -0.221828 0.156250
v -0.149446 -0.183015 0.156250
v -0.168809 -0.170077 0.218750
v -0.207622 -0.111989 0.125000
v -0.181747 -0.150714 0.218750
v -0.220560 -0.092627 0.031250
v -0.234189 -0.024108 0.000000
v -0.220560 -0.092627 0.156250
v -0.234189 -0.024108 0.156250
v -0.238732 -0.001268 0.218750
v -0.225103 0.067251 0.125000
v -0.234189 0.021572 0.218750
v -0.220560 0.090091 0.031250
v -0.181747 0.148179 -0.000000
v -0.220560 0.090091 0.156250
v -0.181747 0.148179 0.156250
v -0.168809 0.167542 0.218750
v -0.110721 0.206355 0.125000
v -0.149446 0.180480 0.218750
v -0.091359 0.219292 0.031250
v -0.022840 0.232922 -0.000000
v -0.091359 0.219292 0.156250
v -0.022840 0.232922 0.156250
v 0.000000 0.237465 0.218750
v 0.091359 0.219292 -0.218750
v 0.149446 0.180479 -0.250000
v 0.091359 0.219292 -0.093750
v 0.149446 0.180479 -0.093750
v 0.168809 0.167542 -0.031250
v 0.207622 0.109454 -0.125000
v 0.181747 0.148179 -0.031250
v 0.220560 0.090091 -0.218750
v 0.234189 0.021572 -0.250000
v 0.220560 0.090091 -0.093750
v 0.234189 0.021572 -0.093750
v 0.238732 -0.001268 -0.031250
v 0.225103 -0.069787 -0.125000
v 0.234189 -0.024108 -0.031250
v 0.220560 -0.092627 -0.218750
v 0.181747 -0.150715 -0.250000
v 0.220560 -0.092627 -0.093750
v 0.181747 -0.150714 -0.093750
v 0.168809 -0.170077 -0.031250
v 0.110721 -0.208890 -0.125000
v 0.149446 -0.183015 -0.031250
v 0.091359 -0.221828 -0.218750
v 0.022840 -0.235457 -0.250000
v 0.091359 -0.221828 -0.093750
v 0.022840 -0.235457 -0.093750
v 0.000000 -0.240000 -0.031250
v -0.068519 -0.226371 -0.125000
v -0.022840 -0.235457 -0.031250
v -0.091359 -0.221828 -0.218750
v -0.149446 -0.183015 -0.250000
v -0.091359 -0.221828 -0.093750
v -0.149446 -0.183015 -0.093750
v -0.168809 -0.170077 -0.031250
v -0.207622 -0.111990 -0.125000
v -0.181747 -0.150714 -0.031250
v -0.220560 -0.092627 -0.218750
v -0.234189 -0.024108 -0.250000
v -0.220560 -0.092627 -0.093750
v -0.234189 -0.024108 -0.093750
v -0.238732 -0.001268 -0.031250
v -0.225103 0.067251 -0.125000
v -0.234189 0.021572 -0.031250
v -0.220560 0.090091 -0.218750
v -0.181747 0.148179 -0.250000
v -0.220560 0.090091 -0.093750
v -0.181747 0.148179 -0.093750
v -0.168809 0.167542 -0.031250
v -0.110721 0.206354 -0.125000
v -0.149446 0.180479 -0.031250
v -0.091359 0.219292 -0.218750
v -0.022840 0.232922 -0.250000
v -0.091359 0.219292 -0.093750
v -0.022840 0.232922 -0.093750
v 0.000000 0.237465 -0.031250
v 0.091359 0.219292 -0.468750
v 0.149446 0.180479 -0.500000
v 0.091359 0.219292 -0.343750
v 0.149446 0.180479 -0.343750
v 0.168809 0.167542 -0.281250
v 0.207622 0.109454 -0.375000
v 0.181747 0.148179 -0.281250
v 0.220560 0.090091 -0.468750
v 0.234189 0.021572 -0.500000
v 0.220560 0.090091 -0.343750
v 0.234189 0.021572 -0.343750
v 0.238732 -0.001268 -0.281250
v 0.225103 -0.069787 -0.375000
v 0.234189 -0.024108 -0.281250
v 0.220560 -0.092627 -0.468750
v 0.181747 -0.150715 -0.500000
v 0.220560 -0.092627 -0.343750
v 0.181747 -0.150715 -0.343750
v 0.168809 -0.170077 -0.281250
v 0.110721 -0.208890 -0.375000
v 0.149446 -0.183015 -0.281250
v 0.091359 -0.221828 -0.468750
v 0.022840 -0.235457 -0.500000
v 0.091359 -0.221828 -0.343750
v 0.022840 -0.235457 -0.343750
v 0.000000 -0.240000 -0.281250
v -0.068519 -0.226371 -0.375000
v -0.022840 -0.235457 -0.281250
v -0.091359 -0.221828 -0.468750
v -0.149446 -0.183015 -0.500000
v -0.091359 -0.221828 -0.343750
v -0.149446 -0.183015 -0.343750
v -0.168809 -0.170077 -0.281250
v -0.207622 -0.111990 -0.375000
v -0.181747 -0.150715 -0.281250
v -0.220560 -0.092627 -0.468750
v -0.234189 -0.024108 -0.500000
v -0.220560 -0.092627 -0.343750
v -0.234189 -0.024108 -0.343750
v -0.238732 -0.001268 -0.281250
v -0.225103 0.067251 -0.375000
v -0.234189 0.021572 -0.281250
v -0.220560 0.090091 -0.468750
v -0.181747 0.148179 -0.500000
v -0.220560 0.090091 -0.343750
v -0.181747 0.148179 -0.343750
v -0.168809 0.167542 -0.281250
v -0.110721 0.206354 -0.375000
v -0.149446 0.180479 -0.281250
v -0.091359 0.219292 -0.468750
v -0.022840 0.232922 -0.500000
v -0.091359 0.219292 -0.343750
v -0.022840 0.232922 -0.343750
v 0.000000 0.237465 -0.281250
v 0.091359 0.219292 -0.718750
v 0.149446 0.180479 -0.750000
v 0.091359 0.219292 -0.593750
v 0.149446 0.180479 -0.593750
v 0.168809 0.167542 -0.531250
v 0.207622 0.109454 -0.625000
v 0.181747 0.148179 -0.531250
v 0.220560 0.090091 -0.718750
v 0.234189 0.021572 -0.750000
v 0.220560 0.090091 -0.593750
v 0.234189 0.021572 -0.593750
v 0.238732 -0.001268 -0.531250
v 0.225103 -0.069787 -0.625000
v 0.234189 -0.024108 -0.531250
v 0.220560 -0.092627 -0.718750
v 0.181747 -0.150715 -0.750000
v 0.220560 -0.092627 -0.593750
v 0.181747 -0.150715 -0.593750
v 0.168809 -0.170077 -0.531250
v 0.110721 -0.208890 -0.625000
v 0.149446 -0.183015 -0.531250
v 0.091359 -0.221828 -0.718750
v 0.022840 -0.235457 -0.750000
v 0.091359 -0.221828 -0.593750
v 0.022840 -0.235457 -0.593750
v 0.000000 -0.240000 -0.531250
v -0.068519 -0.226371 -0.625000
v -0.022840 -0.235457 -0.531250
v -0.091359 -0.221828 -0.718750
v -0.149446 -0.183015 -0.750000
v -0.091359 -0.221828 -0.593750
v -0.149446 -0.183015 -0.593750
v -0.168809 -0.170077 -0.531250
v -0.207622 -0.111990 -0.625000
v -0.181747 -0.150715 -0.531250
v -0.220560 -0.092627 -0.718750
v -0.234189 -0.024108 -0.750000
v -0.220560 -0.092627 -0.593750
v -0.234189 -0.024108 -0.593750
v -0.238732 -0.001268 -0.531250
v -0.225103 0.067251 -0.625000
v -0.234189 0.021572 -0.531250
v -0.220560 0.090091 -0.718750
v -0.181747 0.148179 -0.750000
v -0.220560 0.090091 -0.593750
v -0.181747 0.148179 -0.593750
v -0.168809 0.167542 -0.531250
v -0.110721 0.206354 -0.625000
v -0.149446 0.180479 -0.531250
v -0.091359 0.219292 -0.718750
v -0.022840 0.232922 -0.750000
v -0.091359 0.219292 -0.593750
v -0.022840 0.232922 -0.593750
v 0.000000 0.237465 -0.531250
v 0.091359 0.219292 -0.906250
v 0.149446 0.180479 -1.000000
v 0.091359 0.219292 -0.843750
v 0.149446 0.180479 -0.843750
v 0.168809 0.167542 -0.781250
v 0.207622 0.109454 -0.875000
v 0.181747 0.148179 -0.781250
v 0.220560 0.090091 -0.906250
v 0.234189 0.021572 -1.000000
v 0.220560 0.090091 -0.843750
v 0.234189 0.021572 -0.843750
v 0.238732 -0.001268 -0.781250
v 0.225103 -0.069787 -0.875000
v 0.234189 -0.024108 -0.781250
v 0.220560 -0.092627 -0.906250
v 0.181747 -0.150715 -1.000000
v 0.220560 -0.092627 -0.843750
v 0.181747 -0.150715 -0.843750
v 0.168809 -0.170077 -0.781250
v 0.110721 -0.208890 -0.875000
v 0.149446 -0.183015 -0.781250
v 0.091359 -0.221828 -0.906250
v 0.022840 -0.235457 -1.000000
v 0.091359 -0.221828 -0.843750
v 0.022840 -0.235457 -0.843750
v 0.000000 -0.240000 -0.781250
v -0.068519 -0.226371 -0.875000
v -0.022840 -0.235457 -0.781250
v -0.091359 -0.221828 -0.906250
v -0.149446 -0.183015 -1.000000
v -0.091359 -0.221828 -0.843750
v -0.149446 -0.183015 -0.843750
v -0.168809 -0.170077 -0.781250
v -0.207622 -0.111990 -0.875000
v -0.181747 -0.150715 -0.781250
v -0.220560 -0.092627 -0.906250
v -0.234189 -0.024108 -1.000000
v -0.220560 -0.092627 -0.843750
v -0.234189 -0.024108 -0.843750
v -0.238732 -0.001268 -0.781250
v -0.225103 0.067251 -0.875000
v -0.234189 0.021572 -0.781250
v -0.220560 0.090091 -0.906250
v -0.181747 0.148179 -1.000000
v -0.220560 0.090091 -0.843750
v -0.181747 0.148179 -0.843750
v -0.168809 0.167542 -0.781250
v -0.110721 0.206354 -0.875000
v -0.149446 0.180479 -0.781250
v -0.091359 0.219292 -0.906250
v -0.022840 0.232922 -1.000000
v -0.091359 0.219292 -0.843750
v -0.022840 0.232922 -0.843750
v 0.000000 0.237465 -0.781250
v 0.022840 0.232922 -1.000000
v 0.022840 0.232922 -0.906250
v 0.022840 0.232922 -0.750000
v 0.068519 0.223835 -0.718750
v 0.022840 0.232922 -0.500000
v 0.068519 0.223835 -0.468750
v 0.022840 0.232922 -0.250000
v 0.068519 0.223835 -0.218750
v 0.022840 0.232922 -0.000000
v 0.068519 0.223835 0.031250
v 0.022840 0.232922 0.250000
v 0.068519 0.223835 0.281250
v 0.022840 0.232922 0.500000
v 0.068519 0.223835 0.531250
v 0.022840 0.232922 0.750000
v 0.068519 0.223835 0.781250
v 0.068519 0.223835 0.875000
v 0.022840 0.232922 0.968750
v 0.022840 0.232922 1.000000
v 0.068519 0.223835 0.625000
v 0.022840 0.232922 0.718750
v 0.068519 0.223835 0.375000
v 0.022840 0.232922 0.468750
v 0.068519 0.223835 0.125000
v 0.022840 0.232922 0.218750
v 0.068519 0.223835 -0.125000
v 0.022840 0.232922 -0.031250
v 0.068519 0.223835 -0.375000
v 0.022840 0.232922 -0.281250
v 0.068519 0.223835 -0.625000
v 0.022840 0.232922 -0.531250
v 0.068519 0.223835 -0.875000
v 0.022840 0.232922 -0.781250
v -0.045679 0.228378 -0.781250
v -0.022840 0.232922 -0.812500
v -0.022840 0.232922 -0.781250
v -0.068519 0.223835 -0.812500
v -0.068519 0.223835 -0.843750
v -0.045679 0.228378 -0.843750
v -0.130084 0.193417 -0.781250
v -0.110721 0.206354 -0.812500
v -0.110721 0.206354 -0.781250
v -0.068519 0.223835 -0.937500
v -0.068519 0.223835 -0.968750
v -0.045679 0.228378 -0.968750
v -0.110721 0.206354 -0.906250
v -0.130084 0.193417 -0.906250
v -0.110721 0.206354 -0.937500
v -0.149446 0.180479 -0.812500
v -0.149446 0.180479 -0.843750
v -0.130084 0.193417 -0.843750
v -0.194685 0.128816 -0.781250
v -0.181747 0.148179 -0.812500
v -0.181747 0.148179 -0.781250
v -0.207622 0.109454 -0.812500
v -0.207622 0.109454 -0.843750
v -0.194685 0.128816 -0.843750
v -0.229646 0.044411 -0.781250
v -0.225103 0.067251 -0.812500
v -0.225103 0.067251 -0.781250
v -0.207622 0.109454 -0.937500
v -0.207622 0.109454 -0.968750
v -0.194685 0.128816 -0.968750
v -0.225103 0.067251 -0.906250
v -0.229646 0.044411 -0.906250
v -0.225103 0.067251 -0.937500
v -0.234189 0.021572 -0.812500
v -0.234189 0.021572 -0.843750
v -0.229646 0.044411 -0.843750
v -0.229646 -0.046948 -0.781250
v -0.234189 -0.024108 -0.812500
v -0.234189 -0.024108 -0.781250
v -0.225103 -0.069787 -0.812500
v -0.225103 -0.069787 -0.843750
v -0.229646 -0.046948 -0.843750
v -0.194685 -0.131352 -0.781250
v -0.207622 -0.111990 -0.812500
v -0.207622 -0.111990 -0.781250
v -0.225103 -0.069787 -0.937500
v -0.225103 -0.069787 -0.968750
v -0.229646 -0.046948 -0.968750
v -0.207622 -0.111990 -0.906250
v -0.194685 -0.131352 -0.906250
v -0.207622 -0.111990 -0.937500
v -0.181747 -0.150715 -0.812500
v -0.181747 -0.150715 -0.843750
v -0.194685 -0.131352 -0.843750
v -0.130084 -0.195953 -0.781250
v -0.149446 -0.183015 -0.812500
v -0.149446 -0.183015 -0.781250
v -0.110721 -0.208890 -0.812500
v -0.110721 -0.208890 -0.843750
v -0.130084 -0.195953 -0.843750
v -0.045679 -0.230914 -0.781250
v -0.068519 -0.226371 -0.812500
v -0.068519 -0.226371 -0.781250
v -0.110721 -0.208890 -0.937500
v -0.110721 -0.208890 -0.968750
v -0.130084 -0.195953 -0.968750
v -0.068519 -0.226371 -0.906250
v -0.045679 -0.230914 -0.906250
v -0.068519 -0.226371 -0.937500
v -0.022840 -0.235457 -0.812500
v -0.022840 -0.235457 -0.843750
v -0.045679 -0.230914 -0.843750
v 0.045679 -0.230914 -0.781250
v 0.022840 -0.235457 -0.812500
v 0.022840 -0.235457 -0.781250
v 0.068519 -0.226371 -0.812500
v 0.068519 -0.226371 -0.843750
v 0.045679 -0.230914 -0.843750
v 0.130084 -0.195953 -0.781250
v 0.110721 -0.208890 -0.812500
v 0.110721 -0.208890 -0.781250
v 0.068519 -0.226371 -0.937500
v 0.068519 -0.226371 -0.968750
v 0.045679 -0.230914 -0.968750
v 0.110721 -0.208890 -0.906250
v 0.130084 -0.195953 -0.906250
v 0.110721 -0.208890 -0.937500
v 0.149446 -0.183015 -0.812500
v 0.149446 -0.183015 -0.843750
v 0.130084 -0.195953 -0.843750
v 0.194685 -0.131352 -0.781250
v 0.181747 -0.150715 -0.812500
v 0.181747 -0.150715 -0.781250
v 0.207622 -0.111990 -0.812500
v 0.207622 -0.111990 -0.843750
v 0.194685 -0.131352 -0.843750
v 0.229646 -0.046948 -0.781250
v 0.225103 -0.069787 -0.812500
v 0.225103 -0.069787 -0.781250
v 0.207622 -0.111990 -0.937500
v 0.207622 -0.111990 -0.968750
v 0.194685 -0.131352 -0.968750
v 0.225103 -0.069787 -0.906250
v 0.229646 -0.046948 -0.906250
v 0.225103 -0.069787 -0.937500
v 0.234189 -0.024108 -0.812500
v 0.234189 -0.024108 -0.843750
v 0.229646 -0.046948 -0.843750
v 0.229646 0.044411 -0.781250
v 0.234189 0.021572 -0.812500
v 0.234189 0.021572 -0.781250
v 0.225103 0.067251 -0.812500
v 0.225103 0.067251 -0.843750
v 0.229646 0.044411 -0.843750
v 0.194685 0.128816 -0.781250
v 0.207622 0.109454 -0.812500
v 0.207622 0.109454 -0.781250
v 0.225103 0.067251 -0.937500
v 0.225103 0.067251 -0.968750
v 0.229646 0.044411 -0.968750
v 0.207622 0.109454 -0.906250
v 0.194685 0.128816 -0.906250
v 0.207622 0.109454 -0.937500
v 0.181747 0.148179 -0.812500
v 0.181747 0.148179 -0.843750
v 0.194685 0.128816 -0.843750
v 0.130084 0.193417 -0.781250
v 0.149446 0.180479 -0.812500
v 0.149446 0.180479 -0.781250
v 0.110721 0.206354 -0.812500
v 0.110721 0.206354 -0.843750
v 0.130084 0.193417 -0.843750
v 0.045679 0.228378 -0.781250
v 0.068519 0.223835 -0.812500
v 0.068519 0.223835 -0.781250
v 0.110721 0.206354 -0.937500
v 0.110721 0.206354 -0.968750
v 0.130084 0.193417 -0.968750
v 0.068519 0.223835 -0.906250
v 0.045679 0.228378 -0.906250
v 0.068519 0.223835 -0.937500
v 0.022840 0.232922 -0.812500
v 0.022840 0.232922 -0.843750
v 0.045679 0.228378 -0.843750
v -0.045679 0.228378 -0.531250
v -0.022840 0.232922 -0.562500
v -0.022840 0.232922 -0.531250
v -0.068519 0.223835 -0.562500
v -0.068519 0.223835 -0.593750
v -0.045679 0.228378 -0.593750
v -0.130084 0.193417 -0.531250
v -0.110721 0.206354 -0.562500
v -0.110721 0.206354 -0.531250
v -0.068519 0.223835 -0.687500
v -0.068519 0.223835 -0.718750
v -0.045679 0.228378 -0.718750
v -0.110721 0.206354 -0.656250
v -0.130084 0.193417 -0.656250
v -0.110721 0.206354 -0.687500
v -0.149446 0.180479 -0.562500
v -0.149446 0.180479 -0.593750
v -0.130084 0.193417 -0.593750
v -0.194685 0.128816 -0.531250
v -0.181747 0.148179 -0.562500
v -0.181747 0.148179 -0.531250
v -0.207622 0.109454 -0.562500
v -0.207622 0.109454 -0.593750
v -0.194685 0.128816 -0.593750
v -0.229646 0.044411 -0.531250
v -0.225103 0.067251 -0.562500
v -0.225103 0.067251 -0.531250
v -0.207622 0.109454 -0.687500
v -0.207622 0.109454 -0.718750
v -0.194685 0.128816 -0.718750
v -0.225103 0.067251 -0.656250
v -0.229646 0.044411 -0.656250
v -0.225103 0.067251 -0.687500
v -0.234189 0.021572 -0.562500
v -0.234189 0.021572 -0.593750
v -0.229646 0.044411 -0.593750
v -0.229646 -0.046948 -0.531250
v -0.234189 -0.024108 -0.562500
v -0.234189 -0.024108 -0.531250
v -0.225103 -0.069787 -0.562500
v -0.225103 -0.069787 -0.593750
v -0.229646 -0.046948 -0.593750
v -0.194685 -0.131352 -0.531250
v -0.207622 -0.111990 -0.562500
v -0.207622 -0.111990 -0.531250
v -0.225103 -0.069787 -0.687500
v -0.225103 -0.069787 -0.718750
v -0.229646 -0.046948 -0.718750
v -0.207622 -0.111990 -0.656250
v -0.194685 -0.131352 -0.656250
v -0.207622 -0.111990 -0.687500
v -0.181747 -0.150715 -0.562500
v -0.181747 -0.150715 -0.593750
v -0.194685 -0.131352 -0.593750
v -0.130084 -0.195953 -0.531250
v -0.149446 -0.183015 -0.562500
v -0.149446 -0.183015 -0.531250
v -0.110721 -0.208890 -0.562500
v -0.110721 -0.208890 -0.593750
v -0.130084 -0.195953 -0.593750
v -0.045679 -0.230914 -0.531250
v -0.068519 -0.226371 -0.562500
v -0.068519 -0.226371 -0.531250
v -0.110721 -0.208890 -0.687500
v -0.110721 -0.208890 -0.718750
v -0.130084 -0.195953 -0.718750
v -0.068519 -0.226371 -0.656250
v -0.045679 -0.230914 -0.656250
v -0.068519 -0.226371 -0.687500
v -0.022840 -0.235457 -0.562500
v -0.022840 -0.235457 -0.593750
v -0.045679 -0.230914 -0.593750
v 0.045679 -0.230914 -0.531250
v 0.022840 -0.235457 -0.562500
v 0.022840 -0.235457 -0.531250
v 0.068519 -0.226371 -0.562500
v 0.068519 -0.226371 -0.593750
v 0.045679 -0.230914 -0.593750
v 0.130084 -0.195953 -0.531250
v 0.110721 -0.208890 -0.562500
v 0.110721 -0.208890 -0.531250
v 0.068519 -0.226371 -0.687500
v 0.068519 -0.226371 -0.718750
v 0.045679 -0.230914 -0.718750
v 0.110721 -0.208890 -0.656250
v 0.130084 -0.195953 -0.656250
v 0.110721 -0.208890 -0.687500
v 0.149446 -0.183015 -0.562500
v 0.149446 -0.183015 -0.593750
v 0.130084 -0.195953 -0.593750
v 0.194685 -0.131352 -0.531250
v 0.181747 -0.150715 -0.562500
v 0.181747 -0.150715 -0.531250
v 0.207622 -0.111990 -0.562500
v 0.207622 -0.111990 -0.593750
v 0.194685 -0.131352 -0.593750
v 0.229646 -0.046948 -0.531250
v 0.225103 -0.069787 -0.562500
v 0.225103 -0.069787 -0.531250
v 0.207622 -0.111990 -0.687500
v 0.207622 -0.111990 -0.718750
v 0.194685 -0.131352 -0.718750
v 0.225103 -0.069787 -0.656250
v 0.229646 -0.046948 -0.656250
v 0.225103 -0.069787 -0.687500
v 0.234189 -0.024108 -0.562500
v 0.234189 -0.024108 -0.593750
v 0.229646 -0.046948 -0.593750
v 0.229646 0.044411 -0.531250
v 0.234189 0.021572 -0.562500
v 0.234189 0.021572 -0.531250
v 0.225103 0.067251 -0.562500
v 0.225103 0.067251 -0.593750
v 0.229646 0.044411 -0.593750
v 0.194685 0.128816 -0.531250
v 0.207622 0.109454 -0.562500
v 0.207622 0.109454 -0.531250
v 0.225103 0.067251 -0.687500
v 0.225103 0.067251 -0.718750
v 0.229646 0.044411 -0.718750
v 0.207622 0.109454 -0.656250
v 0.194685 0.128816 -0.656250
v 0.207622 0.109454 -0.687500
v 0.181747 0.148179 -0.562500
v 0.181747 0.148179 -0.593750
v 0.194685 0.128816 -0.593750
v 0.130084 0.193417 -0.531250
v 0.149446 0.180479 -0.562500
v 0.149446 0.180479 -0.531250
v 0.110721 0.206354 -0.562500
v 0.110721 0.206354 -0.593750
v 0.130084 0.193417 -0.593750
v 0.045679 0.228378 -0.531250
v 0.068519 0.223835 -0.562500
v 0.068519 0.223835 -0.531250
v 0.110721 0.206354 -0.687500
v 0.110721 0.206354 -0.718750
v 0.130084 0.193417 -0.718750
v 0.068519 0.223835 -0.656250
v 0.045679 0.228378 -0.656250
v 0.068519 0.223835 -0.687500
v 0.022840 0.232922 -0.562500
v 0.022840 0.232922 -0.593750
v 0.045679 0.228378 -0.593750
v -0.045679 0.228378 -0.281250
v -0.022840 0.232922 -0.312500
v -0.022840 0.232922 -0.281250
v -0.068519 0.223835 -0.312500
v -0.068519 0.223835 -0.343750
v -0.045679 0.228378 -0.343750
v -0.130084 0.193417 -0.281250
v -0.110721 0.206354 -0.312500
v -0.110721 0.206354 -0.281250
v -0.068519 0.223835 -0.437500
v -0.068519 0.223835 -0.468750
v -0.045679 0.228378 -0.468750
v -0.110721 0.206354 -0.406250
v -0.130084 0.193417 -0.406250
v -0.110721 0.206354 -0.437500
v -0.149446 0.180479 -0.312500
v -0.149446 0.180479 -0.343750
v -0.130084 0.193417 -0.343750
v -0.194685 0.128816 -0.281250
v -0.181747 0.148179 -0.312500
v -0.181747 0.148179 -0.281250
v -0.207622 0.109454 -0.312500
v -0.207622 0.109454 -0.343750
v -0.194685 0.128816 -0.343750
v -0.229646 0.044411 -0.281250
v -0.225103 0.067251 -0.312500
v -0.225103 0.067251 -0.281250
v -0.207622 0.109454 -0.437500
v -0.207622 0.109454 -0.468750
v -0.194685 0.128816 -0.468750
v -0.225103 0.067251 -0.406250
v -0.229646 0.044411 -0.406250
v -0.225103 0.067251 -0.437500
v -0.234189 0.021572 -0.312500
v -0.234189 0.021572 -0.343750
v -0.229646 0.044411 -0.343750
v -0.229646 -0.046948 -0.281250
v -0.234189 -0.024108 -0.312500
v -0.234189 -0.024108 -0.281250
v -0.225103 -0.069787 -0.312500
v -0.225103 -0.069787 -0.343750
v -0.229646 -0.046948 -0.343750
v -0.194685 -0.131352 -0.281250
v -0.207622 -0.111990 -0.312500
v -0.207622 -0.111990 -0.281250
v -0.225103 -0.069787 -0.437500
v -0.225103 -0.069787 -0.468750
v -0.229646 -0.046948 -0.468750
v -0.207622 -0.111990 -0.406250
v -0.194685 -0.131352 -0.406250
v -0.207622 -0.111990 -0.437500
v -0.181747 -0.150715 -0.312500
v -0.181747 -0.150715 -0.343750
v -0.194685 -0.131352 -0.343750
v -0.130084 -0.195953 -0.281250
v -0.149446 -0.183015 -0.312500
v -0.149446 -0.183015 -0.281250
v -0.110721 -0.208890 -0.312500
v -0.110721 -0.208890 -0.343750
v -0.130084 -0.195953 -0.343750
v -0.045679 -0.230914 -0.281250
v -0.068519 -0.226371 -0.312500
v -0.068519 -0.226371 -0.281250
v -0.110721 -0.208890 -0.437500
v -0.110721 -0.208890 -0.468750
v -0.130084 -0.195953 -0.468750
v -0.068519 -0.226371 -0.406250
v -0.045679 -0.230914 -0.406250
v -0.068519 -0.226371 -0.437500
v -0.022840 -0.235457 -0.312500
v -0.022840 -0.235457 -0.343750
v -0.045679 -0.230914 -0.343750
v 0.045679 -0.230914 -0.281250
v 0.022840 -0.235457 -0.312500
v 0.022840 -0.235457 -0.281250
v 0.068519 -0.226371 -0.312500
v 0.068519 -0.226371 -0.343750
v 0.045679 -0.230914 -0.343750
v 0.130084 -0.195953 -0.281250
v 0.110721 -0.208890 -0.312500
v 0.110721 -0.208890 -0.281250
v 0.068519 -0.226371 -0.437500
v 0.068519 -0.226371 -0.468750
v 0.045679 -0.230914 -0.468750
v 0.110721 -0.208890 -0.406250
v 0.130084 -0.195953 -0.406250
v 0.110721 -0.208890 -0.437500
v 0.149446 -0.183015 -0.312500
v 0.149446 -0.183015 -0.343750
v 0.130084 -0.195953 -0.343750
v 0.194685 -0.131352 -0.281250
v 0.181747 -0.150715 -0.312500
v 0.181747 -0.150715 -0.281250
v 0.207622 -0.111990 -0.312500
v 0.207622 -0.111990 -0.343750
v 0.194685 -0.131352 -0.343750
v 0.229646 -0.046948 -0.281250
v 0.225103 -0.069787 -0.312500
v 0.225103 -0.069787 -0.281250
v 0.207622 -0.111990 -0.437500
v 0.207622 -0.111990 -0.468750
v 0.194685 -0.131352 -0.468750
v 0.225103 -0.069787 -0.406250
v 0.229646 -0.046948 -0.406250
v 0.225103 -0.069787 -0.437500
v 0.234189 -0.024108 -0.312500
v 0.234189 -0.024108 -0.343750
v 0.229646 -0.046948 -0.343750
v 0.229646 0.044411 -0.281250
v 0.234189 0.021572 -0.312500
v 0.234189 0.021572 -0.281250
v 0.225103 0.067251 -0.312500
v 0.225103 0.067251 -0.343750
v 0.229646 0.044411 -0.343750
v 0.194685 0.128816 -0.281250
v 0.207622 0.109454 -0.312500
v 0.207622 0.109454 -0.281250
v 0.225103 0.067251 -0.437500
v 0.225103 0.067251 -0.468750
v 0.229646 0.044411 -0.468750
v 0.207622 0.109454 -0.406250
v 0.194685 0.128816 -0.406250
v 0.207622 0.109454 -0.437500
v 0.181747 0.148179 -0.312500
v 0.181747 0.148179 -0.343750
v 0.194685 0.128816 -0.343750
v 0.130084 0.193417 -0.281250
v 0.149446 0.180479 -0.312500
v 0.149446 0.180479 -0.281250
v 0.110721 0.206354 -0.312500
v 0.110721 0.206354 -0.343750
v 0.130084 0.193417 -0.343750
v 0.045679 0.228378 -0.281250
v 0.068519 0.223835 -0.312500
v 0.068519 0.223835 -0.281250
v 0.110721 0.206354 -0.437500
v 0.110721 0.206354 -0.468750
v 0.130084 0.193417 -0.468750
v 0.068519 0.223835 -0.406250
v 0.045679 0.228378 -0.406250
v 0.068519 0.223835 -0.437500
v 0.022840 0.232922 -0.312500
v 0.022840 0.232922 -0.343750
v 0.045679 0.228378 -0.343750
v -0.045679 0.228379 -0.031250
v -0.022840 0.232922 -0.062500
v -0.022840 0.232922 -0.031250
v -0.068519 0.223835 -0.062500
v -0.068519 0.223835 -0.093750
v -0.045679 0.228379 -0.093750
v -0.130084 0.193417 -0.031250
v -0.110721 0.206354 -0.062500
v -0.110721 0.206354 -0.031250
v -0.068519 0.223835 -0.187500
v -0.068519 0.223835 -0.218750
v -0.045679 0.228378 -0.218750
v -0.110721 0.206354 -0.156250
v -0.130084 0.193417 -0.156250
v -0.110721 0.206354 -0.187500
v -0.149446 0.180479 -0.062500
v -0.149446 0.180479 -0.093750
v -0.130084 0.193417 -0.093750
v -0.194685 0.128817 -0.031250
v -0.181747 0.148179 -0.062500
v -0.181747 0.148179 -0.031250
v -0.207622 0.109454 -0.062500
v -0.207622 0.109454 -0.093750
v -0.194685 0.128817 -0.093750
v -0.229646 0.044411 -0.031250
v -0.225103 0.067251 -0.062500
v -0.225103 0.067251 -0.031250
v -0.207622 0.109454 -0.187500
v -0.207622 0.109454 -0.218750
v -0.194685 0.128816 -0.218750
v -0.225103 0.067251 -0.156250
v -0.229646 0.044411 -0.156250
v -0.225103 0.067251 -0.187500
v -0.234189 0.021572 -0.062500
v -0.234189 0.021572 -0.093750
v -0.229646 0.044411 -0.093750
v -0.229646 -0.046948 -0.031250
v -0.234189 -0.024108 -0.062500
v -0.234189 -0.024108 -0.031250
v -0.225103 -0.069787 -0.062500
v -0.225103 -0.069787 -0.093750
v -0.229646 -0.046948 -0.093750
v -0.194685 -0.131352 -0.031250
v -0.207622 -0.111990 -0.062500
v -0.207622 -0.111989 -0.031250
v -0.225103 -0.069787 -0.187500
v -0.225103 -0.069787 -0.218750
v -0.229646 -0.046948 -0.218750
v -0.207622 -0.111990 -0.156250
v -0.194685 -0.131352 -0.156250
v -0.207622 -0.111990 -0.187500
v -0.181747 -0.150714 -0.062500
v -0.181747 -0.150714 -0.093750
v -0.194685 -0.131352 -0.093750
v -0.130084 -0.195953 -0.031250
v -0.149446 -0.183015 -0.062500
v -0.149446 -0.183015 -0.031250
v -0.110721 -0.208890 -0.062500
v -0.110721 -0.208890 -0.093750
v -0.130084 -0.195953 -0.093750
v -0.045679 -0.230914 -0.031250
v -0.068519 -0.226371 -0.062500
v -0.068519 -0.226371 -0.031250
v -0.110721 -0.208890 -0.187500
v -0.110721 -0.208890 -0.218750
v -0.130084 -0.195953 -0.218750
v -0.068519 -0.226371 -0.156250
v -0.045679 -0.230914 -0.156250
v -0.068519 -0.226371 -0.187500
v -0.022840 -0.235457 -0.062500
v -0.022840 -0.235457 -0.093750
v -0.045679 -0.230914 -0.093750
v 0.045679 -0.230914 -0.031250
v 0.022840 -0.235457 -0.062500
v 0.022840 -0.235457 -0.031250
v 0.068519 -0.226371 -0.062500
v 0.068519 -0.226371 -0.093750
v 0.045679 -0.230914 -0.093750
v 0.130084 -0.195953 -0.031250
v 0.110721 -0.208890 -0.062500
v 0.110721 -0.208890 -0.031250
v 0.068519 -0.226371 -0.187500
v 0.068519 -0.226371 -0.218750
v 0.045679 -0.230914 -0.218750
v 0.110721 -0.208890 -0.156250
v 0.130084 -0.195953 -0.156250
v 0.110721 -0.208890 -0.187500
v 0.149446 -0.183015 -0.062500
v 0.149446 -0.183015 -0.093750
v 0.130084 -0.195953 -0.093750
v 0.194685 -0.131352 -0.031250
v 0.181747 -0.150714 -0.062500
v 0.181747 -0.150714 -0.031250
v 0.207622 -0.111990 -0.062500
v 0.207622 -0.111990 -0.093750
v 0.194685 -0.131352 -0.093750
v 0.229646 -0.046948 -0.031250
v 0.225103 -0.069787 -0.062500
v 0.225103 -0.069787 -0.031250
v 0.207622 -0.111990 -0.187500
v 0.207622 -0.111990 -0.218750
v 0.194685 -0.131352 -0.218750
v 0.225103 -0.069787 -0.156250
v 0.229646 -0.046948 -0.156250
v 0.225103 -0.069787 -0.187500
v 0.234189 -0.024108 -0.062500
v 0.234189 -0.024108 -0.093750
v 0.229646 -0.046948 -0.093750
v 0.229646 0.044411 -0.031250
v 0.234189 0.021572 -0.062500
v 0.234189 0.021572 -0.031250
v 0.225103 0.067251 -0.062500
v 0.225103 0.067251 -0.093750
v 0.229646 0.044411 -0.093750
v 0.194685 0.128817 -0.031250
v 0.207622 0.109454 -0.062500
v 0.207622 0.109454 -0.031250
v 0.225103 0.067251 -0.187500
v 0.225103 0.067251 -0.218750
v 0.229646 0.044411 -0.218750
v 0.207622 0.109454 -0.156250
v 0.194685 0.128816 -0.156250
v 0.207622 0.109454 -0.187500
v 0.181747 0.148179 -0.062500
v 0.181747 0.148179 -0.093750
v 0.194685 0.128817 -0.093750
v 0.130084 0.193417 -0.031250
v 0.149446 0.180479 -0.062500
v 0.149446 0.180479 -0.031250
v 0.110721 0.206354 -0.062500
v 0.110721 0.206354 -0.093750
v 0.130084 0.193417 -0.093750
v 0.045679 0.228379 -0.031250
v 0.068519 0.223835 -0.062500
v 0.068519 0.223835 -0.031250
v 0.110721 0.206354 -0.187500
v 0.110721 0.206354 -0.218750
v 0.130084 0.193417 -0.218750
v 0.068519 0.223835 -0.156250
v 0.045679 0.228378 -0.156250
v 0.068519 0.223835 -0.187500
v 0.022840 0.232922 -0.062500
v 0.022840 0.232922 -0.093750
v 0.045679 0.228379 -0.093750
v -0.045679 0.228379 0.218750
v -0.022840 0.232922 0.187500
v -0.022840 0.232922 0.218750
v -0.068519 0.223835 0.187500
v -0.068519 0.223835 0.156250
v -0.045679 0.228379 0.156250
v -0.130084 0.193417 0.218750
v -0.110721 0.206355 0.187500
v -0.110721 0.206355 0.218750
v -0.068519 0.223835 0.062500
v -0.068519 0.223835 0.031250
v -0.045679 0.228379 0.031250
v -0.110721 0.206354 0.093750
v -0.130084 0.193417 0.093750
v -0.110721 0.206354 0.062500
v -0.149446 0.180480 0.187500
v -0.149446 0.180480 0.156250
v -0.130084 0.193417 0.156250
v -0.194685 0.128817 0.218750
v -0.181747 0.148179 0.187500
v -0.181747 0.148179 0.218750
v -0.207622 0.109454 0.187500
v -0.207622 0.109454 0.156250
v -0.194685 0.128817 0.156250
v -0.229646 0.044412 0.218750
v -0.225103 0.067251 0.187500
v -0.225103 0.067251 0.218750
v -0.207622 0.109454 0.062500
v -0.207622 0.109454 0.031250
v -0.194685 0.128817 0.031250
v -0.225103 0.067251 0.093750
v -0.229646 0.044412 0.093750
v -0.225103 0.067251 0.062500
v -0.234189 0.021572 0.187500
v -0.234189 0.021572 0.156250
v -0.229646 0.044412 0.156250
v -0.229646 -0.046947 0.218750
v -0.234189 -0.024108 0.187500
v -0.234189 -0.024108 0.218750
v -0.225103 -0.069787 0.187500
v -0.225103 -0.069787 0.156250
v -0.229646 -0.046947 0.156250
v -0.194685 -0.131352 0.218750
v -0.207622 -0.111989 0.187500
v -0.207622 -0.111989 0.218750
v -0.225103 -0.069787 0.062500
v -0.225103 -0.069787 0.031250
v -0.229646 -0.046947 0.031250
v -0.207622 -0.111989 0.093750
v -0.194685 -0.131352 0.093750
v -0.207622 -0.111989 0.062500
v -0.181747 -0.150714 0.187500
v -0.181747 -0.150714 0.156250
v -0.194685 -0.131352 0.156250
v -0.130084 -0.195952 0.218750
v -0.149446 -0.183015 0.187500
v -0.149446 -0.183015 0.218750
v -0.110721 -0.208890 0.187500
v -0.110721 -0.208890 0.156250
v -0.130084 -0.195952 0.156250
v -0.045679 -0.230914 0.218750
v -0.068519 -0.226371 0.187500
v -0.068519 -0.226371 0.218750
v -0.110721 -0.208890 0.062500
v -0.110721 -0.208890 0.031250
v -0.130084 -0.195953 0.031250
v -0.068519 -0.226371 0.093750
v -0.045679 -0.230914 0.093750
v -0.068519 -0.226371 0.062500
v -0.022840 -0.235457 0.187500
v -0.022840 -0.235457 0.156250
v -0.045679 -0.230914 0.156250
v 0.045679 -0.230914 0.218750
v 0.022840 -0.235457 0.187500
v 0.022840 -0.235457 0.218750
v 0.068519 -0.226371 0.187500
v 0.068519 -0.226371 0.156250
v 0.045679 -0.230914 0.156250
v 0.130084 -0.195952 0.218750
v 0.110721 -0.208890 0.187500
v 0.110721 -0.208890 0.218750
v 0.068519 -0.226371 0.062500
v 0.068519 -0.226371 0.031250
v 0.045679 -0.230914 0.031250
v 0.110721 -0.208890 0.093750
v 0.130084 -0.195953 0.093750
v 0.110721 -0.208890 0.062500
v 0.149446 -0.183015 0.187500
v 0.149446 -0.183015 0.156250
v 0.130084 -0.195952 0.156250
v 0.194685 -0.131352 0.218750
v 0.181747 -0.150714 0.187500
v 0.181747 -0.150714 0.218750
v 0.207622 -0.111989 0.187500
v 0.207622 -0.111989 0.156250
v 0.194685 -0.131352 0.156250
v 0.229646 -0.046947 0.218750
v 0.225103 -0.069787 0.187500
v 0.225103 -0.069787 0.218750
v 0.207622 -0.111989 0.062500
v 0.207622 -0.111989 0.031250
v 0.194685 -0.131352 0.031250
v 0.225103 -0.069787 0.093750
v 0.229646 -0.046947 0.093750
v 0.225103 -0.069787 0.062500
v 0.234189 -0.024108 0.187500
v 0.234189 -0.024108 0.156250
v 0.229646 -0.046947 0.156250
v 0.229646 0.044412 0.218750
v 0.234189 0.021572 0.187500
v 0.234189 0.021572 0.218750
v 0.225103 0.067251 0.187500
v 0.225103 0.067251 0.156250
v 0.229646 0.044412 0.156250
v 0.194685 0.128817 0.218750
v 0.207622 0.109454 0.187500
v 0.207622 0.109454 0.218750
v 0.225103 0.067251 0.062500
v 0.225103 0.067251 0.031250
v 0.229646 0.044412 0.031250
v 0.207622 0.109454 0.093750
v 0.194685 0.128817 0.093750
v 0.207622 0.109454 0.062500
v 0.181747 0.148179 0.187500
v 0.181747 0.148179 0.156250
v 0.194685 0.128817 0.156250
v 0.130084 0.193417 0.218750
v 0.149446 0.180480 0.187500
v 0.149446 0.180480 0.218750
v 0.110721 0.206355 0.187500
v 0.110721 0.206355 0.156250
v 0.130084 0.193417 0.156250
v 0.045679 0.228379 0.218750
v 0.068519 0.223835 0.187500
v 0.068519 0.223835 0.218750
v 0.110721 0.206354 0.062500
v 0.110721 0.206354 0.031250
v 0.130084 0.193417 0.031250
v 0.068519 0.223835 0.093750
v 0.045679 0.228379 0.093750
v 0.068519 0.223835 0.062500
v 0.022840 0.232922 0.187500
v 0.022840 0.232922 0.156250
v 0.045679 0.228379 0.156250
v -0.045679 0.228379 0.468750
v -0.022840 0.232922 0.437500
v -0.022840 0.232922 0.468750
v -0.068519 0.223835 0.437500
v -0.068519 0.223835 0.406250
v -0.045679 0.228379 0.406250
v -0.130084 0.193417 0.468750
v -0.110721 0.206355 0.437500
v -0.110721 0.206355 0.468750
v -0.068519 0.223835 0.312500
v -0.068519 0.223835 0.281250
v -0.045679 0.228379 0.281250
v -0.110721 0.206355 0.343750
v -0.130084 0.193417 0.343750
v -0.110721 0.206355 0.312500
v -0.149446 0.180480 0.437500
v -0.149446 0.180480 0.406250
v -0.130084 0.193417 0.406250
v -0.194685 0.128817 0.468750
v -0.181747 0.148179 0.437500
v -0.181747 0.148179 0.468750
v -0.207622 0.109454 0.437500
v -0.207622 0.109454 0.406250
v -0.194685 0.128817 0.406250
v -0.229646 0.044412 0.468750
v -0.225103 0.067251 0.437500
v -0.225103 0.067251 0.468750
v -0.207622 0.109454 0.312500
v -0.207622 0.109454 0.281250
v -0.194685 0.128817 0.281250
v -0.225103 0.067251 0.343750
v -0.229646 0.044412 0.343750
v -0.225103 0.067251 0.312500
v -0.234189 0.021572 0.437500
v -0.234189 0.021572 0.406250
v -0.229646 0.044412 0.406250
v -0.229646 -0.046947 0.468750
v -0.234189 -0.024108 0.437500
v -0.234189 -0.024108 0.468750
v -0.225103 -0.069787 0.437500
v -0.225103 -0.069787 0.406250
v -0.229646 -0.046947 0.406250
v -0.194685 -0.131352 0.468750
v -0.207622 -0.111989 0.437500
v -0.207622 -0.111989 0.468750
v -0.225103 -0.069787 0.312500
v -0.225103 -0.069787 0.281250
v -0.229646 -0.046947 0.281250
v -0.207622 -0.111989 0.343750
v -0.194685 -0.131352 0.343750
v -0.207622 -0.111989 0.312500
v -0.181747 -0.150714 0.437500
v -0.181747 -0.150714 0.406250
v -0.194685 -0.131352 0.406250
v -0.130084 -0.195952 0.468750
v -0.149446 -0.183015 0.437500
v -0.149446 -0.183015 0.468750
v -0.110721 -0.208890 0.437500
v -0.110721 -0.208890 0.406250
v -0.130084 -0.195952 0.406250
v -0.045679 -0.230914 0.468750
v -0.068519 -0.226371 0.437500
v -0.068519 -0.226371 0.468750
v -0.110721 -0.208890 0.312500
v -0.110721 -0.208890 0.281250
v -0.130084 -0.195952 0.281250
v -0.068519 -0.226371 0.343750
v -0.045679 -0.230914 0.343750
v -0.068519 -0.226371 0.312500
v -0.022840 -0.235457 0.437500
v -0.022840 -0.235457 0.406250
v -0.045679 -0.230914 0.406250
v 0.045679 -0.230914 0.468750
v 0.022840 -0.235457 0.437500
v 0.022840 -0.235457 0.468750
v 0.068519 -0.226371 0.437500
v 0.068519 -0.226371 0.406250
v 0.045679 -0.230914 0.406250
v 0.130084 -0.195952 0.468750
v 0.110721 -0.208890 0.437500
v 0.110721 -0.208890 0.468750
v 0.068519 -0.226371 0.312500
v 0.068519 -0.226371 0.281250
v 0.045679 -0.230914 0.281250
v 0.110721 -0.208890 0.343750
v 0.130084 -0.195952 0.343750
v 0.110721 -0.208890 0.312500
v 0.149446 -0.183015 0.437500
v 0.149446 -0.183015 0.406250
v 0.130084 -0.195952 0.406250
v 0.194685 -0.131352 0.468750
v 0.181747 -0.150714 0.437500
v 0.181747 -0.150714 0.468750
v 0.207622 -0.111989 0.437500
v 0.207622 -0.111989 0.406250
v 0.194685 -0.131352 0.406250
v 0.229646 -0.046947 0.468750
v 0.225103 -0.069787 0.437500
v 0.225103 -0.069787 0.468750
v 0.207622 -0.111989 0.312500
v 0.207622 -0.111989 0.281250
v 0.194685 -0.131352 0.281250
v 0.225103 -0.069787 0.343750
v 0.229646 -0.046947 0.343750
v 0.225103 -0.069787 0.312500
v 0.234189 -0.024108 0.437500
v 0.234189 -0.024108 0.406250
v 0.229646 -0.046947 0.406250
v 0.229646 0.044412 0.468750
v 0.234189 0.021572 0.437500
v 0.234189 0.021572 0.468750
v 0.225103 0.067251 0.437500
v 0.225103 0.067251 0.406250
v 0.229646 0.044412 0.406250
v 0.194685 0.128817 0.468750
v 0.207622 0.109454 0.437500
v 0.207622 0.109454 0.468750
v 0.225103 0.067251 0.312500
v 0.225103 0.067251 0.281250
v 0.229646 0.044412 0.281250
v 0.207622 0.109454 0.343750
v 0.194685 0.128817 0.343750
v 0.207622 0.109454 0.312500
v 0.181747 0.148179 0.437500
v 0.181747 0.148179 0.406250
v 0.194685 0.128817 0.406250
v 0.130084 0.193417 0.468750
v 0.149446 0.180480 0.437500
v 0.149446 0.180480 0.468750
v 0.110721 0.206355 0.437500
v 0.110721 0.206355 0.406250
v 0.130084 0.193417 0.406250
v 0.045679 0.228379 0.468750
v 0.068519 0.223835 0.437500
v 0.068519 0.223835 0.468750
v 0.110721 0.206355 0.312500
v 0.110721 0.206355 0.281250
v 0.130084 0.193417 0.281250
v 0.068519 0.223835 0.343750
v 0.045679 0.228379 0.343750
v 0.068519 0.223835 0.312500
v 0.022840 0.232922 0.437500
v 0.022840 0.232922 0.406250
v 0.045679 0.228379 0.406250
v -0.045679 0.228379 0.718750
v -0.022840 0.232922 0.687500
v -0.022840 0.232922 0.718750
v -0.068519 0.223835 0.687500
v -0.068519 0.223835 0.656250
v -0.045679 0.228379 0.656250
v -0.130084 0.193417 0.718750
v -0.110721 0.206355 0.687500
v -0.110721 0.206355 0.718750
v -0.068519 0.223835 0.562500
v -0.068519 0.223835 0.531250
v -0.045679 0.228379 0.531250
v -0.110721 0.206355 0.593750
v -0.130084 0.193417 0.593750
v -0.110721 0.206355 0.562500
v -0.149446 0.180480 0.687500
v -0.149446 0.180480 0.656250
v -0.130084 0.193417 0.656250
v -0.194685 0.128817 0.718750
v -0.181747 0.148179 0.687500
v -0.181747 0.148179 0.718750
v -0.207622 0.109454 0.687500
v -0.207622 0.109454 0.656250
v -0.194685 0.128817 0.656250
v -0.229646 0.044412 0.718750
v -0.225103 0.067251 0.687500
v -0.225103 0.067251 0.718750
v -0.207622 0.109454 0.562500
v -0.207622 0.109454 0.531250
v -0.194685 0.128817 0.531250
v -0.225103 0.067251 0.593750
v -0.229646 0.044412 0.593750
v -0.225103 0.067251 0.562500
v -0.234189 0.021572 0.687500
v -0.234189 0.021572 0.656250
v -0.229646 0.044412 0.656250
v -0.229646 -0.046947 0.718750
v -0.234189 -0.024108 0.687500
v -0.234189 -0.024108 0.718750
v -0.225103 -0.069787 0.687500
v -0.225103 -0.069787 0.656250
v -0.229646 -0.046947 0.656250
v -0.194685 -0.131352 0.718750
v -0.207622 -0.111989 0.687500
v -0.207622 -0.111989 0.718750
v -0.225103 -0.069787 0.562500
v -0.225103 -0.069787 0.531250
v -0.229646 -0.046947 0.531250
v -0.207622 -0.111989 0.593750
v -0.194685 -0.131352 0.593750
v -0.207622 -0.111989 0.562500
v -0.181747 -0.150714 0.687500
v -0.181747 -0.150714 0.656250
v -0.194685 -0.131352 0.656250
v -0.130084 -0.195952 0.718750
v -0.149446 -0.183015 0.687500
v -0.149446 -0.183015 0.718750
v -0.110721 -0.208890 0.687500
v -0.110721 -0.208890 0.656250
v -0.130084 -0.195952 0.656250
v -0.045679 -0.230914 0.718750
v -0.068519 -0.226371 0.687500
v -0.068519 -0.226371 0.718750
v -0.110721 -0.208890 0.562500
v -0.110721 -0.208890 0.531250
v -0.130084 -0.195952 0.531250
v -0.068519 -0.226371 0.593750
v -0.045679 -0.230914 0.593750
v -0.068519 -0.226371 0.562500
v -0.022840 -0.235457 0.687500
v -0.022840 -0.235457 0.656250
v -0.045679 -0.230914 0.656250
v 0.045679 -0.230914 0.718750
v 0.022840 -0.235457 0.687500
v 0.022840 -0.235457 0.718750
v 0.068519 -0.226371 0.687500
v 0.068519 -0.226371 0.656250
v 0.045679 -0.230914 0.656250
v 0.130084 -0.195952 0.718750
v 0.110721 -0.208890 0.687500
v 0.110721 -0.208890 0.718750
v 0.068519 -0.226371 0.562500
v 0.068519 -0.226371 0.531250
v 0.045679 -0.230914 0.531250
v 0.110721 -0.208890 0.593750
v 0.130084 -0.195952 0.593750
v 0.110721 -0.208890 0.562500
v 0.149446 -0.183015 0.687500
v 0.149446 -0.183015 0.656250
v 0.130084 -0.195952 0.656250
v 0.194685 -0.131352 0.718750
v 0.181747 -0.150714 0.687500
v 0.181747 -0.150714 0.718750
v 0.207622 -0.111989 0.687500
v 0.207622 -0.111989 0.656250
v 0.194685 -0.131352 0.656250
v 0.229646 -0.046947 0.718750
v 0.225103 -0.069787 0.687500
v 0.225103 -0.069787 0.718750
v 0.207622 -0.111989 0.562500
v 0.207622 -0.111989 0.531250
v 0.194685 -0.131352 0.531250
v 0.225103 -0.069787 0.593750
v 0.229646 -0.046947 0.593750
v 0.225103 -0.069787 0.562500
v 0.234189 -0.024108 0.687500
v 0.234189 -0.024108 0.656250
v 0.229646 -0.046947 0.656250
v 0.229646 0.044412 0.718750
v 0.234189 0.021572 0.687500
v 0.234189 0.021572 0.718750
v 0.225103 0.067251 0.687500
v 0.225103 0.067251 0.656250
v 0.229646 0.044412 0.656250
v 0.194685 0.128817 0.718750
v 0.207622 0.109454 0.687500
v 0.207622 0.109454 0.718750
v 0.225103 0.067251 0.562500
v 0.225103 0.067251 0.531250
v 0.229646 0.044412 0.531250
v 0.207622 0.109454 0.593750
v 0.194685 0.128817 0.593750
v 0.207622 0.109454 0.562500
v 0.181747 0.148179 0.687500
v 0.181747 0.148179 0.656250
v 0.194685 0.128817 0.656250
v 0.130084 0.193417 0.718750
v 0.149446 0.180480 0.687500
v 0.149446 0.180480 0.718750
v 0.110721 0.206355 0.687500
v 0.110721 0.206355 0.656250
v 0.130084 0.193417 0.656250
v 0.045679 0.228379 0.718750
v 0.068519 0.223835 0.687500
v 0.068519 0.223835 0.718750
v 0.110721 0.206355 0.562500
v 0.110721 0.206355 0.531250
v 0.130084 0.193417 0.531250
v 0.068519 0.223835 0.593750
v 0.045679 0.228379 0.593750
v 0.068519 0.223835 0.562500
v 0.022840 0.232922 0.687500
v 0.022840 0.232922 0.656250
v 0.045679 0.228379 0.656250
v -0.045679 0.228379 0.968750
v -0.022840 0.232922 0.937500
v -0.022840 0.232922 0.968750
v -0.068519 0.223835 0.937500
v -0.068519 0.223835 0.906250
v -0.045679 0.228379 0.906250
v -0.130084 0.193417 0.968750
v -0.110721 0.206355 0.937500
v -0.110721 0.206355 0.968750
v -0.068519 0.223835 0.812500
v -0.068519 0.223835 0.781250
v -0.045679 0.228379 0.781250
v -0.110721 0.206355 0.843750
v -0.130084 0.193417 0.843750
v -0.110721 0.206355 0.812500
v -0.149446 0.180480 0.937500
v -0.149446 0.180480 0.906250
v -0.130084 0.193417 0.906250
v -0.194685 0.128817 0.968750
v -0.181747 0.148179 0.937500
v -0.181747 0.148179 0.968750
v -0.207622 0.109454 0.937500
v -0.207622 0.109454 0.906250
v -0.194685 0.128817 0.906250
v -0.229646 0.044412 0.968750
v -0.225103 0.067251 0.937500
v -0.225103 0.067251 0.968750
v -0.207622 0.109454 0.812500
v -0.207622 0.109454 0.781250
v -0.194685 0.128817 0.781250
v -0.225103 0.067251 0.843750
v -0.229646 0.044412 0.843750
v -0.225103 0.067251 0.812500
v -0.234189 0.021572 0.937500
v -0.234189 0.021572 0.906250
v -0.229646 0.044412 0.906250
v -0.229646 -0.046947 0.968750
v -0.234189 -0.024107 0.937500
v -0.234189 -0.024107 0.968750
v -0.225103 -0.069787 0.937500
v -0.225103 -0.069787 0.906250
v -0.229646 -0.046947 0.906250
v -0.194685 -0.131352 0.968750
v -0.207622 -0.111989 0.937500
v -0.207622 -0.111989 0.968750
v -0.225103 -0.069787 0.812500
v -0.225103 -0.069787 0.781250
v -0.229646 -0.046947 0.781250
v -0.207622 -0.111989 0.843750
v -0.194685 -0.131352 0.843750
v -0.207622 -0.111989 0.812500
v -0.181747 -0.150714 0.937500
v -0.181747 -0.150714 0.906250
v -0.194685 -0.131352 0.906250
v -0.130084 -0.195952 0.968750
v -0.149446 -0.183015 0.937500
v -0.149446 -0.183015 0.968750
v -0.110721 -0.208890 0.937500
v -0.110721 -0.208890 0.906250
v -0.130084 -0.195952 0.906250
v -0.045679 -0.230914 0.968750
v -0.068519 -0.226371 0.937500
v -0.068519 -0.226371 0.968750
v -0.110721 -0.208890 0.812500
v -0.110721 -0.208890 0.781250
v -0.130084 -0.195952 0.781250
v -0.068519 -0.226371 0.843750
v -0.045679 -0.230914 0.843750
v -0.068519 -0.226371 0.812500
v -0.022840 -0.235457 0.937500
v -0.022840 -0.235457 0.906250
v -0.045679 -0.230914 0.906250
v 0.045679 -0.230914 0.968750
v 0.022840 -0.235457 0.937500
v 0.022840 -0.235457 0.968750
v 0.068519 -0.226371 0.937500
v 0.068519 -0.226371 0.906250
v 0.045679 -0.230914 0.906250
v 0.130084 -0.195952 0.968750
v 0.110721 -0.208890 0.937500
v 0.110721 -0.208890 0.968750
v 0.068519 -0.226371 0.812500
v 0.068519 -0.226371 0.781250
v 0.045679 -0.230914 0.781250
v 0.110721 -0.208890 0.843750
v 0.130084 -0.195952 0.843750
v 0.110721 -0.208890 0.812500
v 0.149446 -0.183015 0.937500
v 0.149446 -0.183015 0.906250
v 0.130084 -0.195952 0.906250
v 0.194685 -0.131351 0.968750
v 0.181747 -0.150714 0.937500
v 0.181747 -0.150714 0.968750
v 0.207622 -0.111989 0.937500
v 0.207622 -0.111989 0.906250
v 0.194685 -0.131352 0.906250
v 0.229646 -0.046947 0.968750
v 0.225103 -0.069787 0.937500
v 0.225103 -0.069787 0.968750
v 0.207622 -0.111989 0.812500
v 0.207622 -0.111989 0.781250
v 0.194685 -0.131352 0.781250
v 0.225103 -0.069787 0.843750
v 0.229646 -0.046947 0.843750
v 0.225103 -0.069787 0.812500
v 0.234189 -0.024108 0.937500
v 0.234189 -0.024108 0.906250
v 0.229646 -0.046947 0.906250
v 0.229646 0.044412 0.968750
v 0.234189 0.021572 0.937500
v 0.234189 0.021572 0.968750
v 0.225103 0.067251 0.937500
v 0.225103 0.067251 0.906250
v 0.229646 0.044412 0.906250
v 0.194685 0.128817 0.968750
v 0.207622 0.109454 0.937500
v 0.207622 0.109454 0.968750
v 0.225103 0.067251 0.812500
v 0.225103 0.067251 0.781250
v 0.229646 0.044412 0.781250
v 0.207622 0.109454 0.843750
v 0.194685 0.128817 0.843750
v 0.207622 0.109454 0.812500
v 0.181747 0.148179 0.937500
v 0.181747 0.148179 0.906250
v 0.194685 0.128817 0.906250
v 0.130084 0.193417 0.968750
v 0.149446 0.180480 0.937500
v 0.149446 0.180480 0.968750
v 0.110721 0.206355 0.937500
v 0.110721 0.206355 0.906250
v 0.130084 0.193417 0.906250
v 0.045679 0.228379 0.968750
v 0.068519 0.223835 0.937500
v 0.068519 0.223835 0.968750
v 0.110721 0.206355 0.812500
v 0.110721 0.206355 0.781250
v 0.130084 0.193417 0.781250
v 0.068519 0.223835 0.843750
v 0.045679 0.228379 0.843750
v 0.068519 0.223835 0.812500
v 0.022840 0.232922 0.937500
v 0.022840 0.232922 0.906250
v 0.045679 0.228379 0.906250
v 0.022840 0.232922 0.812500
v 0.022840 0.232922 0.781250
v 0.045679 0.228379 0.781250
v 0.130084 0.193417 0.843750
v 0.149446 0.180480 0.812500
v 0.149446 0.180480 0.843750
v 0.181747 0.148179 0.812500
v 0.181747 0.148179 0.781250
v 0.194685 0.128817 0.781250
v 0.229646 0.044412 0.843750
v 0.234189 0.021572 0.812500
v 0.234189 0.021572 0.843750
v 0.234189 -0.024108 0.812500
v 0.234189 -0.024108 0.781250
v 0.229646 -0.046947 0.781250
v 0.194685 -0.131352 0.843750
v 0.181747 -0.150714 0.812500
v 0.181747 -0.150714 0.843750
v 0.149446 -0.183015 0.812500
v 0.149446 -0.183015 0.781250
v 0.130084 -0.195952 0.781250
v 0.045679 -0.230914 0.843750
v 0.022840 -0.235457 0.812500
v 0.022840 -0.235457 0.843750
v -0.022840 -0.235457 0.812500
v -0.022840 -0.235457 0.781250
v -0.045679 -0.230914 0.781250
v -0.130084 -0.195952 0.843750
v -0.149446 -0.183015 0.812500
v -0.149446 -0.183015 0.843750
v -0.181747 -0.150714 0.812500
v -0.181747 -0.150714 0.781250
v -0.194685 -0.131352 0.781250
v -0.229646 -0.046947 0.843750
v -0.234189 -0.024108 0.812500
v -0.234189 -0.024108 0.843750
v -0.234189 0.021572 0.812500
v -0.234189 0.021572 0.781250
v -0.229646 0.044412 0.781250
v -0.194685 0.128817 0.843750
v -0.181747 0.148179 0.812500
v -0.181747 0.148179 0.843750
v -0.149446 0.180480 0.812500
v -0.149446 0.180480 0.781250
v -0.130084 0.193417 0.781250
v -0.045679 0.228379 0.843750
v -0.022840 0.232922 0.812500
v -0.022840 0.232922 0.843750
v 0.022840 0.232922 0.562500
v 0.022840 0.232922 0.531250
v 0.045679 0.228379 0.531250
v 0.130084 0.193417 0.593750
v 0.149446 0.180480 0.562500
v 0.149446 0.180480 0.593750
v 0.181747 0.148179 0.562500
v 0.181747 0.148179 0.531250
v 0.194685 0.128817 0.531250
v 0.229646 0.044412 0.593750
v 0.234189 0.021572 0.562500
v 0.234189 0.021572 0.593750
v 0.234189 -0.024108 0.562500
v 0.234189 -0.024108 0.531250
v 0.229646 -0.046947 0.531250
v 0.194685 -0.131352 0.593750
v 0.181747 -0.150714 0.562500
v 0.181747 -0.150714 0.593750
v 0.149446 -0.183015 0.562500
v 0.149446 -0.183015 0.531250
v 0.130084 -0.195952 0.531250
v 0.045679 -0.230914 0.593750
v 0.022840 -0.235457 0.562500
v 0.022840 -0.235457 0.593750
v -0.022840 -0.235457 0.562500
v -0.022840 -0.235457 0.531250
v -0.045679 -0.230914 0.531250
v -0.130084 -0.195952 0.593750
v -0.149446 -0.183015 0.562500
v -0.149446 -0.183015 0.593750
v -0.181747 -0.150714 0.562500
v -0.181747 -0.150714 0.531250
v -0.194685 -0.131352 0.531250
v -0.229646 -0.046947 0.593750
v -0.234189 -0.024108 0.562500
v -0.234189 -0.024108 0.593750
v -0.234189 0.021572 0.562500
v -0.234189 0.021572 0.531250
v -0.229646 0.044412 0.531250
v -0.194685 0.128817 0.593750
v -0.181747 0.148179 0.562500
v -0.181747 0.148179 0.593750
v -0.149446 0.180480 0.562500
v -0.149446 0.180480 0.531250
v -0.130084 0.193417 0.531250
v -0.045679 0.228379 0.593750
v -0.022840 0.232922 0.562500
v -0.022840 0.232922 0.593750
v 0.022840 0.232922 0.312500
v 0.022840 0.232922 0.281250
v 0.045679 0.228379 0.281250
v 0.130084 0.193417 0.343750
v 0.149446 0.180480 0.312500
v 0.149446 0.180480 0.343750
v 0.181747 0.148179 0.312500
v 0.181747 0.148179 0.281250
v 0.194685 0.128817 0.281250
v 0.229646 0.044412 0.343750
v 0.234189 0.021572 0.312500
v 0.234189 0.021572 0.343750
v 0.234189 -0.024108 0.312500
v 0.234189 -0.024108 0.281250
v 0.229646 -0.046947 0.281250
v 0.194685 -0.131352 0.343750
v 0.181747 -0.150714 0.312500
v 0.181747 -0.150714 0.343750
v 0.149446 -0.183015 0.312500
v 0.149446 -0.183015 0.281250
v 0.130084 -0.195952 0.281250
v 0.045679 -0.230914 0.343750
v 0.022840 -0.235457 0.312500
v 0.022840 -0.235457 0.343750
v -0.022840 -0.235457 0.312500
v -0.022840 -0.235457 0.281250
v -0.045679 -0.230914 0.281250
v -0.130084 -0.195952 0.343750
v -0.149446 -0.183015 0.312500
v -0.149446 -0.183015 0.343750
v -0.181747 -0.150714 0.312500
v -0.181747 -0.150714 0.281250
v -0.194685 -0.131352 0.281250
v -0.229646 -0.046947 0.343750
v -0.234189 -0.024108 0.312500
v -0.234189 -0.024108 0.343750
v -0.234189 0.021572 0.312500
v -0.234189 0.021572 0.281250
v -0.229646 0.044412 0.281250
v -0.194685 0.128817 0.343750
v -0.181747 0.148179 0.312500
v -0.181747 0.148179 0.343750
v -0.149446 0.180480 0.312500
v -0.149446 0.180480 0.281250
v -0.130084 0.193417 0.281250
v -0.045679 0.228379 0.343750
v -0.022840 0.232922 0.312500
v -0.022840 0.232922 0.343750
v 0.022840 0.232922 0.062500
v 0.022840 0.232922 0.031250
v 0.045679 0.228379 0.031250
v 0.130084 0.193417 0.093750
v 0.149446 0.180479 0.062500
v 0.149446 0.180479 0.093750
v 0.181747 0.148179 0.062500
v 0.181747 0.148179 0.031250
v 0.194685 0.128817 0.031250
v 0.229646 0.044412 0.093750
v 0.234189 0.021572 0.062500
v 0.234189 0.021572 0.093750
v 0.234189 -0.024108 0.062500
v 0.234189 -0.024108 0.031250
v 0.229646 -0.046947 0.031250
v 0.194685 -0.131352 0.093750
v 0.181747 -0.150714 0.062500
v 0.181747 -0.150714 0.093750
v 0.149446 -0.183015 0.062500
v 0.149446 -0.183015 0.031250
v 0.130084 -0.195953 0.031250
v 0.045679 -0.230914 0.093750
v 0.022840 -0.235457 0.062500
v 0.022840 -0.235457 0.093750
v -0.022840 -0.235457 0.062500
v -0.022840 -0.235457 0.031250
v -0.045679 -0.230914 0.031250
v -0.130084 -0.195953 0.093750
v -0.149446 -0.183015 0.062500
v -0.149446 -0.183015 0.093750
v -0.181747 -0.150714 0.062500
v -0.181747 -0.150714 0.031250
v -0.194685 -0.131352 0.031250
v -0.229646 -0.046947 0.093750
v -0.234189 -0.024108 0.062500
v -0.234189 -0.024108 0.093750
v -0.234189 0.021572 0.062500
v -0.234189 0.021572 0.031250
v -0.229646 0.044412 0.031250
v -0.194685 0.128817 0.093750
v -0.181747 0.148179 0.062500
v -0.181747 0.148179 0.093750
v -0.149446 0.180479 0.062500
v -0.149446 0.180479 0.031250
v -0.130084 0.193417 0.031250
v -0.045679 0.228379 0.093750
v -0.022840 0.232922 0.062500
v -0.022840 0.232922 0.093750
v 0.022840 0.232922 -0.187500
v 0.022840 0.232922 -0.218750
v 0.045679 0.228378 -0.218750
v 0.130084 0.193417 -0.156250
v 0.149446 0.180479 -0.187500
v 0.149446 0.180479 -0.156250
v 0.181747 0.148179 -0.187500
v 0.181747 0.148179 -0.218750
v 0.194685 0.128816 -0.218750
v 0.229646 0.044411 -0.156250
v 0.234189 0.021572 -0.187500
v 0.234189 0.021572 -0.156250
v 0.234189 -0.024108 -0.187500
v 0.234189 -0.024108 -0.218750
v 0.229646 -0.046948 -0.218750
v 0.194685 -0.131352 -0.156250
v 0.181747 -0.150715 -0.187500
v 0.181747 -0.150715 -0.156250
v 0.149446 -0.183015 -0.187500
v 0.149446 -0.183015 -0.218750
v 0.130084 -0.195953 -0.218750
v 0.045679 -0.230914 -0.156250
v 0.022840 -0.235457 -0.187500
v 0.022840 -0.235457 -0.156250
v -0.022840 -0.235457 -0.187500
v -0.022840 -0.235457 -0.218750
v -0.045679 -0.230914 -0.218750
v -0.130084 -0.195953 -0.156250
v -0.149446 -0.183015 -0.187500
v -0.149446 -0.183015 -0.156250
v -0.181747 -0.150715 -0.187500
v -0.181747 -0.150715 -0.218750
v -0.194685 -0.131352 -0.218750
v -0.229646 -0.046948 -0.156250
v -0.234189 -0.024108 -0.187500
v -0.234189 -0.024108 -0.156250
v -0.234189 0.021572 -0.187500
v -0.234189 0.021572 -0.218750
v -0.229646 0.044411 -0.218750
v -0.194685 0.128816 -0.156250
v -0.181747 0.148179 -0.187500
v -0.181747 0.148179 -0.156250
v -0.149446 0.180479 -0.187500
v -0.149446 0.180479 -0.218750
v -0.130084 0.193417 -0.218750
v -0.045679 0.228378 -0.156250
v -0.022840 0.232922 -0.187500
v -0.022840 0.232922 -0.156250
v 0.022840 0.232922 -0.437500
v 0.022840 0.232922 -0.468750
v 0.045679 0.228378 -0.468750
v 0.130084 0.193417 -0.406250
v 0.149446 0.180479 -0.437500
v 0.149446 0.180479 -0.406250
v 0.181747 0.148179 -0.437500
v 0.181747 0.148179 -0.468750
v 0.194685 0.128816 -0.468750
v 0.229646 0.044411 -0.406250
v 0.234189 0.021572 -0.437500
v 0.234189 0.021572 -0.406250
v 0.234189 -0.024108 -0.437500
v 0.234189 -0.024108 -0.468750
v 0.229646 -0.046948 -0.468750
v 0.194685 -0.131352 -0.406250
v 0.181747 -0.150715 -0.437500
v 0.181747 -0.150715 -0.406250
v 0.149446 -0.183015 -0.437500
v 0.149446 -0.183015 -0.468750
v 0.130084 -0.195953 -0.468750
v 0.045679 -0.230914 -0.406250
v 0.022840 -0.235457 -0.437500
v 0.022840 -0.235457 -0.406250
v -0.022840 -0.235457 -0.437500
v -0.022840 -0.235457 -0.468750
v -0.045679 -0.230914 -0.468750
v -0.130084 -0.195953 -0.406250
v -0.149446 -0.183015 -0.437500
v -0.149446 -0.183015 -0.406250
v -0.181747 -0.150715 -0.437500
v -0.181747 -0.150715 -0.468750
v -0.194685 -0.131352 -0.468750
v -0.229646 -0.046948 -0.406250
v -0.234189 -0.024108 -0.437500
v -0.234189 -0.024108 -0.406250
v -0.234189 0.021572 -0.437500
v -0.234189 0.021572 -0.468750
v -0.229646 0.044411 -0.468750
v -0.194685 0.128816 -0.406250
v -0.181747 0.148179 -0.437500
v -0.181747 0.148179 -0.406250
v -0.149446 0.180479 -0.437500
v -0.149446 0.180479 -0.468750
v -0.130084 0.193417 -0.468750
v -0.045679 0.228378 -0.406250
v -0.022840 0.232922 -0.437500
v -0.022840 0.232922 -0.406250
v 0.022840 0.232922 -0.687500
v 0.022840 0.232922 -0.718750
v 0.045679 0.228378 -0.718750
v 0.130084 0.193417 -0.656250
v 0.149446 0.180479 -0.687500
v 0.149446 0.180479 -0.656250
v 0.181747 0.148179 -0.687500
v 0.181747 0.148179 -0.718750
v 0.194685 0.128816 -0.718750
v 0.229646 0.044411 -0.656250
v 0.234189 0.021572 -0.687500
v 0.234189 0.021572 -0.656250
v 0.234189 -0.024108 -0.687500
v 0.234189 -0.024108 -0.718750
v 0.229646 -0.046948 -0.718750
v 0.194685 -0.131352 -0.656250
v 0.181747 -0.150715 -0.687500
v 0.181747 -0.150715 -0.656250
v 0.149446 -0.183015 -0.687500
v 0.149446 -0.183015 -0.718750
v 0.130084 -0.195953 -0.718750
v 0.045679 -0.230914 -0.656250
v 0.022840 -0.235457 -0.687500
v 0.022840 -0.235457 -0.656250
v -0.022840 -0.235457 -0.687500
v -0.022840 -0.235457 -0.718750
v -0.045679 -0.230914 -0.718750
v -0.130084 -0.195953 -0.656250
v -0.149446 -0.183015 -0.687500
v -0.149446 -0.183015 -0.656250
v -0.181747 -0.150715 -0.687500
v -0.181747 -0.150715 -0.718750
v -0.194685 -0.131352 -0.718750
v -0.229646 -0.046948 -0.656250
v -0.234189 -0.024108 -0.687500
v -0.234189 -0.024108 -0.656250
v -0.234189 0.021572 -0.687500
v -0.234189 0.021572 -0.718750
v -0.229646 0.044411 -0.718750
v -0.194685 0.128816 -0.656250
v -0.181747 0.148179 -0.687500
v -0.181747 0.148179 -0.656250
v -0.149446 0.180479 -0.687500
v -0.149446 0.180479 -0.718750
v -0.130084 0.193417 -0.718750
v -0.045679 0.228378 -0.656250
v -0.022840 0.232922 -0.687500
v -0.022840 0.232922 -0.656250
v 0.022840 0.232922 -0.937500
v 0.022840 0.232922 -0.968750
v 0.045679 0.228378 -0.968750
v 0.130084 0.193417 -0.906250
v 0.149446 0.180479 -0.937500
v 0.149446 0.180479 -0.906250
v 0.181747 0.148179 -0.937500
v 0.181747 0.148179 -0.968750
v 0.194685 0.128816 -0.968750
v 0.229646 0.044411 -0.906250
v 0.234189 0.021572 -0.937500
v 0.234189 0.021572 -0.906250
v 0.234189 -0.024108 -0.937500
v 0.234189 -0.024108 -0.968750
v 0.229646 -0.046948 -0.968750
v 0.194685 -0.131352 -0.906250
v 0.181747 -0.150715 -0.937500
v 0.181747 -0.150715 -0.906250
v 0.149446 -0.183015 -0.937500
v 0.149446 -0.183015 -0.968750
v 0.130084 -0.195953 -0.968750
v 0.045679 -0.230914 -0.906250
v 0.022840 -0.235457 -0.937500
v 0.022840 -0.235457 -0.906250
v -0.022840 -0.235457 -0.937500
v -0.022840 -0.235457 -0.968750
v -0.045679 -0.230914 -0.968750
v -0.130084 -0.195953 -0.906250
v -0.149446 -0.183015 -0.937500
v -0.149446 -0.183015 -0.906250
v -0.181747 -0.150715 -0.937500
v -0.181747 -0.150715 -0.968750
v -0.194685 -0.131352 -0.968750
v -0.229646 -0.046948 -0.906250
v -0.234189 -0.024108 -0.937500
v -0.234189 -0.024108 -0.906250
v -0.234189 0.021572 -0.937500
v -0.234189 0.021572 -0.968750
v -0.229646 0.044411 -0.968750
v -0.194685 0.128816 -0.906250
v -0.181747 0.148179 -0.937500
v -0.181747 0.148179 -0.906250
v -0.149446 0.180479 -0.937500
v -0.149446 0.180479 -0.968750
v -0.130084 0.193417 -0.968750
v -0.045679 0.228378 -0.906250
v -0.022840 0.232922 -0.937500
v -0.022840 0.232922 -0.906250
vn 0.1950 -0.9808 -0.0000
vn -0.1972 -0.9804 -0.0000
vn 0.2860 -0.9497 -0.1278
vn 0.7071 -0.7071 -0.0000
vn 0.5556 -0.8315 -0.0000
vn 0.8315 -0.5556 -0.0000
vn 1.0000 -0.0000 -0.0000
vn 0.9808 -0.1951 -0.0000
vn 0.9808 0.1951 -0.0000
vn 0.7071 0.7071 -0.0000
vn 0.8315 0.5556 -0.0000
vn 0.5556 0.8315 -0.0000
vn -0.0000 1.0000 -0.0000
vn 0.1951 0.9808 -0.0000
vn -0.1951 0.9808 -0.0000
vn -0.7071 0.7071 -0.0000
vn -0.5556 0.8315 -0.0000
vn -0.8315 0.5556 -0.0000
vn -1.0000 -0.0000 -0.0000
vn -0.9808 0.1951 -0.0000
vn -0.9808 -0.1951 -0.0000
vn -0.7071 -0.7071 -0.0000
vn -0.8315 -0.5556 -0.0000
vn -0.5556 -0.8315 -0.0000
vn 0.0172 -0.9999 -0.0000
vn 0.1801 -0.9808 0.0746
vn 0.0605 -0.9949 0.0804
vn -0.0605 -0.9949 -0.0804
vn -0.2847 -0.9503 0.1259
vn -0.0000 -0.9807 -0.1957
vn -0.1927 -0.9686 0.1570
vn -0.3827 -0.9239 -0.0000
vn -0.1636 -0.9856 -0.0428
vn -0.9239 -0.3827 -0.0000
vn -0.9239 0.3827 -0.0000
vn -0.3827 0.9239 -0.0000
vn 0.3827 0.9239 -0.0000
vn 0.9239 0.3827 -0.0000
vn 0.9239 -0.3827 -0.0000
vn 0.3827 -0.9239 -0.0000
vn 0.1449 -0.9894 -0.0129
vn 0.1640 -0.9856 0.0421
vn 0.2847 -0.9503 -0.1259
vn 0.1801 -0.9808 -0.0746
vn -0.1449 -0.9894 0.0129
vn 0.1641 -0.9856 0.0421
vn 0.1951 -0.9808 -0.0000
vn 0.1940 -0.9754 0.1049
vn 0.1546 -0.9832 -0.0969
vn 0.2256 -0.9733 -0.0421
vn 0.0434 -0.9983 -0.0385
vn -0.1379 -0.9808 -0.1379
vn 0.2149 -0.9642 0.1553
vn 0.1948 -0.9794 0.0525
vn 0.2969 -0.9549 -0.0000
vn 0.1007 -0.9869 0.1259
vn 0.1940 -0.9754 -0.1049
vn 0.1636 -0.9856 0.0428
vn 0.1948 -0.9794 -0.0533
vn -0.2668 -0.9609 -0.0742
vn -0.1213 -0.9898 -0.0742
vn -0.3249 -0.9423 0.0804
vn -0.2448 -0.9695 -0.0129
vn -0.1326 -0.9876 -0.0841
vn -0.1948 -0.9794 0.0525
vn -0.2463 -0.9692 -0.0000
vn -0.0911 -0.9958 -0.0000
vn -0.2149 -0.9642 -0.1553
vn -0.3349 -0.9403 0.0601
vn -0.0990 -0.9943 -0.0402
vn 0.1472 -0.9889 0.0201
vn 0.1213 -0.9898 0.0742
vn 0.3249 -0.9423 -0.0804
vn 0.2668 -0.9609 0.0742
vn 0.0370 -0.9993 -0.0000
vn 0.1002 -0.9869 0.1265
vn -0.0000 -0.9805 0.1965
vn 0.3144 -0.9341 -0.1692
vn -0.1940 -0.9752 0.1065
vn -0.2471 -0.9690 -0.0000
vn -0.0992 -0.9868 -0.1278
vn -0.2261 -0.9732 0.0428
vn -0.1951 -0.9808 -0.0000
vn -0.2856 -0.9499 0.1272
vn -0.1927 -0.9685 0.1578
vn -0.1940 -0.9753 -0.1057
vn -0.1379 -0.9808 0.1379
vn -0.3419 -0.9389 -0.0385
vn -0.3016 -0.9470 -0.1110
vn -0.2668 -0.9609 0.0742
vn 0.1213 -0.9898 -0.0742
vn 0.2448 -0.9695 0.0129
vn 0.1704 -0.9731 -0.1553
vn 0.3419 -0.9389 0.0385
vn 0.1965 -0.9805 -0.0000
vn -0.2851 -0.9501 0.1265
vn -0.1907 -0.9587 0.2111
vn -0.1926 -0.9684 -0.1586
vn 0.1940 -0.9752 0.1065
vn 0.0903 -0.9959 -0.0000
vn 0.2261 -0.9732 -0.0428
vn 0.0997 -0.9869 0.1272
vn 0.2851 -0.9501 -0.1265
vn -0.1950 -0.9808 -0.0000
vn -0.0172 -0.9999 -0.0000
vt 0.738070 0.003672
vt 0.737312 0.019223
vt 0.725670 0.018752
vt 0.644116 0.001446
vt 0.655844 0.001599
vt 0.643819 0.017038
vt 0.632120 0.016902
vt 0.550437 0.000642
vt 0.562138 0.000715
vt 0.550270 0.016236
vt 0.538581 0.016169
vt 0.456855 0.000234
vt 0.468552 0.000270
vt 0.456767 0.015830
vt 0.445078 0.015798
vt 0.363264 0.000087
vt 0.374964 0.000092
vt 0.363251 0.015684
vt 0.351560 0.015683
vt 0.269642 0.000197
vt 0.281346 0.000168
vt 0.269711 0.015793
vt 0.258016 0.015827
vt 0.175969 0.000618
vt 0.187683 0.000544
vt 0.176139 0.016214
vt 0.164439 0.016296
vt 0.082162 0.001599
vt 0.093899 0.001422
vt 0.082519 0.017192
vt 0.070818 0.017392
vt 0.749714 0.004292
vt 0.734984 0.127348
vt 0.734857 0.142786
vt 0.723247 0.142668
vt 0.642179 0.126226
vt 0.653780 0.126347
vt 0.642049 0.141814
vt 0.630449 0.141708
vt 0.549288 0.125512
vt 0.560908 0.125580
vt 0.549193 0.141131
vt 0.537577 0.141069
vt 0.456276 0.125128
vt 0.467906 0.125162
vt 0.456227 0.140755
vt 0.444601 0.140725
vt 0.363211 0.124994
vt 0.374845 0.124998
vt 0.363209 0.140624
vt 0.351581 0.140624
vt 0.270147 0.125108
vt 0.281778 0.125080
vt 0.270194 0.140738
vt 0.258570 0.140771
vt 0.177145 0.125516
vt 0.188765 0.125446
vt 0.177240 0.141138
vt 0.165628 0.141212
vt 0.084275 0.126326
vt 0.095876 0.126198
vt 0.084400 0.141901
vt 0.072801 0.142022
vt 0.746600 0.127487
vt 0.734549 0.251073
vt 0.734555 0.266578
vt 0.722937 0.266586
vt 0.641663 0.250839
vt 0.653268 0.250887
vt 0.641658 0.266408
vt 0.630052 0.266364
vt 0.548848 0.250443
vt 0.560449 0.250489
vt 0.548835 0.266052
vt 0.537234 0.266011
vt 0.456036 0.250160
vt 0.467638 0.250186
vt 0.456027 0.265786
vt 0.444426 0.265764
vt 0.363213 0.250056
vt 0.374816 0.250059
vt 0.363215 0.265688
vt 0.351613 0.265689
vt 0.270388 0.250152
vt 0.281991 0.250129
vt 0.270400 0.265779
vt 0.258799 0.265804
vt 0.177571 0.250448
vt 0.189173 0.250402
vt 0.177584 0.266055
vt 0.165981 0.266100
vt 0.084735 0.250862
vt 0.096343 0.250812
vt 0.084737 0.266426
vt 0.073126 0.266465
vt 0.746169 0.251060
vt 0.734712 0.375326
vt 0.734740 0.390888
vt 0.723119 0.390917
vt 0.641758 0.375396
vt 0.653375 0.375404
vt 0.641780 0.390969
vt 0.630164 0.390961
vt 0.548868 0.375266
vt 0.560475 0.375285
vt 0.548882 0.390863
vt 0.537275 0.390846
vt 0.456041 0.375130
vt 0.467642 0.375144
vt 0.456049 0.390744
vt 0.444448 0.390733
vt 0.363243 0.375070
vt 0.374842 0.375072
vt 0.363249 0.390689
vt 0.351649 0.390689
vt 0.270438 0.375114
vt 0.282040 0.375102
vt 0.270441 0.390726
vt 0.258838 0.390737
vt 0.177590 0.375252
vt 0.189199 0.375231
vt 0.177587 0.390846
vt 0.165975 0.390864
vt 0.084668 0.375407
vt 0.096287 0.375392
vt 0.084658 0.390981
vt 0.073037 0.390992
vt 0.746333 0.375288
vt 0.734880 0.499923
vt 0.734888 0.515508
vt 0.723266 0.515518
vt 0.641900 0.499999
vt 0.653521 0.499993
vt 0.641908 0.515577
vt 0.630287 0.515584
vt 0.548969 0.500023
vt 0.560581 0.500022
vt 0.548976 0.515616
vt 0.537366 0.515619
vt 0.456112 0.500017
vt 0.467716 0.500018
vt 0.456120 0.515625
vt 0.444517 0.515625
vt 0.363299 0.499997
vt 0.374900 0.500000
vt 0.363307 0.515611
vt 0.351706 0.515608
vt 0.270479 0.499980
vt 0.282084 0.499982
vt 0.270488 0.515586
vt 0.258883 0.515583
vt 0.177606 0.499980
vt 0.189220 0.499978
vt 0.177616 0.515569
vt 0.166002 0.515568
vt 0.084657 0.500014
vt 0.096279 0.500007
vt 0.084668 0.515589
vt 0.073046 0.515597
vt 0.746500 0.499907
vt 0.734859 0.624578
vt 0.734845 0.640147
vt 0.723223 0.640137
vt 0.641894 0.624625
vt 0.653513 0.624608
vt 0.641885 0.640202
vt 0.630269 0.640224
vt 0.548992 0.624789
vt 0.560601 0.624769
vt 0.548991 0.640389
vt 0.537384 0.640411
vt 0.456158 0.624907
vt 0.467760 0.624898
vt 0.456162 0.640524
vt 0.444561 0.640533
vt 0.363358 0.624925
vt 0.374958 0.624928
vt 0.363364 0.640546
vt 0.351765 0.640540
vt 0.270557 0.624841
vt 0.282158 0.624856
vt 0.270565 0.640454
vt 0.258963 0.640436
vt 0.177716 0.624696
vt 0.189325 0.624715
vt 0.177731 0.640287
vt 0.166123 0.640266
vt 0.084808 0.624592
vt 0.096425 0.624596
vt 0.084831 0.640158
vt 0.073214 0.640155
vt 0.746480 0.624593
vt 0.734745 0.748962
vt 0.734745 0.764475
vt 0.723128 0.764490
vt 0.641851 0.749240
vt 0.653457 0.749188
vt 0.641864 0.764818
vt 0.630260 0.764878
vt 0.549025 0.749643
vt 0.560627 0.749598
vt 0.549045 0.765259
vt 0.537443 0.765303
vt 0.456206 0.749891
vt 0.467809 0.749871
vt 0.456219 0.765521
vt 0.444614 0.765539
vt 0.363381 0.749936
vt 0.374984 0.749941
vt 0.363379 0.765568
vt 0.351774 0.765560
vt 0.270560 0.749785
vt 0.282162 0.749814
vt 0.270544 0.765411
vt 0.258941 0.765377
vt 0.177750 0.749464
vt 0.189351 0.749512
vt 0.177730 0.765067
vt 0.166130 0.765014
vt 0.084926 0.749068
vt 0.096532 0.749113
vt 0.084915 0.764621
vt 0.073309 0.764571
vt 0.746364 0.748970
vt 0.735135 0.872800
vt 0.735290 0.888244
vt 0.723683 0.888426
vt 0.642321 0.873922
vt 0.653924 0.873802
vt 0.642466 0.889520
vt 0.630856 0.889639
vt 0.549414 0.874618
vt 0.561035 0.874554
vt 0.549508 0.890243
vt 0.537878 0.890302
vt 0.456390 0.874945
vt 0.468022 0.874920
vt 0.456428 0.890573
vt 0.444789 0.890593
vt 0.363321 0.874995
vt 0.374955 0.875002
vt 0.363306 0.890621
vt 0.351666 0.890610
vt 0.270264 0.874801
vt 0.281894 0.874839
vt 0.270196 0.890425
vt 0.258561 0.890383
vt 0.177275 0.874346
vt 0.188892 0.874420
vt 0.177153 0.889962
vt 0.165532 0.889881
vt 0.084422 0.873525
vt 0.096021 0.873653
vt 0.084260 0.889097
vt 0.072661 0.888948
vt 0.746750 0.872659
vt 0.736025 0.934574
vt 0.747637 0.934252
vt 0.736386 0.950031
vt 0.747340 0.918858
vt 0.038029 0.872950
vt 0.049629 0.873101
vt 0.037867 0.888445
vt 0.037120 0.934970
vt 0.036756 0.950505
vt 0.025148 0.950181
vt 0.048724 0.935229
vt 0.083570 0.935850
vt 0.083268 0.951445
vt 0.071629 0.951255
vt 0.095198 0.936015
vt 0.095451 0.920417
vt 0.130829 0.873992
vt 0.142437 0.874090
vt 0.130683 0.889596
vt 0.130109 0.936416
vt 0.129877 0.952021
vt 0.118220 0.951899
vt 0.141753 0.936526
vt 0.176700 0.936802
vt 0.176524 0.952410
vt 0.164860 0.952325
vt 0.188353 0.936880
vt 0.188507 0.921269
vt 0.223756 0.874610
vt 0.235381 0.874664
vt 0.223662 0.890231
vt 0.223319 0.937079
vt 0.223187 0.952688
vt 0.211520 0.952627
vt 0.234976 0.937136
vt 0.269952 0.937278
vt 0.269859 0.952888
vt 0.258190 0.952845
vt 0.281613 0.937317
vt 0.281692 0.921703
vt 0.316788 0.874928
vt 0.328421 0.874950
vt 0.316747 0.890553
vt 0.316596 0.937411
vt 0.316538 0.953022
vt 0.304868 0.952994
vt 0.328259 0.937434
vt 0.363247 0.937482
vt 0.363223 0.953094
vt 0.351552 0.953082
vt 0.374911 0.937490
vt 0.374924 0.921874
vt 0.409857 0.875001
vt 0.421491 0.874993
vt 0.409868 0.890629
vt 0.409903 0.937491
vt 0.409913 0.953104
vt 0.398240 0.953107
vt 0.421567 0.937484
vt 0.456558 0.937437
vt 0.456606 0.953050
vt 0.444932 0.953070
vt 0.468222 0.937412
vt 0.468167 0.921795
vt 0.502912 0.874820
vt 0.514540 0.874777
vt 0.502978 0.890447
vt 0.503211 0.937311
vt 0.503298 0.952925
vt 0.491625 0.952963
vt 0.514873 0.937268
vt 0.549854 0.937104
vt 0.549986 0.952717
vt 0.538315 0.952778
vt 0.561512 0.937038
vt 0.561376 0.921421
vt 0.595887 0.874325
vt 0.607499 0.874235
vt 0.596008 0.889943
vt 0.596476 0.936793
vt 0.596663 0.952404
vt 0.584995 0.952495
vt 0.608127 0.936694
vt 0.643061 0.936330
vt 0.643312 0.951935
vt 0.631654 0.952072
vt 0.654698 0.936182
vt 0.654459 0.920582
vt 0.688723 0.873398
vt 0.700322 0.873251
vt 0.688880 0.888947
vt 0.689579 0.935629
vt 0.689900 0.951205
vt 0.678262 0.951421
vt 0.701195 0.935403
vt 0.724773 0.950377
vt 0.734804 0.810955
vt 0.746422 0.810916
vt 0.734853 0.826429
vt 0.746390 0.795448
vt 0.038484 0.748939
vt 0.050097 0.748961
vt 0.038480 0.764455
vt 0.038398 0.810972
vt 0.038340 0.826470
vt 0.026730 0.826389
vt 0.050005 0.811043
vt 0.084813 0.811282
vt 0.084747 0.826838
vt 0.073148 0.826744
vt 0.096412 0.811365
vt 0.096462 0.795800
vt 0.131344 0.749262
vt 0.142946 0.749313
vt 0.131327 0.764845
vt 0.131209 0.811606
vt 0.131142 0.827198
vt 0.119543 0.827112
vt 0.142809 0.811682
vt 0.177611 0.811891
vt 0.177548 0.827502
vt 0.165945 0.827432
vt 0.189214 0.811953
vt 0.189263 0.796340
vt 0.224154 0.749643
vt 0.235755 0.749682
vt 0.224134 0.765260
vt 0.224029 0.812120
vt 0.223977 0.827742
vt 0.212367 0.827688
vt 0.235637 0.812168
vt 0.270464 0.812292
vt 0.270424 0.827920
vt 0.258811 0.827882
vt 0.282074 0.812327
vt 0.282104 0.796697
vt 0.316969 0.749884
vt 0.328572 0.749902
vt 0.316959 0.765514
vt 0.316910 0.812409
vt 0.316886 0.828040
vt 0.305270 0.828016
vt 0.328523 0.812429
vt 0.363364 0.812469
vt 0.363356 0.828102
vt 0.351738 0.828092
vt 0.374978 0.812475
vt 0.374981 0.796842
vt 0.409794 0.749939
vt 0.421397 0.749932
vt 0.409800 0.765571
vt 0.409820 0.812473
vt 0.409828 0.828107
vt 0.398210 0.828111
vt 0.421434 0.812465
vt 0.456272 0.812418
vt 0.456297 0.828051
vt 0.444680 0.828071
vt 0.467884 0.812395
vt 0.467860 0.796763
vt 0.502617 0.749792
vt 0.514219 0.749759
vt 0.502634 0.765417
vt 0.502716 0.812301
vt 0.502755 0.827931
vt 0.491142 0.827968
vt 0.514325 0.812262
vt 0.549147 0.812119
vt 0.549198 0.827743
vt 0.537589 0.827797
vt 0.560752 0.812063
vt 0.560708 0.796444
vt 0.595434 0.749452
vt 0.607037 0.749400
vt 0.595452 0.765053
vt 0.595561 0.811870
vt 0.595620 0.827481
vt 0.584017 0.827553
vt 0.607163 0.811798
vt 0.641964 0.811562
vt 0.642024 0.827147
vt 0.630425 0.827236
vt 0.653563 0.811478
vt 0.653519 0.795904
vt 0.688284 0.749050
vt 0.699897 0.749015
vt 0.688290 0.764598
vt 0.688368 0.811227
vt 0.688424 0.826768
vt 0.676823 0.826864
vt 0.699973 0.811148
vt 0.723240 0.826502
vt 0.734794 0.686825
vt 0.746414 0.686846
vt 0.734777 0.702371
vt 0.746431 0.671293
vt 0.038329 0.624621
vt 0.049950 0.624606
vt 0.038356 0.640178
vt 0.038432 0.686821
vt 0.038452 0.702359
vt 0.026834 0.702368
vt 0.050049 0.686816
vt 0.084895 0.686843
vt 0.084911 0.702402
vt 0.073298 0.702381
vt 0.096508 0.686863
vt 0.096490 0.671298
vt 0.131272 0.624628
vt 0.142885 0.624643
vt 0.131291 0.640206
vt 0.131339 0.686942
vt 0.131349 0.702520
vt 0.119741 0.702487
vt 0.142947 0.686972
vt 0.177764 0.687068
vt 0.177768 0.702665
vt 0.166165 0.702628
vt 0.189368 0.687101
vt 0.189361 0.671502
vt 0.224144 0.624772
vt 0.235748 0.624790
vt 0.224154 0.640375
vt 0.224176 0.687194
vt 0.224177 0.702803
vt 0.212576 0.702770
vt 0.235777 0.687223
vt 0.270580 0.687300
vt 0.270580 0.702919
vt 0.258980 0.702893
vt 0.282180 0.687322
vt 0.282177 0.671703
vt 0.316960 0.624894
vt 0.328560 0.624904
vt 0.316967 0.640512
vt 0.316979 0.687377
vt 0.316980 0.703001
vt 0.305380 0.702984
vt 0.328579 0.687390
vt 0.363377 0.687418
vt 0.363380 0.703045
vt 0.351780 0.703038
vt 0.374976 0.687422
vt 0.374973 0.671797
vt 0.409756 0.624930
vt 0.421356 0.624927
vt 0.409761 0.640550
vt 0.409775 0.687421
vt 0.409779 0.703048
vt 0.398179 0.703052
vt 0.421375 0.687416
vt 0.456175 0.687385
vt 0.456181 0.703009
vt 0.444580 0.703023
vt 0.467776 0.687370
vt 0.467771 0.671749
vt 0.502568 0.624859
vt 0.514173 0.624843
vt 0.502570 0.640469
vt 0.502579 0.687310
vt 0.502585 0.702927
vt 0.490983 0.702951
vt 0.514181 0.687285
vt 0.548991 0.687200
vt 0.548995 0.702808
vt 0.537392 0.702841
vt 0.560596 0.687169
vt 0.560596 0.671566
vt 0.595433 0.624706
vt 0.607047 0.624684
vt 0.595428 0.640295
vt 0.595415 0.687068
vt 0.595414 0.702661
vt 0.583808 0.702699
vt 0.607024 0.687033
vt 0.641856 0.686933
vt 0.641849 0.702509
vt 0.630239 0.702546
vt 0.653469 0.686903
vt 0.653480 0.671330
vt 0.688373 0.624571
vt 0.699994 0.624566
vt 0.688360 0.640140
vt 0.688317 0.686833
vt 0.688304 0.702392
vt 0.676688 0.702415
vt 0.699935 0.686820
vt 0.723157 0.702363
vt 0.734895 0.562263
vt 0.746515 0.562264
vt 0.734890 0.577845
vt 0.746517 0.546676
vt 0.038165 0.500051
vt 0.049788 0.500040
vt 0.038177 0.515630
vt 0.038230 0.562356
vt 0.038252 0.577928
vt 0.026631 0.577949
vt 0.049852 0.562340
vt 0.084718 0.562313
vt 0.084738 0.577885
vt 0.073117 0.577890
vt 0.096338 0.562309
vt 0.096320 0.546735
vt 0.131141 0.499991
vt 0.142759 0.499987
vt 0.131151 0.515572
vt 0.131195 0.562312
vt 0.131213 0.577891
vt 0.119596 0.577886
vt 0.142812 0.562316
vt 0.177654 0.562336
vt 0.177669 0.577925
vt 0.166057 0.577915
vt 0.189266 0.562344
vt 0.189252 0.546752
vt 0.224052 0.499977
vt 0.235660 0.499977
vt 0.224061 0.515575
vt 0.224094 0.562370
vt 0.224106 0.577969
vt 0.212499 0.577958
vt 0.235701 0.562379
vt 0.270517 0.562405
vt 0.270527 0.578013
vt 0.258923 0.578002
vt 0.282120 0.562413
vt 0.282111 0.546805
vt 0.316893 0.499988
vt 0.328495 0.499990
vt 0.316901 0.515599
vt 0.316927 0.562435
vt 0.316936 0.578048
vt 0.305335 0.578040
vt 0.328528 0.562441
vt 0.363331 0.562454
vt 0.363338 0.578070
vt 0.351738 0.578066
vt 0.374931 0.562458
vt 0.374923 0.546842
vt 0.409703 0.500008
vt 0.421305 0.500010
vt 0.409711 0.515621
vt 0.409733 0.562462
vt 0.409739 0.578077
vt 0.398139 0.578077
vt 0.421334 0.562461
vt 0.456140 0.562455
vt 0.456145 0.578066
vt 0.444543 0.578070
vt 0.467743 0.562451
vt 0.467737 0.546842
vt 0.502532 0.500022
vt 0.514140 0.500023
vt 0.502540 0.515624
vt 0.502557 0.562434
vt 0.502561 0.578038
vt 0.490956 0.578047
vt 0.514164 0.562426
vt 0.548991 0.562400
vt 0.548993 0.577995
vt 0.537383 0.578007
vt 0.560602 0.562390
vt 0.560599 0.546797
vt 0.595424 0.500016
vt 0.607041 0.500013
vt 0.595432 0.515601
vt 0.595443 0.562357
vt 0.595443 0.577943
vt 0.583829 0.577957
vt 0.607060 0.562346
vt 0.641916 0.562313
vt 0.641914 0.577891
vt 0.630295 0.577903
vt 0.653537 0.562302
vt 0.653537 0.546725
vt 0.688388 0.499970
vt 0.700012 0.499960
vt 0.688397 0.515547
vt 0.688404 0.562277
vt 0.688400 0.577852
vt 0.676777 0.577860
vt 0.700027 0.562271
vt 0.723268 0.577843
vt 0.734814 0.437598
vt 0.746435 0.437568
vt 0.734835 0.453176
vt 0.746412 0.421991
vt 0.038184 0.375436
vt 0.049806 0.375434
vt 0.038172 0.391007
vt 0.038150 0.437734
vt 0.038149 0.453313
vt 0.026526 0.453318
vt 0.049773 0.437729
vt 0.084641 0.437707
vt 0.084641 0.453284
vt 0.073018 0.453292
vt 0.096263 0.437698
vt 0.096266 0.422121
vt 0.131139 0.375336
vt 0.142753 0.375316
vt 0.131132 0.390919
vt 0.131123 0.437666
vt 0.131124 0.453247
vt 0.119504 0.453257
vt 0.142740 0.437654
vt 0.177586 0.437621
vt 0.177588 0.453211
vt 0.165974 0.453220
vt 0.189198 0.437610
vt 0.189197 0.422017
vt 0.224022 0.375174
vt 0.235627 0.375157
vt 0.224022 0.390778
vt 0.224028 0.437582
vt 0.224032 0.453182
vt 0.212423 0.453188
vt 0.235636 0.437574
vt 0.270453 0.437554
vt 0.270459 0.453161
vt 0.258853 0.453165
vt 0.282057 0.437549
vt 0.282052 0.421939
vt 0.316844 0.375078
vt 0.328444 0.375073
vt 0.316848 0.390696
vt 0.316865 0.437540
vt 0.316871 0.453153
vt 0.305269 0.453154
vt 0.328466 0.437539
vt 0.363269 0.437540
vt 0.363276 0.453155
vt 0.351675 0.453154
vt 0.374869 0.437543
vt 0.374862 0.421927
vt 0.409641 0.375088
vt 0.421240 0.375096
vt 0.409647 0.390706
vt 0.409671 0.437554
vt 0.409679 0.453168
vt 0.398078 0.453164
vt 0.421272 0.437559
vt 0.456077 0.437579
vt 0.456086 0.453189
vt 0.444484 0.453183
vt 0.467680 0.437587
vt 0.467670 0.421978
vt 0.502448 0.375192
vt 0.514052 0.375210
vt 0.502459 0.390799
vt 0.502493 0.437612
vt 0.502504 0.453215
vt 0.490898 0.453209
vt 0.514099 0.437621
vt 0.548924 0.437648
vt 0.548937 0.453242
vt 0.537327 0.453236
vt 0.560534 0.437657
vt 0.560520 0.422065
vt 0.595304 0.375341
vt 0.606916 0.375357
vt 0.595321 0.390925
vt 0.595373 0.437678
vt 0.595388 0.453263
vt 0.583773 0.453258
vt 0.606988 0.437684
vt 0.641842 0.437692
vt 0.641860 0.453268
vt 0.630240 0.453269
vt 0.653462 0.437691
vt 0.653442 0.422117
vt 0.688230 0.375404
vt 0.699850 0.375394
vt 0.688256 0.390967
vt 0.688326 0.437672
vt 0.688345 0.453245
vt 0.676723 0.453254
vt 0.699948 0.437660
vt 0.723213 0.453199
vt 0.734607 0.313141
vt 0.746227 0.313107
vt 0.734631 0.328678
vt 0.746205 0.297581
vt 0.038289 0.251013
vt 0.049903 0.250985
vt 0.038284 0.266549
vt 0.038246 0.313187
vt 0.038230 0.328743
vt 0.026610 0.328740
vt 0.049865 0.313180
vt 0.084716 0.313125
vt 0.084704 0.328693
vt 0.073087 0.328713
vt 0.096331 0.313097
vt 0.096339 0.297525
vt 0.131159 0.250653
vt 0.142763 0.250600
vt 0.131168 0.266242
vt 0.131167 0.313002
vt 0.131161 0.328586
vt 0.119549 0.328616
vt 0.142776 0.312967
vt 0.177599 0.312864
vt 0.177598 0.328463
vt 0.165990 0.328494
vt 0.189204 0.312831
vt 0.189202 0.297227
vt 0.223979 0.250277
vt 0.235581 0.250241
vt 0.223993 0.265896
vt 0.224016 0.312741
vt 0.224019 0.328352
vt 0.212415 0.328378
vt 0.235619 0.312715
vt 0.270424 0.312648
vt 0.270428 0.328267
vt 0.258827 0.328285
vt 0.282025 0.312630
vt 0.282019 0.297008
vt 0.316800 0.250079
vt 0.328403 0.250068
vt 0.316808 0.265709
vt 0.316825 0.312592
vt 0.316830 0.328216
vt 0.305230 0.328226
vt 0.328425 0.312584
vt 0.363224 0.312576
vt 0.363228 0.328202
vt 0.351629 0.328202
vt 0.374824 0.312578
vt 0.374821 0.296950
vt 0.409625 0.250084
vt 0.421228 0.250098
vt 0.409622 0.265715
vt 0.409622 0.312598
vt 0.409625 0.328223
vt 0.398026 0.328214
vt 0.421221 0.312610
vt 0.456020 0.312658
vt 0.456023 0.328278
vt 0.444423 0.328261
vt 0.467620 0.312678
vt 0.467620 0.297057
vt 0.502444 0.250281
vt 0.514045 0.250318
vt 0.502431 0.265901
vt 0.502421 0.312750
vt 0.502425 0.328363
vt 0.490824 0.328339
vt 0.514023 0.312777
vt 0.548829 0.312867
vt 0.548835 0.328469
vt 0.537232 0.328441
vt 0.560432 0.312899
vt 0.560429 0.297299
vt 0.595252 0.250636
vt 0.606854 0.250687
vt 0.595241 0.266228
vt 0.595247 0.312997
vt 0.595257 0.328584
vt 0.583651 0.328555
vt 0.606854 0.313028
vt 0.641681 0.313114
vt 0.641697 0.328683
vt 0.630085 0.328661
vt 0.653292 0.313137
vt 0.653278 0.297573
vt 0.688091 0.251010
vt 0.699703 0.251039
vt 0.688093 0.266548
vt 0.688134 0.313181
vt 0.688155 0.328732
vt 0.676539 0.328727
vt 0.699750 0.313184
vt 0.723011 0.328704
vt 0.734627 0.189143
vt 0.746246 0.189181
vt 0.734589 0.204612
vt 0.746301 0.173740
vt 0.037877 0.126900
vt 0.049478 0.126749
vt 0.038001 0.142404
vt 0.038220 0.188925
vt 0.038255 0.204440
vt 0.026643 0.204490
vt 0.049827 0.188852
vt 0.084636 0.188606
vt 0.084679 0.204171
vt 0.073076 0.204244
vt 0.096237 0.188522
vt 0.096177 0.172945
vt 0.130691 0.125862
vt 0.142301 0.125765
vt 0.130805 0.141470
vt 0.131037 0.188278
vt 0.131084 0.203875
vt 0.119483 0.203947
vt 0.142638 0.188202
vt 0.177444 0.187997
vt 0.177489 0.203613
vt 0.165887 0.203674
vt 0.189048 0.187937
vt 0.188994 0.172316
vt 0.223634 0.125270
vt 0.235260 0.125223
vt 0.223705 0.140898
vt 0.223867 0.187782
vt 0.223904 0.203408
vt 0.212299 0.203454
vt 0.235475 0.187738
vt 0.270304 0.187632
vt 0.270331 0.203264
vt 0.258724 0.203294
vt 0.281916 0.187605
vt 0.281888 0.171973
vt 0.316675 0.125019
vt 0.328309 0.125007
vt 0.316698 0.140649
vt 0.316753 0.187547
vt 0.316767 0.203181
vt 0.305158 0.203196
vt 0.328366 0.187535
vt 0.363208 0.187522
vt 0.363209 0.203156
vt 0.351598 0.203157
vt 0.374822 0.187525
vt 0.374826 0.171891
vt 0.409746 0.125031
vt 0.421379 0.125050
vt 0.409721 0.140660
vt 0.409663 0.187554
vt 0.409650 0.203187
vt 0.398040 0.203174
vt 0.421277 0.187571
vt 0.456114 0.187643
vt 0.456088 0.203273
vt 0.444479 0.203246
vt 0.467726 0.187673
vt 0.467761 0.172044
vt 0.502792 0.125286
vt 0.514419 0.125336
vt 0.502720 0.140910
vt 0.502555 0.187787
vt 0.502517 0.203412
vt 0.490911 0.203372
vt 0.514163 0.187832
vt 0.548982 0.187988
vt 0.548934 0.203604
vt 0.537331 0.203551
vt 0.560586 0.188047
vt 0.560647 0.172432
vt 0.595753 0.125818
vt 0.607364 0.125910
vt 0.595637 0.141428
vt 0.595391 0.188245
vt 0.595339 0.203846
vt 0.583739 0.203782
vt 0.606991 0.188318
vt 0.641789 0.188553
vt 0.641738 0.204127
vt 0.630138 0.204055
vt 0.653388 0.188635
vt 0.653454 0.173068
vt 0.688573 0.126752
vt 0.700171 0.126900
vt 0.688440 0.142288
vt 0.688190 0.188880
vt 0.688146 0.204410
vt 0.676542 0.204343
vt 0.699795 0.188957
vt 0.722973 0.204576
vt 0.735886 0.065626
vt 0.747498 0.065952
vt 0.735586 0.081058
vt 0.747867 0.050581
vt 0.035190 0.002614
vt 0.046932 0.002300
vt 0.035746 0.018195
vt 0.036993 0.064849
vt 0.037284 0.080372
vt 0.025679 0.080615
vt 0.048605 0.064598
vt 0.083470 0.063983
vt 0.083722 0.079576
vt 0.072107 0.079749
vt 0.095102 0.063818
vt 0.094833 0.048217
vt 0.129091 0.001003
vt 0.140815 0.000891
vt 0.129334 0.016598
vt 0.130025 0.063416
vt 0.130223 0.079028
vt 0.118592 0.079146
vt 0.141673 0.063306
vt 0.176632 0.063036
vt 0.176779 0.078653
vt 0.165136 0.078734
vt 0.188288 0.062962
vt 0.188144 0.047350
vt 0.222815 0.000361
vt 0.234523 0.000313
vt 0.222930 0.015958
vt 0.223266 0.062781
vt 0.223369 0.078398
vt 0.211719 0.078453
vt 0.234927 0.062732
vt 0.269915 0.062617
vt 0.269979 0.078234
vt 0.258325 0.078268
vt 0.281578 0.062588
vt 0.281521 0.046975
vt 0.316457 0.000108
vt 0.328159 0.000097
vt 0.316484 0.015705
vt 0.316569 0.062528
vt 0.316598 0.078145
vt 0.304942 0.078161
vt 0.328233 0.062516
vt 0.363225 0.062506
vt 0.363220 0.078122
vt 0.351564 0.078122
vt 0.374889 0.062510
vt 0.374905 0.046898
vt 0.410063 0.000130
vt 0.421761 0.000150
vt 0.410012 0.015726
vt 0.409879 0.062546
vt 0.409841 0.078162
vt 0.398186 0.078146
vt 0.421541 0.062566
vt 0.456527 0.062648
vt 0.456456 0.078263
vt 0.444803 0.078232
vt 0.468187 0.062683
vt 0.468272 0.047073
vt 0.503644 0.000402
vt 0.515341 0.000455
vt 0.503518 0.015998
vt 0.503166 0.062812
vt 0.503061 0.078426
vt 0.491411 0.078379
vt 0.514824 0.062864
vt 0.549793 0.063048
vt 0.549650 0.078660
vt 0.538005 0.078594
vt 0.561447 0.063120
vt 0.561611 0.047512
vt 0.597252 0.000973
vt 0.608962 0.001075
vt 0.597033 0.016567
vt 0.596400 0.063374
vt 0.596212 0.078984
vt 0.584575 0.078893
vt 0.608047 0.063475
vt 0.642970 0.063838
vt 0.642730 0.079440
vt 0.631106 0.079310
vt 0.654602 0.063985
vt 0.654886 0.048386
vt 0.691073 0.002197
vt 0.702831 0.002466
vt 0.690622 0.017785
vt 0.689466 0.064540
vt 0.689179 0.080107
vt 0.677573 0.079915
vt 0.701076 0.064772
vt 0.723981 0.080797
vt 0.712134 0.096056
vt 0.711933 0.111555
vt 0.700334 0.111380
vt 0.723735 0.096268
vt 0.735341 0.096487
vt 0.735143 0.111916
vt 0.723536 0.111735
vt 0.688937 0.095664
vt 0.700536 0.095854
vt 0.688737 0.111211
vt 0.700780 0.080318
vt 0.712680 0.065030
vt 0.724282 0.065316
vt 0.712380 0.080549
vt 0.665734 0.095325
vt 0.665540 0.110903
vt 0.653939 0.110764
vt 0.677337 0.095487
vt 0.677139 0.111052
vt 0.690192 0.033376
vt 0.701843 0.033635
vt 0.689804 0.048962
vt 0.702317 0.018051
vt 0.714592 0.002788
vt 0.726346 0.003182
vt 0.714002 0.018368
vt 0.666229 0.064150
vt 0.678171 0.048745
vt 0.677851 0.064334
vt 0.666532 0.048555
vt 0.666866 0.032957
vt 0.678923 0.017558
vt 0.678532 0.033152
vt 0.642518 0.095039
vt 0.654128 0.095176
vt 0.642335 0.110635
vt 0.654349 0.079583
vt 0.665964 0.079740
vt 0.619286 0.094798
vt 0.619117 0.110404
vt 0.607504 0.110302
vt 0.630904 0.094913
vt 0.630728 0.110515
vt 0.596041 0.094595
vt 0.607665 0.094692
vt 0.595888 0.110207
vt 0.607847 0.079083
vt 0.619691 0.063584
vt 0.631332 0.063705
vt 0.619478 0.079191
vt 0.572784 0.094423
vt 0.572647 0.110038
vt 0.561023 0.109963
vt 0.584414 0.094505
vt 0.584269 0.110119
vt 0.596815 0.032165
vt 0.608492 0.032266
vt 0.596602 0.047768
vt 0.608727 0.016668
vt 0.620675 0.001186
vt 0.632393 0.001309
vt 0.620423 0.016779
vt 0.573100 0.063198
vt 0.584940 0.047675
vt 0.584751 0.063282
vt 0.573276 0.047590
vt 0.573460 0.031987
vt 0.585341 0.016474
vt 0.585138 0.032072
vt 0.549517 0.094275
vt 0.561151 0.094346
vt 0.549396 0.109893
vt 0.561293 0.078731
vt 0.572935 0.078809
vt 0.526243 0.094150
vt 0.526138 0.109769
vt 0.514507 0.109714
vt 0.537881 0.094210
vt 0.537768 0.109828
vt 0.502963 0.094043
vt 0.514604 0.094094
vt 0.502874 0.109664
vt 0.514710 0.078478
vt 0.526482 0.062921
vt 0.538138 0.062982
vt 0.526358 0.078533
vt 0.479679 0.093954
vt 0.479604 0.109575
vt 0.467968 0.109537
vt 0.491321 0.093997
vt 0.491239 0.109617
vt 0.503395 0.031598
vt 0.515073 0.031650
vt 0.503278 0.047203
vt 0.515205 0.016050
vt 0.527039 0.000512
vt 0.538738 0.000574
vt 0.526893 0.016107
vt 0.479848 0.062722
vt 0.491610 0.047155
vt 0.491507 0.062765
vt 0.479941 0.047112
vt 0.480039 0.031506
vt 0.491830 0.015950
vt 0.491718 0.031550
vt 0.456390 0.093881
vt 0.468035 0.093916
vt 0.456330 0.109503
vt 0.468108 0.078297
vt 0.479760 0.078336
vt 0.433099 0.093824
vt 0.433053 0.109447
vt 0.421414 0.109424
vt 0.444745 0.093851
vt 0.444692 0.109473
vt 0.409806 0.093782
vt 0.421453 0.093801
vt 0.409775 0.109405
vt 0.421495 0.078181
vt 0.433204 0.062589
vt 0.444865 0.062617
vt 0.433149 0.078205
vt 0.386511 0.093755
vt 0.386494 0.109379
vt 0.374854 0.109371
vt 0.398159 0.093766
vt 0.398134 0.109390
vt 0.409964 0.031328
vt 0.421644 0.031348
vt 0.409920 0.046934
vt 0.421701 0.015746
vt 0.433460 0.000174
vt 0.445157 0.000202
vt 0.433390 0.015770
vt 0.386553 0.062518
vt 0.398248 0.046918
vt 0.398216 0.062530
vt 0.386577 0.046906
vt 0.386603 0.031299
vt 0.398322 0.015710
vt 0.398284 0.031311
vt 0.363216 0.093743
vt 0.374864 0.093747
vt 0.363213 0.109367
vt 0.374876 0.078127
vt 0.386531 0.078135
vt 0.339920 0.093747
vt 0.339932 0.109371
vt 0.328291 0.109379
vt 0.351568 0.093743
vt 0.351572 0.109367
vt 0.316625 0.093766
vt 0.328272 0.093755
vt 0.316651 0.109391
vt 0.328253 0.078133
vt 0.339898 0.062509
vt 0.351561 0.062505
vt 0.339909 0.078126
vt 0.293331 0.093802
vt 0.293372 0.109427
vt 0.281733 0.109452
vt 0.304978 0.093782
vt 0.305011 0.109407
vt 0.316512 0.031307
vt 0.328195 0.031296
vt 0.316541 0.046915
vt 0.328176 0.015693
vt 0.339861 0.000090
vt 0.351563 0.000087
vt 0.339868 0.015686
vt 0.293242 0.062563
vt 0.304868 0.046931
vt 0.304906 0.062543
vt 0.293194 0.046951
vt 0.293146 0.031343
vt 0.304791 0.015720
vt 0.304829 0.031323
vt 0.270039 0.093856
vt 0.281685 0.093827
vt 0.270095 0.109481
vt 0.281633 0.078205
vt 0.293287 0.078181
vt 0.246750 0.093928
vt 0.246822 0.109553
vt 0.235187 0.109596
vt 0.258394 0.093890
vt 0.258458 0.109514
vt 0.223466 0.094020
vt 0.235107 0.093971
vt 0.223554 0.109644
vt 0.235020 0.078350
vt 0.246589 0.062689
vt 0.258252 0.062650
vt 0.246672 0.078306
vt 0.200186 0.094134
vt 0.200292 0.109757
vt 0.188663 0.109822
vt 0.211825 0.094074
vt 0.211922 0.109698
vt 0.223045 0.031560
vt 0.234729 0.031511
vt 0.223157 0.047168
vt 0.234626 0.015909
vt 0.246230 0.000269
vt 0.257936 0.000231
vt 0.246321 0.015865
vt 0.199946 0.062896
vt 0.211486 0.047222
vt 0.211606 0.062835
vt 0.199814 0.047283
vt 0.199677 0.031675
vt 0.211233 0.016012
vt 0.211361 0.031614
vt 0.176915 0.094272
vt 0.188550 0.094200
vt 0.177037 0.109894
vt 0.188424 0.078580
vt 0.200071 0.078513
vt 0.153652 0.094440
vt 0.153792 0.110057
vt 0.142173 0.110151
vt 0.165282 0.094352
vt 0.165413 0.109972
vt 0.130401 0.094640
vt 0.142025 0.094535
vt 0.130557 0.110252
vt 0.141858 0.078920
vt 0.153324 0.063207
vt 0.164977 0.063118
vt 0.153496 0.078823
vt 0.107163 0.094879
vt 0.107334 0.110480
vt 0.095727 0.110609
vt 0.118780 0.094754
vt 0.118944 0.110362
vt 0.129576 0.032199
vt 0.141258 0.032088
vt 0.129808 0.047806
vt 0.141037 0.016487
vt 0.152535 0.000791
vt 0.164253 0.000700
vt 0.152738 0.016386
vt 0.106739 0.063670
vt 0.118146 0.047928
vt 0.118380 0.063536
vt 0.106488 0.048065
vt 0.106215 0.032461
vt 0.117631 0.016722
vt 0.117894 0.032323
vt 0.083939 0.095164
vt 0.095549 0.095016
vt 0.084123 0.110747
vt 0.095341 0.079419
vt 0.106965 0.079276
vt 0.060728 0.095499
vt 0.060920 0.111053
vt 0.049321 0.111220
vt 0.072332 0.095325
vt 0.072521 0.110895
vt 0.037524 0.095886
vt 0.049126 0.095687
vt 0.037720 0.111395
vt 0.048889 0.080146
vt 0.060221 0.064371
vt 0.071843 0.064167
vt 0.060496 0.079939
vt 0.014315 0.096314
vt 0.014510 0.111756
vt 0.002896 0.111935
vt 0.025921 0.096096
vt 0.026117 0.111574
vt 0.036231 0.033763
vt 0.047877 0.033468
vt 0.036644 0.049314
vt 0.047428 0.017887
vt 0.058677 0.002032
vt 0.070420 0.001801
vt 0.059120 0.017622
vt 0.013775 0.065426
vt 0.025027 0.049624
vt 0.025384 0.065125
vt 0.013414 0.049970
vt 0.012976 0.034495
vt 0.024080 0.018558
vt 0.024598 0.034103
vt 0.746956 0.096704
vt 0.747199 0.081325
vt 0.014072 0.080873
vt 0.711335 0.220035
vt 0.711321 0.235545
vt 0.699708 0.235514
vt 0.722948 0.220068
vt 0.734564 0.220090
vt 0.734552 0.235577
vt 0.722935 0.235567
vt 0.688116 0.219941
vt 0.699724 0.219992
vt 0.688098 0.235474
vt 0.699752 0.204473
vt 0.711402 0.189028
vt 0.723013 0.189091
vt 0.711361 0.204529
vt 0.664906 0.219825
vt 0.664885 0.235379
vt 0.653280 0.235325
vt 0.676510 0.219885
vt 0.676491 0.235429
vt 0.688334 0.157820
vt 0.699935 0.157929
vt 0.688252 0.173350
vt 0.700039 0.142415
vt 0.711771 0.127050
vt 0.723375 0.127201
vt 0.711641 0.142543
vt 0.664987 0.188718
vt 0.676652 0.173256
vt 0.676588 0.188800
vt 0.665052 0.173162
vt 0.665137 0.157603
vt 0.676842 0.142163
vt 0.676735 0.157711
vt 0.641701 0.219699
vt 0.653303 0.219763
vt 0.641677 0.235269
vt 0.653338 0.204200
vt 0.664939 0.204272
vt 0.618500 0.219570
vt 0.618473 0.235155
vt 0.606872 0.235098
vt 0.630100 0.219634
vt 0.630075 0.235212
vt 0.595300 0.219445
vt 0.606900 0.219507
vt 0.595271 0.235041
vt 0.606939 0.203914
vt 0.618591 0.188394
vt 0.630190 0.188473
vt 0.618539 0.203983
vt 0.572099 0.219327
vt 0.572070 0.234933
vt 0.560469 0.234881
vt 0.583699 0.219385
vt 0.583670 0.234986
vt 0.595539 0.157036
vt 0.607142 0.157119
vt 0.595457 0.172642
vt 0.607243 0.141516
vt 0.618971 0.126008
vt 0.630576 0.126113
vt 0.618847 0.141609
vt 0.572189 0.188110
vt 0.583855 0.172568
vt 0.583790 0.188176
vt 0.572252 0.172498
vt 0.572328 0.156884
vt 0.584029 0.141346
vt 0.583934 0.156958
vt 0.548897 0.219219
vt 0.560498 0.219272
vt 0.548868 0.234832
vt 0.560537 0.203660
vt 0.572138 0.203719
vt 0.525693 0.219122
vt 0.525666 0.234740
vt 0.514064 0.234698
vt 0.537295 0.219169
vt 0.537267 0.234785
vt 0.502486 0.219036
vt 0.514089 0.219077
vt 0.502462 0.234659
vt 0.514122 0.203455
vt 0.525771 0.187880
vt 0.537377 0.187932
vt 0.525727 0.203501
vt 0.479277 0.218963
vt 0.479256 0.234589
vt 0.467653 0.234559
vt 0.490882 0.218998
vt 0.490859 0.234623
vt 0.502657 0.156535
vt 0.514272 0.156583
vt 0.502602 0.172161
vt 0.514341 0.140959
vt 0.526044 0.125390
vt 0.537667 0.125448
vt 0.525960 0.141012
vt 0.479336 0.187708
vt 0.490989 0.172119
vt 0.490946 0.187746
vt 0.479376 0.172080
vt 0.479422 0.156452
vt 0.491098 0.140866
vt 0.491040 0.156492
vt 0.456066 0.218903
vt 0.467672 0.218931
vt 0.456049 0.234532
vt 0.467696 0.203303
vt 0.479304 0.203336
vt 0.432853 0.218855
vt 0.432841 0.234486
vt 0.421236 0.234468
vt 0.444460 0.218877
vt 0.444445 0.234507
vt 0.409639 0.218820
vt 0.421247 0.218836
vt 0.409631 0.234452
vt 0.421260 0.203203
vt 0.432890 0.187592
vt 0.444502 0.187615
vt 0.432870 0.203223
vt 0.386425 0.218798
vt 0.386421 0.234432
vt 0.374816 0.234426
vt 0.398032 0.218807
vt 0.398026 0.234440
vt 0.409699 0.156290
vt 0.421321 0.156308
vt 0.409680 0.171922
vt 0.421348 0.140678
vt 0.433012 0.125072
vt 0.444644 0.125098
vt 0.432975 0.140700
vt 0.386436 0.187531
vt 0.398062 0.171908
vt 0.398050 0.187541
vt 0.386444 0.171898
vt 0.386454 0.156265
vt 0.398093 0.140645
vt 0.398076 0.156276
vt 0.363209 0.218790
vt 0.374817 0.218792
vt 0.363211 0.234424
vt 0.374819 0.203159
vt 0.386430 0.203165
vt 0.339994 0.218795
vt 0.340000 0.234429
vt 0.328395 0.234436
vt 0.351602 0.218791
vt 0.351606 0.234424
vt 0.316780 0.218814
vt 0.328387 0.218803
vt 0.316790 0.234447
vt 0.328377 0.203169
vt 0.339980 0.187527
vt 0.351594 0.187523
vt 0.339988 0.203161
vt 0.293566 0.218847
vt 0.293581 0.234479
vt 0.281977 0.234500
vt 0.305173 0.218829
vt 0.305186 0.234461
vt 0.316718 0.156281
vt 0.328340 0.156268
vt 0.316737 0.171913
vt 0.328325 0.140637
vt 0.339943 0.124999
vt 0.351577 0.124995
vt 0.339953 0.140629
vt 0.293528 0.187582
vt 0.305120 0.171929
vt 0.305140 0.187563
vt 0.293503 0.171949
vt 0.293476 0.156317
vt 0.305071 0.140665
vt 0.305097 0.156297
vt 0.270354 0.218895
vt 0.281960 0.218869
vt 0.270373 0.234524
vt 0.281940 0.203237
vt 0.293548 0.203215
vt 0.247144 0.218956
vt 0.247166 0.234583
vt 0.235563 0.234618
vt 0.258749 0.218924
vt 0.258769 0.234552
vt 0.223935 0.219033
vt 0.235539 0.218993
vt 0.223960 0.234656
vt 0.235510 0.203366
vt 0.247084 0.187699
vt 0.258694 0.187664
vt 0.247117 0.203328
vt 0.200729 0.219123
vt 0.200755 0.234741
vt 0.189153 0.234789
vt 0.212332 0.219076
vt 0.212357 0.234697
vt 0.223767 0.156526
vt 0.235383 0.156480
vt 0.223821 0.172154
vt 0.235325 0.140851
vt 0.246888 0.125180
vt 0.258517 0.125142
vt 0.246947 0.140809
vt 0.200653 0.187881
vt 0.212211 0.172203
vt 0.212259 0.187829
vt 0.200602 0.172257
vt 0.200541 0.156633
vt 0.212086 0.140950
vt 0.212153 0.156577
vt 0.177524 0.219227
vt 0.189126 0.219174
vt 0.177551 0.234839
vt 0.189092 0.203556
vt 0.200695 0.203503
vt 0.154321 0.219344
vt 0.154348 0.234947
vt 0.142746 0.235004
vt 0.165923 0.219284
vt 0.165949 0.234892
vt 0.131119 0.219470
vt 0.142720 0.219406
vt 0.131143 0.235063
vt 0.142685 0.203805
vt 0.154239 0.188130
vt 0.165841 0.188062
vt 0.154286 0.203738
vt 0.107915 0.219602
vt 0.107937 0.235182
vt 0.096332 0.235241
vt 0.119517 0.219536
vt 0.119540 0.235122
vt 0.130899 0.157075
vt 0.142502 0.156988
vt 0.130976 0.172678
vt 0.142411 0.141378
vt 0.153913 0.125675
vt 0.165528 0.125592
vt 0.154018 0.141292
vt 0.107837 0.188438
vt 0.119376 0.172764
vt 0.119437 0.188357
vt 0.107776 0.172853
vt 0.107698 0.157265
vt 0.119201 0.141568
vt 0.119298 0.157168
vt 0.084708 0.219734
vt 0.096312 0.219669
vt 0.084726 0.235298
vt 0.096281 0.204096
vt 0.107882 0.204021
vt 0.061496 0.219858
vt 0.061510 0.235402
vt 0.049900 0.235447
vt 0.073103 0.219798
vt 0.073119 0.235352
vt 0.038277 0.219959
vt 0.049887 0.219912
vt 0.038287 0.235483
vt 0.049864 0.204380
vt 0.061432 0.188773
vt 0.073035 0.188690
vt 0.061471 0.204315
vt 0.015047 0.220022
vt 0.015055 0.235525
vt 0.003436 0.235525
vt 0.026663 0.219996
vt 0.026672 0.235510
vt 0.038097 0.157908
vt 0.049700 0.157800
vt 0.038168 0.173415
vt 0.049603 0.142275
vt 0.061077 0.126602
vt 0.072676 0.126461
vt 0.061203 0.142148
vt 0.014996 0.189045
vt 0.026560 0.173498
vt 0.026610 0.188991
vt 0.014947 0.173571
vt 0.014879 0.158106
vt 0.026396 0.142529
vt 0.026490 0.158011
vt 0.746183 0.220098
vt 0.746207 0.204634
vt 0.015028 0.204528
vt 0.711417 0.344269
vt 0.711444 0.359822
vt 0.699824 0.359836
vt 0.723037 0.344250
vt 0.734657 0.344221
vt 0.734685 0.359771
vt 0.723064 0.359800
vt 0.688179 0.344286
vt 0.699798 0.344281
vt 0.688204 0.359843
vt 0.699773 0.328730
vt 0.711368 0.313179
vt 0.722987 0.313165
vt 0.711392 0.328721
vt 0.664945 0.344279
vt 0.664968 0.359842
vt 0.653352 0.359835
vt 0.676562 0.344285
vt 0.676586 0.359845
vt 0.688101 0.282089
vt 0.699716 0.282103
vt 0.688115 0.297633
vt 0.699706 0.266569
vt 0.711316 0.251061
vt 0.722932 0.251073
vt 0.711321 0.266582
vt 0.664905 0.313157
vt 0.676502 0.297619
vt 0.676519 0.313172
vt 0.664889 0.297598
vt 0.664878 0.282042
vt 0.676482 0.266520
vt 0.676489 0.282068
vt 0.641716 0.344253
vt 0.653330 0.344268
vt 0.641737 0.359824
vt 0.653310 0.328702
vt 0.664924 0.328717
vt 0.618491 0.344216
vt 0.618509 0.359794
vt 0.606897 0.359775
vt 0.630103 0.344236
vt 0.630122 0.359810
vt 0.595271 0.344170
vt 0.606881 0.344193
vt 0.595287 0.359756
vt 0.606866 0.328611
vt 0.618461 0.313059
vt 0.630070 0.313087
vt 0.618475 0.328637
vt 0.572056 0.344120
vt 0.572069 0.359713
vt 0.560462 0.359691
vt 0.583663 0.344145
vt 0.583677 0.359735
vt 0.595238 0.281819
vt 0.606842 0.281860
vt 0.595240 0.297408
vt 0.606844 0.266274
vt 0.618456 0.250738
vt 0.630059 0.250789
vt 0.618448 0.266320
vt 0.572036 0.312932
vt 0.583635 0.297372
vt 0.583641 0.312964
vt 0.572032 0.297335
vt 0.572032 0.281737
vt 0.583639 0.266183
vt 0.583634 0.281778
vt 0.548844 0.344070
vt 0.560449 0.344095
vt 0.548855 0.359668
vt 0.560439 0.328498
vt 0.572044 0.328527
vt 0.525636 0.344020
vt 0.525646 0.359625
vt 0.514042 0.359604
vt 0.537240 0.344045
vt 0.537250 0.359646
vt 0.502431 0.343974
vt 0.514033 0.343997
vt 0.502439 0.359584
vt 0.514027 0.328388
vt 0.525624 0.312806
vt 0.537226 0.312836
vt 0.525629 0.328414
vt 0.479228 0.343933
vt 0.479235 0.359546
vt 0.467634 0.359530
vt 0.490829 0.343953
vt 0.490837 0.359565
vt 0.502424 0.281519
vt 0.514025 0.281551
vt 0.502421 0.297135
vt 0.514032 0.265935
vt 0.525646 0.250357
vt 0.537247 0.250399
vt 0.525633 0.265972
vt 0.479220 0.312700
vt 0.490820 0.297107
vt 0.490821 0.312724
vt 0.479220 0.297081
vt 0.479223 0.281461
vt 0.490831 0.265868
vt 0.490823 0.281489
vt 0.456027 0.343897
vt 0.467628 0.343914
vt 0.456033 0.359514
vt 0.467623 0.328297
vt 0.479223 0.328317
vt 0.432828 0.343868
vt 0.432833 0.359488
vt 0.421234 0.359477
vt 0.444427 0.343882
vt 0.444433 0.359500
vt 0.409629 0.343846
vt 0.421228 0.343856
vt 0.409634 0.359468
vt 0.421224 0.328234
vt 0.432821 0.312624
vt 0.444420 0.312640
vt 0.432823 0.328247
vt 0.386431 0.343832
vt 0.386436 0.359454
vt 0.374837 0.359451
vt 0.398030 0.343838
vt 0.398035 0.359460
vt 0.409620 0.281344
vt 0.421221 0.281357
vt 0.409620 0.296972
vt 0.421223 0.265728
vt 0.432831 0.250116
vt 0.444434 0.250136
vt 0.432825 0.265745
vt 0.386423 0.312582
vt 0.398020 0.296962
vt 0.398022 0.312589
vt 0.386420 0.296955
vt 0.386419 0.281326
vt 0.398020 0.265704
vt 0.398019 0.281334
vt 0.363233 0.343826
vt 0.374832 0.343828
vt 0.363238 0.359448
vt 0.374827 0.328204
vt 0.386427 0.328208
vt 0.340034 0.343828
vt 0.340039 0.359450
vt 0.328439 0.359454
vt 0.351633 0.343826
vt 0.351638 0.359448
vt 0.316835 0.343839
vt 0.328435 0.343832
vt 0.316839 0.359459
vt 0.328430 0.328209
vt 0.340025 0.312579
vt 0.351625 0.312576
vt 0.340030 0.328204
vt 0.293634 0.343857
vt 0.293638 0.359476
vt 0.282037 0.359487
vt 0.305235 0.343847
vt 0.305239 0.359467
vt 0.316814 0.281339
vt 0.328415 0.281329
vt 0.316820 0.296966
vt 0.328409 0.265700
vt 0.340006 0.250061
vt 0.351609 0.250057
vt 0.340011 0.265693
vt 0.293625 0.312615
vt 0.305220 0.296977
vt 0.305225 0.312602
vt 0.293619 0.296991
vt 0.293612 0.281366
vt 0.305206 0.265722
vt 0.305213 0.281351
vt 0.270432 0.343884
vt 0.282033 0.343870
vt 0.270435 0.359500
vt 0.282029 0.328251
vt 0.293630 0.328237
vt 0.247228 0.343919
vt 0.247230 0.359531
vt 0.235626 0.359549
vt 0.258830 0.343901
vt 0.258833 0.359515
vt 0.224020 0.343961
vt 0.235624 0.343939
vt 0.224021 0.359568
vt 0.235622 0.328328
vt 0.247221 0.312690
vt 0.258822 0.312668
vt 0.247225 0.328306
vt 0.200810 0.344009
vt 0.200809 0.359611
vt 0.189201 0.359634
vt 0.212416 0.343984
vt 0.212416 0.359589
vt 0.224004 0.281513
vt 0.235606 0.281482
vt 0.224011 0.297128
vt 0.235595 0.265863
vt 0.247183 0.250209
vt 0.258786 0.250179
vt 0.247197 0.265832
vt 0.200809 0.312800
vt 0.212408 0.297159
vt 0.212413 0.312770
vt 0.200805 0.297192
vt 0.200799 0.281583
vt 0.212391 0.265933
vt 0.212402 0.281547
vt 0.177596 0.344061
vt 0.189203 0.344034
vt 0.177593 0.359657
vt 0.189204 0.328434
vt 0.200810 0.328405
vt 0.154377 0.344116
vt 0.154372 0.359706
vt 0.142760 0.359730
vt 0.165987 0.344088
vt 0.165983 0.359681
vt 0.131154 0.344170
vt 0.142766 0.344143
vt 0.131146 0.359753
vt 0.142772 0.328556
vt 0.154385 0.312933
vt 0.165992 0.312898
vt 0.154382 0.328525
vt 0.107925 0.344221
vt 0.107915 0.359798
vt 0.096298 0.359818
vt 0.119540 0.344196
vt 0.119531 0.359776
vt 0.131172 0.281830
vt 0.142778 0.281787
vt 0.131171 0.297416
vt 0.142773 0.266194
vt 0.154366 0.250548
vt 0.165969 0.250497
vt 0.154378 0.266147
vt 0.107944 0.313067
vt 0.119562 0.297454
vt 0.119556 0.313035
vt 0.107951 0.297491
vt 0.107955 0.281914
vt 0.119562 0.266290
vt 0.119564 0.281873
vt 0.084692 0.344263
vt 0.096309 0.344243
vt 0.084679 0.359835
vt 0.096320 0.328670
vt 0.107935 0.328644
vt 0.061454 0.344293
vt 0.061440 0.359860
vt 0.049819 0.359866
vt 0.073074 0.344280
vt 0.073060 0.359849
vt 0.038214 0.344303
vt 0.049834 0.344301
vt 0.038198 0.359868
vt 0.049850 0.328739
vt 0.061483 0.313167
vt 0.073100 0.313148
vt 0.061469 0.328729
vt 0.014972 0.344288
vt 0.014956 0.359853
vt 0.003335 0.359835
vt 0.026593 0.344299
vt 0.026577 0.359863
vt 0.038275 0.282089
vt 0.049891 0.282075
vt 0.038262 0.297636
vt 0.049900 0.266528
vt 0.061516 0.250950
vt 0.073126 0.250908
vt 0.061514 0.266500
vt 0.015007 0.313175
vt 0.026643 0.297637
vt 0.026627 0.313185
vt 0.015023 0.297629
vt 0.015037 0.282090
vt 0.026667 0.266560
vt 0.026657 0.282095
vt 0.746278 0.344183
vt 0.746251 0.328641
vt 0.014989 0.328728
vt 0.711608 0.468793
vt 0.711623 0.484370
vt 0.700000 0.484383
vt 0.723231 0.468776
vt 0.734853 0.468756
vt 0.734868 0.484339
vt 0.723246 0.484356
vt 0.688362 0.468819
vt 0.699985 0.468807
vt 0.688377 0.484394
vt 0.699968 0.453233
vt 0.711570 0.437644
vt 0.723192 0.437623
vt 0.711590 0.453217
vt 0.665118 0.468835
vt 0.665132 0.484411
vt 0.653510 0.484417
vt 0.676740 0.468828
vt 0.676754 0.484403
vt 0.688280 0.406533
vt 0.699902 0.406521
vt 0.688304 0.422102
vt 0.699876 0.390956
vt 0.711471 0.375379
vt 0.723092 0.375356
vt 0.711497 0.390940
vt 0.665082 0.437687
vt 0.676682 0.422110
vt 0.676704 0.437681
vt 0.665062 0.422115
vt 0.665039 0.406545
vt 0.676635 0.390974
vt 0.676660 0.406541
vt 0.641875 0.468845
vt 0.653496 0.468841
vt 0.641889 0.484422
vt 0.653480 0.453265
vt 0.665101 0.453261
vt 0.618636 0.468848
vt 0.618649 0.484428
vt 0.607031 0.484430
vt 0.630255 0.468847
vt 0.630268 0.484426
vt 0.595402 0.468847
vt 0.607019 0.468848
vt 0.595414 0.484431
vt 0.607004 0.453266
vt 0.618605 0.437688
vt 0.630223 0.437691
vt 0.618622 0.453268
vt 0.572173 0.468842
vt 0.572184 0.484431
vt 0.560571 0.484430
vt 0.583787 0.468845
vt 0.583798 0.484432
vt 0.595339 0.406510
vt 0.606953 0.406521
vt 0.595356 0.422094
vt 0.606934 0.390939
vt 0.618529 0.375372
vt 0.630143 0.375385
vt 0.618548 0.390951
vt 0.572146 0.437665
vt 0.583743 0.422085
vt 0.583759 0.437672
vt 0.572131 0.422075
vt 0.572115 0.406485
vt 0.583710 0.390911
vt 0.583727 0.406498
vt 0.548948 0.468836
vt 0.560560 0.468839
vt 0.548959 0.484429
vt 0.560548 0.453248
vt 0.572160 0.453254
vt 0.525729 0.468827
vt 0.525739 0.484425
vt 0.514131 0.484423
vt 0.537338 0.468832
vt 0.537349 0.484427
vt 0.502514 0.468818
vt 0.514121 0.468823
vt 0.502524 0.484420
vt 0.514110 0.453222
vt 0.525706 0.437630
vt 0.537314 0.437639
vt 0.525718 0.453229
vt 0.479303 0.468808
vt 0.479312 0.484414
vt 0.467708 0.484411
vt 0.490908 0.468813
vt 0.490917 0.484417
vt 0.502470 0.406404
vt 0.514075 0.406417
vt 0.502481 0.422009
vt 0.514063 0.390814
vt 0.525657 0.375228
vt 0.537262 0.375247
vt 0.525668 0.390830
vt 0.479283 0.437595
vt 0.490877 0.421998
vt 0.490887 0.437604
vt 0.479273 0.421988
vt 0.479263 0.406379
vt 0.490855 0.390784
vt 0.490866 0.406391
vt 0.456095 0.468799
vt 0.467699 0.468803
vt 0.456104 0.484408
vt 0.467689 0.453195
vt 0.479293 0.453202
vt 0.432890 0.468790
vt 0.432899 0.484401
vt 0.421297 0.484398
vt 0.444492 0.468794
vt 0.444501 0.484404
vt 0.409687 0.468782
vt 0.421288 0.468786
vt 0.409695 0.484395
vt 0.421280 0.453173
vt 0.432873 0.437565
vt 0.444474 0.437572
vt 0.432882 0.453178
vt 0.386485 0.468775
vt 0.386493 0.484389
vt 0.374892 0.484386
vt 0.398086 0.468778
vt 0.398094 0.484392
vt 0.409655 0.406323
vt 0.421255 0.406330
vt 0.409663 0.421939
vt 0.421247 0.390714
vt 0.432840 0.375106
vt 0.444440 0.375117
vt 0.432848 0.390723
vt 0.386470 0.437546
vt 0.398062 0.421934
vt 0.398070 0.437550
vt 0.386462 0.421930
vt 0.386455 0.406313
vt 0.398048 0.390700
vt 0.398055 0.406317
vt 0.363283 0.468770
vt 0.374884 0.468772
vt 0.363291 0.484384
vt 0.374877 0.453158
vt 0.386477 0.453161
vt 0.340081 0.468766
vt 0.340089 0.484379
vt 0.328487 0.484378
vt 0.351683 0.468768
vt 0.351690 0.484381
vt 0.316878 0.468765
vt 0.328480 0.468765
vt 0.316885 0.484376
vt 0.328473 0.453152
vt 0.340067 0.437538
vt 0.351668 0.437539
vt 0.340074 0.453153
vt 0.293673 0.468765
vt 0.293680 0.484375
vt 0.282076 0.484374
vt 0.305276 0.468765
vt 0.305283 0.484375
vt 0.316854 0.406312
vt 0.328454 0.406309
vt 0.316859 0.421926
vt 0.328449 0.390692
vt 0.340044 0.375071
vt 0.351644 0.375069
vt 0.340049 0.390689
vt 0.293660 0.437545
vt 0.305257 0.421930
vt 0.305263 0.437542
vt 0.293655 0.421934
vt 0.293650 0.406321
vt 0.305248 0.390701
vt 0.305252 0.406316
vt 0.270465 0.468768
vt 0.282069 0.468766
vt 0.270472 0.484374
vt 0.282063 0.453158
vt 0.293666 0.453156
vt 0.247253 0.468773
vt 0.247260 0.484376
vt 0.235652 0.484377
vt 0.258859 0.468770
vt 0.258866 0.484375
vt 0.224038 0.468780
vt 0.235646 0.468776
vt 0.224044 0.484379
vt 0.235640 0.453176
vt 0.247243 0.437566
vt 0.258848 0.437560
vt 0.247247 0.453170
vt 0.200817 0.468790
vt 0.200824 0.484384
vt 0.189212 0.484387
vt 0.212428 0.468785
vt 0.212434 0.484381
vt 0.224024 0.406380
vt 0.235630 0.406368
vt 0.224025 0.421982
vt 0.235629 0.390763
vt 0.247232 0.375141
vt 0.258835 0.375127
vt 0.247234 0.390749
vt 0.200809 0.437600
vt 0.212417 0.421993
vt 0.212419 0.437591
vt 0.200808 0.422005
vt 0.200807 0.406408
vt 0.212415 0.390793
vt 0.212416 0.406394
vt 0.177592 0.468801
vt 0.189205 0.468795
vt 0.177598 0.484391
vt 0.189201 0.453203
vt 0.200813 0.453195
vt 0.154362 0.468814
vt 0.154368 0.484399
vt 0.142751 0.484404
vt 0.165978 0.468808
vt 0.165984 0.484395
vt 0.131127 0.468829
vt 0.142745 0.468821
vt 0.131133 0.484410
vt 0.142742 0.453238
vt 0.154357 0.437643
vt 0.165972 0.437632
vt 0.154358 0.453229
vt 0.107887 0.468844
vt 0.107892 0.484423
vt 0.096271 0.484430
vt 0.119507 0.468836
vt 0.119513 0.484416
vt 0.131127 0.406502
vt 0.142744 0.406486
vt 0.131124 0.422084
vt 0.142748 0.390901
vt 0.154367 0.375294
vt 0.165979 0.375273
vt 0.154362 0.390883
vt 0.107884 0.437687
vt 0.119506 0.422097
vt 0.119504 0.437677
vt 0.107886 0.422109
vt 0.107891 0.406531
vt 0.119516 0.390937
vt 0.119510 0.406517
vt 0.084643 0.468860
vt 0.096266 0.468852
vt 0.084649 0.484437
vt 0.096263 0.453275
vt 0.107884 0.453266
vt 0.061397 0.468876
vt 0.061403 0.484453
vt 0.049780 0.484462
vt 0.073021 0.468868
vt 0.073026 0.484445
vt 0.038151 0.468892
vt 0.049774 0.468884
vt 0.038156 0.484472
vt 0.049772 0.453307
vt 0.061396 0.437723
vt 0.073019 0.437716
vt 0.061395 0.453300
vt 0.014906 0.468907
vt 0.014912 0.484492
vt 0.003291 0.484503
vt 0.026528 0.468900
vt 0.026534 0.484482
vt 0.038162 0.406580
vt 0.049784 0.406578
vt 0.038154 0.422156
vt 0.049794 0.391005
vt 0.061427 0.375429
vt 0.073048 0.375420
vt 0.061416 0.391000
vt 0.014905 0.437737
vt 0.026532 0.422157
vt 0.026527 0.437737
vt 0.014910 0.422155
vt 0.014918 0.406574
vt 0.026550 0.391004
vt 0.026539 0.406579
vt 0.746473 0.468733
vt 0.746455 0.453149
vt 0.014904 0.453322
vt 0.711638 0.593420
vt 0.711628 0.608993
vt 0.700006 0.608995
vt 0.723261 0.593421
vt 0.734883 0.593426
vt 0.734872 0.609003
vt 0.723251 0.608996
vt 0.688393 0.593427
vt 0.700016 0.593422
vt 0.688384 0.609000
vt 0.700023 0.577847
vt 0.711650 0.562266
vt 0.723273 0.562263
vt 0.711646 0.577844
vt 0.665150 0.593444
vt 0.665142 0.609019
vt 0.653522 0.609032
vt 0.676771 0.593435
vt 0.676763 0.609008
vt 0.688402 0.531124
vt 0.700026 0.531116
vt 0.688405 0.546700
vt 0.700020 0.515538
vt 0.711635 0.499949
vt 0.723258 0.499937
vt 0.711644 0.515528
vt 0.665159 0.562293
vt 0.676782 0.546708
vt 0.676781 0.562284
vt 0.665159 0.546716
vt 0.665157 0.531140
vt 0.676774 0.515555
vt 0.676779 0.531132
vt 0.641909 0.593469
vt 0.653529 0.593456
vt 0.641903 0.609047
vt 0.653534 0.577879
vt 0.665155 0.577869
vt 0.618673 0.593499
vt 0.618668 0.609081
vt 0.607052 0.609099
vt 0.630290 0.593483
vt 0.630285 0.609064
vt 0.595441 0.593530
vt 0.607056 0.593514
vt 0.595438 0.609118
vt 0.607059 0.577930
vt 0.618677 0.562334
vt 0.630296 0.562323
vt 0.618676 0.577916
vt 0.572215 0.593562
vt 0.572213 0.609154
vt 0.560602 0.609173
vt 0.583827 0.593546
vt 0.583825 0.609136
vt 0.595438 0.531186
vt 0.607055 0.531179
vt 0.595442 0.546771
vt 0.607049 0.515596
vt 0.618660 0.500009
vt 0.630279 0.500005
vt 0.618668 0.515590
vt 0.572214 0.562379
vt 0.583826 0.546780
vt 0.583828 0.562368
vt 0.572212 0.546789
vt 0.572208 0.531199
vt 0.583816 0.515605
vt 0.583822 0.531193
vt 0.548993 0.593592
vt 0.560603 0.593577
vt 0.548993 0.609190
vt 0.560603 0.577983
vt 0.572215 0.577970
vt 0.525776 0.593620
vt 0.525778 0.609222
vt 0.514171 0.609237
vt 0.537384 0.593606
vt 0.537385 0.609207
vt 0.502564 0.593644
vt 0.514170 0.593632
vt 0.502566 0.609251
vt 0.514167 0.578029
vt 0.525772 0.562418
vt 0.537381 0.562409
vt 0.525775 0.578018
vt 0.479355 0.593664
vt 0.479359 0.609274
vt 0.467756 0.609284
vt 0.490959 0.593654
vt 0.490962 0.609263
vt 0.502547 0.531227
vt 0.514154 0.531224
vt 0.502553 0.546830
vt 0.514148 0.515623
vt 0.525748 0.500023
vt 0.537358 0.500023
vt 0.525756 0.515621
vt 0.479347 0.562446
vt 0.490947 0.546835
vt 0.490952 0.562440
vt 0.479341 0.546839
vt 0.479335 0.531232
vt 0.490934 0.515625
vt 0.490941 0.531230
vt 0.456150 0.593679
vt 0.467752 0.593672
vt 0.456154 0.609292
vt 0.467748 0.578061
vt 0.479351 0.578054
vt 0.432946 0.593688
vt 0.432952 0.609304
vt 0.421351 0.609308
vt 0.444548 0.593684
vt 0.444552 0.609299
vt 0.409745 0.593693
vt 0.421346 0.593691
vt 0.409751 0.609311
vt 0.421340 0.578076
vt 0.432935 0.562460
vt 0.444537 0.562458
vt 0.432941 0.578074
vt 0.386545 0.593693
vt 0.386551 0.609311
vt 0.374952 0.609309
vt 0.398145 0.593694
vt 0.398151 0.609312
vt 0.409719 0.531234
vt 0.421320 0.531235
vt 0.409726 0.546847
vt 0.421313 0.515622
vt 0.432907 0.500012
vt 0.444509 0.500015
vt 0.432915 0.515624
vt 0.386531 0.562460
vt 0.398125 0.546846
vt 0.398132 0.562461
vt 0.386524 0.546845
vt 0.386517 0.531230
vt 0.398110 0.515619
vt 0.398118 0.531232
vt 0.363345 0.593687
vt 0.374945 0.593691
vt 0.363352 0.609305
vt 0.374938 0.578074
vt 0.386538 0.578076
vt 0.340145 0.593677
vt 0.340153 0.609294
vt 0.328553 0.609286
vt 0.351745 0.593683
vt 0.351752 0.609300
vt 0.316944 0.593662
vt 0.328545 0.593670
vt 0.316952 0.609277
vt 0.328537 0.578055
vt 0.340129 0.562446
vt 0.351730 0.562451
vt 0.340137 0.578061
vt 0.293742 0.593643
vt 0.293751 0.609256
vt 0.282149 0.609244
vt 0.305343 0.593653
vt 0.305352 0.609267
vt 0.316910 0.531210
vt 0.328512 0.531214
vt 0.316918 0.546822
vt 0.328503 0.515602
vt 0.340097 0.499992
vt 0.351698 0.499995
vt 0.340105 0.515605
vt 0.293723 0.562421
vt 0.305316 0.546817
vt 0.305326 0.562428
vt 0.293714 0.546811
vt 0.293705 0.531201
vt 0.305299 0.515596
vt 0.305308 0.531206
vt 0.270537 0.593621
vt 0.282140 0.593633
vt 0.270547 0.609231
vt 0.282130 0.578022
vt 0.293733 0.578032
vt 0.247330 0.593596
vt 0.247341 0.609201
vt 0.235737 0.609186
vt 0.258934 0.593609
vt 0.258945 0.609216
vt 0.224119 0.593569
vt 0.235725 0.593583
vt 0.224132 0.609170
vt 0.235713 0.577980
vt 0.247307 0.562388
vt 0.258913 0.562396
vt 0.247319 0.577991
vt 0.200904 0.593541
vt 0.200918 0.609137
vt 0.189310 0.609121
vt 0.212512 0.593555
vt 0.212525 0.609154
vt 0.224071 0.531173
vt 0.235679 0.531177
vt 0.224082 0.546771
vt 0.235669 0.515577
vt 0.247268 0.499978
vt 0.258874 0.499979
vt 0.247276 0.515580
vt 0.200876 0.562352
vt 0.212473 0.546764
vt 0.212486 0.562361
vt 0.200864 0.546758
vt 0.200852 0.531164
vt 0.212451 0.515573
vt 0.212462 0.531169
vt 0.177685 0.593515
vt 0.189295 0.593528
vt 0.177701 0.609105
vt 0.189280 0.577935
vt 0.200890 0.577946
vt 0.154461 0.593490
vt 0.154479 0.609075
vt 0.142866 0.609061
vt 0.166074 0.593502
vt 0.166090 0.609089
vt 0.131232 0.593470
vt 0.142847 0.593480
vt 0.131252 0.609049
vt 0.142829 0.577898
vt 0.154427 0.562322
vt 0.166041 0.562328
vt 0.154444 0.577906
vt 0.107998 0.593458
vt 0.108020 0.609031
vt 0.096402 0.609026
vt 0.119616 0.593463
vt 0.119636 0.609039
vt 0.131164 0.531152
vt 0.142781 0.531152
vt 0.131179 0.546732
vt 0.142769 0.515570
vt 0.154376 0.499984
vt 0.165992 0.499982
vt 0.154386 0.515569
vt 0.107958 0.562308
vt 0.119560 0.546731
vt 0.119577 0.562309
vt 0.107941 0.546732
vt 0.107925 0.531156
vt 0.119532 0.515575
vt 0.119545 0.531153
vt 0.084760 0.593455
vt 0.096380 0.593455
vt 0.084784 0.609025
vt 0.096358 0.577883
vt 0.107978 0.577883
vt 0.061520 0.593467
vt 0.061544 0.609033
vt 0.049924 0.609044
vt 0.073140 0.593459
vt 0.073164 0.609026
vt 0.038277 0.593496
vt 0.049898 0.593479
vt 0.038303 0.609060
vt 0.049874 0.577911
vt 0.061474 0.562328
vt 0.073096 0.562319
vt 0.061496 0.577898
vt 0.015034 0.593546
vt 0.015060 0.609113
vt 0.003440 0.609149
vt 0.026655 0.593518
vt 0.026681 0.609083
vt 0.038192 0.531207
vt 0.049815 0.531193
vt 0.038210 0.546783
vt 0.049800 0.515617
vt 0.061411 0.500030
vt 0.073034 0.500021
vt 0.061423 0.515606
vt 0.014986 0.562402
vt 0.026587 0.546802
vt 0.026608 0.562377
vt 0.014966 0.546824
vt 0.014948 0.531244
vt 0.026554 0.515644
vt 0.026569 0.531224
vt 0.746503 0.593435
vt 0.746511 0.577851
vt 0.015009 0.577976
vt 0.711525 0.717911
vt 0.711516 0.733452
vt 0.699900 0.733472
vt 0.723144 0.717905
vt 0.734763 0.717910
vt 0.734751 0.733440
vt 0.723133 0.733440
vt 0.688293 0.717947
vt 0.699908 0.717925
vt 0.688286 0.733500
vt 0.699920 0.702375
vt 0.711554 0.686813
vt 0.723173 0.686815
vt 0.711538 0.702365
vt 0.665066 0.718009
vt 0.665063 0.733574
vt 0.653453 0.733617
vt 0.676679 0.717976
vt 0.676674 0.733535
vt 0.688345 0.655707
vt 0.699966 0.655699
vt 0.688331 0.671271
vt 0.699981 0.640134
vt 0.711616 0.624565
vt 0.723238 0.624568
vt 0.711602 0.640132
vt 0.665084 0.686875
vt 0.676713 0.671287
vt 0.676700 0.686852
vt 0.665096 0.671307
vt 0.665108 0.655737
vt 0.676740 0.640151
vt 0.676726 0.655720
vt 0.641845 0.718086
vt 0.653455 0.718046
vt 0.641845 0.733663
vt 0.653461 0.702475
vt 0.665074 0.702443
vt 0.618629 0.718170
vt 0.618632 0.733758
vt 0.607027 0.733806
vt 0.630236 0.718127
vt 0.630238 0.733710
vt 0.595416 0.718256
vt 0.607022 0.718213
vt 0.595423 0.733853
vt 0.607021 0.702622
vt 0.618633 0.686998
vt 0.630244 0.686965
vt 0.618629 0.702584
vt 0.572207 0.718340
vt 0.572216 0.733945
vt 0.560613 0.733988
vt 0.583811 0.718298
vt 0.583819 0.733900
vt 0.595423 0.655884
vt 0.607034 0.655857
vt 0.595419 0.671475
vt 0.607041 0.640270
vt 0.618661 0.624664
vt 0.630277 0.624644
vt 0.618654 0.640247
vt 0.572201 0.687136
vt 0.583810 0.671506
vt 0.583808 0.687102
vt 0.572202 0.671537
vt 0.572204 0.655939
vt 0.583817 0.640319
vt 0.583813 0.655912
vt 0.549001 0.718417
vt 0.560604 0.718379
vt 0.549011 0.734029
vt 0.560598 0.702773
vt 0.572203 0.702737
vt 0.525796 0.718487
vt 0.525807 0.734104
vt 0.514205 0.734137
vt 0.537398 0.718453
vt 0.537409 0.734068
vt 0.502593 0.718547
vt 0.514194 0.718518
vt 0.502603 0.734168
vt 0.514187 0.702901
vt 0.525784 0.687259
vt 0.537387 0.687230
vt 0.525789 0.702872
vt 0.479390 0.718596
vt 0.479400 0.734221
vt 0.467798 0.734243
vt 0.490991 0.718573
vt 0.491001 0.734196
vt 0.502572 0.656081
vt 0.514176 0.656061
vt 0.502575 0.671694
vt 0.514174 0.640451
vt 0.525778 0.624826
vt 0.537385 0.624808
vt 0.525779 0.640432
vt 0.479376 0.687352
vt 0.490973 0.671715
vt 0.490978 0.687332
vt 0.479372 0.671733
vt 0.479368 0.656116
vt 0.490967 0.640486
vt 0.490970 0.656099
vt 0.456188 0.718634
vt 0.467789 0.718617
vt 0.456196 0.734262
vt 0.467781 0.702992
vt 0.479382 0.702973
vt 0.432986 0.718661
vt 0.432992 0.734291
vt 0.421391 0.734300
vt 0.444587 0.718649
vt 0.444594 0.734278
vt 0.409784 0.718677
vt 0.421385 0.718671
vt 0.409789 0.734307
vt 0.421380 0.703042
vt 0.432975 0.687408
vt 0.444575 0.687398
vt 0.432980 0.703034
vt 0.386582 0.718681
vt 0.386585 0.734312
vt 0.374983 0.734310
vt 0.398183 0.718681
vt 0.398187 0.734311
vt 0.409766 0.656172
vt 0.421365 0.656168
vt 0.409770 0.671796
vt 0.421361 0.640546
vt 0.432956 0.624922
vt 0.444557 0.624915
vt 0.432961 0.640541
vt 0.386576 0.687424
vt 0.398171 0.671798
vt 0.398175 0.687424
vt 0.386572 0.671799
vt 0.386567 0.656174
vt 0.398162 0.640552
vt 0.398167 0.656174
vt 0.363381 0.718674
vt 0.374982 0.718679
vt 0.363382 0.734304
vt 0.374979 0.703050
vt 0.386579 0.703052
vt 0.340180 0.718656
vt 0.340178 0.734285
vt 0.328577 0.734272
vt 0.351781 0.718667
vt 0.351780 0.734296
vt 0.316979 0.718627
vt 0.328579 0.718643
vt 0.316975 0.734255
vt 0.328580 0.703016
vt 0.340178 0.687402
vt 0.351778 0.687411
vt 0.340180 0.703028
vt 0.293778 0.718588
vt 0.293773 0.734214
vt 0.282171 0.734189
vt 0.305378 0.718609
vt 0.305374 0.734236
vt 0.316972 0.656132
vt 0.328572 0.656144
vt 0.316977 0.671754
vt 0.328566 0.640523
vt 0.340160 0.624913
vt 0.351759 0.624919
vt 0.340166 0.640532
vt 0.293780 0.687342
vt 0.305377 0.671739
vt 0.305380 0.687361
vt 0.293777 0.671722
vt 0.293773 0.656103
vt 0.305367 0.640500
vt 0.305373 0.656119
vt 0.270577 0.718539
vt 0.282178 0.718565
vt 0.270570 0.734162
vt 0.282180 0.702943
vt 0.293780 0.702964
vt 0.247376 0.718481
vt 0.247369 0.734099
vt 0.235768 0.734065
vt 0.258977 0.718511
vt 0.258969 0.734132
vt 0.224174 0.718415
vt 0.235775 0.718449
vt 0.224167 0.734028
vt 0.235778 0.702835
vt 0.247379 0.687250
vt 0.258979 0.687276
vt 0.247379 0.702865
vt 0.200972 0.718341
vt 0.200965 0.733948
vt 0.189364 0.733906
vt 0.212573 0.718379
vt 0.212566 0.733989
vt 0.224164 0.655980
vt 0.235767 0.656003
vt 0.224171 0.671586
vt 0.235758 0.640396
vt 0.247352 0.624808
vt 0.258954 0.624825
vt 0.247361 0.640416
vt 0.200971 0.687133
vt 0.212568 0.671559
vt 0.212574 0.687164
vt 0.200965 0.671531
vt 0.200956 0.655931
vt 0.212550 0.640354
vt 0.212560 0.655955
vt 0.177768 0.718263
vt 0.189370 0.718303
vt 0.177763 0.733862
vt 0.189371 0.702701
vt 0.200974 0.702736
vt 0.154562 0.718181
vt 0.154559 0.733772
vt 0.142956 0.733726
vt 0.166166 0.718222
vt 0.166161 0.733817
vt 0.131353 0.718100
vt 0.142958 0.718140
vt 0.131352 0.733680
vt 0.142955 0.702556
vt 0.154553 0.687004
vt 0.166159 0.687036
vt 0.154560 0.702592
vt 0.108140 0.718024
vt 0.108142 0.733592
vt 0.096536 0.733552
vt 0.119747 0.718061
vt 0.119748 0.733636
vt 0.131309 0.655784
vt 0.142920 0.655807
vt 0.131325 0.671363
vt 0.142903 0.640225
vt 0.154496 0.624659
vt 0.166107 0.624677
vt 0.154513 0.640244
vt 0.108120 0.686886
vt 0.119715 0.671339
vt 0.119730 0.686913
vt 0.108103 0.671317
vt 0.108084 0.655747
vt 0.119678 0.640190
vt 0.119697 0.655764
vt 0.084922 0.717959
vt 0.096532 0.717989
vt 0.084928 0.733514
vt 0.096522 0.702427
vt 0.108132 0.702455
vt 0.061698 0.717911
vt 0.061707 0.733452
vt 0.050094 0.733431
vt 0.073311 0.717932
vt 0.073318 0.733480
vt 0.038469 0.717891
vt 0.050084 0.717897
vt 0.038479 0.733418
vt 0.050069 0.702359
vt 0.061666 0.686819
vt 0.073281 0.686829
vt 0.061684 0.702367
vt 0.015233 0.717909
vt 0.015245 0.733422
vt 0.003625 0.733443
vt 0.026851 0.717895
vt 0.026863 0.733414
vt 0.038383 0.655731
vt 0.050002 0.655719
vt 0.038408 0.671279
vt 0.049976 0.640164
vt 0.061570 0.624596
vt 0.073189 0.624592
vt 0.061595 0.640157
vt 0.015194 0.686859
vt 0.026789 0.671296
vt 0.026813 0.686835
vt 0.015169 0.671322
vt 0.015143 0.655779
vt 0.026736 0.640200
vt 0.026763 0.655751
vt 0.746382 0.717927
vt 0.746397 0.702391
vt 0.015215 0.702388
vt 0.711703 0.842092
vt 0.711799 0.857596
vt 0.700197 0.857725
vt 0.723310 0.841989
vt 0.734921 0.841894
vt 0.735014 0.857351
vt 0.723404 0.857471
vt 0.688499 0.842310
vt 0.700100 0.842200
vt 0.688597 0.857852
vt 0.700026 0.826675
vt 0.711580 0.811075
vt 0.723190 0.811009
vt 0.711632 0.826585
vt 0.665300 0.842528
vt 0.665400 0.858099
vt 0.653801 0.858216
vt 0.676899 0.842420
vt 0.676999 0.857978
vt 0.688304 0.780143
vt 0.699913 0.780088
vt 0.688329 0.795686
vt 0.699900 0.764553
vt 0.711511 0.748987
vt 0.723127 0.748969
vt 0.711513 0.764517
vt 0.665164 0.811394
vt 0.676724 0.795756
vt 0.676765 0.811310
vt 0.665121 0.795829
vt 0.665092 0.780266
vt 0.676681 0.764648
vt 0.676697 0.780202
vt 0.642103 0.842735
vt 0.653702 0.842634
vt 0.642201 0.858327
vt 0.653624 0.827055
vt 0.665223 0.826960
vt 0.618901 0.842925
vt 0.618995 0.858530
vt 0.607390 0.858622
vt 0.630502 0.842833
vt 0.630599 0.858432
vt 0.595693 0.843093
vt 0.607298 0.843012
vt 0.595782 0.858708
vt 0.607223 0.827403
vt 0.618763 0.811722
vt 0.630364 0.811643
vt 0.618824 0.827322
vt 0.572480 0.843241
vt 0.572560 0.858862
vt 0.560947 0.858930
vt 0.584087 0.843170
vt 0.584172 0.858788
vt 0.595479 0.780656
vt 0.607080 0.780594
vt 0.595514 0.796262
vt 0.607055 0.764996
vt 0.618641 0.749347
vt 0.630245 0.749293
vt 0.618657 0.764937
vt 0.572356 0.812003
vt 0.583913 0.796326
vt 0.583959 0.811938
vt 0.572311 0.796387
vt 0.572276 0.780773
vt 0.583851 0.765108
vt 0.583877 0.780716
vt 0.549259 0.843367
vt 0.560870 0.843307
vt 0.549331 0.858993
vt 0.560806 0.827684
vt 0.572412 0.827621
vt 0.526033 0.843474
vt 0.526095 0.859102
vt 0.514475 0.859149
vt 0.537647 0.843423
vt 0.537714 0.859050
vt 0.502801 0.843562
vt 0.514417 0.843520
vt 0.502853 0.859191
vt 0.514368 0.827891
vt 0.525933 0.812219
vt 0.537541 0.812171
vt 0.525979 0.827846
vt 0.479564 0.843631
vt 0.479606 0.859262
vt 0.467981 0.859291
vt 0.491183 0.843599
vt 0.491230 0.859229
vt 0.502656 0.781044
vt 0.514261 0.781007
vt 0.502683 0.796672
vt 0.514237 0.765382
vt 0.525821 0.749723
vt 0.537423 0.749684
vt 0.525840 0.765344
vt 0.479496 0.812368
vt 0.491076 0.796706
vt 0.491106 0.812337
vt 0.479469 0.796736
vt 0.479446 0.781105
vt 0.491031 0.765448
vt 0.491051 0.781076
vt 0.456324 0.843684
vt 0.467945 0.843659
vt 0.456355 0.859315
vt 0.467912 0.828027
vt 0.479528 0.827999
vt 0.433082 0.843720
vt 0.433102 0.859351
vt 0.421475 0.859363
vt 0.444703 0.843704
vt 0.444729 0.859335
vt 0.409837 0.843740
vt 0.421460 0.843732
vt 0.409847 0.859371
vt 0.421446 0.828099
vt 0.433047 0.812453
vt 0.444660 0.812437
vt 0.433063 0.828087
vt 0.386592 0.843745
vt 0.386591 0.859376
vt 0.374963 0.859373
vt 0.398215 0.843744
vt 0.398219 0.859376
vt 0.409806 0.781205
vt 0.421413 0.781197
vt 0.409812 0.796839
vt 0.421405 0.765564
vt 0.433000 0.749921
vt 0.444603 0.749908
vt 0.433010 0.765553
vt 0.386592 0.812478
vt 0.398202 0.796843
vt 0.398206 0.812477
vt 0.386592 0.796844
vt 0.386591 0.781210
vt 0.398194 0.765576
vt 0.398198 0.781209
vt 0.363346 0.843735
vt 0.374969 0.843741
vt 0.363335 0.859366
vt 0.374974 0.828109
vt 0.386592 0.828112
vt 0.340101 0.843710
vt 0.340079 0.859340
vt 0.328452 0.859322
vt 0.351724 0.843724
vt 0.351707 0.859355
vt 0.316858 0.843671
vt 0.328479 0.843692
vt 0.316825 0.859300
vt 0.328503 0.828061
vt 0.340137 0.812446
vt 0.351750 0.812459
vt 0.340120 0.828078
vt 0.293616 0.843617
vt 0.293573 0.859245
vt 0.281948 0.859212
vt 0.305237 0.843646
vt 0.305199 0.859275
vt 0.316947 0.781145
vt 0.328553 0.781164
vt 0.316930 0.796777
vt 0.328564 0.765533
vt 0.340175 0.749916
vt 0.351778 0.749928
vt 0.340169 0.765548
vt 0.293686 0.812357
vt 0.305321 0.796754
vt 0.305298 0.812385
vt 0.293712 0.796727
vt 0.293734 0.781098
vt 0.305355 0.765493
vt 0.305340 0.781123
vt 0.270378 0.843548
vt 0.281997 0.843584
vt 0.270324 0.859175
vt 0.282039 0.827956
vt 0.293654 0.827987
vt 0.247143 0.843465
vt 0.247080 0.859090
vt 0.235459 0.859041
vt 0.258760 0.843508
vt 0.258702 0.859135
vt 0.223914 0.843365
vt 0.235528 0.843417
vt 0.223840 0.858988
vt 0.235587 0.827792
vt 0.247245 0.812213
vt 0.258854 0.812255
vt 0.247198 0.827839
vt 0.200690 0.843249
vt 0.200607 0.858869
vt 0.188993 0.858802
vt 0.212301 0.843309
vt 0.212223 0.858931
vt 0.224108 0.780879
vt 0.235711 0.780923
vt 0.224073 0.796499
vt 0.235736 0.765302
vt 0.247356 0.749719
vt 0.258958 0.749754
vt 0.247338 0.765341
vt 0.200818 0.812012
vt 0.212469 0.796449
vt 0.212423 0.812068
vt 0.200866 0.796396
vt 0.200903 0.780781
vt 0.212533 0.765215
vt 0.212505 0.780831
vt 0.177472 0.843116
vt 0.189080 0.843185
vt 0.177381 0.858731
vt 0.189153 0.827568
vt 0.200760 0.827630
vt 0.154261 0.842964
vt 0.154163 0.858572
vt 0.142557 0.858484
vt 0.165866 0.843042
vt 0.165771 0.858654
vt 0.131057 0.842793
vt 0.142658 0.842881
vt 0.130953 0.858391
vt 0.142742 0.827280
vt 0.154409 0.811755
vt 0.166010 0.811824
vt 0.154343 0.827358
vt 0.107858 0.842603
vt 0.107751 0.858187
vt 0.096153 0.858075
vt 0.119457 0.842700
vt 0.119351 0.858292
vt 0.131300 0.780430
vt 0.142900 0.780493
vt 0.131262 0.796017
vt 0.142928 0.764902
vt 0.154548 0.749364
vt 0.166149 0.749415
vt 0.154529 0.764959
vt 0.108011 0.811447
vt 0.119662 0.795945
vt 0.119610 0.811528
vt 0.108062 0.795873
vt 0.108099 0.780301
vt 0.119726 0.764788
vt 0.119700 0.780366
vt 0.084663 0.842397
vt 0.096260 0.842502
vt 0.084555 0.857959
vt 0.096346 0.826932
vt 0.107944 0.827024
vt 0.061466 0.842180
vt 0.061360 0.857712
vt 0.049761 0.857585
vt 0.073065 0.842289
vt 0.072958 0.857837
vt 0.038261 0.841964
vt 0.049865 0.842071
vt 0.038159 0.857457
vt 0.049945 0.826558
vt 0.061610 0.811120
vt 0.073212 0.811200
vt 0.061548 0.826650
vt 0.015042 0.841770
vt 0.014943 0.857214
vt 0.003326 0.857107
vt 0.026654 0.841863
vt 0.026553 0.857332
vt 0.038465 0.779965
vt 0.050076 0.780008
vt 0.038439 0.795471
vt 0.050092 0.764486
vt 0.061709 0.748990
vt 0.073318 0.749027
vt 0.061701 0.764526
vt 0.015173 0.810857
vt 0.026827 0.795424
vt 0.026787 0.810909
vt 0.015211 0.795388
vt 0.015236 0.779910
vt 0.026865 0.764433
vt 0.026852 0.779932
vt 0.746538 0.841813
vt 0.746470 0.826371
vt 0.015117 0.826318
vt 0.713569 0.966237
vt 0.714054 0.981805
vt 0.702372 0.982114
vt 0.725202 0.965897
vt 0.736824 0.965505
vt 0.737364 0.981011
vt 0.725720 0.981443
vt 0.690268 0.966789
vt 0.701923 0.966532
vt 0.690680 0.982378
vt 0.701531 0.950962
vt 0.712807 0.935151
vt 0.724416 0.934875
vt 0.713156 0.950686
vt 0.666936 0.967211
vt 0.667281 0.982808
vt 0.655577 0.982984
vt 0.678605 0.967014
vt 0.678982 0.982608
vt 0.689072 0.904501
vt 0.700674 0.904314
vt 0.689304 0.920061
vt 0.700479 0.888780
vt 0.711923 0.873100
vt 0.723527 0.872949
vt 0.712080 0.888606
vt 0.666330 0.936017
vt 0.677693 0.920251
vt 0.677957 0.935833
vt 0.666078 0.920424
vt 0.665861 0.904836
vt 0.677279 0.889105
vt 0.677468 0.904675
vt 0.643585 0.967539
vt 0.655262 0.967385
vt 0.643874 0.983140
vt 0.654967 0.951783
vt 0.666617 0.951613
vt 0.620225 0.967801
vt 0.620466 0.983402
vt 0.608763 0.983513
vt 0.631906 0.967677
vt 0.632170 0.983278
vt 0.596859 0.968012
vt 0.608542 0.967912
vt 0.597062 0.983614
vt 0.608329 0.952305
vt 0.619775 0.936584
vt 0.631420 0.936464
vt 0.619993 0.952194
vt 0.573492 0.968184
vt 0.573661 0.983786
vt 0.561962 0.983860
vt 0.585176 0.968102
vt 0.585361 0.983704
vt 0.596148 0.905560
vt 0.607775 0.905465
vt 0.596304 0.921178
vt 0.607627 0.889850
vt 0.619109 0.874138
vt 0.630716 0.874034
vt 0.619243 0.889748
vt 0.573169 0.936964
vt 0.584664 0.921266
vt 0.584823 0.936882
vt 0.573021 0.921347
vt 0.572885 0.905728
vt 0.584387 0.890028
vt 0.584518 0.905648
vt 0.550124 0.968325
vt 0.561808 0.968258
vt 0.550264 0.983927
vt 0.561656 0.952650
vt 0.573326 0.952576
vt 0.526756 0.968440
vt 0.526870 0.984042
vt 0.515175 0.984091
vt 0.538440 0.968386
vt 0.538567 0.983988
vt 0.503388 0.968533
vt 0.515072 0.968489
vt 0.503479 0.984135
vt 0.514970 0.952881
vt 0.526534 0.937219
vt 0.538194 0.937165
vt 0.526643 0.952832
vt 0.480020 0.968604
vt 0.480090 0.984207
vt 0.468396 0.984235
vt 0.491704 0.968571
vt 0.491784 0.984173
vt 0.503050 0.906072
vt 0.514693 0.906029
vt 0.503128 0.921694
vt 0.514613 0.890404
vt 0.526166 0.874730
vt 0.537791 0.874677
vt 0.526246 0.890356
vt 0.479885 0.937383
vt 0.491475 0.921732
vt 0.491548 0.937350
vt 0.479821 0.921766
vt 0.479761 0.906144
vt 0.491342 0.890486
vt 0.491406 0.906111
vt 0.456654 0.968657
vt 0.468337 0.968633
vt 0.456702 0.984260
vt 0.468279 0.953025
vt 0.479952 0.952996
vt 0.433288 0.968693
vt 0.433316 0.984295
vt 0.421624 0.984307
vt 0.444971 0.968677
vt 0.445009 0.984280
vt 0.409923 0.968712
vt 0.421605 0.968704
vt 0.409932 0.984314
vt 0.421586 0.953097
vt 0.433231 0.937472
vt 0.444895 0.937457
vt 0.433259 0.953085
vt 0.386559 0.968714
vt 0.386549 0.984316
vt 0.374858 0.984312
vt 0.398241 0.968715
vt 0.398240 0.984317
vt 0.409880 0.906253
vt 0.421528 0.906246
vt 0.409891 0.921874
vt 0.421509 0.890621
vt 0.433125 0.874981
vt 0.444758 0.874965
vt 0.433149 0.890609
vt 0.386575 0.937495
vt 0.398236 0.921878
vt 0.398239 0.937495
vt 0.386580 0.921878
vt 0.386584 0.906257
vt 0.398228 0.890633
vt 0.398232 0.906257
vt 0.363197 0.968701
vt 0.374878 0.968710
vt 0.363168 0.984303
vt 0.374896 0.953102
vt 0.386568 0.953107
vt 0.339836 0.968672
vt 0.339788 0.984274
vt 0.328099 0.984254
vt 0.351516 0.968689
vt 0.351478 0.984290
vt 0.316476 0.968628
vt 0.328156 0.968652
vt 0.316410 0.984230
vt 0.328209 0.953046
vt 0.339921 0.937454
vt 0.351584 0.937470
vt 0.339880 0.953066
vt 0.293118 0.968569
vt 0.293033 0.984170
vt 0.281345 0.984134
vt 0.304797 0.968601
vt 0.304722 0.984202
vt 0.316701 0.906176
vt 0.328347 0.906199
vt 0.316651 0.921795
vt 0.328386 0.890576
vt 0.340054 0.874969
vt 0.351687 0.874984
vt 0.340025 0.890595
vt 0.293273 0.937352
vt 0.304997 0.921768
vt 0.304935 0.937383
vt 0.293344 0.921737
vt 0.293410 0.906119
vt 0.305108 0.890527
vt 0.305055 0.906149
vt 0.269761 0.968494
vt 0.281439 0.968533
vt 0.269658 0.984094
vt 0.281528 0.952928
vt 0.293198 0.952963
vt 0.246404 0.968402
vt 0.246282 0.984002
vt 0.234594 0.983950
vt 0.258082 0.968450
vt 0.257970 0.984051
vt 0.223049 0.968293
vt 0.234727 0.968350
vt 0.222906 0.983893
vt 0.234854 0.952745
vt 0.246634 0.937188
vt 0.258293 0.937235
vt 0.246522 0.952797
vt 0.199695 0.968164
vt 0.199530 0.983764
vt 0.187841 0.983691
vt 0.211372 0.968231
vt 0.211218 0.983831
vt 0.223557 0.905850
vt 0.235196 0.905906
vt 0.223442 0.921467
vt 0.235293 0.890286
vt 0.247008 0.874714
vt 0.258635 0.874760
vt 0.246926 0.890337
vt 0.200007 0.936952
vt 0.211796 0.921406
vt 0.211662 0.937018
vt 0.200150 0.921340
vt 0.200283 0.905725
vt 0.212032 0.890172
vt 0.211919 0.905790
vt 0.176340 0.968013
vt 0.188017 0.968092
vt 0.176150 0.983612
vt 0.188189 0.952488
vt 0.199854 0.952560
vt 0.152985 0.967835
vt 0.152767 0.983434
vt 0.141073 0.983332
vt 0.164662 0.967928
vt 0.164459 0.983527
vt 0.129631 0.967623
vt 0.141308 0.967734
vt 0.129377 0.983221
vt 0.141536 0.952132
vt 0.153400 0.936626
vt 0.165049 0.936718
vt 0.153198 0.952233
vt 0.106279 0.967365
vt 0.105981 0.982962
vt 0.094281 0.982810
vt 0.117954 0.967501
vt 0.117680 0.983098
vt 0.130514 0.905202
vt 0.142135 0.905308
vt 0.130322 0.920809
vt 0.142296 0.889698
vt 0.154047 0.874182
vt 0.165660 0.874267
vt 0.153912 0.889793
vt 0.106831 0.936162
vt 0.118694 0.920690
vt 0.118468 0.936295
vt 0.107070 0.920561
vt 0.107282 0.904961
vt 0.119072 0.889485
vt 0.118896 0.905087
vt 0.082934 0.967043
vt 0.094605 0.967213
vt 0.082579 0.982638
vt 0.094914 0.951614
vt 0.106565 0.951764
vt 0.059608 0.966625
vt 0.059177 0.982215
vt 0.047483 0.981950
vt 0.071268 0.966848
vt 0.070877 0.982442
vt 0.036318 0.966060
vt 0.047957 0.966365
vt 0.035798 0.981632
vt 0.048372 0.950790
vt 0.060334 0.935460
vt 0.071949 0.935666
vt 0.059996 0.951038
vt 0.013079 0.965279
vt 0.012488 0.980777
vt 0.000876 0.980202
vt 0.024692 0.965700
vt 0.024130 0.981248
vt 0.037666 0.903944
vt 0.049264 0.904147
vt 0.037420 0.919451
vt 0.049466 0.888620
vt 0.061227 0.873248
vt 0.072824 0.873390
vt 0.061063 0.888789
vt 0.013914 0.934374
vt 0.025819 0.919203
vt 0.025518 0.934684
vt 0.014214 0.918942
vt 0.014459 0.903513
vt 0.026264 0.888265
vt 0.026065 0.903732
vt 0.748436 0.965063
vt 0.747998 0.949652
vt 0.013543 0.949816
vt 0.735485 0.903686
vt 0.747099 0.903464
vt 0.735728 0.919127
vt 0.746904 0.888065
vt 0.014816 0.872652
vt 0.026425 0.872799
vt 0.014657 0.888084
vt 0.060863 0.904337
vt 0.060621 0.919893
vt 0.049020 0.919682
vt 0.072463 0.904513
vt 0.084065 0.904675
vt 0.083836 0.920260
vt 0.072227 0.920085
vt 0.095672 0.904824
vt 0.095861 0.889236
vt 0.107621 0.873774
vt 0.119224 0.873887
vt 0.107465 0.889365
vt 0.153759 0.905405
vt 0.153588 0.921016
vt 0.141953 0.920917
vt 0.165386 0.905495
vt 0.177016 0.905578
vt 0.176865 0.921191
vt 0.165225 0.921107
vt 0.188649 0.905654
vt 0.188777 0.890038
vt 0.200512 0.874488
vt 0.212133 0.874552
vt 0.200404 0.890107
vt 0.246837 0.905957
vt 0.246739 0.921574
vt 0.235090 0.921523
vt 0.258479 0.906003
vt 0.270121 0.906046
vt 0.270040 0.921664
vt 0.258389 0.921621
vt 0.281765 0.906084
vt 0.281833 0.890463
vt 0.293524 0.874872
vt 0.305156 0.874902
vt 0.293470 0.890497
vt 0.339994 0.906218
vt 0.339959 0.921838
vt 0.328305 0.921819
vt 0.351641 0.906234
vt 0.363289 0.906245
vt 0.363269 0.921866
vt 0.351614 0.921854
vt 0.374936 0.906253
vt 0.374947 0.890629
vt 0.386589 0.875006
vt 0.398224 0.875005
vt 0.386587 0.890633
vt 0.433175 0.906234
vt 0.433202 0.921855
vt 0.421547 0.921867
vt 0.444822 0.906218
vt 0.456469 0.906198
vt 0.456513 0.921819
vt 0.444858 0.921839
vt 0.468115 0.906173
vt 0.468067 0.890548
vt 0.479653 0.874892
vt 0.491283 0.874858
vt 0.479705 0.890519
vt 0.526334 0.905980
vt 0.526431 0.921602
vt 0.514780 0.921650
vt 0.537975 0.905926
vt 0.549614 0.905866
vt 0.549729 0.921487
vt 0.538081 0.921547
vt 0.561250 0.905800
vt 0.561137 0.890178
vt 0.572655 0.874484
vt 0.584272 0.874408
vt 0.572763 0.890106
vt 0.619399 0.905360
vt 0.619577 0.920973
vt 0.607942 0.921080
vt 0.631020 0.905246
vt 0.642637 0.905121
vt 0.642836 0.920725
vt 0.631208 0.920854
vt 0.654251 0.904985
vt 0.654073 0.889391
vt 0.665525 0.873674
vt 0.677124 0.873539
vt 0.665677 0.889253
vt 0.712276 0.904114
vt 0.712516 0.919628
vt 0.700911 0.919854
vt 0.723879 0.903904
vt 0.724121 0.919385
vt 0.734753 0.779978
vt 0.746372 0.779968
vt 0.734772 0.795472
vt 0.746364 0.764475
vt 0.015251 0.748927
vt 0.026868 0.748927
vt 0.015248 0.764423
vt 0.061684 0.780059
vt 0.061654 0.795590
vt 0.050048 0.795527
vt 0.073290 0.780115
vt 0.084894 0.780175
vt 0.084861 0.795728
vt 0.073258 0.795657
vt 0.096497 0.780237
vt 0.096520 0.764675
vt 0.108137 0.749161
vt 0.119741 0.749211
vt 0.108123 0.764731
vt 0.154500 0.780555
vt 0.154461 0.796154
vt 0.142861 0.796086
vt 0.166101 0.780615
vt 0.177701 0.780673
vt 0.177662 0.796281
vt 0.166061 0.796219
vt 0.189302 0.780728
vt 0.189331 0.765119
vt 0.200952 0.749557
vt 0.212553 0.749601
vt 0.200932 0.765168
vt 0.247314 0.780964
vt 0.247283 0.796588
vt 0.235678 0.796545
vt 0.258918 0.781002
vt 0.270523 0.781037
vt 0.270496 0.796664
vt 0.258889 0.796628
vt 0.282128 0.781069
vt 0.282147 0.765441
vt 0.293764 0.749840
vt 0.305366 0.749864
vt 0.293751 0.765468
vt 0.340161 0.781180
vt 0.340150 0.796813
vt 0.328540 0.796797
vt 0.351768 0.781193
vt 0.363375 0.781202
vt 0.363371 0.796835
vt 0.351760 0.796826
vt 0.374983 0.781208
vt 0.374984 0.765574
vt 0.386587 0.749944
vt 0.398191 0.749943
vt 0.386589 0.765576
vt 0.433020 0.781186
vt 0.433033 0.796819
vt 0.421423 0.796831
vt 0.444627 0.781171
vt 0.456234 0.781153
vt 0.456252 0.796785
vt 0.444642 0.796804
vt 0.467840 0.781131
vt 0.467823 0.765500
vt 0.479412 0.749848
vt 0.491014 0.749821
vt 0.479427 0.765476
vt 0.525865 0.780967
vt 0.525896 0.796592
vt 0.514290 0.796634
vt 0.537468 0.780924
vt 0.549071 0.780877
vt 0.549105 0.796497
vt 0.537501 0.796547
vt 0.560674 0.780826
vt 0.560647 0.765211
vt 0.572229 0.749552
vt 0.583831 0.749503
vt 0.572249 0.765161
vt 0.618682 0.780530
vt 0.618716 0.796125
vt 0.607116 0.796195
vt 0.630283 0.780464
vt 0.641885 0.780398
vt 0.641918 0.795979
vt 0.630317 0.796053
vt 0.653488 0.780331
vt 0.653468 0.764759
vt 0.665065 0.749138
vt 0.676674 0.749092
vt 0.665074 0.764702
vt 0.711524 0.780041
vt 0.711545 0.795560
vt 0.699936 0.795620
vt 0.723137 0.780004
vt 0.723157 0.795510
vt 0.734828 0.655712
vt 0.746448 0.655732
vt 0.734811 0.671272
vt 0.746465 0.640165
vt 0.015088 0.624674
vt 0.026709 0.624644
vt 0.015115 0.640229
vt 0.061621 0.655714
vt 0.061644 0.671268
vt 0.050027 0.671270
vt 0.073238 0.655715
vt 0.084855 0.655721
vt 0.084876 0.671283
vt 0.073261 0.671273
vt 0.096470 0.655732
vt 0.096448 0.640165
vt 0.108042 0.624604
vt 0.119657 0.624615
vt 0.108064 0.640176
vt 0.154529 0.655830
vt 0.154543 0.671416
vt 0.142934 0.671389
vt 0.166137 0.655855
vt 0.177744 0.655880
vt 0.177756 0.671474
vt 0.166150 0.671445
vt 0.189351 0.655905
vt 0.189338 0.640309
vt 0.200932 0.624734
vt 0.212538 0.624753
vt 0.200945 0.640332
vt 0.247369 0.656026
vt 0.247375 0.671637
vt 0.235773 0.671612
vt 0.258971 0.656047
vt 0.270572 0.656067
vt 0.270577 0.671683
vt 0.258976 0.671661
vt 0.282172 0.656086
vt 0.282166 0.640470
vt 0.293759 0.624870
vt 0.305360 0.624883
vt 0.293767 0.640486
vt 0.340171 0.656154
vt 0.340175 0.671777
vt 0.328576 0.671766
vt 0.351770 0.656162
vt 0.363369 0.656168
vt 0.363374 0.671792
vt 0.351774 0.671786
vt 0.374968 0.656172
vt 0.374963 0.640550
vt 0.386557 0.624931
vt 0.398156 0.624931
vt 0.386562 0.640552
vt 0.432965 0.656161
vt 0.432970 0.671784
vt 0.421370 0.671791
vt 0.444565 0.656153
vt 0.456166 0.656143
vt 0.456170 0.671763
vt 0.444570 0.671775
vt 0.467767 0.656130
vt 0.467763 0.640513
vt 0.479362 0.624886
vt 0.490965 0.624874
vt 0.479365 0.640500
vt 0.525780 0.656039
vt 0.525781 0.671648
vt 0.514178 0.671672
vt 0.537385 0.656016
vt 0.548990 0.655991
vt 0.548990 0.671595
vt 0.537385 0.671622
vt 0.560597 0.655966
vt 0.560599 0.640367
vt 0.572210 0.624748
vt 0.583821 0.624727
vt 0.572207 0.640343
vt 0.618647 0.655830
vt 0.618639 0.671414
vt 0.607028 0.671444
vt 0.630260 0.655804
vt 0.641875 0.655779
vt 0.641865 0.671356
vt 0.630252 0.671384
vt 0.653491 0.655757
vt 0.653502 0.640183
vt 0.665132 0.624593
vt 0.676752 0.624580
vt 0.665120 0.640165
vt 0.711586 0.655697
vt 0.711570 0.671257
vt 0.699950 0.671261
vt 0.723207 0.655701
vt 0.723190 0.671260
vt 0.734894 0.531093
vt 0.746515 0.531086
vt 0.734896 0.546678
vt 0.746509 0.515497
vt 0.014920 0.500077
vt 0.026542 0.500063
vt 0.014932 0.515661
vt 0.061437 0.531181
vt 0.061455 0.546755
vt 0.049832 0.546768
vt 0.073060 0.531172
vt 0.084682 0.531165
vt 0.084699 0.546739
vt 0.073077 0.546746
vt 0.096304 0.531159
vt 0.096290 0.515583
vt 0.107901 0.500001
vt 0.119521 0.499995
vt 0.107912 0.515578
vt 0.154398 0.531153
vt 0.154412 0.546737
vt 0.142796 0.546734
vt 0.166013 0.531155
vt 0.177627 0.531158
vt 0.177640 0.546746
vt 0.166027 0.546742
vt 0.189240 0.531161
vt 0.189229 0.515570
vt 0.200832 0.499977
vt 0.212442 0.499977
vt 0.200841 0.515571
vt 0.247286 0.531182
vt 0.247296 0.546785
vt 0.235690 0.546778
vt 0.258892 0.531187
vt 0.270497 0.531192
vt 0.270507 0.546798
vt 0.258902 0.546791
vt 0.282101 0.531197
vt 0.282092 0.515589
vt 0.293688 0.499984
vt 0.305291 0.499986
vt 0.293696 0.515592
vt 0.340113 0.531218
vt 0.340121 0.546832
vt 0.328520 0.546827
vt 0.351714 0.531222
vt 0.363315 0.531225
vt 0.363323 0.546839
vt 0.351722 0.546836
vt 0.374916 0.531228
vt 0.374908 0.515614
vt 0.386501 0.500003
vt 0.398102 0.500005
vt 0.386509 0.515616
vt 0.432922 0.531235
vt 0.432929 0.546847
vt 0.421327 0.546848
vt 0.444524 0.531235
vt 0.456127 0.531235
vt 0.456134 0.546844
vt 0.444531 0.546846
vt 0.467731 0.531234
vt 0.467724 0.515626
vt 0.479321 0.500020
vt 0.490926 0.500021
vt 0.479328 0.515626
vt 0.525762 0.531220
vt 0.525768 0.546819
vt 0.514160 0.546825
vt 0.537372 0.531215
vt 0.548983 0.531210
vt 0.548987 0.546805
vt 0.537377 0.546812
vt 0.560595 0.531205
vt 0.560588 0.515613
vt 0.572194 0.500020
vt 0.583808 0.500018
vt 0.572202 0.515609
vt 0.618673 0.531171
vt 0.618677 0.546753
vt 0.607059 0.546762
vt 0.630293 0.531164
vt 0.641913 0.531156
vt 0.641916 0.546734
vt 0.630296 0.546743
vt 0.653535 0.531148
vt 0.653529 0.515570
vt 0.665143 0.499987
vt 0.676765 0.499979
vt 0.665151 0.515563
vt 0.711649 0.531108
vt 0.711651 0.546687
vt 0.700028 0.546694
vt 0.723272 0.531101
vt 0.723274 0.546682
vt 0.734766 0.406454
vt 0.746387 0.406419
vt 0.734791 0.422024
vt 0.746360 0.390851
vt 0.014941 0.375422
vt 0.026562 0.375432
vt 0.014928 0.390997
vt 0.061407 0.406573
vt 0.061400 0.422148
vt 0.049777 0.422153
vt 0.073029 0.406566
vt 0.084650 0.406556
vt 0.084644 0.422131
vt 0.073022 0.422140
vt 0.096271 0.406544
vt 0.096278 0.390968
vt 0.107906 0.375375
vt 0.119523 0.375356
vt 0.107898 0.390953
vt 0.154359 0.406470
vt 0.154357 0.422057
vt 0.142741 0.422070
vt 0.165973 0.406454
vt 0.177585 0.406438
vt 0.177585 0.422030
vt 0.165972 0.422043
vt 0.189197 0.406423
vt 0.189198 0.390828
vt 0.200808 0.375211
vt 0.212415 0.375192
vt 0.200807 0.390810
vt 0.247236 0.406356
vt 0.247239 0.421962
vt 0.235633 0.421971
vt 0.258841 0.406346
vt 0.270445 0.406336
vt 0.270449 0.421946
vt 0.258844 0.421953
vt 0.282048 0.406328
vt 0.282044 0.390716
vt 0.293642 0.375093
vt 0.305243 0.375085
vt 0.293646 0.390708
vt 0.340055 0.406307
vt 0.340061 0.421923
vt 0.328460 0.421924
vt 0.351655 0.406307
vt 0.363255 0.406307
vt 0.363262 0.421924
vt 0.351661 0.421923
vt 0.374855 0.406309
vt 0.374848 0.390691
vt 0.386442 0.375075
vt 0.398041 0.375081
vt 0.386448 0.390695
vt 0.432856 0.406338
vt 0.432864 0.421952
vt 0.421263 0.421945
vt 0.444457 0.406347
vt 0.456058 0.406357
vt 0.456067 0.421969
vt 0.444465 0.421960
vt 0.467660 0.406368
vt 0.467651 0.390756
vt 0.479243 0.375159
vt 0.490846 0.375175
vt 0.479253 0.390770
vt 0.525681 0.406431
vt 0.525694 0.422031
vt 0.514087 0.422020
vt 0.537288 0.406445
vt 0.548896 0.406459
vt 0.548910 0.422054
vt 0.537301 0.422042
vt 0.560505 0.406472
vt 0.560490 0.390879
vt 0.572084 0.375304
vt 0.583693 0.375323
vt 0.572099 0.390895
vt 0.618568 0.406530
vt 0.618587 0.422109
vt 0.606971 0.422102
vt 0.630184 0.406537
vt 0.641802 0.406542
vt 0.641823 0.422117
vt 0.630204 0.422114
vt 0.653420 0.406545
vt 0.653398 0.390974
vt 0.664992 0.375408
vt 0.676611 0.375408
vt 0.665016 0.390976
vt 0.711523 0.406504
vt 0.711548 0.422073
vt 0.699926 0.422089
vt 0.723145 0.406482
vt 0.723170 0.422051
vt 0.734568 0.282091
vt 0.746187 0.282064
vt 0.734585 0.297612
vt 0.746175 0.266557
vt 0.015055 0.251038
vt 0.026673 0.251031
vt 0.015049 0.266560
vt 0.061507 0.282053
vt 0.061496 0.297608
vt 0.049880 0.297626
vt 0.073121 0.282024
vt 0.084734 0.281991
vt 0.084726 0.297557
vt 0.073112 0.297585
vt 0.096345 0.281954
vt 0.096347 0.266383
vt 0.107949 0.250760
vt 0.119555 0.250707
vt 0.107955 0.266337
vt 0.154384 0.281744
vt 0.154386 0.297339
vt 0.142779 0.297378
vt 0.165989 0.281702
vt 0.177593 0.281660
vt 0.177597 0.297263
vt 0.165992 0.297301
vt 0.189196 0.281621
vt 0.189187 0.266012
vt 0.200775 0.250357
vt 0.212377 0.250316
vt 0.200789 0.265971
vt 0.247207 0.281453
vt 0.247215 0.297073
vt 0.235613 0.297099
vt 0.258809 0.281427
vt 0.270410 0.281404
vt 0.270418 0.297027
vt 0.258817 0.297049
vt 0.282011 0.281383
vt 0.282002 0.265757
vt 0.293594 0.250109
vt 0.305197 0.250092
vt 0.293604 0.265738
vt 0.340016 0.281323
vt 0.340021 0.296952
vt 0.328420 0.296958
vt 0.351617 0.281320
vt 0.363218 0.281319
vt 0.363221 0.296948
vt 0.351621 0.296949
vt 0.374818 0.281321
vt 0.374817 0.265690
vt 0.386419 0.250064
vt 0.398022 0.250073
vt 0.386418 0.265696
vt 0.432821 0.281373
vt 0.432820 0.296999
vt 0.421220 0.296984
vt 0.444422 0.281391
vt 0.456022 0.281412
vt 0.456020 0.297036
vt 0.444420 0.297016
vt 0.467623 0.281435
vt 0.467629 0.265811
vt 0.479240 0.250215
vt 0.490842 0.250246
vt 0.479230 0.265838
vt 0.525626 0.281585
vt 0.525623 0.297197
vt 0.514022 0.297165
vt 0.537227 0.281621
vt 0.548828 0.281659
vt 0.548826 0.297264
vt 0.537224 0.297230
vt 0.560430 0.281698
vt 0.560436 0.266094
vt 0.572050 0.250536
vt 0.583651 0.250585
vt 0.572037 0.266138
vt 0.618447 0.281900
vt 0.618452 0.297480
vt 0.606845 0.297444
vt 0.630053 0.281939
vt 0.641660 0.281976
vt 0.641668 0.297545
vt 0.630059 0.297513
vt 0.653268 0.282011
vt 0.653264 0.266449
vt 0.664874 0.250932
vt 0.676482 0.250973
vt 0.664872 0.266486
vt 0.711332 0.282109
vt 0.711348 0.297641
vt 0.699731 0.297641
vt 0.722949 0.282106
vt 0.722966 0.297632
vt 0.734758 0.158230
vt 0.746376 0.158311
vt 0.734683 0.173683
vt 0.746474 0.142893
vt 0.014665 0.127200
vt 0.026274 0.127051
vt 0.014786 0.142649
vt 0.061301 0.157690
vt 0.061376 0.173232
vt 0.049774 0.173326
vt 0.072901 0.157580
vt 0.084499 0.157472
vt 0.084577 0.173040
vt 0.072977 0.173136
vt 0.096098 0.157366
vt 0.095999 0.141784
vt 0.107479 0.126079
vt 0.119084 0.125966
vt 0.107599 0.141673
vt 0.154107 0.156907
vt 0.154180 0.172520
vt 0.142577 0.172597
vt 0.165713 0.156830
vt 0.177320 0.156759
vt 0.177388 0.172379
vt 0.165783 0.172447
vt 0.188930 0.156693
vt 0.188853 0.141070
vt 0.200386 0.125382
vt 0.212009 0.125323
vt 0.200469 0.141007
vt 0.246999 0.156438
vt 0.247045 0.172069
vt 0.235432 0.172109
vt 0.258617 0.156402
vt 0.270236 0.156369
vt 0.270272 0.172001
vt 0.258658 0.172033
vt 0.281855 0.156341
vt 0.281819 0.140709
vt 0.293410 0.125055
vt 0.305042 0.125035
vt 0.293445 0.140685
vt 0.339963 0.156260
vt 0.339972 0.171893
vt 0.328354 0.171902
vt 0.351585 0.156256
vt 0.363208 0.156255
vt 0.363208 0.171888
vt 0.351590 0.171889
vt 0.374831 0.156259
vt 0.374837 0.140627
vt 0.386479 0.125005
vt 0.398113 0.125016
vt 0.386465 0.140634
vt 0.432942 0.156329
vt 0.432914 0.171960
vt 0.421297 0.171939
vt 0.444563 0.156354
vt 0.456184 0.156383
vt 0.456146 0.172013
vt 0.444530 0.171985
vt 0.467803 0.156416
vt 0.467852 0.140788
vt 0.479536 0.125199
vt 0.491165 0.125241
vt 0.479476 0.140825
vt 0.525886 0.156635
vt 0.525824 0.172258
vt 0.514213 0.172208
vt 0.537499 0.156691
vt 0.549110 0.156751
vt 0.549040 0.172370
vt 0.537433 0.172312
vt 0.560720 0.156815
vt 0.560807 0.141198
vt 0.572525 0.125654
vt 0.584140 0.125733
vt 0.572419 0.141269
vt 0.618743 0.157207
vt 0.618659 0.172802
vt 0.607059 0.172720
vt 0.630343 0.157300
vt 0.641942 0.157397
vt 0.641856 0.172977
vt 0.630258 0.172888
vt 0.653540 0.157498
vt 0.653647 0.141925
vt 0.665378 0.126475
vt 0.676975 0.126610
vt 0.665245 0.142041
vt 0.711539 0.158036
vt 0.711460 0.173530
vt 0.699855 0.173443
vt 0.723146 0.158137
vt 0.723070 0.173611
vt 0.736721 0.034721
vt 0.748330 0.035204
vt 0.736257 0.050184
vt 0.748924 0.019798
vt 0.011744 0.003442
vt 0.023455 0.002988
vt 0.012436 0.018989
vt 0.059532 0.033211
vt 0.059900 0.048795
vt 0.048269 0.049038
vt 0.071195 0.032986
vt 0.082864 0.032789
vt 0.083183 0.048387
vt 0.071538 0.048579
vt 0.094538 0.032615
vt 0.094223 0.017016
vt 0.105634 0.001266
vt 0.117364 0.001127
vt 0.105927 0.016861
vt 0.152941 0.031988
vt 0.153137 0.047596
vt 0.141472 0.047695
vt 0.164624 0.031898
vt 0.176308 0.031816
vt 0.176474 0.047424
vt 0.164805 0.047505
vt 0.187992 0.031742
vt 0.187838 0.016140
vt 0.199395 0.000477
vt 0.211105 0.000416
vt 0.199536 0.016073
vt 0.246413 0.031468
vt 0.246502 0.047076
vt 0.234830 0.047119
vt 0.258096 0.031429
vt 0.269780 0.031396
vt 0.269848 0.047004
vt 0.258175 0.047037
vt 0.281463 0.031367
vt 0.281405 0.015765
vt 0.293050 0.000144
vt 0.304754 0.000124
vt 0.293098 0.015740
vt 0.339877 0.031288
vt 0.339887 0.046896
vt 0.328214 0.046903
vt 0.351559 0.031285
vt 0.363241 0.031286
vt 0.363232 0.046893
vt 0.351560 0.046893
vt 0.374922 0.031291
vt 0.374942 0.015688
vt 0.386664 0.000101
vt 0.398364 0.000113
vt 0.386632 0.015697
vt 0.433324 0.031372
vt 0.433262 0.046978
vt 0.421591 0.046954
vt 0.445003 0.031399
vt 0.456682 0.031431
vt 0.456602 0.047037
vt 0.444932 0.047006
vt 0.468361 0.031467
vt 0.468455 0.015866
vt 0.480249 0.000310
vt 0.491947 0.000354
vt 0.480142 0.015906
vt 0.526751 0.031707
vt 0.526613 0.047312
vt 0.514946 0.047255
vt 0.538428 0.031769
vt 0.550106 0.031836
vt 0.549946 0.047440
vt 0.538280 0.047373
vt 0.561783 0.031908
vt 0.561960 0.016309
vt 0.573841 0.000794
vt 0.585545 0.000879
vt 0.573650 0.016388
vt 0.620169 0.032377
vt 0.619923 0.047979
vt 0.608264 0.047868
vt 0.631846 0.032499
vt 0.643521 0.032635
vt 0.643235 0.048236
vt 0.631581 0.048101
vt 0.655195 0.032787
vt 0.655520 0.017190
vt 0.667580 0.001771
vt 0.679323 0.001969
vt 0.667221 0.017362
vt 0.713482 0.033940
vt 0.713044 0.049495
vt 0.701428 0.049211
vt 0.725108 0.034300
vt 0.724652 0.049819
vt 0.001364 0.034937
vt 0.000816 0.019508
vt 0.001802 0.050348
vt 0.003262 0.158187
vt 0.003170 0.142758
vt 0.003330 0.173629
vt 0.003418 0.282073
vt 0.003429 0.266547
vt 0.003403 0.297609
vt 0.003297 0.406565
vt 0.003307 0.390984
vt 0.003289 0.422149
vt 0.003327 0.531267
vt 0.003312 0.515681
vt 0.003345 0.546851
vt 0.003523 0.655817
vt 0.003495 0.640268
vt 0.003549 0.671359
vt 0.003617 0.779902
vt 0.003629 0.764426
vt 0.003593 0.795366
vt 0.002844 0.903296
vt 0.003041 0.887909
vt 0.002602 0.918675
vt 0.001470 0.964796
vt 0.001933 0.949419
vt 0.748984 0.980492
vt 0.738056 0.996558
vt 0.023454 0.996818
vt 0.011730 0.996328
vt 0.035208 0.997212
vt 0.749713 0.995986
vt 0.000087 0.995708
vt 0.070477 0.998031
vt 0.058726 0.997803
vt 0.082220 0.998229
vt 0.046969 0.997534
vt 0.117407 0.998691
vt 0.105685 0.998554
vt 0.129125 0.998814
vt 0.093956 0.998401
vt 0.164255 0.999121
vt 0.152548 0.999027
vt 0.175960 0.999206
vt 0.140839 0.998926
vt 0.211062 0.999426
vt 0.199362 0.999358
vt 0.222760 0.999488
vt 0.187662 0.999285
vt 0.257853 0.999646
vt 0.246156 0.999598
vt 0.269551 0.999690
vt 0.234458 0.999545
vt 0.304643 0.999798
vt 0.292945 0.999766
vt 0.316340 0.999826
vt 0.281248 0.999730
vt 0.351436 0.999887
vt 0.339737 0.999870
vt 0.363136 0.999899
vt 0.328039 0.999850
vt 0.398237 0.999914
vt 0.386536 0.999913
vt 0.409939 0.999910
vt 0.374836 0.999908
vt 0.445046 0.999876
vt 0.433343 0.999892
vt 0.456750 0.999856
vt 0.421641 0.999903
vt 0.491864 0.999769
vt 0.480159 0.999803
vt 0.503571 0.999731
vt 0.468454 0.999832
vt 0.538695 0.999584
vt 0.526986 0.999639
vt 0.550405 0.999523
vt 0.515278 0.999687
vt 0.585547 0.999300
vt 0.573831 0.999382
vt 0.597265 0.999209
vt 0.562117 0.999456
vt 0.632436 0.998873
vt 0.620709 0.998997
vt 0.644167 0.998734
vt 0.608986 0.999109
vt 0.679379 0.998199
vt 0.667638 0.998401
vt 0.691123 0.997968
vt 0.655901 0.998578
vt 0.726345 0.997012
vt 0.714611 0.997386
vt 0.702868 0.997700
vt 0.003424 0.841689
vt 0.003499 0.826260
vt 0.746630 0.857242
vt 0.003200 0.872513
vt 0.003613 0.717936
vt 0.003595 0.702419
vt 0.746371 0.733454
vt 0.003631 0.748940
vt 0.003413 0.593581
vt 0.003389 0.578009
vt 0.746493 0.609016
vt 0.003467 0.624712
vt 0.003285 0.468914
vt 0.003283 0.453324
vt 0.746488 0.484319
vt 0.003300 0.500093
vt 0.003352 0.344268
vt 0.003369 0.328708
vt 0.746305 0.359732
vt 0.003320 0.375407
vt 0.003429 0.220032
vt 0.003410 0.204552
vt 0.746171 0.235574
vt 0.003436 0.251030
vt 0.002701 0.096536
vt 0.002460 0.081142
vt 0.746759 0.112091
vt 0.003050 0.127341
vt 0.002163 0.065748
vt 0.003378 0.189084
vt 0.003386 0.313154
vt 0.003285 0.437736
vt 0.003366 0.562432
vt 0.003574 0.686893
vt 0.003554 0.810819
vt 0.002302 0.934048
vt 0.000087 0.004014
s 1
f 1/1/1 1842/2/2 1841/3/3
f 2/4/4 1845/5/5 1844/6/4
f 2/4/4 1844/6/4 1847/7/6
f 3/8/7 1850/9/8 1849/10/7
f 3/8/7 1849/10/7 1852/11/9
f 4/12/10 1855/13/11 1854/14/10
f 4/12/10 1854/14/10 1857/15/12
f 5/16/13 1860/17/14 1859/18/13
f 5/16/13 1859/18/13 1862/19/15
f 6/20/16 1865/21/17 1864/22/16
f 6/20/16 1864/22/16 1867/23/18
f 7/24/19 1870/25/20 1869/26/19
f 7/24/19 1869/26/19 1872/27/21
f 8/28/22 1875/29/23 1874/30/22
f 8/28/22 1874/30/22 1877/31/24
f 1/1/1 2592/32/25 1842/2/2
f 9/33/1 1880/34/26 1879/35/27
f 10/36/4 1883/37/5 1882/38/4
f 10/36/4 1882/38/4 1885/39/6
f 11/40/7 1888/41/8 1887/42/7
f 11/40/7 1887/42/7 1890/43/9
f 12/44/10 1893/45/11 1892/46/10
f 12/44/10 1892/46/10 1895/47/12
f 13/48/13 1898/49/14 1897/50/13
f 13/48/13 1897/50/13 1900/51/15
f 14/52/16 1903/53/17 1902/54/16
f 14/52/16 1902/54/16 1905/55/18
f 15/56/19 1908/57/20 1907/58/19
f 15/56/19 1907/58/19 1910/59/21
f 16/60/22 1913/61/23 1912/62/22
f 16/60/22 1912/62/22 1915/63/24
f 9/33/1 2594/64/28 1880/34/26
f 17/65/1 1918/66/26 1917/67/27
f 18/68/4 1921/69/5 1920/70/4
f 18/68/4 1920/70/4 1923/71/6
f 19/72/7 1926/73/8 1925/74/7
f 19/72/7 1925/74/7 1928/75/9
f 20/76/10 1931/77/11 1930/78/10
f 20/76/10 1930/78/10 1933/79/12
f 21/80/13 1936/81/14 1935/82/13
f 21/80/13 1935/82/13 1938/83/15
f 22/84/16 1941/85/17 1940/86/16
f 22/84/16 1940/86/16 1943/87/18
f 23/88/19 1946/89/20 1945/90/19
f 23/88/19 1945/90/19 1948/91/21
f 24/92/22 1951/93/23 1950/94/22
f 24/92/22 1950/94/22 1953/95/24
f 17/65/1 2596/96/28 1918/66/26
f 25/97/1 1956/98/26 1955/99/27
f 26/100/4 1959/101/5 1958/102/4
f 26/100/4 1958/102/4 1961/103/6
f 27/104/7 1964/105/8 1963/106/7
f 27/104/7 1963/106/7 1966/107/9
f 28/108/10 1969/109/11 1968/110/10
f 28/108/10 1968/110/10 1971/111/12
f 29/112/13 1974/113/14 1973/114/13
f 29/112/13 1973/114/13 1976/115/15
f 30/116/16 1979/117/17 1978/118/16
f 30/116/16 1978/118/16 1981/119/18
f 31/120/19 1984/121/20 1983/122/19
f 31/120/19 1983/122/19 1986/123/21
f 32/124/22 1989/125/23 1988/126/22
f 32/124/22 1988/126/22 1991/127/24
f 25/97/1 2598/128/28 1956/98/26
f 33/129/1 1994/130/26 1993/131/27
f 34/132/4 1997/133/5 1996/134/4
f 34/132/4 1996/134/4 1999/135/6
f 35/136/7 2002/137/8 2001/138/7
f 35/136/7 2001/138/7 2004/139/9
f 36/140/10 2007/141/11 2006/142/10
f 36/140/10 2006/142/10 2009/143/12
f 37/144/13 2012/145/14 2011/146/13
f 37/144/13 2011/146/13 2014/147/15
f 38/148/16 2017/149/17 2016/150/16
f 38/148/16 2016/150/16 2019/151/18
f 39/152/19 2022/153/20 2021/154/19
f 39/152/19 2021/154/19 2024/155/21
f 40/156/22 2027/157/23 2026/158/22
f 40/156/22 2026/158/22 2029/159/24
f 33/129/1 2600/160/28 1994/130/26
f 41/161/1 2032/162/26 2031/163/27
f 42/164/4 2035/165/5 2034/166/4
f 42/164/4 2034/166/4 2037/167/6
f 43/168/7 2040/169/8 2039/170/7
f 43/168/7 2039/170/7 2042/171/9
f 44/172/10 2045/173/11 2044/174/10
f 44/172/10 2044/174/10 2047/175/12
f 45/176/13 2050/177/14 2049/178/13
f 45/176/13 2049/178/13 2052/179/15
f 46/180/16 2055/181/17 2054/182/16
f 46/180/16 2054/182/16 2057/183/18
f 47/184/19 2060/185/20 2059/186/19
f 47/184/19 2059/186/19 2062/187/21
f 48/188/22 2065/189/23 2064/190/22
f 48/188/22 2064/190/22 2067/191/24
f 41/161/1 2602/192/28 2032/162/26
f 49/193/1 2070/194/26 2069/195/27
f 50/196/4 2073/197/5 2072/198/4
f 50/196/4 2072/198/4 2075/199/6
f 51/200/7 2078/201/8 2077/202/7
f 51/200/7 2077/202/7 2080/203/9
f 52/204/10 2083/205/11 2082/206/10
f 52/204/10 2082/206/10 2085/207/12
f 53/208/13 2088/209/14 2087/210/13
f 53/208/13 2087/210/13 2090/211/15
f 54/212/16 2093/213/17 2092/214/16
f 54/212/16 2092/214/16 2095/215/18
f 55/216/19 2098/217/20 2097/218/19
f 55/216/19 2097/218/19 2100/219/21
f 56/220/22 2103/221/23 2102/222/22
f 56/220/22 2102/222/22 2105/223/24
f 49/193/1 2604/224/28 2070/194/26
f 57/225/1 2108/226/26 2107/227/27
f 58/228/4 2111/229/5 2110/230/4
f 58/228/4 2110/230/4 2113/231/6
f 59/232/7 2116/233/8 2115/234/7
f 59/232/7 2115/234/7 2118/235/9
f 60/236/10 2121/237/11 2120/238/10
f 60/236/10 2120/238/10 2123/239/12
f 61/240/13 2126/241/14 2125/242/13
f 61/240/13 2125/242/13 2128/243/15
f 62/244/16 2131/245/17 2130/246/16
f 62/244/16 2130/246/16 2133/247/18
f 63/248/19 2136/249/20 2135/250/19
f 63/248/19 2135/250/19 2138/251/21
f 64/252/22 2141/253/23 2140/254/22
f 64/252/22 2140/254/22 2143/255/24
f 57/225/1 2606/256/28 2108/226/26
f 250/257/1 1824/258/29 1428/259/30
f 250/257/1 1823/260/31 1824/258/29
f 248/261/32 1362/262/24 2145/263/32
f 271/264/32 2147/265/32 1825/266/33
f 271/264/32 1360/267/24 2147/265/32
f 270/268/22 1365/269/22 2148/270/24
f 270/268/22 1367/271/23 1365/269/22
f 270/268/22 1358/272/23 1367/271/23
f 245/273/34 1370/274/21 2153/275/34
f 268/276/34 2155/277/34 1368/278/23
f 268/276/34 1355/279/21 2155/277/34
f 267/280/19 1374/281/19 2157/282/21
f 267/280/19 1376/283/20 1374/281/19
f 267/280/19 1353/284/20 1376/283/20
f 242/285/35 1379/286/18 2162/287/35
f 265/288/35 2164/289/35 1377/290/20
f 265/288/35 1350/291/18 2164/289/35
f 264/292/16 1383/293/16 2166/294/18
f 264/292/16 1385/295/17 1383/293/16
f 264/292/16 1348/296/17 1385/295/17
f 239/297/36 1388/298/15 2171/299/36
f 262/300/36 2173/301/36 1386/302/17
f 262/300/36 1345/303/15 2173/301/36
f 261/304/13 1392/305/13 2175/306/15
f 261/304/13 1394/307/14 1392/305/13
f 261/304/13 1343/308/14 1394/307/14
f 236/309/37 1397/310/12 2180/311/37
f 259/312/37 2182/313/37 1395/314/14
f 259/312/37 1340/315/12 2182/313/37
f 258/316/10 1401/317/10 2184/318/12
f 258/316/10 1403/319/11 1401/317/10
f 258/316/10 1338/320/11 1403/319/11
f 233/321/38 1406/322/9 2189/323/38
f 256/324/38 2191/325/38 1404/326/11
f 256/324/38 1335/327/9 2191/325/38
f 255/328/7 1410/329/7 2193/330/9
f 255/328/7 1412/331/8 1410/329/7
f 255/328/7 1333/332/8 1412/331/8
f 230/333/39 1415/334/6 2198/335/39
f 253/336/39 2200/337/39 1413/338/8
f 253/336/39 1330/339/6 2200/337/39
f 252/340/4 1419/341/4 2202/342/6
f 252/340/4 1421/343/5 1419/341/4
f 252/340/4 1328/344/5 1421/343/5
f 227/345/40 1424/346/41 2207/347/40
f 249/348/40 2209/349/40 1422/350/5
f 249/348/40 2109/351/42 2209/349/40
f 250/257/1 1428/259/30 2211/352/43
f 226/353/1 1827/354/29 1483/355/44
f 226/353/1 1821/356/31 1827/354/29
f 224/357/32 1431/358/24 2214/359/32
f 247/360/32 2216/361/32 1828/362/45
f 247/360/32 1322/363/24 2216/361/32
f 246/364/22 1434/365/22 2217/366/24
f 246/364/22 1435/367/23 1434/365/22
f 246/364/22 1320/368/23 1435/367/23
f 221/369/34 1438/370/21 2221/371/34
f 244/372/34 2223/373/34 1436/374/23
f 244/372/34 1317/375/21 2223/373/34
f 243/376/19 1441/377/19 2224/378/21
f 243/376/19 1442/379/20 1441/377/19
f 243/376/19 1315/380/20 1442/379/20
f 218/381/35 1445/382/18 2228/383/35
f 241/384/35 2230/385/35 1443/386/20
f 241/384/35 1312/387/18 2230/385/35
f 240/388/16 1448/389/16 2231/390/18
f 240/388/16 1449/391/17 1448/389/16
f 240/388/16 1310/392/17 1449/391/17
f 215/393/36 1452/394/15 2235/395/36
f 238/396/36 2237/397/36 1450/398/17
f 238/396/36 1307/399/15 2237/397/36
f 237/400/13 1455/401/13 2238/402/15
f 237/400/13 1456/403/14 1455/401/13
f 237/400/13 1305/404/14 1456/403/14
f 212/405/37 1459/406/12 2242/407/37
f 235/408/37 2244/409/37 1457/410/14
f 235/408/37 1302/411/12 2244/409/37
f 234/412/10 1462/413/10 2245/414/12
f 234/412/10 1463/415/11 1462/413/10
f 234/412/10 1300/416/11 1463/415/11
f 209/417/38 1466/418/9 2249/419/38
f 232/420/38 2251/421/38 1464/422/11
f 232/420/38 1297/423/9 2251/421/38
f 231/424/7 1469/425/7 2252/426/9
f 231/424/7 1470/427/8 1469/425/7
f 231/424/7 1295/428/8 1470/427/8
f 206/429/39 1473/430/6 2256/431/39
f 229/432/39 2258/433/39 1471/434/8
f 229/432/39 1292/435/6 2258/433/39
f 228/436/4 1476/437/4 2259/438/6
f 228/436/4 1477/439/5 1476/437/4
f 228/436/4 1290/440/5 1477/439/5
f 203/441/40 1480/442/41 2263/443/40
f 225/444/40 2265/445/40 1478/446/5
f 225/444/40 2071/447/46 2265/445/40
f 226/353/1 1483/355/44 2266/448/43
f 202/449/1 1829/450/29 1537/451/44
f 202/449/1 1819/452/31 1829/450/29
f 200/453/32 1485/454/24 2268/455/32
f 223/456/32 2270/457/32 1830/458/45
f 223/456/32 1284/459/24 2270/457/32
f 222/460/22 1488/461/22 2271/462/24
f 222/460/22 1489/463/23 1488/461/22
f 222/460/22 1282/464/23 1489/463/23
f 197/465/34 1492/466/21 2275/467/34
f 220/468/34 2277/469/34 1490/470/23
f 220/468/34 1279/471/21 2277/469/34
f 219/472/19 1495/473/19 2278/474/21
f 219/472/19 1496/475/20 1495/473/19
f 219/472/19 1277/476/20 1496/475/20
f 194/477/35 1499/478/18 2282/479/35
f 217/480/35 2284/481/35 1497/482/20
f 217/480/35 1274/483/18 2284/481/35
f 216/484/16 1502/485/16 2285/486/18
f 216/484/16 1503/487/17 1502/485/16
f 216/484/16 1272/488/17 1503/487/17
f 191/489/36 1506/490/15 2289/491/36
f 214/492/36 2291/493/36 1504/494/17
f 214/492/36 1269/495/15 2291/493/36
f 213/496/13 1509/497/13 2292/498/15
f 213/496/13 1510/499/14 1509/497/13
f 213/496/13 1267/500/14 1510/499/14
f 188/501/37 1513/502/12 2296/503/37
f 211/504/37 2298/505/37 1511/506/14
f 211/504/37 1264/507/12 2298/505/37
f 210/508/10 1516/509/10 2299/510/12
f 210/508/10 1517/511/11 1516/509/10
f 210/508/10 1262/512/11 1517/511/11
f 185/513/38 1520/514/9 2303/515/38
f 208/516/38 2305/517/38 1518/518/11
f 208/516/38 1259/519/9 2305/517/38
f 207/520/7 1523/521/7 2306/522/9
f 207/520/7 1524/523/8 1523/521/7
f 207/520/7 1257/524/8 1524/523/8
f 182/525/39 1527/526/6 2310/527/39
f 205/528/39 2312/529/39 1525/530/8
f 205/528/39 1254/531/6 2312/529/39
f 204/532/4 1530/533/4 2313/534/6
f 204/532/4 1531/535/5 1530/533/4
f 204/532/4 1252/536/5 1531/535/5
f 179/537/40 1534/538/41 2317/539/40
f 201/540/40 2319/541/40 1532/542/5
f 201/540/40 2033/543/46 2319/541/40
f 202/449/1 1537/451/44 2320/544/43
f 178/545/1 1831/546/29 1591/547/44
f 178/545/1 1817/548/31 1831/546/29
f 176/549/32 1539/550/24 2322/551/32
f 199/552/32 2324/553/32 1832/554/45
f 199/552/32 1246/555/24 2324/553/32
f 198/556/22 1542/557/22 2325/558/24
f 198/556/22 1543/559/23 1542/557/22
f 198/556/22 1244/560/23 1543/559/23
f 173/561/34 1546/562/21 2329/563/34
f 196/564/34 2331/565/34 1544/566/23
f 196/564/34 1241/567/21 2331/565/34
f 195/568/19 1549/569/19 2332/570/21
f 195/568/19 1550/571/20 1549/569/19
f 195/568/19 1239/572/20 1550/571/20
f 170/573/35 1553/574/18 2336/575/35
f 193/576/35 2338/577/35 1551/578/20
f 193/576/35 1236/579/18 2338/577/35
f 192/580/16 1556/581/16 2339/582/18
f 192/580/16 1557/583/17 1556/581/16
f 192/580/16 1234/584/17 1557/583/17
f 167/585/36 1560/586/15 2343/587/36
f 190/588/36 2345/589/36 1558/590/17
f 190/588/36 1231/591/15 2345/589/36
f 189/592/13 1563/593/13 2346/594/15
f 189/592/13 1564/595/14 1563/593/13
f 189/592/13 1229/596/14 1564/595/14
f 164/597/37 1567/598/12 2350/599/37
f 187/600/37 2352/601/37 1565/602/14
f 187/600/37 1226/603/12 2352/601/37
f 186/604/10 1570/605/10 2353/606/12
f 186/604/10 1571/607/11 1570/605/10
f 186/604/10 1224/608/11 1571/607/11
f 161/609/38 1574/610/9 2357/611/38
f 184/612/38 2359/613/38 1572/614/11
f 184/612/38 1221/615/9 2359/613/38
f 183/616/7 1577/617/7 2360/618/9
f 183/616/7 1578/619/8 1577/617/7
f 183/616/7 1219/620/8 1578/619/8
f 158/621/39 1581/622/6 2364/623/39
f 181/624/39 2366/625/39 1579/626/8
f 181/624/39 1216/627/6 2366/625/39
f 180/628/4 1584/629/4 2367/630/6
f 180/628/4 1585/631/5 1584/629/4
f 180/628/4 1214/632/5 1585/631/5
f 155/633/40 1588/634/41 2371/635/40
f 177/636/40 2373/637/40 1586/638/5
f 177/636/40 1995/639/46 2373/637/40
f 178/545/1 1591/547/44 2374/640/43
f 154/641/1 1833/642/29 1645/643/44
f 154/641/1 1815/644/31 1833/642/29
f 152/645/32 1593/646/24 2376/647/32
f 175/648/32 2378/649/32 1834/650/45
f 175/648/32 1208/651/24 2378/649/32
f 174/652/22 1596/653/22 2379/654/24
f 174/652/22 1597/655/23 1596/653/22
f 174/652/22 1206/656/23 1597/655/23
f 149/657/34 1600/658/21 2383/659/34
f 172/660/34 2385/661/34 1598/662/23
f 172/660/34 1203/663/21 2385/661/34
f 171/664/19 1603/665/19 2386/666/21
f 171/664/19 1604/667/20 1603/665/19
f 171/664/19 1201/668/20 1604/667/20
f 146/669/35 1607/670/18 2390/671/35
f 169/672/35 2392/673/35 1605/674/20
f 169/672/35 1198/675/18 2392/673/35
f 168/676/16 1610/677/16 2393/678/18
f 168/676/16 1611/679/17 1610/677/16
f 168/676/16 1196/680/17 1611/679/17
f 143/681/36 1614/682/15 2397/683/36
f 166/684/36 2399/685/36 1612/686/17
f 166/684/36 1193/687/15 2399/685/36
f 165/688/13 1617/689/13 2400/690/15
f 165/688/13 1618/691/14 1617/689/13
f 165/688/13 1191/692/14 1618/691/14
f 140/693/37 1621/694/12 2404/695/37
f 163/696/37 2406/697/37 1619/698/14
f 163/696/37 1188/699/12 2406/697/37
f 162/700/10 1624/701/10 2407/702/12
f 162/700/10 1625/703/11 1624/701/10
f 162/700/10 1186/704/11 1625/703/11
f 137/705/38 1628/706/9 2411/707/38
f 160/708/38 2413/709/38 1626/710/11
f 160/708/38 1183/711/9 2413/709/38
f 159/712/7 1631/713/7 2414/714/9
f 159/712/7 1632/715/8 1631/713/7
f 159/712/7 1181/716/8 1632/715/8
f 134/717/39 1635/718/6 2418/719/39
f 157/720/39 2420/721/39 1633/722/8
f 157/720/39 1178/723/6 2420/721/39
f 156/724/4 1638/725/4 2421/726/6
f 156/724/4 1639/727/5 1638/725/4
f 156/724/4 1176/728/5 1639/727/5
f 131/729/40 1642/730/41 2425/731/40
f 153/732/40 2427/733/40 1640/734/5
f 153/732/40 1957/735/46 2427/733/40
f 154/641/1 1645/643/44 2428/736/43
f 130/737/1 1835/738/29 1699/739/44
f 130/737/1 1813/740/31 1835/738/29
f 128/741/32 1647/742/24 2430/743/32
f 151/744/32 2432/745/32 1836/746/45
f 151/744/32 1170/747/24 2432/745/32
f 150/748/22 1650/749/22 2433/750/24
f 150/748/22 1651/751/23 1650/749/22
f 150/748/22 1168/752/23 1651/751/23
f 125/753/34 1654/754/21 2437/755/34
f 148/756/34 2439/757/34 1652/758/23
f 148/756/34 1165/759/21 2439/757/34
f 147/760/19 1657/761/19 2440/762/21
f 147/760/19 1658/763/20 1657/761/19
f 147/760/19 1163/764/20 1658/763/20
f 122/765/35 1661/766/18 2444/767/35
f 145/768/35 2446/769/35 1659/770/20
f 145/768/35 1160/771/18 2446/769/35
f 144/772/16 1664/773/16 2447/774/18
f 144/772/16 1665/775/17 1664/773/16
f 144/772/16 1158/776/17 1665/775/17
f 119/777/36 1668/778/15 2451/779/36
f 142/780/36 2453/781/36 1666/782/17
f 142/780/36 1155/783/15 2453/781/36
f 141/784/13 1671/785/13 2454/786/15
f 141/784/13 1672/787/14 1671/785/13
f 141/784/13 1153/788/14 1672/787/14
f 116/789/37 1675/790/12 2458/791/37
f 139/792/37 2460/793/37 1673/794/14
f 139/792/37 1150/795/12 2460/793/37
f 138/796/10 1678/797/10 2461/798/12
f 138/796/10 1679/799/11 1678/797/10
f 138/796/10 1148/800/11 1679/799/11
f 113/801/38 1682/802/9 2465/803/38
f 136/804/38 2467/805/38 1680/806/11
f 136/804/38 1145/807/9 2467/805/38
f 135/808/7 1685/809/7 2468/810/9
f 135/808/7 1686/811/8 1685/809/7
f 135/808/7 1143/812/8 1686/811/8
f 110/813/39 1689/814/6 2472/815/39
f 133/816/39 2474/817/39 1687/818/8
f 133/816/39 1140/819/6 2474/817/39
f 132/820/4 1692/821/4 2475/822/6
f 132/820/4 1693/823/5 1692/821/4
f 132/820/4 1138/824/5 1693/823/5
f 107/825/40 1696/826/41 2479/827/40
f 129/828/40 2481/829/40 1694/830/5
f 129/828/40 1919/831/46 2481/829/40
f 130/737/1 1699/739/44 2482/832/43
f 106/833/1 1837/834/29 1753/835/44
f 106/833/1 1811/836/31 1837/834/29
f 103/837/32 1701/838/24 2484/839/32
f 127/840/32 2486/841/32 1838/842/45
f 127/840/32 1132/843/24 2486/841/32
f 126/844/22 1704/845/22 2487/846/24
f 126/844/22 1705/847/23 1704/845/22
f 126/844/22 1130/848/23 1705/847/23
f 99/849/34 1708/850/21 2491/851/34
f 124/852/34 2493/853/34 1706/854/23
f 124/852/34 1127/855/21 2493/853/34
f 123/856/19 1711/857/19 2494/858/21
f 123/856/19 1712/859/20 1711/857/19
f 123/856/19 1125/860/20 1712/859/20
f 95/861/35 1715/862/18 2498/863/35
f 121/864/35 2500/865/35 1713/866/20
f 121/864/35 1122/867/18 2500/865/35
f 120/868/16 1718/869/16 2501/870/18
f 120/868/16 1719/871/17 1718/869/16
f 120/868/16 1120/872/17 1719/871/17
f 91/873/36 1722/874/15 2505/875/36
f 118/876/36 2507/877/36 1720/878/17
f 118/876/36 1117/879/15 2507/877/36
f 117/880/13 1725/881/13 2508/882/15
f 117/880/13 1726/883/14 1725/881/13
f 117/880/13 1115/884/14 1726/883/14
f 87/885/37 1729/886/12 2512/887/37
f 115/888/37 2514/889/37 1727/890/14
f 115/888/37 1112/891/12 2514/889/37
f 114/892/10 1732/893/10 2515/894/12
f 114/892/10 1733/895/11 1732/893/10
f 114/892/10 1110/896/11 1733/895/11
f 83/897/38 1736/898/9 2519/899/38
f 112/900/38 2521/901/38 1734/902/11
f 112/900/38 1107/903/9 2521/901/38
f 111/904/7 1739/905/7 2522/906/9
f 111/904/7 1740/907/8 1739/905/7
f 111/904/7 1105/908/8 1740/907/8
f 79/909/39 1743/910/6 2526/911/39
f 109/912/39 2528/913/39 1741/914/8
f 109/912/39 1102/915/6 2528/913/39
f 108/916/4 1746/917/4 2529/918/6
f 108/916/4 1747/919/5 1746/917/4
f 108/916/4 1100/920/5 1747/919/5
f 75/921/40 1750/922/41 2533/923/40
f 105/924/40 2535/925/40 1748/926/5
f 105/924/40 1881/927/46 2535/925/40
f 106/833/1 1753/835/44 2536/928/43
f 74/929/1 1839/930/29 1807/931/44
f 74/929/1 2593/932/31 1839/930/29
f 104/933/32 1755/934/24 1754/935/32
f 102/936/32 2540/937/32 1840/938/45
f 102/936/32 1094/939/24 2540/937/32
f 100/940/22 1758/941/22 2541/942/24
f 100/940/22 1759/943/23 1758/941/22
f 100/940/22 1876/944/23 1759/943/23
f 101/945/34 1762/946/21 1761/947/34
f 98/948/34 2547/949/34 1760/950/23
f 98/948/34 1089/951/21 2547/949/34
f 96/952/19 1765/953/19 2548/954/21
f 96/952/19 1766/955/20 1765/953/19
f 96/952/19 1871/956/20 1766/955/20
f 97/957/35 1769/958/18 1768/959/35
f 94/960/35 2554/961/35 1767/962/20
f 94/960/35 1084/963/18 2554/961/35
f 92/964/16 1772/965/16 2555/966/18
f 92/964/16 1773/967/17 1772/965/16
f 92/964/16 1866/968/17 1773/967/17
f 93/969/36 1776/970/15 1775/971/36
f 90/972/36 2561/973/36 1774/974/17
f 90/972/36 1079/975/15 2561/973/36
f 88/976/13 1779/977/13 2562/978/15
f 88/976/13 1780/979/14 1779/977/13
f 88/976/13 1861/980/14 1780/979/14
f 89/981/37 1783/982/12 1782/983/37
f 86/984/37 2568/985/37 1781/986/14
f 86/984/37 1074/987/12 2568/985/37
f 84/988/10 1786/989/10 2569/990/12
f 84/988/10 1787/991/11 1786/989/10
f 84/988/10 1856/992/11 1787/991/11
f 85/993/38 1790/994/9 1789/995/38
f 82/996/38 2575/997/38 1788/998/11
f 82/996/38 1069/999/9 2575/997/38
f 80/1000/7 1793/1001/7 2576/1002/9
f 80/1000/7 1794/1003/8 1793/1001/7
f 80/1000/7 1851/1004/8 1794/1003/8
f 81/1005/39 1797/1006/6 1796/1007/39
f 78/1008/39 2582/1009/39 1795/1010/8
f 78/1008/39 1064/1011/6 2582/1009/39
f 76/1012/4 1800/1013/4 2583/1014/6
f 76/1012/4 1801/1015/5 1800/1013/4
f 76/1012/4 1846/1016/5 1801/1015/5
f 77/1017/40 1804/1018/47 1803/1019/40
f 73/1020/40 2589/1021/40 1802/1022/5
f 73/1020/40 1843/1023/42 2589/1021/40
f 74/929/1 1807/931/44 2590/1024/43
f 1022/1025/48 2625/1026/49 1806/1027/50
f 1022/1025/48 2626/1028/51 2625/1026/49
f 1023/1029/52 2591/1030/26 2627/1031/53
f 1021/1032/40 2628/1033/46 1805/1034/40
f 1021/1032/40 2629/1035/54 2628/1033/46
f 275/1036/55 1059/1037/56 2630/1038/57
f 1018/1039/5 2631/1040/5 2586/1041/5
f 1018/1039/5 2632/1042/5 2631/1040/5
f 1021/1032/40 1805/1034/40 2633/1043/5
f 1019/1044/40 2634/1045/58 2587/1046/40
f 1019/1044/40 2635/1047/47 2634/1045/58
f 1020/1048/47 2588/1049/47 2636/1050/59
f 1017/1051/5 2637/1052/5 2585/1053/5
f 1017/1051/5 2638/1054/5 2637/1052/5
f 278/1055/5 1062/1056/5 2639/1057/5
f 1016/1058/4 2640/1059/5 2584/1060/4
f 1016/1058/4 2641/1061/5 2640/1059/5
f 1017/1051/5 2585/1053/5 2642/1062/5
f 1015/1063/6 2643/1064/6 1799/1065/6
f 1015/1063/6 2644/1066/6 2643/1064/6
f 1016/1058/4 2584/1060/4 2645/1067/6
f 1014/1068/39 2646/1069/6 1798/1070/39
f 1014/1068/39 2647/1071/6 2646/1069/6
f 280/1072/6 1848/1073/6 2648/1074/6
f 1011/1075/8 2649/1076/8 2579/1077/8
f 1011/1075/8 2650/1078/8 2649/1076/8
f 1014/1068/39 1798/1070/39 2651/1079/8
f 1012/1080/39 2652/1081/6 2580/1082/39
f 1012/1080/39 2653/1083/6 2652/1081/6
f 1013/1084/6 2581/1085/6 2654/1086/6
f 1010/1087/8 2655/1088/8 2578/1089/8
f 1010/1087/8 2656/1090/8 2655/1088/8
f 283/1091/8 1067/1092/8 2657/1093/8
f 1009/1094/7 2658/1095/8 2577/1096/7
f 1009/1094/7 2659/1097/8 2658/1095/8
f 1010/1087/8 2578/1089/8 2660/1098/8
f 1008/1099/9 2661/1100/9 1792/1101/9
f 1008/1099/9 2662/1102/9 2661/1100/9
f 1009/1094/7 2577/1096/7 2663/1103/9
f 1007/1104/38 2664/1105/9 1791/1106/38
f 1007/1104/38 2665/1107/9 2664/1105/9
f 285/1108/9 1853/1109/9 2666/1110/9
f 1004/1111/11 2667/1112/11 2572/1113/11
f 1004/1111/11 2668/1114/11 2667/1112/11
f 1007/1104/38 1791/1106/38 2669/1115/11
f 1005/1116/38 2670/1117/9 2573/1118/38
f 1005/1116/38 2671/1119/9 2670/1117/9
f 1006/1120/9 2574/1121/9 2672/1122/9
f 1003/1123/11 2673/1124/11 2571/1125/11
f 1003/1123/11 2674/1126/11 2673/1124/11
f 288/1127/11 1072/1128/11 2675/1129/11
f 1002/1130/10 2676/1131/11 2570/1132/10
f 1002/1130/10 2677/1133/11 2676/1131/11
f 1003/1123/11 2571/1125/11 2678/1134/11
f 1001/1135/12 2679/1136/12 1785/1137/12
f 1001/1135/12 2680/1138/12 2679/1136/12
f 1002/1130/10 2570/1132/10 2681/1139/12
f 1000/1140/37 2682/1141/12 1784/1142/37
f 1000/1140/37 2683/1143/12 2682/1141/12
f 290/1144/12 1858/1145/12 2684/1146/12
f 997/1147/14 2685/1148/14 2565/1149/14
f 997/1147/14 2686/1150/14 2685/1148/14
f 1000/1140/37 1784/1142/37 2687/1151/14
f 998/1152/37 2688/1153/12 2566/1154/37
f 998/1152/37 2689/1155/12 2688/1153/12
f 999/1156/12 2567/1157/12 2690/1158/12
f 996/1159/14 2691/1160/14 2564/1161/14
f 996/1159/14 2692/1162/14 2691/1160/14
f 293/1163/14 1077/1164/14 2693/1165/14
f 995/1166/13 2694/1167/14 2563/1168/13
f 995/1166/13 2695/1169/14 2694/1167/14
f 996/1159/14 2564/1161/14 2696/1170/14
f 994/1171/15 2697/1172/15 1778/1173/15
f 994/1171/15 2698/1174/15 2697/1172/15
f 995/1166/13 2563/1168/13 2699/1175/15
f 993/1176/36 2700/1177/15 1777/1178/36
f 993/1176/36 2701/1179/15 2700/1177/15
f 295/1180/15 1863/1181/15 2702/1182/15
f 990/1183/17 2703/1184/17 2558/1185/17
f 990/1183/17 2704/1186/17 2703/1184/17
f 993/1176/36 1777/1178/36 2705/1187/17
f 991/1188/36 2706/1189/15 2559/1190/36
f 991/1188/36 2707/1191/15 2706/1189/15
f 992/1192/15 2560/1193/15 2708/1194/15
f 989/1195/17 2709/1196/17 2557/1197/17
f 989/1195/17 2710/1198/17 2709/1196/17
f 298/1199/17 1082/1200/17 2711/1201/17
f 988/1202/16 2712/1203/17 2556/1204/16
f 988/1202/16 2713/1205/17 2712/1203/17
f 989/1195/17 2557/1197/17 2714/1206/17
f 987/1207/18 2715/1208/18 1771/1209/18
f 987/1207/18 2716/1210/18 2715/1208/18
f 988/1202/16 2556/1204/16 2717/1211/18
f 986/1212/35 2718/1213/18 1770/1214/35
f 986/1212/35 2719/1215/18 2718/1213/18
f 300/1216/18 1868/1217/18 2720/1218/18
f 983/1219/20 2721/1220/20 2551/1221/20
f 983/1219/20 2722/1222/20 2721/1220/20
f 986/1212/35 1770/1214/35 2723/1223/20
f 984/1224/35 2724/1225/18 2552/1226/35
f 984/1224/35 2725/1227/18 2724/1225/18
f 985/1228/18 2553/1229/18 2726/1230/18
f 982/1231/20 2727/1232/20 2550/1233/20
f 982/1231/20 2728/1234/20 2727/1232/20
f 303/1235/20 1087/1236/20 2729/1237/20
f 981/1238/19 2730/1239/20 2549/1240/19
f 981/1238/19 2731/1241/20 2730/1239/20
f 982/1231/20 2550/1233/20 2732/1242/20
f 980/1243/21 2733/1244/21 1764/1245/21
f 980/1243/21 2734/1246/21 2733/1244/21
f 981/1238/19 2549/1240/19 2735/1247/21
f 979/1248/34 2736/1249/21 1763/1250/34
f 979/1248/34 2737/1251/21 2736/1249/21
f 305/1252/21 1873/1253/21 2738/1254/21
f 976/1255/23 2739/1256/23 2544/1257/23
f 976/1255/23 2740/1258/23 2739/1256/23
f 979/1248/34 1763/1250/34 2741/1259/23
f 977/1260/34 2742/1261/21 2545/1262/34
f 977/1260/34 2743/1263/21 2742/1261/21
f 978/1264/21 2546/1265/21 2744/1266/21
f 975/1267/23 2745/1268/23 2543/1269/23
f 975/1267/23 2746/1270/23 2745/1268/23
f 308/1271/23 1092/1272/23 2747/1273/23
f 974/1274/22 2748/1275/23 2542/1276/22
f 974/1274/22 2749/1277/23 2748/1275/23
f 975/1267/23 2543/1269/23 2750/1278/23
f 973/1279/24 2751/1280/24 1757/1281/24
f 973/1279/24 2752/1282/24 2751/1280/24
f 974/1274/22 2542/1276/22 2753/1283/24
f 972/1284/32 2754/1285/24 1756/1286/32
f 972/1284/32 2755/1287/24 2754/1285/24
f 310/1288/24 1878/1289/24 2756/1290/24
f 1056/1291/60 2757/1292/61 2624/1293/62
f 1056/1291/60 2758/1294/63 2757/1292/61
f 972/1284/32 1756/1286/32 2759/1295/45
f 970/1296/32 2760/1297/24 2538/1298/32
f 970/1296/32 2761/1299/24 2760/1297/24
f 971/1300/24 2539/1301/24 2762/1302/24
f 1055/1303/64 2763/1304/65 2623/1305/66
f 1055/1303/64 2764/1306/67 2763/1304/65
f 1025/1307/64 1809/1308/65 2765/1309/66
f 1023/1029/52 2766/1310/68 2591/1030/26
f 1023/1029/52 2767/1311/69 2766/1310/68
f 1055/1303/64 2623/1305/66 2768/1312/70
f 968/1313/48 2769/1314/49 1752/1315/50
f 968/1313/48 2770/1316/51 2769/1314/49
f 969/1317/52 2537/1318/26 2771/1319/53
f 967/1320/40 2772/1321/46 1751/1322/40
f 967/1320/40 2773/1323/54 2772/1321/46
f 313/1324/55 1097/1325/56 2774/1326/57
f 964/1327/5 2775/1328/5 2532/1329/5
f 964/1327/5 2776/1330/5 2775/1328/5
f 967/1320/40 1751/1322/40 2777/1331/5
f 965/1332/40 2778/1333/41 1749/1334/40
f 965/1332/40 2779/1335/71 2778/1333/41
f 966/1336/72 2534/1337/73 2780/1338/74
f 963/1339/5 2781/1340/5 2531/1341/5
f 963/1339/5 2782/1342/5 2781/1340/5
f 316/1343/5 1884/1344/5 2783/1345/5
f 962/1346/4 2784/1347/5 2530/1348/4
f 962/1346/4 2785/1349/5 2784/1347/5
f 963/1339/5 2531/1341/5 2786/1350/5
f 961/1351/6 2787/1352/6 1745/1353/6
f 961/1351/6 2788/1354/6 2787/1352/6
f 962/1346/4 2530/1348/4 2789/1355/6
f 960/1356/39 2790/1357/6 1744/1358/39
f 960/1356/39 2791/1359/6 2790/1357/6
f 318/1360/6 1886/1361/6 2792/1362/6
f 957/1363/8 2793/1364/8 2525/1365/8
f 957/1363/8 2794/1366/8 2793/1364/8
f 960/1356/39 1744/1358/39 2795/1367/8
f 958/1368/39 2796/1369/6 1742/1370/39
f 958/1368/39 2797/1371/6 2796/1369/6
f 959/1372/6 2527/1373/6 2798/1374/6
f 956/1375/8 2799/1376/8 2524/1377/8
f 956/1375/8 2800/1378/8 2799/1376/8
f 321/1379/8 1889/1380/8 2801/1381/8
f 955/1382/7 2802/1383/8 2523/1384/7
f 955/1382/7 2803/1385/8 2802/1383/8
f 956/1375/8 2524/1377/8 2804/1386/8
f 954/1387/9 2805/1388/9 1738/1389/9
f 954/1387/9 2806/1390/9 2805/1388/9
f 955/1382/7 2523/1384/7 2807/1391/9
f 953/1392/38 2808/1393/9 1737/1394/38
f 953/1392/38 2809/1395/9 2808/1393/9
f 323/1396/9 1891/1397/9 2810/1398/9
f 950/1399/11 2811/1400/11 2518/1401/11
f 950/1399/11 2812/1402/11 2811/1400/11
f 953/1392/38 1737/1394/38 2813/1403/11
f 951/1404/38 2814/1405/9 1735/1406/38
f 951/1404/38 2815/1407/9 2814/1405/9
f 952/1408/9 2520/1409/9 2816/1410/9
f 949/1411/11 2817/1412/11 2517/1413/11
f 949/1411/11 2818/1414/11 2817/1412/11
f 326/1415/11 1894/1416/11 2819/1417/11
f 948/1418/10 2820/1419/11 2516/1420/10
f 948/1418/10 2821/1421/11 2820/1419/11
f 949/1411/11 2517/1413/11 2822/1422/11
f 947/1423/12 2823/1424/12 1731/1425/12
f 947/1423/12 2824/1426/12 2823/1424/12
f 948/1418/10 2516/1420/10 2825/1427/12
f 946/1428/37 2826/1429/12 1730/1430/37
f 946/1428/37 2827/1431/12 2826/1429/12
f 328/1432/12 1896/1433/12 2828/1434/12
f 943/1435/14 2829/1436/14 2511/1437/14
f 943/1435/14 2830/1438/14 2829/1436/14
f 946/1428/37 1730/1430/37 2831/1439/14
f 944/1440/37 2832/1441/12 1728/1442/37
f 944/1440/37 2833/1443/12 2832/1441/12
f 945/1444/12 2513/1445/12 2834/1446/12
f 942/1447/14 2835/1448/14 2510/1449/14
f 942/1447/14 2836/1450/14 2835/1448/14
f 331/1451/14 1899/1452/14 2837/1453/14
f 941/1454/13 2838/1455/14 2509/1456/13
f 941/1454/13 2839/1457/14 2838/1455/14
f 942/1447/14 2510/1449/14 2840/1458/14
f 940/1459/15 2841/1460/15 1724/1461/15
f 940/1459/15 2842/1462/15 2841/1460/15
f 941/1454/13 2509/1456/13 2843/1463/15
f 939/1464/36 2844/1465/15 1723/1466/36
f 939/1464/36 2845/1467/15 2844/1465/15
f 333/1468/15 1901/1469/15 2846/1470/15
f 936/1471/17 2847/1472/17 2504/1473/17
f 936/1471/17 2848/1474/17 2847/1472/17
f 939/1464/36 1723/1466/36 2849/1475/17
f 937/1476/36 2850/1477/15 1721/1478/36
f 937/1476/36 2851/1479/15 2850/1477/15
f 938/1480/15 2506/1481/15 2852/1482/15
f 935/1483/17 2853/1484/17 2503/1485/17
f 935/1483/17 2854/1486/17 2853/1484/17
f 336/1487/17 1904/1488/17 2855/1489/17
f 934/1490/16 2856/1491/17 2502/1492/16
f 934/1490/16 2857/1493/17 2856/1491/17
f 935/1483/17 2503/1485/17 2858/1494/17
f 933/1495/18 2859/1496/18 1717/1497/18
f 933/1495/18 2860/1498/18 2859/1496/18
f 934/1490/16 2502/1492/16 2861/1499/18
f 932/1500/35 2862/1501/18 1716/1502/35
f 932/1500/35 2863/1503/18 2862/1501/18
f 338/1504/18 1906/1505/18 2864/1506/18
f 929/1507/20 2865/1508/20 2497/1509/20
f 929/1507/20 2866/1510/20 2865/1508/20
f 932/1500/35 1716/1502/35 2867/1511/20
f 930/1512/35 2868/1513/18 1714/1514/35
f 930/1512/35 2869/1515/18 2868/1513/18
f 931/1516/18 2499/1517/18 2870/1518/18
f 928/1519/20 2871/1520/20 2496/1521/20
f 928/1519/20 2872/1522/20 2871/1520/20
f 341/1523/20 1909/1524/20 2873/1525/20
f 927/1526/19 2874/1527/20 2495/1528/19
f 927/1526/19 2875/1529/20 2874/1527/20
f 928/1519/20 2496/1521/20 2876/1530/20
f 926/1531/21 2877/1532/21 1710/1533/21
f 926/1531/21 2878/1534/21 2877/1532/21
f 927/1526/19 2495/1528/19 2879/1535/21
f 925/1536/34 2880/1537/21 1709/1538/34
f 925/1536/34 2881/1539/21 2880/1537/21
f 343/1540/21 1911/1541/21 2882/1542/21
f 922/1543/23 2883/1544/23 2490/1545/23
f 922/1543/23 2884/1546/23 2883/1544/23
f 925/1536/34 1709/1538/34 2885/1547/23
f 923/1548/34 2886/1549/21 1707/1550/34
f 923/1548/34 2887/1551/21 2886/1549/21
f 924/1552/21 2492/1553/21 2888/1554/21
f 921/1555/23 2889/1556/23 2489/1557/23
f 921/1555/23 2890/1558/23 2889/1556/23
f 346/1559/23 1914/1560/23 2891/1561/23
f 920/1562/22 2892/1563/23 2488/1564/22
f 920/1562/22 2893/1565/23 2892/1563/23
f 921/1555/23 2489/1557/23 2894/1566/23
f 919/1567/24 2895/1568/24 1703/1569/24
f 919/1567/24 2896/1570/24 2895/1568/24
f 920/1562/22 2488/1564/22 2897/1571/24
f 918/1572/32 2898/1573/24 1702/1574/32
f 918/1572/32 2899/1575/24 2898/1573/24
f 348/1576/24 1916/1577/24 2900/1578/24
f 1054/1579/60 2901/1580/61 2622/1581/62
f 1054/1579/60 2902/1582/63 2901/1580/61
f 918/1572/32 1702/1574/32 2903/1583/45
f 916/1584/32 2904/1585/24 1700/1586/32
f 916/1584/32 2905/1587/24 2904/1585/24
f 917/1588/24 2485/1589/24 2906/1590/24
f 1053/1591/64 2907/1592/65 2621/1593/66
f 1053/1591/64 2908/1594/67 2907/1592/65
f 1027/1595/64 2595/1596/65 2909/1597/66
f 969/1317/52 2910/1598/68 2537/1318/26
f 969/1317/52 2911/1599/69 2910/1598/68
f 1053/1591/64 2621/1593/66 2912/1600/70
f 914/1601/48 2913/1602/49 1698/1603/50
f 914/1601/48 2914/1604/51 2913/1602/49
f 915/1605/52 2483/1606/26 2915/1607/53
f 913/1608/40 2916/1609/46 1697/1610/40
f 913/1608/40 2917/1611/54 2916/1609/46
f 351/1612/55 1135/1613/56 2918/1614/57
f 910/1615/5 2919/1616/5 2478/1617/5
f 910/1615/5 2920/1618/5 2919/1616/5
f 913/1608/40 1697/1610/40 2921/1619/5
f 911/1620/40 2922/1621/41 1695/1622/40
f 911/1620/40 2923/1623/71 2922/1621/41
f 912/1624/72 2480/1625/73 2924/1626/74
f 909/1627/5 2925/1628/5 2477/1629/5
f 909/1627/5 2926/1630/5 2925/1628/5
f 354/1631/5 1922/1632/5 2927/1633/5
f 908/1634/4 2928/1635/5 2476/1636/4
f 908/1634/4 2929/1637/5 2928/1635/5
f 909/1627/5 2477/1629/5 2930/1638/5
f 907/1639/6 2931/1640/6 1691/1641/6
f 907/1639/6 2932/1642/6 2931/1640/6
f 908/1634/4 2476/1636/4 2933/1643/6
f 906/1644/39 2934/1645/6 1690/1646/39
f 906/1644/39 2935/1647/6 2934/1645/6
f 356/1648/6 1924/1649/6 2936/1650/6
f 903/1651/8 2937/1652/8 2471/1653/8
f 903/1651/8 2938/1654/8 2937/1652/8
f 906/1644/39 1690/1646/39 2939/1655/8
f 904/1656/39 2940/1657/6 1688/1658/39
f 904/1656/39 2941/1659/6 2940/1657/6
f 905/1660/6 2473/1661/6 2942/1662/6
f 902/1663/8 2943/1664/8 2470/1665/8
f 902/1663/8 2944/1666/8 2943/1664/8
f 359/1667/8 1927/1668/8 2945/1669/8
f 901/1670/7 2946/1671/8 2469/1672/7
f 901/1670/7 2947/1673/8 2946/1671/8
f 902/1663/8 2470/1665/8 2948/1674/8
f 900/1675/9 2949/1676/9 1684/1677/9
f 900/1675/9 2950/1678/9 2949/1676/9
f 901/1670/7 2469/1672/7 2951/1679/9
f 899/1680/38 2952/1681/9 1683/1682/38
f 899/1680/38 2953/1683/9 2952/1681/9
f 361/1684/9 1929/1685/9 2954/1686/9
f 896/1687/11 2955/1688/11 2464/1689/11
f 896/1687/11 2956/1690/11 2955/1688/11
f 899/1680/38 1683/1682/38 2957/1691/11
f 897/1692/38 2958/1693/9 1681/1694/38
f 897/1692/38 2959/1695/9 2958/1693/9
f 898/1696/9 2466/1697/9 2960/1698/9
f 895/1699/11 2961/1700/11 2463/1701/11
f 895/1699/11 2962/1702/11 2961/1700/11
f 364/1703/11 1932/1704/11 2963/1705/11
f 894/1706/10 2964/1707/11 2462/1708/10
f 894/1706/10 2965/1709/11 2964/1707/11
f 895/1699/11 2463/1701/11 2966/1710/11
f 893/1711/12 2967/1712/12 1677/1713/12
f 893/1711/12 2968/1714/12 2967/1712/12
f 894/1706/10 2462/1708/10 2969/1715/12
f 892/1716/37 2970/1717/12 1676/1718/37
f 892/1716/37 2971/1719/12 2970/1717/12
f 366/1720/12 1934/1721/12 2972/1722/12
f 889/1723/14 2973/1724/14 2457/1725/14
f 889/1723/14 2974/1726/14 2973/1724/14
f 892/1716/37 1676/1718/37 2975/1727/14
f 890/1728/37 2976/1729/12 1674/1730/37
f 890/1728/37 2977/1731/12 2976/1729/12
f 891/1732/12 2459/1733/12 2978/1734/12
f 888/1735/14 2979/1736/14 2456/1737/14
f 888/1735/14 2980/1738/14 2979/1736/14
f 369/1739/14 1937/1740/14 2981/1741/14
f 887/1742/13 2982/1743/14 2455/1744/13
f 887/1742/13 2983/1745/14 2982/1743/14
f 888/1735/14 2456/1737/14 2984/1746/14
f 886/1747/15 2985/1748/15 1670/1749/15
f 886/1747/15 2986/1750/15 2985/1748/15
f 887/1742/13 2455/1744/13 2987/1751/15
f 885/1752/36 2988/1753/15 1669/1754/36
f 885/1752/36 2989/1755/15 2988/1753/15
f 371/1756/15 1939/1757/15 2990/1758/15
f 882/1759/17 2991/1760/17 2450/1761/17
f 882/1759/17 2992/1762/17 2991/1760/17
f 885/1752/36 1669/1754/36 2993/1763/17
f 883/1764/36 2994/1765/15 1667/1766/36
f 883/1764/36 2995/1767/15 2994/1765/15
f 884/1768/15 2452/1769/15 2996/1770/15
f 881/1771/17 2997/1772/17 2449/1773/17
f 881/1771/17 2998/1774/17 2997/1772/17
f 374/1775/17 1942/1776/17 2999/1777/17
f 880/1778/16 3000/1779/17 2448/1780/16
f 880/1778/16 3001/1781/17 3000/1779/17
f 881/1771/17 2449/1773/17 3002/1782/17
f 879/1783/18 3003/1784/18 1663/1785/18
f 879/1783/18 3004/1786/18 3003/1784/18
f 880/1778/16 2448/1780/16 3005/1787/18
f 878/1788/35 3006/1789/18 1662/1790/35
f 878/1788/35 3007/1791/18 3006/1789/18
f 376/1792/18 1944/1793/18 3008/1794/18
f 875/1795/20 3009/1796/20 2443/1797/20
f 875/1795/20 3010/1798/20 3009/1796/20
f 878/1788/35 1662/1790/35 3011/1799/20
f 876/1800/35 3012/1801/18 1660/1802/35
f 876/1800/35 3013/1803/18 3012/1801/18
f 877/1804/18 2445/1805/18 3014/1806/18
f 874/1807/20 3015/1808/20 2442/1809/20
f 874/1807/20 3016/1810/20 3015/1808/20
f 379/1811/20 1947/1812/20 3017/1813/20
f 873/1814/19 3018/1815/20 2441/1816/19
f 873/1814/19 3019/1817/20 3018/1815/20
f 874/1807/20 2442/1809/20 3020/1818/20
f 872/1819/21 3021/1820/21 1656/1821/21
f 872/1819/21 3022/1822/21 3021/1820/21
f 873/1814/19 2441/1816/19 3023/1823/21
f 871/1824/34 3024/1825/21 1655/1826/34
f 871/1824/34 3025/1827/21 3024/1825/21
f 381/1828/21 1949/1829/21 3026/1830/21
f 868/1831/23 3027/1832/23 2436/1833/23
f 868/1831/23 3028/1834/23 3027/1832/23
f 871/1824/34 1655/1826/34 3029/1835/23
f 869/1836/34 3030/1837/21 1653/1838/34
f 869/1836/34 3031/1839/21 3030/1837/21
f 870/1840/21 2438/1841/21 3032/1842/21
f 867/1843/23 3033/1844/23 2435/1845/23
f 867/1843/23 3034/1846/23 3033/1844/23
f 384/1847/23 1952/1848/23 3035/1849/23
f 866/1850/22 3036/1851/23 2434/1852/22
f 866/1850/22 3037/1853/23 3036/1851/23
f 867/1843/23 2435/1845/23 3038/1854/23
f 865/1855/24 3039/1856/24 1649/1857/24
f 865/1855/24 3040/1858/24 3039/1856/24
f 866/1850/22 2434/1852/22 3041/1859/24
f 864/1860/32 3042/1861/24 1648/1862/32
f 864/1860/32 3043/1863/24 3042/1861/24
f 386/1864/24 1954/1865/24 3044/1866/24
f 1052/1867/60 3045/1868/61 2620/1869/62
f 1052/1867/60 3046/1870/63 3045/1868/61
f 864/1860/32 1648/1862/32 3047/1871/45
f 862/1872/32 3048/1873/24 1646/1874/32
f 862/1872/32 3049/1875/24 3048/1873/24
f 863/1876/24 2431/1877/24 3050/1878/24
f 1051/1879/64 3051/1880/65 2619/1881/66
f 1051/1879/64 3052/1882/67 3051/1880/65
f 1029/1883/64 2597/1884/65 3053/1885/66
f 915/1605/52 3054/1886/68 2483/1606/26
f 915/1605/52 3055/1887/69 3054/1886/68
f 1051/1879/64 2619/1881/66 3056/1888/70
f 860/1889/48 3057/1890/49 1644/1891/50
f 860/1889/48 3058/1892/51 3057/1890/49
f 861/1893/52 2429/1894/26 3059/1895/53
f 859/1896/40 3060/1897/46 1643/1898/40
f 859/1896/40 3061/1899/54 3060/1897/46
f 389/1900/55 1173/1901/56 3062/1902/57
f 856/1903/5 3063/1904/5 2424/1905/5
f 856/1903/5 3064/1906/5 3063/1904/5
f 859/1896/40 1643/1898/40 3065/1907/5
f 857/1908/40 3066/1909/41 1641/1910/40
f 857/1908/40 3067/1911/71 3066/1909/41
f 858/1912/72 2426/1913/73 3068/1914/74
f 855/1915/5 3069/1916/5 2423/1917/5
f 855/1915/5 3070/1918/5 3069/1916/5
f 392/1919/5 1960/1920/5 3071/1921/5
f 854/1922/4 3072/1923/5 2422/1924/4
f 854/1922/4 3073/1925/5 3072/1923/5
f 855/1915/5 2423/1917/5 3074/1926/5
f 853/1927/6 3075/1928/6 1637/1929/6
f 853/1927/6 3076/1930/6 3075/1928/6
f 854/1922/4 2422/1924/4 3077/1931/6
f 852/1932/39 3078/1933/6 1636/1934/39
f 852/1932/39 3079/1935/6 3078/1933/6
f 394/1936/6 1962/1937/6 3080/1938/6
f 849/1939/8 3081/1940/8 2417/1941/8
f 849/1939/8 3082/1942/8 3081/1940/8
f 852/1932/39 1636/1934/39 3083/1943/8
f 850/1944/39 3084/1945/6 1634/1946/39
f 850/1944/39 3085/1947/6 3084/1945/6
f 851/1948/6 2419/1949/6 3086/1950/6
f 848/1951/8 3087/1952/8 2416/1953/8
f 848/1951/8 3088/1954/8 3087/1952/8
f 397/1955/8 1965/1956/8 3089/1957/8
f 847/1958/7 3090/1959/8 2415/1960/7
f 847/1958/7 3091/1961/8 3090/1959/8
f 848/1951/8 2416/1953/8 3092/1962/8
f 846/1963/9 3093/1964/9 1630/1965/9
f 846/1963/9 3094/1966/9 3093/1964/9
f 847/1958/7 2415/1960/7 3095/1967/9
f 845/1968/38 3096/1969/9 1629/1970/38
f 845/1968/38 3097/1971/9 3096/1969/9
f 399/1972/9 1967/1973/9 3098/1974/9
f 842/1975/11 3099/1976/11 2410/1977/11
f 842/1975/11 3100/1978/11 3099/1976/11
f 845/1968/38 1629/1970/38 3101/1979/11
f 843/1980/38 3102/1981/9 1627/1982/38
f 843/1980/38 3103/1983/9 3102/1981/9
f 844/1984/9 2412/1985/9 3104/1986/9
f 841/1987/11 3105/1988/11 2409/1989/11
f 841/1987/11 3106/1990/11 3105/1988/11
f 402/1991/11 1970/1992/11 3107/1993/11
f 840/1994/10 3108/1995/11 2408/1996/10
f 840/1994/10 3109/1997/11 3108/1995/11
f 841/1987/11 2409/1989/11 3110/1998/11
f 839/1999/12 3111/2000/12 1623/2001/12
f 839/1999/12 3112/2002/12 3111/2000/12
f 840/1994/10 2408/1996/10 3113/2003/12
f 838/2004/37 3114/2005/12 1622/2006/37
f 838/2004/37 3115/2007/12 3114/2005/12
f 404/2008/12 1972/2009/12 3116/2010/12
f 835/2011/14 3117/2012/14 2403/2013/14
f 835/2011/14 3118/2014/14 3117/2012/14
f 838/2004/37 1622/2006/37 3119/2015/14
f 836/2016/37 3120/2017/12 1620/2018/37
f 836/2016/37 3121/2019/12 3120/2017/12
f 837/2020/12 2405/2021/12 3122/2022/12
f 834/2023/14 3123/2024/14 2402/2025/14
f 834/2023/14 3124/2026/14 3123/2024/14
f 407/2027/14 1975/2028/14 3125/2029/14
f 833/2030/13 3126/2031/14 2401/2032/13
f 833/2030/13 3127/2033/14 3126/2031/14
f 834/2023/14 2402/2025/14 3128/2034/14
f 832/2035/15 3129/2036/15 1616/2037/15
f 832/2035/15 3130/2038/15 3129/2036/15
f 833/2030/13 2401/2032/13 3131/2039/15
f 831/2040/36 3132/2041/15 1615/2042/36
f 831/2040/36 3133/2043/15 3132/2041/15
f 409/2044/15 1977/2045/15 3134/2046/15
f 828/2047/17 3135/2048/17 2396/2049/17
f 828/2047/17 3136/2050/17 3135/2048/17
f 831/2040/36 1615/2042/36 3137/2051/17
f 829/2052/36 3138/2053/15 1613/2054/36
f 829/2052/36 3139/2055/15 3138/2053/15
f 830/2056/15 2398/2057/15 3140/2058/15
f 827/2059/17 3141/2060/17 2395/2061/17
f 827/2059/17 3142/2062/17 3141/2060/17
f 412/2063/17 1980/2064/17 3143/2065/17
f 826/2066/16 3144/2067/17 2394/2068/16
f 826/2066/16 3145/2069/17 3144/2067/17
f 827/2059/17 2395/2061/17 3146/2070/17
f 825/2071/18 3147/2072/18 1609/2073/18
f 825/2071/18 3148/2074/18 3147/2072/18
f 826/2066/16 2394/2068/16 3149/2075/18
f 824/2076/35 3150/2077/18 1608/2078/35
f 824/2076/35 3151/2079/18 3150/2077/18
f 414/2080/18 1982/2081/18 3152/2082/18
f 821/2083/20 3153/2084/20 2389/2085/20
f 821/2083/20 3154/2086/20 3153/2084/20
f 824/2076/35 1608/2078/35 3155/2087/20
f 822/2088/35 3156/2089/18 1606/2090/35
f 822/2088/35 3157/2091/18 3156/2089/18
f 823/2092/18 2391/2093/18 3158/2094/18
f 820/2095/20 3159/2096/20 2388/2097/20
f 820/2095/20 3160/2098/20 3159/2096/20
f 417/2099/20 1985/2100/20 3161/2101/20
f 819/2102/19 3162/2103/20 2387/2104/19
f 819/2102/19 3163/2105/20 3162/2103/20
f 820/2095/20 2388/2097/20 3164/2106/20
f 818/2107/21 3165/2108/21 1602/2109/21
f 818/2107/21 3166/2110/21 3165/2108/21
f 819/2102/19 2387/2104/19 3167/2111/21
f 817/2112/34 3168/2113/21 1601/2114/34
f 817/2112/34 3169/2115/21 3168/2113/21
f 419/2116/21 1987/2117/21 3170/2118/21
f 814/2119/23 3171/2120/23 2382/2121/23
f 814/2119/23 3172/2122/23 3171/2120/23
f 817/2112/34 1601/2114/34 3173/2123/23
f 815/2124/34 3174/2125/21 1599/2126/34
f 815/2124/34 3175/2127/21 3174/2125/21
f 816/2128/21 2384/2129/21 3176/2130/21
f 813/2131/23 3177/2132/23 2381/2133/23
f 813/2131/23 3178/2134/23 3177/2132/23
f 422/2135/23 1990/2136/23 3179/2137/23
f 812/2138/22 3180/2139/23 2380/2140/22
f 812/2138/22 3181/2141/23 3180/2139/23
f 813/2131/23 2381/2133/23 3182/2142/23
f 811/2143/24 3183/2144/24 1595/2145/24
f 811/2143/24 3184/2146/24 3183/2144/24
f 812/2138/22 2380/2140/22 3185/2147/24
f 810/2148/32 3186/2149/24 1594/2150/32
f 810/2148/32 3187/2151/24 3186/2149/24
f 424/2152/24 1992/2153/24 3188/2154/24
f 1050/2155/60 3189/2156/61 2618/2157/62
f 1050/2155/60 3190/2158/63 3189/2156/61
f 810/2148/32 1594/2150/32 3191/2159/45
f 808/2160/32 3192/2161/24 1592/2162/32
f 808/2160/32 3193/2163/24 3192/2161/24
f 809/2164/24 2377/2165/24 3194/2166/24
f 1049/2167/64 3195/2168/65 2617/2169/66
f 1049/2167/64 3196/2170/67 3195/2168/65
f 1031/2171/64 2599/2172/65 3197/2173/66
f 861/1893/52 3198/2174/68 2429/1894/26
f 861/1893/52 3199/2175/69 3198/2174/68
f 1049/2167/64 2617/2169/66 3200/2176/70
f 806/2177/48 3201/2178/49 1590/2179/50
f 806/2177/48 3202/2180/51 3201/2178/49
f 807/2181/52 2375/2182/26 3203/2183/53
f 805/2184/40 3204/2185/46 1589/2186/40
f 805/2184/40 3205/2187/54 3204/2185/46
f 427/2188/55 1211/2189/56 3206/2190/57
f 802/2191/5 3207/2192/5 2370/2193/5
f 802/2191/5 3208/2194/5 3207/2192/5
f 805/2184/40 1589/2186/40 3209/2195/5
f 803/2196/40 3210/2197/41 1587/2198/40
f 803/2196/40 3211/2199/71 3210/2197/41
f 804/2200/72 2372/2201/73 3212/2202/74
f 801/2203/5 3213/2204/5 2369/2205/5
f 801/2203/5 3214/2206/5 3213/2204/5
f 430/2207/5 1998/2208/5 3215/2209/5
f 800/2210/4 3216/2211/5 2368/2212/4
f 800/2210/4 3217/2213/5 3216/2211/5
f 801/2203/5 2369/2205/5 3218/2214/5
f 799/2215/6 3219/2216/6 1583/2217/6
f 799/2215/6 3220/2218/6 3219/2216/6
f 800/2210/4 2368/2212/4 3221/2219/6
f 798/2220/39 3222/2221/6 1582/2222/39
f 798/2220/39 3223/2223/6 3222/2221/6
f 432/2224/6 2000/2225/6 3224/2226/6
f 795/2227/8 3225/2228/8 2363/2229/8
f 795/2227/8 3226/2230/8 3225/2228/8
f 798/2220/39 1582/2222/39 3227/2231/8
f 796/2232/39 3228/2233/6 1580/2234/39
f 796/2232/39 3229/2235/6 3228/2233/6
f 797/2236/6 2365/2237/6 3230/2238/6
f 794/2239/8 3231/2240/8 2362/2241/8
f 794/2239/8 3232/2242/8 3231/2240/8
f 435/2243/8 2003/2244/8 3233/2245/8
f 793/2246/7 3234/2247/8 2361/2248/7
f 793/2246/7 3235/2249/8 3234/2247/8
f 794/2239/8 2362/2241/8 3236/2250/8
f 792/2251/9 3237/2252/9 1576/2253/9
f 792/2251/9 3238/2254/9 3237/2252/9
f 793/2246/7 2361/2248/7 3239/2255/9
f 791/2256/38 3240/2257/9 1575/2258/38
f 791/2256/38 3241/2259/9 3240/2257/9
f 437/2260/9 2005/2261/9 3242/2262/9
f 788/2263/11 3243/2264/11 2356/2265/11
f 788/2263/11 3244/2266/11 3243/2264/11
f 791/2256/38 1575/2258/38 3245/2267/11
f 789/2268/38 3246/2269/9 1573/2270/38
f 789/2268/38 3247/2271/9 3246/2269/9
f 790/2272/9 2358/2273/9 3248/2274/9
f 787/2275/11 3249/2276/11 2355/2277/11
f 787/2275/11 3250/2278/11 3249/2276/11
f 440/2279/11 2008/2280/11 3251/2281/11
f 786/2282/10 3252/2283/11 2354/2284/10
f 786/2282/10 3253/2285/11 3252/2283/11
f 787/2275/11 2355/2277/11 3254/2286/11
f 785/2287/12 3255/2288/12 1569/2289/12
f 785/2287/12 3256/2290/12 3255/2288/12
f 786/2282/10 2354/2284/10 3257/2291/12
f 784/2292/37 3258/2293/12 1568/2294/37
f 784/2292/37 3259/2295/12 3258/2293/12
f 442/2296/12 2010/2297/12 3260/2298/12
f 781/2299/14 3261/2300/14 2349/2301/14
f 781/2299/14 3262/2302/14 3261/2300/14
f 784/2292/37 1568/2294/37 3263/2303/14
f 782/2304/37 3264/2305/12 1566/2306/37
f 782/2304/37 3265/2307/12 3264/2305/12
f 783/2308/12 2351/2309/12 3266/2310/12
f 780/2311/14 3267/2312/14 2348/2313/14
f 780/2311/14 3268/2314/14 3267/2312/14
f 445/2315/14 2013/2316/14 3269/2317/14
f 779/2318/13 3270/2319/14 2347/2320/13
f 779/2318/13 3271/2321/14 3270/2319/14
f 780/2311/14 2348/2313/14 3272/2322/14
f 778/2323/15 3273/2324/15 1562/2325/15
f 778/2323/15 3274/2326/15 3273/2324/15
f 779/2318/13 2347/2320/13 3275/2327/15
f 777/2328/36 3276/2329/15 1561/2330/36
f 777/2328/36 3277/2331/15 3276/2329/15
f 447/2332/15 2015/2333/15 3278/2334/15
f 774/2335/17 3279/2336/17 2342/2337/17
f 774/2335/17 3280/2338/17 3279/2336/17
f 777/2328/36 1561/2330/36 3281/2339/17
f 775/2340/36 3282/2341/15 1559/2342/36
f 775/2340/36 3283/2343/15 3282/2341/15
f 776/2344/15 2344/2345/15 3284/2346/15
f 773/2347/17 3285/2348/17 2341/2349/17
f 773/2347/17 3286/2350/17 3285/2348/17
f 450/2351/17 2018/2352/17 3287/2353/17
f 772/2354/16 3288/2355/17 2340/2356/16
f 772/2354/16 3289/2357/17 3288/2355/17
f 773/2347/17 2341/2349/17 3290/2358/17
f 771/2359/18 3291/2360/18 1555/2361/18
f 771/2359/18 3292/2362/18 3291/2360/18
f 772/2354/16 2340/2356/16 3293/2363/18
f 770/2364/35 3294/2365/18 1554/2366/35
f 770/2364/35 3295/2367/18 3294/2365/18
f 452/2368/18 2020/2369/18 3296/2370/18
f 767/2371/20 3297/2372/20 2335/2373/20
f 767/2371/20 3298/2374/20 3297/2372/20
f 770/2364/35 1554/2366/35 3299/2375/20
f 768/2376/35 3300/2377/18 1552/2378/35
f 768/2376/35 3301/2379/18 3300/2377/18
f 769/2380/18 2337/2381/18 3302/2382/18
f 766/2383/20 3303/2384/20 2334/2385/20
f 766/2383/20 3304/2386/20 3303/2384/20
f 455/2387/20 2023/2388/20 3305/2389/20
f 765/2390/19 3306/2391/20 2333/2392/19
f 765/2390/19 3307/2393/20 3306/2391/20
f 766/2383/20 2334/2385/20 3308/2394/20
f 764/2395/21 3309/2396/21 1548/2397/21
f 764/2395/21 3310/2398/21 3309/2396/21
f 765/2390/19 2333/2392/19 3311/2399/21
f 763/2400/34 3312/2401/21 1547/2402/34
f 763/2400/34 3313/2403/21 3312/2401/21
f 457/2404/21 2025/2405/21 3314/2406/21
f 760/2407/23 3315/2408/23 2328/2409/23
f 760/2407/23 3316/2410/23 3315/2408/23
f 763/2400/34 1547/2402/34 3317/2411/23
f 761/2412/34 3318/2413/21 1545/2414/34
f 761/2412/34 3319/2415/21 3318/2413/21
f 762/2416/21 2330/2417/21 3320/2418/21
f 759/2419/23 3321/2420/23 2327/2421/23
f 759/2419/23 3322/2422/23 3321/2420/23
f 460/2423/23 2028/2424/23 3323/2425/23
f 758/2426/22 3324/2427/23 2326/2428/22
f 758/2426/22 3325/2429/23 3324/2427/23
f 759/2419/23 2327/2421/23 3326/2430/23
f 757/2431/24 3327/2432/24 1541/2433/24
f 757/2431/24 3328/2434/24 3327/2432/24
f 758/2426/22 2326/2428/22 3329/2435/24
f 756/2436/32 3330/2437/24 1540/2438/32
f 756/2436/32 3331/2439/24 3330/2437/24
f 462/2440/24 2030/2441/24 3332/2442/24
f 1048/2443/60 3333/2444/61 2616/2445/62
f 1048/2443/60 3334/2446/63 3333/2444/61
f 756/2436/32 1540/2438/32 3335/2447/45
f 754/2448/32 3336/2449/24 1538/2450/32
f 754/2448/32 3337/2451/24 3336/2449/24
f 755/2452/24 2323/2453/24 3338/2454/24
f 1047/2455/64 3339/2456/65 2615/2457/66
f 1047/2455/64 3340/2458/67 3339/2456/65
f 1033/2459/64 2601/2460/65 3341/2461/66
f 807/2181/52 3342/2462/68 2375/2182/26
f 807/2181/52 3343/2463/69 3342/2462/68
f 1047/2455/64 2615/2457/66 3344/2464/70
f 752/2465/48 3345/2466/49 1536/2467/50
f 752/2465/48 3346/2468/51 3345/2466/49
f 753/2469/52 2321/2470/26 3347/2471/53
f 751/2472/40 3348/2473/46 1535/2474/40
f 751/2472/40 3349/2475/54 3348/2473/46
f 465/2476/55 1249/2477/56 3350/2478/57
f 748/2479/5 3351/2480/5 2316/2481/5
f 748/2479/5 3352/2482/5 3351/2480/5
f 751/2472/40 1535/2474/40 3353/2483/5
f 749/2484/40 3354/2485/41 1533/2486/40
f 749/2484/40 3355/2487/71 3354/2485/41
f 750/2488/72 2318/2489/73 3356/2490/74
f 747/2491/5 3357/2492/5 2315/2493/5
f 747/2491/5 3358/2494/5 3357/2492/5
f 468/2495/5 2036/2496/5 3359/2497/5
f 746/2498/4 3360/2499/5 2314/2500/4
f 746/2498/4 3361/2501/5 3360/2499/5
f 747/2491/5 2315/2493/5 3362/2502/5
f 745/2503/6 3363/2504/6 1529/2505/6
f 745/2503/6 3364/2506/6 3363/2504/6
f 746/2498/4 2314/2500/4 3365/2507/6
f 744/2508/39 3366/2509/6 1528/2510/39
f 744/2508/39 3367/2511/6 3366/2509/6
f 470/2512/6 2038/2513/6 3368/2514/6
f 741/2515/8 3369/2516/8 2309/2517/8
f 741/2515/8 3370/2518/8 3369/2516/8
f 744/2508/39 1528/2510/39 3371/2519/8
f 742/2520/39 3372/2521/6 1526/2522/39
f 742/2520/39 3373/2523/6 3372/2521/6
f 743/2524/6 2311/2525/6 3374/2526/6
f 740/2527/8 3375/2528/8 2308/2529/8
f 740/2527/8 3376/2530/8 3375/2528/8
f 473/2531/8 2041/2532/8 3377/2533/8
f 739/2534/7 3378/2535/8 2307/2536/7
f 739/2534/7 3379/2537/8 3378/2535/8
f 740/2527/8 2308/2529/8 3380/2538/8
f 738/2539/9 3381/2540/9 1522/2541/9
f 738/2539/9 3382/2542/9 3381/2540/9
f 739/2534/7 2307/2536/7 3383/2543/9
f 737/2544/38 3384/2545/9 1521/2546/38
f 737/2544/38 3385/2547/9 3384/2545/9
f 475/2548/9 2043/2549/9 3386/2550/9
f 734/2551/11 3387/2552/11 2302/2553/11
f 734/2551/11 3388/2554/11 3387/2552/11
f 737/2544/38 1521/2546/38 3389/2555/11
f 735/2556/38 3390/2557/9 1519/2558/38
f 735/2556/38 3391/2559/9 3390/2557/9
f 736/2560/9 2304/2561/9 3392/2562/9
f 733/2563/11 3393/2564/11 2301/2565/11
f 733/2563/11 3394/2566/11 3393/2564/11
f 478/2567/11 2046/2568/11 3395/2569/11
f 732/2570/10 3396/2571/11 2300/2572/10
f 732/2570/10 3397/2573/11 3396/2571/11
f 733/2563/11 2301/2565/11 3398/2574/11
f 731/2575/12 3399/2576/12 1515/2577/12
f 731/2575/12 3400/2578/12 3399/2576/12
f 732/2570/10 2300/2572/10 3401/2579/12
f 730/2580/37 3402/2581/12 1514/2582/37
f 730/2580/37 3403/2583/12 3402/2581/12
f 480/2584/12 2048/2585/12 3404/2586/12
f 727/2587/14 3405/2588/14 2295/2589/14
f 727/2587/14 3406/2590/14 3405/2588/14
f 730/2580/37 1514/2582/37 3407/2591/14
f 728/2592/37 3408/2593/12 1512/2594/37
f 728/2592/37 3409/2595/12 3408/2593/12
f 729/2596/12 2297/2597/12 3410/2598/12
f 726/2599/14 3411/2600/14 2294/2601/14
f 726/2599/14 3412/2602/14 3411/2600/14
f 483/2603/14 2051/2604/14 3413/2605/14
f 725/2606/13 3414/2607/14 2293/2608/13
f 725/2606/13 3415/2609/14 3414/2607/14
f 726/2599/14 2294/2601/14 3416/2610/14
f 724/2611/15 3417/2612/15 1508/2613/15
f 724/2611/15 3418/2614/15 3417/2612/15
f 725/2606/13 2293/2608/13 3419/2615/15
f 723/2616/36 3420/2617/15 1507/2618/36
f 723/2616/36 3421/2619/15 3420/2617/15
f 485/2620/15 2053/2621/15 3422/2622/15
f 720/2623/17 3423/2624/17 2288/2625/17
f 720/2623/17 3424/2626/17 3423/2624/17
f 723/2616/36 1507/2618/36 3425/2627/17
f 721/2628/36 3426/2629/15 1505/2630/36
f 721/2628/36 3427/2631/15 3426/2629/15
f 722/2632/15 2290/2633/15 3428/2634/15
f 719/2635/17 3429/2636/17 2287/2637/17
f 719/2635/17 3430/2638/17 3429/2636/17
f 488/2639/17 2056/2640/17 3431/2641/17
f 718/2642/16 3432/2643/17 2286/2644/16
f 718/2642/16 3433/2645/17 3432/2643/17
f 719/2635/17 2287/2637/17 3434/2646/17
f 717/2647/18 3435/2648/18 1501/2649/18
f 717/2647/18 3436/2650/18 3435/2648/18
f 718/2642/16 2286/2644/16 3437/2651/18
f 716/2652/35 3438/2653/18 1500/2654/35
f 716/2652/35 3439/2655/18 3438/2653/18
f 490/2656/18 2058/2657/18 3440/2658/18
f 713/2659/20 3441/2660/20 2281/2661/20
f 713/2659/20 3442/2662/20 3441/2660/20
f 716/2652/35 1500/2654/35 3443/2663/20
f 714/2664/35 3444/2665/18 1498/2666/35
f 714/2664/35 3445/2667/18 3444/2665/18
f 715/2668/18 2283/2669/18 3446/2670/18
f 712/2671/20 3447/2672/20 2280/2673/20
f 712/2671/20 3448/2674/20 3447/2672/20
f 493/2675/20 2061/2676/20 3449/2677/20
f 711/2678/19 3450/2679/20 2279/2680/19
f 711/2678/19 3451/2681/20 3450/2679/20
f 712/2671/20 2280/2673/20 3452/2682/20
f 710/2683/21 3453/2684/21 1494/2685/21
f 710/2683/21 3454/2686/21 3453/2684/21
f 711/2678/19 2279/2680/19 3455/2687/21
f 709/2688/34 3456/2689/21 1493/2690/34
f 709/2688/34 3457/2691/21 3456/2689/21
f 495/2692/21 2063/2693/21 3458/2694/21
f 706/2695/23 3459/2696/23 2274/2697/23
f 706/2695/23 3460/2698/23 3459/2696/23
f 709/2688/34 1493/2690/34 3461/2699/23
f 707/2700/34 3462/2701/21 1491/2702/34
f 707/2700/34 3463/2703/21 3462/2701/21
f 708/2704/21 2276/2705/21 3464/2706/21
f 705/2707/23 3465/2708/23 2273/2709/23
f 705/2707/23 3466/2710/23 3465/2708/23
f 498/2711/23 2066/2712/23 3467/2713/23
f 704/2714/22 3468/2715/23 2272/2716/22
f 704/2714/22 3469/2717/23 3468/2715/23
f 705/2707/23 2273/2709/23 3470/2718/23
f 703/2719/24 3471/2720/24 1487/2721/24
f 703/2719/24 3472/2722/24 3471/2720/24
f 704/2714/22 2272/2716/22 3473/2723/24
f 702/2724/32 3474/2725/24 1486/2726/32
f 702/2724/32 3475/2727/24 3474/2725/24
f 500/2728/24 2068/2729/24 3476/2730/24
f 1046/2731/60 3477/2732/61 2614/2733/62
f 1046/2731/60 3478/2734/63 3477/2732/61
f 702/2724/32 1486/2726/32 3479/2735/45
f 700/2736/32 3480/2737/24 1484/2738/32
f 700/2736/32 3481/2739/24 3480/2737/24
f 701/2740/24 2269/2741/24 3482/2742/24
f 1045/2743/64 3483/2744/65 2613/2745/66
f 1045/2743/64 3484/2746/67 3483/2744/65
f 1035/2747/64 2603/2748/65 3485/2749/66
f 753/2469/52 3486/2750/68 2321/2470/26
f 753/2469/52 3487/2751/69 3486/2750/68
f 1045/2743/64 2613/2745/66 3488/2752/70
f 698/2753/48 3489/2754/49 1482/2755/50
f 698/2753/48 3490/2756/51 3489/2754/49
f 699/2757/52 2267/2758/26 3491/2759/53
f 697/2760/40 3492/2761/46 1481/2762/40
f 697/2760/40 3493/2763/54 3492/2761/46
f 503/2764/55 1287/2765/56 3494/2766/57
f 694/2767/5 3495/2768/5 2262/2769/5
f 694/2767/5 3496/2770/5 3495/2768/5
f 697/2760/40 1481/2762/40 3497/2771/5
f 695/2772/40 3498/2773/41 1479/2774/40
f 695/2772/40 3499/2775/71 3498/2773/41
f 696/2776/72 2264/2777/73 3500/2778/74
f 693/2779/5 3501/2780/5 2261/2781/5
f 693/2779/5 3502/2782/5 3501/2780/5
f 506/2783/5 2074/2784/5 3503/2785/5
f 692/2786/4 3504/2787/5 2260/2788/4
f 692/2786/4 3505/2789/5 3504/2787/5
f 693/2779/5 2261/2781/5 3506/2790/5
f 691/2791/6 3507/2792/6 1475/2793/6
f 691/2791/6 3508/2794/6 3507/2792/6
f 692/2786/4 2260/2788/4 3509/2795/6
f 690/2796/39 3510/2797/6 1474/2798/39
f 690/2796/39 3511/2799/6 3510/2797/6
f 508/2800/6 2076/2801/6 3512/2802/6
f 687/2803/8 3513/2804/8 2255/2805/8
f 687/2803/8 3514/2806/8 3513/2804/8
f 690/2796/39 1474/2798/39 3515/2807/8
f 688/2808/39 3516/2809/6 1472/2810/39
f 688/2808/39 3517/2811/6 3516/2809/6
f 689/2812/6 2257/2813/6 3518/2814/6
f 686/2815/8 3519/2816/8 2254/2817/8
f 686/2815/8 3520/2818/8 3519/2816/8
f 511/2819/8 2079/2820/8 3521/2821/8
f 685/2822/7 3522/2823/8 2253/2824/7
f 685/2822/7 3523/2825/8 3522/2823/8
f 686/2815/8 2254/2817/8 3524/2826/8
f 684/2827/9 3525/2828/9 1468/2829/9
f 684/2827/9 3526/2830/9 3525/2828/9
f 685/2822/7 2253/2824/7 3527/2831/9
f 683/2832/38 3528/2833/9 1467/2834/38
f 683/2832/38 3529/2835/9 3528/2833/9
f 513/2836/9 2081/2837/9 3530/2838/9
f 680/2839/11 3531/2840/11 2248/2841/11
f 680/2839/11 3532/2842/11 3531/2840/11
f 683/2832/38 1467/2834/38 3533/2843/11
f 681/2844/38 3534/2845/9 1465/2846/38
f 681/2844/38 3535/2847/9 3534/2845/9
f 682/2848/9 2250/2849/9 3536/2850/9
f 679/2851/11 3537/2852/11 2247/2853/11
f 679/2851/11 3538/2854/11 3537/2852/11
f 516/2855/11 2084/2856/11 3539/2857/11
f 678/2858/10 3540/2859/11 2246/2860/10
f 678/2858/10 3541/2861/11 3540/2859/11
f 679/2851/11 2247/2853/11 3542/2862/11
f 677/2863/12 3543/2864/12 1461/2865/12
f 677/2863/12 3544/2866/12 3543/2864/12
f 678/2858/10 2246/2860/10 3545/2867/12
f 676/2868/37 3546/2869/12 1460/2870/37
f 676/2868/37 3547/2871/12 3546/2869/12
f 518/2872/12 2086/2873/12 3548/2874/12
f 673/2875/14 3549/2876/14 2241/2877/14
f 673/2875/14 3550/2878/14 3549/2876/14
f 676/2868/37 1460/2870/37 3551/2879/14
f 674/2880/37 3552/2881/12 1458/2882/37
f 674/2880/37 3553/2883/12 3552/2881/12
f 675/2884/12 2243/2885/12 3554/2886/12
f 672/2887/14 3555/2888/14 2240/2889/14
f 672/2887/14 3556/2890/14 3555/2888/14
f 521/2891/14 2089/2892/14 3557/2893/14
f 671/2894/13 3558/2895/14 2239/2896/13
f 671/2894/13 3559/2897/14 3558/2895/14
f 672/2887/14 2240/2889/14 3560/2898/14
f 670/2899/15 3561/2900/15 1454/2901/15
f 670/2899/15 3562/2902/15 3561/2900/15
f 671/2894/13 2239/2896/13 3563/2903/15
f 669/2904/36 3564/2905/15 1453/2906/36
f 669/2904/36 3565/2907/15 3564/2905/15
f 523/2908/15 2091/2909/15 3566/2910/15
f 666/2911/17 3567/2912/17 2234/2913/17
f 666/2911/17 3568/2914/17 3567/2912/17
f 669/2904/36 1453/2906/36 3569/2915/17
f 667/2916/36 3570/2917/15 1451/2918/36
f 667/2916/36 3571/2919/15 3570/2917/15
f 668/2920/15 2236/2921/15 3572/2922/15
f 665/2923/17 3573/2924/17 2233/2925/17
f 665/2923/17 3574/2926/17 3573/2924/17
f 526/2927/17 2094/2928/17 3575/2929/17
f 664/2930/16 3576/2931/17 2232/2932/16
f 664/2930/16 3577/2933/17 3576/2931/17
f 665/2923/17 2233/2925/17 3578/2934/17
f 663/2935/18 3579/2936/18 1447/2937/18
f 663/2935/18 3580/2938/18 3579/2936/18
f 664/2930/16 2232/2932/16 3581/2939/18
f 662/2940/35 3582/2941/18 1446/2942/35
f 662/2940/35 3583/2943/18 3582/2941/18
f 528/2944/18 2096/2945/18 3584/2946/18
f 659/2947/20 3585/2948/20 2227/2949/20
f 659/2947/20 3586/2950/20 3585/2948/20
f 662/2940/35 1446/2942/35 3587/2951/20
f 660/2952/35 3588/2953/18 1444/2954/35
f 660/2952/35 3589/2955/18 3588/2953/18
f 661/2956/18 2229/2957/18 3590/2958/18
f 658/2959/20 3591/2960/20 2226/2961/20
f 658/2959/20 3592/2962/20 3591/2960/20
f 531/2963/20 2099/2964/20 3593/2965/20
f 657/2966/19 3594/2967/20 2225/2968/19
f 657/2966/19 3595/2969/20 3594/2967/20
f 658/2959/20 2226/2961/20 3596/2970/20
f 656/2971/21 3597/2972/21 1440/2973/21
f 656/2971/21 3598/2974/21 3597/2972/21
f 657/2966/19 2225/2968/19 3599/2975/21
f 655/2976/34 3600/2977/21 1439/2978/34
f 655/2976/34 3601/2979/21 3600/2977/21
f 533/2980/21 2101/2981/21 3602/2982/21
f 652/2983/23 3603/2984/23 2220/2985/23
f 652/2983/23 3604/2986/23 3603/2984/23
f 655/2976/34 1439/2978/34 3605/2987/23
f 653/2988/34 3606/2989/21 1437/2990/34
f 653/2988/34 3607/2991/21 3606/2989/21
f 654/2992/21 2222/2993/21 3608/2994/21
f 651/2995/23 3609/2996/23 2219/2997/23
f 651/2995/23 3610/2998/23 3609/2996/23
f 536/2999/23 2104/3000/23 3611/3001/23
f 650/3002/22 3612/3003/23 2218/3004/22
f 650/3002/22 3613/3005/23 3612/3003/23
f 651/2995/23 2219/2997/23 3614/3006/23
f 649/3007/24 3615/3008/24 1433/3009/24
f 649/3007/24 3616/3010/24 3615/3008/24
f 650/3002/22 2218/3004/22 3617/3011/24
f 648/3012/32 3618/3013/24 1432/3014/32
f 648/3012/32 3619/3015/24 3618/3013/24
f 538/3016/24 2106/3017/24 3620/3018/24
f 1044/3019/60 3621/3020/61 2612/3021/62
f 1044/3019/60 3622/3022/63 3621/3020/61
f 648/3012/32 1432/3014/32 3623/3023/45
f 646/3024/32 3624/3025/24 1430/3026/32
f 646/3024/32 3625/3027/24 3624/3025/24
f 647/3028/24 2215/3029/24 3626/3030/24
f 1043/3031/64 3627/3032/65 2611/3033/66
f 1043/3031/64 3628/3034/67 3627/3032/65
f 1037/3035/64 2605/3036/65 3629/3037/66
f 699/2757/52 3630/3038/68 2267/2758/26
f 699/2757/52 3631/3039/69 3630/3038/68
f 1043/3031/64 2611/3033/66 3632/3040/70
f 643/3041/48 3633/3042/75 1427/3043/50
f 643/3041/48 3634/3044/76 3633/3042/75
f 644/3045/77 2212/3046/2 3635/3047/78
f 641/3048/40 3636/3049/42 1425/3050/40
f 641/3048/40 3637/3051/54 3636/3049/42
f 541/3052/55 1325/3053/56 3638/3054/57
f 638/3055/5 3639/3056/5 2206/3057/5
f 638/3055/5 3640/3058/5 3639/3056/5
f 641/3048/40 1425/3050/40 3641/3059/5
f 639/3060/40 3642/3061/41 1423/3062/40
f 639/3060/40 3643/3063/71 3642/3061/41
f 640/3064/72 2208/3065/73 3644/3066/74
f 637/3067/5 3645/3068/5 2205/3069/5
f 637/3067/5 3646/3070/5 3645/3068/5
f 544/3071/5 2112/3072/5 3647/3073/5
f 635/3074/4 3648/3075/5 2203/3076/4
f 635/3074/4 3649/3077/5 3648/3075/5
f 637/3067/5 2205/3069/5 3650/3078/5
f 634/3079/6 3651/3080/6 1418/3081/6
f 634/3079/6 3652/3082/6 3651/3080/6
f 635/3074/4 2203/3076/4 3653/3083/6
f 632/3084/39 3654/3085/6 1416/3086/39
f 632/3084/39 3655/3087/6 3654/3085/6
f 546/3088/6 2114/3089/6 3656/3090/6
f 629/3091/8 3657/3092/8 2197/3093/8
f 629/3091/8 3658/3094/8 3657/3092/8
f 632/3084/39 1416/3086/39 3659/3095/8
f 630/3096/39 3660/3097/6 1414/3098/39
f 630/3096/39 3661/3099/6 3660/3097/6
f 631/3100/6 2199/3101/6 3662/3102/6
f 628/3103/8 3663/3104/8 2196/3105/8
f 628/3103/8 3664/3106/8 3663/3104/8
f 549/3107/8 2117/3108/8 3665/3109/8
f 626/3110/7 3666/3111/8 2194/3112/7
f 626/3110/7 3667/3113/8 3666/3111/8
f 628/3103/8 2196/3105/8 3668/3114/8
f 625/3115/9 3669/3116/9 1409/3117/9
f 625/3115/9 3670/3118/9 3669/3116/9
f 626/3110/7 2194/3112/7 3671/3119/9
f 623/3120/38 3672/3121/9 1407/3122/38
f 623/3120/38 3673/3123/9 3672/3121/9
f 551/3124/9 2119/3125/9 3674/3126/9
f 620/3127/11 3675/3128/11 2188/3129/11
f 620/3127/11 3676/3130/11 3675/3128/11
f 623/3120/38 1407/3122/38 3677/3131/11
f 621/3132/38 3678/3133/9 1405/3134/38
f 621/3132/38 3679/3135/9 3678/3133/9
f 622/3136/9 2190/3137/9 3680/3138/9
f 619/3139/11 3681/3140/11 2187/3141/11
f 619/3139/11 3682/3142/11 3681/3140/11
f 554/3143/11 2122/3144/11 3683/3145/11
f 617/3146/10 3684/3147/11 2185/3148/10
f 617/3146/10 3685/3149/11 3684/3147/11
f 619/3139/11 2187/3141/11 3686/3150/11
f 616/3151/12 3687/3152/12 1400/3153/12
f 616/3151/12 3688/3154/12 3687/3152/12
f 617/3146/10 2185/3148/10 3689/3155/12
f 614/3156/37 3690/3157/12 1398/3158/37
f 614/3156/37 3691/3159/12 3690/3157/12
f 556/3160/12 2124/3161/12 3692/3162/12
f 611/3163/14 3693/3164/14 2179/3165/14
f 611/3163/14 3694/3166/14 3693/3164/14
f 614/3156/37 1398/3158/37 3695/3167/14
f 612/3168/37 3696/3169/12 1396/3170/37
f 612/3168/37 3697/3171/12 3696/3169/12
f 613/3172/12 2181/3173/12 3698/3174/12
f 610/3175/14 3699/3176/14 2178/3177/14
f 610/3175/14 3700/3178/14 3699/3176/14
f 559/3179/14 2127/3180/14 3701/3181/14
f 608/3182/13 3702/3183/14 2176/3184/13
f 608/3182/13 3703/3185/14 3702/3183/14
f 610/3175/14 2178/3177/14 3704/3186/14
f 607/3187/15 3705/3188/15 1391/3189/15
f 607/3187/15 3706/3190/15 3705/3188/15
f 608/3182/13 2176/3184/13 3707/3191/15
f 605/3192/36 3708/3193/15 1389/3194/36
f 605/3192/36 3709/3195/15 3708/3193/15
f 561/3196/15 2129/3197/15 3710/3198/15
f 602/3199/17 3711/3200/17 2170/3201/17
f 602/3199/17 3712/3202/17 3711/3200/17
f 605/3192/36 1389/3194/36 3713/3203/17
f 603/3204/36 3714/3205/15 1387/3206/36
f 603/3204/36 3715/3207/15 3714/3205/15
f 604/3208/15 2172/3209/15 3716/3210/15
f 601/3211/17 3717/3212/17 2169/3213/17
f 601/3211/17 3718/3214/17 3717/3212/17
f 564/3215/17 2132/3216/17 3719/3217/17
f 599/3218/16 3720/3219/17 2167/3220/16
f 599/3218/16 3721/3221/17 3720/3219/17
f 601/3211/17 2169/3213/17 3722/3222/17
f 598/3223/18 3723/3224/18 1382/3225/18
f 598/3223/18 3724/3226/18 3723/3224/18
f 599/3218/16 2167/3220/16 3725/3227/18
f 596/3228/35 3726/3229/18 1380/3230/35
f 596/3228/35 3727/3231/18 3726/3229/18
f 566/3232/18 2134/3233/18 3728/3234/18
f 593/3235/20 3729/3236/20 2161/3237/20
f 593/3235/20 3730/3238/20 3729/3236/20
f 596/3228/35 1380/3230/35 3731/3239/20
f 594/3240/35 3732/3241/18 1378/3242/35
f 594/3240/35 3733/3243/18 3732/3241/18
f 595/3244/18 2163/3245/18 3734/3246/18
f 592/3247/20 3735/3248/20 2160/3249/20
f 592/3247/20 3736/3250/20 3735/3248/20
f 569/3251/20 2137/3252/20 3737/3253/20
f 590/3254/19 3738/3255/20 2158/3256/19
f 590/3254/19 3739/3257/20 3738/3255/20
f 592/3247/20 2160/3249/20 3740/3258/20
f 589/3259/21 3741/3260/21 1373/3261/21
f 589/3259/21 3742/3262/21 3741/3260/21
f 590/3254/19 2158/3256/19 3743/3263/21
f 587/3264/34 3744/3265/21 1371/3266/34
f 587/3264/34 3745/3267/21 3744/3265/21
f 571/3268/21 2139/3269/21 3746/3270/21
f 584/3271/23 3747/3272/23 2152/3273/23
f 584/3271/23 3748/3274/23 3747/3272/23
f 587/3264/34 1371/3266/34 3749/3275/23
f 585/3276/34 3750/3277/21 1369/3278/34
f 585/3276/34 3751/3279/21 3750/3277/21
f 586/3280/21 2154/3281/21 3752/3282/21
f 583/3283/23 3753/3284/23 2151/3285/23
f 583/3283/23 3754/3286/23 3753/3284/23
f 574/3287/23 2142/3288/23 3755/3289/23
f 581/3290/22 3756/3291/23 2149/3292/22
f 581/3290/22 3757/3293/23 3756/3291/23
f 583/3283/23 2151/3285/23 3758/3294/23
f 580/3295/24 3759/3296/24 1364/3297/24
f 580/3295/24 3760/3298/24 3759/3296/24
f 581/3290/22 2149/3292/22 3761/3299/24
f 579/3300/32 3762/3301/24 1363/3302/32
f 579/3300/32 3763/3303/24 3762/3301/24
f 576/3304/24 2144/3305/24 3764/3306/24
f 1041/3307/79 3765/3308/80 2609/3309/81
f 1041/3307/79 3766/3310/82 3765/3308/80
f 579/3300/32 1363/3302/32 3767/3311/83
f 577/3312/32 3768/3313/24 1361/3314/32
f 577/3312/32 3769/3315/24 3768/3313/24
f 578/3316/24 2146/3317/24 3770/3318/24
f 1040/3319/64 3771/3320/65 2608/3321/66
f 1040/3319/64 3772/3322/67 3771/3320/65
f 1039/3323/64 2607/3324/65 3773/3325/66
f 644/3045/77 3774/3326/84 2212/3046/2
f 644/3045/77 3775/3327/85 3774/3326/84
f 1040/3319/64 2608/3321/66 3776/3328/86
f 540/3329/87 3777/3330/88 1324/3331/44
f 540/3329/87 3778/3332/89 3777/3330/88
f 1038/3333/90 1822/3334/63 3779/3335/70
f 575/3336/24 3780/3337/24 1359/3338/24
f 575/3336/24 3781/3339/24 3780/3337/24
f 572/3340/22 1356/3341/22 3782/3342/24
f 572/3340/22 3783/3343/23 1356/3341/22
f 572/3340/22 3784/3344/23 3783/3343/23
f 573/3345/23 1357/3346/23 3785/3347/23
f 570/3348/21 3786/3349/21 1354/3350/21
f 570/3348/21 3787/3351/21 3786/3349/21
f 567/3352/19 1351/3353/19 3788/3354/21
f 567/3352/19 3789/3355/20 1351/3353/19
f 567/3352/19 3790/3356/20 3789/3355/20
f 568/3357/20 1352/3358/20 3791/3359/20
f 565/3360/18 3792/3361/18 1349/3362/18
f 565/3360/18 3793/3363/18 3792/3361/18
f 562/3364/16 1346/3365/16 3794/3366/18
f 562/3364/16 3795/3367/17 1346/3365/16
f 562/3364/16 3796/3368/17 3795/3367/17
f 563/3369/17 1347/3370/17 3797/3371/17
f 560/3372/15 3798/3373/15 1344/3374/15
f 560/3372/15 3799/3375/15 3798/3373/15
f 557/3376/13 1341/3377/13 3800/3378/15
f 557/3376/13 3801/3379/14 1341/3377/13
f 557/3376/13 3802/3380/14 3801/3379/14
f 558/3381/14 1342/3382/14 3803/3383/14
f 555/3384/12 3804/3385/12 1339/3386/12
f 555/3384/12 3805/3387/12 3804/3385/12
f 552/3388/10 1336/3389/10 3806/3390/12
f 552/3388/10 3807/3391/11 1336/3389/10
f 552/3388/10 3808/3392/11 3807/3391/11
f 553/3393/11 1337/3394/11 3809/3395/11
f 550/3396/9 3810/3397/9 1334/3398/9
f 550/3396/9 3811/3399/9 3810/3397/9
f 547/3400/7 1331/3401/7 3812/3402/9
f 547/3400/7 3813/3403/8 1331/3401/7
f 547/3400/7 3814/3404/8 3813/3403/8
f 548/3405/8 1332/3406/8 3815/3407/8
f 545/3408/6 3816/3409/6 1329/3410/6
f 545/3408/6 3817/3411/6 3816/3409/6
f 542/3412/4 1326/3413/4 3818/3414/6
f 542/3412/4 3819/3415/5 1326/3413/4
f 542/3412/4 3820/3416/5 3819/3415/5
f 543/3417/5 1327/3418/5 3821/3419/5
f 539/3420/91 3822/3421/49 1323/3422/92
f 539/3420/91 3823/3423/93 3822/3421/49
f 540/3329/87 1324/3331/44 3824/3424/94
f 502/3425/87 3825/3426/88 1286/3427/44
f 502/3425/87 3826/3428/89 3825/3426/88
f 1036/3429/90 1820/3430/63 3827/3431/70
f 537/3432/24 3828/3433/24 1321/3434/24
f 537/3432/24 3829/3435/24 3828/3433/24
f 534/3436/22 1318/3437/22 3830/3438/24
f 534/3436/22 3831/3439/23 1318/3437/22
f 534/3436/22 3832/3440/23 3831/3439/23
f 535/3441/23 1319/3442/23 3833/3443/23
f 532/3444/21 3834/3445/21 1316/3446/21
f 532/3444/21 3835/3447/21 3834/3445/21
f 529/3448/19 1313/3449/19 3836/3450/21
f 529/3448/19 3837/3451/20 1313/3449/19
f 529/3448/19 3838/3452/20 3837/3451/20
f 530/3453/20 1314/3454/20 3839/3455/20
f 527/3456/18 3840/3457/18 1311/3458/18
f 527/3456/18 3841/3459/18 3840/3457/18
f 524/3460/16 1308/3461/16 3842/3462/18
f 524/3460/16 3843/3463/17 1308/3461/16
f 524/3460/16 3844/3464/17 3843/3463/17
f 525/3465/17 1309/3466/17 3845/3467/17
f 522/3468/15 3846/3469/15 1306/3470/15
f 522/3468/15 3847/3471/15 3846/3469/15
f 519/3472/13 1303/3473/13 3848/3474/15
f 519/3472/13 3849/3475/14 1303/3473/13
f 519/3472/13 3850/3476/14 3849/3475/14
f 520/3477/14 1304/3478/14 3851/3479/14
f 517/3480/12 3852/3481/12 1301/3482/12
f 517/3480/12 3853/3483/12 3852/3481/12
f 514/3484/10 1298/3485/10 3854/3486/12
f 514/3484/10 3855/3487/11 1298/3485/10
f 514/3484/10 3856/3488/11 3855/3487/11
f 515/3489/11 1299/3490/11 3857/3491/11
f 512/3492/9 3858/3493/9 1296/3494/9
f 512/3492/9 3859/3495/9 3858/3493/9
f 509/3496/7 1293/3497/7 3860/3498/9
f 509/3496/7 3861/3499/8 1293/3497/7
f 509/3496/7 3862/3500/8 3861/3499/8
f 510/3501/8 1294/3502/8 3863/3503/8
f 507/3504/6 3864/3505/6 1291/3506/6
f 507/3504/6 3865/3507/6 3864/3505/6
f 504/3508/4 1288/3509/4 3866/3510/6
f 504/3508/4 3867/3511/5 1288/3509/4
f 504/3508/4 3868/3512/5 3867/3511/5
f 505/3513/5 1289/3514/5 3869/3515/5
f 501/3516/91 3870/3517/49 1285/3518/92
f 501/3516/91 3871/3519/93 3870/3517/49
f 502/3425/87 1286/3427/44 3872/3520/94
f 464/3521/87 3873/3522/88 1248/3523/44
f 464/3521/87 3874/3524/89 3873/3522/88
f 1034/3525/90 1818/3526/63 3875/3527/70
f 499/3528/24 3876/3529/24 1283/3530/24
f 499/3528/24 3877/3531/24 3876/3529/24
f 496/3532/22 1280/3533/22 3878/3534/24
f 496/3532/22 3879/3535/23 1280/3533/22
f 496/3532/22 3880/3536/23 3879/3535/23
f 497/3537/23 1281/3538/23 3881/3539/23
f 494/3540/21 3882/3541/21 1278/3542/21
f 494/3540/21 3883/3543/21 3882/3541/21
f 491/3544/19 1275/3545/19 3884/3546/21
f 491/3544/19 3885/3547/20 1275/3545/19
f 491/3544/19 3886/3548/20 3885/3547/20
f 492/3549/20 1276/3550/20 3887/3551/20
f 489/3552/18 3888/3553/18 1273/3554/18
f 489/3552/18 3889/3555/18 3888/3553/18
f 486/3556/16 1270/3557/16 3890/3558/18
f 486/3556/16 3891/3559/17 1270/3557/16
f 486/3556/16 3892/3560/17 3891/3559/17
f 487/3561/17 1271/3562/17 3893/3563/17
f 484/3564/15 3894/3565/15 1268/3566/15
f 484/3564/15 3895/3567/15 3894/3565/15
f 481/3568/13 1265/3569/13 3896/3570/15
f 481/3568/13 3897/3571/14 1265/3569/13
f 481/3568/13 3898/3572/14 3897/3571/14
f 482/3573/14 1266/3574/14 3899/3575/14
f 479/3576/12 3900/3577/12 1263/3578/12
f 479/3576/12 3901/3579/12 3900/3577/12
f 476/3580/10 1260/3581/10 3902/3582/12
f 476/3580/10 3903/3583/11 1260/3581/10
f 476/3580/10 3904/3584/11 3903/3583/11
f 477/3585/11 1261/3586/11 3905/3587/11
f 474/3588/9 3906/3589/9 1258/3590/9
f 474/3588/9 3907/3591/9 3906/3589/9
f 471/3592/7 1255/3593/7 3908/3594/9
f 471/3592/7 3909/3595/8 1255/3593/7
f 471/3592/7 3910/3596/8 3909/3595/8
f 472/3597/8 1256/3598/8 3911/3599/8
f 469/3600/6 3912/3601/6 1253/3602/6
f 469/3600/6 3913/3603/6 3912/3601/6
f 466/3604/4 1250/3605/4 3914/3606/6
f 466/3604/4 3915/3607/5 1250/3605/4
f 466/3604/4 3916/3608/5 3915/3607/5
f 467/3609/5 1251/3610/5 3917/3611/5
f 463/3612/91 3918/3613/49 1247/3614/92
f 463/3612/91 3919/3615/93 3918/3613/49
f 464/3521/87 1248/3523/44 3920/3616/94
f 426/3617/87 3921/3618/88 1210/3619/44
f 426/3617/87 3922/3620/89 3921/3618/88
f 1032/3621/90 1816/3622/63 3923/3623/70
f 461/3624/24 3924/3625/24 1245/3626/24
f 461/3624/24 3925/3627/24 3924/3625/24
f 458/3628/22 1242/3629/22 3926/3630/24
f 458/3628/22 3927/3631/23 1242/3629/22
f 458/3628/22 3928/3632/23 3927/3631/23
f 459/3633/23 1243/3634/23 3929/3635/23
f 456/3636/21 3930/3637/21 1240/3638/21
f 456/3636/21 3931/3639/21 3930/3637/21
f 453/3640/19 1237/3641/19 3932/3642/21
f 453/3640/19 3933/3643/20 1237/3641/19
f 453/3640/19 3934/3644/20 3933/3643/20
f 454/3645/20 1238/3646/20 3935/3647/20
f 451/3648/18 3936/3649/18 1235/3650/18
f 451/3648/18 3937/3651/18 3936/3649/18
f 448/3652/16 1232/3653/16 3938/3654/18
f 448/3652/16 3939/3655/17 1232/3653/16
f 448/3652/16 3940/3656/17 3939/3655/17
f 449/3657/17 1233/3658/17 3941/3659/17
f 446/3660/15 3942/3661/15 1230/3662/15
f 446/3660/15 3943/3663/15 3942/3661/15
f 443/3664/13 1227/3665/13 3944/3666/15
f 443/3664/13 3945/3667/14 1227/3665/13
f 443/3664/13 3946/3668/14 3945/3667/14
f 444/3669/14 1228/3670/14 3947/3671/14
f 441/3672/12 3948/3673/12 1225/3674/12
f 441/3672/12 3949/3675/12 3948/3673/12
f 438/3676/10 1222/3677/10 3950/3678/12
f 438/3676/10 3951/3679/11 1222/3677/10
f 438/3676/10 3952/3680/11 3951/3679/11
f 439/3681/11 1223/3682/11 3953/3683/11
f 436/3684/9 3954/3685/9 1220/3686/9
f 436/3684/9 3955/3687/9 3954/3685/9
f 433/3688/7 1217/3689/7 3956/3690/9
f 433/3688/7 3957/3691/8 1217/3689/7
f 433/3688/7 3958/3692/8 3957/3691/8
f 434/3693/8 1218/3694/8 3959/3695/8
f 431/3696/6 3960/3697/6 1215/3698/6
f 431/3696/6 3961/3699/6 3960/3697/6
f 428/3700/4 1212/3701/4 3962/3702/6
f 428/3700/4 3963/3703/5 1212/3701/4
f 428/3700/4 3964/3704/5 3963/3703/5
f 429/3705/5 1213/3706/5 3965/3707/5
f 425/3708/91 3966/3709/49 1209/3710/92
f 425/3708/91 3967/3711/93 3966/3709/49
f 426/3617/87 1210/3619/44 3968/3712/94
f 388/3713/87 3969/3714/88 1172/3715/44
f 388/3713/87 3970/3716/89 3969/3714/88
f 1030/3717/90 1814/3718/63 3971/3719/70
f 423/3720/24 3972/3721/24 1207/3722/24
f 423/3720/24 3973/3723/24 3972/3721/24
f 420/3724/22 1204/3725/22 3974/3726/24
f 420/3724/22 3975/3727/23 1204/3725/22
f 420/3724/22 3976/3728/23 3975/3727/23
f 421/3729/23 1205/3730/23 3977/3731/23
f 418/3732/21 3978/3733/21 1202/3734/21
f 418/3732/21 3979/3735/21 3978/3733/21
f 415/3736/19 1199/3737/19 3980/3738/21
f 415/3736/19 3981/3739/20 1199/3737/19
f 415/3736/19 3982/3740/20 3981/3739/20
f 416/3741/20 1200/3742/20 3983/3743/20
f 413/3744/18 3984/3745/18 1197/3746/18
f 413/3744/18 3985/3747/18 3984/3745/18
f 410/3748/16 1194/3749/16 3986/3750/18
f 410/3748/16 3987/3751/17 1194/3749/16
f 410/3748/16 3988/3752/17 3987/3751/17
f 411/3753/17 1195/3754/17 3989/3755/17
f 408/3756/15 3990/3757/15 1192/3758/15
f 408/3756/15 3991/3759/15 3990/3757/15
f 405/3760/13 1189/3761/13 3992/3762/15
f 405/3760/13 3993/3763/14 1189/3761/13
f 405/3760/13 3994/3764/14 3993/3763/14
f 406/3765/14 1190/3766/14 3995/3767/14
f 403/3768/12 3996/3769/12 1187/3770/12
f 403/3768/12 3997/3771/12 3996/3769/12
f 400/3772/10 1184/3773/10 3998/3774/12
f 400/3772/10 3999/3775/11 1184/3773/10
f 400/3772/10 4000/3776/11 3999/3775/11
f 401/3777/11 1185/3778/11 4001/3779/11
f 398/3780/9 4002/3781/9 1182/3782/9
f 398/3780/9 4003/3783/9 4002/3781/9
f 395/3784/7 1179/3785/7 4004/3786/9
f 395/3784/7 4005/3787/8 1179/3785/7
f 395/3784/7 4006/3788/8 4005/3787/8
f 396/3789/8 1180/3790/8 4007/3791/8
f 393/3792/6 4008/3793/6 1177/3794/6
f 393/3792/6 4009/3795/6 4008/3793/6
f 390/3796/4 1174/3797/4 4010/3798/6
f 390/3796/4 4011/3799/5 1174/3797/4
f 390/3796/4 4012/3800/5 4011/3799/5
f 391/3801/5 1175/3802/5 4013/3803/5
f 387/3804/91 4014/3805/49 1171/3806/92
f 387/3804/91 4015/3807/93 4014/3805/49
f 388/3713/87 1172/3715/44 4016/3808/94
f 350/3809/87 4017/3810/88 1134/3811/44
f 350/3809/87 4018/3812/89 4017/3810/88
f 1028/3813/90 1812/3814/63 4019/3815/70
f 385/3816/24 4020/3817/24 1169/3818/24
f 385/3816/24 4021/3819/24 4020/3817/24
f 382/3820/22 1166/3821/22 4022/3822/24
f 382/3820/22 4023/3823/23 1166/3821/22
f 382/3820/22 4024/3824/23 4023/3823/23
f 383/3825/23 1167/3826/23 4025/3827/23
f 380/3828/21 4026/3829/21 1164/3830/21
f 380/3828/21 4027/3831/21 4026/3829/21
f 377/3832/19 1161/3833/19 4028/3834/21
f 377/3832/19 4029/3835/20 1161/3833/19
f 377/3832/19 4030/3836/20 4029/3835/20
f 378/3837/20 1162/3838/20 4031/3839/20
f 375/3840/18 4032/3841/18 1159/3842/18
f 375/3840/18 4033/3843/18 4032/3841/18
f 372/3844/16 1156/3845/16 4034/3846/18
f 372/3844/16 4035/3847/17 1156/3845/16
f 372/3844/16 4036/3848/17 4035/3847/17
f 373/3849/17 1157/3850/17 4037/3851/17
f 370/3852/15 4038/3853/15 1154/3854/15
f 370/3852/15 4039/3855/15 4038/3853/15
f 367/3856/13 1151/3857/13 4040/3858/15
f 367/3856/13 4041/3859/14 1151/3857/13
f 367/3856/13 4042/3860/14 4041/3859/14
f 368/3861/14 1152/3862/14 4043/3863/14
f 365/3864/12 4044/3865/12 1149/3866/12
f 365/3864/12 4045/3867/12 4044/3865/12
f 362/3868/10 1146/3869/10 4046/3870/12
f 362/3868/10 4047/3871/11 1146/3869/10
f 362/3868/10 4048/3872/11 4047/3871/11
f 363/3873/11 1147/3874/11 4049/3875/11
f 360/3876/9 4050/3877/9 1144/3878/9
f 360/3876/9 4051/3879/9 4050/3877/9
f 357/3880/7 1141/3881/7 4052/3882/9
f 357/3880/7 4053/3883/8 1141/3881/7
f 357/3880/7 4054/3884/8 4053/3883/8
f 358/3885/8 1142/3886/8 4055/3887/8
f 355/3888/6 4056/3889/6 1139/3890/6
f 355/3888/6 4057/3891/6 4056/3889/6
f 352/3892/4 1136/3893/4 4058/3894/6
f 352/3892/4 4059/3895/5 1136/3893/4
f 352/3892/4 4060/3896/5 4059/3895/5
f 353/3897/5 1137/3898/5 4061/3899/5
f 349/3900/91 4062/3901/49 1133/3902/92
f 349/3900/91 4063/3903/93 4062/3901/49
f 350/3809/87 1134/3811/44 4064/3904/94
f 312/3905/87 4065/3906/88 1096/3907/44
f 312/3905/87 4066/3908/89 4065/3906/88
f 1026/3909/90 1810/3910/63 4067/3911/70
f 347/3912/24 4068/3913/24 1131/3914/24
f 347/3912/24 4069/3915/24 4068/3913/24
f 344/3916/22 1128/3917/22 4070/3918/24
f 344/3916/22 4071/3919/23 1128/3917/22
f 344/3916/22 4072/3920/23 4071/3919/23
f 345/3921/23 1129/3922/23 4073/3923/23
f 342/3924/21 4074/3925/21 1126/3926/21
f 342/3924/21 4075/3927/21 4074/3925/21
f 339/3928/19 1123/3929/19 4076/3930/21
f 339/3928/19 4077/3931/20 1123/3929/19
f 339/3928/19 4078/3932/20 4077/3931/20
f 340/3933/20 1124/3934/20 4079/3935/20
f 337/3936/18 4080/3937/18 1121/3938/18
f 337/3936/18 4081/3939/18 4080/3937/18
f 334/3940/16 1118/3941/16 4082/3942/18
f 334/3940/16 4083/3943/17 1118/3941/16
f 334/3940/16 4084/3944/17 4083/3943/17
f 335/3945/17 1119/3946/17 4085/3947/17
f 332/3948/15 4086/3949/15 1116/3950/15
f 332/3948/15 4087/3951/15 4086/3949/15
f 329/3952/13 1113/3953/13 4088/3954/15
f 329/3952/13 4089/3955/14 1113/3953/13
f 329/3952/13 4090/3956/14 4089/3955/14
f 330/3957/14 1114/3958/14 4091/3959/14
f 327/3960/12 4092/3961/12 1111/3962/12
f 327/3960/12 4093/3963/12 4092/3961/12
f 324/3964/10 1108/3965/10 4094/3966/12
f 324/3964/10 4095/3967/11 1108/3965/10
f 324/3964/10 4096/3968/11 4095/3967/11
f 325/3969/11 1109/3970/11 4097/3971/11
f 322/3972/9 4098/3973/9 1106/3974/9
f 322/3972/9 4099/3975/9 4098/3973/9
f 319/3976/7 1103/3977/7 4100/3978/9
f 319/3976/7 4101/3979/8 1103/3977/7
f 319/3976/7 4102/3980/8 4101/3979/8
f 320/3981/8 1104/3982/8 4103/3983/8
f 317/3984/6 4104/3985/6 1101/3986/6
f 317/3984/6 4105/3987/6 4104/3985/6
f 314/3988/4 1098/3989/4 4106/3990/6
f 314/3988/4 4107/3991/5 1098/3989/4
f 314/3988/4 4108/3992/5 4107/3991/5
f 315/3993/5 1099/3994/5 4109/3995/5
f 311/3996/91 4110/3997/49 1095/3998/92
f 311/3996/91 4111/3999/93 4110/3997/49
f 312/3905/87 1096/3907/44 4112/4000/94
f 274/4001/95 4113/4002/96 1058/4003/30
f 274/4001/95 4114/4004/97 4113/4002/96
f 1024/4005/25 1808/4006/25 4115/4007/98
f 309/4008/24 4116/4009/24 1093/4010/24
f 309/4008/24 4117/4011/24 4116/4009/24
f 306/4012/22 1090/4013/22 4118/4014/24
f 306/4012/22 4119/4015/23 1090/4013/22
f 306/4012/22 4120/4016/23 4119/4015/23
f 307/4017/23 1091/4018/23 4121/4019/23
f 304/4020/21 4122/4021/21 1088/4022/21
f 304/4020/21 4123/4023/21 4122/4021/21
f 301/4024/19 1085/4025/19 4124/4026/21
f 301/4024/19 4125/4027/20 1085/4025/19
f 301/4024/19 4126/4028/20 4125/4027/20
f 302/4029/20 1086/4030/20 4127/4031/20
f 299/4032/18 4128/4033/18 1083/4034/18
f 299/4032/18 4129/4035/18 4128/4033/18
f 296/4036/16 1080/4037/16 4130/4038/18
f 296/4036/16 4131/4039/17 1080/4037/16
f 296/4036/16 4132/4040/17 4131/4039/17
f 297/4041/17 1081/4042/17 4133/4043/17
f 294/4044/15 4134/4045/15 1078/4046/15
f 294/4044/15 4135/4047/15 4134/4045/15
f 291/4048/13 1075/4049/13 4136/4050/15
f 291/4048/13 4137/4051/14 1075/4049/13
f 291/4048/13 4138/4052/14 4137/4051/14
f 292/4053/14 1076/4054/14 4139/4055/14
f 289/4056/12 4140/4057/12 1073/4058/12
f 289/4056/12 4141/4059/12 4140/4057/12
f 286/4060/10 1070/4061/10 4142/4062/12
f 286/4060/10 4143/4063/11 1070/4061/10
f 286/4060/10 4144/4064/11 4143/4063/11
f 287/4065/11 1071/4066/11 4145/4067/11
f 284/4068/9 4146/4069/9 1068/4070/9
f 284/4068/9 4147/4071/9 4146/4069/9
f 281/4072/7 1065/4073/7 4148/4074/9
f 281/4072/7 4149/4075/8 1065/4073/7
f 281/4072/7 4150/4076/8 4149/4075/8
f 282/4077/8 1066/4078/8 4151/4079/8
f 279/4080/6 4152/4081/6 1063/4082/6
f 279/4080/6 4153/4083/6 4152/4081/6
f 276/4084/4 1060/4085/4 4154/4086/6
f 276/4084/4 4155/4087/5 1060/4085/4
f 276/4084/4 4156/4088/5 4155/4087/5
f 277/4089/5 1061/4090/5 4157/4091/5
f 273/4092/99 4158/4093/100 1057/4094/101
f 273/4092/99 4159/4095/102 4158/4093/100
f 274/4001/95 1058/4003/30 4160/4096/103
f 4160/4096/103 1059/1037/56 275/1036/55
f 4160/4096/103 1058/4003/30 1059/1037/56
f 1058/4003/30 74/929/1 1059/1037/56
f 4158/4093/100 4160/4096/103 275/1036/55
f 4158/4093/100 4159/4095/102 4160/4096/103
f 4159/4095/102 274/4001/95 4160/4096/103
f 1057/4094/101 1843/1023/42 73/1020/40
f 1057/4094/101 4158/4093/100 1843/1023/42
f 4158/4093/100 275/1036/55 1843/1023/42
f 4157/4091/5 1062/1056/5 278/1055/5
f 4157/4091/5 1061/4090/5 1062/1056/5
f 1061/4090/5 77/1017/40 1062/1056/5
f 4155/4087/5 4157/4091/5 278/1055/5
f 4155/4087/5 4156/4088/5 4157/4091/5
f 4156/4088/5 277/4089/5 4157/4091/5
f 1060/4085/4 1846/1016/5 76/1012/4
f 1060/4085/4 4155/4087/5 1846/1016/5
f 4155/4087/5 278/1055/5 1846/1016/5
f 4154/4086/6 1848/1073/6 280/1072/6
f 4154/4086/6 1060/4085/4 1848/1073/6
f 1060/4085/4 76/1012/4 1848/1073/6
f 4152/4081/6 4154/4086/6 280/1072/6
f 4152/4081/6 4153/4083/6 4154/4086/6
f 4153/4083/6 276/4084/4 4154/4086/6
f 1063/4082/6 1064/1011/6 78/1008/39
f 1063/4082/6 4152/4081/6 1064/1011/6
f 4152/4081/6 280/1072/6 1064/1011/6
f 4151/4079/8 1067/1092/8 283/1091/8
f 4151/4079/8 1066/4078/8 1067/1092/8
f 1066/4078/8 81/1005/39 1067/1092/8
f 4149/4075/8 4151/4079/8 283/1091/8
f 4149/4075/8 4150/4076/8 4151/4079/8
f 4150/4076/8 282/4077/8 4151/4079/8
f 1065/4073/7 1851/1004/8 80/1000/7
f 1065/4073/7 4149/4075/8 1851/1004/8
f 4149/4075/8 283/1091/8 1851/1004/8
f 4148/4074/9 1853/1109/9 285/1108/9
f 4148/4074/9 1065/4073/7 1853/1109/9
f 1065/4073/7 80/1000/7 1853/1109/9
f 4146/4069/9 4148/4074/9 285/1108/9
f 4146/4069/9 4147/4071/9 4148/4074/9
f 4147/4071/9 281/4072/7 4148/4074/9
f 1068/4070/9 1069/999/9 82/996/38
f 1068/4070/9 4146/4069/9 1069/999/9
f 4146/4069/9 285/1108/9 1069/999/9
f 4145/4067/11 1072/1128/11 288/1127/11
f 4145/4067/11 1071/4066/11 1072/1128/11
f 1071/4066/11 85/993/38 1072/1128/11
f 4143/4063/11 4145/4067/11 288/1127/11
f 4143/4063/11 4144/4064/11 4145/4067/11
f 4144/4064/11 287/4065/11 4145/4067/11
f 1070/4061/10 1856/992/11 84/988/10
f 1070/4061/10 4143/4063/11 1856/992/11
f 4143/4063/11 288/1127/11 1856/992/11
f 4142/4062/12 1858/1145/12 290/1144/12
f 4142/4062/12 1070/4061/10 1858/1145/12
f 1070/4061/10 84/988/10 1858/1145/12
f 4140/4057/12 4142/4062/12 290/1144/12
f 4140/4057/12 4141/4059/12 4142/4062/12
f 4141/4059/12 286/4060/10 4142/4062/12
f 1073/4058/12 1074/987/12 86/984/37
f 1073/4058/12 4140/4057/12 1074/987/12
f 4140/4057/12 290/1144/12 1074/987/12
f 4139/4055/14 1077/1164/14 293/1163/14
f 4139/4055/14 1076/4054/14 1077/1164/14
f 1076/4054/14 89/981/37 1077/1164/14
f 4137/4051/14 4139/4055/14 293/1163/14
f 4137/4051/14 4138/4052/14 4139/4055/14
f 4138/4052/14 292/4053/14 4139/4055/14
f 1075/4049/13 1861/980/14 88/976/13
f 1075/4049/13 4137/4051/14 1861/980/14
f 4137/4051/14 293/1163/14 1861/980/14
f 4136/4050/15 1863/1181/15 295/1180/15
f 4136/4050/15 1075/4049/13 1863/1181/15
f 1075/4049/13 88/976/13 1863/1181/15
f 4134/4045/15 4136/4050/15 295/1180/15
f 4134/4045/15 4135/4047/15 4136/4050/15
f 4135/4047/15 291/4048/13 4136/4050/15
f 1078/4046/15 1079/975/15 90/972/36
f 1078/4046/15 4134/4045/15 1079/975/15
f 4134/4045/15 295/1180/15 1079/975/15
f 4133/4043/17 1082/1200/17 298/1199/17
f 4133/4043/17 1081/4042/17 1082/1200/17
f 1081/4042/17 93/969/36 1082/1200/17
f 4131/4039/17 4133/4043/17 298/1199/17
f 4131/4039/17 4132/4040/17 4133/4043/17
f 4132/4040/17 297/4041/17 4133/4043/17
f 1080/4037/16 1866/968/17 92/964/16
f 1080/4037/16 4131/4039/17 1866/968/17
f 4131/4039/17 298/1199/17 1866/968/17
f 4130/4038/18 1868/1217/18 300/1216/18
f 4130/4038/18 1080/4037/16 1868/1217/18
f 1080/4037/16 92/964/16 1868/1217/18
f 4128/4033/18 4130/4038/18 300/1216/18
f 4128/4033/18 4129/4035/18 4130/4038/18
f 4129/4035/18 296/4036/16 4130/4038/18
f 1083/4034/18 1084/963/18 94/960/35
f 1083/4034/18 4128/4033/18 1084/963/18
f 4128/4033/18 300/1216/18 1084/963/18
f 4127/4031/20 1087/1236/20 303/1235/20
f 4127/4031/20 1086/4030/20 1087/1236/20
f 1086/4030/20 97/957/35 1087/1236/20
f 4125/4027/20 4127/4031/20 303/1235/20
f 4125/4027/20 4126/4028/20 4127/4031/20
f 4126/4028/20 302/4029/20 4127/4031/20
f 1085/4025/19 1871/956/20 96/952/19
f 1085/4025/19 4125/4027/20 1871/956/20
f 4125/4027/20 303/1235/20 1871/956/20
f 4124/4026/21 1873/1253/21 305/1252/21
f 4124/4026/21 1085/4025/19 1873/1253/21
f 1085/4025/19 96/952/19 1873/1253/21
f 4122/4021/21 4124/4026/21 305/1252/21
f 4122/4021/21 4123/4023/21 4124/4026/21
f 4123/4023/21 301/4024/19 4124/4026/21
f 1088/4022/21 1089/951/21 98/948/34
f 1088/4022/21 4122/4021/21 1089/951/21
f 4122/4021/21 305/1252/21 1089/951/21
f 4121/4019/23 1092/1272/23 308/1271/23
f 4121/4019/23 1091/4018/23 1092/1272/23
f 1091/4018/23 101/945/34 1092/1272/23
f 4119/4015/23 4121/4019/23 308/1271/23
f 4119/4015/23 4120/4016/23 4121/4019/23
f 4120/4016/23 307/4017/23 4121/4019/23
f 1090/4013/22 1876/944/23 100/940/22
f 1090/4013/22 4119/4015/23 1876/944/23
f 4119/4015/23 308/1271/23 1876/944/23
f 4118/4014/24 1878/1289/24 310/1288/24
f 4118/4014/24 1090/4013/22 1878/1289/24
f 1090/4013/22 100/940/22 1878/1289/24
f 4116/4009/24 4118/4014/24 310/1288/24
f 4116/4009/24 4117/4011/24 4118/4014/24
f 4117/4011/24 306/4012/22 4118/4014/24
f 1093/4010/24 1094/939/24 102/936/32
f 1093/4010/24 4116/4009/24 1094/939/24
f 4116/4009/24 310/1288/24 1094/939/24
f 4115/4007/98 1809/1308/65 1025/1307/64
f 4115/4007/98 1808/4006/25 1809/1308/65
f 1808/4006/25 104/933/32 1809/1308/65
f 4113/4097/96 4115/4007/98 1025/1307/64
f 4113/4097/96 4114/4098/97 4115/4007/98
f 4114/4098/97 1024/4005/25 4115/4007/98
f 1058/4003/30 2593/932/31 74/929/1
f 1058/4003/30 4113/4002/96 2593/932/31
f 4113/4097/96 1025/1307/64 2593/4099/31
f 4112/4000/94 1097/1325/56 313/1324/55
f 4112/4000/94 1096/3907/44 1097/1325/56
f 1096/3907/44 106/833/1 1097/1325/56
f 4110/3997/49 4112/4000/94 313/1324/55
f 4110/3997/49 4111/3999/93 4112/4000/94
f 4111/3999/93 312/3905/87 4112/4000/94
f 1095/3998/92 1881/927/46 105/924/40
f 1095/3998/92 4110/3997/49 1881/927/46
f 4110/3997/49 313/1324/55 1881/927/46
f 4109/3995/5 1884/1344/5 316/1343/5
f 4109/3995/5 1099/3994/5 1884/1344/5
f 1099/3994/5 75/921/40 1884/1344/5
f 4107/3991/5 4109/3995/5 316/1343/5
f 4107/3991/5 4108/3992/5 4109/3995/5
f 4108/3992/5 315/3993/5 4109/3995/5
f 1098/3989/4 1100/920/5 108/916/4
f 1098/3989/4 4107/3991/5 1100/920/5
f 4107/3991/5 316/1343/5 1100/920/5
f 4106/3990/6 1886/1361/6 318/1360/6
f 4106/3990/6 1098/3989/4 1886/1361/6
f 1098/3989/4 108/916/4 1886/1361/6
f 4104/3985/6 4106/3990/6 318/1360/6
f 4104/3985/6 4105/3987/6 4106/3990/6
f 4105/3987/6 314/3988/4 4106/3990/6
f 1101/3986/6 1102/915/6 109/912/39
f 1101/3986/6 4104/3985/6 1102/915/6
f 4104/3985/6 318/1360/6 1102/915/6
f 4103/3983/8 1889/1380/8 321/1379/8
f 4103/3983/8 1104/3982/8 1889/1380/8
f 1104/3982/8 79/909/39 1889/1380/8
f 4101/3979/8 4103/3983/8 321/1379/8
f 4101/3979/8 4102/3980/8 4103/3983/8
f 4102/3980/8 320/3981/8 4103/3983/8
f 1103/3977/7 1105/908/8 111/904/7
f 1103/3977/7 4101/3979/8 1105/908/8
f 4101/3979/8 321/1379/8 1105/908/8
f 4100/3978/9 1891/1397/9 323/1396/9
f 4100/3978/9 1103/3977/7 1891/1397/9
f 1103/3977/7 111/904/7 1891/1397/9
f 4098/3973/9 4100/3978/9 323/1396/9
f 4098/3973/9 4099/3975/9 4100/3978/9
f 4099/3975/9 319/3976/7 4100/3978/9
f 1106/3974/9 1107/903/9 112/900/38
f 1106/3974/9 4098/3973/9 1107/903/9
f 4098/3973/9 323/1396/9 1107/903/9
f 4097/3971/11 1894/1416/11 326/1415/11
f 4097/3971/11 1109/3970/11 1894/1416/11
f 1109/3970/11 83/897/38 1894/1416/11
f 4095/3967/11 4097/3971/11 326/1415/11
f 4095/3967/11 4096/3968/11 4097/3971/11
f 4096/3968/11 325/3969/11 4097/3971/11
f 1108/3965/10 1110/896/11 114/892/10
f 1108/3965/10 4095/3967/11 1110/896/11
f 4095/3967/11 326/1415/11 1110/896/11
f 4094/3966/12 1896/1433/12 328/1432/12
f 4094/3966/12 1108/3965/10 1896/1433/12
f 1108/3965/10 114/892/10 1896/1433/12
f 4092/3961/12 4094/3966/12 328/1432/12
f 4092/3961/12 4093/3963/12 4094/3966/12
f 4093/3963/12 324/3964/10 4094/3966/12
f 1111/3962/12 1112/891/12 115/888/37
f 1111/3962/12 4092/3961/12 1112/891/12
f 4092/3961/12 328/1432/12 1112/891/12
f 4091/3959/14 1899/1452/14 331/1451/14
f 4091/3959/14 1114/3958/14 1899/1452/14
f 1114/3958/14 87/885/37 1899/1452/14
f 4089/3955/14 4091/3959/14 331/1451/14
f 4089/3955/14 4090/3956/14 4091/3959/14
f 4090/3956/14 330/3957/14 4091/3959/14
f 1113/3953/13 1115/884/14 117/880/13
f 1113/3953/13 4089/3955/14 1115/884/14
f 4089/3955/14 331/1451/14 1115/884/14
f 4088/3954/15 1901/1469/15 333/1468/15
f 4088/3954/15 1113/3953/13 1901/1469/15
f 1113/3953/13 117/880/13 1901/1469/15
f 4086/3949/15 4088/3954/15 333/1468/15
f 4086/3949/15 4087/3951/15 4088/3954/15
f 4087/3951/15 329/3952/13 4088/3954/15
f 1116/3950/15 1117/879/15 118/876/36
f 1116/3950/15 4086/3949/15 1117/879/15
f 4086/3949/15 333/1468/15 1117/879/15
f 4085/3947/17 1904/1488/17 336/1487/17
f 4085/3947/17 1119/3946/17 1904/1488/17
f 1119/3946/17 91/873/36 1904/1488/17
f 4083/3943/17 4085/3947/17 336/1487/17
f 4083/3943/17 4084/3944/17 4085/3947/17
f 4084/3944/17 335/3945/17 4085/3947/17
f 1118/3941/16 1120/872/17 120/868/16
f 1118/3941/16 4083/3943/17 1120/872/17
f 4083/3943/17 336/1487/17 1120/872/17
f 4082/3942/18 1906/1505/18 338/1504/18
f 4082/3942/18 1118/3941/16 1906/1505/18
f 1118/3941/16 120/868/16 1906/1505/18
f 4080/3937/18 4082/3942/18 338/1504/18
f 4080/3937/18 4081/3939/18 4082/3942/18
f 4081/3939/18 334/3940/16 4082/3942/18
f 1121/3938/18 1122/867/18 121/864/35
f 1121/3938/18 4080/3937/18 1122/867/18
f 4080/3937/18 338/1504/18 1122/867/18
f 4079/3935/20 1909/1524/20 341/1523/20
f 4079/3935/20 1124/3934/20 1909/1524/20
f 1124/3934/20 95/861/35 1909/1524/20
f 4077/3931/20 4079/3935/20 341/1523/20
f 4077/3931/20 4078/3932/20 4079/3935/20
f 4078/3932/20 340/3933/20 4079/3935/20
f 1123/3929/19 1125/860/20 123/856/19
f 1123/3929/19 4077/3931/20 1125/860/20
f 4077/3931/20 341/1523/20 1125/860/20
f 4076/3930/21 1911/1541/21 343/1540/21
f 4076/3930/21 1123/3929/19 1911/1541/21
f 1123/3929/19 123/856/19 1911/1541/21
f 4074/3925/21 4076/3930/21 343/1540/21
f 4074/3925/21 4075/3927/21 4076/3930/21
f 4075/3927/21 339/3928/19 4076/3930/21
f 1126/3926/21 1127/855/21 124/852/34
f 1126/3926/21 4074/3925/21 1127/855/21
f 4074/3925/21 343/1540/21 1127/855/21
f 4073/3923/23 1914/1560/23 346/1559/23
f 4073/3923/23 1129/3922/23 1914/1560/23
f 1129/3922/23 99/849/34 1914/1560/23
f 4071/3919/23 4073/3923/23 346/1559/23
f 4071/3919/23 4072/3920/23 4073/3923/23
f 4072/3920/23 345/3921/23 4073/3923/23
f 1128/3917/22 1130/848/23 126/844/22
f 1128/3917/22 4071/3919/23 1130/848/23
f 4071/3919/23 346/1559/23 1130/848/23
f 4070/3918/24 1916/1577/24 348/1576/24
f 4070/3918/24 1128/3917/22 1916/1577/24
f 1128/3917/22 126/844/22 1916/1577/24
f 4068/3913/24 4070/3918/24 348/1576/24
f 4068/3913/24 4069/3915/24 4070/3918/24
f 4069/3915/24 344/3916/22 4070/3918/24
f 1131/3914/24 1132/843/24 127/840/32
f 1131/3914/24 4068/3913/24 1132/843/24
f 4068/3913/24 348/1576/24 1132/843/24
f 4067/3911/70 2595/1596/65 1027/1595/64
f 4067/3911/70 1810/3910/63 2595/1596/65
f 1810/3910/63 103/837/32 2595/1596/65
f 4065/4100/88 4067/3911/70 1027/1595/64
f 4065/4100/88 4066/4101/89 4067/3911/70
f 4066/4101/89 1026/3909/90 4067/3911/70
f 1096/3907/44 1811/836/31 106/833/1
f 1096/3907/44 4065/3906/88 1811/836/31
f 4065/4100/88 1027/1595/64 1811/4102/31
f 4064/3904/94 1135/1613/56 351/1612/55
f 4064/3904/94 1134/3811/44 1135/1613/56
f 1134/3811/44 130/737/1 1135/1613/56
f 4062/3901/49 4064/3904/94 351/1612/55
f 4062/3901/49 4063/3903/93 4064/3904/94
f 4063/3903/93 350/3809/87 4064/3904/94
f 1133/3902/92 1919/831/46 129/828/40
f 1133/3902/92 4062/3901/49 1919/831/46
f 4062/3901/49 351/1612/55 1919/831/46
f 4061/3899/5 1922/1632/5 354/1631/5
f 4061/3899/5 1137/3898/5 1922/1632/5
f 1137/3898/5 107/825/40 1922/1632/5
f 4059/3895/5 4061/3899/5 354/1631/5
f 4059/3895/5 4060/3896/5 4061/3899/5
f 4060/3896/5 353/3897/5 4061/3899/5
f 1136/3893/4 1138/824/5 132/820/4
f 1136/3893/4 4059/3895/5 1138/824/5
f 4059/3895/5 354/1631/5 1138/824/5
f 4058/3894/6 1924/1649/6 356/1648/6
f 4058/3894/6 1136/3893/4 1924/1649/6
f 1136/3893/4 132/820/4 1924/1649/6
f 4056/3889/6 4058/3894/6 356/1648/6
f 4056/3889/6 4057/3891/6 4058/3894/6
f 4057/3891/6 352/3892/4 4058/3894/6
f 1139/3890/6 1140/819/6 133/816/39
f 1139/3890/6 4056/3889/6 1140/819/6
f 4056/3889/6 356/1648/6 1140/819/6
f 4055/3887/8 1927/1668/8 359/1667/8
f 4055/3887/8 1142/3886/8 1927/1668/8
f 1142/3886/8 110/813/39 1927/1668/8
f 4053/3883/8 4055/3887/8 359/1667/8
f 4053/3883/8 4054/3884/8 4055/3887/8
f 4054/3884/8 358/3885/8 4055/3887/8
f 1141/3881/7 1143/812/8 135/808/7
f 1141/3881/7 4053/3883/8 1143/812/8
f 4053/3883/8 359/1667/8 1143/812/8
f 4052/3882/9 1929/1685/9 361/1684/9
f 4052/3882/9 1141/3881/7 1929/1685/9
f 1141/3881/7 135/808/7 1929/1685/9
f 4050/3877/9 4052/3882/9 361/1684/9
f 4050/3877/9 4051/3879/9 4052/3882/9
f 4051/3879/9 357/3880/7 4052/3882/9
f 1144/3878/9 1145/807/9 136/804/38
f 1144/3878/9 4050/3877/9 1145/807/9
f 4050/3877/9 361/1684/9 1145/807/9
f 4049/3875/11 1932/1704/11 364/1703/11
f 4049/3875/11 1147/3874/11 1932/1704/11
f 1147/3874/11 113/801/38 1932/1704/11
f 4047/3871/11 4049/3875/11 364/1703/11
f 4047/3871/11 4048/3872/11 4049/3875/11
f 4048/3872/11 363/3873/11 4049/3875/11
f 1146/3869/10 1148/800/11 138/796/10
f 1146/3869/10 4047/3871/11 1148/800/11
f 4047/3871/11 364/1703/11 1148/800/11
f 4046/3870/12 1934/1721/12 366/1720/12
f 4046/3870/12 1146/3869/10 1934/1721/12
f 1146/3869/10 138/796/10 1934/1721/12
f 4044/3865/12 4046/3870/12 366/1720/12
f 4044/3865/12 4045/3867/12 4046/3870/12
f 4045/3867/12 362/3868/10 4046/3870/12
f 1149/3866/12 1150/795/12 139/792/37
f 1149/3866/12 4044/3865/12 1150/795/12
f 4044/3865/12 366/1720/12 1150/795/12
f 4043/3863/14 1937/1740/14 369/1739/14
f 4043/3863/14 1152/3862/14 1937/1740/14
f 1152/3862/14 116/789/37 1937/1740/14
f 4041/3859/14 4043/3863/14 369/1739/14
f 4041/3859/14 4042/3860/14 4043/3863/14
f 4042/3860/14 368/3861/14 4043/3863/14
f 1151/3857/13 1153/788/14 141/784/13
f 1151/3857/13 4041/3859/14 1153/788/14
f 4041/3859/14 369/1739/14 1153/788/14
f 4040/3858/15 1939/1757/15 371/1756/15
f 4040/3858/15 1151/3857/13 1939/1757/15
f 1151/3857/13 141/784/13 1939/1757/15
f 4038/3853/15 4040/3858/15 371/1756/15
f 4038/3853/15 4039/3855/15 4040/3858/15
f 4039/3855/15 367/3856/13 4040/3858/15
f 1154/3854/15 1155/783/15 142/780/36
f 1154/3854/15 4038/3853/15 1155/783/15
f 4038/3853/15 371/1756/15 1155/783/15
f 4037/3851/17 1942/1776/17 374/1775/17
f 4037/3851/17 1157/3850/17 1942/1776/17
f 1157/3850/17 119/777/36 1942/1776/17
f 4035/3847/17 4037/3851/17 374/1775/17
f 4035/3847/17 4036/3848/17 4037/3851/17
f 4036/3848/17 373/3849/17 4037/3851/17
f 1156/3845/16 1158/776/17 144/772/16
f 1156/3845/16 4035/3847/17 1158/776/17
f 4035/3847/17 374/1775/17 1158/776/17
f 4034/3846/18 1944/1793/18 376/1792/18
f 4034/3846/18 1156/3845/16 1944/1793/18
f 1156/3845/16 144/772/16 1944/1793/18
f 4032/3841/18 4034/3846/18 376/1792/18
f 4032/3841/18 4033/3843/18 4034/3846/18
f 4033/3843/18 372/3844/16 4034/3846/18
f 1159/3842/18 1160/771/18 145/768/35
f 1159/3842/18 4032/3841/18 1160/771/18
f 4032/3841/18 376/1792/18 1160/771/18
f 4031/3839/20 1947/1812/20 379/1811/20
f 4031/3839/20 1162/3838/20 1947/1812/20
f 1162/3838/20 122/765/35 1947/1812/20
f 4029/3835/20 4031/3839/20 379/1811/20
f 4029/3835/20 4030/3836/20 4031/3839/20
f 4030/3836/20 378/3837/20 4031/3839/20
f 1161/3833/19 1163/764/20 147/760/19
f 1161/3833/19 4029/3835/20 1163/764/20
f 4029/3835/20 379/1811/20 1163/764/20
f 4028/3834/21 1949/1829/21 381/1828/21
f 4028/3834/21 1161/3833/19 1949/1829/21
f 1161/3833/19 147/760/19 1949/1829/21
f 4026/3829/21 4028/3834/21 381/1828/21
f 4026/3829/21 4027/3831/21 4028/3834/21
f 4027/3831/21 377/3832/19 4028/3834/21
f 1164/3830/21 1165/759/21 148/756/34
f 1164/3830/21 4026/3829/21 1165/759/21
f 4026/3829/21 381/1828/21 1165/759/21
f 4025/3827/23 1952/1848/23 384/1847/23
f 4025/3827/23 1167/3826/23 1952/1848/23
f 1167/3826/23 125/753/34 1952/1848/23
f 4023/3823/23 4025/3827/23 384/1847/23
f 4023/3823/23 4024/3824/23 4025/3827/23
f 4024/3824/23 383/3825/23 4025/3827/23
f 1166/3821/22 1168/752/23 150/748/22
f 1166/3821/22 4023/3823/23 1168/752/23
f 4023/3823/23 384/1847/23 1168/752/23
f 4022/3822/24 1954/1865/24 386/1864/24
f 4022/3822/24 1166/3821/22 1954/1865/24
f 1166/3821/22 150/748/22 1954/1865/24
f 4020/3817/24 4022/3822/24 386/1864/24
f 4020/3817/24 4021/3819/24 4022/3822/24
f 4021/3819/24 382/3820/22 4022/3822/24
f 1169/3818/24 1170/747/24 151/744/32
f 1169/3818/24 4020/3817/24 1170/747/24
f 4020/3817/24 386/1864/24 1170/747/24
f 4019/3815/70 2597/1884/65 1029/1883/64
f 4019/3815/70 1812/3814/63 2597/1884/65
f 1812/3814/63 128/741/32 2597/1884/65
f 4017/4103/88 4019/3815/70 1029/1883/64
f 4017/4103/88 4018/4104/89 4019/3815/70
f 4018/4104/89 1028/3813/90 4019/3815/70
f 1134/3811/44 1813/740/31 130/737/1
f 1134/3811/44 4017/3810/88 1813/740/31
f 4017/4103/88 1029/1883/64 1813/4105/31
f 4016/3808/94 1173/1901/56 389/1900/55
f 4016/3808/94 1172/3715/44 1173/1901/56
f 1172/3715/44 154/641/1 1173/1901/56
f 4014/3805/49 4016/3808/94 389/1900/55
f 4014/3805/49 4015/3807/93 4016/3808/94
f 4015/3807/93 388/3713/87 4016/3808/94
f 1171/3806/92 1957/735/46 153/732/40
f 1171/3806/92 4014/3805/49 1957/735/46
f 4014/3805/49 389/1900/55 1957/735/46
f 4013/3803/5 1960/1920/5 392/1919/5
f 4013/3803/5 1175/3802/5 1960/1920/5
f 1175/3802/5 131/729/40 1960/1920/5
f 4011/3799/5 4013/3803/5 392/1919/5
f 4011/3799/5 4012/3800/5 4013/3803/5
f 4012/3800/5 391/3801/5 4013/3803/5
f 1174/3797/4 1176/728/5 156/724/4
f 1174/3797/4 4011/3799/5 1176/728/5
f 4011/3799/5 392/1919/5 1176/728/5
f 4010/3798/6 1962/1937/6 394/1936/6
f 4010/3798/6 1174/3797/4 1962/1937/6
f 1174/3797/4 156/724/4 1962/1937/6
f 4008/3793/6 4010/3798/6 394/1936/6
f 4008/3793/6 4009/3795/6 4010/3798/6
f 4009/3795/6 390/3796/4 4010/3798/6
f 1177/3794/6 1178/723/6 157/720/39
f 1177/3794/6 4008/3793/6 1178/723/6
f 4008/3793/6 394/1936/6 1178/723/6
f 4007/3791/8 1965/1956/8 397/1955/8
f 4007/3791/8 1180/3790/8 1965/1956/8
f 1180/3790/8 134/717/39 1965/1956/8
f 4005/3787/8 4007/3791/8 397/1955/8
f 4005/3787/8 4006/3788/8 4007/3791/8
f 4006/3788/8 396/3789/8 4007/3791/8
f 1179/3785/7 1181/716/8 159/712/7
f 1179/3785/7 4005/3787/8 1181/716/8
f 4005/3787/8 397/1955/8 1181/716/8
f 4004/3786/9 1967/1973/9 399/1972/9
f 4004/3786/9 1179/3785/7 1967/1973/9
f 1179/3785/7 159/712/7 1967/1973/9
f 4002/3781/9 4004/3786/9 399/1972/9
f 4002/3781/9 4003/3783/9 4004/3786/9
f 4003/3783/9 395/3784/7 4004/3786/9
f 1182/3782/9 1183/711/9 160/708/38
f 1182/3782/9 4002/3781/9 1183/711/9
f 4002/3781/9 399/1972/9 1183/711/9
f 4001/3779/11 1970/1992/11 402/1991/11
f 4001/3779/11 1185/3778/11 1970/1992/11
f 1185/3778/11 137/705/38 1970/1992/11
f 3999/3775/11 4001/3779/11 402/1991/11
f 3999/3775/11 4000/3776/11 4001/3779/11
f 4000/3776/11 401/3777/11 4001/3779/11
f 1184/3773/10 1186/704/11 162/700/10
f 1184/3773/10 3999/3775/11 1186/704/11
f 3999/3775/11 402/1991/11 1186/704/11
f 3998/3774/12 1972/2009/12 404/2008/12
f 3998/3774/12 1184/3773/10 1972/2009/12
f 1184/3773/10 162/700/10 1972/2009/12
f 3996/3769/12 3998/3774/12 404/2008/12
f 3996/3769/12 3997/3771/12 3998/3774/12
f 3997/3771/12 400/3772/10 3998/3774/12
f 1187/3770/12 1188/699/12 163/696/37
f 1187/3770/12 3996/3769/12 1188/699/12
f 3996/3769/12 404/2008/12 1188/699/12
f 3995/3767/14 1975/2028/14 407/2027/14
f 3995/3767/14 1190/3766/14 1975/2028/14
f 1190/3766/14 140/693/37 1975/2028/14
f 3993/3763/14 3995/3767/14 407/2027/14
f 3993/3763/14 3994/3764/14 3995/3767/14
f 3994/3764/14 406/3765/14 3995/3767/14
f 1189/3761/13 1191/692/14 165/688/13
f 1189/3761/13 3993/3763/14 1191/692/14
f 3993/3763/14 407/2027/14 1191/692/14
f 3992/3762/15 1977/2045/15 409/2044/15
f 3992/3762/15 1189/3761/13 1977/2045/15
f 1189/3761/13 165/688/13 1977/2045/15
f 3990/3757/15 3992/3762/15 409/2044/15
f 3990/3757/15 3991/3759/15 3992/3762/15
f 3991/3759/15 405/3760/13 3992/3762/15
f 1192/3758/15 1193/687/15 166/684/36
f 1192/3758/15 3990/3757/15 1193/687/15
f 3990/3757/15 409/2044/15 1193/687/15
f 3989/3755/17 1980/2064/17 412/2063/17
f 3989/3755/17 1195/3754/17 1980/2064/17
f 1195/3754/17 143/681/36 1980/2064/17
f 3987/3751/17 3989/3755/17 412/2063/17
f 3987/3751/17 3988/3752/17 3989/3755/17
f 3988/3752/17 411/3753/17 3989/3755/17
f 1194/3749/16 1196/680/17 168/676/16
f 1194/3749/16 3987/3751/17 1196/680/17
f 3987/3751/17 412/2063/17 1196/680/17
f 3986/3750/18 1982/2081/18 414/2080/18
f 3986/3750/18 1194/3749/16 1982/2081/18
f 1194/3749/16 168/676/16 1982/2081/18
f 3984/3745/18 3986/3750/18 414/2080/18
f 3984/3745/18 3985/3747/18 3986/3750/18
f 3985/3747/18 410/3748/16 3986/3750/18
f 1197/3746/18 1198/675/18 169/672/35
f 1197/3746/18 3984/3745/18 1198/675/18
f 3984/3745/18 414/2080/18 1198/675/18
f 3983/3743/20 1985/2100/20 417/2099/20
f 3983/3743/20 1200/3742/20 1985/2100/20
f 1200/3742/20 146/669/35 1985/2100/20
f 3981/3739/20 3983/3743/20 417/2099/20
f 3981/3739/20 3982/3740/20 3983/3743/20
f 3982/3740/20 416/3741/20 3983/3743/20
f 1199/3737/19 1201/668/20 171/664/19
f 1199/3737/19 3981/3739/20 1201/668/20
f 3981/3739/20 417/2099/20 1201/668/20
f 3980/3738/21 1987/2117/21 419/2116/21
f 3980/3738/21 1199/3737/19 1987/2117/21
f 1199/3737/19 171/664/19 1987/2117/21
f 3978/3733/21 3980/3738/21 419/2116/21
f 3978/3733/21 3979/3735/21 3980/3738/21
f 3979/3735/21 415/3736/19 3980/3738/21
f 1202/3734/21 1203/663/21 172/660/34
f 1202/3734/21 3978/3733/21 1203/663/21
f 3978/3733/21 419/2116/21 1203/663/21
f 3977/3731/23 1990/2136/23 422/2135/23
f 3977/3731/23 1205/3730/23 1990/2136/23
f 1205/3730/23 149/657/34 1990/2136/23
f 3975/3727/23 3977/3731/23 422/2135/23
f 3975/3727/23 3976/3728/23 3977/3731/23
f 3976/3728/23 421/3729/23 3977/3731/23
f 1204/3725/22 1206/656/23 174/652/22
f 1204/3725/22 3975/3727/23 1206/656/23
f 3975/3727/23 422/2135/23 1206/656/23
f 3974/3726/24 1992/2153/24 424/2152/24
f 3974/3726/24 1204/3725/22 1992/2153/24
f 1204/3725/22 174/652/22 1992/2153/24
f 3972/3721/24 3974/3726/24 424/2152/24
f 3972/3721/24 3973/3723/24 3974/3726/24
f 3973/3723/24 420/3724/22 3974/3726/24
f 1207/3722/24 1208/651/24 175/648/32
f 1207/3722/24 3972/3721/24 1208/651/24
f 3972/3721/24 424/2152/24 1208/651/24
f 3971/3719/70 2599/2172/65 1031/2171/64
f 3971/3719/70 1814/3718/63 2599/2172/65
f 1814/3718/63 152/645/32 2599/2172/65
f 3969/4106/88 3971/3719/70 1031/2171/64
f 3969/4106/88 3970/4107/89 3971/3719/70
f 3970/4107/89 1030/3717/90 3971/3719/70
f 1172/3715/44 1815/644/31 154/641/1
f 1172/3715/44 3969/3714/88 1815/644/31
f 3969/4106/88 1031/2171/64 1815/4108/31
f 3968/3712/94 1211/2189/56 427/2188/55
f 3968/3712/94 1210/3619/44 1211/2189/56
f 1210/3619/44 178/545/1 1211/2189/56
f 3966/3709/49 3968/3712/94 427/2188/55
f 3966/3709/49 3967/3711/93 3968/3712/94
f 3967/3711/93 426/3617/87 3968/3712/94
f 1209/3710/92 1995/639/46 177/636/40
f 1209/3710/92 3966/3709/49 1995/639/46
f 3966/3709/49 427/2188/55 1995/639/46
f 3965/3707/5 1998/2208/5 430/2207/5
f 3965/3707/5 1213/3706/5 1998/2208/5
f 1213/3706/5 155/633/40 1998/2208/5
f 3963/3703/5 3965/3707/5 430/2207/5
f 3963/3703/5 3964/3704/5 3965/3707/5
f 3964/3704/5 429/3705/5 3965/3707/5
f 1212/3701/4 1214/632/5 180/628/4
f 1212/3701/4 3963/3703/5 1214/632/5
f 3963/3703/5 430/2207/5 1214/632/5
f 3962/3702/6 2000/2225/6 432/2224/6
f 3962/3702/6 1212/3701/4 2000/2225/6
f 1212/3701/4 180/628/4 2000/2225/6
f 3960/3697/6 3962/3702/6 432/2224/6
f 3960/3697/6 3961/3699/6 3962/3702/6
f 3961/3699/6 428/3700/4 3962/3702/6
f 1215/3698/6 1216/627/6 181/624/39
f 1215/3698/6 3960/3697/6 1216/627/6
f 3960/3697/6 432/2224/6 1216/627/6
f 3959/3695/8 2003/2244/8 435/2243/8
f 3959/3695/8 1218/3694/8 2003/2244/8
f 1218/3694/8 158/621/39 2003/2244/8
f 3957/3691/8 3959/3695/8 435/2243/8
f 3957/3691/8 3958/3692/8 3959/3695/8
f 3958/3692/8 434/3693/8 3959/3695/8
f 1217/3689/7 1219/620/8 183/616/7
f 1217/3689/7 3957/3691/8 1219/620/8
f 3957/3691/8 435/2243/8 1219/620/8
f 3956/3690/9 2005/2261/9 437/2260/9
f 3956/3690/9 1217/3689/7 2005/2261/9
f 1217/3689/7 183/616/7 2005/2261/9
f 3954/3685/9 3956/3690/9 437/2260/9
f 3954/3685/9 3955/3687/9 3956/3690/9
f 3955/3687/9 433/3688/7 3956/3690/9
f 1220/3686/9 1221/615/9 184/612/38
f 1220/3686/9 3954/3685/9 1221/615/9
f 3954/3685/9 437/2260/9 1221/615/9
f 3953/3683/11 2008/2280/11 440/2279/11
f 3953/3683/11 1223/3682/11 2008/2280/11
f 1223/3682/11 161/609/38 2008/2280/11
f 3951/3679/11 3953/3683/11 440/2279/11
f 3951/3679/11 3952/3680/11 3953/3683/11
f 3952/3680/11 439/3681/11 3953/3683/11
f 1222/3677/10 1224/608/11 186/604/10
f 1222/3677/10 3951/3679/11 1224/608/11
f 3951/3679/11 440/2279/11 1224/608/11
f 3950/3678/12 2010/2297/12 442/2296/12
f 3950/3678/12 1222/3677/10 2010/2297/12
f 1222/3677/10 186/604/10 2010/2297/12
f 3948/3673/12 3950/3678/12 442/2296/12
f 3948/3673/12 3949/3675/12 3950/3678/12
f 3949/3675/12 438/3676/10 3950/3678/12
f 1225/3674/12 1226/603/12 187/600/37
f 1225/3674/12 3948/3673/12 1226/603/12
f 3948/3673/12 442/2296/12 1226/603/12
f 3947/3671/14 2013/2316/14 445/2315/14
f 3947/3671/14 1228/3670/14 2013/2316/14
f 1228/3670/14 164/597/37 2013/2316/14
f 3945/3667/14 3947/3671/14 445/2315/14
f 3945/3667/14 3946/3668/14 3947/3671/14
f 3946/3668/14 444/3669/14 3947/3671/14
f 1227/3665/13 1229/596/14 189/592/13
f 1227/3665/13 3945/3667/14 1229/596/14
f 3945/3667/14 445/2315/14 1229/596/14
f 3944/3666/15 2015/2333/15 447/2332/15
f 3944/3666/15 1227/3665/13 2015/2333/15
f 1227/3665/13 189/592/13 2015/2333/15
f 3942/3661/15 3944/3666/15 447/2332/15
f 3942/3661/15 3943/3663/15 3944/3666/15
f 3943/3663/15 443/3664/13 3944/3666/15
f 1230/3662/15 1231/591/15 190/588/36
f 1230/3662/15 3942/3661/15 1231/591/15
f 3942/3661/15 447/2332/15 1231/591/15
f 3941/3659/17 2018/2352/17 450/2351/17
f 3941/3659/17 1233/3658/17 2018/2352/17
f 1233/3658/17 167/585/36 2018/2352/17
f 3939/3655/17 3941/3659/17 450/2351/17
f 3939/3655/17 3940/3656/17 3941/3659/17
f 3940/3656/17 449/3657/17 3941/3659/17
f 1232/3653/16 1234/584/17 192/580/16
f 1232/3653/16 3939/3655/17 1234/584/17
f 3939/3655/17 450/2351/17 1234/584/17
f 3938/3654/18 2020/2369/18 452/2368/18
f 3938/3654/18 1232/3653/16 2020/2369/18
f 1232/3653/16 192/580/16 2020/2369/18
f 3936/3649/18 3938/3654/18 452/2368/18
f 3936/3649/18 3937/3651/18 3938/3654/18
f 3937/3651/18 448/3652/16 3938/3654/18
f 1235/3650/18 1236/579/18 193/576/35
f 1235/3650/18 3936/3649/18 1236/579/18
f 3936/3649/18 452/2368/18 1236/579/18
f 3935/3647/20 2023/2388/20 455/2387/20
f 3935/3647/20 1238/3646/20 2023/2388/20
f 1238/3646/20 170/573/35 2023/2388/20
f 3933/3643/20 3935/3647/20 455/2387/20
f 3933/3643/20 3934/3644/20 3935/3647/20
f 3934/3644/20 454/3645/20 3935/3647/20
f 1237/3641/19 1239/572/20 195/568/19
f 1237/3641/19 3933/3643/20 1239/572/20
f 3933/3643/20 455/2387/20 1239/572/20
f 3932/3642/21 2025/2405/21 457/2404/21
f 3932/3642/21 1237/3641/19 2025/2405/21
f 1237/3641/19 195/568/19 2025/2405/21
f 3930/3637/21 3932/3642/21 457/2404/21
f 3930/3637/21 3931/3639/21 3932/3642/21
f 3931/3639/21 453/3640/19 3932/3642/21
f 1240/3638/21 1241/567/21 196/564/34
f 1240/3638/21 3930/3637/21 1241/567/21
f 3930/3637/21 457/2404/21 1241/567/21
f 3929/3635/23 2028/2424/23 460/2423/23
f 3929/3635/23 1243/3634/23 2028/2424/23
f 1243/3634/23 173/561/34 2028/2424/23
f 3927/3631/23 3929/3635/23 460/2423/23
f 3927/3631/23 3928/3632/23 3929/3635/23
f 3928/3632/23 459/3633/23 3929/3635/23
f 1242/3629/22 1244/560/23 198/556/22
f 1242/3629/22 3927/3631/23 1244/560/23
f 3927/3631/23 460/2423/23 1244/560/23
f 3926/3630/24 2030/2441/24 462/2440/24
f 3926/3630/24 1242/3629/22 2030/2441/24
f 1242/3629/22 198/556/22 2030/2441/24
f 3924/3625/24 3926/3630/24 462/2440/24
f 3924/3625/24 3925/3627/24 3926/3630/24
f 3925/3627/24 458/3628/22 3926/3630/24
f 1245/3626/24 1246/555/24 199/552/32
f 1245/3626/24 3924/3625/24 1246/555/24
f 3924/3625/24 462/2440/24 1246/555/24
f 3923/3623/70 2601/2460/65 1033/2459/64
f 3923/3623/70 1816/3622/63 2601/2460/65
f 1816/3622/63 176/549/32 2601/2460/65
f 3921/4109/88 3923/3623/70 1033/2459/64
f 3921/4109/88 3922/4110/89 3923/3623/70
f 3922/4110/89 1032/3621/90 3923/3623/70
f 1210/3619/44 1817/548/31 178/545/1
f 1210/3619/44 3921/3618/88 1817/548/31
f 3921/4109/88 1033/2459/64 1817/4111/31
f 3920/3616/94 1249/2477/56 465/2476/55
f 3920/3616/94 1248/3523/44 1249/2477/56
f 1248/3523/44 202/449/1 1249/2477/56
f 3918/3613/49 3920/3616/94 465/2476/55
f 3918/3613/49 3919/3615/93 3920/3616/94
f 3919/3615/93 464/3521/87 3920/3616/94
f 1247/3614/92 2033/543/46 201/540/40
f 1247/3614/92 3918/3613/49 2033/543/46
f 3918/3613/49 465/2476/55 2033/543/46
f 3917/3611/5 2036/2496/5 468/2495/5
f 3917/3611/5 1251/3610/5 2036/2496/5
f 1251/3610/5 179/537/40 2036/2496/5
f 3915/3607/5 3917/3611/5 468/2495/5
f 3915/3607/5 3916/3608/5 3917/3611/5
f 3916/3608/5 467/3609/5 3917/3611/5
f 1250/3605/4 1252/536/5 204/532/4
f 1250/3605/4 3915/3607/5 1252/536/5
f 3915/3607/5 468/2495/5 1252/536/5
f 3914/3606/6 2038/2513/6 470/2512/6
f 3914/3606/6 1250/3605/4 2038/2513/6
f 1250/3605/4 204/532/4 2038/2513/6
f 3912/3601/6 3914/3606/6 470/2512/6
f 3912/3601/6 3913/3603/6 3914/3606/6
f 3913/3603/6 466/3604/4 3914/3606/6
f 1253/3602/6 1254/531/6 205/528/39
f 1253/3602/6 3912/3601/6 1254/531/6
f 3912/3601/6 470/2512/6 1254/531/6
f 3911/3599/8 2041/2532/8 473/2531/8
f 3911/3599/8 1256/3598/8 2041/2532/8
f 1256/3598/8 182/525/39 2041/2532/8
f 3909/3595/8 3911/3599/8 473/2531/8
f 3909/3595/8 3910/3596/8 3911/3599/8
f 3910/3596/8 472/3597/8 3911/3599/8
f 1255/3593/7 1257/524/8 207/520/7
f 1255/3593/7 3909/3595/8 1257/524/8
f 3909/3595/8 473/2531/8 1257/524/8
f 3908/3594/9 2043/2549/9 475/2548/9
f 3908/3594/9 1255/3593/7 2043/2549/9
f 1255/3593/7 207/520/7 2043/2549/9
f 3906/3589/9 3908/3594/9 475/2548/9
f 3906/3589/9 3907/3591/9 3908/3594/9
f 3907/3591/9 471/3592/7 3908/3594/9
f 1258/3590/9 1259/519/9 208/516/38
f 1258/3590/9 3906/3589/9 1259/519/9
f 3906/3589/9 475/2548/9 1259/519/9
f 3905/3587/11 2046/2568/11 478/2567/11
f 3905/3587/11 1261/3586/11 2046/2568/11
f 1261/3586/11 185/513/38 2046/2568/11
f 3903/3583/11 3905/3587/11 478/2567/11
f 3903/3583/11 3904/3584/11 3905/3587/11
f 3904/3584/11 477/3585/11 3905/3587/11
f 1260/3581/10 1262/512/11 210/508/10
f 1260/3581/10 3903/3583/11 1262/512/11
f 3903/3583/11 478/2567/11 1262/512/11
f 3902/3582/12 2048/2585/12 480/2584/12
f 3902/3582/12 1260/3581/10 2048/2585/12
f 1260/3581/10 210/508/10 2048/2585/12
f 3900/3577/12 3902/3582/12 480/2584/12
f 3900/3577/12 3901/3579/12 3902/3582/12
f 3901/3579/12 476/3580/10 3902/3582/12
f 1263/3578/12 1264/507/12 211/504/37
f 1263/3578/12 3900/3577/12 1264/507/12
f 3900/3577/12 480/2584/12 1264/507/12
f 3899/3575/14 2051/2604/14 483/2603/14
f 3899/3575/14 1266/3574/14 2051/2604/14
f 1266/3574/14 188/501/37 2051/2604/14
f 3897/3571/14 3899/3575/14 483/2603/14
f 3897/3571/14 3898/3572/14 3899/3575/14
f 3898/3572/14 482/3573/14 3899/3575/14
f 1265/3569/13 1267/500/14 213/496/13
f 1265/3569/13 3897/3571/14 1267/500/14
f 3897/3571/14 483/2603/14 1267/500/14
f 3896/3570/15 2053/2621/15 485/2620/15
f 3896/3570/15 1265/3569/13 2053/2621/15
f 1265/3569/13 213/496/13 2053/2621/15
f 3894/3565/15 3896/3570/15 485/2620/15
f 3894/3565/15 3895/3567/15 3896/3570/15
f 3895/3567/15 481/3568/13 3896/3570/15
f 1268/3566/15 1269/495/15 214/492/36
f 1268/3566/15 3894/3565/15 1269/495/15
f 3894/3565/15 485/2620/15 1269/495/15
f 3893/3563/17 2056/2640/17 488/2639/17
f 3893/3563/17 1271/3562/17 2056/2640/17
f 1271/3562/17 191/489/36 2056/2640/17
f 3891/3559/17 3893/3563/17 488/2639/17
f 3891/3559/17 3892/3560/17 3893/3563/17
f 3892/3560/17 487/3561/17 3893/3563/17
f 1270/3557/16 1272/488/17 216/484/16
f 1270/3557/16 3891/3559/17 1272/488/17
f 3891/3559/17 488/2639/17 1272/488/17
f 3890/3558/18 2058/2657/18 490/2656/18
f 3890/3558/18 1270/3557/16 2058/2657/18
f 1270/3557/16 216/484/16 2058/2657/18
f 3888/3553/18 3890/3558/18 490/2656/18
f 3888/3553/18 3889/3555/18 3890/3558/18
f 3889/3555/18 486/3556/16 3890/3558/18
f 1273/3554/18 1274/483/18 217/480/35
f 1273/3554/18 3888/3553/18 1274/483/18
f 3888/3553/18 490/2656/18 1274/483/18
f 3887/3551/20 2061/2676/20 493/2675/20
f 3887/3551/20 1276/3550/20 2061/2676/20
f 1276/3550/20 194/477/35 2061/2676/20
f 3885/3547/20 3887/3551/20 493/2675/20
f 3885/3547/20 3886/3548/20 3887/3551/20
f 3886/3548/20 492/3549/20 3887/3551/20
f 1275/3545/19 1277/476/20 219/472/19
f 1275/3545/19 3885/3547/20 1277/476/20
f 3885/3547/20 493/2675/20 1277/476/20
f 3884/3546/21 2063/2693/21 495/2692/21
f 3884/3546/21 1275/3545/19 2063/2693/21
f 1275/3545/19 219/472/19 2063/2693/21
f 3882/3541/21 3884/3546/21 495/2692/21
f 3882/3541/21 3883/3543/21 3884/3546/21
f 3883/3543/21 491/3544/19 3884/3546/21
f 1278/3542/21 1279/471/21 220/468/34
f 1278/3542/21 3882/3541/21 1279/471/21
f 3882/3541/21 495/2692/21 1279/471/21
f 3881/3539/23 2066/2712/23 498/2711/23
f 3881/3539/23 1281/3538/23 2066/2712/23
f 1281/3538/23 197/465/34 2066/2712/23
f 3879/3535/23 3881/3539/23 498/2711/23
f 3879/3535/23 3880/3536/23 3881/3539/23
f 3880/3536/23 497/3537/23 3881/3539/23
f 1280/3533/22 1282/464/23 222/460/22
f 1280/3533/22 3879/3535/23 1282/464/23
f 3879/3535/23 498/2711/23 1282/464/23
f 3878/3534/24 2068/2729/24 500/2728/24
f 3878/3534/24 1280/3533/22 2068/2729/24
f 1280/3533/22 222/460/22 2068/2729/24
f 3876/3529/24 3878/3534/24 500/2728/24
f 3876/3529/24 3877/3531/24 3878/3534/24
f 3877/3531/24 496/3532/22 3878/3534/24
f 1283/3530/24 1284/459/24 223/456/32
f 1283/3530/24 3876/3529/24 1284/459/24
f 3876/3529/24 500/2728/24 1284/459/24
f 3875/3527/70 2603/2748/65 1035/2747/64
f 3875/3527/70 1818/3526/63 2603/2748/65
f 1818/3526/63 200/453/32 2603/2748/65
f 3873/4112/88 3875/3527/70 1035/2747/64
f 3873/4112/88 3874/4113/89 3875/3527/70
f 3874/4113/89 1034/3525/90 3875/3527/70
f 1248/3523/44 1819/452/31 202/449/1
f 1248/3523/44 3873/3522/88 1819/452/31
f 3873/4112/88 1035/2747/64 1819/4114/31
f 3872/3520/94 1287/2765/56 503/2764/55
f 3872/3520/94 1286/3427/44 1287/2765/56
f 1286/3427/44 226/353/1 1287/2765/56
f 3870/3517/49 3872/3520/94 503/2764/55
f 3870/3517/49 3871/3519/93 3872/3520/94
f 3871/3519/93 502/3425/87 3872/3520/94
f 1285/3518/92 2071/447/46 225/444/40
f 1285/3518/92 3870/3517/49 2071/447/46
f 3870/3517/49 503/2764/55 2071/447/46
f 3869/3515/5 2074/2784/5 506/2783/5
f 3869/3515/5 1289/3514/5 2074/2784/5
f 1289/3514/5 203/441/40 2074/2784/5
f 3867/3511/5 3869/3515/5 506/2783/5
f 3867/3511/5 3868/3512/5 3869/3515/5
f 3868/3512/5 505/3513/5 3869/3515/5
f 1288/3509/4 1290/440/5 228/436/4
f 1288/3509/4 3867/3511/5 1290/440/5
f 3867/3511/5 506/2783/5 1290/440/5
f 3866/3510/6 2076/2801/6 508/2800/6
f 3866/3510/6 1288/3509/4 2076/2801/6
f 1288/3509/4 228/436/4 2076/2801/6
f 3864/3505/6 3866/3510/6 508/2800/6
f 3864/3505/6 3865/3507/6 3866/3510/6
f 3865/3507/6 504/3508/4 3866/3510/6
f 1291/3506/6 1292/435/6 229/432/39
f 1291/3506/6 3864/3505/6 1292/435/6
f 3864/3505/6 508/2800/6 1292/435/6
f 3863/3503/8 2079/2820/8 511/2819/8
f 3863/3503/8 1294/3502/8 2079/2820/8
f 1294/3502/8 206/429/39 2079/2820/8
f 3861/3499/8 3863/3503/8 511/2819/8
f 3861/3499/8 3862/3500/8 3863/3503/8
f 3862/3500/8 510/3501/8 3863/3503/8
f 1293/3497/7 1295/428/8 231/424/7
f 1293/3497/7 3861/3499/8 1295/428/8
f 3861/3499/8 511/2819/8 1295/428/8
f 3860/3498/9 2081/2837/9 513/2836/9
f 3860/3498/9 1293/3497/7 2081/2837/9
f 1293/3497/7 231/424/7 2081/2837/9
f 3858/3493/9 3860/3498/9 513/2836/9
f 3858/3493/9 3859/3495/9 3860/3498/9
f 3859/3495/9 509/3496/7 3860/3498/9
f 1296/3494/9 1297/423/9 232/420/38
f 1296/3494/9 3858/3493/9 1297/423/9
f 3858/3493/9 513/2836/9 1297/423/9
f 3857/3491/11 2084/2856/11 516/2855/11
f 3857/3491/11 1299/3490/11 2084/2856/11
f 1299/3490/11 209/417/38 2084/2856/11
f 3855/3487/11 3857/3491/11 516/2855/11
f 3855/3487/11 3856/3488/11 3857/3491/11
f 3856/3488/11 515/3489/11 3857/3491/11
f 1298/3485/10 1300/416/11 234/412/10
f 1298/3485/10 3855/3487/11 1300/416/11
f 3855/3487/11 516/2855/11 1300/416/11
f 3854/3486/12 2086/2873/12 518/2872/12
f 3854/3486/12 1298/3485/10 2086/2873/12
f 1298/3485/10 234/412/10 2086/2873/12
f 3852/3481/12 3854/3486/12 518/2872/12
f 3852/3481/12 3853/3483/12 3854/3486/12
f 3853/3483/12 514/3484/10 3854/3486/12
f 1301/3482/12 1302/411/12 235/408/37
f 1301/3482/12 3852/3481/12 1302/411/12
f 3852/3481/12 518/2872/12 1302/411/12
f 3851/3479/14 2089/2892/14 521/2891/14
f 3851/3479/14 1304/3478/14 2089/2892/14
f 1304/3478/14 212/405/37 2089/2892/14
f 3849/3475/14 3851/3479/14 521/2891/14
f 3849/3475/14 3850/3476/14 3851/3479/14
f 3850/3476/14 520/3477/14 3851/3479/14
f 1303/3473/13 1305/404/14 237/400/13
f 1303/3473/13 3849/3475/14 1305/404/14
f 3849/3475/14 521/2891/14 1305/404/14
f 3848/3474/15 2091/2909/15 523/2908/15
f 3848/3474/15 1303/3473/13 2091/2909/15
f 1303/3473/13 237/400/13 2091/2909/15
f 3846/3469/15 3848/3474/15 523/2908/15
f 3846/3469/15 3847/3471/15 3848/3474/15
f 3847/3471/15 519/3472/13 3848/3474/15
f 1306/3470/15 1307/399/15 238/396/36
f 1306/3470/15 3846/3469/15 1307/399/15
f 3846/3469/15 523/2908/15 1307/399/15
f 3845/3467/17 2094/2928/17 526/2927/17
f 3845/3467/17 1309/3466/17 2094/2928/17
f 1309/3466/17 215/393/36 2094/2928/17
f 3843/3463/17 3845/3467/17 526/2927/17
f 3843/3463/17 3844/3464/17 3845/3467/17
f 3844/3464/17 525/3465/17 3845/3467/17
f 1308/3461/16 1310/392/17 240/388/16
f 1308/3461/16 3843/3463/17 1310/392/17
f 3843/3463/17 526/2927/17 1310/392/17
f 3842/3462/18 2096/2945/18 528/2944/18
f 3842/3462/18 1308/3461/16 2096/2945/18
f 1308/3461/16 240/388/16 2096/2945/18
f 3840/3457/18 3842/3462/18 528/2944/18
f 3840/3457/18 3841/3459/18 3842/3462/18
f 3841/3459/18 524/3460/16 3842/3462/18
f 1311/3458/18 1312/387/18 241/384/35
f 1311/3458/18 3840/3457/18 1312/387/18
f 3840/3457/18 528/2944/18 1312/387/18
f 3839/3455/20 2099/2964/20 531/2963/20
f 3839/3455/20 1314/3454/20 2099/2964/20
f 1314/3454/20 218/381/35 2099/2964/20
f 3837/3451/20 3839/3455/20 531/2963/20
f 3837/3451/20 3838/3452/20 3839/3455/20
f 3838/3452/20 530/3453/20 3839/3455/20
f 1313/3449/19 1315/380/20 243/376/19
f 1313/3449/19 3837/3451/20 1315/380/20
f 3837/3451/20 531/2963/20 1315/380/20
f 3836/3450/21 2101/2981/21 533/2980/21
f 3836/3450/21 1313/3449/19 2101/2981/21
f 1313/3449/19 243/376/19 2101/2981/21
f 3834/3445/21 3836/3450/21 533/2980/21
f 3834/3445/21 3835/3447/21 3836/3450/21
f 3835/3447/21 529/3448/19 3836/3450/21
f 1316/3446/21 1317/375/21 244/372/34
f 1316/3446/21 3834/3445/21 1317/375/21
f 3834/3445/21 533/2980/21 1317/375/21
f 3833/3443/23 2104/3000/23 536/2999/23
f 3833/3443/23 1319/3442/23 2104/3000/23
f 1319/3442/23 221/369/34 2104/3000/23
f 3831/3439/23 3833/3443/23 536/2999/23
f 3831/3439/23 3832/3440/23 3833/3443/23
f 3832/3440/23 535/3441/23 3833/3443/23
f 1318/3437/22 1320/368/23 246/364/22
f 1318/3437/22 3831/3439/23 1320/368/23
f 3831/3439/23 536/2999/23 1320/368/23
f 3830/3438/24 2106/3017/24 538/3016/24
f 3830/3438/24 1318/3437/22 2106/3017/24
f 1318/3437/22 246/364/22 2106/3017/24
f 3828/3433/24 3830/3438/24 538/3016/24
f 3828/3433/24 3829/3435/24 3830/3438/24
f 3829/3435/24 534/3436/22 3830/3438/24
f 1321/3434/24 1322/363/24 247/360/32
f 1321/3434/24 3828/3433/24 1322/363/24
f 3828/3433/24 538/3016/24 1322/363/24
f 3827/3431/70 2605/3036/65 1037/3035/64
f 3827/3431/70 1820/3430/63 2605/3036/65
f 1820/3430/63 224/357/32 2605/3036/65
f 3825/4115/88 3827/3431/70 1037/3035/64
f 3825/4115/88 3826/4116/89 3827/3431/70
f 3826/4116/89 1036/3429/90 3827/3431/70
f 1286/3427/44 1821/356/31 226/353/1
f 1286/3427/44 3825/3426/88 1821/356/31
f 3825/4115/88 1037/3035/64 1821/4117/31
f 3824/3424/94 1325/3053/56 541/3052/55
f 3824/3424/94 1324/3331/44 1325/3053/56
f 1324/3331/44 250/257/1 1325/3053/56
f 3822/3421/49 3824/3424/94 541/3052/55
f 3822/3421/49 3823/3423/93 3824/3424/94
f 3823/3423/93 540/3329/87 3824/3424/94
f 1323/3422/92 2109/351/42 249/348/40
f 1323/3422/92 3822/3421/49 2109/351/42
f 3822/3421/49 541/3052/55 2109/351/42
f 3821/3419/5 2112/3072/5 544/3071/5
f 3821/3419/5 1327/3418/5 2112/3072/5
f 1327/3418/5 227/345/40 2112/3072/5
f 3819/3415/5 3821/3419/5 544/3071/5
f 3819/3415/5 3820/3416/5 3821/3419/5
f 3820/3416/5 543/3417/5 3821/3419/5
f 1326/3413/4 1328/344/5 252/340/4
f 1326/3413/4 3819/3415/5 1328/344/5
f 3819/3415/5 544/3071/5 1328/344/5
f 3818/3414/6 2114/3089/6 546/3088/6
f 3818/3414/6 1326/3413/4 2114/3089/6
f 1326/3413/4 252/340/4 2114/3089/6
f 3816/3409/6 3818/3414/6 546/3088/6
f 3816/3409/6 3817/3411/6 3818/3414/6
f 3817/3411/6 542/3412/4 3818/3414/6
f 1329/3410/6 1330/339/6 253/336/39
f 1329/3410/6 3816/3409/6 1330/339/6
f 3816/3409/6 546/3088/6 1330/339/6
f 3815/3407/8 2117/3108/8 549/3107/8
f 3815/3407/8 1332/3406/8 2117/3108/8
f 1332/3406/8 230/333/39 2117/3108/8
f 3813/3403/8 3815/3407/8 549/3107/8
f 3813/3403/8 3814/3404/8 3815/3407/8
f 3814/3404/8 548/3405/8 3815/3407/8
f 1331/3401/7 1333/332/8 255/328/7
f 1331/3401/7 3813/3403/8 1333/332/8
f 3813/3403/8 549/3107/8 1333/332/8
f 3812/3402/9 2119/3125/9 551/3124/9
f 3812/3402/9 1331/3401/7 2119/3125/9
f 1331/3401/7 255/328/7 2119/3125/9
f 3810/3397/9 3812/3402/9 551/3124/9
f 3810/3397/9 3811/3399/9 3812/3402/9
f 3811/3399/9 547/3400/7 3812/3402/9
f 1334/3398/9 1335/327/9 256/324/38
f 1334/3398/9 3810/3397/9 1335/327/9
f 3810/3397/9 551/3124/9 1335/327/9
f 3809/3395/11 2122/3144/11 554/3143/11
f 3809/3395/11 1337/3394/11 2122/3144/11
f 1337/3394/11 233/321/38 2122/3144/11
f 3807/3391/11 3809/3395/11 554/3143/11
f 3807/3391/11 3808/3392/11 3809/3395/11
f 3808/3392/11 553/3393/11 3809/3395/11
f 1336/3389/10 1338/320/11 258/316/10
f 1336/3389/10 3807/3391/11 1338/320/11
f 3807/3391/11 554/3143/11 1338/320/11
f 3806/3390/12 2124/3161/12 556/3160/12
f 3806/3390/12 1336/3389/10 2124/3161/12
f 1336/3389/10 258/316/10 2124/3161/12
f 3804/3385/12 3806/3390/12 556/3160/12
f 3804/3385/12 3805/3387/12 3806/3390/12
f 3805/3387/12 552/3388/10 3806/3390/12
f 1339/3386/12 1340/315/12 259/312/37
f 1339/3386/12 3804/3385/12 1340/315/12
f 3804/3385/12 556/3160/12 1340/315/12
f 3803/3383/14 2127/3180/14 559/3179/14
f 3803/3383/14 1342/3382/14 2127/3180/14
f 1342/3382/14 236/309/37 2127/3180/14
f 3801/3379/14 3803/3383/14 559/3179/14
f 3801/3379/14 3802/3380/14 3803/3383/14
f 3802/3380/14 558/3381/14 3803/3383/14
f 1341/3377/13 1343/308/14 261/304/13
f 1341/3377/13 3801/3379/14 1343/308/14
f 3801/3379/14 559/3179/14 1343/308/14
f 3800/3378/15 2129/3197/15 561/3196/15
f 3800/3378/15 1341/3377/13 2129/3197/15
f 1341/3377/13 261/304/13 2129/3197/15
f 3798/3373/15 3800/3378/15 561/3196/15
f 3798/3373/15 3799/3375/15 3800/3378/15
f 3799/3375/15 557/3376/13 3800/3378/15
f 1344/3374/15 1345/303/15 262/300/36
f 1344/3374/15 3798/3373/15 1345/303/15
f 3798/3373/15 561/3196/15 1345/303/15
f 3797/3371/17 2132/3216/17 564/3215/17
f 3797/3371/17 1347/3370/17 2132/3216/17
f 1347/3370/17 239/297/36 2132/3216/17
f 3795/3367/17 3797/3371/17 564/3215/17
f 3795/3367/17 3796/3368/17 3797/3371/17
f 3796/3368/17 563/3369/17 3797/3371/17
f 1346/3365/16 1348/296/17 264/292/16
f 1346/3365/16 3795/3367/17 1348/296/17
f 3795/3367/17 564/3215/17 1348/296/17
f 3794/3366/18 2134/3233/18 566/3232/18
f 3794/3366/18 1346/3365/16 2134/3233/18
f 1346/3365/16 264/292/16 2134/3233/18
f 3792/3361/18 3794/3366/18 566/3232/18
f 3792/3361/18 3793/3363/18 3794/3366/18
f 3793/3363/18 562/3364/16 3794/3366/18
f 1349/3362/18 1350/291/18 265/288/35
f 1349/3362/18 3792/3361/18 1350/291/18
f 3792/3361/18 566/3232/18 1350/291/18
f 3791/3359/20 2137/3252/20 569/3251/20
f 3791/3359/20 1352/3358/20 2137/3252/20
f 1352/3358/20 242/285/35 2137/3252/20
f 3789/3355/20 3791/3359/20 569/3251/20
f 3789/3355/20 3790/3356/20 3791/3359/20
f 3790/3356/20 568/3357/20 3791/3359/20
f 1351/3353/19 1353/284/20 267/280/19
f 1351/3353/19 3789/3355/20 1353/284/20
f 3789/3355/20 569/3251/20 1353/284/20
f 3788/3354/21 2139/3269/21 571/3268/21
f 3788/3354/21 1351/3353/19 2139/3269/21
f 1351/3353/19 267/280/19 2139/3269/21
f 3786/3349/21 3788/3354/21 571/3268/21
f 3786/3349/21 3787/3351/21 3788/3354/21
f 3787/3351/21 567/3352/19 3788/3354/21
f 1354/3350/21 1355/279/21 268/276/34
f 1354/3350/21 3786/3349/21 1355/279/21
f 3786/3349/21 571/3268/21 1355/279/21
f 3785/3347/23 2142/3288/23 574/3287/23
f 3785/3347/23 1357/3346/23 2142/3288/23
f 1357/3346/23 245/273/34 2142/3288/23
f 3783/3343/23 3785/3347/23 574/3287/23
f 3783/3343/23 3784/3344/23 3785/3347/23
f 3784/3344/23 573/3345/23 3785/3347/23
f 1356/3341/22 1358/272/23 270/268/22
f 1356/3341/22 3783/3343/23 1358/272/23
f 3783/3343/23 574/3287/23 1358/272/23
f 3782/3342/24 2144/3305/24 576/3304/24
f 3782/3342/24 1356/3341/22 2144/3305/24
f 1356/3341/22 270/268/22 2144/3305/24
f 3780/3337/24 3782/3342/24 576/3304/24
f 3780/3337/24 3781/3339/24 3782/3342/24
f 3781/3339/24 572/3340/22 3782/3342/24
f 1359/3338/24 1360/267/24 271/264/32
f 1359/3338/24 3780/3337/24 1360/267/24
f 3780/3337/24 576/3304/24 1360/267/24
f 3779/3335/70 2607/3324/65 1039/3323/64
f 3779/3335/70 1822/3334/63 2607/3324/65
f 1822/3334/63 248/261/32 2607/3324/65
f 3777/4118/88 3779/3335/70 1039/3323/64
f 3777/4118/88 3778/4119/89 3779/3335/70
f 3778/4119/89 1038/3333/90 3779/3335/70
f 1324/3331/44 1823/260/31 250/257/1
f 1324/3331/44 3777/3330/88 1823/260/31
f 3777/4118/88 1039/3323/64 1823/4120/31
f 3776/3328/86 1825/266/33 1041/3307/79
f 3776/3328/86 2608/3321/66 1825/266/33
f 2608/3321/66 271/264/32 1825/266/33
f 3774/4121/84 3776/3328/86 1041/3307/79
f 3774/4121/84 3775/4122/85 3776/3328/86
f 3775/4122/85 1040/3319/64 3776/3328/86
f 2212/3046/2 2609/4123/81 65/4124/104
f 2212/3046/2 3774/3326/84 2609/4123/81
f 3774/4121/84 1041/3307/79 2609/3309/81
f 3773/3325/66 2145/263/32 577/3312/32
f 3773/3325/66 2607/3324/65 2145/263/32
f 2607/3324/65 248/261/32 2145/263/32
f 3771/3320/65 3773/3325/66 577/3312/32
f 3771/3320/65 3772/3322/67 3773/3325/66
f 3772/3322/67 1039/3323/64 3773/3325/66
f 2608/3321/66 1361/3314/32 271/264/32
f 2608/3321/66 3771/3320/65 1361/3314/32
f 3771/3320/65 577/3312/32 1361/3314/32
f 3770/3318/24 2143/255/24 575/3336/24
f 3770/3318/24 2146/3317/24 2143/255/24
f 2146/3317/24 64/252/22 2143/255/24
f 3768/3313/24 3770/3318/24 575/3336/24
f 3768/3313/24 3769/3315/24 3770/3318/24
f 3769/3315/24 578/3316/24 3770/3318/24
f 1361/3314/32 1359/3338/24 271/264/32
f 1361/3314/32 3768/3313/24 1359/3338/24
f 3768/3313/24 575/3336/24 1359/3338/24
f 3767/3311/83 1826/4125/83 1042/4126/83
f 3767/3311/83 1363/3302/32 1826/4125/83
f 1363/3302/32 272/4127/32 1826/4125/83
f 3765/3308/80 3767/3311/83 1042/4126/83
f 3765/3308/80 3766/3310/82 3767/3311/83
f 3766/3310/82 579/3300/32 3767/3311/83
f 2609/4123/81 2610/4128/83 65/4124/104
f 2609/3309/81 3765/3308/80 2610/4129/83
f 3765/3308/80 1042/4126/83 2610/4129/83
f 3764/3306/24 2148/270/24 580/3295/24
f 3764/3306/24 2144/3305/24 2148/270/24
f 2144/3305/24 270/268/22 2148/270/24
f 3762/3301/24 3764/3306/24 580/3295/24
f 3762/3301/24 3763/3303/24 3764/3306/24
f 3763/3303/24 576/3304/24 3764/3306/24
f 1363/3302/32 1364/3297/24 272/4127/32
f 1363/3302/32 3762/3301/24 1364/3297/24
f 3762/3301/24 580/3295/24 1364/3297/24
f 3761/3299/24 2150/4130/24 582/4131/24
f 3761/3299/24 2149/3292/22 2150/4130/24
f 2149/3292/22 72/4132/22 2150/4130/24
f 3759/3296/24 3761/3299/24 582/4131/24
f 3759/3296/24 3760/3298/24 3761/3299/24
f 3760/3298/24 581/3290/22 3761/3299/24
f 1364/3297/24 1366/4133/24 272/4127/32
f 1364/3297/24 3759/3296/24 1366/4133/24
f 3759/3296/24 582/4131/24 1366/4133/24
f 3758/3294/23 1368/278/23 584/3271/23
f 3758/3294/23 2151/3285/23 1368/278/23
f 2151/3285/23 268/276/34 1368/278/23
f 3756/3291/23 3758/3294/23 584/3271/23
f 3756/3291/23 3757/3293/23 3758/3294/23
f 3757/3293/23 583/3283/23 3758/3294/23
f 2149/3292/22 2152/3273/23 72/4132/22
f 2149/3292/22 3756/3291/23 2152/3273/23
f 3756/3291/23 584/3271/23 2152/3273/23
f 3755/3289/23 2153/275/34 585/3276/34
f 3755/3289/23 2142/3288/23 2153/275/34
f 2142/3288/23 245/273/34 2153/275/34
f 3753/3284/23 3755/3289/23 585/3276/34
f 3753/3284/23 3754/3286/23 3755/3289/23
f 3754/3286/23 574/3287/23 3755/3289/23
f 2151/3285/23 1369/3278/34 268/276/34
f 2151/3285/23 3753/3284/23 1369/3278/34
f 3753/3284/23 585/3276/34 1369/3278/34
f 3752/3282/21 2138/251/21 570/3348/21
f 3752/3282/21 2154/3281/21 2138/251/21
f 2154/3281/21 63/248/19 2138/251/21
f 3750/3277/21 3752/3282/21 570/3348/21
f 3750/3277/21 3751/3279/21 3752/3282/21
f 3751/3279/21 586/3280/21 3752/3282/21
f 1369/3278/34 1354/3350/21 268/276/34
f 1369/3278/34 3750/3277/21 1354/3350/21
f 3750/3277/21 570/3348/21 1354/3350/21
f 3749/3275/23 1372/4134/23 588/4135/23
f 3749/3275/23 1371/3266/34 1372/4134/23
f 1371/3266/34 269/4136/34 1372/4134/23
f 3747/3272/23 3749/3275/23 588/4135/23
f 3747/3272/23 3748/3274/23 3749/3275/23
f 3748/3274/23 587/3264/34 3749/3275/23
f 2152/3273/23 2156/4137/23 72/4132/22
f 2152/3273/23 3747/3272/23 2156/4137/23
f 3747/3272/23 588/4135/23 2156/4137/23
f 3746/3270/21 2157/282/21 589/3259/21
f 3746/3270/21 2139/3269/21 2157/282/21
f 2139/3269/21 267/280/19 2157/282/21
f 3744/3265/21 3746/3270/21 589/3259/21
f 3744/3265/21 3745/3267/21 3746/3270/21
f 3745/3267/21 571/3268/21 3746/3270/21
f 1371/3266/34 1373/3261/21 269/4136/34
f 1371/3266/34 3744/3265/21 1373/3261/21
f 3744/3265/21 589/3259/21 1373/3261/21
f 3743/3263/21 2159/4138/21 591/4139/21
f 3743/3263/21 2158/3256/19 2159/4138/21
f 2158/3256/19 71/4140/19 2159/4138/21
f 3741/3260/21 3743/3263/21 591/4139/21
f 3741/3260/21 3742/3262/21 3743/3263/21
f 3742/3262/21 590/3254/19 3743/3263/21
f 1373/3261/21 1375/4141/21 269/4136/34
f 1373/3261/21 3741/3260/21 1375/4141/21
f 3741/3260/21 591/4139/21 1375/4141/21
f 3740/3258/20 1377/290/20 593/3235/20
f 3740/3258/20 2160/3249/20 1377/290/20
f 2160/3249/20 265/288/35 1377/290/20
f 3738/3255/20 3740/3258/20 593/3235/20
f 3738/3255/20 3739/3257/20 3740/3258/20
f 3739/3257/20 592/3247/20 3740/3258/20
f 2158/3256/19 2161/3237/20 71/4140/19
f 2158/3256/19 3738/3255/20 2161/3237/20
f 3738/3255/20 593/3235/20 2161/3237/20
f 3737/3253/20 2162/287/35 594/3240/35
f 3737/3253/20 2137/3252/20 2162/287/35
f 2137/3252/20 242/285/35 2162/287/35
f 3735/3248/20 3737/3253/20 594/3240/35
f 3735/3248/20 3736/3250/20 3737/3253/20
f 3736/3250/20 569/3251/20 3737/3253/20
f 2160/3249/20 1378/3242/35 265/288/35
f 2160/3249/20 3735/3248/20 1378/3242/35
f 3735/3248/20 594/3240/35 1378/3242/35
f 3734/3246/18 2133/247/18 565/3360/18
f 3734/3246/18 2163/3245/18 2133/247/18
f 2163/3245/18 62/244/16 2133/247/18
f 3732/3241/18 3734/3246/18 565/3360/18
f 3732/3241/18 3733/3243/18 3734/3246/18
f 3733/3243/18 595/3244/18 3734/3246/18
f 1378/3242/35 1349/3362/18 265/288/35
f 1378/3242/35 3732/3241/18 1349/3362/18
f 3732/3241/18 565/3360/18 1349/3362/18
f 3731/3239/20 1381/4142/20 597/4143/20
f 3731/3239/20 1380/3230/35 1381/4142/20
f 1380/3230/35 266/4144/35 1381/4142/20
f 3729/3236/20 3731/3239/20 597/4143/20
f 3729/3236/20 3730/3238/20 3731/3239/20
f 3730/3238/20 596/3228/35 3731/3239/20
f 2161/3237/20 2165/4145/20 71/4140/19
f 2161/3237/20 3729/3236/20 2165/4145/20
f 3729/3236/20 597/4143/20 2165/4145/20
f 3728/3234/18 2166/294/18 598/3223/18
f 3728/3234/18 2134/3233/18 2166/294/18
f 2134/3233/18 264/292/16 2166/294/18
f 3726/3229/18 3728/3234/18 598/3223/18
f 3726/3229/18 3727/3231/18 3728/3234/18
f 3727/3231/18 566/3232/18 3728/3234/18
f 1380/3230/35 1382/3225/18 266/4144/35
f 1380/3230/35 3726/3229/18 1382/3225/18
f 3726/3229/18 598/3223/18 1382/3225/18
f 3725/3227/18 2168/4146/18 600/4147/18
f 3725/3227/18 2167/3220/16 2168/4146/18
f 2167/3220/16 70/4148/16 2168/4146/18
f 3723/3224/18 3725/3227/18 600/4147/18
f 3723/3224/18 3724/3226/18 3725/3227/18
f 3724/3226/18 599/3218/16 3725/3227/18
f 1382/3225/18 1384/4149/18 266/4144/35
f 1382/3225/18 3723/3224/18 1384/4149/18
f 3723/3224/18 600/4147/18 1384/4149/18
f 3722/3222/17 1386/302/17 602/3199/17
f 3722/3222/17 2169/3213/17 1386/302/17
f 2169/3213/17 262/300/36 1386/302/17
f 3720/3219/17 3722/3222/17 602/3199/17
f 3720/3219/17 3721/3221/17 3722/3222/17
f 3721/3221/17 601/3211/17 3722/3222/17
f 2167/3220/16 2170/3201/17 70/4148/16
f 2167/3220/16 3720/3219/17 2170/3201/17
f 3720/3219/17 602/3199/17 2170/3201/17
f 3719/3217/17 2171/299/36 603/3204/36
f 3719/3217/17 2132/3216/17 2171/299/36
f 2132/3216/17 239/297/36 2171/299/36
f 3717/3212/17 3719/3217/17 603/3204/36
f 3717/3212/17 3718/3214/17 3719/3217/17
f 3718/3214/17 564/3215/17 3719/3217/17
f 2169/3213/17 1387/3206/36 262/300/36
f 2169/3213/17 3717/3212/17 1387/3206/36
f 3717/3212/17 603/3204/36 1387/3206/36
f 3716/3210/15 2128/243/15 560/3372/15
f 3716/3210/15 2172/3209/15 2128/243/15
f 2172/3209/15 61/240/13 2128/243/15
f 3714/3205/15 3716/3210/15 560/3372/15
f 3714/3205/15 3715/3207/15 3716/3210/15
f 3715/3207/15 604/3208/15 3716/3210/15
f 1387/3206/36 1344/3374/15 262/300/36
f 1387/3206/36 3714/3205/15 1344/3374/15
f 3714/3205/15 560/3372/15 1344/3374/15
f 3713/3203/17 1390/4150/17 606/4151/17
f 3713/3203/17 1389/3194/36 1390/4150/17
f 1389/3194/36 263/4152/36 1390/4150/17
f 3711/3200/17 3713/3203/17 606/4151/17
f 3711/3200/17 3712/3202/17 3713/3203/17
f 3712/3202/17 605/3192/36 3713/3203/17
f 2170/3201/17 2174/4153/17 70/4148/16
f 2170/3201/17 3711/3200/17 2174/4153/17
f 3711/3200/17 606/4151/17 2174/4153/17
f 3710/3198/15 2175/306/15 607/3187/15
f 3710/3198/15 2129/3197/15 2175/306/15
f 2129/3197/15 261/304/13 2175/306/15
f 3708/3193/15 3710/3198/15 607/3187/15
f 3708/3193/15 3709/3195/15 3710/3198/15
f 3709/3195/15 561/3196/15 3710/3198/15
f 1389/3194/36 1391/3189/15 263/4152/36
f 1389/3194/36 3708/3193/15 1391/3189/15
f 3708/3193/15 607/3187/15 1391/3189/15
f 3707/3191/15 2177/4154/15 609/4155/15
f 3707/3191/15 2176/3184/13 2177/4154/15
f 2176/3184/13 69/4156/13 2177/4154/15
f 3705/3188/15 3707/3191/15 609/4155/15
f 3705/3188/15 3706/3190/15 3707/3191/15
f 3706/3190/15 608/3182/13 3707/3191/15
f 1391/3189/15 1393/4157/15 263/4152/36
f 1391/3189/15 3705/3188/15 1393/4157/15
f 3705/3188/15 609/4155/15 1393/4157/15
f 3704/3186/14 1395/314/14 611/3163/14
f 3704/3186/14 2178/3177/14 1395/314/14
f 2178/3177/14 259/312/37 1395/314/14
f 3702/3183/14 3704/3186/14 611/3163/14
f 3702/3183/14 3703/3185/14 3704/3186/14
f 3703/3185/14 610/3175/14 3704/3186/14
f 2176/3184/13 2179/3165/14 69/4156/13
f 2176/3184/13 3702/3183/14 2179/3165/14
f 3702/3183/14 611/3163/14 2179/3165/14
f 3701/3181/14 2180/311/37 612/3168/37
f 3701/3181/14 2127/3180/14 2180/311/37
f 2127/3180/14 236/309/37 2180/311/37
f 3699/3176/14 3701/3181/14 612/3168/37
f 3699/3176/14 3700/3178/14 3701/3181/14
f 3700/3178/14 559/3179/14 3701/3181/14
f 2178/3177/14 1396/3170/37 259/312/37
f 2178/3177/14 3699/3176/14 1396/3170/37
f 3699/3176/14 612/3168/37 1396/3170/37
f 3698/3174/12 2123/239/12 555/3384/12
f 3698/3174/12 2181/3173/12 2123/239/12
f 2181/3173/12 60/236/10 2123/239/12
f 3696/3169/12 3698/3174/12 555/3384/12
f 3696/3169/12 3697/3171/12 3698/3174/12
f 3697/3171/12 613/3172/12 3698/3174/12
f 1396/3170/37 1339/3386/12 259/312/37
f 1396/3170/37 3696/3169/12 1339/3386/12
f 3696/3169/12 555/3384/12 1339/3386/12
f 3695/3167/14 1399/4158/14 615/4159/14
f 3695/3167/14 1398/3158/37 1399/4158/14
f 1398/3158/37 260/4160/37 1399/4158/14
f 3693/3164/14 3695/3167/14 615/4159/14
f 3693/3164/14 3694/3166/14 3695/3167/14
f 3694/3166/14 614/3156/37 3695/3167/14
f 2179/3165/14 2183/4161/14 69/4156/13
f 2179/3165/14 3693/3164/14 2183/4161/14
f 3693/3164/14 615/4159/14 2183/4161/14
f 3692/3162/12 2184/318/12 616/3151/12
f 3692/3162/12 2124/3161/12 2184/318/12
f 2124/3161/12 258/316/10 2184/318/12
f 3690/3157/12 3692/3162/12 616/3151/12
f 3690/3157/12 3691/3159/12 3692/3162/12
f 3691/3159/12 556/3160/12 3692/3162/12
f 1398/3158/37 1400/3153/12 260/4160/37
f 1398/3158/37 3690/3157/12 1400/3153/12
f 3690/3157/12 616/3151/12 1400/3153/12
f 3689/3155/12 2186/4162/12 618/4163/12
f 3689/3155/12 2185/3148/10 2186/4162/12
f 2185/3148/10 68/4164/10 2186/4162/12
f 3687/3152/12 3689/3155/12 618/4163/12
f 3687/3152/12 3688/3154/12 3689/3155/12
f 3688/3154/12 617/3146/10 3689/3155/12
f 1400/3153/12 1402/4165/12 260/4160/37
f 1400/3153/12 3687/3152/12 1402/4165/12
f 3687/3152/12 618/4163/12 1402/4165/12
f 3686/3150/11 1404/326/11 620/3127/11
f 3686/3150/11 2187/3141/11 1404/326/11
f 2187/3141/11 256/324/38 1404/326/11
f 3684/3147/11 3686/3150/11 620/3127/11
f 3684/3147/11 3685/3149/11 3686/3150/11
f 3685/3149/11 619/3139/11 3686/3150/11
f 2185/3148/10 2188/3129/11 68/4164/10
f 2185/3148/10 3684/3147/11 2188/3129/11
f 3684/3147/11 620/3127/11 2188/3129/11
f 3683/3145/11 2189/323/38 621/3132/38
f 3683/3145/11 2122/3144/11 2189/323/38
f 2122/3144/11 233/321/38 2189/323/38
f 3681/3140/11 3683/3145/11 621/3132/38
f 3681/3140/11 3682/3142/11 3683/3145/11
f 3682/3142/11 554/3143/11 3683/3145/11
f 2187/3141/11 1405/3134/38 256/324/38
f 2187/3141/11 3681/3140/11 1405/3134/38
f 3681/3140/11 621/3132/38 1405/3134/38
f 3680/3138/9 2118/235/9 550/3396/9
f 3680/3138/9 2190/3137/9 2118/235/9
f 2190/3137/9 59/232/7 2118/235/9
f 3678/3133/9 3680/3138/9 550/3396/9
f 3678/3133/9 3679/3135/9 3680/3138/9
f 3679/3135/9 622/3136/9 3680/3138/9
f 1405/3134/38 1334/3398/9 256/324/38
f 1405/3134/38 3678/3133/9 1334/3398/9
f 3678/3133/9 550/3396/9 1334/3398/9
f 3677/3131/11 1408/4166/11 624/4167/11
f 3677/3131/11 1407/3122/38 1408/4166/11
f 1407/3122/38 257/4168/38 1408/4166/11
f 3675/3128/11 3677/3131/11 624/4167/11
f 3675/3128/11 3676/3130/11 3677/3131/11
f 3676/3130/11 623/3120/38 3677/3131/11
f 2188/3129/11 2192/4169/11 68/4164/10
f 2188/3129/11 3675/3128/11 2192/4169/11
f 3675/3128/11 624/4167/11 2192/4169/11
f 3674/3126/9 2193/330/9 625/3115/9
f 3674/3126/9 2119/3125/9 2193/330/9
f 2119/3125/9 255/328/7 2193/330/9
f 3672/3121/9 3674/3126/9 625/3115/9
f 3672/3121/9 3673/3123/9 3674/3126/9
f 3673/3123/9 551/3124/9 3674/3126/9
f 1407/3122/38 1409/3117/9 257/4168/38
f 1407/3122/38 3672/3121/9 1409/3117/9
f 3672/3121/9 625/3115/9 1409/3117/9
f 3671/3119/9 2195/4170/9 627/4171/9
f 3671/3119/9 2194/3112/7 2195/4170/9
f 2194/3112/7 67/4172/7 2195/4170/9
f 3669/3116/9 3671/3119/9 627/4171/9
f 3669/3116/9 3670/3118/9 3671/3119/9
f 3670/3118/9 626/3110/7 3671/3119/9
f 1409/3117/9 1411/4173/9 257/4168/38
f 1409/3117/9 3669/3116/9 1411/4173/9
f 3669/3116/9 627/4171/9 1411/4173/9
f 3668/3114/8 1413/338/8 629/3091/8
f 3668/3114/8 2196/3105/8 1413/338/8
f 2196/3105/8 253/336/39 1413/338/8
f 3666/3111/8 3668/3114/8 629/3091/8
f 3666/3111/8 3667/3113/8 3668/3114/8
f 3667/3113/8 628/3103/8 3668/3114/8
f 2194/3112/7 2197/3093/8 67/4172/7
f 2194/3112/7 3666/3111/8 2197/3093/8
f 3666/3111/8 629/3091/8 2197/3093/8
f 3665/3109/8 2198/335/39 630/3096/39
f 3665/3109/8 2117/3108/8 2198/335/39
f 2117/3108/8 230/333/39 2198/335/39
f 3663/3104/8 3665/3109/8 630/3096/39
f 3663/3104/8 3664/3106/8 3665/3109/8
f 3664/3106/8 549/3107/8 3665/3109/8
f 2196/3105/8 1414/3098/39 253/336/39
f 2196/3105/8 3663/3104/8 1414/3098/39
f 3663/3104/8 630/3096/39 1414/3098/39
f 3662/3102/6 2113/231/6 545/3408/6
f 3662/3102/6 2199/3101/6 2113/231/6
f 2199/3101/6 58/228/4 2113/231/6
f 3660/3097/6 3662/3102/6 545/3408/6
f 3660/3097/6 3661/3099/6 3662/3102/6
f 3661/3099/6 631/3100/6 3662/3102/6
f 1414/3098/39 1329/3410/6 253/336/39
f 1414/3098/39 3660/3097/6 1329/3410/6
f 3660/3097/6 545/3408/6 1329/3410/6
f 3659/3095/8 1417/4174/8 633/4175/8
f 3659/3095/8 1416/3086/39 1417/4174/8
f 1416/3086/39 254/4176/39 1417/4174/8
f 3657/3092/8 3659/3095/8 633/4175/8
f 3657/3092/8 3658/3094/8 3659/3095/8
f 3658/3094/8 632/3084/39 3659/3095/8
f 2197/3093/8 2201/4177/8 67/4172/7
f 2197/3093/8 3657/3092/8 2201/4177/8
f 3657/3092/8 633/4175/8 2201/4177/8
f 3656/3090/6 2202/342/6 634/3079/6
f 3656/3090/6 2114/3089/6 2202/342/6
f 2114/3089/6 252/340/4 2202/342/6
f 3654/3085/6 3656/3090/6 634/3079/6
f 3654/3085/6 3655/3087/6 3656/3090/6
f 3655/3087/6 546/3088/6 3656/3090/6
f 1416/3086/39 1418/3081/6 254/4176/39
f 1416/3086/39 3654/3085/6 1418/3081/6
f 3654/3085/6 634/3079/6 1418/3081/6
f 3653/3083/6 2204/4178/6 636/4179/6
f 3653/3083/6 2203/3076/4 2204/4178/6
f 2203/3076/4 66/4180/4 2204/4178/6
f 3651/3080/6 3653/3083/6 636/4179/6
f 3651/3080/6 3652/3082/6 3653/3083/6
f 3652/3082/6 635/3074/4 3653/3083/6
f 1418/3081/6 1420/4181/6 254/4176/39
f 1418/3081/6 3651/3080/6 1420/4181/6
f 3651/3080/6 636/4179/6 1420/4181/6
f 3650/3078/5 1422/350/5 638/3055/5
f 3650/3078/5 2205/3069/5 1422/350/5
f 2205/3069/5 249/348/40 1422/350/5
f 3648/3075/5 3650/3078/5 638/3055/5
f 3648/3075/5 3649/3077/5 3650/3078/5
f 3649/3077/5 637/3067/5 3650/3078/5
f 2203/3076/4 2206/3057/5 66/4180/4
f 2203/3076/4 3648/3075/5 2206/3057/5
f 3648/3075/5 638/3055/5 2206/3057/5
f 3647/3073/5 2207/347/40 639/3060/40
f 3647/3073/5 2112/3072/5 2207/347/40
f 2112/3072/5 227/345/40 2207/347/40
f 3645/3068/5 3647/3073/5 639/3060/40
f 3645/3068/5 3646/3070/5 3647/3073/5
f 3646/3070/5 544/3071/5 3647/3073/5
f 2205/3069/5 1423/3062/40 249/348/40
f 2205/3069/5 3645/3068/5 1423/3062/40
f 3645/3068/5 639/3060/40 1423/3062/40
f 3644/3066/74 2107/227/27 539/3420/91
f 3644/3066/74 2208/3065/73 2107/227/27
f 2208/3065/73 57/225/1 2107/227/27
f 3642/3061/41 3644/3066/74 539/3420/91
f 3642/3061/41 3643/3063/71 3644/3066/74
f 3643/3063/71 640/3064/72 3644/3066/74
f 1423/3062/40 1323/3422/92 249/348/40
f 1423/3062/40 3642/3061/41 1323/3422/92
f 3642/3061/41 539/3420/91 1323/3422/92
f 3641/3059/5 1426/4182/5 642/4183/5
f 3641/3059/5 1425/3050/40 1426/4182/5
f 1425/3050/40 251/4184/40 1426/4182/5
f 3639/3056/5 3641/3059/5 642/4183/5
f 3639/3056/5 3640/3058/5 3641/3059/5
f 3640/3058/5 641/3048/40 3641/3059/5
f 2206/3057/5 2210/4185/5 66/4180/4
f 2206/3057/5 3639/3056/5 2210/4185/5
f 3639/3056/5 642/4183/5 2210/4185/5
f 3638/3054/57 2211/352/43 643/3041/48
f 3638/3054/57 1325/3053/56 2211/352/43
f 1325/3053/56 250/257/1 2211/352/43
f 3636/3049/42 3638/3054/57 643/3041/48
f 3636/3049/42 3637/3051/54 3638/3054/57
f 3637/3051/54 541/3052/55 3638/3054/57
f 1425/3050/40 1427/3043/50 251/4184/40
f 1425/3050/40 3636/3049/42 1427/3043/50
f 3636/3049/42 643/3041/48 1427/3043/50
f 3635/3047/78 2213/4186/105 645/4187/105
f 3635/3047/78 2212/3046/2 2213/4186/105
f 2212/3046/2 65/4124/104 2213/4186/105
f 3633/3042/75 3635/3047/78 645/4187/105
f 3633/3042/75 3634/3044/76 3635/3047/78
f 3634/3044/76 644/3045/77 3635/3047/78
f 1427/3043/50 1429/4188/105 251/4184/40
f 1427/3043/50 3633/3042/75 1429/4188/105
f 3633/3042/75 645/4187/105 1429/4188/105
f 3632/3040/70 1828/362/45 1044/3019/60
f 3632/3040/70 2611/3033/66 1828/362/45
f 2611/3033/66 247/360/32 1828/362/45
f 3630/4189/68 3632/3040/70 1044/3019/60
f 3630/4189/68 3631/4190/69 3632/3040/70
f 3631/4190/69 1043/3031/64 3632/3040/70
f 2267/2758/26 2612/4191/62 57/225/1
f 2267/2758/26 3630/3038/68 2612/4191/62
f 3630/4189/68 1044/3019/60 2612/3021/62
f 3629/3037/66 2214/359/32 646/3024/32
f 3629/3037/66 2605/3036/65 2214/359/32
f 2605/3036/65 224/357/32 2214/359/32
f 3627/3032/65 3629/3037/66 646/3024/32
f 3627/3032/65 3628/3034/67 3629/3037/66
f 3628/3034/67 1037/3035/64 3629/3037/66
f 2611/3033/66 1430/3026/32 247/360/32
f 2611/3033/66 3627/3032/65 1430/3026/32
f 3627/3032/65 646/3024/32 1430/3026/32
f 3626/3030/24 2105/223/24 537/3432/24
f 3626/3030/24 2215/3029/24 2105/223/24
f 2215/3029/24 56/220/22 2105/223/24
f 3624/3025/24 3626/3030/24 537/3432/24
f 3624/3025/24 3625/3027/24 3626/3030/24
f 3625/3027/24 647/3028/24 3626/3030/24
f 1430/3026/32 1321/3434/24 247/360/32
f 1430/3026/32 3624/3025/24 1321/3434/24
f 3624/3025/24 537/3432/24 1321/3434/24
f 3623/3023/45 1822/3334/63 1038/3333/90
f 3623/3023/45 1432/3014/32 1822/3334/63
f 1432/3014/32 248/261/32 1822/3334/63
f 3621/3020/61 3623/3023/45 1038/3333/90
f 3621/3020/61 3622/3022/63 3623/3023/45
f 3622/3022/63 648/3012/32 3623/3023/45
f 2612/4191/62 2606/256/28 57/225/1
f 2612/3021/62 3621/3020/61 2606/4192/28
f 3621/3020/61 1038/3333/90 2606/4192/28
f 3620/3018/24 2217/366/24 649/3007/24
f 3620/3018/24 2106/3017/24 2217/366/24
f 2106/3017/24 246/364/22 2217/366/24
f 3618/3013/24 3620/3018/24 649/3007/24
f 3618/3013/24 3619/3015/24 3620/3018/24
f 3619/3015/24 538/3016/24 3620/3018/24
f 1432/3014/32 1433/3009/24 248/261/32
f 1432/3014/32 3618/3013/24 1433/3009/24
f 3618/3013/24 649/3007/24 1433/3009/24
f 3617/3011/24 2146/3317/24 578/3316/24
f 3617/3011/24 2218/3004/22 2146/3317/24
f 2218/3004/22 64/252/22 2146/3317/24
f 3615/3008/24 3617/3011/24 578/3316/24
f 3615/3008/24 3616/3010/24 3617/3011/24
f 3616/3010/24 650/3002/22 3617/3011/24
f 1433/3009/24 1362/262/24 248/261/32
f 1433/3009/24 3615/3008/24 1362/262/24
f 3615/3008/24 578/3316/24 1362/262/24
f 3614/3006/23 1436/374/23 652/2983/23
f 3614/3006/23 2219/2997/23 1436/374/23
f 2219/2997/23 244/372/34 1436/374/23
f 3612/3003/23 3614/3006/23 652/2983/23
f 3612/3003/23 3613/3005/23 3614/3006/23
f 3613/3005/23 651/2995/23 3614/3006/23
f 2218/3004/22 2220/2985/23 64/252/22
f 2218/3004/22 3612/3003/23 2220/2985/23
f 3612/3003/23 652/2983/23 2220/2985/23
f 3611/3001/23 2221/371/34 653/2988/34
f 3611/3001/23 2104/3000/23 2221/371/34
f 2104/3000/23 221/369/34 2221/371/34
f 3609/2996/23 3611/3001/23 653/2988/34
f 3609/2996/23 3610/2998/23 3611/3001/23
f 3610/2998/23 536/2999/23 3611/3001/23
f 2219/2997/23 1437/2990/34 244/372/34
f 2219/2997/23 3609/2996/23 1437/2990/34
f 3609/2996/23 653/2988/34 1437/2990/34
f 3608/2994/21 2100/219/21 532/3444/21
f 3608/2994/21 2222/2993/21 2100/219/21
f 2222/2993/21 55/216/19 2100/219/21
f 3606/2989/21 3608/2994/21 532/3444/21
f 3606/2989/21 3607/2991/21 3608/2994/21
f 3607/2991/21 654/2992/21 3608/2994/21
f 1437/2990/34 1316/3446/21 244/372/34
f 1437/2990/34 3606/2989/21 1316/3446/21
f 3606/2989/21 532/3444/21 1316/3446/21
f 3605/2987/23 1357/3346/23 573/3345/23
f 3605/2987/23 1439/2978/34 1357/3346/23
f 1439/2978/34 245/273/34 1357/3346/23
f 3603/2984/23 3605/2987/23 573/3345/23
f 3603/2984/23 3604/2986/23 3605/2987/23
f 3604/2986/23 655/2976/34 3605/2987/23
f 2220/2985/23 2141/253/23 64/252/22
f 2220/2985/23 3603/2984/23 2141/253/23
f 3603/2984/23 573/3345/23 2141/253/23
f 3602/2982/21 2224/378/21 656/2971/21
f 3602/2982/21 2101/2981/21 2224/378/21
f 2101/2981/21 243/376/19 2224/378/21
f 3600/2977/21 3602/2982/21 656/2971/21
f 3600/2977/21 3601/2979/21 3602/2982/21
f 3601/2979/21 533/2980/21 3602/2982/21
f 1439/2978/34 1440/2973/21 245/273/34
f 1439/2978/34 3600/2977/21 1440/2973/21
f 3600/2977/21 656/2971/21 1440/2973/21
f 3599/2975/21 2154/3281/21 586/3280/21
f 3599/2975/21 2225/2968/19 2154/3281/21
f 2225/2968/19 63/248/19 2154/3281/21
f 3597/2972/21 3599/2975/21 586/3280/21
f 3597/2972/21 3598/2974/21 3599/2975/21
f 3598/2974/21 657/2966/19 3599/2975/21
f 1440/2973/21 1370/274/21 245/273/34
f 1440/2973/21 3597/2972/21 1370/274/21
f 3597/2972/21 586/3280/21 1370/274/21
f 3596/2970/20 1443/386/20 659/2947/20
f 3596/2970/20 2226/2961/20 1443/386/20
f 2226/2961/20 241/384/35 1443/386/20
f 3594/2967/20 3596/2970/20 659/2947/20
f 3594/2967/20 3595/2969/20 3596/2970/20
f 3595/2969/20 658/2959/20 3596/2970/20
f 2225/2968/19 2227/2949/20 63/248/19
f 2225/2968/19 3594/2967/20 2227/2949/20
f 3594/2967/20 659/2947/20 2227/2949/20
f 3593/2965/20 2228/383/35 660/2952/35
f 3593/2965/20 2099/2964/20 2228/383/35
f 2099/2964/20 218/381/35 2228/383/35
f 3591/2960/20 3593/2965/20 660/2952/35
f 3591/2960/20 3592/2962/20 3593/2965/20
f 3592/2962/20 531/2963/20 3593/2965/20
f 2226/2961/20 1444/2954/35 241/384/35
f 2226/2961/20 3591/2960/20 1444/2954/35
f 3591/2960/20 660/2952/35 1444/2954/35
f 3590/2958/18 2095/215/18 527/3456/18
f 3590/2958/18 2229/2957/18 2095/215/18
f 2229/2957/18 54/212/16 2095/215/18
f 3588/2953/18 3590/2958/18 527/3456/18
f 3588/2953/18 3589/2955/18 3590/2958/18
f 3589/2955/18 661/2956/18 3590/2958/18
f 1444/2954/35 1311/3458/18 241/384/35
f 1444/2954/35 3588/2953/18 1311/3458/18
f 3588/2953/18 527/3456/18 1311/3458/18
f 3587/2951/20 1352/3358/20 568/3357/20
f 3587/2951/20 1446/2942/35 1352/3358/20
f 1446/2942/35 242/285/35 1352/3358/20
f 3585/2948/20 3587/2951/20 568/3357/20
f 3585/2948/20 3586/2950/20 3587/2951/20
f 3586/2950/20 662/2940/35 3587/2951/20
f 2227/2949/20 2136/249/20 63/248/19
f 2227/2949/20 3585/2948/20 2136/249/20
f 3585/2948/20 568/3357/20 2136/249/20
f 3584/2946/18 2231/390/18 663/2935/18
f 3584/2946/18 2096/2945/18 2231/390/18
f 2096/2945/18 240/388/16 2231/390/18
f 3582/2941/18 3584/2946/18 663/2935/18
f 3582/2941/18 3583/2943/18 3584/2946/18
f 3583/2943/18 528/2944/18 3584/2946/18
f 1446/2942/35 1447/2937/18 242/285/35
f 1446/2942/35 3582/2941/18 1447/2937/18
f 3582/2941/18 663/2935/18 1447/2937/18
f 3581/2939/18 2163/3245/18 595/3244/18
f 3581/2939/18 2232/2932/16 2163/3245/18
f 2232/2932/16 62/244/16 2163/3245/18
f 3579/2936/18 3581/2939/18 595/3244/18
f 3579/2936/18 3580/2938/18 3581/2939/18
f 3580/2938/18 664/2930/16 3581/2939/18
f 1447/2937/18 1379/286/18 242/285/35
f 1447/2937/18 3579/2936/18 1379/286/18
f 3579/2936/18 595/3244/18 1379/286/18
f 3578/2934/17 1450/398/17 666/2911/17
f 3578/2934/17 2233/2925/17 1450/398/17
f 2233/2925/17 238/396/36 1450/398/17
f 3576/2931/17 3578/2934/17 666/2911/17
f 3576/2931/17 3577/2933/17 3578/2934/17
f 3577/2933/17 665/2923/17 3578/2934/17
f 2232/2932/16 2234/2913/17 62/244/16
f 2232/2932/16 3576/2931/17 2234/2913/17
f 3576/2931/17 666/2911/17 2234/2913/17
f 3575/2929/17 2235/395/36 667/2916/36
f 3575/2929/17 2094/2928/17 2235/395/36
f 2094/2928/17 215/393/36 2235/395/36
f 3573/2924/17 3575/2929/17 667/2916/36
f 3573/2924/17 3574/2926/17 3575/2929/17
f 3574/2926/17 526/2927/17 3575/2929/17
f 2233/2925/17 1451/2918/36 238/396/36
f 2233/2925/17 3573/2924/17 1451/2918/36
f 3573/2924/17 667/2916/36 1451/2918/36
f 3572/2922/15 2090/211/15 522/3468/15
f 3572/2922/15 2236/2921/15 2090/211/15
f 2236/2921/15 53/208/13 2090/211/15
f 3570/2917/15 3572/2922/15 522/3468/15
f 3570/2917/15 3571/2919/15 3572/2922/15
f 3571/2919/15 668/2920/15 3572/2922/15
f 1451/2918/36 1306/3470/15 238/396/36
f 1451/2918/36 3570/2917/15 1306/3470/15
f 3570/2917/15 522/3468/15 1306/3470/15
f 3569/2915/17 1347/3370/17 563/3369/17
f 3569/2915/17 1453/2906/36 1347/3370/17
f 1453/2906/36 239/297/36 1347/3370/17
f 3567/2912/17 3569/2915/17 563/3369/17
f 3567/2912/17 3568/2914/17 3569/2915/17
f 3568/2914/17 669/2904/36 3569/2915/17
f 2234/2913/17 2131/245/17 62/244/16
f 2234/2913/17 3567/2912/17 2131/245/17
f 3567/2912/17 563/3369/17 2131/245/17
f 3566/2910/15 2238/402/15 670/2899/15
f 3566/2910/15 2091/2909/15 2238/402/15
f 2091/2909/15 237/400/13 2238/402/15
f 3564/2905/15 3566/2910/15 670/2899/15
f 3564/2905/15 3565/2907/15 3566/2910/15
f 3565/2907/15 523/2908/15 3566/2910/15
f 1453/2906/36 1454/2901/15 239/297/36
f 1453/2906/36 3564/2905/15 1454/2901/15
f 3564/2905/15 670/2899/15 1454/2901/15
f 3563/2903/15 2172/3209/15 604/3208/15
f 3563/2903/15 2239/2896/13 2172/3209/15
f 2239/2896/13 61/240/13 2172/3209/15
f 3561/2900/15 3563/2903/15 604/3208/15
f 3561/2900/15 3562/2902/15 3563/2903/15
f 3562/2902/15 671/2894/13 3563/2903/15
f 1454/2901/15 1388/298/15 239/297/36
f 1454/2901/15 3561/2900/15 1388/298/15
f 3561/2900/15 604/3208/15 1388/298/15
f 3560/2898/14 1457/410/14 673/2875/14
f 3560/2898/14 2240/2889/14 1457/410/14
f 2240/2889/14 235/408/37 1457/410/14
f 3558/2895/14 3560/2898/14 673/2875/14
f 3558/2895/14 3559/2897/14 3560/2898/14
f 3559/2897/14 672/2887/14 3560/2898/14
f 2239/2896/13 2241/2877/14 61/240/13
f 2239/2896/13 3558/2895/14 2241/2877/14
f 3558/2895/14 673/2875/14 2241/2877/14
f 3557/2893/14 2242/407/37 674/2880/37
f 3557/2893/14 2089/2892/14 2242/407/37
f 2089/2892/14 212/405/37 2242/407/37
f 3555/2888/14 3557/2893/14 674/2880/37
f 3555/2888/14 3556/2890/14 3557/2893/14
f 3556/2890/14 521/2891/14 3557/2893/14
f 2240/2889/14 1458/2882/37 235/408/37
f 2240/2889/14 3555/2888/14 1458/2882/37
f 3555/2888/14 674/2880/37 1458/2882/37
f 3554/2886/12 2085/207/12 517/3480/12
f 3554/2886/12 2243/2885/12 2085/207/12
f 2243/2885/12 52/204/10 2085/207/12
f 3552/2881/12 3554/2886/12 517/3480/12
f 3552/2881/12 3553/2883/12 3554/2886/12
f 3553/2883/12 675/2884/12 3554/2886/12
f 1458/2882/37 1301/3482/12 235/408/37
f 1458/2882/37 3552/2881/12 1301/3482/12
f 3552/2881/12 517/3480/12 1301/3482/12
f 3551/2879/14 1342/3382/14 558/3381/14
f 3551/2879/14 1460/2870/37 1342/3382/14
f 1460/2870/37 236/309/37 1342/3382/14
f 3549/2876/14 3551/2879/14 558/3381/14
f 3549/2876/14 3550/2878/14 3551/2879/14
f 3550/2878/14 676/2868/37 3551/2879/14
f 2241/2877/14 2126/241/14 61/240/13
f 2241/2877/14 3549/2876/14 2126/241/14
f 3549/2876/14 558/3381/14 2126/241/14
f 3548/2874/12 2245/414/12 677/2863/12
f 3548/2874/12 2086/2873/12 2245/414/12
f 2086/2873/12 234/412/10 2245/414/12
f 3546/2869/12 3548/2874/12 677/2863/12
f 3546/2869/12 3547/2871/12 3548/2874/12
f 3547/2871/12 518/2872/12 3548/2874/12
f 1460/2870/37 1461/2865/12 236/309/37
f 1460/2870/37 3546/2869/12 1461/2865/12
f 3546/2869/12 677/2863/12 1461/2865/12
f 3545/2867/12 2181/3173/12 613/3172/12
f 3545/2867/12 2246/2860/10 2181/3173/12
f 2246/2860/10 60/236/10 2181/3173/12
f 3543/2864/12 3545/2867/12 613/3172/12
f 3543/2864/12 3544/2866/12 3545/2867/12
f 3544/2866/12 678/2858/10 3545/2867/12
f 1461/2865/12 1397/310/12 236/309/37
f 1461/2865/12 3543/2864/12 1397/310/12
f 3543/2864/12 613/3172/12 1397/310/12
f 3542/2862/11 1464/422/11 680/2839/11
f 3542/2862/11 2247/2853/11 1464/422/11
f 2247/2853/11 232/420/38 1464/422/11
f 3540/2859/11 3542/2862/11 680/2839/11
f 3540/2859/11 3541/2861/11 3542/2862/11
f 3541/2861/11 679/2851/11 3542/2862/11
f 2246/2860/10 2248/2841/11 60/236/10
f 2246/2860/10 3540/2859/11 2248/2841/11
f 3540/2859/11 680/2839/11 2248/2841/11
f 3539/2857/11 2249/419/38 681/2844/38
f 3539/2857/11 2084/2856/11 2249/419/38
f 2084/2856/11 209/417/38 2249/419/38
f 3537/2852/11 3539/2857/11 681/2844/38
f 3537/2852/11 3538/2854/11 3539/2857/11
f 3538/2854/11 516/2855/11 3539/2857/11
f 2247/2853/11 1465/2846/38 232/420/38
f 2247/2853/11 3537/2852/11 1465/2846/38
f 3537/2852/11 681/2844/38 1465/2846/38
f 3536/2850/9 2080/203/9 512/3492/9
f 3536/2850/9 2250/2849/9 2080/203/9
f 2250/2849/9 51/200/7 2080/203/9
f 3534/2845/9 3536/2850/9 512/3492/9
f 3534/2845/9 3535/2847/9 3536/2850/9
f 3535/2847/9 682/2848/9 3536/2850/9
f 1465/2846/38 1296/3494/9 232/420/38
f 1465/2846/38 3534/2845/9 1296/3494/9
f 3534/2845/9 512/3492/9 1296/3494/9
f 3533/2843/11 1337/3394/11 553/3393/11
f 3533/2843/11 1467/2834/38 1337/3394/11
f 1467/2834/38 233/321/38 1337/3394/11
f 3531/2840/11 3533/2843/11 553/3393/11
f 3531/2840/11 3532/2842/11 3533/2843/11
f 3532/2842/11 683/2832/38 3533/2843/11
f 2248/2841/11 2121/237/11 60/236/10
f 2248/2841/11 3531/2840/11 2121/237/11
f 3531/2840/11 553/3393/11 2121/237/11
f 3530/2838/9 2252/426/9 684/2827/9
f 3530/2838/9 2081/2837/9 2252/426/9
f 2081/2837/9 231/424/7 2252/426/9
f 3528/2833/9 3530/2838/9 684/2827/9
f 3528/2833/9 3529/2835/9 3530/2838/9
f 3529/2835/9 513/2836/9 3530/2838/9
f 1467/2834/38 1468/2829/9 233/321/38
f 1467/2834/38 3528/2833/9 1468/2829/9
f 3528/2833/9 684/2827/9 1468/2829/9
f 3527/2831/9 2190/3137/9 622/3136/9
f 3527/2831/9 2253/2824/7 2190/3137/9
f 2253/2824/7 59/232/7 2190/3137/9
f 3525/2828/9 3527/2831/9 622/3136/9
f 3525/2828/9 3526/2830/9 3527/2831/9
f 3526/2830/9 685/2822/7 3527/2831/9
f 1468/2829/9 1406/322/9 233/321/38
f 1468/2829/9 3525/2828/9 1406/322/9
f 3525/2828/9 622/3136/9 1406/322/9
f 3524/2826/8 1471/434/8 687/2803/8
f 3524/2826/8 2254/2817/8 1471/434/8
f 2254/2817/8 229/432/39 1471/434/8
f 3522/2823/8 3524/2826/8 687/2803/8
f 3522/2823/8 3523/2825/8 3524/2826/8
f 3523/2825/8 686/2815/8 3524/2826/8
f 2253/2824/7 2255/2805/8 59/232/7
f 2253/2824/7 3522/2823/8 2255/2805/8
f 3522/2823/8 687/2803/8 2255/2805/8
f 3521/2821/8 2256/431/39 688/2808/39
f 3521/2821/8 2079/2820/8 2256/431/39
f 2079/2820/8 206/429/39 2256/431/39
f 3519/2816/8 3521/2821/8 688/2808/39
f 3519/2816/8 3520/2818/8 3521/2821/8
f 3520/2818/8 511/2819/8 3521/2821/8
f 2254/2817/8 1472/2810/39 229/432/39
f 2254/2817/8 3519/2816/8 1472/2810/39
f 3519/2816/8 688/2808/39 1472/2810/39
f 3518/2814/6 2075/199/6 507/3504/6
f 3518/2814/6 2257/2813/6 2075/199/6
f 2257/2813/6 50/196/4 2075/199/6
f 3516/2809/6 3518/2814/6 507/3504/6
f 3516/2809/6 3517/2811/6 3518/2814/6
f 3517/2811/6 689/2812/6 3518/2814/6
f 1472/2810/39 1291/3506/6 229/432/39
f 1472/2810/39 3516/2809/6 1291/3506/6
f 3516/2809/6 507/3504/6 1291/3506/6
f 3515/2807/8 1332/3406/8 548/3405/8
f 3515/2807/8 1474/2798/39 1332/3406/8
f 1474/2798/39 230/333/39 1332/3406/8
f 3513/2804/8 3515/2807/8 548/3405/8
f 3513/2804/8 3514/2806/8 3515/2807/8
f 3514/2806/8 690/2796/39 3515/2807/8
f 2255/2805/8 2116/233/8 59/232/7
f 2255/2805/8 3513/2804/8 2116/233/8
f 3513/2804/8 548/3405/8 2116/233/8
f 3512/2802/6 2259/438/6 691/2791/6
f 3512/2802/6 2076/2801/6 2259/438/6
f 2076/2801/6 228/436/4 2259/438/6
f 3510/2797/6 3512/2802/6 691/2791/6
f 3510/2797/6 3511/2799/6 3512/2802/6
f 3511/2799/6 508/2800/6 3512/2802/6
f 1474/2798/39 1475/2793/6 230/333/39
f 1474/2798/39 3510/2797/6 1475/2793/6
f 3510/2797/6 691/2791/6 1475/2793/6
f 3509/2795/6 2199/3101/6 631/3100/6
f 3509/2795/6 2260/2788/4 2199/3101/6
f 2260/2788/4 58/228/4 2199/3101/6
f 3507/2792/6 3509/2795/6 631/3100/6
f 3507/2792/6 3508/2794/6 3509/2795/6
f 3508/2794/6 692/2786/4 3509/2795/6
f 1475/2793/6 1415/334/6 230/333/39
f 1475/2793/6 3507/2792/6 1415/334/6
f 3507/2792/6 631/3100/6 1415/334/6
f 3506/2790/5 1478/446/5 694/2767/5
f 3506/2790/5 2261/2781/5 1478/446/5
f 2261/2781/5 225/444/40 1478/446/5
f 3504/2787/5 3506/2790/5 694/2767/5
f 3504/2787/5 3505/2789/5 3506/2790/5
f 3505/2789/5 693/2779/5 3506/2790/5
f 2260/2788/4 2262/2769/5 58/228/4
f 2260/2788/4 3504/2787/5 2262/2769/5
f 3504/2787/5 694/2767/5 2262/2769/5
f 3503/2785/5 2263/443/40 695/2772/40
f 3503/2785/5 2074/2784/5 2263/443/40
f 2074/2784/5 203/441/40 2263/443/40
f 3501/2780/5 3503/2785/5 695/2772/40
f 3501/2780/5 3502/2782/5 3503/2785/5
f 3502/2782/5 506/2783/5 3503/2785/5
f 2261/2781/5 1479/2774/40 225/444/40
f 2261/2781/5 3501/2780/5 1479/2774/40
f 3501/2780/5 695/2772/40 1479/2774/40
f 3500/2778/74 2069/195/27 501/3516/91
f 3500/2778/74 2264/2777/73 2069/195/27
f 2264/2777/73 49/193/1 2069/195/27
f 3498/2773/41 3500/2778/74 501/3516/91
f 3498/2773/41 3499/2775/71 3500/2778/74
f 3499/2775/71 696/2776/72 3500/2778/74
f 1479/2774/40 1285/3518/92 225/444/40
f 1479/2774/40 3498/2773/41 1285/3518/92
f 3498/2773/41 501/3516/91 1285/3518/92
f 3497/2771/5 1327/3418/5 543/3417/5
f 3497/2771/5 1481/2762/40 1327/3418/5
f 1481/2762/40 227/345/40 1327/3418/5
f 3495/2768/5 3497/2771/5 543/3417/5
f 3495/2768/5 3496/2770/5 3497/2771/5
f 3496/2770/5 697/2760/40 3497/2771/5
f 2262/2769/5 2111/229/5 58/228/4
f 2262/2769/5 3495/2768/5 2111/229/5
f 3495/2768/5 543/3417/5 2111/229/5
f 3494/2766/57 2266/448/43 698/2753/48
f 3494/2766/57 1287/2765/56 2266/448/43
f 1287/2765/56 226/353/1 2266/448/43
f 3492/2761/46 3494/2766/57 698/2753/48
f 3492/2761/46 3493/2763/54 3494/2766/57
f 3493/2763/54 503/2764/55 3494/2766/57
f 1481/2762/40 1482/2755/50 227/345/40
f 1481/2762/40 3492/2761/46 1482/2755/50
f 3492/2761/46 698/2753/48 1482/2755/50
f 3491/2759/53 2208/3065/73 640/3064/72
f 3491/2759/53 2267/2758/26 2208/3065/73
f 2267/2758/26 57/225/1 2208/3065/73
f 3489/2754/49 3491/2759/53 640/3064/72
f 3489/2754/49 3490/2756/51 3491/2759/53
f 3490/2756/51 699/2757/52 3491/2759/53
f 1482/2755/50 1424/346/41 227/345/40
f 1482/2755/50 3489/2754/49 1424/346/41
f 3489/2754/49 640/3064/72 1424/346/41
f 3488/2752/70 1830/458/45 1046/2731/60
f 3488/2752/70 2613/2745/66 1830/458/45
f 2613/2745/66 223/456/32 1830/458/45
f 3486/4193/68 3488/2752/70 1046/2731/60
f 3486/4193/68 3487/4194/69 3488/2752/70
f 3487/4194/69 1045/2743/64 3488/2752/70
f 2321/2470/26 2614/4195/62 49/193/1
f 2321/2470/26 3486/2750/68 2614/4195/62
f 3486/4193/68 1046/2731/60 2614/2733/62
f 3485/2749/66 2268/455/32 700/2736/32
f 3485/2749/66 2603/2748/65 2268/455/32
f 2603/2748/65 200/453/32 2268/455/32
f 3483/2744/65 3485/2749/66 700/2736/32
f 3483/2744/65 3484/2746/67 3485/2749/66
f 3484/2746/67 1035/2747/64 3485/2749/66
f 2613/2745/66 1484/2738/32 223/456/32
f 2613/2745/66 3483/2744/65 1484/2738/32
f 3483/2744/65 700/2736/32 1484/2738/32
f 3482/2742/24 2067/191/24 499/3528/24
f 3482/2742/24 2269/2741/24 2067/191/24
f 2269/2741/24 48/188/22 2067/191/24
f 3480/2737/24 3482/2742/24 499/3528/24
f 3480/2737/24 3481/2739/24 3482/2742/24
f 3481/2739/24 701/2740/24 3482/2742/24
f 1484/2738/32 1283/3530/24 223/456/32
f 1484/2738/32 3480/2737/24 1283/3530/24
f 3480/2737/24 499/3528/24 1283/3530/24
f 3479/2735/45 1820/3430/63 1036/3429/90
f 3479/2735/45 1486/2726/32 1820/3430/63
f 1486/2726/32 224/357/32 1820/3430/63
f 3477/2732/61 3479/2735/45 1036/3429/90
f 3477/2732/61 3478/2734/63 3479/2735/45
f 3478/2734/63 702/2724/32 3479/2735/45
f 2614/4195/62 2604/224/28 49/193/1
f 2614/2733/62 3477/2732/61 2604/4196/28
f 3477/2732/61 1036/3429/90 2604/4196/28
f 3476/2730/24 2271/462/24 703/2719/24
f 3476/2730/24 2068/2729/24 2271/462/24
f 2068/2729/24 222/460/22 2271/462/24
f 3474/2725/24 3476/2730/24 703/2719/24
f 3474/2725/24 3475/2727/24 3476/2730/24
f 3475/2727/24 500/2728/24 3476/2730/24
f 1486/2726/32 1487/2721/24 224/357/32
f 1486/2726/32 3474/2725/24 1487/2721/24
f 3474/2725/24 703/2719/24 1487/2721/24
f 3473/2723/24 2215/3029/24 647/3028/24
f 3473/2723/24 2272/2716/22 2215/3029/24
f 2272/2716/22 56/220/22 2215/3029/24
f 3471/2720/24 3473/2723/24 647/3028/24
f 3471/2720/24 3472/2722/24 3473/2723/24
f 3472/2722/24 704/2714/22 3473/2723/24
f 1487/2721/24 1431/358/24 224/357/32
f 1487/2721/24 3471/2720/24 1431/358/24
f 3471/2720/24 647/3028/24 1431/358/24
f 3470/2718/23 1490/470/23 706/2695/23
f 3470/2718/23 2273/2709/23 1490/470/23
f 2273/2709/23 220/468/34 1490/470/23
f 3468/2715/23 3470/2718/23 706/2695/23
f 3468/2715/23 3469/2717/23 3470/2718/23
f 3469/2717/23 705/2707/23 3470/2718/23
f 2272/2716/22 2274/2697/23 56/220/22
f 2272/2716/22 3468/2715/23 2274/2697/23
f 3468/2715/23 706/2695/23 2274/2697/23
f 3467/2713/23 2275/467/34 707/2700/34
f 3467/2713/23 2066/2712/23 2275/467/34
f 2066/2712/23 197/465/34 2275/467/34
f 3465/2708/23 3467/2713/23 707/2700/34
f 3465/2708/23 3466/2710/23 3467/2713/23
f 3466/2710/23 498/2711/23 3467/2713/23
f 2273/2709/23 1491/2702/34 220/468/34
f 2273/2709/23 3465/2708/23 1491/2702/34
f 3465/2708/23 707/2700/34 1491/2702/34
f 3464/2706/21 2062/187/21 494/3540/21
f 3464/2706/21 2276/2705/21 2062/187/21
f 2276/2705/21 47/184/19 2062/187/21
f 3462/2701/21 3464/2706/21 494/3540/21
f 3462/2701/21 3463/2703/21 3464/2706/21
f 3463/2703/21 708/2704/21 3464/2706/21
f 1491/2702/34 1278/3542/21 220/468/34
f 1491/2702/34 3462/2701/21 1278/3542/21
f 3462/2701/21 494/3540/21 1278/3542/21
f 3461/2699/23 1319/3442/23 535/3441/23
f 3461/2699/23 1493/2690/34 1319/3442/23
f 1493/2690/34 221/369/34 1319/3442/23
f 3459/2696/23 3461/2699/23 535/3441/23
f 3459/2696/23 3460/2698/23 3461/2699/23
f 3460/2698/23 709/2688/34 3461/2699/23
f 2274/2697/23 2103/221/23 56/220/22
f 2274/2697/23 3459/2696/23 2103/221/23
f 3459/2696/23 535/3441/23 2103/221/23
f 3458/2694/21 2278/474/21 710/2683/21
f 3458/2694/21 2063/2693/21 2278/474/21
f 2063/2693/21 219/472/19 2278/474/21
f 3456/2689/21 3458/2694/21 710/2683/21
f 3456/2689/21 3457/2691/21 3458/2694/21
f 3457/2691/21 495/2692/21 3458/2694/21
f 1493/2690/34 1494/2685/21 221/369/34
f 1493/2690/34 3456/2689/21 1494/2685/21
f 3456/2689/21 710/2683/21 1494/2685/21
f 3455/2687/21 2222/2993/21 654/2992/21
f 3455/2687/21 2279/2680/19 2222/2993/21
f 2279/2680/19 55/216/19 2222/2993/21
f 3453/2684/21 3455/2687/21 654/2992/21
f 3453/2684/21 3454/2686/21 3455/2687/21
f 3454/2686/21 711/2678/19 3455/2687/21
f 1494/2685/21 1438/370/21 221/369/34
f 1494/2685/21 3453/2684/21 1438/370/21
f 3453/2684/21 654/2992/21 1438/370/21
f 3452/2682/20 1497/482/20 713/2659/20
f 3452/2682/20 2280/2673/20 1497/482/20
f 2280/2673/20 217/480/35 1497/482/20
f 3450/2679/20 3452/2682/20 713/2659/20
f 3450/2679/20 3451/2681/20 3452/2682/20
f 3451/2681/20 712/2671/20 3452/2682/20
f 2279/2680/19 2281/2661/20 55/216/19
f 2279/2680/19 3450/2679/20 2281/2661/20
f 3450/2679/20 713/2659/20 2281/2661/20
f 3449/2677/20 2282/479/35 714/2664/35
f 3449/2677/20 2061/2676/20 2282/479/35
f 2061/2676/20 194/477/35 2282/479/35
f 3447/2672/20 3449/2677/20 714/2664/35
f 3447/2672/20 3448/2674/20 3449/2677/20
f 3448/2674/20 493/2675/20 3449/2677/20
f 2280/2673/20 1498/2666/35 217/480/35
f 2280/2673/20 3447/2672/20 1498/2666/35
f 3447/2672/20 714/2664/35 1498/2666/35
f 3446/2670/18 2057/183/18 489/3552/18
f 3446/2670/18 2283/2669/18 2057/183/18
f 2283/2669/18 46/180/16 2057/183/18
f 3444/2665/18 3446/2670/18 489/3552/18
f 3444/2665/18 3445/2667/18 3446/2670/18
f 3445/2667/18 715/2668/18 3446/2670/18
f 1498/2666/35 1273/3554/18 217/480/35
f 1498/2666/35 3444/2665/18 1273/3554/18
f 3444/2665/18 489/3552/18 1273/3554/18
f 3443/2663/20 1314/3454/20 530/3453/20
f 3443/2663/20 1500/2654/35 1314/3454/20
f 1500/2654/35 218/381/35 1314/3454/20
f 3441/2660/20 3443/2663/20 530/3453/20
f 3441/2660/20 3442/2662/20 3443/2663/20
f 3442/2662/20 716/2652/35 3443/2663/20
f 2281/2661/20 2098/217/20 55/216/19
f 2281/2661/20 3441/2660/20 2098/217/20
f 3441/2660/20 530/3453/20 2098/217/20
f 3440/2658/18 2285/486/18 717/2647/18
f 3440/2658/18 2058/2657/18 2285/486/18
f 2058/2657/18 216/484/16 2285/486/18
f 3438/2653/18 3440/2658/18 717/2647/18
f 3438/2653/18 3439/2655/18 3440/2658/18
f 3439/2655/18 490/2656/18 3440/2658/18
f 1500/2654/35 1501/2649/18 218/381/35
f 1500/2654/35 3438/2653/18 1501/2649/18
f 3438/2653/18 717/2647/18 1501/2649/18
f 3437/2651/18 2229/2957/18 661/2956/18
f 3437/2651/18 2286/2644/16 2229/2957/18
f 2286/2644/16 54/212/16 2229/2957/18
f 3435/2648/18 3437/2651/18 661/2956/18
f 3435/2648/18 3436/2650/18 3437/2651/18
f 3436/2650/18 718/2642/16 3437/2651/18
f 1501/2649/18 1445/382/18 218/381/35
f 1501/2649/18 3435/2648/18 1445/382/18
f 3435/2648/18 661/2956/18 1445/382/18
f 3434/2646/17 1504/494/17 720/2623/17
f 3434/2646/17 2287/2637/17 1504/494/17
f 2287/2637/17 214/492/36 1504/494/17
f 3432/2643/17 3434/2646/17 720/2623/17
f 3432/2643/17 3433/2645/17 3434/2646/17
f 3433/2645/17 719/2635/17 3434/2646/17
f 2286/2644/16 2288/2625/17 54/212/16
f 2286/2644/16 3432/2643/17 2288/2625/17
f 3432/2643/17 720/2623/17 2288/2625/17
f 3431/2641/17 2289/491/36 721/2628/36
f 3431/2641/17 2056/2640/17 2289/491/36
f 2056/2640/17 191/489/36 2289/491/36
f 3429/2636/17 3431/2641/17 721/2628/36
f 3429/2636/17 3430/2638/17 3431/2641/17
f 3430/2638/17 488/2639/17 3431/2641/17
f 2287/2637/17 1505/2630/36 214/492/36
f 2287/2637/17 3429/2636/17 1505/2630/36
f 3429/2636/17 721/2628/36 1505/2630/36
f 3428/2634/15 2052/179/15 484/3564/15
f 3428/2634/15 2290/2633/15 2052/179/15
f 2290/2633/15 45/176/13 2052/179/15
f 3426/2629/15 3428/2634/15 484/3564/15
f 3426/2629/15 3427/2631/15 3428/2634/15
f 3427/2631/15 722/2632/15 3428/2634/15
f 1505/2630/36 1268/3566/15 214/492/36
f 1505/2630/36 3426/2629/15 1268/3566/15
f 3426/2629/15 484/3564/15 1268/3566/15
f 3425/2627/17 1309/3466/17 525/3465/17
f 3425/2627/17 1507/2618/36 1309/3466/17
f 1507/2618/36 215/393/36 1309/3466/17
f 3423/2624/17 3425/2627/17 525/3465/17
f 3423/2624/17 3424/2626/17 3425/2627/17
f 3424/2626/17 723/2616/36 3425/2627/17
f 2288/2625/17 2093/213/17 54/212/16
f 2288/2625/17 3423/2624/17 2093/213/17
f 3423/2624/17 525/3465/17 2093/213/17
f 3422/2622/15 2292/498/15 724/2611/15
f 3422/2622/15 2053/2621/15 2292/498/15
f 2053/2621/15 213/496/13 2292/498/15
f 3420/2617/15 3422/2622/15 724/2611/15
f 3420/2617/15 3421/2619/15 3422/2622/15
f 3421/2619/15 485/2620/15 3422/2622/15
f 1507/2618/36 1508/2613/15 215/393/36
f 1507/2618/36 3420/2617/15 1508/2613/15
f 3420/2617/15 724/2611/15 1508/2613/15
f 3419/2615/15 2236/2921/15 668/2920/15
f 3419/2615/15 2293/2608/13 2236/2921/15
f 2293/2608/13 53/208/13 2236/2921/15
f 3417/2612/15 3419/2615/15 668/2920/15
f 3417/2612/15 3418/2614/15 3419/2615/15
f 3418/2614/15 725/2606/13 3419/2615/15
f 1508/2613/15 1452/394/15 215/393/36
f 1508/2613/15 3417/2612/15 1452/394/15
f 3417/2612/15 668/2920/15 1452/394/15
f 3416/2610/14 1511/506/14 727/2587/14
f 3416/2610/14 2294/2601/14 1511/506/14
f 2294/2601/14 211/504/37 1511/506/14
f 3414/2607/14 3416/2610/14 727/2587/14
f 3414/2607/14 3415/2609/14 3416/2610/14
f 3415/2609/14 726/2599/14 3416/2610/14
f 2293/2608/13 2295/2589/14 53/208/13
f 2293/2608/13 3414/2607/14 2295/2589/14
f 3414/2607/14 727/2587/14 2295/2589/14
f 3413/2605/14 2296/503/37 728/2592/37
f 3413/2605/14 2051/2604/14 2296/503/37
f 2051/2604/14 188/501/37 2296/503/37
f 3411/2600/14 3413/2605/14 728/2592/37
f 3411/2600/14 3412/2602/14 3413/2605/14
f 3412/2602/14 483/2603/14 3413/2605/14
f 2294/2601/14 1512/2594/37 211/504/37
f 2294/2601/14 3411/2600/14 1512/2594/37
f 3411/2600/14 728/2592/37 1512/2594/37
f 3410/2598/12 2047/175/12 479/3576/12
f 3410/2598/12 2297/2597/12 2047/175/12
f 2297/2597/12 44/172/10 2047/175/12
f 3408/2593/12 3410/2598/12 479/3576/12
f 3408/2593/12 3409/2595/12 3410/2598/12
f 3409/2595/12 729/2596/12 3410/2598/12
f 1512/2594/37 1263/3578/12 211/504/37
f 1512/2594/37 3408/2593/12 1263/3578/12
f 3408/2593/12 479/3576/12 1263/3578/12
f 3407/2591/14 1304/3478/14 520/3477/14
f 3407/2591/14 1514/2582/37 1304/3478/14
f 1514/2582/37 212/405/37 1304/3478/14
f 3405/2588/14 3407/2591/14 520/3477/14
f 3405/2588/14 3406/2590/14 3407/2591/14
f 3406/2590/14 730/2580/37 3407/2591/14
f 2295/2589/14 2088/209/14 53/208/13
f 2295/2589/14 3405/2588/14 2088/209/14
f 3405/2588/14 520/3477/14 2088/209/14
f 3404/2586/12 2299/510/12 731/2575/12
f 3404/2586/12 2048/2585/12 2299/510/12
f 2048/2585/12 210/508/10 2299/510/12
f 3402/2581/12 3404/2586/12 731/2575/12
f 3402/2581/12 3403/2583/12 3404/2586/12
f 3403/2583/12 480/2584/12 3404/2586/12
f 1514/2582/37 1515/2577/12 212/405/37
f 1514/2582/37 3402/2581/12 1515/2577/12
f 3402/2581/12 731/2575/12 1515/2577/12
f 3401/2579/12 2243/2885/12 675/2884/12
f 3401/2579/12 2300/2572/10 2243/2885/12
f 2300/2572/10 52/204/10 2243/2885/12
f 3399/2576/12 3401/2579/12 675/2884/12
f 3399/2576/12 3400/2578/12 3401/2579/12
f 3400/2578/12 732/2570/10 3401/2579/12
f 1515/2577/12 1459/406/12 212/405/37
f 1515/2577/12 3399/2576/12 1459/406/12
f 3399/2576/12 675/2884/12 1459/406/12
f 3398/2574/11 1518/518/11 734/2551/11
f 3398/2574/11 2301/2565/11 1518/518/11
f 2301/2565/11 208/516/38 1518/518/11
f 3396/2571/11 3398/2574/11 734/2551/11
f 3396/2571/11 3397/2573/11 3398/2574/11
f 3397/2573/11 733/2563/11 3398/2574/11
f 2300/2572/10 2302/2553/11 52/204/10
f 2300/2572/10 3396/2571/11 2302/2553/11
f 3396/2571/11 734/2551/11 2302/2553/11
f 3395/2569/11 2303/515/38 735/2556/38
f 3395/2569/11 2046/2568/11 2303/515/38
f 2046/2568/11 185/513/38 2303/515/38
f 3393/2564/11 3395/2569/11 735/2556/38
f 3393/2564/11 3394/2566/11 3395/2569/11
f 3394/2566/11 478/2567/11 3395/2569/11
f 2301/2565/11 1519/2558/38 208/516/38
f 2301/2565/11 3393/2564/11 1519/2558/38
f 3393/2564/11 735/2556/38 1519/2558/38
f 3392/2562/9 2042/171/9 474/3588/9
f 3392/2562/9 2304/2561/9 2042/171/9
f 2304/2561/9 43/168/7 2042/171/9
f 3390/2557/9 3392/2562/9 474/3588/9
f 3390/2557/9 3391/2559/9 3392/2562/9
f 3391/2559/9 736/2560/9 3392/2562/9
f 1519/2558/38 1258/3590/9 208/516/38
f 1519/2558/38 3390/2557/9 1258/3590/9
f 3390/2557/9 474/3588/9 1258/3590/9
f 3389/2555/11 1299/3490/11 515/3489/11
f 3389/2555/11 1521/2546/38 1299/3490/11
f 1521/2546/38 209/417/38 1299/3490/11
f 3387/2552/11 3389/2555/11 515/3489/11
f 3387/2552/11 3388/2554/11 3389/2555/11
f 3388/2554/11 737/2544/38 3389/2555/11
f 2302/2553/11 2083/205/11 52/204/10
f 2302/2553/11 3387/2552/11 2083/205/11
f 3387/2552/11 515/3489/11 2083/205/11
f 3386/2550/9 2306/522/9 738/2539/9
f 3386/2550/9 2043/2549/9 2306/522/9
f 2043/2549/9 207/520/7 2306/522/9
f 3384/2545/9 3386/2550/9 738/2539/9
f 3384/2545/9 3385/2547/9 3386/2550/9
f 3385/2547/9 475/2548/9 3386/2550/9
f 1521/2546/38 1522/2541/9 209/417/38
f 1521/2546/38 3384/2545/9 1522/2541/9
f 3384/2545/9 738/2539/9 1522/2541/9
f 3383/2543/9 2250/2849/9 682/2848/9
f 3383/2543/9 2307/2536/7 2250/2849/9
f 2307/2536/7 51/200/7 2250/2849/9
f 3381/2540/9 3383/2543/9 682/2848/9
f 3381/2540/9 3382/2542/9 3383/2543/9
f 3382/2542/9 739/2534/7 3383/2543/9
f 1522/2541/9 1466/418/9 209/417/38
f 1522/2541/9 3381/2540/9 1466/418/9
f 3381/2540/9 682/2848/9 1466/418/9
f 3380/2538/8 1525/530/8 741/2515/8
f 3380/2538/8 2308/2529/8 1525/530/8
f 2308/2529/8 205/528/39 1525/530/8
f 3378/2535/8 3380/2538/8 741/2515/8
f 3378/2535/8 3379/2537/8 3380/2538/8
f 3379/2537/8 740/2527/8 3380/2538/8
f 2307/2536/7 2309/2517/8 51/200/7
f 2307/2536/7 3378/2535/8 2309/2517/8
f 3378/2535/8 741/2515/8 2309/2517/8
f 3377/2533/8 2310/527/39 742/2520/39
f 3377/2533/8 2041/2532/8 2310/527/39
f 2041/2532/8 182/525/39 2310/527/39
f 3375/2528/8 3377/2533/8 742/2520/39
f 3375/2528/8 3376/2530/8 3377/2533/8
f 3376/2530/8 473/2531/8 3377/2533/8
f 2308/2529/8 1526/2522/39 205/528/39
f 2308/2529/8 3375/2528/8 1526/2522/39
f 3375/2528/8 742/2520/39 1526/2522/39
f 3374/2526/6 2037/167/6 469/3600/6
f 3374/2526/6 2311/2525/6 2037/167/6
f 2311/2525/6 42/164/4 2037/167/6
f 3372/2521/6 3374/2526/6 469/3600/6
f 3372/2521/6 3373/2523/6 3374/2526/6
f 3373/2523/6 743/2524/6 3374/2526/6
f 1526/2522/39 1253/3602/6 205/528/39
f 1526/2522/39 3372/2521/6 1253/3602/6
f 3372/2521/6 469/3600/6 1253/3602/6
f 3371/2519/8 1294/3502/8 510/3501/8
f 3371/2519/8 1528/2510/39 1294/3502/8
f 1528/2510/39 206/429/39 1294/3502/8
f 3369/2516/8 3371/2519/8 510/3501/8
f 3369/2516/8 3370/2518/8 3371/2519/8
f 3370/2518/8 744/2508/39 3371/2519/8
f 2309/2517/8 2078/201/8 51/200/7
f 2309/2517/8 3369/2516/8 2078/201/8
f 3369/2516/8 510/3501/8 2078/201/8
f 3368/2514/6 2313/534/6 745/2503/6
f 3368/2514/6 2038/2513/6 2313/534/6
f 2038/2513/6 204/532/4 2313/534/6
f 3366/2509/6 3368/2514/6 745/2503/6
f 3366/2509/6 3367/2511/6 3368/2514/6
f 3367/2511/6 470/2512/6 3368/2514/6
f 1528/2510/39 1529/2505/6 206/429/39
f 1528/2510/39 3366/2509/6 1529/2505/6
f 3366/2509/6 745/2503/6 1529/2505/6
f 3365/2507/6 2257/2813/6 689/2812/6
f 3365/2507/6 2314/2500/4 2257/2813/6
f 2314/2500/4 50/196/4 2257/2813/6
f 3363/2504/6 3365/2507/6 689/2812/6
f 3363/2504/6 3364/2506/6 3365/2507/6
f 3364/2506/6 746/2498/4 3365/2507/6
f 1529/2505/6 1473/430/6 206/429/39
f 1529/2505/6 3363/2504/6 1473/430/6
f 3363/2504/6 689/2812/6 1473/430/6
f 3362/2502/5 1532/542/5 748/2479/5
f 3362/2502/5 2315/2493/5 1532/542/5
f 2315/2493/5 201/540/40 1532/542/5
f 3360/2499/5 3362/2502/5 748/2479/5
f 3360/2499/5 3361/2501/5 3362/2502/5
f 3361/2501/5 747/2491/5 3362/2502/5
f 2314/2500/4 2316/2481/5 50/196/4
f 2314/2500/4 3360/2499/5 2316/2481/5
f 3360/2499/5 748/2479/5 2316/2481/5
f 3359/2497/5 2317/539/40 749/2484/40
f 3359/2497/5 2036/2496/5 2317/539/40
f 2036/2496/5 179/537/40 2317/539/40
f 3357/2492/5 3359/2497/5 749/2484/40
f 3357/2492/5 3358/2494/5 3359/2497/5
f 3358/2494/5 468/2495/5 3359/2497/5
f 2315/2493/5 1533/2486/40 201/540/40
f 2315/2493/5 3357/2492/5 1533/2486/40
f 3357/2492/5 749/2484/40 1533/2486/40
f 3356/2490/74 2031/163/27 463/3612/91
f 3356/2490/74 2318/2489/73 2031/163/27
f 2318/2489/73 41/161/1 2031/163/27
f 3354/2485/41 3356/2490/74 463/3612/91
f 3354/2485/41 3355/2487/71 3356/2490/74
f 3355/2487/71 750/2488/72 3356/2490/74
f 1533/2486/40 1247/3614/92 201/540/40
f 1533/2486/40 3354/2485/41 1247/3614/92
f 3354/2485/41 463/3612/91 1247/3614/92
f 3353/2483/5 1289/3514/5 505/3513/5
f 3353/2483/5 1535/2474/40 1289/3514/5
f 1535/2474/40 203/441/40 1289/3514/5
f 3351/2480/5 3353/2483/5 505/3513/5
f 3351/2480/5 3352/2482/5 3353/2483/5
f 3352/2482/5 751/2472/40 3353/2483/5
f 2316/2481/5 2073/197/5 50/196/4
f 2316/2481/5 3351/2480/5 2073/197/5
f 3351/2480/5 505/3513/5 2073/197/5
f 3350/2478/57 2320/544/43 752/2465/48
f 3350/2478/57 1249/2477/56 2320/544/43
f 1249/2477/56 202/449/1 2320/544/43
f 3348/2473/46 3350/2478/57 752/2465/48
f 3348/2473/46 3349/2475/54 3350/2478/57
f 3349/2475/54 465/2476/55 3350/2478/57
f 1535/2474/40 1536/2467/50 203/441/40
f 1535/2474/40 3348/2473/46 1536/2467/50
f 3348/2473/46 752/2465/48 1536/2467/50
f 3347/2471/53 2264/2777/73 696/2776/72
f 3347/2471/53 2321/2470/26 2264/2777/73
f 2321/2470/26 49/193/1 2264/2777/73
f 3345/2466/49 3347/2471/53 696/2776/72
f 3345/2466/49 3346/2468/51 3347/2471/53
f 3346/2468/51 753/2469/52 3347/2471/53
f 1536/2467/50 1480/442/41 203/441/40
f 1536/2467/50 3345/2466/49 1480/442/41
f 3345/2466/49 696/2776/72 1480/442/41
f 3344/2464/70 1832/554/45 1048/2443/60
f 3344/2464/70 2615/2457/66 1832/554/45
f 2615/2457/66 199/552/32 1832/554/45
f 3342/4197/68 3344/2464/70 1048/2443/60
f 3342/4197/68 3343/4198/69 3344/2464/70
f 3343/4198/69 1047/2455/64 3344/2464/70
f 2375/2182/26 2616/4199/62 41/161/1
f 2375/2182/26 3342/2462/68 2616/4199/62
f 3342/4197/68 1048/2443/60 2616/2445/62
f 3341/2461/66 2322/551/32 754/2448/32
f 3341/2461/66 2601/2460/65 2322/551/32
f 2601/2460/65 176/549/32 2322/551/32
f 3339/2456/65 3341/2461/66 754/2448/32
f 3339/2456/65 3340/2458/67 3341/2461/66
f 3340/2458/67 1033/2459/64 3341/2461/66
f 2615/2457/66 1538/2450/32 199/552/32
f 2615/2457/66 3339/2456/65 1538/2450/32
f 3339/2456/65 754/2448/32 1538/2450/32
f 3338/2454/24 2029/159/24 461/3624/24
f 3338/2454/24 2323/2453/24 2029/159/24
f 2323/2453/24 40/156/22 2029/159/24
f 3336/2449/24 3338/2454/24 461/3624/24
f 3336/2449/24 3337/2451/24 3338/2454/24
f 3337/2451/24 755/2452/24 3338/2454/24
f 1538/2450/32 1245/3626/24 199/552/32
f 1538/2450/32 3336/2449/24 1245/3626/24
f 3336/2449/24 461/3624/24 1245/3626/24
f 3335/2447/45 1818/3526/63 1034/3525/90
f 3335/2447/45 1540/2438/32 1818/3526/63
f 1540/2438/32 200/453/32 1818/3526/63
f 3333/2444/61 3335/2447/45 1034/3525/90
f 3333/2444/61 3334/2446/63 3335/2447/45
f 3334/2446/63 756/2436/32 3335/2447/45
f 2616/4199/62 2602/192/28 41/161/1
f 2616/2445/62 3333/2444/61 2602/4200/28
f 3333/2444/61 1034/3525/90 2602/4200/28
f 3332/2442/24 2325/558/24 757/2431/24
f 3332/2442/24 2030/2441/24 2325/558/24
f 2030/2441/24 198/556/22 2325/558/24
f 3330/2437/24 3332/2442/24 757/2431/24
f 3330/2437/24 3331/2439/24 3332/2442/24
f 3331/2439/24 462/2440/24 3332/2442/24
f 1540/2438/32 1541/2433/24 200/453/32
f 1540/2438/32 3330/2437/24 1541/2433/24
f 3330/2437/24 757/2431/24 1541/2433/24
f 3329/2435/24 2269/2741/24 701/2740/24
f 3329/2435/24 2326/2428/22 2269/2741/24
f 2326/2428/22 48/188/22 2269/2741/24
f 3327/2432/24 3329/2435/24 701/2740/24
f 3327/2432/24 3328/2434/24 3329/2435/24
f 3328/2434/24 758/2426/22 3329/2435/24
f 1541/2433/24 1485/454/24 200/453/32
f 1541/2433/24 3327/2432/24 1485/454/24
f 3327/2432/24 701/2740/24 1485/454/24
f 3326/2430/23 1544/566/23 760/2407/23
f 3326/2430/23 2327/2421/23 1544/566/23
f 2327/2421/23 196/564/34 1544/566/23
f 3324/2427/23 3326/2430/23 760/2407/23
f 3324/2427/23 3325/2429/23 3326/2430/23
f 3325/2429/23 759/2419/23 3326/2430/23
f 2326/2428/22 2328/2409/23 48/188/22
f 2326/2428/22 3324/2427/23 2328/2409/23
f 3324/2427/23 760/2407/23 2328/2409/23
f 3323/2425/23 2329/563/34 761/2412/34
f 3323/2425/23 2028/2424/23 2329/563/34
f 2028/2424/23 173/561/34 2329/563/34
f 3321/2420/23 3323/2425/23 761/2412/34
f 3321/2420/23 3322/2422/23 3323/2425/23
f 3322/2422/23 460/2423/23 3323/2425/23
f 2327/2421/23 1545/2414/34 196/564/34
f 2327/2421/23 3321/2420/23 1545/2414/34
f 3321/2420/23 761/2412/34 1545/2414/34
f 3320/2418/21 2024/155/21 456/3636/21
f 3320/2418/21 2330/2417/21 2024/155/21
f 2330/2417/21 39/152/19 2024/155/21
f 3318/2413/21 3320/2418/21 456/3636/21
f 3318/2413/21 3319/2415/21 3320/2418/21
f 3319/2415/21 762/2416/21 3320/2418/21
f 1545/2414/34 1240/3638/21 196/564/34
f 1545/2414/34 3318/2413/21 1240/3638/21
f 3318/2413/21 456/3636/21 1240/3638/21
f 3317/2411/23 1281/3538/23 497/3537/23
f 3317/2411/23 1547/2402/34 1281/3538/23
f 1547/2402/34 197/465/34 1281/3538/23
f 3315/2408/23 3317/2411/23 497/3537/23
f 3315/2408/23 3316/2410/23 3317/2411/23
f 3316/2410/23 763/2400/34 3317/2411/23
f 2328/2409/23 2065/189/23 48/188/22
f 2328/2409/23 3315/2408/23 2065/189/23
f 3315/2408/23 497/3537/23 2065/189/23
f 3314/2406/21 2332/570/21 764/2395/21
f 3314/2406/21 2025/2405/21 2332/570/21
f 2025/2405/21 195/568/19 2332/570/21
f 3312/2401/21 3314/2406/21 764/2395/21
f 3312/2401/21 3313/2403/21 3314/2406/21
f 3313/2403/21 457/2404/21 3314/2406/21
f 1547/2402/34 1548/2397/21 197/465/34
f 1547/2402/34 3312/2401/21 1548/2397/21
f 3312/2401/21 764/2395/21 1548/2397/21
f 3311/2399/21 2276/2705/21 708/2704/21
f 3311/2399/21 2333/2392/19 2276/2705/21
f 2333/2392/19 47/184/19 2276/2705/21
f 3309/2396/21 3311/2399/21 708/2704/21
f 3309/2396/21 3310/2398/21 3311/2399/21
f 3310/2398/21 765/2390/19 3311/2399/21
f 1548/2397/21 1492/466/21 197/465/34
f 1548/2397/21 3309/2396/21 1492/466/21
f 3309/2396/21 708/2704/21 1492/466/21
f 3308/2394/20 1551/578/20 767/2371/20
f 3308/2394/20 2334/2385/20 1551/578/20
f 2334/2385/20 193/576/35 1551/578/20
f 3306/2391/20 3308/2394/20 767/2371/20
f 3306/2391/20 3307/2393/20 3308/2394/20
f 3307/2393/20 766/2383/20 3308/2394/20
f 2333/2392/19 2335/2373/20 47/184/19
f 2333/2392/19 3306/2391/20 2335/2373/20
f 3306/2391/20 767/2371/20 2335/2373/20
f 3305/2389/20 2336/575/35 768/2376/35
f 3305/2389/20 2023/2388/20 2336/575/35
f 2023/2388/20 170/573/35 2336/575/35
f 3303/2384/20 3305/2389/20 768/2376/35
f 3303/2384/20 3304/2386/20 3305/2389/20
f 3304/2386/20 455/2387/20 3305/2389/20
f 2334/2385/20 1552/2378/35 193/576/35
f 2334/2385/20 3303/2384/20 1552/2378/35
f 3303/2384/20 768/2376/35 1552/2378/35
f 3302/2382/18 2019/151/18 451/3648/18
f 3302/2382/18 2337/2381/18 2019/151/18
f 2337/2381/18 38/148/16 2019/151/18
f 3300/2377/18 3302/2382/18 451/3648/18
f 3300/2377/18 3301/2379/18 3302/2382/18
f 3301/2379/18 769/2380/18 3302/2382/18
f 1552/2378/35 1235/3650/18 193/576/35
f 1552/2378/35 3300/2377/18 1235/3650/18
f 3300/2377/18 451/3648/18 1235/3650/18
f 3299/2375/20 1276/3550/20 492/3549/20
f 3299/2375/20 1554/2366/35 1276/3550/20
f 1554/2366/35 194/477/35 1276/3550/20
f 3297/2372/20 3299/2375/20 492/3549/20
f 3297/2372/20 3298/2374/20 3299/2375/20
f 3298/2374/20 770/2364/35 3299/2375/20
f 2335/2373/20 2060/185/20 47/184/19
f 2335/2373/20 3297/2372/20 2060/185/20
f 3297/2372/20 492/3549/20 2060/185/20
f 3296/2370/18 2339/582/18 771/2359/18
f 3296/2370/18 2020/2369/18 2339/582/18
f 2020/2369/18 192/580/16 2339/582/18
f 3294/2365/18 3296/2370/18 771/2359/18
f 3294/2365/18 3295/2367/18 3296/2370/18
f 3295/2367/18 452/2368/18 3296/2370/18
f 1554/2366/35 1555/2361/18 194/477/35
f 1554/2366/35 3294/2365/18 1555/2361/18
f 3294/2365/18 771/2359/18 1555/2361/18
f 3293/2363/18 2283/2669/18 715/2668/18
f 3293/2363/18 2340/2356/16 2283/2669/18
f 2340/2356/16 46/180/16 2283/2669/18
f 3291/2360/18 3293/2363/18 715/2668/18
f 3291/2360/18 3292/2362/18 3293/2363/18
f 3292/2362/18 772/2354/16 3293/2363/18
f 1555/2361/18 1499/478/18 194/477/35
f 1555/2361/18 3291/2360/18 1499/478/18
f 3291/2360/18 715/2668/18 1499/478/18
f 3290/2358/17 1558/590/17 774/2335/17
f 3290/2358/17 2341/2349/17 1558/590/17
f 2341/2349/17 190/588/36 1558/590/17
f 3288/2355/17 3290/2358/17 774/2335/17
f 3288/2355/17 3289/2357/17 3290/2358/17
f 3289/2357/17 773/2347/17 3290/2358/17
f 2340/2356/16 2342/2337/17 46/180/16
f 2340/2356/16 3288/2355/17 2342/2337/17
f 3288/2355/17 774/2335/17 2342/2337/17
f 3287/2353/17 2343/587/36 775/2340/36
f 3287/2353/17 2018/2352/17 2343/587/36
f 2018/2352/17 167/585/36 2343/587/36
f 3285/2348/17 3287/2353/17 775/2340/36
f 3285/2348/17 3286/2350/17 3287/2353/17
f 3286/2350/17 450/2351/17 3287/2353/17
f 2341/2349/17 1559/2342/36 190/588/36
f 2341/2349/17 3285/2348/17 1559/2342/36
f 3285/2348/17 775/2340/36 1559/2342/36
f 3284/2346/15 2014/147/15 446/3660/15
f 3284/2346/15 2344/2345/15 2014/147/15
f 2344/2345/15 37/144/13 2014/147/15
f 3282/2341/15 3284/2346/15 446/3660/15
f 3282/2341/15 3283/2343/15 3284/2346/15
f 3283/2343/15 776/2344/15 3284/2346/15
f 1559/2342/36 1230/3662/15 190/588/36
f 1559/2342/36 3282/2341/15 1230/3662/15
f 3282/2341/15 446/3660/15 1230/3662/15
f 3281/2339/17 1271/3562/17 487/3561/17
f 3281/2339/17 1561/2330/36 1271/3562/17
f 1561/2330/36 191/489/36 1271/3562/17
f 3279/2336/17 3281/2339/17 487/3561/17
f 3279/2336/17 3280/2338/17 3281/2339/17
f 3280/2338/17 777/2328/36 3281/2339/17
f 2342/2337/17 2055/181/17 46/180/16
f 2342/2337/17 3279/2336/17 2055/181/17
f 3279/2336/17 487/3561/17 2055/181/17
f 3278/2334/15 2346/594/15 778/2323/15
f 3278/2334/15 2015/2333/15 2346/594/15
f 2015/2333/15 189/592/13 2346/594/15
f 3276/2329/15 3278/2334/15 778/2323/15
f 3276/2329/15 3277/2331/15 3278/2334/15
f 3277/2331/15 447/2332/15 3278/2334/15
f 1561/2330/36 1562/2325/15 191/489/36
f 1561/2330/36 3276/2329/15 1562/2325/15
f 3276/2329/15 778/2323/15 1562/2325/15
f 3275/2327/15 2290/2633/15 722/2632/15
f 3275/2327/15 2347/2320/13 2290/2633/15
f 2347/2320/13 45/176/13 2290/2633/15
f 3273/2324/15 3275/2327/15 722/2632/15
f 3273/2324/15 3274/2326/15 3275/2327/15
f 3274/2326/15 779/2318/13 3275/2327/15
f 1562/2325/15 1506/490/15 191/489/36
f 1562/2325/15 3273/2324/15 1506/490/15
f 3273/2324/15 722/2632/15 1506/490/15
f 3272/2322/14 1565/602/14 781/2299/14
f 3272/2322/14 2348/2313/14 1565/602/14
f 2348/2313/14 187/600/37 1565/602/14
f 3270/2319/14 3272/2322/14 781/2299/14
f 3270/2319/14 3271/2321/14 3272/2322/14
f 3271/2321/14 780/2311/14 3272/2322/14
f 2347/2320/13 2349/2301/14 45/176/13
f 2347/2320/13 3270/2319/14 2349/2301/14
f 3270/2319/14 781/2299/14 2349/2301/14
f 3269/2317/14 2350/599/37 782/2304/37
f 3269/2317/14 2013/2316/14 2350/599/37
f 2013/2316/14 164/597/37 2350/599/37
f 3267/2312/14 3269/2317/14 782/2304/37
f 3267/2312/14 3268/2314/14 3269/2317/14
f 3268/2314/14 445/2315/14 3269/2317/14
f 2348/2313/14 1566/2306/37 187/600/37
f 2348/2313/14 3267/2312/14 1566/2306/37
f 3267/2312/14 782/2304/37 1566/2306/37
f 3266/2310/12 2009/143/12 441/3672/12
f 3266/2310/12 2351/2309/12 2009/143/12
f 2351/2309/12 36/140/10 2009/143/12
f 3264/2305/12 3266/2310/12 441/3672/12
f 3264/2305/12 3265/2307/12 3266/2310/12
f 3265/2307/12 783/2308/12 3266/2310/12
f 1566/2306/37 1225/3674/12 187/600/37
f 1566/2306/37 3264/2305/12 1225/3674/12
f 3264/2305/12 441/3672/12 1225/3674/12
f 3263/2303/14 1266/3574/14 482/3573/14
f 3263/2303/14 1568/2294/37 1266/3574/14
f 1568/2294/37 188/501/37 1266/3574/14
f 3261/2300/14 3263/2303/14 482/3573/14
f 3261/2300/14 3262/2302/14 3263/2303/14
f 3262/2302/14 784/2292/37 3263/2303/14
f 2349/2301/14 2050/177/14 45/176/13
f 2349/2301/14 3261/2300/14 2050/177/14
f 3261/2300/14 482/3573/14 2050/177/14
f 3260/2298/12 2353/606/12 785/2287/12
f 3260/2298/12 2010/2297/12 2353/606/12
f 2010/2297/12 186/604/10 2353/606/12
f 3258/2293/12 3260/2298/12 785/2287/12
f 3258/2293/12 3259/2295/12 3260/2298/12
f 3259/2295/12 442/2296/12 3260/2298/12
f 1568/2294/37 1569/2289/12 188/501/37
f 1568/2294/37 3258/2293/12 1569/2289/12
f 3258/2293/12 785/2287/12 1569/2289/12
f 3257/2291/12 2297/2597/12 729/2596/12
f 3257/2291/12 2354/2284/10 2297/2597/12
f 2354/2284/10 44/172/10 2297/2597/12
f 3255/2288/12 3257/2291/12 729/2596/12
f 3255/2288/12 3256/2290/12 3257/2291/12
f 3256/2290/12 786/2282/10 3257/2291/12
f 1569/2289/12 1513/502/12 188/501/37
f 1569/2289/12 3255/2288/12 1513/502/12
f 3255/2288/12 729/2596/12 1513/502/12
f 3254/2286/11 1572/614/11 788/2263/11
f 3254/2286/11 2355/2277/11 1572/614/11
f 2355/2277/11 184/612/38 1572/614/11
f 3252/2283/11 3254/2286/11 788/2263/11
f 3252/2283/11 3253/2285/11 3254/2286/11
f 3253/2285/11 787/2275/11 3254/2286/11
f 2354/2284/10 2356/2265/11 44/172/10
f 2354/2284/10 3252/2283/11 2356/2265/11
f 3252/2283/11 788/2263/11 2356/2265/11
f 3251/2281/11 2357/611/38 789/2268/38
f 3251/2281/11 2008/2280/11 2357/611/38
f 2008/2280/11 161/609/38 2357/611/38
f 3249/2276/11 3251/2281/11 789/2268/38
f 3249/2276/11 3250/2278/11 3251/2281/11
f 3250/2278/11 440/2279/11 3251/2281/11
f 2355/2277/11 1573/2270/38 184/612/38
f 2355/2277/11 3249/2276/11 1573/2270/38
f 3249/2276/11 789/2268/38 1573/2270/38
f 3248/2274/9 2004/139/9 436/3684/9
f 3248/2274/9 2358/2273/9 2004/139/9
f 2358/2273/9 35/136/7 2004/139/9
f 3246/2269/9 3248/2274/9 436/3684/9
f 3246/2269/9 3247/2271/9 3248/2274/9
f 3247/2271/9 790/2272/9 3248/2274/9
f 1573/2270/38 1220/3686/9 184/612/38
f 1573/2270/38 3246/2269/9 1220/3686/9
f 3246/2269/9 436/3684/9 1220/3686/9
f 3245/2267/11 1261/3586/11 477/3585/11
f 3245/2267/11 1575/2258/38 1261/3586/11
f 1575/2258/38 185/513/38 1261/3586/11
f 3243/2264/11 3245/2267/11 477/3585/11
f 3243/2264/11 3244/2266/11 3245/2267/11
f 3244/2266/11 791/2256/38 3245/2267/11
f 2356/2265/11 2045/173/11 44/172/10
f 2356/2265/11 3243/2264/11 2045/173/11
f 3243/2264/11 477/3585/11 2045/173/11
f 3242/2262/9 2360/618/9 792/2251/9
f 3242/2262/9 2005/2261/9 2360/618/9
f 2005/2261/9 183/616/7 2360/618/9
f 3240/2257/9 3242/2262/9 792/2251/9
f 3240/2257/9 3241/2259/9 3242/2262/9
f 3241/2259/9 437/2260/9 3242/2262/9
f 1575/2258/38 1576/2253/9 185/513/38
f 1575/2258/38 3240/2257/9 1576/2253/9
f 3240/2257/9 792/2251/9 1576/2253/9
f 3239/2255/9 2304/2561/9 736/2560/9
f 3239/2255/9 2361/2248/7 2304/2561/9
f 2361/2248/7 43/168/7 2304/2561/9
f 3237/2252/9 3239/2255/9 736/2560/9
f 3237/2252/9 3238/2254/9 3239/2255/9
f 3238/2254/9 793/2246/7 3239/2255/9
f 1576/2253/9 1520/514/9 185/513/38
f 1576/2253/9 3237/2252/9 1520/514/9
f 3237/2252/9 736/2560/9 1520/514/9
f 3236/2250/8 1579/626/8 795/2227/8
f 3236/2250/8 2362/2241/8 1579/626/8
f 2362/2241/8 181/624/39 1579/626/8
f 3234/2247/8 3236/2250/8 795/2227/8
f 3234/2247/8 3235/2249/8 3236/2250/8
f 3235/2249/8 794/2239/8 3236/2250/8
f 2361/2248/7 2363/2229/8 43/168/7
f 2361/2248/7 3234/2247/8 2363/2229/8
f 3234/2247/8 795/2227/8 2363/2229/8
f 3233/2245/8 2364/623/39 796/2232/39
f 3233/2245/8 2003/2244/8 2364/623/39
f 2003/2244/8 158/621/39 2364/623/39
f 3231/2240/8 3233/2245/8 796/2232/39
f 3231/2240/8 3232/2242/8 3233/2245/8
f 3232/2242/8 435/2243/8 3233/2245/8
f 2362/2241/8 1580/2234/39 181/624/39
f 2362/2241/8 3231/2240/8 1580/2234/39
f 3231/2240/8 796/2232/39 1580/2234/39
f 3230/2238/6 1999/135/6 431/3696/6
f 3230/2238/6 2365/2237/6 1999/135/6
f 2365/2237/6 34/132/4 1999/135/6
f 3228/2233/6 3230/2238/6 431/3696/6
f 3228/2233/6 3229/2235/6 3230/2238/6
f 3229/2235/6 797/2236/6 3230/2238/6
f 1580/2234/39 1215/3698/6 181/624/39
f 1580/2234/39 3228/2233/6 1215/3698/6
f 3228/2233/6 431/3696/6 1215/3698/6
f 3227/2231/8 1256/3598/8 472/3597/8
f 3227/2231/8 1582/2222/39 1256/3598/8
f 1582/2222/39 182/525/39 1256/3598/8
f 3225/2228/8 3227/2231/8 472/3597/8
f 3225/2228/8 3226/2230/8 3227/2231/8
f 3226/2230/8 798/2220/39 3227/2231/8
f 2363/2229/8 2040/169/8 43/168/7
f 2363/2229/8 3225/2228/8 2040/169/8
f 3225/2228/8 472/3597/8 2040/169/8
f 3224/2226/6 2367/630/6 799/2215/6
f 3224/2226/6 2000/2225/6 2367/630/6
f 2000/2225/6 180/628/4 2367/630/6
f 3222/2221/6 3224/2226/6 799/2215/6
f 3222/2221/6 3223/2223/6 3224/2226/6
f 3223/2223/6 432/2224/6 3224/2226/6
f 1582/2222/39 1583/2217/6 182/525/39
f 1582/2222/39 3222/2221/6 1583/2217/6
f 3222/2221/6 799/2215/6 1583/2217/6
f 3221/2219/6 2311/2525/6 743/2524/6
f 3221/2219/6 2368/2212/4 2311/2525/6
f 2368/2212/4 42/164/4 2311/2525/6
f 3219/2216/6 3221/2219/6 743/2524/6
f 3219/2216/6 3220/2218/6 3221/2219/6
f 3220/2218/6 800/2210/4 3221/2219/6
f 1583/2217/6 1527/526/6 182/525/39
f 1583/2217/6 3219/2216/6 1527/526/6
f 3219/2216/6 743/2524/6 1527/526/6
f 3218/2214/5 1586/638/5 802/2191/5
f 3218/2214/5 2369/2205/5 1586/638/5
f 2369/2205/5 177/636/40 1586/638/5
f 3216/2211/5 3218/2214/5 802/2191/5
f 3216/2211/5 3217/2213/5 3218/2214/5
f 3217/2213/5 801/2203/5 3218/2214/5
f 2368/2212/4 2370/2193/5 42/164/4
f 2368/2212/4 3216/2211/5 2370/2193/5
f 3216/2211/5 802/2191/5 2370/2193/5
f 3215/2209/5 2371/635/40 803/2196/40
f 3215/2209/5 1998/2208/5 2371/635/40
f 1998/2208/5 155/633/40 2371/635/40
f 3213/2204/5 3215/2209/5 803/2196/40
f 3213/2204/5 3214/2206/5 3215/2209/5
f 3214/2206/5 430/2207/5 3215/2209/5
f 2369/2205/5 1587/2198/40 177/636/40
f 2369/2205/5 3213/2204/5 1587/2198/40
f 3213/2204/5 803/2196/40 1587/2198/40
f 3212/2202/74 1993/131/27 425/3708/91
f 3212/2202/74 2372/2201/73 1993/131/27
f 2372/2201/73 33/129/1 1993/131/27
f 3210/2197/41 3212/2202/74 425/3708/91
f 3210/2197/41 3211/2199/71 3212/2202/74
f 3211/2199/71 804/2200/72 3212/2202/74
f 1587/2198/40 1209/3710/92 177/636/40
f 1587/2198/40 3210/2197/41 1209/3710/92
f 3210/2197/41 425/3708/91 1209/3710/92
f 3209/2195/5 1251/3610/5 467/3609/5
f 3209/2195/5 1589/2186/40 1251/3610/5
f 1589/2186/40 179/537/40 1251/3610/5
f 3207/2192/5 3209/2195/5 467/3609/5
f 3207/2192/5 3208/2194/5 3209/2195/5
f 3208/2194/5 805/2184/40 3209/2195/5
f 2370/2193/5 2035/165/5 42/164/4
f 2370/2193/5 3207/2192/5 2035/165/5
f 3207/2192/5 467/3609/5 2035/165/5
f 3206/2190/57 2374/640/43 806/2177/48
f 3206/2190/57 1211/2189/56 2374/640/43
f 1211/2189/56 178/545/1 2374/640/43
f 3204/2185/46 3206/2190/57 806/2177/48
f 3204/2185/46 3205/2187/54 3206/2190/57
f 3205/2187/54 427/2188/55 3206/2190/57
f 1589/2186/40 1590/2179/50 179/537/40
f 1589/2186/40 3204/2185/46 1590/2179/50
f 3204/2185/46 806/2177/48 1590/2179/50
f 3203/2183/53 2318/2489/73 750/2488/72
f 3203/2183/53 2375/2182/26 2318/2489/73
f 2375/2182/26 41/161/1 2318/2489/73
f 3201/2178/49 3203/2183/53 750/2488/72
f 3201/2178/49 3202/2180/51 3203/2183/53
f 3202/2180/51 807/2181/52 3203/2183/53
f 1590/2179/50 1534/538/41 179/537/40
f 1590/2179/50 3201/2178/49 1534/538/41
f 3201/2178/49 750/2488/72 1534/538/41
f 3200/2176/70 1834/650/45 1050/2155/60
f 3200/2176/70 2617/2169/66 1834/650/45
f 2617/2169/66 175/648/32 1834/650/45
f 3198/4201/68 3200/2176/70 1050/2155/60
f 3198/4201/68 3199/4202/69 3200/2176/70
f 3199/4202/69 1049/2167/64 3200/2176/70
f 2429/1894/26 2618/4203/62 33/129/1
f 2429/1894/26 3198/2174/68 2618/4203/62
f 3198/4201/68 1050/2155/60 2618/2157/62
f 3197/2173/66 2376/647/32 808/2160/32
f 3197/2173/66 2599/2172/65 2376/647/32
f 2599/2172/65 152/645/32 2376/647/32
f 3195/2168/65 3197/2173/66 808/2160/32
f 3195/2168/65 3196/2170/67 3197/2173/66
f 3196/2170/67 1031/2171/64 3197/2173/66
f 2617/2169/66 1592/2162/32 175/648/32
f 2617/2169/66 3195/2168/65 1592/2162/32
f 3195/2168/65 808/2160/32 1592/2162/32
f 3194/2166/24 1991/127/24 423/3720/24
f 3194/2166/24 2377/2165/24 1991/127/24
f 2377/2165/24 32/124/22 1991/127/24
f 3192/2161/24 3194/2166/24 423/3720/24
f 3192/2161/24 3193/2163/24 3194/2166/24
f 3193/2163/24 809/2164/24 3194/2166/24
f 1592/2162/32 1207/3722/24 175/648/32
f 1592/2162/32 3192/2161/24 1207/3722/24
f 3192/2161/24 423/3720/24 1207/3722/24
f 3191/2159/45 1816/3622/63 1032/3621/90
f 3191/2159/45 1594/2150/32 1816/3622/63
f 1594/2150/32 176/549/32 1816/3622/63
f 3189/2156/61 3191/2159/45 1032/3621/90
f 3189/2156/61 3190/2158/63 3191/2159/45
f 3190/2158/63 810/2148/32 3191/2159/45
f 2618/4203/62 2600/160/28 33/129/1
f 2618/2157/62 3189/2156/61 2600/4204/28
f 3189/2156/61 1032/3621/90 2600/4204/28
f 3188/2154/24 2379/654/24 811/2143/24
f 3188/2154/24 1992/2153/24 2379/654/24
f 1992/2153/24 174/652/22 2379/654/24
f 3186/2149/24 3188/2154/24 811/2143/24
f 3186/2149/24 3187/2151/24 3188/2154/24
f 3187/2151/24 424/2152/24 3188/2154/24
f 1594/2150/32 1595/2145/24 176/549/32
f 1594/2150/32 3186/2149/24 1595/2145/24
f 3186/2149/24 811/2143/24 1595/2145/24
f 3185/2147/24 2323/2453/24 755/2452/24
f 3185/2147/24 2380/2140/22 2323/2453/24
f 2380/2140/22 40/156/22 2323/2453/24
f 3183/2144/24 3185/2147/24 755/2452/24
f 3183/2144/24 3184/2146/24 3185/2147/24
f 3184/2146/24 812/2138/22 3185/2147/24
f 1595/2145/24 1539/550/24 176/549/32
f 1595/2145/24 3183/2144/24 1539/550/24
f 3183/2144/24 755/2452/24 1539/550/24
f 3182/2142/23 1598/662/23 814/2119/23
f 3182/2142/23 2381/2133/23 1598/662/23
f 2381/2133/23 172/660/34 1598/662/23
f 3180/2139/23 3182/2142/23 814/2119/23
f 3180/2139/23 3181/2141/23 3182/2142/23
f 3181/2141/23 813/2131/23 3182/2142/23
f 2380/2140/22 2382/2121/23 40/156/22
f 2380/2140/22 3180/2139/23 2382/2121/23
f 3180/2139/23 814/2119/23 2382/2121/23
f 3179/2137/23 2383/659/34 815/2124/34
f 3179/2137/23 1990/2136/23 2383/659/34
f 1990/2136/23 149/657/34 2383/659/34
f 3177/2132/23 3179/2137/23 815/2124/34
f 3177/2132/23 3178/2134/23 3179/2137/23
f 3178/2134/23 422/2135/23 3179/2137/23
f 2381/2133/23 1599/2126/34 172/660/34
f 2381/2133/23 3177/2132/23 1599/2126/34
f 3177/2132/23 815/2124/34 1599/2126/34
f 3176/2130/21 1986/123/21 418/3732/21
f 3176/2130/21 2384/2129/21 1986/123/21
f 2384/2129/21 31/120/19 1986/123/21
f 3174/2125/21 3176/2130/21 418/3732/21
f 3174/2125/21 3175/2127/21 3176/2130/21
f 3175/2127/21 816/2128/21 3176/2130/21
f 1599/2126/34 1202/3734/21 172/660/34
f 1599/2126/34 3174/2125/21 1202/3734/21
f 3174/2125/21 418/3732/21 1202/3734/21
f 3173/2123/23 1243/3634/23 459/3633/23
f 3173/2123/23 1601/2114/34 1243/3634/23
f 1601/2114/34 173/561/34 1243/3634/23
f 3171/2120/23 3173/2123/23 459/3633/23
f 3171/2120/23 3172/2122/23 3173/2123/23
f 3172/2122/23 817/2112/34 3173/2123/23
f 2382/2121/23 2027/157/23 40/156/22
f 2382/2121/23 3171/2120/23 2027/157/23
f 3171/2120/23 459/3633/23 2027/157/23
f 3170/2118/21 2386/666/21 818/2107/21
f 3170/2118/21 1987/2117/21 2386/666/21
f 1987/2117/21 171/664/19 2386/666/21
f 3168/2113/21 3170/2118/21 818/2107/21
f 3168/2113/21 3169/2115/21 3170/2118/21
f 3169/2115/21 419/2116/21 3170/2118/21
f 1601/2114/34 1602/2109/21 173/561/34
f 1601/2114/34 3168/2113/21 1602/2109/21
f 3168/2113/21 818/2107/21 1602/2109/21
f 3167/2111/21 2330/2417/21 762/2416/21
f 3167/2111/21 2387/2104/19 2330/2417/21
f 2387/2104/19 39/152/19 2330/2417/21
f 3165/2108/21 3167/2111/21 762/2416/21
f 3165/2108/21 3166/2110/21 3167/2111/21
f 3166/2110/21 819/2102/19 3167/2111/21
f 1602/2109/21 1546/562/21 173/561/34
f 1602/2109/21 3165/2108/21 1546/562/21
f 3165/2108/21 762/2416/21 1546/562/21
f 3164/2106/20 1605/674/20 821/2083/20
f 3164/2106/20 2388/2097/20 1605/674/20
f 2388/2097/20 169/672/35 1605/674/20
f 3162/2103/20 3164/2106/20 821/2083/20
f 3162/2103/20 3163/2105/20 3164/2106/20
f 3163/2105/20 820/2095/20 3164/2106/20
f 2387/2104/19 2389/2085/20 39/152/19
f 2387/2104/19 3162/2103/20 2389/2085/20
f 3162/2103/20 821/2083/20 2389/2085/20
f 3161/2101/20 2390/671/35 822/2088/35
f 3161/2101/20 1985/2100/20 2390/671/35
f 1985/2100/20 146/669/35 2390/671/35
f 3159/2096/20 3161/2101/20 822/2088/35
f 3159/2096/20 3160/2098/20 3161/2101/20
f 3160/2098/20 417/2099/20 3161/2101/20
f 2388/2097/20 1606/2090/35 169/672/35
f 2388/2097/20 3159/2096/20 1606/2090/35
f 3159/2096/20 822/2088/35 1606/2090/35
f 3158/2094/18 1981/119/18 413/3744/18
f 3158/2094/18 2391/2093/18 1981/119/18
f 2391/2093/18 30/116/16 1981/119/18
f 3156/2089/18 3158/2094/18 413/3744/18
f 3156/2089/18 3157/2091/18 3158/2094/18
f 3157/2091/18 823/2092/18 3158/2094/18
f 1606/2090/35 1197/3746/18 169/672/35
f 1606/2090/35 3156/2089/18 1197/3746/18
f 3156/2089/18 413/3744/18 1197/3746/18
f 3155/2087/20 1238/3646/20 454/3645/20
f 3155/2087/20 1608/2078/35 1238/3646/20
f 1608/2078/35 170/573/35 1238/3646/20
f 3153/2084/20 3155/2087/20 454/3645/20
f 3153/2084/20 3154/2086/20 3155/2087/20
f 3154/2086/20 824/2076/35 3155/2087/20
f 2389/2085/20 2022/153/20 39/152/19
f 2389/2085/20 3153/2084/20 2022/153/20
f 3153/2084/20 454/3645/20 2022/153/20
f 3152/2082/18 2393/678/18 825/2071/18
f 3152/2082/18 1982/2081/18 2393/678/18
f 1982/2081/18 168/676/16 2393/678/18
f 3150/2077/18 3152/2082/18 825/2071/18
f 3150/2077/18 3151/2079/18 3152/2082/18
f 3151/2079/18 414/2080/18 3152/2082/18
f 1608/2078/35 1609/2073/18 170/573/35
f 1608/2078/35 3150/2077/18 1609/2073/18
f 3150/2077/18 825/2071/18 1609/2073/18
f 3149/2075/18 2337/2381/18 769/2380/18
f 3149/2075/18 2394/2068/16 2337/2381/18
f 2394/2068/16 38/148/16 2337/2381/18
f 3147/2072/18 3149/2075/18 769/2380/18
f 3147/2072/18 3148/2074/18 3149/2075/18
f 3148/2074/18 826/2066/16 3149/2075/18
f 1609/2073/18 1553/574/18 170/573/35
f 1609/2073/18 3147/2072/18 1553/574/18
f 3147/2072/18 769/2380/18 1553/574/18
f 3146/2070/17 1612/686/17 828/2047/17
f 3146/2070/17 2395/2061/17 1612/686/17
f 2395/2061/17 166/684/36 1612/686/17
f 3144/2067/17 3146/2070/17 828/2047/17
f 3144/2067/17 3145/2069/17 3146/2070/17
f 3145/2069/17 827/2059/17 3146/2070/17
f 2394/2068/16 2396/2049/17 38/148/16
f 2394/2068/16 3144/2067/17 2396/2049/17
f 3144/2067/17 828/2047/17 2396/2049/17
f 3143/2065/17 2397/683/36 829/2052/36
f 3143/2065/17 1980/2064/17 2397/683/36
f 1980/2064/17 143/681/36 2397/683/36
f 3141/2060/17 3143/2065/17 829/2052/36
f 3141/2060/17 3142/2062/17 3143/2065/17
f 3142/2062/17 412/2063/17 3143/2065/17
f 2395/2061/17 1613/2054/36 166/684/36
f 2395/2061/17 3141/2060/17 1613/2054/36
f 3141/2060/17 829/2052/36 1613/2054/36
f 3140/2058/15 1976/115/15 408/3756/15
f 3140/2058/15 2398/2057/15 1976/115/15
f 2398/2057/15 29/112/13 1976/115/15
f 3138/2053/15 3140/2058/15 408/3756/15
f 3138/2053/15 3139/2055/15 3140/2058/15
f 3139/2055/15 830/2056/15 3140/2058/15
f 1613/2054/36 1192/3758/15 166/684/36
f 1613/2054/36 3138/2053/15 1192/3758/15
f 3138/2053/15 408/3756/15 1192/3758/15
f 3137/2051/17 1233/3658/17 449/3657/17
f 3137/2051/17 1615/2042/36 1233/3658/17
f 1615/2042/36 167/585/36 1233/3658/17
f 3135/2048/17 3137/2051/17 449/3657/17
f 3135/2048/17 3136/2050/17 3137/2051/17
f 3136/2050/17 831/2040/36 3137/2051/17
f 2396/2049/17 2017/149/17 38/148/16
f 2396/2049/17 3135/2048/17 2017/149/17
f 3135/2048/17 449/3657/17 2017/149/17
f 3134/2046/15 2400/690/15 832/2035/15
f 3134/2046/15 1977/2045/15 2400/690/15
f 1977/2045/15 165/688/13 2400/690/15
f 3132/2041/15 3134/2046/15 832/2035/15
f 3132/2041/15 3133/2043/15 3134/2046/15
f 3133/2043/15 409/2044/15 3134/2046/15
f 1615/2042/36 1616/2037/15 167/585/36
f 1615/2042/36 3132/2041/15 1616/2037/15
f 3132/2041/15 832/2035/15 1616/2037/15
f 3131/2039/15 2344/2345/15 776/2344/15
f 3131/2039/15 2401/2032/13 2344/2345/15
f 2401/2032/13 37/144/13 2344/2345/15
f 3129/2036/15 3131/2039/15 776/2344/15
f 3129/2036/15 3130/2038/15 3131/2039/15
f 3130/2038/15 833/2030/13 3131/2039/15
f 1616/2037/15 1560/586/15 167/585/36
f 1616/2037/15 3129/2036/15 1560/586/15
f 3129/2036/15 776/2344/15 1560/586/15
f 3128/2034/14 1619/698/14 835/2011/14
f 3128/2034/14 2402/2025/14 1619/698/14
f 2402/2025/14 163/696/37 1619/698/14
f 3126/2031/14 3128/2034/14 835/2011/14
f 3126/2031/14 3127/2033/14 3128/2034/14
f 3127/2033/14 834/2023/14 3128/2034/14
f 2401/2032/13 2403/2013/14 37/144/13
f 2401/2032/13 3126/2031/14 2403/2013/14
f 3126/2031/14 835/2011/14 2403/2013/14
f 3125/2029/14 2404/695/37 836/2016/37
f 3125/2029/14 1975/2028/14 2404/695/37
f 1975/2028/14 140/693/37 2404/695/37
f 3123/2024/14 3125/2029/14 836/2016/37
f 3123/2024/14 3124/2026/14 3125/2029/14
f 3124/2026/14 407/2027/14 3125/2029/14
f 2402/2025/14 1620/2018/37 163/696/37
f 2402/2025/14 3123/2024/14 1620/2018/37
f 3123/2024/14 836/2016/37 1620/2018/37
f 3122/2022/12 1971/111/12 403/3768/12
f 3122/2022/12 2405/2021/12 1971/111/12
f 2405/2021/12 28/108/10 1971/111/12
f 3120/2017/12 3122/2022/12 403/3768/12
f 3120/2017/12 3121/2019/12 3122/2022/12
f 3121/2019/12 837/2020/12 3122/2022/12
f 1620/2018/37 1187/3770/12 163/696/37
f 1620/2018/37 3120/2017/12 1187/3770/12
f 3120/2017/12 403/3768/12 1187/3770/12
f 3119/2015/14 1228/3670/14 444/3669/14
f 3119/2015/14 1622/2006/37 1228/3670/14
f 1622/2006/37 164/597/37 1228/3670/14
f 3117/2012/14 3119/2015/14 444/3669/14
f 3117/2012/14 3118/2014/14 3119/2015/14
f 3118/2014/14 838/2004/37 3119/2015/14
f 2403/2013/14 2012/145/14 37/144/13
f 2403/2013/14 3117/2012/14 2012/145/14
f 3117/2012/14 444/3669/14 2012/145/14
f 3116/2010/12 2407/702/12 839/1999/12
f 3116/2010/12 1972/2009/12 2407/702/12
f 1972/2009/12 162/700/10 2407/702/12
f 3114/2005/12 3116/2010/12 839/1999/12
f 3114/2005/12 3115/2007/12 3116/2010/12
f 3115/2007/12 404/2008/12 3116/2010/12
f 1622/2006/37 1623/2001/12 164/597/37
f 1622/2006/37 3114/2005/12 1623/2001/12
f 3114/2005/12 839/1999/12 1623/2001/12
f 3113/2003/12 2351/2309/12 783/2308/12
f 3113/2003/12 2408/1996/10 2351/2309/12
f 2408/1996/10 36/140/10 2351/2309/12
f 3111/2000/12 3113/2003/12 783/2308/12
f 3111/2000/12 3112/2002/12 3113/2003/12
f 3112/2002/12 840/1994/10 3113/2003/12
f 1623/2001/12 1567/598/12 164/597/37
f 1623/2001/12 3111/2000/12 1567/598/12
f 3111/2000/12 783/2308/12 1567/598/12
f 3110/1998/11 1626/710/11 842/1975/11
f 3110/1998/11 2409/1989/11 1626/710/11
f 2409/1989/11 160/708/38 1626/710/11
f 3108/1995/11 3110/1998/11 842/1975/11
f 3108/1995/11 3109/1997/11 3110/1998/11
f 3109/1997/11 841/1987/11 3110/1998/11
f 2408/1996/10 2410/1977/11 36/140/10
f 2408/1996/10 3108/1995/11 2410/1977/11
f 3108/1995/11 842/1975/11 2410/1977/11
f 3107/1993/11 2411/707/38 843/1980/38
f 3107/1993/11 1970/1992/11 2411/707/38
f 1970/1992/11 137/705/38 2411/707/38
f 3105/1988/11 3107/1993/11 843/1980/38
f 3105/1988/11 3106/1990/11 3107/1993/11
f 3106/1990/11 402/1991/11 3107/1993/11
f 2409/1989/11 1627/1982/38 160/708/38
f 2409/1989/11 3105/1988/11 1627/1982/38
f 3105/1988/11 843/1980/38 1627/1982/38
f 3104/1986/9 1966/107/9 398/3780/9
f 3104/1986/9 2412/1985/9 1966/107/9
f 2412/1985/9 27/104/7 1966/107/9
f 3102/1981/9 3104/1986/9 398/3780/9
f 3102/1981/9 3103/1983/9 3104/1986/9
f 3103/1983/9 844/1984/9 3104/1986/9
f 1627/1982/38 1182/3782/9 160/708/38
f 1627/1982/38 3102/1981/9 1182/3782/9
f 3102/1981/9 398/3780/9 1182/3782/9
f 3101/1979/11 1223/3682/11 439/3681/11
f 3101/1979/11 1629/1970/38 1223/3682/11
f 1629/1970/38 161/609/38 1223/3682/11
f 3099/1976/11 3101/1979/11 439/3681/11
f 3099/1976/11 3100/1978/11 3101/1979/11
f 3100/1978/11 845/1968/38 3101/1979/11
f 2410/1977/11 2007/141/11 36/140/10
f 2410/1977/11 3099/1976/11 2007/141/11
f 3099/1976/11 439/3681/11 2007/141/11
f 3098/1974/9 2414/714/9 846/1963/9
f 3098/1974/9 1967/1973/9 2414/714/9
f 1967/1973/9 159/712/7 2414/714/9
f 3096/1969/9 3098/1974/9 846/1963/9
f 3096/1969/9 3097/1971/9 3098/1974/9
f 3097/1971/9 399/1972/9 3098/1974/9
f 1629/1970/38 1630/1965/9 161/609/38
f 1629/1970/38 3096/1969/9 1630/1965/9
f 3096/1969/9 846/1963/9 1630/1965/9
f 3095/1967/9 2358/2273/9 790/2272/9
f 3095/1967/9 2415/1960/7 2358/2273/9
f 2415/1960/7 35/136/7 2358/2273/9
f 3093/1964/9 3095/1967/9 790/2272/9
f 3093/1964/9 3094/1966/9 3095/1967/9
f 3094/1966/9 847/1958/7 3095/1967/9
f 1630/1965/9 1574/610/9 161/609/38
f 1630/1965/9 3093/1964/9 1574/610/9
f 3093/1964/9 790/2272/9 1574/610/9
f 3092/1962/8 1633/722/8 849/1939/8
f 3092/1962/8 2416/1953/8 1633/722/8
f 2416/1953/8 157/720/39 1633/722/8
f 3090/1959/8 3092/1962/8 849/1939/8
f 3090/1959/8 3091/1961/8 3092/1962/8
f 3091/1961/8 848/1951/8 3092/1962/8
f 2415/1960/7 2417/1941/8 35/136/7
f 2415/1960/7 3090/1959/8 2417/1941/8
f 3090/1959/8 849/1939/8 2417/1941/8
f 3089/1957/8 2418/719/39 850/1944/39
f 3089/1957/8 1965/1956/8 2418/719/39
f 1965/1956/8 134/717/39 2418/719/39
f 3087/1952/8 3089/1957/8 850/1944/39
f 3087/1952/8 3088/1954/8 3089/1957/8
f 3088/1954/8 397/1955/8 3089/1957/8
f 2416/1953/8 1634/1946/39 157/720/39
f 2416/1953/8 3087/1952/8 1634/1946/39
f 3087/1952/8 850/1944/39 1634/1946/39
f 3086/1950/6 1961/103/6 393/3792/6
f 3086/1950/6 2419/1949/6 1961/103/6
f 2419/1949/6 26/100/4 1961/103/6
f 3084/1945/6 3086/1950/6 393/3792/6
f 3084/1945/6 3085/1947/6 3086/1950/6
f 3085/1947/6 851/1948/6 3086/1950/6
f 1634/1946/39 1177/3794/6 157/720/39
f 1634/1946/39 3084/1945/6 1177/3794/6
f 3084/1945/6 393/3792/6 1177/3794/6
f 3083/1943/8 1218/3694/8 434/3693/8
f 3083/1943/8 1636/1934/39 1218/3694/8
f 1636/1934/39 158/621/39 1218/3694/8
f 3081/1940/8 3083/1943/8 434/3693/8
f 3081/1940/8 3082/1942/8 3083/1943/8
f 3082/1942/8 852/1932/39 3083/1943/8
f 2417/1941/8 2002/137/8 35/136/7
f 2417/1941/8 3081/1940/8 2002/137/8
f 3081/1940/8 434/3693/8 2002/137/8
f 3080/1938/6 2421/726/6 853/1927/6
f 3080/1938/6 1962/1937/6 2421/726/6
f 1962/1937/6 156/724/4 2421/726/6
f 3078/1933/6 3080/1938/6 853/1927/6
f 3078/1933/6 3079/1935/6 3080/1938/6
f 3079/1935/6 394/1936/6 3080/1938/6
f 1636/1934/39 1637/1929/6 158/621/39
f 1636/1934/39 3078/1933/6 1637/1929/6
f 3078/1933/6 853/1927/6 1637/1929/6
f 3077/1931/6 2365/2237/6 797/2236/6
f 3077/1931/6 2422/1924/4 2365/2237/6
f 2422/1924/4 34/132/4 2365/2237/6
f 3075/1928/6 3077/1931/6 797/2236/6
f 3075/1928/6 3076/1930/6 3077/1931/6
f 3076/1930/6 854/1922/4 3077/1931/6
f 1637/1929/6 1581/622/6 158/621/39
f 1637/1929/6 3075/1928/6 1581/622/6
f 3075/1928/6 797/2236/6 1581/622/6
f 3074/1926/5 1640/734/5 856/1903/5
f 3074/1926/5 2423/1917/5 1640/734/5
f 2423/1917/5 153/732/40 1640/734/5
f 3072/1923/5 3074/1926/5 856/1903/5
f 3072/1923/5 3073/1925/5 3074/1926/5
f 3073/1925/5 855/1915/5 3074/1926/5
f 2422/1924/4 2424/1905/5 34/132/4
f 2422/1924/4 3072/1923/5 2424/1905/5
f 3072/1923/5 856/1903/5 2424/1905/5
f 3071/1921/5 2425/731/40 857/1908/40
f 3071/1921/5 1960/1920/5 2425/731/40
f 1960/1920/5 131/729/40 2425/731/40
f 3069/1916/5 3071/1921/5 857/1908/40
f 3069/1916/5 3070/1918/5 3071/1921/5
f 3070/1918/5 392/1919/5 3071/1921/5
f 2423/1917/5 1641/1910/40 153/732/40
f 2423/1917/5 3069/1916/5 1641/1910/40
f 3069/1916/5 857/1908/40 1641/1910/40
f 3068/1914/74 1955/99/27 387/3804/91
f 3068/1914/74 2426/1913/73 1955/99/27
f 2426/1913/73 25/97/1 1955/99/27
f 3066/1909/41 3068/1914/74 387/3804/91
f 3066/1909/41 3067/1911/71 3068/1914/74
f 3067/1911/71 858/1912/72 3068/1914/74
f 1641/1910/40 1171/3806/92 153/732/40
f 1641/1910/40 3066/1909/41 1171/3806/92
f 3066/1909/41 387/3804/91 1171/3806/92
f 3065/1907/5 1213/3706/5 429/3705/5
f 3065/1907/5 1643/1898/40 1213/3706/5
f 1643/1898/40 155/633/40 1213/3706/5
f 3063/1904/5 3065/1907/5 429/3705/5
f 3063/1904/5 3064/1906/5 3065/1907/5
f 3064/1906/5 859/1896/40 3065/1907/5
f 2424/1905/5 1997/133/5 34/132/4
f 2424/1905/5 3063/1904/5 1997/133/5
f 3063/1904/5 429/3705/5 1997/133/5
f 3062/1902/57 2428/736/43 860/1889/48
f 3062/1902/57 1173/1901/56 2428/736/43
f 1173/1901/56 154/641/1 2428/736/43
f 3060/1897/46 3062/1902/57 860/1889/48
f 3060/1897/46 3061/1899/54 3062/1902/57
f 3061/1899/54 389/1900/55 3062/1902/57
f 1643/1898/40 1644/1891/50 155/633/40
f 1643/1898/40 3060/1897/46 1644/1891/50
f 3060/1897/46 860/1889/48 1644/1891/50
f 3059/1895/53 2372/2201/73 804/2200/72
f 3059/1895/53 2429/1894/26 2372/2201/73
f 2429/1894/26 33/129/1 2372/2201/73
f 3057/1890/49 3059/1895/53 804/2200/72
f 3057/1890/49 3058/1892/51 3059/1895/53
f 3058/1892/51 861/1893/52 3059/1895/53
f 1644/1891/50 1588/634/41 155/633/40
f 1644/1891/50 3057/1890/49 1588/634/41
f 3057/1890/49 804/2200/72 1588/634/41
f 3056/1888/70 1836/746/45 1052/1867/60
f 3056/1888/70 2619/1881/66 1836/746/45
f 2619/1881/66 151/744/32 1836/746/45
f 3054/4205/68 3056/1888/70 1052/1867/60
f 3054/4205/68 3055/4206/69 3056/1888/70
f 3055/4206/69 1051/1879/64 3056/1888/70
f 2483/1606/26 2620/4207/62 25/97/1
f 2483/1606/26 3054/1886/68 2620/4207/62
f 3054/4205/68 1052/1867/60 2620/1869/62
f 3053/1885/66 2430/743/32 862/1872/32
f 3053/1885/66 2597/1884/65 2430/743/32
f 2597/1884/65 128/741/32 2430/743/32
f 3051/1880/65 3053/1885/66 862/1872/32
f 3051/1880/65 3052/1882/67 3053/1885/66
f 3052/1882/67 1029/1883/64 3053/1885/66
f 2619/1881/66 1646/1874/32 151/744/32
f 2619/1881/66 3051/1880/65 1646/1874/32
f 3051/1880/65 862/1872/32 1646/1874/32
f 3050/1878/24 1953/95/24 385/3816/24
f 3050/1878/24 2431/1877/24 1953/95/24
f 2431/1877/24 24/92/22 1953/95/24
f 3048/1873/24 3050/1878/24 385/3816/24
f 3048/1873/24 3049/1875/24 3050/1878/24
f 3049/1875/24 863/1876/24 3050/1878/24
f 1646/1874/32 1169/3818/24 151/744/32
f 1646/1874/32 3048/1873/24 1169/3818/24
f 3048/1873/24 385/3816/24 1169/3818/24
f 3047/1871/45 1814/3718/63 1030/3717/90
f 3047/1871/45 1648/1862/32 1814/3718/63
f 1648/1862/32 152/645/32 1814/3718/63
f 3045/1868/61 3047/1871/45 1030/3717/90
f 3045/1868/61 3046/1870/63 3047/1871/45
f 3046/1870/63 864/1860/32 3047/1871/45
f 2620/4207/62 2598/128/28 25/97/1
f 2620/1869/62 3045/1868/61 2598/4208/28
f 3045/1868/61 1030/3717/90 2598/4208/28
f 3044/1866/24 2433/750/24 865/1855/24
f 3044/1866/24 1954/1865/24 2433/750/24
f 1954/1865/24 150/748/22 2433/750/24
f 3042/1861/24 3044/1866/24 865/1855/24
f 3042/1861/24 3043/1863/24 3044/1866/24
f 3043/1863/24 386/1864/24 3044/1866/24
f 1648/1862/32 1649/1857/24 152/645/32
f 1648/1862/32 3042/1861/24 1649/1857/24
f 3042/1861/24 865/1855/24 1649/1857/24
f 3041/1859/24 2377/2165/24 809/2164/24
f 3041/1859/24 2434/1852/22 2377/2165/24
f 2434/1852/22 32/124/22 2377/2165/24
f 3039/1856/24 3041/1859/24 809/2164/24
f 3039/1856/24 3040/1858/24 3041/1859/24
f 3040/1858/24 866/1850/22 3041/1859/24
f 1649/1857/24 1593/646/24 152/645/32
f 1649/1857/24 3039/1856/24 1593/646/24
f 3039/1856/24 809/2164/24 1593/646/24
f 3038/1854/23 1652/758/23 868/1831/23
f 3038/1854/23 2435/1845/23 1652/758/23
f 2435/1845/23 148/756/34 1652/758/23
f 3036/1851/23 3038/1854/23 868/1831/23
f 3036/1851/23 3037/1853/23 3038/1854/23
f 3037/1853/23 867/1843/23 3038/1854/23
f 2434/1852/22 2436/1833/23 32/124/22
f 2434/1852/22 3036/1851/23 2436/1833/23
f 3036/1851/23 868/1831/23 2436/1833/23
f 3035/1849/23 2437/755/34 869/1836/34
f 3035/1849/23 1952/1848/23 2437/755/34
f 1952/1848/23 125/753/34 2437/755/34
f 3033/1844/23 3035/1849/23 869/1836/34
f 3033/1844/23 3034/1846/23 3035/1849/23
f 3034/1846/23 384/1847/23 3035/1849/23
f 2435/1845/23 1653/1838/34 148/756/34
f 2435/1845/23 3033/1844/23 1653/1838/34
f 3033/1844/23 869/1836/34 1653/1838/34
f 3032/1842/21 1948/91/21 380/3828/21
f 3032/1842/21 2438/1841/21 1948/91/21
f 2438/1841/21 23/88/19 1948/91/21
f 3030/1837/21 3032/1842/21 380/3828/21
f 3030/1837/21 3031/1839/21 3032/1842/21
f 3031/1839/21 870/1840/21 3032/1842/21
f 1653/1838/34 1164/3830/21 148/756/34
f 1653/1838/34 3030/1837/21 1164/3830/21
f 3030/1837/21 380/3828/21 1164/3830/21
f 3029/1835/23 1205/3730/23 421/3729/23
f 3029/1835/23 1655/1826/34 1205/3730/23
f 1655/1826/34 149/657/34 1205/3730/23
f 3027/1832/23 3029/1835/23 421/3729/23
f 3027/1832/23 3028/1834/23 3029/1835/23
f 3028/1834/23 871/1824/34 3029/1835/23
f 2436/1833/23 1989/125/23 32/124/22
f 2436/1833/23 3027/1832/23 1989/125/23
f 3027/1832/23 421/3729/23 1989/125/23
f 3026/1830/21 2440/762/21 872/1819/21
f 3026/1830/21 1949/1829/21 2440/762/21
f 1949/1829/21 147/760/19 2440/762/21
f 3024/1825/21 3026/1830/21 872/1819/21
f 3024/1825/21 3025/1827/21 3026/1830/21
f 3025/1827/21 381/1828/21 3026/1830/21
f 1655/1826/34 1656/1821/21 149/657/34
f 1655/1826/34 3024/1825/21 1656/1821/21
f 3024/1825/21 872/1819/21 1656/1821/21
f 3023/1823/21 2384/2129/21 816/2128/21
f 3023/1823/21 2441/1816/19 2384/2129/21
f 2441/1816/19 31/120/19 2384/2129/21
f 3021/1820/21 3023/1823/21 816/2128/21
f 3021/1820/21 3022/1822/21 3023/1823/21
f 3022/1822/21 873/1814/19 3023/1823/21
f 1656/1821/21 1600/658/21 149/657/34
f 1656/1821/21 3021/1820/21 1600/658/21
f 3021/1820/21 816/2128/21 1600/658/21
f 3020/1818/20 1659/770/20 875/1795/20
f 3020/1818/20 2442/1809/20 1659/770/20
f 2442/1809/20 145/768/35 1659/770/20
f 3018/1815/20 3020/1818/20 875/1795/20
f 3018/1815/20 3019/1817/20 3020/1818/20
f 3019/1817/20 874/1807/20 3020/1818/20
f 2441/1816/19 2443/1797/20 31/120/19
f 2441/1816/19 3018/1815/20 2443/1797/20
f 3018/1815/20 875/1795/20 2443/1797/20
f 3017/1813/20 2444/767/35 876/1800/35
f 3017/1813/20 1947/1812/20 2444/767/35
f 1947/1812/20 122/765/35 2444/767/35
f 3015/1808/20 3017/1813/20 876/1800/35
f 3015/1808/20 3016/1810/20 3017/1813/20
f 3016/1810/20 379/1811/20 3017/1813/20
f 2442/1809/20 1660/1802/35 145/768/35
f 2442/1809/20 3015/1808/20 1660/1802/35
f 3015/1808/20 876/1800/35 1660/1802/35
f 3014/1806/18 1943/87/18 375/3840/18
f 3014/1806/18 2445/1805/18 1943/87/18
f 2445/1805/18 22/84/16 1943/87/18
f 3012/1801/18 3014/1806/18 375/3840/18
f 3012/1801/18 3013/1803/18 3014/1806/18
f 3013/1803/18 877/1804/18 3014/1806/18
f 1660/1802/35 1159/3842/18 145/768/35
f 1660/1802/35 3012/1801/18 1159/3842/18
f 3012/1801/18 375/3840/18 1159/3842/18
f 3011/1799/20 1200/3742/20 416/3741/20
f 3011/1799/20 1662/1790/35 1200/3742/20
f 1662/1790/35 146/669/35 1200/3742/20
f 3009/1796/20 3011/1799/20 416/3741/20
f 3009/1796/20 3010/1798/20 3011/1799/20
f 3010/1798/20 878/1788/35 3011/1799/20
f 2443/1797/20 1984/121/20 31/120/19
f 2443/1797/20 3009/1796/20 1984/121/20
f 3009/1796/20 416/3741/20 1984/121/20
f 3008/1794/18 2447/774/18 879/1783/18
f 3008/1794/18 1944/1793/18 2447/774/18
f 1944/1793/18 144/772/16 2447/774/18
f 3006/1789/18 3008/1794/18 879/1783/18
f 3006/1789/18 3007/1791/18 3008/1794/18
f 3007/1791/18 376/1792/18 3008/1794/18
f 1662/1790/35 1663/1785/18 146/669/35
f 1662/1790/35 3006/1789/18 1663/1785/18
f 3006/1789/18 879/1783/18 1663/1785/18
f 3005/1787/18 2391/2093/18 823/2092/18
f 3005/1787/18 2448/1780/16 2391/2093/18
f 2448/1780/16 30/116/16 2391/2093/18
f 3003/1784/18 3005/1787/18 823/2092/18
f 3003/1784/18 3004/1786/18 3005/1787/18
f 3004/1786/18 880/1778/16 3005/1787/18
f 1663/1785/18 1607/670/18 146/669/35
f 1663/1785/18 3003/1784/18 1607/670/18
f 3003/1784/18 823/2092/18 1607/670/18
f 3002/1782/17 1666/782/17 882/1759/17
f 3002/1782/17 2449/1773/17 1666/782/17
f 2449/1773/17 142/780/36 1666/782/17
f 3000/1779/17 3002/1782/17 882/1759/17
f 3000/1779/17 3001/1781/17 3002/1782/17
f 3001/1781/17 881/1771/17 3002/1782/17
f 2448/1780/16 2450/1761/17 30/116/16
f 2448/1780/16 3000/1779/17 2450/1761/17
f 3000/1779/17 882/1759/17 2450/1761/17
f 2999/1777/17 2451/779/36 883/1764/36
f 2999/1777/17 1942/1776/17 2451/779/36
f 1942/1776/17 119/777/36 2451/779/36
f 2997/1772/17 2999/1777/17 883/1764/36
f 2997/1772/17 2998/1774/17 2999/1777/17
f 2998/1774/17 374/1775/17 2999/1777/17
f 2449/1773/17 1667/1766/36 142/780/36
f 2449/1773/17 2997/1772/17 1667/1766/36
f 2997/1772/17 883/1764/36 1667/1766/36
f 2996/1770/15 1938/83/15 370/3852/15
f 2996/1770/15 2452/1769/15 1938/83/15
f 2452/1769/15 21/80/13 1938/83/15
f 2994/1765/15 2996/1770/15 370/3852/15
f 2994/1765/15 2995/1767/15 2996/1770/15
f 2995/1767/15 884/1768/15 2996/1770/15
f 1667/1766/36 1154/3854/15 142/780/36
f 1667/1766/36 2994/1765/15 1154/3854/15
f 2994/1765/15 370/3852/15 1154/3854/15
f 2993/1763/17 1195/3754/17 411/3753/17
f 2993/1763/17 1669/1754/36 1195/3754/17
f 1669/1754/36 143/681/36 1195/3754/17
f 2991/1760/17 2993/1763/17 411/3753/17
f 2991/1760/17 2992/1762/17 2993/1763/17
f 2992/1762/17 885/1752/36 2993/1763/17
f 2450/1761/17 1979/117/17 30/116/16
f 2450/1761/17 2991/1760/17 1979/117/17
f 2991/1760/17 411/3753/17 1979/117/17
f 2990/1758/15 2454/786/15 886/1747/15
f 2990/1758/15 1939/1757/15 2454/786/15
f 1939/1757/15 141/784/13 2454/786/15
f 2988/1753/15 2990/1758/15 886/1747/15
f 2988/1753/15 2989/1755/15 2990/1758/15
f 2989/1755/15 371/1756/15 2990/1758/15
f 1669/1754/36 1670/1749/15 143/681/36
f 1669/1754/36 2988/1753/15 1670/1749/15
f 2988/1753/15 886/1747/15 1670/1749/15
f 2987/1751/15 2398/2057/15 830/2056/15
f 2987/1751/15 2455/1744/13 2398/2057/15
f 2455/1744/13 29/112/13 2398/2057/15
f 2985/1748/15 2987/1751/15 830/2056/15
f 2985/1748/15 2986/1750/15 2987/1751/15
f 2986/1750/15 887/1742/13 2987/1751/15
f 1670/1749/15 1614/682/15 143/681/36
f 1670/1749/15 2985/1748/15 1614/682/15
f 2985/1748/15 830/2056/15 1614/682/15
f 2984/1746/14 1673/794/14 889/1723/14
f 2984/1746/14 2456/1737/14 1673/794/14
f 2456/1737/14 139/792/37 1673/794/14
f 2982/1743/14 2984/1746/14 889/1723/14
f 2982/1743/14 2983/1745/14 2984/1746/14
f 2983/1745/14 888/1735/14 2984/1746/14
f 2455/1744/13 2457/1725/14 29/112/13
f 2455/1744/13 2982/1743/14 2457/1725/14
f 2982/1743/14 889/1723/14 2457/1725/14
f 2981/1741/14 2458/791/37 890/1728/37
f 2981/1741/14 1937/1740/14 2458/791/37
f 1937/1740/14 116/789/37 2458/791/37
f 2979/1736/14 2981/1741/14 890/1728/37
f 2979/1736/14 2980/1738/14 2981/1741/14
f 2980/1738/14 369/1739/14 2981/1741/14
f 2456/1737/14 1674/1730/37 139/792/37
f 2456/1737/14 2979/1736/14 1674/1730/37
f 2979/1736/14 890/1728/37 1674/1730/37
f 2978/1734/12 1933/79/12 365/3864/12
f 2978/1734/12 2459/1733/12 1933/79/12
f 2459/1733/12 20/76/10 1933/79/12
f 2976/1729/12 2978/1734/12 365/3864/12
f 2976/1729/12 2977/1731/12 2978/1734/12
f 2977/1731/12 891/1732/12 2978/1734/12
f 1674/1730/37 1149/3866/12 139/792/37
f 1674/1730/37 2976/1729/12 1149/3866/12
f 2976/1729/12 365/3864/12 1149/3866/12
f 2975/1727/14 1190/3766/14 406/3765/14
f 2975/1727/14 1676/1718/37 1190/3766/14
f 1676/1718/37 140/693/37 1190/3766/14
f 2973/1724/14 2975/1727/14 406/3765/14
f 2973/1724/14 2974/1726/14 2975/1727/14
f 2974/1726/14 892/1716/37 2975/1727/14
f 2457/1725/14 1974/113/14 29/112/13
f 2457/1725/14 2973/1724/14 1974/113/14
f 2973/1724/14 406/3765/14 1974/113/14
f 2972/1722/12 2461/798/12 893/1711/12
f 2972/1722/12 1934/1721/12 2461/798/12
f 1934/1721/12 138/796/10 2461/798/12
f 2970/1717/12 2972/1722/12 893/1711/12
f 2970/1717/12 2971/1719/12 2972/1722/12
f 2971/1719/12 366/1720/12 2972/1722/12
f 1676/1718/37 1677/1713/12 140/693/37
f 1676/1718/37 2970/1717/12 1677/1713/12
f 2970/1717/12 893/1711/12 1677/1713/12
f 2969/1715/12 2405/2021/12 837/2020/12
f 2969/1715/12 2462/1708/10 2405/2021/12
f 2462/1708/10 28/108/10 2405/2021/12
f 2967/1712/12 2969/1715/12 837/2020/12
f 2967/1712/12 2968/1714/12 2969/1715/12
f 2968/1714/12 894/1706/10 2969/1715/12
f 1677/1713/12 1621/694/12 140/693/37
f 1677/1713/12 2967/1712/12 1621/694/12
f 2967/1712/12 837/2020/12 1621/694/12
f 2966/1710/11 1680/806/11 896/1687/11
f 2966/1710/11 2463/1701/11 1680/806/11
f 2463/1701/11 136/804/38 1680/806/11
f 2964/1707/11 2966/1710/11 896/1687/11
f 2964/1707/11 2965/1709/11 2966/1710/11
f 2965/1709/11 895/1699/11 2966/1710/11
f 2462/1708/10 2464/1689/11 28/108/10
f 2462/1708/10 2964/1707/11 2464/1689/11
f 2964/1707/11 896/1687/11 2464/1689/11
f 2963/1705/11 2465/803/38 897/1692/38
f 2963/1705/11 1932/1704/11 2465/803/38
f 1932/1704/11 113/801/38 2465/803/38
f 2961/1700/11 2963/1705/11 897/1692/38
f 2961/1700/11 2962/1702/11 2963/1705/11
f 2962/1702/11 364/1703/11 2963/1705/11
f 2463/1701/11 1681/1694/38 136/804/38
f 2463/1701/11 2961/1700/11 1681/1694/38
f 2961/1700/11 897/1692/38 1681/1694/38
f 2960/1698/9 1928/75/9 360/3876/9
f 2960/1698/9 2466/1697/9 1928/75/9
f 2466/1697/9 19/72/7 1928/75/9
f 2958/1693/9 2960/1698/9 360/3876/9
f 2958/1693/9 2959/1695/9 2960/1698/9
f 2959/1695/9 898/1696/9 2960/1698/9
f 1681/1694/38 1144/3878/9 136/804/38
f 1681/1694/38 2958/1693/9 1144/3878/9
f 2958/1693/9 360/3876/9 1144/3878/9
f 2957/1691/11 1185/3778/11 401/3777/11
f 2957/1691/11 1683/1682/38 1185/3778/11
f 1683/1682/38 137/705/38 1185/3778/11
f 2955/1688/11 2957/1691/11 401/3777/11
f 2955/1688/11 2956/1690/11 2957/1691/11
f 2956/1690/11 899/1680/38 2957/1691/11
f 2464/1689/11 1969/109/11 28/108/10
f 2464/1689/11 2955/1688/11 1969/109/11
f 2955/1688/11 401/3777/11 1969/109/11
f 2954/1686/9 2468/810/9 900/1675/9
f 2954/1686/9 1929/1685/9 2468/810/9
f 1929/1685/9 135/808/7 2468/810/9
f 2952/1681/9 2954/1686/9 900/1675/9
f 2952/1681/9 2953/1683/9 2954/1686/9
f 2953/1683/9 361/1684/9 2954/1686/9
f 1683/1682/38 1684/1677/9 137/705/38
f 1683/1682/38 2952/1681/9 1684/1677/9
f 2952/1681/9 900/1675/9 1684/1677/9
f 2951/1679/9 2412/1985/9 844/1984/9
f 2951/1679/9 2469/1672/7 2412/1985/9
f 2469/1672/7 27/104/7 2412/1985/9
f 2949/1676/9 2951/1679/9 844/1984/9
f 2949/1676/9 2950/1678/9 2951/1679/9
f 2950/1678/9 901/1670/7 2951/1679/9
f 1684/1677/9 1628/706/9 137/705/38
f 1684/1677/9 2949/1676/9 1628/706/9
f 2949/1676/9 844/1984/9 1628/706/9
f 2948/1674/8 1687/818/8 903/1651/8
f 2948/1674/8 2470/1665/8 1687/818/8
f 2470/1665/8 133/816/39 1687/818/8
f 2946/1671/8 2948/1674/8 903/1651/8
f 2946/1671/8 2947/1673/8 2948/1674/8
f 2947/1673/8 902/1663/8 2948/1674/8
f 2469/1672/7 2471/1653/8 27/104/7
f 2469/1672/7 2946/1671/8 2471/1653/8
f 2946/1671/8 903/1651/8 2471/1653/8
f 2945/1669/8 2472/815/39 904/1656/39
f 2945/1669/8 1927/1668/8 2472/815/39
f 1927/1668/8 110/813/39 2472/815/39
f 2943/1664/8 2945/1669/8 904/1656/39
f 2943/1664/8 2944/1666/8 2945/1669/8
f 2944/1666/8 359/1667/8 2945/1669/8
f 2470/1665/8 1688/1658/39 133/816/39
f 2470/1665/8 2943/1664/8 1688/1658/39
f 2943/1664/8 904/1656/39 1688/1658/39
f 2942/1662/6 1923/71/6 355/3888/6
f 2942/1662/6 2473/1661/6 1923/71/6
f 2473/1661/6 18/68/4 1923/71/6
f 2940/1657/6 2942/1662/6 355/3888/6
f 2940/1657/6 2941/1659/6 2942/1662/6
f 2941/1659/6 905/1660/6 2942/1662/6
f 1688/1658/39 1139/3890/6 133/816/39
f 1688/1658/39 2940/1657/6 1139/3890/6
f 2940/1657/6 355/3888/6 1139/3890/6
f 2939/1655/8 1180/3790/8 396/3789/8
f 2939/1655/8 1690/1646/39 1180/3790/8
f 1690/1646/39 134/717/39 1180/3790/8
f 2937/1652/8 2939/1655/8 396/3789/8
f 2937/1652/8 2938/1654/8 2939/1655/8
f 2938/1654/8 906/1644/39 2939/1655/8
f 2471/1653/8 1964/105/8 27/104/7
f 2471/1653/8 2937/1652/8 1964/105/8
f 2937/1652/8 396/3789/8 1964/105/8
f 2936/1650/6 2475/822/6 907/1639/6
f 2936/1650/6 1924/1649/6 2475/822/6
f 1924/1649/6 132/820/4 2475/822/6
f 2934/1645/6 2936/1650/6 907/1639/6
f 2934/1645/6 2935/1647/6 2936/1650/6
f 2935/1647/6 356/1648/6 2936/1650/6
f 1690/1646/39 1691/1641/6 134/717/39
f 1690/1646/39 2934/1645/6 1691/1641/6
f 2934/1645/6 907/1639/6 1691/1641/6
f 2933/1643/6 2419/1949/6 851/1948/6
f 2933/1643/6 2476/1636/4 2419/1949/6
f 2476/1636/4 26/100/4 2419/1949/6
f 2931/1640/6 2933/1643/6 851/1948/6
f 2931/1640/6 2932/1642/6 2933/1643/6
f 2932/1642/6 908/1634/4 2933/1643/6
f 1691/1641/6 1635/718/6 134/717/39
f 1691/1641/6 2931/1640/6 1635/718/6
f 2931/1640/6 851/1948/6 1635/718/6
f 2930/1638/5 1694/830/5 910/1615/5
f 2930/1638/5 2477/1629/5 1694/830/5
f 2477/1629/5 129/828/40 1694/830/5
f 2928/1635/5 2930/1638/5 910/1615/5
f 2928/1635/5 2929/1637/5 2930/1638/5
f 2929/1637/5 909/1627/5 2930/1638/5
f 2476/1636/4 2478/1617/5 26/100/4
f 2476/1636/4 2928/1635/5 2478/1617/5
f 2928/1635/5 910/1615/5 2478/1617/5
f 2927/1633/5 2479/827/40 911/1620/40
f 2927/1633/5 1922/1632/5 2479/827/40
f 1922/1632/5 107/825/40 2479/827/40
f 2925/1628/5 2927/1633/5 911/1620/40
f 2925/1628/5 2926/1630/5 2927/1633/5
f 2926/1630/5 354/1631/5 2927/1633/5
f 2477/1629/5 1695/1622/40 129/828/40
f 2477/1629/5 2925/1628/5 1695/1622/40
f 2925/1628/5 911/1620/40 1695/1622/40
f 2924/1626/74 1917/67/27 349/3900/91
f 2924/1626/74 2480/1625/73 1917/67/27
f 2480/1625/73 17/65/1 1917/67/27
f 2922/1621/41 2924/1626/74 349/3900/91
f 2922/1621/41 2923/1623/71 2924/1626/74
f 2923/1623/71 912/1624/72 2924/1626/74
f 1695/1622/40 1133/3902/92 129/828/40
f 1695/1622/40 2922/1621/41 1133/3902/92
f 2922/1621/41 349/3900/91 1133/3902/92
f 2921/1619/5 1175/3802/5 391/3801/5
f 2921/1619/5 1697/1610/40 1175/3802/5
f 1697/1610/40 131/729/40 1175/3802/5
f 2919/1616/5 2921/1619/5 391/3801/5
f 2919/1616/5 2920/1618/5 2921/1619/5
f 2920/1618/5 913/1608/40 2921/1619/5
f 2478/1617/5 1959/101/5 26/100/4
f 2478/1617/5 2919/1616/5 1959/101/5
f 2919/1616/5 391/3801/5 1959/101/5
f 2918/1614/57 2482/832/43 914/1601/48
f 2918/1614/57 1135/1613/56 2482/832/43
f 1135/1613/56 130/737/1 2482/832/43
f 2916/1609/46 2918/1614/57 914/1601/48
f 2916/1609/46 2917/1611/54 2918/1614/57
f 2917/1611/54 351/1612/55 2918/1614/57
f 1697/1610/40 1698/1603/50 131/729/40
f 1697/1610/40 2916/1609/46 1698/1603/50
f 2916/1609/46 914/1601/48 1698/1603/50
f 2915/1607/53 2426/1913/73 858/1912/72
f 2915/1607/53 2483/1606/26 2426/1913/73
f 2483/1606/26 25/97/1 2426/1913/73
f 2913/1602/49 2915/1607/53 858/1912/72
f 2913/1602/49 2914/1604/51 2915/1607/53
f 2914/1604/51 915/1605/52 2915/1607/53
f 1698/1603/50 1642/730/41 131/729/40
f 1698/1603/50 2913/1602/49 1642/730/41
f 2913/1602/49 858/1912/72 1642/730/41
f 2912/1600/70 1838/842/45 1054/1579/60
f 2912/1600/70 2621/1593/66 1838/842/45
f 2621/1593/66 127/840/32 1838/842/45
f 2910/4209/68 2912/1600/70 1054/1579/60
f 2910/4209/68 2911/4210/69 2912/1600/70
f 2911/4210/69 1053/1591/64 2912/1600/70
f 2537/1318/26 2622/4211/62 17/65/1
f 2537/1318/26 2910/1598/68 2622/4211/62
f 2910/4209/68 1054/1579/60 2622/1581/62
f 2909/1597/66 2484/839/32 916/1584/32
f 2909/1597/66 2595/1596/65 2484/839/32
f 2595/1596/65 103/837/32 2484/839/32
f 2907/1592/65 2909/1597/66 916/1584/32
f 2907/1592/65 2908/1594/67 2909/1597/66
f 2908/1594/67 1027/1595/64 2909/1597/66
f 2621/1593/66 1700/1586/32 127/840/32
f 2621/1593/66 2907/1592/65 1700/1586/32
f 2907/1592/65 916/1584/32 1700/1586/32
f 2906/1590/24 1915/63/24 347/3912/24
f 2906/1590/24 2485/1589/24 1915/63/24
f 2485/1589/24 16/60/22 1915/63/24
f 2904/1585/24 2906/1590/24 347/3912/24
f 2904/1585/24 2905/1587/24 2906/1590/24
f 2905/1587/24 917/1588/24 2906/1590/24
f 1700/1586/32 1131/3914/24 127/840/32
f 1700/1586/32 2904/1585/24 1131/3914/24
f 2904/1585/24 347/3912/24 1131/3914/24
f 2903/1583/45 1812/3814/63 1028/3813/90
f 2903/1583/45 1702/1574/32 1812/3814/63
f 1702/1574/32 128/741/32 1812/3814/63
f 2901/1580/61 2903/1583/45 1028/3813/90
f 2901/1580/61 2902/1582/63 2903/1583/45
f 2902/1582/63 918/1572/32 2903/1583/45
f 2622/4211/62 2596/96/28 17/65/1
f 2622/1581/62 2901/1580/61 2596/4212/28
f 2901/1580/61 1028/3813/90 2596/4212/28
f 2900/1578/24 2487/846/24 919/1567/24
f 2900/1578/24 1916/1577/24 2487/846/24
f 1916/1577/24 126/844/22 2487/846/24
f 2898/1573/24 2900/1578/24 919/1567/24
f 2898/1573/24 2899/1575/24 2900/1578/24
f 2899/1575/24 348/1576/24 2900/1578/24
f 1702/1574/32 1703/1569/24 128/741/32
f 1702/1574/32 2898/1573/24 1703/1569/24
f 2898/1573/24 919/1567/24 1703/1569/24
f 2897/1571/24 2431/1877/24 863/1876/24
f 2897/1571/24 2488/1564/22 2431/1877/24
f 2488/1564/22 24/92/22 2431/1877/24
f 2895/1568/24 2897/1571/24 863/1876/24
f 2895/1568/24 2896/1570/24 2897/1571/24
f 2896/1570/24 920/1562/22 2897/1571/24
f 1703/1569/24 1647/742/24 128/741/32
f 1703/1569/24 2895/1568/24 1647/742/24
f 2895/1568/24 863/1876/24 1647/742/24
f 2894/1566/23 1706/854/23 922/1543/23
f 2894/1566/23 2489/1557/23 1706/854/23
f 2489/1557/23 124/852/34 1706/854/23
f 2892/1563/23 2894/1566/23 922/1543/23
f 2892/1563/23 2893/1565/23 2894/1566/23
f 2893/1565/23 921/1555/23 2894/1566/23
f 2488/1564/22 2490/1545/23 24/92/22
f 2488/1564/22 2892/1563/23 2490/1545/23
f 2892/1563/23 922/1543/23 2490/1545/23
f 2891/1561/23 2491/851/34 923/1548/34
f 2891/1561/23 1914/1560/23 2491/851/34
f 1914/1560/23 99/849/34 2491/851/34
f 2889/1556/23 2891/1561/23 923/1548/34
f 2889/1556/23 2890/1558/23 2891/1561/23
f 2890/1558/23 346/1559/23 2891/1561/23
f 2489/1557/23 1707/1550/34 124/852/34
f 2489/1557/23 2889/1556/23 1707/1550/34
f 2889/1556/23 923/1548/34 1707/1550/34
f 2888/1554/21 1910/59/21 342/3924/21
f 2888/1554/21 2492/1553/21 1910/59/21
f 2492/1553/21 15/56/19 1910/59/21
f 2886/1549/21 2888/1554/21 342/3924/21
f 2886/1549/21 2887/1551/21 2888/1554/21
f 2887/1551/21 924/1552/21 2888/1554/21
f 1707/1550/34 1126/3926/21 124/852/34
f 1707/1550/34 2886/1549/21 1126/3926/21
f 2886/1549/21 342/3924/21 1126/3926/21
f 2885/1547/23 1167/3826/23 383/3825/23
f 2885/1547/23 1709/1538/34 1167/3826/23
f 1709/1538/34 125/753/34 1167/3826/23
f 2883/1544/23 2885/1547/23 383/3825/23
f 2883/1544/23 2884/1546/23 2885/1547/23
f 2884/1546/23 925/1536/34 2885/1547/23
f 2490/1545/23 1951/93/23 24/92/22
f 2490/1545/23 2883/1544/23 1951/93/23
f 2883/1544/23 383/3825/23 1951/93/23
f 2882/1542/21 2494/858/21 926/1531/21
f 2882/1542/21 1911/1541/21 2494/858/21
f 1911/1541/21 123/856/19 2494/858/21
f 2880/1537/21 2882/1542/21 926/1531/21
f 2880/1537/21 2881/1539/21 2882/1542/21
f 2881/1539/21 343/1540/21 2882/1542/21
f 1709/1538/34 1710/1533/21 125/753/34
f 1709/1538/34 2880/1537/21 1710/1533/21
f 2880/1537/21 926/1531/21 1710/1533/21
f 2879/1535/21 2438/1841/21 870/1840/21
f 2879/1535/21 2495/1528/19 2438/1841/21
f 2495/1528/19 23/88/19 2438/1841/21
f 2877/1532/21 2879/1535/21 870/1840/21
f 2877/1532/21 2878/1534/21 2879/1535/21
f 2878/1534/21 927/1526/19 2879/1535/21
f 1710/1533/21 1654/754/21 125/753/34
f 1710/1533/21 2877/1532/21 1654/754/21
f 2877/1532/21 870/1840/21 1654/754/21
f 2876/1530/20 1713/866/20 929/1507/20
f 2876/1530/20 2496/1521/20 1713/866/20
f 2496/1521/20 121/864/35 1713/866/20
f 2874/1527/20 2876/1530/20 929/1507/20
f 2874/1527/20 2875/1529/20 2876/1530/20
f 2875/1529/20 928/1519/20 2876/1530/20
f 2495/1528/19 2497/1509/20 23/88/19
f 2495/1528/19 2874/1527/20 2497/1509/20
f 2874/1527/20 929/1507/20 2497/1509/20
f 2873/1525/20 2498/863/35 930/1512/35
f 2873/1525/20 1909/1524/20 2498/863/35
f 1909/1524/20 95/861/35 2498/863/35
f 2871/1520/20 2873/1525/20 930/1512/35
f 2871/1520/20 2872/1522/20 2873/1525/20
f 2872/1522/20 341/1523/20 2873/1525/20
f 2496/1521/20 1714/1514/35 121/864/35
f 2496/1521/20 2871/1520/20 1714/1514/35
f 2871/1520/20 930/1512/35 1714/1514/35
f 2870/1518/18 1905/55/18 337/3936/18
f 2870/1518/18 2499/1517/18 1905/55/18
f 2499/1517/18 14/52/16 1905/55/18
f 2868/1513/18 2870/1518/18 337/3936/18
f 2868/1513/18 2869/1515/18 2870/1518/18
f 2869/1515/18 931/1516/18 2870/1518/18
f 1714/1514/35 1121/3938/18 121/864/35
f 1714/1514/35 2868/1513/18 1121/3938/18
f 2868/1513/18 337/3936/18 1121/3938/18
f 2867/1511/20 1162/3838/20 378/3837/20
f 2867/1511/20 1716/1502/35 1162/3838/20
f 1716/1502/35 122/765/35 1162/3838/20
f 2865/1508/20 2867/1511/20 378/3837/20
f 2865/1508/20 2866/1510/20 2867/1511/20
f 2866/1510/20 932/1500/35 2867/1511/20
f 2497/1509/20 1946/89/20 23/88/19
f 2497/1509/20 2865/1508/20 1946/89/20
f 2865/1508/20 378/3837/20 1946/89/20
f 2864/1506/18 2501/870/18 933/1495/18
f 2864/1506/18 1906/1505/18 2501/870/18
f 1906/1505/18 120/868/16 2501/870/18
f 2862/1501/18 2864/1506/18 933/1495/18
f 2862/1501/18 2863/1503/18 2864/1506/18
f 2863/1503/18 338/1504/18 2864/1506/18
f 1716/1502/35 1717/1497/18 122/765/35
f 1716/1502/35 2862/1501/18 1717/1497/18
f 2862/1501/18 933/1495/18 1717/1497/18
f 2861/1499/18 2445/1805/18 877/1804/18
f 2861/1499/18 2502/1492/16 2445/1805/18
f 2502/1492/16 22/84/16 2445/1805/18
f 2859/1496/18 2861/1499/18 877/1804/18
f 2859/1496/18 2860/1498/18 2861/1499/18
f 2860/1498/18 934/1490/16 2861/1499/18
f 1717/1497/18 1661/766/18 122/765/35
f 1717/1497/18 2859/1496/18 1661/766/18
f 2859/1496/18 877/1804/18 1661/766/18
f 2858/1494/17 1720/878/17 936/1471/17
f 2858/1494/17 2503/1485/17 1720/878/17
f 2503/1485/17 118/876/36 1720/878/17
f 2856/1491/17 2858/1494/17 936/1471/17
f 2856/1491/17 2857/1493/17 2858/1494/17
f 2857/1493/17 935/1483/17 2858/1494/17
f 2502/1492/16 2504/1473/17 22/84/16
f 2502/1492/16 2856/1491/17 2504/1473/17
f 2856/1491/17 936/1471/17 2504/1473/17
f 2855/1489/17 2505/875/36 937/1476/36
f 2855/1489/17 1904/1488/17 2505/875/36
f 1904/1488/17 91/873/36 2505/875/36
f 2853/1484/17 2855/1489/17 937/1476/36
f 2853/1484/17 2854/1486/17 2855/1489/17
f 2854/1486/17 336/1487/17 2855/1489/17
f 2503/1485/17 1721/1478/36 118/876/36
f 2503/1485/17 2853/1484/17 1721/1478/36
f 2853/1484/17 937/1476/36 1721/1478/36
f 2852/1482/15 1900/51/15 332/3948/15
f 2852/1482/15 2506/1481/15 1900/51/15
f 2506/1481/15 13/48/13 1900/51/15
f 2850/1477/15 2852/1482/15 332/3948/15
f 2850/1477/15 2851/1479/15 2852/1482/15
f 2851/1479/15 938/1480/15 2852/1482/15
f 1721/1478/36 1116/3950/15 118/876/36
f 1721/1478/36 2850/1477/15 1116/3950/15
f 2850/1477/15 332/3948/15 1116/3950/15
f 2849/1475/17 1157/3850/17 373/3849/17
f 2849/1475/17 1723/1466/36 1157/3850/17
f 1723/1466/36 119/777/36 1157/3850/17
f 2847/1472/17 2849/1475/17 373/3849/17
f 2847/1472/17 2848/1474/17 2849/1475/17
f 2848/1474/17 939/1464/36 2849/1475/17
f 2504/1473/17 1941/85/17 22/84/16
f 2504/1473/17 2847/1472/17 1941/85/17
f 2847/1472/17 373/3849/17 1941/85/17
f 2846/1470/15 2508/882/15 940/1459/15
f 2846/1470/15 1901/1469/15 2508/882/15
f 1901/1469/15 117/880/13 2508/882/15
f 2844/1465/15 2846/1470/15 940/1459/15
f 2844/1465/15 2845/1467/15 2846/1470/15
f 2845/1467/15 333/1468/15 2846/1470/15
f 1723/1466/36 1724/1461/15 119/777/36
f 1723/1466/36 2844/1465/15 1724/1461/15
f 2844/1465/15 940/1459/15 1724/1461/15
f 2843/1463/15 2452/1769/15 884/1768/15
f 2843/1463/15 2509/1456/13 2452/1769/15
f 2509/1456/13 21/80/13 2452/1769/15
f 2841/1460/15 2843/1463/15 884/1768/15
f 2841/1460/15 2842/1462/15 2843/1463/15
f 2842/1462/15 941/1454/13 2843/1463/15
f 1724/1461/15 1668/778/15 119/777/36
f 1724/1461/15 2841/1460/15 1668/778/15
f 2841/1460/15 884/1768/15 1668/778/15
f 2840/1458/14 1727/890/14 943/1435/14
f 2840/1458/14 2510/1449/14 1727/890/14
f 2510/1449/14 115/888/37 1727/890/14
f 2838/1455/14 2840/1458/14 943/1435/14
f 2838/1455/14 2839/1457/14 2840/1458/14
f 2839/1457/14 942/1447/14 2840/1458/14
f 2509/1456/13 2511/1437/14 21/80/13
f 2509/1456/13 2838/1455/14 2511/1437/14
f 2838/1455/14 943/1435/14 2511/1437/14
f 2837/1453/14 2512/887/37 944/1440/37
f 2837/1453/14 1899/1452/14 2512/887/37
f 1899/1452/14 87/885/37 2512/887/37
f 2835/1448/14 2837/1453/14 944/1440/37
f 2835/1448/14 2836/1450/14 2837/1453/14
f 2836/1450/14 331/1451/14 2837/1453/14
f 2510/1449/14 1728/1442/37 115/888/37
f 2510/1449/14 2835/1448/14 1728/1442/37
f 2835/1448/14 944/1440/37 1728/1442/37
f 2834/1446/12 1895/47/12 327/3960/12
f 2834/1446/12 2513/1445/12 1895/47/12
f 2513/1445/12 12/44/10 1895/47/12
f 2832/1441/12 2834/1446/12 327/3960/12
f 2832/1441/12 2833/1443/12 2834/1446/12
f 2833/1443/12 945/1444/12 2834/1446/12
f 1728/1442/37 1111/3962/12 115/888/37
f 1728/1442/37 2832/1441/12 1111/3962/12
f 2832/1441/12 327/3960/12 1111/3962/12
f 2831/1439/14 1152/3862/14 368/3861/14
f 2831/1439/14 1730/1430/37 1152/3862/14
f 1730/1430/37 116/789/37 1152/3862/14
f 2829/1436/14 2831/1439/14 368/3861/14
f 2829/1436/14 2830/1438/14 2831/1439/14
f 2830/1438/14 946/1428/37 2831/1439/14
f 2511/1437/14 1936/81/14 21/80/13
f 2511/1437/14 2829/1436/14 1936/81/14
f 2829/1436/14 368/3861/14 1936/81/14
f 2828/1434/12 2515/894/12 947/1423/12
f 2828/1434/12 1896/1433/12 2515/894/12
f 1896/1433/12 114/892/10 2515/894/12
f 2826/1429/12 2828/1434/12 947/1423/12
f 2826/1429/12 2827/1431/12 2828/1434/12
f 2827/1431/12 328/1432/12 2828/1434/12
f 1730/1430/37 1731/1425/12 116/789/37
f 1730/1430/37 2826/1429/12 1731/1425/12
f 2826/1429/12 947/1423/12 1731/1425/12
f 2825/1427/12 2459/1733/12 891/1732/12
f 2825/1427/12 2516/1420/10 2459/1733/12
f 2516/1420/10 20/76/10 2459/1733/12
f 2823/1424/12 2825/1427/12 891/1732/12
f 2823/1424/12 2824/1426/12 2825/1427/12
f 2824/1426/12 948/1418/10 2825/1427/12
f 1731/1425/12 1675/790/12 116/789/37
f 1731/1425/12 2823/1424/12 1675/790/12
f 2823/1424/12 891/1732/12 1675/790/12
f 2822/1422/11 1734/902/11 950/1399/11
f 2822/1422/11 2517/1413/11 1734/902/11
f 2517/1413/11 112/900/38 1734/902/11
f 2820/1419/11 2822/1422/11 950/1399/11
f 2820/1419/11 2821/1421/11 2822/1422/11
f 2821/1421/11 949/1411/11 2822/1422/11
f 2516/1420/10 2518/1401/11 20/76/10
f 2516/1420/10 2820/1419/11 2518/1401/11
f 2820/1419/11 950/1399/11 2518/1401/11
f 2819/1417/11 2519/899/38 951/1404/38
f 2819/1417/11 1894/1416/11 2519/899/38
f 1894/1416/11 83/897/38 2519/899/38
f 2817/1412/11 2819/1417/11 951/1404/38
f 2817/1412/11 2818/1414/11 2819/1417/11
f 2818/1414/11 326/1415/11 2819/1417/11
f 2517/1413/11 1735/1406/38 112/900/38
f 2517/1413/11 2817/1412/11 1735/1406/38
f 2817/1412/11 951/1404/38 1735/1406/38
f 2816/1410/9 1890/43/9 322/3972/9
f 2816/1410/9 2520/1409/9 1890/43/9
f 2520/1409/9 11/40/7 1890/43/9
f 2814/1405/9 2816/1410/9 322/3972/9
f 2814/1405/9 2815/1407/9 2816/1410/9
f 2815/1407/9 952/1408/9 2816/1410/9
f 1735/1406/38 1106/3974/9 112/900/38
f 1735/1406/38 2814/1405/9 1106/3974/9
f 2814/1405/9 322/3972/9 1106/3974/9
f 2813/1403/11 1147/3874/11 363/3873/11
f 2813/1403/11 1737/1394/38 1147/3874/11
f 1737/1394/38 113/801/38 1147/3874/11
f 2811/1400/11 2813/1403/11 363/3873/11
f 2811/1400/11 2812/1402/11 2813/1403/11
f 2812/1402/11 953/1392/38 2813/1403/11
f 2518/1401/11 1931/77/11 20/76/10
f 2518/1401/11 2811/1400/11 1931/77/11
f 2811/1400/11 363/3873/11 1931/77/11
f 2810/1398/9 2522/906/9 954/1387/9
f 2810/1398/9 1891/1397/9 2522/906/9
f 1891/1397/9 111/904/7 2522/906/9
f 2808/1393/9 2810/1398/9 954/1387/9
f 2808/1393/9 2809/1395/9 2810/1398/9
f 2809/1395/9 323/1396/9 2810/1398/9
f 1737/1394/38 1738/1389/9 113/801/38
f 1737/1394/38 2808/1393/9 1738/1389/9
f 2808/1393/9 954/1387/9 1738/1389/9
f 2807/1391/9 2466/1697/9 898/1696/9
f 2807/1391/9 2523/1384/7 2466/1697/9
f 2523/1384/7 19/72/7 2466/1697/9
f 2805/1388/9 2807/1391/9 898/1696/9
f 2805/1388/9 2806/1390/9 2807/1391/9
f 2806/1390/9 955/1382/7 2807/1391/9
f 1738/1389/9 1682/802/9 113/801/38
f 1738/1389/9 2805/1388/9 1682/802/9
f 2805/1388/9 898/1696/9 1682/802/9
f 2804/1386/8 1741/914/8 957/1363/8
f 2804/1386/8 2524/1377/8 1741/914/8
f 2524/1377/8 109/912/39 1741/914/8
f 2802/1383/8 2804/1386/8 957/1363/8
f 2802/1383/8 2803/1385/8 2804/1386/8
f 2803/1385/8 956/1375/8 2804/1386/8
f 2523/1384/7 2525/1365/8 19/72/7
f 2523/1384/7 2802/1383/8 2525/1365/8
f 2802/1383/8 957/1363/8 2525/1365/8
f 2801/1381/8 2526/911/39 958/1368/39
f 2801/1381/8 1889/1380/8 2526/911/39
f 1889/1380/8 79/909/39 2526/911/39
f 2799/1376/8 2801/1381/8 958/1368/39
f 2799/1376/8 2800/1378/8 2801/1381/8
f 2800/1378/8 321/1379/8 2801/1381/8
f 2524/1377/8 1742/1370/39 109/912/39
f 2524/1377/8 2799/1376/8 1742/1370/39
f 2799/1376/8 958/1368/39 1742/1370/39
f 2798/1374/6 1885/39/6 317/3984/6
f 2798/1374/6 2527/1373/6 1885/39/6
f 2527/1373/6 10/36/4 1885/39/6
f 2796/1369/6 2798/1374/6 317/3984/6
f 2796/1369/6 2797/1371/6 2798/1374/6
f 2797/1371/6 959/1372/6 2798/1374/6
f 1742/1370/39 1101/3986/6 109/912/39
f 1742/1370/39 2796/1369/6 1101/3986/6
f 2796/1369/6 317/3984/6 1101/3986/6
f 2795/1367/8 1142/3886/8 358/3885/8
f 2795/1367/8 1744/1358/39 1142/3886/8
f 1744/1358/39 110/813/39 1142/3886/8
f 2793/1364/8 2795/1367/8 358/3885/8
f 2793/1364/8 2794/1366/8 2795/1367/8
f 2794/1366/8 960/1356/39 2795/1367/8
f 2525/1365/8 1926/73/8 19/72/7
f 2525/1365/8 2793/1364/8 1926/73/8
f 2793/1364/8 358/3885/8 1926/73/8
f 2792/1362/6 2529/918/6 961/1351/6
f 2792/1362/6 1886/1361/6 2529/918/6
f 1886/1361/6 108/916/4 2529/918/6
f 2790/1357/6 2792/1362/6 961/1351/6
f 2790/1357/6 2791/1359/6 2792/1362/6
f 2791/1359/6 318/1360/6 2792/1362/6
f 1744/1358/39 1745/1353/6 110/813/39
f 1744/1358/39 2790/1357/6 1745/1353/6
f 2790/1357/6 961/1351/6 1745/1353/6
f 2789/1355/6 2473/1661/6 905/1660/6
f 2789/1355/6 2530/1348/4 2473/1661/6
f 2530/1348/4 18/68/4 2473/1661/6
f 2787/1352/6 2789/1355/6 905/1660/6
f 2787/1352/6 2788/1354/6 2789/1355/6
f 2788/1354/6 962/1346/4 2789/1355/6
f 1745/1353/6 1689/814/6 110/813/39
f 1745/1353/6 2787/1352/6 1689/814/6
f 2787/1352/6 905/1660/6 1689/814/6
f 2786/1350/5 1748/926/5 964/1327/5
f 2786/1350/5 2531/1341/5 1748/926/5
f 2531/1341/5 105/924/40 1748/926/5
f 2784/1347/5 2786/1350/5 964/1327/5
f 2784/1347/5 2785/1349/5 2786/1350/5
f 2785/1349/5 963/1339/5 2786/1350/5
f 2530/1348/4 2532/1329/5 18/68/4
f 2530/1348/4 2784/1347/5 2532/1329/5
f 2784/1347/5 964/1327/5 2532/1329/5
f 2783/1345/5 2533/923/40 965/1332/40
f 2783/1345/5 1884/1344/5 2533/923/40
f 1884/1344/5 75/921/40 2533/923/40
f 2781/1340/5 2783/1345/5 965/1332/40
f 2781/1340/5 2782/1342/5 2783/1345/5
f 2782/1342/5 316/1343/5 2783/1345/5
f 2531/1341/5 1749/1334/40 105/924/40
f 2531/1341/5 2781/1340/5 1749/1334/40
f 2781/1340/5 965/1332/40 1749/1334/40
f 2780/1338/74 1879/35/27 311/3996/91
f 2780/1338/74 2534/1337/73 1879/35/27
f 2534/1337/73 9/33/1 1879/35/27
f 2778/1333/41 2780/1338/74 311/3996/91
f 2778/1333/41 2779/1335/71 2780/1338/74
f 2779/1335/71 966/1336/72 2780/1338/74
f 1749/1334/40 1095/3998/92 105/924/40
f 1749/1334/40 2778/1333/41 1095/3998/92
f 2778/1333/41 311/3996/91 1095/3998/92
f 2777/1331/5 1137/3898/5 353/3897/5
f 2777/1331/5 1751/1322/40 1137/3898/5
f 1751/1322/40 107/825/40 1137/3898/5
f 2775/1328/5 2777/1331/5 353/3897/5
f 2775/1328/5 2776/1330/5 2777/1331/5
f 2776/1330/5 967/1320/40 2777/1331/5
f 2532/1329/5 1921/69/5 18/68/4
f 2532/1329/5 2775/1328/5 1921/69/5
f 2775/1328/5 353/3897/5 1921/69/5
f 2774/1326/57 2536/928/43 968/1313/48
f 2774/1326/57 1097/1325/56 2536/928/43
f 1097/1325/56 106/833/1 2536/928/43
f 2772/1321/46 2774/1326/57 968/1313/48
f 2772/1321/46 2773/1323/54 2774/1326/57
f 2773/1323/54 313/1324/55 2774/1326/57
f 1751/1322/40 1752/1315/50 107/825/40
f 1751/1322/40 2772/1321/46 1752/1315/50
f 2772/1321/46 968/1313/48 1752/1315/50
f 2771/1319/53 2480/1625/73 912/1624/72
f 2771/1319/53 2537/1318/26 2480/1625/73
f 2537/1318/26 17/65/1 2480/1625/73
f 2769/1314/49 2771/1319/53 912/1624/72
f 2769/1314/49 2770/1316/51 2771/1319/53
f 2770/1316/51 969/1317/52 2771/1319/53
f 1752/1315/50 1696/826/41 107/825/40
f 1752/1315/50 2769/1314/49 1696/826/41
f 2769/1314/49 912/1624/72 1696/826/41
f 2768/1312/70 1840/938/45 1056/1291/60
f 2768/1312/70 2623/1305/66 1840/938/45
f 2623/1305/66 102/936/32 1840/938/45
f 2766/4213/68 2768/1312/70 1056/1291/60
f 2766/4213/68 2767/4214/69 2768/1312/70
f 2767/4214/69 1055/1303/64 2768/1312/70
f 2591/1030/26 2624/4215/62 9/33/1
f 2591/1030/26 2766/1310/68 2624/4215/62
f 2766/4213/68 1056/1291/60 2624/1293/62
f 2765/1309/66 1754/935/32 970/1296/32
f 2765/1309/66 1809/1308/65 1754/935/32
f 1809/1308/65 104/933/32 1754/935/32
f 2763/1304/65 2765/1309/66 970/1296/32
f 2763/1304/65 2764/1306/67 2765/1309/66
f 2764/1306/67 1025/1307/64 2765/1309/66
f 2623/1305/66 2538/1298/32 102/936/32
f 2623/1305/66 2763/1304/65 2538/1298/32
f 2763/1304/65 970/1296/32 2538/1298/32
f 2762/1302/24 1877/31/24 309/4008/24
f 2762/1302/24 2539/1301/24 1877/31/24
f 2539/1301/24 8/28/22 1877/31/24
f 2760/1297/24 2762/1302/24 309/4008/24
f 2760/1297/24 2761/1299/24 2762/1302/24
f 2761/1299/24 971/1300/24 2762/1302/24
f 2538/1298/32 1093/4010/24 102/936/32
f 2538/1298/32 2760/1297/24 1093/4010/24
f 2760/1297/24 309/4008/24 1093/4010/24
f 2759/1295/45 1810/3910/63 1026/3909/90
f 2759/1295/45 1756/1286/32 1810/3910/63
f 1756/1286/32 103/837/32 1810/3910/63
f 2757/1292/61 2759/1295/45 1026/3909/90
f 2757/1292/61 2758/1294/63 2759/1295/45
f 2758/1294/63 972/1284/32 2759/1295/45
f 2624/4215/62 2594/64/28 9/33/1
f 2624/1293/62 2757/1292/61 2594/4216/28
f 2757/1292/61 1026/3909/90 2594/4216/28
f 2756/1290/24 2541/942/24 973/1279/24
f 2756/1290/24 1878/1289/24 2541/942/24
f 1878/1289/24 100/940/22 2541/942/24
f 2754/1285/24 2756/1290/24 973/1279/24
f 2754/1285/24 2755/1287/24 2756/1290/24
f 2755/1287/24 310/1288/24 2756/1290/24
f 1756/1286/32 1757/1281/24 103/837/32
f 1756/1286/32 2754/1285/24 1757/1281/24
f 2754/1285/24 973/1279/24 1757/1281/24
f 2753/1283/24 2485/1589/24 917/1588/24
f 2753/1283/24 2542/1276/22 2485/1589/24
f 2542/1276/22 16/60/22 2485/1589/24
f 2751/1280/24 2753/1283/24 917/1588/24
f 2751/1280/24 2752/1282/24 2753/1283/24
f 2752/1282/24 974/1274/22 2753/1283/24
f 1757/1281/24 1701/838/24 103/837/32
f 1757/1281/24 2751/1280/24 1701/838/24
f 2751/1280/24 917/1588/24 1701/838/24
f 2750/1278/23 1760/950/23 976/1255/23
f 2750/1278/23 2543/1269/23 1760/950/23
f 2543/1269/23 98/948/34 1760/950/23
f 2748/1275/23 2750/1278/23 976/1255/23
f 2748/1275/23 2749/1277/23 2750/1278/23
f 2749/1277/23 975/1267/23 2750/1278/23
f 2542/1276/22 2544/1257/23 16/60/22
f 2542/1276/22 2748/1275/23 2544/1257/23
f 2748/1275/23 976/1255/23 2544/1257/23
f 2747/1273/23 1761/947/34 977/1260/34
f 2747/1273/23 1092/1272/23 1761/947/34
f 1092/1272/23 101/945/34 1761/947/34
f 2745/1268/23 2747/1273/23 977/1260/34
f 2745/1268/23 2746/1270/23 2747/1273/23
f 2746/1270/23 308/1271/23 2747/1273/23
f 2543/1269/23 2545/1262/34 98/948/34
f 2543/1269/23 2745/1268/23 2545/1262/34
f 2745/1268/23 977/1260/34 2545/1262/34
f 2744/1266/21 1872/27/21 304/4020/21
f 2744/1266/21 2546/1265/21 1872/27/21
f 2546/1265/21 7/24/19 1872/27/21
f 2742/1261/21 2744/1266/21 304/4020/21
f 2742/1261/21 2743/1263/21 2744/1266/21
f 2743/1263/21 978/1264/21 2744/1266/21
f 2545/1262/34 1088/4022/21 98/948/34
f 2545/1262/34 2742/1261/21 1088/4022/21
f 2742/1261/21 304/4020/21 1088/4022/21
f 2741/1259/23 1129/3922/23 345/3921/23
f 2741/1259/23 1763/1250/34 1129/3922/23
f 1763/1250/34 99/849/34 1129/3922/23
f 2739/1256/23 2741/1259/23 345/3921/23
f 2739/1256/23 2740/1258/23 2741/1259/23
f 2740/1258/23 979/1248/34 2741/1259/23
f 2544/1257/23 1913/61/23 16/60/22
f 2544/1257/23 2739/1256/23 1913/61/23
f 2739/1256/23 345/3921/23 1913/61/23
f 2738/1254/21 2548/954/21 980/1243/21
f 2738/1254/21 1873/1253/21 2548/954/21
f 1873/1253/21 96/952/19 2548/954/21
f 2736/1249/21 2738/1254/21 980/1243/21
f 2736/1249/21 2737/1251/21 2738/1254/21
f 2737/1251/21 305/1252/21 2738/1254/21
f 1763/1250/34 1764/1245/21 99/849/34
f 1763/1250/34 2736/1249/21 1764/1245/21
f 2736/1249/21 980/1243/21 1764/1245/21
f 2735/1247/21 2492/1553/21 924/1552/21
f 2735/1247/21 2549/1240/19 2492/1553/21
f 2549/1240/19 15/56/19 2492/1553/21
f 2733/1244/21 2735/1247/21 924/1552/21
f 2733/1244/21 2734/1246/21 2735/1247/21
f 2734/1246/21 981/1238/19 2735/1247/21
f 1764/1245/21 1708/850/21 99/849/34
f 1764/1245/21 2733/1244/21 1708/850/21
f 2733/1244/21 924/1552/21 1708/850/21
f 2732/1242/20 1767/962/20 983/1219/20
f 2732/1242/20 2550/1233/20 1767/962/20
f 2550/1233/20 94/960/35 1767/962/20
f 2730/1239/20 2732/1242/20 983/1219/20
f 2730/1239/20 2731/1241/20 2732/1242/20
f 2731/1241/20 982/1231/20 2732/1242/20
f 2549/1240/19 2551/1221/20 15/56/19
f 2549/1240/19 2730/1239/20 2551/1221/20
f 2730/1239/20 983/1219/20 2551/1221/20
f 2729/1237/20 1768/959/35 984/1224/35
f 2729/1237/20 1087/1236/20 1768/959/35
f 1087/1236/20 97/957/35 1768/959/35
f 2727/1232/20 2729/1237/20 984/1224/35
f 2727/1232/20 2728/1234/20 2729/1237/20
f 2728/1234/20 303/1235/20 2729/1237/20
f 2550/1233/20 2552/1226/35 94/960/35
f 2550/1233/20 2727/1232/20 2552/1226/35
f 2727/1232/20 984/1224/35 2552/1226/35
f 2726/1230/18 1867/23/18 299/4032/18
f 2726/1230/18 2553/1229/18 1867/23/18
f 2553/1229/18 6/20/16 1867/23/18
f 2724/1225/18 2726/1230/18 299/4032/18
f 2724/1225/18 2725/1227/18 2726/1230/18
f 2725/1227/18 985/1228/18 2726/1230/18
f 2552/1226/35 1083/4034/18 94/960/35
f 2552/1226/35 2724/1225/18 1083/4034/18
f 2724/1225/18 299/4032/18 1083/4034/18
f 2723/1223/20 1124/3934/20 340/3933/20
f 2723/1223/20 1770/1214/35 1124/3934/20
f 1770/1214/35 95/861/35 1124/3934/20
f 2721/1220/20 2723/1223/20 340/3933/20
f 2721/1220/20 2722/1222/20 2723/1223/20
f 2722/1222/20 986/1212/35 2723/1223/20
f 2551/1221/20 1908/57/20 15/56/19
f 2551/1221/20 2721/1220/20 1908/57/20
f 2721/1220/20 340/3933/20 1908/57/20
f 2720/1218/18 2555/966/18 987/1207/18
f 2720/1218/18 1868/1217/18 2555/966/18
f 1868/1217/18 92/964/16 2555/966/18
f 2718/1213/18 2720/1218/18 987/1207/18
f 2718/1213/18 2719/1215/18 2720/1218/18
f 2719/1215/18 300/1216/18 2720/1218/18
f 1770/1214/35 1771/1209/18 95/861/35
f 1770/1214/35 2718/1213/18 1771/1209/18
f 2718/1213/18 987/1207/18 1771/1209/18
f 2717/1211/18 2499/1517/18 931/1516/18
f 2717/1211/18 2556/1204/16 2499/1517/18
f 2556/1204/16 14/52/16 2499/1517/18
f 2715/1208/18 2717/1211/18 931/1516/18
f 2715/1208/18 2716/1210/18 2717/1211/18
f 2716/1210/18 988/1202/16 2717/1211/18
f 1771/1209/18 1715/862/18 95/861/35
f 1771/1209/18 2715/1208/18 1715/862/18
f 2715/1208/18 931/1516/18 1715/862/18
f 2714/1206/17 1774/974/17 990/1183/17
f 2714/1206/17 2557/1197/17 1774/974/17
f 2557/1197/17 90/972/36 1774/974/17
f 2712/1203/17 2714/1206/17 990/1183/17
f 2712/1203/17 2713/1205/17 2714/1206/17
f 2713/1205/17 989/1195/17 2714/1206/17
f 2556/1204/16 2558/1185/17 14/52/16
f 2556/1204/16 2712/1203/17 2558/1185/17
f 2712/1203/17 990/1183/17 2558/1185/17
f 2711/1201/17 1775/971/36 991/1188/36
f 2711/1201/17 1082/1200/17 1775/971/36
f 1082/1200/17 93/969/36 1775/971/36
f 2709/1196/17 2711/1201/17 991/1188/36
f 2709/1196/17 2710/1198/17 2711/1201/17
f 2710/1198/17 298/1199/17 2711/1201/17
f 2557/1197/17 2559/1190/36 90/972/36
f 2557/1197/17 2709/1196/17 2559/1190/36
f 2709/1196/17 991/1188/36 2559/1190/36
f 2708/1194/15 1862/19/15 294/4044/15
f 2708/1194/15 2560/1193/15 1862/19/15
f 2560/1193/15 5/16/13 1862/19/15
f 2706/1189/15 2708/1194/15 294/4044/15
f 2706/1189/15 2707/1191/15 2708/1194/15
f 2707/1191/15 992/1192/15 2708/1194/15
f 2559/1190/36 1078/4046/15 90/972/36
f 2559/1190/36 2706/1189/15 1078/4046/15
f 2706/1189/15 294/4044/15 1078/4046/15
f 2705/1187/17 1119/3946/17 335/3945/17
f 2705/1187/17 1777/1178/36 1119/3946/17
f 1777/1178/36 91/873/36 1119/3946/17
f 2703/1184/17 2705/1187/17 335/3945/17
f 2703/1184/17 2704/1186/17 2705/1187/17
f 2704/1186/17 993/1176/36 2705/1187/17
f 2558/1185/17 1903/53/17 14/52/16
f 2558/1185/17 2703/1184/17 1903/53/17
f 2703/1184/17 335/3945/17 1903/53/17
f 2702/1182/15 2562/978/15 994/1171/15
f 2702/1182/15 1863/1181/15 2562/978/15
f 1863/1181/15 88/976/13 2562/978/15
f 2700/1177/15 2702/1182/15 994/1171/15
f 2700/1177/15 2701/1179/15 2702/1182/15
f 2701/1179/15 295/1180/15 2702/1182/15
f 1777/1178/36 1778/1173/15 91/873/36
f 1777/1178/36 2700/1177/15 1778/1173/15
f 2700/1177/15 994/1171/15 1778/1173/15
f 2699/1175/15 2506/1481/15 938/1480/15
f 2699/1175/15 2563/1168/13 2506/1481/15
f 2563/1168/13 13/48/13 2506/1481/15
f 2697/1172/15 2699/1175/15 938/1480/15
f 2697/1172/15 2698/1174/15 2699/1175/15
f 2698/1174/15 995/1166/13 2699/1175/15
f 1778/1173/15 1722/874/15 91/873/36
f 1778/1173/15 2697/1172/15 1722/874/15
f 2697/1172/15 938/1480/15 1722/874/15
f 2696/1170/14 1781/986/14 997/1147/14
f 2696/1170/14 2564/1161/14 1781/986/14
f 2564/1161/14 86/984/37 1781/986/14
f 2694/1167/14 2696/1170/14 997/1147/14
f 2694/1167/14 2695/1169/14 2696/1170/14
f 2695/1169/14 996/1159/14 2696/1170/14
f 2563/1168/13 2565/1149/14 13/48/13
f 2563/1168/13 2694/1167/14 2565/1149/14
f 2694/1167/14 997/1147/14 2565/1149/14
f 2693/1165/14 1782/983/37 998/1152/37
f 2693/1165/14 1077/1164/14 1782/983/37
f 1077/1164/14 89/981/37 1782/983/37
f 2691/1160/14 2693/1165/14 998/1152/37
f 2691/1160/14 2692/1162/14 2693/1165/14
f 2692/1162/14 293/1163/14 2693/1165/14
f 2564/1161/14 2566/1154/37 86/984/37
f 2564/1161/14 2691/1160/14 2566/1154/37
f 2691/1160/14 998/1152/37 2566/1154/37
f 2690/1158/12 1857/15/12 289/4056/12
f 2690/1158/12 2567/1157/12 1857/15/12
f 2567/1157/12 4/12/10 1857/15/12
f 2688/1153/12 2690/1158/12 289/4056/12
f 2688/1153/12 2689/1155/12 2690/1158/12
f 2689/1155/12 999/1156/12 2690/1158/12
f 2566/1154/37 1073/4058/12 86/984/37
f 2566/1154/37 2688/1153/12 1073/4058/12
f 2688/1153/12 289/4056/12 1073/4058/12
f 2687/1151/14 1114/3958/14 330/3957/14
f 2687/1151/14 1784/1142/37 1114/3958/14
f 1784/1142/37 87/885/37 1114/3958/14
f 2685/1148/14 2687/1151/14 330/3957/14
f 2685/1148/14 2686/1150/14 2687/1151/14
f 2686/1150/14 1000/1140/37 2687/1151/14
f 2565/1149/14 1898/49/14 13/48/13
f 2565/1149/14 2685/1148/14 1898/49/14
f 2685/1148/14 330/3957/14 1898/49/14
f 2684/1146/12 2569/990/12 1001/1135/12
f 2684/1146/12 1858/1145/12 2569/990/12
f 1858/1145/12 84/988/10 2569/990/12
f 2682/1141/12 2684/1146/12 1001/1135/12
f 2682/1141/12 2683/1143/12 2684/1146/12
f 2683/1143/12 290/1144/12 2684/1146/12
f 1784/1142/37 1785/1137/12 87/885/37
f 1784/1142/37 2682/1141/12 1785/1137/12
f 2682/1141/12 1001/1135/12 1785/1137/12
f 2681/1139/12 2513/1445/12 945/1444/12
f 2681/1139/12 2570/1132/10 2513/1445/12
f 2570/1132/10 12/44/10 2513/1445/12
f 2679/1136/12 2681/1139/12 945/1444/12
f 2679/1136/12 2680/1138/12 2681/1139/12
f 2680/1138/12 1002/1130/10 2681/1139/12
f 1785/1137/12 1729/886/12 87/885/37
f 1785/1137/12 2679/1136/12 1729/886/12
f 2679/1136/12 945/1444/12 1729/886/12
f 2678/1134/11 1788/998/11 1004/1111/11
f 2678/1134/11 2571/1125/11 1788/998/11
f 2571/1125/11 82/996/38 1788/998/11
f 2676/1131/11 2678/1134/11 1004/1111/11
f 2676/1131/11 2677/1133/11 2678/1134/11
f 2677/1133/11 1003/1123/11 2678/1134/11
f 2570/1132/10 2572/1113/11 12/44/10
f 2570/1132/10 2676/1131/11 2572/1113/11
f 2676/1131/11 1004/1111/11 2572/1113/11
f 2675/1129/11 1789/995/38 1005/1116/38
f 2675/1129/11 1072/1128/11 1789/995/38
f 1072/1128/11 85/993/38 1789/995/38
f 2673/1124/11 2675/1129/11 1005/1116/38
f 2673/1124/11 2674/1126/11 2675/1129/11
f 2674/1126/11 288/1127/11 2675/1129/11
f 2571/1125/11 2573/1118/38 82/996/38
f 2571/1125/11 2673/1124/11 2573/1118/38
f 2673/1124/11 1005/1116/38 2573/1118/38
f 2672/1122/9 1852/11/9 284/4068/9
f 2672/1122/9 2574/1121/9 1852/11/9
f 2574/1121/9 3/8/7 1852/11/9
f 2670/1117/9 2672/1122/9 284/4068/9
f 2670/1117/9 2671/1119/9 2672/1122/9
f 2671/1119/9 1006/1120/9 2672/1122/9
f 2573/1118/38 1068/4070/9 82/996/38
f 2573/1118/38 2670/1117/9 1068/4070/9
f 2670/1117/9 284/4068/9 1068/4070/9
f 2669/1115/11 1109/3970/11 325/3969/11
f 2669/1115/11 1791/1106/38 1109/3970/11
f 1791/1106/38 83/897/38 1109/3970/11
f 2667/1112/11 2669/1115/11 325/3969/11
f 2667/1112/11 2668/1114/11 2669/1115/11
f 2668/1114/11 1007/1104/38 2669/1115/11
f 2572/1113/11 1893/45/11 12/44/10
f 2572/1113/11 2667/1112/11 1893/45/11
f 2667/1112/11 325/3969/11 1893/45/11
f 2666/1110/9 2576/1002/9 1008/1099/9
f 2666/1110/9 1853/1109/9 2576/1002/9
f 1853/1109/9 80/1000/7 2576/1002/9
f 2664/1105/9 2666/1110/9 1008/1099/9
f 2664/1105/9 2665/1107/9 2666/1110/9
f 2665/1107/9 285/1108/9 2666/1110/9
f 1791/1106/38 1792/1101/9 83/897/38
f 1791/1106/38 2664/1105/9 1792/1101/9
f 2664/1105/9 1008/1099/9 1792/1101/9
f 2663/1103/9 2520/1409/9 952/1408/9
f 2663/1103/9 2577/1096/7 2520/1409/9
f 2577/1096/7 11/40/7 2520/1409/9
f 2661/1100/9 2663/1103/9 952/1408/9
f 2661/1100/9 2662/1102/9 2663/1103/9
f 2662/1102/9 1009/1094/7 2663/1103/9
f 1792/1101/9 1736/898/9 83/897/38
f 1792/1101/9 2661/1100/9 1736/898/9
f 2661/1100/9 952/1408/9 1736/898/9
f 2660/1098/8 1795/1010/8 1011/1075/8
f 2660/1098/8 2578/1089/8 1795/1010/8
f 2578/1089/8 78/1008/39 1795/1010/8
f 2658/1095/8 2660/1098/8 1011/1075/8
f 2658/1095/8 2659/1097/8 2660/1098/8
f 2659/1097/8 1010/1087/8 2660/1098/8
f 2577/1096/7 2579/1077/8 11/40/7
f 2577/1096/7 2658/1095/8 2579/1077/8
f 2658/1095/8 1011/1075/8 2579/1077/8
f 2657/1093/8 1796/1007/39 1012/1080/39
f 2657/1093/8 1067/1092/8 1796/1007/39
f 1067/1092/8 81/1005/39 1796/1007/39
f 2655/1088/8 2657/1093/8 1012/1080/39
f 2655/1088/8 2656/1090/8 2657/1093/8
f 2656/1090/8 283/1091/8 2657/1093/8
f 2578/1089/8 2580/1082/39 78/1008/39
f 2578/1089/8 2655/1088/8 2580/1082/39
f 2655/1088/8 1012/1080/39 2580/1082/39
f 2654/1086/6 1847/7/6 279/4080/6
f 2654/1086/6 2581/1085/6 1847/7/6
f 2581/1085/6 2/4/4 1847/7/6
f 2652/1081/6 2654/1086/6 279/4080/6
f 2652/1081/6 2653/1083/6 2654/1086/6
f 2653/1083/6 1013/1084/6 2654/1086/6
f 2580/1082/39 1063/4082/6 78/1008/39
f 2580/1082/39 2652/1081/6 1063/4082/6
f 2652/1081/6 279/4080/6 1063/4082/6
f 2651/1079/8 1104/3982/8 320/3981/8
f 2651/1079/8 1798/1070/39 1104/3982/8
f 1798/1070/39 79/909/39 1104/3982/8
f 2649/1076/8 2651/1079/8 320/3981/8
f 2649/1076/8 2650/1078/8 2651/1079/8
f 2650/1078/8 1014/1068/39 2651/1079/8
f 2579/1077/8 1888/41/8 11/40/7
f 2579/1077/8 2649/1076/8 1888/41/8
f 2649/1076/8 320/3981/8 1888/41/8
f 2648/1074/6 2583/1014/6 1015/1063/6
f 2648/1074/6 1848/1073/6 2583/1014/6
f 1848/1073/6 76/1012/4 2583/1014/6
f 2646/1069/6 2648/1074/6 1015/1063/6
f 2646/1069/6 2647/1071/6 2648/1074/6
f 2647/1071/6 280/1072/6 2648/1074/6
f 1798/1070/39 1799/1065/6 79/909/39
f 1798/1070/39 2646/1069/6 1799/1065/6
f 2646/1069/6 1015/1063/6 1799/1065/6
f 2645/1067/6 2527/1373/6 959/1372/6
f 2645/1067/6 2584/1060/4 2527/1373/6
f 2584/1060/4 10/36/4 2527/1373/6
f 2643/1064/6 2645/1067/6 959/1372/6
f 2643/1064/6 2644/1066/6 2645/1067/6
f 2644/1066/6 1016/1058/4 2645/1067/6
f 1799/1065/6 1743/910/6 79/909/39
f 1799/1065/6 2643/1064/6 1743/910/6
f 2643/1064/6 959/1372/6 1743/910/6
f 2642/1062/5 1802/1022/5 1018/1039/5
f 2642/1062/5 2585/1053/5 1802/1022/5
f 2585/1053/5 73/1020/40 1802/1022/5
f 2640/1059/5 2642/1062/5 1018/1039/5
f 2640/1059/5 2641/1061/5 2642/1062/5
f 2641/1061/5 1017/1051/5 2642/1062/5
f 2584/1060/4 2586/1041/5 10/36/4
f 2584/1060/4 2640/1059/5 2586/1041/5
f 2640/1059/5 1018/1039/5 2586/1041/5
f 2639/1057/5 1803/1019/40 1019/1044/40
f 2639/1057/5 1062/1056/5 1803/1019/40
f 1062/1056/5 77/1017/40 1803/1019/40
f 2637/1052/5 2639/1057/5 1019/1044/40
f 2637/1052/5 2638/1054/5 2639/1057/5
f 2638/1054/5 278/1055/5 2639/1057/5
f 2585/1053/5 2587/1046/40 73/1020/40
f 2585/1053/5 2637/1052/5 2587/1046/40
f 2637/1052/5 1019/1044/40 2587/1046/40
f 2636/1050/59 1841/3/3 273/4092/99
f 2636/1050/59 2588/1049/47 1841/3/3
f 2588/1049/47 1/1/1 1841/3/3
f 2634/1045/58 2636/1050/59 273/4092/99
f 2634/1045/58 2635/1047/47 2636/1050/59
f 2635/1047/47 1020/1048/47 2636/1050/59
f 2587/1046/40 1057/4094/101 73/1020/40
f 2587/1046/40 2634/1045/58 1057/4094/101
f 2634/1045/58 273/4092/99 1057/4094/101
f 2633/1043/5 1099/3994/5 315/3993/5
f 2633/1043/5 1805/1034/40 1099/3994/5
f 1805/1034/40 75/921/40 1099/3994/5
f 2631/1040/5 2633/1043/5 315/3993/5
f 2631/1040/5 2632/1042/5 2633/1043/5
f 2632/1042/5 1021/1032/40 2633/1043/5
f 2586/1041/5 1883/37/5 10/36/4
f 2586/1041/5 2631/1040/5 1883/37/5
f 2631/1040/5 315/3993/5 1883/37/5
f 2630/1038/57 2590/1024/43 1022/1025/48
f 2630/1038/57 1059/1037/56 2590/1024/43
f 1059/1037/56 74/929/1 2590/1024/43
f 2628/1033/46 2630/1038/57 1022/1025/48
f 2628/1033/46 2629/1035/54 2630/1038/57
f 2629/1035/54 275/1036/55 2630/1038/57
f 1805/1034/40 1806/1027/50 75/921/40
f 1805/1034/40 2628/1033/46 1806/1027/50
f 2628/1033/46 1022/1025/48 1806/1027/50
f 2627/1031/53 2534/1337/73 966/1336/72
f 2627/1031/53 2591/1030/26 2534/1337/73
f 2591/1030/26 9/33/1 2534/1337/73
f 2625/1026/49 2627/1031/53 966/1336/72
f 2625/1026/49 2626/1028/51 2627/1031/53
f 2626/1028/51 1023/1029/52 2627/1031/53
f 1806/1027/50 1750/922/41 75/921/40
f 1806/1027/50 2625/1026/49 1750/922/41
f 2625/1026/49 966/1336/72 1750/922/41
f 2590/1024/43 2626/1028/51 1022/1025/48
f 2590/1024/43 1807/931/44 2626/1028/51
f 1807/931/44 1023/1029/52 2626/1028/51
f 2589/1021/40 2629/1035/54 1021/1032/40
f 2589/1021/40 1843/1023/42 2629/1035/54
f 1843/1023/42 275/1036/55 2629/1035/54
f 1802/1022/5 2632/1042/5 1018/1039/5
f 1802/1022/5 2589/1021/40 2632/1042/5
f 2589/1021/40 1021/1032/40 2632/1042/5
f 1803/1019/40 2635/1047/47 1019/1044/40
f 1803/1019/40 1804/1018/47 2635/1047/47
f 1804/1018/47 1020/1048/47 2635/1047/47
f 1801/1015/5 2638/1054/5 1017/1051/5
f 1801/1015/5 1846/1016/5 2638/1054/5
f 1846/1016/5 278/1055/5 2638/1054/5
f 1800/1013/4 2641/1061/5 1016/1058/4
f 1800/1013/4 1801/1015/5 2641/1061/5
f 1801/1015/5 1017/1051/5 2641/1061/5
f 2583/1014/6 2644/1066/6 1015/1063/6
f 2583/1014/6 1800/1013/4 2644/1066/6
f 1800/1013/4 1016/1058/4 2644/1066/6
f 2582/1009/39 2647/1071/6 1014/1068/39
f 2582/1009/39 1064/1011/6 2647/1071/6
f 1064/1011/6 280/1072/6 2647/1071/6
f 1795/1010/8 2650/1078/8 1011/1075/8
f 1795/1010/8 2582/1009/39 2650/1078/8
f 2582/1009/39 1014/1068/39 2650/1078/8
f 1796/1007/39 2653/1083/6 1012/1080/39
f 1796/1007/39 1797/1006/6 2653/1083/6
f 1797/1006/6 1013/1084/6 2653/1083/6
f 1794/1003/8 2656/1090/8 1010/1087/8
f 1794/1003/8 1851/1004/8 2656/1090/8
f 1851/1004/8 283/1091/8 2656/1090/8
f 1793/1001/7 2659/1097/8 1009/1094/7
f 1793/1001/7 1794/1003/8 2659/1097/8
f 1794/1003/8 1010/1087/8 2659/1097/8
f 2576/1002/9 2662/1102/9 1008/1099/9
f 2576/1002/9 1793/1001/7 2662/1102/9
f 1793/1001/7 1009/1094/7 2662/1102/9
f 2575/997/38 2665/1107/9 1007/1104/38
f 2575/997/38 1069/999/9 2665/1107/9
f 1069/999/9 285/1108/9 2665/1107/9
f 1788/998/11 2668/1114/11 1004/1111/11
f 1788/998/11 2575/997/38 2668/1114/11
f 2575/997/38 1007/1104/38 2668/1114/11
f 1789/995/38 2671/1119/9 1005/1116/38
f 1789/995/38 1790/994/9 2671/1119/9
f 1790/994/9 1006/1120/9 2671/1119/9
f 1787/991/11 2674/1126/11 1003/1123/11
f 1787/991/11 1856/992/11 2674/1126/11
f 1856/992/11 288/1127/11 2674/1126/11
f 1786/989/10 2677/1133/11 1002/1130/10
f 1786/989/10 1787/991/11 2677/1133/11
f 1787/991/11 1003/1123/11 2677/1133/11
f 2569/990/12 2680/1138/12 1001/1135/12
f 2569/990/12 1786/989/10 2680/1138/12
f 1786/989/10 1002/1130/10 2680/1138/12
f 2568/985/37 2683/1143/12 1000/1140/37
f 2568/985/37 1074/987/12 2683/1143/12
f 1074/987/12 290/1144/12 2683/1143/12
f 1781/986/14 2686/1150/14 997/1147/14
f 1781/986/14 2568/985/37 2686/1150/14
f 2568/985/37 1000/1140/37 2686/1150/14
f 1782/983/37 2689/1155/12 998/1152/37
f 1782/983/37 1783/982/12 2689/1155/12
f 1783/982/12 999/1156/12 2689/1155/12
f 1780/979/14 2692/1162/14 996/1159/14
f 1780/979/14 1861/980/14 2692/1162/14
f 1861/980/14 293/1163/14 2692/1162/14
f 1779/977/13 2695/1169/14 995/1166/13
f 1779/977/13 1780/979/14 2695/1169/14
f 1780/979/14 996/1159/14 2695/1169/14
f 2562/978/15 2698/1174/15 994/1171/15
f 2562/978/15 1779/977/13 2698/1174/15
f 1779/977/13 995/1166/13 2698/1174/15
f 2561/973/36 2701/1179/15 993/1176/36
f 2561/973/36 1079/975/15 2701/1179/15
f 1079/975/15 295/1180/15 2701/1179/15
f 1774/974/17 2704/1186/17 990/1183/17
f 1774/974/17 2561/973/36 2704/1186/17
f 2561/973/36 993/1176/36 2704/1186/17
f 1775/971/36 2707/1191/15 991/1188/36
f 1775/971/36 1776/970/15 2707/1191/15
f 1776/970/15 992/1192/15 2707/1191/15
f 1773/967/17 2710/1198/17 989/1195/17
f 1773/967/17 1866/968/17 2710/1198/17
f 1866/968/17 298/1199/17 2710/1198/17
f 1772/965/16 2713/1205/17 988/1202/16
f 1772/965/16 1773/967/17 2713/1205/17
f 1773/967/17 989/1195/17 2713/1205/17
f 2555/966/18 2716/1210/18 987/1207/18
f 2555/966/18 1772/965/16 2716/1210/18
f 1772/965/16 988/1202/16 2716/1210/18
f 2554/961/35 2719/1215/18 986/1212/35
f 2554/961/35 1084/963/18 2719/1215/18
f 1084/963/18 300/1216/18 2719/1215/18
f 1767/962/20 2722/1222/20 983/1219/20
f 1767/962/20 2554/961/35 2722/1222/20
f 2554/961/35 986/1212/35 2722/1222/20
f 1768/959/35 2725/1227/18 984/1224/35
f 1768/959/35 1769/958/18 2725/1227/18
f 1769/958/18 985/1228/18 2725/1227/18
f 1766/955/20 2728/1234/20 982/1231/20
f 1766/955/20 1871/956/20 2728/1234/20
f 1871/956/20 303/1235/20 2728/1234/20
f 1765/953/19 2731/1241/20 981/1238/19
f 1765/953/19 1766/955/20 2731/1241/20
f 1766/955/20 982/1231/20 2731/1241/20
f 2548/954/21 2734/1246/21 980/1243/21
f 2548/954/21 1765/953/19 2734/1246/21
f 1765/953/19 981/1238/19 2734/1246/21
f 2547/949/34 2737/1251/21 979/1248/34
f 2547/949/34 1089/951/21 2737/1251/21
f 1089/951/21 305/1252/21 2737/1251/21
f 1760/950/23 2740/1258/23 976/1255/23
f 1760/950/23 2547/949/34 2740/1258/23
f 2547/949/34 979/1248/34 2740/1258/23
f 1761/947/34 2743/1263/21 977/1260/34
f 1761/947/34 1762/946/21 2743/1263/21
f 1762/946/21 978/1264/21 2743/1263/21
f 1759/943/23 2746/1270/23 975/1267/23
f 1759/943/23 1876/944/23 2746/1270/23
f 1876/944/23 308/1271/23 2746/1270/23
f 1758/941/22 2749/1277/23 974/1274/22
f 1758/941/22 1759/943/23 2749/1277/23
f 1759/943/23 975/1267/23 2749/1277/23
f 2541/942/24 2752/1282/24 973/1279/24
f 2541/942/24 1758/941/22 2752/1282/24
f 1758/941/22 974/1274/22 2752/1282/24
f 2540/937/32 2755/1287/24 972/1284/32
f 2540/937/32 1094/939/24 2755/1287/24
f 1094/939/24 310/1288/24 2755/1287/24
f 1840/938/45 2758/1294/63 1056/1291/60
f 1840/938/45 2540/937/32 2758/1294/63
f 2540/937/32 972/1284/32 2758/1294/63
f 1754/935/32 2761/1299/24 970/1296/32
f 1754/935/32 1755/934/24 2761/1299/24
f 1755/934/24 971/1300/24 2761/1299/24
f 1839/4217/29 2764/1306/67 1055/1303/64
f 1839/4217/29 2593/4099/31 2764/1306/67
f 2593/4099/31 1025/1307/64 2764/1306/67
f 1807/931/44 2767/1311/69 1023/1029/52
f 1807/931/44 1839/930/29 2767/1311/69
f 1839/4217/29 1055/1303/64 2767/4214/69
f 2536/928/43 2770/1316/51 968/1313/48
f 2536/928/43 1753/835/44 2770/1316/51
f 1753/835/44 969/1317/52 2770/1316/51
f 2535/925/40 2773/1323/54 967/1320/40
f 2535/925/40 1881/927/46 2773/1323/54
f 1881/927/46 313/1324/55 2773/1323/54
f 1748/926/5 2776/1330/5 964/1327/5
f 1748/926/5 2535/925/40 2776/1330/5
f 2535/925/40 967/1320/40 2776/1330/5
f 2533/923/40 2779/1335/71 965/1332/40
f 2533/923/40 1750/922/41 2779/1335/71
f 1750/922/41 966/1336/72 2779/1335/71
f 1747/919/5 2782/1342/5 963/1339/5
f 1747/919/5 1100/920/5 2782/1342/5
f 1100/920/5 316/1343/5 2782/1342/5
f 1746/917/4 2785/1349/5 962/1346/4
f 1746/917/4 1747/919/5 2785/1349/5
f 1747/919/5 963/1339/5 2785/1349/5
f 2529/918/6 2788/1354/6 961/1351/6
f 2529/918/6 1746/917/4 2788/1354/6
f 1746/917/4 962/1346/4 2788/1354/6
f 2528/913/39 2791/1359/6 960/1356/39
f 2528/913/39 1102/915/6 2791/1359/6
f 1102/915/6 318/1360/6 2791/1359/6
f 1741/914/8 2794/1366/8 957/1363/8
f 1741/914/8 2528/913/39 2794/1366/8
f 2528/913/39 960/1356/39 2794/1366/8
f 2526/911/39 2797/1371/6 958/1368/39
f 2526/911/39 1743/910/6 2797/1371/6
f 1743/910/6 959/1372/6 2797/1371/6
f 1740/907/8 2800/1378/8 956/1375/8
f 1740/907/8 1105/908/8 2800/1378/8
f 1105/908/8 321/1379/8 2800/1378/8
f 1739/905/7 2803/1385/8 955/1382/7
f 1739/905/7 1740/907/8 2803/1385/8
f 1740/907/8 956/1375/8 2803/1385/8
f 2522/906/9 2806/1390/9 954/1387/9
f 2522/906/9 1739/905/7 2806/1390/9
f 1739/905/7 955/1382/7 2806/1390/9
f 2521/901/38 2809/1395/9 953/1392/38
f 2521/901/38 1107/903/9 2809/1395/9
f 1107/903/9 323/1396/9 2809/1395/9
f 1734/902/11 2812/1402/11 950/1399/11
f 1734/902/11 2521/901/38 2812/1402/11
f 2521/901/38 953/1392/38 2812/1402/11
f 2519/899/38 2815/1407/9 951/1404/38
f 2519/899/38 1736/898/9 2815/1407/9
f 1736/898/9 952/1408/9 2815/1407/9
f 1733/895/11 2818/1414/11 949/1411/11
f 1733/895/11 1110/896/11 2818/1414/11
f 1110/896/11 326/1415/11 2818/1414/11
f 1732/893/10 2821/1421/11 948/1418/10
f 1732/893/10 1733/895/11 2821/1421/11
f 1733/895/11 949/1411/11 2821/1421/11
f 2515/894/12 2824/1426/12 947/1423/12
f 2515/894/12 1732/893/10 2824/1426/12
f 1732/893/10 948/1418/10 2824/1426/12
f 2514/889/37 2827/1431/12 946/1428/37
f 2514/889/37 1112/891/12 2827/1431/12
f 1112/891/12 328/1432/12 2827/1431/12
f 1727/890/14 2830/1438/14 943/1435/14
f 1727/890/14 2514/889/37 2830/1438/14
f 2514/889/37 946/1428/37 2830/1438/14
f 2512/887/37 2833/1443/12 944/1440/37
f 2512/887/37 1729/886/12 2833/1443/12
f 1729/886/12 945/1444/12 2833/1443/12
f 1726/883/14 2836/1450/14 942/1447/14
f 1726/883/14 1115/884/14 2836/1450/14
f 1115/884/14 331/1451/14 2836/1450/14
f 1725/881/13 2839/1457/14 941/1454/13
f 1725/881/13 1726/883/14 2839/1457/14
f 1726/883/14 942/1447/14 2839/1457/14
f 2508/882/15 2842/1462/15 940/1459/15
f 2508/882/15 1725/881/13 2842/1462/15
f 1725/881/13 941/1454/13 2842/1462/15
f 2507/877/36 2845/1467/15 939/1464/36
f 2507/877/36 1117/879/15 2845/1467/15
f 1117/879/15 333/1468/15 2845/1467/15
f 1720/878/17 2848/1474/17 936/1471/17
f 1720/878/17 2507/877/36 2848/1474/17
f 2507/877/36 939/1464/36 2848/1474/17
f 2505/875/36 2851/1479/15 937/1476/36
f 2505/875/36 1722/874/15 2851/1479/15
f 1722/874/15 938/1480/15 2851/1479/15
f 1719/871/17 2854/1486/17 935/1483/17
f 1719/871/17 1120/872/17 2854/1486/17
f 1120/872/17 336/1487/17 2854/1486/17
f 1718/869/16 2857/1493/17 934/1490/16
f 1718/869/16 1719/871/17 2857/1493/17
f 1719/871/17 935/1483/17 2857/1493/17
f 2501/870/18 2860/1498/18 933/1495/18
f 2501/870/18 1718/869/16 2860/1498/18
f 1718/869/16 934/1490/16 2860/1498/18
f 2500/865/35 2863/1503/18 932/1500/35
f 2500/865/35 1122/867/18 2863/1503/18
f 1122/867/18 338/1504/18 2863/1503/18
f 1713/866/20 2866/1510/20 929/1507/20
f 1713/866/20 2500/865/35 2866/1510/20
f 2500/865/35 932/1500/35 2866/1510/20
f 2498/863/35 2869/1515/18 930/1512/35
f 2498/863/35 1715/862/18 2869/1515/18
f 1715/862/18 931/1516/18 2869/1515/18
f 1712/859/20 2872/1522/20 928/1519/20
f 1712/859/20 1125/860/20 2872/1522/20
f 1125/860/20 341/1523/20 2872/1522/20
f 1711/857/19 2875/1529/20 927/1526/19
f 1711/857/19 1712/859/20 2875/1529/20
f 1712/859/20 928/1519/20 2875/1529/20
f 2494/858/21 2878/1534/21 926/1531/21
f 2494/858/21 1711/857/19 2878/1534/21
f 1711/857/19 927/1526/19 2878/1534/21
f 2493/853/34 2881/1539/21 925/1536/34
f 2493/853/34 1127/855/21 2881/1539/21
f 1127/855/21 343/1540/21 2881/1539/21
f 1706/854/23 2884/1546/23 922/1543/23
f 1706/854/23 2493/853/34 2884/1546/23
f 2493/853/34 925/1536/34 2884/1546/23
f 2491/851/34 2887/1551/21 923/1548/34
f 2491/851/34 1708/850/21 2887/1551/21
f 1708/850/21 924/1552/21 2887/1551/21
f 1705/847/23 2890/1558/23 921/1555/23
f 1705/847/23 1130/848/23 2890/1558/23
f 1130/848/23 346/1559/23 2890/1558/23
f 1704/845/22 2893/1565/23 920/1562/22
f 1704/845/22 1705/847/23 2893/1565/23
f 1705/847/23 921/1555/23 2893/1565/23
f 2487/846/24 2896/1570/24 919/1567/24
f 2487/846/24 1704/845/22 2896/1570/24
f 1704/845/22 920/1562/22 2896/1570/24
f 2486/841/32 2899/1575/24 918/1572/32
f 2486/841/32 1132/843/24 2899/1575/24
f 1132/843/24 348/1576/24 2899/1575/24
f 1838/842/45 2902/1582/63 1054/1579/60
f 1838/842/45 2486/841/32 2902/1582/63
f 2486/841/32 918/1572/32 2902/1582/63
f 2484/839/32 2905/1587/24 916/1584/32
f 2484/839/32 1701/838/24 2905/1587/24
f 1701/838/24 917/1588/24 2905/1587/24
f 1837/4218/29 2908/1594/67 1053/1591/64
f 1837/4218/29 1811/4102/31 2908/1594/67
f 1811/4102/31 1027/1595/64 2908/1594/67
f 1753/835/44 2911/1599/69 969/1317/52
f 1753/835/44 1837/834/29 2911/1599/69
f 1837/4218/29 1053/1591/64 2911/4210/69
f 2482/832/43 2914/1604/51 914/1601/48
f 2482/832/43 1699/739/44 2914/1604/51
f 1699/739/44 915/1605/52 2914/1604/51
f 2481/829/40 2917/1611/54 913/1608/40
f 2481/829/40 1919/831/46 2917/1611/54
f 1919/831/46 351/1612/55 2917/1611/54
f 1694/830/5 2920/1618/5 910/1615/5
f 1694/830/5 2481/829/40 2920/1618/5
f 2481/829/40 913/1608/40 2920/1618/5
f 2479/827/40 2923/1623/71 911/1620/40
f 2479/827/40 1696/826/41 2923/1623/71
f 1696/826/41 912/1624/72 2923/1623/71
f 1693/823/5 2926/1630/5 909/1627/5
f 1693/823/5 1138/824/5 2926/1630/5
f 1138/824/5 354/1631/5 2926/1630/5
f 1692/821/4 2929/1637/5 908/1634/4
f 1692/821/4 1693/823/5 2929/1637/5
f 1693/823/5 909/1627/5 2929/1637/5
f 2475/822/6 2932/1642/6 907/1639/6
f 2475/822/6 1692/821/4 2932/1642/6
f 1692/821/4 908/1634/4 2932/1642/6
f 2474/817/39 2935/1647/6 906/1644/39
f 2474/817/39 1140/819/6 2935/1647/6
f 1140/819/6 356/1648/6 2935/1647/6
f 1687/818/8 2938/1654/8 903/1651/8
f 1687/818/8 2474/817/39 2938/1654/8
f 2474/817/39 906/1644/39 2938/1654/8
f 2472/815/39 2941/1659/6 904/1656/39
f 2472/815/39 1689/814/6 2941/1659/6
f 1689/814/6 905/1660/6 2941/1659/6
f 1686/811/8 2944/1666/8 902/1663/8
f 1686/811/8 1143/812/8 2944/1666/8
f 1143/812/8 359/1667/8 2944/1666/8
f 1685/809/7 2947/1673/8 901/1670/7
f 1685/809/7 1686/811/8 2947/1673/8
f 1686/811/8 902/1663/8 2947/1673/8
f 2468/810/9 2950/1678/9 900/1675/9
f 2468/810/9 1685/809/7 2950/1678/9
f 1685/809/7 901/1670/7 2950/1678/9
f 2467/805/38 2953/1683/9 899/1680/38
f 2467/805/38 1145/807/9 2953/1683/9
f 1145/807/9 361/1684/9 2953/1683/9
f 1680/806/11 2956/1690/11 896/1687/11
f 1680/806/11 2467/805/38 2956/1690/11
f 2467/805/38 899/1680/38 2956/1690/11
f 2465/803/38 2959/1695/9 897/1692/38
f 2465/803/38 1682/802/9 2959/1695/9
f 1682/802/9 898/1696/9 2959/1695/9
f 1679/799/11 2962/1702/11 895/1699/11
f 1679/799/11 1148/800/11 2962/1702/11
f 1148/800/11 364/1703/11 2962/1702/11
f 1678/797/10 2965/1709/11 894/1706/10
f 1678/797/10 1679/799/11 2965/1709/11
f 1679/799/11 895/1699/11 2965/1709/11
f 2461/798/12 2968/1714/12 893/1711/12
f 2461/798/12 1678/797/10 2968/1714/12
f 1678/797/10 894/1706/10 2968/1714/12
f 2460/793/37 2971/1719/12 892/1716/37
f 2460/793/37 1150/795/12 2971/1719/12
f 1150/795/12 366/1720/12 2971/1719/12
f 1673/794/14 2974/1726/14 889/1723/14
f 1673/794/14 2460/793/37 2974/1726/14
f 2460/793/37 892/1716/37 2974/1726/14
f 2458/791/37 2977/1731/12 890/1728/37
f 2458/791/37 1675/790/12 2977/1731/12
f 1675/790/12 891/1732/12 2977/1731/12
f 1672/787/14 2980/1738/14 888/1735/14
f 1672/787/14 1153/788/14 2980/1738/14
f 1153/788/14 369/1739/14 2980/1738/14
f 1671/785/13 2983/1745/14 887/1742/13
f 1671/785/13 1672/787/14 2983/1745/14
f 1672/787/14 888/1735/14 2983/1745/14
f 2454/786/15 2986/1750/15 886/1747/15
f 2454/786/15 1671/785/13 2986/1750/15
f 1671/785/13 887/1742/13 2986/1750/15
f 2453/781/36 2989/1755/15 885/1752/36
f 2453/781/36 1155/783/15 2989/1755/15
f 1155/783/15 371/1756/15 2989/1755/15
f 1666/782/17 2992/1762/17 882/1759/17
f 1666/782/17 2453/781/36 2992/1762/17
f 2453/781/36 885/1752/36 2992/1762/17
f 2451/779/36 2995/1767/15 883/1764/36
f 2451/779/36 1668/778/15 2995/1767/15
f 1668/778/15 884/1768/15 2995/1767/15
f 1665/775/17 2998/1774/17 881/1771/17
f 1665/775/17 1158/776/17 2998/1774/17
f 1158/776/17 374/1775/17 2998/1774/17
f 1664/773/16 3001/1781/17 880/1778/16
f 1664/773/16 1665/775/17 3001/1781/17
f 1665/775/17 881/1771/17 3001/1781/17
f 2447/774/18 3004/1786/18 879/1783/18
f 2447/774/18 1664/773/16 3004/1786/18
f 1664/773/16 880/1778/16 3004/1786/18
f 2446/769/35 3007/1791/18 878/1788/35
f 2446/769/35 1160/771/18 3007/1791/18
f 1160/771/18 376/1792/18 3007/1791/18
f 1659/770/20 3010/1798/20 875/1795/20
f 1659/770/20 2446/769/35 3010/1798/20
f 2446/769/35 878/1788/35 3010/1798/20
f 2444/767/35 3013/1803/18 876/1800/35
f 2444/767/35 1661/766/18 3013/1803/18
f 1661/766/18 877/1804/18 3013/1803/18
f 1658/763/20 3016/1810/20 874/1807/20
f 1658/763/20 1163/764/20 3016/1810/20
f 1163/764/20 379/1811/20 3016/1810/20
f 1657/761/19 3019/1817/20 873/1814/19
f 1657/761/19 1658/763/20 3019/1817/20
f 1658/763/20 874/1807/20 3019/1817/20
f 2440/762/21 3022/1822/21 872/1819/21
f 2440/762/21 1657/761/19 3022/1822/21
f 1657/761/19 873/1814/19 3022/1822/21
f 2439/757/34 3025/1827/21 871/1824/34
f 2439/757/34 1165/759/21 3025/1827/21
f 1165/759/21 381/1828/21 3025/1827/21
f 1652/758/23 3028/1834/23 868/1831/23
f 1652/758/23 2439/757/34 3028/1834/23
f 2439/757/34 871/1824/34 3028/1834/23
f 2437/755/34 3031/1839/21 869/1836/34
f 2437/755/34 1654/754/21 3031/1839/21
f 1654/754/21 870/1840/21 3031/1839/21
f 1651/751/23 3034/1846/23 867/1843/23
f 1651/751/23 1168/752/23 3034/1846/23
f 1168/752/23 384/1847/23 3034/1846/23
f 1650/749/22 3037/1853/23 866/1850/22
f 1650/749/22 1651/751/23 3037/1853/23
f 1651/751/23 867/1843/23 3037/1853/23
f 2433/750/24 3040/1858/24 865/1855/24
f 2433/750/24 1650/749/22 3040/1858/24
f 1650/749/22 866/1850/22 3040/1858/24
f 2432/745/32 3043/1863/24 864/1860/32
f 2432/745/32 1170/747/24 3043/1863/24
f 1170/747/24 386/1864/24 3043/1863/24
f 1836/746/45 3046/1870/63 1052/1867/60
f 1836/746/45 2432/745/32 3046/1870/63
f 2432/745/32 864/1860/32 3046/1870/63
f 2430/743/32 3049/1875/24 862/1872/32
f 2430/743/32 1647/742/24 3049/1875/24
f 1647/742/24 863/1876/24 3049/1875/24
f 1835/4219/29 3052/1882/67 1051/1879/64
f 1835/4219/29 1813/4105/31 3052/1882/67
f 1813/4105/31 1029/1883/64 3052/1882/67
f 1699/739/44 3055/1887/69 915/1605/52
f 1699/739/44 1835/738/29 3055/1887/69
f 1835/4219/29 1051/1879/64 3055/4206/69
f 2428/736/43 3058/1892/51 860/1889/48
f 2428/736/43 1645/643/44 3058/1892/51
f 1645/643/44 861/1893/52 3058/1892/51
f 2427/733/40 3061/1899/54 859/1896/40
f 2427/733/40 1957/735/46 3061/1899/54
f 1957/735/46 389/1900/55 3061/1899/54
f 1640/734/5 3064/1906/5 856/1903/5
f 1640/734/5 2427/733/40 3064/1906/5
f 2427/733/40 859/1896/40 3064/1906/5
f 2425/731/40 3067/1911/71 857/1908/40
f 2425/731/40 1642/730/41 3067/1911/71
f 1642/730/41 858/1912/72 3067/1911/71
f 1639/727/5 3070/1918/5 855/1915/5
f 1639/727/5 1176/728/5 3070/1918/5
f 1176/728/5 392/1919/5 3070/1918/5
f 1638/725/4 3073/1925/5 854/1922/4
f 1638/725/4 1639/727/5 3073/1925/5
f 1639/727/5 855/1915/5 3073/1925/5
f 2421/726/6 3076/1930/6 853/1927/6
f 2421/726/6 1638/725/4 3076/1930/6
f 1638/725/4 854/1922/4 3076/1930/6
f 2420/721/39 3079/1935/6 852/1932/39
f 2420/721/39 1178/723/6 3079/1935/6
f 1178/723/6 394/1936/6 3079/1935/6
f 1633/722/8 3082/1942/8 849/1939/8
f 1633/722/8 2420/721/39 3082/1942/8
f 2420/721/39 852/1932/39 3082/1942/8
f 2418/719/39 3085/1947/6 850/1944/39
f 2418/719/39 1635/718/6 3085/1947/6
f 1635/718/6 851/1948/6 3085/1947/6
f 1632/715/8 3088/1954/8 848/1951/8
f 1632/715/8 1181/716/8 3088/1954/8
f 1181/716/8 397/1955/8 3088/1954/8
f 1631/713/7 3091/1961/8 847/1958/7
f 1631/713/7 1632/715/8 3091/1961/8
f 1632/715/8 848/1951/8 3091/1961/8
f 2414/714/9 3094/1966/9 846/1963/9
f 2414/714/9 1631/713/7 3094/1966/9
f 1631/713/7 847/1958/7 3094/1966/9
f 2413/709/38 3097/1971/9 845/1968/38
f 2413/709/38 1183/711/9 3097/1971/9
f 1183/711/9 399/1972/9 3097/1971/9
f 1626/710/11 3100/1978/11 842/1975/11
f 1626/710/11 2413/709/38 3100/1978/11
f 2413/709/38 845/1968/38 3100/1978/11
f 2411/707/38 3103/1983/9 843/1980/38
f 2411/707/38 1628/706/9 3103/1983/9
f 1628/706/9 844/1984/9 3103/1983/9
f 1625/703/11 3106/1990/11 841/1987/11
f 1625/703/11 1186/704/11 3106/1990/11
f 1186/704/11 402/1991/11 3106/1990/11
f 1624/701/10 3109/1997/11 840/1994/10
f 1624/701/10 1625/703/11 3109/1997/11
f 1625/703/11 841/1987/11 3109/1997/11
f 2407/702/12 3112/2002/12 839/1999/12
f 2407/702/12 1624/701/10 3112/2002/12
f 1624/701/10 840/1994/10 3112/2002/12
f 2406/697/37 3115/2007/12 838/2004/37
f 2406/697/37 1188/699/12 3115/2007/12
f 1188/699/12 404/2008/12 3115/2007/12
f 1619/698/14 3118/2014/14 835/2011/14
f 1619/698/14 2406/697/37 3118/2014/14
f 2406/697/37 838/2004/37 3118/2014/14
f 2404/695/37 3121/2019/12 836/2016/37
f 2404/695/37 1621/694/12 3121/2019/12
f 1621/694/12 837/2020/12 3121/2019/12
f 1618/691/14 3124/2026/14 834/2023/14
f 1618/691/14 1191/692/14 3124/2026/14
f 1191/692/14 407/2027/14 3124/2026/14
f 1617/689/13 3127/2033/14 833/2030/13
f 1617/689/13 1618/691/14 3127/2033/14
f 1618/691/14 834/2023/14 3127/2033/14
f 2400/690/15 3130/2038/15 832/2035/15
f 2400/690/15 1617/689/13 3130/2038/15
f 1617/689/13 833/2030/13 3130/2038/15
f 2399/685/36 3133/2043/15 831/2040/36
f 2399/685/36 1193/687/15 3133/2043/15
f 1193/687/15 409/2044/15 3133/2043/15
f 1612/686/17 3136/2050/17 828/2047/17
f 1612/686/17 2399/685/36 3136/2050/17
f 2399/685/36 831/2040/36 3136/2050/17
f 2397/683/36 3139/2055/15 829/2052/36
f 2397/683/36 1614/682/15 3139/2055/15
f 1614/682/15 830/2056/15 3139/2055/15
f 1611/679/17 3142/2062/17 827/2059/17
f 1611/679/17 1196/680/17 3142/2062/17
f 1196/680/17 412/2063/17 3142/2062/17
f 1610/677/16 3145/2069/17 826/2066/16
f 1610/677/16 1611/679/17 3145/2069/17
f 1611/679/17 827/2059/17 3145/2069/17
f 2393/678/18 3148/2074/18 825/2071/18
f 2393/678/18 1610/677/16 3148/2074/18
f 1610/677/16 826/2066/16 3148/2074/18
f 2392/673/35 3151/2079/18 824/2076/35
f 2392/673/35 1198/675/18 3151/2079/18
f 1198/675/18 414/2080/18 3151/2079/18
f 1605/674/20 3154/2086/20 821/2083/20
f 1605/674/20 2392/673/35 3154/2086/20
f 2392/673/35 824/2076/35 3154/2086/20
f 2390/671/35 3157/2091/18 822/2088/35
f 2390/671/35 1607/670/18 3157/2091/18
f 1607/670/18 823/2092/18 3157/2091/18
f 1604/667/20 3160/2098/20 820/2095/20
f 1604/667/20 1201/668/20 3160/2098/20
f 1201/668/20 417/2099/20 3160/2098/20
f 1603/665/19 3163/2105/20 819/2102/19
f 1603/665/19 1604/667/20 3163/2105/20
f 1604/667/20 820/2095/20 3163/2105/20
f 2386/666/21 3166/2110/21 818/2107/21
f 2386/666/21 1603/665/19 3166/2110/21
f 1603/665/19 819/2102/19 3166/2110/21
f 2385/661/34 3169/2115/21 817/2112/34
f 2385/661/34 1203/663/21 3169/2115/21
f 1203/663/21 419/2116/21 3169/2115/21
f 1598/662/23 3172/2122/23 814/2119/23
f 1598/662/23 2385/661/34 3172/2122/23
f 2385/661/34 817/2112/34 3172/2122/23
f 2383/659/34 3175/2127/21 815/2124/34
f 2383/659/34 1600/658/21 3175/2127/21
f 1600/658/21 816/2128/21 3175/2127/21
f 1597/655/23 3178/2134/23 813/2131/23
f 1597/655/23 1206/656/23 3178/2134/23
f 1206/656/23 422/2135/23 3178/2134/23
f 1596/653/22 3181/2141/23 812/2138/22
f 1596/653/22 1597/655/23 3181/2141/23
f 1597/655/23 813/2131/23 3181/2141/23
f 2379/654/24 3184/2146/24 811/2143/24
f 2379/654/24 1596/653/22 3184/2146/24
f 1596/653/22 812/2138/22 3184/2146/24
f 2378/649/32 3187/2151/24 810/2148/32
f 2378/649/32 1208/651/24 3187/2151/24
f 1208/651/24 424/2152/24 3187/2151/24
f 1834/650/45 3190/2158/63 1050/2155/60
f 1834/650/45 2378/649/32 3190/2158/63
f 2378/649/32 810/2148/32 3190/2158/63
f 2376/647/32 3193/2163/24 808/2160/32
f 2376/647/32 1593/646/24 3193/2163/24
f 1593/646/24 809/2164/24 3193/2163/24
f 1833/4220/29 3196/2170/67 1049/2167/64
f 1833/4220/29 1815/4108/31 3196/2170/67
f 1815/4108/31 1031/2171/64 3196/2170/67
f 1645/643/44 3199/2175/69 861/1893/52
f 1645/643/44 1833/642/29 3199/2175/69
f 1833/4220/29 1049/2167/64 3199/4202/69
f 2374/640/43 3202/2180/51 806/2177/48
f 2374/640/43 1591/547/44 3202/2180/51
f 1591/547/44 807/2181/52 3202/2180/51
f 2373/637/40 3205/2187/54 805/2184/40
f 2373/637/40 1995/639/46 3205/2187/54
f 1995/639/46 427/2188/55 3205/2187/54
f 1586/638/5 3208/2194/5 802/2191/5
f 1586/638/5 2373/637/40 3208/2194/5
f 2373/637/40 805/2184/40 3208/2194/5
f 2371/635/40 3211/2199/71 803/2196/40
f 2371/635/40 1588/634/41 3211/2199/71
f 1588/634/41 804/2200/72 3211/2199/71
f 1585/631/5 3214/2206/5 801/2203/5
f 1585/631/5 1214/632/5 3214/2206/5
f 1214/632/5 430/2207/5 3214/2206/5
f 1584/629/4 3217/2213/5 800/2210/4
f 1584/629/4 1585/631/5 3217/2213/5
f 1585/631/5 801/2203/5 3217/2213/5
f 2367/630/6 3220/2218/6 799/2215/6
f 2367/630/6 1584/629/4 3220/2218/6
f 1584/629/4 800/2210/4 3220/2218/6
f 2366/625/39 3223/2223/6 798/2220/39
f 2366/625/39 1216/627/6 3223/2223/6
f 1216/627/6 432/2224/6 3223/2223/6
f 1579/626/8 3226/2230/8 795/2227/8
f 1579/626/8 2366/625/39 3226/2230/8
f 2366/625/39 798/2220/39 3226/2230/8
f 2364/623/39 3229/2235/6 796/2232/39
f 2364/623/39 1581/622/6 3229/2235/6
f 1581/622/6 797/2236/6 3229/2235/6
f 1578/619/8 3232/2242/8 794/2239/8
f 1578/619/8 1219/620/8 3232/2242/8
f 1219/620/8 435/2243/8 3232/2242/8
f 1577/617/7 3235/2249/8 793/2246/7
f 1577/617/7 1578/619/8 3235/2249/8
f 1578/619/8 794/2239/8 3235/2249/8
f 2360/618/9 3238/2254/9 792/2251/9
f 2360/618/9 1577/617/7 3238/2254/9
f 1577/617/7 793/2246/7 3238/2254/9
f 2359/613/38 3241/2259/9 791/2256/38
f 2359/613/38 1221/615/9 3241/2259/9
f 1221/615/9 437/2260/9 3241/2259/9
f 1572/614/11 3244/2266/11 788/2263/11
f 1572/614/11 2359/613/38 3244/2266/11
f 2359/613/38 791/2256/38 3244/2266/11
f 2357/611/38 3247/2271/9 789/2268/38
f 2357/611/38 1574/610/9 3247/2271/9
f 1574/610/9 790/2272/9 3247/2271/9
f 1571/607/11 3250/2278/11 787/2275/11
f 1571/607/11 1224/608/11 3250/2278/11
f 1224/608/11 440/2279/11 3250/2278/11
f 1570/605/10 3253/2285/11 786/2282/10
f 1570/605/10 1571/607/11 3253/2285/11
f 1571/607/11 787/2275/11 3253/2285/11
f 2353/606/12 3256/2290/12 785/2287/12
f 2353/606/12 1570/605/10 3256/2290/12
f 1570/605/10 786/2282/10 3256/2290/12
f 2352/601/37 3259/2295/12 784/2292/37
f 2352/601/37 1226/603/12 3259/2295/12
f 1226/603/12 442/2296/12 3259/2295/12
f 1565/602/14 3262/2302/14 781/2299/14
f 1565/602/14 2352/601/37 3262/2302/14
f 2352/601/37 784/2292/37 3262/2302/14
f 2350/599/37 3265/2307/12 782/2304/37
f 2350/599/37 1567/598/12 3265/2307/12
f 1567/598/12 783/2308/12 3265/2307/12
f 1564/595/14 3268/2314/14 780/2311/14
f 1564/595/14 1229/596/14 3268/2314/14
f 1229/596/14 445/2315/14 3268/2314/14
f 1563/593/13 3271/2321/14 779/2318/13
f 1563/593/13 1564/595/14 3271/2321/14
f 1564/595/14 780/2311/14 3271/2321/14
f 2346/594/15 3274/2326/15 778/2323/15
f 2346/594/15 1563/593/13 3274/2326/15
f 1563/593/13 779/2318/13 3274/2326/15
f 2345/589/36 3277/2331/15 777/2328/36
f 2345/589/36 1231/591/15 3277/2331/15
f 1231/591/15 447/2332/15 3277/2331/15
f 1558/590/17 3280/2338/17 774/2335/17
f 1558/590/17 2345/589/36 3280/2338/17
f 2345/589/36 777/2328/36 3280/2338/17
f 2343/587/36 3283/2343/15 775/2340/36
f 2343/587/36 1560/586/15 3283/2343/15
f 1560/586/15 776/2344/15 3283/2343/15
f 1557/583/17 3286/2350/17 773/2347/17
f 1557/583/17 1234/584/17 3286/2350/17
f 1234/584/17 450/2351/17 3286/2350/17
f 1556/581/16 3289/2357/17 772/2354/16
f 1556/581/16 1557/583/17 3289/2357/17
f 1557/583/17 773/2347/17 3289/2357/17
f 2339/582/18 3292/2362/18 771/2359/18
f 2339/582/18 1556/581/16 3292/2362/18
f 1556/581/16 772/2354/16 3292/2362/18
f 2338/577/35 3295/2367/18 770/2364/35
f 2338/577/35 1236/579/18 3295/2367/18
f 1236/579/18 452/2368/18 3295/2367/18
f 1551/578/20 3298/2374/20 767/2371/20
f 1551/578/20 2338/577/35 3298/2374/20
f 2338/577/35 770/2364/35 3298/2374/20
f 2336/575/35 3301/2379/18 768/2376/35
f 2336/575/35 1553/574/18 3301/2379/18
f 1553/574/18 769/2380/18 3301/2379/18
f 1550/571/20 3304/2386/20 766/2383/20
f 1550/571/20 1239/572/20 3304/2386/20
f 1239/572/20 455/2387/20 3304/2386/20
f 1549/569/19 3307/2393/20 765/2390/19
f 1549/569/19 1550/571/20 3307/2393/20
f 1550/571/20 766/2383/20 3307/2393/20
f 2332/570/21 3310/2398/21 764/2395/21
f 2332/570/21 1549/569/19 3310/2398/21
f 1549/569/19 765/2390/19 3310/2398/21
f 2331/565/34 3313/2403/21 763/2400/34
f 2331/565/34 1241/567/21 3313/2403/21
f 1241/567/21 457/2404/21 3313/2403/21
f 1544/566/23 3316/2410/23 760/2407/23
f 1544/566/23 2331/565/34 3316/2410/23
f 2331/565/34 763/2400/34 3316/2410/23
f 2329/563/34 3319/2415/21 761/2412/34
f 2329/563/34 1546/562/21 3319/2415/21
f 1546/562/21 762/2416/21 3319/2415/21
f 1543/559/23 3322/2422/23 759/2419/23
f 1543/559/23 1244/560/23 3322/2422/23
f 1244/560/23 460/2423/23 3322/2422/23
f 1542/557/22 3325/2429/23 758/2426/22
f 1542/557/22 1543/559/23 3325/2429/23
f 1543/559/23 759/2419/23 3325/2429/23
f 2325/558/24 3328/2434/24 757/2431/24
f 2325/558/24 1542/557/22 3328/2434/24
f 1542/557/22 758/2426/22 3328/2434/24
f 2324/553/32 3331/2439/24 756/2436/32
f 2324/553/32 1246/555/24 3331/2439/24
f 1246/555/24 462/2440/24 3331/2439/24
f 1832/554/45 3334/2446/63 1048/2443/60
f 1832/554/45 2324/553/32 3334/2446/63
f 2324/553/32 756/2436/32 3334/2446/63
f 2322/551/32 3337/2451/24 754/2448/32
f 2322/551/32 1539/550/24 3337/2451/24
f 1539/550/24 755/2452/24 3337/2451/24
f 1831/4221/29 3340/2458/67 1047/2455/64
f 1831/4221/29 1817/4111/31 3340/2458/67
f 1817/4111/31 1033/2459/64 3340/2458/67
f 1591/547/44 3343/2463/69 807/2181/52
f 1591/547/44 1831/546/29 3343/2463/69
f 1831/4221/29 1047/2455/64 3343/4198/69
f 2320/544/43 3346/2468/51 752/2465/48
f 2320/544/43 1537/451/44 3346/2468/51
f 1537/451/44 753/2469/52 3346/2468/51
f 2319/541/40 3349/2475/54 751/2472/40
f 2319/541/40 2033/543/46 3349/2475/54
f 2033/543/46 465/2476/55 3349/2475/54
f 1532/542/5 3352/2482/5 748/2479/5
f 1532/542/5 2319/541/40 3352/2482/5
f 2319/541/40 751/2472/40 3352/2482/5
f 2317/539/40 3355/2487/71 749/2484/40
f 2317/539/40 1534/538/41 3355/2487/71
f 1534/538/41 750/2488/72 3355/2487/71
f 1531/535/5 3358/2494/5 747/2491/5
f 1531/535/5 1252/536/5 3358/2494/5
f 1252/536/5 468/2495/5 3358/2494/5
f 1530/533/4 3361/2501/5 746/2498/4
f 1530/533/4 1531/535/5 3361/2501/5
f 1531/535/5 747/2491/5 3361/2501/5
f 2313/534/6 3364/2506/6 745/2503/6
f 2313/534/6 1530/533/4 3364/2506/6
f 1530/533/4 746/2498/4 3364/2506/6
f 2312/529/39 3367/2511/6 744/2508/39
f 2312/529/39 1254/531/6 3367/2511/6
f 1254/531/6 470/2512/6 3367/2511/6
f 1525/530/8 3370/2518/8 741/2515/8
f 1525/530/8 2312/529/39 3370/2518/8
f 2312/529/39 744/2508/39 3370/2518/8
f 2310/527/39 3373/2523/6 742/2520/39
f 2310/527/39 1527/526/6 3373/2523/6
f 1527/526/6 743/2524/6 3373/2523/6
f 1524/523/8 3376/2530/8 740/2527/8
f 1524/523/8 1257/524/8 3376/2530/8
f 1257/524/8 473/2531/8 3376/2530/8
f 1523/521/7 3379/2537/8 739/2534/7
f 1523/521/7 1524/523/8 3379/2537/8
f 1524/523/8 740/2527/8 3379/2537/8
f 2306/522/9 3382/2542/9 738/2539/9
f 2306/522/9 1523/521/7 3382/2542/9
f 1523/521/7 739/2534/7 3382/2542/9
f 2305/517/38 3385/2547/9 737/2544/38
f 2305/517/38 1259/519/9 3385/2547/9
f 1259/519/9 475/2548/9 3385/2547/9
f 1518/518/11 3388/2554/11 734/2551/11
f 1518/518/11 2305/517/38 3388/2554/11
f 2305/517/38 737/2544/38 3388/2554/11
f 2303/515/38 3391/2559/9 735/2556/38
f 2303/515/38 1520/514/9 3391/2559/9
f 1520/514/9 736/2560/9 3391/2559/9
f 1517/511/11 3394/2566/11 733/2563/11
f 1517/511/11 1262/512/11 3394/2566/11
f 1262/512/11 478/2567/11 3394/2566/11
f 1516/509/10 3397/2573/11 732/2570/10
f 1516/509/10 1517/511/11 3397/2573/11
f 1517/511/11 733/2563/11 3397/2573/11
f 2299/510/12 3400/2578/12 731/2575/12
f 2299/510/12 1516/509/10 3400/2578/12
f 1516/509/10 732/2570/10 3400/2578/12
f 2298/505/37 3403/2583/12 730/2580/37
f 2298/505/37 1264/507/12 3403/2583/12
f 1264/507/12 480/2584/12 3403/2583/12
f 1511/506/14 3406/2590/14 727/2587/14
f 1511/506/14 2298/505/37 3406/2590/14
f 2298/505/37 730/2580/37 3406/2590/14
f 2296/503/37 3409/2595/12 728/2592/37
f 2296/503/37 1513/502/12 3409/2595/12
f 1513/502/12 729/2596/12 3409/2595/12
f 1510/499/14 3412/2602/14 726/2599/14
f 1510/499/14 1267/500/14 3412/2602/14
f 1267/500/14 483/2603/14 3412/2602/14
f 1509/497/13 3415/2609/14 725/2606/13
f 1509/497/13 1510/499/14 3415/2609/14
f 1510/499/14 726/2599/14 3415/2609/14
f 2292/498/15 3418/2614/15 724/2611/15
f 2292/498/15 1509/497/13 3418/2614/15
f 1509/497/13 725/2606/13 3418/2614/15
f 2291/493/36 3421/2619/15 723/2616/36
f 2291/493/36 1269/495/15 3421/2619/15
f 1269/495/15 485/2620/15 3421/2619/15
f 1504/494/17 3424/2626/17 720/2623/17
f 1504/494/17 2291/493/36 3424/2626/17
f 2291/493/36 723/2616/36 3424/2626/17
f 2289/491/36 3427/2631/15 721/2628/36
f 2289/491/36 1506/490/15 3427/2631/15
f 1506/490/15 722/2632/15 3427/2631/15
f 1503/487/17 3430/2638/17 719/2635/17
f 1503/487/17 1272/488/17 3430/2638/17
f 1272/488/17 488/2639/17 3430/2638/17
f 1502/485/16 3433/2645/17 718/2642/16
f 1502/485/16 1503/487/17 3433/2645/17
f 1503/487/17 719/2635/17 3433/2645/17
f 2285/486/18 3436/2650/18 717/2647/18
f 2285/486/18 1502/485/16 3436/2650/18
f 1502/485/16 718/2642/16 3436/2650/18
f 2284/481/35 3439/2655/18 716/2652/35
f 2284/481/35 1274/483/18 3439/2655/18
f 1274/483/18 490/2656/18 3439/2655/18
f 1497/482/20 3442/2662/20 713/2659/20
f 1497/482/20 2284/481/35 3442/2662/20
f 2284/481/35 716/2652/35 3442/2662/20
f 2282/479/35 3445/2667/18 714/2664/35
f 2282/479/35 1499/478/18 3445/2667/18
f 1499/478/18 715/2668/18 3445/2667/18
f 1496/475/20 3448/2674/20 712/2671/20
f 1496/475/20 1277/476/20 3448/2674/20
f 1277/476/20 493/2675/20 3448/2674/20
f 1495/473/19 3451/2681/20 711/2678/19
f 1495/473/19 1496/475/20 3451/2681/20
f 1496/475/20 712/2671/20 3451/2681/20
f 2278/474/21 3454/2686/21 710/2683/21
f 2278/474/21 1495/473/19 3454/2686/21
f 1495/473/19 711/2678/19 3454/2686/21
f 2277/469/34 3457/2691/21 709/2688/34
f 2277/469/34 1279/471/21 3457/2691/21
f 1279/471/21 495/2692/21 3457/2691/21
f 1490/470/23 3460/2698/23 706/2695/23
f 1490/470/23 2277/469/34 3460/2698/23
f 2277/469/34 709/2688/34 3460/2698/23
f 2275/467/34 3463/2703/21 707/2700/34
f 2275/467/34 1492/466/21 3463/2703/21
f 1492/466/21 708/2704/21 3463/2703/21
f 1489/463/23 3466/2710/23 705/2707/23
f 1489/463/23 1282/464/23 3466/2710/23
f 1282/464/23 498/2711/23 3466/2710/23
f 1488/461/22 3469/2717/23 704/2714/22
f 1488/461/22 1489/463/23 3469/2717/23
f 1489/463/23 705/2707/23 3469/2717/23
f 2271/462/24 3472/2722/24 703/2719/24
f 2271/462/24 1488/461/22 3472/2722/24
f 1488/461/22 704/2714/22 3472/2722/24
f 2270/457/32 3475/2727/24 702/2724/32
f 2270/457/32 1284/459/24 3475/2727/24
f 1284/459/24 500/2728/24 3475/2727/24
f 1830/458/45 3478/2734/63 1046/2731/60
f 1830/458/45 2270/457/32 3478/2734/63
f 2270/457/32 702/2724/32 3478/2734/63
f 2268/455/32 3481/2739/24 700/2736/32
f 2268/455/32 1485/454/24 3481/2739/24
f 1485/454/24 701/2740/24 3481/2739/24
f 1829/4222/29 3484/2746/67 1045/2743/64
f 1829/4222/29 1819/4114/31 3484/2746/67
f 1819/4114/31 1035/2747/64 3484/2746/67
f 1537/451/44 3487/2751/69 753/2469/52
f 1537/451/44 1829/450/29 3487/2751/69
f 1829/4222/29 1045/2743/64 3487/4194/69
f 2266/448/43 3490/2756/51 698/2753/48
f 2266/448/43 1483/355/44 3490/2756/51
f 1483/355/44 699/2757/52 3490/2756/51
f 2265/445/40 3493/2763/54 697/2760/40
f 2265/445/40 2071/447/46 3493/2763/54
f 2071/447/46 503/2764/55 3493/2763/54
f 1478/446/5 3496/2770/5 694/2767/5
f 1478/446/5 2265/445/40 3496/2770/5
f 2265/445/40 697/2760/40 3496/2770/5
f 2263/443/40 3499/2775/71 695/2772/40
f 2263/443/40 1480/442/41 3499/2775/71
f 1480/442/41 696/2776/72 3499/2775/71
f 1477/439/5 3502/2782/5 693/2779/5
f 1477/439/5 1290/440/5 3502/2782/5
f 1290/440/5 506/2783/5 3502/2782/5
f 1476/437/4 3505/2789/5 692/2786/4
f 1476/437/4 1477/439/5 3505/2789/5
f 1477/439/5 693/2779/5 3505/2789/5
f 2259/438/6 3508/2794/6 691/2791/6
f 2259/438/6 1476/437/4 3508/2794/6
f 1476/437/4 692/2786/4 3508/2794/6
f 2258/433/39 3511/2799/6 690/2796/39
f 2258/433/39 1292/435/6 3511/2799/6
f 1292/435/6 508/2800/6 3511/2799/6
f 1471/434/8 3514/2806/8 687/2803/8
f 1471/434/8 2258/433/39 3514/2806/8
f 2258/433/39 690/2796/39 3514/2806/8
f 2256/431/39 3517/2811/6 688/2808/39
f 2256/431/39 1473/430/6 3517/2811/6
f 1473/430/6 689/2812/6 3517/2811/6
f 1470/427/8 3520/2818/8 686/2815/8
f 1470/427/8 1295/428/8 3520/2818/8
f 1295/428/8 511/2819/8 3520/2818/8
f 1469/425/7 3523/2825/8 685/2822/7
f 1469/425/7 1470/427/8 3523/2825/8
f 1470/427/8 686/2815/8 3523/2825/8
f 2252/426/9 3526/2830/9 684/2827/9
f 2252/426/9 1469/425/7 3526/2830/9
f 1469/425/7 685/2822/7 3526/2830/9
f 2251/421/38 3529/2835/9 683/2832/38
f 2251/421/38 1297/423/9 3529/2835/9
f 1297/423/9 513/2836/9 3529/2835/9
f 1464/422/11 3532/2842/11 680/2839/11
f 1464/422/11 2251/421/38 3532/2842/11
f 2251/421/38 683/2832/38 3532/2842/11
f 2249/419/38 3535/2847/9 681/2844/38
f 2249/419/38 1466/418/9 3535/2847/9
f 1466/418/9 682/2848/9 3535/2847/9
f 1463/415/11 3538/2854/11 679/2851/11
f 1463/415/11 1300/416/11 3538/2854/11
f 1300/416/11 516/2855/11 3538/2854/11
f 1462/413/10 3541/2861/11 678/2858/10
f 1462/413/10 1463/415/11 3541/2861/11
f 1463/415/11 679/2851/11 3541/2861/11
f 2245/414/12 3544/2866/12 677/2863/12
f 2245/414/12 1462/413/10 3544/2866/12
f 1462/413/10 678/2858/10 3544/2866/12
f 2244/409/37 3547/2871/12 676/2868/37
f 2244/409/37 1302/411/12 3547/2871/12
f 1302/411/12 518/2872/12 3547/2871/12
f 1457/410/14 3550/2878/14 673/2875/14
f 1457/410/14 2244/409/37 3550/2878/14
f 2244/409/37 676/2868/37 3550/2878/14
f 2242/407/37 3553/2883/12 674/2880/37
f 2242/407/37 1459/406/12 3553/2883/12
f 1459/406/12 675/2884/12 3553/2883/12
f 1456/403/14 3556/2890/14 672/2887/14
f 1456/403/14 1305/404/14 3556/2890/14
f 1305/404/14 521/2891/14 3556/2890/14
f 1455/401/13 3559/2897/14 671/2894/13
f 1455/401/13 1456/403/14 3559/2897/14
f 1456/403/14 672/2887/14 3559/2897/14
f 2238/402/15 3562/2902/15 670/2899/15
f 2238/402/15 1455/401/13 3562/2902/15
f 1455/401/13 671/2894/13 3562/2902/15
f 2237/397/36 3565/2907/15 669/2904/36
f 2237/397/36 1307/399/15 3565/2907/15
f 1307/399/15 523/2908/15 3565/2907/15
f 1450/398/17 3568/2914/17 666/2911/17
f 1450/398/17 2237/397/36 3568/2914/17
f 2237/397/36 669/2904/36 3568/2914/17
f 2235/395/36 3571/2919/15 667/2916/36
f 2235/395/36 1452/394/15 3571/2919/15
f 1452/394/15 668/2920/15 3571/2919/15
f 1449/391/17 3574/2926/17 665/2923/17
f 1449/391/17 1310/392/17 3574/2926/17
f 1310/392/17 526/2927/17 3574/2926/17
f 1448/389/16 3577/2933/17 664/2930/16
f 1448/389/16 1449/391/17 3577/2933/17
f 1449/391/17 665/2923/17 3577/2933/17
f 2231/390/18 3580/2938/18 663/2935/18
f 2231/390/18 1448/389/16 3580/2938/18
f 1448/389/16 664/2930/16 3580/2938/18
f 2230/385/35 3583/2943/18 662/2940/35
f 2230/385/35 1312/387/18 3583/2943/18
f 1312/387/18 528/2944/18 3583/2943/18
f 1443/386/20 3586/2950/20 659/2947/20
f 1443/386/20 2230/385/35 3586/2950/20
f 2230/385/35 662/2940/35 3586/2950/20
f 2228/383/35 3589/2955/18 660/2952/35
f 2228/383/35 1445/382/18 3589/2955/18
f 1445/382/18 661/2956/18 3589/2955/18
f 1442/379/20 3592/2962/20 658/2959/20
f 1442/379/20 1315/380/20 3592/2962/20
f 1315/380/20 531/2963/20 3592/2962/20
f 1441/377/19 3595/2969/20 657/2966/19
f 1441/377/19 1442/379/20 3595/2969/20
f 1442/379/20 658/2959/20 3595/2969/20
f 2224/378/21 3598/2974/21 656/2971/21
f 2224/378/21 1441/377/19 3598/2974/21
f 1441/377/19 657/2966/19 3598/2974/21
f 2223/373/34 3601/2979/21 655/2976/34
f 2223/373/34 1317/375/21 3601/2979/21
f 1317/375/21 533/2980/21 3601/2979/21
f 1436/374/23 3604/2986/23 652/2983/23
f 1436/374/23 2223/373/34 3604/2986/23
f 2223/373/34 655/2976/34 3604/2986/23
f 2221/371/34 3607/2991/21 653/2988/34
f 2221/371/34 1438/370/21 3607/2991/21
f 1438/370/21 654/2992/21 3607/2991/21
f 1435/367/23 3610/2998/23 651/2995/23
f 1435/367/23 1320/368/23 3610/2998/23
f 1320/368/23 536/2999/23 3610/2998/23
f 1434/365/22 3613/3005/23 650/3002/22
f 1434/365/22 1435/367/23 3613/3005/23
f 1435/367/23 651/2995/23 3613/3005/23
f 2217/366/24 3616/3010/24 649/3007/24
f 2217/366/24 1434/365/22 3616/3010/24
f 1434/365/22 650/3002/22 3616/3010/24
f 2216/361/32 3619/3015/24 648/3012/32
f 2216/361/32 1322/363/24 3619/3015/24
f 1322/363/24 538/3016/24 3619/3015/24
f 1828/362/45 3622/3022/63 1044/3019/60
f 1828/362/45 2216/361/32 3622/3022/63
f 2216/361/32 648/3012/32 3622/3022/63
f 2214/359/32 3625/3027/24 646/3024/32
f 2214/359/32 1431/358/24 3625/3027/24
f 1431/358/24 647/3028/24 3625/3027/24
f 1827/4223/29 3628/3034/67 1043/3031/64
f 1827/4223/29 1821/4117/31 3628/3034/67
f 1821/4117/31 1037/3035/64 3628/3034/67
f 1483/355/44 3631/3039/69 699/2757/52
f 1483/355/44 1827/354/29 3631/3039/69
f 1827/4223/29 1043/3031/64 3631/4190/69
f 2211/352/43 3634/3044/76 643/3041/48
f 2211/352/43 1428/259/30 3634/3044/76
f 1428/259/30 644/3045/77 3634/3044/76
f 2209/349/40 3637/3051/54 641/3048/40
f 2209/349/40 2109/351/42 3637/3051/54
f 2109/351/42 541/3052/55 3637/3051/54
f 1422/350/5 3640/3058/5 638/3055/5
f 1422/350/5 2209/349/40 3640/3058/5
f 2209/349/40 641/3048/40 3640/3058/5
f 2207/347/40 3643/3063/71 639/3060/40
f 2207/347/40 1424/346/41 3643/3063/71
f 1424/346/41 640/3064/72 3643/3063/71
f 1421/343/5 3646/3070/5 637/3067/5
f 1421/343/5 1328/344/5 3646/3070/5
f 1328/344/5 544/3071/5 3646/3070/5
f 1419/341/4 3649/3077/5 635/3074/4
f 1419/341/4 1421/343/5 3649/3077/5
f 1421/343/5 637/3067/5 3649/3077/5
f 2202/342/6 3652/3082/6 634/3079/6
f 2202/342/6 1419/341/4 3652/3082/6
f 1419/341/4 635/3074/4 3652/3082/6
f 2200/337/39 3655/3087/6 632/3084/39
f 2200/337/39 1330/339/6 3655/3087/6
f 1330/339/6 546/3088/6 3655/3087/6
f 1413/338/8 3658/3094/8 629/3091/8
f 1413/338/8 2200/337/39 3658/3094/8
f 2200/337/39 632/3084/39 3658/3094/8
f 2198/335/39 3661/3099/6 630/3096/39
f 2198/335/39 1415/334/6 3661/3099/6
f 1415/334/6 631/3100/6 3661/3099/6
f 1412/331/8 3664/3106/8 628/3103/8
f 1412/331/8 1333/332/8 3664/3106/8
f 1333/332/8 549/3107/8 3664/3106/8
f 1410/329/7 3667/3113/8 626/3110/7
f 1410/329/7 1412/331/8 3667/3113/8
f 1412/331/8 628/3103/8 3667/3113/8
f 2193/330/9 3670/3118/9 625/3115/9
f 2193/330/9 1410/329/7 3670/3118/9
f 1410/329/7 626/3110/7 3670/3118/9
f 2191/325/38 3673/3123/9 623/3120/38
f 2191/325/38 1335/327/9 3673/3123/9
f 1335/327/9 551/3124/9 3673/3123/9
f 1404/326/11 3676/3130/11 620/3127/11
f 1404/326/11 2191/325/38 3676/3130/11
f 2191/325/38 623/3120/38 3676/3130/11
f 2189/323/38 3679/3135/9 621/3132/38
f 2189/323/38 1406/322/9 3679/3135/9
f 1406/322/9 622/3136/9 3679/3135/9
f 1403/319/11 3682/3142/11 619/3139/11
f 1403/319/11 1338/320/11 3682/3142/11
f 1338/320/11 554/3143/11 3682/3142/11
f 1401/317/10 3685/3149/11 617/3146/10
f 1401/317/10 1403/319/11 3685/3149/11
f 1403/319/11 619/3139/11 3685/3149/11
f 2184/318/12 3688/3154/12 616/3151/12
f 2184/318/12 1401/317/10 3688/3154/12
f 1401/317/10 617/3146/10 3688/3154/12
f 2182/313/37 3691/3159/12 614/3156/37
f 2182/313/37 1340/315/12 3691/3159/12
f 1340/315/12 556/3160/12 3691/3159/12
f 1395/314/14 3694/3166/14 611/3163/14
f 1395/314/14 2182/313/37 3694/3166/14
f 2182/313/37 614/3156/37 3694/3166/14
f 2180/311/37 3697/3171/12 612/3168/37
f 2180/311/37 1397/310/12 3697/3171/12
f 1397/310/12 613/3172/12 3697/3171/12
f 1394/307/14 3700/3178/14 610/3175/14
f 1394/307/14 1343/308/14 3700/3178/14
f 1343/308/14 559/3179/14 3700/3178/14
f 1392/305/13 3703/3185/14 608/3182/13
f 1392/305/13 1394/307/14 3703/3185/14
f 1394/307/14 610/3175/14 3703/3185/14
f 2175/306/15 3706/3190/15 607/3187/15
f 2175/306/15 1392/305/13 3706/3190/15
f 1392/305/13 608/3182/13 3706/3190/15
f 2173/301/36 3709/3195/15 605/3192/36
f 2173/301/36 1345/303/15 3709/3195/15
f 1345/303/15 561/3196/15 3709/3195/15
f 1386/302/17 3712/3202/17 602/3199/17
f 1386/302/17 2173/301/36 3712/3202/17
f 2173/301/36 605/3192/36 3712/3202/17
f 2171/299/36 3715/3207/15 603/3204/36
f 2171/299/36 1388/298/15 3715/3207/15
f 1388/298/15 604/3208/15 3715/3207/15
f 1385/295/17 3718/3214/17 601/3211/17
f 1385/295/17 1348/296/17 3718/3214/17
f 1348/296/17 564/3215/17 3718/3214/17
f 1383/293/16 3721/3221/17 599/3218/16
f 1383/293/16 1385/295/17 3721/3221/17
f 1385/295/17 601/3211/17 3721/3221/17
f 2166/294/18 3724/3226/18 598/3223/18
f 2166/294/18 1383/293/16 3724/3226/18
f 1383/293/16 599/3218/16 3724/3226/18
f 2164/289/35 3727/3231/18 596/3228/35
f 2164/289/35 1350/291/18 3727/3231/18
f 1350/291/18 566/3232/18 3727/3231/18
f 1377/290/20 3730/3238/20 593/3235/20
f 1377/290/20 2164/289/35 3730/3238/20
f 2164/289/35 596/3228/35 3730/3238/20
f 2162/287/35 3733/3243/18 594/3240/35
f 2162/287/35 1379/286/18 3733/3243/18
f 1379/286/18 595/3244/18 3733/3243/18
f 1376/283/20 3736/3250/20 592/3247/20
f 1376/283/20 1353/284/20 3736/3250/20
f 1353/284/20 569/3251/20 3736/3250/20
f 1374/281/19 3739/3257/20 590/3254/19
f 1374/281/19 1376/283/20 3739/3257/20
f 1376/283/20 592/3247/20 3739/3257/20
f 2157/282/21 3742/3262/21 589/3259/21
f 2157/282/21 1374/281/19 3742/3262/21
f 1374/281/19 590/3254/19 3742/3262/21
f 2155/277/34 3745/3267/21 587/3264/34
f 2155/277/34 1355/279/21 3745/3267/21
f 1355/279/21 571/3268/21 3745/3267/21
f 1368/278/23 3748/3274/23 584/3271/23
f 1368/278/23 2155/277/34 3748/3274/23
f 2155/277/34 587/3264/34 3748/3274/23
f 2153/275/34 3751/3279/21 585/3276/34
f 2153/275/34 1370/274/21 3751/3279/21
f 1370/274/21 586/3280/21 3751/3279/21
f 1367/271/23 3754/3286/23 583/3283/23
f 1367/271/23 1358/272/23 3754/3286/23
f 1358/272/23 574/3287/23 3754/3286/23
f 1365/269/22 3757/3293/23 581/3290/22
f 1365/269/22 1367/271/23 3757/3293/23
f 1367/271/23 583/3283/23 3757/3293/23
f 2148/270/24 3760/3298/24 580/3295/24
f 2148/270/24 1365/269/22 3760/3298/24
f 1365/269/22 581/3290/22 3760/3298/24
f 2147/265/32 3763/3303/24 579/3300/32
f 2147/265/32 1360/267/24 3763/3303/24
f 1360/267/24 576/3304/24 3763/3303/24
f 1825/266/33 3766/3310/82 1041/3307/79
f 1825/266/33 2147/265/32 3766/3310/82
f 2147/265/32 579/3300/32 3766/3310/82
f 2145/263/32 3769/3315/24 577/3312/32
f 2145/263/32 1362/262/24 3769/3315/24
f 1362/262/24 578/3316/24 3769/3315/24
f 1824/4224/29 3772/3322/67 1040/3319/64
f 1824/4224/29 1823/4120/31 3772/3322/67
f 1823/4120/31 1039/3323/64 3772/3322/67
f 1428/259/30 3775/3327/85 644/3045/77
f 1428/259/30 1824/258/29 3775/3327/85
f 1824/4224/29 1040/3319/64 3775/4122/85
f 2108/226/26 3778/3332/89 540/3329/87
f 2108/226/26 2606/256/28 3778/3332/89
f 2606/4192/28 1038/3333/90 3778/4119/89
f 2143/255/24 3781/3339/24 575/3336/24
f 2143/255/24 2140/254/22 3781/3339/24
f 2140/254/22 572/3340/22 3781/3339/24
f 2140/254/22 3784/3344/23 572/3340/22
f 2140/254/22 2141/253/23 3784/3344/23
f 2141/253/23 573/3345/23 3784/3344/23
f 2138/251/21 3787/3351/21 570/3348/21
f 2138/251/21 2135/250/19 3787/3351/21
f 2135/250/19 567/3352/19 3787/3351/21
f 2135/250/19 3790/3356/20 567/3352/19
f 2135/250/19 2136/249/20 3790/3356/20
f 2136/249/20 568/3357/20 3790/3356/20
f 2133/247/18 3793/3363/18 565/3360/18
f 2133/247/18 2130/246/16 3793/3363/18
f 2130/246/16 562/3364/16 3793/3363/18
f 2130/246/16 3796/3368/17 562/3364/16
f 2130/246/16 2131/245/17 3796/3368/17
f 2131/245/17 563/3369/17 3796/3368/17
f 2128/243/15 3799/3375/15 560/3372/15
f 2128/243/15 2125/242/13 3799/3375/15
f 2125/242/13 557/3376/13 3799/3375/15
f 2125/242/13 3802/3380/14 557/3376/13
f 2125/242/13 2126/241/14 3802/3380/14
f 2126/241/14 558/3381/14 3802/3380/14
f 2123/239/12 3805/3387/12 555/3384/12
f 2123/239/12 2120/238/10 3805/3387/12
f 2120/238/10 552/3388/10 3805/3387/12
f 2120/238/10 3808/3392/11 552/3388/10
f 2120/238/10 2121/237/11 3808/3392/11
f 2121/237/11 553/3393/11 3808/3392/11
f 2118/235/9 3811/3399/9 550/3396/9
f 2118/235/9 2115/234/7 3811/3399/9
f 2115/234/7 547/3400/7 3811/3399/9
f 2115/234/7 3814/3404/8 547/3400/7
f 2115/234/7 2116/233/8 3814/3404/8
f 2116/233/8 548/3405/8 3814/3404/8
f 2113/231/6 3817/3411/6 545/3408/6
f 2113/231/6 2110/230/4 3817/3411/6
f 2110/230/4 542/3412/4 3817/3411/6
f 2110/230/4 3820/3416/5 542/3412/4
f 2110/230/4 2111/229/5 3820/3416/5
f 2111/229/5 543/3417/5 3820/3416/5
f 2107/227/27 3823/3423/93 539/3420/91
f 2107/227/27 2108/226/26 3823/3423/93
f 2108/226/26 540/3329/87 3823/3423/93
f 2070/194/26 3826/3428/89 502/3425/87
f 2070/194/26 2604/224/28 3826/3428/89
f 2604/4196/28 1036/3429/90 3826/4116/89
f 2105/223/24 3829/3435/24 537/3432/24
f 2105/223/24 2102/222/22 3829/3435/24
f 2102/222/22 534/3436/22 3829/3435/24
f 2102/222/22 3832/3440/23 534/3436/22
f 2102/222/22 2103/221/23 3832/3440/23
f 2103/221/23 535/3441/23 3832/3440/23
f 2100/219/21 3835/3447/21 532/3444/21
f 2100/219/21 2097/218/19 3835/3447/21
f 2097/218/19 529/3448/19 3835/3447/21
f 2097/218/19 3838/3452/20 529/3448/19
f 2097/218/19 2098/217/20 3838/3452/20
f 2098/217/20 530/3453/20 3838/3452/20
f 2095/215/18 3841/3459/18 527/3456/18
f 2095/215/18 2092/214/16 3841/3459/18
f 2092/214/16 524/3460/16 3841/3459/18
f 2092/214/16 3844/3464/17 524/3460/16
f 2092/214/16 2093/213/17 3844/3464/17
f 2093/213/17 525/3465/17 3844/3464/17
f 2090/211/15 3847/3471/15 522/3468/15
f 2090/211/15 2087/210/13 3847/3471/15
f 2087/210/13 519/3472/13 3847/3471/15
f 2087/210/13 3850/3476/14 519/3472/13
f 2087/210/13 2088/209/14 3850/3476/14
f 2088/209/14 520/3477/14 3850/3476/14
f 2085/207/12 3853/3483/12 517/3480/12
f 2085/207/12 2082/206/10 3853/3483/12
f 2082/206/10 514/3484/10 3853/3483/12
f 2082/206/10 3856/3488/11 514/3484/10
f 2082/206/10 2083/205/11 3856/3488/11
f 2083/205/11 515/3489/11 3856/3488/11
f 2080/203/9 3859/3495/9 512/3492/9
f 2080/203/9 2077/202/7 3859/3495/9
f 2077/202/7 509/3496/7 3859/3495/9
f 2077/202/7 3862/3500/8 509/3496/7
f 2077/202/7 2078/201/8 3862/3500/8
f 2078/201/8 510/3501/8 3862/3500/8
f 2075/199/6 3865/3507/6 507/3504/6
f 2075/199/6 2072/198/4 3865/3507/6
f 2072/198/4 504/3508/4 3865/3507/6
f 2072/198/4 3868/3512/5 504/3508/4
f 2072/198/4 2073/197/5 3868/3512/5
f 2073/197/5 505/3513/5 3868/3512/5
f 2069/195/27 3871/3519/93 501/3516/91
f 2069/195/27 2070/194/26 3871/3519/93
f 2070/194/26 502/3425/87 3871/3519/93
f 2032/162/26 3874/3524/89 464/3521/87
f 2032/162/26 2602/192/28 3874/3524/89
f 2602/4200/28 1034/3525/90 3874/4113/89
f 2067/191/24 3877/3531/24 499/3528/24
f 2067/191/24 2064/190/22 3877/3531/24
f 2064/190/22 496/3532/22 3877/3531/24
f 2064/190/22 3880/3536/23 496/3532/22
f 2064/190/22 2065/189/23 3880/3536/23
f 2065/189/23 497/3537/23 3880/3536/23
f 2062/187/21 3883/3543/21 494/3540/21
f 2062/187/21 2059/186/19 3883/3543/21
f 2059/186/19 491/3544/19 3883/3543/21
f 2059/186/19 3886/3548/20 491/3544/19
f 2059/186/19 2060/185/20 3886/3548/20
f 2060/185/20 492/3549/20 3886/3548/20
f 2057/183/18 3889/3555/18 489/3552/18
f 2057/183/18 2054/182/16 3889/3555/18
f 2054/182/16 486/3556/16 3889/3555/18
f 2054/182/16 3892/3560/17 486/3556/16
f 2054/182/16 2055/181/17 3892/3560/17
f 2055/181/17 487/3561/17 3892/3560/17
f 2052/179/15 3895/3567/15 484/3564/15
f 2052/179/15 2049/178/13 3895/3567/15
f 2049/178/13 481/3568/13 3895/3567/15
f 2049/178/13 3898/3572/14 481/3568/13
f 2049/178/13 2050/177/14 3898/3572/14
f 2050/177/14 482/3573/14 3898/3572/14
f 2047/175/12 3901/3579/12 479/3576/12
f 2047/175/12 2044/174/10 3901/3579/12
f 2044/174/10 476/3580/10 3901/3579/12
f 2044/174/10 3904/3584/11 476/3580/10
f 2044/174/10 2045/173/11 3904/3584/11
f 2045/173/11 477/3585/11 3904/3584/11
f 2042/171/9 3907/3591/9 474/3588/9
f 2042/171/9 2039/170/7 3907/3591/9
f 2039/170/7 471/3592/7 3907/3591/9
f 2039/170/7 3910/3596/8 471/3592/7
f 2039/170/7 2040/169/8 3910/3596/8
f 2040/169/8 472/3597/8 3910/3596/8
f 2037/167/6 3913/3603/6 469/3600/6
f 2037/167/6 2034/166/4 3913/3603/6
f 2034/166/4 466/3604/4 3913/3603/6
f 2034/166/4 3916/3608/5 466/3604/4
f 2034/166/4 2035/165/5 3916/3608/5
f 2035/165/5 467/3609/5 3916/3608/5
f 2031/163/27 3919/3615/93 463/3612/91
f 2031/163/27 2032/162/26 3919/3615/93
f 2032/162/26 464/3521/87 3919/3615/93
f 1994/130/26 3922/3620/89 426/3617/87
f 1994/130/26 2600/160/28 3922/3620/89
f 2600/4204/28 1032/3621/90 3922/4110/89
f 2029/159/24 3925/3627/24 461/3624/24
f 2029/159/24 2026/158/22 3925/3627/24
f 2026/158/22 458/3628/22 3925/3627/24
f 2026/158/22 3928/3632/23 458/3628/22
f 2026/158/22 2027/157/23 3928/3632/23
f 2027/157/23 459/3633/23 3928/3632/23
f 2024/155/21 3931/3639/21 456/3636/21
f 2024/155/21 2021/154/19 3931/3639/21
f 2021/154/19 453/3640/19 3931/3639/21
f 2021/154/19 3934/3644/20 453/3640/19
f 2021/154/19 2022/153/20 3934/3644/20
f 2022/153/20 454/3645/20 3934/3644/20
f 2019/151/18 3937/3651/18 451/3648/18
f 2019/151/18 2016/150/16 3937/3651/18
f 2016/150/16 448/3652/16 3937/3651/18
f 2016/150/16 3940/3656/17 448/3652/16
f 2016/150/16 2017/149/17 3940/3656/17
f 2017/149/17 449/3657/17 3940/3656/17
f 2014/147/15 3943/3663/15 446/3660/15
f 2014/147/15 2011/146/13 3943/3663/15
f 2011/146/13 443/3664/13 3943/3663/15
f 2011/146/13 3946/3668/14 443/3664/13
f 2011/146/13 2012/145/14 3946/3668/14
f 2012/145/14 444/3669/14 3946/3668/14
f 2009/143/12 3949/3675/12 441/3672/12
f 2009/143/12 2006/142/10 3949/3675/12
f 2006/142/10 438/3676/10 3949/3675/12
f 2006/142/10 3952/3680/11 438/3676/10
f 2006/142/10 2007/141/11 3952/3680/11
f 2007/141/11 439/3681/11 3952/3680/11
f 2004/139/9 3955/3687/9 436/3684/9
f 2004/139/9 2001/138/7 3955/3687/9
f 2001/138/7 433/3688/7 3955/3687/9
f 2001/138/7 3958/3692/8 433/3688/7
f 2001/138/7 2002/137/8 3958/3692/8
f 2002/137/8 434/3693/8 3958/3692/8
f 1999/135/6 3961/3699/6 431/3696/6
f 1999/135/6 1996/134/4 3961/3699/6
f 1996/134/4 428/3700/4 3961/3699/6
f 1996/134/4 3964/3704/5 428/3700/4
f 1996/134/4 1997/133/5 3964/3704/5
f 1997/133/5 429/3705/5 3964/3704/5
f 1993/131/27 3967/3711/93 425/3708/91
f 1993/131/27 1994/130/26 3967/3711/93
f 1994/130/26 426/3617/87 3967/3711/93
f 1956/98/26 3970/3716/89 388/3713/87
f 1956/98/26 2598/128/28 3970/3716/89
f 2598/4208/28 1030/3717/90 3970/4107/89
f 1991/127/24 3973/3723/24 423/3720/24
f 1991/127/24 1988/126/22 3973/3723/24
f 1988/126/22 420/3724/22 3973/3723/24
f 1988/126/22 3976/3728/23 420/3724/22
f 1988/126/22 1989/125/23 3976/3728/23
f 1989/125/23 421/3729/23 3976/3728/23
f 1986/123/21 3979/3735/21 418/3732/21
f 1986/123/21 1983/122/19 3979/3735/21
f 1983/122/19 415/3736/19 3979/3735/21
f 1983/122/19 3982/3740/20 415/3736/19
f 1983/122/19 1984/121/20 3982/3740/20
f 1984/121/20 416/3741/20 3982/3740/20
f 1981/119/18 3985/3747/18 413/3744/18
f 1981/119/18 1978/118/16 3985/3747/18
f 1978/118/16 410/3748/16 3985/3747/18
f 1978/118/16 3988/3752/17 410/3748/16
f 1978/118/16 1979/117/17 3988/3752/17
f 1979/117/17 411/3753/17 3988/3752/17
f 1976/115/15 3991/3759/15 408/3756/15
f 1976/115/15 1973/114/13 3991/3759/15
f 1973/114/13 405/3760/13 3991/3759/15
f 1973/114/13 3994/3764/14 405/3760/13
f 1973/114/13 1974/113/14 3994/3764/14
f 1974/113/14 406/3765/14 3994/3764/14
f 1971/111/12 3997/3771/12 403/3768/12
f 1971/111/12 1968/110/10 3997/3771/12
f 1968/110/10 400/3772/10 3997/3771/12
f 1968/110/10 4000/3776/11 400/3772/10
f 1968/110/10 1969/109/11 4000/3776/11
f 1969/109/11 401/3777/11 4000/3776/11
f 1966/107/9 4003/3783/9 398/3780/9
f 1966/107/9 1963/106/7 4003/3783/9
f 1963/106/7 395/3784/7 4003/3783/9
f 1963/106/7 4006/3788/8 395/3784/7
f 1963/106/7 1964/105/8 4006/3788/8
f 1964/105/8 396/3789/8 4006/3788/8
f 1961/103/6 4009/3795/6 393/3792/6
f 1961/103/6 1958/102/4 4009/3795/6
f 1958/102/4 390/3796/4 4009/3795/6
f 1958/102/4 4012/3800/5 390/3796/4
f 1958/102/4 1959/101/5 4012/3800/5
f 1959/101/5 391/3801/5 4012/3800/5
f 1955/99/27 4015/3807/93 387/3804/91
f 1955/99/27 1956/98/26 4015/3807/93
f 1956/98/26 388/3713/87 4015/3807/93
f 1918/66/26 4018/3812/89 350/3809/87
f 1918/66/26 2596/96/28 4018/3812/89
f 2596/4212/28 1028/3813/90 4018/4104/89
f 1953/95/24 4021/3819/24 385/3816/24
f 1953/95/24 1950/94/22 4021/3819/24
f 1950/94/22 382/3820/22 4021/3819/24
f 1950/94/22 4024/3824/23 382/3820/22
f 1950/94/22 1951/93/23 4024/3824/23
f 1951/93/23 383/3825/23 4024/3824/23
f 1948/91/21 4027/3831/21 380/3828/21
f 1948/91/21 1945/90/19 4027/3831/21
f 1945/90/19 377/3832/19 4027/3831/21
f 1945/90/19 4030/3836/20 377/3832/19
f 1945/90/19 1946/89/20 4030/3836/20
f 1946/89/20 378/3837/20 4030/3836/20
f 1943/87/18 4033/3843/18 375/3840/18
f 1943/87/18 1940/86/16 4033/3843/18
f 1940/86/16 372/3844/16 4033/3843/18
f 1940/86/16 4036/3848/17 372/3844/16
f 1940/86/16 1941/85/17 4036/3848/17
f 1941/85/17 373/3849/17 4036/3848/17
f 1938/83/15 4039/3855/15 370/3852/15
f 1938/83/15 1935/82/13 4039/3855/15
f 1935/82/13 367/3856/13 4039/3855/15
f 1935/82/13 4042/3860/14 367/3856/13
f 1935/82/13 1936/81/14 4042/3860/14
f 1936/81/14 368/3861/14 4042/3860/14
f 1933/79/12 4045/3867/12 365/3864/12
f 1933/79/12 1930/78/10 4045/3867/12
f 1930/78/10 362/3868/10 4045/3867/12
f 1930/78/10 4048/3872/11 362/3868/10
f 1930/78/10 1931/77/11 4048/3872/11
f 1931/77/11 363/3873/11 4048/3872/11
f 1928/75/9 4051/3879/9 360/3876/9
f 1928/75/9 1925/74/7 4051/3879/9
f 1925/74/7 357/3880/7 4051/3879/9
f 1925/74/7 4054/3884/8 357/3880/7
f 1925/74/7 1926/73/8 4054/3884/8
f 1926/73/8 358/3885/8 4054/3884/8
f 1923/71/6 4057/3891/6 355/3888/6
f 1923/71/6 1920/70/4 4057/3891/6
f 1920/70/4 352/3892/4 4057/3891/6
f 1920/70/4 4060/3896/5 352/3892/4
f 1920/70/4 1921/69/5 4060/3896/5
f 1921/69/5 353/3897/5 4060/3896/5
f 1917/67/27 4063/3903/93 349/3900/91
f 1917/67/27 1918/66/26 4063/3903/93
f 1918/66/26 350/3809/87 4063/3903/93
f 1880/34/26 4066/3908/89 312/3905/87
f 1880/34/26 2594/64/28 4066/3908/89
f 2594/4216/28 1026/3909/90 4066/4101/89
f 1915/63/24 4069/3915/24 347/3912/24
f 1915/63/24 1912/62/22 4069/3915/24
f 1912/62/22 344/3916/22 4069/3915/24
f 1912/62/22 4072/3920/23 344/3916/22
f 1912/62/22 1913/61/23 4072/3920/23
f 1913/61/23 345/3921/23 4072/3920/23
f 1910/59/21 4075/3927/21 342/3924/21
f 1910/59/21 1907/58/19 4075/3927/21
f 1907/58/19 339/3928/19 4075/3927/21
f 1907/58/19 4078/3932/20 339/3928/19
f 1907/58/19 1908/57/20 4078/3932/20
f 1908/57/20 340/3933/20 4078/3932/20
f 1905/55/18 4081/3939/18 337/3936/18
f 1905/55/18 1902/54/16 4081/3939/18
f 1902/54/16 334/3940/16 4081/3939/18
f 1902/54/16 4084/3944/17 334/3940/16
f 1902/54/16 1903/53/17 4084/3944/17
f 1903/53/17 335/3945/17 4084/3944/17
f 1900/51/15 4087/3951/15 332/3948/15
f 1900/51/15 1897/50/13 4087/3951/15
f 1897/50/13 329/3952/13 4087/3951/15
f 1897/50/13 4090/3956/14 329/3952/13
f 1897/50/13 1898/49/14 4090/3956/14
f 1898/49/14 330/3957/14 4090/3956/14
f 1895/47/12 4093/3963/12 327/3960/12
f 1895/47/12 1892/46/10 4093/3963/12
f 1892/46/10 324/3964/10 4093/3963/12
f 1892/46/10 4096/3968/11 324/3964/10
f 1892/46/10 1893/45/11 4096/3968/11
f 1893/45/11 325/3969/11 4096/3968/11
f 1890/43/9 4099/3975/9 322/3972/9
f 1890/43/9 1887/42/7 4099/3975/9
f 1887/42/7 319/3976/7 4099/3975/9
f 1887/42/7 4102/3980/8 319/3976/7
f 1887/42/7 1888/41/8 4102/3980/8
f 1888/41/8 320/3981/8 4102/3980/8
f 1885/39/6 4105/3987/6 317/3984/6
f 1885/39/6 1882/38/4 4105/3987/6
f 1882/38/4 314/3988/4 4105/3987/6
f 1882/38/4 4108/3992/5 314/3988/4
f 1882/38/4 1883/37/5 4108/3992/5
f 1883/37/5 315/3993/5 4108/3992/5
f 1879/35/27 4111/3999/93 311/3996/91
f 1879/35/27 1880/34/26 4111/3999/93
f 1880/34/26 312/3905/87 4111/3999/93
f 1842/2/2 4114/4004/97 274/4001/95
f 1842/2/2 2592/32/25 4114/4004/97
f 2592/4225/25 1024/4005/25 4114/4098/97
f 1877/31/24 4117/4011/24 309/4008/24
f 1877/31/24 1874/30/22 4117/4011/24
f 1874/30/22 306/4012/22 4117/4011/24
f 1874/30/22 4120/4016/23 306/4012/22
f 1874/30/22 1875/29/23 4120/4016/23
f 1875/29/23 307/4017/23 4120/4016/23
f 1872/27/21 4123/4023/21 304/4020/21
f 1872/27/21 1869/26/19 4123/4023/21
f 1869/26/19 301/4024/19 4123/4023/21
f 1869/26/19 4126/4028/20 301/4024/19
f 1869/26/19 1870/25/20 4126/4028/20
f 1870/25/20 302/4029/20 4126/4028/20
f 1867/23/18 4129/4035/18 299/4032/18
f 1867/23/18 1864/22/16 4129/4035/18
f 1864/22/16 296/4036/16 4129/4035/18
f 1864/22/16 4132/4040/17 296/4036/16
f 1864/22/16 1865/21/17 4132/4040/17
f 1865/21/17 297/4041/17 4132/4040/17
f 1862/19/15 4135/4047/15 294/4044/15
f 1862/19/15 1859/18/13 4135/4047/15
f 1859/18/13 291/4048/13 4135/4047/15
f 1859/18/13 4138/4052/14 291/4048/13
f 1859/18/13 1860/17/14 4138/4052/14
f 1860/17/14 292/4053/14 4138/4052/14
f 1857/15/12 4141/4059/12 289/4056/12
f 1857/15/12 1854/14/10 4141/4059/12
f 1854/14/10 286/4060/10 4141/4059/12
f 1854/14/10 4144/4064/11 286/4060/10
f 1854/14/10 1855/13/11 4144/4064/11
f 1855/13/11 287/4065/11 4144/4064/11
f 1852/11/9 4147/4071/9 284/4068/9
f 1852/11/9 1849/10/7 4147/4071/9
f 1849/10/7 281/4072/7 4147/4071/9
f 1849/10/7 4150/4076/8 281/4072/7
f 1849/10/7 1850/9/8 4150/4076/8
f 1850/9/8 282/4077/8 4150/4076/8
f 1847/7/6 4153/4083/6 279/4080/6
f 1847/7/6 1844/6/4 4153/4083/6
f 1844/6/4 276/4084/4 4153/4083/6
f 1844/6/4 4156/4088/5 276/4084/4
f 1844/6/4 1845/5/5 4156/4088/5
f 1845/5/5 277/4089/5 4156/4088/5
f 1841/3/3 4159/4095/102 273/4092/99
f 1841/3/3 1842/2/2 4159/4095/102
f 1842/2/2 274/4001/95 4159/4095/102
