# Blender 4.4.3
# www.blender.org
o square64x64_init.001
v 0.000000 0.158310 -1.000000
v -0.015600 0.157543 -1.000000
v -0.031050 0.155252 -1.000000
v -0.046200 0.151457 -1.000000
v -0.060906 0.146195 -1.000000
v -0.075025 0.139517 -1.000000
v -0.088422 0.131487 -1.000000
v -0.100967 0.122183 -1.000000
v -0.112540 0.111694 -1.000000
v -0.123028 0.100122 -1.000000
v -0.132332 0.087577 -1.000000
v -0.140362 0.074180 -1.000000
v -0.147040 0.060061 -1.000000
v -0.152302 0.045355 -1.000000
v -0.156097 0.030204 -1.000000
v -0.158389 0.014755 -1.000000
v -0.159155 -0.000845 -1.000000
v -0.158389 -0.016445 -1.000000
v -0.156097 -0.031895 -1.000000
v -0.152302 -0.047045 -1.000000
v -0.147040 -0.061751 -1.000000
v -0.140362 -0.075870 -1.000000
v -0.132333 -0.089267 -1.000000
v -0.123028 -0.101812 -1.000000
v -0.112540 -0.113385 -1.000000
v -0.100967 -0.123874 -1.000000
v -0.088422 -0.133178 -1.000000
v -0.075025 -0.141207 -1.000000
v -0.060906 -0.147885 -1.000000
v -0.046200 -0.153147 -1.000000
v -0.031050 -0.156942 -1.000000
v -0.015600 -0.159234 -1.000000
v 0.000000 -0.160000 -1.000000
v 0.015600 -0.159234 -1.000000
v 0.031050 -0.156942 -1.000000
v 0.046200 -0.153147 -1.000000
v 0.060906 -0.147885 -1.000000
v 0.075025 -0.141207 -1.000000
v 0.088422 -0.133178 -1.000000
v 0.100967 -0.123874 -1.000000
v 0.112540 -0.113385 -1.000000
v 0.123028 -0.101812 -1.000000
v 0.132333 -0.089267 -1.000000
v 0.140362 -0.075870 -1.000000
v 0.147040 -0.061751 -1.000000
v 0.152302 -0.047045 -1.000000
v 0.156097 -0.031895 -1.000000
v 0.158389 -0.016445 -1.000000
v 0.159155 -0.000845 -1.000000
v 0.158389 0.014755 -1.000000
v 0.156097 0.030204 -1.000000
v 0.152302 0.045355 -1.000000
v 0.147040 0.060061 -1.000000
v 0.140362 0.074180 -1.000000
v 0.132332 0.087577 -1.000000
v 0.123028 0.100122 -1.000000
v 0.112540 0.111694 -1.000000
v 0.100967 0.122183 -1.000000
v 0.088422 0.131487 -1.000000
v 0.075025 0.139517 -1.000000
v 0.060906 0.146195 -1.000000
v 0.046200 0.151457 -1.000000
v 0.031050 0.155252 -1.000000
v 0.015600 0.157543 -1.000000
v -0.000000 0.158310 -1.000000
v 0.000000 0.158310 -0.968750
v -0.015600 0.157543 -0.968750
v -0.031050 0.155252 -0.968750
v -0.046200 0.151457 -0.968750
v -0.060906 0.146195 -0.968750
v -0.075025 0.139517 -0.968750
v -0.088422 0.131487 -0.968750
v -0.100967 0.122183 -0.968750
v -0.112540 0.111694 -0.968750
v -0.123028 0.100122 -0.968750
v -0.132332 0.087577 -0.968750
v -0.140362 0.074180 -0.968750
v -0.147040 0.060061 -0.968750
v -0.152302 0.045355 -0.968750
v -0.156097 0.030204 -0.968750
v -0.158389 0.014755 -0.968750
v -0.159155 -0.000845 -0.968750
v -0.158389 -0.016445 -0.968750
v -0.156097 -0.031895 -0.968750
v -0.152302 -0.047045 -0.968750
v -0.147040 -0.061751 -0.968750
v -0.140362 -0.075870 -0.968750
v -0.132333 -0.089267 -0.968750
v -0.123028 -0.101812 -0.968750
v -0.112540 -0.113385 -0.968750
v -0.100967 -0.123874 -0.968750
v -0.088422 -0.133178 -0.968750
v -0.075025 -0.141207 -0.968750
v -0.060906 -0.147885 -0.968750
v -0.046200 -0.153147 -0.968750
v -0.031050 -0.156942 -0.968750
v -0.015600 -0.159234 -0.968750
v 0.000000 -0.160000 -0.968750
v 0.015600 -0.159234 -0.968750
v 0.031050 -0.156942 -0.968750
v 0.046200 -0.153147 -0.968750
v 0.060906 -0.147885 -0.968750
v 0.075025 -0.141207 -0.968750
v 0.088422 -0.133178 -0.968750
v 0.100967 -0.123874 -0.968750
v 0.112540 -0.113385 -0.968750
v 0.123028 -0.101812 -0.968750
v 0.132333 -0.089267 -0.968750
v 0.140362 -0.075870 -0.968750
v 0.147040 -0.061751 -0.968750
v 0.152302 -0.047045 -0.968750
v 0.156097 -0.031895 -0.968750
v 0.158389 -0.016445 -0.968750
v 0.159155 -0.000845 -0.968750
v 0.158389 0.014755 -0.968750
v 0.156097 0.030204 -0.968750
v 0.152302 0.045355 -0.968750
v 0.147040 0.060061 -0.968750
v 0.140362 0.074180 -0.968750
v 0.132332 0.087577 -0.968750
v 0.123028 0.100122 -0.968750
v 0.112540 0.111694 -0.968750
v 0.100967 0.122183 -0.968750
v 0.088422 0.131487 -0.968750
v 0.075025 0.139517 -0.968750
v 0.060906 0.146195 -0.968750
v 0.046200 0.151457 -0.968750
v 0.031050 0.155252 -0.968750
v 0.015600 0.157543 -0.968750
v -0.000000 0.158310 -0.968750
v 0.000000 0.158310 -0.937500
v -0.015600 0.157543 -0.937500
v -0.031050 0.155252 -0.937500
v -0.046200 0.151457 -0.937500
v -0.060906 0.146195 -0.937500
v -0.075025 0.139517 -0.937500
v -0.088422 0.131487 -0.937500
v -0.100967 0.122183 -0.937500
v -0.112540 0.111694 -0.937500
v -0.123028 0.100122 -0.937500
v -0.132332 0.087577 -0.937500
v -0.140362 0.074180 -0.937500
v -0.147040 0.060061 -0.937500
v -0.152302 0.045355 -0.937500
v -0.156097 0.030204 -0.937500
v -0.158389 0.014755 -0.937500
v -0.159155 -0.000845 -0.937500
v -0.158389 -0.016445 -0.937500
v -0.156097 -0.031895 -0.937500
v -0.152302 -0.047045 -0.937500
v -0.147040 -0.061751 -0.937500
v -0.140362 -0.075870 -0.937500
v -0.132333 -0.089267 -0.937500
v -0.123028 -0.101812 -0.937500
v -0.112540 -0.113385 -0.937500
v -0.100967 -0.123874 -0.937500
v -0.088422 -0.133178 -0.937500
v -0.075025 -0.141207 -0.937500
v -0.060906 -0.147885 -0.937500
v -0.046200 -0.153147 -0.937500
v -0.031050 -0.156942 -0.937500
v -0.015600 -0.159234 -0.937500
v 0.000000 -0.160000 -0.937500
v 0.015600 -0.159234 -0.937500
v 0.031050 -0.156942 -0.937500
v 0.046200 -0.153147 -0.937500
v 0.060906 -0.147885 -0.937500
v 0.075025 -0.141207 -0.937500
v 0.088422 -0.133178 -0.937500
v 0.100967 -0.123874 -0.937500
v 0.112540 -0.113385 -0.937500
v 0.123028 -0.101812 -0.937500
v 0.132333 -0.089267 -0.937500
v 0.140362 -0.075870 -0.937500
v 0.147040 -0.061751 -0.937500
v 0.152302 -0.047045 -0.937500
v 0.156097 -0.031895 -0.937500
v 0.158389 -0.016445 -0.937500
v 0.159155 -0.000845 -0.937500
v 0.158389 0.014755 -0.937500
v 0.156097 0.030204 -0.937500
v 0.152302 0.045355 -0.937500
v 0.147040 0.060061 -0.937500
v 0.140362 0.074180 -0.937500
v 0.132332 0.087577 -0.937500
v 0.123028 0.100122 -0.937500
v 0.112540 0.111694 -0.937500
v 0.100967 0.122183 -0.937500
v 0.088422 0.131487 -0.937500
v 0.075025 0.139517 -0.937500
v 0.060906 0.146195 -0.937500
v 0.046200 0.151457 -0.937500
v 0.031050 0.155252 -0.937500
v 0.015600 0.157543 -0.937500
v -0.000000 0.158310 -0.937500
v 0.000000 0.158310 -0.906250
v -0.015600 0.157543 -0.906250
v -0.031050 0.155252 -0.906250
v -0.046200 0.151457 -0.906250
v -0.060906 0.146195 -0.906250
v -0.075025 0.139517 -0.906250
v -0.088422 0.131487 -0.906250
v -0.100967 0.122183 -0.906250
v -0.112540 0.111694 -0.906250
v -0.123028 0.100122 -0.906250
v -0.132332 0.087577 -0.906250
v -0.140362 0.074180 -0.906250
v -0.147040 0.060061 -0.906250
v -0.152302 0.045355 -0.906250
v -0.156097 0.030204 -0.906250
v -0.158389 0.014755 -0.906250
v -0.159155 -0.000845 -0.906250
v -0.158389 -0.016445 -0.906250
v -0.156097 -0.031895 -0.906250
v -0.152302 -0.047045 -0.906250
v -0.147040 -0.061751 -0.906250
v -0.140362 -0.075870 -0.906250
v -0.132333 -0.089267 -0.906250
v -0.123028 -0.101812 -0.906250
v -0.112540 -0.113385 -0.906250
v -0.100967 -0.123874 -0.906250
v -0.088422 -0.133178 -0.906250
v -0.075025 -0.141207 -0.906250
v -0.060906 -0.147885 -0.906250
v -0.046200 -0.153147 -0.906250
v -0.031050 -0.156942 -0.906250
v -0.015600 -0.159234 -0.906250
v 0.000000 -0.160000 -0.906250
v 0.015600 -0.159234 -0.906250
v 0.031050 -0.156942 -0.906250
v 0.046200 -0.153147 -0.906250
v 0.060906 -0.147885 -0.906250
v 0.075025 -0.141207 -0.906250
v 0.088422 -0.133178 -0.906250
v 0.100967 -0.123874 -0.906250
v 0.112540 -0.113385 -0.906250
v 0.123028 -0.101812 -0.906250
v 0.132333 -0.089267 -0.906250
v 0.140362 -0.075870 -0.906250
v 0.147040 -0.061751 -0.906250
v 0.152302 -0.047045 -0.906250
v 0.156097 -0.031895 -0.906250
v 0.158389 -0.016445 -0.906250
v 0.159155 -0.000845 -0.906250
v 0.158389 0.014755 -0.906250
v 0.156097 0.030204 -0.906250
v 0.152302 0.045355 -0.906250
v 0.147040 0.060061 -0.906250
v 0.140362 0.074180 -0.906250
v 0.132332 0.087577 -0.906250
v 0.123028 0.100122 -0.906250
v 0.112540 0.111694 -0.906250
v 0.100967 0.122183 -0.906250
v 0.088422 0.131487 -0.906250
v 0.075025 0.139517 -0.906250
v 0.060906 0.146195 -0.906250
v 0.046200 0.151457 -0.906250
v 0.031050 0.155252 -0.906250
v 0.015600 0.157543 -0.906250
v -0.000000 0.158310 -0.906250
v 0.000000 0.158310 -0.875000
v -0.015600 0.157543 -0.875000
v -0.031050 0.155252 -0.875000
v -0.046200 0.151457 -0.875000
v -0.060906 0.146195 -0.875000
v -0.075025 0.139517 -0.875000
v -0.088422 0.131487 -0.875000
v -0.100967 0.122183 -0.875000
v -0.112540 0.111694 -0.875000
v -0.123028 0.100122 -0.875000
v -0.132332 0.087577 -0.875000
v -0.140362 0.074180 -0.875000
v -0.147040 0.060061 -0.875000
v -0.152302 0.045355 -0.875000
v -0.156097 0.030204 -0.875000
v -0.158389 0.014755 -0.875000
v -0.159155 -0.000845 -0.875000
v -0.158389 -0.016445 -0.875000
v -0.156097 -0.031895 -0.875000
v -0.152302 -0.047045 -0.875000
v -0.147040 -0.061751 -0.875000
v -0.140362 -0.075870 -0.875000
v -0.132333 -0.089267 -0.875000
v -0.123028 -0.101812 -0.875000
v -0.112540 -0.113385 -0.875000
v -0.100967 -0.123874 -0.875000
v -0.088422 -0.133178 -0.875000
v -0.075025 -0.141207 -0.875000
v -0.060906 -0.147885 -0.875000
v -0.046200 -0.153147 -0.875000
v -0.031050 -0.156942 -0.875000
v -0.015600 -0.159234 -0.875000
v 0.000000 -0.160000 -0.875000
v 0.015600 -0.159234 -0.875000
v 0.031050 -0.156942 -0.875000
v 0.046200 -0.153147 -0.875000
v 0.060906 -0.147885 -0.875000
v 0.075025 -0.141207 -0.875000
v 0.088422 -0.133178 -0.875000
v 0.100967 -0.123874 -0.875000
v 0.112540 -0.113385 -0.875000
v 0.123028 -0.101812 -0.875000
v 0.132333 -0.089267 -0.875000
v 0.140362 -0.075870 -0.875000
v 0.147040 -0.061751 -0.875000
v 0.152302 -0.047045 -0.875000
v 0.156097 -0.031895 -0.875000
v 0.158389 -0.016445 -0.875000
v 0.159155 -0.000845 -0.875000
v 0.158389 0.014755 -0.875000
v 0.156097 0.030204 -0.875000
v 0.152302 0.045355 -0.875000
v 0.147040 0.060061 -0.875000
v 0.140362 0.074180 -0.875000
v 0.132332 0.087577 -0.875000
v 0.123028 0.100122 -0.875000
v 0.112540 0.111694 -0.875000
v 0.100967 0.122183 -0.875000
v 0.088422 0.131487 -0.875000
v 0.075025 0.139517 -0.875000
v 0.060906 0.146195 -0.875000
v 0.046200 0.151457 -0.875000
v 0.031050 0.155252 -0.875000
v 0.015600 0.157543 -0.875000
v -0.000000 0.158310 -0.875000
v 0.000000 0.158310 -0.843750
v -0.015600 0.157543 -0.843750
v -0.031050 0.155252 -0.843750
v -0.046200 0.151457 -0.843750
v -0.060906 0.146195 -0.843750
v -0.075025 0.139517 -0.843750
v -0.088422 0.131487 -0.843750
v -0.100967 0.122183 -0.843750
v -0.112540 0.111694 -0.843750
v -0.123028 0.100122 -0.843750
v -0.132332 0.087577 -0.843750
v -0.140362 0.074180 -0.843750
v -0.147040 0.060061 -0.843750
v -0.152302 0.045355 -0.843750
v -0.156097 0.030204 -0.843750
v -0.158389 0.014755 -0.843750
v -0.159155 -0.000845 -0.843750
v -0.158389 -0.016445 -0.843750
v -0.156097 -0.031895 -0.843750
v -0.152302 -0.047045 -0.843750
v -0.147040 -0.061751 -0.843750
v -0.140362 -0.075870 -0.843750
v -0.132333 -0.089267 -0.843750
v -0.123028 -0.101812 -0.843750
v -0.112540 -0.113385 -0.843750
v -0.100967 -0.123874 -0.843750
v -0.088422 -0.133178 -0.843750
v -0.075025 -0.141207 -0.843750
v -0.060906 -0.147885 -0.843750
v -0.046200 -0.153147 -0.843750
v -0.031050 -0.156942 -0.843750
v -0.015600 -0.159234 -0.843750
v 0.000000 -0.160000 -0.843750
v 0.015600 -0.159234 -0.843750
v 0.031050 -0.156942 -0.843750
v 0.046200 -0.153147 -0.843750
v 0.060906 -0.147885 -0.843750
v 0.075025 -0.141207 -0.843750
v 0.088422 -0.133178 -0.843750
v 0.100967 -0.123874 -0.843750
v 0.112540 -0.113385 -0.843750
v 0.123028 -0.101812 -0.843750
v 0.132333 -0.089267 -0.843750
v 0.140362 -0.075870 -0.843750
v 0.147040 -0.061751 -0.843750
v 0.152302 -0.047045 -0.843750
v 0.156097 -0.031895 -0.843750
v 0.158389 -0.016445 -0.843750
v 0.159155 -0.000845 -0.843750
v 0.158389 0.014755 -0.843750
v 0.156097 0.030204 -0.843750
v 0.152302 0.045355 -0.843750
v 0.147040 0.060061 -0.843750
v 0.140362 0.074180 -0.843750
v 0.132332 0.087577 -0.843750
v 0.123028 0.100122 -0.843750
v 0.112540 0.111694 -0.843750
v 0.100967 0.122183 -0.843750
v 0.088422 0.131487 -0.843750
v 0.075025 0.139517 -0.843750
v 0.060906 0.146195 -0.843750
v 0.046200 0.151457 -0.843750
v 0.031050 0.155252 -0.843750
v 0.015600 0.157543 -0.843750
v -0.000000 0.158310 -0.843750
v 0.000000 0.158310 -0.812500
v -0.015600 0.157543 -0.812500
v -0.031050 0.155252 -0.812500
v -0.046200 0.151457 -0.812500
v -0.060906 0.146195 -0.812500
v -0.075025 0.139517 -0.812500
v -0.088422 0.131487 -0.812500
v -0.100967 0.122183 -0.812500
v -0.112540 0.111694 -0.812500
v -0.123028 0.100122 -0.812500
v -0.132332 0.087577 -0.812500
v -0.140362 0.074180 -0.812500
v -0.147040 0.060061 -0.812500
v -0.152302 0.045355 -0.812500
v -0.156097 0.030204 -0.812500
v -0.158389 0.014755 -0.812500
v -0.159155 -0.000845 -0.812500
v -0.158389 -0.016445 -0.812500
v -0.156097 -0.031895 -0.812500
v -0.152302 -0.047045 -0.812500
v -0.147040 -0.061751 -0.812500
v -0.140362 -0.075870 -0.812500
v -0.132333 -0.089267 -0.812500
v -0.123028 -0.101812 -0.812500
v -0.112540 -0.113385 -0.812500
v -0.100967 -0.123874 -0.812500
v -0.088422 -0.133178 -0.812500
v -0.075025 -0.141207 -0.812500
v -0.060906 -0.147885 -0.812500
v -0.046200 -0.153147 -0.812500
v -0.031050 -0.156942 -0.812500
v -0.015600 -0.159234 -0.812500
v 0.000000 -0.160000 -0.812500
v 0.015600 -0.159234 -0.812500
v 0.031050 -0.156942 -0.812500
v 0.046200 -0.153147 -0.812500
v 0.060906 -0.147885 -0.812500
v 0.075025 -0.141207 -0.812500
v 0.088422 -0.133178 -0.812500
v 0.100967 -0.123874 -0.812500
v 0.112540 -0.113385 -0.812500
v 0.123028 -0.101812 -0.812500
v 0.132333 -0.089267 -0.812500
v 0.140362 -0.075870 -0.812500
v 0.147040 -0.061751 -0.812500
v 0.152302 -0.047045 -0.812500
v 0.156097 -0.031895 -0.812500
v 0.158389 -0.016445 -0.812500
v 0.159155 -0.000845 -0.812500
v 0.158389 0.014755 -0.812500
v 0.156097 0.030204 -0.812500
v 0.152302 0.045355 -0.812500
v 0.147040 0.060061 -0.812500
v 0.140362 0.074180 -0.812500
v 0.132332 0.087577 -0.812500
v 0.123028 0.100122 -0.812500
v 0.112540 0.111694 -0.812500
v 0.100967 0.122183 -0.812500
v 0.088422 0.131487 -0.812500
v 0.075025 0.139517 -0.812500
v 0.060906 0.146195 -0.812500
v 0.046200 0.151457 -0.812500
v 0.031050 0.155252 -0.812500
v 0.015600 0.157543 -0.812500
v -0.000000 0.158310 -0.812500
v 0.000000 0.158310 -0.781250
v -0.015600 0.157543 -0.781250
v -0.031050 0.155252 -0.781250
v -0.046200 0.151457 -0.781250
v -0.060906 0.146195 -0.781250
v -0.075025 0.139517 -0.781250
v -0.088422 0.131487 -0.781250
v -0.100967 0.122183 -0.781250
v -0.112540 0.111694 -0.781250
v -0.123028 0.100122 -0.781250
v -0.132332 0.087577 -0.781250
v -0.140362 0.074180 -0.781250
v -0.147040 0.060061 -0.781250
v -0.152302 0.045355 -0.781250
v -0.156097 0.030204 -0.781250
v -0.158389 0.014755 -0.781250
v -0.159155 -0.000845 -0.781250
v -0.158389 -0.016445 -0.781250
v -0.156097 -0.031895 -0.781250
v -0.152302 -0.047045 -0.781250
v -0.147040 -0.061751 -0.781250
v -0.140362 -0.075870 -0.781250
v -0.132333 -0.089267 -0.781250
v -0.123028 -0.101812 -0.781250
v -0.112540 -0.113385 -0.781250
v -0.100967 -0.123874 -0.781250
v -0.088422 -0.133178 -0.781250
v -0.075025 -0.141207 -0.781250
v -0.060906 -0.147885 -0.781250
v -0.046200 -0.153147 -0.781250
v -0.031050 -0.156942 -0.781250
v -0.015600 -0.159234 -0.781250
v 0.000000 -0.160000 -0.781250
v 0.015600 -0.159234 -0.781250
v 0.031050 -0.156942 -0.781250
v 0.046200 -0.153147 -0.781250
v 0.060906 -0.147885 -0.781250
v 0.075025 -0.141207 -0.781250
v 0.088422 -0.133178 -0.781250
v 0.100967 -0.123874 -0.781250
v 0.112540 -0.113385 -0.781250
v 0.123028 -0.101812 -0.781250
v 0.132333 -0.089267 -0.781250
v 0.140362 -0.075870 -0.781250
v 0.147040 -0.061751 -0.781250
v 0.152302 -0.047045 -0.781250
v 0.156097 -0.031895 -0.781250
v 0.158389 -0.016445 -0.781250
v 0.159155 -0.000845 -0.781250
v 0.158389 0.014755 -0.781250
v 0.156097 0.030204 -0.781250
v 0.152302 0.045355 -0.781250
v 0.147040 0.060061 -0.781250
v 0.140362 0.074180 -0.781250
v 0.132332 0.087577 -0.781250
v 0.123028 0.100122 -0.781250
v 0.112540 0.111694 -0.781250
v 0.100967 0.122183 -0.781250
v 0.088422 0.131487 -0.781250
v 0.075025 0.139517 -0.781250
v 0.060906 0.146195 -0.781250
v 0.046200 0.151457 -0.781250
v 0.031050 0.155252 -0.781250
v 0.015600 0.157543 -0.781250
v -0.000000 0.158310 -0.781250
v 0.000000 0.158310 -0.750000
v -0.015600 0.157543 -0.750000
v -0.031050 0.155252 -0.750000
v -0.046200 0.151457 -0.750000
v -0.060906 0.146195 -0.750000
v -0.075025 0.139517 -0.750000
v -0.088422 0.131487 -0.750000
v -0.100967 0.122183 -0.750000
v -0.112540 0.111694 -0.750000
v -0.123028 0.100122 -0.750000
v -0.132332 0.087577 -0.750000
v -0.140362 0.074180 -0.750000
v -0.147040 0.060061 -0.750000
v -0.152302 0.045355 -0.750000
v -0.156097 0.030204 -0.750000
v -0.158389 0.014755 -0.750000
v -0.159155 -0.000845 -0.750000
v -0.158389 -0.016445 -0.750000
v -0.156097 -0.031895 -0.750000
v -0.152302 -0.047045 -0.750000
v -0.147040 -0.061751 -0.750000
v -0.140362 -0.075870 -0.750000
v -0.132333 -0.089267 -0.750000
v -0.123028 -0.101812 -0.750000
v -0.112540 -0.113385 -0.750000
v -0.100967 -0.123874 -0.750000
v -0.088422 -0.133178 -0.750000
v -0.075025 -0.141207 -0.750000
v -0.060906 -0.147885 -0.750000
v -0.046200 -0.153147 -0.750000
v -0.031050 -0.156942 -0.750000
v -0.015600 -0.159234 -0.750000
v 0.000000 -0.160000 -0.750000
v 0.015600 -0.159234 -0.750000
v 0.031050 -0.156942 -0.750000
v 0.046200 -0.153147 -0.750000
v 0.060906 -0.147885 -0.750000
v 0.075025 -0.141207 -0.750000
v 0.088422 -0.133178 -0.750000
v 0.100967 -0.123874 -0.750000
v 0.112540 -0.113385 -0.750000
v 0.123028 -0.101812 -0.750000
v 0.132333 -0.089267 -0.750000
v 0.140362 -0.075870 -0.750000
v 0.147040 -0.061751 -0.750000
v 0.152302 -0.047045 -0.750000
v 0.156097 -0.031895 -0.750000
v 0.158389 -0.016445 -0.750000
v 0.159155 -0.000845 -0.750000
v 0.158389 0.014755 -0.750000
v 0.156097 0.030204 -0.750000
v 0.152302 0.045355 -0.750000
v 0.147040 0.060061 -0.750000
v 0.140362 0.074180 -0.750000
v 0.132332 0.087577 -0.750000
v 0.123028 0.100122 -0.750000
v 0.112540 0.111694 -0.750000
v 0.100967 0.122183 -0.750000
v 0.088422 0.131487 -0.750000
v 0.075025 0.139517 -0.750000
v 0.060906 0.146195 -0.750000
v 0.046200 0.151457 -0.750000
v 0.031050 0.155252 -0.750000
v 0.015600 0.157543 -0.750000
v -0.000000 0.158310 -0.750000
v 0.000000 0.158310 -0.718750
v -0.015600 0.157543 -0.718750
v -0.031050 0.155252 -0.718750
v -0.046200 0.151457 -0.718750
v -0.060906 0.146195 -0.718750
v -0.075025 0.139517 -0.718750
v -0.088422 0.131487 -0.718750
v -0.100967 0.122183 -0.718750
v -0.112540 0.111694 -0.718750
v -0.123028 0.100122 -0.718750
v -0.132332 0.087577 -0.718750
v -0.140362 0.074180 -0.718750
v -0.147040 0.060061 -0.718750
v -0.152302 0.045355 -0.718750
v -0.156097 0.030204 -0.718750
v -0.158389 0.014755 -0.718750
v -0.159155 -0.000845 -0.718750
v -0.158389 -0.016445 -0.718750
v -0.156097 -0.031895 -0.718750
v -0.152302 -0.047045 -0.718750
v -0.147040 -0.061751 -0.718750
v -0.140362 -0.075870 -0.718750
v -0.132333 -0.089267 -0.718750
v -0.123028 -0.101812 -0.718750
v -0.112540 -0.113385 -0.718750
v -0.100967 -0.123874 -0.718750
v -0.088422 -0.133178 -0.718750
v -0.075025 -0.141207 -0.718750
v -0.060906 -0.147885 -0.718750
v -0.046200 -0.153147 -0.718750
v -0.031050 -0.156942 -0.718750
v -0.015600 -0.159234 -0.718750
v 0.000000 -0.160000 -0.718750
v 0.015600 -0.159234 -0.718750
v 0.031050 -0.156942 -0.718750
v 0.046200 -0.153147 -0.718750
v 0.060906 -0.147885 -0.718750
v 0.075025 -0.141207 -0.718750
v 0.088422 -0.133178 -0.718750
v 0.100967 -0.123874 -0.718750
v 0.112540 -0.113385 -0.718750
v 0.123028 -0.101812 -0.718750
v 0.132333 -0.089267 -0.718750
v 0.140362 -0.075870 -0.718750
v 0.147040 -0.061751 -0.718750
v 0.152302 -0.047045 -0.718750
v 0.156097 -0.031895 -0.718750
v 0.158389 -0.016445 -0.718750
v 0.159155 -0.000845 -0.718750
v 0.158389 0.014755 -0.718750
v 0.156097 0.030204 -0.718750
v 0.152302 0.045355 -0.718750
v 0.147040 0.060061 -0.718750
v 0.140362 0.074180 -0.718750
v 0.132332 0.087577 -0.718750
v 0.123028 0.100122 -0.718750
v 0.112540 0.111694 -0.718750
v 0.100967 0.122183 -0.718750
v 0.088422 0.131487 -0.718750
v 0.075025 0.139517 -0.718750
v 0.060906 0.146195 -0.718750
v 0.046200 0.151457 -0.718750
v 0.031050 0.155252 -0.718750
v 0.015600 0.157543 -0.718750
v -0.000000 0.158310 -0.718750
v 0.000000 0.158310 -0.687500
v -0.015600 0.157543 -0.687500
v -0.031050 0.155252 -0.687500
v -0.046200 0.151457 -0.687500
v -0.060906 0.146195 -0.687500
v -0.075025 0.139517 -0.687500
v -0.088422 0.131487 -0.687500
v -0.100967 0.122183 -0.687500
v -0.112540 0.111694 -0.687500
v -0.123028 0.100122 -0.687500
v -0.132332 0.087577 -0.687500
v -0.140362 0.074180 -0.687500
v -0.147040 0.060061 -0.687500
v -0.152302 0.045355 -0.687500
v -0.156097 0.030204 -0.687500
v -0.158389 0.014755 -0.687500
v -0.159155 -0.000845 -0.687500
v -0.158389 -0.016445 -0.687500
v -0.156097 -0.031895 -0.687500
v -0.152302 -0.047045 -0.687500
v -0.147040 -0.061751 -0.687500
v -0.140362 -0.075870 -0.687500
v -0.132333 -0.089267 -0.687500
v -0.123028 -0.101812 -0.687500
v -0.112540 -0.113385 -0.687500
v -0.100967 -0.123874 -0.687500
v -0.088422 -0.133178 -0.687500
v -0.075025 -0.141207 -0.687500
v -0.060906 -0.147885 -0.687500
v -0.046200 -0.153147 -0.687500
v -0.031050 -0.156942 -0.687500
v -0.015600 -0.159234 -0.687500
v 0.000000 -0.160000 -0.687500
v 0.015600 -0.159234 -0.687500
v 0.031050 -0.156942 -0.687500
v 0.046200 -0.153147 -0.687500
v 0.060906 -0.147885 -0.687500
v 0.075025 -0.141207 -0.687500
v 0.088422 -0.133178 -0.687500
v 0.100967 -0.123874 -0.687500
v 0.112540 -0.113385 -0.687500
v 0.123028 -0.101812 -0.687500
v 0.132333 -0.089267 -0.687500
v 0.140362 -0.075870 -0.687500
v 0.147040 -0.061751 -0.687500
v 0.152302 -0.047045 -0.687500
v 0.156097 -0.031895 -0.687500
v 0.158389 -0.016445 -0.687500
v 0.159155 -0.000845 -0.687500
v 0.158389 0.014755 -0.687500
v 0.156097 0.030204 -0.687500
v 0.152302 0.045355 -0.687500
v 0.147040 0.060061 -0.687500
v 0.140362 0.074180 -0.687500
v 0.132332 0.087577 -0.687500
v 0.123028 0.100122 -0.687500
v 0.112540 0.111694 -0.687500
v 0.100967 0.122183 -0.687500
v 0.088422 0.131487 -0.687500
v 0.075025 0.139517 -0.687500
v 0.060906 0.146195 -0.687500
v 0.046200 0.151457 -0.687500
v 0.031050 0.155252 -0.687500
v 0.015600 0.157543 -0.687500
v -0.000000 0.158310 -0.687500
v 0.000000 0.158310 -0.656250
v -0.015600 0.157543 -0.656250
v -0.031050 0.155252 -0.656250
v -0.046200 0.151457 -0.656250
v -0.060906 0.146195 -0.656250
v -0.075025 0.139517 -0.656250
v -0.088422 0.131487 -0.656250
v -0.100967 0.122183 -0.656250
v -0.112540 0.111694 -0.656250
v -0.123028 0.100122 -0.656250
v -0.132332 0.087577 -0.656250
v -0.140362 0.074180 -0.656250
v -0.147040 0.060061 -0.656250
v -0.152302 0.045355 -0.656250
v -0.156097 0.030204 -0.656250
v -0.158389 0.014755 -0.656250
v -0.159155 -0.000845 -0.656250
v -0.158389 -0.016445 -0.656250
v -0.156097 -0.031895 -0.656250
v -0.152302 -0.047045 -0.656250
v -0.147040 -0.061751 -0.656250
v -0.140362 -0.075870 -0.656250
v -0.132333 -0.089267 -0.656250
v -0.123028 -0.101812 -0.656250
v -0.112540 -0.113385 -0.656250
v -0.100967 -0.123874 -0.656250
v -0.088422 -0.133178 -0.656250
v -0.075025 -0.141207 -0.656250
v -0.060906 -0.147885 -0.656250
v -0.046200 -0.153147 -0.656250
v -0.031050 -0.156942 -0.656250
v -0.015600 -0.159234 -0.656250
v 0.000000 -0.160000 -0.656250
v 0.015600 -0.159234 -0.656250
v 0.031050 -0.156942 -0.656250
v 0.046200 -0.153147 -0.656250
v 0.060906 -0.147885 -0.656250
v 0.075025 -0.141207 -0.656250
v 0.088422 -0.133178 -0.656250
v 0.100967 -0.123874 -0.656250
v 0.112540 -0.113385 -0.656250
v 0.123028 -0.101812 -0.656250
v 0.132333 -0.089267 -0.656250
v 0.140362 -0.075870 -0.656250
v 0.147040 -0.061751 -0.656250
v 0.152302 -0.047045 -0.656250
v 0.156097 -0.031895 -0.656250
v 0.158389 -0.016445 -0.656250
v 0.159155 -0.000845 -0.656250
v 0.158389 0.014755 -0.656250
v 0.156097 0.030204 -0.656250
v 0.152302 0.045355 -0.656250
v 0.147040 0.060061 -0.656250
v 0.140362 0.074180 -0.656250
v 0.132332 0.087577 -0.656250
v 0.123028 0.100122 -0.656250
v 0.112540 0.111694 -0.656250
v 0.100967 0.122183 -0.656250
v 0.088422 0.131487 -0.656250
v 0.075025 0.139517 -0.656250
v 0.060906 0.146195 -0.656250
v 0.046200 0.151457 -0.656250
v 0.031050 0.155252 -0.656250
v 0.015600 0.157543 -0.656250
v -0.000000 0.158310 -0.656250
v 0.000000 0.158310 -0.625000
v -0.015600 0.157543 -0.625000
v -0.031050 0.155252 -0.625000
v -0.046200 0.151457 -0.625000
v -0.060906 0.146195 -0.625000
v -0.075025 0.139517 -0.625000
v -0.088422 0.131487 -0.625000
v -0.100967 0.122183 -0.625000
v -0.112540 0.111694 -0.625000
v -0.123028 0.100122 -0.625000
v -0.132332 0.087577 -0.625000
v -0.140362 0.074180 -0.625000
v -0.147040 0.060061 -0.625000
v -0.152302 0.045355 -0.625000
v -0.156097 0.030204 -0.625000
v -0.158389 0.014755 -0.625000
v -0.159155 -0.000845 -0.625000
v -0.158389 -0.016445 -0.625000
v -0.156097 -0.031895 -0.625000
v -0.152302 -0.047045 -0.625000
v -0.147040 -0.061751 -0.625000
v -0.140362 -0.075870 -0.625000
v -0.132333 -0.089267 -0.625000
v -0.123028 -0.101812 -0.625000
v -0.112540 -0.113385 -0.625000
v -0.100967 -0.123874 -0.625000
v -0.088422 -0.133178 -0.625000
v -0.075025 -0.141207 -0.625000
v -0.060906 -0.147885 -0.625000
v -0.046200 -0.153147 -0.625000
v -0.031050 -0.156942 -0.625000
v -0.015600 -0.159234 -0.625000
v 0.000000 -0.160000 -0.625000
v 0.015600 -0.159234 -0.625000
v 0.031050 -0.156942 -0.625000
v 0.046200 -0.153147 -0.625000
v 0.060906 -0.147885 -0.625000
v 0.075025 -0.141207 -0.625000
v 0.088422 -0.133178 -0.625000
v 0.100967 -0.123874 -0.625000
v 0.112540 -0.113385 -0.625000
v 0.123028 -0.101812 -0.625000
v 0.132333 -0.089267 -0.625000
v 0.140362 -0.075870 -0.625000
v 0.147040 -0.061751 -0.625000
v 0.152302 -0.047045 -0.625000
v 0.156097 -0.031895 -0.625000
v 0.158389 -0.016445 -0.625000
v 0.159155 -0.000845 -0.625000
v 0.158389 0.014755 -0.625000
v 0.156097 0.030204 -0.625000
v 0.152302 0.045355 -0.625000
v 0.147040 0.060061 -0.625000
v 0.140362 0.074180 -0.625000
v 0.132332 0.087577 -0.625000
v 0.123028 0.100122 -0.625000
v 0.112540 0.111694 -0.625000
v 0.100967 0.122183 -0.625000
v 0.088422 0.131487 -0.625000
v 0.075025 0.139517 -0.625000
v 0.060906 0.146195 -0.625000
v 0.046200 0.151457 -0.625000
v 0.031050 0.155252 -0.625000
v 0.015600 0.157543 -0.625000
v -0.000000 0.158310 -0.625000
v 0.000000 0.158310 -0.593750
v -0.015600 0.157543 -0.593750
v -0.031050 0.155252 -0.593750
v -0.046200 0.151457 -0.593750
v -0.060906 0.146195 -0.593750
v -0.075025 0.139517 -0.593750
v -0.088422 0.131487 -0.593750
v -0.100967 0.122183 -0.593750
v -0.112540 0.111694 -0.593750
v -0.123028 0.100122 -0.593750
v -0.132332 0.087577 -0.593750
v -0.140362 0.074180 -0.593750
v -0.147040 0.060061 -0.593750
v -0.152302 0.045355 -0.593750
v -0.156097 0.030204 -0.593750
v -0.158389 0.014755 -0.593750
v -0.159155 -0.000845 -0.593750
v -0.158389 -0.016445 -0.593750
v -0.156097 -0.031895 -0.593750
v -0.152302 -0.047045 -0.593750
v -0.147040 -0.061751 -0.593750
v -0.140362 -0.075870 -0.593750
v -0.132333 -0.089267 -0.593750
v -0.123028 -0.101812 -0.593750
v -0.112540 -0.113385 -0.593750
v -0.100967 -0.123874 -0.593750
v -0.088422 -0.133178 -0.593750
v -0.075025 -0.141207 -0.593750
v -0.060906 -0.147885 -0.593750
v -0.046200 -0.153147 -0.593750
v -0.031050 -0.156942 -0.593750
v -0.015600 -0.159234 -0.593750
v 0.000000 -0.160000 -0.593750
v 0.015600 -0.159234 -0.593750
v 0.031050 -0.156942 -0.593750
v 0.046200 -0.153147 -0.593750
v 0.060906 -0.147885 -0.593750
v 0.075025 -0.141207 -0.593750
v 0.088422 -0.133178 -0.593750
v 0.100967 -0.123874 -0.593750
v 0.112540 -0.113385 -0.593750
v 0.123028 -0.101812 -0.593750
v 0.132333 -0.089267 -0.593750
v 0.140362 -0.075870 -0.593750
v 0.147040 -0.061751 -0.593750
v 0.152302 -0.047045 -0.593750
v 0.156097 -0.031895 -0.593750
v 0.158389 -0.016445 -0.593750
v 0.159155 -0.000845 -0.593750
v 0.158389 0.014755 -0.593750
v 0.156097 0.030204 -0.593750
v 0.152302 0.045355 -0.593750
v 0.147040 0.060061 -0.593750
v 0.140362 0.074180 -0.593750
v 0.132332 0.087577 -0.593750
v 0.123028 0.100122 -0.593750
v 0.112540 0.111694 -0.593750
v 0.100967 0.122183 -0.593750
v 0.088422 0.131487 -0.593750
v 0.075025 0.139517 -0.593750
v 0.060906 0.146195 -0.593750
v 0.046200 0.151457 -0.593750
v 0.031050 0.155252 -0.593750
v 0.015600 0.157543 -0.593750
v -0.000000 0.158310 -0.593750
v 0.000000 0.158310 -0.562500
v -0.015600 0.157543 -0.562500
v -0.031050 0.155252 -0.562500
v -0.046200 0.151457 -0.562500
v -0.060906 0.146195 -0.562500
v -0.075025 0.139517 -0.562500
v -0.088422 0.131487 -0.562500
v -0.100967 0.122183 -0.562500
v -0.112540 0.111694 -0.562500
v -0.123028 0.100122 -0.562500
v -0.132332 0.087577 -0.562500
v -0.140362 0.074180 -0.562500
v -0.147040 0.060061 -0.562500
v -0.152302 0.045355 -0.562500
v -0.156097 0.030204 -0.562500
v -0.158389 0.014755 -0.562500
v -0.159155 -0.000845 -0.562500
v -0.158389 -0.016445 -0.562500
v -0.156097 -0.031895 -0.562500
v -0.152302 -0.047045 -0.562500
v -0.147040 -0.061751 -0.562500
v -0.140362 -0.075870 -0.562500
v -0.132333 -0.089267 -0.562500
v -0.123028 -0.101812 -0.562500
v -0.112540 -0.113385 -0.562500
v -0.100967 -0.123874 -0.562500
v -0.088422 -0.133178 -0.562500
v -0.075025 -0.141207 -0.562500
v -0.060906 -0.147885 -0.562500
v -0.046200 -0.153147 -0.562500
v -0.031050 -0.156942 -0.562500
v -0.015600 -0.159234 -0.562500
v 0.000000 -0.160000 -0.562500
v 0.015600 -0.159234 -0.562500
v 0.031050 -0.156942 -0.562500
v 0.046200 -0.153147 -0.562500
v 0.060906 -0.147885 -0.562500
v 0.075025 -0.141207 -0.562500
v 0.088422 -0.133178 -0.562500
v 0.100967 -0.123874 -0.562500
v 0.112540 -0.113385 -0.562500
v 0.123028 -0.101812 -0.562500
v 0.132333 -0.089267 -0.562500
v 0.140362 -0.075870 -0.562500
v 0.147040 -0.061751 -0.562500
v 0.152302 -0.047045 -0.562500
v 0.156097 -0.031895 -0.562500
v 0.158389 -0.016445 -0.562500
v 0.159155 -0.000845 -0.562500
v 0.158389 0.014755 -0.562500
v 0.156097 0.030204 -0.562500
v 0.152302 0.045355 -0.562500
v 0.147040 0.060061 -0.562500
v 0.140362 0.074180 -0.562500
v 0.132332 0.087577 -0.562500
v 0.123028 0.100122 -0.562500
v 0.112540 0.111694 -0.562500
v 0.100967 0.122183 -0.562500
v 0.088422 0.131487 -0.562500
v 0.075025 0.139517 -0.562500
v 0.060906 0.146195 -0.562500
v 0.046200 0.151457 -0.562500
v 0.031050 0.155252 -0.562500
v 0.015600 0.157543 -0.562500
v -0.000000 0.158310 -0.562500
v 0.000000 0.158310 -0.531250
v -0.015600 0.157543 -0.531250
v -0.031050 0.155252 -0.531250
v -0.046200 0.151457 -0.531250
v -0.060906 0.146195 -0.531250
v -0.075025 0.139517 -0.531250
v -0.088422 0.131487 -0.531250
v -0.100967 0.122183 -0.531250
v -0.112540 0.111694 -0.531250
v -0.123028 0.100122 -0.531250
v -0.132332 0.087577 -0.531250
v -0.140362 0.074180 -0.531250
v -0.147040 0.060061 -0.531250
v -0.152302 0.045355 -0.531250
v -0.156097 0.030204 -0.531250
v -0.158389 0.014755 -0.531250
v -0.159155 -0.000845 -0.531250
v -0.158389 -0.016445 -0.531250
v -0.156097 -0.031895 -0.531250
v -0.152302 -0.047045 -0.531250
v -0.147040 -0.061751 -0.531250
v -0.140362 -0.075870 -0.531250
v -0.132333 -0.089267 -0.531250
v -0.123028 -0.101812 -0.531250
v -0.112540 -0.113385 -0.531250
v -0.100967 -0.123874 -0.531250
v -0.088422 -0.133178 -0.531250
v -0.075025 -0.141207 -0.531250
v -0.060906 -0.147885 -0.531250
v -0.046200 -0.153147 -0.531250
v -0.031050 -0.156942 -0.531250
v -0.015600 -0.159234 -0.531250
v 0.000000 -0.160000 -0.531250
v 0.015600 -0.159234 -0.531250
v 0.031050 -0.156942 -0.531250
v 0.046200 -0.153147 -0.531250
v 0.060906 -0.147885 -0.531250
v 0.075025 -0.141207 -0.531250
v 0.088422 -0.133178 -0.531250
v 0.100967 -0.123874 -0.531250
v 0.112540 -0.113385 -0.531250
v 0.123028 -0.101812 -0.531250
v 0.132333 -0.089267 -0.531250
v 0.140362 -0.075870 -0.531250
v 0.147040 -0.061751 -0.531250
v 0.152302 -0.047045 -0.531250
v 0.156097 -0.031895 -0.531250
v 0.158389 -0.016445 -0.531250
v 0.159155 -0.000845 -0.531250
v 0.158389 0.014755 -0.531250
v 0.156097 0.030204 -0.531250
v 0.152302 0.045355 -0.531250
v 0.147040 0.060061 -0.531250
v 0.140362 0.074180 -0.531250
v 0.132332 0.087577 -0.531250
v 0.123028 0.100122 -0.531250
v 0.112540 0.111694 -0.531250
v 0.100967 0.122183 -0.531250
v 0.088422 0.131487 -0.531250
v 0.075025 0.139517 -0.531250
v 0.060906 0.146195 -0.531250
v 0.046200 0.151457 -0.531250
v 0.031050 0.155252 -0.531250
v 0.015600 0.157543 -0.531250
v -0.000000 0.158310 -0.531250
v 0.000000 0.158310 -0.500000
v -0.015600 0.157543 -0.500000
v -0.031050 0.155252 -0.500000
v -0.046200 0.151457 -0.500000
v -0.060906 0.146195 -0.500000
v -0.075025 0.139517 -0.500000
v -0.088422 0.131487 -0.500000
v -0.100967 0.122183 -0.500000
v -0.112540 0.111694 -0.500000
v -0.123028 0.100122 -0.500000
v -0.132332 0.087577 -0.500000
v -0.140362 0.074180 -0.500000
v -0.147040 0.060061 -0.500000
v -0.152302 0.045355 -0.500000
v -0.156097 0.030204 -0.500000
v -0.158389 0.014755 -0.500000
v -0.159155 -0.000845 -0.500000
v -0.158389 -0.016445 -0.500000
v -0.156097 -0.031895 -0.500000
v -0.152302 -0.047045 -0.500000
v -0.147040 -0.061751 -0.500000
v -0.140362 -0.075870 -0.500000
v -0.132333 -0.089267 -0.500000
v -0.123028 -0.101812 -0.500000
v -0.112540 -0.113385 -0.500000
v -0.100967 -0.123874 -0.500000
v -0.088422 -0.133178 -0.500000
v -0.075025 -0.141207 -0.500000
v -0.060906 -0.147885 -0.500000
v -0.046200 -0.153147 -0.500000
v -0.031050 -0.156942 -0.500000
v -0.015600 -0.159234 -0.500000
v 0.000000 -0.160000 -0.500000
v 0.015600 -0.159234 -0.500000
v 0.031050 -0.156942 -0.500000
v 0.046200 -0.153147 -0.500000
v 0.060906 -0.147885 -0.500000
v 0.075025 -0.141207 -0.500000
v 0.088422 -0.133178 -0.500000
v 0.100967 -0.123874 -0.500000
v 0.112540 -0.113385 -0.500000
v 0.123028 -0.101812 -0.500000
v 0.132333 -0.089267 -0.500000
v 0.140362 -0.075870 -0.500000
v 0.147040 -0.061751 -0.500000
v 0.152302 -0.047045 -0.500000
v 0.156097 -0.031895 -0.500000
v 0.158389 -0.016445 -0.500000
v 0.159155 -0.000845 -0.500000
v 0.158389 0.014755 -0.500000
v 0.156097 0.030204 -0.500000
v 0.152302 0.045355 -0.500000
v 0.147040 0.060061 -0.500000
v 0.140362 0.074180 -0.500000
v 0.132332 0.087577 -0.500000
v 0.123028 0.100122 -0.500000
v 0.112540 0.111694 -0.500000
v 0.100967 0.122183 -0.500000
v 0.088422 0.131487 -0.500000
v 0.075025 0.139517 -0.500000
v 0.060906 0.146195 -0.500000
v 0.046200 0.151457 -0.500000
v 0.031050 0.155252 -0.500000
v 0.015600 0.157543 -0.500000
v -0.000000 0.158310 -0.500000
v 0.000000 0.158310 -0.468750
v -0.015600 0.157543 -0.468750
v -0.031050 0.155252 -0.468750
v -0.046200 0.151457 -0.468750
v -0.060906 0.146195 -0.468750
v -0.075025 0.139517 -0.468750
v -0.088422 0.131487 -0.468750
v -0.100967 0.122183 -0.468750
v -0.112540 0.111694 -0.468750
v -0.123028 0.100122 -0.468750
v -0.132332 0.087577 -0.468750
v -0.140362 0.074180 -0.468750
v -0.147040 0.060061 -0.468750
v -0.152302 0.045355 -0.468750
v -0.156097 0.030204 -0.468750
v -0.158389 0.014755 -0.468750
v -0.159155 -0.000845 -0.468750
v -0.158389 -0.016445 -0.468750
v -0.156097 -0.031895 -0.468750
v -0.152302 -0.047045 -0.468750
v -0.147040 -0.061751 -0.468750
v -0.140362 -0.075870 -0.468750
v -0.132333 -0.089267 -0.468750
v -0.123028 -0.101812 -0.468750
v -0.112540 -0.113385 -0.468750
v -0.100967 -0.123874 -0.468750
v -0.088422 -0.133178 -0.468750
v -0.075025 -0.141207 -0.468750
v -0.060906 -0.147885 -0.468750
v -0.046200 -0.153147 -0.468750
v -0.031050 -0.156942 -0.468750
v -0.015600 -0.159234 -0.468750
v 0.000000 -0.160000 -0.468750
v 0.015600 -0.159234 -0.468750
v 0.031050 -0.156942 -0.468750
v 0.046200 -0.153147 -0.468750
v 0.060906 -0.147885 -0.468750
v 0.075025 -0.141207 -0.468750
v 0.088422 -0.133178 -0.468750
v 0.100967 -0.123874 -0.468750
v 0.112540 -0.113385 -0.468750
v 0.123028 -0.101812 -0.468750
v 0.132333 -0.089267 -0.468750
v 0.140362 -0.075870 -0.468750
v 0.147040 -0.061751 -0.468750
v 0.152302 -0.047045 -0.468750
v 0.156097 -0.031895 -0.468750
v 0.158389 -0.016445 -0.468750
v 0.159155 -0.000845 -0.468750
v 0.158389 0.014755 -0.468750
v 0.156097 0.030204 -0.468750
v 0.152302 0.045355 -0.468750
v 0.147040 0.060061 -0.468750
v 0.140362 0.074180 -0.468750
v 0.132332 0.087577 -0.468750
v 0.123028 0.100122 -0.468750
v 0.112540 0.111694 -0.468750
v 0.100967 0.122183 -0.468750
v 0.088422 0.131487 -0.468750
v 0.075025 0.139517 -0.468750
v 0.060906 0.146195 -0.468750
v 0.046200 0.151457 -0.468750
v 0.031050 0.155252 -0.468750
v 0.015600 0.157543 -0.468750
v -0.000000 0.158310 -0.468750
v 0.000000 0.158310 -0.437500
v -0.015600 0.157543 -0.437500
v -0.031050 0.155252 -0.437500
v -0.046200 0.151457 -0.437500
v -0.060906 0.146195 -0.437500
v -0.075025 0.139517 -0.437500
v -0.088422 0.131487 -0.437500
v -0.100967 0.122183 -0.437500
v -0.112540 0.111694 -0.437500
v -0.123028 0.100122 -0.437500
v -0.132332 0.087577 -0.437500
v -0.140362 0.074180 -0.437500
v -0.147040 0.060061 -0.437500
v -0.152302 0.045355 -0.437500
v -0.156097 0.030204 -0.437500
v -0.158389 0.014755 -0.437500
v -0.159155 -0.000845 -0.437500
v -0.158389 -0.016445 -0.437500
v -0.156097 -0.031895 -0.437500
v -0.152302 -0.047045 -0.437500
v -0.147040 -0.061751 -0.437500
v -0.140362 -0.075870 -0.437500
v -0.132333 -0.089267 -0.437500
v -0.123028 -0.101812 -0.437500
v -0.112540 -0.113385 -0.437500
v -0.100967 -0.123874 -0.437500
v -0.088422 -0.133178 -0.437500
v -0.075025 -0.141207 -0.437500
v -0.060906 -0.147885 -0.437500
v -0.046200 -0.153147 -0.437500
v -0.031050 -0.156942 -0.437500
v -0.015600 -0.159234 -0.437500
v 0.000000 -0.160000 -0.437500
v 0.015600 -0.159234 -0.437500
v 0.031050 -0.156942 -0.437500
v 0.046200 -0.153147 -0.437500
v 0.060906 -0.147885 -0.437500
v 0.075025 -0.141207 -0.437500
v 0.088422 -0.133178 -0.437500
v 0.100967 -0.123874 -0.437500
v 0.112540 -0.113385 -0.437500
v 0.123028 -0.101812 -0.437500
v 0.132333 -0.089267 -0.437500
v 0.140362 -0.075870 -0.437500
v 0.147040 -0.061751 -0.437500
v 0.152302 -0.047045 -0.437500
v 0.156097 -0.031895 -0.437500
v 0.158389 -0.016445 -0.437500
v 0.159155 -0.000845 -0.437500
v 0.158389 0.014755 -0.437500
v 0.156097 0.030204 -0.437500
v 0.152302 0.045355 -0.437500
v 0.147040 0.060061 -0.437500
v 0.140362 0.074180 -0.437500
v 0.132332 0.087577 -0.437500
v 0.123028 0.100122 -0.437500
v 0.112540 0.111694 -0.437500
v 0.100967 0.122183 -0.437500
v 0.088422 0.131487 -0.437500
v 0.075025 0.139517 -0.437500
v 0.060906 0.146195 -0.437500
v 0.046200 0.151457 -0.437500
v 0.031050 0.155252 -0.437500
v 0.015600 0.157543 -0.437500
v -0.000000 0.158310 -0.437500
v 0.000000 0.158310 -0.406250
v -0.015600 0.157543 -0.406250
v -0.031050 0.155252 -0.406250
v -0.046200 0.151457 -0.406250
v -0.060906 0.146195 -0.406250
v -0.075025 0.139517 -0.406250
v -0.088422 0.131487 -0.406250
v -0.100967 0.122183 -0.406250
v -0.112540 0.111694 -0.406250
v -0.123028 0.100122 -0.406250
v -0.132332 0.087577 -0.406250
v -0.140362 0.074180 -0.406250
v -0.147040 0.060061 -0.406250
v -0.152302 0.045355 -0.406250
v -0.156097 0.030204 -0.406250
v -0.158389 0.014755 -0.406250
v -0.159155 -0.000845 -0.406250
v -0.158389 -0.016445 -0.406250
v -0.156097 -0.031895 -0.406250
v -0.152302 -0.047045 -0.406250
v -0.147040 -0.061751 -0.406250
v -0.140362 -0.075870 -0.406250
v -0.132333 -0.089267 -0.406250
v -0.123028 -0.101812 -0.406250
v -0.112540 -0.113385 -0.406250
v -0.100967 -0.123874 -0.406250
v -0.088422 -0.133178 -0.406250
v -0.075025 -0.141207 -0.406250
v -0.060906 -0.147885 -0.406250
v -0.046200 -0.153147 -0.406250
v -0.031050 -0.156942 -0.406250
v -0.015600 -0.159234 -0.406250
v 0.000000 -0.160000 -0.406250
v 0.015600 -0.159234 -0.406250
v 0.031050 -0.156942 -0.406250
v 0.046200 -0.153147 -0.406250
v 0.060906 -0.147885 -0.406250
v 0.075025 -0.141207 -0.406250
v 0.088422 -0.133178 -0.406250
v 0.100967 -0.123874 -0.406250
v 0.112540 -0.113385 -0.406250
v 0.123028 -0.101812 -0.406250
v 0.132333 -0.089267 -0.406250
v 0.140362 -0.075870 -0.406250
v 0.147040 -0.061751 -0.406250
v 0.152302 -0.047045 -0.406250
v 0.156097 -0.031895 -0.406250
v 0.158389 -0.016445 -0.406250
v 0.159155 -0.000845 -0.406250
v 0.158389 0.014755 -0.406250
v 0.156097 0.030204 -0.406250
v 0.152302 0.045355 -0.406250
v 0.147040 0.060061 -0.406250
v 0.140362 0.074180 -0.406250
v 0.132332 0.087577 -0.406250
v 0.123028 0.100122 -0.406250
v 0.112540 0.111694 -0.406250
v 0.100967 0.122183 -0.406250
v 0.088422 0.131487 -0.406250
v 0.075025 0.139517 -0.406250
v 0.060906 0.146195 -0.406250
v 0.046200 0.151457 -0.406250
v 0.031050 0.155252 -0.406250
v 0.015600 0.157543 -0.406250
v -0.000000 0.158310 -0.406250
v 0.000000 0.158310 -0.375000
v -0.015600 0.157543 -0.375000
v -0.031050 0.155252 -0.375000
v -0.046200 0.151457 -0.375000
v -0.060906 0.146195 -0.375000
v -0.075025 0.139517 -0.375000
v -0.088422 0.131487 -0.375000
v -0.100967 0.122183 -0.375000
v -0.112540 0.111694 -0.375000
v -0.123028 0.100122 -0.375000
v -0.132332 0.087577 -0.375000
v -0.140362 0.074180 -0.375000
v -0.147040 0.060061 -0.375000
v -0.152302 0.045355 -0.375000
v -0.156097 0.030204 -0.375000
v -0.158389 0.014755 -0.375000
v -0.159155 -0.000845 -0.375000
v -0.158389 -0.016445 -0.375000
v -0.156097 -0.031895 -0.375000
v -0.152302 -0.047045 -0.375000
v -0.147040 -0.061751 -0.375000
v -0.140362 -0.075870 -0.375000
v -0.132333 -0.089267 -0.375000
v -0.123028 -0.101812 -0.375000
v -0.112540 -0.113385 -0.375000
v -0.100967 -0.123874 -0.375000
v -0.088422 -0.133178 -0.375000
v -0.075025 -0.141207 -0.375000
v -0.060906 -0.147885 -0.375000
v -0.046200 -0.153147 -0.375000
v -0.031050 -0.156942 -0.375000
v -0.015600 -0.159234 -0.375000
v 0.000000 -0.160000 -0.375000
v 0.015600 -0.159234 -0.375000
v 0.031050 -0.156942 -0.375000
v 0.046200 -0.153147 -0.375000
v 0.060906 -0.147885 -0.375000
v 0.075025 -0.141207 -0.375000
v 0.088422 -0.133178 -0.375000
v 0.100967 -0.123874 -0.375000
v 0.112540 -0.113385 -0.375000
v 0.123028 -0.101812 -0.375000
v 0.132333 -0.089267 -0.375000
v 0.140362 -0.075870 -0.375000
v 0.147040 -0.061751 -0.375000
v 0.152302 -0.047045 -0.375000
v 0.156097 -0.031895 -0.375000
v 0.158389 -0.016445 -0.375000
v 0.159155 -0.000845 -0.375000
v 0.158389 0.014755 -0.375000
v 0.156097 0.030204 -0.375000
v 0.152302 0.045355 -0.375000
v 0.147040 0.060061 -0.375000
v 0.140362 0.074180 -0.375000
v 0.132332 0.087577 -0.375000
v 0.123028 0.100122 -0.375000
v 0.112540 0.111694 -0.375000
v 0.100967 0.122183 -0.375000
v 0.088422 0.131487 -0.375000
v 0.075025 0.139517 -0.375000
v 0.060906 0.146195 -0.375000
v 0.046200 0.151457 -0.375000
v 0.031050 0.155252 -0.375000
v 0.015600 0.157543 -0.375000
v -0.000000 0.158310 -0.375000
v 0.000000 0.158310 -0.343750
v -0.015600 0.157543 -0.343750
v -0.031050 0.155252 -0.343750
v -0.046200 0.151457 -0.343750
v -0.060906 0.146195 -0.343750
v -0.075025 0.139517 -0.343750
v -0.088422 0.131487 -0.343750
v -0.100967 0.122183 -0.343750
v -0.112540 0.111694 -0.343750
v -0.123028 0.100122 -0.343750
v -0.132332 0.087577 -0.343750
v -0.140362 0.074180 -0.343750
v -0.147040 0.060061 -0.343750
v -0.152302 0.045355 -0.343750
v -0.156097 0.030204 -0.343750
v -0.158389 0.014755 -0.343750
v -0.159155 -0.000845 -0.343750
v -0.158389 -0.016445 -0.343750
v -0.156097 -0.031895 -0.343750
v -0.152302 -0.047045 -0.343750
v -0.147040 -0.061751 -0.343750
v -0.140362 -0.075870 -0.343750
v -0.132333 -0.089267 -0.343750
v -0.123028 -0.101812 -0.343750
v -0.112540 -0.113385 -0.343750
v -0.100967 -0.123874 -0.343750
v -0.088422 -0.133178 -0.343750
v -0.075025 -0.141207 -0.343750
v -0.060906 -0.147885 -0.343750
v -0.046200 -0.153147 -0.343750
v -0.031050 -0.156942 -0.343750
v -0.015600 -0.159234 -0.343750
v 0.000000 -0.160000 -0.343750
v 0.015600 -0.159234 -0.343750
v 0.031050 -0.156942 -0.343750
v 0.046200 -0.153147 -0.343750
v 0.060906 -0.147885 -0.343750
v 0.075025 -0.141207 -0.343750
v 0.088422 -0.133178 -0.343750
v 0.100967 -0.123874 -0.343750
v 0.112540 -0.113385 -0.343750
v 0.123028 -0.101812 -0.343750
v 0.132333 -0.089267 -0.343750
v 0.140362 -0.075870 -0.343750
v 0.147040 -0.061751 -0.343750
v 0.152302 -0.047045 -0.343750
v 0.156097 -0.031895 -0.343750
v 0.158389 -0.016445 -0.343750
v 0.159155 -0.000845 -0.343750
v 0.158389 0.014755 -0.343750
v 0.156097 0.030204 -0.343750
v 0.152302 0.045355 -0.343750
v 0.147040 0.060061 -0.343750
v 0.140362 0.074180 -0.343750
v 0.132332 0.087577 -0.343750
v 0.123028 0.100122 -0.343750
v 0.112540 0.111694 -0.343750
v 0.100967 0.122183 -0.343750
v 0.088422 0.131487 -0.343750
v 0.075025 0.139517 -0.343750
v 0.060906 0.146195 -0.343750
v 0.046200 0.151457 -0.343750
v 0.031050 0.155252 -0.343750
v 0.015600 0.157543 -0.343750
v -0.000000 0.158310 -0.343750
v 0.000000 0.158310 -0.312500
v -0.015600 0.157543 -0.312500
v -0.031050 0.155252 -0.312500
v -0.046200 0.151457 -0.312500
v -0.060906 0.146195 -0.312500
v -0.075025 0.139517 -0.312500
v -0.088422 0.131487 -0.312500
v -0.100967 0.122183 -0.312500
v -0.112540 0.111694 -0.312500
v -0.123028 0.100122 -0.312500
v -0.132332 0.087577 -0.312500
v -0.140362 0.074180 -0.312500
v -0.147040 0.060061 -0.312500
v -0.152302 0.045355 -0.312500
v -0.156097 0.030204 -0.312500
v -0.158389 0.014755 -0.312500
v -0.159155 -0.000845 -0.312500
v -0.158389 -0.016445 -0.312500
v -0.156097 -0.031895 -0.312500
v -0.152302 -0.047045 -0.312500
v -0.147040 -0.061751 -0.312500
v -0.140362 -0.075870 -0.312500
v -0.132333 -0.089267 -0.312500
v -0.123028 -0.101812 -0.312500
v -0.112540 -0.113385 -0.312500
v -0.100967 -0.123874 -0.312500
v -0.088422 -0.133178 -0.312500
v -0.075025 -0.141207 -0.312500
v -0.060906 -0.147885 -0.312500
v -0.046200 -0.153147 -0.312500
v -0.031050 -0.156942 -0.312500
v -0.015600 -0.159234 -0.312500
v 0.000000 -0.160000 -0.312500
v 0.015600 -0.159234 -0.312500
v 0.031050 -0.156942 -0.312500
v 0.046200 -0.153147 -0.312500
v 0.060906 -0.147885 -0.312500
v 0.075025 -0.141207 -0.312500
v 0.088422 -0.133178 -0.312500
v 0.100967 -0.123874 -0.312500
v 0.112540 -0.113385 -0.312500
v 0.123028 -0.101812 -0.312500
v 0.132333 -0.089267 -0.312500
v 0.140362 -0.075870 -0.312500
v 0.147040 -0.061751 -0.312500
v 0.152302 -0.047045 -0.312500
v 0.156097 -0.031895 -0.312500
v 0.158389 -0.016445 -0.312500
v 0.159155 -0.000845 -0.312500
v 0.158389 0.014755 -0.312500
v 0.156097 0.030204 -0.312500
v 0.152302 0.045355 -0.312500
v 0.147040 0.060061 -0.312500
v 0.140362 0.074180 -0.312500
v 0.132332 0.087577 -0.312500
v 0.123028 0.100122 -0.312500
v 0.112540 0.111694 -0.312500
v 0.100967 0.122183 -0.312500
v 0.088422 0.131487 -0.312500
v 0.075025 0.139517 -0.312500
v 0.060906 0.146195 -0.312500
v 0.046200 0.151457 -0.312500
v 0.031050 0.155252 -0.312500
v 0.015600 0.157543 -0.312500
v -0.000000 0.158310 -0.312500
v 0.000000 0.158310 -0.281250
v -0.015600 0.157543 -0.281250
v -0.031050 0.155252 -0.281250
v -0.046200 0.151457 -0.281250
v -0.060906 0.146195 -0.281250
v -0.075025 0.139517 -0.281250
v -0.088422 0.131487 -0.281250
v -0.100967 0.122183 -0.281250
v -0.112540 0.111694 -0.281250
v -0.123028 0.100122 -0.281250
v -0.132332 0.087577 -0.281250
v -0.140362 0.074180 -0.281250
v -0.147040 0.060061 -0.281250
v -0.152302 0.045355 -0.281250
v -0.156097 0.030205 -0.281250
v -0.158389 0.014755 -0.281250
v -0.159155 -0.000845 -0.281250
v -0.158389 -0.016445 -0.281250
v -0.156097 -0.031895 -0.281250
v -0.152302 -0.047045 -0.281250
v -0.147040 -0.061751 -0.281250
v -0.140362 -0.075870 -0.281250
v -0.132333 -0.089267 -0.281250
v -0.123028 -0.101812 -0.281250
v -0.112540 -0.113385 -0.281250
v -0.100967 -0.123874 -0.281250
v -0.088422 -0.133178 -0.281250
v -0.075025 -0.141207 -0.281250
v -0.060906 -0.147885 -0.281250
v -0.046200 -0.153147 -0.281250
v -0.031050 -0.156942 -0.281250
v -0.015600 -0.159234 -0.281250
v 0.000000 -0.160000 -0.281250
v 0.015600 -0.159234 -0.281250
v 0.031050 -0.156942 -0.281250
v 0.046200 -0.153147 -0.281250
v 0.060906 -0.147885 -0.281250
v 0.075025 -0.141207 -0.281250
v 0.088422 -0.133178 -0.281250
v 0.100967 -0.123874 -0.281250
v 0.112540 -0.113385 -0.281250
v 0.123028 -0.101812 -0.281250
v 0.132333 -0.089267 -0.281250
v 0.140362 -0.075870 -0.281250
v 0.147040 -0.061751 -0.281250
v 0.152302 -0.047045 -0.281250
v 0.156097 -0.031895 -0.281250
v 0.158389 -0.016445 -0.281250
v 0.159155 -0.000845 -0.281250
v 0.158389 0.014755 -0.281250
v 0.156097 0.030205 -0.281250
v 0.152302 0.045355 -0.281250
v 0.147040 0.060061 -0.281250
v 0.140362 0.074180 -0.281250
v 0.132332 0.087577 -0.281250
v 0.123028 0.100122 -0.281250
v 0.112540 0.111694 -0.281250
v 0.100967 0.122183 -0.281250
v 0.088422 0.131487 -0.281250
v 0.075025 0.139517 -0.281250
v 0.060906 0.146195 -0.281250
v 0.046200 0.151457 -0.281250
v 0.031050 0.155252 -0.281250
v 0.015600 0.157543 -0.281250
v -0.000000 0.158310 -0.281250
v 0.000000 0.158310 -0.250000
v -0.015600 0.157543 -0.250000
v -0.031050 0.155252 -0.250000
v -0.046200 0.151457 -0.250000
v -0.060906 0.146195 -0.250000
v -0.075025 0.139517 -0.250000
v -0.088422 0.131487 -0.250000
v -0.100967 0.122183 -0.250000
v -0.112540 0.111694 -0.250000
v -0.123028 0.100122 -0.250000
v -0.132332 0.087577 -0.250000
v -0.140362 0.074180 -0.250000
v -0.147040 0.060061 -0.250000
v -0.152302 0.045355 -0.250000
v -0.156097 0.030205 -0.250000
v -0.158389 0.014755 -0.250000
v -0.159155 -0.000845 -0.250000
v -0.158389 -0.016445 -0.250000
v -0.156097 -0.031895 -0.250000
v -0.152302 -0.047045 -0.250000
v -0.147040 -0.061751 -0.250000
v -0.140362 -0.075870 -0.250000
v -0.132333 -0.089267 -0.250000
v -0.123028 -0.101812 -0.250000
v -0.112540 -0.113385 -0.250000
v -0.100967 -0.123874 -0.250000
v -0.088422 -0.133178 -0.250000
v -0.075025 -0.141207 -0.250000
v -0.060906 -0.147885 -0.250000
v -0.046200 -0.153147 -0.250000
v -0.031050 -0.156942 -0.250000
v -0.015600 -0.159234 -0.250000
v 0.000000 -0.160000 -0.250000
v 0.015600 -0.159234 -0.250000
v 0.031050 -0.156942 -0.250000
v 0.046200 -0.153147 -0.250000
v 0.060906 -0.147885 -0.250000
v 0.075025 -0.141207 -0.250000
v 0.088422 -0.133178 -0.250000
v 0.100967 -0.123874 -0.250000
v 0.112540 -0.113385 -0.250000
v 0.123028 -0.101812 -0.250000
v 0.132333 -0.089267 -0.250000
v 0.140362 -0.075870 -0.250000
v 0.147040 -0.061751 -0.250000
v 0.152302 -0.047045 -0.250000
v 0.156097 -0.031895 -0.250000
v 0.158389 -0.016445 -0.250000
v 0.159155 -0.000845 -0.250000
v 0.158389 0.014755 -0.250000
v 0.156097 0.030205 -0.250000
v 0.152302 0.045355 -0.250000
v 0.147040 0.060061 -0.250000
v 0.140362 0.074180 -0.250000
v 0.132332 0.087577 -0.250000
v 0.123028 0.100122 -0.250000
v 0.112540 0.111694 -0.250000
v 0.100967 0.122183 -0.250000
v 0.088422 0.131487 -0.250000
v 0.075025 0.139517 -0.250000
v 0.060906 0.146195 -0.250000
v 0.046200 0.151457 -0.250000
v 0.031050 0.155252 -0.250000
v 0.015600 0.157543 -0.250000
v -0.000000 0.158310 -0.250000
v 0.000000 0.158310 -0.218750
v -0.015600 0.157543 -0.218750
v -0.031050 0.155252 -0.218750
v -0.046200 0.151457 -0.218750
v -0.060906 0.146195 -0.218750
v -0.075025 0.139517 -0.218750
v -0.088422 0.131487 -0.218750
v -0.100967 0.122183 -0.218750
v -0.112540 0.111694 -0.218750
v -0.123028 0.100122 -0.218750
v -0.132332 0.087577 -0.218750
v -0.140362 0.074180 -0.218750
v -0.147040 0.060061 -0.218750
v -0.152302 0.045355 -0.218750
v -0.156097 0.030205 -0.218750
v -0.158389 0.014755 -0.218750
v -0.159155 -0.000845 -0.218750
v -0.158389 -0.016445 -0.218750
v -0.156097 -0.031895 -0.218750
v -0.152302 -0.047045 -0.218750
v -0.147040 -0.061751 -0.218750
v -0.140362 -0.075870 -0.218750
v -0.132333 -0.089267 -0.218750
v -0.123028 -0.101812 -0.218750
v -0.112540 -0.113385 -0.218750
v -0.100967 -0.123874 -0.218750
v -0.088422 -0.133178 -0.218750
v -0.075025 -0.141207 -0.218750
v -0.060906 -0.147885 -0.218750
v -0.046200 -0.153147 -0.218750
v -0.031050 -0.156942 -0.218750
v -0.015600 -0.159234 -0.218750
v 0.000000 -0.160000 -0.218750
v 0.015600 -0.159234 -0.218750
v 0.031050 -0.156942 -0.218750
v 0.046200 -0.153147 -0.218750
v 0.060906 -0.147885 -0.218750
v 0.075025 -0.141207 -0.218750
v 0.088422 -0.133178 -0.218750
v 0.100967 -0.123874 -0.218750
v 0.112540 -0.113385 -0.218750
v 0.123028 -0.101812 -0.218750
v 0.132333 -0.089267 -0.218750
v 0.140362 -0.075870 -0.218750
v 0.147040 -0.061751 -0.218750
v 0.152302 -0.047045 -0.218750
v 0.156097 -0.031895 -0.218750
v 0.158389 -0.016445 -0.218750
v 0.159155 -0.000845 -0.218750
v 0.158389 0.014755 -0.218750
v 0.156097 0.030205 -0.218750
v 0.152302 0.045355 -0.218750
v 0.147040 0.060061 -0.218750
v 0.140362 0.074180 -0.218750
v 0.132332 0.087577 -0.218750
v 0.123028 0.100122 -0.218750
v 0.112540 0.111694 -0.218750
v 0.100967 0.122183 -0.218750
v 0.088422 0.131487 -0.218750
v 0.075025 0.139517 -0.218750
v 0.060906 0.146195 -0.218750
v 0.046200 0.151457 -0.218750
v 0.031050 0.155252 -0.218750
v 0.015600 0.157543 -0.218750
v -0.000000 0.158310 -0.218750
v 0.000000 0.158310 -0.187500
v -0.015600 0.157544 -0.187500
v -0.031050 0.155252 -0.187500
v -0.046200 0.151457 -0.187500
v -0.060906 0.146195 -0.187500
v -0.075025 0.139517 -0.187500
v -0.088422 0.131487 -0.187500
v -0.100967 0.122183 -0.187500
v -0.112540 0.111694 -0.187500
v -0.123028 0.100122 -0.187500
v -0.132332 0.087577 -0.187500
v -0.140362 0.074180 -0.187500
v -0.147040 0.060061 -0.187500
v -0.152302 0.045355 -0.187500
v -0.156097 0.030205 -0.187500
v -0.158389 0.014755 -0.187500
v -0.159155 -0.000845 -0.187500
v -0.158389 -0.016445 -0.187500
v -0.156097 -0.031895 -0.187500
v -0.152302 -0.047045 -0.187500
v -0.147040 -0.061751 -0.187500
v -0.140362 -0.075870 -0.187500
v -0.132333 -0.089267 -0.187500
v -0.123028 -0.101812 -0.187500
v -0.112540 -0.113385 -0.187500
v -0.100967 -0.123874 -0.187500
v -0.088422 -0.133178 -0.187500
v -0.075025 -0.141207 -0.187500
v -0.060906 -0.147885 -0.187500
v -0.046200 -0.153147 -0.187500
v -0.031050 -0.156942 -0.187500
v -0.015600 -0.159234 -0.187500
v 0.000000 -0.160000 -0.187500
v 0.015600 -0.159234 -0.187500
v 0.031050 -0.156942 -0.187500
v 0.046200 -0.153147 -0.187500
v 0.060906 -0.147885 -0.187500
v 0.075025 -0.141207 -0.187500
v 0.088422 -0.133178 -0.187500
v 0.100967 -0.123874 -0.187500
v 0.112540 -0.113385 -0.187500
v 0.123028 -0.101812 -0.187500
v 0.132333 -0.089267 -0.187500
v 0.140362 -0.075870 -0.187500
v 0.147040 -0.061751 -0.187500
v 0.152302 -0.047045 -0.187500
v 0.156097 -0.031895 -0.187500
v 0.158389 -0.016445 -0.187500
v 0.159155 -0.000845 -0.187500
v 0.158389 0.014755 -0.187500
v 0.156097 0.030205 -0.187500
v 0.152302 0.045355 -0.187500
v 0.147040 0.060061 -0.187500
v 0.140362 0.074180 -0.187500
v 0.132332 0.087577 -0.187500
v 0.123028 0.100122 -0.187500
v 0.112540 0.111694 -0.187500
v 0.100967 0.122183 -0.187500
v 0.088422 0.131487 -0.187500
v 0.075025 0.139517 -0.187500
v 0.060906 0.146195 -0.187500
v 0.046200 0.151457 -0.187500
v 0.031050 0.155252 -0.187500
v 0.015600 0.157544 -0.187500
v -0.000000 0.158310 -0.187500
v 0.000000 0.158310 -0.156250
v -0.015600 0.157544 -0.156250
v -0.031050 0.155252 -0.156250
v -0.046200 0.151457 -0.156250
v -0.060906 0.146195 -0.156250
v -0.075025 0.139517 -0.156250
v -0.088422 0.131487 -0.156250
v -0.100967 0.122183 -0.156250
v -0.112540 0.111694 -0.156250
v -0.123028 0.100122 -0.156250
v -0.132332 0.087577 -0.156250
v -0.140362 0.074180 -0.156250
v -0.147040 0.060061 -0.156250
v -0.152302 0.045355 -0.156250
v -0.156097 0.030205 -0.156250
v -0.158389 0.014755 -0.156250
v -0.159155 -0.000845 -0.156250
v -0.158389 -0.016445 -0.156250
v -0.156097 -0.031895 -0.156250
v -0.152302 -0.047045 -0.156250
v -0.147040 -0.061751 -0.156250
v -0.140362 -0.075870 -0.156250
v -0.132333 -0.089267 -0.156250
v -0.123028 -0.101812 -0.156250
v -0.112540 -0.113385 -0.156250
v -0.100967 -0.123874 -0.156250
v -0.088422 -0.133178 -0.156250
v -0.075025 -0.141207 -0.156250
v -0.060906 -0.147885 -0.156250
v -0.046200 -0.153147 -0.156250
v -0.031050 -0.156942 -0.156250
v -0.015600 -0.159234 -0.156250
v 0.000000 -0.160000 -0.156250
v 0.015600 -0.159234 -0.156250
v 0.031050 -0.156942 -0.156250
v 0.046200 -0.153147 -0.156250
v 0.060906 -0.147885 -0.156250
v 0.075025 -0.141207 -0.156250
v 0.088422 -0.133178 -0.156250
v 0.100967 -0.123874 -0.156250
v 0.112540 -0.113385 -0.156250
v 0.123028 -0.101812 -0.156250
v 0.132333 -0.089267 -0.156250
v 0.140362 -0.075870 -0.156250
v 0.147040 -0.061751 -0.156250
v 0.152302 -0.047045 -0.156250
v 0.156097 -0.031895 -0.156250
v 0.158389 -0.016445 -0.156250
v 0.159155 -0.000845 -0.156250
v 0.158389 0.014755 -0.156250
v 0.156097 0.030205 -0.156250
v 0.152302 0.045355 -0.156250
v 0.147040 0.060061 -0.156250
v 0.140362 0.074180 -0.156250
v 0.132332 0.087577 -0.156250
v 0.123028 0.100122 -0.156250
v 0.112540 0.111694 -0.156250
v 0.100967 0.122183 -0.156250
v 0.088422 0.131487 -0.156250
v 0.075025 0.139517 -0.156250
v 0.060906 0.146195 -0.156250
v 0.046200 0.151457 -0.156250
v 0.031050 0.155252 -0.156250
v 0.015600 0.157544 -0.156250
v -0.000000 0.158310 -0.156250
v 0.000000 0.158310 -0.125000
v -0.015600 0.157544 -0.125000
v -0.031050 0.155252 -0.125000
v -0.046200 0.151457 -0.125000
v -0.060906 0.146195 -0.125000
v -0.075025 0.139517 -0.125000
v -0.088422 0.131487 -0.125000
v -0.100967 0.122183 -0.125000
v -0.112540 0.111694 -0.125000
v -0.123028 0.100122 -0.125000
v -0.132332 0.087577 -0.125000
v -0.140362 0.074180 -0.125000
v -0.147040 0.060061 -0.125000
v -0.152302 0.045355 -0.125000
v -0.156097 0.030205 -0.125000
v -0.158389 0.014755 -0.125000
v -0.159155 -0.000845 -0.125000
v -0.158389 -0.016445 -0.125000
v -0.156097 -0.031895 -0.125000
v -0.152302 -0.047045 -0.125000
v -0.147040 -0.061751 -0.125000
v -0.140362 -0.075870 -0.125000
v -0.132333 -0.089267 -0.125000
v -0.123028 -0.101812 -0.125000
v -0.112540 -0.113385 -0.125000
v -0.100967 -0.123874 -0.125000
v -0.088422 -0.133178 -0.125000
v -0.075025 -0.141207 -0.125000
v -0.060906 -0.147885 -0.125000
v -0.046200 -0.153147 -0.125000
v -0.031050 -0.156942 -0.125000
v -0.015600 -0.159234 -0.125000
v 0.000000 -0.160000 -0.125000
v 0.015600 -0.159234 -0.125000
v 0.031050 -0.156942 -0.125000
v 0.046200 -0.153147 -0.125000
v 0.060906 -0.147885 -0.125000
v 0.075025 -0.141207 -0.125000
v 0.088422 -0.133178 -0.125000
v 0.100967 -0.123874 -0.125000
v 0.112540 -0.113385 -0.125000
v 0.123028 -0.101812 -0.125000
v 0.132333 -0.089267 -0.125000
v 0.140362 -0.075870 -0.125000
v 0.147040 -0.061751 -0.125000
v 0.152302 -0.047045 -0.125000
v 0.156097 -0.031895 -0.125000
v 0.158389 -0.016445 -0.125000
v 0.159155 -0.000845 -0.125000
v 0.158389 0.014755 -0.125000
v 0.156097 0.030205 -0.125000
v 0.152302 0.045355 -0.125000
v 0.147040 0.060061 -0.125000
v 0.140362 0.074180 -0.125000
v 0.132332 0.087577 -0.125000
v 0.123028 0.100122 -0.125000
v 0.112540 0.111694 -0.125000
v 0.100967 0.122183 -0.125000
v 0.088422 0.131487 -0.125000
v 0.075025 0.139517 -0.125000
v 0.060906 0.146195 -0.125000
v 0.046200 0.151457 -0.125000
v 0.031050 0.155252 -0.125000
v 0.015600 0.157544 -0.125000
v -0.000000 0.158310 -0.125000
v 0.000000 0.158310 -0.093750
v -0.015600 0.157544 -0.093750
v -0.031050 0.155252 -0.093750
v -0.046200 0.151457 -0.093750
v -0.060906 0.146195 -0.093750
v -0.075025 0.139517 -0.093750
v -0.088422 0.131487 -0.093750
v -0.100967 0.122183 -0.093750
v -0.112540 0.111694 -0.093750
v -0.123028 0.100122 -0.093750
v -0.132332 0.087577 -0.093750
v -0.140362 0.074180 -0.093750
v -0.147040 0.060061 -0.093750
v -0.152302 0.045355 -0.093750
v -0.156097 0.030205 -0.093750
v -0.158389 0.014755 -0.093750
v -0.159155 -0.000845 -0.093750
v -0.158389 -0.016445 -0.093750
v -0.156097 -0.031895 -0.093750
v -0.152302 -0.047045 -0.093750
v -0.147040 -0.061751 -0.093750
v -0.140362 -0.075870 -0.093750
v -0.132333 -0.089267 -0.093750
v -0.123028 -0.101812 -0.093750
v -0.112540 -0.113385 -0.093750
v -0.100967 -0.123873 -0.093750
v -0.088422 -0.133178 -0.093750
v -0.075025 -0.141207 -0.093750
v -0.060906 -0.147885 -0.093750
v -0.046200 -0.153147 -0.093750
v -0.031050 -0.156942 -0.093750
v -0.015600 -0.159234 -0.093750
v 0.000000 -0.160000 -0.093750
v 0.015600 -0.159234 -0.093750
v 0.031050 -0.156942 -0.093750
v 0.046200 -0.153147 -0.093750
v 0.060906 -0.147885 -0.093750
v 0.075025 -0.141207 -0.093750
v 0.088422 -0.133178 -0.093750
v 0.100967 -0.123873 -0.093750
v 0.112540 -0.113385 -0.093750
v 0.123028 -0.101812 -0.093750
v 0.132333 -0.089267 -0.093750
v 0.140362 -0.075870 -0.093750
v 0.147040 -0.061751 -0.093750
v 0.152302 -0.047045 -0.093750
v 0.156097 -0.031895 -0.093750
v 0.158389 -0.016445 -0.093750
v 0.159155 -0.000845 -0.093750
v 0.158389 0.014755 -0.093750
v 0.156097 0.030205 -0.093750
v 0.152302 0.045355 -0.093750
v 0.147040 0.060061 -0.093750
v 0.140362 0.074180 -0.093750
v 0.132332 0.087577 -0.093750
v 0.123028 0.100122 -0.093750
v 0.112540 0.111694 -0.093750
v 0.100967 0.122183 -0.093750
v 0.088422 0.131487 -0.093750
v 0.075025 0.139517 -0.093750
v 0.060906 0.146195 -0.093750
v 0.046200 0.151457 -0.093750
v 0.031050 0.155252 -0.093750
v 0.015600 0.157544 -0.093750
v -0.000000 0.158310 -0.093750
v 0.000000 0.158310 -0.062500
v -0.015600 0.157544 -0.062500
v -0.031050 0.155252 -0.062500
v -0.046200 0.151457 -0.062500
v -0.060906 0.146195 -0.062500
v -0.075025 0.139517 -0.062500
v -0.088422 0.131487 -0.062500
v -0.100967 0.122183 -0.062500
v -0.112540 0.111694 -0.062500
v -0.123028 0.100122 -0.062500
v -0.132332 0.087577 -0.062500
v -0.140362 0.074180 -0.062500
v -0.147040 0.060061 -0.062500
v -0.152302 0.045355 -0.062500
v -0.156097 0.030205 -0.062500
v -0.158389 0.014755 -0.062500
v -0.159155 -0.000845 -0.062500
v -0.158389 -0.016445 -0.062500
v -0.156097 -0.031895 -0.062500
v -0.152302 -0.047045 -0.062500
v -0.147040 -0.061751 -0.062500
v -0.140362 -0.075870 -0.062500
v -0.132333 -0.089267 -0.062500
v -0.123028 -0.101812 -0.062500
v -0.112540 -0.113385 -0.062500
v -0.100967 -0.123873 -0.062500
v -0.088422 -0.133178 -0.062500
v -0.075025 -0.141207 -0.062500
v -0.060906 -0.147885 -0.062500
v -0.046200 -0.153147 -0.062500
v -0.031050 -0.156942 -0.062500
v -0.015600 -0.159234 -0.062500
v 0.000000 -0.160000 -0.062500
v 0.015600 -0.159234 -0.062500
v 0.031050 -0.156942 -0.062500
v 0.046200 -0.153147 -0.062500
v 0.060906 -0.147885 -0.062500
v 0.075025 -0.141207 -0.062500
v 0.088422 -0.133178 -0.062500
v 0.100967 -0.123873 -0.062500
v 0.112540 -0.113385 -0.062500
v 0.123028 -0.101812 -0.062500
v 0.132333 -0.089267 -0.062500
v 0.140362 -0.075870 -0.062500
v 0.147040 -0.061751 -0.062500
v 0.152302 -0.047045 -0.062500
v 0.156097 -0.031895 -0.062500
v 0.158389 -0.016445 -0.062500
v 0.159155 -0.000845 -0.062500
v 0.158389 0.014755 -0.062500
v 0.156097 0.030205 -0.062500
v 0.152302 0.045355 -0.062500
v 0.147040 0.060061 -0.062500
v 0.140362 0.074180 -0.062500
v 0.132332 0.087577 -0.062500
v 0.123028 0.100122 -0.062500
v 0.112540 0.111694 -0.062500
v 0.100967 0.122183 -0.062500
v 0.088422 0.131487 -0.062500
v 0.075025 0.139517 -0.062500
v 0.060906 0.146195 -0.062500
v 0.046200 0.151457 -0.062500
v 0.031050 0.155252 -0.062500
v 0.015600 0.157544 -0.062500
v -0.000000 0.158310 -0.062500
v 0.000000 0.158310 -0.031250
v -0.015600 0.157544 -0.031250
v -0.031050 0.155252 -0.031250
v -0.046200 0.151457 -0.031250
v -0.060906 0.146195 -0.031250
v -0.075025 0.139517 -0.031250
v -0.088422 0.131487 -0.031250
v -0.100967 0.122183 -0.031250
v -0.112540 0.111694 -0.031250
v -0.123028 0.100122 -0.031250
v -0.132332 0.087577 -0.031250
v -0.140362 0.074180 -0.031250
v -0.147040 0.060061 -0.031250
v -0.152302 0.045355 -0.031250
v -0.156097 0.030205 -0.031250
v -0.158389 0.014755 -0.031250
v -0.159155 -0.000845 -0.031250
v -0.158389 -0.016445 -0.031250
v -0.156097 -0.031895 -0.031250
v -0.152302 -0.047045 -0.031250
v -0.147040 -0.061751 -0.031250
v -0.140362 -0.075870 -0.031250
v -0.132333 -0.089267 -0.031250
v -0.123028 -0.101812 -0.031250
v -0.112540 -0.113385 -0.031250
v -0.100967 -0.123873 -0.031250
v -0.088422 -0.133178 -0.031250
v -0.075025 -0.141207 -0.031250
v -0.060906 -0.147885 -0.031250
v -0.046200 -0.153147 -0.031250
v -0.031050 -0.156942 -0.031250
v -0.015600 -0.159234 -0.031250
v 0.000000 -0.160000 -0.031250
v 0.015600 -0.159234 -0.031250
v 0.031050 -0.156942 -0.031250
v 0.046200 -0.153147 -0.031250
v 0.060906 -0.147885 -0.031250
v 0.075025 -0.141207 -0.031250
v 0.088422 -0.133178 -0.031250
v 0.100967 -0.123873 -0.031250
v 0.112540 -0.113385 -0.031250
v 0.123028 -0.101812 -0.031250
v 0.132333 -0.089267 -0.031250
v 0.140362 -0.075870 -0.031250
v 0.147040 -0.061751 -0.031250
v 0.152302 -0.047045 -0.031250
v 0.156097 -0.031895 -0.031250
v 0.158389 -0.016445 -0.031250
v 0.159155 -0.000845 -0.031250
v 0.158389 0.014755 -0.031250
v 0.156097 0.030205 -0.031250
v 0.152302 0.045355 -0.031250
v 0.147040 0.060061 -0.031250
v 0.140362 0.074180 -0.031250
v 0.132332 0.087577 -0.031250
v 0.123028 0.100122 -0.031250
v 0.112540 0.111694 -0.031250
v 0.100967 0.122183 -0.031250
v 0.088422 0.131487 -0.031250
v 0.075025 0.139517 -0.031250
v 0.060906 0.146195 -0.031250
v 0.046200 0.151457 -0.031250
v 0.031050 0.155252 -0.031250
v 0.015600 0.157544 -0.031250
v -0.000000 0.158310 -0.031250
v 0.000000 0.158310 -0.000000
v -0.015600 0.157544 -0.000000
v -0.031050 0.155252 -0.000000
v -0.046200 0.151457 -0.000000
v -0.060906 0.146195 -0.000000
v -0.075025 0.139517 -0.000000
v -0.088422 0.131487 -0.000000
v -0.100967 0.122183 -0.000000
v -0.112540 0.111694 -0.000000
v -0.123028 0.100122 -0.000000
v -0.132332 0.087577 -0.000000
v -0.140362 0.074180 -0.000000
v -0.147040 0.060061 -0.000000
v -0.152302 0.045355 -0.000000
v -0.156097 0.030205 -0.000000
v -0.158389 0.014755 -0.000000
v -0.159155 -0.000845 -0.000000
v -0.158389 -0.016445 -0.000000
v -0.156097 -0.031895 -0.000000
v -0.152302 -0.047045 -0.000000
v -0.147040 -0.061751 -0.000000
v -0.140362 -0.075870 -0.000000
v -0.132333 -0.089267 -0.000000
v -0.123028 -0.101812 -0.000000
v -0.112540 -0.113385 -0.000000
v -0.100967 -0.123873 -0.000000
v -0.088422 -0.133178 -0.000000
v -0.075025 -0.141207 -0.000000
v -0.060906 -0.147885 -0.000000
v -0.046200 -0.153147 -0.000000
v -0.031050 -0.156942 -0.000000
v -0.015600 -0.159234 -0.000000
v 0.000000 -0.160000 0.000000
v 0.015600 -0.159234 -0.000000
v 0.031050 -0.156942 -0.000000
v 0.046200 -0.153147 -0.000000
v 0.060906 -0.147885 -0.000000
v 0.075025 -0.141207 -0.000000
v 0.088422 -0.133178 -0.000000
v 0.100967 -0.123873 -0.000000
v 0.112540 -0.113385 -0.000000
v 0.123028 -0.101812 -0.000000
v 0.132333 -0.089267 -0.000000
v 0.140362 -0.075870 -0.000000
v 0.147040 -0.061751 -0.000000
v 0.152302 -0.047045 -0.000000
v 0.156097 -0.031895 -0.000000
v 0.158389 -0.016445 -0.000000
v 0.159155 -0.000845 -0.000000
v 0.158389 0.014755 -0.000000
v 0.156097 0.030205 -0.000000
v 0.152302 0.045355 -0.000000
v 0.147040 0.060061 -0.000000
v 0.140362 0.074180 -0.000000
v 0.132332 0.087577 -0.000000
v 0.123028 0.100122 -0.000000
v 0.112540 0.111694 -0.000000
v 0.100967 0.122183 -0.000000
v 0.088422 0.131487 -0.000000
v 0.075025 0.139517 -0.000000
v 0.060906 0.146195 -0.000000
v 0.046200 0.151457 -0.000000
v 0.031050 0.155252 -0.000000
v 0.015600 0.157544 -0.000000
v -0.000000 0.158310 -0.000000
v 0.000000 0.158310 0.031250
v -0.015600 0.157544 0.031250
v -0.031050 0.155252 0.031250
v -0.046200 0.151457 0.031250
v -0.060906 0.146195 0.031250
v -0.075025 0.139517 0.031250
v -0.088422 0.131487 0.031250
v -0.100967 0.122183 0.031250
v -0.112540 0.111694 0.031250
v -0.123028 0.100122 0.031250
v -0.132332 0.087577 0.031250
v -0.140362 0.074180 0.031250
v -0.147040 0.060061 0.031250
v -0.152302 0.045355 0.031250
v -0.156097 0.030205 0.031250
v -0.158389 0.014755 0.031250
v -0.159155 -0.000845 0.031250
v -0.158389 -0.016445 0.031250
v -0.156097 -0.031895 0.031250
v -0.152302 -0.047045 0.031250
v -0.147040 -0.061751 0.031250
v -0.140362 -0.075870 0.031250
v -0.132333 -0.089267 0.031250
v -0.123028 -0.101812 0.031250
v -0.112540 -0.113385 0.031250
v -0.100967 -0.123873 0.031250
v -0.088422 -0.133178 0.031250
v -0.075025 -0.141207 0.031250
v -0.060906 -0.147885 0.031250
v -0.046200 -0.153147 0.031250
v -0.031050 -0.156942 0.031250
v -0.015600 -0.159234 0.031250
v 0.000000 -0.160000 0.031250
v 0.015600 -0.159234 0.031250
v 0.031050 -0.156942 0.031250
v 0.046200 -0.153147 0.031250
v 0.060906 -0.147885 0.031250
v 0.075025 -0.141207 0.031250
v 0.088422 -0.133178 0.031250
v 0.100967 -0.123873 0.031250
v 0.112540 -0.113385 0.031250
v 0.123028 -0.101812 0.031250
v 0.132333 -0.089267 0.031250
v 0.140362 -0.075870 0.031250
v 0.147040 -0.061751 0.031250
v 0.152302 -0.047045 0.031250
v 0.156097 -0.031895 0.031250
v 0.158389 -0.016445 0.031250
v 0.159155 -0.000845 0.031250
v 0.158389 0.014755 0.031250
v 0.156097 0.030205 0.031250
v 0.152302 0.045355 0.031250
v 0.147040 0.060061 0.031250
v 0.140362 0.074180 0.031250
v 0.132332 0.087577 0.031250
v 0.123028 0.100122 0.031250
v 0.112540 0.111694 0.031250
v 0.100967 0.122183 0.031250
v 0.088422 0.131487 0.031250
v 0.075025 0.139517 0.031250
v 0.060906 0.146195 0.031250
v 0.046200 0.151457 0.031250
v 0.031050 0.155252 0.031250
v 0.015600 0.157544 0.031250
v -0.000000 0.158310 0.031250
v 0.000000 0.158310 0.062500
v -0.015600 0.157544 0.062500
v -0.031050 0.155252 0.062500
v -0.046200 0.151457 0.062500
v -0.060906 0.146195 0.062500
v -0.075025 0.139517 0.062500
v -0.088422 0.131487 0.062500
v -0.100967 0.122183 0.062500
v -0.112540 0.111694 0.062500
v -0.123028 0.100122 0.062500
v -0.132332 0.087577 0.062500
v -0.140362 0.074180 0.062500
v -0.147040 0.060061 0.062500
v -0.152302 0.045355 0.062500
v -0.156097 0.030205 0.062500
v -0.158389 0.014755 0.062500
v -0.159155 -0.000845 0.062500
v -0.158389 -0.016445 0.062500
v -0.156097 -0.031895 0.062500
v -0.152302 -0.047045 0.062500
v -0.147040 -0.061751 0.062500
v -0.140362 -0.075870 0.062500
v -0.132333 -0.089267 0.062500
v -0.123028 -0.101812 0.062500
v -0.112540 -0.113385 0.062500
v -0.100967 -0.123873 0.062500
v -0.088422 -0.133178 0.062500
v -0.075025 -0.141207 0.062500
v -0.060906 -0.147885 0.062500
v -0.046200 -0.153147 0.062500
v -0.031050 -0.156942 0.062500
v -0.015600 -0.159234 0.062500
v 0.000000 -0.160000 0.062500
v 0.015600 -0.159234 0.062500
v 0.031050 -0.156942 0.062500
v 0.046200 -0.153147 0.062500
v 0.060906 -0.147885 0.062500
v 0.075025 -0.141207 0.062500
v 0.088422 -0.133178 0.062500
v 0.100967 -0.123873 0.062500
v 0.112540 -0.113385 0.062500
v 0.123028 -0.101812 0.062500
v 0.132333 -0.089267 0.062500
v 0.140362 -0.075870 0.062500
v 0.147040 -0.061751 0.062500
v 0.152302 -0.047045 0.062500
v 0.156097 -0.031895 0.062500
v 0.158389 -0.016445 0.062500
v 0.159155 -0.000845 0.062500
v 0.158389 0.014755 0.062500
v 0.156097 0.030205 0.062500
v 0.152302 0.045355 0.062500
v 0.147040 0.060061 0.062500
v 0.140362 0.074180 0.062500
v 0.132332 0.087577 0.062500
v 0.123028 0.100122 0.062500
v 0.112540 0.111694 0.062500
v 0.100967 0.122183 0.062500
v 0.088422 0.131487 0.062500
v 0.075025 0.139517 0.062500
v 0.060906 0.146195 0.062500
v 0.046200 0.151457 0.062500
v 0.031050 0.155252 0.062500
v 0.015600 0.157544 0.062500
v -0.000000 0.158310 0.062500
v 0.000000 0.158310 0.093750
v -0.015600 0.157544 0.093750
v -0.031050 0.155252 0.093750
v -0.046200 0.151457 0.093750
v -0.060906 0.146195 0.093750
v -0.075025 0.139517 0.093750
v -0.088422 0.131487 0.093750
v -0.100967 0.122183 0.093750
v -0.112540 0.111694 0.093750
v -0.123028 0.100122 0.093750
v -0.132332 0.087577 0.093750
v -0.140362 0.074180 0.093750
v -0.147040 0.060061 0.093750
v -0.152302 0.045355 0.093750
v -0.156097 0.030205 0.093750
v -0.158389 0.014755 0.093750
v -0.159155 -0.000845 0.093750
v -0.158389 -0.016445 0.093750
v -0.156097 -0.031895 0.093750
v -0.152302 -0.047045 0.093750
v -0.147040 -0.061751 0.093750
v -0.140362 -0.075870 0.093750
v -0.132333 -0.089267 0.093750
v -0.123028 -0.101812 0.093750
v -0.112540 -0.113385 0.093750
v -0.100967 -0.123873 0.093750
v -0.088422 -0.133178 0.093750
v -0.075025 -0.141207 0.093750
v -0.060906 -0.147885 0.093750
v -0.046200 -0.153147 0.093750
v -0.031050 -0.156942 0.093750
v -0.015600 -0.159234 0.093750
v 0.000000 -0.160000 0.093750
v 0.015600 -0.159234 0.093750
v 0.031050 -0.156942 0.093750
v 0.046200 -0.153147 0.093750
v 0.060906 -0.147885 0.093750
v 0.075025 -0.141207 0.093750
v 0.088422 -0.133178 0.093750
v 0.100967 -0.123873 0.093750
v 0.112540 -0.113385 0.093750
v 0.123028 -0.101812 0.093750
v 0.132333 -0.089267 0.093750
v 0.140362 -0.075870 0.093750
v 0.147040 -0.061751 0.093750
v 0.152302 -0.047045 0.093750
v 0.156097 -0.031895 0.093750
v 0.158389 -0.016445 0.093750
v 0.159155 -0.000845 0.093750
v 0.158389 0.014755 0.093750
v 0.156097 0.030205 0.093750
v 0.152302 0.045355 0.093750
v 0.147040 0.060061 0.093750
v 0.140362 0.074180 0.093750
v 0.132332 0.087577 0.093750
v 0.123028 0.100122 0.093750
v 0.112540 0.111694 0.093750
v 0.100967 0.122183 0.093750
v 0.088422 0.131487 0.093750
v 0.075025 0.139517 0.093750
v 0.060906 0.146195 0.093750
v 0.046200 0.151457 0.093750
v 0.031050 0.155252 0.093750
v 0.015600 0.157544 0.093750
v -0.000000 0.158310 0.093750
v 0.000000 0.158310 0.125000
v -0.015600 0.157544 0.125000
v -0.031050 0.155252 0.125000
v -0.046200 0.151457 0.125000
v -0.060906 0.146195 0.125000
v -0.075025 0.139517 0.125000
v -0.088422 0.131487 0.125000
v -0.100967 0.122183 0.125000
v -0.112540 0.111694 0.125000
v -0.123028 0.100122 0.125000
v -0.132332 0.087577 0.125000
v -0.140362 0.074180 0.125000
v -0.147040 0.060061 0.125000
v -0.152302 0.045355 0.125000
v -0.156097 0.030205 0.125000
v -0.158389 0.014755 0.125000
v -0.159155 -0.000845 0.125000
v -0.158389 -0.016445 0.125000
v -0.156097 -0.031895 0.125000
v -0.152302 -0.047045 0.125000
v -0.147040 -0.061751 0.125000
v -0.140362 -0.075870 0.125000
v -0.132333 -0.089267 0.125000
v -0.123028 -0.101812 0.125000
v -0.112540 -0.113385 0.125000
v -0.100967 -0.123873 0.125000
v -0.088422 -0.133178 0.125000
v -0.075025 -0.141207 0.125000
v -0.060906 -0.147885 0.125000
v -0.046200 -0.153147 0.125000
v -0.031050 -0.156942 0.125000
v -0.015600 -0.159234 0.125000
v 0.000000 -0.160000 0.125000
v 0.015600 -0.159234 0.125000
v 0.031050 -0.156942 0.125000
v 0.046200 -0.153147 0.125000
v 0.060906 -0.147885 0.125000
v 0.075025 -0.141207 0.125000
v 0.088422 -0.133178 0.125000
v 0.100967 -0.123873 0.125000
v 0.112540 -0.113385 0.125000
v 0.123028 -0.101812 0.125000
v 0.132333 -0.089267 0.125000
v 0.140362 -0.075870 0.125000
v 0.147040 -0.061751 0.125000
v 0.152302 -0.047045 0.125000
v 0.156097 -0.031895 0.125000
v 0.158389 -0.016445 0.125000
v 0.159155 -0.000845 0.125000
v 0.158389 0.014755 0.125000
v 0.156097 0.030205 0.125000
v 0.152302 0.045355 0.125000
v 0.147040 0.060061 0.125000
v 0.140362 0.074180 0.125000
v 0.132332 0.087577 0.125000
v 0.123028 0.100122 0.125000
v 0.112540 0.111694 0.125000
v 0.100967 0.122183 0.125000
v 0.088422 0.131487 0.125000
v 0.075025 0.139517 0.125000
v 0.060906 0.146195 0.125000
v 0.046200 0.151457 0.125000
v 0.031050 0.155252 0.125000
v 0.015600 0.157544 0.125000
v -0.000000 0.158310 0.125000
v 0.000000 0.158310 0.156250
v -0.015600 0.157544 0.156250
v -0.031050 0.155252 0.156250
v -0.046200 0.151457 0.156250
v -0.060906 0.146195 0.156250
v -0.075025 0.139517 0.156250
v -0.088422 0.131487 0.156250
v -0.100967 0.122183 0.156250
v -0.112540 0.111694 0.156250
v -0.123028 0.100122 0.156250
v -0.132332 0.087577 0.156250
v -0.140362 0.074180 0.156250
v -0.147040 0.060061 0.156250
v -0.152302 0.045355 0.156250
v -0.156097 0.030205 0.156250
v -0.158389 0.014755 0.156250
v -0.159155 -0.000845 0.156250
v -0.158389 -0.016445 0.156250
v -0.156097 -0.031895 0.156250
v -0.152302 -0.047045 0.156250
v -0.147040 -0.061751 0.156250
v -0.140362 -0.075870 0.156250
v -0.132333 -0.089267 0.156250
v -0.123028 -0.101812 0.156250
v -0.112540 -0.113385 0.156250
v -0.100967 -0.123873 0.156250
v -0.088422 -0.133178 0.156250
v -0.075025 -0.141207 0.156250
v -0.060906 -0.147885 0.156250
v -0.046200 -0.153147 0.156250
v -0.031050 -0.156942 0.156250
v -0.015600 -0.159234 0.156250
v 0.000000 -0.160000 0.156250
v 0.015600 -0.159234 0.156250
v 0.031050 -0.156942 0.156250
v 0.046200 -0.153147 0.156250
v 0.060906 -0.147885 0.156250
v 0.075025 -0.141207 0.156250
v 0.088422 -0.133178 0.156250
v 0.100967 -0.123873 0.156250
v 0.112540 -0.113385 0.156250
v 0.123028 -0.101812 0.156250
v 0.132333 -0.089267 0.156250
v 0.140362 -0.075870 0.156250
v 0.147040 -0.061751 0.156250
v 0.152302 -0.047045 0.156250
v 0.156097 -0.031895 0.156250
v 0.158389 -0.016445 0.156250
v 0.159155 -0.000845 0.156250
v 0.158389 0.014755 0.156250
v 0.156097 0.030205 0.156250
v 0.152302 0.045355 0.156250
v 0.147040 0.060061 0.156250
v 0.140362 0.074180 0.156250
v 0.132332 0.087577 0.156250
v 0.123028 0.100122 0.156250
v 0.112540 0.111694 0.156250
v 0.100967 0.122183 0.156250
v 0.088422 0.131487 0.156250
v 0.075025 0.139517 0.156250
v 0.060906 0.146195 0.156250
v 0.046200 0.151457 0.156250
v 0.031050 0.155252 0.156250
v 0.015600 0.157544 0.156250
v -0.000000 0.158310 0.156250
v 0.000000 0.158310 0.187500
v -0.015600 0.157544 0.187500
v -0.031050 0.155252 0.187500
v -0.046200 0.151457 0.187500
v -0.060906 0.146195 0.187500
v -0.075025 0.139517 0.187500
v -0.088422 0.131487 0.187500
v -0.100967 0.122183 0.187500
v -0.112540 0.111694 0.187500
v -0.123028 0.100122 0.187500
v -0.132332 0.087577 0.187500
v -0.140362 0.074180 0.187500
v -0.147040 0.060061 0.187500
v -0.152302 0.045355 0.187500
v -0.156097 0.030205 0.187500
v -0.158389 0.014755 0.187500
v -0.159155 -0.000845 0.187500
v -0.158389 -0.016445 0.187500
v -0.156097 -0.031895 0.187500
v -0.152302 -0.047045 0.187500
v -0.147040 -0.061751 0.187500
v -0.140362 -0.075870 0.187500
v -0.132333 -0.089267 0.187500
v -0.123028 -0.101812 0.187500
v -0.112540 -0.113385 0.187500
v -0.100967 -0.123873 0.187500
v -0.088422 -0.133178 0.187500
v -0.075025 -0.141207 0.187500
v -0.060906 -0.147885 0.187500
v -0.046200 -0.153147 0.187500
v -0.031050 -0.156942 0.187500
v -0.015600 -0.159234 0.187500
v 0.000000 -0.160000 0.187500
v 0.015600 -0.159234 0.187500
v 0.031050 -0.156942 0.187500
v 0.046200 -0.153147 0.187500
v 0.060906 -0.147885 0.187500
v 0.075025 -0.141207 0.187500
v 0.088422 -0.133178 0.187500
v 0.100967 -0.123873 0.187500
v 0.112540 -0.113385 0.187500
v 0.123028 -0.101812 0.187500
v 0.132333 -0.089267 0.187500
v 0.140362 -0.075870 0.187500
v 0.147040 -0.061751 0.187500
v 0.152302 -0.047045 0.187500
v 0.156097 -0.031895 0.187500
v 0.158389 -0.016445 0.187500
v 0.159155 -0.000845 0.187500
v 0.158389 0.014755 0.187500
v 0.156097 0.030205 0.187500
v 0.152302 0.045355 0.187500
v 0.147040 0.060061 0.187500
v 0.140362 0.074180 0.187500
v 0.132332 0.087577 0.187500
v 0.123028 0.100122 0.187500
v 0.112540 0.111694 0.187500
v 0.100967 0.122183 0.187500
v 0.088422 0.131487 0.187500
v 0.075025 0.139517 0.187500
v 0.060906 0.146195 0.187500
v 0.046200 0.151457 0.187500
v 0.031050 0.155252 0.187500
v 0.015600 0.157544 0.187500
v -0.000000 0.158310 0.187500
v 0.000000 0.158310 0.218750
v -0.015600 0.157544 0.218750
v -0.031050 0.155252 0.218750
v -0.046200 0.151457 0.218750
v -0.060906 0.146195 0.218750
v -0.075025 0.139517 0.218750
v -0.088422 0.131487 0.218750
v -0.100967 0.122183 0.218750
v -0.112540 0.111695 0.218750
v -0.123028 0.100122 0.218750
v -0.132332 0.087577 0.218750
v -0.140362 0.074180 0.218750
v -0.147040 0.060061 0.218750
v -0.152302 0.045355 0.218750
v -0.156097 0.030205 0.218750
v -0.158389 0.014755 0.218750
v -0.159155 -0.000845 0.218750
v -0.158389 -0.016445 0.218750
v -0.156097 -0.031895 0.218750
v -0.152302 -0.047045 0.218750
v -0.147040 -0.061751 0.218750
v -0.140362 -0.075870 0.218750
v -0.132333 -0.089267 0.218750
v -0.123028 -0.101812 0.218750
v -0.112540 -0.113385 0.218750
v -0.100967 -0.123873 0.218750
v -0.088422 -0.133178 0.218750
v -0.075025 -0.141207 0.218750
v -0.060906 -0.147885 0.218750
v -0.046200 -0.153147 0.218750
v -0.031050 -0.156942 0.218750
v -0.015600 -0.159234 0.218750
v 0.000000 -0.160000 0.218750
v 0.015600 -0.159234 0.218750
v 0.031050 -0.156942 0.218750
v 0.046200 -0.153147 0.218750
v 0.060906 -0.147885 0.218750
v 0.075025 -0.141207 0.218750
v 0.088422 -0.133178 0.218750
v 0.100967 -0.123873 0.218750
v 0.112540 -0.113385 0.218750
v 0.123028 -0.101812 0.218750
v 0.132333 -0.089267 0.218750
v 0.140362 -0.075870 0.218750
v 0.147040 -0.061751 0.218750
v 0.152302 -0.047045 0.218750
v 0.156097 -0.031895 0.218750
v 0.158389 -0.016445 0.218750
v 0.159155 -0.000845 0.218750
v 0.158389 0.014755 0.218750
v 0.156097 0.030205 0.218750
v 0.152302 0.045355 0.218750
v 0.147040 0.060061 0.218750
v 0.140362 0.074180 0.218750
v 0.132332 0.087577 0.218750
v 0.123028 0.100122 0.218750
v 0.112540 0.111695 0.218750
v 0.100967 0.122183 0.218750
v 0.088422 0.131487 0.218750
v 0.075025 0.139517 0.218750
v 0.060906 0.146195 0.218750
v 0.046200 0.151457 0.218750
v 0.031050 0.155252 0.218750
v 0.015600 0.157544 0.218750
v -0.000000 0.158310 0.218750
v 0.000000 0.158310 0.250000
v -0.015600 0.157544 0.250000
v -0.031050 0.155252 0.250000
v -0.046200 0.151457 0.250000
v -0.060906 0.146195 0.250000
v -0.075025 0.139517 0.250000
v -0.088422 0.131487 0.250000
v -0.100967 0.122183 0.250000
v -0.112540 0.111695 0.250000
v -0.123028 0.100122 0.250000
v -0.132332 0.087577 0.250000
v -0.140362 0.074180 0.250000
v -0.147040 0.060061 0.250000
v -0.152302 0.045355 0.250000
v -0.156097 0.030205 0.250000
v -0.158389 0.014755 0.250000
v -0.159155 -0.000845 0.250000
v -0.158389 -0.016445 0.250000
v -0.156097 -0.031895 0.250000
v -0.152302 -0.047045 0.250000
v -0.147040 -0.061751 0.250000
v -0.140362 -0.075870 0.250000
v -0.132333 -0.089267 0.250000
v -0.123028 -0.101812 0.250000
v -0.112540 -0.113385 0.250000
v -0.100967 -0.123873 0.250000
v -0.088422 -0.133178 0.250000
v -0.075025 -0.141207 0.250000
v -0.060906 -0.147885 0.250000
v -0.046200 -0.153147 0.250000
v -0.031050 -0.156942 0.250000
v -0.015600 -0.159234 0.250000
v 0.000000 -0.160000 0.250000
v 0.015600 -0.159234 0.250000
v 0.031050 -0.156942 0.250000
v 0.046200 -0.153147 0.250000
v 0.060906 -0.147885 0.250000
v 0.075025 -0.141207 0.250000
v 0.088422 -0.133178 0.250000
v 0.100967 -0.123873 0.250000
v 0.112540 -0.113385 0.250000
v 0.123028 -0.101812 0.250000
v 0.132333 -0.089267 0.250000
v 0.140362 -0.075870 0.250000
v 0.147040 -0.061751 0.250000
v 0.152302 -0.047045 0.250000
v 0.156097 -0.031895 0.250000
v 0.158389 -0.016445 0.250000
v 0.159155 -0.000845 0.250000
v 0.158389 0.014755 0.250000
v 0.156097 0.030205 0.250000
v 0.152302 0.045355 0.250000
v 0.147040 0.060061 0.250000
v 0.140362 0.074180 0.250000
v 0.132332 0.087577 0.250000
v 0.123028 0.100122 0.250000
v 0.112540 0.111695 0.250000
v 0.100967 0.122183 0.250000
v 0.088422 0.131487 0.250000
v 0.075025 0.139517 0.250000
v 0.060906 0.146195 0.250000
v 0.046200 0.151457 0.250000
v 0.031050 0.155252 0.250000
v 0.015600 0.157544 0.250000
v -0.000000 0.158310 0.250000
v 0.000000 0.158310 0.281250
v -0.015600 0.157544 0.281250
v -0.031050 0.155252 0.281250
v -0.046200 0.151457 0.281250
v -0.060906 0.146195 0.281250
v -0.075025 0.139517 0.281250
v -0.088422 0.131487 0.281250
v -0.100967 0.122183 0.281250
v -0.112540 0.111695 0.281250
v -0.123028 0.100122 0.281250
v -0.132332 0.087577 0.281250
v -0.140362 0.074180 0.281250
v -0.147040 0.060061 0.281250
v -0.152302 0.045355 0.281250
v -0.156097 0.030205 0.281250
v -0.158389 0.014755 0.281250
v -0.159155 -0.000845 0.281250
v -0.158389 -0.016445 0.281250
v -0.156097 -0.031895 0.281250
v -0.152302 -0.047045 0.281250
v -0.147040 -0.061751 0.281250
v -0.140362 -0.075870 0.281250
v -0.132333 -0.089267 0.281250
v -0.123028 -0.101812 0.281250
v -0.112540 -0.113385 0.281250
v -0.100967 -0.123873 0.281250
v -0.088422 -0.133178 0.281250
v -0.075025 -0.141207 0.281250
v -0.060906 -0.147885 0.281250
v -0.046200 -0.153147 0.281250
v -0.031050 -0.156942 0.281250
v -0.015600 -0.159234 0.281250
v 0.000000 -0.160000 0.281250
v 0.015600 -0.159234 0.281250
v 0.031050 -0.156942 0.281250
v 0.046200 -0.153147 0.281250
v 0.060906 -0.147885 0.281250
v 0.075025 -0.141207 0.281250
v 0.088422 -0.133178 0.281250
v 0.100967 -0.123873 0.281250
v 0.112540 -0.113385 0.281250
v 0.123028 -0.101812 0.281250
v 0.132333 -0.089267 0.281250
v 0.140362 -0.075870 0.281250
v 0.147040 -0.061751 0.281250
v 0.152302 -0.047045 0.281250
v 0.156097 -0.031895 0.281250
v 0.158389 -0.016445 0.281250
v 0.159155 -0.000845 0.281250
v 0.158389 0.014755 0.281250
v 0.156097 0.030205 0.281250
v 0.152302 0.045355 0.281250
v 0.147040 0.060061 0.281250
v 0.140362 0.074180 0.281250
v 0.132332 0.087577 0.281250
v 0.123028 0.100122 0.281250
v 0.112540 0.111695 0.281250
v 0.100967 0.122183 0.281250
v 0.088422 0.131487 0.281250
v 0.075025 0.139517 0.281250
v 0.060906 0.146195 0.281250
v 0.046200 0.151457 0.281250
v 0.031050 0.155252 0.281250
v 0.015600 0.157544 0.281250
v -0.000000 0.158310 0.281250
v 0.000000 0.158310 0.312500
v -0.015600 0.157544 0.312500
v -0.031050 0.155252 0.312500
v -0.046200 0.151457 0.312500
v -0.060906 0.146195 0.312500
v -0.075025 0.139517 0.312500
v -0.088422 0.131487 0.312500
v -0.100967 0.122183 0.312500
v -0.112540 0.111695 0.312500
v -0.123028 0.100122 0.312500
v -0.132332 0.087577 0.312500
v -0.140362 0.074180 0.312500
v -0.147040 0.060061 0.312500
v -0.152302 0.045355 0.312500
v -0.156097 0.030205 0.312500
v -0.158389 0.014755 0.312500
v -0.159155 -0.000845 0.312500
v -0.158389 -0.016445 0.312500
v -0.156097 -0.031895 0.312500
v -0.152302 -0.047045 0.312500
v -0.147040 -0.061751 0.312500
v -0.140362 -0.075870 0.312500
v -0.132333 -0.089267 0.312500
v -0.123028 -0.101812 0.312500
v -0.112540 -0.113385 0.312500
v -0.100967 -0.123873 0.312500
v -0.088422 -0.133178 0.312500
v -0.075025 -0.141207 0.312500
v -0.060906 -0.147885 0.312500
v -0.046200 -0.153147 0.312500
v -0.031050 -0.156942 0.312500
v -0.015600 -0.159234 0.312500
v 0.000000 -0.160000 0.312500
v 0.015600 -0.159234 0.312500
v 0.031050 -0.156942 0.312500
v 0.046200 -0.153147 0.312500
v 0.060906 -0.147885 0.312500
v 0.075025 -0.141207 0.312500
v 0.088422 -0.133178 0.312500
v 0.100967 -0.123873 0.312500
v 0.112540 -0.113385 0.312500
v 0.123028 -0.101812 0.312500
v 0.132333 -0.089267 0.312500
v 0.140362 -0.075870 0.312500
v 0.147040 -0.061751 0.312500
v 0.152302 -0.047045 0.312500
v 0.156097 -0.031895 0.312500
v 0.158389 -0.016445 0.312500
v 0.159155 -0.000845 0.312500
v 0.158389 0.014755 0.312500
v 0.156097 0.030205 0.312500
v 0.152302 0.045355 0.312500
v 0.147040 0.060061 0.312500
v 0.140362 0.074180 0.312500
v 0.132332 0.087577 0.312500
v 0.123028 0.100122 0.312500
v 0.112540 0.111695 0.312500
v 0.100967 0.122183 0.312500
v 0.088422 0.131487 0.312500
v 0.075025 0.139517 0.312500
v 0.060906 0.146195 0.312500
v 0.046200 0.151457 0.312500
v 0.031050 0.155252 0.312500
v 0.015600 0.157544 0.312500
v -0.000000 0.158310 0.312500
v 0.000000 0.158310 0.343750
v -0.015600 0.157544 0.343750
v -0.031050 0.155252 0.343750
v -0.046200 0.151457 0.343750
v -0.060906 0.146195 0.343750
v -0.075025 0.139517 0.343750
v -0.088422 0.131487 0.343750
v -0.100967 0.122183 0.343750
v -0.112540 0.111695 0.343750
v -0.123028 0.100122 0.343750
v -0.132332 0.087577 0.343750
v -0.140362 0.074180 0.343750
v -0.147040 0.060061 0.343750
v -0.152302 0.045355 0.343750
v -0.156097 0.030205 0.343750
v -0.158389 0.014755 0.343750
v -0.159155 -0.000845 0.343750
v -0.158389 -0.016445 0.343750
v -0.156097 -0.031895 0.343750
v -0.152302 -0.047045 0.343750
v -0.147040 -0.061751 0.343750
v -0.140362 -0.075870 0.343750
v -0.132333 -0.089267 0.343750
v -0.123028 -0.101812 0.343750
v -0.112540 -0.113385 0.343750
v -0.100967 -0.123873 0.343750
v -0.088422 -0.133178 0.343750
v -0.075025 -0.141207 0.343750
v -0.060906 -0.147885 0.343750
v -0.046200 -0.153147 0.343750
v -0.031050 -0.156942 0.343750
v -0.015600 -0.159234 0.343750
v 0.000000 -0.160000 0.343750
v 0.015600 -0.159234 0.343750
v 0.031050 -0.156942 0.343750
v 0.046200 -0.153147 0.343750
v 0.060906 -0.147885 0.343750
v 0.075025 -0.141207 0.343750
v 0.088422 -0.133178 0.343750
v 0.100967 -0.123873 0.343750
v 0.112540 -0.113385 0.343750
v 0.123028 -0.101812 0.343750
v 0.132333 -0.089267 0.343750
v 0.140362 -0.075870 0.343750
v 0.147040 -0.061751 0.343750
v 0.152302 -0.047045 0.343750
v 0.156097 -0.031895 0.343750
v 0.158389 -0.016445 0.343750
v 0.159155 -0.000845 0.343750
v 0.158389 0.014755 0.343750
v 0.156097 0.030205 0.343750
v 0.152302 0.045355 0.343750
v 0.147040 0.060061 0.343750
v 0.140362 0.074180 0.343750
v 0.132332 0.087577 0.343750
v 0.123028 0.100122 0.343750
v 0.112540 0.111695 0.343750
v 0.100967 0.122183 0.343750
v 0.088422 0.131487 0.343750
v 0.075025 0.139517 0.343750
v 0.060906 0.146195 0.343750
v 0.046200 0.151457 0.343750
v 0.031050 0.155252 0.343750
v 0.015600 0.157544 0.343750
v -0.000000 0.158310 0.343750
v 0.000000 0.158310 0.375000
v -0.015600 0.157544 0.375000
v -0.031050 0.155252 0.375000
v -0.046200 0.151457 0.375000
v -0.060906 0.146195 0.375000
v -0.075025 0.139517 0.375000
v -0.088422 0.131487 0.375000
v -0.100967 0.122183 0.375000
v -0.112540 0.111695 0.375000
v -0.123028 0.100122 0.375000
v -0.132332 0.087577 0.375000
v -0.140362 0.074180 0.375000
v -0.147040 0.060061 0.375000
v -0.152302 0.045355 0.375000
v -0.156097 0.030205 0.375000
v -0.158389 0.014755 0.375000
v -0.159155 -0.000845 0.375000
v -0.158389 -0.016445 0.375000
v -0.156097 -0.031895 0.375000
v -0.152302 -0.047045 0.375000
v -0.147040 -0.061751 0.375000
v -0.140362 -0.075870 0.375000
v -0.132333 -0.089267 0.375000
v -0.123028 -0.101812 0.375000
v -0.112540 -0.113385 0.375000
v -0.100967 -0.123873 0.375000
v -0.088422 -0.133178 0.375000
v -0.075025 -0.141207 0.375000
v -0.060906 -0.147885 0.375000
v -0.046200 -0.153147 0.375000
v -0.031050 -0.156942 0.375000
v -0.015600 -0.159234 0.375000
v 0.000000 -0.160000 0.375000
v 0.015600 -0.159234 0.375000
v 0.031050 -0.156942 0.375000
v 0.046200 -0.153147 0.375000
v 0.060906 -0.147885 0.375000
v 0.075025 -0.141207 0.375000
v 0.088422 -0.133178 0.375000
v 0.100967 -0.123873 0.375000
v 0.112540 -0.113385 0.375000
v 0.123028 -0.101812 0.375000
v 0.132333 -0.089267 0.375000
v 0.140362 -0.075870 0.375000
v 0.147040 -0.061751 0.375000
v 0.152302 -0.047045 0.375000
v 0.156097 -0.031895 0.375000
v 0.158389 -0.016445 0.375000
v 0.159155 -0.000845 0.375000
v 0.158389 0.014755 0.375000
v 0.156097 0.030205 0.375000
v 0.152302 0.045355 0.375000
v 0.147040 0.060061 0.375000
v 0.140362 0.074180 0.375000
v 0.132332 0.087577 0.375000
v 0.123028 0.100122 0.375000
v 0.112540 0.111695 0.375000
v 0.100967 0.122183 0.375000
v 0.088422 0.131487 0.375000
v 0.075025 0.139517 0.375000
v 0.060906 0.146195 0.375000
v 0.046200 0.151457 0.375000
v 0.031050 0.155252 0.375000
v 0.015600 0.157544 0.375000
v -0.000000 0.158310 0.375000
v 0.000000 0.158310 0.406250
v -0.015600 0.157544 0.406250
v -0.031050 0.155252 0.406250
v -0.046200 0.151457 0.406250
v -0.060906 0.146195 0.406250
v -0.075025 0.139517 0.406250
v -0.088422 0.131487 0.406250
v -0.100967 0.122183 0.406250
v -0.112540 0.111695 0.406250
v -0.123028 0.100122 0.406250
v -0.132332 0.087577 0.406250
v -0.140362 0.074180 0.406250
v -0.147040 0.060061 0.406250
v -0.152302 0.045355 0.406250
v -0.156097 0.030205 0.406250
v -0.158389 0.014755 0.406250
v -0.159155 -0.000845 0.406250
v -0.158389 -0.016445 0.406250
v -0.156097 -0.031895 0.406250
v -0.152302 -0.047045 0.406250
v -0.147040 -0.061751 0.406250
v -0.140362 -0.075870 0.406250
v -0.132333 -0.089267 0.406250
v -0.123028 -0.101812 0.406250
v -0.112540 -0.113385 0.406250
v -0.100967 -0.123873 0.406250
v -0.088422 -0.133178 0.406250
v -0.075025 -0.141207 0.406250
v -0.060906 -0.147885 0.406250
v -0.046200 -0.153147 0.406250
v -0.031050 -0.156942 0.406250
v -0.015600 -0.159234 0.406250
v 0.000000 -0.160000 0.406250
v 0.015600 -0.159234 0.406250
v 0.031050 -0.156942 0.406250
v 0.046200 -0.153147 0.406250
v 0.060906 -0.147885 0.406250
v 0.075025 -0.141207 0.406250
v 0.088422 -0.133178 0.406250
v 0.100967 -0.123873 0.406250
v 0.112540 -0.113385 0.406250
v 0.123028 -0.101812 0.406250
v 0.132333 -0.089267 0.406250
v 0.140362 -0.075870 0.406250
v 0.147040 -0.061751 0.406250
v 0.152302 -0.047045 0.406250
v 0.156097 -0.031895 0.406250
v 0.158389 -0.016445 0.406250
v 0.159155 -0.000845 0.406250
v 0.158389 0.014755 0.406250
v 0.156097 0.030205 0.406250
v 0.152302 0.045355 0.406250
v 0.147040 0.060061 0.406250
v 0.140362 0.074180 0.406250
v 0.132332 0.087577 0.406250
v 0.123028 0.100122 0.406250
v 0.112540 0.111695 0.406250
v 0.100967 0.122183 0.406250
v 0.088422 0.131487 0.406250
v 0.075025 0.139517 0.406250
v 0.060906 0.146195 0.406250
v 0.046200 0.151457 0.406250
v 0.031050 0.155252 0.406250
v 0.015600 0.157544 0.406250
v -0.000000 0.158310 0.406250
v 0.000000 0.158310 0.437500
v -0.015600 0.157544 0.437500
v -0.031050 0.155252 0.437500
v -0.046200 0.151457 0.437500
v -0.060906 0.146195 0.437500
v -0.075025 0.139517 0.437500
v -0.088422 0.131487 0.437500
v -0.100967 0.122183 0.437500
v -0.112540 0.111695 0.437500
v -0.123028 0.100122 0.437500
v -0.132332 0.087577 0.437500
v -0.140362 0.074180 0.437500
v -0.147040 0.060061 0.437500
v -0.152302 0.045355 0.437500
v -0.156097 0.030205 0.437500
v -0.158389 0.014755 0.437500
v -0.159155 -0.000845 0.437500
v -0.158389 -0.016445 0.437500
v -0.156097 -0.031895 0.437500
v -0.152302 -0.047045 0.437500
v -0.147040 -0.061751 0.437500
v -0.140362 -0.075870 0.437500
v -0.132333 -0.089267 0.437500
v -0.123028 -0.101812 0.437500
v -0.112540 -0.113385 0.437500
v -0.100967 -0.123873 0.437500
v -0.088422 -0.133178 0.437500
v -0.075025 -0.141207 0.437500
v -0.060906 -0.147885 0.437500
v -0.046200 -0.153147 0.437500
v -0.031050 -0.156942 0.437500
v -0.015600 -0.159234 0.437500
v 0.000000 -0.160000 0.437500
v 0.015600 -0.159234 0.437500
v 0.031050 -0.156942 0.437500
v 0.046200 -0.153147 0.437500
v 0.060906 -0.147885 0.437500
v 0.075025 -0.141207 0.437500
v 0.088422 -0.133178 0.437500
v 0.100967 -0.123873 0.437500
v 0.112540 -0.113385 0.437500
v 0.123028 -0.101812 0.437500
v 0.132333 -0.089267 0.437500
v 0.140362 -0.075870 0.437500
v 0.147040 -0.061751 0.437500
v 0.152302 -0.047045 0.437500
v 0.156097 -0.031895 0.437500
v 0.158389 -0.016445 0.437500
v 0.159155 -0.000845 0.437500
v 0.158389 0.014755 0.437500
v 0.156097 0.030205 0.437500
v 0.152302 0.045355 0.437500
v 0.147040 0.060061 0.437500
v 0.140362 0.074180 0.437500
v 0.132332 0.087577 0.437500
v 0.123028 0.100122 0.437500
v 0.112540 0.111695 0.437500
v 0.100967 0.122183 0.437500
v 0.088422 0.131487 0.437500
v 0.075025 0.139517 0.437500
v 0.060906 0.146195 0.437500
v 0.046200 0.151457 0.437500
v 0.031050 0.155252 0.437500
v 0.015600 0.157544 0.437500
v -0.000000 0.158310 0.437500
v 0.000000 0.158310 0.468750
v -0.015600 0.157544 0.468750
v -0.031050 0.155252 0.468750
v -0.046200 0.151457 0.468750
v -0.060906 0.146195 0.468750
v -0.075025 0.139517 0.468750
v -0.088422 0.131487 0.468750
v -0.100967 0.122183 0.468750
v -0.112540 0.111695 0.468750
v -0.123028 0.100122 0.468750
v -0.132332 0.087577 0.468750
v -0.140362 0.074180 0.468750
v -0.147040 0.060061 0.468750
v -0.152302 0.045355 0.468750
v -0.156097 0.030205 0.468750
v -0.158389 0.014755 0.468750
v -0.159155 -0.000845 0.468750
v -0.158389 -0.016445 0.468750
v -0.156097 -0.031895 0.468750
v -0.152302 -0.047045 0.468750
v -0.147040 -0.061751 0.468750
v -0.140362 -0.075870 0.468750
v -0.132333 -0.089267 0.468750
v -0.123028 -0.101812 0.468750
v -0.112540 -0.113385 0.468750
v -0.100967 -0.123873 0.468750
v -0.088422 -0.133178 0.468750
v -0.075025 -0.141207 0.468750
v -0.060906 -0.147885 0.468750
v -0.046200 -0.153147 0.468750
v -0.031050 -0.156942 0.468750
v -0.015600 -0.159234 0.468750
v 0.000000 -0.160000 0.468750
v 0.015600 -0.159234 0.468750
v 0.031050 -0.156942 0.468750
v 0.046200 -0.153147 0.468750
v 0.060906 -0.147885 0.468750
v 0.075025 -0.141207 0.468750
v 0.088422 -0.133178 0.468750
v 0.100967 -0.123873 0.468750
v 0.112540 -0.113385 0.468750
v 0.123028 -0.101812 0.468750
v 0.132333 -0.089267 0.468750
v 0.140362 -0.075870 0.468750
v 0.147040 -0.061751 0.468750
v 0.152302 -0.047045 0.468750
v 0.156097 -0.031895 0.468750
v 0.158389 -0.016445 0.468750
v 0.159155 -0.000845 0.468750
v 0.158389 0.014755 0.468750
v 0.156097 0.030205 0.468750
v 0.152302 0.045355 0.468750
v 0.147040 0.060061 0.468750
v 0.140362 0.074180 0.468750
v 0.132332 0.087577 0.468750
v 0.123028 0.100122 0.468750
v 0.112540 0.111695 0.468750
v 0.100967 0.122183 0.468750
v 0.088422 0.131487 0.468750
v 0.075025 0.139517 0.468750
v 0.060906 0.146195 0.468750
v 0.046200 0.151457 0.468750
v 0.031050 0.155252 0.468750
v 0.015600 0.157544 0.468750
v -0.000000 0.158310 0.468750
v 0.000000 0.158310 0.500000
v -0.015600 0.157544 0.500000
v -0.031050 0.155252 0.500000
v -0.046200 0.151457 0.500000
v -0.060906 0.146195 0.500000
v -0.075025 0.139517 0.500000
v -0.088422 0.131487 0.500000
v -0.100967 0.122183 0.500000
v -0.112540 0.111695 0.500000
v -0.123028 0.100122 0.500000
v -0.132332 0.087577 0.500000
v -0.140362 0.074180 0.500000
v -0.147040 0.060061 0.500000
v -0.152302 0.045355 0.500000
v -0.156097 0.030205 0.500000
v -0.158389 0.014755 0.500000
v -0.159155 -0.000845 0.500000
v -0.158389 -0.016445 0.500000
v -0.156097 -0.031895 0.500000
v -0.152302 -0.047045 0.500000
v -0.147040 -0.061751 0.500000
v -0.140362 -0.075870 0.500000
v -0.132333 -0.089267 0.500000
v -0.123028 -0.101812 0.500000
v -0.112540 -0.113385 0.500000
v -0.100967 -0.123873 0.500000
v -0.088422 -0.133178 0.500000
v -0.075025 -0.141207 0.500000
v -0.060906 -0.147885 0.500000
v -0.046200 -0.153147 0.500000
v -0.031050 -0.156942 0.500000
v -0.015600 -0.159234 0.500000
v 0.000000 -0.160000 0.500000
v 0.015600 -0.159234 0.500000
v 0.031050 -0.156942 0.500000
v 0.046200 -0.153147 0.500000
v 0.060906 -0.147885 0.500000
v 0.075025 -0.141207 0.500000
v 0.088422 -0.133178 0.500000
v 0.100967 -0.123873 0.500000
v 0.112540 -0.113385 0.500000
v 0.123028 -0.101812 0.500000
v 0.132333 -0.089267 0.500000
v 0.140362 -0.075870 0.500000
v 0.147040 -0.061751 0.500000
v 0.152302 -0.047045 0.500000
v 0.156097 -0.031895 0.500000
v 0.158389 -0.016445 0.500000
v 0.159155 -0.000845 0.500000
v 0.158389 0.014755 0.500000
v 0.156097 0.030205 0.500000
v 0.152302 0.045355 0.500000
v 0.147040 0.060061 0.500000
v 0.140362 0.074180 0.500000
v 0.132332 0.087577 0.500000
v 0.123028 0.100122 0.500000
v 0.112540 0.111695 0.500000
v 0.100967 0.122183 0.500000
v 0.088422 0.131487 0.500000
v 0.075025 0.139517 0.500000
v 0.060906 0.146195 0.500000
v 0.046200 0.151457 0.500000
v 0.031050 0.155252 0.500000
v 0.015600 0.157544 0.500000
v -0.000000 0.158310 0.500000
v 0.000000 0.158310 0.531250
v -0.015600 0.157544 0.531250
v -0.031050 0.155252 0.531250
v -0.046200 0.151457 0.531250
v -0.060906 0.146195 0.531250
v -0.075025 0.139517 0.531250
v -0.088422 0.131487 0.531250
v -0.100967 0.122183 0.531250
v -0.112540 0.111695 0.531250
v -0.123028 0.100122 0.531250
v -0.132332 0.087577 0.531250
v -0.140362 0.074180 0.531250
v -0.147040 0.060061 0.531250
v -0.152302 0.045355 0.531250
v -0.156097 0.030205 0.531250
v -0.158389 0.014755 0.531250
v -0.159155 -0.000845 0.531250
v -0.158389 -0.016445 0.531250
v -0.156097 -0.031895 0.531250
v -0.152302 -0.047045 0.531250
v -0.147040 -0.061751 0.531250
v -0.140362 -0.075870 0.531250
v -0.132333 -0.089267 0.531250
v -0.123028 -0.101812 0.531250
v -0.112540 -0.113385 0.531250
v -0.100967 -0.123873 0.531250
v -0.088422 -0.133178 0.531250
v -0.075025 -0.141207 0.531250
v -0.060906 -0.147885 0.531250
v -0.046200 -0.153147 0.531250
v -0.031050 -0.156942 0.531250
v -0.015600 -0.159234 0.531250
v 0.000000 -0.160000 0.531250
v 0.015600 -0.159234 0.531250
v 0.031050 -0.156942 0.531250
v 0.046200 -0.153147 0.531250
v 0.060906 -0.147885 0.531250
v 0.075025 -0.141207 0.531250
v 0.088422 -0.133178 0.531250
v 0.100967 -0.123873 0.531250
v 0.112540 -0.113385 0.531250
v 0.123028 -0.101812 0.531250
v 0.132333 -0.089267 0.531250
v 0.140362 -0.075870 0.531250
v 0.147040 -0.061751 0.531250
v 0.152302 -0.047045 0.531250
v 0.156097 -0.031895 0.531250
v 0.158389 -0.016445 0.531250
v 0.159155 -0.000845 0.531250
v 0.158389 0.014755 0.531250
v 0.156097 0.030205 0.531250
v 0.152302 0.045355 0.531250
v 0.147040 0.060061 0.531250
v 0.140362 0.074180 0.531250
v 0.132332 0.087577 0.531250
v 0.123028 0.100122 0.531250
v 0.112540 0.111695 0.531250
v 0.100967 0.122183 0.531250
v 0.088422 0.131487 0.531250
v 0.075025 0.139517 0.531250
v 0.060906 0.146195 0.531250
v 0.046200 0.151457 0.531250
v 0.031050 0.155252 0.531250
v 0.015600 0.157544 0.531250
v -0.000000 0.158310 0.531250
v 0.000000 0.158310 0.562500
v -0.015600 0.157544 0.562500
v -0.031050 0.155252 0.562500
v -0.046200 0.151457 0.562500
v -0.060906 0.146195 0.562500
v -0.075025 0.139517 0.562500
v -0.088422 0.131487 0.562500
v -0.100967 0.122183 0.562500
v -0.112540 0.111695 0.562500
v -0.123028 0.100122 0.562500
v -0.132332 0.087577 0.562500
v -0.140362 0.074180 0.562500
v -0.147040 0.060061 0.562500
v -0.152302 0.045355 0.562500
v -0.156097 0.030205 0.562500
v -0.158389 0.014755 0.562500
v -0.159155 -0.000845 0.562500
v -0.158389 -0.016445 0.562500
v -0.156097 -0.031895 0.562500
v -0.152302 -0.047045 0.562500
v -0.147040 -0.061751 0.562500
v -0.140362 -0.075870 0.562500
v -0.132333 -0.089267 0.562500
v -0.123028 -0.101812 0.562500
v -0.112540 -0.113385 0.562500
v -0.100967 -0.123873 0.562500
v -0.088422 -0.133178 0.562500
v -0.075025 -0.141207 0.562500
v -0.060906 -0.147885 0.562500
v -0.046200 -0.153147 0.562500
v -0.031050 -0.156942 0.562500
v -0.015600 -0.159234 0.562500
v 0.000000 -0.160000 0.562500
v 0.015600 -0.159234 0.562500
v 0.031050 -0.156942 0.562500
v 0.046200 -0.153147 0.562500
v 0.060906 -0.147885 0.562500
v 0.075025 -0.141207 0.562500
v 0.088422 -0.133178 0.562500
v 0.100967 -0.123873 0.562500
v 0.112540 -0.113385 0.562500
v 0.123028 -0.101812 0.562500
v 0.132333 -0.089267 0.562500
v 0.140362 -0.075870 0.562500
v 0.147040 -0.061751 0.562500
v 0.152302 -0.047045 0.562500
v 0.156097 -0.031895 0.562500
v 0.158389 -0.016445 0.562500
v 0.159155 -0.000845 0.562500
v 0.158389 0.014755 0.562500
v 0.156097 0.030205 0.562500
v 0.152302 0.045355 0.562500
v 0.147040 0.060061 0.562500
v 0.140362 0.074180 0.562500
v 0.132332 0.087577 0.562500
v 0.123028 0.100122 0.562500
v 0.112540 0.111695 0.562500
v 0.100967 0.122183 0.562500
v 0.088422 0.131487 0.562500
v 0.075025 0.139517 0.562500
v 0.060906 0.146195 0.562500
v 0.046200 0.151457 0.562500
v 0.031050 0.155252 0.562500
v 0.015600 0.157544 0.562500
v -0.000000 0.158310 0.562500
v 0.000000 0.158310 0.593750
v -0.015600 0.157544 0.593750
v -0.031050 0.155252 0.593750
v -0.046200 0.151457 0.593750
v -0.060906 0.146195 0.593750
v -0.075025 0.139517 0.593750
v -0.088422 0.131488 0.593750
v -0.100967 0.122183 0.593750
v -0.112540 0.111695 0.593750
v -0.123028 0.100122 0.593750
v -0.132332 0.087577 0.593750
v -0.140362 0.074180 0.593750
v -0.147040 0.060061 0.593750
v -0.152302 0.045355 0.593750
v -0.156097 0.030205 0.593750
v -0.158389 0.014755 0.593750
v -0.159155 -0.000845 0.593750
v -0.158389 -0.016445 0.593750
v -0.156097 -0.031895 0.593750
v -0.152302 -0.047045 0.593750
v -0.147040 -0.061751 0.593750
v -0.140362 -0.075870 0.593750
v -0.132333 -0.089267 0.593750
v -0.123028 -0.101812 0.593750
v -0.112540 -0.113385 0.593750
v -0.100967 -0.123873 0.593750
v -0.088422 -0.133178 0.593750
v -0.075025 -0.141207 0.593750
v -0.060906 -0.147885 0.593750
v -0.046200 -0.153147 0.593750
v -0.031050 -0.156942 0.593750
v -0.015600 -0.159234 0.593750
v 0.000000 -0.160000 0.593750
v 0.015600 -0.159234 0.593750
v 0.031050 -0.156942 0.593750
v 0.046200 -0.153147 0.593750
v 0.060906 -0.147885 0.593750
v 0.075025 -0.141207 0.593750
v 0.088422 -0.133178 0.593750
v 0.100967 -0.123873 0.593750
v 0.112540 -0.113385 0.593750
v 0.123028 -0.101812 0.593750
v 0.132333 -0.089267 0.593750
v 0.140362 -0.075870 0.593750
v 0.147040 -0.061751 0.593750
v 0.152302 -0.047045 0.593750
v 0.156097 -0.031895 0.593750
v 0.158389 -0.016445 0.593750
v 0.159155 -0.000845 0.593750
v 0.158389 0.014755 0.593750
v 0.156097 0.030205 0.593750
v 0.152302 0.045355 0.593750
v 0.147040 0.060061 0.593750
v 0.140362 0.074180 0.593750
v 0.132332 0.087577 0.593750
v 0.123028 0.100122 0.593750
v 0.112540 0.111695 0.593750
v 0.100967 0.122183 0.593750
v 0.088422 0.131488 0.593750
v 0.075025 0.139517 0.593750
v 0.060906 0.146195 0.593750
v 0.046200 0.151457 0.593750
v 0.031050 0.155252 0.593750
v 0.015600 0.157544 0.593750
v -0.000000 0.158310 0.593750
v 0.000000 0.158310 0.625000
v -0.015600 0.157544 0.625000
v -0.031050 0.155252 0.625000
v -0.046200 0.151457 0.625000
v -0.060906 0.146195 0.625000
v -0.075025 0.139517 0.625000
v -0.088422 0.131488 0.625000
v -0.100967 0.122183 0.625000
v -0.112540 0.111695 0.625000
v -0.123028 0.100122 0.625000
v -0.132332 0.087577 0.625000
v -0.140362 0.074180 0.625000
v -0.147040 0.060061 0.625000
v -0.152302 0.045355 0.625000
v -0.156097 0.030205 0.625000
v -0.158389 0.014755 0.625000
v -0.159155 -0.000845 0.625000
v -0.158389 -0.016445 0.625000
v -0.156097 -0.031895 0.625000
v -0.152302 -0.047045 0.625000
v -0.147040 -0.061751 0.625000
v -0.140362 -0.075870 0.625000
v -0.132333 -0.089267 0.625000
v -0.123028 -0.101812 0.625000
v -0.112540 -0.113385 0.625000
v -0.100967 -0.123873 0.625000
v -0.088422 -0.133178 0.625000
v -0.075025 -0.141207 0.625000
v -0.060906 -0.147885 0.625000
v -0.046200 -0.153147 0.625000
v -0.031050 -0.156942 0.625000
v -0.015600 -0.159234 0.625000
v 0.000000 -0.160000 0.625000
v 0.015600 -0.159234 0.625000
v 0.031050 -0.156942 0.625000
v 0.046200 -0.153147 0.625000
v 0.060906 -0.147885 0.625000
v 0.075025 -0.141207 0.625000
v 0.088422 -0.133178 0.625000
v 0.100967 -0.123873 0.625000
v 0.112540 -0.113385 0.625000
v 0.123028 -0.101812 0.625000
v 0.132333 -0.089267 0.625000
v 0.140362 -0.075870 0.625000
v 0.147040 -0.061751 0.625000
v 0.152302 -0.047045 0.625000
v 0.156097 -0.031895 0.625000
v 0.158389 -0.016445 0.625000
v 0.159155 -0.000845 0.625000
v 0.158389 0.014755 0.625000
v 0.156097 0.030205 0.625000
v 0.152302 0.045355 0.625000
v 0.147040 0.060061 0.625000
v 0.140362 0.074180 0.625000
v 0.132332 0.087577 0.625000
v 0.123028 0.100122 0.625000
v 0.112540 0.111695 0.625000
v 0.100967 0.122183 0.625000
v 0.088422 0.131488 0.625000
v 0.075025 0.139517 0.625000
v 0.060906 0.146195 0.625000
v 0.046200 0.151457 0.625000
v 0.031050 0.155252 0.625000
v 0.015600 0.157544 0.625000
v -0.000000 0.158310 0.625000
v 0.000000 0.158310 0.656250
v -0.015600 0.157544 0.656250
v -0.031050 0.155252 0.656250
v -0.046200 0.151457 0.656250
v -0.060906 0.146195 0.656250
v -0.075025 0.139517 0.656250
v -0.088422 0.131488 0.656250
v -0.100967 0.122183 0.656250
v -0.112540 0.111695 0.656250
v -0.123028 0.100122 0.656250
v -0.132332 0.087577 0.656250
v -0.140362 0.074180 0.656250
v -0.147040 0.060061 0.656250
v -0.152302 0.045355 0.656250
v -0.156097 0.030205 0.656250
v -0.158389 0.014755 0.656250
v -0.159155 -0.000845 0.656250
v -0.158389 -0.016445 0.656250
v -0.156097 -0.031895 0.656250
v -0.152302 -0.047045 0.656250
v -0.147040 -0.061751 0.656250
v -0.140362 -0.075870 0.656250
v -0.132333 -0.089267 0.656250
v -0.123028 -0.101812 0.656250
v -0.112540 -0.113385 0.656250
v -0.100967 -0.123873 0.656250
v -0.088422 -0.133178 0.656250
v -0.075025 -0.141207 0.656250
v -0.060906 -0.147885 0.656250
v -0.046200 -0.153147 0.656250
v -0.031050 -0.156942 0.656250
v -0.015600 -0.159234 0.656250
v 0.000000 -0.160000 0.656250
v 0.015600 -0.159234 0.656250
v 0.031050 -0.156942 0.656250
v 0.046200 -0.153147 0.656250
v 0.060906 -0.147885 0.656250
v 0.075025 -0.141207 0.656250
v 0.088422 -0.133178 0.656250
v 0.100967 -0.123873 0.656250
v 0.112540 -0.113385 0.656250
v 0.123028 -0.101812 0.656250
v 0.132333 -0.089267 0.656250
v 0.140362 -0.075870 0.656250
v 0.147040 -0.061751 0.656250
v 0.152302 -0.047045 0.656250
v 0.156097 -0.031895 0.656250
v 0.158389 -0.016445 0.656250
v 0.159155 -0.000845 0.656250
v 0.158389 0.014755 0.656250
v 0.156097 0.030205 0.656250
v 0.152302 0.045355 0.656250
v 0.147040 0.060061 0.656250
v 0.140362 0.074180 0.656250
v 0.132332 0.087577 0.656250
v 0.123028 0.100122 0.656250
v 0.112540 0.111695 0.656250
v 0.100967 0.122183 0.656250
v 0.088422 0.131488 0.656250
v 0.075025 0.139517 0.656250
v 0.060906 0.146195 0.656250
v 0.046200 0.151457 0.656250
v 0.031050 0.155252 0.656250
v 0.015600 0.157544 0.656250
v -0.000000 0.158310 0.656250
v 0.000000 0.158310 0.687500
v -0.015600 0.157544 0.687500
v -0.031050 0.155252 0.687500
v -0.046200 0.151457 0.687500
v -0.060906 0.146195 0.687500
v -0.075025 0.139517 0.687500
v -0.088422 0.131488 0.687500
v -0.100967 0.122183 0.687500
v -0.112540 0.111695 0.687500
v -0.123028 0.100122 0.687500
v -0.132332 0.087577 0.687500
v -0.140362 0.074180 0.687500
v -0.147040 0.060061 0.687500
v -0.152302 0.045355 0.687500
v -0.156097 0.030205 0.687500
v -0.158389 0.014755 0.687500
v -0.159155 -0.000845 0.687500
v -0.158389 -0.016445 0.687500
v -0.156097 -0.031895 0.687500
v -0.152302 -0.047045 0.687500
v -0.147040 -0.061751 0.687500
v -0.140362 -0.075870 0.687500
v -0.132333 -0.089267 0.687500
v -0.123028 -0.101812 0.687500
v -0.112540 -0.113385 0.687500
v -0.100967 -0.123873 0.687500
v -0.088422 -0.133178 0.687500
v -0.075025 -0.141207 0.687500
v -0.060906 -0.147885 0.687500
v -0.046200 -0.153147 0.687500
v -0.031050 -0.156942 0.687500
v -0.015600 -0.159234 0.687500
v 0.000000 -0.160000 0.687500
v 0.015600 -0.159234 0.687500
v 0.031050 -0.156942 0.687500
v 0.046200 -0.153147 0.687500
v 0.060906 -0.147885 0.687500
v 0.075025 -0.141207 0.687500
v 0.088422 -0.133178 0.687500
v 0.100967 -0.123873 0.687500
v 0.112540 -0.113385 0.687500
v 0.123028 -0.101812 0.687500
v 0.132333 -0.089267 0.687500
v 0.140362 -0.075870 0.687500
v 0.147040 -0.061751 0.687500
v 0.152302 -0.047045 0.687500
v 0.156097 -0.031895 0.687500
v 0.158389 -0.016445 0.687500
v 0.159155 -0.000845 0.687500
v 0.158389 0.014755 0.687500
v 0.156097 0.030205 0.687500
v 0.152302 0.045355 0.687500
v 0.147040 0.060061 0.687500
v 0.140362 0.074180 0.687500
v 0.132332 0.087577 0.687500
v 0.123028 0.100122 0.687500
v 0.112540 0.111695 0.687500
v 0.100967 0.122183 0.687500
v 0.088422 0.131488 0.687500
v 0.075025 0.139517 0.687500
v 0.060906 0.146195 0.687500
v 0.046200 0.151457 0.687500
v 0.031050 0.155252 0.687500
v 0.015600 0.157544 0.687500
v -0.000000 0.158310 0.687500
v 0.000000 0.158310 0.718750
v -0.015600 0.157544 0.718750
v -0.031050 0.155252 0.718750
v -0.046200 0.151457 0.718750
v -0.060906 0.146195 0.718750
v -0.075025 0.139517 0.718750
v -0.088422 0.131488 0.718750
v -0.100967 0.122183 0.718750
v -0.112540 0.111695 0.718750
v -0.123028 0.100122 0.718750
v -0.132332 0.087577 0.718750
v -0.140362 0.074180 0.718750
v -0.147040 0.060061 0.718750
v -0.152302 0.045355 0.718750
v -0.156097 0.030205 0.718750
v -0.158389 0.014755 0.718750
v -0.159155 -0.000845 0.718750
v -0.158389 -0.016445 0.718750
v -0.156097 -0.031895 0.718750
v -0.152302 -0.047045 0.718750
v -0.147040 -0.061751 0.718750
v -0.140362 -0.075870 0.718750
v -0.132333 -0.089267 0.718750
v -0.123028 -0.101812 0.718750
v -0.112540 -0.113385 0.718750
v -0.100967 -0.123873 0.718750
v -0.088422 -0.133177 0.718750
v -0.075025 -0.141207 0.718750
v -0.060906 -0.147885 0.718750
v -0.046200 -0.153147 0.718750
v -0.031050 -0.156942 0.718750
v -0.015600 -0.159234 0.718750
v 0.000000 -0.160000 0.718750
v 0.015600 -0.159234 0.718750
v 0.031050 -0.156942 0.718750
v 0.046200 -0.153147 0.718750
v 0.060906 -0.147885 0.718750
v 0.075025 -0.141207 0.718750
v 0.088422 -0.133177 0.718750
v 0.100967 -0.123873 0.718750
v 0.112540 -0.113385 0.718750
v 0.123028 -0.101812 0.718750
v 0.132333 -0.089267 0.718750
v 0.140362 -0.075870 0.718750
v 0.147040 -0.061751 0.718750
v 0.152302 -0.047045 0.718750
v 0.156097 -0.031895 0.718750
v 0.158389 -0.016445 0.718750
v 0.159155 -0.000845 0.718750
v 0.158389 0.014755 0.718750
v 0.156097 0.030205 0.718750
v 0.152302 0.045355 0.718750
v 0.147040 0.060061 0.718750
v 0.140362 0.074180 0.718750
v 0.132332 0.087577 0.718750
v 0.123028 0.100122 0.718750
v 0.112540 0.111695 0.718750
v 0.100967 0.122183 0.718750
v 0.088422 0.131488 0.718750
v 0.075025 0.139517 0.718750
v 0.060906 0.146195 0.718750
v 0.046200 0.151457 0.718750
v 0.031050 0.155252 0.718750
v 0.015600 0.157544 0.718750
v -0.000000 0.158310 0.718750
v 0.000000 0.158310 0.750000
v -0.015600 0.157544 0.750000
v -0.031050 0.155252 0.750000
v -0.046200 0.151457 0.750000
v -0.060906 0.146195 0.750000
v -0.075025 0.139517 0.750000
v -0.088422 0.131488 0.750000
v -0.100967 0.122183 0.750000
v -0.112540 0.111695 0.750000
v -0.123028 0.100122 0.750000
v -0.132332 0.087577 0.750000
v -0.140362 0.074180 0.750000
v -0.147040 0.060061 0.750000
v -0.152302 0.045355 0.750000
v -0.156097 0.030205 0.750000
v -0.158389 0.014755 0.750000
v -0.159155 -0.000845 0.750000
v -0.158389 -0.016445 0.750000
v -0.156097 -0.031895 0.750000
v -0.152302 -0.047045 0.750000
v -0.147040 -0.061751 0.750000
v -0.140362 -0.075870 0.750000
v -0.132333 -0.089267 0.750000
v -0.123028 -0.101812 0.750000
v -0.112540 -0.113385 0.750000
v -0.100967 -0.123873 0.750000
v -0.088422 -0.133177 0.750000
v -0.075025 -0.141207 0.750000
v -0.060906 -0.147885 0.750000
v -0.046200 -0.153147 0.750000
v -0.031050 -0.156942 0.750000
v -0.015600 -0.159234 0.750000
v 0.000000 -0.160000 0.750000
v 0.015600 -0.159234 0.750000
v 0.031050 -0.156942 0.750000
v 0.046200 -0.153147 0.750000
v 0.060906 -0.147885 0.750000
v 0.075025 -0.141207 0.750000
v 0.088422 -0.133177 0.750000
v 0.100967 -0.123873 0.750000
v 0.112540 -0.113385 0.750000
v 0.123028 -0.101812 0.750000
v 0.132333 -0.089267 0.750000
v 0.140362 -0.075870 0.750000
v 0.147040 -0.061751 0.750000
v 0.152302 -0.047045 0.750000
v 0.156097 -0.031895 0.750000
v 0.158389 -0.016445 0.750000
v 0.159155 -0.000845 0.750000
v 0.158389 0.014755 0.750000
v 0.156097 0.030205 0.750000
v 0.152302 0.045355 0.750000
v 0.147040 0.060061 0.750000
v 0.140362 0.074180 0.750000
v 0.132332 0.087577 0.750000
v 0.123028 0.100122 0.750000
v 0.112540 0.111695 0.750000
v 0.100967 0.122183 0.750000
v 0.088422 0.131488 0.750000
v 0.075025 0.139517 0.750000
v 0.060906 0.146195 0.750000
v 0.046200 0.151457 0.750000
v 0.031050 0.155252 0.750000
v 0.015600 0.157544 0.750000
v -0.000000 0.158310 0.750000
v 0.000000 0.158310 0.781250
v -0.015600 0.157544 0.781250
v -0.031050 0.155252 0.781250
v -0.046200 0.151457 0.781250
v -0.060906 0.146195 0.781250
v -0.075025 0.139517 0.781250
v -0.088422 0.131488 0.781250
v -0.100967 0.122183 0.781250
v -0.112540 0.111695 0.781250
v -0.123028 0.100122 0.781250
v -0.132332 0.087577 0.781250
v -0.140362 0.074180 0.781250
v -0.147040 0.060061 0.781250
v -0.152302 0.045355 0.781250
v -0.156097 0.030205 0.781250
v -0.158389 0.014755 0.781250
v -0.159155 -0.000845 0.781250
v -0.158389 -0.016445 0.781250
v -0.156097 -0.031895 0.781250
v -0.152302 -0.047045 0.781250
v -0.147040 -0.061751 0.781250
v -0.140362 -0.075870 0.781250
v -0.132333 -0.089267 0.781250
v -0.123028 -0.101812 0.781250
v -0.112540 -0.113385 0.781250
v -0.100967 -0.123873 0.781250
v -0.088422 -0.133177 0.781250
v -0.075025 -0.141207 0.781250
v -0.060906 -0.147885 0.781250
v -0.046200 -0.153147 0.781250
v -0.031050 -0.156942 0.781250
v -0.015600 -0.159234 0.781250
v 0.000000 -0.160000 0.781250
v 0.015600 -0.159234 0.781250
v 0.031050 -0.156942 0.781250
v 0.046200 -0.153147 0.781250
v 0.060906 -0.147885 0.781250
v 0.075025 -0.141207 0.781250
v 0.088422 -0.133177 0.781250
v 0.100967 -0.123873 0.781250
v 0.112540 -0.113385 0.781250
v 0.123028 -0.101812 0.781250
v 0.132333 -0.089267 0.781250
v 0.140362 -0.075870 0.781250
v 0.147040 -0.061751 0.781250
v 0.152302 -0.047045 0.781250
v 0.156097 -0.031895 0.781250
v 0.158389 -0.016445 0.781250
v 0.159155 -0.000845 0.781250
v 0.158389 0.014755 0.781250
v 0.156097 0.030205 0.781250
v 0.152302 0.045355 0.781250
v 0.147040 0.060061 0.781250
v 0.140362 0.074180 0.781250
v 0.132332 0.087577 0.781250
v 0.123028 0.100122 0.781250
v 0.112540 0.111695 0.781250
v 0.100967 0.122183 0.781250
v 0.088422 0.131488 0.781250
v 0.075025 0.139517 0.781250
v 0.060906 0.146195 0.781250
v 0.046200 0.151457 0.781250
v 0.031050 0.155252 0.781250
v 0.015600 0.157544 0.781250
v -0.000000 0.158310 0.781250
v 0.000000 0.158310 0.812500
v -0.015600 0.157544 0.812500
v -0.031050 0.155252 0.812500
v -0.046200 0.151457 0.812500
v -0.060906 0.146195 0.812500
v -0.075025 0.139517 0.812500
v -0.088422 0.131488 0.812500
v -0.100967 0.122183 0.812500
v -0.112540 0.111695 0.812500
v -0.123028 0.100122 0.812500
v -0.132332 0.087577 0.812500
v -0.140362 0.074180 0.812500
v -0.147040 0.060061 0.812500
v -0.152302 0.045355 0.812500
v -0.156097 0.030205 0.812500
v -0.158389 0.014755 0.812500
v -0.159155 -0.000845 0.812500
v -0.158389 -0.016445 0.812500
v -0.156097 -0.031895 0.812500
v -0.152302 -0.047045 0.812500
v -0.147040 -0.061751 0.812500
v -0.140362 -0.075870 0.812500
v -0.132333 -0.089267 0.812500
v -0.123028 -0.101812 0.812500
v -0.112540 -0.113385 0.812500
v -0.100967 -0.123873 0.812500
v -0.088422 -0.133177 0.812500
v -0.075025 -0.141207 0.812500
v -0.060906 -0.147885 0.812500
v -0.046200 -0.153147 0.812500
v -0.031050 -0.156942 0.812500
v -0.015600 -0.159234 0.812500
v 0.000000 -0.160000 0.812500
v 0.015600 -0.159234 0.812500
v 0.031050 -0.156942 0.812500
v 0.046200 -0.153147 0.812500
v 0.060906 -0.147885 0.812500
v 0.075025 -0.141207 0.812500
v 0.088422 -0.133177 0.812500
v 0.100967 -0.123873 0.812500
v 0.112540 -0.113385 0.812500
v 0.123028 -0.101812 0.812500
v 0.132333 -0.089267 0.812500
v 0.140362 -0.075870 0.812500
v 0.147040 -0.061751 0.812500
v 0.152302 -0.047045 0.812500
v 0.156097 -0.031895 0.812500
v 0.158389 -0.016445 0.812500
v 0.159155 -0.000845 0.812500
v 0.158389 0.014755 0.812500
v 0.156097 0.030205 0.812500
v 0.152302 0.045355 0.812500
v 0.147040 0.060061 0.812500
v 0.140362 0.074180 0.812500
v 0.132332 0.087577 0.812500
v 0.123028 0.100122 0.812500
v 0.112540 0.111695 0.812500
v 0.100967 0.122183 0.812500
v 0.088422 0.131488 0.812500
v 0.075025 0.139517 0.812500
v 0.060906 0.146195 0.812500
v 0.046200 0.151457 0.812500
v 0.031050 0.155252 0.812500
v 0.015600 0.157544 0.812500
v -0.000000 0.158310 0.812500
v 0.000000 0.158310 0.843750
v -0.015600 0.157544 0.843750
v -0.031050 0.155252 0.843750
v -0.046200 0.151457 0.843750
v -0.060906 0.146195 0.843750
v -0.075025 0.139517 0.843750
v -0.088422 0.131488 0.843750
v -0.100967 0.122183 0.843750
v -0.112540 0.111695 0.843750
v -0.123028 0.100122 0.843750
v -0.132332 0.087577 0.843750
v -0.140362 0.074180 0.843750
v -0.147040 0.060061 0.843750
v -0.152302 0.045355 0.843750
v -0.156097 0.030205 0.843750
v -0.158389 0.014755 0.843750
v -0.159155 -0.000845 0.843750
v -0.158389 -0.016445 0.843750
v -0.156097 -0.031895 0.843750
v -0.152302 -0.047045 0.843750
v -0.147040 -0.061751 0.843750
v -0.140362 -0.075870 0.843750
v -0.132333 -0.089267 0.843750
v -0.123028 -0.101812 0.843750
v -0.112540 -0.113385 0.843750
v -0.100967 -0.123873 0.843750
v -0.088422 -0.133177 0.843750
v -0.075025 -0.141207 0.843750
v -0.060906 -0.147885 0.843750
v -0.046200 -0.153147 0.843750
v -0.031050 -0.156942 0.843750
v -0.015600 -0.159234 0.843750
v 0.000000 -0.160000 0.843750
v 0.015600 -0.159234 0.843750
v 0.031050 -0.156942 0.843750
v 0.046200 -0.153147 0.843750
v 0.060906 -0.147885 0.843750
v 0.075025 -0.141207 0.843750
v 0.088422 -0.133177 0.843750
v 0.100967 -0.123873 0.843750
v 0.112540 -0.113385 0.843750
v 0.123028 -0.101812 0.843750
v 0.132333 -0.089267 0.843750
v 0.140362 -0.075870 0.843750
v 0.147040 -0.061751 0.843750
v 0.152302 -0.047045 0.843750
v 0.156097 -0.031895 0.843750
v 0.158389 -0.016445 0.843750
v 0.159155 -0.000845 0.843750
v 0.158389 0.014755 0.843750
v 0.156097 0.030205 0.843750
v 0.152302 0.045355 0.843750
v 0.147040 0.060061 0.843750
v 0.140362 0.074180 0.843750
v 0.132332 0.087577 0.843750
v 0.123028 0.100122 0.843750
v 0.112540 0.111695 0.843750
v 0.100967 0.122183 0.843750
v 0.088422 0.131488 0.843750
v 0.075025 0.139517 0.843750
v 0.060906 0.146195 0.843750
v 0.046200 0.151457 0.843750
v 0.031050 0.155252 0.843750
v 0.015600 0.157544 0.843750
v -0.000000 0.158310 0.843750
v 0.000000 0.158310 0.875000
v -0.015600 0.157544 0.875000
v -0.031050 0.155252 0.875000
v -0.046200 0.151457 0.875000
v -0.060906 0.146195 0.875000
v -0.075025 0.139517 0.875000
v -0.088422 0.131488 0.875000
v -0.100967 0.122183 0.875000
v -0.112540 0.111695 0.875000
v -0.123028 0.100122 0.875000
v -0.132332 0.087577 0.875000
v -0.140362 0.074180 0.875000
v -0.147040 0.060061 0.875000
v -0.152302 0.045355 0.875000
v -0.156097 0.030205 0.875000
v -0.158389 0.014755 0.875000
v -0.159155 -0.000845 0.875000
v -0.158389 -0.016445 0.875000
v -0.156097 -0.031895 0.875000
v -0.152302 -0.047045 0.875000
v -0.147040 -0.061751 0.875000
v -0.140362 -0.075870 0.875000
v -0.132333 -0.089267 0.875000
v -0.123028 -0.101812 0.875000
v -0.112540 -0.113385 0.875000
v -0.100967 -0.123873 0.875000
v -0.088422 -0.133177 0.875000
v -0.075025 -0.141207 0.875000
v -0.060906 -0.147885 0.875000
v -0.046200 -0.153147 0.875000
v -0.031050 -0.156942 0.875000
v -0.015600 -0.159234 0.875000
v 0.000000 -0.160000 0.875000
v 0.015600 -0.159234 0.875000
v 0.031050 -0.156942 0.875000
v 0.046200 -0.153147 0.875000
v 0.060906 -0.147885 0.875000
v 0.075025 -0.141207 0.875000
v 0.088422 -0.133177 0.875000
v 0.100967 -0.123873 0.875000
v 0.112540 -0.113385 0.875000
v 0.123028 -0.101812 0.875000
v 0.132333 -0.089267 0.875000
v 0.140362 -0.075870 0.875000
v 0.147040 -0.061751 0.875000
v 0.152302 -0.047045 0.875000
v 0.156097 -0.031895 0.875000
v 0.158389 -0.016445 0.875000
v 0.159155 -0.000845 0.875000
v 0.158389 0.014755 0.875000
v 0.156097 0.030205 0.875000
v 0.152302 0.045355 0.875000
v 0.147040 0.060061 0.875000
v 0.140362 0.074180 0.875000
v 0.132332 0.087577 0.875000
v 0.123028 0.100122 0.875000
v 0.112540 0.111695 0.875000
v 0.100967 0.122183 0.875000
v 0.088422 0.131488 0.875000
v 0.075025 0.139517 0.875000
v 0.060906 0.146195 0.875000
v 0.046200 0.151457 0.875000
v 0.031050 0.155252 0.875000
v 0.015600 0.157544 0.875000
v -0.000000 0.158310 0.875000
v 0.000000 0.158310 0.906250
v -0.015600 0.157544 0.906250
v -0.031050 0.155252 0.906250
v -0.046200 0.151457 0.906250
v -0.060906 0.146195 0.906250
v -0.075025 0.139517 0.906250
v -0.088422 0.131488 0.906250
v -0.100967 0.122183 0.906250
v -0.112540 0.111695 0.906250
v -0.123028 0.100122 0.906250
v -0.132332 0.087577 0.906250
v -0.140362 0.074180 0.906250
v -0.147040 0.060061 0.906250
v -0.152302 0.045355 0.906250
v -0.156097 0.030205 0.906250
v -0.158389 0.014755 0.906250
v -0.159155 -0.000845 0.906250
v -0.158389 -0.016445 0.906250
v -0.156097 -0.031895 0.906250
v -0.152302 -0.047045 0.906250
v -0.147040 -0.061751 0.906250
v -0.140362 -0.075870 0.906250
v -0.132333 -0.089267 0.906250
v -0.123028 -0.101812 0.906250
v -0.112540 -0.113385 0.906250
v -0.100967 -0.123873 0.906250
v -0.088422 -0.133177 0.906250
v -0.075025 -0.141207 0.906250
v -0.060906 -0.147885 0.906250
v -0.046200 -0.153147 0.906250
v -0.031050 -0.156942 0.906250
v -0.015600 -0.159234 0.906250
v 0.000000 -0.160000 0.906250
v 0.015600 -0.159234 0.906250
v 0.031050 -0.156942 0.906250
v 0.046200 -0.153147 0.906250
v 0.060906 -0.147885 0.906250
v 0.075025 -0.141207 0.906250
v 0.088422 -0.133177 0.906250
v 0.100967 -0.123873 0.906250
v 0.112540 -0.113385 0.906250
v 0.123028 -0.101812 0.906250
v 0.132333 -0.089267 0.906250
v 0.140362 -0.075870 0.906250
v 0.147040 -0.061751 0.906250
v 0.152302 -0.047045 0.906250
v 0.156097 -0.031895 0.906250
v 0.158389 -0.016445 0.906250
v 0.159155 -0.000845 0.906250
v 0.158389 0.014755 0.906250
v 0.156097 0.030205 0.906250
v 0.152302 0.045355 0.906250
v 0.147040 0.060061 0.906250
v 0.140362 0.074180 0.906250
v 0.132332 0.087577 0.906250
v 0.123028 0.100122 0.906250
v 0.112540 0.111695 0.906250
v 0.100967 0.122183 0.906250
v 0.088422 0.131488 0.906250
v 0.075025 0.139517 0.906250
v 0.060906 0.146195 0.906250
v 0.046200 0.151457 0.906250
v 0.031050 0.155252 0.906250
v 0.015600 0.157544 0.906250
v -0.000000 0.158310 0.906250
v 0.000000 0.158310 0.937500
v -0.015600 0.157544 0.937500
v -0.031050 0.155252 0.937500
v -0.046200 0.151457 0.937500
v -0.060906 0.146195 0.937500
v -0.075025 0.139517 0.937500
v -0.088422 0.131488 0.937500
v -0.100967 0.122183 0.937500
v -0.112540 0.111695 0.937500
v -0.123028 0.100122 0.937500
v -0.132332 0.087577 0.937500
v -0.140362 0.074180 0.937500
v -0.147040 0.060061 0.937500
v -0.152302 0.045355 0.937500
v -0.156097 0.030205 0.937500
v -0.158389 0.014755 0.937500
v -0.159155 -0.000845 0.937500
v -0.158389 -0.016445 0.937500
v -0.156097 -0.031895 0.937500
v -0.152302 -0.047045 0.937500
v -0.147040 -0.061751 0.937500
v -0.140362 -0.075870 0.937500
v -0.132333 -0.089267 0.937500
v -0.123028 -0.101812 0.937500
v -0.112540 -0.113385 0.937500
v -0.100967 -0.123873 0.937500
v -0.088422 -0.133177 0.937500
v -0.075025 -0.141207 0.937500
v -0.060906 -0.147885 0.937500
v -0.046200 -0.153147 0.937500
v -0.031050 -0.156942 0.937500
v -0.015600 -0.159234 0.937500
v 0.000000 -0.160000 0.937500
v 0.015600 -0.159234 0.937500
v 0.031050 -0.156942 0.937500
v 0.046200 -0.153147 0.937500
v 0.060906 -0.147885 0.937500
v 0.075025 -0.141207 0.937500
v 0.088422 -0.133177 0.937500
v 0.100967 -0.123873 0.937500
v 0.112540 -0.113385 0.937500
v 0.123028 -0.101812 0.937500
v 0.132333 -0.089267 0.937500
v 0.140362 -0.075870 0.937500
v 0.147040 -0.061751 0.937500
v 0.152302 -0.047045 0.937500
v 0.156097 -0.031895 0.937500
v 0.158389 -0.016445 0.937500
v 0.159155 -0.000845 0.937500
v 0.158389 0.014755 0.937500
v 0.156097 0.030205 0.937500
v 0.152302 0.045355 0.937500
v 0.147040 0.060061 0.937500
v 0.140362 0.074180 0.937500
v 0.132332 0.087577 0.937500
v 0.123028 0.100122 0.937500
v 0.112540 0.111695 0.937500
v 0.100967 0.122183 0.937500
v 0.088422 0.131488 0.937500
v 0.075025 0.139517 0.937500
v 0.060906 0.146195 0.937500
v 0.046200 0.151457 0.937500
v 0.031050 0.155252 0.937500
v 0.015600 0.157544 0.937500
v -0.000000 0.158310 0.937500
v 0.000000 0.158310 0.968750
v -0.015600 0.157544 0.968750
v -0.031050 0.155252 0.968750
v -0.046200 0.151457 0.968750
v -0.060906 0.146195 0.968750
v -0.075025 0.139517 0.968750
v -0.088422 0.131488 0.968750
v -0.100967 0.122183 0.968750
v -0.112540 0.111695 0.968750
v -0.123028 0.100122 0.968750
v -0.132332 0.087577 0.968750
v -0.140362 0.074180 0.968750
v -0.147040 0.060061 0.968750
v -0.152302 0.045355 0.968750
v -0.156097 0.030205 0.968750
v -0.158389 0.014755 0.968750
v -0.159155 -0.000845 0.968750
v -0.158389 -0.016445 0.968750
v -0.156097 -0.031895 0.968750
v -0.152302 -0.047045 0.968750
v -0.147040 -0.061751 0.968750
v -0.140362 -0.075870 0.968750
v -0.132333 -0.089267 0.968750
v -0.123028 -0.101812 0.968750
v -0.112540 -0.113385 0.968750
v -0.100967 -0.123873 0.968750
v -0.088422 -0.133177 0.968750
v -0.075025 -0.141207 0.968750
v -0.060906 -0.147885 0.968750
v -0.046200 -0.153147 0.968750
v -0.031050 -0.156942 0.968750
v -0.015600 -0.159234 0.968750
v 0.000000 -0.160000 0.968750
v 0.015600 -0.159234 0.968750
v 0.031050 -0.156942 0.968750
v 0.046200 -0.153147 0.968750
v 0.060906 -0.147885 0.968750
v 0.075025 -0.141207 0.968750
v 0.088422 -0.133177 0.968750
v 0.100967 -0.123873 0.968750
v 0.112540 -0.113385 0.968750
v 0.123028 -0.101812 0.968750
v 0.132333 -0.089267 0.968750
v 0.140362 -0.075870 0.968750
v 0.147040 -0.061751 0.968750
v 0.152302 -0.047045 0.968750
v 0.156097 -0.031895 0.968750
v 0.158389 -0.016445 0.968750
v 0.159155 -0.000845 0.968750
v 0.158389 0.014755 0.968750
v 0.156097 0.030205 0.968750
v 0.152302 0.045355 0.968750
v 0.147040 0.060061 0.968750
v 0.140362 0.074180 0.968750
v 0.132332 0.087577 0.968750
v 0.123028 0.100122 0.968750
v 0.112540 0.111695 0.968750
v 0.100967 0.122183 0.968750
v 0.088422 0.131488 0.968750
v 0.075025 0.139517 0.968750
v 0.060906 0.146195 0.968750
v 0.046200 0.151457 0.968750
v 0.031050 0.155252 0.968750
v 0.015600 0.157544 0.968750
v -0.000000 0.158310 0.968750
v 0.000000 0.158310 1.000000
v -0.015600 0.157544 1.000000
v -0.031050 0.155252 1.000000
v -0.046200 0.151457 1.000000
v -0.060906 0.146195 1.000000
v -0.075025 0.139517 1.000000
v -0.088422 0.131488 1.000000
v -0.100967 0.122183 1.000000
v -0.112540 0.111695 1.000000
v -0.123028 0.100122 1.000000
v -0.132332 0.087577 1.000000
v -0.140362 0.074180 1.000000
v -0.147040 0.060061 1.000000
v -0.152302 0.045355 1.000000
v -0.156097 0.030205 1.000000
v -0.158389 0.014755 1.000000
v -0.159155 -0.000845 1.000000
v -0.158389 -0.016445 1.000000
v -0.156097 -0.031895 1.000000
v -0.152302 -0.047045 1.000000
v -0.147040 -0.061751 1.000000
v -0.140362 -0.075870 1.000000
v -0.132333 -0.089267 1.000000
v -0.123028 -0.101812 1.000000
v -0.112540 -0.113385 1.000000
v -0.100967 -0.123873 1.000000
v -0.088422 -0.133177 1.000000
v -0.075025 -0.141207 1.000000
v -0.060906 -0.147885 1.000000
v -0.046200 -0.153147 1.000000
v -0.031050 -0.156942 1.000000
v -0.015600 -0.159234 1.000000
v 0.000000 -0.160000 1.000000
v 0.015600 -0.159234 1.000000
v 0.031050 -0.156942 1.000000
v 0.046200 -0.153147 1.000000
v 0.060906 -0.147885 1.000000
v 0.075025 -0.141207 1.000000
v 0.088422 -0.133177 1.000000
v 0.100967 -0.123873 1.000000
v 0.112540 -0.113385 1.000000
v 0.123028 -0.101812 1.000000
v 0.132333 -0.089267 1.000000
v 0.140362 -0.075870 1.000000
v 0.147040 -0.061751 1.000000
v 0.152302 -0.047045 1.000000
v 0.156097 -0.031895 1.000000
v 0.158389 -0.016445 1.000000
v 0.159155 -0.000845 1.000000
v 0.158389 0.014755 1.000000
v 0.156097 0.030205 1.000000
v 0.152302 0.045355 1.000000
v 0.147040 0.060061 1.000000
v 0.140362 0.074180 1.000000
v 0.132332 0.087577 1.000000
v 0.123028 0.100122 1.000000
v 0.112540 0.111695 1.000000
v 0.100967 0.122183 1.000000
v 0.088422 0.131488 1.000000
v 0.075025 0.139517 1.000000
v 0.060906 0.146195 1.000000
v 0.046200 0.151457 1.000000
v 0.031050 0.155252 1.000000
v 0.015600 0.157544 1.000000
v -0.000000 0.158310 1.000000
vn 0.0491 -0.9988 -0.0000
vn 0.1467 -0.9892 -0.0000
vn 0.2430 -0.9700 -0.0000
vn 0.3369 -0.9415 -0.0000
vn 0.4276 -0.9040 -0.0000
vn 0.5141 -0.8577 -0.0000
vn 0.5957 -0.8032 -0.0000
vn 0.6716 -0.7409 -0.0000
vn 0.6716 -0.7410 -0.0000
vn 0.7410 -0.6716 -0.0000
vn 0.8032 -0.5957 -0.0000
vn 0.8577 -0.5141 -0.0000
vn 0.9040 -0.4276 -0.0000
vn 0.9415 -0.3369 -0.0000
vn 0.9700 -0.2430 -0.0000
vn 0.9892 -0.1467 -0.0000
vn 0.9988 -0.0491 -0.0000
vn 0.9988 0.0491 -0.0000
vn 0.9892 0.1467 -0.0000
vn 0.9700 0.2430 -0.0000
vn 0.9415 0.3369 -0.0000
vn 0.9040 0.4276 -0.0000
vn 0.8577 0.5141 -0.0000
vn 0.8032 0.5957 -0.0000
vn 0.7410 0.6716 -0.0000
vn 0.6716 0.7409 -0.0000
vn 0.6716 0.7410 -0.0000
vn 0.5957 0.8032 -0.0000
vn 0.5141 0.8577 -0.0000
vn 0.4276 0.9040 -0.0000
vn 0.3369 0.9415 -0.0000
vn 0.2430 0.9700 -0.0000
vn 0.1467 0.9892 -0.0000
vn 0.0491 0.9988 -0.0000
vn -0.0491 0.9988 -0.0000
vn -0.1467 0.9892 -0.0000
vn -0.2430 0.9700 -0.0000
vn -0.3369 0.9415 -0.0000
vn -0.4276 0.9040 -0.0000
vn -0.5141 0.8577 -0.0000
vn -0.5957 0.8032 -0.0000
vn -0.6716 0.7409 -0.0000
vn -0.6716 0.7410 -0.0000
vn -0.7410 0.6716 -0.0000
vn -0.8032 0.5957 -0.0000
vn -0.8577 0.5141 -0.0000
vn -0.9040 0.4276 -0.0000
vn -0.9415 0.3369 -0.0000
vn -0.9700 0.2430 -0.0000
vn -0.9892 0.1467 -0.0000
vn -0.9988 0.0491 -0.0000
vn -0.9988 -0.0491 -0.0000
vn -0.9892 -0.1467 -0.0000
vn -0.9700 -0.2430 -0.0000
vn -0.9415 -0.3369 -0.0000
vn -0.9040 -0.4276 -0.0000
vn -0.8577 -0.5141 -0.0000
vn -0.8032 -0.5957 -0.0000
vn -0.7410 -0.6716 -0.0000
vn -0.6716 -0.7410 -0.0000
vn -0.5957 -0.8032 -0.0000
vn -0.5141 -0.8577 -0.0000
vn -0.4276 -0.9040 -0.0000
vn -0.3369 -0.9415 -0.0000
vn -0.2430 -0.9700 -0.0000
vn -0.1467 -0.9892 -0.0000
vn -0.0491 -0.9988 -0.0000
vn -0.6716 -0.7409 -0.0000
vn 0.7409 0.6716 -0.0000
vn -0.7409 0.6716 -0.0000
vt 0.000000 0.000000
vt 0.031250 0.000000
vt 0.031250 0.031250
vt 0.000000 0.031250
vt 0.031250 0.062500
vt 0.000000 0.062500
vt 0.031250 0.093750
vt 0.000000 0.093750
vt 0.031250 0.125000
vt 0.000000 0.125000
vt 0.031250 0.156250
vt 0.000000 0.156250
vt 0.031250 0.187500
vt 0.000000 0.187500
vt 0.031250 0.218750
vt 0.000000 0.218750
vt 0.031250 0.250000
vt 0.000000 0.250000
vt 0.031250 0.281250
vt 0.000000 0.281250
vt 0.031250 0.312500
vt 0.000000 0.312500
vt 0.031250 0.343750
vt 0.000000 0.343750
vt 0.031250 0.375000
vt 0.000000 0.375000
vt 0.031250 0.406250
vt 0.000000 0.406250
vt 0.031250 0.437500
vt 0.000000 0.437500
vt 0.031250 0.468750
vt 0.000000 0.468750
vt 0.031250 0.500000
vt 0.000000 0.500000
vt 0.031250 0.531250
vt 0.000000 0.531250
vt 0.031250 0.562500
vt 0.000000 0.562500
vt 0.031250 0.593750
vt 0.000000 0.593750
vt 0.031250 0.625000
vt 0.000000 0.625000
vt 0.031250 0.656250
vt 0.000000 0.656250
vt 0.031250 0.687500
vt 0.000000 0.687500
vt 0.031250 0.718750
vt 0.000000 0.718750
vt 0.031250 0.750000
vt 0.000000 0.750000
vt 0.031250 0.781250
vt 0.000000 0.781250
vt 0.031250 0.812500
vt 0.000000 0.812500
vt 0.031250 0.843750
vt 0.000000 0.843750
vt 0.031250 0.875000
vt 0.000000 0.875000
vt 0.031250 0.906250
vt 0.000000 0.906250
vt 0.031250 0.937500
vt 0.000000 0.937500
vt 0.031250 0.968750
vt 0.000000 0.968750
vt 0.031250 1.000000
vt 0.000000 1.000000
vt 0.031250 1.031250
vt 0.000000 1.031250
vt 0.031250 1.062500
vt 0.000000 1.062500
vt 0.031250 1.093750
vt 0.000000 1.093750
vt 0.031250 1.125000
vt 0.000000 1.125000
vt 0.031250 1.156250
vt 0.000000 1.156250
vt 0.031250 1.187500
vt 0.000000 1.187500
vt 0.031250 1.218750
vt 0.000000 1.218750
vt 0.031250 1.250000
vt 0.000000 1.250000
vt 0.031250 1.281250
vt 0.000000 1.281250
vt 0.031250 1.312500
vt 0.000000 1.312500
vt 0.031250 1.343750
vt 0.000000 1.343750
vt 0.031250 1.375000
vt 0.000000 1.375000
vt 0.031250 1.406250
vt 0.000000 1.406250
vt 0.031250 1.437500
vt 0.000000 1.437500
vt 0.031250 1.468750
vt 0.000000 1.468750
vt 0.031250 1.500000
vt 0.000000 1.500000
vt 0.031250 1.531250
vt 0.000000 1.531250
vt 0.031250 1.562500
vt 0.000000 1.562500
vt 0.031250 1.593750
vt 0.000000 1.593750
vt 0.031250 1.625000
vt 0.000000 1.625000
vt 0.031250 1.656250
vt 0.000000 1.656250
vt 0.031250 1.687500
vt 0.000000 1.687500
vt 0.031250 1.718750
vt 0.000000 1.718750
vt 0.031250 1.750000
vt 0.000000 1.750000
vt 0.031250 1.781250
vt 0.000000 1.781250
vt 0.031250 1.812500
vt 0.000000 1.812500
vt 0.031250 1.843750
vt 0.000000 1.843750
vt 0.031250 1.875000
vt 0.000000 1.875000
vt 0.031250 1.906250
vt 0.000000 1.906250
vt 0.031250 1.937500
vt 0.000000 1.937500
vt 0.031250 1.968750
vt 0.000000 1.968750
vt 0.031250 2.000000
vt 0.000000 2.000000
vt 0.062500 0.000000
vt 0.062500 0.031250
vt 0.062500 0.062500
vt 0.062500 0.093750
vt 0.062500 0.125000
vt 0.062500 0.156250
vt 0.062500 0.187500
vt 0.062500 0.218750
vt 0.062500 0.250000
vt 0.062500 0.281250
vt 0.062500 0.312500
vt 0.062500 0.343750
vt 0.062500 0.375000
vt 0.062500 0.406250
vt 0.062500 0.437500
vt 0.062500 0.468750
vt 0.062500 0.500000
vt 0.062500 0.531250
vt 0.062500 0.562500
vt 0.062500 0.593750
vt 0.062500 0.625000
vt 0.062500 0.656250
vt 0.062500 0.687500
vt 0.062500 0.718750
vt 0.062500 0.750000
vt 0.062500 0.781250
vt 0.062500 0.812500
vt 0.062500 0.843750
vt 0.062500 0.875000
vt 0.062500 0.906250
vt 0.062500 0.937500
vt 0.062500 0.968750
vt 0.062500 1.000000
vt 0.062500 1.031250
vt 0.062500 1.062500
vt 0.062500 1.093750
vt 0.062500 1.125000
vt 0.062500 1.156250
vt 0.062500 1.187500
vt 0.062500 1.218750
vt 0.062500 1.250000
vt 0.062500 1.281250
vt 0.062500 1.312500
vt 0.062500 1.343750
vt 0.062500 1.375000
vt 0.062500 1.406250
vt 0.062500 1.437500
vt 0.062500 1.468750
vt 0.062500 1.500000
vt 0.062500 1.531250
vt 0.062500 1.562500
vt 0.062500 1.593750
vt 0.062500 1.625000
vt 0.062500 1.656250
vt 0.062500 1.687500
vt 0.062500 1.718750
vt 0.062500 1.750000
vt 0.062500 1.781250
vt 0.062500 1.812500
vt 0.062500 1.843750
vt 0.062500 1.875000
vt 0.062500 1.906250
vt 0.062500 1.937500
vt 0.062500 1.968750
vt 0.062500 2.000000
vt 0.093750 0.000000
vt 0.093750 0.031250
vt 0.093750 0.062500
vt 0.093750 0.093750
vt 0.093750 0.125000
vt 0.093750 0.156250
vt 0.093750 0.187500
vt 0.093750 0.218750
vt 0.093750 0.250000
vt 0.093750 0.281250
vt 0.093750 0.312500
vt 0.093750 0.343750
vt 0.093750 0.375000
vt 0.093750 0.406250
vt 0.093750 0.437500
vt 0.093750 0.468750
vt 0.093750 0.500000
vt 0.093750 0.531250
vt 0.093750 0.562500
vt 0.093750 0.593750
vt 0.093750 0.625000
vt 0.093750 0.656250
vt 0.093750 0.687500
vt 0.093750 0.718750
vt 0.093750 0.750000
vt 0.093750 0.781250
vt 0.093750 0.812500
vt 0.093750 0.843750
vt 0.093750 0.875000
vt 0.093750 0.906250
vt 0.093750 0.937500
vt 0.093750 0.968750
vt 0.093750 1.000000
vt 0.093750 1.031250
vt 0.093750 1.062500
vt 0.093750 1.093750
vt 0.093750 1.125000
vt 0.093750 1.156250
vt 0.093750 1.187500
vt 0.093750 1.218750
vt 0.093750 1.250000
vt 0.093750 1.281250
vt 0.093750 1.312500
vt 0.093750 1.343750
vt 0.093750 1.375000
vt 0.093750 1.406250
vt 0.093750 1.437500
vt 0.093750 1.468750
vt 0.093750 1.500000
vt 0.093750 1.531250
vt 0.093750 1.562500
vt 0.093750 1.593750
vt 0.093750 1.625000
vt 0.093750 1.656250
vt 0.093750 1.687500
vt 0.093750 1.718750
vt 0.093750 1.750000
vt 0.093750 1.781250
vt 0.093750 1.812500
vt 0.093750 1.843750
vt 0.093750 1.875000
vt 0.093750 1.906250
vt 0.093750 1.937500
vt 0.093750 1.968750
vt 0.093750 2.000000
vt 0.125000 0.000000
vt 0.125000 0.031250
vt 0.125000 0.062500
vt 0.125000 0.093750
vt 0.125000 0.125000
vt 0.125000 0.156250
vt 0.125000 0.187500
vt 0.125000 0.218750
vt 0.125000 0.250000
vt 0.125000 0.281250
vt 0.125000 0.312500
vt 0.125000 0.343750
vt 0.125000 0.375000
vt 0.125000 0.406250
vt 0.125000 0.437500
vt 0.125000 0.468750
vt 0.125000 0.500000
vt 0.125000 0.531250
vt 0.125000 0.562500
vt 0.125000 0.593750
vt 0.125000 0.625000
vt 0.125000 0.656250
vt 0.125000 0.687500
vt 0.125000 0.718750
vt 0.125000 0.750000
vt 0.125000 0.781250
vt 0.125000 0.812500
vt 0.125000 0.843750
vt 0.125000 0.875000
vt 0.125000 0.906250
vt 0.125000 0.937500
vt 0.125000 0.968750
vt 0.125000 1.000000
vt 0.125000 1.031250
vt 0.125000 1.062500
vt 0.125000 1.093750
vt 0.125000 1.125000
vt 0.125000 1.156250
vt 0.125000 1.187500
vt 0.125000 1.218750
vt 0.125000 1.250000
vt 0.125000 1.281250
vt 0.125000 1.312500
vt 0.125000 1.343750
vt 0.125000 1.375000
vt 0.125000 1.406250
vt 0.125000 1.437500
vt 0.125000 1.468750
vt 0.125000 1.500000
vt 0.125000 1.531250
vt 0.125000 1.562500
vt 0.125000 1.593750
vt 0.125000 1.625000
vt 0.125000 1.656250
vt 0.125000 1.687500
vt 0.125000 1.718750
vt 0.125000 1.750000
vt 0.125000 1.781250
vt 0.125000 1.812500
vt 0.125000 1.843750
vt 0.125000 1.875000
vt 0.125000 1.906250
vt 0.125000 1.937500
vt 0.125000 1.968750
vt 0.125000 2.000000
vt 0.156250 0.000000
vt 0.156250 0.031250
vt 0.156250 0.062500
vt 0.156250 0.093750
vt 0.156250 0.125000
vt 0.156250 0.156250
vt 0.156250 0.187500
vt 0.156250 0.218750
vt 0.156250 0.250000
vt 0.156250 0.281250
vt 0.156250 0.312500
vt 0.156250 0.343750
vt 0.156250 0.375000
vt 0.156250 0.406250
vt 0.156250 0.437500
vt 0.156250 0.468750
vt 0.156250 0.500000
vt 0.156250 0.531250
vt 0.156250 0.562500
vt 0.156250 0.593750
vt 0.156250 0.625000
vt 0.156250 0.656250
vt 0.156250 0.687500
vt 0.156250 0.718750
vt 0.156250 0.750000
vt 0.156250 0.781250
vt 0.156250 0.812500
vt 0.156250 0.843750
vt 0.156250 0.875000
vt 0.156250 0.906250
vt 0.156250 0.937500
vt 0.156250 0.968750
vt 0.156250 1.000000
vt 0.156250 1.031250
vt 0.156250 1.062500
vt 0.156250 1.093750
vt 0.156250 1.125000
vt 0.156250 1.156250
vt 0.156250 1.187500
vt 0.156250 1.218750
vt 0.156250 1.250000
vt 0.156250 1.281250
vt 0.156250 1.312500
vt 0.156250 1.343750
vt 0.156250 1.375000
vt 0.156250 1.406250
vt 0.156250 1.437500
vt 0.156250 1.468750
vt 0.156250 1.500000
vt 0.156250 1.531250
vt 0.156250 1.562500
vt 0.156250 1.593750
vt 0.156250 1.625000
vt 0.156250 1.656250
vt 0.156250 1.687500
vt 0.156250 1.718750
vt 0.156250 1.750000
vt 0.156250 1.781250
vt 0.156250 1.812500
vt 0.156250 1.843750
vt 0.156250 1.875000
vt 0.156250 1.906250
vt 0.156250 1.937500
vt 0.156250 1.968750
vt 0.156250 2.000000
vt 0.187500 0.000000
vt 0.187500 0.031250
vt 0.187500 0.062500
vt 0.187500 0.093750
vt 0.187500 0.125000
vt 0.187500 0.156250
vt 0.187500 0.187500
vt 0.187500 0.218750
vt 0.187500 0.250000
vt 0.187500 0.281250
vt 0.187500 0.312500
vt 0.187500 0.343750
vt 0.187500 0.375000
vt 0.187500 0.406250
vt 0.187500 0.437500
vt 0.187500 0.468750
vt 0.187500 0.500000
vt 0.187500 0.531250
vt 0.187500 0.562500
vt 0.187500 0.593750
vt 0.187500 0.625000
vt 0.187500 0.656250
vt 0.187500 0.687500
vt 0.187500 0.718750
vt 0.187500 0.750000
vt 0.187500 0.781250
vt 0.187500 0.812500
vt 0.187500 0.843750
vt 0.187500 0.875000
vt 0.187500 0.906250
vt 0.187500 0.937500
vt 0.187500 0.968750
vt 0.187500 1.000000
vt 0.187500 1.031250
vt 0.187500 1.062500
vt 0.187500 1.093750
vt 0.187500 1.125000
vt 0.187500 1.156250
vt 0.187500 1.187500
vt 0.187500 1.218750
vt 0.187500 1.250000
vt 0.187500 1.281250
vt 0.187500 1.312500
vt 0.187500 1.343750
vt 0.187500 1.375000
vt 0.187500 1.406250
vt 0.187500 1.437500
vt 0.187500 1.468750
vt 0.187500 1.500000
vt 0.187500 1.531250
vt 0.187500 1.562500
vt 0.187500 1.593750
vt 0.187500 1.625000
vt 0.187500 1.656250
vt 0.187500 1.687500
vt 0.187500 1.718750
vt 0.187500 1.750000
vt 0.187500 1.781250
vt 0.187500 1.812500
vt 0.187500 1.843750
vt 0.187500 1.875000
vt 0.187500 1.906250
vt 0.187500 1.937500
vt 0.187500 1.968750
vt 0.187500 2.000000
vt 0.218750 0.000000
vt 0.218750 0.031250
vt 0.218750 0.062500
vt 0.218750 0.093750
vt 0.218750 0.125000
vt 0.218750 0.156250
vt 0.218750 0.187500
vt 0.218750 0.218750
vt 0.218750 0.250000
vt 0.218750 0.281250
vt 0.218750 0.312500
vt 0.218750 0.343750
vt 0.218750 0.375000
vt 0.218750 0.406250
vt 0.218750 0.437500
vt 0.218750 0.468750
vt 0.218750 0.500000
vt 0.218750 0.531250
vt 0.218750 0.562500
vt 0.218750 0.593750
vt 0.218750 0.625000
vt 0.218750 0.656250
vt 0.218750 0.687500
vt 0.218750 0.718750
vt 0.218750 0.750000
vt 0.218750 0.781250
vt 0.218750 0.812500
vt 0.218750 0.843750
vt 0.218750 0.875000
vt 0.218750 0.906250
vt 0.218750 0.937500
vt 0.218750 0.968750
vt 0.218750 1.000000
vt 0.218750 1.031250
vt 0.218750 1.062500
vt 0.218750 1.093750
vt 0.218750 1.125000
vt 0.218750 1.156250
vt 0.218750 1.187500
vt 0.218750 1.218750
vt 0.218750 1.250000
vt 0.218750 1.281250
vt 0.218750 1.312500
vt 0.218750 1.343750
vt 0.218750 1.375000
vt 0.218750 1.406250
vt 0.218750 1.437500
vt 0.218750 1.468750
vt 0.218750 1.500000
vt 0.218750 1.531250
vt 0.218750 1.562500
vt 0.218750 1.593750
vt 0.218750 1.625000
vt 0.218750 1.656250
vt 0.218750 1.687500
vt 0.218750 1.718750
vt 0.218750 1.750000
vt 0.218750 1.781250
vt 0.218750 1.812500
vt 0.218750 1.843750
vt 0.218750 1.875000
vt 0.218750 1.906250
vt 0.218750 1.937500
vt 0.218750 1.968750
vt 0.218750 2.000000
vt 0.250000 0.000000
vt 0.250000 0.031250
vt 0.250000 0.062500
vt 0.250000 0.093750
vt 0.250000 0.125000
vt 0.250000 0.156250
vt 0.250000 0.187500
vt 0.250000 0.218750
vt 0.250000 0.250000
vt 0.250000 0.281250
vt 0.250000 0.312500
vt 0.250000 0.343750
vt 0.250000 0.375000
vt 0.250000 0.406250
vt 0.250000 0.437500
vt 0.250000 0.468750
vt 0.250000 0.500000
vt 0.250000 0.531250
vt 0.250000 0.562500
vt 0.250000 0.593750
vt 0.250000 0.625000
vt 0.250000 0.656250
vt 0.250000 0.687500
vt 0.250000 0.718750
vt 0.250000 0.750000
vt 0.250000 0.781250
vt 0.250000 0.812500
vt 0.250000 0.843750
vt 0.250000 0.875000
vt 0.250000 0.906250
vt 0.250000 0.937500
vt 0.250000 0.968750
vt 0.250000 1.000000
vt 0.250000 1.031250
vt 0.250000 1.062500
vt 0.250000 1.093750
vt 0.250000 1.125000
vt 0.250000 1.156250
vt 0.250000 1.187500
vt 0.250000 1.218750
vt 0.250000 1.250000
vt 0.250000 1.281250
vt 0.250000 1.312500
vt 0.250000 1.343750
vt 0.250000 1.375000
vt 0.250000 1.406250
vt 0.250000 1.437500
vt 0.250000 1.468750
vt 0.250000 1.500000
vt 0.250000 1.531250
vt 0.250000 1.562500
vt 0.250000 1.593750
vt 0.250000 1.625000
vt 0.250000 1.656250
vt 0.250000 1.687500
vt 0.250000 1.718750
vt 0.250000 1.750000
vt 0.250000 1.781250
vt 0.250000 1.812500
vt 0.250000 1.843750
vt 0.250000 1.875000
vt 0.250000 1.906250
vt 0.250000 1.937500
vt 0.250000 1.968750
vt 0.250000 2.000000
vt 0.281250 0.000000
vt 0.281250 0.031250
vt 0.281250 0.062500
vt 0.281250 0.093750
vt 0.281250 0.125000
vt 0.281250 0.156250
vt 0.281250 0.187500
vt 0.281250 0.218750
vt 0.281250 0.250000
vt 0.281250 0.281250
vt 0.281250 0.312500
vt 0.281250 0.343750
vt 0.281250 0.375000
vt 0.281250 0.406250
vt 0.281250 0.437500
vt 0.281250 0.468750
vt 0.281250 0.500000
vt 0.281250 0.531250
vt 0.281250 0.562500
vt 0.281250 0.593750
vt 0.281250 0.625000
vt 0.281250 0.656250
vt 0.281250 0.687500
vt 0.281250 0.718750
vt 0.281250 0.750000
vt 0.281250 0.781250
vt 0.281250 0.812500
vt 0.281250 0.843750
vt 0.281250 0.875000
vt 0.281250 0.906250
vt 0.281250 0.937500
vt 0.281250 0.968750
vt 0.281250 1.000000
vt 0.281250 1.031250
vt 0.281250 1.062500
vt 0.281250 1.093750
vt 0.281250 1.125000
vt 0.281250 1.156250
vt 0.281250 1.187500
vt 0.281250 1.218750
vt 0.281250 1.250000
vt 0.281250 1.281250
vt 0.281250 1.312500
vt 0.281250 1.343750
vt 0.281250 1.375000
vt 0.281250 1.406250
vt 0.281250 1.437500
vt 0.281250 1.468750
vt 0.281250 1.500000
vt 0.281250 1.531250
vt 0.281250 1.562500
vt 0.281250 1.593750
vt 0.281250 1.625000
vt 0.281250 1.656250
vt 0.281250 1.687500
vt 0.281250 1.718750
vt 0.281250 1.750000
vt 0.281250 1.781250
vt 0.281250 1.812500
vt 0.281250 1.843750
vt 0.281250 1.875000
vt 0.281250 1.906250
vt 0.281250 1.937500
vt 0.281250 1.968750
vt 0.281250 2.000000
vt 0.312500 0.000000
vt 0.312500 0.031250
vt 0.312500 0.062500
vt 0.312500 0.093750
vt 0.312500 0.125000
vt 0.312500 0.156250
vt 0.312500 0.187500
vt 0.312500 0.218750
vt 0.312500 0.250000
vt 0.312500 0.281250
vt 0.312500 0.312500
vt 0.312500 0.343750
vt 0.312500 0.375000
vt 0.312500 0.406250
vt 0.312500 0.437500
vt 0.312500 0.468750
vt 0.312500 0.500000
vt 0.312500 0.531250
vt 0.312500 0.562500
vt 0.312500 0.593750
vt 0.312500 0.625000
vt 0.312500 0.656250
vt 0.312500 0.687500
vt 0.312500 0.718750
vt 0.312500 0.750000
vt 0.312500 0.781250
vt 0.312500 0.812500
vt 0.312500 0.843750
vt 0.312500 0.875000
vt 0.312500 0.906250
vt 0.312500 0.937500
vt 0.312500 0.968750
vt 0.312500 1.000000
vt 0.312500 1.031250
vt 0.312500 1.062500
vt 0.312500 1.093750
vt 0.312500 1.125000
vt 0.312500 1.156250
vt 0.312500 1.187500
vt 0.312500 1.218750
vt 0.312500 1.250000
vt 0.312500 1.281250
vt 0.312500 1.312500
vt 0.312500 1.343750
vt 0.312500 1.375000
vt 0.312500 1.406250
vt 0.312500 1.437500
vt 0.312500 1.468750
vt 0.312500 1.500000
vt 0.312500 1.531250
vt 0.312500 1.562500
vt 0.312500 1.593750
vt 0.312500 1.625000
vt 0.312500 1.656250
vt 0.312500 1.687500
vt 0.312500 1.718750
vt 0.312500 1.750000
vt 0.312500 1.781250
vt 0.312500 1.812500
vt 0.312500 1.843750
vt 0.312500 1.875000
vt 0.312500 1.906250
vt 0.312500 1.937500
vt 0.312500 1.968750
vt 0.312500 2.000000
vt 0.343750 0.000000
vt 0.343750 0.031250
vt 0.343750 0.062500
vt 0.343750 0.093750
vt 0.343750 0.125000
vt 0.343750 0.156250
vt 0.343750 0.187500
vt 0.343750 0.218750
vt 0.343750 0.250000
vt 0.343750 0.281250
vt 0.343750 0.312500
vt 0.343750 0.343750
vt 0.343750 0.375000
vt 0.343750 0.406250
vt 0.343750 0.437500
vt 0.343750 0.468750
vt 0.343750 0.500000
vt 0.343750 0.531250
vt 0.343750 0.562500
vt 0.343750 0.593750
vt 0.343750 0.625000
vt 0.343750 0.656250
vt 0.343750 0.687500
vt 0.343750 0.718750
vt 0.343750 0.750000
vt 0.343750 0.781250
vt 0.343750 0.812500
vt 0.343750 0.843750
vt 0.343750 0.875000
vt 0.343750 0.906250
vt 0.343750 0.937500
vt 0.343750 0.968750
vt 0.343750 1.000000
vt 0.343750 1.031250
vt 0.343750 1.062500
vt 0.343750 1.093750
vt 0.343750 1.125000
vt 0.343750 1.156250
vt 0.343750 1.187500
vt 0.343750 1.218750
vt 0.343750 1.250000
vt 0.343750 1.281250
vt 0.343750 1.312500
vt 0.343750 1.343750
vt 0.343750 1.375000
vt 0.343750 1.406250
vt 0.343750 1.437500
vt 0.343750 1.468750
vt 0.343750 1.500000
vt 0.343750 1.531250
vt 0.343750 1.562500
vt 0.343750 1.593750
vt 0.343750 1.625000
vt 0.343750 1.656250
vt 0.343750 1.687500
vt 0.343750 1.718750
vt 0.343750 1.750000
vt 0.343750 1.781250
vt 0.343750 1.812500
vt 0.343750 1.843750
vt 0.343750 1.875000
vt 0.343750 1.906250
vt 0.343750 1.937500
vt 0.343750 1.968750
vt 0.343750 2.000000
vt 0.375000 0.000000
vt 0.375000 0.031250
vt 0.375000 0.062500
vt 0.375000 0.093750
vt 0.375000 0.125000
vt 0.375000 0.156250
vt 0.375000 0.187500
vt 0.375000 0.218750
vt 0.375000 0.250000
vt 0.375000 0.281250
vt 0.375000 0.312500
vt 0.375000 0.343750
vt 0.375000 0.375000
vt 0.375000 0.406250
vt 0.375000 0.437500
vt 0.375000 0.468750
vt 0.375000 0.500000
vt 0.375000 0.531250
vt 0.375000 0.562500
vt 0.375000 0.593750
vt 0.375000 0.625000
vt 0.375000 0.656250
vt 0.375000 0.687500
vt 0.375000 0.718750
vt 0.375000 0.750000
vt 0.375000 0.781250
vt 0.375000 0.812500
vt 0.375000 0.843750
vt 0.375000 0.875000
vt 0.375000 0.906250
vt 0.375000 0.937500
vt 0.375000 0.968750
vt 0.375000 1.000000
vt 0.375000 1.031250
vt 0.375000 1.062500
vt 0.375000 1.093750
vt 0.375000 1.125000
vt 0.375000 1.156250
vt 0.375000 1.187500
vt 0.375000 1.218750
vt 0.375000 1.250000
vt 0.375000 1.281250
vt 0.375000 1.312500
vt 0.375000 1.343750
vt 0.375000 1.375000
vt 0.375000 1.406250
vt 0.375000 1.437500
vt 0.375000 1.468750
vt 0.375000 1.500000
vt 0.375000 1.531250
vt 0.375000 1.562500
vt 0.375000 1.593750
vt 0.375000 1.625000
vt 0.375000 1.656250
vt 0.375000 1.687500
vt 0.375000 1.718750
vt 0.375000 1.750000
vt 0.375000 1.781250
vt 0.375000 1.812500
vt 0.375000 1.843750
vt 0.375000 1.875000
vt 0.375000 1.906250
vt 0.375000 1.937500
vt 0.375000 1.968750
vt 0.375000 2.000000
vt 0.406250 0.000000
vt 0.406250 0.031250
vt 0.406250 0.062500
vt 0.406250 0.093750
vt 0.406250 0.125000
vt 0.406250 0.156250
vt 0.406250 0.187500
vt 0.406250 0.218750
vt 0.406250 0.250000
vt 0.406250 0.281250
vt 0.406250 0.312500
vt 0.406250 0.343750
vt 0.406250 0.375000
vt 0.406250 0.406250
vt 0.406250 0.437500
vt 0.406250 0.468750
vt 0.406250 0.500000
vt 0.406250 0.531250
vt 0.406250 0.562500
vt 0.406250 0.593750
vt 0.406250 0.625000
vt 0.406250 0.656250
vt 0.406250 0.687500
vt 0.406250 0.718750
vt 0.406250 0.750000
vt 0.406250 0.781250
vt 0.406250 0.812500
vt 0.406250 0.843750
vt 0.406250 0.875000
vt 0.406250 0.906250
vt 0.406250 0.937500
vt 0.406250 0.968750
vt 0.406250 1.000000
vt 0.406250 1.031250
vt 0.406250 1.062500
vt 0.406250 1.093750
vt 0.406250 1.125000
vt 0.406250 1.156250
vt 0.406250 1.187500
vt 0.406250 1.218750
vt 0.406250 1.250000
vt 0.406250 1.281250
vt 0.406250 1.312500
vt 0.406250 1.343750
vt 0.406250 1.375000
vt 0.406250 1.406250
vt 0.406250 1.437500
vt 0.406250 1.468750
vt 0.406250 1.500000
vt 0.406250 1.531250
vt 0.406250 1.562500
vt 0.406250 1.593750
vt 0.406250 1.625000
vt 0.406250 1.656250
vt 0.406250 1.687500
vt 0.406250 1.718750
vt 0.406250 1.750000
vt 0.406250 1.781250
vt 0.406250 1.812500
vt 0.406250 1.843750
vt 0.406250 1.875000
vt 0.406250 1.906250
vt 0.406250 1.937500
vt 0.406250 1.968750
vt 0.406250 2.000000
vt 0.437500 0.000000
vt 0.437500 0.031250
vt 0.437500 0.062500
vt 0.437500 0.093750
vt 0.437500 0.125000
vt 0.437500 0.156250
vt 0.437500 0.187500
vt 0.437500 0.218750
vt 0.437500 0.250000
vt 0.437500 0.281250
vt 0.437500 0.312500
vt 0.437500 0.343750
vt 0.437500 0.375000
vt 0.437500 0.406250
vt 0.437500 0.437500
vt 0.437500 0.468750
vt 0.437500 0.500000
vt 0.437500 0.531250
vt 0.437500 0.562500
vt 0.437500 0.593750
vt 0.437500 0.625000
vt 0.437500 0.656250
vt 0.437500 0.687500
vt 0.437500 0.718750
vt 0.437500 0.750000
vt 0.437500 0.781250
vt 0.437500 0.812500
vt 0.437500 0.843750
vt 0.437500 0.875000
vt 0.437500 0.906250
vt 0.437500 0.937500
vt 0.437500 0.968750
vt 0.437500 1.000000
vt 0.437500 1.031250
vt 0.437500 1.062500
vt 0.437500 1.093750
vt 0.437500 1.125000
vt 0.437500 1.156250
vt 0.437500 1.187500
vt 0.437500 1.218750
vt 0.437500 1.250000
vt 0.437500 1.281250
vt 0.437500 1.312500
vt 0.437500 1.343750
vt 0.437500 1.375000
vt 0.437500 1.406250
vt 0.437500 1.437500
vt 0.437500 1.468750
vt 0.437500 1.500000
vt 0.437500 1.531250
vt 0.437500 1.562500
vt 0.437500 1.593750
vt 0.437500 1.625000
vt 0.437500 1.656250
vt 0.437500 1.687500
vt 0.437500 1.718750
vt 0.437500 1.750000
vt 0.437500 1.781250
vt 0.437500 1.812500
vt 0.437500 1.843750
vt 0.437500 1.875000
vt 0.437500 1.906250
vt 0.437500 1.937500
vt 0.437500 1.968750
vt 0.437500 2.000000
vt 0.468750 0.000000
vt 0.468750 0.031250
vt 0.468750 0.062500
vt 0.468750 0.093750
vt 0.468750 0.125000
vt 0.468750 0.156250
vt 0.468750 0.187500
vt 0.468750 0.218750
vt 0.468750 0.250000
vt 0.468750 0.281250
vt 0.468750 0.312500
vt 0.468750 0.343750
vt 0.468750 0.375000
vt 0.468750 0.406250
vt 0.468750 0.437500
vt 0.468750 0.468750
vt 0.468750 0.500000
vt 0.468750 0.531250
vt 0.468750 0.562500
vt 0.468750 0.593750
vt 0.468750 0.625000
vt 0.468750 0.656250
vt 0.468750 0.687500
vt 0.468750 0.718750
vt 0.468750 0.750000
vt 0.468750 0.781250
vt 0.468750 0.812500
vt 0.468750 0.843750
vt 0.468750 0.875000
vt 0.468750 0.906250
vt 0.468750 0.937500
vt 0.468750 0.968750
vt 0.468750 1.000000
vt 0.468750 1.031250
vt 0.468750 1.062500
vt 0.468750 1.093750
vt 0.468750 1.125000
vt 0.468750 1.156250
vt 0.468750 1.187500
vt 0.468750 1.218750
vt 0.468750 1.250000
vt 0.468750 1.281250
vt 0.468750 1.312500
vt 0.468750 1.343750
vt 0.468750 1.375000
vt 0.468750 1.406250
vt 0.468750 1.437500
vt 0.468750 1.468750
vt 0.468750 1.500000
vt 0.468750 1.531250
vt 0.468750 1.562500
vt 0.468750 1.593750
vt 0.468750 1.625000
vt 0.468750 1.656250
vt 0.468750 1.687500
vt 0.468750 1.718750
vt 0.468750 1.750000
vt 0.468750 1.781250
vt 0.468750 1.812500
vt 0.468750 1.843750
vt 0.468750 1.875000
vt 0.468750 1.906250
vt 0.468750 1.937500
vt 0.468750 1.968750
vt 0.468750 2.000000
vt 0.500000 0.000000
vt 0.500000 0.031250
vt 0.500000 0.062500
vt 0.500000 0.093750
vt 0.500000 0.125000
vt 0.500000 0.156250
vt 0.500000 0.187500
vt 0.500000 0.218750
vt 0.500000 0.250000
vt 0.500000 0.281250
vt 0.500000 0.312500
vt 0.500000 0.343750
vt 0.500000 0.375000
vt 0.500000 0.406250
vt 0.500000 0.437500
vt 0.500000 0.468750
vt 0.500000 0.500000
vt 0.500000 0.531250
vt 0.500000 0.562500
vt 0.500000 0.593750
vt 0.500000 0.625000
vt 0.500000 0.656250
vt 0.500000 0.687500
vt 0.500000 0.718750
vt 0.500000 0.750000
vt 0.500000 0.781250
vt 0.500000 0.812500
vt 0.500000 0.843750
vt 0.500000 0.875000
vt 0.500000 0.906250
vt 0.500000 0.937500
vt 0.500000 0.968750
vt 0.500000 1.000000
vt 0.500000 1.031250
vt 0.500000 1.062500
vt 0.500000 1.093750
vt 0.500000 1.125000
vt 0.500000 1.156250
vt 0.500000 1.187500
vt 0.500000 1.218750
vt 0.500000 1.250000
vt 0.500000 1.281250
vt 0.500000 1.312500
vt 0.500000 1.343750
vt 0.500000 1.375000
vt 0.500000 1.406250
vt 0.500000 1.437500
vt 0.500000 1.468750
vt 0.500000 1.500000
vt 0.500000 1.531250
vt 0.500000 1.562500
vt 0.500000 1.593750
vt 0.500000 1.625000
vt 0.500000 1.656250
vt 0.500000 1.687500
vt 0.500000 1.718750
vt 0.500000 1.750000
vt 0.500000 1.781250
vt 0.500000 1.812500
vt 0.500000 1.843750
vt 0.500000 1.875000
vt 0.500000 1.906250
vt 0.500000 1.937500
vt 0.500000 1.968750
vt 0.500000 2.000000
vt 0.531250 0.000000
vt 0.531250 0.031250
vt 0.531250 0.062500
vt 0.531250 0.093750
vt 0.531250 0.125000
vt 0.531250 0.156250
vt 0.531250 0.187500
vt 0.531250 0.218750
vt 0.531250 0.250000
vt 0.531250 0.281250
vt 0.531250 0.312500
vt 0.531250 0.343750
vt 0.531250 0.375000
vt 0.531250 0.406250
vt 0.531250 0.437500
vt 0.531250 0.468750
vt 0.531250 0.500000
vt 0.531250 0.531250
vt 0.531250 0.562500
vt 0.531250 0.593750
vt 0.531250 0.625000
vt 0.531250 0.656250
vt 0.531250 0.687500
vt 0.531250 0.718750
vt 0.531250 0.750000
vt 0.531250 0.781250
vt 0.531250 0.812500
vt 0.531250 0.843750
vt 0.531250 0.875000
vt 0.531250 0.906250
vt 0.531250 0.937500
vt 0.531250 0.968750
vt 0.531250 1.000000
vt 0.531250 1.031250
vt 0.531250 1.062500
vt 0.531250 1.093750
vt 0.531250 1.125000
vt 0.531250 1.156250
vt 0.531250 1.187500
vt 0.531250 1.218750
vt 0.531250 1.250000
vt 0.531250 1.281250
vt 0.531250 1.312500
vt 0.531250 1.343750
vt 0.531250 1.375000
vt 0.531250 1.406250
vt 0.531250 1.437500
vt 0.531250 1.468750
vt 0.531250 1.500000
vt 0.531250 1.531250
vt 0.531250 1.562500
vt 0.531250 1.593750
vt 0.531250 1.625000
vt 0.531250 1.656250
vt 0.531250 1.687500
vt 0.531250 1.718750
vt 0.531250 1.750000
vt 0.531250 1.781250
vt 0.531250 1.812500
vt 0.531250 1.843750
vt 0.531250 1.875000
vt 0.531250 1.906250
vt 0.531250 1.937500
vt 0.531250 1.968750
vt 0.531250 2.000000
vt 0.562500 0.000000
vt 0.562500 0.031250
vt 0.562500 0.062500
vt 0.562500 0.093750
vt 0.562500 0.125000
vt 0.562500 0.156250
vt 0.562500 0.187500
vt 0.562500 0.218750
vt 0.562500 0.250000
vt 0.562500 0.281250
vt 0.562500 0.312500
vt 0.562500 0.343750
vt 0.562500 0.375000
vt 0.562500 0.406250
vt 0.562500 0.437500
vt 0.562500 0.468750
vt 0.562500 0.500000
vt 0.562500 0.531250
vt 0.562500 0.562500
vt 0.562500 0.593750
vt 0.562500 0.625000
vt 0.562500 0.656250
vt 0.562500 0.687500
vt 0.562500 0.718750
vt 0.562500 0.750000
vt 0.562500 0.781250
vt 0.562500 0.812500
vt 0.562500 0.843750
vt 0.562500 0.875000
vt 0.562500 0.906250
vt 0.562500 0.937500
vt 0.562500 0.968750
vt 0.562500 1.000000
vt 0.562500 1.031250
vt 0.562500 1.062500
vt 0.562500 1.093750
vt 0.562500 1.125000
vt 0.562500 1.156250
vt 0.562500 1.187500
vt 0.562500 1.218750
vt 0.562500 1.250000
vt 0.562500 1.281250
vt 0.562500 1.312500
vt 0.562500 1.343750
vt 0.562500 1.375000
vt 0.562500 1.406250
vt 0.562500 1.437500
vt 0.562500 1.468750
vt 0.562500 1.500000
vt 0.562500 1.531250
vt 0.562500 1.562500
vt 0.562500 1.593750
vt 0.562500 1.625000
vt 0.562500 1.656250
vt 0.562500 1.687500
vt 0.562500 1.718750
vt 0.562500 1.750000
vt 0.562500 1.781250
vt 0.562500 1.812500
vt 0.562500 1.843750
vt 0.562500 1.875000
vt 0.562500 1.906250
vt 0.562500 1.937500
vt 0.562500 1.968750
vt 0.562500 2.000000
vt 0.593750 0.000000
vt 0.593750 0.031250
vt 0.593750 0.062500
vt 0.593750 0.093750
vt 0.593750 0.125000
vt 0.593750 0.156250
vt 0.593750 0.187500
vt 0.593750 0.218750
vt 0.593750 0.250000
vt 0.593750 0.281250
vt 0.593750 0.312500
vt 0.593750 0.343750
vt 0.593750 0.375000
vt 0.593750 0.406250
vt 0.593750 0.437500
vt 0.593750 0.468750
vt 0.593750 0.500000
vt 0.593750 0.531250
vt 0.593750 0.562500
vt 0.593750 0.593750
vt 0.593750 0.625000
vt 0.593750 0.656250
vt 0.593750 0.687500
vt 0.593750 0.718750
vt 0.593750 0.750000
vt 0.593750 0.781250
vt 0.593750 0.812500
vt 0.593750 0.843750
vt 0.593750 0.875000
vt 0.593750 0.906250
vt 0.593750 0.937500
vt 0.593750 0.968750
vt 0.593750 1.000000
vt 0.593750 1.031250
vt 0.593750 1.062500
vt 0.593750 1.093750
vt 0.593750 1.125000
vt 0.593750 1.156250
vt 0.593750 1.187500
vt 0.593750 1.218750
vt 0.593750 1.250000
vt 0.593750 1.281250
vt 0.593750 1.312500
vt 0.593750 1.343750
vt 0.593750 1.375000
vt 0.593750 1.406250
vt 0.593750 1.437500
vt 0.593750 1.468750
vt 0.593750 1.500000
vt 0.593750 1.531250
vt 0.593750 1.562500
vt 0.593750 1.593750
vt 0.593750 1.625000
vt 0.593750 1.656250
vt 0.593750 1.687500
vt 0.593750 1.718750
vt 0.593750 1.750000
vt 0.593750 1.781250
vt 0.593750 1.812500
vt 0.593750 1.843750
vt 0.593750 1.875000
vt 0.593750 1.906250
vt 0.593750 1.937500
vt 0.593750 1.968750
vt 0.593750 2.000000
vt 0.625000 0.000000
vt 0.625000 0.031250
vt 0.625000 0.062500
vt 0.625000 0.093750
vt 0.625000 0.125000
vt 0.625000 0.156250
vt 0.625000 0.187500
vt 0.625000 0.218750
vt 0.625000 0.250000
vt 0.625000 0.281250
vt 0.625000 0.312500
vt 0.625000 0.343750
vt 0.625000 0.375000
vt 0.625000 0.406250
vt 0.625000 0.437500
vt 0.625000 0.468750
vt 0.625000 0.500000
vt 0.625000 0.531250
vt 0.625000 0.562500
vt 0.625000 0.593750
vt 0.625000 0.625000
vt 0.625000 0.656250
vt 0.625000 0.687500
vt 0.625000 0.718750
vt 0.625000 0.750000
vt 0.625000 0.781250
vt 0.625000 0.812500
vt 0.625000 0.843750
vt 0.625000 0.875000
vt 0.625000 0.906250
vt 0.625000 0.937500
vt 0.625000 0.968750
vt 0.625000 1.000000
vt 0.625000 1.031250
vt 0.625000 1.062500
vt 0.625000 1.093750
vt 0.625000 1.125000
vt 0.625000 1.156250
vt 0.625000 1.187500
vt 0.625000 1.218750
vt 0.625000 1.250000
vt 0.625000 1.281250
vt 0.625000 1.312500
vt 0.625000 1.343750
vt 0.625000 1.375000
vt 0.625000 1.406250
vt 0.625000 1.437500
vt 0.625000 1.468750
vt 0.625000 1.500000
vt 0.625000 1.531250
vt 0.625000 1.562500
vt 0.625000 1.593750
vt 0.625000 1.625000
vt 0.625000 1.656250
vt 0.625000 1.687500
vt 0.625000 1.718750
vt 0.625000 1.750000
vt 0.625000 1.781250
vt 0.625000 1.812500
vt 0.625000 1.843750
vt 0.625000 1.875000
vt 0.625000 1.906250
vt 0.625000 1.937500
vt 0.625000 1.968750
vt 0.625000 2.000000
vt 0.656250 0.000000
vt 0.656250 0.031250
vt 0.656250 0.062500
vt 0.656250 0.093750
vt 0.656250 0.125000
vt 0.656250 0.156250
vt 0.656250 0.187500
vt 0.656250 0.218750
vt 0.656250 0.250000
vt 0.656250 0.281250
vt 0.656250 0.312500
vt 0.656250 0.343750
vt 0.656250 0.375000
vt 0.656250 0.406250
vt 0.656250 0.437500
vt 0.656250 0.468750
vt 0.656250 0.500000
vt 0.656250 0.531250
vt 0.656250 0.562500
vt 0.656250 0.593750
vt 0.656250 0.625000
vt 0.656250 0.656250
vt 0.656250 0.687500
vt 0.656250 0.718750
vt 0.656250 0.750000
vt 0.656250 0.781250
vt 0.656250 0.812500
vt 0.656250 0.843750
vt 0.656250 0.875000
vt 0.656250 0.906250
vt 0.656250 0.937500
vt 0.656250 0.968750
vt 0.656250 1.000000
vt 0.656250 1.031250
vt 0.656250 1.062500
vt 0.656250 1.093750
vt 0.656250 1.125000
vt 0.656250 1.156250
vt 0.656250 1.187500
vt 0.656250 1.218750
vt 0.656250 1.250000
vt 0.656250 1.281250
vt 0.656250 1.312500
vt 0.656250 1.343750
vt 0.656250 1.375000
vt 0.656250 1.406250
vt 0.656250 1.437500
vt 0.656250 1.468750
vt 0.656250 1.500000
vt 0.656250 1.531250
vt 0.656250 1.562500
vt 0.656250 1.593750
vt 0.656250 1.625000
vt 0.656250 1.656250
vt 0.656250 1.687500
vt 0.656250 1.718750
vt 0.656250 1.750000
vt 0.656250 1.781250
vt 0.656250 1.812500
vt 0.656250 1.843750
vt 0.656250 1.875000
vt 0.656250 1.906250
vt 0.656250 1.937500
vt 0.656250 1.968750
vt 0.656250 2.000000
vt 0.687500 0.000000
vt 0.687500 0.031250
vt 0.687500 0.062500
vt 0.687500 0.093750
vt 0.687500 0.125000
vt 0.687500 0.156250
vt 0.687500 0.187500
vt 0.687500 0.218750
vt 0.687500 0.250000
vt 0.687500 0.281250
vt 0.687500 0.312500
vt 0.687500 0.343750
vt 0.687500 0.375000
vt 0.687500 0.406250
vt 0.687500 0.437500
vt 0.687500 0.468750
vt 0.687500 0.500000
vt 0.687500 0.531250
vt 0.687500 0.562500
vt 0.687500 0.593750
vt 0.687500 0.625000
vt 0.687500 0.656250
vt 0.687500 0.687500
vt 0.687500 0.718750
vt 0.687500 0.750000
vt 0.687500 0.781250
vt 0.687500 0.812500
vt 0.687500 0.843750
vt 0.687500 0.875000
vt 0.687500 0.906250
vt 0.687500 0.937500
vt 0.687500 0.968750
vt 0.687500 1.000000
vt 0.687500 1.031250
vt 0.687500 1.062500
vt 0.687500 1.093750
vt 0.687500 1.125000
vt 0.687500 1.156250
vt 0.687500 1.187500
vt 0.687500 1.218750
vt 0.687500 1.250000
vt 0.687500 1.281250
vt 0.687500 1.312500
vt 0.687500 1.343750
vt 0.687500 1.375000
vt 0.687500 1.406250
vt 0.687500 1.437500
vt 0.687500 1.468750
vt 0.687500 1.500000
vt 0.687500 1.531250
vt 0.687500 1.562500
vt 0.687500 1.593750
vt 0.687500 1.625000
vt 0.687500 1.656250
vt 0.687500 1.687500
vt 0.687500 1.718750
vt 0.687500 1.750000
vt 0.687500 1.781250
vt 0.687500 1.812500
vt 0.687500 1.843750
vt 0.687500 1.875000
vt 0.687500 1.906250
vt 0.687500 1.937500
vt 0.687500 1.968750
vt 0.687500 2.000000
vt 0.718750 0.000000
vt 0.718750 0.031250
vt 0.718750 0.062500
vt 0.718750 0.093750
vt 0.718750 0.125000
vt 0.718750 0.156250
vt 0.718750 0.187500
vt 0.718750 0.218750
vt 0.718750 0.250000
vt 0.718750 0.281250
vt 0.718750 0.312500
vt 0.718750 0.343750
vt 0.718750 0.375000
vt 0.718750 0.406250
vt 0.718750 0.437500
vt 0.718750 0.468750
vt 0.718750 0.500000
vt 0.718750 0.531250
vt 0.718750 0.562500
vt 0.718750 0.593750
vt 0.718750 0.625000
vt 0.718750 0.656250
vt 0.718750 0.687500
vt 0.718750 0.718750
vt 0.718750 0.750000
vt 0.718750 0.781250
vt 0.718750 0.812500
vt 0.718750 0.843750
vt 0.718750 0.875000
vt 0.718750 0.906250
vt 0.718750 0.937500
vt 0.718750 0.968750
vt 0.718750 1.000000
vt 0.718750 1.031250
vt 0.718750 1.062500
vt 0.718750 1.093750
vt 0.718750 1.125000
vt 0.718750 1.156250
vt 0.718750 1.187500
vt 0.718750 1.218750
vt 0.718750 1.250000
vt 0.718750 1.281250
vt 0.718750 1.312500
vt 0.718750 1.343750
vt 0.718750 1.375000
vt 0.718750 1.406250
vt 0.718750 1.437500
vt 0.718750 1.468750
vt 0.718750 1.500000
vt 0.718750 1.531250
vt 0.718750 1.562500
vt 0.718750 1.593750
vt 0.718750 1.625000
vt 0.718750 1.656250
vt 0.718750 1.687500
vt 0.718750 1.718750
vt 0.718750 1.750000
vt 0.718750 1.781250
vt 0.718750 1.812500
vt 0.718750 1.843750
vt 0.718750 1.875000
vt 0.718750 1.906250
vt 0.718750 1.937500
vt 0.718750 1.968750
vt 0.718750 2.000000
vt 0.750000 0.000000
vt 0.750000 0.031250
vt 0.750000 0.062500
vt 0.750000 0.093750
vt 0.750000 0.125000
vt 0.750000 0.156250
vt 0.750000 0.187500
vt 0.750000 0.218750
vt 0.750000 0.250000
vt 0.750000 0.281250
vt 0.750000 0.312500
vt 0.750000 0.343750
vt 0.750000 0.375000
vt 0.750000 0.406250
vt 0.750000 0.437500
vt 0.750000 0.468750
vt 0.750000 0.500000
vt 0.750000 0.531250
vt 0.750000 0.562500
vt 0.750000 0.593750
vt 0.750000 0.625000
vt 0.750000 0.656250
vt 0.750000 0.687500
vt 0.750000 0.718750
vt 0.750000 0.750000
vt 0.750000 0.781250
vt 0.750000 0.812500
vt 0.750000 0.843750
vt 0.750000 0.875000
vt 0.750000 0.906250
vt 0.750000 0.937500
vt 0.750000 0.968750
vt 0.750000 1.000000
vt 0.750000 1.031250
vt 0.750000 1.062500
vt 0.750000 1.093750
vt 0.750000 1.125000
vt 0.750000 1.156250
vt 0.750000 1.187500
vt 0.750000 1.218750
vt 0.750000 1.250000
vt 0.750000 1.281250
vt 0.750000 1.312500
vt 0.750000 1.343750
vt 0.750000 1.375000
vt 0.750000 1.406250
vt 0.750000 1.437500
vt 0.750000 1.468750
vt 0.750000 1.500000
vt 0.750000 1.531250
vt 0.750000 1.562500
vt 0.750000 1.593750
vt 0.750000 1.625000
vt 0.750000 1.656250
vt 0.750000 1.687500
vt 0.750000 1.718750
vt 0.750000 1.750000
vt 0.750000 1.781250
vt 0.750000 1.812500
vt 0.750000 1.843750
vt 0.750000 1.875000
vt 0.750000 1.906250
vt 0.750000 1.937500
vt 0.750000 1.968750
vt 0.750000 2.000000
vt 0.781250 0.000000
vt 0.781250 0.031250
vt 0.781250 0.062500
vt 0.781250 0.093750
vt 0.781250 0.125000
vt 0.781250 0.156250
vt 0.781250 0.187500
vt 0.781250 0.218750
vt 0.781250 0.250000
vt 0.781250 0.281250
vt 0.781250 0.312500
vt 0.781250 0.343750
vt 0.781250 0.375000
vt 0.781250 0.406250
vt 0.781250 0.437500
vt 0.781250 0.468750
vt 0.781250 0.500000
vt 0.781250 0.531250
vt 0.781250 0.562500
vt 0.781250 0.593750
vt 0.781250 0.625000
vt 0.781250 0.656250
vt 0.781250 0.687500
vt 0.781250 0.718750
vt 0.781250 0.750000
vt 0.781250 0.781250
vt 0.781250 0.812500
vt 0.781250 0.843750
vt 0.781250 0.875000
vt 0.781250 0.906250
vt 0.781250 0.937500
vt 0.781250 0.968750
vt 0.781250 1.000000
vt 0.781250 1.031250
vt 0.781250 1.062500
vt 0.781250 1.093750
vt 0.781250 1.125000
vt 0.781250 1.156250
vt 0.781250 1.187500
vt 0.781250 1.218750
vt 0.781250 1.250000
vt 0.781250 1.281250
vt 0.781250 1.312500
vt 0.781250 1.343750
vt 0.781250 1.375000
vt 0.781250 1.406250
vt 0.781250 1.437500
vt 0.781250 1.468750
vt 0.781250 1.500000
vt 0.781250 1.531250
vt 0.781250 1.562500
vt 0.781250 1.593750
vt 0.781250 1.625000
vt 0.781250 1.656250
vt 0.781250 1.687500
vt 0.781250 1.718750
vt 0.781250 1.750000
vt 0.781250 1.781250
vt 0.781250 1.812500
vt 0.781250 1.843750
vt 0.781250 1.875000
vt 0.781250 1.906250
vt 0.781250 1.937500
vt 0.781250 1.968750
vt 0.781250 2.000000
vt 0.812500 0.000000
vt 0.812500 0.031250
vt 0.812500 0.062500
vt 0.812500 0.093750
vt 0.812500 0.125000
vt 0.812500 0.156250
vt 0.812500 0.187500
vt 0.812500 0.218750
vt 0.812500 0.250000
vt 0.812500 0.281250
vt 0.812500 0.312500
vt 0.812500 0.343750
vt 0.812500 0.375000
vt 0.812500 0.406250
vt 0.812500 0.437500
vt 0.812500 0.468750
vt 0.812500 0.500000
vt 0.812500 0.531250
vt 0.812500 0.562500
vt 0.812500 0.593750
vt 0.812500 0.625000
vt 0.812500 0.656250
vt 0.812500 0.687500
vt 0.812500 0.718750
vt 0.812500 0.750000
vt 0.812500 0.781250
vt 0.812500 0.812500
vt 0.812500 0.843750
vt 0.812500 0.875000
vt 0.812500 0.906250
vt 0.812500 0.937500
vt 0.812500 0.968750
vt 0.812500 1.000000
vt 0.812500 1.031250
vt 0.812500 1.062500
vt 0.812500 1.093750
vt 0.812500 1.125000
vt 0.812500 1.156250
vt 0.812500 1.187500
vt 0.812500 1.218750
vt 0.812500 1.250000
vt 0.812500 1.281250
vt 0.812500 1.312500
vt 0.812500 1.343750
vt 0.812500 1.375000
vt 0.812500 1.406250
vt 0.812500 1.437500
vt 0.812500 1.468750
vt 0.812500 1.500000
vt 0.812500 1.531250
vt 0.812500 1.562500
vt 0.812500 1.593750
vt 0.812500 1.625000
vt 0.812500 1.656250
vt 0.812500 1.687500
vt 0.812500 1.718750
vt 0.812500 1.750000
vt 0.812500 1.781250
vt 0.812500 1.812500
vt 0.812500 1.843750
vt 0.812500 1.875000
vt 0.812500 1.906250
vt 0.812500 1.937500
vt 0.812500 1.968750
vt 0.812500 2.000000
vt 0.843750 0.000000
vt 0.843750 0.031250
vt 0.843750 0.062500
vt 0.843750 0.093750
vt 0.843750 0.125000
vt 0.843750 0.156250
vt 0.843750 0.187500
vt 0.843750 0.218750
vt 0.843750 0.250000
vt 0.843750 0.281250
vt 0.843750 0.312500
vt 0.843750 0.343750
vt 0.843750 0.375000
vt 0.843750 0.406250
vt 0.843750 0.437500
vt 0.843750 0.468750
vt 0.843750 0.500000
vt 0.843750 0.531250
vt 0.843750 0.562500
vt 0.843750 0.593750
vt 0.843750 0.625000
vt 0.843750 0.656250
vt 0.843750 0.687500
vt 0.843750 0.718750
vt 0.843750 0.750000
vt 0.843750 0.781250
vt 0.843750 0.812500
vt 0.843750 0.843750
vt 0.843750 0.875000
vt 0.843750 0.906250
vt 0.843750 0.937500
vt 0.843750 0.968750
vt 0.843750 1.000000
vt 0.843750 1.031250
vt 0.843750 1.062500
vt 0.843750 1.093750
vt 0.843750 1.125000
vt 0.843750 1.156250
vt 0.843750 1.187500
vt 0.843750 1.218750
vt 0.843750 1.250000
vt 0.843750 1.281250
vt 0.843750 1.312500
vt 0.843750 1.343750
vt 0.843750 1.375000
vt 0.843750 1.406250
vt 0.843750 1.437500
vt 0.843750 1.468750
vt 0.843750 1.500000
vt 0.843750 1.531250
vt 0.843750 1.562500
vt 0.843750 1.593750
vt 0.843750 1.625000
vt 0.843750 1.656250
vt 0.843750 1.687500
vt 0.843750 1.718750
vt 0.843750 1.750000
vt 0.843750 1.781250
vt 0.843750 1.812500
vt 0.843750 1.843750
vt 0.843750 1.875000
vt 0.843750 1.906250
vt 0.843750 1.937500
vt 0.843750 1.968750
vt 0.843750 2.000000
vt 0.875000 0.000000
vt 0.875000 0.031250
vt 0.875000 0.062500
vt 0.875000 0.093750
vt 0.875000 0.125000
vt 0.875000 0.156250
vt 0.875000 0.187500
vt 0.875000 0.218750
vt 0.875000 0.250000
vt 0.875000 0.281250
vt 0.875000 0.312500
vt 0.875000 0.343750
vt 0.875000 0.375000
vt 0.875000 0.406250
vt 0.875000 0.437500
vt 0.875000 0.468750
vt 0.875000 0.500000
vt 0.875000 0.531250
vt 0.875000 0.562500
vt 0.875000 0.593750
vt 0.875000 0.625000
vt 0.875000 0.656250
vt 0.875000 0.687500
vt 0.875000 0.718750
vt 0.875000 0.750000
vt 0.875000 0.781250
vt 0.875000 0.812500
vt 0.875000 0.843750
vt 0.875000 0.875000
vt 0.875000 0.906250
vt 0.875000 0.937500
vt 0.875000 0.968750
vt 0.875000 1.000000
vt 0.875000 1.031250
vt 0.875000 1.062500
vt 0.875000 1.093750
vt 0.875000 1.125000
vt 0.875000 1.156250
vt 0.875000 1.187500
vt 0.875000 1.218750
vt 0.875000 1.250000
vt 0.875000 1.281250
vt 0.875000 1.312500
vt 0.875000 1.343750
vt 0.875000 1.375000
vt 0.875000 1.406250
vt 0.875000 1.437500
vt 0.875000 1.468750
vt 0.875000 1.500000
vt 0.875000 1.531250
vt 0.875000 1.562500
vt 0.875000 1.593750
vt 0.875000 1.625000
vt 0.875000 1.656250
vt 0.875000 1.687500
vt 0.875000 1.718750
vt 0.875000 1.750000
vt 0.875000 1.781250
vt 0.875000 1.812500
vt 0.875000 1.843750
vt 0.875000 1.875000
vt 0.875000 1.906250
vt 0.875000 1.937500
vt 0.875000 1.968750
vt 0.875000 2.000000
vt 0.906250 0.000000
vt 0.906250 0.031250
vt 0.906250 0.062500
vt 0.906250 0.093750
vt 0.906250 0.125000
vt 0.906250 0.156250
vt 0.906250 0.187500
vt 0.906250 0.218750
vt 0.906250 0.250000
vt 0.906250 0.281250
vt 0.906250 0.312500
vt 0.906250 0.343750
vt 0.906250 0.375000
vt 0.906250 0.406250
vt 0.906250 0.437500
vt 0.906250 0.468750
vt 0.906250 0.500000
vt 0.906250 0.531250
vt 0.906250 0.562500
vt 0.906250 0.593750
vt 0.906250 0.625000
vt 0.906250 0.656250
vt 0.906250 0.687500
vt 0.906250 0.718750
vt 0.906250 0.750000
vt 0.906250 0.781250
vt 0.906250 0.812500
vt 0.906250 0.843750
vt 0.906250 0.875000
vt 0.906250 0.906250
vt 0.906250 0.937500
vt 0.906250 0.968750
vt 0.906250 1.000000
vt 0.906250 1.031250
vt 0.906250 1.062500
vt 0.906250 1.093750
vt 0.906250 1.125000
vt 0.906250 1.156250
vt 0.906250 1.187500
vt 0.906250 1.218750
vt 0.906250 1.250000
vt 0.906250 1.281250
vt 0.906250 1.312500
vt 0.906250 1.343750
vt 0.906250 1.375000
vt 0.906250 1.406250
vt 0.906250 1.437500
vt 0.906250 1.468750
vt 0.906250 1.500000
vt 0.906250 1.531250
vt 0.906250 1.562500
vt 0.906250 1.593750
vt 0.906250 1.625000
vt 0.906250 1.656250
vt 0.906250 1.687500
vt 0.906250 1.718750
vt 0.906250 1.750000
vt 0.906250 1.781250
vt 0.906250 1.812500
vt 0.906250 1.843750
vt 0.906250 1.875000
vt 0.906250 1.906250
vt 0.906250 1.937500
vt 0.906250 1.968750
vt 0.906250 2.000000
vt 0.937500 0.000000
vt 0.937500 0.031250
vt 0.937500 0.062500
vt 0.937500 0.093750
vt 0.937500 0.125000
vt 0.937500 0.156250
vt 0.937500 0.187500
vt 0.937500 0.218750
vt 0.937500 0.250000
vt 0.937500 0.281250
vt 0.937500 0.312500
vt 0.937500 0.343750
vt 0.937500 0.375000
vt 0.937500 0.406250
vt 0.937500 0.437500
vt 0.937500 0.468750
vt 0.937500 0.500000
vt 0.937500 0.531250
vt 0.937500 0.562500
vt 0.937500 0.593750
vt 0.937500 0.625000
vt 0.937500 0.656250
vt 0.937500 0.687500
vt 0.937500 0.718750
vt 0.937500 0.750000
vt 0.937500 0.781250
vt 0.937500 0.812500
vt 0.937500 0.843750
vt 0.937500 0.875000
vt 0.937500 0.906250
vt 0.937500 0.937500
vt 0.937500 0.968750
vt 0.937500 1.000000
vt 0.937500 1.031250
vt 0.937500 1.062500
vt 0.937500 1.093750
vt 0.937500 1.125000
vt 0.937500 1.156250
vt 0.937500 1.187500
vt 0.937500 1.218750
vt 0.937500 1.250000
vt 0.937500 1.281250
vt 0.937500 1.312500
vt 0.937500 1.343750
vt 0.937500 1.375000
vt 0.937500 1.406250
vt 0.937500 1.437500
vt 0.937500 1.468750
vt 0.937500 1.500000
vt 0.937500 1.531250
vt 0.937500 1.562500
vt 0.937500 1.593750
vt 0.937500 1.625000
vt 0.937500 1.656250
vt 0.937500 1.687500
vt 0.937500 1.718750
vt 0.937500 1.750000
vt 0.937500 1.781250
vt 0.937500 1.812500
vt 0.937500 1.843750
vt 0.937500 1.875000
vt 0.937500 1.906250
vt 0.937500 1.937500
vt 0.937500 1.968750
vt 0.937500 2.000000
vt 0.968750 0.000000
vt 0.968750 0.031250
vt 0.968750 0.062500
vt 0.968750 0.093750
vt 0.968750 0.125000
vt 0.968750 0.156250
vt 0.968750 0.187500
vt 0.968750 0.218750
vt 0.968750 0.250000
vt 0.968750 0.281250
vt 0.968750 0.312500
vt 0.968750 0.343750
vt 0.968750 0.375000
vt 0.968750 0.406250
vt 0.968750 0.437500
vt 0.968750 0.468750
vt 0.968750 0.500000
vt 0.968750 0.531250
vt 0.968750 0.562500
vt 0.968750 0.593750
vt 0.968750 0.625000
vt 0.968750 0.656250
vt 0.968750 0.687500
vt 0.968750 0.718750
vt 0.968750 0.750000
vt 0.968750 0.781250
vt 0.968750 0.812500
vt 0.968750 0.843750
vt 0.968750 0.875000
vt 0.968750 0.906250
vt 0.968750 0.937500
vt 0.968750 0.968750
vt 0.968750 1.000000
vt 0.968750 1.031250
vt 0.968750 1.062500
vt 0.968750 1.093750
vt 0.968750 1.125000
vt 0.968750 1.156250
vt 0.968750 1.187500
vt 0.968750 1.218750
vt 0.968750 1.250000
vt 0.968750 1.281250
vt 0.968750 1.312500
vt 0.968750 1.343750
vt 0.968750 1.375000
vt 0.968750 1.406250
vt 0.968750 1.437500
vt 0.968750 1.468750
vt 0.968750 1.500000
vt 0.968750 1.531250
vt 0.968750 1.562500
vt 0.968750 1.593750
vt 0.968750 1.625000
vt 0.968750 1.656250
vt 0.968750 1.687500
vt 0.968750 1.718750
vt 0.968750 1.750000
vt 0.968750 1.781250
vt 0.968750 1.812500
vt 0.968750 1.843750
vt 0.968750 1.875000
vt 0.968750 1.906250
vt 0.968750 1.937500
vt 0.968750 1.968750
vt 0.968750 2.000000
vt 1.000000 0.000000
vt 1.000000 0.031250
vt 1.000000 0.062500
vt 1.000000 0.093750
vt 1.000000 0.125000
vt 1.000000 0.156250
vt 1.000000 0.187500
vt 1.000000 0.218750
vt 1.000000 0.250000
vt 1.000000 0.281250
vt 1.000000 0.312500
vt 1.000000 0.343750
vt 1.000000 0.375000
vt 1.000000 0.406250
vt 1.000000 0.437500
vt 1.000000 0.468750
vt 1.000000 0.500000
vt 1.000000 0.531250
vt 1.000000 0.562500
vt 1.000000 0.593750
vt 1.000000 0.625000
vt 1.000000 0.656250
vt 1.000000 0.687500
vt 1.000000 0.718750
vt 1.000000 0.750000
vt 1.000000 0.781250
vt 1.000000 0.812500
vt 1.000000 0.843750
vt 1.000000 0.875000
vt 1.000000 0.906250
vt 1.000000 0.937500
vt 1.000000 0.968750
vt 1.000000 1.000000
vt 1.000000 1.031250
vt 1.000000 1.062500
vt 1.000000 1.093750
vt 1.000000 1.125000
vt 1.000000 1.156250
vt 1.000000 1.187500
vt 1.000000 1.218750
vt 1.000000 1.250000
vt 1.000000 1.281250
vt 1.000000 1.312500
vt 1.000000 1.343750
vt 1.000000 1.375000
vt 1.000000 1.406250
vt 1.000000 1.437500
vt 1.000000 1.468750
vt 1.000000 1.500000
vt 1.000000 1.531250
vt 1.000000 1.562500
vt 1.000000 1.593750
vt 1.000000 1.625000
vt 1.000000 1.656250
vt 1.000000 1.687500
vt 1.000000 1.718750
vt 1.000000 1.750000
vt 1.000000 1.781250
vt 1.000000 1.812500
vt 1.000000 1.843750
vt 1.000000 1.875000
vt 1.000000 1.906250
vt 1.000000 1.937500
vt 1.000000 1.968750
vt 1.000000 2.000000
vt 1.031250 0.000000
vt 1.031250 0.031250
vt 1.031250 0.062500
vt 1.031250 0.093750
vt 1.031250 0.125000
vt 1.031250 0.156250
vt 1.031250 0.187500
vt 1.031250 0.218750
vt 1.031250 0.250000
vt 1.031250 0.281250
vt 1.031250 0.312500
vt 1.031250 0.343750
vt 1.031250 0.375000
vt 1.031250 0.406250
vt 1.031250 0.437500
vt 1.031250 0.468750
vt 1.031250 0.500000
vt 1.031250 0.531250
vt 1.031250 0.562500
vt 1.031250 0.593750
vt 1.031250 0.625000
vt 1.031250 0.656250
vt 1.031250 0.687500
vt 1.031250 0.718750
vt 1.031250 0.750000
vt 1.031250 0.781250
vt 1.031250 0.812500
vt 1.031250 0.843750
vt 1.031250 0.875000
vt 1.031250 0.906250
vt 1.031250 0.937500
vt 1.031250 0.968750
vt 1.031250 1.000000
vt 1.031250 1.031250
vt 1.031250 1.062500
vt 1.031250 1.093750
vt 1.031250 1.125000
vt 1.031250 1.156250
vt 1.031250 1.187500
vt 1.031250 1.218750
vt 1.031250 1.250000
vt 1.031250 1.281250
vt 1.031250 1.312500
vt 1.031250 1.343750
vt 1.031250 1.375000
vt 1.031250 1.406250
vt 1.031250 1.437500
vt 1.031250 1.468750
vt 1.031250 1.500000
vt 1.031250 1.531250
vt 1.031250 1.562500
vt 1.031250 1.593750
vt 1.031250 1.625000
vt 1.031250 1.656250
vt 1.031250 1.687500
vt 1.031250 1.718750
vt 1.031250 1.750000
vt 1.031250 1.781250
vt 1.031250 1.812500
vt 1.031250 1.843750
vt 1.031250 1.875000
vt 1.031250 1.906250
vt 1.031250 1.937500
vt 1.031250 1.968750
vt 1.031250 2.000000
vt 1.062500 0.000000
vt 1.062500 0.031250
vt 1.062500 0.062500
vt 1.062500 0.093750
vt 1.062500 0.125000
vt 1.062500 0.156250
vt 1.062500 0.187500
vt 1.062500 0.218750
vt 1.062500 0.250000
vt 1.062500 0.281250
vt 1.062500 0.312500
vt 1.062500 0.343750
vt 1.062500 0.375000
vt 1.062500 0.406250
vt 1.062500 0.437500
vt 1.062500 0.468750
vt 1.062500 0.500000
vt 1.062500 0.531250
vt 1.062500 0.562500
vt 1.062500 0.593750
vt 1.062500 0.625000
vt 1.062500 0.656250
vt 1.062500 0.687500
vt 1.062500 0.718750
vt 1.062500 0.750000
vt 1.062500 0.781250
vt 1.062500 0.812500
vt 1.062500 0.843750
vt 1.062500 0.875000
vt 1.062500 0.906250
vt 1.062500 0.937500
vt 1.062500 0.968750
vt 1.062500 1.000000
vt 1.062500 1.031250
vt 1.062500 1.062500
vt 1.062500 1.093750
vt 1.062500 1.125000
vt 1.062500 1.156250
vt 1.062500 1.187500
vt 1.062500 1.218750
vt 1.062500 1.250000
vt 1.062500 1.281250
vt 1.062500 1.312500
vt 1.062500 1.343750
vt 1.062500 1.375000
vt 1.062500 1.406250
vt 1.062500 1.437500
vt 1.062500 1.468750
vt 1.062500 1.500000
vt 1.062500 1.531250
vt 1.062500 1.562500
vt 1.062500 1.593750
vt 1.062500 1.625000
vt 1.062500 1.656250
vt 1.062500 1.687500
vt 1.062500 1.718750
vt 1.062500 1.750000
vt 1.062500 1.781250
vt 1.062500 1.812500
vt 1.062500 1.843750
vt 1.062500 1.875000
vt 1.062500 1.906250
vt 1.062500 1.937500
vt 1.062500 1.968750
vt 1.062500 2.000000
vt 1.093750 0.000000
vt 1.093750 0.031250
vt 1.093750 0.062500
vt 1.093750 0.093750
vt 1.093750 0.125000
vt 1.093750 0.156250
vt 1.093750 0.187500
vt 1.093750 0.218750
vt 1.093750 0.250000
vt 1.093750 0.281250
vt 1.093750 0.312500
vt 1.093750 0.343750
vt 1.093750 0.375000
vt 1.093750 0.406250
vt 1.093750 0.437500
vt 1.093750 0.468750
vt 1.093750 0.500000
vt 1.093750 0.531250
vt 1.093750 0.562500
vt 1.093750 0.593750
vt 1.093750 0.625000
vt 1.093750 0.656250
vt 1.093750 0.687500
vt 1.093750 0.718750
vt 1.093750 0.750000
vt 1.093750 0.781250
vt 1.093750 0.812500
vt 1.093750 0.843750
vt 1.093750 0.875000
vt 1.093750 0.906250
vt 1.093750 0.937500
vt 1.093750 0.968750
vt 1.093750 1.000000
vt 1.093750 1.031250
vt 1.093750 1.062500
vt 1.093750 1.093750
vt 1.093750 1.125000
vt 1.093750 1.156250
vt 1.093750 1.187500
vt 1.093750 1.218750
vt 1.093750 1.250000
vt 1.093750 1.281250
vt 1.093750 1.312500
vt 1.093750 1.343750
vt 1.093750 1.375000
vt 1.093750 1.406250
vt 1.093750 1.437500
vt 1.093750 1.468750
vt 1.093750 1.500000
vt 1.093750 1.531250
vt 1.093750 1.562500
vt 1.093750 1.593750
vt 1.093750 1.625000
vt 1.093750 1.656250
vt 1.093750 1.687500
vt 1.093750 1.718750
vt 1.093750 1.750000
vt 1.093750 1.781250
vt 1.093750 1.812500
vt 1.093750 1.843750
vt 1.093750 1.875000
vt 1.093750 1.906250
vt 1.093750 1.937500
vt 1.093750 1.968750
vt 1.093750 2.000000
vt 1.125000 0.000000
vt 1.125000 0.031250
vt 1.125000 0.062500
vt 1.125000 0.093750
vt 1.125000 0.125000
vt 1.125000 0.156250
vt 1.125000 0.187500
vt 1.125000 0.218750
vt 1.125000 0.250000
vt 1.125000 0.281250
vt 1.125000 0.312500
vt 1.125000 0.343750
vt 1.125000 0.375000
vt 1.125000 0.406250
vt 1.125000 0.437500
vt 1.125000 0.468750
vt 1.125000 0.500000
vt 1.125000 0.531250
vt 1.125000 0.562500
vt 1.125000 0.593750
vt 1.125000 0.625000
vt 1.125000 0.656250
vt 1.125000 0.687500
vt 1.125000 0.718750
vt 1.125000 0.750000
vt 1.125000 0.781250
vt 1.125000 0.812500
vt 1.125000 0.843750
vt 1.125000 0.875000
vt 1.125000 0.906250
vt 1.125000 0.937500
vt 1.125000 0.968750
vt 1.125000 1.000000
vt 1.125000 1.031250
vt 1.125000 1.062500
vt 1.125000 1.093750
vt 1.125000 1.125000
vt 1.125000 1.156250
vt 1.125000 1.187500
vt 1.125000 1.218750
vt 1.125000 1.250000
vt 1.125000 1.281250
vt 1.125000 1.312500
vt 1.125000 1.343750
vt 1.125000 1.375000
vt 1.125000 1.406250
vt 1.125000 1.437500
vt 1.125000 1.468750
vt 1.125000 1.500000
vt 1.125000 1.531250
vt 1.125000 1.562500
vt 1.125000 1.593750
vt 1.125000 1.625000
vt 1.125000 1.656250
vt 1.125000 1.687500
vt 1.125000 1.718750
vt 1.125000 1.750000
vt 1.125000 1.781250
vt 1.125000 1.812500
vt 1.125000 1.843750
vt 1.125000 1.875000
vt 1.125000 1.906250
vt 1.125000 1.937500
vt 1.125000 1.968750
vt 1.125000 2.000000
vt 1.156250 0.000000
vt 1.156250 0.031250
vt 1.156250 0.062500
vt 1.156250 0.093750
vt 1.156250 0.125000
vt 1.156250 0.156250
vt 1.156250 0.187500
vt 1.156250 0.218750
vt 1.156250 0.250000
vt 1.156250 0.281250
vt 1.156250 0.312500
vt 1.156250 0.343750
vt 1.156250 0.375000
vt 1.156250 0.406250
vt 1.156250 0.437500
vt 1.156250 0.468750
vt 1.156250 0.500000
vt 1.156250 0.531250
vt 1.156250 0.562500
vt 1.156250 0.593750
vt 1.156250 0.625000
vt 1.156250 0.656250
vt 1.156250 0.687500
vt 1.156250 0.718750
vt 1.156250 0.750000
vt 1.156250 0.781250
vt 1.156250 0.812500
vt 1.156250 0.843750
vt 1.156250 0.875000
vt 1.156250 0.906250
vt 1.156250 0.937500
vt 1.156250 0.968750
vt 1.156250 1.000000
vt 1.156250 1.031250
vt 1.156250 1.062500
vt 1.156250 1.093750
vt 1.156250 1.125000
vt 1.156250 1.156250
vt 1.156250 1.187500
vt 1.156250 1.218750
vt 1.156250 1.250000
vt 1.156250 1.281250
vt 1.156250 1.312500
vt 1.156250 1.343750
vt 1.156250 1.375000
vt 1.156250 1.406250
vt 1.156250 1.437500
vt 1.156250 1.468750
vt 1.156250 1.500000
vt 1.156250 1.531250
vt 1.156250 1.562500
vt 1.156250 1.593750
vt 1.156250 1.625000
vt 1.156250 1.656250
vt 1.156250 1.687500
vt 1.156250 1.718750
vt 1.156250 1.750000
vt 1.156250 1.781250
vt 1.156250 1.812500
vt 1.156250 1.843750
vt 1.156250 1.875000
vt 1.156250 1.906250
vt 1.156250 1.937500
vt 1.156250 1.968750
vt 1.156250 2.000000
vt 1.187500 0.000000
vt 1.187500 0.031250
vt 1.187500 0.062500
vt 1.187500 0.093750
vt 1.187500 0.125000
vt 1.187500 0.156250
vt 1.187500 0.187500
vt 1.187500 0.218750
vt 1.187500 0.250000
vt 1.187500 0.281250
vt 1.187500 0.312500
vt 1.187500 0.343750
vt 1.187500 0.375000
vt 1.187500 0.406250
vt 1.187500 0.437500
vt 1.187500 0.468750
vt 1.187500 0.500000
vt 1.187500 0.531250
vt 1.187500 0.562500
vt 1.187500 0.593750
vt 1.187500 0.625000
vt 1.187500 0.656250
vt 1.187500 0.687500
vt 1.187500 0.718750
vt 1.187500 0.750000
vt 1.187500 0.781250
vt 1.187500 0.812500
vt 1.187500 0.843750
vt 1.187500 0.875000
vt 1.187500 0.906250
vt 1.187500 0.937500
vt 1.187500 0.968750
vt 1.187500 1.000000
vt 1.187500 1.031250
vt 1.187500 1.062500
vt 1.187500 1.093750
vt 1.187500 1.125000
vt 1.187500 1.156250
vt 1.187500 1.187500
vt 1.187500 1.218750
vt 1.187500 1.250000
vt 1.187500 1.281250
vt 1.187500 1.312500
vt 1.187500 1.343750
vt 1.187500 1.375000
vt 1.187500 1.406250
vt 1.187500 1.437500
vt 1.187500 1.468750
vt 1.187500 1.500000
vt 1.187500 1.531250
vt 1.187500 1.562500
vt 1.187500 1.593750
vt 1.187500 1.625000
vt 1.187500 1.656250
vt 1.187500 1.687500
vt 1.187500 1.718750
vt 1.187500 1.750000
vt 1.187500 1.781250
vt 1.187500 1.812500
vt 1.187500 1.843750
vt 1.187500 1.875000
vt 1.187500 1.906250
vt 1.187500 1.937500
vt 1.187500 1.968750
vt 1.187500 2.000000
vt 1.218750 0.000000
vt 1.218750 0.031250
vt 1.218750 0.062500
vt 1.218750 0.093750
vt 1.218750 0.125000
vt 1.218750 0.156250
vt 1.218750 0.187500
vt 1.218750 0.218750
vt 1.218750 0.250000
vt 1.218750 0.281250
vt 1.218750 0.312500
vt 1.218750 0.343750
vt 1.218750 0.375000
vt 1.218750 0.406250
vt 1.218750 0.437500
vt 1.218750 0.468750
vt 1.218750 0.500000
vt 1.218750 0.531250
vt 1.218750 0.562500
vt 1.218750 0.593750
vt 1.218750 0.625000
vt 1.218750 0.656250
vt 1.218750 0.687500
vt 1.218750 0.718750
vt 1.218750 0.750000
vt 1.218750 0.781250
vt 1.218750 0.812500
vt 1.218750 0.843750
vt 1.218750 0.875000
vt 1.218750 0.906250
vt 1.218750 0.937500
vt 1.218750 0.968750
vt 1.218750 1.000000
vt 1.218750 1.031250
vt 1.218750 1.062500
vt 1.218750 1.093750
vt 1.218750 1.125000
vt 1.218750 1.156250
vt 1.218750 1.187500
vt 1.218750 1.218750
vt 1.218750 1.250000
vt 1.218750 1.281250
vt 1.218750 1.312500
vt 1.218750 1.343750
vt 1.218750 1.375000
vt 1.218750 1.406250
vt 1.218750 1.437500
vt 1.218750 1.468750
vt 1.218750 1.500000
vt 1.218750 1.531250
vt 1.218750 1.562500
vt 1.218750 1.593750
vt 1.218750 1.625000
vt 1.218750 1.656250
vt 1.218750 1.687500
vt 1.218750 1.718750
vt 1.218750 1.750000
vt 1.218750 1.781250
vt 1.218750 1.812500
vt 1.218750 1.843750
vt 1.218750 1.875000
vt 1.218750 1.906250
vt 1.218750 1.937500
vt 1.218750 1.968750
vt 1.218750 2.000000
vt 1.250000 0.000000
vt 1.250000 0.031250
vt 1.250000 0.062500
vt 1.250000 0.093750
vt 1.250000 0.125000
vt 1.250000 0.156250
vt 1.250000 0.187500
vt 1.250000 0.218750
vt 1.250000 0.250000
vt 1.250000 0.281250
vt 1.250000 0.312500
vt 1.250000 0.343750
vt 1.250000 0.375000
vt 1.250000 0.406250
vt 1.250000 0.437500
vt 1.250000 0.468750
vt 1.250000 0.500000
vt 1.250000 0.531250
vt 1.250000 0.562500
vt 1.250000 0.593750
vt 1.250000 0.625000
vt 1.250000 0.656250
vt 1.250000 0.687500
vt 1.250000 0.718750
vt 1.250000 0.750000
vt 1.250000 0.781250
vt 1.250000 0.812500
vt 1.250000 0.843750
vt 1.250000 0.875000
vt 1.250000 0.906250
vt 1.250000 0.937500
vt 1.250000 0.968750
vt 1.250000 1.000000
vt 1.250000 1.031250
vt 1.250000 1.062500
vt 1.250000 1.093750
vt 1.250000 1.125000
vt 1.250000 1.156250
vt 1.250000 1.187500
vt 1.250000 1.218750
vt 1.250000 1.250000
vt 1.250000 1.281250
vt 1.250000 1.312500
vt 1.250000 1.343750
vt 1.250000 1.375000
vt 1.250000 1.406250
vt 1.250000 1.437500
vt 1.250000 1.468750
vt 1.250000 1.500000
vt 1.250000 1.531250
vt 1.250000 1.562500
vt 1.250000 1.593750
vt 1.250000 1.625000
vt 1.250000 1.656250
vt 1.250000 1.687500
vt 1.250000 1.718750
vt 1.250000 1.750000
vt 1.250000 1.781250
vt 1.250000 1.812500
vt 1.250000 1.843750
vt 1.250000 1.875000
vt 1.250000 1.906250
vt 1.250000 1.937500
vt 1.250000 1.968750
vt 1.250000 2.000000
vt 1.281250 0.000000
vt 1.281250 0.031250
vt 1.281250 0.062500
vt 1.281250 0.093750
vt 1.281250 0.125000
vt 1.281250 0.156250
vt 1.281250 0.187500
vt 1.281250 0.218750
vt 1.281250 0.250000
vt 1.281250 0.281250
vt 1.281250 0.312500
vt 1.281250 0.343750
vt 1.281250 0.375000
vt 1.281250 0.406250
vt 1.281250 0.437500
vt 1.281250 0.468750
vt 1.281250 0.500000
vt 1.281250 0.531250
vt 1.281250 0.562500
vt 1.281250 0.593750
vt 1.281250 0.625000
vt 1.281250 0.656250
vt 1.281250 0.687500
vt 1.281250 0.718750
vt 1.281250 0.750000
vt 1.281250 0.781250
vt 1.281250 0.812500
vt 1.281250 0.843750
vt 1.281250 0.875000
vt 1.281250 0.906250
vt 1.281250 0.937500
vt 1.281250 0.968750
vt 1.281250 1.000000
vt 1.281250 1.031250
vt 1.281250 1.062500
vt 1.281250 1.093750
vt 1.281250 1.125000
vt 1.281250 1.156250
vt 1.281250 1.187500
vt 1.281250 1.218750
vt 1.281250 1.250000
vt 1.281250 1.281250
vt 1.281250 1.312500
vt 1.281250 1.343750
vt 1.281250 1.375000
vt 1.281250 1.406250
vt 1.281250 1.437500
vt 1.281250 1.468750
vt 1.281250 1.500000
vt 1.281250 1.531250
vt 1.281250 1.562500
vt 1.281250 1.593750
vt 1.281250 1.625000
vt 1.281250 1.656250
vt 1.281250 1.687500
vt 1.281250 1.718750
vt 1.281250 1.750000
vt 1.281250 1.781250
vt 1.281250 1.812500
vt 1.281250 1.843750
vt 1.281250 1.875000
vt 1.281250 1.906250
vt 1.281250 1.937500
vt 1.281250 1.968750
vt 1.281250 2.000000
vt 1.312500 0.000000
vt 1.312500 0.031250
vt 1.312500 0.062500
vt 1.312500 0.093750
vt 1.312500 0.125000
vt 1.312500 0.156250
vt 1.312500 0.187500
vt 1.312500 0.218750
vt 1.312500 0.250000
vt 1.312500 0.281250
vt 1.312500 0.312500
vt 1.312500 0.343750
vt 1.312500 0.375000
vt 1.312500 0.406250
vt 1.312500 0.437500
vt 1.312500 0.468750
vt 1.312500 0.500000
vt 1.312500 0.531250
vt 1.312500 0.562500
vt 1.312500 0.593750
vt 1.312500 0.625000
vt 1.312500 0.656250
vt 1.312500 0.687500
vt 1.312500 0.718750
vt 1.312500 0.750000
vt 1.312500 0.781250
vt 1.312500 0.812500
vt 1.312500 0.843750
vt 1.312500 0.875000
vt 1.312500 0.906250
vt 1.312500 0.937500
vt 1.312500 0.968750
vt 1.312500 1.000000
vt 1.312500 1.031250
vt 1.312500 1.062500
vt 1.312500 1.093750
vt 1.312500 1.125000
vt 1.312500 1.156250
vt 1.312500 1.187500
vt 1.312500 1.218750
vt 1.312500 1.250000
vt 1.312500 1.281250
vt 1.312500 1.312500
vt 1.312500 1.343750
vt 1.312500 1.375000
vt 1.312500 1.406250
vt 1.312500 1.437500
vt 1.312500 1.468750
vt 1.312500 1.500000
vt 1.312500 1.531250
vt 1.312500 1.562500
vt 1.312500 1.593750
vt 1.312500 1.625000
vt 1.312500 1.656250
vt 1.312500 1.687500
vt 1.312500 1.718750
vt 1.312500 1.750000
vt 1.312500 1.781250
vt 1.312500 1.812500
vt 1.312500 1.843750
vt 1.312500 1.875000
vt 1.312500 1.906250
vt 1.312500 1.937500
vt 1.312500 1.968750
vt 1.312500 2.000000
vt 1.343750 0.000000
vt 1.343750 0.031250
vt 1.343750 0.062500
vt 1.343750 0.093750
vt 1.343750 0.125000
vt 1.343750 0.156250
vt 1.343750 0.187500
vt 1.343750 0.218750
vt 1.343750 0.250000
vt 1.343750 0.281250
vt 1.343750 0.312500
vt 1.343750 0.343750
vt 1.343750 0.375000
vt 1.343750 0.406250
vt 1.343750 0.437500
vt 1.343750 0.468750
vt 1.343750 0.500000
vt 1.343750 0.531250
vt 1.343750 0.562500
vt 1.343750 0.593750
vt 1.343750 0.625000
vt 1.343750 0.656250
vt 1.343750 0.687500
vt 1.343750 0.718750
vt 1.343750 0.750000
vt 1.343750 0.781250
vt 1.343750 0.812500
vt 1.343750 0.843750
vt 1.343750 0.875000
vt 1.343750 0.906250
vt 1.343750 0.937500
vt 1.343750 0.968750
vt 1.343750 1.000000
vt 1.343750 1.031250
vt 1.343750 1.062500
vt 1.343750 1.093750
vt 1.343750 1.125000
vt 1.343750 1.156250
vt 1.343750 1.187500
vt 1.343750 1.218750
vt 1.343750 1.250000
vt 1.343750 1.281250
vt 1.343750 1.312500
vt 1.343750 1.343750
vt 1.343750 1.375000
vt 1.343750 1.406250
vt 1.343750 1.437500
vt 1.343750 1.468750
vt 1.343750 1.500000
vt 1.343750 1.531250
vt 1.343750 1.562500
vt 1.343750 1.593750
vt 1.343750 1.625000
vt 1.343750 1.656250
vt 1.343750 1.687500
vt 1.343750 1.718750
vt 1.343750 1.750000
vt 1.343750 1.781250
vt 1.343750 1.812500
vt 1.343750 1.843750
vt 1.343750 1.875000
vt 1.343750 1.906250
vt 1.343750 1.937500
vt 1.343750 1.968750
vt 1.343750 2.000000
vt 1.375000 0.000000
vt 1.375000 0.031250
vt 1.375000 0.062500
vt 1.375000 0.093750
vt 1.375000 0.125000
vt 1.375000 0.156250
vt 1.375000 0.187500
vt 1.375000 0.218750
vt 1.375000 0.250000
vt 1.375000 0.281250
vt 1.375000 0.312500
vt 1.375000 0.343750
vt 1.375000 0.375000
vt 1.375000 0.406250
vt 1.375000 0.437500
vt 1.375000 0.468750
vt 1.375000 0.500000
vt 1.375000 0.531250
vt 1.375000 0.562500
vt 1.375000 0.593750
vt 1.375000 0.625000
vt 1.375000 0.656250
vt 1.375000 0.687500
vt 1.375000 0.718750
vt 1.375000 0.750000
vt 1.375000 0.781250
vt 1.375000 0.812500
vt 1.375000 0.843750
vt 1.375000 0.875000
vt 1.375000 0.906250
vt 1.375000 0.937500
vt 1.375000 0.968750
vt 1.375000 1.000000
vt 1.375000 1.031250
vt 1.375000 1.062500
vt 1.375000 1.093750
vt 1.375000 1.125000
vt 1.375000 1.156250
vt 1.375000 1.187500
vt 1.375000 1.218750
vt 1.375000 1.250000
vt 1.375000 1.281250
vt 1.375000 1.312500
vt 1.375000 1.343750
vt 1.375000 1.375000
vt 1.375000 1.406250
vt 1.375000 1.437500
vt 1.375000 1.468750
vt 1.375000 1.500000
vt 1.375000 1.531250
vt 1.375000 1.562500
vt 1.375000 1.593750
vt 1.375000 1.625000
vt 1.375000 1.656250
vt 1.375000 1.687500
vt 1.375000 1.718750
vt 1.375000 1.750000
vt 1.375000 1.781250
vt 1.375000 1.812500
vt 1.375000 1.843750
vt 1.375000 1.875000
vt 1.375000 1.906250
vt 1.375000 1.937500
vt 1.375000 1.968750
vt 1.375000 2.000000
vt 1.406250 0.000000
vt 1.406250 0.031250
vt 1.406250 0.062500
vt 1.406250 0.093750
vt 1.406250 0.125000
vt 1.406250 0.156250
vt 1.406250 0.187500
vt 1.406250 0.218750
vt 1.406250 0.250000
vt 1.406250 0.281250
vt 1.406250 0.312500
vt 1.406250 0.343750
vt 1.406250 0.375000
vt 1.406250 0.406250
vt 1.406250 0.437500
vt 1.406250 0.468750
vt 1.406250 0.500000
vt 1.406250 0.531250
vt 1.406250 0.562500
vt 1.406250 0.593750
vt 1.406250 0.625000
vt 1.406250 0.656250
vt 1.406250 0.687500
vt 1.406250 0.718750
vt 1.406250 0.750000
vt 1.406250 0.781250
vt 1.406250 0.812500
vt 1.406250 0.843750
vt 1.406250 0.875000
vt 1.406250 0.906250
vt 1.406250 0.937500
vt 1.406250 0.968750
vt 1.406250 1.000000
vt 1.406250 1.031250
vt 1.406250 1.062500
vt 1.406250 1.093750
vt 1.406250 1.125000
vt 1.406250 1.156250
vt 1.406250 1.187500
vt 1.406250 1.218750
vt 1.406250 1.250000
vt 1.406250 1.281250
vt 1.406250 1.312500
vt 1.406250 1.343750
vt 1.406250 1.375000
vt 1.406250 1.406250
vt 1.406250 1.437500
vt 1.406250 1.468750
vt 1.406250 1.500000
vt 1.406250 1.531250
vt 1.406250 1.562500
vt 1.406250 1.593750
vt 1.406250 1.625000
vt 1.406250 1.656250
vt 1.406250 1.687500
vt 1.406250 1.718750
vt 1.406250 1.750000
vt 1.406250 1.781250
vt 1.406250 1.812500
vt 1.406250 1.843750
vt 1.406250 1.875000
vt 1.406250 1.906250
vt 1.406250 1.937500
vt 1.406250 1.968750
vt 1.406250 2.000000
vt 1.437500 0.000000
vt 1.437500 0.031250
vt 1.437500 0.062500
vt 1.437500 0.093750
vt 1.437500 0.125000
vt 1.437500 0.156250
vt 1.437500 0.187500
vt 1.437500 0.218750
vt 1.437500 0.250000
vt 1.437500 0.281250
vt 1.437500 0.312500
vt 1.437500 0.343750
vt 1.437500 0.375000
vt 1.437500 0.406250
vt 1.437500 0.437500
vt 1.437500 0.468750
vt 1.437500 0.500000
vt 1.437500 0.531250
vt 1.437500 0.562500
vt 1.437500 0.593750
vt 1.437500 0.625000
vt 1.437500 0.656250
vt 1.437500 0.687500
vt 1.437500 0.718750
vt 1.437500 0.750000
vt 1.437500 0.781250
vt 1.437500 0.812500
vt 1.437500 0.843750
vt 1.437500 0.875000
vt 1.437500 0.906250
vt 1.437500 0.937500
vt 1.437500 0.968750
vt 1.437500 1.000000
vt 1.437500 1.031250
vt 1.437500 1.062500
vt 1.437500 1.093750
vt 1.437500 1.125000
vt 1.437500 1.156250
vt 1.437500 1.187500
vt 1.437500 1.218750
vt 1.437500 1.250000
vt 1.437500 1.281250
vt 1.437500 1.312500
vt 1.437500 1.343750
vt 1.437500 1.375000
vt 1.437500 1.406250
vt 1.437500 1.437500
vt 1.437500 1.468750
vt 1.437500 1.500000
vt 1.437500 1.531250
vt 1.437500 1.562500
vt 1.437500 1.593750
vt 1.437500 1.625000
vt 1.437500 1.656250
vt 1.437500 1.687500
vt 1.437500 1.718750
vt 1.437500 1.750000
vt 1.437500 1.781250
vt 1.437500 1.812500
vt 1.437500 1.843750
vt 1.437500 1.875000
vt 1.437500 1.906250
vt 1.437500 1.937500
vt 1.437500 1.968750
vt 1.437500 2.000000
vt 1.468750 0.000000
vt 1.468750 0.031250
vt 1.468750 0.062500
vt 1.468750 0.093750
vt 1.468750 0.125000
vt 1.468750 0.156250
vt 1.468750 0.187500
vt 1.468750 0.218750
vt 1.468750 0.250000
vt 1.468750 0.281250
vt 1.468750 0.312500
vt 1.468750 0.343750
vt 1.468750 0.375000
vt 1.468750 0.406250
vt 1.468750 0.437500
vt 1.468750 0.468750
vt 1.468750 0.500000
vt 1.468750 0.531250
vt 1.468750 0.562500
vt 1.468750 0.593750
vt 1.468750 0.625000
vt 1.468750 0.656250
vt 1.468750 0.687500
vt 1.468750 0.718750
vt 1.468750 0.750000
vt 1.468750 0.781250
vt 1.468750 0.812500
vt 1.468750 0.843750
vt 1.468750 0.875000
vt 1.468750 0.906250
vt 1.468750 0.937500
vt 1.468750 0.968750
vt 1.468750 1.000000
vt 1.468750 1.031250
vt 1.468750 1.062500
vt 1.468750 1.093750
vt 1.468750 1.125000
vt 1.468750 1.156250
vt 1.468750 1.187500
vt 1.468750 1.218750
vt 1.468750 1.250000
vt 1.468750 1.281250
vt 1.468750 1.312500
vt 1.468750 1.343750
vt 1.468750 1.375000
vt 1.468750 1.406250
vt 1.468750 1.437500
vt 1.468750 1.468750
vt 1.468750 1.500000
vt 1.468750 1.531250
vt 1.468750 1.562500
vt 1.468750 1.593750
vt 1.468750 1.625000
vt 1.468750 1.656250
vt 1.468750 1.687500
vt 1.468750 1.718750
vt 1.468750 1.750000
vt 1.468750 1.781250
vt 1.468750 1.812500
vt 1.468750 1.843750
vt 1.468750 1.875000
vt 1.468750 1.906250
vt 1.468750 1.937500
vt 1.468750 1.968750
vt 1.468750 2.000000
vt 1.500000 0.000000
vt 1.500000 0.031250
vt 1.500000 0.062500
vt 1.500000 0.093750
vt 1.500000 0.125000
vt 1.500000 0.156250
vt 1.500000 0.187500
vt 1.500000 0.218750
vt 1.500000 0.250000
vt 1.500000 0.281250
vt 1.500000 0.312500
vt 1.500000 0.343750
vt 1.500000 0.375000
vt 1.500000 0.406250
vt 1.500000 0.437500
vt 1.500000 0.468750
vt 1.500000 0.500000
vt 1.500000 0.531250
vt 1.500000 0.562500
vt 1.500000 0.593750
vt 1.500000 0.625000
vt 1.500000 0.656250
vt 1.500000 0.687500
vt 1.500000 0.718750
vt 1.500000 0.750000
vt 1.500000 0.781250
vt 1.500000 0.812500
vt 1.500000 0.843750
vt 1.500000 0.875000
vt 1.500000 0.906250
vt 1.500000 0.937500
vt 1.500000 0.968750
vt 1.500000 1.000000
vt 1.500000 1.031250
vt 1.500000 1.062500
vt 1.500000 1.093750
vt 1.500000 1.125000
vt 1.500000 1.156250
vt 1.500000 1.187500
vt 1.500000 1.218750
vt 1.500000 1.250000
vt 1.500000 1.281250
vt 1.500000 1.312500
vt 1.500000 1.343750
vt 1.500000 1.375000
vt 1.500000 1.406250
vt 1.500000 1.437500
vt 1.500000 1.468750
vt 1.500000 1.500000
vt 1.500000 1.531250
vt 1.500000 1.562500
vt 1.500000 1.593750
vt 1.500000 1.625000
vt 1.500000 1.656250
vt 1.500000 1.687500
vt 1.500000 1.718750
vt 1.500000 1.750000
vt 1.500000 1.781250
vt 1.500000 1.812500
vt 1.500000 1.843750
vt 1.500000 1.875000
vt 1.500000 1.906250
vt 1.500000 1.937500
vt 1.500000 1.968750
vt 1.500000 2.000000
vt 1.531250 0.000000
vt 1.531250 0.031250
vt 1.531250 0.062500
vt 1.531250 0.093750
vt 1.531250 0.125000
vt 1.531250 0.156250
vt 1.531250 0.187500
vt 1.531250 0.218750
vt 1.531250 0.250000
vt 1.531250 0.281250
vt 1.531250 0.312500
vt 1.531250 0.343750
vt 1.531250 0.375000
vt 1.531250 0.406250
vt 1.531250 0.437500
vt 1.531250 0.468750
vt 1.531250 0.500000
vt 1.531250 0.531250
vt 1.531250 0.562500
vt 1.531250 0.593750
vt 1.531250 0.625000
vt 1.531250 0.656250
vt 1.531250 0.687500
vt 1.531250 0.718750
vt 1.531250 0.750000
vt 1.531250 0.781250
vt 1.531250 0.812500
vt 1.531250 0.843750
vt 1.531250 0.875000
vt 1.531250 0.906250
vt 1.531250 0.937500
vt 1.531250 0.968750
vt 1.531250 1.000000
vt 1.531250 1.031250
vt 1.531250 1.062500
vt 1.531250 1.093750
vt 1.531250 1.125000
vt 1.531250 1.156250
vt 1.531250 1.187500
vt 1.531250 1.218750
vt 1.531250 1.250000
vt 1.531250 1.281250
vt 1.531250 1.312500
vt 1.531250 1.343750
vt 1.531250 1.375000
vt 1.531250 1.406250
vt 1.531250 1.437500
vt 1.531250 1.468750
vt 1.531250 1.500000
vt 1.531250 1.531250
vt 1.531250 1.562500
vt 1.531250 1.593750
vt 1.531250 1.625000
vt 1.531250 1.656250
vt 1.531250 1.687500
vt 1.531250 1.718750
vt 1.531250 1.750000
vt 1.531250 1.781250
vt 1.531250 1.812500
vt 1.531250 1.843750
vt 1.531250 1.875000
vt 1.531250 1.906250
vt 1.531250 1.937500
vt 1.531250 1.968750
vt 1.531250 2.000000
vt 1.562500 0.000000
vt 1.562500 0.031250
vt 1.562500 0.062500
vt 1.562500 0.093750
vt 1.562500 0.125000
vt 1.562500 0.156250
vt 1.562500 0.187500
vt 1.562500 0.218750
vt 1.562500 0.250000
vt 1.562500 0.281250
vt 1.562500 0.312500
vt 1.562500 0.343750
vt 1.562500 0.375000
vt 1.562500 0.406250
vt 1.562500 0.437500
vt 1.562500 0.468750
vt 1.562500 0.500000
vt 1.562500 0.531250
vt 1.562500 0.562500
vt 1.562500 0.593750
vt 1.562500 0.625000
vt 1.562500 0.656250
vt 1.562500 0.687500
vt 1.562500 0.718750
vt 1.562500 0.750000
vt 1.562500 0.781250
vt 1.562500 0.812500
vt 1.562500 0.843750
vt 1.562500 0.875000
vt 1.562500 0.906250
vt 1.562500 0.937500
vt 1.562500 0.968750
vt 1.562500 1.000000
vt 1.562500 1.031250
vt 1.562500 1.062500
vt 1.562500 1.093750
vt 1.562500 1.125000
vt 1.562500 1.156250
vt 1.562500 1.187500
vt 1.562500 1.218750
vt 1.562500 1.250000
vt 1.562500 1.281250
vt 1.562500 1.312500
vt 1.562500 1.343750
vt 1.562500 1.375000
vt 1.562500 1.406250
vt 1.562500 1.437500
vt 1.562500 1.468750
vt 1.562500 1.500000
vt 1.562500 1.531250
vt 1.562500 1.562500
vt 1.562500 1.593750
vt 1.562500 1.625000
vt 1.562500 1.656250
vt 1.562500 1.687500
vt 1.562500 1.718750
vt 1.562500 1.750000
vt 1.562500 1.781250
vt 1.562500 1.812500
vt 1.562500 1.843750
vt 1.562500 1.875000
vt 1.562500 1.906250
vt 1.562500 1.937500
vt 1.562500 1.968750
vt 1.562500 2.000000
vt 1.593750 0.000000
vt 1.593750 0.031250
vt 1.593750 0.062500
vt 1.593750 0.093750
vt 1.593750 0.125000
vt 1.593750 0.156250
vt 1.593750 0.187500
vt 1.593750 0.218750
vt 1.593750 0.250000
vt 1.593750 0.281250
vt 1.593750 0.312500
vt 1.593750 0.343750
vt 1.593750 0.375000
vt 1.593750 0.406250
vt 1.593750 0.437500
vt 1.593750 0.468750
vt 1.593750 0.500000
vt 1.593750 0.531250
vt 1.593750 0.562500
vt 1.593750 0.593750
vt 1.593750 0.625000
vt 1.593750 0.656250
vt 1.593750 0.687500
vt 1.593750 0.718750
vt 1.593750 0.750000
vt 1.593750 0.781250
vt 1.593750 0.812500
vt 1.593750 0.843750
vt 1.593750 0.875000
vt 1.593750 0.906250
vt 1.593750 0.937500
vt 1.593750 0.968750
vt 1.593750 1.000000
vt 1.593750 1.031250
vt 1.593750 1.062500
vt 1.593750 1.093750
vt 1.593750 1.125000
vt 1.593750 1.156250
vt 1.593750 1.187500
vt 1.593750 1.218750
vt 1.593750 1.250000
vt 1.593750 1.281250
vt 1.593750 1.312500
vt 1.593750 1.343750
vt 1.593750 1.375000
vt 1.593750 1.406250
vt 1.593750 1.437500
vt 1.593750 1.468750
vt 1.593750 1.500000
vt 1.593750 1.531250
vt 1.593750 1.562500
vt 1.593750 1.593750
vt 1.593750 1.625000
vt 1.593750 1.656250
vt 1.593750 1.687500
vt 1.593750 1.718750
vt 1.593750 1.750000
vt 1.593750 1.781250
vt 1.593750 1.812500
vt 1.593750 1.843750
vt 1.593750 1.875000
vt 1.593750 1.906250
vt 1.593750 1.937500
vt 1.593750 1.968750
vt 1.593750 2.000000
vt 1.625000 0.000000
vt 1.625000 0.031250
vt 1.625000 0.062500
vt 1.625000 0.093750
vt 1.625000 0.125000
vt 1.625000 0.156250
vt 1.625000 0.187500
vt 1.625000 0.218750
vt 1.625000 0.250000
vt 1.625000 0.281250
vt 1.625000 0.312500
vt 1.625000 0.343750
vt 1.625000 0.375000
vt 1.625000 0.406250
vt 1.625000 0.437500
vt 1.625000 0.468750
vt 1.625000 0.500000
vt 1.625000 0.531250
vt 1.625000 0.562500
vt 1.625000 0.593750
vt 1.625000 0.625000
vt 1.625000 0.656250
vt 1.625000 0.687500
vt 1.625000 0.718750
vt 1.625000 0.750000
vt 1.625000 0.781250
vt 1.625000 0.812500
vt 1.625000 0.843750
vt 1.625000 0.875000
vt 1.625000 0.906250
vt 1.625000 0.937500
vt 1.625000 0.968750
vt 1.625000 1.000000
vt 1.625000 1.031250
vt 1.625000 1.062500
vt 1.625000 1.093750
vt 1.625000 1.125000
vt 1.625000 1.156250
vt 1.625000 1.187500
vt 1.625000 1.218750
vt 1.625000 1.250000
vt 1.625000 1.281250
vt 1.625000 1.312500
vt 1.625000 1.343750
vt 1.625000 1.375000
vt 1.625000 1.406250
vt 1.625000 1.437500
vt 1.625000 1.468750
vt 1.625000 1.500000
vt 1.625000 1.531250
vt 1.625000 1.562500
vt 1.625000 1.593750
vt 1.625000 1.625000
vt 1.625000 1.656250
vt 1.625000 1.687500
vt 1.625000 1.718750
vt 1.625000 1.750000
vt 1.625000 1.781250
vt 1.625000 1.812500
vt 1.625000 1.843750
vt 1.625000 1.875000
vt 1.625000 1.906250
vt 1.625000 1.937500
vt 1.625000 1.968750
vt 1.625000 2.000000
vt 1.656250 0.000000
vt 1.656250 0.031250
vt 1.656250 0.062500
vt 1.656250 0.093750
vt 1.656250 0.125000
vt 1.656250 0.156250
vt 1.656250 0.187500
vt 1.656250 0.218750
vt 1.656250 0.250000
vt 1.656250 0.281250
vt 1.656250 0.312500
vt 1.656250 0.343750
vt 1.656250 0.375000
vt 1.656250 0.406250
vt 1.656250 0.437500
vt 1.656250 0.468750
vt 1.656250 0.500000
vt 1.656250 0.531250
vt 1.656250 0.562500
vt 1.656250 0.593750
vt 1.656250 0.625000
vt 1.656250 0.656250
vt 1.656250 0.687500
vt 1.656250 0.718750
vt 1.656250 0.750000
vt 1.656250 0.781250
vt 1.656250 0.812500
vt 1.656250 0.843750
vt 1.656250 0.875000
vt 1.656250 0.906250
vt 1.656250 0.937500
vt 1.656250 0.968750
vt 1.656250 1.000000
vt 1.656250 1.031250
vt 1.656250 1.062500
vt 1.656250 1.093750
vt 1.656250 1.125000
vt 1.656250 1.156250
vt 1.656250 1.187500
vt 1.656250 1.218750
vt 1.656250 1.250000
vt 1.656250 1.281250
vt 1.656250 1.312500
vt 1.656250 1.343750
vt 1.656250 1.375000
vt 1.656250 1.406250
vt 1.656250 1.437500
vt 1.656250 1.468750
vt 1.656250 1.500000
vt 1.656250 1.531250
vt 1.656250 1.562500
vt 1.656250 1.593750
vt 1.656250 1.625000
vt 1.656250 1.656250
vt 1.656250 1.687500
vt 1.656250 1.718750
vt 1.656250 1.750000
vt 1.656250 1.781250
vt 1.656250 1.812500
vt 1.656250 1.843750
vt 1.656250 1.875000
vt 1.656250 1.906250
vt 1.656250 1.937500
vt 1.656250 1.968750
vt 1.656250 2.000000
vt 1.687500 0.000000
vt 1.687500 0.031250
vt 1.687500 0.062500
vt 1.687500 0.093750
vt 1.687500 0.125000
vt 1.687500 0.156250
vt 1.687500 0.187500
vt 1.687500 0.218750
vt 1.687500 0.250000
vt 1.687500 0.281250
vt 1.687500 0.312500
vt 1.687500 0.343750
vt 1.687500 0.375000
vt 1.687500 0.406250
vt 1.687500 0.437500
vt 1.687500 0.468750
vt 1.687500 0.500000
vt 1.687500 0.531250
vt 1.687500 0.562500
vt 1.687500 0.593750
vt 1.687500 0.625000
vt 1.687500 0.656250
vt 1.687500 0.687500
vt 1.687500 0.718750
vt 1.687500 0.750000
vt 1.687500 0.781250
vt 1.687500 0.812500
vt 1.687500 0.843750
vt 1.687500 0.875000
vt 1.687500 0.906250
vt 1.687500 0.937500
vt 1.687500 0.968750
vt 1.687500 1.000000
vt 1.687500 1.031250
vt 1.687500 1.062500
vt 1.687500 1.093750
vt 1.687500 1.125000
vt 1.687500 1.156250
vt 1.687500 1.187500
vt 1.687500 1.218750
vt 1.687500 1.250000
vt 1.687500 1.281250
vt 1.687500 1.312500
vt 1.687500 1.343750
vt 1.687500 1.375000
vt 1.687500 1.406250
vt 1.687500 1.437500
vt 1.687500 1.468750
vt 1.687500 1.500000
vt 1.687500 1.531250
vt 1.687500 1.562500
vt 1.687500 1.593750
vt 1.687500 1.625000
vt 1.687500 1.656250
vt 1.687500 1.687500
vt 1.687500 1.718750
vt 1.687500 1.750000
vt 1.687500 1.781250
vt 1.687500 1.812500
vt 1.687500 1.843750
vt 1.687500 1.875000
vt 1.687500 1.906250
vt 1.687500 1.937500
vt 1.687500 1.968750
vt 1.687500 2.000000
vt 1.718750 0.000000
vt 1.718750 0.031250
vt 1.718750 0.062500
vt 1.718750 0.093750
vt 1.718750 0.125000
vt 1.718750 0.156250
vt 1.718750 0.187500
vt 1.718750 0.218750
vt 1.718750 0.250000
vt 1.718750 0.281250
vt 1.718750 0.312500
vt 1.718750 0.343750
vt 1.718750 0.375000
vt 1.718750 0.406250
vt 1.718750 0.437500
vt 1.718750 0.468750
vt 1.718750 0.500000
vt 1.718750 0.531250
vt 1.718750 0.562500
vt 1.718750 0.593750
vt 1.718750 0.625000
vt 1.718750 0.656250
vt 1.718750 0.687500
vt 1.718750 0.718750
vt 1.718750 0.750000
vt 1.718750 0.781250
vt 1.718750 0.812500
vt 1.718750 0.843750
vt 1.718750 0.875000
vt 1.718750 0.906250
vt 1.718750 0.937500
vt 1.718750 0.968750
vt 1.718750 1.000000
vt 1.718750 1.031250
vt 1.718750 1.062500
vt 1.718750 1.093750
vt 1.718750 1.125000
vt 1.718750 1.156250
vt 1.718750 1.187500
vt 1.718750 1.218750
vt 1.718750 1.250000
vt 1.718750 1.281250
vt 1.718750 1.312500
vt 1.718750 1.343750
vt 1.718750 1.375000
vt 1.718750 1.406250
vt 1.718750 1.437500
vt 1.718750 1.468750
vt 1.718750 1.500000
vt 1.718750 1.531250
vt 1.718750 1.562500
vt 1.718750 1.593750
vt 1.718750 1.625000
vt 1.718750 1.656250
vt 1.718750 1.687500
vt 1.718750 1.718750
vt 1.718750 1.750000
vt 1.718750 1.781250
vt 1.718750 1.812500
vt 1.718750 1.843750
vt 1.718750 1.875000
vt 1.718750 1.906250
vt 1.718750 1.937500
vt 1.718750 1.968750
vt 1.718750 2.000000
vt 1.750000 0.000000
vt 1.750000 0.031250
vt 1.750000 0.062500
vt 1.750000 0.093750
vt 1.750000 0.125000
vt 1.750000 0.156250
vt 1.750000 0.187500
vt 1.750000 0.218750
vt 1.750000 0.250000
vt 1.750000 0.281250
vt 1.750000 0.312500
vt 1.750000 0.343750
vt 1.750000 0.375000
vt 1.750000 0.406250
vt 1.750000 0.437500
vt 1.750000 0.468750
vt 1.750000 0.500000
vt 1.750000 0.531250
vt 1.750000 0.562500
vt 1.750000 0.593750
vt 1.750000 0.625000
vt 1.750000 0.656250
vt 1.750000 0.687500
vt 1.750000 0.718750
vt 1.750000 0.750000
vt 1.750000 0.781250
vt 1.750000 0.812500
vt 1.750000 0.843750
vt 1.750000 0.875000
vt 1.750000 0.906250
vt 1.750000 0.937500
vt 1.750000 0.968750
vt 1.750000 1.000000
vt 1.750000 1.031250
vt 1.750000 1.062500
vt 1.750000 1.093750
vt 1.750000 1.125000
vt 1.750000 1.156250
vt 1.750000 1.187500
vt 1.750000 1.218750
vt 1.750000 1.250000
vt 1.750000 1.281250
vt 1.750000 1.312500
vt 1.750000 1.343750
vt 1.750000 1.375000
vt 1.750000 1.406250
vt 1.750000 1.437500
vt 1.750000 1.468750
vt 1.750000 1.500000
vt 1.750000 1.531250
vt 1.750000 1.562500
vt 1.750000 1.593750
vt 1.750000 1.625000
vt 1.750000 1.656250
vt 1.750000 1.687500
vt 1.750000 1.718750
vt 1.750000 1.750000
vt 1.750000 1.781250
vt 1.750000 1.812500
vt 1.750000 1.843750
vt 1.750000 1.875000
vt 1.750000 1.906250
vt 1.750000 1.937500
vt 1.750000 1.968750
vt 1.750000 2.000000
vt 1.781250 0.000000
vt 1.781250 0.031250
vt 1.781250 0.062500
vt 1.781250 0.093750
vt 1.781250 0.125000
vt 1.781250 0.156250
vt 1.781250 0.187500
vt 1.781250 0.218750
vt 1.781250 0.250000
vt 1.781250 0.281250
vt 1.781250 0.312500
vt 1.781250 0.343750
vt 1.781250 0.375000
vt 1.781250 0.406250
vt 1.781250 0.437500
vt 1.781250 0.468750
vt 1.781250 0.500000
vt 1.781250 0.531250
vt 1.781250 0.562500
vt 1.781250 0.593750
vt 1.781250 0.625000
vt 1.781250 0.656250
vt 1.781250 0.687500
vt 1.781250 0.718750
vt 1.781250 0.750000
vt 1.781250 0.781250
vt 1.781250 0.812500
vt 1.781250 0.843750
vt 1.781250 0.875000
vt 1.781250 0.906250
vt 1.781250 0.937500
vt 1.781250 0.968750
vt 1.781250 1.000000
vt 1.781250 1.031250
vt 1.781250 1.062500
vt 1.781250 1.093750
vt 1.781250 1.125000
vt 1.781250 1.156250
vt 1.781250 1.187500
vt 1.781250 1.218750
vt 1.781250 1.250000
vt 1.781250 1.281250
vt 1.781250 1.312500
vt 1.781250 1.343750
vt 1.781250 1.375000
vt 1.781250 1.406250
vt 1.781250 1.437500
vt 1.781250 1.468750
vt 1.781250 1.500000
vt 1.781250 1.531250
vt 1.781250 1.562500
vt 1.781250 1.593750
vt 1.781250 1.625000
vt 1.781250 1.656250
vt 1.781250 1.687500
vt 1.781250 1.718750
vt 1.781250 1.750000
vt 1.781250 1.781250
vt 1.781250 1.812500
vt 1.781250 1.843750
vt 1.781250 1.875000
vt 1.781250 1.906250
vt 1.781250 1.937500
vt 1.781250 1.968750
vt 1.781250 2.000000
vt 1.812500 0.000000
vt 1.812500 0.031250
vt 1.812500 0.062500
vt 1.812500 0.093750
vt 1.812500 0.125000
vt 1.812500 0.156250
vt 1.812500 0.187500
vt 1.812500 0.218750
vt 1.812500 0.250000
vt 1.812500 0.281250
vt 1.812500 0.312500
vt 1.812500 0.343750
vt 1.812500 0.375000
vt 1.812500 0.406250
vt 1.812500 0.437500
vt 1.812500 0.468750
vt 1.812500 0.500000
vt 1.812500 0.531250
vt 1.812500 0.562500
vt 1.812500 0.593750
vt 1.812500 0.625000
vt 1.812500 0.656250
vt 1.812500 0.687500
vt 1.812500 0.718750
vt 1.812500 0.750000
vt 1.812500 0.781250
vt 1.812500 0.812500
vt 1.812500 0.843750
vt 1.812500 0.875000
vt 1.812500 0.906250
vt 1.812500 0.937500
vt 1.812500 0.968750
vt 1.812500 1.000000
vt 1.812500 1.031250
vt 1.812500 1.062500
vt 1.812500 1.093750
vt 1.812500 1.125000
vt 1.812500 1.156250
vt 1.812500 1.187500
vt 1.812500 1.218750
vt 1.812500 1.250000
vt 1.812500 1.281250
vt 1.812500 1.312500
vt 1.812500 1.343750
vt 1.812500 1.375000
vt 1.812500 1.406250
vt 1.812500 1.437500
vt 1.812500 1.468750
vt 1.812500 1.500000
vt 1.812500 1.531250
vt 1.812500 1.562500
vt 1.812500 1.593750
vt 1.812500 1.625000
vt 1.812500 1.656250
vt 1.812500 1.687500
vt 1.812500 1.718750
vt 1.812500 1.750000
vt 1.812500 1.781250
vt 1.812500 1.812500
vt 1.812500 1.843750
vt 1.812500 1.875000
vt 1.812500 1.906250
vt 1.812500 1.937500
vt 1.812500 1.968750
vt 1.812500 2.000000
vt 1.843750 0.000000
vt 1.843750 0.031250
vt 1.843750 0.062500
vt 1.843750 0.093750
vt 1.843750 0.125000
vt 1.843750 0.156250
vt 1.843750 0.187500
vt 1.843750 0.218750
vt 1.843750 0.250000
vt 1.843750 0.281250
vt 1.843750 0.312500
vt 1.843750 0.343750
vt 1.843750 0.375000
vt 1.843750 0.406250
vt 1.843750 0.437500
vt 1.843750 0.468750
vt 1.843750 0.500000
vt 1.843750 0.531250
vt 1.843750 0.562500
vt 1.843750 0.593750
vt 1.843750 0.625000
vt 1.843750 0.656250
vt 1.843750 0.687500
vt 1.843750 0.718750
vt 1.843750 0.750000
vt 1.843750 0.781250
vt 1.843750 0.812500
vt 1.843750 0.843750
vt 1.843750 0.875000
vt 1.843750 0.906250
vt 1.843750 0.937500
vt 1.843750 0.968750
vt 1.843750 1.000000
vt 1.843750 1.031250
vt 1.843750 1.062500
vt 1.843750 1.093750
vt 1.843750 1.125000
vt 1.843750 1.156250
vt 1.843750 1.187500
vt 1.843750 1.218750
vt 1.843750 1.250000
vt 1.843750 1.281250
vt 1.843750 1.312500
vt 1.843750 1.343750
vt 1.843750 1.375000
vt 1.843750 1.406250
vt 1.843750 1.437500
vt 1.843750 1.468750
vt 1.843750 1.500000
vt 1.843750 1.531250
vt 1.843750 1.562500
vt 1.843750 1.593750
vt 1.843750 1.625000
vt 1.843750 1.656250
vt 1.843750 1.687500
vt 1.843750 1.718750
vt 1.843750 1.750000
vt 1.843750 1.781250
vt 1.843750 1.812500
vt 1.843750 1.843750
vt 1.843750 1.875000
vt 1.843750 1.906250
vt 1.843750 1.937500
vt 1.843750 1.968750
vt 1.843750 2.000000
vt 1.875000 0.000000
vt 1.875000 0.031250
vt 1.875000 0.062500
vt 1.875000 0.093750
vt 1.875000 0.125000
vt 1.875000 0.156250
vt 1.875000 0.187500
vt 1.875000 0.218750
vt 1.875000 0.250000
vt 1.875000 0.281250
vt 1.875000 0.312500
vt 1.875000 0.343750
vt 1.875000 0.375000
vt 1.875000 0.406250
vt 1.875000 0.437500
vt 1.875000 0.468750
vt 1.875000 0.500000
vt 1.875000 0.531250
vt 1.875000 0.562500
vt 1.875000 0.593750
vt 1.875000 0.625000
vt 1.875000 0.656250
vt 1.875000 0.687500
vt 1.875000 0.718750
vt 1.875000 0.750000
vt 1.875000 0.781250
vt 1.875000 0.812500
vt 1.875000 0.843750
vt 1.875000 0.875000
vt 1.875000 0.906250
vt 1.875000 0.937500
vt 1.875000 0.968750
vt 1.875000 1.000000
vt 1.875000 1.031250
vt 1.875000 1.062500
vt 1.875000 1.093750
vt 1.875000 1.125000
vt 1.875000 1.156250
vt 1.875000 1.187500
vt 1.875000 1.218750
vt 1.875000 1.250000
vt 1.875000 1.281250
vt 1.875000 1.312500
vt 1.875000 1.343750
vt 1.875000 1.375000
vt 1.875000 1.406250
vt 1.875000 1.437500
vt 1.875000 1.468750
vt 1.875000 1.500000
vt 1.875000 1.531250
vt 1.875000 1.562500
vt 1.875000 1.593750
vt 1.875000 1.625000
vt 1.875000 1.656250
vt 1.875000 1.687500
vt 1.875000 1.718750
vt 1.875000 1.750000
vt 1.875000 1.781250
vt 1.875000 1.812500
vt 1.875000 1.843750
vt 1.875000 1.875000
vt 1.875000 1.906250
vt 1.875000 1.937500
vt 1.875000 1.968750
vt 1.875000 2.000000
vt 1.906250 0.000000
vt 1.906250 0.031250
vt 1.906250 0.062500
vt 1.906250 0.093750
vt 1.906250 0.125000
vt 1.906250 0.156250
vt 1.906250 0.187500
vt 1.906250 0.218750
vt 1.906250 0.250000
vt 1.906250 0.281250
vt 1.906250 0.312500
vt 1.906250 0.343750
vt 1.906250 0.375000
vt 1.906250 0.406250
vt 1.906250 0.437500
vt 1.906250 0.468750
vt 1.906250 0.500000
vt 1.906250 0.531250
vt 1.906250 0.562500
vt 1.906250 0.593750
vt 1.906250 0.625000
vt 1.906250 0.656250
vt 1.906250 0.687500
vt 1.906250 0.718750
vt 1.906250 0.750000
vt 1.906250 0.781250
vt 1.906250 0.812500
vt 1.906250 0.843750
vt 1.906250 0.875000
vt 1.906250 0.906250
vt 1.906250 0.937500
vt 1.906250 0.968750
vt 1.906250 1.000000
vt 1.906250 1.031250
vt 1.906250 1.062500
vt 1.906250 1.093750
vt 1.906250 1.125000
vt 1.906250 1.156250
vt 1.906250 1.187500
vt 1.906250 1.218750
vt 1.906250 1.250000
vt 1.906250 1.281250
vt 1.906250 1.312500
vt 1.906250 1.343750
vt 1.906250 1.375000
vt 1.906250 1.406250
vt 1.906250 1.437500
vt 1.906250 1.468750
vt 1.906250 1.500000
vt 1.906250 1.531250
vt 1.906250 1.562500
vt 1.906250 1.593750
vt 1.906250 1.625000
vt 1.906250 1.656250
vt 1.906250 1.687500
vt 1.906250 1.718750
vt 1.906250 1.750000
vt 1.906250 1.781250
vt 1.906250 1.812500
vt 1.906250 1.843750
vt 1.906250 1.875000
vt 1.906250 1.906250
vt 1.906250 1.937500
vt 1.906250 1.968750
vt 1.906250 2.000000
vt 1.937500 0.000000
vt 1.937500 0.031250
vt 1.937500 0.062500
vt 1.937500 0.093750
vt 1.937500 0.125000
vt 1.937500 0.156250
vt 1.937500 0.187500
vt 1.937500 0.218750
vt 1.937500 0.250000
vt 1.937500 0.281250
vt 1.937500 0.312500
vt 1.937500 0.343750
vt 1.937500 0.375000
vt 1.937500 0.406250
vt 1.937500 0.437500
vt 1.937500 0.468750
vt 1.937500 0.500000
vt 1.937500 0.531250
vt 1.937500 0.562500
vt 1.937500 0.593750
vt 1.937500 0.625000
vt 1.937500 0.656250
vt 1.937500 0.687500
vt 1.937500 0.718750
vt 1.937500 0.750000
vt 1.937500 0.781250
vt 1.937500 0.812500
vt 1.937500 0.843750
vt 1.937500 0.875000
vt 1.937500 0.906250
vt 1.937500 0.937500
vt 1.937500 0.968750
vt 1.937500 1.000000
vt 1.937500 1.031250
vt 1.937500 1.062500
vt 1.937500 1.093750
vt 1.937500 1.125000
vt 1.937500 1.156250
vt 1.937500 1.187500
vt 1.937500 1.218750
vt 1.937500 1.250000
vt 1.937500 1.281250
vt 1.937500 1.312500
vt 1.937500 1.343750
vt 1.937500 1.375000
vt 1.937500 1.406250
vt 1.937500 1.437500
vt 1.937500 1.468750
vt 1.937500 1.500000
vt 1.937500 1.531250
vt 1.937500 1.562500
vt 1.937500 1.593750
vt 1.937500 1.625000
vt 1.937500 1.656250
vt 1.937500 1.687500
vt 1.937500 1.718750
vt 1.937500 1.750000
vt 1.937500 1.781250
vt 1.937500 1.812500
vt 1.937500 1.843750
vt 1.937500 1.875000
vt 1.937500 1.906250
vt 1.937500 1.937500
vt 1.937500 1.968750
vt 1.937500 2.000000
vt 1.968750 0.000000
vt 1.968750 0.031250
vt 1.968750 0.062500
vt 1.968750 0.093750
vt 1.968750 0.125000
vt 1.968750 0.156250
vt 1.968750 0.187500
vt 1.968750 0.218750
vt 1.968750 0.250000
vt 1.968750 0.281250
vt 1.968750 0.312500
vt 1.968750 0.343750
vt 1.968750 0.375000
vt 1.968750 0.406250
vt 1.968750 0.437500
vt 1.968750 0.468750
vt 1.968750 0.500000
vt 1.968750 0.531250
vt 1.968750 0.562500
vt 1.968750 0.593750
vt 1.968750 0.625000
vt 1.968750 0.656250
vt 1.968750 0.687500
vt 1.968750 0.718750
vt 1.968750 0.750000
vt 1.968750 0.781250
vt 1.968750 0.812500
vt 1.968750 0.843750
vt 1.968750 0.875000
vt 1.968750 0.906250
vt 1.968750 0.937500
vt 1.968750 0.968750
vt 1.968750 1.000000
vt 1.968750 1.031250
vt 1.968750 1.062500
vt 1.968750 1.093750
vt 1.968750 1.125000
vt 1.968750 1.156250
vt 1.968750 1.187500
vt 1.968750 1.218750
vt 1.968750 1.250000
vt 1.968750 1.281250
vt 1.968750 1.312500
vt 1.968750 1.343750
vt 1.968750 1.375000
vt 1.968750 1.406250
vt 1.968750 1.437500
vt 1.968750 1.468750
vt 1.968750 1.500000
vt 1.968750 1.531250
vt 1.968750 1.562500
vt 1.968750 1.593750
vt 1.968750 1.625000
vt 1.968750 1.656250
vt 1.968750 1.687500
vt 1.968750 1.718750
vt 1.968750 1.750000
vt 1.968750 1.781250
vt 1.968750 1.812500
vt 1.968750 1.843750
vt 1.968750 1.875000
vt 1.968750 1.906250
vt 1.968750 1.937500
vt 1.968750 1.968750
vt 1.968750 2.000000
vt 2.000000 0.000000
vt 2.000000 0.031250
vt 2.000000 0.062500
vt 2.000000 0.093750
vt 2.000000 0.125000
vt 2.000000 0.156250
vt 2.000000 0.187500
vt 2.000000 0.218750
vt 2.000000 0.250000
vt 2.000000 0.281250
vt 2.000000 0.312500
vt 2.000000 0.343750
vt 2.000000 0.375000
vt 2.000000 0.406250
vt 2.000000 0.437500
vt 2.000000 0.468750
vt 2.000000 0.500000
vt 2.000000 0.531250
vt 2.000000 0.562500
vt 2.000000 0.593750
vt 2.000000 0.625000
vt 2.000000 0.656250
vt 2.000000 0.687500
vt 2.000000 0.718750
vt 2.000000 0.750000
vt 2.000000 0.781250
vt 2.000000 0.812500
vt 2.000000 0.843750
vt 2.000000 0.875000
vt 2.000000 0.906250
vt 2.000000 0.937500
vt 2.000000 0.968750
vt 2.000000 1.000000
vt 2.000000 1.031250
vt 2.000000 1.062500
vt 2.000000 1.093750
vt 2.000000 1.125000
vt 2.000000 1.156250
vt 2.000000 1.187500
vt 2.000000 1.218750
vt 2.000000 1.250000
vt 2.000000 1.281250
vt 2.000000 1.312500
vt 2.000000 1.343750
vt 2.000000 1.375000
vt 2.000000 1.406250
vt 2.000000 1.437500
vt 2.000000 1.468750
vt 2.000000 1.500000
vt 2.000000 1.531250
vt 2.000000 1.562500
vt 2.000000 1.593750
vt 2.000000 1.625000
vt 2.000000 1.656250
vt 2.000000 1.687500
vt 2.000000 1.718750
vt 2.000000 1.750000
vt 2.000000 1.781250
vt 2.000000 1.812500
vt 2.000000 1.843750
vt 2.000000 1.875000
vt 2.000000 1.906250
vt 2.000000 1.937500
vt 2.000000 1.968750
vt 2.000000 2.000000
s 0
f 1/1/1 66/2/1 67/3/1
f 2/4/1 1/1/1 67/3/1
f 2/4/2 67/3/2 68/5/2
f 3/6/2 2/4/2 68/5/2
f 3/6/3 68/5/3 69/7/3
f 4/8/3 3/6/3 69/7/3
f 4/8/4 69/7/4 70/9/4
f 5/10/4 4/8/4 70/9/4
f 5/10/5 70/9/5 71/11/5
f 6/12/5 5/10/5 71/11/5
f 6/12/6 71/11/6 72/13/6
f 7/14/6 6/12/6 72/13/6
f 7/14/7 72/13/7 73/15/7
f 8/16/7 7/14/7 73/15/7
f 8/16/8 73/15/8 74/17/8
f 9/18/9 8/16/9 74/17/9
f 9/18/10 74/17/10 75/19/10
f 10/20/10 9/18/10 75/19/10
f 10/20/11 75/19/11 76/21/11
f 11/22/11 10/20/11 76/21/11
f 11/22/12 76/21/12 77/23/12
f 12/24/12 11/22/12 77/23/12
f 12/24/13 77/23/13 78/25/13
f 13/26/13 12/24/13 78/25/13
f 13/26/14 78/25/14 79/27/14
f 14/28/14 13/26/14 79/27/14
f 14/28/15 79/27/15 80/29/15
f 15/30/15 14/28/15 80/29/15
f 15/30/16 80/29/16 81/31/16
f 16/32/16 15/30/16 81/31/16
f 16/32/17 81/31/17 82/33/17
f 17/34/17 16/32/17 82/33/17
f 17/34/18 82/33/18 83/35/18
f 18/36/18 17/34/18 83/35/18
f 18/36/19 83/35/19 84/37/19
f 19/38/19 18/36/19 84/37/19
f 19/38/20 84/37/20 85/39/20
f 20/40/20 19/38/20 85/39/20
f 20/40/21 85/39/21 86/41/21
f 21/42/21 20/40/21 86/41/21
f 21/42/22 86/41/22 87/43/22
f 22/44/22 21/42/22 87/43/22
f 22/44/23 87/43/23 88/45/23
f 23/46/23 22/44/23 88/45/23
f 23/46/24 88/45/24 89/47/24
f 24/48/24 23/46/24 89/47/24
f 24/48/25 89/47/25 90/49/25
f 25/50/25 24/48/25 90/49/25
f 25/50/26 90/49/26 91/51/26
f 26/52/27 25/50/27 91/51/27
f 26/52/28 91/51/28 92/53/28
f 27/54/28 26/52/28 92/53/28
f 27/54/29 92/53/29 93/55/29
f 28/56/29 27/54/29 93/55/29
f 28/56/30 93/55/30 94/57/30
f 29/58/30 28/56/30 94/57/30
f 29/58/31 94/57/31 95/59/31
f 30/60/31 29/58/31 95/59/31
f 30/60/32 95/59/32 96/61/32
f 31/62/32 30/60/32 96/61/32
f 31/62/33 96/61/33 97/63/33
f 32/64/33 31/62/33 97/63/33
f 32/64/34 97/63/34 98/65/34
f 33/66/34 32/64/34 98/65/34
f 33/66/35 98/65/35 99/67/35
f 34/68/35 33/66/35 99/67/35
f 34/68/36 99/67/36 100/69/36
f 35/70/36 34/68/36 100/69/36
f 35/70/37 100/69/37 101/71/37
f 36/72/37 35/70/37 101/71/37
f 36/72/38 101/71/38 102/73/38
f 37/74/38 36/72/38 102/73/38
f 37/74/39 102/73/39 103/75/39
f 38/76/39 37/74/39 103/75/39
f 38/76/40 103/75/40 104/77/40
f 39/78/40 38/76/40 104/77/40
f 39/78/41 104/77/41 105/79/41
f 40/80/41 39/78/41 105/79/41
f 40/80/42 105/79/42 106/81/42
f 41/82/43 40/80/43 106/81/43
f 41/82/44 106/81/44 107/83/44
f 42/84/44 41/82/44 107/83/44
f 42/84/45 107/83/45 108/85/45
f 43/86/45 42/84/45 108/85/45
f 43/86/46 108/85/46 109/87/46
f 44/88/46 43/86/46 109/87/46
f 44/88/47 109/87/47 110/89/47
f 45/90/47 44/88/47 110/89/47
f 45/90/48 110/89/48 111/91/48
f 46/92/48 45/90/48 111/91/48
f 46/92/49 111/91/49 112/93/49
f 47/94/49 46/92/49 112/93/49
f 47/94/50 112/93/50 113/95/50
f 48/96/50 47/94/50 113/95/50
f 48/96/51 113/95/51 114/97/51
f 49/98/51 48/96/51 114/97/51
f 49/98/52 114/97/52 115/99/52
f 50/100/52 49/98/52 115/99/52
f 50/100/53 115/99/53 116/101/53
f 51/102/53 50/100/53 116/101/53
f 51/102/54 116/101/54 117/103/54
f 52/104/54 51/102/54 117/103/54
f 52/104/55 117/103/55 118/105/55
f 53/106/55 52/104/55 118/105/55
f 53/106/56 118/105/56 119/107/56
f 54/108/56 53/106/56 119/107/56
f 54/108/57 119/107/57 120/109/57
f 55/110/57 54/108/57 120/109/57
f 55/110/58 120/109/58 121/111/58
f 56/112/58 55/110/58 121/111/58
f 56/112/59 121/111/59 122/113/59
f 57/114/59 56/112/59 122/113/59
f 57/114/60 122/113/60 123/115/60
f 58/116/60 57/114/60 123/115/60
f 58/116/61 123/115/61 124/117/61
f 59/118/61 58/116/61 124/117/61
f 59/118/62 124/117/62 125/119/62
f 60/120/62 59/118/62 125/119/62
f 60/120/63 125/119/63 126/121/63
f 61/122/63 60/120/63 126/121/63
f 61/122/64 126/121/64 127/123/64
f 62/124/64 61/122/64 127/123/64
f 62/124/65 127/123/65 128/125/65
f 63/126/65 62/124/65 128/125/65
f 63/126/66 128/125/66 129/127/66
f 64/128/66 63/126/66 129/127/66
f 64/128/67 129/127/67 130/129/67
f 65/130/67 64/128/67 130/129/67
f 66/2/1 131/131/1 132/132/1
f 67/3/1 66/2/1 132/132/1
f 67/3/2 132/132/2 133/133/2
f 68/5/2 67/3/2 133/133/2
f 68/5/3 133/133/3 134/134/3
f 69/7/3 68/5/3 134/134/3
f 69/7/4 134/134/4 135/135/4
f 70/9/4 69/7/4 135/135/4
f 70/9/5 135/135/5 136/136/5
f 71/11/5 70/9/5 136/136/5
f 71/11/6 136/136/6 137/137/6
f 72/13/6 71/11/6 137/137/6
f 72/13/7 137/137/7 138/138/7
f 73/15/7 72/13/7 138/138/7
f 73/15/9 138/138/9 139/139/9
f 74/17/9 73/15/9 139/139/9
f 74/17/10 139/139/10 140/140/10
f 75/19/10 74/17/10 140/140/10
f 75/19/11 140/140/11 141/141/11
f 76/21/11 75/19/11 141/141/11
f 76/21/12 141/141/12 142/142/12
f 77/23/12 76/21/12 142/142/12
f 77/23/13 142/142/13 143/143/13
f 78/25/13 77/23/13 143/143/13
f 78/25/14 143/143/14 144/144/14
f 79/27/14 78/25/14 144/144/14
f 79/27/15 144/144/15 145/145/15
f 80/29/15 79/27/15 145/145/15
f 80/29/16 145/145/16 146/146/16
f 81/31/16 80/29/16 146/146/16
f 81/31/17 146/146/17 147/147/17
f 82/33/17 81/31/17 147/147/17
f 82/33/18 147/147/18 148/148/18
f 83/35/18 82/33/18 148/148/18
f 83/35/19 148/148/19 149/149/19
f 84/37/19 83/35/19 149/149/19
f 84/37/20 149/149/20 150/150/20
f 85/39/20 84/37/20 150/150/20
f 85/39/21 150/150/21 151/151/21
f 86/41/21 85/39/21 151/151/21
f 86/41/22 151/151/22 152/152/22
f 87/43/22 86/41/22 152/152/22
f 87/43/23 152/152/23 153/153/23
f 88/45/23 87/43/23 153/153/23
f 88/45/24 153/153/24 154/154/24
f 89/47/24 88/45/24 154/154/24
f 89/47/25 154/154/25 155/155/25
f 90/49/25 89/47/25 155/155/25
f 90/49/26 155/155/26 156/156/26
f 91/51/27 90/49/27 156/156/27
f 91/51/28 156/156/28 157/157/28
f 92/53/28 91/51/28 157/157/28
f 92/53/29 157/157/29 158/158/29
f 93/55/29 92/53/29 158/158/29
f 93/55/30 158/158/30 159/159/30
f 94/57/30 93/55/30 159/159/30
f 94/57/31 159/159/31 160/160/31
f 95/59/31 94/57/31 160/160/31
f 95/59/32 160/160/32 161/161/32
f 96/61/32 95/59/32 161/161/32
f 96/61/33 161/161/33 162/162/33
f 97/63/33 96/61/33 162/162/33
f 97/63/34 162/162/34 163/163/34
f 98/65/34 97/63/34 163/163/34
f 98/65/35 163/163/35 164/164/35
f 99/67/35 98/65/35 164/164/35
f 99/67/36 164/164/36 165/165/36
f 100/69/36 99/67/36 165/165/36
f 100/69/37 165/165/37 166/166/37
f 101/71/37 100/69/37 166/166/37
f 101/71/38 166/166/38 167/167/38
f 102/73/38 101/71/38 167/167/38
f 102/73/39 167/167/39 168/168/39
f 103/75/39 102/73/39 168/168/39
f 103/75/40 168/168/40 169/169/40
f 104/77/40 103/75/40 169/169/40
f 104/77/41 169/169/41 170/170/41
f 105/79/41 104/77/41 170/170/41
f 105/79/42 170/170/42 171/171/42
f 106/81/43 105/79/43 171/171/43
f 106/81/44 171/171/44 172/172/44
f 107/83/44 106/81/44 172/172/44
f 107/83/45 172/172/45 173/173/45
f 108/85/45 107/83/45 173/173/45
f 108/85/46 173/173/46 174/174/46
f 109/87/46 108/85/46 174/174/46
f 109/87/47 174/174/47 175/175/47
f 110/89/47 109/87/47 175/175/47
f 110/89/48 175/175/48 176/176/48
f 111/91/48 110/89/48 176/176/48
f 111/91/49 176/176/49 177/177/49
f 112/93/49 111/91/49 177/177/49
f 112/93/50 177/177/50 178/178/50
f 113/95/50 112/93/50 178/178/50
f 113/95/51 178/178/51 179/179/51
f 114/97/51 113/95/51 179/179/51
f 114/97/52 179/179/52 180/180/52
f 115/99/52 114/97/52 180/180/52
f 115/99/53 180/180/53 181/181/53
f 116/101/53 115/99/53 181/181/53
f 116/101/54 181/181/54 182/182/54
f 117/103/54 116/101/54 182/182/54
f 117/103/55 182/182/55 183/183/55
f 118/105/55 117/103/55 183/183/55
f 118/105/56 183/183/56 184/184/56
f 119/107/56 118/105/56 184/184/56
f 119/107/57 184/184/57 185/185/57
f 120/109/57 119/107/57 185/185/57
f 120/109/58 185/185/58 186/186/58
f 121/111/58 120/109/58 186/186/58
f 121/111/59 186/186/59 187/187/59
f 122/113/59 121/111/59 187/187/59
f 122/113/60 187/187/60 188/188/60
f 123/115/68 122/113/68 188/188/68
f 123/115/61 188/188/61 189/189/61
f 124/117/61 123/115/61 189/189/61
f 124/117/62 189/189/62 190/190/62
f 125/119/62 124/117/62 190/190/62
f 125/119/63 190/190/63 191/191/63
f 126/121/63 125/119/63 191/191/63
f 126/121/64 191/191/64 192/192/64
f 127/123/64 126/121/64 192/192/64
f 127/123/65 192/192/65 193/193/65
f 128/125/65 127/123/65 193/193/65
f 128/125/66 193/193/66 194/194/66
f 129/127/66 128/125/66 194/194/66
f 129/127/67 194/194/67 195/195/67
f 130/129/67 129/127/67 195/195/67
f 131/131/1 196/196/1 197/197/1
f 132/132/1 131/131/1 197/197/1
f 132/132/2 197/197/2 198/198/2
f 133/133/2 132/132/2 198/198/2
f 133/133/3 198/198/3 199/199/3
f 134/134/3 133/133/3 199/199/3
f 134/134/4 199/199/4 200/200/4
f 135/135/4 134/134/4 200/200/4
f 135/135/5 200/200/5 201/201/5
f 136/136/5 135/135/5 201/201/5
f 136/136/6 201/201/6 202/202/6
f 137/137/6 136/136/6 202/202/6
f 137/137/7 202/202/7 203/203/7
f 138/138/7 137/137/7 203/203/7
f 138/138/8 203/203/8 204/204/8
f 139/139/9 138/138/9 204/204/9
f 139/139/10 204/204/10 205/205/10
f 140/140/10 139/139/10 205/205/10
f 140/140/11 205/205/11 206/206/11
f 141/141/11 140/140/11 206/206/11
f 141/141/12 206/206/12 207/207/12
f 142/142/12 141/141/12 207/207/12
f 142/142/13 207/207/13 208/208/13
f 143/143/13 142/142/13 208/208/13
f 143/143/14 208/208/14 209/209/14
f 144/144/14 143/143/14 209/209/14
f 144/144/15 209/209/15 210/210/15
f 145/145/15 144/144/15 210/210/15
f 145/145/16 210/210/16 211/211/16
f 146/146/16 145/145/16 211/211/16
f 146/146/17 211/211/17 212/212/17
f 147/147/17 146/146/17 212/212/17
f 147/147/18 212/212/18 213/213/18
f 148/148/18 147/147/18 213/213/18
f 148/148/19 213/213/19 214/214/19
f 149/149/19 148/148/19 214/214/19
f 149/149/20 214/214/20 215/215/20
f 150/150/20 149/149/20 215/215/20
f 150/150/21 215/215/21 216/216/21
f 151/151/21 150/150/21 216/216/21
f 151/151/22 216/216/22 217/217/22
f 152/152/22 151/151/22 217/217/22
f 152/152/23 217/217/23 218/218/23
f 153/153/23 152/152/23 218/218/23
f 153/153/24 218/218/24 219/219/24
f 154/154/24 153/153/24 219/219/24
f 154/154/25 219/219/25 220/220/25
f 155/155/69 154/154/69 220/220/69
f 155/155/26 220/220/26 221/221/26
f 156/156/27 155/155/27 221/221/27
f 156/156/28 221/221/28 222/222/28
f 157/157/28 156/156/28 222/222/28
f 157/157/29 222/222/29 223/223/29
f 158/158/29 157/157/29 223/223/29
f 158/158/30 223/223/30 224/224/30
f 159/159/30 158/158/30 224/224/30
f 159/159/31 224/224/31 225/225/31
f 160/160/31 159/159/31 225/225/31
f 160/160/32 225/225/32 226/226/32
f 161/161/32 160/160/32 226/226/32
f 161/161/33 226/226/33 227/227/33
f 162/162/33 161/161/33 227/227/33
f 162/162/34 227/227/34 228/228/34
f 163/163/34 162/162/34 228/228/34
f 163/163/35 228/228/35 229/229/35
f 164/164/35 163/163/35 229/229/35
f 164/164/36 229/229/36 230/230/36
f 165/165/36 164/164/36 230/230/36
f 165/165/37 230/230/37 231/231/37
f 166/166/37 165/165/37 231/231/37
f 166/166/38 231/231/38 232/232/38
f 167/167/38 166/166/38 232/232/38
f 167/167/39 232/232/39 233/233/39
f 168/168/39 167/167/39 233/233/39
f 168/168/40 233/233/40 234/234/40
f 169/169/40 168/168/40 234/234/40
f 169/169/41 234/234/41 235/235/41
f 170/170/41 169/169/41 235/235/41
f 170/170/42 235/235/42 236/236/42
f 171/171/43 170/170/43 236/236/43
f 171/171/44 236/236/44 237/237/44
f 172/172/70 171/171/70 237/237/70
f 172/172/45 237/237/45 238/238/45
f 173/173/45 172/172/45 238/238/45
f 173/173/46 238/238/46 239/239/46
f 174/174/46 173/173/46 239/239/46
f 174/174/47 239/239/47 240/240/47
f 175/175/47 174/174/47 240/240/47
f 175/175/48 240/240/48 241/241/48
f 176/176/48 175/175/48 241/241/48
f 176/176/49 241/241/49 242/242/49
f 177/177/49 176/176/49 242/242/49
f 177/177/50 242/242/50 243/243/50
f 178/178/50 177/177/50 243/243/50
f 178/178/51 243/243/51 244/244/51
f 179/179/51 178/178/51 244/244/51
f 179/179/52 244/244/52 245/245/52
f 180/180/52 179/179/52 245/245/52
f 180/180/53 245/245/53 246/246/53
f 181/181/53 180/180/53 246/246/53
f 181/181/54 246/246/54 247/247/54
f 182/182/54 181/181/54 247/247/54
f 182/182/55 247/247/55 248/248/55
f 183/183/55 182/182/55 248/248/55
f 183/183/56 248/248/56 249/249/56
f 184/184/56 183/183/56 249/249/56
f 184/184/57 249/249/57 250/250/57
f 185/185/57 184/184/57 250/250/57
f 185/185/58 250/250/58 251/251/58
f 186/186/58 185/185/58 251/251/58
f 186/186/59 251/251/59 252/252/59
f 187/187/59 186/186/59 252/252/59
f 187/187/60 252/252/60 253/253/60
f 188/188/60 187/187/60 253/253/60
f 188/188/61 253/253/61 254/254/61
f 189/189/61 188/188/61 254/254/61
f 189/189/62 254/254/62 255/255/62
f 190/190/62 189/189/62 255/255/62
f 190/190/63 255/255/63 256/256/63
f 191/191/63 190/190/63 256/256/63
f 191/191/64 256/256/64 257/257/64
f 192/192/64 191/191/64 257/257/64
f 192/192/65 257/257/65 258/258/65
f 193/193/65 192/192/65 258/258/65
f 193/193/66 258/258/66 259/259/66
f 194/194/66 193/193/66 259/259/66
f 194/194/67 259/259/67 260/260/67
f 195/195/67 194/194/67 260/260/67
f 196/196/1 261/261/1 262/262/1
f 197/197/1 196/196/1 262/262/1
f 197/197/2 262/262/2 263/263/2
f 198/198/2 197/197/2 263/263/2
f 198/198/3 263/263/3 264/264/3
f 199/199/3 198/198/3 264/264/3
f 199/199/4 264/264/4 265/265/4
f 200/200/4 199/199/4 265/265/4
f 200/200/5 265/265/5 266/266/5
f 201/201/5 200/200/5 266/266/5
f 201/201/6 266/266/6 267/267/6
f 202/202/6 201/201/6 267/267/6
f 202/202/7 267/267/7 268/268/7
f 203/203/7 202/202/7 268/268/7
f 203/203/9 268/268/9 269/269/9
f 204/204/9 203/203/9 269/269/9
f 204/204/10 269/269/10 270/270/10
f 205/205/10 204/204/10 270/270/10
f 205/205/11 270/270/11 271/271/11
f 206/206/11 205/205/11 271/271/11
f 206/206/12 271/271/12 272/272/12
f 207/207/12 206/206/12 272/272/12
f 207/207/13 272/272/13 273/273/13
f 208/208/13 207/207/13 273/273/13
f 208/208/14 273/273/14 274/274/14
f 209/209/14 208/208/14 274/274/14
f 209/209/15 274/274/15 275/275/15
f 210/210/15 209/209/15 275/275/15
f 210/210/16 275/275/16 276/276/16
f 211/211/16 210/210/16 276/276/16
f 211/211/17 276/276/17 277/277/17
f 212/212/17 211/211/17 277/277/17
f 212/212/18 277/277/18 278/278/18
f 213/213/18 212/212/18 278/278/18
f 213/213/19 278/278/19 279/279/19
f 214/214/19 213/213/19 279/279/19
f 214/214/20 279/279/20 280/280/20
f 215/215/20 214/214/20 280/280/20
f 215/215/21 280/280/21 281/281/21
f 216/216/21 215/215/21 281/281/21
f 216/216/22 281/281/22 282/282/22
f 217/217/22 216/216/22 282/282/22
f 217/217/23 282/282/23 283/283/23
f 218/218/23 217/217/23 283/283/23
f 218/218/24 283/283/24 284/284/24
f 219/219/24 218/218/24 284/284/24
f 219/219/25 284/284/25 285/285/25
f 220/220/25 219/219/25 285/285/25
f 220/220/26 285/285/26 286/286/26
f 221/221/27 220/220/27 286/286/27
f 221/221/28 286/286/28 287/287/28
f 222/222/28 221/221/28 287/287/28
f 222/222/29 287/287/29 288/288/29
f 223/223/29 222/222/29 288/288/29
f 223/223/30 288/288/30 289/289/30
f 224/224/30 223/223/30 289/289/30
f 224/224/31 289/289/31 290/290/31
f 225/225/31 224/224/31 290/290/31
f 225/225/32 290/290/32 291/291/32
f 226/226/32 225/225/32 291/291/32
f 226/226/33 291/291/33 292/292/33
f 227/227/33 226/226/33 292/292/33
f 227/227/34 292/292/34 293/293/34
f 228/228/34 227/227/34 293/293/34
f 228/228/35 293/293/35 294/294/35
f 229/229/35 228/228/35 294/294/35
f 229/229/36 294/294/36 295/295/36
f 230/230/36 229/229/36 295/295/36
f 230/230/37 295/295/37 296/296/37
f 231/231/37 230/230/37 296/296/37
f 231/231/38 296/296/38 297/297/38
f 232/232/38 231/231/38 297/297/38
f 232/232/39 297/297/39 298/298/39
f 233/233/39 232/232/39 298/298/39
f 233/233/40 298/298/40 299/299/40
f 234/234/40 233/233/40 299/299/40
f 234/234/41 299/299/41 300/300/41
f 235/235/41 234/234/41 300/300/41
f 235/235/42 300/300/42 301/301/42
f 236/236/43 235/235/43 301/301/43
f 236/236/44 301/301/44 302/302/44
f 237/237/44 236/236/44 302/302/44
f 237/237/45 302/302/45 303/303/45
f 238/238/45 237/237/45 303/303/45
f 238/238/46 303/303/46 304/304/46
f 239/239/46 238/238/46 304/304/46
f 239/239/47 304/304/47 305/305/47
f 240/240/47 239/239/47 305/305/47
f 240/240/48 305/305/48 306/306/48
f 241/241/48 240/240/48 306/306/48
f 241/241/49 306/306/49 307/307/49
f 242/242/49 241/241/49 307/307/49
f 242/242/50 307/307/50 308/308/50
f 243/243/50 242/242/50 308/308/50
f 243/243/51 308/308/51 309/309/51
f 244/244/51 243/243/51 309/309/51
f 244/244/52 309/309/52 310/310/52
f 245/245/52 244/244/52 310/310/52
f 245/245/53 310/310/53 311/311/53
f 246/246/53 245/245/53 311/311/53
f 246/246/54 311/311/54 312/312/54
f 247/247/54 246/246/54 312/312/54
f 247/247/55 312/312/55 313/313/55
f 248/248/55 247/247/55 313/313/55
f 248/248/56 313/313/56 314/314/56
f 249/249/56 248/248/56 314/314/56
f 249/249/57 314/314/57 315/315/57
f 250/250/57 249/249/57 315/315/57
f 250/250/58 315/315/58 316/316/58
f 251/251/58 250/250/58 316/316/58
f 251/251/59 316/316/59 317/317/59
f 252/252/59 251/251/59 317/317/59
f 252/252/60 317/317/60 318/318/60
f 253/253/68 252/252/68 318/318/68
f 253/253/61 318/318/61 319/319/61
f 254/254/61 253/253/61 319/319/61
f 254/254/62 319/319/62 320/320/62
f 255/255/62 254/254/62 320/320/62
f 255/255/63 320/320/63 321/321/63
f 256/256/63 255/255/63 321/321/63
f 256/256/64 321/321/64 322/322/64
f 257/257/64 256/256/64 322/322/64
f 257/257/65 322/322/65 323/323/65
f 258/258/65 257/257/65 323/323/65
f 258/258/66 323/323/66 324/324/66
f 259/259/66 258/258/66 324/324/66
f 259/259/67 324/324/67 325/325/67
f 260/260/67 259/259/67 325/325/67
f 261/261/1 326/326/1 327/327/1
f 262/262/1 261/261/1 327/327/1
f 262/262/2 327/327/2 328/328/2
f 263/263/2 262/262/2 328/328/2
f 263/263/3 328/328/3 329/329/3
f 264/264/3 263/263/3 329/329/3
f 264/264/4 329/329/4 330/330/4
f 265/265/4 264/264/4 330/330/4
f 265/265/5 330/330/5 331/331/5
f 266/266/5 265/265/5 331/331/5
f 266/266/6 331/331/6 332/332/6
f 267/267/6 266/266/6 332/332/6
f 267/267/7 332/332/7 333/333/7
f 268/268/7 267/267/7 333/333/7
f 268/268/8 333/333/8 334/334/8
f 269/269/9 268/268/9 334/334/9
f 269/269/10 334/334/10 335/335/10
f 270/270/10 269/269/10 335/335/10
f 270/270/11 335/335/11 336/336/11
f 271/271/11 270/270/11 336/336/11
f 271/271/12 336/336/12 337/337/12
f 272/272/12 271/271/12 337/337/12
f 272/272/13 337/337/13 338/338/13
f 273/273/13 272/272/13 338/338/13
f 273/273/14 338/338/14 339/339/14
f 274/274/14 273/273/14 339/339/14
f 274/274/15 339/339/15 340/340/15
f 275/275/15 274/274/15 340/340/15
f 275/275/16 340/340/16 341/341/16
f 276/276/16 275/275/16 341/341/16
f 276/276/17 341/341/17 342/342/17
f 277/277/17 276/276/17 342/342/17
f 277/277/18 342/342/18 343/343/18
f 278/278/18 277/277/18 343/343/18
f 278/278/19 343/343/19 344/344/19
f 279/279/19 278/278/19 344/344/19
f 279/279/20 344/344/20 345/345/20
f 280/280/20 279/279/20 345/345/20
f 280/280/21 345/345/21 346/346/21
f 281/281/21 280/280/21 346/346/21
f 281/281/22 346/346/22 347/347/22
f 282/282/22 281/281/22 347/347/22
f 282/282/23 347/347/23 348/348/23
f 283/283/23 282/282/23 348/348/23
f 283/283/24 348/348/24 349/349/24
f 284/284/24 283/283/24 349/349/24
f 284/284/25 349/349/25 350/350/25
f 285/285/25 284/284/25 350/350/25
f 285/285/27 350/350/27 351/351/27
f 286/286/27 285/285/27 351/351/27
f 286/286/28 351/351/28 352/352/28
f 287/287/28 286/286/28 352/352/28
f 287/287/29 352/352/29 353/353/29
f 288/288/29 287/287/29 353/353/29
f 288/288/30 353/353/30 354/354/30
f 289/289/30 288/288/30 354/354/30
f 289/289/31 354/354/31 355/355/31
f 290/290/31 289/289/31 355/355/31
f 290/290/32 355/355/32 356/356/32
f 291/291/32 290/290/32 356/356/32
f 291/291/33 356/356/33 357/357/33
f 292/292/33 291/291/33 357/357/33
f 292/292/34 357/357/34 358/358/34
f 293/293/34 292/292/34 358/358/34
f 293/293/35 358/358/35 359/359/35
f 294/294/35 293/293/35 359/359/35
f 294/294/36 359/359/36 360/360/36
f 295/295/36 294/294/36 360/360/36
f 295/295/37 360/360/37 361/361/37
f 296/296/37 295/295/37 361/361/37
f 296/296/38 361/361/38 362/362/38
f 297/297/38 296/296/38 362/362/38
f 297/297/39 362/362/39 363/363/39
f 298/298/39 297/297/39 363/363/39
f 298/298/40 363/363/40 364/364/40
f 299/299/40 298/298/40 364/364/40
f 299/299/41 364/364/41 365/365/41
f 300/300/41 299/299/41 365/365/41
f 300/300/43 365/365/43 366/366/43
f 301/301/43 300/300/43 366/366/43
f 301/301/44 366/366/44 367/367/44
f 302/302/44 301/301/44 367/367/44
f 302/302/45 367/367/45 368/368/45
f 303/303/45 302/302/45 368/368/45
f 303/303/46 368/368/46 369/369/46
f 304/304/46 303/303/46 369/369/46
f 304/304/47 369/369/47 370/370/47
f 305/305/47 304/304/47 370/370/47
f 305/305/48 370/370/48 371/371/48
f 306/306/48 305/305/48 371/371/48
f 306/306/49 371/371/49 372/372/49
f 307/307/49 306/306/49 372/372/49
f 307/307/50 372/372/50 373/373/50
f 308/308/50 307/307/50 373/373/50
f 308/308/51 373/373/51 374/374/51
f 309/309/51 308/308/51 374/374/51
f 309/309/52 374/374/52 375/375/52
f 310/310/52 309/309/52 375/375/52
f 310/310/53 375/375/53 376/376/53
f 311/311/53 310/310/53 376/376/53
f 311/311/54 376/376/54 377/377/54
f 312/312/54 311/311/54 377/377/54
f 312/312/55 377/377/55 378/378/55
f 313/313/55 312/312/55 378/378/55
f 313/313/56 378/378/56 379/379/56
f 314/314/56 313/313/56 379/379/56
f 314/314/57 379/379/57 380/380/57
f 315/315/57 314/314/57 380/380/57
f 315/315/58 380/380/58 381/381/58
f 316/316/58 315/315/58 381/381/58
f 316/316/59 381/381/59 382/382/59
f 317/317/59 316/316/59 382/382/59
f 317/317/60 382/382/60 383/383/60
f 318/318/60 317/317/60 383/383/60
f 318/318/61 383/383/61 384/384/61
f 319/319/61 318/318/61 384/384/61
f 319/319/62 384/384/62 385/385/62
f 320/320/62 319/319/62 385/385/62
f 320/320/63 385/385/63 386/386/63
f 321/321/63 320/320/63 386/386/63
f 321/321/64 386/386/64 387/387/64
f 322/322/64 321/321/64 387/387/64
f 322/322/65 387/387/65 388/388/65
f 323/323/65 322/322/65 388/388/65
f 323/323/66 388/388/66 389/389/66
f 324/324/66 323/323/66 389/389/66
f 324/324/67 389/389/67 390/390/67
f 325/325/67 324/324/67 390/390/67
f 326/326/1 391/391/1 392/392/1
f 327/327/1 326/326/1 392/392/1
f 327/327/2 392/392/2 393/393/2
f 328/328/2 327/327/2 393/393/2
f 328/328/3 393/393/3 394/394/3
f 329/329/3 328/328/3 394/394/3
f 329/329/4 394/394/4 395/395/4
f 330/330/4 329/329/4 395/395/4
f 330/330/5 395/395/5 396/396/5
f 331/331/5 330/330/5 396/396/5
f 331/331/6 396/396/6 397/397/6
f 332/332/6 331/331/6 397/397/6
f 332/332/7 397/397/7 398/398/7
f 333/333/7 332/332/7 398/398/7
f 333/333/9 398/398/9 399/399/9
f 334/334/9 333/333/9 399/399/9
f 334/334/10 399/399/10 400/400/10
f 335/335/10 334/334/10 400/400/10
f 335/335/11 400/400/11 401/401/11
f 336/336/11 335/335/11 401/401/11
f 336/336/12 401/401/12 402/402/12
f 337/337/12 336/336/12 402/402/12
f 337/337/13 402/402/13 403/403/13
f 338/338/13 337/337/13 403/403/13
f 338/338/14 403/403/14 404/404/14
f 339/339/14 338/338/14 404/404/14
f 339/339/15 404/404/15 405/405/15
f 340/340/15 339/339/15 405/405/15
f 340/340/16 405/405/16 406/406/16
f 341/341/16 340/340/16 406/406/16
f 341/341/17 406/406/17 407/407/17
f 342/342/17 341/341/17 407/407/17
f 342/342/18 407/407/18 408/408/18
f 343/343/18 342/342/18 408/408/18
f 343/343/19 408/408/19 409/409/19
f 344/344/19 343/343/19 409/409/19
f 344/344/20 409/409/20 410/410/20
f 345/345/20 344/344/20 410/410/20
f 345/345/21 410/410/21 411/411/21
f 346/346/21 345/345/21 411/411/21
f 346/346/22 411/411/22 412/412/22
f 347/347/22 346/346/22 412/412/22
f 347/347/23 412/412/23 413/413/23
f 348/348/23 347/347/23 413/413/23
f 348/348/24 413/413/24 414/414/24
f 349/349/24 348/348/24 414/414/24
f 349/349/69 414/414/69 415/415/69
f 350/350/25 349/349/25 415/415/25
f 350/350/27 415/415/27 416/416/27
f 351/351/26 350/350/26 416/416/26
f 351/351/28 416/416/28 417/417/28
f 352/352/28 351/351/28 417/417/28
f 352/352/29 417/417/29 418/418/29
f 353/353/29 352/352/29 418/418/29
f 353/353/30 418/418/30 419/419/30
f 354/354/30 353/353/30 419/419/30
f 354/354/31 419/419/31 420/420/31
f 355/355/31 354/354/31 420/420/31
f 355/355/32 420/420/32 421/421/32
f 356/356/32 355/355/32 421/421/32
f 356/356/33 421/421/33 422/422/33
f 357/357/33 356/356/33 422/422/33
f 357/357/34 422/422/34 423/423/34
f 358/358/34 357/357/34 423/423/34
f 358/358/35 423/423/35 424/424/35
f 359/359/35 358/358/35 424/424/35
f 359/359/36 424/424/36 425/425/36
f 360/360/36 359/359/36 425/425/36
f 360/360/37 425/425/37 426/426/37
f 361/361/37 360/360/37 426/426/37
f 361/361/38 426/426/38 427/427/38
f 362/362/38 361/361/38 427/427/38
f 362/362/39 427/427/39 428/428/39
f 363/363/39 362/362/39 428/428/39
f 363/363/40 428/428/40 429/429/40
f 364/364/40 363/363/40 429/429/40
f 364/364/41 429/429/41 430/430/41
f 365/365/41 364/364/41 430/430/41
f 365/365/43 430/430/43 431/431/43
f 366/366/42 365/365/42 431/431/42
f 366/366/70 431/431/70 432/432/70
f 367/367/44 366/366/44 432/432/44
f 367/367/45 432/432/45 433/433/45
f 368/368/45 367/367/45 433/433/45
f 368/368/46 433/433/46 434/434/46
f 369/369/46 368/368/46 434/434/46
f 369/369/47 434/434/47 435/435/47
f 370/370/47 369/369/47 435/435/47
f 370/370/48 435/435/48 436/436/48
f 371/371/48 370/370/48 436/436/48
f 371/371/49 436/436/49 437/437/49
f 372/372/49 371/371/49 437/437/49
f 372/372/50 437/437/50 438/438/50
f 373/373/50 372/372/50 438/438/50
f 373/373/51 438/438/51 439/439/51
f 374/374/51 373/373/51 439/439/51
f 374/374/52 439/439/52 440/440/52
f 375/375/52 374/374/52 440/440/52
f 375/375/53 440/440/53 441/441/53
f 376/376/53 375/375/53 441/441/53
f 376/376/54 441/441/54 442/442/54
f 377/377/54 376/376/54 442/442/54
f 377/377/55 442/442/55 443/443/55
f 378/378/55 377/377/55 443/443/55
f 378/378/56 443/443/56 444/444/56
f 379/379/56 378/378/56 444/444/56
f 379/379/57 444/444/57 445/445/57
f 380/380/57 379/379/57 445/445/57
f 380/380/58 445/445/58 446/446/58
f 381/381/58 380/380/58 446/446/58
f 381/381/59 446/446/59 447/447/59
f 382/382/59 381/381/59 447/447/59
f 382/382/60 447/447/60 448/448/60
f 383/383/68 382/382/68 448/448/68
f 383/383/61 448/448/61 449/449/61
f 384/384/61 383/383/61 449/449/61
f 384/384/62 449/449/62 450/450/62
f 385/385/62 384/384/62 450/450/62
f 385/385/63 450/450/63 451/451/63
f 386/386/63 385/385/63 451/451/63
f 386/386/64 451/451/64 452/452/64
f 387/387/64 386/386/64 452/452/64
f 387/387/65 452/452/65 453/453/65
f 388/388/65 387/387/65 453/453/65
f 388/388/66 453/453/66 454/454/66
f 389/389/66 388/388/66 454/454/66
f 389/389/67 454/454/67 455/455/67
f 390/390/67 389/389/67 455/455/67
f 391/391/1 456/456/1 457/457/1
f 392/392/1 391/391/1 457/457/1
f 392/392/2 457/457/2 458/458/2
f 393/393/2 392/392/2 458/458/2
f 393/393/3 458/458/3 459/459/3
f 394/394/3 393/393/3 459/459/3
f 394/394/4 459/459/4 460/460/4
f 395/395/4 394/394/4 460/460/4
f 395/395/5 460/460/5 461/461/5
f 396/396/5 395/395/5 461/461/5
f 396/396/6 461/461/6 462/462/6
f 397/397/6 396/396/6 462/462/6
f 397/397/7 462/462/7 463/463/7
f 398/398/7 397/397/7 463/463/7
f 398/398/8 463/463/8 464/464/8
f 399/399/9 398/398/9 464/464/9
f 399/399/10 464/464/10 465/465/10
f 400/400/10 399/399/10 465/465/10
f 400/400/11 465/465/11 466/466/11
f 401/401/11 400/400/11 466/466/11
f 401/401/12 466/466/12 467/467/12
f 402/402/12 401/401/12 467/467/12
f 402/402/13 467/467/13 468/468/13
f 403/403/13 402/402/13 468/468/13
f 403/403/14 468/468/14 469/469/14
f 404/404/14 403/403/14 469/469/14
f 404/404/15 469/469/15 470/470/15
f 405/405/15 404/404/15 470/470/15
f 405/405/16 470/470/16 471/471/16
f 406/406/16 405/405/16 471/471/16
f 406/406/17 471/471/17 472/472/17
f 407/407/17 406/406/17 472/472/17
f 407/407/18 472/472/18 473/473/18
f 408/408/18 407/407/18 473/473/18
f 408/408/19 473/473/19 474/474/19
f 409/409/19 408/408/19 474/474/19
f 409/409/20 474/474/20 475/475/20
f 410/410/20 409/409/20 475/475/20
f 410/410/21 475/475/21 476/476/21
f 411/411/21 410/410/21 476/476/21
f 411/411/22 476/476/22 477/477/22
f 412/412/22 411/411/22 477/477/22
f 412/412/23 477/477/23 478/478/23
f 413/413/23 412/412/23 478/478/23
f 413/413/24 478/478/24 479/479/24
f 414/414/24 413/413/24 479/479/24
f 414/414/25 479/479/25 480/480/25
f 415/415/25 414/414/25 480/480/25
f 415/415/27 480/480/27 481/481/27
f 416/416/26 415/415/26 481/481/26
f 416/416/28 481/481/28 482/482/28
f 417/417/28 416/416/28 482/482/28
f 417/417/29 482/482/29 483/483/29
f 418/418/29 417/417/29 483/483/29
f 418/418/30 483/483/30 484/484/30
f 419/419/30 418/418/30 484/484/30
f 419/419/31 484/484/31 485/485/31
f 420/420/31 419/419/31 485/485/31
f 420/420/32 485/485/32 486/486/32
f 421/421/32 420/420/32 486/486/32
f 421/421/33 486/486/33 487/487/33
f 422/422/33 421/421/33 487/487/33
f 422/422/34 487/487/34 488/488/34
f 423/423/34 422/422/34 488/488/34
f 423/423/35 488/488/35 489/489/35
f 424/424/35 423/423/35 489/489/35
f 424/424/36 489/489/36 490/490/36
f 425/425/36 424/424/36 490/490/36
f 425/425/37 490/490/37 491/491/37
f 426/426/37 425/425/37 491/491/37
f 426/426/38 491/491/38 492/492/38
f 427/427/38 426/426/38 492/492/38
f 427/427/39 492/492/39 493/493/39
f 428/428/39 427/427/39 493/493/39
f 428/428/40 493/493/40 494/494/40
f 429/429/40 428/428/40 494/494/40
f 429/429/41 494/494/41 495/495/41
f 430/430/41 429/429/41 495/495/41
f 430/430/43 495/495/43 496/496/43
f 431/431/42 430/430/42 496/496/42
f 431/431/44 496/496/44 497/497/44
f 432/432/44 431/431/44 497/497/44
f 432/432/45 497/497/45 498/498/45
f 433/433/45 432/432/45 498/498/45
f 433/433/46 498/498/46 499/499/46
f 434/434/46 433/433/46 499/499/46
f 434/434/47 499/499/47 500/500/47
f 435/435/47 434/434/47 500/500/47
f 435/435/48 500/500/48 501/501/48
f 436/436/48 435/435/48 501/501/48
f 436/436/49 501/501/49 502/502/49
f 437/437/49 436/436/49 502/502/49
f 437/437/50 502/502/50 503/503/50
f 438/438/50 437/437/50 503/503/50
f 438/438/51 503/503/51 504/504/51
f 439/439/51 438/438/51 504/504/51
f 439/439/52 504/504/52 505/505/52
f 440/440/52 439/439/52 505/505/52
f 440/440/53 505/505/53 506/506/53
f 441/441/53 440/440/53 506/506/53
f 441/441/54 506/506/54 507/507/54
f 442/442/54 441/441/54 507/507/54
f 442/442/55 507/507/55 508/508/55
f 443/443/55 442/442/55 508/508/55
f 443/443/56 508/508/56 509/509/56
f 444/444/56 443/443/56 509/509/56
f 444/444/57 509/509/57 510/510/57
f 445/445/57 444/444/57 510/510/57
f 445/445/58 510/510/58 511/511/58
f 446/446/58 445/445/58 511/511/58
f 446/446/59 511/511/59 512/512/59
f 447/447/59 446/446/59 512/512/59
f 447/447/60 512/512/60 513/513/60
f 448/448/60 447/447/60 513/513/60
f 448/448/61 513/513/61 514/514/61
f 449/449/61 448/448/61 514/514/61
f 449/449/62 514/514/62 515/515/62
f 450/450/62 449/449/62 515/515/62
f 450/450/63 515/515/63 516/516/63
f 451/451/63 450/450/63 516/516/63
f 451/451/64 516/516/64 517/517/64
f 452/452/64 451/451/64 517/517/64
f 452/452/65 517/517/65 518/518/65
f 453/453/65 452/452/65 518/518/65
f 453/453/66 518/518/66 519/519/66
f 454/454/66 453/453/66 519/519/66
f 454/454/67 519/519/67 520/520/67
f 455/455/67 454/454/67 520/520/67
f 456/456/1 521/521/1 522/522/1
f 457/457/1 456/456/1 522/522/1
f 457/457/2 522/522/2 523/523/2
f 458/458/2 457/457/2 523/523/2
f 458/458/3 523/523/3 524/524/3
f 459/459/3 458/458/3 524/524/3
f 459/459/4 524/524/4 525/525/4
f 460/460/4 459/459/4 525/525/4
f 460/460/5 525/525/5 526/526/5
f 461/461/5 460/460/5 526/526/5
f 461/461/6 526/526/6 527/527/6
f 462/462/6 461/461/6 527/527/6
f 462/462/7 527/527/7 528/528/7
f 463/463/7 462/462/7 528/528/7
f 463/463/9 528/528/9 529/529/9
f 464/464/9 463/463/9 529/529/9
f 464/464/10 529/529/10 530/530/10
f 465/465/10 464/464/10 530/530/10
f 465/465/11 530/530/11 531/531/11
f 466/466/11 465/465/11 531/531/11
f 466/466/12 531/531/12 532/532/12
f 467/467/12 466/466/12 532/532/12
f 467/467/13 532/532/13 533/533/13
f 468/468/13 467/467/13 533/533/13
f 468/468/14 533/533/14 534/534/14
f 469/469/14 468/468/14 534/534/14
f 469/469/15 534/534/15 535/535/15
f 470/470/15 469/469/15 535/535/15
f 470/470/16 535/535/16 536/536/16
f 471/471/16 470/470/16 536/536/16
f 471/471/17 536/536/17 537/537/17
f 472/472/17 471/471/17 537/537/17
f 472/472/18 537/537/18 538/538/18
f 473/473/18 472/472/18 538/538/18
f 473/473/19 538/538/19 539/539/19
f 474/474/19 473/473/19 539/539/19
f 474/474/20 539/539/20 540/540/20
f 475/475/20 474/474/20 540/540/20
f 475/475/21 540/540/21 541/541/21
f 476/476/21 475/475/21 541/541/21
f 476/476/22 541/541/22 542/542/22
f 477/477/22 476/476/22 542/542/22
f 477/477/23 542/542/23 543/543/23
f 478/478/23 477/477/23 543/543/23
f 478/478/24 543/543/24 544/544/24
f 479/479/24 478/478/24 544/544/24
f 479/479/25 544/544/25 545/545/25
f 480/480/25 479/479/25 545/545/25
f 480/480/27 545/545/27 546/546/27
f 481/481/26 480/480/26 546/546/26
f 481/481/28 546/546/28 547/547/28
f 482/482/28 481/481/28 547/547/28
f 482/482/29 547/547/29 548/548/29
f 483/483/29 482/482/29 548/548/29
f 483/483/30 548/548/30 549/549/30
f 484/484/30 483/483/30 549/549/30
f 484/484/31 549/549/31 550/550/31
f 485/485/31 484/484/31 550/550/31
f 485/485/32 550/550/32 551/551/32
f 486/486/32 485/485/32 551/551/32
f 486/486/33 551/551/33 552/552/33
f 487/487/33 486/486/33 552/552/33
f 487/487/34 552/552/34 553/553/34
f 488/488/34 487/487/34 553/553/34
f 488/488/35 553/553/35 554/554/35
f 489/489/35 488/488/35 554/554/35
f 489/489/36 554/554/36 555/555/36
f 490/490/36 489/489/36 555/555/36
f 490/490/37 555/555/37 556/556/37
f 491/491/37 490/490/37 556/556/37
f 491/491/38 556/556/38 557/557/38
f 492/492/38 491/491/38 557/557/38
f 492/492/39 557/557/39 558/558/39
f 493/493/39 492/492/39 558/558/39
f 493/493/40 558/558/40 559/559/40
f 494/494/40 493/493/40 559/559/40
f 494/494/41 559/559/41 560/560/41
f 495/495/41 494/494/41 560/560/41
f 495/495/43 560/560/43 561/561/43
f 496/496/42 495/495/42 561/561/42
f 496/496/44 561/561/44 562/562/44
f 497/497/44 496/496/44 562/562/44
f 497/497/45 562/562/45 563/563/45
f 498/498/45 497/497/45 563/563/45
f 498/498/46 563/563/46 564/564/46
f 499/499/46 498/498/46 564/564/46
f 499/499/47 564/564/47 565/565/47
f 500/500/47 499/499/47 565/565/47
f 500/500/48 565/565/48 566/566/48
f 501/501/48 500/500/48 566/566/48
f 501/501/49 566/566/49 567/567/49
f 502/502/49 501/501/49 567/567/49
f 502/502/50 567/567/50 568/568/50
f 503/503/50 502/502/50 568/568/50
f 503/503/51 568/568/51 569/569/51
f 504/504/51 503/503/51 569/569/51
f 504/504/52 569/569/52 570/570/52
f 505/505/52 504/504/52 570/570/52
f 505/505/53 570/570/53 571/571/53
f 506/506/53 505/505/53 571/571/53
f 506/506/54 571/571/54 572/572/54
f 507/507/54 506/506/54 572/572/54
f 507/507/55 572/572/55 573/573/55
f 508/508/55 507/507/55 573/573/55
f 508/508/56 573/573/56 574/574/56
f 509/509/56 508/508/56 574/574/56
f 509/509/57 574/574/57 575/575/57
f 510/510/57 509/509/57 575/575/57
f 510/510/58 575/575/58 576/576/58
f 511/511/58 510/510/58 576/576/58
f 511/511/59 576/576/59 577/577/59
f 512/512/59 511/511/59 577/577/59
f 512/512/60 577/577/60 578/578/60
f 513/513/68 512/512/68 578/578/68
f 513/513/61 578/578/61 579/579/61
f 514/514/61 513/513/61 579/579/61
f 514/514/62 579/579/62 580/580/62
f 515/515/62 514/514/62 580/580/62
f 515/515/63 580/580/63 581/581/63
f 516/516/63 515/515/63 581/581/63
f 516/516/64 581/581/64 582/582/64
f 517/517/64 516/516/64 582/582/64
f 517/517/65 582/582/65 583/583/65
f 518/518/65 517/517/65 583/583/65
f 518/518/66 583/583/66 584/584/66
f 519/519/66 518/518/66 584/584/66
f 519/519/67 584/584/67 585/585/67
f 520/520/67 519/519/67 585/585/67
f 521/521/1 586/586/1 587/587/1
f 522/522/1 521/521/1 587/587/1
f 522/522/2 587/587/2 588/588/2
f 523/523/2 522/522/2 588/588/2
f 523/523/3 588/588/3 589/589/3
f 524/524/3 523/523/3 589/589/3
f 524/524/4 589/589/4 590/590/4
f 525/525/4 524/524/4 590/590/4
f 525/525/5 590/590/5 591/591/5
f 526/526/5 525/525/5 591/591/5
f 526/526/6 591/591/6 592/592/6
f 527/527/6 526/526/6 592/592/6
f 527/527/7 592/592/7 593/593/7
f 528/528/7 527/527/7 593/593/7
f 528/528/9 593/593/9 594/594/9
f 529/529/9 528/528/9 594/594/9
f 529/529/10 594/594/10 595/595/10
f 530/530/10 529/529/10 595/595/10
f 530/530/11 595/595/11 596/596/11
f 531/531/11 530/530/11 596/596/11
f 531/531/12 596/596/12 597/597/12
f 532/532/12 531/531/12 597/597/12
f 532/532/13 597/597/13 598/598/13
f 533/533/13 532/532/13 598/598/13
f 533/533/14 598/598/14 599/599/14
f 534/534/14 533/533/14 599/599/14
f 534/534/15 599/599/15 600/600/15
f 535/535/15 534/534/15 600/600/15
f 535/535/16 600/600/16 601/601/16
f 536/536/16 535/535/16 601/601/16
f 536/536/17 601/601/17 602/602/17
f 537/537/17 536/536/17 602/602/17
f 537/537/18 602/602/18 603/603/18
f 538/538/18 537/537/18 603/603/18
f 538/538/19 603/603/19 604/604/19
f 539/539/19 538/538/19 604/604/19
f 539/539/20 604/604/20 605/605/20
f 540/540/20 539/539/20 605/605/20
f 540/540/21 605/605/21 606/606/21
f 541/541/21 540/540/21 606/606/21
f 541/541/22 606/606/22 607/607/22
f 542/542/22 541/541/22 607/607/22
f 542/542/23 607/607/23 608/608/23
f 543/543/23 542/542/23 608/608/23
f 543/543/24 608/608/24 609/609/24
f 544/544/24 543/543/24 609/609/24
f 544/544/25 609/609/25 610/610/25
f 545/545/25 544/544/25 610/610/25
f 545/545/27 610/610/27 611/611/27
f 546/546/27 545/545/27 611/611/27
f 546/546/28 611/611/28 612/612/28
f 547/547/28 546/546/28 612/612/28
f 547/547/29 612/612/29 613/613/29
f 548/548/29 547/547/29 613/613/29
f 548/548/30 613/613/30 614/614/30
f 549/549/30 548/548/30 614/614/30
f 549/549/31 614/614/31 615/615/31
f 550/550/31 549/549/31 615/615/31
f 550/550/32 615/615/32 616/616/32
f 551/551/32 550/550/32 616/616/32
f 551/551/33 616/616/33 617/617/33
f 552/552/33 551/551/33 617/617/33
f 552/552/34 617/617/34 618/618/34
f 553/553/34 552/552/34 618/618/34
f 553/553/35 618/618/35 619/619/35
f 554/554/35 553/553/35 619/619/35
f 554/554/36 619/619/36 620/620/36
f 555/555/36 554/554/36 620/620/36
f 555/555/37 620/620/37 621/621/37
f 556/556/37 555/555/37 621/621/37
f 556/556/38 621/621/38 622/622/38
f 557/557/38 556/556/38 622/622/38
f 557/557/39 622/622/39 623/623/39
f 558/558/39 557/557/39 623/623/39
f 558/558/40 623/623/40 624/624/40
f 559/559/40 558/558/40 624/624/40
f 559/559/41 624/624/41 625/625/41
f 560/560/41 559/559/41 625/625/41
f 560/560/43 625/625/43 626/626/43
f 561/561/43 560/560/43 626/626/43
f 561/561/44 626/626/44 627/627/44
f 562/562/44 561/561/44 627/627/44
f 562/562/45 627/627/45 628/628/45
f 563/563/45 562/562/45 628/628/45
f 563/563/46 628/628/46 629/629/46
f 564/564/46 563/563/46 629/629/46
f 564/564/47 629/629/47 630/630/47
f 565/565/47 564/564/47 630/630/47
f 565/565/48 630/630/48 631/631/48
f 566/566/48 565/565/48 631/631/48
f 566/566/49 631/631/49 632/632/49
f 567/567/49 566/566/49 632/632/49
f 567/567/50 632/632/50 633/633/50
f 568/568/50 567/567/50 633/633/50
f 568/568/51 633/633/51 634/634/51
f 569/569/51 568/568/51 634/634/51
f 569/569/52 634/634/52 635/635/52
f 570/570/52 569/569/52 635/635/52
f 570/570/53 635/635/53 636/636/53
f 571/571/53 570/570/53 636/636/53
f 571/571/54 636/636/54 637/637/54
f 572/572/54 571/571/54 637/637/54
f 572/572/55 637/637/55 638/638/55
f 573/573/55 572/572/55 638/638/55
f 573/573/56 638/638/56 639/639/56
f 574/574/56 573/573/56 639/639/56
f 574/574/57 639/639/57 640/640/57
f 575/575/57 574/574/57 640/640/57
f 575/575/58 640/640/58 641/641/58
f 576/576/58 575/575/58 641/641/58
f 576/576/59 641/641/59 642/642/59
f 577/577/59 576/576/59 642/642/59
f 577/577/60 642/642/60 643/643/60
f 578/578/60 577/577/60 643/643/60
f 578/578/61 643/643/61 644/644/61
f 579/579/61 578/578/61 644/644/61
f 579/579/62 644/644/62 645/645/62
f 580/580/62 579/579/62 645/645/62
f 580/580/63 645/645/63 646/646/63
f 581/581/63 580/580/63 646/646/63
f 581/581/64 646/646/64 647/647/64
f 582/582/64 581/581/64 647/647/64
f 582/582/65 647/647/65 648/648/65
f 583/583/65 582/582/65 648/648/65
f 583/583/66 648/648/66 649/649/66
f 584/584/66 583/583/66 649/649/66
f 584/584/67 649/649/67 650/650/67
f 585/585/67 584/584/67 650/650/67
f 586/586/1 651/651/1 652/652/1
f 587/587/1 586/586/1 652/652/1
f 587/587/2 652/652/2 653/653/2
f 588/588/2 587/587/2 653/653/2
f 588/588/3 653/653/3 654/654/3
f 589/589/3 588/588/3 654/654/3
f 589/589/4 654/654/4 655/655/4
f 590/590/4 589/589/4 655/655/4
f 590/590/5 655/655/5 656/656/5
f 591/591/5 590/590/5 656/656/5
f 591/591/6 656/656/6 657/657/6
f 592/592/6 591/591/6 657/657/6
f 592/592/7 657/657/7 658/658/7
f 593/593/7 592/592/7 658/658/7
f 593/593/9 658/658/9 659/659/9
f 594/594/9 593/593/9 659/659/9
f 594/594/10 659/659/10 660/660/10
f 595/595/10 594/594/10 660/660/10
f 595/595/11 660/660/11 661/661/11
f 596/596/11 595/595/11 661/661/11
f 596/596/12 661/661/12 662/662/12
f 597/597/12 596/596/12 662/662/12
f 597/597/13 662/662/13 663/663/13
f 598/598/13 597/597/13 663/663/13
f 598/598/14 663/663/14 664/664/14
f 599/599/14 598/598/14 664/664/14
f 599/599/15 664/664/15 665/665/15
f 600/600/15 599/599/15 665/665/15
f 600/600/16 665/665/16 666/666/16
f 601/601/16 600/600/16 666/666/16
f 601/601/17 666/666/17 667/667/17
f 602/602/17 601/601/17 667/667/17
f 602/602/18 667/667/18 668/668/18
f 603/603/18 602/602/18 668/668/18
f 603/603/19 668/668/19 669/669/19
f 604/604/19 603/603/19 669/669/19
f 604/604/20 669/669/20 670/670/20
f 605/605/20 604/604/20 670/670/20
f 605/605/21 670/670/21 671/671/21
f 606/606/21 605/605/21 671/671/21
f 606/606/22 671/671/22 672/672/22
f 607/607/22 606/606/22 672/672/22
f 607/607/23 672/672/23 673/673/23
f 608/608/23 607/607/23 673/673/23
f 608/608/24 673/673/24 674/674/24
f 609/609/24 608/608/24 674/674/24
f 609/609/25 674/674/25 675/675/25
f 610/610/25 609/609/25 675/675/25
f 610/610/27 675/675/27 676/676/27
f 611/611/27 610/610/27 676/676/27
f 611/611/28 676/676/28 677/677/28
f 612/612/28 611/611/28 677/677/28
f 612/612/29 677/677/29 678/678/29
f 613/613/29 612/612/29 678/678/29
f 613/613/30 678/678/30 679/679/30
f 614/614/30 613/613/30 679/679/30
f 614/614/31 679/679/31 680/680/31
f 615/615/31 614/614/31 680/680/31
f 615/615/32 680/680/32 681/681/32
f 616/616/32 615/615/32 681/681/32
f 616/616/33 681/681/33 682/682/33
f 617/617/33 616/616/33 682/682/33
f 617/617/34 682/682/34 683/683/34
f 618/618/34 617/617/34 683/683/34
f 618/618/35 683/683/35 684/684/35
f 619/619/35 618/618/35 684/684/35
f 619/619/36 684/684/36 685/685/36
f 620/620/36 619/619/36 685/685/36
f 620/620/37 685/685/37 686/686/37
f 621/621/37 620/620/37 686/686/37
f 621/621/38 686/686/38 687/687/38
f 622/622/38 621/621/38 687/687/38
f 622/622/39 687/687/39 688/688/39
f 623/623/39 622/622/39 688/688/39
f 623/623/40 688/688/40 689/689/40
f 624/624/40 623/623/40 689/689/40
f 624/624/41 689/689/41 690/690/41
f 625/625/41 624/624/41 690/690/41
f 625/625/43 690/690/43 691/691/43
f 626/626/43 625/625/43 691/691/43
f 626/626/44 691/691/44 692/692/44
f 627/627/44 626/626/44 692/692/44
f 627/627/45 692/692/45 693/693/45
f 628/628/45 627/627/45 693/693/45
f 628/628/46 693/693/46 694/694/46
f 629/629/46 628/628/46 694/694/46
f 629/629/47 694/694/47 695/695/47
f 630/630/47 629/629/47 695/695/47
f 630/630/48 695/695/48 696/696/48
f 631/631/48 630/630/48 696/696/48
f 631/631/49 696/696/49 697/697/49
f 632/632/49 631/631/49 697/697/49
f 632/632/50 697/697/50 698/698/50
f 633/633/50 632/632/50 698/698/50
f 633/633/51 698/698/51 699/699/51
f 634/634/51 633/633/51 699/699/51
f 634/634/52 699/699/52 700/700/52
f 635/635/52 634/634/52 700/700/52
f 635/635/53 700/700/53 701/701/53
f 636/636/53 635/635/53 701/701/53
f 636/636/54 701/701/54 702/702/54
f 637/637/54 636/636/54 702/702/54
f 637/637/55 702/702/55 703/703/55
f 638/638/55 637/637/55 703/703/55
f 638/638/56 703/703/56 704/704/56
f 639/639/56 638/638/56 704/704/56
f 639/639/57 704/704/57 705/705/57
f 640/640/57 639/639/57 705/705/57
f 640/640/58 705/705/58 706/706/58
f 641/641/58 640/640/58 706/706/58
f 641/641/59 706/706/59 707/707/59
f 642/642/59 641/641/59 707/707/59
f 642/642/60 707/707/60 708/708/60
f 643/643/60 642/642/60 708/708/60
f 643/643/61 708/708/61 709/709/61
f 644/644/61 643/643/61 709/709/61
f 644/644/62 709/709/62 710/710/62
f 645/645/62 644/644/62 710/710/62
f 645/645/63 710/710/63 711/711/63
f 646/646/63 645/645/63 711/711/63
f 646/646/64 711/711/64 712/712/64
f 647/647/64 646/646/64 712/712/64
f 647/647/65 712/712/65 713/713/65
f 648/648/65 647/647/65 713/713/65
f 648/648/66 713/713/66 714/714/66
f 649/649/66 648/648/66 714/714/66
f 649/649/67 714/714/67 715/715/67
f 650/650/67 649/649/67 715/715/67
f 651/651/1 716/716/1 717/717/1
f 652/652/1 651/651/1 717/717/1
f 652/652/2 717/717/2 718/718/2
f 653/653/2 652/652/2 718/718/2
f 653/653/3 718/718/3 719/719/3
f 654/654/3 653/653/3 719/719/3
f 654/654/4 719/719/4 720/720/4
f 655/655/4 654/654/4 720/720/4
f 655/655/5 720/720/5 721/721/5
f 656/656/5 655/655/5 721/721/5
f 656/656/6 721/721/6 722/722/6
f 657/657/6 656/656/6 722/722/6
f 657/657/7 722/722/7 723/723/7
f 658/658/7 657/657/7 723/723/7
f 658/658/9 723/723/9 724/724/9
f 659/659/9 658/658/9 724/724/9
f 659/659/10 724/724/10 725/725/10
f 660/660/10 659/659/10 725/725/10
f 660/660/11 725/725/11 726/726/11
f 661/661/11 660/660/11 726/726/11
f 661/661/12 726/726/12 727/727/12
f 662/662/12 661/661/12 727/727/12
f 662/662/13 727/727/13 728/728/13
f 663/663/13 662/662/13 728/728/13
f 663/663/14 728/728/14 729/729/14
f 664/664/14 663/663/14 729/729/14
f 664/664/15 729/729/15 730/730/15
f 665/665/15 664/664/15 730/730/15
f 665/665/16 730/730/16 731/731/16
f 666/666/16 665/665/16 731/731/16
f 666/666/17 731/731/17 732/732/17
f 667/667/17 666/666/17 732/732/17
f 667/667/18 732/732/18 733/733/18
f 668/668/18 667/667/18 733/733/18
f 668/668/19 733/733/19 734/734/19
f 669/669/19 668/668/19 734/734/19
f 669/669/20 734/734/20 735/735/20
f 670/670/20 669/669/20 735/735/20
f 670/670/21 735/735/21 736/736/21
f 671/671/21 670/670/21 736/736/21
f 671/671/22 736/736/22 737/737/22
f 672/672/22 671/671/22 737/737/22
f 672/672/23 737/737/23 738/738/23
f 673/673/23 672/672/23 738/738/23
f 673/673/24 738/738/24 739/739/24
f 674/674/24 673/673/24 739/739/24
f 674/674/25 739/739/25 740/740/25
f 675/675/25 674/674/25 740/740/25
f 675/675/27 740/740/27 741/741/27
f 676/676/27 675/675/27 741/741/27
f 676/676/28 741/741/28 742/742/28
f 677/677/28 676/676/28 742/742/28
f 677/677/29 742/742/29 743/743/29
f 678/678/29 677/677/29 743/743/29
f 678/678/30 743/743/30 744/744/30
f 679/679/30 678/678/30 744/744/30
f 679/679/31 744/744/31 745/745/31
f 680/680/31 679/679/31 745/745/31
f 680/680/32 745/745/32 746/746/32
f 681/681/32 680/680/32 746/746/32
f 681/681/33 746/746/33 747/747/33
f 682/682/33 681/681/33 747/747/33
f 682/682/34 747/747/34 748/748/34
f 683/683/34 682/682/34 748/748/34
f 683/683/35 748/748/35 749/749/35
f 684/684/35 683/683/35 749/749/35
f 684/684/36 749/749/36 750/750/36
f 685/685/36 684/684/36 750/750/36
f 685/685/37 750/750/37 751/751/37
f 686/686/37 685/685/37 751/751/37
f 686/686/38 751/751/38 752/752/38
f 687/687/38 686/686/38 752/752/38
f 687/687/39 752/752/39 753/753/39
f 688/688/39 687/687/39 753/753/39
f 688/688/40 753/753/40 754/754/40
f 689/689/40 688/688/40 754/754/40
f 689/689/41 754/754/41 755/755/41
f 690/690/41 689/689/41 755/755/41
f 690/690/43 755/755/43 756/756/43
f 691/691/43 690/690/43 756/756/43
f 691/691/44 756/756/44 757/757/44
f 692/692/44 691/691/44 757/757/44
f 692/692/45 757/757/45 758/758/45
f 693/693/45 692/692/45 758/758/45
f 693/693/46 758/758/46 759/759/46
f 694/694/46 693/693/46 759/759/46
f 694/694/47 759/759/47 760/760/47
f 695/695/47 694/694/47 760/760/47
f 695/695/48 760/760/48 761/761/48
f 696/696/48 695/695/48 761/761/48
f 696/696/49 761/761/49 762/762/49
f 697/697/49 696/696/49 762/762/49
f 697/697/50 762/762/50 763/763/50
f 698/698/50 697/697/50 763/763/50
f 698/698/51 763/763/51 764/764/51
f 699/699/51 698/698/51 764/764/51
f 699/699/52 764/764/52 765/765/52
f 700/700/52 699/699/52 765/765/52
f 700/700/53 765/765/53 766/766/53
f 701/701/53 700/700/53 766/766/53
f 701/701/54 766/766/54 767/767/54
f 702/702/54 701/701/54 767/767/54
f 702/702/55 767/767/55 768/768/55
f 703/703/55 702/702/55 768/768/55
f 703/703/56 768/768/56 769/769/56
f 704/704/56 703/703/56 769/769/56
f 704/704/57 769/769/57 770/770/57
f 705/705/57 704/704/57 770/770/57
f 705/705/58 770/770/58 771/771/58
f 706/706/58 705/705/58 771/771/58
f 706/706/59 771/771/59 772/772/59
f 707/707/59 706/706/59 772/772/59
f 707/707/60 772/772/60 773/773/60
f 708/708/60 707/707/60 773/773/60
f 708/708/61 773/773/61 774/774/61
f 709/709/61 708/708/61 774/774/61
f 709/709/62 774/774/62 775/775/62
f 710/710/62 709/709/62 775/775/62
f 710/710/63 775/775/63 776/776/63
f 711/711/63 710/710/63 776/776/63
f 711/711/64 776/776/64 777/777/64
f 712/712/64 711/711/64 777/777/64
f 712/712/65 777/777/65 778/778/65
f 713/713/65 712/712/65 778/778/65
f 713/713/66 778/778/66 779/779/66
f 714/714/66 713/713/66 779/779/66
f 714/714/67 779/779/67 780/780/67
f 715/715/67 714/714/67 780/780/67
f 716/716/1 781/781/1 782/782/1
f 717/717/1 716/716/1 782/782/1
f 717/717/2 782/782/2 783/783/2
f 718/718/2 717/717/2 783/783/2
f 718/718/3 783/783/3 784/784/3
f 719/719/3 718/718/3 784/784/3
f 719/719/4 784/784/4 785/785/4
f 720/720/4 719/719/4 785/785/4
f 720/720/5 785/785/5 786/786/5
f 721/721/5 720/720/5 786/786/5
f 721/721/6 786/786/6 787/787/6
f 722/722/6 721/721/6 787/787/6
f 722/722/7 787/787/7 788/788/7
f 723/723/7 722/722/7 788/788/7
f 723/723/9 788/788/9 789/789/9
f 724/724/9 723/723/9 789/789/9
f 724/724/10 789/789/10 790/790/10
f 725/725/10 724/724/10 790/790/10
f 725/725/11 790/790/11 791/791/11
f 726/726/11 725/725/11 791/791/11
f 726/726/12 791/791/12 792/792/12
f 727/727/12 726/726/12 792/792/12
f 727/727/13 792/792/13 793/793/13
f 728/728/13 727/727/13 793/793/13
f 728/728/14 793/793/14 794/794/14
f 729/729/14 728/728/14 794/794/14
f 729/729/15 794/794/15 795/795/15
f 730/730/15 729/729/15 795/795/15
f 730/730/16 795/795/16 796/796/16
f 731/731/16 730/730/16 796/796/16
f 731/731/17 796/796/17 797/797/17
f 732/732/17 731/731/17 797/797/17
f 732/732/18 797/797/18 798/798/18
f 733/733/18 732/732/18 798/798/18
f 733/733/19 798/798/19 799/799/19
f 734/734/19 733/733/19 799/799/19
f 734/734/20 799/799/20 800/800/20
f 735/735/20 734/734/20 800/800/20
f 735/735/21 800/800/21 801/801/21
f 736/736/21 735/735/21 801/801/21
f 736/736/22 801/801/22 802/802/22
f 737/737/22 736/736/22 802/802/22
f 737/737/23 802/802/23 803/803/23
f 738/738/23 737/737/23 803/803/23
f 738/738/24 803/803/24 804/804/24
f 739/739/24 738/738/24 804/804/24
f 739/739/25 804/804/25 805/805/25
f 740/740/25 739/739/25 805/805/25
f 740/740/27 805/805/27 806/806/27
f 741/741/27 740/740/27 806/806/27
f 741/741/28 806/806/28 807/807/28
f 742/742/28 741/741/28 807/807/28
f 742/742/29 807/807/29 808/808/29
f 743/743/29 742/742/29 808/808/29
f 743/743/30 808/808/30 809/809/30
f 744/744/30 743/743/30 809/809/30
f 744/744/31 809/809/31 810/810/31
f 745/745/31 744/744/31 810/810/31
f 745/745/32 810/810/32 811/811/32
f 746/746/32 745/745/32 811/811/32
f 746/746/33 811/811/33 812/812/33
f 747/747/33 746/746/33 812/812/33
f 747/747/34 812/812/34 813/813/34
f 748/748/34 747/747/34 813/813/34
f 748/748/35 813/813/35 814/814/35
f 749/749/35 748/748/35 814/814/35
f 749/749/36 814/814/36 815/815/36
f 750/750/36 749/749/36 815/815/36
f 750/750/37 815/815/37 816/816/37
f 751/751/37 750/750/37 816/816/37
f 751/751/38 816/816/38 817/817/38
f 752/752/38 751/751/38 817/817/38
f 752/752/39 817/817/39 818/818/39
f 753/753/39 752/752/39 818/818/39
f 753/753/40 818/818/40 819/819/40
f 754/754/40 753/753/40 819/819/40
f 754/754/41 819/819/41 820/820/41
f 755/755/41 754/754/41 820/820/41
f 755/755/43 820/820/43 821/821/43
f 756/756/43 755/755/43 821/821/43
f 756/756/44 821/821/44 822/822/44
f 757/757/44 756/756/44 822/822/44
f 757/757/45 822/822/45 823/823/45
f 758/758/45 757/757/45 823/823/45
f 758/758/46 823/823/46 824/824/46
f 759/759/46 758/758/46 824/824/46
f 759/759/47 824/824/47 825/825/47
f 760/760/47 759/759/47 825/825/47
f 760/760/48 825/825/48 826/826/48
f 761/761/48 760/760/48 826/826/48
f 761/761/49 826/826/49 827/827/49
f 762/762/49 761/761/49 827/827/49
f 762/762/50 827/827/50 828/828/50
f 763/763/50 762/762/50 828/828/50
f 763/763/51 828/828/51 829/829/51
f 764/764/51 763/763/51 829/829/51
f 764/764/52 829/829/52 830/830/52
f 765/765/52 764/764/52 830/830/52
f 765/765/53 830/830/53 831/831/53
f 766/766/53 765/765/53 831/831/53
f 766/766/54 831/831/54 832/832/54
f 767/767/54 766/766/54 832/832/54
f 767/767/55 832/832/55 833/833/55
f 768/768/55 767/767/55 833/833/55
f 768/768/56 833/833/56 834/834/56
f 769/769/56 768/768/56 834/834/56
f 769/769/57 834/834/57 835/835/57
f 770/770/57 769/769/57 835/835/57
f 770/770/58 835/835/58 836/836/58
f 771/771/58 770/770/58 836/836/58
f 771/771/59 836/836/59 837/837/59
f 772/772/59 771/771/59 837/837/59
f 772/772/60 837/837/60 838/838/60
f 773/773/60 772/772/60 838/838/60
f 773/773/61 838/838/61 839/839/61
f 774/774/61 773/773/61 839/839/61
f 774/774/62 839/839/62 840/840/62
f 775/775/62 774/774/62 840/840/62
f 775/775/63 840/840/63 841/841/63
f 776/776/63 775/775/63 841/841/63
f 776/776/64 841/841/64 842/842/64
f 777/777/64 776/776/64 842/842/64
f 777/777/65 842/842/65 843/843/65
f 778/778/65 777/777/65 843/843/65
f 778/778/66 843/843/66 844/844/66
f 779/779/66 778/778/66 844/844/66
f 779/779/67 844/844/67 845/845/67
f 780/780/67 779/779/67 845/845/67
f 781/781/1 846/846/1 847/847/1
f 782/782/1 781/781/1 847/847/1
f 782/782/2 847/847/2 848/848/2
f 783/783/2 782/782/2 848/848/2
f 783/783/3 848/848/3 849/849/3
f 784/784/3 783/783/3 849/849/3
f 784/784/4 849/849/4 850/850/4
f 785/785/4 784/784/4 850/850/4
f 785/785/5 850/850/5 851/851/5
f 786/786/5 785/785/5 851/851/5
f 786/786/6 851/851/6 852/852/6
f 787/787/6 786/786/6 852/852/6
f 787/787/7 852/852/7 853/853/7
f 788/788/7 787/787/7 853/853/7
f 788/788/9 853/853/9 854/854/9
f 789/789/9 788/788/9 854/854/9
f 789/789/10 854/854/10 855/855/10
f 790/790/10 789/789/10 855/855/10
f 790/790/11 855/855/11 856/856/11
f 791/791/11 790/790/11 856/856/11
f 791/791/12 856/856/12 857/857/12
f 792/792/12 791/791/12 857/857/12
f 792/792/13 857/857/13 858/858/13
f 793/793/13 792/792/13 858/858/13
f 793/793/14 858/858/14 859/859/14
f 794/794/14 793/793/14 859/859/14
f 794/794/15 859/859/15 860/860/15
f 795/795/15 794/794/15 860/860/15
f 795/795/16 860/860/16 861/861/16
f 796/796/16 795/795/16 861/861/16
f 796/796/17 861/861/17 862/862/17
f 797/797/17 796/796/17 862/862/17
f 797/797/18 862/862/18 863/863/18
f 798/798/18 797/797/18 863/863/18
f 798/798/19 863/863/19 864/864/19
f 799/799/19 798/798/19 864/864/19
f 799/799/20 864/864/20 865/865/20
f 800/800/20 799/799/20 865/865/20
f 800/800/21 865/865/21 866/866/21
f 801/801/21 800/800/21 866/866/21
f 801/801/22 866/866/22 867/867/22
f 802/802/22 801/801/22 867/867/22
f 802/802/23 867/867/23 868/868/23
f 803/803/23 802/802/23 868/868/23
f 803/803/24 868/868/24 869/869/24
f 804/804/24 803/803/24 869/869/24
f 804/804/25 869/869/25 870/870/25
f 805/805/25 804/804/25 870/870/25
f 805/805/27 870/870/27 871/871/27
f 806/806/27 805/805/27 871/871/27
f 806/806/28 871/871/28 872/872/28
f 807/807/28 806/806/28 872/872/28
f 807/807/29 872/872/29 873/873/29
f 808/808/29 807/807/29 873/873/29
f 808/808/30 873/873/30 874/874/30
f 809/809/30 808/808/30 874/874/30
f 809/809/31 874/874/31 875/875/31
f 810/810/31 809/809/31 875/875/31
f 810/810/32 875/875/32 876/876/32
f 811/811/32 810/810/32 876/876/32
f 811/811/33 876/876/33 877/877/33
f 812/812/33 811/811/33 877/877/33
f 812/812/34 877/877/34 878/878/34
f 813/813/34 812/812/34 878/878/34
f 813/813/35 878/878/35 879/879/35
f 814/814/35 813/813/35 879/879/35
f 814/814/36 879/879/36 880/880/36
f 815/815/36 814/814/36 880/880/36
f 815/815/37 880/880/37 881/881/37
f 816/816/37 815/815/37 881/881/37
f 816/816/38 881/881/38 882/882/38
f 817/817/38 816/816/38 882/882/38
f 817/817/39 882/882/39 883/883/39
f 818/818/39 817/817/39 883/883/39
f 818/818/40 883/883/40 884/884/40
f 819/819/40 818/818/40 884/884/40
f 819/819/41 884/884/41 885/885/41
f 820/820/41 819/819/41 885/885/41
f 820/820/43 885/885/43 886/886/43
f 821/821/43 820/820/43 886/886/43
f 821/821/44 886/886/44 887/887/44
f 822/822/44 821/821/44 887/887/44
f 822/822/45 887/887/45 888/888/45
f 823/823/45 822/822/45 888/888/45
f 823/823/46 888/888/46 889/889/46
f 824/824/46 823/823/46 889/889/46
f 824/824/47 889/889/47 890/890/47
f 825/825/47 824/824/47 890/890/47
f 825/825/48 890/890/48 891/891/48
f 826/826/48 825/825/48 891/891/48
f 826/826/49 891/891/49 892/892/49
f 827/827/49 826/826/49 892/892/49
f 827/827/50 892/892/50 893/893/50
f 828/828/50 827/827/50 893/893/50
f 828/828/51 893/893/51 894/894/51
f 829/829/51 828/828/51 894/894/51
f 829/829/52 894/894/52 895/895/52
f 830/830/52 829/829/52 895/895/52
f 830/830/53 895/895/53 896/896/53
f 831/831/53 830/830/53 896/896/53
f 831/831/54 896/896/54 897/897/54
f 832/832/54 831/831/54 897/897/54
f 832/832/55 897/897/55 898/898/55
f 833/833/55 832/832/55 898/898/55
f 833/833/56 898/898/56 899/899/56
f 834/834/56 833/833/56 899/899/56
f 834/834/57 899/899/57 900/900/57
f 835/835/57 834/834/57 900/900/57
f 835/835/58 900/900/58 901/901/58
f 836/836/58 835/835/58 901/901/58
f 836/836/59 901/901/59 902/902/59
f 837/837/59 836/836/59 902/902/59
f 837/837/60 902/902/60 903/903/60
f 838/838/60 837/837/60 903/903/60
f 838/838/61 903/903/61 904/904/61
f 839/839/61 838/838/61 904/904/61
f 839/839/62 904/904/62 905/905/62
f 840/840/62 839/839/62 905/905/62
f 840/840/63 905/905/63 906/906/63
f 841/841/63 840/840/63 906/906/63
f 841/841/64 906/906/64 907/907/64
f 842/842/64 841/841/64 907/907/64
f 842/842/65 907/907/65 908/908/65
f 843/843/65 842/842/65 908/908/65
f 843/843/66 908/908/66 909/909/66
f 844/844/66 843/843/66 909/909/66
f 844/844/67 909/909/67 910/910/67
f 845/845/67 844/844/67 910/910/67
f 846/846/1 911/911/1 912/912/1
f 847/847/1 846/846/1 912/912/1
f 847/847/2 912/912/2 913/913/2
f 848/848/2 847/847/2 913/913/2
f 848/848/3 913/913/3 914/914/3
f 849/849/3 848/848/3 914/914/3
f 849/849/4 914/914/4 915/915/4
f 850/850/4 849/849/4 915/915/4
f 850/850/5 915/915/5 916/916/5
f 851/851/5 850/850/5 916/916/5
f 851/851/6 916/916/6 917/917/6
f 852/852/6 851/851/6 917/917/6
f 852/852/7 917/917/7 918/918/7
f 853/853/7 852/852/7 918/918/7
f 853/853/9 918/918/9 919/919/9
f 854/854/9 853/853/9 919/919/9
f 854/854/10 919/919/10 920/920/10
f 855/855/10 854/854/10 920/920/10
f 855/855/11 920/920/11 921/921/11
f 856/856/11 855/855/11 921/921/11
f 856/856/12 921/921/12 922/922/12
f 857/857/12 856/856/12 922/922/12
f 857/857/13 922/922/13 923/923/13
f 858/858/13 857/857/13 923/923/13
f 858/858/14 923/923/14 924/924/14
f 859/859/14 858/858/14 924/924/14
f 859/859/15 924/924/15 925/925/15
f 860/860/15 859/859/15 925/925/15
f 860/860/16 925/925/16 926/926/16
f 861/861/16 860/860/16 926/926/16
f 861/861/17 926/926/17 927/927/17
f 862/862/17 861/861/17 927/927/17
f 862/862/18 927/927/18 928/928/18
f 863/863/18 862/862/18 928/928/18
f 863/863/19 928/928/19 929/929/19
f 864/864/19 863/863/19 929/929/19
f 864/864/20 929/929/20 930/930/20
f 865/865/20 864/864/20 930/930/20
f 865/865/21 930/930/21 931/931/21
f 866/866/21 865/865/21 931/931/21
f 866/866/22 931/931/22 932/932/22
f 867/867/22 866/866/22 932/932/22
f 867/867/23 932/932/23 933/933/23
f 868/868/23 867/867/23 933/933/23
f 868/868/24 933/933/24 934/934/24
f 869/869/24 868/868/24 934/934/24
f 869/869/25 934/934/25 935/935/25
f 870/870/25 869/869/25 935/935/25
f 870/870/27 935/935/27 936/936/27
f 871/871/27 870/870/27 936/936/27
f 871/871/28 936/936/28 937/937/28
f 872/872/28 871/871/28 937/937/28
f 872/872/29 937/937/29 938/938/29
f 873/873/29 872/872/29 938/938/29
f 873/873/30 938/938/30 939/939/30
f 874/874/30 873/873/30 939/939/30
f 874/874/31 939/939/31 940/940/31
f 875/875/31 874/874/31 940/940/31
f 875/875/32 940/940/32 941/941/32
f 876/876/32 875/875/32 941/941/32
f 876/876/33 941/941/33 942/942/33
f 877/877/33 876/876/33 942/942/33
f 877/877/34 942/942/34 943/943/34
f 878/878/34 877/877/34 943/943/34
f 878/878/35 943/943/35 944/944/35
f 879/879/35 878/878/35 944/944/35
f 879/879/36 944/944/36 945/945/36
f 880/880/36 879/879/36 945/945/36
f 880/880/37 945/945/37 946/946/37
f 881/881/37 880/880/37 946/946/37
f 881/881/38 946/946/38 947/947/38
f 882/882/38 881/881/38 947/947/38
f 882/882/39 947/947/39 948/948/39
f 883/883/39 882/882/39 948/948/39
f 883/883/40 948/948/40 949/949/40
f 884/884/40 883/883/40 949/949/40
f 884/884/41 949/949/41 950/950/41
f 885/885/41 884/884/41 950/950/41
f 885/885/43 950/950/43 951/951/43
f 886/886/43 885/885/43 951/951/43
f 886/886/44 951/951/44 952/952/44
f 887/887/44 886/886/44 952/952/44
f 887/887/45 952/952/45 953/953/45
f 888/888/45 887/887/45 953/953/45
f 888/888/46 953/953/46 954/954/46
f 889/889/46 888/888/46 954/954/46
f 889/889/47 954/954/47 955/955/47
f 890/890/47 889/889/47 955/955/47
f 890/890/48 955/955/48 956/956/48
f 891/891/48 890/890/48 956/956/48
f 891/891/49 956/956/49 957/957/49
f 892/892/49 891/891/49 957/957/49
f 892/892/50 957/957/50 958/958/50
f 893/893/50 892/892/50 958/958/50
f 893/893/51 958/958/51 959/959/51
f 894/894/51 893/893/51 959/959/51
f 894/894/52 959/959/52 960/960/52
f 895/895/52 894/894/52 960/960/52
f 895/895/53 960/960/53 961/961/53
f 896/896/53 895/895/53 961/961/53
f 896/896/54 961/961/54 962/962/54
f 897/897/54 896/896/54 962/962/54
f 897/897/55 962/962/55 963/963/55
f 898/898/55 897/897/55 963/963/55
f 898/898/56 963/963/56 964/964/56
f 899/899/56 898/898/56 964/964/56
f 899/899/57 964/964/57 965/965/57
f 900/900/57 899/899/57 965/965/57
f 900/900/58 965/965/58 966/966/58
f 901/901/58 900/900/58 966/966/58
f 901/901/59 966/966/59 967/967/59
f 902/902/59 901/901/59 967/967/59
f 902/902/60 967/967/60 968/968/60
f 903/903/60 902/902/60 968/968/60
f 903/903/61 968/968/61 969/969/61
f 904/904/61 903/903/61 969/969/61
f 904/904/62 969/969/62 970/970/62
f 905/905/62 904/904/62 970/970/62
f 905/905/63 970/970/63 971/971/63
f 906/906/63 905/905/63 971/971/63
f 906/906/64 971/971/64 972/972/64
f 907/907/64 906/906/64 972/972/64
f 907/907/65 972/972/65 973/973/65
f 908/908/65 907/907/65 973/973/65
f 908/908/66 973/973/66 974/974/66
f 909/909/66 908/908/66 974/974/66
f 909/909/67 974/974/67 975/975/67
f 910/910/67 909/909/67 975/975/67
f 911/911/1 976/976/1 977/977/1
f 912/912/1 911/911/1 977/977/1
f 912/912/2 977/977/2 978/978/2
f 913/913/2 912/912/2 978/978/2
f 913/913/3 978/978/3 979/979/3
f 914/914/3 913/913/3 979/979/3
f 914/914/4 979/979/4 980/980/4
f 915/915/4 914/914/4 980/980/4
f 915/915/5 980/980/5 981/981/5
f 916/916/5 915/915/5 981/981/5
f 916/916/6 981/981/6 982/982/6
f 917/917/6 916/916/6 982/982/6
f 917/917/7 982/982/7 983/983/7
f 918/918/7 917/917/7 983/983/7
f 918/918/9 983/983/9 984/984/9
f 919/919/9 918/918/9 984/984/9
f 919/919/10 984/984/10 985/985/10
f 920/920/10 919/919/10 985/985/10
f 920/920/11 985/985/11 986/986/11
f 921/921/11 920/920/11 986/986/11
f 921/921/12 986/986/12 987/987/12
f 922/922/12 921/921/12 987/987/12
f 922/922/13 987/987/13 988/988/13
f 923/923/13 922/922/13 988/988/13
f 923/923/14 988/988/14 989/989/14
f 924/924/14 923/923/14 989/989/14
f 924/924/15 989/989/15 990/990/15
f 925/925/15 924/924/15 990/990/15
f 925/925/16 990/990/16 991/991/16
f 926/926/16 925/925/16 991/991/16
f 926/926/17 991/991/17 992/992/17
f 927/927/17 926/926/17 992/992/17
f 927/927/18 992/992/18 993/993/18
f 928/928/18 927/927/18 993/993/18
f 928/928/19 993/993/19 994/994/19
f 929/929/19 928/928/19 994/994/19
f 929/929/20 994/994/20 995/995/20
f 930/930/20 929/929/20 995/995/20
f 930/930/21 995/995/21 996/996/21
f 931/931/21 930/930/21 996/996/21
f 931/931/22 996/996/22 997/997/22
f 932/932/22 931/931/22 997/997/22
f 932/932/23 997/997/23 998/998/23
f 933/933/23 932/932/23 998/998/23
f 933/933/24 998/998/24 999/999/24
f 934/934/24 933/933/24 999/999/24
f 934/934/25 999/999/25 1000/1000/25
f 935/935/25 934/934/25 1000/1000/25
f 935/935/27 1000/1000/27 1001/1001/27
f 936/936/27 935/935/27 1001/1001/27
f 936/936/28 1001/1001/28 1002/1002/28
f 937/937/28 936/936/28 1002/1002/28
f 937/937/29 1002/1002/29 1003/1003/29
f 938/938/29 937/937/29 1003/1003/29
f 938/938/30 1003/1003/30 1004/1004/30
f 939/939/30 938/938/30 1004/1004/30
f 939/939/31 1004/1004/31 1005/1005/31
f 940/940/31 939/939/31 1005/1005/31
f 940/940/32 1005/1005/32 1006/1006/32
f 941/941/32 940/940/32 1006/1006/32
f 941/941/33 1006/1006/33 1007/1007/33
f 942/942/33 941/941/33 1007/1007/33
f 942/942/34 1007/1007/34 1008/1008/34
f 943/943/34 942/942/34 1008/1008/34
f 943/943/35 1008/1008/35 1009/1009/35
f 944/944/35 943/943/35 1009/1009/35
f 944/944/36 1009/1009/36 1010/1010/36
f 945/945/36 944/944/36 1010/1010/36
f 945/945/37 1010/1010/37 1011/1011/37
f 946/946/37 945/945/37 1011/1011/37
f 946/946/38 1011/1011/38 1012/1012/38
f 947/947/38 946/946/38 1012/1012/38
f 947/947/39 1012/1012/39 1013/1013/39
f 948/948/39 947/947/39 1013/1013/39
f 948/948/40 1013/1013/40 1014/1014/40
f 949/949/40 948/948/40 1014/1014/40
f 949/949/41 1014/1014/41 1015/1015/41
f 950/950/41 949/949/41 1015/1015/41
f 950/950/43 1015/1015/43 1016/1016/43
f 951/951/43 950/950/43 1016/1016/43
f 951/951/44 1016/1016/44 1017/1017/44
f 952/952/44 951/951/44 1017/1017/44
f 952/952/45 1017/1017/45 1018/1018/45
f 953/953/45 952/952/45 1018/1018/45
f 953/953/46 1018/1018/46 1019/1019/46
f 954/954/46 953/953/46 1019/1019/46
f 954/954/47 1019/1019/47 1020/1020/47
f 955/955/47 954/954/47 1020/1020/47
f 955/955/48 1020/1020/48 1021/1021/48
f 956/956/48 955/955/48 1021/1021/48
f 956/956/49 1021/1021/49 1022/1022/49
f 957/957/49 956/956/49 1022/1022/49
f 957/957/50 1022/1022/50 1023/1023/50
f 958/958/50 957/957/50 1023/1023/50
f 958/958/51 1023/1023/51 1024/1024/51
f 959/959/51 958/958/51 1024/1024/51
f 959/959/52 1024/1024/52 1025/1025/52
f 960/960/52 959/959/52 1025/1025/52
f 960/960/53 1025/1025/53 1026/1026/53
f 961/961/53 960/960/53 1026/1026/53
f 961/961/54 1026/1026/54 1027/1027/54
f 962/962/54 961/961/54 1027/1027/54
f 962/962/55 1027/1027/55 1028/1028/55
f 963/963/55 962/962/55 1028/1028/55
f 963/963/56 1028/1028/56 1029/1029/56
f 964/964/56 963/963/56 1029/1029/56
f 964/964/57 1029/1029/57 1030/1030/57
f 965/965/57 964/964/57 1030/1030/57
f 965/965/58 1030/1030/58 1031/1031/58
f 966/966/58 965/965/58 1031/1031/58
f 966/966/59 1031/1031/59 1032/1032/59
f 967/967/59 966/966/59 1032/1032/59
f 967/967/60 1032/1032/60 1033/1033/60
f 968/968/60 967/967/60 1033/1033/60
f 968/968/61 1033/1033/61 1034/1034/61
f 969/969/61 968/968/61 1034/1034/61
f 969/969/62 1034/1034/62 1035/1035/62
f 970/970/62 969/969/62 1035/1035/62
f 970/970/63 1035/1035/63 1036/1036/63
f 971/971/63 970/970/63 1036/1036/63
f 971/971/64 1036/1036/64 1037/1037/64
f 972/972/64 971/971/64 1037/1037/64
f 972/972/65 1037/1037/65 1038/1038/65
f 973/973/65 972/972/65 1038/1038/65
f 973/973/66 1038/1038/66 1039/1039/66
f 974/974/66 973/973/66 1039/1039/66
f 974/974/67 1039/1039/67 1040/1040/67
f 975/975/67 974/974/67 1040/1040/67
f 976/976/1 1041/1041/1 1042/1042/1
f 977/977/1 976/976/1 1042/1042/1
f 977/977/2 1042/1042/2 1043/1043/2
f 978/978/2 977/977/2 1043/1043/2
f 978/978/3 1043/1043/3 1044/1044/3
f 979/979/3 978/978/3 1044/1044/3
f 979/979/4 1044/1044/4 1045/1045/4
f 980/980/4 979/979/4 1045/1045/4
f 980/980/5 1045/1045/5 1046/1046/5
f 981/981/5 980/980/5 1046/1046/5
f 981/981/6 1046/1046/6 1047/1047/6
f 982/982/6 981/981/6 1047/1047/6
f 982/982/7 1047/1047/7 1048/1048/7
f 983/983/7 982/982/7 1048/1048/7
f 983/983/9 1048/1048/9 1049/1049/9
f 984/984/9 983/983/9 1049/1049/9
f 984/984/10 1049/1049/10 1050/1050/10
f 985/985/10 984/984/10 1050/1050/10
f 985/985/11 1050/1050/11 1051/1051/11
f 986/986/11 985/985/11 1051/1051/11
f 986/986/12 1051/1051/12 1052/1052/12
f 987/987/12 986/986/12 1052/1052/12
f 987/987/13 1052/1052/13 1053/1053/13
f 988/988/13 987/987/13 1053/1053/13
f 988/988/14 1053/1053/14 1054/1054/14
f 989/989/14 988/988/14 1054/1054/14
f 989/989/15 1054/1054/15 1055/1055/15
f 990/990/15 989/989/15 1055/1055/15
f 990/990/16 1055/1055/16 1056/1056/16
f 991/991/16 990/990/16 1056/1056/16
f 991/991/17 1056/1056/17 1057/1057/17
f 992/992/17 991/991/17 1057/1057/17
f 992/992/18 1057/1057/18 1058/1058/18
f 993/993/18 992/992/18 1058/1058/18
f 993/993/19 1058/1058/19 1059/1059/19
f 994/994/19 993/993/19 1059/1059/19
f 994/994/20 1059/1059/20 1060/1060/20
f 995/995/20 994/994/20 1060/1060/20
f 995/995/21 1060/1060/21 1061/1061/21
f 996/996/21 995/995/21 1061/1061/21
f 996/996/22 1061/1061/22 1062/1062/22
f 997/997/22 996/996/22 1062/1062/22
f 997/997/23 1062/1062/23 1063/1063/23
f 998/998/23 997/997/23 1063/1063/23
f 998/998/24 1063/1063/24 1064/1064/24
f 999/999/24 998/998/24 1064/1064/24
f 999/999/25 1064/1064/25 1065/1065/25
f 1000/1000/25 999/999/25 1065/1065/25
f 1000/1000/27 1065/1065/27 1066/1066/27
f 1001/1001/27 1000/1000/27 1066/1066/27
f 1001/1001/28 1066/1066/28 1067/1067/28
f 1002/1002/28 1001/1001/28 1067/1067/28
f 1002/1002/29 1067/1067/29 1068/1068/29
f 1003/1003/29 1002/1002/29 1068/1068/29
f 1003/1003/30 1068/1068/30 1069/1069/30
f 1004/1004/30 1003/1003/30 1069/1069/30
f 1004/1004/31 1069/1069/31 1070/1070/31
f 1005/1005/31 1004/1004/31 1070/1070/31
f 1005/1005/32 1070/1070/32 1071/1071/32
f 1006/1006/32 1005/1005/32 1071/1071/32
f 1006/1006/33 1071/1071/33 1072/1072/33
f 1007/1007/33 1006/1006/33 1072/1072/33
f 1007/1007/34 1072/1072/34 1073/1073/34
f 1008/1008/34 1007/1007/34 1073/1073/34
f 1008/1008/35 1073/1073/35 1074/1074/35
f 1009/1009/35 1008/1008/35 1074/1074/35
f 1009/1009/36 1074/1074/36 1075/1075/36
f 1010/1010/36 1009/1009/36 1075/1075/36
f 1010/1010/37 1075/1075/37 1076/1076/37
f 1011/1011/37 1010/1010/37 1076/1076/37
f 1011/1011/38 1076/1076/38 1077/1077/38
f 1012/1012/38 1011/1011/38 1077/1077/38
f 1012/1012/39 1077/1077/39 1078/1078/39
f 1013/1013/39 1012/1012/39 1078/1078/39
f 1013/1013/40 1078/1078/40 1079/1079/40
f 1014/1014/40 1013/1013/40 1079/1079/40
f 1014/1014/41 1079/1079/41 1080/1080/41
f 1015/1015/41 1014/1014/41 1080/1080/41
f 1015/1015/43 1080/1080/43 1081/1081/43
f 1016/1016/43 1015/1015/43 1081/1081/43
f 1016/1016/44 1081/1081/44 1082/1082/44
f 1017/1017/44 1016/1016/44 1082/1082/44
f 1017/1017/45 1082/1082/45 1083/1083/45
f 1018/1018/45 1017/1017/45 1083/1083/45
f 1018/1018/46 1083/1083/46 1084/1084/46
f 1019/1019/46 1018/1018/46 1084/1084/46
f 1019/1019/47 1084/1084/47 1085/1085/47
f 1020/1020/47 1019/1019/47 1085/1085/47
f 1020/1020/48 1085/1085/48 1086/1086/48
f 1021/1021/48 1020/1020/48 1086/1086/48
f 1021/1021/49 1086/1086/49 1087/1087/49
f 1022/1022/49 1021/1021/49 1087/1087/49
f 1022/1022/50 1087/1087/50 1088/1088/50
f 1023/1023/50 1022/1022/50 1088/1088/50
f 1023/1023/51 1088/1088/51 1089/1089/51
f 1024/1024/51 1023/1023/51 1089/1089/51
f 1024/1024/52 1089/1089/52 1090/1090/52
f 1025/1025/52 1024/1024/52 1090/1090/52
f 1025/1025/53 1090/1090/53 1091/1091/53
f 1026/1026/53 1025/1025/53 1091/1091/53
f 1026/1026/54 1091/1091/54 1092/1092/54
f 1027/1027/54 1026/1026/54 1092/1092/54
f 1027/1027/55 1092/1092/55 1093/1093/55
f 1028/1028/55 1027/1027/55 1093/1093/55
f 1028/1028/56 1093/1093/56 1094/1094/56
f 1029/1029/56 1028/1028/56 1094/1094/56
f 1029/1029/57 1094/1094/57 1095/1095/57
f 1030/1030/57 1029/1029/57 1095/1095/57
f 1030/1030/58 1095/1095/58 1096/1096/58
f 1031/1031/58 1030/1030/58 1096/1096/58
f 1031/1031/59 1096/1096/59 1097/1097/59
f 1032/1032/59 1031/1031/59 1097/1097/59
f 1032/1032/60 1097/1097/60 1098/1098/60
f 1033/1033/60 1032/1032/60 1098/1098/60
f 1033/1033/61 1098/1098/61 1099/1099/61
f 1034/1034/61 1033/1033/61 1099/1099/61
f 1034/1034/62 1099/1099/62 1100/1100/62
f 1035/1035/62 1034/1034/62 1100/1100/62
f 1035/1035/63 1100/1100/63 1101/1101/63
f 1036/1036/63 1035/1035/63 1101/1101/63
f 1036/1036/64 1101/1101/64 1102/1102/64
f 1037/1037/64 1036/1036/64 1102/1102/64
f 1037/1037/65 1102/1102/65 1103/1103/65
f 1038/1038/65 1037/1037/65 1103/1103/65
f 1038/1038/66 1103/1103/66 1104/1104/66
f 1039/1039/66 1038/1038/66 1104/1104/66
f 1039/1039/67 1104/1104/67 1105/1105/67
f 1040/1040/67 1039/1039/67 1105/1105/67
f 1041/1041/1 1106/1106/1 1107/1107/1
f 1042/1042/1 1041/1041/1 1107/1107/1
f 1042/1042/2 1107/1107/2 1108/1108/2
f 1043/1043/2 1042/1042/2 1108/1108/2
f 1043/1043/3 1108/1108/3 1109/1109/3
f 1044/1044/3 1043/1043/3 1109/1109/3
f 1044/1044/4 1109/1109/4 1110/1110/4
f 1045/1045/4 1044/1044/4 1110/1110/4
f 1045/1045/5 1110/1110/5 1111/1111/5
f 1046/1046/5 1045/1045/5 1111/1111/5
f 1046/1046/6 1111/1111/6 1112/1112/6
f 1047/1047/6 1046/1046/6 1112/1112/6
f 1047/1047/7 1112/1112/7 1113/1113/7
f 1048/1048/7 1047/1047/7 1113/1113/7
f 1048/1048/9 1113/1113/9 1114/1114/9
f 1049/1049/9 1048/1048/9 1114/1114/9
f 1049/1049/10 1114/1114/10 1115/1115/10
f 1050/1050/10 1049/1049/10 1115/1115/10
f 1050/1050/11 1115/1115/11 1116/1116/11
f 1051/1051/11 1050/1050/11 1116/1116/11
f 1051/1051/12 1116/1116/12 1117/1117/12
f 1052/1052/12 1051/1051/12 1117/1117/12
f 1052/1052/13 1117/1117/13 1118/1118/13
f 1053/1053/13 1052/1052/13 1118/1118/13
f 1053/1053/14 1118/1118/14 1119/1119/14
f 1054/1054/14 1053/1053/14 1119/1119/14
f 1054/1054/15 1119/1119/15 1120/1120/15
f 1055/1055/15 1054/1054/15 1120/1120/15
f 1055/1055/16 1120/1120/16 1121/1121/16
f 1056/1056/16 1055/1055/16 1121/1121/16
f 1056/1056/17 1121/1121/17 1122/1122/17
f 1057/1057/17 1056/1056/17 1122/1122/17
f 1057/1057/18 1122/1122/18 1123/1123/18
f 1058/1058/18 1057/1057/18 1123/1123/18
f 1058/1058/19 1123/1123/19 1124/1124/19
f 1059/1059/19 1058/1058/19 1124/1124/19
f 1059/1059/20 1124/1124/20 1125/1125/20
f 1060/1060/20 1059/1059/20 1125/1125/20
f 1060/1060/21 1125/1125/21 1126/1126/21
f 1061/1061/21 1060/1060/21 1126/1126/21
f 1061/1061/22 1126/1126/22 1127/1127/22
f 1062/1062/22 1061/1061/22 1127/1127/22
f 1062/1062/23 1127/1127/23 1128/1128/23
f 1063/1063/23 1062/1062/23 1128/1128/23
f 1063/1063/24 1128/1128/24 1129/1129/24
f 1064/1064/24 1063/1063/24 1129/1129/24
f 1064/1064/25 1129/1129/25 1130/1130/25
f 1065/1065/25 1064/1064/25 1130/1130/25
f 1065/1065/27 1130/1130/27 1131/1131/27
f 1066/1066/27 1065/1065/27 1131/1131/27
f 1066/1066/28 1131/1131/28 1132/1132/28
f 1067/1067/28 1066/1066/28 1132/1132/28
f 1067/1067/29 1132/1132/29 1133/1133/29
f 1068/1068/29 1067/1067/29 1133/1133/29
f 1068/1068/30 1133/1133/30 1134/1134/30
f 1069/1069/30 1068/1068/30 1134/1134/30
f 1069/1069/31 1134/1134/31 1135/1135/31
f 1070/1070/31 1069/1069/31 1135/1135/31
f 1070/1070/32 1135/1135/32 1136/1136/32
f 1071/1071/32 1070/1070/32 1136/1136/32
f 1071/1071/33 1136/1136/33 1137/1137/33
f 1072/1072/33 1071/1071/33 1137/1137/33
f 1072/1072/34 1137/1137/34 1138/1138/34
f 1073/1073/34 1072/1072/34 1138/1138/34
f 1073/1073/35 1138/1138/35 1139/1139/35
f 1074/1074/35 1073/1073/35 1139/1139/35
f 1074/1074/36 1139/1139/36 1140/1140/36
f 1075/1075/36 1074/1074/36 1140/1140/36
f 1075/1075/37 1140/1140/37 1141/1141/37
f 1076/1076/37 1075/1075/37 1141/1141/37
f 1076/1076/38 1141/1141/38 1142/1142/38
f 1077/1077/38 1076/1076/38 1142/1142/38
f 1077/1077/39 1142/1142/39 1143/1143/39
f 1078/1078/39 1077/1077/39 1143/1143/39
f 1078/1078/40 1143/1143/40 1144/1144/40
f 1079/1079/40 1078/1078/40 1144/1144/40
f 1079/1079/41 1144/1144/41 1145/1145/41
f 1080/1080/41 1079/1079/41 1145/1145/41
f 1080/1080/43 1145/1145/43 1146/1146/43
f 1081/1081/43 1080/1080/43 1146/1146/43
f 1081/1081/44 1146/1146/44 1147/1147/44
f 1082/1082/44 1081/1081/44 1147/1147/44
f 1082/1082/45 1147/1147/45 1148/1148/45
f 1083/1083/45 1082/1082/45 1148/1148/45
f 1083/1083/46 1148/1148/46 1149/1149/46
f 1084/1084/46 1083/1083/46 1149/1149/46
f 1084/1084/47 1149/1149/47 1150/1150/47
f 1085/1085/47 1084/1084/47 1150/1150/47
f 1085/1085/48 1150/1150/48 1151/1151/48
f 1086/1086/48 1085/1085/48 1151/1151/48
f 1086/1086/49 1151/1151/49 1152/1152/49
f 1087/1087/49 1086/1086/49 1152/1152/49
f 1087/1087/50 1152/1152/50 1153/1153/50
f 1088/1088/50 1087/1087/50 1153/1153/50
f 1088/1088/51 1153/1153/51 1154/1154/51
f 1089/1089/51 1088/1088/51 1154/1154/51
f 1089/1089/52 1154/1154/52 1155/1155/52
f 1090/1090/52 1089/1089/52 1155/1155/52
f 1090/1090/53 1155/1155/53 1156/1156/53
f 1091/1091/53 1090/1090/53 1156/1156/53
f 1091/1091/54 1156/1156/54 1157/1157/54
f 1092/1092/54 1091/1091/54 1157/1157/54
f 1092/1092/55 1157/1157/55 1158/1158/55
f 1093/1093/55 1092/1092/55 1158/1158/55
f 1093/1093/56 1158/1158/56 1159/1159/56
f 1094/1094/56 1093/1093/56 1159/1159/56
f 1094/1094/57 1159/1159/57 1160/1160/57
f 1095/1095/57 1094/1094/57 1160/1160/57
f 1095/1095/58 1160/1160/58 1161/1161/58
f 1096/1096/58 1095/1095/58 1161/1161/58
f 1096/1096/59 1161/1161/59 1162/1162/59
f 1097/1097/59 1096/1096/59 1162/1162/59
f 1097/1097/60 1162/1162/60 1163/1163/60
f 1098/1098/60 1097/1097/60 1163/1163/60
f 1098/1098/61 1163/1163/61 1164/1164/61
f 1099/1099/61 1098/1098/61 1164/1164/61
f 1099/1099/62 1164/1164/62 1165/1165/62
f 1100/1100/62 1099/1099/62 1165/1165/62
f 1100/1100/63 1165/1165/63 1166/1166/63
f 1101/1101/63 1100/1100/63 1166/1166/63
f 1101/1101/64 1166/1166/64 1167/1167/64
f 1102/1102/64 1101/1101/64 1167/1167/64
f 1102/1102/65 1167/1167/65 1168/1168/65
f 1103/1103/65 1102/1102/65 1168/1168/65
f 1103/1103/66 1168/1168/66 1169/1169/66
f 1104/1104/66 1103/1103/66 1169/1169/66
f 1104/1104/67 1169/1169/67 1170/1170/67
f 1105/1105/67 1104/1104/67 1170/1170/67
f 1106/1106/1 1171/1171/1 1172/1172/1
f 1107/1107/1 1106/1106/1 1172/1172/1
f 1107/1107/2 1172/1172/2 1173/1173/2
f 1108/1108/2 1107/1107/2 1173/1173/2
f 1108/1108/3 1173/1173/3 1174/1174/3
f 1109/1109/3 1108/1108/3 1174/1174/3
f 1109/1109/4 1174/1174/4 1175/1175/4
f 1110/1110/4 1109/1109/4 1175/1175/4
f 1110/1110/5 1175/1175/5 1176/1176/5
f 1111/1111/5 1110/1110/5 1176/1176/5
f 1111/1111/6 1176/1176/6 1177/1177/6
f 1112/1112/6 1111/1111/6 1177/1177/6
f 1112/1112/7 1177/1177/7 1178/1178/7
f 1113/1113/7 1112/1112/7 1178/1178/7
f 1113/1113/9 1178/1178/9 1179/1179/9
f 1114/1114/9 1113/1113/9 1179/1179/9
f 1114/1114/10 1179/1179/10 1180/1180/10
f 1115/1115/10 1114/1114/10 1180/1180/10
f 1115/1115/11 1180/1180/11 1181/1181/11
f 1116/1116/11 1115/1115/11 1181/1181/11
f 1116/1116/12 1181/1181/12 1182/1182/12
f 1117/1117/12 1116/1116/12 1182/1182/12
f 1117/1117/13 1182/1182/13 1183/1183/13
f 1118/1118/13 1117/1117/13 1183/1183/13
f 1118/1118/14 1183/1183/14 1184/1184/14
f 1119/1119/14 1118/1118/14 1184/1184/14
f 1119/1119/15 1184/1184/15 1185/1185/15
f 1120/1120/15 1119/1119/15 1185/1185/15
f 1120/1120/16 1185/1185/16 1186/1186/16
f 1121/1121/16 1120/1120/16 1186/1186/16
f 1121/1121/17 1186/1186/17 1187/1187/17
f 1122/1122/17 1121/1121/17 1187/1187/17
f 1122/1122/18 1187/1187/18 1188/1188/18
f 1123/1123/18 1122/1122/18 1188/1188/18
f 1123/1123/19 1188/1188/19 1189/1189/19
f 1124/1124/19 1123/1123/19 1189/1189/19
f 1124/1124/20 1189/1189/20 1190/1190/20
f 1125/1125/20 1124/1124/20 1190/1190/20
f 1125/1125/21 1190/1190/21 1191/1191/21
f 1126/1126/21 1125/1125/21 1191/1191/21
f 1126/1126/22 1191/1191/22 1192/1192/22
f 1127/1127/22 1126/1126/22 1192/1192/22
f 1127/1127/23 1192/1192/23 1193/1193/23
f 1128/1128/23 1127/1127/23 1193/1193/23
f 1128/1128/24 1193/1193/24 1194/1194/24
f 1129/1129/24 1128/1128/24 1194/1194/24
f 1129/1129/25 1194/1194/25 1195/1195/25
f 1130/1130/25 1129/1129/25 1195/1195/25
f 1130/1130/27 1195/1195/27 1196/1196/27
f 1131/1131/27 1130/1130/27 1196/1196/27
f 1131/1131/28 1196/1196/28 1197/1197/28
f 1132/1132/28 1131/1131/28 1197/1197/28
f 1132/1132/29 1197/1197/29 1198/1198/29
f 1133/1133/29 1132/1132/29 1198/1198/29
f 1133/1133/30 1198/1198/30 1199/1199/30
f 1134/1134/30 1133/1133/30 1199/1199/30
f 1134/1134/31 1199/1199/31 1200/1200/31
f 1135/1135/31 1134/1134/31 1200/1200/31
f 1135/1135/32 1200/1200/32 1201/1201/32
f 1136/1136/32 1135/1135/32 1201/1201/32
f 1136/1136/33 1201/1201/33 1202/1202/33
f 1137/1137/33 1136/1136/33 1202/1202/33
f 1137/1137/34 1202/1202/34 1203/1203/34
f 1138/1138/34 1137/1137/34 1203/1203/34
f 1138/1138/35 1203/1203/35 1204/1204/35
f 1139/1139/35 1138/1138/35 1204/1204/35
f 1139/1139/36 1204/1204/36 1205/1205/36
f 1140/1140/36 1139/1139/36 1205/1205/36
f 1140/1140/37 1205/1205/37 1206/1206/37
f 1141/1141/37 1140/1140/37 1206/1206/37
f 1141/1141/38 1206/1206/38 1207/1207/38
f 1142/1142/38 1141/1141/38 1207/1207/38
f 1142/1142/39 1207/1207/39 1208/1208/39
f 1143/1143/39 1142/1142/39 1208/1208/39
f 1143/1143/40 1208/1208/40 1209/1209/40
f 1144/1144/40 1143/1143/40 1209/1209/40
f 1144/1144/41 1209/1209/41 1210/1210/41
f 1145/1145/41 1144/1144/41 1210/1210/41
f 1145/1145/43 1210/1210/43 1211/1211/43
f 1146/1146/43 1145/1145/43 1211/1211/43
f 1146/1146/44 1211/1211/44 1212/1212/44
f 1147/1147/44 1146/1146/44 1212/1212/44
f 1147/1147/45 1212/1212/45 1213/1213/45
f 1148/1148/45 1147/1147/45 1213/1213/45
f 1148/1148/46 1213/1213/46 1214/1214/46
f 1149/1149/46 1148/1148/46 1214/1214/46
f 1149/1149/47 1214/1214/47 1215/1215/47
f 1150/1150/47 1149/1149/47 1215/1215/47
f 1150/1150/48 1215/1215/48 1216/1216/48
f 1151/1151/48 1150/1150/48 1216/1216/48
f 1151/1151/49 1216/1216/49 1217/1217/49
f 1152/1152/49 1151/1151/49 1217/1217/49
f 1152/1152/50 1217/1217/50 1218/1218/50
f 1153/1153/50 1152/1152/50 1218/1218/50
f 1153/1153/51 1218/1218/51 1219/1219/51
f 1154/1154/51 1153/1153/51 1219/1219/51
f 1154/1154/52 1219/1219/52 1220/1220/52
f 1155/1155/52 1154/1154/52 1220/1220/52
f 1155/1155/53 1220/1220/53 1221/1221/53
f 1156/1156/53 1155/1155/53 1221/1221/53
f 1156/1156/54 1221/1221/54 1222/1222/54
f 1157/1157/54 1156/1156/54 1222/1222/54
f 1157/1157/55 1222/1222/55 1223/1223/55
f 1158/1158/55 1157/1157/55 1223/1223/55
f 1158/1158/56 1223/1223/56 1224/1224/56
f 1159/1159/56 1158/1158/56 1224/1224/56
f 1159/1159/57 1224/1224/57 1225/1225/57
f 1160/1160/57 1159/1159/57 1225/1225/57
f 1160/1160/58 1225/1225/58 1226/1226/58
f 1161/1161/58 1160/1160/58 1226/1226/58
f 1161/1161/59 1226/1226/59 1227/1227/59
f 1162/1162/59 1161/1161/59 1227/1227/59
f 1162/1162/60 1227/1227/60 1228/1228/60
f 1163/1163/60 1162/1162/60 1228/1228/60
f 1163/1163/61 1228/1228/61 1229/1229/61
f 1164/1164/61 1163/1163/61 1229/1229/61
f 1164/1164/62 1229/1229/62 1230/1230/62
f 1165/1165/62 1164/1164/62 1230/1230/62
f 1165/1165/63 1230/1230/63 1231/1231/63
f 1166/1166/63 1165/1165/63 1231/1231/63
f 1166/1166/64 1231/1231/64 1232/1232/64
f 1167/1167/64 1166/1166/64 1232/1232/64
f 1167/1167/65 1232/1232/65 1233/1233/65
f 1168/1168/65 1167/1167/65 1233/1233/65
f 1168/1168/66 1233/1233/66 1234/1234/66
f 1169/1169/66 1168/1168/66 1234/1234/66
f 1169/1169/67 1234/1234/67 1235/1235/67
f 1170/1170/67 1169/1169/67 1235/1235/67
f 1171/1171/1 1236/1236/1 1237/1237/1
f 1172/1172/1 1171/1171/1 1237/1237/1
f 1172/1172/2 1237/1237/2 1238/1238/2
f 1173/1173/2 1172/1172/2 1238/1238/2
f 1173/1173/3 1238/1238/3 1239/1239/3
f 1174/1174/3 1173/1173/3 1239/1239/3
f 1174/1174/4 1239/1239/4 1240/1240/4
f 1175/1175/4 1174/1174/4 1240/1240/4
f 1175/1175/5 1240/1240/5 1241/1241/5
f 1176/1176/5 1175/1175/5 1241/1241/5
f 1176/1176/6 1241/1241/6 1242/1242/6
f 1177/1177/6 1176/1176/6 1242/1242/6
f 1177/1177/7 1242/1242/7 1243/1243/7
f 1178/1178/7 1177/1177/7 1243/1243/7
f 1178/1178/9 1243/1243/9 1244/1244/9
f 1179/1179/9 1178/1178/9 1244/1244/9
f 1179/1179/10 1244/1244/10 1245/1245/10
f 1180/1180/10 1179/1179/10 1245/1245/10
f 1180/1180/11 1245/1245/11 1246/1246/11
f 1181/1181/11 1180/1180/11 1246/1246/11
f 1181/1181/12 1246/1246/12 1247/1247/12
f 1182/1182/12 1181/1181/12 1247/1247/12
f 1182/1182/13 1247/1247/13 1248/1248/13
f 1183/1183/13 1182/1182/13 1248/1248/13
f 1183/1183/14 1248/1248/14 1249/1249/14
f 1184/1184/14 1183/1183/14 1249/1249/14
f 1184/1184/15 1249/1249/15 1250/1250/15
f 1185/1185/15 1184/1184/15 1250/1250/15
f 1185/1185/16 1250/1250/16 1251/1251/16
f 1186/1186/16 1185/1185/16 1251/1251/16
f 1186/1186/17 1251/1251/17 1252/1252/17
f 1187/1187/17 1186/1186/17 1252/1252/17
f 1187/1187/18 1252/1252/18 1253/1253/18
f 1188/1188/18 1187/1187/18 1253/1253/18
f 1188/1188/19 1253/1253/19 1254/1254/19
f 1189/1189/19 1188/1188/19 1254/1254/19
f 1189/1189/20 1254/1254/20 1255/1255/20
f 1190/1190/20 1189/1189/20 1255/1255/20
f 1190/1190/21 1255/1255/21 1256/1256/21
f 1191/1191/21 1190/1190/21 1256/1256/21
f 1191/1191/22 1256/1256/22 1257/1257/22
f 1192/1192/22 1191/1191/22 1257/1257/22
f 1192/1192/23 1257/1257/23 1258/1258/23
f 1193/1193/23 1192/1192/23 1258/1258/23
f 1193/1193/24 1258/1258/24 1259/1259/24
f 1194/1194/24 1193/1193/24 1259/1259/24
f 1194/1194/25 1259/1259/25 1260/1260/25
f 1195/1195/25 1194/1194/25 1260/1260/25
f 1195/1195/27 1260/1260/27 1261/1261/27
f 1196/1196/27 1195/1195/27 1261/1261/27
f 1196/1196/28 1261/1261/28 1262/1262/28
f 1197/1197/28 1196/1196/28 1262/1262/28
f 1197/1197/29 1262/1262/29 1263/1263/29
f 1198/1198/29 1197/1197/29 1263/1263/29
f 1198/1198/30 1263/1263/30 1264/1264/30
f 1199/1199/30 1198/1198/30 1264/1264/30
f 1199/1199/31 1264/1264/31 1265/1265/31
f 1200/1200/31 1199/1199/31 1265/1265/31
f 1200/1200/32 1265/1265/32 1266/1266/32
f 1201/1201/32 1200/1200/32 1266/1266/32
f 1201/1201/33 1266/1266/33 1267/1267/33
f 1202/1202/33 1201/1201/33 1267/1267/33
f 1202/1202/34 1267/1267/34 1268/1268/34
f 1203/1203/34 1202/1202/34 1268/1268/34
f 1203/1203/35 1268/1268/35 1269/1269/35
f 1204/1204/35 1203/1203/35 1269/1269/35
f 1204/1204/36 1269/1269/36 1270/1270/36
f 1205/1205/36 1204/1204/36 1270/1270/36
f 1205/1205/37 1270/1270/37 1271/1271/37
f 1206/1206/37 1205/1205/37 1271/1271/37
f 1206/1206/38 1271/1271/38 1272/1272/38
f 1207/1207/38 1206/1206/38 1272/1272/38
f 1207/1207/39 1272/1272/39 1273/1273/39
f 1208/1208/39 1207/1207/39 1273/1273/39
f 1208/1208/40 1273/1273/40 1274/1274/40
f 1209/1209/40 1208/1208/40 1274/1274/40
f 1209/1209/41 1274/1274/41 1275/1275/41
f 1210/1210/41 1209/1209/41 1275/1275/41
f 1210/1210/43 1275/1275/43 1276/1276/43
f 1211/1211/43 1210/1210/43 1276/1276/43
f 1211/1211/44 1276/1276/44 1277/1277/44
f 1212/1212/44 1211/1211/44 1277/1277/44
f 1212/1212/45 1277/1277/45 1278/1278/45
f 1213/1213/45 1212/1212/45 1278/1278/45
f 1213/1213/46 1278/1278/46 1279/1279/46
f 1214/1214/46 1213/1213/46 1279/1279/46
f 1214/1214/47 1279/1279/47 1280/1280/47
f 1215/1215/47 1214/1214/47 1280/1280/47
f 1215/1215/48 1280/1280/48 1281/1281/48
f 1216/1216/48 1215/1215/48 1281/1281/48
f 1216/1216/49 1281/1281/49 1282/1282/49
f 1217/1217/49 1216/1216/49 1282/1282/49
f 1217/1217/50 1282/1282/50 1283/1283/50
f 1218/1218/50 1217/1217/50 1283/1283/50
f 1218/1218/51 1283/1283/51 1284/1284/51
f 1219/1219/51 1218/1218/51 1284/1284/51
f 1219/1219/52 1284/1284/52 1285/1285/52
f 1220/1220/52 1219/1219/52 1285/1285/52
f 1220/1220/53 1285/1285/53 1286/1286/53
f 1221/1221/53 1220/1220/53 1286/1286/53
f 1221/1221/54 1286/1286/54 1287/1287/54
f 1222/1222/54 1221/1221/54 1287/1287/54
f 1222/1222/55 1287/1287/55 1288/1288/55
f 1223/1223/55 1222/1222/55 1288/1288/55
f 1223/1223/56 1288/1288/56 1289/1289/56
f 1224/1224/56 1223/1223/56 1289/1289/56
f 1224/1224/57 1289/1289/57 1290/1290/57
f 1225/1225/57 1224/1224/57 1290/1290/57
f 1225/1225/58 1290/1290/58 1291/1291/58
f 1226/1226/58 1225/1225/58 1291/1291/58
f 1226/1226/59 1291/1291/59 1292/1292/59
f 1227/1227/59 1226/1226/59 1292/1292/59
f 1227/1227/60 1292/1292/60 1293/1293/60
f 1228/1228/60 1227/1227/60 1293/1293/60
f 1228/1228/61 1293/1293/61 1294/1294/61
f 1229/1229/61 1228/1228/61 1294/1294/61
f 1229/1229/62 1294/1294/62 1295/1295/62
f 1230/1230/62 1229/1229/62 1295/1295/62
f 1230/1230/63 1295/1295/63 1296/1296/63
f 1231/1231/63 1230/1230/63 1296/1296/63
f 1231/1231/64 1296/1296/64 1297/1297/64
f 1232/1232/64 1231/1231/64 1297/1297/64
f 1232/1232/65 1297/1297/65 1298/1298/65
f 1233/1233/65 1232/1232/65 1298/1298/65
f 1233/1233/66 1298/1298/66 1299/1299/66
f 1234/1234/66 1233/1233/66 1299/1299/66
f 1234/1234/67 1299/1299/67 1300/1300/67
f 1235/1235/67 1234/1234/67 1300/1300/67
f 1236/1236/1 1301/1301/1 1302/1302/1
f 1237/1237/1 1236/1236/1 1302/1302/1
f 1237/1237/2 1302/1302/2 1303/1303/2
f 1238/1238/2 1237/1237/2 1303/1303/2
f 1238/1238/3 1303/1303/3 1304/1304/3
f 1239/1239/3 1238/1238/3 1304/1304/3
f 1239/1239/4 1304/1304/4 1305/1305/4
f 1240/1240/4 1239/1239/4 1305/1305/4
f 1240/1240/5 1305/1305/5 1306/1306/5
f 1241/1241/5 1240/1240/5 1306/1306/5
f 1241/1241/6 1306/1306/6 1307/1307/6
f 1242/1242/6 1241/1241/6 1307/1307/6
f 1242/1242/7 1307/1307/7 1308/1308/7
f 1243/1243/7 1242/1242/7 1308/1308/7
f 1243/1243/9 1308/1308/9 1309/1309/9
f 1244/1244/9 1243/1243/9 1309/1309/9
f 1244/1244/10 1309/1309/10 1310/1310/10
f 1245/1245/10 1244/1244/10 1310/1310/10
f 1245/1245/11 1310/1310/11 1311/1311/11
f 1246/1246/11 1245/1245/11 1311/1311/11
f 1246/1246/12 1311/1311/12 1312/1312/12
f 1247/1247/12 1246/1246/12 1312/1312/12
f 1247/1247/13 1312/1312/13 1313/1313/13
f 1248/1248/13 1247/1247/13 1313/1313/13
f 1248/1248/14 1313/1313/14 1314/1314/14
f 1249/1249/14 1248/1248/14 1314/1314/14
f 1249/1249/15 1314/1314/15 1315/1315/15
f 1250/1250/15 1249/1249/15 1315/1315/15
f 1250/1250/16 1315/1315/16 1316/1316/16
f 1251/1251/16 1250/1250/16 1316/1316/16
f 1251/1251/17 1316/1316/17 1317/1317/17
f 1252/1252/17 1251/1251/17 1317/1317/17
f 1252/1252/18 1317/1317/18 1318/1318/18
f 1253/1253/18 1252/1252/18 1318/1318/18
f 1253/1253/19 1318/1318/19 1319/1319/19
f 1254/1254/19 1253/1253/19 1319/1319/19
f 1254/1254/20 1319/1319/20 1320/1320/20
f 1255/1255/20 1254/1254/20 1320/1320/20
f 1255/1255/21 1320/1320/21 1321/1321/21
f 1256/1256/21 1255/1255/21 1321/1321/21
f 1256/1256/22 1321/1321/22 1322/1322/22
f 1257/1257/22 1256/1256/22 1322/1322/22
f 1257/1257/23 1322/1322/23 1323/1323/23
f 1258/1258/23 1257/1257/23 1323/1323/23
f 1258/1258/24 1323/1323/24 1324/1324/24
f 1259/1259/24 1258/1258/24 1324/1324/24
f 1259/1259/25 1324/1324/25 1325/1325/25
f 1260/1260/25 1259/1259/25 1325/1325/25
f 1260/1260/27 1325/1325/27 1326/1326/27
f 1261/1261/27 1260/1260/27 1326/1326/27
f 1261/1261/28 1326/1326/28 1327/1327/28
f 1262/1262/28 1261/1261/28 1327/1327/28
f 1262/1262/29 1327/1327/29 1328/1328/29
f 1263/1263/29 1262/1262/29 1328/1328/29
f 1263/1263/30 1328/1328/30 1329/1329/30
f 1264/1264/30 1263/1263/30 1329/1329/30
f 1264/1264/31 1329/1329/31 1330/1330/31
f 1265/1265/31 1264/1264/31 1330/1330/31
f 1265/1265/32 1330/1330/32 1331/1331/32
f 1266/1266/32 1265/1265/32 1331/1331/32
f 1266/1266/33 1331/1331/33 1332/1332/33
f 1267/1267/33 1266/1266/33 1332/1332/33
f 1267/1267/34 1332/1332/34 1333/1333/34
f 1268/1268/34 1267/1267/34 1333/1333/34
f 1268/1268/35 1333/1333/35 1334/1334/35
f 1269/1269/35 1268/1268/35 1334/1334/35
f 1269/1269/36 1334/1334/36 1335/1335/36
f 1270/1270/36 1269/1269/36 1335/1335/36
f 1270/1270/37 1335/1335/37 1336/1336/37
f 1271/1271/37 1270/1270/37 1336/1336/37
f 1271/1271/38 1336/1336/38 1337/1337/38
f 1272/1272/38 1271/1271/38 1337/1337/38
f 1272/1272/39 1337/1337/39 1338/1338/39
f 1273/1273/39 1272/1272/39 1338/1338/39
f 1273/1273/40 1338/1338/40 1339/1339/40
f 1274/1274/40 1273/1273/40 1339/1339/40
f 1274/1274/41 1339/1339/41 1340/1340/41
f 1275/1275/41 1274/1274/41 1340/1340/41
f 1275/1275/43 1340/1340/43 1341/1341/43
f 1276/1276/43 1275/1275/43 1341/1341/43
f 1276/1276/44 1341/1341/44 1342/1342/44
f 1277/1277/44 1276/1276/44 1342/1342/44
f 1277/1277/45 1342/1342/45 1343/1343/45
f 1278/1278/45 1277/1277/45 1343/1343/45
f 1278/1278/46 1343/1343/46 1344/1344/46
f 1279/1279/46 1278/1278/46 1344/1344/46
f 1279/1279/47 1344/1344/47 1345/1345/47
f 1280/1280/47 1279/1279/47 1345/1345/47
f 1280/1280/48 1345/1345/48 1346/1346/48
f 1281/1281/48 1280/1280/48 1346/1346/48
f 1281/1281/49 1346/1346/49 1347/1347/49
f 1282/1282/49 1281/1281/49 1347/1347/49
f 1282/1282/50 1347/1347/50 1348/1348/50
f 1283/1283/50 1282/1282/50 1348/1348/50
f 1283/1283/51 1348/1348/51 1349/1349/51
f 1284/1284/51 1283/1283/51 1349/1349/51
f 1284/1284/52 1349/1349/52 1350/1350/52
f 1285/1285/52 1284/1284/52 1350/1350/52
f 1285/1285/53 1350/1350/53 1351/1351/53
f 1286/1286/53 1285/1285/53 1351/1351/53
f 1286/1286/54 1351/1351/54 1352/1352/54
f 1287/1287/54 1286/1286/54 1352/1352/54
f 1287/1287/55 1352/1352/55 1353/1353/55
f 1288/1288/55 1287/1287/55 1353/1353/55
f 1288/1288/56 1353/1353/56 1354/1354/56
f 1289/1289/56 1288/1288/56 1354/1354/56
f 1289/1289/57 1354/1354/57 1355/1355/57
f 1290/1290/57 1289/1289/57 1355/1355/57
f 1290/1290/58 1355/1355/58 1356/1356/58
f 1291/1291/58 1290/1290/58 1356/1356/58
f 1291/1291/59 1356/1356/59 1357/1357/59
f 1292/1292/59 1291/1291/59 1357/1357/59
f 1292/1292/60 1357/1357/60 1358/1358/60
f 1293/1293/60 1292/1292/60 1358/1358/60
f 1293/1293/61 1358/1358/61 1359/1359/61
f 1294/1294/61 1293/1293/61 1359/1359/61
f 1294/1294/62 1359/1359/62 1360/1360/62
f 1295/1295/62 1294/1294/62 1360/1360/62
f 1295/1295/63 1360/1360/63 1361/1361/63
f 1296/1296/63 1295/1295/63 1361/1361/63
f 1296/1296/64 1361/1361/64 1362/1362/64
f 1297/1297/64 1296/1296/64 1362/1362/64
f 1297/1297/65 1362/1362/65 1363/1363/65
f 1298/1298/65 1297/1297/65 1363/1363/65
f 1298/1298/66 1363/1363/66 1364/1364/66
f 1299/1299/66 1298/1298/66 1364/1364/66
f 1299/1299/67 1364/1364/67 1365/1365/67
f 1300/1300/67 1299/1299/67 1365/1365/67
f 1301/1301/1 1366/1366/1 1367/1367/1
f 1302/1302/1 1301/1301/1 1367/1367/1
f 1302/1302/2 1367/1367/2 1368/1368/2
f 1303/1303/2 1302/1302/2 1368/1368/2
f 1303/1303/3 1368/1368/3 1369/1369/3
f 1304/1304/3 1303/1303/3 1369/1369/3
f 1304/1304/4 1369/1369/4 1370/1370/4
f 1305/1305/4 1304/1304/4 1370/1370/4
f 1305/1305/5 1370/1370/5 1371/1371/5
f 1306/1306/5 1305/1305/5 1371/1371/5
f 1306/1306/6 1371/1371/6 1372/1372/6
f 1307/1307/6 1306/1306/6 1372/1372/6
f 1307/1307/7 1372/1372/7 1373/1373/7
f 1308/1308/7 1307/1307/7 1373/1373/7
f 1308/1308/9 1373/1373/9 1374/1374/9
f 1309/1309/9 1308/1308/9 1374/1374/9
f 1309/1309/10 1374/1374/10 1375/1375/10
f 1310/1310/10 1309/1309/10 1375/1375/10
f 1310/1310/11 1375/1375/11 1376/1376/11
f 1311/1311/11 1310/1310/11 1376/1376/11
f 1311/1311/12 1376/1376/12 1377/1377/12
f 1312/1312/12 1311/1311/12 1377/1377/12
f 1312/1312/13 1377/1377/13 1378/1378/13
f 1313/1313/13 1312/1312/13 1378/1378/13
f 1313/1313/14 1378/1378/14 1379/1379/14
f 1314/1314/14 1313/1313/14 1379/1379/14
f 1314/1314/15 1379/1379/15 1380/1380/15
f 1315/1315/15 1314/1314/15 1380/1380/15
f 1315/1315/16 1380/1380/16 1381/1381/16
f 1316/1316/16 1315/1315/16 1381/1381/16
f 1316/1316/17 1381/1381/17 1382/1382/17
f 1317/1317/17 1316/1316/17 1382/1382/17
f 1317/1317/18 1382/1382/18 1383/1383/18
f 1318/1318/18 1317/1317/18 1383/1383/18
f 1318/1318/19 1383/1383/19 1384/1384/19
f 1319/1319/19 1318/1318/19 1384/1384/19
f 1319/1319/20 1384/1384/20 1385/1385/20
f 1320/1320/20 1319/1319/20 1385/1385/20
f 1320/1320/21 1385/1385/21 1386/1386/21
f 1321/1321/21 1320/1320/21 1386/1386/21
f 1321/1321/22 1386/1386/22 1387/1387/22
f 1322/1322/22 1321/1321/22 1387/1387/22
f 1322/1322/23 1387/1387/23 1388/1388/23
f 1323/1323/23 1322/1322/23 1388/1388/23
f 1323/1323/24 1388/1388/24 1389/1389/24
f 1324/1324/24 1323/1323/24 1389/1389/24
f 1324/1324/25 1389/1389/25 1390/1390/25
f 1325/1325/25 1324/1324/25 1390/1390/25
f 1325/1325/27 1390/1390/27 1391/1391/27
f 1326/1326/27 1325/1325/27 1391/1391/27
f 1326/1326/28 1391/1391/28 1392/1392/28
f 1327/1327/28 1326/1326/28 1392/1392/28
f 1327/1327/29 1392/1392/29 1393/1393/29
f 1328/1328/29 1327/1327/29 1393/1393/29
f 1328/1328/30 1393/1393/30 1394/1394/30
f 1329/1329/30 1328/1328/30 1394/1394/30
f 1329/1329/31 1394/1394/31 1395/1395/31
f 1330/1330/31 1329/1329/31 1395/1395/31
f 1330/1330/32 1395/1395/32 1396/1396/32
f 1331/1331/32 1330/1330/32 1396/1396/32
f 1331/1331/33 1396/1396/33 1397/1397/33
f 1332/1332/33 1331/1331/33 1397/1397/33
f 1332/1332/34 1397/1397/34 1398/1398/34
f 1333/1333/34 1332/1332/34 1398/1398/34
f 1333/1333/35 1398/1398/35 1399/1399/35
f 1334/1334/35 1333/1333/35 1399/1399/35
f 1334/1334/36 1399/1399/36 1400/1400/36
f 1335/1335/36 1334/1334/36 1400/1400/36
f 1335/1335/37 1400/1400/37 1401/1401/37
f 1336/1336/37 1335/1335/37 1401/1401/37
f 1336/1336/38 1401/1401/38 1402/1402/38
f 1337/1337/38 1336/1336/38 1402/1402/38
f 1337/1337/39 1402/1402/39 1403/1403/39
f 1338/1338/39 1337/1337/39 1403/1403/39
f 1338/1338/40 1403/1403/40 1404/1404/40
f 1339/1339/40 1338/1338/40 1404/1404/40
f 1339/1339/41 1404/1404/41 1405/1405/41
f 1340/1340/41 1339/1339/41 1405/1405/41
f 1340/1340/43 1405/1405/43 1406/1406/43
f 1341/1341/43 1340/1340/43 1406/1406/43
f 1341/1341/44 1406/1406/44 1407/1407/44
f 1342/1342/44 1341/1341/44 1407/1407/44
f 1342/1342/45 1407/1407/45 1408/1408/45
f 1343/1343/45 1342/1342/45 1408/1408/45
f 1343/1343/46 1408/1408/46 1409/1409/46
f 1344/1344/46 1343/1343/46 1409/1409/46
f 1344/1344/47 1409/1409/47 1410/1410/47
f 1345/1345/47 1344/1344/47 1410/1410/47
f 1345/1345/48 1410/1410/48 1411/1411/48
f 1346/1346/48 1345/1345/48 1411/1411/48
f 1346/1346/49 1411/1411/49 1412/1412/49
f 1347/1347/49 1346/1346/49 1412/1412/49
f 1347/1347/50 1412/1412/50 1413/1413/50
f 1348/1348/50 1347/1347/50 1413/1413/50
f 1348/1348/51 1413/1413/51 1414/1414/51
f 1349/1349/51 1348/1348/51 1414/1414/51
f 1349/1349/52 1414/1414/52 1415/1415/52
f 1350/1350/52 1349/1349/52 1415/1415/52
f 1350/1350/53 1415/1415/53 1416/1416/53
f 1351/1351/53 1350/1350/53 1416/1416/53
f 1351/1351/54 1416/1416/54 1417/1417/54
f 1352/1352/54 1351/1351/54 1417/1417/54
f 1352/1352/55 1417/1417/55 1418/1418/55
f 1353/1353/55 1352/1352/55 1418/1418/55
f 1353/1353/56 1418/1418/56 1419/1419/56
f 1354/1354/56 1353/1353/56 1419/1419/56
f 1354/1354/57 1419/1419/57 1420/1420/57
f 1355/1355/57 1354/1354/57 1420/1420/57
f 1355/1355/58 1420/1420/58 1421/1421/58
f 1356/1356/58 1355/1355/58 1421/1421/58
f 1356/1356/59 1421/1421/59 1422/1422/59
f 1357/1357/59 1356/1356/59 1422/1422/59
f 1357/1357/60 1422/1422/60 1423/1423/60
f 1358/1358/60 1357/1357/60 1423/1423/60
f 1358/1358/61 1423/1423/61 1424/1424/61
f 1359/1359/61 1358/1358/61 1424/1424/61
f 1359/1359/62 1424/1424/62 1425/1425/62
f 1360/1360/62 1359/1359/62 1425/1425/62
f 1360/1360/63 1425/1425/63 1426/1426/63
f 1361/1361/63 1360/1360/63 1426/1426/63
f 1361/1361/64 1426/1426/64 1427/1427/64
f 1362/1362/64 1361/1361/64 1427/1427/64
f 1362/1362/65 1427/1427/65 1428/1428/65
f 1363/1363/65 1362/1362/65 1428/1428/65
f 1363/1363/66 1428/1428/66 1429/1429/66
f 1364/1364/66 1363/1363/66 1429/1429/66
f 1364/1364/67 1429/1429/67 1430/1430/67
f 1365/1365/67 1364/1364/67 1430/1430/67
f 1366/1366/1 1431/1431/1 1432/1432/1
f 1367/1367/1 1366/1366/1 1432/1432/1
f 1367/1367/2 1432/1432/2 1433/1433/2
f 1368/1368/2 1367/1367/2 1433/1433/2
f 1368/1368/3 1433/1433/3 1434/1434/3
f 1369/1369/3 1368/1368/3 1434/1434/3
f 1369/1369/4 1434/1434/4 1435/1435/4
f 1370/1370/4 1369/1369/4 1435/1435/4
f 1370/1370/5 1435/1435/5 1436/1436/5
f 1371/1371/5 1370/1370/5 1436/1436/5
f 1371/1371/6 1436/1436/6 1437/1437/6
f 1372/1372/6 1371/1371/6 1437/1437/6
f 1372/1372/7 1437/1437/7 1438/1438/7
f 1373/1373/7 1372/1372/7 1438/1438/7
f 1373/1373/9 1438/1438/9 1439/1439/9
f 1374/1374/9 1373/1373/9 1439/1439/9
f 1374/1374/10 1439/1439/10 1440/1440/10
f 1375/1375/10 1374/1374/10 1440/1440/10
f 1375/1375/11 1440/1440/11 1441/1441/11
f 1376/1376/11 1375/1375/11 1441/1441/11
f 1376/1376/12 1441/1441/12 1442/1442/12
f 1377/1377/12 1376/1376/12 1442/1442/12
f 1377/1377/13 1442/1442/13 1443/1443/13
f 1378/1378/13 1377/1377/13 1443/1443/13
f 1378/1378/14 1443/1443/14 1444/1444/14
f 1379/1379/14 1378/1378/14 1444/1444/14
f 1379/1379/15 1444/1444/15 1445/1445/15
f 1380/1380/15 1379/1379/15 1445/1445/15
f 1380/1380/16 1445/1445/16 1446/1446/16
f 1381/1381/16 1380/1380/16 1446/1446/16
f 1381/1381/17 1446/1446/17 1447/1447/17
f 1382/1382/17 1381/1381/17 1447/1447/17
f 1382/1382/18 1447/1447/18 1448/1448/18
f 1383/1383/18 1382/1382/18 1448/1448/18
f 1383/1383/19 1448/1448/19 1449/1449/19
f 1384/1384/19 1383/1383/19 1449/1449/19
f 1384/1384/20 1449/1449/20 1450/1450/20
f 1385/1385/20 1384/1384/20 1450/1450/20
f 1385/1385/21 1450/1450/21 1451/1451/21
f 1386/1386/21 1385/1385/21 1451/1451/21
f 1386/1386/22 1451/1451/22 1452/1452/22
f 1387/1387/22 1386/1386/22 1452/1452/22
f 1387/1387/23 1452/1452/23 1453/1453/23
f 1388/1388/23 1387/1387/23 1453/1453/23
f 1388/1388/24 1453/1453/24 1454/1454/24
f 1389/1389/24 1388/1388/24 1454/1454/24
f 1389/1389/25 1454/1454/25 1455/1455/25
f 1390/1390/25 1389/1389/25 1455/1455/25
f 1390/1390/27 1455/1455/27 1456/1456/27
f 1391/1391/27 1390/1390/27 1456/1456/27
f 1391/1391/28 1456/1456/28 1457/1457/28
f 1392/1392/28 1391/1391/28 1457/1457/28
f 1392/1392/29 1457/1457/29 1458/1458/29
f 1393/1393/29 1392/1392/29 1458/1458/29
f 1393/1393/30 1458/1458/30 1459/1459/30
f 1394/1394/30 1393/1393/30 1459/1459/30
f 1394/1394/31 1459/1459/31 1460/1460/31
f 1395/1395/31 1394/1394/31 1460/1460/31
f 1395/1395/32 1460/1460/32 1461/1461/32
f 1396/1396/32 1395/1395/32 1461/1461/32
f 1396/1396/33 1461/1461/33 1462/1462/33
f 1397/1397/33 1396/1396/33 1462/1462/33
f 1397/1397/34 1462/1462/34 1463/1463/34
f 1398/1398/34 1397/1397/34 1463/1463/34
f 1398/1398/35 1463/1463/35 1464/1464/35
f 1399/1399/35 1398/1398/35 1464/1464/35
f 1399/1399/36 1464/1464/36 1465/1465/36
f 1400/1400/36 1399/1399/36 1465/1465/36
f 1400/1400/37 1465/1465/37 1466/1466/37
f 1401/1401/37 1400/1400/37 1466/1466/37
f 1401/1401/38 1466/1466/38 1467/1467/38
f 1402/1402/38 1401/1401/38 1467/1467/38
f 1402/1402/39 1467/1467/39 1468/1468/39
f 1403/1403/39 1402/1402/39 1468/1468/39
f 1403/1403/40 1468/1468/40 1469/1469/40
f 1404/1404/40 1403/1403/40 1469/1469/40
f 1404/1404/41 1469/1469/41 1470/1470/41
f 1405/1405/41 1404/1404/41 1470/1470/41
f 1405/1405/43 1470/1470/43 1471/1471/43
f 1406/1406/43 1405/1405/43 1471/1471/43
f 1406/1406/44 1471/1471/44 1472/1472/44
f 1407/1407/44 1406/1406/44 1472/1472/44
f 1407/1407/45 1472/1472/45 1473/1473/45
f 1408/1408/45 1407/1407/45 1473/1473/45
f 1408/1408/46 1473/1473/46 1474/1474/46
f 1409/1409/46 1408/1408/46 1474/1474/46
f 1409/1409/47 1474/1474/47 1475/1475/47
f 1410/1410/47 1409/1409/47 1475/1475/47
f 1410/1410/48 1475/1475/48 1476/1476/48
f 1411/1411/48 1410/1410/48 1476/1476/48
f 1411/1411/49 1476/1476/49 1477/1477/49
f 1412/1412/49 1411/1411/49 1477/1477/49
f 1412/1412/50 1477/1477/50 1478/1478/50
f 1413/1413/50 1412/1412/50 1478/1478/50
f 1413/1413/51 1478/1478/51 1479/1479/51
f 1414/1414/51 1413/1413/51 1479/1479/51
f 1414/1414/52 1479/1479/52 1480/1480/52
f 1415/1415/52 1414/1414/52 1480/1480/52
f 1415/1415/53 1480/1480/53 1481/1481/53
f 1416/1416/53 1415/1415/53 1481/1481/53
f 1416/1416/54 1481/1481/54 1482/1482/54
f 1417/1417/54 1416/1416/54 1482/1482/54
f 1417/1417/55 1482/1482/55 1483/1483/55
f 1418/1418/55 1417/1417/55 1483/1483/55
f 1418/1418/56 1483/1483/56 1484/1484/56
f 1419/1419/56 1418/1418/56 1484/1484/56
f 1419/1419/57 1484/1484/57 1485/1485/57
f 1420/1420/57 1419/1419/57 1485/1485/57
f 1420/1420/58 1485/1485/58 1486/1486/58
f 1421/1421/58 1420/1420/58 1486/1486/58
f 1421/1421/59 1486/1486/59 1487/1487/59
f 1422/1422/59 1421/1421/59 1487/1487/59
f 1422/1422/60 1487/1487/60 1488/1488/60
f 1423/1423/60 1422/1422/60 1488/1488/60
f 1423/1423/61 1488/1488/61 1489/1489/61
f 1424/1424/61 1423/1423/61 1489/1489/61
f 1424/1424/62 1489/1489/62 1490/1490/62
f 1425/1425/62 1424/1424/62 1490/1490/62
f 1425/1425/63 1490/1490/63 1491/1491/63
f 1426/1426/63 1425/1425/63 1491/1491/63
f 1426/1426/64 1491/1491/64 1492/1492/64
f 1427/1427/64 1426/1426/64 1492/1492/64
f 1427/1427/65 1492/1492/65 1493/1493/65
f 1428/1428/65 1427/1427/65 1493/1493/65
f 1428/1428/66 1493/1493/66 1494/1494/66
f 1429/1429/66 1428/1428/66 1494/1494/66
f 1429/1429/67 1494/1494/67 1495/1495/67
f 1430/1430/67 1429/1429/67 1495/1495/67
f 1431/1431/1 1496/1496/1 1497/1497/1
f 1432/1432/1 1431/1431/1 1497/1497/1
f 1432/1432/2 1497/1497/2 1498/1498/2
f 1433/1433/2 1432/1432/2 1498/1498/2
f 1433/1433/3 1498/1498/3 1499/1499/3
f 1434/1434/3 1433/1433/3 1499/1499/3
f 1434/1434/4 1499/1499/4 1500/1500/4
f 1435/1435/4 1434/1434/4 1500/1500/4
f 1435/1435/5 1500/1500/5 1501/1501/5
f 1436/1436/5 1435/1435/5 1501/1501/5
f 1436/1436/6 1501/1501/6 1502/1502/6
f 1437/1437/6 1436/1436/6 1502/1502/6
f 1437/1437/7 1502/1502/7 1503/1503/7
f 1438/1438/7 1437/1437/7 1503/1503/7
f 1438/1438/9 1503/1503/9 1504/1504/9
f 1439/1439/9 1438/1438/9 1504/1504/9
f 1439/1439/10 1504/1504/10 1505/1505/10
f 1440/1440/10 1439/1439/10 1505/1505/10
f 1440/1440/11 1505/1505/11 1506/1506/11
f 1441/1441/11 1440/1440/11 1506/1506/11
f 1441/1441/12 1506/1506/12 1507/1507/12
f 1442/1442/12 1441/1441/12 1507/1507/12
f 1442/1442/13 1507/1507/13 1508/1508/13
f 1443/1443/13 1442/1442/13 1508/1508/13
f 1443/1443/14 1508/1508/14 1509/1509/14
f 1444/1444/14 1443/1443/14 1509/1509/14
f 1444/1444/15 1509/1509/15 1510/1510/15
f 1445/1445/15 1444/1444/15 1510/1510/15
f 1445/1445/16 1510/1510/16 1511/1511/16
f 1446/1446/16 1445/1445/16 1511/1511/16
f 1446/1446/17 1511/1511/17 1512/1512/17
f 1447/1447/17 1446/1446/17 1512/1512/17
f 1447/1447/18 1512/1512/18 1513/1513/18
f 1448/1448/18 1447/1447/18 1513/1513/18
f 1448/1448/19 1513/1513/19 1514/1514/19
f 1449/1449/19 1448/1448/19 1514/1514/19
f 1449/1449/20 1514/1514/20 1515/1515/20
f 1450/1450/20 1449/1449/20 1515/1515/20
f 1450/1450/21 1515/1515/21 1516/1516/21
f 1451/1451/21 1450/1450/21 1516/1516/21
f 1451/1451/22 1516/1516/22 1517/1517/22
f 1452/1452/22 1451/1451/22 1517/1517/22
f 1452/1452/23 1517/1517/23 1518/1518/23
f 1453/1453/23 1452/1452/23 1518/1518/23
f 1453/1453/24 1518/1518/24 1519/1519/24
f 1454/1454/24 1453/1453/24 1519/1519/24
f 1454/1454/25 1519/1519/25 1520/1520/25
f 1455/1455/25 1454/1454/25 1520/1520/25
f 1455/1455/27 1520/1520/27 1521/1521/27
f 1456/1456/27 1455/1455/27 1521/1521/27
f 1456/1456/28 1521/1521/28 1522/1522/28
f 1457/1457/28 1456/1456/28 1522/1522/28
f 1457/1457/29 1522/1522/29 1523/1523/29
f 1458/1458/29 1457/1457/29 1523/1523/29
f 1458/1458/30 1523/1523/30 1524/1524/30
f 1459/1459/30 1458/1458/30 1524/1524/30
f 1459/1459/31 1524/1524/31 1525/1525/31
f 1460/1460/31 1459/1459/31 1525/1525/31
f 1460/1460/32 1525/1525/32 1526/1526/32
f 1461/1461/32 1460/1460/32 1526/1526/32
f 1461/1461/33 1526/1526/33 1527/1527/33
f 1462/1462/33 1461/1461/33 1527/1527/33
f 1462/1462/34 1527/1527/34 1528/1528/34
f 1463/1463/34 1462/1462/34 1528/1528/34
f 1463/1463/35 1528/1528/35 1529/1529/35
f 1464/1464/35 1463/1463/35 1529/1529/35
f 1464/1464/36 1529/1529/36 1530/1530/36
f 1465/1465/36 1464/1464/36 1530/1530/36
f 1465/1465/37 1530/1530/37 1531/1531/37
f 1466/1466/37 1465/1465/37 1531/1531/37
f 1466/1466/38 1531/1531/38 1532/1532/38
f 1467/1467/38 1466/1466/38 1532/1532/38
f 1467/1467/39 1532/1532/39 1533/1533/39
f 1468/1468/39 1467/1467/39 1533/1533/39
f 1468/1468/40 1533/1533/40 1534/1534/40
f 1469/1469/40 1468/1468/40 1534/1534/40
f 1469/1469/41 1534/1534/41 1535/1535/41
f 1470/1470/41 1469/1469/41 1535/1535/41
f 1470/1470/43 1535/1535/43 1536/1536/43
f 1471/1471/43 1470/1470/43 1536/1536/43
f 1471/1471/44 1536/1536/44 1537/1537/44
f 1472/1472/44 1471/1471/44 1537/1537/44
f 1472/1472/45 1537/1537/45 1538/1538/45
f 1473/1473/45 1472/1472/45 1538/1538/45
f 1473/1473/46 1538/1538/46 1539/1539/46
f 1474/1474/46 1473/1473/46 1539/1539/46
f 1474/1474/47 1539/1539/47 1540/1540/47
f 1475/1475/47 1474/1474/47 1540/1540/47
f 1475/1475/48 1540/1540/48 1541/1541/48
f 1476/1476/48 1475/1475/48 1541/1541/48
f 1476/1476/49 1541/1541/49 1542/1542/49
f 1477/1477/49 1476/1476/49 1542/1542/49
f 1477/1477/50 1542/1542/50 1543/1543/50
f 1478/1478/50 1477/1477/50 1543/1543/50
f 1478/1478/51 1543/1543/51 1544/1544/51
f 1479/1479/51 1478/1478/51 1544/1544/51
f 1479/1479/52 1544/1544/52 1545/1545/52
f 1480/1480/52 1479/1479/52 1545/1545/52
f 1480/1480/53 1545/1545/53 1546/1546/53
f 1481/1481/53 1480/1480/53 1546/1546/53
f 1481/1481/54 1546/1546/54 1547/1547/54
f 1482/1482/54 1481/1481/54 1547/1547/54
f 1482/1482/55 1547/1547/55 1548/1548/55
f 1483/1483/55 1482/1482/55 1548/1548/55
f 1483/1483/56 1548/1548/56 1549/1549/56
f 1484/1484/56 1483/1483/56 1549/1549/56
f 1484/1484/57 1549/1549/57 1550/1550/57
f 1485/1485/57 1484/1484/57 1550/1550/57
f 1485/1485/58 1550/1550/58 1551/1551/58
f 1486/1486/58 1485/1485/58 1551/1551/58
f 1486/1486/59 1551/1551/59 1552/1552/59
f 1487/1487/59 1486/1486/59 1552/1552/59
f 1487/1487/60 1552/1552/60 1553/1553/60
f 1488/1488/60 1487/1487/60 1553/1553/60
f 1488/1488/61 1553/1553/61 1554/1554/61
f 1489/1489/61 1488/1488/61 1554/1554/61
f 1489/1489/62 1554/1554/62 1555/1555/62
f 1490/1490/62 1489/1489/62 1555/1555/62
f 1490/1490/63 1555/1555/63 1556/1556/63
f 1491/1491/63 1490/1490/63 1556/1556/63
f 1491/1491/64 1556/1556/64 1557/1557/64
f 1492/1492/64 1491/1491/64 1557/1557/64
f 1492/1492/65 1557/1557/65 1558/1558/65
f 1493/1493/65 1492/1492/65 1558/1558/65
f 1493/1493/66 1558/1558/66 1559/1559/66
f 1494/1494/66 1493/1493/66 1559/1559/66
f 1494/1494/67 1559/1559/67 1560/1560/67
f 1495/1495/67 1494/1494/67 1560/1560/67
f 1496/1496/1 1561/1561/1 1562/1562/1
f 1497/1497/1 1496/1496/1 1562/1562/1
f 1497/1497/2 1562/1562/2 1563/1563/2
f 1498/1498/2 1497/1497/2 1563/1563/2
f 1498/1498/3 1563/1563/3 1564/1564/3
f 1499/1499/3 1498/1498/3 1564/1564/3
f 1499/1499/4 1564/1564/4 1565/1565/4
f 1500/1500/4 1499/1499/4 1565/1565/4
f 1500/1500/5 1565/1565/5 1566/1566/5
f 1501/1501/5 1500/1500/5 1566/1566/5
f 1501/1501/6 1566/1566/6 1567/1567/6
f 1502/1502/6 1501/1501/6 1567/1567/6
f 1502/1502/7 1567/1567/7 1568/1568/7
f 1503/1503/7 1502/1502/7 1568/1568/7
f 1503/1503/9 1568/1568/9 1569/1569/9
f 1504/1504/9 1503/1503/9 1569/1569/9
f 1504/1504/10 1569/1569/10 1570/1570/10
f 1505/1505/10 1504/1504/10 1570/1570/10
f 1505/1505/11 1570/1570/11 1571/1571/11
f 1506/1506/11 1505/1505/11 1571/1571/11
f 1506/1506/12 1571/1571/12 1572/1572/12
f 1507/1507/12 1506/1506/12 1572/1572/12
f 1507/1507/13 1572/1572/13 1573/1573/13
f 1508/1508/13 1507/1507/13 1573/1573/13
f 1508/1508/14 1573/1573/14 1574/1574/14
f 1509/1509/14 1508/1508/14 1574/1574/14
f 1509/1509/15 1574/1574/15 1575/1575/15
f 1510/1510/15 1509/1509/15 1575/1575/15
f 1510/1510/16 1575/1575/16 1576/1576/16
f 1511/1511/16 1510/1510/16 1576/1576/16
f 1511/1511/17 1576/1576/17 1577/1577/17
f 1512/1512/17 1511/1511/17 1577/1577/17
f 1512/1512/18 1577/1577/18 1578/1578/18
f 1513/1513/18 1512/1512/18 1578/1578/18
f 1513/1513/19 1578/1578/19 1579/1579/19
f 1514/1514/19 1513/1513/19 1579/1579/19
f 1514/1514/20 1579/1579/20 1580/1580/20
f 1515/1515/20 1514/1514/20 1580/1580/20
f 1515/1515/21 1580/1580/21 1581/1581/21
f 1516/1516/21 1515/1515/21 1581/1581/21
f 1516/1516/22 1581/1581/22 1582/1582/22
f 1517/1517/22 1516/1516/22 1582/1582/22
f 1517/1517/23 1582/1582/23 1583/1583/23
f 1518/1518/23 1517/1517/23 1583/1583/23
f 1518/1518/24 1583/1583/24 1584/1584/24
f 1519/1519/24 1518/1518/24 1584/1584/24
f 1519/1519/25 1584/1584/25 1585/1585/25
f 1520/1520/25 1519/1519/25 1585/1585/25
f 1520/1520/27 1585/1585/27 1586/1586/27
f 1521/1521/27 1520/1520/27 1586/1586/27
f 1521/1521/28 1586/1586/28 1587/1587/28
f 1522/1522/28 1521/1521/28 1587/1587/28
f 1522/1522/29 1587/1587/29 1588/1588/29
f 1523/1523/29 1522/1522/29 1588/1588/29
f 1523/1523/30 1588/1588/30 1589/1589/30
f 1524/1524/30 1523/1523/30 1589/1589/30
f 1524/1524/31 1589/1589/31 1590/1590/31
f 1525/1525/31 1524/1524/31 1590/1590/31
f 1525/1525/32 1590/1590/32 1591/1591/32
f 1526/1526/32 1525/1525/32 1591/1591/32
f 1526/1526/33 1591/1591/33 1592/1592/33
f 1527/1527/33 1526/1526/33 1592/1592/33
f 1527/1527/34 1592/1592/34 1593/1593/34
f 1528/1528/34 1527/1527/34 1593/1593/34
f 1528/1528/35 1593/1593/35 1594/1594/35
f 1529/1529/35 1528/1528/35 1594/1594/35
f 1529/1529/36 1594/1594/36 1595/1595/36
f 1530/1530/36 1529/1529/36 1595/1595/36
f 1530/1530/37 1595/1595/37 1596/1596/37
f 1531/1531/37 1530/1530/37 1596/1596/37
f 1531/1531/38 1596/1596/38 1597/1597/38
f 1532/1532/38 1531/1531/38 1597/1597/38
f 1532/1532/39 1597/1597/39 1598/1598/39
f 1533/1533/39 1532/1532/39 1598/1598/39
f 1533/1533/40 1598/1598/40 1599/1599/40
f 1534/1534/40 1533/1533/40 1599/1599/40
f 1534/1534/41 1599/1599/41 1600/1600/41
f 1535/1535/41 1534/1534/41 1600/1600/41
f 1535/1535/43 1600/1600/43 1601/1601/43
f 1536/1536/43 1535/1535/43 1601/1601/43
f 1536/1536/44 1601/1601/44 1602/1602/44
f 1537/1537/44 1536/1536/44 1602/1602/44
f 1537/1537/45 1602/1602/45 1603/1603/45
f 1538/1538/45 1537/1537/45 1603/1603/45
f 1538/1538/46 1603/1603/46 1604/1604/46
f 1539/1539/46 1538/1538/46 1604/1604/46
f 1539/1539/47 1604/1604/47 1605/1605/47
f 1540/1540/47 1539/1539/47 1605/1605/47
f 1540/1540/48 1605/1605/48 1606/1606/48
f 1541/1541/48 1540/1540/48 1606/1606/48
f 1541/1541/49 1606/1606/49 1607/1607/49
f 1542/1542/49 1541/1541/49 1607/1607/49
f 1542/1542/50 1607/1607/50 1608/1608/50
f 1543/1543/50 1542/1542/50 1608/1608/50
f 1543/1543/51 1608/1608/51 1609/1609/51
f 1544/1544/51 1543/1543/51 1609/1609/51
f 1544/1544/52 1609/1609/52 1610/1610/52
f 1545/1545/52 1544/1544/52 1610/1610/52
f 1545/1545/53 1610/1610/53 1611/1611/53
f 1546/1546/53 1545/1545/53 1611/1611/53
f 1546/1546/54 1611/1611/54 1612/1612/54
f 1547/1547/54 1546/1546/54 1612/1612/54
f 1547/1547/55 1612/1612/55 1613/1613/55
f 1548/1548/55 1547/1547/55 1613/1613/55
f 1548/1548/56 1613/1613/56 1614/1614/56
f 1549/1549/56 1548/1548/56 1614/1614/56
f 1549/1549/57 1614/1614/57 1615/1615/57
f 1550/1550/57 1549/1549/57 1615/1615/57
f 1550/1550/58 1615/1615/58 1616/1616/58
f 1551/1551/58 1550/1550/58 1616/1616/58
f 1551/1551/59 1616/1616/59 1617/1617/59
f 1552/1552/59 1551/1551/59 1617/1617/59
f 1552/1552/60 1617/1617/60 1618/1618/60
f 1553/1553/60 1552/1552/60 1618/1618/60
f 1553/1553/61 1618/1618/61 1619/1619/61
f 1554/1554/61 1553/1553/61 1619/1619/61
f 1554/1554/62 1619/1619/62 1620/1620/62
f 1555/1555/62 1554/1554/62 1620/1620/62
f 1555/1555/63 1620/1620/63 1621/1621/63
f 1556/1556/63 1555/1555/63 1621/1621/63
f 1556/1556/64 1621/1621/64 1622/1622/64
f 1557/1557/64 1556/1556/64 1622/1622/64
f 1557/1557/65 1622/1622/65 1623/1623/65
f 1558/1558/65 1557/1557/65 1623/1623/65
f 1558/1558/66 1623/1623/66 1624/1624/66
f 1559/1559/66 1558/1558/66 1624/1624/66
f 1559/1559/67 1624/1624/67 1625/1625/67
f 1560/1560/67 1559/1559/67 1625/1625/67
f 1561/1561/1 1626/1626/1 1627/1627/1
f 1562/1562/1 1561/1561/1 1627/1627/1
f 1562/1562/2 1627/1627/2 1628/1628/2
f 1563/1563/2 1562/1562/2 1628/1628/2
f 1563/1563/3 1628/1628/3 1629/1629/3
f 1564/1564/3 1563/1563/3 1629/1629/3
f 1564/1564/4 1629/1629/4 1630/1630/4
f 1565/1565/4 1564/1564/4 1630/1630/4
f 1565/1565/5 1630/1630/5 1631/1631/5
f 1566/1566/5 1565/1565/5 1631/1631/5
f 1566/1566/6 1631/1631/6 1632/1632/6
f 1567/1567/6 1566/1566/6 1632/1632/6
f 1567/1567/7 1632/1632/7 1633/1633/7
f 1568/1568/7 1567/1567/7 1633/1633/7
f 1568/1568/9 1633/1633/9 1634/1634/9
f 1569/1569/9 1568/1568/9 1634/1634/9
f 1569/1569/10 1634/1634/10 1635/1635/10
f 1570/1570/10 1569/1569/10 1635/1635/10
f 1570/1570/11 1635/1635/11 1636/1636/11
f 1571/1571/11 1570/1570/11 1636/1636/11
f 1571/1571/12 1636/1636/12 1637/1637/12
f 1572/1572/12 1571/1571/12 1637/1637/12
f 1572/1572/13 1637/1637/13 1638/1638/13
f 1573/1573/13 1572/1572/13 1638/1638/13
f 1573/1573/14 1638/1638/14 1639/1639/14
f 1574/1574/14 1573/1573/14 1639/1639/14
f 1574/1574/15 1639/1639/15 1640/1640/15
f 1575/1575/15 1574/1574/15 1640/1640/15
f 1575/1575/16 1640/1640/16 1641/1641/16
f 1576/1576/16 1575/1575/16 1641/1641/16
f 1576/1576/17 1641/1641/17 1642/1642/17
f 1577/1577/17 1576/1576/17 1642/1642/17
f 1577/1577/18 1642/1642/18 1643/1643/18
f 1578/1578/18 1577/1577/18 1643/1643/18
f 1578/1578/19 1643/1643/19 1644/1644/19
f 1579/1579/19 1578/1578/19 1644/1644/19
f 1579/1579/20 1644/1644/20 1645/1645/20
f 1580/1580/20 1579/1579/20 1645/1645/20
f 1580/1580/21 1645/1645/21 1646/1646/21
f 1581/1581/21 1580/1580/21 1646/1646/21
f 1581/1581/22 1646/1646/22 1647/1647/22
f 1582/1582/22 1581/1581/22 1647/1647/22
f 1582/1582/23 1647/1647/23 1648/1648/23
f 1583/1583/23 1582/1582/23 1648/1648/23
f 1583/1583/24 1648/1648/24 1649/1649/24
f 1584/1584/24 1583/1583/24 1649/1649/24
f 1584/1584/25 1649/1649/25 1650/1650/25
f 1585/1585/25 1584/1584/25 1650/1650/25
f 1585/1585/27 1650/1650/27 1651/1651/27
f 1586/1586/27 1585/1585/27 1651/1651/27
f 1586/1586/28 1651/1651/28 1652/1652/28
f 1587/1587/28 1586/1586/28 1652/1652/28
f 1587/1587/29 1652/1652/29 1653/1653/29
f 1588/1588/29 1587/1587/29 1653/1653/29
f 1588/1588/30 1653/1653/30 1654/1654/30
f 1589/1589/30 1588/1588/30 1654/1654/30
f 1589/1589/31 1654/1654/31 1655/1655/31
f 1590/1590/31 1589/1589/31 1655/1655/31
f 1590/1590/32 1655/1655/32 1656/1656/32
f 1591/1591/32 1590/1590/32 1656/1656/32
f 1591/1591/33 1656/1656/33 1657/1657/33
f 1592/1592/33 1591/1591/33 1657/1657/33
f 1592/1592/34 1657/1657/34 1658/1658/34
f 1593/1593/34 1592/1592/34 1658/1658/34
f 1593/1593/35 1658/1658/35 1659/1659/35
f 1594/1594/35 1593/1593/35 1659/1659/35
f 1594/1594/36 1659/1659/36 1660/1660/36
f 1595/1595/36 1594/1594/36 1660/1660/36
f 1595/1595/37 1660/1660/37 1661/1661/37
f 1596/1596/37 1595/1595/37 1661/1661/37
f 1596/1596/38 1661/1661/38 1662/1662/38
f 1597/1597/38 1596/1596/38 1662/1662/38
f 1597/1597/39 1662/1662/39 1663/1663/39
f 1598/1598/39 1597/1597/39 1663/1663/39
f 1598/1598/40 1663/1663/40 1664/1664/40
f 1599/1599/40 1598/1598/40 1664/1664/40
f 1599/1599/41 1664/1664/41 1665/1665/41
f 1600/1600/41 1599/1599/41 1665/1665/41
f 1600/1600/43 1665/1665/43 1666/1666/43
f 1601/1601/43 1600/1600/43 1666/1666/43
f 1601/1601/44 1666/1666/44 1667/1667/44
f 1602/1602/44 1601/1601/44 1667/1667/44
f 1602/1602/45 1667/1667/45 1668/1668/45
f 1603/1603/45 1602/1602/45 1668/1668/45
f 1603/1603/46 1668/1668/46 1669/1669/46
f 1604/1604/46 1603/1603/46 1669/1669/46
f 1604/1604/47 1669/1669/47 1670/1670/47
f 1605/1605/47 1604/1604/47 1670/1670/47
f 1605/1605/48 1670/1670/48 1671/1671/48
f 1606/1606/48 1605/1605/48 1671/1671/48
f 1606/1606/49 1671/1671/49 1672/1672/49
f 1607/1607/49 1606/1606/49 1672/1672/49
f 1607/1607/50 1672/1672/50 1673/1673/50
f 1608/1608/50 1607/1607/50 1673/1673/50
f 1608/1608/51 1673/1673/51 1674/1674/51
f 1609/1609/51 1608/1608/51 1674/1674/51
f 1609/1609/52 1674/1674/52 1675/1675/52
f 1610/1610/52 1609/1609/52 1675/1675/52
f 1610/1610/53 1675/1675/53 1676/1676/53
f 1611/1611/53 1610/1610/53 1676/1676/53
f 1611/1611/54 1676/1676/54 1677/1677/54
f 1612/1612/54 1611/1611/54 1677/1677/54
f 1612/1612/55 1677/1677/55 1678/1678/55
f 1613/1613/55 1612/1612/55 1678/1678/55
f 1613/1613/56 1678/1678/56 1679/1679/56
f 1614/1614/56 1613/1613/56 1679/1679/56
f 1614/1614/57 1679/1679/57 1680/1680/57
f 1615/1615/57 1614/1614/57 1680/1680/57
f 1615/1615/58 1680/1680/58 1681/1681/58
f 1616/1616/58 1615/1615/58 1681/1681/58
f 1616/1616/59 1681/1681/59 1682/1682/59
f 1617/1617/59 1616/1616/59 1682/1682/59
f 1617/1617/60 1682/1682/60 1683/1683/60
f 1618/1618/60 1617/1617/60 1683/1683/60
f 1618/1618/61 1683/1683/61 1684/1684/61
f 1619/1619/61 1618/1618/61 1684/1684/61
f 1619/1619/62 1684/1684/62 1685/1685/62
f 1620/1620/62 1619/1619/62 1685/1685/62
f 1620/1620/63 1685/1685/63 1686/1686/63
f 1621/1621/63 1620/1620/63 1686/1686/63
f 1621/1621/64 1686/1686/64 1687/1687/64
f 1622/1622/64 1621/1621/64 1687/1687/64
f 1622/1622/65 1687/1687/65 1688/1688/65
f 1623/1623/65 1622/1622/65 1688/1688/65
f 1623/1623/66 1688/1688/66 1689/1689/66
f 1624/1624/66 1623/1623/66 1689/1689/66
f 1624/1624/67 1689/1689/67 1690/1690/67
f 1625/1625/67 1624/1624/67 1690/1690/67
f 1626/1626/1 1691/1691/1 1692/1692/1
f 1627/1627/1 1626/1626/1 1692/1692/1
f 1627/1627/2 1692/1692/2 1693/1693/2
f 1628/1628/2 1627/1627/2 1693/1693/2
f 1628/1628/3 1693/1693/3 1694/1694/3
f 1629/1629/3 1628/1628/3 1694/1694/3
f 1629/1629/4 1694/1694/4 1695/1695/4
f 1630/1630/4 1629/1629/4 1695/1695/4
f 1630/1630/5 1695/1695/5 1696/1696/5
f 1631/1631/5 1630/1630/5 1696/1696/5
f 1631/1631/6 1696/1696/6 1697/1697/6
f 1632/1632/6 1631/1631/6 1697/1697/6
f 1632/1632/7 1697/1697/7 1698/1698/7
f 1633/1633/7 1632/1632/7 1698/1698/7
f 1633/1633/9 1698/1698/9 1699/1699/9
f 1634/1634/9 1633/1633/9 1699/1699/9
f 1634/1634/10 1699/1699/10 1700/1700/10
f 1635/1635/10 1634/1634/10 1700/1700/10
f 1635/1635/11 1700/1700/11 1701/1701/11
f 1636/1636/11 1635/1635/11 1701/1701/11
f 1636/1636/12 1701/1701/12 1702/1702/12
f 1637/1637/12 1636/1636/12 1702/1702/12
f 1637/1637/13 1702/1702/13 1703/1703/13
f 1638/1638/13 1637/1637/13 1703/1703/13
f 1638/1638/14 1703/1703/14 1704/1704/14
f 1639/1639/14 1638/1638/14 1704/1704/14
f 1639/1639/15 1704/1704/15 1705/1705/15
f 1640/1640/15 1639/1639/15 1705/1705/15
f 1640/1640/16 1705/1705/16 1706/1706/16
f 1641/1641/16 1640/1640/16 1706/1706/16
f 1641/1641/17 1706/1706/17 1707/1707/17
f 1642/1642/17 1641/1641/17 1707/1707/17
f 1642/1642/18 1707/1707/18 1708/1708/18
f 1643/1643/18 1642/1642/18 1708/1708/18
f 1643/1643/19 1708/1708/19 1709/1709/19
f 1644/1644/19 1643/1643/19 1709/1709/19
f 1644/1644/20 1709/1709/20 1710/1710/20
f 1645/1645/20 1644/1644/20 1710/1710/20
f 1645/1645/21 1710/1710/21 1711/1711/21
f 1646/1646/21 1645/1645/21 1711/1711/21
f 1646/1646/22 1711/1711/22 1712/1712/22
f 1647/1647/22 1646/1646/22 1712/1712/22
f 1647/1647/23 1712/1712/23 1713/1713/23
f 1648/1648/23 1647/1647/23 1713/1713/23
f 1648/1648/24 1713/1713/24 1714/1714/24
f 1649/1649/24 1648/1648/24 1714/1714/24
f 1649/1649/25 1714/1714/25 1715/1715/25
f 1650/1650/25 1649/1649/25 1715/1715/25
f 1650/1650/27 1715/1715/27 1716/1716/27
f 1651/1651/27 1650/1650/27 1716/1716/27
f 1651/1651/28 1716/1716/28 1717/1717/28
f 1652/1652/28 1651/1651/28 1717/1717/28
f 1652/1652/29 1717/1717/29 1718/1718/29
f 1653/1653/29 1652/1652/29 1718/1718/29
f 1653/1653/30 1718/1718/30 1719/1719/30
f 1654/1654/30 1653/1653/30 1719/1719/30
f 1654/1654/31 1719/1719/31 1720/1720/31
f 1655/1655/31 1654/1654/31 1720/1720/31
f 1655/1655/32 1720/1720/32 1721/1721/32
f 1656/1656/32 1655/1655/32 1721/1721/32
f 1656/1656/33 1721/1721/33 1722/1722/33
f 1657/1657/33 1656/1656/33 1722/1722/33
f 1657/1657/34 1722/1722/34 1723/1723/34
f 1658/1658/34 1657/1657/34 1723/1723/34
f 1658/1658/35 1723/1723/35 1724/1724/35
f 1659/1659/35 1658/1658/35 1724/1724/35
f 1659/1659/36 1724/1724/36 1725/1725/36
f 1660/1660/36 1659/1659/36 1725/1725/36
f 1660/1660/37 1725/1725/37 1726/1726/37
f 1661/1661/37 1660/1660/37 1726/1726/37
f 1661/1661/38 1726/1726/38 1727/1727/38
f 1662/1662/38 1661/1661/38 1727/1727/38
f 1662/1662/39 1727/1727/39 1728/1728/39
f 1663/1663/39 1662/1662/39 1728/1728/39
f 1663/1663/40 1728/1728/40 1729/1729/40
f 1664/1664/40 1663/1663/40 1729/1729/40
f 1664/1664/41 1729/1729/41 1730/1730/41
f 1665/1665/41 1664/1664/41 1730/1730/41
f 1665/1665/43 1730/1730/43 1731/1731/43
f 1666/1666/43 1665/1665/43 1731/1731/43
f 1666/1666/44 1731/1731/44 1732/1732/44
f 1667/1667/44 1666/1666/44 1732/1732/44
f 1667/1667/45 1732/1732/45 1733/1733/45
f 1668/1668/45 1667/1667/45 1733/1733/45
f 1668/1668/46 1733/1733/46 1734/1734/46
f 1669/1669/46 1668/1668/46 1734/1734/46
f 1669/1669/47 1734/1734/47 1735/1735/47
f 1670/1670/47 1669/1669/47 1735/1735/47
f 1670/1670/48 1735/1735/48 1736/1736/48
f 1671/1671/48 1670/1670/48 1736/1736/48
f 1671/1671/49 1736/1736/49 1737/1737/49
f 1672/1672/49 1671/1671/49 1737/1737/49
f 1672/1672/50 1737/1737/50 1738/1738/50
f 1673/1673/50 1672/1672/50 1738/1738/50
f 1673/1673/51 1738/1738/51 1739/1739/51
f 1674/1674/51 1673/1673/51 1739/1739/51
f 1674/1674/52 1739/1739/52 1740/1740/52
f 1675/1675/52 1674/1674/52 1740/1740/52
f 1675/1675/53 1740/1740/53 1741/1741/53
f 1676/1676/53 1675/1675/53 1741/1741/53
f 1676/1676/54 1741/1741/54 1742/1742/54
f 1677/1677/54 1676/1676/54 1742/1742/54
f 1677/1677/55 1742/1742/55 1743/1743/55
f 1678/1678/55 1677/1677/55 1743/1743/55
f 1678/1678/56 1743/1743/56 1744/1744/56
f 1679/1679/56 1678/1678/56 1744/1744/56
f 1679/1679/57 1744/1744/57 1745/1745/57
f 1680/1680/57 1679/1679/57 1745/1745/57
f 1680/1680/58 1745/1745/58 1746/1746/58
f 1681/1681/58 1680/1680/58 1746/1746/58
f 1681/1681/59 1746/1746/59 1747/1747/59
f 1682/1682/59 1681/1681/59 1747/1747/59
f 1682/1682/60 1747/1747/60 1748/1748/60
f 1683/1683/60 1682/1682/60 1748/1748/60
f 1683/1683/61 1748/1748/61 1749/1749/61
f 1684/1684/61 1683/1683/61 1749/1749/61
f 1684/1684/62 1749/1749/62 1750/1750/62
f 1685/1685/62 1684/1684/62 1750/1750/62
f 1685/1685/63 1750/1750/63 1751/1751/63
f 1686/1686/63 1685/1685/63 1751/1751/63
f 1686/1686/64 1751/1751/64 1752/1752/64
f 1687/1687/64 1686/1686/64 1752/1752/64
f 1687/1687/65 1752/1752/65 1753/1753/65
f 1688/1688/65 1687/1687/65 1753/1753/65
f 1688/1688/66 1753/1753/66 1754/1754/66
f 1689/1689/66 1688/1688/66 1754/1754/66
f 1689/1689/67 1754/1754/67 1755/1755/67
f 1690/1690/67 1689/1689/67 1755/1755/67
f 1691/1691/1 1756/1756/1 1757/1757/1
f 1692/1692/1 1691/1691/1 1757/1757/1
f 1692/1692/2 1757/1757/2 1758/1758/2
f 1693/1693/2 1692/1692/2 1758/1758/2
f 1693/1693/3 1758/1758/3 1759/1759/3
f 1694/1694/3 1693/1693/3 1759/1759/3
f 1694/1694/4 1759/1759/4 1760/1760/4
f 1695/1695/4 1694/1694/4 1760/1760/4
f 1695/1695/5 1760/1760/5 1761/1761/5
f 1696/1696/5 1695/1695/5 1761/1761/5
f 1696/1696/6 1761/1761/6 1762/1762/6
f 1697/1697/6 1696/1696/6 1762/1762/6
f 1697/1697/7 1762/1762/7 1763/1763/7
f 1698/1698/7 1697/1697/7 1763/1763/7
f 1698/1698/9 1763/1763/9 1764/1764/9
f 1699/1699/9 1698/1698/9 1764/1764/9
f 1699/1699/10 1764/1764/10 1765/1765/10
f 1700/1700/10 1699/1699/10 1765/1765/10
f 1700/1700/11 1765/1765/11 1766/1766/11
f 1701/1701/11 1700/1700/11 1766/1766/11
f 1701/1701/12 1766/1766/12 1767/1767/12
f 1702/1702/12 1701/1701/12 1767/1767/12
f 1702/1702/13 1767/1767/13 1768/1768/13
f 1703/1703/13 1702/1702/13 1768/1768/13
f 1703/1703/14 1768/1768/14 1769/1769/14
f 1704/1704/14 1703/1703/14 1769/1769/14
f 1704/1704/15 1769/1769/15 1770/1770/15
f 1705/1705/15 1704/1704/15 1770/1770/15
f 1705/1705/16 1770/1770/16 1771/1771/16
f 1706/1706/16 1705/1705/16 1771/1771/16
f 1706/1706/17 1771/1771/17 1772/1772/17
f 1707/1707/17 1706/1706/17 1772/1772/17
f 1707/1707/18 1772/1772/18 1773/1773/18
f 1708/1708/18 1707/1707/18 1773/1773/18
f 1708/1708/19 1773/1773/19 1774/1774/19
f 1709/1709/19 1708/1708/19 1774/1774/19
f 1709/1709/20 1774/1774/20 1775/1775/20
f 1710/1710/20 1709/1709/20 1775/1775/20
f 1710/1710/21 1775/1775/21 1776/1776/21
f 1711/1711/21 1710/1710/21 1776/1776/21
f 1711/1711/22 1776/1776/22 1777/1777/22
f 1712/1712/22 1711/1711/22 1777/1777/22
f 1712/1712/23 1777/1777/23 1778/1778/23
f 1713/1713/23 1712/1712/23 1778/1778/23
f 1713/1713/24 1778/1778/24 1779/1779/24
f 1714/1714/24 1713/1713/24 1779/1779/24
f 1714/1714/25 1779/1779/25 1780/1780/25
f 1715/1715/25 1714/1714/25 1780/1780/25
f 1715/1715/27 1780/1780/27 1781/1781/27
f 1716/1716/27 1715/1715/27 1781/1781/27
f 1716/1716/28 1781/1781/28 1782/1782/28
f 1717/1717/28 1716/1716/28 1782/1782/28
f 1717/1717/29 1782/1782/29 1783/1783/29
f 1718/1718/29 1717/1717/29 1783/1783/29
f 1718/1718/30 1783/1783/30 1784/1784/30
f 1719/1719/30 1718/1718/30 1784/1784/30
f 1719/1719/31 1784/1784/31 1785/1785/31
f 1720/1720/31 1719/1719/31 1785/1785/31
f 1720/1720/32 1785/1785/32 1786/1786/32
f 1721/1721/32 1720/1720/32 1786/1786/32
f 1721/1721/33 1786/1786/33 1787/1787/33
f 1722/1722/33 1721/1721/33 1787/1787/33
f 1722/1722/34 1787/1787/34 1788/1788/34
f 1723/1723/34 1722/1722/34 1788/1788/34
f 1723/1723/35 1788/1788/35 1789/1789/35
f 1724/1724/35 1723/1723/35 1789/1789/35
f 1724/1724/36 1789/1789/36 1790/1790/36
f 1725/1725/36 1724/1724/36 1790/1790/36
f 1725/1725/37 1790/1790/37 1791/1791/37
f 1726/1726/37 1725/1725/37 1791/1791/37
f 1726/1726/38 1791/1791/38 1792/1792/38
f 1727/1727/38 1726/1726/38 1792/1792/38
f 1727/1727/39 1792/1792/39 1793/1793/39
f 1728/1728/39 1727/1727/39 1793/1793/39
f 1728/1728/40 1793/1793/40 1794/1794/40
f 1729/1729/40 1728/1728/40 1794/1794/40
f 1729/1729/41 1794/1794/41 1795/1795/41
f 1730/1730/41 1729/1729/41 1795/1795/41
f 1730/1730/43 1795/1795/43 1796/1796/43
f 1731/1731/43 1730/1730/43 1796/1796/43
f 1731/1731/44 1796/1796/44 1797/1797/44
f 1732/1732/44 1731/1731/44 1797/1797/44
f 1732/1732/45 1797/1797/45 1798/1798/45
f 1733/1733/45 1732/1732/45 1798/1798/45
f 1733/1733/46 1798/1798/46 1799/1799/46
f 1734/1734/46 1733/1733/46 1799/1799/46
f 1734/1734/47 1799/1799/47 1800/1800/47
f 1735/1735/47 1734/1734/47 1800/1800/47
f 1735/1735/48 1800/1800/48 1801/1801/48
f 1736/1736/48 1735/1735/48 1801/1801/48
f 1736/1736/49 1801/1801/49 1802/1802/49
f 1737/1737/49 1736/1736/49 1802/1802/49
f 1737/1737/50 1802/1802/50 1803/1803/50
f 1738/1738/50 1737/1737/50 1803/1803/50
f 1738/1738/51 1803/1803/51 1804/1804/51
f 1739/1739/51 1738/1738/51 1804/1804/51
f 1739/1739/52 1804/1804/52 1805/1805/52
f 1740/1740/52 1739/1739/52 1805/1805/52
f 1740/1740/53 1805/1805/53 1806/1806/53
f 1741/1741/53 1740/1740/53 1806/1806/53
f 1741/1741/54 1806/1806/54 1807/1807/54
f 1742/1742/54 1741/1741/54 1807/1807/54
f 1742/1742/55 1807/1807/55 1808/1808/55
f 1743/1743/55 1742/1742/55 1808/1808/55
f 1743/1743/56 1808/1808/56 1809/1809/56
f 1744/1744/56 1743/1743/56 1809/1809/56
f 1744/1744/57 1809/1809/57 1810/1810/57
f 1745/1745/57 1744/1744/57 1810/1810/57
f 1745/1745/58 1810/1810/58 1811/1811/58
f 1746/1746/58 1745/1745/58 1811/1811/58
f 1746/1746/59 1811/1811/59 1812/1812/59
f 1747/1747/59 1746/1746/59 1812/1812/59
f 1747/1747/60 1812/1812/60 1813/1813/60
f 1748/1748/60 1747/1747/60 1813/1813/60
f 1748/1748/61 1813/1813/61 1814/1814/61
f 1749/1749/61 1748/1748/61 1814/1814/61
f 1749/1749/62 1814/1814/62 1815/1815/62
f 1750/1750/62 1749/1749/62 1815/1815/62
f 1750/1750/63 1815/1815/63 1816/1816/63
f 1751/1751/63 1750/1750/63 1816/1816/63
f 1751/1751/64 1816/1816/64 1817/1817/64
f 1752/1752/64 1751/1751/64 1817/1817/64
f 1752/1752/65 1817/1817/65 1818/1818/65
f 1753/1753/65 1752/1752/65 1818/1818/65
f 1753/1753/66 1818/1818/66 1819/1819/66
f 1754/1754/66 1753/1753/66 1819/1819/66
f 1754/1754/67 1819/1819/67 1820/1820/67
f 1755/1755/67 1754/1754/67 1820/1820/67
f 1756/1756/1 1821/1821/1 1822/1822/1
f 1757/1757/1 1756/1756/1 1822/1822/1
f 1757/1757/2 1822/1822/2 1823/1823/2
f 1758/1758/2 1757/1757/2 1823/1823/2
f 1758/1758/3 1823/1823/3 1824/1824/3
f 1759/1759/3 1758/1758/3 1824/1824/3
f 1759/1759/4 1824/1824/4 1825/1825/4
f 1760/1760/4 1759/1759/4 1825/1825/4
f 1760/1760/5 1825/1825/5 1826/1826/5
f 1761/1761/5 1760/1760/5 1826/1826/5
f 1761/1761/6 1826/1826/6 1827/1827/6
f 1762/1762/6 1761/1761/6 1827/1827/6
f 1762/1762/7 1827/1827/7 1828/1828/7
f 1763/1763/7 1762/1762/7 1828/1828/7
f 1763/1763/9 1828/1828/9 1829/1829/9
f 1764/1764/9 1763/1763/9 1829/1829/9
f 1764/1764/10 1829/1829/10 1830/1830/10
f 1765/1765/10 1764/1764/10 1830/1830/10
f 1765/1765/11 1830/1830/11 1831/1831/11
f 1766/1766/11 1765/1765/11 1831/1831/11
f 1766/1766/12 1831/1831/12 1832/1832/12
f 1767/1767/12 1766/1766/12 1832/1832/12
f 1767/1767/13 1832/1832/13 1833/1833/13
f 1768/1768/13 1767/1767/13 1833/1833/13
f 1768/1768/14 1833/1833/14 1834/1834/14
f 1769/1769/14 1768/1768/14 1834/1834/14
f 1769/1769/15 1834/1834/15 1835/1835/15
f 1770/1770/15 1769/1769/15 1835/1835/15
f 1770/1770/16 1835/1835/16 1836/1836/16
f 1771/1771/16 1770/1770/16 1836/1836/16
f 1771/1771/17 1836/1836/17 1837/1837/17
f 1772/1772/17 1771/1771/17 1837/1837/17
f 1772/1772/18 1837/1837/18 1838/1838/18
f 1773/1773/18 1772/1772/18 1838/1838/18
f 1773/1773/19 1838/1838/19 1839/1839/19
f 1774/1774/19 1773/1773/19 1839/1839/19
f 1774/1774/20 1839/1839/20 1840/1840/20
f 1775/1775/20 1774/1774/20 1840/1840/20
f 1775/1775/21 1840/1840/21 1841/1841/21
f 1776/1776/21 1775/1775/21 1841/1841/21
f 1776/1776/22 1841/1841/22 1842/1842/22
f 1777/1777/22 1776/1776/22 1842/1842/22
f 1777/1777/23 1842/1842/23 1843/1843/23
f 1778/1778/23 1777/1777/23 1843/1843/23
f 1778/1778/24 1843/1843/24 1844/1844/24
f 1779/1779/24 1778/1778/24 1844/1844/24
f 1779/1779/25 1844/1844/25 1845/1845/25
f 1780/1780/25 1779/1779/25 1845/1845/25
f 1780/1780/27 1845/1845/27 1846/1846/27
f 1781/1781/27 1780/1780/27 1846/1846/27
f 1781/1781/28 1846/1846/28 1847/1847/28
f 1782/1782/28 1781/1781/28 1847/1847/28
f 1782/1782/29 1847/1847/29 1848/1848/29
f 1783/1783/29 1782/1782/29 1848/1848/29
f 1783/1783/30 1848/1848/30 1849/1849/30
f 1784/1784/30 1783/1783/30 1849/1849/30
f 1784/1784/31 1849/1849/31 1850/1850/31
f 1785/1785/31 1784/1784/31 1850/1850/31
f 1785/1785/32 1850/1850/32 1851/1851/32
f 1786/1786/32 1785/1785/32 1851/1851/32
f 1786/1786/33 1851/1851/33 1852/1852/33
f 1787/1787/33 1786/1786/33 1852/1852/33
f 1787/1787/34 1852/1852/34 1853/1853/34
f 1788/1788/34 1787/1787/34 1853/1853/34
f 1788/1788/35 1853/1853/35 1854/1854/35
f 1789/1789/35 1788/1788/35 1854/1854/35
f 1789/1789/36 1854/1854/36 1855/1855/36
f 1790/1790/36 1789/1789/36 1855/1855/36
f 1790/1790/37 1855/1855/37 1856/1856/37
f 1791/1791/37 1790/1790/37 1856/1856/37
f 1791/1791/38 1856/1856/38 1857/1857/38
f 1792/1792/38 1791/1791/38 1857/1857/38
f 1792/1792/39 1857/1857/39 1858/1858/39
f 1793/1793/39 1792/1792/39 1858/1858/39
f 1793/1793/40 1858/1858/40 1859/1859/40
f 1794/1794/40 1793/1793/40 1859/1859/40
f 1794/1794/41 1859/1859/41 1860/1860/41
f 1795/1795/41 1794/1794/41 1860/1860/41
f 1795/1795/43 1860/1860/43 1861/1861/43
f 1796/1796/43 1795/1795/43 1861/1861/43
f 1796/1796/44 1861/1861/44 1862/1862/44
f 1797/1797/44 1796/1796/44 1862/1862/44
f 1797/1797/45 1862/1862/45 1863/1863/45
f 1798/1798/45 1797/1797/45 1863/1863/45
f 1798/1798/46 1863/1863/46 1864/1864/46
f 1799/1799/46 1798/1798/46 1864/1864/46
f 1799/1799/47 1864/1864/47 1865/1865/47
f 1800/1800/47 1799/1799/47 1865/1865/47
f 1800/1800/48 1865/1865/48 1866/1866/48
f 1801/1801/48 1800/1800/48 1866/1866/48
f 1801/1801/49 1866/1866/49 1867/1867/49
f 1802/1802/49 1801/1801/49 1867/1867/49
f 1802/1802/50 1867/1867/50 1868/1868/50
f 1803/1803/50 1802/1802/50 1868/1868/50
f 1803/1803/51 1868/1868/51 1869/1869/51
f 1804/1804/51 1803/1803/51 1869/1869/51
f 1804/1804/52 1869/1869/52 1870/1870/52
f 1805/1805/52 1804/1804/52 1870/1870/52
f 1805/1805/53 1870/1870/53 1871/1871/53
f 1806/1806/53 1805/1805/53 1871/1871/53
f 1806/1806/54 1871/1871/54 1872/1872/54
f 1807/1807/54 1806/1806/54 1872/1872/54
f 1807/1807/55 1872/1872/55 1873/1873/55
f 1808/1808/55 1807/1807/55 1873/1873/55
f 1808/1808/56 1873/1873/56 1874/1874/56
f 1809/1809/56 1808/1808/56 1874/1874/56
f 1809/1809/57 1874/1874/57 1875/1875/57
f 1810/1810/57 1809/1809/57 1875/1875/57
f 1810/1810/58 1875/1875/58 1876/1876/58
f 1811/1811/58 1810/1810/58 1876/1876/58
f 1811/1811/59 1876/1876/59 1877/1877/59
f 1812/1812/59 1811/1811/59 1877/1877/59
f 1812/1812/60 1877/1877/60 1878/1878/60
f 1813/1813/60 1812/1812/60 1878/1878/60
f 1813/1813/61 1878/1878/61 1879/1879/61
f 1814/1814/61 1813/1813/61 1879/1879/61
f 1814/1814/62 1879/1879/62 1880/1880/62
f 1815/1815/62 1814/1814/62 1880/1880/62
f 1815/1815/63 1880/1880/63 1881/1881/63
f 1816/1816/63 1815/1815/63 1881/1881/63
f 1816/1816/64 1881/1881/64 1882/1882/64
f 1817/1817/64 1816/1816/64 1882/1882/64
f 1817/1817/65 1882/1882/65 1883/1883/65
f 1818/1818/65 1817/1817/65 1883/1883/65
f 1818/1818/66 1883/1883/66 1884/1884/66
f 1819/1819/66 1818/1818/66 1884/1884/66
f 1819/1819/67 1884/1884/67 1885/1885/67
f 1820/1820/67 1819/1819/67 1885/1885/67
f 1821/1821/1 1886/1886/1 1887/1887/1
f 1822/1822/1 1821/1821/1 1887/1887/1
f 1822/1822/2 1887/1887/2 1888/1888/2
f 1823/1823/2 1822/1822/2 1888/1888/2
f 1823/1823/3 1888/1888/3 1889/1889/3
f 1824/1824/3 1823/1823/3 1889/1889/3
f 1824/1824/4 1889/1889/4 1890/1890/4
f 1825/1825/4 1824/1824/4 1890/1890/4
f 1825/1825/5 1890/1890/5 1891/1891/5
f 1826/1826/5 1825/1825/5 1891/1891/5
f 1826/1826/6 1891/1891/6 1892/1892/6
f 1827/1827/6 1826/1826/6 1892/1892/6
f 1827/1827/7 1892/1892/7 1893/1893/7
f 1828/1828/7 1827/1827/7 1893/1893/7
f 1828/1828/9 1893/1893/9 1894/1894/9
f 1829/1829/9 1828/1828/9 1894/1894/9
f 1829/1829/10 1894/1894/10 1895/1895/10
f 1830/1830/10 1829/1829/10 1895/1895/10
f 1830/1830/11 1895/1895/11 1896/1896/11
f 1831/1831/11 1830/1830/11 1896/1896/11
f 1831/1831/12 1896/1896/12 1897/1897/12
f 1832/1832/12 1831/1831/12 1897/1897/12
f 1832/1832/13 1897/1897/13 1898/1898/13
f 1833/1833/13 1832/1832/13 1898/1898/13
f 1833/1833/14 1898/1898/14 1899/1899/14
f 1834/1834/14 1833/1833/14 1899/1899/14
f 1834/1834/15 1899/1899/15 1900/1900/15
f 1835/1835/15 1834/1834/15 1900/1900/15
f 1835/1835/16 1900/1900/16 1901/1901/16
f 1836/1836/16 1835/1835/16 1901/1901/16
f 1836/1836/17 1901/1901/17 1902/1902/17
f 1837/1837/17 1836/1836/17 1902/1902/17
f 1837/1837/18 1902/1902/18 1903/1903/18
f 1838/1838/18 1837/1837/18 1903/1903/18
f 1838/1838/19 1903/1903/19 1904/1904/19
f 1839/1839/19 1838/1838/19 1904/1904/19
f 1839/1839/20 1904/1904/20 1905/1905/20
f 1840/1840/20 1839/1839/20 1905/1905/20
f 1840/1840/21 1905/1905/21 1906/1906/21
f 1841/1841/21 1840/1840/21 1906/1906/21
f 1841/1841/22 1906/1906/22 1907/1907/22
f 1842/1842/22 1841/1841/22 1907/1907/22
f 1842/1842/23 1907/1907/23 1908/1908/23
f 1843/1843/23 1842/1842/23 1908/1908/23
f 1843/1843/24 1908/1908/24 1909/1909/24
f 1844/1844/24 1843/1843/24 1909/1909/24
f 1844/1844/25 1909/1909/25 1910/1910/25
f 1845/1845/25 1844/1844/25 1910/1910/25
f 1845/1845/27 1910/1910/27 1911/1911/27
f 1846/1846/27 1845/1845/27 1911/1911/27
f 1846/1846/28 1911/1911/28 1912/1912/28
f 1847/1847/28 1846/1846/28 1912/1912/28
f 1847/1847/29 1912/1912/29 1913/1913/29
f 1848/1848/29 1847/1847/29 1913/1913/29
f 1848/1848/30 1913/1913/30 1914/1914/30
f 1849/1849/30 1848/1848/30 1914/1914/30
f 1849/1849/31 1914/1914/31 1915/1915/31
f 1850/1850/31 1849/1849/31 1915/1915/31
f 1850/1850/32 1915/1915/32 1916/1916/32
f 1851/1851/32 1850/1850/32 1916/1916/32
f 1851/1851/33 1916/1916/33 1917/1917/33
f 1852/1852/33 1851/1851/33 1917/1917/33
f 1852/1852/34 1917/1917/34 1918/1918/34
f 1853/1853/34 1852/1852/34 1918/1918/34
f 1853/1853/35 1918/1918/35 1919/1919/35
f 1854/1854/35 1853/1853/35 1919/1919/35
f 1854/1854/36 1919/1919/36 1920/1920/36
f 1855/1855/36 1854/1854/36 1920/1920/36
f 1855/1855/37 1920/1920/37 1921/1921/37
f 1856/1856/37 1855/1855/37 1921/1921/37
f 1856/1856/38 1921/1921/38 1922/1922/38
f 1857/1857/38 1856/1856/38 1922/1922/38
f 1857/1857/39 1922/1922/39 1923/1923/39
f 1858/1858/39 1857/1857/39 1923/1923/39
f 1858/1858/40 1923/1923/40 1924/1924/40
f 1859/1859/40 1858/1858/40 1924/1924/40
f 1859/1859/41 1924/1924/41 1925/1925/41
f 1860/1860/41 1859/1859/41 1925/1925/41
f 1860/1860/43 1925/1925/43 1926/1926/43
f 1861/1861/43 1860/1860/43 1926/1926/43
f 1861/1861/44 1926/1926/44 1927/1927/44
f 1862/1862/44 1861/1861/44 1927/1927/44
f 1862/1862/45 1927/1927/45 1928/1928/45
f 1863/1863/45 1862/1862/45 1928/1928/45
f 1863/1863/46 1928/1928/46 1929/1929/46
f 1864/1864/46 1863/1863/46 1929/1929/46
f 1864/1864/47 1929/1929/47 1930/1930/47
f 1865/1865/47 1864/1864/47 1930/1930/47
f 1865/1865/48 1930/1930/48 1931/1931/48
f 1866/1866/48 1865/1865/48 1931/1931/48
f 1866/1866/49 1931/1931/49 1932/1932/49
f 1867/1867/49 1866/1866/49 1932/1932/49
f 1867/1867/50 1932/1932/50 1933/1933/50
f 1868/1868/50 1867/1867/50 1933/1933/50
f 1868/1868/51 1933/1933/51 1934/1934/51
f 1869/1869/51 1868/1868/51 1934/1934/51
f 1869/1869/52 1934/1934/52 1935/1935/52
f 1870/1870/52 1869/1869/52 1935/1935/52
f 1870/1870/53 1935/1935/53 1936/1936/53
f 1871/1871/53 1870/1870/53 1936/1936/53
f 1871/1871/54 1936/1936/54 1937/1937/54
f 1872/1872/54 1871/1871/54 1937/1937/54
f 1872/1872/55 1937/1937/55 1938/1938/55
f 1873/1873/55 1872/1872/55 1938/1938/55
f 1873/1873/56 1938/1938/56 1939/1939/56
f 1874/1874/56 1873/1873/56 1939/1939/56
f 1874/1874/57 1939/1939/57 1940/1940/57
f 1875/1875/57 1874/1874/57 1940/1940/57
f 1875/1875/58 1940/1940/58 1941/1941/58
f 1876/1876/58 1875/1875/58 1941/1941/58
f 1876/1876/59 1941/1941/59 1942/1942/59
f 1877/1877/59 1876/1876/59 1942/1942/59
f 1877/1877/60 1942/1942/60 1943/1943/60
f 1878/1878/60 1877/1877/60 1943/1943/60
f 1878/1878/61 1943/1943/61 1944/1944/61
f 1879/1879/61 1878/1878/61 1944/1944/61
f 1879/1879/62 1944/1944/62 1945/1945/62
f 1880/1880/62 1879/1879/62 1945/1945/62
f 1880/1880/63 1945/1945/63 1946/1946/63
f 1881/1881/63 1880/1880/63 1946/1946/63
f 1881/1881/64 1946/1946/64 1947/1947/64
f 1882/1882/64 1881/1881/64 1947/1947/64
f 1882/1882/65 1947/1947/65 1948/1948/65
f 1883/1883/65 1882/1882/65 1948/1948/65
f 1883/1883/66 1948/1948/66 1949/1949/66
f 1884/1884/66 1883/1883/66 1949/1949/66
f 1884/1884/67 1949/1949/67 1950/1950/67
f 1885/1885/67 1884/1884/67 1950/1950/67
f 1886/1886/1 1951/1951/1 1952/1952/1
f 1887/1887/1 1886/1886/1 1952/1952/1
f 1887/1887/2 1952/1952/2 1953/1953/2
f 1888/1888/2 1887/1887/2 1953/1953/2
f 1888/1888/3 1953/1953/3 1954/1954/3
f 1889/1889/3 1888/1888/3 1954/1954/3
f 1889/1889/4 1954/1954/4 1955/1955/4
f 1890/1890/4 1889/1889/4 1955/1955/4
f 1890/1890/5 1955/1955/5 1956/1956/5
f 1891/1891/5 1890/1890/5 1956/1956/5
f 1891/1891/6 1956/1956/6 1957/1957/6
f 1892/1892/6 1891/1891/6 1957/1957/6
f 1892/1892/7 1957/1957/7 1958/1958/7
f 1893/1893/7 1892/1892/7 1958/1958/7
f 1893/1893/9 1958/1958/9 1959/1959/9
f 1894/1894/9 1893/1893/9 1959/1959/9
f 1894/1894/10 1959/1959/10 1960/1960/10
f 1895/1895/10 1894/1894/10 1960/1960/10
f 1895/1895/11 1960/1960/11 1961/1961/11
f 1896/1896/11 1895/1895/11 1961/1961/11
f 1896/1896/12 1961/1961/12 1962/1962/12
f 1897/1897/12 1896/1896/12 1962/1962/12
f 1897/1897/13 1962/1962/13 1963/1963/13
f 1898/1898/13 1897/1897/13 1963/1963/13
f 1898/1898/14 1963/1963/14 1964/1964/14
f 1899/1899/14 1898/1898/14 1964/1964/14
f 1899/1899/15 1964/1964/15 1965/1965/15
f 1900/1900/15 1899/1899/15 1965/1965/15
f 1900/1900/16 1965/1965/16 1966/1966/16
f 1901/1901/16 1900/1900/16 1966/1966/16
f 1901/1901/17 1966/1966/17 1967/1967/17
f 1902/1902/17 1901/1901/17 1967/1967/17
f 1902/1902/18 1967/1967/18 1968/1968/18
f 1903/1903/18 1902/1902/18 1968/1968/18
f 1903/1903/19 1968/1968/19 1969/1969/19
f 1904/1904/19 1903/1903/19 1969/1969/19
f 1904/1904/20 1969/1969/20 1970/1970/20
f 1905/1905/20 1904/1904/20 1970/1970/20
f 1905/1905/21 1970/1970/21 1971/1971/21
f 1906/1906/21 1905/1905/21 1971/1971/21
f 1906/1906/22 1971/1971/22 1972/1972/22
f 1907/1907/22 1906/1906/22 1972/1972/22
f 1907/1907/23 1972/1972/23 1973/1973/23
f 1908/1908/23 1907/1907/23 1973/1973/23
f 1908/1908/24 1973/1973/24 1974/1974/24
f 1909/1909/24 1908/1908/24 1974/1974/24
f 1909/1909/25 1974/1974/25 1975/1975/25
f 1910/1910/25 1909/1909/25 1975/1975/25
f 1910/1910/27 1975/1975/27 1976/1976/27
f 1911/1911/27 1910/1910/27 1976/1976/27
f 1911/1911/28 1976/1976/28 1977/1977/28
f 1912/1912/28 1911/1911/28 1977/1977/28
f 1912/1912/29 1977/1977/29 1978/1978/29
f 1913/1913/29 1912/1912/29 1978/1978/29
f 1913/1913/30 1978/1978/30 1979/1979/30
f 1914/1914/30 1913/1913/30 1979/1979/30
f 1914/1914/31 1979/1979/31 1980/1980/31
f 1915/1915/31 1914/1914/31 1980/1980/31
f 1915/1915/32 1980/1980/32 1981/1981/32
f 1916/1916/32 1915/1915/32 1981/1981/32
f 1916/1916/33 1981/1981/33 1982/1982/33
f 1917/1917/33 1916/1916/33 1982/1982/33
f 1917/1917/34 1982/1982/34 1983/1983/34
f 1918/1918/34 1917/1917/34 1983/1983/34
f 1918/1918/35 1983/1983/35 1984/1984/35
f 1919/1919/35 1918/1918/35 1984/1984/35
f 1919/1919/36 1984/1984/36 1985/1985/36
f 1920/1920/36 1919/1919/36 1985/1985/36
f 1920/1920/37 1985/1985/37 1986/1986/37
f 1921/1921/37 1920/1920/37 1986/1986/37
f 1921/1921/38 1986/1986/38 1987/1987/38
f 1922/1922/38 1921/1921/38 1987/1987/38
f 1922/1922/39 1987/1987/39 1988/1988/39
f 1923/1923/39 1922/1922/39 1988/1988/39
f 1923/1923/40 1988/1988/40 1989/1989/40
f 1924/1924/40 1923/1923/40 1989/1989/40
f 1924/1924/41 1989/1989/41 1990/1990/41
f 1925/1925/41 1924/1924/41 1990/1990/41
f 1925/1925/43 1990/1990/43 1991/1991/43
f 1926/1926/43 1925/1925/43 1991/1991/43
f 1926/1926/44 1991/1991/44 1992/1992/44
f 1927/1927/44 1926/1926/44 1992/1992/44
f 1927/1927/45 1992/1992/45 1993/1993/45
f 1928/1928/45 1927/1927/45 1993/1993/45
f 1928/1928/46 1993/1993/46 1994/1994/46
f 1929/1929/46 1928/1928/46 1994/1994/46
f 1929/1929/47 1994/1994/47 1995/1995/47
f 1930/1930/47 1929/1929/47 1995/1995/47
f 1930/1930/48 1995/1995/48 1996/1996/48
f 1931/1931/48 1930/1930/48 1996/1996/48
f 1931/1931/49 1996/1996/49 1997/1997/49
f 1932/1932/49 1931/1931/49 1997/1997/49
f 1932/1932/50 1997/1997/50 1998/1998/50
f 1933/1933/50 1932/1932/50 1998/1998/50
f 1933/1933/51 1998/1998/51 1999/1999/51
f 1934/1934/51 1933/1933/51 1999/1999/51
f 1934/1934/52 1999/1999/52 2000/2000/52
f 1935/1935/52 1934/1934/52 2000/2000/52
f 1935/1935/53 2000/2000/53 2001/2001/53
f 1936/1936/53 1935/1935/53 2001/2001/53
f 1936/1936/54 2001/2001/54 2002/2002/54
f 1937/1937/54 1936/1936/54 2002/2002/54
f 1937/1937/55 2002/2002/55 2003/2003/55
f 1938/1938/55 1937/1937/55 2003/2003/55
f 1938/1938/56 2003/2003/56 2004/2004/56
f 1939/1939/56 1938/1938/56 2004/2004/56
f 1939/1939/57 2004/2004/57 2005/2005/57
f 1940/1940/57 1939/1939/57 2005/2005/57
f 1940/1940/58 2005/2005/58 2006/2006/58
f 1941/1941/58 1940/1940/58 2006/2006/58
f 1941/1941/59 2006/2006/59 2007/2007/59
f 1942/1942/59 1941/1941/59 2007/2007/59
f 1942/1942/60 2007/2007/60 2008/2008/60
f 1943/1943/60 1942/1942/60 2008/2008/60
f 1943/1943/61 2008/2008/61 2009/2009/61
f 1944/1944/61 1943/1943/61 2009/2009/61
f 1944/1944/62 2009/2009/62 2010/2010/62
f 1945/1945/62 1944/1944/62 2010/2010/62
f 1945/1945/63 2010/2010/63 2011/2011/63
f 1946/1946/63 1945/1945/63 2011/2011/63
f 1946/1946/64 2011/2011/64 2012/2012/64
f 1947/1947/64 1946/1946/64 2012/2012/64
f 1947/1947/65 2012/2012/65 2013/2013/65
f 1948/1948/65 1947/1947/65 2013/2013/65
f 1948/1948/66 2013/2013/66 2014/2014/66
f 1949/1949/66 1948/1948/66 2014/2014/66
f 1949/1949/67 2014/2014/67 2015/2015/67
f 1950/1950/67 1949/1949/67 2015/2015/67
f 1951/1951/1 2016/2016/1 2017/2017/1
f 1952/1952/1 1951/1951/1 2017/2017/1
f 1952/1952/2 2017/2017/2 2018/2018/2
f 1953/1953/2 1952/1952/2 2018/2018/2
f 1953/1953/3 2018/2018/3 2019/2019/3
f 1954/1954/3 1953/1953/3 2019/2019/3
f 1954/1954/4 2019/2019/4 2020/2020/4
f 1955/1955/4 1954/1954/4 2020/2020/4
f 1955/1955/5 2020/2020/5 2021/2021/5
f 1956/1956/5 1955/1955/5 2021/2021/5
f 1956/1956/6 2021/2021/6 2022/2022/6
f 1957/1957/6 1956/1956/6 2022/2022/6
f 1957/1957/7 2022/2022/7 2023/2023/7
f 1958/1958/7 1957/1957/7 2023/2023/7
f 1958/1958/9 2023/2023/9 2024/2024/9
f 1959/1959/9 1958/1958/9 2024/2024/9
f 1959/1959/10 2024/2024/10 2025/2025/10
f 1960/1960/10 1959/1959/10 2025/2025/10
f 1960/1960/11 2025/2025/11 2026/2026/11
f 1961/1961/11 1960/1960/11 2026/2026/11
f 1961/1961/12 2026/2026/12 2027/2027/12
f 1962/1962/12 1961/1961/12 2027/2027/12
f 1962/1962/13 2027/2027/13 2028/2028/13
f 1963/1963/13 1962/1962/13 2028/2028/13
f 1963/1963/14 2028/2028/14 2029/2029/14
f 1964/1964/14 1963/1963/14 2029/2029/14
f 1964/1964/15 2029/2029/15 2030/2030/15
f 1965/1965/15 1964/1964/15 2030/2030/15
f 1965/1965/16 2030/2030/16 2031/2031/16
f 1966/1966/16 1965/1965/16 2031/2031/16
f 1966/1966/17 2031/2031/17 2032/2032/17
f 1967/1967/17 1966/1966/17 2032/2032/17
f 1967/1967/18 2032/2032/18 2033/2033/18
f 1968/1968/18 1967/1967/18 2033/2033/18
f 1968/1968/19 2033/2033/19 2034/2034/19
f 1969/1969/19 1968/1968/19 2034/2034/19
f 1969/1969/20 2034/2034/20 2035/2035/20
f 1970/1970/20 1969/1969/20 2035/2035/20
f 1970/1970/21 2035/2035/21 2036/2036/21
f 1971/1971/21 1970/1970/21 2036/2036/21
f 1971/1971/22 2036/2036/22 2037/2037/22
f 1972/1972/22 1971/1971/22 2037/2037/22
f 1972/1972/23 2037/2037/23 2038/2038/23
f 1973/1973/23 1972/1972/23 2038/2038/23
f 1973/1973/24 2038/2038/24 2039/2039/24
f 1974/1974/24 1973/1973/24 2039/2039/24
f 1974/1974/25 2039/2039/25 2040/2040/25
f 1975/1975/25 1974/1974/25 2040/2040/25
f 1975/1975/27 2040/2040/27 2041/2041/27
f 1976/1976/27 1975/1975/27 2041/2041/27
f 1976/1976/28 2041/2041/28 2042/2042/28
f 1977/1977/28 1976/1976/28 2042/2042/28
f 1977/1977/29 2042/2042/29 2043/2043/29
f 1978/1978/29 1977/1977/29 2043/2043/29
f 1978/1978/30 2043/2043/30 2044/2044/30
f 1979/1979/30 1978/1978/30 2044/2044/30
f 1979/1979/31 2044/2044/31 2045/2045/31
f 1980/1980/31 1979/1979/31 2045/2045/31
f 1980/1980/32 2045/2045/32 2046/2046/32
f 1981/1981/32 1980/1980/32 2046/2046/32
f 1981/1981/33 2046/2046/33 2047/2047/33
f 1982/1982/33 1981/1981/33 2047/2047/33
f 1982/1982/34 2047/2047/34 2048/2048/34
f 1983/1983/34 1982/1982/34 2048/2048/34
f 1983/1983/35 2048/2048/35 2049/2049/35
f 1984/1984/35 1983/1983/35 2049/2049/35
f 1984/1984/36 2049/2049/36 2050/2050/36
f 1985/1985/36 1984/1984/36 2050/2050/36
f 1985/1985/37 2050/2050/37 2051/2051/37
f 1986/1986/37 1985/1985/37 2051/2051/37
f 1986/1986/38 2051/2051/38 2052/2052/38
f 1987/1987/38 1986/1986/38 2052/2052/38
f 1987/1987/39 2052/2052/39 2053/2053/39
f 1988/1988/39 1987/1987/39 2053/2053/39
f 1988/1988/40 2053/2053/40 2054/2054/40
f 1989/1989/40 1988/1988/40 2054/2054/40
f 1989/1989/41 2054/2054/41 2055/2055/41
f 1990/1990/41 1989/1989/41 2055/2055/41
f 1990/1990/43 2055/2055/43 2056/2056/43
f 1991/1991/43 1990/1990/43 2056/2056/43
f 1991/1991/44 2056/2056/44 2057/2057/44
f 1992/1992/44 1991/1991/44 2057/2057/44
f 1992/1992/45 2057/2057/45 2058/2058/45
f 1993/1993/45 1992/1992/45 2058/2058/45
f 1993/1993/46 2058/2058/46 2059/2059/46
f 1994/1994/46 1993/1993/46 2059/2059/46
f 1994/1994/47 2059/2059/47 2060/2060/47
f 1995/1995/47 1994/1994/47 2060/2060/47
f 1995/1995/48 2060/2060/48 2061/2061/48
f 1996/1996/48 1995/1995/48 2061/2061/48
f 1996/1996/49 2061/2061/49 2062/2062/49
f 1997/1997/49 1996/1996/49 2062/2062/49
f 1997/1997/50 2062/2062/50 2063/2063/50
f 1998/1998/50 1997/1997/50 2063/2063/50
f 1998/1998/51 2063/2063/51 2064/2064/51
f 1999/1999/51 1998/1998/51 2064/2064/51
f 1999/1999/52 2064/2064/52 2065/2065/52
f 2000/2000/52 1999/1999/52 2065/2065/52
f 2000/2000/53 2065/2065/53 2066/2066/53
f 2001/2001/53 2000/2000/53 2066/2066/53
f 2001/2001/54 2066/2066/54 2067/2067/54
f 2002/2002/54 2001/2001/54 2067/2067/54
f 2002/2002/55 2067/2067/55 2068/2068/55
f 2003/2003/55 2002/2002/55 2068/2068/55
f 2003/2003/56 2068/2068/56 2069/2069/56
f 2004/2004/56 2003/2003/56 2069/2069/56
f 2004/2004/57 2069/2069/57 2070/2070/57
f 2005/2005/57 2004/2004/57 2070/2070/57
f 2005/2005/58 2070/2070/58 2071/2071/58
f 2006/2006/58 2005/2005/58 2071/2071/58
f 2006/2006/59 2071/2071/59 2072/2072/59
f 2007/2007/59 2006/2006/59 2072/2072/59
f 2007/2007/60 2072/2072/60 2073/2073/60
f 2008/2008/60 2007/2007/60 2073/2073/60
f 2008/2008/61 2073/2073/61 2074/2074/61
f 2009/2009/61 2008/2008/61 2074/2074/61
f 2009/2009/62 2074/2074/62 2075/2075/62
f 2010/2010/62 2009/2009/62 2075/2075/62
f 2010/2010/63 2075/2075/63 2076/2076/63
f 2011/2011/63 2010/2010/63 2076/2076/63
f 2011/2011/64 2076/2076/64 2077/2077/64
f 2012/2012/64 2011/2011/64 2077/2077/64
f 2012/2012/65 2077/2077/65 2078/2078/65
f 2013/2013/65 2012/2012/65 2078/2078/65
f 2013/2013/66 2078/2078/66 2079/2079/66
f 2014/2014/66 2013/2013/66 2079/2079/66
f 2014/2014/67 2079/2079/67 2080/2080/67
f 2015/2015/67 2014/2014/67 2080/2080/67
f 2016/2016/1 2081/2081/1 2082/2082/1
f 2017/2017/1 2016/2016/1 2082/2082/1
f 2017/2017/2 2082/2082/2 2083/2083/2
f 2018/2018/2 2017/2017/2 2083/2083/2
f 2018/2018/3 2083/2083/3 2084/2084/3
f 2019/2019/3 2018/2018/3 2084/2084/3
f 2019/2019/4 2084/2084/4 2085/2085/4
f 2020/2020/4 2019/2019/4 2085/2085/4
f 2020/2020/5 2085/2085/5 2086/2086/5
f 2021/2021/5 2020/2020/5 2086/2086/5
f 2021/2021/6 2086/2086/6 2087/2087/6
f 2022/2022/6 2021/2021/6 2087/2087/6
f 2022/2022/7 2087/2087/7 2088/2088/7
f 2023/2023/7 2022/2022/7 2088/2088/7
f 2023/2023/9 2088/2088/9 2089/2089/9
f 2024/2024/9 2023/2023/9 2089/2089/9
f 2024/2024/10 2089/2089/10 2090/2090/10
f 2025/2025/10 2024/2024/10 2090/2090/10
f 2025/2025/11 2090/2090/11 2091/2091/11
f 2026/2026/11 2025/2025/11 2091/2091/11
f 2026/2026/12 2091/2091/12 2092/2092/12
f 2027/2027/12 2026/2026/12 2092/2092/12
f 2027/2027/13 2092/2092/13 2093/2093/13
f 2028/2028/13 2027/2027/13 2093/2093/13
f 2028/2028/14 2093/2093/14 2094/2094/14
f 2029/2029/14 2028/2028/14 2094/2094/14
f 2029/2029/15 2094/2094/15 2095/2095/15
f 2030/2030/15 2029/2029/15 2095/2095/15
f 2030/2030/16 2095/2095/16 2096/2096/16
f 2031/2031/16 2030/2030/16 2096/2096/16
f 2031/2031/17 2096/2096/17 2097/2097/17
f 2032/2032/17 2031/2031/17 2097/2097/17
f 2032/2032/18 2097/2097/18 2098/2098/18
f 2033/2033/18 2032/2032/18 2098/2098/18
f 2033/2033/19 2098/2098/19 2099/2099/19
f 2034/2034/19 2033/2033/19 2099/2099/19
f 2034/2034/20 2099/2099/20 2100/2100/20
f 2035/2035/20 2034/2034/20 2100/2100/20
f 2035/2035/21 2100/2100/21 2101/2101/21
f 2036/2036/21 2035/2035/21 2101/2101/21
f 2036/2036/22 2101/2101/22 2102/2102/22
f 2037/2037/22 2036/2036/22 2102/2102/22
f 2037/2037/23 2102/2102/23 2103/2103/23
f 2038/2038/23 2037/2037/23 2103/2103/23
f 2038/2038/24 2103/2103/24 2104/2104/24
f 2039/2039/24 2038/2038/24 2104/2104/24
f 2039/2039/25 2104/2104/25 2105/2105/25
f 2040/2040/25 2039/2039/25 2105/2105/25
f 2040/2040/27 2105/2105/27 2106/2106/27
f 2041/2041/27 2040/2040/27 2106/2106/27
f 2041/2041/28 2106/2106/28 2107/2107/28
f 2042/2042/28 2041/2041/28 2107/2107/28
f 2042/2042/29 2107/2107/29 2108/2108/29
f 2043/2043/29 2042/2042/29 2108/2108/29
f 2043/2043/30 2108/2108/30 2109/2109/30
f 2044/2044/30 2043/2043/30 2109/2109/30
f 2044/2044/31 2109/2109/31 2110/2110/31
f 2045/2045/31 2044/2044/31 2110/2110/31
f 2045/2045/32 2110/2110/32 2111/2111/32
f 2046/2046/32 2045/2045/32 2111/2111/32
f 2046/2046/33 2111/2111/33 2112/2112/33
f 2047/2047/33 2046/2046/33 2112/2112/33
f 2047/2047/34 2112/2112/34 2113/2113/34
f 2048/2048/34 2047/2047/34 2113/2113/34
f 2048/2048/35 2113/2113/35 2114/2114/35
f 2049/2049/35 2048/2048/35 2114/2114/35
f 2049/2049/36 2114/2114/36 2115/2115/36
f 2050/2050/36 2049/2049/36 2115/2115/36
f 2050/2050/37 2115/2115/37 2116/2116/37
f 2051/2051/37 2050/2050/37 2116/2116/37
f 2051/2051/38 2116/2116/38 2117/2117/38
f 2052/2052/38 2051/2051/38 2117/2117/38
f 2052/2052/39 2117/2117/39 2118/2118/39
f 2053/2053/39 2052/2052/39 2118/2118/39
f 2053/2053/40 2118/2118/40 2119/2119/40
f 2054/2054/40 2053/2053/40 2119/2119/40
f 2054/2054/41 2119/2119/41 2120/2120/41
f 2055/2055/41 2054/2054/41 2120/2120/41
f 2055/2055/43 2120/2120/43 2121/2121/43
f 2056/2056/43 2055/2055/43 2121/2121/43
f 2056/2056/44 2121/2121/44 2122/2122/44
f 2057/2057/44 2056/2056/44 2122/2122/44
f 2057/2057/45 2122/2122/45 2123/2123/45
f 2058/2058/45 2057/2057/45 2123/2123/45
f 2058/2058/46 2123/2123/46 2124/2124/46
f 2059/2059/46 2058/2058/46 2124/2124/46
f 2059/2059/47 2124/2124/47 2125/2125/47
f 2060/2060/47 2059/2059/47 2125/2125/47
f 2060/2060/48 2125/2125/48 2126/2126/48
f 2061/2061/48 2060/2060/48 2126/2126/48
f 2061/2061/49 2126/2126/49 2127/2127/49
f 2062/2062/49 2061/2061/49 2127/2127/49
f 2062/2062/50 2127/2127/50 2128/2128/50
f 2063/2063/50 2062/2062/50 2128/2128/50
f 2063/2063/51 2128/2128/51 2129/2129/51
f 2064/2064/51 2063/2063/51 2129/2129/51
f 2064/2064/52 2129/2129/52 2130/2130/52
f 2065/2065/52 2064/2064/52 2130/2130/52
f 2065/2065/53 2130/2130/53 2131/2131/53
f 2066/2066/53 2065/2065/53 2131/2131/53
f 2066/2066/54 2131/2131/54 2132/2132/54
f 2067/2067/54 2066/2066/54 2132/2132/54
f 2067/2067/55 2132/2132/55 2133/2133/55
f 2068/2068/55 2067/2067/55 2133/2133/55
f 2068/2068/56 2133/2133/56 2134/2134/56
f 2069/2069/56 2068/2068/56 2134/2134/56
f 2069/2069/57 2134/2134/57 2135/2135/57
f 2070/2070/57 2069/2069/57 2135/2135/57
f 2070/2070/58 2135/2135/58 2136/2136/58
f 2071/2071/58 2070/2070/58 2136/2136/58
f 2071/2071/59 2136/2136/59 2137/2137/59
f 2072/2072/59 2071/2071/59 2137/2137/59
f 2072/2072/60 2137/2137/60 2138/2138/60
f 2073/2073/60 2072/2072/60 2138/2138/60
f 2073/2073/61 2138/2138/61 2139/2139/61
f 2074/2074/61 2073/2073/61 2139/2139/61
f 2074/2074/62 2139/2139/62 2140/2140/62
f 2075/2075/62 2074/2074/62 2140/2140/62
f 2075/2075/63 2140/2140/63 2141/2141/63
f 2076/2076/63 2075/2075/63 2141/2141/63
f 2076/2076/64 2141/2141/64 2142/2142/64
f 2077/2077/64 2076/2076/64 2142/2142/64
f 2077/2077/65 2142/2142/65 2143/2143/65
f 2078/2078/65 2077/2077/65 2143/2143/65
f 2078/2078/66 2143/2143/66 2144/2144/66
f 2079/2079/66 2078/2078/66 2144/2144/66
f 2079/2079/67 2144/2144/67 2145/2145/67
f 2080/2080/67 2079/2079/67 2145/2145/67
f 2081/2081/1 2146/2146/1 2147/2147/1
f 2082/2082/1 2081/2081/1 2147/2147/1
f 2082/2082/2 2147/2147/2 2148/2148/2
f 2083/2083/2 2082/2082/2 2148/2148/2
f 2083/2083/3 2148/2148/3 2149/2149/3
f 2084/2084/3 2083/2083/3 2149/2149/3
f 2084/2084/4 2149/2149/4 2150/2150/4
f 2085/2085/4 2084/2084/4 2150/2150/4
f 2085/2085/5 2150/2150/5 2151/2151/5
f 2086/2086/5 2085/2085/5 2151/2151/5
f 2086/2086/6 2151/2151/6 2152/2152/6
f 2087/2087/6 2086/2086/6 2152/2152/6
f 2087/2087/7 2152/2152/7 2153/2153/7
f 2088/2088/7 2087/2087/7 2153/2153/7
f 2088/2088/9 2153/2153/9 2154/2154/9
f 2089/2089/9 2088/2088/9 2154/2154/9
f 2089/2089/10 2154/2154/10 2155/2155/10
f 2090/2090/10 2089/2089/10 2155/2155/10
f 2090/2090/11 2155/2155/11 2156/2156/11
f 2091/2091/11 2090/2090/11 2156/2156/11
f 2091/2091/12 2156/2156/12 2157/2157/12
f 2092/2092/12 2091/2091/12 2157/2157/12
f 2092/2092/13 2157/2157/13 2158/2158/13
f 2093/2093/13 2092/2092/13 2158/2158/13
f 2093/2093/14 2158/2158/14 2159/2159/14
f 2094/2094/14 2093/2093/14 2159/2159/14
f 2094/2094/15 2159/2159/15 2160/2160/15
f 2095/2095/15 2094/2094/15 2160/2160/15
f 2095/2095/16 2160/2160/16 2161/2161/16
f 2096/2096/16 2095/2095/16 2161/2161/16
f 2096/2096/17 2161/2161/17 2162/2162/17
f 2097/2097/17 2096/2096/17 2162/2162/17
f 2097/2097/18 2162/2162/18 2163/2163/18
f 2098/2098/18 2097/2097/18 2163/2163/18
f 2098/2098/19 2163/2163/19 2164/2164/19
f 2099/2099/19 2098/2098/19 2164/2164/19
f 2099/2099/20 2164/2164/20 2165/2165/20
f 2100/2100/20 2099/2099/20 2165/2165/20
f 2100/2100/21 2165/2165/21 2166/2166/21
f 2101/2101/21 2100/2100/21 2166/2166/21
f 2101/2101/22 2166/2166/22 2167/2167/22
f 2102/2102/22 2101/2101/22 2167/2167/22
f 2102/2102/23 2167/2167/23 2168/2168/23
f 2103/2103/23 2102/2102/23 2168/2168/23
f 2103/2103/24 2168/2168/24 2169/2169/24
f 2104/2104/24 2103/2103/24 2169/2169/24
f 2104/2104/25 2169/2169/25 2170/2170/25
f 2105/2105/25 2104/2104/25 2170/2170/25
f 2105/2105/27 2170/2170/27 2171/2171/27
f 2106/2106/27 2105/2105/27 2171/2171/27
f 2106/2106/28 2171/2171/28 2172/2172/28
f 2107/2107/28 2106/2106/28 2172/2172/28
f 2107/2107/29 2172/2172/29 2173/2173/29
f 2108/2108/29 2107/2107/29 2173/2173/29
f 2108/2108/30 2173/2173/30 2174/2174/30
f 2109/2109/30 2108/2108/30 2174/2174/30
f 2109/2109/31 2174/2174/31 2175/2175/31
f 2110/2110/31 2109/2109/31 2175/2175/31
f 2110/2110/32 2175/2175/32 2176/2176/32
f 2111/2111/32 2110/2110/32 2176/2176/32
f 2111/2111/33 2176/2176/33 2177/2177/33
f 2112/2112/33 2111/2111/33 2177/2177/33
f 2112/2112/34 2177/2177/34 2178/2178/34
f 2113/2113/34 2112/2112/34 2178/2178/34
f 2113/2113/35 2178/2178/35 2179/2179/35
f 2114/2114/35 2113/2113/35 2179/2179/35
f 2114/2114/36 2179/2179/36 2180/2180/36
f 2115/2115/36 2114/2114/36 2180/2180/36
f 2115/2115/37 2180/2180/37 2181/2181/37
f 2116/2116/37 2115/2115/37 2181/2181/37
f 2116/2116/38 2181/2181/38 2182/2182/38
f 2117/2117/38 2116/2116/38 2182/2182/38
f 2117/2117/39 2182/2182/39 2183/2183/39
f 2118/2118/39 2117/2117/39 2183/2183/39
f 2118/2118/40 2183/2183/40 2184/2184/40
f 2119/2119/40 2118/2118/40 2184/2184/40
f 2119/2119/41 2184/2184/41 2185/2185/41
f 2120/2120/41 2119/2119/41 2185/2185/41
f 2120/2120/43 2185/2185/43 2186/2186/43
f 2121/2121/43 2120/2120/43 2186/2186/43
f 2121/2121/44 2186/2186/44 2187/2187/44
f 2122/2122/44 2121/2121/44 2187/2187/44
f 2122/2122/45 2187/2187/45 2188/2188/45
f 2123/2123/45 2122/2122/45 2188/2188/45
f 2123/2123/46 2188/2188/46 2189/2189/46
f 2124/2124/46 2123/2123/46 2189/2189/46
f 2124/2124/47 2189/2189/47 2190/2190/47
f 2125/2125/47 2124/2124/47 2190/2190/47
f 2125/2125/48 2190/2190/48 2191/2191/48
f 2126/2126/48 2125/2125/48 2191/2191/48
f 2126/2126/49 2191/2191/49 2192/2192/49
f 2127/2127/49 2126/2126/49 2192/2192/49
f 2127/2127/50 2192/2192/50 2193/2193/50
f 2128/2128/50 2127/2127/50 2193/2193/50
f 2128/2128/51 2193/2193/51 2194/2194/51
f 2129/2129/51 2128/2128/51 2194/2194/51
f 2129/2129/52 2194/2194/52 2195/2195/52
f 2130/2130/52 2129/2129/52 2195/2195/52
f 2130/2130/53 2195/2195/53 2196/2196/53
f 2131/2131/53 2130/2130/53 2196/2196/53
f 2131/2131/54 2196/2196/54 2197/2197/54
f 2132/2132/54 2131/2131/54 2197/2197/54
f 2132/2132/55 2197/2197/55 2198/2198/55
f 2133/2133/55 2132/2132/55 2198/2198/55
f 2133/2133/56 2198/2198/56 2199/2199/56
f 2134/2134/56 2133/2133/56 2199/2199/56
f 2134/2134/57 2199/2199/57 2200/2200/57
f 2135/2135/57 2134/2134/57 2200/2200/57
f 2135/2135/58 2200/2200/58 2201/2201/58
f 2136/2136/58 2135/2135/58 2201/2201/58
f 2136/2136/59 2201/2201/59 2202/2202/59
f 2137/2137/59 2136/2136/59 2202/2202/59
f 2137/2137/60 2202/2202/60 2203/2203/60
f 2138/2138/60 2137/2137/60 2203/2203/60
f 2138/2138/61 2203/2203/61 2204/2204/61
f 2139/2139/61 2138/2138/61 2204/2204/61
f 2139/2139/62 2204/2204/62 2205/2205/62
f 2140/2140/62 2139/2139/62 2205/2205/62
f 2140/2140/63 2205/2205/63 2206/2206/63
f 2141/2141/63 2140/2140/63 2206/2206/63
f 2141/2141/64 2206/2206/64 2207/2207/64
f 2142/2142/64 2141/2141/64 2207/2207/64
f 2142/2142/65 2207/2207/65 2208/2208/65
f 2143/2143/65 2142/2142/65 2208/2208/65
f 2143/2143/66 2208/2208/66 2209/2209/66
f 2144/2144/66 2143/2143/66 2209/2209/66
f 2144/2144/67 2209/2209/67 2210/2210/67
f 2145/2145/67 2144/2144/67 2210/2210/67
f 2146/2146/1 2211/2211/1 2212/2212/1
f 2147/2147/1 2146/2146/1 2212/2212/1
f 2147/2147/2 2212/2212/2 2213/2213/2
f 2148/2148/2 2147/2147/2 2213/2213/2
f 2148/2148/3 2213/2213/3 2214/2214/3
f 2149/2149/3 2148/2148/3 2214/2214/3
f 2149/2149/4 2214/2214/4 2215/2215/4
f 2150/2150/4 2149/2149/4 2215/2215/4
f 2150/2150/5 2215/2215/5 2216/2216/5
f 2151/2151/5 2150/2150/5 2216/2216/5
f 2151/2151/6 2216/2216/6 2217/2217/6
f 2152/2152/6 2151/2151/6 2217/2217/6
f 2152/2152/7 2217/2217/7 2218/2218/7
f 2153/2153/7 2152/2152/7 2218/2218/7
f 2153/2153/9 2218/2218/9 2219/2219/9
f 2154/2154/9 2153/2153/9 2219/2219/9
f 2154/2154/10 2219/2219/10 2220/2220/10
f 2155/2155/10 2154/2154/10 2220/2220/10
f 2155/2155/11 2220/2220/11 2221/2221/11
f 2156/2156/11 2155/2155/11 2221/2221/11
f 2156/2156/12 2221/2221/12 2222/2222/12
f 2157/2157/12 2156/2156/12 2222/2222/12
f 2157/2157/13 2222/2222/13 2223/2223/13
f 2158/2158/13 2157/2157/13 2223/2223/13
f 2158/2158/14 2223/2223/14 2224/2224/14
f 2159/2159/14 2158/2158/14 2224/2224/14
f 2159/2159/15 2224/2224/15 2225/2225/15
f 2160/2160/15 2159/2159/15 2225/2225/15
f 2160/2160/16 2225/2225/16 2226/2226/16
f 2161/2161/16 2160/2160/16 2226/2226/16
f 2161/2161/17 2226/2226/17 2227/2227/17
f 2162/2162/17 2161/2161/17 2227/2227/17
f 2162/2162/18 2227/2227/18 2228/2228/18
f 2163/2163/18 2162/2162/18 2228/2228/18
f 2163/2163/19 2228/2228/19 2229/2229/19
f 2164/2164/19 2163/2163/19 2229/2229/19
f 2164/2164/20 2229/2229/20 2230/2230/20
f 2165/2165/20 2164/2164/20 2230/2230/20
f 2165/2165/21 2230/2230/21 2231/2231/21
f 2166/2166/21 2165/2165/21 2231/2231/21
f 2166/2166/22 2231/2231/22 2232/2232/22
f 2167/2167/22 2166/2166/22 2232/2232/22
f 2167/2167/23 2232/2232/23 2233/2233/23
f 2168/2168/23 2167/2167/23 2233/2233/23
f 2168/2168/24 2233/2233/24 2234/2234/24
f 2169/2169/24 2168/2168/24 2234/2234/24
f 2169/2169/25 2234/2234/25 2235/2235/25
f 2170/2170/25 2169/2169/25 2235/2235/25
f 2170/2170/27 2235/2235/27 2236/2236/27
f 2171/2171/27 2170/2170/27 2236/2236/27
f 2171/2171/28 2236/2236/28 2237/2237/28
f 2172/2172/28 2171/2171/28 2237/2237/28
f 2172/2172/29 2237/2237/29 2238/2238/29
f 2173/2173/29 2172/2172/29 2238/2238/29
f 2173/2173/30 2238/2238/30 2239/2239/30
f 2174/2174/30 2173/2173/30 2239/2239/30
f 2174/2174/31 2239/2239/31 2240/2240/31
f 2175/2175/31 2174/2174/31 2240/2240/31
f 2175/2175/32 2240/2240/32 2241/2241/32
f 2176/2176/32 2175/2175/32 2241/2241/32
f 2176/2176/33 2241/2241/33 2242/2242/33
f 2177/2177/33 2176/2176/33 2242/2242/33
f 2177/2177/34 2242/2242/34 2243/2243/34
f 2178/2178/34 2177/2177/34 2243/2243/34
f 2178/2178/35 2243/2243/35 2244/2244/35
f 2179/2179/35 2178/2178/35 2244/2244/35
f 2179/2179/36 2244/2244/36 2245/2245/36
f 2180/2180/36 2179/2179/36 2245/2245/36
f 2180/2180/37 2245/2245/37 2246/2246/37
f 2181/2181/37 2180/2180/37 2246/2246/37
f 2181/2181/38 2246/2246/38 2247/2247/38
f 2182/2182/38 2181/2181/38 2247/2247/38
f 2182/2182/39 2247/2247/39 2248/2248/39
f 2183/2183/39 2182/2182/39 2248/2248/39
f 2183/2183/40 2248/2248/40 2249/2249/40
f 2184/2184/40 2183/2183/40 2249/2249/40
f 2184/2184/41 2249/2249/41 2250/2250/41
f 2185/2185/41 2184/2184/41 2250/2250/41
f 2185/2185/43 2250/2250/43 2251/2251/43
f 2186/2186/43 2185/2185/43 2251/2251/43
f 2186/2186/44 2251/2251/44 2252/2252/44
f 2187/2187/44 2186/2186/44 2252/2252/44
f 2187/2187/45 2252/2252/45 2253/2253/45
f 2188/2188/45 2187/2187/45 2253/2253/45
f 2188/2188/46 2253/2253/46 2254/2254/46
f 2189/2189/46 2188/2188/46 2254/2254/46
f 2189/2189/47 2254/2254/47 2255/2255/47
f 2190/2190/47 2189/2189/47 2255/2255/47
f 2190/2190/48 2255/2255/48 2256/2256/48
f 2191/2191/48 2190/2190/48 2256/2256/48
f 2191/2191/49 2256/2256/49 2257/2257/49
f 2192/2192/49 2191/2191/49 2257/2257/49
f 2192/2192/50 2257/2257/50 2258/2258/50
f 2193/2193/50 2192/2192/50 2258/2258/50
f 2193/2193/51 2258/2258/51 2259/2259/51
f 2194/2194/51 2193/2193/51 2259/2259/51
f 2194/2194/52 2259/2259/52 2260/2260/52
f 2195/2195/52 2194/2194/52 2260/2260/52
f 2195/2195/53 2260/2260/53 2261/2261/53
f 2196/2196/53 2195/2195/53 2261/2261/53
f 2196/2196/54 2261/2261/54 2262/2262/54
f 2197/2197/54 2196/2196/54 2262/2262/54
f 2197/2197/55 2262/2262/55 2263/2263/55
f 2198/2198/55 2197/2197/55 2263/2263/55
f 2198/2198/56 2263/2263/56 2264/2264/56
f 2199/2199/56 2198/2198/56 2264/2264/56
f 2199/2199/57 2264/2264/57 2265/2265/57
f 2200/2200/57 2199/2199/57 2265/2265/57
f 2200/2200/58 2265/2265/58 2266/2266/58
f 2201/2201/58 2200/2200/58 2266/2266/58
f 2201/2201/59 2266/2266/59 2267/2267/59
f 2202/2202/59 2201/2201/59 2267/2267/59
f 2202/2202/60 2267/2267/60 2268/2268/60
f 2203/2203/60 2202/2202/60 2268/2268/60
f 2203/2203/61 2268/2268/61 2269/2269/61
f 2204/2204/61 2203/2203/61 2269/2269/61
f 2204/2204/62 2269/2269/62 2270/2270/62
f 2205/2205/62 2204/2204/62 2270/2270/62
f 2205/2205/63 2270/2270/63 2271/2271/63
f 2206/2206/63 2205/2205/63 2271/2271/63
f 2206/2206/64 2271/2271/64 2272/2272/64
f 2207/2207/64 2206/2206/64 2272/2272/64
f 2207/2207/65 2272/2272/65 2273/2273/65
f 2208/2208/65 2207/2207/65 2273/2273/65
f 2208/2208/66 2273/2273/66 2274/2274/66
f 2209/2209/66 2208/2208/66 2274/2274/66
f 2209/2209/67 2274/2274/67 2275/2275/67
f 2210/2210/67 2209/2209/67 2275/2275/67
f 2211/2211/1 2276/2276/1 2277/2277/1
f 2212/2212/1 2211/2211/1 2277/2277/1
f 2212/2212/2 2277/2277/2 2278/2278/2
f 2213/2213/2 2212/2212/2 2278/2278/2
f 2213/2213/3 2278/2278/3 2279/2279/3
f 2214/2214/3 2213/2213/3 2279/2279/3
f 2214/2214/4 2279/2279/4 2280/2280/4
f 2215/2215/4 2214/2214/4 2280/2280/4
f 2215/2215/5 2280/2280/5 2281/2281/5
f 2216/2216/5 2215/2215/5 2281/2281/5
f 2216/2216/6 2281/2281/6 2282/2282/6
f 2217/2217/6 2216/2216/6 2282/2282/6
f 2217/2217/7 2282/2282/7 2283/2283/7
f 2218/2218/7 2217/2217/7 2283/2283/7
f 2218/2218/9 2283/2283/9 2284/2284/9
f 2219/2219/9 2218/2218/9 2284/2284/9
f 2219/2219/10 2284/2284/10 2285/2285/10
f 2220/2220/10 2219/2219/10 2285/2285/10
f 2220/2220/11 2285/2285/11 2286/2286/11
f 2221/2221/11 2220/2220/11 2286/2286/11
f 2221/2221/12 2286/2286/12 2287/2287/12
f 2222/2222/12 2221/2221/12 2287/2287/12
f 2222/2222/13 2287/2287/13 2288/2288/13
f 2223/2223/13 2222/2222/13 2288/2288/13
f 2223/2223/14 2288/2288/14 2289/2289/14
f 2224/2224/14 2223/2223/14 2289/2289/14
f 2224/2224/15 2289/2289/15 2290/2290/15
f 2225/2225/15 2224/2224/15 2290/2290/15
f 2225/2225/16 2290/2290/16 2291/2291/16
f 2226/2226/16 2225/2225/16 2291/2291/16
f 2226/2226/17 2291/2291/17 2292/2292/17
f 2227/2227/17 2226/2226/17 2292/2292/17
f 2227/2227/18 2292/2292/18 2293/2293/18
f 2228/2228/18 2227/2227/18 2293/2293/18
f 2228/2228/19 2293/2293/19 2294/2294/19
f 2229/2229/19 2228/2228/19 2294/2294/19
f 2229/2229/20 2294/2294/20 2295/2295/20
f 2230/2230/20 2229/2229/20 2295/2295/20
f 2230/2230/21 2295/2295/21 2296/2296/21
f 2231/2231/21 2230/2230/21 2296/2296/21
f 2231/2231/22 2296/2296/22 2297/2297/22
f 2232/2232/22 2231/2231/22 2297/2297/22
f 2232/2232/23 2297/2297/23 2298/2298/23
f 2233/2233/23 2232/2232/23 2298/2298/23
f 2233/2233/24 2298/2298/24 2299/2299/24
f 2234/2234/24 2233/2233/24 2299/2299/24
f 2234/2234/25 2299/2299/25 2300/2300/25
f 2235/2235/25 2234/2234/25 2300/2300/25
f 2235/2235/27 2300/2300/27 2301/2301/27
f 2236/2236/27 2235/2235/27 2301/2301/27
f 2236/2236/28 2301/2301/28 2302/2302/28
f 2237/2237/28 2236/2236/28 2302/2302/28
f 2237/2237/29 2302/2302/29 2303/2303/29
f 2238/2238/29 2237/2237/29 2303/2303/29
f 2238/2238/30 2303/2303/30 2304/2304/30
f 2239/2239/30 2238/2238/30 2304/2304/30
f 2239/2239/31 2304/2304/31 2305/2305/31
f 2240/2240/31 2239/2239/31 2305/2305/31
f 2240/2240/32 2305/2305/32 2306/2306/32
f 2241/2241/32 2240/2240/32 2306/2306/32
f 2241/2241/33 2306/2306/33 2307/2307/33
f 2242/2242/33 2241/2241/33 2307/2307/33
f 2242/2242/34 2307/2307/34 2308/2308/34
f 2243/2243/34 2242/2242/34 2308/2308/34
f 2243/2243/35 2308/2308/35 2309/2309/35
f 2244/2244/35 2243/2243/35 2309/2309/35
f 2244/2244/36 2309/2309/36 2310/2310/36
f 2245/2245/36 2244/2244/36 2310/2310/36
f 2245/2245/37 2310/2310/37 2311/2311/37
f 2246/2246/37 2245/2245/37 2311/2311/37
f 2246/2246/38 2311/2311/38 2312/2312/38
f 2247/2247/38 2246/2246/38 2312/2312/38
f 2247/2247/39 2312/2312/39 2313/2313/39
f 2248/2248/39 2247/2247/39 2313/2313/39
f 2248/2248/40 2313/2313/40 2314/2314/40
f 2249/2249/40 2248/2248/40 2314/2314/40
f 2249/2249/41 2314/2314/41 2315/2315/41
f 2250/2250/41 2249/2249/41 2315/2315/41
f 2250/2250/43 2315/2315/43 2316/2316/43
f 2251/2251/43 2250/2250/43 2316/2316/43
f 2251/2251/44 2316/2316/44 2317/2317/44
f 2252/2252/44 2251/2251/44 2317/2317/44
f 2252/2252/45 2317/2317/45 2318/2318/45
f 2253/2253/45 2252/2252/45 2318/2318/45
f 2253/2253/46 2318/2318/46 2319/2319/46
f 2254/2254/46 2253/2253/46 2319/2319/46
f 2254/2254/47 2319/2319/47 2320/2320/47
f 2255/2255/47 2254/2254/47 2320/2320/47
f 2255/2255/48 2320/2320/48 2321/2321/48
f 2256/2256/48 2255/2255/48 2321/2321/48
f 2256/2256/49 2321/2321/49 2322/2322/49
f 2257/2257/49 2256/2256/49 2322/2322/49
f 2257/2257/50 2322/2322/50 2323/2323/50
f 2258/2258/50 2257/2257/50 2323/2323/50
f 2258/2258/51 2323/2323/51 2324/2324/51
f 2259/2259/51 2258/2258/51 2324/2324/51
f 2259/2259/52 2324/2324/52 2325/2325/52
f 2260/2260/52 2259/2259/52 2325/2325/52
f 2260/2260/53 2325/2325/53 2326/2326/53
f 2261/2261/53 2260/2260/53 2326/2326/53
f 2261/2261/54 2326/2326/54 2327/2327/54
f 2262/2262/54 2261/2261/54 2327/2327/54
f 2262/2262/55 2327/2327/55 2328/2328/55
f 2263/2263/55 2262/2262/55 2328/2328/55
f 2263/2263/56 2328/2328/56 2329/2329/56
f 2264/2264/56 2263/2263/56 2329/2329/56
f 2264/2264/57 2329/2329/57 2330/2330/57
f 2265/2265/57 2264/2264/57 2330/2330/57
f 2265/2265/58 2330/2330/58 2331/2331/58
f 2266/2266/58 2265/2265/58 2331/2331/58
f 2266/2266/59 2331/2331/59 2332/2332/59
f 2267/2267/59 2266/2266/59 2332/2332/59
f 2267/2267/60 2332/2332/60 2333/2333/60
f 2268/2268/60 2267/2267/60 2333/2333/60
f 2268/2268/61 2333/2333/61 2334/2334/61
f 2269/2269/61 2268/2268/61 2334/2334/61
f 2269/2269/62 2334/2334/62 2335/2335/62
f 2270/2270/62 2269/2269/62 2335/2335/62
f 2270/2270/63 2335/2335/63 2336/2336/63
f 2271/2271/63 2270/2270/63 2336/2336/63
f 2271/2271/64 2336/2336/64 2337/2337/64
f 2272/2272/64 2271/2271/64 2337/2337/64
f 2272/2272/65 2337/2337/65 2338/2338/65
f 2273/2273/65 2272/2272/65 2338/2338/65
f 2273/2273/66 2338/2338/66 2339/2339/66
f 2274/2274/66 2273/2273/66 2339/2339/66
f 2274/2274/67 2339/2339/67 2340/2340/67
f 2275/2275/67 2274/2274/67 2340/2340/67
f 2276/2276/1 2341/2341/1 2342/2342/1
f 2277/2277/1 2276/2276/1 2342/2342/1
f 2277/2277/2 2342/2342/2 2343/2343/2
f 2278/2278/2 2277/2277/2 2343/2343/2
f 2278/2278/3 2343/2343/3 2344/2344/3
f 2279/2279/3 2278/2278/3 2344/2344/3
f 2279/2279/4 2344/2344/4 2345/2345/4
f 2280/2280/4 2279/2279/4 2345/2345/4
f 2280/2280/5 2345/2345/5 2346/2346/5
f 2281/2281/5 2280/2280/5 2346/2346/5
f 2281/2281/6 2346/2346/6 2347/2347/6
f 2282/2282/6 2281/2281/6 2347/2347/6
f 2282/2282/7 2347/2347/7 2348/2348/7
f 2283/2283/7 2282/2282/7 2348/2348/7
f 2283/2283/9 2348/2348/9 2349/2349/9
f 2284/2284/9 2283/2283/9 2349/2349/9
f 2284/2284/10 2349/2349/10 2350/2350/10
f 2285/2285/10 2284/2284/10 2350/2350/10
f 2285/2285/11 2350/2350/11 2351/2351/11
f 2286/2286/11 2285/2285/11 2351/2351/11
f 2286/2286/12 2351/2351/12 2352/2352/12
f 2287/2287/12 2286/2286/12 2352/2352/12
f 2287/2287/13 2352/2352/13 2353/2353/13
f 2288/2288/13 2287/2287/13 2353/2353/13
f 2288/2288/14 2353/2353/14 2354/2354/14
f 2289/2289/14 2288/2288/14 2354/2354/14
f 2289/2289/15 2354/2354/15 2355/2355/15
f 2290/2290/15 2289/2289/15 2355/2355/15
f 2290/2290/16 2355/2355/16 2356/2356/16
f 2291/2291/16 2290/2290/16 2356/2356/16
f 2291/2291/17 2356/2356/17 2357/2357/17
f 2292/2292/17 2291/2291/17 2357/2357/17
f 2292/2292/18 2357/2357/18 2358/2358/18
f 2293/2293/18 2292/2292/18 2358/2358/18
f 2293/2293/19 2358/2358/19 2359/2359/19
f 2294/2294/19 2293/2293/19 2359/2359/19
f 2294/2294/20 2359/2359/20 2360/2360/20
f 2295/2295/20 2294/2294/20 2360/2360/20
f 2295/2295/21 2360/2360/21 2361/2361/21
f 2296/2296/21 2295/2295/21 2361/2361/21
f 2296/2296/22 2361/2361/22 2362/2362/22
f 2297/2297/22 2296/2296/22 2362/2362/22
f 2297/2297/23 2362/2362/23 2363/2363/23
f 2298/2298/23 2297/2297/23 2363/2363/23
f 2298/2298/24 2363/2363/24 2364/2364/24
f 2299/2299/24 2298/2298/24 2364/2364/24
f 2299/2299/25 2364/2364/25 2365/2365/25
f 2300/2300/25 2299/2299/25 2365/2365/25
f 2300/2300/27 2365/2365/27 2366/2366/27
f 2301/2301/27 2300/2300/27 2366/2366/27
f 2301/2301/28 2366/2366/28 2367/2367/28
f 2302/2302/28 2301/2301/28 2367/2367/28
f 2302/2302/29 2367/2367/29 2368/2368/29
f 2303/2303/29 2302/2302/29 2368/2368/29
f 2303/2303/30 2368/2368/30 2369/2369/30
f 2304/2304/30 2303/2303/30 2369/2369/30
f 2304/2304/31 2369/2369/31 2370/2370/31
f 2305/2305/31 2304/2304/31 2370/2370/31
f 2305/2305/32 2370/2370/32 2371/2371/32
f 2306/2306/32 2305/2305/32 2371/2371/32
f 2306/2306/33 2371/2371/33 2372/2372/33
f 2307/2307/33 2306/2306/33 2372/2372/33
f 2307/2307/34 2372/2372/34 2373/2373/34
f 2308/2308/34 2307/2307/34 2373/2373/34
f 2308/2308/35 2373/2373/35 2374/2374/35
f 2309/2309/35 2308/2308/35 2374/2374/35
f 2309/2309/36 2374/2374/36 2375/2375/36
f 2310/2310/36 2309/2309/36 2375/2375/36
f 2310/2310/37 2375/2375/37 2376/2376/37
f 2311/2311/37 2310/2310/37 2376/2376/37
f 2311/2311/38 2376/2376/38 2377/2377/38
f 2312/2312/38 2311/2311/38 2377/2377/38
f 2312/2312/39 2377/2377/39 2378/2378/39
f 2313/2313/39 2312/2312/39 2378/2378/39
f 2313/2313/40 2378/2378/40 2379/2379/40
f 2314/2314/40 2313/2313/40 2379/2379/40
f 2314/2314/41 2379/2379/41 2380/2380/41
f 2315/2315/41 2314/2314/41 2380/2380/41
f 2315/2315/43 2380/2380/43 2381/2381/43
f 2316/2316/43 2315/2315/43 2381/2381/43
f 2316/2316/44 2381/2381/44 2382/2382/44
f 2317/2317/44 2316/2316/44 2382/2382/44
f 2317/2317/45 2382/2382/45 2383/2383/45
f 2318/2318/45 2317/2317/45 2383/2383/45
f 2318/2318/46 2383/2383/46 2384/2384/46
f 2319/2319/46 2318/2318/46 2384/2384/46
f 2319/2319/47 2384/2384/47 2385/2385/47
f 2320/2320/47 2319/2319/47 2385/2385/47
f 2320/2320/48 2385/2385/48 2386/2386/48
f 2321/2321/48 2320/2320/48 2386/2386/48
f 2321/2321/49 2386/2386/49 2387/2387/49
f 2322/2322/49 2321/2321/49 2387/2387/49
f 2322/2322/50 2387/2387/50 2388/2388/50
f 2323/2323/50 2322/2322/50 2388/2388/50
f 2323/2323/51 2388/2388/51 2389/2389/51
f 2324/2324/51 2323/2323/51 2389/2389/51
f 2324/2324/52 2389/2389/52 2390/2390/52
f 2325/2325/52 2324/2324/52 2390/2390/52
f 2325/2325/53 2390/2390/53 2391/2391/53
f 2326/2326/53 2325/2325/53 2391/2391/53
f 2326/2326/54 2391/2391/54 2392/2392/54
f 2327/2327/54 2326/2326/54 2392/2392/54
f 2327/2327/55 2392/2392/55 2393/2393/55
f 2328/2328/55 2327/2327/55 2393/2393/55
f 2328/2328/56 2393/2393/56 2394/2394/56
f 2329/2329/56 2328/2328/56 2394/2394/56
f 2329/2329/57 2394/2394/57 2395/2395/57
f 2330/2330/57 2329/2329/57 2395/2395/57
f 2330/2330/58 2395/2395/58 2396/2396/58
f 2331/2331/58 2330/2330/58 2396/2396/58
f 2331/2331/59 2396/2396/59 2397/2397/59
f 2332/2332/59 2331/2331/59 2397/2397/59
f 2332/2332/60 2397/2397/60 2398/2398/60
f 2333/2333/60 2332/2332/60 2398/2398/60
f 2333/2333/61 2398/2398/61 2399/2399/61
f 2334/2334/61 2333/2333/61 2399/2399/61
f 2334/2334/62 2399/2399/62 2400/2400/62
f 2335/2335/62 2334/2334/62 2400/2400/62
f 2335/2335/63 2400/2400/63 2401/2401/63
f 2336/2336/63 2335/2335/63 2401/2401/63
f 2336/2336/64 2401/2401/64 2402/2402/64
f 2337/2337/64 2336/2336/64 2402/2402/64
f 2337/2337/65 2402/2402/65 2403/2403/65
f 2338/2338/65 2337/2337/65 2403/2403/65
f 2338/2338/66 2403/2403/66 2404/2404/66
f 2339/2339/66 2338/2338/66 2404/2404/66
f 2339/2339/67 2404/2404/67 2405/2405/67
f 2340/2340/67 2339/2339/67 2405/2405/67
f 2341/2341/1 2406/2406/1 2407/2407/1
f 2342/2342/1 2341/2341/1 2407/2407/1
f 2342/2342/2 2407/2407/2 2408/2408/2
f 2343/2343/2 2342/2342/2 2408/2408/2
f 2343/2343/3 2408/2408/3 2409/2409/3
f 2344/2344/3 2343/2343/3 2409/2409/3
f 2344/2344/4 2409/2409/4 2410/2410/4
f 2345/2345/4 2344/2344/4 2410/2410/4
f 2345/2345/5 2410/2410/5 2411/2411/5
f 2346/2346/5 2345/2345/5 2411/2411/5
f 2346/2346/6 2411/2411/6 2412/2412/6
f 2347/2347/6 2346/2346/6 2412/2412/6
f 2347/2347/7 2412/2412/7 2413/2413/7
f 2348/2348/7 2347/2347/7 2413/2413/7
f 2348/2348/9 2413/2413/9 2414/2414/9
f 2349/2349/9 2348/2348/9 2414/2414/9
f 2349/2349/10 2414/2414/10 2415/2415/10
f 2350/2350/10 2349/2349/10 2415/2415/10
f 2350/2350/11 2415/2415/11 2416/2416/11
f 2351/2351/11 2350/2350/11 2416/2416/11
f 2351/2351/12 2416/2416/12 2417/2417/12
f 2352/2352/12 2351/2351/12 2417/2417/12
f 2352/2352/13 2417/2417/13 2418/2418/13
f 2353/2353/13 2352/2352/13 2418/2418/13
f 2353/2353/14 2418/2418/14 2419/2419/14
f 2354/2354/14 2353/2353/14 2419/2419/14
f 2354/2354/15 2419/2419/15 2420/2420/15
f 2355/2355/15 2354/2354/15 2420/2420/15
f 2355/2355/16 2420/2420/16 2421/2421/16
f 2356/2356/16 2355/2355/16 2421/2421/16
f 2356/2356/17 2421/2421/17 2422/2422/17
f 2357/2357/17 2356/2356/17 2422/2422/17
f 2357/2357/18 2422/2422/18 2423/2423/18
f 2358/2358/18 2357/2357/18 2423/2423/18
f 2358/2358/19 2423/2423/19 2424/2424/19
f 2359/2359/19 2358/2358/19 2424/2424/19
f 2359/2359/20 2424/2424/20 2425/2425/20
f 2360/2360/20 2359/2359/20 2425/2425/20
f 2360/2360/21 2425/2425/21 2426/2426/21
f 2361/2361/21 2360/2360/21 2426/2426/21
f 2361/2361/22 2426/2426/22 2427/2427/22
f 2362/2362/22 2361/2361/22 2427/2427/22
f 2362/2362/23 2427/2427/23 2428/2428/23
f 2363/2363/23 2362/2362/23 2428/2428/23
f 2363/2363/24 2428/2428/24 2429/2429/24
f 2364/2364/24 2363/2363/24 2429/2429/24
f 2364/2364/25 2429/2429/25 2430/2430/25
f 2365/2365/25 2364/2364/25 2430/2430/25
f 2365/2365/27 2430/2430/27 2431/2431/27
f 2366/2366/27 2365/2365/27 2431/2431/27
f 2366/2366/28 2431/2431/28 2432/2432/28
f 2367/2367/28 2366/2366/28 2432/2432/28
f 2367/2367/29 2432/2432/29 2433/2433/29
f 2368/2368/29 2367/2367/29 2433/2433/29
f 2368/2368/30 2433/2433/30 2434/2434/30
f 2369/2369/30 2368/2368/30 2434/2434/30
f 2369/2369/31 2434/2434/31 2435/2435/31
f 2370/2370/31 2369/2369/31 2435/2435/31
f 2370/2370/32 2435/2435/32 2436/2436/32
f 2371/2371/32 2370/2370/32 2436/2436/32
f 2371/2371/33 2436/2436/33 2437/2437/33
f 2372/2372/33 2371/2371/33 2437/2437/33
f 2372/2372/34 2437/2437/34 2438/2438/34
f 2373/2373/34 2372/2372/34 2438/2438/34
f 2373/2373/35 2438/2438/35 2439/2439/35
f 2374/2374/35 2373/2373/35 2439/2439/35
f 2374/2374/36 2439/2439/36 2440/2440/36
f 2375/2375/36 2374/2374/36 2440/2440/36
f 2375/2375/37 2440/2440/37 2441/2441/37
f 2376/2376/37 2375/2375/37 2441/2441/37
f 2376/2376/38 2441/2441/38 2442/2442/38
f 2377/2377/38 2376/2376/38 2442/2442/38
f 2377/2377/39 2442/2442/39 2443/2443/39
f 2378/2378/39 2377/2377/39 2443/2443/39
f 2378/2378/40 2443/2443/40 2444/2444/40
f 2379/2379/40 2378/2378/40 2444/2444/40
f 2379/2379/41 2444/2444/41 2445/2445/41
f 2380/2380/41 2379/2379/41 2445/2445/41
f 2380/2380/43 2445/2445/43 2446/2446/43
f 2381/2381/43 2380/2380/43 2446/2446/43
f 2381/2381/44 2446/2446/44 2447/2447/44
f 2382/2382/44 2381/2381/44 2447/2447/44
f 2382/2382/45 2447/2447/45 2448/2448/45
f 2383/2383/45 2382/2382/45 2448/2448/45
f 2383/2383/46 2448/2448/46 2449/2449/46
f 2384/2384/46 2383/2383/46 2449/2449/46
f 2384/2384/47 2449/2449/47 2450/2450/47
f 2385/2385/47 2384/2384/47 2450/2450/47
f 2385/2385/48 2450/2450/48 2451/2451/48
f 2386/2386/48 2385/2385/48 2451/2451/48
f 2386/2386/49 2451/2451/49 2452/2452/49
f 2387/2387/49 2386/2386/49 2452/2452/49
f 2387/2387/50 2452/2452/50 2453/2453/50
f 2388/2388/50 2387/2387/50 2453/2453/50
f 2388/2388/51 2453/2453/51 2454/2454/51
f 2389/2389/51 2388/2388/51 2454/2454/51
f 2389/2389/52 2454/2454/52 2455/2455/52
f 2390/2390/52 2389/2389/52 2455/2455/52
f 2390/2390/53 2455/2455/53 2456/2456/53
f 2391/2391/53 2390/2390/53 2456/2456/53
f 2391/2391/54 2456/2456/54 2457/2457/54
f 2392/2392/54 2391/2391/54 2457/2457/54
f 2392/2392/55 2457/2457/55 2458/2458/55
f 2393/2393/55 2392/2392/55 2458/2458/55
f 2393/2393/56 2458/2458/56 2459/2459/56
f 2394/2394/56 2393/2393/56 2459/2459/56
f 2394/2394/57 2459/2459/57 2460/2460/57
f 2395/2395/57 2394/2394/57 2460/2460/57
f 2395/2395/58 2460/2460/58 2461/2461/58
f 2396/2396/58 2395/2395/58 2461/2461/58
f 2396/2396/59 2461/2461/59 2462/2462/59
f 2397/2397/59 2396/2396/59 2462/2462/59
f 2397/2397/60 2462/2462/60 2463/2463/60
f 2398/2398/60 2397/2397/60 2463/2463/60
f 2398/2398/61 2463/2463/61 2464/2464/61
f 2399/2399/61 2398/2398/61 2464/2464/61
f 2399/2399/62 2464/2464/62 2465/2465/62
f 2400/2400/62 2399/2399/62 2465/2465/62
f 2400/2400/63 2465/2465/63 2466/2466/63
f 2401/2401/63 2400/2400/63 2466/2466/63
f 2401/2401/64 2466/2466/64 2467/2467/64
f 2402/2402/64 2401/2401/64 2467/2467/64
f 2402/2402/65 2467/2467/65 2468/2468/65
f 2403/2403/65 2402/2402/65 2468/2468/65
f 2403/2403/66 2468/2468/66 2469/2469/66
f 2404/2404/66 2403/2403/66 2469/2469/66
f 2404/2404/67 2469/2469/67 2470/2470/67
f 2405/2405/67 2404/2404/67 2470/2470/67
f 2406/2406/1 2471/2471/1 2472/2472/1
f 2407/2407/1 2406/2406/1 2472/2472/1
f 2407/2407/2 2472/2472/2 2473/2473/2
f 2408/2408/2 2407/2407/2 2473/2473/2
f 2408/2408/3 2473/2473/3 2474/2474/3
f 2409/2409/3 2408/2408/3 2474/2474/3
f 2409/2409/4 2474/2474/4 2475/2475/4
f 2410/2410/4 2409/2409/4 2475/2475/4
f 2410/2410/5 2475/2475/5 2476/2476/5
f 2411/2411/5 2410/2410/5 2476/2476/5
f 2411/2411/6 2476/2476/6 2477/2477/6
f 2412/2412/6 2411/2411/6 2477/2477/6
f 2412/2412/7 2477/2477/7 2478/2478/7
f 2413/2413/7 2412/2412/7 2478/2478/7
f 2413/2413/9 2478/2478/9 2479/2479/9
f 2414/2414/9 2413/2413/9 2479/2479/9
f 2414/2414/10 2479/2479/10 2480/2480/10
f 2415/2415/10 2414/2414/10 2480/2480/10
f 2415/2415/11 2480/2480/11 2481/2481/11
f 2416/2416/11 2415/2415/11 2481/2481/11
f 2416/2416/12 2481/2481/12 2482/2482/12
f 2417/2417/12 2416/2416/12 2482/2482/12
f 2417/2417/13 2482/2482/13 2483/2483/13
f 2418/2418/13 2417/2417/13 2483/2483/13
f 2418/2418/14 2483/2483/14 2484/2484/14
f 2419/2419/14 2418/2418/14 2484/2484/14
f 2419/2419/15 2484/2484/15 2485/2485/15
f 2420/2420/15 2419/2419/15 2485/2485/15
f 2420/2420/16 2485/2485/16 2486/2486/16
f 2421/2421/16 2420/2420/16 2486/2486/16
f 2421/2421/17 2486/2486/17 2487/2487/17
f 2422/2422/17 2421/2421/17 2487/2487/17
f 2422/2422/18 2487/2487/18 2488/2488/18
f 2423/2423/18 2422/2422/18 2488/2488/18
f 2423/2423/19 2488/2488/19 2489/2489/19
f 2424/2424/19 2423/2423/19 2489/2489/19
f 2424/2424/20 2489/2489/20 2490/2490/20
f 2425/2425/20 2424/2424/20 2490/2490/20
f 2425/2425/21 2490/2490/21 2491/2491/21
f 2426/2426/21 2425/2425/21 2491/2491/21
f 2426/2426/22 2491/2491/22 2492/2492/22
f 2427/2427/22 2426/2426/22 2492/2492/22
f 2427/2427/23 2492/2492/23 2493/2493/23
f 2428/2428/23 2427/2427/23 2493/2493/23
f 2428/2428/24 2493/2493/24 2494/2494/24
f 2429/2429/24 2428/2428/24 2494/2494/24
f 2429/2429/25 2494/2494/25 2495/2495/25
f 2430/2430/25 2429/2429/25 2495/2495/25
f 2430/2430/27 2495/2495/27 2496/2496/27
f 2431/2431/27 2430/2430/27 2496/2496/27
f 2431/2431/28 2496/2496/28 2497/2497/28
f 2432/2432/28 2431/2431/28 2497/2497/28
f 2432/2432/29 2497/2497/29 2498/2498/29
f 2433/2433/29 2432/2432/29 2498/2498/29
f 2433/2433/30 2498/2498/30 2499/2499/30
f 2434/2434/30 2433/2433/30 2499/2499/30
f 2434/2434/31 2499/2499/31 2500/2500/31
f 2435/2435/31 2434/2434/31 2500/2500/31
f 2435/2435/32 2500/2500/32 2501/2501/32
f 2436/2436/32 2435/2435/32 2501/2501/32
f 2436/2436/33 2501/2501/33 2502/2502/33
f 2437/2437/33 2436/2436/33 2502/2502/33
f 2437/2437/34 2502/2502/34 2503/2503/34
f 2438/2438/34 2437/2437/34 2503/2503/34
f 2438/2438/35 2503/2503/35 2504/2504/35
f 2439/2439/35 2438/2438/35 2504/2504/35
f 2439/2439/36 2504/2504/36 2505/2505/36
f 2440/2440/36 2439/2439/36 2505/2505/36
f 2440/2440/37 2505/2505/37 2506/2506/37
f 2441/2441/37 2440/2440/37 2506/2506/37
f 2441/2441/38 2506/2506/38 2507/2507/38
f 2442/2442/38 2441/2441/38 2507/2507/38
f 2442/2442/39 2507/2507/39 2508/2508/39
f 2443/2443/39 2442/2442/39 2508/2508/39
f 2443/2443/40 2508/2508/40 2509/2509/40
f 2444/2444/40 2443/2443/40 2509/2509/40
f 2444/2444/41 2509/2509/41 2510/2510/41
f 2445/2445/41 2444/2444/41 2510/2510/41
f 2445/2445/43 2510/2510/43 2511/2511/43
f 2446/2446/43 2445/2445/43 2511/2511/43
f 2446/2446/44 2511/2511/44 2512/2512/44
f 2447/2447/44 2446/2446/44 2512/2512/44
f 2447/2447/45 2512/2512/45 2513/2513/45
f 2448/2448/45 2447/2447/45 2513/2513/45
f 2448/2448/46 2513/2513/46 2514/2514/46
f 2449/2449/46 2448/2448/46 2514/2514/46
f 2449/2449/47 2514/2514/47 2515/2515/47
f 2450/2450/47 2449/2449/47 2515/2515/47
f 2450/2450/48 2515/2515/48 2516/2516/48
f 2451/2451/48 2450/2450/48 2516/2516/48
f 2451/2451/49 2516/2516/49 2517/2517/49
f 2452/2452/49 2451/2451/49 2517/2517/49
f 2452/2452/50 2517/2517/50 2518/2518/50
f 2453/2453/50 2452/2452/50 2518/2518/50
f 2453/2453/51 2518/2518/51 2519/2519/51
f 2454/2454/51 2453/2453/51 2519/2519/51
f 2454/2454/52 2519/2519/52 2520/2520/52
f 2455/2455/52 2454/2454/52 2520/2520/52
f 2455/2455/53 2520/2520/53 2521/2521/53
f 2456/2456/53 2455/2455/53 2521/2521/53
f 2456/2456/54 2521/2521/54 2522/2522/54
f 2457/2457/54 2456/2456/54 2522/2522/54
f 2457/2457/55 2522/2522/55 2523/2523/55
f 2458/2458/55 2457/2457/55 2523/2523/55
f 2458/2458/56 2523/2523/56 2524/2524/56
f 2459/2459/56 2458/2458/56 2524/2524/56
f 2459/2459/57 2524/2524/57 2525/2525/57
f 2460/2460/57 2459/2459/57 2525/2525/57
f 2460/2460/58 2525/2525/58 2526/2526/58
f 2461/2461/58 2460/2460/58 2526/2526/58
f 2461/2461/59 2526/2526/59 2527/2527/59
f 2462/2462/59 2461/2461/59 2527/2527/59
f 2462/2462/60 2527/2527/60 2528/2528/60
f 2463/2463/60 2462/2462/60 2528/2528/60
f 2463/2463/61 2528/2528/61 2529/2529/61
f 2464/2464/61 2463/2463/61 2529/2529/61
f 2464/2464/62 2529/2529/62 2530/2530/62
f 2465/2465/62 2464/2464/62 2530/2530/62
f 2465/2465/63 2530/2530/63 2531/2531/63
f 2466/2466/63 2465/2465/63 2531/2531/63
f 2466/2466/64 2531/2531/64 2532/2532/64
f 2467/2467/64 2466/2466/64 2532/2532/64
f 2467/2467/65 2532/2532/65 2533/2533/65
f 2468/2468/65 2467/2467/65 2533/2533/65
f 2468/2468/66 2533/2533/66 2534/2534/66
f 2469/2469/66 2468/2468/66 2534/2534/66
f 2469/2469/67 2534/2534/67 2535/2535/67
f 2470/2470/67 2469/2469/67 2535/2535/67
f 2471/2471/1 2536/2536/1 2537/2537/1
f 2472/2472/1 2471/2471/1 2537/2537/1
f 2472/2472/2 2537/2537/2 2538/2538/2
f 2473/2473/2 2472/2472/2 2538/2538/2
f 2473/2473/3 2538/2538/3 2539/2539/3
f 2474/2474/3 2473/2473/3 2539/2539/3
f 2474/2474/4 2539/2539/4 2540/2540/4
f 2475/2475/4 2474/2474/4 2540/2540/4
f 2475/2475/5 2540/2540/5 2541/2541/5
f 2476/2476/5 2475/2475/5 2541/2541/5
f 2476/2476/6 2541/2541/6 2542/2542/6
f 2477/2477/6 2476/2476/6 2542/2542/6
f 2477/2477/7 2542/2542/7 2543/2543/7
f 2478/2478/7 2477/2477/7 2543/2543/7
f 2478/2478/9 2543/2543/9 2544/2544/9
f 2479/2479/9 2478/2478/9 2544/2544/9
f 2479/2479/10 2544/2544/10 2545/2545/10
f 2480/2480/10 2479/2479/10 2545/2545/10
f 2480/2480/11 2545/2545/11 2546/2546/11
f 2481/2481/11 2480/2480/11 2546/2546/11
f 2481/2481/12 2546/2546/12 2547/2547/12
f 2482/2482/12 2481/2481/12 2547/2547/12
f 2482/2482/13 2547/2547/13 2548/2548/13
f 2483/2483/13 2482/2482/13 2548/2548/13
f 2483/2483/14 2548/2548/14 2549/2549/14
f 2484/2484/14 2483/2483/14 2549/2549/14
f 2484/2484/15 2549/2549/15 2550/2550/15
f 2485/2485/15 2484/2484/15 2550/2550/15
f 2485/2485/16 2550/2550/16 2551/2551/16
f 2486/2486/16 2485/2485/16 2551/2551/16
f 2486/2486/17 2551/2551/17 2552/2552/17
f 2487/2487/17 2486/2486/17 2552/2552/17
f 2487/2487/18 2552/2552/18 2553/2553/18
f 2488/2488/18 2487/2487/18 2553/2553/18
f 2488/2488/19 2553/2553/19 2554/2554/19
f 2489/2489/19 2488/2488/19 2554/2554/19
f 2489/2489/20 2554/2554/20 2555/2555/20
f 2490/2490/20 2489/2489/20 2555/2555/20
f 2490/2490/21 2555/2555/21 2556/2556/21
f 2491/2491/21 2490/2490/21 2556/2556/21
f 2491/2491/22 2556/2556/22 2557/2557/22
f 2492/2492/22 2491/2491/22 2557/2557/22
f 2492/2492/23 2557/2557/23 2558/2558/23
f 2493/2493/23 2492/2492/23 2558/2558/23
f 2493/2493/24 2558/2558/24 2559/2559/24
f 2494/2494/24 2493/2493/24 2559/2559/24
f 2494/2494/25 2559/2559/25 2560/2560/25
f 2495/2495/25 2494/2494/25 2560/2560/25
f 2495/2495/27 2560/2560/27 2561/2561/27
f 2496/2496/27 2495/2495/27 2561/2561/27
f 2496/2496/28 2561/2561/28 2562/2562/28
f 2497/2497/28 2496/2496/28 2562/2562/28
f 2497/2497/29 2562/2562/29 2563/2563/29
f 2498/2498/29 2497/2497/29 2563/2563/29
f 2498/2498/30 2563/2563/30 2564/2564/30
f 2499/2499/30 2498/2498/30 2564/2564/30
f 2499/2499/31 2564/2564/31 2565/2565/31
f 2500/2500/31 2499/2499/31 2565/2565/31
f 2500/2500/32 2565/2565/32 2566/2566/32
f 2501/2501/32 2500/2500/32 2566/2566/32
f 2501/2501/33 2566/2566/33 2567/2567/33
f 2502/2502/33 2501/2501/33 2567/2567/33
f 2502/2502/34 2567/2567/34 2568/2568/34
f 2503/2503/34 2502/2502/34 2568/2568/34
f 2503/2503/35 2568/2568/35 2569/2569/35
f 2504/2504/35 2503/2503/35 2569/2569/35
f 2504/2504/36 2569/2569/36 2570/2570/36
f 2505/2505/36 2504/2504/36 2570/2570/36
f 2505/2505/37 2570/2570/37 2571/2571/37
f 2506/2506/37 2505/2505/37 2571/2571/37
f 2506/2506/38 2571/2571/38 2572/2572/38
f 2507/2507/38 2506/2506/38 2572/2572/38
f 2507/2507/39 2572/2572/39 2573/2573/39
f 2508/2508/39 2507/2507/39 2573/2573/39
f 2508/2508/40 2573/2573/40 2574/2574/40
f 2509/2509/40 2508/2508/40 2574/2574/40
f 2509/2509/41 2574/2574/41 2575/2575/41
f 2510/2510/41 2509/2509/41 2575/2575/41
f 2510/2510/43 2575/2575/43 2576/2576/43
f 2511/2511/43 2510/2510/43 2576/2576/43
f 2511/2511/44 2576/2576/44 2577/2577/44
f 2512/2512/44 2511/2511/44 2577/2577/44
f 2512/2512/45 2577/2577/45 2578/2578/45
f 2513/2513/45 2512/2512/45 2578/2578/45
f 2513/2513/46 2578/2578/46 2579/2579/46
f 2514/2514/46 2513/2513/46 2579/2579/46
f 2514/2514/47 2579/2579/47 2580/2580/47
f 2515/2515/47 2514/2514/47 2580/2580/47
f 2515/2515/48 2580/2580/48 2581/2581/48
f 2516/2516/48 2515/2515/48 2581/2581/48
f 2516/2516/49 2581/2581/49 2582/2582/49
f 2517/2517/49 2516/2516/49 2582/2582/49
f 2517/2517/50 2582/2582/50 2583/2583/50
f 2518/2518/50 2517/2517/50 2583/2583/50
f 2518/2518/51 2583/2583/51 2584/2584/51
f 2519/2519/51 2518/2518/51 2584/2584/51
f 2519/2519/52 2584/2584/52 2585/2585/52
f 2520/2520/52 2519/2519/52 2585/2585/52
f 2520/2520/53 2585/2585/53 2586/2586/53
f 2521/2521/53 2520/2520/53 2586/2586/53
f 2521/2521/54 2586/2586/54 2587/2587/54
f 2522/2522/54 2521/2521/54 2587/2587/54
f 2522/2522/55 2587/2587/55 2588/2588/55
f 2523/2523/55 2522/2522/55 2588/2588/55
f 2523/2523/56 2588/2588/56 2589/2589/56
f 2524/2524/56 2523/2523/56 2589/2589/56
f 2524/2524/57 2589/2589/57 2590/2590/57
f 2525/2525/57 2524/2524/57 2590/2590/57
f 2525/2525/58 2590/2590/58 2591/2591/58
f 2526/2526/58 2525/2525/58 2591/2591/58
f 2526/2526/59 2591/2591/59 2592/2592/59
f 2527/2527/59 2526/2526/59 2592/2592/59
f 2527/2527/60 2592/2592/60 2593/2593/60
f 2528/2528/60 2527/2527/60 2593/2593/60
f 2528/2528/61 2593/2593/61 2594/2594/61
f 2529/2529/61 2528/2528/61 2594/2594/61
f 2529/2529/62 2594/2594/62 2595/2595/62
f 2530/2530/62 2529/2529/62 2595/2595/62
f 2530/2530/63 2595/2595/63 2596/2596/63
f 2531/2531/63 2530/2530/63 2596/2596/63
f 2531/2531/64 2596/2596/64 2597/2597/64
f 2532/2532/64 2531/2531/64 2597/2597/64
f 2532/2532/65 2597/2597/65 2598/2598/65
f 2533/2533/65 2532/2532/65 2598/2598/65
f 2533/2533/66 2598/2598/66 2599/2599/66
f 2534/2534/66 2533/2533/66 2599/2599/66
f 2534/2534/67 2599/2599/67 2600/2600/67
f 2535/2535/67 2534/2534/67 2600/2600/67
f 2536/2536/1 2601/2601/1 2602/2602/1
f 2537/2537/1 2536/2536/1 2602/2602/1
f 2537/2537/2 2602/2602/2 2603/2603/2
f 2538/2538/2 2537/2537/2 2603/2603/2
f 2538/2538/3 2603/2603/3 2604/2604/3
f 2539/2539/3 2538/2538/3 2604/2604/3
f 2539/2539/4 2604/2604/4 2605/2605/4
f 2540/2540/4 2539/2539/4 2605/2605/4
f 2540/2540/5 2605/2605/5 2606/2606/5
f 2541/2541/5 2540/2540/5 2606/2606/5
f 2541/2541/6 2606/2606/6 2607/2607/6
f 2542/2542/6 2541/2541/6 2607/2607/6
f 2542/2542/7 2607/2607/7 2608/2608/7
f 2543/2543/7 2542/2542/7 2608/2608/7
f 2543/2543/9 2608/2608/9 2609/2609/9
f 2544/2544/9 2543/2543/9 2609/2609/9
f 2544/2544/10 2609/2609/10 2610/2610/10
f 2545/2545/10 2544/2544/10 2610/2610/10
f 2545/2545/11 2610/2610/11 2611/2611/11
f 2546/2546/11 2545/2545/11 2611/2611/11
f 2546/2546/12 2611/2611/12 2612/2612/12
f 2547/2547/12 2546/2546/12 2612/2612/12
f 2547/2547/13 2612/2612/13 2613/2613/13
f 2548/2548/13 2547/2547/13 2613/2613/13
f 2548/2548/14 2613/2613/14 2614/2614/14
f 2549/2549/14 2548/2548/14 2614/2614/14
f 2549/2549/15 2614/2614/15 2615/2615/15
f 2550/2550/15 2549/2549/15 2615/2615/15
f 2550/2550/16 2615/2615/16 2616/2616/16
f 2551/2551/16 2550/2550/16 2616/2616/16
f 2551/2551/17 2616/2616/17 2617/2617/17
f 2552/2552/17 2551/2551/17 2617/2617/17
f 2552/2552/18 2617/2617/18 2618/2618/18
f 2553/2553/18 2552/2552/18 2618/2618/18
f 2553/2553/19 2618/2618/19 2619/2619/19
f 2554/2554/19 2553/2553/19 2619/2619/19
f 2554/2554/20 2619/2619/20 2620/2620/20
f 2555/2555/20 2554/2554/20 2620/2620/20
f 2555/2555/21 2620/2620/21 2621/2621/21
f 2556/2556/21 2555/2555/21 2621/2621/21
f 2556/2556/22 2621/2621/22 2622/2622/22
f 2557/2557/22 2556/2556/22 2622/2622/22
f 2557/2557/23 2622/2622/23 2623/2623/23
f 2558/2558/23 2557/2557/23 2623/2623/23
f 2558/2558/24 2623/2623/24 2624/2624/24
f 2559/2559/24 2558/2558/24 2624/2624/24
f 2559/2559/25 2624/2624/25 2625/2625/25
f 2560/2560/25 2559/2559/25 2625/2625/25
f 2560/2560/27 2625/2625/27 2626/2626/27
f 2561/2561/27 2560/2560/27 2626/2626/27
f 2561/2561/28 2626/2626/28 2627/2627/28
f 2562/2562/28 2561/2561/28 2627/2627/28
f 2562/2562/29 2627/2627/29 2628/2628/29
f 2563/2563/29 2562/2562/29 2628/2628/29
f 2563/2563/30 2628/2628/30 2629/2629/30
f 2564/2564/30 2563/2563/30 2629/2629/30
f 2564/2564/31 2629/2629/31 2630/2630/31
f 2565/2565/31 2564/2564/31 2630/2630/31
f 2565/2565/32 2630/2630/32 2631/2631/32
f 2566/2566/32 2565/2565/32 2631/2631/32
f 2566/2566/33 2631/2631/33 2632/2632/33
f 2567/2567/33 2566/2566/33 2632/2632/33
f 2567/2567/34 2632/2632/34 2633/2633/34
f 2568/2568/34 2567/2567/34 2633/2633/34
f 2568/2568/35 2633/2633/35 2634/2634/35
f 2569/2569/35 2568/2568/35 2634/2634/35
f 2569/2569/36 2634/2634/36 2635/2635/36
f 2570/2570/36 2569/2569/36 2635/2635/36
f 2570/2570/37 2635/2635/37 2636/2636/37
f 2571/2571/37 2570/2570/37 2636/2636/37
f 2571/2571/38 2636/2636/38 2637/2637/38
f 2572/2572/38 2571/2571/38 2637/2637/38
f 2572/2572/39 2637/2637/39 2638/2638/39
f 2573/2573/39 2572/2572/39 2638/2638/39
f 2573/2573/40 2638/2638/40 2639/2639/40
f 2574/2574/40 2573/2573/40 2639/2639/40
f 2574/2574/41 2639/2639/41 2640/2640/41
f 2575/2575/41 2574/2574/41 2640/2640/41
f 2575/2575/43 2640/2640/43 2641/2641/43
f 2576/2576/43 2575/2575/43 2641/2641/43
f 2576/2576/44 2641/2641/44 2642/2642/44
f 2577/2577/44 2576/2576/44 2642/2642/44
f 2577/2577/45 2642/2642/45 2643/2643/45
f 2578/2578/45 2577/2577/45 2643/2643/45
f 2578/2578/46 2643/2643/46 2644/2644/46
f 2579/2579/46 2578/2578/46 2644/2644/46
f 2579/2579/47 2644/2644/47 2645/2645/47
f 2580/2580/47 2579/2579/47 2645/2645/47
f 2580/2580/48 2645/2645/48 2646/2646/48
f 2581/2581/48 2580/2580/48 2646/2646/48
f 2581/2581/49 2646/2646/49 2647/2647/49
f 2582/2582/49 2581/2581/49 2647/2647/49
f 2582/2582/50 2647/2647/50 2648/2648/50
f 2583/2583/50 2582/2582/50 2648/2648/50
f 2583/2583/51 2648/2648/51 2649/2649/51
f 2584/2584/51 2583/2583/51 2649/2649/51
f 2584/2584/52 2649/2649/52 2650/2650/52
f 2585/2585/52 2584/2584/52 2650/2650/52
f 2585/2585/53 2650/2650/53 2651/2651/53
f 2586/2586/53 2585/2585/53 2651/2651/53
f 2586/2586/54 2651/2651/54 2652/2652/54
f 2587/2587/54 2586/2586/54 2652/2652/54
f 2587/2587/55 2652/2652/55 2653/2653/55
f 2588/2588/55 2587/2587/55 2653/2653/55
f 2588/2588/56 2653/2653/56 2654/2654/56
f 2589/2589/56 2588/2588/56 2654/2654/56
f 2589/2589/57 2654/2654/57 2655/2655/57
f 2590/2590/57 2589/2589/57 2655/2655/57
f 2590/2590/58 2655/2655/58 2656/2656/58
f 2591/2591/58 2590/2590/58 2656/2656/58
f 2591/2591/59 2656/2656/59 2657/2657/59
f 2592/2592/59 2591/2591/59 2657/2657/59
f 2592/2592/60 2657/2657/60 2658/2658/60
f 2593/2593/60 2592/2592/60 2658/2658/60
f 2593/2593/61 2658/2658/61 2659/2659/61
f 2594/2594/61 2593/2593/61 2659/2659/61
f 2594/2594/62 2659/2659/62 2660/2660/62
f 2595/2595/62 2594/2594/62 2660/2660/62
f 2595/2595/63 2660/2660/63 2661/2661/63
f 2596/2596/63 2595/2595/63 2661/2661/63
f 2596/2596/64 2661/2661/64 2662/2662/64
f 2597/2597/64 2596/2596/64 2662/2662/64
f 2597/2597/65 2662/2662/65 2663/2663/65
f 2598/2598/65 2597/2597/65 2663/2663/65
f 2598/2598/66 2663/2663/66 2664/2664/66
f 2599/2599/66 2598/2598/66 2664/2664/66
f 2599/2599/67 2664/2664/67 2665/2665/67
f 2600/2600/67 2599/2599/67 2665/2665/67
f 2601/2601/1 2666/2666/1 2667/2667/1
f 2602/2602/1 2601/2601/1 2667/2667/1
f 2602/2602/2 2667/2667/2 2668/2668/2
f 2603/2603/2 2602/2602/2 2668/2668/2
f 2603/2603/3 2668/2668/3 2669/2669/3
f 2604/2604/3 2603/2603/3 2669/2669/3
f 2604/2604/4 2669/2669/4 2670/2670/4
f 2605/2605/4 2604/2604/4 2670/2670/4
f 2605/2605/5 2670/2670/5 2671/2671/5
f 2606/2606/5 2605/2605/5 2671/2671/5
f 2606/2606/6 2671/2671/6 2672/2672/6
f 2607/2607/6 2606/2606/6 2672/2672/6
f 2607/2607/7 2672/2672/7 2673/2673/7
f 2608/2608/7 2607/2607/7 2673/2673/7
f 2608/2608/9 2673/2673/9 2674/2674/9
f 2609/2609/9 2608/2608/9 2674/2674/9
f 2609/2609/10 2674/2674/10 2675/2675/10
f 2610/2610/10 2609/2609/10 2675/2675/10
f 2610/2610/11 2675/2675/11 2676/2676/11
f 2611/2611/11 2610/2610/11 2676/2676/11
f 2611/2611/12 2676/2676/12 2677/2677/12
f 2612/2612/12 2611/2611/12 2677/2677/12
f 2612/2612/13 2677/2677/13 2678/2678/13
f 2613/2613/13 2612/2612/13 2678/2678/13
f 2613/2613/14 2678/2678/14 2679/2679/14
f 2614/2614/14 2613/2613/14 2679/2679/14
f 2614/2614/15 2679/2679/15 2680/2680/15
f 2615/2615/15 2614/2614/15 2680/2680/15
f 2615/2615/16 2680/2680/16 2681/2681/16
f 2616/2616/16 2615/2615/16 2681/2681/16
f 2616/2616/17 2681/2681/17 2682/2682/17
f 2617/2617/17 2616/2616/17 2682/2682/17
f 2617/2617/18 2682/2682/18 2683/2683/18
f 2618/2618/18 2617/2617/18 2683/2683/18
f 2618/2618/19 2683/2683/19 2684/2684/19
f 2619/2619/19 2618/2618/19 2684/2684/19
f 2619/2619/20 2684/2684/20 2685/2685/20
f 2620/2620/20 2619/2619/20 2685/2685/20
f 2620/2620/21 2685/2685/21 2686/2686/21
f 2621/2621/21 2620/2620/21 2686/2686/21
f 2621/2621/22 2686/2686/22 2687/2687/22
f 2622/2622/22 2621/2621/22 2687/2687/22
f 2622/2622/23 2687/2687/23 2688/2688/23
f 2623/2623/23 2622/2622/23 2688/2688/23
f 2623/2623/24 2688/2688/24 2689/2689/24
f 2624/2624/24 2623/2623/24 2689/2689/24
f 2624/2624/25 2689/2689/25 2690/2690/25
f 2625/2625/25 2624/2624/25 2690/2690/25
f 2625/2625/27 2690/2690/27 2691/2691/27
f 2626/2626/27 2625/2625/27 2691/2691/27
f 2626/2626/28 2691/2691/28 2692/2692/28
f 2627/2627/28 2626/2626/28 2692/2692/28
f 2627/2627/29 2692/2692/29 2693/2693/29
f 2628/2628/29 2627/2627/29 2693/2693/29
f 2628/2628/30 2693/2693/30 2694/2694/30
f 2629/2629/30 2628/2628/30 2694/2694/30
f 2629/2629/31 2694/2694/31 2695/2695/31
f 2630/2630/31 2629/2629/31 2695/2695/31
f 2630/2630/32 2695/2695/32 2696/2696/32
f 2631/2631/32 2630/2630/32 2696/2696/32
f 2631/2631/33 2696/2696/33 2697/2697/33
f 2632/2632/33 2631/2631/33 2697/2697/33
f 2632/2632/34 2697/2697/34 2698/2698/34
f 2633/2633/34 2632/2632/34 2698/2698/34
f 2633/2633/35 2698/2698/35 2699/2699/35
f 2634/2634/35 2633/2633/35 2699/2699/35
f 2634/2634/36 2699/2699/36 2700/2700/36
f 2635/2635/36 2634/2634/36 2700/2700/36
f 2635/2635/37 2700/2700/37 2701/2701/37
f 2636/2636/37 2635/2635/37 2701/2701/37
f 2636/2636/38 2701/2701/38 2702/2702/38
f 2637/2637/38 2636/2636/38 2702/2702/38
f 2637/2637/39 2702/2702/39 2703/2703/39
f 2638/2638/39 2637/2637/39 2703/2703/39
f 2638/2638/40 2703/2703/40 2704/2704/40
f 2639/2639/40 2638/2638/40 2704/2704/40
f 2639/2639/41 2704/2704/41 2705/2705/41
f 2640/2640/41 2639/2639/41 2705/2705/41
f 2640/2640/43 2705/2705/43 2706/2706/43
f 2641/2641/43 2640/2640/43 2706/2706/43
f 2641/2641/44 2706/2706/44 2707/2707/44
f 2642/2642/44 2641/2641/44 2707/2707/44
f 2642/2642/45 2707/2707/45 2708/2708/45
f 2643/2643/45 2642/2642/45 2708/2708/45
f 2643/2643/46 2708/2708/46 2709/2709/46
f 2644/2644/46 2643/2643/46 2709/2709/46
f 2644/2644/47 2709/2709/47 2710/2710/47
f 2645/2645/47 2644/2644/47 2710/2710/47
f 2645/2645/48 2710/2710/48 2711/2711/48
f 2646/2646/48 2645/2645/48 2711/2711/48
f 2646/2646/49 2711/2711/49 2712/2712/49
f 2647/2647/49 2646/2646/49 2712/2712/49
f 2647/2647/50 2712/2712/50 2713/2713/50
f 2648/2648/50 2647/2647/50 2713/2713/50
f 2648/2648/51 2713/2713/51 2714/2714/51
f 2649/2649/51 2648/2648/51 2714/2714/51
f 2649/2649/52 2714/2714/52 2715/2715/52
f 2650/2650/52 2649/2649/52 2715/2715/52
f 2650/2650/53 2715/2715/53 2716/2716/53
f 2651/2651/53 2650/2650/53 2716/2716/53
f 2651/2651/54 2716/2716/54 2717/2717/54
f 2652/2652/54 2651/2651/54 2717/2717/54
f 2652/2652/55 2717/2717/55 2718/2718/55
f 2653/2653/55 2652/2652/55 2718/2718/55
f 2653/2653/56 2718/2718/56 2719/2719/56
f 2654/2654/56 2653/2653/56 2719/2719/56
f 2654/2654/57 2719/2719/57 2720/2720/57
f 2655/2655/57 2654/2654/57 2720/2720/57
f 2655/2655/58 2720/2720/58 2721/2721/58
f 2656/2656/58 2655/2655/58 2721/2721/58
f 2656/2656/59 2721/2721/59 2722/2722/59
f 2657/2657/59 2656/2656/59 2722/2722/59
f 2657/2657/60 2722/2722/60 2723/2723/60
f 2658/2658/60 2657/2657/60 2723/2723/60
f 2658/2658/61 2723/2723/61 2724/2724/61
f 2659/2659/61 2658/2658/61 2724/2724/61
f 2659/2659/62 2724/2724/62 2725/2725/62
f 2660/2660/62 2659/2659/62 2725/2725/62
f 2660/2660/63 2725/2725/63 2726/2726/63
f 2661/2661/63 2660/2660/63 2726/2726/63
f 2661/2661/64 2726/2726/64 2727/2727/64
f 2662/2662/64 2661/2661/64 2727/2727/64
f 2662/2662/65 2727/2727/65 2728/2728/65
f 2663/2663/65 2662/2662/65 2728/2728/65
f 2663/2663/66 2728/2728/66 2729/2729/66
f 2664/2664/66 2663/2663/66 2729/2729/66
f 2664/2664/67 2729/2729/67 2730/2730/67
f 2665/2665/67 2664/2664/67 2730/2730/67
f 2666/2666/1 2731/2731/1 2732/2732/1
f 2667/2667/1 2666/2666/1 2732/2732/1
f 2667/2667/2 2732/2732/2 2733/2733/2
f 2668/2668/2 2667/2667/2 2733/2733/2
f 2668/2668/3 2733/2733/3 2734/2734/3
f 2669/2669/3 2668/2668/3 2734/2734/3
f 2669/2669/4 2734/2734/4 2735/2735/4
f 2670/2670/4 2669/2669/4 2735/2735/4
f 2670/2670/5 2735/2735/5 2736/2736/5
f 2671/2671/5 2670/2670/5 2736/2736/5
f 2671/2671/6 2736/2736/6 2737/2737/6
f 2672/2672/6 2671/2671/6 2737/2737/6
f 2672/2672/7 2737/2737/7 2738/2738/7
f 2673/2673/7 2672/2672/7 2738/2738/7
f 2673/2673/9 2738/2738/9 2739/2739/9
f 2674/2674/9 2673/2673/9 2739/2739/9
f 2674/2674/10 2739/2739/10 2740/2740/10
f 2675/2675/10 2674/2674/10 2740/2740/10
f 2675/2675/11 2740/2740/11 2741/2741/11
f 2676/2676/11 2675/2675/11 2741/2741/11
f 2676/2676/12 2741/2741/12 2742/2742/12
f 2677/2677/12 2676/2676/12 2742/2742/12
f 2677/2677/13 2742/2742/13 2743/2743/13
f 2678/2678/13 2677/2677/13 2743/2743/13
f 2678/2678/14 2743/2743/14 2744/2744/14
f 2679/2679/14 2678/2678/14 2744/2744/14
f 2679/2679/15 2744/2744/15 2745/2745/15
f 2680/2680/15 2679/2679/15 2745/2745/15
f 2680/2680/16 2745/2745/16 2746/2746/16
f 2681/2681/16 2680/2680/16 2746/2746/16
f 2681/2681/17 2746/2746/17 2747/2747/17
f 2682/2682/17 2681/2681/17 2747/2747/17
f 2682/2682/18 2747/2747/18 2748/2748/18
f 2683/2683/18 2682/2682/18 2748/2748/18
f 2683/2683/19 2748/2748/19 2749/2749/19
f 2684/2684/19 2683/2683/19 2749/2749/19
f 2684/2684/20 2749/2749/20 2750/2750/20
f 2685/2685/20 2684/2684/20 2750/2750/20
f 2685/2685/21 2750/2750/21 2751/2751/21
f 2686/2686/21 2685/2685/21 2751/2751/21
f 2686/2686/22 2751/2751/22 2752/2752/22
f 2687/2687/22 2686/2686/22 2752/2752/22
f 2687/2687/23 2752/2752/23 2753/2753/23
f 2688/2688/23 2687/2687/23 2753/2753/23
f 2688/2688/24 2753/2753/24 2754/2754/24
f 2689/2689/24 2688/2688/24 2754/2754/24
f 2689/2689/25 2754/2754/25 2755/2755/25
f 2690/2690/25 2689/2689/25 2755/2755/25
f 2690/2690/27 2755/2755/27 2756/2756/27
f 2691/2691/27 2690/2690/27 2756/2756/27
f 2691/2691/28 2756/2756/28 2757/2757/28
f 2692/2692/28 2691/2691/28 2757/2757/28
f 2692/2692/29 2757/2757/29 2758/2758/29
f 2693/2693/29 2692/2692/29 2758/2758/29
f 2693/2693/30 2758/2758/30 2759/2759/30
f 2694/2694/30 2693/2693/30 2759/2759/30
f 2694/2694/31 2759/2759/31 2760/2760/31
f 2695/2695/31 2694/2694/31 2760/2760/31
f 2695/2695/32 2760/2760/32 2761/2761/32
f 2696/2696/32 2695/2695/32 2761/2761/32
f 2696/2696/33 2761/2761/33 2762/2762/33
f 2697/2697/33 2696/2696/33 2762/2762/33
f 2697/2697/34 2762/2762/34 2763/2763/34
f 2698/2698/34 2697/2697/34 2763/2763/34
f 2698/2698/35 2763/2763/35 2764/2764/35
f 2699/2699/35 2698/2698/35 2764/2764/35
f 2699/2699/36 2764/2764/36 2765/2765/36
f 2700/2700/36 2699/2699/36 2765/2765/36
f 2700/2700/37 2765/2765/37 2766/2766/37
f 2701/2701/37 2700/2700/37 2766/2766/37
f 2701/2701/38 2766/2766/38 2767/2767/38
f 2702/2702/38 2701/2701/38 2767/2767/38
f 2702/2702/39 2767/2767/39 2768/2768/39
f 2703/2703/39 2702/2702/39 2768/2768/39
f 2703/2703/40 2768/2768/40 2769/2769/40
f 2704/2704/40 2703/2703/40 2769/2769/40
f 2704/2704/41 2769/2769/41 2770/2770/41
f 2705/2705/41 2704/2704/41 2770/2770/41
f 2705/2705/43 2770/2770/43 2771/2771/43
f 2706/2706/43 2705/2705/43 2771/2771/43
f 2706/2706/44 2771/2771/44 2772/2772/44
f 2707/2707/44 2706/2706/44 2772/2772/44
f 2707/2707/45 2772/2772/45 2773/2773/45
f 2708/2708/45 2707/2707/45 2773/2773/45
f 2708/2708/46 2773/2773/46 2774/2774/46
f 2709/2709/46 2708/2708/46 2774/2774/46
f 2709/2709/47 2774/2774/47 2775/2775/47
f 2710/2710/47 2709/2709/47 2775/2775/47
f 2710/2710/48 2775/2775/48 2776/2776/48
f 2711/2711/48 2710/2710/48 2776/2776/48
f 2711/2711/49 2776/2776/49 2777/2777/49
f 2712/2712/49 2711/2711/49 2777/2777/49
f 2712/2712/50 2777/2777/50 2778/2778/50
f 2713/2713/50 2712/2712/50 2778/2778/50
f 2713/2713/51 2778/2778/51 2779/2779/51
f 2714/2714/51 2713/2713/51 2779/2779/51
f 2714/2714/52 2779/2779/52 2780/2780/52
f 2715/2715/52 2714/2714/52 2780/2780/52
f 2715/2715/53 2780/2780/53 2781/2781/53
f 2716/2716/53 2715/2715/53 2781/2781/53
f 2716/2716/54 2781/2781/54 2782/2782/54
f 2717/2717/54 2716/2716/54 2782/2782/54
f 2717/2717/55 2782/2782/55 2783/2783/55
f 2718/2718/55 2717/2717/55 2783/2783/55
f 2718/2718/56 2783/2783/56 2784/2784/56
f 2719/2719/56 2718/2718/56 2784/2784/56
f 2719/2719/57 2784/2784/57 2785/2785/57
f 2720/2720/57 2719/2719/57 2785/2785/57
f 2720/2720/58 2785/2785/58 2786/2786/58
f 2721/2721/58 2720/2720/58 2786/2786/58
f 2721/2721/59 2786/2786/59 2787/2787/59
f 2722/2722/59 2721/2721/59 2787/2787/59
f 2722/2722/60 2787/2787/60 2788/2788/60
f 2723/2723/60 2722/2722/60 2788/2788/60
f 2723/2723/61 2788/2788/61 2789/2789/61
f 2724/2724/61 2723/2723/61 2789/2789/61
f 2724/2724/62 2789/2789/62 2790/2790/62
f 2725/2725/62 2724/2724/62 2790/2790/62
f 2725/2725/63 2790/2790/63 2791/2791/63
f 2726/2726/63 2725/2725/63 2791/2791/63
f 2726/2726/64 2791/2791/64 2792/2792/64
f 2727/2727/64 2726/2726/64 2792/2792/64
f 2727/2727/65 2792/2792/65 2793/2793/65
f 2728/2728/65 2727/2727/65 2793/2793/65
f 2728/2728/66 2793/2793/66 2794/2794/66
f 2729/2729/66 2728/2728/66 2794/2794/66
f 2729/2729/67 2794/2794/67 2795/2795/67
f 2730/2730/67 2729/2729/67 2795/2795/67
f 2731/2731/1 2796/2796/1 2797/2797/1
f 2732/2732/1 2731/2731/1 2797/2797/1
f 2732/2732/2 2797/2797/2 2798/2798/2
f 2733/2733/2 2732/2732/2 2798/2798/2
f 2733/2733/3 2798/2798/3 2799/2799/3
f 2734/2734/3 2733/2733/3 2799/2799/3
f 2734/2734/4 2799/2799/4 2800/2800/4
f 2735/2735/4 2734/2734/4 2800/2800/4
f 2735/2735/5 2800/2800/5 2801/2801/5
f 2736/2736/5 2735/2735/5 2801/2801/5
f 2736/2736/6 2801/2801/6 2802/2802/6
f 2737/2737/6 2736/2736/6 2802/2802/6
f 2737/2737/7 2802/2802/7 2803/2803/7
f 2738/2738/7 2737/2737/7 2803/2803/7
f 2738/2738/9 2803/2803/9 2804/2804/9
f 2739/2739/9 2738/2738/9 2804/2804/9
f 2739/2739/10 2804/2804/10 2805/2805/10
f 2740/2740/10 2739/2739/10 2805/2805/10
f 2740/2740/11 2805/2805/11 2806/2806/11
f 2741/2741/11 2740/2740/11 2806/2806/11
f 2741/2741/12 2806/2806/12 2807/2807/12
f 2742/2742/12 2741/2741/12 2807/2807/12
f 2742/2742/13 2807/2807/13 2808/2808/13
f 2743/2743/13 2742/2742/13 2808/2808/13
f 2743/2743/14 2808/2808/14 2809/2809/14
f 2744/2744/14 2743/2743/14 2809/2809/14
f 2744/2744/15 2809/2809/15 2810/2810/15
f 2745/2745/15 2744/2744/15 2810/2810/15
f 2745/2745/16 2810/2810/16 2811/2811/16
f 2746/2746/16 2745/2745/16 2811/2811/16
f 2746/2746/17 2811/2811/17 2812/2812/17
f 2747/2747/17 2746/2746/17 2812/2812/17
f 2747/2747/18 2812/2812/18 2813/2813/18
f 2748/2748/18 2747/2747/18 2813/2813/18
f 2748/2748/19 2813/2813/19 2814/2814/19
f 2749/2749/19 2748/2748/19 2814/2814/19
f 2749/2749/20 2814/2814/20 2815/2815/20
f 2750/2750/20 2749/2749/20 2815/2815/20
f 2750/2750/21 2815/2815/21 2816/2816/21
f 2751/2751/21 2750/2750/21 2816/2816/21
f 2751/2751/22 2816/2816/22 2817/2817/22
f 2752/2752/22 2751/2751/22 2817/2817/22
f 2752/2752/23 2817/2817/23 2818/2818/23
f 2753/2753/23 2752/2752/23 2818/2818/23
f 2753/2753/24 2818/2818/24 2819/2819/24
f 2754/2754/24 2753/2753/24 2819/2819/24
f 2754/2754/25 2819/2819/25 2820/2820/25
f 2755/2755/25 2754/2754/25 2820/2820/25
f 2755/2755/27 2820/2820/27 2821/2821/27
f 2756/2756/27 2755/2755/27 2821/2821/27
f 2756/2756/28 2821/2821/28 2822/2822/28
f 2757/2757/28 2756/2756/28 2822/2822/28
f 2757/2757/29 2822/2822/29 2823/2823/29
f 2758/2758/29 2757/2757/29 2823/2823/29
f 2758/2758/30 2823/2823/30 2824/2824/30
f 2759/2759/30 2758/2758/30 2824/2824/30
f 2759/2759/31 2824/2824/31 2825/2825/31
f 2760/2760/31 2759/2759/31 2825/2825/31
f 2760/2760/32 2825/2825/32 2826/2826/32
f 2761/2761/32 2760/2760/32 2826/2826/32
f 2761/2761/33 2826/2826/33 2827/2827/33
f 2762/2762/33 2761/2761/33 2827/2827/33
f 2762/2762/34 2827/2827/34 2828/2828/34
f 2763/2763/34 2762/2762/34 2828/2828/34
f 2763/2763/35 2828/2828/35 2829/2829/35
f 2764/2764/35 2763/2763/35 2829/2829/35
f 2764/2764/36 2829/2829/36 2830/2830/36
f 2765/2765/36 2764/2764/36 2830/2830/36
f 2765/2765/37 2830/2830/37 2831/2831/37
f 2766/2766/37 2765/2765/37 2831/2831/37
f 2766/2766/38 2831/2831/38 2832/2832/38
f 2767/2767/38 2766/2766/38 2832/2832/38
f 2767/2767/39 2832/2832/39 2833/2833/39
f 2768/2768/39 2767/2767/39 2833/2833/39
f 2768/2768/40 2833/2833/40 2834/2834/40
f 2769/2769/40 2768/2768/40 2834/2834/40
f 2769/2769/41 2834/2834/41 2835/2835/41
f 2770/2770/41 2769/2769/41 2835/2835/41
f 2770/2770/43 2835/2835/43 2836/2836/43
f 2771/2771/43 2770/2770/43 2836/2836/43
f 2771/2771/44 2836/2836/44 2837/2837/44
f 2772/2772/44 2771/2771/44 2837/2837/44
f 2772/2772/45 2837/2837/45 2838/2838/45
f 2773/2773/45 2772/2772/45 2838/2838/45
f 2773/2773/46 2838/2838/46 2839/2839/46
f 2774/2774/46 2773/2773/46 2839/2839/46
f 2774/2774/47 2839/2839/47 2840/2840/47
f 2775/2775/47 2774/2774/47 2840/2840/47
f 2775/2775/48 2840/2840/48 2841/2841/48
f 2776/2776/48 2775/2775/48 2841/2841/48
f 2776/2776/49 2841/2841/49 2842/2842/49
f 2777/2777/49 2776/2776/49 2842/2842/49
f 2777/2777/50 2842/2842/50 2843/2843/50
f 2778/2778/50 2777/2777/50 2843/2843/50
f 2778/2778/51 2843/2843/51 2844/2844/51
f 2779/2779/51 2778/2778/51 2844/2844/51
f 2779/2779/52 2844/2844/52 2845/2845/52
f 2780/2780/52 2779/2779/52 2845/2845/52
f 2780/2780/53 2845/2845/53 2846/2846/53
f 2781/2781/53 2780/2780/53 2846/2846/53
f 2781/2781/54 2846/2846/54 2847/2847/54
f 2782/2782/54 2781/2781/54 2847/2847/54
f 2782/2782/55 2847/2847/55 2848/2848/55
f 2783/2783/55 2782/2782/55 2848/2848/55
f 2783/2783/56 2848/2848/56 2849/2849/56
f 2784/2784/56 2783/2783/56 2849/2849/56
f 2784/2784/57 2849/2849/57 2850/2850/57
f 2785/2785/57 2784/2784/57 2850/2850/57
f 2785/2785/58 2850/2850/58 2851/2851/58
f 2786/2786/58 2785/2785/58 2851/2851/58
f 2786/2786/59 2851/2851/59 2852/2852/59
f 2787/2787/59 2786/2786/59 2852/2852/59
f 2787/2787/60 2852/2852/60 2853/2853/60
f 2788/2788/60 2787/2787/60 2853/2853/60
f 2788/2788/61 2853/2853/61 2854/2854/61
f 2789/2789/61 2788/2788/61 2854/2854/61
f 2789/2789/62 2854/2854/62 2855/2855/62
f 2790/2790/62 2789/2789/62 2855/2855/62
f 2790/2790/63 2855/2855/63 2856/2856/63
f 2791/2791/63 2790/2790/63 2856/2856/63
f 2791/2791/64 2856/2856/64 2857/2857/64
f 2792/2792/64 2791/2791/64 2857/2857/64
f 2792/2792/65 2857/2857/65 2858/2858/65
f 2793/2793/65 2792/2792/65 2858/2858/65
f 2793/2793/66 2858/2858/66 2859/2859/66
f 2794/2794/66 2793/2793/66 2859/2859/66
f 2794/2794/67 2859/2859/67 2860/2860/67
f 2795/2795/67 2794/2794/67 2860/2860/67
f 2796/2796/1 2861/2861/1 2862/2862/1
f 2797/2797/1 2796/2796/1 2862/2862/1
f 2797/2797/2 2862/2862/2 2863/2863/2
f 2798/2798/2 2797/2797/2 2863/2863/2
f 2798/2798/3 2863/2863/3 2864/2864/3
f 2799/2799/3 2798/2798/3 2864/2864/3
f 2799/2799/4 2864/2864/4 2865/2865/4
f 2800/2800/4 2799/2799/4 2865/2865/4
f 2800/2800/5 2865/2865/5 2866/2866/5
f 2801/2801/5 2800/2800/5 2866/2866/5
f 2801/2801/6 2866/2866/6 2867/2867/6
f 2802/2802/6 2801/2801/6 2867/2867/6
f 2802/2802/7 2867/2867/7 2868/2868/7
f 2803/2803/7 2802/2802/7 2868/2868/7
f 2803/2803/9 2868/2868/9 2869/2869/9
f 2804/2804/9 2803/2803/9 2869/2869/9
f 2804/2804/10 2869/2869/10 2870/2870/10
f 2805/2805/10 2804/2804/10 2870/2870/10
f 2805/2805/11 2870/2870/11 2871/2871/11
f 2806/2806/11 2805/2805/11 2871/2871/11
f 2806/2806/12 2871/2871/12 2872/2872/12
f 2807/2807/12 2806/2806/12 2872/2872/12
f 2807/2807/13 2872/2872/13 2873/2873/13
f 2808/2808/13 2807/2807/13 2873/2873/13
f 2808/2808/14 2873/2873/14 2874/2874/14
f 2809/2809/14 2808/2808/14 2874/2874/14
f 2809/2809/15 2874/2874/15 2875/2875/15
f 2810/2810/15 2809/2809/15 2875/2875/15
f 2810/2810/16 2875/2875/16 2876/2876/16
f 2811/2811/16 2810/2810/16 2876/2876/16
f 2811/2811/17 2876/2876/17 2877/2877/17
f 2812/2812/17 2811/2811/17 2877/2877/17
f 2812/2812/18 2877/2877/18 2878/2878/18
f 2813/2813/18 2812/2812/18 2878/2878/18
f 2813/2813/19 2878/2878/19 2879/2879/19
f 2814/2814/19 2813/2813/19 2879/2879/19
f 2814/2814/20 2879/2879/20 2880/2880/20
f 2815/2815/20 2814/2814/20 2880/2880/20
f 2815/2815/21 2880/2880/21 2881/2881/21
f 2816/2816/21 2815/2815/21 2881/2881/21
f 2816/2816/22 2881/2881/22 2882/2882/22
f 2817/2817/22 2816/2816/22 2882/2882/22
f 2817/2817/23 2882/2882/23 2883/2883/23
f 2818/2818/23 2817/2817/23 2883/2883/23
f 2818/2818/24 2883/2883/24 2884/2884/24
f 2819/2819/24 2818/2818/24 2884/2884/24
f 2819/2819/25 2884/2884/25 2885/2885/25
f 2820/2820/25 2819/2819/25 2885/2885/25
f 2820/2820/27 2885/2885/27 2886/2886/27
f 2821/2821/27 2820/2820/27 2886/2886/27
f 2821/2821/28 2886/2886/28 2887/2887/28
f 2822/2822/28 2821/2821/28 2887/2887/28
f 2822/2822/29 2887/2887/29 2888/2888/29
f 2823/2823/29 2822/2822/29 2888/2888/29
f 2823/2823/30 2888/2888/30 2889/2889/30
f 2824/2824/30 2823/2823/30 2889/2889/30
f 2824/2824/31 2889/2889/31 2890/2890/31
f 2825/2825/31 2824/2824/31 2890/2890/31
f 2825/2825/32 2890/2890/32 2891/2891/32
f 2826/2826/32 2825/2825/32 2891/2891/32
f 2826/2826/33 2891/2891/33 2892/2892/33
f 2827/2827/33 2826/2826/33 2892/2892/33
f 2827/2827/34 2892/2892/34 2893/2893/34
f 2828/2828/34 2827/2827/34 2893/2893/34
f 2828/2828/35 2893/2893/35 2894/2894/35
f 2829/2829/35 2828/2828/35 2894/2894/35
f 2829/2829/36 2894/2894/36 2895/2895/36
f 2830/2830/36 2829/2829/36 2895/2895/36
f 2830/2830/37 2895/2895/37 2896/2896/37
f 2831/2831/37 2830/2830/37 2896/2896/37
f 2831/2831/38 2896/2896/38 2897/2897/38
f 2832/2832/38 2831/2831/38 2897/2897/38
f 2832/2832/39 2897/2897/39 2898/2898/39
f 2833/2833/39 2832/2832/39 2898/2898/39
f 2833/2833/40 2898/2898/40 2899/2899/40
f 2834/2834/40 2833/2833/40 2899/2899/40
f 2834/2834/41 2899/2899/41 2900/2900/41
f 2835/2835/41 2834/2834/41 2900/2900/41
f 2835/2835/43 2900/2900/43 2901/2901/43
f 2836/2836/43 2835/2835/43 2901/2901/43
f 2836/2836/44 2901/2901/44 2902/2902/44
f 2837/2837/44 2836/2836/44 2902/2902/44
f 2837/2837/45 2902/2902/45 2903/2903/45
f 2838/2838/45 2837/2837/45 2903/2903/45
f 2838/2838/46 2903/2903/46 2904/2904/46
f 2839/2839/46 2838/2838/46 2904/2904/46
f 2839/2839/47 2904/2904/47 2905/2905/47
f 2840/2840/47 2839/2839/47 2905/2905/47
f 2840/2840/48 2905/2905/48 2906/2906/48
f 2841/2841/48 2840/2840/48 2906/2906/48
f 2841/2841/49 2906/2906/49 2907/2907/49
f 2842/2842/49 2841/2841/49 2907/2907/49
f 2842/2842/50 2907/2907/50 2908/2908/50
f 2843/2843/50 2842/2842/50 2908/2908/50
f 2843/2843/51 2908/2908/51 2909/2909/51
f 2844/2844/51 2843/2843/51 2909/2909/51
f 2844/2844/52 2909/2909/52 2910/2910/52
f 2845/2845/52 2844/2844/52 2910/2910/52
f 2845/2845/53 2910/2910/53 2911/2911/53
f 2846/2846/53 2845/2845/53 2911/2911/53
f 2846/2846/54 2911/2911/54 2912/2912/54
f 2847/2847/54 2846/2846/54 2912/2912/54
f 2847/2847/55 2912/2912/55 2913/2913/55
f 2848/2848/55 2847/2847/55 2913/2913/55
f 2848/2848/56 2913/2913/56 2914/2914/56
f 2849/2849/56 2848/2848/56 2914/2914/56
f 2849/2849/57 2914/2914/57 2915/2915/57
f 2850/2850/57 2849/2849/57 2915/2915/57
f 2850/2850/58 2915/2915/58 2916/2916/58
f 2851/2851/58 2850/2850/58 2916/2916/58
f 2851/2851/59 2916/2916/59 2917/2917/59
f 2852/2852/59 2851/2851/59 2917/2917/59
f 2852/2852/60 2917/2917/60 2918/2918/60
f 2853/2853/60 2852/2852/60 2918/2918/60
f 2853/2853/61 2918/2918/61 2919/2919/61
f 2854/2854/61 2853/2853/61 2919/2919/61
f 2854/2854/62 2919/2919/62 2920/2920/62
f 2855/2855/62 2854/2854/62 2920/2920/62
f 2855/2855/63 2920/2920/63 2921/2921/63
f 2856/2856/63 2855/2855/63 2921/2921/63
f 2856/2856/64 2921/2921/64 2922/2922/64
f 2857/2857/64 2856/2856/64 2922/2922/64
f 2857/2857/65 2922/2922/65 2923/2923/65
f 2858/2858/65 2857/2857/65 2923/2923/65
f 2858/2858/66 2923/2923/66 2924/2924/66
f 2859/2859/66 2858/2858/66 2924/2924/66
f 2859/2859/67 2924/2924/67 2925/2925/67
f 2860/2860/67 2859/2859/67 2925/2925/67
f 2861/2861/1 2926/2926/1 2927/2927/1
f 2862/2862/1 2861/2861/1 2927/2927/1
f 2862/2862/2 2927/2927/2 2928/2928/2
f 2863/2863/2 2862/2862/2 2928/2928/2
f 2863/2863/3 2928/2928/3 2929/2929/3
f 2864/2864/3 2863/2863/3 2929/2929/3
f 2864/2864/4 2929/2929/4 2930/2930/4
f 2865/2865/4 2864/2864/4 2930/2930/4
f 2865/2865/5 2930/2930/5 2931/2931/5
f 2866/2866/5 2865/2865/5 2931/2931/5
f 2866/2866/6 2931/2931/6 2932/2932/6
f 2867/2867/6 2866/2866/6 2932/2932/6
f 2867/2867/7 2932/2932/7 2933/2933/7
f 2868/2868/7 2867/2867/7 2933/2933/7
f 2868/2868/9 2933/2933/9 2934/2934/9
f 2869/2869/9 2868/2868/9 2934/2934/9
f 2869/2869/10 2934/2934/10 2935/2935/10
f 2870/2870/10 2869/2869/10 2935/2935/10
f 2870/2870/11 2935/2935/11 2936/2936/11
f 2871/2871/11 2870/2870/11 2936/2936/11
f 2871/2871/12 2936/2936/12 2937/2937/12
f 2872/2872/12 2871/2871/12 2937/2937/12
f 2872/2872/13 2937/2937/13 2938/2938/13
f 2873/2873/13 2872/2872/13 2938/2938/13
f 2873/2873/14 2938/2938/14 2939/2939/14
f 2874/2874/14 2873/2873/14 2939/2939/14
f 2874/2874/15 2939/2939/15 2940/2940/15
f 2875/2875/15 2874/2874/15 2940/2940/15
f 2875/2875/16 2940/2940/16 2941/2941/16
f 2876/2876/16 2875/2875/16 2941/2941/16
f 2876/2876/17 2941/2941/17 2942/2942/17
f 2877/2877/17 2876/2876/17 2942/2942/17
f 2877/2877/18 2942/2942/18 2943/2943/18
f 2878/2878/18 2877/2877/18 2943/2943/18
f 2878/2878/19 2943/2943/19 2944/2944/19
f 2879/2879/19 2878/2878/19 2944/2944/19
f 2879/2879/20 2944/2944/20 2945/2945/20
f 2880/2880/20 2879/2879/20 2945/2945/20
f 2880/2880/21 2945/2945/21 2946/2946/21
f 2881/2881/21 2880/2880/21 2946/2946/21
f 2881/2881/22 2946/2946/22 2947/2947/22
f 2882/2882/22 2881/2881/22 2947/2947/22
f 2882/2882/23 2947/2947/23 2948/2948/23
f 2883/2883/23 2882/2882/23 2948/2948/23
f 2883/2883/24 2948/2948/24 2949/2949/24
f 2884/2884/24 2883/2883/24 2949/2949/24
f 2884/2884/25 2949/2949/25 2950/2950/25
f 2885/2885/25 2884/2884/25 2950/2950/25
f 2885/2885/27 2950/2950/27 2951/2951/27
f 2886/2886/27 2885/2885/27 2951/2951/27
f 2886/2886/28 2951/2951/28 2952/2952/28
f 2887/2887/28 2886/2886/28 2952/2952/28
f 2887/2887/29 2952/2952/29 2953/2953/29
f 2888/2888/29 2887/2887/29 2953/2953/29
f 2888/2888/30 2953/2953/30 2954/2954/30
f 2889/2889/30 2888/2888/30 2954/2954/30
f 2889/2889/31 2954/2954/31 2955/2955/31
f 2890/2890/31 2889/2889/31 2955/2955/31
f 2890/2890/32 2955/2955/32 2956/2956/32
f 2891/2891/32 2890/2890/32 2956/2956/32
f 2891/2891/33 2956/2956/33 2957/2957/33
f 2892/2892/33 2891/2891/33 2957/2957/33
f 2892/2892/34 2957/2957/34 2958/2958/34
f 2893/2893/34 2892/2892/34 2958/2958/34
f 2893/2893/35 2958/2958/35 2959/2959/35
f 2894/2894/35 2893/2893/35 2959/2959/35
f 2894/2894/36 2959/2959/36 2960/2960/36
f 2895/2895/36 2894/2894/36 2960/2960/36
f 2895/2895/37 2960/2960/37 2961/2961/37
f 2896/2896/37 2895/2895/37 2961/2961/37
f 2896/2896/38 2961/2961/38 2962/2962/38
f 2897/2897/38 2896/2896/38 2962/2962/38
f 2897/2897/39 2962/2962/39 2963/2963/39
f 2898/2898/39 2897/2897/39 2963/2963/39
f 2898/2898/40 2963/2963/40 2964/2964/40
f 2899/2899/40 2898/2898/40 2964/2964/40
f 2899/2899/41 2964/2964/41 2965/2965/41
f 2900/2900/41 2899/2899/41 2965/2965/41
f 2900/2900/43 2965/2965/43 2966/2966/43
f 2901/2901/43 2900/2900/43 2966/2966/43
f 2901/2901/44 2966/2966/44 2967/2967/44
f 2902/2902/44 2901/2901/44 2967/2967/44
f 2902/2902/45 2967/2967/45 2968/2968/45
f 2903/2903/45 2902/2902/45 2968/2968/45
f 2903/2903/46 2968/2968/46 2969/2969/46
f 2904/2904/46 2903/2903/46 2969/2969/46
f 2904/2904/47 2969/2969/47 2970/2970/47
f 2905/2905/47 2904/2904/47 2970/2970/47
f 2905/2905/48 2970/2970/48 2971/2971/48
f 2906/2906/48 2905/2905/48 2971/2971/48
f 2906/2906/49 2971/2971/49 2972/2972/49
f 2907/2907/49 2906/2906/49 2972/2972/49
f 2907/2907/50 2972/2972/50 2973/2973/50
f 2908/2908/50 2907/2907/50 2973/2973/50
f 2908/2908/51 2973/2973/51 2974/2974/51
f 2909/2909/51 2908/2908/51 2974/2974/51
f 2909/2909/52 2974/2974/52 2975/2975/52
f 2910/2910/52 2909/2909/52 2975/2975/52
f 2910/2910/53 2975/2975/53 2976/2976/53
f 2911/2911/53 2910/2910/53 2976/2976/53
f 2911/2911/54 2976/2976/54 2977/2977/54
f 2912/2912/54 2911/2911/54 2977/2977/54
f 2912/2912/55 2977/2977/55 2978/2978/55
f 2913/2913/55 2912/2912/55 2978/2978/55
f 2913/2913/56 2978/2978/56 2979/2979/56
f 2914/2914/56 2913/2913/56 2979/2979/56
f 2914/2914/57 2979/2979/57 2980/2980/57
f 2915/2915/57 2914/2914/57 2980/2980/57
f 2915/2915/58 2980/2980/58 2981/2981/58
f 2916/2916/58 2915/2915/58 2981/2981/58
f 2916/2916/59 2981/2981/59 2982/2982/59
f 2917/2917/59 2916/2916/59 2982/2982/59
f 2917/2917/60 2982/2982/60 2983/2983/60
f 2918/2918/60 2917/2917/60 2983/2983/60
f 2918/2918/61 2983/2983/61 2984/2984/61
f 2919/2919/61 2918/2918/61 2984/2984/61
f 2919/2919/62 2984/2984/62 2985/2985/62
f 2920/2920/62 2919/2919/62 2985/2985/62
f 2920/2920/63 2985/2985/63 2986/2986/63
f 2921/2921/63 2920/2920/63 2986/2986/63
f 2921/2921/64 2986/2986/64 2987/2987/64
f 2922/2922/64 2921/2921/64 2987/2987/64
f 2922/2922/65 2987/2987/65 2988/2988/65
f 2923/2923/65 2922/2922/65 2988/2988/65
f 2923/2923/66 2988/2988/66 2989/2989/66
f 2924/2924/66 2923/2923/66 2989/2989/66
f 2924/2924/67 2989/2989/67 2990/2990/67
f 2925/2925/67 2924/2924/67 2990/2990/67
f 2926/2926/1 2991/2991/1 2992/2992/1
f 2927/2927/1 2926/2926/1 2992/2992/1
f 2927/2927/2 2992/2992/2 2993/2993/2
f 2928/2928/2 2927/2927/2 2993/2993/2
f 2928/2928/3 2993/2993/3 2994/2994/3
f 2929/2929/3 2928/2928/3 2994/2994/3
f 2929/2929/4 2994/2994/4 2995/2995/4
f 2930/2930/4 2929/2929/4 2995/2995/4
f 2930/2930/5 2995/2995/5 2996/2996/5
f 2931/2931/5 2930/2930/5 2996/2996/5
f 2931/2931/6 2996/2996/6 2997/2997/6
f 2932/2932/6 2931/2931/6 2997/2997/6
f 2932/2932/7 2997/2997/7 2998/2998/7
f 2933/2933/7 2932/2932/7 2998/2998/7
f 2933/2933/9 2998/2998/9 2999/2999/9
f 2934/2934/9 2933/2933/9 2999/2999/9
f 2934/2934/10 2999/2999/10 3000/3000/10
f 2935/2935/10 2934/2934/10 3000/3000/10
f 2935/2935/11 3000/3000/11 3001/3001/11
f 2936/2936/11 2935/2935/11 3001/3001/11
f 2936/2936/12 3001/3001/12 3002/3002/12
f 2937/2937/12 2936/2936/12 3002/3002/12
f 2937/2937/13 3002/3002/13 3003/3003/13
f 2938/2938/13 2937/2937/13 3003/3003/13
f 2938/2938/14 3003/3003/14 3004/3004/14
f 2939/2939/14 2938/2938/14 3004/3004/14
f 2939/2939/15 3004/3004/15 3005/3005/15
f 2940/2940/15 2939/2939/15 3005/3005/15
f 2940/2940/16 3005/3005/16 3006/3006/16
f 2941/2941/16 2940/2940/16 3006/3006/16
f 2941/2941/17 3006/3006/17 3007/3007/17
f 2942/2942/17 2941/2941/17 3007/3007/17
f 2942/2942/18 3007/3007/18 3008/3008/18
f 2943/2943/18 2942/2942/18 3008/3008/18
f 2943/2943/19 3008/3008/19 3009/3009/19
f 2944/2944/19 2943/2943/19 3009/3009/19
f 2944/2944/20 3009/3009/20 3010/3010/20
f 2945/2945/20 2944/2944/20 3010/3010/20
f 2945/2945/21 3010/3010/21 3011/3011/21
f 2946/2946/21 2945/2945/21 3011/3011/21
f 2946/2946/22 3011/3011/22 3012/3012/22
f 2947/2947/22 2946/2946/22 3012/3012/22
f 2947/2947/23 3012/3012/23 3013/3013/23
f 2948/2948/23 2947/2947/23 3013/3013/23
f 2948/2948/24 3013/3013/24 3014/3014/24
f 2949/2949/24 2948/2948/24 3014/3014/24
f 2949/2949/25 3014/3014/25 3015/3015/25
f 2950/2950/25 2949/2949/25 3015/3015/25
f 2950/2950/27 3015/3015/27 3016/3016/27
f 2951/2951/27 2950/2950/27 3016/3016/27
f 2951/2951/28 3016/3016/28 3017/3017/28
f 2952/2952/28 2951/2951/28 3017/3017/28
f 2952/2952/29 3017/3017/29 3018/3018/29
f 2953/2953/29 2952/2952/29 3018/3018/29
f 2953/2953/30 3018/3018/30 3019/3019/30
f 2954/2954/30 2953/2953/30 3019/3019/30
f 2954/2954/31 3019/3019/31 3020/3020/31
f 2955/2955/31 2954/2954/31 3020/3020/31
f 2955/2955/32 3020/3020/32 3021/3021/32
f 2956/2956/32 2955/2955/32 3021/3021/32
f 2956/2956/33 3021/3021/33 3022/3022/33
f 2957/2957/33 2956/2956/33 3022/3022/33
f 2957/2957/34 3022/3022/34 3023/3023/34
f 2958/2958/34 2957/2957/34 3023/3023/34
f 2958/2958/35 3023/3023/35 3024/3024/35
f 2959/2959/35 2958/2958/35 3024/3024/35
f 2959/2959/36 3024/3024/36 3025/3025/36
f 2960/2960/36 2959/2959/36 3025/3025/36
f 2960/2960/37 3025/3025/37 3026/3026/37
f 2961/2961/37 2960/2960/37 3026/3026/37
f 2961/2961/38 3026/3026/38 3027/3027/38
f 2962/2962/38 2961/2961/38 3027/3027/38
f 2962/2962/39 3027/3027/39 3028/3028/39
f 2963/2963/39 2962/2962/39 3028/3028/39
f 2963/2963/40 3028/3028/40 3029/3029/40
f 2964/2964/40 2963/2963/40 3029/3029/40
f 2964/2964/41 3029/3029/41 3030/3030/41
f 2965/2965/41 2964/2964/41 3030/3030/41
f 2965/2965/43 3030/3030/43 3031/3031/43
f 2966/2966/43 2965/2965/43 3031/3031/43
f 2966/2966/44 3031/3031/44 3032/3032/44
f 2967/2967/44 2966/2966/44 3032/3032/44
f 2967/2967/45 3032/3032/45 3033/3033/45
f 2968/2968/45 2967/2967/45 3033/3033/45
f 2968/2968/46 3033/3033/46 3034/3034/46
f 2969/2969/46 2968/2968/46 3034/3034/46
f 2969/2969/47 3034/3034/47 3035/3035/47
f 2970/2970/47 2969/2969/47 3035/3035/47
f 2970/2970/48 3035/3035/48 3036/3036/48
f 2971/2971/48 2970/2970/48 3036/3036/48
f 2971/2971/49 3036/3036/49 3037/3037/49
f 2972/2972/49 2971/2971/49 3037/3037/49
f 2972/2972/50 3037/3037/50 3038/3038/50
f 2973/2973/50 2972/2972/50 3038/3038/50
f 2973/2973/51 3038/3038/51 3039/3039/51
f 2974/2974/51 2973/2973/51 3039/3039/51
f 2974/2974/52 3039/3039/52 3040/3040/52
f 2975/2975/52 2974/2974/52 3040/3040/52
f 2975/2975/53 3040/3040/53 3041/3041/53
f 2976/2976/53 2975/2975/53 3041/3041/53
f 2976/2976/54 3041/3041/54 3042/3042/54
f 2977/2977/54 2976/2976/54 3042/3042/54
f 2977/2977/55 3042/3042/55 3043/3043/55
f 2978/2978/55 2977/2977/55 3043/3043/55
f 2978/2978/56 3043/3043/56 3044/3044/56
f 2979/2979/56 2978/2978/56 3044/3044/56
f 2979/2979/57 3044/3044/57 3045/3045/57
f 2980/2980/57 2979/2979/57 3045/3045/57
f 2980/2980/58 3045/3045/58 3046/3046/58
f 2981/2981/58 2980/2980/58 3046/3046/58
f 2981/2981/59 3046/3046/59 3047/3047/59
f 2982/2982/59 2981/2981/59 3047/3047/59
f 2982/2982/60 3047/3047/60 3048/3048/60
f 2983/2983/60 2982/2982/60 3048/3048/60
f 2983/2983/61 3048/3048/61 3049/3049/61
f 2984/2984/61 2983/2983/61 3049/3049/61
f 2984/2984/62 3049/3049/62 3050/3050/62
f 2985/2985/62 2984/2984/62 3050/3050/62
f 2985/2985/63 3050/3050/63 3051/3051/63
f 2986/2986/63 2985/2985/63 3051/3051/63
f 2986/2986/64 3051/3051/64 3052/3052/64
f 2987/2987/64 2986/2986/64 3052/3052/64
f 2987/2987/65 3052/3052/65 3053/3053/65
f 2988/2988/65 2987/2987/65 3053/3053/65
f 2988/2988/66 3053/3053/66 3054/3054/66
f 2989/2989/66 2988/2988/66 3054/3054/66
f 2989/2989/67 3054/3054/67 3055/3055/67
f 2990/2990/67 2989/2989/67 3055/3055/67
f 2991/2991/1 3056/3056/1 3057/3057/1
f 2992/2992/1 2991/2991/1 3057/3057/1
f 2992/2992/2 3057/3057/2 3058/3058/2
f 2993/2993/2 2992/2992/2 3058/3058/2
f 2993/2993/3 3058/3058/3 3059/3059/3
f 2994/2994/3 2993/2993/3 3059/3059/3
f 2994/2994/4 3059/3059/4 3060/3060/4
f 2995/2995/4 2994/2994/4 3060/3060/4
f 2995/2995/5 3060/3060/5 3061/3061/5
f 2996/2996/5 2995/2995/5 3061/3061/5
f 2996/2996/6 3061/3061/6 3062/3062/6
f 2997/2997/6 2996/2996/6 3062/3062/6
f 2997/2997/7 3062/3062/7 3063/3063/7
f 2998/2998/7 2997/2997/7 3063/3063/7
f 2998/2998/9 3063/3063/9 3064/3064/9
f 2999/2999/9 2998/2998/9 3064/3064/9
f 2999/2999/10 3064/3064/10 3065/3065/10
f 3000/3000/10 2999/2999/10 3065/3065/10
f 3000/3000/11 3065/3065/11 3066/3066/11
f 3001/3001/11 3000/3000/11 3066/3066/11
f 3001/3001/12 3066/3066/12 3067/3067/12
f 3002/3002/12 3001/3001/12 3067/3067/12
f 3002/3002/13 3067/3067/13 3068/3068/13
f 3003/3003/13 3002/3002/13 3068/3068/13
f 3003/3003/14 3068/3068/14 3069/3069/14
f 3004/3004/14 3003/3003/14 3069/3069/14
f 3004/3004/15 3069/3069/15 3070/3070/15
f 3005/3005/15 3004/3004/15 3070/3070/15
f 3005/3005/16 3070/3070/16 3071/3071/16
f 3006/3006/16 3005/3005/16 3071/3071/16
f 3006/3006/17 3071/3071/17 3072/3072/17
f 3007/3007/17 3006/3006/17 3072/3072/17
f 3007/3007/18 3072/3072/18 3073/3073/18
f 3008/3008/18 3007/3007/18 3073/3073/18
f 3008/3008/19 3073/3073/19 3074/3074/19
f 3009/3009/19 3008/3008/19 3074/3074/19
f 3009/3009/20 3074/3074/20 3075/3075/20
f 3010/3010/20 3009/3009/20 3075/3075/20
f 3010/3010/21 3075/3075/21 3076/3076/21
f 3011/3011/21 3010/3010/21 3076/3076/21
f 3011/3011/22 3076/3076/22 3077/3077/22
f 3012/3012/22 3011/3011/22 3077/3077/22
f 3012/3012/23 3077/3077/23 3078/3078/23
f 3013/3013/23 3012/3012/23 3078/3078/23
f 3013/3013/24 3078/3078/24 3079/3079/24
f 3014/3014/24 3013/3013/24 3079/3079/24
f 3014/3014/25 3079/3079/25 3080/3080/25
f 3015/3015/25 3014/3014/25 3080/3080/25
f 3015/3015/27 3080/3080/27 3081/3081/27
f 3016/3016/27 3015/3015/27 3081/3081/27
f 3016/3016/28 3081/3081/28 3082/3082/28
f 3017/3017/28 3016/3016/28 3082/3082/28
f 3017/3017/29 3082/3082/29 3083/3083/29
f 3018/3018/29 3017/3017/29 3083/3083/29
f 3018/3018/30 3083/3083/30 3084/3084/30
f 3019/3019/30 3018/3018/30 3084/3084/30
f 3019/3019/31 3084/3084/31 3085/3085/31
f 3020/3020/31 3019/3019/31 3085/3085/31
f 3020/3020/32 3085/3085/32 3086/3086/32
f 3021/3021/32 3020/3020/32 3086/3086/32
f 3021/3021/33 3086/3086/33 3087/3087/33
f 3022/3022/33 3021/3021/33 3087/3087/33
f 3022/3022/34 3087/3087/34 3088/3088/34
f 3023/3023/34 3022/3022/34 3088/3088/34
f 3023/3023/35 3088/3088/35 3089/3089/35
f 3024/3024/35 3023/3023/35 3089/3089/35
f 3024/3024/36 3089/3089/36 3090/3090/36
f 3025/3025/36 3024/3024/36 3090/3090/36
f 3025/3025/37 3090/3090/37 3091/3091/37
f 3026/3026/37 3025/3025/37 3091/3091/37
f 3026/3026/38 3091/3091/38 3092/3092/38
f 3027/3027/38 3026/3026/38 3092/3092/38
f 3027/3027/39 3092/3092/39 3093/3093/39
f 3028/3028/39 3027/3027/39 3093/3093/39
f 3028/3028/40 3093/3093/40 3094/3094/40
f 3029/3029/40 3028/3028/40 3094/3094/40
f 3029/3029/41 3094/3094/41 3095/3095/41
f 3030/3030/41 3029/3029/41 3095/3095/41
f 3030/3030/43 3095/3095/43 3096/3096/43
f 3031/3031/43 3030/3030/43 3096/3096/43
f 3031/3031/44 3096/3096/44 3097/3097/44
f 3032/3032/44 3031/3031/44 3097/3097/44
f 3032/3032/45 3097/3097/45 3098/3098/45
f 3033/3033/45 3032/3032/45 3098/3098/45
f 3033/3033/46 3098/3098/46 3099/3099/46
f 3034/3034/46 3033/3033/46 3099/3099/46
f 3034/3034/47 3099/3099/47 3100/3100/47
f 3035/3035/47 3034/3034/47 3100/3100/47
f 3035/3035/48 3100/3100/48 3101/3101/48
f 3036/3036/48 3035/3035/48 3101/3101/48
f 3036/3036/49 3101/3101/49 3102/3102/49
f 3037/3037/49 3036/3036/49 3102/3102/49
f 3037/3037/50 3102/3102/50 3103/3103/50
f 3038/3038/50 3037/3037/50 3103/3103/50
f 3038/3038/51 3103/3103/51 3104/3104/51
f 3039/3039/51 3038/3038/51 3104/3104/51
f 3039/3039/52 3104/3104/52 3105/3105/52
f 3040/3040/52 3039/3039/52 3105/3105/52
f 3040/3040/53 3105/3105/53 3106/3106/53
f 3041/3041/53 3040/3040/53 3106/3106/53
f 3041/3041/54 3106/3106/54 3107/3107/54
f 3042/3042/54 3041/3041/54 3107/3107/54
f 3042/3042/55 3107/3107/55 3108/3108/55
f 3043/3043/55 3042/3042/55 3108/3108/55
f 3043/3043/56 3108/3108/56 3109/3109/56
f 3044/3044/56 3043/3043/56 3109/3109/56
f 3044/3044/57 3109/3109/57 3110/3110/57
f 3045/3045/57 3044/3044/57 3110/3110/57
f 3045/3045/58 3110/3110/58 3111/3111/58
f 3046/3046/58 3045/3045/58 3111/3111/58
f 3046/3046/59 3111/3111/59 3112/3112/59
f 3047/3047/59 3046/3046/59 3112/3112/59
f 3047/3047/60 3112/3112/60 3113/3113/60
f 3048/3048/60 3047/3047/60 3113/3113/60
f 3048/3048/61 3113/3113/61 3114/3114/61
f 3049/3049/61 3048/3048/61 3114/3114/61
f 3049/3049/62 3114/3114/62 3115/3115/62
f 3050/3050/62 3049/3049/62 3115/3115/62
f 3050/3050/63 3115/3115/63 3116/3116/63
f 3051/3051/63 3050/3050/63 3116/3116/63
f 3051/3051/64 3116/3116/64 3117/3117/64
f 3052/3052/64 3051/3051/64 3117/3117/64
f 3052/3052/65 3117/3117/65 3118/3118/65
f 3053/3053/65 3052/3052/65 3118/3118/65
f 3053/3053/66 3118/3118/66 3119/3119/66
f 3054/3054/66 3053/3053/66 3119/3119/66
f 3054/3054/67 3119/3119/67 3120/3120/67
f 3055/3055/67 3054/3054/67 3120/3120/67
f 3056/3056/1 3121/3121/1 3122/3122/1
f 3057/3057/1 3056/3056/1 3122/3122/1
f 3057/3057/2 3122/3122/2 3123/3123/2
f 3058/3058/2 3057/3057/2 3123/3123/2
f 3058/3058/3 3123/3123/3 3124/3124/3
f 3059/3059/3 3058/3058/3 3124/3124/3
f 3059/3059/4 3124/3124/4 3125/3125/4
f 3060/3060/4 3059/3059/4 3125/3125/4
f 3060/3060/5 3125/3125/5 3126/3126/5
f 3061/3061/5 3060/3060/5 3126/3126/5
f 3061/3061/6 3126/3126/6 3127/3127/6
f 3062/3062/6 3061/3061/6 3127/3127/6
f 3062/3062/7 3127/3127/7 3128/3128/7
f 3063/3063/7 3062/3062/7 3128/3128/7
f 3063/3063/9 3128/3128/9 3129/3129/9
f 3064/3064/9 3063/3063/9 3129/3129/9
f 3064/3064/10 3129/3129/10 3130/3130/10
f 3065/3065/10 3064/3064/10 3130/3130/10
f 3065/3065/11 3130/3130/11 3131/3131/11
f 3066/3066/11 3065/3065/11 3131/3131/11
f 3066/3066/12 3131/3131/12 3132/3132/12
f 3067/3067/12 3066/3066/12 3132/3132/12
f 3067/3067/13 3132/3132/13 3133/3133/13
f 3068/3068/13 3067/3067/13 3133/3133/13
f 3068/3068/14 3133/3133/14 3134/3134/14
f 3069/3069/14 3068/3068/14 3134/3134/14
f 3069/3069/15 3134/3134/15 3135/3135/15
f 3070/3070/15 3069/3069/15 3135/3135/15
f 3070/3070/16 3135/3135/16 3136/3136/16
f 3071/3071/16 3070/3070/16 3136/3136/16
f 3071/3071/17 3136/3136/17 3137/3137/17
f 3072/3072/17 3071/3071/17 3137/3137/17
f 3072/3072/18 3137/3137/18 3138/3138/18
f 3073/3073/18 3072/3072/18 3138/3138/18
f 3073/3073/19 3138/3138/19 3139/3139/19
f 3074/3074/19 3073/3073/19 3139/3139/19
f 3074/3074/20 3139/3139/20 3140/3140/20
f 3075/3075/20 3074/3074/20 3140/3140/20
f 3075/3075/21 3140/3140/21 3141/3141/21
f 3076/3076/21 3075/3075/21 3141/3141/21
f 3076/3076/22 3141/3141/22 3142/3142/22
f 3077/3077/22 3076/3076/22 3142/3142/22
f 3077/3077/23 3142/3142/23 3143/3143/23
f 3078/3078/23 3077/3077/23 3143/3143/23
f 3078/3078/24 3143/3143/24 3144/3144/24
f 3079/3079/24 3078/3078/24 3144/3144/24
f 3079/3079/25 3144/3144/25 3145/3145/25
f 3080/3080/25 3079/3079/25 3145/3145/25
f 3080/3080/27 3145/3145/27 3146/3146/27
f 3081/3081/27 3080/3080/27 3146/3146/27
f 3081/3081/28 3146/3146/28 3147/3147/28
f 3082/3082/28 3081/3081/28 3147/3147/28
f 3082/3082/29 3147/3147/29 3148/3148/29
f 3083/3083/29 3082/3082/29 3148/3148/29
f 3083/3083/30 3148/3148/30 3149/3149/30
f 3084/3084/30 3083/3083/30 3149/3149/30
f 3084/3084/31 3149/3149/31 3150/3150/31
f 3085/3085/31 3084/3084/31 3150/3150/31
f 3085/3085/32 3150/3150/32 3151/3151/32
f 3086/3086/32 3085/3085/32 3151/3151/32
f 3086/3086/33 3151/3151/33 3152/3152/33
f 3087/3087/33 3086/3086/33 3152/3152/33
f 3087/3087/34 3152/3152/34 3153/3153/34
f 3088/3088/34 3087/3087/34 3153/3153/34
f 3088/3088/35 3153/3153/35 3154/3154/35
f 3089/3089/35 3088/3088/35 3154/3154/35
f 3089/3089/36 3154/3154/36 3155/3155/36
f 3090/3090/36 3089/3089/36 3155/3155/36
f 3090/3090/37 3155/3155/37 3156/3156/37
f 3091/3091/37 3090/3090/37 3156/3156/37
f 3091/3091/38 3156/3156/38 3157/3157/38
f 3092/3092/38 3091/3091/38 3157/3157/38
f 3092/3092/39 3157/3157/39 3158/3158/39
f 3093/3093/39 3092/3092/39 3158/3158/39
f 3093/3093/40 3158/3158/40 3159/3159/40
f 3094/3094/40 3093/3093/40 3159/3159/40
f 3094/3094/41 3159/3159/41 3160/3160/41
f 3095/3095/41 3094/3094/41 3160/3160/41
f 3095/3095/43 3160/3160/43 3161/3161/43
f 3096/3096/43 3095/3095/43 3161/3161/43
f 3096/3096/44 3161/3161/44 3162/3162/44
f 3097/3097/44 3096/3096/44 3162/3162/44
f 3097/3097/45 3162/3162/45 3163/3163/45
f 3098/3098/45 3097/3097/45 3163/3163/45
f 3098/3098/46 3163/3163/46 3164/3164/46
f 3099/3099/46 3098/3098/46 3164/3164/46
f 3099/3099/47 3164/3164/47 3165/3165/47
f 3100/3100/47 3099/3099/47 3165/3165/47
f 3100/3100/48 3165/3165/48 3166/3166/48
f 3101/3101/48 3100/3100/48 3166/3166/48
f 3101/3101/49 3166/3166/49 3167/3167/49
f 3102/3102/49 3101/3101/49 3167/3167/49
f 3102/3102/50 3167/3167/50 3168/3168/50
f 3103/3103/50 3102/3102/50 3168/3168/50
f 3103/3103/51 3168/3168/51 3169/3169/51
f 3104/3104/51 3103/3103/51 3169/3169/51
f 3104/3104/52 3169/3169/52 3170/3170/52
f 3105/3105/52 3104/3104/52 3170/3170/52
f 3105/3105/53 3170/3170/53 3171/3171/53
f 3106/3106/53 3105/3105/53 3171/3171/53
f 3106/3106/54 3171/3171/54 3172/3172/54
f 3107/3107/54 3106/3106/54 3172/3172/54
f 3107/3107/55 3172/3172/55 3173/3173/55
f 3108/3108/55 3107/3107/55 3173/3173/55
f 3108/3108/56 3173/3173/56 3174/3174/56
f 3109/3109/56 3108/3108/56 3174/3174/56
f 3109/3109/57 3174/3174/57 3175/3175/57
f 3110/3110/57 3109/3109/57 3175/3175/57
f 3110/3110/58 3175/3175/58 3176/3176/58
f 3111/3111/58 3110/3110/58 3176/3176/58
f 3111/3111/59 3176/3176/59 3177/3177/59
f 3112/3112/59 3111/3111/59 3177/3177/59
f 3112/3112/60 3177/3177/60 3178/3178/60
f 3113/3113/60 3112/3112/60 3178/3178/60
f 3113/3113/61 3178/3178/61 3179/3179/61
f 3114/3114/61 3113/3113/61 3179/3179/61
f 3114/3114/62 3179/3179/62 3180/3180/62
f 3115/3115/62 3114/3114/62 3180/3180/62
f 3115/3115/63 3180/3180/63 3181/3181/63
f 3116/3116/63 3115/3115/63 3181/3181/63
f 3116/3116/64 3181/3181/64 3182/3182/64
f 3117/3117/64 3116/3116/64 3182/3182/64
f 3117/3117/65 3182/3182/65 3183/3183/65
f 3118/3118/65 3117/3117/65 3183/3183/65
f 3118/3118/66 3183/3183/66 3184/3184/66
f 3119/3119/66 3118/3118/66 3184/3184/66
f 3119/3119/67 3184/3184/67 3185/3185/67
f 3120/3120/67 3119/3119/67 3185/3185/67
f 3121/3121/1 3186/3186/1 3187/3187/1
f 3122/3122/1 3121/3121/1 3187/3187/1
f 3122/3122/2 3187/3187/2 3188/3188/2
f 3123/3123/2 3122/3122/2 3188/3188/2
f 3123/3123/3 3188/3188/3 3189/3189/3
f 3124/3124/3 3123/3123/3 3189/3189/3
f 3124/3124/4 3189/3189/4 3190/3190/4
f 3125/3125/4 3124/3124/4 3190/3190/4
f 3125/3125/5 3190/3190/5 3191/3191/5
f 3126/3126/5 3125/3125/5 3191/3191/5
f 3126/3126/6 3191/3191/6 3192/3192/6
f 3127/3127/6 3126/3126/6 3192/3192/6
f 3127/3127/7 3192/3192/7 3193/3193/7
f 3128/3128/7 3127/3127/7 3193/3193/7
f 3128/3128/9 3193/3193/9 3194/3194/9
f 3129/3129/9 3128/3128/9 3194/3194/9
f 3129/3129/10 3194/3194/10 3195/3195/10
f 3130/3130/10 3129/3129/10 3195/3195/10
f 3130/3130/11 3195/3195/11 3196/3196/11
f 3131/3131/11 3130/3130/11 3196/3196/11
f 3131/3131/12 3196/3196/12 3197/3197/12
f 3132/3132/12 3131/3131/12 3197/3197/12
f 3132/3132/13 3197/3197/13 3198/3198/13
f 3133/3133/13 3132/3132/13 3198/3198/13
f 3133/3133/14 3198/3198/14 3199/3199/14
f 3134/3134/14 3133/3133/14 3199/3199/14
f 3134/3134/15 3199/3199/15 3200/3200/15
f 3135/3135/15 3134/3134/15 3200/3200/15
f 3135/3135/16 3200/3200/16 3201/3201/16
f 3136/3136/16 3135/3135/16 3201/3201/16
f 3136/3136/17 3201/3201/17 3202/3202/17
f 3137/3137/17 3136/3136/17 3202/3202/17
f 3137/3137/18 3202/3202/18 3203/3203/18
f 3138/3138/18 3137/3137/18 3203/3203/18
f 3138/3138/19 3203/3203/19 3204/3204/19
f 3139/3139/19 3138/3138/19 3204/3204/19
f 3139/3139/20 3204/3204/20 3205/3205/20
f 3140/3140/20 3139/3139/20 3205/3205/20
f 3140/3140/21 3205/3205/21 3206/3206/21
f 3141/3141/21 3140/3140/21 3206/3206/21
f 3141/3141/22 3206/3206/22 3207/3207/22
f 3142/3142/22 3141/3141/22 3207/3207/22
f 3142/3142/23 3207/3207/23 3208/3208/23
f 3143/3143/23 3142/3142/23 3208/3208/23
f 3143/3143/24 3208/3208/24 3209/3209/24
f 3144/3144/24 3143/3143/24 3209/3209/24
f 3144/3144/25 3209/3209/25 3210/3210/25
f 3145/3145/25 3144/3144/25 3210/3210/25
f 3145/3145/27 3210/3210/27 3211/3211/27
f 3146/3146/27 3145/3145/27 3211/3211/27
f 3146/3146/28 3211/3211/28 3212/3212/28
f 3147/3147/28 3146/3146/28 3212/3212/28
f 3147/3147/29 3212/3212/29 3213/3213/29
f 3148/3148/29 3147/3147/29 3213/3213/29
f 3148/3148/30 3213/3213/30 3214/3214/30
f 3149/3149/30 3148/3148/30 3214/3214/30
f 3149/3149/31 3214/3214/31 3215/3215/31
f 3150/3150/31 3149/3149/31 3215/3215/31
f 3150/3150/32 3215/3215/32 3216/3216/32
f 3151/3151/32 3150/3150/32 3216/3216/32
f 3151/3151/33 3216/3216/33 3217/3217/33
f 3152/3152/33 3151/3151/33 3217/3217/33
f 3152/3152/34 3217/3217/34 3218/3218/34
f 3153/3153/34 3152/3152/34 3218/3218/34
f 3153/3153/35 3218/3218/35 3219/3219/35
f 3154/3154/35 3153/3153/35 3219/3219/35
f 3154/3154/36 3219/3219/36 3220/3220/36
f 3155/3155/36 3154/3154/36 3220/3220/36
f 3155/3155/37 3220/3220/37 3221/3221/37
f 3156/3156/37 3155/3155/37 3221/3221/37
f 3156/3156/38 3221/3221/38 3222/3222/38
f 3157/3157/38 3156/3156/38 3222/3222/38
f 3157/3157/39 3222/3222/39 3223/3223/39
f 3158/3158/39 3157/3157/39 3223/3223/39
f 3158/3158/40 3223/3223/40 3224/3224/40
f 3159/3159/40 3158/3158/40 3224/3224/40
f 3159/3159/41 3224/3224/41 3225/3225/41
f 3160/3160/41 3159/3159/41 3225/3225/41
f 3160/3160/43 3225/3225/43 3226/3226/43
f 3161/3161/43 3160/3160/43 3226/3226/43
f 3161/3161/44 3226/3226/44 3227/3227/44
f 3162/3162/44 3161/3161/44 3227/3227/44
f 3162/3162/45 3227/3227/45 3228/3228/45
f 3163/3163/45 3162/3162/45 3228/3228/45
f 3163/3163/46 3228/3228/46 3229/3229/46
f 3164/3164/46 3163/3163/46 3229/3229/46
f 3164/3164/47 3229/3229/47 3230/3230/47
f 3165/3165/47 3164/3164/47 3230/3230/47
f 3165/3165/48 3230/3230/48 3231/3231/48
f 3166/3166/48 3165/3165/48 3231/3231/48
f 3166/3166/49 3231/3231/49 3232/3232/49
f 3167/3167/49 3166/3166/49 3232/3232/49
f 3167/3167/50 3232/3232/50 3233/3233/50
f 3168/3168/50 3167/3167/50 3233/3233/50
f 3168/3168/51 3233/3233/51 3234/3234/51
f 3169/3169/51 3168/3168/51 3234/3234/51
f 3169/3169/52 3234/3234/52 3235/3235/52
f 3170/3170/52 3169/3169/52 3235/3235/52
f 3170/3170/53 3235/3235/53 3236/3236/53
f 3171/3171/53 3170/3170/53 3236/3236/53
f 3171/3171/54 3236/3236/54 3237/3237/54
f 3172/3172/54 3171/3171/54 3237/3237/54
f 3172/3172/55 3237/3237/55 3238/3238/55
f 3173/3173/55 3172/3172/55 3238/3238/55
f 3173/3173/56 3238/3238/56 3239/3239/56
f 3174/3174/56 3173/3173/56 3239/3239/56
f 3174/3174/57 3239/3239/57 3240/3240/57
f 3175/3175/57 3174/3174/57 3240/3240/57
f 3175/3175/58 3240/3240/58 3241/3241/58
f 3176/3176/58 3175/3175/58 3241/3241/58
f 3176/3176/59 3241/3241/59 3242/3242/59
f 3177/3177/59 3176/3176/59 3242/3242/59
f 3177/3177/60 3242/3242/60 3243/3243/60
f 3178/3178/60 3177/3177/60 3243/3243/60
f 3178/3178/61 3243/3243/61 3244/3244/61
f 3179/3179/61 3178/3178/61 3244/3244/61
f 3179/3179/62 3244/3244/62 3245/3245/62
f 3180/3180/62 3179/3179/62 3245/3245/62
f 3180/3180/63 3245/3245/63 3246/3246/63
f 3181/3181/63 3180/3180/63 3246/3246/63
f 3181/3181/64 3246/3246/64 3247/3247/64
f 3182/3182/64 3181/3181/64 3247/3247/64
f 3182/3182/65 3247/3247/65 3248/3248/65
f 3183/3183/65 3182/3182/65 3248/3248/65
f 3183/3183/66 3248/3248/66 3249/3249/66
f 3184/3184/66 3183/3183/66 3249/3249/66
f 3184/3184/67 3249/3249/67 3250/3250/67
f 3185/3185/67 3184/3184/67 3250/3250/67
f 3186/3186/1 3251/3251/1 3252/3252/1
f 3187/3187/1 3186/3186/1 3252/3252/1
f 3187/3187/2 3252/3252/2 3253/3253/2
f 3188/3188/2 3187/3187/2 3253/3253/2
f 3188/3188/3 3253/3253/3 3254/3254/3
f 3189/3189/3 3188/3188/3 3254/3254/3
f 3189/3189/4 3254/3254/4 3255/3255/4
f 3190/3190/4 3189/3189/4 3255/3255/4
f 3190/3190/5 3255/3255/5 3256/3256/5
f 3191/3191/5 3190/3190/5 3256/3256/5
f 3191/3191/6 3256/3256/6 3257/3257/6
f 3192/3192/6 3191/3191/6 3257/3257/6
f 3192/3192/7 3257/3257/7 3258/3258/7
f 3193/3193/7 3192/3192/7 3258/3258/7
f 3193/3193/9 3258/3258/9 3259/3259/9
f 3194/3194/9 3193/3193/9 3259/3259/9
f 3194/3194/10 3259/3259/10 3260/3260/10
f 3195/3195/10 3194/3194/10 3260/3260/10
f 3195/3195/11 3260/3260/11 3261/3261/11
f 3196/3196/11 3195/3195/11 3261/3261/11
f 3196/3196/12 3261/3261/12 3262/3262/12
f 3197/3197/12 3196/3196/12 3262/3262/12
f 3197/3197/13 3262/3262/13 3263/3263/13
f 3198/3198/13 3197/3197/13 3263/3263/13
f 3198/3198/14 3263/3263/14 3264/3264/14
f 3199/3199/14 3198/3198/14 3264/3264/14
f 3199/3199/15 3264/3264/15 3265/3265/15
f 3200/3200/15 3199/3199/15 3265/3265/15
f 3200/3200/16 3265/3265/16 3266/3266/16
f 3201/3201/16 3200/3200/16 3266/3266/16
f 3201/3201/17 3266/3266/17 3267/3267/17
f 3202/3202/17 3201/3201/17 3267/3267/17
f 3202/3202/18 3267/3267/18 3268/3268/18
f 3203/3203/18 3202/3202/18 3268/3268/18
f 3203/3203/19 3268/3268/19 3269/3269/19
f 3204/3204/19 3203/3203/19 3269/3269/19
f 3204/3204/20 3269/3269/20 3270/3270/20
f 3205/3205/20 3204/3204/20 3270/3270/20
f 3205/3205/21 3270/3270/21 3271/3271/21
f 3206/3206/21 3205/3205/21 3271/3271/21
f 3206/3206/22 3271/3271/22 3272/3272/22
f 3207/3207/22 3206/3206/22 3272/3272/22
f 3207/3207/23 3272/3272/23 3273/3273/23
f 3208/3208/23 3207/3207/23 3273/3273/23
f 3208/3208/24 3273/3273/24 3274/3274/24
f 3209/3209/24 3208/3208/24 3274/3274/24
f 3209/3209/25 3274/3274/25 3275/3275/25
f 3210/3210/25 3209/3209/25 3275/3275/25
f 3210/3210/27 3275/3275/27 3276/3276/27
f 3211/3211/27 3210/3210/27 3276/3276/27
f 3211/3211/28 3276/3276/28 3277/3277/28
f 3212/3212/28 3211/3211/28 3277/3277/28
f 3212/3212/29 3277/3277/29 3278/3278/29
f 3213/3213/29 3212/3212/29 3278/3278/29
f 3213/3213/30 3278/3278/30 3279/3279/30
f 3214/3214/30 3213/3213/30 3279/3279/30
f 3214/3214/31 3279/3279/31 3280/3280/31
f 3215/3215/31 3214/3214/31 3280/3280/31
f 3215/3215/32 3280/3280/32 3281/3281/32
f 3216/3216/32 3215/3215/32 3281/3281/32
f 3216/3216/33 3281/3281/33 3282/3282/33
f 3217/3217/33 3216/3216/33 3282/3282/33
f 3217/3217/34 3282/3282/34 3283/3283/34
f 3218/3218/34 3217/3217/34 3283/3283/34
f 3218/3218/35 3283/3283/35 3284/3284/35
f 3219/3219/35 3218/3218/35 3284/3284/35
f 3219/3219/36 3284/3284/36 3285/3285/36
f 3220/3220/36 3219/3219/36 3285/3285/36
f 3220/3220/37 3285/3285/37 3286/3286/37
f 3221/3221/37 3220/3220/37 3286/3286/37
f 3221/3221/38 3286/3286/38 3287/3287/38
f 3222/3222/38 3221/3221/38 3287/3287/38
f 3222/3222/39 3287/3287/39 3288/3288/39
f 3223/3223/39 3222/3222/39 3288/3288/39
f 3223/3223/40 3288/3288/40 3289/3289/40
f 3224/3224/40 3223/3223/40 3289/3289/40
f 3224/3224/41 3289/3289/41 3290/3290/41
f 3225/3225/41 3224/3224/41 3290/3290/41
f 3225/3225/43 3290/3290/43 3291/3291/43
f 3226/3226/43 3225/3225/43 3291/3291/43
f 3226/3226/44 3291/3291/44 3292/3292/44
f 3227/3227/44 3226/3226/44 3292/3292/44
f 3227/3227/45 3292/3292/45 3293/3293/45
f 3228/3228/45 3227/3227/45 3293/3293/45
f 3228/3228/46 3293/3293/46 3294/3294/46
f 3229/3229/46 3228/3228/46 3294/3294/46
f 3229/3229/47 3294/3294/47 3295/3295/47
f 3230/3230/47 3229/3229/47 3295/3295/47
f 3230/3230/48 3295/3295/48 3296/3296/48
f 3231/3231/48 3230/3230/48 3296/3296/48
f 3231/3231/49 3296/3296/49 3297/3297/49
f 3232/3232/49 3231/3231/49 3297/3297/49
f 3232/3232/50 3297/3297/50 3298/3298/50
f 3233/3233/50 3232/3232/50 3298/3298/50
f 3233/3233/51 3298/3298/51 3299/3299/51
f 3234/3234/51 3233/3233/51 3299/3299/51
f 3234/3234/52 3299/3299/52 3300/3300/52
f 3235/3235/52 3234/3234/52 3300/3300/52
f 3235/3235/53 3300/3300/53 3301/3301/53
f 3236/3236/53 3235/3235/53 3301/3301/53
f 3236/3236/54 3301/3301/54 3302/3302/54
f 3237/3237/54 3236/3236/54 3302/3302/54
f 3237/3237/55 3302/3302/55 3303/3303/55
f 3238/3238/55 3237/3237/55 3303/3303/55
f 3238/3238/56 3303/3303/56 3304/3304/56
f 3239/3239/56 3238/3238/56 3304/3304/56
f 3239/3239/57 3304/3304/57 3305/3305/57
f 3240/3240/57 3239/3239/57 3305/3305/57
f 3240/3240/58 3305/3305/58 3306/3306/58
f 3241/3241/58 3240/3240/58 3306/3306/58
f 3241/3241/59 3306/3306/59 3307/3307/59
f 3242/3242/59 3241/3241/59 3307/3307/59
f 3242/3242/60 3307/3307/60 3308/3308/60
f 3243/3243/60 3242/3242/60 3308/3308/60
f 3243/3243/61 3308/3308/61 3309/3309/61
f 3244/3244/61 3243/3243/61 3309/3309/61
f 3244/3244/62 3309/3309/62 3310/3310/62
f 3245/3245/62 3244/3244/62 3310/3310/62
f 3245/3245/63 3310/3310/63 3311/3311/63
f 3246/3246/63 3245/3245/63 3311/3311/63
f 3246/3246/64 3311/3311/64 3312/3312/64
f 3247/3247/64 3246/3246/64 3312/3312/64
f 3247/3247/65 3312/3312/65 3313/3313/65
f 3248/3248/65 3247/3247/65 3313/3313/65
f 3248/3248/66 3313/3313/66 3314/3314/66
f 3249/3249/66 3248/3248/66 3314/3314/66
f 3249/3249/67 3314/3314/67 3315/3315/67
f 3250/3250/67 3249/3249/67 3315/3315/67
f 3251/3251/1 3316/3316/1 3317/3317/1
f 3252/3252/1 3251/3251/1 3317/3317/1
f 3252/3252/2 3317/3317/2 3318/3318/2
f 3253/3253/2 3252/3252/2 3318/3318/2
f 3253/3253/3 3318/3318/3 3319/3319/3
f 3254/3254/3 3253/3253/3 3319/3319/3
f 3254/3254/4 3319/3319/4 3320/3320/4
f 3255/3255/4 3254/3254/4 3320/3320/4
f 3255/3255/5 3320/3320/5 3321/3321/5
f 3256/3256/5 3255/3255/5 3321/3321/5
f 3256/3256/6 3321/3321/6 3322/3322/6
f 3257/3257/6 3256/3256/6 3322/3322/6
f 3257/3257/7 3322/3322/7 3323/3323/7
f 3258/3258/7 3257/3257/7 3323/3323/7
f 3258/3258/9 3323/3323/9 3324/3324/9
f 3259/3259/9 3258/3258/9 3324/3324/9
f 3259/3259/10 3324/3324/10 3325/3325/10
f 3260/3260/10 3259/3259/10 3325/3325/10
f 3260/3260/11 3325/3325/11 3326/3326/11
f 3261/3261/11 3260/3260/11 3326/3326/11
f 3261/3261/12 3326/3326/12 3327/3327/12
f 3262/3262/12 3261/3261/12 3327/3327/12
f 3262/3262/13 3327/3327/13 3328/3328/13
f 3263/3263/13 3262/3262/13 3328/3328/13
f 3263/3263/14 3328/3328/14 3329/3329/14
f 3264/3264/14 3263/3263/14 3329/3329/14
f 3264/3264/15 3329/3329/15 3330/3330/15
f 3265/3265/15 3264/3264/15 3330/3330/15
f 3265/3265/16 3330/3330/16 3331/3331/16
f 3266/3266/16 3265/3265/16 3331/3331/16
f 3266/3266/17 3331/3331/17 3332/3332/17
f 3267/3267/17 3266/3266/17 3332/3332/17
f 3267/3267/18 3332/3332/18 3333/3333/18
f 3268/3268/18 3267/3267/18 3333/3333/18
f 3268/3268/19 3333/3333/19 3334/3334/19
f 3269/3269/19 3268/3268/19 3334/3334/19
f 3269/3269/20 3334/3334/20 3335/3335/20
f 3270/3270/20 3269/3269/20 3335/3335/20
f 3270/3270/21 3335/3335/21 3336/3336/21
f 3271/3271/21 3270/3270/21 3336/3336/21
f 3271/3271/22 3336/3336/22 3337/3337/22
f 3272/3272/22 3271/3271/22 3337/3337/22
f 3272/3272/23 3337/3337/23 3338/3338/23
f 3273/3273/23 3272/3272/23 3338/3338/23
f 3273/3273/24 3338/3338/24 3339/3339/24
f 3274/3274/24 3273/3273/24 3339/3339/24
f 3274/3274/25 3339/3339/25 3340/3340/25
f 3275/3275/25 3274/3274/25 3340/3340/25
f 3275/3275/27 3340/3340/27 3341/3341/27
f 3276/3276/27 3275/3275/27 3341/3341/27
f 3276/3276/28 3341/3341/28 3342/3342/28
f 3277/3277/28 3276/3276/28 3342/3342/28
f 3277/3277/29 3342/3342/29 3343/3343/29
f 3278/3278/29 3277/3277/29 3343/3343/29
f 3278/3278/30 3343/3343/30 3344/3344/30
f 3279/3279/30 3278/3278/30 3344/3344/30
f 3279/3279/31 3344/3344/31 3345/3345/31
f 3280/3280/31 3279/3279/31 3345/3345/31
f 3280/3280/32 3345/3345/32 3346/3346/32
f 3281/3281/32 3280/3280/32 3346/3346/32
f 3281/3281/33 3346/3346/33 3347/3347/33
f 3282/3282/33 3281/3281/33 3347/3347/33
f 3282/3282/34 3347/3347/34 3348/3348/34
f 3283/3283/34 3282/3282/34 3348/3348/34
f 3283/3283/35 3348/3348/35 3349/3349/35
f 3284/3284/35 3283/3283/35 3349/3349/35
f 3284/3284/36 3349/3349/36 3350/3350/36
f 3285/3285/36 3284/3284/36 3350/3350/36
f 3285/3285/37 3350/3350/37 3351/3351/37
f 3286/3286/37 3285/3285/37 3351/3351/37
f 3286/3286/38 3351/3351/38 3352/3352/38
f 3287/3287/38 3286/3286/38 3352/3352/38
f 3287/3287/39 3352/3352/39 3353/3353/39
f 3288/3288/39 3287/3287/39 3353/3353/39
f 3288/3288/40 3353/3353/40 3354/3354/40
f 3289/3289/40 3288/3288/40 3354/3354/40
f 3289/3289/41 3354/3354/41 3355/3355/41
f 3290/3290/41 3289/3289/41 3355/3355/41
f 3290/3290/43 3355/3355/43 3356/3356/43
f 3291/3291/43 3290/3290/43 3356/3356/43
f 3291/3291/44 3356/3356/44 3357/3357/44
f 3292/3292/44 3291/3291/44 3357/3357/44
f 3292/3292/45 3357/3357/45 3358/3358/45
f 3293/3293/45 3292/3292/45 3358/3358/45
f 3293/3293/46 3358/3358/46 3359/3359/46
f 3294/3294/46 3293/3293/46 3359/3359/46
f 3294/3294/47 3359/3359/47 3360/3360/47
f 3295/3295/47 3294/3294/47 3360/3360/47
f 3295/3295/48 3360/3360/48 3361/3361/48
f 3296/3296/48 3295/3295/48 3361/3361/48
f 3296/3296/49 3361/3361/49 3362/3362/49
f 3297/3297/49 3296/3296/49 3362/3362/49
f 3297/3297/50 3362/3362/50 3363/3363/50
f 3298/3298/50 3297/3297/50 3363/3363/50
f 3298/3298/51 3363/3363/51 3364/3364/51
f 3299/3299/51 3298/3298/51 3364/3364/51
f 3299/3299/52 3364/3364/52 3365/3365/52
f 3300/3300/52 3299/3299/52 3365/3365/52
f 3300/3300/53 3365/3365/53 3366/3366/53
f 3301/3301/53 3300/3300/53 3366/3366/53
f 3301/3301/54 3366/3366/54 3367/3367/54
f 3302/3302/54 3301/3301/54 3367/3367/54
f 3302/3302/55 3367/3367/55 3368/3368/55
f 3303/3303/55 3302/3302/55 3368/3368/55
f 3303/3303/56 3368/3368/56 3369/3369/56
f 3304/3304/56 3303/3303/56 3369/3369/56
f 3304/3304/57 3369/3369/57 3370/3370/57
f 3305/3305/57 3304/3304/57 3370/3370/57
f 3305/3305/58 3370/3370/58 3371/3371/58
f 3306/3306/58 3305/3305/58 3371/3371/58
f 3306/3306/59 3371/3371/59 3372/3372/59
f 3307/3307/59 3306/3306/59 3372/3372/59
f 3307/3307/60 3372/3372/60 3373/3373/60
f 3308/3308/60 3307/3307/60 3373/3373/60
f 3308/3308/61 3373/3373/61 3374/3374/61
f 3309/3309/61 3308/3308/61 3374/3374/61
f 3309/3309/62 3374/3374/62 3375/3375/62
f 3310/3310/62 3309/3309/62 3375/3375/62
f 3310/3310/63 3375/3375/63 3376/3376/63
f 3311/3311/63 3310/3310/63 3376/3376/63
f 3311/3311/64 3376/3376/64 3377/3377/64
f 3312/3312/64 3311/3311/64 3377/3377/64
f 3312/3312/65 3377/3377/65 3378/3378/65
f 3313/3313/65 3312/3312/65 3378/3378/65
f 3313/3313/66 3378/3378/66 3379/3379/66
f 3314/3314/66 3313/3313/66 3379/3379/66
f 3314/3314/67 3379/3379/67 3380/3380/67
f 3315/3315/67 3314/3314/67 3380/3380/67
f 3316/3316/1 3381/3381/1 3382/3382/1
f 3317/3317/1 3316/3316/1 3382/3382/1
f 3317/3317/2 3382/3382/2 3383/3383/2
f 3318/3318/2 3317/3317/2 3383/3383/2
f 3318/3318/3 3383/3383/3 3384/3384/3
f 3319/3319/3 3318/3318/3 3384/3384/3
f 3319/3319/4 3384/3384/4 3385/3385/4
f 3320/3320/4 3319/3319/4 3385/3385/4
f 3320/3320/5 3385/3385/5 3386/3386/5
f 3321/3321/5 3320/3320/5 3386/3386/5
f 3321/3321/6 3386/3386/6 3387/3387/6
f 3322/3322/6 3321/3321/6 3387/3387/6
f 3322/3322/7 3387/3387/7 3388/3388/7
f 3323/3323/7 3322/3322/7 3388/3388/7
f 3323/3323/9 3388/3388/9 3389/3389/9
f 3324/3324/9 3323/3323/9 3389/3389/9
f 3324/3324/10 3389/3389/10 3390/3390/10
f 3325/3325/10 3324/3324/10 3390/3390/10
f 3325/3325/11 3390/3390/11 3391/3391/11
f 3326/3326/11 3325/3325/11 3391/3391/11
f 3326/3326/12 3391/3391/12 3392/3392/12
f 3327/3327/12 3326/3326/12 3392/3392/12
f 3327/3327/13 3392/3392/13 3393/3393/13
f 3328/3328/13 3327/3327/13 3393/3393/13
f 3328/3328/14 3393/3393/14 3394/3394/14
f 3329/3329/14 3328/3328/14 3394/3394/14
f 3329/3329/15 3394/3394/15 3395/3395/15
f 3330/3330/15 3329/3329/15 3395/3395/15
f 3330/3330/16 3395/3395/16 3396/3396/16
f 3331/3331/16 3330/3330/16 3396/3396/16
f 3331/3331/17 3396/3396/17 3397/3397/17
f 3332/3332/17 3331/3331/17 3397/3397/17
f 3332/3332/18 3397/3397/18 3398/3398/18
f 3333/3333/18 3332/3332/18 3398/3398/18
f 3333/3333/19 3398/3398/19 3399/3399/19
f 3334/3334/19 3333/3333/19 3399/3399/19
f 3334/3334/20 3399/3399/20 3400/3400/20
f 3335/3335/20 3334/3334/20 3400/3400/20
f 3335/3335/21 3400/3400/21 3401/3401/21
f 3336/3336/21 3335/3335/21 3401/3401/21
f 3336/3336/22 3401/3401/22 3402/3402/22
f 3337/3337/22 3336/3336/22 3402/3402/22
f 3337/3337/23 3402/3402/23 3403/3403/23
f 3338/3338/23 3337/3337/23 3403/3403/23
f 3338/3338/24 3403/3403/24 3404/3404/24
f 3339/3339/24 3338/3338/24 3404/3404/24
f 3339/3339/25 3404/3404/25 3405/3405/25
f 3340/3340/25 3339/3339/25 3405/3405/25
f 3340/3340/27 3405/3405/27 3406/3406/27
f 3341/3341/27 3340/3340/27 3406/3406/27
f 3341/3341/28 3406/3406/28 3407/3407/28
f 3342/3342/28 3341/3341/28 3407/3407/28
f 3342/3342/29 3407/3407/29 3408/3408/29
f 3343/3343/29 3342/3342/29 3408/3408/29
f 3343/3343/30 3408/3408/30 3409/3409/30
f 3344/3344/30 3343/3343/30 3409/3409/30
f 3344/3344/31 3409/3409/31 3410/3410/31
f 3345/3345/31 3344/3344/31 3410/3410/31
f 3345/3345/32 3410/3410/32 3411/3411/32
f 3346/3346/32 3345/3345/32 3411/3411/32
f 3346/3346/33 3411/3411/33 3412/3412/33
f 3347/3347/33 3346/3346/33 3412/3412/33
f 3347/3347/34 3412/3412/34 3413/3413/34
f 3348/3348/34 3347/3347/34 3413/3413/34
f 3348/3348/35 3413/3413/35 3414/3414/35
f 3349/3349/35 3348/3348/35 3414/3414/35
f 3349/3349/36 3414/3414/36 3415/3415/36
f 3350/3350/36 3349/3349/36 3415/3415/36
f 3350/3350/37 3415/3415/37 3416/3416/37
f 3351/3351/37 3350/3350/37 3416/3416/37
f 3351/3351/38 3416/3416/38 3417/3417/38
f 3352/3352/38 3351/3351/38 3417/3417/38
f 3352/3352/39 3417/3417/39 3418/3418/39
f 3353/3353/39 3352/3352/39 3418/3418/39
f 3353/3353/40 3418/3418/40 3419/3419/40
f 3354/3354/40 3353/3353/40 3419/3419/40
f 3354/3354/41 3419/3419/41 3420/3420/41
f 3355/3355/41 3354/3354/41 3420/3420/41
f 3355/3355/43 3420/3420/43 3421/3421/43
f 3356/3356/43 3355/3355/43 3421/3421/43
f 3356/3356/44 3421/3421/44 3422/3422/44
f 3357/3357/44 3356/3356/44 3422/3422/44
f 3357/3357/45 3422/3422/45 3423/3423/45
f 3358/3358/45 3357/3357/45 3423/3423/45
f 3358/3358/46 3423/3423/46 3424/3424/46
f 3359/3359/46 3358/3358/46 3424/3424/46
f 3359/3359/47 3424/3424/47 3425/3425/47
f 3360/3360/47 3359/3359/47 3425/3425/47
f 3360/3360/48 3425/3425/48 3426/3426/48
f 3361/3361/48 3360/3360/48 3426/3426/48
f 3361/3361/49 3426/3426/49 3427/3427/49
f 3362/3362/49 3361/3361/49 3427/3427/49
f 3362/3362/50 3427/3427/50 3428/3428/50
f 3363/3363/50 3362/3362/50 3428/3428/50
f 3363/3363/51 3428/3428/51 3429/3429/51
f 3364/3364/51 3363/3363/51 3429/3429/51
f 3364/3364/52 3429/3429/52 3430/3430/52
f 3365/3365/52 3364/3364/52 3430/3430/52
f 3365/3365/53 3430/3430/53 3431/3431/53
f 3366/3366/53 3365/3365/53 3431/3431/53
f 3366/3366/54 3431/3431/54 3432/3432/54
f 3367/3367/54 3366/3366/54 3432/3432/54
f 3367/3367/55 3432/3432/55 3433/3433/55
f 3368/3368/55 3367/3367/55 3433/3433/55
f 3368/3368/56 3433/3433/56 3434/3434/56
f 3369/3369/56 3368/3368/56 3434/3434/56
f 3369/3369/57 3434/3434/57 3435/3435/57
f 3370/3370/57 3369/3369/57 3435/3435/57
f 3370/3370/58 3435/3435/58 3436/3436/58
f 3371/3371/58 3370/3370/58 3436/3436/58
f 3371/3371/59 3436/3436/59 3437/3437/59
f 3372/3372/59 3371/3371/59 3437/3437/59
f 3372/3372/60 3437/3437/60 3438/3438/60
f 3373/3373/60 3372/3372/60 3438/3438/60
f 3373/3373/61 3438/3438/61 3439/3439/61
f 3374/3374/61 3373/3373/61 3439/3439/61
f 3374/3374/62 3439/3439/62 3440/3440/62
f 3375/3375/62 3374/3374/62 3440/3440/62
f 3375/3375/63 3440/3440/63 3441/3441/63
f 3376/3376/63 3375/3375/63 3441/3441/63
f 3376/3376/64 3441/3441/64 3442/3442/64
f 3377/3377/64 3376/3376/64 3442/3442/64
f 3377/3377/65 3442/3442/65 3443/3443/65
f 3378/3378/65 3377/3377/65 3443/3443/65
f 3378/3378/66 3443/3443/66 3444/3444/66
f 3379/3379/66 3378/3378/66 3444/3444/66
f 3379/3379/67 3444/3444/67 3445/3445/67
f 3380/3380/67 3379/3379/67 3445/3445/67
f 3381/3381/1 3446/3446/1 3447/3447/1
f 3382/3382/1 3381/3381/1 3447/3447/1
f 3382/3382/2 3447/3447/2 3448/3448/2
f 3383/3383/2 3382/3382/2 3448/3448/2
f 3383/3383/3 3448/3448/3 3449/3449/3
f 3384/3384/3 3383/3383/3 3449/3449/3
f 3384/3384/4 3449/3449/4 3450/3450/4
f 3385/3385/4 3384/3384/4 3450/3450/4
f 3385/3385/5 3450/3450/5 3451/3451/5
f 3386/3386/5 3385/3385/5 3451/3451/5
f 3386/3386/6 3451/3451/6 3452/3452/6
f 3387/3387/6 3386/3386/6 3452/3452/6
f 3387/3387/7 3452/3452/7 3453/3453/7
f 3388/3388/7 3387/3387/7 3453/3453/7
f 3388/3388/9 3453/3453/9 3454/3454/9
f 3389/3389/9 3388/3388/9 3454/3454/9
f 3389/3389/10 3454/3454/10 3455/3455/10
f 3390/3390/10 3389/3389/10 3455/3455/10
f 3390/3390/11 3455/3455/11 3456/3456/11
f 3391/3391/11 3390/3390/11 3456/3456/11
f 3391/3391/12 3456/3456/12 3457/3457/12
f 3392/3392/12 3391/3391/12 3457/3457/12
f 3392/3392/13 3457/3457/13 3458/3458/13
f 3393/3393/13 3392/3392/13 3458/3458/13
f 3393/3393/14 3458/3458/14 3459/3459/14
f 3394/3394/14 3393/3393/14 3459/3459/14
f 3394/3394/15 3459/3459/15 3460/3460/15
f 3395/3395/15 3394/3394/15 3460/3460/15
f 3395/3395/16 3460/3460/16 3461/3461/16
f 3396/3396/16 3395/3395/16 3461/3461/16
f 3396/3396/17 3461/3461/17 3462/3462/17
f 3397/3397/17 3396/3396/17 3462/3462/17
f 3397/3397/18 3462/3462/18 3463/3463/18
f 3398/3398/18 3397/3397/18 3463/3463/18
f 3398/3398/19 3463/3463/19 3464/3464/19
f 3399/3399/19 3398/3398/19 3464/3464/19
f 3399/3399/20 3464/3464/20 3465/3465/20
f 3400/3400/20 3399/3399/20 3465/3465/20
f 3400/3400/21 3465/3465/21 3466/3466/21
f 3401/3401/21 3400/3400/21 3466/3466/21
f 3401/3401/22 3466/3466/22 3467/3467/22
f 3402/3402/22 3401/3401/22 3467/3467/22
f 3402/3402/23 3467/3467/23 3468/3468/23
f 3403/3403/23 3402/3402/23 3468/3468/23
f 3403/3403/24 3468/3468/24 3469/3469/24
f 3404/3404/24 3403/3403/24 3469/3469/24
f 3404/3404/25 3469/3469/25 3470/3470/25
f 3405/3405/25 3404/3404/25 3470/3470/25
f 3405/3405/27 3470/3470/27 3471/3471/27
f 3406/3406/27 3405/3405/27 3471/3471/27
f 3406/3406/28 3471/3471/28 3472/3472/28
f 3407/3407/28 3406/3406/28 3472/3472/28
f 3407/3407/29 3472/3472/29 3473/3473/29
f 3408/3408/29 3407/3407/29 3473/3473/29
f 3408/3408/30 3473/3473/30 3474/3474/30
f 3409/3409/30 3408/3408/30 3474/3474/30
f 3409/3409/31 3474/3474/31 3475/3475/31
f 3410/3410/31 3409/3409/31 3475/3475/31
f 3410/3410/32 3475/3475/32 3476/3476/32
f 3411/3411/32 3410/3410/32 3476/3476/32
f 3411/3411/33 3476/3476/33 3477/3477/33
f 3412/3412/33 3411/3411/33 3477/3477/33
f 3412/3412/34 3477/3477/34 3478/3478/34
f 3413/3413/34 3412/3412/34 3478/3478/34
f 3413/3413/35 3478/3478/35 3479/3479/35
f 3414/3414/35 3413/3413/35 3479/3479/35
f 3414/3414/36 3479/3479/36 3480/3480/36
f 3415/3415/36 3414/3414/36 3480/3480/36
f 3415/3415/37 3480/3480/37 3481/3481/37
f 3416/3416/37 3415/3415/37 3481/3481/37
f 3416/3416/38 3481/3481/38 3482/3482/38
f 3417/3417/38 3416/3416/38 3482/3482/38
f 3417/3417/39 3482/3482/39 3483/3483/39
f 3418/3418/39 3417/3417/39 3483/3483/39
f 3418/3418/40 3483/3483/40 3484/3484/40
f 3419/3419/40 3418/3418/40 3484/3484/40
f 3419/3419/41 3484/3484/41 3485/3485/41
f 3420/3420/41 3419/3419/41 3485/3485/41
f 3420/3420/43 3485/3485/43 3486/3486/43
f 3421/3421/43 3420/3420/43 3486/3486/43
f 3421/3421/44 3486/3486/44 3487/3487/44
f 3422/3422/44 3421/3421/44 3487/3487/44
f 3422/3422/45 3487/3487/45 3488/3488/45
f 3423/3423/45 3422/3422/45 3488/3488/45
f 3423/3423/46 3488/3488/46 3489/3489/46
f 3424/3424/46 3423/3423/46 3489/3489/46
f 3424/3424/47 3489/3489/47 3490/3490/47
f 3425/3425/47 3424/3424/47 3490/3490/47
f 3425/3425/48 3490/3490/48 3491/3491/48
f 3426/3426/48 3425/3425/48 3491/3491/48
f 3426/3426/49 3491/3491/49 3492/3492/49
f 3427/3427/49 3426/3426/49 3492/3492/49
f 3427/3427/50 3492/3492/50 3493/3493/50
f 3428/3428/50 3427/3427/50 3493/3493/50
f 3428/3428/51 3493/3493/51 3494/3494/51
f 3429/3429/51 3428/3428/51 3494/3494/51
f 3429/3429/52 3494/3494/52 3495/3495/52
f 3430/3430/52 3429/3429/52 3495/3495/52
f 3430/3430/53 3495/3495/53 3496/3496/53
f 3431/3431/53 3430/3430/53 3496/3496/53
f 3431/3431/54 3496/3496/54 3497/3497/54
f 3432/3432/54 3431/3431/54 3497/3497/54
f 3432/3432/55 3497/3497/55 3498/3498/55
f 3433/3433/55 3432/3432/55 3498/3498/55
f 3433/3433/56 3498/3498/56 3499/3499/56
f 3434/3434/56 3433/3433/56 3499/3499/56
f 3434/3434/57 3499/3499/57 3500/3500/57
f 3435/3435/57 3434/3434/57 3500/3500/57
f 3435/3435/58 3500/3500/58 3501/3501/58
f 3436/3436/58 3435/3435/58 3501/3501/58
f 3436/3436/59 3501/3501/59 3502/3502/59
f 3437/3437/59 3436/3436/59 3502/3502/59
f 3437/3437/60 3502/3502/60 3503/3503/60
f 3438/3438/60 3437/3437/60 3503/3503/60
f 3438/3438/61 3503/3503/61 3504/3504/61
f 3439/3439/61 3438/3438/61 3504/3504/61
f 3439/3439/62 3504/3504/62 3505/3505/62
f 3440/3440/62 3439/3439/62 3505/3505/62
f 3440/3440/63 3505/3505/63 3506/3506/63
f 3441/3441/63 3440/3440/63 3506/3506/63
f 3441/3441/64 3506/3506/64 3507/3507/64
f 3442/3442/64 3441/3441/64 3507/3507/64
f 3442/3442/65 3507/3507/65 3508/3508/65
f 3443/3443/65 3442/3442/65 3508/3508/65
f 3443/3443/66 3508/3508/66 3509/3509/66
f 3444/3444/66 3443/3443/66 3509/3509/66
f 3444/3444/67 3509/3509/67 3510/3510/67
f 3445/3445/67 3444/3444/67 3510/3510/67
f 3446/3446/1 3511/3511/1 3512/3512/1
f 3447/3447/1 3446/3446/1 3512/3512/1
f 3447/3447/2 3512/3512/2 3513/3513/2
f 3448/3448/2 3447/3447/2 3513/3513/2
f 3448/3448/3 3513/3513/3 3514/3514/3
f 3449/3449/3 3448/3448/3 3514/3514/3
f 3449/3449/4 3514/3514/4 3515/3515/4
f 3450/3450/4 3449/3449/4 3515/3515/4
f 3450/3450/5 3515/3515/5 3516/3516/5
f 3451/3451/5 3450/3450/5 3516/3516/5
f 3451/3451/6 3516/3516/6 3517/3517/6
f 3452/3452/6 3451/3451/6 3517/3517/6
f 3452/3452/7 3517/3517/7 3518/3518/7
f 3453/3453/7 3452/3452/7 3518/3518/7
f 3453/3453/9 3518/3518/9 3519/3519/9
f 3454/3454/9 3453/3453/9 3519/3519/9
f 3454/3454/10 3519/3519/10 3520/3520/10
f 3455/3455/10 3454/3454/10 3520/3520/10
f 3455/3455/11 3520/3520/11 3521/3521/11
f 3456/3456/11 3455/3455/11 3521/3521/11
f 3456/3456/12 3521/3521/12 3522/3522/12
f 3457/3457/12 3456/3456/12 3522/3522/12
f 3457/3457/13 3522/3522/13 3523/3523/13
f 3458/3458/13 3457/3457/13 3523/3523/13
f 3458/3458/14 3523/3523/14 3524/3524/14
f 3459/3459/14 3458/3458/14 3524/3524/14
f 3459/3459/15 3524/3524/15 3525/3525/15
f 3460/3460/15 3459/3459/15 3525/3525/15
f 3460/3460/16 3525/3525/16 3526/3526/16
f 3461/3461/16 3460/3460/16 3526/3526/16
f 3461/3461/17 3526/3526/17 3527/3527/17
f 3462/3462/17 3461/3461/17 3527/3527/17
f 3462/3462/18 3527/3527/18 3528/3528/18
f 3463/3463/18 3462/3462/18 3528/3528/18
f 3463/3463/19 3528/3528/19 3529/3529/19
f 3464/3464/19 3463/3463/19 3529/3529/19
f 3464/3464/20 3529/3529/20 3530/3530/20
f 3465/3465/20 3464/3464/20 3530/3530/20
f 3465/3465/21 3530/3530/21 3531/3531/21
f 3466/3466/21 3465/3465/21 3531/3531/21
f 3466/3466/22 3531/3531/22 3532/3532/22
f 3467/3467/22 3466/3466/22 3532/3532/22
f 3467/3467/23 3532/3532/23 3533/3533/23
f 3468/3468/23 3467/3467/23 3533/3533/23
f 3468/3468/24 3533/3533/24 3534/3534/24
f 3469/3469/24 3468/3468/24 3534/3534/24
f 3469/3469/25 3534/3534/25 3535/3535/25
f 3470/3470/25 3469/3469/25 3535/3535/25
f 3470/3470/27 3535/3535/27 3536/3536/27
f 3471/3471/27 3470/3470/27 3536/3536/27
f 3471/3471/28 3536/3536/28 3537/3537/28
f 3472/3472/28 3471/3471/28 3537/3537/28
f 3472/3472/29 3537/3537/29 3538/3538/29
f 3473/3473/29 3472/3472/29 3538/3538/29
f 3473/3473/30 3538/3538/30 3539/3539/30
f 3474/3474/30 3473/3473/30 3539/3539/30
f 3474/3474/31 3539/3539/31 3540/3540/31
f 3475/3475/31 3474/3474/31 3540/3540/31
f 3475/3475/32 3540/3540/32 3541/3541/32
f 3476/3476/32 3475/3475/32 3541/3541/32
f 3476/3476/33 3541/3541/33 3542/3542/33
f 3477/3477/33 3476/3476/33 3542/3542/33
f 3477/3477/34 3542/3542/34 3543/3543/34
f 3478/3478/34 3477/3477/34 3543/3543/34
f 3478/3478/35 3543/3543/35 3544/3544/35
f 3479/3479/35 3478/3478/35 3544/3544/35
f 3479/3479/36 3544/3544/36 3545/3545/36
f 3480/3480/36 3479/3479/36 3545/3545/36
f 3480/3480/37 3545/3545/37 3546/3546/37
f 3481/3481/37 3480/3480/37 3546/3546/37
f 3481/3481/38 3546/3546/38 3547/3547/38
f 3482/3482/38 3481/3481/38 3547/3547/38
f 3482/3482/39 3547/3547/39 3548/3548/39
f 3483/3483/39 3482/3482/39 3548/3548/39
f 3483/3483/40 3548/3548/40 3549/3549/40
f 3484/3484/40 3483/3483/40 3549/3549/40
f 3484/3484/41 3549/3549/41 3550/3550/41
f 3485/3485/41 3484/3484/41 3550/3550/41
f 3485/3485/43 3550/3550/43 3551/3551/43
f 3486/3486/43 3485/3485/43 3551/3551/43
f 3486/3486/44 3551/3551/44 3552/3552/44
f 3487/3487/44 3486/3486/44 3552/3552/44
f 3487/3487/45 3552/3552/45 3553/3553/45
f 3488/3488/45 3487/3487/45 3553/3553/45
f 3488/3488/46 3553/3553/46 3554/3554/46
f 3489/3489/46 3488/3488/46 3554/3554/46
f 3489/3489/47 3554/3554/47 3555/3555/47
f 3490/3490/47 3489/3489/47 3555/3555/47
f 3490/3490/48 3555/3555/48 3556/3556/48
f 3491/3491/48 3490/3490/48 3556/3556/48
f 3491/3491/49 3556/3556/49 3557/3557/49
f 3492/3492/49 3491/3491/49 3557/3557/49
f 3492/3492/50 3557/3557/50 3558/3558/50
f 3493/3493/50 3492/3492/50 3558/3558/50
f 3493/3493/51 3558/3558/51 3559/3559/51
f 3494/3494/51 3493/3493/51 3559/3559/51
f 3494/3494/52 3559/3559/52 3560/3560/52
f 3495/3495/52 3494/3494/52 3560/3560/52
f 3495/3495/53 3560/3560/53 3561/3561/53
f 3496/3496/53 3495/3495/53 3561/3561/53
f 3496/3496/54 3561/3561/54 3562/3562/54
f 3497/3497/54 3496/3496/54 3562/3562/54
f 3497/3497/55 3562/3562/55 3563/3563/55
f 3498/3498/55 3497/3497/55 3563/3563/55
f 3498/3498/56 3563/3563/56 3564/3564/56
f 3499/3499/56 3498/3498/56 3564/3564/56
f 3499/3499/57 3564/3564/57 3565/3565/57
f 3500/3500/57 3499/3499/57 3565/3565/57
f 3500/3500/58 3565/3565/58 3566/3566/58
f 3501/3501/58 3500/3500/58 3566/3566/58
f 3501/3501/59 3566/3566/59 3567/3567/59
f 3502/3502/59 3501/3501/59 3567/3567/59
f 3502/3502/60 3567/3567/60 3568/3568/60
f 3503/3503/60 3502/3502/60 3568/3568/60
f 3503/3503/61 3568/3568/61 3569/3569/61
f 3504/3504/61 3503/3503/61 3569/3569/61
f 3504/3504/62 3569/3569/62 3570/3570/62
f 3505/3505/62 3504/3504/62 3570/3570/62
f 3505/3505/63 3570/3570/63 3571/3571/63
f 3506/3506/63 3505/3505/63 3571/3571/63
f 3506/3506/64 3571/3571/64 3572/3572/64
f 3507/3507/64 3506/3506/64 3572/3572/64
f 3507/3507/65 3572/3572/65 3573/3573/65
f 3508/3508/65 3507/3507/65 3573/3573/65
f 3508/3508/66 3573/3573/66 3574/3574/66
f 3509/3509/66 3508/3508/66 3574/3574/66
f 3509/3509/67 3574/3574/67 3575/3575/67
f 3510/3510/67 3509/3509/67 3575/3575/67
f 3511/3511/1 3576/3576/1 3577/3577/1
f 3512/3512/1 3511/3511/1 3577/3577/1
f 3512/3512/2 3577/3577/2 3578/3578/2
f 3513/3513/2 3512/3512/2 3578/3578/2
f 3513/3513/3 3578/3578/3 3579/3579/3
f 3514/3514/3 3513/3513/3 3579/3579/3
f 3514/3514/4 3579/3579/4 3580/3580/4
f 3515/3515/4 3514/3514/4 3580/3580/4
f 3515/3515/5 3580/3580/5 3581/3581/5
f 3516/3516/5 3515/3515/5 3581/3581/5
f 3516/3516/6 3581/3581/6 3582/3582/6
f 3517/3517/6 3516/3516/6 3582/3582/6
f 3517/3517/7 3582/3582/7 3583/3583/7
f 3518/3518/7 3517/3517/7 3583/3583/7
f 3518/3518/9 3583/3583/9 3584/3584/9
f 3519/3519/9 3518/3518/9 3584/3584/9
f 3519/3519/10 3584/3584/10 3585/3585/10
f 3520/3520/10 3519/3519/10 3585/3585/10
f 3520/3520/11 3585/3585/11 3586/3586/11
f 3521/3521/11 3520/3520/11 3586/3586/11
f 3521/3521/12 3586/3586/12 3587/3587/12
f 3522/3522/12 3521/3521/12 3587/3587/12
f 3522/3522/13 3587/3587/13 3588/3588/13
f 3523/3523/13 3522/3522/13 3588/3588/13
f 3523/3523/14 3588/3588/14 3589/3589/14
f 3524/3524/14 3523/3523/14 3589/3589/14
f 3524/3524/15 3589/3589/15 3590/3590/15
f 3525/3525/15 3524/3524/15 3590/3590/15
f 3525/3525/16 3590/3590/16 3591/3591/16
f 3526/3526/16 3525/3525/16 3591/3591/16
f 3526/3526/17 3591/3591/17 3592/3592/17
f 3527/3527/17 3526/3526/17 3592/3592/17
f 3527/3527/18 3592/3592/18 3593/3593/18
f 3528/3528/18 3527/3527/18 3593/3593/18
f 3528/3528/19 3593/3593/19 3594/3594/19
f 3529/3529/19 3528/3528/19 3594/3594/19
f 3529/3529/20 3594/3594/20 3595/3595/20
f 3530/3530/20 3529/3529/20 3595/3595/20
f 3530/3530/21 3595/3595/21 3596/3596/21
f 3531/3531/21 3530/3530/21 3596/3596/21
f 3531/3531/22 3596/3596/22 3597/3597/22
f 3532/3532/22 3531/3531/22 3597/3597/22
f 3532/3532/23 3597/3597/23 3598/3598/23
f 3533/3533/23 3532/3532/23 3598/3598/23
f 3533/3533/24 3598/3598/24 3599/3599/24
f 3534/3534/24 3533/3533/24 3599/3599/24
f 3534/3534/25 3599/3599/25 3600/3600/25
f 3535/3535/25 3534/3534/25 3600/3600/25
f 3535/3535/27 3600/3600/27 3601/3601/27
f 3536/3536/27 3535/3535/27 3601/3601/27
f 3536/3536/28 3601/3601/28 3602/3602/28
f 3537/3537/28 3536/3536/28 3602/3602/28
f 3537/3537/29 3602/3602/29 3603/3603/29
f 3538/3538/29 3537/3537/29 3603/3603/29
f 3538/3538/30 3603/3603/30 3604/3604/30
f 3539/3539/30 3538/3538/30 3604/3604/30
f 3539/3539/31 3604/3604/31 3605/3605/31
f 3540/3540/31 3539/3539/31 3605/3605/31
f 3540/3540/32 3605/3605/32 3606/3606/32
f 3541/3541/32 3540/3540/32 3606/3606/32
f 3541/3541/33 3606/3606/33 3607/3607/33
f 3542/3542/33 3541/3541/33 3607/3607/33
f 3542/3542/34 3607/3607/34 3608/3608/34
f 3543/3543/34 3542/3542/34 3608/3608/34
f 3543/3543/35 3608/3608/35 3609/3609/35
f 3544/3544/35 3543/3543/35 3609/3609/35
f 3544/3544/36 3609/3609/36 3610/3610/36
f 3545/3545/36 3544/3544/36 3610/3610/36
f 3545/3545/37 3610/3610/37 3611/3611/37
f 3546/3546/37 3545/3545/37 3611/3611/37
f 3546/3546/38 3611/3611/38 3612/3612/38
f 3547/3547/38 3546/3546/38 3612/3612/38
f 3547/3547/39 3612/3612/39 3613/3613/39
f 3548/3548/39 3547/3547/39 3613/3613/39
f 3548/3548/40 3613/3613/40 3614/3614/40
f 3549/3549/40 3548/3548/40 3614/3614/40
f 3549/3549/41 3614/3614/41 3615/3615/41
f 3550/3550/41 3549/3549/41 3615/3615/41
f 3550/3550/43 3615/3615/43 3616/3616/43
f 3551/3551/43 3550/3550/43 3616/3616/43
f 3551/3551/44 3616/3616/44 3617/3617/44
f 3552/3552/44 3551/3551/44 3617/3617/44
f 3552/3552/45 3617/3617/45 3618/3618/45
f 3553/3553/45 3552/3552/45 3618/3618/45
f 3553/3553/46 3618/3618/46 3619/3619/46
f 3554/3554/46 3553/3553/46 3619/3619/46
f 3554/3554/47 3619/3619/47 3620/3620/47
f 3555/3555/47 3554/3554/47 3620/3620/47
f 3555/3555/48 3620/3620/48 3621/3621/48
f 3556/3556/48 3555/3555/48 3621/3621/48
f 3556/3556/49 3621/3621/49 3622/3622/49
f 3557/3557/49 3556/3556/49 3622/3622/49
f 3557/3557/50 3622/3622/50 3623/3623/50
f 3558/3558/50 3557/3557/50 3623/3623/50
f 3558/3558/51 3623/3623/51 3624/3624/51
f 3559/3559/51 3558/3558/51 3624/3624/51
f 3559/3559/52 3624/3624/52 3625/3625/52
f 3560/3560/52 3559/3559/52 3625/3625/52
f 3560/3560/53 3625/3625/53 3626/3626/53
f 3561/3561/53 3560/3560/53 3626/3626/53
f 3561/3561/54 3626/3626/54 3627/3627/54
f 3562/3562/54 3561/3561/54 3627/3627/54
f 3562/3562/55 3627/3627/55 3628/3628/55
f 3563/3563/55 3562/3562/55 3628/3628/55
f 3563/3563/56 3628/3628/56 3629/3629/56
f 3564/3564/56 3563/3563/56 3629/3629/56
f 3564/3564/57 3629/3629/57 3630/3630/57
f 3565/3565/57 3564/3564/57 3630/3630/57
f 3565/3565/58 3630/3630/58 3631/3631/58
f 3566/3566/58 3565/3565/58 3631/3631/58
f 3566/3566/59 3631/3631/59 3632/3632/59
f 3567/3567/59 3566/3566/59 3632/3632/59
f 3567/3567/60 3632/3632/60 3633/3633/60
f 3568/3568/60 3567/3567/60 3633/3633/60
f 3568/3568/61 3633/3633/61 3634/3634/61
f 3569/3569/61 3568/3568/61 3634/3634/61
f 3569/3569/62 3634/3634/62 3635/3635/62
f 3570/3570/62 3569/3569/62 3635/3635/62
f 3570/3570/63 3635/3635/63 3636/3636/63
f 3571/3571/63 3570/3570/63 3636/3636/63
f 3571/3571/64 3636/3636/64 3637/3637/64
f 3572/3572/64 3571/3571/64 3637/3637/64
f 3572/3572/65 3637/3637/65 3638/3638/65
f 3573/3573/65 3572/3572/65 3638/3638/65
f 3573/3573/66 3638/3638/66 3639/3639/66
f 3574/3574/66 3573/3573/66 3639/3639/66
f 3574/3574/67 3639/3639/67 3640/3640/67
f 3575/3575/67 3574/3574/67 3640/3640/67
f 3576/3576/1 3641/3641/1 3642/3642/1
f 3577/3577/1 3576/3576/1 3642/3642/1
f 3577/3577/2 3642/3642/2 3643/3643/2
f 3578/3578/2 3577/3577/2 3643/3643/2
f 3578/3578/3 3643/3643/3 3644/3644/3
f 3579/3579/3 3578/3578/3 3644/3644/3
f 3579/3579/4 3644/3644/4 3645/3645/4
f 3580/3580/4 3579/3579/4 3645/3645/4
f 3580/3580/5 3645/3645/5 3646/3646/5
f 3581/3581/5 3580/3580/5 3646/3646/5
f 3581/3581/6 3646/3646/6 3647/3647/6
f 3582/3582/6 3581/3581/6 3647/3647/6
f 3582/3582/7 3647/3647/7 3648/3648/7
f 3583/3583/7 3582/3582/7 3648/3648/7
f 3583/3583/9 3648/3648/9 3649/3649/9
f 3584/3584/9 3583/3583/9 3649/3649/9
f 3584/3584/10 3649/3649/10 3650/3650/10
f 3585/3585/10 3584/3584/10 3650/3650/10
f 3585/3585/11 3650/3650/11 3651/3651/11
f 3586/3586/11 3585/3585/11 3651/3651/11
f 3586/3586/12 3651/3651/12 3652/3652/12
f 3587/3587/12 3586/3586/12 3652/3652/12
f 3587/3587/13 3652/3652/13 3653/3653/13
f 3588/3588/13 3587/3587/13 3653/3653/13
f 3588/3588/14 3653/3653/14 3654/3654/14
f 3589/3589/14 3588/3588/14 3654/3654/14
f 3589/3589/15 3654/3654/15 3655/3655/15
f 3590/3590/15 3589/3589/15 3655/3655/15
f 3590/3590/16 3655/3655/16 3656/3656/16
f 3591/3591/16 3590/3590/16 3656/3656/16
f 3591/3591/17 3656/3656/17 3657/3657/17
f 3592/3592/17 3591/3591/17 3657/3657/17
f 3592/3592/18 3657/3657/18 3658/3658/18
f 3593/3593/18 3592/3592/18 3658/3658/18
f 3593/3593/19 3658/3658/19 3659/3659/19
f 3594/3594/19 3593/3593/19 3659/3659/19
f 3594/3594/20 3659/3659/20 3660/3660/20
f 3595/3595/20 3594/3594/20 3660/3660/20
f 3595/3595/21 3660/3660/21 3661/3661/21
f 3596/3596/21 3595/3595/21 3661/3661/21
f 3596/3596/22 3661/3661/22 3662/3662/22
f 3597/3597/22 3596/3596/22 3662/3662/22
f 3597/3597/23 3662/3662/23 3663/3663/23
f 3598/3598/23 3597/3597/23 3663/3663/23
f 3598/3598/24 3663/3663/24 3664/3664/24
f 3599/3599/24 3598/3598/24 3664/3664/24
f 3599/3599/25 3664/3664/25 3665/3665/25
f 3600/3600/25 3599/3599/25 3665/3665/25
f 3600/3600/27 3665/3665/27 3666/3666/27
f 3601/3601/27 3600/3600/27 3666/3666/27
f 3601/3601/28 3666/3666/28 3667/3667/28
f 3602/3602/28 3601/3601/28 3667/3667/28
f 3602/3602/29 3667/3667/29 3668/3668/29
f 3603/3603/29 3602/3602/29 3668/3668/29
f 3603/3603/30 3668/3668/30 3669/3669/30
f 3604/3604/30 3603/3603/30 3669/3669/30
f 3604/3604/31 3669/3669/31 3670/3670/31
f 3605/3605/31 3604/3604/31 3670/3670/31
f 3605/3605/32 3670/3670/32 3671/3671/32
f 3606/3606/32 3605/3605/32 3671/3671/32
f 3606/3606/33 3671/3671/33 3672/3672/33
f 3607/3607/33 3606/3606/33 3672/3672/33
f 3607/3607/34 3672/3672/34 3673/3673/34
f 3608/3608/34 3607/3607/34 3673/3673/34
f 3608/3608/35 3673/3673/35 3674/3674/35
f 3609/3609/35 3608/3608/35 3674/3674/35
f 3609/3609/36 3674/3674/36 3675/3675/36
f 3610/3610/36 3609/3609/36 3675/3675/36
f 3610/3610/37 3675/3675/37 3676/3676/37
f 3611/3611/37 3610/3610/37 3676/3676/37
f 3611/3611/38 3676/3676/38 3677/3677/38
f 3612/3612/38 3611/3611/38 3677/3677/38
f 3612/3612/39 3677/3677/39 3678/3678/39
f 3613/3613/39 3612/3612/39 3678/3678/39
f 3613/3613/40 3678/3678/40 3679/3679/40
f 3614/3614/40 3613/3613/40 3679/3679/40
f 3614/3614/41 3679/3679/41 3680/3680/41
f 3615/3615/41 3614/3614/41 3680/3680/41
f 3615/3615/43 3680/3680/43 3681/3681/43
f 3616/3616/43 3615/3615/43 3681/3681/43
f 3616/3616/44 3681/3681/44 3682/3682/44
f 3617/3617/44 3616/3616/44 3682/3682/44
f 3617/3617/45 3682/3682/45 3683/3683/45
f 3618/3618/45 3617/3617/45 3683/3683/45
f 3618/3618/46 3683/3683/46 3684/3684/46
f 3619/3619/46 3618/3618/46 3684/3684/46
f 3619/3619/47 3684/3684/47 3685/3685/47
f 3620/3620/47 3619/3619/47 3685/3685/47
f 3620/3620/48 3685/3685/48 3686/3686/48
f 3621/3621/48 3620/3620/48 3686/3686/48
f 3621/3621/49 3686/3686/49 3687/3687/49
f 3622/3622/49 3621/3621/49 3687/3687/49
f 3622/3622/50 3687/3687/50 3688/3688/50
f 3623/3623/50 3622/3622/50 3688/3688/50
f 3623/3623/51 3688/3688/51 3689/3689/51
f 3624/3624/51 3623/3623/51 3689/3689/51
f 3624/3624/52 3689/3689/52 3690/3690/52
f 3625/3625/52 3624/3624/52 3690/3690/52
f 3625/3625/53 3690/3690/53 3691/3691/53
f 3626/3626/53 3625/3625/53 3691/3691/53
f 3626/3626/54 3691/3691/54 3692/3692/54
f 3627/3627/54 3626/3626/54 3692/3692/54
f 3627/3627/55 3692/3692/55 3693/3693/55
f 3628/3628/55 3627/3627/55 3693/3693/55
f 3628/3628/56 3693/3693/56 3694/3694/56
f 3629/3629/56 3628/3628/56 3694/3694/56
f 3629/3629/57 3694/3694/57 3695/3695/57
f 3630/3630/57 3629/3629/57 3695/3695/57
f 3630/3630/58 3695/3695/58 3696/3696/58
f 3631/3631/58 3630/3630/58 3696/3696/58
f 3631/3631/59 3696/3696/59 3697/3697/59
f 3632/3632/59 3631/3631/59 3697/3697/59
f 3632/3632/60 3697/3697/60 3698/3698/60
f 3633/3633/60 3632/3632/60 3698/3698/60
f 3633/3633/61 3698/3698/61 3699/3699/61
f 3634/3634/61 3633/3633/61 3699/3699/61
f 3634/3634/62 3699/3699/62 3700/3700/62
f 3635/3635/62 3634/3634/62 3700/3700/62
f 3635/3635/63 3700/3700/63 3701/3701/63
f 3636/3636/63 3635/3635/63 3701/3701/63
f 3636/3636/64 3701/3701/64 3702/3702/64
f 3637/3637/64 3636/3636/64 3702/3702/64
f 3637/3637/65 3702/3702/65 3703/3703/65
f 3638/3638/65 3637/3637/65 3703/3703/65
f 3638/3638/66 3703/3703/66 3704/3704/66
f 3639/3639/66 3638/3638/66 3704/3704/66
f 3639/3639/67 3704/3704/67 3705/3705/67
f 3640/3640/67 3639/3639/67 3705/3705/67
f 3641/3641/1 3706/3706/1 3707/3707/1
f 3642/3642/1 3641/3641/1 3707/3707/1
f 3642/3642/2 3707/3707/2 3708/3708/2
f 3643/3643/2 3642/3642/2 3708/3708/2
f 3643/3643/3 3708/3708/3 3709/3709/3
f 3644/3644/3 3643/3643/3 3709/3709/3
f 3644/3644/4 3709/3709/4 3710/3710/4
f 3645/3645/4 3644/3644/4 3710/3710/4
f 3645/3645/5 3710/3710/5 3711/3711/5
f 3646/3646/5 3645/3645/5 3711/3711/5
f 3646/3646/6 3711/3711/6 3712/3712/6
f 3647/3647/6 3646/3646/6 3712/3712/6
f 3647/3647/7 3712/3712/7 3713/3713/7
f 3648/3648/7 3647/3647/7 3713/3713/7
f 3648/3648/8 3713/3713/8 3714/3714/8
f 3649/3649/9 3648/3648/9 3714/3714/9
f 3649/3649/10 3714/3714/10 3715/3715/10
f 3650/3650/10 3649/3649/10 3715/3715/10
f 3650/3650/11 3715/3715/11 3716/3716/11
f 3651/3651/11 3650/3650/11 3716/3716/11
f 3651/3651/12 3716/3716/12 3717/3717/12
f 3652/3652/12 3651/3651/12 3717/3717/12
f 3652/3652/13 3717/3717/13 3718/3718/13
f 3653/3653/13 3652/3652/13 3718/3718/13
f 3653/3653/14 3718/3718/14 3719/3719/14
f 3654/3654/14 3653/3653/14 3719/3719/14
f 3654/3654/15 3719/3719/15 3720/3720/15
f 3655/3655/15 3654/3654/15 3720/3720/15
f 3655/3655/16 3720/3720/16 3721/3721/16
f 3656/3656/16 3655/3655/16 3721/3721/16
f 3656/3656/17 3721/3721/17 3722/3722/17
f 3657/3657/17 3656/3656/17 3722/3722/17
f 3657/3657/18 3722/3722/18 3723/3723/18
f 3658/3658/18 3657/3657/18 3723/3723/18
f 3658/3658/19 3723/3723/19 3724/3724/19
f 3659/3659/19 3658/3658/19 3724/3724/19
f 3659/3659/20 3724/3724/20 3725/3725/20
f 3660/3660/20 3659/3659/20 3725/3725/20
f 3660/3660/21 3725/3725/21 3726/3726/21
f 3661/3661/21 3660/3660/21 3726/3726/21
f 3661/3661/22 3726/3726/22 3727/3727/22
f 3662/3662/22 3661/3661/22 3727/3727/22
f 3662/3662/23 3727/3727/23 3728/3728/23
f 3663/3663/23 3662/3662/23 3728/3728/23
f 3663/3663/24 3728/3728/24 3729/3729/24
f 3664/3664/24 3663/3663/24 3729/3729/24
f 3664/3664/25 3729/3729/25 3730/3730/25
f 3665/3665/25 3664/3664/25 3730/3730/25
f 3665/3665/26 3730/3730/26 3731/3731/26
f 3666/3666/27 3665/3665/27 3731/3731/27
f 3666/3666/28 3731/3731/28 3732/3732/28
f 3667/3667/28 3666/3666/28 3732/3732/28
f 3667/3667/29 3732/3732/29 3733/3733/29
f 3668/3668/29 3667/3667/29 3733/3733/29
f 3668/3668/30 3733/3733/30 3734/3734/30
f 3669/3669/30 3668/3668/30 3734/3734/30
f 3669/3669/31 3734/3734/31 3735/3735/31
f 3670/3670/31 3669/3669/31 3735/3735/31
f 3670/3670/32 3735/3735/32 3736/3736/32
f 3671/3671/32 3670/3670/32 3736/3736/32
f 3671/3671/33 3736/3736/33 3737/3737/33
f 3672/3672/33 3671/3671/33 3737/3737/33
f 3672/3672/34 3737/3737/34 3738/3738/34
f 3673/3673/34 3672/3672/34 3738/3738/34
f 3673/3673/35 3738/3738/35 3739/3739/35
f 3674/3674/35 3673/3673/35 3739/3739/35
f 3674/3674/36 3739/3739/36 3740/3740/36
f 3675/3675/36 3674/3674/36 3740/3740/36
f 3675/3675/37 3740/3740/37 3741/3741/37
f 3676/3676/37 3675/3675/37 3741/3741/37
f 3676/3676/38 3741/3741/38 3742/3742/38
f 3677/3677/38 3676/3676/38 3742/3742/38
f 3677/3677/39 3742/3742/39 3743/3743/39
f 3678/3678/39 3677/3677/39 3743/3743/39
f 3678/3678/40 3743/3743/40 3744/3744/40
f 3679/3679/40 3678/3678/40 3744/3744/40
f 3679/3679/41 3744/3744/41 3745/3745/41
f 3680/3680/41 3679/3679/41 3745/3745/41
f 3680/3680/42 3745/3745/42 3746/3746/42
f 3681/3681/43 3680/3680/43 3746/3746/43
f 3681/3681/44 3746/3746/44 3747/3747/44
f 3682/3682/44 3681/3681/44 3747/3747/44
f 3682/3682/45 3747/3747/45 3748/3748/45
f 3683/3683/45 3682/3682/45 3748/3748/45
f 3683/3683/46 3748/3748/46 3749/3749/46
f 3684/3684/46 3683/3683/46 3749/3749/46
f 3684/3684/47 3749/3749/47 3750/3750/47
f 3685/3685/47 3684/3684/47 3750/3750/47
f 3685/3685/48 3750/3750/48 3751/3751/48
f 3686/3686/48 3685/3685/48 3751/3751/48
f 3686/3686/49 3751/3751/49 3752/3752/49
f 3687/3687/49 3686/3686/49 3752/3752/49
f 3687/3687/50 3752/3752/50 3753/3753/50
f 3688/3688/50 3687/3687/50 3753/3753/50
f 3688/3688/51 3753/3753/51 3754/3754/51
f 3689/3689/51 3688/3688/51 3754/3754/51
f 3689/3689/52 3754/3754/52 3755/3755/52
f 3690/3690/52 3689/3689/52 3755/3755/52
f 3690/3690/53 3755/3755/53 3756/3756/53
f 3691/3691/53 3690/3690/53 3756/3756/53
f 3691/3691/54 3756/3756/54 3757/3757/54
f 3692/3692/54 3691/3691/54 3757/3757/54
f 3692/3692/55 3757/3757/55 3758/3758/55
f 3693/3693/55 3692/3692/55 3758/3758/55
f 3693/3693/56 3758/3758/56 3759/3759/56
f 3694/3694/56 3693/3693/56 3759/3759/56
f 3694/3694/57 3759/3759/57 3760/3760/57
f 3695/3695/57 3694/3694/57 3760/3760/57
f 3695/3695/58 3760/3760/58 3761/3761/58
f 3696/3696/58 3695/3695/58 3761/3761/58
f 3696/3696/59 3761/3761/59 3762/3762/59
f 3697/3697/59 3696/3696/59 3762/3762/59
f 3697/3697/60 3762/3762/60 3763/3763/60
f 3698/3698/60 3697/3697/60 3763/3763/60
f 3698/3698/61 3763/3763/61 3764/3764/61
f 3699/3699/61 3698/3698/61 3764/3764/61
f 3699/3699/62 3764/3764/62 3765/3765/62
f 3700/3700/62 3699/3699/62 3765/3765/62
f 3700/3700/63 3765/3765/63 3766/3766/63
f 3701/3701/63 3700/3700/63 3766/3766/63
f 3701/3701/64 3766/3766/64 3767/3767/64
f 3702/3702/64 3701/3701/64 3767/3767/64
f 3702/3702/65 3767/3767/65 3768/3768/65
f 3703/3703/65 3702/3702/65 3768/3768/65
f 3703/3703/66 3768/3768/66 3769/3769/66
f 3704/3704/66 3703/3703/66 3769/3769/66
f 3704/3704/67 3769/3769/67 3770/3770/67
f 3705/3705/67 3704/3704/67 3770/3770/67
f 3706/3706/1 3771/3771/1 3772/3772/1
f 3707/3707/1 3706/3706/1 3772/3772/1
f 3707/3707/2 3772/3772/2 3773/3773/2
f 3708/3708/2 3707/3707/2 3773/3773/2
f 3708/3708/3 3773/3773/3 3774/3774/3
f 3709/3709/3 3708/3708/3 3774/3774/3
f 3709/3709/4 3774/3774/4 3775/3775/4
f 3710/3710/4 3709/3709/4 3775/3775/4
f 3710/3710/5 3775/3775/5 3776/3776/5
f 3711/3711/5 3710/3710/5 3776/3776/5
f 3711/3711/6 3776/3776/6 3777/3777/6
f 3712/3712/6 3711/3711/6 3777/3777/6
f 3712/3712/7 3777/3777/7 3778/3778/7
f 3713/3713/7 3712/3712/7 3778/3778/7
f 3713/3713/9 3778/3778/9 3779/3779/9
f 3714/3714/9 3713/3713/9 3779/3779/9
f 3714/3714/10 3779/3779/10 3780/3780/10
f 3715/3715/10 3714/3714/10 3780/3780/10
f 3715/3715/11 3780/3780/11 3781/3781/11
f 3716/3716/11 3715/3715/11 3781/3781/11
f 3716/3716/12 3781/3781/12 3782/3782/12
f 3717/3717/12 3716/3716/12 3782/3782/12
f 3717/3717/13 3782/3782/13 3783/3783/13
f 3718/3718/13 3717/3717/13 3783/3783/13
f 3718/3718/14 3783/3783/14 3784/3784/14
f 3719/3719/14 3718/3718/14 3784/3784/14
f 3719/3719/15 3784/3784/15 3785/3785/15
f 3720/3720/15 3719/3719/15 3785/3785/15
f 3720/3720/16 3785/3785/16 3786/3786/16
f 3721/3721/16 3720/3720/16 3786/3786/16
f 3721/3721/17 3786/3786/17 3787/3787/17
f 3722/3722/17 3721/3721/17 3787/3787/17
f 3722/3722/18 3787/3787/18 3788/3788/18
f 3723/3723/18 3722/3722/18 3788/3788/18
f 3723/3723/19 3788/3788/19 3789/3789/19
f 3724/3724/19 3723/3723/19 3789/3789/19
f 3724/3724/20 3789/3789/20 3790/3790/20
f 3725/3725/20 3724/3724/20 3790/3790/20
f 3725/3725/21 3790/3790/21 3791/3791/21
f 3726/3726/21 3725/3725/21 3791/3791/21
f 3726/3726/22 3791/3791/22 3792/3792/22
f 3727/3727/22 3726/3726/22 3792/3792/22
f 3727/3727/23 3792/3792/23 3793/3793/23
f 3728/3728/23 3727/3727/23 3793/3793/23
f 3728/3728/24 3793/3793/24 3794/3794/24
f 3729/3729/24 3728/3728/24 3794/3794/24
f 3729/3729/25 3794/3794/25 3795/3795/25
f 3730/3730/25 3729/3729/25 3795/3795/25
f 3730/3730/26 3795/3795/26 3796/3796/26
f 3731/3731/27 3730/3730/27 3796/3796/27
f 3731/3731/28 3796/3796/28 3797/3797/28
f 3732/3732/28 3731/3731/28 3797/3797/28
f 3732/3732/29 3797/3797/29 3798/3798/29
f 3733/3733/29 3732/3732/29 3798/3798/29
f 3733/3733/30 3798/3798/30 3799/3799/30
f 3734/3734/30 3733/3733/30 3799/3799/30
f 3734/3734/31 3799/3799/31 3800/3800/31
f 3735/3735/31 3734/3734/31 3800/3800/31
f 3735/3735/32 3800/3800/32 3801/3801/32
f 3736/3736/32 3735/3735/32 3801/3801/32
f 3736/3736/33 3801/3801/33 3802/3802/33
f 3737/3737/33 3736/3736/33 3802/3802/33
f 3737/3737/34 3802/3802/34 3803/3803/34
f 3738/3738/34 3737/3737/34 3803/3803/34
f 3738/3738/35 3803/3803/35 3804/3804/35
f 3739/3739/35 3738/3738/35 3804/3804/35
f 3739/3739/36 3804/3804/36 3805/3805/36
f 3740/3740/36 3739/3739/36 3805/3805/36
f 3740/3740/37 3805/3805/37 3806/3806/37
f 3741/3741/37 3740/3740/37 3806/3806/37
f 3741/3741/38 3806/3806/38 3807/3807/38
f 3742/3742/38 3741/3741/38 3807/3807/38
f 3742/3742/39 3807/3807/39 3808/3808/39
f 3743/3743/39 3742/3742/39 3808/3808/39
f 3743/3743/40 3808/3808/40 3809/3809/40
f 3744/3744/40 3743/3743/40 3809/3809/40
f 3744/3744/41 3809/3809/41 3810/3810/41
f 3745/3745/41 3744/3744/41 3810/3810/41
f 3745/3745/42 3810/3810/42 3811/3811/42
f 3746/3746/43 3745/3745/43 3811/3811/43
f 3746/3746/44 3811/3811/44 3812/3812/44
f 3747/3747/44 3746/3746/44 3812/3812/44
f 3747/3747/45 3812/3812/45 3813/3813/45
f 3748/3748/45 3747/3747/45 3813/3813/45
f 3748/3748/46 3813/3813/46 3814/3814/46
f 3749/3749/46 3748/3748/46 3814/3814/46
f 3749/3749/47 3814/3814/47 3815/3815/47
f 3750/3750/47 3749/3749/47 3815/3815/47
f 3750/3750/48 3815/3815/48 3816/3816/48
f 3751/3751/48 3750/3750/48 3816/3816/48
f 3751/3751/49 3816/3816/49 3817/3817/49
f 3752/3752/49 3751/3751/49 3817/3817/49
f 3752/3752/50 3817/3817/50 3818/3818/50
f 3753/3753/50 3752/3752/50 3818/3818/50
f 3753/3753/51 3818/3818/51 3819/3819/51
f 3754/3754/51 3753/3753/51 3819/3819/51
f 3754/3754/52 3819/3819/52 3820/3820/52
f 3755/3755/52 3754/3754/52 3820/3820/52
f 3755/3755/53 3820/3820/53 3821/3821/53
f 3756/3756/53 3755/3755/53 3821/3821/53
f 3756/3756/54 3821/3821/54 3822/3822/54
f 3757/3757/54 3756/3756/54 3822/3822/54
f 3757/3757/55 3822/3822/55 3823/3823/55
f 3758/3758/55 3757/3757/55 3823/3823/55
f 3758/3758/56 3823/3823/56 3824/3824/56
f 3759/3759/56 3758/3758/56 3824/3824/56
f 3759/3759/57 3824/3824/57 3825/3825/57
f 3760/3760/57 3759/3759/57 3825/3825/57
f 3760/3760/58 3825/3825/58 3826/3826/58
f 3761/3761/58 3760/3760/58 3826/3826/58
f 3761/3761/59 3826/3826/59 3827/3827/59
f 3762/3762/59 3761/3761/59 3827/3827/59
f 3762/3762/60 3827/3827/60 3828/3828/60
f 3763/3763/68 3762/3762/68 3828/3828/68
f 3763/3763/61 3828/3828/61 3829/3829/61
f 3764/3764/61 3763/3763/61 3829/3829/61
f 3764/3764/62 3829/3829/62 3830/3830/62
f 3765/3765/62 3764/3764/62 3830/3830/62
f 3765/3765/63 3830/3830/63 3831/3831/63
f 3766/3766/63 3765/3765/63 3831/3831/63
f 3766/3766/64 3831/3831/64 3832/3832/64
f 3767/3767/64 3766/3766/64 3832/3832/64
f 3767/3767/65 3832/3832/65 3833/3833/65
f 3768/3768/65 3767/3767/65 3833/3833/65
f 3768/3768/66 3833/3833/66 3834/3834/66
f 3769/3769/66 3768/3768/66 3834/3834/66
f 3769/3769/67 3834/3834/67 3835/3835/67
f 3770/3770/67 3769/3769/67 3835/3835/67
f 3771/3771/1 3836/3836/1 3837/3837/1
f 3772/3772/1 3771/3771/1 3837/3837/1
f 3772/3772/2 3837/3837/2 3838/3838/2
f 3773/3773/2 3772/3772/2 3838/3838/2
f 3773/3773/3 3838/3838/3 3839/3839/3
f 3774/3774/3 3773/3773/3 3839/3839/3
f 3774/3774/4 3839/3839/4 3840/3840/4
f 3775/3775/4 3774/3774/4 3840/3840/4
f 3775/3775/5 3840/3840/5 3841/3841/5
f 3776/3776/5 3775/3775/5 3841/3841/5
f 3776/3776/6 3841/3841/6 3842/3842/6
f 3777/3777/6 3776/3776/6 3842/3842/6
f 3777/3777/7 3842/3842/7 3843/3843/7
f 3778/3778/7 3777/3777/7 3843/3843/7
f 3778/3778/8 3843/3843/8 3844/3844/8
f 3779/3779/9 3778/3778/9 3844/3844/9
f 3779/3779/10 3844/3844/10 3845/3845/10
f 3780/3780/10 3779/3779/10 3845/3845/10
f 3780/3780/11 3845/3845/11 3846/3846/11
f 3781/3781/11 3780/3780/11 3846/3846/11
f 3781/3781/12 3846/3846/12 3847/3847/12
f 3782/3782/12 3781/3781/12 3847/3847/12
f 3782/3782/13 3847/3847/13 3848/3848/13
f 3783/3783/13 3782/3782/13 3848/3848/13
f 3783/3783/14 3848/3848/14 3849/3849/14
f 3784/3784/14 3783/3783/14 3849/3849/14
f 3784/3784/15 3849/3849/15 3850/3850/15
f 3785/3785/15 3784/3784/15 3850/3850/15
f 3785/3785/16 3850/3850/16 3851/3851/16
f 3786/3786/16 3785/3785/16 3851/3851/16
f 3786/3786/17 3851/3851/17 3852/3852/17
f 3787/3787/17 3786/3786/17 3852/3852/17
f 3787/3787/18 3852/3852/18 3853/3853/18
f 3788/3788/18 3787/3787/18 3853/3853/18
f 3788/3788/19 3853/3853/19 3854/3854/19
f 3789/3789/19 3788/3788/19 3854/3854/19
f 3789/3789/20 3854/3854/20 3855/3855/20
f 3790/3790/20 3789/3789/20 3855/3855/20
f 3790/3790/21 3855/3855/21 3856/3856/21
f 3791/3791/21 3790/3790/21 3856/3856/21
f 3791/3791/22 3856/3856/22 3857/3857/22
f 3792/3792/22 3791/3791/22 3857/3857/22
f 3792/3792/23 3857/3857/23 3858/3858/23
f 3793/3793/23 3792/3792/23 3858/3858/23
f 3793/3793/24 3858/3858/24 3859/3859/24
f 3794/3794/24 3793/3793/24 3859/3859/24
f 3794/3794/25 3859/3859/25 3860/3860/25
f 3795/3795/69 3794/3794/69 3860/3860/69
f 3795/3795/26 3860/3860/26 3861/3861/26
f 3796/3796/27 3795/3795/27 3861/3861/27
f 3796/3796/28 3861/3861/28 3862/3862/28
f 3797/3797/28 3796/3796/28 3862/3862/28
f 3797/3797/29 3862/3862/29 3863/3863/29
f 3798/3798/29 3797/3797/29 3863/3863/29
f 3798/3798/30 3863/3863/30 3864/3864/30
f 3799/3799/30 3798/3798/30 3864/3864/30
f 3799/3799/31 3864/3864/31 3865/3865/31
f 3800/3800/31 3799/3799/31 3865/3865/31
f 3800/3800/32 3865/3865/32 3866/3866/32
f 3801/3801/32 3800/3800/32 3866/3866/32
f 3801/3801/33 3866/3866/33 3867/3867/33
f 3802/3802/33 3801/3801/33 3867/3867/33
f 3802/3802/34 3867/3867/34 3868/3868/34
f 3803/3803/34 3802/3802/34 3868/3868/34
f 3803/3803/35 3868/3868/35 3869/3869/35
f 3804/3804/35 3803/3803/35 3869/3869/35
f 3804/3804/36 3869/3869/36 3870/3870/36
f 3805/3805/36 3804/3804/36 3870/3870/36
f 3805/3805/37 3870/3870/37 3871/3871/37
f 3806/3806/37 3805/3805/37 3871/3871/37
f 3806/3806/38 3871/3871/38 3872/3872/38
f 3807/3807/38 3806/3806/38 3872/3872/38
f 3807/3807/39 3872/3872/39 3873/3873/39
f 3808/3808/39 3807/3807/39 3873/3873/39
f 3808/3808/40 3873/3873/40 3874/3874/40
f 3809/3809/40 3808/3808/40 3874/3874/40
f 3809/3809/41 3874/3874/41 3875/3875/41
f 3810/3810/41 3809/3809/41 3875/3875/41
f 3810/3810/42 3875/3875/42 3876/3876/42
f 3811/3811/43 3810/3810/43 3876/3876/43
f 3811/3811/44 3876/3876/44 3877/3877/44
f 3812/3812/70 3811/3811/70 3877/3877/70
f 3812/3812/45 3877/3877/45 3878/3878/45
f 3813/3813/45 3812/3812/45 3878/3878/45
f 3813/3813/46 3878/3878/46 3879/3879/46
f 3814/3814/46 3813/3813/46 3879/3879/46
f 3814/3814/47 3879/3879/47 3880/3880/47
f 3815/3815/47 3814/3814/47 3880/3880/47
f 3815/3815/48 3880/3880/48 3881/3881/48
f 3816/3816/48 3815/3815/48 3881/3881/48
f 3816/3816/49 3881/3881/49 3882/3882/49
f 3817/3817/49 3816/3816/49 3882/3882/49
f 3817/3817/50 3882/3882/50 3883/3883/50
f 3818/3818/50 3817/3817/50 3883/3883/50
f 3818/3818/51 3883/3883/51 3884/3884/51
f 3819/3819/51 3818/3818/51 3884/3884/51
f 3819/3819/52 3884/3884/52 3885/3885/52
f 3820/3820/52 3819/3819/52 3885/3885/52
f 3820/3820/53 3885/3885/53 3886/3886/53
f 3821/3821/53 3820/3820/53 3886/3886/53
f 3821/3821/54 3886/3886/54 3887/3887/54
f 3822/3822/54 3821/3821/54 3887/3887/54
f 3822/3822/55 3887/3887/55 3888/3888/55
f 3823/3823/55 3822/3822/55 3888/3888/55
f 3823/3823/56 3888/3888/56 3889/3889/56
f 3824/3824/56 3823/3823/56 3889/3889/56
f 3824/3824/57 3889/3889/57 3890/3890/57
f 3825/3825/57 3824/3824/57 3890/3890/57
f 3825/3825/58 3890/3890/58 3891/3891/58
f 3826/3826/58 3825/3825/58 3891/3891/58
f 3826/3826/59 3891/3891/59 3892/3892/59
f 3827/3827/59 3826/3826/59 3892/3892/59
f 3827/3827/60 3892/3892/60 3893/3893/60
f 3828/3828/60 3827/3827/60 3893/3893/60
f 3828/3828/61 3893/3893/61 3894/3894/61
f 3829/3829/61 3828/3828/61 3894/3894/61
f 3829/3829/62 3894/3894/62 3895/3895/62
f 3830/3830/62 3829/3829/62 3895/3895/62
f 3830/3830/63 3895/3895/63 3896/3896/63
f 3831/3831/63 3830/3830/63 3896/3896/63
f 3831/3831/64 3896/3896/64 3897/3897/64
f 3832/3832/64 3831/3831/64 3897/3897/64
f 3832/3832/65 3897/3897/65 3898/3898/65
f 3833/3833/65 3832/3832/65 3898/3898/65
f 3833/3833/66 3898/3898/66 3899/3899/66
f 3834/3834/66 3833/3833/66 3899/3899/66
f 3834/3834/67 3899/3899/67 3900/3900/67
f 3835/3835/67 3834/3834/67 3900/3900/67
f 3836/3836/1 3901/3901/1 3902/3902/1
f 3837/3837/1 3836/3836/1 3902/3902/1
f 3837/3837/2 3902/3902/2 3903/3903/2
f 3838/3838/2 3837/3837/2 3903/3903/2
f 3838/3838/3 3903/3903/3 3904/3904/3
f 3839/3839/3 3838/3838/3 3904/3904/3
f 3839/3839/4 3904/3904/4 3905/3905/4
f 3840/3840/4 3839/3839/4 3905/3905/4
f 3840/3840/5 3905/3905/5 3906/3906/5
f 3841/3841/5 3840/3840/5 3906/3906/5
f 3841/3841/6 3906/3906/6 3907/3907/6
f 3842/3842/6 3841/3841/6 3907/3907/6
f 3842/3842/7 3907/3907/7 3908/3908/7
f 3843/3843/7 3842/3842/7 3908/3908/7
f 3843/3843/9 3908/3908/9 3909/3909/9
f 3844/3844/9 3843/3843/9 3909/3909/9
f 3844/3844/10 3909/3909/10 3910/3910/10
f 3845/3845/10 3844/3844/10 3910/3910/10
f 3845/3845/11 3910/3910/11 3911/3911/11
f 3846/3846/11 3845/3845/11 3911/3911/11
f 3846/3846/12 3911/3911/12 3912/3912/12
f 3847/3847/12 3846/3846/12 3912/3912/12
f 3847/3847/13 3912/3912/13 3913/3913/13
f 3848/3848/13 3847/3847/13 3913/3913/13
f 3848/3848/14 3913/3913/14 3914/3914/14
f 3849/3849/14 3848/3848/14 3914/3914/14
f 3849/3849/15 3914/3914/15 3915/3915/15
f 3850/3850/15 3849/3849/15 3915/3915/15
f 3850/3850/16 3915/3915/16 3916/3916/16
f 3851/3851/16 3850/3850/16 3916/3916/16
f 3851/3851/17 3916/3916/17 3917/3917/17
f 3852/3852/17 3851/3851/17 3917/3917/17
f 3852/3852/18 3917/3917/18 3918/3918/18
f 3853/3853/18 3852/3852/18 3918/3918/18
f 3853/3853/19 3918/3918/19 3919/3919/19
f 3854/3854/19 3853/3853/19 3919/3919/19
f 3854/3854/20 3919/3919/20 3920/3920/20
f 3855/3855/20 3854/3854/20 3920/3920/20
f 3855/3855/21 3920/3920/21 3921/3921/21
f 3856/3856/21 3855/3855/21 3921/3921/21
f 3856/3856/22 3921/3921/22 3922/3922/22
f 3857/3857/22 3856/3856/22 3922/3922/22
f 3857/3857/23 3922/3922/23 3923/3923/23
f 3858/3858/23 3857/3857/23 3923/3923/23
f 3858/3858/24 3923/3923/24 3924/3924/24
f 3859/3859/24 3858/3858/24 3924/3924/24
f 3859/3859/25 3924/3924/25 3925/3925/25
f 3860/3860/25 3859/3859/25 3925/3925/25
f 3860/3860/27 3925/3925/27 3926/3926/27
f 3861/3861/27 3860/3860/27 3926/3926/27
f 3861/3861/28 3926/3926/28 3927/3927/28
f 3862/3862/28 3861/3861/28 3927/3927/28
f 3862/3862/29 3927/3927/29 3928/3928/29
f 3863/3863/29 3862/3862/29 3928/3928/29
f 3863/3863/30 3928/3928/30 3929/3929/30
f 3864/3864/30 3863/3863/30 3929/3929/30
f 3864/3864/31 3929/3929/31 3930/3930/31
f 3865/3865/31 3864/3864/31 3930/3930/31
f 3865/3865/32 3930/3930/32 3931/3931/32
f 3866/3866/32 3865/3865/32 3931/3931/32
f 3866/3866/33 3931/3931/33 3932/3932/33
f 3867/3867/33 3866/3866/33 3932/3932/33
f 3867/3867/34 3932/3932/34 3933/3933/34
f 3868/3868/34 3867/3867/34 3933/3933/34
f 3868/3868/35 3933/3933/35 3934/3934/35
f 3869/3869/35 3868/3868/35 3934/3934/35
f 3869/3869/36 3934/3934/36 3935/3935/36
f 3870/3870/36 3869/3869/36 3935/3935/36
f 3870/3870/37 3935/3935/37 3936/3936/37
f 3871/3871/37 3870/3870/37 3936/3936/37
f 3871/3871/38 3936/3936/38 3937/3937/38
f 3872/3872/38 3871/3871/38 3937/3937/38
f 3872/3872/39 3937/3937/39 3938/3938/39
f 3873/3873/39 3872/3872/39 3938/3938/39
f 3873/3873/40 3938/3938/40 3939/3939/40
f 3874/3874/40 3873/3873/40 3939/3939/40
f 3874/3874/41 3939/3939/41 3940/3940/41
f 3875/3875/41 3874/3874/41 3940/3940/41
f 3875/3875/43 3940/3940/43 3941/3941/43
f 3876/3876/43 3875/3875/43 3941/3941/43
f 3876/3876/44 3941/3941/44 3942/3942/44
f 3877/3877/44 3876/3876/44 3942/3942/44
f 3877/3877/45 3942/3942/45 3943/3943/45
f 3878/3878/45 3877/3877/45 3943/3943/45
f 3878/3878/46 3943/3943/46 3944/3944/46
f 3879/3879/46 3878/3878/46 3944/3944/46
f 3879/3879/47 3944/3944/47 3945/3945/47
f 3880/3880/47 3879/3879/47 3945/3945/47
f 3880/3880/48 3945/3945/48 3946/3946/48
f 3881/3881/48 3880/3880/48 3946/3946/48
f 3881/3881/49 3946/3946/49 3947/3947/49
f 3882/3882/49 3881/3881/49 3947/3947/49
f 3882/3882/50 3947/3947/50 3948/3948/50
f 3883/3883/50 3882/3882/50 3948/3948/50
f 3883/3883/51 3948/3948/51 3949/3949/51
f 3884/3884/51 3883/3883/51 3949/3949/51
f 3884/3884/52 3949/3949/52 3950/3950/52
f 3885/3885/52 3884/3884/52 3950/3950/52
f 3885/3885/53 3950/3950/53 3951/3951/53
f 3886/3886/53 3885/3885/53 3951/3951/53
f 3886/3886/54 3951/3951/54 3952/3952/54
f 3887/3887/54 3886/3886/54 3952/3952/54
f 3887/3887/55 3952/3952/55 3953/3953/55
f 3888/3888/55 3887/3887/55 3953/3953/55
f 3888/3888/56 3953/3953/56 3954/3954/56
f 3889/3889/56 3888/3888/56 3954/3954/56
f 3889/3889/57 3954/3954/57 3955/3955/57
f 3890/3890/57 3889/3889/57 3955/3955/57
f 3890/3890/58 3955/3955/58 3956/3956/58
f 3891/3891/58 3890/3890/58 3956/3956/58
f 3891/3891/59 3956/3956/59 3957/3957/59
f 3892/3892/59 3891/3891/59 3957/3957/59
f 3892/3892/60 3957/3957/60 3958/3958/60
f 3893/3893/68 3892/3892/68 3958/3958/68
f 3893/3893/61 3958/3958/61 3959/3959/61
f 3894/3894/61 3893/3893/61 3959/3959/61
f 3894/3894/62 3959/3959/62 3960/3960/62
f 3895/3895/62 3894/3894/62 3960/3960/62
f 3895/3895/63 3960/3960/63 3961/3961/63
f 3896/3896/63 3895/3895/63 3961/3961/63
f 3896/3896/64 3961/3961/64 3962/3962/64
f 3897/3897/64 3896/3896/64 3962/3962/64
f 3897/3897/65 3962/3962/65 3963/3963/65
f 3898/3898/65 3897/3897/65 3963/3963/65
f 3898/3898/66 3963/3963/66 3964/3964/66
f 3899/3899/66 3898/3898/66 3964/3964/66
f 3899/3899/67 3964/3964/67 3965/3965/67
f 3900/3900/67 3899/3899/67 3965/3965/67
f 3901/3901/1 3966/3966/1 3967/3967/1
f 3902/3902/1 3901/3901/1 3967/3967/1
f 3902/3902/2 3967/3967/2 3968/3968/2
f 3903/3903/2 3902/3902/2 3968/3968/2
f 3903/3903/3 3968/3968/3 3969/3969/3
f 3904/3904/3 3903/3903/3 3969/3969/3
f 3904/3904/4 3969/3969/4 3970/3970/4
f 3905/3905/4 3904/3904/4 3970/3970/4
f 3905/3905/5 3970/3970/5 3971/3971/5
f 3906/3906/5 3905/3905/5 3971/3971/5
f 3906/3906/6 3971/3971/6 3972/3972/6
f 3907/3907/6 3906/3906/6 3972/3972/6
f 3907/3907/7 3972/3972/7 3973/3973/7
f 3908/3908/7 3907/3907/7 3973/3973/7
f 3908/3908/8 3973/3973/8 3974/3974/8
f 3909/3909/9 3908/3908/9 3974/3974/9
f 3909/3909/10 3974/3974/10 3975/3975/10
f 3910/3910/10 3909/3909/10 3975/3975/10
f 3910/3910/11 3975/3975/11 3976/3976/11
f 3911/3911/11 3910/3910/11 3976/3976/11
f 3911/3911/12 3976/3976/12 3977/3977/12
f 3912/3912/12 3911/3911/12 3977/3977/12
f 3912/3912/13 3977/3977/13 3978/3978/13
f 3913/3913/13 3912/3912/13 3978/3978/13
f 3913/3913/14 3978/3978/14 3979/3979/14
f 3914/3914/14 3913/3913/14 3979/3979/14
f 3914/3914/15 3979/3979/15 3980/3980/15
f 3915/3915/15 3914/3914/15 3980/3980/15
f 3915/3915/16 3980/3980/16 3981/3981/16
f 3916/3916/16 3915/3915/16 3981/3981/16
f 3916/3916/17 3981/3981/17 3982/3982/17
f 3917/3917/17 3916/3916/17 3982/3982/17
f 3917/3917/18 3982/3982/18 3983/3983/18
f 3918/3918/18 3917/3917/18 3983/3983/18
f 3918/3918/19 3983/3983/19 3984/3984/19
f 3919/3919/19 3918/3918/19 3984/3984/19
f 3919/3919/20 3984/3984/20 3985/3985/20
f 3920/3920/20 3919/3919/20 3985/3985/20
f 3920/3920/21 3985/3985/21 3986/3986/21
f 3921/3921/21 3920/3920/21 3986/3986/21
f 3921/3921/22 3986/3986/22 3987/3987/22
f 3922/3922/22 3921/3921/22 3987/3987/22
f 3922/3922/23 3987/3987/23 3988/3988/23
f 3923/3923/23 3922/3922/23 3988/3988/23
f 3923/3923/24 3988/3988/24 3989/3989/24
f 3924/3924/24 3923/3923/24 3989/3989/24
f 3924/3924/25 3989/3989/25 3990/3990/25
f 3925/3925/25 3924/3924/25 3990/3990/25
f 3925/3925/27 3990/3990/27 3991/3991/27
f 3926/3926/26 3925/3925/26 3991/3991/26
f 3926/3926/28 3991/3991/28 3992/3992/28
f 3927/3927/28 3926/3926/28 3992/3992/28
f 3927/3927/29 3992/3992/29 3993/3993/29
f 3928/3928/29 3927/3927/29 3993/3993/29
f 3928/3928/30 3993/3993/30 3994/3994/30
f 3929/3929/30 3928/3928/30 3994/3994/30
f 3929/3929/31 3994/3994/31 3995/3995/31
f 3930/3930/31 3929/3929/31 3995/3995/31
f 3930/3930/32 3995/3995/32 3996/3996/32
f 3931/3931/32 3930/3930/32 3996/3996/32
f 3931/3931/33 3996/3996/33 3997/3997/33
f 3932/3932/33 3931/3931/33 3997/3997/33
f 3932/3932/34 3997/3997/34 3998/3998/34
f 3933/3933/34 3932/3932/34 3998/3998/34
f 3933/3933/35 3998/3998/35 3999/3999/35
f 3934/3934/35 3933/3933/35 3999/3999/35
f 3934/3934/36 3999/3999/36 4000/4000/36
f 3935/3935/36 3934/3934/36 4000/4000/36
f 3935/3935/37 4000/4000/37 4001/4001/37
f 3936/3936/37 3935/3935/37 4001/4001/37
f 3936/3936/38 4001/4001/38 4002/4002/38
f 3937/3937/38 3936/3936/38 4002/4002/38
f 3937/3937/39 4002/4002/39 4003/4003/39
f 3938/3938/39 3937/3937/39 4003/4003/39
f 3938/3938/40 4003/4003/40 4004/4004/40
f 3939/3939/40 3938/3938/40 4004/4004/40
f 3939/3939/41 4004/4004/41 4005/4005/41
f 3940/3940/41 3939/3939/41 4005/4005/41
f 3940/3940/43 4005/4005/43 4006/4006/43
f 3941/3941/42 3940/3940/42 4006/4006/42
f 3941/3941/44 4006/4006/44 4007/4007/44
f 3942/3942/44 3941/3941/44 4007/4007/44
f 3942/3942/45 4007/4007/45 4008/4008/45
f 3943/3943/45 3942/3942/45 4008/4008/45
f 3943/3943/46 4008/4008/46 4009/4009/46
f 3944/3944/46 3943/3943/46 4009/4009/46
f 3944/3944/47 4009/4009/47 4010/4010/47
f 3945/3945/47 3944/3944/47 4010/4010/47
f 3945/3945/48 4010/4010/48 4011/4011/48
f 3946/3946/48 3945/3945/48 4011/4011/48
f 3946/3946/49 4011/4011/49 4012/4012/49
f 3947/3947/49 3946/3946/49 4012/4012/49
f 3947/3947/50 4012/4012/50 4013/4013/50
f 3948/3948/50 3947/3947/50 4013/4013/50
f 3948/3948/51 4013/4013/51 4014/4014/51
f 3949/3949/51 3948/3948/51 4014/4014/51
f 3949/3949/52 4014/4014/52 4015/4015/52
f 3950/3950/52 3949/3949/52 4015/4015/52
f 3950/3950/53 4015/4015/53 4016/4016/53
f 3951/3951/53 3950/3950/53 4016/4016/53
f 3951/3951/54 4016/4016/54 4017/4017/54
f 3952/3952/54 3951/3951/54 4017/4017/54
f 3952/3952/55 4017/4017/55 4018/4018/55
f 3953/3953/55 3952/3952/55 4018/4018/55
f 3953/3953/56 4018/4018/56 4019/4019/56
f 3954/3954/56 3953/3953/56 4019/4019/56
f 3954/3954/57 4019/4019/57 4020/4020/57
f 3955/3955/57 3954/3954/57 4020/4020/57
f 3955/3955/58 4020/4020/58 4021/4021/58
f 3956/3956/58 3955/3955/58 4021/4021/58
f 3956/3956/59 4021/4021/59 4022/4022/59
f 3957/3957/59 3956/3956/59 4022/4022/59
f 3957/3957/60 4022/4022/60 4023/4023/60
f 3958/3958/60 3957/3957/60 4023/4023/60
f 3958/3958/61 4023/4023/61 4024/4024/61
f 3959/3959/61 3958/3958/61 4024/4024/61
f 3959/3959/62 4024/4024/62 4025/4025/62
f 3960/3960/62 3959/3959/62 4025/4025/62
f 3960/3960/63 4025/4025/63 4026/4026/63
f 3961/3961/63 3960/3960/63 4026/4026/63
f 3961/3961/64 4026/4026/64 4027/4027/64
f 3962/3962/64 3961/3961/64 4027/4027/64
f 3962/3962/65 4027/4027/65 4028/4028/65
f 3963/3963/65 3962/3962/65 4028/4028/65
f 3963/3963/66 4028/4028/66 4029/4029/66
f 3964/3964/66 3963/3963/66 4029/4029/66
f 3964/3964/67 4029/4029/67 4030/4030/67
f 3965/3965/67 3964/3964/67 4030/4030/67
f 3966/3966/1 4031/4031/1 4032/4032/1
f 3967/3967/1 3966/3966/1 4032/4032/1
f 3967/3967/2 4032/4032/2 4033/4033/2
f 3968/3968/2 3967/3967/2 4033/4033/2
f 3968/3968/3 4033/4033/3 4034/4034/3
f 3969/3969/3 3968/3968/3 4034/4034/3
f 3969/3969/4 4034/4034/4 4035/4035/4
f 3970/3970/4 3969/3969/4 4035/4035/4
f 3970/3970/5 4035/4035/5 4036/4036/5
f 3971/3971/5 3970/3970/5 4036/4036/5
f 3971/3971/6 4036/4036/6 4037/4037/6
f 3972/3972/6 3971/3971/6 4037/4037/6
f 3972/3972/7 4037/4037/7 4038/4038/7
f 3973/3973/7 3972/3972/7 4038/4038/7
f 3973/3973/9 4038/4038/9 4039/4039/9
f 3974/3974/9 3973/3973/9 4039/4039/9
f 3974/3974/10 4039/4039/10 4040/4040/10
f 3975/3975/10 3974/3974/10 4040/4040/10
f 3975/3975/11 4040/4040/11 4041/4041/11
f 3976/3976/11 3975/3975/11 4041/4041/11
f 3976/3976/12 4041/4041/12 4042/4042/12
f 3977/3977/12 3976/3976/12 4042/4042/12
f 3977/3977/13 4042/4042/13 4043/4043/13
f 3978/3978/13 3977/3977/13 4043/4043/13
f 3978/3978/14 4043/4043/14 4044/4044/14
f 3979/3979/14 3978/3978/14 4044/4044/14
f 3979/3979/15 4044/4044/15 4045/4045/15
f 3980/3980/15 3979/3979/15 4045/4045/15
f 3980/3980/16 4045/4045/16 4046/4046/16
f 3981/3981/16 3980/3980/16 4046/4046/16
f 3981/3981/17 4046/4046/17 4047/4047/17
f 3982/3982/17 3981/3981/17 4047/4047/17
f 3982/3982/18 4047/4047/18 4048/4048/18
f 3983/3983/18 3982/3982/18 4048/4048/18
f 3983/3983/19 4048/4048/19 4049/4049/19
f 3984/3984/19 3983/3983/19 4049/4049/19
f 3984/3984/20 4049/4049/20 4050/4050/20
f 3985/3985/20 3984/3984/20 4050/4050/20
f 3985/3985/21 4050/4050/21 4051/4051/21
f 3986/3986/21 3985/3985/21 4051/4051/21
f 3986/3986/22 4051/4051/22 4052/4052/22
f 3987/3987/22 3986/3986/22 4052/4052/22
f 3987/3987/23 4052/4052/23 4053/4053/23
f 3988/3988/23 3987/3987/23 4053/4053/23
f 3988/3988/24 4053/4053/24 4054/4054/24
f 3989/3989/24 3988/3988/24 4054/4054/24
f 3989/3989/69 4054/4054/69 4055/4055/69
f 3990/3990/25 3989/3989/25 4055/4055/25
f 3990/3990/27 4055/4055/27 4056/4056/27
f 3991/3991/26 3990/3990/26 4056/4056/26
f 3991/3991/28 4056/4056/28 4057/4057/28
f 3992/3992/28 3991/3991/28 4057/4057/28
f 3992/3992/29 4057/4057/29 4058/4058/29
f 3993/3993/29 3992/3992/29 4058/4058/29
f 3993/3993/30 4058/4058/30 4059/4059/30
f 3994/3994/30 3993/3993/30 4059/4059/30
f 3994/3994/31 4059/4059/31 4060/4060/31
f 3995/3995/31 3994/3994/31 4060/4060/31
f 3995/3995/32 4060/4060/32 4061/4061/32
f 3996/3996/32 3995/3995/32 4061/4061/32
f 3996/3996/33 4061/4061/33 4062/4062/33
f 3997/3997/33 3996/3996/33 4062/4062/33
f 3997/3997/34 4062/4062/34 4063/4063/34
f 3998/3998/34 3997/3997/34 4063/4063/34
f 3998/3998/35 4063/4063/35 4064/4064/35
f 3999/3999/35 3998/3998/35 4064/4064/35
f 3999/3999/36 4064/4064/36 4065/4065/36
f 4000/4000/36 3999/3999/36 4065/4065/36
f 4000/4000/37 4065/4065/37 4066/4066/37
f 4001/4001/37 4000/4000/37 4066/4066/37
f 4001/4001/38 4066/4066/38 4067/4067/38
f 4002/4002/38 4001/4001/38 4067/4067/38
f 4002/4002/39 4067/4067/39 4068/4068/39
f 4003/4003/39 4002/4002/39 4068/4068/39
f 4003/4003/40 4068/4068/40 4069/4069/40
f 4004/4004/40 4003/4003/40 4069/4069/40
f 4004/4004/41 4069/4069/41 4070/4070/41
f 4005/4005/41 4004/4004/41 4070/4070/41
f 4005/4005/43 4070/4070/43 4071/4071/43
f 4006/4006/42 4005/4005/42 4071/4071/42
f 4006/4006/70 4071/4071/70 4072/4072/70
f 4007/4007/44 4006/4006/44 4072/4072/44
f 4007/4007/45 4072/4072/45 4073/4073/45
f 4008/4008/45 4007/4007/45 4073/4073/45
f 4008/4008/46 4073/4073/46 4074/4074/46
f 4009/4009/46 4008/4008/46 4074/4074/46
f 4009/4009/47 4074/4074/47 4075/4075/47
f 4010/4010/47 4009/4009/47 4075/4075/47
f 4010/4010/48 4075/4075/48 4076/4076/48
f 4011/4011/48 4010/4010/48 4076/4076/48
f 4011/4011/49 4076/4076/49 4077/4077/49
f 4012/4012/49 4011/4011/49 4077/4077/49
f 4012/4012/50 4077/4077/50 4078/4078/50
f 4013/4013/50 4012/4012/50 4078/4078/50
f 4013/4013/51 4078/4078/51 4079/4079/51
f 4014/4014/51 4013/4013/51 4079/4079/51
f 4014/4014/52 4079/4079/52 4080/4080/52
f 4015/4015/52 4014/4014/52 4080/4080/52
f 4015/4015/53 4080/4080/53 4081/4081/53
f 4016/4016/53 4015/4015/53 4081/4081/53
f 4016/4016/54 4081/4081/54 4082/4082/54
f 4017/4017/54 4016/4016/54 4082/4082/54
f 4017/4017/55 4082/4082/55 4083/4083/55
f 4018/4018/55 4017/4017/55 4083/4083/55
f 4018/4018/56 4083/4083/56 4084/4084/56
f 4019/4019/56 4018/4018/56 4084/4084/56
f 4019/4019/57 4084/4084/57 4085/4085/57
f 4020/4020/57 4019/4019/57 4085/4085/57
f 4020/4020/58 4085/4085/58 4086/4086/58
f 4021/4021/58 4020/4020/58 4086/4086/58
f 4021/4021/59 4086/4086/59 4087/4087/59
f 4022/4022/59 4021/4021/59 4087/4087/59
f 4022/4022/60 4087/4087/60 4088/4088/60
f 4023/4023/68 4022/4022/68 4088/4088/68
f 4023/4023/61 4088/4088/61 4089/4089/61
f 4024/4024/61 4023/4023/61 4089/4089/61
f 4024/4024/62 4089/4089/62 4090/4090/62
f 4025/4025/62 4024/4024/62 4090/4090/62
f 4025/4025/63 4090/4090/63 4091/4091/63
f 4026/4026/63 4025/4025/63 4091/4091/63
f 4026/4026/64 4091/4091/64 4092/4092/64
f 4027/4027/64 4026/4026/64 4092/4092/64
f 4027/4027/65 4092/4092/65 4093/4093/65
f 4028/4028/65 4027/4027/65 4093/4093/65
f 4028/4028/66 4093/4093/66 4094/4094/66
f 4029/4029/66 4028/4028/66 4094/4094/66
f 4029/4029/67 4094/4094/67 4095/4095/67
f 4030/4030/67 4029/4029/67 4095/4095/67
f 4031/4031/1 4096/4096/1 4097/4097/1
f 4032/4032/1 4031/4031/1 4097/4097/1
f 4032/4032/2 4097/4097/2 4098/4098/2
f 4033/4033/2 4032/4032/2 4098/4098/2
f 4033/4033/3 4098/4098/3 4099/4099/3
f 4034/4034/3 4033/4033/3 4099/4099/3
f 4034/4034/4 4099/4099/4 4100/4100/4
f 4035/4035/4 4034/4034/4 4100/4100/4
f 4035/4035/5 4100/4100/5 4101/4101/5
f 4036/4036/5 4035/4035/5 4101/4101/5
f 4036/4036/6 4101/4101/6 4102/4102/6
f 4037/4037/6 4036/4036/6 4102/4102/6
f 4037/4037/7 4102/4102/7 4103/4103/7
f 4038/4038/7 4037/4037/7 4103/4103/7
f 4038/4038/8 4103/4103/8 4104/4104/8
f 4039/4039/9 4038/4038/9 4104/4104/9
f 4039/4039/10 4104/4104/10 4105/4105/10
f 4040/4040/10 4039/4039/10 4105/4105/10
f 4040/4040/11 4105/4105/11 4106/4106/11
f 4041/4041/11 4040/4040/11 4106/4106/11
f 4041/4041/12 4106/4106/12 4107/4107/12
f 4042/4042/12 4041/4041/12 4107/4107/12
f 4042/4042/13 4107/4107/13 4108/4108/13
f 4043/4043/13 4042/4042/13 4108/4108/13
f 4043/4043/14 4108/4108/14 4109/4109/14
f 4044/4044/14 4043/4043/14 4109/4109/14
f 4044/4044/15 4109/4109/15 4110/4110/15
f 4045/4045/15 4044/4044/15 4110/4110/15
f 4045/4045/16 4110/4110/16 4111/4111/16
f 4046/4046/16 4045/4045/16 4111/4111/16
f 4046/4046/17 4111/4111/17 4112/4112/17
f 4047/4047/17 4046/4046/17 4112/4112/17
f 4047/4047/18 4112/4112/18 4113/4113/18
f 4048/4048/18 4047/4047/18 4113/4113/18
f 4048/4048/19 4113/4113/19 4114/4114/19
f 4049/4049/19 4048/4048/19 4114/4114/19
f 4049/4049/20 4114/4114/20 4115/4115/20
f 4050/4050/20 4049/4049/20 4115/4115/20
f 4050/4050/21 4115/4115/21 4116/4116/21
f 4051/4051/21 4050/4050/21 4116/4116/21
f 4051/4051/22 4116/4116/22 4117/4117/22
f 4052/4052/22 4051/4051/22 4117/4117/22
f 4052/4052/23 4117/4117/23 4118/4118/23
f 4053/4053/23 4052/4052/23 4118/4118/23
f 4053/4053/24 4118/4118/24 4119/4119/24
f 4054/4054/24 4053/4053/24 4119/4119/24
f 4054/4054/25 4119/4119/25 4120/4120/25
f 4055/4055/25 4054/4054/25 4120/4120/25
f 4055/4055/27 4120/4120/27 4121/4121/27
f 4056/4056/26 4055/4055/26 4121/4121/26
f 4056/4056/28 4121/4121/28 4122/4122/28
f 4057/4057/28 4056/4056/28 4122/4122/28
f 4057/4057/29 4122/4122/29 4123/4123/29
f 4058/4058/29 4057/4057/29 4123/4123/29
f 4058/4058/30 4123/4123/30 4124/4124/30
f 4059/4059/30 4058/4058/30 4124/4124/30
f 4059/4059/31 4124/4124/31 4125/4125/31
f 4060/4060/31 4059/4059/31 4125/4125/31
f 4060/4060/32 4125/4125/32 4126/4126/32
f 4061/4061/32 4060/4060/32 4126/4126/32
f 4061/4061/33 4126/4126/33 4127/4127/33
f 4062/4062/33 4061/4061/33 4127/4127/33
f 4062/4062/34 4127/4127/34 4128/4128/34
f 4063/4063/34 4062/4062/34 4128/4128/34
f 4063/4063/35 4128/4128/35 4129/4129/35
f 4064/4064/35 4063/4063/35 4129/4129/35
f 4064/4064/36 4129/4129/36 4130/4130/36
f 4065/4065/36 4064/4064/36 4130/4130/36
f 4065/4065/37 4130/4130/37 4131/4131/37
f 4066/4066/37 4065/4065/37 4131/4131/37
f 4066/4066/38 4131/4131/38 4132/4132/38
f 4067/4067/38 4066/4066/38 4132/4132/38
f 4067/4067/39 4132/4132/39 4133/4133/39
f 4068/4068/39 4067/4067/39 4133/4133/39
f 4068/4068/40 4133/4133/40 4134/4134/40
f 4069/4069/40 4068/4068/40 4134/4134/40
f 4069/4069/41 4134/4134/41 4135/4135/41
f 4070/4070/41 4069/4069/41 4135/4135/41
f 4070/4070/43 4135/4135/43 4136/4136/43
f 4071/4071/42 4070/4070/42 4136/4136/42
f 4071/4071/44 4136/4136/44 4137/4137/44
f 4072/4072/44 4071/4071/44 4137/4137/44
f 4072/4072/45 4137/4137/45 4138/4138/45
f 4073/4073/45 4072/4072/45 4138/4138/45
f 4073/4073/46 4138/4138/46 4139/4139/46
f 4074/4074/46 4073/4073/46 4139/4139/46
f 4074/4074/47 4139/4139/47 4140/4140/47
f 4075/4075/47 4074/4074/47 4140/4140/47
f 4075/4075/48 4140/4140/48 4141/4141/48
f 4076/4076/48 4075/4075/48 4141/4141/48
f 4076/4076/49 4141/4141/49 4142/4142/49
f 4077/4077/49 4076/4076/49 4142/4142/49
f 4077/4077/50 4142/4142/50 4143/4143/50
f 4078/4078/50 4077/4077/50 4143/4143/50
f 4078/4078/51 4143/4143/51 4144/4144/51
f 4079/4079/51 4078/4078/51 4144/4144/51
f 4079/4079/52 4144/4144/52 4145/4145/52
f 4080/4080/52 4079/4079/52 4145/4145/52
f 4080/4080/53 4145/4145/53 4146/4146/53
f 4081/4081/53 4080/4080/53 4146/4146/53
f 4081/4081/54 4146/4146/54 4147/4147/54
f 4082/4082/54 4081/4081/54 4147/4147/54
f 4082/4082/55 4147/4147/55 4148/4148/55
f 4083/4083/55 4082/4082/55 4148/4148/55
f 4083/4083/56 4148/4148/56 4149/4149/56
f 4084/4084/56 4083/4083/56 4149/4149/56
f 4084/4084/57 4149/4149/57 4150/4150/57
f 4085/4085/57 4084/4084/57 4150/4150/57
f 4085/4085/58 4150/4150/58 4151/4151/58
f 4086/4086/58 4085/4085/58 4151/4151/58
f 4086/4086/59 4151/4151/59 4152/4152/59
f 4087/4087/59 4086/4086/59 4152/4152/59
f 4087/4087/60 4152/4152/60 4153/4153/60
f 4088/4088/60 4087/4087/60 4153/4153/60
f 4088/4088/61 4153/4153/61 4154/4154/61
f 4089/4089/61 4088/4088/61 4154/4154/61
f 4089/4089/62 4154/4154/62 4155/4155/62
f 4090/4090/62 4089/4089/62 4155/4155/62
f 4090/4090/63 4155/4155/63 4156/4156/63
f 4091/4091/63 4090/4090/63 4156/4156/63
f 4091/4091/64 4156/4156/64 4157/4157/64
f 4092/4092/64 4091/4091/64 4157/4157/64
f 4092/4092/65 4157/4157/65 4158/4158/65
f 4093/4093/65 4092/4092/65 4158/4158/65
f 4093/4093/66 4158/4158/66 4159/4159/66
f 4094/4094/66 4093/4093/66 4159/4159/66
f 4094/4094/67 4159/4159/67 4160/4160/67
f 4095/4095/67 4094/4094/67 4160/4160/67
f 4096/4096/1 4161/4161/1 4162/4162/1
f 4097/4097/1 4096/4096/1 4162/4162/1
f 4097/4097/2 4162/4162/2 4163/4163/2
f 4098/4098/2 4097/4097/2 4163/4163/2
f 4098/4098/3 4163/4163/3 4164/4164/3
f 4099/4099/3 4098/4098/3 4164/4164/3
f 4099/4099/4 4164/4164/4 4165/4165/4
f 4100/4100/4 4099/4099/4 4165/4165/4
f 4100/4100/5 4165/4165/5 4166/4166/5
f 4101/4101/5 4100/4100/5 4166/4166/5
f 4101/4101/6 4166/4166/6 4167/4167/6
f 4102/4102/6 4101/4101/6 4167/4167/6
f 4102/4102/7 4167/4167/7 4168/4168/7
f 4103/4103/7 4102/4102/7 4168/4168/7
f 4103/4103/9 4168/4168/9 4169/4169/9
f 4104/4104/9 4103/4103/9 4169/4169/9
f 4104/4104/10 4169/4169/10 4170/4170/10
f 4105/4105/10 4104/4104/10 4170/4170/10
f 4105/4105/11 4170/4170/11 4171/4171/11
f 4106/4106/11 4105/4105/11 4171/4171/11
f 4106/4106/12 4171/4171/12 4172/4172/12
f 4107/4107/12 4106/4106/12 4172/4172/12
f 4107/4107/13 4172/4172/13 4173/4173/13
f 4108/4108/13 4107/4107/13 4173/4173/13
f 4108/4108/14 4173/4173/14 4174/4174/14
f 4109/4109/14 4108/4108/14 4174/4174/14
f 4109/4109/15 4174/4174/15 4175/4175/15
f 4110/4110/15 4109/4109/15 4175/4175/15
f 4110/4110/16 4175/4175/16 4176/4176/16
f 4111/4111/16 4110/4110/16 4176/4176/16
f 4111/4111/17 4176/4176/17 4177/4177/17
f 4112/4112/17 4111/4111/17 4177/4177/17
f 4112/4112/18 4177/4177/18 4178/4178/18
f 4113/4113/18 4112/4112/18 4178/4178/18
f 4113/4113/19 4178/4178/19 4179/4179/19
f 4114/4114/19 4113/4113/19 4179/4179/19
f 4114/4114/20 4179/4179/20 4180/4180/20
f 4115/4115/20 4114/4114/20 4180/4180/20
f 4115/4115/21 4180/4180/21 4181/4181/21
f 4116/4116/21 4115/4115/21 4181/4181/21
f 4116/4116/22 4181/4181/22 4182/4182/22
f 4117/4117/22 4116/4116/22 4182/4182/22
f 4117/4117/23 4182/4182/23 4183/4183/23
f 4118/4118/23 4117/4117/23 4183/4183/23
f 4118/4118/24 4183/4183/24 4184/4184/24
f 4119/4119/24 4118/4118/24 4184/4184/24
f 4119/4119/25 4184/4184/25 4185/4185/25
f 4120/4120/25 4119/4119/25 4185/4185/25
f 4120/4120/27 4185/4185/27 4186/4186/27
f 4121/4121/26 4120/4120/26 4186/4186/26
f 4121/4121/28 4186/4186/28 4187/4187/28
f 4122/4122/28 4121/4121/28 4187/4187/28
f 4122/4122/29 4187/4187/29 4188/4188/29
f 4123/4123/29 4122/4122/29 4188/4188/29
f 4123/4123/30 4188/4188/30 4189/4189/30
f 4124/4124/30 4123/4123/30 4189/4189/30
f 4124/4124/31 4189/4189/31 4190/4190/31
f 4125/4125/31 4124/4124/31 4190/4190/31
f 4125/4125/32 4190/4190/32 4191/4191/32
f 4126/4126/32 4125/4125/32 4191/4191/32
f 4126/4126/33 4191/4191/33 4192/4192/33
f 4127/4127/33 4126/4126/33 4192/4192/33
f 4127/4127/34 4192/4192/34 4193/4193/34
f 4128/4128/34 4127/4127/34 4193/4193/34
f 4128/4128/35 4193/4193/35 4194/4194/35
f 4129/4129/35 4128/4128/35 4194/4194/35
f 4129/4129/36 4194/4194/36 4195/4195/36
f 4130/4130/36 4129/4129/36 4195/4195/36
f 4130/4130/37 4195/4195/37 4196/4196/37
f 4131/4131/37 4130/4130/37 4196/4196/37
f 4131/4131/38 4196/4196/38 4197/4197/38
f 4132/4132/38 4131/4131/38 4197/4197/38
f 4132/4132/39 4197/4197/39 4198/4198/39
f 4133/4133/39 4132/4132/39 4198/4198/39
f 4133/4133/40 4198/4198/40 4199/4199/40
f 4134/4134/40 4133/4133/40 4199/4199/40
f 4134/4134/41 4199/4199/41 4200/4200/41
f 4135/4135/41 4134/4134/41 4200/4200/41
f 4135/4135/43 4200/4200/43 4201/4201/43
f 4136/4136/42 4135/4135/42 4201/4201/42
f 4136/4136/44 4201/4201/44 4202/4202/44
f 4137/4137/44 4136/4136/44 4202/4202/44
f 4137/4137/45 4202/4202/45 4203/4203/45
f 4138/4138/45 4137/4137/45 4203/4203/45
f 4138/4138/46 4203/4203/46 4204/4204/46
f 4139/4139/46 4138/4138/46 4204/4204/46
f 4139/4139/47 4204/4204/47 4205/4205/47
f 4140/4140/47 4139/4139/47 4205/4205/47
f 4140/4140/48 4205/4205/48 4206/4206/48
f 4141/4141/48 4140/4140/48 4206/4206/48
f 4141/4141/49 4206/4206/49 4207/4207/49
f 4142/4142/49 4141/4141/49 4207/4207/49
f 4142/4142/50 4207/4207/50 4208/4208/50
f 4143/4143/50 4142/4142/50 4208/4208/50
f 4143/4143/51 4208/4208/51 4209/4209/51
f 4144/4144/51 4143/4143/51 4209/4209/51
f 4144/4144/52 4209/4209/52 4210/4210/52
f 4145/4145/52 4144/4144/52 4210/4210/52
f 4145/4145/53 4210/4210/53 4211/4211/53
f 4146/4146/53 4145/4145/53 4211/4211/53
f 4146/4146/54 4211/4211/54 4212/4212/54
f 4147/4147/54 4146/4146/54 4212/4212/54
f 4147/4147/55 4212/4212/55 4213/4213/55
f 4148/4148/55 4147/4147/55 4213/4213/55
f 4148/4148/56 4213/4213/56 4214/4214/56
f 4149/4149/56 4148/4148/56 4214/4214/56
f 4149/4149/57 4214/4214/57 4215/4215/57
f 4150/4150/57 4149/4149/57 4215/4215/57
f 4150/4150/58 4215/4215/58 4216/4216/58
f 4151/4151/58 4150/4150/58 4216/4216/58
f 4151/4151/59 4216/4216/59 4217/4217/59
f 4152/4152/59 4151/4151/59 4217/4217/59
f 4152/4152/60 4217/4217/60 4218/4218/60
f 4153/4153/68 4152/4152/68 4218/4218/68
f 4153/4153/61 4218/4218/61 4219/4219/61
f 4154/4154/61 4153/4153/61 4219/4219/61
f 4154/4154/62 4219/4219/62 4220/4220/62
f 4155/4155/62 4154/4154/62 4220/4220/62
f 4155/4155/63 4220/4220/63 4221/4221/63
f 4156/4156/63 4155/4155/63 4221/4221/63
f 4156/4156/64 4221/4221/64 4222/4222/64
f 4157/4157/64 4156/4156/64 4222/4222/64
f 4157/4157/65 4222/4222/65 4223/4223/65
f 4158/4158/65 4157/4157/65 4223/4223/65
f 4158/4158/66 4223/4223/66 4224/4224/66
f 4159/4159/66 4158/4158/66 4224/4224/66
f 4159/4159/67 4224/4224/67 4225/4225/67
f 4160/4160/67 4159/4159/67 4225/4225/67
