# Blender 5.1.2
# www.blender.org
o square16x16_init.001_UV_Flat_3D
v 1.479118 0.000000 -0.007359
v 1.477598 0.000000 -0.038523
v 1.454268 0.000000 -0.037579
v 1.290830 0.000000 -0.002898
v 1.314335 0.000000 -0.003204
v 1.290236 0.000000 -0.034145
v 1.266791 0.000000 -0.033872
v 1.103096 0.000000 -0.001286
v 1.126545 0.000000 -0.001432
v 1.102761 0.000000 -0.032538
v 1.079336 0.000000 -0.032404
v 0.915553 0.000000 -0.000469
v 0.938995 0.000000 -0.000541
v 0.915376 0.000000 -0.031724
v 0.891953 0.000000 -0.031660
v 0.727993 0.000000 -0.000175
v 0.751441 0.000000 -0.000185
v 0.727968 0.000000 -0.031431
v 0.704538 0.000000 -0.031429
v 0.540371 0.000000 -0.000395
v 0.563828 0.000000 -0.000337
v 0.540509 0.000000 -0.031651
v 0.517073 0.000000 -0.031718
v 0.352648 0.000000 -0.001239
v 0.376123 0.000000 -0.001090
v 0.352989 0.000000 -0.032493
v 0.329542 0.000000 -0.032658
v 0.164655 0.000000 -0.003205
v 0.188178 0.000000 -0.002850
v 0.165371 0.000000 -0.034454
v 0.141921 0.000000 -0.034855
v 1.502452 0.000000 -0.008601
v 1.472934 0.000000 -0.255210
v 1.472680 0.000000 -0.286148
v 1.449412 0.000000 -0.285911
v 1.286950 0.000000 -0.252962
v 1.310197 0.000000 -0.253203
v 1.286689 0.000000 -0.284199
v 1.263442 0.000000 -0.283988
v 1.100793 0.000000 -0.251530
v 1.124079 0.000000 -0.251667
v 1.100602 0.000000 -0.282832
v 1.077324 0.000000 -0.282708
v 0.914392 0.000000 -0.250761
v 0.937701 0.000000 -0.250828
v 0.914295 0.000000 -0.282077
v 0.890997 0.000000 -0.282019
v 0.727887 0.000000 -0.250493
v 0.751202 0.000000 -0.250500
v 0.727884 0.000000 -0.281815
v 0.704581 0.000000 -0.281816
v 0.541384 0.000000 -0.250722
v 0.564693 0.000000 -0.250664
v 0.541478 0.000000 -0.282044
v 0.518183 0.000000 -0.282110
v 0.355005 0.000000 -0.251538
v 0.378291 0.000000 -0.251398
v 0.355194 0.000000 -0.282845
v 0.331924 0.000000 -0.282993
v 0.168891 0.000000 -0.253162
v 0.192139 0.000000 -0.252906
v 0.169140 0.000000 -0.284374
v 0.145896 0.000000 -0.284617
v 1.496213 0.000000 -0.255488
v 1.472063 0.000000 -0.503160
v 1.472074 0.000000 -0.534232
v 1.448791 0.000000 -0.534247
v 1.285915 0.000000 -0.502690
v 1.309172 0.000000 -0.502786
v 1.285905 0.000000 -0.533890
v 1.262647 0.000000 -0.533804
v 1.099911 0.000000 -0.501896
v 1.123159 0.000000 -0.501988
v 1.099885 0.000000 -0.533177
v 1.076636 0.000000 -0.533095
v 0.913913 0.000000 -0.501329
v 0.937164 0.000000 -0.501381
v 0.913895 0.000000 -0.532645
v 0.890646 0.000000 -0.532601
v 0.727891 0.000000 -0.501122
v 0.751144 0.000000 -0.501126
v 0.727895 0.000000 -0.532449
v 0.704645 0.000000 -0.532450
v 0.541868 0.000000 -0.501314
v 0.565120 0.000000 -0.501268
v 0.541892 0.000000 -0.532631
v 0.518642 0.000000 -0.532681
v 0.355858 0.000000 -0.501907
v 0.379109 0.000000 -0.501814
v 0.355885 0.000000 -0.533185
v 0.332632 0.000000 -0.533275
v 0.169812 0.000000 -0.502736
v 0.193075 0.000000 -0.502636
v 0.169816 0.000000 -0.533927
v 0.146548 0.000000 -0.534006
v 1.495349 0.000000 -0.503134
v 1.472389 0.000000 -0.752167
v 1.472444 0.000000 -0.783352
v 1.449155 0.000000 -0.783411
v 1.286106 0.000000 -0.752307
v 1.309386 0.000000 -0.752322
v 1.286150 0.000000 -0.783515
v 1.262870 0.000000 -0.783499
v 1.099951 0.000000 -0.752047
v 1.123212 0.000000 -0.752085
v 1.099978 0.000000 -0.783303
v 1.076717 0.000000 -0.783270
v 0.913922 0.000000 -0.751773
v 0.937171 0.000000 -0.751801
v 0.913938 0.000000 -0.783065
v 0.890690 0.000000 -0.783042
v 0.727952 0.000000 -0.751653
v 0.751197 0.000000 -0.751657
v 0.727963 0.000000 -0.782955
v 0.704717 0.000000 -0.782954
v 0.541968 0.000000 -0.751741
v 0.565219 0.000000 -0.751718
v 0.541974 0.000000 -0.783028
v 0.518720 0.000000 -0.783050
v 0.355896 0.000000 -0.752018
v 0.379162 0.000000 -0.751976
v 0.355891 0.000000 -0.783268
v 0.332621 0.000000 -0.783305
v 0.169678 0.000000 -0.752330
v 0.192963 0.000000 -0.752299
v 0.169658 0.000000 -0.783540
v 0.146369 0.000000 -0.783562
v 1.495677 0.000000 -0.752091
v 1.472725 0.000000 -1.001863
v 1.472742 0.000000 -1.033096
v 1.449451 0.000000 -1.033117
v 1.286389 0.000000 -1.002016
v 1.309679 0.000000 -1.002004
v 1.286406 0.000000 -1.033235
v 1.263118 0.000000 -1.033248
v 1.100152 0.000000 -1.002063
v 1.123423 0.000000 -1.002061
v 1.100168 0.000000 -1.033313
v 1.076899 0.000000 -1.033319
v 0.914065 0.000000 -1.002051
v 0.937320 0.000000 -1.002054
v 0.914081 0.000000 -1.033332
v 0.890828 0.000000 -1.033330
v 0.728064 0.000000 -1.002012
v 0.751313 0.000000 -1.002018
v 0.728080 0.000000 -1.033303
v 0.704831 0.000000 -1.033297
v 0.542050 0.000000 -1.001978
v 0.565306 0.000000 -1.001981
v 0.542067 0.000000 -1.033252
v 0.518810 0.000000 -1.033246
v 0.355929 0.000000 -1.001977
v 0.379203 0.000000 -1.001974
v 0.355949 0.000000 -1.033218
v 0.332673 0.000000 -1.033217
v 0.169656 0.000000 -1.002045
v 0.192947 0.000000 -1.002031
v 0.169678 0.000000 -1.033259
v 0.146386 0.000000 -1.033275
v 1.496013 0.000000 -1.001832
v 1.472684 0.000000 -1.251675
v 1.472654 0.000000 -1.282878
v 1.449365 0.000000 -1.282856
v 1.286379 0.000000 -1.251770
v 1.309662 0.000000 -1.251736
v 1.286360 0.000000 -1.282988
v 1.263081 0.000000 -1.283031
v 1.100199 0.000000 -1.252099
v 1.123463 0.000000 -1.252059
v 1.100197 0.000000 -1.283363
v 1.076937 0.000000 -1.283407
v 0.914156 0.000000 -1.252337
v 0.937407 0.000000 -1.252317
v 0.914164 0.000000 -1.283633
v 0.890916 0.000000 -1.283652
v 0.728183 0.000000 -1.252371
v 0.751428 0.000000 -1.252379
v 0.728194 0.000000 -1.283676
v 0.704949 0.000000 -1.283665
v 0.542205 0.000000 -1.252204
v 0.565455 0.000000 -1.252234
v 0.542221 0.000000 -1.283492
v 0.518971 0.000000 -1.283455
v 0.356150 0.000000 -1.251912
v 0.379413 0.000000 -1.251950
v 0.356179 0.000000 -1.283158
v 0.332916 0.000000 -1.283115
v 0.169957 0.000000 -1.251704
v 0.193240 0.000000 -1.251713
v 0.170005 0.000000 -1.282898
v 0.146723 0.000000 -1.282892
v 1.495972 0.000000 -1.251706
v 1.472455 0.000000 -1.500947
v 1.472454 0.000000 -1.532035
v 1.449174 0.000000 -1.532065
v 1.286292 0.000000 -1.501503
v 1.309551 0.000000 -1.501399
v 1.286317 0.000000 -1.532723
v 1.263063 0.000000 -1.532842
v 1.100266 0.000000 -1.502310
v 1.123516 0.000000 -1.502221
v 1.100305 0.000000 -1.533605
v 1.077054 0.000000 -1.533694
v 0.914253 0.000000 -1.502808
v 0.937506 0.000000 -1.502767
v 0.914278 0.000000 -1.534132
v 0.891023 0.000000 -1.534167
v 0.728228 0.000000 -1.502898
v 0.751481 0.000000 -1.502909
v 0.728224 0.000000 -1.534226
v 0.704967 0.000000 -1.534209
v 0.542211 0.000000 -1.502596
v 0.565462 0.000000 -1.502654
v 0.542179 0.000000 -1.533910
v 0.518927 0.000000 -1.533843
v 0.356218 0.000000 -1.501952
v 0.379466 0.000000 -1.502047
v 0.356177 0.000000 -1.533222
v 0.332930 0.000000 -1.533115
v 0.170194 0.000000 -1.501159
v 0.193454 0.000000 -1.501249
v 0.170173 0.000000 -1.532328
v 0.146914 0.000000 -1.532228
v 1.495740 0.000000 -1.500962
v 1.473236 0.000000 -1.749122
v 1.473547 0.000000 -1.780073
v 1.450286 0.000000 -1.780437
v 1.287234 0.000000 -1.751369
v 1.310486 0.000000 -1.751129
v 1.287525 0.000000 -1.782628
v 1.264258 0.000000 -1.782867
v 1.101045 0.000000 -1.752766
v 1.124335 0.000000 -1.752638
v 1.101234 0.000000 -1.784079
v 1.077927 0.000000 -1.784197
v 0.914622 0.000000 -1.753420
v 0.937932 0.000000 -1.753371
v 0.914698 0.000000 -1.784739
v 0.891372 0.000000 -1.784779
v 0.728109 0.000000 -1.753520
v 0.751424 0.000000 -1.753535
v 0.728078 0.000000 -1.784837
v 0.704750 0.000000 -1.784814
v 0.541618 0.000000 -1.753132
v 0.564925 0.000000 -1.753207
v 0.541483 0.000000 -1.784442
v 0.518165 0.000000 -1.784358
v 0.355265 0.000000 -1.752221
v 0.378547 0.000000 -1.752368
v 0.355021 0.000000 -1.783516
v 0.331731 0.000000 -1.783353
v 0.169184 0.000000 -1.750576
v 0.192428 0.000000 -1.750832
v 0.168859 0.000000 -1.781782
v 0.145615 0.000000 -1.781483
v 1.496513 0.000000 -1.748839
v 1.475020 0.000000 -1.872919
v 1.498292 0.000000 -1.872275
v 1.475744 0.000000 -1.903895
v 1.497697 0.000000 -1.841424
v 0.076212 0.000000 -1.749423
v 0.099459 0.000000 -1.749724
v 0.075886 0.000000 -1.780475
v 0.074390 0.000000 -1.873713
v 0.073661 0.000000 -1.904845
v 0.050398 0.000000 -1.904196
v 0.097646 0.000000 -1.874231
v 0.167478 0.000000 -1.875477
v 0.166873 0.000000 -1.906730
v 0.143546 0.000000 -1.906348
v 0.190780 0.000000 -1.875806
v 0.191287 0.000000 -1.844549
v 0.262186 0.000000 -1.751511
v 0.285448 0.000000 -1.751708
v 0.261893 0.000000 -1.782781
v 0.260743 0.000000 -1.876610
v 0.260278 0.000000 -1.907884
v 0.236916 0.000000 -1.907640
v 0.284078 0.000000 -1.876830
v 0.354113 0.000000 -1.877385
v 0.353761 0.000000 -1.908663
v 0.330386 0.000000 -1.908493
v 0.377466 0.000000 -1.877541
v 0.377774 0.000000 -1.846255
v 0.448416 0.000000 -1.752750
v 0.471712 0.000000 -1.752858
v 0.448226 0.000000 -1.784055
v 0.447538 0.000000 -1.877940
v 0.447275 0.000000 -1.909221
v 0.423894 0.000000 -1.909098
v 0.470900 0.000000 -1.878053
v 0.540994 0.000000 -1.878338
v 0.540807 0.000000 -1.909621
v 0.517422 0.000000 -1.909534
v 0.564362 0.000000 -1.878417
v 0.564520 0.000000 -1.847124
v 0.634854 0.000000 -1.753386
v 0.658167 0.000000 -1.753431
v 0.634771 0.000000 -1.784700
v 0.634470 0.000000 -1.878604
v 0.634354 0.000000 -1.909889
v 0.610966 0.000000 -1.909834
v 0.657842 0.000000 -1.878651
v 0.727961 0.000000 -1.878747
v 0.727913 0.000000 -1.910034
v 0.704522 0.000000 -1.910009
v 0.751335 0.000000 -1.878763
v 0.751362 0.000000 -1.847467
v 0.821369 0.000000 -1.753533
v 0.844683 0.000000 -1.753517
v 0.821391 0.000000 -1.784851
v 0.821459 0.000000 -1.878766
v 0.821481 0.000000 -1.910054
v 0.798088 0.000000 -1.910061
v 0.844834 0.000000 -1.878751
v 0.914959 0.000000 -1.878656
v 0.915054 0.000000 -1.909945
v 0.891660 0.000000 -1.909985
v 0.938333 0.000000 -1.878607
v 0.938224 0.000000 -1.847309
v 1.007853 0.000000 -1.753171
v 1.031156 0.000000 -1.753085
v 1.007985 0.000000 -1.784488
v 1.008452 0.000000 -1.878405
v 1.008627 0.000000 -1.909694
v 0.985234 0.000000 -1.909771
v 1.031823 0.000000 -1.878318
v 1.101926 0.000000 -1.877990
v 1.102191 0.000000 -1.909279
v 1.078801 0.000000 -1.909400
v 1.125289 0.000000 -1.877856
v 1.125017 0.000000 -1.846559
v 1.194178 0.000000 -1.752178
v 1.217449 0.000000 -1.751998
v 1.194422 0.000000 -1.783476
v 1.195360 0.000000 -1.877365
v 1.195733 0.000000 -1.908652
v 1.172351 0.000000 -1.908833
v 1.218709 0.000000 -1.877167
v 1.288717 0.000000 -1.876438
v 1.289221 0.000000 -1.907712
v 1.265857 0.000000 -1.907985
v 1.312038 0.000000 -1.876141
v 1.311559 0.000000 -1.844878
v 1.380225 0.000000 -1.750320
v 1.403470 0.000000 -1.750025
v 1.380539 0.000000 -1.781480
v 1.381940 0.000000 -1.875034
v 1.382584 0.000000 -1.906249
v 1.359260 0.000000 -1.906682
v 1.405220 0.000000 -1.874580
v 1.452471 0.000000 -1.904588
v 1.472574 0.000000 -1.625183
v 1.495856 0.000000 -1.625105
v 1.472671 0.000000 -1.656194
v 1.495792 0.000000 -1.594106
v 0.077123 0.000000 -1.500900
v 0.100396 0.000000 -1.500944
v 0.077114 0.000000 -1.531994
v 0.076950 0.000000 -1.625217
v 0.076834 0.000000 -1.656274
v 0.053569 0.000000 -1.656112
v 0.100212 0.000000 -1.625359
v 0.169967 0.000000 -1.625838
v 0.169837 0.000000 -1.657013
v 0.146592 0.000000 -1.656824
v 0.193214 0.000000 -1.626004
v 0.193313 0.000000 -1.594812
v 0.263218 0.000000 -1.501547
v 0.286470 0.000000 -1.501650
v 0.263185 0.000000 -1.532776
v 0.262948 0.000000 -1.626487
v 0.262812 0.000000 -1.657734
v 0.239568 0.000000 -1.657562
v 0.286194 0.000000 -1.626639
v 0.355939 0.000000 -1.627057
v 0.355813 0.000000 -1.658344
v 0.332559 0.000000 -1.658203
v 0.379192 0.000000 -1.627183
v 0.379291 0.000000 -1.595893
v 0.449212 0.000000 -1.502311
v 0.472461 0.000000 -1.502390
v 0.449173 0.000000 -1.533608
v 0.448963 0.000000 -1.627517
v 0.448857 0.000000 -1.658825
v 0.425592 0.000000 -1.658716
v 0.472224 0.000000 -1.627614
v 0.542018 0.000000 -1.627862
v 0.541939 0.000000 -1.659182
v 0.518666 0.000000 -1.659104
v 0.565287 0.000000 -1.627931
v 0.565346 0.000000 -1.596610
v 0.635217 0.000000 -1.502794
v 0.658469 0.000000 -1.502829
v 0.635198 0.000000 -1.534117
v 0.635099 0.000000 -1.628095
v 0.635051 0.000000 -1.659421
v 0.611771 0.000000 -1.659372
v 0.658372 0.000000 -1.628136
v 0.728194 0.000000 -1.628216
v 0.728178 0.000000 -1.659546
v 0.704895 0.000000 -1.659526
v 0.751469 0.000000 -1.628229
v 0.751475 0.000000 -1.596898
v 0.821241 0.000000 -1.502904
v 0.844495 0.000000 -1.502889
v 0.821253 0.000000 -1.534232
v 0.821294 0.000000 -1.628224
v 0.821310 0.000000 -1.659555
v 0.798027 0.000000 -1.659564
v 0.844568 0.000000 -1.628208
v 0.914386 0.000000 -1.628114
v 0.914435 0.000000 -1.659443
v 0.891155 0.000000 -1.659483
v 0.937657 0.000000 -1.628068
v 0.937609 0.000000 -1.596740
v 1.007261 0.000000 -1.502609
v 1.030513 0.000000 -1.502543
v 1.007297 0.000000 -1.533922
v 1.007461 0.000000 -1.627880
v 1.007539 0.000000 -1.659204
v 0.984266 0.000000 -1.659276
v 1.030726 0.000000 -1.627802
v 1.100509 0.000000 -1.627515
v 1.100612 0.000000 -1.658825
v 1.077347 0.000000 -1.658933
v 1.123766 0.000000 -1.627403
v 1.123679 0.000000 -1.596101
v 1.193271 0.000000 -1.501928
v 1.216524 0.000000 -1.501824
v 1.193308 0.000000 -1.533193
v 1.193525 0.000000 -1.627016
v 1.193644 0.000000 -1.658300
v 1.170390 0.000000 -1.658445
v 1.216775 0.000000 -1.626871
v 1.286518 0.000000 -1.626398
v 1.286639 0.000000 -1.657632
v 1.263393 0.000000 -1.657811
v 1.309764 0.000000 -1.626231
v 1.309675 0.000000 -1.595020
v 1.379346 0.000000 -1.501123
v 1.402618 0.000000 -1.501052
v 1.379357 0.000000 -1.532280
v 1.379514 0.000000 -1.625728
v 1.379625 0.000000 -1.656873
v 1.356376 0.000000 -1.657065
v 1.402770 0.000000 -1.625569
v 1.449399 0.000000 -1.656339
v 1.472552 0.000000 -1.376421
v 1.495839 0.000000 -1.376463
v 1.472519 0.000000 -1.407577
v 1.495874 0.000000 -1.345294
v 0.076813 0.000000 -1.251763
v 0.100101 0.000000 -1.251732
v 0.076867 0.000000 -1.282940
v 0.077019 0.000000 -1.376414
v 0.077060 0.000000 -1.407552
v 0.053777 0.000000 -1.407570
v 0.100301 0.000000 -1.376404
v 0.170133 0.000000 -1.376458
v 0.170165 0.000000 -1.407638
v 0.146893 0.000000 -1.407597
v 0.193405 0.000000 -1.376498
v 0.193370 0.000000 -1.345305
v 0.263073 0.000000 -1.251776
v 0.286346 0.000000 -1.251806
v 0.263112 0.000000 -1.282996
v 0.263208 0.000000 -1.376655
v 0.263227 0.000000 -1.407876
v 0.239965 0.000000 -1.407808
v 0.286470 0.000000 -1.376716
v 0.356245 0.000000 -1.376909
v 0.356254 0.000000 -1.408165
v 0.333000 0.000000 -1.408092
v 0.379500 0.000000 -1.376974
v 0.379485 0.000000 -1.345714
v 0.449191 0.000000 -1.252065
v 0.472447 0.000000 -1.252102
v 0.449213 0.000000 -1.283334
v 0.449256 0.000000 -1.377161
v 0.449259 0.000000 -1.408443
v 0.426009 0.000000 -1.408377
v 0.472506 0.000000 -1.377218
v 0.542251 0.000000 -1.377373
v 0.542252 0.000000 -1.408674
v 0.519004 0.000000 -1.408622
v 0.565499 0.000000 -1.377418
v 0.565493 0.000000 -1.346117
v 0.635199 0.000000 -1.252310
v 0.658445 0.000000 -1.252330
v 0.635212 0.000000 -1.283610
v 0.635238 0.000000 -1.377527
v 0.635239 0.000000 -1.408839
v 0.611993 0.000000 -1.408805
v 0.658483 0.000000 -1.377554
v 0.728220 0.000000 -1.377610
v 0.728225 0.000000 -1.408927
v 0.704979 0.000000 -1.408913
v 0.751466 0.000000 -1.377619
v 0.751458 0.000000 -1.346304
v 0.821166 0.000000 -1.252381
v 0.844412 0.000000 -1.252375
v 0.821176 0.000000 -1.283685
v 0.821203 0.000000 -1.377616
v 0.821212 0.000000 -1.408934
v 0.797965 0.000000 -1.408940
v 0.844450 0.000000 -1.377605
v 0.914191 0.000000 -1.377543
v 0.914202 0.000000 -1.408854
v 0.890954 0.000000 -1.408882
v 0.937439 0.000000 -1.377513
v 0.937429 0.000000 -1.346208
v 1.007165 0.000000 -1.252240
v 1.030420 0.000000 -1.252208
v 1.007169 0.000000 -1.283523
v 1.007187 0.000000 -1.377393
v 1.007198 0.000000 -1.408691
v 0.983948 0.000000 -1.408739
v 1.030438 0.000000 -1.377344
v 1.100198 0.000000 -1.377174
v 1.100205 0.000000 -1.408451
v 1.076952 0.000000 -1.408518
v 1.123454 0.000000 -1.377110
v 1.123454 0.000000 -1.345842
v 1.193269 0.000000 -1.251932
v 1.216543 0.000000 -1.251889
v 1.193259 0.000000 -1.283173
v 1.193233 0.000000 -1.376907
v 1.193231 0.000000 -1.408157
v 1.169972 0.000000 -1.408234
v 1.216497 0.000000 -1.376838
v 1.286303 0.000000 -1.376637
v 1.286288 0.000000 -1.407853
v 1.263021 0.000000 -1.407927
v 1.309576 0.000000 -1.376577
v 1.309597 0.000000 -1.345369
v 1.379523 0.000000 -1.251662
v 1.402813 0.000000 -1.251652
v 1.379497 0.000000 -1.282864
v 1.379411 0.000000 -1.376438
v 1.379384 0.000000 -1.407618
v 1.356106 0.000000 -1.407664
v 1.402694 0.000000 -1.376411
v 1.449233 0.000000 -1.407560
v 1.472755 0.000000 -1.126794
v 1.496043 0.000000 -1.126797
v 1.472746 0.000000 -1.158022
v 1.496046 0.000000 -1.095557
v 0.076484 0.000000 -1.002120
v 0.099777 0.000000 -1.002098
v 0.076508 0.000000 -1.033340
v 0.076614 0.000000 -1.126982
v 0.076659 0.000000 -1.158187
v 0.053369 0.000000 -1.158230
v 0.099905 0.000000 -1.126950
v 0.169777 0.000000 -1.126894
v 0.169818 0.000000 -1.158101
v 0.146530 0.000000 -1.158111
v 0.193065 0.000000 -1.126888
v 0.193029 0.000000 -1.095676
v 0.262810 0.000000 -1.002000
v 0.286094 0.000000 -1.001992
v 0.262831 0.000000 -1.033224
v 0.262919 0.000000 -1.126893
v 0.262955 0.000000 -1.158115
v 0.239674 0.000000 -1.158105
v 0.286200 0.000000 -1.126901
v 0.356025 0.000000 -1.126940
v 0.356055 0.000000 -1.158182
v 0.332784 0.000000 -1.158162
v 0.379296 0.000000 -1.126956
v 0.379268 0.000000 -1.095710
v 0.449008 0.000000 -1.001971
v 0.472271 0.000000 -1.001972
v 0.449026 0.000000 -1.033230
v 0.449092 0.000000 -1.127009
v 0.449117 0.000000 -1.158270
v 0.425855 0.000000 -1.158247
v 0.472353 0.000000 -1.127027
v 0.542125 0.000000 -1.127079
v 0.542146 0.000000 -1.158357
v 0.518891 0.000000 -1.158337
v 0.565379 0.000000 -1.127096
v 0.565360 0.000000 -1.095816
v 0.635065 0.000000 -1.001993
v 0.658316 0.000000 -1.001997
v 0.635081 0.000000 -1.033278
v 0.635133 0.000000 -1.127139
v 0.635151 0.000000 -1.158428
v 0.611901 0.000000 -1.158413
v 0.658383 0.000000 -1.127151
v 0.728127 0.000000 -1.127179
v 0.728142 0.000000 -1.158473
v 0.704895 0.000000 -1.158465
v 0.751375 0.000000 -1.127185
v 0.751360 0.000000 -1.095891
v 0.821060 0.000000 -1.002033
v 0.844310 0.000000 -1.002038
v 0.821076 0.000000 -1.033322
v 0.821119 0.000000 -1.127193
v 0.821132 0.000000 -1.158486
v 0.797884 0.000000 -1.158486
v 0.844368 0.000000 -1.127192
v 0.914120 0.000000 -1.127179
v 0.914130 0.000000 -1.158465
v 0.890879 0.000000 -1.158473
v 0.937373 0.000000 -1.127171
v 0.937362 0.000000 -1.095890
v 1.007092 0.000000 -1.002062
v 1.030354 0.000000 -1.002063
v 1.007108 0.000000 -1.033329
v 1.007142 0.000000 -1.127137
v 1.007150 0.000000 -1.158409
v 0.983893 0.000000 -1.158426
v 1.030403 0.000000 -1.127122
v 1.100196 0.000000 -1.127069
v 1.100200 0.000000 -1.158323
v 1.076934 0.000000 -1.158347
v 1.123466 0.000000 -1.127049
v 1.123460 0.000000 -1.095800
v 1.193251 0.000000 -1.002049
v 1.216532 0.000000 -1.002043
v 1.193267 0.000000 -1.033282
v 1.193289 0.000000 -1.126983
v 1.193289 0.000000 -1.158219
v 1.170013 0.000000 -1.158246
v 1.216569 0.000000 -1.126961
v 1.286423 0.000000 -1.126894
v 1.286418 0.000000 -1.158114
v 1.263132 0.000000 -1.158139
v 1.309711 0.000000 -1.126874
v 1.309712 0.000000 -1.095656
v 1.379555 0.000000 -1.001957
v 1.402848 0.000000 -1.001938
v 1.379572 0.000000 -1.033174
v 1.379585 0.000000 -1.126823
v 1.379578 0.000000 -1.158037
v 1.356286 0.000000 -1.158051
v 1.402878 0.000000 -1.126810
v 1.449455 0.000000 -1.158018
v 1.472593 0.000000 -0.876963
v 1.495881 0.000000 -0.876903
v 1.472634 0.000000 -0.908181
v 1.495835 0.000000 -0.845686
v 0.076522 0.000000 -0.752386
v 0.099812 0.000000 -0.752384
v 0.076497 0.000000 -0.783591
v 0.076454 0.000000 -0.877234
v 0.076452 0.000000 -0.908454
v 0.053159 0.000000 -0.908465
v 0.099747 0.000000 -0.877225
v 0.169624 0.000000 -0.877181
v 0.169623 0.000000 -0.908396
v 0.146331 0.000000 -0.908413
v 0.192914 0.000000 -0.877162
v 0.192920 0.000000 -0.845945
v 0.262807 0.000000 -0.752188
v 0.286083 0.000000 -0.752146
v 0.262794 0.000000 -0.783416
v 0.262775 0.000000 -0.877097
v 0.262776 0.000000 -0.908324
v 0.239491 0.000000 -0.908342
v 0.286057 0.000000 -0.877075
v 0.355888 0.000000 -0.877008
v 0.355893 0.000000 -0.908251
v 0.332617 0.000000 -0.908269
v 0.379160 0.000000 -0.876987
v 0.379157 0.000000 -0.845737
v 0.448947 0.000000 -0.751861
v 0.472205 0.000000 -0.751827
v 0.448949 0.000000 -0.783132
v 0.448961 0.000000 -0.876930
v 0.448969 0.000000 -0.908192
v 0.425703 0.000000 -0.908205
v 0.472223 0.000000 -0.876913
v 0.541998 0.000000 -0.876874
v 0.542008 0.000000 -0.908152
v 0.518751 0.000000 -0.908160
v 0.565252 0.000000 -0.876864
v 0.565243 0.000000 -0.845581
v 0.634966 0.000000 -0.751670
v 0.658213 0.000000 -0.751660
v 0.634975 0.000000 -0.782968
v 0.635008 0.000000 -0.876846
v 0.635021 0.000000 -0.908134
v 0.611770 0.000000 -0.908136
v 0.658258 0.000000 -0.876843
v 0.728003 0.000000 -0.876846
v 0.728018 0.000000 -0.908139
v 0.704769 0.000000 -0.908136
v 0.751251 0.000000 -0.876851
v 0.751236 0.000000 -0.845556
v 0.820934 0.000000 -0.751689
v 0.844180 0.000000 -0.751705
v 0.820948 0.000000 -0.782989
v 0.820994 0.000000 -0.876874
v 0.821011 0.000000 -0.908165
v 0.797762 0.000000 -0.908157
v 0.844243 0.000000 -0.876885
v 0.913994 0.000000 -0.876924
v 0.914013 0.000000 -0.908207
v 0.890761 0.000000 -0.908195
v 0.937246 0.000000 -0.876940
v 0.937227 0.000000 -0.845658
v 1.006924 0.000000 -0.751898
v 1.030178 0.000000 -0.751933
v 1.006945 0.000000 -0.783174
v 1.007013 0.000000 -0.876991
v 1.007035 0.000000 -0.908260
v 0.983777 0.000000 -0.908246
v 1.030272 0.000000 -0.877008
v 1.100062 0.000000 -0.877062
v 1.100088 0.000000 -0.908313
v 1.076821 0.000000 -0.908300
v 1.123330 0.000000 -0.877079
v 1.123301 0.000000 -0.845832
v 1.193010 0.000000 -0.752196
v 1.216280 0.000000 -0.752229
v 1.193045 0.000000 -0.783428
v 1.193148 0.000000 -0.877123
v 1.193179 0.000000 -0.908354
v 1.169903 0.000000 -0.908346
v 1.216426 0.000000 -0.877134
v 1.286274 0.000000 -0.877150
v 1.286309 0.000000 -0.908365
v 1.263023 0.000000 -0.908366
v 1.309560 0.000000 -0.877148
v 1.309520 0.000000 -0.845938
v 1.379237 0.000000 -0.752323
v 1.402524 0.000000 -0.752303
v 1.379288 0.000000 -0.783512
v 1.379429 0.000000 -0.877111
v 1.379468 0.000000 -0.908318
v 1.356176 0.000000 -0.908337
v 1.402720 0.000000 -0.877086
v 1.449344 0.000000 -0.908226
v 1.472177 0.000000 -0.627547
v 1.495464 0.000000 -0.627477
v 1.472226 0.000000 -0.658682
v 1.495421 0.000000 -0.596363
v 0.076733 0.000000 -0.503039
v 0.100008 0.000000 -0.502984
v 0.076723 0.000000 -0.534173
v 0.076647 0.000000 -0.627637
v 0.076615 0.000000 -0.658812
v 0.053327 0.000000 -0.658806
v 0.099932 0.000000 -0.627624
v 0.169774 0.000000 -0.627513
v 0.169750 0.000000 -0.658713
v 0.146469 0.000000 -0.658753
v 0.193050 0.000000 -0.627458
v 0.193067 0.000000 -0.596252
v 0.262848 0.000000 -0.502318
v 0.286102 0.000000 -0.502212
v 0.262866 0.000000 -0.533559
v 0.262863 0.000000 -0.627266
v 0.262851 0.000000 -0.658498
v 0.239579 0.000000 -0.658558
v 0.286129 0.000000 -0.627197
v 0.355914 0.000000 -0.626991
v 0.355912 0.000000 -0.658252
v 0.332650 0.000000 -0.658313
v 0.379171 0.000000 -0.626925
v 0.379167 0.000000 -0.595653
v 0.448862 0.000000 -0.501564
v 0.472113 0.000000 -0.501492
v 0.448891 0.000000 -0.532866
v 0.448936 0.000000 -0.626744
v 0.448941 0.000000 -0.658029
v 0.425687 0.000000 -0.658081
v 0.472188 0.000000 -0.626691
v 0.541938 0.000000 -0.626558
v 0.541948 0.000000 -0.657859
v 0.518698 0.000000 -0.657896
v 0.565187 0.000000 -0.626522
v 0.565175 0.000000 -0.595214
v 0.634878 0.000000 -0.501167
v 0.658131 0.000000 -0.501146
v 0.634893 0.000000 -0.532491
v 0.634929 0.000000 -0.626446
v 0.634939 0.000000 -0.657757
v 0.611692 0.000000 -0.657776
v 0.658176 0.000000 -0.626430
v 0.727914 0.000000 -0.626412
v 0.727922 0.000000 -0.657727
v 0.704677 0.000000 -0.657728
v 0.751160 0.000000 -0.626417
v 0.751154 0.000000 -0.595098
v 0.820904 0.000000 -0.501177
v 0.844157 0.000000 -0.501206
v 0.820896 0.000000 -0.532501
v 0.820897 0.000000 -0.626458
v 0.820903 0.000000 -0.657770
v 0.797657 0.000000 -0.657753
v 0.844142 0.000000 -0.626481
v 0.913880 0.000000 -0.626577
v 0.913886 0.000000 -0.657881
v 0.890639 0.000000 -0.657847
v 0.937127 0.000000 -0.626618
v 0.937127 0.000000 -0.595313
v 1.006915 0.000000 -0.501571
v 1.030164 0.000000 -0.501645
v 1.006890 0.000000 -0.532874
v 1.006870 0.000000 -0.626762
v 1.006877 0.000000 -0.658051
v 0.983628 0.000000 -0.658003
v 1.030119 0.000000 -0.626817
v 1.099872 0.000000 -0.626997
v 1.099885 0.000000 -0.658264
v 1.076631 0.000000 -0.658208
v 1.123126 0.000000 -0.627061
v 1.123119 0.000000 -0.595798
v 1.192906 0.000000 -0.502283
v 1.216156 0.000000 -0.502385
v 1.192884 0.000000 -0.533531
v 1.192896 0.000000 -0.627256
v 1.192917 0.000000 -0.658493
v 1.169656 0.000000 -0.658436
v 1.216156 0.000000 -0.627319
v 1.285951 0.000000 -0.627491
v 1.285983 0.000000 -0.658693
v 1.262713 0.000000 -0.658649
v 1.309220 0.000000 -0.627538
v 1.309192 0.000000 -0.596348
v 1.378959 0.000000 -0.503032
v 1.402229 0.000000 -0.503092
v 1.378962 0.000000 -0.534171
v 1.379045 0.000000 -0.627625
v 1.379088 0.000000 -0.658790
v 1.355808 0.000000 -0.658780
v 1.402325 0.000000 -0.627631
v 1.448940 0.000000 -0.658735
v 1.472219 0.000000 -0.379049
v 1.495503 0.000000 -0.379126
v 1.472142 0.000000 -0.410050
v 1.495613 0.000000 -0.348182
v 0.075907 0.000000 -0.254311
v 0.099156 0.000000 -0.254010
v 0.076156 0.000000 -0.285382
v 0.076594 0.000000 -0.378613
v 0.076664 0.000000 -0.409704
v 0.053394 0.000000 -0.409805
v 0.099855 0.000000 -0.378466
v 0.169613 0.000000 -0.377973
v 0.169699 0.000000 -0.409165
v 0.146446 0.000000 -0.409312
v 0.192861 0.000000 -0.377804
v 0.192741 0.000000 -0.346588
v 0.261910 0.000000 -0.252232
v 0.285177 0.000000 -0.252037
v 0.262138 0.000000 -0.283511
v 0.262603 0.000000 -0.377316
v 0.262697 0.000000 -0.408573
v 0.239448 0.000000 -0.408718
v 0.285851 0.000000 -0.377164
v 0.355604 0.000000 -0.376753
v 0.355694 0.000000 -0.408049
v 0.332443 0.000000 -0.408170
v 0.378859 0.000000 -0.376633
v 0.378752 0.000000 -0.345327
v 0.448170 0.000000 -0.251046
v 0.471470 0.000000 -0.250950
v 0.448313 0.000000 -0.282364
v 0.448637 0.000000 -0.376321
v 0.448712 0.000000 -0.407636
v 0.425456 0.000000 -0.407728
v 0.471900 0.000000 -0.376234
v 0.541699 0.000000 -0.376022
v 0.541753 0.000000 -0.407348
v 0.518491 0.000000 -0.407408
v 0.564969 0.000000 -0.375967
v 0.564912 0.000000 -0.344640
v 0.634628 0.000000 -0.250542
v 0.657942 0.000000 -0.250518
v 0.634674 0.000000 -0.281865
v 0.634784 0.000000 -0.375851
v 0.634813 0.000000 -0.407181
v 0.611547 0.000000 -0.407212
v 0.658058 0.000000 -0.375827
v 0.727881 0.000000 -0.375800
v 0.727883 0.000000 -0.407132
v 0.704615 0.000000 -0.407133
v 0.751156 0.000000 -0.375806
v 0.751164 0.000000 -0.344476
v 0.821146 0.000000 -0.250567
v 0.844459 0.000000 -0.250604
v 0.821095 0.000000 -0.281887
v 0.820980 0.000000 -0.375865
v 0.820953 0.000000 -0.407194
v 0.797686 0.000000 -0.407168
v 0.844254 0.000000 -0.375899
v 0.914069 0.000000 -0.376043
v 0.914016 0.000000 -0.407366
v 0.890751 0.000000 -0.407313
v 0.937339 0.000000 -0.376104
v 0.937410 0.000000 -0.344783
v 1.007614 0.000000 -0.251078
v 1.030913 0.000000 -0.251177
v 1.007469 0.000000 -0.282389
v 1.007139 0.000000 -0.376331
v 1.007062 0.000000 -0.407645
v 0.983802 0.000000 -0.407565
v 1.030402 0.000000 -0.376421
v 1.100179 0.000000 -0.376734
v 1.100084 0.000000 -0.408030
v 1.076831 0.000000 -0.407924
v 1.123434 0.000000 -0.376852
v 1.123556 0.000000 -0.345559
v 1.193910 0.000000 -0.252144
v 1.217178 0.000000 -0.252327
v 1.193678 0.000000 -0.283427
v 1.193185 0.000000 -0.377250
v 1.193081 0.000000 -0.408515
v 1.169833 0.000000 -0.408385
v 1.216432 0.000000 -0.377396
v 1.286167 0.000000 -0.377867
v 1.286065 0.000000 -0.409078
v 1.262819 0.000000 -0.408933
v 1.309412 0.000000 -0.378031
v 1.309545 0.000000 -0.346835
v 1.379924 0.000000 -0.254016
v 1.403166 0.000000 -0.254311
v 1.379657 0.000000 -0.285150
v 1.379158 0.000000 -0.378523
v 1.379068 0.000000 -0.409645
v 1.355813 0.000000 -0.409510
v 1.402414 0.000000 -0.378676
v 1.448864 0.000000 -0.409978
v 1.474742 0.000000 -0.131516
v 1.498012 0.000000 -0.132171
v 1.474139 0.000000 -0.162443
v 1.498753 0.000000 -0.101366
v 0.070521 0.000000 -0.005239
v 0.094053 0.000000 -0.004610
v 0.071637 0.000000 -0.036463
v 0.074135 0.000000 -0.129959
v 0.074718 0.000000 -0.161068
v 0.051462 0.000000 -0.161555
v 0.097406 0.000000 -0.129456
v 0.167276 0.000000 -0.128225
v 0.167781 0.000000 -0.159473
v 0.144505 0.000000 -0.159820
v 0.190588 0.000000 -0.127895
v 0.190049 0.000000 -0.096628
v 0.258703 0.000000 -0.002010
v 0.282197 0.000000 -0.001786
v 0.259190 0.000000 -0.033263
v 0.260575 0.000000 -0.127087
v 0.260972 0.000000 -0.158374
v 0.237663 0.000000 -0.158611
v 0.283917 0.000000 -0.126868
v 0.353976 0.000000 -0.126327
v 0.354272 0.000000 -0.157623
v 0.330939 0.000000 -0.157785
v 0.377336 0.000000 -0.126179
v 0.377046 0.000000 -0.094890
v 0.446528 0.000000 -0.000724
v 0.469992 0.000000 -0.000626
v 0.446759 0.000000 -0.031980
v 0.447433 0.000000 -0.125815
v 0.447640 0.000000 -0.157113
v 0.424293 0.000000 -0.157222
v 0.470803 0.000000 -0.125717
v 0.540919 0.000000 -0.125486
v 0.541047 0.000000 -0.156784
v 0.517693 0.000000 -0.156852
v 0.564292 0.000000 -0.125428
v 0.564178 0.000000 -0.094139
v 0.634191 0.000000 -0.000217
v 0.657643 0.000000 -0.000194
v 0.634245 0.000000 -0.031473
v 0.634416 0.000000 -0.125308
v 0.634473 0.000000 -0.156605
v 0.611115 0.000000 -0.156637
v 0.657791 0.000000 -0.125284
v 0.727916 0.000000 -0.125263
v 0.727906 0.000000 -0.156560
v 0.704547 0.000000 -0.156559
v 0.751291 0.000000 -0.125272
v 0.751322 0.000000 -0.093985
v 0.821780 0.000000 -0.000260
v 0.845224 0.000000 -0.000301
v 0.821678 0.000000 -0.031515
v 0.821412 0.000000 -0.125345
v 0.821336 0.000000 -0.156639
v 0.797979 0.000000 -0.156608
v 0.844784 0.000000 -0.125384
v 0.914895 0.000000 -0.125548
v 0.914754 0.000000 -0.156841
v 0.891401 0.000000 -0.156779
v 0.938264 0.000000 -0.125619
v 0.938433 0.000000 -0.094335
v 1.009320 0.000000 -0.000806
v 1.032762 0.000000 -0.000912
v 1.009067 0.000000 -0.032060
v 1.008363 0.000000 -0.125878
v 1.008152 0.000000 -0.157169
v 0.984805 0.000000 -0.157074
v 1.031726 0.000000 -0.125982
v 1.101805 0.000000 -0.126350
v 1.101517 0.000000 -0.157638
v 1.078180 0.000000 -0.157506
v 1.125160 0.000000 -0.126494
v 1.125489 0.000000 -0.095215
v 1.196913 0.000000 -0.001949
v 1.220380 0.000000 -0.002154
v 1.196476 0.000000 -0.033200
v 1.195207 0.000000 -0.127004
v 1.194830 0.000000 -0.158286
v 1.171508 0.000000 -0.158104
v 1.218548 0.000000 -0.127205
v 1.288534 0.000000 -0.127933
v 1.288053 0.000000 -0.159200
v 1.264759 0.000000 -0.158939
v 1.311846 0.000000 -0.128229
v 1.312414 0.000000 -0.096967
v 1.384935 0.000000 -0.004403
v 1.408498 0.000000 -0.004942
v 1.384032 0.000000 -0.035641
v 1.381714 0.000000 -0.129341
v 1.381138 0.000000 -0.160537
v 1.357881 0.000000 -0.160152
v 1.404980 0.000000 -0.129804
v 1.450883 0.000000 -0.161920
v 1.427142 0.000000 -0.192500
v 1.426739 0.000000 -0.223561
v 1.403495 0.000000 -0.223209
v 1.450391 0.000000 -0.192925
v 1.473650 0.000000 -0.193363
v 1.473253 0.000000 -0.224283
v 1.449991 0.000000 -0.223922
v 1.380654 0.000000 -0.191713
v 1.403898 0.000000 -0.192094
v 1.380253 0.000000 -0.222872
v 1.404389 0.000000 -0.160961
v 1.428236 0.000000 -0.130322
v 1.451487 0.000000 -0.130895
v 1.427635 0.000000 -0.161423
v 1.334155 0.000000 -0.191034
v 1.333766 0.000000 -0.222253
v 1.310517 0.000000 -0.221974
v 1.357407 0.000000 -0.191360
v 1.357011 0.000000 -0.222552
v 1.383169 0.000000 -0.066886
v 1.406518 0.000000 -0.067407
v 1.382391 0.000000 -0.098122
v 1.407469 0.000000 -0.036174
v 1.432067 0.000000 -0.005588
v 1.455623 0.000000 -0.006377
v 1.430886 0.000000 -0.036809
v 1.335147 0.000000 -0.128559
v 1.359079 0.000000 -0.097687
v 1.358437 0.000000 -0.128927
v 1.335753 0.000000 -0.097305
v 1.336422 0.000000 -0.066048
v 1.360585 0.000000 -0.035187
v 1.359802 0.000000 -0.066438
v 1.287629 0.000000 -0.190461
v 1.310896 0.000000 -0.190735
v 1.287262 0.000000 -0.221716
v 1.311339 0.000000 -0.159486
v 1.334615 0.000000 -0.159803
v 1.241072 0.000000 -0.189979
v 1.240733 0.000000 -0.221254
v 1.217459 0.000000 -0.221048
v 1.264354 0.000000 -0.190210
v 1.264001 0.000000 -0.221476
v 1.194487 0.000000 -0.189572
v 1.217782 0.000000 -0.189767
v 1.194180 0.000000 -0.220858
v 1.218146 0.000000 -0.158485
v 1.241883 0.000000 -0.127425
v 1.265212 0.000000 -0.127667
v 1.241456 0.000000 -0.158702
v 1.147879 0.000000 -0.189226
v 1.147604 0.000000 -0.220520
v 1.124309 0.000000 -0.220369
v 1.171185 0.000000 -0.189392
v 1.170895 0.000000 -0.220683
v 1.196038 0.000000 -0.064459
v 1.219440 0.000000 -0.064662
v 1.195612 0.000000 -0.095728
v 1.219911 0.000000 -0.033403
v 1.243855 0.000000 -0.002377
v 1.267337 0.000000 -0.002624
v 1.243349 0.000000 -0.033626
v 1.148512 0.000000 -0.126651
v 1.172240 0.000000 -0.095542
v 1.171862 0.000000 -0.126820
v 1.148865 0.000000 -0.095372
v 1.149234 0.000000 -0.064103
v 1.173044 0.000000 -0.033013
v 1.172636 0.000000 -0.064273
v 1.101252 0.000000 -0.188931
v 1.124567 0.000000 -0.189073
v 1.101010 0.000000 -0.220229
v 1.124852 0.000000 -0.157781
v 1.148182 0.000000 -0.157936
v 1.054610 0.000000 -0.188680
v 1.054399 0.000000 -0.219981
v 1.031089 0.000000 -0.219871
v 1.077932 0.000000 -0.188800
v 1.077706 0.000000 -0.220100
v 1.007956 0.000000 -0.188466
v 1.031284 0.000000 -0.188568
v 1.007776 0.000000 -0.219770
v 1.031497 0.000000 -0.157272
v 1.055087 0.000000 -0.126095
v 1.078447 0.000000 -0.126218
v 1.054840 0.000000 -0.157384
v 0.961293 0.000000 -0.188288
v 0.961143 0.000000 -0.219593
v 0.937823 0.000000 -0.219517
v 0.984625 0.000000 -0.188373
v 0.984461 0.000000 -0.219677
v 1.008822 0.000000 -0.063323
v 1.032225 0.000000 -0.063428
v 1.008587 0.000000 -0.094596
v 1.032490 0.000000 -0.032165
v 1.056205 0.000000 -0.001027
v 1.079650 0.000000 -0.001151
v 1.055913 0.000000 -0.032280
v 0.961632 0.000000 -0.125697
v 0.985203 0.000000 -0.094501
v 0.984998 0.000000 -0.125783
v 0.961819 0.000000 -0.094414
v 0.962016 0.000000 -0.063140
v 0.985645 0.000000 -0.031963
v 0.985419 0.000000 -0.063227
v 0.914622 0.000000 -0.188142
v 0.937958 0.000000 -0.188211
v 0.914502 0.000000 -0.219448
v 0.938106 0.000000 -0.156911
v 0.961456 0.000000 -0.156989
v 0.867946 0.000000 -0.188027
v 0.867854 0.000000 -0.219335
v 0.844529 0.000000 -0.219290
v 0.891285 0.000000 -0.188080
v 0.891179 0.000000 -0.219388
v 0.821266 0.000000 -0.187942
v 0.844607 0.000000 -0.187981
v 0.821203 0.000000 -0.219252
v 0.844692 0.000000 -0.156678
v 0.868155 0.000000 -0.125431
v 0.891526 0.000000 -0.125486
v 0.868047 0.000000 -0.156725
v 0.774583 0.000000 -0.187888
v 0.774548 0.000000 -0.219199
v 0.751220 0.000000 -0.219183
v 0.797925 0.000000 -0.187911
v 0.797875 0.000000 -0.219221
v 0.821583 0.000000 -0.062782
v 0.844990 0.000000 -0.062822
v 0.821494 0.000000 -0.094058
v 0.845104 0.000000 -0.031556
v 0.868668 0.000000 -0.000349
v 0.892111 0.000000 -0.000405
v 0.868529 0.000000 -0.031604
v 0.774665 0.000000 -0.125289
v 0.798104 0.000000 -0.094026
v 0.798039 0.000000 -0.125313
v 0.774713 0.000000 -0.094002
v 0.774766 0.000000 -0.062724
v 0.798252 0.000000 -0.031483
v 0.798175 0.000000 -0.062749
v 0.727897 0.000000 -0.187864
v 0.751240 0.000000 -0.187872
v 0.727891 0.000000 -0.219176
v 0.751264 0.000000 -0.156568
v 0.774621 0.000000 -0.156584
v 0.681212 0.000000 -0.187872
v 0.681235 0.000000 -0.219184
v 0.657907 0.000000 -0.219200
v 0.704555 0.000000 -0.187864
v 0.704563 0.000000 -0.219176
v 0.634528 0.000000 -0.187911
v 0.657870 0.000000 -0.187887
v 0.634580 0.000000 -0.219224
v 0.657831 0.000000 -0.156582
v 0.681167 0.000000 -0.125269
v 0.704542 0.000000 -0.125262
v 0.681189 0.000000 -0.156567
v 0.587846 0.000000 -0.187983
v 0.587928 0.000000 -0.219296
v 0.564604 0.000000 -0.219345
v 0.611186 0.000000 -0.187943
v 0.611253 0.000000 -0.219256
v 0.634301 0.000000 -0.062741
v 0.657713 0.000000 -0.062718
v 0.634359 0.000000 -0.094019
v 0.657677 0.000000 -0.031450
v 0.681094 0.000000 -0.000180
v 0.704544 0.000000 -0.000173
v 0.681108 0.000000 -0.031436
v 0.587667 0.000000 -0.125379
v 0.610965 0.000000 -0.094051
v 0.611041 0.000000 -0.125339
v 0.587572 0.000000 -0.094091
v 0.587476 0.000000 -0.062812
v 0.610812 0.000000 -0.031504
v 0.610889 0.000000 -0.062772
v 0.541168 0.000000 -0.188091
v 0.564506 0.000000 -0.188033
v 0.541281 0.000000 -0.219404
v 0.564402 0.000000 -0.156726
v 0.587758 0.000000 -0.156677
v 0.494496 0.000000 -0.188235
v 0.494641 0.000000 -0.219547
v 0.471324 0.000000 -0.219634
v 0.517831 0.000000 -0.188158
v 0.517960 0.000000 -0.219471
v 0.447833 0.000000 -0.188419
v 0.471163 0.000000 -0.188322
v 0.448010 0.000000 -0.219730
v 0.470989 0.000000 -0.157016
v 0.494173 0.000000 -0.125630
v 0.517546 0.000000 -0.125553
v 0.494340 0.000000 -0.156929
v 0.401181 0.000000 -0.188647
v 0.401392 0.000000 -0.219957
v 0.378088 0.000000 -0.220087
v 0.424505 0.000000 -0.188527
v 0.424699 0.000000 -0.219838
v 0.446989 0.000000 -0.063247
v 0.470404 0.000000 -0.063149
v 0.447215 0.000000 -0.094526
v 0.470198 0.000000 -0.031882
v 0.493453 0.000000 -0.000539
v 0.516913 0.000000 -0.000462
v 0.493636 0.000000 -0.031795
v 0.400700 0.000000 -0.126045
v 0.423824 0.000000 -0.094635
v 0.424065 0.000000 -0.125924
v 0.400435 0.000000 -0.094756
v 0.400159 0.000000 -0.063477
v 0.423319 0.000000 -0.032089
v 0.423574 0.000000 -0.063356
v 0.354543 0.000000 -0.188925
v 0.377860 0.000000 -0.188780
v 0.354788 0.000000 -0.220231
v 0.377609 0.000000 -0.157476
v 0.400949 0.000000 -0.157343
v 0.307925 0.000000 -0.189260
v 0.308204 0.000000 -0.220559
v 0.284919 0.000000 -0.220746
v 0.331231 0.000000 -0.189085
v 0.331493 0.000000 -0.220388
v 0.261328 0.000000 -0.189662
v 0.284623 0.000000 -0.189452
v 0.261641 0.000000 -0.220948
v 0.284289 0.000000 -0.158159
v 0.307266 0.000000 -0.126670
v 0.330619 0.000000 -0.126490
v 0.307611 0.000000 -0.157963
v 0.214758 0.000000 -0.190141
v 0.215101 0.000000 -0.221407
v 0.191840 0.000000 -0.221664
v 0.238040 0.000000 -0.189891
v 0.238368 0.000000 -0.221168
v 0.259674 0.000000 -0.064529
v 0.283086 0.000000 -0.064306
v 0.260139 0.000000 -0.095804
v 0.282643 0.000000 -0.033040
v 0.305686 0.000000 -0.001585
v 0.329169 0.000000 -0.001403
v 0.306093 0.000000 -0.032839
v 0.213909 0.000000 -0.127597
v 0.236769 0.000000 -0.096050
v 0.237238 0.000000 -0.127329
v 0.213405 0.000000 -0.096323
v 0.212858 0.000000 -0.065052
v 0.235736 0.000000 -0.033512
v 0.236264 0.000000 -0.064776
v 0.168217 0.000000 -0.190712
v 0.191484 0.000000 -0.190414
v 0.168585 0.000000 -0.221941
v 0.191067 0.000000 -0.159157
v 0.214361 0.000000 -0.158871
v 0.121701 0.000000 -0.191384
v 0.122086 0.000000 -0.222555
v 0.098840 0.000000 -0.222889
v 0.144956 0.000000 -0.191035
v 0.145334 0.000000 -0.222238
v 0.075200 0.000000 -0.192159
v 0.098450 0.000000 -0.191759
v 0.075593 0.000000 -0.223239
v 0.097975 0.000000 -0.160616
v 0.120685 0.000000 -0.129001
v 0.143976 0.000000 -0.128592
v 0.121237 0.000000 -0.160200
v 0.028687 0.000000 -0.193017
v 0.029079 0.000000 -0.223962
v 0.005804 0.000000 -0.224321
v 0.051947 0.000000 -0.192581
v 0.052340 0.000000 -0.223599
v 0.072609 0.000000 -0.067662
v 0.095946 0.000000 -0.067070
v 0.073437 0.000000 -0.098826
v 0.095048 0.000000 -0.035845
v 0.117590 0.000000 -0.004072
v 0.141125 0.000000 -0.003609
v 0.118478 0.000000 -0.035315
v 0.027606 0.000000 -0.131116
v 0.050155 0.000000 -0.099447
v 0.050870 0.000000 -0.130513
v 0.026882 0.000000 -0.100141
v 0.026004 0.000000 -0.069128
v 0.048257 0.000000 -0.037190
v 0.049294 0.000000 -0.068344
v 1.496925 0.000000 -0.193799
v 1.497412 0.000000 -0.162979
v 0.028201 0.000000 -0.162072
v 1.425540 0.000000 -0.440957
v 1.425511 0.000000 -0.472041
v 1.402240 0.000000 -0.471978
v 1.448814 0.000000 -0.441025
v 1.472093 0.000000 -0.441069
v 1.472068 0.000000 -0.472105
v 1.448787 0.000000 -0.472085
v 1.379008 0.000000 -0.440770
v 1.402272 0.000000 -0.440871
v 1.378973 0.000000 -0.471899
v 1.402328 0.000000 -0.409771
v 1.425675 0.000000 -0.378818
v 1.448943 0.000000 -0.378945
v 1.425593 0.000000 -0.409883
v 1.332494 0.000000 -0.440538
v 1.332452 0.000000 -0.471707
v 1.309196 0.000000 -0.471600
v 1.355749 0.000000 -0.440658
v 1.355711 0.000000 -0.471808
v 1.379446 0.000000 -0.316277
v 1.402694 0.000000 -0.316496
v 1.379281 0.000000 -0.347400
v 1.402903 0.000000 -0.285405
v 1.426414 0.000000 -0.254613
v 1.449669 0.000000 -0.254915
v 1.426153 0.000000 -0.285661
v 1.332658 0.000000 -0.378197
v 1.356034 0.000000 -0.347212
v 1.355906 0.000000 -0.378362
v 1.332788 0.000000 -0.347022
v 1.332959 0.000000 -0.315842
v 1.356415 0.000000 -0.284899
v 1.356201 0.000000 -0.316058
v 1.285992 0.000000 -0.440285
v 1.309242 0.000000 -0.440413
v 1.285943 0.000000 -0.471488
v 1.309312 0.000000 -0.409224
v 1.332561 0.000000 -0.409369
v 1.239495 0.000000 -0.440026
v 1.239441 0.000000 -0.471259
v 1.216192 0.000000 -0.471144
v 1.262743 0.000000 -0.440155
v 1.262691 0.000000 -0.471374
v 1.193001 0.000000 -0.439776
v 1.216248 0.000000 -0.439900
v 1.192944 0.000000 -0.471031
v 1.216327 0.000000 -0.408650
v 1.239678 0.000000 -0.377548
v 1.262923 0.000000 -0.377706
v 1.239573 0.000000 -0.408790
v 1.146506 0.000000 -0.439539
v 1.146448 0.000000 -0.470813
v 1.123200 0.000000 -0.470710
v 1.169754 0.000000 -0.439655
v 1.169696 0.000000 -0.470921
v 1.193481 0.000000 -0.314706
v 1.216734 0.000000 -0.314872
v 1.193318 0.000000 -0.345981
v 1.216937 0.000000 -0.283602
v 1.240440 0.000000 -0.252524
v 1.263697 0.000000 -0.252736
v 1.240191 0.000000 -0.283789
v 1.146686 0.000000 -0.376978
v 1.170066 0.000000 -0.345832
v 1.169937 0.000000 -0.377111
v 1.146812 0.000000 -0.345692
v 1.146966 0.000000 -0.314402
v 1.170415 0.000000 -0.283262
v 1.170225 0.000000 -0.314549
v 1.100009 0.000000 -0.439322
v 1.123258 0.000000 -0.439428
v 1.099952 0.000000 -0.470611
v 1.123335 0.000000 -0.408142
v 1.146585 0.000000 -0.408261
v 1.053506 0.000000 -0.439127
v 1.053453 0.000000 -0.470427
v 1.030202 0.000000 -0.470343
v 1.076758 0.000000 -0.439222
v 1.076702 0.000000 -0.470517
v 1.006999 0.000000 -0.438956
v 1.030253 0.000000 -0.439039
v 1.006951 0.000000 -0.470265
v 1.030320 0.000000 -0.407731
v 1.053663 0.000000 -0.376518
v 1.076922 0.000000 -0.376622
v 1.053576 0.000000 -0.407824
v 0.960488 0.000000 -0.438810
v 0.960446 0.000000 -0.470126
v 0.937193 0.000000 -0.470064
v 0.983744 0.000000 -0.438880
v 0.983699 0.000000 -0.470192
v 1.007342 0.000000 -0.313703
v 1.030620 0.000000 -0.313798
v 1.007232 0.000000 -0.345017
v 1.030757 0.000000 -0.282487
v 1.054210 0.000000 -0.251286
v 1.077503 0.000000 -0.251403
v 1.054042 0.000000 -0.282593
v 0.960607 0.000000 -0.376173
v 0.983960 0.000000 -0.344932
v 0.983874 0.000000 -0.376249
v 0.960686 0.000000 -0.344854
v 0.960779 0.000000 -0.313535
v 0.984178 0.000000 -0.282299
v 0.984061 0.000000 -0.313615
v 0.913972 0.000000 -0.438688
v 0.937231 0.000000 -0.438746
v 0.913938 0.000000 -0.470010
v 0.937279 0.000000 -0.407425
v 0.960541 0.000000 -0.407492
v 0.867453 0.000000 -0.438593
v 0.867428 0.000000 -0.469918
v 0.844172 0.000000 -0.469881
v 0.890713 0.000000 -0.438637
v 0.890683 0.000000 -0.469961
v 0.820932 0.000000 -0.438523
v 0.844193 0.000000 -0.438555
v 0.820915 0.000000 -0.469851
v 0.844220 0.000000 -0.407227
v 0.867527 0.000000 -0.375940
v 0.890798 0.000000 -0.375988
v 0.867486 0.000000 -0.407267
v 0.774409 0.000000 -0.438480
v 0.774402 0.000000 -0.469809
v 0.751145 0.000000 -0.469798
v 0.797670 0.000000 -0.438498
v 0.797659 0.000000 -0.469827
v 0.821051 0.000000 -0.313211
v 0.844342 0.000000 -0.313247
v 0.821012 0.000000 -0.344537
v 0.844397 0.000000 -0.281924
v 0.867771 0.000000 -0.250649
v 0.891083 0.000000 -0.250701
v 0.867697 0.000000 -0.281967
v 0.774431 0.000000 -0.375819
v 0.797730 0.000000 -0.344510
v 0.797706 0.000000 -0.375839
v 0.774447 0.000000 -0.344489
v 0.774467 0.000000 -0.313161
v 0.797793 0.000000 -0.281858
v 0.797759 0.000000 -0.313182
v 0.727885 0.000000 -0.438463
v 0.751147 0.000000 -0.438468
v 0.727887 0.000000 -0.469793
v 0.751151 0.000000 -0.407137
v 0.774418 0.000000 -0.407149
v 0.681361 0.000000 -0.438473
v 0.681373 0.000000 -0.469803
v 0.658116 0.000000 -0.469818
v 0.704623 0.000000 -0.438465
v 0.704630 0.000000 -0.469795
v 0.634838 0.000000 -0.438511
v 0.658099 0.000000 -0.438489
v 0.634859 0.000000 -0.469840
v 0.658080 0.000000 -0.407158
v 0.681332 0.000000 -0.375811
v 0.704607 0.000000 -0.375802
v 0.681347 0.000000 -0.407142
v 0.588317 0.000000 -0.438578
v 0.588347 0.000000 -0.469904
v 0.565092 0.000000 -0.469946
v 0.611577 0.000000 -0.438541
v 0.611603 0.000000 -0.469869
v 0.634715 0.000000 -0.313192
v 0.658006 0.000000 -0.313168
v 0.634751 0.000000 -0.344521
v 0.657975 0.000000 -0.281841
v 0.681257 0.000000 -0.250502
v 0.704572 0.000000 -0.250494
v 0.681278 0.000000 -0.281825
v 0.588239 0.000000 -0.375921
v 0.611471 0.000000 -0.344552
v 0.611511 0.000000 -0.375882
v 0.588191 0.000000 -0.344592
v 0.588136 0.000000 -0.313264
v 0.611373 0.000000 -0.281897
v 0.611425 0.000000 -0.313224
v 0.541799 0.000000 -0.438672
v 0.565058 0.000000 -0.438621
v 0.541837 0.000000 -0.469995
v 0.565017 0.000000 -0.407295
v 0.588281 0.000000 -0.407250
v 0.495285 0.000000 -0.438796
v 0.495329 0.000000 -0.470113
v 0.472076 0.000000 -0.470183
v 0.518541 0.000000 -0.438731
v 0.518583 0.000000 -0.470051
v 0.448774 0.000000 -0.438949
v 0.472029 0.000000 -0.438869
v 0.448823 0.000000 -0.470259
v 0.471971 0.000000 -0.407553
v 0.495164 0.000000 -0.376155
v 0.518431 0.000000 -0.376084
v 0.495230 0.000000 -0.407477
v 0.402268 0.000000 -0.439131
v 0.402320 0.000000 -0.470430
v 0.379070 0.000000 -0.470525
v 0.425520 0.000000 -0.439036
v 0.425572 0.000000 -0.470341
v 0.448438 0.000000 -0.313684
v 0.471715 0.000000 -0.313591
v 0.448545 0.000000 -0.345003
v 0.471600 0.000000 -0.282270
v 0.494772 0.000000 -0.250865
v 0.518077 0.000000 -0.250789
v 0.494891 0.000000 -0.282185
v 0.402116 0.000000 -0.376520
v 0.425278 0.000000 -0.345102
v 0.425375 0.000000 -0.376416
v 0.402014 0.000000 -0.345210
v 0.401891 0.000000 -0.313897
v 0.425028 0.000000 -0.282469
v 0.425163 0.000000 -0.313786
v 0.355765 0.000000 -0.439340
v 0.379016 0.000000 -0.439232
v 0.355819 0.000000 -0.470626
v 0.378947 0.000000 -0.407934
v 0.402200 0.000000 -0.407827
v 0.309265 0.000000 -0.439573
v 0.309318 0.000000 -0.470842
v 0.286067 0.000000 -0.470957
v 0.332515 0.000000 -0.439453
v 0.332569 0.000000 -0.470732
v 0.262766 0.000000 -0.439826
v 0.286016 0.000000 -0.439697
v 0.262816 0.000000 -0.471074
v 0.285945 0.000000 -0.408433
v 0.309100 0.000000 -0.377019
v 0.332351 0.000000 -0.376882
v 0.309194 0.000000 -0.408298
v 0.216265 0.000000 -0.440091
v 0.216309 0.000000 -0.471313
v 0.193053 0.000000 -0.471431
v 0.239516 0.000000 -0.439958
v 0.239563 0.000000 -0.471193
v 0.262327 0.000000 -0.314784
v 0.285579 0.000000 -0.314610
v 0.262481 0.000000 -0.346053
v 0.285396 0.000000 -0.283326
v 0.308448 0.000000 -0.251857
v 0.331724 0.000000 -0.251691
v 0.308658 0.000000 -0.283154
v 0.216108 0.000000 -0.377637
v 0.239233 0.000000 -0.346224
v 0.239355 0.000000 -0.377474
v 0.215987 0.000000 -0.346403
v 0.215830 0.000000 -0.315164
v 0.238884 0.000000 -0.283708
v 0.239077 0.000000 -0.314969
v 0.169758 0.000000 -0.440356
v 0.193012 0.000000 -0.440224
v 0.169794 0.000000 -0.471545
v 0.192950 0.000000 -0.409016
v 0.216200 0.000000 -0.408866
v 0.123240 0.000000 -0.440602
v 0.123269 0.000000 -0.471755
v 0.100001 0.000000 -0.471844
v 0.146501 0.000000 -0.440483
v 0.146533 0.000000 -0.471654
v 0.076707 0.000000 -0.440805
v 0.099976 0.000000 -0.440711
v 0.076729 0.000000 -0.471917
v 0.099929 0.000000 -0.409586
v 0.123112 0.000000 -0.378307
v 0.146364 0.000000 -0.378142
v 0.123190 0.000000 -0.409453
v 0.030155 0.000000 -0.440932
v 0.030171 0.000000 -0.472001
v 0.006887 0.000000 -0.472001
v 0.053434 0.000000 -0.440881
v 0.053452 0.000000 -0.471971
v 0.076347 0.000000 -0.316454
v 0.099601 0.000000 -0.316238
v 0.076491 0.000000 -0.347530
v 0.099406 0.000000 -0.285125
v 0.122401 0.000000 -0.253716
v 0.145645 0.000000 -0.253432
v 0.122652 0.000000 -0.284869
v 0.030052 0.000000 -0.378852
v 0.053227 0.000000 -0.347696
v 0.053327 0.000000 -0.378744
v 0.029955 0.000000 -0.347842
v 0.029817 0.000000 -0.316849
v 0.052898 0.000000 -0.285634
v 0.053087 0.000000 -0.316660
v 1.495378 0.000000 -0.441085
v 1.495426 0.000000 -0.410094
v 0.030117 0.000000 -0.409882
v 1.425705 0.000000 -0.689928
v 1.425758 0.000000 -0.721095
v 1.402471 0.000000 -0.721124
v 1.448992 0.000000 -0.689888
v 1.472279 0.000000 -0.689831
v 1.472334 0.000000 -0.720993
v 1.449046 0.000000 -0.721053
v 1.379135 0.000000 -0.689961
v 1.402419 0.000000 -0.689951
v 1.379186 0.000000 -0.721139
v 1.402370 0.000000 -0.658787
v 1.425607 0.000000 -0.627621
v 1.448891 0.000000 -0.627594
v 1.425654 0.000000 -0.658769
v 1.332574 0.000000 -0.689947
v 1.332620 0.000000 -0.721137
v 1.309340 0.000000 -0.721122
v 1.355854 0.000000 -0.689959
v 1.355902 0.000000 -0.721143
v 1.378979 0.000000 -0.565316
v 1.402255 0.000000 -0.565344
v 1.379008 0.000000 -0.596467
v 1.402235 0.000000 -0.534214
v 1.425503 0.000000 -0.503135
v 1.448781 0.000000 -0.503159
v 1.425511 0.000000 -0.534240
v 1.332492 0.000000 -0.627577
v 1.355733 0.000000 -0.596438
v 1.355767 0.000000 -0.627607
v 1.332461 0.000000 -0.596397
v 1.332438 0.000000 -0.565221
v 1.355693 0.000000 -0.534115
v 1.355707 0.000000 -0.565274
v 1.286021 0.000000 -0.689896
v 1.309296 0.000000 -0.689925
v 1.286063 0.000000 -0.721100
v 1.309256 0.000000 -0.658730
v 1.332531 0.000000 -0.658760
v 1.239478 0.000000 -0.689820
v 1.239514 0.000000 -0.721040
v 1.216244 0.000000 -0.721003
v 1.262748 0.000000 -0.689860
v 1.262787 0.000000 -0.721073
v 1.192944 0.000000 -0.689729
v 1.216210 0.000000 -0.689776
v 1.192976 0.000000 -0.720963
v 1.216180 0.000000 -0.658548
v 1.239418 0.000000 -0.627380
v 1.262683 0.000000 -0.627438
v 1.239445 0.000000 -0.658601
v 1.146420 0.000000 -0.689629
v 1.146446 0.000000 -0.720877
v 1.123185 0.000000 -0.720833
v 1.169681 0.000000 -0.689679
v 1.169710 0.000000 -0.720921
v 1.192877 0.000000 -0.564775
v 1.216132 0.000000 -0.564857
v 1.192881 0.000000 -0.596017
v 1.216137 0.000000 -0.533622
v 1.239407 0.000000 -0.502488
v 1.262660 0.000000 -0.502590
v 1.239391 0.000000 -0.533714
v 1.146381 0.000000 -0.627126
v 1.169626 0.000000 -0.595944
v 1.169637 0.000000 -0.627191
v 1.146372 0.000000 -0.595870
v 1.146372 0.000000 -0.564612
v 1.169633 0.000000 -0.533439
v 1.169624 0.000000 -0.564693
v 1.099903 0.000000 -0.689527
v 1.123160 0.000000 -0.689578
v 1.099925 0.000000 -0.720788
v 1.123140 0.000000 -0.658321
v 1.146397 0.000000 -0.658379
v 1.053393 0.000000 -0.689429
v 1.053412 0.000000 -0.720701
v 1.030158 0.000000 -0.720659
v 1.076647 0.000000 -0.689477
v 1.076668 0.000000 -0.720744
v 1.006889 0.000000 -0.689336
v 1.030141 0.000000 -0.689381
v 1.006905 0.000000 -0.720618
v 1.030127 0.000000 -0.658101
v 1.053369 0.000000 -0.626875
v 1.076620 0.000000 -0.626935
v 1.053379 0.000000 -0.658153
v 0.960390 0.000000 -0.689253
v 0.960404 0.000000 -0.720544
v 0.937155 0.000000 -0.720510
v 0.983639 0.000000 -0.689293
v 0.983654 0.000000 -0.720580
v 1.006875 0.000000 -0.564174
v 1.030124 0.000000 -0.564238
v 1.006869 0.000000 -0.595470
v 1.030139 0.000000 -0.532943
v 1.053414 0.000000 -0.501724
v 1.076662 0.000000 -0.501808
v 1.053387 0.000000 -0.533017
v 0.960374 0.000000 -0.626662
v 0.983621 0.000000 -0.595414
v 0.983622 0.000000 -0.626710
v 0.960374 0.000000 -0.595361
v 0.960380 0.000000 -0.564057
v 0.983642 0.000000 -0.532809
v 0.983627 0.000000 -0.564113
v 0.913895 0.000000 -0.689182
v 0.937142 0.000000 -0.689216
v 0.913907 0.000000 -0.720479
v 0.937132 0.000000 -0.657918
v 0.960380 0.000000 -0.657959
v 0.867402 0.000000 -0.689123
v 0.867413 0.000000 -0.720426
v 0.844167 0.000000 -0.720404
v 0.890648 0.000000 -0.689151
v 0.890660 0.000000 -0.720451
v 0.820911 0.000000 -0.689080
v 0.844156 0.000000 -0.689099
v 0.820922 0.000000 -0.720386
v 0.844148 0.000000 -0.657792
v 0.867388 0.000000 -0.626509
v 0.890634 0.000000 -0.626541
v 0.867393 0.000000 -0.657818
v 0.774421 0.000000 -0.689051
v 0.774431 0.000000 -0.720359
v 0.751186 0.000000 -0.720351
v 0.797666 0.000000 -0.689063
v 0.797676 0.000000 -0.720371
v 0.820893 0.000000 -0.563823
v 0.844141 0.000000 -0.563849
v 0.820893 0.000000 -0.595142
v 0.844146 0.000000 -0.532529
v 0.867409 0.000000 -0.501241
v 0.890661 0.000000 -0.501282
v 0.867396 0.000000 -0.532562
v 0.774405 0.000000 -0.626425
v 0.797647 0.000000 -0.595122
v 0.797651 0.000000 -0.626439
v 0.774400 0.000000 -0.595108
v 0.774397 0.000000 -0.563787
v 0.797646 0.000000 -0.532479
v 0.797645 0.000000 -0.563802
v 0.727931 0.000000 -0.689039
v 0.751176 0.000000 -0.689043
v 0.727941 0.000000 -0.720347
v 0.751167 0.000000 -0.657731
v 0.774412 0.000000 -0.657740
v 0.681440 0.000000 -0.689043
v 0.681450 0.000000 -0.720351
v 0.658204 0.000000 -0.720358
v 0.704686 0.000000 -0.689039
v 0.704696 0.000000 -0.720347
v 0.634948 0.000000 -0.689065
v 0.658194 0.000000 -0.689052
v 0.634957 0.000000 -0.720369
v 0.658185 0.000000 -0.657743
v 0.681422 0.000000 -0.626419
v 0.704668 0.000000 -0.626413
v 0.681431 0.000000 -0.657733
v 0.588453 0.000000 -0.689102
v 0.588461 0.000000 -0.720402
v 0.565212 0.000000 -0.720425
v 0.611701 0.000000 -0.689081
v 0.611710 0.000000 -0.720384
v 0.634907 0.000000 -0.563812
v 0.658156 0.000000 -0.563794
v 0.634919 0.000000 -0.595131
v 0.658144 0.000000 -0.532471
v 0.681384 0.000000 -0.501132
v 0.704637 0.000000 -0.501124
v 0.681394 0.000000 -0.532458
v 0.588435 0.000000 -0.626492
v 0.611671 0.000000 -0.595153
v 0.611682 0.000000 -0.626466
v 0.588423 0.000000 -0.595181
v 0.588410 0.000000 -0.563867
v 0.611643 0.000000 -0.532517
v 0.611658 0.000000 -0.563837
v 0.541955 0.000000 -0.689157
v 0.565205 0.000000 -0.689127
v 0.541962 0.000000 -0.720451
v 0.565197 0.000000 -0.657827
v 0.588445 0.000000 -0.657799
v 0.495453 0.000000 -0.689226
v 0.495457 0.000000 -0.720513
v 0.472203 0.000000 -0.720548
v 0.518704 0.000000 -0.689190
v 0.518710 0.000000 -0.720480
v 0.448945 0.000000 -0.689310
v 0.472199 0.000000 -0.689266
v 0.448946 0.000000 -0.720587
v 0.472195 0.000000 -0.657981
v 0.495439 0.000000 -0.626642
v 0.518689 0.000000 -0.626598
v 0.495447 0.000000 -0.657936
v 0.402430 0.000000 -0.689406
v 0.402428 0.000000 -0.720672
v 0.379166 0.000000 -0.720718
v 0.425688 0.000000 -0.689356
v 0.425688 0.000000 -0.720629
v 0.448912 0.000000 -0.564163
v 0.472162 0.000000 -0.564100
v 0.448926 0.000000 -0.595456
v 0.472141 0.000000 -0.532798
v 0.495364 0.000000 -0.501427
v 0.518616 0.000000 -0.501367
v 0.495392 0.000000 -0.532737
v 0.402428 0.000000 -0.626862
v 0.425674 0.000000 -0.595518
v 0.425682 0.000000 -0.626801
v 0.402421 0.000000 -0.595584
v 0.402409 0.000000 -0.564302
v 0.425640 0.000000 -0.532938
v 0.425660 0.000000 -0.564230
v 0.355908 0.000000 -0.689510
v 0.379170 0.000000 -0.689457
v 0.355902 0.000000 -0.720765
v 0.379172 0.000000 -0.658193
v 0.402430 0.000000 -0.658135
v 0.309377 0.000000 -0.689620
v 0.309367 0.000000 -0.720863
v 0.286095 0.000000 -0.720911
v 0.332644 0.000000 -0.689565
v 0.332636 0.000000 -0.720814
v 0.262837 0.000000 -0.689729
v 0.286108 0.000000 -0.689675
v 0.262821 0.000000 -0.720959
v 0.286120 0.000000 -0.658437
v 0.309392 0.000000 -0.627128
v 0.332654 0.000000 -0.627059
v 0.309386 0.000000 -0.658375
v 0.216286 0.000000 -0.689831
v 0.216266 0.000000 -0.721048
v 0.192984 0.000000 -0.721087
v 0.239562 0.000000 -0.689781
v 0.239545 0.000000 -0.721004
v 0.262873 0.000000 -0.564797
v 0.286132 0.000000 -0.564711
v 0.262871 0.000000 -0.596033
v 0.286123 0.000000 -0.533463
v 0.309355 0.000000 -0.502107
v 0.332607 0.000000 -0.502005
v 0.309378 0.000000 -0.533368
v 0.216323 0.000000 -0.627398
v 0.239605 0.000000 -0.596109
v 0.239594 0.000000 -0.627334
v 0.216338 0.000000 -0.596182
v 0.216346 0.000000 -0.564966
v 0.239607 0.000000 -0.533655
v 0.239610 0.000000 -0.564883
v 0.169725 0.000000 -0.689916
v 0.193007 0.000000 -0.689876
v 0.169701 0.000000 -0.721122
v 0.193029 0.000000 -0.658666
v 0.216306 0.000000 -0.658614
v 0.123157 0.000000 -0.689975
v 0.123128 0.000000 -0.721172
v 0.099840 0.000000 -0.721184
v 0.146442 0.000000 -0.689950
v 0.146415 0.000000 -0.721150
v 0.076582 0.000000 -0.689996
v 0.099870 0.000000 -0.689991
v 0.076551 0.000000 -0.721187
v 0.099901 0.000000 -0.658804
v 0.123215 0.000000 -0.627598
v 0.146496 0.000000 -0.627560
v 0.123186 0.000000 -0.658784
v 0.030004 0.000000 -0.689965
v 0.029972 0.000000 -0.721157
v 0.006684 0.000000 -0.721121
v 0.053293 0.000000 -0.689987
v 0.053261 0.000000 -0.721179
v 0.076704 0.000000 -0.565317
v 0.099984 0.000000 -0.565288
v 0.076678 0.000000 -0.596472
v 0.100001 0.000000 -0.534132
v 0.123279 0.000000 -0.502912
v 0.146547 0.000000 -0.502829
v 0.123276 0.000000 -0.534075
v 0.030074 0.000000 -0.627614
v 0.053393 0.000000 -0.596475
v 0.053361 0.000000 -0.627635
v 0.030106 0.000000 -0.596459
v 0.030135 0.000000 -0.565319
v 0.053442 0.000000 -0.534195
v 0.053421 0.000000 -0.565328
v 1.495566 0.000000 -0.689755
v 1.495513 0.000000 -0.658608
v 0.030039 0.000000 -0.658783
v 1.426088 0.000000 -0.939478
v 1.426118 0.000000 -0.970695
v 1.402825 0.000000 -0.970721
v 1.449380 0.000000 -0.939444
v 1.472670 0.000000 -0.939404
v 1.472701 0.000000 -0.970632
v 1.449410 0.000000 -0.970666
v 1.379502 0.000000 -0.939529
v 1.402795 0.000000 -0.939506
v 1.379532 0.000000 -0.970742
v 1.402760 0.000000 -0.908294
v 1.426012 0.000000 -0.877053
v 1.449303 0.000000 -0.877012
v 1.426052 0.000000 -0.908263
v 1.332919 0.000000 -0.939562
v 1.332947 0.000000 -0.970776
v 1.309656 0.000000 -0.970788
v 1.356210 0.000000 -0.939548
v 1.356239 0.000000 -0.970761
v 1.379338 0.000000 -0.814707
v 1.402627 0.000000 -0.814683
v 1.379385 0.000000 -0.845907
v 1.402577 0.000000 -0.783490
v 1.425812 0.000000 -0.752272
v 1.449101 0.000000 -0.752227
v 1.425866 0.000000 -0.783457
v 1.332848 0.000000 -0.877141
v 1.356095 0.000000 -0.845924
v 1.356138 0.000000 -0.877129
v 1.332807 0.000000 -0.845934
v 1.332762 0.000000 -0.814730
v 1.356001 0.000000 -0.783525
v 1.356049 0.000000 -0.814722
v 1.286341 0.000000 -0.939581
v 1.309629 0.000000 -0.939573
v 1.286367 0.000000 -0.970798
v 1.309597 0.000000 -0.908360
v 1.332886 0.000000 -0.908351
v 1.239769 0.000000 -0.939588
v 1.239795 0.000000 -0.970811
v 1.216511 0.000000 -0.970815
v 1.263054 0.000000 -0.939586
v 1.263080 0.000000 -0.970806
v 1.193207 0.000000 -0.939586
v 1.216487 0.000000 -0.939588
v 1.193231 0.000000 -0.970817
v 1.216458 0.000000 -0.908361
v 1.239707 0.000000 -0.877142
v 1.262989 0.000000 -0.877148
v 1.239740 0.000000 -0.908365
v 1.146654 0.000000 -0.939577
v 1.146677 0.000000 -0.970817
v 1.123404 0.000000 -0.970816
v 1.169929 0.000000 -0.939582
v 1.169953 0.000000 -0.970818
v 1.193081 0.000000 -0.814660
v 1.216355 0.000000 -0.814681
v 1.193115 0.000000 -0.845892
v 1.216318 0.000000 -0.783455
v 1.239553 0.000000 -0.752259
v 1.262829 0.000000 -0.752285
v 1.239593 0.000000 -0.783479
v 1.146600 0.000000 -0.877095
v 1.169842 0.000000 -0.845873
v 1.169873 0.000000 -0.877110
v 1.146570 0.000000 -0.845854
v 1.146539 0.000000 -0.814611
v 1.169775 0.000000 -0.783399
v 1.169809 0.000000 -0.814637
v 1.100112 0.000000 -0.939563
v 1.123382 0.000000 -0.939570
v 1.100134 0.000000 -0.970813
v 1.123357 0.000000 -0.908325
v 1.146629 0.000000 -0.908336
v 1.053579 0.000000 -0.939546
v 1.053600 0.000000 -0.970805
v 1.030336 0.000000 -0.970800
v 1.076844 0.000000 -0.939555
v 1.076865 0.000000 -0.970809
v 1.007056 0.000000 -0.939527
v 1.030317 0.000000 -0.939537
v 1.007075 0.000000 -0.970795
v 1.030295 0.000000 -0.908273
v 1.053533 0.000000 -0.877026
v 1.076797 0.000000 -0.877044
v 1.053557 0.000000 -0.908287
v 0.960540 0.000000 -0.939508
v 0.960558 0.000000 -0.970783
v 0.937303 0.000000 -0.970776
v 0.983797 0.000000 -0.939518
v 0.983816 0.000000 -0.970789
v 1.006968 0.000000 -0.814448
v 1.030224 0.000000 -0.814475
v 1.006990 0.000000 -0.845720
v 1.030201 0.000000 -0.783205
v 1.053434 0.000000 -0.751970
v 1.076692 0.000000 -0.752008
v 1.053458 0.000000 -0.783237
v 0.960500 0.000000 -0.876956
v 0.983734 0.000000 -0.845699
v 0.983756 0.000000 -0.876973
v 0.960480 0.000000 -0.845678
v 0.960459 0.000000 -0.814398
v 0.983692 0.000000 -0.783144
v 0.983713 0.000000 -0.814422
v 0.914031 0.000000 -0.939489
v 0.937285 0.000000 -0.939498
v 0.914049 0.000000 -0.970770
v 0.937266 0.000000 -0.908220
v 0.960520 0.000000 -0.908233
v 0.867527 0.000000 -0.939471
v 0.867544 0.000000 -0.970757
v 0.844294 0.000000 -0.970751
v 0.890779 0.000000 -0.939480
v 0.890796 0.000000 -0.970763
v 0.821027 0.000000 -0.939455
v 0.844277 0.000000 -0.939463
v 0.821044 0.000000 -0.970744
v 0.844260 0.000000 -0.908174
v 0.867492 0.000000 -0.876897
v 0.890742 0.000000 -0.876910
v 0.867510 0.000000 -0.908184
v 0.774530 0.000000 -0.939442
v 0.774546 0.000000 -0.970732
v 0.751297 0.000000 -0.970727
v 0.797778 0.000000 -0.939448
v 0.797795 0.000000 -0.970738
v 0.820963 0.000000 -0.814286
v 0.844210 0.000000 -0.814300
v 0.820978 0.000000 -0.845581
v 0.844194 0.000000 -0.783004
v 0.867427 0.000000 -0.751725
v 0.890674 0.000000 -0.751748
v 0.867442 0.000000 -0.783022
v 0.774498 0.000000 -0.876857
v 0.797731 0.000000 -0.845571
v 0.797746 0.000000 -0.876865
v 0.774483 0.000000 -0.845562
v 0.774469 0.000000 -0.814265
v 0.797701 0.000000 -0.782976
v 0.797716 0.000000 -0.814274
v 0.728033 0.000000 -0.939431
v 0.751281 0.000000 -0.939436
v 0.728048 0.000000 -0.970722
v 0.751266 0.000000 -0.908144
v 0.774514 0.000000 -0.908150
v 0.681535 0.000000 -0.939424
v 0.681550 0.000000 -0.970713
v 0.658300 0.000000 -0.970710
v 0.704784 0.000000 -0.939427
v 0.704799 0.000000 -0.970718
v 0.635035 0.000000 -0.939421
v 0.658285 0.000000 -0.939422
v 0.635049 0.000000 -0.970707
v 0.658271 0.000000 -0.908133
v 0.681507 0.000000 -0.876842
v 0.704755 0.000000 -0.876843
v 0.681521 0.000000 -0.908134
v 0.588530 0.000000 -0.939422
v 0.588545 0.000000 -0.970704
v 0.565290 0.000000 -0.970703
v 0.611783 0.000000 -0.939421
v 0.611798 0.000000 -0.970705
v 0.634986 0.000000 -0.814263
v 0.658234 0.000000 -0.814257
v 0.634996 0.000000 -0.845555
v 0.658223 0.000000 -0.782960
v 0.681460 0.000000 -0.751655
v 0.704706 0.000000 -0.751652
v 0.681471 0.000000 -0.782955
v 0.588506 0.000000 -0.876856
v 0.611746 0.000000 -0.845562
v 0.611758 0.000000 -0.876850
v 0.588495 0.000000 -0.845570
v 0.588486 0.000000 -0.814283
v 0.611727 0.000000 -0.782978
v 0.611736 0.000000 -0.814271
v 0.542021 0.000000 -0.939428
v 0.565276 0.000000 -0.939425
v 0.542035 0.000000 -0.970703
v 0.565264 0.000000 -0.908145
v 0.588517 0.000000 -0.908140
v 0.495504 0.000000 -0.939438
v 0.495517 0.000000 -0.970706
v 0.472256 0.000000 -0.970709
v 0.518763 0.000000 -0.939432
v 0.518777 0.000000 -0.970704
v 0.448979 0.000000 -0.939452
v 0.472243 0.000000 -0.939445
v 0.448992 0.000000 -0.970712
v 0.472232 0.000000 -0.908180
v 0.495483 0.000000 -0.876899
v 0.518741 0.000000 -0.876885
v 0.495493 0.000000 -0.908169
v 0.402445 0.000000 -0.939471
v 0.402458 0.000000 -0.970722
v 0.379187 0.000000 -0.970728
v 0.425713 0.000000 -0.939461
v 0.425726 0.000000 -0.970717
v 0.448951 0.000000 -0.814400
v 0.472211 0.000000 -0.814375
v 0.448955 0.000000 -0.845666
v 0.472208 0.000000 -0.783102
v 0.495461 0.000000 -0.751795
v 0.518715 0.000000 -0.751767
v 0.495465 0.000000 -0.783075
v 0.402429 0.000000 -0.876966
v 0.425691 0.000000 -0.845688
v 0.425696 0.000000 -0.876947
v 0.402425 0.000000 -0.845712
v 0.402424 0.000000 -0.814456
v 0.425688 0.000000 -0.783164
v 0.425689 0.000000 -0.814427
v 0.355901 0.000000 -0.939494
v 0.379174 0.000000 -0.939482
v 0.355913 0.000000 -0.970736
v 0.379165 0.000000 -0.908235
v 0.402436 0.000000 -0.908220
v 0.309347 0.000000 -0.939520
v 0.309359 0.000000 -0.970753
v 0.286078 0.000000 -0.970764
v 0.332625 0.000000 -0.939507
v 0.332637 0.000000 -0.970744
v 0.262783 0.000000 -0.939549
v 0.286066 0.000000 -0.939535
v 0.262794 0.000000 -0.970775
v 0.286059 0.000000 -0.908305
v 0.309336 0.000000 -0.877052
v 0.332613 0.000000 -0.877030
v 0.309340 0.000000 -0.908287
v 0.216209 0.000000 -0.939581
v 0.216220 0.000000 -0.970800
v 0.192930 0.000000 -0.970814
v 0.239497 0.000000 -0.939565
v 0.239508 0.000000 -0.970787
v 0.262784 0.000000 -0.814643
v 0.286064 0.000000 -0.814612
v 0.262777 0.000000 -0.845871
v 0.286072 0.000000 -0.783379
v 0.309356 0.000000 -0.752103
v 0.332628 0.000000 -0.752060
v 0.309348 0.000000 -0.783342
v 0.216203 0.000000 -0.877141
v 0.239494 0.000000 -0.845897
v 0.239490 0.000000 -0.877120
v 0.216208 0.000000 -0.845921
v 0.216217 0.000000 -0.814702
v 0.239513 0.000000 -0.783451
v 0.239502 0.000000 -0.814674
v 0.169628 0.000000 -0.939613
v 0.192919 0.000000 -0.939597
v 0.169639 0.000000 -0.970829
v 0.192914 0.000000 -0.908379
v 0.216204 0.000000 -0.908361
v 0.123043 0.000000 -0.939645
v 0.123054 0.000000 -0.970862
v 0.099760 0.000000 -0.970879
v 0.146336 0.000000 -0.939629
v 0.146347 0.000000 -0.970845
v 0.076456 0.000000 -0.939676
v 0.099749 0.000000 -0.939661
v 0.076467 0.000000 -0.970898
v 0.099745 0.000000 -0.908442
v 0.123040 0.000000 -0.877213
v 0.146332 0.000000 -0.877198
v 0.123038 0.000000 -0.908428
v 0.029873 0.000000 -0.939706
v 0.029883 0.000000 -0.970939
v 0.006595 0.000000 -0.970962
v 0.053164 0.000000 -0.939691
v 0.053174 0.000000 -0.970918
v 0.076477 0.000000 -0.814801
v 0.099769 0.000000 -0.814797
v 0.076463 0.000000 -0.846016
v 0.099789 0.000000 -0.783588
v 0.123102 0.000000 -0.752373
v 0.146391 0.000000 -0.752354
v 0.123079 0.000000 -0.783578
v 0.029871 0.000000 -0.877241
v 0.053171 0.000000 -0.846017
v 0.053162 0.000000 -0.877240
v 0.029880 0.000000 -0.846013
v 0.029895 0.000000 -0.814789
v 0.053206 0.000000 -0.783586
v 0.053186 0.000000 -0.814799
v 1.495959 0.000000 -0.939358
v 1.495923 0.000000 -0.908127
v 0.029869 0.000000 -0.908473
v 1.426148 0.000000 -1.189234
v 1.426129 0.000000 -1.220444
v 1.402837 0.000000 -1.220447
v 1.449440 0.000000 -1.189236
v 1.472730 0.000000 -1.189246
v 1.472710 0.000000 -1.220464
v 1.449419 0.000000 -1.220450
v 1.379564 0.000000 -1.189248
v 1.402856 0.000000 -1.189238
v 1.379546 0.000000 -1.220457
v 1.402870 0.000000 -1.158026
v 1.426172 0.000000 -1.126801
v 1.449464 0.000000 -1.126796
v 1.426163 0.000000 -1.158019
v 1.332983 0.000000 -1.189283
v 1.332967 0.000000 -1.220496
v 1.309680 0.000000 -1.220522
v 1.356273 0.000000 -1.189264
v 1.356256 0.000000 -1.220474
v 1.379583 0.000000 -1.064390
v 1.402876 0.000000 -1.064375
v 1.379587 0.000000 -1.095607
v 1.402865 0.000000 -1.033156
v 1.426141 0.000000 -1.001915
v 1.449434 0.000000 -1.001891
v 1.426159 0.000000 -1.033137
v 1.333001 0.000000 -1.126855
v 1.356294 0.000000 -1.095622
v 1.356293 0.000000 -1.126837
v 1.333002 0.000000 -1.095639
v 1.332997 0.000000 -1.064423
v 1.356279 0.000000 -1.033190
v 1.356289 0.000000 -1.064406
v 1.286409 0.000000 -1.189333
v 1.309695 0.000000 -1.189307
v 1.286396 0.000000 -1.220552
v 1.309706 0.000000 -1.158091
v 1.332995 0.000000 -1.158070
v 1.239842 0.000000 -1.189392
v 1.239832 0.000000 -1.220620
v 1.216554 0.000000 -1.220656
v 1.263124 0.000000 -1.189362
v 1.263113 0.000000 -1.220585
v 1.193285 0.000000 -1.189455
v 1.216562 0.000000 -1.189423
v 1.193278 0.000000 -1.220693
v 1.216568 0.000000 -1.158191
v 1.239851 0.000000 -1.126938
v 1.263136 0.000000 -1.126916
v 1.239849 0.000000 -1.158165
v 1.146738 0.000000 -1.189519
v 1.146735 0.000000 -1.220767
v 1.123467 0.000000 -1.220803
v 1.170010 0.000000 -1.189487
v 1.170005 0.000000 -1.220730
v 1.193279 0.000000 -1.064515
v 1.216560 0.000000 -1.064501
v 1.193286 0.000000 -1.095749
v 1.216548 0.000000 -1.033272
v 1.239815 0.000000 -1.002036
v 1.263101 0.000000 -1.002027
v 1.239832 0.000000 -1.033260
v 1.146738 0.000000 -1.127027
v 1.170008 0.000000 -1.095767
v 1.170012 0.000000 -1.127006
v 1.146733 0.000000 -1.095784
v 1.146724 0.000000 -1.064541
v 1.169988 0.000000 -1.033291
v 1.170000 0.000000 -1.064528
v 1.100202 0.000000 -1.189580
v 1.123469 0.000000 -1.189550
v 1.100201 0.000000 -1.220838
v 1.123469 0.000000 -1.158298
v 1.146739 0.000000 -1.158272
v 1.053674 0.000000 -1.189635
v 1.053677 0.000000 -1.220903
v 1.030418 0.000000 -1.220933
v 1.076937 0.000000 -1.189608
v 1.076938 0.000000 -1.220872
v 1.007156 0.000000 -1.189683
v 1.030414 0.000000 -1.189660
v 1.007161 0.000000 -1.220960
v 1.030409 0.000000 -1.158390
v 1.053665 0.000000 -1.127106
v 1.076930 0.000000 -1.127088
v 1.053671 0.000000 -1.158369
v 0.960645 0.000000 -1.189723
v 0.960652 0.000000 -1.221007
v 0.937399 0.000000 -1.221027
v 0.983899 0.000000 -1.189704
v 0.983905 0.000000 -1.220985
v 1.007122 0.000000 -1.064597
v 1.030383 0.000000 -1.064591
v 1.007133 0.000000 -1.095866
v 1.030370 0.000000 -1.033327
v 1.053618 0.000000 -1.002064
v 1.076884 0.000000 -1.002064
v 1.053633 0.000000 -1.033323
v 0.960628 0.000000 -1.127162
v 0.983874 0.000000 -1.095876
v 0.983884 0.000000 -1.127150
v 0.960617 0.000000 -1.095884
v 0.960605 0.000000 -1.064608
v 0.983849 0.000000 -1.033331
v 0.983862 0.000000 -1.064603
v 0.914140 0.000000 -1.189753
v 0.937392 0.000000 -1.189739
v 0.914149 0.000000 -1.221043
v 0.937383 0.000000 -1.158454
v 0.960637 0.000000 -1.158441
v 0.867640 0.000000 -1.189772
v 0.867650 0.000000 -1.221068
v 0.844402 0.000000 -1.221075
v 0.890889 0.000000 -1.189764
v 0.890899 0.000000 -1.221057
v 0.821144 0.000000 -1.189782
v 0.844391 0.000000 -1.189779
v 0.821155 0.000000 -1.221080
v 0.844380 0.000000 -1.158484
v 0.867617 0.000000 -1.127190
v 0.890868 0.000000 -1.127185
v 0.867629 0.000000 -1.158480
v 0.774650 0.000000 -1.189781
v 0.774662 0.000000 -1.221081
v 0.751416 0.000000 -1.221076
v 0.797897 0.000000 -1.189783
v 0.797908 0.000000 -1.221082
v 0.821091 0.000000 -1.064611
v 0.844340 0.000000 -1.064613
v 0.821105 0.000000 -1.095901
v 0.844325 0.000000 -1.033325
v 0.867561 0.000000 -1.002042
v 0.890812 0.000000 -1.002047
v 0.867576 0.000000 -1.033328
v 0.774622 0.000000 -1.127189
v 0.797856 0.000000 -1.095899
v 0.797870 0.000000 -1.127192
v 0.774608 0.000000 -1.095896
v 0.774593 0.000000 -1.064604
v 0.797826 0.000000 -1.033318
v 0.797842 0.000000 -1.064608
v 0.728157 0.000000 -1.189770
v 0.751403 0.000000 -1.189777
v 0.728170 0.000000 -1.221069
v 0.751389 0.000000 -1.158480
v 0.774636 0.000000 -1.158484
v 0.681663 0.000000 -1.189749
v 0.681678 0.000000 -1.221047
v 0.658431 0.000000 -1.221031
v 0.704910 0.000000 -1.189761
v 0.704924 0.000000 -1.221059
v 0.635168 0.000000 -1.189720
v 0.658416 0.000000 -1.189736
v 0.635184 0.000000 -1.221014
v 0.658399 0.000000 -1.158442
v 0.681631 0.000000 -1.127161
v 0.704879 0.000000 -1.127171
v 0.681647 0.000000 -1.158454
v 0.588669 0.000000 -1.189682
v 0.588687 0.000000 -1.220971
v 0.565437 0.000000 -1.220946
v 0.611919 0.000000 -1.189702
v 0.611936 0.000000 -1.220993
v 0.635098 0.000000 -1.064564
v 0.658349 0.000000 -1.064572
v 0.635116 0.000000 -1.095851
v 0.658332 0.000000 -1.033285
v 0.681566 0.000000 -1.002002
v 0.704815 0.000000 -1.002007
v 0.681582 0.000000 -1.033291
v 0.588632 0.000000 -1.127111
v 0.611865 0.000000 -1.095840
v 0.611883 0.000000 -1.127126
v 0.588613 0.000000 -1.095828
v 0.588595 0.000000 -1.064546
v 0.611830 0.000000 -1.033272
v 0.611847 0.000000 -1.064555
v 0.542166 0.000000 -1.189637
v 0.565418 0.000000 -1.189660
v 0.542186 0.000000 -1.220919
v 0.565399 0.000000 -1.158377
v 0.588651 0.000000 -1.158396
v 0.495658 0.000000 -1.189587
v 0.495680 0.000000 -1.220861
v 0.472425 0.000000 -1.220830
v 0.518913 0.000000 -1.189613
v 0.518934 0.000000 -1.220891
v 0.449143 0.000000 -1.189533
v 0.472401 0.000000 -1.189560
v 0.449168 0.000000 -1.220798
v 0.472377 0.000000 -1.158293
v 0.495613 0.000000 -1.127045
v 0.518870 0.000000 -1.127062
v 0.495635 0.000000 -1.158315
v 0.402619 0.000000 -1.189478
v 0.402647 0.000000 -1.220732
v 0.379384 0.000000 -1.220699
v 0.425882 0.000000 -1.189505
v 0.425908 0.000000 -1.220765
v 0.449046 0.000000 -1.064489
v 0.472309 0.000000 -1.064498
v 0.449068 0.000000 -1.095749
v 0.472289 0.000000 -1.033235
v 0.495533 0.000000 -1.001973
v 0.518792 0.000000 -1.001975
v 0.495551 0.000000 -1.033240
v 0.402563 0.000000 -1.126973
v 0.425804 0.000000 -1.095735
v 0.425829 0.000000 -1.126991
v 0.402538 0.000000 -1.095722
v 0.402514 0.000000 -1.064472
v 0.425760 0.000000 -1.033226
v 0.425781 0.000000 -1.064480
v 0.356087 0.000000 -1.189424
v 0.379354 0.000000 -1.189451
v 0.356119 0.000000 -1.220667
v 0.379324 0.000000 -1.158203
v 0.402591 0.000000 -1.158225
v 0.309545 0.000000 -1.189375
v 0.309581 0.000000 -1.220607
v 0.286308 0.000000 -1.220580
v 0.332817 0.000000 -1.189399
v 0.332851 0.000000 -1.220636
v 0.262994 0.000000 -1.189335
v 0.286271 0.000000 -1.189354
v 0.263033 0.000000 -1.220556
v 0.286234 0.000000 -1.158128
v 0.309477 0.000000 -1.126912
v 0.332752 0.000000 -1.126925
v 0.309510 0.000000 -1.158144
v 0.216432 0.000000 -1.189310
v 0.216476 0.000000 -1.220520
v 0.193194 0.000000 -1.220510
v 0.239714 0.000000 -1.189321
v 0.239756 0.000000 -1.220536
v 0.262857 0.000000 -1.064448
v 0.286139 0.000000 -1.064448
v 0.262886 0.000000 -1.095670
v 0.286114 0.000000 -1.033220
v 0.309375 0.000000 -1.001986
v 0.332653 0.000000 -1.001981
v 0.309395 0.000000 -1.033218
v 0.216352 0.000000 -1.126885
v 0.239603 0.000000 -1.095669
v 0.239637 0.000000 -1.126887
v 0.216317 0.000000 -1.095670
v 0.216285 0.000000 -1.064454
v 0.239546 0.000000 -1.033229
v 0.239572 0.000000 -1.064450
v 0.169863 0.000000 -1.189306
v 0.193149 0.000000 -1.189305
v 0.169910 0.000000 -1.220507
v 0.193106 0.000000 -1.158097
v 0.216391 0.000000 -1.158099
v 0.123287 0.000000 -1.189328
v 0.123337 0.000000 -1.220523
v 0.100049 0.000000 -1.220545
v 0.146576 0.000000 -1.189313
v 0.146624 0.000000 -1.220510
v 0.076708 0.000000 -1.189386
v 0.099998 0.000000 -1.189352
v 0.076760 0.000000 -1.220578
v 0.099950 0.000000 -1.158154
v 0.123197 0.000000 -1.126925
v 0.146487 0.000000 -1.126907
v 0.123240 0.000000 -1.158128
v 0.030129 0.000000 -1.189488
v 0.030182 0.000000 -1.220683
v 0.006894 0.000000 -1.220757
v 0.053418 0.000000 -1.189431
v 0.053470 0.000000 -1.220624
v 0.076538 0.000000 -1.064558
v 0.099830 0.000000 -1.064529
v 0.076573 0.000000 -1.095772
v 0.099801 0.000000 -1.033315
v 0.123071 0.000000 -1.002078
v 0.146364 0.000000 -1.002060
v 0.123094 0.000000 -1.033293
v 0.030033 0.000000 -1.127073
v 0.053282 0.000000 -1.095810
v 0.053323 0.000000 -1.127023
v 0.029991 0.000000 -1.095855
v 0.029955 0.000000 -1.064631
v 0.053216 0.000000 -1.033369
v 0.053246 0.000000 -1.064591
v 1.496019 0.000000 -1.189264
v 1.496034 0.000000 -1.158033
v 0.030079 0.000000 -1.158284
v 1.425922 0.000000 -1.438718
v 1.425903 0.000000 -1.469863
v 1.402624 0.000000 -1.469904
v 1.449205 0.000000 -1.438707
v 1.472490 0.000000 -1.438717
v 1.472468 0.000000 -1.469840
v 1.449184 0.000000 -1.469840
v 1.379363 0.000000 -1.438792
v 1.402641 0.000000 -1.438748
v 1.379349 0.000000 -1.469960
v 1.402665 0.000000 -1.407583
v 1.425979 0.000000 -1.376398
v 1.449265 0.000000 -1.376401
v 1.425948 0.000000 -1.407563
v 1.332816 0.000000 -1.438915
v 1.332809 0.000000 -1.470108
v 1.309543 0.000000 -1.470194
v 1.356088 0.000000 -1.438849
v 1.356078 0.000000 -1.470030
v 1.379469 0.000000 -1.314060
v 1.402756 0.000000 -1.314044
v 1.379439 0.000000 -1.345252
v 1.402786 0.000000 -1.282851
v 1.426104 0.000000 -1.251649
v 1.449394 0.000000 -1.251657
v 1.426075 0.000000 -1.282848
v 1.332852 0.000000 -1.376522
v 1.356156 0.000000 -1.345282
v 1.356130 0.000000 -1.376475
v 1.332875 0.000000 -1.345322
v 1.332900 0.000000 -1.314119
v 1.356210 0.000000 -1.282885
v 1.356183 0.000000 -1.314086
v 1.286280 0.000000 -1.439069
v 1.309547 0.000000 -1.438989
v 1.286280 0.000000 -1.470286
v 1.309558 0.000000 -1.407784
v 1.332831 0.000000 -1.407720
v 1.239753 0.000000 -1.439238
v 1.239760 0.000000 -1.470476
v 1.216503 0.000000 -1.470572
v 1.263016 0.000000 -1.439152
v 1.263019 0.000000 -1.470380
v 1.193235 0.000000 -1.439411
v 1.216493 0.000000 -1.439325
v 1.193248 0.000000 -1.470667
v 1.216492 0.000000 -1.408080
v 1.239763 0.000000 -1.376769
v 1.263031 0.000000 -1.376702
v 1.239755 0.000000 -1.408003
v 1.146724 0.000000 -1.439578
v 1.146741 0.000000 -1.470851
v 1.123488 0.000000 -1.470937
v 1.169979 0.000000 -1.439495
v 1.169994 0.000000 -1.470761
v 1.193249 0.000000 -1.314415
v 1.216518 0.000000 -1.314360
v 1.193240 0.000000 -1.345660
v 1.216531 0.000000 -1.283124
v 1.239819 0.000000 -1.251848
v 1.263098 0.000000 -1.251808
v 1.239805 0.000000 -1.283077
v 1.146712 0.000000 -1.377044
v 1.169975 0.000000 -1.345722
v 1.169972 0.000000 -1.376976
v 1.146713 0.000000 -1.345783
v 1.146718 0.000000 -1.314525
v 1.169990 0.000000 -1.283221
v 1.169982 0.000000 -1.314470
v 1.100217 0.000000 -1.439733
v 1.123470 0.000000 -1.439657
v 1.100237 0.000000 -1.471020
v 1.123459 0.000000 -1.408382
v 1.146715 0.000000 -1.408309
v 1.053714 0.000000 -1.439873
v 1.053735 0.000000 -1.471170
v 1.030484 0.000000 -1.471237
v 1.076965 0.000000 -1.439805
v 1.076986 0.000000 -1.471097
v 1.007213 0.000000 -1.439993
v 1.030463 0.000000 -1.439935
v 1.007234 0.000000 -1.471299
v 1.030448 0.000000 -1.408638
v 1.053690 0.000000 -1.377291
v 1.076943 0.000000 -1.377234
v 1.053699 0.000000 -1.408580
v 0.960714 0.000000 -1.440092
v 0.960733 0.000000 -1.471405
v 0.937483 0.000000 -1.471449
v 0.983963 0.000000 -1.440045
v 0.983984 0.000000 -1.471355
v 1.007173 0.000000 -1.314809
v 1.030426 0.000000 -1.314769
v 1.007179 0.000000 -1.346099
v 1.030423 0.000000 -1.283487
v 1.053678 0.000000 -1.252174
v 1.076938 0.000000 -1.252138
v 1.053679 0.000000 -1.283448
v 0.960687 0.000000 -1.377478
v 0.983928 0.000000 -1.346140
v 0.983936 0.000000 -1.377438
v 0.960678 0.000000 -1.346176
v 0.960670 0.000000 -1.314879
v 0.983916 0.000000 -1.283556
v 0.983921 0.000000 -1.314846
v 0.914216 0.000000 -1.440169
v 0.937465 0.000000 -1.440133
v 0.914233 0.000000 -1.471487
v 0.937450 0.000000 -1.408821
v 0.960699 0.000000 -1.408783
v 0.867718 0.000000 -1.440223
v 0.867732 0.000000 -1.471544
v 0.844482 0.000000 -1.471564
v 0.890967 0.000000 -1.440199
v 0.890982 0.000000 -1.471518
v 0.821222 0.000000 -1.440254
v 0.844470 0.000000 -1.440241
v 0.821231 0.000000 -1.471578
v 0.844459 0.000000 -1.408922
v 0.867696 0.000000 -1.377590
v 0.890943 0.000000 -1.377569
v 0.867707 0.000000 -1.408905
v 0.774725 0.000000 -1.440262
v 0.774730 0.000000 -1.471587
v 0.751480 0.000000 -1.471582
v 0.797973 0.000000 -1.440261
v 0.797981 0.000000 -1.471585
v 0.821185 0.000000 -1.314992
v 0.844431 0.000000 -1.314983
v 0.821194 0.000000 -1.346302
v 0.844422 0.000000 -1.283677
v 0.867660 0.000000 -1.252365
v 0.890908 0.000000 -1.252353
v 0.867669 0.000000 -1.283666
v 0.774712 0.000000 -1.377623
v 0.797949 0.000000 -1.346307
v 0.797957 0.000000 -1.377622
v 0.774704 0.000000 -1.346308
v 0.774695 0.000000 -1.314996
v 0.797930 0.000000 -1.283688
v 0.797940 0.000000 -1.314996
v 0.728229 0.000000 -1.440248
v 0.751477 0.000000 -1.440258
v 0.728230 0.000000 -1.471572
v 0.751472 0.000000 -1.408937
v 0.774719 0.000000 -1.408941
v 0.681733 0.000000 -1.440212
v 0.681729 0.000000 -1.471534
v 0.658479 0.000000 -1.471506
v 0.704981 0.000000 -1.440233
v 0.704979 0.000000 -1.471556
v 0.635237 0.000000 -1.440155
v 0.658485 0.000000 -1.440186
v 0.635230 0.000000 -1.471473
v 0.658486 0.000000 -1.408869
v 0.681729 0.000000 -1.377578
v 0.704975 0.000000 -1.377596
v 0.681732 0.000000 -1.408893
v 0.588741 0.000000 -1.440076
v 0.588731 0.000000 -1.471390
v 0.565482 0.000000 -1.471340
v 0.611989 0.000000 -1.440118
v 0.611980 0.000000 -1.471434
v 0.635224 0.000000 -1.314912
v 0.658469 0.000000 -1.314936
v 0.635232 0.000000 -1.346218
v 0.658458 0.000000 -1.283631
v 0.681692 0.000000 -1.252347
v 0.704937 0.000000 -1.252360
v 0.681704 0.000000 -1.283650
v 0.588745 0.000000 -1.377458
v 0.611986 0.000000 -1.346188
v 0.611992 0.000000 -1.377495
v 0.588740 0.000000 -1.346154
v 0.588731 0.000000 -1.314854
v 0.611966 0.000000 -1.283584
v 0.611977 0.000000 -1.314885
v 0.542246 0.000000 -1.439978
v 0.565494 0.000000 -1.440030
v 0.542233 0.000000 -1.471286
v 0.565499 0.000000 -1.408722
v 0.588746 0.000000 -1.408766
v 0.495750 0.000000 -1.439862
v 0.495735 0.000000 -1.471161
v 0.472487 0.000000 -1.471092
v 0.518998 0.000000 -1.439922
v 0.518984 0.000000 -1.471226
v 0.449253 0.000000 -1.439728
v 0.472502 0.000000 -1.439797
v 0.449238 0.000000 -1.471018
v 0.472508 0.000000 -1.408506
v 0.495755 0.000000 -1.377273
v 0.519004 0.000000 -1.377325
v 0.495756 0.000000 -1.408566
v 0.402755 0.000000 -1.439581
v 0.402741 0.000000 -1.470859
v 0.379492 0.000000 -1.470774
v 0.426005 0.000000 -1.439657
v 0.425990 0.000000 -1.470940
v 0.449232 0.000000 -1.314607
v 0.472485 0.000000 -1.314654
v 0.449247 0.000000 -1.345882
v 0.472468 0.000000 -1.283376
v 0.495701 0.000000 -1.252138
v 0.518954 0.000000 -1.252172
v 0.495720 0.000000 -1.283417
v 0.402753 0.000000 -1.377038
v 0.425995 0.000000 -1.345828
v 0.426005 0.000000 -1.377100
v 0.402741 0.000000 -1.345771
v 0.402723 0.000000 -1.314508
v 0.425958 0.000000 -1.283291
v 0.425978 0.000000 -1.314558
v 0.356254 0.000000 -1.439424
v 0.379505 0.000000 -1.439504
v 0.356242 0.000000 -1.470686
v 0.379507 0.000000 -1.408237
v 0.402759 0.000000 -1.408308
v 0.309748 0.000000 -1.439260
v 0.309741 0.000000 -1.470505
v 0.286489 0.000000 -1.470413
v 0.333002 0.000000 -1.439342
v 0.332992 0.000000 -1.470596
v 0.263237 0.000000 -1.439098
v 0.286494 0.000000 -1.439178
v 0.263235 0.000000 -1.470321
v 0.286487 0.000000 -1.407946
v 0.309730 0.000000 -1.376779
v 0.332988 0.000000 -1.376844
v 0.309744 0.000000 -1.408018
v 0.216717 0.000000 -1.438945
v 0.216721 0.000000 -1.470145
v 0.193461 0.000000 -1.470063
v 0.239978 0.000000 -1.439020
v 0.239979 0.000000 -1.470232
v 0.263148 0.000000 -1.314215
v 0.286416 0.000000 -1.314259
v 0.263181 0.000000 -1.345435
v 0.286382 0.000000 -1.283033
v 0.309616 0.000000 -1.251839
v 0.332884 0.000000 -1.251875
v 0.309650 0.000000 -1.283072
v 0.216675 0.000000 -1.376544
v 0.239913 0.000000 -1.345386
v 0.239943 0.000000 -1.376597
v 0.216643 0.000000 -1.345343
v 0.216605 0.000000 -1.314139
v 0.239839 0.000000 -1.282963
v 0.239877 0.000000 -1.314175
v 0.170187 0.000000 -1.438814
v 0.193453 0.000000 -1.438876
v 0.170198 0.000000 -1.469988
v 0.193434 0.000000 -1.407688
v 0.216701 0.000000 -1.407745
v 0.123646 0.000000 -1.438719
v 0.123663 0.000000 -1.469864
v 0.100390 0.000000 -1.469822
v 0.146918 0.000000 -1.438761
v 0.146932 0.000000 -1.469921
v 0.077092 0.000000 -1.438679
v 0.100371 0.000000 -1.438691
v 0.077114 0.000000 -1.469795
v 0.100340 0.000000 -1.407552
v 0.123581 0.000000 -1.376410
v 0.146858 0.000000 -1.376429
v 0.123618 0.000000 -1.407568
v 0.030527 0.000000 -1.438715
v 0.030551 0.000000 -1.469803
v 0.007265 0.000000 -1.469845
v 0.053811 0.000000 -1.438686
v 0.053834 0.000000 -1.469788
v 0.076921 0.000000 -1.314108
v 0.100206 0.000000 -1.314084
v 0.076972 0.000000 -1.345266
v 0.100154 0.000000 -1.282912
v 0.123388 0.000000 -1.251712
v 0.146674 0.000000 -1.251704
v 0.123440 0.000000 -1.282896
v 0.030448 0.000000 -1.376489
v 0.053686 0.000000 -1.345300
v 0.053734 0.000000 -1.376441
v 0.030399 0.000000 -1.345353
v 0.030347 0.000000 -1.314204
v 0.053580 0.000000 -1.282983
v 0.053634 0.000000 -1.314147
v 1.495776 0.000000 -1.438751
v 1.495806 0.000000 -1.407616
v 0.030491 0.000000 -1.407609
v 1.426279 0.000000 -1.687581
v 1.426470 0.000000 -1.718653
v 1.403219 0.000000 -1.718910
v 1.449539 0.000000 -1.687375
v 1.472808 0.000000 -1.687186
v 1.472994 0.000000 -1.718161
v 1.449727 0.000000 -1.718401
v 1.379776 0.000000 -1.688018
v 1.403025 0.000000 -1.687798
v 1.379973 0.000000 -1.719167
v 1.402877 0.000000 -1.656685
v 1.426031 0.000000 -1.625422
v 1.449299 0.000000 -1.625291
v 1.426135 0.000000 -1.656505
v 1.333286 0.000000 -1.688456
v 1.333485 0.000000 -1.719661
v 1.310240 0.000000 -1.719895
v 1.356530 0.000000 -1.688239
v 1.356729 0.000000 -1.719418
v 1.379385 0.000000 -1.563433
v 1.402649 0.000000 -1.563324
v 1.379436 0.000000 -1.594582
v 1.402625 0.000000 -1.532192
v 1.425893 0.000000 -1.500996
v 1.449172 0.000000 -1.500960
v 1.425897 0.000000 -1.532118
v 1.333012 0.000000 -1.626062
v 1.356179 0.000000 -1.594723
v 1.356261 0.000000 -1.625893
v 1.332926 0.000000 -1.594870
v 1.332868 0.000000 -1.563680
v 1.356092 0.000000 -1.532381
v 1.356125 0.000000 -1.563553
v 1.286796 0.000000 -1.688872
v 1.310041 0.000000 -1.688668
v 1.286993 0.000000 -1.720117
v 1.309885 0.000000 -1.657447
v 1.333130 0.000000 -1.657257
v 1.240299 0.000000 -1.689251
v 1.240488 0.000000 -1.720525
v 1.217230 0.000000 -1.720709
v 1.263549 0.000000 -1.689066
v 1.263742 0.000000 -1.720327
v 1.193791 0.000000 -1.689589
v 1.217046 0.000000 -1.689425
v 1.193968 0.000000 -1.720882
v 1.216896 0.000000 -1.658146
v 1.240023 0.000000 -1.626720
v 1.263271 0.000000 -1.626562
v 1.240145 0.000000 -1.657982
v 1.147269 0.000000 -1.689884
v 1.147431 0.000000 -1.721190
v 1.124157 0.000000 -1.721327
v 1.170532 0.000000 -1.689742
v 1.170702 0.000000 -1.721042
v 1.193360 0.000000 -1.564463
v 1.216610 0.000000 -1.564338
v 1.193432 0.000000 -1.595737
v 1.216559 0.000000 -1.533079
v 1.239778 0.000000 -1.501717
v 1.263034 0.000000 -1.501610
v 1.239810 0.000000 -1.532961
v 1.147021 0.000000 -1.627282
v 1.170182 0.000000 -1.595865
v 1.170274 0.000000 -1.627153
v 1.146931 0.000000 -1.595987
v 1.146860 0.000000 -1.564696
v 1.170057 0.000000 -1.533303
v 1.170111 0.000000 -1.564582
v 1.100735 0.000000 -1.690138
v 1.124004 0.000000 -1.690016
v 1.100879 0.000000 -1.721452
v 1.123874 0.000000 -1.658708
v 1.147133 0.000000 -1.658581
v 1.054188 0.000000 -1.690352
v 1.054313 0.000000 -1.721671
v 1.031025 0.000000 -1.721765
v 1.077463 0.000000 -1.690250
v 1.077597 0.000000 -1.721567
v 1.007630 0.000000 -1.690527
v 1.030910 0.000000 -1.690444
v 1.007735 0.000000 -1.721850
v 1.030811 0.000000 -1.659122
v 1.053989 0.000000 -1.627715
v 1.077250 0.000000 -1.627619
v 1.054080 0.000000 -1.659032
v 0.961064 0.000000 -1.690666
v 0.961147 0.000000 -1.721991
v 0.937851 0.000000 -1.722049
v 0.984348 0.000000 -1.690601
v 0.984442 0.000000 -1.721925
v 1.007341 0.000000 -1.565239
v 1.030597 0.000000 -1.565166
v 1.007395 0.000000 -1.596559
v 1.030550 0.000000 -1.533853
v 1.053764 0.000000 -1.502471
v 1.077015 0.000000 -1.502393
v 1.053802 0.000000 -1.533777
v 0.960926 0.000000 -1.628013
v 0.984134 0.000000 -1.596627
v 0.984195 0.000000 -1.627951
v 0.960872 0.000000 -1.596687
v 0.960826 0.000000 -1.565363
v 0.984043 0.000000 -1.533985
v 0.984084 0.000000 -1.565305
v 0.914490 0.000000 -1.690771
v 0.937778 0.000000 -1.690723
v 0.914552 0.000000 -1.722097
v 0.937713 0.000000 -1.659396
v 0.960990 0.000000 -1.659340
v 0.867911 0.000000 -1.690844
v 0.867952 0.000000 -1.722170
v 0.844650 0.000000 -1.722194
v 0.891201 0.000000 -1.690812
v 0.891253 0.000000 -1.722138
v 0.821328 0.000000 -1.690884
v 0.844620 0.000000 -1.690868
v 0.821348 0.000000 -1.722211
v 0.844592 0.000000 -1.659539
v 0.867841 0.000000 -1.628185
v 0.891114 0.000000 -1.628153
v 0.867874 0.000000 -1.659515
v 0.774744 0.000000 -1.690894
v 0.774742 0.000000 -1.722220
v 0.751439 0.000000 -1.722213
v 0.798036 0.000000 -1.690893
v 0.798045 0.000000 -1.722219
v 0.821265 0.000000 -1.565562
v 0.844527 0.000000 -1.565547
v 0.821279 0.000000 -1.596893
v 0.844510 0.000000 -1.534217
v 0.867748 0.000000 -1.502868
v 0.891001 0.000000 -1.502841
v 0.867766 0.000000 -1.534195
v 0.774744 0.000000 -1.628235
v 0.798011 0.000000 -1.596902
v 0.798019 0.000000 -1.628233
v 0.774743 0.000000 -1.596904
v 0.774741 0.000000 -1.565573
v 0.797996 0.000000 -1.534240
v 0.798003 0.000000 -1.565571
v 0.728159 0.000000 -1.690874
v 0.751451 0.000000 -1.690888
v 0.728136 0.000000 -1.722199
v 0.751461 0.000000 -1.659559
v 0.774744 0.000000 -1.659565
v 0.681575 0.000000 -1.690824
v 0.681531 0.000000 -1.722148
v 0.658229 0.000000 -1.722112
v 0.704866 0.000000 -1.690853
v 0.704833 0.000000 -1.722177
v 0.634994 0.000000 -1.690746
v 0.658284 0.000000 -1.690789
v 0.634928 0.000000 -1.722068
v 0.658332 0.000000 -1.659463
v 0.681646 0.000000 -1.628170
v 0.704920 0.000000 -1.628197
v 0.681613 0.000000 -1.659498
v 0.588417 0.000000 -1.690638
v 0.588331 0.000000 -1.721958
v 0.565034 0.000000 -1.721892
v 0.611705 0.000000 -1.690696
v 0.611629 0.000000 -1.722017
v 0.635172 0.000000 -1.565443
v 0.658433 0.000000 -1.565481
v 0.635139 0.000000 -1.596769
v 0.658454 0.000000 -1.534154
v 0.681722 0.000000 -1.502858
v 0.704975 0.000000 -1.502881
v 0.681710 0.000000 -1.534184
v 0.588556 0.000000 -1.627993
v 0.611874 0.000000 -1.596722
v 0.611827 0.000000 -1.628048
v 0.588610 0.000000 -1.596670
v 0.588653 0.000000 -1.565347
v 0.611942 0.000000 -1.534075
v 0.611912 0.000000 -1.565398
v 0.541847 0.000000 -1.690500
v 0.565131 0.000000 -1.690573
v 0.541740 0.000000 -1.721817
v 0.565215 0.000000 -1.659252
v 0.588492 0.000000 -1.659316
v 0.495284 0.000000 -1.690333
v 0.495157 0.000000 -1.721646
v 0.471869 0.000000 -1.721548
v 0.518564 0.000000 -1.690420
v 0.518447 0.000000 -1.721736
v 0.448731 0.000000 -1.690133
v 0.472006 0.000000 -1.690237
v 0.448584 0.000000 -1.721442
v 0.472124 0.000000 -1.658925
v 0.495487 0.000000 -1.627704
v 0.518752 0.000000 -1.627787
v 0.495394 0.000000 -1.659018
v 0.402189 0.000000 -1.689901
v 0.402024 0.000000 -1.721203
v 0.378749 0.000000 -1.721070
v 0.425458 0.000000 -1.690021
v 0.425302 0.000000 -1.721327
v 0.449119 0.000000 -1.564908
v 0.472372 0.000000 -1.564997
v 0.449050 0.000000 -1.596211
v 0.472423 0.000000 -1.533692
v 0.495711 0.000000 -1.502464
v 0.518960 0.000000 -1.502533
v 0.495675 0.000000 -1.533770
v 0.402447 0.000000 -1.627301
v 0.425795 0.000000 -1.596112
v 0.425704 0.000000 -1.627413
v 0.402542 0.000000 -1.596006
v 0.402617 0.000000 -1.564713
v 0.425923 0.000000 -1.533519
v 0.425868 0.000000 -1.564813
v 0.355660 0.000000 -1.689634
v 0.378923 0.000000 -1.689772
v 0.355478 0.000000 -1.720926
v 0.379070 0.000000 -1.658476
v 0.402330 0.000000 -1.658600
v 0.309144 0.000000 -1.689330
v 0.308948 0.000000 -1.720608
v 0.285689 0.000000 -1.720433
v 0.332400 0.000000 -1.689486
v 0.332211 0.000000 -1.720773
v 0.262643 0.000000 -1.688987
v 0.285892 0.000000 -1.689163
v 0.262435 0.000000 -1.720246
v 0.286059 0.000000 -1.657898
v 0.309440 0.000000 -1.626785
v 0.332689 0.000000 -1.626925
v 0.309308 0.000000 -1.658055
v 0.216152 0.000000 -1.688606
v 0.215937 0.000000 -1.719836
v 0.192693 0.000000 -1.719613
v 0.239396 0.000000 -1.688801
v 0.239184 0.000000 -1.720047
v 0.263131 0.000000 -1.564009
v 0.286377 0.000000 -1.564136
v 0.263053 0.000000 -1.595245
v 0.286434 0.000000 -1.532891
v 0.309720 0.000000 -1.501752
v 0.332969 0.000000 -1.501853
v 0.309682 0.000000 -1.533004
v 0.216459 0.000000 -1.626168
v 0.239807 0.000000 -1.595103
v 0.239703 0.000000 -1.626330
v 0.216561 0.000000 -1.594958
v 0.216634 0.000000 -1.563751
v 0.239935 0.000000 -1.532661
v 0.239883 0.000000 -1.563880
v 0.169667 0.000000 -1.688193
v 0.192909 0.000000 -1.688403
v 0.169451 0.000000 -1.719380
v 0.193081 0.000000 -1.657201
v 0.216324 0.000000 -1.657384
v 0.123180 0.000000 -1.687758
v 0.122968 0.000000 -1.718885
v 0.099723 0.000000 -1.718630
v 0.146424 0.000000 -1.687977
v 0.146210 0.000000 -1.719136
v 0.076677 0.000000 -1.687326
v 0.099931 0.000000 -1.687540
v 0.076472 0.000000 -1.718374
v 0.100092 0.000000 -1.656450
v 0.123468 0.000000 -1.625513
v 0.146719 0.000000 -1.625674
v 0.123344 0.000000 -1.656635
v 0.030144 0.000000 -1.686936
v 0.029945 0.000000 -1.717887
v 0.006665 0.000000 -1.717672
v 0.053415 0.000000 -1.687122
v 0.053214 0.000000 -1.718124
v 0.077086 0.000000 -1.563078
v 0.100354 0.000000 -1.563164
v 0.077033 0.000000 -1.594152
v 0.100385 0.000000 -1.532058
v 0.123666 0.000000 -1.501003
v 0.146932 0.000000 -1.501076
v 0.123652 0.000000 -1.532137
v 0.030407 0.000000 -1.624986
v 0.053762 0.000000 -1.594057
v 0.053682 0.000000 -1.625091
v 0.030484 0.000000 -1.593985
v 0.030533 0.000000 -1.562966
v 0.053838 0.000000 -1.531950
v 0.053812 0.000000 -1.563011
v 1.496088 0.000000 -1.687022
v 1.495952 0.000000 -1.656077
v 0.030295 0.000000 -1.655969
v 1.430017 0.000000 -1.936373
v 1.430989 0.000000 -1.967572
v 1.407578 0.000000 -1.968190
v 1.453331 0.000000 -1.935691
v 1.476621 0.000000 -1.934907
v 1.477704 0.000000 -1.965981
v 1.454368 0.000000 -1.966845
v 1.383322 0.000000 -1.937479
v 1.406679 0.000000 -1.936965
v 1.384147 0.000000 -1.968721
v 1.405894 0.000000 -1.905761
v 1.428491 0.000000 -1.874076
v 1.451756 0.000000 -1.873522
v 1.429189 0.000000 -1.905209
v 1.336563 0.000000 -1.938324
v 1.337254 0.000000 -1.969581
v 1.313800 0.000000 -1.969934
v 1.359948 0.000000 -1.937929
v 1.360704 0.000000 -1.969180
v 1.380924 0.000000 -1.812652
v 1.404175 0.000000 -1.812276
v 1.381389 0.000000 -1.843835
v 1.403785 0.000000 -1.781146
v 1.426718 0.000000 -1.749724
v 1.449973 0.000000 -1.749421
v 1.427033 0.000000 -1.780797
v 1.335349 0.000000 -1.875811
v 1.358120 0.000000 -1.844216
v 1.358650 0.000000 -1.875443
v 1.334844 0.000000 -1.844563
v 1.334409 0.000000 -1.813323
v 1.357291 0.000000 -1.781797
v 1.357669 0.000000 -1.813001
v 1.289768 0.000000 -1.938983
v 1.313169 0.000000 -1.938673
v 1.290345 0.000000 -1.970246
v 1.312577 0.000000 -1.907407
v 1.335924 0.000000 -1.907066
v 1.242952 0.000000 -1.939507
v 1.243436 0.000000 -1.970772
v 1.219983 0.000000 -1.970995
v 1.266362 0.000000 -1.939259
v 1.266890 0.000000 -1.970524
v 1.196127 0.000000 -1.939930
v 1.219540 0.000000 -1.939729
v 1.196532 0.000000 -1.971196
v 1.219112 0.000000 -1.908452
v 1.242051 0.000000 -1.876948
v 1.265388 0.000000 -1.876706
v 1.242487 0.000000 -1.908231
v 1.149297 0.000000 -1.940275
v 1.149637 0.000000 -1.971542
v 1.126192 0.000000 -1.971691
v 1.172712 0.000000 -1.940111
v 1.173084 0.000000 -1.971378
v 1.194701 0.000000 -1.814775
v 1.218002 0.000000 -1.814583
v 1.195014 0.000000 -1.846072
v 1.217706 0.000000 -1.783290
v 1.240716 0.000000 -1.751804
v 1.263978 0.000000 -1.751594
v 1.240985 0.000000 -1.783087
v 1.148650 0.000000 -1.877708
v 1.171687 0.000000 -1.846250
v 1.172007 0.000000 -1.877545
v 1.148354 0.000000 -1.846412
v 1.148082 0.000000 -1.815110
v 1.171132 0.000000 -1.783648
v 1.171394 0.000000 -1.814950
v 1.102467 0.000000 -1.940558
v 1.125882 0.000000 -1.940424
v 1.102749 0.000000 -1.971825
v 1.125579 0.000000 -1.909145
v 1.148966 0.000000 -1.908997
v 1.055637 0.000000 -1.940788
v 1.055867 0.000000 -1.972056
v 1.032428 0.000000 -1.972154
v 1.079052 0.000000 -1.940679
v 1.079307 0.000000 -1.971946
v 1.008807 0.000000 -1.940973
v 1.032222 0.000000 -1.940886
v 1.008990 0.000000 -1.972241
v 1.032019 0.000000 -1.909607
v 1.055192 0.000000 -1.878220
v 1.078560 0.000000 -1.878111
v 1.055411 0.000000 -1.909510
v 0.961977 0.000000 -1.941117
v 0.962116 0.000000 -1.972385
v 0.938681 0.000000 -1.972443
v 0.985392 0.000000 -1.941050
v 0.985553 0.000000 -1.972317
v 1.008129 0.000000 -1.815801
v 1.031462 0.000000 -1.815714
v 1.008286 0.000000 -1.847107
v 1.031302 0.000000 -1.784402
v 1.054455 0.000000 -1.752989
v 1.077752 0.000000 -1.752883
v 1.054616 0.000000 -1.784305
v 0.961707 0.000000 -1.878549
v 0.984933 0.000000 -1.847184
v 0.985080 0.000000 -1.878482
v 0.961579 0.000000 -1.847251
v 0.961458 0.000000 -1.815945
v 0.984666 0.000000 -1.784565
v 0.984794 0.000000 -1.815877
v 0.915150 0.000000 -1.941224
v 0.938564 0.000000 -1.941175
v 0.915247 0.000000 -1.972491
v 0.938447 0.000000 -1.909896
v 0.961841 0.000000 -1.909838
v 0.868324 0.000000 -1.941295
v 0.868381 0.000000 -1.972562
v 0.844949 0.000000 -1.972585
v 0.891737 0.000000 -1.941263
v 0.891813 0.000000 -1.972531
v 0.821500 0.000000 -1.941332
v 0.844912 0.000000 -1.941318
v 0.821518 0.000000 -1.972600
v 0.844874 0.000000 -1.910039
v 0.868209 0.000000 -1.878728
v 0.891584 0.000000 -1.878696
v 0.868267 0.000000 -1.910016
v 0.774679 0.000000 -1.941337
v 0.774658 0.000000 -1.972604
v 0.751229 0.000000 -1.972595
v 0.798089 0.000000 -1.941339
v 0.798087 0.000000 -1.972606
v 0.821414 0.000000 -1.816164
v 0.844756 0.000000 -1.816148
v 0.821436 0.000000 -1.847469
v 0.844719 0.000000 -1.784836
v 0.867997 0.000000 -1.753493
v 0.891310 0.000000 -1.753461
v 0.868046 0.000000 -1.784811
v 0.774709 0.000000 -1.878772
v 0.798078 0.000000 -1.847476
v 0.798084 0.000000 -1.878773
v 0.774720 0.000000 -1.847475
v 0.774728 0.000000 -1.816171
v 0.798063 0.000000 -1.784859
v 0.798071 0.000000 -1.816171
v 0.727859 0.000000 -1.941311
v 0.751269 0.000000 -1.941328
v 0.727801 0.000000 -1.972578
v 0.751304 0.000000 -1.910051
v 0.774696 0.000000 -1.910060
v 0.681043 0.000000 -1.941254
v 0.680948 0.000000 -1.972520
v 0.657522 0.000000 -1.972479
v 0.704451 0.000000 -1.941286
v 0.704374 0.000000 -1.972553
v 0.634229 0.000000 -1.941165
v 0.657636 0.000000 -1.941213
v 0.634097 0.000000 -1.972431
v 0.657742 0.000000 -1.909937
v 0.681214 0.000000 -1.878691
v 0.704587 0.000000 -1.878723
v 0.681132 0.000000 -1.909977
v 0.587418 0.000000 -1.941046
v 0.587249 0.000000 -1.972311
v 0.563826 0.000000 -1.972239
v 0.610823 0.000000 -1.941110
v 0.610673 0.000000 -1.972375
v 0.634679 0.000000 -1.816009
v 0.658019 0.000000 -1.816055
v 0.634579 0.000000 -1.847310
v 0.658097 0.000000 -1.784746
v 0.681480 0.000000 -1.753468
v 0.704794 0.000000 -1.753498
v 0.681423 0.000000 -1.784784
v 0.587730 0.000000 -1.878487
v 0.611225 0.000000 -1.847256
v 0.611100 0.000000 -1.878549
v 0.587872 0.000000 -1.847194
v 0.588003 0.000000 -1.815894
v 0.611447 0.000000 -1.784647
v 0.611341 0.000000 -1.815955
v 0.540610 0.000000 -1.940896
v 0.564014 0.000000 -1.940975
v 0.540403 0.000000 -1.972160
v 0.564192 0.000000 -1.909700
v 0.587579 0.000000 -1.909771
v 0.493803 0.000000 -1.940712
v 0.493558 0.000000 -1.971975
v 0.470135 0.000000 -1.971870
v 0.517206 0.000000 -1.940808
v 0.516981 0.000000 -1.972072
v 0.446998 0.000000 -1.940493
v 0.470401 0.000000 -1.940607
v 0.446712 0.000000 -1.971756
v 0.470656 0.000000 -1.909335
v 0.494263 0.000000 -1.878157
v 0.517628 0.000000 -1.878252
v 0.494039 0.000000 -1.909439
v 0.400195 0.000000 -1.940235
v 0.399865 0.000000 -1.971497
v 0.376439 0.000000 -1.971351
v 0.423597 0.000000 -1.940369
v 0.423289 0.000000 -1.971631
v 0.448016 0.000000 -1.815356
v 0.471341 0.000000 -1.815467
v 0.447786 0.000000 -1.846651
v 0.471536 0.000000 -1.784165
v 0.495012 0.000000 -1.752958
v 0.518314 0.000000 -1.753049
v 0.494849 0.000000 -1.784266
v 0.400821 0.000000 -1.877685
v 0.424446 0.000000 -1.846530
v 0.424178 0.000000 -1.877818
v 0.401108 0.000000 -1.846398
v 0.401374 0.000000 -1.815104
v 0.424919 0.000000 -1.783935
v 0.424693 0.000000 -1.815235
v 0.353391 0.000000 -1.939933
v 0.376793 0.000000 -1.940090
v 0.353012 0.000000 -1.971193
v 0.377137 0.000000 -1.908820
v 0.400515 0.000000 -1.908965
v 0.306588 0.000000 -1.939576
v 0.306150 0.000000 -1.970835
v 0.282715 0.000000 -1.970632
v 0.329989 0.000000 -1.939762
v 0.329582 0.000000 -1.971022
v 0.259785 0.000000 -1.939151
v 0.283186 0.000000 -1.939373
v 0.259277 0.000000 -1.970409
v 0.283644 0.000000 -1.908105
v 0.307419 0.000000 -1.877031
v 0.330764 0.000000 -1.877215
v 0.307014 0.000000 -1.908307
v 0.212987 0.000000 -1.938634
v 0.212390 0.000000 -1.969890
v 0.188941 0.000000 -1.969585
v 0.236385 0.000000 -1.938905
v 0.235835 0.000000 -1.970163
v 0.261554 0.000000 -1.814056
v 0.284843 0.000000 -1.814268
v 0.261170 0.000000 -1.845333
v 0.285166 0.000000 -1.782987
v 0.308715 0.000000 -1.751891
v 0.331988 0.000000 -1.752062
v 0.308446 0.000000 -1.783177
v 0.214092 0.000000 -1.876102
v 0.237867 0.000000 -1.845096
v 0.237414 0.000000 -1.876369
v 0.214573 0.000000 -1.844836
v 0.214997 0.000000 -1.813574
v 0.238625 0.000000 -1.782560
v 0.238272 0.000000 -1.813825
v 0.166203 0.000000 -1.937987
v 0.189592 0.000000 -1.938330
v 0.165491 0.000000 -1.969241
v 0.190212 0.000000 -1.907068
v 0.213560 0.000000 -1.907369
v 0.119457 0.000000 -1.937150
v 0.118594 0.000000 -1.968394
v 0.095157 0.000000 -1.967861
v 0.142824 0.000000 -1.937598
v 0.142040 0.000000 -1.968848
v 0.072782 0.000000 -1.936017
v 0.096108 0.000000 -1.936629
v 0.071740 0.000000 -1.967226
v 0.096939 0.000000 -1.905416
v 0.120911 0.000000 -1.874695
v 0.144188 0.000000 -1.875108
v 0.120234 0.000000 -1.905913
v 0.026211 0.000000 -1.934453
v 0.025027 0.000000 -1.965512
v 0.001756 0.000000 -1.964360
v 0.049484 0.000000 -1.935297
v 0.048358 0.000000 -1.966456
v 0.075484 0.000000 -1.811536
v 0.098728 0.000000 -1.811942
v 0.074991 0.000000 -1.842613
v 0.099131 0.000000 -1.780827
v 0.122702 0.000000 -1.750019
v 0.145943 0.000000 -1.750304
v 0.122373 0.000000 -1.781164
v 0.027884 0.000000 -1.872519
v 0.051743 0.000000 -1.842116
v 0.051139 0.000000 -1.873140
v 0.028486 0.000000 -1.841592
v 0.028976 0.000000 -1.810673
v 0.052635 0.000000 -1.780114
v 0.052235 0.000000 -1.811110
v 1.499892 0.000000 -1.934020
v 1.499014 0.000000 -1.903136
v 0.027140 0.000000 -1.903466
v 1.473939 0.000000 -1.811018
v 1.497212 0.000000 -1.810573
v 1.474424 0.000000 -1.841964
v 1.496822 0.000000 -1.779714
v 0.029692 0.000000 -1.748825
v 0.052957 0.000000 -1.749120
v 0.029372 0.000000 -1.779752
v 0.121971 0.000000 -1.812322
v 0.121487 0.000000 -1.843498
v 0.098237 0.000000 -1.843074
v 0.145218 0.000000 -1.812675
v 0.168470 0.000000 -1.813001
v 0.168011 0.000000 -1.844233
v 0.144745 0.000000 -1.843883
v 0.191730 0.000000 -1.813300
v 0.192109 0.000000 -1.782061
v 0.215676 0.000000 -1.751074
v 0.238929 0.000000 -1.751300
v 0.215364 0.000000 -1.782320
v 0.308139 0.000000 -1.814463
v 0.307796 0.000000 -1.845749
v 0.284480 0.000000 -1.845550
v 0.331440 0.000000 -1.814643
v 0.354747 0.000000 -1.814809
v 0.354443 0.000000 -1.846100
v 0.331117 0.000000 -1.845932
v 0.378058 0.000000 -1.814963
v 0.378316 0.000000 -1.783666
v 0.401833 0.000000 -1.752505
v 0.425122 0.000000 -1.752632
v 0.401616 0.000000 -1.783806
v 0.494670 0.000000 -1.815569
v 0.494474 0.000000 -1.846866
v 0.471129 0.000000 -1.846764
v 0.518000 0.000000 -1.815663
v 0.541333 0.000000 -1.815748
v 0.541170 0.000000 -1.847047
v 0.517821 0.000000 -1.846961
v 0.564667 0.000000 -1.815825
v 0.564802 0.000000 -1.784518
v 0.588233 0.000000 -1.753275
v 0.611543 0.000000 -1.753334
v 0.588124 0.000000 -1.784587
v 0.681360 0.000000 -1.816093
v 0.681290 0.000000 -1.847396
v 0.657934 0.000000 -1.847357
v 0.704701 0.000000 -1.816124
v 0.728043 0.000000 -1.816147
v 0.728004 0.000000 -1.847451
v 0.704647 0.000000 -1.847427
v 0.751386 0.000000 -1.816163
v 0.751406 0.000000 -1.784852
v 0.774739 0.000000 -1.753542
v 0.798054 0.000000 -1.753542
v 0.774734 0.000000 -1.784859
v 0.868098 0.000000 -1.816124
v 0.868153 0.000000 -1.847430
v 0.844795 0.000000 -1.847453
v 0.891439 0.000000 -1.816092
v 0.914780 0.000000 -1.816052
v 0.914867 0.000000 -1.847358
v 0.891510 0.000000 -1.847398
v 0.938119 0.000000 -1.816003
v 0.938022 0.000000 -1.784690
v 0.961241 0.000000 -1.753313
v 0.984548 0.000000 -1.753247
v 0.961345 0.000000 -1.784632
v 1.054793 0.000000 -1.815616
v 1.054986 0.000000 -1.846922
v 1.031637 0.000000 -1.847020
v 1.078120 0.000000 -1.815508
v 1.101445 0.000000 -1.815388
v 1.101676 0.000000 -1.846693
v 1.078332 0.000000 -1.846813
v 1.124766 0.000000 -1.815256
v 1.124538 0.000000 -1.783948
v 1.147620 0.000000 -1.752497
v 1.170901 0.000000 -1.752344
v 1.147837 0.000000 -1.783804
v 1.241297 0.000000 -1.814373
v 1.241654 0.000000 -1.845661
v 1.218337 0.000000 -1.845876
v 1.264586 0.000000 -1.814144
v 1.287868 0.000000 -1.813894
v 1.288265 0.000000 -1.845164
v 1.264963 0.000000 -1.845425
v 1.311142 0.000000 -1.813621
v 1.310785 0.000000 -1.782371
v 1.333735 0.000000 -1.750873
v 1.356980 0.000000 -1.750603
v 1.334041 0.000000 -1.782094
v 1.427426 0.000000 -1.811876
v 1.427907 0.000000 -1.842967
v 1.404650 0.000000 -1.843419
v 1.450678 0.000000 -1.811455
v 1.451164 0.000000 -1.842481
v 1.472471 0.000000 -1.563104
v 1.495755 0.000000 -1.563083
v 1.472509 0.000000 -1.594153
v 1.495739 0.000000 -1.532034
v 0.030563 0.000000 -1.500875
v 0.053845 0.000000 -1.500876
v 0.030558 0.000000 -1.531930
v 0.123617 0.000000 -1.563265
v 0.123557 0.000000 -1.594390
v 0.100297 0.000000 -1.594265
v 0.146876 0.000000 -1.563377
v 0.170131 0.000000 -1.563497
v 0.170064 0.000000 -1.594667
v 0.146812 0.000000 -1.594525
v 0.193384 0.000000 -1.563622
v 0.193429 0.000000 -1.532436
v 0.216711 0.000000 -1.501345
v 0.239966 0.000000 -1.501445
v 0.216683 0.000000 -1.532547
v 0.309624 0.000000 -1.564260
v 0.309545 0.000000 -1.595520
v 0.286299 0.000000 -1.595385
v 0.332871 0.000000 -1.564380
v 0.356119 0.000000 -1.564496
v 0.356041 0.000000 -1.595775
v 0.332792 0.000000 -1.595650
v 0.379368 0.000000 -1.564607
v 0.379425 0.000000 -1.533325
v 0.402715 0.000000 -1.502139
v 0.425963 0.000000 -1.502227
v 0.402674 0.000000 -1.533424
v 0.495626 0.000000 -1.565079
v 0.495564 0.000000 -1.596391
v 0.472306 0.000000 -1.596304
v 0.518881 0.000000 -1.565156
v 0.542138 0.000000 -1.565226
v 0.542084 0.000000 -1.596543
v 0.518823 0.000000 -1.596470
v 0.565395 0.000000 -1.565289
v 0.565433 0.000000 -1.533971
v 0.588713 0.000000 -1.502707
v 0.611965 0.000000 -1.502753
v 0.588687 0.000000 -1.534026
v 0.681694 0.000000 -1.565512
v 0.681672 0.000000 -1.596841
v 0.658406 0.000000 -1.596808
v 0.704955 0.000000 -1.565537
v 0.728217 0.000000 -1.565556
v 0.728207 0.000000 -1.596886
v 0.704940 0.000000 -1.596867
v 0.751479 0.000000 -1.565567
v 0.751481 0.000000 -1.534237
v 0.774735 0.000000 -1.502913
v 0.797988 0.000000 -1.502912
v 0.774738 0.000000 -1.534242
v 0.867788 0.000000 -1.565524
v 0.867813 0.000000 -1.596854
v 0.844546 0.000000 -1.596877
v 0.891048 0.000000 -1.565494
v 0.914308 0.000000 -1.565458
v 0.914344 0.000000 -1.596786
v 0.891079 0.000000 -1.596823
v 0.937568 0.000000 -1.565414
v 0.937534 0.000000 -1.534089
v 0.960758 0.000000 -1.502721
v 0.984010 0.000000 -1.502668
v 0.960789 0.000000 -1.534041
v 1.053851 0.000000 -1.565086
v 1.053913 0.000000 -1.596399
v 1.030655 0.000000 -1.596483
v 1.077105 0.000000 -1.564999
v 1.100358 0.000000 -1.564905
v 1.100425 0.000000 -1.596208
v 1.077170 0.000000 -1.596307
v 1.123609 0.000000 -1.564803
v 1.123556 0.000000 -1.533510
v 1.146767 0.000000 -1.502128
v 1.170019 0.000000 -1.502030
v 1.146807 0.000000 -1.533409
v 1.239860 0.000000 -1.564209
v 1.239929 0.000000 -1.595462
v 1.216681 0.000000 -1.595602
v 1.263110 0.000000 -1.564078
v 1.286361 0.000000 -1.563944
v 1.286426 0.000000 -1.595169
v 1.263178 0.000000 -1.595317
v 1.309613 0.000000 -1.563811
v 1.309573 0.000000 -1.532604
v 1.332813 0.000000 -1.501300
v 1.356078 0.000000 -1.501207
v 1.332831 0.000000 -1.532490
v 1.425918 0.000000 -1.563230
v 1.425961 0.000000 -1.594331
v 1.402696 0.000000 -1.594450
v 1.449192 0.000000 -1.563155
v 1.449232 0.000000 -1.594230
v 1.472621 0.000000 -1.314071
v 1.495909 0.000000 -1.314110
v 1.472587 0.000000 -1.345252
v 1.495942 0.000000 -1.282914
v 0.030236 0.000000 -1.251868
v 0.053525 0.000000 -1.251808
v 0.030292 0.000000 -1.283042
v 0.123490 0.000000 -1.314074
v 0.123538 0.000000 -1.345245
v 0.100256 0.000000 -1.345248
v 0.146772 0.000000 -1.314076
v 0.170051 0.000000 -1.314089
v 0.170095 0.000000 -1.345275
v 0.146817 0.000000 -1.345255
v 0.193329 0.000000 -1.314110
v 0.193285 0.000000 -1.282913
v 0.216520 0.000000 -1.251728
v 0.239797 0.000000 -1.251750
v 0.216563 0.000000 -1.282935
v 0.309681 0.000000 -1.314307
v 0.309709 0.000000 -1.345542
v 0.286446 0.000000 -1.345487
v 0.332945 0.000000 -1.314356
v 0.356206 0.000000 -1.314406
v 0.356228 0.000000 -1.345657
v 0.332970 0.000000 -1.345599
v 0.379465 0.000000 -1.314457
v 0.379441 0.000000 -1.283203
v 0.402675 0.000000 -1.251989
v 0.425934 0.000000 -1.252027
v 0.402700 0.000000 -1.283247
v 0.495736 0.000000 -1.314699
v 0.495748 0.000000 -1.345984
v 0.472498 0.000000 -1.345935
v 0.518986 0.000000 -1.314742
v 0.542235 0.000000 -1.314782
v 0.542246 0.000000 -1.346076
v 0.518997 0.000000 -1.346032
v 0.565483 0.000000 -1.314819
v 0.565470 0.000000 -1.283525
v 0.588704 0.000000 -1.252262
v 0.611952 0.000000 -1.252287
v 0.588718 0.000000 -1.283556
v 0.681715 0.000000 -1.314956
v 0.681723 0.000000 -1.346265
v 0.658478 0.000000 -1.346244
v 0.704960 0.000000 -1.314972
v 0.728205 0.000000 -1.314984
v 0.728213 0.000000 -1.346295
v 0.704968 0.000000 -1.346282
v 0.751450 0.000000 -1.314992
v 0.751439 0.000000 -1.283684
v 0.774674 0.000000 -1.252383
v 0.797920 0.000000 -1.252383
v 0.774685 0.000000 -1.283688
v 0.867678 0.000000 -1.314971
v 0.867687 0.000000 -1.346278
v 0.844440 0.000000 -1.346293
v 0.890924 0.000000 -1.314954
v 0.914172 0.000000 -1.314933
v 0.914181 0.000000 -1.346236
v 0.890933 0.000000 -1.346260
v 0.937421 0.000000 -1.314908
v 0.937414 0.000000 -1.283611
v 0.960658 0.000000 -1.252294
v 0.983910 0.000000 -1.252269
v 0.960664 0.000000 -1.283585
v 1.053681 0.000000 -1.314725
v 1.053684 0.000000 -1.346006
v 1.030431 0.000000 -1.346055
v 1.076937 0.000000 -1.314679
v 1.100196 0.000000 -1.314630
v 1.100195 0.000000 -1.345900
v 1.076939 0.000000 -1.345955
v 1.123456 0.000000 -1.314578
v 1.123459 0.000000 -1.283317
v 1.146730 0.000000 -1.252017
v 1.169998 0.000000 -1.251975
v 1.146724 0.000000 -1.283270
v 1.239789 0.000000 -1.314306
v 1.239775 0.000000 -1.345537
v 1.216506 0.000000 -1.345598
v 1.263064 0.000000 -1.314254
v 1.286340 0.000000 -1.314205
v 1.286320 0.000000 -1.345421
v 1.263046 0.000000 -1.345478
v 1.309619 0.000000 -1.314159
v 1.309641 0.000000 -1.282948
v 1.332947 0.000000 -1.251706
v 1.356235 0.000000 -1.251681
v 1.332925 0.000000 -1.282914
v 1.426044 0.000000 -1.314040
v 1.426011 0.000000 -1.345223
v 1.402725 0.000000 -1.345231
v 1.449333 0.000000 -1.314048
v 1.449299 0.000000 -1.345230
v 1.472753 0.000000 -1.064330
v 1.496042 0.000000 -1.064316
v 1.472757 0.000000 -1.095563
v 1.496031 0.000000 -1.033073
v 0.029901 0.000000 -1.002172
v 0.053192 0.000000 -1.002145
v 0.029925 0.000000 -1.033403
v 0.123123 0.000000 -1.064506
v 0.123157 0.000000 -1.095717
v 0.099865 0.000000 -1.095741
v 0.146415 0.000000 -1.064488
v 0.169706 0.000000 -1.064473
v 0.169739 0.000000 -1.095685
v 0.146449 0.000000 -1.095698
v 0.192997 0.000000 -1.064462
v 0.192969 0.000000 -1.033247
v 0.216237 0.000000 -1.002019
v 0.239525 0.000000 -1.002008
v 0.216259 0.000000 -1.033237
v 0.309419 0.000000 -1.064450
v 0.309447 0.000000 -1.095681
v 0.286168 0.000000 -1.095675
v 0.332696 0.000000 -1.064453
v 0.355971 0.000000 -1.064458
v 0.355997 0.000000 -1.095699
v 0.332723 0.000000 -1.095689
v 0.379244 0.000000 -1.064465
v 0.379222 0.000000 -1.033220
v 0.402473 0.000000 -1.001972
v 0.425742 0.000000 -1.001971
v 0.402492 0.000000 -1.033222
v 0.495570 0.000000 -1.064508
v 0.495591 0.000000 -1.095776
v 0.472331 0.000000 -1.095762
v 0.518829 0.000000 -1.064517
v 0.542086 0.000000 -1.064527
v 0.542105 0.000000 -1.095803
v 0.518849 0.000000 -1.095789
v 0.565341 0.000000 -1.064537
v 0.565323 0.000000 -1.033259
v 0.588560 0.000000 -1.001985
v 0.611813 0.000000 -1.001989
v 0.588577 0.000000 -1.033265
v 0.681598 0.000000 -1.064580
v 0.681615 0.000000 -1.095870
v 0.658366 0.000000 -1.095861
v 0.704847 0.000000 -1.064587
v 0.728096 0.000000 -1.064594
v 0.728112 0.000000 -1.095885
v 0.704863 0.000000 -1.095878
v 0.751344 0.000000 -1.064599
v 0.751329 0.000000 -1.033308
v 0.774562 0.000000 -1.002023
v 0.797811 0.000000 -1.002028
v 0.774577 0.000000 -1.033313
v 0.867591 0.000000 -1.064614
v 0.867605 0.000000 -1.095901
v 0.844354 0.000000 -1.095902
v 0.890842 0.000000 -1.064614
v 0.914095 0.000000 -1.064613
v 0.914108 0.000000 -1.095895
v 0.890856 0.000000 -1.095899
v 0.937349 0.000000 -1.064611
v 0.937335 0.000000 -1.033332
v 0.960576 0.000000 -1.002057
v 0.983833 0.000000 -1.002060
v 0.960591 0.000000 -1.033332
v 1.053647 0.000000 -1.064583
v 1.053657 0.000000 -1.095844
v 1.030394 0.000000 -1.095856
v 1.076912 0.000000 -1.064574
v 1.100181 0.000000 -1.064564
v 1.100190 0.000000 -1.095816
v 1.076922 0.000000 -1.095830
v 1.123451 0.000000 -1.064553
v 1.123439 0.000000 -1.033307
v 1.146696 0.000000 -1.002058
v 1.169972 0.000000 -1.002054
v 1.146712 0.000000 -1.033299
v 1.239843 0.000000 -1.064486
v 1.239850 0.000000 -1.095712
v 1.216567 0.000000 -1.095730
v 1.263129 0.000000 -1.064471
v 1.286417 0.000000 -1.064455
v 1.286422 0.000000 -1.095674
v 1.263135 0.000000 -1.095693
v 1.309706 0.000000 -1.064439
v 1.309695 0.000000 -1.033221
v 1.332970 0.000000 -1.001991
v 1.356262 0.000000 -1.001975
v 1.332986 0.000000 -1.033206
v 1.426170 0.000000 -1.064359
v 1.426174 0.000000 -1.095581
v 1.402881 0.000000 -1.095593
v 1.449462 0.000000 -1.064344
v 1.449466 0.000000 -1.095571
v 1.472497 0.000000 -0.814547
v 1.495785 0.000000 -0.814477
v 1.472547 0.000000 -0.845751
v 1.495732 0.000000 -0.783279
v 0.029942 0.000000 -0.752360
v 0.053231 0.000000 -0.752379
v 0.029916 0.000000 -0.783571
v 0.123061 0.000000 -0.814787
v 0.123048 0.000000 -0.845999
v 0.099755 0.000000 -0.846010
v 0.146352 0.000000 -0.814772
v 0.169642 0.000000 -0.814752
v 0.169630 0.000000 -0.845966
v 0.146340 0.000000 -0.845984
v 0.192930 0.000000 -0.814728
v 0.192945 0.000000 -0.783513
v 0.216247 0.000000 -0.752265
v 0.239528 0.000000 -0.752228
v 0.216230 0.000000 -0.783483
v 0.309341 0.000000 -0.814580
v 0.309337 0.000000 -0.845817
v 0.286058 0.000000 -0.845844
v 0.332615 0.000000 -0.814548
v 0.355887 0.000000 -0.814516
v 0.355886 0.000000 -0.845763
v 0.332613 0.000000 -0.845790
v 0.379157 0.000000 -0.814485
v 0.379159 0.000000 -0.783232
v 0.402426 0.000000 -0.751936
v 0.425688 0.000000 -0.751898
v 0.402424 0.000000 -0.783197
v 0.495470 0.000000 -0.814352
v 0.495476 0.000000 -0.845626
v 0.472216 0.000000 -0.845645
v 0.518726 0.000000 -0.814331
v 0.541981 0.000000 -0.814312
v 0.541989 0.000000 -0.845594
v 0.518733 0.000000 -0.845609
v 0.565234 0.000000 -0.814296
v 0.565226 0.000000 -0.783009
v 0.588469 0.000000 -0.751699
v 0.611718 0.000000 -0.751683
v 0.588477 0.000000 -0.782992
v 0.681482 0.000000 -0.814253
v 0.681494 0.000000 -0.845549
v 0.658246 0.000000 -0.845551
v 0.704729 0.000000 -0.814252
v 0.727976 0.000000 -0.814254
v 0.727989 0.000000 -0.845551
v 0.704742 0.000000 -0.845549
v 0.751223 0.000000 -0.814258
v 0.751209 0.000000 -0.782959
v 0.774443 0.000000 -0.751664
v 0.797688 0.000000 -0.751675
v 0.774455 0.000000 -0.782966
v 0.867458 0.000000 -0.814316
v 0.867475 0.000000 -0.845607
v 0.844226 0.000000 -0.845593
v 0.890707 0.000000 -0.814333
v 0.913956 0.000000 -0.814353
v 0.913975 0.000000 -0.845640
v 0.890724 0.000000 -0.845623
v 0.937207 0.000000 -0.814375
v 0.937188 0.000000 -0.783089
v 0.960421 0.000000 -0.751831
v 0.983672 0.000000 -0.751863
v 0.960439 0.000000 -0.783116
v 1.053483 0.000000 -0.814502
v 1.053508 0.000000 -0.845765
v 1.030248 0.000000 -0.845742
v 1.076744 0.000000 -0.814530
v 1.100007 0.000000 -0.814557
v 1.100035 0.000000 -0.845810
v 1.076770 0.000000 -0.845788
v 1.123272 0.000000 -0.814585
v 1.123242 0.000000 -0.783336
v 1.146476 0.000000 -0.752123
v 1.169742 0.000000 -0.752160
v 1.146507 0.000000 -0.783368
v 1.239632 0.000000 -0.814700
v 1.239671 0.000000 -0.845921
v 1.216392 0.000000 -0.845908
v 1.262912 0.000000 -0.814714
v 1.286193 0.000000 -0.814725
v 1.286235 0.000000 -0.845937
v 1.262952 0.000000 -0.845931
v 1.309477 0.000000 -0.814730
v 1.309432 0.000000 -0.783525
v 1.332668 0.000000 -0.752331
v 1.355952 0.000000 -0.752332
v 1.332716 0.000000 -0.783529
v 1.425918 0.000000 -0.814649
v 1.425966 0.000000 -0.845848
v 1.402676 0.000000 -0.845882
v 1.449208 0.000000 -0.814604
v 1.449257 0.000000 -0.845805
v 1.472099 0.000000 -0.565321
v 1.495386 0.000000 -0.565267
v 1.472134 0.000000 -0.596426
v 1.495360 0.000000 -0.534190
v 0.030171 0.000000 -0.503089
v 0.053454 0.000000 -0.503076
v 0.030158 0.000000 -0.534195
v 0.123262 0.000000 -0.565243
v 0.123241 0.000000 -0.596418
v 0.099960 0.000000 -0.596452
v 0.146537 0.000000 -0.565187
v 0.169809 0.000000 -0.565120
v 0.169794 0.000000 -0.596315
v 0.146519 0.000000 -0.596371
v 0.193079 0.000000 -0.565046
v 0.193082 0.000000 -0.533841
v 0.216334 0.000000 -0.502532
v 0.239592 0.000000 -0.502425
v 0.216346 0.000000 -0.533750
v 0.309390 0.000000 -0.564625
v 0.309395 0.000000 -0.595878
v 0.286134 0.000000 -0.595955
v 0.332647 0.000000 -0.564540
v 0.355902 0.000000 -0.564457
v 0.355911 0.000000 -0.595726
v 0.332654 0.000000 -0.595801
v 0.379156 0.000000 -0.564378
v 0.379137 0.000000 -0.533098
v 0.402360 0.000000 -0.501725
v 0.425611 0.000000 -0.501642
v 0.402389 0.000000 -0.533016
v 0.495412 0.000000 -0.564043
v 0.495428 0.000000 -0.595344
v 0.472177 0.000000 -0.595398
v 0.518662 0.000000 -0.563990
v 0.541911 0.000000 -0.563944
v 0.541927 0.000000 -0.595253
v 0.518677 0.000000 -0.595296
v 0.565161 0.000000 -0.563902
v 0.565142 0.000000 -0.532587
v 0.588372 0.000000 -0.501228
v 0.611625 0.000000 -0.501194
v 0.588393 0.000000 -0.532549
v 0.681404 0.000000 -0.563781
v 0.681413 0.000000 -0.595102
v 0.658166 0.000000 -0.595114
v 0.704652 0.000000 -0.563774
v 0.727901 0.000000 -0.563773
v 0.727907 0.000000 -0.595094
v 0.704660 0.000000 -0.595095
v 0.751149 0.000000 -0.563777
v 0.751146 0.000000 -0.532453
v 0.774398 0.000000 -0.501137
v 0.797651 0.000000 -0.501154
v 0.774396 0.000000 -0.532463
v 0.867389 0.000000 -0.563881
v 0.867386 0.000000 -0.595196
v 0.844140 0.000000 -0.595167
v 0.890636 0.000000 -0.563917
v 0.913884 0.000000 -0.563959
v 0.913880 0.000000 -0.595270
v 0.890633 0.000000 -0.595231
v 0.937132 0.000000 -0.564006
v 0.937144 0.000000 -0.532695
v 0.960415 0.000000 -0.501439
v 0.983665 0.000000 -0.501502
v 0.960393 0.000000 -0.532750
v 1.053372 0.000000 -0.564307
v 1.053367 0.000000 -0.595592
v 1.030118 0.000000 -0.595529
v 1.076621 0.000000 -0.564379
v 1.099871 0.000000 -0.564454
v 1.099867 0.000000 -0.595727
v 1.076616 0.000000 -0.595659
v 1.123121 0.000000 -0.564532
v 1.123134 0.000000 -0.533262
v 1.146408 0.000000 -0.502083
v 1.169657 0.000000 -0.502182
v 1.146383 0.000000 -0.533349
v 1.239389 0.000000 -0.564938
v 1.239399 0.000000 -0.596160
v 1.216139 0.000000 -0.596089
v 1.262648 0.000000 -0.565016
v 1.285909 0.000000 -0.565090
v 1.285925 0.000000 -0.596290
v 1.262661 0.000000 -0.596227
v 1.309172 0.000000 -0.565159
v 1.309165 0.000000 -0.533972
v 1.332431 0.000000 -0.502877
v 1.355693 0.000000 -0.502959
v 1.332427 0.000000 -0.534048
v 1.425533 0.000000 -0.565356
v 1.425566 0.000000 -0.596483
v 1.402285 0.000000 -0.596483
v 1.448815 0.000000 -0.565349
v 1.448849 0.000000 -0.596465
v 1.472482 0.000000 -0.317099
v 1.495764 0.000000 -0.317261
v 1.472331 0.000000 -0.348066
v 1.495961 0.000000 -0.286363
v 0.029389 0.000000 -0.254913
v 0.052653 0.000000 -0.254615
v 0.029632 0.000000 -0.285874
v 0.122850 0.000000 -0.316017
v 0.123000 0.000000 -0.347162
v 0.099748 0.000000 -0.347351
v 0.146095 0.000000 -0.315796
v 0.169340 0.000000 -0.315579
v 0.169495 0.000000 -0.346778
v 0.146249 0.000000 -0.346970
v 0.192584 0.000000 -0.315367
v 0.192385 0.000000 -0.284140
v 0.215392 0.000000 -0.252666
v 0.238648 0.000000 -0.252441
v 0.215633 0.000000 -0.283918
v 0.308835 0.000000 -0.314446
v 0.308981 0.000000 -0.345735
v 0.285730 0.000000 -0.345890
v 0.332094 0.000000 -0.314293
v 0.355356 0.000000 -0.314151
v 0.355492 0.000000 -0.345454
v 0.332236 0.000000 -0.345590
v 0.378622 0.000000 -0.314019
v 0.378469 0.000000 -0.282709
v 0.401580 0.000000 -0.251269
v 0.424874 0.000000 -0.251152
v 0.401747 0.000000 -0.282583
v 0.494995 0.000000 -0.313508
v 0.495086 0.000000 -0.344832
v 0.471815 0.000000 -0.344913
v 0.518278 0.000000 -0.313434
v 0.541562 0.000000 -0.313369
v 0.541635 0.000000 -0.344695
v 0.518360 0.000000 -0.344759
v 0.564848 0.000000 -0.313312
v 0.564775 0.000000 -0.281987
v 0.588004 0.000000 -0.250615
v 0.611316 0.000000 -0.250574
v 0.588073 0.000000 -0.281938
v 0.681297 0.000000 -0.313151
v 0.681315 0.000000 -0.344480
v 0.658033 0.000000 -0.344497
v 0.704590 0.000000 -0.313142
v 0.727882 0.000000 -0.313141
v 0.727881 0.000000 -0.344470
v 0.704598 0.000000 -0.344471
v 0.751175 0.000000 -0.313148
v 0.751187 0.000000 -0.281822
v 0.774517 0.000000 -0.250515
v 0.797832 0.000000 -0.250537
v 0.774490 0.000000 -0.281836
v 0.867632 0.000000 -0.313289
v 0.867575 0.000000 -0.344614
v 0.844294 0.000000 -0.344572
v 0.890921 0.000000 -0.313340
v 0.914208 0.000000 -0.313397
v 0.914133 0.000000 -0.344719
v 0.890855 0.000000 -0.344663
v 0.937494 0.000000 -0.313462
v 0.937591 0.000000 -0.282144
v 0.961007 0.000000 -0.250903
v 0.984312 0.000000 -0.250986
v 0.960886 0.000000 -0.282218
v 1.053895 0.000000 -0.313902
v 1.053769 0.000000 -0.345211
v 1.030501 0.000000 -0.345110
v 1.077167 0.000000 -0.314014
v 1.100437 0.000000 -0.314134
v 1.100296 0.000000 -0.345435
v 1.077034 0.000000 -0.345319
v 1.123703 0.000000 -0.314263
v 1.123877 0.000000 -0.282966
v 1.147361 0.000000 -0.251814
v 1.170638 0.000000 -0.251973
v 1.147148 0.000000 -0.283109
v 1.239983 0.000000 -0.315048
v 1.239814 0.000000 -0.346301
v 1.216567 0.000000 -0.346137
v 1.263230 0.000000 -0.315234
v 1.286474 0.000000 -0.315429
v 1.286302 0.000000 -0.346651
v 1.263059 0.000000 -0.346473
v 1.309717 0.000000 -0.315632
v 1.309932 0.000000 -0.284422
v 1.333441 0.000000 -0.253460
v 1.356683 0.000000 -0.253731
v 1.333174 0.000000 -0.284656
v 1.425949 0.000000 -0.316709
v 1.425792 0.000000 -0.347761
v 1.402534 0.000000 -0.347585
v 1.449211 0.000000 -0.316913
v 1.449057 0.000000 -0.347923
v 1.476415 0.000000 -0.069583
v 1.499680 0.000000 -0.070549
v 1.475486 0.000000 -0.100570
v 1.500869 0.000000 -0.039675
v 0.023535 0.000000 -0.006898
v 0.047006 0.000000 -0.005988
v 0.024922 0.000000 -0.038054
v 0.119304 0.000000 -0.066556
v 0.120042 0.000000 -0.097786
v 0.096732 0.000000 -0.098275
v 0.142677 0.000000 -0.066106
v 0.166062 0.000000 -0.065711
v 0.166702 0.000000 -0.096970
v 0.143365 0.000000 -0.097354
v 0.189457 0.000000 -0.065362
v 0.188825 0.000000 -0.034101
v 0.211694 0.000000 -0.002537
v 0.235202 0.000000 -0.002259
v 0.212281 0.000000 -0.033789
v 0.306499 0.000000 -0.064106
v 0.306893 0.000000 -0.095383
v 0.283514 0.000000 -0.095583
v 0.329913 0.000000 -0.063924
v 0.353328 0.000000 -0.063760
v 0.353660 0.000000 -0.095039
v 0.330275 0.000000 -0.095202
v 0.376743 0.000000 -0.063612
v 0.376434 0.000000 -0.032345
v 0.399594 0.000000 -0.000955
v 0.423062 0.000000 -0.000834
v 0.399877 0.000000 -0.032210
v 0.493819 0.000000 -0.063062
v 0.493999 0.000000 -0.094341
v 0.470607 0.000000 -0.094428
v 0.517234 0.000000 -0.062985
v 0.540648 0.000000 -0.062918
v 0.540785 0.000000 -0.094197
v 0.517392 0.000000 -0.094264
v 0.564062 0.000000 -0.062860
v 0.563945 0.000000 -0.031593
v 0.587283 0.000000 -0.000288
v 0.610738 0.000000 -0.000248
v 0.587379 0.000000 -0.031544
v 0.681125 0.000000 -0.062703
v 0.681145 0.000000 -0.093981
v 0.657752 0.000000 -0.093996
v 0.704536 0.000000 -0.062697
v 0.727947 0.000000 -0.062698
v 0.727930 0.000000 -0.093976
v 0.704538 0.000000 -0.093974
v 0.751357 0.000000 -0.062707
v 0.751397 0.000000 -0.031440
v 0.774889 0.000000 -0.000202
v 0.798335 0.000000 -0.000227
v 0.774824 0.000000 -0.031458
v 0.868396 0.000000 -0.062870
v 0.868272 0.000000 -0.094146
v 0.844883 0.000000 -0.094098
v 0.891802 0.000000 -0.062926
v 0.915207 0.000000 -0.062989
v 0.915047 0.000000 -0.094264
v 0.891660 0.000000 -0.094201
v 0.938612 0.000000 -0.063060
v 0.938800 0.000000 -0.031796
v 0.962437 0.000000 -0.000621
v 0.985878 0.000000 -0.000710
v 0.962222 0.000000 -0.031876
v 1.055627 0.000000 -0.063542
v 1.055351 0.000000 -0.094814
v 1.031969 0.000000 -0.094701
v 1.079029 0.000000 -0.063666
v 1.102431 0.000000 -0.063800
v 1.102111 0.000000 -0.095071
v 1.078731 0.000000 -0.094937
v 1.125833 0.000000 -0.063945
v 1.126187 0.000000 -0.032684
v 1.149997 0.000000 -0.001591
v 1.173452 0.000000 -0.001762
v 1.149614 0.000000 -0.032842
v 1.242841 0.000000 -0.064885
v 1.242348 0.000000 -0.096152
v 1.218982 0.000000 -0.095930
v 1.266241 0.000000 -0.065130
v 1.289639 0.000000 -0.065402
v 1.289066 0.000000 -0.096666
v 1.265710 0.000000 -0.096396
v 1.313034 0.000000 -0.065706
v 1.313684 0.000000 -0.034450
v 1.337853 0.000000 -0.003550
v 1.361387 0.000000 -0.003945
v 1.337134 0.000000 -0.034794
v 1.429843 0.000000 -0.068018
v 1.428964 0.000000 -0.099190
v 1.405686 0.000000 -0.098620
v 1.453141 0.000000 -0.068738
v 1.452228 0.000000 -0.099840
v 0.002734 0.000000 -0.070015
v 0.001635 0.000000 -0.039095
v 0.003611 0.000000 -0.100899
v 0.006538 0.000000 -0.317013
v 0.006354 0.000000 -0.286093
v 0.006674 0.000000 -0.347959
v 0.006849 0.000000 -0.565284
v 0.006872 0.000000 -0.534169
v 0.006820 0.000000 -0.596420
v 0.006607 0.000000 -0.814771
v 0.006628 0.000000 -0.783546
v 0.006592 0.000000 -0.846002
v 0.006667 0.000000 -1.064678
v 0.006637 0.000000 -1.033442
v 0.006703 0.000000 -1.095908
v 0.007059 0.000000 -1.314281
v 0.007004 0.000000 -1.283119
v 0.007112 0.000000 -1.345428
v 0.007248 0.000000 -1.562951
v 0.007272 0.000000 -1.531937
v 0.007200 0.000000 -1.593941
v 0.005700 0.000000 -1.810237
v 0.006095 0.000000 -1.779401
v 0.005214 0.000000 -1.841056
v 0.002946 0.000000 -1.933486
v 0.003873 0.000000 -1.902669
v 1.500991 0.000000 -1.964941
v 1.479091 0.000000 -1.997138
v 0.047003 0.000000 -1.997658
v 0.023507 0.000000 -1.996676
v 0.070559 0.000000 -1.998447
v 1.502452 0.000000 -1.995992
v 0.000173 0.000000 -1.995434
v 0.141239 0.000000 -2.000090
v 0.117690 0.000000 -1.999632
v 0.164772 0.000000 -2.000486
v 0.094127 0.000000 -1.999093
v 0.235289 0.000000 -2.001411
v 0.211796 0.000000 -2.001138
v 0.258772 0.000000 -2.001658
v 0.188291 0.000000 -2.000831
v 0.329173 0.000000 -2.002273
v 0.305712 0.000000 -2.002086
v 0.352629 0.000000 -2.002445
v 0.282246 0.000000 -2.001882
v 0.422975 0.000000 -2.002884
v 0.399529 0.000000 -2.002749
v 0.446419 0.000000 -2.003009
v 0.376081 0.000000 -2.002603
v 0.516747 0.000000 -2.003326
v 0.493305 0.000000 -2.003229
v 0.540189 0.000000 -2.003414
v 0.469863 0.000000 -2.003123
v 0.610515 0.000000 -2.003630
v 0.587072 0.000000 -2.003566
v 0.633957 0.000000 -2.003686
v 0.563630 0.000000 -2.003494
v 0.704291 0.000000 -2.003808
v 0.680846 0.000000 -2.003775
v 0.727737 0.000000 -2.003833
v 0.657401 0.000000 -2.003735
v 0.798081 0.000000 -2.003862
v 0.774632 0.000000 -2.003860
v 0.821532 0.000000 -2.003855
v 0.751184 0.000000 -2.003851
v 0.891888 0.000000 -2.003787
v 0.868435 0.000000 -2.003818
v 0.915342 0.000000 -2.003747
v 0.844983 0.000000 -2.003841
v 0.985713 0.000000 -2.003573
v 0.962255 0.000000 -2.003640
v 1.009173 0.000000 -2.003496
v 0.938798 0.000000 -2.003698
v 1.079563 0.000000 -2.003202
v 1.056098 0.000000 -2.003311
v 1.103031 0.000000 -2.003080
v 1.032635 0.000000 -2.003409
v 1.173456 0.000000 -2.002632
v 1.149978 0.000000 -2.002797
v 1.196940 0.000000 -2.002450
v 1.126503 0.000000 -2.002945
v 1.267424 0.000000 -2.001777
v 1.243923 0.000000 -2.002026
v 1.290932 0.000000 -2.001498
v 1.220428 0.000000 -2.002249
v 1.361500 0.000000 -2.000427
v 1.337971 0.000000 -2.000831
v 1.385035 0.000000 -1.999963
v 1.314448 0.000000 -2.001185
v 1.455620 0.000000 -1.998047
v 1.432105 0.000000 -1.998796
v 1.408572 0.000000 -1.999425
v 0.006862 0.000000 -1.686774
v 0.007012 0.000000 -1.655854
v 1.496272 0.000000 -1.717942
v 0.006412 0.000000 -1.748547
v 0.007240 0.000000 -1.438769
v 0.007205 0.000000 -1.407673
v 1.495753 0.000000 -1.469867
v 0.007277 0.000000 -1.500902
v 0.006841 0.000000 -1.189558
v 0.006791 0.000000 -1.158350
v 1.495998 0.000000 -1.220490
v 0.006949 0.000000 -1.251944
v 0.006584 0.000000 -0.939720
v 0.006580 0.000000 -0.908478
v 1.495989 0.000000 -0.970593
v 0.006613 0.000000 -1.002203
v 0.006717 0.000000 -0.689925
v 0.006752 0.000000 -0.658741
v 1.495621 0.000000 -0.720916
v 0.006654 0.000000 -0.752329
v 0.006871 0.000000 -0.440953
v 0.006834 0.000000 -0.409929
v 1.495353 0.000000 -0.472098
v 0.006886 0.000000 -0.503074
v 0.005414 0.000000 -0.193462
v 0.004929 0.000000 -0.162612
v 1.496531 0.000000 -0.224634
v 0.006113 0.000000 -0.255197
v 0.004334 0.000000 -0.131761
v 0.006770 0.000000 -0.378931
v 0.006787 0.000000 -0.627572
v 0.006583 0.000000 -0.877238
v 0.006745 0.000000 -1.127133
v 0.007161 0.000000 -1.376559
v 0.007123 0.000000 -1.624909
v 0.004614 0.000000 -1.871865
v 0.000174 0.000000 -0.008044
vn -0.0000 1.0000 -0.0000
s 0
f 1//1 2//1 3//1
f 4//1 5//1 6//1
f 4//1 6//1 7//1
f 8//1 9//1 10//1
f 8//1 10//1 11//1
f 12//1 13//1 14//1
f 12//1 14//1 15//1
f 16//1 17//1 18//1
f 16//1 18//1 19//1
f 20//1 21//1 22//1
f 20//1 22//1 23//1
f 24//1 25//1 26//1
f 24//1 26//1 27//1
f 28//1 29//1 30//1
f 28//1 30//1 31//1
f 1//1 32//1 2//1
f 33//1 34//1 35//1
f 36//1 37//1 38//1
f 36//1 38//1 39//1
f 40//1 41//1 42//1
f 40//1 42//1 43//1
f 44//1 45//1 46//1
f 44//1 46//1 47//1
f 48//1 49//1 50//1
f 48//1 50//1 51//1
f 52//1 53//1 54//1
f 52//1 54//1 55//1
f 56//1 57//1 58//1
f 56//1 58//1 59//1
f 60//1 61//1 62//1
f 60//1 62//1 63//1
f 33//1 64//1 34//1
f 65//1 66//1 67//1
f 68//1 69//1 70//1
f 68//1 70//1 71//1
f 72//1 73//1 74//1
f 72//1 74//1 75//1
f 76//1 77//1 78//1
f 76//1 78//1 79//1
f 80//1 81//1 82//1
f 80//1 82//1 83//1
f 84//1 85//1 86//1
f 84//1 86//1 87//1
f 88//1 89//1 90//1
f 88//1 90//1 91//1
f 92//1 93//1 94//1
f 92//1 94//1 95//1
f 65//1 96//1 66//1
f 97//1 98//1 99//1
f 100//1 101//1 102//1
f 100//1 102//1 103//1
f 104//1 105//1 106//1
f 104//1 106//1 107//1
f 108//1 109//1 110//1
f 108//1 110//1 111//1
f 112//1 113//1 114//1
f 112//1 114//1 115//1
f 116//1 117//1 118//1
f 116//1 118//1 119//1
f 120//1 121//1 122//1
f 120//1 122//1 123//1
f 124//1 125//1 126//1
f 124//1 126//1 127//1
f 97//1 128//1 98//1
f 129//1 130//1 131//1
f 132//1 133//1 134//1
f 132//1 134//1 135//1
f 136//1 137//1 138//1
f 136//1 138//1 139//1
f 140//1 141//1 142//1
f 140//1 142//1 143//1
f 144//1 145//1 146//1
f 144//1 146//1 147//1
f 148//1 149//1 150//1
f 148//1 150//1 151//1
f 152//1 153//1 154//1
f 152//1 154//1 155//1
f 156//1 157//1 158//1
f 156//1 158//1 159//1
f 129//1 160//1 130//1
f 161//1 162//1 163//1
f 164//1 165//1 166//1
f 164//1 166//1 167//1
f 168//1 169//1 170//1
f 168//1 170//1 171//1
f 172//1 173//1 174//1
f 172//1 174//1 175//1
f 176//1 177//1 178//1
f 176//1 178//1 179//1
f 180//1 181//1 182//1
f 180//1 182//1 183//1
f 184//1 185//1 186//1
f 184//1 186//1 187//1
f 188//1 189//1 190//1
f 188//1 190//1 191//1
f 161//1 192//1 162//1
f 193//1 194//1 195//1
f 196//1 197//1 198//1
f 196//1 198//1 199//1
f 200//1 201//1 202//1
f 200//1 202//1 203//1
f 204//1 205//1 206//1
f 204//1 206//1 207//1
f 208//1 209//1 210//1
f 208//1 210//1 211//1
f 212//1 213//1 214//1
f 212//1 214//1 215//1
f 216//1 217//1 218//1
f 216//1 218//1 219//1
f 220//1 221//1 222//1
f 220//1 222//1 223//1
f 193//1 224//1 194//1
f 225//1 226//1 227//1
f 228//1 229//1 230//1
f 228//1 230//1 231//1
f 232//1 233//1 234//1
f 232//1 234//1 235//1
f 236//1 237//1 238//1
f 236//1 238//1 239//1
f 240//1 241//1 242//1
f 240//1 242//1 243//1
f 244//1 245//1 246//1
f 244//1 246//1 247//1
f 248//1 249//1 250//1
f 248//1 250//1 251//1
f 252//1 253//1 254//1
f 252//1 254//1 255//1
f 225//1 256//1 226//1
f 257//1 258//1 259//1
f 257//1 260//1 258//1
f 261//1 262//1 263//1
f 264//1 265//1 266//1
f 264//1 267//1 265//1
f 268//1 269//1 270//1
f 268//1 271//1 269//1
f 268//1 272//1 271//1
f 273//1 274//1 275//1
f 276//1 277//1 278//1
f 276//1 279//1 277//1
f 280//1 281//1 282//1
f 280//1 283//1 281//1
f 280//1 284//1 283//1
f 285//1 286//1 287//1
f 288//1 289//1 290//1
f 288//1 291//1 289//1
f 292//1 293//1 294//1
f 292//1 295//1 293//1
f 292//1 296//1 295//1
f 297//1 298//1 299//1
f 300//1 301//1 302//1
f 300//1 303//1 301//1
f 304//1 305//1 306//1
f 304//1 307//1 305//1
f 304//1 308//1 307//1
f 309//1 310//1 311//1
f 312//1 313//1 314//1
f 312//1 315//1 313//1
f 316//1 317//1 318//1
f 316//1 319//1 317//1
f 316//1 320//1 319//1
f 321//1 322//1 323//1
f 324//1 325//1 326//1
f 324//1 327//1 325//1
f 328//1 329//1 330//1
f 328//1 331//1 329//1
f 328//1 332//1 331//1
f 333//1 334//1 335//1
f 336//1 337//1 338//1
f 336//1 339//1 337//1
f 340//1 341//1 342//1
f 340//1 343//1 341//1
f 340//1 344//1 343//1
f 345//1 346//1 347//1
f 348//1 349//1 350//1
f 348//1 351//1 349//1
f 257//1 259//1 352//1
f 353//1 354//1 355//1
f 353//1 356//1 354//1
f 357//1 358//1 359//1
f 360//1 361//1 362//1
f 360//1 363//1 361//1
f 364//1 365//1 366//1
f 364//1 367//1 365//1
f 364//1 368//1 367//1
f 369//1 370//1 371//1
f 372//1 373//1 374//1
f 372//1 375//1 373//1
f 376//1 377//1 378//1
f 376//1 379//1 377//1
f 376//1 380//1 379//1
f 381//1 382//1 383//1
f 384//1 385//1 386//1
f 384//1 387//1 385//1
f 388//1 389//1 390//1
f 388//1 391//1 389//1
f 388//1 392//1 391//1
f 393//1 394//1 395//1
f 396//1 397//1 398//1
f 396//1 399//1 397//1
f 400//1 401//1 402//1
f 400//1 403//1 401//1
f 400//1 404//1 403//1
f 405//1 406//1 407//1
f 408//1 409//1 410//1
f 408//1 411//1 409//1
f 412//1 413//1 414//1
f 412//1 415//1 413//1
f 412//1 416//1 415//1
f 417//1 418//1 419//1
f 420//1 421//1 422//1
f 420//1 423//1 421//1
f 424//1 425//1 426//1
f 424//1 427//1 425//1
f 424//1 428//1 427//1
f 429//1 430//1 431//1
f 432//1 433//1 434//1
f 432//1 435//1 433//1
f 436//1 437//1 438//1
f 436//1 439//1 437//1
f 436//1 440//1 439//1
f 441//1 442//1 443//1
f 444//1 445//1 446//1
f 444//1 447//1 445//1
f 353//1 355//1 448//1
f 449//1 450//1 451//1
f 449//1 452//1 450//1
f 453//1 454//1 455//1
f 456//1 457//1 458//1
f 456//1 459//1 457//1
f 460//1 461//1 462//1
f 460//1 463//1 461//1
f 460//1 464//1 463//1
f 465//1 466//1 467//1
f 468//1 469//1 470//1
f 468//1 471//1 469//1
f 472//1 473//1 474//1
f 472//1 475//1 473//1
f 472//1 476//1 475//1
f 477//1 478//1 479//1
f 480//1 481//1 482//1
f 480//1 483//1 481//1
f 484//1 485//1 486//1
f 484//1 487//1 485//1
f 484//1 488//1 487//1
f 489//1 490//1 491//1
f 492//1 493//1 494//1
f 492//1 495//1 493//1
f 496//1 497//1 498//1
f 496//1 499//1 497//1
f 496//1 500//1 499//1
f 501//1 502//1 503//1
f 504//1 505//1 506//1
f 504//1 507//1 505//1
f 508//1 509//1 510//1
f 508//1 511//1 509//1
f 508//1 512//1 511//1
f 513//1 514//1 515//1
f 516//1 517//1 518//1
f 516//1 519//1 517//1
f 520//1 521//1 522//1
f 520//1 523//1 521//1
f 520//1 524//1 523//1
f 525//1 526//1 527//1
f 528//1 529//1 530//1
f 528//1 531//1 529//1
f 532//1 533//1 534//1
f 532//1 535//1 533//1
f 532//1 536//1 535//1
f 537//1 538//1 539//1
f 540//1 541//1 542//1
f 540//1 543//1 541//1
f 449//1 451//1 544//1
f 545//1 546//1 547//1
f 545//1 548//1 546//1
f 549//1 550//1 551//1
f 552//1 553//1 554//1
f 552//1 555//1 553//1
f 556//1 557//1 558//1
f 556//1 559//1 557//1
f 556//1 560//1 559//1
f 561//1 562//1 563//1
f 564//1 565//1 566//1
f 564//1 567//1 565//1
f 568//1 569//1 570//1
f 568//1 571//1 569//1
f 568//1 572//1 571//1
f 573//1 574//1 575//1
f 576//1 577//1 578//1
f 576//1 579//1 577//1
f 580//1 581//1 582//1
f 580//1 583//1 581//1
f 580//1 584//1 583//1
f 585//1 586//1 587//1
f 588//1 589//1 590//1
f 588//1 591//1 589//1
f 592//1 593//1 594//1
f 592//1 595//1 593//1
f 592//1 596//1 595//1
f 597//1 598//1 599//1
f 600//1 601//1 602//1
f 600//1 603//1 601//1
f 604//1 605//1 606//1
f 604//1 607//1 605//1
f 604//1 608//1 607//1
f 609//1 610//1 611//1
f 612//1 613//1 614//1
f 612//1 615//1 613//1
f 616//1 617//1 618//1
f 616//1 619//1 617//1
f 616//1 620//1 619//1
f 621//1 622//1 623//1
f 624//1 625//1 626//1
f 624//1 627//1 625//1
f 628//1 629//1 630//1
f 628//1 631//1 629//1
f 628//1 632//1 631//1
f 633//1 634//1 635//1
f 636//1 637//1 638//1
f 636//1 639//1 637//1
f 545//1 547//1 640//1
f 641//1 642//1 643//1
f 641//1 644//1 642//1
f 645//1 646//1 647//1
f 648//1 649//1 650//1
f 648//1 651//1 649//1
f 652//1 653//1 654//1
f 652//1 655//1 653//1
f 652//1 656//1 655//1
f 657//1 658//1 659//1
f 660//1 661//1 662//1
f 660//1 663//1 661//1
f 664//1 665//1 666//1
f 664//1 667//1 665//1
f 664//1 668//1 667//1
f 669//1 670//1 671//1
f 672//1 673//1 674//1
f 672//1 675//1 673//1
f 676//1 677//1 678//1
f 676//1 679//1 677//1
f 676//1 680//1 679//1
f 681//1 682//1 683//1
f 684//1 685//1 686//1
f 684//1 687//1 685//1
f 688//1 689//1 690//1
f 688//1 691//1 689//1
f 688//1 692//1 691//1
f 693//1 694//1 695//1
f 696//1 697//1 698//1
f 696//1 699//1 697//1
f 700//1 701//1 702//1
f 700//1 703//1 701//1
f 700//1 704//1 703//1
f 705//1 706//1 707//1
f 708//1 709//1 710//1
f 708//1 711//1 709//1
f 712//1 713//1 714//1
f 712//1 715//1 713//1
f 712//1 716//1 715//1
f 717//1 718//1 719//1
f 720//1 721//1 722//1
f 720//1 723//1 721//1
f 724//1 725//1 726//1
f 724//1 727//1 725//1
f 724//1 728//1 727//1
f 729//1 730//1 731//1
f 732//1 733//1 734//1
f 732//1 735//1 733//1
f 641//1 643//1 736//1
f 737//1 738//1 739//1
f 737//1 740//1 738//1
f 741//1 742//1 743//1
f 744//1 745//1 746//1
f 744//1 747//1 745//1
f 748//1 749//1 750//1
f 748//1 751//1 749//1
f 748//1 752//1 751//1
f 753//1 754//1 755//1
f 756//1 757//1 758//1
f 756//1 759//1 757//1
f 760//1 761//1 762//1
f 760//1 763//1 761//1
f 760//1 764//1 763//1
f 765//1 766//1 767//1
f 768//1 769//1 770//1
f 768//1 771//1 769//1
f 772//1 773//1 774//1
f 772//1 775//1 773//1
f 772//1 776//1 775//1
f 777//1 778//1 779//1
f 780//1 781//1 782//1
f 780//1 783//1 781//1
f 784//1 785//1 786//1
f 784//1 787//1 785//1
f 784//1 788//1 787//1
f 789//1 790//1 791//1
f 792//1 793//1 794//1
f 792//1 795//1 793//1
f 796//1 797//1 798//1
f 796//1 799//1 797//1
f 796//1 800//1 799//1
f 801//1 802//1 803//1
f 804//1 805//1 806//1
f 804//1 807//1 805//1
f 808//1 809//1 810//1
f 808//1 811//1 809//1
f 808//1 812//1 811//1
f 813//1 814//1 815//1
f 816//1 817//1 818//1
f 816//1 819//1 817//1
f 820//1 821//1 822//1
f 820//1 823//1 821//1
f 820//1 824//1 823//1
f 825//1 826//1 827//1
f 828//1 829//1 830//1
f 828//1 831//1 829//1
f 737//1 739//1 832//1
f 833//1 834//1 835//1
f 833//1 836//1 834//1
f 837//1 838//1 839//1
f 840//1 841//1 842//1
f 840//1 843//1 841//1
f 844//1 845//1 846//1
f 844//1 847//1 845//1
f 844//1 848//1 847//1
f 849//1 850//1 851//1
f 852//1 853//1 854//1
f 852//1 855//1 853//1
f 856//1 857//1 858//1
f 856//1 859//1 857//1
f 856//1 860//1 859//1
f 861//1 862//1 863//1
f 864//1 865//1 866//1
f 864//1 867//1 865//1
f 868//1 869//1 870//1
f 868//1 871//1 869//1
f 868//1 872//1 871//1
f 873//1 874//1 875//1
f 876//1 877//1 878//1
f 876//1 879//1 877//1
f 880//1 881//1 882//1
f 880//1 883//1 881//1
f 880//1 884//1 883//1
f 885//1 886//1 887//1
f 888//1 889//1 890//1
f 888//1 891//1 889//1
f 892//1 893//1 894//1
f 892//1 895//1 893//1
f 892//1 896//1 895//1
f 897//1 898//1 899//1
f 900//1 901//1 902//1
f 900//1 903//1 901//1
f 904//1 905//1 906//1
f 904//1 907//1 905//1
f 904//1 908//1 907//1
f 909//1 910//1 911//1
f 912//1 913//1 914//1
f 912//1 915//1 913//1
f 916//1 917//1 918//1
f 916//1 919//1 917//1
f 916//1 920//1 919//1
f 921//1 922//1 923//1
f 924//1 925//1 926//1
f 924//1 927//1 925//1
f 833//1 835//1 928//1
f 929//1 930//1 931//1
f 929//1 932//1 930//1
f 933//1 934//1 935//1
f 936//1 937//1 938//1
f 936//1 939//1 937//1
f 940//1 941//1 942//1
f 940//1 943//1 941//1
f 940//1 944//1 943//1
f 945//1 946//1 947//1
f 948//1 949//1 950//1
f 948//1 951//1 949//1
f 952//1 953//1 954//1
f 952//1 955//1 953//1
f 952//1 956//1 955//1
f 957//1 958//1 959//1
f 960//1 961//1 962//1
f 960//1 963//1 961//1
f 964//1 965//1 966//1
f 964//1 967//1 965//1
f 964//1 968//1 967//1
f 969//1 970//1 971//1
f 972//1 973//1 974//1
f 972//1 975//1 973//1
f 976//1 977//1 978//1
f 976//1 979//1 977//1
f 976//1 980//1 979//1
f 981//1 982//1 983//1
f 984//1 985//1 986//1
f 984//1 987//1 985//1
f 988//1 989//1 990//1
f 988//1 991//1 989//1
f 988//1 992//1 991//1
f 993//1 994//1 995//1
f 996//1 997//1 998//1
f 996//1 999//1 997//1
f 1000//1 1001//1 1002//1
f 1000//1 1003//1 1001//1
f 1000//1 1004//1 1003//1
f 1005//1 1006//1 1007//1
f 1008//1 1009//1 1010//1
f 1008//1 1011//1 1009//1
f 1012//1 1013//1 1014//1
f 1012//1 1015//1 1013//1
f 1012//1 1016//1 1015//1
f 1017//1 1018//1 1019//1
f 1020//1 1021//1 1022//1
f 1020//1 1023//1 1021//1
f 929//1 931//1 1024//1
f 1025//1 1026//1 1027//1
f 1025//1 1028//1 1026//1
f 1029//1 1030//1 1031//1
f 1032//1 1033//1 1034//1
f 1032//1 1035//1 1033//1
f 1036//1 1037//1 1038//1
f 1039//1 1040//1 1041//1
f 1039//1 1042//1 1040//1
f 1032//1 1034//1 1043//1
f 1044//1 1045//1 1046//1
f 1044//1 1047//1 1045//1
f 1048//1 1049//1 1050//1
f 1051//1 1052//1 1053//1
f 1051//1 1054//1 1052//1
f 1055//1 1056//1 1057//1
f 1058//1 1059//1 1060//1
f 1058//1 1061//1 1059//1
f 1051//1 1053//1 1062//1
f 1063//1 1064//1 1065//1
f 1063//1 1066//1 1064//1
f 1058//1 1060//1 1067//1
f 1068//1 1069//1 1070//1
f 1068//1 1071//1 1069//1
f 1072//1 1073//1 1074//1
f 1075//1 1076//1 1077//1
f 1075//1 1078//1 1076//1
f 1068//1 1070//1 1079//1
f 1080//1 1081//1 1082//1
f 1080//1 1083//1 1081//1
f 1084//1 1085//1 1086//1
f 1087//1 1088//1 1089//1
f 1087//1 1090//1 1088//1
f 1091//1 1092//1 1093//1
f 1094//1 1095//1 1096//1
f 1094//1 1097//1 1095//1
f 1087//1 1089//1 1098//1
f 1099//1 1100//1 1101//1
f 1099//1 1102//1 1100//1
f 1094//1 1096//1 1103//1
f 1104//1 1105//1 1106//1
f 1104//1 1107//1 1105//1
f 1108//1 1109//1 1110//1
f 1111//1 1112//1 1113//1
f 1111//1 1114//1 1112//1
f 1104//1 1106//1 1115//1
f 1116//1 1117//1 1118//1
f 1116//1 1119//1 1117//1
f 1120//1 1121//1 1122//1
f 1123//1 1124//1 1125//1
f 1123//1 1126//1 1124//1
f 1127//1 1128//1 1129//1
f 1130//1 1131//1 1132//1
f 1130//1 1133//1 1131//1
f 1123//1 1125//1 1134//1
f 1135//1 1136//1 1137//1
f 1135//1 1138//1 1136//1
f 1130//1 1132//1 1139//1
f 1140//1 1141//1 1142//1
f 1140//1 1143//1 1141//1
f 1144//1 1145//1 1146//1
f 1147//1 1148//1 1149//1
f 1147//1 1150//1 1148//1
f 1140//1 1142//1 1151//1
f 1152//1 1153//1 1154//1
f 1152//1 1155//1 1153//1
f 1156//1 1157//1 1158//1
f 1159//1 1160//1 1161//1
f 1159//1 1162//1 1160//1
f 1163//1 1164//1 1165//1
f 1166//1 1167//1 1168//1
f 1166//1 1169//1 1167//1
f 1159//1 1161//1 1170//1
f 1171//1 1172//1 1173//1
f 1171//1 1174//1 1172//1
f 1166//1 1168//1 1175//1
f 1176//1 1177//1 1178//1
f 1176//1 1179//1 1177//1
f 1180//1 1181//1 1182//1
f 1183//1 1184//1 1185//1
f 1183//1 1186//1 1184//1
f 1176//1 1178//1 1187//1
f 1188//1 1189//1 1190//1
f 1188//1 1191//1 1189//1
f 1192//1 1193//1 1194//1
f 1195//1 1196//1 1197//1
f 1195//1 1198//1 1196//1
f 1199//1 1200//1 1201//1
f 1202//1 1203//1 1204//1
f 1202//1 1205//1 1203//1
f 1195//1 1197//1 1206//1
f 1207//1 1208//1 1209//1
f 1207//1 1210//1 1208//1
f 1202//1 1204//1 1211//1
f 1212//1 1213//1 1214//1
f 1212//1 1215//1 1213//1
f 1216//1 1217//1 1218//1
f 1219//1 1220//1 1221//1
f 1219//1 1222//1 1220//1
f 1212//1 1214//1 1223//1
f 1224//1 1225//1 1226//1
f 1224//1 1227//1 1225//1
f 1228//1 1229//1 1230//1
f 1231//1 1232//1 1233//1
f 1231//1 1234//1 1232//1
f 1235//1 1236//1 1237//1
f 1238//1 1239//1 1240//1
f 1238//1 1241//1 1239//1
f 1231//1 1233//1 1242//1
f 1243//1 1244//1 1245//1
f 1243//1 1246//1 1244//1
f 1238//1 1240//1 1247//1
f 1248//1 1249//1 1250//1
f 1248//1 1251//1 1249//1
f 1252//1 1253//1 1254//1
f 1255//1 1256//1 1257//1
f 1255//1 1258//1 1256//1
f 1248//1 1250//1 1259//1
f 1260//1 1261//1 1262//1
f 1260//1 1263//1 1261//1
f 1264//1 1265//1 1266//1
f 1267//1 1268//1 1269//1
f 1267//1 1270//1 1268//1
f 1271//1 1272//1 1273//1
f 1274//1 1275//1 1276//1
f 1274//1 1277//1 1275//1
f 1267//1 1269//1 1278//1
f 1279//1 1280//1 1281//1
f 1279//1 1282//1 1280//1
f 1274//1 1276//1 1283//1
f 1284//1 1285//1 1286//1
f 1284//1 1287//1 1285//1
f 1288//1 1289//1 1290//1
f 1291//1 1292//1 1293//1
f 1291//1 1294//1 1292//1
f 1284//1 1286//1 1295//1
f 1296//1 1297//1 1298//1
f 1296//1 1299//1 1297//1
f 1300//1 1301//1 1302//1
f 1303//1 1304//1 1305//1
f 1303//1 1306//1 1304//1
f 1307//1 1308//1 1309//1
f 1029//1 1310//1 1030//1
f 1029//1 1311//1 1310//1
f 1303//1 1305//1 1312//1
f 1313//1 1314//1 1315//1
f 1313//1 1316//1 1314//1
f 1317//1 1318//1 1319//1
f 1320//1 1321//1 1322//1
f 1320//1 1323//1 1321//1
f 1324//1 1325//1 1326//1
f 1327//1 1328//1 1329//1
f 1327//1 1330//1 1328//1
f 1320//1 1322//1 1331//1
f 1332//1 1333//1 1334//1
f 1332//1 1335//1 1333//1
f 1336//1 1337//1 1338//1
f 1339//1 1340//1 1341//1
f 1339//1 1342//1 1340//1
f 1343//1 1344//1 1345//1
f 1346//1 1347//1 1348//1
f 1346//1 1349//1 1347//1
f 1339//1 1341//1 1350//1
f 1351//1 1352//1 1353//1
f 1351//1 1354//1 1352//1
f 1346//1 1348//1 1355//1
f 1356//1 1357//1 1358//1
f 1356//1 1359//1 1357//1
f 1360//1 1361//1 1362//1
f 1363//1 1364//1 1365//1
f 1363//1 1366//1 1364//1
f 1356//1 1358//1 1367//1
f 1368//1 1369//1 1370//1
f 1368//1 1371//1 1369//1
f 1372//1 1373//1 1374//1
f 1375//1 1376//1 1377//1
f 1375//1 1378//1 1376//1
f 1379//1 1380//1 1381//1
f 1382//1 1383//1 1384//1
f 1382//1 1385//1 1383//1
f 1375//1 1377//1 1386//1
f 1387//1 1388//1 1389//1
f 1387//1 1390//1 1388//1
f 1382//1 1384//1 1391//1
f 1392//1 1393//1 1394//1
f 1392//1 1395//1 1393//1
f 1396//1 1397//1 1398//1
f 1399//1 1400//1 1401//1
f 1399//1 1402//1 1400//1
f 1392//1 1394//1 1403//1
f 1404//1 1405//1 1406//1
f 1404//1 1407//1 1405//1
f 1408//1 1409//1 1410//1
f 1411//1 1412//1 1413//1
f 1411//1 1414//1 1412//1
f 1415//1 1416//1 1417//1
f 1418//1 1419//1 1420//1
f 1418//1 1421//1 1419//1
f 1411//1 1413//1 1422//1
f 1423//1 1424//1 1425//1
f 1423//1 1426//1 1424//1
f 1418//1 1420//1 1427//1
f 1428//1 1429//1 1430//1
f 1428//1 1431//1 1429//1
f 1432//1 1433//1 1434//1
f 1435//1 1436//1 1437//1
f 1435//1 1438//1 1436//1
f 1428//1 1430//1 1439//1
f 1440//1 1441//1 1442//1
f 1440//1 1443//1 1441//1
f 1444//1 1445//1 1446//1
f 1447//1 1448//1 1449//1
f 1447//1 1450//1 1448//1
f 1451//1 1452//1 1453//1
f 1454//1 1455//1 1456//1
f 1454//1 1457//1 1455//1
f 1447//1 1449//1 1458//1
f 1459//1 1460//1 1461//1
f 1459//1 1462//1 1460//1
f 1454//1 1456//1 1463//1
f 1464//1 1465//1 1466//1
f 1464//1 1467//1 1465//1
f 1468//1 1469//1 1470//1
f 1471//1 1472//1 1473//1
f 1471//1 1474//1 1472//1
f 1464//1 1466//1 1475//1
f 1476//1 1477//1 1478//1
f 1476//1 1479//1 1477//1
f 1480//1 1481//1 1482//1
f 1483//1 1484//1 1485//1
f 1483//1 1486//1 1484//1
f 1487//1 1488//1 1489//1
f 1490//1 1491//1 1492//1
f 1490//1 1493//1 1491//1
f 1483//1 1485//1 1494//1
f 1495//1 1496//1 1497//1
f 1495//1 1498//1 1496//1
f 1490//1 1492//1 1499//1
f 1500//1 1501//1 1502//1
f 1500//1 1503//1 1501//1
f 1504//1 1505//1 1506//1
f 1507//1 1508//1 1509//1
f 1507//1 1510//1 1508//1
f 1500//1 1502//1 1511//1
f 1512//1 1513//1 1514//1
f 1512//1 1515//1 1513//1
f 1516//1 1517//1 1518//1
f 1519//1 1520//1 1521//1
f 1519//1 1522//1 1520//1
f 1523//1 1524//1 1525//1
f 1526//1 1527//1 1528//1
f 1526//1 1529//1 1527//1
f 1519//1 1521//1 1530//1
f 1531//1 1532//1 1533//1
f 1531//1 1534//1 1532//1
f 1526//1 1528//1 1535//1
f 1536//1 1537//1 1538//1
f 1536//1 1539//1 1537//1
f 1540//1 1541//1 1542//1
f 1543//1 1544//1 1545//1
f 1543//1 1546//1 1544//1
f 1536//1 1538//1 1547//1
f 1548//1 1549//1 1550//1
f 1548//1 1551//1 1549//1
f 1552//1 1553//1 1554//1
f 1555//1 1556//1 1557//1
f 1555//1 1558//1 1556//1
f 1559//1 1560//1 1561//1
f 1562//1 1563//1 1564//1
f 1562//1 1565//1 1563//1
f 1555//1 1557//1 1566//1
f 1567//1 1568//1 1569//1
f 1567//1 1570//1 1568//1
f 1562//1 1564//1 1571//1
f 1572//1 1573//1 1574//1
f 1572//1 1575//1 1573//1
f 1576//1 1577//1 1578//1
f 1579//1 1580//1 1581//1
f 1579//1 1582//1 1580//1
f 1572//1 1574//1 1583//1
f 1584//1 1585//1 1586//1
f 1584//1 1587//1 1585//1
f 1588//1 1589//1 1590//1
f 1591//1 1592//1 1593//1
f 1591//1 1594//1 1592//1
f 1595//1 1596//1 1597//1
f 1317//1 1598//1 1318//1
f 1317//1 1599//1 1598//1
f 1591//1 1593//1 1600//1
f 1601//1 1602//1 1603//1
f 1601//1 1604//1 1602//1
f 1605//1 1606//1 1607//1
f 1608//1 1609//1 1610//1
f 1608//1 1611//1 1609//1
f 1612//1 1613//1 1614//1
f 1615//1 1616//1 1617//1
f 1615//1 1618//1 1616//1
f 1608//1 1610//1 1619//1
f 1620//1 1621//1 1622//1
f 1620//1 1623//1 1621//1
f 1624//1 1625//1 1626//1
f 1627//1 1628//1 1629//1
f 1627//1 1630//1 1628//1
f 1631//1 1632//1 1633//1
f 1634//1 1635//1 1636//1
f 1634//1 1637//1 1635//1
f 1627//1 1629//1 1638//1
f 1639//1 1640//1 1641//1
f 1639//1 1642//1 1640//1
f 1634//1 1636//1 1643//1
f 1644//1 1645//1 1646//1
f 1644//1 1647//1 1645//1
f 1648//1 1649//1 1650//1
f 1651//1 1652//1 1653//1
f 1651//1 1654//1 1652//1
f 1644//1 1646//1 1655//1
f 1656//1 1657//1 1658//1
f 1656//1 1659//1 1657//1
f 1660//1 1661//1 1662//1
f 1663//1 1664//1 1665//1
f 1663//1 1666//1 1664//1
f 1667//1 1668//1 1669//1
f 1670//1 1671//1 1672//1
f 1670//1 1673//1 1671//1
f 1663//1 1665//1 1674//1
f 1675//1 1676//1 1677//1
f 1675//1 1678//1 1676//1
f 1670//1 1672//1 1679//1
f 1680//1 1681//1 1682//1
f 1680//1 1683//1 1681//1
f 1684//1 1685//1 1686//1
f 1687//1 1688//1 1689//1
f 1687//1 1690//1 1688//1
f 1680//1 1682//1 1691//1
f 1692//1 1693//1 1694//1
f 1692//1 1695//1 1693//1
f 1696//1 1697//1 1698//1
f 1699//1 1700//1 1701//1
f 1699//1 1702//1 1700//1
f 1703//1 1704//1 1705//1
f 1706//1 1707//1 1708//1
f 1706//1 1709//1 1707//1
f 1699//1 1701//1 1710//1
f 1711//1 1712//1 1713//1
f 1711//1 1714//1 1712//1
f 1706//1 1708//1 1715//1
f 1716//1 1717//1 1718//1
f 1716//1 1719//1 1717//1
f 1720//1 1721//1 1722//1
f 1723//1 1724//1 1725//1
f 1723//1 1726//1 1724//1
f 1716//1 1718//1 1727//1
f 1728//1 1729//1 1730//1
f 1728//1 1731//1 1729//1
f 1732//1 1733//1 1734//1
f 1735//1 1736//1 1737//1
f 1735//1 1738//1 1736//1
f 1739//1 1740//1 1741//1
f 1742//1 1743//1 1744//1
f 1742//1 1745//1 1743//1
f 1735//1 1737//1 1746//1
f 1747//1 1748//1 1749//1
f 1747//1 1750//1 1748//1
f 1742//1 1744//1 1751//1
f 1752//1 1753//1 1754//1
f 1752//1 1755//1 1753//1
f 1756//1 1757//1 1758//1
f 1759//1 1760//1 1761//1
f 1759//1 1762//1 1760//1
f 1752//1 1754//1 1763//1
f 1764//1 1765//1 1766//1
f 1764//1 1767//1 1765//1
f 1768//1 1769//1 1770//1
f 1771//1 1772//1 1773//1
f 1771//1 1774//1 1772//1
f 1775//1 1776//1 1777//1
f 1778//1 1779//1 1780//1
f 1778//1 1781//1 1779//1
f 1771//1 1773//1 1782//1
f 1783//1 1784//1 1785//1
f 1783//1 1786//1 1784//1
f 1778//1 1780//1 1787//1
f 1788//1 1789//1 1790//1
f 1788//1 1791//1 1789//1
f 1792//1 1793//1 1794//1
f 1795//1 1796//1 1797//1
f 1795//1 1798//1 1796//1
f 1788//1 1790//1 1799//1
f 1800//1 1801//1 1802//1
f 1800//1 1803//1 1801//1
f 1804//1 1805//1 1806//1
f 1807//1 1808//1 1809//1
f 1807//1 1810//1 1808//1
f 1811//1 1812//1 1813//1
f 1814//1 1815//1 1816//1
f 1814//1 1817//1 1815//1
f 1807//1 1809//1 1818//1
f 1819//1 1820//1 1821//1
f 1819//1 1822//1 1820//1
f 1814//1 1816//1 1823//1
f 1824//1 1825//1 1826//1
f 1824//1 1827//1 1825//1
f 1828//1 1829//1 1830//1
f 1831//1 1832//1 1833//1
f 1831//1 1834//1 1832//1
f 1824//1 1826//1 1835//1
f 1836//1 1837//1 1838//1
f 1836//1 1839//1 1837//1
f 1840//1 1841//1 1842//1
f 1843//1 1844//1 1845//1
f 1843//1 1846//1 1844//1
f 1847//1 1848//1 1849//1
f 1850//1 1851//1 1852//1
f 1850//1 1853//1 1851//1
f 1843//1 1845//1 1854//1
f 1855//1 1856//1 1857//1
f 1855//1 1858//1 1856//1
f 1850//1 1852//1 1859//1
f 1860//1 1861//1 1862//1
f 1860//1 1863//1 1861//1
f 1864//1 1865//1 1866//1
f 1867//1 1868//1 1869//1
f 1867//1 1870//1 1868//1
f 1860//1 1862//1 1871//1
f 1872//1 1873//1 1874//1
f 1872//1 1875//1 1873//1
f 1876//1 1877//1 1878//1
f 1879//1 1880//1 1881//1
f 1879//1 1882//1 1880//1
f 1883//1 1884//1 1885//1
f 1605//1 1886//1 1606//1
f 1605//1 1887//1 1886//1
f 1879//1 1881//1 1888//1
f 1889//1 1890//1 1891//1
f 1889//1 1892//1 1890//1
f 1893//1 1894//1 1895//1
f 1896//1 1897//1 1898//1
f 1896//1 1899//1 1897//1
f 1900//1 1901//1 1902//1
f 1903//1 1904//1 1905//1
f 1903//1 1906//1 1904//1
f 1896//1 1898//1 1907//1
f 1908//1 1909//1 1910//1
f 1908//1 1911//1 1909//1
f 1912//1 1913//1 1914//1
f 1915//1 1916//1 1917//1
f 1915//1 1918//1 1916//1
f 1919//1 1920//1 1921//1
f 1922//1 1923//1 1924//1
f 1922//1 1925//1 1923//1
f 1915//1 1917//1 1926//1
f 1927//1 1928//1 1929//1
f 1927//1 1930//1 1928//1
f 1922//1 1924//1 1931//1
f 1932//1 1933//1 1934//1
f 1932//1 1935//1 1933//1
f 1936//1 1937//1 1938//1
f 1939//1 1940//1 1941//1
f 1939//1 1942//1 1940//1
f 1932//1 1934//1 1943//1
f 1944//1 1945//1 1946//1
f 1944//1 1947//1 1945//1
f 1948//1 1949//1 1950//1
f 1951//1 1952//1 1953//1
f 1951//1 1954//1 1952//1
f 1955//1 1956//1 1957//1
f 1958//1 1959//1 1960//1
f 1958//1 1961//1 1959//1
f 1951//1 1953//1 1962//1
f 1963//1 1964//1 1965//1
f 1963//1 1966//1 1964//1
f 1958//1 1960//1 1967//1
f 1968//1 1969//1 1970//1
f 1968//1 1971//1 1969//1
f 1972//1 1973//1 1974//1
f 1975//1 1976//1 1977//1
f 1975//1 1978//1 1976//1
f 1968//1 1970//1 1979//1
f 1980//1 1981//1 1982//1
f 1980//1 1983//1 1981//1
f 1984//1 1985//1 1986//1
f 1987//1 1988//1 1989//1
f 1987//1 1990//1 1988//1
f 1991//1 1992//1 1993//1
f 1994//1 1995//1 1996//1
f 1994//1 1997//1 1995//1
f 1987//1 1989//1 1998//1
f 1999//1 2000//1 2001//1
f 1999//1 2002//1 2000//1
f 1994//1 1996//1 2003//1
f 2004//1 2005//1 2006//1
f 2004//1 2007//1 2005//1
f 2008//1 2009//1 2010//1
f 2011//1 2012//1 2013//1
f 2011//1 2014//1 2012//1
f 2004//1 2006//1 2015//1
f 2016//1 2017//1 2018//1
f 2016//1 2019//1 2017//1
f 2020//1 2021//1 2022//1
f 2023//1 2024//1 2025//1
f 2023//1 2026//1 2024//1
f 2027//1 2028//1 2029//1
f 2030//1 2031//1 2032//1
f 2030//1 2033//1 2031//1
f 2023//1 2025//1 2034//1
f 2035//1 2036//1 2037//1
f 2035//1 2038//1 2036//1
f 2030//1 2032//1 2039//1
f 2040//1 2041//1 2042//1
f 2040//1 2043//1 2041//1
f 2044//1 2045//1 2046//1
f 2047//1 2048//1 2049//1
f 2047//1 2050//1 2048//1
f 2040//1 2042//1 2051//1
f 2052//1 2053//1 2054//1
f 2052//1 2055//1 2053//1
f 2056//1 2057//1 2058//1
f 2059//1 2060//1 2061//1
f 2059//1 2062//1 2060//1
f 2063//1 2064//1 2065//1
f 2066//1 2067//1 2068//1
f 2066//1 2069//1 2067//1
f 2059//1 2061//1 2070//1
f 2071//1 2072//1 2073//1
f 2071//1 2074//1 2072//1
f 2066//1 2068//1 2075//1
f 2076//1 2077//1 2078//1
f 2076//1 2079//1 2077//1
f 2080//1 2081//1 2082//1
f 2083//1 2084//1 2085//1
f 2083//1 2086//1 2084//1
f 2076//1 2078//1 2087//1
f 2088//1 2089//1 2090//1
f 2088//1 2091//1 2089//1
f 2092//1 2093//1 2094//1
f 2095//1 2096//1 2097//1
f 2095//1 2098//1 2096//1
f 2099//1 2100//1 2101//1
f 2102//1 2103//1 2104//1
f 2102//1 2105//1 2103//1
f 2095//1 2097//1 2106//1
f 2107//1 2108//1 2109//1
f 2107//1 2110//1 2108//1
f 2102//1 2104//1 2111//1
f 2112//1 2113//1 2114//1
f 2112//1 2115//1 2113//1
f 2116//1 2117//1 2118//1
f 2119//1 2120//1 2121//1
f 2119//1 2122//1 2120//1
f 2112//1 2114//1 2123//1
f 2124//1 2125//1 2126//1
f 2124//1 2127//1 2125//1
f 2128//1 2129//1 2130//1
f 2131//1 2132//1 2133//1
f 2131//1 2134//1 2132//1
f 2135//1 2136//1 2137//1
f 2138//1 2139//1 2140//1
f 2138//1 2141//1 2139//1
f 2131//1 2133//1 2142//1
f 2143//1 2144//1 2145//1
f 2143//1 2146//1 2144//1
f 2138//1 2140//1 2147//1
f 2148//1 2149//1 2150//1
f 2148//1 2151//1 2149//1
f 2152//1 2153//1 2154//1
f 2155//1 2156//1 2157//1
f 2155//1 2158//1 2156//1
f 2148//1 2150//1 2159//1
f 2160//1 2161//1 2162//1
f 2160//1 2163//1 2161//1
f 2164//1 2165//1 2166//1
f 2167//1 2168//1 2169//1
f 2167//1 2170//1 2168//1
f 2171//1 2172//1 2173//1
f 1893//1 2174//1 1894//1
f 1893//1 2175//1 2174//1
f 2167//1 2169//1 2176//1
f 2177//1 2178//1 2179//1
f 2177//1 2180//1 2178//1
f 2181//1 2182//1 2183//1
f 2184//1 2185//1 2186//1
f 2184//1 2187//1 2185//1
f 2188//1 2189//1 2190//1
f 2191//1 2192//1 2193//1
f 2191//1 2194//1 2192//1
f 2184//1 2186//1 2195//1
f 2196//1 2197//1 2198//1
f 2196//1 2199//1 2197//1
f 2200//1 2201//1 2202//1
f 2203//1 2204//1 2205//1
f 2203//1 2206//1 2204//1
f 2207//1 2208//1 2209//1
f 2210//1 2211//1 2212//1
f 2210//1 2213//1 2211//1
f 2203//1 2205//1 2214//1
f 2215//1 2216//1 2217//1
f 2215//1 2218//1 2216//1
f 2210//1 2212//1 2219//1
f 2220//1 2221//1 2222//1
f 2220//1 2223//1 2221//1
f 2224//1 2225//1 2226//1
f 2227//1 2228//1 2229//1
f 2227//1 2230//1 2228//1
f 2220//1 2222//1 2231//1
f 2232//1 2233//1 2234//1
f 2232//1 2235//1 2233//1
f 2236//1 2237//1 2238//1
f 2239//1 2240//1 2241//1
f 2239//1 2242//1 2240//1
f 2243//1 2244//1 2245//1
f 2246//1 2247//1 2248//1
f 2246//1 2249//1 2247//1
f 2239//1 2241//1 2250//1
f 2251//1 2252//1 2253//1
f 2251//1 2254//1 2252//1
f 2246//1 2248//1 2255//1
f 2256//1 2257//1 2258//1
f 2256//1 2259//1 2257//1
f 2260//1 2261//1 2262//1
f 2263//1 2264//1 2265//1
f 2263//1 2266//1 2264//1
f 2256//1 2258//1 2267//1
f 2268//1 2269//1 2270//1
f 2268//1 2271//1 2269//1
f 2272//1 2273//1 2274//1
f 2275//1 2276//1 2277//1
f 2275//1 2278//1 2276//1
f 2279//1 2280//1 2281//1
f 2282//1 2283//1 2284//1
f 2282//1 2285//1 2283//1
f 2275//1 2277//1 2286//1
f 2287//1 2288//1 2289//1
f 2287//1 2290//1 2288//1
f 2282//1 2284//1 2291//1
f 2292//1 2293//1 2294//1
f 2292//1 2295//1 2293//1
f 2296//1 2297//1 2298//1
f 2299//1 2300//1 2301//1
f 2299//1 2302//1 2300//1
f 2292//1 2294//1 2303//1
f 2304//1 2305//1 2306//1
f 2304//1 2307//1 2305//1
f 2308//1 2309//1 2310//1
f 2311//1 2312//1 2313//1
f 2311//1 2314//1 2312//1
f 2315//1 2316//1 2317//1
f 2318//1 2319//1 2320//1
f 2318//1 2321//1 2319//1
f 2311//1 2313//1 2322//1
f 2323//1 2324//1 2325//1
f 2323//1 2326//1 2324//1
f 2318//1 2320//1 2327//1
f 2328//1 2329//1 2330//1
f 2328//1 2331//1 2329//1
f 2332//1 2333//1 2334//1
f 2335//1 2336//1 2337//1
f 2335//1 2338//1 2336//1
f 2328//1 2330//1 2339//1
f 2340//1 2341//1 2342//1
f 2340//1 2343//1 2341//1
f 2344//1 2345//1 2346//1
f 2347//1 2348//1 2349//1
f 2347//1 2350//1 2348//1
f 2351//1 2352//1 2353//1
f 2354//1 2355//1 2356//1
f 2354//1 2357//1 2355//1
f 2347//1 2349//1 2358//1
f 2359//1 2360//1 2361//1
f 2359//1 2362//1 2360//1
f 2354//1 2356//1 2363//1
f 2364//1 2365//1 2366//1
f 2364//1 2367//1 2365//1
f 2368//1 2369//1 2370//1
f 2371//1 2372//1 2373//1
f 2371//1 2374//1 2372//1
f 2364//1 2366//1 2375//1
f 2376//1 2377//1 2378//1
f 2376//1 2379//1 2377//1
f 2380//1 2381//1 2382//1
f 2383//1 2384//1 2385//1
f 2383//1 2386//1 2384//1
f 2387//1 2388//1 2389//1
f 2390//1 2391//1 2392//1
f 2390//1 2393//1 2391//1
f 2383//1 2385//1 2394//1
f 2395//1 2396//1 2397//1
f 2395//1 2398//1 2396//1
f 2390//1 2392//1 2399//1
f 2400//1 2401//1 2402//1
f 2400//1 2403//1 2401//1
f 2404//1 2405//1 2406//1
f 2407//1 2408//1 2409//1
f 2407//1 2410//1 2408//1
f 2400//1 2402//1 2411//1
f 2412//1 2413//1 2414//1
f 2412//1 2415//1 2413//1
f 2416//1 2417//1 2418//1
f 2419//1 2420//1 2421//1
f 2419//1 2422//1 2420//1
f 2423//1 2424//1 2425//1
f 2426//1 2427//1 2428//1
f 2426//1 2429//1 2427//1
f 2419//1 2421//1 2430//1
f 2431//1 2432//1 2433//1
f 2431//1 2434//1 2432//1
f 2426//1 2428//1 2435//1
f 2436//1 2437//1 2438//1
f 2436//1 2439//1 2437//1
f 2440//1 2441//1 2442//1
f 2443//1 2444//1 2445//1
f 2443//1 2446//1 2444//1
f 2436//1 2438//1 2447//1
f 2448//1 2449//1 2450//1
f 2448//1 2451//1 2449//1
f 2452//1 2453//1 2454//1
f 2455//1 2456//1 2457//1
f 2455//1 2458//1 2456//1
f 2459//1 2460//1 2461//1
f 2181//1 2462//1 2182//1
f 2181//1 2463//1 2462//1
f 2455//1 2457//1 2464//1
f 2465//1 2466//1 2467//1
f 2465//1 2468//1 2466//1
f 2469//1 2470//1 2471//1
f 2472//1 2473//1 2474//1
f 2472//1 2475//1 2473//1
f 2476//1 2477//1 2478//1
f 2479//1 2480//1 2481//1
f 2479//1 2482//1 2480//1
f 2472//1 2474//1 2483//1
f 2484//1 2485//1 2486//1
f 2484//1 2487//1 2485//1
f 2488//1 2489//1 2490//1
f 2491//1 2492//1 2493//1
f 2491//1 2494//1 2492//1
f 2495//1 2496//1 2497//1
f 2498//1 2499//1 2500//1
f 2498//1 2501//1 2499//1
f 2491//1 2493//1 2502//1
f 2503//1 2504//1 2505//1
f 2503//1 2506//1 2504//1
f 2498//1 2500//1 2507//1
f 2508//1 2509//1 2510//1
f 2508//1 2511//1 2509//1
f 2512//1 2513//1 2514//1
f 2515//1 2516//1 2517//1
f 2515//1 2518//1 2516//1
f 2508//1 2510//1 2519//1
f 2520//1 2521//1 2522//1
f 2520//1 2523//1 2521//1
f 2524//1 2525//1 2526//1
f 2527//1 2528//1 2529//1
f 2527//1 2530//1 2528//1
f 2531//1 2532//1 2533//1
f 2534//1 2535//1 2536//1
f 2534//1 2537//1 2535//1
f 2527//1 2529//1 2538//1
f 2539//1 2540//1 2541//1
f 2539//1 2542//1 2540//1
f 2534//1 2536//1 2543//1
f 2544//1 2545//1 2546//1
f 2544//1 2547//1 2545//1
f 2548//1 2549//1 2550//1
f 2551//1 2552//1 2553//1
f 2551//1 2554//1 2552//1
f 2544//1 2546//1 2555//1
f 2556//1 2557//1 2558//1
f 2556//1 2559//1 2557//1
f 2560//1 2561//1 2562//1
f 2563//1 2564//1 2565//1
f 2563//1 2566//1 2564//1
f 2567//1 2568//1 2569//1
f 2570//1 2571//1 2572//1
f 2570//1 2573//1 2571//1
f 2563//1 2565//1 2574//1
f 2575//1 2576//1 2577//1
f 2575//1 2578//1 2576//1
f 2570//1 2572//1 2579//1
f 2580//1 2581//1 2582//1
f 2580//1 2583//1 2581//1
f 2584//1 2585//1 2586//1
f 2587//1 2588//1 2589//1
f 2587//1 2590//1 2588//1
f 2580//1 2582//1 2591//1
f 2592//1 2593//1 2594//1
f 2592//1 2595//1 2593//1
f 2596//1 2597//1 2598//1
f 2599//1 2600//1 2601//1
f 2599//1 2602//1 2600//1
f 2603//1 2604//1 2605//1
f 2606//1 2607//1 2608//1
f 2606//1 2609//1 2607//1
f 2599//1 2601//1 2610//1
f 2611//1 2612//1 2613//1
f 2611//1 2614//1 2612//1
f 2606//1 2608//1 2615//1
f 2616//1 2617//1 2618//1
f 2616//1 2619//1 2617//1
f 2620//1 2621//1 2622//1
f 2623//1 2624//1 2625//1
f 2623//1 2626//1 2624//1
f 2616//1 2618//1 2627//1
f 2628//1 2629//1 2630//1
f 2628//1 2631//1 2629//1
f 2632//1 2633//1 2634//1
f 2635//1 2636//1 2637//1
f 2635//1 2638//1 2636//1
f 2639//1 2640//1 2641//1
f 2642//1 2643//1 2644//1
f 2642//1 2645//1 2643//1
f 2635//1 2637//1 2646//1
f 2647//1 2648//1 2649//1
f 2647//1 2650//1 2648//1
f 2642//1 2644//1 2651//1
f 2652//1 2653//1 2654//1
f 2652//1 2655//1 2653//1
f 2656//1 2657//1 2658//1
f 2659//1 2660//1 2661//1
f 2659//1 2662//1 2660//1
f 2652//1 2654//1 2663//1
f 2664//1 2665//1 2666//1
f 2664//1 2667//1 2665//1
f 2668//1 2669//1 2670//1
f 2671//1 2672//1 2673//1
f 2671//1 2674//1 2672//1
f 2675//1 2676//1 2677//1
f 2678//1 2679//1 2680//1
f 2678//1 2681//1 2679//1
f 2671//1 2673//1 2682//1
f 2683//1 2684//1 2685//1
f 2683//1 2686//1 2684//1
f 2678//1 2680//1 2687//1
f 2688//1 2689//1 2690//1
f 2688//1 2691//1 2689//1
f 2692//1 2693//1 2694//1
f 2695//1 2696//1 2697//1
f 2695//1 2698//1 2696//1
f 2688//1 2690//1 2699//1
f 2700//1 2701//1 2702//1
f 2700//1 2703//1 2701//1
f 2704//1 2705//1 2706//1
f 2707//1 2708//1 2709//1
f 2707//1 2710//1 2708//1
f 2711//1 2712//1 2713//1
f 2714//1 2715//1 2716//1
f 2714//1 2717//1 2715//1
f 2707//1 2709//1 2718//1
f 2719//1 2720//1 2721//1
f 2719//1 2722//1 2720//1
f 2714//1 2716//1 2723//1
f 2724//1 2725//1 2726//1
f 2724//1 2727//1 2725//1
f 2728//1 2729//1 2730//1
f 2731//1 2732//1 2733//1
f 2731//1 2734//1 2732//1
f 2724//1 2726//1 2735//1
f 2736//1 2737//1 2738//1
f 2736//1 2739//1 2737//1
f 2740//1 2741//1 2742//1
f 2743//1 2744//1 2745//1
f 2743//1 2746//1 2744//1
f 2747//1 2748//1 2749//1
f 2469//1 2750//1 2470//1
f 2469//1 2751//1 2750//1
f 2743//1 2745//1 2752//1
f 2753//1 2754//1 2755//1
f 2753//1 2756//1 2754//1
f 2757//1 2758//1 2759//1
f 2760//1 2761//1 2762//1
f 2760//1 2763//1 2761//1
f 2764//1 2765//1 2766//1
f 2767//1 2768//1 2769//1
f 2767//1 2770//1 2768//1
f 2760//1 2762//1 2771//1
f 2772//1 2773//1 2774//1
f 2772//1 2775//1 2773//1
f 2776//1 2777//1 2778//1
f 2779//1 2780//1 2781//1
f 2779//1 2782//1 2780//1
f 2783//1 2784//1 2785//1
f 2786//1 2787//1 2788//1
f 2786//1 2789//1 2787//1
f 2779//1 2781//1 2790//1
f 2791//1 2792//1 2793//1
f 2791//1 2794//1 2792//1
f 2786//1 2788//1 2795//1
f 2796//1 2797//1 2798//1
f 2796//1 2799//1 2797//1
f 2800//1 2801//1 2802//1
f 2803//1 2804//1 2805//1
f 2803//1 2806//1 2804//1
f 2796//1 2798//1 2807//1
f 2808//1 2809//1 2810//1
f 2808//1 2811//1 2809//1
f 2812//1 2813//1 2814//1
f 2815//1 2816//1 2817//1
f 2815//1 2818//1 2816//1
f 2819//1 2820//1 2821//1
f 2822//1 2823//1 2824//1
f 2822//1 2825//1 2823//1
f 2815//1 2817//1 2826//1
f 2827//1 2828//1 2829//1
f 2827//1 2830//1 2828//1
f 2822//1 2824//1 2831//1
f 2832//1 2833//1 2834//1
f 2832//1 2835//1 2833//1
f 2836//1 2837//1 2838//1
f 2839//1 2840//1 2841//1
f 2839//1 2842//1 2840//1
f 2832//1 2834//1 2843//1
f 2844//1 2845//1 2846//1
f 2844//1 2847//1 2845//1
f 2848//1 2849//1 2850//1
f 2851//1 2852//1 2853//1
f 2851//1 2854//1 2852//1
f 2855//1 2856//1 2857//1
f 2858//1 2859//1 2860//1
f 2858//1 2861//1 2859//1
f 2851//1 2853//1 2862//1
f 2863//1 2864//1 2865//1
f 2863//1 2866//1 2864//1
f 2858//1 2860//1 2867//1
f 2868//1 2869//1 2870//1
f 2868//1 2871//1 2869//1
f 2872//1 2873//1 2874//1
f 2875//1 2876//1 2877//1
f 2875//1 2878//1 2876//1
f 2868//1 2870//1 2879//1
f 2880//1 2881//1 2882//1
f 2880//1 2883//1 2881//1
f 2884//1 2885//1 2886//1
f 2887//1 2888//1 2889//1
f 2887//1 2890//1 2888//1
f 2891//1 2892//1 2893//1
f 2894//1 2895//1 2896//1
f 2894//1 2897//1 2895//1
f 2887//1 2889//1 2898//1
f 2899//1 2900//1 2901//1
f 2899//1 2902//1 2900//1
f 2894//1 2896//1 2903//1
f 2904//1 2905//1 2906//1
f 2904//1 2907//1 2905//1
f 2908//1 2909//1 2910//1
f 2911//1 2912//1 2913//1
f 2911//1 2914//1 2912//1
f 2904//1 2906//1 2915//1
f 2916//1 2917//1 2918//1
f 2916//1 2919//1 2917//1
f 2920//1 2921//1 2922//1
f 2923//1 2924//1 2925//1
f 2923//1 2926//1 2924//1
f 2927//1 2928//1 2929//1
f 2930//1 2931//1 2932//1
f 2930//1 2933//1 2931//1
f 2923//1 2925//1 2934//1
f 2935//1 2936//1 2937//1
f 2935//1 2938//1 2936//1
f 2930//1 2932//1 2939//1
f 2940//1 2941//1 2942//1
f 2940//1 2943//1 2941//1
f 2944//1 2945//1 2946//1
f 2947//1 2948//1 2949//1
f 2947//1 2950//1 2948//1
f 2940//1 2942//1 2951//1
f 2952//1 2953//1 2954//1
f 2952//1 2955//1 2953//1
f 2956//1 2957//1 2958//1
f 2959//1 2960//1 2961//1
f 2959//1 2962//1 2960//1
f 2963//1 2964//1 2965//1
f 2966//1 2967//1 2968//1
f 2966//1 2969//1 2967//1
f 2959//1 2961//1 2970//1
f 2971//1 2972//1 2973//1
f 2971//1 2974//1 2972//1
f 2966//1 2968//1 2975//1
f 2976//1 2977//1 2978//1
f 2976//1 2979//1 2977//1
f 2980//1 2981//1 2982//1
f 2983//1 2984//1 2985//1
f 2983//1 2986//1 2984//1
f 2976//1 2978//1 2987//1
f 2988//1 2989//1 2990//1
f 2988//1 2991//1 2989//1
f 2992//1 2993//1 2994//1
f 2995//1 2996//1 2997//1
f 2995//1 2998//1 2996//1
f 2999//1 3000//1 3001//1
f 3002//1 3003//1 3004//1
f 3002//1 3005//1 3003//1
f 2995//1 2997//1 3006//1
f 3007//1 3008//1 3009//1
f 3007//1 3010//1 3008//1
f 3002//1 3004//1 3011//1
f 3012//1 3013//1 3014//1
f 3012//1 3015//1 3013//1
f 3016//1 3017//1 3018//1
f 3019//1 3020//1 3021//1
f 3019//1 3022//1 3020//1
f 3012//1 3014//1 3023//1
f 3024//1 3025//1 3026//1
f 3024//1 3027//1 3025//1
f 3028//1 3029//1 3030//1
f 3031//1 3032//1 3033//1
f 3031//1 3034//1 3032//1
f 3035//1 3036//1 3037//1
f 2757//1 3038//1 2758//1
f 2757//1 3039//1 3038//1
f 3031//1 3033//1 3040//1
f 3041//1 3042//1 3043//1
f 3041//1 3044//1 3042//1
f 3045//1 3046//1 3047//1
f 3048//1 3049//1 3050//1
f 3048//1 3051//1 3049//1
f 3052//1 3053//1 3054//1
f 3055//1 3056//1 3057//1
f 3055//1 3058//1 3056//1
f 3048//1 3050//1 3059//1
f 3060//1 3061//1 3062//1
f 3060//1 3063//1 3061//1
f 3064//1 3065//1 3066//1
f 3067//1 3068//1 3069//1
f 3067//1 3070//1 3068//1
f 3071//1 3072//1 3073//1
f 3074//1 3075//1 3076//1
f 3074//1 3077//1 3075//1
f 3067//1 3069//1 3078//1
f 3079//1 3080//1 3081//1
f 3079//1 3082//1 3080//1
f 3074//1 3076//1 3083//1
f 3084//1 3085//1 3086//1
f 3084//1 3087//1 3085//1
f 3088//1 3089//1 3090//1
f 3091//1 3092//1 3093//1
f 3091//1 3094//1 3092//1
f 3084//1 3086//1 3095//1
f 3096//1 3097//1 3098//1
f 3096//1 3099//1 3097//1
f 3100//1 3101//1 3102//1
f 3103//1 3104//1 3105//1
f 3103//1 3106//1 3104//1
f 3107//1 3108//1 3109//1
f 3110//1 3111//1 3112//1
f 3110//1 3113//1 3111//1
f 3103//1 3105//1 3114//1
f 3115//1 3116//1 3117//1
f 3115//1 3118//1 3116//1
f 3110//1 3112//1 3119//1
f 3120//1 3121//1 3122//1
f 3120//1 3123//1 3121//1
f 3124//1 3125//1 3126//1
f 3127//1 3128//1 3129//1
f 3127//1 3130//1 3128//1
f 3120//1 3122//1 3131//1
f 3132//1 3133//1 3134//1
f 3132//1 3135//1 3133//1
f 3136//1 3137//1 3138//1
f 3139//1 3140//1 3141//1
f 3139//1 3142//1 3140//1
f 3143//1 3144//1 3145//1
f 3146//1 3147//1 3148//1
f 3146//1 3149//1 3147//1
f 3139//1 3141//1 3150//1
f 3151//1 3152//1 3153//1
f 3151//1 3154//1 3152//1
f 3146//1 3148//1 3155//1
f 3156//1 3157//1 3158//1
f 3156//1 3159//1 3157//1
f 3160//1 3161//1 3162//1
f 3163//1 3164//1 3165//1
f 3163//1 3166//1 3164//1
f 3156//1 3158//1 3167//1
f 3168//1 3169//1 3170//1
f 3168//1 3171//1 3169//1
f 3172//1 3173//1 3174//1
f 3175//1 3176//1 3177//1
f 3175//1 3178//1 3176//1
f 3179//1 3180//1 3181//1
f 3182//1 3183//1 3184//1
f 3182//1 3185//1 3183//1
f 3175//1 3177//1 3186//1
f 3187//1 3188//1 3189//1
f 3187//1 3190//1 3188//1
f 3182//1 3184//1 3191//1
f 3192//1 3193//1 3194//1
f 3192//1 3195//1 3193//1
f 3196//1 3197//1 3198//1
f 3199//1 3200//1 3201//1
f 3199//1 3202//1 3200//1
f 3192//1 3194//1 3203//1
f 3204//1 3205//1 3206//1
f 3204//1 3207//1 3205//1
f 3208//1 3209//1 3210//1
f 3211//1 3212//1 3213//1
f 3211//1 3214//1 3212//1
f 3215//1 3216//1 3217//1
f 3218//1 3219//1 3220//1
f 3218//1 3221//1 3219//1
f 3211//1 3213//1 3222//1
f 3223//1 3224//1 3225//1
f 3223//1 3226//1 3224//1
f 3218//1 3220//1 3227//1
f 3228//1 3229//1 3230//1
f 3228//1 3231//1 3229//1
f 3232//1 3233//1 3234//1
f 3235//1 3236//1 3237//1
f 3235//1 3238//1 3236//1
f 3228//1 3230//1 3239//1
f 3240//1 3241//1 3242//1
f 3240//1 3243//1 3241//1
f 3244//1 3245//1 3246//1
f 3247//1 3248//1 3249//1
f 3247//1 3250//1 3248//1
f 3251//1 3252//1 3253//1
f 3254//1 3255//1 3256//1
f 3254//1 3257//1 3255//1
f 3247//1 3249//1 3258//1
f 3259//1 3260//1 3261//1
f 3259//1 3262//1 3260//1
f 3254//1 3256//1 3263//1
f 3264//1 3265//1 3266//1
f 3264//1 3267//1 3265//1
f 3268//1 3269//1 3270//1
f 3271//1 3272//1 3273//1
f 3271//1 3274//1 3272//1
f 3264//1 3266//1 3275//1
f 3276//1 3277//1 3278//1
f 3276//1 3279//1 3277//1
f 3280//1 3281//1 3282//1
f 3283//1 3284//1 3285//1
f 3283//1 3286//1 3284//1
f 3287//1 3288//1 3289//1
f 3290//1 3291//1 3292//1
f 3290//1 3293//1 3291//1
f 3283//1 3285//1 3294//1
f 3295//1 3296//1 3297//1
f 3295//1 3298//1 3296//1
f 3290//1 3292//1 3299//1
f 3300//1 3301//1 3302//1
f 3300//1 3303//1 3301//1
f 3304//1 3305//1 3306//1
f 3307//1 3308//1 3309//1
f 3307//1 3310//1 3308//1
f 3300//1 3302//1 3311//1
f 3312//1 3313//1 3314//1
f 3312//1 3315//1 3313//1
f 3316//1 3317//1 3318//1
f 3319//1 3320//1 3321//1
f 3319//1 3322//1 3320//1
f 3323//1 3324//1 3325//1
f 3045//1 3326//1 3046//1
f 3045//1 3327//1 3326//1
f 3319//1 3321//1 3328//1
f 3329//1 3330//1 3331//1
f 3329//1 3332//1 3330//1
f 3333//1 3334//1 3335//1
f 3336//1 3337//1 3338//1
f 3336//1 3339//1 3337//1
f 3340//1 3341//1 3342//1
f 3340//1 3343//1 3341//1
f 3340//1 3344//1 3343//1
f 3345//1 3346//1 3347//1
f 3348//1 3349//1 3350//1
f 3348//1 3351//1 3349//1
f 3352//1 3353//1 3354//1
f 3352//1 3355//1 3353//1
f 3352//1 3356//1 3355//1
f 3357//1 3358//1 3359//1
f 3360//1 3361//1 3362//1
f 3360//1 3363//1 3361//1
f 3364//1 3365//1 3366//1
f 3364//1 3367//1 3365//1
f 3364//1 3368//1 3367//1
f 3369//1 3370//1 3371//1
f 3372//1 3373//1 3374//1
f 3372//1 3375//1 3373//1
f 3376//1 3377//1 3378//1
f 3376//1 3379//1 3377//1
f 3376//1 3380//1 3379//1
f 3381//1 3382//1 3383//1
f 3384//1 3385//1 3386//1
f 3384//1 3387//1 3385//1
f 3388//1 3389//1 3390//1
f 3388//1 3391//1 3389//1
f 3388//1 3392//1 3391//1
f 3393//1 3394//1 3395//1
f 3396//1 3397//1 3398//1
f 3396//1 3399//1 3397//1
f 3400//1 3401//1 3402//1
f 3400//1 3403//1 3401//1
f 3400//1 3404//1 3403//1
f 3405//1 3406//1 3407//1
f 3408//1 3409//1 3410//1
f 3408//1 3411//1 3409//1
f 3412//1 3413//1 3414//1
f 3412//1 3415//1 3413//1
f 3412//1 3416//1 3415//1
f 3417//1 3418//1 3419//1
f 3420//1 3421//1 3422//1
f 3420//1 3423//1 3421//1
f 3329//1 3331//1 3424//1
f 3425//1 3426//1 3427//1
f 3425//1 3428//1 3426//1
f 3429//1 3430//1 3431//1
f 3432//1 3433//1 3434//1
f 3432//1 3435//1 3433//1
f 3436//1 3437//1 3438//1
f 3436//1 3439//1 3437//1
f 3436//1 3440//1 3439//1
f 3441//1 3442//1 3443//1
f 3444//1 3445//1 3446//1
f 3444//1 3447//1 3445//1
f 3448//1 3449//1 3450//1
f 3448//1 3451//1 3449//1
f 3448//1 3452//1 3451//1
f 3453//1 3454//1 3455//1
f 3456//1 3457//1 3458//1
f 3456//1 3459//1 3457//1
f 3460//1 3461//1 3462//1
f 3460//1 3463//1 3461//1
f 3460//1 3464//1 3463//1
f 3465//1 3466//1 3467//1
f 3468//1 3469//1 3470//1
f 3468//1 3471//1 3469//1
f 3472//1 3473//1 3474//1
f 3472//1 3475//1 3473//1
f 3472//1 3476//1 3475//1
f 3477//1 3478//1 3479//1
f 3480//1 3481//1 3482//1
f 3480//1 3483//1 3481//1
f 3484//1 3485//1 3486//1
f 3484//1 3487//1 3485//1
f 3484//1 3488//1 3487//1
f 3489//1 3490//1 3491//1
f 3492//1 3493//1 3494//1
f 3492//1 3495//1 3493//1
f 3496//1 3497//1 3498//1
f 3496//1 3499//1 3497//1
f 3496//1 3500//1 3499//1
f 3501//1 3502//1 3503//1
f 3504//1 3505//1 3506//1
f 3504//1 3507//1 3505//1
f 3508//1 3509//1 3510//1
f 3508//1 3511//1 3509//1
f 3508//1 3512//1 3511//1
f 3513//1 3514//1 3515//1
f 3516//1 3517//1 3518//1
f 3516//1 3519//1 3517//1
f 3425//1 3427//1 3520//1
f 3521//1 3522//1 3523//1
f 3521//1 3524//1 3522//1
f 3525//1 3526//1 3527//1
f 3528//1 3529//1 3530//1
f 3528//1 3531//1 3529//1
f 3532//1 3533//1 3534//1
f 3532//1 3535//1 3533//1
f 3532//1 3536//1 3535//1
f 3537//1 3538//1 3539//1
f 3540//1 3541//1 3542//1
f 3540//1 3543//1 3541//1
f 3544//1 3545//1 3546//1
f 3544//1 3547//1 3545//1
f 3544//1 3548//1 3547//1
f 3549//1 3550//1 3551//1
f 3552//1 3553//1 3554//1
f 3552//1 3555//1 3553//1
f 3556//1 3557//1 3558//1
f 3556//1 3559//1 3557//1
f 3556//1 3560//1 3559//1
f 3561//1 3562//1 3563//1
f 3564//1 3565//1 3566//1
f 3564//1 3567//1 3565//1
f 3568//1 3569//1 3570//1
f 3568//1 3571//1 3569//1
f 3568//1 3572//1 3571//1
f 3573//1 3574//1 3575//1
f 3576//1 3577//1 3578//1
f 3576//1 3579//1 3577//1
f 3580//1 3581//1 3582//1
f 3580//1 3583//1 3581//1
f 3580//1 3584//1 3583//1
f 3585//1 3586//1 3587//1
f 3588//1 3589//1 3590//1
f 3588//1 3591//1 3589//1
f 3592//1 3593//1 3594//1
f 3592//1 3595//1 3593//1
f 3592//1 3596//1 3595//1
f 3597//1 3598//1 3599//1
f 3600//1 3601//1 3602//1
f 3600//1 3603//1 3601//1
f 3604//1 3605//1 3606//1
f 3604//1 3607//1 3605//1
f 3604//1 3608//1 3607//1
f 3609//1 3610//1 3611//1
f 3612//1 3613//1 3614//1
f 3612//1 3615//1 3613//1
f 3521//1 3523//1 3616//1
f 3617//1 3618//1 3619//1
f 3617//1 3620//1 3618//1
f 3621//1 3622//1 3623//1
f 3624//1 3625//1 3626//1
f 3624//1 3627//1 3625//1
f 3628//1 3629//1 3630//1
f 3628//1 3631//1 3629//1
f 3628//1 3632//1 3631//1
f 3633//1 3634//1 3635//1
f 3636//1 3637//1 3638//1
f 3636//1 3639//1 3637//1
f 3640//1 3641//1 3642//1
f 3640//1 3643//1 3641//1
f 3640//1 3644//1 3643//1
f 3645//1 3646//1 3647//1
f 3648//1 3649//1 3650//1
f 3648//1 3651//1 3649//1
f 3652//1 3653//1 3654//1
f 3652//1 3655//1 3653//1
f 3652//1 3656//1 3655//1
f 3657//1 3658//1 3659//1
f 3660//1 3661//1 3662//1
f 3660//1 3663//1 3661//1
f 3664//1 3665//1 3666//1
f 3664//1 3667//1 3665//1
f 3664//1 3668//1 3667//1
f 3669//1 3670//1 3671//1
f 3672//1 3673//1 3674//1
f 3672//1 3675//1 3673//1
f 3676//1 3677//1 3678//1
f 3676//1 3679//1 3677//1
f 3676//1 3680//1 3679//1
f 3681//1 3682//1 3683//1
f 3684//1 3685//1 3686//1
f 3684//1 3687//1 3685//1
f 3688//1 3689//1 3690//1
f 3688//1 3691//1 3689//1
f 3688//1 3692//1 3691//1
f 3693//1 3694//1 3695//1
f 3696//1 3697//1 3698//1
f 3696//1 3699//1 3697//1
f 3700//1 3701//1 3702//1
f 3700//1 3703//1 3701//1
f 3700//1 3704//1 3703//1
f 3705//1 3706//1 3707//1
f 3708//1 3709//1 3710//1
f 3708//1 3711//1 3709//1
f 3617//1 3619//1 3712//1
f 3713//1 3714//1 3715//1
f 3713//1 3716//1 3714//1
f 3717//1 3718//1 3719//1
f 3720//1 3721//1 3722//1
f 3720//1 3723//1 3721//1
f 3724//1 3725//1 3726//1
f 3724//1 3727//1 3725//1
f 3724//1 3728//1 3727//1
f 3729//1 3730//1 3731//1
f 3732//1 3733//1 3734//1
f 3732//1 3735//1 3733//1
f 3736//1 3737//1 3738//1
f 3736//1 3739//1 3737//1
f 3736//1 3740//1 3739//1
f 3741//1 3742//1 3743//1
f 3744//1 3745//1 3746//1
f 3744//1 3747//1 3745//1
f 3748//1 3749//1 3750//1
f 3748//1 3751//1 3749//1
f 3748//1 3752//1 3751//1
f 3753//1 3754//1 3755//1
f 3756//1 3757//1 3758//1
f 3756//1 3759//1 3757//1
f 3760//1 3761//1 3762//1
f 3760//1 3763//1 3761//1
f 3760//1 3764//1 3763//1
f 3765//1 3766//1 3767//1
f 3768//1 3769//1 3770//1
f 3768//1 3771//1 3769//1
f 3772//1 3773//1 3774//1
f 3772//1 3775//1 3773//1
f 3772//1 3776//1 3775//1
f 3777//1 3778//1 3779//1
f 3780//1 3781//1 3782//1
f 3780//1 3783//1 3781//1
f 3784//1 3785//1 3786//1
f 3784//1 3787//1 3785//1
f 3784//1 3788//1 3787//1
f 3789//1 3790//1 3791//1
f 3792//1 3793//1 3794//1
f 3792//1 3795//1 3793//1
f 3796//1 3797//1 3798//1
f 3796//1 3799//1 3797//1
f 3796//1 3800//1 3799//1
f 3801//1 3802//1 3803//1
f 3804//1 3805//1 3806//1
f 3804//1 3807//1 3805//1
f 3713//1 3715//1 3808//1
f 3809//1 3810//1 3811//1
f 3809//1 3812//1 3810//1
f 3813//1 3814//1 3815//1
f 3816//1 3817//1 3818//1
f 3816//1 3819//1 3817//1
f 3820//1 3821//1 3822//1
f 3820//1 3823//1 3821//1
f 3820//1 3824//1 3823//1
f 3825//1 3826//1 3827//1
f 3828//1 3829//1 3830//1
f 3828//1 3831//1 3829//1
f 3832//1 3833//1 3834//1
f 3832//1 3835//1 3833//1
f 3832//1 3836//1 3835//1
f 3837//1 3838//1 3839//1
f 3840//1 3841//1 3842//1
f 3840//1 3843//1 3841//1
f 3844//1 3845//1 3846//1
f 3844//1 3847//1 3845//1
f 3844//1 3848//1 3847//1
f 3849//1 3850//1 3851//1
f 3852//1 3853//1 3854//1
f 3852//1 3855//1 3853//1
f 3856//1 3857//1 3858//1
f 3856//1 3859//1 3857//1
f 3856//1 3860//1 3859//1
f 3861//1 3862//1 3863//1
f 3864//1 3865//1 3866//1
f 3864//1 3867//1 3865//1
f 3868//1 3869//1 3870//1
f 3868//1 3871//1 3869//1
f 3868//1 3872//1 3871//1
f 3873//1 3874//1 3875//1
f 3876//1 3877//1 3878//1
f 3876//1 3879//1 3877//1
f 3880//1 3881//1 3882//1
f 3880//1 3883//1 3881//1
f 3880//1 3884//1 3883//1
f 3885//1 3886//1 3887//1
f 3888//1 3889//1 3890//1
f 3888//1 3891//1 3889//1
f 3892//1 3893//1 3894//1
f 3892//1 3895//1 3893//1
f 3892//1 3896//1 3895//1
f 3897//1 3898//1 3899//1
f 3900//1 3901//1 3902//1
f 3900//1 3903//1 3901//1
f 3809//1 3811//1 3904//1
f 3905//1 3906//1 3907//1
f 3905//1 3908//1 3906//1
f 3909//1 3910//1 3911//1
f 3912//1 3913//1 3914//1
f 3912//1 3915//1 3913//1
f 3916//1 3917//1 3918//1
f 3916//1 3919//1 3917//1
f 3916//1 3920//1 3919//1
f 3921//1 3922//1 3923//1
f 3924//1 3925//1 3926//1
f 3924//1 3927//1 3925//1
f 3928//1 3929//1 3930//1
f 3928//1 3931//1 3929//1
f 3928//1 3932//1 3931//1
f 3933//1 3934//1 3935//1
f 3936//1 3937//1 3938//1
f 3936//1 3939//1 3937//1
f 3940//1 3941//1 3942//1
f 3940//1 3943//1 3941//1
f 3940//1 3944//1 3943//1
f 3945//1 3946//1 3947//1
f 3948//1 3949//1 3950//1
f 3948//1 3951//1 3949//1
f 3952//1 3953//1 3954//1
f 3952//1 3955//1 3953//1
f 3952//1 3956//1 3955//1
f 3957//1 3958//1 3959//1
f 3960//1 3961//1 3962//1
f 3960//1 3963//1 3961//1
f 3964//1 3965//1 3966//1
f 3964//1 3967//1 3965//1
f 3964//1 3968//1 3967//1
f 3969//1 3970//1 3971//1
f 3972//1 3973//1 3974//1
f 3972//1 3975//1 3973//1
f 3976//1 3977//1 3978//1
f 3976//1 3979//1 3977//1
f 3976//1 3980//1 3979//1
f 3981//1 3982//1 3983//1
f 3984//1 3985//1 3986//1
f 3984//1 3987//1 3985//1
f 3988//1 3989//1 3990//1
f 3988//1 3991//1 3989//1
f 3988//1 3992//1 3991//1
f 3993//1 3994//1 3995//1
f 3996//1 3997//1 3998//1
f 3996//1 3999//1 3997//1
f 3905//1 3907//1 4000//1
f 4001//1 4002//1 4003//1
f 4001//1 4004//1 4002//1
f 4005//1 4006//1 4007//1
f 4008//1 4009//1 4010//1
f 4008//1 4011//1 4009//1
f 4012//1 4013//1 4014//1
f 4012//1 4015//1 4013//1
f 4012//1 4016//1 4015//1
f 4017//1 4018//1 4019//1
f 4020//1 4021//1 4022//1
f 4020//1 4023//1 4021//1
f 4024//1 4025//1 4026//1
f 4024//1 4027//1 4025//1
f 4024//1 4028//1 4027//1
f 4029//1 4030//1 4031//1
f 4032//1 4033//1 4034//1
f 4032//1 4035//1 4033//1
f 4036//1 4037//1 4038//1
f 4036//1 4039//1 4037//1
f 4036//1 4040//1 4039//1
f 4041//1 4042//1 4043//1
f 4044//1 4045//1 4046//1
f 4044//1 4047//1 4045//1
f 4048//1 4049//1 4050//1
f 4048//1 4051//1 4049//1
f 4048//1 4052//1 4051//1
f 4053//1 4054//1 4055//1
f 4056//1 4057//1 4058//1
f 4056//1 4059//1 4057//1
f 4060//1 4061//1 4062//1
f 4060//1 4063//1 4061//1
f 4060//1 4064//1 4063//1
f 4065//1 4066//1 4067//1
f 4068//1 4069//1 4070//1
f 4068//1 4071//1 4069//1
f 4072//1 4073//1 4074//1
f 4072//1 4075//1 4073//1
f 4072//1 4076//1 4075//1
f 4077//1 4078//1 4079//1
f 4080//1 4081//1 4082//1
f 4080//1 4083//1 4081//1
f 4084//1 4085//1 4086//1
f 4084//1 4087//1 4085//1
f 4084//1 4088//1 4087//1
f 4089//1 4090//1 4091//1
f 4092//1 4093//1 4094//1
f 4092//1 4095//1 4093//1
f 4001//1 4003//1 4096//1
f 4096//1 1037//1 1036//1
f 4096//1 4003//1 1037//1
f 4003//1 929//1 1037//1
f 4093//1 4096//1 1036//1
f 4093//1 4095//1 4096//1
f 4095//1 4001//1 4096//1
f 4094//1 1023//1 1020//1
f 4094//1 4093//1 1023//1
f 4093//1 1036//1 1023//1
f 4091//1 1056//1 1055//1
f 4091//1 4090//1 1056//1
f 4090//1 1017//1 1056//1
f 4087//1 4091//1 1055//1
f 4087//1 4088//1 4091//1
f 4088//1 4089//1 4091//1
f 4085//1 1016//1 1012//1
f 4085//1 4087//1 1016//1
f 4087//1 1055//1 1016//1
f 4086//1 1073//1 1072//1
f 4086//1 4085//1 1073//1
f 4085//1 1012//1 1073//1
f 4081//1 4086//1 1072//1
f 4081//1 4083//1 4086//1
f 4083//1 4084//1 4086//1
f 4082//1 1011//1 1008//1
f 4082//1 4081//1 1011//1
f 4081//1 1072//1 1011//1
f 4079//1 1092//1 1091//1
f 4079//1 4078//1 1092//1
f 4078//1 1005//1 1092//1
f 4075//1 4079//1 1091//1
f 4075//1 4076//1 4079//1
f 4076//1 4077//1 4079//1
f 4073//1 1004//1 1000//1
f 4073//1 4075//1 1004//1
f 4075//1 1091//1 1004//1
f 4074//1 1109//1 1108//1
f 4074//1 4073//1 1109//1
f 4073//1 1000//1 1109//1
f 4069//1 4074//1 1108//1
f 4069//1 4071//1 4074//1
f 4071//1 4072//1 4074//1
f 4070//1 999//1 996//1
f 4070//1 4069//1 999//1
f 4069//1 1108//1 999//1
f 4067//1 1128//1 1127//1
f 4067//1 4066//1 1128//1
f 4066//1 993//1 1128//1
f 4063//1 4067//1 1127//1
f 4063//1 4064//1 4067//1
f 4064//1 4065//1 4067//1
f 4061//1 992//1 988//1
f 4061//1 4063//1 992//1
f 4063//1 1127//1 992//1
f 4062//1 1145//1 1144//1
f 4062//1 4061//1 1145//1
f 4061//1 988//1 1145//1
f 4057//1 4062//1 1144//1
f 4057//1 4059//1 4062//1
f 4059//1 4060//1 4062//1
f 4058//1 987//1 984//1
f 4058//1 4057//1 987//1
f 4057//1 1144//1 987//1
f 4055//1 1164//1 1163//1
f 4055//1 4054//1 1164//1
f 4054//1 981//1 1164//1
f 4051//1 4055//1 1163//1
f 4051//1 4052//1 4055//1
f 4052//1 4053//1 4055//1
f 4049//1 980//1 976//1
f 4049//1 4051//1 980//1
f 4051//1 1163//1 980//1
f 4050//1 1181//1 1180//1
f 4050//1 4049//1 1181//1
f 4049//1 976//1 1181//1
f 4045//1 4050//1 1180//1
f 4045//1 4047//1 4050//1
f 4047//1 4048//1 4050//1
f 4046//1 975//1 972//1
f 4046//1 4045//1 975//1
f 4045//1 1180//1 975//1
f 4043//1 1200//1 1199//1
f 4043//1 4042//1 1200//1
f 4042//1 969//1 1200//1
f 4039//1 4043//1 1199//1
f 4039//1 4040//1 4043//1
f 4040//1 4041//1 4043//1
f 4037//1 968//1 964//1
f 4037//1 4039//1 968//1
f 4039//1 1199//1 968//1
f 4038//1 1217//1 1216//1
f 4038//1 4037//1 1217//1
f 4037//1 964//1 1217//1
f 4033//1 4038//1 1216//1
f 4033//1 4035//1 4038//1
f 4035//1 4036//1 4038//1
f 4034//1 963//1 960//1
f 4034//1 4033//1 963//1
f 4033//1 1216//1 963//1
f 4031//1 1236//1 1235//1
f 4031//1 4030//1 1236//1
f 4030//1 957//1 1236//1
f 4027//1 4031//1 1235//1
f 4027//1 4028//1 4031//1
f 4028//1 4029//1 4031//1
f 4025//1 956//1 952//1
f 4025//1 4027//1 956//1
f 4027//1 1235//1 956//1
f 4026//1 1253//1 1252//1
f 4026//1 4025//1 1253//1
f 4025//1 952//1 1253//1
f 4021//1 4026//1 1252//1
f 4021//1 4023//1 4026//1
f 4023//1 4024//1 4026//1
f 4022//1 951//1 948//1
f 4022//1 4021//1 951//1
f 4021//1 1252//1 951//1
f 4019//1 1272//1 1271//1
f 4019//1 4018//1 1272//1
f 4018//1 945//1 1272//1
f 4015//1 4019//1 1271//1
f 4015//1 4016//1 4019//1
f 4016//1 4017//1 4019//1
f 4013//1 944//1 940//1
f 4013//1 4015//1 944//1
f 4015//1 1271//1 944//1
f 4014//1 1289//1 1288//1
f 4014//1 4013//1 1289//1
f 4013//1 940//1 1289//1
f 4009//1 4014//1 1288//1
f 4009//1 4011//1 4014//1
f 4011//1 4012//1 4014//1
f 4010//1 939//1 936//1
f 4010//1 4009//1 939//1
f 4009//1 1288//1 939//1
f 4007//1 1308//1 1307//1
f 4007//1 4006//1 1308//1
f 4006//1 933//1 1308//1
f 4097//1 4007//1 1307//1
f 4097//1 4098//1 4007//1
f 4098//1 4005//1 4007//1
f 4003//1 932//1 929//1
f 4003//1 4002//1 932//1
f 4097//1 1307//1 4099//1
f 4000//1 1325//1 1324//1
f 4000//1 3907//1 1325//1
f 3907//1 833//1 1325//1
f 3997//1 4000//1 1324//1
f 3997//1 3999//1 4000//1
f 3999//1 3905//1 4000//1
f 3998//1 927//1 924//1
f 3998//1 3997//1 927//1
f 3997//1 1324//1 927//1
f 3995//1 1344//1 1343//1
f 3995//1 3994//1 1344//1
f 3994//1 921//1 1344//1
f 3991//1 3995//1 1343//1
f 3991//1 3992//1 3995//1
f 3992//1 3993//1 3995//1
f 3989//1 920//1 916//1
f 3989//1 3991//1 920//1
f 3991//1 1343//1 920//1
f 3990//1 1361//1 1360//1
f 3990//1 3989//1 1361//1
f 3989//1 916//1 1361//1
f 3985//1 3990//1 1360//1
f 3985//1 3987//1 3990//1
f 3987//1 3988//1 3990//1
f 3986//1 915//1 912//1
f 3986//1 3985//1 915//1
f 3985//1 1360//1 915//1
f 3983//1 1380//1 1379//1
f 3983//1 3982//1 1380//1
f 3982//1 909//1 1380//1
f 3979//1 3983//1 1379//1
f 3979//1 3980//1 3983//1
f 3980//1 3981//1 3983//1
f 3977//1 908//1 904//1
f 3977//1 3979//1 908//1
f 3979//1 1379//1 908//1
f 3978//1 1397//1 1396//1
f 3978//1 3977//1 1397//1
f 3977//1 904//1 1397//1
f 3973//1 3978//1 1396//1
f 3973//1 3975//1 3978//1
f 3975//1 3976//1 3978//1
f 3974//1 903//1 900//1
f 3974//1 3973//1 903//1
f 3973//1 1396//1 903//1
f 3971//1 1416//1 1415//1
f 3971//1 3970//1 1416//1
f 3970//1 897//1 1416//1
f 3967//1 3971//1 1415//1
f 3967//1 3968//1 3971//1
f 3968//1 3969//1 3971//1
f 3965//1 896//1 892//1
f 3965//1 3967//1 896//1
f 3967//1 1415//1 896//1
f 3966//1 1433//1 1432//1
f 3966//1 3965//1 1433//1
f 3965//1 892//1 1433//1
f 3961//1 3966//1 1432//1
f 3961//1 3963//1 3966//1
f 3963//1 3964//1 3966//1
f 3962//1 891//1 888//1
f 3962//1 3961//1 891//1
f 3961//1 1432//1 891//1
f 3959//1 1452//1 1451//1
f 3959//1 3958//1 1452//1
f 3958//1 885//1 1452//1
f 3955//1 3959//1 1451//1
f 3955//1 3956//1 3959//1
f 3956//1 3957//1 3959//1
f 3953//1 884//1 880//1
f 3953//1 3955//1 884//1
f 3955//1 1451//1 884//1
f 3954//1 1469//1 1468//1
f 3954//1 3953//1 1469//1
f 3953//1 880//1 1469//1
f 3949//1 3954//1 1468//1
f 3949//1 3951//1 3954//1
f 3951//1 3952//1 3954//1
f 3950//1 879//1 876//1
f 3950//1 3949//1 879//1
f 3949//1 1468//1 879//1
f 3947//1 1488//1 1487//1
f 3947//1 3946//1 1488//1
f 3946//1 873//1 1488//1
f 3943//1 3947//1 1487//1
f 3943//1 3944//1 3947//1
f 3944//1 3945//1 3947//1
f 3941//1 872//1 868//1
f 3941//1 3943//1 872//1
f 3943//1 1487//1 872//1
f 3942//1 1505//1 1504//1
f 3942//1 3941//1 1505//1
f 3941//1 868//1 1505//1
f 3937//1 3942//1 1504//1
f 3937//1 3939//1 3942//1
f 3939//1 3940//1 3942//1
f 3938//1 867//1 864//1
f 3938//1 3937//1 867//1
f 3937//1 1504//1 867//1
f 3935//1 1524//1 1523//1
f 3935//1 3934//1 1524//1
f 3934//1 861//1 1524//1
f 3931//1 3935//1 1523//1
f 3931//1 3932//1 3935//1
f 3932//1 3933//1 3935//1
f 3929//1 860//1 856//1
f 3929//1 3931//1 860//1
f 3931//1 1523//1 860//1
f 3930//1 1541//1 1540//1
f 3930//1 3929//1 1541//1
f 3929//1 856//1 1541//1
f 3925//1 3930//1 1540//1
f 3925//1 3927//1 3930//1
f 3927//1 3928//1 3930//1
f 3926//1 855//1 852//1
f 3926//1 3925//1 855//1
f 3925//1 1540//1 855//1
f 3923//1 1560//1 1559//1
f 3923//1 3922//1 1560//1
f 3922//1 849//1 1560//1
f 3919//1 3923//1 1559//1
f 3919//1 3920//1 3923//1
f 3920//1 3921//1 3923//1
f 3917//1 848//1 844//1
f 3917//1 3919//1 848//1
f 3919//1 1559//1 848//1
f 3918//1 1577//1 1576//1
f 3918//1 3917//1 1577//1
f 3917//1 844//1 1577//1
f 3913//1 3918//1 1576//1
f 3913//1 3915//1 3918//1
f 3915//1 3916//1 3918//1
f 3914//1 843//1 840//1
f 3914//1 3913//1 843//1
f 3913//1 1576//1 843//1
f 3911//1 1596//1 1595//1
f 3911//1 3910//1 1596//1
f 3910//1 837//1 1596//1
f 4100//1 3911//1 1595//1
f 4100//1 4101//1 3911//1
f 4101//1 3909//1 3911//1
f 3907//1 836//1 833//1
f 3907//1 3906//1 836//1
f 4100//1 1595//1 4102//1
f 3904//1 1613//1 1612//1
f 3904//1 3811//1 1613//1
f 3811//1 737//1 1613//1
f 3901//1 3904//1 1612//1
f 3901//1 3903//1 3904//1
f 3903//1 3809//1 3904//1
f 3902//1 831//1 828//1
f 3902//1 3901//1 831//1
f 3901//1 1612//1 831//1
f 3899//1 1632//1 1631//1
f 3899//1 3898//1 1632//1
f 3898//1 825//1 1632//1
f 3895//1 3899//1 1631//1
f 3895//1 3896//1 3899//1
f 3896//1 3897//1 3899//1
f 3893//1 824//1 820//1
f 3893//1 3895//1 824//1
f 3895//1 1631//1 824//1
f 3894//1 1649//1 1648//1
f 3894//1 3893//1 1649//1
f 3893//1 820//1 1649//1
f 3889//1 3894//1 1648//1
f 3889//1 3891//1 3894//1
f 3891//1 3892//1 3894//1
f 3890//1 819//1 816//1
f 3890//1 3889//1 819//1
f 3889//1 1648//1 819//1
f 3887//1 1668//1 1667//1
f 3887//1 3886//1 1668//1
f 3886//1 813//1 1668//1
f 3883//1 3887//1 1667//1
f 3883//1 3884//1 3887//1
f 3884//1 3885//1 3887//1
f 3881//1 812//1 808//1
f 3881//1 3883//1 812//1
f 3883//1 1667//1 812//1
f 3882//1 1685//1 1684//1
f 3882//1 3881//1 1685//1
f 3881//1 808//1 1685//1
f 3877//1 3882//1 1684//1
f 3877//1 3879//1 3882//1
f 3879//1 3880//1 3882//1
f 3878//1 807//1 804//1
f 3878//1 3877//1 807//1
f 3877//1 1684//1 807//1
f 3875//1 1704//1 1703//1
f 3875//1 3874//1 1704//1
f 3874//1 801//1 1704//1
f 3871//1 3875//1 1703//1
f 3871//1 3872//1 3875//1
f 3872//1 3873//1 3875//1
f 3869//1 800//1 796//1
f 3869//1 3871//1 800//1
f 3871//1 1703//1 800//1
f 3870//1 1721//1 1720//1
f 3870//1 3869//1 1721//1
f 3869//1 796//1 1721//1
f 3865//1 3870//1 1720//1
f 3865//1 3867//1 3870//1
f 3867//1 3868//1 3870//1
f 3866//1 795//1 792//1
f 3866//1 3865//1 795//1
f 3865//1 1720//1 795//1
f 3863//1 1740//1 1739//1
f 3863//1 3862//1 1740//1
f 3862//1 789//1 1740//1
f 3859//1 3863//1 1739//1
f 3859//1 3860//1 3863//1
f 3860//1 3861//1 3863//1
f 3857//1 788//1 784//1
f 3857//1 3859//1 788//1
f 3859//1 1739//1 788//1
f 3858//1 1757//1 1756//1
f 3858//1 3857//1 1757//1
f 3857//1 784//1 1757//1
f 3853//1 3858//1 1756//1
f 3853//1 3855//1 3858//1
f 3855//1 3856//1 3858//1
f 3854//1 783//1 780//1
f 3854//1 3853//1 783//1
f 3853//1 1756//1 783//1
f 3851//1 1776//1 1775//1
f 3851//1 3850//1 1776//1
f 3850//1 777//1 1776//1
f 3847//1 3851//1 1775//1
f 3847//1 3848//1 3851//1
f 3848//1 3849//1 3851//1
f 3845//1 776//1 772//1
f 3845//1 3847//1 776//1
f 3847//1 1775//1 776//1
f 3846//1 1793//1 1792//1
f 3846//1 3845//1 1793//1
f 3845//1 772//1 1793//1
f 3841//1 3846//1 1792//1
f 3841//1 3843//1 3846//1
f 3843//1 3844//1 3846//1
f 3842//1 771//1 768//1
f 3842//1 3841//1 771//1
f 3841//1 1792//1 771//1
f 3839//1 1812//1 1811//1
f 3839//1 3838//1 1812//1
f 3838//1 765//1 1812//1
f 3835//1 3839//1 1811//1
f 3835//1 3836//1 3839//1
f 3836//1 3837//1 3839//1
f 3833//1 764//1 760//1
f 3833//1 3835//1 764//1
f 3835//1 1811//1 764//1
f 3834//1 1829//1 1828//1
f 3834//1 3833//1 1829//1
f 3833//1 760//1 1829//1
f 3829//1 3834//1 1828//1
f 3829//1 3831//1 3834//1
f 3831//1 3832//1 3834//1
f 3830//1 759//1 756//1
f 3830//1 3829//1 759//1
f 3829//1 1828//1 759//1
f 3827//1 1848//1 1847//1
f 3827//1 3826//1 1848//1
f 3826//1 753//1 1848//1
f 3823//1 3827//1 1847//1
f 3823//1 3824//1 3827//1
f 3824//1 3825//1 3827//1
f 3821//1 752//1 748//1
f 3821//1 3823//1 752//1
f 3823//1 1847//1 752//1
f 3822//1 1865//1 1864//1
f 3822//1 3821//1 1865//1
f 3821//1 748//1 1865//1
f 3817//1 3822//1 1864//1
f 3817//1 3819//1 3822//1
f 3819//1 3820//1 3822//1
f 3818//1 747//1 744//1
f 3818//1 3817//1 747//1
f 3817//1 1864//1 747//1
f 3815//1 1884//1 1883//1
f 3815//1 3814//1 1884//1
f 3814//1 741//1 1884//1
f 4103//1 3815//1 1883//1
f 4103//1 4104//1 3815//1
f 4104//1 3813//1 3815//1
f 3811//1 740//1 737//1
f 3811//1 3810//1 740//1
f 4103//1 1883//1 4105//1
f 3808//1 1901//1 1900//1
f 3808//1 3715//1 1901//1
f 3715//1 641//1 1901//1
f 3805//1 3808//1 1900//1
f 3805//1 3807//1 3808//1
f 3807//1 3713//1 3808//1
f 3806//1 735//1 732//1
f 3806//1 3805//1 735//1
f 3805//1 1900//1 735//1
f 3803//1 1920//1 1919//1
f 3803//1 3802//1 1920//1
f 3802//1 729//1 1920//1
f 3799//1 3803//1 1919//1
f 3799//1 3800//1 3803//1
f 3800//1 3801//1 3803//1
f 3797//1 728//1 724//1
f 3797//1 3799//1 728//1
f 3799//1 1919//1 728//1
f 3798//1 1937//1 1936//1
f 3798//1 3797//1 1937//1
f 3797//1 724//1 1937//1
f 3793//1 3798//1 1936//1
f 3793//1 3795//1 3798//1
f 3795//1 3796//1 3798//1
f 3794//1 723//1 720//1
f 3794//1 3793//1 723//1
f 3793//1 1936//1 723//1
f 3791//1 1956//1 1955//1
f 3791//1 3790//1 1956//1
f 3790//1 717//1 1956//1
f 3787//1 3791//1 1955//1
f 3787//1 3788//1 3791//1
f 3788//1 3789//1 3791//1
f 3785//1 716//1 712//1
f 3785//1 3787//1 716//1
f 3787//1 1955//1 716//1
f 3786//1 1973//1 1972//1
f 3786//1 3785//1 1973//1
f 3785//1 712//1 1973//1
f 3781//1 3786//1 1972//1
f 3781//1 3783//1 3786//1
f 3783//1 3784//1 3786//1
f 3782//1 711//1 708//1
f 3782//1 3781//1 711//1
f 3781//1 1972//1 711//1
f 3779//1 1992//1 1991//1
f 3779//1 3778//1 1992//1
f 3778//1 705//1 1992//1
f 3775//1 3779//1 1991//1
f 3775//1 3776//1 3779//1
f 3776//1 3777//1 3779//1
f 3773//1 704//1 700//1
f 3773//1 3775//1 704//1
f 3775//1 1991//1 704//1
f 3774//1 2009//1 2008//1
f 3774//1 3773//1 2009//1
f 3773//1 700//1 2009//1
f 3769//1 3774//1 2008//1
f 3769//1 3771//1 3774//1
f 3771//1 3772//1 3774//1
f 3770//1 699//1 696//1
f 3770//1 3769//1 699//1
f 3769//1 2008//1 699//1
f 3767//1 2028//1 2027//1
f 3767//1 3766//1 2028//1
f 3766//1 693//1 2028//1
f 3763//1 3767//1 2027//1
f 3763//1 3764//1 3767//1
f 3764//1 3765//1 3767//1
f 3761//1 692//1 688//1
f 3761//1 3763//1 692//1
f 3763//1 2027//1 692//1
f 3762//1 2045//1 2044//1
f 3762//1 3761//1 2045//1
f 3761//1 688//1 2045//1
f 3757//1 3762//1 2044//1
f 3757//1 3759//1 3762//1
f 3759//1 3760//1 3762//1
f 3758//1 687//1 684//1
f 3758//1 3757//1 687//1
f 3757//1 2044//1 687//1
f 3755//1 2064//1 2063//1
f 3755//1 3754//1 2064//1
f 3754//1 681//1 2064//1
f 3751//1 3755//1 2063//1
f 3751//1 3752//1 3755//1
f 3752//1 3753//1 3755//1
f 3749//1 680//1 676//1
f 3749//1 3751//1 680//1
f 3751//1 2063//1 680//1
f 3750//1 2081//1 2080//1
f 3750//1 3749//1 2081//1
f 3749//1 676//1 2081//1
f 3745//1 3750//1 2080//1
f 3745//1 3747//1 3750//1
f 3747//1 3748//1 3750//1
f 3746//1 675//1 672//1
f 3746//1 3745//1 675//1
f 3745//1 2080//1 675//1
f 3743//1 2100//1 2099//1
f 3743//1 3742//1 2100//1
f 3742//1 669//1 2100//1
f 3739//1 3743//1 2099//1
f 3739//1 3740//1 3743//1
f 3740//1 3741//1 3743//1
f 3737//1 668//1 664//1
f 3737//1 3739//1 668//1
f 3739//1 2099//1 668//1
f 3738//1 2117//1 2116//1
f 3738//1 3737//1 2117//1
f 3737//1 664//1 2117//1
f 3733//1 3738//1 2116//1
f 3733//1 3735//1 3738//1
f 3735//1 3736//1 3738//1
f 3734//1 663//1 660//1
f 3734//1 3733//1 663//1
f 3733//1 2116//1 663//1
f 3731//1 2136//1 2135//1
f 3731//1 3730//1 2136//1
f 3730//1 657//1 2136//1
f 3727//1 3731//1 2135//1
f 3727//1 3728//1 3731//1
f 3728//1 3729//1 3731//1
f 3725//1 656//1 652//1
f 3725//1 3727//1 656//1
f 3727//1 2135//1 656//1
f 3726//1 2153//1 2152//1
f 3726//1 3725//1 2153//1
f 3725//1 652//1 2153//1
f 3721//1 3726//1 2152//1
f 3721//1 3723//1 3726//1
f 3723//1 3724//1 3726//1
f 3722//1 651//1 648//1
f 3722//1 3721//1 651//1
f 3721//1 2152//1 651//1
f 3719//1 2172//1 2171//1
f 3719//1 3718//1 2172//1
f 3718//1 645//1 2172//1
f 4106//1 3719//1 2171//1
f 4106//1 4107//1 3719//1
f 4107//1 3717//1 3719//1
f 3715//1 644//1 641//1
f 3715//1 3714//1 644//1
f 4106//1 2171//1 4108//1
f 3712//1 2189//1 2188//1
f 3712//1 3619//1 2189//1
f 3619//1 545//1 2189//1
f 3709//1 3712//1 2188//1
f 3709//1 3711//1 3712//1
f 3711//1 3617//1 3712//1
f 3710//1 639//1 636//1
f 3710//1 3709//1 639//1
f 3709//1 2188//1 639//1
f 3707//1 2208//1 2207//1
f 3707//1 3706//1 2208//1
f 3706//1 633//1 2208//1
f 3703//1 3707//1 2207//1
f 3703//1 3704//1 3707//1
f 3704//1 3705//1 3707//1
f 3701//1 632//1 628//1
f 3701//1 3703//1 632//1
f 3703//1 2207//1 632//1
f 3702//1 2225//1 2224//1
f 3702//1 3701//1 2225//1
f 3701//1 628//1 2225//1
f 3697//1 3702//1 2224//1
f 3697//1 3699//1 3702//1
f 3699//1 3700//1 3702//1
f 3698//1 627//1 624//1
f 3698//1 3697//1 627//1
f 3697//1 2224//1 627//1
f 3695//1 2244//1 2243//1
f 3695//1 3694//1 2244//1
f 3694//1 621//1 2244//1
f 3691//1 3695//1 2243//1
f 3691//1 3692//1 3695//1
f 3692//1 3693//1 3695//1
f 3689//1 620//1 616//1
f 3689//1 3691//1 620//1
f 3691//1 2243//1 620//1
f 3690//1 2261//1 2260//1
f 3690//1 3689//1 2261//1
f 3689//1 616//1 2261//1
f 3685//1 3690//1 2260//1
f 3685//1 3687//1 3690//1
f 3687//1 3688//1 3690//1
f 3686//1 615//1 612//1
f 3686//1 3685//1 615//1
f 3685//1 2260//1 615//1
f 3683//1 2280//1 2279//1
f 3683//1 3682//1 2280//1
f 3682//1 609//1 2280//1
f 3679//1 3683//1 2279//1
f 3679//1 3680//1 3683//1
f 3680//1 3681//1 3683//1
f 3677//1 608//1 604//1
f 3677//1 3679//1 608//1
f 3679//1 2279//1 608//1
f 3678//1 2297//1 2296//1
f 3678//1 3677//1 2297//1
f 3677//1 604//1 2297//1
f 3673//1 3678//1 2296//1
f 3673//1 3675//1 3678//1
f 3675//1 3676//1 3678//1
f 3674//1 603//1 600//1
f 3674//1 3673//1 603//1
f 3673//1 2296//1 603//1
f 3671//1 2316//1 2315//1
f 3671//1 3670//1 2316//1
f 3670//1 597//1 2316//1
f 3667//1 3671//1 2315//1
f 3667//1 3668//1 3671//1
f 3668//1 3669//1 3671//1
f 3665//1 596//1 592//1
f 3665//1 3667//1 596//1
f 3667//1 2315//1 596//1
f 3666//1 2333//1 2332//1
f 3666//1 3665//1 2333//1
f 3665//1 592//1 2333//1
f 3661//1 3666//1 2332//1
f 3661//1 3663//1 3666//1
f 3663//1 3664//1 3666//1
f 3662//1 591//1 588//1
f 3662//1 3661//1 591//1
f 3661//1 2332//1 591//1
f 3659//1 2352//1 2351//1
f 3659//1 3658//1 2352//1
f 3658//1 585//1 2352//1
f 3655//1 3659//1 2351//1
f 3655//1 3656//1 3659//1
f 3656//1 3657//1 3659//1
f 3653//1 584//1 580//1
f 3653//1 3655//1 584//1
f 3655//1 2351//1 584//1
f 3654//1 2369//1 2368//1
f 3654//1 3653//1 2369//1
f 3653//1 580//1 2369//1
f 3649//1 3654//1 2368//1
f 3649//1 3651//1 3654//1
f 3651//1 3652//1 3654//1
f 3650//1 579//1 576//1
f 3650//1 3649//1 579//1
f 3649//1 2368//1 579//1
f 3647//1 2388//1 2387//1
f 3647//1 3646//1 2388//1
f 3646//1 573//1 2388//1
f 3643//1 3647//1 2387//1
f 3643//1 3644//1 3647//1
f 3644//1 3645//1 3647//1
f 3641//1 572//1 568//1
f 3641//1 3643//1 572//1
f 3643//1 2387//1 572//1
f 3642//1 2405//1 2404//1
f 3642//1 3641//1 2405//1
f 3641//1 568//1 2405//1
f 3637//1 3642//1 2404//1
f 3637//1 3639//1 3642//1
f 3639//1 3640//1 3642//1
f 3638//1 567//1 564//1
f 3638//1 3637//1 567//1
f 3637//1 2404//1 567//1
f 3635//1 2424//1 2423//1
f 3635//1 3634//1 2424//1
f 3634//1 561//1 2424//1
f 3631//1 3635//1 2423//1
f 3631//1 3632//1 3635//1
f 3632//1 3633//1 3635//1
f 3629//1 560//1 556//1
f 3629//1 3631//1 560//1
f 3631//1 2423//1 560//1
f 3630//1 2441//1 2440//1
f 3630//1 3629//1 2441//1
f 3629//1 556//1 2441//1
f 3625//1 3630//1 2440//1
f 3625//1 3627//1 3630//1
f 3627//1 3628//1 3630//1
f 3626//1 555//1 552//1
f 3626//1 3625//1 555//1
f 3625//1 2440//1 555//1
f 3623//1 2460//1 2459//1
f 3623//1 3622//1 2460//1
f 3622//1 549//1 2460//1
f 4109//1 3623//1 2459//1
f 4109//1 4110//1 3623//1
f 4110//1 3621//1 3623//1
f 3619//1 548//1 545//1
f 3619//1 3618//1 548//1
f 4109//1 2459//1 4111//1
f 3616//1 2477//1 2476//1
f 3616//1 3523//1 2477//1
f 3523//1 449//1 2477//1
f 3613//1 3616//1 2476//1
f 3613//1 3615//1 3616//1
f 3615//1 3521//1 3616//1
f 3614//1 543//1 540//1
f 3614//1 3613//1 543//1
f 3613//1 2476//1 543//1
f 3611//1 2496//1 2495//1
f 3611//1 3610//1 2496//1
f 3610//1 537//1 2496//1
f 3607//1 3611//1 2495//1
f 3607//1 3608//1 3611//1
f 3608//1 3609//1 3611//1
f 3605//1 536//1 532//1
f 3605//1 3607//1 536//1
f 3607//1 2495//1 536//1
f 3606//1 2513//1 2512//1
f 3606//1 3605//1 2513//1
f 3605//1 532//1 2513//1
f 3601//1 3606//1 2512//1
f 3601//1 3603//1 3606//1
f 3603//1 3604//1 3606//1
f 3602//1 531//1 528//1
f 3602//1 3601//1 531//1
f 3601//1 2512//1 531//1
f 3599//1 2532//1 2531//1
f 3599//1 3598//1 2532//1
f 3598//1 525//1 2532//1
f 3595//1 3599//1 2531//1
f 3595//1 3596//1 3599//1
f 3596//1 3597//1 3599//1
f 3593//1 524//1 520//1
f 3593//1 3595//1 524//1
f 3595//1 2531//1 524//1
f 3594//1 2549//1 2548//1
f 3594//1 3593//1 2549//1
f 3593//1 520//1 2549//1
f 3589//1 3594//1 2548//1
f 3589//1 3591//1 3594//1
f 3591//1 3592//1 3594//1
f 3590//1 519//1 516//1
f 3590//1 3589//1 519//1
f 3589//1 2548//1 519//1
f 3587//1 2568//1 2567//1
f 3587//1 3586//1 2568//1
f 3586//1 513//1 2568//1
f 3583//1 3587//1 2567//1
f 3583//1 3584//1 3587//1
f 3584//1 3585//1 3587//1
f 3581//1 512//1 508//1
f 3581//1 3583//1 512//1
f 3583//1 2567//1 512//1
f 3582//1 2585//1 2584//1
f 3582//1 3581//1 2585//1
f 3581//1 508//1 2585//1
f 3577//1 3582//1 2584//1
f 3577//1 3579//1 3582//1
f 3579//1 3580//1 3582//1
f 3578//1 507//1 504//1
f 3578//1 3577//1 507//1
f 3577//1 2584//1 507//1
f 3575//1 2604//1 2603//1
f 3575//1 3574//1 2604//1
f 3574//1 501//1 2604//1
f 3571//1 3575//1 2603//1
f 3571//1 3572//1 3575//1
f 3572//1 3573//1 3575//1
f 3569//1 500//1 496//1
f 3569//1 3571//1 500//1
f 3571//1 2603//1 500//1
f 3570//1 2621//1 2620//1
f 3570//1 3569//1 2621//1
f 3569//1 496//1 2621//1
f 3565//1 3570//1 2620//1
f 3565//1 3567//1 3570//1
f 3567//1 3568//1 3570//1
f 3566//1 495//1 492//1
f 3566//1 3565//1 495//1
f 3565//1 2620//1 495//1
f 3563//1 2640//1 2639//1
f 3563//1 3562//1 2640//1
f 3562//1 489//1 2640//1
f 3559//1 3563//1 2639//1
f 3559//1 3560//1 3563//1
f 3560//1 3561//1 3563//1
f 3557//1 488//1 484//1
f 3557//1 3559//1 488//1
f 3559//1 2639//1 488//1
f 3558//1 2657//1 2656//1
f 3558//1 3557//1 2657//1
f 3557//1 484//1 2657//1
f 3553//1 3558//1 2656//1
f 3553//1 3555//1 3558//1
f 3555//1 3556//1 3558//1
f 3554//1 483//1 480//1
f 3554//1 3553//1 483//1
f 3553//1 2656//1 483//1
f 3551//1 2676//1 2675//1
f 3551//1 3550//1 2676//1
f 3550//1 477//1 2676//1
f 3547//1 3551//1 2675//1
f 3547//1 3548//1 3551//1
f 3548//1 3549//1 3551//1
f 3545//1 476//1 472//1
f 3545//1 3547//1 476//1
f 3547//1 2675//1 476//1
f 3546//1 2693//1 2692//1
f 3546//1 3545//1 2693//1
f 3545//1 472//1 2693//1
f 3541//1 3546//1 2692//1
f 3541//1 3543//1 3546//1
f 3543//1 3544//1 3546//1
f 3542//1 471//1 468//1
f 3542//1 3541//1 471//1
f 3541//1 2692//1 471//1
f 3539//1 2712//1 2711//1
f 3539//1 3538//1 2712//1
f 3538//1 465//1 2712//1
f 3535//1 3539//1 2711//1
f 3535//1 3536//1 3539//1
f 3536//1 3537//1 3539//1
f 3533//1 464//1 460//1
f 3533//1 3535//1 464//1
f 3535//1 2711//1 464//1
f 3534//1 2729//1 2728//1
f 3534//1 3533//1 2729//1
f 3533//1 460//1 2729//1
f 3529//1 3534//1 2728//1
f 3529//1 3531//1 3534//1
f 3531//1 3532//1 3534//1
f 3530//1 459//1 456//1
f 3530//1 3529//1 459//1
f 3529//1 2728//1 459//1
f 3527//1 2748//1 2747//1
f 3527//1 3526//1 2748//1
f 3526//1 453//1 2748//1
f 4112//1 3527//1 2747//1
f 4112//1 4113//1 3527//1
f 4113//1 3525//1 3527//1
f 3523//1 452//1 449//1
f 3523//1 3522//1 452//1
f 4112//1 2747//1 4114//1
f 3520//1 2765//1 2764//1
f 3520//1 3427//1 2765//1
f 3427//1 353//1 2765//1
f 3517//1 3520//1 2764//1
f 3517//1 3519//1 3520//1
f 3519//1 3425//1 3520//1
f 3518//1 447//1 444//1
f 3518//1 3517//1 447//1
f 3517//1 2764//1 447//1
f 3515//1 2784//1 2783//1
f 3515//1 3514//1 2784//1
f 3514//1 441//1 2784//1
f 3511//1 3515//1 2783//1
f 3511//1 3512//1 3515//1
f 3512//1 3513//1 3515//1
f 3509//1 440//1 436//1
f 3509//1 3511//1 440//1
f 3511//1 2783//1 440//1
f 3510//1 2801//1 2800//1
f 3510//1 3509//1 2801//1
f 3509//1 436//1 2801//1
f 3505//1 3510//1 2800//1
f 3505//1 3507//1 3510//1
f 3507//1 3508//1 3510//1
f 3506//1 435//1 432//1
f 3506//1 3505//1 435//1
f 3505//1 2800//1 435//1
f 3503//1 2820//1 2819//1
f 3503//1 3502//1 2820//1
f 3502//1 429//1 2820//1
f 3499//1 3503//1 2819//1
f 3499//1 3500//1 3503//1
f 3500//1 3501//1 3503//1
f 3497//1 428//1 424//1
f 3497//1 3499//1 428//1
f 3499//1 2819//1 428//1
f 3498//1 2837//1 2836//1
f 3498//1 3497//1 2837//1
f 3497//1 424//1 2837//1
f 3493//1 3498//1 2836//1
f 3493//1 3495//1 3498//1
f 3495//1 3496//1 3498//1
f 3494//1 423//1 420//1
f 3494//1 3493//1 423//1
f 3493//1 2836//1 423//1
f 3491//1 2856//1 2855//1
f 3491//1 3490//1 2856//1
f 3490//1 417//1 2856//1
f 3487//1 3491//1 2855//1
f 3487//1 3488//1 3491//1
f 3488//1 3489//1 3491//1
f 3485//1 416//1 412//1
f 3485//1 3487//1 416//1
f 3487//1 2855//1 416//1
f 3486//1 2873//1 2872//1
f 3486//1 3485//1 2873//1
f 3485//1 412//1 2873//1
f 3481//1 3486//1 2872//1
f 3481//1 3483//1 3486//1
f 3483//1 3484//1 3486//1
f 3482//1 411//1 408//1
f 3482//1 3481//1 411//1
f 3481//1 2872//1 411//1
f 3479//1 2892//1 2891//1
f 3479//1 3478//1 2892//1
f 3478//1 405//1 2892//1
f 3475//1 3479//1 2891//1
f 3475//1 3476//1 3479//1
f 3476//1 3477//1 3479//1
f 3473//1 404//1 400//1
f 3473//1 3475//1 404//1
f 3475//1 2891//1 404//1
f 3474//1 2909//1 2908//1
f 3474//1 3473//1 2909//1
f 3473//1 400//1 2909//1
f 3469//1 3474//1 2908//1
f 3469//1 3471//1 3474//1
f 3471//1 3472//1 3474//1
f 3470//1 399//1 396//1
f 3470//1 3469//1 399//1
f 3469//1 2908//1 399//1
f 3467//1 2928//1 2927//1
f 3467//1 3466//1 2928//1
f 3466//1 393//1 2928//1
f 3463//1 3467//1 2927//1
f 3463//1 3464//1 3467//1
f 3464//1 3465//1 3467//1
f 3461//1 392//1 388//1
f 3461//1 3463//1 392//1
f 3463//1 2927//1 392//1
f 3462//1 2945//1 2944//1
f 3462//1 3461//1 2945//1
f 3461//1 388//1 2945//1
f 3457//1 3462//1 2944//1
f 3457//1 3459//1 3462//1
f 3459//1 3460//1 3462//1
f 3458//1 387//1 384//1
f 3458//1 3457//1 387//1
f 3457//1 2944//1 387//1
f 3455//1 2964//1 2963//1
f 3455//1 3454//1 2964//1
f 3454//1 381//1 2964//1
f 3451//1 3455//1 2963//1
f 3451//1 3452//1 3455//1
f 3452//1 3453//1 3455//1
f 3449//1 380//1 376//1
f 3449//1 3451//1 380//1
f 3451//1 2963//1 380//1
f 3450//1 2981//1 2980//1
f 3450//1 3449//1 2981//1
f 3449//1 376//1 2981//1
f 3445//1 3450//1 2980//1
f 3445//1 3447//1 3450//1
f 3447//1 3448//1 3450//1
f 3446//1 375//1 372//1
f 3446//1 3445//1 375//1
f 3445//1 2980//1 375//1
f 3443//1 3000//1 2999//1
f 3443//1 3442//1 3000//1
f 3442//1 369//1 3000//1
f 3439//1 3443//1 2999//1
f 3439//1 3440//1 3443//1
f 3440//1 3441//1 3443//1
f 3437//1 368//1 364//1
f 3437//1 3439//1 368//1
f 3439//1 2999//1 368//1
f 3438//1 3017//1 3016//1
f 3438//1 3437//1 3017//1
f 3437//1 364//1 3017//1
f 3433//1 3438//1 3016//1
f 3433//1 3435//1 3438//1
f 3435//1 3436//1 3438//1
f 3434//1 363//1 360//1
f 3434//1 3433//1 363//1
f 3433//1 3016//1 363//1
f 3431//1 3036//1 3035//1
f 3431//1 3430//1 3036//1
f 3430//1 357//1 3036//1
f 4115//1 3431//1 3035//1
f 4115//1 4116//1 3431//1
f 4116//1 3429//1 3431//1
f 3427//1 356//1 353//1
f 3427//1 3426//1 356//1
f 4115//1 3035//1 4117//1
f 3424//1 3053//1 3052//1
f 3424//1 3331//1 3053//1
f 3331//1 257//1 3053//1
f 3421//1 3424//1 3052//1
f 3421//1 3423//1 3424//1
f 3423//1 3329//1 3424//1
f 3422//1 351//1 348//1
f 3422//1 3421//1 351//1
f 3421//1 3052//1 351//1
f 3419//1 3072//1 3071//1
f 3419//1 3418//1 3072//1
f 3418//1 345//1 3072//1
f 3415//1 3419//1 3071//1
f 3415//1 3416//1 3419//1
f 3416//1 3417//1 3419//1
f 3413//1 344//1 340//1
f 3413//1 3415//1 344//1
f 3415//1 3071//1 344//1
f 3414//1 3089//1 3088//1
f 3414//1 3413//1 3089//1
f 3413//1 340//1 3089//1
f 3409//1 3414//1 3088//1
f 3409//1 3411//1 3414//1
f 3411//1 3412//1 3414//1
f 3410//1 339//1 336//1
f 3410//1 3409//1 339//1
f 3409//1 3088//1 339//1
f 3407//1 3108//1 3107//1
f 3407//1 3406//1 3108//1
f 3406//1 333//1 3108//1
f 3403//1 3407//1 3107//1
f 3403//1 3404//1 3407//1
f 3404//1 3405//1 3407//1
f 3401//1 332//1 328//1
f 3401//1 3403//1 332//1
f 3403//1 3107//1 332//1
f 3402//1 3125//1 3124//1
f 3402//1 3401//1 3125//1
f 3401//1 328//1 3125//1
f 3397//1 3402//1 3124//1
f 3397//1 3399//1 3402//1
f 3399//1 3400//1 3402//1
f 3398//1 327//1 324//1
f 3398//1 3397//1 327//1
f 3397//1 3124//1 327//1
f 3395//1 3144//1 3143//1
f 3395//1 3394//1 3144//1
f 3394//1 321//1 3144//1
f 3391//1 3395//1 3143//1
f 3391//1 3392//1 3395//1
f 3392//1 3393//1 3395//1
f 3389//1 320//1 316//1
f 3389//1 3391//1 320//1
f 3391//1 3143//1 320//1
f 3390//1 3161//1 3160//1
f 3390//1 3389//1 3161//1
f 3389//1 316//1 3161//1
f 3385//1 3390//1 3160//1
f 3385//1 3387//1 3390//1
f 3387//1 3388//1 3390//1
f 3386//1 315//1 312//1
f 3386//1 3385//1 315//1
f 3385//1 3160//1 315//1
f 3383//1 3180//1 3179//1
f 3383//1 3382//1 3180//1
f 3382//1 309//1 3180//1
f 3379//1 3383//1 3179//1
f 3379//1 3380//1 3383//1
f 3380//1 3381//1 3383//1
f 3377//1 308//1 304//1
f 3377//1 3379//1 308//1
f 3379//1 3179//1 308//1
f 3378//1 3197//1 3196//1
f 3378//1 3377//1 3197//1
f 3377//1 304//1 3197//1
f 3373//1 3378//1 3196//1
f 3373//1 3375//1 3378//1
f 3375//1 3376//1 3378//1
f 3374//1 303//1 300//1
f 3374//1 3373//1 303//1
f 3373//1 3196//1 303//1
f 3371//1 3216//1 3215//1
f 3371//1 3370//1 3216//1
f 3370//1 297//1 3216//1
f 3367//1 3371//1 3215//1
f 3367//1 3368//1 3371//1
f 3368//1 3369//1 3371//1
f 3365//1 296//1 292//1
f 3365//1 3367//1 296//1
f 3367//1 3215//1 296//1
f 3366//1 3233//1 3232//1
f 3366//1 3365//1 3233//1
f 3365//1 292//1 3233//1
f 3361//1 3366//1 3232//1
f 3361//1 3363//1 3366//1
f 3363//1 3364//1 3366//1
f 3362//1 291//1 288//1
f 3362//1 3361//1 291//1
f 3361//1 3232//1 291//1
f 3359//1 3252//1 3251//1
f 3359//1 3358//1 3252//1
f 3358//1 285//1 3252//1
f 3355//1 3359//1 3251//1
f 3355//1 3356//1 3359//1
f 3356//1 3357//1 3359//1
f 3353//1 284//1 280//1
f 3353//1 3355//1 284//1
f 3355//1 3251//1 284//1
f 3354//1 3269//1 3268//1
f 3354//1 3353//1 3269//1
f 3353//1 280//1 3269//1
f 3349//1 3354//1 3268//1
f 3349//1 3351//1 3354//1
f 3351//1 3352//1 3354//1
f 3350//1 279//1 276//1
f 3350//1 3349//1 279//1
f 3349//1 3268//1 279//1
f 3347//1 3288//1 3287//1
f 3347//1 3346//1 3288//1
f 3346//1 273//1 3288//1
f 3343//1 3347//1 3287//1
f 3343//1 3344//1 3347//1
f 3344//1 3345//1 3347//1
f 3341//1 272//1 268//1
f 3341//1 3343//1 272//1
f 3343//1 3287//1 272//1
f 3342//1 3305//1 3304//1
f 3342//1 3341//1 3305//1
f 3341//1 268//1 3305//1
f 3337//1 3342//1 3304//1
f 3337//1 3339//1 3342//1
f 3339//1 3340//1 3342//1
f 3338//1 267//1 264//1
f 3338//1 3337//1 267//1
f 3337//1 3304//1 267//1
f 3335//1 3324//1 3323//1
f 3335//1 3334//1 3324//1
f 3334//1 261//1 3324//1
f 4118//1 3335//1 3323//1
f 4118//1 4119//1 3335//1
f 4119//1 3333//1 3335//1
f 3331//1 260//1 257//1
f 3331//1 3330//1 260//1
f 4118//1 3323//1 4120//1
f 3328//1 266//1 3307//1
f 3328//1 3321//1 266//1
f 3321//1 264//1 266//1
f 4121//1 3328//1 3307//1
f 4121//1 4122//1 3328//1
f 4122//1 3319//1 3328//1
f 3046//1 4123//1 4124//1
f 3046//1 3326//1 4123//1
f 4121//1 3307//1 3309//1
f 3325//1 263//1 3312//1
f 3325//1 3324//1 263//1
f 3324//1 261//1 263//1
f 3320//1 3325//1 3312//1
f 3320//1 3322//1 3325//1
f 3322//1 3323//1 3325//1
f 3321//1 3314//1 264//1
f 3321//1 3320//1 3314//1
f 3320//1 3312//1 3314//1
f 3318//1 255//1 3336//1
f 3318//1 3317//1 255//1
f 3317//1 252//1 255//1
f 3313//1 3318//1 3336//1
f 3313//1 3315//1 3318//1
f 3315//1 3316//1 3318//1
f 3314//1 3338//1 264//1
f 3314//1 3313//1 3338//1
f 3313//1 3336//1 3338//1
f 3311//1 4125//1 4126//1
f 3311//1 3302//1 4125//1
f 3302//1 4127//1 4125//1
f 3308//1 3311//1 4126//1
f 3308//1 3310//1 3311//1
f 3310//1 3300//1 3311//1
f 4123//1 4128//1 4124//1
f 3309//1 3308//1 4129//1
f 3308//1 4126//1 4129//1
f 3306//1 270//1 3295//1
f 3306//1 3305//1 270//1
f 3305//1 268//1 270//1
f 3301//1 3306//1 3295//1
f 3301//1 3303//1 3306//1
f 3303//1 3304//1 3306//1
f 3302//1 3297//1 4127//1
f 3302//1 3301//1 3297//1
f 3301//1 3295//1 3297//1
f 3299//1 4130//1 4131//1
f 3299//1 3292//1 4130//1
f 3292//1 4132//1 4130//1
f 3296//1 3299//1 4131//1
f 3296//1 3298//1 3299//1
f 3298//1 3290//1 3299//1
f 3297//1 4133//1 4127//1
f 3297//1 3296//1 4133//1
f 3296//1 4131//1 4133//1
f 3294//1 278//1 3271//1
f 3294//1 3285//1 278//1
f 3285//1 276//1 278//1
f 3291//1 3294//1 3271//1
f 3291//1 3293//1 3294//1
f 3293//1 3283//1 3294//1
f 3292//1 3273//1 4132//1
f 3292//1 3291//1 3273//1
f 3291//1 3271//1 3273//1
f 3289//1 275//1 3276//1
f 3289//1 3288//1 275//1
f 3288//1 273//1 275//1
f 3284//1 3289//1 3276//1
f 3284//1 3286//1 3289//1
f 3286//1 3287//1 3289//1
f 3285//1 3278//1 276//1
f 3285//1 3284//1 3278//1
f 3284//1 3276//1 3278//1
f 3282//1 251//1 3348//1
f 3282//1 3281//1 251//1
f 3281//1 248//1 251//1
f 3277//1 3282//1 3348//1
f 3277//1 3279//1 3282//1
f 3279//1 3280//1 3282//1
f 3278//1 3350//1 276//1
f 3278//1 3277//1 3350//1
f 3277//1 3348//1 3350//1
f 3275//1 4134//1 4135//1
f 3275//1 3266//1 4134//1
f 3266//1 4136//1 4134//1
f 3272//1 3275//1 4135//1
f 3272//1 3274//1 3275//1
f 3274//1 3264//1 3275//1
f 3273//1 4137//1 4132//1
f 3273//1 3272//1 4137//1
f 3272//1 4135//1 4137//1
f 3270//1 282//1 3259//1
f 3270//1 3269//1 282//1
f 3269//1 280//1 282//1
f 3265//1 3270//1 3259//1
f 3265//1 3267//1 3270//1
f 3267//1 3268//1 3270//1
f 3266//1 3261//1 4136//1
f 3266//1 3265//1 3261//1
f 3265//1 3259//1 3261//1
f 3263//1 4138//1 4139//1
f 3263//1 3256//1 4138//1
f 3256//1 4140//1 4138//1
f 3260//1 3263//1 4139//1
f 3260//1 3262//1 3263//1
f 3262//1 3254//1 3263//1
f 3261//1 4141//1 4136//1
f 3261//1 3260//1 4141//1
f 3260//1 4139//1 4141//1
f 3258//1 290//1 3235//1
f 3258//1 3249//1 290//1
f 3249//1 288//1 290//1
f 3255//1 3258//1 3235//1
f 3255//1 3257//1 3258//1
f 3257//1 3247//1 3258//1
f 3256//1 3237//1 4140//1
f 3256//1 3255//1 3237//1
f 3255//1 3235//1 3237//1
f 3253//1 287//1 3240//1
f 3253//1 3252//1 287//1
f 3252//1 285//1 287//1
f 3248//1 3253//1 3240//1
f 3248//1 3250//1 3253//1
f 3250//1 3251//1 3253//1
f 3249//1 3242//1 288//1
f 3249//1 3248//1 3242//1
f 3248//1 3240//1 3242//1
f 3246//1 247//1 3360//1
f 3246//1 3245//1 247//1
f 3245//1 244//1 247//1
f 3241//1 3246//1 3360//1
f 3241//1 3243//1 3246//1
f 3243//1 3244//1 3246//1
f 3242//1 3362//1 288//1
f 3242//1 3241//1 3362//1
f 3241//1 3360//1 3362//1
f 3239//1 4142//1 4143//1
f 3239//1 3230//1 4142//1
f 3230//1 4144//1 4142//1
f 3236//1 3239//1 4143//1
f 3236//1 3238//1 3239//1
f 3238//1 3228//1 3239//1
f 3237//1 4145//1 4140//1
f 3237//1 3236//1 4145//1
f 3236//1 4143//1 4145//1
f 3234//1 294//1 3223//1
f 3234//1 3233//1 294//1
f 3233//1 292//1 294//1
f 3229//1 3234//1 3223//1
f 3229//1 3231//1 3234//1
f 3231//1 3232//1 3234//1
f 3230//1 3225//1 4144//1
f 3230//1 3229//1 3225//1
f 3229//1 3223//1 3225//1
f 3227//1 4146//1 4147//1
f 3227//1 3220//1 4146//1
f 3220//1 4148//1 4146//1
f 3224//1 3227//1 4147//1
f 3224//1 3226//1 3227//1
f 3226//1 3218//1 3227//1
f 3225//1 4149//1 4144//1
f 3225//1 3224//1 4149//1
f 3224//1 4147//1 4149//1
f 3222//1 302//1 3199//1
f 3222//1 3213//1 302//1
f 3213//1 300//1 302//1
f 3219//1 3222//1 3199//1
f 3219//1 3221//1 3222//1
f 3221//1 3211//1 3222//1
f 3220//1 3201//1 4148//1
f 3220//1 3219//1 3201//1
f 3219//1 3199//1 3201//1
f 3217//1 299//1 3204//1
f 3217//1 3216//1 299//1
f 3216//1 297//1 299//1
f 3212//1 3217//1 3204//1
f 3212//1 3214//1 3217//1
f 3214//1 3215//1 3217//1
f 3213//1 3206//1 300//1
f 3213//1 3212//1 3206//1
f 3212//1 3204//1 3206//1
f 3210//1 243//1 3372//1
f 3210//1 3209//1 243//1
f 3209//1 240//1 243//1
f 3205//1 3210//1 3372//1
f 3205//1 3207//1 3210//1
f 3207//1 3208//1 3210//1
f 3206//1 3374//1 300//1
f 3206//1 3205//1 3374//1
f 3205//1 3372//1 3374//1
f 3203//1 4150//1 4151//1
f 3203//1 3194//1 4150//1
f 3194//1 4152//1 4150//1
f 3200//1 3203//1 4151//1
f 3200//1 3202//1 3203//1
f 3202//1 3192//1 3203//1
f 3201//1 4153//1 4148//1
f 3201//1 3200//1 4153//1
f 3200//1 4151//1 4153//1
f 3198//1 306//1 3187//1
f 3198//1 3197//1 306//1
f 3197//1 304//1 306//1
f 3193//1 3198//1 3187//1
f 3193//1 3195//1 3198//1
f 3195//1 3196//1 3198//1
f 3194//1 3189//1 4152//1
f 3194//1 3193//1 3189//1
f 3193//1 3187//1 3189//1
f 3191//1 4154//1 4155//1
f 3191//1 3184//1 4154//1
f 3184//1 4156//1 4154//1
f 3188//1 3191//1 4155//1
f 3188//1 3190//1 3191//1
f 3190//1 3182//1 3191//1
f 3189//1 4157//1 4152//1
f 3189//1 3188//1 4157//1
f 3188//1 4155//1 4157//1
f 3186//1 314//1 3163//1
f 3186//1 3177//1 314//1
f 3177//1 312//1 314//1
f 3183//1 3186//1 3163//1
f 3183//1 3185//1 3186//1
f 3185//1 3175//1 3186//1
f 3184//1 3165//1 4156//1
f 3184//1 3183//1 3165//1
f 3183//1 3163//1 3165//1
f 3181//1 311//1 3168//1
f 3181//1 3180//1 311//1
f 3180//1 309//1 311//1
f 3176//1 3181//1 3168//1
f 3176//1 3178//1 3181//1
f 3178//1 3179//1 3181//1
f 3177//1 3170//1 312//1
f 3177//1 3176//1 3170//1
f 3176//1 3168//1 3170//1
f 3174//1 239//1 3384//1
f 3174//1 3173//1 239//1
f 3173//1 236//1 239//1
f 3169//1 3174//1 3384//1
f 3169//1 3171//1 3174//1
f 3171//1 3172//1 3174//1
f 3170//1 3386//1 312//1
f 3170//1 3169//1 3386//1
f 3169//1 3384//1 3386//1
f 3167//1 4158//1 4159//1
f 3167//1 3158//1 4158//1
f 3158//1 4160//1 4158//1
f 3164//1 3167//1 4159//1
f 3164//1 3166//1 3167//1
f 3166//1 3156//1 3167//1
f 3165//1 4161//1 4156//1
f 3165//1 3164//1 4161//1
f 3164//1 4159//1 4161//1
f 3162//1 318//1 3151//1
f 3162//1 3161//1 318//1
f 3161//1 316//1 318//1
f 3157//1 3162//1 3151//1
f 3157//1 3159//1 3162//1
f 3159//1 3160//1 3162//1
f 3158//1 3153//1 4160//1
f 3158//1 3157//1 3153//1
f 3157//1 3151//1 3153//1
f 3155//1 4162//1 4163//1
f 3155//1 3148//1 4162//1
f 3148//1 4164//1 4162//1
f 3152//1 3155//1 4163//1
f 3152//1 3154//1 3155//1
f 3154//1 3146//1 3155//1
f 3153//1 4165//1 4160//1
f 3153//1 3152//1 4165//1
f 3152//1 4163//1 4165//1
f 3150//1 326//1 3127//1
f 3150//1 3141//1 326//1
f 3141//1 324//1 326//1
f 3147//1 3150//1 3127//1
f 3147//1 3149//1 3150//1
f 3149//1 3139//1 3150//1
f 3148//1 3129//1 4164//1
f 3148//1 3147//1 3129//1
f 3147//1 3127//1 3129//1
f 3145//1 323//1 3132//1
f 3145//1 3144//1 323//1
f 3144//1 321//1 323//1
f 3140//1 3145//1 3132//1
f 3140//1 3142//1 3145//1
f 3142//1 3143//1 3145//1
f 3141//1 3134//1 324//1
f 3141//1 3140//1 3134//1
f 3140//1 3132//1 3134//1
f 3138//1 235//1 3396//1
f 3138//1 3137//1 235//1
f 3137//1 232//1 235//1
f 3133//1 3138//1 3396//1
f 3133//1 3135//1 3138//1
f 3135//1 3136//1 3138//1
f 3134//1 3398//1 324//1
f 3134//1 3133//1 3398//1
f 3133//1 3396//1 3398//1
f 3131//1 4166//1 4167//1
f 3131//1 3122//1 4166//1
f 3122//1 4168//1 4166//1
f 3128//1 3131//1 4167//1
f 3128//1 3130//1 3131//1
f 3130//1 3120//1 3131//1
f 3129//1 4169//1 4164//1
f 3129//1 3128//1 4169//1
f 3128//1 4167//1 4169//1
f 3126//1 330//1 3115//1
f 3126//1 3125//1 330//1
f 3125//1 328//1 330//1
f 3121//1 3126//1 3115//1
f 3121//1 3123//1 3126//1
f 3123//1 3124//1 3126//1
f 3122//1 3117//1 4168//1
f 3122//1 3121//1 3117//1
f 3121//1 3115//1 3117//1
f 3119//1 4170//1 4171//1
f 3119//1 3112//1 4170//1
f 3112//1 4172//1 4170//1
f 3116//1 3119//1 4171//1
f 3116//1 3118//1 3119//1
f 3118//1 3110//1 3119//1
f 3117//1 4173//1 4168//1
f 3117//1 3116//1 4173//1
f 3116//1 4171//1 4173//1
f 3114//1 338//1 3091//1
f 3114//1 3105//1 338//1
f 3105//1 336//1 338//1
f 3111//1 3114//1 3091//1
f 3111//1 3113//1 3114//1
f 3113//1 3103//1 3114//1
f 3112//1 3093//1 4172//1
f 3112//1 3111//1 3093//1
f 3111//1 3091//1 3093//1
f 3109//1 335//1 3096//1
f 3109//1 3108//1 335//1
f 3108//1 333//1 335//1
f 3104//1 3109//1 3096//1
f 3104//1 3106//1 3109//1
f 3106//1 3107//1 3109//1
f 3105//1 3098//1 336//1
f 3105//1 3104//1 3098//1
f 3104//1 3096//1 3098//1
f 3102//1 231//1 3408//1
f 3102//1 3101//1 231//1
f 3101//1 228//1 231//1
f 3097//1 3102//1 3408//1
f 3097//1 3099//1 3102//1
f 3099//1 3100//1 3102//1
f 3098//1 3410//1 336//1
f 3098//1 3097//1 3410//1
f 3097//1 3408//1 3410//1
f 3095//1 4174//1 4175//1
f 3095//1 3086//1 4174//1
f 3086//1 4176//1 4174//1
f 3092//1 3095//1 4175//1
f 3092//1 3094//1 3095//1
f 3094//1 3084//1 3095//1
f 3093//1 4177//1 4172//1
f 3093//1 3092//1 4177//1
f 3092//1 4175//1 4177//1
f 3090//1 342//1 3079//1
f 3090//1 3089//1 342//1
f 3089//1 340//1 342//1
f 3085//1 3090//1 3079//1
f 3085//1 3087//1 3090//1
f 3087//1 3088//1 3090//1
f 3086//1 3081//1 4176//1
f 3086//1 3085//1 3081//1
f 3085//1 3079//1 3081//1
f 3083//1 4178//1 4179//1
f 3083//1 3076//1 4178//1
f 3076//1 4180//1 4178//1
f 3080//1 3083//1 4179//1
f 3080//1 3082//1 3083//1
f 3082//1 3074//1 3083//1
f 3081//1 4181//1 4176//1
f 3081//1 3080//1 4181//1
f 3080//1 4179//1 4181//1
f 3078//1 350//1 3055//1
f 3078//1 3069//1 350//1
f 3069//1 348//1 350//1
f 3075//1 3078//1 3055//1
f 3075//1 3077//1 3078//1
f 3077//1 3067//1 3078//1
f 3076//1 3057//1 4180//1
f 3076//1 3075//1 3057//1
f 3075//1 3055//1 3057//1
f 3073//1 347//1 3060//1
f 3073//1 3072//1 347//1
f 3072//1 345//1 347//1
f 3068//1 3073//1 3060//1
f 3068//1 3070//1 3073//1
f 3070//1 3071//1 3073//1
f 3069//1 3062//1 348//1
f 3069//1 3068//1 3062//1
f 3068//1 3060//1 3062//1
f 3066//1 227//1 3420//1
f 3066//1 3065//1 227//1
f 3065//1 225//1 227//1
f 3061//1 3066//1 3420//1
f 3061//1 3063//1 3066//1
f 3063//1 3064//1 3066//1
f 3062//1 3422//1 348//1
f 3062//1 3061//1 3422//1
f 3061//1 3420//1 3422//1
f 3059//1 4182//1 4183//1
f 3059//1 3050//1 4182//1
f 3050//1 4184//1 4182//1
f 3056//1 3059//1 4183//1
f 3056//1 3058//1 3059//1
f 3058//1 3048//1 3059//1
f 3057//1 4185//1 4180//1
f 3057//1 3056//1 4185//1
f 3056//1 4183//1 4185//1
f 3054//1 352//1 3041//1
f 3054//1 3053//1 352//1
f 3053//1 257//1 352//1
f 3049//1 3054//1 3041//1
f 3049//1 3051//1 3054//1
f 3051//1 3052//1 3054//1
f 3050//1 3043//1 4184//1
f 3050//1 3049//1 3043//1
f 3049//1 3041//1 3043//1
f 3047//1 4186//1 4187//1
f 3047//1 3046//1 4186//1
f 3046//1 4124//1 4186//1
f 3042//1 3047//1 4187//1
f 3042//1 3044//1 3047//1
f 3044//1 3045//1 3047//1
f 3043//1 4188//1 4184//1
f 3043//1 3042//1 4188//1
f 3042//1 4187//1 4188//1
f 3040//1 362//1 3019//1
f 3040//1 3033//1 362//1
f 3033//1 360//1 362//1
f 4189//1 3040//1 3019//1
f 4189//1 4190//1 3040//1
f 4190//1 3031//1 3040//1
f 2758//1 4191//1 225//1
f 2758//1 3038//1 4191//1
f 4189//1 3019//1 3021//1
f 3037//1 359//1 3024//1
f 3037//1 3036//1 359//1
f 3036//1 357//1 359//1
f 3032//1 3037//1 3024//1
f 3032//1 3034//1 3037//1
f 3034//1 3035//1 3037//1
f 3033//1 3026//1 360//1
f 3033//1 3032//1 3026//1
f 3032//1 3024//1 3026//1
f 3030//1 223//1 3432//1
f 3030//1 3029//1 223//1
f 3029//1 220//1 223//1
f 3025//1 3030//1 3432//1
f 3025//1 3027//1 3030//1
f 3027//1 3028//1 3030//1
f 3026//1 3434//1 360//1
f 3026//1 3025//1 3434//1
f 3025//1 3432//1 3434//1
f 3023//1 3334//1 3333//1
f 3023//1 3014//1 3334//1
f 3014//1 261//1 3334//1
f 3020//1 3023//1 3333//1
f 3020//1 3022//1 3023//1
f 3022//1 3012//1 3023//1
f 4191//1 256//1 225//1
f 3021//1 3020//1 4192//1
f 3020//1 3333//1 4192//1
f 3018//1 366//1 3007//1
f 3018//1 3017//1 366//1
f 3017//1 364//1 366//1
f 3013//1 3018//1 3007//1
f 3013//1 3015//1 3018//1
f 3015//1 3016//1 3018//1
f 3014//1 3009//1 261//1
f 3014//1 3013//1 3009//1
f 3013//1 3007//1 3009//1
f 3011//1 3317//1 3316//1
f 3011//1 3004//1 3317//1
f 3004//1 252//1 3317//1
f 3008//1 3011//1 3316//1
f 3008//1 3010//1 3011//1
f 3010//1 3002//1 3011//1
f 3009//1 262//1 261//1
f 3009//1 3008//1 262//1
f 3008//1 3316//1 262//1
f 3006//1 374//1 2983//1
f 3006//1 2997//1 374//1
f 2997//1 372//1 374//1
f 3003//1 3006//1 2983//1
f 3003//1 3005//1 3006//1
f 3005//1 2995//1 3006//1
f 3004//1 2985//1 252//1
f 3004//1 3003//1 2985//1
f 3003//1 2983//1 2985//1
f 3001//1 371//1 2988//1
f 3001//1 3000//1 371//1
f 3000//1 369//1 371//1
f 2996//1 3001//1 2988//1
f 2996//1 2998//1 3001//1
f 2998//1 2999//1 3001//1
f 2997//1 2990//1 372//1
f 2997//1 2996//1 2990//1
f 2996//1 2988//1 2990//1
f 2994//1 219//1 3444//1
f 2994//1 2993//1 219//1
f 2993//1 216//1 219//1
f 2989//1 2994//1 3444//1
f 2989//1 2991//1 2994//1
f 2991//1 2992//1 2994//1
f 2990//1 3446//1 372//1
f 2990//1 2989//1 3446//1
f 2989//1 3444//1 3446//1
f 2987//1 3346//1 3345//1
f 2987//1 2978//1 3346//1
f 2978//1 273//1 3346//1
f 2984//1 2987//1 3345//1
f 2984//1 2986//1 2987//1
f 2986//1 2976//1 2987//1
f 2985//1 253//1 252//1
f 2985//1 2984//1 253//1
f 2984//1 3345//1 253//1
f 2982//1 378//1 2971//1
f 2982//1 2981//1 378//1
f 2981//1 376//1 378//1
f 2977//1 2982//1 2971//1
f 2977//1 2979//1 2982//1
f 2979//1 2980//1 2982//1
f 2978//1 2973//1 273//1
f 2978//1 2977//1 2973//1
f 2977//1 2971//1 2973//1
f 2975//1 3281//1 3280//1
f 2975//1 2968//1 3281//1
f 2968//1 248//1 3281//1
f 2972//1 2975//1 3280//1
f 2972//1 2974//1 2975//1
f 2974//1 2966//1 2975//1
f 2973//1 274//1 273//1
f 2973//1 2972//1 274//1
f 2972//1 3280//1 274//1
f 2970//1 386//1 2947//1
f 2970//1 2961//1 386//1
f 2961//1 384//1 386//1
f 2967//1 2970//1 2947//1
f 2967//1 2969//1 2970//1
f 2969//1 2959//1 2970//1
f 2968//1 2949//1 248//1
f 2968//1 2967//1 2949//1
f 2967//1 2947//1 2949//1
f 2965//1 383//1 2952//1
f 2965//1 2964//1 383//1
f 2964//1 381//1 383//1
f 2960//1 2965//1 2952//1
f 2960//1 2962//1 2965//1
f 2962//1 2963//1 2965//1
f 2961//1 2954//1 384//1
f 2961//1 2960//1 2954//1
f 2960//1 2952//1 2954//1
f 2958//1 215//1 3456//1
f 2958//1 2957//1 215//1
f 2957//1 212//1 215//1
f 2953//1 2958//1 3456//1
f 2953//1 2955//1 2958//1
f 2955//1 2956//1 2958//1
f 2954//1 3458//1 384//1
f 2954//1 2953//1 3458//1
f 2953//1 3456//1 3458//1
f 2951//1 3358//1 3357//1
f 2951//1 2942//1 3358//1
f 2942//1 285//1 3358//1
f 2948//1 2951//1 3357//1
f 2948//1 2950//1 2951//1
f 2950//1 2940//1 2951//1
f 2949//1 249//1 248//1
f 2949//1 2948//1 249//1
f 2948//1 3357//1 249//1
f 2946//1 390//1 2935//1
f 2946//1 2945//1 390//1
f 2945//1 388//1 390//1
f 2941//1 2946//1 2935//1
f 2941//1 2943//1 2946//1
f 2943//1 2944//1 2946//1
f 2942//1 2937//1 285//1
f 2942//1 2941//1 2937//1
f 2941//1 2935//1 2937//1
f 2939//1 3245//1 3244//1
f 2939//1 2932//1 3245//1
f 2932//1 244//1 3245//1
f 2936//1 2939//1 3244//1
f 2936//1 2938//1 2939//1
f 2938//1 2930//1 2939//1
f 2937//1 286//1 285//1
f 2937//1 2936//1 286//1
f 2936//1 3244//1 286//1
f 2934//1 398//1 2911//1
f 2934//1 2925//1 398//1
f 2925//1 396//1 398//1
f 2931//1 2934//1 2911//1
f 2931//1 2933//1 2934//1
f 2933//1 2923//1 2934//1
f 2932//1 2913//1 244//1
f 2932//1 2931//1 2913//1
f 2931//1 2911//1 2913//1
f 2929//1 395//1 2916//1
f 2929//1 2928//1 395//1
f 2928//1 393//1 395//1
f 2924//1 2929//1 2916//1
f 2924//1 2926//1 2929//1
f 2926//1 2927//1 2929//1
f 2925//1 2918//1 396//1
f 2925//1 2924//1 2918//1
f 2924//1 2916//1 2918//1
f 2922//1 211//1 3468//1
f 2922//1 2921//1 211//1
f 2921//1 208//1 211//1
f 2917//1 2922//1 3468//1
f 2917//1 2919//1 2922//1
f 2919//1 2920//1 2922//1
f 2918//1 3470//1 396//1
f 2918//1 2917//1 3470//1
f 2917//1 3468//1 3470//1
f 2915//1 3370//1 3369//1
f 2915//1 2906//1 3370//1
f 2906//1 297//1 3370//1
f 2912//1 2915//1 3369//1
f 2912//1 2914//1 2915//1
f 2914//1 2904//1 2915//1
f 2913//1 245//1 244//1
f 2913//1 2912//1 245//1
f 2912//1 3369//1 245//1
f 2910//1 402//1 2899//1
f 2910//1 2909//1 402//1
f 2909//1 400//1 402//1
f 2905//1 2910//1 2899//1
f 2905//1 2907//1 2910//1
f 2907//1 2908//1 2910//1
f 2906//1 2901//1 297//1
f 2906//1 2905//1 2901//1
f 2905//1 2899//1 2901//1
f 2903//1 3209//1 3208//1
f 2903//1 2896//1 3209//1
f 2896//1 240//1 3209//1
f 2900//1 2903//1 3208//1
f 2900//1 2902//1 2903//1
f 2902//1 2894//1 2903//1
f 2901//1 298//1 297//1
f 2901//1 2900//1 298//1
f 2900//1 3208//1 298//1
f 2898//1 410//1 2875//1
f 2898//1 2889//1 410//1
f 2889//1 408//1 410//1
f 2895//1 2898//1 2875//1
f 2895//1 2897//1 2898//1
f 2897//1 2887//1 2898//1
f 2896//1 2877//1 240//1
f 2896//1 2895//1 2877//1
f 2895//1 2875//1 2877//1
f 2893//1 407//1 2880//1
f 2893//1 2892//1 407//1
f 2892//1 405//1 407//1
f 2888//1 2893//1 2880//1
f 2888//1 2890//1 2893//1
f 2890//1 2891//1 2893//1
f 2889//1 2882//1 408//1
f 2889//1 2888//1 2882//1
f 2888//1 2880//1 2882//1
f 2886//1 207//1 3480//1
f 2886//1 2885//1 207//1
f 2885//1 204//1 207//1
f 2881//1 2886//1 3480//1
f 2881//1 2883//1 2886//1
f 2883//1 2884//1 2886//1
f 2882//1 3482//1 408//1
f 2882//1 2881//1 3482//1
f 2881//1 3480//1 3482//1
f 2879//1 3382//1 3381//1
f 2879//1 2870//1 3382//1
f 2870//1 309//1 3382//1
f 2876//1 2879//1 3381//1
f 2876//1 2878//1 2879//1
f 2878//1 2868//1 2879//1
f 2877//1 241//1 240//1
f 2877//1 2876//1 241//1
f 2876//1 3381//1 241//1
f 2874//1 414//1 2863//1
f 2874//1 2873//1 414//1
f 2873//1 412//1 414//1
f 2869//1 2874//1 2863//1
f 2869//1 2871//1 2874//1
f 2871//1 2872//1 2874//1
f 2870//1 2865//1 309//1
f 2870//1 2869//1 2865//1
f 2869//1 2863//1 2865//1
f 2867//1 3173//1 3172//1
f 2867//1 2860//1 3173//1
f 2860//1 236//1 3173//1
f 2864//1 2867//1 3172//1
f 2864//1 2866//1 2867//1
f 2866//1 2858//1 2867//1
f 2865//1 310//1 309//1
f 2865//1 2864//1 310//1
f 2864//1 3172//1 310//1
f 2862//1 422//1 2839//1
f 2862//1 2853//1 422//1
f 2853//1 420//1 422//1
f 2859//1 2862//1 2839//1
f 2859//1 2861//1 2862//1
f 2861//1 2851//1 2862//1
f 2860//1 2841//1 236//1
f 2860//1 2859//1 2841//1
f 2859//1 2839//1 2841//1
f 2857//1 419//1 2844//1
f 2857//1 2856//1 419//1
f 2856//1 417//1 419//1
f 2852//1 2857//1 2844//1
f 2852//1 2854//1 2857//1
f 2854//1 2855//1 2857//1
f 2853//1 2846//1 420//1
f 2853//1 2852//1 2846//1
f 2852//1 2844//1 2846//1
f 2850//1 203//1 3492//1
f 2850//1 2849//1 203//1
f 2849//1 200//1 203//1
f 2845//1 2850//1 3492//1
f 2845//1 2847//1 2850//1
f 2847//1 2848//1 2850//1
f 2846//1 3494//1 420//1
f 2846//1 2845//1 3494//1
f 2845//1 3492//1 3494//1
f 2843//1 3394//1 3393//1
f 2843//1 2834//1 3394//1
f 2834//1 321//1 3394//1
f 2840//1 2843//1 3393//1
f 2840//1 2842//1 2843//1
f 2842//1 2832//1 2843//1
f 2841//1 237//1 236//1
f 2841//1 2840//1 237//1
f 2840//1 3393//1 237//1
f 2838//1 426//1 2827//1
f 2838//1 2837//1 426//1
f 2837//1 424//1 426//1
f 2833//1 2838//1 2827//1
f 2833//1 2835//1 2838//1
f 2835//1 2836//1 2838//1
f 2834//1 2829//1 321//1
f 2834//1 2833//1 2829//1
f 2833//1 2827//1 2829//1
f 2831//1 3137//1 3136//1
f 2831//1 2824//1 3137//1
f 2824//1 232//1 3137//1
f 2828//1 2831//1 3136//1
f 2828//1 2830//1 2831//1
f 2830//1 2822//1 2831//1
f 2829//1 322//1 321//1
f 2829//1 2828//1 322//1
f 2828//1 3136//1 322//1
f 2826//1 434//1 2803//1
f 2826//1 2817//1 434//1
f 2817//1 432//1 434//1
f 2823//1 2826//1 2803//1
f 2823//1 2825//1 2826//1
f 2825//1 2815//1 2826//1
f 2824//1 2805//1 232//1
f 2824//1 2823//1 2805//1
f 2823//1 2803//1 2805//1
f 2821//1 431//1 2808//1
f 2821//1 2820//1 431//1
f 2820//1 429//1 431//1
f 2816//1 2821//1 2808//1
f 2816//1 2818//1 2821//1
f 2818//1 2819//1 2821//1
f 2817//1 2810//1 432//1
f 2817//1 2816//1 2810//1
f 2816//1 2808//1 2810//1
f 2814//1 199//1 3504//1
f 2814//1 2813//1 199//1
f 2813//1 196//1 199//1
f 2809//1 2814//1 3504//1
f 2809//1 2811//1 2814//1
f 2811//1 2812//1 2814//1
f 2810//1 3506//1 432//1
f 2810//1 2809//1 3506//1
f 2809//1 3504//1 3506//1
f 2807//1 3406//1 3405//1
f 2807//1 2798//1 3406//1
f 2798//1 333//1 3406//1
f 2804//1 2807//1 3405//1
f 2804//1 2806//1 2807//1
f 2806//1 2796//1 2807//1
f 2805//1 233//1 232//1
f 2805//1 2804//1 233//1
f 2804//1 3405//1 233//1
f 2802//1 438//1 2791//1
f 2802//1 2801//1 438//1
f 2801//1 436//1 438//1
f 2797//1 2802//1 2791//1
f 2797//1 2799//1 2802//1
f 2799//1 2800//1 2802//1
f 2798//1 2793//1 333//1
f 2798//1 2797//1 2793//1
f 2797//1 2791//1 2793//1
f 2795//1 3101//1 3100//1
f 2795//1 2788//1 3101//1
f 2788//1 228//1 3101//1
f 2792//1 2795//1 3100//1
f 2792//1 2794//1 2795//1
f 2794//1 2786//1 2795//1
f 2793//1 334//1 333//1
f 2793//1 2792//1 334//1
f 2792//1 3100//1 334//1
f 2790//1 446//1 2767//1
f 2790//1 2781//1 446//1
f 2781//1 444//1 446//1
f 2787//1 2790//1 2767//1
f 2787//1 2789//1 2790//1
f 2789//1 2779//1 2790//1
f 2788//1 2769//1 228//1
f 2788//1 2787//1 2769//1
f 2787//1 2767//1 2769//1
f 2785//1 443//1 2772//1
f 2785//1 2784//1 443//1
f 2784//1 441//1 443//1
f 2780//1 2785//1 2772//1
f 2780//1 2782//1 2785//1
f 2782//1 2783//1 2785//1
f 2781//1 2774//1 444//1
f 2781//1 2780//1 2774//1
f 2780//1 2772//1 2774//1
f 2778//1 195//1 3516//1
f 2778//1 2777//1 195//1
f 2777//1 193//1 195//1
f 2773//1 2778//1 3516//1
f 2773//1 2775//1 2778//1
f 2775//1 2776//1 2778//1
f 2774//1 3518//1 444//1
f 2774//1 2773//1 3518//1
f 2773//1 3516//1 3518//1
f 2771//1 3418//1 3417//1
f 2771//1 2762//1 3418//1
f 2762//1 345//1 3418//1
f 2768//1 2771//1 3417//1
f 2768//1 2770//1 2771//1
f 2770//1 2760//1 2771//1
f 2769//1 229//1 228//1
f 2769//1 2768//1 229//1
f 2768//1 3417//1 229//1
f 2766//1 448//1 2753//1
f 2766//1 2765//1 448//1
f 2765//1 353//1 448//1
f 2761//1 2766//1 2753//1
f 2761//1 2763//1 2766//1
f 2763//1 2764//1 2766//1
f 2762//1 2755//1 345//1
f 2762//1 2761//1 2755//1
f 2761//1 2753//1 2755//1
f 2759//1 3065//1 3064//1
f 2759//1 2758//1 3065//1
f 2758//1 225//1 3065//1
f 2754//1 2759//1 3064//1
f 2754//1 2756//1 2759//1
f 2756//1 2757//1 2759//1
f 2755//1 346//1 345//1
f 2755//1 2754//1 346//1
f 2754//1 3064//1 346//1
f 2752//1 458//1 2731//1
f 2752//1 2745//1 458//1
f 2745//1 456//1 458//1
f 4193//1 2752//1 2731//1
f 4193//1 4194//1 2752//1
f 4194//1 2743//1 2752//1
f 2470//1 4195//1 193//1
f 2470//1 2750//1 4195//1
f 4193//1 2731//1 2733//1
f 2749//1 455//1 2736//1
f 2749//1 2748//1 455//1
f 2748//1 453//1 455//1
f 2744//1 2749//1 2736//1
f 2744//1 2746//1 2749//1
f 2746//1 2747//1 2749//1
f 2745//1 2738//1 456//1
f 2745//1 2744//1 2738//1
f 2744//1 2736//1 2738//1
f 2742//1 191//1 3528//1
f 2742//1 2741//1 191//1
f 2741//1 188//1 191//1
f 2737//1 2742//1 3528//1
f 2737//1 2739//1 2742//1
f 2739//1 2740//1 2742//1
f 2738//1 3530//1 456//1
f 2738//1 2737//1 3530//1
f 2737//1 3528//1 3530//1
f 2735//1 3430//1 3429//1
f 2735//1 2726//1 3430//1
f 2726//1 357//1 3430//1
f 2732//1 2735//1 3429//1
f 2732//1 2734//1 2735//1
f 2734//1 2724//1 2735//1
f 4195//1 224//1 193//1
f 2733//1 2732//1 4196//1
f 2732//1 3429//1 4196//1
f 2730//1 462//1 2719//1
f 2730//1 2729//1 462//1
f 2729//1 460//1 462//1
f 2725//1 2730//1 2719//1
f 2725//1 2727//1 2730//1
f 2727//1 2728//1 2730//1
f 2726//1 2721//1 357//1
f 2726//1 2725//1 2721//1
f 2725//1 2719//1 2721//1
f 2723//1 3029//1 3028//1
f 2723//1 2716//1 3029//1
f 2716//1 220//1 3029//1
f 2720//1 2723//1 3028//1
f 2720//1 2722//1 2723//1
f 2722//1 2714//1 2723//1
f 2721//1 358//1 357//1
f 2721//1 2720//1 358//1
f 2720//1 3028//1 358//1
f 2718//1 470//1 2695//1
f 2718//1 2709//1 470//1
f 2709//1 468//1 470//1
f 2715//1 2718//1 2695//1
f 2715//1 2717//1 2718//1
f 2717//1 2707//1 2718//1
f 2716//1 2697//1 220//1
f 2716//1 2715//1 2697//1
f 2715//1 2695//1 2697//1
f 2713//1 467//1 2700//1
f 2713//1 2712//1 467//1
f 2712//1 465//1 467//1
f 2708//1 2713//1 2700//1
f 2708//1 2710//1 2713//1
f 2710//1 2711//1 2713//1
f 2709//1 2702//1 468//1
f 2709//1 2708//1 2702//1
f 2708//1 2700//1 2702//1
f 2706//1 187//1 3540//1
f 2706//1 2705//1 187//1
f 2705//1 184//1 187//1
f 2701//1 2706//1 3540//1
f 2701//1 2703//1 2706//1
f 2703//1 2704//1 2706//1
f 2702//1 3542//1 468//1
f 2702//1 2701//1 3542//1
f 2701//1 3540//1 3542//1
f 2699//1 3442//1 3441//1
f 2699//1 2690//1 3442//1
f 2690//1 369//1 3442//1
f 2696//1 2699//1 3441//1
f 2696//1 2698//1 2699//1
f 2698//1 2688//1 2699//1
f 2697//1 221//1 220//1
f 2697//1 2696//1 221//1
f 2696//1 3441//1 221//1
f 2694//1 474//1 2683//1
f 2694//1 2693//1 474//1
f 2693//1 472//1 474//1
f 2689//1 2694//1 2683//1
f 2689//1 2691//1 2694//1
f 2691//1 2692//1 2694//1
f 2690//1 2685//1 369//1
f 2690//1 2689//1 2685//1
f 2689//1 2683//1 2685//1
f 2687//1 2993//1 2992//1
f 2687//1 2680//1 2993//1
f 2680//1 216//1 2993//1
f 2684//1 2687//1 2992//1
f 2684//1 2686//1 2687//1
f 2686//1 2678//1 2687//1
f 2685//1 370//1 369//1
f 2685//1 2684//1 370//1
f 2684//1 2992//1 370//1
f 2682//1 482//1 2659//1
f 2682//1 2673//1 482//1
f 2673//1 480//1 482//1
f 2679//1 2682//1 2659//1
f 2679//1 2681//1 2682//1
f 2681//1 2671//1 2682//1
f 2680//1 2661//1 216//1
f 2680//1 2679//1 2661//1
f 2679//1 2659//1 2661//1
f 2677//1 479//1 2664//1
f 2677//1 2676//1 479//1
f 2676//1 477//1 479//1
f 2672//1 2677//1 2664//1
f 2672//1 2674//1 2677//1
f 2674//1 2675//1 2677//1
f 2673//1 2666//1 480//1
f 2673//1 2672//1 2666//1
f 2672//1 2664//1 2666//1
f 2670//1 183//1 3552//1
f 2670//1 2669//1 183//1
f 2669//1 180//1 183//1
f 2665//1 2670//1 3552//1
f 2665//1 2667//1 2670//1
f 2667//1 2668//1 2670//1
f 2666//1 3554//1 480//1
f 2666//1 2665//1 3554//1
f 2665//1 3552//1 3554//1
f 2663//1 3454//1 3453//1
f 2663//1 2654//1 3454//1
f 2654//1 381//1 3454//1
f 2660//1 2663//1 3453//1
f 2660//1 2662//1 2663//1
f 2662//1 2652//1 2663//1
f 2661//1 217//1 216//1
f 2661//1 2660//1 217//1
f 2660//1 3453//1 217//1
f 2658//1 486//1 2647//1
f 2658//1 2657//1 486//1
f 2657//1 484//1 486//1
f 2653//1 2658//1 2647//1
f 2653//1 2655//1 2658//1
f 2655//1 2656//1 2658//1
f 2654//1 2649//1 381//1
f 2654//1 2653//1 2649//1
f 2653//1 2647//1 2649//1
f 2651//1 2957//1 2956//1
f 2651//1 2644//1 2957//1
f 2644//1 212//1 2957//1
f 2648//1 2651//1 2956//1
f 2648//1 2650//1 2651//1
f 2650//1 2642//1 2651//1
f 2649//1 382//1 381//1
f 2649//1 2648//1 382//1
f 2648//1 2956//1 382//1
f 2646//1 494//1 2623//1
f 2646//1 2637//1 494//1
f 2637//1 492//1 494//1
f 2643//1 2646//1 2623//1
f 2643//1 2645//1 2646//1
f 2645//1 2635//1 2646//1
f 2644//1 2625//1 212//1
f 2644//1 2643//1 2625//1
f 2643//1 2623//1 2625//1
f 2641//1 491//1 2628//1
f 2641//1 2640//1 491//1
f 2640//1 489//1 491//1
f 2636//1 2641//1 2628//1
f 2636//1 2638//1 2641//1
f 2638//1 2639//1 2641//1
f 2637//1 2630//1 492//1
f 2637//1 2636//1 2630//1
f 2636//1 2628//1 2630//1
f 2634//1 179//1 3564//1
f 2634//1 2633//1 179//1
f 2633//1 176//1 179//1
f 2629//1 2634//1 3564//1
f 2629//1 2631//1 2634//1
f 2631//1 2632//1 2634//1
f 2630//1 3566//1 492//1
f 2630//1 2629//1 3566//1
f 2629//1 3564//1 3566//1
f 2627//1 3466//1 3465//1
f 2627//1 2618//1 3466//1
f 2618//1 393//1 3466//1
f 2624//1 2627//1 3465//1
f 2624//1 2626//1 2627//1
f 2626//1 2616//1 2627//1
f 2625//1 213//1 212//1
f 2625//1 2624//1 213//1
f 2624//1 3465//1 213//1
f 2622//1 498//1 2611//1
f 2622//1 2621//1 498//1
f 2621//1 496//1 498//1
f 2617//1 2622//1 2611//1
f 2617//1 2619//1 2622//1
f 2619//1 2620//1 2622//1
f 2618//1 2613//1 393//1
f 2618//1 2617//1 2613//1
f 2617//1 2611//1 2613//1
f 2615//1 2921//1 2920//1
f 2615//1 2608//1 2921//1
f 2608//1 208//1 2921//1
f 2612//1 2615//1 2920//1
f 2612//1 2614//1 2615//1
f 2614//1 2606//1 2615//1
f 2613//1 394//1 393//1
f 2613//1 2612//1 394//1
f 2612//1 2920//1 394//1
f 2610//1 506//1 2587//1
f 2610//1 2601//1 506//1
f 2601//1 504//1 506//1
f 2607//1 2610//1 2587//1
f 2607//1 2609//1 2610//1
f 2609//1 2599//1 2610//1
f 2608//1 2589//1 208//1
f 2608//1 2607//1 2589//1
f 2607//1 2587//1 2589//1
f 2605//1 503//1 2592//1
f 2605//1 2604//1 503//1
f 2604//1 501//1 503//1
f 2600//1 2605//1 2592//1
f 2600//1 2602//1 2605//1
f 2602//1 2603//1 2605//1
f 2601//1 2594//1 504//1
f 2601//1 2600//1 2594//1
f 2600//1 2592//1 2594//1
f 2598//1 175//1 3576//1
f 2598//1 2597//1 175//1
f 2597//1 172//1 175//1
f 2593//1 2598//1 3576//1
f 2593//1 2595//1 2598//1
f 2595//1 2596//1 2598//1
f 2594//1 3578//1 504//1
f 2594//1 2593//1 3578//1
f 2593//1 3576//1 3578//1
f 2591//1 3478//1 3477//1
f 2591//1 2582//1 3478//1
f 2582//1 405//1 3478//1
f 2588//1 2591//1 3477//1
f 2588//1 2590//1 2591//1
f 2590//1 2580//1 2591//1
f 2589//1 209//1 208//1
f 2589//1 2588//1 209//1
f 2588//1 3477//1 209//1
f 2586//1 510//1 2575//1
f 2586//1 2585//1 510//1
f 2585//1 508//1 510//1
f 2581//1 2586//1 2575//1
f 2581//1 2583//1 2586//1
f 2583//1 2584//1 2586//1
f 2582//1 2577//1 405//1
f 2582//1 2581//1 2577//1
f 2581//1 2575//1 2577//1
f 2579//1 2885//1 2884//1
f 2579//1 2572//1 2885//1
f 2572//1 204//1 2885//1
f 2576//1 2579//1 2884//1
f 2576//1 2578//1 2579//1
f 2578//1 2570//1 2579//1
f 2577//1 406//1 405//1
f 2577//1 2576//1 406//1
f 2576//1 2884//1 406//1
f 2574//1 518//1 2551//1
f 2574//1 2565//1 518//1
f 2565//1 516//1 518//1
f 2571//1 2574//1 2551//1
f 2571//1 2573//1 2574//1
f 2573//1 2563//1 2574//1
f 2572//1 2553//1 204//1
f 2572//1 2571//1 2553//1
f 2571//1 2551//1 2553//1
f 2569//1 515//1 2556//1
f 2569//1 2568//1 515//1
f 2568//1 513//1 515//1
f 2564//1 2569//1 2556//1
f 2564//1 2566//1 2569//1
f 2566//1 2567//1 2569//1
f 2565//1 2558//1 516//1
f 2565//1 2564//1 2558//1
f 2564//1 2556//1 2558//1
f 2562//1 171//1 3588//1
f 2562//1 2561//1 171//1
f 2561//1 168//1 171//1
f 2557//1 2562//1 3588//1
f 2557//1 2559//1 2562//1
f 2559//1 2560//1 2562//1
f 2558//1 3590//1 516//1
f 2558//1 2557//1 3590//1
f 2557//1 3588//1 3590//1
f 2555//1 3490//1 3489//1
f 2555//1 2546//1 3490//1
f 2546//1 417//1 3490//1
f 2552//1 2555//1 3489//1
f 2552//1 2554//1 2555//1
f 2554//1 2544//1 2555//1
f 2553//1 205//1 204//1
f 2553//1 2552//1 205//1
f 2552//1 3489//1 205//1
f 2550//1 522//1 2539//1
f 2550//1 2549//1 522//1
f 2549//1 520//1 522//1
f 2545//1 2550//1 2539//1
f 2545//1 2547//1 2550//1
f 2547//1 2548//1 2550//1
f 2546//1 2541//1 417//1
f 2546//1 2545//1 2541//1
f 2545//1 2539//1 2541//1
f 2543//1 2849//1 2848//1
f 2543//1 2536//1 2849//1
f 2536//1 200//1 2849//1
f 2540//1 2543//1 2848//1
f 2540//1 2542//1 2543//1
f 2542//1 2534//1 2543//1
f 2541//1 418//1 417//1
f 2541//1 2540//1 418//1
f 2540//1 2848//1 418//1
f 2538//1 530//1 2515//1
f 2538//1 2529//1 530//1
f 2529//1 528//1 530//1
f 2535//1 2538//1 2515//1
f 2535//1 2537//1 2538//1
f 2537//1 2527//1 2538//1
f 2536//1 2517//1 200//1
f 2536//1 2535//1 2517//1
f 2535//1 2515//1 2517//1
f 2533//1 527//1 2520//1
f 2533//1 2532//1 527//1
f 2532//1 525//1 527//1
f 2528//1 2533//1 2520//1
f 2528//1 2530//1 2533//1
f 2530//1 2531//1 2533//1
f 2529//1 2522//1 528//1
f 2529//1 2528//1 2522//1
f 2528//1 2520//1 2522//1
f 2526//1 167//1 3600//1
f 2526//1 2525//1 167//1
f 2525//1 164//1 167//1
f 2521//1 2526//1 3600//1
f 2521//1 2523//1 2526//1
f 2523//1 2524//1 2526//1
f 2522//1 3602//1 528//1
f 2522//1 2521//1 3602//1
f 2521//1 3600//1 3602//1
f 2519//1 3502//1 3501//1
f 2519//1 2510//1 3502//1
f 2510//1 429//1 3502//1
f 2516//1 2519//1 3501//1
f 2516//1 2518//1 2519//1
f 2518//1 2508//1 2519//1
f 2517//1 201//1 200//1
f 2517//1 2516//1 201//1
f 2516//1 3501//1 201//1
f 2514//1 534//1 2503//1
f 2514//1 2513//1 534//1
f 2513//1 532//1 534//1
f 2509//1 2514//1 2503//1
f 2509//1 2511//1 2514//1
f 2511//1 2512//1 2514//1
f 2510//1 2505//1 429//1
f 2510//1 2509//1 2505//1
f 2509//1 2503//1 2505//1
f 2507//1 2813//1 2812//1
f 2507//1 2500//1 2813//1
f 2500//1 196//1 2813//1
f 2504//1 2507//1 2812//1
f 2504//1 2506//1 2507//1
f 2506//1 2498//1 2507//1
f 2505//1 430//1 429//1
f 2505//1 2504//1 430//1
f 2504//1 2812//1 430//1
f 2502//1 542//1 2479//1
f 2502//1 2493//1 542//1
f 2493//1 540//1 542//1
f 2499//1 2502//1 2479//1
f 2499//1 2501//1 2502//1
f 2501//1 2491//1 2502//1
f 2500//1 2481//1 196//1
f 2500//1 2499//1 2481//1
f 2499//1 2479//1 2481//1
f 2497//1 539//1 2484//1
f 2497//1 2496//1 539//1
f 2496//1 537//1 539//1
f 2492//1 2497//1 2484//1
f 2492//1 2494//1 2497//1
f 2494//1 2495//1 2497//1
f 2493//1 2486//1 540//1
f 2493//1 2492//1 2486//1
f 2492//1 2484//1 2486//1
f 2490//1 163//1 3612//1
f 2490//1 2489//1 163//1
f 2489//1 161//1 163//1
f 2485//1 2490//1 3612//1
f 2485//1 2487//1 2490//1
f 2487//1 2488//1 2490//1
f 2486//1 3614//1 540//1
f 2486//1 2485//1 3614//1
f 2485//1 3612//1 3614//1
f 2483//1 3514//1 3513//1
f 2483//1 2474//1 3514//1
f 2474//1 441//1 3514//1
f 2480//1 2483//1 3513//1
f 2480//1 2482//1 2483//1
f 2482//1 2472//1 2483//1
f 2481//1 197//1 196//1
f 2481//1 2480//1 197//1
f 2480//1 3513//1 197//1
f 2478//1 544//1 2465//1
f 2478//1 2477//1 544//1
f 2477//1 449//1 544//1
f 2473//1 2478//1 2465//1
f 2473//1 2475//1 2478//1
f 2475//1 2476//1 2478//1
f 2474//1 2467//1 441//1
f 2474//1 2473//1 2467//1
f 2473//1 2465//1 2467//1
f 2471//1 2777//1 2776//1
f 2471//1 2470//1 2777//1
f 2470//1 193//1 2777//1
f 2466//1 2471//1 2776//1
f 2466//1 2468//1 2471//1
f 2468//1 2469//1 2471//1
f 2467//1 442//1 441//1
f 2467//1 2466//1 442//1
f 2466//1 2776//1 442//1
f 2464//1 554//1 2443//1
f 2464//1 2457//1 554//1
f 2457//1 552//1 554//1
f 4197//1 2464//1 2443//1
f 4197//1 4198//1 2464//1
f 4198//1 2455//1 2464//1
f 2182//1 4199//1 161//1
f 2182//1 2462//1 4199//1
f 4197//1 2443//1 2445//1
f 2461//1 551//1 2448//1
f 2461//1 2460//1 551//1
f 2460//1 549//1 551//1
f 2456//1 2461//1 2448//1
f 2456//1 2458//1 2461//1
f 2458//1 2459//1 2461//1
f 2457//1 2450//1 552//1
f 2457//1 2456//1 2450//1
f 2456//1 2448//1 2450//1
f 2454//1 159//1 3624//1
f 2454//1 2453//1 159//1
f 2453//1 156//1 159//1
f 2449//1 2454//1 3624//1
f 2449//1 2451//1 2454//1
f 2451//1 2452//1 2454//1
f 2450//1 3626//1 552//1
f 2450//1 2449//1 3626//1
f 2449//1 3624//1 3626//1
f 2447//1 3526//1 3525//1
f 2447//1 2438//1 3526//1
f 2438//1 453//1 3526//1
f 2444//1 2447//1 3525//1
f 2444//1 2446//1 2447//1
f 2446//1 2436//1 2447//1
f 4199//1 192//1 161//1
f 2445//1 2444//1 4200//1
f 2444//1 3525//1 4200//1
f 2442//1 558//1 2431//1
f 2442//1 2441//1 558//1
f 2441//1 556//1 558//1
f 2437//1 2442//1 2431//1
f 2437//1 2439//1 2442//1
f 2439//1 2440//1 2442//1
f 2438//1 2433//1 453//1
f 2438//1 2437//1 2433//1
f 2437//1 2431//1 2433//1
f 2435//1 2741//1 2740//1
f 2435//1 2428//1 2741//1
f 2428//1 188//1 2741//1
f 2432//1 2435//1 2740//1
f 2432//1 2434//1 2435//1
f 2434//1 2426//1 2435//1
f 2433//1 454//1 453//1
f 2433//1 2432//1 454//1
f 2432//1 2740//1 454//1
f 2430//1 566//1 2407//1
f 2430//1 2421//1 566//1
f 2421//1 564//1 566//1
f 2427//1 2430//1 2407//1
f 2427//1 2429//1 2430//1
f 2429//1 2419//1 2430//1
f 2428//1 2409//1 188//1
f 2428//1 2427//1 2409//1
f 2427//1 2407//1 2409//1
f 2425//1 563//1 2412//1
f 2425//1 2424//1 563//1
f 2424//1 561//1 563//1
f 2420//1 2425//1 2412//1
f 2420//1 2422//1 2425//1
f 2422//1 2423//1 2425//1
f 2421//1 2414//1 564//1
f 2421//1 2420//1 2414//1
f 2420//1 2412//1 2414//1
f 2418//1 155//1 3636//1
f 2418//1 2417//1 155//1
f 2417//1 152//1 155//1
f 2413//1 2418//1 3636//1
f 2413//1 2415//1 2418//1
f 2415//1 2416//1 2418//1
f 2414//1 3638//1 564//1
f 2414//1 2413//1 3638//1
f 2413//1 3636//1 3638//1
f 2411//1 3538//1 3537//1
f 2411//1 2402//1 3538//1
f 2402//1 465//1 3538//1
f 2408//1 2411//1 3537//1
f 2408//1 2410//1 2411//1
f 2410//1 2400//1 2411//1
f 2409//1 189//1 188//1
f 2409//1 2408//1 189//1
f 2408//1 3537//1 189//1
f 2406//1 570//1 2395//1
f 2406//1 2405//1 570//1
f 2405//1 568//1 570//1
f 2401//1 2406//1 2395//1
f 2401//1 2403//1 2406//1
f 2403//1 2404//1 2406//1
f 2402//1 2397//1 465//1
f 2402//1 2401//1 2397//1
f 2401//1 2395//1 2397//1
f 2399//1 2705//1 2704//1
f 2399//1 2392//1 2705//1
f 2392//1 184//1 2705//1
f 2396//1 2399//1 2704//1
f 2396//1 2398//1 2399//1
f 2398//1 2390//1 2399//1
f 2397//1 466//1 465//1
f 2397//1 2396//1 466//1
f 2396//1 2704//1 466//1
f 2394//1 578//1 2371//1
f 2394//1 2385//1 578//1
f 2385//1 576//1 578//1
f 2391//1 2394//1 2371//1
f 2391//1 2393//1 2394//1
f 2393//1 2383//1 2394//1
f 2392//1 2373//1 184//1
f 2392//1 2391//1 2373//1
f 2391//1 2371//1 2373//1
f 2389//1 575//1 2376//1
f 2389//1 2388//1 575//1
f 2388//1 573//1 575//1
f 2384//1 2389//1 2376//1
f 2384//1 2386//1 2389//1
f 2386//1 2387//1 2389//1
f 2385//1 2378//1 576//1
f 2385//1 2384//1 2378//1
f 2384//1 2376//1 2378//1
f 2382//1 151//1 3648//1
f 2382//1 2381//1 151//1
f 2381//1 148//1 151//1
f 2377//1 2382//1 3648//1
f 2377//1 2379//1 2382//1
f 2379//1 2380//1 2382//1
f 2378//1 3650//1 576//1
f 2378//1 2377//1 3650//1
f 2377//1 3648//1 3650//1
f 2375//1 3550//1 3549//1
f 2375//1 2366//1 3550//1
f 2366//1 477//1 3550//1
f 2372//1 2375//1 3549//1
f 2372//1 2374//1 2375//1
f 2374//1 2364//1 2375//1
f 2373//1 185//1 184//1
f 2373//1 2372//1 185//1
f 2372//1 3549//1 185//1
f 2370//1 582//1 2359//1
f 2370//1 2369//1 582//1
f 2369//1 580//1 582//1
f 2365//1 2370//1 2359//1
f 2365//1 2367//1 2370//1
f 2367//1 2368//1 2370//1
f 2366//1 2361//1 477//1
f 2366//1 2365//1 2361//1
f 2365//1 2359//1 2361//1
f 2363//1 2669//1 2668//1
f 2363//1 2356//1 2669//1
f 2356//1 180//1 2669//1
f 2360//1 2363//1 2668//1
f 2360//1 2362//1 2363//1
f 2362//1 2354//1 2363//1
f 2361//1 478//1 477//1
f 2361//1 2360//1 478//1
f 2360//1 2668//1 478//1
f 2358//1 590//1 2335//1
f 2358//1 2349//1 590//1
f 2349//1 588//1 590//1
f 2355//1 2358//1 2335//1
f 2355//1 2357//1 2358//1
f 2357//1 2347//1 2358//1
f 2356//1 2337//1 180//1
f 2356//1 2355//1 2337//1
f 2355//1 2335//1 2337//1
f 2353//1 587//1 2340//1
f 2353//1 2352//1 587//1
f 2352//1 585//1 587//1
f 2348//1 2353//1 2340//1
f 2348//1 2350//1 2353//1
f 2350//1 2351//1 2353//1
f 2349//1 2342//1 588//1
f 2349//1 2348//1 2342//1
f 2348//1 2340//1 2342//1
f 2346//1 147//1 3660//1
f 2346//1 2345//1 147//1
f 2345//1 144//1 147//1
f 2341//1 2346//1 3660//1
f 2341//1 2343//1 2346//1
f 2343//1 2344//1 2346//1
f 2342//1 3662//1 588//1
f 2342//1 2341//1 3662//1
f 2341//1 3660//1 3662//1
f 2339//1 3562//1 3561//1
f 2339//1 2330//1 3562//1
f 2330//1 489//1 3562//1
f 2336//1 2339//1 3561//1
f 2336//1 2338//1 2339//1
f 2338//1 2328//1 2339//1
f 2337//1 181//1 180//1
f 2337//1 2336//1 181//1
f 2336//1 3561//1 181//1
f 2334//1 594//1 2323//1
f 2334//1 2333//1 594//1
f 2333//1 592//1 594//1
f 2329//1 2334//1 2323//1
f 2329//1 2331//1 2334//1
f 2331//1 2332//1 2334//1
f 2330//1 2325//1 489//1
f 2330//1 2329//1 2325//1
f 2329//1 2323//1 2325//1
f 2327//1 2633//1 2632//1
f 2327//1 2320//1 2633//1
f 2320//1 176//1 2633//1
f 2324//1 2327//1 2632//1
f 2324//1 2326//1 2327//1
f 2326//1 2318//1 2327//1
f 2325//1 490//1 489//1
f 2325//1 2324//1 490//1
f 2324//1 2632//1 490//1
f 2322//1 602//1 2299//1
f 2322//1 2313//1 602//1
f 2313//1 600//1 602//1
f 2319//1 2322//1 2299//1
f 2319//1 2321//1 2322//1
f 2321//1 2311//1 2322//1
f 2320//1 2301//1 176//1
f 2320//1 2319//1 2301//1
f 2319//1 2299//1 2301//1
f 2317//1 599//1 2304//1
f 2317//1 2316//1 599//1
f 2316//1 597//1 599//1
f 2312//1 2317//1 2304//1
f 2312//1 2314//1 2317//1
f 2314//1 2315//1 2317//1
f 2313//1 2306//1 600//1
f 2313//1 2312//1 2306//1
f 2312//1 2304//1 2306//1
f 2310//1 143//1 3672//1
f 2310//1 2309//1 143//1
f 2309//1 140//1 143//1
f 2305//1 2310//1 3672//1
f 2305//1 2307//1 2310//1
f 2307//1 2308//1 2310//1
f 2306//1 3674//1 600//1
f 2306//1 2305//1 3674//1
f 2305//1 3672//1 3674//1
f 2303//1 3574//1 3573//1
f 2303//1 2294//1 3574//1
f 2294//1 501//1 3574//1
f 2300//1 2303//1 3573//1
f 2300//1 2302//1 2303//1
f 2302//1 2292//1 2303//1
f 2301//1 177//1 176//1
f 2301//1 2300//1 177//1
f 2300//1 3573//1 177//1
f 2298//1 606//1 2287//1
f 2298//1 2297//1 606//1
f 2297//1 604//1 606//1
f 2293//1 2298//1 2287//1
f 2293//1 2295//1 2298//1
f 2295//1 2296//1 2298//1
f 2294//1 2289//1 501//1
f 2294//1 2293//1 2289//1
f 2293//1 2287//1 2289//1
f 2291//1 2597//1 2596//1
f 2291//1 2284//1 2597//1
f 2284//1 172//1 2597//1
f 2288//1 2291//1 2596//1
f 2288//1 2290//1 2291//1
f 2290//1 2282//1 2291//1
f 2289//1 502//1 501//1
f 2289//1 2288//1 502//1
f 2288//1 2596//1 502//1
f 2286//1 614//1 2263//1
f 2286//1 2277//1 614//1
f 2277//1 612//1 614//1
f 2283//1 2286//1 2263//1
f 2283//1 2285//1 2286//1
f 2285//1 2275//1 2286//1
f 2284//1 2265//1 172//1
f 2284//1 2283//1 2265//1
f 2283//1 2263//1 2265//1
f 2281//1 611//1 2268//1
f 2281//1 2280//1 611//1
f 2280//1 609//1 611//1
f 2276//1 2281//1 2268//1
f 2276//1 2278//1 2281//1
f 2278//1 2279//1 2281//1
f 2277//1 2270//1 612//1
f 2277//1 2276//1 2270//1
f 2276//1 2268//1 2270//1
f 2274//1 139//1 3684//1
f 2274//1 2273//1 139//1
f 2273//1 136//1 139//1
f 2269//1 2274//1 3684//1
f 2269//1 2271//1 2274//1
f 2271//1 2272//1 2274//1
f 2270//1 3686//1 612//1
f 2270//1 2269//1 3686//1
f 2269//1 3684//1 3686//1
f 2267//1 3586//1 3585//1
f 2267//1 2258//1 3586//1
f 2258//1 513//1 3586//1
f 2264//1 2267//1 3585//1
f 2264//1 2266//1 2267//1
f 2266//1 2256//1 2267//1
f 2265//1 173//1 172//1
f 2265//1 2264//1 173//1
f 2264//1 3585//1 173//1
f 2262//1 618//1 2251//1
f 2262//1 2261//1 618//1
f 2261//1 616//1 618//1
f 2257//1 2262//1 2251//1
f 2257//1 2259//1 2262//1
f 2259//1 2260//1 2262//1
f 2258//1 2253//1 513//1
f 2258//1 2257//1 2253//1
f 2257//1 2251//1 2253//1
f 2255//1 2561//1 2560//1
f 2255//1 2248//1 2561//1
f 2248//1 168//1 2561//1
f 2252//1 2255//1 2560//1
f 2252//1 2254//1 2255//1
f 2254//1 2246//1 2255//1
f 2253//1 514//1 513//1
f 2253//1 2252//1 514//1
f 2252//1 2560//1 514//1
f 2250//1 626//1 2227//1
f 2250//1 2241//1 626//1
f 2241//1 624//1 626//1
f 2247//1 2250//1 2227//1
f 2247//1 2249//1 2250//1
f 2249//1 2239//1 2250//1
f 2248//1 2229//1 168//1
f 2248//1 2247//1 2229//1
f 2247//1 2227//1 2229//1
f 2245//1 623//1 2232//1
f 2245//1 2244//1 623//1
f 2244//1 621//1 623//1
f 2240//1 2245//1 2232//1
f 2240//1 2242//1 2245//1
f 2242//1 2243//1 2245//1
f 2241//1 2234//1 624//1
f 2241//1 2240//1 2234//1
f 2240//1 2232//1 2234//1
f 2238//1 135//1 3696//1
f 2238//1 2237//1 135//1
f 2237//1 132//1 135//1
f 2233//1 2238//1 3696//1
f 2233//1 2235//1 2238//1
f 2235//1 2236//1 2238//1
f 2234//1 3698//1 624//1
f 2234//1 2233//1 3698//1
f 2233//1 3696//1 3698//1
f 2231//1 3598//1 3597//1
f 2231//1 2222//1 3598//1
f 2222//1 525//1 3598//1
f 2228//1 2231//1 3597//1
f 2228//1 2230//1 2231//1
f 2230//1 2220//1 2231//1
f 2229//1 169//1 168//1
f 2229//1 2228//1 169//1
f 2228//1 3597//1 169//1
f 2226//1 630//1 2215//1
f 2226//1 2225//1 630//1
f 2225//1 628//1 630//1
f 2221//1 2226//1 2215//1
f 2221//1 2223//1 2226//1
f 2223//1 2224//1 2226//1
f 2222//1 2217//1 525//1
f 2222//1 2221//1 2217//1
f 2221//1 2215//1 2217//1
f 2219//1 2525//1 2524//1
f 2219//1 2212//1 2525//1
f 2212//1 164//1 2525//1
f 2216//1 2219//1 2524//1
f 2216//1 2218//1 2219//1
f 2218//1 2210//1 2219//1
f 2217//1 526//1 525//1
f 2217//1 2216//1 526//1
f 2216//1 2524//1 526//1
f 2214//1 638//1 2191//1
f 2214//1 2205//1 638//1
f 2205//1 636//1 638//1
f 2211//1 2214//1 2191//1
f 2211//1 2213//1 2214//1
f 2213//1 2203//1 2214//1
f 2212//1 2193//1 164//1
f 2212//1 2211//1 2193//1
f 2211//1 2191//1 2193//1
f 2209//1 635//1 2196//1
f 2209//1 2208//1 635//1
f 2208//1 633//1 635//1
f 2204//1 2209//1 2196//1
f 2204//1 2206//1 2209//1
f 2206//1 2207//1 2209//1
f 2205//1 2198//1 636//1
f 2205//1 2204//1 2198//1
f 2204//1 2196//1 2198//1
f 2202//1 131//1 3708//1
f 2202//1 2201//1 131//1
f 2201//1 129//1 131//1
f 2197//1 2202//1 3708//1
f 2197//1 2199//1 2202//1
f 2199//1 2200//1 2202//1
f 2198//1 3710//1 636//1
f 2198//1 2197//1 3710//1
f 2197//1 3708//1 3710//1
f 2195//1 3610//1 3609//1
f 2195//1 2186//1 3610//1
f 2186//1 537//1 3610//1
f 2192//1 2195//1 3609//1
f 2192//1 2194//1 2195//1
f 2194//1 2184//1 2195//1
f 2193//1 165//1 164//1
f 2193//1 2192//1 165//1
f 2192//1 3609//1 165//1
f 2190//1 640//1 2177//1
f 2190//1 2189//1 640//1
f 2189//1 545//1 640//1
f 2185//1 2190//1 2177//1
f 2185//1 2187//1 2190//1
f 2187//1 2188//1 2190//1
f 2186//1 2179//1 537//1
f 2186//1 2185//1 2179//1
f 2185//1 2177//1 2179//1
f 2183//1 2489//1 2488//1
f 2183//1 2182//1 2489//1
f 2182//1 161//1 2489//1
f 2178//1 2183//1 2488//1
f 2178//1 2180//1 2183//1
f 2180//1 2181//1 2183//1
f 2179//1 538//1 537//1
f 2179//1 2178//1 538//1
f 2178//1 2488//1 538//1
f 2176//1 650//1 2155//1
f 2176//1 2169//1 650//1
f 2169//1 648//1 650//1
f 4201//1 2176//1 2155//1
f 4201//1 4202//1 2176//1
f 4202//1 2167//1 2176//1
f 1894//1 4203//1 129//1
f 1894//1 2174//1 4203//1
f 4201//1 2155//1 2157//1
f 2173//1 647//1 2160//1
f 2173//1 2172//1 647//1
f 2172//1 645//1 647//1
f 2168//1 2173//1 2160//1
f 2168//1 2170//1 2173//1
f 2170//1 2171//1 2173//1
f 2169//1 2162//1 648//1
f 2169//1 2168//1 2162//1
f 2168//1 2160//1 2162//1
f 2166//1 127//1 3720//1
f 2166//1 2165//1 127//1
f 2165//1 124//1 127//1
f 2161//1 2166//1 3720//1
f 2161//1 2163//1 2166//1
f 2163//1 2164//1 2166//1
f 2162//1 3722//1 648//1
f 2162//1 2161//1 3722//1
f 2161//1 3720//1 3722//1
f 2159//1 3622//1 3621//1
f 2159//1 2150//1 3622//1
f 2150//1 549//1 3622//1
f 2156//1 2159//1 3621//1
f 2156//1 2158//1 2159//1
f 2158//1 2148//1 2159//1
f 4203//1 160//1 129//1
f 2157//1 2156//1 4204//1
f 2156//1 3621//1 4204//1
f 2154//1 654//1 2143//1
f 2154//1 2153//1 654//1
f 2153//1 652//1 654//1
f 2149//1 2154//1 2143//1
f 2149//1 2151//1 2154//1
f 2151//1 2152//1 2154//1
f 2150//1 2145//1 549//1
f 2150//1 2149//1 2145//1
f 2149//1 2143//1 2145//1
f 2147//1 2453//1 2452//1
f 2147//1 2140//1 2453//1
f 2140//1 156//1 2453//1
f 2144//1 2147//1 2452//1
f 2144//1 2146//1 2147//1
f 2146//1 2138//1 2147//1
f 2145//1 550//1 549//1
f 2145//1 2144//1 550//1
f 2144//1 2452//1 550//1
f 2142//1 662//1 2119//1
f 2142//1 2133//1 662//1
f 2133//1 660//1 662//1
f 2139//1 2142//1 2119//1
f 2139//1 2141//1 2142//1
f 2141//1 2131//1 2142//1
f 2140//1 2121//1 156//1
f 2140//1 2139//1 2121//1
f 2139//1 2119//1 2121//1
f 2137//1 659//1 2124//1
f 2137//1 2136//1 659//1
f 2136//1 657//1 659//1
f 2132//1 2137//1 2124//1
f 2132//1 2134//1 2137//1
f 2134//1 2135//1 2137//1
f 2133//1 2126//1 660//1
f 2133//1 2132//1 2126//1
f 2132//1 2124//1 2126//1
f 2130//1 123//1 3732//1
f 2130//1 2129//1 123//1
f 2129//1 120//1 123//1
f 2125//1 2130//1 3732//1
f 2125//1 2127//1 2130//1
f 2127//1 2128//1 2130//1
f 2126//1 3734//1 660//1
f 2126//1 2125//1 3734//1
f 2125//1 3732//1 3734//1
f 2123//1 3634//1 3633//1
f 2123//1 2114//1 3634//1
f 2114//1 561//1 3634//1
f 2120//1 2123//1 3633//1
f 2120//1 2122//1 2123//1
f 2122//1 2112//1 2123//1
f 2121//1 157//1 156//1
f 2121//1 2120//1 157//1
f 2120//1 3633//1 157//1
f 2118//1 666//1 2107//1
f 2118//1 2117//1 666//1
f 2117//1 664//1 666//1
f 2113//1 2118//1 2107//1
f 2113//1 2115//1 2118//1
f 2115//1 2116//1 2118//1
f 2114//1 2109//1 561//1
f 2114//1 2113//1 2109//1
f 2113//1 2107//1 2109//1
f 2111//1 2417//1 2416//1
f 2111//1 2104//1 2417//1
f 2104//1 152//1 2417//1
f 2108//1 2111//1 2416//1
f 2108//1 2110//1 2111//1
f 2110//1 2102//1 2111//1
f 2109//1 562//1 561//1
f 2109//1 2108//1 562//1
f 2108//1 2416//1 562//1
f 2106//1 674//1 2083//1
f 2106//1 2097//1 674//1
f 2097//1 672//1 674//1
f 2103//1 2106//1 2083//1
f 2103//1 2105//1 2106//1
f 2105//1 2095//1 2106//1
f 2104//1 2085//1 152//1
f 2104//1 2103//1 2085//1
f 2103//1 2083//1 2085//1
f 2101//1 671//1 2088//1
f 2101//1 2100//1 671//1
f 2100//1 669//1 671//1
f 2096//1 2101//1 2088//1
f 2096//1 2098//1 2101//1
f 2098//1 2099//1 2101//1
f 2097//1 2090//1 672//1
f 2097//1 2096//1 2090//1
f 2096//1 2088//1 2090//1
f 2094//1 119//1 3744//1
f 2094//1 2093//1 119//1
f 2093//1 116//1 119//1
f 2089//1 2094//1 3744//1
f 2089//1 2091//1 2094//1
f 2091//1 2092//1 2094//1
f 2090//1 3746//1 672//1
f 2090//1 2089//1 3746//1
f 2089//1 3744//1 3746//1
f 2087//1 3646//1 3645//1
f 2087//1 2078//1 3646//1
f 2078//1 573//1 3646//1
f 2084//1 2087//1 3645//1
f 2084//1 2086//1 2087//1
f 2086//1 2076//1 2087//1
f 2085//1 153//1 152//1
f 2085//1 2084//1 153//1
f 2084//1 3645//1 153//1
f 2082//1 678//1 2071//1
f 2082//1 2081//1 678//1
f 2081//1 676//1 678//1
f 2077//1 2082//1 2071//1
f 2077//1 2079//1 2082//1
f 2079//1 2080//1 2082//1
f 2078//1 2073//1 573//1
f 2078//1 2077//1 2073//1
f 2077//1 2071//1 2073//1
f 2075//1 2381//1 2380//1
f 2075//1 2068//1 2381//1
f 2068//1 148//1 2381//1
f 2072//1 2075//1 2380//1
f 2072//1 2074//1 2075//1
f 2074//1 2066//1 2075//1
f 2073//1 574//1 573//1
f 2073//1 2072//1 574//1
f 2072//1 2380//1 574//1
f 2070//1 686//1 2047//1
f 2070//1 2061//1 686//1
f 2061//1 684//1 686//1
f 2067//1 2070//1 2047//1
f 2067//1 2069//1 2070//1
f 2069//1 2059//1 2070//1
f 2068//1 2049//1 148//1
f 2068//1 2067//1 2049//1
f 2067//1 2047//1 2049//1
f 2065//1 683//1 2052//1
f 2065//1 2064//1 683//1
f 2064//1 681//1 683//1
f 2060//1 2065//1 2052//1
f 2060//1 2062//1 2065//1
f 2062//1 2063//1 2065//1
f 2061//1 2054//1 684//1
f 2061//1 2060//1 2054//1
f 2060//1 2052//1 2054//1
f 2058//1 115//1 3756//1
f 2058//1 2057//1 115//1
f 2057//1 112//1 115//1
f 2053//1 2058//1 3756//1
f 2053//1 2055//1 2058//1
f 2055//1 2056//1 2058//1
f 2054//1 3758//1 684//1
f 2054//1 2053//1 3758//1
f 2053//1 3756//1 3758//1
f 2051//1 3658//1 3657//1
f 2051//1 2042//1 3658//1
f 2042//1 585//1 3658//1
f 2048//1 2051//1 3657//1
f 2048//1 2050//1 2051//1
f 2050//1 2040//1 2051//1
f 2049//1 149//1 148//1
f 2049//1 2048//1 149//1
f 2048//1 3657//1 149//1
f 2046//1 690//1 2035//1
f 2046//1 2045//1 690//1
f 2045//1 688//1 690//1
f 2041//1 2046//1 2035//1
f 2041//1 2043//1 2046//1
f 2043//1 2044//1 2046//1
f 2042//1 2037//1 585//1
f 2042//1 2041//1 2037//1
f 2041//1 2035//1 2037//1
f 2039//1 2345//1 2344//1
f 2039//1 2032//1 2345//1
f 2032//1 144//1 2345//1
f 2036//1 2039//1 2344//1
f 2036//1 2038//1 2039//1
f 2038//1 2030//1 2039//1
f 2037//1 586//1 585//1
f 2037//1 2036//1 586//1
f 2036//1 2344//1 586//1
f 2034//1 698//1 2011//1
f 2034//1 2025//1 698//1
f 2025//1 696//1 698//1
f 2031//1 2034//1 2011//1
f 2031//1 2033//1 2034//1
f 2033//1 2023//1 2034//1
f 2032//1 2013//1 144//1
f 2032//1 2031//1 2013//1
f 2031//1 2011//1 2013//1
f 2029//1 695//1 2016//1
f 2029//1 2028//1 695//1
f 2028//1 693//1 695//1
f 2024//1 2029//1 2016//1
f 2024//1 2026//1 2029//1
f 2026//1 2027//1 2029//1
f 2025//1 2018//1 696//1
f 2025//1 2024//1 2018//1
f 2024//1 2016//1 2018//1
f 2022//1 111//1 3768//1
f 2022//1 2021//1 111//1
f 2021//1 108//1 111//1
f 2017//1 2022//1 3768//1
f 2017//1 2019//1 2022//1
f 2019//1 2020//1 2022//1
f 2018//1 3770//1 696//1
f 2018//1 2017//1 3770//1
f 2017//1 3768//1 3770//1
f 2015//1 3670//1 3669//1
f 2015//1 2006//1 3670//1
f 2006//1 597//1 3670//1
f 2012//1 2015//1 3669//1
f 2012//1 2014//1 2015//1
f 2014//1 2004//1 2015//1
f 2013//1 145//1 144//1
f 2013//1 2012//1 145//1
f 2012//1 3669//1 145//1
f 2010//1 702//1 1999//1
f 2010//1 2009//1 702//1
f 2009//1 700//1 702//1
f 2005//1 2010//1 1999//1
f 2005//1 2007//1 2010//1
f 2007//1 2008//1 2010//1
f 2006//1 2001//1 597//1
f 2006//1 2005//1 2001//1
f 2005//1 1999//1 2001//1
f 2003//1 2309//1 2308//1
f 2003//1 1996//1 2309//1
f 1996//1 140//1 2309//1
f 2000//1 2003//1 2308//1
f 2000//1 2002//1 2003//1
f 2002//1 1994//1 2003//1
f 2001//1 598//1 597//1
f 2001//1 2000//1 598//1
f 2000//1 2308//1 598//1
f 1998//1 710//1 1975//1
f 1998//1 1989//1 710//1
f 1989//1 708//1 710//1
f 1995//1 1998//1 1975//1
f 1995//1 1997//1 1998//1
f 1997//1 1987//1 1998//1
f 1996//1 1977//1 140//1
f 1996//1 1995//1 1977//1
f 1995//1 1975//1 1977//1
f 1993//1 707//1 1980//1
f 1993//1 1992//1 707//1
f 1992//1 705//1 707//1
f 1988//1 1993//1 1980//1
f 1988//1 1990//1 1993//1
f 1990//1 1991//1 1993//1
f 1989//1 1982//1 708//1
f 1989//1 1988//1 1982//1
f 1988//1 1980//1 1982//1
f 1986//1 107//1 3780//1
f 1986//1 1985//1 107//1
f 1985//1 104//1 107//1
f 1981//1 1986//1 3780//1
f 1981//1 1983//1 1986//1
f 1983//1 1984//1 1986//1
f 1982//1 3782//1 708//1
f 1982//1 1981//1 3782//1
f 1981//1 3780//1 3782//1
f 1979//1 3682//1 3681//1
f 1979//1 1970//1 3682//1
f 1970//1 609//1 3682//1
f 1976//1 1979//1 3681//1
f 1976//1 1978//1 1979//1
f 1978//1 1968//1 1979//1
f 1977//1 141//1 140//1
f 1977//1 1976//1 141//1
f 1976//1 3681//1 141//1
f 1974//1 714//1 1963//1
f 1974//1 1973//1 714//1
f 1973//1 712//1 714//1
f 1969//1 1974//1 1963//1
f 1969//1 1971//1 1974//1
f 1971//1 1972//1 1974//1
f 1970//1 1965//1 609//1
f 1970//1 1969//1 1965//1
f 1969//1 1963//1 1965//1
f 1967//1 2273//1 2272//1
f 1967//1 1960//1 2273//1
f 1960//1 136//1 2273//1
f 1964//1 1967//1 2272//1
f 1964//1 1966//1 1967//1
f 1966//1 1958//1 1967//1
f 1965//1 610//1 609//1
f 1965//1 1964//1 610//1
f 1964//1 2272//1 610//1
f 1962//1 722//1 1939//1
f 1962//1 1953//1 722//1
f 1953//1 720//1 722//1
f 1959//1 1962//1 1939//1
f 1959//1 1961//1 1962//1
f 1961//1 1951//1 1962//1
f 1960//1 1941//1 136//1
f 1960//1 1959//1 1941//1
f 1959//1 1939//1 1941//1
f 1957//1 719//1 1944//1
f 1957//1 1956//1 719//1
f 1956//1 717//1 719//1
f 1952//1 1957//1 1944//1
f 1952//1 1954//1 1957//1
f 1954//1 1955//1 1957//1
f 1953//1 1946//1 720//1
f 1953//1 1952//1 1946//1
f 1952//1 1944//1 1946//1
f 1950//1 103//1 3792//1
f 1950//1 1949//1 103//1
f 1949//1 100//1 103//1
f 1945//1 1950//1 3792//1
f 1945//1 1947//1 1950//1
f 1947//1 1948//1 1950//1
f 1946//1 3794//1 720//1
f 1946//1 1945//1 3794//1
f 1945//1 3792//1 3794//1
f 1943//1 3694//1 3693//1
f 1943//1 1934//1 3694//1
f 1934//1 621//1 3694//1
f 1940//1 1943//1 3693//1
f 1940//1 1942//1 1943//1
f 1942//1 1932//1 1943//1
f 1941//1 137//1 136//1
f 1941//1 1940//1 137//1
f 1940//1 3693//1 137//1
f 1938//1 726//1 1927//1
f 1938//1 1937//1 726//1
f 1937//1 724//1 726//1
f 1933//1 1938//1 1927//1
f 1933//1 1935//1 1938//1
f 1935//1 1936//1 1938//1
f 1934//1 1929//1 621//1
f 1934//1 1933//1 1929//1
f 1933//1 1927//1 1929//1
f 1931//1 2237//1 2236//1
f 1931//1 1924//1 2237//1
f 1924//1 132//1 2237//1
f 1928//1 1931//1 2236//1
f 1928//1 1930//1 1931//1
f 1930//1 1922//1 1931//1
f 1929//1 622//1 621//1
f 1929//1 1928//1 622//1
f 1928//1 2236//1 622//1
f 1926//1 734//1 1903//1
f 1926//1 1917//1 734//1
f 1917//1 732//1 734//1
f 1923//1 1926//1 1903//1
f 1923//1 1925//1 1926//1
f 1925//1 1915//1 1926//1
f 1924//1 1905//1 132//1
f 1924//1 1923//1 1905//1
f 1923//1 1903//1 1905//1
f 1921//1 731//1 1908//1
f 1921//1 1920//1 731//1
f 1920//1 729//1 731//1
f 1916//1 1921//1 1908//1
f 1916//1 1918//1 1921//1
f 1918//1 1919//1 1921//1
f 1917//1 1910//1 732//1
f 1917//1 1916//1 1910//1
f 1916//1 1908//1 1910//1
f 1914//1 99//1 3804//1
f 1914//1 1913//1 99//1
f 1913//1 97//1 99//1
f 1909//1 1914//1 3804//1
f 1909//1 1911//1 1914//1
f 1911//1 1912//1 1914//1
f 1910//1 3806//1 732//1
f 1910//1 1909//1 3806//1
f 1909//1 3804//1 3806//1
f 1907//1 3706//1 3705//1
f 1907//1 1898//1 3706//1
f 1898//1 633//1 3706//1
f 1904//1 1907//1 3705//1
f 1904//1 1906//1 1907//1
f 1906//1 1896//1 1907//1
f 1905//1 133//1 132//1
f 1905//1 1904//1 133//1
f 1904//1 3705//1 133//1
f 1902//1 736//1 1889//1
f 1902//1 1901//1 736//1
f 1901//1 641//1 736//1
f 1897//1 1902//1 1889//1
f 1897//1 1899//1 1902//1
f 1899//1 1900//1 1902//1
f 1898//1 1891//1 633//1
f 1898//1 1897//1 1891//1
f 1897//1 1889//1 1891//1
f 1895//1 2201//1 2200//1
f 1895//1 1894//1 2201//1
f 1894//1 129//1 2201//1
f 1890//1 1895//1 2200//1
f 1890//1 1892//1 1895//1
f 1892//1 1893//1 1895//1
f 1891//1 634//1 633//1
f 1891//1 1890//1 634//1
f 1890//1 2200//1 634//1
f 1888//1 746//1 1867//1
f 1888//1 1881//1 746//1
f 1881//1 744//1 746//1
f 4205//1 1888//1 1867//1
f 4205//1 4206//1 1888//1
f 4206//1 1879//1 1888//1
f 1606//1 4207//1 97//1
f 1606//1 1886//1 4207//1
f 4205//1 1867//1 1869//1
f 1885//1 743//1 1872//1
f 1885//1 1884//1 743//1
f 1884//1 741//1 743//1
f 1880//1 1885//1 1872//1
f 1880//1 1882//1 1885//1
f 1882//1 1883//1 1885//1
f 1881//1 1874//1 744//1
f 1881//1 1880//1 1874//1
f 1880//1 1872//1 1874//1
f 1878//1 95//1 3816//1
f 1878//1 1877//1 95//1
f 1877//1 92//1 95//1
f 1873//1 1878//1 3816//1
f 1873//1 1875//1 1878//1
f 1875//1 1876//1 1878//1
f 1874//1 3818//1 744//1
f 1874//1 1873//1 3818//1
f 1873//1 3816//1 3818//1
f 1871//1 3718//1 3717//1
f 1871//1 1862//1 3718//1
f 1862//1 645//1 3718//1
f 1868//1 1871//1 3717//1
f 1868//1 1870//1 1871//1
f 1870//1 1860//1 1871//1
f 4207//1 128//1 97//1
f 1869//1 1868//1 4208//1
f 1868//1 3717//1 4208//1
f 1866//1 750//1 1855//1
f 1866//1 1865//1 750//1
f 1865//1 748//1 750//1
f 1861//1 1866//1 1855//1
f 1861//1 1863//1 1866//1
f 1863//1 1864//1 1866//1
f 1862//1 1857//1 645//1
f 1862//1 1861//1 1857//1
f 1861//1 1855//1 1857//1
f 1859//1 2165//1 2164//1
f 1859//1 1852//1 2165//1
f 1852//1 124//1 2165//1
f 1856//1 1859//1 2164//1
f 1856//1 1858//1 1859//1
f 1858//1 1850//1 1859//1
f 1857//1 646//1 645//1
f 1857//1 1856//1 646//1
f 1856//1 2164//1 646//1
f 1854//1 758//1 1831//1
f 1854//1 1845//1 758//1
f 1845//1 756//1 758//1
f 1851//1 1854//1 1831//1
f 1851//1 1853//1 1854//1
f 1853//1 1843//1 1854//1
f 1852//1 1833//1 124//1
f 1852//1 1851//1 1833//1
f 1851//1 1831//1 1833//1
f 1849//1 755//1 1836//1
f 1849//1 1848//1 755//1
f 1848//1 753//1 755//1
f 1844//1 1849//1 1836//1
f 1844//1 1846//1 1849//1
f 1846//1 1847//1 1849//1
f 1845//1 1838//1 756//1
f 1845//1 1844//1 1838//1
f 1844//1 1836//1 1838//1
f 1842//1 91//1 3828//1
f 1842//1 1841//1 91//1
f 1841//1 88//1 91//1
f 1837//1 1842//1 3828//1
f 1837//1 1839//1 1842//1
f 1839//1 1840//1 1842//1
f 1838//1 3830//1 756//1
f 1838//1 1837//1 3830//1
f 1837//1 3828//1 3830//1
f 1835//1 3730//1 3729//1
f 1835//1 1826//1 3730//1
f 1826//1 657//1 3730//1
f 1832//1 1835//1 3729//1
f 1832//1 1834//1 1835//1
f 1834//1 1824//1 1835//1
f 1833//1 125//1 124//1
f 1833//1 1832//1 125//1
f 1832//1 3729//1 125//1
f 1830//1 762//1 1819//1
f 1830//1 1829//1 762//1
f 1829//1 760//1 762//1
f 1825//1 1830//1 1819//1
f 1825//1 1827//1 1830//1
f 1827//1 1828//1 1830//1
f 1826//1 1821//1 657//1
f 1826//1 1825//1 1821//1
f 1825//1 1819//1 1821//1
f 1823//1 2129//1 2128//1
f 1823//1 1816//1 2129//1
f 1816//1 120//1 2129//1
f 1820//1 1823//1 2128//1
f 1820//1 1822//1 1823//1
f 1822//1 1814//1 1823//1
f 1821//1 658//1 657//1
f 1821//1 1820//1 658//1
f 1820//1 2128//1 658//1
f 1818//1 770//1 1795//1
f 1818//1 1809//1 770//1
f 1809//1 768//1 770//1
f 1815//1 1818//1 1795//1
f 1815//1 1817//1 1818//1
f 1817//1 1807//1 1818//1
f 1816//1 1797//1 120//1
f 1816//1 1815//1 1797//1
f 1815//1 1795//1 1797//1
f 1813//1 767//1 1800//1
f 1813//1 1812//1 767//1
f 1812//1 765//1 767//1
f 1808//1 1813//1 1800//1
f 1808//1 1810//1 1813//1
f 1810//1 1811//1 1813//1
f 1809//1 1802//1 768//1
f 1809//1 1808//1 1802//1
f 1808//1 1800//1 1802//1
f 1806//1 87//1 3840//1
f 1806//1 1805//1 87//1
f 1805//1 84//1 87//1
f 1801//1 1806//1 3840//1
f 1801//1 1803//1 1806//1
f 1803//1 1804//1 1806//1
f 1802//1 3842//1 768//1
f 1802//1 1801//1 3842//1
f 1801//1 3840//1 3842//1
f 1799//1 3742//1 3741//1
f 1799//1 1790//1 3742//1
f 1790//1 669//1 3742//1
f 1796//1 1799//1 3741//1
f 1796//1 1798//1 1799//1
f 1798//1 1788//1 1799//1
f 1797//1 121//1 120//1
f 1797//1 1796//1 121//1
f 1796//1 3741//1 121//1
f 1794//1 774//1 1783//1
f 1794//1 1793//1 774//1
f 1793//1 772//1 774//1
f 1789//1 1794//1 1783//1
f 1789//1 1791//1 1794//1
f 1791//1 1792//1 1794//1
f 1790//1 1785//1 669//1
f 1790//1 1789//1 1785//1
f 1789//1 1783//1 1785//1
f 1787//1 2093//1 2092//1
f 1787//1 1780//1 2093//1
f 1780//1 116//1 2093//1
f 1784//1 1787//1 2092//1
f 1784//1 1786//1 1787//1
f 1786//1 1778//1 1787//1
f 1785//1 670//1 669//1
f 1785//1 1784//1 670//1
f 1784//1 2092//1 670//1
f 1782//1 782//1 1759//1
f 1782//1 1773//1 782//1
f 1773//1 780//1 782//1
f 1779//1 1782//1 1759//1
f 1779//1 1781//1 1782//1
f 1781//1 1771//1 1782//1
f 1780//1 1761//1 116//1
f 1780//1 1779//1 1761//1
f 1779//1 1759//1 1761//1
f 1777//1 779//1 1764//1
f 1777//1 1776//1 779//1
f 1776//1 777//1 779//1
f 1772//1 1777//1 1764//1
f 1772//1 1774//1 1777//1
f 1774//1 1775//1 1777//1
f 1773//1 1766//1 780//1
f 1773//1 1772//1 1766//1
f 1772//1 1764//1 1766//1
f 1770//1 83//1 3852//1
f 1770//1 1769//1 83//1
f 1769//1 80//1 83//1
f 1765//1 1770//1 3852//1
f 1765//1 1767//1 1770//1
f 1767//1 1768//1 1770//1
f 1766//1 3854//1 780//1
f 1766//1 1765//1 3854//1
f 1765//1 3852//1 3854//1
f 1763//1 3754//1 3753//1
f 1763//1 1754//1 3754//1
f 1754//1 681//1 3754//1
f 1760//1 1763//1 3753//1
f 1760//1 1762//1 1763//1
f 1762//1 1752//1 1763//1
f 1761//1 117//1 116//1
f 1761//1 1760//1 117//1
f 1760//1 3753//1 117//1
f 1758//1 786//1 1747//1
f 1758//1 1757//1 786//1
f 1757//1 784//1 786//1
f 1753//1 1758//1 1747//1
f 1753//1 1755//1 1758//1
f 1755//1 1756//1 1758//1
f 1754//1 1749//1 681//1
f 1754//1 1753//1 1749//1
f 1753//1 1747//1 1749//1
f 1751//1 2057//1 2056//1
f 1751//1 1744//1 2057//1
f 1744//1 112//1 2057//1
f 1748//1 1751//1 2056//1
f 1748//1 1750//1 1751//1
f 1750//1 1742//1 1751//1
f 1749//1 682//1 681//1
f 1749//1 1748//1 682//1
f 1748//1 2056//1 682//1
f 1746//1 794//1 1723//1
f 1746//1 1737//1 794//1
f 1737//1 792//1 794//1
f 1743//1 1746//1 1723//1
f 1743//1 1745//1 1746//1
f 1745//1 1735//1 1746//1
f 1744//1 1725//1 112//1
f 1744//1 1743//1 1725//1
f 1743//1 1723//1 1725//1
f 1741//1 791//1 1728//1
f 1741//1 1740//1 791//1
f 1740//1 789//1 791//1
f 1736//1 1741//1 1728//1
f 1736//1 1738//1 1741//1
f 1738//1 1739//1 1741//1
f 1737//1 1730//1 792//1
f 1737//1 1736//1 1730//1
f 1736//1 1728//1 1730//1
f 1734//1 79//1 3864//1
f 1734//1 1733//1 79//1
f 1733//1 76//1 79//1
f 1729//1 1734//1 3864//1
f 1729//1 1731//1 1734//1
f 1731//1 1732//1 1734//1
f 1730//1 3866//1 792//1
f 1730//1 1729//1 3866//1
f 1729//1 3864//1 3866//1
f 1727//1 3766//1 3765//1
f 1727//1 1718//1 3766//1
f 1718//1 693//1 3766//1
f 1724//1 1727//1 3765//1
f 1724//1 1726//1 1727//1
f 1726//1 1716//1 1727//1
f 1725//1 113//1 112//1
f 1725//1 1724//1 113//1
f 1724//1 3765//1 113//1
f 1722//1 798//1 1711//1
f 1722//1 1721//1 798//1
f 1721//1 796//1 798//1
f 1717//1 1722//1 1711//1
f 1717//1 1719//1 1722//1
f 1719//1 1720//1 1722//1
f 1718//1 1713//1 693//1
f 1718//1 1717//1 1713//1
f 1717//1 1711//1 1713//1
f 1715//1 2021//1 2020//1
f 1715//1 1708//1 2021//1
f 1708//1 108//1 2021//1
f 1712//1 1715//1 2020//1
f 1712//1 1714//1 1715//1
f 1714//1 1706//1 1715//1
f 1713//1 694//1 693//1
f 1713//1 1712//1 694//1
f 1712//1 2020//1 694//1
f 1710//1 806//1 1687//1
f 1710//1 1701//1 806//1
f 1701//1 804//1 806//1
f 1707//1 1710//1 1687//1
f 1707//1 1709//1 1710//1
f 1709//1 1699//1 1710//1
f 1708//1 1689//1 108//1
f 1708//1 1707//1 1689//1
f 1707//1 1687//1 1689//1
f 1705//1 803//1 1692//1
f 1705//1 1704//1 803//1
f 1704//1 801//1 803//1
f 1700//1 1705//1 1692//1
f 1700//1 1702//1 1705//1
f 1702//1 1703//1 1705//1
f 1701//1 1694//1 804//1
f 1701//1 1700//1 1694//1
f 1700//1 1692//1 1694//1
f 1698//1 75//1 3876//1
f 1698//1 1697//1 75//1
f 1697//1 72//1 75//1
f 1693//1 1698//1 3876//1
f 1693//1 1695//1 1698//1
f 1695//1 1696//1 1698//1
f 1694//1 3878//1 804//1
f 1694//1 1693//1 3878//1
f 1693//1 3876//1 3878//1
f 1691//1 3778//1 3777//1
f 1691//1 1682//1 3778//1
f 1682//1 705//1 3778//1
f 1688//1 1691//1 3777//1
f 1688//1 1690//1 1691//1
f 1690//1 1680//1 1691//1
f 1689//1 109//1 108//1
f 1689//1 1688//1 109//1
f 1688//1 3777//1 109//1
f 1686//1 810//1 1675//1
f 1686//1 1685//1 810//1
f 1685//1 808//1 810//1
f 1681//1 1686//1 1675//1
f 1681//1 1683//1 1686//1
f 1683//1 1684//1 1686//1
f 1682//1 1677//1 705//1
f 1682//1 1681//1 1677//1
f 1681//1 1675//1 1677//1
f 1679//1 1985//1 1984//1
f 1679//1 1672//1 1985//1
f 1672//1 104//1 1985//1
f 1676//1 1679//1 1984//1
f 1676//1 1678//1 1679//1
f 1678//1 1670//1 1679//1
f 1677//1 706//1 705//1
f 1677//1 1676//1 706//1
f 1676//1 1984//1 706//1
f 1674//1 818//1 1651//1
f 1674//1 1665//1 818//1
f 1665//1 816//1 818//1
f 1671//1 1674//1 1651//1
f 1671//1 1673//1 1674//1
f 1673//1 1663//1 1674//1
f 1672//1 1653//1 104//1
f 1672//1 1671//1 1653//1
f 1671//1 1651//1 1653//1
f 1669//1 815//1 1656//1
f 1669//1 1668//1 815//1
f 1668//1 813//1 815//1
f 1664//1 1669//1 1656//1
f 1664//1 1666//1 1669//1
f 1666//1 1667//1 1669//1
f 1665//1 1658//1 816//1
f 1665//1 1664//1 1658//1
f 1664//1 1656//1 1658//1
f 1662//1 71//1 3888//1
f 1662//1 1661//1 71//1
f 1661//1 68//1 71//1
f 1657//1 1662//1 3888//1
f 1657//1 1659//1 1662//1
f 1659//1 1660//1 1662//1
f 1658//1 3890//1 816//1
f 1658//1 1657//1 3890//1
f 1657//1 3888//1 3890//1
f 1655//1 3790//1 3789//1
f 1655//1 1646//1 3790//1
f 1646//1 717//1 3790//1
f 1652//1 1655//1 3789//1
f 1652//1 1654//1 1655//1
f 1654//1 1644//1 1655//1
f 1653//1 105//1 104//1
f 1653//1 1652//1 105//1
f 1652//1 3789//1 105//1
f 1650//1 822//1 1639//1
f 1650//1 1649//1 822//1
f 1649//1 820//1 822//1
f 1645//1 1650//1 1639//1
f 1645//1 1647//1 1650//1
f 1647//1 1648//1 1650//1
f 1646//1 1641//1 717//1
f 1646//1 1645//1 1641//1
f 1645//1 1639//1 1641//1
f 1643//1 1949//1 1948//1
f 1643//1 1636//1 1949//1
f 1636//1 100//1 1949//1
f 1640//1 1643//1 1948//1
f 1640//1 1642//1 1643//1
f 1642//1 1634//1 1643//1
f 1641//1 718//1 717//1
f 1641//1 1640//1 718//1
f 1640//1 1948//1 718//1
f 1638//1 830//1 1615//1
f 1638//1 1629//1 830//1
f 1629//1 828//1 830//1
f 1635//1 1638//1 1615//1
f 1635//1 1637//1 1638//1
f 1637//1 1627//1 1638//1
f 1636//1 1617//1 100//1
f 1636//1 1635//1 1617//1
f 1635//1 1615//1 1617//1
f 1633//1 827//1 1620//1
f 1633//1 1632//1 827//1
f 1632//1 825//1 827//1
f 1628//1 1633//1 1620//1
f 1628//1 1630//1 1633//1
f 1630//1 1631//1 1633//1
f 1629//1 1622//1 828//1
f 1629//1 1628//1 1622//1
f 1628//1 1620//1 1622//1
f 1626//1 67//1 3900//1
f 1626//1 1625//1 67//1
f 1625//1 65//1 67//1
f 1621//1 1626//1 3900//1
f 1621//1 1623//1 1626//1
f 1623//1 1624//1 1626//1
f 1622//1 3902//1 828//1
f 1622//1 1621//1 3902//1
f 1621//1 3900//1 3902//1
f 1619//1 3802//1 3801//1
f 1619//1 1610//1 3802//1
f 1610//1 729//1 3802//1
f 1616//1 1619//1 3801//1
f 1616//1 1618//1 1619//1
f 1618//1 1608//1 1619//1
f 1617//1 101//1 100//1
f 1617//1 1616//1 101//1
f 1616//1 3801//1 101//1
f 1614//1 832//1 1601//1
f 1614//1 1613//1 832//1
f 1613//1 737//1 832//1
f 1609//1 1614//1 1601//1
f 1609//1 1611//1 1614//1
f 1611//1 1612//1 1614//1
f 1610//1 1603//1 729//1
f 1610//1 1609//1 1603//1
f 1609//1 1601//1 1603//1
f 1607//1 1913//1 1912//1
f 1607//1 1606//1 1913//1
f 1606//1 97//1 1913//1
f 1602//1 1607//1 1912//1
f 1602//1 1604//1 1607//1
f 1604//1 1605//1 1607//1
f 1603//1 730//1 729//1
f 1603//1 1602//1 730//1
f 1602//1 1912//1 730//1
f 1600//1 842//1 1579//1
f 1600//1 1593//1 842//1
f 1593//1 840//1 842//1
f 4209//1 1600//1 1579//1
f 4209//1 4210//1 1600//1
f 4210//1 1591//1 1600//1
f 1318//1 4211//1 65//1
f 1318//1 1598//1 4211//1
f 4209//1 1579//1 1581//1
f 1597//1 839//1 1584//1
f 1597//1 1596//1 839//1
f 1596//1 837//1 839//1
f 1592//1 1597//1 1584//1
f 1592//1 1594//1 1597//1
f 1594//1 1595//1 1597//1
f 1593//1 1586//1 840//1
f 1593//1 1592//1 1586//1
f 1592//1 1584//1 1586//1
f 1590//1 63//1 3912//1
f 1590//1 1589//1 63//1
f 1589//1 60//1 63//1
f 1585//1 1590//1 3912//1
f 1585//1 1587//1 1590//1
f 1587//1 1588//1 1590//1
f 1586//1 3914//1 840//1
f 1586//1 1585//1 3914//1
f 1585//1 3912//1 3914//1
f 1583//1 3814//1 3813//1
f 1583//1 1574//1 3814//1
f 1574//1 741//1 3814//1
f 1580//1 1583//1 3813//1
f 1580//1 1582//1 1583//1
f 1582//1 1572//1 1583//1
f 4211//1 96//1 65//1
f 1581//1 1580//1 4212//1
f 1580//1 3813//1 4212//1
f 1578//1 846//1 1567//1
f 1578//1 1577//1 846//1
f 1577//1 844//1 846//1
f 1573//1 1578//1 1567//1
f 1573//1 1575//1 1578//1
f 1575//1 1576//1 1578//1
f 1574//1 1569//1 741//1
f 1574//1 1573//1 1569//1
f 1573//1 1567//1 1569//1
f 1571//1 1877//1 1876//1
f 1571//1 1564//1 1877//1
f 1564//1 92//1 1877//1
f 1568//1 1571//1 1876//1
f 1568//1 1570//1 1571//1
f 1570//1 1562//1 1571//1
f 1569//1 742//1 741//1
f 1569//1 1568//1 742//1
f 1568//1 1876//1 742//1
f 1566//1 854//1 1543//1
f 1566//1 1557//1 854//1
f 1557//1 852//1 854//1
f 1563//1 1566//1 1543//1
f 1563//1 1565//1 1566//1
f 1565//1 1555//1 1566//1
f 1564//1 1545//1 92//1
f 1564//1 1563//1 1545//1
f 1563//1 1543//1 1545//1
f 1561//1 851//1 1548//1
f 1561//1 1560//1 851//1
f 1560//1 849//1 851//1
f 1556//1 1561//1 1548//1
f 1556//1 1558//1 1561//1
f 1558//1 1559//1 1561//1
f 1557//1 1550//1 852//1
f 1557//1 1556//1 1550//1
f 1556//1 1548//1 1550//1
f 1554//1 59//1 3924//1
f 1554//1 1553//1 59//1
f 1553//1 56//1 59//1
f 1549//1 1554//1 3924//1
f 1549//1 1551//1 1554//1
f 1551//1 1552//1 1554//1
f 1550//1 3926//1 852//1
f 1550//1 1549//1 3926//1
f 1549//1 3924//1 3926//1
f 1547//1 3826//1 3825//1
f 1547//1 1538//1 3826//1
f 1538//1 753//1 3826//1
f 1544//1 1547//1 3825//1
f 1544//1 1546//1 1547//1
f 1546//1 1536//1 1547//1
f 1545//1 93//1 92//1
f 1545//1 1544//1 93//1
f 1544//1 3825//1 93//1
f 1542//1 858//1 1531//1
f 1542//1 1541//1 858//1
f 1541//1 856//1 858//1
f 1537//1 1542//1 1531//1
f 1537//1 1539//1 1542//1
f 1539//1 1540//1 1542//1
f 1538//1 1533//1 753//1
f 1538//1 1537//1 1533//1
f 1537//1 1531//1 1533//1
f 1535//1 1841//1 1840//1
f 1535//1 1528//1 1841//1
f 1528//1 88//1 1841//1
f 1532//1 1535//1 1840//1
f 1532//1 1534//1 1535//1
f 1534//1 1526//1 1535//1
f 1533//1 754//1 753//1
f 1533//1 1532//1 754//1
f 1532//1 1840//1 754//1
f 1530//1 866//1 1507//1
f 1530//1 1521//1 866//1
f 1521//1 864//1 866//1
f 1527//1 1530//1 1507//1
f 1527//1 1529//1 1530//1
f 1529//1 1519//1 1530//1
f 1528//1 1509//1 88//1
f 1528//1 1527//1 1509//1
f 1527//1 1507//1 1509//1
f 1525//1 863//1 1512//1
f 1525//1 1524//1 863//1
f 1524//1 861//1 863//1
f 1520//1 1525//1 1512//1
f 1520//1 1522//1 1525//1
f 1522//1 1523//1 1525//1
f 1521//1 1514//1 864//1
f 1521//1 1520//1 1514//1
f 1520//1 1512//1 1514//1
f 1518//1 55//1 3936//1
f 1518//1 1517//1 55//1
f 1517//1 52//1 55//1
f 1513//1 1518//1 3936//1
f 1513//1 1515//1 1518//1
f 1515//1 1516//1 1518//1
f 1514//1 3938//1 864//1
f 1514//1 1513//1 3938//1
f 1513//1 3936//1 3938//1
f 1511//1 3838//1 3837//1
f 1511//1 1502//1 3838//1
f 1502//1 765//1 3838//1
f 1508//1 1511//1 3837//1
f 1508//1 1510//1 1511//1
f 1510//1 1500//1 1511//1
f 1509//1 89//1 88//1
f 1509//1 1508//1 89//1
f 1508//1 3837//1 89//1
f 1506//1 870//1 1495//1
f 1506//1 1505//1 870//1
f 1505//1 868//1 870//1
f 1501//1 1506//1 1495//1
f 1501//1 1503//1 1506//1
f 1503//1 1504//1 1506//1
f 1502//1 1497//1 765//1
f 1502//1 1501//1 1497//1
f 1501//1 1495//1 1497//1
f 1499//1 1805//1 1804//1
f 1499//1 1492//1 1805//1
f 1492//1 84//1 1805//1
f 1496//1 1499//1 1804//1
f 1496//1 1498//1 1499//1
f 1498//1 1490//1 1499//1
f 1497//1 766//1 765//1
f 1497//1 1496//1 766//1
f 1496//1 1804//1 766//1
f 1494//1 878//1 1471//1
f 1494//1 1485//1 878//1
f 1485//1 876//1 878//1
f 1491//1 1494//1 1471//1
f 1491//1 1493//1 1494//1
f 1493//1 1483//1 1494//1
f 1492//1 1473//1 84//1
f 1492//1 1491//1 1473//1
f 1491//1 1471//1 1473//1
f 1489//1 875//1 1476//1
f 1489//1 1488//1 875//1
f 1488//1 873//1 875//1
f 1484//1 1489//1 1476//1
f 1484//1 1486//1 1489//1
f 1486//1 1487//1 1489//1
f 1485//1 1478//1 876//1
f 1485//1 1484//1 1478//1
f 1484//1 1476//1 1478//1
f 1482//1 51//1 3948//1
f 1482//1 1481//1 51//1
f 1481//1 48//1 51//1
f 1477//1 1482//1 3948//1
f 1477//1 1479//1 1482//1
f 1479//1 1480//1 1482//1
f 1478//1 3950//1 876//1
f 1478//1 1477//1 3950//1
f 1477//1 3948//1 3950//1
f 1475//1 3850//1 3849//1
f 1475//1 1466//1 3850//1
f 1466//1 777//1 3850//1
f 1472//1 1475//1 3849//1
f 1472//1 1474//1 1475//1
f 1474//1 1464//1 1475//1
f 1473//1 85//1 84//1
f 1473//1 1472//1 85//1
f 1472//1 3849//1 85//1
f 1470//1 882//1 1459//1
f 1470//1 1469//1 882//1
f 1469//1 880//1 882//1
f 1465//1 1470//1 1459//1
f 1465//1 1467//1 1470//1
f 1467//1 1468//1 1470//1
f 1466//1 1461//1 777//1
f 1466//1 1465//1 1461//1
f 1465//1 1459//1 1461//1
f 1463//1 1769//1 1768//1
f 1463//1 1456//1 1769//1
f 1456//1 80//1 1769//1
f 1460//1 1463//1 1768//1
f 1460//1 1462//1 1463//1
f 1462//1 1454//1 1463//1
f 1461//1 778//1 777//1
f 1461//1 1460//1 778//1
f 1460//1 1768//1 778//1
f 1458//1 890//1 1435//1
f 1458//1 1449//1 890//1
f 1449//1 888//1 890//1
f 1455//1 1458//1 1435//1
f 1455//1 1457//1 1458//1
f 1457//1 1447//1 1458//1
f 1456//1 1437//1 80//1
f 1456//1 1455//1 1437//1
f 1455//1 1435//1 1437//1
f 1453//1 887//1 1440//1
f 1453//1 1452//1 887//1
f 1452//1 885//1 887//1
f 1448//1 1453//1 1440//1
f 1448//1 1450//1 1453//1
f 1450//1 1451//1 1453//1
f 1449//1 1442//1 888//1
f 1449//1 1448//1 1442//1
f 1448//1 1440//1 1442//1
f 1446//1 47//1 3960//1
f 1446//1 1445//1 47//1
f 1445//1 44//1 47//1
f 1441//1 1446//1 3960//1
f 1441//1 1443//1 1446//1
f 1443//1 1444//1 1446//1
f 1442//1 3962//1 888//1
f 1442//1 1441//1 3962//1
f 1441//1 3960//1 3962//1
f 1439//1 3862//1 3861//1
f 1439//1 1430//1 3862//1
f 1430//1 789//1 3862//1
f 1436//1 1439//1 3861//1
f 1436//1 1438//1 1439//1
f 1438//1 1428//1 1439//1
f 1437//1 81//1 80//1
f 1437//1 1436//1 81//1
f 1436//1 3861//1 81//1
f 1434//1 894//1 1423//1
f 1434//1 1433//1 894//1
f 1433//1 892//1 894//1
f 1429//1 1434//1 1423//1
f 1429//1 1431//1 1434//1
f 1431//1 1432//1 1434//1
f 1430//1 1425//1 789//1
f 1430//1 1429//1 1425//1
f 1429//1 1423//1 1425//1
f 1427//1 1733//1 1732//1
f 1427//1 1420//1 1733//1
f 1420//1 76//1 1733//1
f 1424//1 1427//1 1732//1
f 1424//1 1426//1 1427//1
f 1426//1 1418//1 1427//1
f 1425//1 790//1 789//1
f 1425//1 1424//1 790//1
f 1424//1 1732//1 790//1
f 1422//1 902//1 1399//1
f 1422//1 1413//1 902//1
f 1413//1 900//1 902//1
f 1419//1 1422//1 1399//1
f 1419//1 1421//1 1422//1
f 1421//1 1411//1 1422//1
f 1420//1 1401//1 76//1
f 1420//1 1419//1 1401//1
f 1419//1 1399//1 1401//1
f 1417//1 899//1 1404//1
f 1417//1 1416//1 899//1
f 1416//1 897//1 899//1
f 1412//1 1417//1 1404//1
f 1412//1 1414//1 1417//1
f 1414//1 1415//1 1417//1
f 1413//1 1406//1 900//1
f 1413//1 1412//1 1406//1
f 1412//1 1404//1 1406//1
f 1410//1 43//1 3972//1
f 1410//1 1409//1 43//1
f 1409//1 40//1 43//1
f 1405//1 1410//1 3972//1
f 1405//1 1407//1 1410//1
f 1407//1 1408//1 1410//1
f 1406//1 3974//1 900//1
f 1406//1 1405//1 3974//1
f 1405//1 3972//1 3974//1
f 1403//1 3874//1 3873//1
f 1403//1 1394//1 3874//1
f 1394//1 801//1 3874//1
f 1400//1 1403//1 3873//1
f 1400//1 1402//1 1403//1
f 1402//1 1392//1 1403//1
f 1401//1 77//1 76//1
f 1401//1 1400//1 77//1
f 1400//1 3873//1 77//1
f 1398//1 906//1 1387//1
f 1398//1 1397//1 906//1
f 1397//1 904//1 906//1
f 1393//1 1398//1 1387//1
f 1393//1 1395//1 1398//1
f 1395//1 1396//1 1398//1
f 1394//1 1389//1 801//1
f 1394//1 1393//1 1389//1
f 1393//1 1387//1 1389//1
f 1391//1 1697//1 1696//1
f 1391//1 1384//1 1697//1
f 1384//1 72//1 1697//1
f 1388//1 1391//1 1696//1
f 1388//1 1390//1 1391//1
f 1390//1 1382//1 1391//1
f 1389//1 802//1 801//1
f 1389//1 1388//1 802//1
f 1388//1 1696//1 802//1
f 1386//1 914//1 1363//1
f 1386//1 1377//1 914//1
f 1377//1 912//1 914//1
f 1383//1 1386//1 1363//1
f 1383//1 1385//1 1386//1
f 1385//1 1375//1 1386//1
f 1384//1 1365//1 72//1
f 1384//1 1383//1 1365//1
f 1383//1 1363//1 1365//1
f 1381//1 911//1 1368//1
f 1381//1 1380//1 911//1
f 1380//1 909//1 911//1
f 1376//1 1381//1 1368//1
f 1376//1 1378//1 1381//1
f 1378//1 1379//1 1381//1
f 1377//1 1370//1 912//1
f 1377//1 1376//1 1370//1
f 1376//1 1368//1 1370//1
f 1374//1 39//1 3984//1
f 1374//1 1373//1 39//1
f 1373//1 36//1 39//1
f 1369//1 1374//1 3984//1
f 1369//1 1371//1 1374//1
f 1371//1 1372//1 1374//1
f 1370//1 3986//1 912//1
f 1370//1 1369//1 3986//1
f 1369//1 3984//1 3986//1
f 1367//1 3886//1 3885//1
f 1367//1 1358//1 3886//1
f 1358//1 813//1 3886//1
f 1364//1 1367//1 3885//1
f 1364//1 1366//1 1367//1
f 1366//1 1356//1 1367//1
f 1365//1 73//1 72//1
f 1365//1 1364//1 73//1
f 1364//1 3885//1 73//1
f 1362//1 918//1 1351//1
f 1362//1 1361//1 918//1
f 1361//1 916//1 918//1
f 1357//1 1362//1 1351//1
f 1357//1 1359//1 1362//1
f 1359//1 1360//1 1362//1
f 1358//1 1353//1 813//1
f 1358//1 1357//1 1353//1
f 1357//1 1351//1 1353//1
f 1355//1 1661//1 1660//1
f 1355//1 1348//1 1661//1
f 1348//1 68//1 1661//1
f 1352//1 1355//1 1660//1
f 1352//1 1354//1 1355//1
f 1354//1 1346//1 1355//1
f 1353//1 814//1 813//1
f 1353//1 1352//1 814//1
f 1352//1 1660//1 814//1
f 1350//1 926//1 1327//1
f 1350//1 1341//1 926//1
f 1341//1 924//1 926//1
f 1347//1 1350//1 1327//1
f 1347//1 1349//1 1350//1
f 1349//1 1339//1 1350//1
f 1348//1 1329//1 68//1
f 1348//1 1347//1 1329//1
f 1347//1 1327//1 1329//1
f 1345//1 923//1 1332//1
f 1345//1 1344//1 923//1
f 1344//1 921//1 923//1
f 1340//1 1345//1 1332//1
f 1340//1 1342//1 1345//1
f 1342//1 1343//1 1345//1
f 1341//1 1334//1 924//1
f 1341//1 1340//1 1334//1
f 1340//1 1332//1 1334//1
f 1338//1 35//1 3996//1
f 1338//1 1337//1 35//1
f 1337//1 33//1 35//1
f 1333//1 1338//1 3996//1
f 1333//1 1335//1 1338//1
f 1335//1 1336//1 1338//1
f 1334//1 3998//1 924//1
f 1334//1 1333//1 3998//1
f 1333//1 3996//1 3998//1
f 1331//1 3898//1 3897//1
f 1331//1 1322//1 3898//1
f 1322//1 825//1 3898//1
f 1328//1 1331//1 3897//1
f 1328//1 1330//1 1331//1
f 1330//1 1320//1 1331//1
f 1329//1 69//1 68//1
f 1329//1 1328//1 69//1
f 1328//1 3897//1 69//1
f 1326//1 928//1 1313//1
f 1326//1 1325//1 928//1
f 1325//1 833//1 928//1
f 1321//1 1326//1 1313//1
f 1321//1 1323//1 1326//1
f 1323//1 1324//1 1326//1
f 1322//1 1315//1 825//1
f 1322//1 1321//1 1315//1
f 1321//1 1313//1 1315//1
f 1319//1 1625//1 1624//1
f 1319//1 1318//1 1625//1
f 1318//1 65//1 1625//1
f 1314//1 1319//1 1624//1
f 1314//1 1316//1 1319//1
f 1316//1 1317//1 1319//1
f 1315//1 826//1 825//1
f 1315//1 1314//1 826//1
f 1314//1 1624//1 826//1
f 1312//1 938//1 1291//1
f 1312//1 1305//1 938//1
f 1305//1 936//1 938//1
f 4213//1 1312//1 1291//1
f 4213//1 4214//1 1312//1
f 4214//1 1303//1 1312//1
f 1030//1 4215//1 33//1
f 1030//1 1310//1 4215//1
f 4213//1 1291//1 1293//1
f 1309//1 935//1 1296//1
f 1309//1 1308//1 935//1
f 1308//1 933//1 935//1
f 1304//1 1309//1 1296//1
f 1304//1 1306//1 1309//1
f 1306//1 1307//1 1309//1
f 1305//1 1298//1 936//1
f 1305//1 1304//1 1298//1
f 1304//1 1296//1 1298//1
f 1302//1 31//1 4008//1
f 1302//1 1301//1 31//1
f 1301//1 28//1 31//1
f 1297//1 1302//1 4008//1
f 1297//1 1299//1 1302//1
f 1299//1 1300//1 1302//1
f 1298//1 4010//1 936//1
f 1298//1 1297//1 4010//1
f 1297//1 4008//1 4010//1
f 1295//1 3910//1 3909//1
f 1295//1 1286//1 3910//1
f 1286//1 837//1 3910//1
f 1292//1 1295//1 3909//1
f 1292//1 1294//1 1295//1
f 1294//1 1284//1 1295//1
f 4215//1 64//1 33//1
f 1293//1 1292//1 4216//1
f 1292//1 3909//1 4216//1
f 1290//1 942//1 1279//1
f 1290//1 1289//1 942//1
f 1289//1 940//1 942//1
f 1285//1 1290//1 1279//1
f 1285//1 1287//1 1290//1
f 1287//1 1288//1 1290//1
f 1286//1 1281//1 837//1
f 1286//1 1285//1 1281//1
f 1285//1 1279//1 1281//1
f 1283//1 1589//1 1588//1
f 1283//1 1276//1 1589//1
f 1276//1 60//1 1589//1
f 1280//1 1283//1 1588//1
f 1280//1 1282//1 1283//1
f 1282//1 1274//1 1283//1
f 1281//1 838//1 837//1
f 1281//1 1280//1 838//1
f 1280//1 1588//1 838//1
f 1278//1 950//1 1255//1
f 1278//1 1269//1 950//1
f 1269//1 948//1 950//1
f 1275//1 1278//1 1255//1
f 1275//1 1277//1 1278//1
f 1277//1 1267//1 1278//1
f 1276//1 1257//1 60//1
f 1276//1 1275//1 1257//1
f 1275//1 1255//1 1257//1
f 1273//1 947//1 1260//1
f 1273//1 1272//1 947//1
f 1272//1 945//1 947//1
f 1268//1 1273//1 1260//1
f 1268//1 1270//1 1273//1
f 1270//1 1271//1 1273//1
f 1269//1 1262//1 948//1
f 1269//1 1268//1 1262//1
f 1268//1 1260//1 1262//1
f 1266//1 27//1 4020//1
f 1266//1 1265//1 27//1
f 1265//1 24//1 27//1
f 1261//1 1266//1 4020//1
f 1261//1 1263//1 1266//1
f 1263//1 1264//1 1266//1
f 1262//1 4022//1 948//1
f 1262//1 1261//1 4022//1
f 1261//1 4020//1 4022//1
f 1259//1 3922//1 3921//1
f 1259//1 1250//1 3922//1
f 1250//1 849//1 3922//1
f 1256//1 1259//1 3921//1
f 1256//1 1258//1 1259//1
f 1258//1 1248//1 1259//1
f 1257//1 61//1 60//1
f 1257//1 1256//1 61//1
f 1256//1 3921//1 61//1
f 1254//1 954//1 1243//1
f 1254//1 1253//1 954//1
f 1253//1 952//1 954//1
f 1249//1 1254//1 1243//1
f 1249//1 1251//1 1254//1
f 1251//1 1252//1 1254//1
f 1250//1 1245//1 849//1
f 1250//1 1249//1 1245//1
f 1249//1 1243//1 1245//1
f 1247//1 1553//1 1552//1
f 1247//1 1240//1 1553//1
f 1240//1 56//1 1553//1
f 1244//1 1247//1 1552//1
f 1244//1 1246//1 1247//1
f 1246//1 1238//1 1247//1
f 1245//1 850//1 849//1
f 1245//1 1244//1 850//1
f 1244//1 1552//1 850//1
f 1242//1 962//1 1219//1
f 1242//1 1233//1 962//1
f 1233//1 960//1 962//1
f 1239//1 1242//1 1219//1
f 1239//1 1241//1 1242//1
f 1241//1 1231//1 1242//1
f 1240//1 1221//1 56//1
f 1240//1 1239//1 1221//1
f 1239//1 1219//1 1221//1
f 1237//1 959//1 1224//1
f 1237//1 1236//1 959//1
f 1236//1 957//1 959//1
f 1232//1 1237//1 1224//1
f 1232//1 1234//1 1237//1
f 1234//1 1235//1 1237//1
f 1233//1 1226//1 960//1
f 1233//1 1232//1 1226//1
f 1232//1 1224//1 1226//1
f 1230//1 23//1 4032//1
f 1230//1 1229//1 23//1
f 1229//1 20//1 23//1
f 1225//1 1230//1 4032//1
f 1225//1 1227//1 1230//1
f 1227//1 1228//1 1230//1
f 1226//1 4034//1 960//1
f 1226//1 1225//1 4034//1
f 1225//1 4032//1 4034//1
f 1223//1 3934//1 3933//1
f 1223//1 1214//1 3934//1
f 1214//1 861//1 3934//1
f 1220//1 1223//1 3933//1
f 1220//1 1222//1 1223//1
f 1222//1 1212//1 1223//1
f 1221//1 57//1 56//1
f 1221//1 1220//1 57//1
f 1220//1 3933//1 57//1
f 1218//1 966//1 1207//1
f 1218//1 1217//1 966//1
f 1217//1 964//1 966//1
f 1213//1 1218//1 1207//1
f 1213//1 1215//1 1218//1
f 1215//1 1216//1 1218//1
f 1214//1 1209//1 861//1
f 1214//1 1213//1 1209//1
f 1213//1 1207//1 1209//1
f 1211//1 1517//1 1516//1
f 1211//1 1204//1 1517//1
f 1204//1 52//1 1517//1
f 1208//1 1211//1 1516//1
f 1208//1 1210//1 1211//1
f 1210//1 1202//1 1211//1
f 1209//1 862//1 861//1
f 1209//1 1208//1 862//1
f 1208//1 1516//1 862//1
f 1206//1 974//1 1183//1
f 1206//1 1197//1 974//1
f 1197//1 972//1 974//1
f 1203//1 1206//1 1183//1
f 1203//1 1205//1 1206//1
f 1205//1 1195//1 1206//1
f 1204//1 1185//1 52//1
f 1204//1 1203//1 1185//1
f 1203//1 1183//1 1185//1
f 1201//1 971//1 1188//1
f 1201//1 1200//1 971//1
f 1200//1 969//1 971//1
f 1196//1 1201//1 1188//1
f 1196//1 1198//1 1201//1
f 1198//1 1199//1 1201//1
f 1197//1 1190//1 972//1
f 1197//1 1196//1 1190//1
f 1196//1 1188//1 1190//1
f 1194//1 19//1 4044//1
f 1194//1 1193//1 19//1
f 1193//1 16//1 19//1
f 1189//1 1194//1 4044//1
f 1189//1 1191//1 1194//1
f 1191//1 1192//1 1194//1
f 1190//1 4046//1 972//1
f 1190//1 1189//1 4046//1
f 1189//1 4044//1 4046//1
f 1187//1 3946//1 3945//1
f 1187//1 1178//1 3946//1
f 1178//1 873//1 3946//1
f 1184//1 1187//1 3945//1
f 1184//1 1186//1 1187//1
f 1186//1 1176//1 1187//1
f 1185//1 53//1 52//1
f 1185//1 1184//1 53//1
f 1184//1 3945//1 53//1
f 1182//1 978//1 1171//1
f 1182//1 1181//1 978//1
f 1181//1 976//1 978//1
f 1177//1 1182//1 1171//1
f 1177//1 1179//1 1182//1
f 1179//1 1180//1 1182//1
f 1178//1 1173//1 873//1
f 1178//1 1177//1 1173//1
f 1177//1 1171//1 1173//1
f 1175//1 1481//1 1480//1
f 1175//1 1168//1 1481//1
f 1168//1 48//1 1481//1
f 1172//1 1175//1 1480//1
f 1172//1 1174//1 1175//1
f 1174//1 1166//1 1175//1
f 1173//1 874//1 873//1
f 1173//1 1172//1 874//1
f 1172//1 1480//1 874//1
f 1170//1 986//1 1147//1
f 1170//1 1161//1 986//1
f 1161//1 984//1 986//1
f 1167//1 1170//1 1147//1
f 1167//1 1169//1 1170//1
f 1169//1 1159//1 1170//1
f 1168//1 1149//1 48//1
f 1168//1 1167//1 1149//1
f 1167//1 1147//1 1149//1
f 1165//1 983//1 1152//1
f 1165//1 1164//1 983//1
f 1164//1 981//1 983//1
f 1160//1 1165//1 1152//1
f 1160//1 1162//1 1165//1
f 1162//1 1163//1 1165//1
f 1161//1 1154//1 984//1
f 1161//1 1160//1 1154//1
f 1160//1 1152//1 1154//1
f 1158//1 15//1 4056//1
f 1158//1 1157//1 15//1
f 1157//1 12//1 15//1
f 1153//1 1158//1 4056//1
f 1153//1 1155//1 1158//1
f 1155//1 1156//1 1158//1
f 1154//1 4058//1 984//1
f 1154//1 1153//1 4058//1
f 1153//1 4056//1 4058//1
f 1151//1 3958//1 3957//1
f 1151//1 1142//1 3958//1
f 1142//1 885//1 3958//1
f 1148//1 1151//1 3957//1
f 1148//1 1150//1 1151//1
f 1150//1 1140//1 1151//1
f 1149//1 49//1 48//1
f 1149//1 1148//1 49//1
f 1148//1 3957//1 49//1
f 1146//1 990//1 1135//1
f 1146//1 1145//1 990//1
f 1145//1 988//1 990//1
f 1141//1 1146//1 1135//1
f 1141//1 1143//1 1146//1
f 1143//1 1144//1 1146//1
f 1142//1 1137//1 885//1
f 1142//1 1141//1 1137//1
f 1141//1 1135//1 1137//1
f 1139//1 1445//1 1444//1
f 1139//1 1132//1 1445//1
f 1132//1 44//1 1445//1
f 1136//1 1139//1 1444//1
f 1136//1 1138//1 1139//1
f 1138//1 1130//1 1139//1
f 1137//1 886//1 885//1
f 1137//1 1136//1 886//1
f 1136//1 1444//1 886//1
f 1134//1 998//1 1111//1
f 1134//1 1125//1 998//1
f 1125//1 996//1 998//1
f 1131//1 1134//1 1111//1
f 1131//1 1133//1 1134//1
f 1133//1 1123//1 1134//1
f 1132//1 1113//1 44//1
f 1132//1 1131//1 1113//1
f 1131//1 1111//1 1113//1
f 1129//1 995//1 1116//1
f 1129//1 1128//1 995//1
f 1128//1 993//1 995//1
f 1124//1 1129//1 1116//1
f 1124//1 1126//1 1129//1
f 1126//1 1127//1 1129//1
f 1125//1 1118//1 996//1
f 1125//1 1124//1 1118//1
f 1124//1 1116//1 1118//1
f 1122//1 11//1 4068//1
f 1122//1 1121//1 11//1
f 1121//1 8//1 11//1
f 1117//1 1122//1 4068//1
f 1117//1 1119//1 1122//1
f 1119//1 1120//1 1122//1
f 1118//1 4070//1 996//1
f 1118//1 1117//1 4070//1
f 1117//1 4068//1 4070//1
f 1115//1 3970//1 3969//1
f 1115//1 1106//1 3970//1
f 1106//1 897//1 3970//1
f 1112//1 1115//1 3969//1
f 1112//1 1114//1 1115//1
f 1114//1 1104//1 1115//1
f 1113//1 45//1 44//1
f 1113//1 1112//1 45//1
f 1112//1 3969//1 45//1
f 1110//1 1002//1 1099//1
f 1110//1 1109//1 1002//1
f 1109//1 1000//1 1002//1
f 1105//1 1110//1 1099//1
f 1105//1 1107//1 1110//1
f 1107//1 1108//1 1110//1
f 1106//1 1101//1 897//1
f 1106//1 1105//1 1101//1
f 1105//1 1099//1 1101//1
f 1103//1 1409//1 1408//1
f 1103//1 1096//1 1409//1
f 1096//1 40//1 1409//1
f 1100//1 1103//1 1408//1
f 1100//1 1102//1 1103//1
f 1102//1 1094//1 1103//1
f 1101//1 898//1 897//1
f 1101//1 1100//1 898//1
f 1100//1 1408//1 898//1
f 1098//1 1010//1 1075//1
f 1098//1 1089//1 1010//1
f 1089//1 1008//1 1010//1
f 1095//1 1098//1 1075//1
f 1095//1 1097//1 1098//1
f 1097//1 1087//1 1098//1
f 1096//1 1077//1 40//1
f 1096//1 1095//1 1077//1
f 1095//1 1075//1 1077//1
f 1093//1 1007//1 1080//1
f 1093//1 1092//1 1007//1
f 1092//1 1005//1 1007//1
f 1088//1 1093//1 1080//1
f 1088//1 1090//1 1093//1
f 1090//1 1091//1 1093//1
f 1089//1 1082//1 1008//1
f 1089//1 1088//1 1082//1
f 1088//1 1080//1 1082//1
f 1086//1 7//1 4080//1
f 1086//1 1085//1 7//1
f 1085//1 4//1 7//1
f 1081//1 1086//1 4080//1
f 1081//1 1083//1 1086//1
f 1083//1 1084//1 1086//1
f 1082//1 4082//1 1008//1
f 1082//1 1081//1 4082//1
f 1081//1 4080//1 4082//1
f 1079//1 3982//1 3981//1
f 1079//1 1070//1 3982//1
f 1070//1 909//1 3982//1
f 1076//1 1079//1 3981//1
f 1076//1 1078//1 1079//1
f 1078//1 1068//1 1079//1
f 1077//1 41//1 40//1
f 1077//1 1076//1 41//1
f 1076//1 3981//1 41//1
f 1074//1 1014//1 1063//1
f 1074//1 1073//1 1014//1
f 1073//1 1012//1 1014//1
f 1069//1 1074//1 1063//1
f 1069//1 1071//1 1074//1
f 1071//1 1072//1 1074//1
f 1070//1 1065//1 909//1
f 1070//1 1069//1 1065//1
f 1069//1 1063//1 1065//1
f 1067//1 1373//1 1372//1
f 1067//1 1060//1 1373//1
f 1060//1 36//1 1373//1
f 1064//1 1067//1 1372//1
f 1064//1 1066//1 1067//1
f 1066//1 1058//1 1067//1
f 1065//1 910//1 909//1
f 1065//1 1064//1 910//1
f 1064//1 1372//1 910//1
f 1062//1 1022//1 1039//1
f 1062//1 1053//1 1022//1
f 1053//1 1020//1 1022//1
f 1059//1 1062//1 1039//1
f 1059//1 1061//1 1062//1
f 1061//1 1051//1 1062//1
f 1060//1 1041//1 36//1
f 1060//1 1059//1 1041//1
f 1059//1 1039//1 1041//1
f 1057//1 1019//1 1044//1
f 1057//1 1056//1 1019//1
f 1056//1 1017//1 1019//1
f 1052//1 1057//1 1044//1
f 1052//1 1054//1 1057//1
f 1054//1 1055//1 1057//1
f 1053//1 1046//1 1020//1
f 1053//1 1052//1 1046//1
f 1052//1 1044//1 1046//1
f 1050//1 3//1 4092//1
f 1050//1 1049//1 3//1
f 1049//1 1//1 3//1
f 1045//1 1050//1 4092//1
f 1045//1 1047//1 1050//1
f 1047//1 1048//1 1050//1
f 1046//1 4094//1 1020//1
f 1046//1 1045//1 4094//1
f 1045//1 4092//1 4094//1
f 1043//1 3994//1 3993//1
f 1043//1 1034//1 3994//1
f 1034//1 921//1 3994//1
f 1040//1 1043//1 3993//1
f 1040//1 1042//1 1043//1
f 1042//1 1032//1 1043//1
f 1041//1 37//1 36//1
f 1041//1 1040//1 37//1
f 1040//1 3993//1 37//1
f 1038//1 1024//1 1025//1
f 1038//1 1037//1 1024//1
f 1037//1 929//1 1024//1
f 1033//1 1038//1 1025//1
f 1033//1 1035//1 1038//1
f 1035//1 1036//1 1038//1
f 1034//1 1027//1 921//1
f 1034//1 1033//1 1027//1
f 1033//1 1025//1 1027//1
f 1031//1 1337//1 1336//1
f 1031//1 1030//1 1337//1
f 1030//1 33//1 1337//1
f 1026//1 1031//1 1336//1
f 1026//1 1028//1 1031//1
f 1028//1 1029//1 1031//1
f 1027//1 922//1 921//1
f 1027//1 1026//1 922//1
f 1026//1 1336//1 922//1
f 1024//1 1028//1 1025//1
f 1024//1 931//1 1028//1
f 931//1 1029//1 1028//1
f 1021//1 1035//1 1032//1
f 1021//1 1023//1 1035//1
f 1023//1 1036//1 1035//1
f 1022//1 1042//1 1039//1
f 1022//1 1021//1 1042//1
f 1021//1 1032//1 1042//1
f 1019//1 1047//1 1044//1
f 1019//1 1018//1 1047//1
f 1018//1 1048//1 1047//1
f 1015//1 1054//1 1051//1
f 1015//1 1016//1 1054//1
f 1016//1 1055//1 1054//1
f 1013//1 1061//1 1058//1
f 1013//1 1015//1 1061//1
f 1015//1 1051//1 1061//1
f 1014//1 1066//1 1063//1
f 1014//1 1013//1 1066//1
f 1013//1 1058//1 1066//1
f 1009//1 1071//1 1068//1
f 1009//1 1011//1 1071//1
f 1011//1 1072//1 1071//1
f 1010//1 1078//1 1075//1
f 1010//1 1009//1 1078//1
f 1009//1 1068//1 1078//1
f 1007//1 1083//1 1080//1
f 1007//1 1006//1 1083//1
f 1006//1 1084//1 1083//1
f 1003//1 1090//1 1087//1
f 1003//1 1004//1 1090//1
f 1004//1 1091//1 1090//1
f 1001//1 1097//1 1094//1
f 1001//1 1003//1 1097//1
f 1003//1 1087//1 1097//1
f 1002//1 1102//1 1099//1
f 1002//1 1001//1 1102//1
f 1001//1 1094//1 1102//1
f 997//1 1107//1 1104//1
f 997//1 999//1 1107//1
f 999//1 1108//1 1107//1
f 998//1 1114//1 1111//1
f 998//1 997//1 1114//1
f 997//1 1104//1 1114//1
f 995//1 1119//1 1116//1
f 995//1 994//1 1119//1
f 994//1 1120//1 1119//1
f 991//1 1126//1 1123//1
f 991//1 992//1 1126//1
f 992//1 1127//1 1126//1
f 989//1 1133//1 1130//1
f 989//1 991//1 1133//1
f 991//1 1123//1 1133//1
f 990//1 1138//1 1135//1
f 990//1 989//1 1138//1
f 989//1 1130//1 1138//1
f 985//1 1143//1 1140//1
f 985//1 987//1 1143//1
f 987//1 1144//1 1143//1
f 986//1 1150//1 1147//1
f 986//1 985//1 1150//1
f 985//1 1140//1 1150//1
f 983//1 1155//1 1152//1
f 983//1 982//1 1155//1
f 982//1 1156//1 1155//1
f 979//1 1162//1 1159//1
f 979//1 980//1 1162//1
f 980//1 1163//1 1162//1
f 977//1 1169//1 1166//1
f 977//1 979//1 1169//1
f 979//1 1159//1 1169//1
f 978//1 1174//1 1171//1
f 978//1 977//1 1174//1
f 977//1 1166//1 1174//1
f 973//1 1179//1 1176//1
f 973//1 975//1 1179//1
f 975//1 1180//1 1179//1
f 974//1 1186//1 1183//1
f 974//1 973//1 1186//1
f 973//1 1176//1 1186//1
f 971//1 1191//1 1188//1
f 971//1 970//1 1191//1
f 970//1 1192//1 1191//1
f 967//1 1198//1 1195//1
f 967//1 968//1 1198//1
f 968//1 1199//1 1198//1
f 965//1 1205//1 1202//1
f 965//1 967//1 1205//1
f 967//1 1195//1 1205//1
f 966//1 1210//1 1207//1
f 966//1 965//1 1210//1
f 965//1 1202//1 1210//1
f 961//1 1215//1 1212//1
f 961//1 963//1 1215//1
f 963//1 1216//1 1215//1
f 962//1 1222//1 1219//1
f 962//1 961//1 1222//1
f 961//1 1212//1 1222//1
f 959//1 1227//1 1224//1
f 959//1 958//1 1227//1
f 958//1 1228//1 1227//1
f 955//1 1234//1 1231//1
f 955//1 956//1 1234//1
f 956//1 1235//1 1234//1
f 953//1 1241//1 1238//1
f 953//1 955//1 1241//1
f 955//1 1231//1 1241//1
f 954//1 1246//1 1243//1
f 954//1 953//1 1246//1
f 953//1 1238//1 1246//1
f 949//1 1251//1 1248//1
f 949//1 951//1 1251//1
f 951//1 1252//1 1251//1
f 950//1 1258//1 1255//1
f 950//1 949//1 1258//1
f 949//1 1248//1 1258//1
f 947//1 1263//1 1260//1
f 947//1 946//1 1263//1
f 946//1 1264//1 1263//1
f 943//1 1270//1 1267//1
f 943//1 944//1 1270//1
f 944//1 1271//1 1270//1
f 941//1 1277//1 1274//1
f 941//1 943//1 1277//1
f 943//1 1267//1 1277//1
f 942//1 1282//1 1279//1
f 942//1 941//1 1282//1
f 941//1 1274//1 1282//1
f 937//1 1287//1 1284//1
f 937//1 939//1 1287//1
f 939//1 1288//1 1287//1
f 938//1 1294//1 1291//1
f 938//1 937//1 1294//1
f 937//1 1284//1 1294//1
f 935//1 1299//1 1296//1
f 935//1 934//1 1299//1
f 934//1 1300//1 1299//1
f 4217//1 1306//1 1303//1
f 4217//1 4099//1 1306//1
f 4099//1 1307//1 1306//1
f 931//1 1311//1 1029//1
f 931//1 930//1 1311//1
f 4217//1 1303//1 4214//1
f 928//1 1316//1 1313//1
f 928//1 835//1 1316//1
f 835//1 1317//1 1316//1
f 925//1 1323//1 1320//1
f 925//1 927//1 1323//1
f 927//1 1324//1 1323//1
f 926//1 1330//1 1327//1
f 926//1 925//1 1330//1
f 925//1 1320//1 1330//1
f 923//1 1335//1 1332//1
f 923//1 922//1 1335//1
f 922//1 1336//1 1335//1
f 919//1 1342//1 1339//1
f 919//1 920//1 1342//1
f 920//1 1343//1 1342//1
f 917//1 1349//1 1346//1
f 917//1 919//1 1349//1
f 919//1 1339//1 1349//1
f 918//1 1354//1 1351//1
f 918//1 917//1 1354//1
f 917//1 1346//1 1354//1
f 913//1 1359//1 1356//1
f 913//1 915//1 1359//1
f 915//1 1360//1 1359//1
f 914//1 1366//1 1363//1
f 914//1 913//1 1366//1
f 913//1 1356//1 1366//1
f 911//1 1371//1 1368//1
f 911//1 910//1 1371//1
f 910//1 1372//1 1371//1
f 907//1 1378//1 1375//1
f 907//1 908//1 1378//1
f 908//1 1379//1 1378//1
f 905//1 1385//1 1382//1
f 905//1 907//1 1385//1
f 907//1 1375//1 1385//1
f 906//1 1390//1 1387//1
f 906//1 905//1 1390//1
f 905//1 1382//1 1390//1
f 901//1 1395//1 1392//1
f 901//1 903//1 1395//1
f 903//1 1396//1 1395//1
f 902//1 1402//1 1399//1
f 902//1 901//1 1402//1
f 901//1 1392//1 1402//1
f 899//1 1407//1 1404//1
f 899//1 898//1 1407//1
f 898//1 1408//1 1407//1
f 895//1 1414//1 1411//1
f 895//1 896//1 1414//1
f 896//1 1415//1 1414//1
f 893//1 1421//1 1418//1
f 893//1 895//1 1421//1
f 895//1 1411//1 1421//1
f 894//1 1426//1 1423//1
f 894//1 893//1 1426//1
f 893//1 1418//1 1426//1
f 889//1 1431//1 1428//1
f 889//1 891//1 1431//1
f 891//1 1432//1 1431//1
f 890//1 1438//1 1435//1
f 890//1 889//1 1438//1
f 889//1 1428//1 1438//1
f 887//1 1443//1 1440//1
f 887//1 886//1 1443//1
f 886//1 1444//1 1443//1
f 883//1 1450//1 1447//1
f 883//1 884//1 1450//1
f 884//1 1451//1 1450//1
f 881//1 1457//1 1454//1
f 881//1 883//1 1457//1
f 883//1 1447//1 1457//1
f 882//1 1462//1 1459//1
f 882//1 881//1 1462//1
f 881//1 1454//1 1462//1
f 877//1 1467//1 1464//1
f 877//1 879//1 1467//1
f 879//1 1468//1 1467//1
f 878//1 1474//1 1471//1
f 878//1 877//1 1474//1
f 877//1 1464//1 1474//1
f 875//1 1479//1 1476//1
f 875//1 874//1 1479//1
f 874//1 1480//1 1479//1
f 871//1 1486//1 1483//1
f 871//1 872//1 1486//1
f 872//1 1487//1 1486//1
f 869//1 1493//1 1490//1
f 869//1 871//1 1493//1
f 871//1 1483//1 1493//1
f 870//1 1498//1 1495//1
f 870//1 869//1 1498//1
f 869//1 1490//1 1498//1
f 865//1 1503//1 1500//1
f 865//1 867//1 1503//1
f 867//1 1504//1 1503//1
f 866//1 1510//1 1507//1
f 866//1 865//1 1510//1
f 865//1 1500//1 1510//1
f 863//1 1515//1 1512//1
f 863//1 862//1 1515//1
f 862//1 1516//1 1515//1
f 859//1 1522//1 1519//1
f 859//1 860//1 1522//1
f 860//1 1523//1 1522//1
f 857//1 1529//1 1526//1
f 857//1 859//1 1529//1
f 859//1 1519//1 1529//1
f 858//1 1534//1 1531//1
f 858//1 857//1 1534//1
f 857//1 1526//1 1534//1
f 853//1 1539//1 1536//1
f 853//1 855//1 1539//1
f 855//1 1540//1 1539//1
f 854//1 1546//1 1543//1
f 854//1 853//1 1546//1
f 853//1 1536//1 1546//1
f 851//1 1551//1 1548//1
f 851//1 850//1 1551//1
f 850//1 1552//1 1551//1
f 847//1 1558//1 1555//1
f 847//1 848//1 1558//1
f 848//1 1559//1 1558//1
f 845//1 1565//1 1562//1
f 845//1 847//1 1565//1
f 847//1 1555//1 1565//1
f 846//1 1570//1 1567//1
f 846//1 845//1 1570//1
f 845//1 1562//1 1570//1
f 841//1 1575//1 1572//1
f 841//1 843//1 1575//1
f 843//1 1576//1 1575//1
f 842//1 1582//1 1579//1
f 842//1 841//1 1582//1
f 841//1 1572//1 1582//1
f 839//1 1587//1 1584//1
f 839//1 838//1 1587//1
f 838//1 1588//1 1587//1
f 4218//1 1594//1 1591//1
f 4218//1 4102//1 1594//1
f 4102//1 1595//1 1594//1
f 835//1 1599//1 1317//1
f 835//1 834//1 1599//1
f 4218//1 1591//1 4210//1
f 832//1 1604//1 1601//1
f 832//1 739//1 1604//1
f 739//1 1605//1 1604//1
f 829//1 1611//1 1608//1
f 829//1 831//1 1611//1
f 831//1 1612//1 1611//1
f 830//1 1618//1 1615//1
f 830//1 829//1 1618//1
f 829//1 1608//1 1618//1
f 827//1 1623//1 1620//1
f 827//1 826//1 1623//1
f 826//1 1624//1 1623//1
f 823//1 1630//1 1627//1
f 823//1 824//1 1630//1
f 824//1 1631//1 1630//1
f 821//1 1637//1 1634//1
f 821//1 823//1 1637//1
f 823//1 1627//1 1637//1
f 822//1 1642//1 1639//1
f 822//1 821//1 1642//1
f 821//1 1634//1 1642//1
f 817//1 1647//1 1644//1
f 817//1 819//1 1647//1
f 819//1 1648//1 1647//1
f 818//1 1654//1 1651//1
f 818//1 817//1 1654//1
f 817//1 1644//1 1654//1
f 815//1 1659//1 1656//1
f 815//1 814//1 1659//1
f 814//1 1660//1 1659//1
f 811//1 1666//1 1663//1
f 811//1 812//1 1666//1
f 812//1 1667//1 1666//1
f 809//1 1673//1 1670//1
f 809//1 811//1 1673//1
f 811//1 1663//1 1673//1
f 810//1 1678//1 1675//1
f 810//1 809//1 1678//1
f 809//1 1670//1 1678//1
f 805//1 1683//1 1680//1
f 805//1 807//1 1683//1
f 807//1 1684//1 1683//1
f 806//1 1690//1 1687//1
f 806//1 805//1 1690//1
f 805//1 1680//1 1690//1
f 803//1 1695//1 1692//1
f 803//1 802//1 1695//1
f 802//1 1696//1 1695//1
f 799//1 1702//1 1699//1
f 799//1 800//1 1702//1
f 800//1 1703//1 1702//1
f 797//1 1709//1 1706//1
f 797//1 799//1 1709//1
f 799//1 1699//1 1709//1
f 798//1 1714//1 1711//1
f 798//1 797//1 1714//1
f 797//1 1706//1 1714//1
f 793//1 1719//1 1716//1
f 793//1 795//1 1719//1
f 795//1 1720//1 1719//1
f 794//1 1726//1 1723//1
f 794//1 793//1 1726//1
f 793//1 1716//1 1726//1
f 791//1 1731//1 1728//1
f 791//1 790//1 1731//1
f 790//1 1732//1 1731//1
f 787//1 1738//1 1735//1
f 787//1 788//1 1738//1
f 788//1 1739//1 1738//1
f 785//1 1745//1 1742//1
f 785//1 787//1 1745//1
f 787//1 1735//1 1745//1
f 786//1 1750//1 1747//1
f 786//1 785//1 1750//1
f 785//1 1742//1 1750//1
f 781//1 1755//1 1752//1
f 781//1 783//1 1755//1
f 783//1 1756//1 1755//1
f 782//1 1762//1 1759//1
f 782//1 781//1 1762//1
f 781//1 1752//1 1762//1
f 779//1 1767//1 1764//1
f 779//1 778//1 1767//1
f 778//1 1768//1 1767//1
f 775//1 1774//1 1771//1
f 775//1 776//1 1774//1
f 776//1 1775//1 1774//1
f 773//1 1781//1 1778//1
f 773//1 775//1 1781//1
f 775//1 1771//1 1781//1
f 774//1 1786//1 1783//1
f 774//1 773//1 1786//1
f 773//1 1778//1 1786//1
f 769//1 1791//1 1788//1
f 769//1 771//1 1791//1
f 771//1 1792//1 1791//1
f 770//1 1798//1 1795//1
f 770//1 769//1 1798//1
f 769//1 1788//1 1798//1
f 767//1 1803//1 1800//1
f 767//1 766//1 1803//1
f 766//1 1804//1 1803//1
f 763//1 1810//1 1807//1
f 763//1 764//1 1810//1
f 764//1 1811//1 1810//1
f 761//1 1817//1 1814//1
f 761//1 763//1 1817//1
f 763//1 1807//1 1817//1
f 762//1 1822//1 1819//1
f 762//1 761//1 1822//1
f 761//1 1814//1 1822//1
f 757//1 1827//1 1824//1
f 757//1 759//1 1827//1
f 759//1 1828//1 1827//1
f 758//1 1834//1 1831//1
f 758//1 757//1 1834//1
f 757//1 1824//1 1834//1
f 755//1 1839//1 1836//1
f 755//1 754//1 1839//1
f 754//1 1840//1 1839//1
f 751//1 1846//1 1843//1
f 751//1 752//1 1846//1
f 752//1 1847//1 1846//1
f 749//1 1853//1 1850//1
f 749//1 751//1 1853//1
f 751//1 1843//1 1853//1
f 750//1 1858//1 1855//1
f 750//1 749//1 1858//1
f 749//1 1850//1 1858//1
f 745//1 1863//1 1860//1
f 745//1 747//1 1863//1
f 747//1 1864//1 1863//1
f 746//1 1870//1 1867//1
f 746//1 745//1 1870//1
f 745//1 1860//1 1870//1
f 743//1 1875//1 1872//1
f 743//1 742//1 1875//1
f 742//1 1876//1 1875//1
f 4219//1 1882//1 1879//1
f 4219//1 4105//1 1882//1
f 4105//1 1883//1 1882//1
f 739//1 1887//1 1605//1
f 739//1 738//1 1887//1
f 4219//1 1879//1 4206//1
f 736//1 1892//1 1889//1
f 736//1 643//1 1892//1
f 643//1 1893//1 1892//1
f 733//1 1899//1 1896//1
f 733//1 735//1 1899//1
f 735//1 1900//1 1899//1
f 734//1 1906//1 1903//1
f 734//1 733//1 1906//1
f 733//1 1896//1 1906//1
f 731//1 1911//1 1908//1
f 731//1 730//1 1911//1
f 730//1 1912//1 1911//1
f 727//1 1918//1 1915//1
f 727//1 728//1 1918//1
f 728//1 1919//1 1918//1
f 725//1 1925//1 1922//1
f 725//1 727//1 1925//1
f 727//1 1915//1 1925//1
f 726//1 1930//1 1927//1
f 726//1 725//1 1930//1
f 725//1 1922//1 1930//1
f 721//1 1935//1 1932//1
f 721//1 723//1 1935//1
f 723//1 1936//1 1935//1
f 722//1 1942//1 1939//1
f 722//1 721//1 1942//1
f 721//1 1932//1 1942//1
f 719//1 1947//1 1944//1
f 719//1 718//1 1947//1
f 718//1 1948//1 1947//1
f 715//1 1954//1 1951//1
f 715//1 716//1 1954//1
f 716//1 1955//1 1954//1
f 713//1 1961//1 1958//1
f 713//1 715//1 1961//1
f 715//1 1951//1 1961//1
f 714//1 1966//1 1963//1
f 714//1 713//1 1966//1
f 713//1 1958//1 1966//1
f 709//1 1971//1 1968//1
f 709//1 711//1 1971//1
f 711//1 1972//1 1971//1
f 710//1 1978//1 1975//1
f 710//1 709//1 1978//1
f 709//1 1968//1 1978//1
f 707//1 1983//1 1980//1
f 707//1 706//1 1983//1
f 706//1 1984//1 1983//1
f 703//1 1990//1 1987//1
f 703//1 704//1 1990//1
f 704//1 1991//1 1990//1
f 701//1 1997//1 1994//1
f 701//1 703//1 1997//1
f 703//1 1987//1 1997//1
f 702//1 2002//1 1999//1
f 702//1 701//1 2002//1
f 701//1 1994//1 2002//1
f 697//1 2007//1 2004//1
f 697//1 699//1 2007//1
f 699//1 2008//1 2007//1
f 698//1 2014//1 2011//1
f 698//1 697//1 2014//1
f 697//1 2004//1 2014//1
f 695//1 2019//1 2016//1
f 695//1 694//1 2019//1
f 694//1 2020//1 2019//1
f 691//1 2026//1 2023//1
f 691//1 692//1 2026//1
f 692//1 2027//1 2026//1
f 689//1 2033//1 2030//1
f 689//1 691//1 2033//1
f 691//1 2023//1 2033//1
f 690//1 2038//1 2035//1
f 690//1 689//1 2038//1
f 689//1 2030//1 2038//1
f 685//1 2043//1 2040//1
f 685//1 687//1 2043//1
f 687//1 2044//1 2043//1
f 686//1 2050//1 2047//1
f 686//1 685//1 2050//1
f 685//1 2040//1 2050//1
f 683//1 2055//1 2052//1
f 683//1 682//1 2055//1
f 682//1 2056//1 2055//1
f 679//1 2062//1 2059//1
f 679//1 680//1 2062//1
f 680//1 2063//1 2062//1
f 677//1 2069//1 2066//1
f 677//1 679//1 2069//1
f 679//1 2059//1 2069//1
f 678//1 2074//1 2071//1
f 678//1 677//1 2074//1
f 677//1 2066//1 2074//1
f 673//1 2079//1 2076//1
f 673//1 675//1 2079//1
f 675//1 2080//1 2079//1
f 674//1 2086//1 2083//1
f 674//1 673//1 2086//1
f 673//1 2076//1 2086//1
f 671//1 2091//1 2088//1
f 671//1 670//1 2091//1
f 670//1 2092//1 2091//1
f 667//1 2098//1 2095//1
f 667//1 668//1 2098//1
f 668//1 2099//1 2098//1
f 665//1 2105//1 2102//1
f 665//1 667//1 2105//1
f 667//1 2095//1 2105//1
f 666//1 2110//1 2107//1
f 666//1 665//1 2110//1
f 665//1 2102//1 2110//1
f 661//1 2115//1 2112//1
f 661//1 663//1 2115//1
f 663//1 2116//1 2115//1
f 662//1 2122//1 2119//1
f 662//1 661//1 2122//1
f 661//1 2112//1 2122//1
f 659//1 2127//1 2124//1
f 659//1 658//1 2127//1
f 658//1 2128//1 2127//1
f 655//1 2134//1 2131//1
f 655//1 656//1 2134//1
f 656//1 2135//1 2134//1
f 653//1 2141//1 2138//1
f 653//1 655//1 2141//1
f 655//1 2131//1 2141//1
f 654//1 2146//1 2143//1
f 654//1 653//1 2146//1
f 653//1 2138//1 2146//1
f 649//1 2151//1 2148//1
f 649//1 651//1 2151//1
f 651//1 2152//1 2151//1
f 650//1 2158//1 2155//1
f 650//1 649//1 2158//1
f 649//1 2148//1 2158//1
f 647//1 2163//1 2160//1
f 647//1 646//1 2163//1
f 646//1 2164//1 2163//1
f 4220//1 2170//1 2167//1
f 4220//1 4108//1 2170//1
f 4108//1 2171//1 2170//1
f 643//1 2175//1 1893//1
f 643//1 642//1 2175//1
f 4220//1 2167//1 4202//1
f 640//1 2180//1 2177//1
f 640//1 547//1 2180//1
f 547//1 2181//1 2180//1
f 637//1 2187//1 2184//1
f 637//1 639//1 2187//1
f 639//1 2188//1 2187//1
f 638//1 2194//1 2191//1
f 638//1 637//1 2194//1
f 637//1 2184//1 2194//1
f 635//1 2199//1 2196//1
f 635//1 634//1 2199//1
f 634//1 2200//1 2199//1
f 631//1 2206//1 2203//1
f 631//1 632//1 2206//1
f 632//1 2207//1 2206//1
f 629//1 2213//1 2210//1
f 629//1 631//1 2213//1
f 631//1 2203//1 2213//1
f 630//1 2218//1 2215//1
f 630//1 629//1 2218//1
f 629//1 2210//1 2218//1
f 625//1 2223//1 2220//1
f 625//1 627//1 2223//1
f 627//1 2224//1 2223//1
f 626//1 2230//1 2227//1
f 626//1 625//1 2230//1
f 625//1 2220//1 2230//1
f 623//1 2235//1 2232//1
f 623//1 622//1 2235//1
f 622//1 2236//1 2235//1
f 619//1 2242//1 2239//1
f 619//1 620//1 2242//1
f 620//1 2243//1 2242//1
f 617//1 2249//1 2246//1
f 617//1 619//1 2249//1
f 619//1 2239//1 2249//1
f 618//1 2254//1 2251//1
f 618//1 617//1 2254//1
f 617//1 2246//1 2254//1
f 613//1 2259//1 2256//1
f 613//1 615//1 2259//1
f 615//1 2260//1 2259//1
f 614//1 2266//1 2263//1
f 614//1 613//1 2266//1
f 613//1 2256//1 2266//1
f 611//1 2271//1 2268//1
f 611//1 610//1 2271//1
f 610//1 2272//1 2271//1
f 607//1 2278//1 2275//1
f 607//1 608//1 2278//1
f 608//1 2279//1 2278//1
f 605//1 2285//1 2282//1
f 605//1 607//1 2285//1
f 607//1 2275//1 2285//1
f 606//1 2290//1 2287//1
f 606//1 605//1 2290//1
f 605//1 2282//1 2290//1
f 601//1 2295//1 2292//1
f 601//1 603//1 2295//1
f 603//1 2296//1 2295//1
f 602//1 2302//1 2299//1
f 602//1 601//1 2302//1
f 601//1 2292//1 2302//1
f 599//1 2307//1 2304//1
f 599//1 598//1 2307//1
f 598//1 2308//1 2307//1
f 595//1 2314//1 2311//1
f 595//1 596//1 2314//1
f 596//1 2315//1 2314//1
f 593//1 2321//1 2318//1
f 593//1 595//1 2321//1
f 595//1 2311//1 2321//1
f 594//1 2326//1 2323//1
f 594//1 593//1 2326//1
f 593//1 2318//1 2326//1
f 589//1 2331//1 2328//1
f 589//1 591//1 2331//1
f 591//1 2332//1 2331//1
f 590//1 2338//1 2335//1
f 590//1 589//1 2338//1
f 589//1 2328//1 2338//1
f 587//1 2343//1 2340//1
f 587//1 586//1 2343//1
f 586//1 2344//1 2343//1
f 583//1 2350//1 2347//1
f 583//1 584//1 2350//1
f 584//1 2351//1 2350//1
f 581//1 2357//1 2354//1
f 581//1 583//1 2357//1
f 583//1 2347//1 2357//1
f 582//1 2362//1 2359//1
f 582//1 581//1 2362//1
f 581//1 2354//1 2362//1
f 577//1 2367//1 2364//1
f 577//1 579//1 2367//1
f 579//1 2368//1 2367//1
f 578//1 2374//1 2371//1
f 578//1 577//1 2374//1
f 577//1 2364//1 2374//1
f 575//1 2379//1 2376//1
f 575//1 574//1 2379//1
f 574//1 2380//1 2379//1
f 571//1 2386//1 2383//1
f 571//1 572//1 2386//1
f 572//1 2387//1 2386//1
f 569//1 2393//1 2390//1
f 569//1 571//1 2393//1
f 571//1 2383//1 2393//1
f 570//1 2398//1 2395//1
f 570//1 569//1 2398//1
f 569//1 2390//1 2398//1
f 565//1 2403//1 2400//1
f 565//1 567//1 2403//1
f 567//1 2404//1 2403//1
f 566//1 2410//1 2407//1
f 566//1 565//1 2410//1
f 565//1 2400//1 2410//1
f 563//1 2415//1 2412//1
f 563//1 562//1 2415//1
f 562//1 2416//1 2415//1
f 559//1 2422//1 2419//1
f 559//1 560//1 2422//1
f 560//1 2423//1 2422//1
f 557//1 2429//1 2426//1
f 557//1 559//1 2429//1
f 559//1 2419//1 2429//1
f 558//1 2434//1 2431//1
f 558//1 557//1 2434//1
f 557//1 2426//1 2434//1
f 553//1 2439//1 2436//1
f 553//1 555//1 2439//1
f 555//1 2440//1 2439//1
f 554//1 2446//1 2443//1
f 554//1 553//1 2446//1
f 553//1 2436//1 2446//1
f 551//1 2451//1 2448//1
f 551//1 550//1 2451//1
f 550//1 2452//1 2451//1
f 4221//1 2458//1 2455//1
f 4221//1 4111//1 2458//1
f 4111//1 2459//1 2458//1
f 547//1 2463//1 2181//1
f 547//1 546//1 2463//1
f 4221//1 2455//1 4198//1
f 544//1 2468//1 2465//1
f 544//1 451//1 2468//1
f 451//1 2469//1 2468//1
f 541//1 2475//1 2472//1
f 541//1 543//1 2475//1
f 543//1 2476//1 2475//1
f 542//1 2482//1 2479//1
f 542//1 541//1 2482//1
f 541//1 2472//1 2482//1
f 539//1 2487//1 2484//1
f 539//1 538//1 2487//1
f 538//1 2488//1 2487//1
f 535//1 2494//1 2491//1
f 535//1 536//1 2494//1
f 536//1 2495//1 2494//1
f 533//1 2501//1 2498//1
f 533//1 535//1 2501//1
f 535//1 2491//1 2501//1
f 534//1 2506//1 2503//1
f 534//1 533//1 2506//1
f 533//1 2498//1 2506//1
f 529//1 2511//1 2508//1
f 529//1 531//1 2511//1
f 531//1 2512//1 2511//1
f 530//1 2518//1 2515//1
f 530//1 529//1 2518//1
f 529//1 2508//1 2518//1
f 527//1 2523//1 2520//1
f 527//1 526//1 2523//1
f 526//1 2524//1 2523//1
f 523//1 2530//1 2527//1
f 523//1 524//1 2530//1
f 524//1 2531//1 2530//1
f 521//1 2537//1 2534//1
f 521//1 523//1 2537//1
f 523//1 2527//1 2537//1
f 522//1 2542//1 2539//1
f 522//1 521//1 2542//1
f 521//1 2534//1 2542//1
f 517//1 2547//1 2544//1
f 517//1 519//1 2547//1
f 519//1 2548//1 2547//1
f 518//1 2554//1 2551//1
f 518//1 517//1 2554//1
f 517//1 2544//1 2554//1
f 515//1 2559//1 2556//1
f 515//1 514//1 2559//1
f 514//1 2560//1 2559//1
f 511//1 2566//1 2563//1
f 511//1 512//1 2566//1
f 512//1 2567//1 2566//1
f 509//1 2573//1 2570//1
f 509//1 511//1 2573//1
f 511//1 2563//1 2573//1
f 510//1 2578//1 2575//1
f 510//1 509//1 2578//1
f 509//1 2570//1 2578//1
f 505//1 2583//1 2580//1
f 505//1 507//1 2583//1
f 507//1 2584//1 2583//1
f 506//1 2590//1 2587//1
f 506//1 505//1 2590//1
f 505//1 2580//1 2590//1
f 503//1 2595//1 2592//1
f 503//1 502//1 2595//1
f 502//1 2596//1 2595//1
f 499//1 2602//1 2599//1
f 499//1 500//1 2602//1
f 500//1 2603//1 2602//1
f 497//1 2609//1 2606//1
f 497//1 499//1 2609//1
f 499//1 2599//1 2609//1
f 498//1 2614//1 2611//1
f 498//1 497//1 2614//1
f 497//1 2606//1 2614//1
f 493//1 2619//1 2616//1
f 493//1 495//1 2619//1
f 495//1 2620//1 2619//1
f 494//1 2626//1 2623//1
f 494//1 493//1 2626//1
f 493//1 2616//1 2626//1
f 491//1 2631//1 2628//1
f 491//1 490//1 2631//1
f 490//1 2632//1 2631//1
f 487//1 2638//1 2635//1
f 487//1 488//1 2638//1
f 488//1 2639//1 2638//1
f 485//1 2645//1 2642//1
f 485//1 487//1 2645//1
f 487//1 2635//1 2645//1
f 486//1 2650//1 2647//1
f 486//1 485//1 2650//1
f 485//1 2642//1 2650//1
f 481//1 2655//1 2652//1
f 481//1 483//1 2655//1
f 483//1 2656//1 2655//1
f 482//1 2662//1 2659//1
f 482//1 481//1 2662//1
f 481//1 2652//1 2662//1
f 479//1 2667//1 2664//1
f 479//1 478//1 2667//1
f 478//1 2668//1 2667//1
f 475//1 2674//1 2671//1
f 475//1 476//1 2674//1
f 476//1 2675//1 2674//1
f 473//1 2681//1 2678//1
f 473//1 475//1 2681//1
f 475//1 2671//1 2681//1
f 474//1 2686//1 2683//1
f 474//1 473//1 2686//1
f 473//1 2678//1 2686//1
f 469//1 2691//1 2688//1
f 469//1 471//1 2691//1
f 471//1 2692//1 2691//1
f 470//1 2698//1 2695//1
f 470//1 469//1 2698//1
f 469//1 2688//1 2698//1
f 467//1 2703//1 2700//1
f 467//1 466//1 2703//1
f 466//1 2704//1 2703//1
f 463//1 2710//1 2707//1
f 463//1 464//1 2710//1
f 464//1 2711//1 2710//1
f 461//1 2717//1 2714//1
f 461//1 463//1 2717//1
f 463//1 2707//1 2717//1
f 462//1 2722//1 2719//1
f 462//1 461//1 2722//1
f 461//1 2714//1 2722//1
f 457//1 2727//1 2724//1
f 457//1 459//1 2727//1
f 459//1 2728//1 2727//1
f 458//1 2734//1 2731//1
f 458//1 457//1 2734//1
f 457//1 2724//1 2734//1
f 455//1 2739//1 2736//1
f 455//1 454//1 2739//1
f 454//1 2740//1 2739//1
f 4222//1 2746//1 2743//1
f 4222//1 4114//1 2746//1
f 4114//1 2747//1 2746//1
f 451//1 2751//1 2469//1
f 451//1 450//1 2751//1
f 4222//1 2743//1 4194//1
f 448//1 2756//1 2753//1
f 448//1 355//1 2756//1
f 355//1 2757//1 2756//1
f 445//1 2763//1 2760//1
f 445//1 447//1 2763//1
f 447//1 2764//1 2763//1
f 446//1 2770//1 2767//1
f 446//1 445//1 2770//1
f 445//1 2760//1 2770//1
f 443//1 2775//1 2772//1
f 443//1 442//1 2775//1
f 442//1 2776//1 2775//1
f 439//1 2782//1 2779//1
f 439//1 440//1 2782//1
f 440//1 2783//1 2782//1
f 437//1 2789//1 2786//1
f 437//1 439//1 2789//1
f 439//1 2779//1 2789//1
f 438//1 2794//1 2791//1
f 438//1 437//1 2794//1
f 437//1 2786//1 2794//1
f 433//1 2799//1 2796//1
f 433//1 435//1 2799//1
f 435//1 2800//1 2799//1
f 434//1 2806//1 2803//1
f 434//1 433//1 2806//1
f 433//1 2796//1 2806//1
f 431//1 2811//1 2808//1
f 431//1 430//1 2811//1
f 430//1 2812//1 2811//1
f 427//1 2818//1 2815//1
f 427//1 428//1 2818//1
f 428//1 2819//1 2818//1
f 425//1 2825//1 2822//1
f 425//1 427//1 2825//1
f 427//1 2815//1 2825//1
f 426//1 2830//1 2827//1
f 426//1 425//1 2830//1
f 425//1 2822//1 2830//1
f 421//1 2835//1 2832//1
f 421//1 423//1 2835//1
f 423//1 2836//1 2835//1
f 422//1 2842//1 2839//1
f 422//1 421//1 2842//1
f 421//1 2832//1 2842//1
f 419//1 2847//1 2844//1
f 419//1 418//1 2847//1
f 418//1 2848//1 2847//1
f 415//1 2854//1 2851//1
f 415//1 416//1 2854//1
f 416//1 2855//1 2854//1
f 413//1 2861//1 2858//1
f 413//1 415//1 2861//1
f 415//1 2851//1 2861//1
f 414//1 2866//1 2863//1
f 414//1 413//1 2866//1
f 413//1 2858//1 2866//1
f 409//1 2871//1 2868//1
f 409//1 411//1 2871//1
f 411//1 2872//1 2871//1
f 410//1 2878//1 2875//1
f 410//1 409//1 2878//1
f 409//1 2868//1 2878//1
f 407//1 2883//1 2880//1
f 407//1 406//1 2883//1
f 406//1 2884//1 2883//1
f 403//1 2890//1 2887//1
f 403//1 404//1 2890//1
f 404//1 2891//1 2890//1
f 401//1 2897//1 2894//1
f 401//1 403//1 2897//1
f 403//1 2887//1 2897//1
f 402//1 2902//1 2899//1
f 402//1 401//1 2902//1
f 401//1 2894//1 2902//1
f 397//1 2907//1 2904//1
f 397//1 399//1 2907//1
f 399//1 2908//1 2907//1
f 398//1 2914//1 2911//1
f 398//1 397//1 2914//1
f 397//1 2904//1 2914//1
f 395//1 2919//1 2916//1
f 395//1 394//1 2919//1
f 394//1 2920//1 2919//1
f 391//1 2926//1 2923//1
f 391//1 392//1 2926//1
f 392//1 2927//1 2926//1
f 389//1 2933//1 2930//1
f 389//1 391//1 2933//1
f 391//1 2923//1 2933//1
f 390//1 2938//1 2935//1
f 390//1 389//1 2938//1
f 389//1 2930//1 2938//1
f 385//1 2943//1 2940//1
f 385//1 387//1 2943//1
f 387//1 2944//1 2943//1
f 386//1 2950//1 2947//1
f 386//1 385//1 2950//1
f 385//1 2940//1 2950//1
f 383//1 2955//1 2952//1
f 383//1 382//1 2955//1
f 382//1 2956//1 2955//1
f 379//1 2962//1 2959//1
f 379//1 380//1 2962//1
f 380//1 2963//1 2962//1
f 377//1 2969//1 2966//1
f 377//1 379//1 2969//1
f 379//1 2959//1 2969//1
f 378//1 2974//1 2971//1
f 378//1 377//1 2974//1
f 377//1 2966//1 2974//1
f 373//1 2979//1 2976//1
f 373//1 375//1 2979//1
f 375//1 2980//1 2979//1
f 374//1 2986//1 2983//1
f 374//1 373//1 2986//1
f 373//1 2976//1 2986//1
f 371//1 2991//1 2988//1
f 371//1 370//1 2991//1
f 370//1 2992//1 2991//1
f 367//1 2998//1 2995//1
f 367//1 368//1 2998//1
f 368//1 2999//1 2998//1
f 365//1 3005//1 3002//1
f 365//1 367//1 3005//1
f 367//1 2995//1 3005//1
f 366//1 3010//1 3007//1
f 366//1 365//1 3010//1
f 365//1 3002//1 3010//1
f 361//1 3015//1 3012//1
f 361//1 363//1 3015//1
f 363//1 3016//1 3015//1
f 362//1 3022//1 3019//1
f 362//1 361//1 3022//1
f 361//1 3012//1 3022//1
f 359//1 3027//1 3024//1
f 359//1 358//1 3027//1
f 358//1 3028//1 3027//1
f 4223//1 3034//1 3031//1
f 4223//1 4117//1 3034//1
f 4117//1 3035//1 3034//1
f 355//1 3039//1 2757//1
f 355//1 354//1 3039//1
f 4223//1 3031//1 4190//1
f 352//1 3044//1 3041//1
f 352//1 259//1 3044//1
f 259//1 3045//1 3044//1
f 349//1 3051//1 3048//1
f 349//1 351//1 3051//1
f 351//1 3052//1 3051//1
f 350//1 3058//1 3055//1
f 350//1 349//1 3058//1
f 349//1 3048//1 3058//1
f 347//1 3063//1 3060//1
f 347//1 346//1 3063//1
f 346//1 3064//1 3063//1
f 343//1 3070//1 3067//1
f 343//1 344//1 3070//1
f 344//1 3071//1 3070//1
f 341//1 3077//1 3074//1
f 341//1 343//1 3077//1
f 343//1 3067//1 3077//1
f 342//1 3082//1 3079//1
f 342//1 341//1 3082//1
f 341//1 3074//1 3082//1
f 337//1 3087//1 3084//1
f 337//1 339//1 3087//1
f 339//1 3088//1 3087//1
f 338//1 3094//1 3091//1
f 338//1 337//1 3094//1
f 337//1 3084//1 3094//1
f 335//1 3099//1 3096//1
f 335//1 334//1 3099//1
f 334//1 3100//1 3099//1
f 331//1 3106//1 3103//1
f 331//1 332//1 3106//1
f 332//1 3107//1 3106//1
f 329//1 3113//1 3110//1
f 329//1 331//1 3113//1
f 331//1 3103//1 3113//1
f 330//1 3118//1 3115//1
f 330//1 329//1 3118//1
f 329//1 3110//1 3118//1
f 325//1 3123//1 3120//1
f 325//1 327//1 3123//1
f 327//1 3124//1 3123//1
f 326//1 3130//1 3127//1
f 326//1 325//1 3130//1
f 325//1 3120//1 3130//1
f 323//1 3135//1 3132//1
f 323//1 322//1 3135//1
f 322//1 3136//1 3135//1
f 319//1 3142//1 3139//1
f 319//1 320//1 3142//1
f 320//1 3143//1 3142//1
f 317//1 3149//1 3146//1
f 317//1 319//1 3149//1
f 319//1 3139//1 3149//1
f 318//1 3154//1 3151//1
f 318//1 317//1 3154//1
f 317//1 3146//1 3154//1
f 313//1 3159//1 3156//1
f 313//1 315//1 3159//1
f 315//1 3160//1 3159//1
f 314//1 3166//1 3163//1
f 314//1 313//1 3166//1
f 313//1 3156//1 3166//1
f 311//1 3171//1 3168//1
f 311//1 310//1 3171//1
f 310//1 3172//1 3171//1
f 307//1 3178//1 3175//1
f 307//1 308//1 3178//1
f 308//1 3179//1 3178//1
f 305//1 3185//1 3182//1
f 305//1 307//1 3185//1
f 307//1 3175//1 3185//1
f 306//1 3190//1 3187//1
f 306//1 305//1 3190//1
f 305//1 3182//1 3190//1
f 301//1 3195//1 3192//1
f 301//1 303//1 3195//1
f 303//1 3196//1 3195//1
f 302//1 3202//1 3199//1
f 302//1 301//1 3202//1
f 301//1 3192//1 3202//1
f 299//1 3207//1 3204//1
f 299//1 298//1 3207//1
f 298//1 3208//1 3207//1
f 295//1 3214//1 3211//1
f 295//1 296//1 3214//1
f 296//1 3215//1 3214//1
f 293//1 3221//1 3218//1
f 293//1 295//1 3221//1
f 295//1 3211//1 3221//1
f 294//1 3226//1 3223//1
f 294//1 293//1 3226//1
f 293//1 3218//1 3226//1
f 289//1 3231//1 3228//1
f 289//1 291//1 3231//1
f 291//1 3232//1 3231//1
f 290//1 3238//1 3235//1
f 290//1 289//1 3238//1
f 289//1 3228//1 3238//1
f 287//1 3243//1 3240//1
f 287//1 286//1 3243//1
f 286//1 3244//1 3243//1
f 283//1 3250//1 3247//1
f 283//1 284//1 3250//1
f 284//1 3251//1 3250//1
f 281//1 3257//1 3254//1
f 281//1 283//1 3257//1
f 283//1 3247//1 3257//1
f 282//1 3262//1 3259//1
f 282//1 281//1 3262//1
f 281//1 3254//1 3262//1
f 277//1 3267//1 3264//1
f 277//1 279//1 3267//1
f 279//1 3268//1 3267//1
f 278//1 3274//1 3271//1
f 278//1 277//1 3274//1
f 277//1 3264//1 3274//1
f 275//1 3279//1 3276//1
f 275//1 274//1 3279//1
f 274//1 3280//1 3279//1
f 271//1 3286//1 3283//1
f 271//1 272//1 3286//1
f 272//1 3287//1 3286//1
f 269//1 3293//1 3290//1
f 269//1 271//1 3293//1
f 271//1 3283//1 3293//1
f 270//1 3298//1 3295//1
f 270//1 269//1 3298//1
f 269//1 3290//1 3298//1
f 265//1 3303//1 3300//1
f 265//1 267//1 3303//1
f 267//1 3304//1 3303//1
f 266//1 3310//1 3307//1
f 266//1 265//1 3310//1
f 265//1 3300//1 3310//1
f 263//1 3315//1 3312//1
f 263//1 262//1 3315//1
f 262//1 3316//1 3315//1
f 4224//1 3322//1 3319//1
f 4224//1 4120//1 3322//1
f 4120//1 3323//1 3322//1
f 259//1 3327//1 3045//1
f 259//1 258//1 3327//1
f 4224//1 3319//1 4122//1
f 226//1 3332//1 3329//1
f 226//1 256//1 3332//1
f 4192//1 3333//1 4119//1
f 255//1 3339//1 3336//1
f 255//1 254//1 3339//1
f 254//1 3340//1 3339//1
f 254//1 3344//1 3340//1
f 254//1 253//1 3344//1
f 253//1 3345//1 3344//1
f 251//1 3351//1 3348//1
f 251//1 250//1 3351//1
f 250//1 3352//1 3351//1
f 250//1 3356//1 3352//1
f 250//1 249//1 3356//1
f 249//1 3357//1 3356//1
f 247//1 3363//1 3360//1
f 247//1 246//1 3363//1
f 246//1 3364//1 3363//1
f 246//1 3368//1 3364//1
f 246//1 245//1 3368//1
f 245//1 3369//1 3368//1
f 243//1 3375//1 3372//1
f 243//1 242//1 3375//1
f 242//1 3376//1 3375//1
f 242//1 3380//1 3376//1
f 242//1 241//1 3380//1
f 241//1 3381//1 3380//1
f 239//1 3387//1 3384//1
f 239//1 238//1 3387//1
f 238//1 3388//1 3387//1
f 238//1 3392//1 3388//1
f 238//1 237//1 3392//1
f 237//1 3393//1 3392//1
f 235//1 3399//1 3396//1
f 235//1 234//1 3399//1
f 234//1 3400//1 3399//1
f 234//1 3404//1 3400//1
f 234//1 233//1 3404//1
f 233//1 3405//1 3404//1
f 231//1 3411//1 3408//1
f 231//1 230//1 3411//1
f 230//1 3412//1 3411//1
f 230//1 3416//1 3412//1
f 230//1 229//1 3416//1
f 229//1 3417//1 3416//1
f 227//1 3423//1 3420//1
f 227//1 226//1 3423//1
f 226//1 3329//1 3423//1
f 194//1 3428//1 3425//1
f 194//1 224//1 3428//1
f 4196//1 3429//1 4116//1
f 223//1 3435//1 3432//1
f 223//1 222//1 3435//1
f 222//1 3436//1 3435//1
f 222//1 3440//1 3436//1
f 222//1 221//1 3440//1
f 221//1 3441//1 3440//1
f 219//1 3447//1 3444//1
f 219//1 218//1 3447//1
f 218//1 3448//1 3447//1
f 218//1 3452//1 3448//1
f 218//1 217//1 3452//1
f 217//1 3453//1 3452//1
f 215//1 3459//1 3456//1
f 215//1 214//1 3459//1
f 214//1 3460//1 3459//1
f 214//1 3464//1 3460//1
f 214//1 213//1 3464//1
f 213//1 3465//1 3464//1
f 211//1 3471//1 3468//1
f 211//1 210//1 3471//1
f 210//1 3472//1 3471//1
f 210//1 3476//1 3472//1
f 210//1 209//1 3476//1
f 209//1 3477//1 3476//1
f 207//1 3483//1 3480//1
f 207//1 206//1 3483//1
f 206//1 3484//1 3483//1
f 206//1 3488//1 3484//1
f 206//1 205//1 3488//1
f 205//1 3489//1 3488//1
f 203//1 3495//1 3492//1
f 203//1 202//1 3495//1
f 202//1 3496//1 3495//1
f 202//1 3500//1 3496//1
f 202//1 201//1 3500//1
f 201//1 3501//1 3500//1
f 199//1 3507//1 3504//1
f 199//1 198//1 3507//1
f 198//1 3508//1 3507//1
f 198//1 3512//1 3508//1
f 198//1 197//1 3512//1
f 197//1 3513//1 3512//1
f 195//1 3519//1 3516//1
f 195//1 194//1 3519//1
f 194//1 3425//1 3519//1
f 162//1 3524//1 3521//1
f 162//1 192//1 3524//1
f 4200//1 3525//1 4113//1
f 191//1 3531//1 3528//1
f 191//1 190//1 3531//1
f 190//1 3532//1 3531//1
f 190//1 3536//1 3532//1
f 190//1 189//1 3536//1
f 189//1 3537//1 3536//1
f 187//1 3543//1 3540//1
f 187//1 186//1 3543//1
f 186//1 3544//1 3543//1
f 186//1 3548//1 3544//1
f 186//1 185//1 3548//1
f 185//1 3549//1 3548//1
f 183//1 3555//1 3552//1
f 183//1 182//1 3555//1
f 182//1 3556//1 3555//1
f 182//1 3560//1 3556//1
f 182//1 181//1 3560//1
f 181//1 3561//1 3560//1
f 179//1 3567//1 3564//1
f 179//1 178//1 3567//1
f 178//1 3568//1 3567//1
f 178//1 3572//1 3568//1
f 178//1 177//1 3572//1
f 177//1 3573//1 3572//1
f 175//1 3579//1 3576//1
f 175//1 174//1 3579//1
f 174//1 3580//1 3579//1
f 174//1 3584//1 3580//1
f 174//1 173//1 3584//1
f 173//1 3585//1 3584//1
f 171//1 3591//1 3588//1
f 171//1 170//1 3591//1
f 170//1 3592//1 3591//1
f 170//1 3596//1 3592//1
f 170//1 169//1 3596//1
f 169//1 3597//1 3596//1
f 167//1 3603//1 3600//1
f 167//1 166//1 3603//1
f 166//1 3604//1 3603//1
f 166//1 3608//1 3604//1
f 166//1 165//1 3608//1
f 165//1 3609//1 3608//1
f 163//1 3615//1 3612//1
f 163//1 162//1 3615//1
f 162//1 3521//1 3615//1
f 130//1 3620//1 3617//1
f 130//1 160//1 3620//1
f 4204//1 3621//1 4110//1
f 159//1 3627//1 3624//1
f 159//1 158//1 3627//1
f 158//1 3628//1 3627//1
f 158//1 3632//1 3628//1
f 158//1 157//1 3632//1
f 157//1 3633//1 3632//1
f 155//1 3639//1 3636//1
f 155//1 154//1 3639//1
f 154//1 3640//1 3639//1
f 154//1 3644//1 3640//1
f 154//1 153//1 3644//1
f 153//1 3645//1 3644//1
f 151//1 3651//1 3648//1
f 151//1 150//1 3651//1
f 150//1 3652//1 3651//1
f 150//1 3656//1 3652//1
f 150//1 149//1 3656//1
f 149//1 3657//1 3656//1
f 147//1 3663//1 3660//1
f 147//1 146//1 3663//1
f 146//1 3664//1 3663//1
f 146//1 3668//1 3664//1
f 146//1 145//1 3668//1
f 145//1 3669//1 3668//1
f 143//1 3675//1 3672//1
f 143//1 142//1 3675//1
f 142//1 3676//1 3675//1
f 142//1 3680//1 3676//1
f 142//1 141//1 3680//1
f 141//1 3681//1 3680//1
f 139//1 3687//1 3684//1
f 139//1 138//1 3687//1
f 138//1 3688//1 3687//1
f 138//1 3692//1 3688//1
f 138//1 137//1 3692//1
f 137//1 3693//1 3692//1
f 135//1 3699//1 3696//1
f 135//1 134//1 3699//1
f 134//1 3700//1 3699//1
f 134//1 3704//1 3700//1
f 134//1 133//1 3704//1
f 133//1 3705//1 3704//1
f 131//1 3711//1 3708//1
f 131//1 130//1 3711//1
f 130//1 3617//1 3711//1
f 98//1 3716//1 3713//1
f 98//1 128//1 3716//1
f 4208//1 3717//1 4107//1
f 127//1 3723//1 3720//1
f 127//1 126//1 3723//1
f 126//1 3724//1 3723//1
f 126//1 3728//1 3724//1
f 126//1 125//1 3728//1
f 125//1 3729//1 3728//1
f 123//1 3735//1 3732//1
f 123//1 122//1 3735//1
f 122//1 3736//1 3735//1
f 122//1 3740//1 3736//1
f 122//1 121//1 3740//1
f 121//1 3741//1 3740//1
f 119//1 3747//1 3744//1
f 119//1 118//1 3747//1
f 118//1 3748//1 3747//1
f 118//1 3752//1 3748//1
f 118//1 117//1 3752//1
f 117//1 3753//1 3752//1
f 115//1 3759//1 3756//1
f 115//1 114//1 3759//1
f 114//1 3760//1 3759//1
f 114//1 3764//1 3760//1
f 114//1 113//1 3764//1
f 113//1 3765//1 3764//1
f 111//1 3771//1 3768//1
f 111//1 110//1 3771//1
f 110//1 3772//1 3771//1
f 110//1 3776//1 3772//1
f 110//1 109//1 3776//1
f 109//1 3777//1 3776//1
f 107//1 3783//1 3780//1
f 107//1 106//1 3783//1
f 106//1 3784//1 3783//1
f 106//1 3788//1 3784//1
f 106//1 105//1 3788//1
f 105//1 3789//1 3788//1
f 103//1 3795//1 3792//1
f 103//1 102//1 3795//1
f 102//1 3796//1 3795//1
f 102//1 3800//1 3796//1
f 102//1 101//1 3800//1
f 101//1 3801//1 3800//1
f 99//1 3807//1 3804//1
f 99//1 98//1 3807//1
f 98//1 3713//1 3807//1
f 66//1 3812//1 3809//1
f 66//1 96//1 3812//1
f 4212//1 3813//1 4104//1
f 95//1 3819//1 3816//1
f 95//1 94//1 3819//1
f 94//1 3820//1 3819//1
f 94//1 3824//1 3820//1
f 94//1 93//1 3824//1
f 93//1 3825//1 3824//1
f 91//1 3831//1 3828//1
f 91//1 90//1 3831//1
f 90//1 3832//1 3831//1
f 90//1 3836//1 3832//1
f 90//1 89//1 3836//1
f 89//1 3837//1 3836//1
f 87//1 3843//1 3840//1
f 87//1 86//1 3843//1
f 86//1 3844//1 3843//1
f 86//1 3848//1 3844//1
f 86//1 85//1 3848//1
f 85//1 3849//1 3848//1
f 83//1 3855//1 3852//1
f 83//1 82//1 3855//1
f 82//1 3856//1 3855//1
f 82//1 3860//1 3856//1
f 82//1 81//1 3860//1
f 81//1 3861//1 3860//1
f 79//1 3867//1 3864//1
f 79//1 78//1 3867//1
f 78//1 3868//1 3867//1
f 78//1 3872//1 3868//1
f 78//1 77//1 3872//1
f 77//1 3873//1 3872//1
f 75//1 3879//1 3876//1
f 75//1 74//1 3879//1
f 74//1 3880//1 3879//1
f 74//1 3884//1 3880//1
f 74//1 73//1 3884//1
f 73//1 3885//1 3884//1
f 71//1 3891//1 3888//1
f 71//1 70//1 3891//1
f 70//1 3892//1 3891//1
f 70//1 3896//1 3892//1
f 70//1 69//1 3896//1
f 69//1 3897//1 3896//1
f 67//1 3903//1 3900//1
f 67//1 66//1 3903//1
f 66//1 3809//1 3903//1
f 34//1 3908//1 3905//1
f 34//1 64//1 3908//1
f 4216//1 3909//1 4101//1
f 63//1 3915//1 3912//1
f 63//1 62//1 3915//1
f 62//1 3916//1 3915//1
f 62//1 3920//1 3916//1
f 62//1 61//1 3920//1
f 61//1 3921//1 3920//1
f 59//1 3927//1 3924//1
f 59//1 58//1 3927//1
f 58//1 3928//1 3927//1
f 58//1 3932//1 3928//1
f 58//1 57//1 3932//1
f 57//1 3933//1 3932//1
f 55//1 3939//1 3936//1
f 55//1 54//1 3939//1
f 54//1 3940//1 3939//1
f 54//1 3944//1 3940//1
f 54//1 53//1 3944//1
f 53//1 3945//1 3944//1
f 51//1 3951//1 3948//1
f 51//1 50//1 3951//1
f 50//1 3952//1 3951//1
f 50//1 3956//1 3952//1
f 50//1 49//1 3956//1
f 49//1 3957//1 3956//1
f 47//1 3963//1 3960//1
f 47//1 46//1 3963//1
f 46//1 3964//1 3963//1
f 46//1 3968//1 3964//1
f 46//1 45//1 3968//1
f 45//1 3969//1 3968//1
f 43//1 3975//1 3972//1
f 43//1 42//1 3975//1
f 42//1 3976//1 3975//1
f 42//1 3980//1 3976//1
f 42//1 41//1 3980//1
f 41//1 3981//1 3980//1
f 39//1 3987//1 3984//1
f 39//1 38//1 3987//1
f 38//1 3988//1 3987//1
f 38//1 3992//1 3988//1
f 38//1 37//1 3992//1
f 37//1 3993//1 3992//1
f 35//1 3999//1 3996//1
f 35//1 34//1 3999//1
f 34//1 3905//1 3999//1
f 2//1 4004//1 4001//1
f 2//1 32//1 4004//1
f 4225//1 4005//1 4098//1
f 31//1 4011//1 4008//1
f 31//1 30//1 4011//1
f 30//1 4012//1 4011//1
f 30//1 4016//1 4012//1
f 30//1 29//1 4016//1
f 29//1 4017//1 4016//1
f 27//1 4023//1 4020//1
f 27//1 26//1 4023//1
f 26//1 4024//1 4023//1
f 26//1 4028//1 4024//1
f 26//1 25//1 4028//1
f 25//1 4029//1 4028//1
f 23//1 4035//1 4032//1
f 23//1 22//1 4035//1
f 22//1 4036//1 4035//1
f 22//1 4040//1 4036//1
f 22//1 21//1 4040//1
f 21//1 4041//1 4040//1
f 19//1 4047//1 4044//1
f 19//1 18//1 4047//1
f 18//1 4048//1 4047//1
f 18//1 4052//1 4048//1
f 18//1 17//1 4052//1
f 17//1 4053//1 4052//1
f 15//1 4059//1 4056//1
f 15//1 14//1 4059//1
f 14//1 4060//1 4059//1
f 14//1 4064//1 4060//1
f 14//1 13//1 4064//1
f 13//1 4065//1 4064//1
f 11//1 4071//1 4068//1
f 11//1 10//1 4071//1
f 10//1 4072//1 4071//1
f 10//1 4076//1 4072//1
f 10//1 9//1 4076//1
f 9//1 4077//1 4076//1
f 7//1 4083//1 4080//1
f 7//1 6//1 4083//1
f 6//1 4084//1 4083//1
f 6//1 4088//1 4084//1
f 6//1 5//1 4088//1
f 5//1 4089//1 4088//1
f 3//1 4095//1 4092//1
f 3//1 2//1 4095//1
f 2//1 4001//1 4095//1
