# Surface Tracking Data
Frame 0
0 0.995040 0.881511 -0.238487
1 0.981278 0.892716 -0.266826
2 0.960691 0.905248 -0.288509
3 0.934175 0.917245 -0.303084
4 0.903332 0.926447 -0.309032
5 0.871385 0.932632 -0.305130
6 0.839558 0.935413 -0.291125
7 0.817227 0.938420 -0.268677
8 0.802271 0.941563 -0.241742
9 0.791391 0.943319 -0.212052
10 0.783492 0.944346 -0.182763
11 0.776608 0.944975 -0.152921
12 0.771691 0.945110 -0.123101
13 0.767702 0.945326 -0.092992
14 0.766833 0.944796 -0.061995
15 0.773637 0.941876 -0.029704
16 0.790991 0.940634 -0.002391
17 0.814513 0.937899 0.019068
18 0.844228 0.931272 0.032473
19 0.877810 0.918870 0.034076
20 0.905303 0.905264 0.025403
21 0.930221 0.892449 0.009245
22 0.950801 0.880936 -0.011467
23 0.970524 0.874752 -0.034020
24 0.988872 0.869732 -0.058603
25 1.003015 0.866126 -0.086609
26 1.011732 0.865257 -0.118118
27 1.014146 0.866126 -0.149316
28 1.010797 0.869057 -0.180918
29 1.004184 0.873283 -0.210363
Frame 1
0 0.995040 0.881511 -0.238487
1 0.981278 0.892716 -0.266826
2 0.960691 0.905248 -0.288509
3 0.934175 0.917245 -0.303084
4 0.903332 0.926447 -0.309032
5 0.871385 0.932632 -0.305130
6 0.839558 0.935413 -0.291125
7 0.817227 0.938420 -0.268677
8 0.802271 0.941563 -0.241742
9 0.791391 0.943319 -0.212052
10 0.783492 0.944346 -0.182763
11 0.776608 0.944975 -0.152921
12 0.771691 0.945110 -0.123101
13 0.767702 0.945326 -0.092992
14 0.766833 0.944796 -0.061995
15 0.773637 0.941876 -0.029704
16 0.790991 0.940634 -0.002391
17 0.814513 0.937899 0.019068
18 0.844228 0.931272 0.032473
19 0.877810 0.918870 0.034076
20 0.905303 0.905264 0.025403
21 0.930221 0.892449 0.009245
22 0.950801 0.880936 -0.011467
23 0.970524 0.874752 -0.034020
24 0.988872 0.869732 -0.058603
25 1.003015 0.866126 -0.086609
26 1.011732 0.865257 -0.118118
27 1.014146 0.866126 -0.149316
28 1.010797 0.869057 -0.180918
29 1.004184 0.873283 -0.210363
Frame 2
0 0.994416 0.881674 -0.238553
1 0.980688 0.892885 -0.266906
2 0.960127 0.905425 -0.288611
3 0.933630 0.917431 -0.303213
4 0.902798 0.926643 -0.309194
5 0.870849 0.932838 -0.305325
6 0.839010 0.935629 -0.291354
7 0.816658 0.938644 -0.268930
8 0.801676 0.941792 -0.242012
9 0.790765 0.943551 -0.212335
10 0.782834 0.944580 -0.183053
11 0.775919 0.945211 -0.153219
12 0.770969 0.945348 -0.123405
13 0.766948 0.945565 -0.093301
14 0.766045 0.945036 -0.062302
15 0.772814 0.942111 -0.030006
16 0.790137 0.940863 -0.002676
17 0.813633 0.938118 0.018808
18 0.843331 0.931481 0.032245
19 0.876907 0.919067 0.033886
20 0.904406 0.905451 0.025243
21 0.929337 0.892628 0.009113
22 0.949937 0.881107 -0.011576
23 0.969682 0.874917 -0.034108
24 0.988056 0.869892 -0.058670
25 1.002226 0.866281 -0.086663
26 1.010977 0.865409 -0.118163
27 1.013424 0.866278 -0.149359
28 1.010109 0.869212 -0.180966
29 1.003527 0.873443 -0.210421
Frame 3
0 0.992675 0.882127 -0.238739
1 0.979038 0.893354 -0.267130
2 0.958552 0.905915 -0.288895
3 0.932109 0.917948 -0.303573
4 0.901305 0.927186 -0.309642
5 0.869353 0.933407 -0.305867
6 0.837479 0.936226 -0.291990
7 0.815071 0.939260 -0.269636
8 0.800014 0.942420 -0.242760
9 0.789019 0.944190 -0.213118
10 0.781002 0.945225 -0.183860
11 0.773996 0.945862 -0.154045
12 0.768958 0.946001 -0.124251
13 0.764846 0.946223 -0.094159
14 0.763849 0.945696 -0.063157
15 0.770519 0.942755 -0.030847
16 0.787760 0.941489 -0.003469
17 0.811179 0.938723 0.018085
18 0.840832 0.932055 0.031612
19 0.874392 0.919608 0.033355
20 0.901905 0.905966 0.024797
21 0.926876 0.893119 0.008742
22 0.947528 0.881579 -0.011883
23 0.967338 0.875372 -0.034358
24 0.985781 0.870334 -0.058860
25 1.000027 0.866708 -0.086816
26 1.008870 0.865830 -0.118292
27 1.011411 0.866699 -0.149481
28 1.008190 0.869644 -0.181104
29 1.001694 0.873889 -0.210585
Frame 4
0 0.990012 0.882812 -0.239024
1 0.976515 0.894067 -0.267474
2 0.956141 0.906658 -0.289326
3 0.929778 0.918730 -0.304120
4 0.899017 0.928008 -0.310324
5 0.867062 0.934270 -0.306689
6 0.835134 0.937127 -0.292956
7 0.812642 0.940189 -0.270707
8 0.797471 0.943367 -0.243898
9 0.786350 0.945153 -0.214308
10 0.778202 0.946196 -0.185086
11 0.771060 0.946840 -0.155302
12 0.765887 0.946981 -0.125537
13 0.761639 0.947209 -0.095464
14 0.760497 0.946683 -0.064461
15 0.767017 0.943718 -0.032128
16 0.784132 0.942427 -0.004679
17 0.807438 0.939626 0.016981
18 0.837021 0.932913 0.030645
19 0.870555 0.920415 0.032541
20 0.898089 0.906736 0.024111
21 0.923119 0.893854 0.008173
22 0.943853 0.882288 -0.012357
23 0.963757 0.876055 -0.034742
24 0.982308 0.870997 -0.059158
25 0.996670 0.867352 -0.087056
26 1.005653 0.866465 -0.118494
27 1.008335 0.867336 -0.149672
28 1.005256 0.870295 -0.181318
29 0.998892 0.874564 -0.210838
Frame 5
0 0.986620 0.883676 -0.239393
1 0.973299 0.894963 -0.267913
2 0.953066 0.907594 -0.289875
3 0.926807 0.919713 -0.304812
4 0.896098 0.929041 -0.311185
5 0.864141 0.935350 -0.307729
6 0.832147 0.938255 -0.294175
7 0.809548 0.941352 -0.272059
8 0.794236 0.944549 -0.245334
9 0.782954 0.946354 -0.215811
10 0.774642 0.947405 -0.186634
11 0.767329 0.948056 -0.156890
12 0.761985 0.948198 -0.127163
13 0.757567 0.948433 -0.097117
14 0.756244 0.947909 -0.066109
15 0.762576 0.944912 -0.033750
16 0.779530 0.943587 -0.006213
17 0.802692 0.940741 0.015579
18 0.832186 0.933975 0.029413
19 0.865686 0.921416 0.031502
20 0.893246 0.907692 0.023233
21 0.918350 0.894768 0.007441
22 0.939186 0.883168 -0.012967
23 0.959212 0.876905 -0.035239
24 0.977897 0.871825 -0.059545
25 0.992404 0.868156 -0.087370
26 1.001562 0.867260 -0.118759
27 1.004422 0.868135 -0.149925
28 1.001524 0.871115 -0.181597
29 0.995326 0.875415 -0.211166
Frame 6
0 0.982695 0.884662 -0.239823
1 0.969574 0.895987 -0.268422
2 0.949502 0.908661 -0.290508
3 0.923361 0.920834 -0.305608
4 0.892716 0.930217 -0.312173
5 0.860753 0.936578 -0.308918
6 0.828686 0.939534 -0.295570
7 0.805969 0.942667 -0.273606
8 0.790492 0.945884 -0.246979
9 0.779029 0.947707 -0.217532
10 0.770529 0.948766 -0.188409
11 0.763021 0.949424 -0.158710
12 0.757484 0.949566 -0.129029
13 0.752870 0.949804 -0.099012
14 0.751340 0.949281 -0.068003
15 0.757457 0.946246 -0.035615
16 0.774229 0.944881 -0.007979
17 0.797225 0.941985 0.013962
18 0.826614 0.935157 0.027989
19 0.860077 0.922532 0.030298
20 0.887664 0.908761 0.022211
21 0.912852 0.895791 0.006587
22 0.933806 0.884157 -0.013683
23 0.953969 0.877863 -0.035825
24 0.972808 0.872759 -0.060004
25 0.987481 0.869066 -0.087744
26 0.996840 0.868163 -0.119077
27 0.999903 0.869043 -0.150226
28 0.997211 0.872049 -0.181928
29 0.991202 0.876385 -0.211552
Frame 7
0 0.978432 0.885714 -0.240297
1 0.965525 0.897082 -0.268978
2 0.945625 0.909802 -0.291194
3 0.919609 0.922030 -0.306466
4 0.889031 0.931466 -0.313236
5 0.857065 0.937880 -0.310195
6 0.824920 0.940885 -0.297066
7 0.802077 0.944054 -0.275265
8 0.786427 0.947289 -0.248742
9 0.774770 0.949128 -0.219377
10 0.766069 0.950192 -0.190312
11 0.758354 0.950856 -0.160664
12 0.752611 0.950993 -0.131033
13 0.747790 0.951234 -0.101049
14 0.746039 0.950708 -0.070040
15 0.751924 0.947630 -0.037625
16 0.768501 0.946222 -0.009881
17 0.791318 0.943271 0.012214
18 0.820596 0.936380 0.026445
19 0.854015 0.923689 0.028987
20 0.881632 0.909872 0.021095
21 0.906910 0.896858 0.005650
22 0.927989 0.885189 -0.014474
23 0.948301 0.878866 -0.036476
24 0.967302 0.873739 -0.060519
25 0.982153 0.870026 -0.088167
26 0.991727 0.869118 -0.119439
27 0.995007 0.870007 -0.150569
28 0.992533 0.873043 -0.182301
29 0.986726 0.877419 -0.211981
Frame 8
0 0.974029 0.886779 -0.240799
1 0.961336 0.898188 -0.269558
2 0.941609 0.910955 -0.291903
3 0.915720 0.923237 -0.307348
4 0.885209 0.932725 -0.314322
5 0.853242 0.939187 -0.311496
6 0.821019 0.942235 -0.298589
7 0.798050 0.945435 -0.276952
8 0.782224 0.948682 -0.250536
9 0.770372 0.950533 -0.221255
10 0.761468 0.951599 -0.192250
11 0.753543 0.952264 -0.162654
12 0.747593 0.952393 -0.133075
13 0.742564 0.952630 -0.103126
14 0.740590 0.952099 -0.072120
15 0.746241 0.948974 -0.039677
16 0.762620 0.947521 -0.011828
17 0.785256 0.944513 0.010420
18 0.814417 0.937562 0.024855
19 0.847793 0.924809 0.027631
20 0.875437 0.910951 0.019935
21 0.900807 0.897898 0.004669
22 0.922014 0.886200 -0.015304
23 0.942475 0.879853 -0.037165
24 0.961640 0.874706 -0.061071
25 0.976674 0.870979 -0.088623
26 0.986464 0.870072 -0.119833
27 0.989963 0.870975 -0.150942
28 0.987711 0.874045 -0.182703
29 0.982109 0.878464 -0.212438
Frame 9
0 0.969682 0.887800 -0.241311
1 0.957192 0.899254 -0.270142
2 0.937631 0.912061 -0.292608
3 0.911861 0.924393 -0.308215
4 0.881416 0.933926 -0.315382
5 0.849447 0.940425 -0.312763
6 0.817150 0.943507 -0.300067
7 0.794062 0.946729 -0.278587
8 0.778067 0.949982 -0.252273
9 0.766030 0.951837 -0.223073
10 0.756931 0.952900 -0.194127
11 0.748806 0.953561 -0.164582
12 0.742658 0.953676 -0.135055
13 0.737430 0.953904 -0.105142
14 0.735241 0.953361 -0.074138
15 0.740669 0.950188 -0.041672
16 0.756857 0.948689 -0.013723
17 0.779318 0.945626 0.008667
18 0.808365 0.938618 0.023293
19 0.841700 0.925815 0.026292
20 0.869367 0.911929 0.018782
21 0.894828 0.898843 0.003688
22 0.916160 0.887124 -0.016143
23 0.936766 0.880760 -0.037867
24 0.956087 0.875602 -0.061640
25 0.971297 0.871868 -0.089101
26 0.981295 0.870971 -0.120250
27 0.985004 0.871892 -0.151337
28 0.982965 0.875000 -0.183123
29 0.977559 0.879465 -0.212911
Frame 10
0 0.965553 0.888736 -0.241821
1 0.953248 0.900228 -0.270715
2 0.933835 0.913073 -0.293287
3 0.908174 0.925447 -0.309041
4 0.877786 0.935014 -0.316382
5 0.845814 0.941540 -0.313948
6 0.813451 0.944642 -0.301444
7 0.790258 0.947876 -0.280108
8 0.774106 0.951125 -0.253886
9 0.761899 0.952976 -0.224759
10 0.752622 0.954028 -0.195868
11 0.744315 0.954680 -0.166371
12 0.737986 0.954775 -0.136894
13 0.732578 0.954987 -0.107013
14 0.730193 0.954428 -0.076014
15 0.735416 0.951202 -0.043529
16 0.751429 0.949659 -0.015490
17 0.773729 0.946542 0.007025
18 0.802671 0.939489 0.021823
19 0.835968 0.926648 0.025021
20 0.863656 0.912746 0.017679
21 0.889201 0.899642 0.002742
22 0.910650 0.887912 -0.016960
23 0.931390 0.881541 -0.038558
24 0.950854 0.876382 -0.062210
25 0.966228 0.872652 -0.089584
26 0.976419 0.871771 -0.120678
27 0.980317 0.872717 -0.151744
28 0.978473 0.875866 -0.183553
29 0.973247 0.880377 -0.213386
Frame 11
0 0.961657 0.889582 -0.242325
1 0.949516 0.901111 -0.271272
2 0.930237 0.913986 -0.293939
3 0.904671 0.926393 -0.309823
4 0.874335 0.935987 -0.317321
5 0.842361 0.942529 -0.315054
6 0.809938 0.945642 -0.302722
7 0.786649 0.948879 -0.281516
8 0.770355 0.952120 -0.255378
9 0.757995 0.953958 -0.226316
10 0.748555 0.954996 -0.197475
11 0.740082 0.955635 -0.168021
12 0.733591 0.955705 -0.138593
13 0.728018 0.955894 -0.108743
14 0.725455 0.955317 -0.077750
15 0.730492 0.952038 -0.045248
16 0.746347 0.950453 -0.017128
17 0.768498 0.947287 0.005496
18 0.797342 0.940197 0.020446
19 0.830607 0.927330 0.023823
20 0.858312 0.913424 0.016632
21 0.883937 0.900309 0.001836
22 0.905494 0.888577 -0.017748
23 0.926359 0.882209 -0.039232
24 0.945954 0.877054 -0.062773
25 0.961479 0.873335 -0.090068
26 0.971844 0.872479 -0.121110
27 0.975917 0.873452 -0.152157
28 0.974248 0.876644 -0.183986
29 0.969185 0.881201 -0.213859
Frame 12
0 0.957965 0.890347 -0.242819
1 0.945975 0.901908 -0.271811
2 0.926815 0.914808 -0.294564
3 0.901336 0.927243 -0.310567
4 0.871047 0.936856 -0.318206
5 0.839069 0.943408 -0.316090
6 0.806594 0.946524 -0.303915
7 0.783217 0.949760 -0.282827
8 0.766793 0.952987 -0.256765
9 0.754294 0.954810 -0.227763
10 0.744705 0.955834 -0.198971
11 0.736081 0.956456 -0.169557
12 0.729441 0.956500 -0.140175
13 0.723717 0.956667 -0.110354
14 0.720990 0.956069 -0.079366
15 0.725857 0.952739 -0.046850
16 0.741568 0.951116 -0.018656
17 0.763581 0.947906 0.004065
18 0.792337 0.940787 0.019153
19 0.825574 0.927903 0.022693
20 0.853292 0.913998 0.015638
21 0.878992 0.900879 0.000970
22 0.900650 0.889151 -0.018507
23 0.921630 0.882790 -0.039884
24 0.941345 0.877644 -0.063323
25 0.957011 0.873941 -0.090544
26 0.967537 0.873111 -0.121540
27 0.971767 0.874113 -0.152569
28 0.970260 0.877346 -0.184414
29 0.965344 0.881945 -0.214324
Frame 13
0 0.954456 0.891040 -0.243296
1 0.942603 0.902627 -0.272332
2 0.923552 0.915548 -0.295162
3 0.898152 0.928004 -0.311275
4 0.867905 0.937630 -0.319044
5 0.835925 0.944188 -0.317068
6 0.803402 0.947304 -0.305038
7 0.779945 0.950538 -0.284059
8 0.763400 0.953754 -0.258067
9 0.750773 0.955560 -0.229122
10 0.741045 0.956570 -0.200374
11 0.732281 0.957178 -0.170998
12 0.725506 0.957197 -0.141660
13 0.719641 0.957343 -0.111869
14 0.716763 0.956728 -0.080885
15 0.721474 0.953350 -0.048355
16 0.737050 0.951695 -0.020092
17 0.758937 0.948445 0.002718
18 0.787610 0.941303 0.017931
19 0.820821 0.928407 0.021622
20 0.848553 0.914507 0.014691
21 0.874323 0.901388 0.000143
22 0.896074 0.889665 -0.019233
23 0.917160 0.883313 -0.040511
24 0.936988 0.878177 -0.063855
25 0.952783 0.874489 -0.091007
26 0.963459 0.873683 -0.121960
27 0.967835 0.874713 -0.152971
28 0.966477 0.877984 -0.184831
29 0.961698 0.882621 -0.214773
Frame 14
0 0.951101 0.891670 -0.243753
1 0.939377 0.903276 -0.272829
2 0.920428 0.916212 -0.295734
3 0.895101 0.928685 -0.311950
4 0.864894 0.938321 -0.319843
5 0.832912 0.944883 -0.317998
6 0.800346 0.948000 -0.306102
7 0.776816 0.951232 -0.285226
8 0.760158 0.954440 -0.259302
9 0.747412 0.956235 -0.230411
10 0.737554 0.957234 -0.201705
11 0.728659 0.957832 -0.172365
12 0.721756 0.957831 -0.143072
13 0.715755 0.957960 -0.113308
14 0.712737 0.957333 -0.082330
15 0.717303 0.953915 -0.049784
16 0.732753 0.952232 -0.021457
17 0.754522 0.948951 0.001438
18 0.783118 0.941791 0.016771
19 0.816306 0.928884 0.020602
20 0.844051 0.914989 0.013790
21 0.869885 0.901869 -0.000646
22 0.891724 0.890151 -0.019927
23 0.912908 0.883804 -0.041111
24 0.932840 0.878675 -0.064365
25 0.948758 0.875000 -0.091451
26 0.959575 0.874215 -0.122361
27 0.964087 0.875266 -0.153354
28 0.962868 0.878569 -0.185230
29 0.958219 0.883237 -0.215203
Frame 15
0 0.947877 0.892245 -0.244182
1 0.936275 0.903863 -0.273301
2 0.917423 0.916810 -0.296279
3 0.892166 0.929295 -0.312595
4 0.861999 0.938939 -0.320606
5 0.830017 0.945507 -0.318887
6 0.797412 0.948628 -0.307122
7 0.773811 0.951864 -0.286345
8 0.757048 0.955071 -0.260488
9 0.744188 0.956861 -0.231651
10 0.734205 0.957859 -0.202985
11 0.725184 0.958452 -0.173682
12 0.718160 0.958437 -0.144429
13 0.712030 0.958557 -0.114693
14 0.708878 0.957925 -0.083721
15 0.713306 0.954478 -0.051158
16 0.728634 0.952776 -0.022768
17 0.750294 0.949468 0.000210
18 0.778818 0.942293 0.015658
19 0.811985 0.929377 0.019627
20 0.839742 0.915480 0.012929
21 0.865636 0.902358 -0.001397
22 0.887557 0.890639 -0.020586
23 0.908832 0.884293 -0.041680
24 0.928862 0.879165 -0.064848
25 0.944895 0.875495 -0.091867
26 0.955847 0.874723 -0.122736
27 0.960488 0.875786 -0.153714
28 0.959403 0.879112 -0.185604
29 0.954875 0.883804 -0.215606
Frame 16
0 0.944756 0.892774 -0.244581
1 0.933274 0.904396 -0.273744
2 0.914517 0.917348 -0.296796
3 0.889330 0.929840 -0.313212
4 0.859204 0.939494 -0.321340
5 0.827223 0.946071 -0.319746
6 0.794582 0.949205 -0.308110
7 0.770914 0.952452 -0.287432
8 0.754050 0.955670 -0.261643
9 0.741081 0.957466 -0.232860
10 0.730975 0.958470 -0.204236
11 0.721832 0.959068 -0.174967
12 0.714690 0.959048 -0.145754
13 0.708430 0.959172 -0.116048
14 0.705149 0.958546 -0.085081
15 0.709445 0.955083 -0.052497
16 0.724653 0.953370 -0.024047
17 0.746211 0.950046 -0.000982
18 0.774666 0.942858 0.014584
19 0.807812 0.929928 0.018688
20 0.835582 0.916022 0.012103
21 0.861532 0.902890 -0.002114
22 0.883528 0.891161 -0.021210
23 0.904889 0.884808 -0.042215
24 0.925011 0.879671 -0.065299
25 0.941155 0.875996 -0.092252
26 0.952236 0.875223 -0.123079
27 0.957005 0.876289 -0.154040
28 0.956048 0.879627 -0.185944
29 0.951639 0.884331 -0.215977
Frame 17
0 0.941714 0.893263 -0.244941
1 0.930353 0.904879 -0.274151
2 0.911691 0.917832 -0.297282
3 0.886576 0.930329 -0.313800
4 0.856492 0.939991 -0.322049
5 0.824516 0.946583 -0.320582
6 0.791842 0.949740 -0.309077
7 0.768106 0.953010 -0.288499
8 0.751146 0.956252 -0.262781
9 0.738068 0.958068 -0.234056
10 0.727841 0.959094 -0.205472
11 0.718578 0.959709 -0.176240
12 0.711316 0.959699 -0.147067
13 0.704927 0.959839 -0.117390
14 0.701519 0.959234 -0.086429
15 0.705683 0.955769 -0.053819
16 0.720773 0.954057 -0.025309
17 0.742230 0.950723 -0.002153
18 0.770618 0.943524 0.013532
19 0.803741 0.930575 0.017777
20 0.831527 0.916651 0.011309
21 0.857527 0.903499 -0.002796
22 0.879594 0.891749 -0.021798
23 0.901035 0.885374 -0.042712
24 0.921247 0.880216 -0.065710
25 0.937499 0.876521 -0.092596
26 0.948708 0.875732 -0.123379
27 0.953603 0.876787 -0.154323
28 0.952775 0.880121 -0.186243
29 0.948484 0.884827 -0.216306
Frame 18
0 0.938738 0.893720 -0.245257
1 0.927500 0.905323 -0.274520
2 0.908938 0.918270 -0.297735
3 0.883897 0.930769 -0.314362
4 0.853860 0.940441 -0.322736
5 0.821890 0.947053 -0.321402
6 0.789183 0.950242 -0.310032
7 0.765382 0.953545 -0.289558
8 0.748325 0.956824 -0.263916
9 0.735135 0.958673 -0.235252
10 0.724787 0.959732 -0.206712
11 0.715399 0.960379 -0.177518
12 0.708019 0.960392 -0.148384
13 0.701498 0.960562 -0.118739
14 0.697958 0.959991 -0.087785
15 0.701988 0.956538 -0.055146
16 0.716958 0.954834 -0.026573
17 0.738313 0.951499 -0.003323
18 0.766633 0.944291 0.012488
19 0.799732 0.931321 0.016880
20 0.827532 0.917369 0.010536
21 0.853580 0.904189 -0.003451
22 0.875718 0.892406 -0.022353
23 0.897237 0.885998 -0.043172
24 0.917538 0.880805 -0.066082
25 0.933899 0.877077 -0.092896
26 0.945237 0.876257 -0.123632
27 0.950260 0.877287 -0.154558
28 0.949562 0.880605 -0.186494
29 0.945392 0.885301 -0.216590
Frame 19
0 0.935820 0.894161 -0.245533
1 0.924712 0.905743 -0.274853
2 0.906254 0.918681 -0.298158
3 0.881293 0.931179 -0.314900
4 0.851304 0.940861 -0.323408
5 0.819342 0.947496 -0.322214
6 0.786602 0.950722 -0.310988
7 0.762732 0.954066 -0.290625
8 0.745576 0.957391 -0.265065
9 0.732271 0.959286 -0.236466
10 0.721797 0.960388 -0.207971
11 0.712280 0.961075 -0.178819
12 0.704774 0.961122 -0.149725
13 0.698118 0.961334 -0.120113
14 0.694442 0.960805 -0.089166
15 0.698333 0.957376 -0.056496
16 0.713177 0.955689 -0.027857
17 0.734427 0.952359 -0.004507
18 0.762675 0.945144 0.011436
19 0.795749 0.932151 0.015984
20 0.823565 0.918167 0.009773
21 0.849660 0.904948 -0.004089
22 0.871867 0.893124 -0.022882
23 0.893466 0.886675 -0.043601
24 0.913857 0.881437 -0.066417
25 0.930329 0.877665 -0.093154
26 0.941802 0.876803 -0.123840
27 0.946959 0.877797 -0.154748
28 0.946398 0.881089 -0.186700
29 0.942353 0.885765 -0.216829
Frame 20
0 0.932952 0.894603 -0.245767
1 0.921982 0.906157 -0.275149
2 0.903636 0.919081 -0.298552
3 0.878761 0.931575 -0.315418
4 0.848824 0.941266 -0.324072
5 0.816872 0.947926 -0.323029
6 0.784097 0.951193 -0.311957
7 0.760154 0.954584 -0.291712
8 0.742893 0.957961 -0.266241
9 0.729465 0.959910 -0.237713
10 0.718857 0.961062 -0.209268
11 0.709204 0.961799 -0.180161
12 0.701564 0.961887 -0.151109
13 0.694765 0.962146 -0.121534
14 0.690944 0.961669 -0.090595
15 0.694686 0.958272 -0.057890
16 0.709397 0.956605 -0.029182
17 0.730534 0.953286 -0.005726
18 0.758707 0.946066 0.010360
19 0.791752 0.933048 0.015076
20 0.819585 0.919027 0.009008
21 0.845731 0.905768 -0.004718
22 0.868011 0.893897 -0.023395
23 0.889692 0.887399 -0.044007
24 0.910178 0.882111 -0.066721
25 0.926768 0.878288 -0.093375
26 0.938383 0.877376 -0.124006
27 0.943682 0.878325 -0.154893
28 0.943267 0.881584 -0.186861
29 0.939357 0.886236 -0.217024
Frame 21
0 0.930126 0.895057 -0.245963
1 0.919306 0.906581 -0.275412
2 0.901081 0.919487 -0.298919
3 0.876297 0.931977 -0.315921
4 0.846418 0.941675 -0.324732
5 0.814476 0.948358 -0.323854
6 0.781663 0.951668 -0.312949
7 0.757639 0.955109 -0.292834
8 0.740265 0.958543 -0.267459
9 0.726704 0.960550 -0.239010
10 0.715952 0.961756 -0.210618
11 0.706151 0.962546 -0.181561
12 0.698367 0.962678 -0.152555
13 0.691415 0.962992 -0.123019
14 0.687438 0.962570 -0.092089
15 0.691019 0.959210 -0.059351
16 0.705586 0.957569 -0.030567
17 0.726601 0.954263 -0.006996
18 0.754691 0.947040 0.009243
19 0.787705 0.934000 0.014142
20 0.815559 0.919942 0.008231
21 0.841757 0.906639 -0.005348
22 0.864117 0.894718 -0.023899
23 0.885887 0.888168 -0.044393
24 0.906475 0.882826 -0.066999
25 0.923190 0.878948 -0.093561
26 0.934958 0.877981 -0.124133
27 0.940412 0.878882 -0.154996
28 0.940155 0.882102 -0.186980
29 0.936391 0.886723 -0.217179
Frame 22
0 0.927335 0.895541 -0.246120
1 0.916677 0.907031 -0.275642
2 0.898585 0.919918 -0.299263
3 0.873903 0.932399 -0.316413
4 0.844086 0.942102 -0.325395
5 0.812155 0.948809 -0.324698
6 0.779297 0.952160 -0.313977
7 0.755186 0.955652 -0.294003
8 0.737686 0.959143 -0.268736
9 0.723977 0.961208 -0.240370
10 0.713068 0.962470 -0.212040
11 0.703106 0.963316 -0.183036
12 0.695165 0.963493 -0.154081
13 0.688046 0.963864 -0.124587
14 0.683898 0.963499 -0.093672
15 0.687301 0.960179 -0.060900
16 0.701710 0.958566 -0.032033
17 0.722592 0.955275 -0.008338
18 0.750593 0.948052 0.008070
19 0.783574 0.934991 0.013168
20 0.811446 0.920894 0.007427
21 0.837704 0.907549 -0.005990
22 0.860153 0.895579 -0.024401
23 0.882021 0.888977 -0.044769
24 0.902719 0.883579 -0.067255
25 0.919572 0.879646 -0.093719
26 0.931509 0.878624 -0.124223
27 0.937131 0.879473 -0.155060
28 0.937048 0.882654 -0.187058
29 0.933446 0.887242 -0.217292
Frame 23
0 0.924568 0.896071 -0.246241
1 0.914089 0.907525 -0.275839
2 0.896145 0.920390 -0.299584
3 0.871574 0.932862 -0.316895
4 0.841825 0.942567 -0.326066
5 0.809904 0.949293 -0.325568
6 0.776997 0.952682 -0.315050
7 0.752787 0.956221 -0.295233
8 0.735147 0.959768 -0.270084
9 0.721275 0.961890 -0.241812
10 0.710192 0.963207 -0.213549
11 0.700052 0.964108 -0.184606
12 0.691937 0.964328 -0.155707
13 0.684635 0.964755 -0.126260
14 0.680298 0.964445 -0.095363
15 0.683505 0.961166 -0.062557
16 0.697738 0.959581 -0.033600
17 0.718474 0.956305 -0.009769
18 0.746375 0.949085 0.006824
19 0.779318 0.936004 0.012139
20 0.807212 0.921873 0.006585
21 0.833538 0.908488 -0.006655
22 0.856086 0.896471 -0.024913
23 0.878063 0.889821 -0.045140
24 0.898884 0.884370 -0.067496
25 0.915890 0.880384 -0.093853
26 0.928012 0.879309 -0.124281
27 0.933820 0.880108 -0.155086
28 0.933931 0.883249 -0.187097
29 0.930509 0.887807 -0.217367
Frame 24
0 0.921818 0.896661 -0.246325
1 0.911537 0.908079 -0.276006
2 0.893755 0.920921 -0.299883
3 0.869310 0.933381 -0.317370
4 0.839635 0.943085 -0.326750
5 0.807724 0.949827 -0.326472
6 0.774760 0.953248 -0.316181
7 0.750438 0.956828 -0.296536
8 0.732639 0.960427 -0.271518
9 0.718584 0.962602 -0.243349
10 0.707310 0.963969 -0.215163
11 0.696972 0.964920 -0.186288
12 0.688665 0.965177 -0.157451
13 0.681161 0.965659 -0.128056
14 0.676615 0.965398 -0.097180
15 0.679600 0.962157 -0.064346
16 0.693639 0.960601 -0.035289
17 0.714212 0.957338 -0.011307
18 0.742001 0.950121 0.005486
19 0.774904 0.937026 0.011041
20 0.802819 0.922864 0.005691
21 0.829223 0.909448 -0.007352
22 0.851885 0.897390 -0.025442
23 0.873985 0.890696 -0.045515
24 0.894941 0.885199 -0.067725
25 0.912117 0.881164 -0.093965
26 0.924448 0.880042 -0.124309
27 0.930462 0.880795 -0.155076
28 0.930789 0.883900 -0.187096
29 0.927569 0.888429 -0.217404
Frame 25
0 0.919082 0.897319 -0.246372
1 0.909020 0.908704 -0.276140
2 0.891418 0.921524 -0.300161
3 0.867109 0.933970 -0.317839
4 0.837516 0.943669 -0.327447
5 0.805614 0.950420 -0.327413
6 0.772586 0.953865 -0.317373
7 0.748140 0.957479 -0.297918
8 0.730163 0.961124 -0.273045
9 0.715905 0.963343 -0.244988
10 0.704417 0.964754 -0.216888
11 0.693861 0.965750 -0.188090
12 0.685341 0.966033 -0.159322
13 0.677615 0.966566 -0.129987
14 0.672836 0.966348 -0.099138
15 0.675576 0.963141 -0.066276
16 0.689398 0.961607 -0.037111
17 0.709791 0.958356 -0.012965
18 0.737452 0.951148 0.004049
19 0.770311 0.938044 0.009864
20 0.798254 0.923857 0.004738
21 0.824745 0.910415 -0.008091
22 0.847534 0.898324 -0.025998
23 0.869772 0.891594 -0.045900
24 0.890878 0.886058 -0.067952
25 0.908244 0.881985 -0.094060
26 0.920806 0.880823 -0.124310
27 0.927047 0.881537 -0.155034
28 0.927615 0.884612 -0.187060
29 0.924621 0.889117 -0.217403
Frame 26
0 0.916379 0.898033 -0.246383
1 0.906554 0.909385 -0.276241
2 0.889146 0.922183 -0.300414
3 0.864986 0.934614 -0.318296
4 0.835479 0.944304 -0.328149
5 0.803588 0.951058 -0.328377
6 0.770489 0.954521 -0.318607
7 0.745907 0.958161 -0.299357
8 0.727737 0.961844 -0.274641
9 0.713259 0.964101 -0.246706
10 0.701539 0.965550 -0.218701
11 0.690747 0.966584 -0.189985
12 0.682001 0.966886 -0.161295
13 0.674036 0.967462 -0.132026
14 0.669004 0.967285 -0.101209
15 0.671479 0.964105 -0.068318
16 0.685066 0.962589 -0.039038
17 0.705260 0.959351 -0.014718
18 0.732786 0.952152 0.002530
19 0.765596 0.939047 0.008624
20 0.793568 0.924839 0.003736
21 0.820156 0.911379 -0.008865
22 0.843083 0.899263 -0.026574
23 0.865471 0.892506 -0.046292
24 0.886736 0.886937 -0.068172
25 0.904311 0.882833 -0.094139
26 0.917124 0.881642 -0.124287
27 0.923608 0.882322 -0.154960
28 0.924437 0.885373 -0.186988
29 0.921688 0.889858 -0.217368
Frame 27
0 0.913736 0.898783 -0.246359
1 0.904160 0.910103 -0.276308
2 0.886958 0.922877 -0.300637
3 0.862954 0.935294 -0.318732
4 0.833540 0.944972 -0.328841
5 0.801659 0.951725 -0.329343
6 0.768486 0.955197 -0.319861
7 0.743761 0.958858 -0.300827
8 0.725385 0.962573 -0.276278
9 0.710676 0.964858 -0.248471
10 0.698713 0.966341 -0.220568
11 0.687670 0.967405 -0.191940
12 0.678687 0.967717 -0.163333
13 0.670472 0.968335 -0.134138
14 0.665170 0.968192 -0.103356
15 0.667366 0.965037 -0.070437
16 0.680705 0.963535 -0.041039
17 0.700687 0.960309 -0.016540
18 0.728067 0.953123 0.000955
19 0.760827 0.940020 0.007339
20 0.788835 0.925798 0.002701
21 0.815522 0.912327 -0.009659
22 0.838596 0.900193 -0.027163
23 0.861139 0.893415 -0.046687
24 0.882573 0.887821 -0.068385
25 0.900368 0.883693 -0.094201
26 0.913446 0.882477 -0.124238
27 0.920187 0.883130 -0.154856
28 0.921292 0.886161 -0.186883
29 0.918802 0.890631 -0.217298
Frame 28
0 0.911180 0.899546 -0.246301
1 0.901863 0.910837 -0.276340
2 0.884873 0.923590 -0.300826
3 0.861030 0.935989 -0.319138
4 0.831711 0.945652 -0.329510
5 0.799843 0.952399 -0.330298
6 0.766594 0.955876 -0.321110
7 0.741721 0.959551 -0.302301
8 0.723132 0.963292 -0.277925
9 0.708183 0.965600 -0.250251
10 0.695969 0.967111 -0.222457
11 0.684669 0.968199 -0.193923
12 0.675442 0.968518 -0.165402
13 0.666968 0.969171 -0.136285
14 0.661390 0.969058 -0.105544
15 0.663296 0.965926 -0.072600
16 0.676377 0.964436 -0.043082
17 0.696140 0.961222 -0.018397
18 0.723367 0.954050 -0.000652
19 0.756073 0.940954 0.006032
20 0.784118 0.926724 0.001650
21 0.810911 0.913245 -0.010464
22 0.834134 0.901100 -0.027753
23 0.856839 0.894307 -0.047077
24 0.878447 0.888693 -0.068586
25 0.896470 0.884549 -0.094244
26 0.909820 0.883315 -0.124165
27 0.916827 0.883945 -0.154723
28 0.918217 0.886959 -0.186747
29 0.915994 0.891415 -0.217195
Frame 29
0 0.908739 0.900302 -0.246208
1 0.899684 0.911566 -0.276336
2 0.882910 0.924298 -0.300979
3 0.859231 0.936679 -0.319509
4 0.830009 0.946326 -0.330146
5 0.798154 0.953064 -0.331221
6 0.764829 0.956538 -0.322334
7 0.739807 0.960223 -0.303753
8 0.721002 0.963983 -0.279554
9 0.705810 0.966311 -0.252018
10 0.693341 0.967843 -0.224334
11 0.681781 0.968952 -0.195899
12 0.672305 0.969275 -0.167468
13 0.663570 0.969956 -0.138432
14 0.657711 0.969871 -0.107736
15 0.659325 0.966758 -0.074769
16 0.672143 0.965281 -0.045131
17 0.691682 0.962079 -0.020262
18 0.718752 0.954921 -0.002264
19 0.751402 0.941837 0.004721
20 0.779488 0.927603 0.000601
21 0.806387 0.914123 -0.011262
22 0.829764 0.901969 -0.028336
23 0.852633 0.895166 -0.047453
24 0.874416 0.889539 -0.068772
25 0.892671 0.885383 -0.094267
26 0.906294 0.884136 -0.124069
27 0.913570 0.884747 -0.154563
28 0.915249 0.887747 -0.186581
29 0.913298 0.892190 -0.217060
Frame 30
0 0.906440 0.901030 -0.246083
1 0.897646 0.912271 -0.276296
2 0.881087 0.924982 -0.301093
3 0.857571 0.937344 -0.319837
4 0.828446 0.946972 -0.330737
5 0.796605 0.953699 -0.332097
6 0.763207 0.957167 -0.323509
7 0.738035 0.960856 -0.305158
8 0.719016 0.964630 -0.281136
9 0.703581 0.966972 -0.253739
10 0.690861 0.968522 -0.226169
11 0.679043 0.969646 -0.197835
12 0.669319 0.969974 -0.169495
13 0.660324 0.970679 -0.140542
14 0.654187 0.970616 -0.109893
15 0.655510 0.967522 -0.076907
16 0.668064 0.966060 -0.047153
17 0.687379 0.962869 -0.022103
18 0.714292 0.955728 -0.003854
19 0.746885 0.942657 0.003431
20 0.775012 0.928423 -0.000429
21 0.802018 0.914946 -0.012042
22 0.825547 0.902788 -0.028899
23 0.848580 0.895980 -0.047810
24 0.870537 0.890344 -0.068936
25 0.889022 0.886182 -0.094267
26 0.902916 0.884922 -0.123948
27 0.910460 0.885516 -0.154376
28 0.912426 0.888504 -0.186386
29 0.910745 0.892937 -0.216894
Frame 31
0 0.904314 0.901707 -0.245925
1 0.895776 0.912929 -0.276218
2 0.879425 0.925620 -0.301165
3 0.856068 0.937963 -0.320119
4 0.827039 0.947573 -0.331274
5 0.795213 0.954284 -0.332913
6 0.761745 0.957743 -0.324617
7 0.736426 0.961433 -0.306492
8 0.717198 0.965215 -0.282644
9 0.701523 0.967567 -0.255386
10 0.688559 0.969132 -0.227929
11 0.676491 0.970268 -0.199697
12 0.666524 0.970600 -0.171448
13 0.657273 0.971325 -0.142577
14 0.650865 0.971280 -0.111979
15 0.651904 0.968207 -0.078978
16 0.664198 0.966761 -0.049113
17 0.683296 0.963584 -0.023887
18 0.710052 0.956457 -0.005395
19 0.742588 0.943403 0.002185
20 0.770759 0.929175 -0.001417
21 0.797869 0.915701 -0.012785
22 0.821548 0.903543 -0.029429
23 0.844744 0.896734 -0.048138
24 0.866872 0.891093 -0.069073
25 0.885581 0.886927 -0.094242
26 0.899735 0.885656 -0.123802
27 0.907544 0.886238 -0.154164
28 0.909789 0.889213 -0.186165
29 0.908369 0.893634 -0.216700
Frame 32
0 0.902369 0.902317 -0.245739
1 0.894077 0.913523 -0.276108
2 0.877930 0.926196 -0.301197
3 0.854726 0.938520 -0.320349
4 0.825791 0.948112 -0.331751
5 0.793982 0.954810 -0.333659
6 0.760449 0.958258 -0.325646
7 0.734988 0.961950 -0.307739
8 0.715559 0.965735 -0.284062
9 0.699653 0.968096 -0.256941
10 0.686454 0.969672 -0.229595
11 0.674147 0.970819 -0.201467
12 0.663942 0.971160 -0.173308
13 0.654442 0.971898 -0.144516
14 0.647775 0.971870 -0.113971
15 0.648540 0.968815 -0.080959
16 0.660581 0.967389 -0.050988
17 0.679468 0.964222 -0.025595
18 0.706071 0.957109 -0.006869
19 0.738548 0.944071 0.000996
20 0.766761 0.929849 -0.002356
21 0.793972 0.916380 -0.013485
22 0.817795 0.904222 -0.029922
23 0.841147 0.897414 -0.048432
24 0.863442 0.891768 -0.069183
25 0.882366 0.887599 -0.094193
26 0.896767 0.886319 -0.123632
27 0.904834 0.886889 -0.153928
28 0.907348 0.889853 -0.185920
29 0.906182 0.894263 -0.216479
Frame 33
0 0.900563 0.902862 -0.245519
1 0.892517 0.914053 -0.275960
2 0.876571 0.926711 -0.301186
3 0.853522 0.939022 -0.320535
4 0.824682 0.948600 -0.332176
5 0.792892 0.955287 -0.334348
6 0.759298 0.958728 -0.326616
7 0.733698 0.962423 -0.308925
8 0.714075 0.966213 -0.285416
9 0.697940 0.968583 -0.258432
10 0.684512 0.970170 -0.231198
11 0.671969 0.971327 -0.203173
12 0.661530 0.971678 -0.175105
13 0.651785 0.972428 -0.146393
14 0.644864 0.972413 -0.115903
15 0.645358 0.969376 -0.082884
16 0.657149 0.967969 -0.052810
17 0.675827 0.964809 -0.027254
18 0.702277 0.957705 -0.008299
19 0.734691 0.944678 -0.000153
20 0.762943 0.930462 -0.003259
21 0.790250 0.916994 -0.014152
22 0.814213 0.904834 -0.030384
23 0.837717 0.898025 -0.048696
24 0.860175 0.892374 -0.069265
25 0.879308 0.888201 -0.094116
26 0.893953 0.886910 -0.123436
27 0.902274 0.887470 -0.153665
28 0.905055 0.890424 -0.185646
29 0.904137 0.894824 -0.216226
Frame 34
0 0.898852 0.903349 -0.245254
1 0.891056 0.914532 -0.275767
2 0.875317 0.927177 -0.301130
3 0.852428 0.939478 -0.320674
4 0.823687 0.949049 -0.332557
5 0.791920 0.955731 -0.334995
6 0.758268 0.959172 -0.327545
7 0.732529 0.962871 -0.310073
8 0.712711 0.966670 -0.286737
9 0.696346 0.969050 -0.259894
10 0.682688 0.970649 -0.232775
11 0.669908 0.971817 -0.204859
12 0.659232 0.972179 -0.176885
13 0.649239 0.972943 -0.148256
14 0.642063 0.972940 -0.117823
15 0.642282 0.969919 -0.084799
16 0.653818 0.968529 -0.054624
17 0.672283 0.965373 -0.028904
18 0.698572 0.958275 -0.009720
19 0.730920 0.945251 -0.001290
20 0.759206 0.931035 -0.004147
21 0.786606 0.917565 -0.014801
22 0.810708 0.905398 -0.030824
23 0.834365 0.898586 -0.048936
24 0.856987 0.892926 -0.069318
25 0.876329 0.888747 -0.094007
26 0.891218 0.887444 -0.123203
27 0.899797 0.887994 -0.153362
28 0.902846 0.890938 -0.185330
29 0.902183 0.895329 -0.215930
Frame 35
0 0.897189 0.903792 -0.244935
1 0.889655 0.914966 -0.275519
2 0.874135 0.927606 -0.301021
3 0.851415 0.939901 -0.320766
4 0.822782 0.949470 -0.332899
5 0.791043 0.956156 -0.335612
6 0.757333 0.959602 -0.328456
7 0.731453 0.963314 -0.311215
8 0.711437 0.967122 -0.288058
9 0.694834 0.969517 -0.261364
10 0.680938 0.971131 -0.234366
11 0.667914 0.972314 -0.206564
12 0.656992 0.972690 -0.178691
13 0.646741 0.973469 -0.150150
14 0.639301 0.973479 -0.119779
15 0.639234 0.970473 -0.086753
16 0.650505 0.969099 -0.056476
17 0.668745 0.965943 -0.030589
18 0.694866 0.958842 -0.011168
19 0.727138 0.945813 -0.002444
20 0.755454 0.931592 -0.005041
21 0.782948 0.918113 -0.015446
22 0.807188 0.905936 -0.031250
23 0.831001 0.899115 -0.049153
24 0.853791 0.893442 -0.069341
25 0.873348 0.889252 -0.093859
26 0.888489 0.887933 -0.122924
27 0.897335 0.888472 -0.153008
28 0.900665 0.891406 -0.184960
29 0.900264 0.895787 -0.215581
Frame 36
0 0.895525 0.904199 -0.244549
1 0.888274 0.915369 -0.275208
2 0.872990 0.928004 -0.300855
3 0.850456 0.940302 -0.320812
4 0.821942 0.949877 -0.333209
5 0.790236 0.956573 -0.336213
6 0.756470 0.960036 -0.329369
7 0.730443 0.963766 -0.312373
8 0.710218 0.967592 -0.289410
9 0.693366 0.970005 -0.262877
10 0.679219 0.971638 -0.236009
11 0.665938 0.972839 -0.208332
12 0.654755 0.973235 -0.180568
13 0.644231 0.974030 -0.152123
14 0.636511 0.974058 -0.121821
15 0.636139 0.971066 -0.088795
16 0.647127 0.969706 -0.058412
17 0.665126 0.966545 -0.032350
18 0.691063 0.959434 -0.012678
19 0.723248 0.946392 -0.003642
20 0.751591 0.932156 -0.005962
21 0.779177 0.918661 -0.016102
22 0.803560 0.906465 -0.031673
23 0.827536 0.899630 -0.049352
24 0.850502 0.893937 -0.069332
25 0.870284 0.889730 -0.093666
26 0.885689 0.888389 -0.122591
27 0.894820 0.888914 -0.152593
28 0.898447 0.891838 -0.184527
29 0.898328 0.896211 -0.215166
Frame 37
0 0.893813 0.904580 -0.244085
1 0.886871 0.915749 -0.274819
2 0.871848 0.928386 -0.300623
3 0.849519 0.940692 -0.320806
4 0.821140 0.950282 -0.333487
5 0.789477 0.956999 -0.336807
6 0.755654 0.960488 -0.330302
7 0.729473 0.964247 -0.313574
8 0.709026 0.968096 -0.290821
9 0.691904 0.970535 -0.264466
10 0.677487 0.972192 -0.237743
11 0.663930 0.973418 -0.210203
12 0.652465 0.973838 -0.182559
13 0.641647 0.974656 -0.154221
14 0.633625 0.974704 -0.123997
15 0.632924 0.971728 -0.090974
16 0.643603 0.970382 -0.060481
17 0.661336 0.967208 -0.034230
18 0.687069 0.960078 -0.014289
19 0.719152 0.947013 -0.004916
20 0.747520 0.932752 -0.006935
21 0.775199 0.919231 -0.016787
22 0.799730 0.907008 -0.032104
23 0.823880 0.900149 -0.049539
24 0.847032 0.894428 -0.069291
25 0.867054 0.890198 -0.093426
26 0.882743 0.888829 -0.122194
27 0.892181 0.889335 -0.152104
28 0.896131 0.892245 -0.184016
29 0.896316 0.896609 -0.214672
Frame 38
0 0.892000 0.904946 -0.243528
1 0.885403 0.916115 -0.274344
2 0.870672 0.928759 -0.300316
3 0.848576 0.941080 -0.320744
4 0.820351 0.950695 -0.333735
5 0.788741 0.957445 -0.337402
6 0.754861 0.960974 -0.331270
7 0.728517 0.964773 -0.314837
8 0.707829 0.968654 -0.292320
9 0.690414 0.971127 -0.266164
10 0.675704 0.972817 -0.239602
11 0.661845 0.974074 -0.212216
12 0.650071 0.974524 -0.184708
13 0.638932 0.975371 -0.156493
14 0.630580 0.975448 -0.126357
15 0.629516 0.972488 -0.093341
16 0.639854 0.971154 -0.062730
17 0.657291 0.967963 -0.036276
18 0.682793 0.960803 -0.016041
19 0.714757 0.947700 -0.006297
20 0.743143 0.933403 -0.007985
21 0.770917 0.919843 -0.017518
22 0.795605 0.907584 -0.032553
23 0.819938 0.900691 -0.049718
24 0.843293 0.894932 -0.069221
25 0.863575 0.890668 -0.093131
26 0.879573 0.889263 -0.121726
27 0.889348 0.889746 -0.151531
28 0.893652 0.892640 -0.183415
29 0.894173 0.896992 -0.214086
Frame 39
0 0.890037 0.905305 -0.242865
1 0.883828 0.916478 -0.273769
2 0.869426 0.929134 -0.299921
3 0.847594 0.941477 -0.320619
4 0.819548 0.951129 -0.333953
5 0.788004 0.957924 -0.338004
6 0.754067 0.961509 -0.332287
7 0.727547 0.965359 -0.316186
8 0.706597 0.969284 -0.293933
9 0.688863 0.971801 -0.268001
10 0.673827 0.973532 -0.241622
11 0.659635 0.974831 -0.214410
12 0.647523 0.975319 -0.187057
13 0.636029 0.976202 -0.158983
14 0.627311 0.976315 -0.128949
15 0.625844 0.973375 -0.095945
16 0.635801 0.972052 -0.065209
17 0.652905 0.968835 -0.038533
18 0.678145 0.961637 -0.017974
19 0.709965 0.948481 -0.007820
20 0.738367 0.934134 -0.009138
21 0.766237 0.920522 -0.018315
22 0.791090 0.908213 -0.033037
23 0.815623 0.901276 -0.049899
24 0.839198 0.895466 -0.069121
25 0.859764 0.891159 -0.092782
26 0.876100 0.889706 -0.121179
27 0.886248 0.890159 -0.150864
28 0.890945 0.893032 -0.182712
29 0.891840 0.897371 -0.213397
Frame 40
0 0.887888 0.905666 -0.242091
1 0.882112 0.916844 -0.273087
2 0.868080 0.929516 -0.299438
3 0.846549 0.941890 -0.320428
4 0.818708 0.951588 -0.334139
5 0.787244 0.958443 -0.338612
6 0.753251 0.962098 -0.333357
7 0.726544 0.966016 -0.317625
8 0.705309 0.969995 -0.295668
9 0.687225 0.972566 -0.269988
10 0.671833 0.974349 -0.243815
11 0.657278 0.975698 -0.216800
12 0.644795 0.976233 -0.189622
13 0.632913 0.977163 -0.161710
14 0.623791 0.977322 -0.131794
15 0.621880 0.974405 -0.098807
16 0.631413 0.973090 -0.067939
17 0.648145 0.969842 -0.041025
18 0.673086 0.962591 -0.020112
19 0.704738 0.949369 -0.009503
20 0.733148 0.934958 -0.010411
21 0.761114 0.921281 -0.019194
22 0.786142 0.908909 -0.033565
23 0.810889 0.901915 -0.050091
24 0.834700 0.896042 -0.069002
25 0.855575 0.891680 -0.092381
26 0.872284 0.890168 -0.120556
27 0.882840 0.890584 -0.150103
28 0.887972 0.893431 -0.181905
29 0.889280 0.897755 -0.212598
Frame 41
0 0.885602 0.906025 -0.241234
1 0.880290 0.917211 -0.272323
2 0.866656 0.929902 -0.298878
3 0.845452 0.942311 -0.320176
4 0.817839 0.952063 -0.334284
5 0.786467 0.958987 -0.339208
6 0.752423 0.962724 -0.334443
7 0.725524 0.966718 -0.319107
8 0.703990 0.970762 -0.297466
9 0.685542 0.973396 -0.272061
10 0.669774 0.975239 -0.246112
11 0.654835 0.976648 -0.219310
12 0.641961 0.977235 -0.192325
13 0.629671 0.978217 -0.164591
14 0.620123 0.978431 -0.134808
15 0.617739 0.975541 -0.101843
16 0.626820 0.974235 -0.070844
17 0.643151 0.970950 -0.043681
18 0.667767 0.963639 -0.022396
19 0.699229 0.950339 -0.011307
20 0.727641 0.935855 -0.011776
21 0.755701 0.922102 -0.020138
22 0.780905 0.909658 -0.034135
23 0.805872 0.902595 -0.050301
24 0.829930 0.896649 -0.068877
25 0.851127 0.892225 -0.091954
26 0.868226 0.890645 -0.119886
27 0.879214 0.891016 -0.149278
28 0.884807 0.893834 -0.181027
29 0.886556 0.898141 -0.211722
Frame 42
0 0.883255 0.906379 -0.240329
1 0.878420 0.917572 -0.271507
2 0.865199 0.930282 -0.298265
3 0.844335 0.942728 -0.319871
4 0.816961 0.952539 -0.334383
5 0.785693 0.959537 -0.339766
6 0.751604 0.963362 -0.335504
7 0.724514 0.967439 -0.320575
8 0.702681 0.971553 -0.299264
9 0.683865 0.974254 -0.274144
10 0.667716 0.976163 -0.248429
11 0.652390 0.977636 -0.221850
12 0.639120 0.978279 -0.195066
13 0.626416 0.979320 -0.167521
14 0.616435 0.979592 -0.137881
15 0.613569 0.976734 -0.104945
16 0.622186 0.975437 -0.073819
17 0.638103 0.972112 -0.046409
18 0.662378 0.964738 -0.024750
19 0.693637 0.951357 -0.013172
20 0.722044 0.936792 -0.013190
21 0.750190 0.922956 -0.021121
22 0.775566 0.910435 -0.034731
23 0.800752 0.903300 -0.050526
24 0.825055 0.897276 -0.068756
25 0.846575 0.892782 -0.091519
26 0.864069 0.891129 -0.119198
27 0.875496 0.891452 -0.148427
28 0.881559 0.894237 -0.180112
29 0.883758 0.898523 -0.210802
Frame 43
0 0.880926 0.906721 -0.239409
1 0.876563 0.917921 -0.270670
2 0.863752 0.930650 -0.297622
3 0.843229 0.943132 -0.319529
4 0.816098 0.953000 -0.334436
5 0.784938 0.960073 -0.340271
6 0.750813 0.963986 -0.336505
7 0.723542 0.968147 -0.321979
8 0.701418 0.972334 -0.300998
9 0.682246 0.975105 -0.276165
10 0.665724 0.977082 -0.250685
11 0.650021 0.978621 -0.224331
12 0.636366 0.979323 -0.197752
13 0.623257 0.980424 -0.170400
14 0.612851 0.980757 -0.140906
15 0.609511 0.977935 -0.108006
16 0.617669 0.976649 -0.076762
17 0.633175 0.973286 -0.049115
18 0.657108 0.965848 -0.027092
19 0.688156 0.952384 -0.015034
20 0.716553 0.937738 -0.014606
21 0.744776 0.923818 -0.022110
22 0.770314 0.911218 -0.035336
23 0.795709 0.904008 -0.050762
24 0.820249 0.897904 -0.068649
25 0.842081 0.893339 -0.091099
26 0.859959 0.891612 -0.118522
27 0.871815 0.891885 -0.147583
28 0.878341 0.894633 -0.179198
29 0.880985 0.898897 -0.209877
Frame 44
0 0.878697 0.907050 -0.238516
1 0.874784 0.918254 -0.269849
2 0.862365 0.930998 -0.296982
3 0.842170 0.943512 -0.319168
4 0.815275 0.953434 -0.334448
5 0.784224 0.960578 -0.340709
6 0.750071 0.964576 -0.337416
7 0.722634 0.968818 -0.323275
8 0.700240 0.973075 -0.302611
9 0.680733 0.975914 -0.278054
10 0.663862 0.977958 -0.252804
11 0.647804 0.979564 -0.226667
12 0.633787 0.980323 -0.200288
13 0.620297 0.981483 -0.173125
14 0.609491 0.981878 -0.143774
15 0.605703 0.979093 -0.110915
16 0.613425 0.977821 -0.079566
17 0.628539 0.974423 -0.051699
18 0.652142 0.966928 -0.029335
19 0.682985 0.953385 -0.016824
20 0.711364 0.938662 -0.015974
21 0.739653 0.924660 -0.023070
22 0.765339 0.911982 -0.035930
23 0.790926 0.904699 -0.051003
24 0.815683 0.898518 -0.068561
25 0.837807 0.893885 -0.090708
26 0.856044 0.892083 -0.117882
27 0.868305 0.892305 -0.146779
28 0.875269 0.895016 -0.178322
29 0.878334 0.899257 -0.208984
Frame 45
0 0.876657 0.907360 -0.237690
1 0.873152 0.918565 -0.269084
2 0.861090 0.931321 -0.296376
3 0.841196 0.943861 -0.318813
4 0.814519 0.953829 -0.334428
5 0.783572 0.961036 -0.341076
6 0.749399 0.965109 -0.338212
7 0.721816 0.969425 -0.324423
8 0.699179 0.973747 -0.304049
9 0.679373 0.976649 -0.279747
10 0.662188 0.978755 -0.254708
11 0.645812 0.980423 -0.228773
12 0.631468 0.981235 -0.202579
13 0.617636 0.982452 -0.175593
14 0.606469 0.982904 -0.146378
15 0.602279 0.980158 -0.113559
16 0.609603 0.978901 -0.082121
17 0.624361 0.975477 -0.054059
18 0.647661 0.967932 -0.031391
19 0.678313 0.954321 -0.018470
20 0.706671 0.939528 -0.017237
21 0.735015 0.925451 -0.023962
22 0.760831 0.912702 -0.036487
23 0.786588 0.905352 -0.051237
24 0.811537 0.899101 -0.068494
25 0.833918 0.894404 -0.090363
26 0.852478 0.892535 -0.117307
27 0.865104 0.892709 -0.146051
28 0.872464 0.895383 -0.177521
29 0.875911 0.899599 -0.208163
Frame 46
0 0.874872 0.907651 -0.236960
1 0.871721 0.918854 -0.268404
2 0.859970 0.931616 -0.295832
3 0.840338 0.944176 -0.318484
4 0.813854 0.954180 -0.334389
5 0.782999 0.961437 -0.341373
6 0.748812 0.965574 -0.338882
7 0.721105 0.969951 -0.325399
8 0.698262 0.974331 -0.305280
9 0.678199 0.977287 -0.281204
10 0.660743 0.979448 -0.256351
11 0.644092 0.981170 -0.230594
12 0.629468 0.982029 -0.204564
13 0.615340 0.983294 -0.177735
14 0.603862 0.983797 -0.148641
15 0.599323 0.981092 -0.115863
16 0.606304 0.979853 -0.084351
17 0.620752 0.976409 -0.056122
18 0.643790 0.968826 -0.033192
19 0.674273 0.955158 -0.019918
20 0.702609 0.940306 -0.018351
21 0.730998 0.926167 -0.024753
22 0.756924 0.913355 -0.036986
23 0.782823 0.905948 -0.051453
24 0.807933 0.899637 -0.068447
25 0.830534 0.894887 -0.090073
26 0.849371 0.892957 -0.116813
27 0.862312 0.893089 -0.145419
28 0.870016 0.895729 -0.176823
29 0.873793 0.899921 -0.207444
Frame 47
0 0.873312 0.907920 -0.236310
1 0.870469 0.919121 -0.267793
2 0.858991 0.931885 -0.295338
3 0.839591 0.944459 -0.318178
4 0.813276 0.954491 -0.334335
5 0.782507 0.961790 -0.341613
6 0.748309 0.965979 -0.339448
7 0.720496 0.970409 -0.326235
8 0.697473 0.974836 -0.306344
9 0.677184 0.977839 -0.282465
10 0.659493 0.980048 -0.257779
11 0.642604 0.981818 -0.232181
12 0.627737 0.982718 -0.206295
13 0.613352 0.984025 -0.179607
14 0.601603 0.984573 -0.150622
15 0.596761 0.981905 -0.117882
16 0.603441 0.980686 -0.086308
17 0.617620 0.977230 -0.057934
18 0.640426 0.969617 -0.034777
19 0.670759 0.955901 -0.021195
20 0.699073 0.940998 -0.019338
21 0.727500 0.926806 -0.025456
22 0.753520 0.913943 -0.037430
23 0.779542 0.906487 -0.051650
24 0.804790 0.900125 -0.068413
25 0.827582 0.895329 -0.089825
26 0.846658 0.893348 -0.116383
27 0.859873 0.893440 -0.144866
28 0.867876 0.896049 -0.176207
29 0.871942 0.900220 -0.206806
Frame 48
0 0.871918 0.908168 -0.235707
1 0.869355 0.919366 -0.267224
2 0.858125 0.932132 -0.294872
3 0.838935 0.944716 -0.317880
4 0.812775 0.954771 -0.334265
5 0.782083 0.962104 -0.341808
6 0.747879 0.966338 -0.339941
7 0.719971 0.970812 -0.326972
8 0.696787 0.975283 -0.307288
9 0.676297 0.978328 -0.283592
10 0.658393 0.980579 -0.259058
11 0.641289 0.982391 -0.233606
12 0.626202 0.983325 -0.207853
13 0.611586 0.984669 -0.181295
14 0.599592 0.985257 -0.152410
15 0.594477 0.982626 -0.119707
16 0.600886 0.981427 -0.088081
17 0.614820 0.977963 -0.059577
18 0.637415 0.970326 -0.036215
19 0.667613 0.956569 -0.022357
20 0.695906 0.941622 -0.020237
21 0.724365 0.927383 -0.026098
22 0.750469 0.914474 -0.037837
23 0.776600 0.906975 -0.051831
24 0.801969 0.900568 -0.068384
25 0.824930 0.895733 -0.089600
26 0.844221 0.893706 -0.115992
27 0.857684 0.893764 -0.144360
28 0.865958 0.896345 -0.175642
29 0.870286 0.900495 -0.206216
Frame 49
0 0.870630 0.908394 -0.235116
1 0.868334 0.919587 -0.266663
2 0.857339 0.932355 -0.294408
3 0.838349 0.944948 -0.317574
4 0.812338 0.955024 -0.334174
5 0.781723 0.962388 -0.341970
6 0.747512 0.966663 -0.340385
7 0.719517 0.971177 -0.327647
8 0.696181 0.975687 -0.308163
9 0.675500 0.978769 -0.284642
10 0.657396 0.981059 -0.260254
11 0.640089 0.982910 -0.234942
12 0.624795 0.983876 -0.209317
13 0.609961 0.985253 -0.182884
14 0.597734 0.985877 -0.154098
15 0.592361 0.983282 -0.121432
16 0.598512 0.982099 -0.089758
17 0.612212 0.978630 -0.061132
18 0.634608 0.970973 -0.037579
19 0.664674 0.957177 -0.023459
20 0.692944 0.942188 -0.021091
21 0.721433 0.927906 -0.026706
22 0.747617 0.914954 -0.038223
23 0.773847 0.907417 -0.052003
24 0.799331 0.900971 -0.068355
25 0.822452 0.896100 -0.089383
26 0.841946 0.894031 -0.115614
27 0.855642 0.894058 -0.143873
28 0.864173 0.896613 -0.175094
29 0.868750 0.900744 -0.205642
Frame 50
0 0.869386 0.908592 -0.234506
1 0.867355 0.919786 -0.266078
2 0.856598 0.932555 -0.293917
3 0.837812 0.945158 -0.317239
4 0.811953 0.955254 -0.334055
5 0.781415 0.962650 -0.342103
6 0.747202 0.966964 -0.340800
7 0.719119 0.971518 -0.328297
8 0.695633 0.976066 -0.309015
9 0.674762 0.979184 -0.285669
10 0.656456 0.981511 -0.261431
11 0.638947 0.983398 -0.236261
12 0.623446 0.984395 -0.210765
13 0.608395 0.985802 -0.184460
14 0.595936 0.986460 -0.155773
15 0.590304 0.983899 -0.123148
16 0.596195 0.982733 -0.091429
17 0.609659 0.979258 -0.062685
18 0.631852 0.971578 -0.038941
19 0.661786 0.957744 -0.024560
20 0.690030 0.942714 -0.021946
21 0.718546 0.928390 -0.027315
22 0.744807 0.915397 -0.038607
23 0.771139 0.907821 -0.052170
24 0.796736 0.901337 -0.068319
25 0.820015 0.896432 -0.089159
26 0.839712 0.894324 -0.115227
27 0.853641 0.894320 -0.143372
28 0.862428 0.896851 -0.174530
29 0.867255 0.900966 -0.205049
Frame 51
0 0.868119 0.908765 -0.233837
1 0.866372 0.919959 -0.265433
2 0.855869 0.932733 -0.293369
3 0.837300 0.945348 -0.316854
4 0.811603 0.955467 -0.333896
5 0.781151 0.962897 -0.342210
6 0.746936 0.967254 -0.341209
7 0.718763 0.971848 -0.328954
8 0.695119 0.976436 -0.309885
9 0.674048 0.979590 -0.286728
10 0.655533 0.981955 -0.262649
11 0.637809 0.983878 -0.237631
12 0.622091 0.984905 -0.212275
13 0.606812 0.986342 -0.186108
14 0.594105 0.987034 -0.157528
15 0.588198 0.984505 -0.124950
16 0.593814 0.983354 -0.093188
17 0.607025 0.979870 -0.064319
18 0.629000 0.972167 -0.040377
19 0.658790 0.958288 -0.025722
20 0.687004 0.943215 -0.022848
21 0.715547 0.928846 -0.027958
22 0.741887 0.915811 -0.039011
23 0.768323 0.908195 -0.052344
24 0.794040 0.901671 -0.068275
25 0.817487 0.896731 -0.088914
26 0.837399 0.894583 -0.114807
27 0.851573 0.894550 -0.142830
28 0.860632 0.897058 -0.173917
29 0.865724 0.901158 -0.204403
Frame 52
0 0.866762 0.908907 -0.233074
1 0.865331 0.920106 -0.264694
2 0.855111 0.932888 -0.292733
3 0.836786 0.945520 -0.316396
4 0.811272 0.955669 -0.333685
5 0.780919 0.963137 -0.342294
6 0.746706 0.967541 -0.341627
7 0.718435 0.972181 -0.329648
8 0.694620 0.976811 -0.310817
9 0.673330 0.980005 -0.287869
10 0.654583 0.982410 -0.263970
11 0.636623 0.984372 -0.239123
12 0.620665 0.985429 -0.213924
13 0.605133 0.986898 -0.187911
14 0.592153 0.987626 -0.159454
15 0.585941 0.985128 -0.126931
16 0.591250 0.983988 -0.095123
17 0.604177 0.980492 -0.066124
18 0.625907 0.972759 -0.041964
19 0.655534 0.958830 -0.027008
20 0.683708 0.943707 -0.023848
21 0.712277 0.929288 -0.028669
22 0.738703 0.916205 -0.039458
23 0.765253 0.908544 -0.052534
24 0.791103 0.901976 -0.068222
25 0.814734 0.896999 -0.088635
26 0.834883 0.894809 -0.114333
27 0.849328 0.894746 -0.142219
28 0.858688 0.897232 -0.173224
29 0.864073 0.901320 -0.203669
Frame 53
0 0.865244 0.909017 -0.232180
1 0.864178 0.920225 -0.263821
2 0.854285 0.933019 -0.291973
3 0.836243 0.945674 -0.315835
4 0.810945 0.955858 -0.333406
5 0.780708 0.963375 -0.342351
6 0.746503 0.967836 -0.342066
7 0.718123 0.972529 -0.330405
8 0.694113 0.977208 -0.311846
9 0.672577 0.980448 -0.289142
10 0.653566 0.982896 -0.265452
11 0.635336 0.984900 -0.240804
12 0.619106 0.985993 -0.215789
13 0.603288 0.987496 -0.189954
14 0.589994 0.988263 -0.161641
15 0.583430 0.985795 -0.129186
16 0.588387 0.984661 -0.097332
17 0.600984 0.981149 -0.068186
18 0.622429 0.973378 -0.043782
19 0.651860 0.959387 -0.028486
20 0.679986 0.944207 -0.024998
21 0.708579 0.929729 -0.029490
22 0.735099 0.916591 -0.039977
23 0.761778 0.908880 -0.052755
24 0.787780 0.902261 -0.068162
25 0.811620 0.897240 -0.088313
26 0.832039 0.895003 -0.113785
27 0.846793 0.894907 -0.141508
28 0.856497 0.897371 -0.172417
29 0.862219 0.901446 -0.202810
Frame 54
0 0.863492 0.909093 -0.231116
1 0.862853 0.920311 -0.262775
2 0.853346 0.933125 -0.291053
3 0.835641 0.945812 -0.315143
4 0.810600 0.956042 -0.333038
5 0.780505 0.963617 -0.342375
6 0.746316 0.968148 -0.342535
7 0.717813 0.972905 -0.331248
8 0.693580 0.977640 -0.313009
9 0.671760 0.980933 -0.290593
10 0.652444 0.983432 -0.267149
11 0.633902 0.985484 -0.242738
12 0.617356 0.986618 -0.217942
13 0.601206 0.988160 -0.192319
14 0.587547 0.988972 -0.164180
15 0.580569 0.986533 -0.131811
16 0.585112 0.985403 -0.099906
17 0.597318 0.981867 -0.070599
18 0.618423 0.974046 -0.045914
19 0.647620 0.959982 -0.030223
20 0.675680 0.944734 -0.026354
21 0.704297 0.930184 -0.030463
22 0.730920 0.916981 -0.040593
23 0.757747 0.909207 -0.053022
24 0.783925 0.902529 -0.068096
25 0.808007 0.897455 -0.087938
26 0.828740 0.895165 -0.113143
27 0.843853 0.895032 -0.140673
28 0.853959 0.897473 -0.171464
29 0.860075 0.901537 -0.201791
Frame 55
0 0.861455 0.909132 -0.229856
1 0.861316 0.920368 -0.261528
2 0.852264 0.933206 -0.289946
3 0.834955 0.945934 -0.314293
4 0.810220 0.956220 -0.332562
5 0.780299 0.963866 -0.342351
6 0.746136 0.968481 -0.343032
7 0.717497 0.973315 -0.332181
8 0.693011 0.978117 -0.314317
9 0.670865 0.981473 -0.292240
10 0.651199 0.984028 -0.269090
11 0.632296 0.986138 -0.244960
12 0.615386 0.987317 -0.220426
13 0.598852 0.988906 -0.195056
14 0.584769 0.989769 -0.167124
15 0.577309 0.987358 -0.134864
16 0.581366 0.986229 -0.102909
17 0.593112 0.982661 -0.073421
18 0.613813 0.974778 -0.048415
19 0.642726 0.960625 -0.032269
20 0.670703 0.945297 -0.027959
21 0.699339 0.930662 -0.031620
22 0.726076 0.917382 -0.041336
23 0.753069 0.909534 -0.053353
24 0.779448 0.902786 -0.068035
25 0.803810 0.897650 -0.087512
26 0.824906 0.895297 -0.112401
27 0.840434 0.895123 -0.139698
28 0.851006 0.897539 -0.170346
29 0.857581 0.901593 -0.200591
Frame 56
0 0.859192 0.909144 -0.228435
1 0.859611 0.920399 -0.260110
2 0.851066 0.933266 -0.288674
3 0.834204 0.946039 -0.313300
4 0.809817 0.956392 -0.331978
5 0.780098 0.964118 -0.342267
6 0.745974 0.968828 -0.343525
7 0.717193 0.973748 -0.333162
8 0.692431 0.978624 -0.315717
9 0.669930 0.982050 -0.294023
10 0.649880 0.984668 -0.271205
11 0.630580 0.986837 -0.247395
12 0.613268 0.988067 -0.223156
13 0.596313 0.989707 -0.198076
14 0.581763 0.990626 -0.170384
15 0.573767 0.988244 -0.138250
16 0.577284 0.987111 -0.106250
17 0.588511 0.983508 -0.076573
18 0.608757 0.975556 -0.051219
19 0.637345 0.961300 -0.034574
20 0.665220 0.945882 -0.029774
21 0.693868 0.931153 -0.032939
22 0.720723 0.917787 -0.042192
23 0.747895 0.909859 -0.053748
24 0.774493 0.903031 -0.067990
25 0.799159 0.897826 -0.087056
26 0.820654 0.895404 -0.111588
27 0.836639 0.895184 -0.138619
28 0.847727 0.897576 -0.169100
29 0.854812 0.901619 -0.199244
Frame 57
0 0.856794 0.909134 -0.226901
1 0.857804 0.920411 -0.258570
2 0.849802 0.933309 -0.287278
3 0.833419 0.946132 -0.312192
4 0.809410 0.956554 -0.331296
5 0.779913 0.964367 -0.342110
6 0.745842 0.969176 -0.343980
7 0.716916 0.974187 -0.334136
8 0.691871 0.979140 -0.317141
9 0.668999 0.982642 -0.295859
10 0.648550 0.985323 -0.273401
11 0.628834 0.987554 -0.249937
12 0.611102 0.988837 -0.226021
13 0.593705 0.990531 -0.201254
14 0.578663 0.991507 -0.173825
15 0.570100 0.989153 -0.141838
16 0.573043 0.988017 -0.109799
17 0.583715 0.984374 -0.079933
18 0.603469 0.976350 -0.054221
19 0.631704 0.961987 -0.037053
20 0.659462 0.946473 -0.031736
21 0.688112 0.931645 -0.034374
22 0.715084 0.918189 -0.043135
23 0.742437 0.910174 -0.054199
24 0.769261 0.903264 -0.067968
25 0.794244 0.897987 -0.086593
26 0.816155 0.895493 -0.110738
27 0.832620 0.895227 -0.137479
28 0.844254 0.897591 -0.167773
29 0.851877 0.901625 -0.197801
Frame 58
0 0.854355 0.909111 -0.225309
1 0.855970 0.920412 -0.256959
2 0.848523 0.933342 -0.285804
3 0.832635 0.946214 -0.311000
4 0.809019 0.956706 -0.330533
5 0.779758 0.964606 -0.341879
6 0.745751 0.969516 -0.344373
7 0.716687 0.974617 -0.335061
8 0.691358 0.979649 -0.318527
9 0.668118 0.983224 -0.297674
10 0.647268 0.985968 -0.275591
11 0.627134 0.988261 -0.252489
12 0.608978 0.989597 -0.228909
13 0.591137 0.991343 -0.204471
14 0.575596 0.992379 -0.177319
15 0.566457 0.990047 -0.145492
16 0.568814 0.988907 -0.113425
17 0.578917 0.985227 -0.083378
18 0.598162 0.977130 -0.057311
19 0.626026 0.962660 -0.039616
20 0.653656 0.947049 -0.033774
21 0.682299 0.932121 -0.035876
22 0.709381 0.918576 -0.044133
23 0.736910 0.910475 -0.054690
24 0.763957 0.903481 -0.067973
25 0.789254 0.898132 -0.086140
26 0.811584 0.895567 -0.109883
27 0.828534 0.895256 -0.136319
28 0.840721 0.897594 -0.166411
29 0.848892 0.901618 -0.196311
Frame 59
0 0.851979 0.909087 -0.223712
1 0.854188 0.920409 -0.255331
2 0.847291 0.933370 -0.284300
3 0.831894 0.946291 -0.309766
4 0.808669 0.956851 -0.329714
5 0.779650 0.964833 -0.341579
6 0.745717 0.969839 -0.344685
7 0.716524 0.975026 -0.335898
8 0.690925 0.980130 -0.319824
9 0.667327 0.983775 -0.299398
10 0.646089 0.986578 -0.277692
11 0.625550 0.988930 -0.254954
12 0.606983 0.990315 -0.231712
13 0.588711 0.992111 -0.207605
14 0.572685 0.993202 -0.180737
15 0.562980 0.990892 -0.149076
16 0.564761 0.989746 -0.116993
17 0.574300 0.986033 -0.086781
18 0.593040 0.977865 -0.060374
19 0.620530 0.963292 -0.042168
20 0.648025 0.947590 -0.035812
21 0.676653 0.932567 -0.037388
22 0.703834 0.918936 -0.045147
23 0.731528 0.910752 -0.055203
24 0.758786 0.903682 -0.068001
25 0.784384 0.898264 -0.085713
26 0.807120 0.895632 -0.109053
27 0.824542 0.895277 -0.135179
28 0.837271 0.897592 -0.165062
29 0.845981 0.901608 -0.194825
Frame 60
0 0.849775 0.909067 -0.222166
1 0.852544 0.920414 -0.253745
2 0.846170 0.933404 -0.282821
3 0.831241 0.946369 -0.308535
4 0.808395 0.956990 -0.328869
5 0.779611 0.965047 -0.341222
6 0.745754 0.970138 -0.344907
7 0.716445 0.975401 -0.336620
8 0.690595 0.980570 -0.320987
9 0.666668 0.984276 -0.300970
10 0.645066 0.987131 -0.279627
11 0.624149 0.989534 -0.257239
12 0.605199 0.990963 -0.234326
13 0.586523 0.992802 -0.210540
14 0.570041 0.993941 -0.183949
15 0.559803 0.991646 -0.152456
16 0.561040 0.990498 -0.120366
17 0.570043 0.986756 -0.090010
18 0.588300 0.978524 -0.063289
19 0.615429 0.963857 -0.044608
20 0.642790 0.948074 -0.037769
21 0.671397 0.932963 -0.038847
22 0.698667 0.919255 -0.046134
23 0.726509 0.910998 -0.055711
24 0.753959 0.903859 -0.068045
25 0.779836 0.898382 -0.085321
26 0.802949 0.895691 -0.108272
27 0.820813 0.895300 -0.134097
28 0.834053 0.897594 -0.163771
29 0.843270 0.901604 -0.193395
Frame 61
0 0.847830 0.909060 -0.220715
1 0.851111 0.920434 -0.252248
2 0.845215 0.933448 -0.281415
3 0.830718 0.946454 -0.307349
4 0.808219 0.957128 -0.328030
5 0.779657 0.965247 -0.340827
6 0.745877 0.970411 -0.345041
7 0.716463 0.975736 -0.337212
8 0.690389 0.980958 -0.321985
9 0.666164 0.984713 -0.302350
10 0.644235 0.987611 -0.281344
11 0.622976 0.990056 -0.259283
12 0.603679 0.991518 -0.236674
13 0.584639 0.993392 -0.213191
14 0.567744 0.994571 -0.186859
15 0.557021 0.992286 -0.155529
16 0.557759 0.991134 -0.123441
17 0.566274 0.987370 -0.092962
18 0.584084 0.979083 -0.065965
19 0.610880 0.964334 -0.046854
20 0.638115 0.948481 -0.039575
21 0.666698 0.933297 -0.040199
22 0.694043 0.919524 -0.047052
23 0.722014 0.911205 -0.056189
24 0.749634 0.904011 -0.068094
25 0.775758 0.898485 -0.084967
26 0.799213 0.895747 -0.107556
27 0.817478 0.895326 -0.133098
28 0.831181 0.897605 -0.162572
29 0.840862 0.901611 -0.192060
Frame 62
0 0.846119 0.909066 -0.219351
1 0.849867 0.920464 -0.250832
2 0.844411 0.933502 -0.280074
3 0.830311 0.946543 -0.306204
4 0.808135 0.957264 -0.327200
5 0.779778 0.965437 -0.340401
6 0.746075 0.970662 -0.345101
7 0.716568 0.976038 -0.337693
8 0.690291 0.981302 -0.322843
9 0.665798 0.985096 -0.303561
10 0.643571 0.988027 -0.282869
11 0.622003 0.990507 -0.261112
12 0.602392 0.991997 -0.238789
13 0.583021 0.993896 -0.215588
14 0.565750 0.995105 -0.189501
15 0.554585 0.992826 -0.158326
16 0.554867 0.991670 -0.126247
17 0.562931 0.987889 -0.095665
18 0.580333 0.979555 -0.068421
19 0.606819 0.964736 -0.048921
20 0.633936 0.948823 -0.041241
21 0.662491 0.933575 -0.041449
22 0.689902 0.919747 -0.047905
23 0.717986 0.911376 -0.056635
24 0.745757 0.904137 -0.068144
25 0.772104 0.898573 -0.084643
26 0.795866 0.895798 -0.106896
27 0.814495 0.895356 -0.132171
28 0.828623 0.897623 -0.161454
29 0.838728 0.901627 -0.190808
Frame 63
0 0.844585 0.909075 -0.218047
1 0.848768 0.920501 -0.249474
2 0.843722 0.933560 -0.278780
3 0.829994 0.946634 -0.305089
4 0.808121 0.957396 -0.326374
5 0.779960 0.965616 -0.339950
6 0.746330 0.970893 -0.345102
7 0.716742 0.976313 -0.338088
8 0.690278 0.981612 -0.323591
9 0.665537 0.985439 -0.304643
10 0.643037 0.988398 -0.284247
11 0.621184 0.990906 -0.262777
12 0.601284 0.992416 -0.240725
13 0.581607 0.994335 -0.217791
14 0.563989 0.995571 -0.191939
15 0.552413 0.993295 -0.160915
16 0.552272 0.992136 -0.128850
17 0.559918 0.988338 -0.098179
18 0.576935 0.979963 -0.070709
19 0.603129 0.965080 -0.050854
20 0.630132 0.949117 -0.042801
21 0.658659 0.933812 -0.042622
22 0.686128 0.919936 -0.048706
23 0.714312 0.911520 -0.057056
24 0.742218 0.904244 -0.068191
25 0.768767 0.898649 -0.084339
26 0.792813 0.895844 -0.106272
27 0.811780 0.895383 -0.131296
28 0.826301 0.897642 -0.160393
29 0.836800 0.901647 -0.189617
Frame 64
0 0.843168 0.909084 -0.216780
1 0.847763 0.920536 -0.248149
2 0.843109 0.933616 -0.277512
3 0.829736 0.946722 -0.303984
4 0.808153 0.957523 -0.325540
5 0.780182 0.965786 -0.339470
6 0.746629 0.971111 -0.345052
7 0.716965 0.976569 -0.338414
8 0.690327 0.981899 -0.324257
9 0.665355 0.985754 -0.305629
10 0.642597 0.988738 -0.285518
11 0.620478 0.991270 -0.264326
12 0.600303 0.992799 -0.242533
13 0.580341 0.994735 -0.219861
14 0.562394 0.995992 -0.194235
15 0.550431 0.993717 -0.163361
16 0.549888 0.992557 -0.131315
17 0.557135 0.988745 -0.100563
18 0.573784 0.980331 -0.072887
19 0.599698 0.965389 -0.052696
20 0.626589 0.949380 -0.044292
21 0.655085 0.934022 -0.043746
22 0.682604 0.920102 -0.049475
23 0.710879 0.911646 -0.057460
24 0.738909 0.904336 -0.068237
25 0.765647 0.898714 -0.084048
26 0.789958 0.895882 -0.105674
27 0.809243 0.895407 -0.130453
28 0.824137 0.897660 -0.159368
29 0.835009 0.901666 -0.188463
Frame 65
0 0.841807 0.909086 -0.215525
1 0.846801 0.920564 -0.246832
2 0.842528 0.933665 -0.276244
3 0.829504 0.946801 -0.302871
4 0.808208 0.957640 -0.324689
5 0.780426 0.965945 -0.338961
6 0.746953 0.971317 -0.344961
7 0.717219 0.976812 -0.338689
8 0.690417 0.982172 -0.324865
9 0.665222 0.986055 -0.306552
10 0.642215 0.989061 -0.286723
11 0.619840 0.991617 -0.265805
12 0.599401 0.993166 -0.244267
13 0.579163 0.995116 -0.221854
14 0.560901 0.996394 -0.196452
15 0.548564 0.994122 -0.165729
16 0.547629 0.992961 -0.133708
17 0.554487 0.989134 -0.102882
18 0.570776 0.980685 -0.075009
19 0.596412 0.965684 -0.054497
20 0.623188 0.949629 -0.045753
21 0.651649 0.934221 -0.044848
22 0.679213 0.920258 -0.050230
23 0.707573 0.911760 -0.057859
24 0.735720 0.904418 -0.068286
25 0.762636 0.898770 -0.083765
26 0.787202 0.895913 -0.105088
27 0.806795 0.895424 -0.129624
28 0.822049 0.897670 -0.158357
29 0.833284 0.901678 -0.187321
Frame 66
0 0.840434 0.909075 -0.214255
1 0.845829 0.920578 -0.245494
2 0.841938 0.933699 -0.274951
3 0.829264 0.946866 -0.301729
4 0.808258 0.957743 -0.323803
5 0.780671 0.966092 -0.338416
6 0.747282 0.971514 -0.344831
7 0.717486 0.977047 -0.338927
8 0.690523 0.982438 -0.325437
9 0.665110 0.986351 -0.307444
10 0.641860 0.989382 -0.287898
11 0.619233 0.991965 -0.267257
12 0.598533 0.993535 -0.245978
13 0.578022 0.995502 -0.223827
14 0.559449 0.996802 -0.198653
15 0.546739 0.994534 -0.168087
16 0.545414 0.993375 -0.136097
17 0.551883 0.989535 -0.105201
18 0.567809 0.981048 -0.077135
19 0.593161 0.965987 -0.056305
20 0.619817 0.949886 -0.047223
21 0.648238 0.934423 -0.045960
22 0.675840 0.920413 -0.050997
23 0.704279 0.911875 -0.058266
24 0.732537 0.904497 -0.068340
25 0.759628 0.898821 -0.083485
26 0.784445 0.895936 -0.104503
27 0.804342 0.895431 -0.128793
28 0.819954 0.897668 -0.157339
29 0.831550 0.901676 -0.186168
Frame 67
0 0.838984 0.909042 -0.212943
1 0.844790 0.920569 -0.244112
2 0.841291 0.933712 -0.273608
3 0.828979 0.946911 -0.300535
4 0.808276 0.957830 -0.322868
5 0.780894 0.966225 -0.337825
6 0.747600 0.971702 -0.344664
7 0.717745 0.977280 -0.339139
8 0.690625 0.982707 -0.325995
9 0.664992 0.986655 -0.308331
10 0.641497 0.989717 -0.289080
11 0.618615 0.992331 -0.268725
12 0.597653 0.993927 -0.247714
13 0.576864 0.995914 -0.225836
14 0.557976 0.997240 -0.200901
15 0.544889 0.994983 -0.170501
16 0.543163 0.993827 -0.138548
17 0.549233 0.989972 -0.107582
18 0.564784 0.981447 -0.079325
19 0.589838 0.966321 -0.058171
20 0.616362 0.950168 -0.048747
21 0.644733 0.934646 -0.047117
22 0.672369 0.920586 -0.051795
23 0.700883 0.911998 -0.058696
24 0.729250 0.904580 -0.068407
25 0.756516 0.898870 -0.083207
26 0.781584 0.895951 -0.103908
27 0.801792 0.895425 -0.127942
28 0.817769 0.897652 -0.156294
29 0.829732 0.901657 -0.184980
Frame 68
0 0.837386 0.908983 -0.211564
1 0.843623 0.920532 -0.242651
2 0.840537 0.933696 -0.272185
3 0.828609 0.946928 -0.299263
4 0.808229 0.957892 -0.321862
5 0.781071 0.966342 -0.337179
6 0.747884 0.971882 -0.344462
7 0.717977 0.977514 -0.339333
8 0.690699 0.982987 -0.326553
9 0.664840 0.986977 -0.309239
10 0.641094 0.990076 -0.290300
11 0.617952 0.992730 -0.270249
12 0.596717 0.994363 -0.249523
13 0.575641 0.996376 -0.227938
14 0.556428 0.997733 -0.203255
15 0.542946 0.995494 -0.173036
16 0.540800 0.994345 -0.141129
17 0.546450 0.990474 -0.110092
18 0.561601 0.981906 -0.081638
19 0.586334 0.966708 -0.060151
20 0.612710 0.950498 -0.050369
21 0.641023 0.934906 -0.048354
22 0.668684 0.920787 -0.052655
23 0.697273 0.912142 -0.059166
24 0.725748 0.904673 -0.068495
25 0.753190 0.898920 -0.082929
26 0.778517 0.895959 -0.103296
27 0.799046 0.895406 -0.127057
28 0.815403 0.897616 -0.155201
29 0.827750 0.901614 -0.183734
Frame 69
0 0.835591 0.908896 -0.210098
1 0.842287 0.920466 -0.241095
2 0.839643 0.933651 -0.270665
3 0.828125 0.946917 -0.297896
4 0.808097 0.957932 -0.320772
5 0.781184 0.966444 -0.336465
6 0.748120 0.972057 -0.344218
7 0.718171 0.977754 -0.339511
8 0.690732 0.983283 -0.327122
9 0.664639 0.987325 -0.310185
10 0.640629 0.990471 -0.291582
11 0.617215 0.993173 -0.271859
12 0.595695 0.994850 -0.251439
13 0.574317 0.996898 -0.230169
14 0.554764 0.998295 -0.205759
15 0.540867 0.996082 -0.175740
16 0.538274 0.994944 -0.143890
17 0.543475 0.991054 -0.112779
18 0.558196 0.982439 -0.084122
19 0.582579 0.967159 -0.062284
20 0.608788 0.950881 -0.052124
21 0.637027 0.935212 -0.049698
22 0.664709 0.921023 -0.053599
23 0.693368 0.912310 -0.059693
24 0.721950 0.904780 -0.068615
25 0.749577 0.898975 -0.082656
26 0.775173 0.895960 -0.102662
27 0.796039 0.895372 -0.126129
28 0.812796 0.897559 -0.154049
29 0.825549 0.901546 -0.182414
Frame 70
0 0.833627 0.908786 -0.208562
1 0.840805 0.920376 -0.239457
2 0.838623 0.933583 -0.269056
3 0.827538 0.946884 -0.296442
4 0.807882 0.957952 -0.319603
5 0.781235 0.966532 -0.335686
6 0.748310 0.972228 -0.343927
7 0.718325 0.977995 -0.339663
8 0.690727 0.983588 -0.327686
9 0.664394 0.987690 -0.311149
10 0.640113 0.990887 -0.292901
11 0.616420 0.993642 -0.273524
12 0.594607 0.995368 -0.253429
13 0.572916 0.997458 -0.232497
14 0.553012 0.998898 -0.208378
15 0.538687 0.996720 -0.178574
16 0.535625 0.995598 -0.146794
17 0.540354 0.991688 -0.115608
18 0.554620 0.983025 -0.086745
19 0.578628 0.967654 -0.064544
20 0.604652 0.951302 -0.053991
21 0.632806 0.935548 -0.051136
22 0.660500 0.921283 -0.054616
23 0.689226 0.912496 -0.060273
24 0.717913 0.904896 -0.068765
25 0.745730 0.899033 -0.082392
26 0.771601 0.895957 -0.102016
27 0.792814 0.895329 -0.125170
28 0.809989 0.897488 -0.152851
29 0.823163 0.901460 -0.181036
Frame 71
0 0.831539 0.908664 -0.206973
1 0.839211 0.920270 -0.237757
2 0.837504 0.933499 -0.267381
3 0.826865 0.946834 -0.294918
4 0.807597 0.957956 -0.318364
5 0.781230 0.966605 -0.334843
6 0.748456 0.972385 -0.343584
7 0.718445 0.978228 -0.339773
8 0.690690 0.983888 -0.328224
9 0.664114 0.988052 -0.312102
10 0.639563 0.991306 -0.294222
11 0.615588 0.994116 -0.275207
12 0.593480 0.995895 -0.255449
13 0.571471 0.998029 -0.234870
14 0.551213 0.999516 -0.211055
15 0.536452 0.997379 -0.181479
16 0.532912 0.996276 -0.149777
17 0.537153 0.992345 -0.118520
18 0.550948 0.983633 -0.089452
19 0.574565 0.968171 -0.066884
20 0.600393 0.951740 -0.055931
21 0.628451 0.935899 -0.052636
22 0.656150 0.921556 -0.055683
23 0.684939 0.912690 -0.060889
24 0.713724 0.905018 -0.068939
25 0.741729 0.899092 -0.082137
26 0.767878 0.895951 -0.101365
27 0.789444 0.895280 -0.124191
28 0.807042 0.897408 -0.151620
29 0.820645 0.901362 -0.179614
Frame 72
0 0.829375 0.908534 -0.205354
1 0.837543 0.920158 -0.236019
2 0.836315 0.933405 -0.265660
3 0.826127 0.946772 -0.293342
4 0.807255 0.957944 -0.317070
5 0.781177 0.966661 -0.333943
6 0.748562 0.972527 -0.343185
7 0.718533 0.978443 -0.339833
8 0.690626 0.984171 -0.328716
9 0.663814 0.988397 -0.313018
10 0.638993 0.991708 -0.295515
11 0.614740 0.994575 -0.276868
12 0.592341 0.996407 -0.257456
13 0.570017 0.998587 -0.237237
14 0.549407 1.000122 -0.213733
15 0.534211 0.998026 -0.184394
16 0.530190 0.996945 -0.152780
17 0.533939 0.992995 -0.121457
18 0.547256 0.984238 -0.092190
19 0.570472 0.968684 -0.069258
20 0.596096 0.952177 -0.057903
21 0.624051 0.936249 -0.054166
22 0.651748 0.921828 -0.056776
23 0.680592 0.912883 -0.061526
24 0.709470 0.905139 -0.069129
25 0.737659 0.899151 -0.081889
26 0.764080 0.895946 -0.100714
27 0.785998 0.895231 -0.123206
28 0.804018 0.897325 -0.150375
29 0.818052 0.901259 -0.178169
Frame 73
0 0.827188 0.908406 -0.203724
1 0.835844 0.920045 -0.234265
2 0.835087 0.933309 -0.263916
3 0.825346 0.946703 -0.291736
4 0.806869 0.957923 -0.315737
5 0.781081 0.966702 -0.332996
6 0.748634 0.972647 -0.342732
7 0.718591 0.978634 -0.339835
8 0.690540 0.984425 -0.329149
9 0.663500 0.988711 -0.313873
10 0.638418 0.992077 -0.296748
11 0.613896 0.994998 -0.278471
12 0.591211 0.996883 -0.259405
13 0.568583 0.999104 -0.239548
14 0.547628 1.000685 -0.216359
15 0.532006 0.998632 -0.187261
16 0.527512 0.997575 -0.155740
17 0.530773 0.993609 -0.124360
18 0.543614 0.984809 -0.094903
19 0.566429 0.969170 -0.071616
20 0.591847 0.952591 -0.059866
21 0.619694 0.936582 -0.055690
22 0.647383 0.922085 -0.057867
23 0.676275 0.913067 -0.062164
24 0.705240 0.905255 -0.069321
25 0.733604 0.899207 -0.081648
26 0.760290 0.895939 -0.100070
27 0.782548 0.895181 -0.122223
28 0.800985 0.897244 -0.149127
29 0.815441 0.901159 -0.176718
Frame 74
0 0.825029 0.908288 -0.202106
1 0.834156 0.919939 -0.232520
2 0.833855 0.933218 -0.262174
3 0.824549 0.946636 -0.290121
4 0.806458 0.957895 -0.314383
5 0.780956 0.966729 -0.332014
6 0.748677 0.972743 -0.342229
7 0.718626 0.978791 -0.339775
8 0.690441 0.984639 -0.329510
9 0.663183 0.988979 -0.314648
10 0.637853 0.992394 -0.297894
11 0.613074 0.995365 -0.279981
12 0.590117 0.997297 -0.261257
13 0.567197 0.999556 -0.241757
14 0.545912 1.001179 -0.218879
15 0.529879 0.999166 -0.190019
16 0.524927 0.998133 -0.158595
17 0.527714 0.994153 -0.127168
18 0.540093 0.985318 -0.097534
19 0.562515 0.969604 -0.073907
20 0.587730 0.952962 -0.061774
21 0.615467 0.936878 -0.057175
22 0.643144 0.922315 -0.058928
23 0.672078 0.913230 -0.062783
24 0.701121 0.905358 -0.069506
25 0.729648 0.899258 -0.081409
26 0.756586 0.895934 -0.099434
27 0.779174 0.895136 -0.121253
28 0.798011 0.897170 -0.147894
29 0.812876 0.901067 -0.175280
Frame 75
0 0.822955 0.908187 -0.200520
1 0.832525 0.919852 -0.230807
2 0.832656 0.933139 -0.260458
3 0.823763 0.946575 -0.288522
4 0.806039 0.957868 -0.313028
5 0.780813 0.966743 -0.331011
6 0.748699 0.972811 -0.341680
7 0.718642 0.978912 -0.339652
8 0.690331 0.984806 -0.329788
9 0.662872 0.989188 -0.315325
10 0.637309 0.992645 -0.298928
11 0.612290 0.995658 -0.281366
12 0.589077 0.997630 -0.262973
13 0.565888 0.999917 -0.243815
14 0.544288 1.001577 -0.221239
15 0.527867 0.999597 -0.192610
16 0.522483 0.998586 -0.161284
17 0.524819 0.994600 -0.129823
18 0.536758 0.985735 -0.100025
19 0.558806 0.969958 -0.076079
20 0.583825 0.953267 -0.063583
21 0.611456 0.937120 -0.058578
22 0.639121 0.922501 -0.059926
23 0.668088 0.913361 -0.063359
24 0.697202 0.905441 -0.069667
25 0.725879 0.899299 -0.081166
26 0.753052 0.895929 -0.098809
27 0.775949 0.895099 -0.120305
28 0.795165 0.897109 -0.146687
29 0.810418 0.900991 -0.173872
Frame 76
0 0.821012 0.908111 -0.198984
1 0.830991 0.919789 -0.229147
2 0.831523 0.933084 -0.258790
3 0.823014 0.946535 -0.286958
4 0.805634 0.957849 -0.311690
5 0.780664 0.966754 -0.330000
6 0.748708 0.972859 -0.341094
7 0.718646 0.978995 -0.339465
8 0.690219 0.984919 -0.329981
9 0.662576 0.989333 -0.315892
10 0.636799 0.992819 -0.299834
11 0.611556 0.995863 -0.282605
12 0.588107 0.997865 -0.264527
13 0.564671 1.000169 -0.245693
14 0.542777 1.001855 -0.223406
15 0.525996 0.999901 -0.194996
16 0.520210 0.998910 -0.163764
17 0.522125 0.994919 -0.132281
18 0.533654 0.986036 -0.102336
19 0.555353 0.970210 -0.078094
20 0.580191 0.953484 -0.065258
21 0.607724 0.937289 -0.059874
22 0.635375 0.922626 -0.060841
23 0.664372 0.913448 -0.063878
24 0.693550 0.905496 -0.069794
25 0.722360 0.899325 -0.080914
26 0.749751 0.895922 -0.098197
27 0.772935 0.895071 -0.119384
28 0.792505 0.897064 -0.145518
29 0.808118 0.900936 -0.172508
Frame 77
0 0.819185 0.908063 -0.197492
1 0.829542 0.919758 -0.227534
2 0.830448 0.933060 -0.257164
3 0.822297 0.946521 -0.285428
4 0.805237 0.957849 -0.310368
5 0.780510 0.966770 -0.328983
6 0.748704 0.972897 -0.340477
7 0.718638 0.979055 -0.339225
8 0.690104 0.984996 -0.330099
9 0.662289 0.989427 -0.316365
10 0.636313 0.992931 -0.300631
11 0.610861 0.995994 -0.283718
12 0.587192 0.998013 -0.265938
13 0.563529 1.000323 -0.247413
14 0.541360 1.002028 -0.225401
15 0.524242 1.000090 -0.197201
16 0.518081 0.999115 -0.166063
17 0.519605 0.995123 -0.134566
18 0.530748 0.986227 -0.104489
19 0.552122 0.970365 -0.079971
20 0.576792 0.953617 -0.066816
21 0.604233 0.937388 -0.061074
22 0.631873 0.922697 -0.061684
23 0.660893 0.913492 -0.064346
24 0.690131 0.905523 -0.069891
25 0.719063 0.899336 -0.080655
26 0.746658 0.895916 -0.097596
27 0.770107 0.895053 -0.118487
28 0.790007 0.897037 -0.144382
29 0.805958 0.900905 -0.171184
Frame 78
0 0.817437 0.908043 -0.196033
1 0.828149 0.919757 -0.225955
2 0.829407 0.933066 -0.255568
3 0.821596 0.946535 -0.283918
4 0.804839 0.957873 -0.309054
5 0.780343 0.966801 -0.327958
6 0.748683 0.972939 -0.339829
7 0.718614 0.979106 -0.338939
8 0.689978 0.985054 -0.330156
9 0.662001 0.989490 -0.316761
10 0.635837 0.993002 -0.301338
11 0.610189 0.996073 -0.284730
12 0.586314 0.998097 -0.267236
13 0.562438 1.000407 -0.249009
14 0.540009 1.002119 -0.227264
15 0.522574 1.000191 -0.199266
16 0.516059 0.999227 -0.168221
17 0.517210 0.995234 -0.136718
18 0.527988 0.986331 -0.106521
19 0.549054 0.970444 -0.081744
20 0.573567 0.953682 -0.068285
21 0.600920 0.937429 -0.062205
22 0.628549 0.922719 -0.062471
23 0.657589 0.913499 -0.064778
24 0.686882 0.905526 -0.069968
25 0.715927 0.899336 -0.080391
26 0.743714 0.895909 -0.097004
27 0.767413 0.895042 -0.117611
28 0.787625 0.897027 -0.143272
29 0.803896 0.900895 -0.169889
Frame 79
0 0.815730 0.908048 -0.194597
1 0.826784 0.919784 -0.224396
2 0.828378 0.933102 -0.253989
3 0.820891 0.946579 -0.282418
4 0.804427 0.957922 -0.307740
5 0.780155 0.966853 -0.326919
6 0.748636 0.972993 -0.339155
7 0.718566 0.979160 -0.338613
8 0.689833 0.985106 -0.330163
9 0.661702 0.989538 -0.317097
10 0.635361 0.993049 -0.301977
11 0.609525 0.996120 -0.285665
12 0.585454 0.998143 -0.268451
13 0.561375 1.000441 -0.250513
14 0.538697 1.002156 -0.229030
15 0.520959 1.000229 -0.201230
16 0.514104 0.999274 -0.170279
17 0.514897 0.995280 -0.138777
18 0.525325 0.986369 -0.108469
19 0.546093 0.970461 -0.083446
20 0.570456 0.953695 -0.069696
21 0.597724 0.937425 -0.063289
22 0.625342 0.922704 -0.063226
23 0.654399 0.913479 -0.065188
24 0.683743 0.905511 -0.070032
25 0.712894 0.899325 -0.080128
26 0.740864 0.895900 -0.096420
27 0.764801 0.895040 -0.116750
28 0.785313 0.897030 -0.142181
29 0.801890 0.900906 -0.168616
Frame 80
0 0.814028 0.908076 -0.193168
1 0.825412 0.919840 -0.222844
2 0.827334 0.933169 -0.252412
3 0.820164 0.946656 -0.280914
4 0.803987 0.958003 -0.306413
5 0.779936 0.966932 -0.325861
6 0.748559 0.973069 -0.338453
7 0.718489 0.979231 -0.338252
8 0.689663 0.985167 -0.330129
9 0.661384 0.989590 -0.317387
10 0.634870 0.993093 -0.302566
11 0.608852 0.996157 -0.286547
12 0.584593 0.998169 -0.269609
13 0.560318 1.000452 -0.251958
14 0.537398 1.002163 -0.230734
15 0.519366 1.000232 -0.203132
16 0.512181 0.999280 -0.172279
17 0.512625 0.995280 -0.140783
18 0.522709 0.986364 -0.110372
19 0.543185 0.970439 -0.085113
20 0.567399 0.953671 -0.071079
21 0.594582 0.937389 -0.064354
22 0.622187 0.922663 -0.063968
23 0.651259 0.913437 -0.065591
24 0.680650 0.905481 -0.070095
25 0.709905 0.899306 -0.079870
26 0.738051 0.895893 -0.095846
27 0.762219 0.895043 -0.115901
28 0.783021 0.897046 -0.141101
29 0.799896 0.900935 -0.167354
Frame 81
0 0.812291 0.908124 -0.191738
1 0.824001 0.919921 -0.221286
2 0.826248 0.933265 -0.250822
3 0.819394 0.946763 -0.279392
4 0.803504 0.958115 -0.305064
5 0.779675 0.967044 -0.324776
6 0.748442 0.973176 -0.337721
7 0.718377 0.979330 -0.337859
8 0.689460 0.985253 -0.330063
9 0.661036 0.989660 -0.317645
10 0.634355 0.993151 -0.303124
11 0.608157 0.996203 -0.287398
12 0.583712 0.998201 -0.270736
13 0.559247 1.000463 -0.253374
14 0.536088 1.002164 -0.232411
15 0.517766 1.000222 -0.205012
16 0.510253 0.999271 -0.174260
17 0.510350 0.995263 -0.142776
18 0.520092 0.986338 -0.112269
19 0.540275 0.970393 -0.086780
20 0.564337 0.953627 -0.072467
21 0.591434 0.937335 -0.065426
22 0.619023 0.922607 -0.064720
23 0.648107 0.913383 -0.066004
24 0.677542 0.905442 -0.070169
25 0.706896 0.899284 -0.079622
26 0.735217 0.895886 -0.095281
27 0.759611 0.895054 -0.115059
28 0.780700 0.897073 -0.140027
29 0.797871 0.900980 -0.166092
Frame 82
0 0.810477 0.908190 -0.190293
1 0.822516 0.920025 -0.219707
2 0.825092 0.933389 -0.249207
3 0.818559 0.946903 -0.277840
4 0.802962 0.958264 -0.303681
5 0.779361 0.967194 -0.323657
6 0.748277 0.973323 -0.336956
7 0.718221 0.979468 -0.337437
8 0.689216 0.985377 -0.329972
9 0.660650 0.989767 -0.317883
10 0.633802 0.993242 -0.303667
11 0.607426 0.996280 -0.288240
12 0.582796 0.998261 -0.271861
13 0.558141 1.000498 -0.254792
14 0.534745 1.002186 -0.234098
15 0.516132 1.000229 -0.206908
16 0.508288 0.999272 -0.176265
17 0.508036 0.995253 -0.144796
18 0.517428 0.986315 -0.114200
19 0.537308 0.970347 -0.088484
20 0.561214 0.953579 -0.073893
21 0.588218 0.937276 -0.066535
22 0.615788 0.922546 -0.065504
23 0.644881 0.913326 -0.066446
24 0.674356 0.905401 -0.070266
25 0.703809 0.899261 -0.079391
26 0.732302 0.895879 -0.094729
27 0.756922 0.895067 -0.114224
28 0.778300 0.897109 -0.138952
29 0.795767 0.901038 -0.164823
Frame 83
0 0.808543 0.908274 -0.188824
1 0.820921 0.920151 -0.218092
2 0.823837 0.933540 -0.247548
3 0.817635 0.947073 -0.276239
4 0.802343 0.958450 -0.302250
5 0.778981 0.967387 -0.322491
6 0.748057 0.973516 -0.336155
7 0.718015 0.979657 -0.336986
8 0.688924 0.985552 -0.329861
9 0.660216 0.989925 -0.318112
10 0.633200 0.993384 -0.304211
11 0.606645 0.996407 -0.289092
12 0.581828 0.998370 -0.273005
13 0.556982 1.000581 -0.256242
14 0.533344 1.002254 -0.235825
15 0.514435 1.000277 -0.208857
16 0.506254 0.999313 -0.178334
17 0.505641 0.995273 -0.146885
18 0.514671 0.986317 -0.116204
19 0.534236 0.970318 -0.090262
20 0.557972 0.953546 -0.075391
21 0.584875 0.937228 -0.067709
22 0.612419 0.922494 -0.066346
23 0.641518 0.913273 -0.066934
24 0.671029 0.905362 -0.070401
25 0.700582 0.899239 -0.079186
26 0.729247 0.895876 -0.094190
27 0.754098 0.895086 -0.113392
28 0.775768 0.897154 -0.137869
29 0.793538 0.901108 -0.163538
Frame 84
0 0.806460 0.908367 -0.187320
1 0.819191 0.920293 -0.216434
2 0.822460 0.933713 -0.245838
3 0.816604 0.947272 -0.274582
4 0.801632 0.958670 -0.300763
5 0.778524 0.967622 -0.321276
6 0.747772 0.973761 -0.335312
7 0.717750 0.979901 -0.336508
8 0.688575 0.985785 -0.329733
9 0.659725 0.990144 -0.318338
10 0.632539 0.993589 -0.304766
11 0.605804 0.996597 -0.289969
12 0.580797 0.998545 -0.274187
13 0.555756 1.000729 -0.257742
14 0.531872 1.002387 -0.237615
15 0.512659 1.000386 -0.210886
16 0.504129 0.999411 -0.180492
17 0.503142 0.995345 -0.149069
18 0.511793 0.986362 -0.118309
19 0.531023 0.970323 -0.092139
20 0.554576 0.953541 -0.076984
21 0.581367 0.937203 -0.068968
22 0.608877 0.922458 -0.067262
23 0.637977 0.913233 -0.067483
24 0.667519 0.905330 -0.070582
25 0.697174 0.899222 -0.079013
26 0.726012 0.895875 -0.093669
27 0.751099 0.895107 -0.112564
28 0.773069 0.897202 -0.136779
29 0.791150 0.901187 -0.162232
Frame 85
0 0.804251 0.908465 -0.185801
1 0.817342 0.920443 -0.214749
2 0.820973 0.933897 -0.244094
3 0.815476 0.947488 -0.272885
4 0.800836 0.958914 -0.299234
5 0.777992 0.967886 -0.320020
6 0.747422 0.974039 -0.334437
7 0.717426 0.980184 -0.336003
8 0.688172 0.986063 -0.329587
9 0.659182 0.990409 -0.318555
10 0.631828 0.993841 -0.305322
11 0.604912 0.996837 -0.290856
12 0.579714 0.998770 -0.275388
13 0.554477 1.000927 -0.259271
14 0.530347 1.002571 -0.239445
15 0.510827 1.000544 -0.212965
16 0.501941 0.999553 -0.182711
17 0.500572 0.995456 -0.151320
18 0.508832 0.986442 -0.120486
19 0.527712 0.970354 -0.094090
20 0.551068 0.953558 -0.078650
21 0.577737 0.937193 -0.070296
22 0.605206 0.922436 -0.068240
23 0.634302 0.913201 -0.068084
24 0.663868 0.905302 -0.070808
25 0.693624 0.899204 -0.078872
26 0.722636 0.895871 -0.093171
27 0.747961 0.895125 -0.111748
28 0.770234 0.897251 -0.135691
29 0.788631 0.901266 -0.160918
Frame 86
0 0.801956 0.908558 -0.184287
1 0.815409 0.920591 -0.213062
2 0.819405 0.934084 -0.242340
3 0.814269 0.947708 -0.271174
4 0.799967 0.959166 -0.297686
5 0.777393 0.968162 -0.318743
6 0.747012 0.974337 -0.333537
7 0.717051 0.980488 -0.335475
8 0.687719 0.986363 -0.329422
9 0.658594 0.990699 -0.318756
10 0.631074 0.994118 -0.305864
11 0.603983 0.997102 -0.291734
12 0.578595 0.999022 -0.276585
13 0.553167 1.001154 -0.260800
14 0.528795 1.002783 -0.241280
15 0.508967 1.000727 -0.215055
16 0.499727 0.999720 -0.184947
17 0.497972 0.995587 -0.153594
18 0.505838 0.986536 -0.122694
19 0.524360 0.970395 -0.096078
20 0.547512 0.953582 -0.080357
21 0.574052 0.937187 -0.071665
22 0.601473 0.922413 -0.069258
23 0.630559 0.913166 -0.068722
24 0.660144 0.905267 -0.071068
25 0.689999 0.899180 -0.078761
26 0.719179 0.895858 -0.092699
27 0.744739 0.895135 -0.110954
28 0.767315 0.897290 -0.134619
29 0.786027 0.901339 -0.159616
Frame 87
0 0.799616 0.908640 -0.182799
1 0.813425 0.920731 -0.211397
2 0.817782 0.934262 -0.240604
3 0.813004 0.947923 -0.269473
4 0.799038 0.959415 -0.296141
5 0.776738 0.968438 -0.317462
6 0.746548 0.974634 -0.332628
7 0.716623 0.980794 -0.334933
8 0.687222 0.986668 -0.329238
9 0.657969 0.990993 -0.318935
10 0.630289 0.994400 -0.306383
11 0.603028 0.997373 -0.292586
12 0.577458 0.999280 -0.277755
13 0.551845 1.001387 -0.262302
14 0.527236 1.003000 -0.243086
15 0.507109 1.000912 -0.217119
16 0.497521 0.999887 -0.187162
17 0.495387 0.995716 -0.155851
18 0.502860 0.986628 -0.124893
19 0.521024 0.970429 -0.098064
20 0.543970 0.953598 -0.082069
21 0.570376 0.937170 -0.073046
22 0.597743 0.922380 -0.070293
23 0.626816 0.913118 -0.069380
24 0.656412 0.905219 -0.071354
25 0.686362 0.899141 -0.078678
26 0.715705 0.895831 -0.092257
27 0.741493 0.895131 -0.110190
28 0.764364 0.897316 -0.133576
29 0.783384 0.901400 -0.158341
Frame 88
0 0.797275 0.908704 -0.181357
1 0.811427 0.920851 -0.209779
2 0.816134 0.934423 -0.238912
3 0.811706 0.948121 -0.267810
4 0.798069 0.959647 -0.294624
5 0.776036 0.968697 -0.316198
6 0.746036 0.974917 -0.331723
7 0.716153 0.981086 -0.334382
8 0.686686 0.986956 -0.329035
9 0.657312 0.991271 -0.319088
10 0.629481 0.994666 -0.306867
11 0.602059 0.997628 -0.293395
12 0.576317 0.999520 -0.278875
13 0.550528 1.001601 -0.263747
14 0.525693 1.003198 -0.244830
15 0.505279 1.001076 -0.219117
16 0.495357 1.000033 -0.189311
17 0.492855 0.995824 -0.158046
18 0.499947 0.986696 -0.127037
19 0.517759 0.970441 -0.100010
20 0.540501 0.953592 -0.083753
21 0.566773 0.937132 -0.074409
22 0.594083 0.922325 -0.071321
23 0.623137 0.913049 -0.070043
24 0.652739 0.905149 -0.071654
25 0.682777 0.899080 -0.078619
26 0.712274 0.895783 -0.091847
27 0.738280 0.895105 -0.109465
28 0.761434 0.897323 -0.132576
29 0.780752 0.901441 -0.157111
Frame 89
0 0.794978 0.908743 -0.179983
1 0.809454 0.920946 -0.208233
2 0.814493 0.934558 -0.237290
3 0.810397 0.948293 -0.266210
4 0.797075 0.959852 -0.293161
5 0.775298 0.968929 -0.314972
6 0.745483 0.975168 -0.330835
7 0.715643 0.981344 -0.333832
8 0.686118 0.987211 -0.328817
9 0.656633 0.991514 -0.319210
10 0.628662 0.994895 -0.307307
11 0.601089 0.997842 -0.294148
12 0.575185 0.999720 -0.279925
13 0.549235 1.001774 -0.265109
14 0.524188 1.003354 -0.246480
15 0.503503 1.001197 -0.221012
16 0.493266 1.000135 -0.191354
17 0.490415 0.995889 -0.160137
18 0.497145 0.986723 -0.129085
19 0.514621 0.970412 -0.101875
20 0.537164 0.953545 -0.085371
21 0.563304 0.937057 -0.075724
22 0.590556 0.922235 -0.072317
23 0.619588 0.912947 -0.070691
24 0.649192 0.905048 -0.071956
25 0.679311 0.898990 -0.078578
26 0.708950 0.895706 -0.091470
27 0.735160 0.895054 -0.108786
28 0.758582 0.897303 -0.131632
29 0.778180 0.901457 -0.155943
Frame 90
0 0.792770 0.908750 -0.178697
1 0.807546 0.921008 -0.206783
2 0.812893 0.934658 -0.235766
3 0.809104 0.948428 -0.264704
4 0.796075 0.960017 -0.291778
5 0.774540 0.969116 -0.313806
6 0.744899 0.975373 -0.329984
7 0.715101 0.981553 -0.333294
8 0.685525 0.987413 -0.328590
9 0.655939 0.991701 -0.319301
10 0.627840 0.995066 -0.307696
11 0.600130 0.997998 -0.294830
12 0.574079 0.999857 -0.280887
13 0.547982 1.001882 -0.266364
14 0.522738 1.003444 -0.248004
15 0.501804 1.001250 -0.222766
16 0.491278 1.000169 -0.193251
17 0.488105 0.995889 -0.162081
18 0.494499 0.986689 -0.130994
19 0.511660 0.970327 -0.103615
20 0.534018 0.953446 -0.086886
21 0.560033 0.936932 -0.076957
22 0.587227 0.922098 -0.073254
23 0.616236 0.912803 -0.071303
24 0.645838 0.904908 -0.072246
25 0.676028 0.898863 -0.078549
26 0.705796 0.895597 -0.091126
27 0.732194 0.894969 -0.108157
28 0.755861 0.897253 -0.130752
29 0.775719 0.901442 -0.154853
Frame 91
0 0.790685 0.908753 -0.177512
1 0.805731 0.921065 -0.205445
2 0.811355 0.934749 -0.234356
3 0.807848 0.948550 -0.263309
4 0.795086 0.960165 -0.290493
5 0.773771 0.969282 -0.312717
6 0.744291 0.975551 -0.329180
7 0.714532 0.981730 -0.332777
8 0.684910 0.987578 -0.328358
9 0.655234 0.991848 -0.319359
10 0.627020 0.995193 -0.308029
11 0.599188 0.998107 -0.295431
12 0.573004 0.999946 -0.281745
13 0.546778 1.001939 -0.267493
14 0.521356 1.003479 -0.249381
15 0.500197 1.001248 -0.224354
16 0.489412 1.000148 -0.194972
17 0.485945 0.995838 -0.163851
18 0.492033 0.986607 -0.132733
19 0.508909 0.970199 -0.105204
20 0.531099 0.953307 -0.088270
21 0.556997 0.936775 -0.078085
22 0.584139 0.921936 -0.074112
23 0.613122 0.912636 -0.071864
24 0.642720 0.904751 -0.072512
25 0.672972 0.898725 -0.078524
26 0.702857 0.895479 -0.090813
27 0.729423 0.894880 -0.107583
28 0.753312 0.897197 -0.129946
29 0.773404 0.901422 -0.153850
Frame 92
0 0.788697 0.908782 -0.176410
1 0.803987 0.921145 -0.204199
2 0.809865 0.934863 -0.233043
3 0.806612 0.948692 -0.262006
4 0.794094 0.960331 -0.289288
5 0.772980 0.969460 -0.311693
6 0.743649 0.975734 -0.328417
7 0.713928 0.981905 -0.332276
8 0.684264 0.987738 -0.328121
9 0.654508 0.991984 -0.319389
10 0.626189 0.995307 -0.308312
11 0.598244 0.998197 -0.295964
12 0.571941 1.000009 -0.282513
13 0.545601 1.001969 -0.268513
14 0.520018 1.003485 -0.250631
15 0.498655 1.001215 -0.225797
16 0.487634 1.000096 -0.196541
17 0.483901 0.995758 -0.165463
18 0.489711 0.986500 -0.134323
19 0.506325 0.970053 -0.106659
20 0.528361 0.953156 -0.089538
21 0.554153 0.936609 -0.079119
22 0.581244 0.921770 -0.074897
23 0.610202 0.912473 -0.072378
24 0.639796 0.904604 -0.072754
25 0.670103 0.898600 -0.078500
26 0.700094 0.895380 -0.090522
27 0.726811 0.894810 -0.107050
28 0.750902 0.897164 -0.129196
29 0.771209 0.901427 -0.152918
Frame 93
0 0.786766 0.908834 -0.175366
1 0.802281 0.921249 -0.203020
2 0.808392 0.935000 -0.231798
3 0.805375 0.948857 -0.260769
4 0.793082 0.960513 -0.288142
5 0.772156 0.969651 -0.310712
6 0.742964 0.975924 -0.327679
7 0.713277 0.982083 -0.331785
8 0.683575 0.987893 -0.327874
9 0.653744 0.992112 -0.319393
10 0.625330 0.995406 -0.308555
11 0.597282 0.998268 -0.296440
12 0.570869 1.000050 -0.283211
13 0.544424 1.001973 -0.269447
14 0.518690 1.003459 -0.251782
15 0.497139 1.001147 -0.227130
16 0.485902 1.000010 -0.197992
17 0.481922 0.995645 -0.166958
18 0.487475 0.986364 -0.135798
19 0.503848 0.969882 -0.108009
20 0.525742 0.952983 -0.090718
21 0.551435 0.936430 -0.080080
22 0.578480 0.921596 -0.075626
23 0.607414 0.912307 -0.072853
24 0.637002 0.904459 -0.072975
25 0.667358 0.898482 -0.078473
26 0.697447 0.895295 -0.090245
27 0.724303 0.894760 -0.106545
28 0.748582 0.897152 -0.128487
29 0.769085 0.901454 -0.152036
Frame 94
0 0.784848 0.908911 -0.174355
1 0.800575 0.921379 -0.201877
2 0.806905 0.935164 -0.230591
3 0.804109 0.949046 -0.259567
4 0.792030 0.960718 -0.287025
5 0.771281 0.969859 -0.309753
6 0.742222 0.976126 -0.326951
7 0.712569 0.982264 -0.331291
8 0.682830 0.988049 -0.327615
9 0.652928 0.992233 -0.319375
10 0.624424 0.995493 -0.308763
11 0.596278 0.998322 -0.296872
12 0.569761 1.000069 -0.283856
13 0.543219 1.001949 -0.270319
14 0.517343 1.003400 -0.252861
15 0.495615 1.001044 -0.228383
16 0.484175 0.999886 -0.199360
17 0.479962 0.995493 -0.168369
18 0.485273 0.986192 -0.137193
19 0.501418 0.969679 -0.109289
20 0.523178 0.952785 -0.091835
21 0.548779 0.936230 -0.080990
22 0.575781 0.921407 -0.076315
23 0.604690 0.912133 -0.073300
24 0.634272 0.904313 -0.073180
25 0.664675 0.898370 -0.078441
26 0.694855 0.895218 -0.089974
27 0.721844 0.894724 -0.106055
28 0.746299 0.897159 -0.127800
29 0.766988 0.901502 -0.151182
Frame 95
0 0.782904 0.909012 -0.173353
1 0.798832 0.921535 -0.200745
2 0.805373 0.935355 -0.229394
3 0.802791 0.949262 -0.258373
4 0.790917 0.960948 -0.285912
5 0.770342 0.970087 -0.308792
6 0.741411 0.976341 -0.326216
7 0.711790 0.982455 -0.330784
8 0.682015 0.988204 -0.327338
9 0.652045 0.992348 -0.319333
10 0.623453 0.995568 -0.308945
11 0.595214 0.998358 -0.297274
12 0.568597 1.000065 -0.284465
13 0.541961 1.001896 -0.271150
14 0.515948 1.003306 -0.253897
15 0.494049 1.000900 -0.229590
16 0.482413 0.999721 -0.200680
17 0.477974 0.995301 -0.169733
18 0.483050 0.985978 -0.138543
19 0.498977 0.969439 -0.110529
20 0.520610 0.952554 -0.092919
21 0.546122 0.936005 -0.081872
22 0.573083 0.921198 -0.076982
23 0.601969 0.911944 -0.073730
24 0.631544 0.904159 -0.073373
25 0.661991 0.898256 -0.078402
26 0.692259 0.895148 -0.089701
27 0.719376 0.894698 -0.105568
28 0.744001 0.897181 -0.127118
29 0.764870 0.901570 -0.150335
Frame 96
0 0.780887 0.909133 -0.172336
1 0.797015 0.921716 -0.199595
2 0.803763 0.935573 -0.228176
3 0.801391 0.949506 -0.257158
4 0.789721 0.961203 -0.284777
5 0.769317 0.970337 -0.307808
6 0.740517 0.976573 -0.325455
7 0.710928 0.982654 -0.330252
8 0.681117 0.988364 -0.327038
9 0.651077 0.992459 -0.319269
10 0.622400 0.995633 -0.309105
11 0.594069 0.998376 -0.297655
12 0.567351 1.000037 -0.285055
13 0.540623 1.001814 -0.271963
14 0.514475 1.003174 -0.254916
15 0.492408 1.000716 -0.230784
16 0.480574 0.999512 -0.201986
17 0.475912 0.995061 -0.171086
18 0.480757 0.985719 -0.139885
19 0.496468 0.969157 -0.111761
20 0.517976 0.952285 -0.093996
21 0.543401 0.935746 -0.082749
22 0.570323 0.920962 -0.077643
23 0.599184 0.911736 -0.074156
24 0.628753 0.903990 -0.073562
25 0.659243 0.898135 -0.078357
26 0.689599 0.895077 -0.089421
27 0.716841 0.894679 -0.105070
28 0.741634 0.897216 -0.126425
29 0.762682 0.901655 -0.149473
Frame 97
0 0.778752 0.909275 -0.171277
1 0.795082 0.921924 -0.198397
2 0.802040 0.935820 -0.226908
3 0.799882 0.949779 -0.255890
4 0.788420 0.961487 -0.283591
5 0.768192 0.970613 -0.306775
6 0.739525 0.976824 -0.324653
7 0.709969 0.982867 -0.329685
8 0.680121 0.988527 -0.326707
9 0.650011 0.992567 -0.319183
10 0.621248 0.995688 -0.309250
11 0.592824 0.998378 -0.298026
12 0.566004 0.999987 -0.285643
13 0.539179 1.001703 -0.272779
14 0.512896 1.003005 -0.255945
15 0.490657 1.000486 -0.231995
16 0.478623 0.999257 -0.203315
17 0.473732 0.994770 -0.172463
18 0.478342 0.985410 -0.141253
19 0.493834 0.968827 -0.113020
20 0.515216 0.951973 -0.095098
21 0.540554 0.935449 -0.083646
22 0.567437 0.920694 -0.078320
23 0.596273 0.911502 -0.074589
24 0.625835 0.903803 -0.073752
25 0.656369 0.898002 -0.078305
26 0.686811 0.895002 -0.089126
27 0.714183 0.894663 -0.104552
28 0.739146 0.897261 -0.125702
29 0.760375 0.901755 -0.148576
Frame 98
0 0.776455 0.909438 -0.170153
1 0.792994 0.922158 -0.197126
2 0.800169 0.936098 -0.225560
3 0.798234 0.950084 -0.254542
4 0.786988 0.961802 -0.282325
5 0.766945 0.970916 -0.305669
6 0.738419 0.977097 -0.323788
7 0.708899 0.983094 -0.329068
8 0.679013 0.988699 -0.326339
9 0.648830 0.992675 -0.319072
10 0.619977 0.995734 -0.309382
11 0.591458 0.998363 -0.298398
12 0.564531 0.999914 -0.286244
13 0.537605 1.001561 -0.273620
14 0.511184 1.002796 -0.257013
15 0.488767 1.000209 -0.233257
16 0.476521 0.998951 -0.204699
17 0.471393 0.994426 -0.173900
18 0.475757 0.985044 -0.142684
19 0.491021 0.968441 -0.114339
20 0.512270 0.951611 -0.096254
21 0.537519 0.935108 -0.084588
22 0.564362 0.920388 -0.079032
23 0.593171 0.911237 -0.075044
24 0.622725 0.903590 -0.073952
25 0.653303 0.897852 -0.078248
26 0.683838 0.894918 -0.088812
27 0.711342 0.894646 -0.104002
28 0.736483 0.897312 -0.124936
29 0.757898 0.901869 -0.147625
Frame 99
0 0.773964 0.909604 -0.168950
1 0.790722 0.922403 -0.195763
2 0.798126 0.936391 -0.224114
3 0.796425 0.950408 -0.253091
4 0.785410 0.962137 -0.280961
5 0.765562 0.971237 -0.304475
6 0.737188 0.977381 -0.322848
7 0.707709 0.983328 -0.328390
8 0.677782 0.988867 -0.325927
9 0.647522 0.992773 -0.318936
10 0.618577 0.995761 -0.309504
11 0.589961 0.998322 -0.298776
12 0.562920 0.999809 -0.286868
13 0.535887 1.001379 -0.274499
14 0.509321 1.002537 -0.258134
15 0.486719 0.999876 -0.234589
16 0.474246 0.998586 -0.206161
17 0.468867 0.994015 -0.175422
18 0.472971 0.984608 -0.144201
19 0.487994 0.967987 -0.115740
20 0.509105 0.951186 -0.097483
21 0.534259 0.934707 -0.085590
22 0.561060 0.920029 -0.079789
23 0.589839 0.910924 -0.075529
24 0.619383 0.903337 -0.074167
25 0.650007 0.897670 -0.078187
26 0.680634 0.894809 -0.088478
27 0.708280 0.894613 -0.103414
28 0.733605 0.897354 -0.124117
29 0.755219 0.901983 -0.146607
Frame 100
0 0.771312 0.909761 -0.167689
1 0.788296 0.922644 -0.194334
2 0.795935 0.936686 -0.222595
3 0.794476 0.950735 -0.251567
4 0.783700 0.962474 -0.279524
5 0.764057 0.971557 -0.303213
6 0.735842 0.977663 -0.321849
7 0.706406 0.983551 -0.327666
8 0.676439 0.989020 -0.325478
9 0.646100 0.992847 -0.318774
10 0.617063 0.995759 -0.309612
11 0.588346 0.998245 -0.299151
12 0.561190 0.999662 -0.287500
13 0.534044 1.001151 -0.275397
14 0.507333 1.002222 -0.259285
15 0.484541 0.999481 -0.235964
16 0.471834 0.998158 -0.207671
17 0.466194 0.993532 -0.176995
18 0.470029 0.984101 -0.145774
19 0.484803 0.967461 -0.117195
20 0.505769 0.950692 -0.098760
21 0.530825 0.934243 -0.086633
22 0.557581 0.919609 -0.080579
23 0.586328 0.910557 -0.076036
24 0.615860 0.903035 -0.074393
25 0.646527 0.897445 -0.078125
26 0.677252 0.894666 -0.088130
27 0.705040 0.894551 -0.102800
28 0.730557 0.897375 -0.123260
29 0.752373 0.902080 -0.145540
Frame 101
0 0.768550 0.909909 -0.166404
1 0.785760 0.922879 -0.192873
2 0.793634 0.936976 -0.221042
3 0.792419 0.951058 -0.250004
4 0.781883 0.962809 -0.278048
5 0.762448 0.971874 -0.301911
6 0.734397 0.977936 -0.320814
7 0.705007 0.983764 -0.326907
8 0.675000 0.989155 -0.324998
9 0.644583 0.992899 -0.318589
10 0.615453 0.995728 -0.309700
11 0.586639 0.998135 -0.299510
12 0.559368 0.999478 -0.288121
13 0.532108 1.000881 -0.276288
14 0.505254 1.001858 -0.260435
15 0.482274 0.999034 -0.237343
16 0.469329 0.997673 -0.209189
17 0.463427 0.992988 -0.178579
18 0.466992 0.983530 -0.147359
19 0.481515 0.966872 -0.118665
20 0.502334 0.950138 -0.100052
21 0.527291 0.933722 -0.087690
22 0.554003 0.919138 -0.081380
23 0.582714 0.910143 -0.076550
24 0.612232 0.902690 -0.074622
25 0.642942 0.897182 -0.078061
26 0.673760 0.894488 -0.087777
27 0.701691 0.894461 -0.102177
28 0.727398 0.897374 -0.122387
29 0.749417 0.902162 -0.144453
Frame 102
0 0.765731 0.910043 -0.165124
1 0.783159 0.923105 -0.191419
2 0.791263 0.937259 -0.219491
3 0.790286 0.951376 -0.248442
4 0.779987 0.963139 -0.276569
5 0.760756 0.972184 -0.300602
6 0.732868 0.978199 -0.319766
7 0.703526 0.983962 -0.326133
8 0.673480 0.989274 -0.324501
9 0.642990 0.992929 -0.318382
10 0.613771 0.995672 -0.309763
11 0.584862 0.997995 -0.299842
12 0.557480 0.999259 -0.288713
13 0.530110 1.000573 -0.277146
14 0.503118 1.001452 -0.261550
15 0.479955 0.998539 -0.238687
16 0.466778 0.997140 -0.210671
17 0.460619 0.992389 -0.180131
18 0.463921 0.982903 -0.148917
19 0.478196 0.966229 -0.120111
20 0.498871 0.949533 -0.101325
21 0.523731 0.933152 -0.088732
22 0.550397 0.918620 -0.082171
23 0.579072 0.909687 -0.077057
24 0.608573 0.902306 -0.074850
25 0.639322 0.896885 -0.077999
26 0.670232 0.894282 -0.087427
27 0.698301 0.894348 -0.101558
28 0.724193 0.897354 -0.121520
29 0.746411 0.902227 -0.143371
Frame 103
0 0.762908 0.910162 -0.163880
1 0.780543 0.923317 -0.190005
2 0.788863 0.937530 -0.217983
3 0.788112 0.951684 -0.246919
4 0.778040 0.963457 -0.275123
5 0.759005 0.972481 -0.299318
6 0.731276 0.978448 -0.318731
7 0.701980 0.984144 -0.325361
8 0.671899 0.989371 -0.323994
9 0.641338 0.992936 -0.318154
10 0.612036 0.995591 -0.309796
11 0.583039 0.997828 -0.300134
12 0.555553 0.999009 -0.289257
13 0.528078 1.000231 -0.277946
14 0.500957 1.001010 -0.262599
15 0.477621 0.998004 -0.239957
16 0.464223 0.996562 -0.212076
17 0.457821 0.991745 -0.181607
18 0.460870 0.982230 -0.150402
19 0.474913 0.965541 -0.121493
20 0.495450 0.948886 -0.102545
21 0.520216 0.932541 -0.089732
22 0.546838 0.918066 -0.082929
23 0.575475 0.909195 -0.077544
24 0.604957 0.901890 -0.075066
25 0.635744 0.896558 -0.077937
26 0.666738 0.894050 -0.087088
27 0.694938 0.894210 -0.100958
28 0.721005 0.897312 -0.120679
29 0.743411 0.902275 -0.142321
Frame 104
0 0.760135 0.910265 -0.162705
1 0.777957 0.923513 -0.188668
2 0.786476 0.937785 -0.216554
3 0.785934 0.951977 -0.245473
4 0.776070 0.963762 -0.273746
5 0.757217 0.972763 -0.298092
6 0.729636 0.978679 -0.317736
7 0.700386 0.984306 -0.324609
8 0.670272 0.989447 -0.323492
9 0.639649 0.992920 -0.317913
10 0.610270 0.995484 -0.309798
11 0.581192 0.997633 -0.300378
12 0.553612 0.998730 -0.289735
13 0.526045 0.999860 -0.278664
14 0.498802 1.000538 -0.263550
15 0.475309 0.997436 -0.241117
16 0.461710 0.995947 -0.213365
17 0.455082 0.991063 -0.182964
18 0.457900 0.981520 -0.151771
19 0.471728 0.964817 -0.122771
20 0.492139 0.948204 -0.103674
21 0.516818 0.931899 -0.090657
22 0.543399 0.917480 -0.083631
23 0.572000 0.908675 -0.077992
24 0.601463 0.901447 -0.075263
25 0.632280 0.896206 -0.077873
26 0.663353 0.893793 -0.086763
27 0.691672 0.894051 -0.100391
28 0.717900 0.897251 -0.119885
29 0.740477 0.902305 -0.141328
Frame 105
0 0.757470 0.910352 -0.161627
1 0.775455 0.923692 -0.187442
2 0.784148 0.938024 -0.215242
3 0.783789 0.952253 -0.244143
4 0.774110 0.964047 -0.272476
5 0.755419 0.973025 -0.296955
6 0.727973 0.978888 -0.316808
7 0.698763 0.984445 -0.323898
8 0.668619 0.989501 -0.323006
9 0.637942 0.992881 -0.317660
10 0.608495 0.995354 -0.309766
11 0.579342 0.997416 -0.300563
12 0.551682 0.998425 -0.290130
13 0.524036 0.999462 -0.279275
14 0.496684 1.000042 -0.264372
15 0.473054 0.996841 -0.242127
16 0.459277 0.995302 -0.214494
17 0.452451 0.990352 -0.184158
18 0.455065 0.980780 -0.152982
19 0.468703 0.964067 -0.123903
20 0.489004 0.947497 -0.104677
21 0.513606 0.931231 -0.091478
22 0.540151 0.916871 -0.084252
23 0.568718 0.908131 -0.078386
24 0.598162 0.900981 -0.075431
25 0.629007 0.895832 -0.077805
26 0.660151 0.893517 -0.086460
27 0.688573 0.893872 -0.099869
28 0.714942 0.897171 -0.119155
29 0.737672 0.902317 -0.140419
Frame 106
0 0.754949 0.910423 -0.160677
1 0.773068 0.923853 -0.186360
2 0.781906 0.938241 -0.214083
3 0.781701 0.952507 -0.242966
4 0.772180 0.964309 -0.271349
5 0.753628 0.973262 -0.295942
6 0.726296 0.979071 -0.315975
7 0.697122 0.984558 -0.323254
8 0.666950 0.989526 -0.322557
9 0.636230 0.992816 -0.317412
10 0.606721 0.995199 -0.309710
11 0.577507 0.997173 -0.300695
12 0.549780 0.998094 -0.290447
13 0.522066 0.999040 -0.279777
14 0.494621 0.999524 -0.265057
15 0.470874 0.996223 -0.242977
16 0.456950 0.994630 -0.215452
17 0.449953 0.989617 -0.185175
18 0.452396 0.980019 -0.154016
19 0.465876 0.963297 -0.124874
20 0.486085 0.946773 -0.105542
21 0.510623 0.930549 -0.092185
22 0.537138 0.916248 -0.084786
23 0.565675 0.907574 -0.078721
24 0.595101 0.900502 -0.075570
25 0.625971 0.895444 -0.077739
26 0.657175 0.893228 -0.086190
27 0.685685 0.893677 -0.099407
28 0.712174 0.897074 -0.118512
29 0.735032 0.902311 -0.139616
Frame 107
0 0.752518 0.910478 -0.159827
1 0.770750 0.923992 -0.185393
2 0.779711 0.938436 -0.213045
3 0.779638 0.952738 -0.241910
4 0.770254 0.964546 -0.270337
5 0.751821 0.973472 -0.295030
6 0.724591 0.979225 -0.315220
7 0.695447 0.984641 -0.322667
8 0.665251 0.989523 -0.322143
9 0.634492 0.992720 -0.317176
10 0.604930 0.995015 -0.309643
11 0.575660 0.996904 -0.300794
12 0.547879 0.997738 -0.290708
13 0.520106 0.998594 -0.280203
14 0.492579 0.998984 -0.265645
15 0.468732 0.995583 -0.243712
16 0.454681 0.993935 -0.216282
17 0.447539 0.988861 -0.186059
18 0.449833 0.979240 -0.154920
19 0.463180 0.962512 -0.125724
20 0.483311 0.946034 -0.106303
21 0.507794 0.929853 -0.092808
22 0.534284 0.915611 -0.085255
23 0.562795 0.907006 -0.079013
24 0.592205 0.900010 -0.075689
25 0.623096 0.895045 -0.077677
26 0.654354 0.892925 -0.085948
27 0.682939 0.893469 -0.098995
28 0.709531 0.896964 -0.117938
29 0.732501 0.902290 -0.138899
Frame 108
0 0.750101 0.910515 -0.159026
1 0.768434 0.924113 -0.184483
2 0.777505 0.938608 -0.212069
3 0.777553 0.952945 -0.240916
4 0.768292 0.964757 -0.269382
5 0.749967 0.973654 -0.294169
6 0.722832 0.979350 -0.314505
7 0.693714 0.984693 -0.322105
8 0.663496 0.989490 -0.321741
9 0.632705 0.992596 -0.316938
10 0.603092 0.994804 -0.309562
11 0.573772 0.996609 -0.300866
12 0.545941 0.997355 -0.290931
13 0.518117 0.998124 -0.280577
14 0.490514 0.998420 -0.266169
15 0.466578 0.994920 -0.244374
16 0.452412 0.993219 -0.217034
17 0.445137 0.988086 -0.186862
18 0.447297 0.978444 -0.155742
19 0.460524 0.961712 -0.126497
20 0.480586 0.945282 -0.106997
21 0.505020 0.929147 -0.093373
22 0.531487 0.914965 -0.085678
23 0.559975 0.906426 -0.079273
24 0.589368 0.899509 -0.075788
25 0.620279 0.894633 -0.077609
26 0.651586 0.892611 -0.085711
27 0.680238 0.893248 -0.098600
28 0.706924 0.896838 -0.117393
29 0.729995 0.902254 -0.138222
Frame 109
0 0.747622 0.910533 -0.158223
1 0.766051 0.924213 -0.183573
2 0.775229 0.938759 -0.211096
3 0.775393 0.953127 -0.239924
4 0.766252 0.964941 -0.268429
5 0.748035 0.973808 -0.293307
6 0.720992 0.979446 -0.313784
7 0.691903 0.984718 -0.321535
8 0.661662 0.989429 -0.321329
9 0.630841 0.992444 -0.316686
10 0.601179 0.994566 -0.309465
11 0.571811 0.996289 -0.300918
12 0.543934 0.996949 -0.291132
13 0.516058 0.997630 -0.280925
14 0.488382 0.997836 -0.266664
15 0.464358 0.994237 -0.245004
16 0.450081 0.992483 -0.217753
17 0.442677 0.987294 -0.187631
18 0.444706 0.977631 -0.156530
19 0.457817 0.960897 -0.127238
20 0.477812 0.944519 -0.107661
21 0.502199 0.928429 -0.093911
22 0.528644 0.914309 -0.086076
23 0.557107 0.905838 -0.079510
24 0.586485 0.898998 -0.075868
25 0.617414 0.894211 -0.077524
26 0.648768 0.892285 -0.085461
27 0.677485 0.893013 -0.098197
28 0.704262 0.896697 -0.116841
29 0.727430 0.902199 -0.137539
Frame 110
0 0.745002 0.910532 -0.157365
1 0.763532 0.924289 -0.182606
2 0.772822 0.938885 -0.210063
3 0.773108 0.953283 -0.238875
4 0.764095 0.965096 -0.267420
5 0.745989 0.973933 -0.292392
6 0.719044 0.979513 -0.313017
7 0.689985 0.984712 -0.320925
8 0.659725 0.989339 -0.320884
9 0.628873 0.992264 -0.316408
10 0.599163 0.994301 -0.309348
11 0.569747 0.995942 -0.300957
12 0.541823 0.996518 -0.291325
13 0.513893 0.997115 -0.281271
14 0.486142 0.997231 -0.267163
15 0.462026 0.993535 -0.245644
16 0.447631 0.991730 -0.218485
17 0.440089 0.986486 -0.188417
18 0.441981 0.976806 -0.157333
19 0.454972 0.960072 -0.127989
20 0.474895 0.943744 -0.108333
21 0.499231 0.927702 -0.094451
22 0.525650 0.913643 -0.086470
23 0.554088 0.905240 -0.079737
24 0.583449 0.898476 -0.075930
25 0.614396 0.893777 -0.077415
26 0.645799 0.891947 -0.085178
27 0.674581 0.892765 -0.097753
28 0.701452 0.896541 -0.116243
29 0.724721 0.902127 -0.136806
Frame 111
0 0.742162 0.910512 -0.156403
1 0.760806 0.924344 -0.181526
2 0.770222 0.938986 -0.208912
3 0.770644 0.953412 -0.237706
4 0.761774 0.965225 -0.266295
5 0.743796 0.974029 -0.291372
6 0.716962 0.979550 -0.312159
7 0.687938 0.984679 -0.320240
8 0.657660 0.989220 -0.320380
9 0.626776 0.992059 -0.316089
10 0.597015 0.994011 -0.309205
11 0.567548 0.995573 -0.300987
12 0.539571 0.996066 -0.291526
13 0.511583 0.996578 -0.281639
14 0.483752 0.996607 -0.267701
15 0.459533 0.992814 -0.246337
16 0.445004 0.990959 -0.219277
17 0.437309 0.985664 -0.189267
18 0.439047 0.975968 -0.158200
19 0.451900 0.959237 -0.128797
20 0.471740 0.942959 -0.109051
21 0.496016 0.926966 -0.095024
22 0.522406 0.912969 -0.086881
23 0.550812 0.904633 -0.079966
24 0.580154 0.897945 -0.075976
25 0.611119 0.893332 -0.077273
26 0.642573 0.891595 -0.084846
27 0.671429 0.892502 -0.097244
28 0.698401 0.896368 -0.115564
29 0.721783 0.902037 -0.135980
Frame 112
0 0.739022 0.910468 -0.155286
1 0.757800 0.924374 -0.180274
2 0.767365 0.939061 -0.207582
3 0.767950 0.953513 -0.236358
4 0.759247 0.965324 -0.264999
5 0.741417 0.974096 -0.290195
6 0.714714 0.979558 -0.311167
7 0.685735 0.984616 -0.319446
8 0.655440 0.989076 -0.319793
9 0.624523 0.991828 -0.315715
10 0.594708 0.993696 -0.309034
11 0.565183 0.995180 -0.301016
12 0.537147 0.995592 -0.291748
13 0.509092 0.996023 -0.282053
14 0.481169 0.995966 -0.268309
15 0.456830 0.992079 -0.247123
16 0.442144 0.990175 -0.220175
17 0.434268 0.984831 -0.190233
18 0.435824 0.975121 -0.159179
19 0.448515 0.958392 -0.129708
20 0.468255 0.942166 -0.109855
21 0.492458 0.926222 -0.095660
22 0.518809 0.912288 -0.087333
23 0.547178 0.904019 -0.080210
24 0.576496 0.897404 -0.076012
25 0.607479 0.892876 -0.077092
26 0.638989 0.891231 -0.084445
27 0.667926 0.892223 -0.096641
28 0.695016 0.896177 -0.114768
29 0.718527 0.901927 -0.135015
Frame 113
0 0.735498 0.910401 -0.153963
1 0.754442 0.924379 -0.178795
2 0.764186 0.939108 -0.206012
3 0.764966 0.953585 -0.234768
4 0.756465 0.965393 -0.263471
5 0.738818 0.974133 -0.288805
6 0.712271 0.979538 -0.309993
7 0.683350 0.984527 -0.318507
8 0.653042 0.988905 -0.319097
9 0.622085 0.991574 -0.315269
10 0.592211 0.993359 -0.308827
11 0.562622 0.994766 -0.301044
12 0.534514 0.995098 -0.292005
13 0.506385 0.995451 -0.282536
14 0.478356 0.995306 -0.269020
15 0.453873 0.991328 -0.248044
16 0.438998 0.989378 -0.221227
17 0.430904 0.983988 -0.191362
18 0.432240 0.974265 -0.160321
19 0.444732 0.957540 -0.130767
20 0.464347 0.941364 -0.110784
21 0.488459 0.925470 -0.096394
22 0.514759 0.911598 -0.087849
23 0.543080 0.903395 -0.080484
24 0.572369 0.896852 -0.076041
25 0.603368 0.892407 -0.076866
26 0.634943 0.890851 -0.083961
27 0.663974 0.891929 -0.095918
28 0.691202 0.895968 -0.113819
29 0.714866 0.901795 -0.133871
Frame 114
0 0.731547 0.910318 -0.152407
1 0.750687 0.924364 -0.177058
2 0.760647 0.939133 -0.204172
3 0.761660 0.953630 -0.232905
4 0.753401 0.965433 -0.261680
5 0.735973 0.974137 -0.287177
6 0.709617 0.979482 -0.308619
7 0.680769 0.984400 -0.317407
8 0.650454 0.988697 -0.318282
9 0.619456 0.991286 -0.314753
10 0.589518 0.992987 -0.308591
11 0.559856 0.994320 -0.301086
12 0.531664 0.994578 -0.292316
13 0.503447 0.994853 -0.283111
14 0.475296 0.994625 -0.269864
15 0.450643 0.990557 -0.249135
16 0.435543 0.988568 -0.222470
17 0.427186 0.983139 -0.192699
18 0.428258 0.973410 -0.161667
19 0.440511 0.956689 -0.132009
20 0.459972 0.940564 -0.111870
21 0.483970 0.924722 -0.097249
22 0.510206 0.910913 -0.088450
23 0.538467 0.902778 -0.080800
24 0.567719 0.896305 -0.076070
25 0.598733 0.891941 -0.076595
26 0.630378 0.890473 -0.083386
27 0.659519 0.891631 -0.095061
28 0.686910 0.895751 -0.112698
29 0.710751 0.901651 -0.132521
Frame 115
0 0.727285 0.910226 -0.150687
1 0.746643 0.924338 -0.175139
2 0.756843 0.939145 -0.202141
3 0.758115 0.953655 -0.230850
4 0.750129 0.965446 -0.259705
5 0.732947 0.974111 -0.285380
6 0.706812 0.979394 -0.307100
7 0.678051 0.984240 -0.316192
8 0.647738 0.988457 -0.317387
9 0.616700 0.990968 -0.314189
10 0.586693 0.992586 -0.308338
11 0.556955 0.993848 -0.301143
12 0.528670 0.994034 -0.292673
13 0.500356 0.994237 -0.283759
14 0.472072 0.993926 -0.270813
15 0.447234 0.989773 -0.250360
16 0.431880 0.987754 -0.223862
17 0.423227 0.982295 -0.194196
18 0.424004 0.972564 -0.163170
19 0.435986 0.955851 -0.133397
20 0.455273 0.939780 -0.113083
21 0.479141 0.923992 -0.098204
22 0.505300 0.910246 -0.089120
23 0.533492 0.902177 -0.081156
24 0.562698 0.895774 -0.076107
25 0.593724 0.891489 -0.076299
26 0.625443 0.890105 -0.082751
27 0.654704 0.891340 -0.094114
28 0.682272 0.895536 -0.111456
29 0.706309 0.901505 -0.131027
Frame 116
0 0.722873 0.910126 -0.148898
1 0.742460 0.924301 -0.173140
2 0.752910 0.939142 -0.200024
3 0.754455 0.953666 -0.228708
4 0.746756 0.965444 -0.257643
5 0.729838 0.974068 -0.283501
6 0.703938 0.979290 -0.305510
7 0.675275 0.984064 -0.314920
8 0.644972 0.988203 -0.316448
9 0.613896 0.990641 -0.313599
10 0.583823 0.992177 -0.308075
11 0.554008 0.993370 -0.301206
12 0.525629 0.993490 -0.293051
13 0.497212 0.993622 -0.284443
14 0.468791 0.993231 -0.271811
15 0.443765 0.988997 -0.251652
16 0.428146 0.986952 -0.225329
17 0.419179 0.981467 -0.195776
18 0.419643 0.971738 -0.164753
19 0.431341 0.955033 -0.134861
20 0.450442 0.939012 -0.114364
21 0.474169 0.923279 -0.099218
22 0.500243 0.909596 -0.089837
23 0.528357 0.901591 -0.081545
24 0.557513 0.895256 -0.076161
25 0.588546 0.891045 -0.076005
26 0.620339 0.889742 -0.082100
27 0.649721 0.891051 -0.093134
28 0.677473 0.895318 -0.110168
29 0.701712 0.901352 -0.129474
Frame 117
0 0.718478 0.910015 -0.147135
1 0.738290 0.924252 -0.171166
2 0.748988 0.939128 -0.197929
3 0.750805 0.953665 -0.226584
4 0.743395 0.965432 -0.255594
5 0.726743 0.974018 -0.281632
6 0.701083 0.979183 -0.303925
7 0.672521 0.983889 -0.313650
8 0.642235 0.987953 -0.315510
9 0.611130 0.990324 -0.313008
10 0.580992 0.991781 -0.307810
11 0.551105 0.992909 -0.301267
12 0.522634 0.992964 -0.293426
13 0.494118 0.993030 -0.285122
14 0.465563 0.992563 -0.272805
15 0.440351 0.988250 -0.252942
16 0.424469 0.986179 -0.226797
17 0.415187 0.980671 -0.197359
18 0.415338 0.970940 -0.166341
19 0.426752 0.954242 -0.136334
20 0.445665 0.938268 -0.115659
21 0.469248 0.922585 -0.100247
22 0.495235 0.908962 -0.090573
23 0.523265 0.901018 -0.081956
24 0.552367 0.894745 -0.076240
25 0.583404 0.890606 -0.075736
26 0.615266 0.889380 -0.081476
27 0.644766 0.890758 -0.092181
28 0.672698 0.895094 -0.108906
29 0.697135 0.901193 -0.127947
Frame 118
0 0.714268 0.909893 -0.145490
1 0.734291 0.924192 -0.169316
2 0.745223 0.939104 -0.195961
3 0.747297 0.953657 -0.224584
4 0.740161 0.965417 -0.253660
5 0.723765 0.973972 -0.279863
6 0.698336 0.979089 -0.302420
7 0.669874 0.983733 -0.312440
8 0.639610 0.987729 -0.314614
9 0.608480 0.990038 -0.312441
10 0.578286 0.991419 -0.307552
11 0.548333 0.992485 -0.301321
12 0.519778 0.992479 -0.293778
13 0.491169 0.992481 -0.285762
14 0.462490 0.991941 -0.273745
15 0.437105 0.987552 -0.254165
16 0.420974 0.985451 -0.228190
17 0.411393 0.979918 -0.198866
18 0.411249 0.970183 -0.167856
19 0.422393 0.953485 -0.137745
20 0.441125 0.937551 -0.116907
21 0.464570 0.921914 -0.101249
22 0.490471 0.908343 -0.091300
23 0.518419 0.900455 -0.082378
24 0.547465 0.894239 -0.076347
25 0.578501 0.890164 -0.075513
26 0.610427 0.889011 -0.080915
27 0.640034 0.890456 -0.091309
28 0.668132 0.894859 -0.107740
29 0.692754 0.901019 -0.126527
Frame 119
0 0.710416 0.909757 -0.144056
1 0.730623 0.924119 -0.167693
2 0.741762 0.939069 -0.194225
3 0.744066 0.953647 -0.222814
4 0.737176 0.965408 -0.251943
5 0.721009 0.973943 -0.278288
6 0.695789 0.979022 -0.301075
7 0.667419 0.983613 -0.311356
8 0.637179 0.987547 -0.313808
9 0.606033 0.989801 -0.311927
10 0.575789 0.991113 -0.307316
11 0.545780 0.992119 -0.301363
12 0.517153 0.992056 -0.294087
13 0.488464 0.991997 -0.286327
14 0.459673 0.991388 -0.274581
15 0.434136 0.986925 -0.255257
16 0.417784 0.984785 -0.229439
17 0.407936 0.979222 -0.200219
18 0.407528 0.969474 -0.169220
19 0.418433 0.952770 -0.139022
20 0.437003 0.936866 -0.118049
21 0.460322 0.921267 -0.102176
22 0.486146 0.907742 -0.091986
23 0.514017 0.899901 -0.082794
24 0.543010 0.893734 -0.076484
25 0.574044 0.889717 -0.075355
26 0.606023 0.888632 -0.080455
27 0.635723 0.890140 -0.090570
28 0.663968 0.894611 -0.106738
29 0.688752 0.900833 -0.125296
Frame 120
0 0.707046 0.909619 -0.142896
1 0.727404 0.924039 -0.166370
2 0.738713 0.939030 -0.192803
3 0.741208 0.953633 -0.221359
4 0.734522 0.965403 -0.250528
5 0.718547 0.973925 -0.276986
6 0.693505 0.978974 -0.299963
7 0.665211 0.983521 -0.310459
8 0.634993 0.987403 -0.313142
9 0.603838 0.989607 -0.311502
10 0.573552 0.990856 -0.307125
11 0.543499 0.991807 -0.301404
12 0.514814 0.991691 -0.294353
13 0.486059 0.991574 -0.286808
14 0.457175 0.990901 -0.275288
15 0.431513 0.986368 -0.256183
16 0.414978 0.984183 -0.230499
17 0.404908 0.978589 -0.201369
18 0.404281 0.968822 -0.170383
19 0.414989 0.952108 -0.140121
20 0.433424 0.936229 -0.119041
21 0.456639 0.920659 -0.102992
22 0.482397 0.907174 -0.092604
23 0.510203 0.899372 -0.083189
24 0.539149 0.893249 -0.076645
25 0.570179 0.889284 -0.075269
26 0.602203 0.888260 -0.080116
27 0.631977 0.889827 -0.089997
28 0.660342 0.894361 -0.105944
29 0.685259 0.900646 -0.124310
Frame 121
0 0.704085 0.909484 -0.141975
1 0.724562 0.923957 -0.165311
2 0.736010 0.938987 -0.191660
3 0.738660 0.953615 -0.220186
4 0.732142 0.965392 -0.249386
5 0.716323 0.973902 -0.275937
6 0.691427 0.978928 -0.299067
7 0.663197 0.983435 -0.309739
8 0.632998 0.987270 -0.312611
9 0.601836 0.989428 -0.311170
10 0.571517 0.990620 -0.306985
11 0.541428 0.991523 -0.301457
12 0.512698 0.991357 -0.294590
13 0.483891 0.991187 -0.287221
14 0.454930 0.990458 -0.275888
15 0.429167 0.985858 -0.256965
16 0.412484 0.983629 -0.231394
17 0.402232 0.978005 -0.202340
18 0.401426 0.968220 -0.171366
19 0.411975 0.951496 -0.141054
20 0.430301 0.935640 -0.119893
21 0.453432 0.920097 -0.103703
22 0.479135 0.906647 -0.093153
23 0.506887 0.898882 -0.083552
24 0.535793 0.892796 -0.076817
25 0.566820 0.888878 -0.075237
26 0.598880 0.887911 -0.079875
27 0.628712 0.889531 -0.089562
28 0.657173 0.894125 -0.105325
29 0.682197 0.900465 -0.123530
Frame 122
0 0.701402 0.909349 -0.141231
1 0.721978 0.923868 -0.164451
2 0.733539 0.938931 -0.190729
3 0.736315 0.953584 -0.219227
4 0.729935 0.965369 -0.248452
5 0.714247 0.973870 -0.275078
6 0.689473 0.978875 -0.298335
7 0.661295 0.983347 -0.309153
8 0.631112 0.987139 -0.312182
9 0.599947 0.989256 -0.310905
10 0.569601 0.990396 -0.306879
11 0.539482 0.991255 -0.301510
12 0.510717 0.991044 -0.294797
13 0.481867 0.990827 -0.287574
14 0.452840 0.990046 -0.276395
15 0.426996 0.985386 -0.257626
16 0.410191 0.983113 -0.232153
17 0.399788 0.977458 -0.203159
18 0.398836 0.967657 -0.172199
19 0.409256 0.950924 -0.141847
20 0.427493 0.935088 -0.120626
21 0.450554 0.919569 -0.104319
22 0.476214 0.906151 -0.093636
23 0.503920 0.898418 -0.083883
24 0.532791 0.892366 -0.076989
25 0.563815 0.888491 -0.075237
26 0.595904 0.887576 -0.079700
27 0.625784 0.889245 -0.089228
28 0.654324 0.893893 -0.104837
29 0.679435 0.900285 -0.122906
Frame 123
0 0.698871 0.909202 -0.140607
1 0.719527 0.923764 -0.163726
2 0.731183 0.938858 -0.189942
3 0.734068 0.953534 -0.218416
4 0.727805 0.965327 -0.247659
5 0.712227 0.973822 -0.274350
6 0.687556 0.978807 -0.297713
7 0.659424 0.983248 -0.308655
8 0.629254 0.987000 -0.311817
9 0.598090 0.989082 -0.310678
10 0.567720 0.990175 -0.306790
11 0.537576 0.990994 -0.301555
12 0.508781 0.990741 -0.294973
13 0.479895 0.990480 -0.287873
14 0.450813 0.989652 -0.276826
15 0.424901 0.984937 -0.258189
16 0.407993 0.982620 -0.232800
17 0.397461 0.976936 -0.203859
18 0.396386 0.967119 -0.172910
19 0.406699 0.950377 -0.142529
20 0.424859 0.934561 -0.121259
21 0.447863 0.919064 -0.104854
22 0.473485 0.905674 -0.094059
23 0.501153 0.897972 -0.084176
24 0.529996 0.891949 -0.077148
25 0.561016 0.888112 -0.075252
26 0.593131 0.887244 -0.079565
27 0.623049 0.888959 -0.088956
28 0.651653 0.893656 -0.104433
29 0.676836 0.900096 -0.122384
Frame 124
0 0.696361 0.909036 -0.140044
1 0.717087 0.923638 -0.163074
2 0.728827 0.938760 -0.189232
3 0.731807 0.953460 -0.217683
4 0.725649 0.965260 -0.246943
5 0.710168 0.973749 -0.273690
6 0.685592 0.978718 -0.297148
7 0.657500 0.983130 -0.308198
8 0.627344 0.986848 -0.311480
9 0.596181 0.988895 -0.310462
10 0.565790 0.989946 -0.306696
11 0.535624 0.990729 -0.301582
12 0.506806 0.990438 -0.295116
13 0.477886 0.990137 -0.288126
14 0.448754 0.989267 -0.277193
15 0.422782 0.984501 -0.258675
16 0.405783 0.982140 -0.233364
17 0.395137 0.976427 -0.204468
18 0.393953 0.966594 -0.173531
19 0.404171 0.949846 -0.143123
20 0.422263 0.934047 -0.121815
21 0.445216 0.918569 -0.105323
22 0.470804 0.905205 -0.094428
23 0.498438 0.897529 -0.084432
24 0.527254 0.891534 -0.077286
25 0.558274 0.887732 -0.075260
26 0.590409 0.886909 -0.079441
27 0.620359 0.888664 -0.088710
28 0.649019 0.893408 -0.104067
29 0.674266 0.899892 -0.121913
Frame 125
0 0.693739 0.908845 -0.139485
1 0.714534 0.923482 -0.162428
2 0.726353 0.938634 -0.188531
3 0.729424 0.953354 -0.216959
4 0.723367 0.965162 -0.246235
5 0.707980 0.973645 -0.273036
6 0.683494 0.978599 -0.296582
7 0.655442 0.982986 -0.307737
8 0.625299 0.986671 -0.311131
9 0.594139 0.988688 -0.310229
10 0.563729 0.989701 -0.306578
11 0.533542 0.990451 -0.301579
12 0.504702 0.990123 -0.295225
13 0.475751 0.989785 -0.288336
14 0.446570 0.988876 -0.277515
15 0.420543 0.984065 -0.259107
16 0.403457 0.981661 -0.233871
17 0.392701 0.975920 -0.205016
18 0.391413 0.966069 -0.174089
19 0.401540 0.949315 -0.143658
20 0.419567 0.933532 -0.122314
21 0.442470 0.918075 -0.105740
22 0.468027 0.904732 -0.094753
23 0.495628 0.897080 -0.084649
24 0.524418 0.891109 -0.077391
25 0.555435 0.887340 -0.075246
26 0.587592 0.886557 -0.079299
27 0.617572 0.888350 -0.088452
28 0.646284 0.893137 -0.103697
29 0.671590 0.899664 -0.121442
Frame 126
0 0.690876 0.908620 -0.138871
1 0.711739 0.923292 -0.161726
2 0.723642 0.938469 -0.187774
3 0.726808 0.953211 -0.216179
4 0.720855 0.965025 -0.245469
5 0.705567 0.973503 -0.272326
6 0.681175 0.978443 -0.295963
7 0.653164 0.982807 -0.307224
8 0.623038 0.986463 -0.310733
9 0.591881 0.988453 -0.309949
10 0.561453 0.989429 -0.306417
11 0.531245 0.990149 -0.301536
12 0.502385 0.989788 -0.295294
13 0.473399 0.989416 -0.288510
14 0.444170 0.988471 -0.277802
15 0.418085 0.983619 -0.259508
16 0.400909 0.981170 -0.234347
17 0.390042 0.975400 -0.205533
18 0.388645 0.965535 -0.174617
19 0.398677 0.948775 -0.144160
20 0.416634 0.933007 -0.122779
21 0.439485 0.917565 -0.106122
22 0.465008 0.904244 -0.095039
23 0.492575 0.896614 -0.084828
24 0.521338 0.890666 -0.077458
25 0.552353 0.886926 -0.075190
26 0.584530 0.886181 -0.079114
27 0.614538 0.888008 -0.088149
28 0.643304 0.892836 -0.103276
29 0.668670 0.899403 -0.120918
Frame 127
0 0.687638 0.908351 -0.138145
1 0.708579 0.923058 -0.160905
2 0.720575 0.938262 -0.186892
3 0.723847 0.953023 -0.215271
4 0.718011 0.964843 -0.244580
5 0.702833 0.973316 -0.271497
6 0.678546 0.978244 -0.295232
7 0.650583 0.982586 -0.306612
8 0.620478 0.986214 -0.310248
9 0.589326 0.988179 -0.309593
10 0.558879 0.989122 -0.306191
11 0.528647 0.989815 -0.301439
12 0.499765 0.989420 -0.295322
13 0.470742 0.989016 -0.288654
14 0.441459 0.988037 -0.278068
15 0.415311 0.983150 -0.259897
16 0.398035 0.980657 -0.234819
17 0.387046 0.974857 -0.206048
18 0.385528 0.964976 -0.175144
19 0.395452 0.948212 -0.144657
20 0.413328 0.932458 -0.123232
21 0.436119 0.917031 -0.106483
22 0.461602 0.903728 -0.095296
23 0.489131 0.896119 -0.084969
24 0.517865 0.890190 -0.077477
25 0.548877 0.886479 -0.075077
26 0.581073 0.885770 -0.078859
27 0.611114 0.887629 -0.087763
28 0.639937 0.892497 -0.102763
29 0.665370 0.899102 -0.120291
Frame 128
0 0.683892 0.908034 -0.137250
1 0.704926 0.922775 -0.159901
2 0.717030 0.938003 -0.185819
3 0.720428 0.952785 -0.214169
4 0.714730 0.964610 -0.243498
5 0.699682 0.973078 -0.270485
6 0.675520 0.977994 -0.294335
7 0.647615 0.982315 -0.305852
8 0.617536 0.985917 -0.309634
9 0.586391 0.987859 -0.309131
10 0.555922 0.988770 -0.305880
11 0.525666 0.989437 -0.301277
12 0.496757 0.989012 -0.295306
13 0.467692 0.988576 -0.288770
14 0.438349 0.987563 -0.278330
15 0.412125 0.982647 -0.260296
16 0.394732 0.980110 -0.235314
17 0.383603 0.974278 -0.206591
18 0.381941 0.964382 -0.175701
19 0.391734 0.947614 -0.145178
20 0.409515 0.931872 -0.123696
21 0.432232 0.916460 -0.106841
22 0.457668 0.903175 -0.095533
23 0.485151 0.895584 -0.085073
24 0.513850 0.889675 -0.077441
25 0.544856 0.885989 -0.074891
26 0.577075 0.885315 -0.078507
27 0.607152 0.887204 -0.087261
28 0.636043 0.892109 -0.102114
29 0.661552 0.898752 -0.119512
Frame 129
0 0.679556 0.907669 -0.136140
1 0.700702 0.922443 -0.158662
2 0.712937 0.937694 -0.184501
3 0.716483 0.952494 -0.212820
4 0.710950 0.964321 -0.242173
5 0.696059 0.972781 -0.269243
6 0.672045 0.977682 -0.293228
7 0.644213 0.981983 -0.304909
8 0.614166 0.985559 -0.308865
9 0.583028 0.987479 -0.308541
10 0.552539 0.988358 -0.305469
11 0.522253 0.988999 -0.301046
12 0.493314 0.988544 -0.295245
13 0.464197 0.988080 -0.288867
14 0.434785 0.987034 -0.278598
15 0.408472 0.982095 -0.260726
16 0.390937 0.979514 -0.235854
17 0.379640 0.973652 -0.207191
18 0.377808 0.963742 -0.176313
19 0.387443 0.946975 -0.145743
20 0.405106 0.931247 -0.124187
21 0.427736 0.915851 -0.107205
22 0.453113 0.902582 -0.095752
23 0.480540 0.895011 -0.085137
24 0.509199 0.889122 -0.077339
25 0.540196 0.885460 -0.074613
26 0.572439 0.884819 -0.078035
27 0.602561 0.886737 -0.086611
28 0.631530 0.891677 -0.101290
29 0.657131 0.898357 -0.118535
Frame 130
0 0.674765 0.907280 -0.134862
1 0.696033 0.922088 -0.157245
2 0.708410 0.937361 -0.182997
3 0.712121 0.952176 -0.211283
4 0.706770 0.964001 -0.240666
5 0.692052 0.972448 -0.267828
6 0.668204 0.977330 -0.291961
7 0.640454 0.981606 -0.303824
8 0.610446 0.985152 -0.307974
9 0.579316 0.987049 -0.307849
10 0.548807 0.987892 -0.304975
11 0.518488 0.988506 -0.300751
12 0.489517 0.988019 -0.295142
13 0.460344 0.987526 -0.288937
14 0.430855 0.986445 -0.278860
15 0.404441 0.981485 -0.261167
16 0.386746 0.978860 -0.236413
17 0.375265 0.972970 -0.207818
18 0.373243 0.963052 -0.176953
19 0.382702 0.946294 -0.146327
20 0.400235 0.930583 -0.124682
21 0.422769 0.915207 -0.107559
22 0.448084 0.901959 -0.095946
23 0.475448 0.894410 -0.085158
24 0.504063 0.888543 -0.077175
25 0.535047 0.884910 -0.074256
26 0.567320 0.884305 -0.077462
27 0.597487 0.886249 -0.085840
28 0.626544 0.891224 -0.100327
29 0.652246 0.897941 -0.117405
Frame 131
0 0.669708 0.906895 -0.133506
1 0.691098 0.921739 -0.155745
2 0.703619 0.937035 -0.181410
3 0.707494 0.951863 -0.209663
4 0.702328 0.963686 -0.239075
5 0.687787 0.972115 -0.266331
6 0.664111 0.976972 -0.290616
7 0.636445 0.981218 -0.302663
8 0.606480 0.984726 -0.307013
9 0.575357 0.986595 -0.307094
10 0.544830 0.987397 -0.304424
11 0.514480 0.987977 -0.300408
12 0.485478 0.987454 -0.294994
13 0.456245 0.986925 -0.288967
14 0.426679 0.985802 -0.279090
15 0.400163 0.980822 -0.261581
16 0.382302 0.978150 -0.236947
17 0.370631 0.972233 -0.208425
18 0.368416 0.962306 -0.177571
19 0.377697 0.945562 -0.146887
20 0.395098 0.929873 -0.125150
21 0.417536 0.914524 -0.107879
22 0.442789 0.901302 -0.096099
23 0.470091 0.893783 -0.085137
24 0.498662 0.887944 -0.076963
25 0.529634 0.884341 -0.073847
26 0.561934 0.883778 -0.076830
27 0.592147 0.885756 -0.085005
28 0.621293 0.890769 -0.099295
29 0.647097 0.897525 -0.116201
Frame 132
0 0.664579 0.906542 -0.132161
1 0.686080 0.921425 -0.154261
2 0.698730 0.936750 -0.179840
3 0.702757 0.951594 -0.208062
4 0.697764 0.963411 -0.237500
5 0.683390 0.971819 -0.264844
6 0.659878 0.976643 -0.289272
7 0.632296 0.980851 -0.301499
8 0.602373 0.984310 -0.306038
9 0.571256 0.986142 -0.306318
10 0.540712 0.986895 -0.303843
11 0.510335 0.987430 -0.300027
12 0.481303 0.986863 -0.294803
13 0.452014 0.986290 -0.288946
14 0.422375 0.985115 -0.279260
15 0.395762 0.980109 -0.261927
16 0.377741 0.977384 -0.237410
17 0.365892 0.971434 -0.208960
18 0.363496 0.961500 -0.178119
19 0.372610 0.944774 -0.147379
20 0.389890 0.929111 -0.125552
21 0.412241 0.913797 -0.108141
22 0.437439 0.900609 -0.096204
23 0.464683 0.893127 -0.085074
24 0.493216 0.887325 -0.076716
25 0.524175 0.883763 -0.073410
26 0.556502 0.883252 -0.076180
27 0.586757 0.885270 -0.084160
28 0.615985 0.890332 -0.098260
29 0.641883 0.897135 -0.115001
Frame 133
0 0.659572 0.906244 -0.130913
1 0.681160 0.921178 -0.152888
2 0.693916 0.936537 -0.178390
3 0.698068 0.951400 -0.206582
4 0.693219 0.963212 -0.236041
5 0.678991 0.971594 -0.263461
6 0.655621 0.976379 -0.288016
7 0.628112 0.980538 -0.300398
8 0.598226 0.983938 -0.305106
9 0.567115 0.985719 -0.305562
10 0.536559 0.986407 -0.303260
11 0.506157 0.986887 -0.299623
12 0.477102 0.986263 -0.294567
13 0.447764 0.985633 -0.288861
14 0.418061 0.984393 -0.279347
15 0.391365 0.979345 -0.262173
16 0.373203 0.976560 -0.237759
17 0.361199 0.970572 -0.209374
18 0.358646 0.960626 -0.178545
19 0.367624 0.943923 -0.147757
20 0.384802 0.928292 -0.125854
21 0.407085 0.913021 -0.108320
22 0.432242 0.899877 -0.096242
23 0.459439 0.892444 -0.084966
24 0.487941 0.886690 -0.076446
25 0.518892 0.883181 -0.072973
26 0.551245 0.882735 -0.075552
27 0.581533 0.884807 -0.083358
28 0.610830 0.889930 -0.097288
29 0.636806 0.896790 -0.113882
Frame 134
0 0.654881 0.906030 -0.129849
1 0.676522 0.921027 -0.151722
2 0.689346 0.936429 -0.177161
3 0.693582 0.951316 -0.205325
4 0.688838 0.963125 -0.234798
5 0.674716 0.971479 -0.262276
6 0.651458 0.976215 -0.286928
7 0.624003 0.980312 -0.299434
8 0.594146 0.983638 -0.304274
9 0.563039 0.985350 -0.304869
10 0.532474 0.985959 -0.302706
11 0.502054 0.986363 -0.299212
12 0.472982 0.985667 -0.294290
13 0.443605 0.984964 -0.288703
14 0.413852 0.983642 -0.279326
15 0.387094 0.978536 -0.262280
16 0.368822 0.975680 -0.237947
17 0.356702 0.969644 -0.209617
18 0.354034 0.959682 -0.178800
19 0.362917 0.943000 -0.147977
20 0.380026 0.927409 -0.126020
21 0.402269 0.912191 -0.108390
22 0.427406 0.899103 -0.096203
23 0.454572 0.891733 -0.084809
24 0.483057 0.886041 -0.076163
25 0.514005 0.882602 -0.072557
26 0.546378 0.882237 -0.074985
27 0.576690 0.884382 -0.082653
28 0.606038 0.889581 -0.096446
29 0.632069 0.896515 -0.112921
Frame 135
0 0.650627 0.905859 -0.128978
1 0.672297 0.920922 -0.150774
2 0.685161 0.936369 -0.176160
3 0.689450 0.951283 -0.204303
4 0.684775 0.963089 -0.233784
5 0.670728 0.971416 -0.261303
6 0.647552 0.976102 -0.286025
7 0.620135 0.980135 -0.298627
8 0.590301 0.983383 -0.303565
9 0.559196 0.985022 -0.304265
10 0.528625 0.985549 -0.302207
11 0.498191 0.985875 -0.298823
12 0.469109 0.985104 -0.294004
13 0.439703 0.984322 -0.288506
14 0.409912 0.982914 -0.279235
15 0.383111 0.977743 -0.262287
16 0.364755 0.974816 -0.238017
17 0.352553 0.968731 -0.209729
18 0.349805 0.958751 -0.178923
19 0.358627 0.942088 -0.148077
20 0.375691 0.926537 -0.126085
21 0.397913 0.911375 -0.108382
22 0.423043 0.898346 -0.096111
23 0.450192 0.891041 -0.084630
24 0.478669 0.885414 -0.075889
25 0.509618 0.882048 -0.072182
26 0.542009 0.881770 -0.074493
27 0.572338 0.883991 -0.082056
28 0.601719 0.889272 -0.095745
29 0.627788 0.896282 -0.112129
Frame 136
0 0.646745 0.905681 -0.128236
1 0.668435 0.920801 -0.149970
2 0.681327 0.936288 -0.175314
3 0.685655 0.951223 -0.203438
4 0.681035 0.963029 -0.232925
5 0.667045 0.971333 -0.260476
6 0.643936 0.975975 -0.285255
7 0.616549 0.979951 -0.297934
8 0.586732 0.983131 -0.302951
9 0.555632 0.984705 -0.303735
10 0.525056 0.985159 -0.301762
11 0.494612 0.985416 -0.298467
12 0.465523 0.984579 -0.293733
13 0.436089 0.983727 -0.288307
14 0.406270 0.982241 -0.279121
15 0.379436 0.977015 -0.262254
16 0.361011 0.974026 -0.238035
17 0.348744 0.967894 -0.209781
18 0.345933 0.957899 -0.178987
19 0.354707 0.941255 -0.148123
20 0.371735 0.925741 -0.126104
21 0.393943 0.910626 -0.108342
22 0.419070 0.897651 -0.096003
23 0.446208 0.890403 -0.084450
24 0.474683 0.884834 -0.075633
25 0.505633 0.881533 -0.071843
26 0.538039 0.881330 -0.074060
27 0.568380 0.883620 -0.081537
28 0.597788 0.888972 -0.095141
29 0.623885 0.896048 -0.111453
Frame 137
0 0.643149 0.905505 -0.127601
1 0.664851 0.920676 -0.149284
2 0.677760 0.936198 -0.174595
3 0.682115 0.951155 -0.202704
4 0.677534 0.962959 -0.232195
5 0.663587 0.971241 -0.259771
6 0.640529 0.975844 -0.284593
7 0.613164 0.979769 -0.297332
8 0.583362 0.982886 -0.302411
9 0.552264 0.984400 -0.303260
10 0.521686 0.984787 -0.301356
11 0.491235 0.984980 -0.298133
12 0.462140 0.984082 -0.293466
13 0.432686 0.983164 -0.288096
14 0.402843 0.981607 -0.278980
15 0.375984 0.976329 -0.262178
16 0.357505 0.973284 -0.237999
17 0.345189 0.967112 -0.209773
18 0.342330 0.957102 -0.178989
19 0.351070 0.940474 -0.148112
20 0.368072 0.924994 -0.126076
21 0.390271 0.909926 -0.108265
22 0.415401 0.896999 -0.095870
23 0.442531 0.889804 -0.084260
24 0.471008 0.884287 -0.075386
25 0.501961 0.881046 -0.071528
26 0.534381 0.880912 -0.073669
27 0.564731 0.883265 -0.081079
28 0.594159 0.888683 -0.094616
29 0.620276 0.895820 -0.110870
Frame 138
0 0.639756 0.905334 -0.127050
1 0.661460 0.920556 -0.148693
2 0.674376 0.936113 -0.173977
3 0.678744 0.951087 -0.202074
4 0.674187 0.962892 -0.231566
5 0.660272 0.971153 -0.259160
6 0.637251 0.975718 -0.284013
7 0.609901 0.979594 -0.296801
8 0.580109 0.982650 -0.301927
9 0.549015 0.984105 -0.302824
10 0.518434 0.984427 -0.300973
11 0.487978 0.984558 -0.297807
12 0.458882 0.983602 -0.293193
13 0.429409 0.982619 -0.287866
14 0.399549 0.980991 -0.278805
15 0.372672 0.975667 -0.262054
16 0.354150 0.972569 -0.237905
17 0.341800 0.966355 -0.209702
18 0.338909 0.956330 -0.178929
19 0.347628 0.939720 -0.148040
20 0.364612 0.924272 -0.125995
21 0.386811 0.909248 -0.108147
22 0.411948 0.896369 -0.095709
23 0.439077 0.889226 -0.084054
24 0.467560 0.883759 -0.075136
25 0.498517 0.880577 -0.071225
26 0.530949 0.880510 -0.073308
27 0.561305 0.882925 -0.080665
28 0.590746 0.888406 -0.094148
29 0.616877 0.895602 -0.110358
Frame 139
0 0.636480 0.905178 -0.126557
1 0.658177 0.920451 -0.148170
2 0.671089 0.936042 -0.173432
3 0.675459 0.951036 -0.201519
4 0.670914 0.962841 -0.231010
5 0.657015 0.971081 -0.258618
6 0.634021 0.975607 -0.283493
7 0.606680 0.979432 -0.296316
8 0.576895 0.982427 -0.301476
9 0.545803 0.983821 -0.302409
10 0.515221 0.984077 -0.300599
11 0.484762 0.984144 -0.297476
12 0.455667 0.983128 -0.292903
13 0.426177 0.982079 -0.287607
14 0.396304 0.980379 -0.278588
15 0.369415 0.975005 -0.261877
16 0.350861 0.971853 -0.237751
17 0.338491 0.965598 -0.209567
18 0.335580 0.955558 -0.178802
19 0.344291 0.938965 -0.147908
20 0.361268 0.923550 -0.125859
21 0.383474 0.908572 -0.107982
22 0.408624 0.895742 -0.095511
23 0.435757 0.888653 -0.083823
24 0.464252 0.883237 -0.074874
25 0.495213 0.880116 -0.070921
26 0.527656 0.880118 -0.072959
27 0.558014 0.882595 -0.080277
28 0.587463 0.888142 -0.093721
29 0.613601 0.895397 -0.109897
Frame 140
0 0.633234 0.905043 -0.126101
1 0.654916 0.920371 -0.147690
2 0.667813 0.935999 -0.172935
3 0.672173 0.951014 -0.201012
4 0.667627 0.962819 -0.230503
5 0.653734 0.971037 -0.258117
6 0.630758 0.975522 -0.283006
7 0.603419 0.979293 -0.295857
8 0.573637 0.982220 -0.301040
9 0.542548 0.983547 -0.301996
10 0.511965 0.983732 -0.300218
11 0.481504 0.983730 -0.297129
12 0.452413 0.982650 -0.292585
13 0.422910 0.981528 -0.287311
14 0.393027 0.979751 -0.278325
15 0.366132 0.974323 -0.261643
16 0.347555 0.971114 -0.237535
17 0.335175 0.964815 -0.209364
18 0.332256 0.954759 -0.178609
19 0.340973 0.938183 -0.147713
20 0.357952 0.922804 -0.125666
21 0.380174 0.907875 -0.107767
22 0.405344 0.895098 -0.095272
23 0.432486 0.888068 -0.083559
24 0.460997 0.882708 -0.074591
25 0.491964 0.879652 -0.070605
26 0.524416 0.879729 -0.072610
27 0.554775 0.882273 -0.079899
28 0.584225 0.887891 -0.093313
29 0.610362 0.895209 -0.109466
Frame 141
0 0.629934 0.904936 -0.125657
1 0.651590 0.920327 -0.147226
2 0.664462 0.935997 -0.172456
3 0.668801 0.951033 -0.200526
4 0.664243 0.962838 -0.230014
5 0.650347 0.971033 -0.257632
6 0.627380 0.975471 -0.282528
7 0.600038 0.979180 -0.295400
8 0.570257 0.982032 -0.300599
9 0.539170 0.983283 -0.301569
10 0.508586 0.983388 -0.299814
11 0.478125 0.983308 -0.296750
12 0.449040 0.982156 -0.292229
13 0.419525 0.980953 -0.286970
14 0.389637 0.979091 -0.278009
15 0.362740 0.973602 -0.261348
16 0.344147 0.970328 -0.237252
17 0.331767 0.963980 -0.209095
18 0.328851 0.953906 -0.178348
19 0.337585 0.937348 -0.147451
20 0.354576 0.922009 -0.125410
21 0.376824 0.907135 -0.107497
22 0.402020 0.894418 -0.094985
23 0.429176 0.887452 -0.083255
24 0.457709 0.882156 -0.074276
25 0.488684 0.879175 -0.070266
26 0.521144 0.879335 -0.072247
27 0.551499 0.881956 -0.079515
28 0.580946 0.887653 -0.092907
29 0.607076 0.895044 -0.109042
Frame 142
0 0.626492 0.904863 -0.125203
1 0.648114 0.920328 -0.146755
2 0.660951 0.936045 -0.171972
3 0.665256 0.951109 -0.200034
4 0.660676 0.962914 -0.229517
5 0.646768 0.971080 -0.257137
6 0.623804 0.975465 -0.282035
7 0.596456 0.979101 -0.294923
8 0.566671 0.981867 -0.300132
9 0.535588 0.983030 -0.301110
10 0.505004 0.983043 -0.299373
11 0.474543 0.982872 -0.296328
12 0.445467 0.981634 -0.291824
13 0.415942 0.980339 -0.286574
14 0.386050 0.978379 -0.277633
15 0.359155 0.972818 -0.260988
16 0.340552 0.969469 -0.236902
17 0.328181 0.963066 -0.208754
18 0.325277 0.952971 -0.178018
19 0.334041 0.936433 -0.147122
20 0.351054 0.921140 -0.125091
21 0.373336 0.906328 -0.107169
22 0.398567 0.893681 -0.094645
23 0.425743 0.886790 -0.082906
24 0.454300 0.881569 -0.073920
25 0.485285 0.878675 -0.069892
26 0.517754 0.878931 -0.071854
27 0.548102 0.881642 -0.079106
28 0.577539 0.887429 -0.092483
29 0.603656 0.894904 -0.108605
Frame 143
0 0.622855 0.904817 -0.124723
1 0.644433 0.920373 -0.146258
2 0.657223 0.936149 -0.171459
3 0.661486 0.951246 -0.199511
4 0.656875 0.963056 -0.228986
5 0.642946 0.971194 -0.256604
6 0.619977 0.975520 -0.281502
7 0.592619 0.979076 -0.294400
8 0.562828 0.981742 -0.299614
9 0.531747 0.982802 -0.300595
10 0.501163 0.982708 -0.298872
11 0.470703 0.982432 -0.295842
12 0.441640 0.981095 -0.291352
13 0.412107 0.979690 -0.286107
14 0.382214 0.977618 -0.277181
15 0.355323 0.971970 -0.260549
16 0.336714 0.968530 -0.236472
17 0.324360 0.962059 -0.208333
18 0.321477 0.951934 -0.177608
19 0.330282 0.935416 -0.146719
20 0.347329 0.920171 -0.124703
21 0.369655 0.905429 -0.106778
22 0.394926 0.892860 -0.094250
23 0.422128 0.886055 -0.082505
24 0.450713 0.880921 -0.073519
25 0.481709 0.878127 -0.069480
26 0.514187 0.878495 -0.071426
27 0.544525 0.881312 -0.078668
28 0.573948 0.887206 -0.092031
29 0.600046 0.894779 -0.108144
Frame 144
0 0.619078 0.904789 -0.124237
1 0.640603 0.920448 -0.145750
2 0.653337 0.936297 -0.170935
3 0.657545 0.951439 -0.198972
4 0.652891 0.963261 -0.228435
5 0.638932 0.971376 -0.256046
6 0.615953 0.975642 -0.280936
7 0.588578 0.979112 -0.293838
8 0.558779 0.981667 -0.299052
9 0.527700 0.982612 -0.300030
10 0.497115 0.982400 -0.298316
11 0.466656 0.982005 -0.295295
12 0.437609 0.980555 -0.290813
13 0.408071 0.979029 -0.285569
14 0.378178 0.976829 -0.276655
15 0.351295 0.971077 -0.260029
16 0.332688 0.967530 -0.235959
17 0.320358 0.960978 -0.207831
18 0.317506 0.950813 -0.177120
19 0.326365 0.934306 -0.146243
20 0.343455 0.919108 -0.124249
21 0.365834 0.904441 -0.106330
22 0.391156 0.891956 -0.093806
23 0.418386 0.885245 -0.082066
24 0.447002 0.880206 -0.073087
25 0.478013 0.877524 -0.069042
26 0.510497 0.878018 -0.070980
27 0.540823 0.880955 -0.078215
28 0.570228 0.886972 -0.091568
29 0.596301 0.894658 -0.107673
Frame 145
0 0.615239 0.904776 -0.123765
1 0.636701 0.920551 -0.145260
2 0.649368 0.936482 -0.170426
3 0.653511 0.951677 -0.198445
4 0.648804 0.963519 -0.227893
5 0.634805 0.971614 -0.255492
6 0.611806 0.975822 -0.280366
7 0.584411 0.979201 -0.293266
8 0.554597 0.981639 -0.298471
9 0.523520 0.982458 -0.299436
10 0.492935 0.982117 -0.297724
11 0.462479 0.981593 -0.294705
12 0.433452 0.980020 -0.290225
13 0.403913 0.978361 -0.284977
14 0.374023 0.976025 -0.276066
15 0.347153 0.970155 -0.259442
16 0.328555 0.966487 -0.235376
17 0.316258 0.959843 -0.207256
18 0.313449 0.949629 -0.176561
19 0.322373 0.933128 -0.145702
20 0.339518 0.917977 -0.123740
21 0.361959 0.903384 -0.105837
22 0.387336 0.890988 -0.093328
23 0.414600 0.884376 -0.081599
24 0.443251 0.879439 -0.072635
25 0.474275 0.876878 -0.068593
26 0.506765 0.877509 -0.070531
27 0.537077 0.880577 -0.077766
28 0.566457 0.886730 -0.091114
29 0.592500 0.894542 -0.107216
Frame 146
0 0.611417 0.904777 -0.123336
1 0.632808 0.920676 -0.144814
2 0.645397 0.936696 -0.169960
3 0.649462 0.951951 -0.197960
4 0.644689 0.963819 -0.227388
5 0.630640 0.971898 -0.254968
6 0.607612 0.976049 -0.279819
7 0.580191 0.979335 -0.292707
8 0.550361 0.981649 -0.297894
9 0.519286 0.982335 -0.298837
10 0.488703 0.981860 -0.297119
11 0.458252 0.981200 -0.294094
12 0.429245 0.979497 -0.289605
13 0.399708 0.977699 -0.284345
14 0.369824 0.975217 -0.275430
15 0.342974 0.969219 -0.258800
16 0.324395 0.965422 -0.234734
17 0.312143 0.958677 -0.206618
18 0.309388 0.948404 -0.175942
19 0.318392 0.931906 -0.145108
20 0.335600 0.916800 -0.123185
21 0.358112 0.902282 -0.105308
22 0.383550 0.889978 -0.092823
23 0.410851 0.883468 -0.081117
24 0.439539 0.878638 -0.072178
25 0.470578 0.876203 -0.068150
26 0.503073 0.876979 -0.070096
27 0.533366 0.880187 -0.077341
28 0.562717 0.886485 -0.090691
29 0.588723 0.894431 -0.106795
Frame 147
0 0.607691 0.904789 -0.122971
1 0.629001 0.920818 -0.144438
2 0.641502 0.936933 -0.169567
3 0.645478 0.952253 -0.197546
4 0.640627 0.964152 -0.226951
5 0.626516 0.972218 -0.254505
6 0.603450 0.976314 -0.279325
7 0.575997 0.979504 -0.292189
8 0.546148 0.981693 -0.297346
9 0.515076 0.982242 -0.298255
10 0.484494 0.981629 -0.296521
11 0.454048 0.980829 -0.293478
12 0.425066 0.978990 -0.288972
13 0.395535 0.977049 -0.283690
14 0.365661 0.974417 -0.274760
15 0.338839 0.968283 -0.258115
16 0.320291 0.964352 -0.234043
17 0.308094 0.957500 -0.205928
18 0.305408 0.947165 -0.175271
19 0.314506 0.930663 -0.144469
20 0.331787 0.915601 -0.122594
21 0.354376 0.901158 -0.104754
22 0.379880 0.888947 -0.092306
23 0.407222 0.882540 -0.080632
24 0.435949 0.877818 -0.071729
25 0.467003 0.875514 -0.067726
26 0.499501 0.876439 -0.069693
27 0.529773 0.879790 -0.076957
28 0.559087 0.886240 -0.090319
29 0.585048 0.894326 -0.106432
Frame 148
0 0.604141 0.904813 -0.122697
1 0.625358 0.920973 -0.144158
2 0.637760 0.937186 -0.169273
3 0.641636 0.952573 -0.197232
4 0.636694 0.964506 -0.226609
5 0.622509 0.972562 -0.254132
6 0.599394 0.976605 -0.278909
7 0.571904 0.979701 -0.291737
8 0.542035 0.981764 -0.296853
9 0.510964 0.982177 -0.297714
10 0.480386 0.981424 -0.295951
11 0.449949 0.980481 -0.292878
12 0.420991 0.978506 -0.288342
13 0.391470 0.976420 -0.283027
14 0.361612 0.973636 -0.274070
15 0.334828 0.967364 -0.257401
16 0.316322 0.963297 -0.233315
17 0.304195 0.956335 -0.205197
18 0.301591 0.945934 -0.174558
19 0.310796 0.929424 -0.143795
20 0.328161 0.914404 -0.121978
21 0.350834 0.900033 -0.104187
22 0.376410 0.887913 -0.091787
23 0.403796 0.881608 -0.080159
24 0.432563 0.876996 -0.071302
25 0.463632 0.874822 -0.067337
26 0.496131 0.875897 -0.069339
27 0.526377 0.879395 -0.076635
28 0.555648 0.885999 -0.090020
29 0.581556 0.894226 -0.106151
Frame 149
0 0.600845 0.904849 -0.122539
1 0.621961 0.921136 -0.144002
2 0.634253 0.937446 -0.169108
3 0.638015 0.952905 -0.197047
4 0.632971 0.964872 -0.226393
5 0.618699 0.972921 -0.253876
6 0.595523 0.976913 -0.278599
7 0.567991 0.979919 -0.291378
8 0.538098 0.981857 -0.296437
9 0.507028 0.982136 -0.297237
10 0.476457 0.981244 -0.295429
11 0.446029 0.980159 -0.292313
12 0.417100 0.978050 -0.287732
13 0.387590 0.975822 -0.282372
14 0.357754 0.972887 -0.273373
15 0.331018 0.966476 -0.256669
16 0.312569 0.962277 -0.232560
17 0.300525 0.955204 -0.204431
18 0.298020 0.944735 -0.173811
19 0.307347 0.928212 -0.143094
20 0.324805 0.913233 -0.121346
21 0.347569 0.898931 -0.103614
22 0.373220 0.886898 -0.091277
23 0.400653 0.880691 -0.079706
24 0.429460 0.876188 -0.070909
25 0.460544 0.874142 -0.066997
26 0.493043 0.875365 -0.069050
27 0.523258 0.879009 -0.076393
28 0.552480 0.885765 -0.089814
29 0.578327 0.894134 -0.105974
Frame 150
0 0.597857 0.904891 -0.122510
1 0.618863 0.921304 -0.143986
2 0.631033 0.937714 -0.169088
3 0.634670 0.953240 -0.197008
4 0.629510 0.965243 -0.226320
5 0.615140 0.973287 -0.253755
6 0.591890 0.977231 -0.278414
7 0.564312 0.980148 -0.291127
8 0.534395 0.981968 -0.296114
9 0.503326 0.982116 -0.296837
10 0.472763 0.981088 -0.294970
11 0.442348 0.979864 -0.291796
12 0.413447 0.977624 -0.287157
13 0.383953 0.975256 -0.281738
14 0.354144 0.972173 -0.272684
15 0.327467 0.965624 -0.255932
16 0.309088 0.961297 -0.231794
17 0.297142 0.954115 -0.203648
18 0.294750 0.943580 -0.173048
19 0.304213 0.927041 -0.142382
20 0.321773 0.912100 -0.120714
21 0.344634 0.897863 -0.103053
22 0.370364 0.885915 -0.090790
23 0.397847 0.879805 -0.079288
24 0.426697 0.875404 -0.070564
25 0.457796 0.873483 -0.066718
26 0.490291 0.874850 -0.068839
27 0.520473 0.878637 -0.076243
28 0.549637 0.885544 -0.089715
29 0.575413 0.894052 -0.105914
Frame 151
0 0.595122 0.904939 -0.122579
1 0.616009 0.921476 -0.144073
2 0.628052 0.937982 -0.169174
3 0.631556 0.953573 -0.197078
4 0.626271 0.965612 -0.226353
5 0.611795 0.973650 -0.253735
6 0.588465 0.977549 -0.278321
7 0.560836 0.980379 -0.290960
8 0.530895 0.982082 -0.295863
9 0.499827 0.982104 -0.296498
10 0.469274 0.980942 -0.294562
11 0.438873 0.979579 -0.291320
12 0.410000 0.977211 -0.286612
13 0.380526 0.974705 -0.281127
14 0.350747 0.971476 -0.272005
15 0.324136 0.964791 -0.255203
16 0.305837 0.960339 -0.231029
17 0.293997 0.953053 -0.202862
18 0.291730 0.942453 -0.172280
19 0.301338 0.925897 -0.141672
20 0.319007 0.910993 -0.120093
21 0.341969 0.896820 -0.102511
22 0.367779 0.884957 -0.090330
23 0.395315 0.878940 -0.078904
24 0.424209 0.874641 -0.070259
25 0.455324 0.872842 -0.066487
26 0.487813 0.874349 -0.068685
27 0.517959 0.878276 -0.076161
28 0.547060 0.885332 -0.089696
29 0.572758 0.893977 -0.105945
Frame 152
0 0.592555 0.904984 -0.122700
1 0.613320 0.921642 -0.144216
2 0.625232 0.938240 -0.169318
3 0.628600 0.953896 -0.197206
4 0.623186 0.965967 -0.226445
5 0.608602 0.973998 -0.253770
6 0.585188 0.977852 -0.278278
7 0.557506 0.980593 -0.290839
8 0.527541 0.982183 -0.295653
9 0.496477 0.982080 -0.296196
10 0.465934 0.980785 -0.294186
11 0.435549 0.979286 -0.290872
12 0.406705 0.976792 -0.286092
13 0.377250 0.974150 -0.280534
14 0.347504 0.970776 -0.271343
15 0.320965 0.963956 -0.254486
16 0.302751 0.959382 -0.230276
17 0.291020 0.951997 -0.202085
18 0.288882 0.941334 -0.171523
19 0.298639 0.924763 -0.140974
20 0.316418 0.909896 -0.119487
21 0.339485 0.895789 -0.101987
22 0.365375 0.884011 -0.089891
23 0.392964 0.878085 -0.078542
24 0.421903 0.873887 -0.069978
25 0.453033 0.872208 -0.066283
26 0.485515 0.873853 -0.068564
27 0.515623 0.877919 -0.076117
28 0.544658 0.885121 -0.089720
29 0.570274 0.893901 -0.106023
Frame 153
0 0.590071 0.905018 -0.122825
1 0.610714 0.921796 -0.144363
2 0.622496 0.938485 -0.169469
3 0.625728 0.954198 -0.197341
4 0.620187 0.966298 -0.226543
5 0.605497 0.974319 -0.253814
6 0.582001 0.978125 -0.278246
7 0.554268 0.980778 -0.290729
8 0.524281 0.982255 -0.295453
9 0.493221 0.982029 -0.295906
10 0.462690 0.980600 -0.293823
11 0.432322 0.978964 -0.290438
12 0.403506 0.976346 -0.285587
13 0.374071 0.973571 -0.279960
14 0.344358 0.970054 -0.270698
15 0.317892 0.963099 -0.253791
16 0.299762 0.958408 -0.229547
17 0.288140 0.950927 -0.201331
18 0.286129 0.940209 -0.170788
19 0.296034 0.923622 -0.140297
20 0.313923 0.908797 -0.118903
21 0.337090 0.894756 -0.101481
22 0.363061 0.883065 -0.089468
23 0.390702 0.877231 -0.078195
24 0.419684 0.873133 -0.069707
25 0.450829 0.871573 -0.066087
26 0.483303 0.873355 -0.068450
27 0.513372 0.877559 -0.076078
28 0.542339 0.884905 -0.089748
29 0.567874 0.893818 -0.106106
Frame 154
0 0.587586 0.905034 -0.122910
1 0.608111 0.921929 -0.144467
2 0.619768 0.938703 -0.169575
3 0.622871 0.954471 -0.197434
4 0.617210 0.966595 -0.226601
5 0.602419 0.974600 -0.253820
6 0.578847 0.978355 -0.278181
7 0.551066 0.980916 -0.290594
8 0.521061 0.982280 -0.295236
9 0.490005 0.981930 -0.295606
10 0.459486 0.980370 -0.293456
11 0.429134 0.978598 -0.290008
12 0.400346 0.975855 -0.285091
13 0.370931 0.972947 -0.279401
14 0.341251 0.969287 -0.270076
15 0.314854 0.962201 -0.253125
16 0.296804 0.957399 -0.228851
17 0.285285 0.949827 -0.200611
18 0.283395 0.939056 -0.170087
19 0.293441 0.922461 -0.139652
20 0.311434 0.907679 -0.118344
21 0.334698 0.893708 -0.100995
22 0.360744 0.882106 -0.089055
23 0.388435 0.876366 -0.077849
24 0.417457 0.872369 -0.069432
25 0.448616 0.870929 -0.065878
26 0.481081 0.872848 -0.068314
27 0.511113 0.877188 -0.076012
28 0.540014 0.884675 -0.089744
29 0.565470 0.893718 -0.106152
Frame 155
0 0.585015 0.905025 -0.122907
1 0.605429 0.922033 -0.144479
2 0.616970 0.938888 -0.169587
3 0.619954 0.954705 -0.197432
4 0.614185 0.966845 -0.226569
5 0.599306 0.974831 -0.253744
6 0.575669 0.978527 -0.278045
7 0.547846 0.980994 -0.290399
8 0.517826 0.982243 -0.294973
9 0.486775 0.981768 -0.295272
10 0.456269 0.980075 -0.293067
11 0.425933 0.978167 -0.289568
12 0.397169 0.975301 -0.284598
13 0.367771 0.972259 -0.278855
14 0.338123 0.968457 -0.269479
15 0.311790 0.961243 -0.252495
16 0.293810 0.956332 -0.228197
17 0.282383 0.948676 -0.199937
18 0.280603 0.937859 -0.169431
19 0.290777 0.921261 -0.139044
20 0.308865 0.906528 -0.117815
21 0.332220 0.892632 -0.100525
22 0.358337 0.881121 -0.088648
23 0.386072 0.875478 -0.077497
24 0.415130 0.871584 -0.069137
25 0.446298 0.870267 -0.065635
26 0.478754 0.872323 -0.068131
27 0.508753 0.876798 -0.075885
28 0.537593 0.884425 -0.089669
29 0.562975 0.893596 -0.106118
Frame 156
0 0.582276 0.904982 -0.122771
1 0.602590 0.922099 -0.144349
2 0.614026 0.939030 -0.169453
3 0.616907 0.954888 -0.197285
4 0.611045 0.967039 -0.226397
5 0.596096 0.974996 -0.253539
6 0.572409 0.978627 -0.277796
7 0.544551 0.980995 -0.290111
8 0.514520 0.982126 -0.294633
9 0.483477 0.981524 -0.294881
10 0.452983 0.979697 -0.292640
11 0.422662 0.977654 -0.289107
12 0.393920 0.974664 -0.284101
13 0.364536 0.971489 -0.278323
14 0.334915 0.967545 -0.268912
15 0.308636 0.960206 -0.251909
16 0.290712 0.955191 -0.227598
17 0.279363 0.947456 -0.199323
18 0.277675 0.936601 -0.168834
19 0.287959 0.920008 -0.138485
20 0.306130 0.905331 -0.117319
21 0.329564 0.891514 -0.100073
22 0.355745 0.880098 -0.088240
23 0.383517 0.874557 -0.077128
24 0.412606 0.870770 -0.068806
25 0.443782 0.869577 -0.065338
26 0.476230 0.871771 -0.067874
27 0.506197 0.876381 -0.075667
28 0.534985 0.884146 -0.089486
29 0.560302 0.893442 -0.105960
Frame 157
0 0.579281 0.904898 -0.122453
1 0.599510 0.922119 -0.144029
2 0.610861 0.939119 -0.169123
3 0.613658 0.955013 -0.196943
4 0.607727 0.967164 -0.226038
5 0.592727 0.975084 -0.253160
6 0.569010 0.978642 -0.277393
7 0.541128 0.980904 -0.289694
8 0.511091 0.981913 -0.294188
9 0.480056 0.981182 -0.294411
10 0.449574 0.979220 -0.292156
11 0.419265 0.977039 -0.288613
12 0.390541 0.973925 -0.283592
13 0.361167 0.970617 -0.277800
14 0.331569 0.966529 -0.268379
15 0.305332 0.959071 -0.251376
16 0.287444 0.953956 -0.227062
17 0.276152 0.946148 -0.198779
18 0.274533 0.935261 -0.168307
19 0.284905 0.918687 -0.137984
20 0.303142 0.904070 -0.116861
21 0.326644 0.890339 -0.099638
22 0.352880 0.879026 -0.087825
23 0.380679 0.873591 -0.076727
24 0.409793 0.869915 -0.068422
25 0.440972 0.868850 -0.064964
26 0.473413 0.871186 -0.067514
27 0.503354 0.875930 -0.075324
28 0.532099 0.883830 -0.089154
29 0.557366 0.893249 -0.105636
Frame 158
0 0.575949 0.904765 -0.121910
1 0.596110 0.922082 -0.143469
2 0.607396 0.939146 -0.168547
3 0.610135 0.955067 -0.196356
4 0.604161 0.967211 -0.225444
5 0.589135 0.975083 -0.252564
6 0.565415 0.978555 -0.276797
7 0.537521 0.980705 -0.289114
8 0.507484 0.981588 -0.293610
9 0.476458 0.980723 -0.293839
10 0.445987 0.978624 -0.291600
11 0.415688 0.976306 -0.288075
12 0.386978 0.973066 -0.283068
13 0.357609 0.969623 -0.277288
14 0.328025 0.965391 -0.267884
15 0.301815 0.957819 -0.250904
16 0.283938 0.952609 -0.226603
17 0.272679 0.944734 -0.198319
18 0.271100 0.933826 -0.167863
19 0.281531 0.917280 -0.137550
20 0.299815 0.902733 -0.116444
21 0.323368 0.889096 -0.099216
22 0.349649 0.877890 -0.087398
23 0.377465 0.872568 -0.076288
24 0.406594 0.869010 -0.067973
25 0.437773 0.868078 -0.064493
26 0.470209 0.870557 -0.067026
27 0.500131 0.875435 -0.074823
28 0.528847 0.883470 -0.088638
29 0.554076 0.893009 -0.105105
Frame 159
0 0.572224 0.904631 -0.121099
1 0.592336 0.922033 -0.142634
2 0.603581 0.939145 -0.167696
3 0.606287 0.955073 -0.195502
4 0.600300 0.967183 -0.224601
5 0.585281 0.974982 -0.251745
6 0.561585 0.978342 -0.276012
7 0.533696 0.980361 -0.288384
8 0.503665 0.981100 -0.292921
9 0.472650 0.980092 -0.293195
10 0.442190 0.977848 -0.291003
11 0.411898 0.975389 -0.287529
12 0.383196 0.972019 -0.282568
13 0.353825 0.968440 -0.276831
14 0.324251 0.964062 -0.267474
15 0.298048 0.956385 -0.250540
16 0.280155 0.951095 -0.226266
17 0.268902 0.943172 -0.197988
18 0.267330 0.932266 -0.167540
19 0.277788 0.915777 -0.137210
20 0.296099 0.901324 -0.116088
21 0.319687 0.887801 -0.098819
22 0.346000 0.876720 -0.086954
23 0.373822 0.871528 -0.075798
24 0.402958 0.868102 -0.067436
25 0.434130 0.867316 -0.063902
26 0.466560 0.869946 -0.066380
27 0.496472 0.874960 -0.074131
28 0.525170 0.883122 -0.087899
29 0.550380 0.892773 -0.104324
Frame 160
0 0.568231 0.904569 -0.120097
1 0.588300 0.922042 -0.141613
2 0.599511 0.939183 -0.166667
3 0.602196 0.955095 -0.194485
4 0.596214 0.967141 -0.223614
5 0.581217 0.974829 -0.250805
6 0.557566 0.978037 -0.275130
7 0.529691 0.979896 -0.287585
8 0.499674 0.980468 -0.292190
9 0.468670 0.979298 -0.292534
10 0.438222 0.976898 -0.290410
11 0.407937 0.974287 -0.287007
12 0.379240 0.970781 -0.282108
13 0.349864 0.967056 -0.276431
14 0.320298 0.962524 -0.267140
15 0.294097 0.954750 -0.250262
16 0.276172 0.949401 -0.226020
17 0.264909 0.941452 -0.197746
18 0.263329 0.930581 -0.167295
19 0.273801 0.914187 -0.136922
20 0.292128 0.899861 -0.115755
21 0.315744 0.886482 -0.098412
22 0.342087 0.875548 -0.086469
23 0.369905 0.870513 -0.075242
24 0.399041 0.867243 -0.066813
25 0.430203 0.866621 -0.063201
26 0.462627 0.869417 -0.065602
27 0.492529 0.874571 -0.073287
28 0.521215 0.882858 -0.086988
29 0.546413 0.892614 -0.103357
Frame 161
0 0.564154 0.904607 -0.119035
1 0.584170 0.922148 -0.140544
2 0.595335 0.939309 -0.165602
3 0.597990 0.955188 -0.193443
4 0.592003 0.967147 -0.222612
5 0.577028 0.974696 -0.249855
6 0.553421 0.977722 -0.274242
7 0.525561 0.979394 -0.286785
8 0.495562 0.979779 -0.291461
9 0.464569 0.978427 -0.291877
10 0.434136 0.975854 -0.289816
11 0.403861 0.973078 -0.286481
12 0.375172 0.969421 -0.281645
13 0.345793 0.965537 -0.276025
14 0.316240 0.960841 -0.266795
15 0.290048 0.952968 -0.249968
16 0.272096 0.947568 -0.225751
17 0.260830 0.939609 -0.197474
18 0.259251 0.928792 -0.167012
19 0.269745 0.912522 -0.136584
20 0.288097 0.898345 -0.115364
21 0.311747 0.885135 -0.097939
22 0.338122 0.874373 -0.085912
23 0.365937 0.869517 -0.074609
24 0.395073 0.866427 -0.066111
25 0.426221 0.865991 -0.062425
26 0.458633 0.868968 -0.064750
27 0.488523 0.874272 -0.072370
28 0.517191 0.882690 -0.086008
29 0.542369 0.892552 -0.102324
Frame 162
0 0.560178 0.904773 -0.118043
1 0.580112 0.922388 -0.139566
2 0.591202 0.939569 -0.164641
3 0.593794 0.955406 -0.192512
4 0.587776 0.967266 -0.221720
5 0.572796 0.974658 -0.249008
6 0.549215 0.977480 -0.273441
7 0.521362 0.978941 -0.286050
8 0.491379 0.979116 -0.290774
9 0.460400 0.977561 -0.291239
10 0.429986 0.974796 -0.289221
11 0.399728 0.971835 -0.285930
12 0.371051 0.968014 -0.281133
13 0.341678 0.963952 -0.275547
14 0.312148 0.959073 -0.266356
15 0.285987 0.951089 -0.249557
16 0.268032 0.945641 -0.225349
17 0.256793 0.937676 -0.197055
18 0.255245 0.926927 -0.166576
19 0.265797 0.910792 -0.136098
20 0.284199 0.896784 -0.114835
21 0.307902 0.883763 -0.097340
22 0.334322 0.873192 -0.085244
23 0.362142 0.868536 -0.073887
24 0.391279 0.865647 -0.065341
25 0.422413 0.865420 -0.061604
26 0.454806 0.868598 -0.063879
27 0.484675 0.874071 -0.071457
28 0.513308 0.882631 -0.085054
29 0.538447 0.892610 -0.101340
Frame 163
0 0.556487 0.905093 -0.117248
1 0.576294 0.922797 -0.138813
2 0.587259 0.940006 -0.163923
3 0.589736 0.955805 -0.191829
4 0.583633 0.967560 -0.221065
5 0.568605 0.974787 -0.248374
6 0.545013 0.977387 -0.272814
7 0.517146 0.978620 -0.285448
8 0.487174 0.978563 -0.290175
9 0.456211 0.976783 -0.290642
10 0.425823 0.973805 -0.288619
11 0.395591 0.970635 -0.285329
12 0.366937 0.966628 -0.280529
13 0.337583 0.962364 -0.274935
14 0.308095 0.957283 -0.265737
15 0.281999 0.949166 -0.248926
16 0.264088 0.943663 -0.224700
17 0.252923 0.935690 -0.196370
18 0.251464 0.925008 -0.165873
19 0.262133 0.909011 -0.135361
20 0.280627 0.895185 -0.114088
21 0.304416 0.882366 -0.096559
22 0.330904 0.872003 -0.084434
23 0.358741 0.867567 -0.073063
24 0.387888 0.864899 -0.064513
25 0.419009 0.864904 -0.060769
26 0.451374 0.868308 -0.063044
27 0.481205 0.873970 -0.070627
28 0.509776 0.882694 -0.084228
29 0.534845 0.892809 -0.100521
Frame 164
0 0.553267 0.905598 -0.116779
1 0.572882 0.923415 -0.138423
2 0.583652 0.940669 -0.163585
3 0.585941 0.956437 -0.191526
4 0.579678 0.968093 -0.220771
5 0.564535 0.975150 -0.248060
6 0.540876 0.977524 -0.272450
7 0.512967 0.978511 -0.285042
8 0.482996 0.978204 -0.289702
9 0.452052 0.976175 -0.290100
10 0.421699 0.972957 -0.288007
11 0.391505 0.969553 -0.284653
12 0.362887 0.965334 -0.279787
13 0.333573 0.960843 -0.274122
14 0.304151 0.955532 -0.264855
15 0.278170 0.947253 -0.247977
16 0.260369 0.941680 -0.223694
17 0.249350 0.933685 -0.195302
18 0.248061 0.923060 -0.164786
19 0.258929 0.907193 -0.134272
20 0.277577 0.893557 -0.113043
21 0.301497 0.880949 -0.095537
22 0.328082 0.870808 -0.083447
23 0.355960 0.866607 -0.072125
24 0.385127 0.864183 -0.063633
25 0.416238 0.864444 -0.059955
26 0.448564 0.868099 -0.062303
27 0.478335 0.873978 -0.069955
28 0.506807 0.882896 -0.083625
29 0.531760 0.893172 -0.099981
Frame 165
0 0.550698 0.906315 -0.116762
1 0.570040 0.924279 -0.138528
2 0.580526 0.941602 -0.163765
3 0.582528 0.957355 -0.191736
4 0.576009 0.968924 -0.220959
5 0.560665 0.975820 -0.248172
6 0.536862 0.977965 -0.272434
7 0.508876 0.978692 -0.284895
8 0.478893 0.978116 -0.289393
9 0.447971 0.975814 -0.289625
10 0.417665 0.972327 -0.287378
11 0.387525 0.968658 -0.283874
12 0.358962 0.964202 -0.278859
13 0.329714 0.959449 -0.273041
14 0.300390 0.953879 -0.263621
15 0.274590 0.945398 -0.246607
16 0.256987 0.939735 -0.222217
17 0.246206 0.931698 -0.193736
18 0.245192 0.921112 -0.163205
19 0.256369 0.905354 -0.132736
20 0.275246 0.891908 -0.111624
21 0.299356 0.879517 -0.094223
22 0.326078 0.869610 -0.082252
23 0.354023 0.865657 -0.071064
24 0.383228 0.863497 -0.062717
25 0.414331 0.864039 -0.059195
26 0.446603 0.867974 -0.061712
27 0.476285 0.874104 -0.069521
28 0.504608 0.883252 -0.083344
29 0.529386 0.893722 -0.099837
Frame 166
0 0.548835 0.907276 -0.117188
1 0.567819 0.925432 -0.139109
2 0.577929 0.942857 -0.164432
3 0.579548 0.958618 -0.192427
4 0.572675 0.970116 -0.221596
5 0.557043 0.976854 -0.248680
6 0.533027 0.978765 -0.272738
7 0.504927 0.979208 -0.284981
8 0.474919 0.978330 -0.289227
9 0.444028 0.975717 -0.289204
10 0.413782 0.971921 -0.286720
11 0.383717 0.967941 -0.282984
12 0.355230 0.963206 -0.277745
13 0.326080 0.958146 -0.271697
14 0.296888 0.952276 -0.262047
15 0.271341 0.943536 -0.244831
16 0.254029 0.937752 -0.220294
17 0.243579 0.929646 -0.191698
18 0.242947 0.919077 -0.161162
19 0.254541 0.903407 -0.130794
20 0.273723 0.890155 -0.109874
21 0.298080 0.877991 -0.092655
22 0.324977 0.868341 -0.080888
23 0.353018 0.864660 -0.069912
24 0.382274 0.862795 -0.061791
25 0.413372 0.863654 -0.058512
26 0.445570 0.867912 -0.061291
27 0.475130 0.874340 -0.069338
28 0.503247 0.883768 -0.083394
29 0.527784 0.894480 -0.100089
Frame 167
0 0.547457 0.908428 -0.117878
1 0.566025 0.926820 -0.139966
2 0.575699 0.944371 -0.165377
3 0.576873 0.960156 -0.193385
4 0.569589 0.971593 -0.222479
5 0.553621 0.978172 -0.249398
6 0.529349 0.979838 -0.273208
7 0.501116 0.979973 -0.285186
8 0.471078 0.978762 -0.289128
9 0.440228 0.975802 -0.288794
10 0.410055 0.971660 -0.286028
11 0.380084 0.967328 -0.282017
12 0.351689 0.962280 -0.276508
13 0.322664 0.956874 -0.270190
14 0.293632 0.950665 -0.260266
15 0.268391 0.941620 -0.242813
16 0.251433 0.935694 -0.218109
17 0.241374 0.927497 -0.189390
18 0.241189 0.916926 -0.158864
19 0.253266 0.901329 -0.128635
20 0.272794 0.888280 -0.107955
21 0.297433 0.876360 -0.090968
22 0.324525 0.866991 -0.079452
23 0.352677 0.863606 -0.068732
24 0.381992 0.862065 -0.060882
25 0.413084 0.863276 -0.057897
26 0.445190 0.867891 -0.060995
27 0.474599 0.874657 -0.069323
28 0.502468 0.884405 -0.083655
29 0.526714 0.895396 -0.100585
Frame 168
0 0.546332 0.909687 -0.118708
1 0.564455 0.928325 -0.140962
2 0.573667 0.946017 -0.166456
3 0.574370 0.961833 -0.194467
4 0.566647 0.973216 -0.223472
5 0.550322 0.979641 -0.250208
6 0.525779 0.981060 -0.273748
7 0.497406 0.980877 -0.285437
8 0.467340 0.979323 -0.289046
9 0.436538 0.976005 -0.288376
10 0.406451 0.971501 -0.285306
11 0.376588 0.966802 -0.280998
12 0.348295 0.961430 -0.275201
13 0.319412 0.955660 -0.268593
14 0.290556 0.949100 -0.258376
15 0.265652 0.939728 -0.240674
16 0.249081 0.933654 -0.215799
17 0.239441 0.925360 -0.186955
18 0.239734 0.914778 -0.156451
19 0.252320 0.899243 -0.126386
20 0.272210 0.886399 -0.105974
21 0.297140 0.874725 -0.089243
22 0.324435 0.865644 -0.078005
23 0.352699 0.862563 -0.067562
24 0.382072 0.861358 -0.060005
25 0.413154 0.862931 -0.057339
26 0.445153 0.867915 -0.060781
27 0.474396 0.875034 -0.069413
28 0.501990 0.885119 -0.084038
29 0.525921 0.896404 -0.101214
Frame 169
0 0.545233 0.910957 -0.119552
1 0.562918 0.929839 -0.141963
2 0.571672 0.947667 -0.167530
3 0.571910 0.963515 -0.195538
4 0.563757 0.974846 -0.224446
5 0.547083 0.981123 -0.250995
6 0.522274 0.982307 -0.274264
7 0.493767 0.981816 -0.285662
8 0.463676 0.979930 -0.288939
9 0.432929 0.976264 -0.287934
10 0.402935 0.971408 -0.284564
11 0.373184 0.966353 -0.279963
12 0.344998 0.960663 -0.273881
13 0.316264 0.954541 -0.266986
14 0.287588 0.947639 -0.256482
15 0.263025 0.937946 -0.238535
16 0.246844 0.931732 -0.213496
17 0.237621 0.923343 -0.184536
18 0.238385 0.912748 -0.154061
19 0.251469 0.897267 -0.124171
20 0.271711 0.884619 -0.104031
21 0.296923 0.873185 -0.087561
22 0.324407 0.864385 -0.076603
23 0.352780 0.861598 -0.066435
24 0.382204 0.860718 -0.059170
25 0.413270 0.862643 -0.056820
26 0.445156 0.867983 -0.060606
27 0.474228 0.875446 -0.069536
28 0.501542 0.885859 -0.084450
29 0.525153 0.897430 -0.101866
Frame 170
0 0.543944 0.912148 -0.120285
1 0.561227 0.931246 -0.142835
2 0.569564 0.949194 -0.168463
3 0.569380 0.965066 -0.196465
4 0.560835 0.976349 -0.225281
5 0.543844 0.982493 -0.251653
6 0.518797 0.983463 -0.274670
7 0.490170 0.982694 -0.285803
8 0.460062 0.980506 -0.288774
9 0.429373 0.976525 -0.287461
10 0.399469 0.971350 -0.283819
11 0.369828 0.965972 -0.278950
12 0.341743 0.959997 -0.272608
13 0.313151 0.953555 -0.265454
14 0.284646 0.946346 -0.254687
15 0.260400 0.936362 -0.236521
16 0.244582 0.930027 -0.211339
17 0.235739 0.921558 -0.182274
18 0.236934 0.910954 -0.151833
19 0.250468 0.895521 -0.122109
20 0.271026 0.883051 -0.102220
21 0.296489 0.871836 -0.085993
22 0.324141 0.863291 -0.075292
23 0.352607 0.860773 -0.065377
24 0.382073 0.860186 -0.058379
25 0.413121 0.862429 -0.056319
26 0.444896 0.868089 -0.060419
27 0.473806 0.875864 -0.069621
28 0.500857 0.886571 -0.084796
29 0.524171 0.898398 -0.102426
Frame 171
0 0.542256 0.913162 -0.120782
1 0.559208 0.932428 -0.143446
2 0.567203 0.950473 -0.169125
3 0.566671 0.966356 -0.197118
4 0.557807 0.977592 -0.225857
5 0.540557 0.983622 -0.252084
6 0.515318 0.984416 -0.274891
7 0.486596 0.983416 -0.285807
8 0.456474 0.980979 -0.288525
9 0.425839 0.976741 -0.286957
10 0.396014 0.971304 -0.283090
11 0.366470 0.965661 -0.278004
12 0.338471 0.959453 -0.271449
13 0.310000 0.952749 -0.264082
14 0.281638 0.945288 -0.253102
15 0.257657 0.935071 -0.234756
16 0.242141 0.928644 -0.209461
17 0.233611 0.920119 -0.180311
18 0.235159 0.909512 -0.149899
19 0.249062 0.894122 -0.120314
20 0.269877 0.881802 -0.100636
21 0.295540 0.870770 -0.084607
22 0.323327 0.862439 -0.074116
23 0.351867 0.860141 -0.064409
24 0.381363 0.859800 -0.057629
25 0.412392 0.862303 -0.055807
26 0.444070 0.868225 -0.060165
27 0.472843 0.876254 -0.069591
28 0.499673 0.887198 -0.084978
29 0.522739 0.899229 -0.102781
Frame 172
0 0.539964 0.913905 -0.120919
1 0.556691 0.933274 -0.143667
2 0.564449 0.951374 -0.169384
3 0.563681 0.967252 -0.197373
4 0.554600 0.978447 -0.226061
5 0.537177 0.984391 -0.252190
6 0.511809 0.985055 -0.274854
7 0.483020 0.983891 -0.285627
8 0.452892 0.981283 -0.288168
9 0.422298 0.976865 -0.286426
10 0.392533 0.971245 -0.282408
11 0.363058 0.965418 -0.277175
12 0.335117 0.959053 -0.270475
13 0.306731 0.952168 -0.262963
14 0.278471 0.944536 -0.251838
15 0.254672 0.934165 -0.233370
16 0.239365 0.927687 -0.207999
17 0.231046 0.919139 -0.178787
18 0.232833 0.908543 -0.148392
19 0.246988 0.893189 -0.118899
20 0.267978 0.880977 -0.099365
21 0.293777 0.870079 -0.083466
22 0.321653 0.861899 -0.073116
23 0.350242 0.859761 -0.063547
24 0.379758 0.859591 -0.056916
25 0.410770 0.862276 -0.055254
26 0.442378 0.868376 -0.059788
27 0.471054 0.876577 -0.069365
28 0.497731 0.887680 -0.084897
29 0.520626 0.899844 -0.102816
Frame 173
0 0.536863 0.914278 -0.120570
1 0.553506 0.933665 -0.143368
2 0.561172 0.951771 -0.169109
3 0.560310 0.967625 -0.197106
4 0.551146 0.978782 -0.225782
5 0.533656 0.984673 -0.251878
6 0.508243 0.985271 -0.274487
7 0.479424 0.984031 -0.285214
8 0.449293 0.981346 -0.287683
9 0.418722 0.976853 -0.285871
10 0.388984 0.971152 -0.281796
11 0.359539 0.965247 -0.276510
12 0.331618 0.958819 -0.269756
13 0.303264 0.951861 -0.262185
14 0.275045 0.944158 -0.251005
15 0.251318 0.933741 -0.232488
16 0.236093 0.927261 -0.207089
17 0.227852 0.918732 -0.177841
18 0.229730 0.908162 -0.147444
19 0.243983 0.892839 -0.117976
20 0.265044 0.880681 -0.098493
21 0.290896 0.869854 -0.082635
22 0.318807 0.861748 -0.072329
23 0.347415 0.859683 -0.062810
24 0.376939 0.859592 -0.056231
25 0.407943 0.862357 -0.054629
26 0.439518 0.868530 -0.059229
27 0.468157 0.876798 -0.068866
28 0.494772 0.887957 -0.084454
29 0.517599 0.900161 -0.102414
Frame 174
0 0.532697 0.914847 -0.119609
1 0.549367 0.934187 -0.142422
2 0.557066 0.952245 -0.168183
3 0.556249 0.968025 -0.196212
4 0.547145 0.979099 -0.224935
5 0.529724 0.984905 -0.251088
6 0.504380 0.985418 -0.273764
7 0.475592 0.984113 -0.284579
8 0.445485 0.981381 -0.287115
9 0.414926 0.976850 -0.285374
10 0.385191 0.971110 -0.281364
11 0.355740 0.965177 -0.276147
12 0.327805 0.958725 -0.269451
13 0.299434 0.951748 -0.261934
14 0.271202 0.944021 -0.250814
15 0.247438 0.933633 -0.232339
16 0.232155 0.927193 -0.206963
17 0.223849 0.918736 -0.177701
18 0.225665 0.908245 -0.147269
19 0.239866 0.893003 -0.117727
20 0.260902 0.880912 -0.098171
21 0.286729 0.870158 -0.082225
22 0.314624 0.862113 -0.071832
23 0.343209 0.860109 -0.062240
24 0.372716 0.860073 -0.055592
25 0.403708 0.862888 -0.053916
26 0.435280 0.869095 -0.058437
27 0.463932 0.877376 -0.068016
28 0.490569 0.888529 -0.083547
29 0.513421 0.900718 -0.101458
Frame 175
0 0.527585 0.916104 -0.118118
1 0.544333 0.935380 -0.140922
2 0.552130 0.953354 -0.166700
3 0.551443 0.969008 -0.194783
4 0.542510 0.979926 -0.223606
5 0.525270 0.985564 -0.249903
6 0.500109 0.985904 -0.272757
7 0.471417 0.984467 -0.283783
8 0.441375 0.981644 -0.286514
9 0.410833 0.977032 -0.284970
10 0.381097 0.971224 -0.281135
11 0.351621 0.965236 -0.276094
12 0.323653 0.958728 -0.269561
13 0.295241 0.951713 -0.262196
14 0.266964 0.943939 -0.251239
15 0.243099 0.933592 -0.232887
16 0.227653 0.927210 -0.207577
17 0.219180 0.918859 -0.178318
18 0.220822 0.908512 -0.147820
19 0.234874 0.893439 -0.118113
20 0.255825 0.881480 -0.098374
21 0.281576 0.870869 -0.082220
22 0.309425 0.862943 -0.071615
23 0.337947 0.861057 -0.061843
24 0.367407 0.861130 -0.055013
25 0.398368 0.864043 -0.053144
26 0.429946 0.870326 -0.057457
27 0.458634 0.878635 -0.066871
28 0.485337 0.889790 -0.082244
29 0.508262 0.901967 -0.100025
Frame 176
0 0.521890 0.917853 -0.116289
1 0.538739 0.937067 -0.139058
2 0.546674 0.954943 -0.164845
3 0.546170 0.970444 -0.192991
4 0.537479 0.981163 -0.221944
5 0.520495 0.986582 -0.248434
6 0.495596 0.986693 -0.271533
7 0.467042 0.985078 -0.282849
8 0.437095 0.982127 -0.285855
9 0.406577 0.977398 -0.284592
10 0.376839 0.971490 -0.281004
11 0.347331 0.965420 -0.276213
12 0.319325 0.958822 -0.269909
13 0.290857 0.951747 -0.262762
14 0.262522 0.943901 -0.252038
15 0.238517 0.933587 -0.233863
16 0.222842 0.927261 -0.208651
17 0.214140 0.919030 -0.179411
18 0.215538 0.908858 -0.148837
19 0.229380 0.894006 -0.118910
20 0.250207 0.882224 -0.098924
21 0.275851 0.871802 -0.082489
22 0.303631 0.864037 -0.071597
23 0.332064 0.862312 -0.061574
24 0.361454 0.862536 -0.054493
25 0.392373 0.865589 -0.052354
26 0.423955 0.871984 -0.056373
27 0.452691 0.880345 -0.065551
28 0.479480 0.891519 -0.080697
29 0.502500 0.903699 -0.098292
Frame 177
0 0.515974 0.919890 -0.114308
1 0.532927 0.939065 -0.137019
2 0.541010 0.956853 -0.162800
3 0.540711 0.972202 -0.191005
4 0.532291 0.982713 -0.220095
5 0.515599 0.987895 -0.246795
6 0.490998 0.987751 -0.270168
7 0.462609 0.985928 -0.281807
8 0.432775 0.982820 -0.285125
9 0.402289 0.977945 -0.284178
10 0.372552 0.971906 -0.280871
11 0.343015 0.965727 -0.276362
12 0.314974 0.959009 -0.270323
13 0.286452 0.951846 -0.263428
14 0.258056 0.943895 -0.252970
15 0.233901 0.933590 -0.235003
16 0.217974 0.927300 -0.209910
17 0.209017 0.919177 -0.180706
18 0.210144 0.909180 -0.150056
19 0.223751 0.894563 -0.119899
20 0.244437 0.882978 -0.099642
21 0.269960 0.872773 -0.082900
22 0.297664 0.865198 -0.071688
23 0.325992 0.863664 -0.061384
24 0.355301 0.864067 -0.054021
25 0.386167 0.867290 -0.051577
26 0.417749 0.873832 -0.055263
27 0.446530 0.882270 -0.064172
28 0.473402 0.893492 -0.079057
29 0.496518 0.905700 -0.096435
Frame 178
0 0.510207 0.922014 -0.112356
1 0.527243 0.941191 -0.134987
2 0.535457 0.958923 -0.160745
3 0.535349 0.974148 -0.188993
4 0.527192 0.984476 -0.218203
5 0.510788 0.989435 -0.245101
6 0.486485 0.989040 -0.268738
7 0.458260 0.987000 -0.280692
8 0.428542 0.983716 -0.284312
9 0.398096 0.978669 -0.283674
10 0.368370 0.972473 -0.280646
11 0.338815 0.966153 -0.276418
12 0.310750 0.959290 -0.270640
13 0.282183 0.952005 -0.263996
14 0.253739 0.943917 -0.253804
15 0.229451 0.933579 -0.236052
16 0.213288 0.927289 -0.211083
17 0.204089 0.919235 -0.181927
18 0.204959 0.909380 -0.151221
19 0.218345 0.894980 -0.120855
20 0.238899 0.883591 -0.100347
21 0.264307 0.873606 -0.083313
22 0.291936 0.866232 -0.071797
23 0.320161 0.864901 -0.061219
24 0.349388 0.865499 -0.053579
25 0.380197 0.868915 -0.050837
26 0.411771 0.875629 -0.054199
27 0.440579 0.884180 -0.062839
28 0.467514 0.895485 -0.077462
29 0.490702 0.907760 -0.094619
Frame 179
0 0.504965 0.924019 -0.110600
1 0.522038 0.943261 -0.133137
2 0.530340 0.960992 -0.158851
3 0.530377 0.976150 -0.187116
4 0.522433 0.986350 -0.216414
5 0.506269 0.991133 -0.243472
6 0.482220 0.990521 -0.267328
7 0.454138 0.988272 -0.279547
8 0.424521 0.984801 -0.283414
9 0.394122 0.979566 -0.283034
10 0.364417 0.973189 -0.280244
11 0.334861 0.966698 -0.276258
12 0.306793 0.959667 -0.270706
13 0.278203 0.952227 -0.264280
14 0.249733 0.943968 -0.254321
15 0.225356 0.933536 -0.236760
16 0.209011 0.927194 -0.211909
17 0.199623 0.919149 -0.182808
18 0.200291 0.909374 -0.152071
19 0.213511 0.895130 -0.121555
20 0.233964 0.883912 -0.100856
21 0.259285 0.874127 -0.083589
22 0.286857 0.866949 -0.071826
23 0.314995 0.865817 -0.061015
24 0.344154 0.866613 -0.053144
25 0.374911 0.870232 -0.050148
26 0.406461 0.877139 -0.053237
27 0.435273 0.885838 -0.061644
28 0.462229 0.897271 -0.076041
29 0.485444 0.909660 -0.092998
Frame 180
0 0.500537 0.925765 -0.109155
1 0.517606 0.945108 -0.131608
2 0.525944 0.962873 -0.157273
3 0.526067 0.978005 -0.185540
4 0.518267 0.988123 -0.214894
5 0.502275 0.992774 -0.242064
6 0.478419 0.991986 -0.266078
7 0.450446 0.989550 -0.278495
8 0.420907 0.985896 -0.282541
9 0.390556 0.980475 -0.282345
10 0.360879 0.973915 -0.279734
11 0.331338 0.967247 -0.275929
12 0.303283 0.960046 -0.270548
13 0.274687 0.952438 -0.264286
14 0.246215 0.944000 -0.254503
15 0.221794 0.933442 -0.237091
16 0.205332 0.927019 -0.212331
17 0.195820 0.918944 -0.183280
18 0.196357 0.909201 -0.152533
19 0.209476 0.895063 -0.121921
20 0.229871 0.883988 -0.101095
21 0.255139 0.874375 -0.083664
22 0.282678 0.867376 -0.071724
23 0.310754 0.866427 -0.060743
24 0.339859 0.867408 -0.052699
25 0.370573 0.871222 -0.049515
26 0.402092 0.878321 -0.052406
27 0.430886 0.887181 -0.060638
28 0.457829 0.898761 -0.074864
29 0.481031 0.911285 -0.091667
Frame 181
0 0.496860 0.927284 -0.107997
1 0.513897 0.946724 -0.130388
2 0.522238 0.964524 -0.156019
3 0.522403 0.979638 -0.184286
4 0.514694 0.989688 -0.213680
5 0.498822 0.994224 -0.240929
6 0.475108 0.993279 -0.265056
7 0.447212 0.990673 -0.277618
8 0.417738 0.986851 -0.281787
9 0.387432 0.981258 -0.281723
10 0.357787 0.974528 -0.279238
11 0.328266 0.967695 -0.275562
12 0.300230 0.960338 -0.270301
13 0.271641 0.952571 -0.264154
14 0.243179 0.943968 -0.254497
15 0.218745 0.933285 -0.237194
16 0.202209 0.926787 -0.212497
17 0.192620 0.918683 -0.183484
18 0.193077 0.908964 -0.152729
19 0.206144 0.894916 -0.122049
20 0.226512 0.883969 -0.101136
21 0.251752 0.874512 -0.083587
22 0.279272 0.867676 -0.071520
23 0.307302 0.866894 -0.060416
24 0.336370 0.868045 -0.052250
25 0.367043 0.872039 -0.048933
26 0.398529 0.879315 -0.051682
27 0.427297 0.888326 -0.059791
28 0.454210 0.900045 -0.073896
29 0.477383 0.912694 -0.090587
Frame 182
0 0.493777 0.928630 -0.107075
1 0.510758 0.948165 -0.129429
2 0.519073 0.966001 -0.155037
3 0.519241 0.981104 -0.183303
4 0.511579 0.991096 -0.212721
5 0.495781 0.995530 -0.240024
6 0.472164 0.994443 -0.264225
7 0.444326 0.991678 -0.276887
8 0.414903 0.987698 -0.281135
9 0.384638 0.981941 -0.281155
10 0.355027 0.975051 -0.278753
11 0.325531 0.968059 -0.275164
12 0.297523 0.960553 -0.269983
13 0.268948 0.952634 -0.263909
14 0.240510 0.943876 -0.254337
15 0.216089 0.933067 -0.237108
16 0.199517 0.926495 -0.212450
17 0.189890 0.918362 -0.183464
18 0.190311 0.908660 -0.152703
19 0.203368 0.894692 -0.121980
20 0.223736 0.883862 -0.101011
21 0.248969 0.874547 -0.083383
22 0.276485 0.867864 -0.071231
23 0.304485 0.867238 -0.060045
24 0.333522 0.868549 -0.051798
25 0.364161 0.872712 -0.048394
26 0.395612 0.880157 -0.051050
27 0.424346 0.889314 -0.059078
28 0.451217 0.901166 -0.073101
29 0.474342 0.913935 -0.089717
Frame 183
0 0.491132 0.929853 -0.106345
1 0.508034 0.949485 -0.128679
2 0.516295 0.967360 -0.154271
3 0.516436 0.982455 -0.182535
4 0.508781 0.992398 -0.211968
5 0.493021 0.996740 -0.239302
6 0.469470 0.995519 -0.263547
7 0.441669 0.992602 -0.276275
8 0.412288 0.988468 -0.280565
9 0.382063 0.982550 -0.280633
10 0.352489 0.975503 -0.278280
11 0.323024 0.968356 -0.274741
12 0.295048 0.960705 -0.269607
13 0.266496 0.952636 -0.263573
14 0.238092 0.943724 -0.254053
15 0.213706 0.932787 -0.236870
16 0.197129 0.926142 -0.212234
17 0.187498 0.917979 -0.183265
18 0.187920 0.908288 -0.152502
19 0.201001 0.894389 -0.121753
20 0.221392 0.883671 -0.100755
21 0.246637 0.874493 -0.083080
22 0.274162 0.867955 -0.070877
23 0.302142 0.867479 -0.059642
24 0.331159 0.868945 -0.051348
25 0.361768 0.873272 -0.047892
26 0.393180 0.880881 -0.050492
27 0.421873 0.890183 -0.058471
28 0.448689 0.902170 -0.072448
29 0.471754 0.915057 -0.089017
Frame 184
0 0.488765 0.931006 -0.105762
1 0.505570 0.950737 -0.128090
2 0.513753 0.968655 -0.153671
3 0.513839 0.983747 -0.181931
4 0.506163 0.993646 -0.211370
5 0.490413 0.997899 -0.238719
6 0.466903 0.996549 -0.262985
7 0.439125 0.993483 -0.275753
8 0.409780 0.989192 -0.280058
9 0.379596 0.983113 -0.280145
10 0.350063 0.975908 -0.277815
11 0.320633 0.968603 -0.274301
12 0.292694 0.960807 -0.269190
13 0.264173 0.952583 -0.263169
14 0.235812 0.943518 -0.253677
15 0.211480 0.932444 -0.236520
16 0.194922 0.925725 -0.211890
17 0.185316 0.917529 -0.182933
18 0.185767 0.907845 -0.152171
19 0.198900 0.894009 -0.121412
20 0.219332 0.883403 -0.100406
21 0.244605 0.874357 -0.082707
22 0.272149 0.867964 -0.070478
23 0.300120 0.867636 -0.059218
24 0.329120 0.869257 -0.050901
25 0.359701 0.873749 -0.047420
26 0.391071 0.881524 -0.049996
27 0.419716 0.890974 -0.057952
28 0.446466 0.903098 -0.071904
29 0.469456 0.916104 -0.088449
Frame 185
0 0.486517 0.932139 -0.105282
1 0.503206 0.951976 -0.127611
2 0.511291 0.969941 -0.153184
3 0.511302 0.985033 -0.181440
4 0.503583 0.994890 -0.210879
5 0.487826 0.999056 -0.238231
6 0.464339 0.997575 -0.262503
7 0.436580 0.994355 -0.275292
8 0.407267 0.989903 -0.279594
9 0.377126 0.983656 -0.279680
10 0.347638 0.976287 -0.277355
11 0.318247 0.968818 -0.273851
12 0.290352 0.960869 -0.268745
13 0.261870 0.952482 -0.262721
14 0.233559 0.943259 -0.253241
15 0.209295 0.932039 -0.236095
16 0.192777 0.925239 -0.211462
17 0.183215 0.917008 -0.182514
18 0.183717 0.907329 -0.151756
19 0.196924 0.893552 -0.120997
20 0.217411 0.883057 -0.099999
21 0.242723 0.874147 -0.082292
22 0.270294 0.867904 -0.070054
23 0.298260 0.867729 -0.058784
24 0.327249 0.869509 -0.050462
25 0.357800 0.874171 -0.046976
26 0.389125 0.882118 -0.049543
27 0.417715 0.891725 -0.057494
28 0.444388 0.903993 -0.071439
29 0.467290 0.917128 -0.087971
Frame 186
0 0.484227 0.933300 -0.104860
1 0.500783 0.953254 -0.127193
2 0.508755 0.971270 -0.152760
3 0.508675 0.986365 -0.181010
4 0.500901 0.996180 -0.210443
5 0.485125 1.000256 -0.237792
6 0.461658 0.998638 -0.262061
7 0.433915 0.995257 -0.274864
8 0.404637 0.990633 -0.279153
9 0.374542 0.984205 -0.279228
10 0.345102 0.976661 -0.276901
11 0.315756 0.969016 -0.273395
12 0.287909 0.960903 -0.268288
13 0.259475 0.952343 -0.262249
14 0.231221 0.942950 -0.252775
15 0.207039 0.931572 -0.235634
16 0.190571 0.924684 -0.210992
17 0.181069 0.916412 -0.182053
18 0.181637 0.906733 -0.151300
19 0.194932 0.893020 -0.120551
20 0.215481 0.882641 -0.099568
21 0.240841 0.873874 -0.081862
22 0.268443 0.867789 -0.069625
23 0.296407 0.867776 -0.058355
24 0.325384 0.869726 -0.050035
25 0.355904 0.874569 -0.046552
26 0.387178 0.882699 -0.049122
27 0.415708 0.892475 -0.057075
28 0.442293 0.904900 -0.071020
29 0.465096 0.918170 -0.087548
Frame 187
0 0.481732 0.934542 -0.104452
1 0.498142 0.954620 -0.126789
2 0.505989 0.972696 -0.152348
3 0.505807 0.987794 -0.180588
4 0.497972 0.997565 -0.210014
5 0.482178 1.001546 -0.237360
6 0.458735 0.999780 -0.261625
7 0.431013 0.996223 -0.274441
8 0.401775 0.991413 -0.278716
9 0.371731 0.984789 -0.278777
10 0.342347 0.977053 -0.276447
11 0.313052 0.969216 -0.272942
12 0.285256 0.960923 -0.267832
13 0.256879 0.952173 -0.261777
14 0.228687 0.942594 -0.252310
15 0.204595 0.931040 -0.235174
16 0.188186 0.924053 -0.210523
17 0.178752 0.915738 -0.181598
18 0.179392 0.906058 -0.150854
19 0.192782 0.892411 -0.120116
20 0.213398 0.882158 -0.099151
21 0.238809 0.873544 -0.081449
22 0.266445 0.867632 -0.069213
23 0.294405 0.867795 -0.057941
24 0.323368 0.869930 -0.049624
25 0.353853 0.874971 -0.046144
26 0.385070 0.883303 -0.048717
27 0.413531 0.893261 -0.056673
28 0.440019 0.905858 -0.070617
29 0.462711 0.919280 -0.087137
Frame 188
0 0.478873 0.935912 -0.104014
1 0.495123 0.956128 -0.126351
2 0.502832 0.974270 -0.151896
3 0.502547 0.989371 -0.180124
4 0.494655 0.999095 -0.209544
5 0.478853 1.002968 -0.236888
6 0.455446 1.001041 -0.261158
7 0.427757 0.997291 -0.273994
8 0.398567 0.992275 -0.278263
9 0.368583 0.985433 -0.278317
10 0.339262 0.977485 -0.275994
11 0.310023 0.969434 -0.272498
12 0.282282 0.960939 -0.267393
13 0.253971 0.951978 -0.261328
14 0.225849 0.942194 -0.251878
15 0.201853 0.930444 -0.234754
16 0.185504 0.923347 -0.210100
17 0.176139 0.914979 -0.181190
18 0.176852 0.905299 -0.150459
19 0.190335 0.891724 -0.119733
20 0.211016 0.881610 -0.098784
21 0.236479 0.873169 -0.081079
22 0.264148 0.867449 -0.068836
23 0.292100 0.867805 -0.057556
24 0.321043 0.870145 -0.049233
25 0.351486 0.875404 -0.045748
26 0.382636 0.883959 -0.048313
27 0.411024 0.894123 -0.056265
28 0.437404 0.906911 -0.070199
29 0.459974 0.920501 -0.086703
Frame 189
0 0.475532 0.937450 -0.103555
1 0.491606 0.957813 -0.125882
2 0.499172 0.976025 -0.151407
3 0.498783 0.991126 -0.179618
4 0.490847 1.000792 -0.209024
5 0.475056 1.004549 -0.236363
6 0.451711 1.002446 -0.260635
7 0.424072 0.998491 -0.273498
8 0.394944 0.993256 -0.277764
9 0.365033 0.986180 -0.277822
10 0.335783 0.977994 -0.275522
11 0.306607 0.969705 -0.272055
12 0.278928 0.960982 -0.266973
13 0.250691 0.951787 -0.260912
14 0.222640 0.941772 -0.251498
15 0.198743 0.929800 -0.234407
16 0.182448 0.922570 -0.209758
17 0.173148 0.914138 -0.180875
18 0.173930 0.904453 -0.150163
19 0.187501 0.890956 -0.119446
20 0.208238 0.880993 -0.098512
21 0.233748 0.872740 -0.080792
22 0.261449 0.867232 -0.068530
23 0.289383 0.867801 -0.057223
24 0.318296 0.870367 -0.048875
25 0.348688 0.875868 -0.045365
26 0.379767 0.884672 -0.047905
27 0.408073 0.895067 -0.055838
28 0.434336 0.908079 -0.069758
29 0.456772 0.921865 -0.086240
Frame 190
0 0.471812 0.939125 -0.103093
1 0.487694 0.959637 -0.125406
2 0.495114 0.977919 -0.150906
3 0.494629 0.993010 -0.179093
4 0.486665 1.002612 -0.208472
5 0.470906 1.006246 -0.235795
6 0.447646 1.003963 -0.260062
7 0.420077 0.999798 -0.272951
8 0.391024 0.994343 -0.277214
9 0.361198 0.987025 -0.277282
10 0.332026 0.978582 -0.275028
11 0.302919 0.970035 -0.271611
12 0.275306 0.961067 -0.266570
13 0.247148 0.951616 -0.260532
14 0.219171 0.941350 -0.251174
15 0.195376 0.929131 -0.234137
16 0.179127 0.921750 -0.209506
17 0.169883 0.913238 -0.180658
18 0.170724 0.903540 -0.149970
19 0.184376 0.890122 -0.119264
20 0.205162 0.880319 -0.098347
21 0.230713 0.872266 -0.080600
22 0.258437 0.866985 -0.068302
23 0.286343 0.867781 -0.056950
24 0.315218 0.870585 -0.048554
25 0.345553 0.876343 -0.044996
26 0.376556 0.885418 -0.047492
27 0.404773 0.896068 -0.055399
28 0.430913 0.909337 -0.069306
29 0.453203 0.923346 -0.085762
Frame 191
0 0.467881 0.940882 -0.102611
1 0.483567 0.961542 -0.124903
2 0.490841 0.979892 -0.150373
3 0.490268 0.994970 -0.178532
4 0.482290 1.004503 -0.207878
5 0.466582 1.008010 -0.235183
6 0.443426 1.005545 -0.259446
7 0.415940 1.001167 -0.272364
8 0.386972 0.995494 -0.276632
9 0.357236 0.987927 -0.276721
10 0.328147 0.979216 -0.274529
11 0.299113 0.970399 -0.271179
12 0.271570 0.961174 -0.266193
13 0.243496 0.951458 -0.260194
14 0.215592 0.940929 -0.250908
15 0.191897 0.928450 -0.233942
16 0.175687 0.920904 -0.209340
17 0.166492 0.912307 -0.180531
18 0.167382 0.902596 -0.149870
19 0.181107 0.889258 -0.119172
20 0.201930 0.879621 -0.098270
21 0.227515 0.871777 -0.080484
22 0.255259 0.866731 -0.068136
23 0.283128 0.867761 -0.056724
24 0.311956 0.870812 -0.048263
25 0.342224 0.876838 -0.044639
26 0.373149 0.886197 -0.047076
27 0.401272 0.897113 -0.054945
28 0.427288 0.910656 -0.068833
29 0.449429 0.924900 -0.085259
Frame 192
0 0.463905 0.942672 -0.102086
1 0.479400 0.963473 -0.124352
2 0.486536 0.981888 -0.149789
3 0.485885 0.996952 -0.177919
4 0.477906 1.006415 -0.207234
5 0.462261 1.009794 -0.234526
6 0.439222 1.007146 -0.258794
7 0.411828 1.002555 -0.271753
8 0.382950 0.996662 -0.276037
9 0.353308 0.988844 -0.276161
10 0.324304 0.979864 -0.274043
11 0.295347 0.970774 -0.270773
12 0.267874 0.961289 -0.265855
13 0.239887 0.951305 -0.259905
14 0.212055 0.940511 -0.250704
15 0.188459 0.927769 -0.233819
16 0.172278 0.920057 -0.209251
17 0.163121 0.911374 -0.180485
18 0.164051 0.901652 -0.149851
19 0.177838 0.888399 -0.119153
20 0.198690 0.878931 -0.098261
21 0.224301 0.871300 -0.080425
22 0.252056 0.866494 -0.068015
23 0.279881 0.867762 -0.056532
24 0.308653 0.871062 -0.047995
25 0.338850 0.877360 -0.044291
26 0.369692 0.887005 -0.046655
27 0.397723 0.898190 -0.054473
28 0.423615 0.912009 -0.068332
29 0.445610 0.926484 -0.084718
Frame 193
0 0.460055 0.944445 -0.101498
1 0.475373 0.965380 -0.123732
2 0.482383 0.983858 -0.149135
3 0.481667 0.998908 -0.177240
4 0.473696 1.008302 -0.206535
5 0.458122 1.011555 -0.233827
6 0.435209 1.008724 -0.258115
7 0.407912 1.003920 -0.271129
8 0.379124 0.997807 -0.275449
9 0.349574 0.989738 -0.275623
10 0.320656 0.980493 -0.273587
11 0.291774 0.971137 -0.270406
12 0.264373 0.961395 -0.265565
13 0.236471 0.951150 -0.259674
14 0.208710 0.940095 -0.250564
15 0.185205 0.927101 -0.233766
16 0.169045 0.919232 -0.209235
17 0.159916 0.910468 -0.180510
18 0.160874 0.900742 -0.149897
19 0.174710 0.887580 -0.119192
20 0.195582 0.878284 -0.098299
21 0.221210 0.870865 -0.080404
22 0.248970 0.866298 -0.067922
23 0.276743 0.867801 -0.056361
24 0.305454 0.871349 -0.047741
25 0.335577 0.877914 -0.043949
26 0.366334 0.887843 -0.046227
27 0.394274 0.899287 -0.053984
28 0.420048 0.913366 -0.067794
29 0.441908 0.928064 -0.084126
Frame 194
0 0.456499 0.946163 -0.100822
1 0.471666 0.967220 -0.123021
2 0.478566 0.985759 -0.148391
3 0.477796 1.000797 -0.176480
4 0.469842 1.010124 -0.205772
5 0.454344 1.013253 -0.233087
6 0.431556 1.010240 -0.257419
7 0.404357 1.005221 -0.270508
8 0.375660 0.998885 -0.274889
9 0.346194 0.990569 -0.275128
10 0.317361 0.981073 -0.273181
11 0.288552 0.971465 -0.270093
12 0.261219 0.961477 -0.265332
13 0.233400 0.950985 -0.259507
14 0.205706 0.939685 -0.250491
15 0.182285 0.926459 -0.233777
16 0.166134 0.918449 -0.209284
17 0.157022 0.909618 -0.180598
18 0.157993 0.899902 -0.149999
19 0.171864 0.886837 -0.119273
20 0.192748 0.877711 -0.098364
21 0.218385 0.870502 -0.080400
22 0.246142 0.866166 -0.067840
23 0.273857 0.867898 -0.056196
24 0.302501 0.871686 -0.047493
25 0.332547 0.878510 -0.043609
26 0.363220 0.888708 -0.045790
27 0.391076 0.900394 -0.053473
28 0.416743 0.914705 -0.067212
29 0.438485 0.929600 -0.083471
Frame 195
0 0.453360 0.947801 -0.100096
1 0.468400 0.968966 -0.122260
2 0.475212 0.987555 -0.147604
3 0.474404 1.002575 -0.175689
4 0.466476 1.011832 -0.204995
5 0.451058 1.014833 -0.232349
6 0.428397 1.011638 -0.256742
7 0.401294 1.006409 -0.269922
8 0.372682 0.999854 -0.274380
9 0.343294 0.991300 -0.274695
10 0.314540 0.981574 -0.272838
11 0.285798 0.971734 -0.269845
12 0.258529 0.961520 -0.265165
13 0.230788 0.950802 -0.259409
14 0.203155 0.939280 -0.250488
15 0.179804 0.925849 -0.233854
16 0.163652 0.917720 -0.209397
17 0.154544 0.908845 -0.180744
18 0.155514 0.899152 -0.150152
19 0.169402 0.886196 -0.119392
20 0.190288 0.877239 -0.098451
21 0.215922 0.870234 -0.080408
22 0.243670 0.866119 -0.067761
23 0.271324 0.868070 -0.056033
24 0.299899 0.872087 -0.047246
25 0.329866 0.879155 -0.043268
26 0.360455 0.889602 -0.045347
27 0.388237 0.901507 -0.052948
28 0.413812 0.916018 -0.066601
29 0.435454 0.931082 -0.082779
Frame 196
0 0.450580 0.949370 -0.099357
1 0.465516 0.970624 -0.121494
2 0.472264 0.989243 -0.146821
3 0.471439 1.004231 -0.174909
4 0.463552 1.013406 -0.204239
5 0.448223 1.016275 -0.231643
6 0.425690 1.012897 -0.256104
7 0.398681 1.007465 -0.269379
8 0.370149 1.000706 -0.273920
9 0.340836 0.991930 -0.274315
10 0.312155 0.981993 -0.272551
11 0.283476 0.971942 -0.269652
12 0.256265 0.961520 -0.265061
13 0.228595 0.950598 -0.259376
14 0.201015 0.938873 -0.250551
15 0.177723 0.925260 -0.233995
16 0.161558 0.917036 -0.209576
17 0.152439 0.908138 -0.180954
18 0.153391 0.898486 -0.150361
19 0.167279 0.885650 -0.119554
20 0.188156 0.876860 -0.098567
21 0.213778 0.870055 -0.080435
22 0.241508 0.866152 -0.067690
23 0.269096 0.868314 -0.055873
24 0.297597 0.872547 -0.046996
25 0.327486 0.879842 -0.042922
26 0.357996 0.890519 -0.044895
27 0.385711 0.902622 -0.052411
28 0.411205 0.917309 -0.065978
29 0.432762 0.932518 -0.082077
Frame 197
0 0.448076 0.950868 -0.098595
1 0.462929 0.972197 -0.120707
2 0.469633 0.990831 -0.146023
3 0.468811 1.005774 -0.174123
4 0.460980 1.014857 -0.203487
5 0.445751 1.017590 -0.230946
6 0.423351 1.014031 -0.255482
7 0.396439 1.008404 -0.268858
8 0.367982 1.001452 -0.273490
9 0.338740 0.992468 -0.273972
10 0.310127 0.982340 -0.272305
11 0.281503 0.972095 -0.269506
12 0.254346 0.961481 -0.265006
13 0.226741 0.950372 -0.259400
14 0.199209 0.938465 -0.250674
15 0.175964 0.924691 -0.234197
16 0.159772 0.916391 -0.209818
17 0.150626 0.907488 -0.181224
18 0.151544 0.897891 -0.150625
19 0.165413 0.885181 -0.119758
20 0.186271 0.876558 -0.098715
21 0.211868 0.869948 -0.080483
22 0.239572 0.866249 -0.067629
23 0.267090 0.868610 -0.055715
24 0.295515 0.873049 -0.046744
25 0.325325 0.880559 -0.042566
26 0.355759 0.891448 -0.044427
27 0.383416 0.903731 -0.051854
28 0.408838 0.918573 -0.065333
29 0.430325 0.933908 -0.081351
Frame 198
0 0.445760 0.952295 -0.097794
1 0.460548 0.973688 -0.119883
2 0.467229 0.992323 -0.145195
3 0.466428 1.007211 -0.173311
4 0.458670 1.016197 -0.202714
5 0.443554 1.018790 -0.230237
6 0.421294 1.015050 -0.254856
7 0.394481 1.009236 -0.268341
8 0.366098 1.002104 -0.273071
9 0.336924 0.992924 -0.273649
10 0.308376 0.982619 -0.272087
11 0.279803 0.972198 -0.269393
12 0.252695 0.961407 -0.264990
13 0.225148 0.950126 -0.259469
14 0.197656 0.938053 -0.250847
15 0.174447 0.924135 -0.234453
16 0.158215 0.915776 -0.210117
17 0.149026 0.906881 -0.181552
18 0.149895 0.897351 -0.150941
19 0.163726 0.884774 -0.120006
20 0.184550 0.876316 -0.098894
21 0.210110 0.869897 -0.080550
22 0.237782 0.866393 -0.067577
23 0.265223 0.868947 -0.055558
24 0.293568 0.873580 -0.046485
25 0.323299 0.881292 -0.042195
26 0.353660 0.892377 -0.043936
27 0.381267 0.904825 -0.051270
28 0.406630 0.919804 -0.064655
29 0.428058 0.935248 -0.080591
Frame 199
0 0.443545 0.953654 -0.096943
1 0.458284 0.975100 -0.119008
2 0.464961 0.993725 -0.144316
3 0.464201 1.008550 -0.172455
4 0.456533 1.017433 -0.201902
5 0.441543 1.019885 -0.229495
6 0.419433 1.015969 -0.254205
7 0.392726 1.009974 -0.267805
8 0.364418 1.002672 -0.272646
9 0.335310 0.993310 -0.273329
10 0.306821 0.982841 -0.271879
11 0.278296 0.972255 -0.269298
12 0.251233 0.961298 -0.265002
13 0.223738 0.949861 -0.259575
14 0.196280 0.937633 -0.251064
15 0.173095 0.923587 -0.234759
16 0.156809 0.915183 -0.210471
17 0.147562 0.906306 -0.181937
18 0.148360 0.896853 -0.151310
19 0.162136 0.884412 -0.120296
20 0.182913 0.876117 -0.099107
21 0.208426 0.869884 -0.080639
22 0.236056 0.866569 -0.067534
23 0.263415 0.869306 -0.055402
24 0.291675 0.874124 -0.046215
25 0.321326 0.882027 -0.041805
26 0.351618 0.893297 -0.043415
27 0.379181 0.905895 -0.050648
28 0.404495 0.920995 -0.063933
29 0.425876 0.936535 -0.079785
Frame 200
0 0.441344 0.954940 -0.096027
1 0.456048 0.976433 -0.118065
2 0.462738 0.995039 -0.143370
3 0.462037 1.009797 -0.171533
4 0.454477 1.018573 -0.201030
5 0.439629 1.020885 -0.228697
6 0.417684 1.016797 -0.253507
7 0.391089 1.010630 -0.267231
8 0.362860 1.003169 -0.272194
9 0.333813 0.993635 -0.272994
10 0.305384 0.983011 -0.271667
11 0.276902 0.972271 -0.269211
12 0.249880 0.961159 -0.265031
13 0.222431 0.949577 -0.259708
14 0.195001 0.937205 -0.251319
15 0.171830 0.923042 -0.235110
16 0.155475 0.914601 -0.210877
17 0.146153 0.905753 -0.182374
18 0.146866 0.896382 -0.151730
19 0.160566 0.884080 -0.120630
20 0.181280 0.875945 -0.099356
21 0.206733 0.869894 -0.080752
22 0.234311 0.866759 -0.067501
23 0.261582 0.869673 -0.055243
24 0.289753 0.874668 -0.045934
25 0.319325 0.882751 -0.041391
26 0.349550 0.894195 -0.042859
27 0.377076 0.906931 -0.049979
28 0.402350 0.922141 -0.063157
29 0.423695 0.937766 -0.078919
Frame 201
0 0.439070 0.956156 -0.095032
1 0.453753 0.977688 -0.117039
2 0.460469 0.996271 -0.142339
3 0.459845 1.010959 -0.170528
4 0.452411 1.019627 -0.200075
5 0.437724 1.021801 -0.227823
6 0.415957 1.017544 -0.252740
7 0.389486 1.011213 -0.266598
8 0.361341 1.003605 -0.271695
9 0.332355 0.993908 -0.272629
10 0.303982 0.983137 -0.271437
11 0.275543 0.972253 -0.269119
12 0.248559 0.960993 -0.265065
13 0.221151 0.949274 -0.259860
14 0.193742 0.936765 -0.251602
15 0.170575 0.922497 -0.235503
16 0.154136 0.914025 -0.211331
17 0.144722 0.905208 -0.182863
18 0.145330 0.895923 -0.152201
19 0.158936 0.883761 -0.121007
20 0.179573 0.875783 -0.099643
21 0.204952 0.869909 -0.080889
22 0.232470 0.866949 -0.067480
23 0.259645 0.870033 -0.055083
24 0.287722 0.875196 -0.045638
25 0.317211 0.883452 -0.040949
26 0.347373 0.895060 -0.042260
27 0.374867 0.907926 -0.049257
28 0.400111 0.923236 -0.062316
29 0.421429 0.938938 -0.077982
Frame 202
0 0.436636 0.957300 -0.093946
1 0.451305 0.978868 -0.115914
2 0.458063 0.997424 -0.141205
3 0.457532 1.012038 -0.169418
4 0.450245 1.020601 -0.199016
5 0.435737 1.022640 -0.226850
6 0.414167 1.018223 -0.251884
7 0.387833 1.011737 -0.265884
8 0.359781 1.003989 -0.271132
9 0.330853 0.994140 -0.272216
10 0.302538 0.983227 -0.271172
11 0.274140 0.972203 -0.269008
12 0.247191 0.960803 -0.265094
13 0.219819 0.948954 -0.260020
14 0.192428 0.936312 -0.251910
15 0.169252 0.921944 -0.235931
16 0.152714 0.913445 -0.211830
17 0.143192 0.904661 -0.183402
18 0.143678 0.895462 -0.152722
19 0.157169 0.883439 -0.121429
20 0.177711 0.875616 -0.099971
21 0.203003 0.869913 -0.081052
22 0.230450 0.867122 -0.067468
23 0.257521 0.870369 -0.054920
24 0.285499 0.875694 -0.045326
25 0.314905 0.884115 -0.040475
26 0.345005 0.895881 -0.041612
27 0.372473 0.908869 -0.048471
28 0.397694 0.924273 -0.061400
29 0.418993 0.940046 -0.076961
Frame 203
0 0.433986 0.958375 -0.092762
1 0.448648 0.979975 -0.114683
2 0.455456 0.998502 -0.139961
3 0.455028 1.013045 -0.168195
4 0.447904 1.021503 -0.197842
5 0.433594 1.023412 -0.225762
6 0.412243 1.018844 -0.250919
7 0.386057 1.012211 -0.265078
8 0.358111 1.004335 -0.270489
9 0.329245 0.994338 -0.271743
10 0.300988 0.983286 -0.270861
11 0.272630 0.972126 -0.268869
12 0.245715 0.960588 -0.265107
13 0.218374 0.948613 -0.260180
14 0.190996 0.935839 -0.252229
15 0.167807 0.921376 -0.236390
16 0.151155 0.912850 -0.212369
17 0.141508 0.904095 -0.183984
18 0.141853 0.894983 -0.153290
19 0.155213 0.883097 -0.121892
20 0.175647 0.875424 -0.100339
21 0.200836 0.869889 -0.081244
22 0.228203 0.867261 -0.067472
23 0.255162 0.870668 -0.054755
24 0.283034 0.876148 -0.044996
25 0.312354 0.884729 -0.039967
26 0.342396 0.896651 -0.040913
27 0.369841 0.909757 -0.047618
28 0.395050 0.925251 -0.060404
29 0.416339 0.941094 -0.075850
Frame 204
0 0.431179 0.959384 -0.091503
1 0.445834 0.981016 -0.113375
2 0.452690 0.999513 -0.138634
3 0.452371 1.013982 -0.166885
4 0.445418 1.022338 -0.196577
5 0.431318 1.024125 -0.224584
6 0.410200 1.019413 -0.249869
7 0.384174 1.012639 -0.264193
8 0.356352 1.004643 -0.269782
9 0.327548 0.994503 -0.271220
10 0.299350 0.983311 -0.270513
11 0.271033 0.972018 -0.268704
12 0.244151 0.960343 -0.265104
13 0.216842 0.948244 -0.260335
14 0.189474 0.935340 -0.252556
15 0.166268 0.920780 -0.236867
16 0.149492 0.912225 -0.212934
17 0.139707 0.903496 -0.184598
18 0.139899 0.894469 -0.153888
19 0.153119 0.882716 -0.122387
20 0.173431 0.875193 -0.100743
21 0.198509 0.869823 -0.081462
22 0.225787 0.867356 -0.067490
23 0.252627 0.870918 -0.054597
24 0.280386 0.876549 -0.044661
25 0.309618 0.885286 -0.039440
26 0.339604 0.897362 -0.040178
27 0.367030 0.910585 -0.046716
28 0.392234 0.926172 -0.059346
29 0.413524 0.942086 -0.074674
Frame 205
0 0.428285 0.960327 -0.090204
1 0.442933 0.981988 -0.112022
2 0.449836 1.000456 -0.137258
3 0.449626 1.014853 -0.165522
4 0.442848 1.023112 -0.195255
5 0.428967 1.024780 -0.223347
6 0.408092 1.019934 -0.248760
7 0.382234 1.013024 -0.263258
8 0.354546 1.004915 -0.269032
9 0.325807 0.994632 -0.270664
10 0.297671 0.983302 -0.270138
11 0.269397 0.971876 -0.268518
12 0.242549 0.960066 -0.265088
13 0.215268 0.947842 -0.260484
14 0.187910 0.934806 -0.252882
15 0.164689 0.920147 -0.237355
16 0.147786 0.911564 -0.213516
17 0.137853 0.902857 -0.185231
18 0.137886 0.893913 -0.154509
19 0.150958 0.882288 -0.122903
20 0.171144 0.874912 -0.101176
21 0.196102 0.869705 -0.081705
22 0.223285 0.867397 -0.067527
23 0.250000 0.871111 -0.054448
24 0.277643 0.876890 -0.044329
25 0.306785 0.885780 -0.038907
26 0.336714 0.898012 -0.039429
27 0.364123 0.911351 -0.045791
28 0.389329 0.927031 -0.058258
29 0.410623 0.943018 -0.073464
Frame 206
0 0.425379 0.961201 -0.088896
1 0.440015 0.982895 -0.110656
2 0.446964 1.001334 -0.135867
3 0.446861 1.015662 -0.164141
4 0.440257 1.023827 -0.193911
5 0.426595 1.025383 -0.222084
6 0.405969 1.020407 -0.247624
7 0.380285 1.013367 -0.262297
8 0.352737 1.005149 -0.268259
9 0.324067 0.994724 -0.270092
10 0.295992 0.983256 -0.269748
11 0.267765 0.971695 -0.268323
12 0.240950 0.959747 -0.265063
13 0.213701 0.947402 -0.260628
14 0.186353 0.934230 -0.253206
15 0.163122 0.919470 -0.237844
16 0.146091 0.910857 -0.214103
17 0.136006 0.902170 -0.185872
18 0.135879 0.893304 -0.155139
19 0.148804 0.881804 -0.123432
20 0.168863 0.874572 -0.101627
21 0.193697 0.869525 -0.081967
22 0.220780 0.867375 -0.067582
23 0.247366 0.871239 -0.054316
24 0.274890 0.877164 -0.044009
25 0.303939 0.886205 -0.038383
26 0.333810 0.898592 -0.038685
27 0.361202 0.912049 -0.044867
28 0.386411 0.927825 -0.057166
29 0.407710 0.943887 -0.072249
Frame 207
0 0.422535 0.962006 -0.087611
1 0.437154 0.983736 -0.109312
2 0.444142 1.002150 -0.134494
3 0.444141 1.016411 -0.162775
4 0.437708 1.024487 -0.192579
5 0.424264 1.025936 -0.220829
6 0.403883 1.020839 -0.246491
7 0.378372 1.013672 -0.261338
8 0.350971 1.005345 -0.267487
9 0.322368 0.994776 -0.269521
10 0.294360 0.983168 -0.269357
11 0.266181 0.971474 -0.268122
12 0.239402 0.959386 -0.265033
13 0.212186 0.946916 -0.260765
14 0.184854 0.933607 -0.253522
15 0.161620 0.918740 -0.238326
16 0.144463 0.910095 -0.214683
17 0.134230 0.901424 -0.186510
18 0.133946 0.892636 -0.155767
19 0.146727 0.881254 -0.123966
20 0.166662 0.874162 -0.102088
21 0.191372 0.869274 -0.082242
22 0.218354 0.867281 -0.067656
23 0.244810 0.871293 -0.054204
24 0.272213 0.877363 -0.043710
25 0.301166 0.886556 -0.037882
26 0.330977 0.899100 -0.037964
27 0.358351 0.912677 -0.043968
28 0.383558 0.928550 -0.056099
29 0.404861 0.944686 -0.071060
Frame 208
0 0.419827 0.962741 -0.086380
1 0.434421 0.984513 -0.108023
2 0.441441 1.002906 -0.133174
3 0.441534 1.017104 -0.161459
4 0.435263 1.025097 -0.191293
5 0.422028 1.026445 -0.219617
6 0.401886 1.021230 -0.245395
7 0.376545 1.013936 -0.260410
8 0.349288 1.005503 -0.266738
9 0.320755 0.994786 -0.268967
10 0.292815 0.983038 -0.268977
11 0.264690 0.971206 -0.267927
12 0.237947 0.958977 -0.265002
13 0.210770 0.946379 -0.260897
14 0.183460 0.932930 -0.253828
15 0.160232 0.917950 -0.238795
16 0.142959 0.909272 -0.215246
17 0.132584 0.900614 -0.187130
18 0.132153 0.891899 -0.156383
19 0.144801 0.880629 -0.124493
20 0.164618 0.873672 -0.102549
21 0.189207 0.868942 -0.082528
22 0.216089 0.867106 -0.067748
23 0.242415 0.871266 -0.054116
24 0.269696 0.877482 -0.043441
25 0.298553 0.886827 -0.037417
26 0.328300 0.899528 -0.037287
27 0.355650 0.913228 -0.043118
28 0.380851 0.929201 -0.055086
29 0.402150 0.945415 -0.069927
Frame 209
0 0.417328 0.963404 -0.085236
1 0.431889 0.985226 -0.106819
2 0.438931 1.003606 -0.131942
3 0.439107 1.017746 -0.160228
4 0.432983 1.025662 -0.190088
5 0.419944 1.026914 -0.218479
6 0.400029 1.021585 -0.244367
7 0.374853 1.014165 -0.259539
8 0.347733 1.005621 -0.266036
9 0.319271 0.994753 -0.268449
10 0.291403 0.982862 -0.268623
11 0.263335 0.970888 -0.267746
12 0.236631 0.958512 -0.264977
13 0.209501 0.945785 -0.261024
14 0.182219 0.932192 -0.254120
15 0.159009 0.917092 -0.239240
16 0.141634 0.908377 -0.215782
17 0.131130 0.899734 -0.187725
18 0.130566 0.891087 -0.156974
19 0.143094 0.879920 -0.125006
20 0.162807 0.873092 -0.103003
21 0.187281 0.868519 -0.082820
22 0.214066 0.866842 -0.067858
23 0.240264 0.871150 -0.054057
24 0.267424 0.877513 -0.043209
25 0.296184 0.887012 -0.036999
26 0.325862 0.899873 -0.036670
27 0.353184 0.913700 -0.042338
28 0.378369 0.929773 -0.054151
29 0.399654 0.946067 -0.068877
Frame 210
0 0.415091 0.963998 -0.084191
1 0.429612 0.985880 -0.105717
2 0.436669 1.004251 -0.130809
3 0.436918 1.018342 -0.159096
4 0.430929 1.026188 -0.188982
5 0.418072 1.027351 -0.217433
6 0.398367 1.021913 -0.243423
7 0.373348 1.014365 -0.258741
8 0.346358 1.005710 -0.265396
9 0.317966 0.994687 -0.267980
10 0.290172 0.982653 -0.268305
11 0.262165 0.970536 -0.267590
12 0.235501 0.958013 -0.264969
13 0.208422 0.945152 -0.261159
14 0.181177 0.931415 -0.254410
15 0.157995 0.916187 -0.239673
16 0.140530 0.907434 -0.216300
17 0.129913 0.898805 -0.188301
18 0.129232 0.890222 -0.157552
19 0.141652 0.879146 -0.125513
20 0.161273 0.872442 -0.103458
21 0.185641 0.868022 -0.083126
22 0.212333 0.866504 -0.067997
23 0.238408 0.870956 -0.054037
24 0.265448 0.877467 -0.043025
25 0.294109 0.887118 -0.036643
26 0.323715 0.900138 -0.036127
27 0.351002 0.914094 -0.041643
28 0.376163 0.930270 -0.053309
29 0.397424 0.946644 -0.067926
Frame 211
0 0.413089 0.964521 -0.083233
1 0.427567 0.986469 -0.104698
2 0.434635 1.004841 -0.129759
3 0.434951 1.018889 -0.158043
4 0.429089 1.026674 -0.187953
5 0.416402 1.027756 -0.216463
6 0.396897 1.022213 -0.242550
7 0.372026 1.014540 -0.258009
8 0.345159 1.005773 -0.264811
9 0.316839 0.994594 -0.267558
10 0.289119 0.982419 -0.268028
11 0.261176 0.970159 -0.267468
12 0.234553 0.957485 -0.264989
13 0.207530 0.944492 -0.261317
14 0.180328 0.930610 -0.254716
15 0.157180 0.915248 -0.240117
16 0.139636 0.906456 -0.216826
17 0.128915 0.897840 -0.188887
18 0.128128 0.889311 -0.158142
19 0.140450 0.878317 -0.126042
20 0.159986 0.871727 -0.103940
21 0.184252 0.867456 -0.083467
22 0.210852 0.866093 -0.068179
23 0.236806 0.870688 -0.054069
24 0.263726 0.877343 -0.042898
25 0.292289 0.887144 -0.036349
26 0.321818 0.900322 -0.035656
27 0.349068 0.914409 -0.041025
28 0.374197 0.930687 -0.052551
29 0.395430 0.947142 -0.067060
Frame 212
0 0.411269 0.964959 -0.082350
1 0.425701 0.986981 -0.103753
2 0.432778 1.005363 -0.128779
3 0.433158 1.019377 -0.157060
4 0.427415 1.027109 -0.186991
5 0.414893 1.028115 -0.215557
6 0.395580 1.022474 -0.241739
7 0.370854 1.014676 -0.257335
8 0.344103 1.005795 -0.264278
9 0.315856 0.994459 -0.267182
10 0.288214 0.982142 -0.267792
11 0.260336 0.969737 -0.267383
12 0.233756 0.956912 -0.265044
13 0.206794 0.943784 -0.261505
14 0.179639 0.929755 -0.255051
15 0.156534 0.914251 -0.240587
16 0.138918 0.905416 -0.217376
17 0.128101 0.896806 -0.189499
18 0.127216 0.888326 -0.158761
19 0.139447 0.877403 -0.126607
20 0.158903 0.870923 -0.104462
21 0.183071 0.866796 -0.083857
22 0.209581 0.865587 -0.068417
23 0.235412 0.870322 -0.054158
24 0.262211 0.877120 -0.042833
25 0.290673 0.887071 -0.036121
26 0.320123 0.900406 -0.035255
27 0.347333 0.914627 -0.040483
28 0.372424 0.931010 -0.051871
29 0.393621 0.947548 -0.066272
Frame 213
0 0.409585 0.965303 -0.081533
1 0.423967 0.987406 -0.102869
2 0.431050 1.005804 -0.127858
3 0.431491 1.019795 -0.156133
4 0.425865 1.027480 -0.186084
5 0.413503 1.028419 -0.214705
6 0.394376 1.022682 -0.240980
7 0.369793 1.014760 -0.256710
8 0.343157 1.005762 -0.263791
9 0.314985 0.994268 -0.266850
10 0.287422 0.981806 -0.267599
11 0.259614 0.969253 -0.267338
12 0.233080 0.956273 -0.265138
13 0.206183 0.943005 -0.261734
14 0.179079 0.928826 -0.255425
15 0.156022 0.913172 -0.241094
16 0.138340 0.904287 -0.217964
17 0.127436 0.895675 -0.190151
18 0.126461 0.887237 -0.159428
19 0.138604 0.876377 -0.127225
20 0.157982 0.870001 -0.105040
21 0.182053 0.866017 -0.084307
22 0.208473 0.864961 -0.068720
23 0.234179 0.869834 -0.054314
24 0.260854 0.876777 -0.042834
25 0.289213 0.886879 -0.035960
26 0.318580 0.900374 -0.034923
27 0.345744 0.914732 -0.040010
28 0.370792 0.931224 -0.051260
29 0.391949 0.947851 -0.065552
Frame 214
0 0.407984 0.965541 -0.080774
1 0.422314 0.987732 -0.102037
2 0.429402 1.006156 -0.126984
3 0.429902 1.020130 -0.155250
4 0.424391 1.027779 -0.185219
5 0.412189 1.028655 -0.213894
6 0.393250 1.022825 -0.240263
7 0.368811 1.014780 -0.256127
8 0.342289 1.005659 -0.263346
9 0.314193 0.994003 -0.266558
10 0.286713 0.981394 -0.267447
11 0.258979 0.968688 -0.267338
12 0.232493 0.955549 -0.265279
13 0.205666 0.942137 -0.262008
14 0.178619 0.927803 -0.255847
15 0.155617 0.911988 -0.241654
16 0.137870 0.903043 -0.218605
17 0.126886 0.894419 -0.190862
18 0.125823 0.886012 -0.160155
19 0.137881 0.875208 -0.127909
20 0.157182 0.868937 -0.105688
21 0.181156 0.865094 -0.084830
22 0.207482 0.864192 -0.069097
23 0.233062 0.869204 -0.054542
24 0.259608 0.876291 -0.042905
25 0.287859 0.886546 -0.035867
26 0.317140 0.900206 -0.034659
27 0.344253 0.914707 -0.039603
28 0.369253 0.931315 -0.050713
29 0.390365 0.948037 -0.064892
Frame 215
0 0.406418 0.965658 -0.080062
1 0.420692 0.987947 -0.101246
2 0.427781 1.006403 -0.126145
3 0.428341 1.020373 -0.154398
4 0.422948 1.027992 -0.184386
5 0.410908 1.028810 -0.213114
6 0.392160 1.022891 -0.239579
7 0.367870 1.014722 -0.255578
8 0.341462 1.005475 -0.262937
9 0.313447 0.993651 -0.266306
10 0.286056 0.980889 -0.267340
11 0.258399 0.968026 -0.267384
12 0.231964 0.954722 -0.265472
13 0.205213 0.941159 -0.262339
14 0.178227 0.926662 -0.256330
15 0.155284 0.910676 -0.242278
16 0.137477 0.901658 -0.219316
17 0.126416 0.893007 -0.191644
18 0.125268 0.884623 -0.160962
19 0.137242 0.873871 -0.128676
20 0.156461 0.867703 -0.106422
21 0.180336 0.864000 -0.085437
22 0.206568 0.863254 -0.069557
23 0.232015 0.868406 -0.054851
24 0.258425 0.875641 -0.043053
25 0.286562 0.886054 -0.035845
26 0.315750 0.899885 -0.034461
27 0.342809 0.914536 -0.039258
28 0.367756 0.931267 -0.050224
29 0.388819 0.948094 -0.064285
Frame 216
0 0.404836 0.965644 -0.079389
1 0.419049 0.988037 -0.100485
2 0.426140 1.006535 -0.125330
3 0.426761 1.020509 -0.153568
4 0.421489 1.028108 -0.183570
5 0.409618 1.028874 -0.212354
6 0.391068 1.022866 -0.238917
7 0.366934 1.014572 -0.255056
8 0.340644 1.005193 -0.262560
9 0.312715 0.993195 -0.266090
10 0.285417 0.980276 -0.267274
11 0.257843 0.967248 -0.267479
12 0.231465 0.953773 -0.265721
13 0.204793 0.940048 -0.262732
14 0.177873 0.925381 -0.256882
15 0.154997 0.909211 -0.242979
16 0.137127 0.900105 -0.220110
17 0.125994 0.891410 -0.192514
18 0.124761 0.883038 -0.161862
19 0.136646 0.872335 -0.129541
20 0.155778 0.866274 -0.107255
21 0.179553 0.862710 -0.086144
22 0.205685 0.862123 -0.070114
23 0.230991 0.867419 -0.055249
24 0.257258 0.874804 -0.043282
25 0.285274 0.885380 -0.035897
26 0.314365 0.899389 -0.034331
27 0.341364 0.914201 -0.038972
28 0.366252 0.931068 -0.049787
29 0.387262 0.948007 -0.063721
Frame 217
0 0.403188 0.965486 -0.078746
1 0.417336 0.987988 -0.099745
2 0.424428 1.006539 -0.124530
3 0.425114 1.020527 -0.152747
4 0.419969 1.028114 -0.182763
5 0.408275 1.028832 -0.211603
6 0.389937 1.022738 -0.238268
7 0.365967 1.014318 -0.254552
8 0.339803 1.004802 -0.262207
9 0.311962 0.992623 -0.265909
10 0.284765 0.979536 -0.267252
11 0.257280 0.966338 -0.267627
12 0.230963 0.952682 -0.266031
13 0.204377 0.938787 -0.263194
14 0.177529 0.923939 -0.257514
15 0.154724 0.907572 -0.243772
16 0.136791 0.898360 -0.221001
17 0.125587 0.889600 -0.193488
18 0.124266 0.881228 -0.162872
19 0.136060 0.870572 -0.130518
20 0.155097 0.864621 -0.108203
21 0.178765 0.861200 -0.086960
22 0.204790 0.860776 -0.070775
23 0.229945 0.866218 -0.055742
24 0.256060 0.873757 -0.043598
25 0.283946 0.884505 -0.036024
26 0.312934 0.898703 -0.034265
27 0.339866 0.913684 -0.038742
28 0.364689 0.930699 -0.049396
29 0.385643 0.947765 -0.063194
Frame 218
0 0.401440 0.965177 -0.078097
1 0.415517 0.987799 -0.098985
2 0.422609 1.006413 -0.123700
3 0.423359 1.020432 -0.151888
4 0.418348 1.028017 -0.181915
5 0.406841 1.028695 -0.210813
6 0.388728 1.022518 -0.237586
7 0.364935 1.013974 -0.254021
8 0.338904 1.004310 -0.261839
9 0.311161 0.991943 -0.265723
10 0.284071 0.978680 -0.267237
11 0.256683 0.965298 -0.267794
12 0.230436 0.951452 -0.266374
13 0.203943 0.937371 -0.263700
14 0.177174 0.922330 -0.258201
15 0.154447 0.905749 -0.244633
16 0.136449 0.896407 -0.221972
17 0.125177 0.887559 -0.194546
18 0.123766 0.879171 -0.163976
19 0.135464 0.868557 -0.131594
20 0.154397 0.862720 -0.109253
21 0.177952 0.859441 -0.087873
22 0.203864 0.859185 -0.071526
23 0.228858 0.864780 -0.056313
24 0.254809 0.872479 -0.043981
25 0.282555 0.883406 -0.036206
26 0.311430 0.897806 -0.034241
27 0.338287 0.912969 -0.038540
28 0.363040 0.930149 -0.049019
29 0.383929 0.947356 -0.062669
Frame 219
0 0.399614 0.964737 -0.077414
1 0.413612 0.987493 -0.098180
2 0.420698 1.006184 -0.122814
3 0.421515 1.020243 -0.150968
4 0.416641 1.027840 -0.181000
5 0.405330 1.028487 -0.209956
6 0.387450 1.022235 -0.236841
7 0.363843 1.013566 -0.253435
8 0.337953 1.003751 -0.261424
9 0.310317 0.991184 -0.265500
10 0.283345 0.977735 -0.267197
11 0.256061 0.964161 -0.267947
12 0.229892 0.950113 -0.266714
13 0.203501 0.935833 -0.264215
14 0.176819 0.920585 -0.258909
15 0.154176 0.903774 -0.245528
16 0.136115 0.894281 -0.222985
17 0.124779 0.885320 -0.195651
18 0.123278 0.876903 -0.165136
19 0.134876 0.866323 -0.132730
20 0.153699 0.860599 -0.110365
21 0.177137 0.857464 -0.088845
22 0.202929 0.857378 -0.072331
23 0.227753 0.863128 -0.056933
24 0.253529 0.870993 -0.044400
25 0.281123 0.882107 -0.036413
26 0.309878 0.896722 -0.034228
27 0.336651 0.912080 -0.038337
28 0.361325 0.929440 -0.048630
29 0.382145 0.946802 -0.062118
Frame 220
0 0.397740 0.964195 -0.076710
1 0.411654 0.987092 -0.097345
2 0.418732 1.005868 -0.121892
3 0.419613 1.019980 -0.150005
4 0.414879 1.027597 -0.180041
5 0.403768 1.028221 -0.209054
6 0.386133 1.021899 -0.236052
7 0.362719 1.013106 -0.252811
8 0.336976 1.003134 -0.260976
9 0.309453 0.990362 -0.265253
10 0.282604 0.976719 -0.267139
11 0.255433 0.962946 -0.268091
12 0.229350 0.948689 -0.267053
13 0.203067 0.934202 -0.264737
14 0.176479 0.918739 -0.259631
15 0.153924 0.901688 -0.246446
16 0.135803 0.892025 -0.224030
17 0.124408 0.882935 -0.196789
18 0.122817 0.874474 -0.166335
19 0.134312 0.863924 -0.133908
20 0.153019 0.858314 -0.111522
21 0.176335 0.855322 -0.089861
22 0.202003 0.855411 -0.073176
23 0.226647 0.861319 -0.057586
24 0.252242 0.869350 -0.044849
25 0.279677 0.880656 -0.036639
26 0.308304 0.895494 -0.034228
27 0.334985 0.911056 -0.038138
28 0.359573 0.928607 -0.048235
29 0.380319 0.946134 -0.061554
Frame 221
0 0.395850 0.963582 -0.075997
1 0.409678 0.986622 -0.096497
2 0.416743 1.005489 -0.120951
3 0.417689 1.019658 -0.149021
4 0.413097 1.027303 -0.179058
5 0.402188 1.027908 -0.208129
6 0.384802 1.021519 -0.235242
7 0.361587 1.012604 -0.252166
8 0.335996 1.002473 -0.260510
9 0.308591 0.989493 -0.264993
10 0.281871 0.975652 -0.267073
11 0.254818 0.961675 -0.268230
12 0.228827 0.947204 -0.267390
13 0.202657 0.932506 -0.265262
14 0.176169 0.916821 -0.260361
15 0.153709 0.899527 -0.247375
16 0.135529 0.889684 -0.225091
17 0.124077 0.880450 -0.197944
18 0.122395 0.871937 -0.167557
19 0.133785 0.861415 -0.135110
20 0.152373 0.855920 -0.112703
21 0.175563 0.853072 -0.090899
22 0.201102 0.853335 -0.074044
23 0.225562 0.859401 -0.058260
24 0.250970 0.867602 -0.045315
25 0.278240 0.879104 -0.036881
26 0.306734 0.894169 -0.034237
27 0.333318 0.909940 -0.037944
28 0.357815 0.927689 -0.047840
29 0.378480 0.945388 -0.060985
Frame 222
0 0.393975 0.962926 -0.075287
1 0.407715 0.986107 -0.095649
2 0.414768 1.005067 -0.120011
3 0.415778 1.019297 -0.148036
4 0.411326 1.026971 -0.178073
5 0.400621 1.027560 -0.207199
6 0.383487 1.021106 -0.234427
7 0.360475 1.012069 -0.251516
8 0.335037 1.001778 -0.260041
9 0.307755 0.988591 -0.264729
10 0.281166 0.974550 -0.267005
11 0.254236 0.960368 -0.268367
12 0.228344 0.945683 -0.267727
13 0.202287 0.930772 -0.265789
14 0.175906 0.914866 -0.261093
15 0.153540 0.897332 -0.248307
16 0.135303 0.887301 -0.226156
17 0.123801 0.877913 -0.199101
18 0.122028 0.869342 -0.168783
19 0.133309 0.858851 -0.136319
20 0.151774 0.853472 -0.113889
21 0.174836 0.850768 -0.091945
22 0.200242 0.851206 -0.074918
23 0.224516 0.857431 -0.058942
24 0.249736 0.865800 -0.045791
25 0.276837 0.877498 -0.037131
26 0.305194 0.892792 -0.034254
27 0.331675 0.908774 -0.037757
28 0.356079 0.926723 -0.047451
29 0.376663 0.944594 -0.060419
Frame 223
0 0.392149 0.962259 -0.074591
1 0.405802 0.985575 -0.094819
2 0.412842 1.004624 -0.119088
3 0.413915 1.018916 -0.147069
4 0.409604 1.026619 -0.177106
5 0.399101 1.027190 -0.206289
6 0.382219 1.020673 -0.233627
7 0.359408 1.011513 -0.250881
8 0.334125 1.001063 -0.259584
9 0.306968 0.987669 -0.264476
10 0.280512 0.973432 -0.266943
11 0.253705 0.959046 -0.268509
12 0.227919 0.944148 -0.268062
13 0.201975 0.929031 -0.266313
14 0.175702 0.912903 -0.261820
15 0.153433 0.895137 -0.249229
16 0.135142 0.884919 -0.227212
17 0.123590 0.875371 -0.200246
18 0.121726 0.866745 -0.169998
19 0.132897 0.856288 -0.137515
20 0.151234 0.851024 -0.115061
21 0.174166 0.848464 -0.092977
22 0.199439 0.849077 -0.075782
23 0.223526 0.855459 -0.059619
24 0.248557 0.863996 -0.046266
25 0.275490 0.875887 -0.037385
26 0.303709 0.891410 -0.034275
27 0.330086 0.907599 -0.037579
28 0.354392 0.925746 -0.047071
29 0.374894 0.943790 -0.059864
Frame 224
0 0.390404 0.961612 -0.073920
1 0.403974 0.985053 -0.094020
2 0.411001 1.004187 -0.118203
3 0.412136 1.018536 -0.146142
4 0.407964 1.026263 -0.176179
5 0.397662 1.026814 -0.205416
6 0.381026 1.020229 -0.232864
7 0.358417 1.010946 -0.250275
8 0.333286 1.000341 -0.259152
9 0.306256 0.986747 -0.264242
10 0.279930 0.972316 -0.266896
11 0.253247 0.957729 -0.268659
12 0.227569 0.942622 -0.268398
13 0.201734 0.927308 -0.266835
14 0.175574 0.910964 -0.262535
15 0.153400 0.892981 -0.250132
16 0.135055 0.882580 -0.228246
17 0.123456 0.872873 -0.201362
18 0.121501 0.864192 -0.171183
19 0.132559 0.853777 -0.138680
20 0.150769 0.848631 -0.116197
21 0.173568 0.846215 -0.093978
22 0.198708 0.847002 -0.076620
23 0.222609 0.853538 -0.060277
24 0.247456 0.862240 -0.046731
25 0.274223 0.874320 -0.037634
26 0.302307 0.890068 -0.034300
27 0.328575 0.906459 -0.037412
28 0.352787 0.924798 -0.046708
29 0.373208 0.943009 -0.059331
Frame 225
0 0.388763 0.961009 -0.073282
1 0.402254 0.984562 -0.093266
2 0.409273 1.003771 -0.117367
3 0.410469 1.018171 -0.145270
4 0.406432 1.025914 -0.175310
5 0.396325 1.026439 -0.204600
6 0.379932 1.019783 -0.232153
7 0.357519 1.010378 -0.249714
8 0.332538 0.999618 -0.258758
9 0.305633 0.985829 -0.264038
10 0.279434 0.971212 -0.266870
11 0.252873 0.956433 -0.268819
12 0.227307 0.941123 -0.268734
13 0.201576 0.925623 -0.267349
14 0.175529 0.909070 -0.263233
15 0.153447 0.890888 -0.251008
16 0.135049 0.880314 -0.229247
17 0.123405 0.870450 -0.202438
18 0.121359 0.861720 -0.172324
19 0.132302 0.851356 -0.139799
20 0.150382 0.846331 -0.117287
21 0.173049 0.844059 -0.094935
22 0.198055 0.845017 -0.077419
23 0.221777 0.851706 -0.060905
24 0.246446 0.860569 -0.047178
25 0.273050 0.872835 -0.037877
26 0.301002 0.888799 -0.034327
27 0.327165 0.905384 -0.037257
28 0.351282 0.923907 -0.046366
29 0.371626 0.942276 -0.058825
Frame 226
0 0.387212 0.960432 -0.072678
1 0.400629 0.984087 -0.092556
2 0.407639 1.003363 -0.116583
3 0.408894 1.017805 -0.144452
4 0.404988 1.025559 -0.174496
5 0.395072 1.026052 -0.203839
6 0.378916 1.019320 -0.231492
7 0.356697 1.009791 -0.249196
8 0.331862 0.998878 -0.258401
9 0.305084 0.984900 -0.263862
10 0.279008 0.970100 -0.266863
11 0.252568 0.955134 -0.268988
12 0.227115 0.939630 -0.269070
13 0.201484 0.923947 -0.267853
14 0.175552 0.907191 -0.263910
15 0.153560 0.888828 -0.251852
16 0.135112 0.878089 -0.230213
17 0.123426 0.868074 -0.203473
18 0.121290 0.859301 -0.173419
19 0.132118 0.848999 -0.140869
20 0.150066 0.844096 -0.118328
21 0.172601 0.841970 -0.095847
22 0.197475 0.843097 -0.078178
23 0.221020 0.849940 -0.061503
24 0.245518 0.858961 -0.047605
25 0.271963 0.871409 -0.038111
26 0.299784 0.887585 -0.034356
27 0.325842 0.904357 -0.037113
28 0.349865 0.923055 -0.046041
29 0.370132 0.941576 -0.058344
Frame 227
0 0.385725 0.959857 -0.072103
1 0.399069 0.983605 -0.091884
2 0.406068 1.002939 -0.115843
3 0.407379 1.017419 -0.143684
4 0.403602 1.025175 -0.173734
5 0.393870 1.025629 -0.203127
6 0.377948 1.018816 -0.230875
7 0.355918 1.009161 -0.248716
8 0.331231 0.998094 -0.258075
9 0.304578 0.983928 -0.263710
10 0.278625 0.968949 -0.266871
11 0.252306 0.953802 -0.269162
12 0.226967 0.938109 -0.269401
13 0.201438 0.922245 -0.268346
14 0.175622 0.905289 -0.264565
15 0.153722 0.886754 -0.252664
16 0.135226 0.875860 -0.231140
17 0.123501 0.865698 -0.204463
18 0.121276 0.856889 -0.174468
19 0.131991 0.846656 -0.141891
20 0.149809 0.841882 -0.119322
21 0.172212 0.839903 -0.096715
22 0.196956 0.841200 -0.078899
23 0.220328 0.848197 -0.062069
24 0.244657 0.857376 -0.048012
25 0.270945 0.870006 -0.038335
26 0.298635 0.886389 -0.034386
27 0.324586 0.903346 -0.036978
28 0.348514 0.922214 -0.045734
29 0.368706 0.940880 -0.057888
Frame 228
0 0.384278 0.959255 -0.071556
1 0.397546 0.983091 -0.091248
2 0.404531 1.002479 -0.115145
3 0.405895 1.016989 -0.142960
4 0.402239 1.024740 -0.173018
5 0.392689 1.025149 -0.202460
6 0.376997 1.018249 -0.230299
7 0.355156 1.008465 -0.248268
8 0.330613 0.997244 -0.257777
9 0.304089 0.982889 -0.263577
10 0.278258 0.967729 -0.266890
11 0.252063 0.952402 -0.269338
12 0.226842 0.936521 -0.269725
13 0.201414 0.920477 -0.268823
14 0.175721 0.903324 -0.265196
15 0.153913 0.884624 -0.253440
16 0.135374 0.873581 -0.232028
17 0.123614 0.863278 -0.205409
18 0.121305 0.854440 -0.175468
19 0.131911 0.844282 -0.142865
20 0.149601 0.839642 -0.120269
21 0.171873 0.837814 -0.097540
22 0.196488 0.839283 -0.079581
23 0.219687 0.846437 -0.062604
24 0.243849 0.855778 -0.048396
25 0.269980 0.868589 -0.038547
26 0.297536 0.885180 -0.034412
27 0.323379 0.902318 -0.036847
28 0.347209 0.921354 -0.045440
29 0.367323 0.940161 -0.057452
Frame 229
0 0.382846 0.958600 -0.071032
1 0.396033 0.982520 -0.090644
2 0.402999 1.001957 -0.114484
3 0.404410 1.016492 -0.142277
4 0.400872 1.024233 -0.172344
5 0.391499 1.024590 -0.201833
6 0.376033 1.017598 -0.229758
7 0.354379 1.007680 -0.247850
8 0.329983 0.996299 -0.257500
9 0.303589 0.981752 -0.263458
10 0.277884 0.966411 -0.266915
11 0.251815 0.950901 -0.269511
12 0.226714 0.934834 -0.270039
13 0.201393 0.918608 -0.269281
14 0.175827 0.901256 -0.265800
15 0.154116 0.882395 -0.254181
16 0.135538 0.871207 -0.232873
17 0.123749 0.860771 -0.206312
18 0.121362 0.851908 -0.176423
19 0.131864 0.841832 -0.143791
20 0.149431 0.837329 -0.121167
21 0.171574 0.835658 -0.098320
22 0.196059 0.837303 -0.080223
23 0.219085 0.844620 -0.063107
24 0.243081 0.854125 -0.048756
25 0.269051 0.867122 -0.038743
26 0.296470 0.883923 -0.034432
27 0.322201 0.901244 -0.036719
28 0.345928 0.920446 -0.045156
29 0.365959 0.939392 -0.057033
Frame 230
0 0.381404 0.957865 -0.070528
1 0.394503 0.981870 -0.090066
2 0.401442 1.001352 -0.113855
3 0.402893 1.015905 -0.141629
4 0.399466 1.023630 -0.171705
5 0.390265 1.023930 -0.201240
6 0.375023 1.016838 -0.229247
7 0.353557 1.006781 -0.247455
8 0.329310 0.995235 -0.257241
9 0.303049 0.980492 -0.263351
10 0.277474 0.964965 -0.266942
11 0.251536 0.949269 -0.269678
12 0.226560 0.933010 -0.270341
13 0.201352 0.916599 -0.269718
14 0.175920 0.899047 -0.266376
15 0.154313 0.880020 -0.254885
16 0.135703 0.868693 -0.233675
17 0.123893 0.858130 -0.207169
18 0.121434 0.849247 -0.177328
19 0.131839 0.839259 -0.144667
20 0.149288 0.834900 -0.122016
21 0.171304 0.833392 -0.099056
22 0.195659 0.835221 -0.080826
23 0.218512 0.842705 -0.063578
24 0.242339 0.852381 -0.049091
25 0.268144 0.865569 -0.038923
26 0.295417 0.882581 -0.034444
27 0.321033 0.900091 -0.036591
28 0.344650 0.919459 -0.044879
29 0.364592 0.938544 -0.056628
Frame 231
0 0.379928 0.957023 -0.070039
1 0.392926 0.981112 -0.089512
2 0.399830 1.000636 -0.113255
3 0.401314 1.015203 -0.141012
4 0.397991 1.022907 -0.171098
5 0.388958 1.023145 -0.200675
6 0.373937 1.015947 -0.228761
7 0.352661 1.005742 -0.247080
8 0.328564 0.994027 -0.256995
9 0.302441 0.979078 -0.263248
10 0.277003 0.963360 -0.266968
11 0.251202 0.947472 -0.269836
12 0.226356 0.931016 -0.270625
13 0.201269 0.914413 -0.270132
14 0.175979 0.896655 -0.266921
15 0.154486 0.877457 -0.255548
16 0.135851 0.865991 -0.234431
17 0.124028 0.855311 -0.207980
18 0.121506 0.846416 -0.178185
19 0.131824 0.836518 -0.145494
20 0.149162 0.832307 -0.122817
21 0.171054 0.830973 -0.099747
22 0.195281 0.832994 -0.081391
23 0.217956 0.840652 -0.064015
24 0.241609 0.850507 -0.049399
25 0.267239 0.863893 -0.039082
26 0.294362 0.881124 -0.034444
27 0.319855 0.898825 -0.036458
28 0.343354 0.918363 -0.044606
29 0.363197 0.937588 -0.056235
Frame 232
0 0.378391 0.956047 -0.069566
1 0.391274 0.980222 -0.088978
2 0.398132 0.999787 -0.112679
3 0.399639 1.014363 -0.140421
4 0.396413 1.022042 -0.170517
5 0.387544 1.022211 -0.200136
6 0.372743 1.014900 -0.228297
7 0.351658 1.004540 -0.246720
8 0.327717 0.992646 -0.256757
9 0.301738 0.977482 -0.263148
10 0.276446 0.961565 -0.266987
11 0.250788 0.945477 -0.269981
12 0.226079 0.928814 -0.270892
13 0.201125 0.912011 -0.270518
14 0.175988 0.894043 -0.267433
15 0.154617 0.874661 -0.256171
16 0.135968 0.863060 -0.235140
17 0.124141 0.852270 -0.208744
18 0.121567 0.843368 -0.178992
19 0.131808 0.833564 -0.146273
20 0.149045 0.829507 -0.123568
21 0.170817 0.828355 -0.100394
22 0.194913 0.830579 -0.081915
23 0.217406 0.838421 -0.064419
24 0.240877 0.848464 -0.049678
25 0.266325 0.862057 -0.039220
26 0.293285 0.879516 -0.034430
27 0.318648 0.897418 -0.036319
28 0.342018 0.917128 -0.044334
29 0.361751 0.936495 -0.055849
Frame 233
0 0.376781 0.954913 -0.069101
1 0.389534 0.979181 -0.088460
2 0.396333 0.998785 -0.112122
3 0.397852 1.013367 -0.139853
4 0.394716 1.021016 -0.169959
5 0.386007 1.021113 -0.199616
6 0.371426 1.013682 -0.227846
7 0.350536 1.003158 -0.246371
8 0.326753 0.991078 -0.256523
9 0.300925 0.975687 -0.263043
10 0.275786 0.959564 -0.266996
11 0.250282 0.943265 -0.270108
12 0.225715 0.926385 -0.271135
13 0.200906 0.909375 -0.270874
14 0.175933 0.891188 -0.267908
15 0.154698 0.871610 -0.256748
16 0.136045 0.859872 -0.235797
17 0.124224 0.848983 -0.209458
18 0.121610 0.840078 -0.179747
19 0.131787 0.830370 -0.147000
20 0.148933 0.826474 -0.124266
21 0.170586 0.825515 -0.100993
22 0.194552 0.827953 -0.082399
23 0.216857 0.835989 -0.064787
24 0.240137 0.846229 -0.049925
25 0.265392 0.860039 -0.039333
26 0.292178 0.877733 -0.034399
27 0.317401 0.895845 -0.036169
28 0.340631 0.915733 -0.044059
29 0.360243 0.935246 -0.055469
Frame 234
0 0.375140 0.953636 -0.068647
1 0.387749 0.977996 -0.087956
2 0.394479 0.997639 -0.111584
3 0.396003 1.012223 -0.139304
4 0.392949 1.019839 -0.169419
5 0.384396 1.019861 -0.199113
6 0.370029 1.012306 -0.227407
7 0.349335 1.001613 -0.246028
8 0.325712 0.989345 -0.256288
9 0.300040 0.973720 -0.262930
10 0.275061 0.957386 -0.266987
11 0.249716 0.940871 -0.270211
12 0.225298 0.923770 -0.271348
13 0.200643 0.906546 -0.271193
14 0.175841 0.888138 -0.268341
15 0.154752 0.868357 -0.257276
16 0.136103 0.856482 -0.236397
17 0.124297 0.845500 -0.210111
18 0.121652 0.836600 -0.180438
19 0.131777 0.826990 -0.147666
20 0.148841 0.823256 -0.124905
21 0.170381 0.822499 -0.101538
22 0.194215 0.825160 -0.082834
23 0.216330 0.833391 -0.065113
24 0.239412 0.843837 -0.050135
25 0.264465 0.857868 -0.039417
26 0.291070 0.875803 -0.034347
27 0.316147 0.894128 -0.036006
28 0.339229 0.914196 -0.043780
29 0.358710 0.933855 -0.055091
Frame 235
0 0.373521 0.952237 -0.068199
1 0.385976 0.976688 -0.087466
2 0.392632 0.996365 -0.111064
3 0.394154 1.010947 -0.138774
4 0.391176 1.018529 -0.168898
5 0.382772 1.018475 -0.198624
6 0.368615 1.010797 -0.226976
7 0.348115 0.999936 -0.245688
8 0.324651 0.987480 -0.256047
9 0.299136 0.971620 -0.262801
10 0.274320 0.955079 -0.266957
11 0.249137 0.938345 -0.270285
12 0.224869 0.921024 -0.271525
13 0.200372 0.903588 -0.271466
14 0.175745 0.884959 -0.268721
15 0.154807 0.864974 -0.257743
16 0.136168 0.852968 -0.236931
17 0.124384 0.841900 -0.210696
18 0.121718 0.833006 -0.181058
19 0.131800 0.823495 -0.148261
20 0.148789 0.819926 -0.125476
21 0.170221 0.819371 -0.102020
22 0.193926 0.822255 -0.083214
23 0.215849 0.830685 -0.065391
24 0.238731 0.841335 -0.050305
25 0.263580 0.855586 -0.039468
26 0.289999 0.873762 -0.034271
27 0.314927 0.892299 -0.035827
28 0.337857 0.912544 -0.043493
29 0.357201 0.932345 -0.054715
Frame 236
0 0.371978 0.950735 -0.067759
1 0.384278 0.975273 -0.086987
2 0.390856 0.994980 -0.110558
3 0.392370 1.009558 -0.138261
4 0.389463 1.017104 -0.168392
5 0.381201 1.016976 -0.198147
6 0.367247 1.009179 -0.226551
7 0.346936 0.998155 -0.245346
8 0.323628 0.985518 -0.255795
9 0.298267 0.969428 -0.262653
10 0.273612 0.952686 -0.266899
11 0.248589 0.935741 -0.270323
12 0.224469 0.918204 -0.271659
13 0.200131 0.900560 -0.271689
14 0.175676 0.881720 -0.269042
15 0.154889 0.861534 -0.258143
16 0.136267 0.849400 -0.237392
17 0.124509 0.838254 -0.211202
18 0.121829 0.829372 -0.181597
19 0.131875 0.819960 -0.148775
20 0.148797 0.816551 -0.125970
21 0.170125 0.816196 -0.102433
22 0.193704 0.819300 -0.083531
23 0.215439 0.827922 -0.065614
24 0.238122 0.838772 -0.050427
25 0.262769 0.853239 -0.039480
26 0.289005 0.871647 -0.034165
27 0.313784 0.890391 -0.035627
28 0.336562 0.910805 -0.043197
29 0.355768 0.930741 -0.054338
Frame 237
0 0.370566 0.949152 -0.067321
1 0.382713 0.973770 -0.086516
2 0.389214 0.993503 -0.110065
3 0.390720 1.008073 -0.137762
4 0.387877 1.015584 -0.167898
5 0.379750 1.015385 -0.197677
6 0.365987 1.007476 -0.226128
7 0.345857 0.996298 -0.244999
8 0.322698 0.983493 -0.255528
9 0.297484 0.967187 -0.262480
10 0.272984 0.950253 -0.266808
11 0.248118 0.933107 -0.270320
12 0.224142 0.915364 -0.271743
13 0.199958 0.897525 -0.271852
14 0.175669 0.878484 -0.269297
15 0.155028 0.858110 -0.258469
16 0.136425 0.845855 -0.237772
17 0.124695 0.834639 -0.211621
18 0.122005 0.825770 -0.182047
19 0.132022 0.816456 -0.149202
20 0.148882 0.813202 -0.126380
21 0.170110 0.813039 -0.102767
22 0.193570 0.816352 -0.083778
23 0.215124 0.825156 -0.065778
24 0.237615 0.836195 -0.050497
25 0.262065 0.850866 -0.039451
26 0.288124 0.869496 -0.034028
27 0.312759 0.888433 -0.035405
28 0.335389 0.909007 -0.042888
29 0.354463 0.929068 -0.053958
Frame 238
0 0.369341 0.947511 -0.066885
1 0.381342 0.972200 -0.086053
2 0.387769 0.991951 -0.109582
3 0.389268 1.006513 -0.137273
4 0.386485 1.013989 -0.167414
5 0.378483 1.013725 -0.197213
6 0.364899 1.005714 -0.225702
7 0.344937 0.994397 -0.244638
8 0.321917 0.981441 -0.255240
9 0.296842 0.964937 -0.262276
10 0.272486 0.947826 -0.266678
11 0.247766 0.930494 -0.270270
12 0.223927 0.912562 -0.271771
13 0.199887 0.894543 -0.271950
14 0.175752 0.875320 -0.269476
15 0.155247 0.854772 -0.258713
16 0.136666 0.842406 -0.238067
17 0.124964 0.831127 -0.211947
18 0.122267 0.822276 -0.182400
19 0.132258 0.813056 -0.149533
20 0.149061 0.809946 -0.126699
21 0.170198 0.809962 -0.103018
22 0.193544 0.813469 -0.083950
23 0.214929 0.822441 -0.065875
24 0.237237 0.833656 -0.050512
25 0.261503 0.848514 -0.039375
26 0.287396 0.867347 -0.033855
27 0.311896 0.886462 -0.035158
28 0.334388 0.907179 -0.042563
29 0.353336 0.927352 -0.053572
Frame 239
0 0.368359 0.945837 -0.066450
1 0.380225 0.970584 -0.085593
2 0.386588 0.990347 -0.109106
3 0.388081 1.004895 -0.136793
4 0.385354 1.012340 -0.166935
5 0.377467 1.012019 -0.196749
6 0.364046 1.003921 -0.225269
7 0.344237 0.992481 -0.244263
8 0.321344 0.979396 -0.254926
9 0.296390 0.962719 -0.262037
10 0.272167 0.945453 -0.266504
11 0.247580 0.927956 -0.270168
12 0.223866 0.909854 -0.271735
13 0.199955 0.891676 -0.271976
14 0.175958 0.872291 -0.269573
15 0.155572 0.851594 -0.258868
16 0.137010 0.839127 -0.238266
17 0.125336 0.827792 -0.212170
18 0.122633 0.818961 -0.182650
19 0.132599 0.809830 -0.149762
20 0.149350 0.806851 -0.126920
21 0.170403 0.807029 -0.103178
22 0.193648 0.810709 -0.084040
23 0.214876 0.819830 -0.065901
24 0.237018 0.831199 -0.050465
25 0.261115 0.846224 -0.039249
26 0.286860 0.865238 -0.033642
27 0.311236 0.884508 -0.034880
28 0.333605 0.905350 -0.042221
29 0.352439 0.925618 -0.053178
Frame 240
0 0.367590 0.944144 -0.066009
1 0.379336 0.968937 -0.085132
2 0.385642 0.988705 -0.108631
3 0.387132 1.003240 -0.136315
4 0.384457 1.010657 -0.166454
5 0.376674 1.010288 -0.196279
6 0.363397 1.002120 -0.224823
7 0.343724 0.990579 -0.243863
8 0.320942 0.977390 -0.254579
9 0.296092 0.960568 -0.261755
10 0.271983 0.943167 -0.266278
11 0.247515 0.925528 -0.270006
12 0.223911 0.907281 -0.271629
13 0.200111 0.888970 -0.271921
14 0.176232 0.869447 -0.269582
15 0.155946 0.848626 -0.258929
16 0.137403 0.836068 -0.238367
17 0.125753 0.824685 -0.212286
18 0.123044 0.815873 -0.182788
19 0.132988 0.806826 -0.149880
20 0.149691 0.803963 -0.127040
21 0.170668 0.804280 -0.103244
22 0.193822 0.808107 -0.084046
23 0.214912 0.817356 -0.065851
24 0.236908 0.828857 -0.050355
25 0.260857 0.844022 -0.039070
26 0.286472 0.863193 -0.033387
27 0.310742 0.882593 -0.034571
28 0.333003 0.903538 -0.041856
29 0.351739 0.923883 -0.052772
Frame 241
0 0.366945 0.942430 -0.065568
1 0.378584 0.967258 -0.084674
2 0.384839 0.987027 -0.108161
3 0.386325 1.001548 -0.135842
4 0.383696 1.008940 -0.165977
5 0.376003 1.008532 -0.195808
6 0.362853 1.000306 -0.224369
7 0.343298 0.988683 -0.243445
8 0.320615 0.975409 -0.254204
9 0.295854 0.958465 -0.261436
10 0.271843 0.940948 -0.266007
11 0.247479 0.923188 -0.269788
12 0.223974 0.904815 -0.271456
13 0.200269 0.886389 -0.271793
14 0.176491 0.866749 -0.269505
15 0.156290 0.845824 -0.258897
16 0.137767 0.833187 -0.238371
17 0.126141 0.821759 -0.212295
18 0.123430 0.812966 -0.182819
19 0.133356 0.803997 -0.149893
20 0.150016 0.801237 -0.127061
21 0.170928 0.801675 -0.103219
22 0.194003 0.805629 -0.083970
23 0.214973 0.814987 -0.065732
24 0.236839 0.826600 -0.050186
25 0.260658 0.841887 -0.038843
26 0.286162 0.861192 -0.033095
27 0.310338 0.880700 -0.034234
28 0.332505 0.901733 -0.041474
29 0.351154 0.922141 -0.052358
Frame 242
0 0.366402 0.940686 -0.065137
1 0.377938 0.965543 -0.084231
2 0.384142 0.985307 -0.107711
3 0.385622 0.999813 -0.135390
4 0.383030 1.007182 -0.165519
5 0.375413 1.006738 -0.195353
6 0.362374 0.998463 -0.223923
7 0.342922 0.986768 -0.243025
8 0.320325 0.973424 -0.253817
9 0.295641 0.956374 -0.261091
10 0.271717 0.938754 -0.265700
11 0.247447 0.920886 -0.269525
12 0.224032 0.902404 -0.271227
13 0.200412 0.883875 -0.271597
14 0.176723 0.864132 -0.269350
15 0.156598 0.843121 -0.258779
16 0.138096 0.830410 -0.238280
17 0.126498 0.818944 -0.212200
18 0.123791 0.810172 -0.182743
19 0.133707 0.801277 -0.149802
20 0.150331 0.798612 -0.126984
21 0.171188 0.799159 -0.103106
22 0.194198 0.803226 -0.083814
23 0.215061 0.812680 -0.065544
24 0.236812 0.824393 -0.049960
25 0.260515 0.839787 -0.038572
26 0.285921 0.859211 -0.032772
27 0.310013 0.878815 -0.033878
28 0.332095 0.899921 -0.041085
29 0.350663 0.920380 -0.051946
Frame 243
0 0.365935 0.938905 -0.064729
1 0.377367 0.963785 -0.083818
2 0.383518 0.983541 -0.107295
3 0.384983 0.998030 -0.134974
4 0.382416 1.005374 -0.165096
5 0.374863 1.004896 -0.194928
6 0.361918 0.996575 -0.223500
7 0.342556 0.984814 -0.242619
8 0.320036 0.971407 -0.253431
9 0.295422 0.954260 -0.260735
10 0.271576 0.936544 -0.265370
11 0.247393 0.918577 -0.269227
12 0.224063 0.899995 -0.270949
13 0.200521 0.881372 -0.271340
14 0.176916 0.861532 -0.269122
15 0.156862 0.840446 -0.258577
16 0.138387 0.827672 -0.238098
17 0.126824 0.816170 -0.212005
18 0.124131 0.807421 -0.182564
19 0.134047 0.798601 -0.149610
20 0.150645 0.796026 -0.126812
21 0.171457 0.796676 -0.102905
22 0.194410 0.800849 -0.083583
23 0.215179 0.810393 -0.065291
24 0.236828 0.822198 -0.049682
25 0.260426 0.837692 -0.038261
26 0.285742 0.857226 -0.032422
27 0.309755 0.876916 -0.033509
28 0.331756 0.898087 -0.040695
29 0.350248 0.918591 -0.051547
Frame 244
0 0.365517 0.937078 -0.064355
1 0.376840 0.961980 -0.083448
2 0.382929 0.981724 -0.106928
3 0.384370 0.996190 -0.134610
4 0.381815 1.003507 -0.164726
5 0.374311 1.002991 -0.194551
6 0.361446 0.994623 -0.223117
7 0.342164 0.982797 -0.242242
8 0.319711 0.969326 -0.253061
9 0.295163 0.952085 -0.260381
10 0.271391 0.934275 -0.265029
11 0.247293 0.916213 -0.268902
12 0.224044 0.897534 -0.270633
13 0.200577 0.878820 -0.271033
14 0.177055 0.858887 -0.268826
15 0.157076 0.837732 -0.258296
16 0.138636 0.824900 -0.237827
17 0.127119 0.813368 -0.211710
18 0.124452 0.804646 -0.182283
19 0.134382 0.795903 -0.149317
20 0.150963 0.793420 -0.126546
21 0.171742 0.794172 -0.102621
22 0.194648 0.798449 -0.083278
23 0.215332 0.808083 -0.064976
24 0.236888 0.819979 -0.049353
25 0.260387 0.835572 -0.037914
26 0.285617 0.855212 -0.032054
27 0.309553 0.874985 -0.033134
28 0.331474 0.896218 -0.040316
29 0.349884 0.916760 -0.051172
Frame 245
0 0.365126 0.935195 -0.064026
1 0.376324 0.960120 -0.083134
2 0.382339 0.979848 -0.106625
3 0.383741 0.994287 -0.134314
4 0.381185 1.001571 -0.164422
5 0.373717 1.001011 -0.194239
6 0.360917 0.992589 -0.222790
7 0.341705 0.980692 -0.241909
8 0.319316 0.967153 -0.252721
9 0.294831 0.949814 -0.260042
10 0.271134 0.931907 -0.264687
11 0.247121 0.913746 -0.268561
12 0.223954 0.894970 -0.270287
13 0.200566 0.876162 -0.270681
14 0.177133 0.856134 -0.268471
15 0.157233 0.834909 -0.257939
16 0.138840 0.822025 -0.237468
17 0.127382 0.810470 -0.211319
18 0.124756 0.801779 -0.181900
19 0.134717 0.793118 -0.148927
20 0.151293 0.790731 -0.126187
21 0.172050 0.791592 -0.102251
22 0.194918 0.795978 -0.082901
23 0.215524 0.805707 -0.064599
24 0.236991 0.817700 -0.048978
25 0.260396 0.833396 -0.037536
26 0.285540 0.853145 -0.031673
27 0.309396 0.873003 -0.032761
28 0.331229 0.894297 -0.039954
29 0.349552 0.914877 -0.050830
Frame 246
0 0.364734 0.933251 -0.063755
1 0.375789 0.958200 -0.082890
2 0.381714 0.977908 -0.106400
3 0.383060 0.992314 -0.134102
4 0.380484 0.999556 -0.164204
5 0.373036 0.998943 -0.194008
6 0.360290 0.990454 -0.222536
7 0.341142 0.978476 -0.241635
8 0.318814 0.964858 -0.252426
9 0.294394 0.947411 -0.259731
10 0.270777 0.929397 -0.264356
11 0.246854 0.911130 -0.268214
12 0.223772 0.892249 -0.269919
13 0.200468 0.873338 -0.270291
14 0.177136 0.853208 -0.268060
15 0.157329 0.831911 -0.257512
16 0.138997 0.818980 -0.237025
17 0.127615 0.807406 -0.210832
18 0.125050 0.798753 -0.181419
19 0.135061 0.790181 -0.148441
20 0.151644 0.787901 -0.125736
21 0.172390 0.788881 -0.101802
22 0.195227 0.793388 -0.082454
23 0.215760 0.803224 -0.064165
24 0.237142 0.815325 -0.048558
25 0.260450 0.831135 -0.037131
26 0.285502 0.850999 -0.031284
27 0.309271 0.870949 -0.032396
28 0.331008 0.892309 -0.039621
29 0.349230 0.912931 -0.050532
Frame 247
0 0.364313 0.931231 -0.063555
1 0.375201 0.956210 -0.082730
2 0.381013 0.975897 -0.106270
3 0.382283 0.990261 -0.133989
4 0.379671 0.997450 -0.164087
5 0.372227 0.996771 -0.193873
6 0.359525 0.988200 -0.222372
7 0.340435 0.976122 -0.241438
8 0.318167 0.962407 -0.252191
9 0.293821 0.944836 -0.259462
10 0.270290 0.926703 -0.264047
11 0.246467 0.908316 -0.267870
12 0.223476 0.889319 -0.269538
13 0.200271 0.870292 -0.269871
14 0.177055 0.850047 -0.267600
15 0.157361 0.828668 -0.257016
16 0.139104 0.815694 -0.236499
17 0.127820 0.804107 -0.210251
18 0.125336 0.795499 -0.180839
19 0.135421 0.787026 -0.147859
20 0.152027 0.784867 -0.125195
21 0.172772 0.785986 -0.101271
22 0.195583 0.790632 -0.081941
23 0.216045 0.800591 -0.063677
24 0.237339 0.812817 -0.048098
25 0.260546 0.828756 -0.036703
26 0.285496 0.848750 -0.030895
27 0.309168 0.868806 -0.032050
28 0.330791 0.890240 -0.039324
29 0.348897 0.910905 -0.050289
Frame 248
0 0.363787 0.929140 -0.063426
1 0.374475 0.954156 -0.082655
2 0.380152 0.973818 -0.106232
3 0.381323 0.988134 -0.133974
4 0.378654 0.995261 -0.164070
5 0.371200 0.994503 -0.193834
6 0.358530 0.985831 -0.222294
7 0.339498 0.973635 -0.241316
8 0.317292 0.959802 -0.252013
9 0.293028 0.942086 -0.259234
10 0.269597 0.923815 -0.263763
11 0.245885 0.905288 -0.267532
12 0.222999 0.886159 -0.269148
13 0.199907 0.867001 -0.269427
14 0.176828 0.846625 -0.267097
15 0.157270 0.825151 -0.256458
16 0.139109 0.812134 -0.235898
17 0.127945 0.800538 -0.209585
18 0.125567 0.791984 -0.180170
19 0.135747 0.783618 -0.147194
20 0.152391 0.781595 -0.124570
21 0.173148 0.782873 -0.100668
22 0.195936 0.787681 -0.081366
23 0.216325 0.797784 -0.063140
24 0.237527 0.810156 -0.047602
25 0.260625 0.826244 -0.036257
26 0.285459 0.846384 -0.030507
27 0.309017 0.866564 -0.031722
28 0.330509 0.888085 -0.039067
29 0.348476 0.908802 -0.050103
Frame 249
0 0.363133 0.927024 -0.063344
1 0.373603 0.952081 -0.082634
2 0.379126 0.971721 -0.106256
3 0.380182 0.985983 -0.134022
4 0.377441 0.993043 -0.164115
5 0.369967 0.992196 -0.193857
6 0.357321 0.983412 -0.222273
7 0.338350 0.971083 -0.241241
8 0.316205 0.957118 -0.251874
9 0.292031 0.939241 -0.259032
10 0.268709 0.920821 -0.263493
11 0.245120 0.902140 -0.267198
12 0.222349 0.882865 -0.268752
13 0.199382 0.863567 -0.268969
14 0.176455 0.843050 -0.266568
15 0.157049 0.821470 -0.255864
16 0.138998 0.808412 -0.235249
17 0.127970 0.796809 -0.208867
18 0.125713 0.788313 -0.179447
19 0.136005 0.780059 -0.146477
20 0.152699 0.778179 -0.123890
21 0.173473 0.779633 -0.100019
22 0.196240 0.784620 -0.080757
23 0.216556 0.794878 -0.062575
24 0.237662 0.807410 -0.047085
25 0.260642 0.823660 -0.035800
26 0.285349 0.843959 -0.030121
27 0.308783 0.864275 -0.031408
28 0.330129 0.885891 -0.038837
29 0.347943 0.906667 -0.049956
Frame 250
0 0.362412 0.924941 -0.063288
1 0.372659 0.950039 -0.082640
2 0.378021 0.969656 -0.106309
3 0.378955 0.983863 -0.134102
4 0.376138 0.990851 -0.164193
5 0.368638 0.989913 -0.193910
6 0.356014 0.981012 -0.222278
7 0.337105 0.968544 -0.241191
8 0.315022 0.954443 -0.251755
9 0.290943 0.936397 -0.258846
10 0.267732 0.917826 -0.263237
11 0.244269 0.898986 -0.266874
12 0.221619 0.879558 -0.268360
13 0.198782 0.860122 -0.268513
14 0.176013 0.839459 -0.266037
15 0.156766 0.817768 -0.255261
16 0.138831 0.804672 -0.234589
17 0.127945 0.793067 -0.208135
18 0.125814 0.784630 -0.178711
19 0.136224 0.776487 -0.145749
20 0.152973 0.774752 -0.123197
21 0.173764 0.776388 -0.099359
22 0.196511 0.781561 -0.080138
23 0.216752 0.791980 -0.062005
24 0.237759 0.804676 -0.046566
25 0.260619 0.821092 -0.035345
26 0.285195 0.841555 -0.029740
27 0.308500 0.862010 -0.031106
28 0.329695 0.883724 -0.038624
29 0.347351 0.904561 -0.049831
Frame 251
0 0.361689 0.922945 -0.063232
1 0.371717 0.948084 -0.082646
2 0.376924 0.967678 -0.106361
3 0.377741 0.981829 -0.134179
4 0.374853 0.988746 -0.164267
5 0.367329 0.987719 -0.193961
6 0.354727 0.978701 -0.222284
7 0.335880 0.966097 -0.241143
8 0.313857 0.951864 -0.251642
9 0.289873 0.933653 -0.258668
10 0.266773 0.914936 -0.262990
11 0.243435 0.895938 -0.266562
12 0.220904 0.876360 -0.267982
13 0.198194 0.856791 -0.268076
14 0.175581 0.835991 -0.265528
15 0.156490 0.814189 -0.254681
16 0.138668 0.801058 -0.233954
17 0.127918 0.789453 -0.207430
18 0.125908 0.781075 -0.178001
19 0.136430 0.773044 -0.145046
20 0.153231 0.771449 -0.122525
21 0.174039 0.773262 -0.098720
22 0.196762 0.778618 -0.079540
23 0.216930 0.789195 -0.061453
24 0.237837 0.802053 -0.046061
25 0.260577 0.818629 -0.034901
26 0.285024 0.839251 -0.029369
27 0.308201 0.859843 -0.030810
28 0.329249 0.881652 -0.038415
29 0.346751 0.902544 -0.049709
Frame 252
0 0.361024 0.921098 -0.063154
1 0.370855 0.946271 -0.082623
2 0.375925 0.965841 -0.106379
3 0.376640 0.979938 -0.134220
4 0.373691 0.986787 -0.164309
5 0.366153 0.985677 -0.193979
6 0.353576 0.976551 -0.222264
7 0.334790 0.963821 -0.241075
8 0.312828 0.949468 -0.251516
9 0.288932 0.931107 -0.258489
10 0.265937 0.912255 -0.262753
11 0.242713 0.893113 -0.266267
12 0.220296 0.873396 -0.267631
13 0.197705 0.853709 -0.267674
14 0.175233 0.832781 -0.265062
15 0.156285 0.810877 -0.254152
16 0.138566 0.797716 -0.233379
17 0.127934 0.786112 -0.206792
18 0.126029 0.777794 -0.177359
19 0.136648 0.769864 -0.144409
20 0.153494 0.768399 -0.121913
21 0.174310 0.770379 -0.098134
22 0.197007 0.775906 -0.078988
23 0.217100 0.786628 -0.060941
24 0.237911 0.799634 -0.045589
25 0.260539 0.816360 -0.034480
26 0.284862 0.837126 -0.029011
27 0.307921 0.857844 -0.030519
28 0.328836 0.879737 -0.038201
29 0.346198 0.900680 -0.049570
Frame 253
0 0.360480 0.919457 -0.063029
1 0.370150 0.944657 -0.082543
2 0.375111 0.964200 -0.106333
3 0.375751 0.978248 -0.134194
4 0.372763 0.985038 -0.164281
5 0.365223 0.983855 -0.193935
6 0.352678 0.974637 -0.222190
7 0.333954 0.961799 -0.240964
8 0.312048 0.947346 -0.251364
9 0.288230 0.928856 -0.258301
10 0.265329 0.909890 -0.262521
11 0.242206 0.890626 -0.265994
12 0.219886 0.870790 -0.267316
13 0.197398 0.851003 -0.267323
14 0.175045 0.829968 -0.264663
15 0.156218 0.807975 -0.253706
16 0.138580 0.794789 -0.232901
17 0.128040 0.783191 -0.206260
18 0.126214 0.774924 -0.176826
19 0.136903 0.767087 -0.143875
20 0.153781 0.765734 -0.121399
21 0.174593 0.767859 -0.097636
22 0.197257 0.773534 -0.078510
23 0.217279 0.784382 -0.060491
24 0.238000 0.797516 -0.045166
25 0.260523 0.814368 -0.034092
26 0.284740 0.835260 -0.028667
27 0.307697 0.856083 -0.030225
28 0.328498 0.878047 -0.037967
29 0.345745 0.899028 -0.049397
Frame 254
0 0.360060 0.918075 -0.062848
1 0.369610 0.943290 -0.082394
2 0.374496 0.962808 -0.106210
3 0.375089 0.976813 -0.134087
4 0.372086 0.983552 -0.164172
5 0.364561 0.982310 -0.193814
6 0.352057 0.973019 -0.222049
7 0.333391 0.960095 -0.240800
8 0.311539 0.945568 -0.251177
9 0.287783 0.926974 -0.258097
10 0.264962 0.907918 -0.262292
11 0.241921 0.888555 -0.265744
12 0.219681 0.868622 -0.267041
13 0.197277 0.848760 -0.267030
14 0.175016 0.827640 -0.264340
15 0.156280 0.805573 -0.253353
16 0.138700 0.792369 -0.232532
17 0.128220 0.780777 -0.205850
18 0.126443 0.772559 -0.176416
19 0.137174 0.764798 -0.143461
20 0.154064 0.763539 -0.120998
21 0.174859 0.765784 -0.097238
22 0.197487 0.771579 -0.078118
23 0.217440 0.782528 -0.060112
24 0.238080 0.795765 -0.044798
25 0.260512 0.812720 -0.033743
26 0.284639 0.833711 -0.028342
27 0.307515 0.854617 -0.029929
28 0.328230 0.876634 -0.037709
29 0.345389 0.897643 -0.049181
Frame 255
0 0.359708 0.916942 -0.062618
1 0.369171 0.942161 -0.082186
2 0.374009 0.961656 -0.106022
3 0.374579 0.975621 -0.133911
4 0.371581 0.982316 -0.163995
5 0.364083 0.981027 -0.193629
6 0.351625 0.971676 -0.221851
7 0.333016 0.958686 -0.240590
8 0.311212 0.944103 -0.250958
9 0.287508 0.925428 -0.257876
10 0.264754 0.906300 -0.262061
11 0.241779 0.886860 -0.265506
12 0.219605 0.866849 -0.266792
13 0.197270 0.846926 -0.266776
14 0.175081 0.825739 -0.264074
15 0.156413 0.803615 -0.253072
16 0.138869 0.790395 -0.232246
17 0.128425 0.778810 -0.205534
18 0.126672 0.770634 -0.176102
19 0.137420 0.762942 -0.143137
20 0.154309 0.761760 -0.120684
21 0.175080 0.764103 -0.096917
22 0.197667 0.769994 -0.077790
23 0.217554 0.781027 -0.059785
24 0.238120 0.794347 -0.044475
25 0.260474 0.811384 -0.033422
26 0.284525 0.832455 -0.028028
27 0.307338 0.853427 -0.029630
28 0.327986 0.875485 -0.037431
29 0.345081 0.896511 -0.048929
Frame 256
0 0.359405 0.916022 -0.062346
1 0.368809 0.941241 -0.081931
2 0.373618 0.960710 -0.105781
3 0.374184 0.974639 -0.133679
4 0.371205 0.981295 -0.163761
5 0.363744 0.979965 -0.193390
6 0.351341 0.970568 -0.221606
7 0.332785 0.957525 -0.240343
8 0.311025 0.942901 -0.250712
9 0.287367 0.924159 -0.257640
10 0.264669 0.904974 -0.261827
11 0.241750 0.885474 -0.265276
12 0.219629 0.865400 -0.266564
13 0.197349 0.845428 -0.266554
14 0.175216 0.824187 -0.263849
15 0.156598 0.802020 -0.252845
16 0.139072 0.788786 -0.232023
17 0.128644 0.777210 -0.205290
18 0.126897 0.769071 -0.175862
19 0.137643 0.761440 -0.142883
20 0.154518 0.760322 -0.120437
21 0.175255 0.762747 -0.096653
22 0.197801 0.768720 -0.077510
23 0.217626 0.779820 -0.059498
24 0.238124 0.793208 -0.044179
25 0.260406 0.810312 -0.033119
26 0.284395 0.831448 -0.027719
27 0.307157 0.852471 -0.029323
28 0.327756 0.874559 -0.037132
29 0.344804 0.895598 -0.048642
Frame 257
0 0.359130 0.915279 -0.062037
1 0.368494 0.940492 -0.081635
2 0.373292 0.959935 -0.105494
3 0.373870 0.973830 -0.133400
4 0.370921 0.980451 -0.163482
5 0.363506 0.979085 -0.193108
6 0.351158 0.969649 -0.221322
7 0.332658 0.956564 -0.240061
8 0.310941 0.941908 -0.250441
9 0.287320 0.923110 -0.257389
10 0.264671 0.903880 -0.261586
11 0.241801 0.884329 -0.265047
12 0.219724 0.864203 -0.266345
13 0.197490 0.844191 -0.266349
14 0.175401 0.822909 -0.263651
15 0.156819 0.800705 -0.252653
16 0.139299 0.787460 -0.231843
17 0.128872 0.775892 -0.205095
18 0.127116 0.767789 -0.175669
19 0.137843 0.760213 -0.142675
20 0.154697 0.759152 -0.120230
21 0.175395 0.761648 -0.096424
22 0.197896 0.767689 -0.077258
23 0.217659 0.778847 -0.059233
24 0.238092 0.792291 -0.043899
25 0.260312 0.809452 -0.032824
26 0.284246 0.830642 -0.027407
27 0.306967 0.851707 -0.029004
28 0.327528 0.873819 -0.036812
29 0.344544 0.894865 -0.048327
Frame 258
0 0.358865 0.914679 -0.061699
1 0.368201 0.939882 -0.081305
2 0.372999 0.959298 -0.105174
3 0.373597 0.973159 -0.133086
4 0.370685 0.979747 -0.163168
5 0.363322 0.978347 -0.192792
6 0.351035 0.968874 -0.221008
7 0.332589 0.955752 -0.239754
8 0.310915 0.941070 -0.250148
9 0.287329 0.922224 -0.257123
10 0.264725 0.902953 -0.261335
11 0.241898 0.883359 -0.264816
12 0.219861 0.863187 -0.266128
13 0.197666 0.843143 -0.266151
14 0.175616 0.821822 -0.263465
15 0.157060 0.799590 -0.252478
16 0.139536 0.786335 -0.231685
17 0.129100 0.774776 -0.204924
18 0.127325 0.766706 -0.175503
19 0.138024 0.759185 -0.142489
20 0.154848 0.758176 -0.120043
21 0.175502 0.760738 -0.096211
22 0.197959 0.766839 -0.077017
23 0.217661 0.778049 -0.058974
24 0.238030 0.791543 -0.043622
25 0.260192 0.808753 -0.032525
26 0.284075 0.829992 -0.027086
27 0.306760 0.851093 -0.028670
28 0.327293 0.873226 -0.036471
29 0.344285 0.894277 -0.047985
Frame 259
0 0.358587 0.914186 -0.061338
1 0.367901 0.939374 -0.080952
2 0.372705 0.958764 -0.104829
3 0.373328 0.972591 -0.132749
4 0.370459 0.979142 -0.162830
5 0.363152 0.977709 -0.192453
6 0.350927 0.968200 -0.220670
7 0.332538 0.955040 -0.239427
8 0.310906 0.940334 -0.249839
9 0.287357 0.921441 -0.256842
10 0.264794 0.902133 -0.261072
11 0.242009 0.882498 -0.264574
12 0.220011 0.862281 -0.265902
13 0.197853 0.842206 -0.265947
14 0.175839 0.820850 -0.263275
15 0.157306 0.798595 -0.252302
16 0.139773 0.785332 -0.231528
17 0.129323 0.773778 -0.204756
18 0.127522 0.765744 -0.175337
19 0.138185 0.758279 -0.142304
20 0.154976 0.757321 -0.119853
21 0.175583 0.759945 -0.095992
22 0.197993 0.766106 -0.076767
23 0.217635 0.777368 -0.058705
24 0.237942 0.790910 -0.043332
25 0.260044 0.808167 -0.032213
26 0.283880 0.829452 -0.026749
27 0.306532 0.850587 -0.028319
28 0.327037 0.872741 -0.036109
29 0.344009 0.893797 -0.047620
Frame 260
0 0.358277 0.913763 -0.060958
1 0.367570 0.938936 -0.080584
2 0.372378 0.958296 -0.104469
3 0.373028 0.972087 -0.132398
4 0.370202 0.978601 -0.162481
5 0.362951 0.977129 -0.192103
6 0.350792 0.967579 -0.220321
7 0.332462 0.954379 -0.239087
8 0.310874 0.939646 -0.249516
9 0.287362 0.920704 -0.256547
10 0.264845 0.901356 -0.260795
11 0.242103 0.881678 -0.264316
12 0.220145 0.861414 -0.265660
13 0.198026 0.841309 -0.265727
14 0.176049 0.819915 -0.263067
15 0.157539 0.797636 -0.252107
16 0.139997 0.784365 -0.231352
17 0.129532 0.772819 -0.204565
18 0.127705 0.764819 -0.175150
19 0.138330 0.757416 -0.142095
20 0.155085 0.756512 -0.119638
21 0.175644 0.759204 -0.095747
22 0.198006 0.765428 -0.076491
23 0.217586 0.776742 -0.058410
24 0.237828 0.790336 -0.043017
25 0.259870 0.807642 -0.031876
26 0.283657 0.828978 -0.026388
27 0.306273 0.850149 -0.027944
28 0.326751 0.872324 -0.035726
29 0.343703 0.893387 -0.047236
Frame 261
0 0.357914 0.913377 -0.060567
1 0.367177 0.938533 -0.080207
2 0.371987 0.957862 -0.104106
3 0.372658 0.971613 -0.132046
4 0.369873 0.978083 -0.162130
5 0.362677 0.976566 -0.191750
6 0.350586 0.966968 -0.219967
7 0.332317 0.953720 -0.238739
8 0.310778 0.938954 -0.249183
9 0.287308 0.919955 -0.256238
10 0.264840 0.900562 -0.260500
11 0.242147 0.880833 -0.264037
12 0.220236 0.860514 -0.265390
13 0.198159 0.840376 -0.265478
14 0.176228 0.818939 -0.262826
15 0.157745 0.796636 -0.251874
16 0.140196 0.783357 -0.231135
17 0.129722 0.771815 -0.204330
18 0.127871 0.763855 -0.174916
19 0.138460 0.756520 -0.141839
20 0.155179 0.755678 -0.119373
21 0.175691 0.758444 -0.095453
22 0.198002 0.764741 -0.076169
23 0.217518 0.776114 -0.058074
24 0.237693 0.789767 -0.042663
25 0.259670 0.807130 -0.031504
26 0.283403 0.828523 -0.025997
27 0.305979 0.849736 -0.027544
28 0.326423 0.871936 -0.035323
29 0.343350 0.893010 -0.046837
Frame 262
0 0.357478 0.912987 -0.060171
1 0.366698 0.938129 -0.079832
2 0.371496 0.957423 -0.103749
3 0.372180 0.971131 -0.131702
4 0.369430 0.977550 -0.161789
5 0.362289 0.975980 -0.191406
6 0.350265 0.966321 -0.219617
7 0.332063 0.953012 -0.238392
8 0.310576 0.938201 -0.248845
9 0.287157 0.919135 -0.255916
10 0.264745 0.899686 -0.260185
11 0.242109 0.879895 -0.263730
12 0.220253 0.859512 -0.265086
13 0.198226 0.839333 -0.265189
14 0.176353 0.817844 -0.262535
15 0.157907 0.795511 -0.251585
16 0.140360 0.782225 -0.230856
17 0.129885 0.770686 -0.204026
18 0.128019 0.762769 -0.174612
19 0.138578 0.755514 -0.141513
20 0.155263 0.754742 -0.119037
21 0.175729 0.757598 -0.095093
22 0.197990 0.763981 -0.075785
23 0.217436 0.775425 -0.057679
24 0.237538 0.789148 -0.042257
25 0.259444 0.806579 -0.031086
26 0.283114 0.828041 -0.025568
27 0.305640 0.849305 -0.027116
28 0.326042 0.871541 -0.034900
29 0.342932 0.892629 -0.046426
Frame 263
0 0.356941 0.912574 -0.059773
1 0.366099 0.937703 -0.079464
2 0.370873 0.956960 -0.103403
3 0.371559 0.970618 -0.131374
4 0.368836 0.976978 -0.161466
5 0.361743 0.975344 -0.191077
6 0.349787 0.965611 -0.219279
7 0.331656 0.952226 -0.238048
8 0.310229 0.937359 -0.248501
9 0.286869 0.918212 -0.255582
10 0.264522 0.898693 -0.259850
11 0.241956 0.878826 -0.263393
12 0.220166 0.858366 -0.264743
13 0.198198 0.838139 -0.264853
14 0.176397 0.816583 -0.262187
15 0.158001 0.794219 -0.251230
16 0.140465 0.780924 -0.230506
17 0.130002 0.769384 -0.203641
18 0.128130 0.761516 -0.174222
19 0.138669 0.754351 -0.141103
20 0.155324 0.753666 -0.118619
21 0.175746 0.756626 -0.094654
22 0.197956 0.763111 -0.075328
23 0.217329 0.774641 -0.057217
24 0.237350 0.788447 -0.041791
25 0.259177 0.805959 -0.030618
26 0.282773 0.827502 -0.025100
27 0.305238 0.848831 -0.026657
28 0.325584 0.871110 -0.034457
29 0.342425 0.892220 -0.046006
Frame 264
0 0.356301 0.912169 -0.059371
1 0.365386 0.937285 -0.079095
2 0.370127 0.956505 -0.103062
3 0.370807 0.970110 -0.131054
4 0.368107 0.976404 -0.161149
5 0.361060 0.974699 -0.190754
6 0.349174 0.964886 -0.218944
7 0.331116 0.951416 -0.237702
8 0.309753 0.936483 -0.248153
9 0.286459 0.917246 -0.255241
10 0.264185 0.897648 -0.259501
11 0.241694 0.877698 -0.263037
12 0.219976 0.857155 -0.264374
13 0.198071 0.836872 -0.264489
14 0.176355 0.815241 -0.261802
15 0.158016 0.792843 -0.250832
16 0.140498 0.779542 -0.230109
17 0.130053 0.767995 -0.203201
18 0.128181 0.760180 -0.173777
19 0.138706 0.753112 -0.140637
20 0.155333 0.752524 -0.118148
21 0.175710 0.755597 -0.094164
22 0.197868 0.762193 -0.074821
23 0.217166 0.773817 -0.056711
24 0.237104 0.787717 -0.041284
25 0.258846 0.805320 -0.030116
26 0.282360 0.826951 -0.024605
27 0.304758 0.848352 -0.026177
28 0.325039 0.870681 -0.034000
29 0.341823 0.891817 -0.045577
Frame 265
0 0.355580 0.911816 -0.058959
1 0.364591 0.936922 -0.078717
2 0.369298 0.956104 -0.102712
3 0.369969 0.969656 -0.130725
4 0.367290 0.975884 -0.160825
5 0.360292 0.974106 -0.190423
6 0.348473 0.964209 -0.218603
7 0.330490 0.950652 -0.237347
8 0.309194 0.935651 -0.247794
9 0.285967 0.916324 -0.254891
10 0.263769 0.896643 -0.259142
11 0.241355 0.876609 -0.262669
12 0.219710 0.855982 -0.263991
13 0.197869 0.835643 -0.264111
14 0.176240 0.813934 -0.261402
15 0.157960 0.791502 -0.250418
16 0.140459 0.778196 -0.229698
17 0.130031 0.766642 -0.202745
18 0.128160 0.758876 -0.173313
19 0.138670 0.751909 -0.140152
20 0.155269 0.751418 -0.117659
21 0.175601 0.754607 -0.093655
22 0.197708 0.761315 -0.074296
23 0.216929 0.773035 -0.056186
24 0.236784 0.787029 -0.040762
25 0.258440 0.804724 -0.029598
26 0.281871 0.826445 -0.024096
27 0.304199 0.847920 -0.025682
28 0.324414 0.870301 -0.033530
29 0.341140 0.891466 -0.045137
Frame 266
0 0.354796 0.911562 -0.058532
1 0.363740 0.936659 -0.078319
2 0.368419 0.955805 -0.102340
3 0.369089 0.969307 -0.130373
4 0.366436 0.975472 -0.160479
5 0.359485 0.973624 -0.190072
6 0.347737 0.963646 -0.218244
7 0.329828 0.950007 -0.236975
8 0.308597 0.934939 -0.247423
9 0.285435 0.915529 -0.254532
10 0.263308 0.895770 -0.258777
11 0.240968 0.875656 -0.262299
12 0.219391 0.854950 -0.263612
13 0.197612 0.834558 -0.263740
14 0.176063 0.812776 -0.261012
15 0.157835 0.790315 -0.250019
16 0.140347 0.777003 -0.229303
17 0.129930 0.765440 -0.202312
18 0.128052 0.757723 -0.172872
19 0.138544 0.750851 -0.139687
20 0.155111 0.750453 -0.117188
21 0.175398 0.753750 -0.093161
22 0.197452 0.760563 -0.073783
23 0.216600 0.772375 -0.055671
24 0.236375 0.786457 -0.040245
25 0.257948 0.804240 -0.029084
26 0.281300 0.826045 -0.023588
27 0.303562 0.847589 -0.025184
28 0.323716 0.870020 -0.033052
29 0.340390 0.891213 -0.044686
Frame 267
0 0.353972 0.911453 -0.058081
1 0.362867 0.936542 -0.077892
2 0.367532 0.955656 -0.101935
3 0.368210 0.969115 -0.129986
4 0.365591 0.975223 -0.160097
5 0.358693 0.973312 -0.189688
6 0.347014 0.963264 -0.217854
7 0.329176 0.949553 -0.236580
8 0.308007 0.934429 -0.247037
9 0.284903 0.914945 -0.254164
10 0.262840 0.895120 -0.258413
11 0.240563 0.874939 -0.261938
12 0.219045 0.854166 -0.263251
13 0.197320 0.833729 -0.263394
14 0.175838 0.811884 -0.260657
15 0.157652 0.789399 -0.249662
16 0.140163 0.776082 -0.228957
17 0.129743 0.764510 -0.201937
18 0.127846 0.756836 -0.172491
19 0.138308 0.750047 -0.139282
20 0.154838 0.749729 -0.116770
21 0.175078 0.753120 -0.092717
22 0.197080 0.760025 -0.073315
23 0.216160 0.771915 -0.055193
24 0.235862 0.786074 -0.039759
25 0.257361 0.803930 -0.028594
26 0.280642 0.825809 -0.023093
27 0.302849 0.847413 -0.024690
28 0.322954 0.869887 -0.032569
29 0.339587 0.891107 -0.044221
Frame 268
0 0.353128 0.911535 -0.057604
1 0.362000 0.936617 -0.077425
2 0.366672 0.955707 -0.101483
3 0.367377 0.969129 -0.129547
4 0.364801 0.975193 -0.159663
5 0.357963 0.973234 -0.189255
6 0.346354 0.963130 -0.217426
7 0.328584 0.949364 -0.236155
8 0.307467 0.934198 -0.246633
9 0.284412 0.914658 -0.253788
10 0.262399 0.894786 -0.258054
11 0.240171 0.874555 -0.261596
12 0.218696 0.853732 -0.262922
13 0.197011 0.833262 -0.263091
14 0.175576 0.811372 -0.260362
15 0.157411 0.788870 -0.249378
16 0.139907 0.775547 -0.228692
17 0.129462 0.763970 -0.201663
18 0.127529 0.756327 -0.172210
19 0.137942 0.749607 -0.138975
20 0.154430 0.749350 -0.116442
21 0.174618 0.752811 -0.092357
22 0.196572 0.759786 -0.072921
23 0.215591 0.771736 -0.054781
24 0.235230 0.785951 -0.039329
25 0.256668 0.803863 -0.028145
26 0.279893 0.825795 -0.022627
27 0.302060 0.847446 -0.024210
28 0.322135 0.869953 -0.032085
29 0.338747 0.891193 -0.043742
Frame 269
0 0.352277 0.911743 -0.057131
1 0.361144 0.936816 -0.076955
2 0.365835 0.955887 -0.101022
3 0.366573 0.969281 -0.129095
4 0.364047 0.975309 -0.159216
5 0.357265 0.973311 -0.188813
6 0.345722 0.963164 -0.216988
7 0.328011 0.949357 -0.235726
8 0.306939 0.934163 -0.246230
9 0.283922 0.914582 -0.253417
10 0.261947 0.894676 -0.257707
11 0.239756 0.874409 -0.261272
12 0.218313 0.853549 -0.262620
13 0.196660 0.833057 -0.262819
14 0.175253 0.811136 -0.260107
15 0.157095 0.788623 -0.249140
16 0.139568 0.775294 -0.228475
17 0.129090 0.763712 -0.201449
18 0.127110 0.756097 -0.171989
19 0.137469 0.749429 -0.138730
20 0.153913 0.749218 -0.116173
21 0.174054 0.752732 -0.092053
22 0.195963 0.759757 -0.072582
23 0.214931 0.771751 -0.054420
24 0.234519 0.786008 -0.038946
25 0.255909 0.803960 -0.027739
26 0.279090 0.825932 -0.022196
27 0.301229 0.847615 -0.023758
28 0.321286 0.870149 -0.031622
29 0.337890 0.891404 -0.043273
Frame 270
0 0.351420 0.911986 -0.056689
1 0.360283 0.937051 -0.076518
2 0.364989 0.956104 -0.100592
3 0.365757 0.969473 -0.128675
4 0.363270 0.975469 -0.158800
5 0.356539 0.973437 -0.188399
6 0.345050 0.963252 -0.216579
7 0.327390 0.949410 -0.235323
8 0.306357 0.934192 -0.245850
9 0.283372 0.914573 -0.253064
10 0.261429 0.894641 -0.257373
11 0.239267 0.874345 -0.260958
12 0.217852 0.853454 -0.262323
13 0.196225 0.832943 -0.262546
14 0.174842 0.810997 -0.259848
15 0.156689 0.788476 -0.248895
16 0.139140 0.775141 -0.228249
17 0.128632 0.763557 -0.201224
18 0.126613 0.755966 -0.171759
19 0.136926 0.749346 -0.138476
20 0.153332 0.749174 -0.115900
21 0.173433 0.752733 -0.091751
22 0.195307 0.759802 -0.072251
23 0.214232 0.771832 -0.054072
24 0.233778 0.786124 -0.038581
25 0.255125 0.804111 -0.027356
26 0.278270 0.826117 -0.021792
27 0.300386 0.847829 -0.023338
28 0.320428 0.870384 -0.031190
29 0.337026 0.891653 -0.042839
Frame 271
0 0.350551 0.912284 -0.056273
1 0.359413 0.937339 -0.076105
2 0.364132 0.956374 -0.100187
3 0.364925 0.969718 -0.128279
4 0.362473 0.975684 -0.158407
5 0.355783 0.973620 -0.188009
6 0.344341 0.963400 -0.216191
7 0.326724 0.949527 -0.234940
8 0.305724 0.934289 -0.245486
9 0.282766 0.914640 -0.252719
10 0.260848 0.894685 -0.257045
11 0.238712 0.874365 -0.260644
12 0.217318 0.853447 -0.262023
13 0.195714 0.832922 -0.262265
14 0.174349 0.810956 -0.259577
15 0.156198 0.788431 -0.248636
16 0.138631 0.775091 -0.228005
17 0.128095 0.763508 -0.200980
18 0.126041 0.755940 -0.171509
19 0.136314 0.749366 -0.138206
20 0.152688 0.749229 -0.115612
21 0.172755 0.752828 -0.091439
22 0.194600 0.759934 -0.071914
23 0.213491 0.771995 -0.053723
24 0.233000 0.786319 -0.038220
25 0.254314 0.804334 -0.026981
26 0.277428 0.826369 -0.021402
27 0.299526 0.848104 -0.022935
28 0.319556 0.870677 -0.030779
29 0.336150 0.891957 -0.042425
Frame 272
0 0.349668 0.912654 -0.055869
1 0.358528 0.937696 -0.075708
2 0.363262 0.956711 -0.099799
3 0.364077 0.970031 -0.127900
4 0.361654 0.975966 -0.158034
5 0.355000 0.973871 -0.187636
6 0.343595 0.963616 -0.215820
7 0.326017 0.949716 -0.234567
8 0.305045 0.934461 -0.245129
9 0.282108 0.914785 -0.252380
10 0.260212 0.894812 -0.256716
11 0.238095 0.874473 -0.260325
12 0.216719 0.853534 -0.261712
13 0.195134 0.832996 -0.261968
14 0.173784 0.811016 -0.259287
15 0.155629 0.788490 -0.248352
16 0.138046 0.775149 -0.227733
17 0.127485 0.763572 -0.200710
18 0.125398 0.756029 -0.171230
19 0.135634 0.749497 -0.137908
20 0.151982 0.749393 -0.115297
21 0.172021 0.753027 -0.091104
22 0.193841 0.760165 -0.071559
23 0.212705 0.772255 -0.053360
24 0.232186 0.786606 -0.037850
25 0.253473 0.804647 -0.026603
26 0.276562 0.826704 -0.021013
27 0.298644 0.848459 -0.022537
28 0.318665 0.871046 -0.030376
29 0.335258 0.892333 -0.042023
Frame 273
0 0.348763 0.913111 -0.055469
1 0.357628 0.938139 -0.075318
2 0.362375 0.957132 -0.099422
3 0.363210 0.970425 -0.127533
4 0.360814 0.976327 -0.157671
5 0.354190 0.974198 -0.187274
6 0.342818 0.963910 -0.215457
7 0.325272 0.949982 -0.234202
8 0.304323 0.934712 -0.244774
9 0.281404 0.915014 -0.252036
10 0.259525 0.895026 -0.256378
11 0.237424 0.874671 -0.259992
12 0.216062 0.853714 -0.261385
13 0.194491 0.833168 -0.261649
14 0.173151 0.811176 -0.258970
15 0.154991 0.788657 -0.248038
16 0.137391 0.775319 -0.227426
17 0.126805 0.763753 -0.200401
18 0.124688 0.756236 -0.170914
19 0.134891 0.749749 -0.137572
20 0.151215 0.749675 -0.114944
21 0.171230 0.753344 -0.090733
22 0.193030 0.760510 -0.071173
23 0.211872 0.772627 -0.052968
24 0.231332 0.787002 -0.037456
25 0.252597 0.805066 -0.026206
26 0.275665 0.827142 -0.020610
27 0.297736 0.848911 -0.022131
28 0.317752 0.871509 -0.029969
29 0.334345 0.892801 -0.041621
Frame 274
0 0.347836 0.913674 -0.055063
1 0.356708 0.938684 -0.074928
2 0.361469 0.957652 -0.099046
3 0.362324 0.970913 -0.127170
4 0.359952 0.976778 -0.157313
5 0.353356 0.974613 -0.186916
6 0.342011 0.964288 -0.215097
7 0.324491 0.950332 -0.233834
8 0.303563 0.935049 -0.244413
9 0.280659 0.915331 -0.251681
10 0.258794 0.895330 -0.256025
11 0.236704 0.874962 -0.259639
12 0.215351 0.853992 -0.261032
13 0.193792 0.833439 -0.261299
14 0.172459 0.811442 -0.258617
15 0.154288 0.788933 -0.247683
16 0.136671 0.775604 -0.227075
17 0.126061 0.764058 -0.200048
18 0.123914 0.756573 -0.170550
19 0.134085 0.750131 -0.137187
20 0.150388 0.750088 -0.114542
21 0.170382 0.753789 -0.090315
22 0.192167 0.760984 -0.070741
23 0.210991 0.773126 -0.052537
24 0.230435 0.787524 -0.037026
25 0.251682 0.805608 -0.025778
26 0.274735 0.827700 -0.020183
27 0.296798 0.849481 -0.021705
28 0.316812 0.872086 -0.029548
29 0.333409 0.893377 -0.041208
Frame 275
0 0.346883 0.914362 -0.054642
1 0.355763 0.939347 -0.074527
2 0.360541 0.958285 -0.098664
3 0.361416 0.971510 -0.126804
4 0.359068 0.977331 -0.156954
5 0.352497 0.975124 -0.186557
6 0.341176 0.964757 -0.214732
7 0.323682 0.950771 -0.233459
8 0.302770 0.935475 -0.244041
9 0.279876 0.915740 -0.251307
10 0.258022 0.895729 -0.255648
11 0.235942 0.875350 -0.259258
12 0.214595 0.854369 -0.260646
13 0.193044 0.833814 -0.260911
14 0.171715 0.811813 -0.258221
15 0.153529 0.789321 -0.247279
16 0.135894 0.776009 -0.226670
17 0.125259 0.764492 -0.199639
18 0.123081 0.757045 -0.170128
19 0.133218 0.750653 -0.136744
20 0.149501 0.750640 -0.114077
21 0.169477 0.754375 -0.089836
22 0.191249 0.761598 -0.070250
23 0.210060 0.773767 -0.052049
24 0.229490 0.788189 -0.036545
25 0.250727 0.806292 -0.025305
26 0.273765 0.828397 -0.019718
27 0.295825 0.850186 -0.021245
28 0.315839 0.872793 -0.029100
29 0.332442 0.894082 -0.040775
Frame 276
0 0.345897 0.915189 -0.054196
1 0.354792 0.940146 -0.074108
2 0.359588 0.959048 -0.098271
3 0.360487 0.972226 -0.126430
4 0.358163 0.977998 -0.156589
5 0.351614 0.975742 -0.186190
6 0.340317 0.965328 -0.214357
7 0.322843 0.951308 -0.233069
8 0.301946 0.935996 -0.243648
9 0.279062 0.916246 -0.250910
10 0.257217 0.896224 -0.255241
11 0.235145 0.875836 -0.258841
12 0.213801 0.854849 -0.260220
13 0.192253 0.834292 -0.260476
14 0.170927 0.812293 -0.257774
15 0.152723 0.789824 -0.246818
16 0.135066 0.776539 -0.226205
17 0.124402 0.765062 -0.199168
18 0.122192 0.757660 -0.169640
19 0.132295 0.751320 -0.136232
20 0.148557 0.751342 -0.113540
21 0.168515 0.755113 -0.089284
22 0.190276 0.762367 -0.069690
23 0.209077 0.774564 -0.051495
24 0.228497 0.789011 -0.036001
25 0.249724 0.807133 -0.024774
26 0.272753 0.829248 -0.019201
27 0.294812 0.851044 -0.020741
28 0.314831 0.873649 -0.028614
29 0.331443 0.894931 -0.040310
Frame 277
0 0.344875 0.916165 -0.053709
1 0.353790 0.941086 -0.073655
2 0.358611 0.959945 -0.097847
3 0.359537 0.973071 -0.126030
4 0.357240 0.978784 -0.156199
5 0.350718 0.976471 -0.185799
6 0.339443 0.966003 -0.213956
7 0.321990 0.951946 -0.232652
8 0.301106 0.936618 -0.243227
9 0.278228 0.916855 -0.250479
10 0.256393 0.896824 -0.254797
11 0.234326 0.876428 -0.258386
12 0.212981 0.855436 -0.259751
13 0.191434 0.834881 -0.259996
14 0.170107 0.812886 -0.257277
15 0.151881 0.790447 -0.246303
16 0.134197 0.777199 -0.225685
17 0.123495 0.765773 -0.198640
18 0.121248 0.758423 -0.169093
19 0.131311 0.752142 -0.135658
20 0.147551 0.752200 -0.112934
21 0.167490 0.756011 -0.088663
22 0.189239 0.763297 -0.069057
23 0.208032 0.775523 -0.050870
24 0.227445 0.789997 -0.035387
25 0.248666 0.808139 -0.024178
26 0.271689 0.830261 -0.018624
27 0.293750 0.852058 -0.020180
28 0.313778 0.874660 -0.028076
29 0.330403 0.895930 -0.039799
Frame 278
0 0.343815 0.917260 -0.053176
1 0.352758 0.942143 -0.073158
2 0.357610 0.960958 -0.097383
3 0.358571 0.974028 -0.125590
4 0.356304 0.979678 -0.155773
5 0.349811 0.977305 -0.185370
6 0.338562 0.966778 -0.213520
7 0.321128 0.952683 -0.232200
8 0.300257 0.937339 -0.242769
9 0.277385 0.917565 -0.250012
10 0.255555 0.897528 -0.254319
11 0.233492 0.877126 -0.257895
12 0.212143 0.856135 -0.259249
13 0.190592 0.835582 -0.259483
14 0.169261 0.813593 -0.256747
15 0.151006 0.791192 -0.245755
16 0.133288 0.777987 -0.225130
17 0.122540 0.766621 -0.198083
18 0.120248 0.759325 -0.168512
19 0.130265 0.753104 -0.135046
20 0.146483 0.753197 -0.112284
21 0.166401 0.757046 -0.087995
22 0.188139 0.764362 -0.068376
23 0.206925 0.776619 -0.050194
24 0.226332 0.791118 -0.034723
25 0.247550 0.809276 -0.023530
26 0.270569 0.831403 -0.017996
27 0.292637 0.853200 -0.019567
28 0.312678 0.875794 -0.027489
29 0.329321 0.897052 -0.039239
Frame 279
0 0.342725 0.918442 -0.052602
1 0.351701 0.943286 -0.072620
2 0.356589 0.962057 -0.096876
3 0.357586 0.975073 -0.125109
4 0.355354 0.980662 -0.155304
5 0.348890 0.978229 -0.184901
6 0.337667 0.967647 -0.213042
7 0.320251 0.953514 -0.231710
8 0.299392 0.938156 -0.242275
9 0.276524 0.918377 -0.249511
10 0.254699 0.898334 -0.253807
11 0.232637 0.877930 -0.257374
12 0.211280 0.856943 -0.258719
13 0.189722 0.836394 -0.258945
14 0.168383 0.814414 -0.256195
15 0.150098 0.792053 -0.245186
16 0.132341 0.778895 -0.224558
17 0.121537 0.767587 -0.197513
18 0.119195 0.760346 -0.167915
19 0.129164 0.754181 -0.134417
20 0.145357 0.754306 -0.111614
21 0.165253 0.758190 -0.087303
22 0.186981 0.765532 -0.067669
23 0.205762 0.777815 -0.049491
24 0.225167 0.792336 -0.034028
25 0.246385 0.810508 -0.022850
26 0.269402 0.832635 -0.017335
27 0.291480 0.854429 -0.018918
28 0.311539 0.877015 -0.026864
29 0.328205 0.898259 -0.038640
Frame 280
0 0.341608 0.919677 -0.051994
1 0.350622 0.944486 -0.072042
2 0.355548 0.963219 -0.096326
3 0.356585 0.976185 -0.124583
4 0.354387 0.981718 -0.154789
5 0.347954 0.979232 -0.184388
6 0.336754 0.968601 -0.212521
7 0.319355 0.954436 -0.231179
8 0.298505 0.939065 -0.241744
9 0.275640 0.919286 -0.248975
10 0.253816 0.899242 -0.253267
11 0.231754 0.878838 -0.256829
12 0.210386 0.857858 -0.258168
13 0.188818 0.837315 -0.258390
14 0.167468 0.815346 -0.255632
15 0.149149 0.793028 -0.244611
16 0.131349 0.779913 -0.223982
17 0.120487 0.768660 -0.196943
18 0.118091 0.761469 -0.167318
19 0.128011 0.755352 -0.133788
20 0.144179 0.755501 -0.110942
21 0.164055 0.759412 -0.086610
22 0.185772 0.766774 -0.066958
23 0.204552 0.779077 -0.048781
24 0.223956 0.793614 -0.033324
25 0.245178 0.811796 -0.022156
26 0.268198 0.833918 -0.016655
27 0.290289 0.855707 -0.018246
28 0.310369 0.878286 -0.026213
29 0.327061 0.899517 -0.038010
Frame 281
0 0.340471 0.920933 -0.051358
1 0.349522 0.945712 -0.071427
2 0.354489 0.964414 -0.095732
3 0.355565 0.977342 -0.124010
4 0.353402 0.982830 -0.154226
5 0.346995 0.980302 -0.183824
6 0.335819 0.969630 -0.211954
7 0.318433 0.955441 -0.230607
8 0.297592 0.940065 -0.241175
9 0.274727 0.920289 -0.248407
10 0.252903 0.900249 -0.252701
11 0.230837 0.879847 -0.256265
12 0.209456 0.858878 -0.257604
13 0.187875 0.838346 -0.257829
14 0.166510 0.816388 -0.255069
15 0.148157 0.794109 -0.244044
16 0.130313 0.781031 -0.223416
17 0.119390 0.769826 -0.196388
18 0.116941 0.762672 -0.166739
19 0.126812 0.756591 -0.133179
20 0.142956 0.756757 -0.110292
21 0.162812 0.760683 -0.085936
22 0.184522 0.768056 -0.066265
23 0.203303 0.780371 -0.048085
24 0.222709 0.794916 -0.032630
25 0.243940 0.813100 -0.021467
26 0.266964 0.835214 -0.015975
27 0.289071 0.856997 -0.017567
28 0.309175 0.879568 -0.025546
29 0.325895 0.900791 -0.037360
Frame 282
0 0.339317 0.922175 -0.050699
1 0.348408 0.946934 -0.070778
2 0.353414 0.965616 -0.095095
3 0.354529 0.978521 -0.123385
4 0.352394 0.983981 -0.153608
5 0.346013 0.981425 -0.183208
6 0.334854 0.970729 -0.211338
7 0.317479 0.956525 -0.229993
8 0.296645 0.941150 -0.240569
9 0.273779 0.921384 -0.247809
10 0.251951 0.901351 -0.252112
11 0.229879 0.880958 -0.255685
12 0.208484 0.860004 -0.257034
13 0.186888 0.839481 -0.257270
14 0.165504 0.817537 -0.254518
15 0.147114 0.795293 -0.243497
16 0.129228 0.782243 -0.222878
17 0.118246 0.771068 -0.195867
18 0.115744 0.763937 -0.166195
19 0.125569 0.757877 -0.132609
20 0.141691 0.758045 -0.109684
21 0.161530 0.761973 -0.085305
22 0.183238 0.769343 -0.065613
23 0.202023 0.781659 -0.047426
24 0.221436 0.796204 -0.031968
25 0.242677 0.814382 -0.020803
26 0.265710 0.836484 -0.015309
27 0.287834 0.858258 -0.016894
28 0.307962 0.880826 -0.024876
29 0.324712 0.902045 -0.036695
Frame 283
0 0.338154 0.923371 -0.050023
1 0.347282 0.948122 -0.070096
2 0.352324 0.966801 -0.094412
3 0.353473 0.979702 -0.122706
4 0.351364 0.985153 -0.152933
5 0.345003 0.982588 -0.182535
6 0.333857 0.971887 -0.210670
7 0.316487 0.957685 -0.229332
8 0.295660 0.942319 -0.239925
9 0.272791 0.922570 -0.247181
10 0.250955 0.902551 -0.251504
11 0.228873 0.882170 -0.255098
12 0.207464 0.861233 -0.256466
13 0.185850 0.840722 -0.256723
14 0.164443 0.818790 -0.253989
15 0.146019 0.796576 -0.242986
16 0.128093 0.783536 -0.222381
17 0.117056 0.772373 -0.195392
18 0.114506 0.765244 -0.165701
19 0.124289 0.759186 -0.132097
20 0.140390 0.759341 -0.109138
21 0.160218 0.763253 -0.084737
22 0.181926 0.770606 -0.065023
23 0.200720 0.782909 -0.046825
24 0.220144 0.797440 -0.031357
25 0.241400 0.815604 -0.020182
26 0.264445 0.837688 -0.014676
27 0.286586 0.859454 -0.016242
28 0.306739 0.882022 -0.024214
29 0.323519 0.903246 -0.036027
Frame 284
0 0.336978 0.924521 -0.049357
1 0.346143 0.949270 -0.069413
2 0.351222 0.967956 -0.093721
3 0.352403 0.980865 -0.122013
4 0.350318 0.986321 -0.152239
5 0.343973 0.983763 -0.181845
6 0.332839 0.973070 -0.209986
7 0.315473 0.958879 -0.228662
8 0.294649 0.943531 -0.239276
9 0.271776 0.923804 -0.246554
10 0.249927 0.903804 -0.250905
11 0.227832 0.883439 -0.254525
12 0.206408 0.862524 -0.255918
13 0.184775 0.842028 -0.256204
14 0.163340 0.820110 -0.253497
15 0.144879 0.797921 -0.242520
16 0.126915 0.784881 -0.221934
17 0.115824 0.773717 -0.194971
18 0.113227 0.766578 -0.165265
19 0.122970 0.760507 -0.131646
20 0.139052 0.760639 -0.108656
21 0.158869 0.764522 -0.084234
22 0.180580 0.771846 -0.064498
23 0.199386 0.784126 -0.046286
24 0.218826 0.798635 -0.030805
25 0.240099 0.816777 -0.019612
26 0.263160 0.838841 -0.014084
27 0.285321 0.860594 -0.015625
28 0.305501 0.883165 -0.023579
29 0.322312 0.904396 -0.035378
Frame 285
0 0.335784 0.925662 -0.048717
1 0.344991 0.950410 -0.068754
2 0.350110 0.969103 -0.093051
3 0.351325 0.982025 -0.121340
4 0.349264 0.987488 -0.151566
5 0.342937 0.984939 -0.181175
6 0.331811 0.974258 -0.209324
7 0.314446 0.960084 -0.228013
8 0.293624 0.944756 -0.238650
9 0.270744 0.925058 -0.245949
10 0.248879 0.905080 -0.250331
11 0.226767 0.884736 -0.253979
12 0.205326 0.863846 -0.255398
13 0.183671 0.843369 -0.255714
14 0.162201 0.821471 -0.253036
15 0.143698 0.799307 -0.242085
16 0.125700 0.786262 -0.221521
17 0.114553 0.775096 -0.194586
18 0.111908 0.767943 -0.164867
19 0.121610 0.761858 -0.131233
20 0.137669 0.761964 -0.108215
21 0.157477 0.765813 -0.083771
22 0.179193 0.773103 -0.064013
23 0.198012 0.785353 -0.045787
24 0.217470 0.799835 -0.030291
25 0.238765 0.817952 -0.019080
26 0.261845 0.839991 -0.013528
27 0.284028 0.861729 -0.015042
28 0.304239 0.884300 -0.022975
29 0.321085 0.905539 -0.034757
Frame 286
0 0.334579 0.926816 -0.048095
1 0.343830 0.951561 -0.068111
2 0.348989 0.970263 -0.092396
3 0.350237 0.983201 -0.120682
4 0.348199 0.988674 -0.150907
5 0.341887 0.986137 -0.180520
6 0.330767 0.975471 -0.208675
7 0.313400 0.961318 -0.227378
8 0.292578 0.946016 -0.238038
9 0.269689 0.926348 -0.245358
10 0.247802 0.906398 -0.249771
11 0.225670 0.886077 -0.253447
12 0.204210 0.865216 -0.254892
13 0.182529 0.844763 -0.255236
14 0.161020 0.822885 -0.252589
15 0.142471 0.800749 -0.241665
16 0.124440 0.787699 -0.221123
17 0.113239 0.776528 -0.194216
18 0.110546 0.769359 -0.164485
19 0.120205 0.763257 -0.130837
20 0.136243 0.763333 -0.107790
21 0.156043 0.767143 -0.083327
22 0.177765 0.774393 -0.063548
23 0.196603 0.786612 -0.045308
24 0.216082 0.801062 -0.029797
25 0.237403 0.819148 -0.018567
26 0.260508 0.841162 -0.012991
27 0.282715 0.862880 -0.014479
28 0.302959 0.885450 -0.022390
29 0.319844 0.906694 -0.034156
Frame 287
0 0.333362 0.928003 -0.047483
1 0.342659 0.952746 -0.067478
2 0.347859 0.971459 -0.091750
3 0.349139 0.984413 -0.120033
4 0.347121 0.989899 -0.150258
5 0.340819 0.987375 -0.179874
6 0.329701 0.976728 -0.208036
7 0.312328 0.962598 -0.226750
8 0.291504 0.947323 -0.237432
9 0.268599 0.927692 -0.244772
10 0.246689 0.907771 -0.249214
11 0.224533 0.887478 -0.252917
12 0.203051 0.866650 -0.254385
13 0.181342 0.846223 -0.254757
14 0.159789 0.824371 -0.252138
15 0.141191 0.802264 -0.241239
16 0.123131 0.789209 -0.220720
17 0.111874 0.778033 -0.193838
18 0.109135 0.770845 -0.164096
19 0.118753 0.764722 -0.130435
20 0.134772 0.764765 -0.107360
21 0.154569 0.768532 -0.082880
22 0.176301 0.775738 -0.063082
23 0.195159 0.787921 -0.044829
24 0.214666 0.802335 -0.029305
25 0.236017 0.820388 -0.018058
26 0.259152 0.842372 -0.012460
27 0.281385 0.864067 -0.013923
28 0.301666 0.886635 -0.021814
29 0.318591 0.907885 -0.033564
Frame 288
0 0.332141 0.929245 -0.046874
1 0.341483 0.953986 -0.066847
2 0.346722 0.972710 -0.091108
3 0.348029 0.985683 -0.119389
4 0.346027 0.991183 -0.149613
5 0.339729 0.988674 -0.179232
6 0.328606 0.978048 -0.207401
7 0.311223 0.963942 -0.226124
8 0.290390 0.948698 -0.236825
9 0.267469 0.929106 -0.244180
10 0.245531 0.909218 -0.248648
11 0.223349 0.888956 -0.252375
12 0.201841 0.868164 -0.253864
13 0.180101 0.847766 -0.254261
14 0.158499 0.825942 -0.251668
15 0.139851 0.803868 -0.240790
16 0.121761 0.790811 -0.220290
17 0.110455 0.779630 -0.193433
18 0.107673 0.772419 -0.163680
19 0.117255 0.766274 -0.130008
20 0.133257 0.766281 -0.106905
21 0.153053 0.769999 -0.082409
22 0.174801 0.777157 -0.062596
23 0.193687 0.789300 -0.044332
24 0.213226 0.803676 -0.028797
25 0.234613 0.821692 -0.017536
26 0.257781 0.843642 -0.011920
27 0.280045 0.865312 -0.013360
28 0.300365 0.887875 -0.021235
29 0.317332 0.909131 -0.032973
Frame 289
0 0.330916 0.930564 -0.046259
1 0.340303 0.955304 -0.066212
2 0.345578 0.974040 -0.090464
3 0.346909 0.987033 -0.118743
4 0.344914 0.992547 -0.148967
5 0.338613 0.990054 -0.178589
6 0.327476 0.979448 -0.206762
7 0.310077 0.965370 -0.225490
8 0.289233 0.950157 -0.236207
9 0.266289 0.930608 -0.243572
10 0.244321 0.910756 -0.248063
11 0.222108 0.890526 -0.251810
12 0.200570 0.869774 -0.253316
13 0.178796 0.849407 -0.253732
14 0.157145 0.827616 -0.251161
15 0.138446 0.805578 -0.240300
16 0.120328 0.792521 -0.219814
17 0.108975 0.781336 -0.192979
18 0.106155 0.774103 -0.163214
19 0.115706 0.767929 -0.129532
20 0.131696 0.767896 -0.106403
21 0.151500 0.771563 -0.081895
22 0.173268 0.778669 -0.062070
23 0.192189 0.790770 -0.043798
24 0.211767 0.805104 -0.028254
25 0.233196 0.823079 -0.016984
26 0.256403 0.844992 -0.011356
27 0.278701 0.866634 -0.012778
28 0.299061 0.889193 -0.020641
29 0.316071 0.910453 -0.032372
Frame 290
0 0.329691 0.931979 -0.045630
1 0.339122 0.956719 -0.065565
2 0.344428 0.975470 -0.089810
3 0.345776 0.988482 -0.118090
4 0.343781 0.994011 -0.148316
5 0.337466 0.991534 -0.177939
6 0.326305 0.980948 -0.206114
7 0.308883 0.966899 -0.224843
8 0.288022 0.951718 -0.235570
9 0.265051 0.932214 -0.242941
10 0.243049 0.912399 -0.247448
11 0.220804 0.892204 -0.251208
12 0.199230 0.871496 -0.252726
13 0.177420 0.851161 -0.253157
14 0.155718 0.829406 -0.250600
15 0.136968 0.807408 -0.239750
16 0.118824 0.794358 -0.219271
17 0.107429 0.783171 -0.192454
18 0.104579 0.775914 -0.162674
19 0.114107 0.769707 -0.128988
20 0.130090 0.769630 -0.105832
21 0.149908 0.773242 -0.081315
22 0.171706 0.780294 -0.061484
23 0.190669 0.792350 -0.043207
24 0.210295 0.806641 -0.027658
25 0.231771 0.824574 -0.016384
26 0.255020 0.846444 -0.010754
27 0.277355 0.868056 -0.012162
28 0.297759 0.890607 -0.020022
29 0.314813 0.911872 -0.031754
Frame 291
0 0.328471 0.933514 -0.044979
1 0.337944 0.958256 -0.064899
2 0.343274 0.977020 -0.089143
3 0.344631 0.990051 -0.117427
4 0.342625 0.995594 -0.147655
5 0.336285 0.993133 -0.177277
6 0.325086 0.982568 -0.205452
7 0.307635 0.968547 -0.224175
8 0.286749 0.953397 -0.234907
9 0.263747 0.933941 -0.242275
10 0.241708 0.914166 -0.246791
11 0.219427 0.894009 -0.250557
12 0.197812 0.873348 -0.252081
13 0.175963 0.853045 -0.252519
14 0.154210 0.831330 -0.249967
15 0.135410 0.809377 -0.239121
16 0.117241 0.796342 -0.218641
17 0.105813 0.785153 -0.191839
18 0.102940 0.777872 -0.162043
19 0.112454 0.771625 -0.128353
20 0.128438 0.771503 -0.105169
21 0.148282 0.775056 -0.080650
22 0.170115 0.782050 -0.060817
23 0.189130 0.794061 -0.042539
24 0.208812 0.808306 -0.026992
25 0.230344 0.826193 -0.015722
26 0.253639 0.848016 -0.010099
27 0.276014 0.869598 -0.011501
28 0.296464 0.892143 -0.019367
29 0.313561 0.913410 -0.031106
Frame 292
0 0.327255 0.935175 -0.044287
1 0.336761 0.959925 -0.064191
2 0.342105 0.978712 -0.088433
3 0.343459 0.991764 -0.116722
4 0.341427 0.997327 -0.146951
5 0.335049 0.994888 -0.176572
6 0.323799 0.984346 -0.204746
7 0.306309 0.970354 -0.223459
8 0.285393 0.955236 -0.234188
9 0.262356 0.935828 -0.241551
10 0.240281 0.916091 -0.246069
11 0.217967 0.895971 -0.249836
12 0.196305 0.875358 -0.251364
13 0.174419 0.855087 -0.251804
14 0.152617 0.833411 -0.249253
15 0.133776 0.811503 -0.238404
16 0.115584 0.798485 -0.217917
17 0.104130 0.787295 -0.191124
18 0.101248 0.779982 -0.161310
19 0.110762 0.773684 -0.127621
20 0.126758 0.773510 -0.104412
21 0.146636 0.776998 -0.079895
22 0.168515 0.783931 -0.060067
23 0.187590 0.795893 -0.041791
24 0.207337 0.810092 -0.026249
25 0.228931 0.827932 -0.014988
26 0.252274 0.849703 -0.009382
27 0.274690 0.871257 -0.010781
28 0.295183 0.893797 -0.018660
29 0.312320 0.915071 -0.030414
Frame 293
0 0.326035 0.936937 -0.043544
1 0.335566 0.961707 -0.063426
2 0.340915 0.980525 -0.087665
3 0.342255 0.993608 -0.115956
4 0.340186 0.999200 -0.146185
5 0.333756 0.996791 -0.175804
6 0.322442 0.986280 -0.203978
7 0.304909 0.972319 -0.222679
8 0.283960 0.957234 -0.233405
9 0.260888 0.937873 -0.240761
10 0.238779 0.918174 -0.245283
11 0.216434 0.898090 -0.249051
12 0.194724 0.877524 -0.250584
13 0.172803 0.857278 -0.251028
14 0.150960 0.835640 -0.248477
15 0.132080 0.813773 -0.237625
16 0.113871 0.800771 -0.217127
17 0.102400 0.789577 -0.190341
18 0.099517 0.782223 -0.160512
19 0.109042 0.775854 -0.126830
20 0.125060 0.775618 -0.103595
21 0.144982 0.779035 -0.079084
22 0.166911 0.785902 -0.059262
23 0.186056 0.797812 -0.040989
24 0.205873 0.811962 -0.025450
25 0.227531 0.829753 -0.014201
26 0.250920 0.851469 -0.008615
27 0.273378 0.872999 -0.010008
28 0.293912 0.895540 -0.017903
29 0.311083 0.916825 -0.029671
Frame 294
0 0.324802 0.938772 -0.042760
1 0.334356 0.963566 -0.062616
2 0.339705 0.982423 -0.086848
3 0.341026 0.995543 -0.115139
4 0.338914 1.001171 -0.145367
5 0.332427 0.998800 -0.174983
6 0.321045 0.988328 -0.203158
7 0.303465 0.974401 -0.221849
8 0.282482 0.959350 -0.232572
9 0.259373 0.940038 -0.239926
10 0.237233 0.920376 -0.244450
11 0.214858 0.900330 -0.248222
12 0.193097 0.879810 -0.249766
13 0.171143 0.859589 -0.250217
14 0.149259 0.837988 -0.247666
15 0.130347 0.816158 -0.236816
16 0.112119 0.803172 -0.216307
17 0.100631 0.791968 -0.189529
18 0.097753 0.784567 -0.159683
19 0.107293 0.778115 -0.126010
20 0.123336 0.777809 -0.102751
21 0.143305 0.781147 -0.078245
22 0.165291 0.787944 -0.058430
23 0.184507 0.799800 -0.040157
24 0.204398 0.813897 -0.024622
25 0.226123 0.831637 -0.013382
26 0.249557 0.853293 -0.007817
27 0.272056 0.874802 -0.009198
28 0.292631 0.897345 -0.017107
29 0.309836 0.918647 -0.028889
Frame 295
0 0.323547 0.940646 -0.041941
1 0.333127 0.965471 -0.061766
2 0.338477 0.984371 -0.085989
3 0.339784 0.997532 -0.114277
4 0.337630 1.003201 -0.144505
5 0.331087 1.000875 -0.174118
6 0.319635 0.990446 -0.202298
7 0.302008 0.976557 -0.220982
8 0.280990 0.961543 -0.231705
9 0.257845 0.942282 -0.239061
10 0.235673 0.922659 -0.243594
11 0.213267 0.902652 -0.247374
12 0.191454 0.882181 -0.248933
13 0.169465 0.861984 -0.249396
14 0.147541 0.840422 -0.246851
15 0.128593 0.818631 -0.236006
16 0.110344 0.805658 -0.215489
17 0.098837 0.794441 -0.188722
18 0.095960 0.786986 -0.158861
19 0.105512 0.780443 -0.125197
20 0.121580 0.780060 -0.101911
21 0.141595 0.783316 -0.077410
22 0.163635 0.790037 -0.057599
23 0.182924 0.801834 -0.039323
24 0.202891 0.815875 -0.023788
25 0.224684 0.833561 -0.012553
26 0.248165 0.855155 -0.007004
27 0.270706 0.876641 -0.008369
28 0.291324 0.899190 -0.016288
29 0.308565 0.920506 -0.028078
Frame 296
0 0.322259 0.942533 -0.041099
1 0.331876 0.967387 -0.060888
2 0.337237 0.986332 -0.085097
3 0.338536 0.999536 -0.113382
4 0.336348 1.005251 -0.143608
5 0.329755 1.002972 -0.173220
6 0.318241 0.992590 -0.201410
7 0.300570 0.978745 -0.220091
8 0.279518 0.963771 -0.230822
9 0.256335 0.944565 -0.238188
10 0.234130 0.924985 -0.242736
11 0.211691 0.905021 -0.246530
12 0.189823 0.884603 -0.248113
13 0.167796 0.864433 -0.248595
14 0.145830 0.842912 -0.246062
15 0.126839 0.821162 -0.235229
16 0.108561 0.808200 -0.214710
17 0.097028 0.796968 -0.187956
18 0.094143 0.789454 -0.158084
19 0.103697 0.782817 -0.124428
20 0.119781 0.782354 -0.101109
21 0.139838 0.785521 -0.076608
22 0.161929 0.792163 -0.056796
23 0.181289 0.803896 -0.038512
24 0.201332 0.817878 -0.022971
25 0.223193 0.835505 -0.011735
26 0.246722 0.857033 -0.006195
27 0.269309 0.878494 -0.007537
28 0.289974 0.901045 -0.015457
29 0.307257 0.922377 -0.027248
Frame 297
0 0.320932 0.944402 -0.040239
1 0.330598 0.969279 -0.059988
2 0.335984 0.988268 -0.084180
3 0.337291 1.001518 -0.112460
4 0.335085 1.007279 -0.142686
5 0.328455 1.005050 -0.172301
6 0.316891 0.994720 -0.200503
7 0.299180 0.980922 -0.219191
8 0.278097 0.965993 -0.229938
9 0.254876 0.946846 -0.237325
10 0.232635 0.927315 -0.241896
11 0.210160 0.907400 -0.245714
12 0.188233 0.887039 -0.247329
13 0.166164 0.866902 -0.247839
14 0.144148 0.845424 -0.245326
15 0.125104 0.823722 -0.234515
16 0.106787 0.810768 -0.214004
17 0.095216 0.799517 -0.187270
18 0.092307 0.791943 -0.157386
19 0.101844 0.785216 -0.123735
20 0.117933 0.784670 -0.100380
21 0.138021 0.787745 -0.075871
22 0.160159 0.794301 -0.056049
23 0.179584 0.805967 -0.037749
24 0.199697 0.819885 -0.022195
25 0.221627 0.837449 -0.010950
26 0.245207 0.858909 -0.005407
27 0.267843 0.880338 -0.006717
28 0.288564 0.902887 -0.014627
29 0.305898 0.924231 -0.026408
Frame 298
0 0.319553 0.946222 -0.039371
1 0.329292 0.971114 -0.059076
2 0.334724 0.990143 -0.083247
3 0.336059 1.003439 -0.111519
4 0.333855 1.009247 -0.141746
5 0.327210 1.007066 -0.171369
6 0.315611 0.996789 -0.199590
7 0.297868 0.983046 -0.218295
8 0.276759 0.968166 -0.229070
9 0.253499 0.949086 -0.236490
10 0.231218 0.929611 -0.241096
11 0.208701 0.909751 -0.244949
12 0.186715 0.889454 -0.246606
13 0.164596 0.869357 -0.247157
14 0.142520 0.847930 -0.244677
15 0.123407 0.826281 -0.233899
16 0.105038 0.813333 -0.213406
17 0.093410 0.802062 -0.186700
18 0.090457 0.794428 -0.156807
19 0.099953 0.787616 -0.123154
20 0.116028 0.786988 -0.099753
21 0.136133 0.789967 -0.075227
22 0.158306 0.796433 -0.055384
23 0.177787 0.808027 -0.037061
24 0.197968 0.821874 -0.021486
25 0.219964 0.839372 -0.010219
26 0.243600 0.860759 -0.004658
27 0.266291 0.882149 -0.005924
28 0.287077 0.904689 -0.013810
29 0.304476 0.926039 -0.025568
Frame 299
0 0.318127 0.947975 -0.038496
1 0.327958 0.972876 -0.058152
2 0.333459 0.991940 -0.082297
3 0.334844 1.005281 -0.110561
4 0.332666 1.011133 -0.140790
5 0.326024 1.009003 -0.170424
6 0.314410 0.998783 -0.198672
7 0.296646 0.985099 -0.217406
8 0.275514 0.970275 -0.228223
9 0.252215 0.951267 -0.235691
10 0.229889 0.931855 -0.240345
11 0.207325 0.912059 -0.244247
12 0.185278 0.891832 -0.245957
13 0.163101 0.871782 -0.246562
14 0.140959 0.850412 -0.244129
15 0.121761 0.828823 -0.233397
16 0.103324 0.815880 -0.212936
17 0.091622 0.804587 -0.186265
18 0.088600 0.796898 -0.156368
19 0.098029 0.790006 -0.122707
20 0.114071 0.789294 -0.099253
21 0.134178 0.792174 -0.074697
22 0.156373 0.798545 -0.054822
23 0.175904 0.810062 -0.036464
24 0.196144 0.823834 -0.020856
25 0.218205 0.841257 -0.009553
26 0.241900 0.862570 -0.003958
27 0.264652 0.883912 -0.005168
28 0.285513 0.906435 -0.013011
29 0.302991 0.927786 -0.024733
Frame 300
0 0.316652 0.949674 -0.037604
1 0.326594 0.974577 -0.057204
2 0.332180 0.993675 -0.081319
3 0.333636 1.007060 -0.109570
4 0.331503 1.012961 -0.139802
5 0.324884 1.010885 -0.169452
6 0.313267 1.000726 -0.197733
7 0.295487 0.987108 -0.216508
8 0.274336 0.972347 -0.227380
9 0.250998 0.953418 -0.234909
10 0.228626 0.934076 -0.239626
11 0.206012 0.914348 -0.243590
12 0.183901 0.894197 -0.245367
13 0.161662 0.874200 -0.246039
14 0.139444 0.852892 -0.243666
15 0.120151 0.831369 -0.232994
16 0.101631 0.818429 -0.212577
17 0.089838 0.807118 -0.185951
18 0.086729 0.799369 -0.156051
19 0.096067 0.792398 -0.122379
20 0.112063 0.791598 -0.098863
21 0.132156 0.794374 -0.074268
22 0.154366 0.800645 -0.054348
23 0.173939 0.812079 -0.035947
24 0.194236 0.825771 -0.020296
25 0.216357 0.843114 -0.008944
26 0.240114 0.864345 -0.003297
27 0.262932 0.885634 -0.004436
28 0.283878 0.908134 -0.012222
29 0.301445 0.929479 -0.023892
Frame 301
0 0.315118 0.951330 -0.036682
1 0.325191 0.976234 -0.056219
2 0.330881 0.995365 -0.080297
3 0.332423 1.008797 -0.108534
4 0.330353 1.014749 -0.138767
5 0.323769 1.012733 -0.168438
6 0.312163 1.002641 -0.196759
7 0.294375 0.989097 -0.215585
8 0.273207 0.974407 -0.226525
9 0.249829 0.955562 -0.234129
10 0.227408 0.936298 -0.238921
11 0.204739 0.916645 -0.242962
12 0.182563 0.896574 -0.244818
13 0.160255 0.876638 -0.245571
14 0.137957 0.855399 -0.243273
15 0.118555 0.833943 -0.232674
16 0.099939 0.821007 -0.212312
17 0.088039 0.809676 -0.185741
18 0.084825 0.801868 -0.155842
19 0.094052 0.794814 -0.122155
20 0.109987 0.793918 -0.098570
21 0.130056 0.796585 -0.073927
22 0.152273 0.802749 -0.053950
23 0.171881 0.814094 -0.035497
24 0.192231 0.827697 -0.019790
25 0.214414 0.844954 -0.008377
26 0.238234 0.866097 -0.002661
27 0.261123 0.887326 -0.003716
28 0.282162 0.909798 -0.011428
29 0.299830 0.931133 -0.023032
Frame 302
0 0.313516 0.952959 -0.035718
1 0.323736 0.977859 -0.055182
2 0.329545 0.997026 -0.079217
3 0.331192 1.010509 -0.107433
4 0.329199 1.016518 -0.137670
5 0.322664 1.014567 -0.167364
6 0.311081 1.004550 -0.195732
7 0.293288 0.991089 -0.214621
8 0.272105 0.976476 -0.225641
9 0.248687 0.957723 -0.233333
10 0.226213 0.938545 -0.238214
11 0.203485 0.918975 -0.242345
12 0.181242 0.898991 -0.244294
13 0.158860 0.879121 -0.245141
14 0.136474 0.857956 -0.242933
15 0.116953 0.836573 -0.232419
16 0.098227 0.823638 -0.212125
17 0.086206 0.812286 -0.185615
18 0.082868 0.804415 -0.155723
19 0.091966 0.797274 -0.122018
20 0.107830 0.796275 -0.098358
21 0.127864 0.798825 -0.073658
22 0.150078 0.804872 -0.053615
23 0.169719 0.816121 -0.035099
24 0.190118 0.829628 -0.019327
25 0.212363 0.846790 -0.007838
26 0.236248 0.867840 -0.002038
27 0.259214 0.889000 -0.002995
28 0.280357 0.911437 -0.010618
29 0.298136 0.932758 -0.022140
Frame 303
0 0.311835 0.954574 -0.034697
1 0.322217 0.979470 -0.054079
2 0.328162 0.998675 -0.078063
3 0.329927 1.012214 -0.106256
4 0.328025 1.018287 -0.136494
5 0.321552 1.016409 -0.166215
6 0.310000 1.006477 -0.194637
7 0.292208 0.993106 -0.213600
8 0.271010 0.978580 -0.224712
9 0.247551 0.959927 -0.232506
10 0.225021 0.940842 -0.237490
11 0.202232 0.921362 -0.241724
12 0.179918 0.901472 -0.243777
13 0.157455 0.881675 -0.244732
14 0.134976 0.860592 -0.242626
15 0.115322 0.839285 -0.232213
16 0.096476 0.826348 -0.211997
17 0.084319 0.814974 -0.185560
18 0.080842 0.807031 -0.155677
19 0.089793 0.799797 -0.121952
20 0.105574 0.798687 -0.098211
21 0.125563 0.801109 -0.073446
22 0.147771 0.807030 -0.053328
23 0.167440 0.818173 -0.034740
24 0.187888 0.831575 -0.018890
25 0.210193 0.848633 -0.007313
26 0.234149 0.869582 -0.001414
27 0.257197 0.890669 -0.002260
28 0.278451 0.913066 -0.009776
29 0.296353 0.934370 -0.021203
Frame 304
0 0.310064 0.956188 -0.033607
1 0.320627 0.981079 -0.052897
2 0.326719 1.000326 -0.076822
3 0.328617 1.013929 -0.104986
4 0.326819 1.020074 -0.135226
5 0.320417 1.018279 -0.164978
6 0.308903 1.008443 -0.193460
7 0.291115 0.995171 -0.212506
8 0.269904 0.980740 -0.223722
9 0.246402 0.962198 -0.231630
10 0.223811 0.943215 -0.236728
11 0.200956 0.923833 -0.241079
12 0.178567 0.904044 -0.243251
13 0.156020 0.884328 -0.244326
14 0.133439 0.863333 -0.242338
15 0.113644 0.842105 -0.232038
16 0.094664 0.829162 -0.211912
17 0.082358 0.817761 -0.185557
18 0.078728 0.809742 -0.155686
19 0.087517 0.802405 -0.121941
20 0.103204 0.801172 -0.098116
21 0.123142 0.803454 -0.073279
22 0.145337 0.809239 -0.053076
23 0.165032 0.820266 -0.034406
24 0.185528 0.833554 -0.018468
25 0.207896 0.850499 -0.006789
26 0.231926 0.871336 -0.000776
27 0.255064 0.892343 -0.001496
28 0.276436 0.914695 -0.008892
29 0.294472 0.935982 -0.020210
Frame 305
0 0.308195 0.957816 -0.032437
1 0.318951 0.982703 -0.051621
2 0.325206 1.001997 -0.075479
3 0.327248 1.015673 -0.103610
4 0.325564 1.021900 -0.133849
5 0.319242 1.020198 -0.163634
6 0.307773 1.010468 -0.192184
7 0.289989 0.997309 -0.211324
8 0.268766 0.982980 -0.222653
9 0.245218 0.964558 -0.230688
10 0.222564 0.945687 -0.235915
11 0.199638 0.926413 -0.240395
12 0.177171 0.906732 -0.242697
13 0.154534 0.887105 -0.243906
14 0.131844 0.866205 -0.242048
15 0.111896 0.845059 -0.231877
16 0.092772 0.832108 -0.211851
17 0.080305 0.820674 -0.185589
18 0.076508 0.812568 -0.155735
19 0.085120 0.805118 -0.121970
20 0.100705 0.803751 -0.098053
21 0.120583 0.805880 -0.073140
22 0.142763 0.811516 -0.052844
23 0.162484 0.822416 -0.034082
24 0.183029 0.835576 -0.018047
25 0.205461 0.852396 -0.006254
26 0.229570 0.873116 -0.000111
27 0.252802 0.894033 -0.000693
28 0.274304 0.916338 -0.007953
29 0.292483 0.937603 -0.019148
Frame 306
0 0.306214 0.959470 -0.031172
1 0.317178 0.984354 -0.050239
2 0.323607 1.003703 -0.074019
3 0.325806 1.017461 -0.102111
4 0.324245 1.023782 -0.132349
5 0.318010 1.022186 -0.162170
6 0.306589 1.012576 -0.190793
7 0.288812 0.999538 -0.210038
8 0.267574 0.985324 -0.221491
9 0.243979 0.967033 -0.229663
10 0.221258 0.948282 -0.235031
11 0.198257 0.929125 -0.239653
12 0.175706 0.909563 -0.242100
13 0.152974 0.890032 -0.243454
14 0.130168 0.869236 -0.241742
15 0.110057 0.848175 -0.231712
16 0.090780 0.835209 -0.211796
17 0.078140 0.823736 -0.185640
18 0.074163 0.815534 -0.155805
19 0.082587 0.807956 -0.122022
20 0.098062 0.806440 -0.098010
21 0.117876 0.808404 -0.073013
22 0.140038 0.813876 -0.052617
23 0.159782 0.824635 -0.033756
24 0.180378 0.837657 -0.017611
25 0.202878 0.854341 -0.005692
26 0.227070 0.874932 0.000592
27 0.250403 0.895753 0.000164
28 0.272041 0.918005 -0.006946
29 0.290375 0.939249 -0.018003
Frame 307
0 0.304106 0.961162 -0.029799
1 0.315290 0.986046 -0.048733
2 0.321904 1.005460 -0.072425
3 0.324270 1.019313 -0.100472
4 0.322841 1.025739 -0.130707
5 0.316701 1.024262 -0.160566
6 0.305336 1.014787 -0.189271
7 0.287567 1.001881 -0.208631
8 0.266318 0.987789 -0.220221
9 0.242674 0.969639 -0.228544
10 0.219883 0.951017 -0.234066
11 0.196806 0.931985 -0.238845
12 0.174169 0.912547 -0.241450
13 0.151341 0.893119 -0.242964
14 0.128411 0.872431 -0.241414
15 0.108130 0.851455 -0.231541
16 0.088692 0.838467 -0.211749
17 0.075865 0.826947 -0.185708
18 0.071696 0.818634 -0.155899
19 0.079918 0.810915 -0.122098
20 0.095275 0.809238 -0.097986
21 0.115018 0.811021 -0.072901
22 0.137155 0.816316 -0.052397
23 0.156923 0.826924 -0.033425
24 0.177569 0.839795 -0.017160
25 0.200138 0.856333 -0.005100
26 0.224417 0.876787 0.001342
27 0.247853 0.897506 0.001082
28 0.269636 0.919705 -0.005861
29 0.288132 0.940930 -0.016765
Frame 308
0 0.301883 0.962878 -0.028338
1 0.313298 0.987766 -0.047126
2 0.320108 1.007252 -0.070719
3 0.322650 1.021210 -0.098714
4 0.321364 1.027754 -0.128943
5 0.315328 1.026408 -0.158843
6 0.304026 1.017076 -0.187638
7 0.286271 1.004312 -0.207124
8 0.265012 0.990346 -0.218861
9 0.241325 0.972344 -0.227349
10 0.218465 0.953856 -0.233041
11 0.195312 0.934954 -0.237990
12 0.172588 0.915646 -0.240767
13 0.149661 0.896323 -0.242455
14 0.126607 0.875748 -0.241081
15 0.106150 0.854855 -0.231381
16 0.086542 0.841837 -0.211723
17 0.073519 0.830259 -0.185811
18 0.069144 0.821825 -0.156031
19 0.077154 0.813953 -0.122214
20 0.092384 0.812104 -0.097996
21 0.112046 0.813696 -0.072817
22 0.134156 0.818806 -0.052198
23 0.153941 0.829254 -0.033105
24 0.174634 0.841966 -0.016707
25 0.197271 0.858351 -0.004493
26 0.221635 0.878663 0.002122
27 0.245175 0.899276 0.002045
28 0.267107 0.921422 -0.004715
29 0.285772 0.942629 -0.015452
Frame 309
0 0.299588 0.964592 -0.026828
1 0.311240 0.989485 -0.045457
2 0.318252 1.009048 -0.068944
3 0.320980 1.023118 -0.096881
4 0.319844 1.029788 -0.127103
5 0.313919 1.028580 -0.157047
6 0.302688 1.019401 -0.185936
7 0.284950 1.006785 -0.205555
8 0.263685 0.992950 -0.217448
9 0.239954 0.975101 -0.226109
10 0.217026 0.956752 -0.231980
11 0.193797 0.937982 -0.237110
12 0.170987 0.918807 -0.240068
13 0.147963 0.899594 -0.241941
14 0.124783 0.879134 -0.240754
15 0.104145 0.858324 -0.231237
16 0.084363 0.845270 -0.211723
17 0.071136 0.833630 -0.185948
18 0.066547 0.825065 -0.156201
19 0.074333 0.817035 -0.122369
20 0.089429 0.815006 -0.098042
21 0.109006 0.816401 -0.072766
22 0.131081 0.821319 -0.052026
23 0.150881 0.831599 -0.032806
24 0.171619 0.844147 -0.016268
25 0.194321 0.860373 -0.003890
26 0.218771 0.880538 0.002908
27 0.242414 0.901042 0.003026
28 0.264498 0.923132 -0.003540
29 0.283335 0.944322 -0.014098
Frame 310
0 0.297261 0.966277 -0.025303
1 0.309155 0.991174 -0.043768
2 0.316374 1.010817 -0.067143
3 0.319291 1.025005 -0.095019
4 0.318313 1.031805 -0.125232
5 0.312502 1.030739 -0.155221
6 0.301347 1.021719 -0.184205
7 0.283630 1.009254 -0.203961
8 0.262359 0.995555 -0.216016
9 0.238587 0.977863 -0.224857
10 0.215592 0.959654 -0.230912
11 0.192289 0.941023 -0.236228
12 0.169393 0.921983 -0.239375
13 0.146272 0.902883 -0.241437
14 0.122965 0.882540 -0.240444
15 0.102143 0.861814 -0.231117
16 0.082184 0.848722 -0.211754
17 0.068750 0.837015 -0.186120
18 0.063941 0.828316 -0.156409
19 0.071497 0.820122 -0.122565
20 0.086455 0.817910 -0.098128
21 0.105941 0.819102 -0.072752
22 0.127978 0.823825 -0.051889
23 0.147790 0.833934 -0.032538
24 0.168570 0.846314 -0.015855
25 0.191335 0.862376 -0.003308
26 0.215870 0.882391 0.003680
27 0.239615 0.902782 0.003998
28 0.261852 0.924816 -0.002366
29 0.280864 0.945986 -0.012737
Frame 311
0 0.294944 0.967907 -0.023804
1 0.307081 0.992808 -0.042099
2 0.314510 1.012530 -0.065360
3 0.317620 1.026834 -0.093172
4 0.316800 1.033767 -0.123374
5 0.311109 1.032846 -0.153406
6 0.300031 1.023987 -0.182489
7 0.282336 1.011676 -0.202382
8 0.261062 0.998115 -0.214600
9 0.237250 0.980581 -0.223623
10 0.214187 0.962517 -0.229865
11 0.190810 0.944026 -0.235368
12 0.167830 0.925123 -0.238706
13 0.144614 0.906137 -0.240960
14 0.121181 0.885915 -0.240163
15 0.100173 0.865274 -0.231029
16 0.080038 0.852143 -0.211819
17 0.066393 0.840368 -0.186329
18 0.061362 0.831536 -0.156657
19 0.068685 0.823179 -0.122802
20 0.083501 0.820782 -0.098254
21 0.102895 0.821771 -0.072780
22 0.124893 0.826296 -0.051793
23 0.144714 0.836232 -0.032312
24 0.165534 0.848442 -0.015482
25 0.188360 0.864339 -0.002765
26 0.212979 0.884201 0.004415
27 0.236826 0.904476 0.004936
28 0.259215 0.926450 -0.001223
29 0.278403 0.947598 -0.011403
Frame 312
0 0.292676 0.969459 -0.022366
1 0.305057 0.994360 -0.040492
2 0.312696 1.014158 -0.063638
3 0.315998 1.028576 -0.091385
4 0.315340 1.035638 -0.121576
5 0.309768 1.034862 -0.151651
6 0.298768 1.026162 -0.180829
7 0.281096 1.014007 -0.200856
8 0.259818 1.000584 -0.213237
9 0.235965 0.983211 -0.222440
10 0.212837 0.965291 -0.228866
11 0.189388 0.946942 -0.234556
12 0.166323 0.928177 -0.238083
13 0.143015 0.909308 -0.240526
14 0.119457 0.889209 -0.239924
15 0.098264 0.868655 -0.230981
16 0.077951 0.855488 -0.211925
17 0.064101 0.843648 -0.186577
18 0.058848 0.834683 -0.156945
19 0.065938 0.826166 -0.123080
20 0.080612 0.823586 -0.098425
21 0.099911 0.824374 -0.072854
22 0.121869 0.828703 -0.051746
23 0.141699 0.838468 -0.032136
24 0.162558 0.850507 -0.015163
25 0.185443 0.866238 -0.002278
26 0.210142 0.885946 0.005093
27 0.234091 0.906105 0.005815
28 0.256632 0.928012 -0.000140
29 0.275992 0.949133 -0.010131
Frame 313
0 0.290503 0.970905 -0.021025
1 0.303123 0.995802 -0.038986
2 0.310969 1.015670 -0.062020
3 0.314463 1.030197 -0.089702
4 0.313962 1.037383 -0.119882
5 0.308509 1.036747 -0.149997
6 0.297585 1.028205 -0.179268
7 0.279937 1.016203 -0.199424
8 0.258655 1.002920 -0.211962
9 0.234762 0.985704 -0.221341
10 0.211567 0.967931 -0.227947
11 0.188045 0.949723 -0.233816
12 0.164897 0.931095 -0.237525
13 0.141499 0.912345 -0.240152
14 0.117819 0.892371 -0.239738
15 0.096441 0.871908 -0.230982
16 0.075957 0.858708 -0.212075
17 0.061906 0.846807 -0.186864
18 0.056435 0.837718 -0.157274
19 0.063293 0.829049 -0.123403
20 0.077826 0.826290 -0.098640
21 0.097035 0.826882 -0.072978
22 0.118951 0.831018 -0.051753
23 0.138789 0.840614 -0.032020
24 0.159687 0.852486 -0.014910
25 0.182629 0.868052 -0.001863
26 0.207407 0.887603 0.005692
27 0.231456 0.907644 0.006610
28 0.254145 0.929481 0.000854
29 0.273676 0.950569 -0.008951
Frame 314
0 0.288447 0.972230 -0.019804
1 0.301302 0.997119 -0.037606
2 0.309351 1.017049 -0.060532
3 0.313032 1.031676 -0.088152
4 0.312690 1.038979 -0.118319
5 0.307350 1.038478 -0.148472
6 0.296502 1.030085 -0.177832
7 0.278875 1.018235 -0.198108
8 0.257588 1.005091 -0.210798
9 0.233654 0.988030 -0.220346
10 0.210394 0.970402 -0.227124
11 0.186800 0.952337 -0.233165
12 0.163570 0.933844 -0.237049
13 0.140085 0.915214 -0.239851
14 0.116287 0.895366 -0.239617
15 0.094725 0.874997 -0.231039
16 0.074072 0.861772 -0.212279
17 0.059827 0.849815 -0.187195
18 0.054145 0.840611 -0.157647
19 0.060777 0.831799 -0.123770
20 0.075170 0.828867 -0.098906
21 0.094291 0.829271 -0.073156
22 0.116168 0.833219 -0.051819
23 0.136015 0.842652 -0.031972
24 0.156950 0.854358 -0.014733
25 0.179947 0.869763 -0.001531
26 0.204803 0.889160 0.006201
27 0.228949 0.909079 0.007305
28 0.251783 0.930842 0.001741
29 0.271479 0.951891 -0.007886
Frame 315
0 0.286466 0.973447 -0.018666
1 0.299555 0.998322 -0.036310
2 0.307806 1.018312 -0.059131
3 0.311675 1.033033 -0.086689
4 0.311492 1.040449 -0.116842
5 0.306269 1.040079 -0.147032
6 0.295494 1.031833 -0.176478
7 0.277893 1.020132 -0.196872
8 0.256598 1.007125 -0.209713
9 0.232626 0.990218 -0.219426
10 0.209303 0.972736 -0.226373
11 0.185637 0.954815 -0.232582
12 0.162326 0.936454 -0.236638
13 0.138758 0.917947 -0.239614
14 0.114844 0.898225 -0.239556
15 0.093098 0.877954 -0.231154
16 0.072279 0.864707 -0.212536
17 0.057843 0.852698 -0.187578
18 0.051951 0.843383 -0.158073
19 0.058356 0.834436 -0.124191
20 0.072608 0.831337 -0.099225
21 0.091640 0.831555 -0.073390
22 0.113477 0.835320 -0.051945
23 0.133331 0.844591 -0.031984
24 0.154303 0.856135 -0.014621
25 0.177351 0.871380 -0.001269
26 0.202280 0.890622 0.006637
27 0.226523 0.910420 0.007924
28 0.249499 0.932103 0.002550
29 0.269358 0.953108 -0.006900
Frame 316
0 0.284500 0.974579 -0.017561
1 0.297824 0.999439 -0.035045
2 0.306284 1.019485 -0.057757
3 0.310346 1.034299 -0.085250
4 0.310326 1.041826 -0.115390
5 0.305226 1.041585 -0.145617
6 0.294532 1.033487 -0.175149
7 0.276960 1.021935 -0.195664
8 0.255662 1.009066 -0.208656
9 0.231654 0.992311 -0.218540
10 0.208268 0.974977 -0.225660
11 0.184533 0.957200 -0.232039
12 0.161144 0.938974 -0.236272
13 0.137494 0.920590 -0.239424
14 0.113468 0.900995 -0.239544
15 0.091537 0.880825 -0.231322
16 0.070547 0.867557 -0.212853
17 0.055920 0.855493 -0.188019
18 0.049814 0.846070 -0.158559
19 0.055984 0.836991 -0.124673
20 0.070090 0.833726 -0.099605
21 0.089029 0.833761 -0.073684
22 0.110822 0.837344 -0.052127
23 0.130677 0.846453 -0.032053
24 0.151680 0.857835 -0.014564
25 0.174774 0.872919 -0.001058
26 0.199772 0.892005 0.007024
27 0.224111 0.911681 0.008499
28 0.247228 0.933282 0.003318
29 0.267249 0.954240 -0.005950
Frame 317
0 0.282487 0.975645 -0.016437
1 0.296055 1.000490 -0.033752
2 0.304730 1.020595 -0.056350
3 0.308996 1.035503 -0.083774
4 0.309151 1.043145 -0.113899
5 0.304185 1.043036 -0.144163
6 0.293582 1.035086 -0.173786
7 0.276047 1.023686 -0.194428
8 0.254750 1.010955 -0.207582
9 0.230712 0.994353 -0.217645
10 0.207267 0.977168 -0.224946
11 0.183466 0.959538 -0.231505
12 0.160001 0.941448 -0.235924
13 0.136272 0.923188 -0.239264
14 0.112136 0.903722 -0.239573
15 0.090016 0.883653 -0.231540
16 0.068849 0.870363 -0.213229
17 0.054023 0.858242 -0.188525
18 0.047694 0.848709 -0.159117
19 0.053617 0.839495 -0.125227
20 0.067566 0.836062 -0.100052
21 0.086402 0.835913 -0.074038
22 0.108144 0.839311 -0.052364
23 0.127993 0.848257 -0.032172
24 0.149018 0.859475 -0.014549
25 0.172151 0.874396 -0.000881
26 0.197214 0.893324 0.007388
27 0.221646 0.912877 0.009061
28 0.244903 0.934395 0.004085
29 0.265090 0.955306 -0.004990
Frame 318
0 0.280366 0.976668 -0.015245
1 0.294189 1.001498 -0.032375
2 0.303092 1.021667 -0.054848
3 0.307576 1.036675 -0.082196
4 0.307923 1.044437 -0.112305
5 0.303108 1.044466 -0.142609
6 0.292611 1.036670 -0.172329
7 0.275125 1.025425 -0.193109
8 0.253837 1.012834 -0.206439
9 0.229774 0.996388 -0.216696
10 0.206276 0.979357 -0.224195
11 0.182412 0.961876 -0.230950
12 0.158875 0.943921 -0.235572
13 0.135070 0.925791 -0.239115
14 0.110826 0.906454 -0.239629
15 0.088514 0.886488 -0.231804
16 0.067159 0.873169 -0.213665
17 0.052124 0.860983 -0.189103
18 0.045555 0.851332 -0.159753
19 0.051210 0.841982 -0.125862
20 0.064985 0.838376 -0.100571
21 0.083706 0.838036 -0.074457
22 0.105385 0.841246 -0.052655
23 0.125215 0.850023 -0.032333
24 0.146254 0.861072 -0.014565
25 0.169416 0.875828 -0.000720
26 0.194538 0.894595 0.007754
27 0.219060 0.914024 0.009642
28 0.242461 0.935459 0.004888
29 0.262819 0.956325 -0.003977
Frame 319
0 0.278075 0.977669 -0.013935
1 0.292169 1.002487 -0.030861
2 0.301318 1.022724 -0.053193
3 0.306040 1.037843 -0.080456
4 0.306600 1.045734 -0.110542
5 0.301956 1.045910 -0.140892
6 0.291587 1.038276 -0.170718
7 0.274164 1.027192 -0.191654
8 0.252892 1.014743 -0.205177
9 0.228816 0.998458 -0.215650
10 0.205269 0.981584 -0.223370
11 0.181348 0.964257 -0.230342
12 0.157744 0.946441 -0.235190
13 0.133868 0.928442 -0.238958
14 0.109516 0.909239 -0.239701
15 0.087005 0.889371 -0.232107
16 0.065450 0.876016 -0.214162
17 0.050187 0.863758 -0.189760
18 0.043357 0.853979 -0.160476
19 0.048719 0.844482 -0.126585
20 0.062301 0.840694 -0.101168
21 0.080887 0.840157 -0.074944
22 0.102486 0.843172 -0.053000
23 0.122285 0.851774 -0.032532
24 0.143323 0.862645 -0.014603
25 0.166504 0.877230 -0.000559
26 0.191676 0.895832 0.008144
27 0.216288 0.915135 0.010270
28 0.239835 0.936489 0.005765
29 0.260371 0.957313 -0.002866
Frame 320
0 0.275553 0.978666 -0.012458
1 0.289935 1.003475 -0.029153
2 0.299352 1.023791 -0.051324
3 0.304337 1.039033 -0.078489
4 0.305136 1.047066 -0.108550
5 0.300689 1.047401 -0.138947
6 0.290474 1.039941 -0.168893
7 0.273131 1.029026 -0.190004
8 0.251890 1.016723 -0.203746
9 0.227809 1.000605 -0.214461
10 0.204223 0.983894 -0.222430
11 0.180253 0.966725 -0.229650
12 0.156586 0.949050 -0.234750
13 0.132643 0.931189 -0.238773
14 0.108185 0.912122 -0.239776
15 0.085467 0.892353 -0.232444
16 0.063695 0.878951 -0.214719
17 0.048185 0.866606 -0.190500
18 0.041066 0.856687 -0.161296
19 0.046102 0.847030 -0.127405
20 0.059465 0.843049 -0.101851
21 0.077895 0.842302 -0.075502
22 0.099395 0.845111 -0.053399
23 0.119143 0.853528 -0.032766
24 0.140163 0.864215 -0.014652
25 0.163347 0.878620 -0.000383
26 0.188564 0.897054 0.008580
27 0.213260 0.916227 0.010974
28 0.236958 0.937503 0.006750
29 0.257682 0.958287 -0.001614
Frame 321
0 0.272733 0.979679 -0.010766
1 0.287428 1.004483 -0.027197
2 0.297138 1.024892 -0.049182
3 0.302417 1.040272 -0.076231
4 0.303485 1.048464 -0.106262
5 0.299266 1.048972 -0.136710
6 0.289236 1.041700 -0.166790
7 0.271996 1.030965 -0.188104
8 0.250799 1.018813 -0.202093
9 0.226729 1.002870 -0.213084
10 0.203114 0.986330 -0.221335
11 0.179103 0.969325 -0.228838
12 0.155380 0.951797 -0.234225
13 0.131375 0.934078 -0.238537
14 0.106814 0.915152 -0.239839
15 0.083881 0.895477 -0.232805
16 0.061871 0.882015 -0.215334
17 0.046088 0.869572 -0.191327
18 0.038645 0.859492 -0.162218
19 0.043317 0.849661 -0.128333
20 0.056429 0.845470 -0.102625
21 0.074674 0.844500 -0.076136
22 0.096053 0.847092 -0.053850
23 0.115727 0.855311 -0.033030
24 0.136710 0.865800 -0.014704
25 0.159884 0.880015 -0.000176
26 0.185133 0.898275 0.009083
27 0.209910 0.917315 0.011782
28 0.233763 0.938515 0.007881
29 0.254687 0.959267 -0.000179
Frame 322
0 0.269581 0.980718 -0.008833
1 0.284614 1.005521 -0.024963
2 0.294645 1.026034 -0.046734
3 0.300247 1.041570 -0.073649
4 0.301619 1.049938 -0.103641
5 0.297661 1.050638 -0.134146
6 0.287851 1.043571 -0.164374
7 0.270739 1.033027 -0.185918
8 0.249601 1.021031 -0.200187
9 0.225557 1.005272 -0.211488
10 0.201926 0.988912 -0.220058
11 0.177883 0.972078 -0.227882
12 0.154114 0.954702 -0.233594
13 0.130053 0.937132 -0.238233
14 0.105390 0.918350 -0.239875
15 0.082235 0.898768 -0.233181
16 0.059967 0.885232 -0.216001
17 0.043883 0.872674 -0.192238
18 0.036081 0.862415 -0.163242
19 0.040347 0.852392 -0.129368
20 0.053175 0.847973 -0.103490
21 0.071205 0.846764 -0.076845
22 0.092436 0.849124 -0.054355
23 0.112012 0.857132 -0.033321
24 0.132935 0.867412 -0.014754
25 0.156077 0.881426 0.000068
26 0.181349 0.899502 0.009664
27 0.206201 0.918408 0.012709
28 0.230214 0.939534 0.009173
29 0.251351 0.960260 0.001459
Frame 323
0 0.266183 0.981748 -0.006725
1 0.281569 1.006553 -0.022526
2 0.291938 1.027178 -0.044059
3 0.297887 1.042883 -0.070824
4 0.299585 1.051440 -0.100771
5 0.295914 1.052342 -0.131332
6 0.286350 1.045493 -0.161719
7 0.269383 1.035148 -0.183514
8 0.248320 1.023313 -0.198083
9 0.224315 1.007745 -0.209719
10 0.200678 0.991570 -0.218636
11 0.176615 0.974913 -0.226808
12 0.152808 0.957693 -0.232871
13 0.128697 0.940277 -0.237864
14 0.103938 0.921644 -0.239876
15 0.080558 0.902152 -0.233554
16 0.058018 0.888533 -0.216692
17 0.041615 0.875851 -0.193199
18 0.033429 0.865400 -0.164330
19 0.037258 0.855173 -0.130474
20 0.049776 0.850514 -0.104420
21 0.067566 0.849055 -0.077607
22 0.088628 0.851175 -0.054896
23 0.108087 0.858963 -0.033631
24 0.128932 0.869023 -0.014802
25 0.152028 0.882829 0.000338
26 0.177310 0.900717 0.010300
27 0.202230 0.919484 0.013720
28 0.226405 0.940536 0.010582
29 0.247760 0.961238 0.003247
Frame 324
0 0.262651 0.982730 -0.004526
1 0.278392 1.007536 -0.019979
2 0.289110 1.028277 -0.041262
3 0.295416 1.044154 -0.067866
4 0.297455 1.052905 -0.097761
5 0.294083 1.054015 -0.128379
6 0.284781 1.047388 -0.158928
7 0.267971 1.037246 -0.180982
8 0.246993 1.025572 -0.195862
9 0.223037 1.010200 -0.207845
10 0.199402 0.994211 -0.217121
11 0.175328 0.977734 -0.225654
12 0.151490 0.960673 -0.232082
13 0.127336 0.943413 -0.237442
14 0.102489 0.924931 -0.239838
15 0.078884 0.905530 -0.233904
16 0.056068 0.891828 -0.217376
17 0.039340 0.879018 -0.194169
18 0.030756 0.868370 -0.165440
19 0.034134 0.857935 -0.131606
20 0.046328 0.853032 -0.105374
21 0.063865 0.851319 -0.078390
22 0.084745 0.853196 -0.055454
23 0.104072 0.860759 -0.033951
24 0.124824 0.870598 -0.014851
25 0.147861 0.884190 0.000618
26 0.173145 0.901887 0.010961
27 0.198128 0.920512 0.014770
28 0.222461 0.941490 0.012049
29 0.244035 0.962166 0.005109
Frame 325
0 0.259103 0.983623 -0.002318
1 0.275193 1.008431 -0.017422
2 0.286255 1.029281 -0.038447
3 0.292918 1.045329 -0.064886
4 0.295298 1.054272 -0.094727
5 0.292229 1.055587 -0.125396
6 0.283194 1.049181 -0.156104
7 0.266546 1.039239 -0.178418
8 0.245656 1.027727 -0.193609
9 0.221755 1.012550 -0.205937
10 0.198130 0.996749 -0.215570
11 0.174052 0.980450 -0.224462
12 0.150190 0.963547 -0.231254
13 0.126000 0.946444 -0.236980
14 0.101071 0.928114 -0.239762
15 0.077250 0.908803 -0.234216
16 0.054162 0.895019 -0.218028
17 0.037110 0.882088 -0.195109
18 0.028133 0.871247 -0.166524
19 0.031059 0.860607 -0.132720
20 0.042926 0.855461 -0.106317
21 0.060204 0.853499 -0.079166
22 0.080895 0.855136 -0.056006
23 0.100084 0.862477 -0.034269
24 0.120737 0.872095 -0.014899
25 0.143709 0.885475 0.000900
26 0.168987 0.902983 0.011621
27 0.194025 0.921464 0.015820
28 0.218509 0.942364 0.013516
29 0.240298 0.963010 0.006974
Frame 326
0 0.255657 0.984391 -0.000185
1 0.272080 1.009195 -0.014946
2 0.283473 1.030148 -0.035720
3 0.290480 1.046356 -0.061995
4 0.293191 1.055481 -0.091778
5 0.290416 1.056994 -0.122496
6 0.281641 1.050800 -0.153356
7 0.265151 1.041052 -0.175918
8 0.244351 1.029698 -0.191407
9 0.220506 1.014709 -0.204065
10 0.196893 0.999091 -0.214041
11 0.172816 0.982967 -0.223279
12 0.148935 0.966220 -0.230419
13 0.124713 0.949269 -0.236496
14 0.099711 0.931088 -0.239649
15 0.075684 0.911868 -0.234480
16 0.052339 0.898013 -0.218621
17 0.034977 0.884973 -0.195982
18 0.025618 0.873950 -0.167544
19 0.028112 0.863115 -0.133773
20 0.039660 0.857737 -0.107209
21 0.056683 0.855537 -0.079901
22 0.077189 0.856943 -0.056530
23 0.096240 0.864071 -0.034568
24 0.116792 0.873477 -0.014941
25 0.139698 0.886649 0.001171
26 0.164966 0.903970 0.012258
27 0.190054 0.922311 0.016831
28 0.214679 0.943129 0.014931
29 0.236670 0.963737 0.008774
Frame 327
0 0.252437 0.984995 0.001794
1 0.269162 1.009795 -0.012646
2 0.280865 1.030836 -0.033184
3 0.288192 1.047188 -0.059305
4 0.291210 1.056479 -0.089033
5 0.288710 1.058173 -0.119794
6 0.280177 1.052176 -0.150791
7 0.263834 1.042608 -0.173583
8 0.243117 1.031404 -0.189345
9 0.219326 1.016596 -0.202307
10 0.195727 1.001151 -0.212596
11 0.171652 0.985193 -0.222152
12 0.147754 0.968597 -0.229612
13 0.123502 0.951792 -0.236010
14 0.098435 0.933755 -0.239505
15 0.074218 0.914628 -0.234685
16 0.050635 0.900713 -0.219133
17 0.032987 0.887582 -0.196755
18 0.023275 0.876398 -0.168455
19 0.025364 0.865387 -0.134720
20 0.036616 0.859793 -0.108012
21 0.053403 0.857371 -0.080563
22 0.073732 0.858563 -0.056999
23 0.092655 0.865491 -0.034834
24 0.113113 0.874698 -0.014971
25 0.135955 0.887677 0.001427
26 0.161212 0.904819 0.012849
27 0.186345 0.923020 0.017767
28 0.211101 0.943751 0.016241
29 0.233278 0.964315 0.010441
Frame 328
0 0.249528 0.985412 0.003566
1 0.266525 1.010201 -0.010590
2 0.278506 1.031314 -0.030916
3 0.286124 1.047790 -0.056896
4 0.289418 1.057225 -0.086574
5 0.287163 1.059080 -0.117371
6 0.278843 1.053259 -0.148492
7 0.262632 1.043854 -0.171485
8 0.241988 1.032790 -0.187490
9 0.218242 1.018150 -0.200719
10 0.194653 1.002866 -0.211284
11 0.170578 0.987064 -0.221121
12 0.146667 0.970607 -0.228861
13 0.122386 0.953941 -0.235543
14 0.097258 0.936039 -0.239340
15 0.072869 0.917006 -0.234829
16 0.049074 0.903050 -0.219551
17 0.031167 0.889849 -0.197405
18 0.021139 0.878528 -0.169229
19 0.022868 0.867362 -0.135529
20 0.033855 0.861574 -0.108698
21 0.050429 0.858956 -0.081127
22 0.070601 0.859953 -0.057395
23 0.089410 0.866702 -0.035052
24 0.109785 0.875728 -0.014982
25 0.132574 0.888526 0.001667
26 0.157822 0.905501 0.013385
27 0.182996 0.923570 0.018607
28 0.207869 0.944209 0.017414
29 0.230213 0.964721 0.011931
Frame 329
0 0.246889 0.985659 0.005157
1 0.264134 1.010429 -0.008742
2 0.276368 1.031602 -0.028878
3 0.284247 1.048183 -0.054733
4 0.287792 1.057744 -0.084366
5 0.285755 1.059741 -0.115194
6 0.277627 1.054078 -0.146423
7 0.261530 1.044821 -0.169597
8 0.240950 1.033887 -0.185815
9 0.217242 1.019404 -0.199279
10 0.193660 1.004269 -0.210089
11 0.169584 0.988611 -0.220172
12 0.145657 0.972284 -0.228160
13 0.121348 0.955751 -0.235092
14 0.096164 0.937976 -0.239157
15 0.071619 0.919036 -0.234920
16 0.047636 0.905054 -0.219887
17 0.029493 0.891799 -0.197948
18 0.019180 0.880364 -0.169884
19 0.020589 0.869064 -0.136217
20 0.031341 0.863101 -0.109278
21 0.047722 0.860305 -0.081601
22 0.067753 0.861127 -0.057723
23 0.086462 0.867711 -0.035226
24 0.106764 0.876572 -0.014975
25 0.129507 0.889205 0.001896
26 0.154749 0.906022 0.013876
27 0.179963 0.923963 0.019367
28 0.204940 0.944509 0.018469
29 0.227433 0.964963 0.013272
Frame 330
0 0.244452 0.985752 0.006619
1 0.261926 1.010502 -0.007047
2 0.274393 1.031724 -0.027008
3 0.282512 1.048397 -0.052747
4 0.286286 1.058071 -0.082336
5 0.284449 1.060198 -0.113193
6 0.276494 1.054679 -0.144522
7 0.260500 1.045556 -0.167858
8 0.239975 1.034746 -0.184270
9 0.216301 1.020410 -0.197944
10 0.192724 1.005417 -0.208975
11 0.168645 0.989893 -0.219282
12 0.144705 0.973689 -0.227491
13 0.120367 0.957282 -0.234649
14 0.095130 0.939629 -0.238956
15 0.070444 0.920781 -0.234969
16 0.046289 0.906782 -0.220158
17 0.027928 0.893487 -0.198409
18 0.017354 0.881951 -0.170447
19 0.018473 0.870530 -0.136809
20 0.029012 0.864407 -0.109777
21 0.045218 0.861449 -0.082006
22 0.065119 0.862108 -0.057997
23 0.083737 0.868542 -0.035362
24 0.103974 0.877249 -0.014948
25 0.126676 0.889725 0.002122
26 0.151914 0.906394 0.014338
27 0.177163 0.924212 0.020070
28 0.202237 0.944664 0.019442
29 0.224866 0.965058 0.014504
Frame 331
0 0.242144 0.985711 0.008000
1 0.259832 1.010438 -0.005447
2 0.272519 1.031704 -0.025242
3 0.280867 1.048463 -0.050870
4 0.284854 1.058242 -0.080418
5 0.283204 1.060490 -0.111302
6 0.275411 1.055107 -0.142723
7 0.259511 1.046112 -0.166211
8 0.239036 1.035418 -0.182802
9 0.215393 1.021222 -0.196672
10 0.191820 1.006362 -0.207907
11 0.167739 0.990968 -0.218422
12 0.143788 0.974881 -0.226836
13 0.119421 0.958595 -0.234204
14 0.094136 0.941061 -0.238737
15 0.069318 0.922302 -0.234983
16 0.045004 0.908292 -0.220380
17 0.026438 0.894963 -0.198809
18 0.015619 0.883338 -0.170943
19 0.016469 0.871803 -0.137335
20 0.026810 0.865529 -0.110218
21 0.042851 0.862418 -0.082364
22 0.062629 0.862924 -0.058234
23 0.081162 0.869214 -0.035470
24 0.101338 0.877777 -0.014905
25 0.124000 0.890105 0.002348
26 0.149235 0.906631 0.014785
27 0.174518 0.924330 0.020742
28 0.199680 0.944688 0.020364
29 0.222435 0.965021 0.015670
Frame 332
0 0.239892 0.985552 0.009346
1 0.257786 1.010257 -0.003883
2 0.270689 1.031567 -0.023516
3 0.279256 1.048409 -0.049036
4 0.283452 1.058290 -0.078542
5 0.281982 1.060657 -0.109451
6 0.274343 1.055405 -0.140960
7 0.258533 1.046533 -0.164594
8 0.238105 1.035951 -0.181359
9 0.214493 1.021892 -0.195414
10 0.190926 1.007162 -0.206849
11 0.166845 0.991892 -0.217564
12 0.142884 0.975920 -0.226175
13 0.118489 0.959753 -0.233746
14 0.093161 0.942332 -0.238498
15 0.068220 0.923661 -0.234970
16 0.043754 0.909644 -0.220568
17 0.024990 0.896284 -0.199171
18 0.013935 0.884573 -0.171400
19 0.014526 0.872926 -0.137822
20 0.024678 0.866505 -0.110626
21 0.040558 0.863246 -0.082691
22 0.060216 0.863604 -0.058446
23 0.078666 0.869754 -0.035561
24 0.098780 0.878176 -0.014850
25 0.121403 0.890359 0.002581
26 0.146631 0.906746 0.015229
27 0.171944 0.924329 0.021401
28 0.197190 0.944595 0.021266
29 0.220065 0.964865 0.016807
Frame 333
0 0.237622 0.985293 0.010707
1 0.255721 1.009979 -0.002303
2 0.268836 1.031334 -0.021769
3 0.277625 1.048262 -0.047176
4 0.282029 1.058248 -0.076640
5 0.280739 1.060735 -0.107570
6 0.273254 1.055616 -0.139169
7 0.257536 1.046865 -0.162948
8 0.237153 1.036394 -0.179887
9 0.213575 1.022472 -0.194127
10 0.190016 1.007870 -0.205761
11 0.165938 0.992724 -0.216677
12 0.141971 0.976865 -0.225487
13 0.117553 0.960815 -0.233263
14 0.092184 0.943504 -0.238234
15 0.067124 0.924922 -0.234934
16 0.042510 0.910896 -0.220737
17 0.023549 0.897503 -0.199516
18 0.012261 0.885703 -0.171842
19 0.012596 0.873942 -0.138297
20 0.022560 0.867371 -0.111024
21 0.038278 0.863965 -0.083010
22 0.057814 0.864173 -0.058653
23 0.076176 0.870184 -0.035644
24 0.096224 0.878465 -0.014788
25 0.118804 0.890504 0.002822
26 0.144022 0.906753 0.015682
27 0.169362 0.924222 0.022070
28 0.194687 0.944398 0.022177
29 0.217679 0.964609 0.017955
Frame 334
0 0.235261 0.984949 0.012127
1 0.253565 1.009622 -0.000649
2 0.266900 1.031028 -0.019936
3 0.275917 1.048049 -0.045223
4 0.280535 1.058146 -0.074638
5 0.279432 1.060760 -0.105590
6 0.272108 1.055780 -0.137280
7 0.256485 1.047155 -0.161210
8 0.236149 1.036795 -0.178330
9 0.212611 1.023011 -0.192761
10 0.189066 1.008540 -0.204604
11 0.164996 0.993519 -0.215731
12 0.141029 0.977775 -0.224748
13 0.116590 0.961842 -0.232739
14 0.091186 0.944644 -0.237942
15 0.066011 0.926145 -0.234880
16 0.041248 0.912108 -0.220898
17 0.022086 0.898676 -0.199863
18 0.010559 0.886779 -0.172292
19 0.010631 0.874895 -0.138785
20 0.020400 0.868170 -0.111436
21 0.035948 0.864608 -0.083342
22 0.055354 0.864663 -0.058868
23 0.073621 0.870529 -0.035731
24 0.093596 0.878665 -0.014722
25 0.116125 0.890557 0.003074
26 0.141327 0.906666 0.016154
27 0.166688 0.924021 0.022768
28 0.192091 0.944110 0.023127
29 0.215198 0.964265 0.019152
Frame 335
0 0.232733 0.984537 0.013654
1 0.251248 1.009203 0.001135
2 0.264815 1.030668 -0.017957
3 0.274074 1.047793 -0.043109
4 0.278922 1.058016 -0.072467
5 0.278019 1.060769 -0.103440
6 0.270867 1.055938 -0.135226
7 0.255349 1.047447 -0.159318
8 0.235064 1.037202 -0.176633
9 0.211573 1.023562 -0.191269
10 0.188050 1.009225 -0.203339
11 0.163997 0.994332 -0.214693
12 0.140035 0.978707 -0.223936
13 0.115583 0.962894 -0.232161
14 0.090149 0.945810 -0.237612
15 0.064859 0.927395 -0.234811
16 0.039942 0.913338 -0.221064
17 0.020571 0.899857 -0.200231
18 0.008792 0.887851 -0.172777
19 0.008586 0.875830 -0.139316
20 0.018144 0.868938 -0.111886
21 0.033509 0.865211 -0.083708
22 0.052774 0.865103 -0.059109
23 0.070934 0.870816 -0.035834
24 0.090820 0.878799 -0.014660
25 0.113288 0.890536 0.003336
26 0.138464 0.906501 0.016656
27 0.163841 0.923742 0.023513
28 0.189320 0.943745 0.024143
29 0.212547 0.963848 0.020434
Frame 336
0 0.229962 0.984073 0.015332
1 0.248701 1.008739 0.003101
2 0.262516 1.030273 -0.015768
3 0.272038 1.047519 -0.040766
4 0.277135 1.057884 -0.070057
5 0.276452 1.060793 -0.101049
6 0.269493 1.056130 -0.132939
7 0.254092 1.047784 -0.157207
8 0.233865 1.037659 -0.174739
9 0.210434 1.024173 -0.189601
10 0.186943 1.009977 -0.201923
11 0.162916 0.995221 -0.213530
12 0.138968 0.979720 -0.223026
13 0.114509 0.964034 -0.231509
14 0.089053 0.947066 -0.237239
15 0.063647 0.928734 -0.234729
16 0.038566 0.914648 -0.221243
17 0.018975 0.901104 -0.200637
18 0.006924 0.888969 -0.173318
19 0.006415 0.876792 -0.139913
20 0.015740 0.869717 -0.112397
21 0.030902 0.865807 -0.084128
22 0.050008 0.865524 -0.059394
23 0.068041 0.871069 -0.035967
24 0.087824 0.878888 -0.014608
25 0.110213 0.890460 0.003611
26 0.135354 0.906272 0.017193
27 0.160740 0.923394 0.024323
28 0.186294 0.943317 0.025252
29 0.209645 0.963372 0.021838
Frame 337
0 0.226901 0.983566 0.017190
1 0.245878 1.008237 0.005288
2 0.259962 1.029857 -0.013326
3 0.269769 1.047241 -0.038146
4 0.275141 1.057769 -0.067358
5 0.274701 1.060856 -0.098368
6 0.267958 1.056379 -0.130372
7 0.252693 1.048195 -0.154834
8 0.232535 1.038197 -0.172611
9 0.209176 1.024874 -0.187726
10 0.185730 1.010831 -0.200330
11 0.161741 0.996221 -0.212220
12 0.137817 0.980854 -0.222000
13 0.113362 0.965298 -0.230774
14 0.087892 0.948453 -0.236815
15 0.062368 0.930203 -0.234632
16 0.037112 0.916077 -0.221441
17 0.017284 0.902453 -0.201092
18 0.004939 0.890168 -0.173932
19 0.004097 0.877812 -0.140595
20 0.013160 0.870534 -0.112988
21 0.028096 0.866423 -0.084620
22 0.047020 0.865947 -0.059736
23 0.064906 0.871309 -0.036138
24 0.084565 0.878948 -0.014575
25 0.106858 0.890342 0.003894
26 0.131950 0.905992 0.017771
27 0.157335 0.922993 0.025204
28 0.182965 0.942835 0.026470
29 0.206446 0.962846 0.023388
Frame 338
0 0.223622 0.983012 0.019184
1 0.242844 1.007696 0.007645
2 0.257211 1.029409 -0.010690
3 0.267323 1.046946 -0.035311
4 0.272986 1.057654 -0.064435
5 0.272808 1.060934 -0.095462
6 0.266302 1.056659 -0.127589
7 0.251187 1.048649 -0.152259
8 0.231109 1.038781 -0.170302
9 0.207835 1.025630 -0.185693
10 0.184446 1.011745 -0.198602
11 0.160507 0.997287 -0.210797
12 0.136616 0.982060 -0.220884
13 0.112174 0.966640 -0.229971
14 0.086699 0.949922 -0.236350
15 0.061057 0.931753 -0.234522
16 0.035620 0.917578 -0.221653
17 0.015547 0.903862 -0.201585
18 0.002891 0.891412 -0.174601
19 0.001691 0.878860 -0.141346
20 0.010469 0.871363 -0.113644
21 0.025160 0.867036 -0.085172
22 0.043884 0.866356 -0.060129
23 0.061605 0.871525 -0.036346
24 0.081121 0.878974 -0.014563
25 0.103303 0.890179 0.004174
26 0.128332 0.905661 0.018367
27 0.153709 0.922537 0.026132
28 0.179413 0.942300 0.027764
29 0.203024 0.962269 0.025043
Frame 339
0 0.220232 0.982408 0.021245
1 0.239699 1.007105 0.010088
2 0.254355 1.028917 -0.007948
3 0.264776 1.046617 -0.032360
4 0.270743 1.057513 -0.061388
5 0.270839 1.060996 -0.092429
6 0.264582 1.056931 -0.124682
7 0.249629 1.049100 -0.149568
8 0.229637 1.039366 -0.167892
9 0.206458 1.026388 -0.183569
10 0.183136 1.012664 -0.196796
11 0.159256 0.998360 -0.209307
12 0.135407 0.983276 -0.219715
13 0.110986 0.967992 -0.229130
14 0.085518 0.951402 -0.235858
15 0.059761 0.933313 -0.234401
16 0.034143 0.919085 -0.221873
17 0.013823 0.905270 -0.202099
18 0.000849 0.892644 -0.175307
19 -0.000721 0.879887 -0.142143
20 0.007757 0.872166 -0.114346
21 0.022189 0.867617 -0.085768
22 0.040701 0.866727 -0.060563
23 0.058245 0.871697 -0.036589
24 0.077605 0.878952 -0.014578
25 0.099663 0.889966 0.004439
26 0.124618 0.905275 0.018961
27 0.149980 0.922028 0.027072
28 0.175750 0.941712 0.029087
29 0.199492 0.961641 0.026746
Frame 340
0 0.216835 0.981752 0.023303
1 0.236542 1.006464 0.012537
2 0.251482 1.028374 -0.005195
3 0.262215 1.046237 -0.029389
4 0.268486 1.057325 -0.058316
5 0.268860 1.061013 -0.089370
6 0.262857 1.057158 -0.121749
7 0.248073 1.049508 -0.146849
8 0.228173 1.039905 -0.165460
9 0.205094 1.027095 -0.181428
10 0.181847 1.013530 -0.194973
11 0.158034 0.999377 -0.207804
12 0.134235 0.984434 -0.218534
13 0.109843 0.969286 -0.228277
14 0.084389 0.952821 -0.235359
15 0.058525 0.934809 -0.234277
16 0.032732 0.920527 -0.222094
17 0.012171 0.906609 -0.202621
18 -0.001120 0.893807 -0.176028
19 -0.003063 0.880844 -0.142964
20 0.005108 0.872898 -0.115073
21 0.019277 0.868127 -0.086392
22 0.037573 0.867030 -0.061024
23 0.054929 0.871804 -0.036859
24 0.074124 0.878866 -0.014618
25 0.096049 0.889691 0.004679
26 0.120925 0.904831 0.019532
27 0.146261 0.921463 0.027991
28 0.172093 0.941070 0.030394
29 0.195959 0.960960 0.028439
Frame 341
0 0.213540 0.981041 0.025291
1 0.233474 1.005767 0.014911
2 0.248687 1.027772 -0.002517
3 0.259722 1.045794 -0.026495
4 0.266291 1.057068 -0.055319
5 0.266939 1.060954 -0.086384
6 0.261190 1.057305 -0.118887
7 0.246576 1.049829 -0.144195
8 0.226770 1.040351 -0.163087
9 0.203794 1.027701 -0.179341
10 0.180628 1.014289 -0.193196
11 0.156886 1.000281 -0.206337
12 0.133143 0.985475 -0.217381
13 0.108787 0.970454 -0.227444
14 0.083355 0.954109 -0.234871
15 0.057393 0.936171 -0.234156
16 0.031435 0.921836 -0.222314
17 0.010646 0.907819 -0.203139
18 -0.002949 0.894842 -0.176748
19 -0.005258 0.881680 -0.143788
20 0.002608 0.873517 -0.115808
21 0.016516 0.868533 -0.087028
22 0.034593 0.867238 -0.061502
23 0.051760 0.871823 -0.037150
24 0.070788 0.878701 -0.014685
25 0.092576 0.889345 0.004884
26 0.117367 0.904324 0.020059
27 0.142672 0.920840 0.028860
28 0.168556 0.940375 0.031643
29 0.192536 0.960227 0.030067
Frame 342
0 0.210456 0.980276 0.027145
1 0.230598 1.005016 0.017133
2 0.246067 1.027108 -0.000007
3 0.257385 1.045277 -0.023776
4 0.264237 1.056726 -0.052501
5 0.265148 1.060798 -0.083573
6 0.259644 1.057339 -0.116193
7 0.245196 1.050027 -0.141696
8 0.225484 1.040663 -0.160858
9 0.202609 1.028159 -0.177384
10 0.179527 1.014886 -0.191529
11 0.155860 1.001010 -0.204962
12 0.132175 0.986330 -0.216302
13 0.107859 0.971428 -0.226666
14 0.082457 0.955195 -0.234417
15 0.056408 0.937324 -0.234051
16 0.030301 0.922939 -0.222535
17 0.009304 0.908828 -0.203642
18 -0.004575 0.895691 -0.177451
19 -0.007232 0.882344 -0.144593
20 0.000338 0.873978 -0.116529
21 0.013993 0.868798 -0.087657
22 0.031859 0.867319 -0.061984
23 0.048841 0.871731 -0.037454
24 0.067704 0.878441 -0.014777
25 0.089356 0.888918 0.005050
26 0.114059 0.903748 0.020527
27 0.139328 0.920159 0.029651
28 0.165255 0.939627 0.032793
29 0.189337 0.959442 0.031578
Frame 343
0 0.207666 0.979515 0.028815
1 0.227992 1.004267 0.019143
2 0.243694 1.026438 0.002271
3 0.255271 1.044739 -0.021305
4 0.262387 1.056344 -0.049937
5 0.263543 1.060585 -0.081015
6 0.258272 1.057295 -0.113741
7 0.243980 1.050129 -0.139422
8 0.224360 1.040865 -0.158834
9 0.201582 1.028491 -0.175611
10 0.178582 1.015341 -0.190021
11 0.154990 1.001583 -0.203722
12 0.131365 0.987017 -0.215332
13 0.107090 0.972220 -0.225973
14 0.081725 0.956085 -0.234020
15 0.055604 0.938275 -0.233972
16 0.029364 0.923849 -0.222758
17 0.008182 0.909652 -0.204127
18 -0.005956 0.896370 -0.178125
19 -0.008935 0.882854 -0.145366
20 -0.001643 0.874309 -0.117224
21 0.011776 0.868952 -0.088268
22 0.029441 0.867311 -0.062459
23 0.046246 0.871569 -0.037765
24 0.064950 0.878129 -0.014891
25 0.086471 0.888459 0.005171
26 0.111087 0.903156 0.020923
27 0.136318 0.919475 0.030344
28 0.162276 0.938883 0.033816
29 0.186446 0.958665 0.032931
Frame 344
0 0.205142 0.978796 0.030325
1 0.225636 1.003560 0.020966
2 0.241551 1.025800 0.004342
3 0.253371 1.044217 -0.019051
4 0.260733 1.055964 -0.047594
5 0.262120 1.060355 -0.078678
6 0.257069 1.057218 -0.111502
7 0.242926 1.050186 -0.137345
8 0.223390 1.041010 -0.156991
9 0.200709 1.028754 -0.174001
10 0.177790 1.015714 -0.188653
11 0.154270 1.002064 -0.202598
12 0.130705 0.987604 -0.214460
13 0.106470 0.972900 -0.225360
14 0.081146 0.956851 -0.233676
15 0.054966 0.939099 -0.233922
16 0.028605 0.924641 -0.222989
17 0.007254 0.910368 -0.204602
18 -0.007120 0.896952 -0.178776
19 -0.010398 0.883283 -0.146113
20 -0.003368 0.874577 -0.117902
21 0.009827 0.869060 -0.088866
22 0.027300 0.867273 -0.062932
23 0.043936 0.871394 -0.038083
24 0.062490 0.877820 -0.015027
25 0.083884 0.888017 0.005252
26 0.108414 0.902595 0.021255
27 0.133603 0.918830 0.030951
28 0.159588 0.938183 0.034726
29 0.183831 0.957934 0.034146
Frame 345
0 0.202831 0.978086 0.031716
1 0.223479 1.002862 0.022652
2 0.239596 1.025160 0.006264
3 0.251645 1.043684 -0.016956
4 0.259243 1.055560 -0.045414
5 0.260853 1.060090 -0.076499
6 0.256012 1.057095 -0.109415
7 0.242013 1.050189 -0.135412
8 0.222558 1.041095 -0.155277
9 0.199970 1.028950 -0.172507
10 0.177130 1.016012 -0.187386
11 0.153681 1.002463 -0.201560
12 0.130176 0.988107 -0.213659
13 0.105979 0.973490 -0.224805
14 0.080699 0.957521 -0.233371
15 0.054468 0.939825 -0.233894
16 0.027995 0.925345 -0.223228
17 0.006486 0.911003 -0.205070
18 -0.008111 0.897467 -0.179415
19 -0.011672 0.883655 -0.146842
20 -0.004892 0.874798 -0.118569
21 0.008088 0.869133 -0.089459
22 0.025374 0.867211 -0.063406
23 0.041846 0.871205 -0.038410
24 0.060254 0.877507 -0.015183
25 0.081526 0.887580 0.005298
26 0.105972 0.902044 0.021535
27 0.131119 0.918201 0.031491
28 0.157124 0.937501 0.035551
29 0.181434 0.957221 0.035256
Frame 346
0 0.200673 0.977357 0.033025
1 0.221470 1.002140 0.024248
2 0.237784 1.024490 0.008088
3 0.250056 1.043110 -0.014962
4 0.257887 1.055106 -0.043334
5 0.259714 1.059770 -0.074420
6 0.255082 1.056911 -0.107421
7 0.241221 1.050128 -0.133566
8 0.221844 1.041116 -0.153642
9 0.199348 1.029081 -0.171084
10 0.176586 1.016241 -0.186181
11 0.153206 1.002795 -0.200574
12 0.129759 0.988541 -0.212903
13 0.105600 0.974010 -0.224286
14 0.080364 0.958119 -0.233092
15 0.054086 0.940482 -0.233881
16 0.027504 0.925990 -0.223474
17 0.005843 0.911586 -0.205538
18 -0.008971 0.897939 -0.180051
19 -0.012808 0.883992 -0.147567
20 -0.006270 0.874993 -0.119235
21 0.006497 0.869185 -0.090054
22 0.023602 0.867130 -0.063886
23 0.039913 0.871002 -0.038749
24 0.058179 0.877184 -0.015358
25 0.079330 0.887138 0.005317
26 0.103692 0.901487 0.021778
27 0.128799 0.917567 0.031984
28 0.154822 0.936810 0.036316
29 0.179193 0.956494 0.036296
Frame 347
0 0.198611 0.976575 0.034296
1 0.219557 1.001362 0.025802
2 0.236068 1.023758 0.009870
3 0.248567 1.042466 -0.013010
4 0.256630 1.054577 -0.041294
5 0.258676 1.059370 -0.072376
6 0.254250 1.056648 -0.105462
7 0.240529 1.049989 -0.131749
8 0.221231 1.041066 -0.152035
9 0.198824 1.029145 -0.169687
10 0.176137 1.016408 -0.184996
11 0.152826 1.003068 -0.199606
12 0.129436 0.988920 -0.212161
13 0.105315 0.974480 -0.223779
14 0.080118 0.958673 -0.232821
15 0.053794 0.941102 -0.233875
16 0.027105 0.926603 -0.223725
17 0.005288 0.912149 -0.206010
18 -0.009741 0.898398 -0.180688
19 -0.013852 0.884318 -0.148294
20 -0.007556 0.875177 -0.119906
21 0.005000 0.869228 -0.090657
22 0.021921 0.867039 -0.064378
23 0.038072 0.870787 -0.039102
24 0.056196 0.876846 -0.015551
25 0.077228 0.886676 0.005314
26 0.101508 0.900907 0.021995
27 0.126574 0.916904 0.032447
28 0.152615 0.936084 0.037047
29 0.177048 0.955725 0.037296
Frame 348
0 0.196588 0.975709 0.035565
1 0.217688 1.000493 0.027360
2 0.234404 1.022927 0.011662
3 0.247137 1.041717 -0.011040
4 0.255442 1.053943 -0.039232
5 0.257712 1.058869 -0.070308
6 0.253497 1.056289 -0.103474
7 0.239915 1.049763 -0.129907
8 0.220695 1.040940 -0.150403
9 0.198377 1.029142 -0.168266
10 0.175765 1.016518 -0.183793
11 0.152521 1.003293 -0.198621
12 0.129187 0.989260 -0.211406
13 0.105102 0.974920 -0.223260
14 0.079946 0.959210 -0.232543
15 0.053568 0.941712 -0.233865
16 0.026766 0.927216 -0.223977
17 0.004790 0.912720 -0.206487
18 -0.010463 0.898872 -0.181336
19 -0.014853 0.884659 -0.149034
20 -0.008803 0.875371 -0.120592
21 0.003536 0.869274 -0.091277
22 0.020272 0.866945 -0.064886
23 0.036260 0.870561 -0.039474
24 0.054242 0.876488 -0.015763
25 0.075153 0.886186 0.005294
26 0.099349 0.900289 0.022197
27 0.124378 0.916192 0.032898
28 0.150440 0.935297 0.037768
29 0.174936 0.954885 0.038290
Frame 349
0 0.194545 0.974725 0.036871
1 0.215806 0.999499 0.028969
2 0.232742 1.021964 0.013518
3 0.245723 1.040834 -0.008997
4 0.254282 1.053175 -0.037087
5 0.256790 1.058241 -0.068151
6 0.252795 1.055815 -0.101399
7 0.239357 1.049435 -0.127980
8 0.220217 1.040730 -0.148693
9 0.197987 1.029071 -0.166774
10 0.175450 1.016575 -0.182526
11 0.152274 1.003479 -0.197583
12 0.128994 0.989573 -0.210605
13 0.104944 0.975349 -0.222703
14 0.079823 0.959751 -0.232237
15 0.053384 0.942340 -0.233840
16 0.026465 0.927857 -0.224225
17 0.004316 0.913331 -0.206972
18 -0.011173 0.899389 -0.181998
19 -0.015857 0.885041 -0.149794
20 -0.010062 0.875593 -0.121299
21 0.002052 0.869338 -0.091919
22 0.018594 0.866855 -0.065417
23 0.034416 0.870326 -0.039868
24 0.052250 0.876107 -0.015994
25 0.073037 0.885658 0.005260
26 0.097150 0.899616 0.022394
27 0.122143 0.915409 0.033352
28 0.148230 0.934423 0.038502
29 0.172794 0.953943 0.039306
Frame 350
0 0.192421 0.973594 0.038250
1 0.213859 0.998344 0.030674
2 0.231033 1.020833 0.015489
3 0.244283 1.039781 -0.006821
4 0.253118 1.052242 -0.034796
5 0.255879 1.057459 -0.065845
6 0.252116 1.055204 -0.099174
7 0.238830 1.048990 -0.125911
8 0.219774 1.040427 -0.146852
9 0.197633 1.028928 -0.165162
10 0.175173 1.016582 -0.181155
11 0.152064 1.003636 -0.196454
12 0.128838 0.989874 -0.209727
13 0.104824 0.975787 -0.222079
14 0.079733 0.960322 -0.231886
15 0.053218 0.943015 -0.233789
16 0.026173 0.928555 -0.224463
17 0.003835 0.914012 -0.207463
18 -0.011909 0.899978 -0.182679
19 -0.016908 0.885486 -0.150581
20 -0.011383 0.875864 -0.122034
21 0.000491 0.869435 -0.092591
22 0.016829 0.866778 -0.065975
23 0.032478 0.870085 -0.040287
24 0.050157 0.875701 -0.016244
25 0.070815 0.885082 0.005217
26 0.094842 0.898872 0.022597
27 0.119803 0.914535 0.033825
28 0.145920 0.933436 0.039272
29 0.170560 0.952870 0.040376
Frame 351
0 0.190169 0.972290 0.039729
1 0.211801 0.997003 0.032508
2 0.229237 1.019510 0.017614
3 0.242782 1.038533 -0.004470
4 0.251916 1.051120 -0.032317
5 0.254952 1.056503 -0.063342
6 0.251437 1.054441 -0.096755
7 0.238315 1.048416 -0.123658
8 0.219348 1.040024 -0.144841
9 0.197297 1.028711 -0.163395
10 0.174917 1.016541 -0.179646
11 0.151878 1.003769 -0.195206
12 0.128707 0.990172 -0.208748
13 0.104727 0.976247 -0.221371
14 0.079664 0.960941 -0.231471
15 0.053061 0.943763 -0.233701
16 0.025875 0.929335 -0.224689
17 0.003326 0.914785 -0.207960
18 -0.012698 0.900661 -0.183383
19 -0.018037 0.886017 -0.151401
20 -0.012801 0.876200 -0.122806
21 -0.001184 0.869577 -0.093300
22 0.014936 0.866725 -0.066568
23 0.030401 0.869842 -0.040736
24 0.047916 0.875268 -0.016517
25 0.068437 0.884453 0.005163
26 0.092375 0.898048 0.022807
27 0.117305 0.913554 0.034325
28 0.143460 0.932319 0.040092
29 0.168185 0.951646 0.041519
Frame 352
0 0.187798 0.970834 0.041291
1 0.209640 0.995499 0.034451
2 0.227356 1.018012 0.019872
3 0.241220 1.037109 -0.001966
4 0.250675 1.049827 -0.029670
5 0.254005 1.055388 -0.060662
6 0.250756 1.053537 -0.094158
7 0.237807 1.047724 -0.121235
8 0.218938 1.039527 -0.142674
9 0.196983 1.028423 -0.161488
10 0.174686 1.016451 -0.178012
11 0.151720 1.003876 -0.193850
12 0.128604 0.990467 -0.207678
13 0.104661 0.976723 -0.220587
14 0.079625 0.961596 -0.231000
15 0.052922 0.944571 -0.233582
16 0.025586 0.930187 -0.224906
17 0.002806 0.915638 -0.208465
18 -0.013519 0.901424 -0.184109
19 -0.019222 0.886622 -0.152254
20 -0.014293 0.876595 -0.123618
21 -0.002951 0.869760 -0.094050
22 0.012937 0.866691 -0.067198
23 0.028207 0.869600 -0.041220
24 0.045548 0.874814 -0.016818
25 0.065924 0.883780 0.005093
26 0.089769 0.897157 0.023018
27 0.114668 0.912484 0.034844
28 0.140864 0.931088 0.040952
29 0.165680 0.950290 0.042722
Frame 353
0 0.185332 0.969258 0.042914
1 0.207391 0.993860 0.036474
2 0.225404 1.016374 0.022230
3 0.239603 1.035538 0.000656
4 0.249398 1.048390 -0.026890
5 0.253042 1.054138 -0.057844
6 0.250072 1.052511 -0.091421
7 0.237312 1.046927 -0.118678
8 0.218548 1.038947 -0.140381
9 0.196695 1.028068 -0.159465
10 0.174488 1.016315 -0.176277
11 0.151599 1.003955 -0.192405
12 0.128541 0.990749 -0.206534
13 0.104637 0.977203 -0.219744
14 0.079630 0.962274 -0.230483
15 0.052823 0.945419 -0.233437
16 0.025327 0.931089 -0.225116
17 0.002302 0.916550 -0.208979
18 -0.014341 0.902249 -0.184858
19 -0.020428 0.887282 -0.153141
20 -0.015822 0.877034 -0.124470
21 -0.004771 0.869975 -0.094843
22 0.010870 0.866674 -0.067868
23 0.025933 0.869359 -0.041739
24 0.043090 0.874345 -0.017150
25 0.063313 0.883074 0.005000
26 0.087057 0.896212 0.023220
27 0.111924 0.911343 0.035367
28 0.138163 0.929770 0.041834
29 0.163074 0.948828 0.043966
Frame 354
0 0.182796 0.967592 0.044569
1 0.205079 0.992122 0.038548
2 0.223396 1.014627 0.024654
3 0.237942 1.033854 0.003358
4 0.248094 1.046837 -0.024018
5 0.252065 1.052776 -0.054924
6 0.249392 1.051383 -0.088577
7 0.236832 1.046042 -0.116017
8 0.218183 1.038293 -0.137991
9 0.196439 1.027655 -0.157357
10 0.174328 1.016133 -0.174464
11 0.151524 1.004002 -0.190892
12 0.128528 0.991012 -0.205332
13 0.104667 0.977678 -0.218853
14 0.079694 0.962958 -0.229931
15 0.052779 0.946288 -0.233272
16 0.025122 0.932021 -0.225323
17 0.001840 0.917498 -0.209503
18 -0.015134 0.903113 -0.185633
19 -0.021621 0.887982 -0.154064
20 -0.017356 0.877506 -0.125363
21 -0.006611 0.870213 -0.095679
22 0.008769 0.866670 -0.068581
23 0.023616 0.869120 -0.042300
24 0.040580 0.873867 -0.017518
25 0.060639 0.882345 0.004879
26 0.084276 0.895231 0.023403
27 0.109107 0.910152 0.035885
28 0.135388 0.928388 0.042723
29 0.160395 0.947291 0.045229
Frame 355
0 0.180213 0.965868 0.046235
1 0.202723 0.990317 0.040642
2 0.221348 1.012804 0.027110
3 0.236250 1.032086 0.006104
4 0.246767 1.045199 -0.021091
5 0.251081 1.051329 -0.051939
6 0.248719 1.050175 -0.085663
7 0.236371 1.045085 -0.113287
8 0.217848 1.037579 -0.135535
9 0.196222 1.027190 -0.155190
10 0.174216 1.015908 -0.172599
11 0.151503 1.004015 -0.189332
12 0.128575 0.991250 -0.204093
13 0.104763 0.978134 -0.217931
14 0.079830 0.963633 -0.229356
15 0.052810 0.947159 -0.233098
16 0.024988 0.932963 -0.225533
17 0.001444 0.918462 -0.210042
18 -0.015870 0.903998 -0.186434
19 -0.022771 0.888702 -0.155023
20 -0.018858 0.877996 -0.126301
21 -0.008433 0.870466 -0.096560
22 0.006673 0.866674 -0.069338
23 0.021293 0.868884 -0.042903
24 0.038052 0.873384 -0.017925
25 0.057940 0.881603 0.004724
26 0.081462 0.894228 0.023558
27 0.106251 0.908929 0.036384
28 0.132572 0.926967 0.043603
29 0.157673 0.945705 0.046493
Frame 356
0 0.177612 0.964118 0.047887
1 0.200344 0.988476 0.042729
2 0.219279 1.010939 0.029566
3 0.234539 1.030269 0.008859
4 0.245429 1.043506 -0.018145
5 0.250094 1.049825 -0.048928
6 0.248056 1.048910 -0.082716
7 0.235933 1.044073 -0.110521
8 0.217550 1.036818 -0.133046
9 0.196050 1.026681 -0.152990
10 0.174156 1.015643 -0.170706
11 0.151543 1.003992 -0.187749
12 0.128691 0.991457 -0.202835
13 0.104935 0.978564 -0.216995
14 0.080048 0.964287 -0.228772
15 0.052930 0.948013 -0.232923
16 0.024945 0.933893 -0.225752
17 0.001139 0.919420 -0.210599
18 -0.016520 0.904881 -0.187265
19 -0.023844 0.889425 -0.156021
20 -0.020296 0.878489 -0.127283
21 -0.010204 0.870723 -0.097488
22 0.004618 0.866682 -0.070141
23 0.018999 0.868650 -0.043551
24 0.035544 0.872901 -0.018375
25 0.055250 0.880859 0.004529
26 0.078648 0.893218 0.023680
27 0.103390 0.907696 0.036853
28 0.129745 0.925530 0.044459
29 0.154936 0.944100 0.047740
Frame 357
0 0.175019 0.962374 0.049501
1 0.197968 0.986637 0.044780
2 0.217205 1.009067 0.031989
3 0.232822 1.028439 0.011586
4 0.244088 1.041791 -0.015220
5 0.249112 1.048293 -0.045930
6 0.247411 1.047611 -0.079772
7 0.235525 1.043028 -0.107754
8 0.217293 1.036022 -0.130551
9 0.195931 1.026139 -0.150788
10 0.174158 1.015342 -0.168811
11 0.151654 1.003933 -0.186166
12 0.128887 0.991626 -0.201577
13 0.105195 0.978959 -0.216060
14 0.080362 0.964904 -0.228192
15 0.053155 0.948833 -0.232757
16 0.025014 0.934793 -0.225987
17 0.000947 0.920349 -0.211182
18 -0.017057 0.905741 -0.188130
19 -0.024811 0.890131 -0.157061
20 -0.021637 0.878971 -0.128313
21 -0.011888 0.870972 -0.098467
22 0.002639 0.866686 -0.070995
23 0.016770 0.868416 -0.044248
24 0.033091 0.872420 -0.018872
25 0.052605 0.880120 0.004288
26 0.075871 0.892216 0.023757
27 0.100557 0.906470 0.037282
28 0.126940 0.924101 0.045278
29 0.152215 0.942502 0.048950
Frame 358
0 0.172457 0.960651 0.051063
1 0.195614 0.984816 0.046777
2 0.215145 1.007210 0.034357
3 0.231112 1.026616 0.014262
4 0.242754 1.040077 -0.012338
5 0.248141 1.046754 -0.042968
6 0.246786 1.046301 -0.076856
7 0.235148 1.041967 -0.105007
8 0.217080 1.035209 -0.128074
9 0.195866 1.025577 -0.148602
10 0.174223 1.015017 -0.166929
11 0.151837 1.003845 -0.184595
12 0.129164 0.991765 -0.200332
13 0.105543 0.979318 -0.215137
14 0.080775 0.965486 -0.227624
15 0.053490 0.949612 -0.232604
16 0.025200 0.935654 -0.226241
17 0.000880 0.921242 -0.211789
18 -0.017467 0.906569 -0.189028
19 -0.025655 0.890811 -0.158143
20 -0.022862 0.879432 -0.129393
21 -0.013464 0.871208 -0.099497
22 0.000759 0.866683 -0.071902
23 0.014631 0.868179 -0.044996
24 0.030720 0.871942 -0.019419
25 0.050033 0.879387 0.003998
26 0.073158 0.891225 0.023786
27 0.097780 0.905259 0.037661
28 0.124183 0.922691 0.046047
29 0.149533 0.940925 0.050111
Frame 359
0 0.169909 0.958937 0.052582
1 0.193264 0.983001 0.048730
2 0.213082 1.005355 0.036685
3 0.229396 1.024789 0.016902
4 0.241415 1.038354 -0.009485
5 0.247170 1.045201 -0.040023
6 0.246170 1.044972 -0.073951
7 0.234790 1.040886 -0.102265
8 0.216899 1.034375 -0.125599
9 0.195841 1.024995 -0.146416
10 0.174338 1.014669 -0.165048
11 0.152078 1.003734 -0.183025
12 0.129507 0.991880 -0.199089
13 0.105968 0.979653 -0.214217
14 0.081272 0.966042 -0.227059
15 0.053921 0.950363 -0.232459
16 0.025488 0.936489 -0.226506
17 0.000922 0.922111 -0.212416
18 -0.017765 0.907376 -0.189956
19 -0.026390 0.891473 -0.159265
20 -0.023988 0.879882 -0.130519
21 -0.014948 0.871434 -0.100576
22 -0.001041 0.866673 -0.072860
23 0.012563 0.867940 -0.045795
24 0.028412 0.871463 -0.020014
25 0.047515 0.878656 0.003660
26 0.070491 0.890237 0.023766
27 0.095041 0.904053 0.037995
28 0.121457 0.921289 0.046773
29 0.146874 0.939357 0.051231
Frame 360
0 0.167343 0.957217 0.054071
1 0.190892 0.981176 0.050656
2 0.210993 1.003484 0.038993
3 0.227651 1.022943 0.019530
4 0.240049 1.036605 -0.006634
5 0.246179 1.043619 -0.037074
6 0.245546 1.043612 -0.071032
7 0.234437 1.039775 -0.099506
8 0.216733 1.033514 -0.123104
9 0.195845 1.024386 -0.144212
10 0.174490 1.014294 -0.163151
11 0.152366 1.003599 -0.181440
12 0.129906 0.991972 -0.197834
13 0.106456 0.979966 -0.213286
14 0.081842 0.966576 -0.226488
15 0.054433 0.951095 -0.232314
16 0.025863 0.937308 -0.226781
17 0.001055 0.922967 -0.213062
18 -0.017974 0.908174 -0.190914
19 -0.027042 0.892129 -0.160425
20 -0.025040 0.880328 -0.131694
21 -0.016371 0.871658 -0.101707
22 -0.002788 0.866663 -0.073869
23 0.010536 0.867701 -0.046643
24 0.026134 0.870984 -0.020659
25 0.045020 0.877926 0.003275
26 0.067837 0.889249 0.023703
27 0.092305 0.902846 0.038289
28 0.118727 0.919885 0.047465
29 0.144206 0.937784 0.052319
Frame 361
0 0.164730 0.955479 0.055544
1 0.188468 0.979328 0.052574
2 0.208849 1.001584 0.041299
3 0.225853 1.021060 0.022167
4 0.238636 1.034816 -0.003764
5 0.245151 1.041994 -0.034096
6 0.244900 1.042209 -0.068075
7 0.234071 1.038622 -0.096707
8 0.216569 1.032615 -0.120568
9 0.195861 1.023744 -0.141970
10 0.174665 1.013889 -0.161219
11 0.152687 1.003437 -0.179825
12 0.130346 0.992041 -0.196554
13 0.106997 0.980261 -0.212333
14 0.082473 0.967097 -0.225901
15 0.055014 0.951815 -0.232161
16 0.026311 0.938120 -0.227059
17 0.001261 0.923822 -0.213723
18 -0.018113 0.908975 -0.191899
19 -0.027634 0.892790 -0.161625
20 -0.026045 0.880779 -0.132914
21 -0.017759 0.871888 -0.102887
22 -0.004514 0.866656 -0.074929
23 0.008521 0.867465 -0.047540
24 0.023857 0.870507 -0.021351
25 0.042513 0.877195 0.002846
26 0.065162 0.888257 0.023599
27 0.089540 0.901631 0.038548
28 0.115961 0.918469 0.048127
29 0.141494 0.936197 0.053387
Frame 362
0 0.162036 0.953707 0.057014
1 0.185960 0.977441 0.054499
2 0.206623 0.999637 0.043625
3 0.223978 1.019126 0.024835
4 0.237154 1.032969 -0.000851
5 0.244066 1.040309 -0.031063
6 0.244210 1.040747 -0.065057
7 0.233678 1.037415 -0.093845
8 0.216392 1.031669 -0.117969
9 0.195876 1.023062 -0.139669
10 0.174850 1.013449 -0.159234
11 0.153027 1.003246 -0.178163
12 0.130816 0.992087 -0.195232
13 0.107576 0.980538 -0.211347
14 0.083151 0.967607 -0.225287
15 0.055650 0.952532 -0.231994
16 0.026818 0.938935 -0.227336
17 0.001524 0.924685 -0.214394
18 -0.018201 0.909787 -0.192911
19 -0.028186 0.893466 -0.162864
20 -0.027025 0.881244 -0.134181
21 -0.019137 0.872131 -0.104117
22 -0.006244 0.866661 -0.076039
23 0.006486 0.867237 -0.048487
24 0.021550 0.870035 -0.022090
25 0.039965 0.876463 0.002373
26 0.062433 0.887259 0.023458
27 0.086712 0.900402 0.038777
28 0.113124 0.917034 0.048769
29 0.138707 0.934584 0.054442
Frame 363
0 0.159228 0.951890 0.058493
1 0.183338 0.975498 0.056446
2 0.204286 0.997629 0.045987
3 0.221998 1.017119 0.027556
4 0.235580 1.031048 0.002130
5 0.242903 1.038549 -0.027952
6 0.243461 1.039211 -0.061954
7 0.233241 1.036140 -0.090894
8 0.216185 1.030664 -0.115287
9 0.195874 1.022330 -0.137290
10 0.175030 1.012968 -0.157177
11 0.153374 1.003023 -0.176434
12 0.131304 0.992109 -0.193854
13 0.108184 0.980801 -0.210313
14 0.083868 0.968112 -0.224634
15 0.056330 0.953251 -0.231801
16 0.027369 0.939762 -0.227603
17 0.001826 0.925568 -0.215072
18 -0.018257 0.910625 -0.193943
19 -0.028723 0.894170 -0.164139
20 -0.028006 0.881733 -0.135493
21 -0.020532 0.872394 -0.105396
22 -0.008007 0.866682 -0.077200
23 0.004404 0.867020 -0.049483
24 0.019182 0.869567 -0.022876
25 0.037342 0.875730 0.001858
26 0.059616 0.886250 0.023281
27 0.083787 0.899156 0.038981
28 0.110185 0.915571 0.049397
29 0.135810 0.932933 0.055495
Frame 364
0 0.156274 0.950013 0.059992
1 0.180571 0.973487 0.058431
2 0.201809 0.995541 0.048406
3 0.219889 1.015027 0.030350
4 0.233890 1.029033 0.005201
5 0.241641 1.036695 -0.024738
6 0.242631 1.037587 -0.058739
7 0.232740 1.034784 -0.087834
8 0.215931 1.029591 -0.112496
9 0.195839 1.021539 -0.134810
10 0.175191 1.012438 -0.155027
11 0.153715 1.002763 -0.174623
12 0.131795 0.992102 -0.192403
13 0.108808 0.981048 -0.209215
14 0.084610 0.968611 -0.223928
15 0.057041 0.953980 -0.231572
16 0.027952 0.940610 -0.227853
17 0.002156 0.926479 -0.215750
18 -0.018297 0.911499 -0.194996
19 -0.029260 0.894909 -0.165449
20 -0.029007 0.882254 -0.136848
21 -0.021967 0.872686 -0.106723
22 -0.009829 0.866725 -0.078409
23 0.002247 0.866821 -0.050528
24 0.016725 0.869109 -0.023709
25 0.034613 0.874998 0.001302
26 0.056680 0.885230 0.023071
27 0.080733 0.897885 0.039162
28 0.107107 0.914072 0.050017
29 0.132770 0.931236 0.056553
Frame 365
0 0.153140 0.948063 0.061523
1 0.177625 0.971393 0.060469
2 0.199160 0.993356 0.050900
3 0.217620 1.012827 0.033241
4 0.232058 1.026907 0.008386
5 0.240255 1.034731 -0.021395
6 0.241700 1.035856 -0.055387
7 0.232158 1.033332 -0.084636
8 0.215611 1.028435 -0.109575
9 0.195756 1.020681 -0.132209
10 0.175317 1.011854 -0.152764
11 0.154034 1.002461 -0.172710
12 0.132278 0.992067 -0.190862
13 0.109436 0.981281 -0.208039
14 0.085369 0.969111 -0.223157
15 0.057772 0.954724 -0.231297
16 0.028556 0.941487 -0.228078
17 0.002497 0.927433 -0.216422
18 -0.018339 0.912419 -0.196061
19 -0.029819 0.895698 -0.166791
20 -0.030050 0.882818 -0.138244
21 -0.023466 0.873016 -0.108097
22 -0.011736 0.866798 -0.079668
23 -0.000012 0.866642 -0.051621
24 0.014148 0.868663 -0.024587
25 0.031749 0.874265 0.000705
26 0.053592 0.884195 0.022830
27 0.077514 0.896586 0.039326
28 0.103858 0.912529 0.050633
29 0.129553 0.929481 0.057626
Frame 366
0 0.149803 0.946035 0.063092
1 0.174477 0.969204 0.062568
2 0.196319 0.991067 0.053476
3 0.215172 1.010511 0.036236
4 0.230064 1.024658 0.011697
5 0.238730 1.032641 -0.017912
6 0.240653 1.034005 -0.051886
7 0.231479 1.031770 -0.081289
8 0.215214 1.027186 -0.106509
9 0.195612 1.019743 -0.129473
10 0.175398 1.011206 -0.150376
11 0.154322 1.002110 -0.170682
12 0.132742 0.991996 -0.189217
13 0.110059 0.981495 -0.206774
14 0.086135 0.969609 -0.222309
15 0.058517 0.955485 -0.230963
16 0.029173 0.942396 -0.228267
17 0.002840 0.928429 -0.217078
18 -0.018392 0.913393 -0.197134
19 -0.030413 0.896542 -0.168157
20 -0.031151 0.883431 -0.139675
21 -0.025044 0.873389 -0.109514
22 -0.013743 0.866907 -0.080970
23 -0.002391 0.866491 -0.052759
24 0.011432 0.868234 -0.025508
25 0.028728 0.873539 0.000070
26 0.050330 0.883149 0.022561
27 0.074112 0.895260 0.039474
28 0.100416 0.910941 0.051251
29 0.126136 0.927664 0.058716
Frame 367
0 0.146298 0.943946 0.064676
1 0.171161 0.966943 0.064699
2 0.193314 0.988690 0.056104
3 0.212570 1.008095 0.039302
4 0.227929 1.022300 0.015095
5 0.237080 1.030442 -0.014327
6 0.239500 1.032045 -0.048275
7 0.230712 1.030106 -0.077830
8 0.214745 1.025848 -0.103333
9 0.195410 1.018729 -0.126629
10 0.175436 1.010493 -0.147887
11 0.154581 1.001707 -0.168560
12 0.133190 0.991883 -0.187487
13 0.110678 0.981682 -0.205428
14 0.086906 0.970092 -0.221389
15 0.059272 0.956248 -0.230574
16 0.029802 0.943323 -0.228417
17 0.003191 0.929461 -0.217712
18 -0.018448 0.914411 -0.198201
19 -0.031024 0.897436 -0.169537
20 -0.032290 0.884090 -0.141127
21 -0.026679 0.873807 -0.110960
22 -0.015827 0.867054 -0.082306
23 -0.004860 0.866371 -0.053932
24 0.008610 0.867829 -0.026466
25 0.025585 0.872825 -0.000599
26 0.046932 0.882104 0.022261
27 0.070560 0.893921 0.039599
28 0.096818 0.909324 0.051856
29 0.122558 0.925802 0.059808
Frame 368
0 0.142677 0.941822 0.066244
1 0.167724 0.964634 0.066827
2 0.190188 0.986253 0.058741
3 0.209849 1.005606 0.042391
4 0.225684 1.019860 0.018530
5 0.235329 1.028154 -0.010692
6 0.238257 1.029996 -0.044602
7 0.229870 1.028355 -0.074306
8 0.214215 1.024433 -0.100089
9 0.195158 1.017645 -0.123718
10 0.175436 1.009721 -0.145330
11 0.154814 1.001252 -0.166372
12 0.133622 0.991729 -0.185692
13 0.111290 0.981836 -0.204020
14 0.087683 0.970555 -0.220411
15 0.060039 0.957003 -0.230135
16 0.030447 0.944255 -0.228528
17 0.003558 0.930510 -0.218317
18 -0.018491 0.915458 -0.199254
19 -0.031633 0.898367 -0.170916
20 -0.033441 0.884786 -0.142589
21 -0.028339 0.874261 -0.112423
22 -0.017946 0.867236 -0.083666
23 -0.007379 0.866285 -0.055136
24 0.005728 0.867453 -0.027458
25 0.022370 0.872134 -0.001305
26 0.043447 0.881071 0.021924
27 0.066914 0.892582 0.039692
28 0.093116 0.907695 0.052434
29 0.118869 0.923917 0.060876
Frame 369
0 0.138991 0.939684 0.067770
1 0.164218 0.962303 0.068915
2 0.186986 0.983782 0.061346
3 0.207053 1.003073 0.045455
4 0.223363 1.017365 0.021951
5 0.233505 1.025803 -0.007062
6 0.236949 1.027879 -0.040922
7 0.228971 1.026538 -0.070764
8 0.213637 1.022954 -0.096823
9 0.194868 1.016502 -0.120779
10 0.175407 1.008894 -0.142742
11 0.155026 1.000749 -0.164149
12 0.134042 0.991531 -0.183860
13 0.111899 0.981953 -0.202568
14 0.088465 0.970991 -0.219388
15 0.060815 0.957739 -0.229656
16 0.031108 0.945176 -0.228601
17 0.003948 0.931565 -0.218892
18 -0.018512 0.916523 -0.200286
19 -0.032221 0.899323 -0.172284
20 -0.034577 0.885512 -0.144050
21 -0.029991 0.874749 -0.113895
22 -0.020065 0.867452 -0.085041
23 -0.009904 0.866231 -0.056363
24 0.002831 0.867109 -0.028480
25 0.019131 0.871473 -0.002047
26 0.039930 0.880063 0.021547
27 0.063227 0.891261 0.039741
28 0.089365 0.906073 0.052967
29 0.115123 0.922029 0.061901
Frame 370
0 0.135296 0.937556 0.069227
1 0.160690 0.959975 0.070931
2 0.183757 0.981305 0.063877
3 0.204220 1.000522 0.048449
4 0.221000 1.014841 0.025309
5 0.231638 1.023415 -0.003485
6 0.235599 1.025715 -0.037287
7 0.228032 1.024670 -0.067258
8 0.213027 1.021428 -0.093579
9 0.194550 1.015313 -0.117855
10 0.175355 1.008023 -0.140159
11 0.155222 1.000203 -0.161924
12 0.134452 0.991292 -0.182017
13 0.112503 0.982031 -0.201094
14 0.089249 0.971389 -0.218339
15 0.061598 0.958445 -0.229147
16 0.031787 0.946075 -0.228641
17 0.004364 0.932610 -0.219435
18 -0.018498 0.917590 -0.201291
19 -0.032772 0.900293 -0.173631
20 -0.035676 0.886257 -0.145498
21 -0.031605 0.875263 -0.115362
22 -0.022150 0.867698 -0.086423
23 -0.012396 0.866212 -0.057606
24 -0.000035 0.866802 -0.029527
25 0.015917 0.870849 -0.002824
26 0.036432 0.879089 0.021126
27 0.059553 0.889971 0.039738
28 0.085620 0.904476 0.053442
29 0.111376 0.920159 0.062861
Frame 371
0 0.131645 0.935466 0.070588
1 0.157197 0.957678 0.072842
2 0.180550 0.978850 0.066297
3 0.201397 0.997983 0.051329
4 0.218636 1.012318 0.028553
5 0.229761 1.021015 -0.000016
6 0.234231 1.023532 -0.033748
7 0.227076 1.022774 -0.063833
8 0.212402 1.019870 -0.090406
9 0.194216 1.014091 -0.114986
10 0.175290 1.007117 -0.137621
11 0.155407 0.999619 -0.159732
12 0.134858 0.991012 -0.180193
13 0.113102 0.982065 -0.199622
14 0.090033 0.971747 -0.217282
15 0.062383 0.959112 -0.228624
16 0.032482 0.946938 -0.228655
17 0.004811 0.933633 -0.219950
18 -0.018443 0.918645 -0.202263
19 -0.033272 0.901264 -0.174948
20 -0.036717 0.887014 -0.146925
21 -0.033156 0.875797 -0.116817
22 -0.024166 0.867972 -0.087801
23 -0.014816 0.866226 -0.058857
24 -0.002830 0.866532 -0.030595
25 0.012776 0.870266 -0.003635
26 0.033004 0.878161 0.020660
27 0.055944 0.888724 0.039677
28 0.081935 0.902921 0.053846
29 0.107681 0.918329 0.063737
Frame 372
0 0.128093 0.933432 0.071831
1 0.153792 0.955436 0.074617
2 0.177416 0.976445 0.068567
3 0.198629 0.995486 0.054050
4 0.216311 1.009825 0.031637
5 0.227910 1.018632 0.003296
6 0.232877 1.021351 -0.030358
7 0.226125 1.020872 -0.060544
8 0.211779 1.018299 -0.087351
9 0.193881 1.012849 -0.112218
10 0.175223 1.006186 -0.135166
11 0.155591 0.999005 -0.157606
12 0.135262 0.990697 -0.178420
13 0.113698 0.982056 -0.198178
14 0.090817 0.972060 -0.216241
15 0.063168 0.959731 -0.228103
16 0.033191 0.947750 -0.228652
17 0.005290 0.934619 -0.220439
18 -0.018341 0.919674 -0.203204
19 -0.033709 0.902222 -0.176228
20 -0.037682 0.887772 -0.148322
21 -0.034618 0.876344 -0.118250
22 -0.026084 0.868267 -0.089169
23 -0.017129 0.866270 -0.060110
24 -0.005510 0.866301 -0.031679
25 0.009752 0.869730 -0.004476
26 0.029694 0.877284 0.020147
27 0.052454 0.887532 0.039551
28 0.078363 0.901423 0.054168
29 0.104093 0.916556 0.064514
Frame 373
0 0.124688 0.931472 0.072942
1 0.150522 0.953267 0.076238
2 0.174400 0.974109 0.070666
3 0.195958 0.993051 0.056587
4 0.214061 1.007382 0.034531
5 0.226112 1.016290 0.006416
6 0.231557 1.019198 -0.027152
7 0.225198 1.018986 -0.057426
8 0.211172 1.016735 -0.084448
9 0.193551 1.011606 -0.109581
10 0.175157 1.005244 -0.132825
11 0.155771 0.998373 -0.155577
12 0.135660 0.990353 -0.176722
13 0.114281 0.982009 -0.196779
14 0.091588 0.972330 -0.215230
15 0.063942 0.960302 -0.227597
16 0.033906 0.948509 -0.228641
17 0.005794 0.935557 -0.220905
18 -0.018195 0.920668 -0.204108
19 -0.034079 0.903157 -0.177468
20 -0.038559 0.888521 -0.149685
21 -0.035973 0.876895 -0.119657
22 -0.027879 0.868578 -0.090522
23 -0.019307 0.866341 -0.061363
24 -0.008043 0.866106 -0.032777
25 0.006882 0.869240 -0.005348
26 0.026544 0.876465 0.019587
27 0.049124 0.886404 0.039356
28 0.074949 0.899993 0.054399
29 0.100656 0.914854 0.065180
Frame 374
0 0.121399 0.929581 0.073943
1 0.147362 0.951165 0.077730
2 0.171478 0.971835 0.072620
3 0.193361 0.990672 0.058966
4 0.211865 1.004987 0.037259
5 0.224348 1.013983 0.009371
6 0.230254 1.017070 -0.024105
7 0.224274 1.017115 -0.054458
8 0.210559 1.015178 -0.081678
9 0.193209 1.010361 -0.107059
10 0.175072 1.004294 -0.130581
11 0.155928 0.997724 -0.153627
12 0.136033 0.989981 -0.175085
13 0.114828 0.981924 -0.195414
14 0.092327 0.972554 -0.214238
15 0.064689 0.960826 -0.227098
16 0.034604 0.949214 -0.228615
17 0.006300 0.936446 -0.221342
18 -0.018026 0.921620 -0.204972
19 -0.034406 0.904067 -0.178661
20 -0.039375 0.889257 -0.151008
21 -0.037249 0.877445 -0.121031
22 -0.029580 0.868900 -0.091853
23 -0.021377 0.866431 -0.062605
24 -0.010458 0.865940 -0.033881
25 0.004139 0.868789 -0.006241
26 0.023523 0.875695 0.018991
27 0.045927 0.885333 0.039107
28 0.071663 0.898624 0.054558
29 0.097343 0.913218 0.065756
Frame 375
0 0.118177 0.927744 0.074867
1 0.144261 0.949115 0.079127
2 0.168601 0.969610 0.074465
3 0.190794 0.988333 0.061227
4 0.209682 1.002623 0.039863
5 0.222581 1.011697 0.012202
6 0.228932 1.014953 -0.021178
7 0.223323 1.015245 -0.051603
8 0.209913 1.013614 -0.079006
9 0.192825 1.009104 -0.104618
10 0.174945 1.003324 -0.128403
11 0.156039 0.997048 -0.151730
12 0.136359 0.989574 -0.173488
13 0.115323 0.981795 -0.194067
14 0.093015 0.972728 -0.213251
15 0.065389 0.961299 -0.226590
16 0.035266 0.949866 -0.228563
17 0.006783 0.937285 -0.221738
18 -0.017865 0.922531 -0.205786
19 -0.034723 0.904947 -0.179800
20 -0.040165 0.889977 -0.152283
21 -0.038488 0.877992 -0.122363
22 -0.031233 0.869228 -0.093149
23 -0.023389 0.866537 -0.063826
24 -0.012807 0.865798 -0.034974
25 0.001468 0.868372 -0.007136
26 0.020576 0.874967 0.018380
27 0.042806 0.884308 0.038827
28 0.068450 0.897307 0.054671
29 0.094100 0.911637 0.066270
Frame 376
0 0.114965 0.925950 0.075743
1 0.141166 0.947107 0.080463
2 0.165720 0.967419 0.076238
3 0.188209 0.986022 0.063407
4 0.207468 1.000276 0.042382
5 0.220771 1.009418 0.014946
6 0.227558 1.012831 -0.018330
7 0.222312 1.013362 -0.048821
8 0.209202 1.012030 -0.076394
9 0.192377 1.007818 -0.102227
10 0.174751 1.002318 -0.126263
11 0.156083 0.996332 -0.149856
12 0.136615 0.989122 -0.171904
13 0.115746 0.981616 -0.192720
14 0.093632 0.972847 -0.212248
15 0.066024 0.961719 -0.226057
16 0.035871 0.950465 -0.228472
17 0.007219 0.938076 -0.222084
18 -0.017738 0.923401 -0.206541
19 -0.035063 0.905798 -0.180879
20 -0.040968 0.890679 -0.153501
21 -0.039728 0.878529 -0.123642
22 -0.032882 0.869557 -0.094401
23 -0.025390 0.866653 -0.065008
24 -0.015138 0.865676 -0.036040
25 -0.001182 0.867981 -0.008014
26 0.017653 0.874273 0.017774
27 0.039706 0.883322 0.038538
28 0.065258 0.896031 0.054761
29 0.090873 0.910096 0.066750
Frame 377
0 0.111711 0.924188 0.076602
1 0.138021 0.945125 0.081771
2 0.162783 0.965249 0.077974
3 0.185559 0.983723 0.065544
4 0.205181 0.997933 0.044855
5 0.218879 1.007132 0.017646
6 0.226093 1.010690 -0.015523
7 0.221208 1.011450 -0.046073
8 0.208398 1.010410 -0.073809
9 0.191836 1.006491 -0.099851
10 0.174463 1.001266 -0.124128
11 0.156035 0.995564 -0.147978
12 0.136782 0.988615 -0.170306
13 0.116079 0.981380 -0.191351
14 0.094165 0.972905 -0.211212
15 0.066579 0.962078 -0.225480
16 0.036400 0.951010 -0.228328
17 0.007586 0.938816 -0.222367
18 -0.017674 0.924230 -0.207230
19 -0.035455 0.906619 -0.181889
20 -0.041819 0.891360 -0.154654
21 -0.041013 0.879056 -0.124860
22 -0.034571 0.869883 -0.095596
23 -0.027429 0.866776 -0.066140
24 -0.017504 0.865568 -0.037061
25 -0.003864 0.867613 -0.008858
26 0.014697 0.873608 0.017190
27 0.036574 0.882367 0.038263
28 0.062029 0.894787 0.054855
29 0.087606 0.908589 0.067224
Frame 378
0 0.108360 0.922441 0.077473
1 0.134776 0.943159 0.083082
2 0.159737 0.963087 0.079707
3 0.182797 0.981423 0.067674
4 0.202774 0.995577 0.047319
5 0.216862 1.004821 0.020339
6 0.224501 1.008512 -0.012718
7 0.219976 1.009495 -0.043320
8 0.207468 1.008739 -0.071210
9 0.191174 1.005109 -0.097458
10 0.174056 1.000154 -0.121968
11 0.155870 0.994734 -0.146067
12 0.136835 0.988045 -0.168668
13 0.116303 0.981079 -0.189943
14 0.094592 0.972893 -0.210123
15 0.067035 0.962372 -0.224840
16 0.036832 0.951502 -0.228115
17 0.007859 0.939507 -0.222575
18 -0.017696 0.925019 -0.207840
19 -0.035930 0.907405 -0.182822
20 -0.042751 0.892017 -0.155731
21 -0.042379 0.879568 -0.126005
22 -0.036343 0.870202 -0.096722
23 -0.029551 0.866901 -0.067207
24 -0.019952 0.865470 -0.038024
25 -0.006629 0.867262 -0.009650
26 0.011658 0.872963 0.016648
27 0.033355 0.881436 0.038023
28 0.058711 0.893567 0.054976
29 0.084247 0.907103 0.067715
Frame 379
0 0.104857 0.920702 0.078382
1 0.131373 0.941193 0.084428
2 0.156533 0.960919 0.081472
3 0.179872 0.979107 0.069833
4 0.200202 0.993192 0.049813
5 0.214680 1.002470 0.023065
6 0.222741 1.006284 -0.009875
7 0.218580 1.007481 -0.040523
8 0.206381 1.007003 -0.068564
9 0.190362 1.003656 -0.095014
10 0.173505 0.998968 -0.119752
11 0.155565 0.993827 -0.144094
12 0.136754 0.987399 -0.166963
13 0.116402 0.980706 -0.188473
14 0.094895 0.972805 -0.208962
15 0.067376 0.962595 -0.224117
16 0.037149 0.951938 -0.227818
17 0.008018 0.940147 -0.222694
18 -0.017830 0.925764 -0.208362
19 -0.036516 0.908159 -0.183668
20 -0.043802 0.892649 -0.156723
21 -0.043868 0.880062 -0.127067
22 -0.038242 0.870512 -0.097768
23 -0.031802 0.867024 -0.068196
24 -0.022534 0.865379 -0.038912
25 -0.009527 0.866925 -0.010373
26 0.008482 0.872333 0.016164
27 0.029993 0.880520 0.037837
28 0.055249 0.892360 0.055146
29 0.080740 0.905626 0.068250
Frame 380
0 0.101147 0.918956 0.079357
1 0.127759 0.939216 0.085838
2 0.153115 0.958730 0.083301
3 0.176736 0.976759 0.072057
4 0.197419 0.990765 0.052375
5 0.212288 1.000063 0.025862
6 0.220777 1.003986 -0.006956
7 0.216986 1.005389 -0.037643
8 0.205102 1.005183 -0.065833
9 0.189372 1.002117 -0.092485
10 0.172779 0.997693 -0.117447
11 0.155095 0.992828 -0.142026
12 0.136514 0.986668 -0.165162
13 0.116353 0.980250 -0.186921
14 0.095057 0.972631 -0.207707
15 0.067585 0.962741 -0.223289
16 0.037333 0.952317 -0.227419
17 0.008040 0.940736 -0.222710
18 -0.018103 0.926467 -0.208781
19 -0.037242 0.908878 -0.184418
20 -0.045002 0.893252 -0.157619
21 -0.045514 0.880536 -0.128036
22 -0.040308 0.870806 -0.098723
23 -0.034230 0.867142 -0.069094
24 -0.025296 0.865291 -0.039711
25 -0.012612 0.866595 -0.011012
26 0.005116 0.871711 0.015756
27 0.026436 0.879613 0.037727
28 0.051588 0.891159 0.055387
29 0.077032 0.904150 0.068853
Frame 381
0 0.097204 0.917199 0.080409
1 0.123905 0.937223 0.087326
2 0.149456 0.956516 0.085211
3 0.173358 0.974374 0.074364
4 0.194396 0.988289 0.055024
5 0.209661 0.997596 0.028752
6 0.218582 1.001618 -0.003936
7 0.215169 1.003221 -0.034657
8 0.203610 1.003283 -0.062995
9 0.188181 1.000494 -0.089847
10 0.171860 0.996331 -0.115031
11 0.154438 0.991743 -0.139845
12 0.136097 0.985853 -0.163244
13 0.116141 0.979712 -0.185262
14 0.095059 0.972375 -0.206338
15 0.067643 0.962809 -0.222341
16 0.037369 0.952637 -0.226902
17 0.007914 0.941271 -0.222610
18 -0.018524 0.927124 -0.209090
19 -0.038122 0.909560 -0.185064
20 -0.046364 0.893823 -0.158414
21 -0.047333 0.880984 -0.128908
22 -0.042556 0.871084 -0.099584
23 -0.036847 0.867250 -0.069900
24 -0.028256 0.865200 -0.040417
25 -0.015899 0.866270 -0.011562
26 0.001542 0.871094 0.015429
27 0.022661 0.878709 0.037697
28 0.047705 0.889957 0.055707
29 0.073096 0.902668 0.069533
Frame 382
0 0.093089 0.915445 0.081514
1 0.119873 0.935231 0.088867
2 0.145613 0.954297 0.087174
3 0.169792 0.971978 0.076728
4 0.191181 0.985794 0.057733
5 0.206840 0.995102 0.031709
6 0.216196 0.999212 -0.000847
7 0.213163 1.001008 -0.031597
8 0.201937 1.001332 -0.060078
9 0.186815 0.998818 -0.087125
10 0.170773 0.994914 -0.112528
11 0.153621 0.990598 -0.137573
12 0.135524 0.984976 -0.161232
13 0.115786 0.979112 -0.183505
14 0.094921 0.972055 -0.204869
15 0.067572 0.962814 -0.221287
16 0.037281 0.952899 -0.226279
17 0.007667 0.941757 -0.222405
18 -0.019060 0.927738 -0.209297
19 -0.039114 0.910203 -0.185615
20 -0.047844 0.894362 -0.159119
21 -0.049273 0.881408 -0.129694
22 -0.044931 0.871343 -0.100363
23 -0.039596 0.867346 -0.070627
24 -0.031351 0.865105 -0.041049
25 -0.019326 0.865946 -0.012041
26 -0.002178 0.870483 0.015168
27 0.018735 0.877813 0.037729
28 0.043663 0.888762 0.056084
29 0.068997 0.901192 0.070267
Frame 383
0 0.088878 0.913715 0.082647
1 0.115736 0.933262 0.090431
2 0.141656 0.952101 0.089158
3 0.166104 0.969601 0.079111
4 0.187838 0.983311 0.060463
5 0.203885 0.992613 0.034688
6 0.213673 0.996804 0.002271
7 0.211023 0.998785 -0.028506
8 0.200133 0.999367 -0.057123
9 0.185321 0.997119 -0.084358
10 0.169563 0.993468 -0.109974
11 0.152683 0.989418 -0.135245
12 0.134835 0.984058 -0.159157
13 0.115323 0.978467 -0.181680
14 0.094679 0.971689 -0.203326
15 0.067404 0.962765 -0.220153
16 0.037108 0.953109 -0.225570
17 0.007340 0.942193 -0.222111
18 -0.019669 0.928308 -0.209417
19 -0.040171 0.910806 -0.186081
20 -0.049388 0.894867 -0.159744
21 -0.051274 0.881806 -0.130405
22 -0.047367 0.871584 -0.101073
23 -0.042407 0.867432 -0.071288
24 -0.034511 0.865009 -0.041619
25 -0.022819 0.865629 -0.012464
26 -0.005966 0.869883 0.014956
27 0.014734 0.876934 0.037803
28 0.039542 0.887589 0.056498
29 0.064810 0.899738 0.071034
Frame 384
0 0.084649 0.912028 0.083779
1 0.111571 0.931342 0.091988
2 0.137658 0.949955 0.091131
3 0.162364 0.967272 0.081479
4 0.184432 0.980875 0.063175
5 0.200860 0.990164 0.037650
6 0.211072 0.994429 0.005375
7 0.208801 0.996588 -0.025422
8 0.198247 0.997417 -0.054170
9 0.183746 0.995427 -0.081586
10 0.168274 0.992020 -0.107408
11 0.151668 0.988227 -0.132899
12 0.134072 0.983121 -0.157054
13 0.114790 0.977796 -0.179819
14 0.094368 0.971290 -0.201740
15 0.067178 0.962674 -0.218964
16 0.036883 0.953276 -0.224799
17 0.006970 0.942583 -0.221750
18 -0.020309 0.928832 -0.209464
19 -0.041248 0.911370 -0.186475
20 -0.050941 0.895337 -0.160300
21 -0.053278 0.882176 -0.131052
22 -0.049801 0.871805 -0.101723
23 -0.045215 0.867508 -0.071894
24 -0.037665 0.864911 -0.042137
25 -0.026306 0.865318 -0.012842
26 -0.009749 0.869301 0.014779
27 0.010736 0.876079 0.037904
28 0.035418 0.886445 0.056929
29 0.060613 0.898323 0.071808
Frame 385
0 0.080480 0.910404 0.084888
1 0.107452 0.929491 0.093510
2 0.133696 0.947885 0.093060
3 0.158644 0.965023 0.083796
4 0.181031 0.978517 0.065833
5 0.197826 0.987792 0.040555
6 0.208453 0.992124 0.008423
7 0.206554 0.994451 -0.022390
8 0.196333 0.995517 -0.051260
9 0.182140 0.993773 -0.078848
10 0.166951 0.990601 -0.104866
11 0.150619 0.987053 -0.130568
12 0.133273 0.982190 -0.154958
13 0.114225 0.977120 -0.177955
14 0.094025 0.970875 -0.200140
15 0.066926 0.962556 -0.217749
16 0.036642 0.953407 -0.223989
17 0.006596 0.942932 -0.221339
18 -0.020939 0.929313 -0.209456
19 -0.042295 0.911891 -0.186810
20 -0.052453 0.895773 -0.160800
21 -0.055230 0.882519 -0.131645
22 -0.052174 0.872009 -0.102325
23 -0.047954 0.867574 -0.072456
24 -0.040746 0.864812 -0.042619
25 -0.029715 0.865019 -0.013191
26 -0.013452 0.868740 0.014622
27 0.006816 0.875257 0.038014
28 0.031368 0.885347 0.057358
29 0.056485 0.896960 0.072569
Frame 386
0 0.076446 0.908860 0.085948
1 0.103457 0.927732 0.094971
2 0.129840 0.945915 0.094914
3 0.155015 0.962883 0.086028
4 0.177704 0.976274 0.068396
5 0.194851 0.985532 0.043362
6 0.205877 0.989926 0.011373
7 0.204338 0.992411 -0.019451
8 0.194442 0.993701 -0.048437
9 0.180552 0.992189 -0.076185
10 0.165642 0.989237 -0.102390
11 0.149580 0.985922 -0.128291
12 0.132481 0.981287 -0.152902
13 0.113664 0.976460 -0.176121
14 0.093685 0.970462 -0.198558
15 0.066686 0.962424 -0.216536
16 0.036420 0.953511 -0.223167
17 0.006253 0.943244 -0.220903
18 -0.021520 0.929752 -0.209409
19 -0.043272 0.912371 -0.187100
20 -0.053874 0.896174 -0.161257
21 -0.057073 0.882833 -0.132196
22 -0.054424 0.872194 -0.102890
23 -0.050559 0.867629 -0.072987
24 -0.043687 0.864713 -0.043075
25 -0.032977 0.864728 -0.013522
26 -0.017003 0.868204 0.014472
27 0.003050 0.874474 0.038117
28 0.027468 0.884301 0.057766
29 0.052501 0.895664 0.073296
Frame 387
0 0.072628 0.907413 0.086938
1 0.099662 0.926087 0.096341
2 0.126167 0.944073 0.096663
3 0.151549 0.960882 0.088141
4 0.174520 0.974176 0.070829
5 0.191999 0.983419 0.046032
6 0.203405 0.987871 0.014183
7 0.202213 0.990504 -0.016648
8 0.192631 0.992002 -0.045738
9 0.179033 0.990706 -0.073638
10 0.164394 0.987962 -0.100017
11 0.148594 0.984861 -0.126105
12 0.131738 0.980440 -0.150923
13 0.113148 0.975838 -0.174352
14 0.093384 0.970070 -0.197028
15 0.066492 0.962292 -0.215354
16 0.036252 0.953598 -0.222357
17 0.005978 0.943525 -0.220463
18 -0.022013 0.930153 -0.209344
19 -0.044134 0.912809 -0.187360
20 -0.055154 0.896541 -0.161683
21 -0.058754 0.883120 -0.132718
22 -0.056492 0.872358 -0.103428
23 -0.052970 0.867672 -0.073497
24 -0.046420 0.864612 -0.043518
25 -0.036022 0.864452 -0.013850
26 -0.020327 0.867697 0.014314
27 -0.000488 0.873736 0.038197
28 0.023795 0.883318 0.058134
29 0.048739 0.894449 0.073968
Frame 388
0 0.069071 0.906076 0.087841
1 0.096114 0.924568 0.097607
2 0.122724 0.942375 0.098289
3 0.148293 0.959039 0.090115
4 0.171524 0.972245 0.073109
5 0.189314 0.981477 0.048540
6 0.201079 0.985983 0.016829
7 0.200216 0.988754 -0.014005
8 0.190935 0.990443 -0.043193
9 0.177618 0.989347 -0.071232
10 0.163241 0.986792 -0.097773
11 0.147694 0.983890 -0.124035
12 0.131073 0.979666 -0.149046
13 0.112702 0.975270 -0.172671
14 0.093148 0.969713 -0.195569
15 0.066369 0.962172 -0.214226
16 0.036161 0.953678 -0.221582
17 0.005795 0.943782 -0.220038
18 -0.022392 0.930517 -0.209275
19 -0.044854 0.913208 -0.187604
20 -0.056264 0.896875 -0.162090
21 -0.060240 0.883378 -0.133220
22 -0.058344 0.872505 -0.103951
23 -0.055147 0.867705 -0.073997
24 -0.048907 0.864510 -0.043956
25 -0.038808 0.864185 -0.014183
26 -0.023384 0.867219 0.014139
27 -0.003752 0.873047 0.038244
28 0.020395 0.882403 0.058452
29 0.045246 0.893322 0.074571
Frame 389
0 0.065703 0.904827 0.088678
1 0.092744 0.923150 0.098792
2 0.119444 0.940791 0.099822
3 0.145185 0.957324 0.091982
4 0.168658 0.970450 0.075274
5 0.186743 0.979670 0.050926
6 0.198850 0.984229 0.019352
7 0.198307 0.987128 -0.011482
8 0.189316 0.988996 -0.040759
9 0.176273 0.988084 -0.068930
10 0.162150 0.985706 -0.095624
11 0.146851 0.982988 -0.122050
12 0.130462 0.978946 -0.147242
13 0.112304 0.974741 -0.171055
14 0.092958 0.969379 -0.194165
15 0.066296 0.962057 -0.213137
16 0.036127 0.953748 -0.220829
17 0.005681 0.944013 -0.219622
18 -0.022687 0.930849 -0.209202
19 -0.045468 0.913572 -0.187833
20 -0.057245 0.897180 -0.162483
21 -0.061578 0.883613 -0.133705
22 -0.060030 0.872634 -0.104460
23 -0.057149 0.867728 -0.074489
24 -0.051210 0.864406 -0.044393
25 -0.041403 0.863928 -0.014522
26 -0.026241 0.866765 0.013950
27 -0.006814 0.872396 0.038265
28 0.017195 0.881544 0.058731
29 0.041948 0.892268 0.075123
Frame 390
0 0.062423 0.903638 0.089477
1 0.089452 0.921804 0.099930
2 0.116231 0.939288 0.101300
3 0.142131 0.955696 0.093789
4 0.165836 0.968746 0.077373
5 0.184206 0.977955 0.053246
6 0.196649 0.982563 0.021811
7 0.196419 0.985583 -0.009020
8 0.187716 0.987619 -0.038383
9 0.174943 0.986881 -0.066681
10 0.161074 0.984670 -0.093520
11 0.146021 0.982126 -0.120103
12 0.129864 0.978256 -0.145471
13 0.111919 0.974231 -0.169467
14 0.092781 0.969053 -0.192779
15 0.066244 0.961938 -0.212058
16 0.036118 0.953802 -0.220080
17 0.005601 0.944220 -0.219202
18 -0.022937 0.931151 -0.209118
19 -0.046022 0.913905 -0.188047
20 -0.058152 0.897460 -0.162861
21 -0.062833 0.883826 -0.134177
22 -0.061626 0.872748 -0.104957
23 -0.059054 0.867740 -0.074972
24 -0.053412 0.864297 -0.044827
25 -0.043894 0.863673 -0.014862
26 -0.028996 0.866326 0.013753
27 -0.009774 0.871771 0.038271
28 0.014093 0.880723 0.058988
29 0.038745 0.891262 0.075645
Frame 391
0 0.059131 0.902482 0.090266
1 0.086139 0.920494 0.101056
2 0.112989 0.937827 0.102763
3 0.139042 0.954113 0.095580
4 0.162973 0.967087 0.079459
5 0.181624 0.976285 0.055555
6 0.194401 0.980937 0.024261
7 0.194487 0.984073 -0.006564
8 0.186074 0.986270 -0.036008
9 0.173575 0.985699 -0.064428
10 0.159963 0.983649 -0.091411
11 0.145161 0.981271 -0.118148
12 0.129239 0.977569 -0.143690
13 0.111511 0.973717 -0.167866
14 0.092586 0.968714 -0.191378
15 0.066182 0.961802 -0.210962
16 0.036105 0.953833 -0.219313
17 0.005522 0.944401 -0.218763
18 -0.023179 0.931426 -0.209016
19 -0.046564 0.914213 -0.188242
20 -0.059041 0.897720 -0.163224
21 -0.064068 0.884022 -0.134636
22 -0.063201 0.872849 -0.105443
23 -0.060940 0.867742 -0.075448
24 -0.055599 0.864184 -0.045256
25 -0.046375 0.863419 -0.015203
26 -0.031742 0.865894 0.013554
27 -0.012731 0.871160 0.038274
28 0.010990 0.879923 0.059238
29 0.035534 0.890283 0.076159
Frame 392
0 0.055724 0.901333 0.091070
1 0.082702 0.919193 0.102199
2 0.109619 0.936372 0.104249
3 0.135821 0.952533 0.097400
4 0.159978 0.965430 0.081580
5 0.178916 0.974610 0.057906
6 0.192030 0.979305 0.026762
7 0.192440 0.982552 -0.004054
8 0.184326 0.984907 -0.033577
9 0.172112 0.984500 -0.062119
10 0.158766 0.982606 -0.089245
11 0.144224 0.980394 -0.116136
12 0.128547 0.976857 -0.141853
13 0.111045 0.973175 -0.166212
14 0.092342 0.968345 -0.189926
15 0.066081 0.961633 -0.209819
16 0.036057 0.953834 -0.218504
17 0.005412 0.944552 -0.218289
18 -0.023451 0.931673 -0.208883
19 -0.047136 0.914498 -0.188416
20 -0.059965 0.897961 -0.163572
21 -0.065344 0.884204 -0.135084
22 -0.064824 0.872938 -0.105921
23 -0.062883 0.867738 -0.075918
24 -0.057852 0.864065 -0.045683
25 -0.048930 0.863164 -0.015541
26 -0.034572 0.865465 0.013357
27 -0.015782 0.870552 0.038279
28 0.007784 0.879128 0.059497
29 0.032214 0.889311 0.076686
Frame 393
0 0.052099 0.900165 0.091914
1 0.079044 0.917867 0.103392
2 0.106022 0.934887 0.105796
3 0.132376 0.950916 0.099293
4 0.156763 0.963728 0.083785
5 0.175992 0.972887 0.060353
6 0.189459 0.977616 0.029370
7 0.190209 0.980974 -0.001433
8 0.182410 0.983486 -0.031032
9 0.170496 0.983244 -0.059698
10 0.157430 0.981509 -0.086971
11 0.143165 0.979461 -0.114020
12 0.127746 0.976090 -0.139916
13 0.110484 0.972579 -0.164464
14 0.092015 0.967924 -0.188385
15 0.065909 0.961418 -0.208594
16 0.035945 0.953796 -0.217626
17 0.005239 0.944670 -0.217760
18 -0.023789 0.931896 -0.208711
19 -0.047783 0.914763 -0.188562
20 -0.060975 0.898189 -0.163901
21 -0.066720 0.884374 -0.135518
22 -0.066563 0.873019 -0.106389
23 -0.064957 0.867725 -0.076382
24 -0.060251 0.863941 -0.046105
25 -0.051648 0.862905 -0.015876
26 -0.037581 0.865029 0.013166
27 -0.019024 0.869939 0.038299
28 0.004377 0.878323 0.059779
29 0.028684 0.888324 0.077244
Frame 394
0 0.048154 0.898955 0.092822
1 0.075060 0.916487 0.104665
2 0.102101 0.933336 0.107439
3 0.128608 0.949222 0.101298
4 0.153234 0.961938 0.086123
5 0.172771 0.971065 0.062948
6 0.186608 0.975825 0.032141
7 0.187720 0.979292 0.001357
8 0.180258 0.981964 -0.028319
9 0.168667 0.981890 -0.057112
10 0.155902 0.980316 -0.084535
11 0.141932 0.978438 -0.111747
12 0.126792 0.975240 -0.137830
13 0.109789 0.971905 -0.162577
14 0.091573 0.967429 -0.186713
15 0.065637 0.961141 -0.207255
16 0.035741 0.953708 -0.216652
17 0.004974 0.944750 -0.217156
18 -0.024226 0.932093 -0.208485
19 -0.048544 0.915012 -0.188673
20 -0.062121 0.898404 -0.164206
21 -0.068255 0.884537 -0.135937
22 -0.068484 0.873093 -0.106847
23 -0.067235 0.867709 -0.076841
24 -0.062876 0.863813 -0.046524
25 -0.054614 0.862641 -0.016206
26 -0.040859 0.864584 0.012985
27 -0.022554 0.869308 0.038339
28 0.000667 0.877494 0.060094
29 0.024841 0.887305 0.077853
Frame 395
0 0.043787 0.897677 0.093814
1 0.070649 0.915024 0.106044
2 0.097753 0.931684 0.109211
3 0.124420 0.947409 0.103459
4 0.149298 0.960014 0.088638
5 0.169161 0.969100 0.065745
6 0.183396 0.973883 0.035130
7 0.184897 0.977459 0.004372
8 0.177801 0.980296 -0.025379
9 0.166563 0.980397 -0.054303
10 0.154126 0.978990 -0.081884
11 0.140479 0.977289 -0.109268
12 0.125643 0.974272 -0.135550
13 0.108924 0.971124 -0.160508
14 0.090984 0.966837 -0.184869
15 0.065235 0.960783 -0.205765
16 0.035415 0.953559 -0.215552
17 0.004586 0.944786 -0.216454
18 -0.024796 0.932260 -0.208188
19 -0.049462 0.915245 -0.188739
20 -0.063451 0.898611 -0.164484
21 -0.070005 0.884695 -0.136340
22 -0.070650 0.873163 -0.107295
23 -0.069788 0.867689 -0.077293
24 -0.065803 0.863682 -0.046938
25 -0.057910 0.862369 -0.016529
26 -0.044495 0.864126 0.012818
27 -0.026467 0.868654 0.038406
28 -0.003442 0.876628 0.060458
29 0.020585 0.886233 0.078529
Frame 396
0 0.038942 0.896321 0.094899
1 0.065755 0.913462 0.107542
2 0.092921 0.929914 0.111128
3 0.119758 0.945458 0.105790
4 0.144902 0.957934 0.091354
5 0.165113 0.966964 0.068766
6 0.179773 0.971761 0.038366
7 0.181698 0.975447 0.007640
8 0.175001 0.978455 -0.022184
9 0.164147 0.978739 -0.051244
10 0.152067 0.977508 -0.078991
11 0.138773 0.975994 -0.106554
12 0.124268 0.973170 -0.133047
13 0.107863 0.970219 -0.158227
14 0.090224 0.966133 -0.182829
15 0.064682 0.960332 -0.204100
16 0.034950 0.953340 -0.214305
17 0.004056 0.944773 -0.215635
18 -0.025519 0.932399 -0.207807
19 -0.050557 0.915462 -0.188751
20 -0.064991 0.898809 -0.164727
21 -0.071998 0.884850 -0.136722
22 -0.073096 0.873232 -0.107729
23 -0.072651 0.867669 -0.077737
24 -0.069072 0.863549 -0.047347
25 -0.061581 0.862094 -0.016845
26 -0.048537 0.863654 0.012664
27 -0.030811 0.867974 0.038502
28 -0.008004 0.875718 0.060871
29 0.015862 0.885100 0.079277
Frame 397
0 0.033759 0.894922 0.096038
1 0.060518 0.911841 0.109107
2 0.087745 0.928067 0.113129
3 0.114754 0.943413 0.108225
4 0.140171 0.955747 0.094191
5 0.160742 0.964709 0.071925
6 0.175846 0.969511 0.041756
7 0.178214 0.973305 0.011071
8 0.171939 0.976488 -0.018824
9 0.161492 0.976959 -0.048020
10 0.149790 0.975909 -0.075933
11 0.136870 0.974587 -0.103680
12 0.122715 0.971961 -0.130387
13 0.106645 0.969217 -0.155797
14 0.089324 0.965339 -0.180643
15 0.064004 0.959806 -0.202302
16 0.034368 0.953060 -0.212943
17 0.003412 0.944717 -0.214721
18 -0.026362 0.932510 -0.207351
19 -0.051786 0.915666 -0.188708
20 -0.066687 0.899001 -0.164929
21 -0.074167 0.885005 -0.137073
22 -0.075740 0.873304 -0.108141
23 -0.075732 0.867655 -0.078164
24 -0.072581 0.863424 -0.047746
25 -0.065513 0.861825 -0.017153
26 -0.052861 0.863183 0.012519
27 -0.035456 0.867287 0.038614
28 -0.012881 0.874791 0.061313
29 0.010810 0.883936 0.080066
Frame 398
0 0.028431 0.893522 0.097181
1 0.055131 0.910210 0.110678
2 0.082415 0.926203 0.115140
3 0.109591 0.941342 0.110672
4 0.135280 0.953521 0.097046
5 0.156211 0.962408 0.075112
6 0.171759 0.967206 0.045181
7 0.174577 0.971103 0.014543
8 0.168731 0.974459 -0.015415
9 0.158701 0.975117 -0.044742
10 0.147383 0.974247 -0.072818
11 0.134844 0.973118 -0.100744
12 0.121047 0.970691 -0.127663
13 0.105322 0.968156 -0.153300
14 0.088326 0.964489 -0.178388
15 0.063235 0.959230 -0.200434
16 0.033704 0.952742 -0.211510
17 0.002689 0.944631 -0.213742
18 -0.027281 0.932600 -0.206836
19 -0.053092 0.915859 -0.188614
20 -0.068464 0.899189 -0.165088
21 -0.076423 0.885163 -0.137389
22 -0.078477 0.873385 -0.108523
23 -0.078912 0.867655 -0.078571
24 -0.076193 0.863316 -0.048128
25 -0.069555 0.861575 -0.017452
26 -0.057303 0.862732 0.012380
27 -0.040227 0.866617 0.038730
28 -0.017892 0.873876 0.061758
29 0.005617 0.882779 0.080859
Frame 399
0 0.023148 0.892165 0.098282
1 0.049788 0.908621 0.112196
2 0.077123 0.924379 0.117085
3 0.104457 0.939306 0.113045
4 0.130406 0.951328 0.099820
5 0.151684 0.960133 0.078212
6 0.167665 0.964921 0.048522
7 0.170923 0.968914 0.017937
8 0.165499 0.972438 -0.012076
9 0.155879 0.973275 -0.041524
10 0.144941 0.972582 -0.069754
11 0.132779 0.971641 -0.097849
12 0.119335 0.969410 -0.124970
13 0.103952 0.967080 -0.150823
14 0.087277 0.963621 -0.176142
15 0.062415 0.958633 -0.198561
16 0.032989 0.952404 -0.210061
17 0.001922 0.944528 -0.212736
18 -0.028236 0.932678 -0.206284
19 -0.054421 0.916046 -0.188478
20 -0.070254 0.899375 -0.165201
21 -0.078680 0.885326 -0.137663
22 -0.081204 0.873477 -0.108870
23 -0.082072 0.867673 -0.078946
24 -0.079777 0.863234 -0.048488
25 -0.073561 0.861358 -0.017736
26 -0.061702 0.862318 0.012244
27 -0.044953 0.865987 0.038838
28 -0.022858 0.873002 0.062184
29 0.000471 0.881663 0.081623
Frame 400
0 0.018102 0.890890 0.099302
1 0.044682 0.907122 0.113605
2 0.072061 0.922649 0.118896
3 0.099541 0.937370 0.115260
4 0.125731 0.949234 0.102416
5 0.147333 0.957955 0.081120
6 0.163718 0.962728 0.051661
7 0.167393 0.966810 0.021132
8 0.162370 0.970489 -0.008926
9 0.153139 0.971498 -0.038483
10 0.142562 0.970972 -0.066850
11 0.130757 0.970210 -0.095100
12 0.117650 0.968167 -0.122406
13 0.102591 0.966032 -0.148459
14 0.086222 0.962772 -0.173990
15 0.061578 0.958047 -0.196758
16 0.032256 0.952070 -0.208654
17 0.001144 0.944423 -0.211745
18 -0.029187 0.932753 -0.205723
19 -0.055723 0.916231 -0.188311
20 -0.071991 0.899567 -0.165276
21 -0.080857 0.885501 -0.137894
22 -0.083824 0.873587 -0.109175
23 -0.085099 0.867716 -0.079286
24 -0.083204 0.863184 -0.048820
25 -0.077386 0.861182 -0.018003
26 -0.065901 0.861955 0.012110
27 -0.049463 0.865417 0.038930
28 -0.027597 0.872195 0.062573
29 -0.004444 0.880622 0.082325
Frame 401
0 0.013483 0.889737 0.100199
1 0.040008 0.905757 0.114853
2 0.067426 0.921069 0.120508
3 0.095035 0.935594 0.117237
4 0.121440 0.947309 0.104739
5 0.143332 0.955946 0.083729
6 0.160080 0.960701 0.054484
7 0.164130 0.964861 0.024010
8 0.159471 0.968683 -0.006081
9 0.150596 0.969850 -0.035731
10 0.140346 0.969480 -0.064219
11 0.128865 0.968883 -0.092603
12 0.116064 0.967013 -0.120071
13 0.101302 0.965061 -0.146303
14 0.085210 0.961986 -0.172021
15 0.060764 0.957505 -0.195099
16 0.031539 0.951767 -0.207350
17 0.000388 0.944338 -0.210817
18 -0.030098 0.932836 -0.205183
19 -0.056949 0.916422 -0.188132
20 -0.073612 0.899767 -0.165319
21 -0.082875 0.885690 -0.138083
22 -0.086243 0.873720 -0.109436
23 -0.087885 0.867790 -0.079585
24 -0.086349 0.863175 -0.049118
25 -0.080891 0.861057 -0.018249
26 -0.069746 0.861657 0.011980
27 -0.053591 0.864926 0.038999
28 -0.031936 0.871483 0.062906
29 -0.008941 0.879689 0.082939
Frame 402
0 0.009428 0.888731 0.100950
1 0.035907 0.904561 0.115908
2 0.063357 0.919675 0.121877
3 0.091079 0.934021 0.118923
4 0.117669 0.945598 0.106725
5 0.139809 0.954159 0.085965
6 0.156869 0.958894 0.056908
7 0.161244 0.963124 0.026487
8 0.156902 0.967072 -0.003627
9 0.148336 0.968380 -0.033354
10 0.138368 0.968149 -0.061941
11 0.127169 0.967703 -0.090437
12 0.114634 0.965990 -0.118042
13 0.100128 0.964203 -0.144427
14 0.084276 0.961294 -0.170302
15 0.059998 0.957037 -0.193647
16 0.030858 0.951516 -0.206202
17 -0.000326 0.944283 -0.209992
18 -0.030946 0.932939 -0.204694
19 -0.058072 0.916624 -0.187955
20 -0.075077 0.899981 -0.165337
21 -0.084682 0.885896 -0.138232
22 -0.088398 0.873877 -0.109654
23 -0.090354 0.867897 -0.079840
24 -0.089129 0.863209 -0.049378
25 -0.083981 0.860986 -0.018468
26 -0.073129 0.861430 0.011854
27 -0.057221 0.864525 0.039042
28 -0.035747 0.870880 0.063174
29 -0.012890 0.878886 0.083448
Frame 403
0 0.005852 0.887852 0.101582
1 0.032292 0.903507 0.116800
2 0.059772 0.918444 0.123039
3 0.087591 0.932627 0.120358
4 0.114339 0.944079 0.108421
5 0.136694 0.952568 0.087878
6 0.154020 0.957284 0.058986
7 0.158676 0.961574 0.028615
8 0.154607 0.965634 -0.001514
9 0.146308 0.967068 -0.031303
10 0.136583 0.966964 -0.059974
11 0.125627 0.966652 -0.088564
12 0.113323 0.965080 -0.116282
13 0.099039 0.963444 -0.142798
14 0.083392 0.960684 -0.168806
15 0.059258 0.956630 -0.192378
16 0.030189 0.951307 -0.205194
17 -0.001024 0.944253 -0.209260
18 -0.031760 0.933050 -0.204250
19 -0.059123 0.916828 -0.187782
20 -0.076426 0.900197 -0.165335
21 -0.086326 0.886106 -0.138347
22 -0.090340 0.874047 -0.109832
23 -0.092566 0.868022 -0.080055
24 -0.091607 0.863269 -0.049601
25 -0.086724 0.860953 -0.018661
26 -0.076125 0.861258 0.011738
27 -0.060431 0.864193 0.039069
28 -0.039115 0.870365 0.063393
29 -0.016376 0.878187 0.083871
Frame 404
0 0.002616 0.887064 0.102128
1 0.029024 0.902560 0.117575
2 0.056531 0.917333 0.124050
3 0.084434 0.931369 0.121608
4 0.111320 0.942707 0.109899
5 0.133861 0.951130 0.089547
6 0.151419 0.955828 0.060803
7 0.156321 0.960171 0.030476
8 0.152491 0.964331 0.000337
9 0.144427 0.965879 -0.029504
10 0.134916 0.965889 -0.058243
11 0.124173 0.965699 -0.086913
12 0.112070 0.964256 -0.114728
13 0.097981 0.962757 -0.141358
14 0.082514 0.960134 -0.167480
15 0.058503 0.956263 -0.191249
16 0.029497 0.951120 -0.204291
17 -0.001743 0.944230 -0.208597
18 -0.032579 0.933157 -0.203841
19 -0.060150 0.917019 -0.187611
20 -0.077717 0.900399 -0.165314
21 -0.087874 0.886307 -0.138430
22 -0.092149 0.874210 -0.109973
23 -0.094609 0.868146 -0.080233
24 -0.093881 0.863335 -0.049789
25 -0.089231 0.860936 -0.018826
26 -0.078854 0.861114 0.011637
27 -0.063346 0.863905 0.039090
28 -0.042168 0.869908 0.063581
29 -0.019533 0.877564 0.084237
Frame 405
0 -0.000420 0.886332 0.102624
1 0.025959 0.901681 0.118274
2 0.053490 0.916306 0.124961
3 0.081469 0.930207 0.122733
4 0.108478 0.941439 0.111229
5 0.131184 0.949801 0.091050
6 0.148950 0.954482 0.062440
7 0.154073 0.958872 0.032156
8 0.150460 0.963122 0.002011
9 0.142607 0.964774 -0.027874
10 0.133287 0.964889 -0.056675
11 0.122737 0.964811 -0.085414
12 0.110816 0.963488 -0.113314
13 0.096902 0.962113 -0.140047
14 0.081597 0.959615 -0.166269
15 0.057695 0.955914 -0.190213
16 0.028747 0.950940 -0.203456
17 -0.002517 0.944197 -0.207978
18 -0.033444 0.933244 -0.203448
19 -0.061202 0.917184 -0.187433
20 -0.079005 0.900575 -0.165272
21 -0.089392 0.886482 -0.138485
22 -0.093903 0.874350 -0.110083
23 -0.096572 0.868252 -0.080377
24 -0.096050 0.863390 -0.049945
25 -0.091607 0.860914 -0.018963
26 -0.081429 0.860976 0.011556
27 -0.066091 0.863634 0.039117
28 -0.045039 0.869482 0.063757
29 -0.022497 0.876985 0.084572
Frame 406
0 -0.003394 0.885624 0.103099
1 0.022957 0.900836 0.118939
2 0.050508 0.915323 0.125822
3 0.078555 0.929099 0.123793
4 0.105678 0.940233 0.112481
5 0.128537 0.948538 0.092462
6 0.146495 0.953201 0.063980
7 0.151825 0.957636 0.033736
8 0.148413 0.961969 0.003587
9 0.140759 0.963716 -0.026337
10 0.131618 0.963928 -0.055193
11 0.121247 0.963953 -0.083995
12 0.109497 0.962741 -0.111972
13 0.095749 0.961484 -0.138801
14 0.080594 0.959103 -0.165115
15 0.056797 0.955558 -0.189220
16 0.027902 0.950740 -0.202651
17 -0.003382 0.944138 -0.207373
18 -0.034392 0.933296 -0.203054
19 -0.062322 0.917308 -0.187241
20 -0.080345 0.900709 -0.165209
21 -0.090947 0.886614 -0.138512
22 -0.095675 0.874451 -0.110163
23 -0.098538 0.868323 -0.080491
24 -0.098210 0.863412 -0.050070
25 -0.093959 0.860866 -0.019072
26 -0.083968 0.860821 0.011497
27 -0.068790 0.863355 0.039159
28 -0.047855 0.869059 0.063936
29 -0.025402 0.876417 0.084898
Frame 407
0 -0.006445 0.884905 0.103585
1 0.019876 0.899990 0.119610
2 0.047442 0.914347 0.126683
3 0.075553 0.928004 0.124847
4 0.102783 0.939046 0.113722
5 0.125790 0.947297 0.093861
6 0.143934 0.951944 0.065503
7 0.149467 0.956420 0.035300
8 0.146251 0.960829 0.005149
9 0.138792 0.962667 -0.024811
10 0.129827 0.962970 -0.053720
11 0.119632 0.963094 -0.082583
12 0.108051 0.961986 -0.110635
13 0.094465 0.960839 -0.137556
14 0.079459 0.958567 -0.163959
15 0.055767 0.955171 -0.188220
16 0.026929 0.950502 -0.201833
17 -0.004373 0.944033 -0.206750
18 -0.035462 0.933294 -0.202640
19 -0.063556 0.917373 -0.187025
20 -0.081790 0.900784 -0.165119
21 -0.092601 0.886688 -0.138513
22 -0.097541 0.874497 -0.110215
23 -0.100594 0.868338 -0.080575
24 -0.100455 0.863386 -0.050167
25 -0.096393 0.860773 -0.019153
26 -0.086583 0.860627 0.011462
27 -0.071563 0.863044 0.039222
28 -0.050747 0.868612 0.064134
29 -0.028382 0.875834 0.085239
Frame 408
0 -0.009711 0.884143 0.104113
1 0.016571 0.899107 0.120325
2 0.044150 0.913340 0.127592
3 0.072320 0.926882 0.125954
4 0.099656 0.937836 0.115019
5 0.122812 0.946036 0.095321
6 0.141147 0.950666 0.067091
7 0.146887 0.955182 0.036929
8 0.143873 0.959664 0.006777
9 0.136615 0.961588 -0.023219
10 0.127832 0.961979 -0.052183
11 0.117820 0.962195 -0.081107
12 0.106413 0.961188 -0.109233
13 0.092997 0.960147 -0.136248
14 0.078145 0.957980 -0.162741
15 0.054565 0.954728 -0.187160
16 0.025790 0.950204 -0.200959
17 -0.005527 0.943862 -0.206078
18 -0.036690 0.933223 -0.202182
19 -0.064946 0.917366 -0.186771
20 -0.083394 0.900785 -0.164999
21 -0.094416 0.886686 -0.138485
22 -0.099573 0.874468 -0.110242
23 -0.102823 0.868282 -0.080634
24 -0.102878 0.863290 -0.050237
25 -0.099010 0.860615 -0.019208
26 -0.089388 0.860372 0.011457
27 -0.074533 0.862678 0.039316
28 -0.053842 0.868114 0.064366
29 -0.031570 0.875205 0.085618
Frame 409
0 -0.013331 0.883309 0.104708
1 0.012904 0.898155 0.121122
2 0.040486 0.912264 0.128596
3 0.068714 0.925694 0.127169
4 0.096159 0.936561 0.116438
5 0.119471 0.944710 0.096914
6 0.138010 0.949325 0.068823
7 0.143973 0.953880 0.038706
8 0.141175 0.958433 0.008553
9 0.134134 0.960440 -0.021480
10 0.125548 0.960916 -0.050501
11 0.115734 0.961221 -0.079490
12 0.104517 0.960314 -0.107696
13 0.091286 0.959377 -0.134810
14 0.076603 0.957314 -0.161400
15 0.053153 0.954201 -0.185986
16 0.024450 0.949821 -0.199984
17 -0.006876 0.943605 -0.205323
18 -0.038112 0.933064 -0.201658
19 -0.066537 0.917268 -0.186469
20 -0.085207 0.900695 -0.164841
21 -0.096455 0.886595 -0.138427
22 -0.101843 0.874350 -0.110242
23 -0.105306 0.868138 -0.080668
24 -0.105571 0.863106 -0.050282
25 -0.101913 0.860372 -0.019235
26 -0.092495 0.860034 0.011483
27 -0.077821 0.862232 0.039447
28 -0.057267 0.867540 0.064645
29 -0.035101 0.874500 0.086056
Frame 410
0 -0.017444 0.882367 0.105400
1 0.008730 0.897099 0.122037
2 0.036308 0.911083 0.129740
3 0.064593 0.924399 0.128546
4 0.092153 0.935179 0.118043
5 0.115634 0.943278 0.098712
6 0.134398 0.947877 0.070777
7 0.140609 0.952469 0.040713
8 0.138055 0.957093 0.010558
9 0.131254 0.959183 -0.019515
10 0.122892 0.959743 -0.048600
11 0.113301 0.960140 -0.077660
12 0.102296 0.959331 -0.105953
13 0.089277 0.958497 -0.133173
14 0.074785 0.956539 -0.159870
15 0.051488 0.953564 -0.184642
16 0.022874 0.949331 -0.198863
17 -0.008456 0.943241 -0.204447
18 -0.039766 0.932798 -0.201043
19 -0.068369 0.917062 -0.186104
20 -0.087279 0.900497 -0.164639
21 -0.098776 0.886395 -0.138338
22 -0.104422 0.874124 -0.110216
23 -0.108123 0.867888 -0.080679
24 -0.108626 0.862819 -0.050304
25 -0.105204 0.860025 -0.019237
26 -0.096015 0.859593 0.011539
27 -0.081545 0.861683 0.039622
28 -0.061150 0.866862 0.064985
29 -0.039106 0.873692 0.086570
Frame 411
0 -0.022131 0.881299 0.106205
1 0.003963 0.895918 0.123092
2 0.031527 0.909773 0.131053
3 0.059868 0.922973 0.130121
4 0.087550 0.933663 0.119874
5 0.111220 0.941710 0.100762
6 0.130237 0.946294 0.073004
7 0.136728 0.950925 0.042998
8 0.134446 0.955620 0.012840
9 0.127919 0.957795 -0.017277
10 0.119810 0.958438 -0.046431
11 0.110473 0.958924 -0.075569
12 0.099711 0.958216 -0.103959
13 0.086933 0.957486 -0.131297
14 0.072662 0.955634 -0.158113
15 0.049547 0.952801 -0.183091
16 0.021039 0.948717 -0.197563
17 -0.010287 0.942758 -0.203428
18 -0.041671 0.932415 -0.200319
19 -0.070466 0.916741 -0.185665
20 -0.089641 0.900183 -0.164388
21 -0.101415 0.886078 -0.138214
22 -0.107349 0.873782 -0.110166
23 -0.111323 0.867521 -0.080668
24 -0.112094 0.862416 -0.050303
25 -0.108943 0.859566 -0.019214
26 -0.100013 0.859038 0.011628
27 -0.085777 0.861020 0.039844
28 -0.065565 0.866067 0.065392
29 -0.043663 0.872763 0.087175
Frame 412
0 -0.027253 0.880137 0.107093
1 -0.001255 0.894646 0.124249
2 0.026288 0.908371 0.132487
3 0.054681 0.921453 0.131839
4 0.082492 0.932054 0.121867
5 0.106359 0.940049 0.102993
6 0.125648 0.944614 0.075427
7 0.132440 0.949285 0.045486
8 0.130453 0.954052 0.015326
9 0.124221 0.956310 -0.014836
10 0.116388 0.957034 -0.044063
11 0.107328 0.957610 -0.073284
12 0.096828 0.957002 -0.101779
13 0.084315 0.956375 -0.129236
14 0.070285 0.954628 -0.156180
15 0.047373 0.951939 -0.181379
16 0.018988 0.948003 -0.196122
17 -0.012328 0.942178 -0.202291
18 -0.043784 0.931937 -0.199504
19 -0.072778 0.916322 -0.185158
20 -0.092232 0.899774 -0.164089
21 -0.104305 0.885666 -0.138055
22 -0.110549 0.873345 -0.110087
23 -0.114819 0.867061 -0.080632
24 -0.115883 0.861923 -0.050277
25 -0.113023 0.859016 -0.019164
26 -0.104374 0.858395 0.011747
27 -0.090395 0.860269 0.040104
28 -0.070385 0.865184 0.065852
29 -0.048638 0.871746 0.087849
Frame 413
0 -0.032620 0.878929 0.108025
1 -0.006726 0.893333 0.125459
2 0.020789 0.906929 0.133982
3 0.049230 0.919893 0.133626
4 0.077168 0.930404 0.123939
5 0.101238 0.938348 0.105309
6 0.120803 0.942896 0.077943
7 0.127904 0.947604 0.048070
8 0.126221 0.952440 0.017909
9 0.120294 0.954782 -0.012298
10 0.112746 0.955583 -0.041599
11 0.103972 0.956244 -0.070902
12 0.093744 0.955734 -0.099500
13 0.081508 0.955207 -0.127077
14 0.067728 0.953565 -0.154151
15 0.045029 0.951013 -0.179576
16 0.016775 0.947226 -0.194595
17 -0.014521 0.941534 -0.201080
18 -0.046048 0.931391 -0.198625
19 -0.075241 0.915836 -0.184601
20 -0.094977 0.899297 -0.163748
21 -0.107356 0.885188 -0.137861
22 -0.113919 0.872844 -0.109975
23 -0.118494 0.866540 -0.080566
24 -0.119860 0.861370 -0.050223
25 -0.117301 0.858410 -0.019089
26 -0.108943 0.857697 0.011894
27 -0.095229 0.859467 0.040394
28 -0.075429 0.864254 0.066346
29 -0.053846 0.870682 0.088562
Frame 414
0 -0.038039 0.877723 0.108967
1 -0.012251 0.892026 0.126672
2 0.015231 0.905496 0.135476
3 0.043717 0.918347 0.135408
4 0.071776 0.928772 0.126001
5 0.096039 0.936664 0.107615
6 0.115879 0.941195 0.080447
7 0.123283 0.945938 0.050646
8 0.121898 0.950840 0.020482
9 0.116272 0.953259 -0.009766
10 0.109007 0.954134 -0.039136
11 0.100516 0.954877 -0.068518
12 0.090558 0.954461 -0.097216
13 0.078596 0.954028 -0.124905
14 0.065065 0.952485 -0.152106
15 0.042580 0.950065 -0.177753
16 0.014460 0.946421 -0.193042
17 -0.016813 0.940856 -0.199839
18 -0.048402 0.930808 -0.197714
19 -0.077788 0.915311 -0.184008
20 -0.097800 0.898783 -0.163371
21 -0.110479 0.884673 -0.137631
22 -0.117354 0.872308 -0.109832
23 -0.122232 0.865986 -0.080469
24 -0.123896 0.860789 -0.050138
25 -0.121635 0.857780 -0.018984
26 -0.113564 0.856979 0.012067
27 -0.100114 0.858651 0.040706
28 -0.080523 0.863314 0.066857
29 -0.059104 0.869614 0.089287
Frame 415
0 -0.043317 0.876566 0.109881
1 -0.017633 0.890772 0.127843
2 0.009815 0.904124 0.136911
3 0.038339 0.916869 0.137116
4 0.066511 0.927211 0.127975
5 0.090956 0.935054 0.109818
6 0.111050 0.939567 0.082840
7 0.118742 0.944344 0.053106
8 0.117637 0.949305 0.022942
9 0.112293 0.951797 -0.007343
10 0.105295 0.952738 -0.036777
11 0.097072 0.953557 -0.066228
12 0.087370 0.953229 -0.095017
13 0.075666 0.952883 -0.122812
14 0.062372 0.951433 -0.150130
15 0.040089 0.949135 -0.175983
16 0.012097 0.945625 -0.191524
17 -0.019146 0.940180 -0.198619
18 -0.050794 0.930220 -0.196804
19 -0.080356 0.914777 -0.183400
20 -0.100627 0.898261 -0.162969
21 -0.113589 0.884152 -0.137370
22 -0.120759 0.871767 -0.109654
23 -0.125921 0.865429 -0.080337
24 -0.127866 0.860210 -0.050019
25 -0.125884 0.857157 -0.018847
26 -0.118082 0.856276 0.012263
27 -0.104881 0.857855 0.041030
28 -0.085490 0.862404 0.067369
29 -0.064228 0.868584 0.090000
Frame 416
0 -0.048262 0.875505 0.110737
1 -0.022672 0.889618 0.128927
2 0.004744 0.902862 0.138233
3 0.033301 0.915510 0.138681
4 0.061571 0.925777 0.129779
5 0.086178 0.933574 0.111828
6 0.106498 0.938068 0.085020
7 0.114445 0.942875 0.055347
8 0.113591 0.947888 0.025182
9 0.108498 0.950447 -0.005132
10 0.101738 0.951449 -0.034620
11 0.093753 0.952335 -0.064133
12 0.084281 0.952088 -0.092998
13 0.072808 0.951819 -0.120886
14 0.059726 0.950453 -0.148308
15 0.037623 0.948263 -0.174343
16 0.009746 0.944875 -0.190108
17 -0.021466 0.939538 -0.197467
18 -0.053163 0.929658 -0.195932
19 -0.082883 0.914264 -0.182799
20 -0.103386 0.897760 -0.162553
21 -0.116600 0.883651 -0.137082
22 -0.124033 0.871251 -0.109442
23 -0.129448 0.864902 -0.080168
24 -0.131644 0.859663 -0.049864
25 -0.129910 0.856572 -0.018680
26 -0.122346 0.855618 0.012485
27 -0.109369 0.857114 0.041363
28 -0.090156 0.861562 0.067867
29 -0.069037 0.867635 0.090678
Frame 417
0 -0.052735 0.874572 0.111515
1 -0.027223 0.888603 0.129897
2 0.000165 0.901752 0.139402
3 0.028749 0.914314 0.140057
4 0.057103 0.924514 0.131355
5 0.081846 0.932269 0.113577
6 0.102355 0.936744 0.086915
7 0.110518 0.941576 0.057295
8 0.109873 0.946635 0.027127
9 0.104991 0.949249 -0.003207
10 0.098431 0.950303 -0.032742
11 0.090647 0.951249 -0.062304
12 0.081370 0.951072 -0.091230
13 0.070091 0.950868 -0.119196
14 0.057186 0.949576 -0.146704
15 0.035232 0.947478 -0.172892
16 0.007452 0.944197 -0.188843
17 -0.023730 0.938956 -0.196426
18 -0.055469 0.929144 -0.195126
19 -0.085323 0.913794 -0.182221
20 -0.106025 0.897301 -0.162130
21 -0.119450 0.883194 -0.136769
22 -0.127104 0.870781 -0.109197
23 -0.132733 0.864425 -0.079959
24 -0.135139 0.859173 -0.049668
25 -0.133611 0.856050 -0.018473
26 -0.126246 0.855034 0.012732
27 -0.113456 0.856459 0.041703
28 -0.094393 0.860818 0.068345
29 -0.073395 0.866798 0.091307
Frame 418
0 -0.056801 0.873759 0.112226
1 -0.031352 0.887717 0.130766
2 -0.003986 0.900782 0.140438
3 0.024622 0.913269 0.141265
4 0.053044 0.923409 0.132731
5 0.077900 0.931126 0.115098
6 0.098565 0.935582 0.088557
7 0.106910 0.940435 0.058981
8 0.106439 0.945531 0.028813
9 0.101732 0.948191 -0.001538
10 0.095339 0.949289 -0.031111
11 0.087723 0.950285 -0.060711
12 0.078609 0.950169 -0.089688
13 0.067491 0.950020 -0.117716
14 0.054736 0.948788 -0.145297
15 0.032903 0.946771 -0.171611
16 0.005204 0.943584 -0.187715
17 -0.025955 0.938427 -0.195484
18 -0.057730 0.928673 -0.194382
19 -0.087695 0.913362 -0.181666
20 -0.108564 0.896882 -0.161706
21 -0.122168 0.882778 -0.136436
22 -0.130008 0.870357 -0.108921
23 -0.135813 0.863997 -0.079715
24 -0.138395 0.858737 -0.049434
25 -0.137038 0.855590 -0.018233
26 -0.129838 0.854521 0.013005
27 -0.117204 0.855886 0.042052
28 -0.098263 0.860169 0.068808
29 -0.077365 0.866068 0.091894
Frame 419
0 -0.060578 0.873045 0.112885
1 -0.035182 0.886939 0.131560
2 -0.007835 0.899930 0.141373
3 0.020795 0.912349 0.142344
4 0.049275 0.922433 0.133953
5 0.074226 0.930113 0.116442
6 0.095025 0.934550 0.090006
7 0.103525 0.939417 0.060467
8 0.103203 0.944543 0.030298
9 0.098645 0.947243 -0.000066
10 0.092394 0.948377 -0.029670
11 0.084919 0.949417 -0.059301
12 0.075945 0.949353 -0.088318
13 0.064964 0.949250 -0.116400
14 0.052335 0.948071 -0.144042
15 0.030602 0.946126 -0.170464
16 0.002972 0.943023 -0.186695
17 -0.028166 0.937941 -0.194623
18 -0.059975 0.928240 -0.193687
19 -0.090037 0.912965 -0.181133
20 -0.111050 0.896495 -0.161281
21 -0.124805 0.882398 -0.136091
22 -0.132804 0.869972 -0.108623
23 -0.138760 0.863612 -0.079444
24 -0.141489 0.858349 -0.049174
25 -0.140276 0.855182 -0.017968
26 -0.133214 0.854069 0.013296
27 -0.120713 0.855382 0.042405
28 -0.101877 0.859598 0.069258
29 -0.081063 0.865427 0.092449
Frame 420
0 -0.064188 0.872412 0.113505
1 -0.038838 0.886248 0.132298
2 -0.011505 0.899170 0.142234
3 0.017144 0.911525 0.143333
4 0.045678 0.921556 0.135067
5 0.070715 0.929199 0.117664
6 0.091630 0.933613 0.091320
7 0.100268 0.938492 0.061814
8 0.100076 0.943642 0.031643
9 0.095650 0.946375 0.001270
10 0.089525 0.947541 -0.028362
11 0.082174 0.948619 -0.058020
12 0.073324 0.948602 -0.087070
13 0.062461 0.948538 -0.115201
14 0.049943 0.947406 -0.142895
15 0.028296 0.945524 -0.169411
16 0.000726 0.942499 -0.185752
17 -0.030395 0.937485 -0.193820
18 -0.062232 0.927834 -0.193030
19 -0.092381 0.912593 -0.180617
20 -0.113525 0.896136 -0.160859
21 -0.127415 0.882047 -0.135737
22 -0.135554 0.869619 -0.108312
23 -0.141641 0.863264 -0.079159
24 -0.144500 0.858001 -0.048898
25 -0.143413 0.854821 -0.017690
26 -0.136473 0.853670 0.013596
27 -0.124089 0.854936 0.042760
28 -0.105343 0.859093 0.069696
29 -0.084603 0.864860 0.092980
Frame 421
0 -0.067750 0.871841 0.114102
1 -0.042440 0.885621 0.133002
2 -0.015120 0.898478 0.143052
3 0.013547 0.910772 0.144268
4 0.042132 0.920750 0.136119
5 0.067249 0.928354 0.118815
6 0.088275 0.932743 0.092557
7 0.097041 0.937628 0.063080
8 0.096972 0.942796 0.032908
9 0.092668 0.945558 0.002528
10 0.086659 0.946752 -0.027132
11 0.079424 0.947863 -0.056814
12 0.070689 0.947888 -0.085893
13 0.059936 0.947860 -0.114068
14 0.047522 0.946770 -0.141809
15 0.025952 0.944949 -0.168414
16 -0.001563 0.941999 -0.184855
17 -0.032669 0.937051 -0.193051
18 -0.064535 0.927449 -0.192396
19 -0.094765 0.912240 -0.180112
20 -0.116032 0.895800 -0.160440
21 -0.130047 0.881721 -0.135382
22 -0.138317 0.869295 -0.107997
23 -0.144526 0.862946 -0.078867
24 -0.147504 0.857689 -0.048617
25 -0.146533 0.854499 -0.017405
26 -0.139705 0.853314 0.013898
27 -0.127431 0.854538 0.043113
28 -0.108771 0.858641 0.070125
29 -0.088100 0.864348 0.093492
Frame 422
0 -0.071384 0.871311 0.114685
1 -0.046114 0.885038 0.133691
2 -0.018806 0.897831 0.143852
3 0.009881 0.910062 0.145186
4 0.038517 0.919986 0.137151
5 0.063715 0.927548 0.119946
6 0.084851 0.931906 0.093773
7 0.093746 0.936793 0.064327
8 0.093800 0.941974 0.034153
9 0.089619 0.944762 0.003764
10 0.083726 0.945980 -0.025922
11 0.076603 0.947123 -0.055625
12 0.067984 0.947190 -0.084733
13 0.057340 0.947194 -0.112953
14 0.045028 0.946144 -0.140740
15 0.023534 0.944382 -0.167431
16 -0.003927 0.941508 -0.183972
17 -0.035017 0.936625 -0.192294
18 -0.066911 0.927072 -0.191771
19 -0.097224 0.911902 -0.179614
20 -0.118613 0.895481 -0.160024
21 -0.132753 0.881416 -0.135029
22 -0.141151 0.868992 -0.107682
23 -0.147481 0.862654 -0.078578
24 -0.150578 0.857404 -0.048339
25 -0.149722 0.854207 -0.017127
26 -0.143006 0.852992 0.014195
27 -0.130841 0.854177 0.043458
28 -0.112268 0.858227 0.070545
29 -0.091668 0.863876 0.093994
Frame 423
0 -0.075207 0.870806 0.115269
1 -0.049980 0.884478 0.134384
2 -0.022686 0.897204 0.144663
3 0.006022 0.909372 0.146120
4 0.034713 0.919236 0.138207
5 0.059999 0.926748 0.121109
6 0.081253 0.931070 0.095026
7 0.090285 0.935954 0.065612
8 0.090472 0.941145 0.035437
9 0.086422 0.943955 0.005040
10 0.080651 0.945197 -0.024673
11 0.073650 0.946372 -0.054401
12 0.065151 0.946478 -0.083539
13 0.054624 0.946516 -0.111805
14 0.042421 0.945503 -0.139641
15 0.021009 0.943805 -0.166422
16 -0.006394 0.941010 -0.183068
17 -0.037468 0.936195 -0.191523
18 -0.069390 0.926697 -0.191139
19 -0.099790 0.911569 -0.179116
20 -0.121309 0.895172 -0.159612
21 -0.135580 0.881122 -0.134682
22 -0.144115 0.868705 -0.107378
23 -0.150573 0.862380 -0.078300
24 -0.153796 0.857141 -0.048075
25 -0.153063 0.853940 -0.016864
26 -0.146468 0.852697 0.014477
27 -0.134420 0.853842 0.043790
28 -0.115943 0.857838 0.070956
29 -0.095422 0.863430 0.094492
Frame 424
0 -0.079341 0.870308 0.115863
1 -0.054164 0.883919 0.135100
2 -0.026885 0.896574 0.145511
3 0.001845 0.908672 0.147107
4 0.030599 0.918470 0.139331
5 0.055984 0.925926 0.122352
6 0.077372 0.930204 0.096371
7 0.086557 0.935080 0.066997
8 0.086895 0.940276 0.036821
9 0.082994 0.943108 0.006413
10 0.077362 0.944375 -0.023330
11 0.070496 0.945583 -0.053085
12 0.062135 0.945732 -0.082257
13 0.051740 0.945802 -0.110575
14 0.039661 0.944829 -0.138463
15 0.018341 0.943200 -0.165345
16 -0.008995 0.940493 -0.182110
17 -0.040049 0.935750 -0.190712
18 -0.072002 0.926314 -0.190484
19 -0.102497 0.911235 -0.178609
20 -0.124161 0.894867 -0.159202
21 -0.138579 0.880837 -0.134346
22 -0.147267 0.868428 -0.107089
23 -0.153867 0.862119 -0.078043
24 -0.157233 0.856893 -0.047836
25 -0.156639 0.853690 -0.016625
26 -0.150182 0.852418 0.014735
27 -0.138269 0.853521 0.044105
28 -0.119904 0.857461 0.071357
29 -0.099475 0.862992 0.094989
Frame 425
0 -0.083863 0.869808 0.116471
1 -0.058747 0.883350 0.135848
2 -0.031489 0.895926 0.146412
3 -0.002734 0.907947 0.148169
4 0.026091 0.917669 0.140554
5 0.051591 0.925061 0.123713
6 0.073133 0.929285 0.097851
7 0.082496 0.934150 0.068522
8 0.083009 0.939349 0.038346
9 0.079279 0.942203 0.007925
10 0.073808 0.943497 -0.021853
11 0.067098 0.944740 -0.051638
12 0.058896 0.944933 -0.080848
13 0.048653 0.945041 -0.109225
14 0.036717 0.944109 -0.137173
15 0.015509 0.942557 -0.164170
16 -0.011751 0.939946 -0.181072
17 -0.042778 0.935283 -0.189844
18 -0.074766 0.925918 -0.189793
19 -0.105369 0.910898 -0.178090
20 -0.127197 0.894566 -0.158795
21 -0.141782 0.880559 -0.134023
22 -0.150644 0.868161 -0.106821
23 -0.157409 0.861870 -0.077813
24 -0.160939 0.856659 -0.047629
25 -0.160507 0.853454 -0.016420
26 -0.154211 0.852152 0.014964
27 -0.142455 0.853210 0.044396
28 -0.124222 0.857089 0.071747
29 -0.103903 0.862555 0.095489
Frame 426
0 -0.088707 0.869321 0.117088
1 -0.063661 0.882787 0.136620
2 -0.036429 0.895279 0.147354
3 -0.007648 0.907216 0.149292
4 0.021256 0.916855 0.141857
5 0.046883 0.924174 0.125171
6 0.068598 0.928339 0.099443
7 0.078157 0.933189 0.070166
8 0.078863 0.938389 0.039989
9 0.075325 0.941267 0.009553
10 0.070031 0.942588 -0.020260
11 0.063496 0.943871 -0.050079
12 0.055469 0.944111 -0.079329
13 0.045397 0.944259 -0.107774
14 0.033621 0.943371 -0.135787
15 0.012537 0.941901 -0.162911
16 -0.014637 0.939397 -0.179964
17 -0.045633 0.934819 -0.188925
18 -0.077654 0.925531 -0.189071
19 -0.108374 0.910575 -0.177557
20 -0.130385 0.894286 -0.158387
21 -0.145153 0.880306 -0.133711
22 -0.154208 0.867920 -0.106568
23 -0.161153 0.861649 -0.077606
24 -0.164865 0.856454 -0.047449
25 -0.164614 0.853246 -0.016243
26 -0.158498 0.851912 0.015166
27 -0.146914 0.852922 0.044666
28 -0.128832 0.856735 0.072123
29 -0.108640 0.862133 0.095987
Frame 427
0 -0.093764 0.868869 0.117708
1 -0.068797 0.882258 0.137405
2 -0.041595 0.894660 0.148322
3 -0.012788 0.906508 0.150454
4 0.016198 0.916060 0.143213
5 0.041960 0.923301 0.126694
6 0.063858 0.927402 0.101107
7 0.073626 0.932235 0.071888
8 0.074539 0.937437 0.041710
9 0.071204 0.940340 0.011259
10 0.066100 0.941691 -0.018592
11 0.059750 0.943014 -0.048445
12 0.051911 0.943305 -0.077738
13 0.042022 0.943495 -0.106252
14 0.030418 0.942651 -0.134333
15 0.009466 0.941270 -0.161592
16 -0.017615 0.938876 -0.178807
17 -0.048574 0.934388 -0.187968
18 -0.080631 0.925180 -0.188323
19 -0.111474 0.910296 -0.177010
20 -0.133675 0.894051 -0.157976
21 -0.148638 0.880098 -0.133401
22 -0.157895 0.867725 -0.106325
23 -0.165033 0.861474 -0.077411
24 -0.168940 0.856297 -0.047286
25 -0.168880 0.853085 -0.016085
26 -0.162956 0.851718 0.015350
27 -0.151558 0.852677 0.044920
28 -0.133637 0.856421 0.072489
29 -0.113583 0.861747 0.096481
Frame 428
0 -0.098933 0.868478 0.118328
1 -0.074048 0.881783 0.138193
2 -0.046879 0.894095 0.149300
3 -0.018047 0.905855 0.151634
4 0.011023 0.915317 0.144593
5 0.036924 0.922478 0.128247
6 0.059008 0.926514 0.102809
7 0.068991 0.931331 0.073647
8 0.070117 0.936534 0.043470
9 0.066992 0.939462 0.013004
10 0.062083 0.940845 -0.016884
11 0.055923 0.942210 -0.046772
12 0.048278 0.942553 -0.076106
13 0.038578 0.942786 -0.104691
14 0.027149 0.941990 -0.132842
15 0.006337 0.940697 -0.160239
16 -0.020649 0.938417 -0.177621
17 -0.051568 0.934019 -0.186987
18 -0.083659 0.924894 -0.187557
19 -0.114627 0.910082 -0.176452
20 -0.137022 0.893885 -0.157558
21 -0.152182 0.879960 -0.133089
22 -0.161647 0.867599 -0.106082
23 -0.168983 0.861369 -0.077220
24 -0.173089 0.856206 -0.047131
25 -0.173228 0.852990 -0.015936
26 -0.167501 0.851587 0.015525
27 -0.156294 0.852494 0.045165
28 -0.138541 0.856167 0.072848
29 -0.118629 0.861421 0.096972
Frame 429
0 -0.104106 0.868166 0.118942
1 -0.079306 0.881390 0.138977
2 -0.052172 0.893612 0.150274
3 -0.023315 0.905283 0.152811
4 0.005837 0.914656 0.145970
5 0.031875 0.921740 0.129798
6 0.054144 0.925713 0.104507
7 0.064342 0.930514 0.075406
8 0.065679 0.935720 0.045228
9 0.062762 0.938673 0.014748
10 0.058048 0.940089 -0.015175
11 0.052079 0.941497 -0.045096
12 0.044626 0.941893 -0.074471
13 0.035117 0.942171 -0.103126
14 0.023863 0.941421 -0.131345
15 0.003190 0.940219 -0.158879
16 -0.023700 0.938053 -0.176427
17 -0.054579 0.933745 -0.185996
18 -0.086702 0.924702 -0.186780
19 -0.117792 0.909963 -0.175883
20 -0.140380 0.893811 -0.157131
21 -0.155736 0.879913 -0.132769
22 -0.165406 0.867563 -0.105833
23 -0.172937 0.861351 -0.077025
24 -0.177242 0.856201 -0.046972
25 -0.177578 0.852979 -0.015784
26 -0.172048 0.851539 0.015701
27 -0.161032 0.852392 0.045409
28 -0.143447 0.855995 0.073204
29 -0.123680 0.861175 0.097457
Frame 430
0 -0.109179 0.867958 0.119548
1 -0.084465 0.881100 0.139749
2 -0.057365 0.893236 0.151231
3 -0.028487 0.904822 0.153964
4 0.000745 0.914112 0.147317
5 0.026914 0.921121 0.131314
6 0.049361 0.925036 0.106166
7 0.059766 0.929825 0.077123
8 0.061307 0.935033 0.046948
9 0.058591 0.938015 0.016453
10 0.054065 0.939465 -0.013503
11 0.048281 0.940916 -0.043455
12 0.041014 0.941365 -0.072868
13 0.031688 0.941688 -0.101589
14 0.020602 0.940986 -0.129873
15 0.000066 0.939873 -0.157538
16 -0.026730 0.937817 -0.175245
17 -0.057571 0.933595 -0.185012
18 -0.089724 0.924632 -0.186003
19 -0.120931 0.909962 -0.175307
20 -0.143701 0.893855 -0.156694
21 -0.159245 0.879980 -0.132436
22 -0.169113 0.867640 -0.105570
23 -0.176832 0.861441 -0.076817
24 -0.181329 0.856302 -0.046801
25 -0.181855 0.853070 -0.015622
26 -0.176514 0.851591 0.015886
27 -0.165683 0.852391 0.045659
28 -0.148261 0.855923 0.073561
29 -0.128634 0.861031 0.097939
Frame 431
0 -0.114048 0.867873 0.120145
1 -0.089417 0.880939 0.140503
2 -0.062351 0.892993 0.152158
3 -0.033452 0.904499 0.155075
4 -0.004147 0.913713 0.148610
5 0.022145 0.920656 0.132764
6 0.044755 0.924521 0.107749
7 0.055354 0.929301 0.078760
8 0.057083 0.934516 0.048586
9 0.054556 0.937526 0.018079
10 0.050204 0.939011 -0.011906
11 0.044592 0.940505 -0.041885
12 0.037498 0.941008 -0.071331
13 0.028344 0.941376 -0.100115
14 0.017416 0.940720 -0.128458
15 -0.002993 0.939695 -0.156244
16 -0.029702 0.937742 -0.174101
17 -0.060507 0.933602 -0.184049
18 -0.092689 0.924714 -0.185232
19 -0.124003 0.910108 -0.174726
20 -0.146940 0.894041 -0.156246
21 -0.162658 0.880185 -0.132087
22 -0.172710 0.867849 -0.105289
23 -0.180603 0.861660 -0.076588
24 -0.185279 0.856528 -0.046608
25 -0.185982 0.853281 -0.015439
26 -0.180816 0.851763 0.016090
27 -0.170157 0.852510 0.045923
28 -0.152886 0.855972 0.073923
29 -0.133390 0.861009 0.098419
Frame 432
0 -0.118640 0.867849 0.120729
1 -0.094085 0.880843 0.141230
2 -0.067050 0.892824 0.153044
3 -0.038131 0.904259 0.156129
4 -0.008761 0.913406 0.149828
5 0.017640 0.920293 0.134123
6 0.040397 0.924117 0.109229
7 0.051171 0.928894 0.080287
8 0.053069 0.934118 0.050115
9 0.050710 0.937158 0.019598
10 0.046516 0.938677 -0.010412
11 0.041059 0.940214 -0.040413
12 0.034120 0.940770 -0.069890
13 0.025122 0.941182 -0.098728
14 0.014333 0.940573 -0.127124
15 -0.005960 0.939628 -0.155018
16 -0.032591 0.937774 -0.173010
17 -0.063366 0.933708 -0.183121
18 -0.095573 0.924887 -0.184477
19 -0.126980 0.910338 -0.174141
20 -0.150068 0.894304 -0.155783
21 -0.165942 0.880462 -0.131717
22 -0.176156 0.868127 -0.104981
23 -0.184206 0.861942 -0.076329
24 -0.189042 0.856809 -0.046383
25 -0.189904 0.853545 -0.015223
26 -0.184894 0.851987 0.016322
27 -0.174390 0.852680 0.046207
28 -0.157257 0.856076 0.074297
29 -0.137877 0.861046 0.098897
Frame 433
0 -0.122998 0.867809 0.121309
1 -0.098514 0.880738 0.141939
2 -0.071507 0.892653 0.153899
3 -0.042572 0.904027 0.157135
4 -0.013143 0.913116 0.150983
5 0.013357 0.919955 0.135407
6 0.036246 0.923746 0.110621
7 0.047178 0.928523 0.081724
8 0.049228 0.933758 0.051554
9 0.047020 0.936828 0.021028
10 0.042968 0.938384 -0.009003
11 0.037651 0.939961 -0.039024
12 0.030853 0.940569 -0.068525
13 0.021995 0.941025 -0.097412
14 0.011332 0.940460 -0.125856
15 -0.008856 0.939591 -0.153848
16 -0.035417 0.937826 -0.171961
17 -0.066166 0.933830 -0.182217
18 -0.098393 0.925068 -0.183729
19 -0.129885 0.910567 -0.173549
20 -0.153108 0.894561 -0.155304
21 -0.169120 0.880727 -0.131322
22 -0.179481 0.868388 -0.104644
23 -0.187671 0.862202 -0.076038
24 -0.192653 0.857066 -0.046125
25 -0.193655 0.853780 -0.014974
26 -0.188786 0.852179 0.016586
27 -0.178422 0.852822 0.046517
28 -0.161413 0.856155 0.074686
29 -0.142141 0.861062 0.099379
Frame 434
0 -0.127197 0.867758 0.121893
1 -0.102780 0.880628 0.142644
2 -0.075802 0.892483 0.154737
3 -0.046851 0.903806 0.158115
4 -0.017369 0.912846 0.152101
5 0.009220 0.919646 0.136644
6 0.032231 0.923412 0.111957
7 0.043308 0.928191 0.083102
8 0.045498 0.933437 0.052935
9 0.043429 0.936537 0.022400
10 0.039507 0.938127 -0.007648
11 0.034318 0.939743 -0.037685
12 0.027649 0.940403 -0.067209
13 0.018923 0.940899 -0.096141
14 0.008375 0.940377 -0.124627
15 -0.011716 0.939580 -0.152709
16 -0.038211 0.937894 -0.170934
17 -0.068937 0.933961 -0.181322
18 -0.101181 0.925253 -0.182978
19 -0.132748 0.910794 -0.172942
20 -0.156091 0.894809 -0.154802
21 -0.172230 0.880980 -0.130900
22 -0.182724 0.868633 -0.104277
23 -0.191043 0.862442 -0.075715
24 -0.196158 0.857297 -0.045833
25 -0.197291 0.853987 -0.014692
26 -0.192550 0.852347 0.016882
27 -0.182315 0.852941 0.046854
28 -0.165422 0.856214 0.075095
29 -0.146251 0.861062 0.099873
Frame 435
0 -0.131309 0.867700 0.122491
1 -0.106961 0.880516 0.143357
2 -0.080011 0.892321 0.155578
3 -0.051047 0.903599 0.159089
4 -0.021516 0.912598 0.153206
5 0.005157 0.919366 0.137862
6 0.028281 0.923112 0.113270
7 0.039495 0.927897 0.084454
8 0.041816 0.933154 0.054291
9 0.039878 0.936283 0.023748
10 0.036080 0.937907 -0.006316
11 0.031014 0.939559 -0.036369
12 0.024466 0.940267 -0.065914
13 0.015864 0.940801 -0.094885
14 0.005427 0.940320 -0.123412
15 -0.014572 0.939588 -0.151579
16 -0.041004 0.937975 -0.169910
17 -0.071708 0.934099 -0.180422
18 -0.103967 0.925436 -0.182212
19 -0.135603 0.911011 -0.172314
20 -0.159056 0.895045 -0.154274
21 -0.175312 0.881216 -0.130447
22 -0.185929 0.868858 -0.103878
23 -0.194367 0.862659 -0.075359
24 -0.199610 0.857503 -0.045507
25 -0.200866 0.854167 -0.014377
26 -0.196247 0.852488 0.017208
27 -0.186135 0.853037 0.047219
28 -0.169354 0.856255 0.075527
29 -0.150278 0.861049 0.100387
Frame 436
0 -0.135410 0.867638 0.123115
1 -0.111130 0.880407 0.144091
2 -0.084211 0.892169 0.156435
3 -0.055238 0.903409 0.160076
4 -0.025662 0.912375 0.154321
5 0.001091 0.919117 0.139087
6 0.024324 0.922850 0.114588
7 0.035672 0.927641 0.085810
8 0.038120 0.932908 0.055653
9 0.036311 0.936064 0.025103
10 0.032633 0.937718 -0.004976
11 0.027687 0.939405 -0.035044
12 0.021257 0.940158 -0.064609
13 0.012779 0.940727 -0.093616
14 0.002448 0.940284 -0.122185
15 -0.017460 0.939610 -0.150433
16 -0.043828 0.938061 -0.168866
17 -0.074508 0.934238 -0.179499
18 -0.106779 0.925615 -0.181421
19 -0.138478 0.911218 -0.171656
20 -0.162034 0.895265 -0.153714
21 -0.178401 0.881432 -0.129962
22 -0.189137 0.869063 -0.103446
23 -0.197692 0.862852 -0.074970
24 -0.203058 0.857683 -0.045149
25 -0.204434 0.854322 -0.014030
26 -0.199934 0.852605 0.017568
27 -0.189943 0.853113 0.047615
28 -0.173273 0.856281 0.075989
29 -0.154294 0.861027 0.100927
Frame 437
0 -0.139572 0.867577 0.123772
1 -0.115366 0.880304 0.144858
2 -0.088481 0.892031 0.157325
3 -0.059502 0.903241 0.161096
4 -0.029882 0.912180 0.155467
5 -0.003052 0.918903 0.140346
6 0.020291 0.922626 0.115943
7 0.031771 0.927424 0.087205
8 0.034346 0.932700 0.057054
9 0.032667 0.935880 0.026497
10 0.029111 0.937561 -0.003598
11 0.024286 0.939278 -0.033678
12 0.017978 0.940072 -0.063264
13 0.009625 0.940672 -0.092308
14 -0.000598 0.940264 -0.120918
15 -0.020410 0.939641 -0.149247
16 -0.046713 0.938149 -0.167784
17 -0.077366 0.934373 -0.178538
18 -0.109648 0.925784 -0.180591
19 -0.141407 0.911409 -0.170960
20 -0.165060 0.895467 -0.153118
21 -0.181537 0.881628 -0.129441
22 -0.192389 0.869245 -0.102978
23 -0.201060 0.863020 -0.074547
24 -0.206552 0.857838 -0.044758
25 -0.208050 0.854452 -0.013651
26 -0.203672 0.852702 0.017958
27 -0.193805 0.853172 0.048043
28 -0.177248 0.856297 0.076484
29 -0.158369 0.861000 0.101501
Frame 438
0 -0.143869 0.867520 0.124470
1 -0.119744 0.880212 0.145670
2 -0.092898 0.891911 0.158263
3 -0.063918 0.903097 0.162168
4 -0.034256 0.912016 0.156671
5 -0.007347 0.918724 0.141667
6 0.016108 0.922442 0.117363
7 0.027725 0.927245 0.088669
8 0.030433 0.932527 0.058525
9 0.028888 0.935727 0.027963
10 0.025460 0.937432 -0.002147
11 0.020763 0.939176 -0.032244
12 0.014580 0.940006 -0.061852
13 0.006360 0.940632 -0.090930
14 -0.003747 0.940254 -0.119585
15 -0.023459 0.939676 -0.147998
16 -0.049691 0.938233 -0.166640
17 -0.080313 0.934499 -0.177523
18 -0.112602 0.925940 -0.179713
19 -0.144419 0.911580 -0.170220
20 -0.168169 0.895645 -0.152479
21 -0.184756 0.881799 -0.128880
22 -0.195727 0.869402 -0.102474
23 -0.204520 0.863163 -0.074090
24 -0.210141 0.857967 -0.044335
25 -0.211768 0.854558 -0.013241
26 -0.207518 0.852779 0.018381
27 -0.197783 0.853217 0.048504
28 -0.181347 0.856303 0.077015
29 -0.162573 0.860972 0.102114
Frame 439
0 -0.148374 0.867470 0.125221
1 -0.124338 0.880135 0.146538
2 -0.097540 0.891812 0.159264
3 -0.068561 0.902982 0.163309
4 -0.038860 0.911887 0.157953
5 -0.011869 0.918583 0.143074
6 0.011702 0.922298 0.118879
7 0.023467 0.927106 0.090232
8 0.026316 0.932389 0.060098
9 0.024915 0.935606 0.029531
10 0.021626 0.937330 -0.000595
11 0.017068 0.939096 -0.030710
12 0.011019 0.939956 -0.060342
13 0.002943 0.940603 -0.089454
14 -0.007040 0.940252 -0.118159
15 -0.026640 0.939708 -0.146660
16 -0.052795 0.938308 -0.165414
17 -0.083378 0.934611 -0.176435
18 -0.115670 0.926075 -0.178772
19 -0.147546 0.911727 -0.169425
20 -0.171394 0.895797 -0.151792
21 -0.188095 0.881942 -0.128277
22 -0.199192 0.869532 -0.101930
23 -0.208114 0.863278 -0.073597
24 -0.213875 0.858070 -0.043881
25 -0.215640 0.854640 -0.012801
26 -0.211532 0.852838 0.018835
27 -0.201937 0.853249 0.049000
28 -0.185634 0.856306 0.077587
29 -0.166977 0.860943 0.102773
Frame 440
0 -0.153137 0.867503 0.126030
1 -0.129201 0.880144 0.147475
2 -0.102457 0.891807 0.160341
3 -0.073486 0.902964 0.164535
4 -0.043744 0.911860 0.159330
5 -0.016669 0.918547 0.144588
6 0.007031 0.922261 0.120511
7 0.018952 0.927072 0.091918
8 0.021954 0.932355 0.061794
9 0.020711 0.935582 0.031223
10 0.017574 0.937320 0.001078
11 0.013167 0.939102 -0.029056
12 0.007264 0.939987 -0.058714
13 -0.000653 0.940650 -0.087862
14 -0.010498 0.940321 -0.116620
15 -0.029974 0.939805 -0.145215
16 -0.056041 0.938442 -0.164091
17 -0.086579 0.934777 -0.175264
18 -0.118873 0.926262 -0.177760
19 -0.150807 0.911921 -0.168571
20 -0.174758 0.895996 -0.151053
21 -0.191581 0.882132 -0.127627
22 -0.202810 0.869707 -0.101344
23 -0.211873 0.863440 -0.073069
24 -0.217785 0.858221 -0.043396
25 -0.219703 0.854774 -0.012331
26 -0.215750 0.852955 0.019321
27 -0.206311 0.853346 0.049532
28 -0.190156 0.856377 0.078201
29 -0.171627 0.860992 0.103484
Frame 441
0 -0.158106 0.867666 0.126890
1 -0.134276 0.880281 0.148467
2 -0.107592 0.891931 0.161481
3 -0.078631 0.903078 0.165833
4 -0.048849 0.911965 0.160786
5 -0.021685 0.918646 0.146188
6 0.002150 0.922357 0.122237
7 0.014235 0.927172 0.093700
8 0.017401 0.932451 0.063588
9 0.016325 0.935688 0.033011
10 0.013349 0.937438 0.002849
11 0.009103 0.939234 -0.027306
12 0.003355 0.940140 -0.056993
13 -0.004392 0.940817 -0.086173
14 -0.014088 0.940509 -0.114990
15 -0.033434 0.940018 -0.143683
16 -0.059407 0.938689 -0.162685
17 -0.089892 0.935056 -0.174020
18 -0.122186 0.926563 -0.176684
19 -0.154181 0.912228 -0.167663
20 -0.178239 0.896307 -0.150266
21 -0.195189 0.882433 -0.126936
22 -0.206557 0.869996 -0.100721
23 -0.215769 0.863715 -0.072506
24 -0.221840 0.858487 -0.042881
25 -0.223922 0.855026 -0.011834
26 -0.220135 0.853190 0.019835
27 -0.210862 0.853564 0.050095
28 -0.194866 0.856575 0.078853
29 -0.176476 0.861167 0.104241
Frame 442
0 -0.163205 0.867923 0.127788
1 -0.139483 0.880507 0.149501
2 -0.112860 0.892139 0.162666
3 -0.083909 0.903273 0.167178
4 -0.054085 0.912150 0.162294
5 -0.026830 0.918823 0.147844
6 -0.002858 0.922532 0.124021
7 0.009397 0.927348 0.095543
8 0.012731 0.932624 0.065445
9 0.011826 0.935869 0.034863
10 0.009017 0.937631 0.004685
11 0.004938 0.939444 -0.025493
12 -0.000651 0.940372 -0.055210
13 -0.008222 0.941063 -0.084420
14 -0.017767 0.940780 -0.113295
15 -0.036976 0.940313 -0.142087
16 -0.062852 0.939023 -0.161220
17 -0.093284 0.935427 -0.172720
18 -0.125576 0.926958 -0.175557
19 -0.157633 0.912633 -0.166708
20 -0.181802 0.896719 -0.149437
21 -0.198882 0.882836 -0.126207
22 -0.210395 0.870386 -0.100064
23 -0.219759 0.864092 -0.071913
24 -0.225995 0.858854 -0.042338
25 -0.228244 0.855378 -0.011309
26 -0.224629 0.853528 0.020377
27 -0.215526 0.853884 0.050687
28 -0.199696 0.856871 0.079537
29 -0.181451 0.861439 0.105033
Frame 443
0 -0.168355 0.868240 0.128712
1 -0.144737 0.880783 0.150559
2 -0.118173 0.892389 0.163876
3 -0.089231 0.903503 0.168549
4 -0.059364 0.912363 0.163827
5 -0.032018 0.919022 0.149524
6 -0.007908 0.922726 0.125830
7 0.004517 0.927544 0.097413
8 0.008020 0.932817 0.067328
9 0.007288 0.936075 0.036743
10 0.004645 0.937853 0.006549
11 0.000732 0.939684 -0.023649
12 -0.004699 0.940638 -0.053396
13 -0.012093 0.941349 -0.082632
14 -0.021486 0.941095 -0.111566
15 -0.040561 0.940663 -0.140456
16 -0.066339 0.939419 -0.159717
17 -0.096716 0.935868 -0.171382
18 -0.129010 0.927432 -0.174391
19 -0.161130 0.913123 -0.165717
20 -0.185411 0.897217 -0.148573
21 -0.202624 0.883328 -0.125446
22 -0.214284 0.870866 -0.099377
23 -0.223800 0.864558 -0.071291
24 -0.230200 0.859310 -0.041767
25 -0.232617 0.855819 -0.010758
26 -0.229174 0.853950 0.020943
27 -0.220243 0.854282 0.051302
28 -0.204579 0.857239 0.080245
29 -0.186479 0.861775 0.105850
Frame 444
0 -0.173481 0.868582 0.129648
1 -0.149958 0.881068 0.151628
2 -0.123447 0.892637 0.165093
3 -0.094508 0.903718 0.169923
4 -0.064596 0.912550 0.165359
5 -0.037160 0.919189 0.151199
6 -0.012915 0.922882 0.127630
7 -0.000325 0.927701 0.099273
8 0.003346 0.932977 0.069204
9 0.002781 0.936252 0.038616
10 0.000300 0.938052 0.008409
11 -0.003451 0.939910 -0.021808
12 -0.008729 0.940896 -0.051583
13 -0.015951 0.941634 -0.080842
14 -0.025198 0.941419 -0.109833
15 -0.044145 0.941033 -0.138816
16 -0.069829 0.939849 -0.158198
17 -0.100154 0.936358 -0.170023
18 -0.132451 0.927967 -0.173202
19 -0.164638 0.913684 -0.164699
20 -0.189035 0.897793 -0.147683
21 -0.206380 0.883900 -0.124658
22 -0.218185 0.871424 -0.098663
23 -0.227850 0.865103 -0.070642
24 -0.234410 0.859844 -0.041171
25 -0.236989 0.856333 -0.010181
26 -0.233714 0.854440 0.021533
27 -0.224949 0.854740 0.051940
28 -0.209448 0.857655 0.080971
29 -0.191489 0.862147 0.106683
Frame 445
0 -0.178507 0.868912 0.130585
1 -0.155064 0.881324 0.152692
2 -0.128595 0.892838 0.166298
3 -0.099654 0.903870 0.171278
4 -0.069693 0.912660 0.166863
5 -0.042168 0.919267 0.152840
6 -0.017794 0.922943 0.129389
7 -0.005047 0.927763 0.101088
8 -0.001216 0.933047 0.071038
9 -0.001622 0.936347 0.040449
10 -0.003951 0.938178 0.010231
11 -0.007550 0.940073 -0.020003
12 -0.012686 0.941100 -0.049802
13 -0.019745 0.941877 -0.079080
14 -0.028856 0.941714 -0.108124
15 -0.047687 0.941391 -0.137194
16 -0.073283 0.940287 -0.156688
17 -0.103564 0.936873 -0.168663
18 -0.135867 0.928546 -0.172003
19 -0.168124 0.914302 -0.163665
20 -0.192636 0.898431 -0.146773
21 -0.210113 0.884538 -0.123849
22 -0.222062 0.872051 -0.097928
23 -0.231867 0.865714 -0.069971
24 -0.238577 0.860441 -0.040550
25 -0.241308 0.856907 -0.009579
26 -0.238192 0.854980 0.022144
27 -0.229582 0.855234 0.052595
28 -0.214235 0.858094 0.081710
29 -0.196408 0.862525 0.107521
Frame 446
0 -0.183356 0.869198 0.131511
1 -0.159974 0.881512 0.153737
2 -0.133532 0.892948 0.167476
3 -0.104577 0.903911 0.172593
4 -0.074566 0.912641 0.168316
5 -0.046955 0.919202 0.154418
6 -0.022461 0.922852 0.131072
7 -0.009570 0.927673 0.102827
8 -0.005591 0.932971 0.072794
9 -0.005851 0.936307 0.042206
10 -0.008042 0.938180 0.011980
11 -0.011503 0.940125 -0.018268
12 -0.016509 0.941208 -0.048086
13 -0.023424 0.942036 -0.077379
14 -0.032412 0.941942 -0.106470
15 -0.051143 0.941706 -0.135618
16 -0.076664 0.940705 -0.155211
17 -0.106907 0.937392 -0.167322
18 -0.139223 0.929148 -0.170808
19 -0.171554 0.914961 -0.162625
20 -0.196181 0.899120 -0.145852
21 -0.213786 0.885231 -0.123025
22 -0.225873 0.872731 -0.097178
23 -0.235810 0.866380 -0.069279
24 -0.242656 0.861092 -0.039905
25 -0.245523 0.857525 -0.008954
26 -0.242551 0.855553 0.022777
27 -0.234083 0.855746 0.053267
28 -0.218876 0.858528 0.082454
29 -0.201167 0.862877 0.108356
Frame 447
0 -0.188005 0.869428 0.132414
1 -0.164666 0.881627 0.154753
2 -0.138238 0.892969 0.168610
3 -0.109264 0.903843 0.173853
4 -0.079198 0.912496 0.169701
5 -0.051505 0.918999 0.155917
6 -0.026900 0.922613 0.132670
7 -0.013873 0.927432 0.104475
8 -0.009756 0.932747 0.074464
9 -0.009880 0.936124 0.043878
10 -0.011945 0.938047 0.013645
11 -0.015279 0.940050 -0.016610
12 -0.020168 0.941196 -0.046447
13 -0.026950 0.942084 -0.075751
14 -0.035828 0.942068 -0.104884
15 -0.054475 0.941937 -0.134103
16 -0.079926 0.941058 -0.153782
17 -0.110140 0.937867 -0.166016
18 -0.142475 0.929727 -0.169639
19 -0.174884 0.915611 -0.161601
20 -0.199622 0.899807 -0.144942
21 -0.217355 0.885929 -0.122208
22 -0.229578 0.873420 -0.096432
23 -0.239636 0.867057 -0.068586
24 -0.246608 0.861755 -0.039255
25 -0.249599 0.858156 -0.008319
26 -0.246759 0.856131 0.023414
27 -0.238421 0.856251 0.053939
28 -0.223341 0.858940 0.083193
29 -0.205739 0.863192 0.109175
Frame 448
0 -0.192539 0.869620 0.133293
1 -0.169233 0.881696 0.155738
2 -0.142813 0.892936 0.169709
3 -0.113813 0.903712 0.175068
4 -0.083694 0.912278 0.171034
5 -0.055921 0.918714 0.157358
6 -0.031207 0.922286 0.134203
7 -0.018053 0.927096 0.106060
8 -0.013800 0.932428 0.076073
9 -0.013792 0.935846 0.045490
10 -0.015737 0.937817 0.015254
11 -0.018949 0.939877 -0.015008
12 -0.023725 0.941089 -0.044863
13 -0.030381 0.942034 -0.074174
14 -0.039154 0.942101 -0.103347
15 -0.057720 0.942078 -0.132632
16 -0.083104 0.941332 -0.152391
17 -0.113291 0.938281 -0.164743
18 -0.145648 0.930255 -0.168498
19 -0.178136 0.916214 -0.160602
20 -0.202983 0.900451 -0.144054
21 -0.220845 0.886592 -0.121412
22 -0.233206 0.874080 -0.095703
23 -0.243384 0.867711 -0.067906
24 -0.250477 0.862400 -0.038610
25 -0.253585 0.858771 -0.007691
26 -0.250873 0.856693 0.024043
27 -0.242660 0.856739 0.054602
28 -0.227703 0.859328 0.083918
29 -0.210202 0.863475 0.109975
Frame 449
0 -0.197046 0.869779 0.134155
1 -0.173764 0.881729 0.156704
2 -0.147348 0.892861 0.170782
3 -0.118320 0.903531 0.176252
4 -0.088148 0.912005 0.172330
5 -0.060298 0.918369 0.158760
6 -0.035479 0.921894 0.135694
7 -0.022200 0.926694 0.107601
8 -0.017814 0.932040 0.077641
9 -0.017676 0.935498 0.047061
10 -0.019505 0.937517 0.016824
11 -0.022598 0.939636 -0.013442
12 -0.027262 0.940916 -0.043317
13 -0.033799 0.941917 -0.072631
14 -0.042469 0.942067 -0.101844
15 -0.060958 0.942156 -0.131191
16 -0.086276 0.941548 -0.151023
17 -0.116436 0.938649 -0.163491
18 -0.148815 0.930743 -0.167377
19 -0.181384 0.916782 -0.159619
20 -0.206336 0.901063 -0.143181
21 -0.224328 0.887227 -0.120629
22 -0.236829 0.874714 -0.094988
23 -0.247126 0.868344 -0.067234
24 -0.254337 0.863026 -0.037972
25 -0.257557 0.859370 -0.007066
26 -0.254969 0.857238 0.024666
27 -0.246880 0.857206 0.055258
28 -0.232044 0.859692 0.084634
29 -0.214641 0.863731 0.110761
Frame 450
0 -0.201608 0.869910 0.135008
1 -0.178349 0.881731 0.157658
2 -0.151935 0.892753 0.171840
3 -0.122881 0.903315 0.177419
4 -0.092654 0.911693 0.173608
5 -0.064727 0.917986 0.160140
6 -0.039804 0.921463 0.137162
7 -0.026405 0.926249 0.109120
8 -0.021887 0.931610 0.079188
9 -0.021621 0.935110 0.048612
10 -0.023334 0.937175 0.018375
11 -0.026310 0.939355 -0.011893
12 -0.030865 0.940702 -0.041789
13 -0.037283 0.941759 -0.071104
14 -0.045853 0.941995 -0.100354
15 -0.064266 0.942196 -0.129762
16 -0.089516 0.941731 -0.149665
17 -0.119648 0.938988 -0.162247
18 -0.152049 0.931205 -0.166261
19 -0.184697 0.917325 -0.158643
20 -0.209753 0.901651 -0.142315
21 -0.227877 0.887841 -0.119854
22 -0.240517 0.875328 -0.094280
23 -0.250934 0.868957 -0.066569
24 -0.258262 0.863632 -0.037335
25 -0.261592 0.859948 -0.006442
26 -0.259126 0.857762 0.025285
27 -0.251161 0.857653 0.055911
28 -0.236444 0.860034 0.085343
29 -0.219138 0.863961 0.111540
Frame 451
0 -0.206313 0.870018 0.135857
1 -0.183078 0.881709 0.158608
2 -0.156667 0.892623 0.172897
3 -0.127587 0.903076 0.178585
4 -0.097307 0.911361 0.174884
5 -0.069305 0.917583 0.161518
6 -0.044279 0.921013 0.138629
7 -0.030757 0.925789 0.110636
8 -0.026108 0.931164 0.080733
9 -0.025714 0.934707 0.050162
10 -0.027313 0.936818 0.019925
11 -0.030172 0.939060 -0.010345
12 -0.034616 0.940477 -0.040258
13 -0.040918 0.941590 -0.069574
14 -0.049386 0.941913 -0.098862
15 -0.067721 0.942225 -0.128330
16 -0.092902 0.941900 -0.148302
17 -0.123003 0.939315 -0.160997
18 -0.155423 0.931655 -0.165143
19 -0.188150 0.917856 -0.157665
20 -0.213308 0.902226 -0.141449
21 -0.231563 0.888439 -0.119080
22 -0.244344 0.875925 -0.093575
23 -0.254880 0.869552 -0.065905
24 -0.262328 0.864220 -0.036700
25 -0.265766 0.860505 -0.005821
26 -0.263423 0.858264 0.025902
27 -0.255581 0.858076 0.056562
28 -0.240985 0.860352 0.086050
29 -0.223777 0.864167 0.112315
Frame 452
0 -0.211247 0.870108 0.136709
1 -0.188041 0.881672 0.159562
2 -0.161637 0.892478 0.173960
3 -0.132532 0.902831 0.179761
4 -0.102201 0.911028 0.176173
5 -0.074124 0.917183 0.162913
6 -0.048992 0.920570 0.140114
7 -0.035347 0.925339 0.112171
8 -0.030566 0.930730 0.082296
9 -0.030044 0.934316 0.051731
10 -0.031527 0.936477 0.021495
11 -0.034269 0.938781 -0.008776
12 -0.038599 0.940270 -0.038706
13 -0.044784 0.941438 -0.068023
14 -0.053149 0.941848 -0.097348
15 -0.071400 0.942268 -0.126878
16 -0.096510 0.942080 -0.146921
17 -0.126573 0.939647 -0.159731
18 -0.159010 0.932106 -0.164009
19 -0.191814 0.918385 -0.156675
20 -0.217072 0.902798 -0.140576
21 -0.235459 0.889030 -0.118301
22 -0.248380 0.876511 -0.092867
23 -0.259038 0.870131 -0.065240
24 -0.266608 0.864787 -0.036066
25 -0.270156 0.861040 -0.005199
26 -0.267936 0.858742 0.026519
27 -0.260220 0.858475 0.057212
28 -0.245748 0.860647 0.086756
29 -0.228642 0.864353 0.113091
Frame 453
0 -0.216496 0.870185 0.137570
1 -0.193325 0.881627 0.160530
2 -0.166936 0.892333 0.175041
3 -0.137813 0.902591 0.180962
4 -0.107432 0.910709 0.177494
5 -0.079278 0.916805 0.164343
6 -0.054038 0.920157 0.141638
7 -0.040266 0.924926 0.113745
8 -0.035352 0.930334 0.083897
9 -0.034698 0.933966 0.053339
10 -0.036064 0.936177 0.023103
11 -0.038685 0.938545 -0.007168
12 -0.042898 0.940107 -0.037114
13 -0.048963 0.941331 -0.066432
14 -0.057219 0.941828 -0.095795
15 -0.075381 0.942350 -0.125388
16 -0.100416 0.942294 -0.145506
17 -0.130433 0.940005 -0.158433
18 -0.162883 0.932573 -0.162849
19 -0.195759 0.918923 -0.155665
20 -0.221119 0.903375 -0.139687
21 -0.239635 0.889619 -0.117511
22 -0.252697 0.877090 -0.092152
23 -0.263480 0.870696 -0.064572
24 -0.271177 0.865335 -0.035428
25 -0.274839 0.861548 -0.004577
26 -0.272744 0.859192 0.027138
27 -0.265157 0.858849 0.057864
28 -0.250814 0.860919 0.087467
29 -0.233817 0.864519 0.113873
Frame 454
0 -0.222146 0.870254 0.138445
1 -0.199024 0.881579 0.161517
2 -0.172658 0.892194 0.176152
3 -0.143522 0.902373 0.182201
4 -0.113092 0.910423 0.178861
5 -0.084859 0.916470 0.165827
6 -0.059508 0.919798 0.143220
7 -0.045604 0.924575 0.115380
8 -0.040553 0.930002 0.085556
9 -0.039765 0.933682 0.055004
10 -0.041008 0.935946 0.024770
11 -0.043505 0.938380 -0.005503
12 -0.047597 0.940017 -0.035462
13 -0.053535 0.941300 -0.064783
14 -0.061678 0.941882 -0.094185
15 -0.079740 0.942500 -0.123843
16 -0.104696 0.942562 -0.144042
17 -0.134658 0.940402 -0.157091
18 -0.167114 0.933069 -0.161651
19 -0.200058 0.919483 -0.154625
20 -0.225520 0.903969 -0.138774
21 -0.244167 0.890216 -0.116704
22 -0.257369 0.877667 -0.091424
23 -0.268281 0.871250 -0.063894
24 -0.276109 0.865863 -0.034787
25 -0.279889 0.862031 -0.003953
26 -0.277927 0.859614 0.027760
27 -0.270474 0.859193 0.058518
28 -0.256266 0.861168 0.088181
29 -0.239384 0.864669 0.114666
Frame 455
0 -0.228266 0.870336 0.139328
1 -0.205213 0.881564 0.162522
2 -0.178887 0.892108 0.177290
3 -0.149747 0.902227 0.183484
4 -0.119273 0.910230 0.180285
5 -0.090959 0.916245 0.167380
6 -0.065487 0.919558 0.144882
7 -0.051439 0.924349 0.117101
8 -0.046241 0.929793 0.087299
9 -0.045309 0.933516 0.056755
10 -0.046417 0.935827 0.026519
11 -0.048778 0.938322 -0.003755
12 -0.052736 0.940025 -0.033726
13 -0.058534 0.941358 -0.063053
14 -0.066549 0.942016 -0.092499
15 -0.084498 0.942712 -0.122230
16 -0.109364 0.942874 -0.142521
17 -0.139259 0.940818 -0.155705
18 -0.171712 0.933562 -0.160422
19 -0.204718 0.920021 -0.153566
20 -0.230284 0.904532 -0.137853
21 -0.249063 0.890771 -0.115894
22 -0.262408 0.878198 -0.090699
23 -0.273458 0.871754 -0.063226
24 -0.281434 0.866338 -0.034161
25 -0.285343 0.862460 -0.003349
26 -0.283522 0.859989 0.028366
27 -0.276217 0.859502 0.059158
28 -0.262158 0.861396 0.088889
29 -0.245407 0.864815 0.115458
Frame 456
0 -0.234715 0.870436 0.140195
1 -0.211752 0.881594 0.163517
2 -0.185480 0.892092 0.178430
3 -0.156349 0.902177 0.184777
4 -0.125836 0.910154 0.181733
5 -0.097439 0.916151 0.168969
6 -0.071840 0.919460 0.146595
7 -0.057635 0.924264 0.118877
8 -0.052280 0.929716 0.089098
9 -0.051191 0.933473 0.058562
10 -0.052150 0.935819 0.028323
11 -0.054362 0.938358 -0.001955
12 -0.058171 0.940114 -0.031935
13 -0.063815 0.941484 -0.061273
14 -0.071686 0.942200 -0.090767
15 -0.089507 0.942949 -0.120579
16 -0.114272 0.943186 -0.140973
17 -0.144089 0.941209 -0.154304
18 -0.176531 0.934003 -0.159192
19 -0.209594 0.920486 -0.152520
20 -0.235265 0.905012 -0.136950
21 -0.254176 0.891235 -0.115108
22 -0.267667 0.878638 -0.090001
23 -0.278866 0.872167 -0.062592
24 -0.287000 0.866728 -0.033573
25 -0.291053 0.862813 -0.002785
26 -0.289386 0.860299 0.028932
27 -0.282244 0.859763 0.059762
28 -0.268349 0.861599 0.089567
29 -0.251743 0.864958 0.116227
Frame 457
0 -0.241260 0.870533 0.141025
1 -0.218401 0.881640 0.164476
2 -0.192194 0.892112 0.179536
3 -0.163080 0.902180 0.186042
4 -0.132533 0.910147 0.183160
5 -0.104053 0.916140 0.170542
6 -0.078325 0.919452 0.148298
7 -0.063959 0.924269 0.120646
8 -0.058443 0.929726 0.090889
9 -0.057194 0.933505 0.060364
10 -0.057998 0.935878 0.030119
11 -0.060055 0.938452 -0.000162
12 -0.063707 0.940251 -0.030151
13 -0.069191 0.941644 -0.059502
14 -0.076911 0.942408 -0.089043
15 -0.094597 0.943188 -0.118942
16 -0.119256 0.943484 -0.139445
17 -0.148988 0.941564 -0.152927
18 -0.181412 0.934388 -0.157992
19 -0.214526 0.920880 -0.151508
20 -0.240299 0.905410 -0.136084
21 -0.259340 0.891613 -0.114360
22 -0.272974 0.878991 -0.089341
23 -0.284324 0.872496 -0.061998
24 -0.292623 0.867035 -0.033027
25 -0.296823 0.863089 -0.002265
26 -0.295318 0.860543 0.029453
27 -0.288345 0.859971 0.060323
28 -0.274619 0.861764 0.090204
29 -0.258165 0.865080 0.116958
Frame 458
0 -0.247668 0.870605 0.141797
1 -0.224918 0.881677 0.165375
2 -0.198782 0.892135 0.180578
3 -0.169690 0.902197 0.187240
4 -0.139113 0.910166 0.184516
5 -0.110556 0.916163 0.172044
6 -0.084704 0.919486 0.149930
7 -0.070179 0.924317 0.122347
8 -0.064506 0.929773 0.092611
9 -0.063099 0.933571 0.062095
10 -0.063750 0.935965 0.031847
11 -0.065654 0.938566 0.001563
12 -0.069151 0.940400 -0.028435
13 -0.074475 0.941810 -0.057800
14 -0.082046 0.942610 -0.087387
15 -0.099595 0.943411 -0.117370
16 -0.124149 0.943751 -0.137983
17 -0.153795 0.941871 -0.151614
18 -0.186197 0.934711 -0.156852
19 -0.219353 0.921201 -0.150554
20 -0.245222 0.905730 -0.135272
21 -0.264385 0.891911 -0.113664
22 -0.278156 0.879261 -0.088731
23 -0.289655 0.872740 -0.061452
24 -0.298114 0.867263 -0.032530
25 -0.302462 0.863289 -0.001793
26 -0.301115 0.860716 0.029927
27 -0.294310 0.860119 0.060833
28 -0.280752 0.861881 0.090788
29 -0.264450 0.865166 0.117633
Frame 459
0 -0.253708 0.870630 0.142492
1 -0.231063 0.881676 0.166189
2 -0.204997 0.892128 0.181525
3 -0.175929 0.902193 0.188333
4 -0.145330 0.910170 0.185758
5 -0.116702 0.916174 0.173424
6 -0.090735 0.919509 0.151434
7 -0.076062 0.924355 0.123917
8 -0.070243 0.929813 0.094201
9 -0.068689 0.933625 0.063696
10 -0.069195 0.936037 0.033444
11 -0.070956 0.938663 0.003157
12 -0.074307 0.940526 -0.026847
13 -0.079482 0.941951 -0.056226
14 -0.086910 0.942781 -0.085854
15 -0.104331 0.943596 -0.115916
16 -0.128784 0.943970 -0.136631
17 -0.158347 0.942118 -0.150401
18 -0.190725 0.934968 -0.155802
19 -0.223917 0.921449 -0.149678
20 -0.249871 0.905973 -0.134532
21 -0.269147 0.892128 -0.113032
22 -0.283045 0.879455 -0.088181
23 -0.294680 0.872909 -0.060964
24 -0.303290 0.867412 -0.032088
25 -0.307774 0.863414 -0.001375
26 -0.306578 0.860819 0.030347
27 -0.299930 0.860200 0.061287
28 -0.286532 0.861938 0.091310
29 -0.270372 0.865200 0.118239
Frame 460
0 -0.259149 0.870588 0.143092
1 -0.236598 0.881612 0.166892
2 -0.210595 0.892059 0.182347
3 -0.181552 0.902126 0.189284
4 -0.150932 0.910111 0.186843
5 -0.122243 0.916125 0.174633
6 -0.096176 0.919473 0.152753
7 -0.081374 0.924335 0.125294
8 -0.075427 0.929797 0.095599
9 -0.073742 0.933624 0.065103
10 -0.074123 0.936056 0.034849
11 -0.075757 0.938706 0.004560
12 -0.078980 0.940595 -0.025447
13 -0.084023 0.942034 -0.054841
14 -0.091327 0.942891 -0.084503
15 -0.108629 0.943718 -0.114632
16 -0.132995 0.944123 -0.135440
17 -0.162483 0.942295 -0.149329
18 -0.194835 0.935152 -0.154874
19 -0.228058 0.921625 -0.148905
20 -0.254083 0.906142 -0.133882
21 -0.273457 0.892274 -0.112481
22 -0.287466 0.879574 -0.087703
23 -0.299223 0.873003 -0.060539
24 -0.307964 0.867487 -0.031704
25 -0.312570 0.863464 -0.001014
26 -0.311507 0.860848 0.030709
27 -0.304996 0.860208 0.061680
28 -0.291741 0.861924 0.091759
29 -0.275709 0.865166 0.118761
Frame 461
0 -0.263831 0.870507 0.143589
1 -0.241355 0.881507 0.167475
2 -0.215402 0.891943 0.183029
3 -0.186379 0.902008 0.190074
4 -0.155744 0.909995 0.187744
5 -0.127005 0.916015 0.175635
6 -0.100854 0.919374 0.153847
7 -0.085949 0.924254 0.126439
8 -0.079895 0.929722 0.096762
9 -0.078104 0.933567 0.066275
10 -0.078380 0.936019 0.036021
11 -0.079911 0.938695 0.005732
12 -0.083027 0.940613 -0.024278
13 -0.087961 0.942069 -0.053682
14 -0.095163 0.942953 -0.083374
15 -0.112367 0.943799 -0.113554
16 -0.136660 0.944237 -0.134438
17 -0.166085 0.942433 -0.148425
18 -0.198416 0.935300 -0.154088
19 -0.231664 0.921771 -0.148252
20 -0.257746 0.906282 -0.133336
21 -0.277203 0.892393 -0.112018
22 -0.291307 0.879670 -0.087302
23 -0.303165 0.873075 -0.060183
24 -0.312015 0.867537 -0.031382
25 -0.316719 0.863490 -0.000709
26 -0.315766 0.860851 0.031013
27 -0.309370 0.860187 0.062008
28 -0.296232 0.861879 0.092134
29 -0.280306 0.865097 0.119194
Frame 462
0 -0.267858 0.870433 0.143999
1 -0.245439 0.881401 0.167957
2 -0.219526 0.891820 0.183592
3 -0.190516 0.901874 0.190726
4 -0.159866 0.909858 0.188488
5 -0.131086 0.915879 0.176464
6 -0.104868 0.919245 0.154751
7 -0.089876 0.924139 0.127387
8 -0.083733 0.929617 0.097726
9 -0.081855 0.933481 0.067247
10 -0.082045 0.935956 0.036994
11 -0.083491 0.938661 0.006705
12 -0.086520 0.940607 -0.023305
13 -0.091365 0.942083 -0.052718
14 -0.098481 0.942997 -0.082431
15 -0.115604 0.943866 -0.112653
16 -0.139836 0.944342 -0.133598
17 -0.169207 0.942567 -0.147665
18 -0.201522 0.935452 -0.153427
19 -0.234792 0.921928 -0.147704
20 -0.260923 0.906438 -0.132880
21 -0.280453 0.892532 -0.111635
22 -0.294638 0.879788 -0.086974
23 -0.306583 0.873171 -0.059892
24 -0.315523 0.867613 -0.031117
25 -0.320310 0.863541 -0.000457
26 -0.319448 0.860876 0.031265
27 -0.313146 0.860186 0.062279
28 -0.300104 0.861848 0.092442
29 -0.284266 0.865041 0.119551
Frame 463
0 -0.271390 0.870366 0.144337
1 -0.249018 0.881297 0.168357
2 -0.223135 0.891693 0.184063
3 -0.194134 0.901731 0.191275
4 -0.163471 0.909705 0.189114
5 -0.134654 0.915720 0.177164
6 -0.108376 0.919090 0.155515
7 -0.093311 0.923995 0.128190
8 -0.087091 0.929484 0.098545
9 -0.085137 0.933366 0.068073
10 -0.085255 0.935866 0.037822
11 -0.086627 0.938599 0.007534
12 -0.089579 0.940575 -0.022476
13 -0.094347 0.942073 -0.051896
14 -0.101392 0.943018 -0.081627
15 -0.118444 0.943917 -0.111882
16 -0.142622 0.944433 -0.132880
17 -0.171946 0.942692 -0.147014
18 -0.204245 0.935603 -0.152863
19 -0.237538 0.922090 -0.147240
20 -0.263714 0.906605 -0.132500
21 -0.283311 0.892687 -0.111321
22 -0.297571 0.879924 -0.086707
23 -0.309594 0.873287 -0.059655
24 -0.318612 0.867709 -0.030904
25 -0.323471 0.863614 -0.000254
26 -0.322687 0.860923 0.031466
27 -0.316466 0.860204 0.062497
28 -0.303507 0.861836 0.092694
29 -0.287744 0.864996 0.119843
Frame 464
0 -0.274591 0.870309 0.144620
1 -0.252257 0.881201 0.168697
2 -0.226400 0.891569 0.184468
3 -0.197405 0.901583 0.191750
4 -0.166727 0.909539 0.189662
5 -0.137876 0.915543 0.177780
6 -0.111544 0.918911 0.156191
7 -0.096410 0.923826 0.128902
8 -0.090119 0.929323 0.099272
9 -0.088094 0.933224 0.068808
10 -0.088143 0.935748 0.038558
11 -0.089448 0.938509 0.008272
12 -0.092329 0.940516 -0.021736
13 -0.097026 0.942035 -0.051166
14 -0.104004 0.943010 -0.080912
15 -0.120988 0.943943 -0.111194
16 -0.145115 0.944505 -0.132240
17 -0.174397 0.942803 -0.146437
18 -0.206682 0.935746 -0.152367
19 -0.239997 0.922252 -0.146838
20 -0.266217 0.906778 -0.132177
21 -0.285881 0.892851 -0.111059
22 -0.300215 0.880075 -0.086493
23 -0.312311 0.873420 -0.059470
24 -0.321405 0.867824 -0.030739
25 -0.326330 0.863706 -0.000097
26 -0.325620 0.860990 0.031622
27 -0.319473 0.860242 0.062669
28 -0.306591 0.861840 0.092896
29 -0.290895 0.864966 0.120083
Frame 465
0 -0.277621 0.870267 0.144861
1 -0.255324 0.881114 0.168997
2 -0.229491 0.891449 0.184831
3 -0.200501 0.901435 0.192184
4 -0.169808 0.909367 0.190170
5 -0.140922 0.915354 0.178355
6 -0.114534 0.918711 0.156826
7 -0.099331 0.923633 0.129576
8 -0.092966 0.929137 0.099961
9 -0.090867 0.933054 0.069505
10 -0.090848 0.935600 0.039259
11 -0.092083 0.938389 0.008973
12 -0.094892 0.940424 -0.021035
13 -0.099518 0.941967 -0.050473
14 -0.106428 0.942972 -0.080235
15 -0.123341 0.943941 -0.110544
16 -0.147417 0.944552 -0.131638
17 -0.176653 0.942894 -0.145898
18 -0.208927 0.935876 -0.151909
19 -0.242266 0.922408 -0.146475
20 -0.268534 0.906952 -0.131894
21 -0.288267 0.893022 -0.110839
22 -0.302678 0.880235 -0.086320
23 -0.314850 0.873566 -0.059325
24 -0.324022 0.867955 -0.030617
25 -0.329016 0.863815 0.000018
26 -0.328380 0.861075 0.031737
27 -0.322310 0.860299 0.062799
28 -0.309504 0.861861 0.093057
29 -0.293876 0.864952 0.120282
Frame 466
0 -0.280642 0.870242 0.145076
1 -0.258385 0.881040 0.169273
2 -0.232578 0.891339 0.185178
3 -0.203594 0.901291 0.192608
4 -0.172883 0.909193 0.190674
5 -0.143958 0.915155 0.178935
6 -0.117508 0.918496 0.157472
7 -0.102229 0.923417 0.130264
8 -0.095781 0.928925 0.100667
9 -0.093601 0.932855 0.070217
10 -0.093504 0.935423 0.039974
11 -0.094663 0.938237 0.009690
12 -0.097391 0.940299 -0.020320
13 -0.101937 0.941863 -0.049769
14 -0.108771 0.942896 -0.079547
15 -0.125605 0.943905 -0.109883
16 -0.149624 0.944568 -0.131032
17 -0.178813 0.942960 -0.145360
18 -0.211072 0.935987 -0.151460
19 -0.244441 0.922555 -0.146128
20 -0.270761 0.907122 -0.131634
21 -0.290572 0.893195 -0.110647
22 -0.305069 0.880400 -0.086179
23 -0.317327 0.873720 -0.059215
24 -0.326585 0.868097 -0.030531
25 -0.331656 0.863939 0.000094
26 -0.331104 0.861179 0.031814
27 -0.325117 0.860374 0.062893
28 -0.312397 0.861902 0.093184
29 -0.296844 0.864957 0.120451
Frame 467
0 -0.283814 0.870236 0.145280
1 -0.261607 0.880984 0.169547
2 -0.235832 0.891243 0.185532
3 -0.206854 0.901156 0.193053
4 -0.176123 0.909023 0.191213
5 -0.147152 0.914952 0.179561
6 -0.120632 0.918269 0.158177
7 -0.105261 0.923183 0.131017
8 -0.098715 0.928689 0.101443
9 -0.096437 0.932628 0.071000
10 -0.096249 0.935213 0.040760
11 -0.097316 0.938049 0.010475
12 -0.099949 0.940136 -0.019537
13 -0.104402 0.941720 -0.048998
14 -0.111147 0.942780 -0.078796
15 -0.127886 0.943828 -0.109164
16 -0.151836 0.944548 -0.130377
17 -0.180970 0.942993 -0.144789
18 -0.213214 0.936072 -0.150990
19 -0.246615 0.922684 -0.145775
20 -0.272999 0.907285 -0.131378
21 -0.292900 0.893364 -0.110468
22 -0.307497 0.880567 -0.086057
23 -0.319854 0.873880 -0.059132
24 -0.329215 0.868249 -0.030477
25 -0.334378 0.864077 0.000137
26 -0.333924 0.861299 0.031855
27 -0.328038 0.860468 0.062955
28 -0.315417 0.861962 0.093285
29 -0.299952 0.864981 0.120602
Frame 468
0 -0.287299 0.870254 0.145485
1 -0.265156 0.880948 0.169837
2 -0.239422 0.891163 0.185918
3 -0.210454 0.901035 0.193549
4 -0.179701 0.908859 0.191822
5 -0.150674 0.914749 0.180279
6 -0.124065 0.918033 0.158991
7 -0.108584 0.922934 0.131890
8 -0.101919 0.928432 0.102341
9 -0.099521 0.932374 0.071906
10 -0.099220 0.934973 0.041670
11 -0.100173 0.937828 0.011383
12 -0.102691 0.939934 -0.018632
13 -0.107029 0.941536 -0.048111
14 -0.113664 0.942618 -0.077931
15 -0.130285 0.943704 -0.108341
16 -0.154154 0.944487 -0.129633
17 -0.183222 0.942991 -0.144144
18 -0.215446 0.936130 -0.150467
19 -0.248886 0.922792 -0.145391
20 -0.275345 0.907434 -0.131108
21 -0.295355 0.893525 -0.110288
22 -0.310070 0.880730 -0.085944
23 -0.322547 0.874041 -0.059068
24 -0.332032 0.868407 -0.030451
25 -0.337308 0.864226 0.000147
26 -0.336978 0.861434 0.031867
27 -0.331212 0.860581 0.062990
28 -0.318713 0.862042 0.093367
29 -0.303358 0.865025 0.120743
Frame 469
0 -0.291256 0.870296 0.145706
1 -0.269198 0.880937 0.170159
2 -0.243519 0.891107 0.186359
3 -0.214566 0.900933 0.194124
4 -0.183786 0.908710 0.192538
5 -0.154692 0.914552 0.181129
6 -0.127974 0.917792 0.159961
7 -0.112357 0.922672 0.132932
8 -0.105544 0.928153 0.103414
9 -0.102995 0.932093 0.072988
10 -0.102555 0.934701 0.042758
11 -0.103367 0.937569 0.012468
12 -0.105740 0.939692 -0.017553
13 -0.109936 0.941305 -0.047053
14 -0.116434 0.942405 -0.076902
15 -0.132908 0.943529 -0.107362
16 -0.156676 0.944378 -0.128754
17 -0.185663 0.942944 -0.143389
18 -0.217862 0.936150 -0.149861
19 -0.251350 0.922873 -0.144951
20 -0.277900 0.907565 -0.130803
21 -0.298038 0.893674 -0.110092
22 -0.312897 0.880886 -0.085830
23 -0.325520 0.874199 -0.059014
24 -0.335157 0.868567 -0.030447
25 -0.340574 0.864382 0.000131
26 -0.340396 0.861583 0.031852
27 -0.334781 0.860711 0.063004
28 -0.322435 0.862144 0.093438
29 -0.307215 0.865094 0.120886
Frame 470
0 -0.295847 0.870369 0.145954
1 -0.273900 0.880953 0.170529
2 -0.248291 0.891079 0.186878
3 -0.219360 0.900856 0.194807
4 -0.188551 0.908579 0.193396
5 -0.159374 0.914364 0.182152
6 -0.132523 0.917552 0.161134
7 -0.116737 0.922400 0.134196
8 -0.109740 0.927854 0.104717
9 -0.107006 0.931784 0.074301
10 -0.106390 0.934394 0.044077
11 -0.107027 0.937269 0.013784
12 -0.109223 0.939402 -0.016246
13 -0.113242 0.941025 -0.045771
14 -0.119567 0.942137 -0.075655
15 -0.135860 0.943296 -0.106180
16 -0.159503 0.944214 -0.127694
17 -0.188391 0.942846 -0.142484
18 -0.220559 0.936128 -0.149138
19 -0.254100 0.922918 -0.144430
20 -0.280760 0.907672 -0.130444
21 -0.301053 0.893804 -0.109864
22 -0.316085 0.881030 -0.085701
23 -0.328885 0.874349 -0.058963
24 -0.338710 0.868726 -0.030459
25 -0.344301 0.864543 0.000091
26 -0.344313 0.861744 0.031813
27 -0.338886 0.860860 0.062998
28 -0.326728 0.862268 0.093503
29 -0.311678 0.865187 0.121039
Frame 471
0 -0.301153 0.870437 0.146235
1 -0.279346 0.880967 0.170956
2 -0.253831 0.891047 0.187480
3 -0.224933 0.900775 0.195611
4 -0.194090 0.908441 0.194412
5 -0.164818 0.914162 0.183372
6 -0.137804 0.917288 0.162537
7 -0.121816 0.922098 0.135708
8 -0.114597 0.927516 0.106277
9 -0.111636 0.931428 0.075874
10 -0.110808 0.934033 0.045659
11 -0.111229 0.936911 0.015361
12 -0.113210 0.939045 -0.014679
13 -0.117014 0.940672 -0.044234
14 -0.123129 0.941790 -0.074160
15 -0.139194 0.942975 -0.104764
16 -0.162684 0.943963 -0.126430
17 -0.191448 0.942665 -0.141406
18 -0.223574 0.936029 -0.148277
19 -0.257174 0.922896 -0.143809
20 -0.283960 0.907723 -0.130017
21 -0.304437 0.893884 -0.109593
22 -0.319674 0.881129 -0.085549
23 -0.332687 0.874458 -0.058908
24 -0.342740 0.868844 -0.030485
25 -0.348547 0.864667 0.000028
26 -0.348792 0.861875 0.031751
27 -0.343592 0.860985 0.062974
28 -0.331667 0.862375 0.093563
29 -0.316826 0.865269 0.121206
Frame 472
0 -0.306978 0.870465 0.146536
1 -0.285340 0.880942 0.171418
2 -0.259938 0.890983 0.188142
3 -0.231083 0.900666 0.196502
4 -0.200210 0.908274 0.195548
5 -0.170831 0.913929 0.184740
6 -0.143636 0.916990 0.164116
7 -0.127419 0.921755 0.137415
8 -0.119949 0.927129 0.108039
9 -0.116729 0.931015 0.077651
10 -0.115659 0.933610 0.047448
11 -0.115835 0.936483 0.017143
12 -0.117571 0.938611 -0.012908
13 -0.121128 0.940235 -0.042495
14 -0.127000 0.941348 -0.072468
15 -0.142796 0.942549 -0.103157
16 -0.166109 0.943599 -0.125002
17 -0.194724 0.942366 -0.140188
18 -0.226796 0.935819 -0.147303
19 -0.260459 0.922771 -0.143104
20 -0.287376 0.907685 -0.129529
21 -0.308057 0.893879 -0.109282
22 -0.323526 0.881145 -0.085373
23 -0.336782 0.874481 -0.058847
24 -0.347096 0.868874 -0.030521
25 -0.353153 0.864703 -0.000054
26 -0.353666 0.861927 0.031670
27 -0.348727 0.861037 0.062936
28 -0.337068 0.862419 0.093617
29 -0.322467 0.865298 0.121379
Frame 473
0 -0.313067 0.870447 0.146847
1 -0.291618 0.880882 0.171899
2 -0.266345 0.890892 0.188836
3 -0.237544 0.900537 0.197443
4 -0.206643 0.908092 0.196750
5 -0.177154 0.913681 0.186197
6 -0.149766 0.916675 0.165803
7 -0.133308 0.921392 0.139240
8 -0.125568 0.926717 0.109927
9 -0.122071 0.930569 0.079554
10 -0.120740 0.933145 0.049365
11 -0.120650 0.936006 0.019055
12 -0.122123 0.938117 -0.011007
13 -0.125412 0.939730 -0.040627
14 -0.131022 0.940829 -0.070648
15 -0.146519 0.942030 -0.101428
16 -0.169638 0.943131 -0.123468
17 -0.198086 0.941957 -0.138875
18 -0.230095 0.935494 -0.146250
19 -0.263818 0.922536 -0.142337
20 -0.290869 0.907541 -0.128995
21 -0.311764 0.893770 -0.108938
22 -0.327477 0.881062 -0.085173
23 -0.340994 0.874404 -0.058776
24 -0.351591 0.868803 -0.030559
25 -0.357919 0.864641 -0.000145
26 -0.358726 0.861889 0.031581
27 -0.354066 0.861010 0.062889
28 -0.342695 0.862396 0.093668
29 -0.328355 0.865271 0.121556
Frame 474
0 -0.319165 0.870384 0.147159
1 -0.297919 0.880789 0.172381
2 -0.272786 0.890778 0.189534
3 -0.244047 0.900394 0.198395
4 -0.213125 0.907905 0.197973
5 -0.183527 0.913431 0.187682
6 -0.155945 0.916360 0.167526
7 -0.139243 0.921026 0.141109
8 -0.131226 0.926297 0.111864
9 -0.127444 0.930108 0.081507
10 -0.125843 0.932657 0.051337
11 -0.125478 0.935496 0.021020
12 -0.126681 0.937580 -0.009052
13 -0.129694 0.939174 -0.038703
14 -0.135032 0.940248 -0.068773
15 -0.150214 0.941432 -0.099643
16 -0.173130 0.942569 -0.121885
17 -0.201402 0.941440 -0.137518
18 -0.233340 0.935055 -0.145158
19 -0.267118 0.922181 -0.141534
20 -0.294295 0.907278 -0.128428
21 -0.315407 0.893545 -0.108565
22 -0.331367 0.880865 -0.084950
23 -0.345152 0.874215 -0.058688
24 -0.356040 0.868619 -0.030590
25 -0.362651 0.864472 -0.000235
26 -0.363761 0.861753 0.031492
27 -0.359387 0.860896 0.062841
28 -0.348314 0.862299 0.093717
29 -0.334245 0.865184 0.121732
Frame 475
0 -0.325018 0.870271 0.147466
1 -0.303983 0.880664 0.172849
2 -0.278994 0.890646 0.190214
3 -0.250324 0.900246 0.199324
4 -0.219388 0.907723 0.199170
5 -0.189689 0.913195 0.189139
6 -0.161920 0.916062 0.169220
7 -0.144981 0.920677 0.142951
8 -0.136693 0.925889 0.113773
9 -0.132630 0.929654 0.083434
10 -0.130762 0.932166 0.053282
11 -0.130126 0.934975 0.022961
12 -0.131060 0.937019 -0.007119
13 -0.133801 0.938583 -0.036799
14 -0.138867 0.939620 -0.066915
15 -0.153733 0.940768 -0.097873
16 -0.176446 0.941922 -0.120315
17 -0.204539 0.940821 -0.136169
18 -0.236402 0.934501 -0.144066
19 -0.270225 0.921700 -0.140725
20 -0.297519 0.906887 -0.127848
21 -0.318839 0.893188 -0.108174
22 -0.335036 0.880538 -0.084706
23 -0.349084 0.873899 -0.058582
24 -0.360260 0.868311 -0.030606
25 -0.367153 0.864184 -0.000314
26 -0.368563 0.861508 0.031412
27 -0.364473 0.860686 0.062800
28 -0.353691 0.862121 0.093770
29 -0.339891 0.865034 0.121908
Frame 476
0 -0.330374 0.870107 0.147761
1 -0.309547 0.880506 0.173292
2 -0.284703 0.890500 0.190853
3 -0.256108 0.900099 0.200197
4 -0.225166 0.907555 0.200295
5 -0.195378 0.912985 0.190511
6 -0.167435 0.915797 0.170820
7 -0.150278 0.920361 0.144692
8 -0.141737 0.925516 0.115580
9 -0.137409 0.929227 0.085258
10 -0.135287 0.931694 0.055125
11 -0.134392 0.934458 0.024799
12 -0.135073 0.936451 -0.005287
13 -0.137556 0.937973 -0.034990
14 -0.142363 0.938959 -0.065150
15 -0.156924 0.940052 -0.096189
16 -0.179442 0.941199 -0.118821
17 -0.207361 0.940107 -0.134883
18 -0.239147 0.933831 -0.143022
19 -0.273006 0.921088 -0.139941
20 -0.300401 0.906353 -0.127275
21 -0.321910 0.892688 -0.107778
22 -0.338327 0.880070 -0.084445
23 -0.352621 0.873443 -0.058455
24 -0.364071 0.867867 -0.030600
25 -0.371231 0.863768 -0.000372
26 -0.372927 0.861145 0.031351
27 -0.369103 0.860370 0.062774
28 -0.358595 0.861858 0.093833
29 -0.345047 0.864815 0.122084
Frame 477
0 -0.335058 0.869887 0.148038
1 -0.314433 0.880318 0.173697
2 -0.289731 0.890343 0.191436
3 -0.261210 0.899961 0.200991
4 -0.230270 0.907414 0.201319
5 -0.200405 0.912812 0.191763
6 -0.172305 0.915581 0.172279
7 -0.154952 0.920092 0.146281
8 -0.146179 0.925187 0.117226
9 -0.141612 0.928839 0.086918
10 -0.139257 0.931250 0.056805
11 -0.138128 0.933962 0.026476
12 -0.138577 0.935892 -0.003616
13 -0.140825 0.937357 -0.033337
14 -0.145393 0.938283 -0.063537
15 -0.159672 0.939299 -0.094651
16 -0.182010 0.940412 -0.117456
17 -0.209767 0.939306 -0.133706
18 -0.241476 0.933052 -0.142059
19 -0.275357 0.920346 -0.139210
20 -0.302835 0.905680 -0.126731
21 -0.324510 0.892041 -0.107389
22 -0.341120 0.879454 -0.084177
23 -0.355638 0.872843 -0.058311
24 -0.367336 0.867284 -0.030570
25 -0.374741 0.863221 -0.000404
26 -0.376698 0.860662 0.031316
27 -0.373117 0.859948 0.062768
28 -0.362858 0.861504 0.093903
29 -0.349544 0.864525 0.122253
Frame 478
0 -0.339123 0.869619 0.148297
1 -0.318692 0.880098 0.174066
2 -0.294126 0.890170 0.191964
3 -0.265679 0.899822 0.201713
4 -0.234743 0.907284 0.202251
5 -0.204807 0.912663 0.192899
6 -0.176564 0.915395 0.173603
7 -0.159034 0.919855 0.147719
8 -0.150053 0.924887 0.118712
9 -0.145271 0.928477 0.088413
10 -0.142708 0.930824 0.058318
11 -0.141367 0.933475 0.027987
12 -0.141608 0.935337 -0.002111
13 -0.143648 0.936733 -0.031846
14 -0.147999 0.937591 -0.062081
15 -0.162020 0.938510 -0.093260
16 -0.184194 0.939575 -0.116221
17 -0.211800 0.938439 -0.132636
18 -0.243436 0.932188 -0.141178
19 -0.277331 0.919503 -0.138532
20 -0.304869 0.904896 -0.126215
21 -0.326689 0.891280 -0.107010
22 -0.343470 0.878723 -0.083902
23 -0.358187 0.872128 -0.058149
24 -0.370110 0.866588 -0.030514
25 -0.377735 0.862566 -0.000404
26 -0.379925 0.860076 0.031312
27 -0.376563 0.859434 0.062788
28 -0.366532 0.861071 0.093984
29 -0.353435 0.864170 0.122419
Frame 479
0 -0.342664 0.869302 0.148550
1 -0.322412 0.879838 0.174413
2 -0.297975 0.889967 0.192452
3 -0.269598 0.899662 0.202372
4 -0.238666 0.907141 0.203098
5 -0.208669 0.912507 0.193930
6 -0.180298 0.915208 0.174799
7 -0.162609 0.919619 0.149016
8 -0.153445 0.924588 0.120048
9 -0.148472 0.928113 0.089754
10 -0.145724 0.930395 0.059677
11 -0.144195 0.932982 0.029344
12 -0.144251 0.934771 -0.000759
13 -0.146110 0.936095 -0.030505
14 -0.150267 0.936879 -0.060772
15 -0.164054 0.937696 -0.092005
16 -0.186081 0.938699 -0.115104
17 -0.213549 0.937525 -0.131662
18 -0.245115 0.931265 -0.140368
19 -0.279017 0.918593 -0.137897
20 -0.306599 0.904036 -0.125720
21 -0.328544 0.890439 -0.106631
22 -0.345473 0.877911 -0.083615
23 -0.360367 0.871334 -0.057962
24 -0.372492 0.865813 -0.030422
25 -0.380314 0.861835 -0.000363
26 -0.382711 0.859416 0.031347
27 -0.379542 0.858848 0.062842
28 -0.369715 0.860573 0.094088
29 -0.356816 0.863757 0.122592
Frame 480
0 -0.345773 0.868938 0.148808
1 -0.325685 0.879533 0.174749
2 -0.301364 0.889721 0.192911
3 -0.273050 0.899461 0.202982
4 -0.242124 0.906960 0.203872
5 -0.212072 0.912319 0.194864
6 -0.183588 0.914990 0.175878
7 -0.165763 0.919356 0.150181
8 -0.156438 0.924263 0.121245
9 -0.151300 0.927726 0.090952
10 -0.148392 0.929944 0.060892
11 -0.146699 0.932467 0.030559
12 -0.146595 0.934187 0.000452
13 -0.148294 0.935435 -0.029303
14 -0.152283 0.936148 -0.059599
15 -0.165862 0.936861 -0.090874
16 -0.187758 0.937797 -0.114093
17 -0.215103 0.936581 -0.130772
18 -0.246605 0.930311 -0.139616
19 -0.280508 0.917646 -0.137291
20 -0.308120 0.903136 -0.125233
21 -0.330174 0.889558 -0.106243
22 -0.347231 0.877057 -0.083305
23 -0.362280 0.870496 -0.057743
24 -0.374583 0.864992 -0.030289
25 -0.382577 0.861057 -0.000276
26 -0.385155 0.858707 0.031429
27 -0.382155 0.858213 0.062938
28 -0.372507 0.860024 0.094223
29 -0.359784 0.863296 0.122785
Frame 481
0 -0.348544 0.868532 0.149085
1 -0.328598 0.879178 0.175089
2 -0.304378 0.889421 0.193353
3 -0.276120 0.899202 0.203553
4 -0.245200 0.906719 0.204583
5 -0.215101 0.912067 0.195713
6 -0.186521 0.914714 0.176848
7 -0.168580 0.919034 0.151223
8 -0.159119 0.923887 0.122314
9 -0.153838 0.927292 0.092020
10 -0.150795 0.929449 0.061976
11 -0.148964 0.931915 0.031641
12 -0.148724 0.933569 0.001531
13 -0.150289 0.934747 -0.028231
14 -0.154134 0.935393 -0.058550
15 -0.167529 0.936007 -0.089856
16 -0.189314 0.936881 -0.113177
17 -0.216550 0.935629 -0.129955
18 -0.247996 0.929351 -0.138911
19 -0.281898 0.916695 -0.136707
20 -0.309527 0.902232 -0.124746
21 -0.331674 0.888671 -0.105840
22 -0.348841 0.876195 -0.082966
23 -0.364026 0.869648 -0.057482
24 -0.376482 0.864157 -0.030107
25 -0.384626 0.860261 -0.000134
26 -0.387359 0.857976 0.031567
27 -0.384501 0.857550 0.063086
28 -0.375006 0.859442 0.094400
29 -0.362436 0.862795 0.123006
Frame 482
0 -0.351070 0.868085 0.149390
1 -0.331242 0.878768 0.175442
2 -0.307105 0.889054 0.193791
3 -0.278891 0.898867 0.204097
4 -0.247975 0.906394 0.205242
5 -0.217838 0.911728 0.196484
6 -0.189179 0.914348 0.177720
7 -0.171145 0.918627 0.152154
8 -0.161571 0.923431 0.123267
9 -0.156174 0.926787 0.092970
10 -0.153020 0.928892 0.062941
11 -0.151075 0.931308 0.032604
12 -0.150724 0.932904 0.002493
13 -0.152179 0.934023 -0.027276
14 -0.155908 0.934614 -0.057615
15 -0.169144 0.935141 -0.088939
16 -0.190836 0.935964 -0.112343
17 -0.217980 0.934686 -0.129196
18 -0.249377 0.928408 -0.138239
19 -0.283279 0.915770 -0.136130
20 -0.310915 0.901357 -0.124248
21 -0.333142 0.887813 -0.105411
22 -0.350404 0.875362 -0.082593
23 -0.365703 0.868825 -0.057175
24 -0.378292 0.863342 -0.029869
25 -0.386560 0.859480 0.000070
26 -0.389424 0.857250 0.031770
27 -0.386681 0.856882 0.063295
28 -0.377311 0.858843 0.094630
29 -0.364868 0.862265 0.123269
Frame 483
0 -0.353445 0.867600 0.149738
1 -0.333704 0.878299 0.175824
2 -0.309629 0.888609 0.194236
3 -0.281447 0.898437 0.204626
4 -0.250534 0.905961 0.205860
5 -0.220366 0.911272 0.197190
6 -0.191646 0.913863 0.178501
7 -0.173543 0.918105 0.152984
8 -0.163880 0.922870 0.124115
9 -0.158392 0.926189 0.093813
10 -0.155153 0.928254 0.063797
11 -0.153118 0.930631 0.033459
12 -0.152683 0.932181 0.003348
13 -0.154051 0.933256 -0.026426
14 -0.157690 0.933804 -0.056780
15 -0.170794 0.934265 -0.088110
16 -0.192411 0.935053 -0.111578
17 -0.219480 0.933769 -0.128485
18 -0.250839 0.927512 -0.137590
19 -0.284745 0.914904 -0.135551
20 -0.312379 0.900544 -0.123729
21 -0.334676 0.887021 -0.104947
22 -0.352017 0.874592 -0.082175
23 -0.367411 0.868063 -0.056814
24 -0.380111 0.862580 -0.029569
25 -0.388482 0.858742 0.000342
26 -0.391450 0.856556 0.032043
27 -0.388793 0.856231 0.063572
28 -0.379520 0.858243 0.094921
29 -0.367176 0.861714 0.123585
Frame 484
0 -0.355761 0.867083 0.150141
1 -0.336075 0.877766 0.176244
2 -0.312036 0.888076 0.194703
3 -0.283872 0.897894 0.205150
4 -0.252957 0.905396 0.206447
5 -0.222768 0.910673 0.197840
6 -0.194006 0.913230 0.179203
7 -0.175858 0.917439 0.153723
8 -0.166133 0.922177 0.124871
9 -0.160577 0.925472 0.094562
10 -0.157280 0.927513 0.064559
11 -0.155181 0.929867 0.034218
12 -0.154688 0.931387 0.004108
13 -0.155992 0.932440 -0.025670
14 -0.159569 0.932962 -0.056036
15 -0.172568 0.933384 -0.087357
16 -0.194129 0.934166 -0.110870
17 -0.221142 0.932896 -0.127806
18 -0.252473 0.926684 -0.136949
19 -0.286387 0.914126 -0.134956
20 -0.314015 0.899830 -0.123178
21 -0.336371 0.886332 -0.104440
22 -0.353779 0.873923 -0.081705
23 -0.369251 0.867395 -0.056391
24 -0.382038 0.861903 -0.029199
25 -0.390489 0.858079 0.000692
26 -0.393537 0.855921 0.032396
27 -0.390938 0.855618 0.063925
28 -0.381732 0.857658 0.095284
29 -0.369459 0.861155 0.123964
Frame 485
0 -0.358127 0.866560 0.150575
1 -0.338470 0.877207 0.176688
2 -0.314451 0.887499 0.195176
3 -0.286293 0.897292 0.205665
4 -0.255376 0.904756 0.207006
5 -0.225172 0.909989 0.198443
6 -0.196381 0.912504 0.179841
7 -0.178205 0.916681 0.154389
8 -0.168436 0.921398 0.125553
9 -0.162829 0.924675 0.095237
10 -0.159491 0.926699 0.065245
11 -0.157345 0.929039 0.034902
12 -0.156809 0.930538 0.004795
13 -0.158062 0.931578 -0.024990
14 -0.161599 0.932082 -0.055364
15 -0.174509 0.932484 -0.086661
16 -0.196025 0.933276 -0.110208
17 -0.222993 0.932035 -0.127159
18 -0.254303 0.925887 -0.136322
19 -0.288227 0.913394 -0.134361
20 -0.315841 0.899170 -0.122618
21 -0.338254 0.885703 -0.103917
22 -0.355723 0.873317 -0.081216
23 -0.371264 0.866791 -0.055938
24 -0.384126 0.861287 -0.028790
25 -0.392643 0.857472 0.001088
26 -0.395754 0.855335 0.032798
27 -0.393194 0.855042 0.064328
28 -0.384036 0.857098 0.095692
29 -0.371814 0.860605 0.124383
Frame 486
0 -0.360552 0.866043 0.151013
1 -0.340913 0.876651 0.177128
2 -0.316906 0.886922 0.195638
3 -0.288750 0.896685 0.206157
4 -0.257831 0.904107 0.207531
5 -0.227615 0.909291 0.199004
6 -0.198803 0.911761 0.180429
7 -0.180610 0.915902 0.155001
8 -0.170803 0.920598 0.126180
9 -0.165150 0.923853 0.095855
10 -0.161780 0.925857 0.065874
11 -0.159595 0.928183 0.035530
12 -0.159023 0.929660 0.005424
13 -0.160231 0.930687 -0.024371
14 -0.163738 0.931168 -0.054750
15 -0.176562 0.931550 -0.086012
16 -0.198037 0.932357 -0.109587
17 -0.224966 0.931145 -0.126546
18 -0.256251 0.925063 -0.135722
19 -0.290185 0.912641 -0.133789
20 -0.317775 0.898495 -0.122078
21 -0.340246 0.885066 -0.103411
22 -0.357778 0.872706 -0.080740
23 -0.373387 0.866188 -0.055491
24 -0.386320 0.860672 -0.028377
25 -0.394897 0.856870 0.001497
26 -0.398063 0.854755 0.033214
27 -0.395536 0.854476 0.064745
28 -0.386417 0.856545 0.096112
29 -0.374237 0.860065 0.124810
Frame 487
0 -0.362977 0.865518 0.151451
1 -0.343348 0.876084 0.177566
2 -0.319348 0.886332 0.196090
3 -0.291193 0.896063 0.206632
4 -0.260272 0.903442 0.208030
5 -0.230049 0.908575 0.199529
6 -0.201221 0.911000 0.180974
7 -0.183020 0.915106 0.155567
8 -0.173182 0.919778 0.126759
9 -0.167489 0.923014 0.096424
10 -0.164095 0.924998 0.066453
11 -0.161878 0.927309 0.036106
12 -0.161278 0.928763 0.006003
13 -0.162443 0.929777 -0.023805
14 -0.165929 0.930231 -0.054185
15 -0.178674 0.930592 -0.085402
16 -0.200110 0.931418 -0.109002
17 -0.227001 0.930230 -0.125963
18 -0.258261 0.924218 -0.135146
19 -0.292202 0.911865 -0.133235
20 -0.319759 0.897798 -0.121553
21 -0.342286 0.884410 -0.102919
22 -0.359880 0.872081 -0.080276
23 -0.375558 0.865571 -0.055049
24 -0.388555 0.860043 -0.027965
25 -0.397190 0.856257 0.001912
26 -0.400404 0.854166 0.033640
27 -0.397901 0.853901 0.065170
28 -0.388813 0.855985 0.096539
29 -0.376668 0.859514 0.125242
Frame 488
0 -0.365348 0.864967 0.151889
1 -0.345723 0.875491 0.178000
2 -0.321727 0.885716 0.196533
3 -0.293572 0.895415 0.207089
4 -0.262650 0.902753 0.208505
5 -0.232424 0.907838 0.200024
6 -0.203585 0.910221 0.181482
7 -0.185383 0.914294 0.156094
8 -0.175522 0.918947 0.127296
9 -0.169796 0.922163 0.096951
10 -0.166383 0.924127 0.066989
11 -0.164142 0.926425 0.036640
12 -0.163517 0.927856 0.006540
13 -0.164646 0.928855 -0.023281
14 -0.168118 0.929282 -0.053662
15 -0.180787 0.929620 -0.084829
16 -0.202186 0.930462 -0.108448
17 -0.229040 0.929296 -0.125406
18 -0.260273 0.923350 -0.134591
19 -0.294217 0.911065 -0.132697
20 -0.321736 0.897074 -0.121044
21 -0.344316 0.883727 -0.102439
22 -0.361969 0.871428 -0.079821
23 -0.377713 0.864927 -0.054613
24 -0.390770 0.859386 -0.027552
25 -0.399458 0.855617 0.002330
26 -0.402715 0.853549 0.034070
27 -0.400230 0.853296 0.065601
28 -0.391167 0.855397 0.096972
29 -0.379051 0.858937 0.125676
Frame 489
0 -0.367607 0.864372 0.152326
1 -0.347982 0.874855 0.178431
2 -0.323988 0.885060 0.196968
3 -0.295835 0.894732 0.207534
4 -0.264916 0.902034 0.208962
5 -0.234689 0.907078 0.200495
6 -0.205845 0.909424 0.181961
7 -0.187648 0.913470 0.156589
8 -0.177770 0.918108 0.127800
9 -0.172017 0.921307 0.097443
10 -0.168591 0.923253 0.067490
11 -0.166330 0.925538 0.037138
12 -0.165688 0.926947 0.007041
13 -0.166785 0.927933 -0.022791
14 -0.170248 0.928333 -0.053172
15 -0.182845 0.928644 -0.084287
16 -0.204211 0.929499 -0.107919
17 -0.231028 0.928349 -0.124871
18 -0.262232 0.922463 -0.134053
19 -0.296174 0.910239 -0.132174
20 -0.323648 0.896320 -0.120546
21 -0.346276 0.883009 -0.101970
22 -0.363982 0.870737 -0.079376
23 -0.379791 0.864243 -0.054182
24 -0.392903 0.858687 -0.027143
25 -0.401641 0.854931 0.002747
26 -0.404936 0.852885 0.034501
27 -0.402462 0.852647 0.066033
28 -0.393417 0.854765 0.097405
29 -0.381326 0.858316 0.126110
Frame 490
0 -0.369697 0.863718 0.152761
1 -0.350072 0.874161 0.178858
2 -0.326082 0.884350 0.197398
3 -0.297933 0.894002 0.207970
4 -0.267019 0.901277 0.209405
5 -0.236796 0.906289 0.200948
6 -0.207950 0.908610 0.182417
7 -0.189764 0.912636 0.157060
8 -0.179873 0.917266 0.128277
9 -0.174101 0.920452 0.097909
10 -0.170665 0.922382 0.067963
11 -0.168390 0.924658 0.037607
12 -0.167734 0.926044 0.007515
13 -0.168806 0.927019 -0.022326
14 -0.172261 0.927395 -0.052707
15 -0.184792 0.927674 -0.083771
16 -0.206124 0.928535 -0.107413
17 -0.232904 0.927393 -0.124354
18 -0.264076 0.921557 -0.133530
19 -0.298012 0.909383 -0.131663
20 -0.325436 0.895528 -0.120058
21 -0.348107 0.882246 -0.101507
22 -0.365860 0.869997 -0.078936
23 -0.381727 0.863506 -0.053758
24 -0.394891 0.857929 -0.026737
25 -0.403677 0.854184 0.003159
26 -0.407005 0.852157 0.034927
27 -0.404537 0.851932 0.066462
28 -0.395506 0.854069 0.097835
29 -0.383436 0.857633 0.126542
Frame 491
0 -0.371560 0.862987 0.153192
1 -0.351940 0.873395 0.179282
2 -0.327956 0.883576 0.197822
3 -0.299815 0.893216 0.208399
4 -0.268910 0.900473 0.209839
5 -0.238694 0.905468 0.201387
6 -0.209851 0.907778 0.182859
7 -0.191679 0.911794 0.157514
8 -0.181780 0.916424 0.128734
9 -0.175996 0.919602 0.098356
10 -0.172553 0.921523 0.068416
11 -0.170266 0.923792 0.038055
12 -0.169602 0.925158 0.007969
13 -0.170655 0.926123 -0.021878
14 -0.174103 0.926481 -0.052260
15 -0.186571 0.926719 -0.083278
16 -0.207872 0.927576 -0.106924
17 -0.234610 0.926435 -0.123852
18 -0.265747 0.920636 -0.133020
19 -0.299671 0.908498 -0.131163
20 -0.327044 0.894694 -0.119578
21 -0.349748 0.881431 -0.101052
22 -0.367539 0.869198 -0.078502
23 -0.383460 0.862700 -0.053338
24 -0.396674 0.857098 -0.026337
25 -0.405504 0.853359 0.003562
26 -0.408862 0.851346 0.035346
27 -0.406396 0.851134 0.066882
28 -0.397373 0.853291 0.098260
29 -0.385320 0.856871 0.126970
Frame 492
0 -0.373169 0.862196 0.153606
1 -0.353561 0.872589 0.179688
2 -0.329591 0.882780 0.198226
3 -0.301465 0.892428 0.208805
4 -0.270575 0.899689 0.210250
5 -0.240370 0.904684 0.201804
6 -0.211531 0.906994 0.183278
7 -0.193375 0.911007 0.157944
8 -0.183472 0.915641 0.129165
9 -0.177679 0.918808 0.098777
10 -0.174228 0.920712 0.068843
11 -0.171931 0.922966 0.038477
12 -0.171259 0.924304 0.008397
13 -0.172296 0.925251 -0.021453
14 -0.175732 0.925582 -0.051839
15 -0.188137 0.925762 -0.082816
16 -0.209408 0.926591 -0.106466
17 -0.236099 0.925430 -0.123381
18 -0.267197 0.919645 -0.132541
19 -0.301103 0.907522 -0.130692
20 -0.328420 0.893754 -0.119123
21 -0.351147 0.880500 -0.100616
22 -0.368966 0.868278 -0.078084
23 -0.384937 0.861771 -0.052936
24 -0.398198 0.856144 -0.025954
25 -0.407074 0.852413 0.003943
26 -0.410462 0.850422 0.035743
27 -0.407995 0.850233 0.067284
28 -0.398982 0.852423 0.098666
29 -0.386946 0.856035 0.127380
Frame 493
0 -0.374558 0.861374 0.153999
1 -0.354973 0.871783 0.180067
2 -0.331026 0.882012 0.198601
3 -0.302924 0.891693 0.209180
4 -0.272056 0.898981 0.210628
5 -0.241867 0.903992 0.202189
6 -0.213034 0.906313 0.183667
7 -0.194894 0.910324 0.158345
8 -0.184988 0.914951 0.129567
9 -0.179188 0.918096 0.099169
10 -0.175726 0.919971 0.069239
11 -0.173416 0.922194 0.038866
12 -0.172733 0.923487 0.008791
13 -0.173753 0.924397 -0.021061
14 -0.177173 0.924685 -0.051451
15 -0.189513 0.924776 -0.082396
16 -0.210751 0.925546 -0.106052
17 -0.237391 0.924338 -0.122955
18 -0.268445 0.918538 -0.132107
19 -0.302324 0.906407 -0.130260
20 -0.329577 0.892662 -0.118702
21 -0.352320 0.879412 -0.100208
22 -0.370159 0.867199 -0.077686
23 -0.386178 0.860687 -0.052555
24 -0.399487 0.855045 -0.025593
25 -0.408409 0.851331 0.004300
26 -0.411828 0.849377 0.036117
27 -0.409367 0.849229 0.067663
28 -0.400364 0.851478 0.099052
29 -0.388347 0.855146 0.127771
Frame 494
0 -0.375770 0.860527 0.154381
1 -0.356214 0.870975 0.180431
2 -0.332298 0.881262 0.198956
3 -0.304227 0.890998 0.209532
4 -0.273387 0.898330 0.210981
5 -0.243216 0.903371 0.202549
6 -0.214391 0.905712 0.184034
7 -0.196267 0.909719 0.158723
8 -0.186358 0.914333 0.129944
9 -0.180553 0.917446 0.099537
10 -0.177078 0.919278 0.069611
11 -0.174754 0.921458 0.039232
12 -0.174058 0.922694 0.009160
13 -0.175063 0.923551 -0.020692
14 -0.178462 0.923781 -0.051088
15 -0.190735 0.923760 -0.082005
16 -0.211939 0.924448 -0.105670
17 -0.238525 0.923169 -0.122562
18 -0.269532 0.917332 -0.131705
19 -0.303376 0.905173 -0.129857
20 -0.330560 0.891443 -0.118304
21 -0.353311 0.878190 -0.099816
22 -0.371164 0.865990 -0.077302
23 -0.387228 0.859475 -0.052185
24 -0.400585 0.853824 -0.025244
25 -0.409555 0.850134 0.004644
26 -0.413007 0.848230 0.036477
27 -0.410551 0.848141 0.068030
28 -0.401561 0.850470 0.099426
29 -0.389567 0.854213 0.128151
Frame 495
0 -0.376843 0.859657 0.154759
1 -0.357323 0.870165 0.180787
2 -0.333442 0.880526 0.199300
3 -0.305408 0.890332 0.209870
4 -0.274599 0.897721 0.211320
5 -0.244448 0.902801 0.202892
6 -0.215634 0.905167 0.184384
7 -0.197526 0.909169 0.159086
8 -0.187618 0.913765 0.130306
9 -0.181807 0.916835 0.099889
10 -0.178318 0.918616 0.069964
11 -0.175981 0.920744 0.039578
12 -0.175270 0.921911 0.009511
13 -0.176259 0.922704 -0.020344
14 -0.179635 0.922863 -0.050744
15 -0.191841 0.922712 -0.081636
16 -0.213010 0.923298 -0.105309
17 -0.239540 0.921932 -0.122191
18 -0.270495 0.916040 -0.131323
19 -0.304300 0.903840 -0.129470
20 -0.331411 0.890119 -0.117917
21 -0.354164 0.876860 -0.099432
22 -0.372026 0.864672 -0.076919
23 -0.388133 0.858157 -0.051817
24 -0.401538 0.852503 -0.024897
25 -0.410555 0.848847 0.004985
26 -0.414042 0.847003 0.036835
27 -0.411593 0.846985 0.068395
28 -0.402615 0.849407 0.099800
29 -0.390644 0.853242 0.128529
Frame 496
0 -0.377818 0.858769 0.155143
1 -0.358337 0.869350 0.181146
2 -0.334495 0.879797 0.199643
3 -0.306500 0.889682 0.210204
4 -0.275726 0.897138 0.211651
5 -0.245598 0.902262 0.203229
6 -0.216793 0.904655 0.184727
7 -0.198705 0.908651 0.159439
8 -0.188796 0.913222 0.130655
9 -0.182981 0.916245 0.100230
10 -0.179480 0.917966 0.070307
11 -0.177129 0.920033 0.039913
12 -0.176404 0.921125 0.009851
13 -0.177378 0.921845 -0.020007
14 -0.180731 0.921924 -0.050412
15 -0.192868 0.921630 -0.081279
16 -0.214003 0.922102 -0.104962
17 -0.240476 0.920635 -0.121830
18 -0.271378 0.914677 -0.130948
19 -0.305139 0.902428 -0.129086
20 -0.332172 0.888711 -0.117530
21 -0.354924 0.875446 -0.099043
22 -0.372791 0.863271 -0.076529
23 -0.388939 0.856761 -0.051442
24 -0.402392 0.851108 -0.024541
25 -0.411457 0.847490 0.005334
26 -0.414977 0.845716 0.037202
27 -0.412535 0.845778 0.068768
28 -0.403570 0.848306 0.100182
29 -0.391622 0.852244 0.128915
Frame 497
0 -0.378736 0.857866 0.155542
1 -0.359294 0.868527 0.181516
2 -0.335492 0.879067 0.199995
3 -0.307537 0.889038 0.210544
4 -0.276798 0.896563 0.211986
5 -0.246694 0.901733 0.203566
6 -0.217902 0.904153 0.185070
7 -0.199831 0.908140 0.159789
8 -0.189926 0.912683 0.131002
9 -0.184109 0.915653 0.100567
10 -0.180596 0.917310 0.070645
11 -0.178233 0.919311 0.040244
12 -0.177495 0.920322 0.010187
13 -0.178454 0.920964 -0.019675
14 -0.181786 0.920956 -0.050083
15 -0.193854 0.920511 -0.080923
16 -0.214956 0.920864 -0.104615
17 -0.241372 0.919287 -0.121468
18 -0.272220 0.913257 -0.130570
19 -0.305935 0.900955 -0.128695
20 -0.332886 0.887242 -0.117132
21 -0.355634 0.873971 -0.098640
22 -0.373504 0.861812 -0.076122
23 -0.389692 0.855308 -0.051048
24 -0.403191 0.849662 -0.024168
25 -0.412303 0.846087 0.005700
26 -0.415857 0.844387 0.037587
27 -0.413420 0.844538 0.069161
28 -0.404469 0.847177 0.100582
29 -0.392544 0.851224 0.129318
Frame 498
0 -0.379639 0.856955 0.155964
1 -0.360233 0.867696 0.181907
2 -0.336470 0.878328 0.200364
3 -0.308554 0.888384 0.210899
4 -0.277850 0.895981 0.212333
5 -0.247769 0.901196 0.203911
6 -0.218990 0.903640 0.185419
7 -0.200941 0.907615 0.160145
8 -0.191040 0.912126 0.131353
9 -0.185221 0.915039 0.100908
10 -0.181699 0.916630 0.070986
11 -0.179327 0.918563 0.040577
12 -0.178578 0.919490 0.010527
13 -0.179523 0.920052 -0.019343
14 -0.182837 0.919952 -0.049752
15 -0.194837 0.919353 -0.080561
16 -0.215909 0.919588 -0.104260
17 -0.242269 0.917898 -0.121094
18 -0.273063 0.911796 -0.130176
19 -0.306730 0.899440 -0.128284
20 -0.333597 0.885735 -0.116712
21 -0.356339 0.872460 -0.098212
22 -0.374212 0.860321 -0.075689
23 -0.390439 0.853827 -0.050628
24 -0.403981 0.848188 -0.023766
25 -0.413140 0.844661 0.006096
26 -0.416726 0.843039 0.038002
27 -0.414294 0.843279 0.069581
28 -0.405354 0.846034 0.101009
29 -0.393449 0.850193 0.129747
Frame 499
0 -0.380565 0.856036 0.156419
1 -0.361191 0.866856 0.182330
2 -0.337462 0.877576 0.200762
3 -0.309584 0.887715 0.211279
4 -0.278912 0.895375 0.212701
5 -0.248855 0.900628 0.204275
6 -0.220089 0.903091 0.185783
7 -0.202063 0.907052 0.160513
8 -0.192169 0.911527 0.131715
9 -0.186350 0.914383 0.101259
10 -0.182822 0.915905 0.071337
11 -0.180445 0.917770 0.040921
12 -0.179688 0.918614 0.010878
13 -0.180619 0.919098 -0.019001
14 -0.183920 0.918904 -0.049410
15 -0.195857 0.918155 -0.080183
16 -0.216898 0.918278 -0.103884
17 -0.243207 0.916475 -0.120697
18 -0.273946 0.910306 -0.129753
19 -0.307567 0.897903 -0.127842
20 -0.334346 0.884211 -0.116257
21 -0.357085 0.870936 -0.097749
22 -0.374960 0.858818 -0.075220
23 -0.391226 0.852338 -0.050169
24 -0.404809 0.846712 -0.023328
25 -0.414014 0.843233 0.006530
26 -0.417629 0.841692 0.038455
27 -0.415197 0.842021 0.070040
28 -0.406267 0.844889 0.101472
29 -0.394382 0.849158 0.130211
Frame 500
0 -0.381526 0.855146 0.156928
1 -0.362170 0.866035 0.182798
2 -0.338466 0.876835 0.201200
3 -0.310617 0.887043 0.211689
4 -0.279974 0.894755 0.213089
5 -0.249939 0.900034 0.204649
6 -0.221189 0.902502 0.186148
7 -0.203191 0.906436 0.160876
8 -0.193309 0.910869 0.132066
9 -0.187499 0.913660 0.101599
10 -0.183974 0.915114 0.071674
11 -0.181600 0.916908 0.041250
12 -0.180845 0.917664 0.011216
13 -0.181770 0.918070 -0.018674
14 -0.185069 0.917779 -0.049080
15 -0.196950 0.916882 -0.079809
16 -0.217969 0.916904 -0.103505
17 -0.244233 0.914996 -0.120286
18 -0.274919 0.908775 -0.129307
19 -0.308499 0.896336 -0.127365
20 -0.335189 0.882670 -0.115758
21 -0.357924 0.869407 -0.097236
22 -0.375799 0.857322 -0.074696
23 -0.392101 0.850866 -0.049654
24 -0.405720 0.845258 -0.022828
25 -0.414965 0.841837 0.007029
26 -0.418603 0.840381 0.038976
27 -0.416161 0.840801 0.070566
28 -0.407234 0.843780 0.101999
29 -0.395358 0.848155 0.130735
Frame 501
0 -0.382496 0.854307 0.157496
1 -0.363142 0.865258 0.183320
2 -0.339450 0.876127 0.201677
3 -0.311619 0.886391 0.212127
4 -0.280998 0.894139 0.213490
5 -0.250985 0.899426 0.205020
6 -0.222257 0.901879 0.186495
7 -0.204297 0.905775 0.161213
8 -0.194436 0.910155 0.132385
9 -0.188644 0.912874 0.101902
10 -0.185137 0.914251 0.071974
11 -0.182779 0.915968 0.041541
12 -0.182038 0.916632 0.011517
13 -0.182969 0.916959 -0.018385
14 -0.186279 0.916568 -0.048784
15 -0.198120 0.915522 -0.079462
16 -0.219126 0.915454 -0.103143
17 -0.245355 0.913453 -0.119879
18 -0.275994 0.907193 -0.128849
19 -0.309537 0.894737 -0.126859
20 -0.336138 0.881112 -0.115219
21 -0.358867 0.867877 -0.096672
22 -0.376740 0.855839 -0.074114
23 -0.393070 0.849419 -0.049070
24 -0.406715 0.843842 -0.022253
25 -0.415990 0.840490 0.007608
26 -0.419638 0.839125 0.039578
27 -0.417174 0.839639 0.071170
28 -0.408235 0.842730 0.102599
29 -0.396357 0.847206 0.131327
Frame 502
0 -0.383465 0.853507 0.158115
1 -0.364098 0.864511 0.183883
2 -0.340406 0.875439 0.202188
3 -0.312586 0.885749 0.212586
4 -0.281983 0.893520 0.213901
5 -0.251992 0.898801 0.205390
6 -0.223292 0.901229 0.186831
7 -0.205375 0.905076 0.161528
8 -0.195544 0.909398 0.132681
9 -0.189781 0.912040 0.102179
10 -0.186301 0.913338 0.072246
11 -0.183970 0.914977 0.041803
12 -0.183255 0.915545 0.011790
13 -0.184202 0.915791 -0.018124
14 -0.187537 0.915300 -0.048516
15 -0.199350 0.914111 -0.079135
16 -0.220351 0.913960 -0.102790
17 -0.246553 0.911874 -0.119473
18 -0.277152 0.905587 -0.128379
19 -0.310660 0.893127 -0.126329
20 -0.337170 0.879556 -0.114643
21 -0.359892 0.866359 -0.096063
22 -0.377759 0.854377 -0.073479
23 -0.394110 0.848001 -0.048428
24 -0.407773 0.842463 -0.021615
25 -0.417068 0.839188 0.008251
26 -0.420717 0.837918 0.040247
27 -0.418218 0.838527 0.071840
28 -0.409257 0.841725 0.103260
29 -0.397365 0.846301 0.131974
Frame 503
0 -0.384421 0.852729 0.158774
1 -0.365030 0.863781 0.184481
2 -0.341330 0.874760 0.202727
3 -0.313514 0.885108 0.213066
4 -0.282926 0.892891 0.214324
5 -0.252956 0.898161 0.205762
6 -0.224287 0.900556 0.187158
7 -0.206421 0.904348 0.161831
8 -0.196628 0.908611 0.132961
9 -0.190902 0.911174 0.102440
10 -0.187458 0.912394 0.072500
11 -0.185163 0.913955 0.042046
12 -0.184484 0.914429 0.012043
13 -0.185455 0.914596 -0.017880
14 -0.188825 0.914007 -0.048265
15 -0.200622 0.912678 -0.078822
16 -0.221626 0.912453 -0.102443
17 -0.247809 0.910292 -0.119062
18 -0.278370 0.903988 -0.127896
19 -0.311846 0.891531 -0.125775
20 -0.338264 0.878017 -0.114036
21 -0.360976 0.864866 -0.095416
22 -0.378833 0.852944 -0.072802
23 -0.395198 0.846619 -0.047740
24 -0.408871 0.841124 -0.020926
25 -0.418179 0.837927 0.008949
26 -0.421817 0.836753 0.040969
27 -0.419276 0.837455 0.072562
28 -0.410282 0.840756 0.103969
29 -0.398368 0.845424 0.132667
Frame 504
0 -0.385351 0.851963 0.159461
1 -0.365928 0.863054 0.185107
2 -0.342214 0.874080 0.203288
3 -0.314398 0.884457 0.213561
4 -0.283823 0.892249 0.214755
5 -0.253877 0.897502 0.206137
6 -0.225243 0.899862 0.187483
7 -0.207432 0.903601 0.162127
8 -0.197682 0.907806 0.133232
9 -0.192000 0.910295 0.102690
10 -0.188600 0.911440 0.072744
11 -0.186348 0.912926 0.042279
12 -0.185712 0.913306 0.012287
13 -0.186716 0.913402 -0.017647
14 -0.190127 0.912720 -0.048021
15 -0.201917 0.911258 -0.078514
16 -0.222930 0.910965 -0.102095
17 -0.249101 0.908737 -0.118648
18 -0.279630 0.902425 -0.127401
19 -0.313077 0.889972 -0.125200
20 -0.339402 0.876516 -0.113402
21 -0.362099 0.863411 -0.094738
22 -0.379940 0.851551 -0.072091
23 -0.396312 0.845278 -0.047015
24 -0.409989 0.839826 -0.020195
25 -0.419300 0.836705 0.009689
26 -0.422923 0.835624 0.041733
27 -0.420328 0.836413 0.073324
28 -0.411296 0.839811 0.104716
29 -0.399352 0.844564 0.133392
Frame 505
0 -0.386244 0.851193 0.160168
1 -0.366786 0.862318 0.185751
2 -0.343053 0.873384 0.203866
3 -0.315235 0.883788 0.214071
4 -0.284672 0.891586 0.215197
5 -0.254751 0.896824 0.206518
6 -0.226154 0.899153 0.187809
7 -0.208404 0.902842 0.162421
8 -0.198702 0.906997 0.133501
9 -0.193070 0.909418 0.102939
10 -0.189718 0.910495 0.072988
11 -0.187515 0.911912 0.042512
12 -0.186928 0.912207 0.012529
13 -0.187968 0.912236 -0.017412
14 -0.191427 0.911470 -0.047776
15 -0.203219 0.909885 -0.078207
16 -0.224246 0.909530 -0.101742
17 -0.250413 0.907243 -0.118225
18 -0.280912 0.900923 -0.126894
19 -0.314331 0.888475 -0.124610
20 -0.340559 0.875073 -0.112749
21 -0.363237 0.862012 -0.094038
22 -0.381057 0.850209 -0.071356
23 -0.397429 0.843983 -0.046262
24 -0.411105 0.838570 -0.019433
25 -0.420411 0.835520 0.010458
26 -0.424011 0.834524 0.042526
27 -0.421359 0.835392 0.074113
28 -0.412282 0.838877 0.105486
29 -0.400303 0.843708 0.134139
Frame 506
0 -0.387089 0.850404 0.160884
1 -0.367594 0.861559 0.186406
2 -0.343840 0.872663 0.204457
3 -0.316020 0.883090 0.214592
4 -0.285471 0.890896 0.215649
5 -0.255576 0.896125 0.206908
6 -0.227020 0.898433 0.188141
7 -0.209333 0.902081 0.162720
8 -0.199683 0.906199 0.133779
9 -0.194104 0.908561 0.103197
10 -0.190804 0.909580 0.073239
11 -0.188652 0.910937 0.042752
12 -0.188117 0.911155 0.012778
13 -0.189199 0.911128 -0.017168
14 -0.192710 0.910290 -0.047523
15 -0.204510 0.908589 -0.077893
16 -0.225553 0.908180 -0.101379
17 -0.251722 0.905841 -0.117792
18 -0.282196 0.899513 -0.126375
19 -0.315586 0.887064 -0.124006
20 -0.341716 0.873703 -0.112080
21 -0.364367 0.860680 -0.093321
22 -0.382162 0.848926 -0.070605
23 -0.398526 0.842739 -0.045493
24 -0.412196 0.837360 -0.018651
25 -0.421490 0.834369 0.011246
26 -0.425063 0.833446 0.043333
27 -0.422350 0.834383 0.074917
28 -0.413225 0.837944 0.106268
29 -0.401207 0.842845 0.134895
Frame 507
0 -0.387891 0.849595 0.161587
1 -0.368364 0.860777 0.187052
2 -0.344593 0.871917 0.205042
3 -0.316773 0.882368 0.215114
4 -0.286238 0.890188 0.216106
5 -0.256372 0.895417 0.207306
6 -0.227857 0.897714 0.188485
7 -0.210232 0.901333 0.163032
8 -0.200634 0.905424 0.134072
9 -0.195106 0.907739 0.103473
10 -0.191856 0.908711 0.073510
11 -0.189753 0.910018 0.043013
12 -0.189271 0.910169 0.013045
13 -0.190392 0.910095 -0.016902
14 -0.193953 0.909196 -0.047250
15 -0.205761 0.907393 -0.077566
16 -0.226822 0.906927 -0.101006
17 -0.252995 0.904541 -0.117352
18 -0.283446 0.898202 -0.125855
19 -0.316806 0.885743 -0.123405
20 -0.342837 0.872412 -0.111416
21 -0.365459 0.859417 -0.092612
22 -0.383223 0.847702 -0.069863
23 -0.399576 0.841543 -0.044734
24 -0.413239 0.836188 -0.017881
25 -0.422518 0.833243 0.012020
26 -0.426064 0.832383 0.044126
27 -0.423292 0.833378 0.075704
28 -0.414120 0.837005 0.107034
29 -0.402065 0.841966 0.135635
Frame 508
0 -0.388670 0.848769 0.162259
1 -0.369118 0.859975 0.187671
2 -0.345335 0.871151 0.205609
3 -0.317518 0.881631 0.215623
4 -0.287000 0.889468 0.216559
5 -0.257161 0.894704 0.207708
6 -0.228684 0.897002 0.188837
7 -0.211117 0.900600 0.163357
8 -0.201569 0.904673 0.134383
9 -0.196088 0.906950 0.103767
10 -0.192883 0.907883 0.073800
11 -0.190825 0.909148 0.043294
12 -0.190389 0.909240 0.013330
13 -0.191547 0.909128 -0.016618
14 -0.195152 0.908176 -0.046959
15 -0.206967 0.906278 -0.077228
16 -0.228042 0.905756 -0.100627
17 -0.254222 0.903320 -0.116915
18 -0.284649 0.896966 -0.125344
19 -0.317978 0.884493 -0.122819
20 -0.343913 0.871184 -0.110775
21 -0.366504 0.858208 -0.091931
22 -0.384236 0.846521 -0.069151
23 -0.400575 0.840382 -0.044010
24 -0.414234 0.835045 -0.017147
25 -0.423499 0.832137 0.012756
26 -0.427023 0.831328 0.044880
27 -0.424195 0.832373 0.076453
28 -0.414982 0.836060 0.107764
29 -0.402895 0.841076 0.136341
Frame 509
0 -0.389434 0.847927 0.162899
1 -0.369861 0.859154 0.188265
2 -0.346070 0.870364 0.206154
3 -0.318258 0.880872 0.216118
4 -0.287756 0.888731 0.217002
5 -0.257945 0.893981 0.208104
6 -0.229506 0.896285 0.189190
7 -0.211993 0.899870 0.163685
8 -0.202492 0.903933 0.134699
9 -0.197055 0.906180 0.104069
10 -0.193890 0.907082 0.074098
11 -0.191873 0.908312 0.043583
12 -0.191482 0.908351 0.013622
13 -0.192672 0.908207 -0.016324
14 -0.196319 0.907211 -0.046660
15 -0.208137 0.905225 -0.076887
16 -0.229224 0.904647 -0.100250
17 -0.255411 0.902161 -0.116486
18 -0.285815 0.895790 -0.124849
19 -0.319112 0.883298 -0.122255
20 -0.344954 0.870002 -0.110161
21 -0.367513 0.857039 -0.091280
22 -0.385215 0.845376 -0.068474
23 -0.401540 0.839249 -0.043321
24 -0.415193 0.833925 -0.016449
25 -0.424446 0.831044 0.013455
26 -0.427950 0.830279 0.045596
27 -0.425072 0.831368 0.077163
28 -0.415821 0.835107 0.108456
29 -0.403705 0.840173 0.137011
Frame 510
0 -0.390191 0.847064 0.163505
1 -0.370601 0.858310 0.188828
2 -0.346803 0.869554 0.206675
3 -0.318997 0.880093 0.216592
4 -0.288514 0.887974 0.217430
5 -0.258729 0.893239 0.208489
6 -0.230325 0.895555 0.189534
7 -0.212865 0.899132 0.164007
8 -0.203408 0.903192 0.135013
9 -0.198013 0.905415 0.104368
10 -0.194886 0.906293 0.074396
11 -0.192906 0.907492 0.043872
12 -0.192557 0.907486 0.013914
13 -0.193777 0.907315 -0.016031
14 -0.197461 0.906281 -0.046363
15 -0.209283 0.904216 -0.076552
16 -0.230382 0.903583 -0.099884
17 -0.256574 0.901050 -0.116071
18 -0.286955 0.894658 -0.124373
19 -0.320222 0.882147 -0.121716
20 -0.345975 0.868857 -0.109578
21 -0.368500 0.855904 -0.090663
22 -0.386171 0.844257 -0.067833
23 -0.402483 0.838139 -0.042668
24 -0.416133 0.832822 -0.015789
25 -0.425374 0.829962 0.014117
26 -0.428860 0.829234 0.046274
27 -0.425934 0.830359 0.077835
28 -0.416647 0.834145 0.109111
29 -0.404505 0.839256 0.137646
Frame 511
0 -0.390949 0.846183 0.164078
1 -0.371343 0.857443 0.189361
2 -0.347539 0.868719 0.207167
3 -0.319740 0.879285 0.217042
4 -0.289274 0.887190 0.217836
5 -0.259516 0.892473 0.208857
6 -0.231147 0.894805 0.189862
7 -0.213736 0.898378 0.164316
8 -0.204323 0.902438 0.135315
9 -0.198966 0.904642 0.104658
10 -0.195876 0.905500 0.074684
11 -0.193932 0.906675 0.044152
12 -0.193620 0.906628 0.014196
13 -0.194869 0.906435 -0.015747
14 -0.198590 0.905370 -0.046076
15 -0.210415 0.903230 -0.076232
16 -0.231524 0.902545 -0.099533
17 -0.257722 0.899967 -0.115677
18 -0.288082 0.893556 -0.123924
19 -0.321318 0.881023 -0.121208
20 -0.346984 0.867738 -0.109030
21 -0.369479 0.854791 -0.090084
22 -0.387121 0.843157 -0.067231
23 -0.403420 0.837045 -0.042056
24 -0.417066 0.831731 -0.015166
25 -0.426296 0.828886 0.014742
26 -0.429764 0.828188 0.046915
27 -0.426793 0.829346 0.078470
28 -0.417471 0.833172 0.109730
29 -0.405306 0.838323 0.138245
Frame 512
0 -0.391716 0.845281 0.164615
1 -0.372093 0.856552 0.189859
2 -0.348283 0.867856 0.207627
3 -0.320489 0.878448 0.217461
4 -0.290040 0.886375 0.218213
5 -0.260309 0.891675 0.209197
6 -0.231973 0.894022 0.190166
7 -0.214612 0.897593 0.164602
8 -0.205240 0.901656 0.135596
9 -0.199922 0.903846 0.104927
10 -0.196866 0.904687 0.074952
11 -0.194957 0.905841 0.044414
12 -0.194682 0.905760 0.014459
13 -0.195959 0.905549 -0.015483
14 -0.199714 0.904458 -0.045810
15 -0.211544 0.902247 -0.075935
16 -0.232664 0.901514 -0.099208
17 -0.258865 0.898897 -0.115311
18 -0.289205 0.892467 -0.123505
19 -0.322412 0.879913 -0.120735
20 -0.347996 0.866631 -0.108520
21 -0.370463 0.853687 -0.089544
22 -0.388075 0.842067 -0.066670
23 -0.404363 0.835957 -0.041482
24 -0.418007 0.830648 -0.014583
25 -0.427226 0.827813 0.015329
26 -0.430675 0.827141 0.047518
27 -0.427660 0.828325 0.079066
28 -0.418305 0.832187 0.110311
29 -0.406114 0.837374 0.138808
Frame 513
0 -0.392499 0.844358 0.165115
1 -0.372858 0.855634 0.190322
2 -0.349040 0.866964 0.208052
3 -0.321250 0.877578 0.217846
4 -0.290817 0.885523 0.218559
5 -0.261110 0.890839 0.209504
6 -0.232810 0.893200 0.190439
7 -0.215496 0.896769 0.164857
8 -0.206165 0.900835 0.135847
9 -0.200884 0.903014 0.105167
10 -0.197863 0.903841 0.075190
11 -0.195988 0.904976 0.044646
12 -0.195750 0.904866 0.014693
13 -0.197055 0.904639 -0.015248
14 -0.200845 0.903526 -0.045572
15 -0.212681 0.901248 -0.075669
16 -0.233813 0.900474 -0.098913
17 -0.260014 0.897823 -0.114976
18 -0.290336 0.891374 -0.123121
19 -0.323516 0.878802 -0.120300
20 -0.349024 0.865522 -0.108052
21 -0.371463 0.852585 -0.089047
22 -0.389050 0.840976 -0.066153
23 -0.405326 0.834871 -0.040952
24 -0.418971 0.829565 -0.014039
25 -0.428177 0.826738 0.015880
26 -0.431607 0.826089 0.048083
27 -0.428549 0.827295 0.079625
28 -0.419158 0.831190 0.110856
29 -0.406941 0.836405 0.139333
Frame 514
0 -0.393307 0.843412 0.165577
1 -0.373646 0.854688 0.190747
2 -0.349815 0.866040 0.208440
3 -0.322025 0.876671 0.218191
4 -0.291607 0.884630 0.218863
5 -0.261925 0.889958 0.209771
6 -0.233658 0.892327 0.190670
7 -0.216393 0.895894 0.165072
8 -0.207103 0.899963 0.136057
9 -0.201858 0.902132 0.105367
10 -0.198874 0.902944 0.075389
11 -0.197034 0.904064 0.044840
12 -0.196832 0.903929 0.014889
13 -0.198165 0.903687 -0.015051
14 -0.201991 0.902555 -0.045374
15 -0.213837 0.900212 -0.075442
16 -0.234981 0.899403 -0.098658
17 -0.261181 0.896725 -0.114680
18 -0.291486 0.890265 -0.122778
19 -0.324642 0.877677 -0.119909
20 -0.350079 0.864400 -0.107628
21 -0.372493 0.851473 -0.088597
22 -0.390056 0.839879 -0.065682
23 -0.406326 0.833779 -0.040464
24 -0.419970 0.828479 -0.013536
25 -0.429163 0.825658 0.016392
26 -0.432570 0.825028 0.048609
27 -0.429470 0.826253 0.080147
28 -0.420042 0.830175 0.111363
29 -0.407796 0.835418 0.139820
Frame 515
0 -0.394115 0.842430 0.166021
1 -0.374418 0.853693 0.191151
2 -0.350564 0.865050 0.208801
3 -0.322765 0.875684 0.218506
4 -0.292358 0.883646 0.219128
5 -0.262702 0.888974 0.209991
6 -0.234471 0.891346 0.190849
7 -0.217260 0.894911 0.165229
8 -0.208019 0.898985 0.136212
9 -0.202818 0.901151 0.105510
10 -0.199879 0.901956 0.075532
11 -0.198082 0.903068 0.044979
12 -0.197923 0.902922 0.015029
13 -0.199292 0.902670 -0.014912
14 -0.203165 0.901531 -0.045231
15 -0.215033 0.899133 -0.075267
16 -0.236196 0.898308 -0.098447
17 -0.262398 0.895621 -0.114422
18 -0.292691 0.889162 -0.122468
19 -0.325826 0.876569 -0.119547
20 -0.351197 0.863304 -0.107234
21 -0.373589 0.850390 -0.088173
22 -0.391131 0.838810 -0.065237
23 -0.407389 0.832718 -0.039998
24 -0.421028 0.827422 -0.013049
25 -0.430200 0.824604 0.016892
26 -0.433574 0.823984 0.049124
27 -0.430424 0.825218 0.080657
28 -0.420947 0.829154 0.111857
29 -0.408663 0.834408 0.140292
Frame 516
0 -0.394897 0.841413 0.166459
1 -0.375148 0.852641 0.191546
2 -0.351255 0.863984 0.209147
3 -0.323438 0.874602 0.218795
4 -0.293036 0.882548 0.219359
5 -0.263406 0.887865 0.210167
6 -0.235221 0.890234 0.190972
7 -0.218074 0.893797 0.165329
8 -0.208890 0.897882 0.136306
9 -0.203740 0.900057 0.105594
10 -0.200859 0.900862 0.075613
11 -0.199119 0.901981 0.045058
12 -0.199012 0.901842 0.015110
13 -0.200430 0.901589 -0.014834
14 -0.204363 0.900455 -0.045148
15 -0.216267 0.898020 -0.075146
16 -0.237460 0.897206 -0.098282
17 -0.263670 0.894534 -0.114199
18 -0.293959 0.888095 -0.122183
19 -0.327081 0.875510 -0.119205
20 -0.352385 0.862264 -0.106856
21 -0.374757 0.849366 -0.087764
22 -0.392276 0.837802 -0.064805
23 -0.408520 0.831717 -0.039539
24 -0.422147 0.826422 -0.012563
25 -0.431285 0.823597 0.017396
26 -0.434610 0.822978 0.049640
27 -0.431399 0.824206 0.081168
28 -0.421858 0.828136 0.112352
29 -0.409521 0.833381 0.140760
Frame 517
0 -0.395669 0.840376 0.166876
1 -0.375854 0.851554 0.191919
2 -0.351915 0.862869 0.209467
3 -0.324072 0.873456 0.219055
4 -0.293672 0.881375 0.219555
5 -0.264069 0.886671 0.210303
6 -0.235932 0.889030 0.191050
7 -0.218853 0.892593 0.165379
8 -0.209732 0.896690 0.136353
9 -0.204639 0.898882 0.105628
10 -0.201823 0.899695 0.075646
11 -0.200147 0.900831 0.045091
12 -0.200097 0.900710 0.015143
13 -0.201571 0.900461 -0.014804
14 -0.205572 0.899344 -0.045110
15 -0.217521 0.896883 -0.075069
16 -0.238750 0.896098 -0.098156
17 -0.264972 0.893458 -0.114009
18 -0.295263 0.887051 -0.121929
19 -0.328374 0.874484 -0.118889
20 -0.353616 0.861264 -0.106503
21 -0.375970 0.848387 -0.087379
22 -0.393468 0.836837 -0.064397
23 -0.409695 0.830761 -0.039101
24 -0.423303 0.825465 -0.012096
25 -0.432400 0.822631 0.017883
26 -0.435668 0.822001 0.050137
27 -0.432391 0.823211 0.081663
28 -0.422778 0.827123 0.112829
29 -0.410379 0.832346 0.141210
Frame 518
0 -0.396443 0.839333 0.167259
1 -0.376559 0.850452 0.192257
2 -0.352568 0.861732 0.209752
3 -0.324696 0.872280 0.219279
4 -0.294297 0.880164 0.219715
5 -0.264720 0.885432 0.210401
6 -0.236631 0.887777 0.191091
7 -0.219620 0.891341 0.165394
8 -0.210562 0.895452 0.136363
9 -0.205528 0.897664 0.105627
10 -0.202779 0.898487 0.075644
11 -0.201167 0.899643 0.045089
12 -0.201175 0.899546 0.015143
13 -0.202707 0.899305 -0.014808
14 -0.206777 0.898209 -0.045107
15 -0.218775 0.895729 -0.075026
16 -0.240043 0.894984 -0.098063
17 -0.266278 0.892385 -0.113851
18 -0.296572 0.886019 -0.121705
19 -0.329678 0.873477 -0.118608
20 -0.354860 0.860287 -0.106184
21 -0.377199 0.847433 -0.087029
22 -0.394676 0.835897 -0.064024
23 -0.410886 0.829831 -0.038698
24 -0.424475 0.824536 -0.011663
25 -0.433529 0.821689 0.018336
26 -0.436737 0.821046 0.050600
27 -0.433394 0.822234 0.082124
28 -0.423706 0.826121 0.113270
29 -0.411242 0.831313 0.141624
Frame 519
0 -0.397233 0.838299 0.167591
1 -0.377281 0.849360 0.192548
2 -0.353239 0.860599 0.209993
3 -0.325340 0.871105 0.219463
4 -0.294940 0.878952 0.219838
5 -0.265388 0.884190 0.210468
6 -0.237345 0.886517 0.191105
7 -0.220397 0.890079 0.165383
8 -0.211399 0.894205 0.136350
9 -0.206418 0.896434 0.105603
10 -0.203731 0.897268 0.075619
11 -0.202181 0.898444 0.045064
12 -0.202245 0.898370 0.015120
13 -0.203830 0.898140 -0.014833
14 -0.207967 0.897066 -0.045126
15 -0.220011 0.894569 -0.075009
16 -0.241314 0.893864 -0.097998
17 -0.267561 0.891309 -0.113725
18 -0.297859 0.884986 -0.121518
19 -0.330961 0.872473 -0.118365
20 -0.356091 0.859315 -0.105908
21 -0.378417 0.846487 -0.086722
22 -0.395876 0.834967 -0.063698
23 -0.412070 0.828911 -0.038343
24 -0.425643 0.823619 -0.011281
25 -0.434657 0.820761 0.018736
26 -0.437809 0.820106 0.051009
27 -0.434402 0.821270 0.082530
28 -0.424644 0.825131 0.113660
29 -0.412119 0.830293 0.141988
Frame 520
0 -0.398052 0.837290 0.167862
1 -0.378040 0.848297 0.192780
2 -0.353955 0.859500 0.210181
3 -0.326034 0.869967 0.219601
4 -0.295634 0.877777 0.219925
5 -0.266104 0.882984 0.210508
6 -0.238100 0.885293 0.191100
7 -0.221208 0.888850 0.165357
8 -0.212259 0.892986 0.136325
9 -0.207325 0.895230 0.105570
10 -0.204691 0.896071 0.075586
11 -0.203191 0.897263 0.045030
12 -0.203302 0.897205 0.015089
13 -0.204933 0.896983 -0.014866
14 -0.209125 0.895928 -0.045154
15 -0.221207 0.893412 -0.075008
16 -0.242540 0.892738 -0.097958
17 -0.268795 0.890224 -0.113629
18 -0.299094 0.883940 -0.121370
19 -0.332193 0.871458 -0.118170
20 -0.357279 0.858330 -0.105684
21 -0.379593 0.845529 -0.086473
22 -0.397040 0.834028 -0.063431
23 -0.413222 0.827986 -0.038052
24 -0.426784 0.822700 -0.010968
25 -0.435765 0.819835 0.019065
26 -0.438873 0.819172 0.051347
27 -0.435412 0.820317 0.082864
28 -0.425594 0.824157 0.113979
29 -0.413015 0.829293 0.142286
Frame 521
0 -0.398915 0.836322 0.168054
1 -0.378858 0.847286 0.192942
2 -0.354742 0.858461 0.210308
3 -0.326805 0.868898 0.219691
4 -0.296408 0.876677 0.219977
5 -0.266895 0.881858 0.210526
6 -0.238921 0.884146 0.191086
7 -0.222071 0.887695 0.165331
8 -0.213160 0.891836 0.136301
9 -0.208258 0.894084 0.105542
10 -0.205662 0.894926 0.075557
11 -0.204199 0.896125 0.044999
12 -0.204345 0.896070 0.015062
13 -0.206007 0.895851 -0.014893
14 -0.210238 0.894809 -0.045178
15 -0.222345 0.892264 -0.075013
16 -0.243695 0.891609 -0.097934
17 -0.269954 0.889122 -0.113564
18 -0.300249 0.882871 -0.121266
19 -0.333346 0.870416 -0.118030
20 -0.358395 0.857316 -0.105522
21 -0.380703 0.844542 -0.086291
22 -0.398140 0.833063 -0.063235
23 -0.414316 0.827037 -0.037838
24 -0.427877 0.821763 -0.010738
25 -0.436839 0.818898 0.019304
26 -0.439919 0.818236 0.051594
27 -0.436418 0.819374 0.083109
28 -0.426556 0.823202 0.114213
29 -0.413941 0.828324 0.142500
Frame 522
0 -0.399814 0.835384 0.168175
1 -0.379728 0.846314 0.193038
2 -0.355593 0.857469 0.210381
3 -0.327648 0.867882 0.219739
4 -0.297256 0.875636 0.220003
5 -0.267756 0.880793 0.210531
6 -0.239805 0.883064 0.191074
7 -0.222984 0.886603 0.165313
8 -0.214096 0.890747 0.136289
9 -0.209216 0.892995 0.105527
10 -0.206641 0.893836 0.075542
11 -0.205199 0.895037 0.044981
12 -0.205369 0.894975 0.015049
13 -0.207048 0.894757 -0.014905
14 -0.211304 0.893723 -0.045191
15 -0.223421 0.891148 -0.075015
16 -0.244777 0.890496 -0.097919
17 -0.271033 0.888028 -0.113520
18 -0.301320 0.881801 -0.121197
19 -0.334415 0.869371 -0.117938
20 -0.359434 0.856297 -0.105417
21 -0.381739 0.843549 -0.086172
22 -0.399174 0.832092 -0.063107
23 -0.415351 0.826081 -0.037702
24 -0.428918 0.820822 -0.010592
25 -0.437873 0.817959 0.019456
26 -0.440942 0.817303 0.051753
27 -0.437413 0.818439 0.083265
28 -0.427525 0.822265 0.114360
29 -0.414888 0.827379 0.142636
Frame 523
0 -0.400748 0.834450 0.168239
1 -0.380643 0.845347 0.193086
2 -0.356496 0.856480 0.210415
3 -0.328548 0.866871 0.219760
4 -0.298161 0.874600 0.220013
5 -0.268671 0.879737 0.210532
6 -0.240734 0.881990 0.191068
7 -0.223934 0.885521 0.165306
8 -0.215060 0.889670 0.136292
9 -0.210191 0.891921 0.105529
10 -0.207628 0.892763 0.075545
11 -0.206199 0.893967 0.044979
12 -0.206382 0.893898 0.015054
13 -0.208069 0.893685 -0.014899
14 -0.212337 0.892660 -0.045187
15 -0.224456 0.890058 -0.075007
16 -0.245812 0.889408 -0.097903
17 -0.272060 0.886952 -0.113485
18 -0.302338 0.880749 -0.121147
19 -0.335431 0.868345 -0.117877
20 -0.360425 0.855296 -0.105352
21 -0.382730 0.842570 -0.086102
22 -0.400167 0.831133 -0.063034
23 -0.416350 0.825136 -0.037626
24 -0.429929 0.819889 -0.010512
25 -0.438888 0.817026 0.019537
26 -0.441957 0.816377 0.051843
27 -0.438411 0.817508 0.083351
28 -0.428507 0.821332 0.114442
29 -0.415860 0.826439 0.142711
Frame 524
0 -0.401738 0.833510 0.168255
1 -0.381622 0.844371 0.193094
2 -0.357470 0.855483 0.210418
3 -0.329522 0.865850 0.219762
4 -0.299140 0.873555 0.220015
5 -0.269657 0.878668 0.210535
6 -0.241729 0.880905 0.191073
7 -0.224940 0.884429 0.165317
8 -0.216068 0.888582 0.136313
9 -0.211201 0.890834 0.105552
10 -0.208640 0.891681 0.075570
11 -0.207212 0.892889 0.045000
12 -0.207399 0.892811 0.015080
13 -0.209084 0.892605 -0.014872
14 -0.213355 0.891591 -0.045164
15 -0.225466 0.888964 -0.074984
16 -0.246814 0.888314 -0.097881
17 -0.273052 0.885869 -0.113454
18 -0.303316 0.879691 -0.121112
19 -0.336408 0.867315 -0.117841
20 -0.361384 0.854291 -0.105320
21 -0.383697 0.841589 -0.086072
22 -0.401142 0.830170 -0.063006
23 -0.417336 0.824186 -0.037602
24 -0.430935 0.818951 -0.010491
25 -0.439905 0.816089 0.019557
26 -0.442986 0.815444 0.051871
27 -0.439432 0.816573 0.083378
28 -0.429526 0.820393 0.114466
29 -0.416877 0.825492 0.142733
Frame 525
0 -0.402805 0.832551 0.168231
1 -0.382684 0.843375 0.193067
2 -0.358532 0.854463 0.210396
3 -0.330586 0.864807 0.219748
4 -0.300209 0.872484 0.220012
5 -0.270727 0.877571 0.210544
6 -0.242800 0.879787 0.191093
7 -0.226015 0.883300 0.165349
8 -0.217136 0.887458 0.136361
9 -0.212260 0.889711 0.105602
10 -0.209691 0.890562 0.075622
11 -0.208254 0.891775 0.045048
12 -0.208437 0.891687 0.015133
13 -0.210109 0.891489 -0.014819
14 -0.214374 0.890486 -0.045115
15 -0.226467 0.887837 -0.074941
16 -0.247801 0.887190 -0.097846
17 -0.274023 0.884753 -0.113419
18 -0.304273 0.878599 -0.121084
19 -0.337367 0.866259 -0.117822
20 -0.362330 0.853263 -0.105315
21 -0.384656 0.840585 -0.086076
22 -0.402118 0.829186 -0.063019
23 -0.418331 0.823217 -0.037622
24 -0.431957 0.817995 -0.010518
25 -0.440948 0.815136 0.019524
26 -0.444052 0.814497 0.051845
27 -0.440501 0.815622 0.083350
28 -0.430602 0.819436 0.114440
29 -0.417962 0.824529 0.142710
Frame 526
0 -0.403965 0.831565 0.168175
1 -0.383848 0.842348 0.193014
2 -0.359701 0.853410 0.210355
3 -0.331758 0.863726 0.219725
4 -0.301383 0.871371 0.220011
5 -0.271900 0.876426 0.210565
6 -0.243966 0.878614 0.191136
7 -0.227174 0.882114 0.165408
8 -0.218278 0.886274 0.136438
9 -0.213383 0.888525 0.105683
10 -0.210796 0.889380 0.075705
11 -0.209340 0.890596 0.045127
12 -0.209510 0.890497 0.015217
13 -0.211161 0.890309 -0.014734
14 -0.215409 0.889317 -0.045038
15 -0.227476 0.886647 -0.074872
16 -0.248789 0.886002 -0.097795
17 -0.274991 0.883577 -0.113377
18 -0.305226 0.877454 -0.121058
19 -0.338325 0.865153 -0.117816
20 -0.363284 0.852193 -0.105330
21 -0.385630 0.839542 -0.086105
22 -0.403116 0.828167 -0.063062
23 -0.419356 0.822215 -0.037679
24 -0.433018 0.817009 -0.010588
25 -0.442039 0.814154 0.019447
26 -0.445177 0.813523 0.051775
27 -0.441638 0.814644 0.083278
28 -0.431757 0.818454 0.114373
29 -0.419135 0.823539 0.142649
Frame 527
0 -0.405242 0.830539 0.168093
1 -0.385133 0.841280 0.192942
2 -0.360994 0.852311 0.210302
3 -0.333054 0.862594 0.219700
4 -0.302680 0.870199 0.220018
5 -0.273189 0.875215 0.210603
6 -0.245241 0.877367 0.191204
7 -0.228434 0.880847 0.165498
8 -0.219510 0.885003 0.136548
9 -0.214586 0.887251 0.105799
10 -0.211971 0.888108 0.075824
11 -0.210487 0.889326 0.045242
12 -0.210634 0.889215 0.015338
13 -0.212254 0.889035 -0.014616
14 -0.216477 0.888053 -0.044926
15 -0.228510 0.885363 -0.074773
16 -0.249795 0.884727 -0.097720
17 -0.275973 0.882315 -0.113321
18 -0.306191 0.876226 -0.121026
19 -0.339299 0.863976 -0.117815
20 -0.364261 0.851056 -0.105356
21 -0.386637 0.838440 -0.086154
22 -0.404157 0.827093 -0.063128
23 -0.420433 0.821163 -0.037765
24 -0.434141 0.815978 -0.010690
25 -0.443202 0.813131 0.019334
26 -0.446382 0.812511 0.051667
27 -0.442866 0.813629 0.083171
28 -0.433013 0.817435 0.114272
29 -0.420417 0.822510 0.142560
Frame 528
0 -0.406655 0.829466 0.167992
1 -0.386559 0.840159 0.192856
2 -0.362428 0.851153 0.210242
3 -0.334493 0.861396 0.219677
4 -0.304116 0.868953 0.220036
5 -0.274612 0.873919 0.210663
6 -0.246643 0.876026 0.191303
7 -0.229809 0.879477 0.165624
8 -0.220847 0.883623 0.136697
9 -0.215883 0.885863 0.105954
10 -0.213232 0.886719 0.075983
11 -0.211711 0.887937 0.045397
12 -0.211825 0.887812 0.015501
13 -0.213404 0.887638 -0.014457
14 -0.217594 0.886665 -0.044777
15 -0.229585 0.883957 -0.074639
16 -0.250835 0.883334 -0.097617
17 -0.276984 0.880941 -0.113244
18 -0.307185 0.874895 -0.120985
19 -0.340308 0.862704 -0.117811
20 -0.365281 0.849834 -0.105387
21 -0.387697 0.837259 -0.086213
22 -0.405261 0.825948 -0.063210
23 -0.421583 0.820047 -0.037871
24 -0.435346 0.814891 -0.010818
25 -0.444458 0.812057 0.019193
26 -0.447691 0.811451 0.051531
27 -0.444208 0.812569 0.083035
28 -0.434391 0.816369 0.114145
29 -0.421830 0.821433 0.142447
Frame 529
0 -0.408222 0.828333 0.167881
1 -0.388144 0.838972 0.192764
2 -0.364023 0.849924 0.210183
3 -0.336089 0.860120 0.219663
4 -0.305705 0.867617 0.220071
5 -0.276183 0.872520 0.210748
6 -0.248184 0.874566 0.191438
7 -0.231316 0.877980 0.165791
8 -0.222305 0.882109 0.136889
9 -0.217289 0.884336 0.106155
10 -0.214594 0.885187 0.076188
11 -0.213025 0.886400 0.045600
12 -0.213099 0.886260 0.015709
13 -0.214628 0.886091 -0.014255
14 -0.218776 0.885125 -0.044584
15 -0.230716 0.882397 -0.074462
16 -0.251927 0.881796 -0.097479
17 -0.278041 0.879427 -0.113141
18 -0.308226 0.873435 -0.120925
19 -0.341368 0.861316 -0.117798
20 -0.366363 0.848507 -0.105415
21 -0.388829 0.835983 -0.086274
22 -0.406449 0.824715 -0.063300
23 -0.422827 0.818853 -0.037990
24 -0.436656 0.813733 -0.010962
25 -0.445829 0.810919 0.019033
26 -0.449125 0.810331 0.051374
27 -0.445684 0.811449 0.082878
28 -0.435913 0.815246 0.114001
29 -0.423394 0.820297 0.142321
Frame 530
0 -0.409948 0.827136 0.167766
1 -0.389889 0.837718 0.192674
2 -0.365777 0.848620 0.210130
3 -0.337843 0.858758 0.219661
4 -0.307449 0.866184 0.220127
5 -0.277903 0.871012 0.210861
6 -0.249868 0.872983 0.191607
7 -0.232956 0.876348 0.165998
8 -0.223886 0.880451 0.137122
9 -0.218810 0.882660 0.106398
10 -0.216060 0.883500 0.076435
11 -0.214439 0.884706 0.045846
12 -0.214463 0.884550 0.015961
13 -0.215934 0.884382 -0.014011
14 -0.220034 0.883419 -0.044349
15 -0.231916 0.880672 -0.074244
16 -0.253082 0.880101 -0.097307
17 -0.279158 0.877765 -0.113008
18 -0.309326 0.871837 -0.120844
19 -0.342494 0.859800 -0.117772
20 -0.367520 0.847065 -0.105434
21 -0.390047 0.834602 -0.086332
22 -0.407734 0.823388 -0.063389
23 -0.424180 0.817575 -0.038112
24 -0.438085 0.812500 -0.011115
25 -0.447327 0.809713 0.018863
26 -0.450692 0.809150 0.051206
27 -0.447304 0.810271 0.082711
28 -0.437584 0.814061 0.113849
29 -0.425114 0.819099 0.142189
Frame 531
0 -0.411777 0.825901 0.167651
1 -0.391737 0.836419 0.192585
2 -0.367634 0.847266 0.210082
3 -0.339697 0.857340 0.219668
4 -0.309290 0.864687 0.220195
5 -0.279717 0.869428 0.210991
6 -0.251641 0.871315 0.191798
7 -0.234682 0.874627 0.166225
8 -0.225548 0.878698 0.137380
9 -0.220404 0.880887 0.106665
10 -0.217600 0.881713 0.076708
11 -0.215921 0.882913 0.046118
12 -0.215890 0.882742 0.016239
13 -0.217299 0.882573 -0.013743
14 -0.221348 0.881613 -0.044087
15 -0.233171 0.878846 -0.074000
16 -0.254290 0.878317 -0.097111
17 -0.280325 0.876017 -0.112855
18 -0.310477 0.870159 -0.120745
19 -0.343674 0.858214 -0.117734
20 -0.368740 0.845559 -0.105444
21 -0.391335 0.833165 -0.086383
22 -0.409094 0.822010 -0.063474
23 -0.425613 0.816251 -0.038232
24 -0.439599 0.811226 -0.011266
25 -0.448913 0.808470 0.018691
26 -0.452352 0.807934 0.051033
27 -0.449019 0.809058 0.082542
28 -0.439356 0.812841 0.113695
29 -0.426937 0.817862 0.142055
Frame 532
0 -0.413646 0.824653 0.167538
1 -0.393623 0.835108 0.192499
2 -0.369529 0.845895 0.210037
3 -0.341587 0.855901 0.219678
4 -0.311166 0.863166 0.220269
5 -0.281565 0.867818 0.211127
6 -0.253447 0.869618 0.191994
7 -0.236440 0.872876 0.166461
8 -0.227240 0.876914 0.137643
9 -0.222028 0.879084 0.106938
10 -0.219168 0.879899 0.076987
11 -0.217433 0.881092 0.046397
12 -0.217346 0.880909 0.016525
13 -0.218692 0.880741 -0.013470
14 -0.222691 0.879784 -0.043818
15 -0.234456 0.877004 -0.073747
16 -0.255529 0.876524 -0.096906
17 -0.281523 0.874266 -0.112694
18 -0.311663 0.868482 -0.120640
19 -0.344891 0.856630 -0.117690
20 -0.369999 0.844055 -0.105448
21 -0.392663 0.831730 -0.086430
22 -0.410498 0.820632 -0.063555
23 -0.427089 0.814930 -0.038349
24 -0.441156 0.809954 -0.011413
25 -0.450541 0.807230 0.018523
26 -0.454050 0.806719 0.050862
27 -0.450776 0.807844 0.082375
28 -0.441169 0.811616 0.113541
29 -0.428800 0.816616 0.141923
Frame 533
0 -0.415489 0.823421 0.167428
1 -0.395483 0.833810 0.192415
2 -0.371393 0.844539 0.209994
3 -0.343446 0.854476 0.219688
4 -0.313011 0.861660 0.220338
5 -0.283382 0.866226 0.211255
6 -0.255226 0.867944 0.192180
7 -0.238173 0.871151 0.166683
8 -0.228913 0.875162 0.137894
9 -0.223634 0.877318 0.107200
10 -0.220722 0.878125 0.077254
11 -0.218934 0.879317 0.046665
12 -0.218795 0.879129 0.016798
13 -0.220081 0.878966 -0.013208
14 -0.224034 0.878016 -0.043561
15 -0.235746 0.875229 -0.073505
16 -0.256777 0.874804 -0.096709
17 -0.282733 0.872593 -0.112537
18 -0.312862 0.866881 -0.120538
19 -0.346123 0.855118 -0.117646
20 -0.371275 0.842618 -0.105451
21 -0.394006 0.830357 -0.086474
22 -0.411912 0.819313 -0.063635
23 -0.428572 0.813661 -0.038460
24 -0.442711 0.808728 -0.011553
25 -0.452162 0.806032 0.018363
26 -0.455736 0.805539 0.050698
27 -0.452517 0.806660 0.082213
28 -0.442961 0.810418 0.113393
29 -0.430640 0.815392 0.141794
Frame 534
0 -0.417244 0.822236 0.167323
1 -0.397249 0.832558 0.192335
2 -0.373162 0.843229 0.209949
3 -0.345209 0.853099 0.219692
4 -0.314761 0.860208 0.220396
5 -0.285109 0.864698 0.211366
6 -0.256919 0.866346 0.192341
7 -0.239826 0.869513 0.166877
8 -0.230512 0.873506 0.138115
9 -0.225176 0.875656 0.107430
10 -0.222220 0.876463 0.077489
11 -0.220386 0.877661 0.046902
12 -0.220201 0.877476 0.017041
13 -0.221434 0.877325 -0.012977
14 -0.225350 0.876389 -0.043334
15 -0.237016 0.873605 -0.073289
16 -0.258012 0.873238 -0.096534
17 -0.283937 0.871076 -0.112397
18 -0.314060 0.865433 -0.120446
19 -0.347352 0.853751 -0.117609
20 -0.372546 0.841315 -0.105456
21 -0.395336 0.829109 -0.086518
22 -0.413305 0.818106 -0.063711
23 -0.430022 0.812493 -0.038566
24 -0.444224 0.807593 -0.011683
25 -0.453728 0.804917 0.018215
26 -0.457357 0.804431 0.050545
27 -0.454186 0.805540 0.082063
28 -0.444674 0.809276 0.113254
29 -0.432394 0.814220 0.141672
Frame 535
0 -0.418847 0.821122 0.167224
1 -0.398857 0.831382 0.192257
2 -0.374770 0.841996 0.209903
3 -0.346810 0.851806 0.219687
4 -0.316352 0.858853 0.220434
5 -0.286682 0.863281 0.211446
6 -0.258466 0.864878 0.192462
7 -0.241344 0.868019 0.167025
8 -0.231990 0.872008 0.138288
9 -0.226607 0.874167 0.107611
10 -0.223618 0.874985 0.077674
11 -0.221748 0.876198 0.047090
12 -0.221528 0.876028 0.017232
13 -0.222719 0.875897 -0.012795
14 -0.226607 0.874984 -0.043155
15 -0.238242 0.872219 -0.073120
16 -0.259213 0.871912 -0.096397
17 -0.285116 0.869799 -0.112288
18 -0.315237 0.864220 -0.120376
19 -0.348557 0.852601 -0.117585
20 -0.373788 0.840213 -0.105468
21 -0.396626 0.828044 -0.086563
22 -0.414644 0.817066 -0.063785
23 -0.431404 0.811477 -0.038664
24 -0.445650 0.806592 -0.011799
25 -0.455193 0.803923 0.018084
26 -0.458862 0.803431 0.050408
27 -0.455727 0.804517 0.081928
28 -0.446249 0.808220 0.113129
29 -0.433999 0.813127 0.141560
Frame 536
0 -0.420263 0.820134 0.167138
1 -0.400273 0.830328 0.192191
2 -0.376182 0.840886 0.209863
3 -0.348214 0.850641 0.219679
4 -0.317747 0.857633 0.220462
5 -0.288065 0.862013 0.211507
6 -0.259831 0.863572 0.192554
7 -0.242688 0.866701 0.167138
8 -0.233305 0.870699 0.138425
9 -0.227886 0.872876 0.107755
10 -0.224872 0.873716 0.077822
11 -0.222975 0.874955 0.047239
12 -0.222731 0.874807 0.017385
13 -0.223891 0.874707 -0.012650
14 -0.227759 0.873826 -0.043013
15 -0.239373 0.871090 -0.072985
16 -0.260327 0.870845 -0.096287
17 -0.286216 0.868786 -0.112200
18 -0.316341 0.863264 -0.120320
19 -0.349686 0.851700 -0.117566
20 -0.374948 0.839346 -0.105480
21 -0.397822 0.827201 -0.086605
22 -0.415880 0.816236 -0.063852
23 -0.432671 0.810658 -0.038749
24 -0.446948 0.805773 -0.011898
25 -0.456517 0.803098 0.017975
26 -0.460215 0.802587 0.050294
27 -0.457107 0.803641 0.081814
28 -0.447650 0.807305 0.113022
29 -0.435421 0.812167 0.141462
Frame 537
0 -0.421522 0.819278 0.167070
1 -0.401528 0.829404 0.192138
2 -0.377430 0.839907 0.209834
3 -0.349453 0.849606 0.219678
4 -0.318977 0.856544 0.220491
5 -0.289284 0.860878 0.211564
6 -0.261037 0.862408 0.192636
7 -0.243877 0.865530 0.167240
8 -0.234471 0.869543 0.138548
9 -0.229023 0.871745 0.107884
10 -0.225991 0.872611 0.077954
11 -0.224073 0.873879 0.047375
12 -0.223809 0.873760 0.017522
13 -0.224944 0.873696 -0.012520
14 -0.228799 0.872853 -0.042886
15 -0.240397 0.870154 -0.072866
16 -0.261339 0.869972 -0.096189
17 -0.287220 0.867969 -0.112120
18 -0.317351 0.862506 -0.120266
19 -0.350720 0.850996 -0.117544
20 -0.376008 0.838669 -0.105485
21 -0.398915 0.826547 -0.086637
22 -0.417008 0.815589 -0.063906
23 -0.433823 0.810015 -0.038818
24 -0.448125 0.805124 -0.011976
25 -0.457714 0.802437 0.017887
26 -0.461434 0.801901 0.050202
27 -0.458346 0.802916 0.081722
28 -0.448904 0.806533 0.112936
29 -0.436688 0.811347 0.141384
Frame 538
0 -0.422654 0.818523 0.167016
1 -0.402653 0.828582 0.192096
2 -0.378544 0.839029 0.209812
3 -0.350555 0.848673 0.219679
4 -0.320071 0.855558 0.220515
5 -0.290370 0.859851 0.211611
6 -0.262115 0.861354 0.192702
7 -0.244944 0.864474 0.167321
8 -0.235522 0.868505 0.138649
9 -0.230052 0.870736 0.107991
10 -0.227006 0.871633 0.078065
11 -0.225072 0.872934 0.047486
12 -0.224795 0.872846 0.017635
13 -0.225913 0.872821 -0.012412
14 -0.229759 0.872021 -0.042782
15 -0.241347 0.869363 -0.072769
16 -0.262282 0.869242 -0.096108
17 -0.288161 0.867299 -0.112052
18 -0.318300 0.861894 -0.120220
19 -0.351692 0.850435 -0.117523
20 -0.377002 0.838136 -0.105487
21 -0.399938 0.826032 -0.086662
22 -0.418058 0.815077 -0.063949
23 -0.434892 0.809504 -0.038874
24 -0.449214 0.804601 -0.012037
25 -0.458817 0.801898 0.017818
26 -0.462551 0.801330 0.050131
27 -0.459476 0.802304 0.081649
28 -0.450043 0.805871 0.112867
29 -0.437834 0.810633 0.141322
Frame 539
0 -0.423692 0.817839 0.166971
1 -0.403679 0.827830 0.192062
2 -0.379557 0.838221 0.209792
3 -0.351554 0.847811 0.219677
4 -0.321062 0.854647 0.220530
5 -0.291356 0.858900 0.211642
6 -0.263097 0.860381 0.192746
7 -0.245919 0.863499 0.167377
8 -0.236486 0.867552 0.138724
9 -0.231001 0.869814 0.108069
10 -0.227948 0.870744 0.078146
11 -0.226005 0.872079 0.047568
12 -0.225722 0.872023 0.017719
13 -0.226828 0.872040 -0.012332
14 -0.230673 0.871286 -0.042707
15 -0.242257 0.868671 -0.072697
16 -0.263190 0.868610 -0.096050
17 -0.289071 0.866727 -0.112003
18 -0.319221 0.861379 -0.120185
19 -0.352633 0.849971 -0.117506
20 -0.377963 0.837695 -0.105489
21 -0.400922 0.825606 -0.086682
22 -0.419065 0.814652 -0.063985
23 -0.435911 0.809076 -0.038918
24 -0.450246 0.804159 -0.012084
25 -0.459856 0.801439 0.017767
26 -0.463599 0.800838 0.050079
27 -0.460530 0.801767 0.081593
28 -0.451098 0.805281 0.112815
29 -0.438889 0.809990 0.141273
Frame 540
0 -0.424667 0.817193 0.166933
1 -0.404639 0.827118 0.192028
2 -0.380499 0.837456 0.209769
3 -0.352481 0.846994 0.219664
4 -0.321981 0.853781 0.220528
5 -0.292271 0.857998 0.211649
6 -0.264012 0.859457 0.192760
7 -0.246834 0.862574 0.167400
8 -0.237397 0.866649 0.138764
9 -0.231904 0.868943 0.108111
10 -0.228850 0.869905 0.078190
11 -0.226903 0.871274 0.047614
12 -0.226621 0.871251 0.017766
13 -0.227722 0.871308 -0.012289
14 -0.231572 0.870602 -0.042668
15 -0.243160 0.868029 -0.072661
16 -0.264094 0.868025 -0.096020
17 -0.289983 0.866201 -0.111978
18 -0.320144 0.860908 -0.120168
19 -0.353577 0.849549 -0.117500
20 -0.378925 0.837295 -0.105495
21 -0.401902 0.825221 -0.086699
22 -0.420060 0.814265 -0.064013
23 -0.436911 0.808687 -0.038951
24 -0.451253 0.803754 -0.012116
25 -0.460865 0.801015 0.017731
26 -0.464609 0.800380 0.050042
27 -0.461539 0.801266 0.081553
28 -0.452102 0.804729 0.112775
29 -0.439886 0.809387 0.141233
Frame 541
0 -0.425612 0.816554 0.166897
1 -0.405563 0.826418 0.191993
2 -0.381403 0.836703 0.209737
3 -0.353367 0.846192 0.219637
4 -0.322860 0.852934 0.220505
5 -0.293149 0.857114 0.211630
6 -0.264893 0.858552 0.192741
7 -0.247719 0.861668 0.167385
8 -0.238286 0.865763 0.138762
9 -0.232791 0.868086 0.108110
10 -0.229743 0.869081 0.078191
11 -0.227800 0.870481 0.047614
12 -0.227525 0.870487 0.017769
13 -0.228628 0.870585 -0.012288
14 -0.232490 0.869925 -0.042671
15 -0.244088 0.867390 -0.072665
16 -0.265030 0.867440 -0.096027
17 -0.290928 0.865671 -0.111982
18 -0.321103 0.860432 -0.120173
19 -0.354557 0.849120 -0.117507
20 -0.379920 0.836887 -0.105507
21 -0.402910 0.824827 -0.086717
22 -0.421078 0.813872 -0.064037
23 -0.437927 0.808289 -0.038975
24 -0.452268 0.803342 -0.012137
25 -0.461874 0.800585 0.017708
26 -0.465612 0.799919 0.050020
27 -0.462534 0.800763 0.081526
28 -0.453085 0.804177 0.112745
29 -0.440857 0.808785 0.141201
Frame 542
0 -0.426557 0.815889 0.166862
1 -0.406482 0.825696 0.191952
2 -0.382299 0.835935 0.209693
3 -0.354246 0.845378 0.219591
4 -0.323730 0.852075 0.220456
5 -0.294019 0.856220 0.211576
6 -0.265771 0.857635 0.192681
7 -0.248607 0.860748 0.167326
8 -0.239183 0.864861 0.138714
9 -0.233695 0.867208 0.108061
10 -0.230659 0.868233 0.078143
11 -0.228726 0.869660 0.047563
12 -0.228467 0.869690 0.017722
13 -0.229579 0.869827 -0.012334
14 -0.233459 0.869211 -0.042722
15 -0.245075 0.866707 -0.072716
16 -0.266030 0.866806 -0.096075
17 -0.291941 0.865088 -0.112022
18 -0.322132 0.859898 -0.120205
19 -0.355604 0.848632 -0.117532
20 -0.380982 0.836420 -0.105530
21 -0.403978 0.824374 -0.086739
22 -0.422150 0.813421 -0.064058
23 -0.438991 0.807836 -0.038993
24 -0.453323 0.802878 -0.012149
25 -0.462916 0.800107 0.017697
26 -0.466640 0.799413 0.050011
27 -0.463546 0.800220 0.081510
28 -0.454079 0.803589 0.112723
29 -0.441833 0.808154 0.141173
Frame 543
0 -0.427534 0.815168 0.166822
1 -0.407428 0.824924 0.191900
2 -0.383219 0.835121 0.209631
3 -0.355146 0.844522 0.219519
4 -0.324623 0.851178 0.220373
5 -0.294912 0.855287 0.211481
6 -0.266677 0.856676 0.192575
7 -0.249528 0.859781 0.167217
8 -0.240120 0.863906 0.138611
9 -0.234646 0.866273 0.107956
10 -0.231629 0.867322 0.078037
11 -0.229715 0.868772 0.047454
12 -0.229479 0.868819 0.017617
13 -0.230605 0.868989 -0.012437
14 -0.234512 0.868414 -0.042828
15 -0.246154 0.865933 -0.072819
16 -0.267128 0.866074 -0.096171
17 -0.293056 0.864401 -0.112102
18 -0.323261 0.859257 -0.120271
19 -0.356752 0.848037 -0.117580
20 -0.382145 0.835846 -0.105567
21 -0.405141 0.823816 -0.086766
22 -0.423308 0.812867 -0.064079
23 -0.440133 0.807282 -0.039006
24 -0.454450 0.802318 -0.012155
25 -0.464023 0.799536 0.017696
26 -0.467726 0.798822 0.050010
27 -0.464609 0.799599 0.081502
28 -0.455116 0.802931 0.112707
29 -0.442847 0.807458 0.141147
Frame 544
0 -0.428573 0.814358 0.166775
1 -0.408433 0.824071 0.191833
2 -0.384194 0.834233 0.209546
3 -0.356100 0.843598 0.219415
4 -0.325568 0.850214 0.220250
5 -0.295862 0.854286 0.211341
6 -0.267640 0.855645 0.192415
7 -0.250515 0.858736 0.167050
8 -0.241128 0.862866 0.138448
9 -0.235676 0.865245 0.107788
10 -0.232687 0.866312 0.077869
11 -0.230798 0.867778 0.047281
12 -0.230593 0.867833 0.017449
13 -0.231742 0.868031 -0.012602
14 -0.235682 0.867491 -0.042994
15 -0.247359 0.865021 -0.072981
16 -0.268356 0.865196 -0.096321
17 -0.294302 0.863559 -0.112228
18 -0.324526 0.858456 -0.120373
19 -0.358034 0.847280 -0.117655
20 -0.383442 0.835113 -0.105621
21 -0.406433 0.823101 -0.086801
22 -0.424587 0.812159 -0.064102
23 -0.441389 0.806582 -0.039017
24 -0.455680 0.801618 -0.012154
25 -0.465226 0.798832 0.017702
26 -0.468899 0.798106 0.050019
27 -0.465752 0.798860 0.081500
28 -0.456228 0.802165 0.112694
29 -0.443930 0.806663 0.141120
Frame 545
0 -0.429705 0.813446 0.166714
1 -0.409526 0.823120 0.191747
2 -0.385256 0.833252 0.209437
3 -0.357140 0.842584 0.219283
4 -0.326600 0.849160 0.220094
5 -0.296898 0.853192 0.211163
6 -0.268692 0.854517 0.192213
7 -0.251593 0.857586 0.166837
8 -0.242232 0.861716 0.138235
9 -0.236807 0.864098 0.107569
10 -0.233849 0.865179 0.077648
11 -0.231993 0.866654 0.047053
12 -0.231824 0.866707 0.017229
13 -0.232998 0.866930 -0.012817
14 -0.236976 0.866421 -0.043209
15 -0.248694 0.863953 -0.073192
16 -0.269720 0.864156 -0.096516
17 -0.295689 0.862548 -0.112394
18 -0.325931 0.857483 -0.120508
19 -0.359456 0.846354 -0.117755
20 -0.384880 0.834213 -0.105691
21 -0.407861 0.822222 -0.086846
22 -0.425998 0.811292 -0.064128
23 -0.442770 0.805725 -0.039029
24 -0.457031 0.800767 -0.012155
25 -0.466543 0.797986 0.017706
26 -0.470182 0.797255 0.050025
27 -0.466998 0.797995 0.081496
28 -0.457440 0.801280 0.112674
29 -0.445110 0.805756 0.141084
Frame 546
0 -0.430913 0.812502 0.166648
1 -0.410694 0.822141 0.191653
2 -0.386390 0.832245 0.209316
3 -0.358250 0.841543 0.219135
4 -0.327702 0.848078 0.219921
5 -0.298002 0.852066 0.210964
6 -0.269815 0.853350 0.191989
7 -0.252743 0.856395 0.166603
8 -0.243409 0.860518 0.137999
9 -0.238012 0.862901 0.107325
10 -0.235089 0.863990 0.077401
11 -0.233266 0.865470 0.046801
12 -0.233137 0.865518 0.016981
13 -0.234337 0.865760 -0.013055
14 -0.238358 0.865279 -0.043448
15 -0.250120 0.862811 -0.073427
16 -0.271176 0.863041 -0.096734
17 -0.297175 0.861455 -0.112579
18 -0.327434 0.856430 -0.120656
19 -0.360977 0.845352 -0.117863
20 -0.386418 0.833246 -0.105765
21 -0.409387 0.821275 -0.086891
22 -0.427505 0.810360 -0.064151
23 -0.444243 0.804806 -0.039038
24 -0.458470 0.799861 -0.012156
25 -0.467946 0.797088 0.017709
26 -0.471548 0.796358 0.050030
27 -0.468326 0.797088 0.081489
28 -0.458730 0.800357 0.112651
29 -0.446367 0.804815 0.141044
Frame 547
0 -0.432157 0.811627 0.166592
1 -0.411896 0.821233 0.191569
2 -0.387556 0.831308 0.209202
3 -0.359392 0.840573 0.218990
4 -0.328833 0.847065 0.219747
5 -0.299136 0.851007 0.210761
6 -0.270969 0.852247 0.191758
7 -0.253924 0.855261 0.166359
8 -0.244619 0.859375 0.137749
9 -0.239253 0.861752 0.107067
10 -0.236366 0.862847 0.077141
11 -0.234580 0.864330 0.046533
12 -0.234494 0.864367 0.016720
13 -0.235720 0.864625 -0.013305
14 -0.239788 0.864170 -0.043697
15 -0.251599 0.861702 -0.073672
16 -0.272686 0.861957 -0.096960
17 -0.298721 0.860390 -0.112768
18 -0.328997 0.855405 -0.120805
19 -0.362558 0.844382 -0.117966
20 -0.388017 0.832314 -0.105832
21 -0.410974 0.820368 -0.086923
22 -0.429069 0.809472 -0.064160
23 -0.445772 0.803933 -0.039033
24 -0.459961 0.799002 -0.012141
25 -0.469398 0.796244 0.017727
26 -0.472959 0.795519 0.050049
27 -0.469697 0.796244 0.081497
28 -0.460062 0.799500 0.112642
29 -0.447662 0.803942 0.141016
Frame 548
0 -0.433400 0.810921 0.166564
1 -0.413093 0.820496 0.191512
2 -0.388715 0.830543 0.209111
3 -0.360525 0.839773 0.218864
4 -0.329954 0.846221 0.219586
5 -0.300260 0.850114 0.210568
6 -0.272112 0.851307 0.191534
7 -0.255097 0.854287 0.166118
8 -0.245824 0.858388 0.137500
9 -0.240492 0.860756 0.106809
10 -0.237644 0.861853 0.076880
11 -0.235897 0.863334 0.046266
12 -0.235855 0.863359 0.016457
13 -0.237111 0.863631 -0.013556
14 -0.241228 0.863197 -0.043945
15 -0.253091 0.860729 -0.073913
16 -0.274213 0.861013 -0.097179
17 -0.300287 0.859465 -0.112948
18 -0.330583 0.854521 -0.120939
19 -0.364161 0.843554 -0.118052
20 -0.389634 0.831528 -0.105876
21 -0.412579 0.819610 -0.086933
22 -0.430653 0.808731 -0.064143
23 -0.447319 0.803214 -0.039000
24 -0.461466 0.798301 -0.012098
25 -0.470861 0.795560 0.017774
26 -0.474377 0.794844 0.050097
27 -0.471073 0.795565 0.081534
28 -0.461396 0.798811 0.112663
29 -0.448958 0.803239 0.141017
Frame 549
0 -0.434604 0.810482 0.166581
1 -0.414247 0.820028 0.191498
2 -0.389827 0.830047 0.209061
3 -0.361608 0.839240 0.218773
4 -0.331025 0.845642 0.219455
5 -0.301334 0.849484 0.210399
6 -0.273208 0.850628 0.191329
7 -0.256224 0.853572 0.165894
8 -0.246984 0.857656 0.137264
9 -0.241689 0.860012 0.106564
10 -0.238882 0.861109 0.076630
11 -0.237178 0.862585 0.046012
12 -0.237183 0.862597 0.016206
13 -0.238470 0.862880 -0.013795
14 -0.242641 0.862464 -0.044179
15 -0.254559 0.859996 -0.074137
16 -0.275718 0.860312 -0.097376
17 -0.301833 0.858786 -0.113103
18 -0.332150 0.853887 -0.121046
19 -0.365747 0.842975 -0.118107
20 -0.391232 0.830991 -0.105887
21 -0.414166 0.819102 -0.086907
22 -0.432217 0.808247 -0.064091
23 -0.448845 0.802753 -0.038928
24 -0.462949 0.797863 -0.012014
25 -0.472297 0.795142 0.017867
26 -0.475765 0.794436 0.050190
27 -0.472417 0.795157 0.081617
28 -0.462694 0.798393 0.112729
29 -0.450213 0.802806 0.141064
Frame 550
0 -0.435731 0.810409 0.166661
1 -0.415319 0.819930 0.191547
2 -0.390854 0.829916 0.209069
3 -0.362603 0.839071 0.218735
4 -0.332005 0.845425 0.219370
5 -0.302318 0.849218 0.210268
6 -0.274217 0.850312 0.191157
7 -0.257265 0.853217 0.165698
8 -0.248061 0.857283 0.137054
9 -0.242805 0.859624 0.106344
10 -0.240044 0.860718 0.076405
11 -0.238385 0.862186 0.045782
12 -0.238439 0.862186 0.015979
13 -0.239760 0.862477 -0.014012
14 -0.243989 0.862076 -0.044389
15 -0.255967 0.859610 -0.074328
16 -0.277162 0.859964 -0.097534
17 -0.303323 0.858467 -0.113219
18 -0.333660 0.853613 -0.121111
19 -0.367276 0.842753 -0.118117
20 -0.392771 0.830812 -0.105850
21 -0.415693 0.818957 -0.086834
22 -0.433724 0.808126 -0.063989
23 -0.450315 0.802660 -0.038804
24 -0.464373 0.797796 -0.011873
25 -0.473671 0.795097 0.018018
26 -0.477085 0.794401 0.050343
27 -0.473689 0.795123 0.081763
28 -0.463918 0.798349 0.112858
29 -0.451389 0.802748 0.141173
Frame 551
0 -0.436740 0.810558 0.166794
1 -0.416267 0.820055 0.191645
2 -0.391752 0.830010 0.209120
3 -0.363465 0.839125 0.218732
4 -0.332851 0.845433 0.219311
5 -0.303169 0.849174 0.210155
6 -0.275094 0.850217 0.190995
7 -0.258181 0.853082 0.165506
8 -0.249019 0.857127 0.136843
9 -0.243808 0.859450 0.106126
10 -0.241100 0.860536 0.076179
11 -0.239494 0.861996 0.045553
12 -0.239603 0.861987 0.015752
13 -0.240963 0.862282 -0.014230
14 -0.245256 0.861889 -0.044599
15 -0.257301 0.859427 -0.074514
16 -0.278539 0.859825 -0.097678
17 -0.304745 0.858359 -0.113317
18 -0.335109 0.853552 -0.121152
19 -0.368742 0.842742 -0.118097
20 -0.394243 0.830842 -0.105778
21 -0.417153 0.819022 -0.086721
22 -0.435162 0.808220 -0.063846
23 -0.451713 0.802783 -0.038631
24 -0.465718 0.797946 -0.011678
25 -0.474959 0.795270 0.018229
26 -0.478311 0.794587 0.050554
27 -0.474863 0.795312 0.081968
28 -0.465035 0.798528 0.113044
29 -0.452453 0.802912 0.141338
Frame 552
0 -0.437630 0.810719 0.166957
1 -0.417086 0.820197 0.191767
2 -0.392515 0.830125 0.209186
3 -0.364188 0.839203 0.218733
4 -0.333557 0.845466 0.219245
5 -0.303883 0.849157 0.210025
6 -0.275840 0.850147 0.190808
7 -0.258971 0.852970 0.165283
8 -0.249860 0.856988 0.136599
9 -0.244704 0.859292 0.105873
10 -0.242058 0.860367 0.075918
11 -0.240516 0.861815 0.045290
12 -0.240686 0.861796 0.015490
13 -0.242096 0.862091 -0.014486
14 -0.246464 0.861701 -0.044842
15 -0.258584 0.859245 -0.074728
16 -0.279873 0.859689 -0.097843
17 -0.306126 0.858253 -0.113427
18 -0.336520 0.853488 -0.121197
19 -0.370170 0.842724 -0.118070
20 -0.395679 0.830865 -0.105692
21 -0.418571 0.819079 -0.086587
22 -0.436550 0.808305 -0.063674
23 -0.453053 0.802900 -0.038424
24 -0.466997 0.798091 -0.011444
25 -0.476170 0.795442 0.018484
26 -0.479448 0.794774 0.050809
27 -0.475939 0.795503 0.082216
28 -0.466047 0.798715 0.113271
29 -0.453401 0.803086 0.141538
Frame 553
0 -0.438409 0.810903 0.167147
1 -0.417789 0.820364 0.191909
2 -0.393156 0.830270 0.209263
3 -0.364789 0.839315 0.218736
4 -0.334140 0.845535 0.219171
5 -0.304475 0.849178 0.209877
6 -0.276469 0.850115 0.190594
7 -0.259652 0.852896 0.165027
8 -0.250600 0.856882 0.136319
9 -0.245506 0.859163 0.105583
10 -0.242934 0.860221 0.075618
11 -0.241463 0.861655 0.044988
12 -0.241703 0.861624 0.015191
13 -0.243174 0.861916 -0.014780
14 -0.247624 0.861521 -0.045121
15 -0.259829 0.859071 -0.074972
16 -0.281175 0.859559 -0.098031
17 -0.307480 0.858152 -0.113553
18 -0.337905 0.853427 -0.121250
19 -0.371571 0.842701 -0.118042
20 -0.397085 0.830882 -0.105594
21 -0.419954 0.819131 -0.086433
22 -0.437896 0.808387 -0.063477
23 -0.454345 0.803016 -0.038187
24 -0.468219 0.798238 -0.011174
25 -0.477315 0.795618 0.018778
26 -0.480508 0.794966 0.051102
27 -0.476929 0.795706 0.082504
28 -0.466964 0.798916 0.113535
29 -0.454248 0.803277 0.141771
Frame 554
0 -0.439094 0.811118 0.167362
1 -0.418389 0.820569 0.192068
2 -0.393690 0.830456 0.209349
3 -0.365280 0.839472 0.218737
4 -0.334613 0.845653 0.219085
5 -0.304960 0.849251 0.209707
6 -0.276996 0.850135 0.190349
7 -0.260239 0.852870 0.164735
8 -0.251255 0.856822 0.136000
9 -0.246233 0.859076 0.105252
10 -0.243742 0.860114 0.075277
11 -0.242354 0.861528 0.044645
12 -0.242671 0.861484 0.014851
13 -0.244210 0.861766 -0.015115
14 -0.248751 0.861361 -0.045439
15 -0.261050 0.858913 -0.075249
16 -0.282459 0.859444 -0.098245
17 -0.308819 0.858061 -0.113697
18 -0.339276 0.853370 -0.121310
19 -0.372957 0.842681 -0.118012
20 -0.398473 0.830899 -0.105486
21 -0.421312 0.819182 -0.086264
22 -0.439212 0.808469 -0.063258
23 -0.455599 0.803133 -0.037921
24 -0.469394 0.798390 -0.010871
25 -0.478403 0.795801 0.019108
26 -0.481500 0.795170 0.051432
27 -0.477845 0.795925 0.082826
28 -0.467798 0.799137 0.113831
29 -0.455006 0.803495 0.142033
Frame 555
0 -0.439695 0.811372 0.167597
1 -0.418900 0.820819 0.192240
2 -0.394132 0.830693 0.209440
3 -0.365677 0.839686 0.218734
4 -0.334995 0.845833 0.218984
5 -0.305356 0.849387 0.209513
6 -0.277439 0.850220 0.190072
7 -0.260750 0.852908 0.164406
8 -0.251839 0.856821 0.135640
9 -0.246899 0.859044 0.104880
10 -0.244497 0.860056 0.074894
11 -0.243199 0.861447 0.044260
12 -0.243603 0.861386 0.014468
13 -0.245218 0.861651 -0.015493
14 -0.249857 0.861231 -0.045796
15 -0.262260 0.858781 -0.075562
16 -0.283737 0.859349 -0.098487
17 -0.310155 0.857985 -0.113861
18 -0.340647 0.853323 -0.121382
19 -0.374339 0.842664 -0.117985
20 -0.399852 0.830918 -0.105372
21 -0.422655 0.819235 -0.086081
22 -0.440504 0.808555 -0.063021
23 -0.456822 0.803257 -0.037631
24 -0.470531 0.798549 -0.010541
25 -0.479444 0.795996 0.019469
26 -0.482437 0.795391 0.051793
27 -0.478697 0.796166 0.083180
28 -0.468562 0.799387 0.114155
29 -0.455685 0.803745 0.142320
Frame 556
0 -0.440226 0.811675 0.167848
1 -0.419337 0.821123 0.192422
2 -0.394497 0.830993 0.209533
3 -0.365996 0.839968 0.218722
4 -0.335297 0.846086 0.218864
5 -0.305678 0.849601 0.209292
6 -0.277813 0.850383 0.189761
7 -0.261197 0.853023 0.164037
8 -0.252370 0.856893 0.135236
9 -0.247520 0.859080 0.104463
10 -0.245215 0.860063 0.074465
11 -0.244016 0.861424 0.043828
12 -0.244513 0.861340 0.014040
13 -0.246214 0.861584 -0.015914
14 -0.250958 0.861142 -0.046196
15 -0.263471 0.858684 -0.075913
16 -0.285022 0.859280 -0.098760
17 -0.311500 0.857929 -0.114047
18 -0.342026 0.853290 -0.121468
19 -0.375725 0.842656 -0.117961
20 -0.401231 0.830944 -0.105255
21 -0.423991 0.819294 -0.085887
22 -0.441781 0.808648 -0.062767
23 -0.458025 0.803389 -0.037322
24 -0.471639 0.798721 -0.010186
25 -0.480448 0.796208 0.019857
26 -0.483331 0.795633 0.052183
27 -0.479496 0.796435 0.083562
28 -0.469266 0.799672 0.114505
29 -0.456299 0.804038 0.142629
Frame 557
0 -0.440699 0.812036 0.168112
1 -0.419712 0.821493 0.192611
2 -0.394799 0.831364 0.209623
3 -0.366252 0.840330 0.218699
4 -0.335539 0.846425 0.218724
5 -0.305942 0.849904 0.209041
6 -0.278132 0.850638 0.189411
7 -0.261599 0.853229 0.163624
8 -0.252863 0.857053 0.134786
9 -0.248111 0.859199 0.103997
10 -0.245911 0.860145 0.073988
11 -0.244818 0.861472 0.043349
12 -0.245417 0.861357 0.013565
13 -0.247210 0.861573 -0.016381
14 -0.252066 0.861102 -0.046640
15 -0.264696 0.858627 -0.076303
16 -0.286326 0.859245 -0.099065
17 -0.312868 0.857898 -0.114258
18 -0.343426 0.853274 -0.121570
19 -0.377129 0.842660 -0.117942
20 -0.402619 0.830979 -0.105136
21 -0.425331 0.819363 -0.085686
22 -0.443054 0.808751 -0.062500
23 -0.459215 0.803534 -0.036995
24 -0.472728 0.798909 -0.009811
25 -0.481426 0.796438 0.020267
26 -0.484188 0.795901 0.052595
27 -0.480253 0.796737 0.083965
28 -0.469922 0.799999 0.114875
29 -0.456861 0.804379 0.142956
Frame 558
0 -0.441128 0.812461 0.168387
1 -0.420039 0.821937 0.192803
2 -0.395051 0.831816 0.209708
3 -0.366459 0.840781 0.218662
4 -0.335734 0.846861 0.218560
5 -0.306163 0.850310 0.208757
6 -0.278416 0.850999 0.189020
7 -0.261972 0.853538 0.163167
8 -0.253334 0.857313 0.134288
9 -0.248689 0.859412 0.103481
10 -0.246600 0.860317 0.073461
11 -0.245621 0.861602 0.042819
12 -0.246328 0.861449 0.013039
13 -0.248221 0.861628 -0.016895
14 -0.253196 0.861123 -0.047129
15 -0.265949 0.858620 -0.076737
16 -0.287661 0.859247 -0.099405
17 -0.314270 0.857895 -0.114497
18 -0.344858 0.853280 -0.121689
19 -0.378560 0.842677 -0.117933
20 -0.404027 0.831028 -0.105018
21 -0.426681 0.819444 -0.085480
22 -0.444331 0.808869 -0.062224
23 -0.460404 0.803696 -0.036654
24 -0.473808 0.799117 -0.009421
25 -0.482388 0.796694 0.020694
26 -0.485024 0.796200 0.053028
27 -0.480980 0.797079 0.084388
28 -0.470541 0.800375 0.115261
29 -0.457381 0.804779 0.143297
Frame 559
0 -0.441523 0.813022 0.168669
1 -0.420329 0.822525 0.192997
2 -0.395267 0.832423 0.209788
3 -0.366630 0.841394 0.218612
4 -0.335896 0.847466 0.218374
5 -0.306354 0.850891 0.208443
6 -0.278675 0.851538 0.188593
7 -0.262326 0.854025 0.162668
8 -0.253794 0.857748 0.133745
9 -0.249264 0.859794 0.102919
10 -0.247292 0.860654 0.072887
11 -0.246433 0.861890 0.042241
12 -0.247257 0.861689 0.012468
13 -0.249256 0.861825 -0.017449
14 -0.254354 0.861280 -0.047660
15 -0.267237 0.858738 -0.077208
16 -0.289036 0.859361 -0.099778
17 -0.315714 0.857994 -0.114760
18 -0.346329 0.853379 -0.121824
19 -0.380024 0.842783 -0.117930
20 -0.405459 0.831163 -0.104900
21 -0.428049 0.819610 -0.085267
22 -0.445618 0.809074 -0.061936
23 -0.461594 0.803944 -0.036300
24 -0.474884 0.799415 -0.009015
25 -0.483340 0.797044 0.021140
26 -0.485844 0.796602 0.053481
27 -0.481685 0.797532 0.084828
28 -0.471133 0.800872 0.115664
29 -0.457867 0.805307 0.143651
Frame 560
0 -0.441878 0.813761 0.168959
1 -0.420579 0.823298 0.193194
2 -0.395442 0.833222 0.209865
3 -0.366762 0.842206 0.218551
4 -0.336019 0.848276 0.218170
5 -0.306510 0.851683 0.208105
6 -0.278903 0.852291 0.188135
7 -0.262656 0.854726 0.162137
8 -0.254235 0.858397 0.133167
9 -0.249828 0.860384 0.102320
10 -0.247979 0.861197 0.072277
11 -0.247246 0.862380 0.041628
12 -0.248191 0.862126 0.011861
13 -0.250301 0.862213 -0.018036
14 -0.255528 0.861624 -0.048221
15 -0.268545 0.859037 -0.077708
16 -0.290433 0.859648 -0.100174
17 -0.317183 0.858256 -0.115039
18 -0.347824 0.853633 -0.121968
19 -0.381506 0.843039 -0.117930
20 -0.406903 0.831446 -0.104781
21 -0.429422 0.819923 -0.085049
22 -0.446903 0.809425 -0.061640
23 -0.462780 0.804340 -0.035935
24 -0.475948 0.799862 -0.008596
25 -0.484276 0.797547 0.021598
26 -0.486642 0.797158 0.053947
27 -0.482361 0.798144 0.085281
28 -0.471693 0.801533 0.116077
29 -0.458317 0.806009 0.144014
Frame 561
0 -0.442190 0.814639 0.169248
1 -0.420783 0.824218 0.193387
2 -0.395571 0.834170 0.209934
3 -0.366849 0.843172 0.218478
4 -0.336099 0.849246 0.217950
5 -0.306626 0.852638 0.207746
6 -0.279096 0.853212 0.187653
7 -0.262952 0.855597 0.161577
8 -0.254648 0.859214 0.132559
9 -0.250367 0.861144 0.101692
10 -0.248644 0.861908 0.071637
11 -0.248041 0.863038 0.040986
12 -0.249112 0.862731 0.011227
13 -0.251338 0.862765 -0.018647
14 -0.256697 0.862133 -0.048805
15 -0.269852 0.859498 -0.078232
16 -0.291832 0.860091 -0.100591
17 -0.318656 0.858670 -0.115334
18 -0.349319 0.854035 -0.122124
19 -0.382988 0.843439 -0.117937
20 -0.408342 0.831869 -0.104667
21 -0.430786 0.820373 -0.084834
22 -0.448175 0.809911 -0.061344
23 -0.463946 0.804870 -0.035568
24 -0.476990 0.800443 -0.008174
25 -0.485184 0.798180 0.022062
26 -0.487409 0.797848 0.054418
27 -0.483001 0.798892 0.085739
28 -0.472212 0.802334 0.116493
29 -0.458723 0.806851 0.144377
Frame 562
0 -0.442450 0.815622 0.169528
1 -0.420936 0.825245 0.193570
2 -0.395649 0.835228 0.209991
3 -0.366885 0.844250 0.218391
4 -0.336130 0.850330 0.217713
5 -0.306694 0.853712 0.207366
6 -0.279242 0.854254 0.187149
7 -0.263203 0.856594 0.160996
8 -0.255018 0.860161 0.131927
9 -0.250868 0.862034 0.101041
10 -0.249274 0.862752 0.070975
11 -0.248803 0.863830 0.040322
12 -0.250003 0.863473 0.010573
13 -0.252347 0.863457 -0.019276
14 -0.257840 0.862781 -0.049405
15 -0.271137 0.860103 -0.078775
16 -0.293210 0.860675 -0.101025
17 -0.320109 0.859222 -0.115643
18 -0.350795 0.854571 -0.122290
19 -0.384448 0.843971 -0.117956
20 -0.409760 0.832423 -0.104564
21 -0.432125 0.820950 -0.084626
22 -0.449417 0.810522 -0.061054
23 -0.465080 0.805520 -0.035207
24 -0.477998 0.801140 -0.007756
25 -0.486056 0.798927 0.022521
26 -0.488135 0.798648 0.054885
27 -0.483598 0.799748 0.086191
28 -0.472684 0.803241 0.116903
29 -0.459078 0.807800 0.144733
Frame 563
0 -0.442656 0.816675 0.169791
1 -0.421034 0.826340 0.193737
2 -0.395672 0.836353 0.210032
3 -0.366865 0.845397 0.218288
4 -0.336104 0.851485 0.217460
5 -0.306706 0.854859 0.206972
6 -0.279333 0.855375 0.186629
7 -0.263400 0.857673 0.160397
8 -0.255337 0.861192 0.131279
9 -0.251318 0.863016 0.100374
10 -0.249853 0.863692 0.070296
11 -0.249517 0.864724 0.039645
12 -0.250847 0.864325 0.009905
13 -0.253310 0.864261 -0.019917
14 -0.258939 0.863545 -0.050015
15 -0.272379 0.860833 -0.079331
16 -0.294546 0.861387 -0.101473
17 -0.321522 0.859903 -0.115964
18 -0.352231 0.855235 -0.122471
19 -0.385868 0.844629 -0.117988
20 -0.411138 0.833098 -0.104475
21 -0.433424 0.821644 -0.084434
22 -0.450618 0.811242 -0.060779
23 -0.466171 0.806277 -0.034859
24 -0.478961 0.801939 -0.007351
25 -0.486879 0.799770 0.022968
26 -0.488809 0.799538 0.055338
27 -0.484144 0.800687 0.086628
28 -0.473103 0.804226 0.117296
29 -0.459378 0.808823 0.145070
Frame 564
0 -0.442798 0.817762 0.170032
1 -0.421070 0.827467 0.193882
2 -0.395632 0.837506 0.210055
3 -0.366783 0.846569 0.218167
4 -0.336017 0.852665 0.217191
5 -0.306653 0.856034 0.206563
6 -0.279361 0.856528 0.186096
7 -0.263533 0.858793 0.159788
8 -0.255590 0.862270 0.130621
9 -0.251702 0.864051 0.099697
10 -0.250368 0.864692 0.069608
11 -0.250167 0.865686 0.038961
12 -0.251625 0.865258 0.009232
13 -0.254207 0.865152 -0.020563
14 -0.259973 0.864403 -0.050628
15 -0.273558 0.861672 -0.079897
16 -0.295818 0.862211 -0.101933
17 -0.322872 0.860701 -0.116297
18 -0.353604 0.856016 -0.122666
19 -0.387225 0.845403 -0.118039
20 -0.412462 0.833885 -0.104407
21 -0.434668 0.822445 -0.084262
22 -0.451762 0.812065 -0.060526
23 -0.467205 0.807128 -0.034534
24 -0.479867 0.802823 -0.006967
25 -0.487645 0.800690 0.023392
26 -0.489424 0.800494 0.055766
27 -0.484630 0.801684 0.087041
28 -0.473459 0.805260 0.117665
29 -0.459615 0.809887 0.145383
Frame 565
0 -0.442873 0.818847 0.170240
1 -0.421039 0.828584 0.194001
2 -0.395525 0.838644 0.210054
3 -0.366632 0.847723 0.218029
4 -0.335859 0.853827 0.216910
5 -0.306531 0.857192 0.206145
6 -0.279317 0.857669 0.185558
7 -0.263589 0.859909 0.159174
8 -0.255767 0.863351 0.129956
9 -0.252007 0.865101 0.099017
10 -0.250802 0.865715 0.068918
11 -0.250737 0.866683 0.038280
12 -0.252319 0.866244 0.008559
13 -0.255020 0.866102 -0.021209
14 -0.260921 0.865330 -0.051237
15 -0.274651 0.862599 -0.080466
16 -0.297003 0.863132 -0.102401
17 -0.324135 0.861604 -0.116640
18 -0.354895 0.856904 -0.122876
19 -0.388503 0.846286 -0.118112
20 -0.413714 0.834776 -0.104367
21 -0.435840 0.823343 -0.084120
22 -0.452837 0.812974 -0.060304
23 -0.468169 0.808058 -0.034239
24 -0.480706 0.803778 -0.006612
25 -0.488343 0.801668 0.023786
26 -0.489968 0.801493 0.056161
27 -0.485049 0.802713 0.087420
28 -0.473748 0.806312 0.118001
29 -0.459782 0.810958 0.145662
Frame 566
0 -0.442877 0.819904 0.170409
1 -0.420940 0.829665 0.194087
2 -0.395349 0.839739 0.210026
3 -0.366412 0.848828 0.217869
4 -0.335629 0.854938 0.216612
5 -0.306335 0.858301 0.205716
6 -0.279198 0.858767 0.185012
7 -0.263566 0.860992 0.158558
8 -0.255861 0.864406 0.129292
9 -0.252226 0.866139 0.098339
10 -0.251147 0.866738 0.068229
11 -0.251215 0.867694 0.037602
12 -0.252917 0.867262 0.007891
13 -0.255735 0.867097 -0.021852
14 -0.261769 0.866312 -0.051842
15 -0.275643 0.863601 -0.081037
16 -0.298086 0.864142 -0.102873
17 -0.325294 0.862605 -0.116992
18 -0.356083 0.857892 -0.123101
19 -0.389682 0.847268 -0.118209
20 -0.414876 0.835762 -0.104357
21 -0.436928 0.824329 -0.084014
22 -0.453829 0.813962 -0.060123
23 -0.469054 0.809058 -0.033984
24 -0.481468 0.804789 -0.006297
25 -0.488964 0.802690 0.024138
26 -0.490435 0.802521 0.056511
27 -0.485395 0.803754 0.087753
28 -0.473964 0.807361 0.118293
29 -0.459876 0.812012 0.145897
Frame 567
0 -0.442822 0.820945 0.170533
1 -0.420785 0.830724 0.194133
2 -0.395118 0.840806 0.209968
3 -0.366137 0.849903 0.217686
4 -0.335345 0.856019 0.216300
5 -0.306081 0.859381 0.205278
6 -0.279020 0.859842 0.184463
7 -0.263478 0.862062 0.157942
8 -0.255886 0.865458 0.128630
9 -0.252369 0.867186 0.097665
10 -0.251415 0.867780 0.067545
11 -0.251612 0.868734 0.036933
12 -0.253428 0.868327 0.007230
13 -0.256358 0.868146 -0.022489
14 -0.262522 0.867356 -0.052439
15 -0.276535 0.864685 -0.081603
16 -0.299066 0.865243 -0.103345
17 -0.326350 0.863703 -0.117347
18 -0.357167 0.858981 -0.123339
19 -0.390759 0.848350 -0.118327
20 -0.415945 0.836840 -0.104377
21 -0.437924 0.825400 -0.083944
22 -0.454734 0.815027 -0.059984
23 -0.469856 0.810124 -0.033775
24 -0.482151 0.805859 -0.006029
25 -0.489509 0.803756 0.024441
26 -0.490828 0.803580 0.056811
27 -0.485672 0.804812 0.088036
28 -0.474113 0.808415 0.118536
29 -0.459907 0.813060 0.146085
Frame 568
0 -0.442721 0.821994 0.170615
1 -0.420590 0.831787 0.194145
2 -0.394853 0.841874 0.209882
3 -0.365831 0.850978 0.217484
4 -0.335029 0.857102 0.215978
5 -0.305794 0.860468 0.204839
6 -0.278803 0.860932 0.183919
7 -0.263346 0.863154 0.157334
8 -0.255862 0.866539 0.127979
9 -0.252456 0.868270 0.097004
10 -0.251620 0.868868 0.066876
11 -0.251940 0.869831 0.036281
12 -0.253863 0.869459 0.006585
13 -0.256900 0.869269 -0.023113
14 -0.263188 0.868484 -0.053023
15 -0.277335 0.865862 -0.082160
16 -0.299948 0.866442 -0.103813
17 -0.327305 0.864904 -0.117705
18 -0.358151 0.860170 -0.123585
19 -0.391736 0.849528 -0.118466
20 -0.416916 0.838009 -0.104426
21 -0.438827 0.826555 -0.083911
22 -0.455551 0.816168 -0.059887
23 -0.470573 0.811259 -0.033612
24 -0.482756 0.806989 -0.005809
25 -0.489980 0.804872 0.024695
26 -0.491152 0.804677 0.057058
27 -0.485887 0.805901 0.088269
28 -0.474206 0.809488 0.118727
29 -0.459887 0.814120 0.146225
Frame 569
0 -0.442591 0.823071 0.170656
1 -0.420376 0.832877 0.194122
2 -0.394574 0.842971 0.209770
3 -0.365513 0.852085 0.217267
4 -0.334703 0.858220 0.215651
5 -0.305495 0.861597 0.204404
6 -0.278568 0.862069 0.183388
7 -0.263190 0.864301 0.156744
8 -0.255806 0.867682 0.127349
9 -0.252505 0.869424 0.096365
10 -0.251779 0.870031 0.066230
11 -0.252215 0.871009 0.035651
12 -0.254237 0.870678 0.005961
13 -0.257373 0.870485 -0.023715
14 -0.263776 0.869707 -0.053586
15 -0.278049 0.867141 -0.082699
16 -0.300737 0.867744 -0.104271
17 -0.328165 0.866205 -0.118061
18 -0.359037 0.861457 -0.123840
19 -0.392613 0.850801 -0.118624
20 -0.417794 0.839267 -0.104503
21 -0.439638 0.827793 -0.083913
22 -0.456277 0.817384 -0.059831
23 -0.471205 0.812462 -0.033495
24 -0.483282 0.808180 -0.005637
25 -0.490379 0.806042 0.024898
26 -0.491413 0.805820 0.057254
27 -0.486047 0.807029 0.088449
28 -0.474252 0.810598 0.118870
29 -0.459829 0.815214 0.146319
Frame 570
0 -0.442448 0.824201 0.170656
1 -0.420157 0.834021 0.194066
2 -0.394300 0.844125 0.209636
3 -0.365206 0.853253 0.217040
4 -0.334389 0.859405 0.215325
5 -0.305205 0.862799 0.203981
6 -0.278338 0.863289 0.182876
7 -0.263030 0.865537 0.156179
8 -0.255739 0.868919 0.126749
9 -0.252532 0.870676 0.095757
10 -0.251906 0.871297 0.065615
11 -0.252448 0.872293 0.035053
12 -0.254560 0.872003 0.005367
13 -0.257788 0.871812 -0.024288
14 -0.264295 0.871044 -0.054123
15 -0.278681 0.868535 -0.083217
16 -0.301441 0.869155 -0.104716
17 -0.328933 0.867611 -0.118412
18 -0.359828 0.862842 -0.124101
19 -0.393395 0.852167 -0.118799
20 -0.418572 0.840610 -0.104607
21 -0.440353 0.829110 -0.083949
22 -0.456913 0.818675 -0.059815
23 -0.471751 0.813733 -0.033422
24 -0.483728 0.809435 -0.005514
25 -0.490707 0.807268 0.025048
26 -0.491615 0.807018 0.057397
27 -0.486159 0.808209 0.088576
28 -0.474262 0.811758 0.118963
29 -0.459746 0.816359 0.146366
Frame 571
0 -0.442305 0.825404 0.170617
1 -0.419953 0.835244 0.193978
2 -0.394051 0.845364 0.209482
3 -0.364932 0.854513 0.216807
4 -0.334109 0.860690 0.215006
5 -0.304948 0.864110 0.203576
6 -0.278132 0.864626 0.182395
7 -0.262887 0.866894 0.155650
8 -0.255679 0.870283 0.126188
9 -0.252556 0.872056 0.095189
10 -0.252018 0.872694 0.065041
11 -0.252654 0.873708 0.034493
12 -0.254846 0.873456 0.004812
13 -0.258154 0.873270 -0.024825
14 -0.264753 0.872511 -0.054626
15 -0.279239 0.870054 -0.083706
16 -0.302061 0.870680 -0.105143
17 -0.329614 0.869120 -0.118756
18 -0.360527 0.864324 -0.124366
19 -0.394080 0.853624 -0.118990
20 -0.419255 0.842037 -0.104737
21 -0.440973 0.830506 -0.084019
22 -0.457457 0.820040 -0.059839
23 -0.472211 0.815073 -0.033396
24 -0.484096 0.810754 -0.005444
25 -0.490969 0.808557 0.025143
26 -0.491766 0.808277 0.057485
27 -0.486230 0.809452 0.088651
28 -0.474247 0.812984 0.119006
29 -0.459651 0.817574 0.146368
Frame 572
0 -0.442178 0.826702 0.170541
1 -0.419781 0.836570 0.193861
2 -0.393847 0.846714 0.209311
3 -0.364711 0.855895 0.216571
4 -0.333887 0.862108 0.214698
5 -0.304745 0.865565 0.203198
6 -0.277971 0.866115 0.181949
7 -0.262781 0.868408 0.155163
8 -0.255642 0.871807 0.125674
9 -0.252592 0.873595 0.094668
10 -0.252130 0.874249 0.064516
11 -0.252845 0.875279 0.033979
12 -0.255108 0.875054 0.004302
13 -0.258482 0.874875 -0.025317
14 -0.265157 0.874123 -0.055089
15 -0.279728 0.871709 -0.084160
16 -0.302604 0.872325 -0.105550
17 -0.330211 0.870735 -0.119092
18 -0.361136 0.865903 -0.124634
19 -0.394674 0.855169 -0.119195
20 -0.419840 0.843546 -0.104892
21 -0.441497 0.831977 -0.084122
22 -0.457909 0.821478 -0.059902
23 -0.472584 0.816482 -0.033416
24 -0.484386 0.812139 -0.005428
25 -0.491165 0.809911 0.025182
26 -0.491872 0.809605 0.057518
27 -0.486267 0.810768 0.088671
28 -0.474216 0.814289 0.118997
29 -0.459557 0.818877 0.146325
Frame 573
0 -0.442084 0.828118 0.170426
1 -0.419659 0.838024 0.193717
2 -0.393709 0.848204 0.209126
3 -0.364566 0.857429 0.216336
4 -0.333745 0.863691 0.214409
5 -0.304619 0.867195 0.202853
6 -0.277877 0.867789 0.181548
7 -0.262732 0.870110 0.154730
8 -0.255650 0.873522 0.125217
9 -0.252660 0.875322 0.094204
10 -0.252256 0.875990 0.064049
11 -0.253033 0.877032 0.033518
12 -0.255356 0.876820 0.003845
13 -0.258782 0.876647 -0.025757
14 -0.265517 0.875896 -0.055505
15 -0.280154 0.873511 -0.084575
16 -0.303075 0.874095 -0.105931
17 -0.330729 0.872459 -0.119415
18 -0.361658 0.867577 -0.124904
19 -0.395176 0.856801 -0.119414
20 -0.420327 0.845132 -0.105071
21 -0.441922 0.833523 -0.084259
22 -0.458267 0.822987 -0.060005
23 -0.472870 0.817957 -0.033484
24 -0.484596 0.813591 -0.005468
25 -0.491300 0.811334 0.025160
26 -0.491938 0.811010 0.057496
27 -0.486278 0.812167 0.088635
28 -0.474180 0.815691 0.118936
29 -0.459477 0.820290 0.146237
Frame 574
0 -0.442038 0.829650 0.170288
1 -0.419602 0.839600 0.193557
2 -0.393649 0.849821 0.208939
3 -0.364507 0.859099 0.216117
4 -0.333690 0.865418 0.214150
5 -0.304576 0.868980 0.202551
6 -0.277857 0.869626 0.181205
7 -0.262746 0.871977 0.154359
8 -0.255706 0.875405 0.124831
9 -0.252764 0.877216 0.093811
10 -0.252402 0.877899 0.063653
11 -0.253226 0.878949 0.033126
12 -0.255597 0.878740 0.003456
13 -0.259061 0.878575 -0.026127
14 -0.265838 0.877828 -0.055863
15 -0.280526 0.875465 -0.084939
16 -0.303482 0.875999 -0.106276
17 -0.331183 0.874306 -0.119718
18 -0.362113 0.869367 -0.125166
19 -0.395608 0.858548 -0.119636
20 -0.420738 0.846828 -0.105263
21 -0.442276 0.835175 -0.084416
22 -0.458558 0.824599 -0.060134
23 -0.473096 0.819533 -0.033588
24 -0.484756 0.815140 -0.005552
25 -0.491402 0.812852 0.025091
26 -0.491991 0.812513 0.057428
27 -0.486290 0.813668 0.088554
28 -0.474161 0.817199 0.118835
29 -0.459430 0.821812 0.146117
Frame 575
0 -0.442044 0.831271 0.170137
1 -0.419610 0.841260 0.193393
2 -0.393659 0.851525 0.208761
3 -0.364520 0.860857 0.215918
4 -0.333707 0.867234 0.213924
5 -0.304601 0.870854 0.202295
6 -0.277898 0.871557 0.180918
7 -0.262808 0.873940 0.154050
8 -0.255799 0.877389 0.124511
9 -0.252894 0.879212 0.093486
10 -0.252560 0.879917 0.063326
11 -0.253415 0.880974 0.032799
12 -0.255827 0.880767 0.003133
13 -0.259316 0.880615 -0.026430
14 -0.266125 0.879881 -0.056159
15 -0.280852 0.877548 -0.085256
16 -0.303834 0.878021 -0.106585
17 -0.331587 0.876273 -0.119996
18 -0.362518 0.871280 -0.125416
19 -0.395993 0.860419 -0.119853
20 -0.421101 0.848649 -0.105456
21 -0.442586 0.836948 -0.084583
22 -0.458812 0.826330 -0.060279
23 -0.473290 0.821220 -0.033717
24 -0.484897 0.816800 -0.005668
25 -0.491498 0.814476 0.024986
26 -0.492053 0.814121 0.057327
27 -0.486321 0.815269 0.088440
28 -0.474175 0.818802 0.118707
29 -0.459425 0.823428 0.145975
Frame 576
0 -0.442096 0.832961 0.169972
1 -0.419671 0.842989 0.193224
2 -0.393727 0.853294 0.208585
3 -0.364592 0.862679 0.215732
4 -0.333783 0.869114 0.213721
5 -0.304681 0.872794 0.202074
6 -0.277988 0.873554 0.180675
7 -0.262909 0.875969 0.153788
8 -0.255921 0.879444 0.124245
9 -0.253044 0.881281 0.093216
10 -0.252725 0.882009 0.063054
11 -0.253599 0.883074 0.032526
12 -0.256045 0.882868 0.002863
13 -0.259548 0.882732 -0.026679
14 -0.266378 0.882019 -0.056406
15 -0.281135 0.879721 -0.085533
16 -0.304136 0.880128 -0.106864
17 -0.331947 0.878330 -0.120257
18 -0.362876 0.873286 -0.125657
19 -0.396334 0.862387 -0.120071
20 -0.421421 0.850567 -0.105656
21 -0.442861 0.838819 -0.084762
22 -0.459036 0.828156 -0.060443
23 -0.473462 0.823003 -0.033870
24 -0.485023 0.818551 -0.005816
25 -0.491590 0.816187 0.024847
26 -0.492124 0.815811 0.057195
27 -0.486371 0.816951 0.088293
28 -0.474217 0.820482 0.118552
29 -0.459456 0.825117 0.145813
Frame 577
0 -0.442185 0.834703 0.169791
1 -0.419777 0.844766 0.193044
2 -0.393843 0.855109 0.208407
3 -0.364712 0.864543 0.215552
4 -0.333906 0.871034 0.213533
5 -0.304805 0.874772 0.201875
6 -0.278117 0.875590 0.180463
7 -0.263038 0.878037 0.153561
8 -0.256064 0.881536 0.124018
9 -0.253206 0.883388 0.092986
10 -0.252893 0.884143 0.062823
11 -0.253777 0.885216 0.032293
12 -0.256249 0.885013 0.002632
13 -0.259759 0.884894 -0.026889
14 -0.266599 0.884206 -0.056618
15 -0.281380 0.881949 -0.085784
16 -0.304394 0.882290 -0.107123
17 -0.332263 0.880446 -0.120506
18 -0.363193 0.875356 -0.125895
19 -0.396637 0.864424 -0.120292
20 -0.421705 0.852554 -0.105865
21 -0.443103 0.840760 -0.084956
22 -0.459235 0.830054 -0.060626
23 -0.473614 0.824854 -0.034049
24 -0.485138 0.820372 -0.005993
25 -0.491682 0.817967 0.024676
26 -0.492204 0.817570 0.057031
27 -0.486438 0.818697 0.088116
28 -0.474285 0.822224 0.118370
29 -0.459519 0.826864 0.145629
Frame 578
0 -0.442305 0.836483 0.169592
1 -0.419915 0.846574 0.192852
2 -0.393993 0.856951 0.208222
3 -0.364867 0.866429 0.215370
4 -0.334063 0.872970 0.213350
5 -0.304960 0.876764 0.201687
6 -0.278271 0.877634 0.180268
7 -0.263187 0.880111 0.153356
8 -0.256219 0.883636 0.123815
9 -0.253375 0.885502 0.092782
10 -0.253059 0.886283 0.062618
11 -0.253945 0.887366 0.032087
12 -0.256438 0.887168 0.002425
13 -0.259947 0.887066 -0.027075
14 -0.266793 0.886406 -0.056809
15 -0.281590 0.884195 -0.086016
16 -0.304612 0.884472 -0.107369
17 -0.332537 0.882591 -0.120751
18 -0.363470 0.877461 -0.126136
19 -0.396903 0.866501 -0.120523
20 -0.421956 0.854585 -0.106090
21 -0.443321 0.842748 -0.085170
22 -0.459417 0.831998 -0.060830
23 -0.473755 0.826755 -0.034252
24 -0.485245 0.822244 -0.006199
25 -0.491774 0.819797 0.024475
26 -0.492292 0.819377 0.056837
27 -0.486521 0.820490 0.087910
28 -0.474374 0.824008 0.118163
29 -0.459609 0.828649 0.145424
Frame 579
0 -0.442449 0.838278 0.169375
1 -0.420079 0.848395 0.192644
2 -0.394168 0.858798 0.208026
3 -0.365045 0.868315 0.215181
4 -0.334240 0.874900 0.213163
5 -0.305133 0.878741 0.201501
6 -0.278442 0.879659 0.180081
7 -0.263346 0.882164 0.153161
8 -0.256379 0.885710 0.123624
9 -0.253541 0.887590 0.092591
10 -0.253219 0.888398 0.062426
11 -0.254102 0.889490 0.031893
12 -0.256607 0.889299 0.002231
13 -0.260112 0.889216 -0.027251
14 -0.266958 0.888584 -0.056991
15 -0.281768 0.886420 -0.086241
16 -0.304796 0.886644 -0.107612
17 -0.332773 0.884733 -0.120996
18 -0.363709 0.879571 -0.126383
19 -0.397137 0.868588 -0.120768
20 -0.422184 0.856630 -0.106332
21 -0.443520 0.844754 -0.085405
22 -0.459585 0.833965 -0.061060
23 -0.473888 0.828681 -0.034482
24 -0.485351 0.824145 -0.006433
25 -0.491868 0.821659 0.024244
26 -0.492388 0.821216 0.056612
27 -0.486618 0.822312 0.087676
28 -0.474483 0.825820 0.117932
29 -0.459721 0.830457 0.145198
Frame 580
0 -0.442610 0.840073 0.169137
1 -0.420256 0.850211 0.192420
2 -0.394354 0.860633 0.207813
3 -0.365233 0.870179 0.214976
4 -0.334426 0.876799 0.212962
5 -0.305314 0.880679 0.201304
6 -0.278617 0.881636 0.179887
7 -0.263504 0.884165 0.152961
8 -0.256535 0.887728 0.123429
9 -0.253699 0.889621 0.092397
10 -0.253368 0.890450 0.062233
11 -0.254245 0.891555 0.031699
12 -0.256758 0.891375 0.002033
13 -0.260256 0.891309 -0.027433
14 -0.267098 0.890702 -0.057178
15 -0.281917 0.888588 -0.086466
16 -0.304950 0.888773 -0.107858
17 -0.332971 0.886843 -0.121251
18 -0.363914 0.881655 -0.126645
19 -0.397340 0.870657 -0.121031
20 -0.422390 0.858664 -0.106597
21 -0.443707 0.846754 -0.085665
22 -0.459748 0.835932 -0.061315
23 -0.474021 0.830612 -0.034738
24 -0.485458 0.826056 -0.006693
25 -0.491968 0.823532 0.023987
26 -0.492491 0.823068 0.056358
27 -0.486727 0.824147 0.087417
28 -0.474607 0.827640 0.117677
29 -0.459851 0.832270 0.144951
Frame 581
0 -0.442794 0.841856 0.168879
1 -0.420450 0.852008 0.192176
2 -0.394554 0.862441 0.207580
3 -0.365431 0.872004 0.214751
4 -0.334617 0.878648 0.212744
5 -0.305496 0.882554 0.201091
6 -0.278793 0.883539 0.179679
7 -0.263658 0.886085 0.152750
8 -0.256684 0.889655 0.123223
9 -0.253844 0.891560 0.092192
10 -0.253504 0.892408 0.062029
11 -0.254373 0.893525 0.031497
12 -0.256887 0.893362 0.001824
13 -0.260378 0.893310 -0.027629
14 -0.267215 0.892724 -0.057376
15 -0.282042 0.890665 -0.086702
16 -0.305080 0.890828 -0.108114
17 -0.333137 0.888890 -0.121515
18 -0.364090 0.883686 -0.126921
19 -0.397519 0.872684 -0.121316
20 -0.422589 0.860663 -0.106886
21 -0.443892 0.848729 -0.085952
22 -0.459919 0.837880 -0.061597
23 -0.474168 0.832534 -0.035020
24 -0.485584 0.827962 -0.006978
25 -0.492087 0.825408 0.023706
26 -0.492614 0.824921 0.056076
27 -0.486860 0.825983 0.087134
28 -0.474756 0.829458 0.117399
29 -0.460006 0.834075 0.144682
Frame 582
0 -0.443007 0.843617 0.168600
1 -0.420672 0.853781 0.191914
2 -0.394777 0.864217 0.207331
3 -0.365650 0.873789 0.214513
4 -0.334825 0.880447 0.212515
5 -0.305691 0.884370 0.200869
6 -0.278976 0.885370 0.179466
7 -0.263814 0.887928 0.152535
8 -0.256830 0.891499 0.123011
9 -0.253982 0.893413 0.091983
10 -0.253629 0.894276 0.061821
11 -0.254488 0.895405 0.031293
12 -0.256998 0.895265 0.001614
13 -0.260481 0.895225 -0.027830
14 -0.267308 0.894659 -0.057576
15 -0.282144 0.892660 -0.086939
16 -0.305185 0.892816 -0.108373
17 -0.333270 0.890882 -0.121786
18 -0.364236 0.885670 -0.127208
19 -0.397675 0.874669 -0.121617
20 -0.422778 0.862628 -0.107197
21 -0.444077 0.850676 -0.086261
22 -0.460097 0.839805 -0.061905
23 -0.474331 0.834439 -0.035328
24 -0.485730 0.829859 -0.007287
25 -0.492230 0.827275 0.023400
26 -0.492760 0.826767 0.055767
27 -0.487023 0.827810 0.086825
28 -0.474934 0.831264 0.117097
29 -0.460190 0.835862 0.144390
Frame 583
0 -0.443249 0.845352 0.168300
1 -0.420923 0.855526 0.191635
2 -0.395031 0.865963 0.207068
3 -0.365897 0.875539 0.214265
4 -0.335061 0.882207 0.212282
5 -0.305911 0.886142 0.200649
6 -0.279180 0.887153 0.179259
7 -0.263983 0.889720 0.152328
8 -0.256982 0.893288 0.122807
9 -0.254121 0.895209 0.091785
10 -0.253752 0.896086 0.061622
11 -0.254597 0.897227 0.031099
12 -0.257094 0.897113 0.001414
13 -0.260565 0.897083 -0.028025
14 -0.267378 0.896536 -0.057769
15 -0.282218 0.894599 -0.087171
16 -0.305258 0.894755 -0.108627
17 -0.333365 0.892832 -0.122056
18 -0.364343 0.887615 -0.127501
19 -0.397795 0.876617 -0.121933
20 -0.422942 0.864560 -0.107524
21 -0.444243 0.852592 -0.086594
22 -0.460264 0.841703 -0.062240
23 -0.474490 0.836320 -0.035663
24 -0.485880 0.831734 -0.007626
25 -0.492384 0.829122 0.023065
26 -0.492920 0.828594 0.055429
27 -0.487205 0.829618 0.086487
28 -0.475136 0.833047 0.116769
29 -0.460401 0.837626 0.144074
Frame 584
0 -0.443519 0.847053 0.167978
1 -0.421207 0.857239 0.191339
2 -0.395320 0.867676 0.206796
3 -0.366182 0.877258 0.214015
4 -0.335332 0.883936 0.212053
5 -0.306164 0.887883 0.200439
6 -0.279412 0.888906 0.179070
7 -0.264173 0.891484 0.152141
8 -0.257151 0.895048 0.122625
9 -0.254268 0.896978 0.091608
10 -0.253877 0.897868 0.061445
11 -0.254701 0.899020 0.030928
12 -0.257179 0.898935 0.001235
13 -0.260635 0.898914 -0.028198
14 -0.267424 0.898385 -0.057941
15 -0.282262 0.896509 -0.087386
16 -0.305295 0.896667 -0.108869
17 -0.333415 0.894756 -0.122320
18 -0.364405 0.889534 -0.127794
19 -0.397870 0.878536 -0.122258
20 -0.423067 0.866459 -0.107868
21 -0.444377 0.854476 -0.086947
22 -0.460404 0.843569 -0.062599
23 -0.474630 0.838170 -0.036027
24 -0.486017 0.833577 -0.007995
25 -0.492534 0.830938 0.022696
26 -0.493083 0.830386 0.055057
27 -0.487397 0.831392 0.086119
28 -0.475353 0.834797 0.116413
29 -0.460634 0.839355 0.143733
Frame 585
0 -0.443813 0.848714 0.167636
1 -0.421523 0.858914 0.191030
2 -0.395650 0.869357 0.206518
3 -0.366513 0.878949 0.213767
4 -0.335651 0.885645 0.211836
5 -0.306462 0.889610 0.200250
6 -0.279682 0.890651 0.178907
7 -0.264396 0.893243 0.151986
8 -0.257343 0.896807 0.122475
9 -0.254433 0.898747 0.091465
10 -0.254010 0.899651 0.061302
11 -0.254807 0.900816 0.030790
12 -0.257257 0.900759 0.001090
13 -0.260690 0.900748 -0.028339
14 -0.267445 0.900235 -0.058082
15 -0.282270 0.898417 -0.087576
16 -0.305291 0.898571 -0.109091
17 -0.333415 0.896669 -0.122569
18 -0.364411 0.891435 -0.128083
19 -0.397889 0.880430 -0.122589
20 -0.423139 0.868330 -0.108225
21 -0.444460 0.856326 -0.087320
22 -0.460497 0.845399 -0.062984
23 -0.474732 0.839979 -0.036423
24 -0.486126 0.835376 -0.008400
25 -0.492666 0.832708 0.022290
26 -0.493238 0.832132 0.054647
27 -0.487589 0.833119 0.085714
28 -0.475579 0.836502 0.116025
29 -0.460883 0.841043 0.143364
Frame 586
0 -0.444130 0.850327 0.167272
1 -0.421877 0.860549 0.190709
2 -0.396027 0.871004 0.206237
3 -0.366898 0.880617 0.213528
4 -0.336027 0.887341 0.211638
5 -0.306815 0.891337 0.200089
6 -0.280001 0.892407 0.178783
7 -0.264660 0.895023 0.151875
8 -0.257569 0.898592 0.122371
9 -0.254623 0.900547 0.091368
10 -0.254159 0.901467 0.061207
11 -0.254917 0.902646 0.030699
12 -0.257329 0.902614 0.000991
13 -0.260732 0.902614 -0.028432
14 -0.267440 0.902119 -0.058181
15 -0.282242 0.900349 -0.087731
16 -0.305240 0.900487 -0.109283
17 -0.333358 0.898586 -0.122799
18 -0.364354 0.893331 -0.128362
19 -0.397842 0.882309 -0.122922
20 -0.423144 0.870174 -0.108592
21 -0.444477 0.858141 -0.087713
22 -0.460527 0.847186 -0.063394
23 -0.474778 0.841739 -0.036850
24 -0.486190 0.837121 -0.008844
25 -0.492767 0.834419 0.021842
26 -0.493376 0.833818 0.054197
27 -0.487773 0.834788 0.085271
28 -0.475807 0.838152 0.115603
29 -0.461144 0.842678 0.142967
Frame 587
0 -0.444470 0.851885 0.166888
1 -0.422268 0.862138 0.190375
2 -0.396455 0.872617 0.205956
3 -0.367345 0.882265 0.213302
4 -0.336469 0.889033 0.211465
5 -0.307234 0.893077 0.199967
6 -0.280381 0.894196 0.178707
7 -0.264976 0.896848 0.151819
8 -0.257838 0.900433 0.122324
9 -0.254847 0.902405 0.091331
10 -0.254328 0.903345 0.061170
11 -0.255035 0.904538 0.030663
12 -0.257401 0.904528 0.000948
13 -0.260763 0.904540 -0.028467
14 -0.267409 0.904066 -0.058226
15 -0.282171 0.902333 -0.087841
16 -0.305136 0.902436 -0.109440
17 -0.333238 0.900524 -0.123003
18 -0.364226 0.895233 -0.128626
19 -0.397718 0.884175 -0.123252
20 -0.423068 0.871993 -0.108968
21 -0.444412 0.859919 -0.088123
22 -0.460477 0.848929 -0.063829
23 -0.474752 0.843442 -0.037311
24 -0.486191 0.838799 -0.009328
25 -0.492822 0.836058 0.021348
26 -0.493484 0.835431 0.053704
27 -0.487937 0.836384 0.084785
28 -0.476030 0.839733 0.115144
29 -0.461413 0.844253 0.142542
Frame 588
0 -0.444827 0.853380 0.166482
1 -0.422699 0.863675 0.190031
2 -0.396940 0.874192 0.205678
3 -0.367861 0.883895 0.213094
4 -0.336989 0.890730 0.211328
5 -0.307730 0.894846 0.199893
6 -0.280830 0.896036 0.178691
7 -0.265354 0.898740 0.151830
8 -0.258157 0.902353 0.122348
9 -0.255114 0.904349 0.091366
10 -0.254526 0.905315 0.061206
11 -0.255167 0.906523 0.030697
12 -0.257476 0.906530 0.000975
13 -0.260787 0.906556 -0.028427
14 -0.267354 0.906102 -0.058206
15 -0.282056 0.904395 -0.087897
16 -0.304977 0.904437 -0.109550
17 -0.333049 0.902498 -0.123173
18 -0.364021 0.897151 -0.128870
19 -0.397507 0.886039 -0.123575
20 -0.422896 0.873790 -0.109350
21 -0.444248 0.861660 -0.088549
22 -0.460328 0.850620 -0.064289
23 -0.474635 0.845080 -0.037807
24 -0.486115 0.840400 -0.009859
25 -0.492818 0.837611 0.020802
26 -0.493553 0.836958 0.053164
27 -0.488073 0.837894 0.084253
28 -0.476241 0.841237 0.114645
29 -0.461684 0.845758 0.142085
Frame 589
0 -0.445170 0.854845 0.166017
1 -0.423153 0.865215 0.189644
2 -0.397476 0.875803 0.205380
3 -0.368448 0.885595 0.212892
4 -0.337587 0.892531 0.211221
5 -0.308300 0.896749 0.199877
6 -0.281337 0.898033 0.178758
7 -0.265768 0.900798 0.151939
8 -0.258490 0.904441 0.122473
9 -0.255373 0.906453 0.091504
10 -0.254684 0.907438 0.061346
11 -0.255231 0.908646 0.030828
12 -0.257460 0.908648 0.001099
13 -0.260696 0.908678 -0.028286
14 -0.267147 0.908236 -0.058094
15 -0.281763 0.906518 -0.087882
16 -0.304616 0.906453 -0.109610
17 -0.332639 0.904454 -0.123317
18 -0.363577 0.899019 -0.129112
19 -0.397048 0.887821 -0.123922
20 -0.422475 0.875484 -0.109775
21 -0.443838 0.863279 -0.089031
22 -0.459938 0.852183 -0.064816
23 -0.474294 0.846580 -0.038387
24 -0.485838 0.841859 -0.010485
25 -0.492646 0.839026 0.020150
26 -0.493487 0.838358 0.052522
27 -0.488101 0.839297 0.083623
28 -0.476374 0.842657 0.114059
29 -0.461908 0.847209 0.141554
Frame 590
0 -0.445463 0.856323 0.165482
1 -0.423593 0.866803 0.189201
2 -0.398028 0.877501 0.205045
3 -0.369071 0.887417 0.212677
4 -0.338228 0.894485 0.211130
5 -0.308908 0.898829 0.199903
6 -0.281864 0.900222 0.178893
7 -0.266175 0.903046 0.152129
8 -0.258790 0.906708 0.122688
9 -0.255574 0.908719 0.091729
10 -0.254752 0.909704 0.061576
11 -0.255172 0.910890 0.031045
12 -0.257296 0.910858 0.001305
13 -0.260431 0.910870 -0.028055
14 -0.266731 0.910419 -0.057904
15 -0.281226 0.908650 -0.087810
16 -0.303991 0.908433 -0.109634
17 -0.331940 0.906340 -0.123451
18 -0.362834 0.900780 -0.129372
19 -0.396281 0.889470 -0.124312
20 -0.421751 0.877026 -0.110259
21 -0.443128 0.864737 -0.089586
22 -0.459259 0.853586 -0.065423
23 -0.473685 0.847921 -0.039060
24 -0.485317 0.843168 -0.011217
25 -0.492263 0.840304 0.019387
26 -0.493245 0.839643 0.051771
27 -0.487981 0.840611 0.082887
28 -0.476393 0.844023 0.113378
29 -0.462049 0.848638 0.140941
Frame 591
0 -0.445707 0.857818 0.164915
1 -0.424003 0.868433 0.188732
2 -0.398565 0.879257 0.204691
3 -0.369688 0.889317 0.212452
4 -0.338867 0.896530 0.211040
5 -0.309511 0.901011 0.199942
6 -0.282377 0.902516 0.179052
7 -0.266559 0.905394 0.152350
8 -0.259054 0.909068 0.122934
9 -0.255728 0.911065 0.091989
10 -0.254758 0.912038 0.061839
11 -0.255036 0.913185 0.031296
12 -0.257041 0.913104 0.001541
13 -0.260064 0.913082 -0.027792
14 -0.266195 0.912609 -0.057685
15 -0.280555 0.910767 -0.087715
16 -0.303220 0.910370 -0.109645
17 -0.331083 0.908167 -0.123583
18 -0.361922 0.902465 -0.129643
19 -0.395341 0.891029 -0.124723
20 -0.420857 0.878475 -0.110771
21 -0.442251 0.866102 -0.090174
22 -0.458417 0.854897 -0.066065
23 -0.472920 0.849175 -0.039773
24 -0.484653 0.844396 -0.011993
25 -0.491752 0.841514 0.018575
26 -0.492892 0.840874 0.050973
27 -0.487765 0.841887 0.082104
28 -0.476331 0.845370 0.112655
29 -0.462124 0.850068 0.140292
Frame 592
0 -0.445903 0.859341 0.164353
1 -0.424364 0.870093 0.188262
2 -0.399051 0.881047 0.204332
3 -0.370254 0.891249 0.212218
4 -0.339456 0.898606 0.210936
5 -0.310067 0.903218 0.199966
6 -0.282845 0.904830 0.179194
7 -0.266901 0.907755 0.152553
8 -0.259277 0.911434 0.123161
9 -0.255842 0.913409 0.092228
10 -0.254725 0.914362 0.062083
11 -0.254864 0.915465 0.031527
12 -0.256751 0.915328 0.001758
13 -0.259665 0.915268 -0.027547
14 -0.265629 0.914764 -0.057483
15 -0.279851 0.912841 -0.087635
16 -0.302418 0.912264 -0.109669
17 -0.330195 0.909946 -0.123726
18 -0.360980 0.904104 -0.129919
19 -0.394367 0.892546 -0.125135
20 -0.419925 0.879886 -0.111282
21 -0.441336 0.867435 -0.090754
22 -0.457536 0.856184 -0.066696
23 -0.472117 0.850411 -0.040473
24 -0.483949 0.845612 -0.012752
25 -0.491199 0.842719 0.017780
26 -0.492494 0.842109 0.050189
27 -0.487503 0.843174 0.081337
28 -0.476223 0.846733 0.111944
29 -0.462151 0.851521 0.139652
Frame 593
0 -0.446052 0.860899 0.163839
1 -0.424658 0.871776 0.187826
2 -0.399453 0.882845 0.203988
3 -0.370726 0.893171 0.211980
4 -0.339949 0.900653 0.210809
5 -0.310531 0.905379 0.199948
6 -0.283233 0.907081 0.179278
7 -0.267177 0.910043 0.152688
8 -0.259450 0.913720 0.123317
9 -0.255923 0.915672 0.092394
10 -0.254678 0.916604 0.062255
11 -0.254695 0.917663 0.031688
12 -0.256479 0.917475 0.001908
13 -0.259299 0.917377 -0.027376
14 -0.265118 0.916843 -0.057346
15 -0.279219 0.914844 -0.087603
16 -0.301699 0.914107 -0.109729
17 -0.329402 0.911689 -0.123889
18 -0.360140 0.905725 -0.130196
19 -0.393498 0.894061 -0.125529
20 -0.419090 0.881313 -0.111759
21 -0.440515 0.868798 -0.091291
22 -0.456745 0.857512 -0.067273
23 -0.471392 0.851700 -0.041109
24 -0.483309 0.846888 -0.013435
25 -0.490692 0.843988 0.017064
26 -0.492123 0.843409 0.049484
27 -0.487251 0.844523 0.080645
28 -0.476104 0.848152 0.111301
29 -0.462151 0.853019 0.139070
Frame 594
0 -0.446158 0.862505 0.163410
1 -0.424866 0.873477 0.187453
2 -0.399739 0.884627 0.203682
3 -0.371061 0.895043 0.211746
4 -0.340297 0.902616 0.210651
5 -0.310857 0.907422 0.199864
6 -0.283505 0.909186 0.179266
7 -0.267365 0.912174 0.152711
8 -0.259566 0.915843 0.123351
9 -0.255973 0.917774 0.092436
10 -0.254638 0.918687 0.062301
11 -0.254569 0.919712 0.031729
12 -0.256278 0.919488 0.001939
13 -0.259033 0.919360 -0.027329
14 -0.264747 0.918799 -0.057322
15 -0.278760 0.916750 -0.087657
16 -0.301178 0.915895 -0.109852
17 -0.328834 0.913405 -0.124083
18 -0.359536 0.907353 -0.130472
19 -0.392874 0.895619 -0.125887
20 -0.418488 0.882810 -0.112177
21 -0.439923 0.870252 -0.091746
22 -0.456175 0.858946 -0.067755
23 -0.470868 0.853109 -0.041628
24 -0.482840 0.848291 -0.013986
25 -0.490320 0.845389 0.016492
26 -0.491849 0.844833 0.048918
27 -0.487063 0.845984 0.080091
28 -0.476015 0.849664 0.110781
29 -0.462146 0.854587 0.138592
Frame 595
0 -0.446223 0.864170 0.163110
1 -0.424973 0.875189 0.187178
2 -0.399876 0.886373 0.203432
3 -0.371215 0.896825 0.211524
4 -0.340450 0.904436 0.210456
5 -0.310998 0.909276 0.199695
6 -0.283625 0.911067 0.179123
7 -0.267442 0.914062 0.152575
8 -0.259614 0.917720 0.123215
9 -0.255995 0.919635 0.092305
10 -0.254624 0.920537 0.062172
11 -0.254520 0.921547 0.031600
12 -0.256198 0.921310 0.001805
13 -0.258930 0.921169 -0.027461
14 -0.264602 0.920590 -0.057457
15 -0.278575 0.918530 -0.087833
16 -0.300968 0.917620 -0.110063
17 -0.328618 0.915104 -0.124321
18 -0.359305 0.909015 -0.130744
19 -0.392634 0.897260 -0.126191
20 -0.418255 0.884429 -0.112505
21 -0.439694 0.871862 -0.092085
22 -0.455954 0.860549 -0.068098
23 -0.470663 0.854707 -0.041983
24 -0.482650 0.849890 -0.014344
25 -0.490175 0.846986 0.016124
26 -0.491744 0.846442 0.048555
27 -0.486998 0.847609 0.079733
28 -0.475993 0.851306 0.110438
29 -0.462157 0.856251 0.138268
Frame 596
0 -0.446257 0.865814 0.162931
1 -0.424989 0.876828 0.187003
2 -0.399877 0.887995 0.203252
3 -0.371200 0.898433 0.211332
4 -0.340424 0.906037 0.210250
5 -0.310966 0.910875 0.199472
6 -0.283599 0.912666 0.178887
7 -0.267407 0.915667 0.152323
8 -0.259589 0.919322 0.122955
9 -0.255984 0.921242 0.092046
10 -0.254627 0.922155 0.061914
11 -0.254537 0.923180 0.031349
12 -0.256224 0.922971 0.001550
13 -0.258972 0.922843 -0.027722
14 -0.264660 0.922275 -0.057705
15 -0.278645 0.920261 -0.088093
16 -0.301052 0.919367 -0.110325
17 -0.328733 0.916874 -0.124572
18 -0.359430 0.910799 -0.130989
19 -0.392766 0.899061 -0.126430
20 -0.418391 0.886232 -0.112740
21 -0.439826 0.873668 -0.092310
22 -0.456080 0.862353 -0.068313
23 -0.470776 0.856509 -0.042184
24 -0.482736 0.851688 -0.014528
25 -0.490252 0.848767 0.015946
26 -0.491804 0.848205 0.048373
27 -0.487052 0.849352 0.079553
28 -0.476038 0.853021 0.110257
29 -0.462187 0.857937 0.138086
Frame 597
0 -0.446267 0.867362 0.162824
1 -0.424951 0.878333 0.186891
2 -0.399795 0.889449 0.203124
3 -0.371082 0.899844 0.211177
4 -0.340285 0.907418 0.210058
5 -0.310824 0.912241 0.199242
6 -0.283476 0.914026 0.178622
7 -0.267295 0.917045 0.152033
8 -0.259509 0.920713 0.122653
9 -0.255938 0.922666 0.091744
10 -0.254622 0.923618 0.061612
11 -0.254575 0.924689 0.031059
12 -0.256295 0.924550 0.001258
13 -0.259083 0.924464 -0.028026
14 -0.264819 0.923942 -0.057988
15 -0.278856 0.922029 -0.088372
16 -0.301299 0.921203 -0.110588
17 -0.329038 0.918770 -0.124804
18 -0.359763 0.912735 -0.131197
19 -0.393115 0.901030 -0.126617
20 -0.418756 0.888208 -0.112914
21 -0.440183 0.875642 -0.092468
22 -0.456420 0.864310 -0.068458
23 -0.471081 0.858451 -0.042304
24 -0.482989 0.853609 -0.014616
25 -0.490459 0.850648 0.015869
26 -0.491955 0.850031 0.048289
27 -0.487173 0.851121 0.079468
28 -0.476119 0.854718 0.110164
29 -0.462222 0.859563 0.137982
Frame 598
0 -0.446265 0.868837 0.162754
1 -0.424877 0.879736 0.186813
2 -0.399660 0.890779 0.203022
3 -0.370897 0.901111 0.211036
4 -0.340073 0.908641 0.209868
5 -0.310610 0.913438 0.199000
6 -0.283291 0.915217 0.178329
7 -0.267132 0.918258 0.151708
8 -0.259393 0.921953 0.122314
9 -0.255871 0.923957 0.091407
10 -0.254615 0.924968 0.061273
11 -0.254629 0.926108 0.030736
12 -0.256399 0.926067 0.000934
13 -0.259242 0.926044 -0.028364
14 -0.265048 0.925595 -0.058301
15 -0.279163 0.923822 -0.088672
16 -0.301658 0.923099 -0.110858
17 -0.329473 0.920753 -0.125031
18 -0.360239 0.914774 -0.131387
19 -0.393616 0.903113 -0.126776
20 -0.419280 0.890298 -0.113051
21 -0.440697 0.877726 -0.092586
22 -0.456909 0.866366 -0.068561
23 -0.471521 0.860486 -0.042374
24 -0.483358 0.855610 -0.014646
25 -0.490755 0.852593 0.015855
26 -0.492170 0.851895 0.048264
27 -0.487342 0.852902 0.079439
28 -0.476225 0.856396 0.110122
29 -0.462262 0.861140 0.137923
Frame 599
0 -0.446258 0.870255 0.162694
1 -0.424788 0.881070 0.186744
2 -0.399498 0.892028 0.202922
3 -0.370679 0.902285 0.210891
4 -0.339824 0.909764 0.209668
5 -0.310361 0.914531 0.198740
6 -0.283077 0.916302 0.178012
7 -0.266945 0.919372 0.151355
8 -0.259259 0.923100 0.121945
9 -0.255796 0.925168 0.091040
10 -0.254609 0.926249 0.060904
11 -0.254695 0.927468 0.030386
12 -0.256520 0.927542 0.000583
13 -0.259430 0.927595 -0.028729
14 -0.265315 0.927232 -0.058635
15 -0.279524 0.925625 -0.088990
16 -0.302079 0.925026 -0.111140
17 -0.329981 0.922780 -0.125262
18 -0.360795 0.916869 -0.131576
19 -0.394198 0.905255 -0.126931
20 -0.419894 0.892445 -0.113181
21 -0.441298 0.879863 -0.092694
22 -0.457483 0.868472 -0.068654
23 -0.472036 0.862563 -0.042428
24 -0.483793 0.857648 -0.014655
25 -0.491103 0.854563 0.015864
26 -0.492421 0.853769 0.048258
27 -0.487538 0.854680 0.079429
28 -0.476347 0.858052 0.110096
29 -0.462307 0.862677 0.137874
Frame 600
0 -0.446257 0.871642 0.162612
1 -0.424703 0.882367 0.186652
2 -0.399340 0.893240 0.202802
3 -0.370463 0.903421 0.210726
4 -0.339577 0.910847 0.209446
5 -0.310115 0.915586 0.198457
6 -0.282865 0.917352 0.177672
7 -0.266761 0.920450 0.150979
8 -0.259130 0.924214 0.121555
9 -0.255726 0.926347 0.090653
10 -0.254607 0.927502 0.060514
11 -0.254766 0.928804 0.030016
12 -0.256647 0.929000 0.000214
13 -0.259624 0.929129 -0.029115
14 -0.265589 0.928855 -0.058988
15 -0.279894 0.927422 -0.089327
16 -0.302511 0.926951 -0.111438
17 -0.330501 0.924810 -0.125511
18 -0.361365 0.918968 -0.131784
19 -0.394798 0.907400 -0.127106
20 -0.420530 0.894592 -0.113330
21 -0.441920 0.881999 -0.092822
22 -0.458076 0.870570 -0.068767
23 -0.472569 0.864634 -0.042501
24 -0.484244 0.859679 -0.014681
25 -0.491462 0.856524 0.015856
26 -0.492680 0.855627 0.048234
27 -0.487742 0.856437 0.079400
28 -0.476476 0.859683 0.110050
29 -0.462357 0.864185 0.137805
Frame 601
0 -0.446270 0.873016 0.162477
1 -0.424643 0.883663 0.186513
2 -0.399214 0.894458 0.202637
3 -0.370284 0.904571 0.210520
4 -0.339370 0.911951 0.209192
5 -0.309907 0.916669 0.198149
6 -0.282688 0.918431 0.177312
7 -0.266605 0.921558 0.150588
8 -0.259022 0.925354 0.121150
9 -0.255671 0.927547 0.090252
10 -0.254613 0.928770 0.060112
11 -0.254835 0.930147 0.029634
12 -0.256765 0.930456 -0.000169
13 -0.259804 0.930657 -0.029511
14 -0.265837 0.930465 -0.059353
15 -0.280231 0.929201 -0.089683
16 -0.302903 0.928848 -0.111762
17 -0.330976 0.926803 -0.125791
18 -0.361886 0.921019 -0.132031
19 -0.395347 0.909491 -0.127326
20 -0.421119 0.896679 -0.113529
21 -0.442497 0.884075 -0.093003
22 -0.458627 0.872612 -0.068931
23 -0.473062 0.866648 -0.042629
24 -0.484660 0.861656 -0.014764
25 -0.491795 0.858435 0.015789
26 -0.492921 0.857443 0.048150
27 -0.487936 0.858158 0.079311
28 -0.476603 0.861286 0.109947
29 -0.462413 0.865674 0.137681
Frame 602
0 -0.446308 0.874399 0.162261
1 -0.424627 0.884991 0.186298
2 -0.399148 0.895728 0.202405
3 -0.370177 0.905790 0.210260
4 -0.339239 0.913139 0.208895
5 -0.309773 0.917844 0.197813
6 -0.282577 0.919608 0.176939
7 -0.266502 0.922758 0.150190
8 -0.258954 0.926580 0.120742
9 -0.255642 0.928820 0.089847
10 -0.254627 0.930097 0.059707
11 -0.254896 0.931533 0.029248
12 -0.256857 0.931936 -0.000556
13 -0.259945 0.932192 -0.029911
14 -0.266028 0.932062 -0.059725
15 -0.280490 0.930947 -0.090060
16 -0.303203 0.930680 -0.112117
17 -0.331346 0.928718 -0.126117
18 -0.362296 0.922974 -0.132336
19 -0.395780 0.911471 -0.127619
20 -0.421592 0.898647 -0.113808
21 -0.442961 0.886033 -0.093268
22 -0.459070 0.874542 -0.069182
23 -0.473458 0.868556 -0.042850
24 -0.484995 0.863536 -0.014942
25 -0.492062 0.860260 0.015622
26 -0.493119 0.859188 0.047970
27 -0.488101 0.859828 0.079126
28 -0.476719 0.862859 0.109752
29 -0.462476 0.867153 0.137470
Frame 603
0 -0.446381 0.875812 0.161931
1 -0.424678 0.886382 0.185980
2 -0.399172 0.897094 0.202085
3 -0.370175 0.907131 0.209928
4 -0.339221 0.914470 0.208547
5 -0.309749 0.919178 0.197448
6 -0.282561 0.920949 0.176557
7 -0.266478 0.924115 0.149796
8 -0.258942 0.927950 0.120339
9 -0.255649 0.930215 0.089449
10 -0.254651 0.931524 0.059308
11 -0.254940 0.932991 0.028865
12 -0.256910 0.933457 -0.000942
13 -0.260028 0.933744 -0.030306
14 -0.266127 0.933647 -0.060100
15 -0.280627 0.932644 -0.090456
16 -0.303361 0.932423 -0.112510
17 -0.331553 0.930510 -0.126504
18 -0.362529 0.924780 -0.132724
19 -0.396031 0.913285 -0.128010
20 -0.421884 0.900441 -0.114200
21 -0.443247 0.887817 -0.093651
22 -0.459345 0.876306 -0.069555
23 -0.473703 0.870307 -0.043201
24 -0.485199 0.865271 -0.015257
25 -0.492229 0.861960 0.015313
26 -0.493248 0.860836 0.047647
27 -0.488221 0.861429 0.078804
28 -0.476818 0.864398 0.109426
29 -0.462546 0.868632 0.137139
Frame 604
0 -0.446147 0.877164 0.161475
1 -0.424464 0.887739 0.185556
2 -0.398961 0.898450 0.201686
3 -0.369961 0.908492 0.209548
4 -0.338998 0.915850 0.208184
5 -0.309515 0.920590 0.197099
6 -0.282315 0.922394 0.176219
7 -0.266201 0.925588 0.149462
8 -0.258651 0.929442 0.120003
9 -0.255350 0.931731 0.089118
10 -0.254336 0.933068 0.058979
11 -0.254613 0.934556 0.028549
12 -0.256562 0.935068 -0.001266
13 -0.259685 0.935379 -0.030636
14 -0.265762 0.935299 -0.060417
15 -0.280259 0.934387 -0.090820
16 -0.302991 0.934171 -0.112900
17 -0.331206 0.932279 -0.126914
18 -0.362198 0.926536 -0.133165
19 -0.395707 0.915023 -0.128483
20 -0.421602 0.902133 -0.114694
21 -0.442962 0.889484 -0.094152
22 -0.459056 0.877944 -0.070056
23 -0.473403 0.871920 -0.043698
24 -0.484887 0.866862 -0.015736
25 -0.491915 0.863514 0.014825
26 -0.492936 0.862347 0.047151
27 -0.487931 0.862906 0.078311
28 -0.476541 0.865832 0.108942
29 -0.462275 0.870031 0.136663
Frame 605
0 -0.445417 0.878371 0.160928
1 -0.423787 0.888958 0.185062
2 -0.398315 0.899682 0.201245
3 -0.369329 0.909748 0.209158
4 -0.338364 0.917150 0.207842
5 -0.308864 0.921951 0.196800
6 -0.281639 0.923822 0.175953
7 -0.265473 0.927067 0.149214
8 -0.257889 0.930967 0.119758
9 -0.254561 0.933295 0.088879
10 -0.253504 0.934674 0.058744
11 -0.253744 0.936194 0.028324
12 -0.255651 0.936755 -0.001502
13 -0.258761 0.937103 -0.030878
14 -0.264784 0.937045 -0.060651
15 -0.279249 0.936226 -0.091121
16 -0.301965 0.935998 -0.113250
17 -0.330188 0.934109 -0.127305
18 -0.361184 0.928331 -0.133611
19 -0.394694 0.916776 -0.128988
20 -0.420630 0.903813 -0.115244
21 -0.441987 0.891114 -0.094724
22 -0.458081 0.879522 -0.070641
23 -0.472423 0.873447 -0.044299
24 -0.483916 0.868344 -0.016336
25 -0.490970 0.864942 0.014203
26 -0.492026 0.863720 0.046519
27 -0.487063 0.864235 0.077688
28 -0.475715 0.867117 0.108335
29 -0.461482 0.871283 0.136078
Frame 606
0 -0.444432 0.879471 0.160335
1 -0.422873 0.890073 0.184532
2 -0.397445 0.900817 0.200782
3 -0.368482 0.910918 0.208762
4 -0.337520 0.918379 0.207509
5 -0.308001 0.923257 0.196523
6 -0.280744 0.925211 0.175719
7 -0.264520 0.928523 0.149005
8 -0.256892 0.932480 0.119557
9 -0.253528 0.934855 0.088683
10 -0.252417 0.936284 0.058553
11 -0.252607 0.937839 0.028143
12 -0.254461 0.938449 -0.001698
13 -0.257550 0.938840 -0.031079
14 -0.263505 0.938803 -0.060847
15 -0.277920 0.938076 -0.091390
16 -0.300613 0.937826 -0.113581
17 -0.328835 0.935929 -0.127688
18 -0.359829 0.930104 -0.134060
19 -0.393336 0.918495 -0.129506
20 -0.419311 0.905445 -0.115817
21 -0.440660 0.892679 -0.095327
22 -0.456754 0.881025 -0.071264
23 -0.471099 0.874885 -0.044947
24 -0.482610 0.869725 -0.016994
25 -0.489703 0.866260 0.013515
26 -0.490809 0.864979 0.045823
27 -0.485898 0.865448 0.077001
28 -0.474606 0.868286 0.107668
29 -0.460420 0.872423 0.135439
Frame 607
0 -0.443430 0.880498 0.159744
1 -0.421944 0.891118 0.184004
2 -0.396562 0.901886 0.200319
3 -0.367623 0.912022 0.208364
4 -0.336666 0.919544 0.207171
5 -0.307133 0.924503 0.196241
6 -0.279846 0.926545 0.175481
7 -0.263564 0.929921 0.148792
8 -0.255895 0.933938 0.119351
9 -0.252497 0.936361 0.088482
10 -0.251333 0.937837 0.058359
11 -0.251472 0.939426 0.027958
12 -0.253276 0.940081 -0.001898
13 -0.256345 0.940514 -0.031286
14 -0.262232 0.940496 -0.061046
15 -0.276596 0.939853 -0.091661
16 -0.299266 0.939576 -0.113914
17 -0.327486 0.937667 -0.128072
18 -0.358478 0.931793 -0.134507
19 -0.391978 0.920126 -0.130021
20 -0.417987 0.906987 -0.116386
21 -0.439326 0.894156 -0.095924
22 -0.455417 0.882437 -0.071879
23 -0.469763 0.876233 -0.045589
24 -0.481292 0.871016 -0.017645
25 -0.488424 0.867489 0.012833
26 -0.489580 0.866150 0.045133
27 -0.484719 0.866576 0.076321
28 -0.473482 0.869376 0.107006
29 -0.459342 0.873486 0.134804
Frame 608
0 -0.442653 0.881488 0.159204
1 -0.421222 0.892126 0.183512
2 -0.395874 0.902916 0.199875
3 -0.366956 0.913084 0.207967
4 -0.336004 0.920658 0.206820
5 -0.306462 0.925686 0.195930
6 -0.279155 0.927801 0.175201
7 -0.262830 0.931233 0.148531
8 -0.255134 0.935299 0.119095
9 -0.251713 0.937760 0.088230
10 -0.250510 0.939274 0.058113
11 -0.250614 0.940889 0.027721
12 -0.252379 0.941581 -0.002150
13 -0.255438 0.942049 -0.031544
14 -0.261274 0.942040 -0.061295
15 -0.275597 0.941473 -0.091968
16 -0.298254 0.941173 -0.114270
17 -0.326480 0.939253 -0.128466
18 -0.357473 0.933335 -0.134949
19 -0.390967 0.921618 -0.130514
20 -0.416999 0.908401 -0.116920
21 -0.438325 0.895516 -0.096477
22 -0.454409 0.883746 -0.072441
23 -0.468747 0.877489 -0.046167
24 -0.480283 0.872224 -0.018226
25 -0.487441 0.868648 0.012228
26 -0.488633 0.867262 0.044522
27 -0.483808 0.867650 0.075716
28 -0.472610 0.870418 0.106415
29 -0.458504 0.874507 0.134231
Frame 609
0 -0.442339 0.882477 0.158764
1 -0.420931 0.893134 0.183094
2 -0.395596 0.903938 0.199473
3 -0.366684 0.914124 0.207579
4 -0.335736 0.921730 0.206443
5 -0.306193 0.926803 0.195565
6 -0.278886 0.928965 0.174844
7 -0.262541 0.932427 0.148177
8 -0.254843 0.936523 0.118742
9 -0.251421 0.939000 0.087879
10 -0.250206 0.940538 0.057766
11 -0.250300 0.942163 0.027382
12 -0.252050 0.942878 -0.002501
13 -0.255120 0.943368 -0.031903
14 -0.260936 0.943355 -0.061640
15 -0.275247 0.942852 -0.092344
16 -0.297907 0.942539 -0.114673
17 -0.326156 0.940615 -0.128883
18 -0.357156 0.934669 -0.135386
19 -0.390644 0.922920 -0.130970
20 -0.416692 0.909646 -0.117392
21 -0.438000 0.896733 -0.096948
22 -0.454069 0.884934 -0.072906
23 -0.468386 0.878649 -0.046629
24 -0.479909 0.873360 -0.018672
25 -0.487064 0.869754 0.011772
26 -0.488262 0.868338 0.044060
27 -0.483447 0.868705 0.075258
28 -0.472260 0.871449 0.105959
29 -0.458159 0.875524 0.133779
Frame 610
0 -0.442308 0.883388 0.158453
1 -0.420885 0.894046 0.182782
2 -0.395536 0.904848 0.199150
3 -0.366616 0.915032 0.207235
4 -0.335668 0.922651 0.206078
5 -0.306134 0.927747 0.195180
6 -0.278847 0.929938 0.174441
7 -0.262509 0.933421 0.147761
8 -0.254836 0.937537 0.118324
9 -0.251440 0.940033 0.087463
10 -0.250245 0.941590 0.057352
11 -0.250358 0.943230 0.026977
12 -0.252124 0.943974 -0.002913
13 -0.255227 0.944487 -0.032324
14 -0.261059 0.944477 -0.062042
15 -0.275391 0.944043 -0.092754
16 -0.298076 0.943741 -0.115082
17 -0.326365 0.941831 -0.129280
18 -0.357383 0.935874 -0.135773
19 -0.390870 0.924111 -0.131346
20 -0.416925 0.910799 -0.117762
21 -0.438209 0.897871 -0.097299
22 -0.454250 0.886052 -0.073239
23 -0.468529 0.879752 -0.046944
24 -0.480013 0.874444 -0.018957
25 -0.487132 0.870814 0.011491
26 -0.488301 0.869368 0.043773
27 -0.483467 0.869709 0.074970
28 -0.472258 0.872422 0.105664
29 -0.458130 0.876471 0.133474
Frame 611
0 -0.442229 0.884138 0.158242
1 -0.420768 0.894770 0.182560
2 -0.395388 0.905550 0.198903
3 -0.366447 0.915715 0.206953
4 -0.335497 0.923334 0.205757
5 -0.305979 0.928448 0.194822
6 -0.278725 0.930667 0.174047
7 -0.262412 0.934181 0.147347
8 -0.254784 0.938333 0.117905
9 -0.251434 0.940863 0.087046
10 -0.250279 0.942461 0.056936
11 -0.250433 0.944134 0.026572
12 -0.252234 0.944926 -0.003322
13 -0.255388 0.945484 -0.032739
14 -0.261259 0.945502 -0.062435
15 -0.275641 0.945157 -0.093144
16 -0.298366 0.944893 -0.115452
17 -0.326707 0.943020 -0.129620
18 -0.357752 0.937070 -0.136085
19 -0.391241 0.925300 -0.131632
20 -0.417300 0.911952 -0.118030
21 -0.438552 0.899004 -0.097545
22 -0.454556 0.887158 -0.073465
23 -0.468780 0.880831 -0.047144
24 -0.480205 0.875495 -0.019124
25 -0.487267 0.871827 0.011331
26 -0.488383 0.870328 0.043608
27 -0.483507 0.870622 0.074801
28 -0.472254 0.873280 0.105483
29 -0.458079 0.877278 0.133276
Frame 612
0 -0.442121 0.884764 0.158094
1 -0.420603 0.895350 0.182395
2 -0.395179 0.906090 0.198706
3 -0.366211 0.916224 0.206710
4 -0.335255 0.923833 0.205461
5 -0.305757 0.928959 0.194476
6 -0.278548 0.931205 0.173655
7 -0.262270 0.934755 0.146928
8 -0.254700 0.938953 0.117482
9 -0.251408 0.941529 0.086626
10 -0.250308 0.943180 0.056518
11 -0.250517 0.944901 0.026163
12 -0.252369 0.945757 -0.003732
13 -0.255583 0.946374 -0.033151
14 -0.261510 0.946438 -0.062825
15 -0.275959 0.946201 -0.093522
16 -0.298736 0.945995 -0.115797
17 -0.327139 0.944174 -0.129923
18 -0.358216 0.938244 -0.136349
19 -0.391711 0.926476 -0.131858
20 -0.417776 0.913093 -0.118231
21 -0.438990 0.900123 -0.097720
22 -0.454950 0.888244 -0.073619
23 -0.469109 0.881885 -0.047269
24 -0.480464 0.876513 -0.019213
25 -0.487451 0.872795 0.011253
26 -0.488497 0.871232 0.043523
27 -0.483566 0.871460 0.074708
28 -0.472251 0.874045 0.105375
29 -0.458013 0.877974 0.133146
Frame 613
0 -0.442001 0.885302 0.157974
1 -0.420416 0.895827 0.182255
2 -0.394940 0.906518 0.198527
3 -0.365940 0.916611 0.206481
4 -0.334977 0.924201 0.205174
5 -0.305500 0.929334 0.194132
6 -0.278339 0.931605 0.173260
7 -0.262102 0.935194 0.146504
8 -0.254595 0.939440 0.117052
9 -0.251369 0.942071 0.086200
10 -0.250332 0.943784 0.056094
11 -0.250604 0.945561 0.025749
12 -0.252515 0.946489 -0.004144
13 -0.255795 0.947175 -0.033564
14 -0.261786 0.947299 -0.063217
15 -0.276315 0.947176 -0.093895
16 -0.299149 0.947044 -0.116130
17 -0.327618 0.945286 -0.130207
18 -0.358731 0.939384 -0.136587
19 -0.392234 0.927623 -0.132054
20 -0.418309 0.914210 -0.118399
21 -0.439485 0.901218 -0.097862
22 -0.455396 0.889303 -0.073739
23 -0.469484 0.882910 -0.047359
24 -0.480763 0.877498 -0.019267
25 -0.487666 0.873725 0.011212
26 -0.488633 0.872087 0.043474
27 -0.483638 0.872244 0.074651
28 -0.472254 0.874744 0.105299
29 -0.457946 0.878591 0.133047
Frame 614
0 -0.441888 0.885784 0.157846
1 -0.420231 0.896244 0.182107
2 -0.394701 0.906879 0.198342
3 -0.365665 0.916927 0.206243
4 -0.334694 0.924493 0.204879
5 -0.305236 0.929627 0.193780
6 -0.278124 0.931917 0.172855
7 -0.261928 0.935543 0.146070
8 -0.254486 0.939838 0.116613
9 -0.251326 0.942526 0.085765
10 -0.250351 0.944302 0.055661
11 -0.250687 0.946139 0.025328
12 -0.252658 0.947143 -0.004562
13 -0.256004 0.947902 -0.033985
14 -0.262061 0.948090 -0.063614
15 -0.276674 0.948088 -0.094274
16 -0.299567 0.948035 -0.116467
17 -0.328100 0.946346 -0.130493
18 -0.359253 0.940478 -0.136827
19 -0.392766 0.928731 -0.132253
20 -0.418855 0.915291 -0.118570
21 -0.439993 0.902278 -0.098007
22 -0.455859 0.890328 -0.073865
23 -0.469877 0.883901 -0.047453
24 -0.481078 0.878450 -0.019327
25 -0.487897 0.874622 0.011164
26 -0.488781 0.872907 0.043420
27 -0.483722 0.872987 0.074587
28 -0.472267 0.875397 0.105217
29 -0.457888 0.879158 0.132940
Frame 615
0 -0.441799 0.886250 0.157674
1 -0.420075 0.896643 0.181918
2 -0.394493 0.907223 0.198118
3 -0.365422 0.917222 0.205974
4 -0.334440 0.924761 0.204557
5 -0.304999 0.929890 0.193407
6 -0.277929 0.932195 0.172436
7 -0.261767 0.935853 0.145624
8 -0.254383 0.940191 0.116162
9 -0.251283 0.942933 0.085321
10 -0.250367 0.944770 0.055218
11 -0.250760 0.946663 0.024896
12 -0.252785 0.947741 -0.004991
13 -0.256192 0.948572 -0.034415
14 -0.262310 0.948824 -0.064022
15 -0.277001 0.948940 -0.094665
16 -0.299948 0.948969 -0.116820
17 -0.328543 0.947347 -0.130801
18 -0.359733 0.941514 -0.137095
19 -0.393259 0.929785 -0.132486
20 -0.419370 0.916324 -0.118778
21 -0.440477 0.903293 -0.098193
22 -0.456302 0.891312 -0.074033
23 -0.470255 0.884858 -0.047595
24 -0.481384 0.879371 -0.019435
25 -0.488125 0.875492 0.011067
26 -0.488933 0.873703 0.043315
27 -0.483817 0.873708 0.074473
28 -0.472296 0.876030 0.105087
29 -0.457849 0.879706 0.132789
Frame 616
0 -0.441752 0.886734 0.157424
1 -0.419973 0.897068 0.181657
2 -0.394345 0.907595 0.197832
3 -0.365241 0.917549 0.205652
4 -0.334248 0.925059 0.204194
5 -0.304816 0.930180 0.193005
6 -0.277780 0.932489 0.171998
7 -0.261640 0.936171 0.145166
8 -0.254300 0.940543 0.115698
9 -0.251248 0.943330 0.084866
10 -0.250378 0.945219 0.054763
11 -0.250818 0.947161 0.024453
12 -0.252884 0.948307 -0.005431
13 -0.256338 0.949201 -0.034860
14 -0.262504 0.949507 -0.064445
15 -0.277263 0.949735 -0.095081
16 -0.300255 0.949840 -0.117207
17 -0.328905 0.948281 -0.131153
18 -0.360129 0.942481 -0.137419
19 -0.393670 0.930773 -0.132785
20 -0.419812 0.917296 -0.119060
21 -0.440897 0.904254 -0.098458
22 -0.456690 0.892248 -0.074284
23 -0.470590 0.885773 -0.047822
24 -0.481660 0.880261 -0.019633
25 -0.488336 0.876341 0.010878
26 -0.489080 0.874485 0.043118
27 -0.483918 0.874425 0.074267
28 -0.472344 0.876667 0.104870
29 -0.457844 0.880264 0.132553
Frame 617
0 -0.441768 0.887272 0.157060
1 -0.419949 0.897562 0.181291
2 -0.394288 0.908045 0.197454
3 -0.365157 0.917959 0.205256
4 -0.334150 0.925441 0.203776
5 -0.304719 0.930548 0.192564
6 -0.277700 0.932852 0.171538
7 -0.261565 0.936545 0.144693
8 -0.254251 0.940937 0.115221
9 -0.251227 0.943755 0.084397
10 -0.250385 0.945683 0.054296
11 -0.250852 0.947660 0.023995
12 -0.252940 0.948861 -0.005888
13 -0.256426 0.949805 -0.035322
14 -0.262619 0.950152 -0.064889
15 -0.277424 0.950477 -0.095527
16 -0.300447 0.950648 -0.117640
17 -0.329142 0.949139 -0.131570
18 -0.360394 0.943368 -0.137824
19 -0.393952 0.931681 -0.133184
20 -0.420137 0.918196 -0.119453
21 -0.441213 0.905150 -0.098840
22 -0.456989 0.893130 -0.074657
23 -0.470853 0.886648 -0.048177
24 -0.481880 0.881122 -0.019965
25 -0.488512 0.877173 0.010553
26 -0.489211 0.875267 0.042783
27 -0.484026 0.875156 0.073929
28 -0.472419 0.877332 0.104524
29 -0.457880 0.880866 0.132198
Frame 618
0 -0.441864 0.887900 0.156548
1 -0.420030 0.898167 0.180790
2 -0.394352 0.908621 0.196958
3 -0.365202 0.918505 0.204763
4 -0.334181 0.925962 0.203285
5 -0.304739 0.931050 0.192074
6 -0.277719 0.933337 0.171050
7 -0.261562 0.937027 0.144205
8 -0.254248 0.941417 0.114729
9 -0.251228 0.944249 0.083914
10 -0.250388 0.946194 0.053813
11 -0.250858 0.948187 0.023523
12 -0.252940 0.949425 -0.006363
13 -0.256434 0.950402 -0.035806
14 -0.262629 0.950768 -0.065358
15 -0.277452 0.951170 -0.096015
16 -0.300487 0.951387 -0.118137
17 -0.329210 0.949912 -0.132073
18 -0.360483 0.944161 -0.138340
19 -0.394061 0.932497 -0.133715
20 -0.420304 0.919011 -0.119992
21 -0.441385 0.905970 -0.099379
22 -0.457162 0.893952 -0.075192
23 -0.471013 0.887476 -0.048702
24 -0.482022 0.881954 -0.020474
25 -0.488637 0.877997 0.010047
26 -0.489320 0.876059 0.042269
27 -0.484137 0.875917 0.073413
28 -0.472523 0.878049 0.104009
29 -0.457972 0.881540 0.131684
Frame 619
0 -0.441879 0.888573 0.155858
1 -0.420066 0.898841 0.180135
2 -0.394395 0.909283 0.196336
3 -0.365241 0.919155 0.204177
4 -0.334205 0.926600 0.202738
5 -0.304740 0.931678 0.191562
6 -0.277692 0.933953 0.170572
7 -0.261483 0.937634 0.143744
8 -0.254136 0.942015 0.114266
9 -0.251087 0.944850 0.083463
10 -0.250214 0.946802 0.053363
11 -0.250652 0.948800 0.023081
12 -0.252694 0.950064 -0.006810
13 -0.256165 0.951061 -0.036268
14 -0.262323 0.951429 -0.065807
15 -0.277129 0.951895 -0.096507
16 -0.300150 0.952136 -0.118667
17 -0.328883 0.950674 -0.132642
18 -0.360168 0.944921 -0.138956
19 -0.393762 0.933268 -0.134381
20 -0.420078 0.919774 -0.120691
21 -0.441180 0.906739 -0.100095
22 -0.456979 0.894722 -0.075916
23 -0.470843 0.888257 -0.049432
24 -0.481863 0.882743 -0.021200
25 -0.488498 0.878787 0.009313
26 -0.489202 0.876829 0.041526
27 -0.484059 0.876672 0.072676
28 -0.472476 0.878776 0.103285
29 -0.457945 0.882242 0.130975
Frame 620
0 -0.441671 0.889211 0.155023
1 -0.419914 0.899499 0.179359
2 -0.394276 0.909947 0.195623
3 -0.365134 0.919825 0.203532
4 -0.334088 0.927281 0.202165
5 -0.304589 0.932371 0.191056
6 -0.277493 0.934649 0.170131
7 -0.261206 0.938334 0.143340
8 -0.253796 0.942711 0.113865
9 -0.250687 0.945551 0.083077
10 -0.249752 0.947513 0.052977
11 -0.250128 0.949516 0.022705
12 -0.252097 0.950803 -0.007194
13 -0.255516 0.951820 -0.036669
14 -0.261606 0.952186 -0.066200
15 -0.276362 0.952704 -0.096966
16 -0.299345 0.952953 -0.119190
17 -0.328070 0.951479 -0.133234
18 -0.359356 0.945705 -0.139628
19 -0.392967 0.934040 -0.135136
20 -0.419363 0.920523 -0.121504
21 -0.440495 0.907474 -0.100944
22 -0.456328 0.895449 -0.076789
23 -0.470226 0.888986 -0.050329
24 -0.481284 0.883470 -0.022109
25 -0.487970 0.879512 0.008385
26 -0.488731 0.877535 0.040587
27 -0.483660 0.877364 0.071748
28 -0.472142 0.879449 0.102381
29 -0.457664 0.882901 0.130104
Frame 621
0 -0.441292 0.889808 0.154099
1 -0.419616 0.900125 0.178509
2 -0.394029 0.910595 0.194852
3 -0.364912 0.920496 0.202850
4 -0.333858 0.927979 0.201577
5 -0.304322 0.933096 0.190556
6 -0.277166 0.935394 0.169712
7 -0.260784 0.939094 0.142970
8 -0.253295 0.943472 0.113502
9 -0.250108 0.946321 0.082730
10 -0.249092 0.948291 0.052634
11 -0.249387 0.950301 0.022369
12 -0.251264 0.951609 -0.007539
13 -0.254615 0.952646 -0.037032
14 -0.260615 0.953005 -0.066558
15 -0.275299 0.953568 -0.097402
16 -0.298231 0.953810 -0.119707
17 -0.326939 0.952304 -0.133838
18 -0.358216 0.946490 -0.140331
19 -0.391840 0.934797 -0.135944
20 -0.418318 0.921241 -0.122385
21 -0.439484 0.908169 -0.101873
22 -0.455358 0.896124 -0.077752
23 -0.469302 0.889653 -0.051326
24 -0.480411 0.884131 -0.023129
25 -0.487169 0.880166 0.007340
26 -0.488006 0.878170 0.039528
27 -0.483029 0.877990 0.070704
28 -0.471597 0.880062 0.101369
29 -0.457193 0.883508 0.129133
Frame 622
0 -0.440797 0.890350 0.153142
1 -0.419212 0.900709 0.177632
2 -0.393686 0.911209 0.194060
3 -0.364601 0.921146 0.202154
4 -0.333546 0.928670 0.200984
5 -0.303972 0.933827 0.190059
6 -0.276752 0.936158 0.169303
7 -0.260273 0.939880 0.142615
8 -0.252699 0.944265 0.113155
9 -0.249429 0.947124 0.082402
10 -0.248324 0.949105 0.052308
11 -0.248531 0.951121 0.022052
12 -0.250310 0.952449 -0.007865
13 -0.253585 0.953504 -0.037377
14 -0.259488 0.953854 -0.066900
15 -0.274092 0.954453 -0.097825
16 -0.296966 0.954675 -0.120219
17 -0.325653 0.953123 -0.134444
18 -0.356918 0.947255 -0.141043
19 -0.390547 0.935521 -0.136766
20 -0.417102 0.921914 -0.123289
21 -0.438299 0.908809 -0.102830
22 -0.454214 0.896740 -0.078746
23 -0.468207 0.890255 -0.052358
24 -0.479371 0.884721 -0.024189
25 -0.486208 0.880746 0.006251
26 -0.487132 0.878730 0.038428
27 -0.482255 0.878543 0.069618
28 -0.470917 0.880608 0.100317
29 -0.456595 0.884055 0.128126
Frame 623
0 -0.440238 0.890831 0.152212
1 -0.418744 0.901234 0.176776
2 -0.393281 0.911771 0.193285
3 -0.364231 0.921753 0.201470
4 -0.333178 0.929327 0.200396
5 -0.303573 0.934535 0.189563
6 -0.276295 0.936908 0.168891
7 -0.259727 0.940658 0.142255
8 -0.252075 0.945056 0.112804
9 -0.248727 0.947927 0.082068
10 -0.247539 0.949921 0.051978
11 -0.247662 0.951942 0.021728
12 -0.249351 0.953285 -0.008197
13 -0.252551 0.954360 -0.037726
14 -0.258363 0.954700 -0.067245
15 -0.272889 0.955328 -0.098249
16 -0.295711 0.955522 -0.120728
17 -0.324379 0.953913 -0.135040
18 -0.355628 0.947983 -0.141740
19 -0.389259 0.936195 -0.137568
20 -0.415875 0.922529 -0.124168
21 -0.437096 0.909386 -0.103760
22 -0.453043 0.897288 -0.079712
23 -0.467079 0.890783 -0.053361
24 -0.478293 0.885231 -0.025217
25 -0.485203 0.881244 0.005195
26 -0.486211 0.879211 0.037361
27 -0.481427 0.879017 0.068565
28 -0.470180 0.881080 0.099297
29 -0.455936 0.884535 0.127149
Frame 624
0 -0.439668 0.891239 0.151367
1 -0.418252 0.901687 0.175989
2 -0.392846 0.912266 0.192564
3 -0.363831 0.922295 0.200824
4 -0.332784 0.929926 0.199828
5 -0.303158 0.935189 0.189068
6 -0.275839 0.937613 0.168464
7 -0.259198 0.941397 0.141869
8 -0.251488 0.945812 0.112428
9 -0.248082 0.948696 0.081706
10 -0.246826 0.950704 0.051619
11 -0.246881 0.952731 0.021374
12 -0.248498 0.954085 -0.008557
13 -0.251638 0.955180 -0.038100
14 -0.257378 0.955508 -0.067614
15 -0.271841 0.956158 -0.098684
16 -0.294620 0.956315 -0.121236
17 -0.323284 0.954644 -0.135620
18 -0.354516 0.948646 -0.142401
19 -0.388139 0.936801 -0.138314
20 -0.414796 0.923071 -0.124978
21 -0.436029 0.909886 -0.104610
22 -0.451994 0.897756 -0.080590
23 -0.466057 0.891230 -0.054269
24 -0.477306 0.885657 -0.026144
25 -0.484273 0.881657 0.004249
26 -0.485346 0.879606 0.036407
27 -0.480635 0.879407 0.067621
28 -0.469462 0.881472 0.098380
29 -0.455282 0.884938 0.126267
Frame 625
0 -0.439149 0.891572 0.150645
1 -0.417790 0.902055 0.175307
2 -0.392426 0.912671 0.191928
3 -0.363437 0.922744 0.200239
4 -0.332401 0.930426 0.199296
5 -0.302765 0.935744 0.188586
6 -0.275421 0.938219 0.168027
7 -0.258734 0.942037 0.141460
8 -0.250989 0.946476 0.112027
9 -0.247548 0.949374 0.081317
10 -0.246247 0.951400 0.051232
11 -0.246257 0.953434 0.020990
12 -0.247829 0.954796 -0.008944
13 -0.250929 0.955915 -0.038495
14 -0.256620 0.956239 -0.068004
15 -0.271043 0.956909 -0.099124
16 -0.293797 0.957028 -0.121729
17 -0.322466 0.955302 -0.136163
18 -0.353686 0.949242 -0.143001
19 -0.387298 0.937342 -0.138975
20 -0.413980 0.923550 -0.125686
21 -0.435209 0.910326 -0.105345
22 -0.451178 0.898166 -0.081344
23 -0.465251 0.891615 -0.055040
24 -0.476513 0.886022 -0.026923
25 -0.483514 0.882006 0.003458
26 -0.484629 0.879937 0.035614
27 -0.479965 0.879731 0.066832
28 -0.468841 0.881796 0.097609
29 -0.454702 0.885269 0.125520
Frame 626
0 -0.438695 0.891840 0.150029
1 -0.417373 0.902346 0.174719
2 -0.392036 0.912988 0.191369
3 -0.363067 0.923096 0.199710
4 -0.332040 0.930820 0.198799
5 -0.302402 0.936186 0.188120
6 -0.275048 0.938706 0.167590
7 -0.258333 0.942555 0.141043
8 -0.250569 0.947020 0.111614
9 -0.247116 0.949936 0.080915
10 -0.245785 0.951983 0.050832
11 -0.245769 0.954025 0.020590
12 -0.247319 0.955395 -0.009346
13 -0.250396 0.956541 -0.038898
14 -0.256057 0.956872 -0.068403
15 -0.270461 0.957563 -0.099561
16 -0.293200 0.957651 -0.122201
17 -0.321882 0.955882 -0.136669
18 -0.353095 0.949775 -0.143544
19 -0.386694 0.937828 -0.139558
20 -0.413394 0.923978 -0.126302
21 -0.434611 0.910720 -0.105980
22 -0.450572 0.898532 -0.081988
23 -0.464641 0.891960 -0.055693
24 -0.475904 0.886346 -0.027578
25 -0.482921 0.882314 0.002798
26 -0.484061 0.880225 0.034953
27 -0.479422 0.880005 0.066172
28 -0.468325 0.882064 0.096962
29 -0.454209 0.885540 0.124890
Frame 627
0 -0.438290 0.892048 0.149493
1 -0.416989 0.902569 0.174200
2 -0.391669 0.913230 0.190865
3 -0.362714 0.923365 0.199223
4 -0.331697 0.931123 0.198329
5 -0.302061 0.936531 0.187666
6 -0.274708 0.939090 0.167150
7 -0.257978 0.942967 0.140614
8 -0.250209 0.947460 0.111190
9 -0.246757 0.950392 0.080499
10 -0.245412 0.952464 0.050417
11 -0.245381 0.954515 0.020172
12 -0.246926 0.955889 -0.009762
13 -0.249994 0.957066 -0.039312
14 -0.255639 0.957409 -0.068813
15 -0.270038 0.958121 -0.099999
16 -0.292773 0.958182 -0.122662
17 -0.321475 0.956380 -0.137148
18 -0.352683 0.950232 -0.144047
19 -0.386270 0.938247 -0.140087
20 -0.412980 0.924345 -0.126852
21 -0.434180 0.911058 -0.106538
22 -0.450126 0.898846 -0.082550
23 -0.464181 0.892253 -0.056258
24 -0.475434 0.886622 -0.028138
25 -0.482454 0.882574 0.002236
26 -0.483604 0.880465 0.034393
27 -0.478972 0.880231 0.065612
28 -0.467889 0.882281 0.096409
29 -0.453780 0.885754 0.124346
Frame 628
0 -0.437918 0.892203 0.149011
1 -0.416627 0.902734 0.173727
2 -0.391316 0.913412 0.190398
3 -0.362371 0.923568 0.198761
4 -0.331363 0.931355 0.197872
5 -0.301733 0.936799 0.187214
6 -0.274388 0.939391 0.166704
7 -0.257651 0.943293 0.140174
8 -0.249887 0.947812 0.110751
9 -0.246448 0.950758 0.080068
10 -0.245096 0.952851 0.049986
11 -0.245061 0.954910 0.019738
12 -0.246612 0.956289 -0.010193
13 -0.249680 0.957494 -0.039738
14 -0.255319 0.957850 -0.069236
15 -0.269723 0.958582 -0.100444
16 -0.292460 0.958618 -0.123119
17 -0.321185 0.956790 -0.137616
18 -0.352391 0.950606 -0.144528
19 -0.385966 0.938589 -0.140580
20 -0.412684 0.924641 -0.127359
21 -0.433862 0.911329 -0.107047
22 -0.449787 0.899097 -0.083058
23 -0.463823 0.892486 -0.056762
24 -0.475059 0.886841 -0.028635
25 -0.482074 0.882780 0.001742
26 -0.483224 0.880653 0.033903
27 -0.478589 0.880405 0.065118
28 -0.467507 0.882447 0.095920
29 -0.453396 0.885916 0.123862
Frame 629
0 -0.437563 0.892312 0.148557
1 -0.416275 0.902853 0.173276
2 -0.390971 0.913545 0.189947
3 -0.362032 0.923722 0.198308
4 -0.331032 0.931533 0.197418
5 -0.301410 0.937007 0.186760
6 -0.274075 0.939629 0.166250
7 -0.257339 0.943549 0.139723
8 -0.249584 0.948088 0.110299
9 -0.246162 0.951047 0.079623
10 -0.244808 0.953159 0.049540
11 -0.244776 0.955223 0.019288
12 -0.246337 0.956602 -0.010640
13 -0.249410 0.957829 -0.040179
14 -0.255049 0.958197 -0.069675
15 -0.269464 0.958944 -0.100901
16 -0.292206 0.958957 -0.123582
17 -0.320956 0.957104 -0.138084
18 -0.352161 0.950890 -0.145002
19 -0.385726 0.938843 -0.141060
20 -0.412448 0.924854 -0.127845
21 -0.433603 0.911522 -0.107530
22 -0.449506 0.899274 -0.083536
23 -0.463519 0.892651 -0.057235
24 -0.474734 0.886997 -0.029097
25 -0.481739 0.882926 0.001284
26 -0.482882 0.880786 0.033448
27 -0.478239 0.880528 0.064660
28 -0.467152 0.882563 0.095465
29 -0.453034 0.886030 0.123409
Frame 630
0 -0.437209 0.892381 0.148102
1 -0.415923 0.902937 0.172823
2 -0.390622 0.913644 0.189491
3 -0.361690 0.923841 0.197849
4 -0.330697 0.931675 0.196955
5 -0.301083 0.937175 0.186293
6 -0.273761 0.939820 0.165783
7 -0.257022 0.943754 0.139257
8 -0.249278 0.948308 0.109831
9 -0.245874 0.951272 0.079161
10 -0.244520 0.953395 0.049077
11 -0.244490 0.955459 0.018822
12 -0.246061 0.956836 -0.011104
13 -0.249140 0.958078 -0.040639
14 -0.254780 0.958451 -0.070132
15 -0.269208 0.959207 -0.101374
16 -0.291956 0.959194 -0.124060
17 -0.320730 0.957318 -0.138567
18 -0.351936 0.951072 -0.145488
19 -0.385490 0.939001 -0.141549
20 -0.412215 0.924975 -0.128335
21 -0.433349 0.911626 -0.108015
22 -0.449230 0.899368 -0.084014
23 -0.463220 0.892738 -0.057705
24 -0.474415 0.887081 -0.029555
25 -0.481407 0.883007 0.000830
26 -0.482543 0.880860 0.032996
27 -0.477892 0.880597 0.064206
28 -0.466800 0.882631 0.095012
29 -0.452673 0.886100 0.122958
Frame 631
0 -0.436837 0.892416 0.147623
1 -0.415559 0.902995 0.172343
2 -0.390265 0.913723 0.189010
3 -0.361338 0.923941 0.197367
4 -0.330352 0.931797 0.196472
5 -0.300744 0.937320 0.185810
6 -0.273429 0.939983 0.165301
7 -0.256688 0.943925 0.138776
8 -0.248949 0.948484 0.109348
9 -0.245556 0.951447 0.078682
10 -0.244200 0.953573 0.048597
11 -0.244169 0.955630 0.018340
12 -0.245744 0.956999 -0.011586
13 -0.248827 0.958246 -0.041119
14 -0.254465 0.958614 -0.070609
15 -0.268901 0.959371 -0.101869
16 -0.291654 0.959329 -0.124564
17 -0.320448 0.957426 -0.139076
18 -0.351657 0.951146 -0.146002
19 -0.385200 0.939048 -0.142064
20 -0.411930 0.924991 -0.128852
21 -0.433044 0.911632 -0.108525
22 -0.448908 0.899369 -0.084515
23 -0.462881 0.892740 -0.058200
24 -0.474057 0.887084 -0.030040
25 -0.481040 0.883016 0.000348
26 -0.482172 0.880869 0.032517
27 -0.477517 0.880610 0.063725
28 -0.466423 0.882652 0.094533
29 -0.452292 0.886131 0.122480
Frame 632
0 -0.436434 0.892425 0.147091
1 -0.415170 0.903039 0.171816
2 -0.389888 0.913794 0.188486
3 -0.360971 0.924038 0.196846
4 -0.329991 0.931919 0.195957
5 -0.300385 0.937462 0.185301
6 -0.273072 0.940137 0.164801
7 -0.256317 0.944079 0.138280
8 -0.248578 0.948633 0.108847
9 -0.245186 0.951584 0.078185
10 -0.243821 0.953701 0.048099
11 -0.243782 0.955743 0.017844
12 -0.245348 0.957099 -0.012086
13 -0.248427 0.958336 -0.041622
14 -0.254055 0.958686 -0.071109
15 -0.268491 0.959433 -0.102390
16 -0.291245 0.959358 -0.125100
17 -0.320054 0.957419 -0.139626
18 -0.351263 0.951101 -0.146563
19 -0.384799 0.938976 -0.142630
20 -0.411534 0.924894 -0.129420
21 -0.432636 0.911528 -0.109087
22 -0.448489 0.899265 -0.085068
23 -0.462450 0.892645 -0.058749
24 -0.473615 0.887000 -0.030581
25 -0.480597 0.882948 -0.000193
26 -0.481731 0.880811 0.031976
27 -0.477085 0.880567 0.063184
28 -0.465997 0.882627 0.093997
29 -0.451870 0.886126 0.121948
Frame 633
0 -0.435979 0.892411 0.146502
1 -0.414740 0.903076 0.171230
2 -0.389474 0.913868 0.187907
3 -0.360566 0.924148 0.196276
4 -0.329590 0.932059 0.195397
5 -0.299982 0.937622 0.184751
6 -0.272666 0.940303 0.164265
7 -0.255892 0.944240 0.137749
8 -0.248146 0.948773 0.108308
9 -0.244747 0.951703 0.077648
10 -0.243370 0.953798 0.047562
11 -0.243318 0.955815 0.017310
12 -0.244864 0.957156 -0.012625
13 -0.247937 0.958367 -0.042171
14 -0.253549 0.958684 -0.071652
15 -0.267980 0.959412 -0.102959
16 -0.290732 0.959296 -0.125690
17 -0.319552 0.957308 -0.140233
18 -0.350762 0.950944 -0.147185
19 -0.384290 0.938787 -0.143260
20 -0.411035 0.924683 -0.130051
21 -0.432129 0.911313 -0.109709
22 -0.447975 0.899056 -0.085682
23 -0.461930 0.892455 -0.059360
24 -0.473091 0.886829 -0.031187
25 -0.480074 0.882801 -0.000798
26 -0.481212 0.880683 0.031367
27 -0.476583 0.880467 0.062579
28 -0.465507 0.882557 0.093399
29 -0.451388 0.886089 0.121356
Frame 634
0 -0.435463 0.892375 0.145878
1 -0.414252 0.903106 0.170610
2 -0.389006 0.913947 0.187290
3 -0.360107 0.924271 0.195666
4 -0.329133 0.932219 0.194796
5 -0.299521 0.937802 0.184160
6 -0.272201 0.940488 0.163686
7 -0.255403 0.944411 0.137174
8 -0.247652 0.948911 0.107718
9 -0.244245 0.951814 0.077062
10 -0.242857 0.953877 0.046972
11 -0.242795 0.955858 0.016727
12 -0.244317 0.957182 -0.013215
13 -0.247385 0.958357 -0.042776
14 -0.252983 0.958630 -0.072249
15 -0.267409 0.959328 -0.103580
16 -0.290159 0.959167 -0.126333
17 -0.318990 0.957120 -0.140895
18 -0.350200 0.950697 -0.147861
19 -0.383719 0.938504 -0.143939
20 -0.410483 0.924383 -0.130727
21 -0.431569 0.911009 -0.110374
22 -0.447407 0.898759 -0.086332
23 -0.461357 0.892182 -0.060007
24 -0.472517 0.886587 -0.031829
25 -0.479498 0.882588 -0.001441
26 -0.480633 0.880496 0.030721
27 -0.476025 0.880319 0.061938
28 -0.464956 0.882449 0.092766
29 -0.450844 0.886021 0.120731
Frame 635
0 -0.434887 0.892322 0.145237
1 -0.413709 0.903129 0.169968
2 -0.388480 0.914028 0.186652
3 -0.359588 0.924403 0.195034
4 -0.328617 0.932391 0.194170
5 -0.299001 0.937997 0.183541
6 -0.271675 0.940684 0.163078
7 -0.254853 0.944589 0.136567
8 -0.247098 0.949047 0.107093
9 -0.243685 0.951916 0.076439
10 -0.242289 0.953938 0.046344
11 -0.242218 0.955878 0.016108
12 -0.243714 0.957183 -0.013842
13 -0.246781 0.958313 -0.043419
14 -0.252364 0.958533 -0.072881
15 -0.266786 0.959192 -0.104239
16 -0.289534 0.958982 -0.127013
17 -0.318376 0.956865 -0.141593
18 -0.349588 0.950377 -0.148569
19 -0.383097 0.938145 -0.144649
20 -0.409882 0.924009 -0.131428
21 -0.430960 0.910631 -0.111058
22 -0.446787 0.898393 -0.087001
23 -0.460733 0.891845 -0.060671
24 -0.471893 0.886287 -0.032490
25 -0.478869 0.882323 -0.002100
26 -0.479996 0.880262 0.030058
27 -0.475409 0.880130 0.061280
28 -0.464346 0.882308 0.092117
29 -0.450238 0.885928 0.120089
Frame 636
0 -0.434250 0.892254 0.144596
1 -0.413104 0.903144 0.169325
2 -0.387894 0.914104 0.186008
3 -0.359009 0.924537 0.194394
4 -0.328040 0.932570 0.193534
5 -0.298420 0.938197 0.182908
6 -0.271092 0.940883 0.162454
7 -0.254244 0.944767 0.135943
8 -0.246489 0.949178 0.106446
9 -0.243070 0.952009 0.075795
10 -0.241668 0.953986 0.045694
11 -0.241591 0.955877 0.015468
12 -0.243064 0.957160 -0.014491
13 -0.246131 0.958238 -0.044085
14 -0.251701 0.958400 -0.073535
15 -0.266120 0.959015 -0.104918
16 -0.288869 0.958750 -0.127711
17 -0.317720 0.956560 -0.142308
18 -0.348933 0.950003 -0.149292
19 -0.382431 0.937729 -0.145369
20 -0.409239 0.923580 -0.132136
21 -0.430305 0.910199 -0.111745
22 -0.446119 0.897973 -0.087668
23 -0.460060 0.891460 -0.061333
24 -0.471220 0.885942 -0.033148
25 -0.478188 0.882017 -0.002757
26 -0.479304 0.879990 0.029398
27 -0.474737 0.879911 0.060625
28 -0.463677 0.882143 0.091470
29 -0.449570 0.885814 0.119449
Frame 637
0 -0.433552 0.892174 0.143974
1 -0.412438 0.903150 0.168697
2 -0.387245 0.914175 0.185377
3 -0.358369 0.924667 0.193761
4 -0.327402 0.932745 0.192902
5 -0.297779 0.938394 0.182276
6 -0.270449 0.941080 0.161829
7 -0.253579 0.944940 0.135313
8 -0.245826 0.949301 0.105793
9 -0.242406 0.952093 0.075143
10 -0.241000 0.954020 0.045036
11 -0.240920 0.955860 0.014821
12 -0.242371 0.957118 -0.015148
13 -0.245442 0.958140 -0.044757
14 -0.251002 0.958241 -0.074196
15 -0.265420 0.958808 -0.105602
16 -0.288170 0.958484 -0.128410
17 -0.317029 0.956218 -0.143021
18 -0.348245 0.949590 -0.150009
19 -0.381731 0.937274 -0.146077
20 -0.408558 0.923113 -0.132827
21 -0.429611 0.909730 -0.112414
22 -0.445408 0.897520 -0.088316
23 -0.459341 0.891039 -0.061972
24 -0.470497 0.885564 -0.033784
25 -0.477457 0.881681 -0.003390
26 -0.478560 0.879692 0.028761
27 -0.474009 0.879669 0.059992
28 -0.462951 0.881958 0.090845
29 -0.448843 0.885686 0.118830
Frame 638
0 -0.432792 0.892085 0.143387
1 -0.411706 0.903145 0.168102
2 -0.386531 0.914235 0.184775
3 -0.357662 0.924786 0.193154
4 -0.326699 0.932909 0.192290
5 -0.297075 0.938580 0.181661
6 -0.269746 0.941266 0.161216
7 -0.252859 0.945103 0.134693
8 -0.245110 0.949416 0.105148
9 -0.241693 0.952166 0.074499
10 -0.240288 0.954043 0.044386
11 -0.240206 0.955831 0.014179
12 -0.241642 0.957056 -0.015797
13 -0.244721 0.958024 -0.045420
14 -0.250274 0.958064 -0.074847
15 -0.264693 0.958579 -0.106274
16 -0.287445 0.958195 -0.129094
17 -0.316316 0.955853 -0.143714
18 -0.347533 0.949155 -0.150700
19 -0.381005 0.936798 -0.146755
20 -0.407845 0.922624 -0.133484
21 -0.428881 0.909239 -0.113044
22 -0.444659 0.897047 -0.088922
23 -0.458581 0.890600 -0.062571
24 -0.469730 0.885168 -0.034378
25 -0.476679 0.881328 -0.003981
26 -0.477766 0.879380 0.028169
27 -0.473227 0.879414 0.059402
28 -0.462167 0.881761 0.090259
29 -0.448059 0.885547 0.118248
Frame 639
0 -0.431971 0.891991 0.142853
1 -0.410908 0.903130 0.167556
2 -0.385748 0.914282 0.184218
3 -0.356888 0.924887 0.192587
4 -0.325929 0.933054 0.191714
5 -0.296307 0.938749 0.181076
6 -0.268982 0.941434 0.160627
7 -0.252084 0.945249 0.134097
8 -0.244344 0.949518 0.104527
9 -0.240936 0.952228 0.073877
10 -0.239535 0.954057 0.043758
11 -0.239455 0.955792 0.013557
12 -0.240884 0.956982 -0.016425
13 -0.243975 0.957898 -0.046057
14 -0.249524 0.957879 -0.075475
15 -0.263947 0.958340 -0.106918
16 -0.286704 0.957891 -0.129744
17 -0.315588 0.955478 -0.144368
18 -0.346805 0.948715 -0.151347
19 -0.380262 0.936318 -0.147381
20 -0.407107 0.922130 -0.134085
21 -0.428122 0.908747 -0.113617
22 -0.443877 0.896569 -0.089470
23 -0.457782 0.890155 -0.063110
24 -0.468916 0.884763 -0.034910
25 -0.475855 0.880966 -0.004509
26 -0.476927 0.879062 0.027639
27 -0.472392 0.879151 0.058875
28 -0.461329 0.881558 0.089733
29 -0.447216 0.885402 0.117722
Frame 640
0 -0.431096 0.891888 0.142382
1 -0.410050 0.903099 0.167070
2 -0.384902 0.914306 0.183717
3 -0.356049 0.924960 0.192072
4 -0.325095 0.933164 0.191185
5 -0.295477 0.938880 0.180533
6 -0.268160 0.941568 0.160076
7 -0.251258 0.945362 0.133533
8 -0.243532 0.949593 0.103942
9 -0.240138 0.952264 0.073289
10 -0.238745 0.954050 0.043165
11 -0.238673 0.955738 0.012968
12 -0.240101 0.956889 -0.017019
13 -0.243208 0.957760 -0.046656
14 -0.248758 0.957686 -0.076065
15 -0.263189 0.958096 -0.107521
16 -0.285955 0.957588 -0.130347
17 -0.314854 0.955110 -0.144970
18 -0.346073 0.948289 -0.151935
19 -0.379515 0.935855 -0.147944
20 -0.406356 0.921654 -0.134620
21 -0.427348 0.908274 -0.114123
22 -0.443077 0.896112 -0.089951
23 -0.456961 0.889728 -0.063579
24 -0.468074 0.884370 -0.035371
25 -0.475001 0.880616 -0.004966
26 -0.476056 0.878752 0.027183
27 -0.471517 0.878893 0.058419
28 -0.460447 0.881355 0.089276
29 -0.446328 0.885253 0.117261
Frame 641
0 -0.430174 0.891776 0.141964
1 -0.409137 0.903046 0.166634
2 -0.383995 0.914301 0.183263
3 -0.355149 0.924997 0.191599
4 -0.324200 0.933232 0.190693
5 -0.294588 0.938965 0.180025
6 -0.267281 0.941652 0.159555
7 -0.250382 0.945429 0.132998
8 -0.242674 0.949627 0.103384
9 -0.239298 0.952266 0.072730
10 -0.237919 0.954012 0.042601
11 -0.237857 0.955656 0.012407
12 -0.239292 0.956772 -0.017585
13 -0.242418 0.957605 -0.047224
14 -0.247975 0.957481 -0.076624
15 -0.262417 0.957848 -0.108087
16 -0.285194 0.957287 -0.130910
17 -0.314111 0.954753 -0.145526
18 -0.345334 0.947884 -0.152474
19 -0.378760 0.935419 -0.148454
20 -0.405595 0.921204 -0.135101
21 -0.426562 0.907827 -0.114575
22 -0.442265 0.895683 -0.090376
23 -0.456126 0.889325 -0.063992
24 -0.467214 0.884000 -0.035776
25 -0.474125 0.880283 -0.005363
26 -0.475160 0.878457 0.026787
27 -0.470612 0.878643 0.058021
28 -0.459530 0.881154 0.088875
29 -0.445400 0.885101 0.116854
Frame 642
0 -0.429204 0.891651 0.141582
1 -0.408168 0.902973 0.166233
2 -0.383029 0.914265 0.182841
3 -0.354186 0.924996 0.191156
4 -0.323244 0.933257 0.190228
5 -0.293639 0.939002 0.179540
6 -0.266345 0.941690 0.159054
7 -0.249452 0.945449 0.132481
8 -0.241765 0.949620 0.102847
9 -0.238412 0.952229 0.072190
10 -0.237048 0.953942 0.042057
11 -0.237001 0.955547 0.011865
12 -0.238448 0.956630 -0.018131
13 -0.241596 0.957431 -0.047772
14 -0.247165 0.957264 -0.077164
15 -0.261622 0.957594 -0.108628
16 -0.284413 0.956986 -0.131444
17 -0.313351 0.954405 -0.146050
18 -0.344577 0.947494 -0.152978
19 -0.377991 0.935003 -0.148927
20 -0.404815 0.920778 -0.135544
21 -0.425757 0.907405 -0.114988
22 -0.441432 0.895275 -0.090764
23 -0.455269 0.888942 -0.064365
24 -0.466330 0.883646 -0.036139
25 -0.473222 0.879966 -0.005718
26 -0.474234 0.878172 0.026432
27 -0.469671 0.878398 0.057665
28 -0.458572 0.880952 0.088513
29 -0.444428 0.884940 0.116484
Frame 643
0 -0.428180 0.891511 0.141221
1 -0.407140 0.902877 0.165851
2 -0.382002 0.914200 0.182438
3 -0.353160 0.924957 0.190730
4 -0.322223 0.933238 0.189777
5 -0.292626 0.938994 0.179065
6 -0.265348 0.941678 0.158561
7 -0.248464 0.945423 0.131971
8 -0.240802 0.949571 0.102318
9 -0.237474 0.952154 0.071659
10 -0.236129 0.953838 0.041522
11 -0.236099 0.955410 0.011330
12 -0.237562 0.956462 -0.018668
13 -0.240735 0.957237 -0.048311
14 -0.246319 0.957032 -0.077692
15 -0.260793 0.957331 -0.109156
16 -0.283601 0.956683 -0.131962
17 -0.312562 0.954062 -0.146555
18 -0.343793 0.947116 -0.153460
19 -0.377195 0.934604 -0.149376
20 -0.404007 0.920370 -0.135963
21 -0.424924 0.907003 -0.115379
22 -0.440572 0.894888 -0.091129
23 -0.454382 0.888577 -0.064715
24 -0.465413 0.883308 -0.036477
25 -0.472284 0.879659 -0.006048
26 -0.473272 0.877895 0.026104
27 -0.468689 0.878155 0.057335
28 -0.457570 0.880747 0.088176
29 -0.443409 0.884771 0.116137
Frame 644
0 -0.427101 0.891355 0.140865
1 -0.406052 0.902757 0.165474
2 -0.380909 0.914105 0.182038
3 -0.352068 0.924882 0.190305
4 -0.321135 0.933177 0.189327
5 -0.291548 0.938940 0.178590
6 -0.264288 0.941621 0.158066
7 -0.247416 0.945351 0.131458
8 -0.239780 0.949481 0.101788
9 -0.236480 0.952040 0.071127
10 -0.235156 0.953700 0.040985
11 -0.235146 0.955243 0.010795
12 -0.236628 0.956268 -0.019207
13 -0.239826 0.957021 -0.048850
14 -0.245429 0.956784 -0.078222
15 -0.259923 0.957057 -0.109683
16 -0.282749 0.956375 -0.132478
17 -0.311735 0.953721 -0.147055
18 -0.342973 0.946747 -0.153935
19 -0.376362 0.934218 -0.149818
20 -0.403162 0.919976 -0.136376
21 -0.424054 0.906615 -0.115762
22 -0.439676 0.894514 -0.091488
23 -0.453458 0.888225 -0.065057
24 -0.464456 0.882980 -0.036807
25 -0.471305 0.879360 -0.006369
26 -0.472266 0.877622 0.025786
27 -0.467661 0.877912 0.057014
28 -0.456520 0.880536 0.087846
29 -0.442338 0.884590 0.115796
Frame 645
0 -0.425962 0.891181 0.140501
1 -0.404901 0.902611 0.165089
2 -0.379752 0.913977 0.181629
3 -0.350910 0.924769 0.189871
4 -0.319980 0.933075 0.188865
5 -0.290404 0.938840 0.178104
6 -0.263162 0.941517 0.157558
7 -0.246304 0.945233 0.130932
8 -0.238696 0.949348 0.101246
9 -0.235426 0.951888 0.070583
10 -0.234123 0.953529 0.040438
11 -0.234133 0.955046 0.010247
12 -0.235638 0.956046 -0.019757
13 -0.238862 0.956783 -0.049400
14 -0.244486 0.956517 -0.078763
15 -0.259001 0.956772 -0.110219
16 -0.281847 0.956062 -0.133003
17 -0.310861 0.953378 -0.147563
18 -0.342104 0.946380 -0.154418
19 -0.375485 0.933841 -0.150267
20 -0.402273 0.919592 -0.136796
21 -0.423141 0.906239 -0.116155
22 -0.438735 0.894152 -0.091856
23 -0.452488 0.887883 -0.065409
24 -0.463452 0.882660 -0.037145
25 -0.470278 0.879067 -0.006696
26 -0.471211 0.877351 0.025461
27 -0.466581 0.877665 0.056685
28 -0.455414 0.880315 0.087508
29 -0.441212 0.884396 0.115446
Frame 646
0 -0.424761 0.890988 0.140110
1 -0.403685 0.902437 0.164678
2 -0.378528 0.913819 0.181195
3 -0.349682 0.924619 0.189411
4 -0.318756 0.932929 0.188379
5 -0.289190 0.938696 0.177593
6 -0.261969 0.941366 0.157026
7 -0.245125 0.945070 0.130383
8 -0.237545 0.949174 0.100682
9 -0.234306 0.951696 0.070018
10 -0.233024 0.953321 0.039869
11 -0.233057 0.954818 0.009677
12 -0.234585 0.955796 -0.020328
13 -0.237836 0.956519 -0.049972
14 -0.243482 0.956231 -0.079327
15 -0.258019 0.956472 -0.110776
16 -0.280886 0.955738 -0.133549
17 -0.309929 0.953031 -0.148092
18 -0.341179 0.946016 -0.154921
19 -0.374550 0.933468 -0.150739
20 -0.401329 0.919213 -0.137240
21 -0.422173 0.905868 -0.116572
22 -0.437741 0.893795 -0.092250
23 -0.451464 0.887546 -0.065784
24 -0.462394 0.882344 -0.037506
25 -0.469196 0.878774 -0.007047
26 -0.470101 0.877078 0.025113
27 -0.465445 0.877412 0.056332
28 -0.454252 0.880084 0.087147
29 -0.440025 0.884186 0.115072
Frame 647
0 -0.423495 0.890771 0.139681
1 -0.402402 0.902237 0.164228
2 -0.377235 0.913626 0.180723
3 -0.348386 0.924431 0.188915
4 -0.317463 0.932743 0.187857
5 -0.287906 0.938507 0.177047
6 -0.260706 0.941170 0.156458
7 -0.243876 0.944862 0.129799
8 -0.236322 0.948957 0.100085
9 -0.233116 0.951464 0.069422
10 -0.231854 0.953078 0.039269
11 -0.231909 0.954556 0.009075
12 -0.233463 0.955515 -0.020931
13 -0.236740 0.956230 -0.050576
14 -0.242406 0.955925 -0.079922
15 -0.256967 0.956157 -0.111366
16 -0.279855 0.955403 -0.134128
17 -0.308928 0.952678 -0.148655
18 -0.340187 0.945647 -0.155461
19 -0.373552 0.933095 -0.151247
20 -0.400322 0.918833 -0.137723
21 -0.421143 0.905499 -0.117029
22 -0.436685 0.893439 -0.092683
23 -0.450379 0.887209 -0.066200
24 -0.461274 0.882027 -0.037908
25 -0.468051 0.878481 -0.007437
26 -0.468930 0.876800 0.024724
27 -0.464245 0.877149 0.055940
28 -0.453026 0.879838 0.086745
29 -0.438776 0.883956 0.114658
Frame 648
0 -0.422150 0.890530 0.139212
1 -0.401033 0.902002 0.163738
2 -0.375852 0.913393 0.180210
3 -0.346996 0.924196 0.188375
4 -0.316075 0.932501 0.187290
5 -0.286528 0.938260 0.176454
6 -0.259351 0.940913 0.155843
7 -0.242538 0.944594 0.129167
8 -0.235014 0.948685 0.099441
9 -0.231844 0.951181 0.068779
10 -0.230604 0.952789 0.038622
11 -0.230685 0.954255 0.008425
12 -0.232267 0.955199 -0.021581
13 -0.235572 0.955912 -0.051227
14 -0.241265 0.955596 -0.080564
15 -0.255852 0.955827 -0.112002
16 -0.278765 0.955060 -0.134752
17 -0.307873 0.952323 -0.149257
18 -0.339142 0.945285 -0.156038
19 -0.372499 0.932734 -0.151794
20 -0.399266 0.918467 -0.138244
21 -0.420063 0.905142 -0.117523
22 -0.435577 0.893096 -0.093153
23 -0.449240 0.886885 -0.066652
24 -0.460095 0.881721 -0.038343
25 -0.466847 0.878195 -0.007860
26 -0.467695 0.876524 0.024304
27 -0.462978 0.876882 0.055513
28 -0.451728 0.879581 0.086307
29 -0.437451 0.883709 0.114205
Frame 649
0 -0.420730 0.890267 0.138721
1 -0.399582 0.901735 0.163226
2 -0.374380 0.913118 0.179669
3 -0.345512 0.923909 0.187804
4 -0.314592 0.932203 0.186686
5 -0.285057 0.937951 0.175818
6 -0.257907 0.940592 0.155181
7 -0.241116 0.944261 0.128487
8 -0.233627 0.948353 0.098750
9 -0.230499 0.950842 0.068089
10 -0.229288 0.952452 0.037928
11 -0.229402 0.953913 0.007728
12 -0.231018 0.954848 -0.022277
13 -0.234359 0.955565 -0.051924
14 -0.240084 0.955247 -0.081249
15 -0.254708 0.955487 -0.112680
16 -0.277648 0.954718 -0.135412
17 -0.306798 0.951981 -0.149890
18 -0.338079 0.944942 -0.156640
19 -0.371433 0.932399 -0.152361
20 -0.398195 0.918128 -0.138785
21 -0.418966 0.904815 -0.118034
22 -0.434451 0.892782 -0.093640
23 -0.448075 0.886588 -0.067116
24 -0.458885 0.881439 -0.038788
25 -0.465604 0.877930 -0.008293
26 -0.466415 0.876263 0.023872
27 -0.461659 0.876621 0.055074
28 -0.450371 0.879320 0.085854
29 -0.436060 0.883448 0.113735
Frame 650
0 -0.419266 0.889993 0.138218
1 -0.398080 0.901448 0.162698
2 -0.372851 0.912814 0.179111
3 -0.343969 0.923586 0.187210
4 -0.313048 0.931859 0.186055
5 -0.283526 0.937591 0.175152
6 -0.256407 0.940219 0.154482
7 -0.239642 0.943879 0.127770
8 -0.232193 0.947975 0.098021
9 -0.229114 0.950463 0.067362
10 -0.227935 0.952080 0.037196
11 -0.228088 0.953540 0.006995
12 -0.229746 0.954473 -0.023008
13 -0.233126 0.955201 -0.052654
14 -0.238889 0.954888 -0.081968
15 -0.253557 0.955145 -0.113390
16 -0.276531 0.954381 -0.136101
17 -0.305726 0.951655 -0.150543
18 -0.337023 0.944622 -0.157258
19 -0.370373 0.932091 -0.152942
20 -0.397134 0.917817 -0.139335
21 -0.417877 0.904517 -0.118553
22 -0.433329 0.892497 -0.094134
23 -0.446911 0.886319 -0.067586
24 -0.457671 0.881184 -0.039237
25 -0.464351 0.877687 -0.008729
26 -0.465117 0.876018 0.023436
27 -0.460316 0.876371 0.054631
28 -0.448984 0.879062 0.085394
29 -0.434633 0.883181 0.113254
Frame 651
0 -0.417791 0.889711 0.137713
1 -0.396558 0.901145 0.162166
2 -0.371298 0.912490 0.178545
3 -0.342398 0.923235 0.186605
4 -0.311474 0.931483 0.185408
5 -0.281966 0.937197 0.174465
6 -0.254883 0.939809 0.153761
7 -0.238147 0.943459 0.127027
8 -0.230743 0.947564 0.097266
9 -0.227717 0.950054 0.066609
10 -0.226577 0.951682 0.036440
11 -0.226773 0.953147 0.006236
12 -0.228477 0.954081 -0.023763
13 -0.231901 0.954826 -0.053408
14 -0.237709 0.954523 -0.082709
15 -0.252427 0.954805 -0.114121
16 -0.275436 0.954056 -0.136805
17 -0.304683 0.951347 -0.151209
18 -0.335997 0.944327 -0.157884
19 -0.369348 0.931812 -0.153527
20 -0.396107 0.917535 -0.139889
21 -0.416820 0.904251 -0.119074
22 -0.432237 0.892242 -0.094627
23 -0.445772 0.886080 -0.068053
24 -0.456477 0.880957 -0.039681
25 -0.463112 0.877470 -0.009159
26 -0.463830 0.875794 0.023005
27 -0.458978 0.876136 0.054192
28 -0.447596 0.878811 0.084936
29 -0.433198 0.882915 0.112773
Frame 652
0 -0.416333 0.889433 0.137212
1 -0.395050 0.900839 0.161638
2 -0.369753 0.912156 0.177980
3 -0.340832 0.922869 0.185996
4 -0.309906 0.931087 0.184755
5 -0.280413 0.936780 0.173769
6 -0.253365 0.939375 0.153026
7 -0.236665 0.943016 0.126268
8 -0.229308 0.947131 0.096497
9 -0.226339 0.949627 0.065842
10 -0.225241 0.951271 0.035669
11 -0.225485 0.952743 0.005463
12 -0.227240 0.953683 -0.024532
13 -0.230711 0.954449 -0.054174
14 -0.236568 0.954163 -0.083461
15 -0.251342 0.954475 -0.114862
16 -0.274393 0.953749 -0.137516
17 -0.303694 0.951062 -0.151878
18 -0.335028 0.944061 -0.158510
19 -0.368379 0.931565 -0.154108
20 -0.395138 0.917286 -0.140435
21 -0.415821 0.904017 -0.119586
22 -0.431200 0.892020 -0.095110
23 -0.444684 0.885873 -0.068510
24 -0.455331 0.880761 -0.040113
25 -0.461915 0.877281 -0.009577
26 -0.462580 0.875595 0.022586
27 -0.457672 0.875920 0.053763
28 -0.446235 0.878574 0.084487
29 -0.431788 0.882656 0.112298
Frame 653
0 -0.414924 0.889165 0.136726
1 -0.393585 0.900538 0.161122
2 -0.368249 0.911823 0.177425
3 -0.339304 0.922500 0.185396
4 -0.308374 0.930686 0.184106
5 -0.278897 0.936354 0.173073
6 -0.251889 0.938930 0.152289
7 -0.235225 0.942564 0.125507
8 -0.227920 0.946690 0.095724
9 -0.225010 0.949194 0.065071
10 -0.223959 0.950856 0.034895
11 -0.224254 0.952339 0.004688
12 -0.226062 0.953288 -0.025304
13 -0.229584 0.954079 -0.054941
14 -0.235493 0.953811 -0.084214
15 -0.250332 0.954160 -0.115602
16 -0.273425 0.953461 -0.138223
17 -0.302781 0.950803 -0.152541
18 -0.334140 0.943824 -0.159126
19 -0.367492 0.931348 -0.154676
20 -0.394252 0.917071 -0.140966
21 -0.414902 0.903818 -0.120080
22 -0.430242 0.891831 -0.095576
23 -0.443672 0.885698 -0.068947
24 -0.454258 0.880598 -0.040526
25 -0.460788 0.877123 -0.009976
26 -0.461393 0.875423 0.022187
27 -0.456427 0.875727 0.053353
28 -0.444932 0.878356 0.084056
29 -0.430430 0.882412 0.111840
Frame 654
0 -0.413596 0.888913 0.136264
1 -0.392196 0.900253 0.160629
2 -0.366818 0.911502 0.176891
3 -0.337847 0.922141 0.184812
4 -0.306913 0.930290 0.183472
5 -0.277452 0.935933 0.172390
6 -0.250486 0.938489 0.151561
7 -0.233860 0.942115 0.124753
8 -0.226610 0.946254 0.094958
9 -0.223761 0.948768 0.064308
10 -0.222760 0.950449 0.034128
11 -0.223108 0.951945 0.003920
12 -0.224973 0.952905 -0.026066
13 -0.228546 0.953723 -0.055698
14 -0.234512 0.953477 -0.084957
15 -0.249419 0.953866 -0.116332
16 -0.272560 0.953200 -0.138916
17 -0.301970 0.950574 -0.153188
18 -0.333355 0.943618 -0.159725
19 -0.366712 0.931168 -0.155223
20 -0.393473 0.916892 -0.141472
21 -0.414090 0.903654 -0.120550
22 -0.429389 0.891677 -0.096016
23 -0.442762 0.885559 -0.069359
24 -0.453284 0.880470 -0.040912
25 -0.459754 0.876999 -0.010345
26 -0.460299 0.875282 0.021814
27 -0.455271 0.875564 0.052970
28 -0.443713 0.878163 0.083650
29 -0.429154 0.882190 0.111406
Frame 655
0 -0.412371 0.888686 0.135832
1 -0.390909 0.899989 0.160165
2 -0.365485 0.911200 0.176383
3 -0.336488 0.921798 0.184254
4 -0.305548 0.929910 0.182859
5 -0.276104 0.935525 0.171727
6 -0.249179 0.938059 0.150853
7 -0.232594 0.941678 0.124017
8 -0.225399 0.945828 0.094210
9 -0.222611 0.948352 0.063562
10 -0.221662 0.950053 0.033379
11 -0.222066 0.951564 0.003173
12 -0.223988 0.952540 -0.026809
13 -0.227613 0.953386 -0.056436
14 -0.233638 0.953161 -0.085679
15 -0.248618 0.953595 -0.117040
16 -0.271807 0.952969 -0.139584
17 -0.301273 0.950375 -0.153812
18 -0.332689 0.943446 -0.160299
19 -0.366051 0.931022 -0.155743
20 -0.392814 0.916750 -0.141949
21 -0.413398 0.903527 -0.120989
22 -0.428657 0.891562 -0.096425
23 -0.441972 0.885458 -0.069739
24 -0.452430 0.880381 -0.041266
25 -0.458836 0.876912 -0.010685
26 -0.459316 0.875177 0.021472
27 -0.454226 0.875435 0.052617
28 -0.442604 0.878001 0.083274
29 -0.427984 0.881996 0.111002
Frame 656
0 -0.411228 0.888480 0.135424
1 -0.389702 0.899743 0.159724
2 -0.364230 0.910913 0.175899
3 -0.335204 0.921468 0.183717
4 -0.304258 0.929539 0.182269
5 -0.274830 0.935123 0.171084
6 -0.247948 0.937635 0.150165
7 -0.231403 0.941246 0.123301
8 -0.224266 0.945406 0.093481
9 -0.221535 0.947943 0.062835
10 -0.220641 0.949662 0.032650
11 -0.221101 0.951189 0.002448
12 -0.223078 0.952186 -0.027531
13 -0.226756 0.953062 -0.057154
14 -0.232842 0.952857 -0.086380
15 -0.247896 0.953341 -0.117724
16 -0.271135 0.952760 -0.140229
17 -0.300661 0.950202 -0.154413
18 -0.332109 0.943303 -0.160849
19 -0.365477 0.930906 -0.156238
20 -0.392242 0.916641 -0.142402
21 -0.412796 0.903436 -0.121405
22 -0.428016 0.891481 -0.096811
23 -0.441275 0.885394 -0.070096
24 -0.451667 0.880328 -0.041597
25 -0.458008 0.876861 -0.011001
26 -0.458420 0.875105 0.021154
27 -0.453269 0.875337 0.052288
28 -0.441580 0.877868 0.082924
29 -0.426898 0.881827 0.110624
Frame 657
0 -0.410131 0.888286 0.135034
1 -0.388539 0.899508 0.159302
2 -0.363019 0.910634 0.175432
3 -0.333962 0.921144 0.183199
4 -0.303008 0.929173 0.181695
5 -0.273596 0.934724 0.170457
6 -0.246759 0.937211 0.149493
7 -0.230253 0.940814 0.122601
8 -0.223173 0.944983 0.092769
9 -0.220498 0.947534 0.062126
10 -0.219660 0.949274 0.031938
11 -0.220176 0.950818 0.001742
12 -0.222206 0.951839 -0.028233
13 -0.225935 0.952745 -0.057856
14 -0.232085 0.952561 -0.087062
15 -0.247213 0.953101 -0.118390
16 -0.270501 0.952571 -0.140854
17 -0.300088 0.950049 -0.154995
18 -0.331570 0.943182 -0.161380
19 -0.364947 0.930815 -0.156713
20 -0.391714 0.916560 -0.142836
21 -0.412240 0.903372 -0.121802
22 -0.427422 0.891426 -0.097180
23 -0.440625 0.885357 -0.070436
24 -0.450952 0.880303 -0.041912
25 -0.457228 0.876836 -0.011301
26 -0.457572 0.875059 0.020851
27 -0.452360 0.875262 0.051974
28 -0.440605 0.877755 0.082590
29 -0.425858 0.881673 0.110262
Frame 658
0 -0.409042 0.888099 0.134653
1 -0.387384 0.899277 0.158889
2 -0.361814 0.910358 0.174976
3 -0.332726 0.920818 0.182691
4 -0.301764 0.928802 0.181134
5 -0.272368 0.934320 0.169843
6 -0.245575 0.936783 0.148834
7 -0.229108 0.940378 0.121916
8 -0.222085 0.944557 0.092074
9 -0.219461 0.947122 0.061434
10 -0.218681 0.948884 0.031241
11 -0.219252 0.950447 0.001054
12 -0.221333 0.951496 -0.028917
13 -0.225112 0.952434 -0.058540
14 -0.231325 0.952271 -0.087727
15 -0.246528 0.952870 -0.119038
16 -0.269863 0.952395 -0.141461
17 -0.299513 0.949912 -0.155560
18 -0.331027 0.943078 -0.161896
19 -0.364415 0.930743 -0.157176
20 -0.391186 0.916497 -0.143258
21 -0.411685 0.903328 -0.122189
22 -0.426832 0.891392 -0.097539
23 -0.439980 0.885338 -0.070767
24 -0.450242 0.880297 -0.042218
25 -0.456453 0.876830 -0.011592
26 -0.456729 0.875028 0.020554
27 -0.451459 0.875201 0.051668
28 -0.439636 0.877653 0.082264
29 -0.424827 0.881528 0.109909
Frame 659
0 -0.407924 0.887910 0.134274
1 -0.386199 0.899042 0.158482
2 -0.360581 0.910074 0.174524
3 -0.331461 0.920485 0.182189
4 -0.300491 0.928424 0.180580
5 -0.271112 0.933906 0.169238
6 -0.244361 0.936343 0.148188
7 -0.227932 0.939932 0.121244
8 -0.220964 0.944121 0.091391
9 -0.218390 0.946704 0.060754
10 -0.217665 0.948488 0.030561
11 -0.218290 0.950072 0.000380
12 -0.220420 0.951151 -0.029587
13 -0.224248 0.952125 -0.059211
14 -0.230523 0.951983 -0.088378
15 -0.245796 0.952644 -0.119671
16 -0.269179 0.952227 -0.142056
17 -0.298890 0.949784 -0.156114
18 -0.330440 0.942986 -0.162403
19 -0.363836 0.930683 -0.157632
20 -0.390612 0.916449 -0.143676
21 -0.411087 0.903298 -0.122573
22 -0.426201 0.891370 -0.097898
23 -0.439295 0.885334 -0.071099
24 -0.449496 0.880303 -0.042524
25 -0.455643 0.876834 -0.011885
26 -0.455854 0.875005 0.020259
27 -0.450525 0.875146 0.051362
28 -0.438638 0.877555 0.081939
29 -0.423764 0.881386 0.109558
Frame 660
0 -0.406740 0.887712 0.133891
1 -0.384950 0.898796 0.158069
2 -0.359283 0.909778 0.174072
3 -0.330132 0.920136 0.181689
4 -0.299155 0.928028 0.180030
5 -0.269792 0.933475 0.168640
6 -0.243082 0.935888 0.147550
7 -0.226689 0.939473 0.120582
8 -0.219774 0.943674 0.090719
9 -0.217248 0.946275 0.060087
10 -0.216576 0.948084 0.029891
11 -0.217252 0.949691 -0.000281
12 -0.219429 0.950801 -0.030244
13 -0.223302 0.951811 -0.059868
14 -0.229637 0.951693 -0.089015
15 -0.244979 0.952419 -0.120292
16 -0.268406 0.952062 -0.142641
17 -0.298178 0.949661 -0.156661
18 -0.329760 0.942900 -0.162904
19 -0.363168 0.930630 -0.158085
20 -0.389950 0.916407 -0.144093
21 -0.410402 0.903274 -0.122960
22 -0.425485 0.891354 -0.098261
23 -0.438529 0.885334 -0.071436
24 -0.448670 0.880311 -0.042838
25 -0.454756 0.876839 -0.012185
26 -0.454903 0.874981 0.019953
27 -0.449520 0.875089 0.051047
28 -0.437570 0.877453 0.081605
29 -0.422636 0.881236 0.109201
Frame 661
0 -0.405452 0.887498 0.133493
1 -0.383598 0.898531 0.157646
2 -0.357886 0.909460 0.173612
3 -0.328705 0.919764 0.181186
4 -0.297721 0.927609 0.179481
5 -0.268372 0.933022 0.168046
6 -0.241700 0.935411 0.146918
7 -0.225344 0.938993 0.119927
8 -0.218479 0.943209 0.090057
9 -0.215996 0.945831 0.059430
10 -0.215374 0.947667 0.029233
11 -0.216099 0.949298 -0.000931
12 -0.218320 0.950441 -0.030890
13 -0.222236 0.951492 -0.060515
14 -0.228627 0.951399 -0.089642
15 -0.244034 0.952190 -0.120906
16 -0.267502 0.951893 -0.143219
17 -0.297332 0.949538 -0.157203
18 -0.328946 0.942814 -0.163405
19 -0.362365 0.930577 -0.158543
20 -0.389154 0.916363 -0.144518
21 -0.409586 0.903248 -0.123358
22 -0.424642 0.891337 -0.098638
23 -0.437637 0.885329 -0.071788
24 -0.447722 0.880314 -0.043167
25 -0.453751 0.876836 -0.012502
26 -0.453838 0.874948 0.019631
27 -0.448403 0.875020 0.050716
28 -0.436393 0.877336 0.081257
29 -0.421401 0.881071 0.108829
Frame 662
0 -0.404023 0.887259 0.133077
1 -0.382109 0.898240 0.157207
2 -0.356353 0.909114 0.173139
3 -0.327145 0.919364 0.180672
4 -0.296154 0.927161 0.178926
5 -0.266820 0.932539 0.167451
6 -0.240183 0.934907 0.146289
7 -0.223860 0.938489 0.119278
8 -0.217041 0.942724 0.089404
9 -0.214599 0.945369 0.058781
10 -0.214024 0.947233 0.028584
11 -0.214793 0.948892 -0.001573
12 -0.217054 0.950066 -0.031526
13 -0.221011 0.951162 -0.061152
14 -0.227454 0.951096 -0.090260
15 -0.242919 0.951952 -0.121513
16 -0.266425 0.951718 -0.143795
17 -0.296308 0.949408 -0.157744
18 -0.327952 0.942724 -0.163910
19 -0.361384 0.930519 -0.159010
20 -0.388181 0.916311 -0.144957
21 -0.408594 0.903214 -0.123773
22 -0.423624 0.891310 -0.099036
23 -0.436576 0.885313 -0.072163
24 -0.446609 0.880302 -0.043519
25 -0.452585 0.876817 -0.012843
26 -0.452619 0.874897 0.019285
27 -0.447134 0.874931 0.050361
28 -0.435069 0.877198 0.080886
29 -0.420023 0.880883 0.108434
Frame 663
0 -0.402434 0.886994 0.132635
1 -0.380463 0.897919 0.156745
2 -0.354666 0.908737 0.172648
3 -0.325432 0.918930 0.180147
4 -0.294435 0.926679 0.178364
5 -0.265113 0.932023 0.166855
6 -0.238508 0.934371 0.145662
7 -0.222217 0.937954 0.118635
8 -0.215439 0.942212 0.088758
9 -0.213035 0.944884 0.058142
10 -0.212501 0.946780 0.027945
11 -0.213309 0.948467 -0.002207
12 -0.215609 0.949674 -0.032155
13 -0.219600 0.950817 -0.061780
14 -0.226089 0.950782 -0.090871
15 -0.241606 0.951703 -0.122115
16 -0.265145 0.951530 -0.144368
17 -0.295075 0.949270 -0.158287
18 -0.326746 0.942626 -0.164423
19 -0.360190 0.930453 -0.159493
20 -0.387000 0.916253 -0.145418
21 -0.407397 0.903170 -0.124215
22 -0.422407 0.891272 -0.099463
23 -0.435321 0.885285 -0.072568
24 -0.445308 0.880277 -0.043904
25 -0.451237 0.876781 -0.013217
26 -0.451223 0.874828 0.018908
27 -0.445693 0.874821 0.049975
28 -0.433577 0.877038 0.080484
29 -0.418481 0.880671 0.108013
Frame 664
0 -0.400720 0.886716 0.132173
1 -0.378694 0.897581 0.156267
2 -0.352858 0.908339 0.172147
3 -0.323600 0.918474 0.179616
4 -0.292598 0.926172 0.177803
5 -0.263288 0.931484 0.166263
6 -0.236710 0.933812 0.145043
7 -0.220448 0.937398 0.118003
8 -0.213705 0.941683 0.088125
9 -0.211335 0.944384 0.057517
10 -0.210838 0.946313 0.027321
11 -0.211680 0.948033 -0.002826
12 -0.214014 0.949273 -0.032767
13 -0.218036 0.950466 -0.062391
14 -0.224565 0.950466 -0.091467
15 -0.240127 0.951452 -0.122704
16 -0.263694 0.951342 -0.144931
17 -0.293663 0.949139 -0.158825
18 -0.325357 0.942536 -0.164938
19 -0.358814 0.930397 -0.159986
20 -0.385639 0.916201 -0.145897
21 -0.406027 0.903135 -0.124681
22 -0.421023 0.891242 -0.099919
23 -0.433906 0.885262 -0.073003
24 -0.443855 0.880254 -0.044315
25 -0.449743 0.876745 -0.013617
26 -0.449687 0.874756 0.018503
27 -0.444115 0.874706 0.049563
28 -0.431952 0.876868 0.080058
29 -0.416811 0.880447 0.107568
Frame 665
0 -0.398926 0.886440 0.131698
1 -0.376848 0.897243 0.155780
2 -0.350975 0.907939 0.171640
3 -0.321695 0.918013 0.179086
4 -0.290687 0.925660 0.177247
5 -0.261386 0.930938 0.165682
6 -0.234832 0.933246 0.144439
7 -0.218596 0.936839 0.117389
8 -0.211885 0.941152 0.087512
9 -0.209545 0.943885 0.056912
10 -0.209079 0.945851 0.026718
11 -0.209951 0.947604 -0.003425
12 -0.212314 0.948880 -0.033358
13 -0.216365 0.950126 -0.062981
14 -0.222929 0.950164 -0.092043
15 -0.238529 0.951215 -0.123275
16 -0.262118 0.951172 -0.145479
17 -0.292120 0.949028 -0.159351
18 -0.323834 0.942471 -0.165447
19 -0.357306 0.930365 -0.160482
20 -0.384148 0.916174 -0.146385
21 -0.404533 0.903123 -0.125162
22 -0.419520 0.891234 -0.100392
23 -0.432378 0.885259 -0.073457
24 -0.442295 0.880249 -0.044746
25 -0.448147 0.876724 -0.014036
26 -0.448054 0.874696 0.018082
27 -0.442446 0.874600 0.049133
28 -0.430240 0.876706 0.079616
29 -0.415058 0.880227 0.107109
Frame 666
0 -0.397097 0.886182 0.131221
1 -0.374970 0.896920 0.155291
2 -0.349062 0.907552 0.171138
3 -0.319759 0.917563 0.178565
4 -0.288745 0.925157 0.176705
5 -0.259452 0.930402 0.165119
6 -0.232921 0.932692 0.143857
7 -0.216707 0.936290 0.116800
8 -0.210022 0.940637 0.086926
9 -0.207709 0.943403 0.056335
10 -0.207269 0.945409 0.026142
11 -0.208168 0.947199 -0.003996
12 -0.210556 0.948513 -0.033923
13 -0.214632 0.949812 -0.063544
14 -0.221225 0.949892 -0.092594
15 -0.236857 0.951010 -0.123821
16 -0.260465 0.951034 -0.146005
17 -0.290494 0.948956 -0.159859
18 -0.322226 0.942446 -0.165944
19 -0.355713 0.930374 -0.160972
20 -0.382575 0.916189 -0.146874
21 -0.402960 0.903150 -0.125647
22 -0.417944 0.891264 -0.100875
23 -0.430784 0.885293 -0.073920
24 -0.440675 0.880279 -0.045186
25 -0.446496 0.876736 -0.014464
26 -0.446372 0.874666 0.017649
27 -0.440730 0.874520 0.048695
28 -0.428486 0.876567 0.079166
29 -0.413267 0.880028 0.106644
Frame 667
0 -0.395276 0.885958 0.130747
1 -0.373103 0.896627 0.154812
2 -0.347162 0.907193 0.170648
3 -0.317838 0.917140 0.178060
4 -0.286819 0.924680 0.176184
5 -0.257532 0.929891 0.164580
6 -0.231017 0.932164 0.143302
7 -0.214825 0.935771 0.116240
8 -0.208162 0.940151 0.086372
9 -0.205872 0.942955 0.055789
10 -0.205455 0.945001 0.025600
11 -0.206375 0.946832 -0.004534
12 -0.208785 0.948186 -0.034454
13 -0.212882 0.949541 -0.064073
14 -0.219501 0.949667 -0.093112
15 -0.235161 0.950853 -0.124335
16 -0.258783 0.950946 -0.146502
17 -0.288834 0.948939 -0.160341
18 -0.320583 0.942477 -0.166420
19 -0.354085 0.930441 -0.161447
20 -0.380968 0.916261 -0.147354
21 -0.401357 0.903236 -0.126129
22 -0.416344 0.891350 -0.101357
23 -0.429170 0.885379 -0.074384
24 -0.439040 0.880358 -0.045627
25 -0.444834 0.876795 -0.014894
26 -0.444683 0.874680 0.017215
27 -0.439012 0.874483 0.048255
28 -0.426734 0.876467 0.078717
29 -0.411482 0.879866 0.106181
Frame 668
0 -0.393511 0.885785 0.130285
1 -0.371293 0.896383 0.154348
2 -0.345320 0.906880 0.170176
3 -0.315976 0.916760 0.177578
4 -0.284950 0.924245 0.175689
5 -0.255669 0.929423 0.164073
6 -0.229170 0.931680 0.142782
7 -0.212995 0.935297 0.115717
8 -0.206349 0.939714 0.085856
9 -0.204078 0.942557 0.055281
10 -0.203680 0.944646 0.025096
11 -0.204618 0.946520 -0.005034
12 -0.207046 0.947919 -0.034948
13 -0.211163 0.949329 -0.064563
14 -0.217803 0.949504 -0.093593
15 -0.233486 0.950759 -0.124814
16 -0.257120 0.950925 -0.146964
17 -0.287189 0.948992 -0.160792
18 -0.318952 0.942582 -0.166867
19 -0.352472 0.930581 -0.161899
20 -0.379375 0.916407 -0.147815
21 -0.399773 0.903393 -0.126595
22 -0.414766 0.891508 -0.101828
23 -0.427585 0.885536 -0.074839
24 -0.437437 0.880505 -0.046060
25 -0.443208 0.876917 -0.015316
26 -0.443033 0.874756 0.016788
27 -0.437339 0.874505 0.047823
28 -0.425031 0.876423 0.078277
29 -0.409749 0.879756 0.105729
Frame 669
0 -0.391845 0.885677 0.129845
1 -0.369584 0.896202 0.153907
2 -0.343582 0.906627 0.169732
3 -0.314217 0.916439 0.177127
4 -0.283184 0.923869 0.175229
5 -0.253907 0.929013 0.163604
6 -0.227421 0.931255 0.142302
7 -0.211260 0.934885 0.115236
8 -0.204629 0.939339 0.085384
9 -0.202372 0.942224 0.054819
10 -0.201990 0.944359 0.024637
11 -0.202944 0.946279 -0.005486
12 -0.205383 0.947726 -0.035397
13 -0.209518 0.949191 -0.065008
14 -0.216177 0.949420 -0.094030
15 -0.231880 0.950746 -0.125249
16 -0.255522 0.950987 -0.147385
17 -0.285606 0.949133 -0.161203
18 -0.317384 0.942777 -0.167279
19 -0.350920 0.930812 -0.162320
20 -0.377843 0.916644 -0.148250
21 -0.398253 0.903641 -0.127039
22 -0.413258 0.891753 -0.102278
23 -0.426073 0.885777 -0.075274
24 -0.435912 0.880734 -0.046477
25 -0.441664 0.877119 -0.015723
26 -0.441469 0.874909 0.016375
27 -0.435755 0.874600 0.047407
28 -0.423421 0.876450 0.077853
29 -0.408113 0.879715 0.105295
Frame 670
0 -0.390300 0.885608 0.129434
1 -0.367999 0.896055 0.153498
2 -0.341967 0.906408 0.169320
3 -0.312581 0.916148 0.176710
4 -0.281540 0.923522 0.174805
5 -0.252267 0.928633 0.163171
6 -0.225792 0.930860 0.141860
7 -0.209644 0.934504 0.114794
8 -0.203025 0.938998 0.084952
9 -0.200782 0.941925 0.054395
10 -0.200414 0.944107 0.024219
11 -0.201382 0.946075 -0.005897
12 -0.203831 0.947574 -0.035805
13 -0.207982 0.949094 -0.065413
14 -0.214657 0.949378 -0.094427
15 -0.230380 0.950779 -0.125643
16 -0.254029 0.951098 -0.147765
17 -0.284128 0.949326 -0.161574
18 -0.315920 0.943028 -0.167653
19 -0.349474 0.931101 -0.162704
20 -0.376415 0.916939 -0.148649
21 -0.396840 0.903947 -0.127450
22 -0.411858 0.892053 -0.102696
23 -0.424671 0.886072 -0.075680
24 -0.434498 0.881015 -0.046865
25 -0.440233 0.877371 -0.016102
26 -0.440019 0.875108 0.015989
27 -0.434288 0.874741 0.047018
28 -0.421930 0.876520 0.077457
29 -0.406598 0.879713 0.104889
Frame 671
0 -0.388850 0.885535 0.129041
1 -0.366509 0.895902 0.153109
2 -0.340447 0.906181 0.168930
3 -0.311042 0.915850 0.176315
4 -0.279993 0.923167 0.174406
5 -0.250722 0.928244 0.162767
6 -0.224259 0.930458 0.141449
7 -0.208121 0.934117 0.114383
8 -0.201513 0.938649 0.084553
9 -0.199279 0.941622 0.054005
10 -0.198924 0.943851 0.023834
11 -0.199904 0.945871 -0.006276
12 -0.202361 0.947423 -0.036180
13 -0.206527 0.948999 -0.065783
14 -0.213218 0.949341 -0.094792
15 -0.228956 0.950818 -0.126003
16 -0.252612 0.951218 -0.148113
17 -0.282724 0.949531 -0.161915
18 -0.314531 0.943292 -0.167998
19 -0.348103 0.931404 -0.163061
20 -0.375062 0.917249 -0.149023
21 -0.395503 0.904265 -0.127836
22 -0.410535 0.892367 -0.103093
23 -0.423349 0.886378 -0.076066
24 -0.433167 0.881303 -0.047236
25 -0.438887 0.877629 -0.016464
26 -0.438657 0.875312 0.015619
27 -0.432911 0.874884 0.046645
28 -0.420531 0.876589 0.077077
29 -0.405178 0.879709 0.104500
Frame 672
0 -0.387460 0.885456 0.128649
1 -0.365083 0.895743 0.152723
2 -0.338995 0.905948 0.168548
3 -0.309571 0.915546 0.175934
4 -0.278514 0.922807 0.174023
5 -0.249245 0.927850 0.162383
6 -0.222789 0.930050 0.141063
7 -0.206660 0.933727 0.114002
8 -0.200057 0.938300 0.084186
9 -0.197828 0.941319 0.053646
10 -0.197480 0.943598 0.023481
11 -0.198466 0.945670 -0.006622
12 -0.200928 0.947276 -0.036524
13 -0.205104 0.948911 -0.066123
14 -0.211805 0.949312 -0.095126
15 -0.227554 0.950869 -0.126334
16 -0.251212 0.951351 -0.148434
17 -0.281336 0.949751 -0.162235
18 -0.313158 0.943571 -0.168327
19 -0.346749 0.931720 -0.163406
20 -0.373726 0.917573 -0.149388
21 -0.394186 0.904597 -0.128218
22 -0.409237 0.892692 -0.103489
23 -0.422055 0.886693 -0.076455
24 -0.431869 0.881598 -0.047612
25 -0.437580 0.877890 -0.016836
26 -0.437339 0.875517 0.015240
27 -0.431584 0.875027 0.046264
28 -0.419186 0.876657 0.076693
29 -0.403814 0.879702 0.104109
Frame 673
0 -0.386098 0.885373 0.128238
1 -0.363692 0.895580 0.152324
2 -0.337581 0.905709 0.168157
3 -0.308141 0.915237 0.175550
4 -0.277077 0.922442 0.173648
5 -0.247808 0.927454 0.162016
6 -0.221356 0.929645 0.140700
7 -0.205227 0.933339 0.113648
8 -0.198623 0.937956 0.083850
9 -0.196392 0.941022 0.053322
10 -0.196043 0.943353 0.023162
11 -0.197028 0.945479 -0.006933
12 -0.199485 0.947142 -0.036834
13 -0.203664 0.948835 -0.066430
14 -0.210368 0.949298 -0.095430
15 -0.226119 0.950935 -0.126639
16 -0.249773 0.951498 -0.148734
17 -0.279906 0.949986 -0.162541
18 -0.311740 0.943868 -0.168648
19 -0.345350 0.932054 -0.163753
20 -0.372349 0.917913 -0.149764
21 -0.392833 0.904942 -0.128616
22 -0.407907 0.893026 -0.103905
23 -0.420736 0.887015 -0.076869
24 -0.430555 0.881898 -0.048018
25 -0.436264 0.878152 -0.017238
26 -0.436021 0.875722 0.014830
27 -0.430265 0.875167 0.045853
28 -0.417856 0.876722 0.076281
29 -0.402473 0.879691 0.103694
Frame 674
0 -0.384731 0.885284 0.127788
1 -0.362305 0.895410 0.151893
2 -0.336177 0.905467 0.167744
3 -0.306725 0.914924 0.175155
4 -0.275655 0.922076 0.173271
5 -0.246383 0.927058 0.161657
6 -0.219927 0.929243 0.140356
7 -0.203792 0.932958 0.113321
8 -0.197176 0.937621 0.083545
9 -0.194932 0.940738 0.053030
10 -0.194572 0.943122 0.022877
11 -0.195545 0.945303 -0.007213
12 -0.197989 0.947024 -0.037113
13 -0.202159 0.948779 -0.066706
14 -0.208856 0.949304 -0.095707
15 -0.224596 0.951022 -0.126920
16 -0.248238 0.951666 -0.149019
17 -0.278375 0.950242 -0.162842
18 -0.310219 0.944184 -0.168976
19 -0.343850 0.932405 -0.164118
20 -0.370873 0.918267 -0.150165
21 -0.391387 0.905300 -0.129049
22 -0.406493 0.893371 -0.104363
23 -0.419342 0.887342 -0.077329
24 -0.429176 0.882199 -0.048477
25 -0.434895 0.878413 -0.017696
26 -0.434662 0.875924 0.014365
27 -0.428913 0.875304 0.045388
28 -0.416505 0.876781 0.075820
29 -0.401119 0.879675 0.103236
Frame 675
0 -0.383326 0.885187 0.127281
1 -0.360890 0.895236 0.151413
2 -0.334754 0.905220 0.167293
3 -0.305294 0.914610 0.174733
4 -0.274220 0.921711 0.172883
5 -0.244941 0.926668 0.161301
6 -0.218477 0.928850 0.140028
7 -0.202322 0.932589 0.113018
8 -0.195684 0.937301 0.083269
9 -0.193414 0.940471 0.052771
10 -0.193028 0.942911 0.022624
11 -0.193976 0.945148 -0.007459
12 -0.196392 0.946928 -0.037360
13 -0.200540 0.948746 -0.066953
14 -0.207216 0.949336 -0.095955
15 -0.222931 0.951132 -0.127181
16 -0.246551 0.951856 -0.149293
17 -0.276684 0.950519 -0.163146
18 -0.308535 0.944520 -0.169322
19 -0.342187 0.932772 -0.164514
20 -0.369240 0.918637 -0.150611
21 -0.389792 0.905668 -0.129535
22 -0.404938 0.893723 -0.104882
23 -0.417819 0.887673 -0.077859
24 -0.427681 0.882500 -0.049011
25 -0.433426 0.878671 -0.018234
26 -0.433218 0.876120 0.013819
27 -0.427492 0.875433 0.044846
28 -0.415095 0.876832 0.075288
29 -0.399717 0.879652 0.102713
Frame 676
0 -0.381848 0.885082 0.126696
1 -0.359417 0.895056 0.150866
2 -0.333283 0.904971 0.166788
3 -0.303822 0.914297 0.174274
4 -0.272745 0.921351 0.172473
5 -0.243457 0.926286 0.160940
6 -0.216972 0.928469 0.139712
7 -0.200786 0.932238 0.112738
8 -0.194110 0.937002 0.083024
9 -0.191798 0.940226 0.052545
10 -0.191372 0.942723 0.022405
11 -0.192277 0.945020 -0.007673
12 -0.194649 0.946860 -0.037575
13 -0.198760 0.948742 -0.067169
14 -0.205398 0.949396 -0.096178
15 -0.221070 0.951272 -0.127425
16 -0.244655 0.952075 -0.149563
17 -0.274776 0.950823 -0.163461
18 -0.306630 0.944879 -0.169695
19 -0.340305 0.933159 -0.164958
20 -0.367393 0.919022 -0.151118
21 -0.387992 0.906049 -0.130094
22 -0.403191 0.894083 -0.105483
23 -0.416117 0.888008 -0.078481
24 -0.426023 0.882800 -0.049643
25 -0.431809 0.878923 -0.018876
26 -0.431644 0.876309 0.013169
27 -0.425957 0.875554 0.044203
28 -0.413588 0.876877 0.074662
29 -0.398230 0.879621 0.102105
Frame 677
0 -0.380266 0.884969 0.126015
1 -0.357856 0.894873 0.150237
2 -0.331735 0.904720 0.166215
3 -0.302281 0.913985 0.173765
4 -0.271204 0.920998 0.172034
5 -0.241901 0.925916 0.160570
6 -0.215385 0.928106 0.139405
7 -0.199152 0.931907 0.112478
8 -0.192422 0.936728 0.082807
9 -0.190050 0.940010 0.052352
10 -0.189563 0.942568 0.022220
11 -0.190407 0.944923 -0.007854
12 -0.192716 0.946824 -0.037759
13 -0.196770 0.948773 -0.067354
14 -0.203351 0.949494 -0.096375
15 -0.218957 0.951444 -0.127654
16 -0.242495 0.952323 -0.149833
17 -0.272591 0.951155 -0.163796
18 -0.304443 0.945263 -0.170108
19 -0.338144 0.933564 -0.165462
20 -0.365275 0.919423 -0.151702
21 -0.385931 0.906438 -0.130745
22 -0.401195 0.894448 -0.106187
23 -0.414182 0.888342 -0.079215
24 -0.424151 0.883096 -0.050398
25 -0.430000 0.879168 -0.019645
26 -0.429899 0.876489 0.012392
27 -0.424270 0.875664 0.043436
28 -0.411947 0.876910 0.073921
29 -0.396625 0.879581 0.101391
Frame 678
0 -0.378649 0.884884 0.125181
1 -0.356296 0.894721 0.149481
2 -0.330215 0.904507 0.165554
3 -0.300783 0.913721 0.173209
4 -0.269708 0.920703 0.171591
5 -0.240380 0.925617 0.160238
6 -0.213807 0.927828 0.139176
7 -0.197493 0.931676 0.112321
8 -0.190670 0.936563 0.082706
9 -0.188199 0.939912 0.052283
10 -0.187611 0.942535 0.022161
11 -0.188351 0.944956 -0.007910
12 -0.190560 0.946923 -0.037820
13 -0.194517 0.948944 -0.067420
14 -0.200998 0.949739 -0.096462
15 -0.216499 0.951762 -0.127798
16 -0.239958 0.952711 -0.150048
17 -0.270004 0.951620 -0.164115
18 -0.301842 0.945770 -0.170551
19 -0.335569 0.934082 -0.166043
20 -0.362762 0.919921 -0.152403
21 -0.383498 0.906916 -0.131543
22 -0.398854 0.894891 -0.107064
23 -0.411937 0.888741 -0.080143
24 -0.422007 0.883444 -0.051363
25 -0.427961 0.879454 -0.020635
26 -0.427967 0.876703 0.011393
27 -0.422439 0.875805 0.042454
28 -0.410200 0.876972 0.072982
29 -0.394951 0.879570 0.100501
Frame 679
0 -0.377080 0.884871 0.124201
1 -0.354823 0.894647 0.148614
2 -0.328811 0.904377 0.164821
3 -0.299418 0.913549 0.172628
4 -0.268348 0.920511 0.171172
5 -0.238982 0.925435 0.159978
6 -0.212320 0.927682 0.139058
7 -0.195890 0.931588 0.112304
8 -0.188932 0.936551 0.082762
9 -0.186317 0.939977 0.052375
10 -0.185582 0.942674 0.022267
11 -0.186174 0.945167 -0.007804
12 -0.188238 0.947204 -0.037720
13 -0.192056 0.949304 -0.067324
14 -0.198391 0.950179 -0.096401
15 -0.213741 0.952272 -0.127819
16 -0.237091 0.953283 -0.150175
17 -0.267054 0.952268 -0.164387
18 -0.298865 0.946449 -0.170995
19 -0.332623 0.934758 -0.166683
20 -0.359897 0.920568 -0.153205
21 -0.380737 0.907527 -0.132479
22 -0.396215 0.895455 -0.108104
23 -0.409432 0.889248 -0.081258
24 -0.419645 0.883889 -0.052534
25 -0.425749 0.879829 -0.021843
26 -0.425913 0.877000 0.010178
27 -0.420529 0.876021 0.041261
28 -0.408422 0.877108 0.071851
29 -0.393286 0.879633 0.099442
Frame 680
0 -0.375540 0.884944 0.123158
1 -0.353401 0.894660 0.147699
2 -0.327471 0.904338 0.164057
3 -0.298126 0.913469 0.172037
4 -0.267063 0.920414 0.170767
5 -0.237651 0.925351 0.159752
6 -0.210888 0.927635 0.138998
7 -0.194323 0.931603 0.112358
8 -0.187209 0.936644 0.082897
9 -0.184430 0.940148 0.052549
10 -0.183526 0.942918 0.022457
11 -0.183945 0.945483 -0.007614
12 -0.185846 0.947587 -0.037538
13 -0.189503 0.949768 -0.067145
14 -0.195666 0.950726 -0.096258
15 -0.210845 0.952884 -0.127775
16 -0.234068 0.953954 -0.150252
17 -0.263933 0.953012 -0.164630
18 -0.295708 0.947223 -0.171434
19 -0.329499 0.935528 -0.167340
20 -0.356866 0.921304 -0.154045
21 -0.377822 0.908225 -0.133470
22 -0.393438 0.896105 -0.109214
23 -0.406806 0.889840 -0.082454
24 -0.417185 0.884419 -0.053795
25 -0.423462 0.880287 -0.023145
26 -0.423806 0.877378 0.008866
27 -0.418591 0.876320 0.039974
28 -0.406637 0.877326 0.070635
29 -0.391633 0.879780 0.098309
Frame 681
0 -0.374017 0.885117 0.122134
1 -0.351992 0.894772 0.146798
2 -0.326143 0.904395 0.163305
3 -0.296845 0.913483 0.171453
4 -0.265790 0.920405 0.170367
5 -0.236334 0.925346 0.159531
6 -0.209470 0.927659 0.138940
7 -0.192773 0.931680 0.112415
8 -0.185503 0.936792 0.083033
9 -0.182560 0.940366 0.052725
10 -0.181487 0.943202 0.022649
11 -0.181734 0.945832 -0.007422
12 -0.183472 0.947997 -0.037352
13 -0.186970 0.950253 -0.066959
14 -0.192961 0.951290 -0.096110
15 -0.207969 0.953507 -0.127724
16 -0.231067 0.954636 -0.150320
17 -0.260830 0.953770 -0.164862
18 -0.292571 0.948017 -0.171859
19 -0.326394 0.936322 -0.167982
20 -0.353857 0.922075 -0.154866
21 -0.374929 0.908966 -0.134437
22 -0.390683 0.896804 -0.110297
23 -0.404203 0.890490 -0.083622
24 -0.414746 0.885015 -0.055030
25 -0.421196 0.880819 -0.024421
26 -0.421720 0.877838 0.007580
27 -0.416671 0.876706 0.038713
28 -0.404869 0.877638 0.069444
29 -0.389998 0.880023 0.097197
Frame 682
0 -0.372494 0.885400 0.121217
1 -0.350560 0.894995 0.145981
2 -0.324776 0.904558 0.162610
3 -0.295514 0.913594 0.170899
4 -0.264464 0.920478 0.169966
5 -0.234973 0.925406 0.159282
6 -0.208025 0.927726 0.138833
7 -0.191214 0.931780 0.112407
8 -0.183811 0.936945 0.083098
9 -0.180727 0.940576 0.052825
10 -0.179509 0.943465 0.022764
11 -0.179607 0.946145 -0.007308
12 -0.181206 0.948357 -0.037241
13 -0.184567 0.950676 -0.066846
14 -0.190412 0.951781 -0.096033
15 -0.205273 0.954054 -0.127728
16 -0.228262 0.955241 -0.150422
17 -0.257937 0.954457 -0.165104
18 -0.289651 0.948749 -0.172267
19 -0.323506 0.937075 -0.168572
20 -0.351056 0.922820 -0.155609
21 -0.372235 0.909699 -0.135306
22 -0.388113 0.897515 -0.111264
23 -0.401764 0.891169 -0.084661
24 -0.412449 0.885659 -0.056122
25 -0.419048 0.881417 -0.025549
26 -0.419729 0.878380 0.006445
27 -0.414822 0.877185 0.037598
28 -0.403148 0.878052 0.068387
29 -0.388386 0.880374 0.096208
Frame 683
0 -0.370960 0.885807 0.120492
1 -0.349069 0.895339 0.145316
2 -0.323315 0.904835 0.162021
3 -0.294071 0.913803 0.170397
4 -0.263023 0.920627 0.169563
5 -0.233508 0.925513 0.158979
6 -0.206508 0.927807 0.138626
7 -0.189624 0.931862 0.112271
8 -0.182128 0.937057 0.083016
9 -0.178950 0.940722 0.052769
10 -0.177633 0.943641 0.022720
11 -0.177628 0.946352 -0.007353
12 -0.179134 0.948595 -0.037288
13 -0.182406 0.950958 -0.066887
14 -0.188150 0.952112 -0.096099
15 -0.202913 0.954433 -0.127849
16 -0.225828 0.955681 -0.150605
17 -0.255442 0.954988 -0.165382
18 -0.287145 0.949343 -0.172655
19 -0.321034 0.937715 -0.169081
20 -0.348656 0.923482 -0.156219
21 -0.369918 0.910379 -0.135999
22 -0.385891 0.898199 -0.112022
23 -0.399636 0.891851 -0.085465
24 -0.410420 0.886333 -0.056958
25 -0.417122 0.882073 -0.026406
26 -0.417908 0.879003 0.005582
27 -0.413094 0.877763 0.036749
28 -0.401499 0.878576 0.067578
29 -0.386803 0.880843 0.095441
Frame 684
0 -0.369483 0.886240 0.119980
1 -0.347596 0.895704 0.144830
2 -0.321843 0.905128 0.161566
3 -0.292598 0.914017 0.169982
4 -0.261551 0.920767 0.169198
5 -0.232027 0.925596 0.158667
6 -0.205002 0.927847 0.138366
7 -0.188083 0.931890 0.112053
8 -0.180538 0.937102 0.082837
9 -0.177308 0.940789 0.052609
10 -0.175938 0.943729 0.022567
11 -0.175876 0.946462 -0.007506
12 -0.177332 0.948725 -0.037440
13 -0.180559 0.951124 -0.067033
14 -0.186249 0.952320 -0.096261
15 -0.200960 0.954691 -0.128039
16 -0.223835 0.956005 -0.150821
17 -0.253417 0.955406 -0.165649
18 -0.285122 0.949836 -0.172982
19 -0.319043 0.938268 -0.169476
20 -0.346716 0.924071 -0.156670
21 -0.368037 0.911000 -0.136497
22 -0.384077 0.898839 -0.112556
23 -0.397878 0.892505 -0.086020
24 -0.408718 0.886994 -0.057527
25 -0.415475 0.882729 -0.026983
26 -0.416320 0.879636 0.005003
27 -0.411550 0.878358 0.036177
28 -0.399990 0.879121 0.067027
29 -0.385319 0.881335 0.094911
Frame 685
0 -0.368128 0.886605 0.119610
1 -0.346223 0.895995 0.144472
2 -0.320461 0.905344 0.161223
3 -0.291209 0.914156 0.169657
4 -0.260161 0.920836 0.168897
5 -0.230635 0.925612 0.158395
6 -0.203602 0.927827 0.138123
7 -0.186669 0.931862 0.111838
8 -0.179098 0.937097 0.082653
9 -0.175842 0.940811 0.052440
10 -0.174443 0.943777 0.022404
11 -0.174349 0.946538 -0.007669
12 -0.175780 0.948828 -0.037600
13 -0.178987 0.951267 -0.067185
14 -0.184649 0.952507 -0.096425
15 -0.199333 0.954936 -0.128212
16 -0.222188 0.956319 -0.151004
17 -0.251752 0.955810 -0.165859
18 -0.283464 0.950312 -0.173227
19 -0.317412 0.938801 -0.169762
20 -0.345121 0.924636 -0.156994
21 -0.366486 0.911591 -0.136854
22 -0.382572 0.899442 -0.112938
23 -0.396407 0.893116 -0.086412
24 -0.407276 0.887609 -0.057922
25 -0.414063 0.883335 -0.027380
26 -0.414938 0.880214 0.004604
27 -0.410190 0.878894 0.035780
28 -0.398641 0.879603 0.066643
29 -0.383974 0.881760 0.094535
Frame 686
0 -0.366860 0.886917 0.119347
1 -0.344925 0.896230 0.144207
2 -0.319142 0.905505 0.160958
3 -0.289879 0.914244 0.169393
4 -0.258831 0.920858 0.168637
5 -0.229310 0.925586 0.158144
6 -0.202282 0.927769 0.137884
7 -0.185352 0.931802 0.111614
8 -0.177773 0.937062 0.082454
9 -0.174511 0.940806 0.052254
10 -0.173103 0.943801 0.022223
11 -0.172998 0.946593 -0.007848
12 -0.174423 0.948913 -0.037777
13 -0.177629 0.951393 -0.067356
14 -0.183282 0.952677 -0.096600
15 -0.197962 0.955167 -0.128386
16 -0.220810 0.956619 -0.151170
17 -0.250368 0.956196 -0.166035
18 -0.282091 0.950767 -0.173419
19 -0.316062 0.939308 -0.169974
20 -0.343796 0.925169 -0.157228
21 -0.365190 0.912147 -0.137109
22 -0.381305 0.900007 -0.113209
23 -0.395156 0.893685 -0.086683
24 -0.406036 0.888178 -0.058189
25 -0.412830 0.883892 -0.027643
26 -0.413715 0.880742 0.004339
27 -0.408968 0.879377 0.035515
28 -0.397411 0.880032 0.066382
29 -0.382733 0.882131 0.094276
Frame 687
0 -0.365649 0.887192 0.119151
1 -0.343672 0.896430 0.144001
2 -0.317863 0.905636 0.160739
3 -0.288586 0.914305 0.169161
4 -0.257538 0.920857 0.168396
5 -0.228028 0.925541 0.157897
6 -0.201015 0.927697 0.137634
7 -0.184100 0.931731 0.111372
8 -0.176528 0.937018 0.082231
9 -0.173275 0.940792 0.052042
10 -0.171872 0.943817 0.022014
11 -0.171771 0.946640 -0.008055
12 -0.173205 0.948990 -0.037982
13 -0.176424 0.951511 -0.067552
14 -0.182083 0.952837 -0.096799
15 -0.196774 0.955388 -0.128573
16 -0.219628 0.956907 -0.151341
17 -0.249187 0.956563 -0.166201
18 -0.280924 0.951197 -0.173585
19 -0.314912 0.939785 -0.170145
20 -0.342661 0.925669 -0.157409
21 -0.364072 0.912665 -0.137300
22 -0.380206 0.900531 -0.113409
23 -0.394059 0.894212 -0.086875
24 -0.404935 0.888704 -0.058371
25 -0.411721 0.884406 -0.027817
26 -0.412599 0.881224 0.004162
27 -0.407837 0.879817 0.035337
28 -0.396259 0.880419 0.066202
29 -0.381558 0.882462 0.094090
Frame 688
0 -0.364459 0.887447 0.118984
1 -0.342435 0.896615 0.143815
2 -0.316597 0.905756 0.160533
3 -0.287306 0.914361 0.168932
4 -0.256260 0.920857 0.168148
5 -0.226763 0.925503 0.157633
6 -0.199772 0.927634 0.137361
7 -0.182882 0.931670 0.111099
8 -0.175328 0.936984 0.081974
9 -0.172092 0.940786 0.051793
10 -0.170705 0.943839 0.021768
11 -0.170618 0.946691 -0.008299
12 -0.172070 0.949069 -0.038223
13 -0.175313 0.951628 -0.067787
14 -0.180988 0.952991 -0.097032
15 -0.195698 0.955599 -0.128788
16 -0.218564 0.957182 -0.151532
17 -0.248130 0.956908 -0.166380
18 -0.279881 0.951597 -0.173755
19 -0.313886 0.940227 -0.170308
20 -0.341641 0.926129 -0.157572
21 -0.363062 0.913141 -0.137466
22 -0.379203 0.901011 -0.113577
23 -0.393050 0.894696 -0.087031
24 -0.403913 0.889187 -0.058512
25 -0.410680 0.884878 -0.027948
26 -0.411539 0.881667 0.004030
27 -0.406753 0.880219 0.035201
28 -0.395144 0.880775 0.066062
29 -0.380414 0.882767 0.093938
Frame 689
0 -0.363260 0.887698 0.118806
1 -0.341188 0.896804 0.143615
2 -0.315320 0.905888 0.160308
3 -0.286016 0.914437 0.168681
4 -0.254974 0.920884 0.167872
5 -0.225495 0.925495 0.157338
6 -0.198527 0.927604 0.137050
7 -0.181667 0.931643 0.110786
8 -0.174135 0.936980 0.081674
9 -0.170922 0.940807 0.051502
10 -0.169556 0.943883 0.021478
11 -0.169489 0.946761 -0.008589
12 -0.170964 0.949163 -0.038509
13 -0.174234 0.951753 -0.068068
14 -0.179930 0.953148 -0.097311
15 -0.194664 0.955805 -0.129046
16 -0.217545 0.957441 -0.151764
17 -0.247118 0.957227 -0.166597
18 -0.278883 0.951965 -0.173956
19 -0.312900 0.940629 -0.170495
20 -0.340658 0.926546 -0.157752
21 -0.362083 0.913572 -0.137644
22 -0.378227 0.901447 -0.113754
23 -0.392064 0.895136 -0.087192
24 -0.402907 0.889629 -0.058657
25 -0.409651 0.885310 -0.028081
26 -0.410486 0.882076 0.003896
27 -0.405670 0.880594 0.035063
28 -0.394025 0.881110 0.065917
29 -0.379262 0.883059 0.093779
Frame 690
0 -0.362016 0.887963 0.118581
1 -0.339900 0.897017 0.143365
2 -0.314007 0.906055 0.160031
3 -0.284692 0.914557 0.168378
4 -0.253657 0.920961 0.167545
5 -0.224196 0.925542 0.156991
6 -0.197252 0.927632 0.136688
7 -0.180423 0.931670 0.110422
8 -0.172914 0.937028 0.081322
9 -0.169725 0.940875 0.051157
10 -0.168381 0.943965 0.021133
11 -0.168334 0.946862 -0.008933
12 -0.169831 0.949281 -0.038850
13 -0.173129 0.951895 -0.068405
14 -0.178845 0.953312 -0.097647
15 -0.193601 0.956004 -0.129362
16 -0.216497 0.957684 -0.152054
17 -0.246073 0.957517 -0.166873
18 -0.277851 0.952294 -0.174219
19 -0.311876 0.940984 -0.170740
20 -0.339636 0.926915 -0.157988
21 -0.361062 0.913955 -0.137876
22 -0.377206 0.901836 -0.113981
23 -0.391033 0.895532 -0.087402
24 -0.401858 0.890028 -0.058849
25 -0.408578 0.885706 -0.028262
26 -0.409388 0.882455 0.003715
27 -0.404543 0.880949 0.034878
28 -0.392862 0.881435 0.065725
29 -0.378066 0.883354 0.093573
Frame 691
0 -0.360697 0.888258 0.118270
1 -0.338545 0.897274 0.143028
2 -0.312632 0.906280 0.159672
3 -0.283313 0.914744 0.167994
4 -0.252287 0.921114 0.167142
5 -0.222843 0.925670 0.156574
6 -0.195921 0.927740 0.136263
7 -0.179119 0.931776 0.109997
8 -0.171630 0.937147 0.080907
9 -0.168459 0.941004 0.050752
10 -0.167132 0.944102 0.020726
11 -0.167101 0.947007 -0.009340
12 -0.168614 0.949433 -0.039257
13 -0.171936 0.952061 -0.068810
14 -0.177666 0.953488 -0.098050
15 -0.192437 0.956201 -0.129748
16 -0.215343 0.957910 -0.152421
17 -0.244917 0.957778 -0.167233
18 -0.276704 0.952580 -0.174569
19 -0.310737 0.941289 -0.171076
20 -0.338499 0.927232 -0.158314
21 -0.359927 0.914286 -0.138196
22 -0.376071 0.902175 -0.114297
23 -0.389891 0.895881 -0.087703
24 -0.400704 0.890387 -0.059133
25 -0.407406 0.886069 -0.028535
26 -0.408197 0.882809 0.003441
27 -0.403327 0.881291 0.034603
28 -0.391612 0.881762 0.065444
29 -0.376790 0.883664 0.093279
Frame 692
0 -0.359269 0.888600 0.117833
1 -0.337093 0.897598 0.142570
2 -0.311171 0.906583 0.159196
3 -0.281854 0.915024 0.167504
4 -0.250842 0.921369 0.166642
5 -0.221413 0.925903 0.156070
6 -0.194507 0.927952 0.135761
7 -0.177723 0.931981 0.109499
8 -0.170246 0.937357 0.080423
9 -0.167084 0.941217 0.050276
10 -0.165765 0.944308 0.020247
11 -0.165740 0.947209 -0.009821
12 -0.167261 0.949630 -0.039737
13 -0.170595 0.952259 -0.069290
14 -0.176329 0.953682 -0.098533
15 -0.191102 0.956395 -0.130221
16 -0.214008 0.958117 -0.152883
17 -0.243570 0.958003 -0.167700
18 -0.275364 0.952818 -0.175036
19 -0.309401 0.941538 -0.171537
20 -0.337168 0.927491 -0.158766
21 -0.358602 0.914558 -0.138647
22 -0.374751 0.902464 -0.114743
23 -0.388574 0.896185 -0.088137
24 -0.399385 0.890707 -0.059553
25 -0.406081 0.886401 -0.028947
26 -0.406862 0.883145 0.003031
27 -0.401976 0.881628 0.034192
28 -0.390238 0.882102 0.065032
29 -0.375397 0.884004 0.092857
Frame 693
0 -0.357721 0.889002 0.117239
1 -0.335538 0.898001 0.141961
2 -0.309620 0.906984 0.158579
3 -0.280315 0.915415 0.166884
4 -0.249318 0.921743 0.166030
5 -0.219902 0.926260 0.155468
6 -0.193000 0.928286 0.135177
7 -0.176226 0.932303 0.108927
8 -0.168747 0.937672 0.079865
9 -0.165580 0.941521 0.049729
10 -0.164254 0.944592 0.019695
11 -0.164220 0.947475 -0.010376
12 -0.165733 0.949877 -0.040293
13 -0.169066 0.952492 -0.069851
14 -0.174788 0.953896 -0.099098
15 -0.189544 0.956587 -0.130788
16 -0.212439 0.958302 -0.153452
17 -0.241976 0.958186 -0.168292
18 -0.273770 0.953000 -0.175644
19 -0.307813 0.941721 -0.172150
20 -0.335592 0.927684 -0.159376
21 -0.357037 0.914769 -0.139260
22 -0.373199 0.902695 -0.115356
23 -0.387037 0.896440 -0.088743
24 -0.397862 0.890987 -0.060149
25 -0.404566 0.886704 -0.029538
26 -0.405353 0.883467 0.002442
27 -0.400466 0.881968 0.033607
28 -0.388718 0.882464 0.064450
29 -0.373870 0.884386 0.092273
Frame 694
0 -0.356086 0.889447 0.116522
1 -0.333911 0.898464 0.141232
2 -0.308007 0.907456 0.157850
3 -0.278719 0.915890 0.166165
4 -0.247741 0.922209 0.165329
5 -0.218335 0.926710 0.154792
6 -0.191432 0.928713 0.134527
7 -0.174656 0.932710 0.108298
8 -0.167164 0.938065 0.079250
9 -0.163981 0.941895 0.049127
10 -0.162637 0.944936 0.019085
11 -0.162584 0.947787 -0.010992
12 -0.164079 0.950159 -0.040909
13 -0.167398 0.952753 -0.070473
14 -0.173095 0.954124 -0.099729
15 -0.187823 0.956776 -0.131430
16 -0.210697 0.958468 -0.154107
17 -0.240201 0.958334 -0.168984
18 -0.271992 0.953131 -0.176364
19 -0.306037 0.941850 -0.172884
20 -0.333838 0.927823 -0.160113
21 -0.355298 0.914926 -0.140002
22 -0.371477 0.902877 -0.116100
23 -0.385339 0.896651 -0.089484
24 -0.396188 0.891231 -0.060886
25 -0.402913 0.886980 -0.030272
26 -0.403717 0.883771 0.001712
27 -0.398841 0.882305 0.032881
28 -0.387091 0.882838 0.063734
29 -0.372247 0.884796 0.091561
Frame 695
0 -0.354399 0.889904 0.115739
1 -0.332239 0.898949 0.140440
2 -0.306353 0.907961 0.157061
3 -0.277086 0.916404 0.165389
4 -0.246128 0.922721 0.164577
5 -0.216731 0.927210 0.154067
6 -0.189824 0.929188 0.133837
7 -0.173043 0.933164 0.107629
8 -0.165537 0.938502 0.078595
9 -0.162334 0.942310 0.048484
10 -0.160967 0.945313 0.018432
11 -0.160890 0.948128 -0.011652
12 -0.162365 0.950462 -0.041571
13 -0.165665 0.953030 -0.071141
14 -0.171333 0.954362 -0.100407
15 -0.186028 0.956966 -0.132121
16 -0.208879 0.958625 -0.154816
17 -0.238347 0.958460 -0.169737
18 -0.270134 0.953233 -0.177147
19 -0.304180 0.941945 -0.173682
20 -0.332005 0.927928 -0.160916
21 -0.353479 0.915047 -0.140811
22 -0.369675 0.903024 -0.116908
23 -0.383563 0.896828 -0.090294
24 -0.394442 0.891446 -0.061693
25 -0.401192 0.887231 -0.031078
26 -0.402016 0.884056 0.000913
27 -0.397153 0.882628 0.032086
28 -0.385405 0.883207 0.062951
29 -0.370567 0.885210 0.090783
Frame 696
0 -0.352693 0.890346 0.114952
1 -0.330547 0.899420 0.139639
2 -0.304681 0.908454 0.156262
3 -0.275434 0.916912 0.164602
4 -0.244497 0.923230 0.163812
5 -0.215110 0.927710 0.153325
6 -0.188202 0.929668 0.133126
7 -0.171417 0.933624 0.106937
8 -0.163901 0.938946 0.077914
9 -0.160683 0.942731 0.047814
10 -0.159297 0.945698 0.017754
11 -0.159200 0.948475 -0.012338
12 -0.160659 0.950772 -0.042258
13 -0.163942 0.953314 -0.071836
14 -0.169586 0.954606 -0.101111
15 -0.184251 0.957159 -0.132837
16 -0.207083 0.958782 -0.155548
17 -0.236519 0.958580 -0.170510
18 -0.268303 0.953327 -0.177947
19 -0.302349 0.942028 -0.174492
20 -0.330194 0.928018 -0.161724
21 -0.351680 0.915151 -0.141623
22 -0.367888 0.903152 -0.117719
23 -0.381797 0.896984 -0.091105
24 -0.392702 0.891638 -0.062499
25 -0.399472 0.887457 -0.031883
26 -0.400312 0.884316 0.000114
27 -0.395456 0.882927 0.031290
28 -0.383705 0.883555 0.062164
29 -0.368871 0.885605 0.090001
Frame 697
0 -0.351004 0.890741 0.114217
1 -0.328866 0.899841 0.138886
2 -0.303012 0.908897 0.155504
3 -0.273782 0.917370 0.163848
4 -0.242865 0.923691 0.163069
5 -0.213491 0.928167 0.152597
6 -0.186589 0.930109 0.132418
7 -0.169810 0.934051 0.106240
8 -0.162296 0.939361 0.077224
9 -0.159073 0.943130 0.047135
10 -0.157679 0.946066 0.017064
11 -0.157573 0.948808 -0.013034
12 -0.159027 0.951074 -0.042953
13 -0.162306 0.953595 -0.072539
14 -0.167937 0.954850 -0.101822
15 -0.182584 0.957360 -0.133551
16 -0.205406 0.958949 -0.156270
17 -0.234821 0.958712 -0.171263
18 -0.266605 0.953430 -0.178715
19 -0.300648 0.942119 -0.175257
20 -0.328508 0.928116 -0.162480
21 -0.349996 0.915257 -0.142375
22 -0.366206 0.903274 -0.118465
23 -0.380125 0.897131 -0.091848
24 -0.391045 0.891814 -0.063238
25 -0.397823 0.887661 -0.032618
26 -0.398665 0.884548 -0.000613
27 -0.393806 0.883192 0.030561
28 -0.382041 0.883863 0.061442
29 -0.367198 0.885957 0.089278
Frame 698
0 -0.349364 0.891062 0.113596
1 -0.327220 0.900178 0.138238
2 -0.301369 0.909248 0.154839
3 -0.272148 0.917734 0.163172
4 -0.241249 0.924058 0.162387
5 -0.211894 0.928531 0.151911
6 -0.185012 0.930467 0.131736
7 -0.168252 0.934403 0.105558
8 -0.160758 0.939712 0.076543
9 -0.157550 0.943475 0.046461
10 -0.156168 0.946389 0.016381
11 -0.156069 0.949107 -0.013723
12 -0.157539 0.951353 -0.043643
13 -0.160831 0.953862 -0.073232
14 -0.166470 0.955091 -0.102519
15 -0.181119 0.957570 -0.134240
16 -0.203948 0.959137 -0.156953
17 -0.233355 0.958870 -0.171957
18 -0.265147 0.953565 -0.179404
19 -0.299185 0.942242 -0.175922
20 -0.327047 0.928241 -0.163124
21 -0.348524 0.915381 -0.143006
22 -0.364722 0.903408 -0.119082
23 -0.378634 0.897277 -0.092457
24 -0.389550 0.891980 -0.063837
25 -0.396316 0.887844 -0.033212
26 -0.397138 0.884747 -0.001199
27 -0.392256 0.883414 0.029971
28 -0.380456 0.884116 0.060848
29 -0.365590 0.886243 0.088676
Frame 699
0 -0.347787 0.891343 0.113141
1 -0.325614 0.900470 0.137737
2 -0.299749 0.909554 0.154299
3 -0.270526 0.918050 0.162593
4 -0.239645 0.924377 0.161772
5 -0.210316 0.928847 0.151264
6 -0.183472 0.930776 0.131064
7 -0.166754 0.934705 0.104869
8 -0.159308 0.940012 0.075847
9 -0.156142 0.943770 0.045767
10 -0.154798 0.946664 0.015677
11 -0.154737 0.949357 -0.014431
12 -0.156250 0.951584 -0.044352
13 -0.159581 0.954081 -0.073940
14 -0.165256 0.955285 -0.103230
15 -0.179938 0.957738 -0.134925
16 -0.202797 0.959285 -0.157608
17 -0.232213 0.958992 -0.172599
18 -0.264022 0.953667 -0.180007
19 -0.298053 0.942334 -0.176471
20 -0.325900 0.928337 -0.163624
21 -0.347351 0.915479 -0.143472
22 -0.363514 0.903514 -0.119521
23 -0.377393 0.897395 -0.092874
24 -0.388278 0.892119 -0.064236
25 -0.395003 0.887998 -0.033597
26 -0.395776 0.884917 -0.001577
27 -0.390842 0.883604 0.029583
28 -0.378980 0.884335 0.060447
29 -0.364067 0.886491 0.088251
Frame 700
0 -0.346256 0.891641 0.112841
1 -0.324032 0.900785 0.137368
2 -0.298135 0.909885 0.153864
3 -0.268903 0.918391 0.162089
4 -0.238036 0.924716 0.161201
5 -0.208743 0.929178 0.150630
6 -0.181954 0.931090 0.130380
7 -0.165302 0.935002 0.104149
8 -0.157929 0.940296 0.075111
9 -0.154832 0.944036 0.045028
10 -0.153555 0.946897 0.014926
11 -0.153557 0.949555 -0.015187
12 -0.155140 0.951755 -0.045107
13 -0.158538 0.954228 -0.074694
14 -0.164277 0.955397 -0.103979
15 -0.179021 0.957815 -0.135636
16 -0.201930 0.959335 -0.158270
17 -0.231372 0.959018 -0.173217
18 -0.263206 0.953676 -0.180559
19 -0.297227 0.942337 -0.176930
20 -0.325047 0.928349 -0.164005
21 -0.346453 0.915502 -0.143795
22 -0.362562 0.903556 -0.119796
23 -0.376384 0.897461 -0.093112
24 -0.387210 0.892215 -0.064443
25 -0.393866 0.888123 -0.033785
26 -0.394561 0.885069 -0.001755
27 -0.389546 0.883787 0.029393
28 -0.377598 0.884556 0.060231
29 -0.362613 0.886748 0.087999
Frame 701
0 -0.344764 0.891960 0.112663
1 -0.322469 0.901119 0.137104
2 -0.296528 0.910237 0.153513
3 -0.267277 0.918749 0.161646
4 -0.236426 0.925069 0.160665
5 -0.207174 0.929514 0.150010
6 -0.180454 0.931401 0.129689
7 -0.163884 0.935284 0.103408
8 -0.156604 0.940556 0.074346
9 -0.153597 0.944268 0.044257
10 -0.152407 0.947090 0.014141
11 -0.152494 0.949705 -0.015977
12 -0.154168 0.951866 -0.045898
13 -0.157654 0.954307 -0.075480
14 -0.163476 0.955436 -0.104757
15 -0.178307 0.957812 -0.136364
16 -0.201284 0.959307 -0.158932
17 -0.230764 0.958968 -0.173815
18 -0.262629 0.953609 -0.181062
19 -0.296639 0.942271 -0.177315
20 -0.324423 0.928298 -0.164287
21 -0.345771 0.915473 -0.144000
22 -0.361812 0.903555 -0.119938
23 -0.375556 0.897493 -0.093206
24 -0.386304 0.892289 -0.064497
25 -0.392868 0.888236 -0.033814
26 -0.393462 0.885217 -0.001774
27 -0.388347 0.883974 0.029357
28 -0.376291 0.884788 0.060162
29 -0.361215 0.887020 0.087882
Frame 702
0 -0.343305 0.892297 0.112575
1 -0.320923 0.901472 0.136918
2 -0.294928 0.910604 0.153224
3 -0.265654 0.919118 0.161247
4 -0.234814 0.925425 0.160157
5 -0.205608 0.929847 0.149400
6 -0.178966 0.931698 0.128994
7 -0.162492 0.935544 0.102655
8 -0.155317 0.940785 0.073564
9 -0.152414 0.944463 0.043466
10 -0.151327 0.947238 0.013335
11 -0.151514 0.949804 -0.016787
12 -0.153291 0.951924 -0.046706
13 -0.156881 0.954326 -0.076282
14 -0.162803 0.955408 -0.105549
15 -0.177737 0.957741 -0.137100
16 -0.200792 0.959214 -0.159587
17 -0.230318 0.958856 -0.174392
18 -0.262219 0.953491 -0.181528
19 -0.296219 0.942158 -0.177640
20 -0.323960 0.928209 -0.164493
21 -0.345243 0.915413 -0.144115
22 -0.361205 0.903531 -0.119980
23 -0.374860 0.897513 -0.093192
24 -0.385515 0.892357 -0.064437
25 -0.391971 0.888350 -0.033725
26 -0.392450 0.885376 -0.001676
27 -0.387219 0.884175 0.029437
28 -0.375040 0.885036 0.060201
29 -0.359862 0.887310 0.087864
Frame 703
0 -0.341868 0.892658 0.112546
1 -0.319391 0.901842 0.136782
2 -0.293334 0.910984 0.152975
3 -0.264030 0.919492 0.160878
4 -0.233202 0.925778 0.159669
5 -0.204044 0.930166 0.148801
6 -0.177487 0.931973 0.128303
7 -0.161114 0.935773 0.101899
8 -0.154052 0.940977 0.072778
9 -0.151260 0.944615 0.042670
10 -0.150283 0.947339 0.012525
11 -0.150579 0.949854 -0.017601
12 -0.152469 0.951930 -0.047521
13 -0.156169 0.954290 -0.077088
14 -0.162199 0.955324 -0.106343
15 -0.177247 0.957614 -0.137831
16 -0.200387 0.959069 -0.160231
17 -0.229964 0.958704 -0.174948
18 -0.261907 0.953336 -0.181963
19 -0.295898 0.942021 -0.177923
20 -0.323594 0.928104 -0.164645
21 -0.344809 0.915345 -0.144168
22 -0.360686 0.903507 -0.119953
23 -0.374245 0.897538 -0.093105
24 -0.384797 0.892438 -0.064303
25 -0.391138 0.888483 -0.033558
26 -0.391492 0.885556 -0.001503
27 -0.386137 0.884401 0.029592
28 -0.373829 0.885308 0.060309
29 -0.358542 0.887622 0.087911
Frame 704
0 -0.340448 0.893042 0.112542
1 -0.317870 0.902227 0.136668
2 -0.291746 0.911371 0.152747
3 -0.262411 0.919864 0.160525
4 -0.231592 0.926117 0.159193
5 -0.202482 0.930461 0.148213
6 -0.176007 0.932213 0.127620
7 -0.159740 0.935961 0.101152
8 -0.152790 0.941125 0.072001
9 -0.150111 0.944720 0.041883
10 -0.149247 0.947393 0.011723
11 -0.149653 0.949855 -0.018407
12 -0.151659 0.951887 -0.048326
13 -0.155472 0.954203 -0.077885
14 -0.161612 0.955192 -0.107127
15 -0.176777 0.957446 -0.138549
16 -0.200005 0.958890 -0.160858
17 -0.229634 0.958526 -0.175485
18 -0.261622 0.953170 -0.182375
19 -0.295607 0.941881 -0.178178
20 -0.323261 0.928004 -0.164766
21 -0.344407 0.915292 -0.144188
22 -0.360202 0.903503 -0.119891
23 -0.373661 0.897589 -0.092981
24 -0.384108 0.892549 -0.064131
25 -0.390332 0.888650 -0.033356
26 -0.390561 0.885772 -0.001294
27 -0.385079 0.884662 0.029780
28 -0.372640 0.885612 0.060449
29 -0.357242 0.887962 0.087987
Frame 705
0 -0.339036 0.893452 0.112533
1 -0.316357 0.902626 0.136551
2 -0.290164 0.911760 0.152516
3 -0.260796 0.920225 0.160175
4 -0.229984 0.926434 0.158725
5 -0.200918 0.930723 0.147636
6 -0.174526 0.932410 0.126952
7 -0.158358 0.936100 0.100423
8 -0.151515 0.941221 0.071245
9 -0.148944 0.944774 0.041118
10 -0.148187 0.947395 0.010943
11 -0.148700 0.949809 -0.019190
12 -0.150817 0.951797 -0.049110
13 -0.154739 0.954073 -0.078659
14 -0.160987 0.955019 -0.107890
15 -0.176266 0.957244 -0.139245
16 -0.199579 0.958693 -0.161465
17 -0.229258 0.958341 -0.176006
18 -0.261293 0.953012 -0.182774
19 -0.295277 0.941761 -0.178423
20 -0.322892 0.927934 -0.164879
21 -0.343978 0.915274 -0.144202
22 -0.359696 0.903540 -0.119827
23 -0.373060 0.897684 -0.092858
24 -0.383405 0.892708 -0.063962
25 -0.389515 0.888867 -0.033159
26 -0.389623 0.886036 -0.001093
27 -0.384020 0.884966 0.029961
28 -0.371455 0.885954 0.060582
29 -0.355950 0.888331 0.088058
Frame 706
0 -0.337625 0.893887 0.112488
1 -0.314848 0.903036 0.136404
2 -0.288589 0.912147 0.152266
3 -0.259186 0.920570 0.159815
4 -0.228378 0.926719 0.158257
5 -0.199353 0.930942 0.147071
6 -0.173034 0.932554 0.126306
7 -0.156958 0.936180 0.099722
8 -0.150208 0.941260 0.070522
9 -0.147733 0.944773 0.040388
10 -0.147073 0.947346 0.010200
11 -0.147682 0.949715 -0.019935
12 -0.149900 0.951666 -0.049857
13 -0.153921 0.953906 -0.079398
14 -0.160266 0.954817 -0.108618
15 -0.175651 0.957024 -0.139910
16 -0.199041 0.958491 -0.162046
17 -0.228767 0.958171 -0.176513
18 -0.260851 0.952880 -0.183168
19 -0.294838 0.941683 -0.178675
20 -0.322425 0.927914 -0.165008
21 -0.343460 0.915314 -0.144240
22 -0.359113 0.903638 -0.119793
23 -0.372392 0.897845 -0.092772
24 -0.382643 0.892932 -0.063835
25 -0.388653 0.889148 -0.033008
26 -0.388653 0.886361 -0.000939
27 -0.382938 0.885326 0.030096
28 -0.370258 0.886340 0.060671
29 -0.354654 0.888735 0.088088
Frame 707
0 -0.336209 0.894354 0.112384
1 -0.313340 0.903463 0.136208
2 -0.287018 0.912540 0.151977
3 -0.257582 0.920907 0.159430
4 -0.226777 0.926984 0.157781
5 -0.197785 0.931126 0.146514
6 -0.171531 0.932655 0.125683
7 -0.155533 0.936213 0.099054
8 -0.148860 0.941251 0.069841
9 -0.146463 0.944724 0.039702
10 -0.145884 0.947254 0.009501
11 -0.146575 0.949583 -0.020638
12 -0.148880 0.951498 -0.050562
13 -0.152985 0.953709 -0.080095
14 -0.159412 0.954590 -0.109308
15 -0.174887 0.956790 -0.140545
16 -0.198346 0.958287 -0.162607
17 -0.228110 0.958013 -0.177013
18 -0.260241 0.952780 -0.183572
19 -0.294241 0.941647 -0.178951
20 -0.321810 0.927946 -0.165174
21 -0.342807 0.915412 -0.144328
22 -0.358410 0.903799 -0.119817
23 -0.371617 0.898070 -0.092751
24 -0.381790 0.893221 -0.063781
25 -0.387714 0.889495 -0.032934
26 -0.387623 0.886752 -0.000864
27 -0.381814 0.885744 0.030153
28 -0.369033 0.886776 0.060688
29 -0.353344 0.889179 0.088054
Frame 708
0 -0.334795 0.894854 0.112228
1 -0.311844 0.903913 0.135969
2 -0.285464 0.912947 0.151657
3 -0.255998 0.921250 0.159026
4 -0.225195 0.927246 0.157299
5 -0.196231 0.931301 0.145965
6 -0.170032 0.932737 0.125083
7 -0.154100 0.936224 0.098419
8 -0.147488 0.941219 0.069198
9 -0.145156 0.944653 0.039057
10 -0.144643 0.947139 0.008842
11 -0.145400 0.949428 -0.021301
12 -0.147778 0.951309 -0.051227
13 -0.151954 0.953491 -0.080754
14 -0.158449 0.954346 -0.109964
15 -0.174001 0.956542 -0.141151
16 -0.197518 0.958079 -0.163149
17 -0.227312 0.957858 -0.177509
18 -0.259491 0.952691 -0.183986
19 -0.293507 0.941633 -0.179252
20 -0.321065 0.928006 -0.165377
21 -0.342038 0.915545 -0.144461
22 -0.357604 0.903998 -0.119895
23 -0.370751 0.898336 -0.092791
24 -0.380858 0.893554 -0.063794
25 -0.386713 0.889888 -0.032931
26 -0.386548 0.887186 -0.000861
27 -0.380657 0.886204 0.030142
28 -0.367790 0.887251 0.060642
29 -0.352029 0.889657 0.087963
Frame 709
0 -0.333407 0.895369 0.112037
1 -0.310382 0.904375 0.135701
2 -0.283948 0.913364 0.151316
3 -0.254454 0.921600 0.158613
4 -0.223652 0.927511 0.156822
5 -0.194713 0.931474 0.145434
6 -0.168561 0.932815 0.124511
7 -0.152688 0.936228 0.097820
8 -0.146122 0.941180 0.068596
9 -0.143842 0.944574 0.038456
10 -0.143381 0.947017 0.008228
11 -0.144193 0.949267 -0.021920
12 -0.146633 0.951112 -0.051852
13 -0.150867 0.953266 -0.081371
14 -0.157419 0.954096 -0.110582
15 -0.173035 0.956291 -0.141725
16 -0.196601 0.957867 -0.163668
17 -0.226419 0.957708 -0.177995
18 -0.258645 0.952611 -0.184403
19 -0.292679 0.941631 -0.179568
20 -0.320235 0.928080 -0.165605
21 -0.341189 0.915693 -0.144628
22 -0.356729 0.904215 -0.120013
23 -0.369827 0.898621 -0.092877
24 -0.379879 0.893908 -0.063859
25 -0.385677 0.890302 -0.032982
26 -0.385453 0.887645 -0.000911
27 -0.379494 0.886687 0.030078
28 -0.366554 0.887746 0.060549
29 -0.350731 0.890154 0.087831
Frame 710
0 -0.332062 0.895889 0.111823
1 -0.308970 0.904843 0.135417
2 -0.282490 0.913786 0.150969
3 -0.252971 0.921956 0.158203
4 -0.222173 0.927783 0.156358
5 -0.193255 0.931656 0.144926
6 -0.167143 0.932904 0.123972
7 -0.151318 0.936241 0.097260
8 -0.144790 0.941150 0.068040
9 -0.142552 0.944504 0.037901
10 -0.142133 0.946903 0.007659
11 -0.142988 0.949113 -0.022495
12 -0.145482 0.950922 -0.052432
13 -0.149764 0.953049 -0.081946
14 -0.156361 0.953853 -0.111159
15 -0.172032 0.956044 -0.142264
16 -0.195640 0.957661 -0.164159
17 -0.225478 0.957561 -0.178464
18 -0.257746 0.952535 -0.184813
19 -0.291802 0.941631 -0.179889
20 -0.319357 0.928155 -0.165847
21 -0.340300 0.915843 -0.144816
22 -0.355821 0.904432 -0.120157
23 -0.368878 0.898908 -0.092995
24 -0.378884 0.894262 -0.063959
25 -0.384635 0.890717 -0.033070
26 -0.384363 0.888104 -0.000999
27 -0.378346 0.887171 0.029978
28 -0.365344 0.888243 0.060424
29 -0.349468 0.890653 0.087674
Frame 711
0 -0.330780 0.896401 0.111603
1 -0.307632 0.905306 0.135133
2 -0.281112 0.914210 0.150626
3 -0.251572 0.922320 0.157806
4 -0.220776 0.928068 0.155916
5 -0.191878 0.931856 0.144448
6 -0.165800 0.933013 0.123473
7 -0.150019 0.936279 0.096744
8 -0.143520 0.941145 0.067529
9 -0.141316 0.944458 0.037392
10 -0.140931 0.946812 0.007138
11 -0.141822 0.948981 -0.023023
12 -0.144360 0.950752 -0.052965
13 -0.148682 0.952850 -0.082475
14 -0.155317 0.953629 -0.111694
15 -0.171033 0.955811 -0.142764
16 -0.194678 0.957462 -0.164619
17 -0.224529 0.957417 -0.178909
18 -0.256839 0.952455 -0.185209
19 -0.290914 0.941622 -0.180204
20 -0.318472 0.928217 -0.166091
21 -0.339407 0.915976 -0.145012
22 -0.354913 0.904631 -0.120313
23 -0.367935 0.899172 -0.093128
24 -0.377904 0.894595 -0.064077
25 -0.383617 0.891111 -0.033180
26 -0.383305 0.888542 -0.001109
27 -0.377239 0.887637 0.029859
28 -0.364183 0.888726 0.060283
29 -0.348263 0.891140 0.087505
Frame 712
0 -0.329584 0.896891 0.111390
1 -0.306387 0.905757 0.134860
2 -0.279833 0.914631 0.150302
3 -0.250276 0.922692 0.157434
4 -0.219485 0.928372 0.155505
5 -0.190606 0.932085 0.144009
6 -0.164559 0.933160 0.123017
7 -0.148814 0.936357 0.096276
8 -0.142341 0.941180 0.067067
9 -0.140164 0.944453 0.036934
10 -0.139808 0.946761 0.006666
11 -0.140728 0.948887 -0.023502
12 -0.143306 0.950618 -0.053450
13 -0.147660 0.952684 -0.082956
14 -0.154327 0.953434 -0.112183
15 -0.170084 0.955602 -0.143222
16 -0.193759 0.957279 -0.165040
17 -0.223621 0.957279 -0.179323
18 -0.255968 0.952368 -0.185582
19 -0.290059 0.941596 -0.180506
20 -0.317620 0.928253 -0.166326
21 -0.338548 0.916076 -0.145204
22 -0.354041 0.904791 -0.120469
23 -0.367034 0.899397 -0.093264
24 -0.376970 0.894884 -0.064199
25 -0.382651 0.891461 -0.033294
26 -0.382305 0.888939 -0.001221
27 -0.376196 0.888064 0.029738
28 -0.363093 0.889173 0.060143
29 -0.347134 0.891598 0.087341
Frame 713
0 -0.328492 0.897347 0.111200
1 -0.305255 0.906188 0.134614
2 -0.278673 0.915047 0.150010
3 -0.249106 0.923073 0.157097
4 -0.218322 0.928701 0.155135
5 -0.189461 0.932352 0.143615
6 -0.163442 0.933357 0.122611
7 -0.147731 0.936492 0.095859
8 -0.141281 0.941274 0.066656
9 -0.139128 0.944505 0.036527
10 -0.138797 0.946765 0.006246
11 -0.139743 0.948845 -0.023929
12 -0.142357 0.950535 -0.053884
13 -0.146738 0.952566 -0.083388
14 -0.153432 0.953282 -0.112621
15 -0.169225 0.955423 -0.143634
16 -0.192927 0.957115 -0.165420
17 -0.222797 0.957145 -0.179701
18 -0.255177 0.952270 -0.185923
19 -0.289279 0.941541 -0.180781
20 -0.316842 0.928247 -0.166540
21 -0.337761 0.916126 -0.145378
22 -0.353239 0.904896 -0.120610
23 -0.366205 0.899561 -0.093387
24 -0.376113 0.895110 -0.064309
25 -0.381765 0.891747 -0.033396
26 -0.381388 0.889272 -0.001320
27 -0.375241 0.888431 0.029630
28 -0.362096 0.889570 0.060020
29 -0.346102 0.892014 0.087197
Frame 714
0 -0.327504 0.897762 0.111050
1 -0.304232 0.906587 0.134410
2 -0.277628 0.915441 0.149760
3 -0.248051 0.923446 0.156806
4 -0.217277 0.929035 0.154812
5 -0.188434 0.932637 0.143267
6 -0.162443 0.933583 0.122252
7 -0.146763 0.936665 0.095488
8 -0.140339 0.941406 0.066290
9 -0.138212 0.944599 0.036165
10 -0.137906 0.946811 0.005871
11 -0.138878 0.948844 -0.024310
12 -0.141528 0.950494 -0.054271
13 -0.145934 0.952488 -0.083774
14 -0.152657 0.953169 -0.113015
15 -0.168484 0.955278 -0.143999
16 -0.192213 0.956974 -0.165755
17 -0.222089 0.957022 -0.180034
18 -0.254501 0.952170 -0.186221
19 -0.288609 0.941468 -0.181016
20 -0.316170 0.928214 -0.166715
21 -0.337077 0.916138 -0.145514
22 -0.352537 0.904957 -0.120714
23 -0.365476 0.899674 -0.093473
24 -0.375357 0.895283 -0.064383
25 -0.380979 0.891973 -0.033461
26 -0.380569 0.889544 -0.001383
27 -0.374384 0.888740 0.029558
28 -0.361197 0.889913 0.059934
29 -0.345171 0.892382 0.087090
Frame 715
0 -0.326592 0.898134 0.110943
1 -0.303285 0.906949 0.134250
2 -0.276661 0.915802 0.149553
3 -0.247078 0.923792 0.156558
4 -0.216312 0.929351 0.154530
5 -0.187489 0.932911 0.142960
6 -0.161527 0.933807 0.121932
7 -0.145881 0.936841 0.095154
8 -0.139485 0.941548 0.065960
9 -0.137387 0.944706 0.035839
10 -0.137109 0.946871 0.005533
11 -0.138109 0.948859 -0.024655
12 -0.140796 0.950472 -0.054621
13 -0.145229 0.952432 -0.084123
14 -0.151981 0.953080 -0.113371
15 -0.167845 0.955154 -0.144326
16 -0.191602 0.956852 -0.166050
17 -0.221486 0.956914 -0.180324
18 -0.253927 0.952075 -0.186477
19 -0.288040 0.941394 -0.181207
20 -0.315598 0.928173 -0.166845
21 -0.336488 0.916135 -0.145607
22 -0.351926 0.904997 -0.120775
23 -0.364836 0.899761 -0.093516
24 -0.374688 0.895422 -0.064412
25 -0.380277 0.892163 -0.033482
26 -0.379831 0.889776 -0.001401
27 -0.373607 0.889007 0.029531
28 -0.360375 0.890213 0.059891
29 -0.344316 0.892707 0.087026
Frame 716
0 -0.325738 0.898467 0.110870
1 -0.302401 0.907273 0.134124
2 -0.275756 0.916129 0.149384
3 -0.246166 0.924111 0.156347
4 -0.215412 0.929646 0.154284
5 -0.186611 0.933173 0.142688
6 -0.160678 0.934027 0.121645
7 -0.145066 0.937019 0.094853
8 -0.138702 0.941695 0.065661
9 -0.136633 0.944821 0.035546
10 -0.136385 0.946944 0.005228
11 -0.137415 0.948890 -0.024966
12 -0.140141 0.950468 -0.054936
13 -0.144601 0.952394 -0.084439
14 -0.151383 0.953011 -0.113692
15 -0.167284 0.955047 -0.144617
16 -0.191070 0.956744 -0.166308
17 -0.220962 0.956816 -0.180578
18 -0.253431 0.951985 -0.186694
19 -0.287547 0.941317 -0.181361
20 -0.315099 0.928122 -0.166940
21 -0.335970 0.916115 -0.145664
22 -0.351382 0.905013 -0.120800
23 -0.364263 0.899818 -0.093525
24 -0.374085 0.895528 -0.064407
25 -0.379640 0.892314 -0.033468
26 -0.379155 0.889967 -0.001385
27 -0.372890 0.889231 0.029537
28 -0.359613 0.890471 0.059882
29 -0.343519 0.892990 0.086995
Frame 717
0 -0.324927 0.898758 0.110823
1 -0.301559 0.907559 0.134025
2 -0.274898 0.916424 0.149241
3 -0.245303 0.924401 0.156164
4 -0.214560 0.929919 0.154068
5 -0.185782 0.933420 0.142445
6 -0.159878 0.934239 0.121389
7 -0.144301 0.937195 0.094580
8 -0.137971 0.941846 0.065392
9 -0.135932 0.944943 0.035284
10 -0.135715 0.947026 0.004952
11 -0.136775 0.948929 -0.025248
12 -0.139540 0.950475 -0.055221
13 -0.144027 0.952370 -0.084724
14 -0.150840 0.952956 -0.113984
15 -0.166779 0.954954 -0.144878
16 -0.190592 0.956647 -0.166535
17 -0.220492 0.956726 -0.180800
18 -0.252988 0.951896 -0.186882
19 -0.287104 0.941233 -0.181485
20 -0.314648 0.928057 -0.167005
21 -0.335496 0.916077 -0.145693
22 -0.350882 0.905006 -0.120800
23 -0.363732 0.899846 -0.093507
24 -0.373525 0.895601 -0.064376
25 -0.379046 0.892428 -0.033429
26 -0.378522 0.890115 -0.001344
27 -0.372214 0.889413 0.029569
28 -0.358891 0.890686 0.059898
29 -0.342764 0.893230 0.086989
Frame 718
0 -0.324139 0.899010 0.110795
1 -0.300744 0.907807 0.133946
2 -0.274068 0.916683 0.149120
3 -0.244471 0.924661 0.156004
4 -0.213742 0.930169 0.153875
5 -0.184985 0.933652 0.142227
6 -0.159111 0.934443 0.121157
7 -0.143569 0.937368 0.094333
8 -0.137273 0.941995 0.065149
9 -0.135265 0.945068 0.035047
10 -0.135079 0.947111 0.004703
11 -0.136168 0.948975 -0.025502
12 -0.138972 0.950491 -0.055479
13 -0.143485 0.952356 -0.084983
14 -0.150330 0.952913 -0.114251
15 -0.166303 0.954870 -0.145111
16 -0.190144 0.956556 -0.166737
17 -0.220049 0.956637 -0.180997
18 -0.252571 0.951805 -0.187044
19 -0.286686 0.941140 -0.181587
20 -0.314221 0.927976 -0.167050
21 -0.335046 0.916017 -0.145703
22 -0.350403 0.904973 -0.120781
23 -0.363224 0.899844 -0.093470
24 -0.372988 0.895638 -0.064328
25 -0.378474 0.892502 -0.033373
26 -0.377910 0.890223 -0.001284
27 -0.371561 0.889551 0.029617
28 -0.358192 0.890858 0.059932
29 -0.342031 0.893428 0.087001
Frame 719
0 -0.323358 0.899220 0.110776
1 -0.299940 0.908016 0.133877
2 -0.273251 0.916907 0.149011
3 -0.243654 0.924892 0.155858
4 -0.212939 0.930395 0.153699
5 -0.184206 0.933863 0.142027
6 -0.158362 0.934634 0.120946
7 -0.142853 0.937533 0.094107
8 -0.136591 0.942142 0.064926
9 -0.134612 0.945193 0.034834
10 -0.134455 0.947199 0.004477
11 -0.135573 0.949024 -0.025734
12 -0.138416 0.950511 -0.055715
13 -0.142954 0.952346 -0.085219
14 -0.149828 0.952876 -0.114496
15 -0.165835 0.954789 -0.145323
16 -0.189701 0.956465 -0.166914
17 -0.219610 0.956550 -0.181174
18 -0.252158 0.951709 -0.187189
19 -0.286268 0.941036 -0.181673
20 -0.313792 0.927879 -0.167080
21 -0.334593 0.915934 -0.145701
22 -0.349921 0.904912 -0.120752
23 -0.362713 0.899809 -0.093426
24 -0.372450 0.895638 -0.064272
25 -0.377904 0.892536 -0.033309
26 -0.377302 0.890287 -0.001218
27 -0.370912 0.889647 0.029674
28 -0.357498 0.890985 0.059973
29 -0.341305 0.893583 0.087021
Frame 720
0 -0.322568 0.899390 0.110758
1 -0.299129 0.908185 0.133812
2 -0.272429 0.917096 0.148909
3 -0.242834 0.925090 0.155721
4 -0.212136 0.930594 0.153535
5 -0.183426 0.934055 0.141842
6 -0.157611 0.934812 0.120751
7 -0.142136 0.937687 0.093899
8 -0.135905 0.942282 0.064725
9 -0.133956 0.945315 0.034641
10 -0.133825 0.947284 0.004271
11 -0.134970 0.949072 -0.025947
12 -0.137850 0.950531 -0.055931
13 -0.142412 0.952337 -0.085437
14 -0.149312 0.952841 -0.114723
15 -0.165349 0.954709 -0.145515
16 -0.189239 0.956373 -0.167075
17 -0.219148 0.956459 -0.181337
18 -0.251722 0.951606 -0.187324
19 -0.285827 0.940916 -0.181751
20 -0.313336 0.927762 -0.167105
21 -0.334113 0.915826 -0.145697
22 -0.349413 0.904823 -0.120723
23 -0.362178 0.899742 -0.093383
24 -0.371891 0.895601 -0.064215
25 -0.377315 0.892530 -0.033247
26 -0.376676 0.890309 -0.001153
27 -0.370247 0.889698 0.029728
28 -0.356790 0.891071 0.060013
29 -0.340567 0.893696 0.087040
Frame 721
0 -0.321750 0.899520 0.110732
1 -0.298294 0.908314 0.133743
2 -0.271588 0.917249 0.148805
3 -0.241996 0.925256 0.155585
4 -0.211316 0.930764 0.153375
5 -0.182630 0.934224 0.141665
6 -0.156842 0.934972 0.120568
7 -0.141402 0.937829 0.093705
8 -0.135199 0.942414 0.064539
9 -0.133276 0.945429 0.034466
10 -0.133169 0.947364 0.004081
11 -0.134337 0.949115 -0.026143
12 -0.137253 0.950546 -0.056132
13 -0.141836 0.952325 -0.085637
14 -0.148759 0.952804 -0.114937
15 -0.164823 0.954625 -0.145694
16 -0.188732 0.956272 -0.167222
17 -0.218641 0.956360 -0.181491
18 -0.251238 0.951491 -0.187453
19 -0.285335 0.940779 -0.181827
20 -0.312828 0.927621 -0.167133
21 -0.333582 0.915692 -0.145697
22 -0.348855 0.904703 -0.120700
23 -0.361597 0.899639 -0.093347
24 -0.371288 0.895526 -0.064170
25 -0.376687 0.892482 -0.033195
26 -0.376015 0.890288 -0.001098
27 -0.369548 0.889706 0.029773
28 -0.356049 0.891112 0.060044
29 -0.339800 0.893765 0.087051
Frame 722
0 -0.320890 0.899606 0.110693
1 -0.297425 0.908403 0.133661
2 -0.270715 0.917365 0.148690
3 -0.241130 0.925393 0.155442
4 -0.210470 0.930911 0.153213
5 -0.181809 0.934376 0.141491
6 -0.156045 0.935122 0.120389
7 -0.140637 0.937965 0.093518
8 -0.134461 0.942543 0.064364
9 -0.132563 0.945545 0.034300
10 -0.132476 0.947446 0.003902
11 -0.133665 0.949160 -0.026330
12 -0.136613 0.950564 -0.056323
13 -0.141216 0.952314 -0.085828
14 -0.148160 0.952771 -0.115142
15 -0.164244 0.954539 -0.145866
16 -0.188172 0.956165 -0.167362
17 -0.218074 0.956253 -0.181644
18 -0.250696 0.951363 -0.187586
19 -0.284783 0.940620 -0.181910
20 -0.312256 0.927450 -0.167171
21 -0.332988 0.915523 -0.145711
22 -0.348234 0.904543 -0.120694
23 -0.360955 0.899493 -0.093330
24 -0.370629 0.895402 -0.064142
25 -0.376005 0.892384 -0.033162
26 -0.375302 0.890215 -0.001061
27 -0.368800 0.889661 0.029801
28 -0.355263 0.891103 0.060059
29 -0.338990 0.893787 0.087046
Frame 723
0 -0.320001 0.899651 0.110638
1 -0.296528 0.908455 0.133566
2 -0.269820 0.917450 0.148565
3 -0.240245 0.925504 0.155293
4 -0.209606 0.931041 0.153047
5 -0.180969 0.934518 0.141315
6 -0.155231 0.935272 0.120214
7 -0.139854 0.938104 0.093336
8 -0.133703 0.942680 0.064196
9 -0.131828 0.945669 0.034143
10 -0.131757 0.947536 0.003729
11 -0.132965 0.949215 -0.026510
12 -0.135945 0.950590 -0.056508
13 -0.140566 0.952313 -0.086013
14 -0.147526 0.952747 -0.115345
15 -0.163628 0.954456 -0.146033
16 -0.187572 0.956055 -0.167502
17 -0.217467 0.956138 -0.181800
18 -0.250110 0.951219 -0.187724
19 -0.284184 0.940438 -0.182002
20 -0.311634 0.927249 -0.167221
21 -0.332342 0.915317 -0.145740
22 -0.347563 0.904342 -0.120704
23 -0.360265 0.899301 -0.093329
24 -0.369923 0.895231 -0.064133
25 -0.375280 0.892235 -0.033147
26 -0.374550 0.890091 -0.001043
27 -0.368014 0.889566 0.029810
28 -0.354441 0.891045 0.060055
29 -0.338148 0.893763 0.087025
Frame 724
0 -0.319096 0.899663 0.110572
1 -0.295622 0.908478 0.133461
2 -0.268917 0.917512 0.148434
3 -0.239355 0.925598 0.155139
4 -0.208739 0.931161 0.152879
5 -0.180126 0.934656 0.141140
6 -0.154411 0.935422 0.120043
7 -0.139064 0.938247 0.093161
8 -0.132936 0.942822 0.064034
9 -0.131083 0.945802 0.033994
10 -0.131026 0.947636 0.003564
11 -0.132249 0.949279 -0.026683
12 -0.135259 0.950626 -0.056686
13 -0.139897 0.952320 -0.086191
14 -0.146871 0.952731 -0.115543
15 -0.162988 0.954376 -0.146198
16 -0.186946 0.955944 -0.167637
17 -0.216829 0.956019 -0.181955
18 -0.249494 0.951066 -0.187865
19 -0.283552 0.940237 -0.182101
20 -0.310978 0.927024 -0.167281
21 -0.331662 0.915082 -0.145781
22 -0.346857 0.904110 -0.120729
23 -0.359542 0.899073 -0.093344
24 -0.369187 0.895020 -0.064138
25 -0.374527 0.892046 -0.033146
26 -0.373771 0.889926 -0.001039
27 -0.367205 0.889431 0.029805
28 -0.353599 0.890950 0.060038
29 -0.337287 0.893703 0.086991
Frame 725
0 -0.318192 0.899652 0.110496
1 -0.294719 0.908483 0.133350
2 -0.268021 0.917559 0.148297
3 -0.238473 0.925683 0.154983
4 -0.207880 0.931274 0.152713
5 -0.179292 0.934792 0.140969
6 -0.153599 0.935574 0.119877
7 -0.138279 0.938394 0.092991
8 -0.132172 0.942971 0.063879
9 -0.130340 0.945941 0.033852
10 -0.130294 0.947743 0.003407
11 -0.131530 0.949350 -0.026850
12 -0.134568 0.950667 -0.056857
13 -0.139221 0.952333 -0.086361
14 -0.146206 0.952721 -0.115735
15 -0.162335 0.954301 -0.146357
16 -0.186306 0.955832 -0.167770
17 -0.216177 0.955896 -0.182109
18 -0.248859 0.950906 -0.188007
19 -0.282903 0.940027 -0.182203
20 -0.310302 0.926783 -0.167348
21 -0.330962 0.914829 -0.145831
22 -0.346131 0.903855 -0.120763
23 -0.358802 0.898823 -0.093371
24 -0.368435 0.894785 -0.064156
25 -0.373761 0.891830 -0.033160
26 -0.372983 0.889735 -0.001047
27 -0.366388 0.889269 0.029787
28 -0.352751 0.890829 0.060010
29 -0.336424 0.893620 0.086945
Frame 726
0 -0.317306 0.899630 0.110414
1 -0.293837 0.908478 0.133234
2 -0.267145 0.917599 0.148159
3 -0.237613 0.925762 0.154828
4 -0.207044 0.931384 0.152550
5 -0.178477 0.934929 0.140804
6 -0.152805 0.935729 0.119718
7 -0.137511 0.938545 0.092831
8 -0.131422 0.943124 0.063733
9 -0.129610 0.946086 0.033718
10 -0.129572 0.947856 0.003257
11 -0.130820 0.949427 -0.027009
12 -0.133885 0.950713 -0.057019
13 -0.138551 0.952353 -0.086523
14 -0.145545 0.952719 -0.115918
15 -0.161683 0.954231 -0.146510
16 -0.185665 0.955721 -0.167898
17 -0.215522 0.955774 -0.182260
18 -0.248222 0.950742 -0.188149
19 -0.282249 0.939810 -0.182308
20 -0.309621 0.926535 -0.167420
21 -0.330259 0.914566 -0.145888
22 -0.345403 0.903592 -0.120804
23 -0.358059 0.898559 -0.093406
24 -0.367682 0.894534 -0.064183
25 -0.372997 0.891601 -0.033183
26 -0.372199 0.889529 -0.001066
27 -0.365578 0.889093 0.029761
28 -0.351913 0.890694 0.059972
29 -0.335573 0.893524 0.086892
Frame 727
0 -0.316451 0.899604 0.110328
1 -0.292988 0.908474 0.133117
2 -0.266306 0.917640 0.148023
3 -0.236789 0.925845 0.154676
4 -0.206243 0.931500 0.152393
5 -0.177698 0.935069 0.140646
6 -0.152043 0.935889 0.119567
7 -0.136771 0.938703 0.092678
8 -0.130700 0.943282 0.063595
9 -0.128904 0.946235 0.033592
10 -0.128874 0.947973 0.003117
11 -0.130132 0.949509 -0.027159
12 -0.133220 0.950764 -0.057172
13 -0.137898 0.952378 -0.086676
14 -0.144899 0.952723 -0.116092
15 -0.161045 0.954166 -0.146658
16 -0.185035 0.955614 -0.168023
17 -0.214879 0.955651 -0.182406
18 -0.247594 0.950578 -0.188287
19 -0.281604 0.939593 -0.182412
20 -0.308952 0.926285 -0.167492
21 -0.329567 0.914302 -0.145946
22 -0.344686 0.903325 -0.120849
23 -0.357330 0.898295 -0.093445
24 -0.366945 0.894283 -0.064217
25 -0.372250 0.891368 -0.033213
26 -0.371435 0.889321 -0.001091
27 -0.364790 0.888915 0.029727
28 -0.351101 0.890556 0.059928
29 -0.334750 0.893425 0.086833
Frame 728
0 -0.315644 0.899584 0.110241
1 -0.292189 0.908477 0.133003
2 -0.265518 0.917690 0.147891
3 -0.236016 0.925935 0.154531
4 -0.205490 0.931623 0.152243
5 -0.176964 0.935218 0.140497
6 -0.151323 0.936056 0.119426
7 -0.136073 0.938865 0.092537
8 -0.130015 0.943445 0.063466
9 -0.128236 0.946389 0.033474
10 -0.128210 0.948095 0.002985
11 -0.129475 0.949595 -0.027300
12 -0.132588 0.950819 -0.057314
13 -0.137275 0.952408 -0.086819
14 -0.144280 0.952731 -0.116257
15 -0.160433 0.954105 -0.146798
16 -0.184429 0.955510 -0.168141
17 -0.214259 0.955533 -0.182546
18 -0.246989 0.950418 -0.188421
19 -0.280984 0.939381 -0.182514
20 -0.308310 0.926043 -0.167563
21 -0.328901 0.914047 -0.146004
22 -0.343998 0.903069 -0.120895
23 -0.356629 0.898040 -0.093486
24 -0.366238 0.894041 -0.064254
25 -0.371535 0.891144 -0.033246
26 -0.370707 0.889122 -0.001119
27 -0.364041 0.888745 0.029688
28 -0.350331 0.890428 0.059880
29 -0.333971 0.893336 0.086772
Frame 729
0 -0.314902 0.899568 0.110152
1 -0.291457 0.908486 0.132891
2 -0.264797 0.917744 0.147764
3 -0.235311 0.926031 0.154395
4 -0.204805 0.931750 0.152106
5 -0.176293 0.935370 0.140363
6 -0.150663 0.936228 0.119301
7 -0.135431 0.939032 0.092412
8 -0.129384 0.943611 0.063355
9 -0.127616 0.946547 0.033373
10 -0.127593 0.948223 0.002871
11 -0.128863 0.949689 -0.027425
12 -0.131995 0.950882 -0.057438
13 -0.136689 0.952449 -0.086944
14 -0.143696 0.952754 -0.116402
15 -0.159850 0.954060 -0.146923
16 -0.183852 0.955420 -0.168248
17 -0.213668 0.955427 -0.182675
18 -0.246410 0.950272 -0.188545
19 -0.280389 0.939185 -0.182612
20 -0.307696 0.925817 -0.167634
21 -0.328268 0.913809 -0.146064
22 -0.343343 0.902830 -0.120945
23 -0.355964 0.897800 -0.093534
24 -0.365570 0.893813 -0.064298
25 -0.370864 0.890934 -0.033289
26 -0.370025 0.888936 -0.001158
27 -0.363342 0.888586 0.029641
28 -0.349615 0.890308 0.059825
29 -0.333250 0.893255 0.086704
Frame 730
0 -0.314218 0.899536 0.110056
1 -0.290787 0.908481 0.132776
2 -0.264142 0.917785 0.147639
3 -0.234671 0.926114 0.154267
4 -0.204183 0.931869 0.151983
5 -0.175684 0.935517 0.140246
6 -0.150061 0.936396 0.119197
7 -0.134843 0.939200 0.092311
8 -0.128802 0.943780 0.063265
9 -0.127041 0.946712 0.033293
10 -0.127018 0.948360 0.002781
11 -0.128287 0.949795 -0.027525
12 -0.131436 0.950961 -0.057538
13 -0.136130 0.952510 -0.087046
14 -0.143136 0.952798 -0.116524
15 -0.159287 0.954041 -0.147028
16 -0.183289 0.955355 -0.168339
17 -0.213091 0.955344 -0.182790
18 -0.245841 0.950146 -0.188662
19 -0.279806 0.939010 -0.182708
20 -0.307097 0.925610 -0.167709
21 -0.327650 0.913586 -0.146133
22 -0.342706 0.902602 -0.121008
23 -0.355323 0.897570 -0.093597
24 -0.364928 0.893589 -0.064360
25 -0.370223 0.890721 -0.033349
26 -0.369379 0.888744 -0.001212
27 -0.362684 0.888420 0.029578
28 -0.348947 0.890179 0.059755
29 -0.332581 0.893161 0.086625
Frame 731
0 -0.313571 0.899473 0.109948
1 -0.290161 0.908447 0.132655
2 -0.263532 0.917798 0.147515
3 -0.234079 0.926173 0.154144
4 -0.203609 0.931966 0.151868
5 -0.175121 0.935648 0.140142
6 -0.149503 0.936555 0.119107
7 -0.134294 0.939364 0.092227
8 -0.128256 0.943950 0.063195
9 -0.126498 0.946881 0.033232
10 -0.126470 0.948506 0.002709
11 -0.127736 0.949915 -0.027608
12 -0.130897 0.951056 -0.057619
13 -0.135588 0.952591 -0.087130
14 -0.142589 0.952867 -0.116628
15 -0.158734 0.954048 -0.147117
16 -0.182733 0.955315 -0.168419
17 -0.212520 0.955282 -0.182895
18 -0.245276 0.950040 -0.188773
19 -0.279225 0.938848 -0.182807
20 -0.306500 0.925412 -0.167792
21 -0.327036 0.913367 -0.146213
22 -0.342076 0.902374 -0.121085
23 -0.354689 0.897332 -0.093676
24 -0.364300 0.893353 -0.064439
25 -0.369599 0.890493 -0.033428
26 -0.368754 0.888532 -0.001286
27 -0.362050 0.888229 0.029496
28 -0.348308 0.890022 0.059668
29 -0.331943 0.893039 0.086531
Frame 732
0 -0.312943 0.899366 0.109825
1 -0.289557 0.908369 0.132524
2 -0.262948 0.917771 0.147385
3 -0.233515 0.926196 0.154019
4 -0.203064 0.932034 0.151756
5 -0.174587 0.935758 0.140045
6 -0.148970 0.936699 0.119027
7 -0.133771 0.939520 0.092156
8 -0.127732 0.944118 0.063140
9 -0.125974 0.947052 0.033185
10 -0.125939 0.948662 0.002652
11 -0.127198 0.950048 -0.027675
12 -0.130369 0.951169 -0.057685
13 -0.135052 0.952694 -0.087200
14 -0.142046 0.952960 -0.116718
15 -0.158178 0.954083 -0.147193
16 -0.182172 0.955301 -0.168490
17 -0.211945 0.955242 -0.182994
18 -0.244704 0.949948 -0.188882
19 -0.278636 0.938695 -0.182909
20 -0.305895 0.925216 -0.167884
21 -0.326414 0.913144 -0.146307
22 -0.341437 0.902134 -0.121181
23 -0.354050 0.897077 -0.093775
24 -0.363668 0.893094 -0.064540
25 -0.368975 0.890235 -0.033529
26 -0.368133 0.888285 -0.001382
27 -0.361425 0.887999 0.029393
28 -0.347679 0.889824 0.059562
29 -0.331320 0.892874 0.086420
Frame 733
0 -0.312315 0.899198 0.109685
1 -0.288958 0.908234 0.132379
2 -0.262373 0.917690 0.147243
3 -0.232962 0.926171 0.153888
4 -0.202532 0.932063 0.151643
5 -0.174066 0.935835 0.139950
6 -0.148449 0.936824 0.118951
7 -0.133260 0.939665 0.092093
8 -0.127218 0.944282 0.063094
9 -0.125456 0.947226 0.033148
10 -0.125410 0.948823 0.002606
11 -0.126661 0.950193 -0.027732
12 -0.129839 0.951299 -0.057741
13 -0.134512 0.952820 -0.087262
14 -0.141496 0.953080 -0.116799
15 -0.157613 0.954145 -0.147259
16 -0.181599 0.955313 -0.168554
17 -0.211357 0.955222 -0.183090
18 -0.244116 0.949871 -0.188992
19 -0.278029 0.938548 -0.183017
20 -0.305270 0.925015 -0.167989
21 -0.325770 0.912907 -0.146418
22 -0.340777 0.901873 -0.121294
23 -0.353392 0.896793 -0.093895
24 -0.363019 0.892796 -0.064663
25 -0.368336 0.889931 -0.033654
26 -0.367500 0.887987 -0.001502
27 -0.360790 0.887714 0.029265
28 -0.347043 0.889568 0.059433
29 -0.330691 0.892651 0.086288
Frame 734
0 -0.311664 0.898958 0.109523
1 -0.288343 0.908027 0.132215
2 -0.261786 0.917540 0.147088
3 -0.232402 0.926085 0.153748
4 -0.201996 0.932040 0.151523
5 -0.173541 0.935873 0.139853
6 -0.147924 0.936920 0.118876
7 -0.132745 0.939792 0.092034
8 -0.126700 0.944438 0.063056
9 -0.124932 0.947399 0.033118
10 -0.124874 0.948992 0.002567
11 -0.126114 0.950350 -0.027781
12 -0.129297 0.951447 -0.057790
13 -0.133955 0.952968 -0.087319
14 -0.140930 0.953228 -0.116876
15 -0.157027 0.954237 -0.147321
16 -0.181003 0.955350 -0.168616
17 -0.210748 0.955221 -0.183186
18 -0.243506 0.949804 -0.189106
19 -0.277394 0.938399 -0.183135
20 -0.304613 0.924801 -0.168109
21 -0.325094 0.912646 -0.146548
22 -0.340083 0.901579 -0.121431
23 -0.352700 0.896465 -0.094040
24 -0.362339 0.892447 -0.064813
25 -0.367668 0.889567 -0.033806
26 -0.366838 0.887621 -0.001649
27 -0.360128 0.887358 0.029112
28 -0.346382 0.889239 0.059279
29 -0.330039 0.892354 0.086132
Frame 735
0 -0.310974 0.898627 0.109337
1 -0.287693 0.907732 0.132028
2 -0.261169 0.917311 0.146914
3 -0.231815 0.925927 0.153592
4 -0.201437 0.931955 0.151392
5 -0.172998 0.935863 0.139749
6 -0.147382 0.936985 0.118796
7 -0.132215 0.939899 0.091974
8 -0.126163 0.944585 0.063020
9 -0.124390 0.947571 0.033091
10 -0.124316 0.949167 0.002531
11 -0.125544 0.950520 -0.027829
12 -0.128732 0.951613 -0.057838
13 -0.133373 0.953140 -0.087377
14 -0.140337 0.953404 -0.116952
15 -0.156411 0.954356 -0.147379
16 -0.180376 0.955414 -0.168679
17 -0.210109 0.955239 -0.183285
18 -0.242863 0.949746 -0.189227
19 -0.276720 0.938244 -0.183264
20 -0.303914 0.924567 -0.168247
21 -0.324371 0.912352 -0.146699
22 -0.339340 0.901240 -0.121592
23 -0.351959 0.896084 -0.094212
24 -0.361612 0.892034 -0.064990
25 -0.366954 0.889131 -0.033987
26 -0.366131 0.887175 -0.001826
27 -0.359421 0.886916 0.028929
28 -0.345677 0.888821 0.059097
29 -0.329344 0.891968 0.085950
Frame 736
0 -0.310223 0.898194 0.109123
1 -0.286989 0.907336 0.131815
2 -0.260502 0.916986 0.146715
3 -0.231185 0.925682 0.153416
4 -0.200839 0.931798 0.151246
5 -0.172418 0.935796 0.139631
6 -0.146806 0.937009 0.118706
7 -0.131655 0.939981 0.091907
8 -0.125597 0.944719 0.062984
9 -0.123815 0.947737 0.033063
10 -0.123725 0.949346 0.002494
11 -0.124941 0.950702 -0.027877
12 -0.128133 0.951798 -0.057889
13 -0.132754 0.953336 -0.087439
14 -0.139706 0.953609 -0.117032
15 -0.155754 0.954507 -0.147440
16 -0.179708 0.955503 -0.168745
17 -0.209430 0.955276 -0.183391
18 -0.242178 0.949694 -0.189357
19 -0.276000 0.938078 -0.183409
20 -0.303160 0.924304 -0.168405
21 -0.323590 0.912016 -0.146873
22 -0.338535 0.900847 -0.121781
23 -0.351157 0.895634 -0.094411
24 -0.360822 0.891541 -0.065195
25 -0.366178 0.888605 -0.034199
26 -0.365363 0.886632 -0.002035
27 -0.358654 0.886371 0.028715
28 -0.344910 0.888299 0.058885
29 -0.328588 0.891476 0.085737
Frame 737
0 -0.309400 0.897663 0.108887
1 -0.286219 0.906846 0.131583
2 -0.259776 0.916575 0.146499
3 -0.230499 0.925362 0.153224
4 -0.200192 0.931578 0.151086
5 -0.171794 0.935682 0.139505
6 -0.146186 0.937003 0.118608
7 -0.131056 0.940044 0.091838
8 -0.124992 0.944848 0.062948
9 -0.123201 0.947905 0.033037
10 -0.123093 0.949531 0.002458
11 -0.124298 0.950894 -0.027924
12 -0.127493 0.951996 -0.057940
13 -0.132091 0.953546 -0.087503
14 -0.139034 0.953833 -0.117113
15 -0.155053 0.954670 -0.147498
16 -0.178992 0.955604 -0.168810
17 -0.208706 0.955319 -0.183497
18 -0.241446 0.949634 -0.189492
19 -0.275227 0.937884 -0.183561
20 -0.302346 0.923996 -0.168573
21 -0.322744 0.911621 -0.147061
22 -0.337661 0.900386 -0.121983
23 -0.350283 0.895106 -0.094626
24 -0.359961 0.890962 -0.065419
25 -0.365332 0.887985 -0.034430
26 -0.364524 0.885987 -0.002264
27 -0.357816 0.885723 0.028482
28 -0.344070 0.887674 0.058653
29 -0.327760 0.890883 0.085504
Frame 738
0 -0.308530 0.897078 0.108649
1 -0.285408 0.906306 0.131348
2 -0.259011 0.916122 0.146283
3 -0.229780 0.925004 0.153031
4 -0.199516 0.931328 0.150927
5 -0.171144 0.935548 0.139382
6 -0.145541 0.936987 0.118516
7 -0.130435 0.940103 0.091777
8 -0.124362 0.944976 0.062926
9 -0.122561 0.948072 0.033022
10 -0.122432 0.949714 0.002435
11 -0.123624 0.951084 -0.027959
12 -0.126821 0.952190 -0.057978
13 -0.131395 0.953751 -0.087555
14 -0.138327 0.954050 -0.117182
15 -0.154315 0.954823 -0.147543
16 -0.178237 0.955691 -0.168861
17 -0.207944 0.955345 -0.183594
18 -0.240676 0.949551 -0.189619
19 -0.274411 0.937652 -0.183708
20 -0.301483 0.923636 -0.168737
21 -0.321846 0.911171 -0.147245
22 -0.336734 0.899866 -0.122183
23 -0.349357 0.894517 -0.094839
24 -0.359049 0.890320 -0.065640
25 -0.364434 0.887300 -0.034660
26 -0.363634 0.885278 -0.002497
27 -0.356927 0.885014 0.028246
28 -0.343182 0.886989 0.058418
29 -0.326887 0.890232 0.085265
Frame 739
0 -0.307654 0.896481 0.108418
1 -0.284593 0.905757 0.131123
2 -0.258243 0.915663 0.146077
3 -0.229060 0.924639 0.152850
4 -0.198840 0.931072 0.150782
5 -0.170493 0.935409 0.139277
6 -0.144894 0.936968 0.118443
7 -0.129813 0.940155 0.091740
8 -0.123727 0.945099 0.062927
9 -0.121911 0.948230 0.033029
10 -0.121759 0.949886 0.002434
11 -0.122936 0.951259 -0.027969
12 -0.126131 0.952367 -0.057995
13 -0.130678 0.953935 -0.087586
14 -0.137597 0.954245 -0.117228
15 -0.153551 0.954950 -0.147567
16 -0.177451 0.955749 -0.168892
17 -0.207154 0.955344 -0.183673
18 -0.239873 0.949438 -0.189732
19 -0.273563 0.937387 -0.183845
20 -0.300588 0.923242 -0.168892
21 -0.320917 0.910688 -0.147422
22 -0.335777 0.899314 -0.122375
23 -0.348403 0.893899 -0.095045
24 -0.358111 0.889651 -0.065854
25 -0.363515 0.886591 -0.034884
26 -0.362725 0.884547 -0.002726
27 -0.356023 0.884287 0.028016
28 -0.342281 0.886288 0.058188
29 -0.326005 0.889567 0.085031
Frame 740
0 -0.306807 0.895915 0.108204
1 -0.283808 0.905240 0.130919
2 -0.257507 0.915232 0.145892
3 -0.228371 0.924299 0.152695
4 -0.198194 0.930835 0.150666
5 -0.169869 0.935283 0.139202
6 -0.144272 0.936952 0.118403
7 -0.129209 0.940205 0.091737
8 -0.123105 0.945211 0.062963
9 -0.121271 0.948372 0.033069
10 -0.121091 0.950037 0.002467
11 -0.122248 0.951408 -0.027947
12 -0.125437 0.952512 -0.057978
13 -0.129952 0.954084 -0.087585
14 -0.136854 0.954402 -0.117242
15 -0.152771 0.955038 -0.147560
16 -0.176646 0.955770 -0.168898
17 -0.206342 0.955303 -0.183728
18 -0.239048 0.949289 -0.189823
19 -0.272693 0.937094 -0.183965
20 -0.299677 0.922829 -0.169034
21 -0.319977 0.910193 -0.147586
22 -0.334814 0.898758 -0.122555
23 -0.347448 0.893284 -0.095239
24 -0.357176 0.888991 -0.066057
25 -0.362603 0.885901 -0.035098
26 -0.361829 0.883840 -0.002945
27 -0.355136 0.883585 0.027798
28 -0.341402 0.885617 0.057970
29 -0.325149 0.888933 0.084812
Frame 741
0 -0.306024 0.895423 0.108019
1 -0.283090 0.904794 0.130746
2 -0.256837 0.914866 0.145744
3 -0.227744 0.924014 0.152577
4 -0.197604 0.930642 0.150590
5 -0.169297 0.935184 0.139170
6 -0.143695 0.936948 0.118408
7 -0.128646 0.940253 0.091781
8 -0.122517 0.945309 0.063041
9 -0.120657 0.948489 0.033152
10 -0.120443 0.950158 0.002542
11 -0.121576 0.951520 -0.027881
12 -0.124750 0.952614 -0.057918
13 -0.129229 0.954184 -0.087541
14 -0.136109 0.954502 -0.117212
15 -0.151984 0.955072 -0.147517
16 -0.175829 0.955737 -0.168873
17 -0.205517 0.955210 -0.183752
18 -0.238207 0.949099 -0.189886
19 -0.271811 0.936780 -0.184063
20 -0.298766 0.922413 -0.169159
21 -0.319046 0.909709 -0.147733
22 -0.333870 0.898225 -0.122718
23 -0.346517 0.892704 -0.095416
24 -0.356272 0.888379 -0.066245
25 -0.361727 0.885267 -0.035296
26 -0.360975 0.883197 -0.003146
27 -0.354299 0.882956 0.027599
28 -0.340580 0.885019 0.057776
29 -0.324355 0.888374 0.084618
Frame 742
0 -0.305348 0.895047 0.107874
1 -0.282475 0.904459 0.130615
2 -0.256265 0.914601 0.145641
3 -0.227210 0.923818 0.152509
4 -0.197100 0.930518 0.150567
5 -0.168804 0.935131 0.139194
6 -0.143190 0.936964 0.118472
7 -0.128141 0.940302 0.091884
8 -0.121979 0.945387 0.063174
9 -0.120086 0.948575 0.033286
10 -0.119832 0.950237 0.002671
11 -0.120932 0.951583 -0.027764
12 -0.124084 0.952659 -0.057805
13 -0.128520 0.954220 -0.087446
14 -0.135371 0.954531 -0.117130
15 -0.151199 0.955038 -0.147429
16 -0.175010 0.955641 -0.168810
17 -0.204687 0.955053 -0.183739
18 -0.237356 0.948860 -0.189915
19 -0.270930 0.936448 -0.184134
20 -0.297872 0.922008 -0.169261
21 -0.318144 0.909255 -0.147858
22 -0.332967 0.897740 -0.122858
23 -0.345637 0.892190 -0.095573
24 -0.355425 0.887849 -0.066412
25 -0.360917 0.884730 -0.035472
26 -0.360195 0.882664 -0.003322
27 -0.353545 0.882442 0.027426
28 -0.339850 0.884541 0.057612
29 -0.323660 0.887934 0.084460
Frame 743
0 -0.304774 0.894783 0.107784
1 -0.281956 0.904235 0.130542
2 -0.255785 0.914436 0.145594
3 -0.226761 0.923709 0.152495
4 -0.196675 0.930464 0.150596
5 -0.168382 0.935129 0.139266
6 -0.142753 0.937006 0.118583
7 -0.127697 0.940363 0.092029
8 -0.121500 0.945461 0.063342
9 -0.119571 0.948644 0.033456
10 -0.119278 0.950293 0.002834
11 -0.120344 0.951618 -0.027611
12 -0.123468 0.952670 -0.057654
13 -0.127863 0.954216 -0.087314
14 -0.134682 0.954514 -0.117010
15 -0.150465 0.954962 -0.147308
16 -0.174241 0.955510 -0.168716
17 -0.203906 0.954865 -0.183688
18 -0.236555 0.948606 -0.189904
19 -0.270104 0.936126 -0.184164
20 -0.297045 0.921639 -0.169322
21 -0.317317 0.908853 -0.147939
22 -0.332147 0.897320 -0.122954
23 -0.344844 0.891755 -0.095683
24 -0.354667 0.887412 -0.066534
25 -0.360197 0.884296 -0.035601
26 -0.359508 0.882243 -0.003451
27 -0.352887 0.882045 0.027302
28 -0.339221 0.884181 0.057498
29 -0.323065 0.887613 0.084356
Frame 744
0 -0.304267 0.894594 0.107747
1 -0.281496 0.904083 0.130519
2 -0.255357 0.914335 0.145593
3 -0.226360 0.923657 0.152523
4 -0.196291 0.930458 0.150658
5 -0.167999 0.935162 0.139365
6 -0.142356 0.937074 0.118715
7 -0.127292 0.940440 0.092187
8 -0.121065 0.945543 0.063518
9 -0.119106 0.948718 0.033632
10 -0.118778 0.950351 0.003005
11 -0.119815 0.951652 -0.027448
12 -0.122914 0.952679 -0.057492
13 -0.127272 0.954209 -0.087172
14 -0.134064 0.954490 -0.116878
15 -0.149808 0.954884 -0.147171
16 -0.173555 0.955385 -0.168602
17 -0.203209 0.954690 -0.183610
18 -0.235839 0.948375 -0.189859
19 -0.269369 0.935841 -0.184153
20 -0.296310 0.921317 -0.169335
21 -0.316585 0.908506 -0.147968
22 -0.331421 0.896961 -0.122994
23 -0.344142 0.891389 -0.095736
24 -0.353994 0.887046 -0.066598
25 -0.359557 0.883941 -0.035672
26 -0.358897 0.881903 -0.003521
27 -0.352303 0.881730 0.027236
28 -0.338662 0.883903 0.057441
29 -0.322537 0.887372 0.084309
Frame 745
0 -0.303808 0.894467 0.107750
1 -0.281077 0.903994 0.130534
2 -0.254967 0.914291 0.145626
3 -0.225991 0.923653 0.152579
4 -0.195935 0.930492 0.150745
5 -0.167643 0.935226 0.139483
6 -0.141987 0.937161 0.118858
7 -0.126914 0.940530 0.092354
8 -0.120660 0.945631 0.063698
9 -0.118672 0.948793 0.033812
10 -0.118315 0.950408 0.003181
11 -0.119325 0.951685 -0.027280
12 -0.122402 0.952686 -0.057326
13 -0.126729 0.954199 -0.087026
14 -0.133498 0.954464 -0.116740
15 -0.149206 0.954804 -0.147025
16 -0.172928 0.955266 -0.168474
17 -0.202571 0.954527 -0.183513
18 -0.235187 0.948167 -0.189790
19 -0.268700 0.935588 -0.184111
20 -0.295645 0.921039 -0.169312
21 -0.315922 0.908211 -0.147959
22 -0.330765 0.896659 -0.122993
23 -0.343506 0.891083 -0.095748
24 -0.353385 0.886748 -0.066619
25 -0.358978 0.883654 -0.035700
26 -0.358343 0.881635 -0.003548
27 -0.351773 0.881489 0.027212
28 -0.338156 0.883697 0.057427
29 -0.322058 0.887200 0.084302
Frame 746
0 -0.303381 0.894395 0.107778
1 -0.280684 0.903957 0.130573
2 -0.254598 0.914292 0.145679
3 -0.225639 0.923689 0.152652
4 -0.195593 0.930557 0.150844
5 -0.167300 0.935313 0.139607
6 -0.141630 0.937262 0.119007
7 -0.126549 0.940630 0.092523
8 -0.120269 0.945723 0.063878
9 -0.118256 0.948869 0.033990
10 -0.117871 0.950465 0.003357
11 -0.118858 0.951717 -0.027113
12 -0.121913 0.952692 -0.057158
13 -0.126213 0.954189 -0.086878
14 -0.132961 0.954436 -0.116601
15 -0.148637 0.954728 -0.146875
16 -0.172337 0.955157 -0.168340
17 -0.201972 0.954379 -0.183406
18 -0.234574 0.947982 -0.189705
19 -0.268075 0.935370 -0.184050
20 -0.295024 0.920803 -0.169267
21 -0.315305 0.907963 -0.147925
22 -0.330156 0.896409 -0.122966
23 -0.342917 0.890834 -0.095733
24 -0.352820 0.886507 -0.066612
25 -0.358438 0.883429 -0.035700
26 -0.357827 0.881431 -0.003548
27 -0.351280 0.881312 0.027217
28 -0.337685 0.883552 0.057439
29 -0.321612 0.887086 0.084322
Frame 747
0 -0.302969 0.894369 0.107816
1 -0.280304 0.903958 0.130620
2 -0.254237 0.914328 0.145740
3 -0.225291 0.923753 0.152731
4 -0.195252 0.930644 0.150945
5 -0.166956 0.935414 0.139733
6 -0.141273 0.937372 0.119153
7 -0.126182 0.940732 0.092687
8 -0.119878 0.945815 0.064053
9 -0.117840 0.948944 0.034162
10 -0.117431 0.950523 0.003527
11 -0.118396 0.951750 -0.026950
12 -0.121430 0.952697 -0.056994
13 -0.125705 0.954179 -0.086735
14 -0.132434 0.954410 -0.116466
15 -0.148080 0.954656 -0.146727
16 -0.171759 0.955057 -0.168207
17 -0.201387 0.954247 -0.183296
18 -0.233977 0.947820 -0.189615
19 -0.267469 0.935182 -0.183982
20 -0.294424 0.920605 -0.169211
21 -0.314711 0.907759 -0.147880
22 -0.329570 0.896206 -0.122928
23 -0.342350 0.890634 -0.095704
24 -0.352274 0.886318 -0.066594
25 -0.357917 0.883258 -0.035686
26 -0.357329 0.881281 -0.003534
27 -0.350804 0.881188 0.027234
28 -0.337231 0.883459 0.057462
29 -0.321182 0.887022 0.084353
Frame 748
0 -0.302555 0.894375 0.107850
1 -0.279916 0.903991 0.130663
2 -0.253866 0.914390 0.145795
3 -0.224932 0.923838 0.152803
4 -0.194899 0.930745 0.151039
5 -0.166598 0.935525 0.139849
6 -0.140901 0.937484 0.119290
7 -0.125800 0.940834 0.092842
8 -0.119472 0.945905 0.064218
9 -0.117409 0.949016 0.034325
10 -0.116977 0.950577 0.003687
11 -0.117921 0.951781 -0.026796
12 -0.120933 0.952702 -0.056839
13 -0.125184 0.954172 -0.086602
14 -0.131897 0.954388 -0.116340
15 -0.147512 0.954591 -0.146587
16 -0.171172 0.954971 -0.168081
17 -0.200793 0.954131 -0.183192
18 -0.233373 0.947683 -0.189530
19 -0.266858 0.935025 -0.183917
20 -0.293820 0.920444 -0.169159
21 -0.314115 0.907594 -0.147837
22 -0.328985 0.896044 -0.122892
23 -0.341783 0.890479 -0.095679
24 -0.351727 0.886174 -0.066577
25 -0.357396 0.883132 -0.035674
26 -0.356830 0.881177 -0.003522
27 -0.350327 0.881108 0.027248
28 -0.336777 0.883406 0.057484
29 -0.320751 0.886995 0.084381
Frame 749
0 -0.302121 0.894406 0.107866
1 -0.279509 0.904041 0.130686
2 -0.253474 0.914465 0.145831
3 -0.224548 0.923932 0.152855
4 -0.194519 0.930852 0.151114
5 -0.166212 0.935636 0.139948
6 -0.140499 0.937593 0.119409
7 -0.125391 0.940932 0.092981
8 -0.119037 0.945990 0.064370
9 -0.116947 0.949083 0.034473
10 -0.116491 0.950629 0.003835
11 -0.117413 0.951811 -0.026656
12 -0.120404 0.952707 -0.056698
13 -0.124633 0.954169 -0.086482
14 -0.131328 0.954373 -0.116228
15 -0.146913 0.954536 -0.146460
16 -0.170552 0.954898 -0.167968
17 -0.200168 0.954033 -0.183103
18 -0.232738 0.947568 -0.189459
19 -0.266219 0.934898 -0.183867
20 -0.293190 0.920315 -0.169122
21 -0.313494 0.907463 -0.147811
22 -0.328376 0.895918 -0.122873
23 -0.341193 0.890360 -0.095669
24 -0.351158 0.886068 -0.066577
25 -0.356853 0.883045 -0.035681
26 -0.356310 0.881109 -0.003527
27 -0.349830 0.881061 0.027245
28 -0.336304 0.883383 0.057487
29 -0.320302 0.886995 0.084390
Frame 750
0 -0.301652 0.894449 0.107849
1 -0.279065 0.904100 0.130678
2 -0.253043 0.914545 0.145835
3 -0.224124 0.924027 0.152878
4 -0.194098 0.930955 0.151161
5 -0.165784 0.935740 0.140022
6 -0.140056 0.937694 0.119503
7 -0.124942 0.941020 0.093100
8 -0.118557 0.946068 0.064505
9 -0.116437 0.949145 0.034602
10 -0.115958 0.950679 0.003964
11 -0.116856 0.951841 -0.026535
12 -0.119825 0.952712 -0.056575
13 -0.124031 0.954173 -0.086382
14 -0.130709 0.954369 -0.116136
15 -0.146258 0.954495 -0.146353
16 -0.169878 0.954842 -0.167877
17 -0.199489 0.953955 -0.183036
18 -0.232049 0.947478 -0.189412
19 -0.265527 0.934800 -0.183843
20 -0.292507 0.920216 -0.169114
21 -0.312824 0.907365 -0.147815
22 -0.327721 0.895825 -0.122885
23 -0.340558 0.890274 -0.095693
24 -0.350545 0.885992 -0.066610
25 -0.356267 0.882985 -0.035719
26 -0.355751 0.881069 -0.003565
27 -0.349295 0.881038 0.027211
28 -0.335795 0.883381 0.057457
29 -0.319818 0.887012 0.084366
Frame 751
0 -0.301128 0.894496 0.107783
1 -0.278569 0.904155 0.130621
2 -0.252560 0.914618 0.145793
3 -0.223647 0.924112 0.152857
4 -0.193624 0.931046 0.151167
5 -0.165303 0.935831 0.140059
6 -0.139555 0.937779 0.119566
7 -0.124438 0.941095 0.093190
8 -0.118019 0.946134 0.064616
9 -0.115864 0.949199 0.034709
10 -0.115360 0.950725 0.004071
11 -0.116232 0.951871 -0.026437
12 -0.119176 0.952719 -0.056476
13 -0.123359 0.954183 -0.086305
14 -0.130018 0.954377 -0.116067
15 -0.145529 0.954468 -0.146270
16 -0.169126 0.954803 -0.167813
17 -0.198732 0.953898 -0.183000
18 -0.231284 0.947413 -0.189399
19 -0.264760 0.934728 -0.183855
20 -0.291749 0.920145 -0.169147
21 -0.312080 0.907294 -0.147863
22 -0.326994 0.895759 -0.122942
23 -0.339855 0.890212 -0.095763
24 -0.349865 0.885939 -0.066691
25 -0.355619 0.882948 -0.035803
26 -0.355132 0.881046 -0.003649
27 -0.348702 0.881030 0.027128
28 -0.335231 0.883388 0.057380
29 -0.319282 0.887034 0.084294
Frame 752
0 -0.300556 0.894554 0.107628
1 -0.278026 0.904207 0.130483
2 -0.252031 0.914680 0.145677
3 -0.223126 0.924178 0.152770
4 -0.193106 0.931113 0.151120
5 -0.164775 0.935896 0.140052
6 -0.139002 0.937840 0.119593
7 -0.123879 0.941152 0.093257
8 -0.117414 0.946192 0.064712
9 -0.115215 0.949254 0.034801
10 -0.114675 0.950782 0.004163
11 -0.115511 0.951920 -0.026354
12 -0.118425 0.952752 -0.056388
13 -0.122575 0.954235 -0.086243
14 -0.129207 0.954435 -0.116017
15 -0.144669 0.954506 -0.146209
16 -0.168238 0.954836 -0.167778
17 -0.197836 0.953917 -0.183002
18 -0.230377 0.947434 -0.189436
19 -0.263854 0.934745 -0.183933
20 -0.290855 0.920160 -0.169257
21 -0.311209 0.907309 -0.147998
22 -0.326151 0.895774 -0.123096
23 -0.339043 0.890228 -0.095934
24 -0.349084 0.885956 -0.066874
25 -0.354880 0.882973 -0.035991
26 -0.354435 0.881079 -0.003833
27 -0.348040 0.881064 0.026945
28 -0.334607 0.883427 0.057206
29 -0.318693 0.887077 0.084128
Frame 753
0 -0.299955 0.894630 0.107382
1 -0.277461 0.904259 0.130264
2 -0.251482 0.914730 0.145490
3 -0.222588 0.924225 0.152624
4 -0.192571 0.931154 0.151027
5 -0.164226 0.935935 0.140014
6 -0.138420 0.937880 0.119600
7 -0.123284 0.941196 0.093313
8 -0.116760 0.946249 0.064805
9 -0.114505 0.949320 0.034892
10 -0.113918 0.950863 0.004256
11 -0.114706 0.952005 -0.026273
12 -0.117578 0.952827 -0.056297
13 -0.121683 0.954343 -0.086184
14 -0.128279 0.954563 -0.115970
15 -0.143682 0.954631 -0.146155
16 -0.167212 0.954966 -0.167760
17 -0.196799 0.954038 -0.183036
18 -0.229327 0.947563 -0.189519
19 -0.262811 0.934878 -0.184071
20 -0.289823 0.920285 -0.169445
21 -0.310212 0.907432 -0.148226
22 -0.325194 0.895892 -0.123354
23 -0.338128 0.890339 -0.096212
24 -0.348208 0.886060 -0.067170
25 -0.354060 0.883077 -0.036290
26 -0.353672 0.881180 -0.004128
27 -0.347321 0.881154 0.026653
28 -0.333939 0.883507 0.056929
29 -0.318071 0.887149 0.083863
Frame 754
0 -0.299337 0.894702 0.107092
1 -0.276881 0.904303 0.130008
2 -0.250923 0.914767 0.145272
3 -0.222039 0.924255 0.152454
4 -0.192027 0.931180 0.150916
5 -0.163666 0.935959 0.139963
6 -0.137824 0.937910 0.119600
7 -0.122672 0.941236 0.093368
8 -0.116082 0.946310 0.064901
9 -0.113765 0.949397 0.034988
10 -0.113124 0.950960 0.004353
11 -0.113856 0.952115 -0.026187
12 -0.116681 0.952933 -0.056200
13 -0.120736 0.954490 -0.086118
14 -0.127288 0.954735 -0.115922
15 -0.142628 0.954809 -0.146102
16 -0.166117 0.955156 -0.167748
17 -0.195688 0.954219 -0.183083
18 -0.228202 0.947756 -0.189623
19 -0.261694 0.935070 -0.184241
20 -0.288718 0.920468 -0.169673
21 -0.309146 0.907609 -0.148501
22 -0.324173 0.896059 -0.123664
23 -0.337156 0.890495 -0.096547
24 -0.347280 0.886202 -0.067524
25 -0.353194 0.883213 -0.036647
26 -0.352871 0.881307 -0.004479
27 -0.346570 0.881262 0.026305
28 -0.333245 0.883598 0.056598
29 -0.317428 0.887226 0.083551
Frame 755
0 -0.298712 0.894756 0.106805
1 -0.276299 0.904330 0.129757
2 -0.250362 0.914789 0.145062
3 -0.221490 0.924274 0.152294
4 -0.191482 0.931197 0.150815
5 -0.163106 0.935981 0.139921
6 -0.137226 0.937943 0.119610
7 -0.122062 0.941282 0.093432
8 -0.115406 0.946379 0.065007
9 -0.113025 0.949487 0.035091
10 -0.112329 0.951073 0.004457
11 -0.113005 0.952240 -0.026092
12 -0.115783 0.953055 -0.056096
13 -0.119784 0.954653 -0.086041
14 -0.126292 0.954925 -0.115863
15 -0.141569 0.955006 -0.146042
16 -0.165016 0.955363 -0.167728
17 -0.194570 0.954415 -0.183126
18 -0.227070 0.947962 -0.189726
19 -0.260569 0.935270 -0.184408
20 -0.287604 0.920652 -0.169898
21 -0.308069 0.907784 -0.148775
22 -0.323140 0.896222 -0.123974
23 -0.336170 0.890642 -0.096882
24 -0.346339 0.886332 -0.067879
25 -0.352316 0.883334 -0.037007
26 -0.352058 0.881418 -0.004834
27 -0.345809 0.881352 0.025955
28 -0.332540 0.883673 0.056267
29 -0.316774 0.887285 0.083240
Frame 756
0 -0.298091 0.894772 0.106570
1 -0.275723 0.904331 0.129556
2 -0.249807 0.914794 0.144899
3 -0.220948 0.924283 0.152177
4 -0.190945 0.931214 0.150752
5 -0.162556 0.936010 0.139911
6 -0.136644 0.937989 0.119644
7 -0.121471 0.941344 0.093518
8 -0.114753 0.946464 0.065126
9 -0.112315 0.949588 0.035207
10 -0.111568 0.951194 0.004574
11 -0.112192 0.952371 -0.025984
12 -0.114928 0.953182 -0.055980
13 -0.118879 0.954813 -0.085950
14 -0.125345 0.955106 -0.115787
15 -0.140566 0.955190 -0.145966
16 -0.163976 0.955549 -0.167690
17 -0.193513 0.954587 -0.183146
18 -0.226001 0.948131 -0.189800
19 -0.259502 0.935425 -0.184542
20 -0.286542 0.920785 -0.170085
21 -0.307037 0.907903 -0.149004
22 -0.322146 0.896325 -0.124236
23 -0.335219 0.890729 -0.097167
24 -0.345428 0.886401 -0.068184
25 -0.351462 0.883395 -0.037316
26 -0.351262 0.881470 -0.005138
27 -0.345060 0.881389 0.025656
28 -0.331843 0.883698 0.055986
29 -0.316122 0.887302 0.082980
Frame 757
0 -0.297487 0.894735 0.106432
1 -0.275163 0.904297 0.129448
2 -0.249270 0.914780 0.144824
3 -0.220423 0.924288 0.152137
4 -0.190428 0.931239 0.150754
5 -0.162029 0.936059 0.139953
6 -0.136090 0.938062 0.119719
7 -0.120914 0.941433 0.093632
8 -0.114149 0.946568 0.065264
9 -0.111664 0.949704 0.035340
10 -0.110876 0.951320 0.004708
11 -0.111459 0.952497 -0.025857
12 -0.114161 0.953303 -0.055852
13 -0.118070 0.954950 -0.085839
14 -0.124504 0.955253 -0.115690
15 -0.139681 0.955326 -0.145869
16 -0.163060 0.955675 -0.167622
17 -0.192584 0.954688 -0.183128
18 -0.225062 0.948216 -0.189825
19 -0.258558 0.935480 -0.184610
20 -0.285597 0.920812 -0.170192
21 -0.306111 0.907910 -0.149143
22 -0.321243 0.896316 -0.124398
23 -0.334347 0.890703 -0.097349
24 -0.344587 0.886361 -0.068381
25 -0.350667 0.883350 -0.037520
26 -0.350510 0.881420 -0.005339
27 -0.344344 0.881335 0.025461
28 -0.331169 0.883647 0.055808
29 -0.315485 0.887256 0.082820
Frame 758
0 -0.296889 0.894644 0.106382
1 -0.274610 0.904240 0.129416
2 -0.248739 0.914764 0.144811
3 -0.219906 0.924312 0.152146
4 -0.189920 0.931306 0.150786
5 -0.161521 0.936162 0.140010
6 -0.135568 0.938202 0.119793
7 -0.120402 0.941590 0.093731
8 -0.113607 0.946733 0.065377
9 -0.111092 0.949870 0.035444
10 -0.110280 0.951484 0.004811
11 -0.110837 0.952650 -0.025759
12 -0.113521 0.953441 -0.055756
13 -0.117400 0.955085 -0.085754
14 -0.123814 0.955382 -0.115615
15 -0.138962 0.955421 -0.145789
16 -0.162322 0.955739 -0.167561
17 -0.191837 0.954715 -0.183102
18 -0.224308 0.948199 -0.189824
19 -0.257789 0.935413 -0.184631
20 -0.284813 0.920704 -0.170232
21 -0.305325 0.907777 -0.149198
22 -0.320462 0.896164 -0.124461
23 -0.333580 0.890535 -0.097426
24 -0.343838 0.886180 -0.068468
25 -0.349945 0.883167 -0.037616
26 -0.349814 0.881244 -0.005432
27 -0.343670 0.881171 0.025372
28 -0.330519 0.883506 0.055731
29 -0.314859 0.887141 0.082755
Frame 759
0 -0.296282 0.894520 0.106368
1 -0.274045 0.904176 0.129407
2 -0.248198 0.914764 0.144808
3 -0.219383 0.924374 0.152150
4 -0.189413 0.931428 0.150799
5 -0.161022 0.936340 0.140032
6 -0.135064 0.938428 0.119819
7 -0.119921 0.941833 0.093772
8 -0.113114 0.946981 0.065427
9 -0.110585 0.950112 0.035484
10 -0.109762 0.951713 0.004848
11 -0.110309 0.952856 -0.025726
12 -0.112988 0.953623 -0.055729
13 -0.116852 0.955246 -0.085733
14 -0.123259 0.955522 -0.115600
15 -0.138390 0.955506 -0.145765
16 -0.161743 0.955772 -0.167544
17 -0.191253 0.954690 -0.183107
18 -0.223716 0.948111 -0.189838
19 -0.257171 0.935253 -0.184646
20 -0.284164 0.920491 -0.170247
21 -0.304658 0.907529 -0.149212
22 -0.319779 0.895898 -0.124473
23 -0.332895 0.890250 -0.097444
24 -0.343157 0.885883 -0.068494
25 -0.349276 0.882873 -0.037647
26 -0.349153 0.880964 -0.005461
27 -0.343018 0.880918 0.025346
28 -0.329877 0.883294 0.055708
29 -0.314229 0.886976 0.082735
Frame 760
0 -0.295666 0.894375 0.106382
1 -0.273469 0.904109 0.129417
2 -0.247646 0.914776 0.144814
3 -0.218852 0.924463 0.152151
4 -0.188902 0.931593 0.150798
5 -0.160526 0.936571 0.140030
6 -0.134573 0.938715 0.119812
7 -0.119458 0.942140 0.093771
8 -0.112654 0.947290 0.065430
9 -0.110124 0.950407 0.035475
10 -0.109300 0.951986 0.004838
11 -0.109845 0.953099 -0.025741
12 -0.112530 0.953834 -0.055751
13 -0.116388 0.955425 -0.085757
14 -0.122798 0.955668 -0.115632
15 -0.137920 0.955582 -0.145780
16 -0.161273 0.955781 -0.167559
17 -0.190781 0.954628 -0.183136
18 -0.223237 0.947968 -0.189861
19 -0.256657 0.935024 -0.184655
20 -0.283608 0.920200 -0.170244
21 -0.304071 0.907201 -0.149196
22 -0.319163 0.895547 -0.124447
23 -0.332267 0.889880 -0.097419
24 -0.342522 0.885503 -0.068473
25 -0.348643 0.882498 -0.037629
26 -0.348516 0.880611 -0.005443
27 -0.342378 0.880604 0.025366
28 -0.329237 0.883035 0.055725
29 -0.313593 0.886777 0.082748
Frame 761
0 -0.295040 0.894217 0.106411
1 -0.272882 0.904041 0.129436
2 -0.247085 0.914799 0.144824
3 -0.218314 0.924571 0.152150
4 -0.188386 0.931785 0.150787
5 -0.160028 0.936836 0.140013
6 -0.134085 0.939041 0.119784
7 -0.119006 0.942486 0.093746
8 -0.112210 0.947634 0.065406
9 -0.109685 0.950734 0.035438
10 -0.108867 0.952286 0.004798
11 -0.109417 0.953362 -0.025783
12 -0.112112 0.954062 -0.055803
13 -0.115972 0.955612 -0.085810
14 -0.122389 0.955816 -0.115689
15 -0.137507 0.955650 -0.145820
16 -0.160865 0.955773 -0.167595
17 -0.190373 0.954541 -0.183178
18 -0.222823 0.947792 -0.189891
19 -0.256204 0.934752 -0.184660
20 -0.283105 0.919861 -0.170228
21 -0.303528 0.906822 -0.149163
22 -0.318583 0.895146 -0.124396
23 -0.331668 0.889459 -0.097367
24 -0.341909 0.885073 -0.068425
25 -0.348025 0.882075 -0.037583
26 -0.347887 0.880215 -0.005398
27 -0.341742 0.880252 0.025412
28 -0.328593 0.882748 0.055766
29 -0.312948 0.886560 0.082782
Frame 762
0 -0.294404 0.894058 0.106449
1 -0.272286 0.903977 0.129461
2 -0.246515 0.914829 0.144836
3 -0.217765 0.924687 0.152148
4 -0.187861 0.931988 0.150773
5 -0.159523 0.937115 0.139990
6 -0.133590 0.939383 0.119748
7 -0.118550 0.942847 0.093711
8 -0.111765 0.947991 0.065372
9 -0.109247 0.951071 0.035389
10 -0.108436 0.952594 0.004747
11 -0.108994 0.953632 -0.025838
12 -0.111702 0.954293 -0.055867
13 -0.115564 0.955799 -0.085874
14 -0.121989 0.955961 -0.115756
15 -0.137107 0.955711 -0.145870
16 -0.160471 0.955755 -0.167640
17 -0.189980 0.954442 -0.183227
18 -0.222424 0.947600 -0.189924
19 -0.255764 0.934461 -0.184665
20 -0.282612 0.919504 -0.170209
21 -0.302993 0.906422 -0.149121
22 -0.318007 0.894726 -0.124336
23 -0.331070 0.889021 -0.097306
24 -0.341297 0.884626 -0.068365
25 -0.347406 0.881638 -0.037526
26 -0.347255 0.879805 -0.005342
27 -0.341099 0.879890 0.025470
28 -0.327942 0.882454 0.055818
29 -0.312295 0.886339 0.082824
Frame 763
0 -0.293756 0.893910 0.106481
1 -0.271679 0.903921 0.129482
2 -0.245934 0.914862 0.144846
3 -0.217206 0.924805 0.152146
4 -0.187324 0.932189 0.150761
5 -0.159005 0.937388 0.139970
6 -0.133083 0.939715 0.119717
7 -0.118079 0.943197 0.093682
8 -0.111302 0.948337 0.065345
9 -0.108789 0.951396 0.035347
10 -0.107982 0.952891 0.004704
11 -0.108546 0.953891 -0.025883
12 -0.111264 0.954514 -0.055924
13 -0.115127 0.955978 -0.085930
14 -0.121558 0.956098 -0.115817
15 -0.136674 0.955769 -0.145914
16 -0.160044 0.955737 -0.167679
17 -0.189551 0.954344 -0.183272
18 -0.221990 0.947411 -0.189956
19 -0.255290 0.934178 -0.184671
20 -0.282090 0.919155 -0.170192
21 -0.302430 0.906036 -0.149084
22 -0.317405 0.894319 -0.124282
23 -0.330449 0.888597 -0.097250
24 -0.340663 0.884195 -0.068311
25 -0.346767 0.881216 -0.037477
26 -0.346604 0.879413 -0.005292
27 -0.340440 0.879544 0.025521
28 -0.327278 0.882174 0.055863
29 -0.311629 0.886131 0.082861
Frame 764
0 -0.293099 0.893781 0.106499
1 -0.271064 0.903873 0.129494
2 -0.245343 0.914896 0.144853
3 -0.216636 0.924913 0.152146
4 -0.186773 0.932371 0.150755
5 -0.158470 0.937635 0.139964
6 -0.132554 0.940016 0.119704
7 -0.117580 0.943514 0.093676
8 -0.110803 0.948649 0.065343
9 -0.108288 0.951690 0.035331
10 -0.107480 0.953160 0.004687
11 -0.108043 0.954126 -0.025904
12 -0.110765 0.954715 -0.055954
13 -0.114623 0.956141 -0.085962
14 -0.121055 0.956223 -0.115853
15 -0.136163 0.955822 -0.145937
16 -0.159535 0.955724 -0.167704
17 -0.189040 0.954259 -0.183308
18 -0.221473 0.947246 -0.189984
19 -0.254738 0.933929 -0.184682
20 -0.281497 0.918846 -0.170186
21 -0.301804 0.905694 -0.149063
22 -0.316749 0.893960 -0.124246
23 -0.329779 0.888222 -0.097216
24 -0.339985 0.883814 -0.068282
25 -0.346090 0.880845 -0.037453
26 -0.345924 0.879067 -0.005269
27 -0.339758 0.879240 0.025547
28 -0.326596 0.881929 0.055885
29 -0.310951 0.885948 0.082880
Frame 765
0 -0.292430 0.893683 0.106493
1 -0.270439 0.903840 0.129490
2 -0.244741 0.914927 0.144851
3 -0.216051 0.925003 0.152149
4 -0.186204 0.932521 0.150764
5 -0.157909 0.937836 0.139980
6 -0.131991 0.940260 0.119723
7 -0.117042 0.943772 0.093709
8 -0.110252 0.948904 0.065386
9 -0.107720 0.951930 0.035359
10 -0.106901 0.953381 0.004713
11 -0.107454 0.954320 -0.025880
12 -0.110169 0.954881 -0.055938
13 -0.114013 0.956279 -0.085952
14 -0.120437 0.956333 -0.115849
15 -0.135530 0.955874 -0.145924
16 -0.158898 0.955725 -0.167701
17 -0.188395 0.954200 -0.183325
18 -0.220823 0.947127 -0.190006
19 -0.254064 0.933738 -0.184700
20 -0.280792 0.918606 -0.170197
21 -0.301079 0.905427 -0.149069
22 -0.316008 0.893679 -0.124246
23 -0.329033 0.887930 -0.097221
24 -0.339242 0.883517 -0.068296
25 -0.345358 0.880555 -0.037472
26 -0.345200 0.878798 -0.005288
27 -0.339042 0.879004 0.025532
28 -0.325891 0.881738 0.055873
29 -0.310258 0.885808 0.082870
Frame 766
0 -0.291749 0.893627 0.106451
1 -0.269805 0.903821 0.129463
2 -0.244129 0.914952 0.144840
3 -0.215450 0.925065 0.152156
4 -0.185613 0.932622 0.150791
5 -0.157319 0.937973 0.140028
6 -0.131386 0.940426 0.119784
7 -0.116451 0.943949 0.093797
8 -0.109629 0.949080 0.065489
9 -0.107065 0.952095 0.035448
10 -0.106220 0.953539 0.004804
11 -0.106747 0.954460 -0.025794
12 -0.109443 0.954999 -0.055859
13 -0.113260 0.956385 -0.085881
14 -0.119661 0.956425 -0.115785
15 -0.134729 0.955929 -0.145861
16 -0.158085 0.955749 -0.167659
17 -0.187570 0.954184 -0.183316
18 -0.219993 0.947068 -0.190018
19 -0.253220 0.933633 -0.184726
20 -0.279936 0.918463 -0.170234
21 -0.300220 0.905266 -0.149113
22 -0.315150 0.893509 -0.124293
23 -0.328186 0.887752 -0.097282
24 -0.338411 0.883335 -0.068369
25 -0.344554 0.880379 -0.037553
26 -0.344421 0.878635 -0.005369
27 -0.338286 0.878861 0.025456
28 -0.325159 0.881623 0.055808
29 -0.309549 0.885723 0.082816
Frame 767
0 -0.291076 0.893644 0.106296
1 -0.269182 0.903848 0.129338
2 -0.243528 0.914995 0.144749
3 -0.214858 0.925118 0.152104
4 -0.185024 0.932688 0.150783
5 -0.156716 0.938048 0.140068
6 -0.130750 0.940512 0.119859
7 -0.115809 0.944039 0.093915
8 -0.108926 0.949168 0.065635
9 -0.106302 0.952177 0.035582
10 -0.105407 0.953623 0.004940
11 -0.105885 0.954537 -0.025662
12 -0.108538 0.955061 -0.055733
13 -0.112305 0.956450 -0.085771
14 -0.118665 0.956488 -0.115684
15 -0.133685 0.955981 -0.145771
16 -0.157013 0.955796 -0.167611
17 -0.186478 0.954208 -0.183320
18 -0.218895 0.947083 -0.190068
19 -0.252126 0.933632 -0.184818
20 -0.278849 0.918447 -0.170362
21 -0.299157 0.905245 -0.149267
22 -0.314118 0.893487 -0.124467
23 -0.327189 0.887726 -0.097479
24 -0.337451 0.883307 -0.068585
25 -0.343645 0.880357 -0.037782
26 -0.343566 0.878620 -0.005595
27 -0.337480 0.878851 0.025237
28 -0.324403 0.881622 0.055608
29 -0.308835 0.885731 0.082640
Frame 768
0 -0.290423 0.893733 0.105993
1 -0.268585 0.903924 0.129077
2 -0.242954 0.915067 0.144537
3 -0.214292 0.925179 0.151950
4 -0.184455 0.932738 0.150698
5 -0.156121 0.938088 0.140052
6 -0.130106 0.940543 0.119904
7 -0.115140 0.944066 0.094020
8 -0.108169 0.949195 0.065783
9 -0.105458 0.952200 0.035722
10 -0.104490 0.953655 0.005084
11 -0.104895 0.954569 -0.025526
12 -0.107483 0.955080 -0.055601
13 -0.111180 0.956486 -0.085658
14 -0.117474 0.956530 -0.115587
15 -0.132425 0.956032 -0.145694
16 -0.155710 0.955856 -0.167593
17 -0.185149 0.954263 -0.183376
18 -0.217558 0.947156 -0.190191
19 -0.250805 0.933717 -0.185008
20 -0.277552 0.918532 -0.170610
21 -0.297908 0.905341 -0.149560
22 -0.312925 0.893589 -0.124793
23 -0.326052 0.887830 -0.097839
24 -0.336374 0.883408 -0.068974
25 -0.342645 0.880462 -0.038185
26 -0.342652 0.878731 -0.005997
27 -0.336637 0.878956 0.024846
28 -0.323636 0.881722 0.055245
29 -0.308129 0.885827 0.082309
Frame 769
0 -0.289785 0.893849 0.105596
1 -0.268005 0.904015 0.128729
2 -0.242399 0.915142 0.144246
3 -0.213744 0.925232 0.151727
4 -0.183902 0.932767 0.150557
5 -0.155538 0.938098 0.139994
6 -0.129462 0.940536 0.119918
7 -0.114462 0.944055 0.094105
8 -0.107390 0.949185 0.065919
9 -0.104578 0.952186 0.035851
10 -0.103525 0.953658 0.005219
11 -0.103846 0.954578 -0.025400
12 -0.106356 0.955078 -0.055477
13 -0.109971 0.956511 -0.085556
14 -0.116191 0.956566 -0.115502
15 -0.131060 0.956088 -0.145635
16 -0.154294 0.955931 -0.167605
17 -0.183702 0.954342 -0.183469
18 -0.216101 0.947269 -0.190364
19 -0.249373 0.933854 -0.185264
20 -0.276151 0.918680 -0.170935
21 -0.296566 0.905505 -0.149940
22 -0.311654 0.893760 -0.125215
23 -0.324848 0.888004 -0.098300
24 -0.335241 0.883579 -0.069467
25 -0.341601 0.880635 -0.038696
26 -0.341711 0.878906 -0.006504
27 -0.335779 0.879118 0.024349
28 -0.322868 0.881870 0.054780
29 -0.307432 0.885960 0.081881
Frame 770
0 -0.289156 0.893950 0.105160
1 -0.267435 0.904089 0.128342
2 -0.241853 0.915196 0.143916
3 -0.213207 0.925261 0.151468
4 -0.183359 0.932773 0.150380
5 -0.154965 0.938084 0.139903
6 -0.128830 0.940508 0.119902
7 -0.113794 0.944025 0.094160
8 -0.106620 0.949158 0.066028
9 -0.103707 0.952163 0.035954
10 -0.102569 0.953652 0.005328
11 -0.102804 0.954585 -0.025298
12 -0.105237 0.955078 -0.055377
13 -0.108769 0.956540 -0.085478
14 -0.114913 0.956613 -0.115441
15 -0.129700 0.956160 -0.145599
16 -0.152881 0.956024 -0.167640
17 -0.182256 0.954436 -0.183588
18 -0.214644 0.947398 -0.190564
19 -0.247940 0.934012 -0.185549
20 -0.274751 0.918846 -0.171294
21 -0.295227 0.905686 -0.150357
22 -0.310387 0.893948 -0.125675
23 -0.323650 0.888192 -0.098800
24 -0.334114 0.883760 -0.070000
25 -0.340565 0.880814 -0.039246
26 -0.340776 0.879083 -0.007052
27 -0.334931 0.879280 0.023813
28 -0.322109 0.882010 0.054275
29 -0.306742 0.886084 0.081416
Frame 771
0 -0.288531 0.893993 0.104738
1 -0.266864 0.904110 0.127965
2 -0.241307 0.915203 0.143591
3 -0.212671 0.925251 0.151204
4 -0.182822 0.932751 0.150189
5 -0.154403 0.938054 0.139788
6 -0.128218 0.940474 0.119853
7 -0.113156 0.943999 0.094177
8 -0.105892 0.949141 0.066094
9 -0.102888 0.952153 0.036015
10 -0.101676 0.953664 0.005396
11 -0.101837 0.954612 -0.025237
12 -0.104200 0.955103 -0.055315
13 -0.107660 0.956594 -0.085437
14 -0.113738 0.956686 -0.115414
15 -0.128454 0.956254 -0.145596
16 -0.151587 0.956135 -0.167700
17 -0.180932 0.954544 -0.183720
18 -0.213306 0.947526 -0.190770
19 -0.246622 0.934155 -0.185833
20 -0.273459 0.918991 -0.171642
21 -0.293986 0.905836 -0.150759
22 -0.309206 0.894097 -0.126116
23 -0.322528 0.888336 -0.099277
24 -0.333056 0.883893 -0.070507
25 -0.339584 0.880939 -0.039767
26 -0.339884 0.879200 -0.007572
27 -0.334113 0.879379 0.023302
28 -0.321369 0.882091 0.053794
29 -0.306063 0.886147 0.080968
Frame 772
0 -0.287906 0.893933 0.104389
1 -0.266286 0.904043 0.127646
2 -0.240751 0.915137 0.143311
3 -0.212126 0.925188 0.150970
4 -0.182282 0.932695 0.150007
5 -0.153853 0.938012 0.139659
6 -0.127633 0.940451 0.119772
7 -0.112561 0.943997 0.094147
8 -0.105234 0.949156 0.066104
9 -0.102164 0.952181 0.036020
10 -0.100902 0.953715 0.005405
11 -0.101010 0.954679 -0.025231
12 -0.103324 0.955175 -0.055308
13 -0.106732 0.956690 -0.085446
14 -0.112764 0.956804 -0.115435
15 -0.127432 0.956381 -0.145632
16 -0.150529 0.956265 -0.167781
17 -0.179849 0.954655 -0.183856
18 -0.212209 0.947635 -0.190960
19 -0.245532 0.934254 -0.186081
20 -0.272382 0.919071 -0.171940
21 -0.292938 0.905905 -0.151096
22 -0.308195 0.894154 -0.126485
23 -0.321558 0.888378 -0.099672
24 -0.332129 0.883916 -0.070920
25 -0.338709 0.880945 -0.040194
26 -0.339069 0.879194 -0.007997
27 -0.333352 0.879357 0.022884
28 -0.320660 0.882055 0.053398
29 -0.305396 0.886101 0.080599
Frame 773
0 -0.287323 0.893771 0.104115
1 -0.265746 0.903886 0.127399
2 -0.240234 0.914995 0.143093
3 -0.211625 0.925062 0.150785
4 -0.181790 0.932597 0.149862
5 -0.153357 0.937946 0.139554
6 -0.127116 0.940422 0.119700
7 -0.112045 0.944005 0.094114
8 -0.104675 0.949186 0.066101
9 -0.101558 0.952233 0.036014
10 -0.100261 0.953790 0.005401
11 -0.100333 0.954773 -0.025236
12 -0.102610 0.955282 -0.055311
13 -0.105984 0.956819 -0.085463
14 -0.111983 0.956954 -0.115460
15 -0.126617 0.956531 -0.145666
16 -0.149686 0.956410 -0.167848
17 -0.178984 0.954771 -0.183964
18 -0.211330 0.947726 -0.191112
19 -0.244650 0.934312 -0.186279
20 -0.271502 0.919098 -0.172175
21 -0.292071 0.905906 -0.151363
22 -0.307347 0.894129 -0.126777
23 -0.320737 0.888326 -0.099982
24 -0.331339 0.883839 -0.071246
25 -0.337954 0.880842 -0.040527
26 -0.338352 0.879070 -0.008332
27 -0.332673 0.879218 0.022555
28 -0.320017 0.881907 0.053087
29 -0.304781 0.885947 0.080307
Frame 774
0 -0.286816 0.893549 0.103883
1 -0.265283 0.903672 0.127195
2 -0.239796 0.914799 0.142920
3 -0.211204 0.924888 0.150647
4 -0.181381 0.932457 0.149763
5 -0.152945 0.937848 0.139494
6 -0.126686 0.940371 0.119672
7 -0.111613 0.943995 0.094121
8 -0.104205 0.949205 0.066136
9 -0.101046 0.952278 0.036046
10 -0.099716 0.953861 0.005437
11 -0.099755 0.954867 -0.025199
12 -0.101996 0.955396 -0.055274
13 -0.105335 0.956955 -0.085438
14 -0.111305 0.957114 -0.115443
15 -0.125904 0.956690 -0.145660
16 -0.148944 0.956560 -0.167872
17 -0.178218 0.954891 -0.184028
18 -0.210548 0.947815 -0.191219
19 -0.243861 0.934360 -0.186433
20 -0.270713 0.919108 -0.172368
21 -0.291293 0.905882 -0.151588
22 -0.306586 0.894074 -0.127028
23 -0.320002 0.888239 -0.100250
24 -0.330634 0.883717 -0.071527
25 -0.337282 0.880687 -0.040818
26 -0.337713 0.878887 -0.008627
27 -0.332071 0.879019 0.022267
28 -0.319448 0.881696 0.052816
29 -0.304240 0.885730 0.080054
Frame 775
0 -0.286362 0.893283 0.103688
1 -0.264874 0.903419 0.127028
2 -0.239414 0.914565 0.142787
3 -0.210840 0.924683 0.150550
4 -0.181030 0.932292 0.149704
5 -0.152593 0.937729 0.139472
6 -0.126316 0.940304 0.119681
7 -0.111240 0.943974 0.094163
8 -0.103799 0.949216 0.066202
9 -0.100600 0.952318 0.036111
10 -0.099240 0.953931 0.005507
11 -0.099247 0.954962 -0.025129
12 -0.101455 0.955513 -0.055203
13 -0.104761 0.957095 -0.085378
14 -0.110702 0.957280 -0.115390
15 -0.125265 0.956852 -0.145617
16 -0.148276 0.956712 -0.167859
17 -0.177527 0.955014 -0.184055
18 -0.209839 0.947902 -0.191288
19 -0.243142 0.934399 -0.186549
20 -0.269991 0.919103 -0.172523
21 -0.290581 0.905840 -0.151775
22 -0.305887 0.893995 -0.127241
23 -0.319327 0.888122 -0.100481
24 -0.329991 0.883562 -0.071771
25 -0.336670 0.880494 -0.041070
26 -0.337132 0.878663 -0.008883
27 -0.331526 0.878777 0.022017
28 -0.318933 0.881443 0.052582
29 -0.303753 0.885472 0.079837
Frame 776
0 -0.285938 0.892994 0.103526
1 -0.264496 0.903145 0.126896
2 -0.239065 0.914314 0.142687
3 -0.210511 0.924461 0.150486
4 -0.180712 0.932113 0.149678
5 -0.152276 0.937602 0.139483
6 -0.125983 0.940232 0.119722
7 -0.110903 0.943950 0.094233
8 -0.103432 0.949226 0.066295
9 -0.100196 0.952359 0.036204
10 -0.098808 0.954000 0.005602
11 -0.098785 0.955057 -0.025031
12 -0.100960 0.955633 -0.055106
13 -0.104235 0.957237 -0.085289
14 -0.110148 0.957447 -0.115308
15 -0.124675 0.957015 -0.145545
16 -0.147657 0.956863 -0.167816
17 -0.176883 0.955134 -0.184049
18 -0.209178 0.947983 -0.191325
19 -0.242469 0.934430 -0.186633
20 -0.269312 0.919088 -0.172645
21 -0.289908 0.905784 -0.151928
22 -0.305226 0.893901 -0.127420
23 -0.318692 0.887988 -0.100677
24 -0.329385 0.883385 -0.071980
25 -0.336095 0.880277 -0.041289
26 -0.336586 0.878413 -0.009103
27 -0.331013 0.878509 0.021802
28 -0.318449 0.881163 0.052381
29 -0.303298 0.885188 0.079651
Frame 777
0 -0.285524 0.892701 0.103394
1 -0.264126 0.902866 0.126793
2 -0.238724 0.914060 0.142618
3 -0.210191 0.924238 0.150451
4 -0.180407 0.931934 0.149680
5 -0.151970 0.937475 0.139519
6 -0.125661 0.940163 0.119787
7 -0.110577 0.943929 0.094326
8 -0.103079 0.949238 0.066407
9 -0.099808 0.952402 0.036317
10 -0.098393 0.954071 0.005719
11 -0.098342 0.955153 -0.024911
12 -0.100484 0.955753 -0.054988
13 -0.103730 0.957378 -0.085178
14 -0.109617 0.957612 -0.115204
15 -0.124107 0.957173 -0.145450
16 -0.147059 0.957007 -0.167748
17 -0.176261 0.955249 -0.184019
18 -0.208537 0.948059 -0.191335
19 -0.241815 0.934454 -0.186688
20 -0.268652 0.919066 -0.172737
21 -0.289254 0.905721 -0.152052
22 -0.304584 0.893799 -0.127568
23 -0.318074 0.887845 -0.100842
24 -0.328795 0.883200 -0.072158
25 -0.335535 0.880050 -0.041475
26 -0.336053 0.878154 -0.009295
27 -0.330512 0.878232 0.021617
28 -0.317977 0.880877 0.052210
29 -0.302853 0.884899 0.079494
Frame 778
0 -0.285097 0.892420 0.103287
1 -0.263743 0.902604 0.126714
2 -0.238370 0.913822 0.142571
3 -0.209857 0.924029 0.150438
4 -0.180086 0.931770 0.149702
5 -0.151650 0.937361 0.139576
6 -0.125325 0.940105 0.119870
7 -0.110239 0.943918 0.094434
8 -0.102715 0.949260 0.066535
9 -0.099411 0.952453 0.036444
10 -0.097969 0.954146 0.005850
11 -0.097890 0.955251 -0.024777
12 -0.100000 0.955872 -0.054856
13 -0.103218 0.957516 -0.085052
14 -0.109079 0.957772 -0.115084
15 -0.123534 0.957324 -0.145340
16 -0.146456 0.957143 -0.167662
17 -0.175633 0.955356 -0.183968
18 -0.207891 0.948128 -0.191325
19 -0.241156 0.934472 -0.186721
20 -0.267987 0.919040 -0.172806
21 -0.288594 0.905654 -0.152150
22 -0.303934 0.893696 -0.127690
23 -0.317447 0.887702 -0.100980
24 -0.328198 0.883015 -0.072307
25 -0.334966 0.879827 -0.041633
26 -0.335510 0.877901 -0.009457
27 -0.330001 0.877964 0.021461
28 -0.317492 0.880602 0.052065
29 -0.302395 0.884623 0.079362
Frame 779
0 -0.284635 0.892172 0.103201
1 -0.263324 0.902375 0.126655
2 -0.237978 0.913617 0.142543
3 -0.209486 0.923854 0.150442
4 -0.179727 0.931634 0.149740
5 -0.151292 0.937273 0.139645
6 -0.124952 0.940067 0.119965
7 -0.109863 0.943923 0.094553
8 -0.102314 0.949294 0.066671
9 -0.098977 0.952512 0.036580
10 -0.097510 0.954226 0.005990
11 -0.097404 0.955350 -0.024635
12 -0.099484 0.955989 -0.054716
13 -0.102675 0.957647 -0.084918
14 -0.108510 0.957920 -0.114956
15 -0.122929 0.957463 -0.145219
16 -0.145822 0.957266 -0.167566
17 -0.174974 0.955452 -0.183905
18 -0.207215 0.948187 -0.191298
19 -0.240467 0.934484 -0.186736
20 -0.267291 0.919012 -0.172854
21 -0.287904 0.905590 -0.152227
22 -0.303254 0.893598 -0.127789
23 -0.316792 0.887570 -0.101094
24 -0.327571 0.882845 -0.072433
25 -0.334368 0.879623 -0.041768
26 -0.334938 0.877670 -0.009594
27 -0.329457 0.877722 0.021328
28 -0.316975 0.880355 0.051943
29 -0.301903 0.884378 0.079252
Frame 780
0 -0.284117 0.891976 0.103133
1 -0.262846 0.902199 0.126611
2 -0.237527 0.913462 0.142527
3 -0.209054 0.923724 0.150456
4 -0.179307 0.931541 0.149786
5 -0.150872 0.937222 0.139722
6 -0.124517 0.940060 0.120064
7 -0.109426 0.943951 0.094676
8 -0.101851 0.949348 0.066810
9 -0.098481 0.952585 0.036717
10 -0.096989 0.954314 0.006131
11 -0.096856 0.955452 -0.024492
12 -0.098907 0.956101 -0.054575
13 -0.102071 0.957770 -0.084782
14 -0.107881 0.958056 -0.114826
15 -0.122265 0.957586 -0.145095
16 -0.145130 0.957373 -0.167464
17 -0.174259 0.955534 -0.183835
18 -0.206482 0.948238 -0.191263
19 -0.239723 0.934493 -0.186739
20 -0.266541 0.918987 -0.172887
21 -0.287160 0.905535 -0.152284
22 -0.302522 0.893517 -0.127869
23 -0.316084 0.887457 -0.101187
24 -0.326891 0.882701 -0.072538
25 -0.333716 0.879450 -0.041880
26 -0.334312 0.877479 -0.009712
27 -0.328860 0.877523 0.021218
28 -0.316404 0.880156 0.051842
29 -0.301357 0.884184 0.079161
Frame 781
0 -0.283519 0.891849 0.103078
1 -0.262288 0.902093 0.126577
2 -0.236993 0.913376 0.142519
3 -0.208537 0.923658 0.150476
4 -0.178800 0.931504 0.149835
5 -0.150364 0.937218 0.139798
6 -0.123995 0.940092 0.120164
7 -0.108904 0.944010 0.094798
8 -0.101300 0.949425 0.066947
9 -0.097897 0.952674 0.036850
10 -0.096380 0.954413 0.006268
11 -0.096220 0.955556 -0.024353
12 -0.098242 0.956207 -0.054440
13 -0.101382 0.957882 -0.084650
14 -0.107166 0.958174 -0.114701
15 -0.121515 0.957689 -0.144973
16 -0.144353 0.957460 -0.167363
17 -0.173460 0.955598 -0.183764
18 -0.205666 0.948278 -0.191223
19 -0.238899 0.934498 -0.186734
20 -0.265711 0.918966 -0.172909
21 -0.286339 0.905493 -0.152329
22 -0.301715 0.893455 -0.127932
23 -0.315300 0.887373 -0.101264
24 -0.326135 0.882594 -0.072625
25 -0.332989 0.879325 -0.041976
26 -0.333612 0.877342 -0.009810
27 -0.328187 0.877385 0.021124
28 -0.315755 0.880021 0.051758
29 -0.300733 0.884058 0.079086
Frame 782
0 -0.282823 0.891776 0.103051
1 -0.261626 0.902040 0.126568
2 -0.236352 0.913340 0.142530
3 -0.207909 0.923639 0.150510
4 -0.178181 0.931508 0.149892
5 -0.149747 0.937247 0.139880
6 -0.123361 0.940148 0.120261
7 -0.108275 0.944087 0.094916
8 -0.100644 0.949514 0.067080
9 -0.097209 0.952768 0.036977
10 -0.095670 0.954510 0.006399
11 -0.095485 0.955654 -0.024223
12 -0.097482 0.956299 -0.054312
13 -0.100600 0.957974 -0.084525
14 -0.106361 0.958271 -0.114581
15 -0.120679 0.957766 -0.144855
16 -0.143492 0.957522 -0.167263
17 -0.172579 0.955639 -0.183690
18 -0.204771 0.948300 -0.191175
19 -0.237998 0.934495 -0.186716
20 -0.264805 0.918944 -0.172911
21 -0.285442 0.905456 -0.152351
22 -0.300830 0.893406 -0.127968
23 -0.314438 0.887310 -0.101311
24 -0.325298 0.882516 -0.072681
25 -0.332178 0.879236 -0.042039
26 -0.332826 0.877249 -0.009875
27 -0.327425 0.877296 0.021063
28 -0.315014 0.879940 0.051706
29 -0.300013 0.883987 0.079042
Frame 783
0 -0.282037 0.891732 0.103063
1 -0.260870 0.902013 0.126593
2 -0.235611 0.913327 0.142572
3 -0.207179 0.923638 0.150568
4 -0.177460 0.931526 0.149967
5 -0.149026 0.937287 0.139972
6 -0.122627 0.940209 0.120362
7 -0.107553 0.944165 0.095034
8 -0.099897 0.949600 0.067211
9 -0.096435 0.952855 0.037099
10 -0.094878 0.954598 0.006526
11 -0.094672 0.955739 -0.024097
12 -0.096649 0.956374 -0.054188
13 -0.099750 0.958048 -0.084404
14 -0.105492 0.958346 -0.114465
15 -0.119788 0.957821 -0.144739
16 -0.142580 0.957561 -0.167159
17 -0.171647 0.955662 -0.183605
18 -0.203828 0.948307 -0.191112
19 -0.237049 0.934481 -0.186675
20 -0.263853 0.918914 -0.172886
21 -0.284495 0.905416 -0.152340
22 -0.299896 0.893360 -0.127968
23 -0.313520 0.887254 -0.101321
24 -0.324402 0.882451 -0.072695
25 -0.331302 0.879165 -0.042058
26 -0.331971 0.877178 -0.009895
27 -0.326588 0.877231 0.021048
28 -0.314193 0.879884 0.051697
29 -0.299208 0.883942 0.079039
Frame 784
0 -0.281187 0.891716 0.103106
1 -0.260046 0.902013 0.126646
2 -0.234799 0.913339 0.142636
3 -0.206376 0.923660 0.150644
4 -0.176663 0.931563 0.150055
5 -0.148231 0.937342 0.140070
6 -0.121820 0.940278 0.120464
7 -0.106763 0.944248 0.095151
8 -0.099084 0.949689 0.067338
9 -0.095597 0.952941 0.037216
10 -0.094026 0.954683 0.006647
11 -0.093804 0.955816 -0.023976
12 -0.095766 0.956439 -0.054069
13 -0.098853 0.958109 -0.084286
14 -0.104581 0.958407 -0.114352
15 -0.118857 0.957861 -0.144623
16 -0.141632 0.957585 -0.167053
17 -0.170683 0.955670 -0.183515
18 -0.202853 0.948303 -0.191036
19 -0.236069 0.934459 -0.186617
20 -0.262870 0.918882 -0.172839
21 -0.283518 0.905380 -0.152305
22 -0.298926 0.893321 -0.127940
23 -0.312565 0.887208 -0.101299
24 -0.323464 0.882401 -0.072676
25 -0.330382 0.879114 -0.042042
26 -0.331067 0.877131 -0.009881
27 -0.325698 0.877193 0.021065
28 -0.313315 0.879855 0.051721
29 -0.298343 0.883925 0.079070
Frame 785
0 -0.280301 0.891729 0.103168
1 -0.259182 0.902042 0.126715
2 -0.233944 0.913378 0.142715
3 -0.205526 0.923706 0.150731
4 -0.175819 0.931622 0.150149
5 -0.147390 0.937413 0.140172
6 -0.120968 0.940361 0.120567
7 -0.105929 0.944341 0.095266
8 -0.098229 0.949783 0.067463
9 -0.094720 0.953029 0.037329
10 -0.093138 0.954767 0.006765
11 -0.092903 0.955893 -0.023860
12 -0.094852 0.956500 -0.053954
13 -0.097928 0.958164 -0.084172
14 -0.103644 0.958460 -0.114243
15 -0.117905 0.957892 -0.144510
16 -0.140666 0.957601 -0.166949
17 -0.169704 0.955669 -0.183421
18 -0.201862 0.948292 -0.190953
19 -0.235075 0.934437 -0.186548
20 -0.261873 0.918853 -0.172778
21 -0.282526 0.905349 -0.152250
22 -0.297941 0.893291 -0.127892
23 -0.311592 0.887175 -0.101254
24 -0.322505 0.882368 -0.072634
25 -0.329438 0.879083 -0.042003
26 -0.330136 0.877107 -0.009842
27 -0.324778 0.877179 0.021109
28 -0.312406 0.879854 0.051769
29 -0.297443 0.883935 0.079124
Frame 786
0 -0.279403 0.891772 0.103244
1 -0.258303 0.902099 0.126795
2 -0.233073 0.913445 0.142800
3 -0.204660 0.923780 0.150823
4 -0.174958 0.931704 0.150246
5 -0.146529 0.937506 0.140276
6 -0.120097 0.940461 0.120668
7 -0.105077 0.944447 0.095379
8 -0.097357 0.949887 0.067584
9 -0.093828 0.953123 0.037438
10 -0.092237 0.954857 0.006879
11 -0.091990 0.955972 -0.023750
12 -0.093929 0.956562 -0.053843
13 -0.096995 0.958220 -0.084063
14 -0.102701 0.958511 -0.114139
15 -0.116951 0.957922 -0.144400
16 -0.139699 0.957615 -0.166846
17 -0.168725 0.955667 -0.183327
18 -0.200873 0.948282 -0.190867
19 -0.234083 0.934419 -0.186472
20 -0.260881 0.918831 -0.172706
21 -0.281536 0.905329 -0.152184
22 -0.296959 0.893273 -0.127830
23 -0.310619 0.887159 -0.101195
24 -0.321544 0.882353 -0.072575
25 -0.328489 0.879075 -0.041947
26 -0.329201 0.877108 -0.009786
27 -0.323851 0.877192 0.021168
28 -0.311487 0.879880 0.051832
29 -0.296534 0.883973 0.079192
Frame 787
0 -0.278520 0.891845 0.103320
1 -0.257437 0.902186 0.126875
2 -0.232213 0.913543 0.142886
3 -0.203804 0.923883 0.150913
4 -0.174105 0.931815 0.150341
5 -0.145676 0.937623 0.140375
6 -0.119234 0.940579 0.120767
7 -0.104232 0.944569 0.095489
8 -0.096492 0.950004 0.067700
9 -0.092944 0.953229 0.037543
10 -0.091346 0.954956 0.006988
11 -0.091088 0.956061 -0.023645
12 -0.093018 0.956631 -0.053738
13 -0.096075 0.958283 -0.083960
14 -0.101772 0.958569 -0.114038
15 -0.116012 0.957958 -0.144294
16 -0.138749 0.957635 -0.166748
17 -0.167763 0.955670 -0.183234
18 -0.199902 0.948279 -0.190781
19 -0.233112 0.934410 -0.186394
20 -0.259908 0.918823 -0.172631
21 -0.280567 0.905324 -0.152113
22 -0.295994 0.893273 -0.127761
23 -0.309664 0.887162 -0.101129
24 -0.320600 0.882361 -0.072510
25 -0.327556 0.879089 -0.041884
26 -0.328280 0.877134 -0.009723
27 -0.322938 0.877231 0.021233
28 -0.310584 0.879934 0.051901
29 -0.295640 0.884040 0.079263
Frame 788
0 -0.277678 0.891951 0.103390
1 -0.256610 0.902305 0.126948
2 -0.231392 0.913671 0.142963
3 -0.202986 0.924018 0.150995
4 -0.173290 0.931956 0.150428
5 -0.144860 0.937766 0.140469
6 -0.118406 0.940721 0.120861
7 -0.103419 0.944712 0.095594
8 -0.095660 0.950139 0.067812
9 -0.092093 0.953351 0.037643
10 -0.090486 0.955071 0.007092
11 -0.090219 0.956165 -0.023544
12 -0.092139 0.956716 -0.053636
13 -0.095186 0.958360 -0.083862
14 -0.100875 0.958637 -0.113942
15 -0.115105 0.958007 -0.144193
16 -0.137833 0.957670 -0.166655
17 -0.166836 0.955685 -0.183146
18 -0.198966 0.948287 -0.190698
19 -0.232174 0.934416 -0.186319
20 -0.258972 0.918832 -0.172559
21 -0.279634 0.905337 -0.152043
22 -0.295067 0.893293 -0.127693
23 -0.308746 0.887187 -0.101064
24 -0.319692 0.882391 -0.072446
25 -0.326659 0.879128 -0.041823
26 -0.327396 0.877186 -0.009662
27 -0.322063 0.877297 0.021296
28 -0.309721 0.880014 0.051965
29 -0.294787 0.884135 0.079331
Frame 789
0 -0.276904 0.892117 0.103444
1 -0.255851 0.902484 0.127006
2 -0.230639 0.913859 0.143026
3 -0.202237 0.924207 0.151065
4 -0.172540 0.932145 0.150507
5 -0.144105 0.937952 0.140557
6 -0.117638 0.940896 0.120955
7 -0.102656 0.944878 0.095699
8 -0.094875 0.950292 0.067922
9 -0.091286 0.953486 0.037745
10 -0.089667 0.955194 0.007196
11 -0.089386 0.956273 -0.023444
12 -0.091294 0.956800 -0.053535
13 -0.094326 0.958436 -0.083767
14 -0.100004 0.958700 -0.113849
15 -0.114220 0.958051 -0.144095
16 -0.136936 0.957702 -0.166569
17 -0.165929 0.955697 -0.183068
18 -0.198051 0.948299 -0.190626
19 -0.231261 0.934435 -0.186255
20 -0.258064 0.918860 -0.172499
21 -0.278734 0.905376 -0.151987
22 -0.294178 0.893345 -0.127639
23 -0.307868 0.887249 -0.101014
24 -0.318827 0.882464 -0.072400
25 -0.325810 0.879215 -0.041782
26 -0.326565 0.877291 -0.009621
27 -0.321247 0.877419 0.021339
28 -0.308920 0.880152 0.052012
29 -0.294001 0.884289 0.079381
Frame 790
0 -0.276190 0.892362 0.103479
1 -0.255152 0.902739 0.127047
2 -0.229945 0.914117 0.143075
3 -0.201545 0.924463 0.151123
4 -0.171845 0.932390 0.150578
5 -0.143401 0.938181 0.140642
6 -0.116915 0.941103 0.121049
7 -0.101930 0.945065 0.095805
8 -0.094122 0.950456 0.068034
9 -0.090505 0.953625 0.037848
10 -0.088868 0.955315 0.007301
11 -0.088566 0.956372 -0.023343
12 -0.090457 0.956872 -0.053433
13 -0.093468 0.958494 -0.083672
14 -0.099131 0.958741 -0.113757
15 -0.113327 0.958072 -0.144000
16 -0.136028 0.957714 -0.166490
17 -0.165011 0.955695 -0.182999
18 -0.197126 0.948306 -0.190568
19 -0.230344 0.934459 -0.186209
20 -0.257160 0.918907 -0.172458
21 -0.277845 0.905444 -0.151949
22 -0.293307 0.893434 -0.127602
23 -0.307014 0.887358 -0.100985
24 -0.317993 0.882591 -0.072378
25 -0.324997 0.879365 -0.041764
26 -0.325778 0.877466 -0.009603
27 -0.320477 0.877615 0.021359
28 -0.308173 0.880367 0.052036
29 -0.293272 0.884520 0.079413
Frame 791
0 -0.275508 0.892668 0.103498
1 -0.254483 0.903054 0.127074
2 -0.229281 0.914432 0.143110
3 -0.200880 0.924767 0.151170
4 -0.171175 0.932677 0.150639
5 -0.142718 0.938444 0.140718
6 -0.116210 0.941332 0.121138
7 -0.101218 0.945267 0.095906
8 -0.093378 0.950630 0.068140
9 -0.089729 0.953767 0.037946
10 -0.088070 0.955434 0.007402
11 -0.087747 0.956467 -0.023248
12 -0.089617 0.956934 -0.053335
13 -0.092602 0.958539 -0.083585
14 -0.098245 0.958766 -0.113671
15 -0.112420 0.958076 -0.143913
16 -0.135104 0.957713 -0.166420
17 -0.164076 0.955685 -0.182943
18 -0.196186 0.948310 -0.190524
19 -0.229415 0.934492 -0.186178
20 -0.256252 0.918971 -0.172431
21 -0.276957 0.905536 -0.151925
22 -0.292441 0.893555 -0.127582
23 -0.306168 0.887503 -0.100972
24 -0.317171 0.882763 -0.072374
25 -0.324200 0.879565 -0.041766
26 -0.325011 0.877696 -0.009605
27 -0.319733 0.877869 0.021360
28 -0.307453 0.880642 0.052044
29 -0.292572 0.884812 0.079429
Frame 792
0 -0.274825 0.893016 0.103507
1 -0.253813 0.903407 0.127089
2 -0.228614 0.914783 0.143133
3 -0.200212 0.925105 0.151204
4 -0.170500 0.932992 0.150689
5 -0.142029 0.938728 0.140784
6 -0.115498 0.941576 0.121217
7 -0.100493 0.945478 0.095996
8 -0.092621 0.950808 0.068235
9 -0.088939 0.953911 0.038033
10 -0.087258 0.955552 0.007491
11 -0.086911 0.956557 -0.023164
12 -0.088760 0.956989 -0.053249
13 -0.091717 0.958578 -0.083508
14 -0.097340 0.958781 -0.113597
15 -0.111493 0.958072 -0.143837
16 -0.134160 0.957706 -0.166363
17 -0.163120 0.955671 -0.182900
18 -0.195226 0.948318 -0.190495
19 -0.228470 0.934534 -0.186159
20 -0.255331 0.919050 -0.172416
21 -0.276059 0.905650 -0.151914
22 -0.291568 0.893703 -0.127571
23 -0.305318 0.887682 -0.100971
24 -0.316345 0.882972 -0.072381
25 -0.323401 0.879806 -0.041780
26 -0.324242 0.877969 -0.009619
27 -0.318989 0.878168 0.021350
28 -0.306733 0.880961 0.052039
29 -0.291873 0.885147 0.079433
Frame 793
0 -0.274114 0.893389 0.103506
1 -0.253112 0.903784 0.127094
2 -0.227915 0.915153 0.143146
3 -0.199509 0.925459 0.151228
4 -0.169789 0.933319 0.150725
5 -0.141304 0.939020 0.140836
6 -0.114750 0.941825 0.121281
7 -0.099733 0.945692 0.096071
8 -0.091830 0.950987 0.068312
9 -0.088116 0.954055 0.038103
10 -0.086413 0.955669 0.007564
11 -0.086043 0.956646 -0.023097
12 -0.087872 0.957043 -0.053180
13 -0.090802 0.958615 -0.083449
14 -0.096407 0.958794 -0.113539
15 -0.110539 0.958067 -0.143778
16 -0.133190 0.957701 -0.166322
17 -0.162139 0.955662 -0.182872
18 -0.194240 0.948333 -0.190478
19 -0.227503 0.934589 -0.186153
20 -0.254390 0.919147 -0.172412
21 -0.275141 0.905784 -0.151912
22 -0.290675 0.893872 -0.127571
23 -0.304448 0.887883 -0.100977
24 -0.315499 0.883206 -0.072395
25 -0.322582 0.880073 -0.041801
26 -0.323453 0.878271 -0.009639
27 -0.318220 0.878495 0.021333
28 -0.305989 0.881307 0.052027
29 -0.291147 0.885508 0.079430
Frame 794
0 -0.273345 0.893769 0.103500
1 -0.252350 0.904164 0.127092
2 -0.227151 0.915526 0.143150
3 -0.198742 0.925812 0.151240
4 -0.169012 0.933644 0.150748
5 -0.140513 0.939310 0.140870
6 -0.113940 0.942070 0.121325
7 -0.098911 0.945901 0.096123
8 -0.090982 0.951163 0.068368
9 -0.087239 0.954197 0.038151
10 -0.085517 0.955786 0.007614
11 -0.085128 0.956735 -0.023052
12 -0.086940 0.957098 -0.053131
13 -0.089846 0.958653 -0.083411
14 -0.095434 0.958811 -0.113505
15 -0.109550 0.958067 -0.143741
16 -0.132188 0.957703 -0.166299
17 -0.161125 0.955663 -0.182861
18 -0.193227 0.948359 -0.190474
19 -0.226506 0.934657 -0.186156
20 -0.253419 0.919258 -0.172415
21 -0.274193 0.905933 -0.151916
22 -0.289751 0.894057 -0.127574
23 -0.303544 0.888102 -0.100987
24 -0.314616 0.883457 -0.072411
25 -0.321722 0.880356 -0.041822
26 -0.322619 0.878586 -0.009659
27 -0.317404 0.878835 0.021316
28 -0.305194 0.881664 0.052014
29 -0.290367 0.885878 0.079423
Frame 795
0 -0.272489 0.894135 0.103492
1 -0.251496 0.904531 0.127086
2 -0.226293 0.915883 0.143146
3 -0.197878 0.926150 0.151240
4 -0.168140 0.933953 0.150755
5 -0.139629 0.939583 0.140885
6 -0.113040 0.942301 0.121344
7 -0.098004 0.946100 0.096148
8 -0.090053 0.951333 0.068393
9 -0.086288 0.954335 0.038168
10 -0.084554 0.955902 0.007635
11 -0.084151 0.956827 -0.023037
12 -0.085949 0.957160 -0.053112
13 -0.088838 0.958700 -0.083400
14 -0.094415 0.958839 -0.113498
15 -0.108522 0.958082 -0.143729
16 -0.131151 0.957719 -0.166298
17 -0.160076 0.955679 -0.182866
18 -0.192177 0.948404 -0.190484
19 -0.225474 0.934741 -0.186168
20 -0.252412 0.919386 -0.172423
21 -0.273206 0.906096 -0.151922
22 -0.288784 0.894254 -0.127578
23 -0.302592 0.888330 -0.100994
24 -0.313680 0.883714 -0.072422
25 -0.320803 0.880644 -0.041835
26 -0.321719 0.878903 -0.009671
27 -0.316518 0.879171 0.021303
28 -0.304320 0.882015 0.052004
29 -0.289504 0.886239 0.079416
Frame 796
0 -0.271515 0.894473 0.103487
1 -0.250520 0.904866 0.127079
2 -0.225311 0.916206 0.143136
3 -0.196888 0.926453 0.151229
4 -0.167142 0.934232 0.150744
5 -0.138624 0.939830 0.140875
6 -0.112025 0.942510 0.121333
7 -0.096988 0.946284 0.096140
8 -0.089024 0.951492 0.068384
9 -0.085243 0.954468 0.038151
10 -0.083506 0.956018 0.007621
11 -0.083095 0.956924 -0.023056
12 -0.084888 0.957232 -0.053125
13 -0.087767 0.958760 -0.083423
14 -0.093339 0.958887 -0.113523
15 -0.107445 0.958117 -0.143748
16 -0.130071 0.957757 -0.166322
17 -0.158985 0.955719 -0.182890
18 -0.191088 0.948467 -0.190507
19 -0.224402 0.934844 -0.186188
20 -0.251361 0.919527 -0.172434
21 -0.272168 0.906271 -0.151929
22 -0.287760 0.894459 -0.127581
23 -0.301577 0.888561 -0.100996
24 -0.312674 0.883971 -0.072423
25 -0.319806 0.880924 -0.041837
26 -0.320733 0.879206 -0.009671
27 -0.315536 0.879490 0.021302
28 -0.303344 0.882344 0.052001
29 -0.288531 0.886576 0.079413
Frame 797
0 -0.270412 0.894773 0.103495
1 -0.249407 0.905158 0.127080
2 -0.224185 0.916481 0.143131
3 -0.195751 0.926705 0.151218
4 -0.165998 0.934456 0.150725
5 -0.137476 0.940025 0.140848
6 -0.110873 0.942672 0.121298
7 -0.095845 0.946427 0.096102
8 -0.087877 0.951617 0.068345
9 -0.084090 0.954576 0.038100
10 -0.082358 0.956115 0.007576
11 -0.081950 0.957008 -0.023107
12 -0.083745 0.957300 -0.053170
13 -0.086627 0.958822 -0.083474
14 -0.092202 0.958941 -0.113578
15 -0.106318 0.958167 -0.143792
16 -0.128948 0.957817 -0.166365
17 -0.157852 0.955783 -0.182925
18 -0.189960 0.948557 -0.190533
19 -0.223291 0.934973 -0.186203
20 -0.250266 0.919694 -0.172436
21 -0.271082 0.906466 -0.151923
22 -0.286682 0.894681 -0.127569
23 -0.300500 0.888806 -0.100980
24 -0.311600 0.884234 -0.072403
25 -0.318730 0.881205 -0.041814
26 -0.319655 0.879501 -0.009646
27 -0.314453 0.879795 0.021325
28 -0.302255 0.882652 0.052019
29 -0.287436 0.886883 0.079426
Frame 798
0 -0.269243 0.895036 0.103522
1 -0.248220 0.905406 0.127098
2 -0.222981 0.916706 0.143139
3 -0.194533 0.926902 0.151213
4 -0.164771 0.934622 0.150707
5 -0.136248 0.940162 0.140816
6 -0.109646 0.942777 0.121249
7 -0.094633 0.946517 0.096049
8 -0.086669 0.951696 0.068289
9 -0.082884 0.954643 0.038032
10 -0.081165 0.956179 0.007512
11 -0.080766 0.957065 -0.023174
12 -0.082571 0.957346 -0.053231
13 -0.085465 0.958871 -0.083542
14 -0.091051 0.958990 -0.113646
15 -0.105182 0.958220 -0.143850
16 -0.127823 0.957885 -0.166416
17 -0.156722 0.955865 -0.182962
18 -0.188838 0.948670 -0.190554
19 -0.222186 0.935128 -0.186207
20 -0.249178 0.919884 -0.172424
21 -0.269999 0.906686 -0.151900
22 -0.285602 0.894923 -0.127539
23 -0.299415 0.889067 -0.100942
24 -0.310511 0.884511 -0.072357
25 -0.317630 0.881491 -0.041762
26 -0.318546 0.879795 -0.009592
27 -0.313330 0.880089 0.021373
28 -0.301115 0.882939 0.052061
29 -0.286281 0.887163 0.079460
Frame 799
0 -0.268093 0.895260 0.103560
1 -0.247050 0.905609 0.127126
2 -0.221790 0.916882 0.143154
3 -0.193325 0.927049 0.151215
4 -0.163556 0.934739 0.150691
5 -0.135033 0.940248 0.140782
6 -0.108437 0.942835 0.121194
7 -0.093442 0.946565 0.095987
8 -0.085485 0.951737 0.068221
9 -0.081708 0.954678 0.037954
10 -0.080008 0.956215 0.007439
11 -0.079623 0.957100 -0.023249
12 -0.081441 0.957378 -0.053301
13 -0.084353 0.958909 -0.083616
14 -0.089953 0.959033 -0.113721
15 -0.104105 0.958271 -0.143913
16 -0.126760 0.957956 -0.166470
17 -0.155658 0.955952 -0.182998
18 -0.187782 0.948791 -0.190571
19 -0.221147 0.935290 -0.186204
20 -0.248154 0.920082 -0.172402
21 -0.268977 0.906910 -0.151867
22 -0.284580 0.895164 -0.127498
23 -0.298385 0.889323 -0.100892
24 -0.309474 0.884781 -0.072296
25 -0.316576 0.881764 -0.041696
26 -0.317475 0.880070 -0.009522
27 -0.312241 0.880359 0.021437
28 -0.300005 0.883198 0.052117
29 -0.285150 0.887408 0.079507
Frame 800
0 -0.268093 0.895260 0.103560
1 -0.247050 0.905609 0.127126
2 -0.221790 0.916882 0.143154
3 -0.193325 0.927049 0.151215
4 -0.163556 0.934739 0.150691
5 -0.135033 0.940248 0.140782
6 -0.108437 0.942835 0.121194
7 -0.093442 0.946565 0.095987
8 -0.085485 0.951737 0.068221
9 -0.081708 0.954678 0.037954
10 -0.080008 0.956215 0.007439
11 -0.079623 0.957100 -0.023249
12 -0.081441 0.957378 -0.053301
13 -0.084353 0.958909 -0.083616
14 -0.089953 0.959033 -0.113721
15 -0.104105 0.958271 -0.143913
16 -0.126760 0.957956 -0.166470
17 -0.155658 0.955952 -0.182998
18 -0.187782 0.948791 -0.190571
19 -0.221147 0.935290 -0.186204
20 -0.248154 0.920082 -0.172402
21 -0.268977 0.906910 -0.151867
22 -0.284580 0.895164 -0.127498
23 -0.298385 0.889323 -0.100892
24 -0.309474 0.884781 -0.072296
25 -0.316576 0.881764 -0.041696
26 -0.317475 0.880070 -0.009522
27 -0.312241 0.880359 0.021437
28 -0.300005 0.883198 0.052117
29 -0.285150 0.887408 0.079507
Frame 801
0 -0.268093 0.895260 0.103560
1 -0.247050 0.905609 0.127126
2 -0.221790 0.916882 0.143154
3 -0.193325 0.927049 0.151215
4 -0.163556 0.934739 0.150691
5 -0.135033 0.940248 0.140782
6 -0.108437 0.942835 0.121194
7 -0.093442 0.946565 0.095987
8 -0.085485 0.951737 0.068221
9 -0.081708 0.954678 0.037954
10 -0.080008 0.956215 0.007439
11 -0.079623 0.957100 -0.023249
12 -0.081441 0.957378 -0.053301
13 -0.084353 0.958909 -0.083616
14 -0.089953 0.959033 -0.113721
15 -0.104105 0.958271 -0.143913
16 -0.126760 0.957956 -0.166470
17 -0.155658 0.955952 -0.182998
18 -0.187782 0.948791 -0.190571
19 -0.221147 0.935290 -0.186204
20 -0.248154 0.920082 -0.172402
21 -0.268977 0.906910 -0.151867
22 -0.284580 0.895164 -0.127498
23 -0.298385 0.889323 -0.100892
24 -0.309474 0.884781 -0.072296
25 -0.316576 0.881764 -0.041696
26 -0.317475 0.880070 -0.009522
27 -0.312241 0.880359 0.021437
28 -0.300005 0.883198 0.052117
29 -0.285150 0.887408 0.079507
Frame 802
0 -0.268093 0.895260 0.103560
1 -0.247050 0.905609 0.127126
2 -0.221790 0.916882 0.143154
3 -0.193325 0.927049 0.151215
4 -0.163556 0.934739 0.150691
5 -0.135033 0.940248 0.140782
6 -0.108437 0.942835 0.121194
7 -0.093442 0.946565 0.095987
8 -0.085485 0.951737 0.068221
9 -0.081708 0.954678 0.037954
10 -0.080008 0.956215 0.007439
11 -0.079623 0.957100 -0.023249
12 -0.081441 0.957378 -0.053301
13 -0.084353 0.958909 -0.083616
14 -0.089953 0.959033 -0.113721
15 -0.104105 0.958271 -0.143913
16 -0.126760 0.957956 -0.166470
17 -0.155658 0.955952 -0.182998
18 -0.187782 0.948791 -0.190571
19 -0.221147 0.935290 -0.186204
20 -0.248154 0.920082 -0.172402
21 -0.268977 0.906910 -0.151867
22 -0.284580 0.895164 -0.127498
23 -0.298385 0.889323 -0.100892
24 -0.309474 0.884781 -0.072296
25 -0.316576 0.881764 -0.041696
26 -0.317475 0.880070 -0.009522
27 -0.312241 0.880359 0.021437
28 -0.300005 0.883198 0.052117
29 -0.285150 0.887408 0.079507
Frame 803
0 -0.268093 0.895260 0.103560
1 -0.247050 0.905609 0.127126
2 -0.221790 0.916882 0.143154
3 -0.193325 0.927049 0.151215
4 -0.163556 0.934739 0.150691
5 -0.135033 0.940248 0.140782
6 -0.108437 0.942835 0.121194
7 -0.093442 0.946565 0.095987
8 -0.085485 0.951737 0.068221
9 -0.081708 0.954678 0.037954
10 -0.080008 0.956215 0.007439
11 -0.079623 0.957100 -0.023249
12 -0.081441 0.957378 -0.053301
13 -0.084353 0.958909 -0.083616
14 -0.089953 0.959033 -0.113721
15 -0.104105 0.958271 -0.143913
16 -0.126760 0.957956 -0.166470
17 -0.155658 0.955952 -0.182998
18 -0.187782 0.948791 -0.190571
19 -0.221147 0.935290 -0.186204
20 -0.248154 0.920082 -0.172402
21 -0.268977 0.906910 -0.151867
22 -0.284580 0.895164 -0.127498
23 -0.298385 0.889323 -0.100892
24 -0.309474 0.884781 -0.072296
25 -0.316576 0.881764 -0.041696
26 -0.317475 0.880070 -0.009522
27 -0.312241 0.880359 0.021437
28 -0.300005 0.883198 0.052117
29 -0.285150 0.887408 0.079507
Frame 804
0 -0.268093 0.895260 0.103560
1 -0.247050 0.905609 0.127126
2 -0.221790 0.916882 0.143154
3 -0.193325 0.927049 0.151215
4 -0.163556 0.934739 0.150691
5 -0.135033 0.940248 0.140782
6 -0.108437 0.942835 0.121194
7 -0.093442 0.946565 0.095987
8 -0.085485 0.951737 0.068221
9 -0.081708 0.954678 0.037954
10 -0.080008 0.956215 0.007439
11 -0.079623 0.957100 -0.023249
12 -0.081441 0.957378 -0.053301
13 -0.084353 0.958909 -0.083616
14 -0.089953 0.959033 -0.113721
15 -0.104105 0.958271 -0.143913
16 -0.126760 0.957956 -0.166470
17 -0.155658 0.955952 -0.182998
18 -0.187782 0.948791 -0.190571
19 -0.221147 0.935290 -0.186204
20 -0.248154 0.920082 -0.172402
21 -0.268977 0.906910 -0.151867
22 -0.284580 0.895164 -0.127498
23 -0.298385 0.889323 -0.100892
24 -0.309474 0.884781 -0.072296
25 -0.316576 0.881764 -0.041696
26 -0.317475 0.880070 -0.009522
27 -0.312241 0.880359 0.021437
28 -0.300005 0.883198 0.052117
29 -0.285150 0.887408 0.079507
Frame 805
0 -0.268093 0.895260 0.103560
1 -0.247050 0.905609 0.127126
2 -0.221790 0.916882 0.143154
3 -0.193325 0.927049 0.151215
4 -0.163556 0.934739 0.150691
5 -0.135033 0.940248 0.140782
6 -0.108437 0.942835 0.121194
7 -0.093442 0.946565 0.095987
8 -0.085485 0.951737 0.068221
9 -0.081708 0.954678 0.037954
10 -0.080008 0.956215 0.007439
11 -0.079623 0.957100 -0.023249
12 -0.081441 0.957378 -0.053301
13 -0.084353 0.958909 -0.083616
14 -0.089953 0.959033 -0.113721
15 -0.104105 0.958271 -0.143913
16 -0.126760 0.957956 -0.166470
17 -0.155658 0.955952 -0.182998
18 -0.187782 0.948791 -0.190571
19 -0.221147 0.935290 -0.186204
20 -0.248154 0.920082 -0.172402
21 -0.268977 0.906910 -0.151867
22 -0.284580 0.895164 -0.127498
23 -0.298385 0.889323 -0.100892
24 -0.309474 0.884781 -0.072296
25 -0.316576 0.881764 -0.041696
26 -0.317475 0.880070 -0.009522
27 -0.312241 0.880359 0.021437
28 -0.300005 0.883198 0.052117
29 -0.285150 0.887408 0.079507
Frame 806
0 -0.268093 0.895260 0.103560
1 -0.247050 0.905609 0.127126
2 -0.221790 0.916882 0.143154
3 -0.193325 0.927049 0.151215
4 -0.163556 0.934739 0.150691
5 -0.135033 0.940248 0.140782
6 -0.108437 0.942835 0.121194
7 -0.093442 0.946565 0.095987
8 -0.085485 0.951737 0.068221
9 -0.081708 0.954678 0.037954
10 -0.080008 0.956215 0.007439
11 -0.079623 0.957100 -0.023249
12 -0.081441 0.957378 -0.053301
13 -0.084353 0.958909 -0.083616
14 -0.089953 0.959033 -0.113721
15 -0.104105 0.958271 -0.143913
16 -0.126760 0.957956 -0.166470
17 -0.155658 0.955952 -0.182998
18 -0.187782 0.948791 -0.190571
19 -0.221147 0.935290 -0.186204
20 -0.248154 0.920082 -0.172402
21 -0.268977 0.906910 -0.151867
22 -0.284580 0.895164 -0.127498
23 -0.298385 0.889323 -0.100892
24 -0.309474 0.884781 -0.072296
25 -0.316576 0.881764 -0.041696
26 -0.317475 0.880070 -0.009522
27 -0.312241 0.880359 0.021437
28 -0.300005 0.883198 0.052117
29 -0.285150 0.887408 0.079507
Frame 807
0 -0.268093 0.895260 0.103560
1 -0.247050 0.905609 0.127126
2 -0.221790 0.916882 0.143154
3 -0.193325 0.927049 0.151215
4 -0.163556 0.934739 0.150691
5 -0.135033 0.940248 0.140782
6 -0.108437 0.942835 0.121194
7 -0.093442 0.946565 0.095987
8 -0.085485 0.951737 0.068221
9 -0.081708 0.954678 0.037954
10 -0.080008 0.956215 0.007439
11 -0.079623 0.957100 -0.023249
12 -0.081441 0.957378 -0.053301
13 -0.084353 0.958909 -0.083616
14 -0.089953 0.959033 -0.113721
15 -0.104105 0.958271 -0.143913
16 -0.126760 0.957956 -0.166470
17 -0.155658 0.955952 -0.182998
18 -0.187782 0.948791 -0.190571
19 -0.221147 0.935290 -0.186204
20 -0.248154 0.920082 -0.172402
21 -0.268977 0.906910 -0.151867
22 -0.284580 0.895164 -0.127498
23 -0.298385 0.889323 -0.100892
24 -0.309474 0.884781 -0.072296
25 -0.316576 0.881764 -0.041696
26 -0.317475 0.880070 -0.009522
27 -0.312241 0.880359 0.021437
28 -0.300005 0.883198 0.052117
29 -0.285150 0.887408 0.079507
Frame 808
0 -0.268093 0.895260 0.103560
1 -0.247050 0.905609 0.127126
2 -0.221790 0.916882 0.143154
3 -0.193325 0.927049 0.151215
4 -0.163556 0.934739 0.150691
5 -0.135033 0.940248 0.140782
6 -0.108437 0.942835 0.121194
7 -0.093442 0.946565 0.095987
8 -0.085485 0.951737 0.068221
9 -0.081708 0.954678 0.037954
10 -0.080008 0.956215 0.007439
11 -0.079623 0.957100 -0.023249
12 -0.081441 0.957378 -0.053301
13 -0.084353 0.958909 -0.083616
14 -0.089953 0.959033 -0.113721
15 -0.104105 0.958271 -0.143913
16 -0.126760 0.957956 -0.166470
17 -0.155658 0.955952 -0.182998
18 -0.187782 0.948791 -0.190571
19 -0.221147 0.935290 -0.186204
20 -0.248154 0.920082 -0.172402
21 -0.268977 0.906910 -0.151867
22 -0.284580 0.895164 -0.127498
23 -0.298385 0.889323 -0.100892
24 -0.309474 0.884781 -0.072296
25 -0.316576 0.881764 -0.041696
26 -0.317475 0.880070 -0.009522
27 -0.312241 0.880359 0.021437
28 -0.300005 0.883198 0.052117
29 -0.285150 0.887408 0.079507
Frame 809
0 -0.268093 0.895260 0.103560
1 -0.247050 0.905609 0.127126
2 -0.221790 0.916882 0.143154
3 -0.193325 0.927049 0.151215
4 -0.163556 0.934739 0.150691
5 -0.135033 0.940248 0.140782
6 -0.108437 0.942835 0.121194
7 -0.093442 0.946565 0.095987
8 -0.085485 0.951737 0.068221
9 -0.081708 0.954678 0.037954
10 -0.080008 0.956215 0.007439
11 -0.079623 0.957100 -0.023249
12 -0.081441 0.957378 -0.053301
13 -0.084353 0.958909 -0.083616
14 -0.089953 0.959033 -0.113721
15 -0.104105 0.958271 -0.143913
16 -0.126760 0.957956 -0.166470
17 -0.155658 0.955952 -0.182998
18 -0.187782 0.948791 -0.190571
19 -0.221147 0.935290 -0.186204
20 -0.248154 0.920082 -0.172402
21 -0.268977 0.906910 -0.151867
22 -0.284580 0.895164 -0.127498
23 -0.298385 0.889323 -0.100892
24 -0.309474 0.884781 -0.072296
25 -0.316576 0.881764 -0.041696
26 -0.317475 0.880070 -0.009522
27 -0.312241 0.880359 0.021437
28 -0.300005 0.883198 0.052117
29 -0.285150 0.887408 0.079507
Frame 810
0 -0.268093 0.895260 0.103560
1 -0.247050 0.905609 0.127126
2 -0.221790 0.916882 0.143154
3 -0.193325 0.927049 0.151215
4 -0.163556 0.934739 0.150691
5 -0.135033 0.940248 0.140782
6 -0.108437 0.942835 0.121194
7 -0.093442 0.946565 0.095987
8 -0.085485 0.951737 0.068221
9 -0.081708 0.954678 0.037954
10 -0.080008 0.956215 0.007439
11 -0.079623 0.957100 -0.023249
12 -0.081441 0.957378 -0.053301
13 -0.084353 0.958909 -0.083616
14 -0.089953 0.959033 -0.113721
15 -0.104105 0.958271 -0.143913
16 -0.126760 0.957956 -0.166470
17 -0.155658 0.955952 -0.182998
18 -0.187782 0.948791 -0.190571
19 -0.221147 0.935290 -0.186204
20 -0.248154 0.920082 -0.172402
21 -0.268977 0.906910 -0.151867
22 -0.284580 0.895164 -0.127498
23 -0.298385 0.889323 -0.100892
24 -0.309474 0.884781 -0.072296
25 -0.316576 0.881764 -0.041696
26 -0.317475 0.880070 -0.009522
27 -0.312241 0.880359 0.021437
28 -0.300005 0.883198 0.052117
29 -0.285150 0.887408 0.079507
Frame 811
0 -0.268093 0.895260 0.103560
1 -0.247050 0.905609 0.127126
2 -0.221790 0.916882 0.143154
3 -0.193325 0.927049 0.151215
4 -0.163556 0.934739 0.150691
5 -0.135033 0.940248 0.140782
6 -0.108437 0.942835 0.121194
7 -0.093442 0.946565 0.095987
8 -0.085485 0.951737 0.068221
9 -0.081708 0.954678 0.037954
10 -0.080008 0.956215 0.007439
11 -0.079623 0.957100 -0.023249
12 -0.081441 0.957378 -0.053301
13 -0.084353 0.958909 -0.083616
14 -0.089953 0.959033 -0.113721
15 -0.104105 0.958271 -0.143913
16 -0.126760 0.957956 -0.166470
17 -0.155658 0.955952 -0.182998
18 -0.187782 0.948791 -0.190571
19 -0.221147 0.935290 -0.186204
20 -0.248154 0.920082 -0.172402
21 -0.268977 0.906910 -0.151867
22 -0.284580 0.895164 -0.127498
23 -0.298385 0.889323 -0.100892
24 -0.309474 0.884781 -0.072296
25 -0.316576 0.881764 -0.041696
26 -0.317475 0.880070 -0.009522
27 -0.312241 0.880359 0.021437
28 -0.300005 0.883198 0.052117
29 -0.285150 0.887408 0.079507
Frame 812
0 -0.268093 0.895260 0.103560
1 -0.247050 0.905609 0.127126
2 -0.221790 0.916882 0.143154
3 -0.193325 0.927049 0.151215
4 -0.163556 0.934739 0.150691
5 -0.135033 0.940248 0.140782
6 -0.108437 0.942835 0.121194
7 -0.093442 0.946565 0.095987
8 -0.085485 0.951737 0.068221
9 -0.081708 0.954678 0.037954
10 -0.080008 0.956215 0.007439
11 -0.079623 0.957100 -0.023249
12 -0.081441 0.957378 -0.053301
13 -0.084353 0.958909 -0.083616
14 -0.089953 0.959033 -0.113721
15 -0.104105 0.958271 -0.143913
16 -0.126760 0.957956 -0.166470
17 -0.155658 0.955952 -0.182998
18 -0.187782 0.948791 -0.190571
19 -0.221147 0.935290 -0.186204
20 -0.248154 0.920082 -0.172402
21 -0.268977 0.906910 -0.151867
22 -0.284580 0.895164 -0.127498
23 -0.298385 0.889323 -0.100892
24 -0.309474 0.884781 -0.072296
25 -0.316576 0.881764 -0.041696
26 -0.317475 0.880070 -0.009522
27 -0.312241 0.880359 0.021437
28 -0.300005 0.883198 0.052117
29 -0.285150 0.887408 0.079507
Frame 813
0 -0.268093 0.895260 0.103560
1 -0.247050 0.905609 0.127126
2 -0.221790 0.916882 0.143154
3 -0.193325 0.927049 0.151215
4 -0.163556 0.934739 0.150691
5 -0.135033 0.940248 0.140782
6 -0.108437 0.942835 0.121194
7 -0.093442 0.946565 0.095987
8 -0.085485 0.951737 0.068221
9 -0.081708 0.954678 0.037954
10 -0.080008 0.956215 0.007439
11 -0.079623 0.957100 -0.023249
12 -0.081441 0.957378 -0.053301
13 -0.084353 0.958909 -0.083616
14 -0.089953 0.959033 -0.113721
15 -0.104105 0.958271 -0.143913
16 -0.126760 0.957956 -0.166470
17 -0.155658 0.955952 -0.182998
18 -0.187782 0.948791 -0.190571
19 -0.221147 0.935290 -0.186204
20 -0.248154 0.920082 -0.172402
21 -0.268977 0.906910 -0.151867
22 -0.284580 0.895164 -0.127498
23 -0.298385 0.889323 -0.100892
24 -0.309474 0.884781 -0.072296
25 -0.316576 0.881764 -0.041696
26 -0.317475 0.880070 -0.009522
27 -0.312241 0.880359 0.021437
28 -0.300005 0.883198 0.052117
29 -0.285150 0.887408 0.079507
Frame 814
0 -0.268093 0.895260 0.103560
1 -0.247050 0.905609 0.127126
2 -0.221790 0.916882 0.143154
3 -0.193325 0.927049 0.151215
4 -0.163556 0.934739 0.150691
5 -0.135033 0.940248 0.140782
6 -0.108437 0.942835 0.121194
7 -0.093442 0.946565 0.095987
8 -0.085485 0.951737 0.068221
9 -0.081708 0.954678 0.037954
10 -0.080008 0.956215 0.007439
11 -0.079623 0.957100 -0.023249
12 -0.081441 0.957378 -0.053301
13 -0.084353 0.958909 -0.083616
14 -0.089953 0.959033 -0.113721
15 -0.104105 0.958271 -0.143913
16 -0.126760 0.957956 -0.166470
17 -0.155658 0.955952 -0.182998
18 -0.187782 0.948791 -0.190571
19 -0.221147 0.935290 -0.186204
20 -0.248154 0.920082 -0.172402
21 -0.268977 0.906910 -0.151867
22 -0.284580 0.895164 -0.127498
23 -0.298385 0.889323 -0.100892
24 -0.309474 0.884781 -0.072296
25 -0.316576 0.881764 -0.041696
26 -0.317475 0.880070 -0.009522
27 -0.312241 0.880359 0.021437
28 -0.300005 0.883198 0.052117
29 -0.285150 0.887408 0.079507
Frame 815
0 -0.268093 0.895260 0.103560
1 -0.247050 0.905609 0.127126
2 -0.221790 0.916882 0.143154
3 -0.193325 0.927049 0.151215
4 -0.163556 0.934739 0.150691
5 -0.135033 0.940248 0.140782
6 -0.108437 0.942835 0.121194
7 -0.093442 0.946565 0.095987
8 -0.085485 0.951737 0.068221
9 -0.081708 0.954678 0.037954
10 -0.080008 0.956215 0.007439
11 -0.079623 0.957100 -0.023249
12 -0.081441 0.957378 -0.053301
13 -0.084353 0.958909 -0.083616
14 -0.089953 0.959033 -0.113721
15 -0.104105 0.958271 -0.143913
16 -0.126760 0.957956 -0.166470
17 -0.155658 0.955952 -0.182998
18 -0.187782 0.948791 -0.190571
19 -0.221147 0.935290 -0.186204
20 -0.248154 0.920082 -0.172402
21 -0.268977 0.906910 -0.151867
22 -0.284580 0.895164 -0.127498
23 -0.298385 0.889323 -0.100892
24 -0.309474 0.884781 -0.072296
25 -0.316576 0.881764 -0.041696
26 -0.317475 0.880070 -0.009522
27 -0.312241 0.880359 0.021437
28 -0.300005 0.883198 0.052117
29 -0.285150 0.887408 0.079507
Frame 816
0 -0.268093 0.895260 0.103560
1 -0.247050 0.905609 0.127126
2 -0.221790 0.916882 0.143154
3 -0.193325 0.927049 0.151215
4 -0.163556 0.934739 0.150691
5 -0.135033 0.940248 0.140782
6 -0.108437 0.942835 0.121194
7 -0.093442 0.946565 0.095987
8 -0.085485 0.951737 0.068221
9 -0.081708 0.954678 0.037954
10 -0.080008 0.956215 0.007439
11 -0.079623 0.957100 -0.023249
12 -0.081441 0.957378 -0.053301
13 -0.084353 0.958909 -0.083616
14 -0.089953 0.959033 -0.113721
15 -0.104105 0.958271 -0.143913
16 -0.126760 0.957956 -0.166470
17 -0.155658 0.955952 -0.182998
18 -0.187782 0.948791 -0.190571
19 -0.221147 0.935290 -0.186204
20 -0.248154 0.920082 -0.172402
21 -0.268977 0.906910 -0.151867
22 -0.284580 0.895164 -0.127498
23 -0.298385 0.889323 -0.100892
24 -0.309474 0.884781 -0.072296
25 -0.316576 0.881764 -0.041696
26 -0.317475 0.880070 -0.009522
27 -0.312241 0.880359 0.021437
28 -0.300005 0.883198 0.052117
29 -0.285150 0.887408 0.079507
Frame 817
0 -0.268093 0.895260 0.103560
1 -0.247050 0.905609 0.127126
2 -0.221790 0.916882 0.143154
3 -0.193325 0.927049 0.151215
4 -0.163556 0.934739 0.150691
5 -0.135033 0.940248 0.140782
6 -0.108437 0.942835 0.121194
7 -0.093442 0.946565 0.095987
8 -0.085485 0.951737 0.068221
9 -0.081708 0.954678 0.037954
10 -0.080008 0.956215 0.007439
11 -0.079623 0.957100 -0.023249
12 -0.081441 0.957378 -0.053301
13 -0.084353 0.958909 -0.083616
14 -0.089953 0.959033 -0.113721
15 -0.104105 0.958271 -0.143913
16 -0.126760 0.957956 -0.166470
17 -0.155658 0.955952 -0.182998
18 -0.187782 0.948791 -0.190571
19 -0.221147 0.935290 -0.186204
20 -0.248154 0.920082 -0.172402
21 -0.268977 0.906910 -0.151867
22 -0.284580 0.895164 -0.127498
23 -0.298385 0.889323 -0.100892
24 -0.309474 0.884781 -0.072296
25 -0.316576 0.881764 -0.041696
26 -0.317475 0.880070 -0.009522
27 -0.312241 0.880359 0.021437
28 -0.300005 0.883198 0.052117
29 -0.285150 0.887408 0.079507
Frame 818
0 -0.268093 0.895260 0.103560
1 -0.247050 0.905609 0.127126
2 -0.221790 0.916882 0.143154
3 -0.193325 0.927049 0.151215
4 -0.163556 0.934739 0.150691
5 -0.135033 0.940248 0.140782
6 -0.108437 0.942835 0.121194
7 -0.093442 0.946565 0.095987
8 -0.085485 0.951737 0.068221
9 -0.081708 0.954678 0.037954
10 -0.080008 0.956215 0.007439
11 -0.079623 0.957100 -0.023249
12 -0.081441 0.957378 -0.053301
13 -0.084353 0.958909 -0.083616
14 -0.089953 0.959033 -0.113721
15 -0.104105 0.958271 -0.143913
16 -0.126760 0.957956 -0.166470
17 -0.155658 0.955952 -0.182998
18 -0.187782 0.948791 -0.190571
19 -0.221147 0.935290 -0.186204
20 -0.248154 0.920082 -0.172402
21 -0.268977 0.906910 -0.151867
22 -0.284580 0.895164 -0.127498
23 -0.298385 0.889323 -0.100892
24 -0.309474 0.884781 -0.072296
25 -0.316576 0.881764 -0.041696
26 -0.317475 0.880070 -0.009522
27 -0.312241 0.880359 0.021437
28 -0.300005 0.883198 0.052117
29 -0.285150 0.887408 0.079507
Frame 819
0 -0.268093 0.895260 0.103560
1 -0.247050 0.905609 0.127126
2 -0.221790 0.916882 0.143154
3 -0.193325 0.927049 0.151215
4 -0.163556 0.934739 0.150691
5 -0.135033 0.940248 0.140782
6 -0.108437 0.942835 0.121194
7 -0.093442 0.946565 0.095987
8 -0.085485 0.951737 0.068221
9 -0.081708 0.954678 0.037954
10 -0.080008 0.956215 0.007439
11 -0.079623 0.957100 -0.023249
12 -0.081441 0.957378 -0.053301
13 -0.084353 0.958909 -0.083616
14 -0.089953 0.959033 -0.113721
15 -0.104105 0.958271 -0.143913
16 -0.126760 0.957956 -0.166470
17 -0.155658 0.955952 -0.182998
18 -0.187782 0.948791 -0.190571
19 -0.221147 0.935290 -0.186204
20 -0.248154 0.920082 -0.172402
21 -0.268977 0.906910 -0.151867
22 -0.284580 0.895164 -0.127498
23 -0.298385 0.889323 -0.100892
24 -0.309474 0.884781 -0.072296
25 -0.316576 0.881764 -0.041696
26 -0.317475 0.880070 -0.009522
27 -0.312241 0.880359 0.021437
28 -0.300005 0.883198 0.052117
29 -0.285150 0.887408 0.079507
Frame 820
0 -0.268093 0.895260 0.103560
1 -0.247050 0.905609 0.127126
2 -0.221790 0.916882 0.143154
3 -0.193325 0.927049 0.151215
4 -0.163556 0.934739 0.150691
5 -0.135033 0.940248 0.140782
6 -0.108437 0.942835 0.121194
7 -0.093442 0.946565 0.095987
8 -0.085485 0.951737 0.068221
9 -0.081708 0.954678 0.037954
10 -0.080008 0.956215 0.007439
11 -0.079623 0.957100 -0.023249
12 -0.081441 0.957378 -0.053301
13 -0.084353 0.958909 -0.083616
14 -0.089953 0.959033 -0.113721
15 -0.104105 0.958271 -0.143913
16 -0.126760 0.957956 -0.166470
17 -0.155658 0.955952 -0.182998
18 -0.187782 0.948791 -0.190571
19 -0.221147 0.935290 -0.186204
20 -0.248154 0.920082 -0.172402
21 -0.268977 0.906910 -0.151867
22 -0.284580 0.895164 -0.127498
23 -0.298385 0.889323 -0.100892
24 -0.309474 0.884781 -0.072296
25 -0.316576 0.881764 -0.041696
26 -0.317475 0.880070 -0.009522
27 -0.312241 0.880359 0.021437
28 -0.300005 0.883198 0.052117
29 -0.285150 0.887408 0.079507
Frame 821
0 -0.268093 0.895260 0.103560
1 -0.247050 0.905609 0.127126
2 -0.221790 0.916882 0.143154
3 -0.193325 0.927049 0.151215
4 -0.163556 0.934739 0.150691
5 -0.135033 0.940248 0.140782
6 -0.108437 0.942835 0.121194
7 -0.093442 0.946565 0.095987
8 -0.085485 0.951737 0.068221
9 -0.081708 0.954678 0.037954
10 -0.080008 0.956215 0.007439
11 -0.079623 0.957100 -0.023249
12 -0.081441 0.957378 -0.053301
13 -0.084353 0.958909 -0.083616
14 -0.089953 0.959033 -0.113721
15 -0.104105 0.958271 -0.143913
16 -0.126760 0.957956 -0.166470
17 -0.155658 0.955952 -0.182998
18 -0.187782 0.948791 -0.190571
19 -0.221147 0.935290 -0.186204
20 -0.248154 0.920082 -0.172402
21 -0.268977 0.906910 -0.151867
22 -0.284580 0.895164 -0.127498
23 -0.298385 0.889323 -0.100892
24 -0.309474 0.884781 -0.072296
25 -0.316576 0.881764 -0.041696
26 -0.317475 0.880070 -0.009522
27 -0.312241 0.880359 0.021437
28 -0.300005 0.883198 0.052117
29 -0.285150 0.887408 0.079507
Frame 822
0 -0.268093 0.895260 0.103560
1 -0.247050 0.905609 0.127126
2 -0.221790 0.916882 0.143154
3 -0.193325 0.927049 0.151215
4 -0.163556 0.934739 0.150691
5 -0.135033 0.940248 0.140782
6 -0.108437 0.942835 0.121194
7 -0.093442 0.946565 0.095987
8 -0.085485 0.951737 0.068221
9 -0.081708 0.954678 0.037954
10 -0.080008 0.956215 0.007439
11 -0.079623 0.957100 -0.023249
12 -0.081441 0.957378 -0.053301
13 -0.084353 0.958909 -0.083616
14 -0.089953 0.959033 -0.113721
15 -0.104105 0.958271 -0.143913
16 -0.126760 0.957956 -0.166470
17 -0.155658 0.955952 -0.182998
18 -0.187782 0.948791 -0.190571
19 -0.221147 0.935290 -0.186204
20 -0.248154 0.920082 -0.172402
21 -0.268977 0.906910 -0.151867
22 -0.284580 0.895164 -0.127498
23 -0.298385 0.889323 -0.100892
24 -0.309474 0.884781 -0.072296
25 -0.316576 0.881764 -0.041696
26 -0.317475 0.880070 -0.009522
27 -0.312241 0.880359 0.021437
28 -0.300005 0.883198 0.052117
29 -0.285150 0.887408 0.079507
Frame 823
0 -0.268093 0.895260 0.103560
1 -0.247050 0.905609 0.127126
2 -0.221790 0.916882 0.143154
3 -0.193325 0.927049 0.151215
4 -0.163556 0.934739 0.150691
5 -0.135033 0.940248 0.140782
6 -0.108437 0.942835 0.121194
7 -0.093442 0.946565 0.095987
8 -0.085485 0.951737 0.068221
9 -0.081708 0.954678 0.037954
10 -0.080008 0.956215 0.007439
11 -0.079623 0.957100 -0.023249
12 -0.081441 0.957378 -0.053301
13 -0.084353 0.958909 -0.083616
14 -0.089953 0.959033 -0.113721
15 -0.104105 0.958271 -0.143913
16 -0.126760 0.957956 -0.166470
17 -0.155658 0.955952 -0.182998
18 -0.187782 0.948791 -0.190571
19 -0.221147 0.935290 -0.186204
20 -0.248154 0.920082 -0.172402
21 -0.268977 0.906910 -0.151867
22 -0.284580 0.895164 -0.127498
23 -0.298385 0.889323 -0.100892
24 -0.309474 0.884781 -0.072296
25 -0.316576 0.881764 -0.041696
26 -0.317475 0.880070 -0.009522
27 -0.312241 0.880359 0.021437
28 -0.300005 0.883198 0.052117
29 -0.285150 0.887408 0.079507
Frame 824
0 -0.268093 0.895260 0.103560
1 -0.247050 0.905609 0.127126
2 -0.221790 0.916882 0.143154
3 -0.193325 0.927049 0.151215
4 -0.163556 0.934739 0.150691
5 -0.135033 0.940248 0.140782
6 -0.108437 0.942835 0.121194
7 -0.093442 0.946565 0.095987
8 -0.085485 0.951737 0.068221
9 -0.081708 0.954678 0.037954
10 -0.080008 0.956215 0.007439
11 -0.079623 0.957100 -0.023249
12 -0.081441 0.957378 -0.053301
13 -0.084353 0.958909 -0.083616
14 -0.089953 0.959033 -0.113721
15 -0.104105 0.958271 -0.143913
16 -0.126760 0.957956 -0.166470
17 -0.155658 0.955952 -0.182998
18 -0.187782 0.948791 -0.190571
19 -0.221147 0.935290 -0.186204
20 -0.248154 0.920082 -0.172402
21 -0.268977 0.906910 -0.151867
22 -0.284580 0.895164 -0.127498
23 -0.298385 0.889323 -0.100892
24 -0.309474 0.884781 -0.072296
25 -0.316576 0.881764 -0.041696
26 -0.317475 0.880070 -0.009522
27 -0.312241 0.880359 0.021437
28 -0.300005 0.883198 0.052117
29 -0.285150 0.887408 0.079507
Frame 825
0 -0.268093 0.895260 0.103560
1 -0.247050 0.905609 0.127126
2 -0.221790 0.916882 0.143154
3 -0.193325 0.927049 0.151215
4 -0.163556 0.934739 0.150691
5 -0.135033 0.940248 0.140782
6 -0.108437 0.942835 0.121194
7 -0.093442 0.946565 0.095987
8 -0.085485 0.951737 0.068221
9 -0.081708 0.954678 0.037954
10 -0.080008 0.956215 0.007439
11 -0.079623 0.957100 -0.023249
12 -0.081441 0.957378 -0.053301
13 -0.084353 0.958909 -0.083616
14 -0.089953 0.959033 -0.113721
15 -0.104105 0.958271 -0.143913
16 -0.126760 0.957956 -0.166470
17 -0.155658 0.955952 -0.182998
18 -0.187782 0.948791 -0.190571
19 -0.221147 0.935290 -0.186204
20 -0.248154 0.920082 -0.172402
21 -0.268977 0.906910 -0.151867
22 -0.284580 0.895164 -0.127498
23 -0.298385 0.889323 -0.100892
24 -0.309474 0.884781 -0.072296
25 -0.316576 0.881764 -0.041696
26 -0.317475 0.880070 -0.009522
27 -0.312241 0.880359 0.021437
28 -0.300005 0.883198 0.052117
29 -0.285150 0.887408 0.079507
Frame 826
0 -0.268093 0.895260 0.103560
1 -0.247050 0.905609 0.127126
2 -0.221790 0.916882 0.143154
3 -0.193325 0.927049 0.151215
4 -0.163556 0.934739 0.150691
5 -0.135033 0.940248 0.140782
6 -0.108437 0.942835 0.121194
7 -0.093442 0.946565 0.095987
8 -0.085485 0.951737 0.068221
9 -0.081708 0.954678 0.037954
10 -0.080008 0.956215 0.007439
11 -0.079623 0.957100 -0.023249
12 -0.081441 0.957378 -0.053301
13 -0.084353 0.958909 -0.083616
14 -0.089953 0.959033 -0.113721
15 -0.104105 0.958271 -0.143913
16 -0.126760 0.957956 -0.166470
17 -0.155658 0.955952 -0.182998
18 -0.187782 0.948791 -0.190571
19 -0.221147 0.935290 -0.186204
20 -0.248154 0.920082 -0.172402
21 -0.268977 0.906910 -0.151867
22 -0.284580 0.895164 -0.127498
23 -0.298385 0.889323 -0.100892
24 -0.309474 0.884781 -0.072296
25 -0.316576 0.881764 -0.041696
26 -0.317475 0.880070 -0.009522
27 -0.312241 0.880359 0.021437
28 -0.300005 0.883198 0.052117
29 -0.285150 0.887408 0.079507
Frame 827
0 -0.268093 0.895260 0.103560
1 -0.247050 0.905609 0.127126
2 -0.221790 0.916882 0.143154
3 -0.193325 0.927049 0.151215
4 -0.163556 0.934739 0.150691
5 -0.135033 0.940248 0.140782
6 -0.108437 0.942835 0.121194
7 -0.093442 0.946565 0.095987
8 -0.085485 0.951737 0.068221
9 -0.081708 0.954678 0.037954
10 -0.080008 0.956215 0.007439
11 -0.079623 0.957100 -0.023249
12 -0.081441 0.957378 -0.053301
13 -0.084353 0.958909 -0.083616
14 -0.089953 0.959033 -0.113721
15 -0.104105 0.958271 -0.143913
16 -0.126760 0.957956 -0.166470
17 -0.155658 0.955952 -0.182998
18 -0.187782 0.948791 -0.190571
19 -0.221147 0.935290 -0.186204
20 -0.248154 0.920082 -0.172402
21 -0.268977 0.906910 -0.151867
22 -0.284580 0.895164 -0.127498
23 -0.298385 0.889323 -0.100892
24 -0.309474 0.884781 -0.072296
25 -0.316576 0.881764 -0.041696
26 -0.317475 0.880070 -0.009522
27 -0.312241 0.880359 0.021437
28 -0.300005 0.883198 0.052117
29 -0.285150 0.887408 0.079507
Frame 828
0 -0.268093 0.895260 0.103560
1 -0.247050 0.905609 0.127126
2 -0.221790 0.916882 0.143154
3 -0.193325 0.927049 0.151215
4 -0.163556 0.934739 0.150691
5 -0.135033 0.940248 0.140782
6 -0.108437 0.942835 0.121194
7 -0.093442 0.946565 0.095987
8 -0.085485 0.951737 0.068221
9 -0.081708 0.954678 0.037954
10 -0.080008 0.956215 0.007439
11 -0.079623 0.957100 -0.023249
12 -0.081441 0.957378 -0.053301
13 -0.084353 0.958909 -0.083616
14 -0.089953 0.959033 -0.113721
15 -0.104105 0.958271 -0.143913
16 -0.126760 0.957956 -0.166470
17 -0.155658 0.955952 -0.182998
18 -0.187782 0.948791 -0.190571
19 -0.221147 0.935290 -0.186204
20 -0.248154 0.920082 -0.172402
21 -0.268977 0.906910 -0.151867
22 -0.284580 0.895164 -0.127498
23 -0.298385 0.889323 -0.100892
24 -0.309474 0.884781 -0.072296
25 -0.316576 0.881764 -0.041696
26 -0.317475 0.880070 -0.009522
27 -0.312241 0.880359 0.021437
28 -0.300005 0.883198 0.052117
29 -0.285150 0.887408 0.079507
Frame 829
0 -0.268093 0.895260 0.103560
1 -0.247050 0.905609 0.127126
2 -0.221790 0.916882 0.143154
3 -0.193325 0.927049 0.151215
4 -0.163556 0.934739 0.150691
5 -0.135033 0.940248 0.140782
6 -0.108437 0.942835 0.121194
7 -0.093442 0.946565 0.095987
8 -0.085485 0.951737 0.068221
9 -0.081708 0.954678 0.037954
10 -0.080008 0.956215 0.007439
11 -0.079623 0.957100 -0.023249
12 -0.081441 0.957378 -0.053301
13 -0.084353 0.958909 -0.083616
14 -0.089953 0.959033 -0.113721
15 -0.104105 0.958271 -0.143913
16 -0.126760 0.957956 -0.166470
17 -0.155658 0.955952 -0.182998
18 -0.187782 0.948791 -0.190571
19 -0.221147 0.935290 -0.186204
20 -0.248154 0.920082 -0.172402
21 -0.268977 0.906910 -0.151867
22 -0.284580 0.895164 -0.127498
23 -0.298385 0.889323 -0.100892
24 -0.309474 0.884781 -0.072296
25 -0.316576 0.881764 -0.041696
26 -0.317475 0.880070 -0.009522
27 -0.312241 0.880359 0.021437
28 -0.300005 0.883198 0.052117
29 -0.285150 0.887408 0.079507
Frame 830
0 -0.268093 0.895260 0.103560
1 -0.247050 0.905609 0.127126
2 -0.221790 0.916882 0.143154
3 -0.193325 0.927049 0.151215
4 -0.163556 0.934739 0.150691
5 -0.135033 0.940248 0.140782
6 -0.108437 0.942835 0.121194
7 -0.093442 0.946565 0.095987
8 -0.085485 0.951737 0.068221
9 -0.081708 0.954678 0.037954
10 -0.080008 0.956215 0.007439
11 -0.079623 0.957100 -0.023249
12 -0.081441 0.957378 -0.053301
13 -0.084353 0.958909 -0.083616
14 -0.089953 0.959033 -0.113721
15 -0.104105 0.958271 -0.143913
16 -0.126760 0.957956 -0.166470
17 -0.155658 0.955952 -0.182998
18 -0.187782 0.948791 -0.190571
19 -0.221147 0.935290 -0.186204
20 -0.248154 0.920082 -0.172402
21 -0.268977 0.906910 -0.151867
22 -0.284580 0.895164 -0.127498
23 -0.298385 0.889323 -0.100892
24 -0.309474 0.884781 -0.072296
25 -0.316576 0.881764 -0.041696
26 -0.317475 0.880070 -0.009522
27 -0.312241 0.880359 0.021437
28 -0.300005 0.883198 0.052117
29 -0.285150 0.887408 0.079507
Frame 831
0 -0.268093 0.895260 0.103560
1 -0.247050 0.905609 0.127126
2 -0.221790 0.916882 0.143154
3 -0.193325 0.927049 0.151215
4 -0.163556 0.934739 0.150691
5 -0.135033 0.940248 0.140782
6 -0.108437 0.942835 0.121194
7 -0.093442 0.946565 0.095987
8 -0.085485 0.951737 0.068221
9 -0.081708 0.954678 0.037954
10 -0.080008 0.956215 0.007439
11 -0.079623 0.957100 -0.023249
12 -0.081441 0.957378 -0.053301
13 -0.084353 0.958909 -0.083616
14 -0.089953 0.959033 -0.113721
15 -0.104105 0.958271 -0.143913
16 -0.126760 0.957956 -0.166470
17 -0.155658 0.955952 -0.182998
18 -0.187782 0.948791 -0.190571
19 -0.221147 0.935290 -0.186204
20 -0.248154 0.920082 -0.172402
21 -0.268977 0.906910 -0.151867
22 -0.284580 0.895164 -0.127498
23 -0.298385 0.889323 -0.100892
24 -0.309474 0.884781 -0.072296
25 -0.316576 0.881764 -0.041696
26 -0.317475 0.880070 -0.009522
27 -0.312241 0.880359 0.021437
28 -0.300005 0.883198 0.052117
29 -0.285150 0.887408 0.079507
Frame 832
0 -0.268093 0.895260 0.103560
1 -0.247050 0.905609 0.127126
2 -0.221790 0.916882 0.143154
3 -0.193325 0.927049 0.151215
4 -0.163556 0.934739 0.150691
5 -0.135033 0.940248 0.140782
6 -0.108437 0.942835 0.121194
7 -0.093442 0.946565 0.095987
8 -0.085485 0.951737 0.068221
9 -0.081708 0.954678 0.037954
10 -0.080008 0.956215 0.007439
11 -0.079623 0.957100 -0.023249
12 -0.081441 0.957378 -0.053301
13 -0.084353 0.958909 -0.083616
14 -0.089953 0.959033 -0.113721
15 -0.104105 0.958271 -0.143913
16 -0.126760 0.957956 -0.166470
17 -0.155658 0.955952 -0.182998
18 -0.187782 0.948791 -0.190571
19 -0.221147 0.935290 -0.186204
20 -0.248154 0.920082 -0.172402
21 -0.268977 0.906910 -0.151867
22 -0.284580 0.895164 -0.127498
23 -0.298385 0.889323 -0.100892
24 -0.309474 0.884781 -0.072296
25 -0.316576 0.881764 -0.041696
26 -0.317475 0.880070 -0.009522
27 -0.312241 0.880359 0.021437
28 -0.300005 0.883198 0.052117
29 -0.285150 0.887408 0.079507
Frame 833
0 -0.268093 0.895260 0.103560
1 -0.247050 0.905609 0.127126
2 -0.221790 0.916882 0.143154
3 -0.193325 0.927049 0.151215
4 -0.163556 0.934739 0.150691
5 -0.135033 0.940248 0.140782
6 -0.108437 0.942835 0.121194
7 -0.093442 0.946565 0.095987
8 -0.085485 0.951737 0.068221
9 -0.081708 0.954678 0.037954
10 -0.080008 0.956215 0.007439
11 -0.079623 0.957100 -0.023249
12 -0.081441 0.957378 -0.053301
13 -0.084353 0.958909 -0.083616
14 -0.089953 0.959033 -0.113721
15 -0.104105 0.958271 -0.143913
16 -0.126760 0.957956 -0.166470
17 -0.155658 0.955952 -0.182998
18 -0.187782 0.948791 -0.190571
19 -0.221147 0.935290 -0.186204
20 -0.248154 0.920082 -0.172402
21 -0.268977 0.906910 -0.151867
22 -0.284580 0.895164 -0.127498
23 -0.298385 0.889323 -0.100892
24 -0.309474 0.884781 -0.072296
25 -0.316576 0.881764 -0.041696
26 -0.317475 0.880070 -0.009522
27 -0.312241 0.880359 0.021437
28 -0.300005 0.883198 0.052117
29 -0.285150 0.887408 0.079507
Frame 834
0 -0.268093 0.895260 0.103560
1 -0.247050 0.905609 0.127126
2 -0.221790 0.916882 0.143154
3 -0.193325 0.927049 0.151215
4 -0.163556 0.934739 0.150691
5 -0.135033 0.940248 0.140782
6 -0.108437 0.942835 0.121194
7 -0.093442 0.946565 0.095987
8 -0.085485 0.951737 0.068221
9 -0.081708 0.954678 0.037954
10 -0.080008 0.956215 0.007439
11 -0.079623 0.957100 -0.023249
12 -0.081441 0.957378 -0.053301
13 -0.084353 0.958909 -0.083616
14 -0.089953 0.959033 -0.113721
15 -0.104105 0.958271 -0.143913
16 -0.126760 0.957956 -0.166470
17 -0.155658 0.955952 -0.182998
18 -0.187782 0.948791 -0.190571
19 -0.221147 0.935290 -0.186204
20 -0.248154 0.920082 -0.172402
21 -0.268977 0.906910 -0.151867
22 -0.284580 0.895164 -0.127498
23 -0.298385 0.889323 -0.100892
24 -0.309474 0.884781 -0.072296
25 -0.316576 0.881764 -0.041696
26 -0.317475 0.880070 -0.009522
27 -0.312241 0.880359 0.021437
28 -0.300005 0.883198 0.052117
29 -0.285150 0.887408 0.079507
Frame 835
0 -0.268093 0.895260 0.103560
1 -0.247050 0.905609 0.127126
2 -0.221790 0.916882 0.143154
3 -0.193325 0.927049 0.151215
4 -0.163556 0.934739 0.150691
5 -0.135033 0.940248 0.140782
6 -0.108437 0.942835 0.121194
7 -0.093442 0.946565 0.095987
8 -0.085485 0.951737 0.068221
9 -0.081708 0.954678 0.037954
10 -0.080008 0.956215 0.007439
11 -0.079623 0.957100 -0.023249
12 -0.081441 0.957378 -0.053301
13 -0.084353 0.958909 -0.083616
14 -0.089953 0.959033 -0.113721
15 -0.104105 0.958271 -0.143913
16 -0.126760 0.957956 -0.166470
17 -0.155658 0.955952 -0.182998
18 -0.187782 0.948791 -0.190571
19 -0.221147 0.935290 -0.186204
20 -0.248154 0.920082 -0.172402
21 -0.268977 0.906910 -0.151867
22 -0.284580 0.895164 -0.127498
23 -0.298385 0.889323 -0.100892
24 -0.309474 0.884781 -0.072296
25 -0.316576 0.881764 -0.041696
26 -0.317475 0.880070 -0.009522
27 -0.312241 0.880359 0.021437
28 -0.300005 0.883198 0.052117
29 -0.285150 0.887408 0.079507
Frame 836
0 -0.268093 0.895260 0.103560
1 -0.247050 0.905609 0.127126
2 -0.221790 0.916882 0.143154
3 -0.193325 0.927049 0.151215
4 -0.163556 0.934739 0.150691
5 -0.135033 0.940248 0.140782
6 -0.108437 0.942835 0.121194
7 -0.093442 0.946565 0.095987
8 -0.085485 0.951737 0.068221
9 -0.081708 0.954678 0.037954
10 -0.080008 0.956215 0.007439
11 -0.079623 0.957100 -0.023249
12 -0.081441 0.957378 -0.053301
13 -0.084353 0.958909 -0.083616
14 -0.089953 0.959033 -0.113721
15 -0.104105 0.958271 -0.143913
16 -0.126760 0.957956 -0.166470
17 -0.155658 0.955952 -0.182998
18 -0.187782 0.948791 -0.190571
19 -0.221147 0.935290 -0.186204
20 -0.248154 0.920082 -0.172402
21 -0.268977 0.906910 -0.151867
22 -0.284580 0.895164 -0.127498
23 -0.298385 0.889323 -0.100892
24 -0.309474 0.884781 -0.072296
25 -0.316576 0.881764 -0.041696
26 -0.317475 0.880070 -0.009522
27 -0.312241 0.880359 0.021437
28 -0.300005 0.883198 0.052117
29 -0.285150 0.887408 0.079507
Frame 837
0 -0.268093 0.895260 0.103560
1 -0.247050 0.905609 0.127126
2 -0.221790 0.916882 0.143154
3 -0.193325 0.927049 0.151215
4 -0.163556 0.934739 0.150691
5 -0.135033 0.940248 0.140782
6 -0.108437 0.942835 0.121194
7 -0.093442 0.946565 0.095987
8 -0.085485 0.951737 0.068221
9 -0.081708 0.954678 0.037954
10 -0.080008 0.956215 0.007439
11 -0.079623 0.957100 -0.023249
12 -0.081441 0.957378 -0.053301
13 -0.084353 0.958909 -0.083616
14 -0.089953 0.959033 -0.113721
15 -0.104105 0.958271 -0.143913
16 -0.126760 0.957956 -0.166470
17 -0.155658 0.955952 -0.182998
18 -0.187782 0.948791 -0.190571
19 -0.221147 0.935290 -0.186204
20 -0.248154 0.920082 -0.172402
21 -0.268977 0.906910 -0.151867
22 -0.284580 0.895164 -0.127498
23 -0.298385 0.889323 -0.100892
24 -0.309474 0.884781 -0.072296
25 -0.316576 0.881764 -0.041696
26 -0.317475 0.880070 -0.009522
27 -0.312241 0.880359 0.021437
28 -0.300005 0.883198 0.052117
29 -0.285150 0.887408 0.079507
Frame 838
0 -0.268093 0.895260 0.103560
1 -0.247050 0.905609 0.127126
2 -0.221790 0.916882 0.143154
3 -0.193325 0.927049 0.151215
4 -0.163556 0.934739 0.150691
5 -0.135033 0.940248 0.140782
6 -0.108437 0.942835 0.121194
7 -0.093442 0.946565 0.095987
8 -0.085485 0.951737 0.068221
9 -0.081708 0.954678 0.037954
10 -0.080008 0.956215 0.007439
11 -0.079623 0.957100 -0.023249
12 -0.081441 0.957378 -0.053301
13 -0.084353 0.958909 -0.083616
14 -0.089953 0.959033 -0.113721
15 -0.104105 0.958271 -0.143913
16 -0.126760 0.957956 -0.166470
17 -0.155658 0.955952 -0.182998
18 -0.187782 0.948791 -0.190571
19 -0.221147 0.935290 -0.186204
20 -0.248154 0.920082 -0.172402
21 -0.268977 0.906910 -0.151867
22 -0.284580 0.895164 -0.127498
23 -0.298385 0.889323 -0.100892
24 -0.309474 0.884781 -0.072296
25 -0.316576 0.881764 -0.041696
26 -0.317475 0.880070 -0.009522
27 -0.312241 0.880359 0.021437
28 -0.300005 0.883198 0.052117
29 -0.285150 0.887408 0.079507
Frame 839
0 -0.268093 0.895260 0.103560
1 -0.247050 0.905609 0.127126
2 -0.221790 0.916882 0.143154
3 -0.193325 0.927049 0.151215
4 -0.163556 0.934739 0.150691
5 -0.135033 0.940248 0.140782
6 -0.108437 0.942835 0.121194
7 -0.093442 0.946565 0.095987
8 -0.085485 0.951737 0.068221
9 -0.081708 0.954678 0.037954
10 -0.080008 0.956215 0.007439
11 -0.079623 0.957100 -0.023249
12 -0.081441 0.957378 -0.053301
13 -0.084353 0.958909 -0.083616
14 -0.089953 0.959033 -0.113721
15 -0.104105 0.958271 -0.143913
16 -0.126760 0.957956 -0.166470
17 -0.155658 0.955952 -0.182998
18 -0.187782 0.948791 -0.190571
19 -0.221147 0.935290 -0.186204
20 -0.248154 0.920082 -0.172402
21 -0.268977 0.906910 -0.151867
22 -0.284580 0.895164 -0.127498
23 -0.298385 0.889323 -0.100892
24 -0.309474 0.884781 -0.072296
25 -0.316576 0.881764 -0.041696
26 -0.317475 0.880070 -0.009522
27 -0.312241 0.880359 0.021437
28 -0.300005 0.883198 0.052117
29 -0.285150 0.887408 0.079507
Frame 840
0 -0.268093 0.895260 0.103560
1 -0.247050 0.905609 0.127126
2 -0.221790 0.916882 0.143154
3 -0.193325 0.927049 0.151215
4 -0.163556 0.934739 0.150691
5 -0.135033 0.940248 0.140782
6 -0.108437 0.942835 0.121194
7 -0.093442 0.946565 0.095987
8 -0.085485 0.951737 0.068221
9 -0.081708 0.954678 0.037954
10 -0.080008 0.956215 0.007439
11 -0.079623 0.957100 -0.023249
12 -0.081441 0.957378 -0.053301
13 -0.084353 0.958909 -0.083616
14 -0.089953 0.959033 -0.113721
15 -0.104105 0.958271 -0.143913
16 -0.126760 0.957956 -0.166470
17 -0.155658 0.955952 -0.182998
18 -0.187782 0.948791 -0.190571
19 -0.221147 0.935290 -0.186204
20 -0.248154 0.920082 -0.172402
21 -0.268977 0.906910 -0.151867
22 -0.284580 0.895164 -0.127498
23 -0.298385 0.889323 -0.100892
24 -0.309474 0.884781 -0.072296
25 -0.316576 0.881764 -0.041696
26 -0.317475 0.880070 -0.009522
27 -0.312241 0.880359 0.021437
28 -0.300005 0.883198 0.052117
29 -0.285150 0.887408 0.079507
Frame 841
0 -0.268093 0.895260 0.103560
1 -0.247050 0.905609 0.127126
2 -0.221790 0.916882 0.143154
3 -0.193325 0.927049 0.151215
4 -0.163556 0.934739 0.150691
5 -0.135033 0.940248 0.140782
6 -0.108437 0.942835 0.121194
7 -0.093442 0.946565 0.095987
8 -0.085485 0.951737 0.068221
9 -0.081708 0.954678 0.037954
10 -0.080008 0.956215 0.007439
11 -0.079623 0.957100 -0.023249
12 -0.081441 0.957378 -0.053301
13 -0.084353 0.958909 -0.083616
14 -0.089953 0.959033 -0.113721
15 -0.104105 0.958271 -0.143913
16 -0.126760 0.957956 -0.166470
17 -0.155658 0.955952 -0.182998
18 -0.187782 0.948791 -0.190571
19 -0.221147 0.935290 -0.186204
20 -0.248154 0.920082 -0.172402
21 -0.268977 0.906910 -0.151867
22 -0.284580 0.895164 -0.127498
23 -0.298385 0.889323 -0.100892
24 -0.309474 0.884781 -0.072296
25 -0.316576 0.881764 -0.041696
26 -0.317475 0.880070 -0.009522
27 -0.312241 0.880359 0.021437
28 -0.300005 0.883198 0.052117
29 -0.285150 0.887408 0.079507
Frame 842
0 -0.268093 0.895260 0.103560
1 -0.247050 0.905609 0.127126
2 -0.221790 0.916882 0.143154
3 -0.193325 0.927049 0.151215
4 -0.163556 0.934739 0.150691
5 -0.135033 0.940248 0.140782
6 -0.108437 0.942835 0.121194
7 -0.093442 0.946565 0.095987
8 -0.085485 0.951737 0.068221
9 -0.081708 0.954678 0.037954
10 -0.080008 0.956215 0.007439
11 -0.079623 0.957100 -0.023249
12 -0.081441 0.957378 -0.053301
13 -0.084353 0.958909 -0.083616
14 -0.089953 0.959033 -0.113721
15 -0.104105 0.958271 -0.143913
16 -0.126760 0.957956 -0.166470
17 -0.155658 0.955952 -0.182998
18 -0.187782 0.948791 -0.190571
19 -0.221147 0.935290 -0.186204
20 -0.248154 0.920082 -0.172402
21 -0.268977 0.906910 -0.151867
22 -0.284580 0.895164 -0.127498
23 -0.298385 0.889323 -0.100892
24 -0.309474 0.884781 -0.072296
25 -0.316576 0.881764 -0.041696
26 -0.317475 0.880070 -0.009522
27 -0.312241 0.880359 0.021437
28 -0.300005 0.883198 0.052117
29 -0.285150 0.887408 0.079507
Frame 843
0 -0.268093 0.895260 0.103560
1 -0.247050 0.905609 0.127126
2 -0.221790 0.916882 0.143154
3 -0.193325 0.927049 0.151215
4 -0.163556 0.934739 0.150691
5 -0.135033 0.940248 0.140782
6 -0.108437 0.942835 0.121194
7 -0.093442 0.946565 0.095987
8 -0.085485 0.951737 0.068221
9 -0.081708 0.954678 0.037954
10 -0.080008 0.956215 0.007439
11 -0.079623 0.957100 -0.023249
12 -0.081441 0.957378 -0.053301
13 -0.084353 0.958909 -0.083616
14 -0.089953 0.959033 -0.113721
15 -0.104105 0.958271 -0.143913
16 -0.126760 0.957956 -0.166470
17 -0.155658 0.955952 -0.182998
18 -0.187782 0.948791 -0.190571
19 -0.221147 0.935290 -0.186204
20 -0.248154 0.920082 -0.172402
21 -0.268977 0.906910 -0.151867
22 -0.284580 0.895164 -0.127498
23 -0.298385 0.889323 -0.100892
24 -0.309474 0.884781 -0.072296
25 -0.316576 0.881764 -0.041696
26 -0.317475 0.880070 -0.009522
27 -0.312241 0.880359 0.021437
28 -0.300005 0.883198 0.052117
29 -0.285150 0.887408 0.079507
Frame 844
0 -0.268093 0.895260 0.103560
1 -0.247050 0.905609 0.127126
2 -0.221790 0.916882 0.143154
3 -0.193325 0.927049 0.151215
4 -0.163556 0.934739 0.150691
5 -0.135033 0.940248 0.140782
6 -0.108437 0.942835 0.121194
7 -0.093442 0.946565 0.095987
8 -0.085485 0.951737 0.068221
9 -0.081708 0.954678 0.037954
10 -0.080008 0.956215 0.007439
11 -0.079623 0.957100 -0.023249
12 -0.081441 0.957378 -0.053301
13 -0.084353 0.958909 -0.083616
14 -0.089953 0.959033 -0.113721
15 -0.104105 0.958271 -0.143913
16 -0.126760 0.957956 -0.166470
17 -0.155658 0.955952 -0.182998
18 -0.187782 0.948791 -0.190571
19 -0.221147 0.935290 -0.186204
20 -0.248154 0.920082 -0.172402
21 -0.268977 0.906910 -0.151867
22 -0.284580 0.895164 -0.127498
23 -0.298385 0.889323 -0.100892
24 -0.309474 0.884781 -0.072296
25 -0.316576 0.881764 -0.041696
26 -0.317475 0.880070 -0.009522
27 -0.312241 0.880359 0.021437
28 -0.300005 0.883198 0.052117
29 -0.285150 0.887408 0.079507
Frame 845
0 -0.268093 0.895260 0.103560
1 -0.247050 0.905609 0.127126
2 -0.221790 0.916882 0.143154
3 -0.193325 0.927049 0.151215
4 -0.163556 0.934739 0.150691
5 -0.135033 0.940248 0.140782
6 -0.108437 0.942835 0.121194
7 -0.093442 0.946565 0.095987
8 -0.085485 0.951737 0.068221
9 -0.081708 0.954678 0.037954
10 -0.080008 0.956215 0.007439
11 -0.079623 0.957100 -0.023249
12 -0.081441 0.957378 -0.053301
13 -0.084353 0.958909 -0.083616
14 -0.089953 0.959033 -0.113721
15 -0.104105 0.958271 -0.143913
16 -0.126760 0.957956 -0.166470
17 -0.155658 0.955952 -0.182998
18 -0.187782 0.948791 -0.190571
19 -0.221147 0.935290 -0.186204
20 -0.248154 0.920082 -0.172402
21 -0.268977 0.906910 -0.151867
22 -0.284580 0.895164 -0.127498
23 -0.298385 0.889323 -0.100892
24 -0.309474 0.884781 -0.072296
25 -0.316576 0.881764 -0.041696
26 -0.317475 0.880070 -0.009522
27 -0.312241 0.880359 0.021437
28 -0.300005 0.883198 0.052117
29 -0.285150 0.887408 0.079507
Frame 846
0 -0.268093 0.895260 0.103560
1 -0.247050 0.905609 0.127126
2 -0.221790 0.916882 0.143154
3 -0.193325 0.927049 0.151215
4 -0.163556 0.934739 0.150691
5 -0.135033 0.940248 0.140782
6 -0.108437 0.942835 0.121194
7 -0.093442 0.946565 0.095987
8 -0.085485 0.951737 0.068221
9 -0.081708 0.954678 0.037954
10 -0.080008 0.956215 0.007439
11 -0.079623 0.957100 -0.023249
12 -0.081441 0.957378 -0.053301
13 -0.084353 0.958909 -0.083616
14 -0.089953 0.959033 -0.113721
15 -0.104105 0.958271 -0.143913
16 -0.126760 0.957956 -0.166470
17 -0.155658 0.955952 -0.182998
18 -0.187782 0.948791 -0.190571
19 -0.221147 0.935290 -0.186204
20 -0.248154 0.920082 -0.172402
21 -0.268977 0.906910 -0.151867
22 -0.284580 0.895164 -0.127498
23 -0.298385 0.889323 -0.100892
24 -0.309474 0.884781 -0.072296
25 -0.316576 0.881764 -0.041696
26 -0.317475 0.880070 -0.009522
27 -0.312241 0.880359 0.021437
28 -0.300005 0.883198 0.052117
29 -0.285150 0.887408 0.079507
Frame 847
0 -0.268093 0.895260 0.103560
1 -0.247050 0.905609 0.127126
2 -0.221790 0.916882 0.143154
3 -0.193325 0.927049 0.151215
4 -0.163556 0.934739 0.150691
5 -0.135033 0.940248 0.140782
6 -0.108437 0.942835 0.121194
7 -0.093442 0.946565 0.095987
8 -0.085485 0.951737 0.068221
9 -0.081708 0.954678 0.037954
10 -0.080008 0.956215 0.007439
11 -0.079623 0.957100 -0.023249
12 -0.081441 0.957378 -0.053301
13 -0.084353 0.958909 -0.083616
14 -0.089953 0.959033 -0.113721
15 -0.104105 0.958271 -0.143913
16 -0.126760 0.957956 -0.166470
17 -0.155658 0.955952 -0.182998
18 -0.187782 0.948791 -0.190571
19 -0.221147 0.935290 -0.186204
20 -0.248154 0.920082 -0.172402
21 -0.268977 0.906910 -0.151867
22 -0.284580 0.895164 -0.127498
23 -0.298385 0.889323 -0.100892
24 -0.309474 0.884781 -0.072296
25 -0.316576 0.881764 -0.041696
26 -0.317475 0.880070 -0.009522
27 -0.312241 0.880359 0.021437
28 -0.300005 0.883198 0.052117
29 -0.285150 0.887408 0.079507
Frame 848
0 -0.268093 0.895260 0.103560
1 -0.247050 0.905609 0.127126
2 -0.221790 0.916882 0.143154
3 -0.193325 0.927049 0.151215
4 -0.163556 0.934739 0.150691
5 -0.135033 0.940248 0.140782
6 -0.108437 0.942835 0.121194
7 -0.093442 0.946565 0.095987
8 -0.085485 0.951737 0.068221
9 -0.081708 0.954678 0.037954
10 -0.080008 0.956215 0.007439
11 -0.079623 0.957100 -0.023249
12 -0.081441 0.957378 -0.053301
13 -0.084353 0.958909 -0.083616
14 -0.089953 0.959033 -0.113721
15 -0.104105 0.958271 -0.143913
16 -0.126760 0.957956 -0.166470
17 -0.155658 0.955952 -0.182998
18 -0.187782 0.948791 -0.190571
19 -0.221147 0.935290 -0.186204
20 -0.248154 0.920082 -0.172402
21 -0.268977 0.906910 -0.151867
22 -0.284580 0.895164 -0.127498
23 -0.298385 0.889323 -0.100892
24 -0.309474 0.884781 -0.072296
25 -0.316576 0.881764 -0.041696
26 -0.317475 0.880070 -0.009522
27 -0.312241 0.880359 0.021437
28 -0.300005 0.883198 0.052117
29 -0.285150 0.887408 0.079507
Frame 849
0 -0.268093 0.895260 0.103560
1 -0.247050 0.905609 0.127126
2 -0.221790 0.916882 0.143154
3 -0.193325 0.927049 0.151215
4 -0.163556 0.934739 0.150691
5 -0.135033 0.940248 0.140782
6 -0.108437 0.942835 0.121194
7 -0.093442 0.946565 0.095987
8 -0.085485 0.951737 0.068221
9 -0.081708 0.954678 0.037954
10 -0.080008 0.956215 0.007439
11 -0.079623 0.957100 -0.023249
12 -0.081441 0.957378 -0.053301
13 -0.084353 0.958909 -0.083616
14 -0.089953 0.959033 -0.113721
15 -0.104105 0.958271 -0.143913
16 -0.126760 0.957956 -0.166470
17 -0.155658 0.955952 -0.182998
18 -0.187782 0.948791 -0.190571
19 -0.221147 0.935290 -0.186204
20 -0.248154 0.920082 -0.172402
21 -0.268977 0.906910 -0.151867
22 -0.284580 0.895164 -0.127498
23 -0.298385 0.889323 -0.100892
24 -0.309474 0.884781 -0.072296
25 -0.316576 0.881764 -0.041696
26 -0.317475 0.880070 -0.009522
27 -0.312241 0.880359 0.021437
28 -0.300005 0.883198 0.052117
29 -0.285150 0.887408 0.079507
Frame 850
0 -0.268093 0.895260 0.103560
1 -0.247050 0.905609 0.127126
2 -0.221790 0.916882 0.143154
3 -0.193325 0.927049 0.151215
4 -0.163556 0.934739 0.150691
5 -0.135033 0.940248 0.140782
6 -0.108437 0.942835 0.121194
7 -0.093442 0.946565 0.095987
8 -0.085485 0.951737 0.068221
9 -0.081708 0.954678 0.037954
10 -0.080008 0.956215 0.007439
11 -0.079623 0.957100 -0.023249
12 -0.081441 0.957378 -0.053301
13 -0.084353 0.958909 -0.083616
14 -0.089953 0.959033 -0.113721
15 -0.104105 0.958271 -0.143913
16 -0.126760 0.957956 -0.166470
17 -0.155658 0.955952 -0.182998
18 -0.187782 0.948791 -0.190571
19 -0.221147 0.935290 -0.186204
20 -0.248154 0.920082 -0.172402
21 -0.268977 0.906910 -0.151867
22 -0.284580 0.895164 -0.127498
23 -0.298385 0.889323 -0.100892
24 -0.309474 0.884781 -0.072296
25 -0.316576 0.881764 -0.041696
26 -0.317475 0.880070 -0.009522
27 -0.312241 0.880359 0.021437
28 -0.300005 0.883198 0.052117
29 -0.285150 0.887408 0.079507
