# Surface Tracking Data
Frame 0
30 0.995113 0.816700 -0.137530
31 0.990212 0.818539 -0.106596
32 0.979819 0.822576 -0.082041
33 0.963638 0.828697 -0.056032
34 0.947465 0.832366 -0.032395
35 0.933550 0.838833 -0.006831
36 0.916808 0.842176 0.017368
37 0.880182 0.863138 0.042132
38 0.844089 0.869541 0.044972
39 0.802444 0.879214 0.031419
40 0.774308 0.886044 0.006917
41 0.756187 0.889288 -0.017996
42 0.744999 0.892468 -0.044234
43 0.740302 0.894957 -0.070579
44 0.738802 0.890215 -0.103187
45 0.742507 0.887392 -0.128904
46 0.748381 0.886256 -0.158471
47 0.754453 0.883185 -0.193064
48 0.762446 0.886346 -0.220624
49 0.773047 0.886109 -0.247047
50 0.788851 0.876773 -0.275681
51 0.809901 0.873046 -0.294858
52 0.836347 0.867625 -0.310592
53 0.871921 0.860870 -0.321466
54 0.919296 0.849538 -0.319022
55 0.954499 0.846131 -0.300745
56 0.982648 0.838146 -0.271998
57 0.995802 0.829310 -0.227724
58 0.995982 0.821553 -0.194522
59 0.995922 0.819535 -0.169063
Frame 1
30 0.995113 0.816700 -0.137530
31 0.990212 0.818539 -0.106596
32 0.979819 0.822576 -0.082041
33 0.963638 0.828697 -0.056032
34 0.947465 0.832366 -0.032395
35 0.933550 0.838833 -0.006831
36 0.916808 0.842176 0.017368
37 0.880182 0.863138 0.042132
38 0.844089 0.869541 0.044972
39 0.802444 0.879214 0.031419
40 0.774308 0.886044 0.006917
41 0.756187 0.889288 -0.017996
42 0.744999 0.892468 -0.044234
43 0.740302 0.894957 -0.070579
44 0.738802 0.890215 -0.103187
45 0.742507 0.887392 -0.128904
46 0.748381 0.886256 -0.158471
47 0.754453 0.883185 -0.193064
48 0.762446 0.886346 -0.220624
49 0.773047 0.886109 -0.247047
50 0.788851 0.876773 -0.275681
51 0.809901 0.873046 -0.294858
52 0.836347 0.867625 -0.310592
53 0.871921 0.860870 -0.321466
54 0.919296 0.849538 -0.319022
55 0.954499 0.846131 -0.300745
56 0.982648 0.838146 -0.271998
57 0.995802 0.829310 -0.227724
58 0.995982 0.821553 -0.194522
59 0.995922 0.819535 -0.169063
Frame 2
30 0.994363 0.816862 -0.137598
31 0.989430 0.818699 -0.106668
32 0.979014 0.822737 -0.082121
33 0.962808 0.828860 -0.056119
34 0.946605 0.832545 -0.032499
35 0.932634 0.839012 -0.006947
36 0.915865 0.842315 0.017231
37 0.879242 0.863328 0.041946
38 0.843154 0.869748 0.044740
39 0.801529 0.879437 0.031143
40 0.773423 0.886276 0.006610
41 0.755332 0.889530 -0.018319
42 0.744173 0.892714 -0.044568
43 0.739506 0.895206 -0.070917
44 0.738040 0.890463 -0.103527
45 0.741771 0.887639 -0.129241
46 0.747677 0.886502 -0.158800
47 0.753785 0.883431 -0.193387
48 0.761808 0.886589 -0.220939
49 0.772438 0.886349 -0.247350
50 0.788269 0.877008 -0.275968
51 0.809336 0.873275 -0.295121
52 0.835795 0.867845 -0.310827
53 0.871372 0.861078 -0.321665
54 0.918733 0.849733 -0.319177
55 0.953914 0.846317 -0.300867
56 0.982028 0.838340 -0.272102
57 0.995140 0.829494 -0.227813
58 0.995288 0.821730 -0.194607
59 0.995206 0.819704 -0.169139
Frame 3
30 0.992274 0.817308 -0.137792
31 0.987253 0.819140 -0.106869
32 0.976771 0.823181 -0.082348
33 0.960497 0.829309 -0.056365
34 0.944210 0.833037 -0.032791
35 0.930088 0.839504 -0.007275
36 0.913243 0.842698 0.016845
37 0.876626 0.863853 0.041425
38 0.840551 0.870316 0.044094
39 0.798983 0.880048 0.030371
40 0.770959 0.886916 0.005755
41 0.752953 0.890192 -0.019217
42 0.741875 0.893391 -0.045494
43 0.737288 0.895889 -0.071857
44 0.735916 0.891147 -0.104472
45 0.739721 0.888321 -0.130175
46 0.745713 0.887179 -0.159718
47 0.751923 0.884109 -0.194287
48 0.760032 0.887262 -0.221814
49 0.770740 0.887013 -0.248193
50 0.786644 0.877657 -0.276763
51 0.807761 0.873905 -0.295853
52 0.834253 0.868453 -0.311480
53 0.869840 0.861654 -0.322218
54 0.917163 0.850273 -0.319608
55 0.952282 0.846837 -0.301208
56 0.980298 0.838878 -0.272396
57 0.993295 0.830005 -0.228062
58 0.993355 0.822220 -0.194848
59 0.993208 0.820172 -0.169353
Frame 4
30 0.989084 0.817983 -0.138096
31 0.983931 0.819806 -0.107185
32 0.973348 0.823851 -0.082701
33 0.956971 0.829983 -0.056749
34 0.940557 0.833775 -0.033247
35 0.926211 0.840242 -0.007786
36 0.909251 0.843281 0.016243
37 0.872636 0.864637 0.040623
38 0.836584 0.871165 0.043104
39 0.795103 0.880960 0.029191
40 0.767202 0.887869 0.004451
41 0.749325 0.891184 -0.020586
42 0.738370 0.894404 -0.046907
43 0.733906 0.896910 -0.073289
44 0.732677 0.892170 -0.105913
45 0.736594 0.889344 -0.131598
46 0.742720 0.888196 -0.161116
47 0.749080 0.885127 -0.195657
48 0.757319 0.888272 -0.223145
49 0.768145 0.888012 -0.249475
50 0.784161 0.878635 -0.277974
51 0.805352 0.874857 -0.296968
52 0.831895 0.869371 -0.312476
53 0.867496 0.862524 -0.323060
54 0.914761 0.851091 -0.320266
55 0.949786 0.847625 -0.301729
56 0.977656 0.839695 -0.272846
57 0.990475 0.830781 -0.228447
58 0.990402 0.822963 -0.195220
59 0.990158 0.820880 -0.169687
Frame 5
30 0.985035 0.818830 -0.138493
31 0.979713 0.820641 -0.107596
32 0.969004 0.824687 -0.083162
33 0.952494 0.830826 -0.057251
34 0.935922 0.834690 -0.033841
35 0.921305 0.841157 -0.008453
36 0.904198 0.844016 0.015461
37 0.867581 0.865608 0.039593
38 0.831556 0.872215 0.041839
39 0.790185 0.882087 0.027688
40 0.762441 0.889048 0.002793
41 0.744726 0.892409 -0.022323
42 0.733927 0.895656 -0.048700
43 0.729618 0.898175 -0.075105
44 0.728568 0.893438 -0.107737
45 0.732627 0.890613 -0.133400
46 0.738919 0.889460 -0.162885
47 0.745472 0.886394 -0.197390
48 0.753873 0.889531 -0.224828
49 0.764849 0.889259 -0.251097
50 0.781005 0.879858 -0.279504
51 0.802289 0.876046 -0.298377
52 0.828894 0.870521 -0.313736
53 0.864514 0.863617 -0.324127
54 0.911707 0.852118 -0.321100
55 0.946611 0.848618 -0.302392
56 0.974297 0.840724 -0.273422
57 0.986892 0.831757 -0.228942
58 0.986652 0.823898 -0.195701
59 0.986285 0.821772 -0.170121
Frame 6
30 0.980365 0.819792 -0.138966
31 0.974852 0.821585 -0.108088
32 0.963997 0.825633 -0.083709
33 0.947334 0.831776 -0.057849
34 0.930584 0.835716 -0.034547
35 0.915669 0.842183 -0.009246
36 0.898392 0.844856 0.014536
37 0.861765 0.866691 0.038388
38 0.825767 0.873385 0.040370
39 0.784525 0.883342 0.025950
40 0.756963 0.890361 0.000879
41 0.739434 0.893776 -0.024326
42 0.728814 0.897056 -0.050763
43 0.724681 0.899590 -0.077193
44 0.723837 0.894858 -0.109834
45 0.728056 0.892035 -0.135471
46 0.734539 0.890877 -0.164917
47 0.741311 0.887819 -0.199380
48 0.749897 0.890949 -0.226761
49 0.761042 0.890666 -0.252957
50 0.777360 0.881240 -0.281261
51 0.798749 0.877393 -0.299995
52 0.825426 0.871825 -0.315184
53 0.861066 0.864857 -0.325354
54 0.908175 0.853290 -0.322059
55 0.942940 0.849751 -0.303159
56 0.970416 0.841901 -0.274092
57 0.982755 0.832873 -0.229524
58 0.982325 0.824965 -0.196269
59 0.981817 0.822787 -0.170635
Frame 7
30 0.975315 0.820813 -0.139499
31 0.969597 0.822584 -0.108640
32 0.958586 0.826630 -0.084320
33 0.941757 0.832774 -0.058521
34 0.924819 0.836784 -0.035336
35 0.909606 0.843253 -0.010134
36 0.892143 0.845754 0.013507
37 0.855492 0.867816 0.037066
38 0.819523 0.874595 0.038769
39 0.778420 0.884638 0.024063
40 0.751054 0.891718 -0.001191
41 0.733724 0.895190 -0.026490
42 0.723294 0.898506 -0.052988
43 0.719350 0.901058 -0.079445
44 0.718726 0.896334 -0.112092
45 0.723119 0.893516 -0.137702
46 0.729804 0.892358 -0.167105
47 0.736810 0.889311 -0.201521
48 0.745592 0.892437 -0.228839
49 0.756919 0.892146 -0.254956
50 0.773408 0.882699 -0.283151
51 0.794909 0.878818 -0.301736
52 0.821661 0.873206 -0.316743
53 0.857325 0.866175 -0.326678
54 0.904343 0.854538 -0.323096
55 0.938957 0.850964 -0.303992
56 0.966210 0.843158 -0.274826
57 0.978275 0.834064 -0.230167
58 0.977642 0.826103 -0.196899
59 0.976983 0.823869 -0.171210
Frame 8
30 0.970128 0.821837 -0.140074
31 0.964202 0.823579 -0.109235
32 0.953032 0.827619 -0.084977
33 0.936031 0.833761 -0.059244
34 0.918907 0.837826 -0.036181
35 0.903418 0.844300 -0.011082
36 0.885760 0.846659 0.012417
37 0.849066 0.868908 0.035683
38 0.813124 0.875763 0.037110
39 0.772164 0.885887 0.022118
40 0.744998 0.893028 -0.003319
41 0.727871 0.896559 -0.028709
42 0.717635 0.899911 -0.055267
43 0.713881 0.902484 -0.081747
44 0.713480 0.897774 -0.114402
45 0.718047 0.894964 -0.139981
46 0.724938 0.893809 -0.169340
47 0.732179 0.890781 -0.203707
48 0.741158 0.893908 -0.230959
49 0.752667 0.893613 -0.256997
50 0.769332 0.884150 -0.285081
51 0.790947 0.880239 -0.303517
52 0.817773 0.874588 -0.318341
53 0.853462 0.867499 -0.328037
54 0.900389 0.855797 -0.324164
55 0.934849 0.852192 -0.304856
56 0.961877 0.844432 -0.275594
57 0.973666 0.835270 -0.230847
58 0.972829 0.827254 -0.197569
59 0.972016 0.824960 -0.171827
Frame 9
30 0.965046 0.822805 -0.140675
31 0.958921 0.824513 -0.109857
32 0.947598 0.828542 -0.085656
33 0.930424 0.834676 -0.059994
34 0.913127 0.838775 -0.037052
35 0.897407 0.845257 -0.012056
36 0.879551 0.847519 0.011312
37 0.842793 0.869893 0.034301
38 0.806873 0.876806 0.035468
39 0.766052 0.887000 0.020205
40 0.739080 0.894197 -0.005403
41 0.722146 0.897786 -0.030876
42 0.712097 0.901177 -0.057489
43 0.708525 0.903774 -0.083989
44 0.708339 0.899079 -0.116650
45 0.713074 0.896284 -0.142201
46 0.720162 0.895140 -0.171515
47 0.727629 0.892136 -0.205835
48 0.736796 0.895271 -0.233022
49 0.748480 0.894980 -0.258982
50 0.765312 0.885509 -0.286960
51 0.787037 0.881576 -0.305254
52 0.813935 0.875894 -0.319903
53 0.849649 0.868756 -0.329371
54 0.896490 0.857001 -0.325215
55 0.930799 0.853374 -0.305716
56 0.957615 0.845659 -0.276367
57 0.969139 0.836430 -0.231542
58 0.968106 0.828356 -0.198258
59 0.967144 0.826001 -0.172466
Frame 10
30 0.960266 0.823676 -0.141285
31 0.953958 0.825342 -0.110487
32 0.942490 0.829353 -0.086338
33 0.925152 0.835477 -0.060744
34 0.907697 0.839585 -0.037919
35 0.891786 0.846072 -0.013018
36 0.873741 0.848273 0.010232
37 0.836909 0.870713 0.032971
38 0.801010 0.877663 0.033906
39 0.760318 0.887912 0.018400
40 0.733526 0.895158 -0.007360
41 0.716770 0.898801 -0.032906
42 0.706890 0.902232 -0.059566
43 0.703485 0.904854 -0.086083
44 0.703497 0.900181 -0.118748
45 0.708386 0.897406 -0.144271
46 0.715652 0.896278 -0.173544
47 0.723328 0.893308 -0.207821
48 0.732665 0.896458 -0.234945
49 0.744508 0.896179 -0.260834
50 0.761496 0.886711 -0.288717
51 0.783322 0.882766 -0.306882
52 0.810284 0.877062 -0.321374
53 0.846030 0.869889 -0.330632
54 0.892797 0.858094 -0.326207
55 0.926965 0.854458 -0.306537
56 0.953585 0.846783 -0.277120
57 0.964866 0.837491 -0.232231
58 0.963656 0.829363 -0.198946
59 0.962557 0.826946 -0.173112
Frame 11
30 0.955796 0.824451 -0.141895
31 0.949320 0.826072 -0.111112
32 0.937717 0.830062 -0.087011
33 0.920223 0.836171 -0.061484
34 0.902620 0.840277 -0.038765
35 0.886537 0.846764 -0.013953
36 0.868317 0.848913 0.009186
37 0.831421 0.871386 0.031705
38 0.795544 0.878355 0.032433
39 0.754969 0.888646 0.016711
40 0.728341 0.895934 -0.009186
41 0.711748 0.899628 -0.034794
42 0.702022 0.903097 -0.061494
43 0.698768 0.905746 -0.088026
44 0.698960 0.901098 -0.120692
45 0.703989 0.898345 -0.146190
46 0.711420 0.897240 -0.175425
47 0.719285 0.894310 -0.209661
48 0.728774 0.897480 -0.236727
49 0.740762 0.897218 -0.262551
50 0.757893 0.887761 -0.290350
51 0.779813 0.883812 -0.308399
52 0.806832 0.878092 -0.322748
53 0.842615 0.870894 -0.331812
54 0.889324 0.859071 -0.327128
55 0.923359 0.855437 -0.307309
56 0.949797 0.847799 -0.277840
57 0.960856 0.838451 -0.232905
58 0.959487 0.830273 -0.199623
59 0.958263 0.827799 -0.173754
Frame 12
30 0.951595 0.825148 -0.142492
31 0.944965 0.826722 -0.111724
32 0.933236 0.830691 -0.087665
33 0.915595 0.836785 -0.062204
34 0.897855 0.840881 -0.039585
35 0.881617 0.847363 -0.014855
36 0.863238 0.849471 0.008181
37 0.826279 0.871952 0.030504
38 0.790424 0.878930 0.031046
39 0.749957 0.889252 0.015128
40 0.723480 0.896574 -0.010894
41 0.707035 0.900316 -0.036555
42 0.697448 0.903821 -0.063292
43 0.694332 0.906496 -0.089835
44 0.694692 0.901872 -0.122502
45 0.699849 0.899143 -0.147977
46 0.707430 0.898061 -0.177176
47 0.715469 0.895171 -0.211374
48 0.725096 0.898364 -0.238384
49 0.737215 0.898122 -0.264149
50 0.754479 0.888679 -0.291870
51 0.776484 0.884729 -0.309814
52 0.803556 0.879000 -0.324035
53 0.839379 0.871784 -0.332919
54 0.886042 0.859943 -0.327987
55 0.919954 0.856319 -0.308035
56 0.946222 0.848715 -0.278528
57 0.957076 0.839322 -0.233556
58 0.955563 0.831099 -0.200281
59 0.954225 0.828571 -0.174382
Frame 13
30 0.947623 0.825781 -0.143065
31 0.940849 0.827312 -0.112310
32 0.929003 0.831260 -0.088291
33 0.911225 0.837341 -0.062897
34 0.893358 0.841425 -0.040371
35 0.876983 0.847901 -0.015716
36 0.858459 0.849978 0.007224
37 0.821438 0.872453 0.029369
38 0.785602 0.879434 0.029741
39 0.745234 0.889777 0.013642
40 0.718897 0.897127 -0.012495
41 0.702587 0.900912 -0.038207
42 0.693128 0.904450 -0.064978
43 0.690138 0.907146 -0.091532
44 0.690655 0.902544 -0.124197
45 0.695931 0.899837 -0.149649
46 0.703650 0.898777 -0.178814
47 0.711851 0.895926 -0.212977
48 0.721604 0.899138 -0.239933
49 0.733845 0.898916 -0.265643
50 0.751232 0.889487 -0.293292
51 0.773315 0.885538 -0.311138
52 0.800435 0.879801 -0.325240
53 0.836299 0.872572 -0.333956
54 0.882925 0.860720 -0.328788
55 0.916721 0.857113 -0.308716
56 0.942828 0.849543 -0.279181
57 0.953493 0.840113 -0.234180
58 0.951848 0.831851 -0.200911
59 0.950403 0.829275 -0.174984
Frame 14
30 0.943841 0.826367 -0.143603
31 0.936931 0.827859 -0.112861
32 0.924974 0.831792 -0.088882
33 0.907071 0.837864 -0.063554
34 0.889089 0.841936 -0.041115
35 0.872592 0.848407 -0.016531
36 0.853937 0.850466 0.006321
37 0.816850 0.872930 0.028299
38 0.781031 0.879910 0.028511
39 0.740751 0.890272 0.012244
40 0.714543 0.897643 -0.014003
41 0.698359 0.901464 -0.039764
42 0.689019 0.905027 -0.066571
43 0.686148 0.907742 -0.093133
44 0.686812 0.903155 -0.125794
45 0.692200 0.900467 -0.151224
46 0.700048 0.899422 -0.180356
47 0.708401 0.896604 -0.214485
48 0.718272 0.899832 -0.241391
49 0.730627 0.899624 -0.267048
50 0.748128 0.890205 -0.294627
51 0.770284 0.886254 -0.312382
52 0.797446 0.880509 -0.326372
53 0.833349 0.873271 -0.334929
54 0.879945 0.861412 -0.329538
55 0.913633 0.857825 -0.309354
56 0.939586 0.850291 -0.279797
57 0.950074 0.840834 -0.234768
58 0.948306 0.832541 -0.201502
59 0.946762 0.829924 -0.175552
Frame 15
30 0.940207 0.826921 -0.144096
31 0.933168 0.828385 -0.113367
32 0.921106 0.832308 -0.089427
33 0.903089 0.838376 -0.064167
34 0.885006 0.842444 -0.041810
35 0.868399 0.848914 -0.017294
36 0.849629 0.850965 0.005476
37 0.812469 0.873425 0.027293
38 0.776660 0.880407 0.027355
39 0.736462 0.890784 0.010922
40 0.710375 0.898171 -0.015434
41 0.694307 0.902021 -0.041246
42 0.685079 0.905603 -0.068088
43 0.682322 0.908329 -0.094659
44 0.683125 0.903748 -0.127314
45 0.688619 0.901070 -0.152722
46 0.696591 0.900033 -0.181822
47 0.705090 0.897238 -0.215917
48 0.715073 0.900473 -0.242775
49 0.727536 0.900272 -0.268381
50 0.745145 0.890853 -0.295890
51 0.767367 0.886897 -0.313556
52 0.794569 0.881143 -0.327437
53 0.830506 0.873893 -0.335844
54 0.877076 0.862031 -0.330241
55 0.910661 0.858466 -0.309950
56 0.936464 0.850969 -0.280373
57 0.946787 0.841496 -0.235316
58 0.944901 0.833181 -0.202047
59 0.943262 0.830530 -0.176072
Frame 16
30 0.936680 0.827459 -0.144531
31 0.929515 0.828907 -0.113816
32 0.917356 0.832829 -0.089919
33 0.899235 0.838903 -0.064729
34 0.881066 0.842978 -0.042451
35 0.864361 0.849455 -0.017998
36 0.845490 0.851508 0.004696
37 0.808247 0.873981 0.026352
38 0.772442 0.880971 0.026265
39 0.732317 0.891364 0.009668
40 0.706345 0.898761 -0.016799
41 0.690387 0.902631 -0.042667
42 0.681267 0.906223 -0.069547
43 0.678620 0.908949 -0.096129
44 0.679560 0.904365 -0.128776
45 0.685156 0.901686 -0.154160
46 0.693249 0.900645 -0.183227
47 0.701889 0.897857 -0.217288
48 0.711981 0.901088 -0.244101
49 0.724548 0.900882 -0.269657
50 0.742260 0.891451 -0.297092
51 0.764544 0.887484 -0.314667
52 0.791782 0.881715 -0.328442
53 0.827745 0.874451 -0.336702
54 0.874290 0.862587 -0.330902
55 0.907776 0.859042 -0.310506
56 0.933433 0.851587 -0.280909
57 0.943598 0.842109 -0.235816
58 0.941596 0.833781 -0.202537
59 0.939863 0.831106 -0.176538
Frame 17
30 0.933224 0.827996 -0.144898
31 0.925933 0.829444 -0.114199
32 0.913678 0.833376 -0.090351
33 0.895466 0.839469 -0.065238
34 0.877222 0.843566 -0.043038
35 0.860430 0.850062 -0.018649
36 0.841470 0.852130 0.003973
37 0.804135 0.874639 0.025467
38 0.768327 0.881645 0.025232
39 0.728271 0.892054 0.008467
40 0.702408 0.899455 -0.018115
41 0.686558 0.903334 -0.044046
42 0.677544 0.906925 -0.070968
43 0.675007 0.909641 -0.097560
44 0.676081 0.905039 -0.130197
45 0.681779 0.902347 -0.155556
46 0.689990 0.901286 -0.184590
47 0.698771 0.898488 -0.218617
48 0.708973 0.901701 -0.245384
49 0.721642 0.901476 -0.270888
50 0.739453 0.892018 -0.298245
51 0.761795 0.888028 -0.315728
52 0.789066 0.882236 -0.329392
53 0.825047 0.874955 -0.337507
54 0.871558 0.863087 -0.331518
55 0.904949 0.859562 -0.311015
56 0.930463 0.852157 -0.281394
57 0.940475 0.842685 -0.236258
58 0.938358 0.834354 -0.202962
59 0.936534 0.831666 -0.176937
Frame 18
30 0.929817 0.828538 -0.145199
31 0.922399 0.830001 -0.114521
32 0.910049 0.833956 -0.090724
33 0.891750 0.840079 -0.065700
34 0.873439 0.844212 -0.043582
35 0.856566 0.850738 -0.019259
36 0.837527 0.852838 0.003290
37 0.800089 0.875396 0.024621
38 0.764274 0.882425 0.024235
39 0.724286 0.892852 0.007296
40 0.698530 0.900249 -0.019408
41 0.682787 0.904130 -0.045407
42 0.673882 0.907708 -0.072376
43 0.671458 0.910406 -0.098980
44 0.672666 0.905769 -0.131603
45 0.678468 0.903053 -0.156936
46 0.686800 0.901959 -0.185935
47 0.695722 0.899136 -0.219924
48 0.706037 0.902317 -0.246648
49 0.718810 0.902059 -0.272098
50 0.736720 0.892561 -0.299369
51 0.759118 0.888540 -0.316756
52 0.786420 0.882719 -0.330304
53 0.822412 0.875414 -0.338267
54 0.868881 0.863544 -0.332085
55 0.902171 0.860044 -0.311474
56 0.927545 0.852695 -0.281826
57 0.937407 0.843237 -0.236642
58 0.935173 0.834911 -0.203324
59 0.933256 0.832218 -0.177272
Frame 19
30 0.926445 0.829096 -0.145442
31 0.918895 0.830584 -0.114785
32 0.906446 0.834570 -0.091048
33 0.888065 0.840731 -0.066123
34 0.869690 0.844911 -0.044091
35 0.852738 0.851476 -0.019838
36 0.833621 0.853617 0.002637
37 0.796071 0.876239 0.023795
38 0.760245 0.883296 0.023252
39 0.720326 0.893739 0.006128
40 0.694680 0.901127 -0.020705
41 0.679048 0.905002 -0.046778
42 0.670257 0.908559 -0.073797
43 0.667951 0.911228 -0.100413
44 0.669299 0.906547 -0.133022
45 0.675208 0.903798 -0.158325
46 0.683665 0.902661 -0.187287
47 0.692733 0.899798 -0.221235
48 0.703166 0.902940 -0.247915
49 0.716048 0.902640 -0.273308
50 0.734059 0.893090 -0.300487
51 0.756513 0.889030 -0.317770
52 0.783846 0.883177 -0.331194
53 0.819843 0.875846 -0.338998
54 0.866263 0.863973 -0.332615
55 0.899448 0.860503 -0.311891
56 0.924683 0.853216 -0.282208
57 0.934391 0.843778 -0.236971
58 0.932034 0.835464 -0.203627
59 0.930019 0.832772 -0.177549
Frame 20
30 0.923095 0.829674 -0.145633
31 0.915405 0.831197 -0.115003
32 0.902853 0.835219 -0.091331
33 0.884388 0.841424 -0.066512
34 0.865948 0.845658 -0.044571
35 0.848912 0.852268 -0.020394
36 0.829715 0.854455 0.002001
37 0.792042 0.877150 0.022972
38 0.756203 0.884239 0.022260
39 0.716357 0.894696 0.004939
40 0.690827 0.902071 -0.022033
41 0.675313 0.905933 -0.048187
42 0.666643 0.909463 -0.075259
43 0.664461 0.912096 -0.101889
44 0.665959 0.907364 -0.134481
45 0.671982 0.904573 -0.159752
46 0.680573 0.903387 -0.188674
47 0.689796 0.900476 -0.222578
48 0.700353 0.903569 -0.249209
49 0.713351 0.903221 -0.274541
50 0.731469 0.893612 -0.301620
51 0.753984 0.889510 -0.318789
52 0.781350 0.883623 -0.332080
53 0.817349 0.876266 -0.339714
54 0.863711 0.864392 -0.333117
55 0.896785 0.860955 -0.312270
56 0.921876 0.853735 -0.282545
57 0.931420 0.844322 -0.237250
58 0.928933 0.836026 -0.203881
59 0.926815 0.833340 -0.177775
Frame 21
30 0.919751 0.830281 -0.145781
31 0.911911 0.831844 -0.115184
32 0.899249 0.835905 -0.091582
33 0.880693 0.842155 -0.066874
34 0.862185 0.846447 -0.045031
35 0.845057 0.853103 -0.020937
36 0.825771 0.855340 0.001374
37 0.787961 0.878115 0.022134
38 0.752110 0.885236 0.021237
39 0.712344 0.895706 0.003701
40 0.686941 0.903062 -0.023421
41 0.671554 0.906908 -0.049661
42 0.663017 0.910407 -0.076790
43 0.660970 0.912999 -0.103434
44 0.662628 0.908208 -0.136007
45 0.668774 0.905374 -0.161243
46 0.677509 0.904132 -0.190121
47 0.686900 0.901168 -0.223975
48 0.697592 0.904210 -0.250556
49 0.710715 0.903808 -0.275820
50 0.728950 0.894138 -0.302789
51 0.751530 0.889992 -0.319836
52 0.778933 0.884069 -0.332981
53 0.814934 0.876687 -0.340428
54 0.861234 0.864816 -0.333602
55 0.894189 0.861416 -0.312620
56 0.919126 0.854269 -0.282842
57 0.928492 0.844883 -0.237484
58 0.925863 0.836608 -0.204088
59 0.923631 0.833933 -0.177956
Frame 22
30 0.916401 0.830924 -0.145894
31 0.908394 0.832529 -0.115332
32 0.895615 0.836630 -0.091807
33 0.876961 0.842923 -0.067216
34 0.858375 0.847271 -0.045477
35 0.841141 0.853975 -0.021474
36 0.821751 0.856256 0.000742
37 0.783793 0.879116 0.021261
38 0.747932 0.886270 0.020160
39 0.708253 0.896750 0.002388
40 0.682991 0.904083 -0.024896
41 0.667745 0.907911 -0.051228
42 0.659353 0.911374 -0.078418
43 0.657454 0.913925 -0.105076
44 0.659288 0.909073 -0.137630
45 0.665570 0.906192 -0.162826
46 0.674463 0.904893 -0.191654
47 0.684037 0.901875 -0.225452
48 0.694877 0.904864 -0.251977
49 0.708136 0.904407 -0.277167
50 0.726502 0.894675 -0.304016
51 0.749154 0.890487 -0.320928
52 0.776600 0.884532 -0.333912
53 0.812605 0.877126 -0.341157
54 0.858837 0.865261 -0.334076
55 0.891662 0.861904 -0.312944
56 0.916435 0.854831 -0.283103
57 0.925603 0.845476 -0.237678
58 0.922817 0.837223 -0.204254
59 0.920456 0.834559 -0.178097
Frame 23
30 0.913027 0.831611 -0.145980
31 0.904839 0.833258 -0.115458
32 0.891928 0.837394 -0.092016
33 0.873166 0.843725 -0.067545
34 0.854490 0.848128 -0.045916
35 0.837131 0.854875 -0.022016
36 0.817617 0.857192 0.000095
37 0.779497 0.880137 0.020335
38 0.743628 0.887321 0.019004
39 0.704051 0.897808 0.000973
40 0.678947 0.905118 -0.026487
41 0.663859 0.908927 -0.052918
42 0.655627 0.912353 -0.080170
43 0.653893 0.914860 -0.106843
44 0.655922 0.909946 -0.139374
45 0.662354 0.907021 -0.164527
46 0.671421 0.905666 -0.193299
47 0.681199 0.902596 -0.227035
48 0.692200 0.905534 -0.253497
49 0.705611 0.905024 -0.278605
50 0.724124 0.895234 -0.305321
51 0.746859 0.891007 -0.322085
52 0.774355 0.885022 -0.334893
53 0.810366 0.877600 -0.341913
54 0.856529 0.865745 -0.334551
55 0.889213 0.862432 -0.313249
56 0.913803 0.855437 -0.283331
57 0.922746 0.846113 -0.237834
58 0.919785 0.837883 -0.204388
59 0.917281 0.835229 -0.178206
Frame 24
30 0.909615 0.832349 -0.146046
31 0.901226 0.834033 -0.115571
32 0.888172 0.838197 -0.092218
33 0.869283 0.844558 -0.067869
34 0.850502 0.849011 -0.046359
35 0.832994 0.855794 -0.022574
36 0.813330 0.858134 -0.000581
37 0.775034 0.881164 0.019336
38 0.739164 0.888372 0.017746
39 0.699703 0.898864 -0.000572
40 0.674781 0.906148 -0.028222
41 0.659869 0.909938 -0.054758
42 0.651819 0.913328 -0.082075
43 0.650266 0.915794 -0.108761
44 0.652513 0.910821 -0.141269
45 0.659113 0.907855 -0.166374
46 0.668373 0.906449 -0.195082
47 0.678378 0.903332 -0.228748
48 0.689557 0.906223 -0.255138
49 0.703138 0.905665 -0.280153
50 0.721816 0.895822 -0.306724
51 0.744645 0.891563 -0.323325
52 0.772202 0.885556 -0.335938
53 0.808226 0.878123 -0.342708
54 0.854315 0.866286 -0.335033
55 0.886846 0.863020 -0.313540
56 0.911234 0.856102 -0.283530
57 0.919920 0.846809 -0.237958
58 0.916761 0.838599 -0.204492
59 0.914094 0.835955 -0.178290
Frame 25
30 0.906157 0.833140 -0.146099
31 0.897547 0.834856 -0.115678
32 0.884334 0.839038 -0.092421
33 0.865302 0.845420 -0.068201
34 0.846396 0.849910 -0.046818
35 0.828721 0.856719 -0.023165
36 0.808879 0.859086 -0.001303
37 0.770390 0.882179 0.018250
38 0.734527 0.889407 0.016372
39 0.695198 0.899899 -0.002261
40 0.670480 0.907155 -0.030117
41 0.655765 0.910929 -0.056763
42 0.647915 0.914286 -0.084150
43 0.646563 0.916713 -0.110848
44 0.649054 0.911687 -0.143331
45 0.655840 0.908685 -0.168381
46 0.665316 0.907236 -0.197018
47 0.675571 0.904080 -0.230604
48 0.686948 0.906931 -0.256913
49 0.700716 0.906331 -0.281825
50 0.719582 0.896447 -0.308237
51 0.742519 0.892163 -0.324658
52 0.770146 0.886140 -0.337055
53 0.806191 0.878704 -0.343551
54 0.852205 0.866894 -0.335529
55 0.884566 0.863675 -0.313820
56 0.908729 0.856835 -0.283705
57 0.917122 0.847571 -0.238054
58 0.913743 0.839376 -0.204574
59 0.910890 0.836738 -0.178351
Frame 26
30 0.902684 0.833969 -0.146141
31 0.893833 0.835710 -0.115779
32 0.880452 0.839902 -0.092630
33 0.861261 0.846300 -0.068550
34 0.842217 0.850811 -0.047300
35 0.824363 0.857638 -0.023795
36 0.804320 0.860049 -0.002071
37 0.765625 0.883174 0.017089
38 0.729777 0.890415 0.014903
39 0.690592 0.900904 -0.004066
40 0.666094 0.908129 -0.032143
41 0.651594 0.911892 -0.058904
42 0.643958 0.915217 -0.086364
43 0.642825 0.917609 -0.113075
44 0.645580 0.912536 -0.145529
45 0.652569 0.909503 -0.170520
46 0.662277 0.908017 -0.199077
47 0.672804 0.904830 -0.232576
48 0.684393 0.907650 -0.258795
49 0.698365 0.907014 -0.283594
50 0.717434 0.897097 -0.309835
51 0.740493 0.892795 -0.326063
52 0.768197 0.886762 -0.338227
53 0.804270 0.879333 -0.344426
54 0.850206 0.867555 -0.336032
55 0.882386 0.864384 -0.314087
56 0.906302 0.857620 -0.283857
57 0.914372 0.848382 -0.238125
58 0.910751 0.840202 -0.204633
59 0.907694 0.837566 -0.178393
Frame 27
30 0.899236 0.834816 -0.146169
31 0.890132 0.836576 -0.115875
32 0.876570 0.840770 -0.092837
33 0.857208 0.847180 -0.068908
34 0.838016 0.851698 -0.047796
35 0.819977 0.858536 -0.024452
36 0.799715 0.861008 -0.002874
37 0.760806 0.884135 0.015873
38 0.724980 0.891388 0.013366
39 0.685950 0.901868 -0.005954
40 0.661687 0.909063 -0.034261
41 0.647411 0.912814 -0.061142
42 0.640003 0.916110 -0.088678
43 0.639100 0.918472 -0.115398
44 0.642133 0.913356 -0.147820
45 0.649338 0.910298 -0.172748
46 0.659292 0.908781 -0.201220
47 0.670106 0.905570 -0.234625
48 0.681917 0.908364 -0.260745
49 0.696103 0.907700 -0.285424
50 0.715391 0.897758 -0.311486
51 0.738579 0.893444 -0.327509
52 0.766365 0.887406 -0.339427
53 0.802470 0.879989 -0.345315
54 0.848324 0.868250 -0.336529
55 0.880314 0.865126 -0.314334
56 0.903967 0.858434 -0.283982
57 0.911690 0.849221 -0.238167
58 0.907813 0.841052 -0.204670
59 0.904539 0.838417 -0.178416
Frame 28
30 0.895851 0.835664 -0.146181
31 0.886485 0.837437 -0.115960
32 0.872738 0.841627 -0.093039
33 0.853195 0.848044 -0.069268
34 0.833847 0.852559 -0.048299
35 0.815620 0.859402 -0.025125
36 0.795129 0.861947 -0.003699
37 0.756003 0.885055 0.014623
38 0.720204 0.892315 0.011787
39 0.681336 0.902785 -0.007894
40 0.657318 0.909947 -0.036435
41 0.643276 0.913688 -0.063437
42 0.636103 0.916958 -0.091047
43 0.635438 0.919292 -0.117776
44 0.638760 0.914139 -0.150165
45 0.646187 0.911061 -0.175024
46 0.656394 0.909519 -0.203406
47 0.667505 0.906291 -0.236710
48 0.679545 0.909063 -0.262727
49 0.693952 0.908377 -0.287279
50 0.713465 0.898415 -0.313158
51 0.736787 0.894095 -0.328969
52 0.764659 0.888056 -0.340632
53 0.800799 0.880656 -0.346198
54 0.846569 0.868957 -0.337009
55 0.878359 0.865881 -0.314557
56 0.901740 0.859257 -0.284078
57 0.909100 0.850066 -0.238182
58 0.904956 0.841906 -0.204684
59 0.901456 0.839269 -0.178419
Frame 29
30 0.892570 0.836490 -0.146178
31 0.882937 0.838274 -0.116031
32 0.869002 0.842456 -0.093231
33 0.849273 0.848876 -0.069624
34 0.829763 0.853378 -0.048801
35 0.811348 0.860221 -0.025800
36 0.790626 0.862852 -0.004533
37 0.751284 0.885921 0.013363
38 0.715517 0.893186 0.010195
39 0.676816 0.903643 -0.009850
40 0.653047 0.910774 -0.038625
41 0.639243 0.914505 -0.065747
42 0.632310 0.917749 -0.093431
43 0.631885 0.920062 -0.120164
44 0.635502 0.914876 -0.152517
45 0.643153 0.911782 -0.177307
46 0.653617 0.910220 -0.205596
47 0.665029 0.906978 -0.238797
48 0.677300 0.909733 -0.264705
49 0.691930 0.909031 -0.289127
50 0.711672 0.899055 -0.314818
51 0.735129 0.894731 -0.330413
52 0.763087 0.888694 -0.341819
53 0.799264 0.881313 -0.347059
54 0.844948 0.869656 -0.337462
55 0.876534 0.866624 -0.314749
56 0.899634 0.860066 -0.284142
57 0.906623 0.850894 -0.238170
58 0.902209 0.842742 -0.204675
59 0.898480 0.840103 -0.178401
Frame 30
30 0.889434 0.837279 -0.146156
31 0.879535 0.839067 -0.116087
32 0.865411 0.843239 -0.093407
33 0.845493 0.849659 -0.069969
34 0.825820 0.854139 -0.049292
35 0.807222 0.860980 -0.026464
36 0.786271 0.863707 -0.005361
37 0.746719 0.886724 0.012114
38 0.710985 0.893991 0.008617
39 0.672452 0.904434 -0.011789
40 0.648934 0.911536 -0.040792
41 0.635368 0.915254 -0.068033
42 0.628675 0.918477 -0.095786
43 0.628491 0.920769 -0.122523
44 0.632401 0.915559 -0.154839
45 0.640275 0.912451 -0.179557
46 0.650994 0.910872 -0.207749
47 0.662706 0.907620 -0.240844
48 0.675206 0.910363 -0.266643
49 0.690056 0.909647 -0.290932
50 0.710025 0.899662 -0.316436
51 0.733617 0.895338 -0.331816
52 0.761660 0.889305 -0.342966
53 0.797872 0.881941 -0.347880
54 0.843467 0.870325 -0.337877
55 0.874847 0.867337 -0.314908
56 0.897666 0.860838 -0.284172
57 0.904283 0.851683 -0.238129
58 0.899599 0.843539 -0.204645
59 0.895644 0.840898 -0.178363
Frame 31
30 0.886484 0.838007 -0.146113
31 0.876324 0.839799 -0.116121
32 0.862014 0.843960 -0.093561
33 0.841908 0.850378 -0.070296
34 0.822070 0.854831 -0.049764
35 0.803298 0.861670 -0.027104
36 0.782126 0.864496 -0.006167
37 0.742375 0.887453 0.010902
38 0.706674 0.894722 0.007083
39 0.668307 0.905150 -0.013674
40 0.645039 0.912224 -0.042896
41 0.631707 0.915930 -0.070252
42 0.625251 0.919132 -0.098069
43 0.625301 0.921408 -0.124808
44 0.629496 0.916177 -0.157085
45 0.637589 0.913059 -0.181731
46 0.648556 0.911468 -0.209828
47 0.660560 0.908205 -0.242816
48 0.673285 0.910939 -0.268505
49 0.688347 0.910215 -0.292663
50 0.708540 0.900222 -0.317981
51 0.732259 0.895898 -0.333150
52 0.760384 0.889871 -0.344051
53 0.796632 0.882523 -0.348646
54 0.842137 0.870944 -0.338247
55 0.873312 0.867997 -0.315030
56 0.895852 0.861551 -0.284167
57 0.902103 0.852410 -0.238062
58 0.897156 0.844274 -0.204592
59 0.892983 0.841632 -0.178305
Frame 32
30 0.883736 0.838661 -0.146050
31 0.873323 0.840455 -0.116133
32 0.858831 0.844605 -0.093690
33 0.838543 0.851021 -0.070596
34 0.818544 0.855446 -0.050209
35 0.799607 0.862282 -0.027709
36 0.778229 0.865209 -0.006939
37 0.738290 0.888108 0.009742
38 0.702618 0.895376 0.005612
39 0.664415 0.905791 -0.015483
40 0.641391 0.912841 -0.044912
41 0.628287 0.916533 -0.072379
42 0.622062 0.919717 -0.100255
43 0.622337 0.921980 -0.126992
44 0.626810 0.916731 -0.159229
45 0.635113 0.913605 -0.183805
46 0.646319 0.912003 -0.211806
47 0.658604 0.908732 -0.244691
48 0.671546 0.911458 -0.270271
49 0.686814 0.910728 -0.294299
50 0.707219 0.900729 -0.319440
51 0.731057 0.896404 -0.334402
52 0.759262 0.890383 -0.345063
53 0.795539 0.883046 -0.349349
54 0.840954 0.871498 -0.338567
55 0.871928 0.868588 -0.315114
56 0.894197 0.862190 -0.284130
57 0.900095 0.853060 -0.237970
58 0.894894 0.844933 -0.204519
59 0.890513 0.842291 -0.178229
Frame 33
30 0.881134 0.839247 -0.145961
31 0.870471 0.841040 -0.116120
32 0.855798 0.845183 -0.093792
33 0.835332 0.851597 -0.070874
34 0.815176 0.855995 -0.050629
35 0.796079 0.862831 -0.028285
36 0.774503 0.865864 -0.007685
37 0.734382 0.888703 0.008616
38 0.698741 0.895975 0.004181
39 0.660704 0.906383 -0.017247
40 0.637923 0.913413 -0.046875
41 0.625046 0.917095 -0.074449
42 0.619050 0.920263 -0.102380
43 0.619549 0.922515 -0.129116
44 0.624293 0.917250 -0.161311
45 0.632802 0.914116 -0.185813
46 0.644243 0.912504 -0.213721
47 0.656804 0.909225 -0.246500
48 0.669960 0.911942 -0.271971
49 0.685426 0.911206 -0.295869
50 0.706039 0.901198 -0.320832
51 0.729992 0.896872 -0.335592
52 0.758273 0.890853 -0.346017
53 0.794574 0.883521 -0.349999
54 0.839895 0.871996 -0.338842
55 0.870667 0.869119 -0.315161
56 0.892670 0.862761 -0.284061
57 0.898218 0.853641 -0.237849
58 0.892769 0.845522 -0.204419
59 0.888183 0.842880 -0.178127
Frame 34
30 0.878605 0.839775 -0.145838
31 0.867687 0.841570 -0.116076
32 0.852833 0.845709 -0.093865
33 0.832189 0.852125 -0.071128
34 0.811873 0.856497 -0.051031
35 0.792618 0.863336 -0.028843
36 0.770849 0.866482 -0.008420
37 0.730549 0.889265 0.007499
38 0.694942 0.896546 0.002755
39 0.657078 0.906953 -0.019006
40 0.634546 0.913970 -0.048834
41 0.621902 0.917643 -0.076515
42 0.616140 0.920801 -0.104497
43 0.616864 0.923040 -0.131229
44 0.621880 0.917760 -0.163380
45 0.630597 0.914617 -0.187809
46 0.642274 0.912995 -0.215618
47 0.655113 0.909706 -0.248288
48 0.668485 0.912414 -0.273647
49 0.684152 0.911669 -0.297412
50 0.704971 0.901650 -0.322195
51 0.729037 0.897319 -0.336747
52 0.757390 0.891298 -0.346934
53 0.793711 0.883963 -0.350609
54 0.838931 0.872451 -0.339076
55 0.869497 0.869600 -0.315167
56 0.891229 0.863277 -0.283952
57 0.896424 0.854164 -0.237692
58 0.890724 0.846055 -0.204285
59 0.885929 0.843414 -0.177991
Frame 35
30 0.876078 0.840262 -0.145675
31 0.864897 0.842060 -0.115995
32 0.849855 0.846198 -0.093908
33 0.829028 0.852620 -0.071361
34 0.808546 0.856971 -0.051418
35 0.789129 0.863817 -0.029394
36 0.767163 0.867082 -0.009160
37 0.726689 0.889817 0.006365
38 0.691119 0.897116 0.001300
39 0.653441 0.907533 -0.020805
40 0.631171 0.914543 -0.050838
41 0.618771 0.918211 -0.078629
42 0.613254 0.921359 -0.106661
43 0.614213 0.923587 -0.133387
44 0.619512 0.918291 -0.165490
45 0.628442 0.915139 -0.189838
46 0.640364 0.913501 -0.217545
47 0.653488 0.910201 -0.250099
48 0.667085 0.912896 -0.275339
49 0.682958 0.912141 -0.298964
50 0.703988 0.902104 -0.323558
51 0.728165 0.897762 -0.337895
52 0.756591 0.891733 -0.347835
53 0.792925 0.884385 -0.351192
54 0.838034 0.872876 -0.339269
55 0.868383 0.870045 -0.315127
56 0.889833 0.863753 -0.283796
57 0.894659 0.854643 -0.237490
58 0.888697 0.846545 -0.204110
59 0.883689 0.843904 -0.177815
Frame 36
30 0.873478 0.840719 -0.145465
31 0.862019 0.842523 -0.115875
32 0.846779 0.846664 -0.093919
33 0.825761 0.853098 -0.071577
34 0.805103 0.857433 -0.051799
35 0.785515 0.864291 -0.029950
36 0.763345 0.867686 -0.009922
37 0.722697 0.890383 0.005184
38 0.687172 0.897712 -0.000220
39 0.649698 0.908150 -0.022691
40 0.627713 0.915160 -0.052937
41 0.615573 0.918828 -0.080842
42 0.610318 0.921967 -0.108926
43 0.611528 0.924185 -0.135642
44 0.617124 0.918869 -0.167691
45 0.626279 0.915705 -0.191955
46 0.638460 0.914049 -0.219548
47 0.651887 0.910732 -0.251976
48 0.665721 0.913411 -0.277087
49 0.681813 0.912639 -0.300562
50 0.703060 0.902578 -0.324952
51 0.727352 0.898218 -0.339060
52 0.755850 0.892172 -0.348736
53 0.792193 0.884801 -0.351756
54 0.837174 0.873282 -0.339423
55 0.867291 0.870464 -0.315037
56 0.888437 0.864199 -0.283586
57 0.892871 0.855089 -0.237234
58 0.886630 0.847004 -0.203886
59 0.881394 0.844365 -0.177589
Frame 37
30 0.870735 0.841163 -0.145199
31 0.858975 0.842975 -0.115708
32 0.843522 0.847123 -0.093897
33 0.822302 0.853576 -0.071776
34 0.801453 0.857901 -0.052178
35 0.781679 0.864778 -0.030525
36 0.759291 0.868314 -0.010725
37 0.718472 0.890988 0.003928
38 0.683003 0.898363 -0.001845
39 0.645758 0.908836 -0.024709
40 0.624083 0.915852 -0.055184
41 0.612230 0.919524 -0.083209
42 0.607260 0.922656 -0.111347
43 0.608741 0.924861 -0.138050
44 0.614658 0.919524 -0.170037
45 0.624056 0.916343 -0.194204
46 0.636514 0.914663 -0.221674
47 0.650267 0.911325 -0.253963
48 0.664358 0.913980 -0.278932
49 0.680685 0.913187 -0.302240
50 0.702163 0.903091 -0.326408
51 0.726574 0.898704 -0.340265
52 0.755144 0.892632 -0.349656
53 0.791489 0.885226 -0.352310
54 0.836324 0.873682 -0.339535
55 0.866184 0.870871 -0.314889
56 0.886999 0.864629 -0.283313
57 0.891006 0.855517 -0.236914
58 0.884463 0.847446 -0.203603
59 0.878981 0.844809 -0.177307
Frame 38
30 0.867771 0.841604 -0.144873
31 0.855682 0.843429 -0.115492
32 0.839999 0.847591 -0.093841
33 0.818560 0.854071 -0.071964
34 0.797503 0.858394 -0.052567
35 0.777525 0.865299 -0.031134
36 0.754901 0.868990 -0.011591
37 0.713911 0.891656 0.002564
38 0.678513 0.899096 -0.003613
39 0.641528 0.909620 -0.026908
40 0.620201 0.916651 -0.057629
41 0.608664 0.920329 -0.085785
42 0.604009 0.923455 -0.113978
43 0.605788 0.925647 -0.140664
44 0.612056 0.920282 -0.172580
45 0.621718 0.917078 -0.196639
46 0.634480 0.915367 -0.223968
47 0.648587 0.912001 -0.256099
48 0.662962 0.914626 -0.280909
49 0.679544 0.913802 -0.304032
50 0.701269 0.903662 -0.327953
51 0.725806 0.899235 -0.341532
52 0.754450 0.893126 -0.350608
53 0.790787 0.885670 -0.352862
54 0.835452 0.874088 -0.339604
55 0.865026 0.871275 -0.314675
56 0.885473 0.865055 -0.282966
57 0.889010 0.855938 -0.236523
58 0.882132 0.847884 -0.203253
59 0.876379 0.845250 -0.176958
Frame 39
30 0.864512 0.842058 -0.144479
31 0.852060 0.843903 -0.115225
32 0.836124 0.848083 -0.093753
33 0.814448 0.854600 -0.072147
34 0.793160 0.858932 -0.052973
35 0.772954 0.865873 -0.031793
36 0.750073 0.869733 -0.012542
37 0.708913 0.892413 0.001060
38 0.673604 0.899939 -0.005565
39 0.636919 0.910531 -0.029336
40 0.615983 0.917585 -0.060328
41 0.604800 0.921274 -0.088624
42 0.600495 0.924395 -0.116874
43 0.602607 0.926570 -0.143539
44 0.609261 0.921170 -0.175370
45 0.619214 0.917938 -0.199305
46 0.632311 0.916188 -0.226474
47 0.646811 0.912784 -0.258427
48 0.661498 0.915369 -0.283055
49 0.678361 0.914504 -0.305969
50 0.700353 0.904306 -0.329612
51 0.725024 0.899829 -0.342881
52 0.753742 0.893670 -0.351606
53 0.790063 0.886148 -0.353415
54 0.834527 0.874511 -0.339624
55 0.863779 0.871689 -0.314385
56 0.883813 0.865489 -0.282534
57 0.886825 0.856365 -0.236045
58 0.879574 0.848330 -0.202826
59 0.873522 0.845701 -0.176538
Frame 40
30 0.860915 0.842535 -0.144018
31 0.848064 0.844405 -0.114909
32 0.831854 0.848611 -0.093641
33 0.809920 0.855174 -0.072333
34 0.788378 0.859525 -0.053408
35 0.767920 0.866511 -0.032517
36 0.744757 0.870558 -0.013594
37 0.703433 0.893273 -0.000606
38 0.668235 0.900910 -0.007725
39 0.631893 0.911588 -0.032020
40 0.611395 0.918672 -0.063306
41 0.600606 0.922376 -0.091752
42 0.596690 0.925490 -0.120061
43 0.599170 0.927643 -0.146696
44 0.606249 0.922204 -0.178430
45 0.616521 0.918936 -0.202224
46 0.629987 0.917136 -0.229212
47 0.644918 0.913685 -0.260960
48 0.659947 0.916220 -0.285382
49 0.677118 0.915305 -0.308061
50 0.699399 0.905034 -0.331392
51 0.724214 0.900492 -0.344316
52 0.753004 0.894268 -0.352649
53 0.789295 0.886667 -0.353967
54 0.833525 0.874958 -0.339591
55 0.862415 0.872120 -0.314013
56 0.881990 0.865939 -0.282009
57 0.884416 0.856805 -0.235478
58 0.876752 0.848793 -0.202319
59 0.870368 0.846171 -0.176042
Frame 41
30 0.857080 0.843028 -0.143512
31 0.843807 0.844929 -0.114563
32 0.827310 0.849168 -0.093512
33 0.805108 0.855784 -0.072524
34 0.783295 0.860161 -0.053868
35 0.762572 0.867203 -0.033292
36 0.739114 0.871446 -0.014727
37 0.697635 0.894214 -0.002395
38 0.662568 0.901979 -0.010038
39 0.626601 0.912756 -0.034887
40 0.606576 0.919873 -0.066480
41 0.596210 0.923594 -0.095078
42 0.592709 0.926699 -0.123446
43 0.595581 0.928828 -0.150044
44 0.603110 0.923343 -0.181668
45 0.613720 0.920033 -0.205305
46 0.627573 0.918176 -0.232095
47 0.642960 0.914669 -0.263619
48 0.658352 0.917146 -0.287816
49 0.675847 0.916171 -0.310241
50 0.698429 0.905818 -0.333234
51 0.723387 0.901201 -0.345788
52 0.752248 0.894903 -0.353704
53 0.788496 0.887209 -0.354499
54 0.832465 0.875416 -0.339503
55 0.860965 0.872558 -0.313568
56 0.880044 0.866398 -0.281405
57 0.881846 0.857254 -0.234838
58 0.873743 0.849269 -0.201749
59 0.867006 0.846654 -0.175490
Frame 42
30 0.853146 0.843529 -0.142984
31 0.839444 0.845465 -0.114204
32 0.822658 0.849737 -0.093382
33 0.800187 0.856410 -0.072722
34 0.778102 0.860820 -0.054344
35 0.757110 0.867922 -0.034098
36 0.733356 0.872369 -0.015908
37 0.691735 0.895202 -0.004248
38 0.656812 0.903104 -0.012425
39 0.621240 0.913985 -0.037836
40 0.601706 0.921138 -0.069734
41 0.591771 0.924873 -0.098483
42 0.588697 0.927967 -0.126905
43 0.591971 0.930071 -0.153461
44 0.599956 0.924534 -0.184965
45 0.610909 0.921179 -0.208439
46 0.625158 0.919260 -0.235018
47 0.641006 0.915692 -0.266305
48 0.656765 0.918105 -0.290268
49 0.674589 0.917065 -0.312428
50 0.697471 0.906622 -0.335069
51 0.722570 0.901926 -0.347241
52 0.751496 0.895549 -0.354729
53 0.787688 0.887757 -0.354991
54 0.831379 0.875874 -0.339364
55 0.859477 0.872993 -0.313069
56 0.878043 0.866854 -0.280748
57 0.879205 0.857702 -0.234153
58 0.870652 0.849747 -0.201143
59 0.863554 0.847142 -0.174907
Frame 43
30 0.849253 0.844027 -0.142457
31 0.835132 0.846000 -0.113851
32 0.818067 0.850306 -0.093258
33 0.795338 0.857037 -0.072924
34 0.772988 0.861484 -0.054823
35 0.751734 0.868650 -0.034908
36 0.727694 0.873296 -0.017096
37 0.685947 0.896202 -0.006102
38 0.651175 0.904245 -0.014803
39 0.616002 0.915229 -0.040763
40 0.596954 0.922415 -0.072955
41 0.587449 0.926161 -0.101847
42 0.584796 0.929242 -0.130317
43 0.588463 0.931316 -0.156824
44 0.596898 0.925726 -0.188203
45 0.608185 0.922323 -0.211510
46 0.622821 0.920340 -0.237878
47 0.639121 0.916708 -0.268923
48 0.655238 0.919055 -0.292648
49 0.673382 0.917948 -0.314542
50 0.696555 0.907415 -0.336833
51 0.721787 0.902638 -0.348627
52 0.750769 0.896179 -0.355691
53 0.786898 0.888291 -0.355427
54 0.830302 0.876318 -0.339183
55 0.857998 0.873415 -0.312536
56 0.876058 0.867298 -0.280065
57 0.876586 0.858141 -0.233451
58 0.867591 0.850217 -0.200525
59 0.860138 0.847623 -0.174317
Frame 44
30 0.845546 0.844511 -0.141953
31 0.831031 0.846522 -0.113518
32 0.813706 0.850859 -0.093146
33 0.790742 0.857644 -0.073125
34 0.768145 0.862128 -0.055291
35 0.746645 0.869359 -0.035693
36 0.722339 0.874197 -0.018246
37 0.680480 0.897181 -0.007887
38 0.645859 0.905359 -0.017084
39 0.611071 0.916437 -0.043560
40 0.592490 0.923650 -0.076024
41 0.583392 0.927402 -0.105045
42 0.581138 0.930466 -0.133554
43 0.585179 0.932509 -0.160012
44 0.594038 0.926868 -0.191265
45 0.605640 0.923418 -0.214409
46 0.620639 0.921371 -0.240570
47 0.637365 0.917675 -0.271381
48 0.653818 0.919957 -0.294875
49 0.672262 0.918785 -0.316512
50 0.695705 0.908163 -0.338467
51 0.721058 0.903309 -0.349900
52 0.750088 0.896773 -0.356559
53 0.786149 0.888794 -0.355798
54 0.829274 0.876737 -0.338972
55 0.856584 0.873814 -0.311997
56 0.874162 0.867719 -0.279389
57 0.874086 0.858560 -0.232764
58 0.864673 0.850669 -0.199922
59 0.856882 0.848089 -0.173745
Frame 45
30 0.842173 0.844970 -0.141493
31 0.827305 0.847017 -0.113219
32 0.809751 0.851382 -0.093051
33 0.786581 0.858212 -0.073316
34 0.763765 0.862733 -0.055725
35 0.742045 0.870027 -0.036418
36 0.717502 0.875042 -0.019308
37 0.675546 0.898100 -0.009530
38 0.641066 0.906398 -0.019175
39 0.606631 0.917560 -0.046115
40 0.588474 0.924791 -0.078820
41 0.579746 0.928542 -0.107954
42 0.577853 0.931585 -0.136493
43 0.582232 0.933599 -0.162901
44 0.591474 0.927907 -0.194036
45 0.603360 0.924411 -0.217027
46 0.618686 0.922305 -0.242995
47 0.635795 0.918550 -0.273588
48 0.652550 0.920773 -0.296870
49 0.671263 0.919540 -0.318271
50 0.694946 0.908837 -0.339915
51 0.720407 0.903913 -0.351019
52 0.749475 0.897310 -0.357310
53 0.785468 0.889250 -0.356099
54 0.828333 0.877120 -0.338750
55 0.855291 0.874182 -0.311479
56 0.872430 0.868111 -0.278753
57 0.871808 0.858953 -0.232124
58 0.862017 0.851094 -0.199361
59 0.853918 0.848527 -0.173216
Frame 46
30 0.839242 0.845395 -0.141090
31 0.824072 0.847474 -0.112961
32 0.806323 0.851860 -0.092973
33 0.782982 0.858727 -0.073484
34 0.759980 0.863281 -0.056106
35 0.738068 0.870631 -0.037053
36 0.713323 0.875799 -0.020241
37 0.671285 0.898925 -0.010971
38 0.636930 0.907326 -0.021006
39 0.602804 0.918554 -0.048345
40 0.585015 0.925794 -0.081255
41 0.576607 0.929539 -0.110484
42 0.575027 0.932559 -0.139046
43 0.579699 0.934544 -0.165407
44 0.589272 0.928806 -0.196433
45 0.601402 0.925271 -0.219290
46 0.617009 0.923111 -0.245088
47 0.634448 0.919304 -0.275487
48 0.651462 0.921473 -0.298582
49 0.670405 0.920186 -0.319774
50 0.694296 0.909415 -0.341146
51 0.719845 0.904432 -0.351964
52 0.748946 0.897773 -0.357935
53 0.784878 0.889649 -0.356333
54 0.827512 0.877463 -0.338531
55 0.854162 0.874513 -0.311005
56 0.870922 0.868466 -0.278182
57 0.869825 0.859313 -0.231551
58 0.859707 0.851484 -0.198860
59 0.851341 0.848931 -0.172745
Frame 47
30 0.836688 0.845785 -0.140732
31 0.821256 0.847892 -0.112733
32 0.803343 0.852294 -0.092904
33 0.779858 0.859187 -0.073630
34 0.756694 0.863771 -0.056435
35 0.734611 0.871170 -0.037607
36 0.709691 0.876469 -0.021059
37 0.667584 0.899660 -0.012241
38 0.633343 0.908150 -0.022617
39 0.599488 0.919431 -0.050303
40 0.582021 0.926673 -0.083389
41 0.573892 0.930407 -0.112699
42 0.572584 0.933402 -0.141278
43 0.577511 0.935359 -0.167595
44 0.587373 0.929581 -0.198523
45 0.599717 0.926010 -0.221260
46 0.615569 0.923804 -0.246906
47 0.633294 0.919950 -0.277133
48 0.650532 0.922073 -0.300061
49 0.669677 0.920740 -0.321071
50 0.693747 0.909910 -0.342201
51 0.719373 0.904879 -0.352767
52 0.748500 0.898175 -0.358457
53 0.784375 0.889998 -0.356513
54 0.826805 0.877768 -0.338317
55 0.853183 0.874813 -0.310568
56 0.869611 0.868787 -0.277659
57 0.868099 0.859640 -0.231031
58 0.857695 0.851839 -0.198406
59 0.849096 0.849301 -0.172320
Frame 48
30 0.834401 0.846142 -0.140400
31 0.818736 0.848274 -0.112522
32 0.800675 0.852686 -0.092838
33 0.777065 0.859601 -0.073758
34 0.753756 0.864211 -0.056728
35 0.731512 0.871655 -0.038107
36 0.706435 0.877067 -0.021801
37 0.664272 0.900321 -0.013396
38 0.630137 0.908890 -0.024079
39 0.596530 0.920214 -0.052077
40 0.579353 0.927455 -0.085321
41 0.571475 0.931174 -0.114702
42 0.570415 0.934146 -0.143295
43 0.575572 0.936078 -0.169570
44 0.585695 0.930262 -0.200406
45 0.598231 0.926659 -0.223031
46 0.614303 0.924413 -0.248537
47 0.632286 0.920516 -0.278606
48 0.649726 0.922599 -0.301383
49 0.669051 0.921224 -0.322223
50 0.693282 0.910343 -0.343135
51 0.718978 0.905271 -0.353472
52 0.748128 0.898528 -0.358906
53 0.783951 0.890310 -0.356653
54 0.826193 0.878043 -0.338099
55 0.852323 0.875083 -0.310149
56 0.868451 0.869080 -0.277162
57 0.866562 0.859940 -0.230540
58 0.855899 0.852162 -0.197976
59 0.847088 0.849636 -0.171921
Frame 49
30 0.832271 0.846464 -0.140076
31 0.816385 0.848620 -0.112316
32 0.798188 0.853040 -0.092772
33 0.774460 0.859973 -0.073874
34 0.751013 0.864609 -0.057003
35 0.728614 0.872095 -0.038580
36 0.703390 0.877608 -0.022506
37 0.661177 0.900927 -0.014495
38 0.627146 0.909566 -0.025470
39 0.593777 0.920931 -0.053761
40 0.576876 0.928169 -0.087151
41 0.569238 0.931873 -0.116597
42 0.568410 0.934820 -0.145200
43 0.573786 0.936727 -0.171433
44 0.584157 0.930878 -0.202179
45 0.596874 0.927247 -0.224698
46 0.613155 0.924962 -0.250070
47 0.631382 0.921026 -0.279986
48 0.649013 0.923073 -0.302618
49 0.668506 0.921660 -0.323296
50 0.692890 0.910732 -0.343997
51 0.718651 0.905623 -0.354117
52 0.747824 0.898847 -0.359309
53 0.783594 0.890592 -0.356762
54 0.825654 0.878293 -0.337868
55 0.851548 0.875330 -0.309727
56 0.867392 0.869346 -0.276665
57 0.865142 0.860214 -0.230051
58 0.854233 0.852457 -0.197549
59 0.845220 0.849941 -0.171526
Frame 50
30 0.830183 0.846756 -0.139743
31 0.814078 0.848933 -0.112104
32 0.795744 0.853359 -0.092701
33 0.771898 0.860308 -0.073985
34 0.748311 0.864972 -0.057276
35 0.725755 0.872501 -0.039054
36 0.700385 0.878108 -0.023215
37 0.658132 0.901494 -0.015599
38 0.624208 0.910203 -0.026866
39 0.591081 0.921607 -0.055447
40 0.574458 0.928842 -0.088982
41 0.567061 0.932531 -0.118489
42 0.566469 0.935455 -0.147100
43 0.572063 0.937341 -0.173288
44 0.582681 0.931460 -0.203943
45 0.595581 0.927800 -0.226354
46 0.612069 0.925480 -0.251589
47 0.630539 0.921507 -0.281349
48 0.648360 0.923518 -0.303833
49 0.668023 0.922068 -0.324349
50 0.692558 0.911096 -0.344838
51 0.718383 0.905951 -0.354739
52 0.747576 0.899142 -0.359687
53 0.783293 0.890852 -0.356845
54 0.825169 0.878523 -0.337613
55 0.850823 0.875556 -0.309278
56 0.866382 0.869591 -0.276141
57 0.863769 0.860462 -0.229538
58 0.852610 0.852722 -0.197101
59 0.843394 0.850216 -0.171118
Frame 51
30 0.828022 0.847017 -0.139385
31 0.811686 0.849214 -0.111876
32 0.793207 0.853647 -0.092623
33 0.769233 0.860615 -0.074102
34 0.745499 0.865309 -0.057570
35 0.722777 0.872884 -0.039563
36 0.697256 0.878583 -0.023973
37 0.654967 0.902042 -0.016773
38 0.621162 0.910822 -0.028347
39 0.588296 0.922270 -0.057232
40 0.571971 0.929504 -0.090917
41 0.564830 0.933180 -0.120484
42 0.564487 0.936082 -0.149100
43 0.570313 0.937949 -0.175239
44 0.581193 0.932036 -0.205796
45 0.594285 0.928349 -0.228089
46 0.610992 0.925993 -0.253177
47 0.629719 0.921983 -0.282772
48 0.647740 0.923958 -0.305098
49 0.667581 0.922472 -0.325438
50 0.692275 0.911454 -0.345704
51 0.718167 0.906271 -0.355373
52 0.747379 0.899427 -0.360061
53 0.783037 0.891100 -0.356908
54 0.824714 0.878738 -0.337316
55 0.850112 0.875766 -0.308779
56 0.865369 0.869819 -0.275562
57 0.862368 0.860690 -0.228975
58 0.850941 0.852963 -0.196611
59 0.841508 0.850464 -0.170674
Frame 52
30 0.825672 0.847250 -0.138985
31 0.809079 0.849467 -0.111622
32 0.790439 0.853910 -0.092539
33 0.766319 0.860899 -0.074237
34 0.742422 0.865626 -0.057909
35 0.719520 0.873254 -0.040139
36 0.693835 0.879051 -0.024828
37 0.651518 0.902591 -0.018085
38 0.617847 0.911448 -0.029998
39 0.585278 0.922946 -0.059213
40 0.569288 0.930184 -0.093059
41 0.562433 0.933851 -0.122689
42 0.562366 0.936734 -0.151307
43 0.568449 0.938579 -0.177389
44 0.579621 0.932636 -0.207833
45 0.592924 0.928920 -0.229997
46 0.609873 0.926528 -0.254919
47 0.628882 0.922477 -0.284328
48 0.647125 0.924415 -0.306475
49 0.667161 0.922889 -0.326619
50 0.692029 0.911821 -0.346636
51 0.717993 0.906597 -0.356047
52 0.747224 0.899713 -0.360448
53 0.782812 0.891344 -0.356950
54 0.824264 0.878941 -0.336963
55 0.849375 0.875961 -0.308203
56 0.864297 0.870029 -0.274899
57 0.860863 0.860896 -0.228334
58 0.849137 0.853181 -0.196057
59 0.839463 0.850686 -0.170176
Frame 53
30 0.823015 0.847457 -0.138528
31 0.806127 0.849695 -0.111336
32 0.787299 0.854150 -0.092451
33 0.763009 0.861167 -0.074402
34 0.738926 0.865935 -0.058316
35 0.715824 0.873623 -0.040820
36 0.689957 0.879530 -0.025830
37 0.647617 0.903159 -0.019605
38 0.614109 0.912103 -0.031903
39 0.581887 0.923663 -0.061491
40 0.566284 0.930911 -0.095517
41 0.559762 0.934573 -0.125210
42 0.560014 0.937438 -0.153827
43 0.566392 0.939263 -0.179840
44 0.577895 0.933289 -0.210155
45 0.591439 0.929542 -0.232166
46 0.608664 0.927108 -0.256897
47 0.627994 0.923015 -0.286087
48 0.646489 0.924911 -0.308027
49 0.666748 0.923341 -0.327944
50 0.691812 0.912217 -0.347673
51 0.717854 0.906942 -0.356789
52 0.747100 0.900011 -0.360862
53 0.782605 0.891589 -0.356970
54 0.823794 0.879138 -0.336533
55 0.848572 0.876144 -0.307520
56 0.863107 0.870226 -0.274118
57 0.859176 0.861084 -0.227588
58 0.847103 0.853377 -0.195414
59 0.837153 0.850884 -0.169604
Frame 54
30 0.819928 0.847640 -0.138001
31 0.802696 0.849899 -0.111014
32 0.783648 0.854374 -0.092362
33 0.759154 0.861428 -0.074615
34 0.734856 0.866243 -0.058821
35 0.711531 0.874004 -0.041647
36 0.685459 0.880038 -0.027035
37 0.643103 0.903768 -0.021407
38 0.609791 0.912813 -0.034152
39 0.577986 0.924449 -0.064169
40 0.562844 0.931715 -0.098397
41 0.556713 0.935377 -0.128158
42 0.557339 0.938228 -0.156768
43 0.564061 0.940032 -0.182696
44 0.575949 0.934024 -0.212856
45 0.589774 0.930241 -0.234685
46 0.607318 0.927761 -0.259187
47 0.627022 0.923619 -0.288119
48 0.645809 0.925467 -0.309812
49 0.666325 0.923846 -0.329459
50 0.691612 0.912656 -0.348852
51 0.717741 0.907320 -0.357622
52 0.747000 0.900328 -0.361311
53 0.782400 0.891841 -0.356960
54 0.823272 0.879330 -0.336002
55 0.847658 0.876317 -0.306699
56 0.861740 0.870411 -0.273189
57 0.857224 0.861255 -0.226706
58 0.844745 0.853555 -0.194661
59 0.834471 0.851061 -0.168940
Frame 55
30 0.816337 0.847803 -0.137399
31 0.798703 0.850086 -0.110654
32 0.779398 0.854584 -0.092280
33 0.754667 0.861688 -0.074893
34 0.730121 0.866560 -0.059448
35 0.706546 0.874407 -0.042651
36 0.680243 0.880586 -0.028482
37 0.637887 0.904432 -0.023544
38 0.604809 0.913593 -0.036807
39 0.573503 0.925322 -0.067313
40 0.558905 0.932614 -0.101768
41 0.553234 0.936283 -0.131599
42 0.554296 0.939121 -0.160194
43 0.561420 0.940903 -0.186018
44 0.573754 0.934858 -0.215991
45 0.587903 0.931035 -0.237604
46 0.605816 0.928501 -0.261834
47 0.625951 0.924303 -0.290458
48 0.645076 0.926095 -0.311858
49 0.665886 0.924414 -0.331187
50 0.691427 0.913146 -0.350185
51 0.717650 0.907737 -0.358550
52 0.746917 0.900673 -0.361794
53 0.782186 0.892105 -0.356910
54 0.822682 0.879520 -0.335352
55 0.846604 0.876480 -0.305718
56 0.860155 0.870584 -0.272092
57 0.854957 0.861409 -0.225673
58 0.842001 0.853716 -0.193784
59 0.831350 0.851219 -0.168173
Frame 56
30 0.812354 0.847946 -0.136746
31 0.794276 0.850255 -0.110276
32 0.774687 0.854785 -0.092215
33 0.749693 0.861944 -0.075234
34 0.724879 0.866879 -0.060188
35 0.701037 0.874823 -0.043811
36 0.674489 0.881165 -0.030139
37 0.632147 0.905136 -0.025964
38 0.599341 0.914422 -0.039795
39 0.568602 0.926257 -0.070834
40 0.554613 0.933580 -0.105531
41 0.549454 0.937260 -0.135430
42 0.551003 0.940086 -0.164001
43 0.558571 0.941847 -0.189699
44 0.571400 0.935761 -0.219456
45 0.585904 0.931895 -0.240824
46 0.604222 0.929303 -0.264747
47 0.624830 0.925042 -0.293020
48 0.644325 0.926773 -0.314087
49 0.665458 0.925028 -0.333056
50 0.691274 0.913671 -0.351613
51 0.717594 0.908180 -0.359526
52 0.746858 0.901033 -0.362275
53 0.781973 0.892375 -0.356805
54 0.822042 0.879705 -0.334588
55 0.845443 0.876632 -0.304594
56 0.858404 0.870745 -0.270852
57 0.852445 0.861547 -0.224519
58 0.838957 0.853860 -0.192811
59 0.827888 0.851360 -0.167328
Frame 57
30 0.808144 0.848075 -0.136065
31 0.789598 0.850410 -0.109898
32 0.769711 0.854973 -0.092174
33 0.744442 0.862192 -0.075630
34 0.719351 0.867196 -0.061017
35 0.695237 0.875244 -0.045091
36 0.668440 0.881755 -0.031948
37 0.626128 0.905856 -0.028577
38 0.593622 0.915272 -0.043007
39 0.563494 0.927216 -0.074600
40 0.550157 0.934573 -0.109539
41 0.545545 0.938267 -0.139499
42 0.547610 0.941084 -0.168034
43 0.555648 0.942823 -0.193591
44 0.568996 0.936695 -0.223112
45 0.583873 0.932784 -0.244213
46 0.602617 0.930131 -0.267801
47 0.623719 0.925806 -0.295694
48 0.643602 0.927472 -0.316401
49 0.665070 0.925659 -0.334982
50 0.691170 0.914211 -0.353066
51 0.717584 0.908632 -0.360500
52 0.746838 0.901397 -0.362724
53 0.781778 0.892641 -0.356634
54 0.821384 0.879883 -0.333728
55 0.844227 0.876772 -0.303361
56 0.856556 0.870892 -0.269511
57 0.849792 0.861670 -0.223280
58 0.835740 0.853990 -0.191773
59 0.824229 0.851487 -0.166436
Frame 58
30 0.803874 0.848190 -0.135382
31 0.784854 0.850551 -0.109532
32 0.764669 0.855147 -0.092161
33 0.739124 0.862427 -0.076068
34 0.713760 0.867501 -0.061906
35 0.689375 0.875655 -0.046442
36 0.662337 0.882334 -0.033845
37 0.620072 0.906567 -0.031291
38 0.587883 0.916110 -0.046326
39 0.558390 0.928164 -0.078470
40 0.545723 0.935555 -0.113643
41 0.541670 0.939263 -0.143655
42 0.544259 0.942070 -0.172143
43 0.552773 0.943788 -0.197549
44 0.566650 0.937620 -0.226818
45 0.581903 0.933664 -0.247640
46 0.601074 0.930951 -0.270877
47 0.622674 0.926561 -0.298373
48 0.642946 0.928165 -0.318705
49 0.664749 0.926283 -0.336884
50 0.691130 0.914744 -0.354480
51 0.717633 0.909077 -0.361422
52 0.746868 0.901754 -0.363113
53 0.781621 0.892900 -0.356394
54 0.820743 0.880051 -0.332792
55 0.843009 0.876899 -0.302053
56 0.854692 0.871024 -0.268103
57 0.847102 0.861780 -0.221995
58 0.832479 0.854107 -0.190707
59 0.820516 0.851601 -0.165524
Frame 59
30 0.799715 0.848294 -0.134718
31 0.780236 0.850679 -0.109191
32 0.759762 0.855305 -0.092172
33 0.733952 0.862642 -0.076529
34 0.708328 0.867785 -0.062820
35 0.683686 0.876043 -0.047815
36 0.656421 0.882881 -0.035758
37 0.614217 0.907243 -0.034005
38 0.582348 0.916905 -0.049628
39 0.553489 0.929062 -0.082300
40 0.541484 0.936482 -0.117692
41 0.537980 0.940204 -0.147743
42 0.541086 0.943005 -0.176176
43 0.550067 0.944702 -0.201423
44 0.564458 0.938496 -0.230434
45 0.580076 0.934498 -0.250975
46 0.599661 0.931728 -0.273860
47 0.621745 0.927280 -0.300957
48 0.642394 0.928823 -0.320912
49 0.664520 0.926877 -0.338688
50 0.691171 0.915252 -0.355801
51 0.717754 0.909501 -0.362259
52 0.746962 0.902094 -0.363424
53 0.781522 0.893146 -0.356090
54 0.820160 0.880209 -0.331808
55 0.841852 0.877016 -0.300711
56 0.852894 0.871145 -0.266674
57 0.844492 0.861877 -0.220703
58 0.829311 0.854214 -0.189643
59 0.816906 0.851704 -0.164622
Frame 60
30 0.795846 0.848388 -0.134092
31 0.775935 0.850792 -0.108881
32 0.755193 0.855442 -0.092202
33 0.729139 0.862828 -0.076988
34 0.703279 0.868035 -0.063718
35 0.678396 0.876392 -0.049150
36 0.650927 0.883371 -0.037607
37 0.608793 0.907855 -0.036610
38 0.577234 0.917622 -0.052785
39 0.548982 0.929870 -0.085945
40 0.537606 0.937317 -0.121529
41 0.534622 0.941050 -0.151609
42 0.538215 0.943843 -0.179981
43 0.547634 0.945524 -0.205069
44 0.562510 0.939286 -0.233828
45 0.578471 0.935251 -0.254096
46 0.598444 0.932431 -0.276640
47 0.620981 0.927931 -0.303350
48 0.641978 0.929422 -0.322941
49 0.664403 0.927420 -0.340331
50 0.691305 0.915717 -0.356981
51 0.717958 0.909894 -0.362980
52 0.747136 0.902410 -0.363649
53 0.781510 0.893377 -0.355732
54 0.819679 0.880357 -0.330810
55 0.840823 0.877125 -0.299382
56 0.851252 0.871253 -0.265269
57 0.842077 0.861966 -0.219447
58 0.826373 0.854311 -0.188615
59 0.813551 0.851797 -0.163756
Frame 61
30 0.792399 0.848472 -0.133515
31 0.772100 0.850890 -0.108602
32 0.751118 0.855556 -0.092240
33 0.724846 0.862980 -0.077423
34 0.698780 0.868245 -0.064561
35 0.673679 0.876691 -0.050398
36 0.646032 0.883785 -0.039327
37 0.603968 0.908379 -0.039018
38 0.572698 0.918234 -0.055693
39 0.545004 0.930560 -0.089287
40 0.534203 0.938025 -0.125036
41 0.531694 0.941768 -0.155134
42 0.535732 0.944556 -0.183442
43 0.545551 0.946224 -0.208379
44 0.560867 0.939960 -0.236899
45 0.577138 0.935897 -0.256912
46 0.597462 0.933037 -0.279138
47 0.620409 0.928497 -0.305488
48 0.641718 0.929944 -0.324739
49 0.664412 0.927898 -0.341771
50 0.691541 0.916132 -0.357996
51 0.718255 0.910247 -0.363574
52 0.747403 0.902700 -0.363789
53 0.781602 0.893593 -0.355338
54 0.819336 0.880499 -0.329830
55 0.839974 0.877232 -0.298103
56 0.849837 0.871353 -0.263928
57 0.839953 0.862047 -0.218258
58 0.823778 0.854401 -0.187648
59 0.810575 0.851882 -0.162945
Frame 62
30 0.789332 0.848547 -0.132979
31 0.768679 0.850973 -0.108347
32 0.747483 0.855649 -0.092281
33 0.721016 0.863100 -0.077831
34 0.694768 0.868418 -0.065351
35 0.669470 0.876946 -0.051563
36 0.641668 0.884138 -0.040927
37 0.599672 0.908829 -0.041244
38 0.568670 0.918756 -0.058373
39 0.541492 0.931146 -0.092355
40 0.531216 0.938626 -0.128245
41 0.529142 0.942376 -0.158353
42 0.533586 0.945160 -0.186598
43 0.543769 0.946820 -0.211389
44 0.559488 0.940537 -0.239682
45 0.576042 0.936452 -0.259458
46 0.596683 0.933560 -0.281387
47 0.620003 0.928989 -0.307401
48 0.641595 0.930403 -0.326335
49 0.664531 0.928319 -0.343035
50 0.691864 0.916502 -0.358867
51 0.718630 0.910567 -0.364057
52 0.747749 0.902967 -0.363855
53 0.781787 0.893796 -0.354914
54 0.819118 0.880634 -0.328868
55 0.839287 0.877333 -0.296873
56 0.848627 0.871446 -0.262647
57 0.838091 0.862122 -0.217132
58 0.821488 0.854482 -0.186735
59 0.807936 0.851959 -0.162181
Frame 63
30 0.786549 0.848611 -0.132471
31 0.765570 0.851044 -0.108108
32 0.744177 0.855724 -0.092322
33 0.717536 0.863198 -0.078218
34 0.691124 0.868562 -0.066098
35 0.665646 0.877168 -0.052664
36 0.637707 0.884447 -0.042437
37 0.595778 0.909223 -0.043333
38 0.565028 0.919215 -0.060882
39 0.538333 0.931659 -0.095217
40 0.528547 0.939150 -0.131228
41 0.526878 0.942905 -0.161342
42 0.531699 0.945686 -0.189519
43 0.542218 0.947340 -0.214169
44 0.558312 0.941043 -0.242248
45 0.575126 0.936940 -0.261798
46 0.596061 0.934021 -0.283446
47 0.619726 0.929427 -0.309140
48 0.641575 0.930813 -0.327775
49 0.664733 0.928699 -0.344162
50 0.692255 0.916840 -0.359625
51 0.719068 0.910861 -0.364454
52 0.748157 0.903217 -0.363863
53 0.782042 0.893989 -0.354466
54 0.818991 0.880764 -0.327919
55 0.838721 0.877431 -0.295676
56 0.847569 0.871530 -0.261411
57 0.836427 0.862189 -0.216051
58 0.819428 0.854554 -0.185859
59 0.805552 0.852026 -0.161451
Frame 64
30 0.783956 0.848666 -0.131979
31 0.762671 0.851102 -0.107877
32 0.741095 0.855787 -0.092361
33 0.714290 0.863279 -0.078591
34 0.687730 0.868689 -0.066821
35 0.662085 0.877371 -0.053724
36 0.634020 0.884733 -0.043888
37 0.592160 0.909585 -0.045333
38 0.561654 0.919632 -0.063277
39 0.535421 0.932126 -0.097940
40 0.526101 0.939625 -0.134059
41 0.524816 0.943384 -0.164172
42 0.529995 0.946163 -0.192280
43 0.540834 0.947813 -0.216793
44 0.557281 0.941503 -0.244660
45 0.574341 0.937386 -0.263992
46 0.595551 0.934445 -0.285369
47 0.619540 0.929831 -0.310756
48 0.641632 0.931191 -0.329102
49 0.664998 0.929051 -0.345188
50 0.692696 0.917153 -0.360297
51 0.719550 0.911137 -0.364782
52 0.748607 0.903451 -0.363822
53 0.782342 0.894171 -0.353990
54 0.818923 0.880888 -0.326968
55 0.838231 0.877522 -0.294497
56 0.846612 0.871606 -0.260199
57 0.834893 0.862246 -0.214996
58 0.817522 0.854617 -0.185007
59 0.803338 0.852084 -0.160740
Frame 65
30 0.781458 0.848713 -0.131494
31 0.759876 0.851153 -0.107651
32 0.738124 0.855841 -0.092402
33 0.711164 0.863354 -0.078961
34 0.684464 0.868806 -0.067536
35 0.658662 0.877566 -0.054769
36 0.630482 0.885017 -0.045318
37 0.588695 0.909937 -0.047294
38 0.558430 0.920037 -0.065620
39 0.532652 0.932577 -0.100595
40 0.523788 0.940083 -0.136810
41 0.522876 0.943844 -0.166918
42 0.528402 0.946620 -0.194954
43 0.539550 0.948266 -0.219328
44 0.556340 0.941945 -0.246985
45 0.573637 0.937813 -0.266103
46 0.595113 0.934851 -0.287210
47 0.619414 0.930217 -0.312294
48 0.641738 0.931553 -0.330356
49 0.665302 0.929387 -0.346145
50 0.693168 0.917454 -0.360908
51 0.720055 0.911400 -0.365057
52 0.749079 0.903675 -0.363737
53 0.782661 0.894343 -0.353486
54 0.818878 0.881000 -0.326007
55 0.837772 0.877603 -0.293317
56 0.845699 0.871670 -0.258992
57 0.833419 0.862293 -0.213949
58 0.815689 0.854669 -0.184163
59 0.801206 0.852131 -0.160037
Frame 66
30 0.778955 0.848751 -0.131007
31 0.757081 0.851197 -0.107428
32 0.735155 0.855891 -0.092446
33 0.708043 0.863429 -0.079340
34 0.681208 0.868927 -0.068262
35 0.655257 0.877767 -0.055826
36 0.626967 0.885320 -0.046763
37 0.585263 0.910302 -0.049269
38 0.555244 0.920455 -0.067974
39 0.529926 0.933040 -0.103254
40 0.521518 0.940553 -0.139557
41 0.520979 0.944314 -0.169654
42 0.526852 0.947087 -0.197615
43 0.538309 0.948726 -0.221847
44 0.555437 0.942395 -0.249288
45 0.572967 0.938247 -0.268187
46 0.594704 0.935260 -0.289023
47 0.619314 0.930604 -0.313800
48 0.641866 0.931915 -0.331573
49 0.665625 0.929721 -0.347064
50 0.693652 0.917748 -0.361478
51 0.720568 0.911657 -0.365292
52 0.749551 0.903890 -0.363614
53 0.782973 0.894504 -0.352946
54 0.818818 0.881101 -0.325017
55 0.837297 0.877672 -0.292116
56 0.844771 0.871723 -0.257770
57 0.831936 0.862328 -0.212893
58 0.813849 0.854711 -0.183311
59 0.799069 0.852170 -0.159331
Frame 67
30 0.776350 0.848782 -0.130511
31 0.754176 0.851237 -0.107203
32 0.732075 0.855944 -0.092499
33 0.704814 0.863515 -0.079742
34 0.677843 0.869061 -0.069022
35 0.651748 0.877990 -0.056925
36 0.623352 0.885667 -0.048266
37 0.581744 0.910704 -0.051312
38 0.551985 0.920912 -0.070403
39 0.527145 0.933547 -0.105989
40 0.519208 0.941066 -0.142374
41 0.519051 0.944825 -0.172457
42 0.525279 0.947592 -0.200333
43 0.537049 0.949225 -0.224415
44 0.554522 0.942878 -0.251631
45 0.572288 0.938709 -0.270304
46 0.594289 0.935694 -0.290858
47 0.619209 0.931009 -0.315315
48 0.641993 0.932290 -0.332791
49 0.665946 0.930063 -0.347972
50 0.694132 0.918044 -0.362026
51 0.721067 0.911909 -0.365496
52 0.750003 0.904098 -0.363452
53 0.783248 0.894654 -0.352364
54 0.818704 0.881186 -0.323985
55 0.836755 0.877725 -0.290873
56 0.843769 0.871761 -0.256511
57 0.830369 0.862350 -0.211808
58 0.811918 0.854741 -0.182439
59 0.796836 0.852198 -0.158609
Frame 68
30 0.773542 0.848807 -0.129999
31 0.751056 0.851279 -0.106978
32 0.728774 0.856006 -0.092567
33 0.701358 0.863621 -0.080184
34 0.674247 0.869220 -0.069841
35 0.648013 0.878247 -0.058098
36 0.619513 0.886079 -0.049868
37 0.578022 0.911168 -0.053481
38 0.548543 0.921439 -0.072974
39 0.524214 0.934128 -0.108874
40 0.516774 0.941654 -0.145336
41 0.517020 0.945409 -0.175399
42 0.523620 0.948167 -0.203181
43 0.535717 0.949787 -0.227101
44 0.553546 0.943419 -0.254076
45 0.571555 0.939224 -0.272507
46 0.593829 0.936172 -0.292762
47 0.619069 0.931449 -0.316879
48 0.642092 0.932691 -0.334040
49 0.666245 0.930424 -0.348894
50 0.694588 0.918350 -0.362568
51 0.721535 0.912163 -0.365676
52 0.750410 0.904299 -0.363251
53 0.783455 0.894788 -0.351728
54 0.818495 0.881252 -0.322890
55 0.836094 0.877758 -0.289567
56 0.842629 0.871783 -0.255193
57 0.828643 0.862356 -0.210676
58 0.809811 0.854760 -0.181530
59 0.794416 0.852218 -0.157862
Frame 69
30 0.770461 0.848829 -0.129470
31 0.747645 0.851323 -0.106756
32 0.725173 0.856080 -0.092661
33 0.697592 0.863755 -0.080677
34 0.670339 0.869412 -0.070738
35 0.643968 0.878550 -0.059370
36 0.615358 0.886569 -0.051601
37 0.574016 0.911709 -0.055818
38 0.544848 0.922048 -0.075736
39 0.521071 0.934798 -0.111963
40 0.514166 0.942333 -0.148498
41 0.514839 0.946079 -0.178533
42 0.521833 0.948826 -0.206208
43 0.534276 0.950428 -0.229952
44 0.552479 0.944033 -0.256666
45 0.570743 0.939804 -0.274836
46 0.593302 0.936706 -0.294767
47 0.618874 0.931933 -0.318519
48 0.642147 0.933128 -0.335340
49 0.666507 0.930811 -0.349843
50 0.695005 0.918667 -0.363110
51 0.721955 0.912420 -0.365835
52 0.750757 0.904495 -0.363005
53 0.783576 0.894909 -0.351029
54 0.818159 0.881298 -0.321715
55 0.835275 0.877769 -0.288179
56 0.841306 0.871787 -0.253800
57 0.826704 0.862348 -0.209483
58 0.807468 0.854767 -0.180578
59 0.791743 0.852229 -0.157083
Frame 70
30 0.767155 0.848847 -0.128927
31 0.743998 0.851371 -0.106540
32 0.721331 0.856163 -0.092776
33 0.693576 0.863908 -0.081216
34 0.666180 0.869630 -0.071700
35 0.639675 0.878888 -0.060727
36 0.610944 0.887117 -0.053442
37 0.569789 0.912309 -0.058293
38 0.540961 0.922718 -0.078655
39 0.517770 0.935533 -0.115216
40 0.511428 0.943074 -0.151816
41 0.512548 0.946811 -0.181814
42 0.519952 0.949542 -0.209375
43 0.532757 0.951123 -0.232928
44 0.551346 0.944696 -0.259361
45 0.569871 0.940427 -0.277253
46 0.592722 0.937277 -0.296842
47 0.618638 0.932446 -0.320204
48 0.642167 0.933585 -0.336667
49 0.666737 0.931210 -0.350799
50 0.695391 0.918991 -0.363636
51 0.722331 0.912674 -0.365961
52 0.751048 0.904683 -0.362709
53 0.783615 0.895017 -0.350266
54 0.817709 0.881325 -0.320464
55 0.834313 0.877764 -0.286715
56 0.839824 0.871777 -0.252340
57 0.824586 0.862327 -0.208240
58 0.804929 0.854765 -0.179588
59 0.788861 0.852234 -0.156279
Frame 71
30 0.763703 0.848863 -0.128378
31 0.740199 0.851418 -0.106329
32 0.717337 0.856249 -0.092910
33 0.689404 0.864072 -0.081786
34 0.661867 0.869859 -0.072707
35 0.635234 0.879245 -0.062143
36 0.606379 0.887694 -0.055359
37 0.565441 0.912939 -0.060859
38 0.536971 0.923416 -0.081672
39 0.514387 0.936296 -0.118567
40 0.508627 0.943842 -0.155223
41 0.510204 0.947568 -0.185177
42 0.518029 0.950280 -0.212613
43 0.531200 0.951838 -0.235965
44 0.550182 0.945376 -0.262103
45 0.568971 0.941063 -0.279706
46 0.592116 0.937857 -0.298938
47 0.618378 0.932962 -0.321896
48 0.642165 0.934042 -0.337985
49 0.666943 0.931605 -0.351733
50 0.695746 0.919304 -0.364126
51 0.722671 0.912917 -0.366040
52 0.751290 0.904857 -0.362357
53 0.783589 0.895109 -0.349441
54 0.817170 0.881335 -0.319148
55 0.833246 0.877743 -0.285191
56 0.838228 0.871755 -0.250829
57 0.822342 0.862296 -0.206958
58 0.802258 0.854757 -0.178571
59 0.785843 0.852234 -0.155457
Frame 72
30 0.760185 0.848877 -0.127825
31 0.736335 0.851464 -0.106123
32 0.713281 0.856334 -0.093052
33 0.685174 0.864234 -0.082371
34 0.657501 0.870091 -0.073735
35 0.630741 0.879605 -0.063590
36 0.601769 0.888269 -0.057314
37 0.561065 0.913570 -0.063465
38 0.532967 0.924113 -0.084728
39 0.511001 0.937055 -0.121950
40 0.505826 0.944603 -0.158653
41 0.507862 0.948313 -0.188555
42 0.516107 0.951005 -0.215858
43 0.529645 0.952539 -0.239001
44 0.549018 0.946041 -0.264834
45 0.568069 0.941684 -0.282142
46 0.591505 0.938420 -0.301009
47 0.618109 0.933460 -0.323554
48 0.642151 0.934480 -0.339264
49 0.667132 0.931980 -0.352620
50 0.696081 0.919597 -0.364562
51 0.722980 0.913140 -0.366063
52 0.751495 0.905012 -0.361947
53 0.783514 0.895185 -0.348561
54 0.816571 0.881333 -0.317782
55 0.832112 0.877714 -0.283626
56 0.836564 0.871727 -0.249284
57 0.820032 0.862261 -0.205654
58 0.799520 0.854744 -0.177538
59 0.782757 0.852231 -0.154624
Frame 73
30 0.756681 0.848888 -0.127270
31 0.732494 0.851506 -0.105916
32 0.709254 0.856411 -0.093194
33 0.680983 0.864383 -0.082951
34 0.653179 0.870310 -0.074759
35 0.626295 0.879950 -0.065037
36 0.597219 0.888811 -0.059268
37 0.556755 0.914172 -0.066058
38 0.529033 0.924778 -0.087758
39 0.507682 0.937774 -0.125296
40 0.503084 0.945320 -0.162035
41 0.505573 0.949012 -0.191879
42 0.514232 0.951682 -0.219045
43 0.528130 0.953192 -0.241975
44 0.547885 0.946658 -0.267501
45 0.567191 0.942259 -0.284512
46 0.590911 0.938940 -0.303013
47 0.617847 0.933918 -0.325143
48 0.642134 0.934881 -0.340473
49 0.667313 0.932321 -0.353438
50 0.696398 0.919860 -0.364930
51 0.723268 0.913337 -0.366023
52 0.751674 0.905146 -0.361479
53 0.783408 0.895246 -0.347632
54 0.815940 0.881322 -0.316382
55 0.830949 0.877680 -0.282036
56 0.834881 0.871697 -0.247724
57 0.817715 0.862223 -0.204339
58 0.796786 0.854729 -0.176498
59 0.779682 0.852227 -0.153787
Frame 74
30 0.753273 0.848896 -0.126714
31 0.728762 0.851539 -0.105705
32 0.705347 0.856472 -0.093324
33 0.676926 0.864505 -0.083507
34 0.649002 0.870501 -0.075751
35 0.621992 0.880260 -0.066451
36 0.592832 0.889288 -0.061178
37 0.552604 0.914711 -0.068582
38 0.525250 0.925374 -0.090700
39 0.504498 0.938416 -0.128536
40 0.500458 0.945956 -0.165304
41 0.503384 0.949629 -0.195085
42 0.512442 0.952278 -0.222110
43 0.526686 0.953764 -0.244828
44 0.546811 0.947198 -0.270050
45 0.566361 0.942761 -0.286767
46 0.590351 0.939392 -0.304908
47 0.617606 0.934315 -0.326629
48 0.642126 0.935227 -0.341585
49 0.667490 0.932614 -0.354167
50 0.696705 0.920083 -0.365221
51 0.723541 0.913503 -0.365916
52 0.751836 0.905257 -0.360958
53 0.783292 0.895293 -0.346665
54 0.815309 0.881308 -0.314965
55 0.829801 0.877648 -0.280443
56 0.833230 0.871668 -0.246165
57 0.815453 0.862187 -0.203027
58 0.794125 0.854715 -0.175458
59 0.776689 0.852221 -0.152949
Frame 75
30 0.750046 0.848899 -0.126159
31 0.725230 0.851560 -0.105482
32 0.701651 0.856510 -0.093428
33 0.673101 0.864587 -0.084014
34 0.645065 0.870650 -0.076677
35 0.617927 0.880519 -0.067797
36 0.588709 0.889669 -0.062999
37 0.548698 0.915158 -0.070980
38 0.521698 0.925871 -0.093488
39 0.501515 0.938947 -0.131598
40 0.498000 0.946476 -0.168389
41 0.501340 0.950128 -0.198106
42 0.510775 0.952755 -0.224990
43 0.525345 0.954222 -0.247502
44 0.545819 0.947629 -0.272426
45 0.565600 0.943162 -0.288861
46 0.589844 0.939753 -0.306653
47 0.617397 0.934632 -0.327981
48 0.642134 0.935502 -0.342577
49 0.667671 0.932846 -0.354791
50 0.697008 0.920260 -0.365424
51 0.723811 0.913632 -0.365740
52 0.751997 0.905344 -0.360388
53 0.783187 0.895328 -0.345673
54 0.814713 0.881294 -0.313551
55 0.828713 0.877622 -0.278866
56 0.831664 0.871647 -0.244625
57 0.813310 0.862158 -0.201732
58 0.791609 0.854704 -0.174429
59 0.773858 0.852215 -0.152115
Frame 76
30 0.747060 0.848897 -0.125601
31 0.721964 0.851566 -0.105243
32 0.698236 0.856519 -0.093497
33 0.669574 0.864617 -0.084455
34 0.641439 0.870742 -0.077516
35 0.614173 0.880708 -0.069041
36 0.584916 0.889928 -0.064685
37 0.545101 0.915489 -0.073207
38 0.518428 0.926240 -0.096076
39 0.498775 0.939337 -0.134436
40 0.495747 0.946849 -0.171244
41 0.499469 0.950481 -0.200894
42 0.509253 0.953090 -0.227643
43 0.524126 0.954542 -0.249957
44 0.544926 0.947931 -0.274597
45 0.564920 0.943443 -0.290763
46 0.589399 0.940005 -0.308227
47 0.617231 0.934854 -0.329180
48 0.642165 0.935696 -0.343436
49 0.667860 0.933012 -0.355303
50 0.697313 0.920386 -0.365538
51 0.724086 0.913727 -0.365498
52 0.752168 0.905409 -0.359777
53 0.783111 0.895357 -0.344668
54 0.814178 0.881291 -0.312154
55 0.827720 0.877611 -0.277321
56 0.830225 0.871639 -0.243121
57 0.811334 0.862138 -0.200464
58 0.789293 0.854697 -0.173415
59 0.771246 0.852209 -0.151288
Frame 77
30 0.744287 0.848889 -0.125045
31 0.718929 0.851555 -0.104990
32 0.695066 0.856498 -0.093535
33 0.666301 0.864599 -0.084835
34 0.638082 0.870780 -0.078276
35 0.610690 0.880832 -0.070188
36 0.581407 0.890081 -0.066245
37 0.541768 0.915718 -0.075281
38 0.515401 0.926493 -0.098489
39 0.496243 0.939599 -0.137078
40 0.493667 0.947091 -0.173895
41 0.497745 0.950703 -0.203478
42 0.507854 0.953297 -0.230097
43 0.523009 0.954742 -0.252220
44 0.544114 0.948122 -0.276588
45 0.564310 0.943622 -0.292499
46 0.589007 0.940168 -0.309649
47 0.617098 0.935001 -0.330247
48 0.642212 0.935827 -0.344180
49 0.668055 0.933127 -0.355717
50 0.697617 0.920476 -0.365577
51 0.724362 0.913799 -0.365201
52 0.752348 0.905466 -0.359132
53 0.783061 0.895392 -0.343653
54 0.813698 0.881303 -0.310773
55 0.826809 0.877621 -0.275803
56 0.828896 0.871648 -0.241644
57 0.809505 0.862132 -0.199220
58 0.787149 0.854696 -0.172415
59 0.768823 0.852206 -0.150468
Frame 78
30 0.741669 0.848879 -0.124490
31 0.716066 0.851534 -0.104728
32 0.692075 0.856454 -0.093552
33 0.663214 0.864544 -0.085174
34 0.634923 0.870775 -0.078978
35 0.607405 0.880904 -0.071265
36 0.578101 0.890151 -0.067714
37 0.538632 0.915865 -0.077243
38 0.512557 0.926654 -0.100771
39 0.493867 0.939759 -0.139572
40 0.491717 0.947230 -0.176391
41 0.496130 0.950825 -0.205906
42 0.506544 0.953407 -0.232397
43 0.521964 0.954850 -0.254334
44 0.543360 0.948230 -0.278439
45 0.563746 0.943726 -0.294105
46 0.588649 0.940267 -0.310952
47 0.616985 0.935097 -0.331208
48 0.642267 0.935917 -0.344832
49 0.668245 0.933210 -0.356053
50 0.697914 0.920548 -0.365553
51 0.724632 0.913864 -0.364858
52 0.752526 0.905525 -0.358460
53 0.783022 0.895440 -0.342626
54 0.813252 0.881339 -0.309401
55 0.825952 0.877655 -0.274304
56 0.827643 0.871676 -0.240190
57 0.807779 0.862142 -0.197993
58 0.785129 0.854705 -0.171426
59 0.766537 0.852207 -0.149653
Frame 79
30 0.739150 0.848870 -0.123940
31 0.713311 0.851504 -0.104464
32 0.689201 0.856394 -0.093557
33 0.660245 0.864461 -0.085486
34 0.631888 0.870738 -0.079646
35 0.604247 0.880938 -0.072301
36 0.574928 0.890162 -0.069130
37 0.535626 0.915950 -0.079133
38 0.509834 0.926744 -0.102968
39 0.491595 0.939846 -0.141965
40 0.489853 0.947294 -0.178779
41 0.494584 0.950874 -0.208222
42 0.505291 0.953450 -0.234589
43 0.520966 0.954895 -0.256344
44 0.542641 0.948283 -0.280191
45 0.563208 0.943784 -0.295615
46 0.588308 0.940328 -0.312169
47 0.616878 0.935162 -0.332092
48 0.642319 0.935985 -0.345414
49 0.668427 0.933282 -0.356328
50 0.698198 0.920619 -0.365481
51 0.724890 0.913934 -0.364476
52 0.752694 0.905597 -0.357760
53 0.782982 0.895509 -0.341588
54 0.812818 0.881401 -0.308031
55 0.825122 0.877714 -0.272816
56 0.826431 0.871728 -0.238747
57 0.806114 0.862167 -0.196778
58 0.783185 0.854724 -0.170445
59 0.764337 0.852214 -0.148846
Frame 80
30 0.736671 0.848861 -0.123397
31 0.710605 0.851469 -0.104205
32 0.686377 0.856324 -0.093563
33 0.657327 0.864362 -0.085792
34 0.628909 0.870682 -0.080304
35 0.601145 0.880950 -0.073326
36 0.571813 0.890137 -0.070531
37 0.532686 0.915996 -0.080993
38 0.507175 0.926789 -0.105125
39 0.489379 0.939886 -0.144307
40 0.488034 0.947314 -0.181108
41 0.493075 0.950882 -0.210477
42 0.504066 0.953454 -0.236716
43 0.519987 0.954908 -0.258288
44 0.541935 0.948310 -0.281878
45 0.562679 0.943821 -0.297066
46 0.587969 0.940373 -0.313329
47 0.616766 0.935221 -0.332923
48 0.642359 0.936054 -0.345946
49 0.668592 0.933359 -0.356558
50 0.698462 0.920702 -0.365369
51 0.725127 0.914024 -0.364062
52 0.752842 0.905693 -0.357035
53 0.782924 0.895605 -0.340533
54 0.812375 0.881492 -0.306656
55 0.824289 0.877801 -0.271327
56 0.825226 0.871803 -0.237309
57 0.804466 0.862211 -0.195568
58 0.781266 0.854756 -0.169468
59 0.762168 0.852229 -0.148044
Frame 81
30 0.734172 0.848856 -0.122864
31 0.707881 0.851434 -0.103957
32 0.683540 0.856249 -0.093581
33 0.654391 0.864259 -0.086110
34 0.625914 0.870619 -0.080979
35 0.598030 0.880956 -0.074371
36 0.568685 0.890103 -0.071955
37 0.529748 0.916024 -0.082869
38 0.504523 0.926815 -0.107288
39 0.487171 0.939905 -0.146646
40 0.486220 0.947317 -0.183425
41 0.491568 0.950877 -0.212714
42 0.502840 0.953451 -0.238820
43 0.519006 0.954918 -0.260209
44 0.541222 0.948340 -0.283541
45 0.562141 0.943863 -0.298490
46 0.587617 0.940430 -0.314461
47 0.616639 0.935296 -0.333724
48 0.642379 0.936143 -0.346448
49 0.668733 0.933462 -0.356757
50 0.698699 0.920814 -0.365228
51 0.725335 0.914144 -0.363620
52 0.752958 0.905821 -0.356286
53 0.782834 0.895735 -0.339456
54 0.811898 0.881616 -0.305265
55 0.823422 0.877918 -0.269828
56 0.823989 0.871905 -0.235863
57 0.802789 0.862275 -0.194357
58 0.779322 0.854802 -0.168495
59 0.759976 0.852254 -0.147248
Frame 82
30 0.731597 0.848858 -0.122348
31 0.705080 0.851401 -0.103731
32 0.680622 0.856178 -0.093625
33 0.651372 0.864162 -0.086463
34 0.622833 0.870561 -0.081697
35 0.594834 0.880970 -0.075470
36 0.565476 0.890087 -0.073445
37 0.526750 0.916056 -0.084804
38 0.501825 0.926844 -0.109506
39 0.484926 0.939933 -0.149031
40 0.484374 0.947334 -0.185777
41 0.490032 0.950890 -0.214979
42 0.501585 0.953470 -0.240947
43 0.517996 0.954955 -0.262145
44 0.540484 0.948400 -0.285212
45 0.561576 0.943939 -0.299920
46 0.587238 0.940522 -0.315593
47 0.616482 0.935411 -0.334518
48 0.642369 0.936273 -0.346937
49 0.668843 0.933606 -0.356938
50 0.698903 0.920969 -0.365064
51 0.725506 0.914308 -0.363153
52 0.753031 0.905991 -0.355509
53 0.782694 0.895905 -0.338353
54 0.811362 0.881777 -0.303851
55 0.822489 0.878067 -0.268308
56 0.822682 0.872034 -0.234402
57 0.801039 0.862362 -0.193139
58 0.777300 0.854865 -0.167524
59 0.757706 0.852291 -0.146461
Frame 83
30 0.728884 0.848870 -0.121851
31 0.702137 0.851377 -0.103534
32 0.677561 0.856116 -0.093708
33 0.648201 0.864084 -0.086872
34 0.619597 0.870522 -0.082488
35 0.591486 0.881007 -0.076656
36 0.562117 0.890114 -0.075044
37 0.523633 0.916114 -0.086842
38 0.499026 0.926903 -0.111825
39 0.482601 0.939996 -0.151512
40 0.482460 0.947394 -0.188214
41 0.488434 0.950949 -0.217320
42 0.500276 0.953541 -0.243139
43 0.516938 0.955046 -0.264138
44 0.539701 0.948518 -0.286931
45 0.560969 0.944075 -0.301386
46 0.586819 0.940674 -0.316750
47 0.616287 0.935584 -0.335326
48 0.642321 0.936463 -0.347428
49 0.668915 0.933810 -0.357111
50 0.699066 0.921183 -0.364883
51 0.725628 0.914525 -0.362662
52 0.753049 0.906212 -0.354702
53 0.782485 0.896120 -0.337217
54 0.810742 0.881976 -0.302403
55 0.821457 0.878247 -0.266756
56 0.821265 0.872191 -0.232916
57 0.799167 0.862471 -0.191910
58 0.775148 0.854946 -0.166552
59 0.755301 0.852341 -0.145685
Frame 84
30 0.725993 0.848892 -0.121380
31 0.699010 0.851361 -0.103378
32 0.674312 0.856070 -0.093842
33 0.644832 0.864035 -0.087356
34 0.616162 0.870511 -0.083373
35 0.587948 0.881081 -0.077950
36 0.558560 0.890206 -0.076776
37 0.520356 0.916219 -0.089014
38 0.496095 0.927010 -0.114279
39 0.480168 0.940116 -0.154120
40 0.480456 0.947519 -0.190765
41 0.486758 0.951079 -0.219764
42 0.498898 0.953686 -0.245422
43 0.515818 0.955214 -0.266210
44 0.538862 0.948715 -0.288717
45 0.560309 0.944287 -0.302908
46 0.586350 0.940904 -0.317951
47 0.616046 0.935833 -0.336162
48 0.642229 0.936725 -0.347933
49 0.668942 0.934083 -0.357284
50 0.699179 0.921461 -0.364689
51 0.725696 0.914802 -0.362148
52 0.753001 0.906485 -0.353863
53 0.782194 0.896382 -0.336043
54 0.810016 0.882213 -0.300913
55 0.820301 0.878458 -0.265164
56 0.819710 0.872377 -0.231398
57 0.797141 0.862602 -0.190666
58 0.772830 0.855044 -0.165581
59 0.752724 0.852407 -0.144921
Frame 85
30 0.722961 0.848917 -0.120937
31 0.695738 0.851350 -0.103259
32 0.670917 0.856033 -0.094024
33 0.641307 0.864007 -0.087903
34 0.612574 0.870516 -0.084335
35 0.584266 0.881178 -0.079329
36 0.554852 0.890350 -0.078612
37 0.516966 0.916362 -0.091288
38 0.493071 0.927155 -0.116833
39 0.477661 0.940281 -0.156821
40 0.478388 0.947694 -0.193396
41 0.485025 0.951263 -0.222278
42 0.497468 0.953890 -0.247764
43 0.514651 0.955441 -0.268333
44 0.537978 0.948973 -0.290544
45 0.559605 0.944561 -0.304465
46 0.585836 0.941191 -0.319174
47 0.615761 0.936139 -0.337008
48 0.642092 0.937042 -0.348438
49 0.668923 0.934409 -0.357447
50 0.699244 0.921788 -0.364478
51 0.725705 0.915123 -0.361611
52 0.752886 0.906796 -0.352997
53 0.781823 0.896675 -0.334840
54 0.809194 0.882475 -0.299396
55 0.819035 0.878689 -0.263549
56 0.818037 0.872580 -0.229864
57 0.794986 0.862746 -0.189419
58 0.770376 0.855152 -0.164620
59 0.750009 0.852479 -0.144176
Frame 86
30 0.719846 0.848939 -0.120523
31 0.692385 0.851335 -0.103173
32 0.667443 0.855995 -0.094242
33 0.637698 0.863987 -0.088497
34 0.608906 0.870529 -0.085352
35 0.580515 0.881287 -0.080764
36 0.551070 0.890525 -0.080514
37 0.513531 0.916522 -0.093618
38 0.490014 0.927317 -0.119435
39 0.475127 0.940467 -0.159561
40 0.476295 0.947896 -0.196054
41 0.483269 0.951477 -0.224814
42 0.496013 0.954127 -0.250121
43 0.513457 0.955704 -0.270465
44 0.537066 0.949266 -0.292375
45 0.558870 0.944868 -0.306021
46 0.585289 0.941512 -0.320394
47 0.615437 0.936477 -0.337846
48 0.641914 0.937390 -0.348930
49 0.668859 0.934765 -0.357594
50 0.699257 0.922142 -0.364248
51 0.725657 0.915467 -0.361056
52 0.752708 0.907128 -0.352113
53 0.781380 0.896983 -0.333622
54 0.808293 0.882748 -0.297870
55 0.817685 0.878927 -0.261930
56 0.816278 0.872787 -0.228333
57 0.792744 0.862892 -0.188184
58 0.767834 0.855261 -0.163676
59 0.747206 0.852549 -0.143455
Frame 87
30 0.716707 0.848950 -0.120139
31 0.689014 0.851309 -0.103116
32 0.663953 0.855948 -0.094488
33 0.634076 0.863962 -0.089120
34 0.605231 0.870534 -0.086396
35 0.576765 0.881389 -0.082222
36 0.547292 0.890703 -0.082442
37 0.510113 0.916680 -0.095957
38 0.486978 0.927477 -0.122035
39 0.472611 0.940654 -0.162287
40 0.474213 0.948101 -0.198689
41 0.481516 0.951695 -0.227323
42 0.494558 0.954371 -0.252448
43 0.512258 0.955975 -0.272566
44 0.536140 0.949567 -0.294175
45 0.558116 0.945184 -0.307547
46 0.584714 0.941842 -0.321585
47 0.615080 0.936824 -0.338657
48 0.641697 0.937747 -0.349396
49 0.668751 0.935128 -0.357717
50 0.699219 0.922502 -0.363999
51 0.725555 0.915816 -0.360486
52 0.752472 0.907461 -0.351220
53 0.780878 0.897291 -0.332404
54 0.807333 0.883016 -0.296355
55 0.816279 0.879157 -0.260329
56 0.814468 0.872989 -0.226824
57 0.790460 0.863030 -0.186975
58 0.765254 0.855360 -0.162760
59 0.744372 0.852610 -0.142763
Frame 88
30 0.713603 0.848940 -0.119784
31 0.685688 0.851261 -0.103081
32 0.660515 0.855881 -0.094747
33 0.630509 0.863918 -0.089750
34 0.601617 0.870519 -0.087438
35 0.573085 0.881473 -0.083669
36 0.543591 0.890862 -0.084351
37 0.506774 0.916814 -0.098254
38 0.484016 0.927612 -0.124580
39 0.470157 0.940816 -0.164944
40 0.472177 0.948284 -0.201251
41 0.479796 0.951895 -0.229756
42 0.493123 0.954597 -0.254701
43 0.511069 0.956226 -0.274597
44 0.535214 0.949852 -0.295908
45 0.557352 0.945483 -0.309014
46 0.584123 0.942156 -0.322722
47 0.614695 0.937154 -0.339422
48 0.641442 0.938086 -0.349825
49 0.668598 0.935476 -0.357812
50 0.699131 0.922847 -0.363732
51 0.725400 0.916149 -0.359908
52 0.752185 0.907779 -0.350331
53 0.780327 0.897582 -0.331203
54 0.806334 0.883269 -0.294872
55 0.814846 0.879371 -0.258768
56 0.812644 0.873172 -0.225358
57 0.788178 0.863150 -0.185807
58 0.762689 0.855440 -0.161880
59 0.741560 0.852651 -0.142105
Frame 89
30 0.710595 0.848903 -0.119457
31 0.682471 0.851187 -0.103061
32 0.657194 0.855784 -0.095009
33 0.627068 0.863841 -0.090365
34 0.598136 0.870473 -0.088449
35 0.569543 0.881524 -0.085073
36 0.540039 0.890976 -0.086198
37 0.503576 0.916905 -0.100461
38 0.481179 0.927703 -0.127017
39 0.467803 0.940933 -0.167478
40 0.470217 0.948421 -0.203689
41 0.478135 0.952047 -0.232067
42 0.491730 0.954777 -0.256836
43 0.509907 0.956433 -0.276517
44 0.534299 0.950091 -0.297544
45 0.556590 0.945739 -0.310391
46 0.583521 0.942427 -0.323785
47 0.614285 0.937444 -0.340129
48 0.641154 0.938388 -0.350208
49 0.668402 0.935786 -0.357876
50 0.698992 0.923156 -0.363451
51 0.725197 0.916449 -0.359332
52 0.751851 0.908064 -0.349460
53 0.779742 0.897844 -0.330039
54 0.805320 0.883493 -0.293443
55 0.813416 0.879555 -0.257269
56 0.810843 0.873325 -0.223955
57 0.785945 0.863242 -0.184693
58 0.760187 0.855493 -0.161046
59 0.738827 0.852665 -0.141484
Frame 90
30 0.707742 0.848831 -0.119154
31 0.679427 0.851075 -0.103047
32 0.654055 0.855648 -0.095257
33 0.623819 0.863717 -0.090940
34 0.594856 0.870381 -0.089398
35 0.566207 0.881524 -0.086393
36 0.536704 0.891016 -0.087934
37 0.500573 0.916930 -0.102526
38 0.478516 0.927728 -0.129291
39 0.465588 0.940979 -0.169837
40 0.468364 0.948486 -0.205951
41 0.476556 0.952129 -0.234209
42 0.490398 0.954885 -0.258812
43 0.508788 0.956569 -0.278291
44 0.533407 0.950260 -0.299048
45 0.555838 0.945926 -0.311653
46 0.582914 0.942631 -0.324752
47 0.613855 0.937670 -0.340762
48 0.640833 0.938628 -0.350539
49 0.668165 0.936036 -0.357906
50 0.698807 0.923410 -0.363159
51 0.724948 0.916696 -0.358767
52 0.751481 0.908301 -0.348621
53 0.779135 0.898060 -0.328929
54 0.804313 0.883674 -0.292092
55 0.812023 0.879699 -0.255855
56 0.809104 0.873437 -0.222634
57 0.783805 0.863297 -0.183647
58 0.757803 0.855509 -0.160264
59 0.736228 0.852642 -0.140904
Frame 91
30 0.705086 0.848747 -0.118874
31 0.676599 0.850950 -0.103031
32 0.651144 0.855494 -0.095481
33 0.620808 0.863567 -0.091457
34 0.591823 0.870264 -0.090258
35 0.563122 0.881493 -0.087604
36 0.533628 0.890995 -0.089524
37 0.497805 0.916906 -0.104411
38 0.476055 0.927700 -0.131366
39 0.463534 0.940967 -0.171982
40 0.466635 0.948490 -0.208004
41 0.475073 0.952148 -0.236150
42 0.489137 0.954931 -0.260600
43 0.507719 0.956642 -0.279891
44 0.532542 0.950368 -0.300399
45 0.555099 0.946054 -0.312782
46 0.582306 0.942779 -0.325610
47 0.613406 0.937844 -0.341312
48 0.640480 0.938819 -0.350812
49 0.667885 0.936241 -0.357906
50 0.698574 0.923622 -0.362864
51 0.724657 0.916908 -0.358222
52 0.751080 0.908508 -0.347827
53 0.778519 0.898252 -0.327889
54 0.803333 0.883836 -0.290831
55 0.810690 0.879826 -0.254540
56 0.807456 0.873535 -0.221408
57 0.781795 0.863339 -0.182678
58 0.755572 0.855512 -0.159537
59 0.733802 0.852608 -0.140365
Frame 92
30 0.702594 0.848679 -0.118607
31 0.673952 0.850838 -0.103010
32 0.648421 0.855347 -0.095680
33 0.617994 0.863415 -0.091921
34 0.588993 0.870144 -0.091040
35 0.560243 0.881452 -0.088717
36 0.530763 0.890938 -0.090988
37 0.495223 0.916854 -0.106139
38 0.473756 0.927641 -0.133265
39 0.461606 0.940920 -0.173941
40 0.464998 0.948456 -0.209874
41 0.473660 0.952129 -0.237917
42 0.487923 0.954938 -0.262225
43 0.506679 0.956678 -0.281342
44 0.531688 0.950442 -0.301618
45 0.554361 0.946150 -0.313796
46 0.581686 0.942899 -0.326373
47 0.612931 0.937994 -0.341792
48 0.640089 0.938990 -0.351037
49 0.667560 0.936431 -0.357878
50 0.698292 0.923827 -0.362563
51 0.724322 0.917117 -0.357693
52 0.750644 0.908717 -0.347069
53 0.777887 0.898453 -0.326905
54 0.802367 0.884012 -0.289647
55 0.809402 0.879970 -0.253306
56 0.805879 0.873647 -0.220260
57 0.779888 0.863398 -0.181769
58 0.753466 0.855532 -0.158854
59 0.731518 0.852590 -0.139855
Frame 93
30 0.700212 0.848624 -0.118350
31 0.671426 0.850736 -0.102982
32 0.645827 0.855205 -0.095857
33 0.615313 0.863259 -0.092344
34 0.586302 0.870019 -0.091762
35 0.557508 0.881399 -0.089756
36 0.528044 0.890847 -0.092356
37 0.492768 0.916769 -0.107746
38 0.471564 0.927546 -0.135030
39 0.459754 0.940833 -0.175758
40 0.463414 0.948382 -0.211605
41 0.472281 0.952069 -0.239549
42 0.486727 0.954906 -0.263723
43 0.505644 0.956679 -0.282677
44 0.530826 0.950481 -0.302734
45 0.553604 0.946216 -0.314720
46 0.581038 0.942994 -0.327062
47 0.612417 0.938125 -0.342215
48 0.639653 0.939147 -0.351220
49 0.667184 0.936611 -0.357823
50 0.697955 0.924027 -0.362255
51 0.723937 0.917327 -0.357172
52 0.750166 0.908933 -0.346335
53 0.777228 0.898666 -0.325961
54 0.801400 0.884206 -0.288516
55 0.808132 0.880132 -0.252130
56 0.804340 0.873778 -0.219165
57 0.778045 0.863474 -0.180902
58 0.751442 0.855566 -0.158199
59 0.729328 0.852586 -0.139365
Frame 94
30 0.697884 0.848576 -0.118092
31 0.668963 0.850638 -0.102946
32 0.643301 0.855062 -0.096017
33 0.612706 0.863096 -0.092739
34 0.583688 0.869880 -0.092444
35 0.554853 0.881327 -0.090745
36 0.525410 0.890726 -0.093660
37 0.490379 0.916647 -0.109271
38 0.469422 0.927412 -0.136702
39 0.457933 0.940702 -0.177476
40 0.461843 0.948263 -0.213237
41 0.470903 0.951968 -0.241087
42 0.485523 0.954834 -0.265132
43 0.504590 0.956640 -0.283929
44 0.529935 0.950488 -0.303775
45 0.552815 0.946253 -0.315577
46 0.580351 0.943065 -0.327693
47 0.611856 0.938237 -0.342592
48 0.639163 0.939291 -0.351368
49 0.666749 0.936784 -0.357745
50 0.697561 0.924226 -0.361934
51 0.723496 0.917543 -0.356648
52 0.749639 0.909161 -0.345608
53 0.776530 0.898896 -0.325035
54 0.800410 0.884421 -0.287411
55 0.806856 0.880317 -0.250985
56 0.802807 0.873929 -0.218097
57 0.776224 0.863568 -0.180056
58 0.749452 0.855616 -0.157558
59 0.727182 0.852593 -0.138884
Frame 95
30 0.695558 0.848534 -0.117830
31 0.666507 0.850539 -0.102902
32 0.640782 0.854915 -0.096167
33 0.610112 0.862922 -0.093120
34 0.581088 0.869725 -0.093106
35 0.552218 0.881231 -0.091709
36 0.522801 0.890577 -0.094933
37 0.487997 0.916483 -0.110752
38 0.467278 0.927233 -0.138325
39 0.456098 0.940524 -0.179139
40 0.460248 0.948097 -0.214813
41 0.469494 0.951820 -0.242570
42 0.484281 0.954719 -0.266488
43 0.503494 0.956564 -0.285129
44 0.528998 0.950462 -0.304770
45 0.551975 0.946263 -0.316390
46 0.579609 0.943116 -0.328286
47 0.611238 0.938335 -0.342935
48 0.638611 0.939427 -0.351487
49 0.666251 0.936954 -0.357643
50 0.697103 0.924431 -0.361596
51 0.722994 0.917769 -0.356111
52 0.749054 0.909404 -0.344873
53 0.775781 0.899147 -0.324105
54 0.799378 0.884659 -0.286309
55 0.805545 0.880525 -0.249842
56 0.801247 0.874101 -0.217032
57 0.774385 0.863680 -0.179210
58 0.747451 0.855678 -0.156915
59 0.725029 0.852610 -0.138399
Frame 96
30 0.693177 0.848492 -0.117560
31 0.663998 0.850436 -0.102852
32 0.638211 0.854758 -0.096310
33 0.607469 0.862735 -0.093501
34 0.578441 0.869548 -0.093771
35 0.549541 0.881106 -0.092676
36 0.520156 0.890404 -0.096210
37 0.485566 0.916270 -0.112230
38 0.465081 0.927004 -0.139939
39 0.454206 0.940293 -0.180790
40 0.458593 0.947882 -0.216375
41 0.468024 0.951626 -0.244038
42 0.482976 0.954562 -0.267826
43 0.502334 0.956451 -0.286310
44 0.527996 0.950405 -0.305743
45 0.551072 0.946247 -0.317183
46 0.578802 0.943146 -0.328856
47 0.610553 0.938421 -0.343256
48 0.637991 0.939556 -0.351583
49 0.665682 0.937126 -0.357517
50 0.696577 0.924643 -0.361232
51 0.722424 0.918009 -0.355549
52 0.748402 0.909667 -0.344113
53 0.774966 0.899422 -0.323150
54 0.798282 0.884924 -0.285182
55 0.804169 0.880760 -0.248678
56 0.799622 0.874297 -0.215944
57 0.772485 0.863808 -0.178346
58 0.745391 0.855752 -0.156258
59 0.722820 0.852634 -0.137902
Frame 97
30 0.690687 0.848448 -0.117275
31 0.661379 0.850323 -0.102795
32 0.635530 0.854587 -0.096456
33 0.604720 0.862530 -0.093898
34 0.575686 0.869341 -0.094460
35 0.546761 0.880945 -0.093671
36 0.517418 0.890207 -0.097524
37 0.483029 0.916003 -0.113743
38 0.462780 0.926720 -0.141586
39 0.452214 0.940007 -0.182474
40 0.456841 0.947612 -0.217964
41 0.466462 0.951382 -0.245529
42 0.481585 0.954361 -0.269182
43 0.501087 0.956299 -0.287504
44 0.526912 0.950318 -0.306723
45 0.550088 0.946206 -0.317975
46 0.577917 0.943159 -0.329419
47 0.609791 0.938498 -0.343561
48 0.637295 0.939684 -0.351657
49 0.665038 0.937302 -0.357363
50 0.695975 0.924868 -0.360833
51 0.721778 0.918267 -0.354948
52 0.747671 0.909953 -0.343309
53 0.774070 0.899724 -0.322147
54 0.797100 0.885221 -0.284004
55 0.802699 0.881024 -0.247462
56 0.797898 0.874518 -0.214808
57 0.770480 0.863955 -0.177442
58 0.743226 0.855836 -0.155568
59 0.720501 0.852662 -0.137381
Frame 98
30 0.688034 0.848397 -0.116972
31 0.658591 0.850195 -0.102735
32 0.632677 0.854398 -0.096611
33 0.601804 0.862306 -0.094325
34 0.572763 0.869104 -0.095195
35 0.543820 0.880746 -0.094723
36 0.514531 0.889992 -0.098910
37 0.480331 0.915677 -0.115332
38 0.460326 0.926376 -0.143312
39 0.450083 0.939661 -0.184236
40 0.454961 0.947289 -0.219622
41 0.464782 0.951088 -0.247082
42 0.480081 0.954115 -0.270590
43 0.499736 0.956109 -0.288740
44 0.525731 0.950200 -0.307734
45 0.549009 0.946143 -0.318788
46 0.576941 0.943158 -0.329992
47 0.608944 0.938568 -0.343861
48 0.636513 0.939813 -0.351713
49 0.664308 0.937487 -0.357179
50 0.695293 0.925109 -0.360393
51 0.721047 0.918548 -0.354296
52 0.746853 0.910267 -0.342444
53 0.773077 0.900058 -0.321073
54 0.795807 0.885549 -0.282749
55 0.801104 0.881320 -0.246169
56 0.796036 0.874766 -0.213597
57 0.768326 0.864118 -0.176480
58 0.740907 0.855929 -0.154834
59 0.718024 0.852693 -0.136827
Frame 99
30 0.685180 0.848325 -0.116647
31 0.655595 0.850039 -0.102673
32 0.629613 0.854175 -0.096779
33 0.598682 0.862045 -0.094792
34 0.569634 0.868817 -0.095990
35 0.540682 0.880491 -0.095847
36 0.511457 0.889739 -0.100384
37 0.477441 0.915280 -0.117020
38 0.457691 0.925962 -0.145140
39 0.447787 0.939244 -0.186101
40 0.452931 0.946897 -0.221374
41 0.462966 0.950732 -0.248722
42 0.478451 0.953817 -0.272070
43 0.498267 0.955873 -0.290038
44 0.524442 0.950045 -0.308791
45 0.547830 0.946048 -0.319634
46 0.575868 0.943134 -0.330581
47 0.608005 0.938624 -0.344160
48 0.635642 0.939934 -0.351752
49 0.663491 0.937672 -0.356960
50 0.694524 0.925358 -0.359902
51 0.720226 0.918842 -0.353579
52 0.745937 0.910599 -0.341503
53 0.771976 0.900412 -0.319912
54 0.794388 0.885901 -0.281396
55 0.799362 0.881634 -0.244781
56 0.794013 0.875027 -0.212298
57 0.765993 0.864285 -0.175447
58 0.738400 0.856017 -0.154049
59 0.715353 0.852711 -0.136236
Frame 100
30 0.682167 0.848222 -0.116309
31 0.652438 0.849843 -0.102609
32 0.626387 0.853907 -0.096958
33 0.595401 0.861735 -0.095286
34 0.566350 0.868473 -0.096825
35 0.537394 0.880174 -0.097017
36 0.508242 0.889430 -0.101917
37 0.474407 0.914805 -0.118772
38 0.454917 0.925472 -0.147038
39 0.445364 0.938754 -0.188034
40 0.450783 0.946436 -0.223186
41 0.461039 0.950311 -0.250414
42 0.476718 0.953458 -0.273596
43 0.496699 0.955583 -0.291370
44 0.523060 0.949843 -0.309873
45 0.546559 0.945913 -0.320494
46 0.574706 0.943076 -0.331173
47 0.606980 0.938653 -0.344447
48 0.634686 0.940037 -0.351768
49 0.662589 0.937845 -0.356710
50 0.693672 0.925602 -0.359366
51 0.719316 0.919135 -0.352811
52 0.744930 0.910934 -0.340502
53 0.770775 0.900771 -0.318684
54 0.792855 0.886257 -0.279974
55 0.797496 0.881950 -0.243322
56 0.791854 0.875288 -0.210931
57 0.763516 0.864441 -0.174363
58 0.735745 0.856088 -0.153226
59 0.712528 0.852705 -0.135616
Frame 101
30 0.679058 0.848089 -0.115964
31 0.649186 0.849611 -0.102544
32 0.623067 0.853600 -0.097142
33 0.592031 0.861382 -0.095792
34 0.562983 0.868077 -0.097678
35 0.534026 0.879800 -0.098205
36 0.504954 0.889067 -0.103471
37 0.471293 0.914265 -0.120545
38 0.452065 0.924916 -0.148955
39 0.442865 0.938198 -0.189984
40 0.448559 0.945914 -0.225008
41 0.459038 0.949831 -0.252114
42 0.474910 0.953046 -0.275123
43 0.495055 0.955245 -0.292701
44 0.521603 0.949599 -0.310947
45 0.545215 0.945740 -0.321344
46 0.573469 0.942986 -0.331749
47 0.605879 0.938658 -0.344714
48 0.633652 0.940119 -0.351760
49 0.661608 0.938004 -0.356429
50 0.692742 0.925837 -0.358798
51 0.718325 0.919423 -0.352008
52 0.743839 0.911267 -0.339463
53 0.769486 0.901130 -0.317417
54 0.791231 0.886615 -0.278512
55 0.795533 0.882268 -0.241829
56 0.789599 0.875545 -0.209533
57 0.760942 0.864587 -0.173254
58 0.732993 0.856140 -0.152383
59 0.709607 0.852677 -0.134984
Frame 102
30 0.675918 0.847930 -0.115621
31 0.645906 0.849349 -0.102480
32 0.619724 0.853259 -0.097323
33 0.588641 0.860991 -0.096293
34 0.559598 0.867639 -0.098524
35 0.530646 0.879379 -0.099383
36 0.501657 0.888655 -0.105008
37 0.468164 0.913664 -0.122294
38 0.449192 0.924301 -0.150842
39 0.440336 0.937585 -0.191899
40 0.446300 0.945335 -0.226795
41 0.456994 0.949301 -0.253775
42 0.473055 0.952588 -0.276611
43 0.493361 0.954863 -0.293994
44 0.520092 0.949316 -0.311985
45 0.543813 0.945533 -0.322159
46 0.572172 0.942867 -0.332294
47 0.604714 0.938638 -0.344952
48 0.632549 0.940180 -0.351724
49 0.660555 0.938145 -0.356124
50 0.691737 0.926061 -0.358208
51 0.717261 0.919703 -0.351187
52 0.742675 0.911595 -0.338410
53 0.768126 0.901485 -0.316142
54 0.789541 0.886970 -0.277047
55 0.793510 0.882581 -0.240334
56 0.787289 0.875795 -0.208134
57 0.758321 0.864720 -0.172145
58 0.730200 0.856177 -0.151541
59 0.706647 0.852627 -0.134353
Frame 103
30 0.672808 0.847747 -0.115285
31 0.642666 0.849060 -0.102414
32 0.616422 0.852888 -0.097495
33 0.585298 0.860568 -0.096777
34 0.556267 0.867163 -0.099342
35 0.527321 0.878917 -0.100518
36 0.498417 0.888200 -0.106490
37 0.465080 0.913015 -0.123973
38 0.446354 0.923638 -0.152650
39 0.437825 0.936923 -0.193727
40 0.444042 0.944710 -0.228496
41 0.454940 0.948727 -0.255352
42 0.471178 0.952088 -0.278021
43 0.491638 0.954442 -0.295214
44 0.518544 0.948998 -0.312959
45 0.542368 0.945293 -0.322918
46 0.570826 0.942717 -0.332790
47 0.603492 0.938591 -0.345152
48 0.631384 0.940220 -0.351660
49 0.659435 0.938266 -0.355801
50 0.690665 0.926268 -0.357611
51 0.716131 0.919969 -0.350368
52 0.741448 0.911911 -0.337369
53 0.766713 0.901831 -0.314888
54 0.787811 0.887318 -0.275615
55 0.791459 0.882887 -0.238876
56 0.784966 0.876037 -0.206769
57 0.755702 0.864840 -0.171063
58 0.727419 0.856195 -0.150718
59 0.703708 0.852557 -0.133737
Frame 104
30 0.669794 0.847543 -0.114963
31 0.639533 0.848748 -0.102346
32 0.613235 0.852493 -0.097649
33 0.582072 0.860117 -0.097224
34 0.553055 0.866658 -0.100105
35 0.524116 0.878421 -0.101580
36 0.495296 0.887705 -0.107879
37 0.462103 0.912325 -0.125536
38 0.443604 0.922934 -0.154328
39 0.435376 0.936219 -0.195418
40 0.441823 0.944044 -0.230065
41 0.452907 0.948115 -0.256802
42 0.469307 0.951553 -0.279313
43 0.489906 0.953987 -0.296326
44 0.516976 0.948646 -0.313841
45 0.540895 0.945020 -0.323597
46 0.569443 0.942537 -0.333225
47 0.602224 0.938518 -0.345308
48 0.630166 0.940233 -0.351569
49 0.658259 0.938366 -0.355469
50 0.689533 0.926455 -0.357022
51 0.714946 0.920217 -0.349572
52 0.740174 0.912210 -0.336367
53 0.765263 0.902162 -0.313688
54 0.786067 0.887654 -0.274252
55 0.789417 0.883182 -0.237490
56 0.782673 0.876268 -0.205473
57 0.753137 0.864946 -0.170033
58 0.724707 0.856197 -0.149934
59 0.700850 0.852468 -0.133148
Frame 105
30 0.666940 0.847320 -0.114661
31 0.636574 0.848418 -0.102274
32 0.610230 0.852078 -0.097778
33 0.579031 0.859645 -0.097617
34 0.550030 0.866131 -0.100787
35 0.521097 0.877899 -0.102536
36 0.492356 0.887176 -0.109134
37 0.459292 0.911604 -0.126938
38 0.440996 0.922197 -0.155826
39 0.433033 0.935481 -0.196918
40 0.439680 0.943345 -0.231454
41 0.450922 0.947472 -0.258079
42 0.467464 0.950985 -0.280447
43 0.488187 0.953501 -0.297298
44 0.515403 0.948263 -0.314605
45 0.539408 0.944719 -0.324177
46 0.568036 0.942329 -0.333584
47 0.600919 0.938418 -0.345416
48 0.628904 0.940221 -0.351455
49 0.657033 0.938439 -0.355134
50 0.688350 0.926619 -0.356458
51 0.713714 0.920442 -0.348821
52 0.738862 0.912489 -0.335431
53 0.763796 0.902476 -0.312576
54 0.784339 0.887976 -0.272996
55 0.787421 0.883463 -0.236214
56 0.780455 0.876486 -0.204278
57 0.750681 0.865039 -0.169082
58 0.722121 0.856182 -0.149207
59 0.698134 0.852362 -0.132600
Frame 106
30 0.664285 0.847083 -0.114390
31 0.633830 0.848074 -0.102204
32 0.607447 0.851651 -0.097884
33 0.576214 0.859157 -0.097955
34 0.547231 0.865588 -0.101382
35 0.518302 0.877358 -0.103378
36 0.489632 0.886614 -0.110242
37 0.456678 0.910859 -0.128161
38 0.438558 0.921435 -0.157125
39 0.430817 0.934716 -0.198211
40 0.437630 0.942618 -0.232647
41 0.449002 0.946803 -0.259169
42 0.465663 0.950391 -0.281412
43 0.486491 0.952987 -0.298120
44 0.513834 0.947851 -0.315245
45 0.537914 0.944387 -0.324658
46 0.566611 0.942091 -0.333872
47 0.599584 0.938289 -0.345485
48 0.627601 0.940180 -0.351329
49 0.655762 0.938484 -0.354818
50 0.687118 0.926755 -0.355941
51 0.712444 0.920640 -0.348142
52 0.737524 0.912741 -0.334591
53 0.762325 0.902765 -0.311583
54 0.782644 0.888278 -0.271880
55 0.785496 0.883728 -0.235082
56 0.778342 0.876691 -0.203219
57 0.748363 0.865117 -0.168238
58 0.719694 0.856153 -0.148561
59 0.695596 0.852241 -0.132112
Frame 107
30 0.661764 0.846834 -0.114145
31 0.631232 0.847720 -0.102137
32 0.604814 0.851212 -0.097972
33 0.573550 0.858657 -0.098252
34 0.544585 0.865032 -0.101913
35 0.515658 0.876801 -0.104131
36 0.487054 0.886027 -0.111237
37 0.454196 0.910094 -0.129247
38 0.436228 0.920650 -0.158274
39 0.428676 0.933928 -0.199349
40 0.435630 0.941866 -0.233693
41 0.447110 0.946108 -0.260120
42 0.463872 0.949772 -0.282250
43 0.484792 0.952445 -0.298832
44 0.512248 0.947410 -0.315795
45 0.536394 0.944025 -0.325067
46 0.565152 0.941823 -0.334109
47 0.598203 0.938128 -0.345527
48 0.626248 0.940106 -0.351199
49 0.654436 0.938497 -0.354519
50 0.685831 0.926859 -0.355465
51 0.711123 0.920808 -0.347523
52 0.736145 0.912965 -0.333830
53 0.760830 0.903028 -0.310689
54 0.780954 0.888557 -0.270878
55 0.783604 0.883974 -0.234065
56 0.776288 0.876880 -0.202268
57 0.746134 0.865181 -0.167479
58 0.717372 0.856110 -0.147978
59 0.693175 0.852107 -0.131672
Frame 108
30 0.659284 0.846572 -0.113903
31 0.628681 0.847355 -0.102060
32 0.602231 0.850765 -0.098040
33 0.570938 0.858147 -0.098514
34 0.541993 0.864465 -0.102395
35 0.513068 0.876228 -0.104822
36 0.484525 0.885417 -0.112155
37 0.451754 0.909310 -0.130243
38 0.433924 0.919846 -0.159325
39 0.426544 0.933117 -0.200386
40 0.433625 0.941090 -0.234646
41 0.445201 0.945390 -0.260981
42 0.462053 0.949126 -0.283006
43 0.483056 0.951877 -0.299471
44 0.510617 0.946941 -0.316284
45 0.534825 0.943635 -0.325425
46 0.563638 0.941524 -0.334308
47 0.596762 0.937938 -0.345544
48 0.624829 0.940003 -0.351057
49 0.653043 0.938479 -0.354221
50 0.684473 0.926933 -0.355003
51 0.709735 0.920946 -0.346928
52 0.734704 0.913160 -0.333103
53 0.759282 0.903264 -0.309840
54 0.779229 0.888813 -0.269930
55 0.781694 0.884200 -0.233104
56 0.774231 0.877050 -0.201370
57 0.743918 0.865229 -0.166758
58 0.715073 0.856052 -0.147421
59 0.690787 0.851958 -0.131248
Frame 109
30 0.656749 0.846296 -0.113641
31 0.626078 0.846978 -0.101962
32 0.599599 0.850309 -0.098084
33 0.568276 0.857630 -0.098750
34 0.539354 0.863890 -0.102847
35 0.510431 0.875644 -0.105477
36 0.481947 0.884788 -0.113031
37 0.449261 0.908512 -0.131195
38 0.431567 0.919024 -0.160332
39 0.424352 0.932286 -0.201379
40 0.431559 0.940293 -0.235558
41 0.443227 0.944650 -0.261801
42 0.460167 0.948458 -0.283724
43 0.481249 0.951285 -0.300074
44 0.508914 0.946445 -0.316739
45 0.533180 0.943218 -0.325751
46 0.562046 0.941198 -0.334479
47 0.595241 0.937718 -0.345537
48 0.623328 0.939869 -0.350894
49 0.651566 0.938430 -0.353904
50 0.683031 0.926975 -0.354524
51 0.708262 0.921053 -0.346319
52 0.733180 0.913324 -0.332366
53 0.757653 0.903472 -0.308983
54 0.777427 0.889043 -0.268977
55 0.779710 0.884403 -0.232140
56 0.772108 0.877202 -0.200468
57 0.741643 0.865258 -0.166030
58 0.712717 0.855978 -0.146850
59 0.688342 0.851795 -0.130806
Frame 110
30 0.654068 0.846007 -0.113338
31 0.623328 0.846590 -0.101831
32 0.596816 0.849845 -0.098103
33 0.565468 0.857105 -0.098967
34 0.536570 0.863306 -0.103286
35 0.507651 0.875049 -0.106122
36 0.479228 0.884145 -0.113900
37 0.446628 0.907700 -0.132153
38 0.429076 0.918185 -0.161350
39 0.422036 0.931437 -0.202383
40 0.429378 0.939476 -0.236482
41 0.441143 0.943889 -0.262629
42 0.458174 0.947769 -0.284446
43 0.479341 0.950670 -0.300676
44 0.507111 0.945924 -0.317188
45 0.531437 0.942773 -0.326065
46 0.560358 0.940844 -0.334630
47 0.593623 0.937470 -0.345503
48 0.621730 0.939705 -0.350698
49 0.649993 0.938350 -0.353548
50 0.681491 0.926986 -0.353999
51 0.706688 0.921128 -0.345659
52 0.731549 0.913459 -0.331572
53 0.755910 0.903650 -0.308065
54 0.775503 0.889246 -0.267960
55 0.777599 0.884581 -0.231112
56 0.769853 0.877330 -0.199507
57 0.739232 0.865267 -0.165246
58 0.710223 0.855886 -0.146228
59 0.685755 0.851616 -0.130317
Frame 111
30 0.651146 0.845704 -0.112975
31 0.620329 0.846192 -0.101655
32 0.593784 0.849375 -0.098093
33 0.562412 0.856576 -0.099177
34 0.533545 0.862717 -0.103731
35 0.504628 0.874445 -0.106786
36 0.476273 0.883490 -0.114801
37 0.443771 0.906878 -0.133163
38 0.426374 0.917333 -0.162431
39 0.419533 0.930572 -0.203455
40 0.427028 0.938643 -0.237471
41 0.438906 0.943112 -0.263515
42 0.456042 0.947061 -0.285215
43 0.477301 0.950035 -0.301313
44 0.505182 0.945381 -0.317656
45 0.529573 0.942306 -0.326385
46 0.558550 0.940464 -0.334772
47 0.591891 0.937193 -0.345440
48 0.620021 0.939511 -0.350459
49 0.648308 0.938238 -0.353134
50 0.679838 0.926965 -0.353397
51 0.704993 0.921172 -0.344908
52 0.729788 0.913562 -0.330674
53 0.754024 0.903799 -0.307031
54 0.773413 0.889421 -0.266818
55 0.775303 0.884733 -0.229961
56 0.767400 0.877433 -0.198430
57 0.736609 0.865252 -0.164361
58 0.707508 0.855773 -0.145517
59 0.682938 0.851419 -0.129750
Frame 112
30 0.647887 0.845385 -0.112528
31 0.616983 0.845784 -0.101426
32 0.590402 0.848898 -0.098055
33 0.559009 0.856043 -0.099387
34 0.530180 0.862124 -0.104203
35 0.501270 0.873833 -0.107498
36 0.472988 0.882827 -0.115770
37 0.440600 0.906049 -0.134274
38 0.423386 0.916468 -0.163629
39 0.416780 0.929694 -0.204649
40 0.424460 0.937796 -0.238575
41 0.436473 0.942319 -0.264505
42 0.453733 0.946337 -0.286074
43 0.475096 0.949381 -0.302021
44 0.503104 0.944817 -0.318169
45 0.527565 0.941816 -0.326728
46 0.556606 0.940060 -0.334911
47 0.590028 0.936890 -0.345346
48 0.618184 0.939290 -0.350164
49 0.646496 0.938098 -0.352637
50 0.678055 0.926913 -0.352684
51 0.703159 0.921185 -0.344025
52 0.727874 0.913634 -0.329622
53 0.751960 0.903917 -0.305826
54 0.771111 0.889566 -0.265492
55 0.772767 0.884855 -0.228625
56 0.764683 0.877509 -0.197181
57 0.733696 0.865212 -0.163329
58 0.704488 0.855641 -0.144677
59 0.679802 0.851205 -0.129073
Frame 113
30 0.644197 0.845051 -0.111980
31 0.613193 0.845363 -0.101135
32 0.586572 0.848415 -0.097989
33 0.555162 0.855507 -0.099610
34 0.526380 0.861528 -0.104723
35 0.497479 0.873215 -0.108284
36 0.469283 0.882162 -0.116845
37 0.437033 0.905215 -0.135535
38 0.420038 0.915594 -0.165000
39 0.413716 0.928804 -0.206021
40 0.421624 0.936936 -0.239847
41 0.433806 0.941513 -0.265647
42 0.451215 0.945598 -0.287063
43 0.472700 0.948713 -0.302832
44 0.500852 0.944235 -0.318750
45 0.525391 0.941306 -0.327109
46 0.554503 0.939634 -0.335052
47 0.588016 0.936561 -0.345214
48 0.616205 0.939041 -0.349796
49 0.644541 0.937928 -0.352035
50 0.676126 0.926829 -0.351827
51 0.701165 0.921166 -0.342967
52 0.725778 0.913675 -0.328368
53 0.749685 0.904004 -0.304393
54 0.768550 0.889680 -0.263919
55 0.769929 0.884947 -0.227045
56 0.761632 0.877554 -0.195704
57 0.730414 0.865143 -0.162101
58 0.701081 0.855484 -0.143672
59 0.676258 0.850970 -0.128255
Frame 114
30 0.640027 0.844708 -0.111311
31 0.608908 0.844942 -0.100770
32 0.582241 0.847938 -0.097891
33 0.550822 0.854982 -0.099847
34 0.522097 0.860940 -0.105298
35 0.493209 0.872605 -0.109165
36 0.465116 0.881503 -0.118050
37 0.433031 0.904383 -0.136977
38 0.416297 0.914714 -0.166579
39 0.410317 0.927903 -0.207608
40 0.418500 0.936062 -0.241322
41 0.430887 0.940689 -0.266972
42 0.448475 0.944839 -0.288208
43 0.470103 0.948018 -0.303769
44 0.498420 0.943625 -0.319417
45 0.523047 0.940763 -0.327541
46 0.552239 0.939172 -0.335203
47 0.585854 0.936194 -0.345043
48 0.614081 0.938752 -0.349350
49 0.642441 0.937714 -0.351313
50 0.674047 0.926701 -0.350804
51 0.699003 0.921105 -0.341710
52 0.723487 0.913679 -0.326880
53 0.747174 0.904060 -0.302697
54 0.765697 0.889769 -0.262064
55 0.766751 0.885019 -0.225186
56 0.758206 0.877581 -0.193968
57 0.726723 0.865054 -0.160652
58 0.697246 0.855312 -0.142475
59 0.672264 0.850721 -0.127272
Frame 115
30 0.635515 0.844364 -0.110555
31 0.604269 0.844531 -0.100353
32 0.577556 0.847479 -0.097772
33 0.546137 0.854478 -0.100101
34 0.517478 0.860373 -0.105917
35 0.488606 0.872011 -0.110115
36 0.460626 0.880859 -0.119348
37 0.428728 0.903566 -0.138554
38 0.412288 0.913839 -0.168311
39 0.406692 0.927001 -0.209352
40 0.415187 0.935180 -0.242950
41 0.427802 0.939854 -0.268430
42 0.445589 0.944063 -0.289467
43 0.467374 0.947304 -0.304798
44 0.495870 0.942989 -0.320145
45 0.520592 0.940193 -0.328007
46 0.549869 0.938679 -0.335357
47 0.583591 0.935790 -0.344842
48 0.611859 0.938423 -0.348846
49 0.640242 0.937458 -0.350503
50 0.671860 0.926530 -0.349657
51 0.696717 0.921004 -0.340303
52 0.721048 0.913648 -0.325219
53 0.744482 0.904092 -0.300809
54 0.762619 0.889843 -0.260005
55 0.763317 0.885082 -0.223128
56 0.754501 0.877605 -0.192051
57 0.722736 0.864957 -0.159048
58 0.693107 0.855133 -0.141140
59 0.667950 0.850466 -0.126170
Frame 116
30 0.630843 0.844020 -0.109768
31 0.599468 0.844127 -0.099923
32 0.572710 0.847032 -0.097656
33 0.541298 0.853988 -0.100373
34 0.512716 0.859821 -0.106565
35 0.483861 0.871431 -0.111104
36 0.456001 0.880232 -0.120695
37 0.424303 0.902770 -0.140199
38 0.408172 0.912980 -0.170120
39 0.402981 0.926113 -0.211171
40 0.411805 0.934312 -0.244648
41 0.424661 0.939029 -0.269949
42 0.442654 0.943295 -0.290775
43 0.464602 0.946593 -0.305865
44 0.493283 0.942353 -0.320897
45 0.518098 0.939619 -0.328483
46 0.547461 0.938179 -0.335508
47 0.581290 0.935375 -0.344619
48 0.609599 0.938080 -0.348306
49 0.638001 0.937184 -0.349645
50 0.669627 0.926339 -0.348444
51 0.694371 0.920883 -0.338822
52 0.718535 0.913601 -0.323473
53 0.741699 0.904110 -0.298831
54 0.759427 0.889905 -0.257856
55 0.759753 0.885138 -0.220986
56 0.750657 0.877625 -0.190058
57 0.718606 0.864851 -0.157380
58 0.688822 0.854948 -0.139749
59 0.663485 0.850206 -0.125019
Frame 117
30 0.626196 0.843678 -0.109004
31 0.594696 0.843726 -0.099517
32 0.567898 0.846594 -0.097564
33 0.536501 0.853511 -0.100667
34 0.507999 0.859285 -0.107229
35 0.479166 0.870866 -0.112102
36 0.451427 0.879621 -0.122041
37 0.419928 0.901999 -0.141841
38 0.404108 0.912149 -0.171924
39 0.399319 0.925256 -0.212981
40 0.408473 0.933476 -0.246339
41 0.421567 0.938237 -0.271458
42 0.439766 0.942558 -0.292073
43 0.461872 0.945913 -0.306919
44 0.490734 0.941743 -0.321637
45 0.515640 0.939069 -0.328949
46 0.545084 0.937699 -0.335648
47 0.579014 0.934975 -0.344388
48 0.607361 0.937749 -0.347760
49 0.635778 0.936919 -0.348781
50 0.667406 0.926152 -0.347231
51 0.692033 0.920763 -0.337341
52 0.716025 0.913550 -0.321733
53 0.738913 0.904123 -0.296864
54 0.756232 0.889962 -0.255728
55 0.756190 0.885188 -0.218870
56 0.746817 0.877642 -0.188095
57 0.714488 0.864742 -0.155741
58 0.684555 0.854760 -0.138385
59 0.659043 0.849945 -0.123895
Frame 118
30 0.621759 0.843334 -0.108317
31 0.590146 0.843328 -0.099168
32 0.563312 0.846162 -0.097514
33 0.531936 0.853045 -0.100983
34 0.503520 0.858763 -0.107891
35 0.474708 0.870316 -0.113073
36 0.447084 0.879030 -0.123336
37 0.415772 0.901260 -0.143412
38 0.400246 0.911357 -0.173644
39 0.395839 0.924447 -0.214702
40 0.405304 0.932693 -0.247943
41 0.418622 0.937499 -0.272888
42 0.437013 0.941876 -0.293301
43 0.459268 0.945284 -0.307914
44 0.488298 0.941184 -0.322333
45 0.513285 0.938566 -0.329385
46 0.542803 0.937263 -0.335777
47 0.576827 0.934615 -0.344166
48 0.605206 0.937452 -0.347240
49 0.633633 0.936684 -0.347961
50 0.665258 0.925990 -0.346081
51 0.689773 0.920661 -0.335940
52 0.713596 0.913510 -0.320090
53 0.736221 0.904141 -0.295013
54 0.753150 0.890017 -0.253735
55 0.752760 0.885233 -0.216896
56 0.743127 0.877655 -0.186267
57 0.710541 0.864632 -0.154222
58 0.680471 0.854572 -0.137128
59 0.654796 0.849684 -0.122867
Frame 119
30 0.617720 0.842991 -0.107757
31 0.586008 0.842928 -0.098911
32 0.559148 0.845733 -0.097522
33 0.527797 0.852586 -0.101318
34 0.499462 0.858255 -0.108533
35 0.470671 0.869780 -0.113982
36 0.443149 0.878460 -0.124529
37 0.412000 0.900562 -0.144843
38 0.396735 0.910619 -0.175203
39 0.392667 0.923704 -0.216252
40 0.402410 0.931985 -0.249388
41 0.415924 0.936839 -0.274170
42 0.434484 0.941271 -0.294400
43 0.456869 0.944734 -0.308804
44 0.486046 0.940701 -0.322957
45 0.511105 0.938137 -0.329778
46 0.540685 0.936897 -0.335896
47 0.574790 0.934320 -0.343971
48 0.603195 0.937217 -0.346778
49 0.631628 0.936504 -0.347233
50 0.663248 0.925876 -0.345062
51 0.687662 0.920596 -0.334702
52 0.711333 0.913496 -0.318642
53 0.733722 0.904171 -0.293386
54 0.750303 0.890071 -0.251991
55 0.749602 0.885273 -0.215174
56 0.739739 0.877662 -0.184678
57 0.706927 0.864520 -0.152913
58 0.676736 0.854385 -0.136058
59 0.650922 0.849424 -0.122004
Frame 120
30 0.614211 0.842662 -0.107345
31 0.582420 0.842546 -0.098753
32 0.555541 0.845322 -0.097586
33 0.524212 0.852151 -0.101659
34 0.495954 0.857774 -0.109129
35 0.467181 0.869273 -0.114796
36 0.439741 0.877923 -0.125577
37 0.408723 0.899916 -0.146079
38 0.393676 0.909941 -0.176541
39 0.389888 0.923030 -0.217576
40 0.399861 0.931351 -0.250619
41 0.413536 0.936253 -0.275263
42 0.432235 0.940740 -0.295338
43 0.454726 0.944254 -0.309564
44 0.484026 0.940287 -0.323495
45 0.509143 0.937771 -0.330122
46 0.538773 0.936591 -0.336011
47 0.572945 0.934080 -0.343825
48 0.601369 0.937031 -0.346409
49 0.629804 0.936369 -0.346642
50 0.661421 0.925799 -0.344231
51 0.685749 0.920560 -0.333689
52 0.709294 0.913500 -0.317457
53 0.731487 0.904207 -0.292057
54 0.747779 0.890121 -0.250573
55 0.746817 0.885305 -0.213776
56 0.736762 0.877663 -0.183390
57 0.703763 0.864413 -0.151864
58 0.673472 0.854205 -0.135215
59 0.647547 0.849177 -0.121337
Frame 121
30 0.611150 0.842357 -0.107045
31 0.579297 0.842190 -0.098661
32 0.552403 0.844942 -0.097680
33 0.521095 0.851748 -0.101984
34 0.492901 0.857329 -0.109666
35 0.464143 0.868802 -0.115510
36 0.436766 0.877423 -0.126487
37 0.405856 0.899318 -0.147135
38 0.390988 0.909316 -0.177677
39 0.387427 0.922410 -0.218694
40 0.397588 0.930770 -0.251659
41 0.411391 0.935718 -0.276184
42 0.430203 0.940256 -0.296131
43 0.452780 0.943817 -0.310208
44 0.482181 0.939909 -0.323957
45 0.507346 0.937438 -0.330426
46 0.537016 0.936312 -0.336125
47 0.571240 0.933861 -0.343724
48 0.599679 0.936861 -0.346125
49 0.628116 0.936245 -0.346175
50 0.659730 0.925728 -0.343567
51 0.683988 0.920526 -0.332876
52 0.707431 0.913500 -0.316503
53 0.729463 0.904234 -0.290987
54 0.745518 0.890159 -0.249434
55 0.744343 0.885324 -0.212655
56 0.734129 0.877654 -0.182353
57 0.700977 0.864308 -0.151027
58 0.670606 0.854033 -0.134552
59 0.644592 0.848945 -0.120825
Frame 122
30 0.608399 0.842063 -0.106822
31 0.576497 0.841850 -0.098614
32 0.549591 0.844580 -0.097786
33 0.518298 0.851366 -0.102285
34 0.490163 0.856907 -0.110144
35 0.461415 0.868353 -0.116133
36 0.434085 0.876945 -0.127274
37 0.403265 0.898759 -0.148036
38 0.388546 0.908730 -0.178642
39 0.385172 0.921830 -0.219641
40 0.395489 0.930228 -0.252540
41 0.409394 0.935221 -0.276962
42 0.428300 0.939804 -0.296801
43 0.450946 0.943410 -0.310756
44 0.480431 0.939554 -0.324354
45 0.505634 0.937126 -0.330690
46 0.535338 0.936048 -0.336233
47 0.569606 0.933653 -0.343652
48 0.598055 0.936698 -0.345900
49 0.626492 0.936124 -0.345798
50 0.658104 0.925654 -0.343030
51 0.682307 0.920485 -0.332215
52 0.705666 0.913489 -0.315725
53 0.727564 0.904247 -0.290116
54 0.743425 0.890179 -0.248507
55 0.742072 0.885327 -0.211742
56 0.731725 0.877632 -0.181507
57 0.698447 0.864200 -0.150347
58 0.668011 0.853864 -0.134022
59 0.641925 0.848720 -0.120423
Frame 123
30 0.605820 0.841773 -0.106646
31 0.573876 0.841518 -0.098586
32 0.546962 0.844227 -0.097890
33 0.515683 0.850993 -0.102556
34 0.487598 0.856496 -0.110564
35 0.458857 0.867916 -0.116672
36 0.431562 0.876478 -0.127953
37 0.400820 0.898225 -0.148810
38 0.386229 0.908172 -0.179470
39 0.383013 0.921279 -0.220450
40 0.393462 0.929713 -0.253293
41 0.407452 0.934747 -0.277627
42 0.426435 0.939374 -0.297373
43 0.449141 0.943019 -0.311223
44 0.478698 0.939213 -0.324691
45 0.503933 0.936821 -0.330916
46 0.533664 0.935788 -0.336325
47 0.567970 0.933445 -0.343592
48 0.596426 0.936531 -0.345710
49 0.624863 0.935995 -0.345480
50 0.656475 0.925569 -0.342574
51 0.680629 0.920430 -0.331655
52 0.703919 0.913461 -0.315064
53 0.725705 0.904239 -0.289378
54 0.741399 0.890178 -0.247724
55 0.739893 0.885309 -0.210969
56 0.729434 0.877592 -0.180787
57 0.696048 0.864082 -0.149772
58 0.665557 0.853688 -0.133576
59 0.639413 0.848492 -0.120090
Frame 124
30 0.603271 0.841476 -0.106482
31 0.571295 0.841181 -0.098555
32 0.544374 0.843872 -0.097976
33 0.513106 0.850618 -0.102787
34 0.485068 0.856089 -0.110924
35 0.456328 0.867483 -0.117138
36 0.429060 0.876009 -0.128543
37 0.398390 0.897707 -0.149485
38 0.383915 0.907629 -0.180194
39 0.380841 0.920745 -0.221158
40 0.391408 0.929214 -0.253951
41 0.405470 0.934286 -0.278205
42 0.424523 0.938952 -0.297868
43 0.447281 0.942632 -0.311624
44 0.476901 0.938871 -0.324978
45 0.502166 0.936516 -0.331102
46 0.531922 0.935523 -0.336393
47 0.566258 0.933227 -0.343525
48 0.594721 0.936350 -0.345528
49 0.623158 0.935849 -0.345183
50 0.654769 0.925464 -0.342155
51 0.678881 0.920352 -0.331143
52 0.702111 0.913409 -0.314463
53 0.723794 0.904206 -0.288709
54 0.739341 0.890152 -0.247015
55 0.737699 0.885268 -0.210270
56 0.727137 0.877531 -0.180133
57 0.693656 0.863947 -0.149246
58 0.663116 0.853497 -0.133169
59 0.636921 0.848253 -0.119786
Frame 125
30 0.600615 0.841162 -0.106300
31 0.568608 0.840832 -0.098498
32 0.541682 0.843504 -0.098029
33 0.510425 0.850228 -0.102974
34 0.482431 0.855670 -0.111226
35 0.453689 0.867039 -0.117540
36 0.426443 0.875525 -0.129062
37 0.395848 0.897194 -0.150089
38 0.381486 0.907090 -0.180848
39 0.378546 0.920215 -0.221798
40 0.389228 0.928716 -0.254545
41 0.403359 0.933824 -0.278722
42 0.422478 0.938526 -0.298308
43 0.445283 0.942240 -0.311974
44 0.474965 0.938519 -0.325220
45 0.500257 0.936195 -0.331250
46 0.530035 0.935240 -0.336428
47 0.564402 0.932990 -0.343431
48 0.592870 0.936147 -0.345326
49 0.621307 0.935677 -0.344871
50 0.652916 0.925329 -0.341727
51 0.676987 0.920243 -0.330628
52 0.700158 0.913326 -0.313862
53 0.721743 0.904141 -0.288044
54 0.737148 0.890096 -0.246312
55 0.735375 0.885198 -0.209575
56 0.724717 0.877446 -0.179481
57 0.691145 0.863790 -0.148717
58 0.660559 0.853286 -0.132753
59 0.634317 0.847995 -0.119468
Frame 126
30 0.597712 0.840823 -0.106067
31 0.565676 0.840458 -0.098393
32 0.538745 0.843114 -0.098034
33 0.507499 0.849811 -0.103109
34 0.479548 0.855230 -0.111474
35 0.450802 0.866575 -0.117890
36 0.423579 0.875013 -0.129526
37 0.393065 0.896674 -0.150650
38 0.378821 0.906542 -0.181462
39 0.376024 0.919677 -0.222403
40 0.386825 0.928210 -0.255104
41 0.401025 0.933349 -0.279206
42 0.420211 0.938084 -0.298714
43 0.443068 0.941828 -0.312289
44 0.472811 0.938146 -0.325423
45 0.498131 0.935851 -0.331356
46 0.527931 0.934931 -0.336419
47 0.562328 0.932722 -0.343290
48 0.590801 0.935911 -0.345074
49 0.619238 0.935470 -0.344507
50 0.650843 0.925158 -0.341245
51 0.674871 0.920097 -0.330056
52 0.697980 0.913204 -0.313201
53 0.719462 0.904040 -0.287317
54 0.734717 0.890005 -0.245544
55 0.732809 0.885098 -0.208817
56 0.722053 0.877333 -0.178769
57 0.688388 0.863604 -0.148131
58 0.657756 0.853046 -0.132280
59 0.631466 0.847709 -0.119096
Frame 127
30 0.594420 0.840446 -0.105753
31 0.562354 0.840051 -0.098220
32 0.535419 0.842689 -0.097979
33 0.504185 0.849358 -0.103187
34 0.476282 0.854756 -0.111667
35 0.447528 0.866078 -0.118197
36 0.420332 0.874459 -0.129956
37 0.389913 0.896135 -0.151197
38 0.375805 0.905973 -0.182073
39 0.373168 0.919118 -0.223008
40 0.384101 0.927682 -0.255661
41 0.398380 0.932850 -0.279683
42 0.417641 0.937613 -0.299106
43 0.440552 0.941385 -0.312580
44 0.470363 0.937738 -0.325593
45 0.495711 0.935471 -0.331418
46 0.525536 0.934584 -0.336355
47 0.559964 0.932414 -0.343082
48 0.588444 0.935634 -0.344744
49 0.616879 0.935218 -0.344055
50 0.648477 0.924941 -0.340661
51 0.672456 0.919904 -0.329372
52 0.695493 0.913038 -0.312420
53 0.716858 0.903898 -0.286463
54 0.731946 0.889876 -0.244644
55 0.729889 0.884961 -0.207927
56 0.719026 0.877185 -0.177935
57 0.685260 0.863383 -0.147433
58 0.654576 0.852771 -0.131705
59 0.628234 0.847386 -0.118629
Frame 128
30 0.590602 0.840024 -0.105328
31 0.558500 0.839600 -0.097956
32 0.531563 0.842218 -0.097850
33 0.500345 0.848855 -0.103203
34 0.472493 0.854237 -0.111809
35 0.443730 0.865538 -0.118473
36 0.416569 0.873852 -0.130368
37 0.386268 0.895566 -0.151757
38 0.372318 0.905371 -0.182712
39 0.369872 0.918528 -0.223647
40 0.380962 0.927120 -0.256245
41 0.395332 0.932313 -0.280180
42 0.414681 0.937102 -0.299505
43 0.437658 0.940900 -0.312863
44 0.467543 0.937286 -0.325734
45 0.492924 0.935045 -0.331435
46 0.522775 0.934191 -0.336225
47 0.557239 0.932057 -0.342783
48 0.585726 0.935305 -0.344305
49 0.614159 0.934915 -0.343474
50 0.645744 0.924669 -0.339927
51 0.669663 0.919658 -0.328523
52 0.692614 0.912820 -0.311459
53 0.713841 0.903707 -0.285415
54 0.728730 0.889706 -0.243541
55 0.726500 0.884783 -0.206838
56 0.715514 0.877002 -0.176917
57 0.681633 0.863120 -0.146573
58 0.650888 0.852451 -0.130981
59 0.624484 0.847016 -0.118028
Frame 129
30 0.586173 0.839556 -0.104759
31 0.554030 0.839108 -0.097577
32 0.527092 0.841708 -0.097629
33 0.495899 0.848303 -0.103145
34 0.468108 0.853674 -0.111891
35 0.439333 0.864950 -0.118710
36 0.412219 0.873179 -0.130755
37 0.382050 0.894960 -0.152339
38 0.368287 0.904723 -0.183394
39 0.366069 0.917890 -0.224337
40 0.377347 0.926506 -0.256873
41 0.391830 0.931722 -0.280708
42 0.411285 0.936532 -0.299920
43 0.434337 0.940353 -0.313142
44 0.464310 0.936771 -0.325844
45 0.489726 0.934555 -0.331398
46 0.519607 0.933730 -0.336016
47 0.554110 0.931630 -0.342377
48 0.582607 0.934906 -0.343734
49 0.611035 0.934541 -0.342737
50 0.642603 0.924330 -0.339007
51 0.666449 0.919347 -0.327466
52 0.689296 0.912543 -0.310268
53 0.710356 0.903463 -0.284119
54 0.725009 0.889489 -0.242176
55 0.722575 0.884566 -0.205491
56 0.711447 0.876780 -0.175661
57 0.677432 0.862814 -0.145501
58 0.646616 0.852086 -0.130063
59 0.620138 0.846599 -0.117251
Frame 130
30 0.581283 0.839061 -0.104070
31 0.549098 0.838591 -0.097099
32 0.522160 0.841171 -0.097327
33 0.491000 0.847717 -0.103014
34 0.463277 0.853077 -0.111905
35 0.434482 0.864317 -0.118892
36 0.407423 0.872443 -0.131086
37 0.377388 0.894313 -0.152907
38 0.363828 0.904021 -0.184084
39 0.361864 0.917194 -0.225041
40 0.373355 0.925831 -0.257512
41 0.387964 0.931067 -0.281237
42 0.407537 0.935896 -0.300325
43 0.430671 0.939741 -0.313398
44 0.460737 0.936189 -0.325913
45 0.486193 0.933998 -0.331306
46 0.516105 0.933206 -0.335733
47 0.550651 0.931143 -0.341877
48 0.579157 0.934450 -0.343053
49 0.607578 0.934110 -0.341873
50 0.639125 0.923937 -0.337942
51 0.662891 0.918989 -0.326247
52 0.685618 0.912225 -0.308902
53 0.706497 0.903189 -0.282632
54 0.720892 0.889252 -0.240612
55 0.718235 0.884328 -0.203945
56 0.706951 0.876541 -0.174223
57 0.672791 0.862482 -0.144264
58 0.641902 0.851694 -0.128991
59 0.615340 0.846154 -0.116331
Frame 131
30 0.576144 0.838553 -0.103312
31 0.543916 0.838059 -0.096559
32 0.516979 0.840616 -0.096967
33 0.485857 0.847102 -0.102825
34 0.458201 0.852445 -0.111859
35 0.429380 0.863638 -0.119015
36 0.402378 0.871649 -0.131352
37 0.372470 0.893611 -0.153430
38 0.359116 0.903258 -0.184735
39 0.357410 0.916435 -0.225710
40 0.369120 0.925095 -0.258117
41 0.383863 0.930352 -0.281729
42 0.403555 0.935203 -0.300689
43 0.426771 0.939073 -0.313607
44 0.456930 0.935558 -0.325932
45 0.482426 0.933396 -0.331160
46 0.512369 0.932642 -0.335392
47 0.546956 0.930621 -0.341315
48 0.575472 0.933964 -0.342307
49 0.603883 0.933655 -0.340939
50 0.635410 0.923527 -0.336801
51 0.659092 0.918620 -0.324950
52 0.681697 0.911906 -0.307453
53 0.702391 0.902921 -0.281058
54 0.716525 0.889026 -0.238959
55 0.713643 0.884103 -0.202311
56 0.702200 0.876310 -0.172703
57 0.667901 0.862153 -0.142949
58 0.636942 0.851299 -0.127843
59 0.610295 0.845699 -0.115336
Frame 132
30 0.570966 0.838048 -0.102538
31 0.538698 0.837521 -0.095994
32 0.511761 0.840047 -0.096574
33 0.480677 0.846464 -0.102592
34 0.453078 0.851780 -0.111761
35 0.424221 0.862912 -0.119077
36 0.397278 0.870805 -0.131543
37 0.367483 0.892847 -0.153876
38 0.354323 0.902429 -0.185305
39 0.352863 0.915612 -0.226298
40 0.364782 0.924298 -0.258640
41 0.379648 0.929581 -0.282143
42 0.399455 0.934458 -0.300981
43 0.422746 0.938362 -0.313752
44 0.452994 0.934890 -0.325893
45 0.478527 0.932767 -0.330963
46 0.508499 0.932059 -0.335010
47 0.543125 0.930093 -0.340722
48 0.571648 0.933480 -0.341537
49 0.600048 0.933212 -0.339991
50 0.631556 0.923139 -0.335655
51 0.655160 0.918280 -0.323654
52 0.677647 0.911621 -0.306015
53 0.698168 0.902694 -0.279499
54 0.712059 0.888844 -0.237326
55 0.708965 0.883918 -0.200697
56 0.697372 0.876116 -0.171200
57 0.662949 0.861848 -0.141644
58 0.631932 0.850921 -0.126694
59 0.605208 0.845257 -0.114333
Frame 133
30 0.565963 0.837560 -0.101800
31 0.533660 0.836986 -0.095441
32 0.506719 0.839472 -0.096172
33 0.475665 0.845810 -0.102328
34 0.448107 0.851084 -0.111616
35 0.419204 0.862140 -0.119075
36 0.392312 0.869918 -0.131649
37 0.362610 0.892013 -0.154213
38 0.349620 0.901529 -0.185749
39 0.348371 0.914720 -0.226757
40 0.360473 0.923439 -0.259040
41 0.375446 0.928757 -0.282444
42 0.395350 0.933672 -0.301172
43 0.418703 0.937619 -0.313811
44 0.449031 0.934205 -0.325791
45 0.474597 0.932131 -0.330722
46 0.504593 0.931482 -0.334605
47 0.539254 0.929584 -0.340131
48 0.567780 0.933029 -0.340791
49 0.596169 0.932813 -0.339088
50 0.627665 0.922807 -0.334577
51 0.651202 0.918005 -0.322444
52 0.673588 0.911408 -0.304679
53 0.693960 0.902542 -0.278058
54 0.707644 0.888739 -0.235825
55 0.704367 0.883804 -0.199214
56 0.692646 0.875985 -0.169815
57 0.658128 0.861594 -0.140434
58 0.627072 0.850584 -0.125620
59 0.600282 0.844844 -0.113389
Frame 134
30 0.561346 0.837105 -0.101144
31 0.529013 0.836466 -0.094933
32 0.502065 0.838895 -0.095784
33 0.471028 0.845143 -0.102047
34 0.443486 0.850357 -0.111428
35 0.414526 0.861321 -0.119004
36 0.387673 0.868994 -0.131658
37 0.358035 0.891100 -0.154407
38 0.345177 0.900553 -0.186022
39 0.344086 0.913757 -0.227038
40 0.356325 0.922521 -0.259271
41 0.371378 0.927885 -0.282594
42 0.391353 0.932850 -0.301233
43 0.414751 0.936855 -0.313767
44 0.445143 0.933517 -0.325621
45 0.470737 0.931505 -0.330443
46 0.500750 0.930933 -0.334196
47 0.535440 0.929123 -0.339577
48 0.563965 0.932640 -0.340114
49 0.592344 0.932491 -0.338288
50 0.623838 0.922569 -0.333641
51 0.647326 0.917833 -0.321404
52 0.669636 0.911304 -0.303543
53 0.689898 0.902504 -0.276841
54 0.703433 0.888742 -0.234566
55 0.700020 0.883792 -0.197969
56 0.688202 0.875943 -0.168647
57 0.653629 0.861417 -0.139405
58 0.622558 0.850308 -0.124698
59 0.595724 0.844481 -0.112568
Frame 135
30 0.557202 0.836684 -0.100588
31 0.524846 0.835974 -0.094486
32 0.497885 0.838345 -0.095429
33 0.466858 0.844508 -0.101771
34 0.439310 0.849649 -0.111229
35 0.410289 0.860517 -0.118895
36 0.383469 0.868118 -0.131605
37 0.353876 0.890188 -0.154498
38 0.341115 0.899587 -0.186166
39 0.340137 0.912807 -0.227184
40 0.352477 0.921619 -0.259374
41 0.367586 0.927031 -0.282633
42 0.387609 0.932053 -0.301202
43 0.411036 0.936120 -0.313657
44 0.441477 0.932861 -0.325415
45 0.467092 0.930917 -0.330155
46 0.497119 0.930423 -0.333812
47 0.531831 0.928706 -0.339085
48 0.560353 0.932299 -0.339529
49 0.588723 0.932222 -0.337610
50 0.620222 0.922384 -0.332864
51 0.643676 0.917714 -0.320549
52 0.665932 0.911252 -0.302615
53 0.686118 0.902512 -0.275855
54 0.699554 0.888786 -0.233557
55 0.696045 0.883818 -0.196970
56 0.684155 0.875934 -0.167702
57 0.649556 0.861277 -0.138566
58 0.618486 0.850071 -0.123936
59 0.591623 0.844156 -0.111884
Frame 136
30 0.553425 0.836287 -0.100100
31 0.521048 0.835515 -0.094087
32 0.494073 0.837835 -0.095101
33 0.463058 0.843929 -0.101510
34 0.435487 0.848996 -0.111036
35 0.406413 0.859773 -0.118778
36 0.379629 0.867352 -0.131527
37 0.350072 0.889350 -0.154545
38 0.337389 0.898704 -0.186247
39 0.336502 0.911938 -0.227266
40 0.348924 0.920793 -0.259417
41 0.364073 0.926249 -0.282621
42 0.384134 0.931320 -0.301133
43 0.407584 0.935441 -0.313523
44 0.438063 0.932254 -0.325206
45 0.463696 0.930369 -0.329880
46 0.493731 0.929946 -0.333460
47 0.528463 0.928311 -0.338646
48 0.556981 0.931971 -0.339016
49 0.585343 0.931957 -0.337024
50 0.616847 0.922194 -0.332197
51 0.640276 0.917581 -0.319818
52 0.662489 0.911176 -0.301828
53 0.682617 0.902490 -0.275024
54 0.695983 0.888795 -0.232711
55 0.692397 0.883808 -0.196132
56 0.680449 0.875893 -0.166905
57 0.645832 0.861123 -0.137851
58 0.614768 0.849833 -0.123284
59 0.587883 0.843845 -0.111292
Frame 137
30 0.549936 0.835911 -0.099665
31 0.517541 0.835081 -0.093721
32 0.490551 0.837353 -0.094792
33 0.459546 0.843391 -0.101254
34 0.431941 0.848381 -0.110841
35 0.402819 0.859072 -0.118645
36 0.376072 0.866664 -0.131418
37 0.346538 0.888558 -0.154542
38 0.333917 0.897876 -0.186262
39 0.333100 0.911124 -0.227280
40 0.345586 0.920019 -0.259398
41 0.360767 0.925514 -0.282558
42 0.380853 0.930631 -0.301023
43 0.404320 0.934803 -0.313362
44 0.434828 0.931681 -0.324985
45 0.460474 0.929851 -0.329608
46 0.490517 0.929493 -0.333128
47 0.525265 0.927935 -0.338246
48 0.553776 0.931656 -0.338559
49 0.582132 0.931700 -0.336509
50 0.613642 0.922006 -0.331620
51 0.637053 0.917445 -0.319191
52 0.659235 0.911090 -0.301158
53 0.679323 0.902452 -0.274320
54 0.692642 0.888784 -0.232004
55 0.689000 0.883777 -0.195428
56 0.677004 0.875833 -0.166229
57 0.642377 0.860964 -0.137239
58 0.611324 0.849601 -0.122720
59 0.584422 0.843545 -0.110774
Frame 138
30 0.546656 0.835550 -0.099268
31 0.514245 0.834665 -0.093377
32 0.487238 0.836891 -0.094490
33 0.456244 0.842879 -0.100995
34 0.428591 0.847787 -0.110634
35 0.399425 0.858391 -0.118488
36 0.372716 0.866022 -0.131273
37 0.343195 0.887786 -0.154487
38 0.330618 0.897075 -0.186213
39 0.329853 0.910338 -0.227229
40 0.342387 0.919272 -0.259317
41 0.357589 0.924804 -0.282440
42 0.377692 0.929965 -0.300868
43 0.401167 0.934185 -0.313167
44 0.431698 0.931129 -0.324745
45 0.457355 0.929352 -0.329330
46 0.487403 0.929057 -0.332803
47 0.522163 0.927572 -0.337871
48 0.550669 0.931353 -0.338141
49 0.579019 0.931454 -0.336048
50 0.610537 0.921827 -0.331112
51 0.633938 0.917315 -0.318644
52 0.656098 0.911008 -0.300579
53 0.676161 0.902413 -0.273718
54 0.689457 0.888770 -0.231407
55 0.685775 0.883741 -0.194831
56 0.673742 0.875768 -0.165652
57 0.639114 0.860809 -0.136709
58 0.608076 0.849378 -0.122224
59 0.581163 0.843259 -0.110313
Frame 139
30 0.543505 0.835200 -0.098893
31 0.511081 0.834257 -0.093041
32 0.484056 0.836435 -0.094185
33 0.453072 0.842374 -0.100720
34 0.425362 0.847196 -0.110405
35 0.396153 0.857711 -0.118299
36 0.369481 0.865396 -0.131088
37 0.339957 0.887009 -0.154376
38 0.327410 0.896273 -0.186096
39 0.326680 0.909551 -0.227110
40 0.339248 0.918526 -0.259172
41 0.354462 0.924096 -0.282265
42 0.374574 0.929301 -0.300663
43 0.398052 0.933572 -0.312933
44 0.428600 0.930583 -0.324478
45 0.454267 0.928860 -0.329035
46 0.484317 0.928630 -0.332476
47 0.519089 0.927221 -0.337507
48 0.547587 0.931063 -0.337746
49 0.575932 0.931222 -0.335622
50 0.607461 0.921664 -0.330652
51 0.630859 0.917201 -0.318155
52 0.653006 0.910939 -0.300066
53 0.673058 0.902387 -0.273191
54 0.686351 0.888768 -0.230893
55 0.682643 0.883715 -0.194314
56 0.670579 0.875710 -0.165145
57 0.635960 0.860664 -0.136238
58 0.604944 0.849166 -0.121777
59 0.578026 0.842984 -0.109889
Frame 140
30 0.540405 0.834858 -0.098526
31 0.507970 0.833849 -0.092700
32 0.480927 0.835975 -0.093866
33 0.449950 0.841863 -0.100423
34 0.422176 0.846590 -0.110146
35 0.392924 0.857010 -0.118071
36 0.366285 0.864754 -0.130853
37 0.336745 0.886200 -0.154204
38 0.324214 0.895443 -0.185911
39 0.323503 0.908737 -0.226922
40 0.336094 0.917756 -0.258963
41 0.351311 0.923366 -0.282032
42 0.371425 0.928621 -0.300406
43 0.394902 0.932947 -0.312654
44 0.425462 0.930030 -0.324176
45 0.451135 0.928366 -0.328714
46 0.481187 0.928206 -0.332133
47 0.515969 0.926879 -0.337139
48 0.544458 0.930785 -0.337356
49 0.572798 0.931007 -0.335210
50 0.604342 0.921522 -0.330219
51 0.627743 0.917111 -0.317699
52 0.649886 0.910898 -0.299595
53 0.669940 0.902390 -0.272714
54 0.683248 0.888793 -0.230433
55 0.679527 0.883713 -0.193849
56 0.667439 0.875674 -0.164685
57 0.632837 0.860537 -0.135804
58 0.601850 0.848970 -0.121357
59 0.574932 0.842722 -0.109483
Frame 141
30 0.537275 0.834517 -0.098151
31 0.504835 0.833434 -0.092344
32 0.477771 0.835500 -0.093524
33 0.446799 0.841328 -0.100092
34 0.418955 0.845952 -0.109846
35 0.389660 0.856268 -0.117796
36 0.363049 0.864065 -0.130566
37 0.333476 0.885332 -0.153967
38 0.320948 0.894557 -0.185655
39 0.320243 0.907870 -0.226663
40 0.332849 0.916938 -0.258687
41 0.348061 0.922593 -0.281735
42 0.368170 0.927902 -0.300092
43 0.391640 0.932290 -0.312324
44 0.422209 0.929455 -0.323832
45 0.447890 0.927858 -0.328358
46 0.477941 0.927777 -0.331761
47 0.512733 0.926540 -0.336752
48 0.541210 0.930520 -0.336954
49 0.569546 0.930814 -0.334795
50 0.601110 0.921410 -0.329790
51 0.624519 0.917058 -0.317255
52 0.646666 0.910896 -0.299141
53 0.666732 0.902436 -0.272258
54 0.680070 0.888863 -0.230000
55 0.676346 0.883752 -0.193411
56 0.664237 0.875673 -0.164246
57 0.629664 0.860438 -0.135385
58 0.598713 0.848795 -0.120945
59 0.571801 0.842473 -0.109078
Frame 142
30 0.534039 0.834175 -0.097753
31 0.501593 0.833004 -0.091957
32 0.474510 0.834998 -0.093146
33 0.443540 0.840752 -0.099719
34 0.415622 0.845265 -0.109496
35 0.386280 0.855465 -0.117466
36 0.359693 0.863298 -0.130219
37 0.330070 0.884379 -0.153664
38 0.317535 0.893586 -0.185327
39 0.316822 0.906922 -0.226334
40 0.329434 0.916046 -0.258344
41 0.344636 0.921753 -0.281374
42 0.364735 0.927125 -0.299717
43 0.388195 0.931585 -0.311938
44 0.418771 0.928846 -0.323437
45 0.444457 0.927325 -0.327956
46 0.474507 0.927335 -0.331349
47 0.509308 0.926204 -0.336331
48 0.537772 0.930269 -0.336525
49 0.566104 0.930644 -0.334357
50 0.597691 0.921334 -0.329345
51 0.621114 0.917048 -0.316799
52 0.643271 0.910947 -0.298679
53 0.663359 0.902540 -0.271797
54 0.676740 0.888993 -0.229567
55 0.673021 0.883846 -0.192969
56 0.660895 0.875719 -0.163804
57 0.626358 0.860373 -0.134958
58 0.595455 0.848643 -0.120521
59 0.568555 0.842235 -0.108656
Frame 143
30 0.530642 0.833815 -0.097332
31 0.498193 0.832540 -0.091545
32 0.471091 0.834448 -0.092736
33 0.440119 0.840114 -0.099306
34 0.412124 0.844507 -0.109097
35 0.382736 0.854576 -0.117083
36 0.356165 0.862422 -0.129815
37 0.326474 0.883320 -0.153291
38 0.313920 0.892512 -0.184928
39 0.313188 0.905880 -0.225934
40 0.325799 0.915074 -0.257930
41 0.340986 0.920845 -0.280944
42 0.361071 0.926293 -0.299276
43 0.384515 0.930841 -0.311487
44 0.415097 0.928211 -0.322982
45 0.440790 0.926781 -0.327498
46 0.470837 0.926896 -0.330887
47 0.505647 0.925888 -0.335863
48 0.534095 0.930052 -0.336052
49 0.562422 0.930521 -0.333880
50 0.594039 0.921320 -0.328868
51 0.617480 0.917107 -0.316313
52 0.639655 0.911072 -0.298191
53 0.659774 0.902721 -0.271316
54 0.673212 0.889190 -0.229119
55 0.669504 0.883998 -0.192512
56 0.657361 0.875808 -0.163344
57 0.622873 0.860335 -0.134517
58 0.592026 0.848505 -0.120079
59 0.565143 0.841998 -0.108213
Frame 144
30 0.527137 0.833431 -0.096911
31 0.494687 0.832035 -0.091125
32 0.467564 0.833846 -0.092312
33 0.436589 0.839410 -0.098869
34 0.408518 0.843677 -0.108666
35 0.379083 0.853607 -0.116661
36 0.352521 0.861448 -0.129366
37 0.322741 0.882164 -0.152860
38 0.310155 0.891354 -0.184463
39 0.309392 0.904766 -0.225464
40 0.321995 0.914047 -0.257449
41 0.337158 0.919896 -0.280449
42 0.357224 0.925433 -0.298773
43 0.380649 0.930080 -0.310976
44 0.411235 0.927578 -0.322474
45 0.436932 0.926249 -0.326991
46 0.466976 0.926483 -0.330380
47 0.501795 0.925614 -0.335359
48 0.530224 0.929887 -0.335546
49 0.558546 0.930462 -0.333375
50 0.590196 0.921378 -0.328372
51 0.613662 0.917244 -0.315814
52 0.635863 0.911275 -0.297697
53 0.656026 0.902974 -0.270833
54 0.669534 0.889446 -0.228675
55 0.665847 0.884194 -0.192060
56 0.653691 0.875925 -0.162887
57 0.619259 0.860310 -0.134080
58 0.588479 0.848370 -0.119641
59 0.561617 0.841753 -0.107772
Frame 145
30 0.523596 0.833029 -0.096504
31 0.491148 0.831501 -0.090713
32 0.464007 0.833203 -0.091889
33 0.433024 0.838658 -0.098421
34 0.404877 0.842795 -0.108215
35 0.375397 0.852581 -0.116210
36 0.348838 0.860401 -0.128880
37 0.318952 0.880940 -0.152376
38 0.306322 0.890133 -0.183940
39 0.305512 0.903603 -0.224934
40 0.318094 0.912981 -0.256909
41 0.333227 0.918919 -0.279897
42 0.353268 0.924559 -0.298218
43 0.376668 0.929314 -0.310420
44 0.407255 0.926952 -0.321926
45 0.432956 0.925734 -0.326452
46 0.462995 0.926096 -0.329849
47 0.497821 0.925381 -0.334836
48 0.526228 0.929770 -0.335028
49 0.554546 0.930459 -0.332865
50 0.586234 0.921502 -0.327881
51 0.609730 0.917449 -0.315327
52 0.631965 0.911544 -0.297221
53 0.652184 0.903290 -0.270374
54 0.665778 0.889753 -0.228261
55 0.662124 0.884428 -0.191637
56 0.649958 0.876065 -0.162457
57 0.615592 0.860298 -0.133667
58 0.584885 0.848239 -0.119228
59 0.558050 0.841504 -0.107353
Frame 146
30 0.520098 0.832619 -0.096130
31 0.487655 0.830947 -0.090322
32 0.460495 0.832534 -0.091479
33 0.429504 0.837873 -0.097977
34 0.401281 0.841879 -0.107756
35 0.371756 0.851519 -0.115738
36 0.345195 0.859308 -0.128366
37 0.315187 0.879672 -0.151848
38 0.302498 0.888876 -0.183368
39 0.301623 0.902411 -0.224352
40 0.314171 0.911897 -0.256319
41 0.329265 0.917932 -0.279300
42 0.349274 0.923682 -0.297622
43 0.372645 0.928556 -0.309827
44 0.403227 0.926341 -0.321352
45 0.428932 0.925240 -0.325895
46 0.458963 0.925738 -0.329308
47 0.493795 0.925186 -0.334315
48 0.522178 0.929698 -0.334519
49 0.550491 0.930506 -0.332371
50 0.582220 0.921680 -0.327418
51 0.605753 0.917710 -0.314878
52 0.628031 0.911870 -0.296790
53 0.648317 0.903658 -0.269966
54 0.662014 0.890103 -0.227901
55 0.658405 0.884694 -0.191266
56 0.646236 0.876228 -0.162076
57 0.611946 0.860299 -0.133301
58 0.581318 0.848114 -0.118858
59 0.554517 0.841253 -0.106973
Frame 147
30 0.516715 0.832206 -0.095805
31 0.484281 0.830383 -0.089969
32 0.457105 0.831852 -0.091094
33 0.426102 0.837071 -0.097547
34 0.397806 0.840947 -0.107301
35 0.368235 0.850443 -0.115258
36 0.341667 0.858199 -0.127832
37 0.311524 0.878389 -0.151284
38 0.298760 0.887608 -0.182756
39 0.297803 0.901213 -0.223726
40 0.310302 0.910812 -0.255686
41 0.325347 0.916951 -0.278665
42 0.345314 0.922816 -0.296995
43 0.368650 0.927812 -0.309210
44 0.399223 0.925752 -0.320765
45 0.424928 0.924773 -0.325334
46 0.454950 0.925411 -0.328774
47 0.489786 0.925026 -0.333813
48 0.518143 0.929665 -0.334038
49 0.546452 0.930595 -0.331917
50 0.578224 0.921903 -0.327009
51 0.601800 0.918015 -0.314489
52 0.624129 0.912238 -0.296431
53 0.644496 0.904064 -0.269634
54 0.658313 0.890486 -0.227621
55 0.654762 0.884986 -0.190974
56 0.642599 0.876410 -0.161768
57 0.608394 0.860314 -0.133001
58 0.577850 0.847995 -0.118552
59 0.551091 0.841007 -0.106654
Frame 148
30 0.513521 0.831798 -0.095545
31 0.481103 0.829821 -0.089667
32 0.453911 0.831169 -0.090750
33 0.422895 0.836269 -0.097145
34 0.394529 0.840016 -0.106865
35 0.364911 0.849375 -0.114778
36 0.338333 0.857100 -0.127289
37 0.308045 0.877115 -0.150692
38 0.295191 0.886353 -0.182111
39 0.294128 0.900030 -0.223063
40 0.306560 0.909746 -0.255019
41 0.321543 0.915991 -0.278000
42 0.341459 0.921974 -0.296347
43 0.364753 0.927096 -0.308582
44 0.395313 0.925193 -0.320180
45 0.421015 0.924339 -0.324786
46 0.451026 0.925116 -0.328264
47 0.485862 0.924900 -0.333351
48 0.514193 0.929667 -0.333608
49 0.542498 0.930720 -0.331525
50 0.574317 0.922163 -0.326675
51 0.597940 0.918355 -0.314188
52 0.620329 0.912638 -0.296169
53 0.640790 0.904500 -0.269407
54 0.654746 0.890894 -0.227445
55 0.651266 0.885297 -0.190783
56 0.639122 0.876607 -0.161557
57 0.605011 0.860343 -0.132789
58 0.574554 0.847884 -0.118330
59 0.547845 0.840766 -0.106415
Frame 149
30 0.510593 0.831402 -0.095368
31 0.478193 0.829271 -0.089432
32 0.450991 0.830499 -0.090460
33 0.419961 0.835484 -0.096785
34 0.391528 0.839106 -0.106457
35 0.361862 0.848336 -0.114309
36 0.335269 0.856040 -0.126744
37 0.304825 0.875878 -0.150080
38 0.291866 0.885135 -0.181442
39 0.290675 0.898887 -0.222371
40 0.303019 0.908718 -0.254326
41 0.317926 0.915067 -0.277317
42 0.337782 0.921170 -0.295688
43 0.361028 0.926417 -0.307953
44 0.391567 0.924671 -0.319610
45 0.417264 0.923938 -0.324264
46 0.447261 0.924856 -0.327796
47 0.482094 0.924806 -0.332946
48 0.510399 0.929699 -0.333248
49 0.538700 0.930874 -0.331216
50 0.570567 0.922447 -0.326443
51 0.594244 0.918717 -0.313999
52 0.616701 0.913057 -0.296030
53 0.637269 0.904951 -0.269309
54 0.651384 0.891319 -0.227398
55 0.647991 0.885621 -0.190720
56 0.635878 0.876816 -0.161465
57 0.601871 0.860385 -0.132684
58 0.571501 0.847783 -0.118211
59 0.544852 0.840537 -0.106275
Frame 150
30 0.507978 0.831025 -0.095283
31 0.475604 0.828742 -0.089273
32 0.448390 0.829855 -0.090233
33 0.417343 0.834734 -0.096481
34 0.388844 0.838236 -0.106099
35 0.359128 0.847346 -0.113873
36 0.332517 0.855034 -0.126224
37 0.301913 0.874692 -0.149466
38 0.288834 0.883964 -0.180763
39 0.287493 0.897789 -0.221663
40 0.299730 0.907733 -0.253618
41 0.314550 0.914187 -0.276624
42 0.334334 0.920408 -0.295028
43 0.357526 0.925778 -0.307335
44 0.388037 0.924186 -0.319063
45 0.413726 0.923573 -0.323779
46 0.443707 0.924628 -0.327380
47 0.478534 0.924740 -0.332611
48 0.506812 0.929755 -0.332971
49 0.535109 0.931047 -0.331006
50 0.567026 0.922748 -0.326324
51 0.590763 0.919092 -0.313936
52 0.613295 0.913484 -0.296030
53 0.633982 0.905408 -0.269357
54 0.648274 0.891749 -0.227497
55 0.644982 0.885951 -0.190801
56 0.632912 0.877037 -0.161514
57 0.599017 0.860444 -0.132709
58 0.568740 0.847696 -0.118214
59 0.542161 0.840324 -0.106248
Frame 151
30 0.505619 0.830664 -0.095268
31 0.473273 0.828231 -0.089172
32 0.446049 0.829236 -0.090058
33 0.414979 0.834019 -0.096228
34 0.386414 0.837403 -0.105792
35 0.356647 0.846397 -0.113480
36 0.330014 0.854072 -0.125741
37 0.299250 0.873538 -0.148867
38 0.286043 0.882822 -0.180089
39 0.284538 0.896716 -0.220955
40 0.296654 0.906775 -0.252908
41 0.311380 0.913330 -0.275932
42 0.331084 0.919669 -0.294372
43 0.354218 0.925160 -0.306729
44 0.384697 0.923722 -0.318540
45 0.410375 0.923226 -0.323326
46 0.440339 0.924414 -0.327005
47 0.475156 0.924684 -0.332329
48 0.503408 0.929817 -0.332757
49 0.531702 0.931225 -0.330867
50 0.563667 0.923050 -0.326289
51 0.587467 0.919464 -0.313966
52 0.610081 0.913906 -0.296131
53 0.630896 0.905860 -0.269512
54 0.645374 0.892178 -0.227708
55 0.642193 0.886281 -0.190993
56 0.630171 0.877262 -0.161674
57 0.596397 0.860513 -0.132836
58 0.566215 0.847621 -0.118311
59 0.539716 0.840125 -0.106306
Frame 152
30 0.503428 0.830308 -0.095289
31 0.471112 0.827727 -0.089104
32 0.443876 0.828630 -0.089914
33 0.412784 0.833324 -0.096007
34 0.384152 0.836591 -0.105521
35 0.354334 0.845470 -0.113120
36 0.327679 0.853136 -0.125288
37 0.296757 0.872397 -0.148285
38 0.283417 0.881690 -0.179430
39 0.281743 0.895649 -0.220256
40 0.293733 0.905819 -0.252206
41 0.308360 0.912475 -0.275248
42 0.327982 0.918931 -0.293727
43 0.351055 0.924542 -0.306135
44 0.381499 0.923254 -0.318034
45 0.407165 0.922872 -0.322894
46 0.437109 0.924192 -0.326655
47 0.471916 0.924616 -0.332078
48 0.500142 0.929867 -0.332578
49 0.528431 0.931387 -0.330768
50 0.560445 0.923334 -0.326298
51 0.584310 0.919817 -0.314044
52 0.607005 0.914310 -0.296284
53 0.627950 0.906297 -0.269723
54 0.642620 0.892594 -0.227973
55 0.639553 0.886603 -0.191239
56 0.627579 0.877484 -0.161891
57 0.593930 0.860584 -0.133016
58 0.563846 0.847550 -0.118458
59 0.537432 0.839932 -0.106410
Frame 153
30 0.501319 0.829950 -0.095312
31 0.469033 0.827222 -0.089039
32 0.441786 0.828026 -0.089776
33 0.410672 0.832635 -0.095800
34 0.381974 0.835783 -0.105268
35 0.352106 0.844548 -0.112779
36 0.325428 0.852207 -0.124859
37 0.294355 0.871255 -0.147726
38 0.280885 0.880549 -0.178793
39 0.279042 0.894568 -0.219578
40 0.290907 0.904846 -0.251521
41 0.305436 0.911600 -0.274580
42 0.324975 0.918170 -0.293096
43 0.347987 0.923899 -0.305555
44 0.378396 0.922760 -0.317540
45 0.404049 0.922492 -0.322473
46 0.433974 0.923941 -0.326316
47 0.468768 0.924517 -0.331835
48 0.496969 0.929884 -0.332407
49 0.525253 0.931517 -0.330675
50 0.557315 0.923585 -0.326312
51 0.581241 0.920137 -0.314127
52 0.604017 0.914683 -0.296441
53 0.625089 0.906705 -0.269937
54 0.639950 0.892991 -0.228238
55 0.636993 0.886908 -0.191486
56 0.625067 0.877695 -0.162111
57 0.591541 0.860650 -0.133202
58 0.561554 0.847474 -0.118609
59 0.535228 0.839734 -0.106517
Frame 154
30 0.499204 0.829578 -0.095306
31 0.466948 0.826705 -0.088952
32 0.439690 0.827412 -0.089623
33 0.408555 0.831937 -0.095588
34 0.379797 0.834965 -0.105020
35 0.349881 0.843615 -0.112447
36 0.323181 0.851270 -0.124446
37 0.291963 0.870092 -0.147191
38 0.278373 0.879383 -0.178185
39 0.276370 0.893453 -0.218930
40 0.288113 0.903834 -0.250863
41 0.302551 0.910682 -0.273937
42 0.322011 0.917363 -0.292483
43 0.344964 0.923209 -0.304990
44 0.375340 0.922217 -0.317053
45 0.400980 0.922061 -0.322053
46 0.430886 0.923640 -0.325970
47 0.465669 0.924367 -0.331578
48 0.493843 0.929849 -0.332216
49 0.522122 0.931594 -0.330556
50 0.554227 0.923783 -0.326291
51 0.578213 0.920409 -0.314169
52 0.601064 0.915009 -0.296552
53 0.622257 0.907074 -0.270100
54 0.637297 0.893356 -0.228448
55 0.634444 0.887187 -0.191676
56 0.622560 0.877887 -0.162282
57 0.589153 0.860698 -0.133342
58 0.559259 0.847382 -0.118720
59 0.533019 0.839521 -0.106587
Frame 155
30 0.496997 0.829184 -0.095234
31 0.464767 0.826168 -0.088813
32 0.437500 0.826777 -0.089431
33 0.406350 0.831216 -0.095352
34 0.377536 0.834121 -0.104759
35 0.347573 0.842652 -0.112114
36 0.320857 0.850305 -0.124042
37 0.289504 0.868896 -0.146686
38 0.275805 0.878172 -0.177616
39 0.273659 0.892286 -0.218324
40 0.285293 0.902764 -0.250242
41 0.299648 0.909700 -0.273325
42 0.319037 0.916489 -0.291897
43 0.341935 0.922450 -0.304441
44 0.372283 0.921603 -0.316569
45 0.397913 0.921560 -0.321625
46 0.427801 0.923268 -0.325605
47 0.462574 0.924145 -0.331287
48 0.490721 0.929743 -0.331980
49 0.518993 0.931601 -0.330379
50 0.551140 0.923914 -0.326198
51 0.575176 0.920616 -0.314129
52 0.598094 0.915278 -0.296570
53 0.619394 0.907392 -0.270162
54 0.634601 0.893682 -0.228547
55 0.631837 0.887433 -0.191757
56 0.619986 0.878050 -0.162348
57 0.586689 0.860719 -0.133387
58 0.556884 0.847265 -0.118743
59 0.530722 0.839284 -0.106580
Frame 156
30 0.494610 0.828755 -0.095062
31 0.462404 0.825599 -0.088595
32 0.435128 0.826109 -0.089177
33 0.403969 0.830459 -0.095073
34 0.375108 0.833233 -0.104470
35 0.345099 0.841641 -0.111765
36 0.318372 0.849298 -0.123639
37 0.286898 0.867648 -0.146213
38 0.273108 0.876899 -0.177093
39 0.270843 0.891046 -0.217770
40 0.282385 0.901614 -0.249667
41 0.296673 0.908634 -0.272755
42 0.316000 0.915527 -0.291339
43 0.338851 0.921598 -0.303909
44 0.369179 0.920897 -0.316084
45 0.394801 0.920965 -0.321180
46 0.424671 0.922803 -0.325204
47 0.459436 0.923830 -0.330940
48 0.487558 0.929547 -0.331670
49 0.515821 0.931519 -0.330113
50 0.548007 0.923959 -0.325992
51 0.572084 0.920743 -0.313962
52 0.595055 0.915474 -0.296446
53 0.616446 0.907647 -0.270069
54 0.631797 0.893959 -0.228479
55 0.629103 0.887637 -0.191671
56 0.617275 0.878177 -0.162258
57 0.584073 0.860705 -0.133288
58 0.554348 0.847112 -0.118634
59 0.528257 0.839013 -0.106453
Frame 157
30 0.491957 0.828285 -0.094757
31 0.459770 0.824988 -0.088269
32 0.432487 0.825396 -0.088838
33 0.401328 0.829649 -0.094730
34 0.372428 0.832286 -0.104135
35 0.342377 0.840566 -0.111390
36 0.315646 0.848229 -0.123229
37 0.284065 0.866331 -0.145775
38 0.270208 0.875546 -0.176624
39 0.267855 0.889716 -0.217278
40 0.279330 0.900364 -0.249149
41 0.293567 0.907460 -0.272233
42 0.312848 0.914452 -0.290818
43 0.335663 0.920633 -0.303396
44 0.365979 0.920075 -0.315594
45 0.391596 0.920256 -0.320709
46 0.421453 0.922227 -0.324753
47 0.456211 0.923404 -0.330515
48 0.484308 0.929241 -0.331263
49 0.512561 0.931331 -0.329726
50 0.544782 0.923903 -0.325636
51 0.568887 0.920775 -0.313625
52 0.591896 0.915584 -0.296132
53 0.613355 0.907828 -0.269771
54 0.628823 0.894177 -0.228191
55 0.626174 0.887788 -0.191365
56 0.614354 0.878258 -0.161956
57 0.581228 0.860646 -0.132996
58 0.551573 0.846915 -0.118348
59 0.525540 0.838698 -0.106164
Frame 158
30 0.488951 0.827763 -0.094284
31 0.456776 0.824326 -0.087808
32 0.429489 0.824627 -0.088389
33 0.398339 0.828773 -0.094305
34 0.369413 0.831265 -0.103737
35 0.339322 0.839408 -0.110977
36 0.312598 0.847081 -0.122804
37 0.280925 0.864928 -0.145375
38 0.267031 0.874095 -0.176216
39 0.264629 0.888274 -0.216857
40 0.276066 0.898993 -0.248698
41 0.290278 0.906158 -0.271769
42 0.309530 0.913244 -0.290337
43 0.332319 0.919533 -0.302904
44 0.362636 0.919117 -0.315094
45 0.388253 0.919413 -0.320202
46 0.418099 0.921517 -0.324238
47 0.452858 0.922847 -0.329992
48 0.480928 0.928807 -0.330730
49 0.509168 0.931018 -0.329185
50 0.541418 0.923728 -0.325093
51 0.565538 0.920698 -0.313075
52 0.588565 0.915596 -0.295580
53 0.610065 0.907923 -0.269213
54 0.625616 0.894327 -0.227628
55 0.622981 0.887878 -0.190782
56 0.611150 0.878286 -0.161391
57 0.578077 0.860530 -0.132461
58 0.548480 0.846662 -0.117838
59 0.522488 0.838328 -0.105675
Frame 159
30 0.485547 0.827228 -0.093582
31 0.453379 0.823656 -0.087157
32 0.426090 0.823843 -0.087784
33 0.394965 0.827861 -0.093755
34 0.366024 0.830190 -0.103240
35 0.335897 0.838180 -0.110494
36 0.309190 0.845859 -0.122343
37 0.277444 0.863428 -0.145013
38 0.263542 0.872515 -0.175879
39 0.261136 0.886670 -0.216527
40 0.272569 0.897435 -0.248334
41 0.286780 0.904651 -0.271383
42 0.306025 0.911818 -0.289919
43 0.328800 0.918210 -0.302452
44 0.359133 0.917935 -0.314600
45 0.384756 0.918347 -0.319672
46 0.414595 0.920590 -0.323665
47 0.449357 0.922079 -0.329371
48 0.477401 0.928170 -0.330071
49 0.505626 0.930511 -0.328487
50 0.537900 0.923375 -0.324346
51 0.562017 0.920465 -0.312289
52 0.585040 0.915481 -0.294755
53 0.606546 0.907924 -0.268351
54 0.622139 0.894427 -0.226724
55 0.619481 0.887937 -0.189852
56 0.607619 0.878291 -0.160484
57 0.574577 0.860390 -0.131604
58 0.545025 0.846382 -0.117026
59 0.519055 0.837934 -0.104909
Frame 160
30 0.481898 0.826736 -0.092673
31 0.449738 0.823033 -0.086326
32 0.422451 0.823093 -0.087020
33 0.391360 0.826959 -0.093067
34 0.362416 0.829099 -0.102619
35 0.332255 0.836918 -0.109911
36 0.305571 0.844587 -0.121806
37 0.273754 0.861838 -0.144632
38 0.259862 0.870804 -0.175552
39 0.257471 0.884890 -0.216228
40 0.268916 0.895668 -0.248006
41 0.283140 0.902917 -0.271035
42 0.302386 0.910153 -0.289530
43 0.325155 0.916643 -0.302021
44 0.355511 0.916510 -0.314102
45 0.381143 0.917048 -0.319119
46 0.410976 0.919439 -0.323051
47 0.445744 0.921097 -0.328685
48 0.473758 0.927334 -0.329335
49 0.501966 0.929821 -0.327691
50 0.534262 0.922864 -0.323467
51 0.558364 0.920106 -0.311347
52 0.581368 0.915279 -0.293745
53 0.602860 0.907885 -0.267273
54 0.618471 0.894536 -0.225572
55 0.615769 0.888031 -0.188661
56 0.603867 0.878345 -0.159310
57 0.570849 0.860288 -0.130483
58 0.541343 0.846135 -0.115957
59 0.515384 0.837573 -0.103904
Frame 161
30 0.478213 0.826305 -0.091651
31 0.446066 0.822465 -0.085382
32 0.418787 0.822381 -0.086143
33 0.387738 0.826070 -0.092264
34 0.358798 0.828000 -0.101880
35 0.328601 0.835637 -0.109207
36 0.301939 0.843283 -0.121154
37 0.270035 0.860177 -0.144157
38 0.256143 0.868991 -0.175142
39 0.253755 0.882974 -0.215857
40 0.265199 0.893748 -0.247614
41 0.279432 0.901016 -0.270630
42 0.298673 0.908319 -0.289091
43 0.321431 0.914911 -0.301544
44 0.351809 0.914929 -0.313559
45 0.377449 0.915602 -0.318523
46 0.407273 0.918156 -0.322395
47 0.442045 0.920002 -0.327960
48 0.470025 0.926398 -0.328561
49 0.498212 0.929049 -0.326862
50 0.530533 0.922294 -0.322548
51 0.554617 0.919714 -0.310362
52 0.577602 0.915076 -0.292684
53 0.599082 0.907879 -0.266136
54 0.614721 0.894716 -0.224347
55 0.611979 0.888212 -0.187389
56 0.600049 0.878489 -0.158046
57 0.567069 0.860268 -0.129260
58 0.537619 0.845955 -0.114775
59 0.511674 0.837274 -0.102784
Frame 162
30 0.474704 0.825955 -0.090608
31 0.442580 0.821959 -0.084392
32 0.415314 0.821712 -0.085200
33 0.384309 0.825203 -0.091370
34 0.355378 0.826909 -0.101025
35 0.325138 0.834354 -0.108364
36 0.298491 0.841967 -0.120344
37 0.266465 0.858464 -0.143509
38 0.252539 0.867105 -0.174556
39 0.250107 0.880965 -0.215311
40 0.261512 0.891727 -0.247063
41 0.275728 0.899014 -0.270080
42 0.294944 0.906386 -0.288522
43 0.317675 0.913092 -0.300957
44 0.348065 0.913276 -0.312930
45 0.373708 0.914099 -0.317860
46 0.403517 0.916835 -0.321695
47 0.438286 0.918887 -0.327217
48 0.466227 0.925461 -0.327797
49 0.494392 0.928295 -0.326063
50 0.526742 0.921764 -0.321682
51 0.550818 0.919384 -0.309446
52 0.573798 0.914956 -0.291709
53 0.595289 0.907981 -0.265095
54 0.610993 0.895029 -0.223223
55 0.608246 0.888531 -0.186213
56 0.596319 0.878769 -0.156869
57 0.563411 0.860368 -0.128091
58 0.534040 0.845882 -0.113621
59 0.508123 0.837069 -0.101670
Frame 163
30 0.471583 0.825703 -0.089640
31 0.439497 0.821524 -0.083425
32 0.412251 0.821093 -0.084235
33 0.381287 0.824364 -0.090409
34 0.352365 0.825837 -0.100063
35 0.322072 0.833086 -0.107367
36 0.295424 0.840658 -0.119338
37 0.263223 0.856718 -0.142612
38 0.249202 0.865178 -0.173702
39 0.246647 0.878906 -0.214490
40 0.257947 0.889658 -0.246254
41 0.272102 0.896969 -0.269295
42 0.291256 0.904425 -0.287748
43 0.313935 0.911261 -0.300199
44 0.344316 0.911635 -0.312175
45 0.369952 0.912627 -0.317108
46 0.399738 0.915566 -0.320954
47 0.434494 0.917849 -0.326486
48 0.462386 0.924621 -0.327085
49 0.490528 0.927657 -0.325361
50 0.522918 0.921373 -0.320963
51 0.547008 0.919207 -0.308714
52 0.570011 0.915004 -0.290953
53 0.591556 0.908264 -0.264307
54 0.607398 0.895532 -0.222377
55 0.604706 0.889039 -0.185314
56 0.592833 0.879229 -0.155951
57 0.560054 0.860632 -0.127136
58 0.530792 0.845952 -0.112637
59 0.504931 0.836989 -0.100685
Frame 164
30 0.469059 0.825570 -0.088836
31 0.437035 0.821169 -0.082548
32 0.409814 0.820527 -0.083300
33 0.378883 0.823565 -0.089408
34 0.349968 0.824798 -0.099001
35 0.319609 0.831855 -0.106197
36 0.292938 0.839379 -0.118099
37 0.260492 0.854962 -0.141392
38 0.246290 0.863239 -0.172491
39 0.243495 0.876838 -0.213293
40 0.254597 0.887595 -0.245091
41 0.268629 0.894948 -0.268186
42 0.287665 0.902507 -0.286688
43 0.310259 0.909495 -0.299204
44 0.340600 0.910088 -0.311253
45 0.366215 0.911272 -0.316249
46 0.395964 0.914438 -0.320171
47 0.430692 0.916981 -0.325791
48 0.458528 0.923972 -0.326470
49 0.486645 0.927230 -0.324819
50 0.519088 0.921215 -0.320482
51 0.543221 0.919274 -0.308277
52 0.566290 0.915300 -0.290552
53 0.587961 0.908798 -0.263925
54 0.604042 0.896284 -0.221984
55 0.601491 0.889785 -0.184870
56 0.589745 0.879915 -0.155471
57 0.557171 0.861099 -0.126549
58 0.528063 0.846201 -0.111962
59 0.502297 0.837067 -0.099951
Frame 165
30 0.467345 0.825577 -0.088295
31 0.435410 0.820908 -0.081834
32 0.408222 0.820027 -0.082441
33 0.377316 0.822815 -0.088396
34 0.348399 0.823807 -0.097849
35 0.317958 0.830680 -0.104847
36 0.291235 0.838150 -0.116592
37 0.258455 0.853216 -0.139777
38 0.243959 0.861322 -0.170832
39 0.240776 0.874805 -0.211620
40 0.251560 0.885592 -0.243479
41 0.265382 0.893008 -0.266663
42 0.284235 0.900700 -0.285268
43 0.306694 0.907869 -0.297911
44 0.336955 0.908716 -0.310121
45 0.362531 0.910116 -0.315257
46 0.392224 0.913537 -0.319342
47 0.426904 0.916374 -0.325152
48 0.454673 0.923606 -0.325990
49 0.482763 0.927110 -0.324497
50 0.515278 0.921384 -0.320328
51 0.539495 0.919671 -0.308243
52 0.562686 0.915923 -0.290636
53 0.584572 0.909654 -0.264102
54 0.601027 0.897344 -0.222214
55 0.598733 0.890818 -0.185057
56 0.587205 0.880868 -0.155599
57 0.554936 0.861812 -0.126490
58 0.526036 0.846671 -0.111741
59 0.500418 0.837333 -0.099592
Frame 166
30 0.466524 0.825714 -0.088054
31 0.434713 0.820715 -0.081323
32 0.407567 0.819555 -0.081706
33 0.376656 0.822071 -0.087425
34 0.347721 0.822810 -0.096688
35 0.317175 0.829501 -0.103419
36 0.290382 0.836892 -0.114935
37 0.257217 0.851394 -0.137856
38 0.242329 0.859339 -0.168800
39 0.238610 0.872726 -0.209528
40 0.248947 0.883576 -0.241459
41 0.262471 0.891091 -0.264761
42 0.281063 0.898956 -0.283511
43 0.303339 0.906348 -0.296340
44 0.333474 0.907502 -0.308797
45 0.358991 0.909155 -0.314145
46 0.388607 0.912873 -0.318476
47 0.423216 0.916050 -0.324575
48 0.450900 0.923557 -0.325646
49 0.478959 0.927340 -0.324390
50 0.511563 0.921937 -0.320493
51 0.535909 0.920464 -0.308602
52 0.559282 0.916943 -0.291190
53 0.581474 0.910907 -0.264813
54 0.598432 0.898782 -0.223037
55 0.596497 0.892200 -0.185840
56 0.585264 0.882139 -0.156303
57 0.553391 0.862804 -0.126947
58 0.524757 0.847372 -0.111984
59 0.499351 0.837791 -0.099637
Frame 167
30 0.466334 0.825945 -0.088030
31 0.434678 0.820565 -0.080974
32 0.407579 0.819093 -0.081084
33 0.376629 0.821313 -0.086530
34 0.347657 0.821785 -0.095594
35 0.316985 0.828287 -0.102040
36 0.290124 0.835566 -0.113293
37 0.256583 0.849467 -0.135823
38 0.241255 0.857258 -0.166599
39 0.236914 0.870561 -0.207223
40 0.246713 0.881506 -0.239217
41 0.259880 0.889145 -0.262649
42 0.278156 0.897220 -0.281564
43 0.300210 0.904870 -0.294609
44 0.330191 0.906376 -0.307364
45 0.355630 0.908315 -0.312966
46 0.385152 0.912366 -0.317591
47 0.419671 0.915926 -0.324032
48 0.447254 0.923738 -0.325377
49 0.475272 0.927832 -0.324406
50 0.507977 0.922783 -0.320844
51 0.532477 0.921564 -0.309191
52 0.556071 0.918280 -0.292018
53 0.578629 0.912480 -0.265826
54 0.596164 0.900533 -0.224187
55 0.594638 0.893865 -0.186953
56 0.583735 0.883661 -0.157323
57 0.552308 0.864010 -0.127709
58 0.523977 0.848240 -0.112525
59 0.498837 0.838383 -0.099957
Frame 168
30 0.466463 0.826246 -0.088147
31 0.434983 0.820465 -0.080737
32 0.407933 0.818672 -0.080551
33 0.376926 0.820588 -0.085706
34 0.347903 0.820793 -0.094574
35 0.317097 0.827107 -0.100733
36 0.290173 0.834251 -0.111711
37 0.256287 0.847546 -0.133774
38 0.240505 0.855190 -0.164345
39 0.235504 0.868418 -0.204833
40 0.244721 0.879471 -0.236880
41 0.257499 0.887248 -0.260442
42 0.275428 0.895546 -0.279528
43 0.297242 0.903469 -0.292803
44 0.327047 0.905346 -0.305875
45 0.352397 0.907584 -0.311751
46 0.381812 0.911980 -0.316692
47 0.416228 0.915937 -0.323502
48 0.443698 0.924065 -0.325139
49 0.471667 0.928479 -0.324473
50 0.504474 0.923796 -0.321281
51 0.529141 0.922834 -0.309887
52 0.552972 0.919783 -0.292975
53 0.575923 0.914218 -0.266986
54 0.594068 0.902442 -0.225497
55 0.592975 0.895668 -0.188226
56 0.582409 0.885310 -0.158499
57 0.551446 0.865333 -0.128631
58 0.523435 0.849204 -0.113233
59 0.498594 0.839059 -0.100442
Frame 169
30 0.466599 0.826594 -0.088320
31 0.435304 0.820421 -0.080560
32 0.408306 0.818315 -0.080076
33 0.377235 0.819940 -0.084945
34 0.348154 0.819886 -0.093629
35 0.317212 0.826022 -0.099516
36 0.290236 0.833026 -0.110223
37 0.256054 0.845739 -0.131795
38 0.239836 0.853246 -0.162147
39 0.234186 0.866401 -0.202482
40 0.242821 0.877564 -0.234570
41 0.255211 0.885475 -0.258255
42 0.272792 0.893993 -0.277503
43 0.294361 0.902184 -0.291002
44 0.323984 0.904423 -0.304390
45 0.349240 0.906951 -0.310537
46 0.378541 0.911684 -0.315791
47 0.412847 0.916027 -0.322967
48 0.440200 0.924457 -0.324891
49 0.468115 0.929181 -0.324529
50 0.501015 0.924854 -0.321708
51 0.525847 0.924138 -0.310574
52 0.549910 0.921309 -0.293925
53 0.573252 0.915969 -0.268139
54 0.592004 0.904355 -0.226801
55 0.591334 0.897467 -0.189493
56 0.581090 0.886955 -0.159674
57 0.550576 0.866668 -0.129572
58 0.522878 0.850187 -0.113977
59 0.498342 0.839767 -0.100977
Frame 170
30 0.466440 0.826957 -0.088459
31 0.435319 0.820429 -0.080379
32 0.408373 0.818041 -0.079624
33 0.377236 0.819402 -0.084231
34 0.348099 0.819116 -0.092754
35 0.317030 0.825091 -0.098398
36 0.290013 0.831966 -0.108861
37 0.255598 0.844155 -0.129970
38 0.238992 0.851534 -0.160111
39 0.232754 0.864622 -0.200295
40 0.240854 0.875881 -0.232412
41 0.252886 0.883913 -0.256204
42 0.270142 0.892626 -0.275596
43 0.291483 0.901057 -0.289298
44 0.320935 0.903626 -0.302973
45 0.346098 0.906415 -0.309368
46 0.375289 0.911450 -0.314906
47 0.409490 0.916139 -0.322416
48 0.436731 0.924845 -0.324602
49 0.464591 0.929847 -0.324519
50 0.497570 0.925839 -0.322037
51 0.522549 0.925344 -0.311144
52 0.546823 0.922717 -0.294740
53 0.570526 0.917583 -0.269139
54 0.589840 0.906121 -0.227935
55 0.589556 0.899119 -0.190588
56 0.579593 0.888468 -0.160691
57 0.549477 0.867911 -0.130386
58 0.522063 0.851111 -0.114627
59 0.497812 0.840447 -0.101447
Frame 171
30 0.465682 0.827298 -0.088474
31 0.434711 0.820482 -0.080129
32 0.407810 0.817862 -0.079151
33 0.376616 0.819009 -0.083541
34 0.347429 0.818528 -0.091938
35 0.316246 0.824368 -0.097383
36 0.289198 0.831145 -0.107644
37 0.254621 0.842904 -0.128372
38 0.237709 0.850164 -0.158338
39 0.230991 0.863187 -0.198391
40 0.238648 0.874520 -0.230528
41 0.250384 0.882643 -0.254407
42 0.267370 0.891512 -0.273913
43 0.288521 0.900139 -0.287782
44 0.317825 0.902975 -0.301691
45 0.342909 0.905977 -0.308289
46 0.372006 0.911258 -0.314062
47 0.406115 0.916229 -0.321845
48 0.433261 0.925157 -0.324247
49 0.461071 0.930387 -0.324392
50 0.494111 0.926639 -0.322192
51 0.519208 0.926330 -0.311497
52 0.543654 0.923869 -0.295293
53 0.567659 0.918911 -0.269845
54 0.587455 0.907587 -0.228742
55 0.587488 0.900475 -0.191352
56 0.577739 0.889722 -0.161395
57 0.547938 0.868957 -0.130929
58 0.520750 0.851893 -0.115046
59 0.496740 0.841038 -0.101731
Frame 172
30 0.464029 0.827579 -0.088266
31 0.433160 0.820570 -0.079740
32 0.406291 0.817793 -0.078609
33 0.375057 0.818790 -0.082854
34 0.345828 0.818167 -0.091166
35 0.314551 0.823905 -0.096471
36 0.287482 0.830635 -0.106592
37 0.252820 0.842090 -0.127072
38 0.235716 0.849244 -0.156926
39 0.228672 0.862207 -0.196890
40 0.236025 0.873581 -0.229043
41 0.247562 0.881754 -0.252981
42 0.264362 0.890722 -0.272564
43 0.285380 0.899479 -0.286547
44 0.314581 0.902496 -0.300616
45 0.339609 0.905641 -0.307352
46 0.368639 0.911090 -0.313284
47 0.402683 0.916250 -0.321254
48 0.429762 0.925329 -0.323804
49 0.457536 0.930714 -0.324107
50 0.490614 0.927148 -0.322095
51 0.515792 0.926968 -0.311536
52 0.540353 0.924629 -0.295467
53 0.564574 0.919805 -0.270120
54 0.584736 0.908598 -0.229065
55 0.584987 0.901393 -0.191621
56 0.575357 0.890586 -0.161632
57 0.545751 0.869700 -0.131057
58 0.518705 0.852452 -0.115101
59 0.494863 0.841479 -0.101707
Frame 173
30 0.461180 0.827763 -0.087740
31 0.430351 0.820680 -0.079143
32 0.403492 0.817841 -0.077953
33 0.372239 0.818774 -0.082144
34 0.342984 0.818074 -0.090422
35 0.311638 0.823754 -0.095660
36 0.284556 0.830509 -0.105722
37 0.249893 0.841829 -0.126142
38 0.232740 0.848881 -0.155974
39 0.225573 0.861791 -0.195910
40 0.232810 0.873164 -0.228077
41 0.244273 0.881333 -0.252043
42 0.261000 0.890324 -0.271657
43 0.281966 0.899127 -0.285686
44 0.311126 0.902214 -0.299817
45 0.336133 0.905412 -0.306606
46 0.365134 0.910928 -0.312600
47 0.399155 0.916157 -0.320642
48 0.426207 0.925298 -0.323255
49 0.453966 0.930745 -0.323618
50 0.487058 0.927254 -0.321674
51 0.512264 0.927137 -0.311164
52 0.536869 0.924861 -0.295142
53 0.561195 0.920116 -0.269826
54 0.581570 0.909001 -0.228750
55 0.581907 0.901724 -0.191237
56 0.572277 0.890928 -0.161247
57 0.542708 0.870032 -0.130626
58 0.515696 0.852706 -0.114656
59 0.491921 0.841706 -0.101253
Frame 174
30 0.457052 0.828259 -0.086745
31 0.426208 0.821176 -0.078220
32 0.399359 0.818309 -0.077096
33 0.368140 0.819189 -0.081344
34 0.338907 0.818419 -0.089647
35 0.307521 0.824032 -0.094920
36 0.280437 0.830836 -0.105037
37 0.245813 0.842062 -0.125673
38 0.228750 0.848960 -0.155613
39 0.221668 0.861761 -0.195612
40 0.228976 0.873063 -0.227800
41 0.240500 0.881169 -0.251766
42 0.257272 0.890122 -0.271356
43 0.278263 0.898915 -0.285351
44 0.307459 0.902005 -0.299414
45 0.332480 0.905216 -0.306145
46 0.361490 0.910752 -0.312076
47 0.395527 0.916001 -0.320043
48 0.422577 0.925169 -0.322609
49 0.450331 0.930644 -0.322910
50 0.483410 0.927203 -0.320866
51 0.508569 0.927156 -0.310287
52 0.533110 0.924971 -0.294189
53 0.557382 0.920357 -0.268809
54 0.577783 0.909421 -0.227613
55 0.578050 0.902130 -0.190010
56 0.568313 0.891432 -0.160063
57 0.538673 0.870558 -0.129453
58 0.511623 0.853187 -0.113518
59 0.487826 0.842191 -0.100185
Frame 175
30 0.452017 0.829371 -0.085319
31 0.421133 0.822286 -0.076994
32 0.394310 0.819354 -0.076046
33 0.363192 0.820112 -0.080446
34 0.334039 0.819219 -0.088826
35 0.302640 0.824712 -0.094236
36 0.275571 0.831524 -0.104519
37 0.240980 0.842571 -0.125627
38 0.224100 0.849224 -0.155792
39 0.217248 0.861825 -0.195938
40 0.224754 0.872989 -0.228150
41 0.236433 0.880998 -0.252096
42 0.253329 0.889890 -0.271617
43 0.274397 0.898666 -0.285505
44 0.303687 0.901768 -0.299384
45 0.328749 0.905012 -0.305957
46 0.357785 0.910596 -0.311712
47 0.391856 0.915898 -0.319472
48 0.418907 0.925131 -0.321895
49 0.446652 0.930670 -0.322024
50 0.479697 0.927335 -0.319724
51 0.504731 0.927434 -0.308970
52 0.529099 0.925444 -0.292681
53 0.553165 0.921089 -0.267149
54 0.573433 0.910497 -0.225742
55 0.573496 0.903263 -0.188024
56 0.563586 0.892733 -0.158167
57 0.533847 0.871819 -0.127614
58 0.506751 0.854350 -0.111751
59 0.482889 0.843318 -0.098550
Frame 176
30 0.446449 0.830898 -0.083646
31 0.415518 0.823793 -0.075606
32 0.388734 0.820767 -0.074904
33 0.357755 0.821352 -0.079519
34 0.328719 0.820296 -0.088015
35 0.297329 0.825625 -0.093631
36 0.270288 0.832409 -0.104157
37 0.235734 0.843211 -0.125884
38 0.219097 0.849571 -0.156338
39 0.212568 0.861921 -0.196672
40 0.220351 0.872921 -0.228905
41 0.232242 0.880822 -0.252809
42 0.249310 0.889649 -0.272226
43 0.270483 0.898419 -0.285959
44 0.299901 0.901550 -0.299577
45 0.325017 0.904850 -0.305927
46 0.354088 0.910513 -0.311432
47 0.388203 0.915905 -0.318899
48 0.415249 0.925233 -0.321115
49 0.442981 0.930871 -0.321000
50 0.475978 0.927688 -0.318348
51 0.500835 0.927987 -0.307349
52 0.524958 0.926256 -0.290799
53 0.548717 0.922240 -0.265058
54 0.568741 0.912093 -0.223384
55 0.568508 0.904950 -0.185539
56 0.558373 0.894626 -0.155811
57 0.528525 0.873617 -0.125359
58 0.501388 0.856001 -0.109600
59 0.477448 0.844891 -0.096579
Frame 177
30 0.440729 0.832637 -0.081910
31 0.409756 0.825484 -0.074192
32 0.383018 0.822337 -0.073766
33 0.352192 0.822717 -0.078627
34 0.323289 0.821470 -0.087268
35 0.291921 0.826608 -0.093128
36 0.264920 0.833327 -0.103936
37 0.230415 0.843839 -0.126321
38 0.214050 0.849900 -0.157078
39 0.207883 0.861997 -0.197605
40 0.215974 0.872837 -0.229846
41 0.228095 0.880644 -0.253688
42 0.245349 0.889425 -0.272980
43 0.266633 0.898210 -0.286530
44 0.296191 0.901401 -0.299853
45 0.321364 0.904785 -0.305948
46 0.350467 0.910558 -0.311168
47 0.384624 0.916076 -0.318301
48 0.411658 0.925530 -0.320279
49 0.439365 0.931292 -0.319887
50 0.472308 0.928299 -0.316842
51 0.496965 0.928824 -0.305570
52 0.520809 0.927381 -0.288730
53 0.544213 0.923737 -0.262754
54 0.563933 0.914071 -0.220785
55 0.563352 0.907015 -0.182811
56 0.552956 0.896904 -0.153236
57 0.523003 0.875752 -0.122931
58 0.495842 0.857940 -0.107309
59 0.471838 0.846714 -0.094500
Frame 178
30 0.435240 0.834381 -0.080281
31 0.404245 0.827141 -0.072880
32 0.377556 0.823854 -0.072721
33 0.346868 0.824014 -0.077828
34 0.318088 0.822563 -0.086633
35 0.286750 0.827494 -0.092747
36 0.259797 0.834113 -0.103837
37 0.225357 0.844324 -0.126818
38 0.209257 0.850118 -0.157840
39 0.203437 0.861998 -0.198530
40 0.211818 0.872724 -0.230759
41 0.224151 0.880476 -0.254526
42 0.241573 0.889249 -0.273685
43 0.262954 0.898083 -0.287049
44 0.292640 0.901374 -0.300079
45 0.317859 0.904871 -0.305924
46 0.346986 0.910784 -0.310863
47 0.381176 0.916463 -0.317667
48 0.408184 0.926066 -0.319406
49 0.435859 0.931979 -0.318741
50 0.468751 0.929197 -0.315320
51 0.493212 0.929951 -0.303784
52 0.516784 0.928792 -0.286663
53 0.539839 0.925506 -0.260451
54 0.559245 0.916288 -0.218187
55 0.558307 0.909281 -0.180090
56 0.547632 0.899350 -0.150683
57 0.517585 0.878012 -0.120567
58 0.490430 0.859961 -0.105116
59 0.466402 0.848581 -0.092531
Frame 179
30 0.430369 0.835922 -0.078925
31 0.399385 0.828548 -0.071789
32 0.372740 0.825107 -0.071853
33 0.342148 0.825051 -0.077177
34 0.313455 0.823392 -0.086156
35 0.282144 0.828119 -0.092508
36 0.255243 0.834606 -0.103841
37 0.220888 0.844530 -0.127250
38 0.205010 0.850135 -0.158457
39 0.199464 0.861881 -0.199249
40 0.208069 0.872571 -0.231444
41 0.220557 0.880329 -0.255126
42 0.238097 0.889151 -0.274158
43 0.259540 0.898080 -0.287357
44 0.289322 0.901522 -0.300141
45 0.314572 0.905160 -0.305775
46 0.343703 0.911241 -0.310475
47 0.377910 0.917117 -0.316998
48 0.404878 0.926887 -0.318528
49 0.432513 0.932969 -0.317632
50 0.465366 0.930408 -0.313908
51 0.489670 0.931370 -0.302151
52 0.513018 0.930457 -0.284798
53 0.535790 0.927467 -0.258369
54 0.554929 0.918603 -0.215825
55 0.553663 0.911570 -0.177616
56 0.542704 0.901750 -0.148378
57 0.512589 0.880184 -0.118496
58 0.485475 0.861852 -0.103247
59 0.461488 0.850285 -0.090885
Frame 180
30 0.426362 0.837187 -0.077855
31 0.395411 0.829659 -0.070912
32 0.368803 0.826065 -0.071137
33 0.338266 0.825810 -0.076631
34 0.309629 0.823962 -0.085765
35 0.278340 0.828501 -0.092312
36 0.251485 0.834844 -0.103829
37 0.217206 0.844511 -0.127502
38 0.201485 0.849990 -0.158815
39 0.196121 0.861664 -0.199659
40 0.204869 0.872373 -0.231814
41 0.217448 0.880176 -0.255418
42 0.235052 0.889081 -0.274350
43 0.256522 0.898126 -0.287423
44 0.286365 0.901740 -0.300024
45 0.311628 0.905527 -0.305504
46 0.340750 0.911785 -0.310026
47 0.374957 0.917864 -0.316342
48 0.401877 0.927801 -0.317713
49 0.429470 0.934052 -0.316646
50 0.462301 0.931700 -0.312707
51 0.486492 0.932842 -0.300789
52 0.509679 0.932128 -0.283266
53 0.532254 0.929366 -0.256656
54 0.551210 0.920754 -0.213867
55 0.549685 0.913645 -0.175562
56 0.538473 0.903874 -0.146481
57 0.508321 0.882087 -0.116830
58 0.481282 0.863480 -0.101774
59 0.457379 0.851725 -0.089599
Frame 181
30 0.423107 0.838270 -0.076960
31 0.392191 0.830592 -0.070153
32 0.365616 0.826855 -0.070492
33 0.335120 0.826420 -0.076107
34 0.306523 0.824402 -0.085356
35 0.275254 0.828776 -0.092055
36 0.248435 0.834974 -0.103710
37 0.214201 0.844402 -0.127560
38 0.198581 0.849781 -0.158940
39 0.193329 0.861395 -0.199816
40 0.202164 0.872127 -0.231945
41 0.214792 0.879977 -0.255489
42 0.232425 0.888963 -0.274350
43 0.253904 0.898120 -0.287332
44 0.283783 0.901897 -0.299805
45 0.309050 0.905825 -0.305174
46 0.338156 0.912245 -0.309570
47 0.372353 0.918513 -0.315739
48 0.399225 0.928605 -0.316998
49 0.426778 0.935012 -0.315810
50 0.459594 0.932854 -0.311716
51 0.483701 0.934154 -0.299684
52 0.506770 0.933611 -0.282040
53 0.529213 0.931038 -0.255285
54 0.548059 0.922621 -0.212286
55 0.546353 0.915431 -0.173895
56 0.534936 0.905693 -0.144959
57 0.504783 0.883727 -0.115498
58 0.477835 0.864886 -0.100588
59 0.454024 0.852970 -0.088550
Frame 182
30 0.420455 0.839208 -0.076212
31 0.389577 0.831382 -0.069494
32 0.363031 0.827507 -0.069908
33 0.332564 0.826905 -0.075603
34 0.303995 0.824732 -0.084937
35 0.272743 0.828957 -0.091750
36 0.245951 0.835011 -0.103502
37 0.211735 0.844209 -0.127458
38 0.196166 0.849508 -0.158872
39 0.190967 0.861071 -0.199764
40 0.199842 0.871833 -0.231878
41 0.212484 0.879731 -0.255377
42 0.230118 0.888798 -0.274190
43 0.251586 0.898065 -0.287113
44 0.281483 0.902000 -0.299502
45 0.306745 0.906060 -0.304798
46 0.335828 0.912637 -0.309111
47 0.370008 0.919085 -0.315184
48 0.396830 0.929323 -0.316368
49 0.424346 0.935878 -0.315100
50 0.457154 0.933901 -0.310905
51 0.481201 0.935346 -0.298795
52 0.504186 0.934954 -0.281072
53 0.526553 0.932538 -0.254201
54 0.545357 0.924271 -0.211018
55 0.543531 0.916998 -0.172550
56 0.531951 0.907281 -0.143750
57 0.501827 0.885163 -0.114445
58 0.474985 0.866124 -0.099639
59 0.451270 0.854063 -0.087698
Frame 183
30 0.418257 0.840038 -0.075585
31 0.387422 0.832062 -0.068919
32 0.360901 0.828051 -0.069375
33 0.330453 0.827288 -0.075119
34 0.301901 0.824969 -0.084513
35 0.270665 0.829055 -0.091409
36 0.243894 0.834962 -0.103227
37 0.209673 0.843935 -0.127233
38 0.194117 0.849168 -0.158652
39 0.188919 0.860687 -0.199546
40 0.197793 0.871483 -0.231656
41 0.210419 0.879435 -0.255122
42 0.228029 0.888585 -0.273906
43 0.249470 0.897961 -0.286796
44 0.279369 0.902053 -0.299136
45 0.304619 0.906245 -0.304390
46 0.333675 0.912976 -0.308653
47 0.367828 0.919600 -0.314670
48 0.394602 0.929981 -0.315810
49 0.422082 0.936681 -0.314495
50 0.454886 0.934879 -0.310241
51 0.478894 0.936459 -0.298084
52 0.501823 0.936204 -0.280314
53 0.524158 0.933927 -0.253349
54 0.542975 0.925771 -0.210001
55 0.541082 0.918412 -0.171463
56 0.529370 0.908707 -0.142794
57 0.499302 0.886459 -0.113616
58 0.472581 0.867241 -0.098884
59 0.448968 0.855046 -0.087008
Frame 184
30 0.416366 0.840796 -0.075053
31 0.385577 0.832664 -0.068410
32 0.359079 0.828515 -0.068885
33 0.328642 0.827593 -0.074653
34 0.300101 0.825132 -0.084090
35 0.268878 0.829084 -0.091048
36 0.242123 0.834838 -0.102908
37 0.207880 0.843583 -0.126919
38 0.192304 0.848759 -0.158324
39 0.187070 0.860240 -0.199209
40 0.195909 0.871078 -0.231319
41 0.208494 0.879084 -0.254762
42 0.226062 0.888323 -0.273531
43 0.247462 0.897812 -0.286406
44 0.277351 0.902066 -0.298724
45 0.302583 0.906391 -0.303958
46 0.331606 0.913277 -0.308199
47 0.365728 0.920078 -0.314190
48 0.392448 0.930603 -0.315310
49 0.419892 0.937449 -0.313973
50 0.452699 0.935824 -0.309688
51 0.476679 0.937535 -0.297507
52 0.499573 0.937409 -0.279715
53 0.521908 0.935256 -0.252671
54 0.540785 0.927188 -0.209175
55 0.538863 0.919738 -0.170569
56 0.527043 0.910042 -0.142029
57 0.497054 0.887675 -0.112959
58 0.470469 0.868287 -0.098279
59 0.446967 0.855961 -0.086444
Frame 185
30 0.414631 0.841519 -0.074591
31 0.383892 0.833223 -0.067953
32 0.357418 0.828929 -0.068430
33 0.326986 0.827844 -0.074206
34 0.298452 0.825239 -0.083674
35 0.267241 0.829055 -0.090678
36 0.240501 0.834652 -0.102565
37 0.206225 0.843158 -0.126554
38 0.190607 0.848280 -0.157930
39 0.185307 0.859725 -0.198796
40 0.194084 0.870609 -0.230908
41 0.206611 0.878678 -0.254335
42 0.224119 0.888010 -0.273099
43 0.245468 0.897620 -0.285970
44 0.275336 0.902043 -0.298284
45 0.300546 0.906508 -0.303514
46 0.329532 0.913555 -0.307750
47 0.363615 0.920543 -0.313735
48 0.390278 0.931216 -0.314850
49 0.417686 0.938214 -0.313507
50 0.450497 0.936771 -0.309216
51 0.474460 0.938614 -0.297024
52 0.497328 0.938616 -0.279227
53 0.519687 0.936584 -0.252112
54 0.538656 0.928587 -0.208477
55 0.536731 0.921038 -0.169802
56 0.524819 0.911352 -0.141396
57 0.494932 0.888868 -0.112421
58 0.468494 0.869310 -0.097778
59 0.445112 0.856850 -0.085971
Frame 186
30 0.412903 0.842244 -0.074173
31 0.382222 0.833771 -0.067529
32 0.355771 0.829323 -0.068002
33 0.325340 0.828065 -0.073778
34 0.296814 0.825306 -0.083274
35 0.265614 0.828981 -0.090314
36 0.238889 0.834411 -0.102221
37 0.204575 0.842661 -0.126172
38 0.188901 0.847730 -0.157510
39 0.183517 0.859139 -0.198350
40 0.192212 0.870077 -0.230465
41 0.204670 0.878214 -0.253879
42 0.222107 0.887649 -0.272639
43 0.243395 0.897387 -0.285513
44 0.273236 0.901994 -0.297835
45 0.298418 0.906609 -0.303068
46 0.327361 0.913829 -0.307307
47 0.361401 0.921014 -0.313297
48 0.388002 0.931847 -0.314415
49 0.415369 0.939007 -0.313075
50 0.448185 0.937757 -0.308788
51 0.472134 0.939739 -0.296592
52 0.494978 0.939874 -0.278800
53 0.517372 0.937965 -0.251618
54 0.536454 0.930032 -0.207847
55 0.534543 0.922374 -0.169100
56 0.522544 0.912708 -0.140834
57 0.492777 0.890099 -0.111949
58 0.466501 0.870355 -0.097336
59 0.443252 0.857752 -0.085551
Frame 187
30 0.411032 0.843007 -0.073774
31 0.380413 0.834341 -0.067123
32 0.353991 0.829725 -0.067591
33 0.323561 0.828279 -0.073368
34 0.295046 0.825353 -0.082894
35 0.263858 0.828873 -0.089970
36 0.237150 0.834126 -0.101898
37 0.202799 0.842097 -0.125810
38 0.187064 0.847105 -0.157106
39 0.181588 0.858477 -0.197914
40 0.190189 0.869477 -0.230029
41 0.202572 0.877689 -0.253432
42 0.219928 0.887238 -0.272187
43 0.241149 0.897118 -0.285064
44 0.270959 0.901925 -0.297393
45 0.296110 0.906704 -0.302629
46 0.325004 0.914114 -0.306873
47 0.358995 0.921516 -0.312869
48 0.385527 0.932522 -0.313990
49 0.412849 0.939858 -0.312652
50 0.445669 0.938819 -0.308370
51 0.469600 0.940952 -0.296169
52 0.492413 0.941230 -0.278384
53 0.514842 0.939454 -0.251132
54 0.534050 0.931586 -0.207223
55 0.532154 0.923802 -0.168399
56 0.520064 0.914170 -0.140283
57 0.490435 0.891424 -0.111490
58 0.464335 0.871471 -0.096910
59 0.441233 0.858709 -0.085150
Frame 188
30 0.408867 0.843843 -0.073367
31 0.378321 0.834966 -0.066719
32 0.351930 0.830166 -0.067189
33 0.321502 0.828509 -0.072975
34 0.293009 0.825397 -0.082542
35 0.261833 0.828744 -0.089659
36 0.235147 0.833808 -0.101616
37 0.200767 0.841467 -0.125501
38 0.184975 0.846406 -0.156760
39 0.179411 0.857736 -0.197533
40 0.187911 0.868806 -0.229642
41 0.200219 0.877103 -0.253031
42 0.217491 0.886778 -0.271774
43 0.238640 0.896815 -0.284647
44 0.268416 0.901846 -0.296975
45 0.293533 0.906806 -0.302209
46 0.322372 0.914425 -0.306448
47 0.356309 0.922070 -0.312440
48 0.382763 0.933268 -0.313557
49 0.410033 0.940800 -0.312214
50 0.442852 0.939995 -0.307929
51 0.466757 0.942295 -0.295714
52 0.489524 0.942731 -0.277930
53 0.511974 0.941105 -0.250599
54 0.531310 0.933310 -0.206548
55 0.529417 0.925381 -0.167636
56 0.517225 0.915805 -0.139684
57 0.487747 0.892901 -0.110992
58 0.461840 0.872703 -0.096454
59 0.438902 0.859761 -0.084732
Frame 189
30 0.406312 0.844808 -0.072964
31 0.375845 0.835667 -0.066323
32 0.349487 0.830659 -0.066810
33 0.319069 0.828778 -0.072628
34 0.290610 0.825458 -0.082263
35 0.259450 0.828607 -0.089436
36 0.232794 0.833468 -0.101436
37 0.198397 0.840769 -0.125303
38 0.182557 0.845628 -0.156527
39 0.176914 0.856918 -0.197257
40 0.185314 0.868073 -0.229344
41 0.197551 0.876471 -0.252709
42 0.214737 0.886293 -0.271426
43 0.235812 0.896507 -0.284282
44 0.265551 0.901788 -0.296594
45 0.290632 0.906952 -0.301811
46 0.319410 0.914806 -0.306031
47 0.353288 0.922722 -0.312001
48 0.379654 0.934134 -0.313098
49 0.406862 0.941880 -0.311736
50 0.439675 0.941327 -0.307437
51 0.463539 0.943800 -0.295204
52 0.486233 0.944395 -0.277432
53 0.508679 0.942932 -0.250040
54 0.528129 0.935244 -0.205867
55 0.526216 0.927161 -0.166876
56 0.513906 0.917720 -0.139105
57 0.484598 0.894654 -0.110501
58 0.458890 0.874161 -0.096019
59 0.436152 0.861007 -0.084344
Frame 190
30 0.403456 0.845900 -0.072578
31 0.373074 0.836434 -0.065943
32 0.346752 0.831199 -0.066462
33 0.316348 0.829087 -0.072342
34 0.287942 0.825546 -0.082075
35 0.256805 0.828475 -0.089323
36 0.230187 0.833120 -0.101376
37 0.195782 0.840012 -0.125230
38 0.179899 0.844789 -0.156416
39 0.174189 0.856043 -0.197095
40 0.182496 0.867301 -0.229143
41 0.194665 0.875820 -0.252471
42 0.211766 0.885808 -0.271147
43 0.232762 0.896217 -0.283972
44 0.262467 0.901769 -0.296250
45 0.287508 0.907154 -0.301437
46 0.316219 0.915261 -0.305620
47 0.350033 0.923472 -0.311550
48 0.376302 0.935113 -0.312612
49 0.403442 0.943089 -0.311216
50 0.436242 0.942795 -0.306893
51 0.460053 0.945432 -0.294645
52 0.482645 0.946174 -0.276908
53 0.505059 0.944880 -0.249490
54 0.524600 0.937341 -0.205245
55 0.522637 0.929102 -0.166195
56 0.510208 0.919899 -0.138614
57 0.481086 0.896689 -0.110072
58 0.455570 0.875852 -0.095653
59 0.433077 0.862461 -0.084027
Frame 191
30 0.400432 0.847075 -0.072189
31 0.370139 0.837253 -0.065565
32 0.343855 0.831778 -0.066130
33 0.313476 0.829431 -0.072093
34 0.285137 0.825662 -0.081942
35 0.254027 0.828359 -0.089277
36 0.227453 0.832781 -0.101396
37 0.193051 0.839234 -0.125247
38 0.177134 0.843924 -0.156399
39 0.171369 0.855143 -0.197024
40 0.179591 0.866511 -0.229024
41 0.191697 0.875160 -0.252307
42 0.208717 0.885324 -0.270932
43 0.229634 0.895935 -0.283713
44 0.259303 0.901772 -0.295942
45 0.284302 0.907387 -0.301087
46 0.312943 0.915758 -0.305220
47 0.346690 0.924278 -0.311093
48 0.372857 0.936157 -0.312107
49 0.399921 0.944372 -0.310665
50 0.432705 0.944342 -0.306306
51 0.456449 0.947141 -0.294039
52 0.478923 0.948022 -0.276344
53 0.501278 0.946901 -0.248922
54 0.520877 0.939537 -0.204642
55 0.518839 0.931140 -0.165554
56 0.506296 0.922225 -0.138149
57 0.477373 0.898874 -0.109652
58 0.452047 0.877670 -0.095306
59 0.429817 0.864033 -0.083732
Frame 192
30 0.397372 0.848285 -0.071777
31 0.367172 0.838107 -0.065175
32 0.340932 0.832391 -0.065797
33 0.310586 0.829807 -0.071854
34 0.282326 0.825805 -0.081829
35 0.251248 0.828266 -0.089259
36 0.224720 0.832468 -0.101452
37 0.190332 0.838471 -0.125322
38 0.174389 0.843067 -0.156450
39 0.168583 0.854246 -0.197026
40 0.176730 0.865722 -0.228972
41 0.188783 0.874502 -0.252208
42 0.205726 0.884843 -0.270774
43 0.226566 0.895657 -0.283503
44 0.256199 0.901779 -0.295672
45 0.281157 0.907627 -0.300765
46 0.309725 0.916265 -0.304835
47 0.343405 0.925098 -0.310637
48 0.369464 0.937218 -0.311594
49 0.396450 0.945673 -0.310094
50 0.429211 0.945910 -0.305686
51 0.452885 0.948873 -0.293389
52 0.475230 0.949892 -0.275728
53 0.497500 0.948953 -0.248307
54 0.517116 0.941782 -0.204019
55 0.514989 0.933227 -0.164908
56 0.502348 0.924587 -0.137647
57 0.473627 0.901087 -0.109186
58 0.448487 0.879514 -0.094920
59 0.426522 0.865638 -0.083408
Frame 193
30 0.394412 0.849488 -0.071321
31 0.364305 0.838982 -0.064761
32 0.338115 0.833031 -0.065448
33 0.307815 0.830208 -0.071601
34 0.279642 0.825978 -0.081698
35 0.248599 0.828208 -0.089226
36 0.222118 0.832198 -0.101502
37 0.187748 0.837758 -0.125420
38 0.171793 0.842251 -0.156539
39 0.165961 0.853382 -0.197077
40 0.174045 0.864954 -0.228974
41 0.186055 0.873856 -0.252163
42 0.202928 0.884365 -0.270669
43 0.223696 0.895375 -0.283341
44 0.253299 0.901774 -0.295439
45 0.278215 0.907850 -0.300471
46 0.306709 0.916749 -0.304470
47 0.340322 0.925890 -0.310191
48 0.366274 0.938246 -0.311082
49 0.393179 0.946937 -0.309516
50 0.425915 0.947444 -0.305043
51 0.449513 0.950578 -0.292697
52 0.471724 0.951743 -0.275047
53 0.493887 0.950997 -0.247617
54 0.513474 0.944028 -0.203328
55 0.511253 0.935330 -0.164204
56 0.498542 0.926894 -0.137035
57 0.470022 0.903217 -0.108611
58 0.445065 0.881293 -0.094434
59 0.423342 0.867196 -0.082996
Frame 194
30 0.391689 0.850641 -0.070797
31 0.361670 0.839861 -0.064305
32 0.335538 0.833691 -0.065066
33 0.305295 0.830631 -0.071308
34 0.277213 0.826179 -0.081510
35 0.246205 0.828192 -0.089136
36 0.219769 0.831987 -0.101502
37 0.185423 0.837130 -0.125507
38 0.169470 0.841510 -0.156637
39 0.163629 0.852577 -0.197154
40 0.171665 0.864226 -0.229014
41 0.183645 0.873232 -0.252163
42 0.200462 0.883890 -0.270611
43 0.221165 0.895081 -0.283223
44 0.250741 0.901739 -0.295242
45 0.275617 0.908031 -0.300206
46 0.304042 0.917178 -0.304128
47 0.337587 0.926610 -0.309759
48 0.363436 0.939193 -0.310582
49 0.390262 0.948111 -0.308942
50 0.422968 0.948889 -0.304384
51 0.446488 0.952207 -0.291969
52 0.468566 0.953536 -0.274292
53 0.490601 0.952999 -0.246820
54 0.510105 0.946234 -0.202518
55 0.507797 0.937433 -0.163384
56 0.495057 0.929062 -0.136238
57 0.466732 0.905161 -0.107859
58 0.441961 0.882924 -0.093775
59 0.420434 0.868629 -0.082434
Frame 195
30 0.389298 0.851754 -0.070211
31 0.359362 0.840749 -0.063805
32 0.333291 0.834378 -0.064643
33 0.303117 0.831089 -0.070968
34 0.275129 0.826427 -0.081262
35 0.244159 0.828240 -0.088987
36 0.217766 0.831855 -0.101447
37 0.183447 0.836607 -0.125575
38 0.167511 0.840860 -0.156736
39 0.161681 0.851846 -0.197249
40 0.169687 0.863543 -0.229084
41 0.181650 0.872632 -0.252201
42 0.198424 0.883415 -0.270593
43 0.219072 0.894765 -0.283145
44 0.248629 0.901657 -0.295080
45 0.273469 0.908146 -0.299972
46 0.301829 0.917521 -0.303811
47 0.335313 0.927222 -0.309348
48 0.361063 0.940013 -0.310100
49 0.387813 0.949144 -0.308383
50 0.420487 0.950184 -0.303725
51 0.443928 0.953694 -0.291226
52 0.465879 0.955196 -0.273494
53 0.487773 0.954882 -0.245950
54 0.507149 0.948324 -0.201606
55 0.504755 0.939470 -0.162460
56 0.491999 0.931062 -0.135298
57 0.463850 0.906926 -0.106976
58 0.439257 0.884425 -0.092985
59 0.417888 0.869959 -0.081752
Frame 196
30 0.387192 0.852860 -0.069576
31 0.357333 0.841653 -0.063261
32 0.331327 0.835094 -0.064181
33 0.301228 0.831589 -0.070594
34 0.273338 0.826731 -0.080977
35 0.242410 0.828358 -0.088806
36 0.216065 0.831802 -0.101367
37 0.181780 0.836173 -0.125641
38 0.165873 0.840292 -0.156847
39 0.160075 0.851175 -0.197369
40 0.168068 0.862897 -0.229185
41 0.180032 0.872048 -0.252274
42 0.196776 0.882936 -0.270612
43 0.217381 0.894424 -0.283104
44 0.246925 0.901523 -0.294948
45 0.271733 0.908192 -0.299762
46 0.300034 0.917774 -0.303516
47 0.333460 0.927723 -0.308949
48 0.359117 0.940705 -0.309630
49 0.385796 0.950034 -0.307831
50 0.418437 0.951320 -0.303063
51 0.441798 0.955015 -0.290475
52 0.463626 0.956689 -0.272678
53 0.485371 0.956599 -0.245049
54 0.504588 0.950255 -0.200643
55 0.502090 0.941385 -0.161485
56 0.489295 0.932925 -0.134308
57 0.461292 0.908595 -0.106051
58 0.436866 0.885869 -0.092147
59 0.415638 0.871256 -0.081017
Frame 197
30 0.385292 0.853955 -0.068891
31 0.355506 0.842564 -0.062672
32 0.329565 0.835831 -0.063679
33 0.299547 0.832122 -0.070183
34 0.271761 0.827076 -0.080658
35 0.240880 0.828528 -0.088599
36 0.214585 0.831812 -0.101269
37 0.180343 0.835815 -0.125711
38 0.164482 0.839788 -0.156973
39 0.158737 0.850553 -0.197516
40 0.166734 0.862278 -0.229318
41 0.178712 0.871474 -0.252380
42 0.195441 0.882450 -0.270663
43 0.216013 0.894059 -0.283094
44 0.245551 0.901342 -0.294837
45 0.270331 0.908176 -0.299569
46 0.298580 0.917946 -0.303230
47 0.331952 0.928122 -0.308553
48 0.357522 0.941282 -0.309159
49 0.384135 0.950793 -0.307274
50 0.416739 0.952313 -0.302384
51 0.440017 0.956187 -0.289702
52 0.461722 0.958032 -0.271829
53 0.483308 0.958168 -0.244105
54 0.502337 0.952046 -0.199621
55 0.499714 0.943188 -0.160448
56 0.486860 0.934665 -0.133261
57 0.458978 0.910173 -0.105077
58 0.434704 0.887258 -0.091255
59 0.413605 0.872516 -0.080225
Frame 198
30 0.383520 0.855028 -0.068151
31 0.353802 0.843474 -0.062035
32 0.327928 0.836576 -0.063136
33 0.297995 0.832676 -0.069738
34 0.270319 0.827453 -0.080309
35 0.239486 0.828740 -0.088370
36 0.213248 0.831873 -0.101158
37 0.179061 0.835515 -0.125790
38 0.163259 0.839336 -0.157121
39 0.157591 0.849969 -0.197692
40 0.165611 0.861681 -0.229482
41 0.177619 0.870908 -0.252517
42 0.194344 0.881955 -0.270743
43 0.214893 0.893670 -0.283108
44 0.244433 0.901118 -0.294743
45 0.269189 0.908102 -0.299384
46 0.297389 0.918047 -0.302946
47 0.330713 0.928432 -0.308149
48 0.356200 0.941757 -0.308676
49 0.382749 0.951439 -0.306696
50 0.415313 0.953177 -0.301673
51 0.438505 0.957227 -0.288889
52 0.460083 0.959241 -0.270934
53 0.481497 0.959603 -0.243106
54 0.500310 0.953711 -0.198535
55 0.497541 0.944887 -0.159344
56 0.484604 0.936296 -0.132151
57 0.456823 0.911669 -0.104048
58 0.432693 0.888593 -0.090302
59 0.411711 0.873737 -0.079369
Frame 199
30 0.381797 0.856074 -0.067349
31 0.352142 0.844372 -0.061347
32 0.326333 0.837321 -0.062550
33 0.296491 0.833239 -0.069260
34 0.268930 0.827846 -0.079933
35 0.238148 0.828977 -0.088123
36 0.211971 0.831970 -0.101040
37 0.177855 0.835259 -0.125882
38 0.162133 0.838921 -0.157293
39 0.156563 0.849411 -0.197898
40 0.164626 0.861097 -0.229676
41 0.176677 0.870344 -0.252681
42 0.193410 0.881451 -0.270847
43 0.213946 0.893259 -0.283141
44 0.243494 0.900854 -0.294657
45 0.268230 0.907977 -0.299200
46 0.296385 0.918083 -0.302653
47 0.329665 0.928663 -0.307726
48 0.355074 0.942142 -0.308168
49 0.381560 0.951985 -0.306086
50 0.414081 0.953931 -0.300915
51 0.437181 0.958151 -0.288023
52 0.458623 0.960330 -0.269974
53 0.479847 0.960920 -0.242039
54 0.498418 0.955269 -0.197374
55 0.495482 0.946491 -0.158165
56 0.482442 0.937830 -0.130973
57 0.454744 0.913091 -0.102958
58 0.430752 0.889876 -0.089284
59 0.409880 0.874917 -0.078446
Frame 200
30 0.380048 0.857088 -0.066484
31 0.350448 0.845248 -0.060605
32 0.324704 0.838055 -0.061920
33 0.294958 0.833802 -0.068749
34 0.267515 0.828245 -0.079532
35 0.236787 0.829226 -0.087865
36 0.210678 0.832090 -0.100922
37 0.176651 0.835030 -0.125993
38 0.161027 0.838529 -0.157495
39 0.155579 0.848870 -0.198138
40 0.163703 0.860520 -0.229900
41 0.175810 0.869778 -0.252871
42 0.192566 0.880934 -0.270971
43 0.213096 0.892825 -0.283188
44 0.242659 0.900556 -0.294572
45 0.267377 0.907808 -0.299008
46 0.295492 0.918065 -0.302343
47 0.328732 0.928826 -0.307273
48 0.354066 0.942451 -0.307622
49 0.380490 0.952445 -0.305428
50 0.412964 0.954588 -0.300096
51 0.435962 0.958973 -0.287087
52 0.457257 0.961314 -0.268937
53 0.478271 0.962134 -0.240891
54 0.496573 0.956735 -0.196132
55 0.493448 0.948006 -0.156904
56 0.480284 0.939276 -0.129723
57 0.452662 0.914442 -0.101800
58 0.428800 0.891107 -0.088193
59 0.408030 0.876052 -0.077448
Frame 201
30 0.378193 0.858058 -0.065549
31 0.348643 0.846095 -0.059807
32 0.322962 0.838768 -0.061246
33 0.293314 0.834353 -0.068207
34 0.265997 0.828636 -0.079112
35 0.235323 0.829473 -0.087601
36 0.209288 0.832219 -0.100812
37 0.175372 0.834816 -0.126129
38 0.159869 0.838145 -0.157730
39 0.154565 0.848334 -0.198414
40 0.162772 0.859943 -0.230154
41 0.174947 0.869207 -0.253085
42 0.191735 0.880405 -0.271112
43 0.212269 0.892371 -0.283243
44 0.241851 0.900226 -0.294483
45 0.266555 0.907600 -0.298800
46 0.294631 0.918000 -0.302005
47 0.327834 0.928934 -0.306780
48 0.353097 0.942696 -0.307026
49 0.379460 0.952833 -0.304709
50 0.411880 0.955165 -0.299201
51 0.434767 0.959709 -0.286065
52 0.455899 0.962208 -0.267806
53 0.476679 0.963258 -0.239650
54 0.494688 0.958123 -0.194804
55 0.491351 0.949438 -0.155553
56 0.478043 0.940647 -0.128394
57 0.450488 0.915732 -0.100567
58 0.426757 0.892285 -0.087023
59 0.406085 0.877138 -0.076372
Frame 202
30 0.376154 0.858979 -0.064540
31 0.346647 0.846902 -0.058951
32 0.321028 0.839449 -0.060527
33 0.291482 0.834881 -0.067635
34 0.264297 0.829008 -0.078676
35 0.233679 0.829701 -0.087335
36 0.207727 0.832343 -0.100714
37 0.173945 0.834598 -0.126296
38 0.158584 0.837757 -0.158003
39 0.153451 0.847792 -0.198727
40 0.161758 0.859359 -0.230438
41 0.174014 0.868626 -0.253321
42 0.190844 0.879861 -0.271266
43 0.211388 0.891898 -0.283299
44 0.240996 0.899870 -0.294380
45 0.265689 0.907360 -0.298568
46 0.293727 0.917896 -0.301629
47 0.326896 0.928995 -0.306235
48 0.352091 0.942892 -0.306367
49 0.378389 0.953164 -0.303916
50 0.410750 0.955676 -0.298215
51 0.433514 0.960375 -0.284942
52 0.454461 0.963025 -0.266564
53 0.474981 0.964307 -0.238300
54 0.492672 0.959450 -0.193380
55 0.489101 0.950793 -0.154106
56 0.475628 0.941950 -0.126980
57 0.448143 0.916963 -0.099253
58 0.424541 0.893413 -0.085769
59 0.403967 0.878175 -0.075211
Frame 203
30 0.373894 0.859849 -0.063453
31 0.344417 0.847665 -0.058035
32 0.318853 0.840094 -0.059767
33 0.289412 0.835380 -0.067039
34 0.262367 0.829352 -0.078234
35 0.231804 0.829903 -0.087081
36 0.205940 0.832455 -0.100646
37 0.172322 0.834360 -0.126500
38 0.157128 0.837346 -0.158318
39 0.152185 0.847230 -0.199077
40 0.160612 0.858756 -0.230750
41 0.172957 0.868027 -0.253571
42 0.189838 0.879300 -0.271426
43 0.210398 0.891403 -0.283351
44 0.240034 0.899488 -0.294260
45 0.264716 0.907092 -0.298305
46 0.292719 0.917759 -0.301210
47 0.325855 0.929021 -0.305633
48 0.350985 0.943049 -0.305638
49 0.377215 0.953451 -0.303040
50 0.409508 0.956139 -0.297131
51 0.432131 0.960984 -0.283708
52 0.452867 0.963779 -0.265207
53 0.473091 0.965301 -0.236866
54 0.490457 0.960771 -0.191930
55 0.486646 0.952126 -0.152636
56 0.473010 0.943221 -0.125532
57 0.445615 0.918152 -0.097881
58 0.422146 0.894506 -0.084434
59 0.401656 0.879168 -0.073957
Frame 204
30 0.371477 0.860665 -0.062307
31 0.342013 0.848377 -0.057079
32 0.316494 0.840694 -0.058982
33 0.287163 0.835846 -0.066436
34 0.260265 0.829661 -0.077801
35 0.229755 0.830069 -0.086852
36 0.203984 0.832543 -0.100615
37 0.170556 0.834087 -0.126742
38 0.155545 0.836899 -0.158669
39 0.150806 0.846632 -0.199456
40 0.159366 0.858122 -0.231081
41 0.171805 0.867400 -0.253831
42 0.188739 0.878711 -0.271587
43 0.209319 0.890881 -0.283397
44 0.238987 0.899078 -0.294122
45 0.263659 0.906794 -0.298016
46 0.291626 0.917591 -0.300756
47 0.324730 0.929013 -0.304986
48 0.349794 0.943171 -0.304854
49 0.375954 0.953700 -0.302101
50 0.408171 0.956556 -0.295970
51 0.430635 0.961544 -0.282389
52 0.451133 0.964474 -0.263763
53 0.471030 0.966251 -0.235390
54 0.488070 0.962107 -0.190523
55 0.484032 0.953464 -0.151218
56 0.470254 0.944475 -0.124109
57 0.442984 0.919306 -0.096492
58 0.419654 0.895576 -0.083045
59 0.399227 0.880126 -0.072629
Frame 205
30 0.368978 0.861422 -0.061130
31 0.339514 0.849034 -0.056106
32 0.314037 0.841242 -0.058192
33 0.284814 0.836268 -0.065841
34 0.258070 0.829927 -0.077388
35 0.227611 0.830190 -0.086655
36 0.201937 0.832595 -0.100624
37 0.168721 0.833767 -0.127016
38 0.153905 0.836407 -0.159048
39 0.149378 0.845992 -0.199855
40 0.158077 0.857450 -0.231425
41 0.170609 0.866740 -0.254094
42 0.187598 0.878092 -0.271746
43 0.208199 0.890328 -0.283436
44 0.237900 0.898638 -0.293970
45 0.262561 0.906464 -0.297710
46 0.290491 0.917391 -0.300279
47 0.323562 0.928972 -0.304308
48 0.348560 0.943259 -0.304034
49 0.374646 0.953912 -0.301122
50 0.406780 0.956934 -0.294763
51 0.429074 0.962058 -0.281017
52 0.449316 0.965115 -0.262265
53 0.468862 0.967148 -0.233893
54 0.485570 0.963415 -0.189158
55 0.481317 0.954778 -0.149854
56 0.467418 0.945694 -0.122718
57 0.440307 0.920412 -0.095107
58 0.417121 0.896611 -0.081633
59 0.396743 0.881039 -0.071260
Frame 206
30 0.366474 0.862116 -0.059955
31 0.337002 0.849628 -0.055141
32 0.311563 0.841731 -0.057416
33 0.282448 0.836637 -0.065267
34 0.255862 0.830141 -0.077006
35 0.225453 0.830261 -0.086495
36 0.199879 0.832599 -0.100675
37 0.166892 0.833393 -0.127317
38 0.152275 0.835861 -0.159447
39 0.147959 0.845302 -0.200264
40 0.156796 0.856733 -0.231774
41 0.169419 0.866039 -0.254357
42 0.186462 0.877436 -0.271903
43 0.207082 0.889741 -0.283469
44 0.236814 0.898164 -0.293812
45 0.261463 0.906102 -0.297395
46 0.289356 0.917157 -0.299792
47 0.322392 0.928898 -0.303619
48 0.347322 0.943313 -0.303202
49 0.373333 0.954089 -0.300129
50 0.405380 0.957274 -0.293539
51 0.427496 0.962530 -0.279628
52 0.447471 0.965707 -0.260750
53 0.466652 0.967990 -0.232394
54 0.483022 0.964662 -0.187826
55 0.478563 0.956033 -0.148539
56 0.464564 0.946852 -0.121368
57 0.437638 0.921457 -0.093747
58 0.414603 0.897598 -0.080228
59 0.394268 0.881898 -0.069887
Frame 207
30 0.364039 0.862740 -0.058809
31 0.334557 0.850153 -0.054205
32 0.309153 0.842153 -0.056669
33 0.280144 0.836943 -0.064726
34 0.253720 0.830295 -0.076665
35 0.223358 0.830271 -0.086380
36 0.197890 0.832540 -0.100766
37 0.165142 0.832956 -0.127637
38 0.150722 0.835256 -0.159858
39 0.146611 0.844557 -0.200675
40 0.155576 0.855965 -0.232119
41 0.168287 0.865293 -0.254615
42 0.185378 0.876738 -0.272055
43 0.206015 0.889115 -0.283500
44 0.235774 0.897656 -0.293651
45 0.260409 0.905704 -0.297081
46 0.288260 0.916889 -0.299307
47 0.321261 0.928792 -0.302936
48 0.346121 0.943335 -0.302377
49 0.372054 0.954232 -0.299146
50 0.404012 0.957580 -0.292328
51 0.425950 0.962964 -0.278252
52 0.445655 0.966254 -0.259252
53 0.464469 0.968773 -0.230914
54 0.480495 0.965815 -0.186518
55 0.475836 0.957202 -0.147263
56 0.461755 0.947928 -0.120064
57 0.435034 0.922427 -0.092431
58 0.412158 0.898522 -0.078858
59 0.391865 0.882694 -0.068541
Frame 208
30 0.361749 0.863292 -0.057721
31 0.332259 0.850601 -0.053322
32 0.306890 0.842500 -0.055972
33 0.277983 0.837176 -0.064234
34 0.251722 0.830378 -0.076375
35 0.221404 0.830212 -0.086314
36 0.196047 0.832409 -0.100897
37 0.163545 0.832443 -0.127973
38 0.149313 0.834583 -0.160274
39 0.145393 0.843749 -0.201081
40 0.154471 0.855139 -0.232455
41 0.167261 0.864495 -0.254867
42 0.184394 0.875996 -0.272202
43 0.205042 0.888448 -0.283528
44 0.234822 0.897109 -0.293497
45 0.259440 0.905271 -0.296778
46 0.287248 0.916587 -0.298841
47 0.320209 0.928652 -0.302277
48 0.344996 0.943324 -0.301582
49 0.370852 0.954342 -0.298200
50 0.402722 0.957853 -0.291161
51 0.424483 0.963363 -0.276928
52 0.443925 0.966763 -0.257808
53 0.462381 0.969498 -0.229473
54 0.478064 0.966857 -0.185221
55 0.473210 0.958256 -0.146007
56 0.459057 0.948902 -0.118810
57 0.432553 0.923310 -0.091181
58 0.409842 0.899369 -0.077552
59 0.389599 0.883414 -0.067256
Frame 209
30 0.359679 0.863762 -0.056719
31 0.330188 0.850969 -0.052513
32 0.304856 0.842765 -0.055340
33 0.276045 0.837328 -0.063801
34 0.249947 0.830382 -0.076146
35 0.219670 0.830079 -0.086305
36 0.194429 0.832191 -0.101069
37 0.162171 0.831849 -0.128317
38 0.148111 0.833834 -0.160686
39 0.144363 0.842872 -0.201475
40 0.153531 0.854248 -0.232776
41 0.166392 0.863640 -0.255108
42 0.183555 0.875202 -0.272343
43 0.204207 0.887733 -0.283558
44 0.234002 0.896520 -0.293355
45 0.258598 0.904799 -0.296497
46 0.286360 0.916249 -0.298407
47 0.319276 0.928479 -0.301663
48 0.343989 0.943280 -0.300841
49 0.369766 0.954423 -0.297317
50 0.401551 0.958097 -0.290072
51 0.423143 0.963732 -0.275690
52 0.442338 0.967240 -0.256458
53 0.460457 0.970168 -0.228091
54 0.475808 0.967775 -0.183920
55 0.470760 0.959174 -0.144747
56 0.456542 0.949753 -0.117610
57 0.430255 0.924095 -0.090015
58 0.407716 0.900123 -0.076338
59 0.387536 0.884049 -0.066066
Frame 210
30 0.357873 0.864155 -0.055821
31 0.328391 0.851257 -0.051797
32 0.303098 0.842953 -0.054790
33 0.274377 0.837405 -0.063443
34 0.248438 0.830319 -0.075993
35 0.218200 0.829885 -0.086366
36 0.193079 0.831901 -0.101298
37 0.161064 0.831192 -0.128683
38 0.147161 0.833032 -0.161109
39 0.143564 0.841948 -0.201868
40 0.152797 0.853316 -0.233096
41 0.165722 0.862751 -0.255355
42 0.182903 0.874380 -0.272494
43 0.203553 0.886996 -0.283605
44 0.233355 0.895912 -0.293241
45 0.257928 0.904307 -0.296253
46 0.285640 0.915891 -0.298020
47 0.318509 0.928286 -0.301109
48 0.343147 0.943217 -0.300167
49 0.368845 0.954482 -0.296512
50 0.400548 0.958320 -0.289077
51 0.421983 0.964080 -0.274557
52 0.440948 0.967693 -0.255217
53 0.458759 0.970793 -0.226788
54 0.473794 0.968587 -0.182635
55 0.468556 0.959971 -0.143499
56 0.454265 0.950478 -0.116464
57 0.428183 0.924774 -0.088939
58 0.405817 0.900775 -0.075229
59 0.385711 0.884591 -0.064987
Frame 211
30 0.356296 0.864467 -0.055021
31 0.326831 0.851465 -0.051171
32 0.301581 0.843065 -0.054325
33 0.272942 0.837410 -0.063170
34 0.247165 0.830190 -0.075930
35 0.216966 0.829635 -0.086517
36 0.191970 0.831546 -0.101605
37 0.160201 0.830476 -0.129096
38 0.146440 0.832184 -0.161567
39 0.142979 0.840988 -0.202289
40 0.152261 0.852354 -0.233440
41 0.165243 0.861839 -0.255630
42 0.182435 0.873542 -0.272675
43 0.203078 0.886244 -0.283686
44 0.232881 0.895291 -0.293168
45 0.257428 0.903805 -0.296056
46 0.285089 0.915522 -0.297687
47 0.317910 0.928081 -0.300614
48 0.342468 0.943139 -0.299558
49 0.368090 0.954527 -0.295778
50 0.399715 0.958527 -0.288163
51 0.421001 0.964407 -0.273512
52 0.439753 0.968122 -0.254068
53 0.457277 0.971381 -0.225562
54 0.472012 0.969322 -0.181390
55 0.466583 0.960672 -0.142286
56 0.452206 0.951093 -0.115370
57 0.426311 0.925352 -0.087939
58 0.404117 0.901326 -0.074214
59 0.384095 0.885041 -0.064011
Frame 212
30 0.354906 0.864685 -0.054314
31 0.325466 0.851578 -0.050634
32 0.300261 0.843084 -0.053945
33 0.271706 0.837326 -0.062987
34 0.246094 0.829976 -0.075966
35 0.215934 0.829304 -0.086767
36 0.191068 0.831104 -0.102004
37 0.159547 0.829674 -0.129573
38 0.145914 0.831261 -0.162077
39 0.142577 0.839964 -0.202756
40 0.151894 0.851336 -0.233826
41 0.164927 0.860878 -0.255949
42 0.182125 0.872662 -0.272899
43 0.202757 0.885455 -0.283811
44 0.232558 0.894638 -0.293144
45 0.257075 0.903271 -0.295912
46 0.284681 0.915123 -0.297409
47 0.317451 0.927850 -0.300179
48 0.341930 0.943035 -0.299011
49 0.367474 0.954545 -0.295110
50 0.399022 0.958708 -0.287323
51 0.420166 0.964707 -0.272546
52 0.438717 0.968520 -0.253001
53 0.455971 0.971925 -0.224402
54 0.470418 0.969982 -0.180183
55 0.464795 0.961283 -0.141106
56 0.450322 0.951601 -0.114324
57 0.424601 0.925824 -0.087007
58 0.402576 0.901770 -0.073285
59 0.382649 0.885389 -0.063130
Frame 213
30 0.353661 0.864794 -0.053695
31 0.324254 0.851581 -0.050184
32 0.299100 0.842991 -0.053654
33 0.270630 0.837133 -0.062897
34 0.245189 0.829655 -0.076106
35 0.215073 0.828869 -0.087126
36 0.190344 0.830548 -0.102506
37 0.159073 0.828754 -0.130127
38 0.145554 0.830236 -0.162655
39 0.142333 0.838846 -0.203283
40 0.151672 0.850234 -0.234266
41 0.164752 0.859844 -0.256322
42 0.181951 0.871716 -0.273177
43 0.202566 0.884606 -0.283990
44 0.232359 0.893933 -0.293174
45 0.256846 0.902688 -0.295824
46 0.284395 0.914680 -0.297189
47 0.317109 0.927576 -0.299803
48 0.341505 0.942891 -0.298523
49 0.366969 0.954528 -0.294501
50 0.398441 0.958856 -0.286545
51 0.419446 0.964971 -0.271645
52 0.437805 0.968880 -0.252002
53 0.454800 0.972421 -0.223300
54 0.468964 0.970569 -0.179011
55 0.463145 0.961805 -0.139959
56 0.448567 0.952006 -0.113322
57 0.423012 0.926190 -0.086138
58 0.401157 0.902099 -0.072436
59 0.381331 0.885625 -0.062338
Frame 214
30 0.352519 0.864782 -0.053159
31 0.323155 0.851456 -0.049818
32 0.298055 0.842771 -0.053450
33 0.269676 0.836813 -0.062905
34 0.244417 0.829209 -0.076358
35 0.214349 0.828311 -0.087605
36 0.189767 0.829855 -0.103124
37 0.158749 0.827689 -0.130774
38 0.145329 0.829080 -0.163315
39 0.142217 0.837607 -0.203886
40 0.151570 0.849021 -0.234778
41 0.164692 0.858712 -0.256763
42 0.181884 0.870682 -0.273519
43 0.202482 0.883677 -0.284232
44 0.232264 0.893155 -0.293267
45 0.256716 0.902038 -0.295796
46 0.284203 0.914175 -0.297026
47 0.316858 0.927248 -0.299483
48 0.341167 0.942698 -0.298088
49 0.366548 0.954463 -0.293944
50 0.397943 0.958960 -0.285822
51 0.418812 0.965193 -0.270800
52 0.436981 0.969194 -0.251058
53 0.453723 0.972859 -0.222244
54 0.467605 0.971080 -0.177871
55 0.461586 0.962237 -0.138844
56 0.446899 0.952306 -0.112360
57 0.421503 0.926446 -0.085325
58 0.399819 0.902310 -0.071658
59 0.380102 0.885742 -0.061626
Frame 215
30 0.351439 0.864635 -0.052701
31 0.322126 0.851187 -0.049536
32 0.297086 0.842406 -0.053336
33 0.268808 0.836348 -0.063016
34 0.243743 0.828615 -0.076729
35 0.213730 0.827603 -0.088215
36 0.189309 0.828999 -0.103870
37 0.158545 0.826449 -0.131527
38 0.145208 0.827765 -0.164074
39 0.142202 0.836220 -0.204581
40 0.151564 0.847673 -0.235373
41 0.164724 0.857455 -0.257286
42 0.181907 0.869536 -0.273938
43 0.202480 0.882643 -0.284545
44 0.232249 0.892284 -0.293428
45 0.256663 0.901304 -0.295832
46 0.284084 0.913593 -0.296925
47 0.316675 0.926852 -0.299218
48 0.340890 0.942441 -0.297704
49 0.366183 0.954343 -0.293433
50 0.397499 0.959016 -0.285143
51 0.418230 0.965365 -0.269997
52 0.436209 0.969456 -0.250156
53 0.452697 0.973237 -0.221224
54 0.466294 0.971515 -0.176763
55 0.460070 0.962577 -0.137763
56 0.445269 0.952504 -0.111435
57 0.420033 0.926588 -0.084561
58 0.398523 0.902397 -0.070943
59 0.378922 0.885729 -0.060988
Frame 216
30 0.350378 0.864340 -0.052317
31 0.321124 0.850759 -0.049336
32 0.296151 0.841878 -0.053314
33 0.267988 0.835719 -0.063233
34 0.243135 0.827856 -0.077225
35 0.213187 0.826725 -0.088963
36 0.188941 0.827958 -0.104755
37 0.158434 0.825005 -0.132402
38 0.145162 0.826263 -0.164943
39 0.142261 0.834656 -0.205382
40 0.151629 0.846162 -0.236068
41 0.164824 0.856051 -0.257901
42 0.181992 0.868255 -0.274443
43 0.202540 0.881486 -0.284938
44 0.232291 0.891303 -0.293661
45 0.256663 0.900467 -0.295936
46 0.284013 0.912918 -0.296883
47 0.316532 0.926374 -0.299005
48 0.340646 0.942110 -0.297364
49 0.365845 0.954158 -0.292960
50 0.397079 0.959013 -0.284498
51 0.417667 0.965479 -0.269223
52 0.435454 0.969656 -0.249282
53 0.451683 0.973545 -0.220231
54 0.464984 0.971871 -0.175680
55 0.458548 0.962826 -0.136713
56 0.443632 0.952599 -0.110543
57 0.418559 0.926613 -0.083840
58 0.397226 0.902351 -0.070285
59 0.377751 0.885578 -0.060417
Frame 217
30 0.349293 0.863881 -0.052001
31 0.320109 0.850156 -0.049215
32 0.295210 0.841169 -0.053384
33 0.267181 0.834907 -0.063563
34 0.242560 0.826909 -0.077857
35 0.212689 0.825653 -0.089862
36 0.188635 0.826706 -0.105791
37 0.158386 0.823333 -0.133412
38 0.145162 0.824547 -0.165939
39 0.142370 0.832888 -0.206305
40 0.151741 0.844464 -0.236874
41 0.164968 0.854475 -0.258620
42 0.182120 0.866816 -0.275044
43 0.202638 0.880182 -0.285420
44 0.232369 0.890189 -0.293973
45 0.256693 0.899509 -0.296110
46 0.283965 0.912135 -0.296903
47 0.316405 0.925802 -0.298843
48 0.340410 0.941694 -0.297064
49 0.365508 0.953896 -0.292518
50 0.396653 0.958944 -0.283875
51 0.417093 0.965527 -0.268467
52 0.434679 0.969786 -0.248426
53 0.450637 0.973776 -0.219254
54 0.463627 0.972146 -0.174621
55 0.456972 0.962982 -0.135696
56 0.441943 0.952590 -0.109680
57 0.417040 0.926516 -0.083154
58 0.395889 0.902169 -0.069676
59 0.376546 0.885281 -0.059907
Frame 218
30 0.348162 0.863245 -0.051731
31 0.319059 0.849360 -0.049154
32 0.294241 0.840261 -0.053528
33 0.266364 0.833893 -0.063986
34 0.241996 0.825756 -0.078605
35 0.212216 0.824368 -0.090896
36 0.188374 0.825216 -0.106966
37 0.158387 0.821410 -0.134546
38 0.145193 0.822598 -0.167050
39 0.142514 0.830904 -0.207338
40 0.151887 0.842570 -0.237778
41 0.165142 0.852722 -0.259429
42 0.182274 0.865219 -0.275723
43 0.202756 0.878734 -0.285968
44 0.232463 0.888951 -0.294340
45 0.256734 0.898440 -0.296329
46 0.283919 0.911253 -0.296955
47 0.316271 0.925147 -0.298699
48 0.340157 0.941208 -0.296771
49 0.365143 0.953574 -0.292072
50 0.396195 0.958826 -0.283238
51 0.416476 0.965527 -0.267688
52 0.433851 0.969862 -0.247543
53 0.449524 0.973944 -0.218256
54 0.462188 0.972352 -0.173558
55 0.455306 0.963049 -0.134682
56 0.440164 0.952473 -0.108815
57 0.415443 0.926292 -0.082474
58 0.394483 0.901842 -0.069087
59 0.375282 0.884825 -0.059429
Frame 219
30 0.347003 0.862454 -0.051479
31 0.317989 0.848393 -0.049125
32 0.293261 0.839175 -0.053716
33 0.265550 0.832698 -0.064469
34 0.241453 0.824421 -0.079432
35 0.211775 0.822893 -0.092026
36 0.188163 0.823513 -0.108242
37 0.158445 0.819274 -0.135764
38 0.145265 0.820450 -0.168238
39 0.142699 0.828740 -0.208442
40 0.152072 0.840518 -0.238741
41 0.165352 0.850830 -0.260291
42 0.182458 0.863496 -0.276445
43 0.202900 0.877176 -0.286549
44 0.232575 0.887620 -0.294729
45 0.256787 0.897289 -0.296562
46 0.283878 0.910302 -0.297009
47 0.316132 0.924438 -0.298546
48 0.339889 0.940676 -0.296456
49 0.364754 0.953217 -0.291593
50 0.395704 0.958682 -0.282561
51 0.415822 0.965499 -0.266863
52 0.432977 0.969904 -0.246611
53 0.448353 0.974071 -0.217214
54 0.460683 0.972509 -0.172467
55 0.453570 0.963045 -0.133652
56 0.438316 0.952259 -0.107923
57 0.413789 0.925953 -0.081774
58 0.393026 0.901383 -0.068492
59 0.373978 0.884229 -0.058959
Frame 220
30 0.345835 0.861545 -0.051243
31 0.316918 0.847298 -0.049120
32 0.292285 0.837955 -0.053937
33 0.264751 0.831363 -0.064995
34 0.240938 0.822947 -0.080313
35 0.211375 0.821275 -0.093226
36 0.188013 0.821642 -0.109590
37 0.158563 0.816979 -0.137042
38 0.145384 0.818155 -0.169477
39 0.142934 0.826443 -0.209595
40 0.152304 0.838346 -0.239746
41 0.165606 0.848831 -0.261188
42 0.182682 0.861681 -0.277197
43 0.203077 0.875534 -0.287152
44 0.232716 0.886217 -0.295133
45 0.256863 0.896076 -0.296803
46 0.283853 0.909298 -0.297065
47 0.316001 0.923688 -0.298384
48 0.339620 0.940109 -0.296124
49 0.364356 0.952830 -0.291091
50 0.395200 0.958514 -0.281855
51 0.415147 0.965447 -0.266004
52 0.432078 0.969918 -0.245644
53 0.447150 0.974160 -0.216142
54 0.459139 0.972622 -0.171361
55 0.451793 0.962987 -0.132613
56 0.436429 0.951970 -0.107013
57 0.412104 0.925522 -0.081059
58 0.391545 0.900824 -0.067893
59 0.372658 0.883526 -0.058495
Frame 221
30 0.344678 0.860555 -0.051017
31 0.315864 0.846115 -0.049129
32 0.291332 0.836643 -0.054176
33 0.263982 0.829934 -0.065544
34 0.240459 0.821377 -0.081226
35 0.211023 0.819556 -0.094468
36 0.187929 0.819652 -0.110985
37 0.158747 0.814581 -0.138355
38 0.145556 0.815763 -0.170745
39 0.143225 0.824059 -0.210777
40 0.152592 0.836097 -0.240772
41 0.165911 0.846763 -0.262103
42 0.182954 0.859802 -0.277964
43 0.203299 0.873834 -0.287767
44 0.232896 0.884766 -0.295544
45 0.256973 0.894819 -0.297046
46 0.283854 0.908256 -0.297118
47 0.315890 0.922904 -0.298215
48 0.339366 0.939512 -0.295781
49 0.363967 0.952418 -0.290573
50 0.394698 0.958327 -0.281129
51 0.414471 0.965374 -0.265124
52 0.431174 0.969907 -0.244655
53 0.445937 0.974221 -0.215054
54 0.457583 0.972700 -0.170248
55 0.450006 0.962889 -0.131575
56 0.434537 0.951628 -0.106094
57 0.410420 0.925028 -0.080334
58 0.390067 0.900194 -0.067290
59 0.371342 0.882749 -0.058035
Frame 222
30 0.343552 0.859524 -0.050797
31 0.314845 0.844888 -0.049145
32 0.290417 0.835283 -0.054422
33 0.263252 0.828454 -0.066098
34 0.240022 0.819755 -0.082144
35 0.210727 0.817781 -0.095723
36 0.187917 0.817592 -0.112399
37 0.159001 0.812132 -0.139676
38 0.145786 0.813324 -0.172014
39 0.143577 0.821633 -0.211962
40 0.152942 0.833809 -0.241800
41 0.166273 0.844658 -0.263019
42 0.183280 0.857888 -0.278733
43 0.203570 0.872102 -0.288382
44 0.233122 0.883285 -0.295954
45 0.257128 0.893534 -0.297288
46 0.283895 0.907188 -0.297167
47 0.315815 0.922097 -0.298041
48 0.339141 0.938895 -0.295431
49 0.363603 0.951986 -0.290049
50 0.394220 0.958121 -0.280395
51 0.413813 0.965282 -0.264237
52 0.430290 0.969877 -0.243659
53 0.444742 0.974257 -0.213964
54 0.456045 0.972753 -0.169140
55 0.448239 0.962768 -0.130545
56 0.432674 0.951255 -0.105173
57 0.408765 0.924496 -0.079603
58 0.388617 0.899524 -0.066686
59 0.370056 0.881932 -0.057576
Frame 223
30 0.342478 0.858489 -0.050576
31 0.313878 0.843658 -0.049159
32 0.289556 0.833918 -0.054661
33 0.262573 0.826963 -0.066639
34 0.239633 0.818124 -0.083043
35 0.210492 0.815994 -0.096965
36 0.187978 0.815512 -0.113804
37 0.159322 0.809685 -0.140981
38 0.146079 0.810885 -0.173263
39 0.143994 0.819212 -0.213130
40 0.153361 0.831520 -0.242809
41 0.166699 0.842550 -0.263919
42 0.183669 0.855968 -0.279490
43 0.203903 0.870363 -0.288987
44 0.233407 0.881796 -0.296355
45 0.257336 0.892240 -0.297522
46 0.283988 0.906110 -0.297212
47 0.315788 0.921279 -0.297864
48 0.338962 0.938263 -0.295082
49 0.363282 0.951540 -0.289526
50 0.393781 0.957902 -0.279665
51 0.413195 0.965177 -0.263354
52 0.429447 0.969833 -0.242670
53 0.443591 0.974276 -0.212885
54 0.454551 0.972789 -0.168049
55 0.446526 0.962641 -0.129533
56 0.430871 0.950877 -0.104258
57 0.407168 0.923956 -0.078871
58 0.387223 0.898847 -0.066080
59 0.368822 0.881110 -0.057118
Frame 224
30 0.341475 0.857491 -0.050352
31 0.312980 0.842469 -0.049162
32 0.288763 0.832591 -0.054880
33 0.261957 0.825506 -0.067148
34 0.239296 0.816527 -0.083896
35 0.210320 0.814239 -0.098162
36 0.188114 0.813460 -0.115169
37 0.159711 0.807293 -0.142242
38 0.146437 0.808497 -0.174467
39 0.144481 0.816840 -0.214258
40 0.153855 0.829270 -0.243782
41 0.167194 0.840474 -0.264784
42 0.184126 0.854070 -0.280221
43 0.204302 0.868641 -0.289571
44 0.233757 0.880318 -0.296741
45 0.257610 0.890954 -0.297745
46 0.284145 0.905035 -0.297251
47 0.315824 0.920458 -0.297687
48 0.338846 0.937625 -0.294738
49 0.363025 0.951085 -0.289014
50 0.393403 0.957670 -0.278949
51 0.412639 0.965061 -0.262492
52 0.428670 0.969780 -0.241703
53 0.442512 0.974288 -0.211832
54 0.453135 0.972819 -0.166984
55 0.444898 0.962529 -0.128545
56 0.429165 0.950517 -0.103355
57 0.405661 0.923435 -0.078142
58 0.385911 0.898194 -0.065474
59 0.367664 0.880318 -0.056658
Frame 225
30 0.340558 0.856554 -0.050120
31 0.312164 0.841351 -0.049148
32 0.288048 0.831332 -0.055070
33 0.261410 0.824114 -0.067610
34 0.239012 0.814991 -0.084686
35 0.210212 0.812541 -0.099293
36 0.188314 0.811472 -0.116472
37 0.160160 0.804993 -0.143438
38 0.146860 0.806194 -0.175607
39 0.145037 0.814547 -0.215328
40 0.154424 0.827085 -0.244704
41 0.167759 0.838448 -0.265604
42 0.184655 0.852213 -0.280916
43 0.204775 0.866950 -0.290127
44 0.234178 0.878863 -0.297106
45 0.257954 0.889684 -0.297954
46 0.284374 0.903970 -0.297283
47 0.315931 0.919638 -0.297512
48 0.338803 0.936983 -0.294406
49 0.362842 0.950621 -0.288520
50 0.393099 0.957428 -0.278258
51 0.412160 0.964935 -0.261661
52 0.427976 0.969722 -0.240768
53 0.441524 0.974293 -0.210817
54 0.451817 0.972849 -0.165954
55 0.443380 0.962438 -0.127587
56 0.427578 0.950197 -0.102472
57 0.404263 0.922957 -0.077418
58 0.384703 0.897589 -0.064869
59 0.366598 0.879580 -0.056194
Frame 226
30 0.339716 0.855663 -0.049879
31 0.311421 0.840280 -0.049113
32 0.287402 0.830122 -0.055228
33 0.260924 0.822766 -0.068026
34 0.238779 0.813494 -0.085411
35 0.210159 0.810879 -0.100354
36 0.188570 0.809528 -0.117703
37 0.160657 0.802761 -0.144567
38 0.147342 0.803946 -0.176679
39 0.145651 0.812303 -0.216338
40 0.155055 0.824940 -0.245574
41 0.168384 0.836449 -0.266376
42 0.185242 0.850370 -0.281571
43 0.205305 0.865265 -0.290650
44 0.234656 0.877406 -0.297447
45 0.258355 0.888407 -0.298145
46 0.284658 0.902893 -0.297307
47 0.316095 0.918800 -0.297338
48 0.338817 0.936318 -0.294084
49 0.362716 0.950131 -0.288045
50 0.392852 0.957158 -0.277593
51 0.411740 0.964781 -0.260861
52 0.427348 0.969642 -0.239869
53 0.440609 0.974281 -0.209837
54 0.450581 0.972866 -0.164957
55 0.441954 0.962355 -0.126657
56 0.426092 0.949896 -0.101608
57 0.402957 0.922503 -0.076703
58 0.383581 0.897016 -0.064266
59 0.365613 0.878878 -0.055727
Frame 227
30 0.338933 0.854784 -0.049629
31 0.310736 0.839227 -0.049060
32 0.286812 0.828926 -0.055358
33 0.260492 0.821427 -0.068398
34 0.238592 0.812003 -0.086078
35 0.210159 0.809217 -0.101350
36 0.188879 0.807595 -0.118864
37 0.161198 0.800552 -0.145628
38 0.147871 0.801710 -0.177689
39 0.146313 0.810063 -0.217288
40 0.155734 0.822789 -0.246393
41 0.169053 0.834434 -0.267101
42 0.185870 0.848501 -0.282188
43 0.205875 0.863550 -0.291142
44 0.235172 0.875914 -0.297763
45 0.258793 0.887092 -0.298318
46 0.284978 0.901774 -0.297321
47 0.316294 0.917916 -0.297164
48 0.338865 0.935605 -0.293770
49 0.362625 0.949592 -0.287585
50 0.392639 0.956838 -0.276948
51 0.411354 0.964582 -0.260090
52 0.426758 0.969521 -0.239000
53 0.439740 0.974229 -0.208892
54 0.449398 0.972851 -0.163991
55 0.440591 0.962256 -0.125753
56 0.424678 0.949588 -0.100764
57 0.401720 0.922047 -0.075997
58 0.382526 0.896444 -0.063665
59 0.364689 0.878183 -0.055257
Frame 228
30 0.338194 0.853888 -0.049368
31 0.310095 0.838157 -0.048988
32 0.286268 0.827711 -0.055461
33 0.260107 0.820065 -0.068730
34 0.238450 0.810482 -0.086693
35 0.210209 0.807524 -0.102280
36 0.189236 0.805639 -0.119954
37 0.161778 0.798325 -0.146622
38 0.148440 0.799442 -0.178634
39 0.147010 0.807784 -0.218179
40 0.156446 0.820591 -0.247160
41 0.169749 0.832362 -0.267779
42 0.186523 0.846571 -0.282763
43 0.206469 0.861771 -0.291601
44 0.235707 0.874355 -0.298054
45 0.259247 0.885708 -0.298472
46 0.285314 0.900586 -0.297324
47 0.316505 0.916961 -0.296988
48 0.338925 0.934821 -0.293462
49 0.362544 0.948981 -0.287139
50 0.392434 0.956449 -0.276325
51 0.410978 0.964318 -0.259344
52 0.426182 0.969340 -0.238161
53 0.438889 0.974122 -0.207976
54 0.448239 0.972783 -0.163053
55 0.439261 0.962116 -0.124872
56 0.423305 0.949248 -0.099938
57 0.400525 0.921562 -0.075301
58 0.381514 0.895848 -0.063066
59 0.363806 0.877467 -0.054784
Frame 229
30 0.337483 0.852943 -0.049098
31 0.309487 0.837037 -0.048897
32 0.285758 0.826442 -0.055538
33 0.259760 0.818644 -0.069026
34 0.238351 0.808901 -0.087259
35 0.210305 0.805767 -0.103147
36 0.189641 0.803626 -0.120973
37 0.162396 0.796036 -0.147549
38 0.149041 0.797097 -0.179518
39 0.147731 0.805420 -0.219010
40 0.157174 0.818301 -0.247875
41 0.170460 0.830195 -0.268412
42 0.187186 0.844540 -0.283298
43 0.207067 0.859890 -0.292025
44 0.236242 0.872695 -0.298318
45 0.259699 0.884225 -0.298606
46 0.285643 0.899300 -0.297313
47 0.316705 0.915909 -0.296807
48 0.338971 0.933940 -0.293158
49 0.362448 0.948277 -0.286703
50 0.392211 0.955971 -0.275718
51 0.410585 0.963968 -0.258620
52 0.425590 0.969078 -0.237347
53 0.438027 0.973939 -0.207089
54 0.447076 0.972641 -0.162141
55 0.437933 0.961915 -0.124014
56 0.421944 0.948847 -0.099132
57 0.399346 0.921020 -0.074616
58 0.380522 0.895200 -0.062472
59 0.362948 0.876701 -0.054308
Frame 230
30 0.336784 0.851920 -0.048816
31 0.308896 0.835836 -0.048789
32 0.285271 0.825087 -0.055588
33 0.259445 0.817131 -0.069288
34 0.238290 0.807225 -0.087781
35 0.210444 0.803915 -0.103954
36 0.190088 0.801525 -0.121923
37 0.163048 0.793642 -0.148411
38 0.149666 0.794634 -0.180340
39 0.148466 0.802926 -0.219781
40 0.157907 0.815877 -0.248538
41 0.171170 0.827892 -0.268997
42 0.187842 0.842373 -0.283792
43 0.207653 0.857872 -0.292415
44 0.236758 0.870901 -0.298555
45 0.260128 0.882611 -0.298718
46 0.285944 0.897886 -0.297289
47 0.316873 0.914733 -0.296621
48 0.338980 0.932938 -0.292856
49 0.362311 0.947456 -0.286276
50 0.391946 0.955381 -0.275126
51 0.410148 0.963511 -0.257916
52 0.424957 0.968715 -0.236558
53 0.437126 0.973659 -0.206227
54 0.445878 0.972406 -0.161251
55 0.436579 0.961625 -0.123176
56 0.420566 0.948358 -0.098347
57 0.398160 0.920394 -0.073944
58 0.379529 0.894469 -0.061881
59 0.362094 0.875855 -0.053830
Frame 231
30 0.336082 0.850787 -0.048523
31 0.308311 0.834520 -0.048661
32 0.284797 0.823611 -0.055616
33 0.259153 0.815493 -0.069519
34 0.238266 0.805423 -0.088264
35 0.210623 0.801935 -0.104700
36 0.190577 0.799301 -0.122802
37 0.163732 0.791104 -0.149208
38 0.150306 0.792007 -0.181102
39 0.149203 0.800261 -0.220494
40 0.158629 0.813278 -0.249148
41 0.171864 0.825412 -0.269537
42 0.188476 0.840032 -0.284246
43 0.208210 0.855684 -0.292770
44 0.237238 0.868942 -0.298763
45 0.260516 0.880837 -0.298807
46 0.286198 0.896316 -0.297248
47 0.316986 0.913407 -0.296426
48 0.338929 0.931793 -0.292553
49 0.362109 0.946495 -0.285853
50 0.391613 0.954661 -0.274545
51 0.409642 0.962929 -0.257229
52 0.424254 0.968230 -0.235789
53 0.436157 0.973264 -0.205386
54 0.444616 0.972055 -0.160381
55 0.435168 0.961221 -0.122357
56 0.419139 0.947751 -0.097581
57 0.396940 0.919653 -0.073286
58 0.378513 0.893629 -0.061296
59 0.361223 0.874900 -0.053349
Frame 232
30 0.335360 0.849513 -0.048218
31 0.307717 0.833055 -0.048514
32 0.284324 0.821983 -0.055619
33 0.258878 0.813696 -0.069723
34 0.238278 0.803462 -0.088713
35 0.210840 0.799798 -0.105389
36 0.191108 0.796920 -0.123613
37 0.164446 0.788382 -0.149941
38 0.150957 0.789173 -0.181804
39 0.149933 0.797381 -0.221146
40 0.159326 0.810458 -0.249706
41 0.172529 0.822717 -0.270031
42 0.189071 0.837479 -0.284656
43 0.208719 0.853291 -0.293089
44 0.237662 0.866784 -0.298941
45 0.260842 0.878870 -0.298872
46 0.286383 0.894562 -0.297190
47 0.317021 0.911906 -0.296222
48 0.338793 0.930477 -0.292246
49 0.361816 0.945373 -0.285435
50 0.391186 0.953786 -0.273974
51 0.409039 0.962200 -0.256555
52 0.423455 0.967603 -0.235039
53 0.435090 0.972731 -0.204566
54 0.443260 0.971565 -0.159529
55 0.433670 0.960676 -0.121555
56 0.417635 0.946997 -0.096837
57 0.395660 0.918771 -0.072644
58 0.377450 0.892651 -0.060716
59 0.360319 0.873806 -0.052866
Frame 233
30 0.334610 0.848079 -0.047900
31 0.307106 0.831423 -0.048348
32 0.283849 0.820179 -0.055598
33 0.258617 0.811720 -0.069898
34 0.238325 0.801324 -0.089127
35 0.211085 0.797481 -0.106021
36 0.191669 0.794364 -0.124356
37 0.165185 0.785453 -0.150608
38 0.151613 0.786111 -0.182445
39 0.150650 0.794260 -0.221738
40 0.159991 0.807397 -0.250209
41 0.173156 0.819784 -0.270477
42 0.189618 0.834695 -0.285024
43 0.209173 0.850671 -0.293370
44 0.238020 0.864411 -0.299088
45 0.261094 0.876695 -0.298911
46 0.286486 0.892608 -0.297112
47 0.316967 0.910213 -0.296006
48 0.338557 0.928978 -0.291935
49 0.361419 0.944073 -0.285018
50 0.390648 0.952746 -0.273411
51 0.408325 0.961311 -0.255894
52 0.422543 0.966819 -0.234304
53 0.433910 0.972045 -0.203760
54 0.441797 0.970919 -0.158690
55 0.432069 0.959971 -0.120766
56 0.416038 0.946070 -0.096114
57 0.394309 0.917724 -0.072018
58 0.376329 0.891512 -0.060144
59 0.359371 0.872554 -0.052381
Frame 234
30 0.333857 0.846505 -0.047567
31 0.306503 0.829646 -0.048159
32 0.283390 0.818228 -0.055549
33 0.258385 0.809594 -0.070040
34 0.238415 0.799038 -0.089501
35 0.211363 0.795017 -0.106592
36 0.192259 0.791669 -0.125023
37 0.165945 0.782367 -0.151202
38 0.152283 0.782870 -0.183016
39 0.151363 0.790951 -0.222261
40 0.160636 0.804144 -0.250651
41 0.173758 0.816663 -0.270869
42 0.190132 0.831725 -0.285342
43 0.209587 0.847869 -0.293606
44 0.238330 0.861859 -0.299198
45 0.261295 0.874346 -0.298920
46 0.286531 0.890483 -0.297012
47 0.316847 0.908355 -0.295774
48 0.338252 0.927314 -0.291616
49 0.360949 0.942616 -0.284599
50 0.390036 0.951552 -0.272854
51 0.407536 0.960271 -0.255243
52 0.421557 0.965886 -0.233586
53 0.432659 0.971211 -0.202974
54 0.440269 0.970120 -0.157866
55 0.430410 0.959106 -0.119993
56 0.414390 0.944982 -0.095416
57 0.392923 0.916525 -0.071412
58 0.375182 0.890229 -0.059578
59 0.358406 0.871162 -0.051893
Frame 235
30 0.333132 0.844820 -0.047218
31 0.305933 0.827759 -0.047945
32 0.282972 0.816169 -0.055467
33 0.258201 0.807362 -0.070140
34 0.238561 0.796655 -0.089821
35 0.211682 0.792456 -0.107089
36 0.192884 0.788888 -0.125604
37 0.166730 0.779188 -0.151713
38 0.152972 0.779520 -0.183511
39 0.152082 0.787527 -0.222708
40 0.161278 0.800772 -0.251026
41 0.174352 0.813421 -0.271199
42 0.190635 0.828633 -0.285603
43 0.209984 0.844943 -0.293793
44 0.238619 0.859182 -0.299266
45 0.261472 0.871872 -0.298894
46 0.286552 0.888232 -0.296885
47 0.316701 0.906368 -0.295525
48 0.337918 0.925521 -0.291286
49 0.360450 0.941027 -0.284178
50 0.389394 0.950226 -0.272302
51 0.406721 0.959097 -0.254603
52 0.420549 0.964815 -0.232886
53 0.431390 0.970240 -0.202206
54 0.438732 0.969180 -0.157064
55 0.428748 0.958095 -0.119241
56 0.412743 0.943747 -0.094746
57 0.391549 0.915197 -0.070828
58 0.374050 0.888826 -0.059020
59 0.357463 0.869655 -0.051403
Frame 236
30 0.332468 0.843055 -0.046852
31 0.305425 0.825798 -0.047703
32 0.282619 0.814040 -0.055348
33 0.258084 0.805068 -0.070192
34 0.238776 0.794218 -0.090078
35 0.212054 0.789849 -0.107499
36 0.193550 0.786075 -0.126086
37 0.167545 0.775979 -0.152134
38 0.153690 0.776129 -0.183921
39 0.152819 0.784058 -0.223074
40 0.161931 0.797348 -0.251325
41 0.174957 0.810124 -0.271461
42 0.191146 0.825482 -0.285802
43 0.210390 0.841952 -0.293924
44 0.238915 0.856433 -0.299288
45 0.261657 0.869319 -0.298829
46 0.286580 0.885896 -0.296728
47 0.316564 0.904289 -0.295255
48 0.337597 0.923631 -0.290944
49 0.359966 0.939334 -0.283753
50 0.388772 0.948789 -0.271757
51 0.405931 0.957808 -0.253974
52 0.419570 0.963623 -0.232202
53 0.430159 0.969142 -0.201460
54 0.437243 0.968110 -0.156287
55 0.427138 0.956953 -0.118516
56 0.411154 0.942385 -0.094107
57 0.390239 0.913760 -0.070264
58 0.372977 0.887327 -0.058471
59 0.356581 0.868059 -0.050910
Frame 237
30 0.331899 0.841241 -0.046467
31 0.305012 0.823798 -0.047431
32 0.282357 0.811881 -0.055188
33 0.258057 0.802753 -0.070188
34 0.239069 0.791773 -0.090259
35 0.212490 0.787243 -0.107814
36 0.194262 0.783282 -0.126463
37 0.168392 0.772804 -0.152459
38 0.154444 0.772765 -0.184236
39 0.153582 0.780613 -0.223352
40 0.162610 0.793944 -0.251545
41 0.175586 0.806838 -0.271648
42 0.191685 0.822332 -0.285933
43 0.210826 0.838954 -0.293993
44 0.239244 0.853665 -0.299259
45 0.261876 0.866735 -0.298721
46 0.286649 0.883518 -0.296537
47 0.316474 0.902155 -0.294963
48 0.337331 0.921674 -0.290587
49 0.359543 0.937565 -0.283322
50 0.388216 0.947263 -0.271215
51 0.405215 0.956420 -0.253356
52 0.418676 0.962324 -0.231536
53 0.429021 0.967931 -0.200738
54 0.435860 0.966920 -0.155541
55 0.425639 0.955695 -0.117823
56 0.409677 0.940914 -0.093501
57 0.389040 0.912236 -0.069725
58 0.372007 0.885756 -0.057932
59 0.355798 0.866403 -0.050414
Frame 238
30 0.331458 0.839407 -0.046062
31 0.304717 0.821793 -0.047126
32 0.282210 0.809730 -0.054983
33 0.258137 0.800459 -0.070121
34 0.239454 0.789364 -0.090355
35 0.213000 0.784687 -0.108020
36 0.195022 0.780561 -0.126720
37 0.169272 0.769720 -0.152681
38 0.155237 0.769495 -0.184454
39 0.154381 0.777262 -0.223538
40 0.163329 0.790626 -0.251678
41 0.176257 0.803628 -0.271754
42 0.192271 0.819247 -0.285989
43 0.211313 0.836006 -0.293996
44 0.239629 0.850928 -0.299173
45 0.262161 0.864169 -0.298565
46 0.286791 0.881141 -0.296308
47 0.316468 0.900001 -0.294644
48 0.337160 0.919683 -0.290213
49 0.359226 0.935748 -0.282884
50 0.387774 0.945669 -0.270676
51 0.404626 0.954952 -0.252746
52 0.417920 0.960932 -0.230887
53 0.428035 0.966619 -0.200041
54 0.434642 0.965624 -0.154829
55 0.424309 0.954336 -0.117167
56 0.408369 0.939358 -0.092932
57 0.388003 0.910648 -0.069210
58 0.371183 0.884139 -0.057402
59 0.355154 0.864713 -0.049916
Frame 239
30 0.331177 0.837582 -0.045636
31 0.304574 0.819817 -0.046785
32 0.282204 0.807624 -0.054729
33 0.258343 0.798229 -0.069985
34 0.239940 0.787034 -0.090356
35 0.213593 0.782229 -0.108109
36 0.195834 0.777962 -0.126850
37 0.170187 0.766788 -0.152791
38 0.156076 0.766385 -0.184565
39 0.155222 0.774073 -0.223624
40 0.164101 0.787462 -0.251720
41 0.176982 0.800558 -0.271773
42 0.192922 0.816285 -0.285966
43 0.211875 0.833165 -0.293925
44 0.240098 0.848273 -0.299028
45 0.262537 0.861666 -0.298359
46 0.287040 0.878804 -0.296038
47 0.316583 0.897864 -0.294297
48 0.337128 0.917693 -0.289820
49 0.359061 0.933909 -0.282435
50 0.387497 0.944028 -0.270139
51 0.404217 0.953421 -0.252146
52 0.417357 0.959464 -0.230254
53 0.427259 0.965219 -0.199368
54 0.433647 0.964236 -0.154156
55 0.423205 0.952893 -0.116552
56 0.407284 0.937735 -0.092400
57 0.387178 0.909020 -0.068721
58 0.370549 0.882500 -0.056883
59 0.354687 0.863017 -0.049415
Frame 240
30 0.331015 0.835787 -0.045190
31 0.304532 0.817893 -0.046411
32 0.282288 0.805589 -0.054425
33 0.258622 0.796088 -0.069778
34 0.240467 0.784811 -0.090258
35 0.214207 0.779897 -0.108075
36 0.196629 0.775519 -0.126849
37 0.171066 0.764046 -0.152790
38 0.156891 0.763480 -0.184569
39 0.156039 0.771094 -0.223612
40 0.164861 0.784502 -0.251669
41 0.177701 0.797675 -0.271702
42 0.193576 0.813492 -0.285860
43 0.212452 0.830474 -0.293780
44 0.240593 0.845740 -0.298819
45 0.262952 0.859263 -0.298099
46 0.287343 0.876545 -0.295727
47 0.316772 0.895775 -0.293921
48 0.337189 0.915729 -0.289405
49 0.359004 0.932076 -0.281975
50 0.387342 0.942365 -0.269603
51 0.403948 0.951850 -0.251553
52 0.416951 0.957938 -0.229636
53 0.426658 0.963749 -0.198720
54 0.432844 0.962771 -0.153521
55 0.422298 0.951383 -0.115978
56 0.406394 0.936065 -0.091903
57 0.386533 0.907368 -0.068252
58 0.370070 0.880856 -0.056371
59 0.354360 0.861330 -0.048909
Frame 241
30 0.330902 0.834006 -0.044729
31 0.304528 0.816003 -0.046007
32 0.282397 0.803602 -0.054079
33 0.258911 0.794014 -0.069507
34 0.240976 0.782667 -0.090071
35 0.214783 0.777662 -0.107930
36 0.197352 0.773197 -0.126725
37 0.171857 0.761452 -0.152684
38 0.157624 0.760736 -0.184472
39 0.156769 0.768282 -0.223505
40 0.165543 0.781701 -0.251529
41 0.178342 0.794938 -0.271546
42 0.194160 0.810832 -0.285677
43 0.212968 0.827900 -0.293566
44 0.241037 0.843302 -0.298552
45 0.263326 0.856936 -0.297791
46 0.287618 0.874342 -0.295377
47 0.316948 0.893720 -0.293520
48 0.337254 0.913783 -0.288974
49 0.358968 0.930240 -0.281509
50 0.387221 0.940676 -0.269076
51 0.403728 0.950237 -0.250974
52 0.416610 0.956358 -0.229040
53 0.426139 0.962214 -0.198100
54 0.432142 0.961237 -0.152926
55 0.421501 0.949813 -0.115445
56 0.405614 0.934347 -0.091439
57 0.385989 0.905686 -0.067806
58 0.369672 0.879199 -0.055869
59 0.354101 0.859640 -0.048403
Frame 242
30 0.330838 0.832223 -0.044259
31 0.304565 0.814123 -0.045579
32 0.282536 0.801637 -0.053694
33 0.259216 0.791971 -0.069179
34 0.241477 0.780566 -0.089806
35 0.215336 0.775482 -0.107687
36 0.198026 0.770945 -0.126493
37 0.172582 0.758950 -0.152477
38 0.158291 0.758093 -0.184276
39 0.157424 0.765570 -0.223307
40 0.166152 0.778995 -0.251302
41 0.178910 0.792286 -0.271309
42 0.194675 0.808245 -0.285420
43 0.213420 0.825387 -0.293286
44 0.241421 0.840909 -0.298234
45 0.263648 0.854641 -0.297443
46 0.287852 0.872157 -0.295000
47 0.317096 0.891666 -0.293104
48 0.337303 0.911826 -0.288538
49 0.358926 0.928380 -0.281049
50 0.387106 0.938947 -0.268568
51 0.403530 0.948575 -0.250423
52 0.416305 0.954719 -0.228478
53 0.425676 0.960614 -0.197522
54 0.431513 0.959632 -0.152383
55 0.420786 0.948182 -0.114962
56 0.404920 0.932580 -0.091018
57 0.385525 0.903969 -0.067392
58 0.369343 0.877517 -0.055386
59 0.353903 0.857937 -0.047905
Frame 243
30 0.330820 0.830422 -0.043785
31 0.304641 0.812232 -0.045132
32 0.282710 0.799666 -0.053276
33 0.259544 0.789928 -0.068799
34 0.241982 0.778470 -0.089471
35 0.215880 0.773316 -0.107358
36 0.198672 0.768716 -0.126166
37 0.173265 0.756482 -0.152176
38 0.158909 0.755486 -0.183984
39 0.158019 0.762894 -0.223017
40 0.166697 0.776319 -0.250990
41 0.179407 0.789655 -0.270994
42 0.195120 0.805672 -0.285095
43 0.213804 0.822880 -0.292946
44 0.241741 0.838509 -0.297872
45 0.263910 0.852334 -0.297061
46 0.288031 0.869950 -0.294601
47 0.317196 0.889580 -0.292683
48 0.337314 0.909829 -0.288107
49 0.358854 0.926474 -0.280607
50 0.386971 0.937162 -0.268091
51 0.403324 0.946852 -0.249912
52 0.416007 0.953017 -0.227963
53 0.425237 0.958946 -0.196999
54 0.430926 0.957958 -0.151899
55 0.420125 0.946490 -0.114540
56 0.404284 0.930755 -0.090650
57 0.385122 0.902205 -0.067019
58 0.369066 0.875801 -0.054931
59 0.353756 0.856207 -0.047423
Frame 244
30 0.330844 0.828586 -0.043315
31 0.304761 0.810309 -0.044670
32 0.282924 0.797662 -0.052829
33 0.259902 0.787854 -0.068374
34 0.242505 0.776343 -0.089078
35 0.216431 0.771122 -0.106957
36 0.199315 0.766461 -0.125757
37 0.173932 0.753991 -0.151786
38 0.159498 0.752854 -0.183600
39 0.158566 0.760189 -0.222637
40 0.167183 0.773609 -0.250596
41 0.179839 0.786983 -0.270604
42 0.195496 0.803052 -0.284703
43 0.214117 0.820323 -0.292551
44 0.241988 0.836058 -0.297469
45 0.264100 0.849970 -0.296652
46 0.288143 0.867684 -0.294189
47 0.317232 0.887431 -0.292265
48 0.337265 0.907766 -0.287693
49 0.358727 0.924501 -0.280193
50 0.386788 0.935307 -0.267658
51 0.403080 0.945057 -0.249457
52 0.415686 0.951245 -0.227511
53 0.424791 0.957210 -0.196544
54 0.430349 0.956217 -0.151488
55 0.419489 0.944737 -0.114187
56 0.403681 0.928870 -0.090346
57 0.384761 0.900388 -0.066699
58 0.368831 0.874038 -0.054514
59 0.353650 0.854438 -0.046965
Frame 245
30 0.330909 0.826699 -0.042852
31 0.304925 0.808330 -0.044199
32 0.283179 0.795599 -0.052357
33 0.260300 0.785715 -0.067911
34 0.243058 0.774150 -0.088637
35 0.217005 0.768860 -0.106495
36 0.199981 0.764132 -0.125279
37 0.174605 0.751422 -0.151310
38 0.160074 0.750136 -0.183124
39 0.159082 0.757390 -0.222169
40 0.167619 0.770798 -0.250119
41 0.180214 0.784207 -0.270142
42 0.195804 0.800327 -0.284249
43 0.214356 0.817662 -0.292108
44 0.242156 0.833502 -0.297034
45 0.264211 0.847504 -0.296223
46 0.288173 0.865319 -0.293772
47 0.317185 0.885185 -0.291859
48 0.337133 0.905610 -0.287304
49 0.358520 0.922437 -0.279817
50 0.386530 0.933365 -0.267280
51 0.402771 0.943181 -0.249068
52 0.415312 0.949397 -0.227132
53 0.424307 0.955403 -0.196170
54 0.429752 0.954404 -0.151158
55 0.418848 0.942920 -0.113915
56 0.403084 0.926917 -0.090116
57 0.384422 0.898506 -0.066443
58 0.368621 0.872219 -0.054143
59 0.353577 0.852616 -0.046538
Frame 246
30 0.331010 0.824743 -0.042404
31 0.305134 0.806274 -0.043722
32 0.283482 0.793451 -0.051866
33 0.260744 0.783480 -0.067415
34 0.243653 0.771856 -0.088157
35 0.217618 0.766491 -0.105985
36 0.200695 0.761682 -0.124745
37 0.175310 0.748721 -0.150753
38 0.160659 0.747273 -0.182559
39 0.159582 0.754433 -0.221614
40 0.168014 0.767825 -0.249561
41 0.180535 0.781267 -0.269610
42 0.196045 0.797438 -0.283736
43 0.214518 0.814840 -0.291618
44 0.242241 0.830796 -0.296571
45 0.264233 0.844894 -0.295780
46 0.288109 0.862817 -0.293357
47 0.317039 0.882810 -0.291474
48 0.336897 0.903331 -0.286950
49 0.358206 0.920259 -0.279492
50 0.386168 0.931322 -0.266970
51 0.402366 0.941213 -0.248759
52 0.414854 0.947467 -0.226842
53 0.423754 0.953520 -0.195892
54 0.429104 0.952521 -0.150922
55 0.418173 0.941041 -0.113732
56 0.402469 0.924888 -0.089970
57 0.384084 0.896552 -0.066260
58 0.368422 0.870331 -0.053828
59 0.353526 0.850729 -0.046150
Frame 247
30 0.331144 0.822705 -0.041976
31 0.305389 0.804120 -0.043245
32 0.283837 0.791190 -0.051360
33 0.261240 0.781117 -0.066894
34 0.244302 0.769425 -0.087647
35 0.218285 0.763975 -0.105440
36 0.201485 0.759063 -0.124169
37 0.176072 0.745835 -0.150120
38 0.161271 0.744202 -0.181907
39 0.160081 0.751256 -0.220970
40 0.168379 0.764625 -0.248925
41 0.180809 0.778101 -0.269012
42 0.196221 0.794327 -0.283167
43 0.214604 0.811805 -0.291087
44 0.242234 0.827888 -0.296085
45 0.264156 0.842096 -0.295330
46 0.287938 0.860139 -0.292952
47 0.316775 0.880274 -0.291120
48 0.336534 0.900903 -0.286643
49 0.357760 0.917944 -0.279228
50 0.385675 0.929160 -0.266738
51 0.401833 0.939140 -0.248546
52 0.414280 0.945449 -0.226656
53 0.423100 0.951559 -0.195722
54 0.428370 0.950564 -0.150790
55 0.417435 0.939094 -0.113651
56 0.401807 0.922780 -0.089920
57 0.383727 0.894512 -0.066162
58 0.368220 0.868362 -0.053578
59 0.353487 0.848764 -0.045812
Frame 248
30 0.331250 0.820577 -0.041576
31 0.305632 0.801857 -0.042777
32 0.284189 0.788803 -0.050848
33 0.261736 0.778609 -0.066356
34 0.244956 0.766841 -0.087122
35 0.218957 0.761293 -0.104876
36 0.202312 0.756249 -0.123570
37 0.176853 0.742736 -0.149422
38 0.161870 0.740894 -0.181179
39 0.160538 0.747829 -0.220248
40 0.168664 0.761168 -0.248215
41 0.180988 0.774683 -0.268355
42 0.196282 0.790973 -0.282551
43 0.214555 0.808538 -0.290524
44 0.242079 0.824767 -0.295585
45 0.263920 0.839098 -0.294879
46 0.287596 0.857280 -0.292563
47 0.316325 0.877574 -0.290800
48 0.335973 0.898325 -0.286384
49 0.357106 0.915499 -0.279027
50 0.384972 0.926890 -0.266588
51 0.401094 0.936975 -0.248427
52 0.413510 0.943354 -0.226573
53 0.422262 0.949535 -0.195661
54 0.427470 0.948549 -0.150762
55 0.416552 0.937088 -0.113671
56 0.401022 0.920594 -0.089968
57 0.383278 0.892390 -0.066153
58 0.367944 0.866309 -0.053399
59 0.353394 0.846716 -0.045528
Frame 249
30 0.331283 0.818408 -0.041200
31 0.305815 0.799540 -0.042320
32 0.284489 0.786351 -0.050338
33 0.262179 0.776021 -0.065816
34 0.245558 0.764174 -0.086597
35 0.219580 0.758519 -0.104311
36 0.203118 0.753324 -0.122970
37 0.177598 0.739513 -0.148693
38 0.162413 0.737447 -0.180410
39 0.160918 0.744256 -0.219483
40 0.168851 0.757560 -0.247463
41 0.181054 0.771121 -0.267665
42 0.196216 0.787483 -0.281910
43 0.214366 0.805144 -0.289944
44 0.241770 0.821531 -0.295079
45 0.263524 0.835996 -0.294432
46 0.287083 0.854327 -0.292187
47 0.315695 0.874793 -0.290504
48 0.335221 0.895675 -0.286160
49 0.356257 0.912992 -0.278869
50 0.384071 0.924572 -0.266492
51 0.400157 0.934773 -0.248374
52 0.412550 0.941236 -0.226558
53 0.421244 0.947494 -0.195675
54 0.426404 0.946516 -0.150805
55 0.415519 0.935065 -0.113760
56 0.400104 0.918378 -0.090083
57 0.382715 0.890229 -0.066208
58 0.367567 0.864220 -0.053274
59 0.353211 0.844633 -0.045287
Frame 250
30 0.331267 0.816266 -0.040842
31 0.305951 0.797246 -0.041876
32 0.284748 0.783917 -0.049836
33 0.262578 0.773446 -0.065286
34 0.246117 0.761520 -0.086083
35 0.220163 0.755755 -0.103759
36 0.203902 0.750400 -0.122384
37 0.178313 0.736292 -0.147961
38 0.162918 0.733993 -0.179634
39 0.161256 0.740675 -0.218710
40 0.168984 0.753937 -0.246702
41 0.181064 0.767549 -0.266971
42 0.196085 0.783984 -0.281268
43 0.214111 0.801745 -0.289366
44 0.241389 0.818293 -0.294578
45 0.263051 0.832895 -0.293994
46 0.286489 0.851378 -0.291823
47 0.314980 0.872020 -0.290223
48 0.334380 0.893034 -0.285955
49 0.355316 0.910499 -0.278734
50 0.383077 0.922273 -0.266424
51 0.399129 0.932594 -0.248352
52 0.411503 0.939145 -0.226578
53 0.420144 0.945485 -0.195723
54 0.425261 0.944515 -0.150880
55 0.414418 0.933071 -0.113879
56 0.399123 0.916189 -0.090228
57 0.382090 0.888092 -0.066294
58 0.367131 0.862153 -0.053177
59 0.352972 0.842575 -0.045072
Frame 251
30 0.331225 0.814217 -0.040492
31 0.306059 0.795048 -0.041443
32 0.284978 0.781585 -0.049348
33 0.262943 0.770975 -0.064772
34 0.246637 0.758972 -0.085588
35 0.220709 0.753101 -0.103231
36 0.204660 0.747587 -0.121832
37 0.178997 0.733193 -0.147258
38 0.163405 0.730664 -0.178887
39 0.161581 0.737219 -0.217962
40 0.169111 0.750440 -0.245965
41 0.181070 0.764100 -0.266299
42 0.195956 0.780609 -0.280648
43 0.213858 0.798465 -0.288808
44 0.241014 0.815169 -0.294094
45 0.262586 0.829903 -0.293568
46 0.285905 0.848533 -0.291469
47 0.314276 0.869346 -0.289950
48 0.333552 0.890488 -0.285754
49 0.354390 0.908096 -0.278599
50 0.382097 0.920058 -0.266354
51 0.398113 0.930496 -0.248328
52 0.410469 0.937136 -0.226593
53 0.419058 0.943554 -0.195768
54 0.424133 0.942591 -0.150947
55 0.413330 0.931155 -0.113991
56 0.398153 0.914085 -0.090367
57 0.381461 0.886038 -0.066379
58 0.366681 0.860168 -0.053083
59 0.352712 0.840604 -0.044863
Frame 252
30 0.331181 0.812327 -0.040143
31 0.306156 0.793023 -0.041022
32 0.285189 0.779434 -0.048881
33 0.263283 0.768697 -0.064287
34 0.247128 0.756625 -0.085125
35 0.221229 0.750657 -0.102739
36 0.205384 0.744996 -0.121325
37 0.179655 0.730336 -0.146611
38 0.163889 0.727589 -0.178201
39 0.161925 0.734024 -0.217276
40 0.169275 0.747203 -0.245285
41 0.181126 0.760910 -0.265680
42 0.195890 0.777485 -0.280074
43 0.213679 0.795427 -0.288288
44 0.240722 0.812274 -0.293636
45 0.262211 0.827129 -0.293161
46 0.285420 0.845892 -0.291124
47 0.313678 0.866862 -0.289674
48 0.332839 0.888121 -0.285542
49 0.353584 0.905859 -0.278446
50 0.381240 0.917994 -0.266254
51 0.397218 0.928540 -0.248270
52 0.409553 0.935262 -0.226568
53 0.418088 0.941753 -0.195770
54 0.423113 0.940793 -0.150966
55 0.412337 0.929366 -0.114057
56 0.397266 0.912125 -0.090463
57 0.380885 0.884127 -0.066430
58 0.366264 0.858329 -0.052967
59 0.352467 0.838783 -0.044642
Frame 253
30 0.331159 0.810661 -0.039785
31 0.306254 0.791243 -0.040610
32 0.285392 0.777548 -0.048437
33 0.263608 0.766702 -0.063837
34 0.247594 0.754571 -0.084700
35 0.221728 0.748519 -0.102296
36 0.206065 0.742736 -0.120878
37 0.180289 0.727839 -0.146051
38 0.164387 0.724897 -0.177611
39 0.162315 0.731225 -0.216685
40 0.169518 0.744365 -0.244696
41 0.181284 0.758111 -0.265141
42 0.195947 0.774743 -0.279570
43 0.213643 0.792758 -0.287825
44 0.240591 0.809722 -0.293217
45 0.262007 0.824680 -0.292779
46 0.285121 0.843557 -0.290788
47 0.313281 0.864660 -0.289389
48 0.332342 0.886019 -0.285304
49 0.353004 0.903866 -0.278252
50 0.380610 0.916149 -0.266098
51 0.396551 0.926789 -0.248144
52 0.408859 0.933581 -0.226465
53 0.417333 0.940131 -0.195689
54 0.422294 0.939171 -0.150901
55 0.411524 0.927752 -0.114038
56 0.396536 0.910369 -0.090479
57 0.380415 0.882424 -0.066413
58 0.365925 0.856696 -0.052804
59 0.352275 0.837172 -0.044391
Frame 254
30 0.331144 0.809275 -0.039416
31 0.306340 0.789764 -0.040209
32 0.285564 0.775985 -0.048021
33 0.263891 0.765055 -0.063426
34 0.248009 0.752874 -0.084316
35 0.222175 0.746756 -0.101902
36 0.206668 0.740873 -0.120489
37 0.180863 0.725776 -0.145586
38 0.164867 0.722670 -0.177130
39 0.162728 0.728905 -0.216203
40 0.169825 0.742012 -0.244211
41 0.181530 0.755790 -0.264693
42 0.196121 0.772466 -0.279145
43 0.213745 0.790536 -0.287424
44 0.240620 0.807592 -0.292840
45 0.261977 0.822631 -0.292422
46 0.285014 0.841598 -0.290458
47 0.313094 0.862808 -0.289089
48 0.332073 0.884248 -0.285036
49 0.352666 0.902182 -0.278011
50 0.380227 0.914582 -0.265873
51 0.396127 0.925296 -0.247936
52 0.408401 0.932142 -0.226272
53 0.416808 0.938739 -0.195512
54 0.421689 0.937776 -0.150736
55 0.410901 0.926368 -0.113921
56 0.395967 0.908873 -0.090401
57 0.380053 0.880986 -0.066312
58 0.365660 0.855326 -0.052581
59 0.352125 0.835828 -0.044101
Frame 255
30 0.331105 0.808150 -0.039034
31 0.306380 0.788567 -0.039812
32 0.285680 0.774721 -0.047622
33 0.264107 0.763723 -0.063043
34 0.248346 0.751502 -0.083958
35 0.222546 0.745327 -0.101541
36 0.207169 0.739365 -0.120140
37 0.181348 0.724100 -0.145193
38 0.165299 0.720855 -0.176732
39 0.163122 0.727011 -0.215805
40 0.170149 0.740088 -0.243806
41 0.181814 0.753891 -0.264312
42 0.196353 0.770601 -0.278776
43 0.213925 0.788713 -0.287069
44 0.240744 0.805840 -0.292492
45 0.262055 0.820944 -0.292082
46 0.285029 0.839981 -0.290130
47 0.313043 0.861277 -0.288774
48 0.331956 0.882782 -0.284739
49 0.352491 0.900784 -0.277727
50 0.380009 0.913277 -0.265590
51 0.395867 0.924050 -0.247660
52 0.408102 0.930937 -0.226003
53 0.416435 0.937572 -0.195255
54 0.421227 0.936605 -0.150493
55 0.410402 0.925212 -0.113726
56 0.395500 0.907633 -0.090244
57 0.379748 0.879805 -0.066142
58 0.365424 0.854212 -0.052307
59 0.351980 0.834739 -0.043774
Frame 256
30 0.331042 0.807252 -0.038637
31 0.306380 0.787610 -0.039413
32 0.285744 0.773709 -0.047232
33 0.264265 0.762657 -0.062674
34 0.248618 0.750400 -0.083615
35 0.222851 0.744177 -0.101200
36 0.207583 0.738150 -0.119815
37 0.181762 0.722741 -0.144849
38 0.165687 0.719377 -0.176394
39 0.163499 0.725464 -0.215469
40 0.170481 0.738516 -0.243459
41 0.182125 0.752337 -0.263981
42 0.196631 0.769074 -0.278450
43 0.214165 0.787217 -0.286746
44 0.240942 0.804397 -0.292163
45 0.262215 0.819554 -0.291749
46 0.285138 0.838647 -0.289799
47 0.313099 0.860011 -0.288442
48 0.331956 0.881568 -0.284415
49 0.352440 0.899625 -0.277407
50 0.379917 0.912195 -0.265258
51 0.395733 0.923014 -0.247325
52 0.407924 0.929933 -0.225670
53 0.416180 0.936597 -0.194933
54 0.420873 0.935631 -0.150185
55 0.409998 0.924254 -0.113466
56 0.395111 0.906613 -0.090021
57 0.379483 0.878849 -0.065909
58 0.365208 0.853319 -0.051988
59 0.351833 0.833871 -0.043415
Frame 257
30 0.330954 0.806540 -0.038221
31 0.306347 0.786848 -0.039005
32 0.285768 0.772901 -0.046842
33 0.264376 0.761804 -0.062309
34 0.248835 0.749514 -0.083274
35 0.223103 0.743248 -0.100866
36 0.207929 0.737165 -0.119500
37 0.182118 0.721632 -0.144537
38 0.166039 0.718165 -0.176095
39 0.163862 0.724189 -0.215174
40 0.170820 0.737216 -0.243150
41 0.182455 0.751051 -0.263681
42 0.196941 0.767807 -0.278148
43 0.214448 0.785974 -0.286441
44 0.241194 0.803199 -0.291843
45 0.262434 0.818396 -0.291418
46 0.285314 0.837536 -0.289461
47 0.313230 0.858958 -0.288093
48 0.332040 0.880558 -0.284066
49 0.352477 0.898660 -0.277054
50 0.379917 0.911293 -0.264883
51 0.395689 0.922150 -0.246942
52 0.407832 0.929093 -0.225285
53 0.416006 0.935784 -0.194555
54 0.420597 0.934821 -0.149824
55 0.409659 0.923464 -0.113154
56 0.394772 0.905781 -0.089744
57 0.379243 0.878080 -0.065627
58 0.364999 0.852610 -0.051629
59 0.351680 0.833187 -0.043025
Frame 258
30 0.330842 0.805975 -0.037785
31 0.306282 0.786239 -0.038584
32 0.285756 0.772251 -0.046441
33 0.264446 0.761112 -0.061938
34 0.249009 0.748791 -0.082926
35 0.223314 0.742485 -0.100526
36 0.208219 0.736351 -0.119181
37 0.182430 0.720704 -0.144235
38 0.166365 0.717143 -0.175814
39 0.164211 0.723108 -0.214895
40 0.171159 0.736110 -0.242857
41 0.182796 0.749957 -0.263393
42 0.197270 0.766728 -0.277855
43 0.214756 0.784915 -0.286140
44 0.241476 0.802175 -0.291520
45 0.262689 0.817409 -0.291080
46 0.285530 0.836589 -0.289110
47 0.313406 0.858060 -0.287725
48 0.332173 0.879701 -0.283693
49 0.352568 0.897841 -0.276673
50 0.379969 0.910529 -0.264473
51 0.395696 0.921422 -0.246519
52 0.407788 0.928386 -0.224858
53 0.415879 0.935101 -0.194137
54 0.420361 0.934146 -0.149425
55 0.409355 0.922812 -0.112802
56 0.394460 0.905100 -0.089426
57 0.379009 0.877463 -0.065304
58 0.364787 0.852052 -0.051237
59 0.351513 0.832650 -0.042608
Frame 259
30 0.330705 0.805520 -0.037326
31 0.306191 0.785741 -0.038140
32 0.285716 0.771711 -0.046021
33 0.264487 0.760530 -0.061548
34 0.249151 0.748178 -0.082555
35 0.223494 0.741830 -0.100167
36 0.208477 0.735648 -0.118844
37 0.182713 0.719891 -0.143923
38 0.166670 0.716238 -0.175526
39 0.164549 0.722145 -0.214611
40 0.171497 0.735120 -0.242558
41 0.183139 0.748977 -0.263098
42 0.197605 0.765761 -0.277554
43 0.215074 0.783966 -0.285829
44 0.241770 0.801259 -0.291184
45 0.262957 0.816528 -0.290727
46 0.285760 0.835746 -0.288741
47 0.313597 0.857265 -0.287336
48 0.332322 0.878943 -0.283298
49 0.352675 0.897121 -0.276266
50 0.380038 0.909863 -0.264036
51 0.395717 0.920789 -0.246068
52 0.407756 0.927774 -0.224401
53 0.415762 0.934514 -0.193690
54 0.420133 0.933576 -0.148999
55 0.409056 0.922268 -0.112424
56 0.394148 0.904535 -0.089077
57 0.378766 0.876963 -0.064949
58 0.364561 0.851607 -0.050816
59 0.351327 0.832224 -0.042163
Frame 260
30 0.330545 0.805137 -0.036841
31 0.306076 0.785310 -0.037669
32 0.285656 0.771235 -0.045571
33 0.264506 0.760008 -0.061127
34 0.249271 0.747623 -0.082152
35 0.223656 0.741229 -0.099777
36 0.208718 0.734995 -0.118477
37 0.182982 0.719125 -0.143580
38 0.166964 0.715380 -0.175210
39 0.164878 0.721225 -0.214301
40 0.171827 0.734169 -0.242231
41 0.183475 0.748035 -0.262777
42 0.197933 0.764832 -0.277227
43 0.215383 0.783054 -0.285494
44 0.242054 0.800383 -0.290824
45 0.263213 0.815690 -0.290350
46 0.285976 0.834948 -0.288351
47 0.313774 0.856517 -0.286925
48 0.332454 0.878234 -0.282883
49 0.352764 0.896452 -0.275841
50 0.380084 0.909251 -0.263578
51 0.395715 0.920214 -0.245598
52 0.407700 0.927224 -0.223926
53 0.415621 0.933993 -0.193227
54 0.419879 0.933076 -0.148559
55 0.408732 0.921801 -0.112032
56 0.393811 0.904050 -0.088711
57 0.378497 0.876542 -0.064574
58 0.364309 0.851240 -0.050374
59 0.351115 0.831875 -0.041695
Frame 261
30 0.330360 0.804785 -0.036326
31 0.305942 0.784903 -0.037165
32 0.285581 0.770775 -0.045084
33 0.264515 0.759495 -0.060664
34 0.249383 0.747070 -0.081705
35 0.223812 0.740624 -0.099341
36 0.208958 0.734332 -0.118063
37 0.183251 0.718339 -0.143188
38 0.167256 0.714493 -0.174845
39 0.165203 0.720272 -0.213942
40 0.172147 0.733178 -0.241856
41 0.183797 0.747054 -0.262411
42 0.198242 0.763867 -0.276860
43 0.215668 0.782111 -0.285121
44 0.242308 0.799481 -0.290430
45 0.263434 0.814829 -0.289942
46 0.286154 0.834135 -0.287932
47 0.313904 0.855761 -0.286490
48 0.332535 0.877522 -0.282447
49 0.352795 0.895787 -0.275400
50 0.380072 0.908653 -0.263109
51 0.395652 0.919660 -0.245119
52 0.407583 0.926700 -0.223443
53 0.415419 0.933504 -0.192760
54 0.419566 0.932618 -0.148119
55 0.408352 0.921378 -0.111640
56 0.393425 0.903610 -0.088340
57 0.378183 0.876166 -0.064188
58 0.364020 0.850915 -0.049915
59 0.350870 0.831563 -0.041206
Frame 262
30 0.330149 0.804428 -0.035779
31 0.305794 0.784478 -0.036620
32 0.285500 0.770288 -0.044547
33 0.264520 0.758939 -0.060149
34 0.249496 0.746469 -0.081202
35 0.223974 0.739960 -0.098848
36 0.209218 0.733599 -0.117591
37 0.183535 0.717468 -0.142723
38 0.167553 0.713506 -0.174406
39 0.165524 0.719209 -0.213510
40 0.172453 0.732071 -0.241410
41 0.184096 0.745959 -0.261981
42 0.198519 0.762791 -0.276434
43 0.215911 0.781062 -0.284695
44 0.242511 0.798485 -0.289991
45 0.263599 0.813884 -0.289494
46 0.286264 0.833247 -0.287481
47 0.313960 0.854942 -0.286032
48 0.332532 0.876756 -0.281995
49 0.352735 0.895079 -0.274947
50 0.379963 0.908026 -0.262635
51 0.395491 0.919086 -0.244640
52 0.407369 0.926168 -0.222964
53 0.415120 0.933015 -0.192301
54 0.419158 0.932169 -0.147692
55 0.407887 0.920969 -0.111262
56 0.392963 0.903181 -0.087974
57 0.377812 0.875794 -0.063802
58 0.363682 0.850594 -0.049446
59 0.350587 0.831254 -0.040698
Frame 263
30 0.329896 0.804041 -0.035201
31 0.305616 0.784009 -0.036031
32 0.285399 0.769742 -0.043959
33 0.264511 0.758310 -0.059573
34 0.249601 0.745787 -0.080634
35 0.224131 0.739204 -0.098288
36 0.209493 0.732760 -0.117050
37 0.183825 0.716473 -0.142177
38 0.167843 0.712378 -0.173884
39 0.165828 0.717994 -0.212996
40 0.172726 0.730804 -0.240882
41 0.184353 0.744706 -0.261476
42 0.198741 0.761562 -0.275940
43 0.216088 0.779869 -0.284210
44 0.242635 0.797356 -0.289501
45 0.263675 0.812819 -0.289004
46 0.286275 0.832251 -0.286996
47 0.313906 0.854030 -0.285549
48 0.332407 0.875906 -0.281528
49 0.352545 0.894300 -0.274488
50 0.379719 0.907344 -0.262162
51 0.395191 0.918470 -0.244171
52 0.407018 0.925607 -0.222498
53 0.414687 0.932506 -0.191863
54 0.418620 0.931708 -0.147289
55 0.407302 0.920555 -0.110908
56 0.392396 0.902739 -0.087625
57 0.377353 0.875407 -0.063422
58 0.363274 0.850256 -0.048971
59 0.350245 0.830923 -0.040174
Frame 264
30 0.329577 0.803655 -0.034599
31 0.305381 0.783534 -0.035413
32 0.285244 0.769181 -0.043335
33 0.264453 0.757657 -0.058956
34 0.249658 0.745076 -0.080023
35 0.224246 0.738412 -0.097682
36 0.209738 0.731875 -0.116462
37 0.184079 0.715423 -0.141574
38 0.168093 0.711186 -0.173309
39 0.166084 0.716709 -0.212428
40 0.172943 0.729463 -0.240304
41 0.184546 0.743380 -0.260924
42 0.198891 0.760260 -0.275402
43 0.216186 0.778607 -0.283684
44 0.242673 0.796168 -0.288977
45 0.263660 0.811700 -0.288483
46 0.286187 0.831209 -0.286486
47 0.313747 0.853080 -0.285048
48 0.332170 0.875028 -0.281047
49 0.352235 0.893498 -0.274019
50 0.379353 0.906653 -0.261686
51 0.394766 0.917852 -0.243706
52 0.406544 0.925057 -0.222035
53 0.414132 0.932012 -0.191438
54 0.417962 0.931269 -0.146901
55 0.406605 0.920167 -0.110572
56 0.391725 0.902317 -0.087284
57 0.376803 0.875035 -0.063044
58 0.362782 0.849931 -0.048492
59 0.349827 0.830602 -0.039638
Frame 265
30 0.329184 0.803321 -0.033984
31 0.305072 0.783107 -0.034780
32 0.285015 0.768666 -0.042696
33 0.264320 0.757047 -0.058322
34 0.249639 0.744405 -0.079390
35 0.224285 0.737659 -0.097055
36 0.209909 0.731028 -0.115854
37 0.184256 0.714412 -0.140952
38 0.168272 0.710033 -0.172716
39 0.166271 0.715463 -0.211844
40 0.173091 0.728163 -0.239710
41 0.184668 0.742093 -0.260355
42 0.198970 0.758997 -0.274847
43 0.216211 0.777386 -0.283143
44 0.242637 0.795021 -0.288438
45 0.263569 0.810623 -0.287948
46 0.286023 0.830211 -0.285962
47 0.313508 0.852176 -0.284536
48 0.331852 0.874196 -0.280554
49 0.351843 0.892745 -0.273540
50 0.378902 0.906011 -0.261200
51 0.394256 0.917288 -0.243234
52 0.405986 0.924564 -0.221564
53 0.413495 0.931577 -0.191008
54 0.417223 0.930893 -0.146511
55 0.405831 0.919844 -0.110233
56 0.390980 0.901959 -0.086936
57 0.376175 0.874721 -0.062658
58 0.362213 0.849662 -0.048005
59 0.349332 0.830332 -0.039091
Frame 266
30 0.328703 0.803085 -0.033370
31 0.304671 0.782780 -0.034150
32 0.284690 0.768258 -0.042063
33 0.264087 0.756547 -0.057693
34 0.249511 0.743847 -0.078763
35 0.224214 0.737019 -0.096435
36 0.209960 0.730300 -0.115253
37 0.184319 0.713532 -0.140348
38 0.168348 0.709023 -0.172146
39 0.166366 0.714366 -0.211282
40 0.173156 0.727015 -0.239138
41 0.184716 0.740956 -0.259805
42 0.198980 0.757883 -0.274307
43 0.216172 0.776309 -0.282613
44 0.242540 0.794014 -0.287905
45 0.263420 0.809683 -0.287417
46 0.285804 0.829345 -0.285438
47 0.313219 0.851399 -0.284018
48 0.331487 0.873488 -0.280053
49 0.351405 0.892110 -0.273048
50 0.378408 0.905482 -0.260697
51 0.393703 0.916831 -0.242743
52 0.405385 0.924177 -0.221073
53 0.412816 0.931247 -0.190557
54 0.416444 0.930623 -0.146100
55 0.405015 0.919628 -0.109872
56 0.390184 0.901711 -0.086568
57 0.375482 0.874513 -0.062255
58 0.361573 0.849493 -0.047507
59 0.348756 0.830161 -0.038537
Frame 267
30 0.328127 0.802992 -0.032763
31 0.304163 0.782610 -0.033539
32 0.284250 0.768015 -0.041456
33 0.263726 0.756226 -0.057095
34 0.249245 0.743472 -0.078165
35 0.224002 0.736569 -0.095849
36 0.209846 0.729774 -0.114686
37 0.184234 0.712877 -0.139796
38 0.168294 0.708258 -0.171634
39 0.166346 0.713527 -0.210779
40 0.173126 0.726131 -0.238625
41 0.184681 0.740083 -0.259306
42 0.198920 0.757028 -0.273813
43 0.216072 0.775486 -0.282121
44 0.242393 0.793248 -0.287401
45 0.263228 0.808976 -0.286906
46 0.285552 0.828700 -0.284926
47 0.312906 0.850831 -0.283500
48 0.331106 0.872977 -0.279543
49 0.350961 0.891662 -0.272540
50 0.377908 0.905126 -0.260171
51 0.393147 0.916538 -0.242222
52 0.404780 0.923946 -0.220548
53 0.412135 0.931069 -0.190068
54 0.415663 0.930505 -0.145650
55 0.404191 0.919559 -0.109470
56 0.389368 0.901619 -0.086164
57 0.374740 0.874452 -0.061823
58 0.360868 0.849467 -0.046997
59 0.348101 0.830130 -0.037980
Frame 268
30 0.327445 0.803092 -0.032176
31 0.303533 0.782650 -0.032963
32 0.283672 0.767999 -0.040895
33 0.263215 0.756149 -0.056552
34 0.248809 0.743348 -0.077623
35 0.223616 0.736382 -0.095326
36 0.209521 0.729532 -0.114182
37 0.183960 0.712537 -0.139338
38 0.168077 0.707841 -0.171221
39 0.166188 0.713054 -0.210374
40 0.172986 0.725625 -0.238210
41 0.184557 0.739584 -0.258894
42 0.198788 0.756542 -0.273395
43 0.215919 0.775022 -0.281693
44 0.242210 0.792824 -0.286946
45 0.263011 0.808593 -0.286433
46 0.285289 0.828364 -0.284437
47 0.312595 0.850553 -0.282990
48 0.330743 0.872741 -0.279028
49 0.350545 0.891473 -0.272015
50 0.377445 0.905004 -0.259614
51 0.392628 0.916465 -0.241659
52 0.404211 0.923920 -0.219979
53 0.411493 0.931088 -0.189524
54 0.414921 0.930585 -0.145142
55 0.403394 0.919680 -0.109005
56 0.388559 0.901727 -0.085711
57 0.373961 0.874587 -0.061353
58 0.360105 0.849630 -0.046473
59 0.347364 0.830282 -0.037420
Frame 269
30 0.326695 0.803317 -0.031628
31 0.302819 0.782826 -0.032434
32 0.283000 0.768134 -0.040386
33 0.262597 0.756238 -0.056061
34 0.248251 0.743398 -0.077129
35 0.223099 0.736380 -0.094849
36 0.209033 0.729491 -0.113721
37 0.183535 0.712425 -0.138944
38 0.167722 0.707675 -0.170873
39 0.165901 0.712847 -0.210037
40 0.172732 0.725392 -0.237863
41 0.184331 0.739357 -0.258545
42 0.198568 0.756323 -0.273034
43 0.215686 0.774815 -0.281316
44 0.241960 0.792646 -0.286536
45 0.262736 0.808445 -0.285999
46 0.284981 0.828248 -0.283981
47 0.312251 0.850479 -0.282505
48 0.330358 0.872697 -0.278532
49 0.350119 0.891463 -0.271501
50 0.376977 0.905044 -0.259064
51 0.392112 0.916541 -0.241097
52 0.403647 0.924030 -0.219409
53 0.410861 0.931237 -0.188972
54 0.414198 0.930787 -0.144621
55 0.402616 0.919919 -0.108523
56 0.387757 0.901965 -0.085246
57 0.373165 0.874847 -0.060878
58 0.359311 0.849912 -0.045960
59 0.346580 0.830554 -0.036883
Frame 270
30 0.325921 0.803576 -0.031119
31 0.302075 0.783045 -0.031940
32 0.282291 0.768315 -0.039907
33 0.261934 0.756379 -0.055590
34 0.247635 0.743505 -0.076648
35 0.222515 0.736443 -0.094378
36 0.208462 0.729526 -0.113259
37 0.183023 0.712398 -0.138555
38 0.167272 0.707600 -0.170529
39 0.165511 0.712735 -0.209703
40 0.172374 0.725257 -0.237524
41 0.183999 0.739225 -0.258205
42 0.198244 0.756196 -0.272683
43 0.215352 0.774699 -0.280953
44 0.241612 0.792551 -0.286143
45 0.262368 0.808375 -0.285587
46 0.284584 0.828206 -0.283551
47 0.311825 0.850473 -0.282051
48 0.329898 0.872714 -0.278069
49 0.349624 0.891510 -0.271025
50 0.376446 0.905133 -0.258557
51 0.391538 0.916661 -0.240579
52 0.403032 0.924179 -0.218885
53 0.410188 0.931420 -0.188463
54 0.413449 0.931019 -0.144140
55 0.401822 0.920186 -0.108073
56 0.386947 0.902238 -0.084812
57 0.372357 0.875142 -0.060433
58 0.358503 0.850228 -0.045481
59 0.345778 0.830857 -0.036382
Frame 271
30 0.325118 0.803889 -0.030635
31 0.301297 0.783322 -0.031466
32 0.281543 0.768560 -0.039443
33 0.261223 0.756589 -0.055126
34 0.246959 0.743684 -0.076165
35 0.221862 0.736584 -0.093896
36 0.207807 0.729646 -0.112781
37 0.182424 0.712463 -0.138157
38 0.166731 0.707625 -0.170174
39 0.165026 0.712724 -0.209359
40 0.171920 0.725223 -0.237178
41 0.183571 0.739191 -0.257860
42 0.197824 0.756163 -0.272330
43 0.214927 0.774673 -0.280589
44 0.241174 0.792542 -0.285757
45 0.261913 0.808386 -0.285185
46 0.284106 0.828239 -0.283136
47 0.311322 0.850536 -0.281616
48 0.329366 0.872797 -0.277629
49 0.349066 0.891617 -0.270574
50 0.375856 0.905276 -0.258080
51 0.390912 0.916830 -0.240094
52 0.402370 0.924375 -0.218394
53 0.409476 0.931648 -0.187987
54 0.412676 0.931294 -0.143690
55 0.401014 0.920498 -0.107647
56 0.386123 0.902562 -0.084400
57 0.371533 0.875489 -0.060007
58 0.357679 0.850595 -0.045023
59 0.344954 0.831210 -0.035903
Frame 272
30 0.324283 0.804276 -0.030158
31 0.300481 0.783677 -0.030996
32 0.280753 0.768886 -0.038977
33 0.260463 0.756883 -0.054651
34 0.246224 0.743948 -0.075664
35 0.221143 0.736814 -0.093389
36 0.207070 0.729861 -0.112272
37 0.181745 0.712631 -0.137733
38 0.166107 0.707757 -0.169793
39 0.164451 0.712820 -0.208992
40 0.171376 0.725294 -0.236814
41 0.183054 0.739258 -0.257498
42 0.197317 0.756227 -0.271962
43 0.214416 0.774740 -0.280215
44 0.240654 0.792619 -0.285365
45 0.261379 0.808480 -0.284782
46 0.283554 0.828351 -0.282723
47 0.310750 0.850672 -0.281189
48 0.328771 0.872949 -0.277200
49 0.348447 0.891789 -0.270139
50 0.375212 0.905479 -0.257624
51 0.390237 0.917058 -0.239631
52 0.401664 0.924628 -0.217928
53 0.408730 0.931933 -0.187535
54 0.411879 0.931628 -0.143260
55 0.400187 0.920872 -0.107237
56 0.385283 0.902956 -0.084000
57 0.370688 0.875907 -0.059590
58 0.356832 0.851032 -0.044577
59 0.344105 0.831633 -0.035434
Frame 273
30 0.323412 0.804753 -0.029675
31 0.299625 0.784128 -0.030514
32 0.279917 0.769309 -0.038493
33 0.259650 0.757275 -0.054152
34 0.245426 0.744312 -0.075129
35 0.220354 0.737146 -0.092842
36 0.206248 0.730185 -0.111718
37 0.180984 0.712911 -0.137271
38 0.165401 0.708003 -0.169374
39 0.163793 0.713026 -0.208589
40 0.170749 0.725473 -0.236417
41 0.182456 0.739428 -0.257106
42 0.196731 0.756389 -0.271567
43 0.213827 0.774900 -0.279817
44 0.240059 0.792787 -0.284954
45 0.260775 0.808659 -0.284364
46 0.282934 0.828545 -0.282299
47 0.310115 0.850883 -0.280757
48 0.328118 0.873174 -0.276771
49 0.347776 0.892031 -0.269707
50 0.374518 0.905748 -0.257176
51 0.389517 0.917351 -0.239180
52 0.400918 0.924945 -0.217475
53 0.407950 0.932285 -0.187097
54 0.411058 0.932036 -0.142845
55 0.399343 0.921322 -0.106835
56 0.384425 0.903434 -0.083605
57 0.369819 0.876412 -0.059172
58 0.355958 0.851556 -0.044129
59 0.343225 0.832145 -0.034963
Frame 274
30 0.322502 0.805342 -0.029170
31 0.298725 0.784692 -0.030004
32 0.279034 0.769847 -0.037976
33 0.258784 0.757782 -0.053611
34 0.244566 0.744789 -0.074546
35 0.219497 0.737592 -0.092241
36 0.205344 0.730626 -0.111104
37 0.180146 0.713311 -0.136755
38 0.164619 0.708370 -0.168902
39 0.163058 0.713352 -0.208136
40 0.170047 0.725765 -0.235974
41 0.181784 0.739703 -0.256671
42 0.196074 0.756651 -0.271132
43 0.213170 0.775158 -0.279382
44 0.239398 0.793045 -0.284512
45 0.260106 0.808927 -0.283919
46 0.282255 0.828822 -0.281854
47 0.309424 0.851175 -0.280308
48 0.327414 0.873476 -0.276329
49 0.347057 0.892349 -0.269268
50 0.373781 0.906088 -0.256725
51 0.388758 0.917716 -0.238728
52 0.400136 0.925336 -0.217024
53 0.407141 0.932715 -0.186662
54 0.410216 0.932533 -0.142434
55 0.398480 0.921867 -0.106434
56 0.383547 0.904013 -0.083203
57 0.368922 0.877025 -0.058743
58 0.355052 0.852185 -0.043669
59 0.342310 0.832764 -0.034477
Frame 275
30 0.321547 0.806060 -0.028628
31 0.297778 0.785387 -0.029449
32 0.278101 0.770516 -0.037408
33 0.257860 0.758419 -0.053013
34 0.243639 0.745391 -0.073899
35 0.218570 0.738164 -0.091570
36 0.204358 0.731198 -0.110416
37 0.179233 0.713842 -0.136171
38 0.163764 0.708867 -0.168364
39 0.162253 0.713800 -0.207619
40 0.169277 0.726173 -0.235471
41 0.181046 0.740086 -0.256179
42 0.195353 0.757015 -0.270644
43 0.212452 0.775513 -0.278899
44 0.238679 0.793397 -0.284028
45 0.259382 0.809284 -0.283435
46 0.281522 0.829187 -0.281374
47 0.308685 0.851549 -0.279831
48 0.326665 0.873859 -0.275864
49 0.346297 0.892744 -0.268808
50 0.373004 0.906506 -0.256259
51 0.387962 0.918159 -0.238265
52 0.399322 0.925811 -0.216566
53 0.406304 0.933236 -0.186224
54 0.409353 0.933133 -0.142018
55 0.397596 0.922520 -0.106023
56 0.382644 0.904712 -0.082787
57 0.367993 0.877758 -0.058293
58 0.354109 0.852936 -0.043185
59 0.341354 0.833507 -0.033962
Frame 276
30 0.320545 0.806925 -0.028034
31 0.296781 0.786232 -0.028835
32 0.277115 0.771333 -0.036775
33 0.256877 0.759201 -0.052344
34 0.242646 0.746135 -0.073172
35 0.217573 0.738874 -0.090815
36 0.203289 0.731910 -0.109639
37 0.178248 0.714512 -0.135503
38 0.162844 0.709502 -0.167745
39 0.161384 0.714378 -0.207027
40 0.168444 0.726701 -0.234894
41 0.180253 0.740580 -0.255618
42 0.194577 0.757484 -0.270091
43 0.211681 0.775967 -0.278356
44 0.237909 0.793843 -0.283486
45 0.258609 0.809732 -0.282898
46 0.280744 0.829640 -0.280848
47 0.307904 0.852009 -0.279313
48 0.325876 0.874327 -0.275363
49 0.345499 0.893223 -0.268319
50 0.372193 0.907007 -0.255767
51 0.387134 0.918688 -0.237779
52 0.398479 0.926375 -0.216088
53 0.405443 0.933856 -0.185770
54 0.408470 0.933853 -0.141590
55 0.396692 0.923299 -0.105596
56 0.381714 0.905545 -0.082347
57 0.367026 0.878631 -0.057811
58 0.353125 0.853829 -0.042666
59 0.340355 0.834395 -0.033408
Frame 277
30 0.319486 0.807943 -0.027375
31 0.295724 0.787230 -0.028152
32 0.276066 0.772305 -0.036069
33 0.255825 0.760134 -0.051599
34 0.241576 0.747024 -0.072363
35 0.216500 0.739725 -0.089978
36 0.202132 0.732767 -0.108778
37 0.177188 0.715327 -0.134754
38 0.161857 0.710279 -0.167050
39 0.160456 0.715090 -0.206359
40 0.167561 0.727355 -0.234249
41 0.179412 0.741191 -0.254988
42 0.193759 0.758061 -0.269472
43 0.210873 0.776527 -0.277750
44 0.237104 0.794390 -0.282884
45 0.257803 0.810279 -0.282303
46 0.279934 0.830189 -0.280266
47 0.307095 0.852560 -0.278743
48 0.325063 0.874883 -0.274815
49 0.344679 0.893791 -0.267785
50 0.371361 0.907597 -0.255231
51 0.386287 0.919309 -0.237253
52 0.397617 0.927037 -0.215571
53 0.404567 0.934582 -0.185282
54 0.407572 0.934695 -0.141127
55 0.395769 0.924210 -0.105134
56 0.380758 0.906525 -0.081864
57 0.366019 0.879654 -0.057280
58 0.352092 0.854868 -0.042097
59 0.339302 0.835432 -0.032800
Frame 278
30 0.318369 0.809083 -0.026663
31 0.294605 0.788352 -0.027415
32 0.274952 0.773402 -0.035309
33 0.254699 0.761191 -0.050801
34 0.240427 0.748034 -0.071500
35 0.215350 0.740698 -0.089089
36 0.200889 0.733745 -0.107866
37 0.176050 0.716269 -0.133959
38 0.160805 0.711186 -0.166311
39 0.159470 0.715931 -0.205648
40 0.166630 0.728134 -0.233562
41 0.178531 0.741921 -0.254315
42 0.192906 0.758752 -0.268809
43 0.210031 0.777197 -0.277101
44 0.236269 0.795043 -0.282239
45 0.256969 0.810930 -0.281664
46 0.279102 0.830839 -0.279639
47 0.306266 0.853207 -0.278127
48 0.324233 0.875534 -0.274220
49 0.343843 0.894451 -0.267205
50 0.370514 0.908275 -0.254648
51 0.385426 0.920020 -0.236680
52 0.396743 0.927791 -0.215010
53 0.403678 0.935407 -0.184747
54 0.406661 0.935647 -0.140620
55 0.394830 0.925235 -0.104627
56 0.379779 0.907629 -0.081329
57 0.364973 0.880801 -0.056695
58 0.351012 0.856024 -0.041479
59 0.338198 0.836588 -0.032145
Frame 279
30 0.317203 0.810309 -0.025919
31 0.293436 0.789562 -0.026647
32 0.273783 0.774587 -0.034519
33 0.253513 0.762339 -0.049975
34 0.239210 0.749137 -0.070608
35 0.214132 0.741763 -0.088172
36 0.199566 0.734821 -0.106927
37 0.174844 0.717316 -0.133142
38 0.159690 0.712206 -0.165553
39 0.158430 0.716888 -0.204919
40 0.165651 0.729031 -0.232858
41 0.177605 0.742765 -0.253622
42 0.192011 0.759556 -0.268125
43 0.209151 0.777978 -0.276428
44 0.235400 0.795804 -0.281567
45 0.256103 0.811684 -0.280996
46 0.278239 0.831591 -0.278981
47 0.305410 0.853952 -0.277478
48 0.323380 0.876281 -0.273590
49 0.342986 0.895203 -0.266587
50 0.369647 0.909043 -0.254026
51 0.384546 0.920817 -0.236067
52 0.395850 0.928632 -0.214408
53 0.402775 0.936318 -0.184172
54 0.405737 0.936689 -0.140072
55 0.393875 0.926347 -0.104078
56 0.378780 0.908829 -0.080752
57 0.363895 0.882039 -0.056068
58 0.349893 0.857266 -0.040826
59 0.337050 0.837828 -0.031457
Frame 280
30 0.315998 0.811583 -0.025164
31 0.292224 0.790822 -0.025872
32 0.272568 0.775829 -0.033725
33 0.252274 0.763546 -0.049147
34 0.237936 0.750304 -0.069714
35 0.212856 0.742896 -0.087256
36 0.198180 0.735971 -0.105991
37 0.173575 0.718446 -0.132332
38 0.158517 0.713321 -0.164805
39 0.157333 0.717949 -0.204198
40 0.164622 0.730037 -0.232162
41 0.176631 0.743720 -0.252932
42 0.191071 0.760472 -0.267441
43 0.208229 0.778869 -0.275752
44 0.234490 0.796675 -0.280887
45 0.255200 0.812547 -0.280317
46 0.277340 0.832446 -0.278308
47 0.304522 0.854798 -0.276808
48 0.322496 0.877124 -0.272936
49 0.342100 0.896049 -0.265940
50 0.368753 0.909899 -0.253372
51 0.383640 0.921699 -0.235420
52 0.394935 0.929551 -0.213771
53 0.401852 0.937303 -0.183560
54 0.404795 0.937800 -0.139489
55 0.392905 0.927524 -0.103494
56 0.377762 0.910094 -0.080141
57 0.362790 0.883337 -0.055414
58 0.348744 0.858561 -0.040153
59 0.335867 0.839116 -0.030754
Frame 281
30 0.314763 0.812870 -0.024419
31 0.290978 0.792098 -0.025113
32 0.271317 0.777088 -0.032951
33 0.250995 0.764778 -0.048341
34 0.236616 0.751503 -0.068844
35 0.211532 0.744066 -0.086367
36 0.196738 0.737168 -0.105084
37 0.172246 0.719638 -0.131556
38 0.157291 0.714513 -0.164091
39 0.156183 0.719102 -0.203511
40 0.163542 0.731145 -0.231497
41 0.175608 0.744784 -0.252267
42 0.190083 0.761498 -0.266778
43 0.207260 0.779873 -0.275090
44 0.233535 0.797656 -0.280217
45 0.254251 0.813517 -0.279643
46 0.276400 0.833408 -0.277635
47 0.303594 0.855747 -0.276132
48 0.321575 0.878068 -0.272266
49 0.341180 0.896991 -0.265274
50 0.367826 0.910844 -0.252696
51 0.382705 0.922662 -0.234746
52 0.393991 0.930543 -0.213107
53 0.400906 0.938350 -0.182916
54 0.403838 0.938963 -0.138873
55 0.391921 0.928741 -0.102878
56 0.376730 0.911395 -0.079506
57 0.361663 0.884662 -0.054743
58 0.347572 0.859875 -0.039475
59 0.334658 0.840420 -0.030051
Frame 282
30 0.313507 0.814132 -0.023704
31 0.289709 0.793351 -0.024392
32 0.270040 0.778332 -0.032220
33 0.249687 0.766003 -0.047581
34 0.235259 0.752705 -0.068024
35 0.210169 0.745248 -0.085530
36 0.195251 0.738388 -0.104231
37 0.170868 0.720868 -0.130843
38 0.156014 0.715762 -0.163440
39 0.154980 0.720334 -0.202884
40 0.162412 0.732348 -0.230888
41 0.174531 0.745949 -0.251652
42 0.189042 0.762634 -0.266157
43 0.206238 0.780988 -0.274464
44 0.232530 0.798749 -0.279575
45 0.253255 0.814598 -0.278993
46 0.275413 0.834477 -0.276976
47 0.302621 0.856802 -0.275461
48 0.320611 0.879113 -0.271595
49 0.340218 0.898029 -0.264598
50 0.366862 0.911876 -0.252005
51 0.381734 0.923702 -0.234053
52 0.393015 0.931602 -0.212420
53 0.399932 0.939448 -0.182246
54 0.402859 0.940159 -0.138230
55 0.390922 0.929973 -0.102237
56 0.375685 0.912702 -0.078855
57 0.360522 0.885978 -0.054068
58 0.346386 0.861175 -0.038804
59 0.333431 0.841703 -0.029364
Frame 283
30 0.312239 0.815334 -0.023039
31 0.288427 0.794546 -0.023733
32 0.268746 0.779523 -0.031558
33 0.248359 0.767188 -0.046892
34 0.233878 0.753880 -0.067279
35 0.208778 0.746414 -0.084772
36 0.193729 0.739606 -0.103459
37 0.169446 0.722115 -0.130219
38 0.154689 0.717053 -0.162877
39 0.153726 0.721633 -0.202343
40 0.161229 0.733637 -0.230359
41 0.173397 0.747215 -0.251108
42 0.187944 0.763878 -0.265601
43 0.205159 0.782216 -0.273893
44 0.231469 0.799957 -0.278981
45 0.252203 0.815791 -0.278382
46 0.274374 0.835655 -0.276348
47 0.301597 0.857963 -0.274811
48 0.319597 0.880261 -0.270930
49 0.339210 0.899164 -0.263921
50 0.365852 0.912997 -0.251308
51 0.380723 0.924819 -0.233347
52 0.392000 0.932720 -0.211717
53 0.398925 0.940588 -0.181554
54 0.401859 0.941370 -0.137566
55 0.389909 0.931195 -0.101573
56 0.374628 0.913984 -0.078198
57 0.359373 0.887255 -0.053401
58 0.345192 0.862428 -0.038155
59 0.332196 0.842931 -0.028709
Frame 284
30 0.310953 0.816484 -0.022429
31 0.287122 0.795693 -0.023135
32 0.267428 0.780671 -0.030962
33 0.247008 0.768339 -0.046271
34 0.232468 0.755031 -0.066606
35 0.207354 0.747563 -0.084087
36 0.192173 0.740818 -0.102762
37 0.167981 0.723369 -0.129674
38 0.153320 0.718365 -0.162394
39 0.152425 0.722971 -0.201880
40 0.160003 0.734978 -0.229904
41 0.172217 0.748541 -0.250634
42 0.186800 0.765188 -0.265108
43 0.204036 0.783512 -0.273378
44 0.230365 0.801231 -0.278438
45 0.251110 0.817048 -0.277818
46 0.273295 0.836894 -0.275760
47 0.300535 0.859185 -0.274193
48 0.318548 0.881464 -0.270292
49 0.338167 0.900350 -0.263262
50 0.364812 0.914159 -0.250626
51 0.379682 0.925967 -0.232651
52 0.390960 0.933860 -0.211021
53 0.397895 0.941735 -0.180864
54 0.400841 0.942571 -0.136904
55 0.388882 0.932396 -0.100915
56 0.373558 0.915235 -0.077554
57 0.358211 0.888495 -0.052758
58 0.343987 0.863640 -0.037537
59 0.330945 0.844110 -0.028092
Frame 285
30 0.309637 0.817629 -0.021853
31 0.285784 0.796837 -0.022574
32 0.266075 0.781821 -0.030405
33 0.245620 0.769496 -0.045689
34 0.231018 0.756191 -0.065970
35 0.205889 0.748724 -0.083443
36 0.190579 0.742042 -0.102107
37 0.166466 0.724644 -0.129172
38 0.151903 0.719705 -0.161951
39 0.151078 0.724340 -0.201457
40 0.158734 0.736352 -0.229487
41 0.170993 0.749900 -0.250195
42 0.185616 0.766531 -0.264653
43 0.202875 0.784839 -0.272900
44 0.229226 0.802533 -0.277929
45 0.249984 0.818331 -0.277288
46 0.272187 0.838155 -0.275204
47 0.299447 0.860425 -0.273606
48 0.317474 0.882683 -0.269682
49 0.337104 0.901548 -0.262631
50 0.363752 0.915329 -0.249971
51 0.378623 0.927121 -0.231979
52 0.389900 0.935001 -0.210349
53 0.396848 0.942879 -0.180197
54 0.399808 0.943764 -0.136266
55 0.387840 0.933591 -0.100280
56 0.372475 0.916484 -0.076936
57 0.357032 0.889733 -0.052141
58 0.342762 0.864850 -0.036949
59 0.329670 0.845288 -0.027505
Frame 286
30 0.308295 0.818789 -0.021303
31 0.284417 0.798000 -0.022040
32 0.264690 0.782992 -0.029873
33 0.244196 0.770678 -0.045132
34 0.229528 0.757378 -0.065360
35 0.204382 0.749916 -0.082825
36 0.188939 0.743302 -0.101479
37 0.164898 0.725959 -0.128693
38 0.150434 0.721090 -0.161529
39 0.149678 0.725761 -0.201056
40 0.157414 0.737780 -0.229093
41 0.169717 0.751312 -0.249778
42 0.184382 0.767927 -0.264218
43 0.201666 0.786216 -0.272441
44 0.228041 0.803882 -0.277442
45 0.248815 0.819658 -0.276778
46 0.271037 0.839457 -0.274670
47 0.298321 0.861701 -0.273040
48 0.316367 0.883934 -0.269094
49 0.336009 0.902777 -0.262022
50 0.362663 0.916526 -0.249338
51 0.377539 0.928297 -0.231330
52 0.388819 0.936163 -0.209697
53 0.395782 0.944038 -0.179550
54 0.398761 0.944970 -0.135652
55 0.386788 0.934799 -0.099666
56 0.371382 0.917750 -0.076339
57 0.355840 0.890987 -0.051547
58 0.341521 0.866078 -0.036383
59 0.328375 0.846479 -0.026942
Frame 287
30 0.306932 0.819984 -0.020769
31 0.283025 0.799199 -0.021520
32 0.263275 0.784202 -0.029354
33 0.242739 0.771903 -0.044587
34 0.227995 0.758611 -0.064761
35 0.202830 0.751155 -0.082220
36 0.187255 0.744611 -0.100863
37 0.163277 0.727333 -0.128219
38 0.148908 0.722541 -0.161110
39 0.148219 0.727249 -0.200657
40 0.156036 0.739276 -0.228701
41 0.168383 0.752793 -0.249365
42 0.183089 0.769390 -0.263789
43 0.200399 0.787660 -0.271989
44 0.226800 0.805293 -0.276963
45 0.247592 0.821045 -0.276279
46 0.269838 0.840817 -0.274147
47 0.297149 0.863032 -0.272486
48 0.315215 0.885236 -0.268519
49 0.334874 0.904053 -0.261427
50 0.361537 0.917765 -0.248722
51 0.376421 0.929513 -0.230698
52 0.387708 0.937361 -0.209065
53 0.394695 0.945233 -0.178923
54 0.397699 0.946210 -0.135057
55 0.385727 0.936041 -0.099071
56 0.370281 0.919055 -0.075761
57 0.354638 0.892278 -0.050970
58 0.340267 0.867341 -0.035835
59 0.327063 0.847705 -0.026395
Frame 288
30 0.305551 0.821232 -0.020241
31 0.281611 0.800454 -0.021003
32 0.261833 0.785470 -0.028836
33 0.241247 0.773188 -0.044040
34 0.226419 0.759908 -0.064160
35 0.201231 0.752460 -0.081612
36 0.185522 0.745988 -0.100244
37 0.161598 0.728784 -0.127734
38 0.147321 0.724074 -0.160673
39 0.146695 0.728825 -0.200241
40 0.154589 0.740862 -0.228294
41 0.166978 0.754362 -0.248938
42 0.181726 0.770939 -0.263347
43 0.199064 0.789188 -0.271527
44 0.225493 0.806787 -0.276479
45 0.246304 0.822509 -0.275777
46 0.268576 0.842251 -0.273624
47 0.295917 0.864433 -0.271937
48 0.314009 0.886606 -0.267950
49 0.333688 0.905394 -0.260841
50 0.360365 0.919065 -0.248119
51 0.375263 0.930787 -0.230080
52 0.386563 0.938613 -0.208450
53 0.393582 0.946481 -0.178312
54 0.396625 0.947505 -0.134479
55 0.384661 0.937338 -0.098489
56 0.369177 0.920418 -0.075197
57 0.353428 0.893627 -0.050406
58 0.339005 0.868661 -0.035301
59 0.325739 0.848987 -0.025860
Frame 289
30 0.304157 0.822556 -0.019708
31 0.280180 0.801785 -0.020476
32 0.260369 0.786817 -0.028304
33 0.239721 0.774554 -0.043478
34 0.224798 0.761286 -0.063544
35 0.199586 0.753850 -0.080987
36 0.183743 0.747451 -0.099608
37 0.159860 0.730331 -0.127218
38 0.145667 0.725709 -0.160202
39 0.145098 0.730505 -0.199790
40 0.153066 0.742555 -0.227853
41 0.165495 0.756035 -0.248481
42 0.180284 0.772590 -0.262877
43 0.197649 0.790817 -0.271042
44 0.224108 0.808378 -0.275975
45 0.244940 0.824070 -0.275261
46 0.267243 0.843779 -0.273091
47 0.294618 0.865923 -0.271383
48 0.312739 0.888062 -0.267379
49 0.332443 0.906818 -0.260257
50 0.359139 0.920443 -0.247523
51 0.374058 0.932136 -0.229473
52 0.385378 0.939941 -0.207849
53 0.392442 0.947802 -0.177717
54 0.395538 0.948876 -0.133917
55 0.383592 0.938708 -0.097919
56 0.368074 0.921860 -0.074644
57 0.352216 0.895053 -0.049851
58 0.337738 0.870054 -0.034775
59 0.324407 0.850342 -0.025328
Frame 290
30 0.302755 0.823973 -0.019162
31 0.278736 0.803211 -0.019927
32 0.258882 0.788261 -0.027746
33 0.238164 0.776018 -0.042888
34 0.223132 0.762763 -0.062899
35 0.197890 0.755342 -0.080329
36 0.181912 0.749016 -0.098938
37 0.158061 0.731992 -0.126654
38 0.143945 0.727464 -0.159676
39 0.143424 0.732311 -0.199286
40 0.151457 0.744373 -0.227361
41 0.163926 0.757831 -0.247976
42 0.178753 0.774362 -0.262364
43 0.196146 0.792564 -0.270517
44 0.222635 0.810087 -0.275440
45 0.243492 0.825744 -0.274718
46 0.265828 0.845415 -0.272537
47 0.293241 0.867517 -0.270815
48 0.311396 0.889619 -0.266799
49 0.331128 0.908341 -0.259668
50 0.357851 0.921917 -0.246931
51 0.372797 0.933578 -0.228875
52 0.384147 0.941359 -0.207259
53 0.391270 0.949215 -0.177134
54 0.394439 0.950342 -0.133369
55 0.382524 0.940171 -0.097359
56 0.366975 0.923401 -0.074098
57 0.351003 0.896576 -0.049300
58 0.336469 0.871543 -0.034252
59 0.323070 0.851790 -0.024794
Frame 291
30 0.301348 0.825505 -0.018591
31 0.277282 0.804751 -0.019347
32 0.257379 0.789819 -0.027150
33 0.236575 0.777597 -0.042256
34 0.221417 0.764358 -0.062211
35 0.196143 0.756954 -0.079627
36 0.180030 0.750700 -0.098221
37 0.156198 0.733786 -0.126023
38 0.142150 0.729359 -0.159077
39 0.141665 0.734258 -0.198708
40 0.149754 0.746334 -0.226801
41 0.162263 0.759767 -0.247407
42 0.177123 0.776271 -0.261790
43 0.194544 0.794448 -0.269938
44 0.221062 0.811929 -0.274860
45 0.241947 0.827549 -0.274137
46 0.264319 0.847181 -0.271952
47 0.291775 0.869235 -0.270225
48 0.309969 0.891297 -0.266201
49 0.329735 0.909982 -0.259067
50 0.356489 0.923503 -0.246336
51 0.371473 0.935130 -0.228280
52 0.382865 0.942889 -0.206679
53 0.390064 0.950739 -0.176563
54 0.393328 0.951926 -0.132831
55 0.381460 0.941748 -0.096803
56 0.365883 0.925061 -0.073556
57 0.349795 0.898215 -0.048749
58 0.335202 0.873142 -0.033727
59 0.321733 0.853350 -0.024251
Frame 292
30 0.299948 0.827148 -0.017997
31 0.275834 0.806399 -0.018733
32 0.255870 0.791488 -0.026517
33 0.234964 0.779287 -0.041586
34 0.219665 0.766065 -0.061487
35 0.194354 0.758681 -0.078884
36 0.178103 0.752502 -0.097463
37 0.154283 0.735714 -0.125333
38 0.140292 0.731400 -0.158413
39 0.139829 0.736364 -0.198061
40 0.147960 0.748459 -0.226173
41 0.160504 0.761870 -0.246776
42 0.175391 0.778347 -0.261155
43 0.192836 0.796502 -0.269302
44 0.219382 0.813942 -0.274230
45 0.240294 0.829524 -0.273512
46 0.262705 0.849114 -0.271328
47 0.290206 0.871119 -0.269602
48 0.308441 0.893139 -0.265574
49 0.328245 0.911785 -0.258443
50 0.355039 0.925247 -0.245725
51 0.370070 0.936836 -0.227675
52 0.381516 0.944568 -0.206093
53 0.388812 0.952409 -0.175988
54 0.392196 0.953653 -0.132291
55 0.380392 0.943456 -0.096245
56 0.364796 0.926852 -0.073008
57 0.348592 0.899976 -0.048193
58 0.333942 0.874855 -0.033198
59 0.320403 0.855022 -0.023699
Frame 293
30 0.298554 0.828873 -0.017386
31 0.274390 0.808125 -0.018102
32 0.254358 0.793233 -0.025865
33 0.233337 0.781055 -0.040897
34 0.217881 0.767854 -0.060749
35 0.192529 0.760493 -0.078126
36 0.176140 0.754392 -0.096688
37 0.152330 0.737750 -0.124616
38 0.138391 0.733563 -0.157715
39 0.137937 0.738609 -0.197382
40 0.146095 0.750737 -0.225509
41 0.158674 0.764132 -0.246111
42 0.173580 0.780587 -0.260484
43 0.191044 0.798722 -0.268629
44 0.217615 0.816124 -0.273566
45 0.238553 0.831669 -0.272854
46 0.261003 0.851219 -0.270672
47 0.288550 0.873172 -0.268948
48 0.306828 0.895150 -0.264913
49 0.326670 0.913754 -0.257784
50 0.353509 0.927152 -0.245086
51 0.368594 0.938697 -0.227045
52 0.380104 0.946397 -0.205485
53 0.387512 0.954222 -0.175391
54 0.391036 0.955508 -0.131731
55 0.379313 0.945277 -0.095668
56 0.363706 0.928751 -0.072444
57 0.347389 0.901830 -0.047625
58 0.332683 0.876653 -0.032662
59 0.319077 0.856776 -0.023139
Frame 294
30 0.297146 0.830657 -0.016763
31 0.272930 0.809909 -0.017460
32 0.252826 0.795037 -0.025203
33 0.231679 0.782884 -0.040199
34 0.216056 0.769705 -0.060005
35 0.190665 0.762370 -0.077363
36 0.174134 0.756352 -0.095912
37 0.150334 0.739870 -0.123892
38 0.136447 0.735824 -0.157010
39 0.136001 0.740966 -0.196692
40 0.144180 0.753135 -0.224833
41 0.156795 0.766517 -0.245432
42 0.171716 0.782954 -0.259795
43 0.189198 0.801072 -0.267937
44 0.215793 0.818438 -0.272883
45 0.236759 0.833944 -0.272175
46 0.259249 0.853450 -0.269994
47 0.286841 0.875351 -0.268270
48 0.305163 0.897286 -0.264224
49 0.325044 0.915845 -0.257096
50 0.351932 0.929175 -0.244418
51 0.367074 0.940672 -0.226387
52 0.378655 0.948335 -0.204848
53 0.386182 0.956136 -0.174768
54 0.389854 0.957453 -0.131144
55 0.378221 0.947178 -0.095068
56 0.362608 0.930727 -0.071854
57 0.346176 0.903751 -0.047036
58 0.331413 0.878508 -0.032113
59 0.317738 0.858587 -0.022569
Frame 295
30 0.295707 0.832476 -0.016129
31 0.271437 0.811729 -0.016812
32 0.251257 0.796879 -0.024539
33 0.229982 0.784753 -0.039504
34 0.214187 0.771599 -0.059266
35 0.188756 0.764293 -0.076608
36 0.172084 0.758361 -0.095146
37 0.148294 0.742052 -0.123180
38 0.134467 0.738155 -0.156319
39 0.134032 0.743403 -0.196017
40 0.142233 0.755618 -0.224168
41 0.154889 0.768991 -0.244763
42 0.169830 0.785411 -0.259111
43 0.187329 0.803512 -0.267246
44 0.213949 0.820841 -0.272196
45 0.234943 0.836307 -0.271490
46 0.257474 0.855768 -0.269303
47 0.285113 0.877614 -0.267575
48 0.303481 0.899504 -0.263513
49 0.323403 0.918014 -0.256381
50 0.350339 0.931273 -0.243720
51 0.365539 0.942716 -0.225697
52 0.377190 0.950340 -0.204177
53 0.384837 0.958110 -0.174109
54 0.388658 0.959449 -0.130521
55 0.377115 0.949125 -0.094434
56 0.361497 0.932747 -0.071232
57 0.344944 0.905712 -0.046421
58 0.330118 0.880400 -0.031545
59 0.316371 0.860433 -0.021984
Frame 296
30 0.294219 0.834308 -0.015489
31 0.269891 0.813564 -0.016164
32 0.249635 0.798739 -0.023883
33 0.228233 0.786644 -0.038820
34 0.212267 0.773517 -0.058539
35 0.186798 0.766241 -0.075870
36 0.169984 0.760401 -0.094402
37 0.146205 0.744273 -0.122503
38 0.132452 0.740531 -0.155666
39 0.132041 0.745892 -0.195380
40 0.140275 0.758156 -0.223539
41 0.152981 0.771521 -0.244125
42 0.167945 0.787922 -0.258453
43 0.185469 0.806005 -0.266575
44 0.212117 0.823294 -0.271520
45 0.233140 0.838716 -0.270809
46 0.255715 0.858131 -0.268611
47 0.283403 0.879918 -0.266870
48 0.301816 0.901759 -0.262785
49 0.321780 0.920218 -0.255644
50 0.348763 0.933401 -0.242991
51 0.364017 0.944787 -0.224973
52 0.375735 0.952368 -0.203468
53 0.383495 0.960103 -0.173409
54 0.387456 0.961456 -0.129854
55 0.375994 0.951085 -0.093760
56 0.360366 0.934782 -0.070568
57 0.343683 0.907683 -0.045770
58 0.328788 0.882302 -0.030950
59 0.314962 0.862290 -0.021380
Frame 297
30 0.292663 0.836130 -0.014844
31 0.268273 0.815396 -0.015526
32 0.247942 0.800599 -0.023243
33 0.226422 0.788537 -0.038158
34 0.210290 0.775440 -0.057834
35 0.184788 0.768196 -0.075161
36 0.167831 0.762451 -0.093697
37 0.144066 0.746508 -0.121881
38 0.130408 0.742926 -0.155077
39 0.130042 0.748401 -0.194807
40 0.138327 0.760713 -0.222969
41 0.151094 0.774070 -0.243541
42 0.166091 0.790450 -0.257842
43 0.183646 0.808511 -0.265943
44 0.210329 0.825755 -0.270872
45 0.231384 0.841132 -0.270148
46 0.254004 0.860494 -0.267927
47 0.281743 0.882219 -0.266162
48 0.300207 0.904009 -0.262047
49 0.320211 0.922414 -0.254887
50 0.347237 0.935515 -0.242232
51 0.362537 0.946842 -0.224211
52 0.374312 0.954379 -0.202713
53 0.382174 0.962072 -0.172660
54 0.386252 0.963437 -0.129138
55 0.374857 0.953024 -0.093037
56 0.359211 0.936799 -0.069855
57 0.342383 0.909638 -0.045076
58 0.327409 0.884189 -0.030322
59 0.313496 0.864134 -0.020755
Frame 298
30 0.291023 0.837917 -0.014198
31 0.266567 0.817202 -0.014900
32 0.246163 0.802439 -0.022627
33 0.224536 0.790414 -0.037528
34 0.208250 0.777349 -0.057162
35 0.182721 0.770137 -0.074494
36 0.165623 0.764492 -0.093040
37 0.141874 0.748737 -0.121335
38 0.128337 0.745314 -0.154573
39 0.128044 0.750902 -0.194324
40 0.136410 0.763259 -0.222484
41 0.149249 0.776603 -0.243033
42 0.164297 0.792958 -0.257300
43 0.181893 0.810992 -0.265370
44 0.208619 0.828185 -0.270269
45 0.229709 0.843510 -0.269519
46 0.252377 0.862816 -0.267264
47 0.280170 0.884473 -0.265459
48 0.298684 0.906206 -0.261305
49 0.318729 0.924556 -0.254115
50 0.345791 0.937571 -0.241441
51 0.361128 0.948836 -0.223408
52 0.372945 0.956328 -0.201908
53 0.380888 0.963977 -0.171855
54 0.385054 0.965351 -0.128361
55 0.373701 0.954908 -0.092256
56 0.358025 0.938768 -0.069085
57 0.341034 0.911547 -0.044330
58 0.325970 0.886037 -0.029654
59 0.311958 0.865940 -0.020105
Frame 299
30 0.289292 0.839652 -0.013554
31 0.264765 0.818966 -0.014296
32 0.244293 0.804243 -0.022044
33 0.222572 0.792259 -0.036940
34 0.206141 0.779227 -0.056533
35 0.180590 0.772047 -0.073882
36 0.163354 0.766509 -0.092450
37 0.139628 0.750942 -0.120881
38 0.126244 0.747680 -0.154173
39 0.126056 0.753379 -0.193947
40 0.134530 0.765778 -0.222100
41 0.147457 0.779104 -0.242615
42 0.162572 0.795431 -0.256841
43 0.180220 0.813431 -0.264869
44 0.206998 0.830564 -0.269720
45 0.228126 0.845834 -0.268931
46 0.250846 0.865077 -0.266629
47 0.278697 0.886660 -0.264766
48 0.297263 0.908334 -0.260562
49 0.317349 0.926621 -0.253329
50 0.344440 0.939547 -0.240617
51 0.359801 0.950748 -0.222564
52 0.371645 0.958193 -0.201049
53 0.379645 0.965794 -0.170994
54 0.383868 0.967173 -0.127521
55 0.372529 0.956712 -0.091415
56 0.356807 0.940662 -0.068255
57 0.339633 0.913387 -0.043534
58 0.324466 0.887822 -0.028946
59 0.310343 0.867688 -0.019430
Frame 300
30 0.287476 0.841338 -0.012912
31 0.262870 0.820690 -0.013710
32 0.242330 0.806012 -0.021494
33 0.220519 0.794076 -0.036393
34 0.203949 0.781078 -0.055949
35 0.178384 0.773932 -0.073326
36 0.161008 0.768510 -0.091928
37 0.137320 0.753138 -0.120519
38 0.124119 0.750039 -0.153872
39 0.124062 0.755851 -0.193671
40 0.132668 0.768292 -0.221808
41 0.145698 0.781600 -0.242282
42 0.160894 0.797895 -0.256458
43 0.178603 0.815857 -0.264433
44 0.205441 0.832922 -0.269218
45 0.226611 0.848130 -0.268377
46 0.249386 0.867305 -0.266013
47 0.277296 0.888807 -0.264077
48 0.295918 0.910418 -0.259811
49 0.316044 0.928636 -0.252524
50 0.343160 0.941464 -0.239758
51 0.358535 0.952598 -0.221671
52 0.370392 0.959993 -0.200135
53 0.378431 0.967542 -0.170067
54 0.382682 0.968918 -0.126613
55 0.371335 0.958446 -0.090509
56 0.355553 0.942486 -0.067364
57 0.338179 0.915161 -0.042686
58 0.322897 0.889544 -0.028200
59 0.308653 0.869379 -0.018733
Frame 301
30 0.285562 0.842987 -0.012265
31 0.260872 0.822388 -0.013137
32 0.240264 0.807762 -0.020967
33 0.218368 0.795879 -0.035880
34 0.201661 0.782917 -0.055404
35 0.176087 0.775809 -0.072820
36 0.158574 0.770511 -0.091467
37 0.134932 0.755344 -0.120239
38 0.121941 0.752412 -0.153660
39 0.122041 0.758344 -0.193482
40 0.130801 0.770827 -0.221597
41 0.143948 0.784116 -0.242020
42 0.159239 0.800376 -0.256137
43 0.177018 0.818297 -0.264046
44 0.203923 0.835286 -0.268753
45 0.225137 0.850427 -0.267847
46 0.247972 0.869528 -0.265407
47 0.275945 0.890942 -0.263380
48 0.294625 0.912482 -0.259041
49 0.314794 0.930627 -0.251686
50 0.341929 0.943350 -0.238851
51 0.357310 0.954411 -0.220722
52 0.369168 0.961750 -0.199156
53 0.377228 0.969243 -0.169069
54 0.381485 0.970608 -0.125627
55 0.370108 0.960125 -0.089527
56 0.354254 0.944261 -0.066403
57 0.336663 0.916883 -0.041780
58 0.321253 0.891219 -0.027409
59 0.306879 0.871026 -0.018005
Frame 302
30 0.283542 0.844614 -0.011606
31 0.258762 0.824072 -0.012568
32 0.238084 0.809505 -0.020458
33 0.216105 0.797681 -0.035393
34 0.199265 0.784760 -0.054891
35 0.173687 0.777692 -0.072355
36 0.156039 0.772526 -0.091060
37 0.132447 0.757579 -0.120031
38 0.119692 0.754822 -0.153525
39 0.119973 0.760883 -0.193371
40 0.128909 0.773412 -0.221456
41 0.142186 0.786682 -0.241819
42 0.157582 0.802905 -0.255867
43 0.175441 0.820777 -0.263700
44 0.202420 0.837684 -0.268310
45 0.223683 0.852752 -0.267328
46 0.246580 0.871771 -0.264799
47 0.274620 0.893091 -0.262665
48 0.293362 0.914555 -0.258242
49 0.313574 0.932619 -0.250807
50 0.340725 0.945227 -0.237887
51 0.356105 0.956210 -0.219706
52 0.367954 0.963488 -0.198102
53 0.376022 0.970917 -0.167989
54 0.380262 0.972261 -0.124553
55 0.368839 0.961770 -0.088464
56 0.352902 0.946003 -0.065363
57 0.335077 0.918572 -0.040808
58 0.319527 0.892861 -0.026567
59 0.305010 0.872643 -0.017243
Frame 303
30 0.281407 0.846228 -0.010927
31 0.256528 0.825753 -0.011996
32 0.235780 0.811253 -0.019958
33 0.213719 0.799497 -0.034927
34 0.196746 0.786622 -0.054403
35 0.171169 0.779599 -0.071922
36 0.153387 0.774574 -0.090696
37 0.129849 0.759863 -0.119885
38 0.117354 0.757291 -0.153456
39 0.117838 0.763489 -0.193327
40 0.126968 0.776071 -0.221373
41 0.140388 0.789322 -0.241667
42 0.155902 0.805507 -0.255636
43 0.173848 0.823330 -0.263381
44 0.200908 0.840146 -0.267881
45 0.222222 0.855134 -0.266810
46 0.245187 0.874064 -0.264177
47 0.273297 0.895280 -0.261922
48 0.292104 0.916662 -0.257401
49 0.312361 0.934638 -0.249875
50 0.339525 0.947122 -0.236856
51 0.354898 0.958019 -0.218612
52 0.366730 0.965227 -0.196965
53 0.374795 0.972585 -0.166818
54 0.379002 0.973895 -0.123385
55 0.367516 0.963396 -0.087309
56 0.351488 0.947731 -0.064236
57 0.333409 0.920242 -0.039763
58 0.317707 0.894485 -0.025667
59 0.303038 0.874241 -0.016439
Frame 304
30 0.279145 0.847844 -0.010222
31 0.254163 0.827446 -0.011413
32 0.233341 0.813020 -0.019460
33 0.211199 0.801341 -0.034473
34 0.194091 0.788520 -0.053933
35 0.168519 0.781547 -0.071515
36 0.150605 0.776669 -0.090372
37 0.127118 0.762217 -0.119792
38 0.114907 0.759839 -0.153442
39 0.115613 0.766189 -0.193334
40 0.124957 0.778829 -0.221337
41 0.138533 0.792066 -0.241551
42 0.154175 0.808213 -0.255431
43 0.172216 0.825979 -0.263077
44 0.199364 0.842698 -0.267451
45 0.220733 0.857600 -0.266280
46 0.243768 0.876434 -0.263532
47 0.271954 0.897538 -0.261138
48 0.290829 0.918831 -0.256508
49 0.311133 0.936710 -0.248878
50 0.338307 0.949060 -0.235748
51 0.353670 0.959862 -0.217434
52 0.365478 0.966993 -0.195734
53 0.373530 0.974269 -0.165547
54 0.377692 0.975531 -0.122111
55 0.366130 0.965023 -0.086052
56 0.350003 0.949465 -0.063013
57 0.331652 0.921911 -0.038636
58 0.315787 0.896105 -0.024703
59 0.300953 0.875837 -0.015587
Frame 305
30 0.276749 0.849473 -0.009484
31 0.251655 0.829161 -0.010814
32 0.230755 0.814820 -0.018957
33 0.208531 0.803226 -0.034025
34 0.191288 0.790467 -0.053476
35 0.165725 0.783552 -0.071124
36 0.147681 0.778827 -0.090075
37 0.124241 0.764660 -0.119742
38 0.112334 0.762488 -0.153473
39 0.113279 0.769007 -0.193385
40 0.122856 0.781716 -0.221335
41 0.136598 0.794940 -0.241459
42 0.152379 0.811048 -0.255238
43 0.170521 0.828756 -0.262774
44 0.197763 0.845370 -0.267010
45 0.219189 0.860179 -0.265728
46 0.242299 0.878908 -0.262851
47 0.270565 0.899891 -0.260303
48 0.289513 0.921086 -0.255551
49 0.309866 0.938861 -0.247806
50 0.337049 0.951064 -0.234553
51 0.352398 0.961762 -0.216159
52 0.364178 0.968806 -0.194402
53 0.372213 0.975989 -0.164166
54 0.376316 0.977189 -0.120725
55 0.364672 0.966666 -0.084687
56 0.348440 0.951224 -0.061685
57 0.329797 0.923593 -0.037421
58 0.313756 0.897733 -0.023670
59 0.298745 0.877441 -0.014680
Frame 306
30 0.274206 0.851129 -0.008705
31 0.248994 0.830911 -0.010190
32 0.228014 0.816664 -0.018441
33 0.205706 0.805166 -0.033577
34 0.188321 0.792479 -0.053023
35 0.162772 0.785628 -0.070743
36 0.144601 0.781065 -0.089800
37 0.121199 0.767214 -0.119725
38 0.109615 0.765263 -0.153536
39 0.110815 0.771968 -0.193463
40 0.120642 0.784757 -0.221356
41 0.134561 0.797973 -0.241378
42 0.150491 0.814043 -0.255047
43 0.168742 0.831689 -0.262460
44 0.196081 0.848190 -0.266545
45 0.217569 0.862898 -0.265140
46 0.240758 0.881513 -0.262121
47 0.269108 0.902366 -0.259406
48 0.288133 0.923456 -0.254519
49 0.308537 0.941116 -0.246647
50 0.335728 0.953159 -0.233261
51 0.351062 0.963742 -0.214779
52 0.362811 0.970688 -0.192960
53 0.370825 0.977765 -0.162667
54 0.374864 0.978885 -0.119217
55 0.363129 0.968344 -0.083203
56 0.346789 0.953023 -0.060245
57 0.327834 0.925303 -0.036109
58 0.311606 0.899384 -0.022560
59 0.296405 0.879066 -0.013713
Frame 307
30 0.271509 0.852818 -0.007882
31 0.246174 0.832702 -0.009540
32 0.225111 0.818558 -0.017911
33 0.202717 0.807165 -0.033128
34 0.185192 0.794558 -0.052580
35 0.159662 0.787779 -0.070376
36 0.141369 0.783379 -0.089553
37 0.117999 0.769877 -0.119747
38 0.106757 0.768162 -0.153637
39 0.108230 0.775074 -0.193575
40 0.118324 0.787958 -0.221402
41 0.132429 0.801173 -0.241310
42 0.148516 0.817207 -0.254856
43 0.166879 0.834790 -0.262133
44 0.194322 0.851174 -0.266052
45 0.215873 0.865776 -0.264513
46 0.239144 0.884271 -0.261338
47 0.267579 0.904984 -0.258437
48 0.286683 0.925961 -0.253401
49 0.307138 0.943499 -0.245390
50 0.334335 0.955371 -0.231857
51 0.349651 0.965830 -0.213278
52 0.361365 0.972667 -0.191390
53 0.369354 0.979622 -0.161032
54 0.373319 0.980642 -0.117566
55 0.361487 0.970076 -0.081583
56 0.345036 0.954882 -0.058676
57 0.325749 0.927057 -0.034688
58 0.309323 0.901070 -0.021365
59 0.293922 0.880723 -0.012679
Frame 308
30 0.268685 0.854527 -0.007028
31 0.243226 0.834516 -0.008874
32 0.222080 0.820481 -0.017381
33 0.199604 0.809197 -0.032691
34 0.181939 0.796680 -0.052157
35 0.156436 0.789976 -0.070036
36 0.138029 0.785739 -0.089345
37 0.114687 0.772617 -0.119820
38 0.103805 0.771146 -0.153788
39 0.105568 0.778283 -0.193731
40 0.115944 0.791274 -0.221484
41 0.130243 0.804495 -0.241267
42 0.146493 0.820497 -0.254679
43 0.164973 0.838017 -0.261808
44 0.192521 0.854284 -0.265545
45 0.214135 0.868776 -0.263861
46 0.237486 0.887147 -0.260514
47 0.266008 0.907717 -0.257411
48 0.285189 0.928575 -0.252212
49 0.305694 0.945986 -0.244047
50 0.332892 0.957679 -0.230356
51 0.348184 0.968004 -0.211672
52 0.359857 0.974726 -0.189709
53 0.367816 0.981545 -0.159278
54 0.371693 0.982448 -0.115792
55 0.359756 0.971845 -0.079844
56 0.343192 0.956784 -0.056998
57 0.323560 0.928836 -0.033179
58 0.306928 0.902774 -0.020102
59 0.291316 0.882396 -0.011594
Frame 309
30 0.265775 0.856231 -0.006165
31 0.240193 0.836331 -0.008213
32 0.218966 0.822409 -0.016863
33 0.196412 0.811241 -0.032274
34 0.178607 0.798818 -0.051761
35 0.153137 0.792192 -0.069729
36 0.134629 0.788114 -0.089178
37 0.111310 0.775398 -0.119943
38 0.100800 0.774177 -0.153985
39 0.102863 0.781552 -0.193929
40 0.113533 0.794658 -0.221604
41 0.128033 0.807891 -0.241252
42 0.144450 0.823862 -0.254521
43 0.163049 0.841320 -0.261492
44 0.190703 0.857466 -0.265038
45 0.212380 0.871845 -0.263198
46 0.235811 0.890088 -0.259670
47 0.264418 0.910510 -0.256353
48 0.283675 0.931248 -0.250981
49 0.304228 0.948526 -0.242653
50 0.331424 0.960034 -0.228795
51 0.346687 0.970221 -0.210002
52 0.358317 0.976820 -0.187957
53 0.366239 0.983494 -0.157448
54 0.370019 0.984264 -0.113936
55 0.357970 0.973621 -0.078028
56 0.341289 0.958690 -0.055249
57 0.321302 0.930610 -0.031618
58 0.304459 0.904471 -0.018801
59 0.288633 0.884062 -0.010484
Frame 310
30 0.262828 0.857910 -0.005316
31 0.237122 0.838125 -0.007572
32 0.215817 0.824320 -0.016371
33 0.193188 0.813269 -0.031888
34 0.175243 0.800945 -0.051398
35 0.149811 0.794402 -0.069459
36 0.131211 0.790480 -0.089054
37 0.107912 0.778188 -0.120114
38 0.097780 0.777216 -0.154226
39 0.100152 0.784836 -0.194168
40 0.111122 0.798061 -0.221760
41 0.125827 0.811309 -0.241269
42 0.142415 0.827251 -0.254388
43 0.161133 0.844644 -0.261196
44 0.188893 0.860667 -0.264543
45 0.210632 0.874932 -0.262543
46 0.234142 0.893044 -0.258828
47 0.262834 0.913315 -0.255288
48 0.282168 0.933927 -0.249738
49 0.302766 0.951070 -0.241242
50 0.329957 0.962389 -0.227211
51 0.345188 0.972433 -0.208305
52 0.356771 0.978907 -0.186177
53 0.364652 0.985428 -0.155587
54 0.368326 0.986054 -0.112044
55 0.356158 0.975366 -0.076181
56 0.339361 0.960569 -0.053474
57 0.319013 0.932349 -0.030041
58 0.301955 0.906133 -0.017495
59 0.285912 0.885697 -0.009377
Frame 311
30 0.259886 0.859541 -0.004501
31 0.234059 0.839876 -0.006969
32 0.212679 0.826189 -0.015918
33 0.189979 0.815258 -0.031540
34 0.171897 0.803035 -0.051075
35 0.146505 0.796575 -0.069227
36 0.127820 0.792808 -0.088973
37 0.104538 0.780951 -0.120332
38 0.094781 0.780225 -0.154509
39 0.097468 0.788091 -0.194447
40 0.108740 0.801437 -0.221953
41 0.123652 0.814698 -0.241322
42 0.140414 0.830609 -0.254288
43 0.159253 0.847937 -0.260930
44 0.187118 0.863836 -0.264075
45 0.208918 0.877984 -0.261912
46 0.232507 0.895961 -0.258008
47 0.261281 0.916079 -0.254244
48 0.280690 0.936564 -0.248512
49 0.301332 0.953570 -0.239846
50 0.328516 0.964696 -0.225641
51 0.343714 0.974595 -0.206622
52 0.355247 0.980943 -0.184408
53 0.363084 0.987308 -0.153736
54 0.366645 0.987784 -0.110161
55 0.354355 0.977052 -0.074345
56 0.337437 0.962381 -0.051711
57 0.316730 0.934022 -0.028486
58 0.299456 0.907734 -0.016213
59 0.283195 0.887276 -0.008300
Frame 312
30 0.256995 0.861103 -0.003742
31 0.231050 0.841560 -0.006419
32 0.209598 0.827993 -0.015516
33 0.186832 0.817182 -0.031240
34 0.168614 0.805061 -0.050798
35 0.143263 0.798687 -0.069038
36 0.124499 0.795071 -0.088934
37 0.101232 0.783653 -0.120593
38 0.091845 0.783165 -0.154831
39 0.094845 0.791272 -0.194764
40 0.106417 0.804734 -0.222183
41 0.121539 0.818009 -0.241413
42 0.138474 0.833888 -0.254228
43 0.157431 0.851146 -0.260704
44 0.185401 0.866918 -0.263650
45 0.207261 0.880947 -0.261325
46 0.230928 0.898790 -0.257233
47 0.259784 0.918751 -0.253247
48 0.279266 0.939109 -0.247335
49 0.299953 0.955976 -0.238500
50 0.327128 0.966909 -0.224124
51 0.342292 0.976664 -0.204993
52 0.353776 0.982886 -0.182693
53 0.361565 0.989095 -0.151940
54 0.365009 0.989419 -0.108330
55 0.352591 0.978643 -0.072563
56 0.335553 0.964096 -0.050005
57 0.314489 0.935601 -0.026987
58 0.296999 0.909248 -0.014986
59 0.280525 0.888777 -0.007279
Frame 313
30 0.254200 0.862572 -0.003059
31 0.228140 0.843157 -0.005940
32 0.206621 0.829709 -0.015178
33 0.183793 0.819016 -0.030995
34 0.165439 0.806996 -0.050571
35 0.140128 0.800709 -0.068894
36 0.121292 0.797243 -0.088937
37 0.098035 0.786260 -0.120895
38 0.089007 0.785995 -0.155191
39 0.092316 0.794335 -0.195119
40 0.104183 0.807904 -0.222452
41 0.119514 0.821190 -0.241550
42 0.136619 0.837031 -0.254215
43 0.155696 0.854221 -0.260530
44 0.183768 0.869861 -0.263282
45 0.205688 0.883771 -0.260801
46 0.229430 0.901478 -0.256525
47 0.258366 0.921283 -0.252322
48 0.277921 0.941512 -0.246237
49 0.298653 0.958240 -0.237238
50 0.325819 0.968982 -0.222696
51 0.340949 0.978594 -0.203458
52 0.352383 0.984694 -0.181074
53 0.360124 0.990752 -0.150244
54 0.363451 0.990924 -0.106597
55 0.350901 0.980108 -0.070879
56 0.333739 0.965677 -0.048393
57 0.312328 0.937058 -0.025583
58 0.294625 0.910651 -0.013846
59 0.277944 0.890175 -0.006341
Frame 314
30 0.251528 0.863933 -0.002465
31 0.225357 0.844647 -0.005539
32 0.203775 0.831319 -0.014910
33 0.180891 0.820741 -0.030811
34 0.162402 0.808821 -0.050397
35 0.137130 0.802622 -0.068795
36 0.118223 0.799304 -0.088980
37 0.094976 0.788744 -0.121238
38 0.086290 0.788691 -0.155588
39 0.089903 0.797248 -0.195513
40 0.102055 0.810916 -0.222763
41 0.117596 0.824207 -0.241736
42 0.134870 0.840007 -0.254256
43 0.154063 0.857122 -0.260416
44 0.182236 0.872630 -0.262981
45 0.204213 0.886421 -0.260350
46 0.228031 0.903991 -0.255899
47 0.257045 0.923638 -0.251489
48 0.276673 0.943740 -0.245237
49 0.297449 0.960330 -0.236081
50 0.324607 0.970883 -0.221379
51 0.339704 0.980357 -0.202040
52 0.351090 0.986340 -0.179574
53 0.358781 0.992252 -0.148671
54 0.361987 0.992281 -0.104989
55 0.349303 0.981427 -0.069317
56 0.332016 0.967102 -0.046901
57 0.310268 0.938374 -0.024294
58 0.292357 0.911924 -0.012809
59 0.275478 0.891455 -0.005500
Frame 315
30 0.248931 0.865195 -0.001937
31 0.222657 0.846043 -0.005201
32 0.201015 0.832832 -0.014700
33 0.178084 0.822371 -0.030679
34 0.159463 0.810549 -0.050273
35 0.134230 0.804439 -0.068742
36 0.115257 0.801270 -0.089068
37 0.092019 0.791125 -0.121627
38 0.083669 0.791271 -0.156030
39 0.087584 0.800039 -0.195954
40 0.100016 0.813796 -0.223120
41 0.115770 0.827091 -0.241973
42 0.133212 0.842847 -0.254348
43 0.152521 0.859885 -0.260356
44 0.180793 0.875257 -0.262737
45 0.202828 0.888928 -0.259957
46 0.226718 0.906361 -0.255334
47 0.255809 0.925853 -0.250719
48 0.275508 0.945825 -0.244305
49 0.296326 0.962279 -0.234995
50 0.323474 0.972645 -0.220135
51 0.338538 0.981985 -0.200697
52 0.349875 0.987853 -0.178149
53 0.357512 0.993623 -0.147178
54 0.360594 0.993510 -0.103454
55 0.347769 0.982622 -0.067829
56 0.330350 0.968398 -0.045483
57 0.308269 0.939568 -0.023077
58 0.290153 0.913082 -0.011843
59 0.273080 0.892628 -0.004730
Frame 316
30 0.246348 0.866377 -0.001448
31 0.219974 0.847361 -0.004905
32 0.198280 0.834269 -0.014535
33 0.175311 0.823923 -0.030590
34 0.156563 0.812201 -0.050192
35 0.131374 0.806181 -0.068730
36 0.112341 0.803164 -0.089201
37 0.089119 0.793430 -0.122072
38 0.081099 0.793771 -0.156530
39 0.085326 0.802745 -0.196451
40 0.098041 0.816590 -0.223529
41 0.114013 0.829887 -0.242259
42 0.131626 0.845598 -0.254487
43 0.151052 0.862558 -0.260339
44 0.179419 0.877794 -0.262531
45 0.201510 0.891344 -0.259600
46 0.225472 0.908639 -0.254799
47 0.254635 0.927972 -0.249975
48 0.274403 0.947816 -0.243396
49 0.295263 0.964133 -0.233928
50 0.322396 0.974311 -0.218908
51 0.337421 0.983518 -0.199371
52 0.348705 0.989274 -0.176739
53 0.356281 0.994903 -0.145696
54 0.359229 0.994648 -0.101928
55 0.346255 0.983725 -0.066353
56 0.328698 0.969598 -0.044077
57 0.306279 0.940665 -0.021882
58 0.287956 0.914147 -0.010903
59 0.270691 0.893713 -0.003991
Frame 317
30 0.243715 0.867495 -0.000967
31 0.217245 0.848617 -0.004629
32 0.195507 0.835645 -0.014396
33 0.172510 0.825418 -0.030535
34 0.153644 0.813798 -0.050148
35 0.128508 0.807873 -0.068759
36 0.109422 0.805008 -0.089383
37 0.086225 0.795689 -0.122580
38 0.078543 0.796223 -0.157093
39 0.083097 0.805409 -0.197010
40 0.096104 0.819342 -0.223993
41 0.112302 0.832643 -0.242595
42 0.130093 0.848310 -0.254666
43 0.149636 0.865192 -0.260353
44 0.178100 0.880290 -0.262344
45 0.200243 0.893718 -0.259252
46 0.224273 0.910874 -0.254265
47 0.253506 0.930047 -0.249220
48 0.273337 0.949760 -0.242467
49 0.294234 0.965939 -0.232832
50 0.321345 0.975929 -0.217641
51 0.336324 0.985001 -0.198001
52 0.347548 0.990644 -0.175279
53 0.355055 0.996129 -0.144162
54 0.357853 0.995728 -0.100344
55 0.344716 0.984768 -0.064822
56 0.327013 0.970736 -0.042623
57 0.304243 0.941696 -0.020653
58 0.285709 0.915143 -0.009945
59 0.268251 0.894730 -0.003248
Frame 318
30 0.240967 0.868566 -0.000468
31 0.214407 0.849829 -0.004352
32 0.192633 0.836980 -0.014270
33 0.169624 0.826875 -0.030504
34 0.150650 0.815362 -0.050138
35 0.125579 0.809535 -0.068829
36 0.106452 0.806825 -0.089619
37 0.083294 0.797930 -0.123161
38 0.075961 0.798664 -0.157732
39 0.080864 0.808069 -0.197640
40 0.094180 0.822097 -0.224517
41 0.110618 0.835408 -0.242979
42 0.128591 0.851032 -0.254879
43 0.148254 0.867835 -0.260387
44 0.176815 0.882794 -0.262158
45 0.199009 0.896100 -0.258890
46 0.223101 0.913114 -0.253700
47 0.252399 0.932124 -0.248414
48 0.272290 0.951706 -0.241471
49 0.293216 0.967743 -0.231655
50 0.320295 0.977541 -0.216278
51 0.335218 0.986474 -0.196525
52 0.346371 0.992002 -0.173707
53 0.353796 0.997337 -0.142508
54 0.356422 0.996782 -0.098637
55 0.343108 0.985783 -0.063173
56 0.325249 0.971844 -0.041060
57 0.302110 0.942684 -0.019338
58 0.283355 0.916091 -0.008924
59 0.265697 0.895700 -0.002462
Frame 319
30 0.238041 0.869611 0.000077
31 0.211396 0.851016 -0.004055
32 0.189597 0.838294 -0.014142
33 0.166590 0.828314 -0.030490
34 0.147523 0.816916 -0.050157
35 0.122535 0.811189 -0.068939
36 0.103380 0.808636 -0.089912
37 0.080281 0.800182 -0.123823
38 0.073315 0.801127 -0.158456
39 0.078598 0.810767 -0.198347
40 0.092246 0.824898 -0.225104
41 0.108939 0.838227 -0.243408
42 0.127105 0.853812 -0.255118
43 0.146890 0.870537 -0.260425
44 0.175548 0.885357 -0.261951
45 0.197788 0.898538 -0.258487
46 0.221939 0.915407 -0.253070
47 0.251294 0.934252 -0.247515
48 0.271236 0.953697 -0.240363
49 0.292184 0.969590 -0.230345
50 0.319219 0.979190 -0.214760
51 0.334071 0.987980 -0.194883
52 0.345140 0.993388 -0.171958
53 0.352467 0.998561 -0.140668
54 0.354897 0.997838 -0.096737
55 0.341385 0.986797 -0.061343
56 0.323358 0.972955 -0.039326
57 0.299823 0.943654 -0.017885
58 0.280838 0.917012 -0.007798
59 0.262968 0.896640 -0.001599
Frame 320
30 0.234872 0.870644 0.000693
31 0.208147 0.852195 -0.003720
32 0.186336 0.839602 -0.014001
33 0.163350 0.829756 -0.030485
34 0.144208 0.818479 -0.050203
35 0.119324 0.812859 -0.069091
36 0.100157 0.810464 -0.090268
37 0.077142 0.802477 -0.124576
38 0.070568 0.803648 -0.159274
39 0.076271 0.813544 -0.199139
40 0.090278 0.827792 -0.225754
41 0.107244 0.841147 -0.243879
42 0.125615 0.856699 -0.255374
43 0.145527 0.873348 -0.260455
44 0.174282 0.888028 -0.261702
45 0.196563 0.901080 -0.258017
46 0.220765 0.917801 -0.252344
47 0.250170 0.936477 -0.246485
48 0.270157 0.955781 -0.239096
49 0.291114 0.971524 -0.228849
50 0.318088 0.980922 -0.213030
51 0.332853 0.989560 -0.193011
52 0.343821 0.994838 -0.169969
53 0.351030 0.999837 -0.138575
54 0.353231 0.998929 -0.094579
55 0.339501 0.987839 -0.059267
56 0.321291 0.974099 -0.037361
57 0.297328 0.944629 -0.016241
58 0.278099 0.917927 -0.006524
59 0.260003 0.897571 -0.000623
Frame 321
30 0.231396 0.871685 0.001406
31 0.204598 0.853384 -0.003329
32 0.182791 0.840928 -0.013833
33 0.159844 0.831223 -0.030483
34 0.140645 0.820079 -0.050273
35 0.115895 0.814571 -0.069288
36 0.096738 0.812329 -0.090694
37 0.073833 0.804845 -0.125431
38 0.067684 0.806263 -0.160195
39 0.073854 0.816441 -0.200020
40 0.088257 0.830824 -0.226471
41 0.105516 0.844219 -0.244386
42 0.124106 0.859744 -0.255636
43 0.144149 0.876318 -0.260458
44 0.173001 0.890857 -0.261387
45 0.195316 0.903778 -0.257448
46 0.219563 0.920345 -0.251484
47 0.249007 0.938847 -0.245279
48 0.269027 0.958004 -0.237621
49 0.289980 0.973589 -0.227115
50 0.316874 0.982774 -0.211028
51 0.331532 0.991252 -0.190848
52 0.342378 0.996390 -0.167674
53 0.349446 1.001196 -0.136161
54 0.351379 1.000078 -0.092094
55 0.337404 0.988937 -0.056882
56 0.318998 0.975302 -0.035104
57 0.294570 0.945629 -0.014353
58 0.275079 0.918855 -0.005059
59 0.256739 0.898510 0.000500
Frame 322
30 0.227580 0.872742 0.002228
31 0.200717 0.854594 -0.002874
32 0.178927 0.842281 -0.013632
33 0.156043 0.832725 -0.030480
34 0.136812 0.821724 -0.050367
35 0.112223 0.816335 -0.069528
36 0.093100 0.814243 -0.091190
37 0.070339 0.807302 -0.126390
38 0.064649 0.808990 -0.161221
39 0.071336 0.819481 -0.200988
40 0.086171 0.834018 -0.227246
41 0.103746 0.847465 -0.244919
42 0.122568 0.862970 -0.255891
43 0.142745 0.879470 -0.260421
44 0.171694 0.893868 -0.260988
45 0.194037 0.906653 -0.256762
46 0.218316 0.923062 -0.250467
47 0.247789 0.941381 -0.243872
48 0.267831 0.960385 -0.235909
49 0.288765 0.975806 -0.225108
50 0.315557 0.984768 -0.208719
51 0.330083 0.993074 -0.188357
52 0.340786 0.998060 -0.165037
53 0.347688 1.002652 -0.133389
54 0.349315 1.001296 -0.089246
55 0.335067 0.990098 -0.054152
56 0.316450 0.976573 -0.032523
57 0.291517 0.946661 -0.012198
58 0.271747 0.919804 -0.003382
59 0.253144 0.899467 0.001788
Frame 323
30 0.223518 0.873791 0.003128
31 0.196596 0.855798 -0.002372
32 0.174839 0.843634 -0.013409
33 0.152035 0.834232 -0.030477
34 0.132791 0.823383 -0.050480
35 0.108388 0.818117 -0.069805
36 0.089324 0.816165 -0.091738
37 0.066733 0.809800 -0.127420
38 0.061523 0.811776 -0.162316
39 0.068761 0.822598 -0.202008
40 0.084056 0.837302 -0.228051
41 0.101958 0.850811 -0.245457
42 0.121022 0.866300 -0.256125
43 0.141334 0.882727 -0.260336
44 0.170376 0.896982 -0.260510
45 0.192739 0.909628 -0.255973
46 0.217042 0.925874 -0.249320
47 0.246533 0.944007 -0.242302
48 0.266584 0.962852 -0.234007
49 0.287486 0.978102 -0.222889
50 0.314159 0.986836 -0.206173
51 0.328536 0.994961 -0.185615
52 0.339079 0.999786 -0.162139
53 0.345795 1.004148 -0.130343
54 0.347081 1.002530 -0.086120
55 0.332539 0.991277 -0.051164
56 0.313700 0.977855 -0.029700
57 0.288244 0.947683 -0.009844
58 0.268184 0.920740 -0.001548
59 0.249306 0.900413 0.003196
Frame 324
30 0.219334 0.874798 0.004068
31 0.192362 0.856965 -0.001847
32 0.170649 0.844951 -0.013174
33 0.147936 0.835706 -0.030474
34 0.128695 0.825012 -0.050605
35 0.104493 0.819870 -0.070101
36 0.085506 0.818044 -0.092313
37 0.063105 0.812275 -0.128479
38 0.058383 0.814544 -0.163434
39 0.066189 0.825707 -0.203039
40 0.081954 0.840582 -0.228851
41 0.100188 0.854154 -0.245974
42 0.119493 0.869630 -0.256325
43 0.139938 0.885985 -0.260203
44 0.169068 0.900096 -0.259970
45 0.191444 0.912601 -0.255109
46 0.215763 0.928681 -0.248085
47 0.245261 0.946623 -0.240629
48 0.265314 0.965309 -0.231991
49 0.286172 0.980385 -0.220544
50 0.312713 0.988888 -0.203490
51 0.326931 0.996829 -0.182729
52 0.337303 1.001489 -0.159091
53 0.343820 1.005612 -0.127142
54 0.344747 1.003717 -0.082838
55 0.329895 0.992412 -0.048033
56 0.310831 0.979079 -0.026747
57 0.284851 0.948643 -0.007388
58 0.264498 0.921623 0.000369
59 0.245343 0.901310 0.004669
Frame 325
30 0.215156 0.875728 0.005010
31 0.188141 0.858058 -0.001321
32 0.166476 0.846195 -0.012936
33 0.143863 0.837102 -0.030469
34 0.124634 0.826564 -0.050733
35 0.100639 0.821545 -0.070403
36 0.081744 0.819831 -0.092886
37 0.059546 0.814660 -0.129525
38 0.055302 0.817222 -0.164531
39 0.063674 0.828717 -0.204039
40 0.079903 0.843762 -0.229614
41 0.098462 0.857396 -0.246449
42 0.118004 0.872856 -0.256482
43 0.138576 0.889135 -0.260027
44 0.167788 0.903104 -0.259386
45 0.190172 0.915468 -0.254202
46 0.214498 0.931384 -0.246807
47 0.243999 0.949135 -0.238914
48 0.264047 0.967661 -0.229934
49 0.284855 0.982564 -0.218161
50 0.311259 0.990838 -0.200770
51 0.325312 0.998599 -0.179806
52 0.335510 1.003094 -0.156008
53 0.341821 1.006979 -0.123904
54 0.342379 1.004798 -0.079523
55 0.327216 0.993447 -0.044875
56 0.307928 0.980179 -0.023775
57 0.281439 0.949492 -0.004924
58 0.260802 0.922413 0.002295
59 0.241376 0.902123 0.006148
Frame 326
30 0.211109 0.876547 0.005922
31 0.184057 0.859043 -0.000810
32 0.162444 0.847327 -0.012702
33 0.139928 0.838381 -0.030456
34 0.120717 0.827993 -0.050852
35 0.096924 0.823091 -0.070690
36 0.078131 0.821471 -0.093427
37 0.056136 0.816890 -0.130513
38 0.052350 0.819730 -0.165564
39 0.061265 0.831541 -0.204969
40 0.077941 0.846744 -0.230310
41 0.096809 0.860431 -0.246865
42 0.116578 0.875872 -0.256589
43 0.137268 0.892077 -0.259814
44 0.166554 0.905904 -0.258779
45 0.188942 0.918130 -0.253286
46 0.213273 0.933884 -0.245535
47 0.242769 0.951447 -0.237223
48 0.262810 0.969817 -0.227916
49 0.283566 0.984551 -0.215830
50 0.309833 0.992605 -0.198117
51 0.323725 1.000191 -0.176960
52 0.333753 1.004529 -0.153005
53 0.339859 1.008183 -0.120752
54 0.340054 1.005719 -0.076296
55 0.324583 0.994329 -0.041805
56 0.305079 0.981098 -0.020894
57 0.278114 0.950188 -0.002543
58 0.257206 0.923073 0.004162
59 0.237525 0.902815 0.007582
Frame 327
30 0.207320 0.877220 0.006771
31 0.180236 0.859881 -0.000331
32 0.158672 0.848306 -0.012476
33 0.136245 0.839497 -0.030431
34 0.117051 0.829251 -0.050948
35 0.093445 0.824458 -0.070941
36 0.074756 0.822918 -0.093905
37 0.052958 0.818895 -0.131402
38 0.049591 0.821991 -0.166488
39 0.059010 0.834088 -0.205793
40 0.076101 0.849429 -0.230913
41 0.095255 0.863158 -0.247207
42 0.115231 0.878573 -0.256644
43 0.136031 0.894703 -0.259574
44 0.165384 0.908392 -0.258177
45 0.187775 0.920485 -0.252400
46 0.212108 0.936084 -0.244322
47 0.241601 0.953464 -0.235625
48 0.261634 0.971686 -0.226019
49 0.282343 0.986260 -0.213644
50 0.308479 0.994105 -0.195637
51 0.322220 1.001529 -0.174302
52 0.332088 1.005721 -0.150201
53 0.337998 1.009164 -0.117806
54 0.337850 1.006430 -0.073281
55 0.322085 0.995008 -0.038940
56 0.302375 0.981787 -0.018214
57 0.274981 0.950693 -0.000337
58 0.253826 0.923568 0.005898
59 0.233912 0.903352 0.008919
Frame 328
30 0.203881 0.877721 0.007538
31 0.176767 0.860544 0.000108
32 0.155246 0.849103 -0.012258
33 0.132896 0.840416 -0.030387
34 0.113711 0.830299 -0.051011
35 0.090270 0.825608 -0.071138
36 0.071677 0.824135 -0.094300
37 0.050061 0.820627 -0.132161
38 0.047069 0.823945 -0.167274
39 0.056940 0.836288 -0.206485
40 0.074403 0.851745 -0.231407
41 0.093811 0.865500 -0.247467
42 0.113975 0.880883 -0.256650
43 0.134875 0.896937 -0.259318
44 0.164289 0.910494 -0.257603
45 0.186684 0.922460 -0.251575
46 0.211020 0.937912 -0.243210
47 0.240511 0.955121 -0.234174
48 0.260542 0.973204 -0.224303
49 0.281209 0.987628 -0.211677
50 0.307229 0.995282 -0.193410
51 0.320837 1.002562 -0.171916
52 0.330559 1.006624 -0.147684
53 0.336290 1.009880 -0.115158
54 0.335829 1.006901 -0.070565
55 0.319794 0.995451 -0.036356
56 0.299896 0.982222 -0.015801
57 0.272119 0.950986 0.001643
58 0.250746 0.923870 0.007461
59 0.230627 0.903707 0.010124
Frame 329
30 0.200749 0.878055 0.008235
31 0.173607 0.861038 0.000514
32 0.152124 0.849724 -0.012046
33 0.129836 0.841149 -0.030325
34 0.110659 0.831147 -0.051044
35 0.087360 0.826550 -0.071289
36 0.068854 0.825141 -0.094625
37 0.047409 0.822100 -0.132804
38 0.044753 0.825617 -0.167940
39 0.055026 0.838171 -0.207061
40 0.072828 0.853722 -0.231809
41 0.092462 0.867493 -0.247658
42 0.112797 0.882838 -0.256617
43 0.133787 0.898817 -0.259053
44 0.163256 0.912247 -0.257055
45 0.185656 0.924093 -0.250805
46 0.209997 0.939407 -0.242186
47 0.239490 0.956452 -0.232851
48 0.259521 0.974406 -0.222748
49 0.280154 0.988692 -0.209898
50 0.306069 0.996169 -0.191403
51 0.319559 1.003320 -0.169768
52 0.329152 1.007267 -0.145417
53 0.334720 1.010355 -0.112767
54 0.333974 1.007154 -0.068103
55 0.317690 0.995681 -0.034012
56 0.297618 0.982433 -0.013609
57 0.269495 0.951088 0.003439
58 0.247926 0.923991 0.008880
59 0.227629 0.903889 0.011217
Frame 330
30 0.197845 0.878240 0.008882
31 0.170677 0.861380 0.000898
32 0.149229 0.850184 -0.011834
33 0.126997 0.841714 -0.030249
34 0.107822 0.831821 -0.051055
35 0.084652 0.827312 -0.071406
36 0.066227 0.825963 -0.094896
37 0.044945 0.823357 -0.133361
38 0.042595 0.827049 -0.168514
39 0.053234 0.839791 -0.207552
40 0.071347 0.855422 -0.232138
41 0.091184 0.869198 -0.247795
42 0.111673 0.884504 -0.256551
43 0.132750 0.900409 -0.258778
44 0.162269 0.913717 -0.256524
45 0.184674 0.925448 -0.250074
46 0.209022 0.940632 -0.241227
47 0.238518 0.957520 -0.231622
48 0.258552 0.975354 -0.221308
49 0.279155 0.989506 -0.208257
50 0.304976 0.996820 -0.189556
51 0.318360 1.003852 -0.167794
52 0.327835 1.007695 -0.143332
53 0.333253 1.010632 -0.110565
54 0.332242 1.007222 -0.065825
55 0.315725 0.995727 -0.031839
56 0.295488 0.982456 -0.011578
57 0.267045 0.951020 0.005098
58 0.245299 0.923949 0.010188
59 0.224842 0.903917 0.012225
Frame 331
30 0.195091 0.878291 0.009495
31 0.167903 0.861585 0.001269
32 0.146487 0.850504 -0.011623
33 0.124306 0.842133 -0.030163
34 0.105133 0.832343 -0.051051
35 0.082081 0.827920 -0.071501
36 0.063734 0.826630 -0.095134
37 0.042612 0.824433 -0.133859
38 0.040547 0.828290 -0.169025
39 0.051527 0.841204 -0.207981
40 0.069932 0.856904 -0.232417
41 0.089956 0.870680 -0.247892
42 0.110591 0.885945 -0.256459
43 0.131745 0.901779 -0.258490
44 0.161313 0.914969 -0.255999
45 0.183723 0.926591 -0.249363
46 0.208076 0.941649 -0.240303
47 0.237575 0.958385 -0.230448
48 0.257613 0.976103 -0.219939
49 0.278189 0.990130 -0.206701
50 0.303922 0.997288 -0.187809
51 0.317208 1.004210 -0.165926
52 0.326576 1.007954 -0.141360
53 0.331854 1.010749 -0.108478
54 0.330589 1.007139 -0.063660
55 0.313849 0.995617 -0.029773
56 0.293451 0.982317 -0.009647
57 0.264704 0.950808 0.006670
58 0.242792 0.923767 0.011425
59 0.222190 0.903807 0.013175
Frame 332
30 0.192406 0.878225 0.010092
31 0.165204 0.861669 0.001633
32 0.143825 0.850701 -0.011410
33 0.121693 0.842428 -0.030073
34 0.102526 0.832738 -0.051045
35 0.079588 0.828400 -0.071590
36 0.061319 0.827169 -0.095357
37 0.040356 0.825369 -0.134328
38 0.038565 0.829383 -0.169503
39 0.049870 0.842462 -0.208376
40 0.068558 0.858228 -0.232664
41 0.088758 0.872005 -0.247962
42 0.109531 0.887229 -0.256345
43 0.130760 0.902993 -0.258187
44 0.160372 0.916070 -0.255467
45 0.182786 0.927584 -0.248651
46 0.207142 0.942520 -0.239385
47 0.236643 0.959109 -0.229287
48 0.256682 0.976714 -0.218590
49 0.277230 0.990618 -0.205172
50 0.302878 0.997626 -0.186097
51 0.316072 1.004439 -0.164100
52 0.325340 1.008088 -0.139432
53 0.330485 1.010743 -0.106433
54 0.328971 1.006931 -0.061535
55 0.312009 0.995384 -0.027746
56 0.291454 0.982045 -0.007757
57 0.262406 0.950474 0.008199
58 0.240333 0.923463 0.012624
59 0.219596 0.903580 0.014094
Frame 333
30 0.189713 0.878062 0.010688
31 0.162504 0.861650 0.001998
32 0.141167 0.850793 -0.011196
33 0.119088 0.842619 -0.029985
34 0.099933 0.833032 -0.051045
35 0.077111 0.828780 -0.071688
36 0.058923 0.827611 -0.095585
37 0.038127 0.826202 -0.134792
38 0.036604 0.830379 -0.169976
39 0.048232 0.843623 -0.208760
40 0.067197 0.859458 -0.232897
41 0.087570 0.873235 -0.248016
42 0.108477 0.888420 -0.256213
43 0.129778 0.904117 -0.257864
44 0.159430 0.917084 -0.254913
45 0.181845 0.928492 -0.247916
46 0.206201 0.943307 -0.238444
47 0.235699 0.959749 -0.228102
48 0.255737 0.977241 -0.217214
49 0.276255 0.991024 -0.203615
50 0.301817 0.997882 -0.184359
51 0.314921 1.004588 -0.162247
52 0.324092 1.008140 -0.137478
53 0.329107 1.010651 -0.104359
54 0.327340 1.006627 -0.059375
55 0.310153 0.995049 -0.025693
56 0.289437 0.981665 -0.005848
57 0.260083 0.950036 0.009732
58 0.237850 0.923058 0.013819
59 0.216982 0.903254 0.015007
Frame 334
30 0.186933 0.877815 0.011297
31 0.159726 0.861546 0.002369
32 0.138439 0.850800 -0.010983
33 0.116422 0.842728 -0.029906
34 0.097288 0.833251 -0.051064
35 0.074589 0.829090 -0.071811
36 0.056491 0.827984 -0.095840
37 0.035872 0.826973 -0.135283
38 0.034623 0.831323 -0.170472
39 0.046580 0.844743 -0.209158
40 0.065829 0.860652 -0.233134
41 0.086374 0.874435 -0.248062
42 0.107415 0.889587 -0.256063
43 0.128784 0.905218 -0.257514
44 0.158475 0.918077 -0.254322
45 0.180886 0.929378 -0.247136
46 0.205237 0.944071 -0.237447
47 0.234726 0.960366 -0.226849
48 0.254756 0.977743 -0.215762
49 0.275238 0.991403 -0.201972
50 0.300707 0.998108 -0.182528
51 0.313719 1.004700 -0.160300
52 0.322797 1.008151 -0.135426
53 0.327679 1.010506 -0.102182
54 0.325645 1.006253 -0.057112
55 0.308224 0.994638 -0.023549
56 0.287342 0.981198 -0.003860
57 0.257671 0.949513 0.011317
58 0.235270 0.922569 0.015044
59 0.214272 0.902847 0.015939
Frame 335
30 0.183986 0.877504 0.011933
31 0.156793 0.861374 0.002751
32 0.135570 0.850742 -0.010771
33 0.113626 0.842781 -0.029843
34 0.094526 0.833422 -0.051113
35 0.071965 0.829358 -0.071977
36 0.053968 0.828316 -0.096142
37 0.033543 0.827725 -0.135827
38 0.032581 0.832264 -0.171017
39 0.044885 0.845878 -0.209594
40 0.064428 0.861874 -0.233390
41 0.085152 0.875671 -0.248110
42 0.106328 0.890793 -0.255897
43 0.127765 0.906360 -0.257129
44 0.157490 0.919112 -0.253676
45 0.179892 0.930305 -0.246285
46 0.204228 0.944873 -0.236361
47 0.233701 0.961016 -0.225485
48 0.253714 0.978274 -0.214183
49 0.274150 0.991806 -0.200186
50 0.299519 0.998353 -0.180541
51 0.312433 1.004822 -0.158188
52 0.321415 1.008160 -0.133204
53 0.326161 1.010340 -0.099827
54 0.323836 1.005830 -0.054671
55 0.306166 0.994173 -0.021247
56 0.285109 0.980667 -0.001736
57 0.255096 0.948925 0.012996
58 0.232519 0.922015 0.016333
59 0.211388 0.902377 0.016913
Frame 336
30 0.180795 0.877147 0.012607
31 0.153630 0.861153 0.003146
32 0.132484 0.850640 -0.010564
33 0.110632 0.842799 -0.029805
34 0.091584 0.833572 -0.051207
35 0.069181 0.829612 -0.072202
36 0.051302 0.828639 -0.096514
37 0.031094 0.828495 -0.136452
38 0.030438 0.833251 -0.171640
39 0.043118 0.847087 -0.210087
40 0.062973 0.863187 -0.233680
41 0.083888 0.877008 -0.248166
42 0.105204 0.892106 -0.255712
43 0.126708 0.907611 -0.256700
44 0.156462 0.920254 -0.252956
45 0.178846 0.931335 -0.245337
46 0.203160 0.945773 -0.235151
47 0.232603 0.961757 -0.223968
48 0.252588 0.978889 -0.212423
49 0.272965 0.992285 -0.198199
50 0.298220 0.998662 -0.178330
51 0.311026 1.004996 -0.155843
52 0.319909 1.008205 -0.130739
53 0.324508 1.010184 -0.097218
54 0.321862 1.005379 -0.051977
55 0.303919 0.993672 -0.018723
56 0.282675 0.980087 0.000587
57 0.252292 0.948285 0.014816
58 0.229523 0.921415 0.017716
59 0.208252 0.901863 0.017951
Frame 337
30 0.177314 0.876754 0.013327
31 0.150192 0.860897 0.003554
32 0.129141 0.850511 -0.010367
33 0.107403 0.842799 -0.029802
34 0.088426 0.833720 -0.051355
35 0.066205 0.829876 -0.072501
36 0.048465 0.828972 -0.096973
37 0.028499 0.829313 -0.137178
38 0.028177 0.834317 -0.172358
39 0.041266 0.848406 -0.210653
40 0.061458 0.864630 -0.234011
41 0.082577 0.878488 -0.248233
42 0.104039 0.893567 -0.255506
43 0.125607 0.909013 -0.256219
44 0.155385 0.921546 -0.252149
45 0.177742 0.932509 -0.244275
46 0.202020 0.946810 -0.233796
47 0.231420 0.962627 -0.222267
48 0.251363 0.979623 -0.210451
49 0.271664 0.992875 -0.195970
50 0.296789 0.999068 -0.175856
51 0.309476 1.005250 -0.153217
52 0.318250 1.008313 -0.127982
53 0.322689 1.010059 -0.094303
54 0.319684 1.004912 -0.048980
55 0.301444 0.993146 -0.015926
56 0.280003 0.979462 0.003155
57 0.249219 0.947599 0.016814
58 0.226242 0.920772 0.019222
59 0.204821 0.901312 0.019071
Frame 338
30 0.173630 0.876323 0.014073
31 0.146563 0.860604 0.003963
32 0.125621 0.850346 -0.010187
33 0.104015 0.842776 -0.029835
34 0.085130 0.833855 -0.051558
35 0.063111 0.830132 -0.072871
36 0.045526 0.829299 -0.097509
37 0.025826 0.830153 -0.137988
38 0.025854 0.835428 -0.173153
39 0.039381 0.849793 -0.211276
40 0.059922 0.866157 -0.234372
41 0.081255 0.880062 -0.248306
42 0.102865 0.895128 -0.255281
43 0.124495 0.910515 -0.255695
44 0.154290 0.922938 -0.251272
45 0.176611 0.933779 -0.243121
46 0.200841 0.947937 -0.232326
47 0.230184 0.963581 -0.220422
48 0.250073 0.980435 -0.208314
49 0.270285 0.993537 -0.193556
50 0.295265 0.999538 -0.173174
51 0.307818 1.005556 -0.150375
52 0.316475 1.008458 -0.124995
53 0.320739 1.009944 -0.091146
54 0.317347 1.004413 -0.045744
55 0.298791 0.992584 -0.012917
56 0.277148 0.978776 0.005918
57 0.245948 0.946852 0.018951
58 0.222756 0.920081 0.020822
59 0.201182 0.900717 0.020252
Frame 339
30 0.169858 0.875847 0.014819
31 0.142856 0.860266 0.004358
32 0.122033 0.850140 -0.010032
33 0.100573 0.842713 -0.029905
34 0.081794 0.833956 -0.051812
35 0.059994 0.830356 -0.073302
36 0.042579 0.829593 -0.098110
37 0.023161 0.830970 -0.138857
38 0.023550 0.836530 -0.173999
39 0.037525 0.851185 -0.211933
40 0.058420 0.867698 -0.234749
41 0.079969 0.881654 -0.248380
42 0.101725 0.896713 -0.255040
43 0.123411 0.912041 -0.255143
44 0.153216 0.924356 -0.250350
45 0.175492 0.935075 -0.241912
46 0.199664 0.949090 -0.230787
47 0.228939 0.964558 -0.218493
48 0.248761 0.981268 -0.206080
49 0.268874 0.994217 -0.191034
50 0.293697 1.000023 -0.170376
51 0.306110 1.005871 -0.147406
52 0.314644 1.008602 -0.121874
53 0.318723 1.009810 -0.087851
54 0.314923 1.003870 -0.042380
55 0.296043 0.991971 -0.009797
56 0.274198 0.978021 0.008784
57 0.242578 0.946044 0.021152
58 0.219174 0.919339 0.022461
59 0.197447 0.900077 0.021451
Frame 340
30 0.166114 0.875325 0.015540
31 0.139185 0.859876 0.004724
32 0.118487 0.849878 -0.009908
33 0.097181 0.842594 -0.030013
34 0.078523 0.834000 -0.052111
35 0.056948 0.830524 -0.073784
36 0.039712 0.829829 -0.098761
37 0.020586 0.831723 -0.139760
38 0.021335 0.837571 -0.174871
39 0.035761 0.852517 -0.212605
40 0.057002 0.869181 -0.235131
41 0.078762 0.883193 -0.248452
42 0.100657 0.898245 -0.254792
43 0.122394 0.913519 -0.254578
44 0.152201 0.925730 -0.249413
45 0.174426 0.936330 -0.240684
46 0.198533 0.950203 -0.229227
47 0.227729 0.965497 -0.216540
48 0.247476 0.982066 -0.203819
49 0.267481 0.994865 -0.188483
50 0.292142 1.000477 -0.167546
51 0.304408 1.006154 -0.144405
52 0.312817 1.008710 -0.118718
53 0.316704 1.009632 -0.084521
54 0.312488 1.003268 -0.038992
55 0.293281 0.991297 -0.006669
56 0.271238 0.977191 0.011659
57 0.239207 0.945176 0.023349
58 0.215599 0.918546 0.024086
59 0.193728 0.899391 0.022629
Frame 341
30 0.162512 0.874751 0.016215
31 0.135663 0.859425 0.005052
32 0.115093 0.849550 -0.009817
33 0.093944 0.842402 -0.030155
34 0.075414 0.833963 -0.052450
35 0.054067 0.830606 -0.074305
36 0.037016 0.829975 -0.099445
37 0.018184 0.832366 -0.140673
38 0.019284 0.838495 -0.175744
39 0.034147 0.853725 -0.213274
40 0.055716 0.870535 -0.235507
41 0.077678 0.884600 -0.248522
42 0.099701 0.899648 -0.254547
43 0.121481 0.914872 -0.254023
44 0.151283 0.926987 -0.248492
45 0.173452 0.937474 -0.239479
46 0.197486 0.951213 -0.227696
47 0.226598 0.966340 -0.214627
48 0.246264 0.982772 -0.201607
49 0.266156 0.995429 -0.185986
50 0.290653 1.000857 -0.164776
51 0.302774 1.006367 -0.141468
52 0.311057 1.008750 -0.115625
53 0.314751 1.009387 -0.081264
54 0.310121 1.002605 -0.035692
55 0.290595 0.990560 -0.003631
56 0.268358 0.976292 0.014454
57 0.235940 0.944250 0.025470
58 0.212144 0.917706 0.025644
59 0.190142 0.898659 0.023748
Frame 342
30 0.159169 0.874119 0.016822
31 0.132401 0.858905 0.005331
32 0.111957 0.849140 -0.009763
33 0.090960 0.842119 -0.030329
34 0.072564 0.833824 -0.052820
35 0.051440 0.830576 -0.074854
36 0.034574 0.830004 -0.100147
37 0.016032 0.832853 -0.141570
38 0.017464 0.839246 -0.176596
39 0.032740 0.854740 -0.213922
40 0.054613 0.871687 -0.235871
41 0.076757 0.885802 -0.248593
42 0.098894 0.900847 -0.254317
43 0.120710 0.916028 -0.253499
44 0.150500 0.928056 -0.247621
45 0.172610 0.938439 -0.238340
46 0.196568 0.952056 -0.226249
47 0.225592 0.967028 -0.212818
48 0.245174 0.983335 -0.199514
49 0.264952 0.995861 -0.183626
50 0.289290 1.001120 -0.162155
51 0.301268 1.006472 -0.138689
52 0.309430 1.008690 -0.112697
53 0.312935 1.009056 -0.078186
54 0.307905 1.001878 -0.032586
55 0.288074 0.989762 -0.000781
56 0.265653 0.975327 0.017078
57 0.232877 0.943275 0.027447
58 0.208915 0.916819 0.027085
59 0.186801 0.897877 0.024773
Frame 343
30 0.156167 0.873483 0.017349
31 0.129482 0.858366 0.005557
32 0.109154 0.848699 -0.009746
33 0.088304 0.841790 -0.030531
34 0.070044 0.833620 -0.053213
35 0.049131 0.830469 -0.075419
36 0.032448 0.829952 -0.100852
37 0.014184 0.833209 -0.142436
38 0.015924 0.839843 -0.177411
39 0.031579 0.855575 -0.214541
40 0.053722 0.872644 -0.236221
41 0.076028 0.886803 -0.248670
42 0.098261 0.901848 -0.254116
43 0.120104 0.916990 -0.253027
44 0.149878 0.928945 -0.246828
45 0.171929 0.939236 -0.237299
46 0.195811 0.952745 -0.224926
47 0.224746 0.967577 -0.211163
48 0.244245 0.983773 -0.197599
49 0.263912 0.996184 -0.181464
50 0.288098 1.001291 -0.159754
51 0.299942 1.006501 -0.136143
52 0.307987 1.008570 -0.110009
53 0.311313 1.008687 -0.075369
54 0.305908 1.001148 -0.029759
55 0.285792 0.988966 0.001804
56 0.263195 0.974369 0.019460
57 0.230099 0.942317 0.029229
58 0.205994 0.915949 0.028372
59 0.183788 0.897105 0.025677
Frame 344
30 0.153464 0.872886 0.017805
31 0.126860 0.857852 0.005736
32 0.106644 0.848272 -0.009764
33 0.085934 0.841464 -0.030757
34 0.067810 0.833407 -0.053623
35 0.047099 0.830345 -0.075992
36 0.030593 0.829881 -0.101557
37 0.012598 0.833505 -0.143275
38 0.014629 0.840355 -0.178197
39 0.030634 0.856304 -0.215139
40 0.053018 0.873484 -0.236564
41 0.075468 0.887680 -0.248756
42 0.097785 0.902722 -0.253942
43 0.119649 0.917830 -0.252602
44 0.149405 0.929718 -0.246106
45 0.171397 0.939926 -0.236348
46 0.195204 0.953337 -0.223713
47 0.224051 0.968043 -0.209643
48 0.243468 0.984139 -0.195838
49 0.263027 0.996445 -0.179476
50 0.287068 1.001415 -0.157543
51 0.298785 1.006496 -0.133801
52 0.306721 1.008429 -0.107533
53 0.309875 1.008316 -0.072783
54 0.304113 1.000449 -0.027175
55 0.283727 0.988207 0.004157
56 0.260958 0.973452 0.021626
57 0.227572 0.941415 0.030834
58 0.203344 0.915133 0.029519
59 0.181064 0.896382 0.026473
Frame 345
30 0.150989 0.872301 0.018205
31 0.124466 0.857344 0.005878
32 0.104355 0.847846 -0.009807
33 0.083781 0.841135 -0.031001
34 0.065792 0.833181 -0.054048
35 0.045274 0.830203 -0.076572
36 0.028942 0.829794 -0.102261
37 0.011212 0.833755 -0.144094
38 0.013520 0.840805 -0.178965
39 0.029857 0.856951 -0.215722
40 0.052465 0.874231 -0.236903
41 0.075046 0.888458 -0.248850
42 0.097437 0.903495 -0.253790
43 0.119321 0.918571 -0.252213
44 0.149056 0.930394 -0.245434
45 0.170990 0.940524 -0.235460
46 0.194724 0.953842 -0.222578
47 0.223484 0.968428 -0.208220
48 0.242820 0.984430 -0.194189
49 0.262275 0.996639 -0.177612
50 0.286179 1.001479 -0.155468
51 0.297773 1.006437 -0.131608
52 0.305602 1.008244 -0.105208
53 0.308588 1.007913 -0.070362
54 0.302478 0.999742 -0.024765
55 0.281831 0.987444 0.006342
56 0.258889 0.972543 0.023630
57 0.225237 0.940533 0.032304
58 0.200900 0.914339 0.030558
59 0.178559 0.895680 0.027186
Frame 346
30 0.148667 0.871706 0.018564
31 0.122226 0.856825 0.005990
32 0.102217 0.847409 -0.009873
33 0.081778 0.840793 -0.031260
34 0.063924 0.832939 -0.054483
35 0.043592 0.830047 -0.077156
36 0.027430 0.829697 -0.102963
37 0.009963 0.833978 -0.144904
38 0.012543 0.841217 -0.179723
39 0.029201 0.857546 -0.216299
40 0.052025 0.874916 -0.237240
41 0.074733 0.889165 -0.248950
42 0.097193 0.904194 -0.253651
43 0.119096 0.919234 -0.251845
44 0.148810 0.930991 -0.244794
45 0.170687 0.941043 -0.234611
46 0.194349 0.954268 -0.221492
47 0.223025 0.968735 -0.206857
48 0.242282 0.984643 -0.192607
49 0.261635 0.996755 -0.175824
50 0.285404 1.001467 -0.153477
51 0.296879 1.006306 -0.129503
52 0.304603 1.007990 -0.102975
53 0.307418 1.007450 -0.068042
54 0.300960 0.998987 -0.022464
55 0.280053 0.986638 0.008420
56 0.256936 0.971598 0.025525
57 0.223029 0.939633 0.033679
58 0.198594 0.913535 0.031519
59 0.176202 0.894967 0.027837
Frame 347
30 0.146429 0.871079 0.018895
31 0.120068 0.856278 0.006080
32 0.100161 0.846947 -0.009957
33 0.079856 0.840430 -0.031533
34 0.062136 0.832680 -0.054925
35 0.041985 0.829876 -0.077741
36 0.025989 0.829597 -0.103663
37 0.008789 0.834193 -0.145712
38 0.011642 0.841613 -0.180480
39 0.028622 0.858115 -0.216875
40 0.051661 0.875566 -0.237579
41 0.074497 0.889832 -0.249052
42 0.097028 0.904844 -0.253515
43 0.118950 0.919843 -0.251483
44 0.148644 0.931526 -0.244162
45 0.170466 0.941495 -0.233774
46 0.194058 0.954622 -0.220421
47 0.222650 0.968964 -0.205511
48 0.241832 0.984775 -0.191048
49 0.261085 0.996786 -0.174062
50 0.284720 1.001364 -0.151514
51 0.296075 1.006082 -0.127428
52 0.303691 1.007640 -0.100774
53 0.306330 1.006891 -0.065757
54 0.299509 0.998142 -0.020204
55 0.278338 0.985746 0.010453
56 0.255043 0.970578 0.027365
57 0.220888 0.938679 0.034997
58 0.196359 0.912685 0.032432
59 0.173922 0.894215 0.028449
Frame 348
30 0.144200 0.870396 0.019210
31 0.117921 0.855687 0.006154
32 0.098118 0.846449 -0.010056
33 0.077950 0.840041 -0.031816
34 0.060363 0.832404 -0.055372
35 0.040389 0.829696 -0.078326
36 0.024557 0.829499 -0.104363
37 0.007632 0.834419 -0.146528
38 0.010767 0.842016 -0.181243
39 0.028075 0.858686 -0.217455
40 0.051338 0.876210 -0.237918
41 0.074309 0.890482 -0.249151
42 0.096917 0.905469 -0.253373
43 0.118862 0.920419 -0.251111
44 0.148536 0.932015 -0.243518
45 0.170303 0.941891 -0.232921
46 0.193827 0.954910 -0.219332
47 0.222336 0.969115 -0.204145
48 0.241445 0.984820 -0.189465
49 0.260600 0.996720 -0.172274
50 0.284098 1.001152 -0.149524
51 0.295333 1.005741 -0.125325
52 0.302835 1.007167 -0.098544
53 0.305284 1.006205 -0.063442
54 0.298080 0.997163 -0.017920
55 0.276633 0.984726 0.012500
56 0.253153 0.969441 0.029198
57 0.218750 0.937631 0.036296
58 0.194126 0.911758 0.033325
59 0.171650 0.893396 0.029042
Frame 349
30 0.141910 0.869636 0.019520
31 0.115713 0.855035 0.006218
32 0.096019 0.845904 -0.010165
33 0.075992 0.839620 -0.032106
34 0.058537 0.832107 -0.055821
35 0.038738 0.829507 -0.078909
36 0.023069 0.829410 -0.105059
37 0.006432 0.834672 -0.147359
38 0.009863 0.842450 -0.182023
39 0.027519 0.859285 -0.218043
40 0.051024 0.876876 -0.238257
41 0.074141 0.891147 -0.249240
42 0.096834 0.906097 -0.253212
43 0.118809 0.920983 -0.250711
44 0.148466 0.932475 -0.242835
45 0.170179 0.942244 -0.232023
46 0.193633 0.955138 -0.218188
47 0.222061 0.969186 -0.202716
48 0.241100 0.984772 -0.187813
49 0.260157 0.996545 -0.170411
50 0.283513 1.000814 -0.147451
51 0.294622 1.005261 -0.123133
52 0.302003 1.006540 -0.096223
53 0.304242 1.005355 -0.061030
54 0.296622 0.996005 -0.015546
55 0.274879 0.983528 0.014620
56 0.251206 0.968142 0.031077
57 0.216548 0.936454 0.037613
58 0.191827 0.910718 0.034223
59 0.169312 0.892480 0.029636
Frame 350
30 0.139485 0.868779 0.019835
31 0.113374 0.854309 0.006277
32 0.093794 0.845302 -0.010284
33 0.073917 0.839160 -0.032404
34 0.056593 0.831792 -0.056271
35 0.036971 0.829316 -0.079491
36 0.021464 0.829337 -0.105757
37 0.005134 0.834974 -0.148214
38 0.008881 0.842940 -0.182825
39 0.026911 0.859943 -0.218643
40 0.050683 0.877594 -0.238596
41 0.073967 0.891852 -0.249314
42 0.096759 0.906751 -0.253018
43 0.118768 0.921557 -0.250263
44 0.148410 0.932922 -0.242089
45 0.170067 0.942564 -0.231050
46 0.193454 0.955312 -0.216958
47 0.221802 0.969178 -0.201182
48 0.240772 0.984623 -0.186043
49 0.259729 0.996250 -0.168418
50 0.282935 1.000330 -0.145241
51 0.293912 1.004618 -0.120791
52 0.301158 1.005729 -0.093751
53 0.303162 1.004304 -0.058458
54 0.295079 0.994621 -0.013019
55 0.273018 0.982109 0.016871
56 0.249144 0.966636 0.033050
57 0.214219 0.935105 0.038983
58 0.189393 0.909535 0.035154
59 0.166839 0.891441 0.030248
Frame 351
30 0.136873 0.867810 0.020163
31 0.110850 0.853498 0.006332
32 0.091393 0.844637 -0.010412
33 0.071675 0.838662 -0.032709
34 0.054483 0.831460 -0.056726
35 0.035036 0.829122 -0.080078
36 0.019690 0.829288 -0.106463
37 0.003694 0.835344 -0.149102
38 0.007789 0.843505 -0.183657
39 0.026225 0.860681 -0.219259
40 0.050295 0.878387 -0.238931
41 0.073769 0.892619 -0.249365
42 0.096675 0.907450 -0.252780
43 0.118724 0.922155 -0.249752
44 0.148352 0.933366 -0.241260
45 0.169955 0.942858 -0.229978
46 0.193273 0.955434 -0.215611
47 0.221539 0.969086 -0.199512
48 0.240442 0.984371 -0.184120
49 0.259297 0.995825 -0.166259
50 0.282342 0.999687 -0.142849
51 0.293175 1.003792 -0.118260
52 0.300273 1.004713 -0.091082
53 0.302008 1.003026 -0.055679
54 0.293407 0.992979 -0.010293
55 0.271002 0.980435 0.019292
56 0.246916 0.964891 0.035149
57 0.211709 0.933561 0.040428
58 0.186771 0.908188 0.036133
59 0.164176 0.890260 0.030891
Frame 352
30 0.134095 0.866748 0.020496
31 0.108164 0.852617 0.006378
32 0.088838 0.843920 -0.010557
33 0.069290 0.838132 -0.033030
34 0.052231 0.831114 -0.057195
35 0.032956 0.828928 -0.080687
36 0.017775 0.829257 -0.107191
37 0.002142 0.835775 -0.150028
38 0.006616 0.844137 -0.184522
39 0.025490 0.861490 -0.219892
40 0.049881 0.879244 -0.239263
41 0.073565 0.893438 -0.249394
42 0.096596 0.908184 -0.252501
43 0.118693 0.922772 -0.249181
44 0.148307 0.933804 -0.240351
45 0.169852 0.943125 -0.228813
46 0.193096 0.955506 -0.214156
47 0.221278 0.968917 -0.197714
48 0.240114 0.984019 -0.182057
49 0.258863 0.995280 -0.163946
50 0.281735 0.998897 -0.140292
51 0.292414 1.002801 -0.115555
52 0.299346 1.003512 -0.088237
53 0.300784 1.001540 -0.052719
54 0.291615 0.991104 -0.007397
55 0.268841 0.978535 0.021857
56 0.244537 0.962941 0.037352
57 0.209040 0.931849 0.041935
58 0.183983 0.906699 0.037151
59 0.161347 0.888960 0.031556
Frame 353
30 0.131196 0.865616 0.020826
31 0.105358 0.851683 0.006410
32 0.086171 0.843165 -0.010724
33 0.066802 0.837579 -0.033373
34 0.049881 0.830757 -0.057687
35 0.030780 0.828731 -0.081324
36 0.015768 0.829243 -0.107950
37 0.000526 0.836252 -0.150993
38 0.005404 0.844820 -0.185419
39 0.024741 0.862350 -0.220542
40 0.049473 0.880146 -0.239595
41 0.073381 0.894293 -0.249405
42 0.096546 0.908939 -0.252185
43 0.118692 0.923394 -0.248559
44 0.148289 0.934228 -0.239377
45 0.169772 0.943361 -0.227571
46 0.192940 0.955531 -0.212611
47 0.221032 0.968676 -0.195813
48 0.239799 0.983580 -0.179877
49 0.258436 0.994631 -0.161506
50 0.281122 0.997982 -0.137599
51 0.291634 1.001668 -0.112710
52 0.298386 1.002154 -0.085249
53 0.299499 0.999883 -0.049619
54 0.289721 0.989044 -0.004380
55 0.266562 0.976456 0.024519
56 0.242034 0.960830 0.039626
57 0.206246 0.930011 0.043481
58 0.181070 0.905107 0.038189
59 0.158394 0.887572 0.032231
Frame 354
30 0.128214 0.864434 0.021146
31 0.102476 0.850712 0.006421
32 0.083430 0.842385 -0.010917
33 0.064250 0.837013 -0.033747
34 0.047476 0.830395 -0.058211
35 0.028555 0.828536 -0.081997
36 0.013720 0.829241 -0.108746
37 -0.001105 0.836760 -0.152000
38 0.004197 0.845536 -0.186350
39 0.024017 0.863243 -0.221211
40 0.049102 0.881075 -0.239926
41 0.073243 0.895165 -0.249400
42 0.096544 0.909701 -0.251839
43 0.118738 0.924011 -0.247895
44 0.148315 0.934631 -0.238350
45 0.169732 0.943566 -0.226267
46 0.192817 0.955508 -0.210995
47 0.220814 0.968373 -0.193827
48 0.239506 0.983066 -0.177605
49 0.258025 0.993894 -0.158966
50 0.280512 0.996963 -0.134801
51 0.290846 1.000420 -0.109756
52 0.297400 1.000669 -0.082154
53 0.298165 0.998090 -0.046422
54 0.287749 0.986847 -0.001290
55 0.264193 0.974249 0.027236
56 0.239438 0.958610 0.041935
57 0.203364 0.928087 0.045044
58 0.178071 0.903445 0.039235
59 0.155358 0.886126 0.032905
Frame 355
30 0.125193 0.863227 0.021447
31 0.099555 0.849721 0.006405
32 0.080658 0.841591 -0.011144
33 0.061676 0.836440 -0.034158
34 0.045058 0.830030 -0.058776
35 0.026325 0.828342 -0.082712
36 0.011680 0.829247 -0.109589
37 -0.002703 0.837285 -0.153049
38 0.003035 0.846269 -0.187315
39 0.023352 0.864147 -0.221896
40 0.048797 0.882010 -0.240259
41 0.073175 0.896036 -0.249384
42 0.096610 0.910454 -0.251470
43 0.118852 0.924613 -0.247200
44 0.148402 0.935008 -0.237281
45 0.169747 0.943736 -0.224916
46 0.192742 0.955443 -0.209325
47 0.220635 0.968015 -0.191780
48 0.239248 0.982491 -0.175265
49 0.257640 0.993087 -0.156354
50 0.279916 0.995864 -0.131926
51 0.290058 0.999084 -0.106727
52 0.296399 0.999089 -0.078987
53 0.296797 0.996199 -0.043168
54 0.285725 0.984561 0.001830
55 0.261766 0.971963 0.029964
56 0.236782 0.956327 0.044247
57 0.200432 0.926117 0.046604
58 0.175027 0.901748 0.040274
59 0.152282 0.884651 0.033569
Frame 356
30 0.122172 0.862013 0.021726
31 0.096639 0.848726 0.006357
32 0.077893 0.840796 -0.011408
33 0.059119 0.835868 -0.034612
34 0.042669 0.829668 -0.059390
35 0.024138 0.828151 -0.083477
36 0.009695 0.829257 -0.110485
37 -0.004223 0.837808 -0.154143
38 0.001961 0.847000 -0.188317
39 0.022784 0.865044 -0.222601
40 0.048587 0.882932 -0.240597
41 0.073199 0.896890 -0.249363
42 0.096766 0.911185 -0.251088
43 0.119050 0.925186 -0.246485
44 0.148567 0.935353 -0.236187
45 0.169832 0.943869 -0.223535
46 0.192729 0.955338 -0.207621
47 0.220508 0.967613 -0.189695
48 0.239033 0.981867 -0.172885
49 0.257290 0.992229 -0.153698
50 0.279343 0.994710 -0.129004
51 0.289281 0.997689 -0.103654
52 0.295393 0.997444 -0.075784
53 0.295411 0.994248 -0.039899
54 0.283674 0.982237 0.004933
55 0.259316 0.969651 0.032667
56 0.234100 0.954033 0.046531
57 0.197488 0.924141 0.048142
58 0.171981 0.900050 0.041292
59 0.149207 0.883175 0.034212
Frame 357
30 0.119193 0.860815 0.021974
31 0.093769 0.847741 0.006275
32 0.075178 0.840008 -0.011715
33 0.056618 0.835304 -0.035119
34 0.040352 0.829307 -0.060062
35 0.022037 0.827962 -0.084300
36 0.007814 0.829266 -0.111442
37 -0.005621 0.838315 -0.155284
38 0.001011 0.847711 -0.189356
39 0.022343 0.865913 -0.223328
40 0.048501 0.883822 -0.240945
41 0.073339 0.897710 -0.249342
42 0.097028 0.911880 -0.250703
43 0.119349 0.925723 -0.245763
44 0.148825 0.935661 -0.235082
45 0.170002 0.943967 -0.222141
46 0.192793 0.955197 -0.205903
47 0.220448 0.967177 -0.187594
48 0.238875 0.981210 -0.170487
49 0.256988 0.991338 -0.151026
50 0.278805 0.993524 -0.126067
51 0.288526 0.996263 -0.100570
52 0.294396 0.995771 -0.072582
53 0.294024 0.992280 -0.036655
54 0.281632 0.979926 0.007979
55 0.256876 0.967362 0.035304
56 0.231427 0.951773 0.048760
57 0.194570 0.922198 0.049642
58 0.168972 0.898382 0.042278
59 0.146177 0.881726 0.034827
Frame 358
30 0.116290 0.859639 0.022185
31 0.090974 0.846772 0.006151
32 0.072540 0.839234 -0.012070
33 0.054201 0.834749 -0.035684
34 0.038133 0.828951 -0.060803
35 0.020048 0.827772 -0.085193
36 0.006062 0.829275 -0.112476
37 -0.006870 0.838798 -0.156480
38 0.000210 0.848395 -0.190435
39 0.022050 0.866749 -0.224078
40 0.048552 0.884675 -0.241304
41 0.073605 0.898491 -0.249327
42 0.097406 0.912539 -0.250319
43 0.119755 0.926226 -0.245043
44 0.149180 0.935938 -0.233976
45 0.170264 0.944037 -0.220747
46 0.192938 0.955033 -0.204186
47 0.220458 0.966721 -0.185494
48 0.238779 0.980537 -0.168091
49 0.256737 0.990436 -0.148357
50 0.278308 0.992331 -0.123137
51 0.287801 0.994832 -0.097500
52 0.293415 0.994096 -0.069405
53 0.292651 0.990323 -0.033466
54 0.279622 0.977665 0.010936
55 0.254480 0.965131 0.037850
56 0.228795 0.949580 0.050913
57 0.191710 0.920311 0.051091
58 0.166033 0.896761 0.043223
59 0.143224 0.880315 0.035406
Frame 359
30 0.113437 0.858475 0.022360
31 0.088233 0.845809 0.005983
32 0.069959 0.838466 -0.012474
33 0.051848 0.834200 -0.036308
34 0.035989 0.828594 -0.061615
35 0.018146 0.827579 -0.086163
36 0.004412 0.829284 -0.113593
37 -0.007996 0.839268 -0.157731
38 -0.000463 0.849062 -0.191554
39 0.021884 0.867563 -0.224851
40 0.048721 0.885504 -0.241673
41 0.073981 0.899249 -0.249313
42 0.097884 0.913174 -0.249933
43 0.120254 0.926705 -0.244318
44 0.149620 0.936192 -0.232862
45 0.170601 0.944086 -0.219345
46 0.193149 0.954849 -0.202459
47 0.220523 0.966248 -0.183385
48 0.238729 0.979849 -0.165686
49 0.256524 0.989520 -0.145679
50 0.277837 0.991125 -0.120199
51 0.287091 0.993389 -0.094429
52 0.292437 0.992410 -0.066240
53 0.291279 0.988369 -0.030317
54 0.277630 0.975437 0.013821
55 0.252110 0.962942 0.040319
56 0.226183 0.947433 0.053004
57 0.188886 0.918458 0.052497
58 0.163142 0.895170 0.044132
59 0.140323 0.878930 0.035952
Frame 360
30 0.110599 0.857315 0.022502
31 0.085511 0.844850 0.005776
32 0.067400 0.837702 -0.012925
33 0.049522 0.833656 -0.036987
34 0.033886 0.828238 -0.062491
35 0.016296 0.827386 -0.087203
36 0.002832 0.829297 -0.114785
37 -0.009031 0.839734 -0.159037
38 -0.001036 0.849723 -0.192712
39 0.021823 0.868366 -0.225643
40 0.048988 0.886320 -0.242047
41 0.074449 0.899990 -0.249296
42 0.098446 0.913790 -0.249537
43 0.120831 0.927164 -0.243577
44 0.150129 0.936424 -0.231729
45 0.170999 0.944112 -0.217919
46 0.193411 0.954641 -0.200706
47 0.220630 0.965750 -0.181247
48 0.238710 0.979134 -0.163251
49 0.256330 0.988576 -0.142972
50 0.277374 0.989891 -0.117232
51 0.286377 0.991917 -0.091334
52 0.291443 0.990696 -0.063060
53 0.289886 0.986395 -0.027177
54 0.275628 0.973215 0.016667
55 0.249733 0.960767 0.042741
56 0.223558 0.945307 0.055054
57 0.186060 0.916623 0.053872
58 0.160258 0.893593 0.045012
59 0.137437 0.877556 0.036470
Frame 361
30 0.107735 0.856151 0.022615
31 0.082771 0.843887 0.005531
32 0.064827 0.836937 -0.013420
33 0.047192 0.833113 -0.037719
34 0.031790 0.827881 -0.063427
35 0.014466 0.827192 -0.088308
36 0.001288 0.829314 -0.116046
37 -0.010004 0.840205 -0.160395
38 -0.001536 0.850386 -0.193907
39 0.021842 0.869168 -0.226452
40 0.049333 0.887130 -0.242422
41 0.074992 0.900721 -0.249268
42 0.099077 0.914392 -0.249121
43 0.121470 0.927605 -0.242810
44 0.150690 0.936633 -0.230562
45 0.171441 0.944111 -0.216456
46 0.193708 0.954404 -0.198912
47 0.220759 0.965219 -0.179062
48 0.238704 0.978383 -0.160764
49 0.256140 0.987593 -0.140209
50 0.276900 0.988613 -0.114210
51 0.285639 0.990399 -0.088190
52 0.290410 0.988935 -0.059840
53 0.288447 0.984380 -0.024019
54 0.273584 0.970974 0.019506
55 0.247314 0.958581 0.045144
56 0.220881 0.943181 0.057083
57 0.183192 0.914788 0.055228
58 0.157342 0.892016 0.045872
59 0.134525 0.876181 0.036966
Frame 362
30 0.104810 0.854976 0.022701
31 0.079974 0.842920 0.005252
32 0.062205 0.836169 -0.013957
33 0.044823 0.832570 -0.038499
34 0.029666 0.827527 -0.064418
35 0.012622 0.827004 -0.089473
36 -0.000252 0.829340 -0.117372
37 -0.010944 0.840690 -0.161802
38 -0.001988 0.851062 -0.195137
39 0.021919 0.869979 -0.227275
40 0.049739 0.887944 -0.242793
41 0.075593 0.901449 -0.249222
42 0.099763 0.914985 -0.248676
43 0.122158 0.928029 -0.242006
44 0.151290 0.936818 -0.229348
45 0.171914 0.944082 -0.214939
46 0.194024 0.954131 -0.197058
47 0.220894 0.964644 -0.176811
48 0.238695 0.977583 -0.158206
49 0.255935 0.986556 -0.137371
50 0.276396 0.987275 -0.111111
51 0.284857 0.988815 -0.084973
52 0.289317 0.987106 -0.056555
53 0.286936 0.982303 -0.020814
54 0.271465 0.968687 0.022367
55 0.244816 0.956355 0.047556
56 0.218117 0.941029 0.059111
57 0.180242 0.912934 0.056576
58 0.154354 0.890424 0.046717
59 0.131548 0.874794 0.037442
Frame 363
30 0.101785 0.853784 0.022762
31 0.077085 0.841941 0.004938
32 0.059502 0.835396 -0.014534
33 0.042383 0.832027 -0.039324
34 0.027482 0.827173 -0.065460
35 0.010734 0.826819 -0.090691
36 -0.001819 0.829375 -0.118756
37 -0.011881 0.841196 -0.163256
38 -0.002420 0.851762 -0.196399
39 0.022034 0.870808 -0.228108
40 0.050185 0.888767 -0.243153
41 0.076237 0.902180 -0.249149
42 0.100488 0.915571 -0.248191
43 0.122880 0.928439 -0.241149
44 0.151914 0.936978 -0.228071
45 0.172399 0.944018 -0.213353
46 0.194343 0.953815 -0.195126
47 0.221019 0.964015 -0.174474
48 0.238664 0.976723 -0.155554
49 0.255696 0.985449 -0.134436
50 0.275840 0.985856 -0.107911
51 0.284007 0.987148 -0.081657
52 0.288140 0.985190 -0.053178
53 0.285326 0.980140 -0.017534
54 0.269238 0.966325 0.025282
55 0.242202 0.954065 0.050004
56 0.215224 0.938825 0.061157
57 0.177170 0.911042 0.057925
58 0.151252 0.888803 0.047553
59 0.128465 0.873385 0.037903
Frame 364
30 0.098623 0.852569 0.022801
31 0.074069 0.840950 0.004591
32 0.056681 0.834618 -0.015150
33 0.039837 0.831482 -0.040191
34 0.025205 0.826822 -0.066549
35 0.008770 0.826643 -0.091957
36 -0.003444 0.829425 -0.120191
37 -0.012840 0.841734 -0.164755
38 -0.002853 0.852493 -0.197691
39 0.022165 0.871664 -0.228946
40 0.050654 0.889609 -0.243495
41 0.076908 0.902919 -0.249040
42 0.101238 0.916156 -0.247655
43 0.123621 0.928836 -0.240229
44 0.152547 0.937109 -0.226716
45 0.172883 0.943917 -0.211680
46 0.194647 0.953449 -0.193099
47 0.221114 0.963323 -0.172029
48 0.238592 0.975787 -0.152788
49 0.255401 0.984257 -0.131377
50 0.275210 0.984341 -0.104585
51 0.283068 0.985376 -0.078219
52 0.286853 0.983164 -0.049683
53 0.283588 0.977868 -0.014150
54 0.266864 0.963862 0.028278
55 0.239431 0.951682 0.052512
56 0.212165 0.936548 0.063237
57 0.173936 0.909096 0.059284
58 0.147997 0.887138 0.048385
59 0.125236 0.871942 0.038351
Frame 365
30 0.095286 0.851325 0.022817
31 0.070890 0.839942 0.004210
32 0.053710 0.833830 -0.015804
33 0.037155 0.830936 -0.041099
34 0.022803 0.826475 -0.067681
35 0.006698 0.826480 -0.093266
36 -0.005156 0.829491 -0.121673
37 -0.013849 0.842309 -0.166295
38 -0.003312 0.853266 -0.199010
39 0.022293 0.872559 -0.229784
40 0.051130 0.890478 -0.243811
41 0.077592 0.903672 -0.248884
42 0.102000 0.916740 -0.247053
43 0.124370 0.929220 -0.239231
44 0.153174 0.937211 -0.225265
45 0.173349 0.943771 -0.209902
46 0.194920 0.953024 -0.190955
47 0.221160 0.962556 -0.169457
48 0.238460 0.974763 -0.149885
49 0.255032 0.982963 -0.128175
50 0.274483 0.982709 -0.101110
51 0.282012 0.983479 -0.074632
52 0.285429 0.981006 -0.046045
53 0.281692 0.975462 -0.010635
54 0.264307 0.961272 0.031385
55 0.236461 0.949180 0.055107
56 0.208896 0.934170 0.065369
57 0.170500 0.907078 0.060661
58 0.144549 0.885419 0.049216
59 0.121824 0.870457 0.038788
Frame 366
30 0.091752 0.850053 0.022811
31 0.067527 0.838920 0.003797
32 0.050569 0.833037 -0.016494
33 0.034319 0.830390 -0.042044
34 0.020258 0.826136 -0.068851
35 0.004502 0.826332 -0.094612
36 -0.006973 0.829577 -0.123193
37 -0.014923 0.842932 -0.167870
38 -0.003812 0.854089 -0.200347
39 0.022405 0.873495 -0.230614
40 0.051601 0.891375 -0.244092
41 0.078278 0.904439 -0.248672
42 0.102764 0.917324 -0.246378
43 0.125113 0.929588 -0.238141
44 0.153784 0.937276 -0.223709
45 0.173784 0.943575 -0.208008
46 0.195147 0.952532 -0.188685
47 0.221143 0.961701 -0.166745
48 0.238251 0.973640 -0.146831
49 0.254571 0.981555 -0.124815
50 0.273640 0.980945 -0.097473
51 0.280821 0.981440 -0.070885
52 0.283849 0.978699 -0.042251
53 0.279613 0.972906 -0.006975
54 0.261538 0.958536 0.034619
55 0.233264 0.946544 0.057800
56 0.205391 0.931681 0.067558
57 0.166835 0.904979 0.062057
58 0.140883 0.883638 0.050045
59 0.118205 0.868924 0.039212
Frame 367
30 0.088060 0.848764 0.022778
31 0.064016 0.837895 0.003349
32 0.047293 0.832248 -0.017220
33 0.031361 0.829851 -0.043022
34 0.017604 0.825809 -0.070053
35 0.002212 0.826203 -0.095987
36 -0.008867 0.829683 -0.124741
37 -0.016043 0.843594 -0.169465
38 -0.004341 0.854951 -0.201692
39 0.022506 0.874462 -0.231426
40 0.052069 0.892289 -0.244335
41 0.078965 0.905208 -0.248404
42 0.103526 0.917894 -0.245633
43 0.125850 0.929930 -0.236971
44 0.154373 0.937300 -0.222061
45 0.174188 0.943324 -0.206015
46 0.195328 0.951971 -0.186310
47 0.221064 0.960762 -0.163922
48 0.237969 0.972419 -0.143660
49 0.254022 0.980037 -0.121334
50 0.272690 0.979060 -0.093714
51 0.279507 0.979274 -0.067020
52 0.282124 0.976261 -0.038346
53 0.277371 0.970220 -0.003214
54 0.258582 0.955677 0.037935
55 0.229868 0.943798 0.060553
56 0.201688 0.929101 0.069773
57 0.162984 0.902818 0.063450
58 0.137042 0.881813 0.050858
59 0.114418 0.867361 0.039613
Frame 368
30 0.084267 0.847475 0.022707
31 0.060413 0.836879 0.002864
32 0.043936 0.831473 -0.017981
33 0.028332 0.829329 -0.044029
34 0.014886 0.825502 -0.071280
35 -0.000133 0.826097 -0.097380
36 -0.010805 0.829810 -0.126302
37 -0.017183 0.844289 -0.171066
38 -0.004880 0.855842 -0.203029
39 0.022607 0.875445 -0.232214
40 0.052539 0.893207 -0.244539
41 0.079656 0.905968 -0.248086
42 0.104289 0.918443 -0.244828
43 0.126579 0.930238 -0.235736
44 0.154943 0.937276 -0.220345
45 0.174562 0.943017 -0.203954
46 0.195469 0.951345 -0.183864
47 0.220930 0.959745 -0.161026
48 0.237622 0.971111 -0.140416
49 0.253398 0.978425 -0.117781
50 0.271648 0.977073 -0.089886
51 0.278087 0.977003 -0.063090
52 0.280281 0.973715 -0.034385
53 0.274994 0.967432 0.000593
54 0.255478 0.952732 0.041278
55 0.226325 0.940976 0.063316
56 0.197839 0.926466 0.071973
57 0.159003 0.900626 0.064811
58 0.133083 0.879966 0.051634
59 0.110524 0.865786 0.039978
Frame 369
30 0.080427 0.846201 0.022592
31 0.056773 0.835885 0.002339
32 0.040548 0.830723 -0.018775
33 0.025279 0.828831 -0.045060
34 0.012147 0.825218 -0.072522
35 -0.002493 0.826014 -0.098782
36 -0.012752 0.829959 -0.127865
37 -0.018318 0.845006 -0.172658
38 -0.005412 0.856749 -0.204350
39 0.022714 0.876431 -0.232972
40 0.053017 0.894116 -0.244707
41 0.080352 0.906706 -0.247724
42 0.105049 0.918960 -0.243977
43 0.127300 0.930505 -0.234456
44 0.155495 0.937202 -0.218585
45 0.174909 0.942654 -0.201851
46 0.195573 0.950657 -0.181382
47 0.220751 0.958659 -0.158098
48 0.237222 0.969730 -0.137144
49 0.252712 0.976735 -0.114205
50 0.270532 0.975005 -0.086042
51 0.276585 0.974651 -0.059151
52 0.278345 0.971092 -0.030427
53 0.272518 0.964576 0.004386
54 0.252272 0.949734 0.044592
55 0.222683 0.938117 0.066041
56 0.193900 0.923810 0.074120
57 0.154950 0.898426 0.066118
58 0.129064 0.878120 0.052358
59 0.106576 0.864218 0.040294
Frame 370
30 0.076595 0.844954 0.022428
31 0.053145 0.834925 0.001773
32 0.037178 0.830006 -0.019602
33 0.022248 0.828364 -0.046110
34 0.009431 0.824963 -0.073770
35 -0.004833 0.825956 -0.100181
36 -0.014676 0.830130 -0.129415
37 -0.019426 0.845737 -0.174230
38 -0.005923 0.857660 -0.205641
39 0.022836 0.877404 -0.233696
40 0.053506 0.895002 -0.244843
41 0.081050 0.907412 -0.247331
42 0.105808 0.919436 -0.243098
43 0.128011 0.930725 -0.233150
44 0.156028 0.937077 -0.216810
45 0.175231 0.942238 -0.199741
46 0.195647 0.949914 -0.178901
47 0.220534 0.957513 -0.155181
48 0.236780 0.968288 -0.133890
49 0.251979 0.974984 -0.110655
50 0.269365 0.972877 -0.082238
51 0.275026 0.972243 -0.055259
52 0.276348 0.968419 -0.026528
53 0.269979 0.961685 0.008110
54 0.249010 0.946722 0.047827
55 0.218997 0.935256 0.068681
56 0.189930 0.921167 0.076179
57 0.150885 0.896247 0.067346
58 0.125042 0.876296 0.053013
59 0.102634 0.862673 0.040552
Frame 371
30 0.072827 0.843749 0.022210
31 0.049582 0.834006 0.001166
32 0.033874 0.829330 -0.020456
33 0.019284 0.827933 -0.047171
34 0.006778 0.824739 -0.075016
35 -0.007118 0.825924 -0.101567
36 -0.016549 0.830320 -0.130941
37 -0.020487 0.846471 -0.175769
38 -0.006401 0.858561 -0.206897
39 0.022976 0.878350 -0.234385
40 0.054006 0.895853 -0.244954
41 0.081753 0.908075 -0.246918
42 0.106560 0.919864 -0.242207
43 0.128712 0.930896 -0.231844
44 0.156545 0.936901 -0.215049
45 0.175535 0.941771 -0.197655
46 0.195699 0.949122 -0.176458
47 0.220292 0.956320 -0.152319
48 0.236313 0.966801 -0.130703
49 0.251219 0.973190 -0.107185
50 0.268167 0.970714 -0.078526
51 0.273438 0.969807 -0.051468
52 0.274324 0.965728 -0.022743
53 0.267418 0.958795 0.011710
54 0.245744 0.943731 0.050926
55 0.215323 0.932432 0.071190
56 0.185986 0.918571 0.078113
57 0.146867 0.894112 0.068475
58 0.121076 0.874515 0.053588
59 0.098752 0.861171 0.040743
Frame 372
30 0.069173 0.842597 0.021936
31 0.046136 0.833139 0.000520
32 0.030686 0.828701 -0.021333
33 0.016429 0.827542 -0.048236
34 0.004226 0.824548 -0.076249
35 -0.009315 0.825916 -0.102930
36 -0.018343 0.830529 -0.132430
37 -0.021485 0.847200 -0.177264
38 -0.006836 0.859440 -0.208109
39 0.023135 0.879257 -0.235040
40 0.054520 0.896659 -0.245048
41 0.082454 0.908686 -0.246502
42 0.107306 0.920238 -0.241325
43 0.129399 0.931012 -0.230563
44 0.157046 0.936674 -0.213333
45 0.175825 0.941258 -0.195629
46 0.195737 0.948289 -0.174095
47 0.220038 0.955091 -0.149555
48 0.235835 0.965285 -0.127629
49 0.250452 0.971376 -0.103843
50 0.266967 0.968540 -0.074962
51 0.271853 0.967372 -0.047833
52 0.272309 0.963050 -0.019129
53 0.264880 0.955937 0.015133
54 0.242525 0.940797 0.053844
55 0.211718 0.929679 0.073528
56 0.182130 0.916056 0.079891
57 0.142956 0.892049 0.069484
58 0.117223 0.872797 0.054069
59 0.094986 0.859724 0.040862
Frame 373
30 0.065675 0.841507 0.021605
31 0.042841 0.832331 -0.000162
32 0.027643 0.828123 -0.022231
33 0.013712 0.827195 -0.049299
34 0.001800 0.824390 -0.077458
35 -0.011406 0.825931 -0.104256
36 -0.020044 0.830756 -0.133872
37 -0.022410 0.847914 -0.178710
38 -0.007227 0.860289 -0.209276
39 0.023313 0.880113 -0.235662
40 0.055037 0.897411 -0.245133
41 0.083148 0.909242 -0.246092
42 0.108035 0.920554 -0.240469
43 0.130068 0.931073 -0.229325
44 0.157530 0.936400 -0.211686
45 0.176099 0.940705 -0.193691
46 0.195763 0.947427 -0.171838
47 0.219779 0.953842 -0.146923
48 0.235358 0.963757 -0.124704
49 0.249693 0.969557 -0.100668
50 0.265783 0.966379 -0.071583
51 0.270294 0.964961 -0.044393
52 0.270334 0.960410 -0.015721
53 0.262401 0.953140 0.018343
54 0.239405 0.937944 0.056549
55 0.208238 0.927018 0.075672
56 0.178418 0.913637 0.081505
57 0.139201 0.890073 0.070374
58 0.113527 0.871155 0.054461
59 0.091377 0.858347 0.040910
Frame 374
30 0.062302 0.840472 0.021234
31 0.039666 0.831573 -0.000868
32 0.024716 0.827589 -0.023137
33 0.011101 0.826883 -0.050349
34 -0.000535 0.824258 -0.078640
35 -0.013419 0.825964 -0.105541
36 -0.021679 0.830992 -0.135265
37 -0.023289 0.848610 -0.180102
38 -0.007596 0.861103 -0.210391
39 0.023486 0.880920 -0.236246
40 0.055537 0.898109 -0.245202
41 0.083816 0.909741 -0.245680
42 0.108726 0.920814 -0.239625
43 0.130697 0.931080 -0.228118
44 0.157976 0.936079 -0.210095
45 0.176339 0.940110 -0.191823
46 0.195759 0.946532 -0.169673
47 0.219494 0.952569 -0.144403
48 0.234862 0.962215 -0.121908
49 0.248921 0.967734 -0.097636
50 0.264596 0.964226 -0.068365
51 0.268740 0.962569 -0.041119
52 0.268379 0.957799 -0.012494
53 0.259964 0.950388 0.021371
54 0.236363 0.935156 0.059077
55 0.204865 0.924431 0.077659
56 0.174827 0.911300 0.082986
57 0.135577 0.888170 0.071171
58 0.109961 0.869584 0.054787
59 0.087896 0.857034 0.040907
Frame 375
30 0.059000 0.839487 0.020843
31 0.036559 0.830858 -0.001580
32 0.021853 0.827090 -0.024036
33 0.008546 0.826596 -0.051377
34 -0.002824 0.824141 -0.079786
35 -0.015396 0.826002 -0.106780
36 -0.023288 0.831229 -0.136606
37 -0.024156 0.849283 -0.181436
38 -0.007970 0.861884 -0.211450
39 0.023632 0.881679 -0.236786
40 0.055997 0.898752 -0.245241
41 0.084436 0.910183 -0.245249
42 0.109361 0.921016 -0.238777
43 0.131267 0.931030 -0.226921
44 0.158363 0.935707 -0.208533
45 0.176523 0.939470 -0.189999
46 0.195701 0.945599 -0.167568
47 0.219160 0.951265 -0.141963
48 0.234320 0.960650 -0.119203
49 0.248106 0.965894 -0.094708
50 0.263372 0.962069 -0.065266
51 0.267159 0.960183 -0.037972
52 0.266407 0.955205 -0.009401
53 0.257528 0.947669 0.024261
54 0.233353 0.932415 0.061474
55 0.201543 0.921901 0.079531
56 0.171305 0.909025 0.084371
57 0.132029 0.886329 0.071903
58 0.106472 0.868070 0.055070
59 0.084489 0.855775 0.040875
Frame 376
30 0.055717 0.838537 0.020452
31 0.033468 0.830175 -0.002279
32 0.019003 0.826614 -0.024912
33 0.005996 0.826324 -0.052372
34 -0.005113 0.824028 -0.080891
35 -0.017381 0.826039 -0.107969
36 -0.024906 0.831458 -0.137892
37 -0.025043 0.849931 -0.182707
38 -0.008378 0.862630 -0.212448
39 0.023730 0.882389 -0.237270
40 0.056397 0.899339 -0.245237
41 0.084987 0.910565 -0.244785
42 0.109920 0.921156 -0.237906
43 0.131757 0.930919 -0.225714
44 0.158670 0.935276 -0.206976
45 0.176627 0.938778 -0.188192
46 0.195564 0.944620 -0.165491
47 0.218749 0.949921 -0.139567
48 0.233702 0.959051 -0.116554
49 0.247219 0.964028 -0.091847
50 0.262080 0.959895 -0.062246
51 0.265515 0.957790 -0.034912
52 0.264380 0.952615 -0.006401
53 0.255051 0.944966 0.027058
54 0.230323 0.929705 0.063782
55 0.198220 0.919410 0.081329
56 0.167795 0.906796 0.085692
57 0.128501 0.884534 0.072596
58 0.103004 0.866600 0.055332
59 0.081104 0.854558 0.040834
Frame 377
30 0.052400 0.837617 0.020080
31 0.030343 0.829515 -0.002948
32 0.016114 0.826153 -0.025752
33 0.003405 0.826056 -0.053323
34 -0.007449 0.823912 -0.081948
35 -0.019412 0.826066 -0.109107
36 -0.026571 0.831668 -0.139120
37 -0.025980 0.850551 -0.183909
38 -0.008845 0.863341 -0.213377
39 0.023758 0.883052 -0.237691
40 0.056716 0.899869 -0.245176
41 0.085451 0.910884 -0.244268
42 0.110385 0.921232 -0.236992
43 0.132150 0.930745 -0.224472
44 0.158877 0.934784 -0.205398
45 0.176630 0.938028 -0.186370
46 0.195326 0.943587 -0.163413
47 0.218233 0.948529 -0.137179
48 0.232979 0.957409 -0.113924
49 0.246227 0.962124 -0.089013
50 0.260686 0.957690 -0.059263
51 0.263771 0.955375 -0.031898
52 0.262259 0.950014 -0.003452
53 0.252490 0.942262 0.029801
54 0.227223 0.927011 0.066047
55 0.194838 0.916941 0.083092
56 0.164240 0.904598 0.086983
57 0.124940 0.882772 0.073275
58 0.099506 0.865162 0.055591
59 0.077688 0.853373 0.040800
Frame 378
30 0.048997 0.836716 0.019746
31 0.027131 0.828870 -0.003574
32 0.013137 0.825700 -0.026543
33 0.000723 0.825784 -0.054221
34 -0.009874 0.823781 -0.082953
35 -0.021530 0.826076 -0.110190
36 -0.028318 0.831849 -0.140287
37 -0.026999 0.851140 -0.185035
38 -0.009397 0.864014 -0.214229
39 0.023694 0.883667 -0.238034
40 0.056933 0.900340 -0.245038
41 0.085806 0.911138 -0.243683
42 0.110737 0.921240 -0.236016
43 0.132425 0.930501 -0.223176
44 0.158960 0.934223 -0.203771
45 0.176506 0.937210 -0.184507
46 0.194958 0.942491 -0.161298
47 0.217584 0.947078 -0.134765
48 0.232122 0.955710 -0.111273
49 0.245098 0.960167 -0.086169
50 0.259153 0.955440 -0.056277
51 0.261892 0.952923 -0.028887
52 0.260004 0.947386 -0.000509
53 0.249799 0.939541 0.032536
54 0.223998 0.924314 0.068310
55 0.191343 0.914476 0.084857
56 0.160587 0.902412 0.088274
57 0.121291 0.881031 0.073962
58 0.095925 0.863746 0.055869
59 0.074189 0.852208 0.040794
Frame 379
30 0.045456 0.835827 0.019468
31 0.023783 0.828231 -0.004138
32 0.010023 0.825245 -0.027270
33 -0.002097 0.825497 -0.055056
34 -0.012433 0.823628 -0.083900
35 -0.023771 0.826060 -0.111214
36 -0.030181 0.831993 -0.141390
37 -0.028129 0.851693 -0.186081
38 -0.010057 0.864649 -0.214996
39 0.023519 0.884234 -0.238291
40 0.057029 0.900751 -0.244810
41 0.086034 0.911322 -0.243008
42 0.110955 0.921173 -0.234956
43 0.132563 0.930183 -0.221799
44 0.158899 0.933586 -0.202067
45 0.176232 0.936318 -0.182571
46 0.194435 0.941322 -0.159117
47 0.216774 0.945558 -0.132288
48 0.231097 0.953943 -0.108567
49 0.243798 0.958147 -0.083274
50 0.257445 0.953131 -0.053244
51 0.259835 0.950418 -0.025842
52 0.257571 0.944716 0.002469
53 0.246932 0.936785 0.035301
54 0.220595 0.921601 0.070614
55 0.187676 0.912000 0.086665
56 0.156777 0.900223 0.089595
57 0.117499 0.879296 0.074682
58 0.092208 0.862339 0.056183
59 0.070558 0.851054 0.040833
Frame 380
30 0.041725 0.834941 0.019261
31 0.020247 0.827591 -0.004629
32 0.006722 0.824780 -0.027921
33 -0.005101 0.825187 -0.055822
34 -0.015168 0.823444 -0.084787
35 -0.026174 0.826012 -0.112178
36 -0.032193 0.832091 -0.142426
37 -0.029399 0.852208 -0.187036
38 -0.010850 0.865244 -0.215669
39 0.023213 0.884753 -0.238448
40 0.056985 0.901097 -0.244471
41 0.086113 0.911431 -0.242225
42 0.111022 0.921027 -0.233791
43 0.132544 0.929782 -0.220319
44 0.158669 0.932865 -0.200258
45 0.175781 0.935344 -0.180534
46 0.193730 0.940069 -0.156834
47 0.215772 0.943957 -0.129713
48 0.229872 0.952096 -0.105767
49 0.242292 0.956051 -0.080289
50 0.255523 0.950746 -0.050125
51 0.257563 0.947846 -0.022721
52 0.254917 0.941988 0.005522
53 0.243843 0.933979 0.038138
54 0.216961 0.918851 0.072998
55 0.183779 0.909496 0.088549
56 0.152752 0.898015 0.090975
57 0.113510 0.877557 0.075454
58 0.088304 0.860930 0.056552
59 0.066742 0.849901 0.040933
Frame 381
30 0.037782 0.834052 0.019132
31 0.016502 0.826944 -0.005038
32 0.003214 0.824302 -0.028492
33 -0.008311 0.824849 -0.056513
34 -0.018098 0.823223 -0.085611
35 -0.028755 0.825927 -0.113081
36 -0.034369 0.832140 -0.143397
37 -0.030820 0.852684 -0.187901
38 -0.011786 0.865798 -0.216239
39 0.022765 0.885222 -0.238491
40 0.056788 0.901380 -0.244009
41 0.086032 0.911467 -0.241317
42 0.110925 0.920802 -0.232504
43 0.132354 0.929302 -0.218717
44 0.158257 0.932060 -0.198324
45 0.175142 0.934286 -0.178373
46 0.192827 0.938732 -0.154429
47 0.214559 0.942276 -0.127017
48 0.228428 0.950166 -0.102848
49 0.240558 0.953874 -0.077191
50 0.253365 0.948282 -0.046896
51 0.255048 0.945201 -0.019497
52 0.252016 0.939197 0.008678
53 0.240503 0.931116 0.041072
54 0.213070 0.916064 0.075484
55 0.179627 0.906956 0.090529
56 0.148483 0.895782 0.092430
57 0.109294 0.875806 0.076293
58 0.084184 0.859514 0.056984
59 0.062715 0.848745 0.041101
Frame 382
30 0.033691 0.833173 0.019065
31 0.012611 0.826300 -0.005384
32 -0.000438 0.823816 -0.028998
33 -0.011664 0.824493 -0.057144
34 -0.021166 0.822977 -0.086381
35 -0.031460 0.825815 -0.113927
36 -0.036659 0.832149 -0.144308
37 -0.032347 0.853123 -0.188683
38 -0.012830 0.866311 -0.216715
39 0.022204 0.885643 -0.238428
40 0.056468 0.901605 -0.243437
41 0.085818 0.911440 -0.240302
42 0.110691 0.920514 -0.231114
43 0.132022 0.928756 -0.217011
44 0.157693 0.931192 -0.196288
45 0.174341 0.933167 -0.176112
46 0.191757 0.937337 -0.151928
47 0.213170 0.940539 -0.124229
48 0.226800 0.948185 -0.099843
49 0.238634 0.951650 -0.074009
50 0.251010 0.945774 -0.043588
51 0.252335 0.942516 -0.016198
52 0.248912 0.936372 0.011904
53 0.236961 0.928227 0.044074
54 0.208984 0.913267 0.078040
55 0.175282 0.904409 0.092575
56 0.144032 0.893547 0.093937
57 0.104911 0.874062 0.077180
58 0.079907 0.858104 0.057464
59 0.058539 0.847597 0.041322
Frame 383
30 0.029533 0.832309 0.019040
31 0.008656 0.825665 -0.005681
32 -0.004155 0.823330 -0.029450
33 -0.015084 0.824127 -0.057723
34 -0.024294 0.822713 -0.087104
35 -0.034218 0.825681 -0.114724
36 -0.038998 0.832129 -0.145164
37 -0.033925 0.853527 -0.189388
38 -0.013931 0.866786 -0.217106
39 0.021573 0.886018 -0.238279
40 0.056064 0.901781 -0.242777
41 0.085511 0.911364 -0.239203
42 0.110357 0.920177 -0.229644
43 0.131584 0.928167 -0.215233
44 0.157016 0.930284 -0.194184
45 0.173425 0.932012 -0.173789
46 0.190567 0.935912 -0.149370
47 0.211654 0.938781 -0.121391
48 0.225041 0.946185 -0.096793
49 0.236576 0.949413 -0.070789
50 0.248519 0.943262 -0.040247
51 0.249484 0.939833 -0.012870
52 0.245671 0.933554 0.015156
53 0.233288 0.925356 0.047101
54 0.204775 0.910498 0.080624
55 0.170819 0.901887 0.094652
56 0.139476 0.891339 0.095466
57 0.100441 0.872345 0.078090
58 0.075556 0.856717 0.057970
59 0.054294 0.846467 0.041576
Frame 384
30 0.025389 0.831471 0.019042
31 0.004716 0.825047 -0.005943
32 -0.007858 0.822855 -0.029862
33 -0.018492 0.823761 -0.058263
34 -0.027408 0.822441 -0.087786
35 -0.036963 0.825535 -0.115475
36 -0.041325 0.832089 -0.145970
37 -0.035502 0.853899 -0.190027
38 -0.015040 0.867224 -0.217427
39 0.020916 0.886353 -0.238059
40 0.055620 0.901915 -0.242053
41 0.085151 0.911248 -0.238048
42 0.109965 0.919807 -0.228128
43 0.131081 0.927551 -0.213414
44 0.156269 0.929358 -0.192048
45 0.172437 0.930847 -0.171442
46 0.189303 0.934485 -0.146794
47 0.210061 0.937032 -0.118545
48 0.223203 0.944204 -0.093743
49 0.234438 0.947202 -0.067576
50 0.245951 0.940784 -0.036921
51 0.246559 0.937192 -0.009559
52 0.242362 0.930785 0.018388
53 0.229552 0.922540 0.050111
54 0.200515 0.907795 0.083199
55 0.166314 0.899423 0.096723
56 0.134894 0.889185 0.096988
57 0.095965 0.870674 0.079000
58 0.071209 0.855368 0.058483
59 0.050059 0.845369 0.041843
Frame 385
30 0.021339 0.830667 0.019054
31 0.000869 0.824454 -0.006183
32 -0.011472 0.822395 -0.030247
33 -0.021815 0.823404 -0.058773
34 -0.030435 0.822172 -0.088434
35 -0.039628 0.825385 -0.116185
36 -0.043579 0.832041 -0.146728
37 -0.037025 0.854242 -0.190606
38 -0.016111 0.867626 -0.217691
39 0.020275 0.886652 -0.237789
40 0.055173 0.902018 -0.241287
41 0.084775 0.911109 -0.236864
42 0.109550 0.919422 -0.226594
43 0.130551 0.926929 -0.211588
44 0.155496 0.928439 -0.189914
45 0.171422 0.929701 -0.169107
46 0.188014 0.933086 -0.144241
47 0.208445 0.935327 -0.115733
48 0.221340 0.942275 -0.090737
49 0.232278 0.945053 -0.064415
50 0.243368 0.938382 -0.033654
51 0.243628 0.934635 -0.006311
52 0.239055 0.928108 0.021556
53 0.225828 0.919821 0.053062
54 0.196281 0.905192 0.085727
55 0.161846 0.897048 0.098756
56 0.130369 0.887109 0.098476
57 0.091562 0.869069 0.079888
58 0.066947 0.854072 0.058981
59 0.045914 0.844316 0.042108
Frame 386
30 0.017460 0.829906 0.019061
31 -0.002807 0.823890 -0.006414
32 -0.014919 0.821958 -0.030615
33 -0.024975 0.823066 -0.059261
34 -0.033304 0.821912 -0.089053
35 -0.042149 0.825236 -0.116858
36 -0.045704 0.831994 -0.147443
37 -0.038445 0.854559 -0.191137
38 -0.017098 0.867997 -0.217911
39 0.019691 0.886922 -0.237488
40 0.054763 0.902098 -0.240506
41 0.084424 0.910960 -0.235680
42 0.109152 0.919041 -0.225074
43 0.130037 0.926324 -0.209788
44 0.154739 0.927552 -0.187823
45 0.170428 0.928599 -0.166823
46 0.186749 0.931747 -0.141751
47 0.206857 0.933698 -0.112997
48 0.219508 0.940434 -0.087817
49 0.230156 0.943007 -0.061352
50 0.240836 0.936096 -0.030492
51 0.240758 0.932203 -0.003171
52 0.235821 0.925563 0.024617
53 0.222190 0.917239 0.055914
54 0.192150 0.902727 0.088169
55 0.157493 0.894798 0.100716
56 0.125981 0.885142 0.099900
57 0.087314 0.867550 0.080731
58 0.062849 0.852843 0.059447
59 0.041939 0.843314 0.042351
Frame 387
30 0.013834 0.829194 0.019049
31 -0.006235 0.823363 -0.006650
32 -0.018123 0.821552 -0.030979
33 -0.027902 0.822752 -0.059738
34 -0.035945 0.821673 -0.089648
35 -0.044463 0.825099 -0.117498
36 -0.047639 0.831960 -0.148118
37 -0.039712 0.854854 -0.191629
38 -0.017957 0.868338 -0.218103
39 0.019205 0.887168 -0.237178
40 0.054431 0.902168 -0.239737
41 0.084136 0.910816 -0.234526
42 0.108812 0.918682 -0.223600
43 0.129577 0.925757 -0.208051
44 0.154041 0.926723 -0.185808
45 0.169500 0.927571 -0.164630
46 0.185557 0.930497 -0.139363
47 0.205352 0.932180 -0.110380
48 0.217766 0.938719 -0.085030
49 0.228132 0.941100 -0.058431
50 0.238419 0.933967 -0.027481
51 0.238018 0.929938 -0.000181
52 0.232734 0.923193 0.027528
53 0.218714 0.914836 0.058625
54 0.188198 0.900436 0.090488
55 0.153336 0.892702 0.102570
56 0.121810 0.883307 0.101237
57 0.083301 0.866133 0.081509
58 0.058994 0.851695 0.059863
59 0.038212 0.842379 0.042556
Frame 388
30 0.010506 0.828534 0.019008
31 -0.009368 0.822873 -0.006899
32 -0.021041 0.821177 -0.031346
33 -0.030548 0.822470 -0.060210
34 -0.038314 0.821460 -0.090223
35 -0.046528 0.824978 -0.118113
36 -0.049349 0.831944 -0.148758
37 -0.040795 0.855130 -0.192092
38 -0.018659 0.868656 -0.218280
39 0.018842 0.887397 -0.236876
40 0.054201 0.902236 -0.238997
41 0.083937 0.910689 -0.233423
42 0.108555 0.918358 -0.222196
43 0.129199 0.925243 -0.206398
44 0.153434 0.925971 -0.183897
45 0.168671 0.926635 -0.162552
46 0.184475 0.929359 -0.137106
47 0.203968 0.930796 -0.107910
48 0.216151 0.937154 -0.082400
49 0.226247 0.939357 -0.055678
50 0.236163 0.932021 -0.024648
51 0.235455 0.927866 0.002630
52 0.229842 0.921023 0.030263
53 0.215449 0.912634 0.061173
54 0.184477 0.898340 0.092663
55 0.149424 0.890781 0.104298
56 0.117907 0.881622 0.102468
57 0.079572 0.864831 0.082208
58 0.055429 0.850635 0.060215
59 0.034779 0.841512 0.042713
Frame 389
30 0.007402 0.827916 0.018946
31 -0.012278 0.822412 -0.007156
32 -0.023741 0.820826 -0.031713
33 -0.032981 0.822211 -0.060672
34 -0.040474 0.821268 -0.090778
35 -0.048402 0.824873 -0.118703
36 -0.050882 0.831942 -0.149368
37 -0.041735 0.855389 -0.192529
38 -0.019241 0.868950 -0.218440
39 0.018574 0.887608 -0.236575
40 0.054049 0.902299 -0.238276
41 0.083805 0.910571 -0.232353
42 0.108358 0.918060 -0.220838
43 0.128882 0.924769 -0.204803
44 0.152893 0.925276 -0.182059
45 0.167913 0.925771 -0.160556
46 0.183469 0.928309 -0.134940
47 0.202669 0.929517 -0.105544
48 0.214626 0.935707 -0.079885
49 0.224460 0.937747 -0.053049
50 0.234018 0.930223 -0.021943
51 0.233016 0.925950 0.005309
52 0.227090 0.919016 0.032869
53 0.212335 0.910598 0.063599
54 0.180921 0.896405 0.094727
55 0.145689 0.889005 0.105930
56 0.114202 0.880058 0.103618
57 0.076053 0.863620 0.082849
58 0.052080 0.849647 0.060524
59 0.031566 0.840701 0.042835
Frame 390
30 0.004417 0.827324 0.018876
31 -0.015068 0.821970 -0.007412
32 -0.026319 0.820492 -0.032075
33 -0.035290 0.821966 -0.061124
34 -0.042513 0.821088 -0.091315
35 -0.050164 0.824776 -0.119269
36 -0.052311 0.831951 -0.149949
37 -0.042591 0.855630 -0.192940
38 -0.019751 0.869222 -0.218580
39 0.018360 0.887799 -0.236263
40 0.053939 0.902348 -0.237553
41 0.083706 0.910451 -0.231288
42 0.108188 0.917770 -0.219494
43 0.128588 0.924312 -0.203230
44 0.152375 0.924612 -0.180248
45 0.167181 0.924948 -0.158594
46 0.182492 0.927309 -0.132817
47 0.201400 0.928304 -0.103226
48 0.213132 0.934334 -0.077425
49 0.222705 0.936221 -0.050481
50 0.231914 0.928519 -0.019306
51 0.230623 0.924136 0.007921
52 0.224389 0.917116 0.035405
53 0.209279 0.908672 0.065960
54 0.177435 0.894581 0.096733
55 0.142033 0.887325 0.107512
56 0.110591 0.878578 0.104726
57 0.072641 0.862475 0.083461
58 0.048845 0.848709 0.060811
59 0.028470 0.839928 0.042943
Frame 391
30 0.001450 0.826747 0.018811
31 -0.017835 0.821538 -0.007662
32 -0.028871 0.820163 -0.032429
33 -0.037568 0.821727 -0.061561
34 -0.044518 0.820911 -0.091830
35 -0.051895 0.824677 -0.119812
36 -0.053709 0.831961 -0.150502
37 -0.043422 0.855854 -0.193326
38 -0.020241 0.869471 -0.218693
39 0.018159 0.887964 -0.235924
40 0.053835 0.902375 -0.236804
41 0.083605 0.910312 -0.230200
42 0.108010 0.917467 -0.218128
43 0.128280 0.923849 -0.201635
44 0.151840 0.923950 -0.178420
45 0.166429 0.924133 -0.156617
46 0.181490 0.926325 -0.130681
47 0.200103 0.927113 -0.100899
48 0.211605 0.932991 -0.074960
49 0.220916 0.934730 -0.047912
50 0.229774 0.926857 -0.016669
51 0.228195 0.922369 0.010529
52 0.221654 0.915270 0.037934
53 0.206191 0.906804 0.068310
54 0.173921 0.892816 0.098731
55 0.138354 0.885698 0.109085
56 0.106973 0.877144 0.105825
57 0.069233 0.861365 0.084072
58 0.045620 0.847798 0.061101
59 0.025387 0.839176 0.043055
Frame 392
30 -0.001603 0.826173 0.018761
31 -0.020678 0.821105 -0.007901
32 -0.031492 0.819835 -0.032771
33 -0.039903 0.821485 -0.061982
34 -0.046571 0.820729 -0.092324
35 -0.053671 0.824573 -0.120331
36 -0.055145 0.831968 -0.151030
37 -0.044281 0.856062 -0.193682
38 -0.020755 0.869698 -0.218772
39 0.017932 0.888103 -0.235542
40 0.053699 0.902371 -0.236005
41 0.083468 0.910142 -0.229055
42 0.107788 0.917132 -0.216701
43 0.127922 0.923355 -0.199979
44 0.151245 0.923258 -0.176526
45 0.165609 0.923291 -0.154574
46 0.180412 0.925316 -0.128479
47 0.198720 0.925902 -0.098506
48 0.209984 0.931630 -0.072429
49 0.219024 0.933225 -0.045277
50 0.227521 0.925187 -0.013970
51 0.225647 0.920597 0.013195
52 0.218794 0.913422 0.040514
53 0.202974 0.904938 0.070706
54 0.170281 0.891061 0.100769
55 0.134550 0.884079 0.110692
56 0.103245 0.875719 0.106951
57 0.065725 0.860263 0.084709
58 0.042302 0.846893 0.061416
59 0.022215 0.838429 0.043189
Frame 393
30 -0.004842 0.825589 0.018736
31 -0.023695 0.820664 -0.008121
32 -0.034272 0.819496 -0.033098
33 -0.042382 0.821233 -0.062385
34 -0.048755 0.820535 -0.092795
35 -0.055570 0.824453 -0.120827
36 -0.056688 0.831964 -0.151531
37 -0.045224 0.856252 -0.194007
38 -0.021339 0.869903 -0.218809
39 0.017640 0.888207 -0.235100
40 0.053497 0.902324 -0.235130
41 0.083258 0.909921 -0.227821
42 0.107487 0.916742 -0.215175
43 0.127474 0.922803 -0.198217
44 0.150546 0.922507 -0.174520
45 0.164672 0.922387 -0.152414
46 0.179202 0.924246 -0.126156
47 0.197189 0.924626 -0.095988
48 0.208201 0.930206 -0.069770
49 0.216956 0.931657 -0.042515
50 0.225077 0.923454 -0.011144
51 0.222893 0.918765 0.015980
52 0.215716 0.911517 0.043206
53 0.199531 0.903022 0.073200
54 0.166412 0.889267 0.102894
55 0.130518 0.882422 0.112371
56 0.099301 0.874267 0.108136
57 0.062015 0.859141 0.085398
58 0.038788 0.845975 0.061777
59 0.018850 0.837670 0.043362
Frame 394
30 -0.008370 0.824984 0.018745
31 -0.026983 0.820208 -0.008322
32 -0.037305 0.819142 -0.033407
33 -0.045093 0.820963 -0.062768
34 -0.051153 0.820318 -0.093244
35 -0.057666 0.824311 -0.121298
36 -0.058404 0.831944 -0.152006
37 -0.046301 0.856424 -0.194297
38 -0.022038 0.870080 -0.218792
39 0.017247 0.888270 -0.234576
40 0.053193 0.902224 -0.234150
41 0.082944 0.909634 -0.226461
42 0.107070 0.916276 -0.213508
43 0.126899 0.922167 -0.196302
44 0.149698 0.921663 -0.172349
45 0.163570 0.921387 -0.150084
46 0.177807 0.923074 -0.123657
47 0.195448 0.923245 -0.093286
48 0.206191 0.928670 -0.066923
49 0.214640 0.929975 -0.039562
50 0.222356 0.921604 -0.008129
51 0.219845 0.916818 0.018947
52 0.212325 0.909501 0.046065
53 0.195765 0.901000 0.075844
54 0.162212 0.887383 0.105152
55 0.126151 0.880684 0.114162
56 0.095036 0.872749 0.109411
57 0.057997 0.857973 0.086163
58 0.034977 0.845023 0.062207
59 0.015192 0.836887 0.043591
Frame 395
30 -0.012283 0.824352 0.018797
31 -0.030635 0.819730 -0.008496
32 -0.040680 0.818766 -0.033698
33 -0.048119 0.820668 -0.063131
34 -0.053843 0.820074 -0.093671
35 -0.060032 0.824141 -0.121745
36 -0.060357 0.831900 -0.152456
37 -0.047565 0.856575 -0.194545
38 -0.022895 0.870229 -0.218710
39 0.016715 0.888287 -0.233949
40 0.052753 0.902056 -0.233034
41 0.082488 0.909260 -0.224939
42 0.106500 0.915708 -0.211660
43 0.126154 0.921417 -0.194189
44 0.148655 0.920692 -0.169963
45 0.162248 0.920252 -0.147530
46 0.176168 0.921759 -0.120926
47 0.193432 0.921710 -0.090341
48 0.203881 0.926974 -0.063826
49 0.211998 0.928128 -0.036357
50 0.219276 0.919584 -0.004862
51 0.216411 0.914701 0.022154
52 0.208525 0.907318 0.049148
53 0.191571 0.898821 0.078690
54 0.157576 0.885361 0.107586
55 0.121346 0.878823 0.116100
56 0.090347 0.871132 0.110807
57 0.053569 0.856734 0.087028
58 0.030765 0.844018 0.062722
59 0.011140 0.836062 0.043890
Frame 396
30 -0.016635 0.823687 0.018890
31 -0.034702 0.819229 -0.008646
32 -0.044444 0.818368 -0.033968
33 -0.051506 0.820348 -0.063472
34 -0.056868 0.819797 -0.094075
35 -0.062707 0.823938 -0.122167
36 -0.062585 0.831828 -0.152879
37 -0.049043 0.856705 -0.194746
38 -0.023935 0.870349 -0.218553
39 0.016021 0.888249 -0.233204
40 0.052154 0.901809 -0.231763
41 0.081868 0.908786 -0.223231
42 0.105755 0.915022 -0.209602
43 0.125215 0.920535 -0.191850
44 0.147389 0.919574 -0.167334
45 0.160677 0.918959 -0.144724
46 0.174248 0.920276 -0.117933
47 0.191100 0.919995 -0.087122
48 0.201229 0.925091 -0.060451
49 0.208984 0.926086 -0.032870
50 0.215784 0.917363 -0.001314
51 0.212538 0.912383 0.025630
52 0.204256 0.904937 0.052484
53 0.186891 0.896453 0.081762
54 0.152443 0.883174 0.110222
55 0.116035 0.876812 0.118207
56 0.085163 0.869397 0.112337
57 0.048663 0.855413 0.088000
58 0.026094 0.842951 0.063326
59 0.006636 0.835191 0.044260
Frame 397
30 -0.021296 0.823009 0.019010
31 -0.039060 0.818721 -0.008778
32 -0.048484 0.817962 -0.034221
33 -0.055149 0.820014 -0.063792
34 -0.060133 0.819502 -0.094453
35 -0.065606 0.823714 -0.122560
36 -0.065013 0.831735 -0.153267
37 -0.050685 0.856816 -0.194898
38 -0.025119 0.870442 -0.218326
39 0.015195 0.888166 -0.232361
40 0.051420 0.901500 -0.230372
41 0.081108 0.908232 -0.221384
42 0.104860 0.914242 -0.207393
43 0.124114 0.919549 -0.189349
44 0.145937 0.918339 -0.164534
45 0.158902 0.917545 -0.141744
46 0.172105 0.918664 -0.114762
47 0.188520 0.918144 -0.083722
48 0.198310 0.923067 -0.056892
49 0.205685 0.923900 -0.029200
50 0.211979 0.914995 0.002413
51 0.208333 0.909921 0.029273
52 0.199639 0.902418 0.055973
53 0.181853 0.893955 0.084971
54 0.146948 0.880874 0.112983
55 0.110359 0.874699 0.120415
56 0.079621 0.867590 0.113951
57 0.043414 0.854043 0.089040
58 0.021094 0.841848 0.063985
59 0.001816 0.834295 0.044673
Frame 398
30 -0.026092 0.822342 0.019138
31 -0.043544 0.818227 -0.008901
32 -0.052643 0.817567 -0.034461
33 -0.058908 0.819684 -0.064090
34 -0.063512 0.819205 -0.094803
35 -0.068614 0.823486 -0.122917
36 -0.067545 0.831630 -0.153616
37 -0.052420 0.856915 -0.195001
38 -0.026394 0.870514 -0.218043
39 0.014276 0.888049 -0.231452
40 0.050588 0.901146 -0.228911
41 0.080245 0.907624 -0.219465
42 0.103857 0.913402 -0.205110
43 0.122898 0.918498 -0.186777
44 0.144360 0.917038 -0.161664
45 0.156994 0.916062 -0.138696
46 0.169821 0.916983 -0.111529
47 0.185790 0.916222 -0.080263
48 0.195235 0.920972 -0.053278
49 0.202221 0.921645 -0.025481
50 0.208002 0.912560 0.006181
51 0.203950 0.907397 0.032951
52 0.194841 0.899843 0.059488
53 0.176638 0.891409 0.088199
54 0.141287 0.878535 0.115761
55 0.104519 0.872552 0.122635
56 0.073924 0.865767 0.115573
57 0.038017 0.852667 0.090092
58 0.015950 0.840745 0.064659
59 -0.003144 0.833404 0.045101
Frame 399
30 -0.030851 0.821710 0.019261
31 -0.047996 0.817766 -0.009019
32 -0.056775 0.817199 -0.034688
33 -0.062648 0.819375 -0.064365
34 -0.066882 0.818922 -0.095121
35 -0.071621 0.823267 -0.123237
36 -0.070088 0.831523 -0.153919
37 -0.054184 0.857007 -0.195059
38 -0.027709 0.870575 -0.217720
39 0.013303 0.887915 -0.230518
40 0.049697 0.900770 -0.227437
41 0.079317 0.906994 -0.217546
42 0.102790 0.912540 -0.202839
43 0.121619 0.917426 -0.184226
44 0.142723 0.915718 -0.158828
45 0.155030 0.914564 -0.135692
46 0.167486 0.915291 -0.108348
47 0.183013 0.914296 -0.076870
48 0.192118 0.918877 -0.049739
49 0.198724 0.919394 -0.021845
50 0.203998 0.910136 0.009857
51 0.199551 0.904891 0.036532
52 0.190036 0.897293 0.062905
53 0.171434 0.888893 0.091328
54 0.135658 0.876229 0.118450
55 0.098723 0.870441 0.124777
56 0.068273 0.863980 0.117139
57 0.032663 0.851327 0.091110
58 0.010849 0.839677 0.065314
59 -0.008066 0.832547 0.045519
Frame 400
30 -0.035404 0.821134 0.019365
31 -0.052255 0.817355 -0.009138
32 -0.060732 0.816875 -0.034901
33 -0.066236 0.819101 -0.064614
34 -0.070125 0.818672 -0.095403
35 -0.074523 0.823074 -0.123515
36 -0.072556 0.831427 -0.154176
37 -0.055913 0.857101 -0.195081
38 -0.029018 0.870634 -0.217381
39 0.012314 0.887780 -0.229600
40 0.048781 0.900399 -0.226012
41 0.078365 0.906375 -0.215703
42 0.101705 0.911695 -0.200666
43 0.120331 0.916382 -0.181792
44 0.141091 0.914434 -0.156132
45 0.153087 0.913111 -0.132843
46 0.165189 0.913653 -0.105339
47 0.180298 0.912433 -0.073667
48 0.189081 0.916853 -0.046403
49 0.195326 0.917222 -0.018422
50 0.200119 0.907802 0.013309
51 0.195299 0.902484 0.039887
52 0.185403 0.894851 0.066099
53 0.166431 0.886488 0.094246
54 0.130264 0.874029 0.120953
55 0.093178 0.868431 0.126763
56 0.062873 0.862286 0.118584
57 0.027550 0.850062 0.092047
58 0.005972 0.838676 0.065917
59 -0.012775 0.831752 0.045900
Frame 401
30 -0.039585 0.820633 0.019439
31 -0.056168 0.817012 -0.009260
32 -0.064370 0.816611 -0.035102
33 -0.069542 0.818878 -0.064834
34 -0.073125 0.818467 -0.095647
35 -0.077215 0.822923 -0.123747
36 -0.074862 0.831353 -0.154383
37 -0.057551 0.857204 -0.195075
38 -0.030277 0.870705 -0.217050
39 0.011344 0.887665 -0.228748
40 0.047880 0.900060 -0.224702
41 0.077428 0.905803 -0.214017
42 0.100647 0.910913 -0.198684
43 0.119088 0.915411 -0.179579
44 0.139534 0.913240 -0.153687
45 0.151247 0.911759 -0.130264
46 0.163029 0.912130 -0.102618
47 0.177755 0.910703 -0.070778
48 0.186249 0.914974 -0.043399
49 0.192167 0.915207 -0.015344
50 0.196523 0.905640 0.016406
51 0.191368 0.900258 0.042891
52 0.181127 0.892597 0.068953
53 0.161825 0.884273 0.096844
54 0.125315 0.872006 0.123172
55 0.088097 0.866589 0.128514
56 0.057930 0.860737 0.119848
57 0.022868 0.848911 0.092862
58 0.001501 0.837775 0.066439
59 -0.017099 0.831043 0.046225
Frame 402
30 -0.043277 0.820219 0.019480
31 -0.059627 0.816743 -0.009384
32 -0.067591 0.816414 -0.035288
33 -0.072480 0.818714 -0.065026
34 -0.075803 0.818320 -0.095849
35 -0.079630 0.822822 -0.123934
36 -0.076951 0.831309 -0.154543
37 -0.059057 0.857325 -0.195055
38 -0.031454 0.870794 -0.216751
39 0.010420 0.887583 -0.228000
40 0.047017 0.899775 -0.223559
41 0.076536 0.905307 -0.212553
42 0.099652 0.910225 -0.196964
43 0.117933 0.914552 -0.177662
44 0.138105 0.912178 -0.151573
45 0.149571 0.910556 -0.128038
46 0.161077 0.910771 -0.100276
47 0.175472 0.909158 -0.068296
48 0.183716 0.913295 -0.040818
49 0.189351 0.913404 -0.012705
50 0.193328 0.903706 0.019056
51 0.187884 0.898271 0.045455
52 0.177345 0.890591 0.071383
53 0.157762 0.882305 0.099049
54 0.120960 0.870212 0.125045
55 0.083632 0.864961 0.129983
56 0.053588 0.859370 0.120901
57 0.018752 0.847902 0.093533
58 -0.002440 0.836994 0.066864
59 -0.020915 0.830436 0.046481
Frame 403
30 -0.046556 0.819873 0.019497
31 -0.062703 0.816529 -0.009506
32 -0.070459 0.816264 -0.035456
33 -0.075110 0.818592 -0.065188
34 -0.078216 0.818212 -0.096013
35 -0.081820 0.822753 -0.124080
36 -0.078868 0.831283 -0.154661
37 -0.060467 0.857453 -0.195023
38 -0.032578 0.870895 -0.216481
39 0.009517 0.887529 -0.227347
40 0.046172 0.899536 -0.222567
41 0.075667 0.904876 -0.211284
42 0.098697 0.909619 -0.195478
43 0.116840 0.913791 -0.176007
44 0.136775 0.911236 -0.149753
45 0.148028 0.909485 -0.126125
46 0.159294 0.909561 -0.098265
47 0.173404 0.907779 -0.066168
48 0.181434 0.911795 -0.038609
49 0.186827 0.911794 -0.010448
50 0.190475 0.901980 0.021316
51 0.184782 0.896499 0.047638
52 0.173986 0.888806 0.073447
53 0.154165 0.880557 0.100915
54 0.117116 0.868619 0.126628
55 0.079696 0.863520 0.131216
56 0.049759 0.858164 0.121781
57 0.015113 0.847015 0.094090
58 -0.005933 0.836312 0.067211
59 -0.024302 0.829913 0.046684
Frame 404
30 -0.049543 0.819568 0.019504
31 -0.065510 0.816349 -0.009616
32 -0.073087 0.816140 -0.035603
33 -0.077529 0.818488 -0.065323
34 -0.080450 0.818119 -0.096145
35 -0.083862 0.822696 -0.124189
36 -0.080679 0.831257 -0.154745
37 -0.061831 0.857573 -0.194979
38 -0.033689 0.870991 -0.216230
39 0.008603 0.887485 -0.226762
40 0.045311 0.899324 -0.221686
41 0.074786 0.904489 -0.210164
42 0.097743 0.909074 -0.194169
43 0.115766 0.913104 -0.174550
44 0.135490 0.910383 -0.148156
45 0.146557 0.908516 -0.124450
46 0.157614 0.908463 -0.096506
47 0.171474 0.906529 -0.064310
48 0.179317 0.910435 -0.036680
49 0.184500 0.910335 -0.008481
50 0.187858 0.900417 0.023282
51 0.181949 0.894897 0.049532
52 0.170929 0.887195 0.075236
53 0.150902 0.878980 0.102528
54 0.113639 0.867182 0.127993
55 0.076139 0.862220 0.132276
56 0.046297 0.857078 0.122536
57 0.011815 0.846215 0.094567
58 -0.009107 0.835699 0.067508
59 -0.027386 0.829444 0.046855
Frame 405
30 -0.052358 0.819281 0.019514
31 -0.068161 0.816176 -0.009711
32 -0.075576 0.816017 -0.035728
33 -0.079834 0.818381 -0.065432
34 -0.082593 0.818021 -0.096248
35 -0.085833 0.822631 -0.124268
36 -0.082446 0.831215 -0.154801
37 -0.063193 0.857672 -0.194919
38 -0.034824 0.871070 -0.215986
39 0.007645 0.887435 -0.226218
40 0.044401 0.899118 -0.220877
41 0.073859 0.904124 -0.209142
42 0.096750 0.908563 -0.192978
43 0.114664 0.912463 -0.173229
44 0.134200 0.909589 -0.146710
45 0.145098 0.907615 -0.122936
46 0.155968 0.907446 -0.094918
47 0.169602 0.905372 -0.062637
48 0.177278 0.909177 -0.034944
49 0.182271 0.908985 -0.006711
50 0.185370 0.898973 0.025046
51 0.179267 0.893418 0.051230
52 0.168045 0.885710 0.076836
53 0.147835 0.877528 0.103970
54 0.110382 0.865854 0.129213
55 0.072810 0.861018 0.133225
56 0.043060 0.856069 0.123212
57 0.008724 0.845469 0.094999
58 -0.012091 0.835126 0.067783
59 -0.030290 0.829004 0.047015
Frame 406
30 -0.055120 0.818985 0.019539
31 -0.070769 0.815987 -0.009783
32 -0.078031 0.815873 -0.035827
33 -0.082120 0.818249 -0.065518
34 -0.084725 0.817896 -0.096327
35 -0.087805 0.822536 -0.124324
36 -0.084229 0.831139 -0.154833
37 -0.064601 0.857732 -0.194840
38 -0.036020 0.871114 -0.215734
39 0.006611 0.887360 -0.225686
40 0.043410 0.898899 -0.220097
41 0.072849 0.903755 -0.208165
42 0.095677 0.908059 -0.191844
43 0.113489 0.911839 -0.171976
44 0.132847 0.908822 -0.145341
45 0.143588 0.906749 -0.121504
46 0.154283 0.906472 -0.093421
47 0.167705 0.904267 -0.061059
48 0.175225 0.907979 -0.033311
49 0.180040 0.907703 -0.005048
50 0.182897 0.897603 0.026703
51 0.176615 0.892019 0.052822
52 0.165207 0.884305 0.078335
53 0.144827 0.876152 0.105320
54 0.107197 0.864593 0.130360
55 0.069559 0.859868 0.134121
56 0.039901 0.855097 0.123854
57 0.005704 0.844742 0.095417
58 -0.015013 0.834562 0.068058
59 -0.033140 0.828564 0.047184
Frame 407
30 -0.057948 0.818657 0.019590
31 -0.073443 0.815760 -0.009829
32 -0.080556 0.815688 -0.035901
33 -0.084479 0.818071 -0.065582
34 -0.086931 0.817723 -0.096387
35 -0.089850 0.822389 -0.124360
36 -0.086089 0.831011 -0.154846
37 -0.066099 0.857737 -0.194736
38 -0.037315 0.871106 -0.215458
39 0.005468 0.887242 -0.225133
40 0.042304 0.898645 -0.219301
41 0.071719 0.903359 -0.207179
42 0.094484 0.907535 -0.190707
43 0.112194 0.911201 -0.170721
44 0.131377 0.908051 -0.143975
45 0.141964 0.905885 -0.120078
46 0.152485 0.905505 -0.091930
47 0.165701 0.903179 -0.059493
48 0.173067 0.906802 -0.031690
49 0.177708 0.906446 -0.003401
50 0.180330 0.896264 0.028342
51 0.173873 0.890651 0.054398
52 0.162284 0.882933 0.079819
53 0.141737 0.874807 0.106660
54 0.103934 0.863353 0.131504
55 0.066233 0.858729 0.135019
56 0.036676 0.854121 0.124503
57 0.002619 0.844002 0.095853
58 -0.018001 0.833979 0.068359
59 -0.036058 0.828100 0.047378
Frame 408
30 -0.060961 0.818273 0.019677
31 -0.076295 0.815473 -0.009844
32 -0.083254 0.815436 -0.035948
33 -0.087002 0.817825 -0.065624
34 -0.089293 0.817478 -0.096431
35 -0.092042 0.822172 -0.124382
36 -0.088083 0.830814 -0.154843
37 -0.067730 0.857672 -0.194601
38 -0.038745 0.871030 -0.215139
39 0.004184 0.887061 -0.224527
40 0.041048 0.898332 -0.218445
41 0.070434 0.902911 -0.206127
42 0.093127 0.906962 -0.189501
43 0.110730 0.910520 -0.169397
44 0.129733 0.907242 -0.142536
45 0.140160 0.904987 -0.118577
46 0.150502 0.904509 -0.090364
47 0.163504 0.902066 -0.057851
48 0.170708 0.905603 -0.029995
49 0.175169 0.905171 -0.001678
50 0.177550 0.894912 0.030057
51 0.170915 0.889270 0.056047
52 0.159144 0.881548 0.081372
53 0.138425 0.873444 0.108066
54 0.100443 0.862091 0.132712
55 0.062678 0.857556 0.135977
56 0.033239 0.853103 0.125201
57 -0.000664 0.843217 0.096335
58 -0.021183 0.833349 0.068709
59 -0.039168 0.827587 0.047618
Frame 409
30 -0.064272 0.817812 0.019810
31 -0.079431 0.815102 -0.009823
32 -0.086223 0.815098 -0.035965
33 -0.089782 0.817489 -0.065648
34 -0.091890 0.817142 -0.096465
35 -0.094451 0.821863 -0.124393
36 -0.090270 0.830530 -0.154827
37 -0.069538 0.857519 -0.194427
38 -0.040345 0.870868 -0.214759
39 0.002730 0.886797 -0.223833
40 0.039611 0.897939 -0.217481
41 0.068954 0.902382 -0.204952
42 0.091565 0.906313 -0.188163
43 0.109048 0.909763 -0.167931
44 0.127854 0.906362 -0.140947
45 0.138110 0.904020 -0.116924
46 0.148258 0.903447 -0.088641
47 0.161027 0.900888 -0.056045
48 0.168053 0.904342 -0.028133
49 0.172319 0.903838 0.000212
50 0.174444 0.893500 0.031939
51 0.167618 0.887831 0.057856
52 0.155653 0.880101 0.083078
53 0.134748 0.872018 0.109616
54 0.096571 0.860760 0.134049
55 0.058739 0.856307 0.137045
56 0.029445 0.852001 0.125987
57 -0.004281 0.842353 0.096893
58 -0.024685 0.832644 0.069130
59 -0.042589 0.826998 0.047918
Frame 410
30 -0.067999 0.817248 0.019999
31 -0.082960 0.814627 -0.009762
32 -0.089565 0.814651 -0.035953
33 -0.092909 0.817044 -0.065655
34 -0.094801 0.816691 -0.096491
35 -0.097144 0.821439 -0.124399
36 -0.092706 0.830139 -0.154800
37 -0.071564 0.857259 -0.194205
38 -0.042148 0.870603 -0.214298
39 0.001071 0.886430 -0.223013
40 0.037957 0.897441 -0.216358
41 0.067244 0.901746 -0.203595
42 0.089753 0.905555 -0.186624
43 0.107098 0.908901 -0.166252
44 0.125685 0.905377 -0.139131
45 0.135746 0.902949 -0.115035
46 0.145673 0.902280 -0.086676
47 0.158182 0.899607 -0.053988
48 0.165005 0.902978 -0.026017
49 0.169052 0.902401 0.002358
50 0.170893 0.891986 0.034076
51 0.163855 0.886286 0.059913
52 0.151677 0.878548 0.085018
53 0.130562 0.870482 0.111385
54 0.092164 0.859318 0.135580
55 0.054261 0.854940 0.138275
56 0.025147 0.850778 0.126900
57 -0.008365 0.841379 0.097554
58 -0.028633 0.831835 0.069642
59 -0.046446 0.826309 0.048297
Frame 411
30 -0.072210 0.816570 0.020248
31 -0.086945 0.814035 -0.009661
32 -0.093338 0.814086 -0.035912
33 -0.096434 0.816476 -0.065647
34 -0.098073 0.816114 -0.096513
35 -0.100164 0.820888 -0.124402
36 -0.095422 0.829633 -0.154762
37 -0.073831 0.856885 -0.193928
38 -0.044174 0.870223 -0.213741
39 -0.000807 0.885946 -0.222043
40 0.036067 0.896823 -0.215045
41 0.065280 0.900986 -0.202016
42 0.087667 0.904671 -0.184844
43 0.104850 0.907910 -0.164313
44 0.123186 0.904263 -0.137039
45 0.133026 0.901749 -0.112861
46 0.142703 0.900985 -0.084418
47 0.154914 0.898198 -0.051627
48 0.161504 0.901484 -0.023591
49 0.165299 0.900834 0.004817
50 0.166824 0.890340 0.036523
51 0.159546 0.884609 0.062270
52 0.147131 0.876857 0.087242
53 0.125777 0.868805 0.113417
54 0.087131 0.857735 0.137341
55 0.049155 0.853426 0.139696
56 0.020264 0.849400 0.127957
57 -0.012989 0.840268 0.098333
58 -0.033097 0.830906 0.070260
59 -0.050807 0.825506 0.048763
Frame 412
30 -0.076788 0.815806 0.020549
31 -0.091275 0.813353 -0.009522
32 -0.097440 0.813427 -0.035844
33 -0.100264 0.815811 -0.065623
34 -0.101621 0.815435 -0.096527
35 -0.103438 0.820232 -0.124395
36 -0.098359 0.829029 -0.154707
37 -0.076290 0.856414 -0.193598
38 -0.046381 0.869748 -0.213100
39 -0.002869 0.885367 -0.220949
40 0.033981 0.896109 -0.213579
41 0.063104 0.900128 -0.200264
42 0.085352 0.903688 -0.182874
43 0.102356 0.906823 -0.162177
44 0.120417 0.903054 -0.134737
45 0.130019 0.900453 -0.110472
46 0.139422 0.899596 -0.081940
47 0.151309 0.896694 -0.049042
48 0.157644 0.899898 -0.020937
49 0.161166 0.899176 0.007502
50 0.162349 0.888603 0.039196
51 0.154814 0.882838 0.064846
52 0.142145 0.875071 0.089673
53 0.120534 0.867027 0.115642
54 0.081619 0.856047 0.139270
55 0.043570 0.851803 0.141256
56 0.014943 0.847902 0.129118
57 -0.018014 0.839054 0.099201
58 -0.037947 0.829886 0.070961
59 -0.055548 0.824620 0.049300
Frame 413
30 -0.081568 0.814994 0.020887
31 -0.095801 0.812616 -0.009351
32 -0.101730 0.812708 -0.035746
33 -0.104273 0.815083 -0.065577
34 -0.105331 0.814688 -0.096523
35 -0.106861 0.819505 -0.124370
36 -0.101432 0.828358 -0.154627
37 -0.078878 0.855875 -0.193221
38 -0.048715 0.869206 -0.212395
39 -0.005066 0.884724 -0.219774
40 0.031749 0.895332 -0.212021
41 0.060773 0.899209 -0.198410
42 0.082872 0.902646 -0.180800
43 0.099688 0.905678 -0.159932
44 0.117465 0.901793 -0.132323
45 0.126818 0.899109 -0.107972
46 0.135936 0.898161 -0.079350
47 0.147491 0.895148 -0.046344
48 0.153558 0.898274 -0.018172
49 0.156797 0.897483 0.010297
50 0.157629 0.886833 0.041977
51 0.149830 0.881033 0.067524
52 0.136903 0.873248 0.092203
53 0.115024 0.865209 0.117958
54 0.075834 0.854316 0.141278
55 0.037715 0.850136 0.142882
56 0.009375 0.846350 0.130335
57 -0.023265 0.837788 0.100121
58 -0.043012 0.828820 0.071713
59 -0.060498 0.823686 0.049882
Frame 414
30 -0.086389 0.814167 0.021251
31 -0.100372 0.811859 -0.009151
32 -0.106067 0.811963 -0.035620
33 -0.108333 0.814327 -0.065505
34 -0.109090 0.813910 -0.096493
35 -0.110333 0.818745 -0.124319
36 -0.104556 0.827648 -0.154515
37 -0.081530 0.855299 -0.192807
38 -0.051125 0.868628 -0.211651
39 -0.007351 0.884049 -0.218564
40 0.029426 0.894527 -0.210432
41 0.058345 0.898267 -0.196532
42 0.080293 0.901587 -0.178706
43 0.096922 0.904522 -0.157671
44 0.114415 0.900526 -0.129899
45 0.123522 0.897765 -0.105465
46 0.132359 0.896730 -0.076757
47 0.143582 0.893614 -0.043646
48 0.149384 0.896664 -0.015412
49 0.152344 0.895810 0.013084
50 0.152830 0.885086 0.044747
51 0.144771 0.879253 0.070195
52 0.131591 0.871448 0.094724
53 0.109448 0.863413 0.120270
54 0.069982 0.852602 0.143283
55 0.031800 0.848481 0.144508
56 0.003754 0.844807 0.131563
57 -0.028564 0.836525 0.101057
58 -0.048119 0.827749 0.072481
59 -0.065489 0.822745 0.050484
Frame 415
30 -0.091092 0.813363 0.021627
31 -0.104838 0.811116 -0.008927
32 -0.110317 0.811230 -0.035464
33 -0.112319 0.813575 -0.065401
34 -0.112789 0.813135 -0.096429
35 -0.113757 0.817987 -0.124235
36 -0.107654 0.826930 -0.154369
37 -0.084189 0.854713 -0.192366
38 -0.053560 0.868042 -0.210897
39 -0.009675 0.883373 -0.217366
40 0.027063 0.893730 -0.208877
41 0.055878 0.897342 -0.194706
42 0.077683 0.900553 -0.176681
43 0.094134 0.903397 -0.155489
44 0.111358 0.899301 -0.127566
45 0.120231 0.896468 -0.103055
46 0.128802 0.895355 -0.074269
47 0.139711 0.892142 -0.041064
48 0.145263 0.895124 -0.012772
49 0.147959 0.894212 0.015747
50 0.148118 0.883421 0.047393
51 0.139815 0.877557 0.072744
52 0.126397 0.869733 0.097134
53 0.104002 0.861697 0.122483
54 0.064274 0.850962 0.145203
55 0.026032 0.846900 0.146069
56 -0.001727 0.843334 0.132758
57 -0.033733 0.835317 0.101975
58 -0.053098 0.826717 0.073236
59 -0.070352 0.821835 0.051082
Frame 416
30 -0.095518 0.812617 0.022008
31 -0.109056 0.810420 -0.008680
32 -0.114340 0.810539 -0.035276
33 -0.116109 0.812862 -0.065260
34 -0.116318 0.812398 -0.096325
35 -0.117034 0.817265 -0.124111
36 -0.110646 0.826232 -0.154184
37 -0.086794 0.854146 -0.191913
38 -0.055970 0.867479 -0.210161
39 -0.011990 0.882729 -0.216235
40 0.024717 0.892977 -0.207426
41 0.053435 0.896475 -0.193017
42 0.075110 0.899587 -0.174813
43 0.091401 0.902351 -0.153484
44 0.108384 0.898163 -0.125427
45 0.117048 0.895267 -0.100850
46 0.125381 0.894084 -0.071996
47 0.136009 0.890788 -0.038707
48 0.141336 0.893709 -0.010369
49 0.143797 0.892745 0.018169
50 0.143666 0.881894 0.049799
51 0.135146 0.876001 0.075063
52 0.121514 0.868161 0.099330
53 0.098889 0.860122 0.124504
54 0.058919 0.849457 0.146961
55 0.020628 0.845452 0.147504
56 -0.006874 0.841997 0.133879
57 -0.038596 0.834216 0.102845
58 -0.057777 0.825766 0.073950
59 -0.074917 0.820991 0.051655
Frame 417
30 -0.099552 0.811956 0.022388
31 -0.112918 0.809799 -0.008409
32 -0.118042 0.809917 -0.035054
33 -0.119616 0.812213 -0.065077
34 -0.119604 0.811726 -0.096171
35 -0.120104 0.816605 -0.123940
36 -0.113481 0.825581 -0.153959
37 -0.089305 0.853622 -0.191459
38 -0.058318 0.866961 -0.209467
39 -0.014258 0.882142 -0.215209
40 0.022425 0.892296 -0.206132
41 0.051060 0.895695 -0.191522
42 0.072627 0.898721 -0.173171
43 0.088784 0.901415 -0.151727
44 0.105562 0.897149 -0.123560
45 0.114051 0.894200 -0.098929
46 0.122183 0.892957 -0.070018
47 0.132573 0.889589 -0.036662
48 0.137712 0.892457 -0.008285
49 0.139975 0.891452 0.020267
50 0.139598 0.880549 0.051882
51 0.130894 0.874632 0.077074
52 0.117083 0.866776 0.101237
53 0.094264 0.858732 0.126264
54 0.054085 0.848131 0.148500
55 0.015755 0.844180 0.148770
56 -0.011527 0.840833 0.134889
57 -0.043008 0.833256 0.103638
58 -0.062023 0.824930 0.074605
59 -0.079063 0.820246 0.052192
Frame 418
30 -0.103255 0.811375 0.022770
31 -0.116479 0.809250 -0.008116
32 -0.121472 0.809362 -0.034802
33 -0.122885 0.811626 -0.064855
34 -0.122687 0.811113 -0.095975
35 -0.123008 0.816000 -0.123726
36 -0.116192 0.824979 -0.153699
37 -0.091743 0.853139 -0.191006
38 -0.060621 0.866485 -0.208815
39 -0.016494 0.881609 -0.214281
40 0.020175 0.891681 -0.204979
41 0.048740 0.894992 -0.190204
42 0.070217 0.897944 -0.171732
43 0.086262 0.900578 -0.150193
44 0.102869 0.896247 -0.121934
45 0.111210 0.893252 -0.097258
46 0.119174 0.891958 -0.068303
47 0.129365 0.888530 -0.034891
48 0.134348 0.891354 -0.006484
49 0.136445 0.890314 0.022079
50 0.135864 0.879368 0.053681
51 0.127007 0.873430 0.078812
52 0.113045 0.865562 0.102889
53 0.090063 0.857517 0.127793
54 0.049712 0.846971 0.149842
55 0.011352 0.843073 0.149883
56 -0.015745 0.839820 0.135792
57 -0.047020 0.832418 0.104362
58 -0.065895 0.824198 0.075213
59 -0.082854 0.819595 0.052703
Frame 419
30 -0.106730 0.810863 0.023154
31 -0.119835 0.808762 -0.007808
32 -0.124718 0.808863 -0.034524
33 -0.125995 0.811092 -0.064603
34 -0.125640 0.810549 -0.095740
35 -0.125807 0.815440 -0.123478
36 -0.118831 0.824417 -0.153409
37 -0.094150 0.852691 -0.190556
38 -0.062911 0.866044 -0.208196
39 -0.018725 0.881116 -0.213429
40 0.017935 0.891114 -0.203937
41 0.046442 0.894350 -0.189024
42 0.067844 0.897235 -0.170447
43 0.083794 0.899817 -0.148829
44 0.100255 0.895429 -0.120493
45 0.108470 0.892396 -0.095781
46 0.116292 0.891060 -0.066787
47 0.126314 0.887579 -0.033329
48 0.131164 0.890366 -0.004898
49 0.133121 0.889299 0.023674
50 0.132363 0.878317 0.055264
51 0.123376 0.872363 0.080343
52 0.109285 0.864487 0.104347
53 0.086165 0.856441 0.129145
54 0.045670 0.845949 0.151033
55 0.007288 0.842101 0.150880
56 -0.019655 0.838934 0.136615
57 -0.050756 0.831684 0.105033
58 -0.069511 0.823555 0.075784
59 -0.086398 0.819021 0.053194
Frame 420
30 -0.110077 0.810404 0.023537
31 -0.123078 0.808322 -0.007488
32 -0.127864 0.808411 -0.034229
33 -0.129023 0.810600 -0.064327
34 -0.128530 0.810025 -0.095479
35 -0.128565 0.814916 -0.123202
36 -0.121451 0.823889 -0.153098
37 -0.096563 0.852271 -0.190107
38 -0.065219 0.865630 -0.207601
39 -0.020980 0.880654 -0.212631
40 0.015679 0.890584 -0.202972
41 0.044135 0.893748 -0.187937
42 0.065471 0.896574 -0.169272
43 0.081339 0.899110 -0.147584
44 0.097670 0.894672 -0.119181
45 0.105775 0.891605 -0.094436
46 0.113471 0.890233 -0.065411
47 0.123343 0.886707 -0.031911
48 0.128076 0.889463 -0.003460
49 0.129910 0.888372 0.025118
50 0.128995 0.877362 0.056698
51 0.119893 0.871397 0.081732
52 0.105687 0.863516 0.105673
53 0.082446 0.855474 0.130377
54 0.041827 0.845033 0.152120
55 0.003428 0.841240 0.151796
56 -0.023387 0.838150 0.137383
57 -0.054336 0.831032 0.105667
58 -0.072983 0.822982 0.076331
59 -0.089807 0.818507 0.053669
Frame 421
30 -0.113398 0.809990 0.023919
31 -0.126300 0.807924 -0.007163
32 -0.130995 0.807995 -0.033924
33 -0.132047 0.810142 -0.064036
34 -0.131427 0.809530 -0.095198
35 -0.131341 0.814420 -0.122908
36 -0.124103 0.823386 -0.152771
37 -0.099020 0.851873 -0.189656
38 -0.067577 0.865236 -0.207018
39 -0.023284 0.880211 -0.211863
40 0.013375 0.890075 -0.202050
41 0.041784 0.893171 -0.186905
42 0.063061 0.895939 -0.168157
43 0.078852 0.898432 -0.146404
44 0.095064 0.893949 -0.117939
45 0.103065 0.890853 -0.093165
46 0.110644 0.889448 -0.064109
47 0.120376 0.885883 -0.030572
48 0.125000 0.888611 -0.002103
49 0.126720 0.887502 0.026481
50 0.125660 0.876467 0.058052
51 0.116449 0.870495 0.083045
52 0.102136 0.862616 0.106927
53 0.078784 0.854584 0.131542
54 0.038051 0.844197 0.153146
55 -0.000363 0.840461 0.152665
56 -0.027071 0.837443 0.138118
57 -0.057882 0.830443 0.106278
58 -0.076427 0.822461 0.076859
59 -0.093189 0.818041 0.054134
Frame 422
30 -0.116795 0.809606 0.024295
31 -0.129595 0.807556 -0.006839
32 -0.134197 0.807607 -0.033616
33 -0.135141 0.809707 -0.063736
34 -0.134398 0.809056 -0.094904
35 -0.134195 0.813942 -0.122604
36 -0.126836 0.822901 -0.152434
37 -0.101559 0.851489 -0.189204
38 -0.070015 0.864853 -0.206436
39 -0.025667 0.879775 -0.211100
40 0.010995 0.889570 -0.201136
41 0.039358 0.892598 -0.185882
42 0.060577 0.895309 -0.167052
43 0.076293 0.897760 -0.145235
44 0.092383 0.893234 -0.116709
45 0.100281 0.890111 -0.091906
46 0.107743 0.888678 -0.062822
47 0.117337 0.885074 -0.029247
48 0.121853 0.887779 -0.000761
49 0.123459 0.886654 0.027829
50 0.122253 0.875599 0.059391
51 0.112935 0.869627 0.084342
52 0.098514 0.861756 0.108169
53 0.075051 0.853738 0.132692
54 0.034210 0.843411 0.154153
55 -0.004216 0.839737 0.153516
56 -0.030834 0.836793 0.138846
57 -0.061516 0.829898 0.106880
58 -0.079957 0.821977 0.077382
59 -0.096654 0.817607 0.054590
Frame 423
30 -0.120366 0.809240 0.024665
31 -0.133053 0.807206 -0.006522
32 -0.137554 0.807237 -0.033313
33 -0.138382 0.809285 -0.063436
34 -0.137510 0.808591 -0.094605
35 -0.137186 0.813473 -0.122295
36 -0.129700 0.822425 -0.152093
37 -0.104217 0.851112 -0.188743
38 -0.072563 0.864472 -0.205842
39 -0.028157 0.879336 -0.210317
40 0.008507 0.889056 -0.200194
41 0.036823 0.892011 -0.184824
42 0.057979 0.894663 -0.165909
43 0.073615 0.897070 -0.144025
44 0.089576 0.892502 -0.115434
45 0.097365 0.889351 -0.090599
46 0.104702 0.887890 -0.061484
47 0.114148 0.884251 -0.027871
48 0.118550 0.886933 0.000634
49 0.120033 0.885795 0.029229
50 0.118673 0.874725 0.060782
51 0.109241 0.868757 0.085688
52 0.094703 0.860901 0.109457
53 0.071125 0.852907 0.133880
54 0.030170 0.842646 0.155184
55 -0.008269 0.839043 0.154383
56 -0.034808 0.836175 0.139585
57 -0.065359 0.829377 0.107486
58 -0.083690 0.821513 0.077905
59 -0.100310 0.817190 0.055044
Frame 424
30 -0.124213 0.808882 0.025024
31 -0.136764 0.806868 -0.006219
32 -0.141149 0.806876 -0.033021
33 -0.141844 0.808868 -0.063144
34 -0.140830 0.808128 -0.094310
35 -0.140374 0.813004 -0.121989
36 -0.132746 0.821952 -0.151750
37 -0.107029 0.850736 -0.188273
38 -0.075252 0.864084 -0.205222
39 -0.030781 0.878879 -0.209488
40 0.005883 0.888514 -0.199187
41 0.034144 0.891389 -0.183689
42 0.055230 0.893976 -0.164676
43 0.070774 0.896338 -0.142716
44 0.086590 0.891725 -0.114053
45 0.094255 0.888547 -0.089184
46 0.101452 0.887058 -0.060034
47 0.110730 0.883381 -0.026377
48 0.115002 0.886042 0.002146
49 0.116349 0.884892 0.030747
50 0.114814 0.873809 0.062290
51 0.105254 0.867852 0.087146
52 0.090584 0.860020 0.110848
53 0.066877 0.852058 0.135157
54 0.025798 0.841875 0.156278
55 -0.012655 0.838353 0.155294
56 -0.039121 0.835565 0.140360
57 -0.069531 0.828861 0.108108
58 -0.087738 0.821050 0.078438
59 -0.104266 0.816775 0.055496
Frame 425
30 -0.128399 0.808526 0.025366
31 -0.140789 0.806535 -0.005936
32 -0.145036 0.806518 -0.032747
33 -0.145577 0.808451 -0.062866
34 -0.144401 0.807659 -0.094022
35 -0.143797 0.812527 -0.121688
36 -0.136007 0.821473 -0.151410
37 -0.110020 0.850356 -0.187790
38 -0.078103 0.863686 -0.204568
39 -0.033557 0.878399 -0.208593
40 0.003102 0.887937 -0.198090
41 0.031299 0.890723 -0.182442
42 0.052303 0.893238 -0.163317
43 0.067740 0.895551 -0.141271
44 0.083388 0.890888 -0.112523
45 0.090909 0.887682 -0.087615
46 0.097945 0.886162 -0.058427
47 0.107030 0.882448 -0.024722
48 0.111152 0.885085 0.003824
49 0.112341 0.883923 0.032432
50 0.110605 0.872831 0.063962
51 0.100898 0.866889 0.088761
52 0.086074 0.859091 0.112387
53 0.062222 0.851170 0.136561
54 0.021003 0.841077 0.157470
55 -0.017466 0.837648 0.156271
56 -0.043863 0.834957 0.141185
57 -0.074115 0.828346 0.108754
58 -0.092175 0.820585 0.078974
59 -0.108588 0.816357 0.055940
Frame 426
30 -0.132858 0.808187 0.025689
31 -0.145069 0.806223 -0.005671
32 -0.149161 0.806182 -0.032490
33 -0.149532 0.808054 -0.062601
34 -0.148176 0.807205 -0.093737
35 -0.147415 0.812063 -0.121388
36 -0.139447 0.821007 -0.151070
37 -0.113162 0.849991 -0.187293
38 -0.081088 0.863298 -0.203882
39 -0.036462 0.877919 -0.207642
40 0.000190 0.887351 -0.196914
41 0.028316 0.890041 -0.181101
42 0.049228 0.892478 -0.161852
43 0.064546 0.894737 -0.139710
44 0.080005 0.890022 -0.110870
45 0.087367 0.886785 -0.085919
46 0.094222 0.885233 -0.056689
47 0.103094 0.881480 -0.022931
48 0.107049 0.884093 0.005638
49 0.108061 0.882919 0.034252
50 0.106104 0.871817 0.065769
51 0.096234 0.865896 0.090505
52 0.081238 0.858138 0.114049
53 0.057226 0.850263 0.138073
54 0.015860 0.840271 0.158745
55 -0.022630 0.836945 0.157303
56 -0.048962 0.834370 0.142052
57 -0.079041 0.827854 0.109412
58 -0.096927 0.820134 0.079499
59 -0.113205 0.815953 0.056365
Frame 427
30 -0.137500 0.807890 0.025999
31 -0.149518 0.805954 -0.005419
32 -0.153446 0.805889 -0.032242
33 -0.153633 0.807700 -0.062342
34 -0.152090 0.806790 -0.093453
35 -0.151165 0.811635 -0.121082
36 -0.143011 0.820580 -0.150725
37 -0.116409 0.849667 -0.186782
38 -0.084167 0.862947 -0.203172
39 -0.039459 0.877469 -0.206651
40 -0.002814 0.886790 -0.195684
41 0.025233 0.889379 -0.179697
42 0.046046 0.891736 -0.160315
43 0.061235 0.893938 -0.138073
44 0.076495 0.889168 -0.109136
45 0.083687 0.885899 -0.084139
46 0.090350 0.884315 -0.054866
47 0.098993 0.880519 -0.021053
48 0.102771 0.883108 0.007539
49 0.103596 0.881923 0.036159
50 0.101403 0.870811 0.067662
51 0.091360 0.864912 0.092331
52 0.076181 0.857198 0.115787
53 0.052001 0.849375 0.139652
54 0.010480 0.839489 0.160071
55 -0.028031 0.836272 0.158366
56 -0.054303 0.833825 0.142944
57 -0.084197 0.827403 0.110074
58 -0.101893 0.819721 0.080014
59 -0.118018 0.815584 0.056774
Frame 428
30 -0.142232 0.807655 0.026298
31 -0.154051 0.805748 -0.005176
32 -0.157809 0.805662 -0.031998
33 -0.157809 0.807414 -0.062085
34 -0.156073 0.806443 -0.093165
35 -0.154986 0.811275 -0.120768
36 -0.146643 0.820222 -0.150373
37 -0.119716 0.849411 -0.186261
38 -0.087301 0.862661 -0.202447
39 -0.042509 0.877083 -0.205637
40 -0.005876 0.886288 -0.194424
41 0.022090 0.888776 -0.178257
42 0.042800 0.891050 -0.158740
43 0.057857 0.893195 -0.136395
44 0.072909 0.888368 -0.107360
45 0.079927 0.885067 -0.082319
46 0.086393 0.883448 -0.053001
47 0.094802 0.879609 -0.019135
48 0.098397 0.882173 0.009481
49 0.099030 0.880975 0.038106
50 0.096596 0.869854 0.069592
51 0.086375 0.863977 0.094192
52 0.071006 0.856309 0.117561
53 0.046653 0.848539 0.141261
54 0.004976 0.838760 0.161416
55 -0.033557 0.835656 0.159439
56 -0.059772 0.833343 0.143839
57 -0.089473 0.827015 0.110731
58 -0.106965 0.819366 0.080517
59 -0.122929 0.815274 0.057169
Frame 429
30 -0.146962 0.807502 0.026593
31 -0.158584 0.805628 -0.004932
32 -0.162174 0.805525 -0.031755
33 -0.161985 0.807221 -0.061826
34 -0.160061 0.806191 -0.092868
35 -0.158817 0.811008 -0.120442
36 -0.150289 0.819961 -0.150010
37 -0.123037 0.849250 -0.185730
38 -0.090451 0.862471 -0.201714
39 -0.045578 0.876792 -0.204616
40 -0.008958 0.885882 -0.193161
41 0.018926 0.888268 -0.176815
42 0.039533 0.890460 -0.157163
43 0.054458 0.892546 -0.134717
44 0.069303 0.887664 -0.105587
45 0.076149 0.884329 -0.080503
46 0.082418 0.882675 -0.051144
47 0.090593 0.878794 -0.017225
48 0.094007 0.881330 0.011413
49 0.094451 0.880119 0.040041
50 0.091776 0.868988 0.071510
51 0.081379 0.863132 0.096044
52 0.065821 0.855510 0.119326
53 0.041293 0.847790 0.142863
54 -0.000543 0.838114 0.162751
55 -0.039093 0.835127 0.160502
56 -0.065253 0.832943 0.144723
57 -0.094756 0.826708 0.111373
58 -0.112043 0.819094 0.081007
59 -0.127841 0.815045 0.057553
Frame 430
30 -0.151602 0.807453 0.026887
31 -0.163032 0.805614 -0.004686
32 -0.166460 0.805497 -0.031505
33 -0.166091 0.807143 -0.061559
34 -0.163986 0.806060 -0.092559
35 -0.162596 0.810862 -0.120103
36 -0.153894 0.819825 -0.149634
37 -0.126330 0.849209 -0.185194
38 -0.093576 0.862404 -0.200982
39 -0.048626 0.876628 -0.203609
40 -0.012022 0.885607 -0.191916
41 0.015783 0.887896 -0.175400
42 0.036291 0.890008 -0.155619
43 0.051087 0.892036 -0.133077
44 0.065733 0.887096 -0.103858
45 0.072411 0.883728 -0.078733
46 0.078491 0.882039 -0.049336
47 0.086443 0.878113 -0.015368
48 0.089683 0.880622 0.013290
49 0.089944 0.879396 0.041919
50 0.087040 0.868252 0.073370
51 0.076472 0.862415 0.097840
52 0.060732 0.854834 0.121038
53 0.036031 0.847161 0.144419
54 -0.005960 0.837583 0.164046
55 -0.044528 0.834707 0.161535
56 -0.070633 0.832644 0.145577
57 -0.099939 0.826500 0.111996
58 -0.117022 0.818923 0.081484
59 -0.132658 0.814919 0.057930
Frame 431
30 -0.156061 0.807529 0.027186
31 -0.167312 0.805726 -0.004428
32 -0.170591 0.805602 -0.031243
33 -0.170053 0.807207 -0.061277
34 -0.167783 0.806077 -0.092234
35 -0.166265 0.810867 -0.119748
36 -0.157404 0.819843 -0.149242
37 -0.129550 0.849319 -0.184655
38 -0.096639 0.862491 -0.200264
39 -0.051619 0.876625 -0.202633
40 -0.015030 0.885500 -0.190722
41 0.012700 0.887696 -0.174047
42 0.033115 0.889733 -0.154147
43 0.047792 0.891706 -0.131515
44 0.062254 0.886711 -0.102216
45 0.068778 0.883308 -0.077056
46 0.074683 0.881581 -0.047624
47 0.082427 0.877612 -0.013613
48 0.085505 0.880091 0.015063
49 0.085598 0.878849 0.043692
50 0.082482 0.867689 0.075124
51 0.071757 0.861867 0.099535
52 0.055846 0.854321 0.122658
53 0.030978 0.846687 0.145896
54 -0.011166 0.837194 0.165276
55 -0.049748 0.834424 0.162519
56 -0.075797 0.832465 0.146388
57 -0.104909 0.826413 0.112593
58 -0.121799 0.818876 0.081949
59 -0.137283 0.814919 0.058305
Frame 432
30 -0.160277 0.807662 0.027495
31 -0.171367 0.805897 -0.004155
32 -0.174511 0.805772 -0.030964
33 -0.173823 0.807347 -0.060979
34 -0.171407 0.806181 -0.091892
35 -0.169780 0.810961 -0.119372
36 -0.160783 0.819954 -0.148835
37 -0.132666 0.849517 -0.184117
38 -0.099613 0.862671 -0.199565
39 -0.054528 0.876724 -0.201703
40 -0.017956 0.885505 -0.189595
41 0.009708 0.887616 -0.172778
42 0.030040 0.889582 -0.152771
43 0.044610 0.891503 -0.130061
44 0.058905 0.886455 -0.100693
45 0.065292 0.883018 -0.075503
46 0.071041 0.881254 -0.046042
47 0.078600 0.877239 -0.011993
48 0.081534 0.879689 0.016699
49 0.081477 0.878427 0.045325
50 0.078173 0.867249 0.076740
51 0.067308 0.861436 0.101099
52 0.051243 0.853918 0.124156
53 0.026210 0.846318 0.147268
54 -0.016091 0.836905 0.166415
55 -0.054684 0.834231 0.163436
56 -0.080668 0.832350 0.147145
57 -0.109594 0.826384 0.113161
58 -0.126307 0.818889 0.082402
59 -0.141651 0.814977 0.058678
Frame 433
30 -0.164286 0.807772 0.027819
31 -0.175230 0.806047 -0.003861
32 -0.178253 0.805928 -0.030663
33 -0.177432 0.807483 -0.060657
34 -0.174887 0.806290 -0.091526
35 -0.173167 0.811061 -0.118975
36 -0.164055 0.820074 -0.148407
37 -0.135699 0.849721 -0.183572
38 -0.102514 0.862862 -0.198877
39 -0.057374 0.876844 -0.200807
40 -0.020818 0.885539 -0.188522
41 0.006788 0.887573 -0.171577
42 0.027045 0.889474 -0.151475
43 0.041518 0.891346 -0.128695
44 0.055664 0.886247 -0.099266
45 0.061929 0.882777 -0.074052
46 0.067538 0.880976 -0.044565
47 0.074932 0.876915 -0.010484
48 0.077737 0.879334 0.018221
49 0.077546 0.878052 0.046844
50 0.074074 0.866853 0.078240
51 0.063082 0.861046 0.102554
52 0.046878 0.853551 0.125553
53 0.021681 0.845983 0.148550
54 -0.020790 0.836648 0.167475
55 -0.059391 0.834060 0.164294
56 -0.085295 0.832231 0.147863
57 -0.114040 0.826340 0.113709
58 -0.130589 0.818883 0.082848
59 -0.145802 0.815013 0.059055
Frame 434
30 -0.168154 0.807860 0.028162
31 -0.178961 0.806177 -0.003542
32 -0.181871 0.806069 -0.030336
33 -0.180927 0.807611 -0.060310
34 -0.178266 0.806400 -0.091133
35 -0.176469 0.811165 -0.118551
36 -0.167256 0.820202 -0.147955
37 -0.138681 0.849929 -0.183013
38 -0.105373 0.863059 -0.198187
39 -0.060181 0.876978 -0.199927
40 -0.023643 0.885596 -0.187479
41 0.003909 0.887560 -0.170418
42 0.024097 0.889403 -0.150228
43 0.038481 0.891229 -0.127384
44 0.052491 0.886083 -0.097903
45 0.058642 0.882580 -0.072665
46 0.064124 0.880744 -0.043158
47 0.071368 0.876638 -0.009049
48 0.074054 0.879026 0.019670
49 0.073741 0.877723 0.048288
50 0.070117 0.866502 0.079665
51 0.059010 0.860698 0.103938
52 0.042677 0.853221 0.126884
53 0.017316 0.845682 0.149776
54 -0.025333 0.836422 0.168484
55 -0.063940 0.833907 0.165117
56 -0.089752 0.832110 0.148560
57 -0.118321 0.826284 0.114254
58 -0.134717 0.818862 0.083301
59 -0.149806 0.815031 0.059445
Frame 435
30 -0.171941 0.807928 0.028531
31 -0.182616 0.806287 -0.003195
32 -0.185419 0.806194 -0.029981
33 -0.184360 0.807729 -0.059933
34 -0.181590 0.806508 -0.090707
35 -0.179727 0.811269 -0.118096
36 -0.170423 0.820336 -0.147474
37 -0.141641 0.850136 -0.182432
38 -0.108217 0.863257 -0.197482
39 -0.062980 0.877123 -0.199043
40 -0.026462 0.885672 -0.186443
41 0.001040 0.887572 -0.169272
42 0.021162 0.889361 -0.149000
43 0.035461 0.891147 -0.126097
44 0.049343 0.885957 -0.096568
45 0.055389 0.882423 -0.071310
46 0.060751 0.880552 -0.041783
47 0.067853 0.876404 -0.007647
48 0.070427 0.878762 0.021083
49 0.070001 0.877437 0.049696
50 0.066235 0.866193 0.081055
51 0.055021 0.860389 0.105288
52 0.038568 0.852928 0.128182
53 0.013042 0.845414 0.150976
54 -0.029793 0.836223 0.169474
55 -0.068404 0.833771 0.165927
56 -0.094112 0.831991 0.149257
57 -0.122509 0.826221 0.114811
58 -0.138758 0.818830 0.083773
59 -0.153728 0.815033 0.059858
Frame 436
30 -0.175712 0.807979 0.028931
31 -0.186254 0.806379 -0.002816
32 -0.188951 0.806302 -0.029592
33 -0.187779 0.807838 -0.059522
34 -0.184905 0.806612 -0.090244
35 -0.182982 0.811370 -0.117605
36 -0.173592 0.820471 -0.146958
37 -0.144611 0.850340 -0.181818
38 -0.111074 0.863454 -0.196750
39 -0.065797 0.877271 -0.198136
40 -0.029301 0.885758 -0.185390
41 -0.001850 0.887601 -0.168113
42 0.018207 0.889344 -0.147760
43 0.032422 0.891093 -0.124801
44 0.046179 0.885863 -0.095225
45 0.052123 0.882300 -0.069948
46 0.057368 0.880396 -0.040402
47 0.064334 0.876210 -0.006240
48 0.066797 0.878540 0.022499
49 0.066261 0.877193 0.051107
50 0.062360 0.865927 0.082447
51 0.051041 0.860122 0.106641
52 0.034473 0.852672 0.129484
53 0.008783 0.845182 0.152181
54 -0.034239 0.836050 0.170469
55 -0.072855 0.833648 0.166749
56 -0.098452 0.831875 0.149974
57 -0.126676 0.826152 0.115394
58 -0.142782 0.818788 0.084277
59 -0.157634 0.815023 0.060303
Frame 437
30 -0.179526 0.808014 0.029368
31 -0.189932 0.806452 -0.002401
32 -0.192520 0.806393 -0.029167
33 -0.191232 0.807935 -0.059072
34 -0.188255 0.806708 -0.089739
35 -0.186274 0.811464 -0.117074
36 -0.176798 0.820608 -0.146402
37 -0.147622 0.850537 -0.181165
38 -0.113974 0.863644 -0.195976
39 -0.068661 0.877419 -0.197187
40 -0.032192 0.885850 -0.184294
41 -0.004793 0.887644 -0.166911
42 0.015199 0.889344 -0.146480
43 0.029329 0.891060 -0.123462
44 0.042958 0.885797 -0.093839
45 0.048801 0.882207 -0.068542
46 0.053927 0.880274 -0.038979
47 0.060754 0.876053 -0.004791
48 0.063106 0.878356 0.023958
49 0.062458 0.876990 0.052559
50 0.058423 0.865703 0.083880
51 0.047001 0.859896 0.108034
52 0.030320 0.852457 0.130824
53 0.004465 0.844984 0.153422
54 -0.038744 0.835899 0.171497
55 -0.077361 0.833538 0.167606
56 -0.102844 0.831764 0.150728
57 -0.130896 0.826081 0.116017
58 -0.146859 0.818739 0.084823
59 -0.161592 0.815002 0.060790
Frame 438
30 -0.183445 0.808036 0.029848
31 -0.193707 0.806508 -0.001946
32 -0.196178 0.806467 -0.028702
33 -0.194769 0.808018 -0.058580
34 -0.191685 0.806793 -0.089188
35 -0.189647 0.811547 -0.116498
36 -0.180078 0.820741 -0.145803
37 -0.150702 0.850724 -0.180461
38 -0.116944 0.863823 -0.195145
39 -0.071600 0.877560 -0.196175
40 -0.035161 0.885942 -0.183131
41 -0.007819 0.887690 -0.165640
42 0.012103 0.889354 -0.145124
43 0.026141 0.891043 -0.122048
44 0.039639 0.885751 -0.092375
45 0.045374 0.882140 -0.067058
46 0.050377 0.880180 -0.037474
47 0.057060 0.875930 -0.003260
48 0.059293 0.878210 0.025499
49 0.058527 0.876826 0.054093
50 0.054355 0.865520 0.085392
51 0.042827 0.859713 0.109502
52 0.026031 0.852283 0.132235
53 0.000013 0.844823 0.154728
54 -0.043378 0.835772 0.172587
55 -0.081996 0.833438 0.168521
56 -0.107362 0.831661 0.151538
57 -0.135241 0.826012 0.116695
58 -0.151057 0.818688 0.085425
59 -0.165667 0.814973 0.061327
Frame 439
30 -0.187533 0.808045 0.030375
31 -0.197635 0.806548 -0.001448
32 -0.199979 0.806523 -0.028193
33 -0.198437 0.808086 -0.058041
34 -0.195239 0.806864 -0.088585
35 -0.193139 0.811616 -0.115873
36 -0.183467 0.820871 -0.145152
37 -0.153885 0.850897 -0.179697
38 -0.120012 0.863986 -0.194243
39 -0.074642 0.877689 -0.195080
40 -0.038239 0.886025 -0.181876
41 -0.010961 0.887736 -0.164268
42 0.008885 0.889369 -0.143664
43 0.022823 0.891037 -0.120524
44 0.036178 0.885722 -0.090796
45 0.041798 0.882092 -0.065457
46 0.046666 0.880110 -0.035852
47 0.053195 0.875837 -0.001609
48 0.055298 0.878099 0.027159
49 0.054406 0.876700 0.055745
50 0.050087 0.865379 0.087022
51 0.038447 0.859572 0.111082
52 0.021532 0.852151 0.133750
53 -0.004647 0.844699 0.156130
54 -0.048211 0.835666 0.173765
55 -0.086829 0.833349 0.169515
56 -0.112081 0.831569 0.152423
57 -0.139782 0.825948 0.117441
58 -0.155446 0.818636 0.086095
59 -0.169927 0.814941 0.061923
Frame 440
30 -0.191828 0.808117 0.030953
31 -0.201754 0.806646 -0.000904
32 -0.203959 0.806634 -0.027638
33 -0.202272 0.808210 -0.057454
34 -0.198948 0.806993 -0.087927
35 -0.196779 0.811741 -0.115194
36 -0.186991 0.821066 -0.144449
37 -0.157191 0.851127 -0.178867
38 -0.123198 0.864204 -0.193261
39 -0.077807 0.877874 -0.193888
40 -0.041447 0.886168 -0.180513
41 -0.014241 0.887846 -0.162780
42 0.005521 0.889454 -0.142078
43 0.019348 0.891104 -0.118869
44 0.032547 0.885772 -0.089080
45 0.038041 0.882129 -0.063717
46 0.042763 0.880130 -0.034089
47 0.049121 0.875841 0.000187
48 0.051082 0.878088 0.028963
49 0.050049 0.876678 0.057542
50 0.045573 0.865344 0.088793
51 0.033811 0.859539 0.112799
52 0.016769 0.852126 0.135392
53 -0.009568 0.844675 0.157648
54 -0.053296 0.835643 0.175054
55 -0.091912 0.833332 0.170610
56 -0.117054 0.831558 0.153407
57 -0.144574 0.825958 0.118272
58 -0.160075 0.818656 0.086842
59 -0.174414 0.814977 0.062587
Frame 441
30 -0.196298 0.808311 0.031575
31 -0.206036 0.806864 -0.000321
32 -0.208091 0.806862 -0.027044
33 -0.206249 0.808452 -0.056827
34 -0.202793 0.807240 -0.087226
35 -0.200550 0.811985 -0.114473
36 -0.190633 0.821388 -0.143705
37 -0.160605 0.851479 -0.177981
38 -0.126489 0.864540 -0.192211
39 -0.081077 0.878176 -0.192614
40 -0.044769 0.886426 -0.179061
41 -0.017637 0.888070 -0.161196
42 0.002035 0.889653 -0.140391
43 0.015744 0.891289 -0.117108
44 0.028776 0.885942 -0.087255
45 0.034135 0.882287 -0.061865
46 0.038699 0.880273 -0.032213
47 0.044876 0.875971 0.002096
48 0.046684 0.878205 0.030881
49 0.045503 0.876785 0.059450
50 0.040860 0.865441 0.090675
51 0.028968 0.859638 0.114621
52 0.011795 0.852233 0.137135
53 -0.014701 0.844777 0.159259
54 -0.058585 0.835733 0.176430
55 -0.097199 0.833427 0.171790
56 -0.122237 0.831665 0.154482
57 -0.149576 0.826091 0.119181
58 -0.164903 0.818797 0.087660
59 -0.179093 0.815136 0.063307
Frame 442
30 -0.200890 0.808604 0.032229
31 -0.210432 0.807182 0.000292
32 -0.212334 0.807190 -0.026422
33 -0.210332 0.808794 -0.056170
34 -0.206742 0.807587 -0.086492
35 -0.204420 0.812330 -0.113723
36 -0.194367 0.821816 -0.142931
37 -0.164103 0.851936 -0.177054
38 -0.129860 0.864974 -0.191111
39 -0.084429 0.878570 -0.191284
40 -0.048175 0.886770 -0.177549
41 -0.021120 0.888377 -0.159548
42 -0.001539 0.889931 -0.138638
43 0.012047 0.891552 -0.115280
44 0.024906 0.886187 -0.085362
45 0.030126 0.882519 -0.059947
46 0.034527 0.880488 -0.030269
47 0.040517 0.876172 0.004073
48 0.042169 0.878393 0.032866
49 0.040835 0.876963 0.061424
50 0.036017 0.865609 0.092622
51 0.023993 0.859809 0.116505
52 0.006683 0.852412 0.138935
53 -0.019969 0.844950 0.160924
54 -0.064002 0.835889 0.177857
55 -0.102609 0.833594 0.173021
56 -0.127557 0.831856 0.155618
57 -0.154719 0.826310 0.120142
58 -0.169869 0.819029 0.088528
59 -0.183904 0.815391 0.064070
Frame 443
30 -0.205552 0.808973 0.032904
31 -0.214897 0.807583 0.000925
32 -0.216645 0.807600 -0.025777
33 -0.214487 0.809218 -0.055494
34 -0.210763 0.808016 -0.085741
35 -0.208359 0.812760 -0.112956
36 -0.198167 0.822331 -0.142140
37 -0.167661 0.852482 -0.176098
38 -0.133290 0.865493 -0.189979
39 -0.087839 0.879035 -0.189920
40 -0.051637 0.887173 -0.176005
41 -0.024658 0.888735 -0.157871
42 -0.005166 0.890251 -0.136855
43 0.008298 0.891849 -0.113423
44 0.020980 0.886461 -0.083441
45 0.026061 0.882777 -0.058001
46 0.030300 0.880724 -0.028300
47 0.036102 0.876391 0.006072
48 0.037598 0.878596 0.034873
49 0.036110 0.877152 0.063421
50 0.031116 0.865787 0.094586
51 0.018958 0.859992 0.118406
52 0.001511 0.852604 0.140752
53 -0.025294 0.845139 0.162603
54 -0.069469 0.836066 0.179297
55 -0.108067 0.833796 0.174274
56 -0.132940 0.832088 0.156785
57 -0.159935 0.826582 0.121134
58 -0.174911 0.819321 0.089425
59 -0.188791 0.815714 0.064858
Frame 444
30 -0.210231 0.809397 0.033588
31 -0.219385 0.808047 0.001570
32 -0.220984 0.808074 -0.025122
33 -0.218677 0.809706 -0.054810
34 -0.214823 0.808510 -0.084988
35 -0.212337 0.813259 -0.112186
36 -0.202007 0.822912 -0.141347
37 -0.171253 0.853100 -0.175130
38 -0.136754 0.866075 -0.188834
39 -0.091280 0.879549 -0.188548
40 -0.055127 0.887610 -0.174459
41 -0.028219 0.889109 -0.156197
42 -0.008811 0.890577 -0.135079
43 0.004534 0.892142 -0.111578
44 0.017045 0.886720 -0.081535
45 0.021988 0.883012 -0.056073
46 0.026069 0.880931 -0.026351
47 0.031688 0.876572 0.008050
48 0.033034 0.878754 0.036858
49 0.031396 0.877293 0.065393
50 0.026228 0.865913 0.096525
51 0.013939 0.860125 0.120283
52 -0.003643 0.852751 0.142543
53 -0.030598 0.845291 0.164257
54 -0.074910 0.836219 0.180714
55 -0.113496 0.833994 0.175515
56 -0.138313 0.832328 0.157953
57 -0.165157 0.826873 0.122131
58 -0.179969 0.819643 0.090333
59 -0.193695 0.816077 0.065657
Frame 445
30 -0.214876 0.809854 0.034271
31 -0.223848 0.808557 0.002215
32 -0.225309 0.808598 -0.024465
33 -0.222866 0.810241 -0.054130
34 -0.218893 0.809050 -0.084244
35 -0.216324 0.813808 -0.111428
36 -0.205861 0.823539 -0.140564
37 -0.174857 0.853775 -0.174165
38 -0.140231 0.866705 -0.187698
39 -0.094728 0.880090 -0.187195
40 -0.058614 0.888052 -0.172940
41 -0.031770 0.889470 -0.154559
42 -0.012440 0.890871 -0.133348
43 0.000797 0.892390 -0.109780
44 0.013142 0.886918 -0.079686
45 0.017956 0.883177 -0.054205
46 0.021888 0.881057 -0.024464
47 0.027333 0.876660 0.009961
48 0.028541 0.878812 0.038775
49 0.026763 0.877326 0.067298
50 0.021425 0.865927 0.098393
51 0.009011 0.860147 0.122090
52 -0.008703 0.852792 0.144269
53 -0.035803 0.845350 0.165850
54 -0.080246 0.836303 0.182070
55 -0.118817 0.834151 0.176714
56 -0.143601 0.832538 0.159095
57 -0.170317 0.827148 0.123111
58 -0.184980 0.819966 0.091231
59 -0.198559 0.816455 0.066449
Frame 446
30 -0.219436 0.810319 0.034940
31 -0.228242 0.809095 0.002853
32 -0.229580 0.809153 -0.023816
33 -0.227019 0.810803 -0.053463
34 -0.222941 0.809619 -0.083527
35 -0.220292 0.814392 -0.110695
36 -0.209702 0.824193 -0.139807
37 -0.178447 0.854489 -0.173220
38 -0.143696 0.867363 -0.186590
39 -0.098156 0.880634 -0.185885
40 -0.062070 0.888470 -0.171480
41 -0.035280 0.889782 -0.152993
42 -0.016015 0.891095 -0.131699
43 -0.002875 0.892549 -0.108071
44 0.009318 0.887008 -0.077935
45 0.014011 0.883222 -0.052440
46 0.017808 0.881052 -0.022684
47 0.023095 0.876601 0.011759
48 0.024181 0.878712 0.040579
49 0.022278 0.877191 0.069089
50 0.016778 0.865767 0.100145
51 0.004246 0.859997 0.123785
52 -0.013592 0.852669 0.145890
53 -0.040833 0.845262 0.167343
54 -0.085403 0.836271 0.183330
55 -0.123955 0.834230 0.177841
56 -0.148733 0.832678 0.160182
57 -0.175346 0.827375 0.124053
58 -0.189883 0.820259 0.092100
59 -0.203327 0.816819 0.067221
Frame 447
30 -0.223879 0.810769 0.035588
31 -0.232531 0.809628 0.003470
32 -0.233758 0.809704 -0.023193
33 -0.231096 0.811355 -0.052835
34 -0.226921 0.810173 -0.082868
35 -0.224186 0.814966 -0.110023
36 -0.213474 0.824823 -0.139108
37 -0.181966 0.855192 -0.172315
38 -0.147092 0.868000 -0.185526
39 -0.101514 0.881136 -0.184633
40 -0.065445 0.888826 -0.170087
41 -0.038701 0.890010 -0.151505
42 -0.019495 0.891218 -0.130138
43 -0.006440 0.892593 -0.106457
44 0.005609 0.886970 -0.076288
45 0.010192 0.883130 -0.050782
46 0.013865 0.880899 -0.021016
47 0.019006 0.876383 0.013442
48 0.019984 0.878444 0.042268
49 0.017967 0.876884 0.070765
50 0.012314 0.865433 0.101779
51 -0.000329 0.859678 0.125365
52 -0.018285 0.852384 0.147397
53 -0.045662 0.845033 0.168727
54 -0.090356 0.836128 0.184483
55 -0.128882 0.834228 0.178882
56 -0.153674 0.832739 0.161203
57 -0.180211 0.827539 0.124947
58 -0.194647 0.820505 0.092937
59 -0.207968 0.817149 0.067965
Frame 448
30 -0.228251 0.811191 0.036214
31 -0.236755 0.810140 0.004062
32 -0.237876 0.810229 -0.022602
33 -0.235124 0.811872 -0.052256
34 -0.230851 0.810689 -0.082275
35 -0.228020 0.815501 -0.109423
36 -0.217181 0.825401 -0.138478
37 -0.185416 0.855852 -0.171454
38 -0.150424 0.868586 -0.184502
39 -0.104810 0.881575 -0.183421
40 -0.068755 0.889112 -0.168743
41 -0.042057 0.890156 -0.150069
42 -0.022909 0.891249 -0.128636
43 -0.009934 0.892542 -0.104907
44 0.001975 0.886830 -0.074708
45 0.006451 0.882933 -0.049193
46 0.010006 0.880638 -0.019417
47 0.015007 0.876053 0.015052
48 0.015884 0.878064 0.043885
49 0.013756 0.876463 0.072368
50 0.007952 0.864985 0.103337
51 -0.004796 0.859251 0.126868
52 -0.022865 0.851999 0.148828
53 -0.050373 0.844720 0.170035
54 -0.095192 0.835918 0.185556
55 -0.133684 0.834173 0.179858
56 -0.158498 0.832745 0.162174
57 -0.184976 0.827650 0.125809
58 -0.199328 0.820707 0.093750
59 -0.212536 0.817444 0.068690
Frame 449
30 -0.232623 0.811588 0.036823
31 -0.240981 0.810630 0.004638
32 -0.242001 0.810732 -0.022036
33 -0.239163 0.812362 -0.051714
34 -0.234790 0.811175 -0.081733
35 -0.231854 0.816009 -0.108879
36 -0.220886 0.825941 -0.137898
37 -0.188862 0.856481 -0.170624
38 -0.153756 0.869134 -0.183505
39 -0.108110 0.881970 -0.182238
40 -0.072067 0.889347 -0.167431
41 -0.045415 0.890242 -0.148666
42 -0.026327 0.891218 -0.127172
43 -0.013429 0.892422 -0.103397
44 -0.001658 0.886619 -0.073173
45 0.002714 0.882663 -0.047650
46 0.006154 0.880301 -0.017867
47 0.011019 0.875644 0.016613
48 0.011798 0.877606 0.045454
49 0.009565 0.875961 0.073919
50 0.003612 0.864458 0.104844
51 -0.009239 0.858747 0.128320
52 -0.027419 0.851543 0.150208
53 -0.055058 0.844346 0.171290
54 -0.099999 0.835657 0.186570
55 -0.138451 0.834077 0.180786
56 -0.163293 0.832705 0.163110
57 -0.189723 0.827720 0.126647
58 -0.204005 0.820875 0.094547
59 -0.217104 0.817707 0.069399
Frame 450
30 -0.237063 0.811961 0.037422
31 -0.245277 0.811100 0.005199
32 -0.246197 0.811214 -0.021488
33 -0.243276 0.812831 -0.051198
34 -0.238800 0.811642 -0.081225
35 -0.235751 0.816498 -0.108372
36 -0.224656 0.826456 -0.137353
37 -0.192371 0.857088 -0.169811
38 -0.157153 0.869659 -0.182521
39 -0.111479 0.882337 -0.181067
40 -0.075451 0.889553 -0.166133
41 -0.048846 0.890295 -0.147280
42 -0.029818 0.891151 -0.125727
43 -0.016998 0.892264 -0.101908
44 -0.005362 0.886368 -0.071660
45 -0.001094 0.882352 -0.046130
46 0.002232 0.879924 -0.016340
47 0.006964 0.875193 0.018148
48 0.007646 0.877102 0.046996
49 0.005308 0.875413 0.075446
50 -0.000792 0.863886 0.106323
51 -0.013744 0.858200 0.129743
52 -0.032031 0.851044 0.151558
53 -0.059801 0.843931 0.172514
54 -0.104869 0.835362 0.187547
55 -0.143275 0.833951 0.181683
56 -0.168146 0.832632 0.164025
57 -0.194532 0.827757 0.127471
58 -0.208749 0.821012 0.095332
59 -0.221742 0.817945 0.070098
Frame 451
30 -0.241642 0.812312 0.038015
31 -0.249709 0.811548 0.005753
32 -0.250529 0.811680 -0.020949
33 -0.247526 0.813284 -0.050697
34 -0.242942 0.812100 -0.080735
35 -0.239776 0.816981 -0.107887
36 -0.228554 0.826960 -0.136824
37 -0.196008 0.857687 -0.169003
38 -0.160681 0.870173 -0.181537
39 -0.114984 0.882694 -0.179893
40 -0.078972 0.889749 -0.164832
41 -0.052419 0.890339 -0.145891
42 -0.033455 0.891074 -0.124281
43 -0.020712 0.892099 -0.100418
44 -0.009213 0.886109 -0.070147
45 -0.005048 0.882032 -0.044612
46 -0.001836 0.879536 -0.014815
47 0.002763 0.874731 0.019680
48 0.003349 0.876587 0.048536
49 0.000906 0.874854 0.076968
50 -0.005341 0.863300 0.107798
51 -0.018394 0.857638 0.131161
52 -0.036788 0.850530 0.152903
53 -0.064693 0.843501 0.173732
54 -0.109892 0.835046 0.188509
55 -0.148246 0.833807 0.182566
56 -0.173147 0.832538 0.164932
57 -0.199487 0.827771 0.128286
58 -0.213636 0.821127 0.096110
59 -0.226520 0.818158 0.070789
Frame 452
30 -0.246427 0.812643 0.038606
31 -0.254346 0.811979 0.006307
32 -0.255063 0.812132 -0.020412
33 -0.251974 0.813730 -0.050200
34 -0.247277 0.812560 -0.080245
35 -0.243992 0.817467 -0.107404
36 -0.232646 0.827466 -0.136293
37 -0.199840 0.858289 -0.168185
38 -0.164402 0.870691 -0.180540
39 -0.118689 0.883060 -0.178700
40 -0.082698 0.889958 -0.163509
41 -0.056203 0.890400 -0.144480
42 -0.037307 0.891019 -0.122814
43 -0.024644 0.891954 -0.098906
44 -0.013281 0.885872 -0.068611
45 -0.009221 0.881735 -0.043071
46 -0.006124 0.879171 -0.013268
47 -0.001662 0.874292 0.021234
48 -0.001175 0.876096 0.050097
49 -0.003725 0.874316 0.078512
50 -0.010119 0.862734 0.109291
51 -0.023273 0.857093 0.132601
52 -0.041776 0.850029 0.154268
53 -0.069820 0.843075 0.174965
54 -0.115153 0.834728 0.189475
55 -0.153454 0.833655 0.183451
56 -0.178382 0.832433 0.165843
57 -0.204668 0.827770 0.129104
58 -0.218740 0.821223 0.096885
59 -0.231509 0.818352 0.071477
Frame 453
30 -0.251490 0.812954 0.039200
31 -0.259255 0.812390 0.006866
32 -0.259864 0.812571 -0.019870
33 -0.256684 0.814175 -0.049696
34 -0.251866 0.813029 -0.079738
35 -0.248462 0.817967 -0.106907
36 -0.236997 0.827988 -0.135741
37 -0.203932 0.858903 -0.167344
38 -0.168385 0.871229 -0.179514
39 -0.122660 0.883451 -0.177474
40 -0.086697 0.890199 -0.162148
41 -0.060267 0.890502 -0.143029
42 -0.041443 0.891011 -0.121304
43 -0.028864 0.891862 -0.097350
44 -0.017642 0.885690 -0.067031
45 -0.013689 0.881493 -0.041484
46 -0.010712 0.878863 -0.011675
47 -0.006389 0.873910 0.022833
48 -0.006006 0.875659 0.051703
49 -0.008666 0.873834 0.080099
50 -0.015208 0.862223 0.110831
51 -0.028466 0.856597 0.134082
52 -0.047080 0.849570 0.155675
53 -0.075268 0.842678 0.176237
54 -0.120743 0.834422 0.190471
55 -0.158987 0.833508 0.184356
56 -0.183939 0.832331 0.166773
57 -0.210156 0.827763 0.129929
58 -0.224137 0.821309 0.097662
59 -0.236780 0.818532 0.072167
Frame 454
30 -0.256898 0.813249 0.039802
31 -0.264503 0.812782 0.007434
32 -0.264998 0.813004 -0.019316
33 -0.261718 0.814625 -0.049172
34 -0.256772 0.813519 -0.079196
35 -0.253252 0.818490 -0.106377
36 -0.241672 0.828538 -0.135152
37 -0.208349 0.859544 -0.166466
38 -0.172694 0.871797 -0.178447
39 -0.126962 0.883887 -0.176199
40 -0.091036 0.890494 -0.160730
41 -0.064680 0.890671 -0.141520
42 -0.045934 0.891078 -0.119731
43 -0.033446 0.891850 -0.095728
44 -0.022368 0.885593 -0.065381
45 -0.018525 0.881339 -0.039828
46 -0.015673 0.878642 -0.010013
47 -0.011495 0.873618 0.024502
48 -0.011223 0.875313 0.053377
49 -0.013999 0.873443 0.081755
50 -0.020690 0.861797 0.112439
51 -0.034057 0.856178 0.135632
52 -0.052786 0.849178 0.157149
53 -0.081127 0.842331 0.177570
54 -0.126746 0.834147 0.191515
55 -0.164935 0.833378 0.185298
56 -0.189906 0.832242 0.167732
57 -0.216035 0.827760 0.130769
58 -0.229900 0.821389 0.098444
59 -0.242405 0.818699 0.072860
Frame 455
30 -0.262680 0.813515 0.040410
31 -0.270109 0.813134 0.008009
32 -0.270477 0.813395 -0.018750
33 -0.267080 0.815038 -0.048631
34 -0.261990 0.813980 -0.078618
35 -0.258355 0.818980 -0.105814
36 -0.246664 0.829059 -0.134524
37 -0.213085 0.860161 -0.165550
38 -0.177318 0.872359 -0.177332
39 -0.131589 0.884343 -0.174859
40 -0.095711 0.890831 -0.159231
41 -0.069442 0.890906 -0.139922
42 -0.050784 0.891231 -0.118061
43 -0.038398 0.891937 -0.094002
44 -0.027476 0.885612 -0.063621
45 -0.023754 0.881308 -0.038060
46 -0.021038 0.878553 -0.008236
47 -0.017019 0.873469 0.026288
48 -0.016875 0.875116 0.055165
49 -0.019778 0.873206 0.083526
50 -0.026625 0.861527 0.114159
51 -0.040109 0.855910 0.137291
52 -0.058959 0.848925 0.158726
53 -0.087450 0.842103 0.178993
54 -0.133197 0.833960 0.192624
55 -0.171318 0.833319 0.186290
56 -0.196325 0.832204 0.168732
57 -0.222347 0.827778 0.131630
58 -0.236068 0.821471 0.099237
59 -0.248416 0.818854 0.073560
Frame 456
30 -0.268687 0.813735 0.041009
31 -0.275926 0.813421 0.008571
32 -0.276151 0.813712 -0.018195
33 -0.272622 0.815369 -0.048092
34 -0.267374 0.814358 -0.078029
35 -0.263618 0.819380 -0.105242
36 -0.251818 0.829486 -0.133882
37 -0.217989 0.860699 -0.164621
38 -0.182110 0.872864 -0.176195
39 -0.136394 0.884773 -0.173481
40 -0.100574 0.891173 -0.157679
41 -0.074404 0.891173 -0.138259
42 -0.055846 0.891439 -0.116315
43 -0.043575 0.892102 -0.092197
44 -0.032819 0.885726 -0.061774
45 -0.029228 0.881388 -0.036202
46 -0.026663 0.878590 -0.006368
47 -0.022818 0.873460 0.028169
48 -0.022816 0.875072 0.057048
49 -0.025859 0.873132 0.085388
50 -0.032870 0.861426 0.115974
51 -0.046478 0.855806 0.139039
52 -0.065456 0.848827 0.160383
53 -0.094085 0.842012 0.180479
54 -0.139920 0.833885 0.193770
55 -0.177953 0.833351 0.187305
56 -0.203031 0.832226 0.169749
57 -0.228937 0.827811 0.132495
58 -0.242490 0.821548 0.100027
59 -0.254668 0.818987 0.074256
Frame 457
30 -0.274730 0.813905 0.041583
31 -0.281771 0.813641 0.009109
32 -0.281847 0.813956 -0.017661
33 -0.278176 0.815622 -0.047573
34 -0.272763 0.814657 -0.077452
35 -0.268886 0.819695 -0.104683
36 -0.256981 0.829826 -0.133252
37 -0.222913 0.861158 -0.163708
38 -0.186925 0.873305 -0.175069
39 -0.141228 0.885166 -0.172108
40 -0.105476 0.891502 -0.156125
41 -0.079410 0.891449 -0.136589
42 -0.060958 0.891674 -0.114560
43 -0.048809 0.892307 -0.090379
44 -0.038224 0.885898 -0.059911
45 -0.034767 0.881535 -0.034326
46 -0.032358 0.878703 -0.004480
47 -0.028694 0.873542 0.030072
48 -0.028843 0.875124 0.058948
49 -0.032032 0.873162 0.087267
50 -0.039207 0.861433 0.117806
51 -0.052941 0.855809 0.140801
52 -0.072046 0.848829 0.162052
53 -0.100799 0.842011 0.181968
54 -0.146693 0.833876 0.194907
55 -0.184623 0.833433 0.188305
56 -0.209795 0.832279 0.170745
57 -0.235584 0.827843 0.133334
58 -0.248956 0.821607 0.100791
59 -0.260958 0.819087 0.074925
Frame 458
30 -0.280617 0.814019 0.042117
31 -0.287462 0.813795 0.009608
32 -0.287391 0.814131 -0.017165
33 -0.283580 0.815803 -0.047090
34 -0.278002 0.814881 -0.076909
35 -0.274006 0.819932 -0.104162
36 -0.261998 0.830089 -0.132660
37 -0.227708 0.861540 -0.162840
38 -0.191620 0.873681 -0.173991
39 -0.145947 0.885512 -0.170787
40 -0.110266 0.891800 -0.154625
41 -0.084305 0.891710 -0.134974
42 -0.065960 0.891906 -0.112861
43 -0.053934 0.892519 -0.088617
44 -0.043515 0.886086 -0.058105
45 -0.040189 0.881703 -0.032506
46 -0.037936 0.878846 -0.002650
47 -0.034449 0.873661 0.031918
48 -0.034750 0.875221 0.060791
49 -0.038082 0.873240 0.089089
50 -0.045416 0.861491 0.119583
51 -0.059274 0.855859 0.142509
52 -0.078501 0.848876 0.163665
53 -0.107362 0.842047 0.183400
54 -0.153289 0.833893 0.195990
55 -0.191112 0.833527 0.189251
56 -0.216395 0.832332 0.171685
57 -0.242069 0.827856 0.134120
58 -0.255258 0.821635 0.101503
59 -0.267086 0.819145 0.075547
Frame 459
30 -0.286156 0.814072 0.042595
31 -0.292819 0.813884 0.010055
32 -0.292608 0.814238 -0.016721
33 -0.288665 0.815916 -0.046661
34 -0.282932 0.815037 -0.076426
35 -0.278822 0.820101 -0.103699
36 -0.266717 0.830279 -0.132130
37 -0.232226 0.861846 -0.162045
38 -0.196049 0.873985 -0.172997
39 -0.150402 0.885796 -0.169563
40 -0.114793 0.892048 -0.153234
41 -0.088934 0.891930 -0.133476
42 -0.070690 0.892104 -0.111284
43 -0.058779 0.892701 -0.086982
44 -0.048517 0.886250 -0.056428
45 -0.045316 0.881851 -0.030817
46 -0.043207 0.878972 -0.000952
47 -0.039887 0.873767 0.033630
48 -0.040330 0.875307 0.062500
49 -0.043798 0.873310 0.090778
50 -0.051277 0.861543 0.121228
51 -0.065250 0.855903 0.144088
52 -0.084589 0.848915 0.165154
53 -0.113545 0.842073 0.184717
54 -0.159486 0.833893 0.196976
55 -0.197203 0.833597 0.190107
56 -0.222602 0.832358 0.172534
57 -0.248172 0.827832 0.134825
58 -0.261189 0.821619 0.102140
59 -0.272853 0.819152 0.076105
Frame 460
30 -0.291157 0.814060 0.043001
31 -0.297659 0.813907 0.010435
32 -0.297327 0.814280 -0.016345
33 -0.293268 0.815966 -0.046302
34 -0.287397 0.815129 -0.076024
35 -0.283179 0.820209 -0.103321
36 -0.270983 0.830407 -0.131690
37 -0.236318 0.862077 -0.161353
38 -0.200066 0.874215 -0.172124
39 -0.154445 0.886009 -0.168485
40 -0.118906 0.892229 -0.152006
41 -0.093138 0.892083 -0.132155
42 -0.074987 0.892237 -0.109895
43 -0.063179 0.892820 -0.085543
44 -0.053055 0.886349 -0.054953
45 -0.049961 0.881934 -0.029333
46 -0.047981 0.879033 0.000540
47 -0.044808 0.873809 0.035133
48 -0.045375 0.875330 0.063999
49 -0.048962 0.873314 0.092260
50 -0.056570 0.861530 0.122670
51 -0.070644 0.855883 0.145470
52 -0.090080 0.848888 0.166454
53 -0.119114 0.842037 0.185860
54 -0.165061 0.833837 0.197821
55 -0.202680 0.833604 0.190837
56 -0.228194 0.832331 0.173259
57 -0.253675 0.827756 0.135424
58 -0.266539 0.821547 0.102680
59 -0.278057 0.819099 0.076577
Frame 461
30 -0.295490 0.814024 0.043331
31 -0.301861 0.813908 0.010742
32 -0.301429 0.814303 -0.016046
33 -0.297275 0.816002 -0.046027
34 -0.291285 0.815204 -0.075722
35 -0.286971 0.820304 -0.103041
36 -0.274689 0.830521 -0.131358
37 -0.239880 0.862276 -0.160785
38 -0.203571 0.874407 -0.171397
39 -0.157973 0.886179 -0.167583
40 -0.122497 0.892366 -0.150983
41 -0.096807 0.892190 -0.131056
42 -0.078733 0.892321 -0.108743
43 -0.067010 0.892883 -0.084349
44 -0.057000 0.886389 -0.053731
45 -0.053996 0.881956 -0.028104
46 -0.052121 0.879030 0.001774
47 -0.049069 0.873784 0.036374
48 -0.049739 0.875284 0.065237
49 -0.053424 0.873249 0.093483
50 -0.061139 0.861446 0.123857
51 -0.075295 0.855792 0.146606
52 -0.094811 0.848793 0.167520
53 -0.123909 0.841938 0.186794
54 -0.169857 0.833724 0.198501
55 -0.207393 0.833552 0.191425
56 -0.233010 0.832259 0.173846
57 -0.258424 0.827651 0.135909
58 -0.271165 0.821451 0.103117
59 -0.282561 0.819022 0.076960
Frame 462
30 -0.299247 0.814011 0.043593
31 -0.305509 0.813934 0.010982
32 -0.304995 0.814350 -0.015816
33 -0.300760 0.816067 -0.045830
34 -0.294667 0.815306 -0.075509
35 -0.290263 0.820429 -0.102851
36 -0.277901 0.830663 -0.131122
37 -0.242973 0.862486 -0.160326
38 -0.206618 0.874601 -0.170797
39 -0.161042 0.886344 -0.166835
40 -0.125619 0.892490 -0.150132
41 -0.099997 0.892280 -0.130146
42 -0.081989 0.892382 -0.107790
43 -0.070336 0.892921 -0.083364
44 -0.060421 0.886400 -0.052724
45 -0.057493 0.881946 -0.027092
46 -0.055704 0.878994 0.002788
47 -0.052753 0.873725 0.037392
48 -0.053506 0.875202 0.066253
49 -0.057272 0.873146 0.094486
50 -0.065076 0.861323 0.124828
51 -0.079300 0.855664 0.147533
52 -0.098883 0.848664 0.168387
53 -0.128032 0.841807 0.187550
54 -0.173981 0.833588 0.199046
55 -0.211446 0.833478 0.191896
56 -0.237154 0.832179 0.174323
57 -0.262519 0.827554 0.136305
58 -0.275163 0.821370 0.103473
59 -0.286459 0.818965 0.077270
Frame 463
30 -0.302566 0.814017 0.043797
31 -0.308735 0.813980 0.011165
32 -0.308150 0.814420 -0.015647
33 -0.303844 0.816155 -0.045698
34 -0.297656 0.815429 -0.075371
35 -0.293167 0.820576 -0.102737
36 -0.280726 0.830827 -0.130968
37 -0.245692 0.862704 -0.159954
38 -0.209298 0.874794 -0.170294
39 -0.163743 0.886498 -0.166200
40 -0.128370 0.892598 -0.149409
41 -0.102809 0.892347 -0.129373
42 -0.084859 0.892418 -0.106983
43 -0.073266 0.892930 -0.082529
44 -0.063434 0.886379 -0.051873
45 -0.060571 0.881904 -0.026238
46 -0.058858 0.878925 0.003645
47 -0.055993 0.873629 0.038252
48 -0.056817 0.875083 0.067110
49 -0.060653 0.873007 0.095332
50 -0.068537 0.861166 0.125644
51 -0.082820 0.855503 0.148309
52 -0.102460 0.848504 0.169111
53 -0.131654 0.841651 0.188176
54 -0.177604 0.833433 0.199490
55 -0.215007 0.833388 0.192280
56 -0.240796 0.832093 0.174715
57 -0.266124 0.827467 0.136629
58 -0.278687 0.821302 0.103763
59 -0.289899 0.818925 0.077520
Frame 464
30 -0.305586 0.814041 0.043953
31 -0.311669 0.814045 0.011301
32 -0.311019 0.814508 -0.015529
33 -0.306645 0.816261 -0.045620
34 -0.300367 0.815568 -0.075293
35 -0.295793 0.820739 -0.102684
36 -0.283269 0.831008 -0.130877
37 -0.248134 0.862925 -0.159643
38 -0.211703 0.874980 -0.169857
39 -0.166166 0.886635 -0.165638
40 -0.130842 0.892682 -0.148767
41 -0.105340 0.892385 -0.128686
42 -0.087446 0.892422 -0.106267
43 -0.075908 0.892906 -0.081788
44 -0.066155 0.886322 -0.051117
45 -0.063352 0.881824 -0.025479
46 -0.061710 0.878820 0.004407
47 -0.058927 0.873497 0.039014
48 -0.059816 0.874929 0.067870
49 -0.063716 0.872833 0.096082
50 -0.071676 0.860977 0.126365
51 -0.086015 0.855313 0.148993
52 -0.105708 0.848318 0.169744
53 -0.134945 0.841474 0.188720
54 -0.180899 0.833269 0.199867
55 -0.218246 0.833290 0.192604
56 -0.244107 0.832009 0.175048
57 -0.269403 0.827391 0.136899
58 -0.281895 0.821250 0.104003
59 -0.293030 0.818903 0.077721
Frame 465
30 -0.308445 0.814081 0.044072
31 -0.314441 0.814125 0.011397
32 -0.313725 0.814612 -0.015452
33 -0.309280 0.816384 -0.045587
34 -0.302911 0.815721 -0.075257
35 -0.298250 0.820913 -0.102678
36 -0.285637 0.831199 -0.130832
37 -0.250392 0.863147 -0.159370
38 -0.213924 0.875157 -0.169456
39 -0.168405 0.886751 -0.165110
40 -0.133133 0.892736 -0.148159
41 -0.107691 0.892390 -0.128033
42 -0.089855 0.892389 -0.105585
43 -0.078372 0.892843 -0.081082
44 -0.068699 0.886225 -0.050395
45 -0.065960 0.881707 -0.024755
46 -0.064388 0.878678 0.005133
47 -0.061689 0.873329 0.039742
48 -0.062644 0.874740 0.068596
49 -0.066610 0.872627 0.096798
50 -0.074650 0.860758 0.127052
51 -0.089045 0.855096 0.149642
52 -0.108792 0.848112 0.170342
53 -0.138074 0.841283 0.189228
54 -0.184037 0.833100 0.200214
55 -0.221332 0.833190 0.192895
56 -0.247257 0.831933 0.175344
57 -0.272519 0.827330 0.137134
58 -0.284942 0.821212 0.104206
59 -0.295999 0.818895 0.077885
Frame 466
30 -0.311281 0.814136 0.044161
31 -0.317183 0.814220 0.011461
32 -0.316392 0.814727 -0.015405
33 -0.311871 0.816516 -0.045586
34 -0.305401 0.815883 -0.075250
35 -0.300648 0.821092 -0.102703
36 -0.287936 0.831396 -0.130817
37 -0.252566 0.863367 -0.159111
38 -0.216052 0.875318 -0.169057
39 -0.170551 0.886841 -0.164574
40 -0.135336 0.892756 -0.147537
41 -0.109962 0.892353 -0.127364
42 -0.092188 0.892312 -0.104883
43 -0.080769 0.892736 -0.080352
44 -0.071184 0.886086 -0.049647
45 -0.068515 0.881548 -0.024003
46 -0.067024 0.878496 0.005887
47 -0.064418 0.873124 0.040498
48 -0.065444 0.874516 0.069350
49 -0.069484 0.872390 0.097540
50 -0.077613 0.860513 0.127764
51 -0.092070 0.854859 0.150311
52 -0.111879 0.847892 0.170956
53 -0.141210 0.841085 0.189746
54 -0.187189 0.832933 0.200564
55 -0.224432 0.833095 0.193180
56 -0.250415 0.831868 0.175628
57 -0.275637 0.827283 0.137351
58 -0.287983 0.821190 0.104388
59 -0.298956 0.818903 0.078025
Frame 467
30 -0.314234 0.814204 0.044231
31 -0.320023 0.814326 0.011505
32 -0.319144 0.814852 -0.015378
33 -0.314531 0.816655 -0.045606
34 -0.307950 0.816049 -0.075253
35 -0.303094 0.821268 -0.102746
36 -0.290271 0.831592 -0.130814
37 -0.254747 0.863579 -0.158841
38 -0.218178 0.875462 -0.168629
39 -0.172697 0.886899 -0.163990
40 -0.137548 0.892734 -0.146855
41 -0.112251 0.892272 -0.126624
42 -0.094552 0.892187 -0.104104
43 -0.083207 0.892582 -0.079541
44 -0.073727 0.885901 -0.048812
45 -0.071141 0.881346 -0.023163
46 -0.069744 0.878273 0.006731
47 -0.067249 0.872881 0.041345
48 -0.068360 0.874259 0.070193
49 -0.072487 0.872123 0.098372
50 -0.080722 0.860243 0.128561
51 -0.095253 0.854605 0.151060
52 -0.115134 0.847662 0.171641
53 -0.144525 0.840884 0.190322
54 -0.190526 0.832772 0.200950
55 -0.227716 0.833015 0.193485
56 -0.253751 0.831820 0.175923
57 -0.278918 0.827256 0.137566
58 -0.291173 0.821181 0.104562
59 -0.302047 0.818924 0.078151
Frame 468
30 -0.317440 0.814283 0.044290
31 -0.323091 0.814441 0.011535
32 -0.322106 0.814983 -0.015363
33 -0.317381 0.816795 -0.045635
34 -0.310668 0.816214 -0.075254
35 -0.305698 0.821435 -0.102793
36 -0.292744 0.831781 -0.130806
37 -0.257034 0.863781 -0.158534
38 -0.220393 0.875581 -0.168139
39 -0.174935 0.886919 -0.163316
40 -0.139865 0.892664 -0.146063
41 -0.114661 0.892137 -0.125762
42 -0.097052 0.892009 -0.103192
43 -0.085798 0.892375 -0.078589
44 -0.076445 0.885666 -0.047830
45 -0.073960 0.881096 -0.022173
46 -0.072678 0.878008 0.007725
47 -0.070319 0.872600 0.042345
48 -0.071535 0.873968 0.071188
49 -0.075770 0.871828 0.099351
50 -0.084134 0.859954 0.129504
51 -0.098755 0.854337 0.151944
52 -0.118722 0.847426 0.172448
53 -0.148189 0.840687 0.191000
54 -0.194221 0.832624 0.201407
55 -0.231351 0.832952 0.193835
56 -0.257435 0.831796 0.176250
57 -0.282526 0.827246 0.137795
58 -0.294666 0.821187 0.104742
59 -0.305421 0.818959 0.078275
Frame 469
30 -0.321036 0.814372 0.044348
31 -0.326518 0.814562 0.011562
32 -0.325399 0.815117 -0.015348
33 -0.320536 0.816933 -0.045661
34 -0.313669 0.816374 -0.075234
35 -0.308566 0.821587 -0.102828
36 -0.295459 0.831957 -0.130776
37 -0.259520 0.863967 -0.158164
38 -0.222789 0.875672 -0.167552
39 -0.177357 0.886896 -0.162510
40 -0.142381 0.892539 -0.145112
41 -0.117292 0.891945 -0.124722
42 -0.099793 0.891773 -0.102091
43 -0.088651 0.892110 -0.077437
44 -0.079456 0.885377 -0.046637
45 -0.077097 0.880797 -0.020971
46 -0.075959 0.877699 0.008933
47 -0.073767 0.872281 0.043559
48 -0.075114 0.873645 0.072397
49 -0.079482 0.871507 0.100541
50 -0.088005 0.859646 0.130651
51 -0.102736 0.854060 0.153019
52 -0.122813 0.847192 0.173430
53 -0.152373 0.840500 0.191825
54 -0.198444 0.832493 0.201966
55 -0.235506 0.832917 0.194257
56 -0.261637 0.831800 0.176631
57 -0.286623 0.827259 0.138055
58 -0.298618 0.821208 0.104941
59 -0.309223 0.819004 0.078406
Frame 470
30 -0.325160 0.814468 0.044413
31 -0.330430 0.814687 0.011593
32 -0.329145 0.815251 -0.015323
33 -0.324112 0.817062 -0.045674
34 -0.317062 0.816525 -0.075178
35 -0.311804 0.821718 -0.102836
36 -0.298518 0.832111 -0.130706
37 -0.262299 0.864133 -0.157705
38 -0.225457 0.875729 -0.166834
39 -0.180058 0.886822 -0.161527
40 -0.145197 0.892352 -0.143952
41 -0.120244 0.891687 -0.123451
42 -0.102880 0.891470 -0.100740
43 -0.091879 0.891782 -0.076025
44 -0.082879 0.885030 -0.045175
45 -0.080676 0.880446 -0.019495
46 -0.079715 0.877343 0.010415
47 -0.077732 0.871924 0.045051
48 -0.079243 0.873291 0.073882
49 -0.083775 0.871161 0.102001
50 -0.092493 0.859324 0.132058
51 -0.107362 0.853779 0.154341
52 -0.127572 0.846963 0.174636
53 -0.157246 0.840329 0.192840
54 -0.203369 0.832388 0.202657
55 -0.240348 0.832915 0.194771
56 -0.266526 0.831837 0.177087
57 -0.291372 0.827294 0.138358
58 -0.303183 0.821243 0.105171
59 -0.313600 0.819059 0.078556
Frame 471
30 -0.329879 0.814535 0.044489
31 -0.334891 0.814785 0.011633
32 -0.333402 0.815364 -0.015284
33 -0.328159 0.817183 -0.045663
34 -0.320892 0.816680 -0.075072
35 -0.315454 0.821845 -0.102811
36 -0.301954 0.832266 -0.130584
37 -0.265400 0.864264 -0.157137
38 -0.228428 0.875721 -0.165960
39 -0.183071 0.886662 -0.160338
40 -0.148355 0.892067 -0.142553
41 -0.123571 0.891331 -0.121915
42 -0.106373 0.891073 -0.099106
43 -0.095547 0.891364 -0.074316
44 -0.086782 0.884598 -0.043404
45 -0.084768 0.880015 -0.017708
46 -0.084024 0.876916 0.012210
47 -0.082293 0.871504 0.046857
48 -0.084002 0.872881 0.075676
49 -0.088737 0.870769 0.103766
50 -0.097688 0.858964 0.133762
51 -0.112723 0.853470 0.155939
52 -0.133094 0.846718 0.176095
53 -0.162903 0.840152 0.194069
54 -0.209084 0.832284 0.203498
55 -0.245968 0.832923 0.195391
56 -0.272191 0.831883 0.177627
57 -0.296858 0.827323 0.138714
58 -0.308440 0.821260 0.105436
59 -0.318629 0.819091 0.078728
Frame 472
30 -0.335018 0.814535 0.044575
31 -0.339734 0.814817 0.011685
32 -0.338010 0.815430 -0.015227
33 -0.332520 0.817280 -0.045622
34 -0.325011 0.816835 -0.074908
35 -0.319372 0.821970 -0.102748
36 -0.305625 0.832425 -0.130407
37 -0.268698 0.864331 -0.156469
38 -0.231583 0.875611 -0.164951
39 -0.186282 0.886381 -0.158978
40 -0.151741 0.891657 -0.140955
41 -0.127157 0.890859 -0.120163
42 -0.110153 0.890566 -0.097240
43 -0.099529 0.890845 -0.072369
44 -0.091033 0.884070 -0.041385
45 -0.089235 0.879495 -0.015670
46 -0.088738 0.876406 0.014256
47 -0.087293 0.871013 0.048913
48 -0.089231 0.872410 0.077720
49 -0.094196 0.870320 0.105774
50 -0.103412 0.858558 0.135701
51 -0.118632 0.853123 0.157757
52 -0.139182 0.846443 0.177753
53 -0.169141 0.839952 0.195465
54 -0.215383 0.832163 0.204458
55 -0.252160 0.832913 0.196093
56 -0.278420 0.831910 0.178232
57 -0.302877 0.827317 0.139110
58 -0.314197 0.821227 0.105728
59 -0.324122 0.819063 0.078915
Frame 473
30 -0.340348 0.814460 0.044678
31 -0.344747 0.814772 0.011754
32 -0.342765 0.815429 -0.015146
33 -0.337003 0.817329 -0.045542
34 -0.329239 0.816957 -0.074683
35 -0.323384 0.822061 -0.102637
36 -0.309372 0.832549 -0.130169
37 -0.272054 0.864312 -0.155722
38 -0.234795 0.875392 -0.163842
39 -0.189560 0.885983 -0.157498
40 -0.155216 0.891133 -0.139222
41 -0.130853 0.890284 -0.118265
42 -0.114062 0.889970 -0.095218
43 -0.103660 0.890244 -0.070259
44 -0.095453 0.883469 -0.039199
45 -0.093887 0.878911 -0.013466
46 -0.093657 0.875841 0.016468
47 -0.092519 0.870478 0.051135
48 -0.094705 0.871902 0.079926
49 -0.099919 0.869843 0.107940
50 -0.109415 0.858131 0.137793
51 -0.124835 0.852759 0.159717
52 -0.145573 0.846156 0.179538
53 -0.175688 0.839742 0.196968
54 -0.221990 0.832033 0.205494
55 -0.258649 0.832892 0.196848
56 -0.284935 0.831920 0.178878
57 -0.309158 0.827275 0.139533
58 -0.320190 0.821144 0.106038
59 -0.329830 0.818974 0.079120
Frame 474
30 -0.345643 0.814304 0.044802
31 -0.349716 0.814635 0.011850
32 -0.347467 0.815343 -0.015032
33 -0.341419 0.817303 -0.045414
34 -0.333395 0.817014 -0.074392
35 -0.327321 0.822082 -0.102472
36 -0.313039 0.832602 -0.129868
37 -0.275333 0.864186 -0.154915
38 -0.237933 0.875053 -0.162669
39 -0.192774 0.885471 -0.155952
40 -0.158639 0.890507 -0.137419
41 -0.134507 0.889624 -0.116292
42 -0.117941 0.889303 -0.093117
43 -0.107769 0.889585 -0.068070
44 -0.099861 0.882821 -0.036932
45 -0.098533 0.878287 -0.011181
46 -0.098578 0.875245 0.018760
47 -0.097757 0.869927 0.053436
48 -0.100199 0.871385 0.082207
49 -0.105669 0.869364 0.110180
50 -0.115452 0.857708 0.139956
51 -0.131074 0.852401 0.161744
52 -0.152002 0.845872 0.181383
53 -0.182272 0.839536 0.198522
54 -0.228627 0.831902 0.206570
55 -0.265159 0.832861 0.197630
56 -0.291459 0.831913 0.179545
57 -0.315430 0.827199 0.139974
58 -0.326157 0.821011 0.106361
59 -0.335506 0.818822 0.079341
Frame 475
30 -0.350676 0.814062 0.044954
31 -0.354431 0.814398 0.011976
32 -0.351917 0.815155 -0.014878
33 -0.345579 0.817174 -0.045231
34 -0.337303 0.816974 -0.074033
35 -0.331017 0.822001 -0.102241
36 -0.316477 0.832548 -0.129502
37 -0.278402 0.863931 -0.154073
38 -0.240870 0.874590 -0.161473
39 -0.195792 0.884850 -0.154395
40 -0.161870 0.889794 -0.135612
41 -0.137968 0.888897 -0.114317
42 -0.121626 0.888585 -0.091017
43 -0.111685 0.888886 -0.065884
44 -0.104071 0.882149 -0.034668
45 -0.102980 0.877649 -0.008898
46 -0.103297 0.874646 0.021047
47 -0.102788 0.869383 0.055730
48 -0.105486 0.870885 0.084479
49 -0.111209 0.868909 0.112408
50 -0.121272 0.857313 0.142111
51 -0.137091 0.852069 0.163763
52 -0.158201 0.845609 0.183220
53 -0.188619 0.839343 0.200072
54 -0.235016 0.831779 0.207647
55 -0.271417 0.832824 0.198413
56 -0.297711 0.831890 0.180214
57 -0.321421 0.827087 0.140422
58 -0.331841 0.820827 0.106694
59 -0.340903 0.818603 0.079582
Frame 476
30 -0.355224 0.813727 0.045139
31 -0.358683 0.814046 0.012142
32 -0.355917 0.814845 -0.014680
33 -0.349301 0.816919 -0.044989
34 -0.340790 0.816804 -0.073604
35 -0.334312 0.821783 -0.101942
36 -0.319540 0.832350 -0.129070
37 -0.281127 0.863530 -0.153224
38 -0.243475 0.873998 -0.160299
39 -0.198482 0.884127 -0.152886
40 -0.164763 0.889006 -0.133872
41 -0.141082 0.888119 -0.112418
42 -0.124955 0.887836 -0.088996
43 -0.115235 0.888172 -0.063785
44 -0.107900 0.881476 -0.032493
45 -0.107032 0.877021 -0.006707
46 -0.107607 0.874068 0.023241
47 -0.107395 0.868871 0.057931
48 -0.110336 0.870428 0.086657
49 -0.116300 0.868503 0.114543
50 -0.126623 0.856972 0.144178
51 -0.142628 0.851783 0.165702
52 -0.163902 0.845381 0.184984
53 -0.194455 0.839176 0.201564
54 -0.240882 0.831671 0.208694
55 -0.277147 0.832782 0.199177
56 -0.303416 0.831850 0.180871
57 -0.326865 0.826942 0.140874
58 -0.336983 0.820592 0.107036
59 -0.345777 0.818318 0.079844
Frame 477
30 -0.359126 0.813291 0.045350
31 -0.362319 0.813575 0.012344
32 -0.359322 0.814407 -0.014441
33 -0.352448 0.816525 -0.044697
34 -0.343726 0.816486 -0.073126
35 -0.337080 0.821409 -0.101587
36 -0.322110 0.831988 -0.128596
37 -0.283405 0.862977 -0.152396
38 -0.245647 0.873281 -0.159183
39 -0.200739 0.883313 -0.151477
40 -0.167209 0.888161 -0.132254
41 -0.143731 0.887307 -0.110654
42 -0.127806 0.887074 -0.087124
43 -0.118290 0.887460 -0.061841
44 -0.111208 0.880823 -0.030480
45 -0.110541 0.876421 -0.004678
46 -0.111352 0.873529 0.025274
47 -0.111408 0.868412 0.059969
48 -0.114574 0.870031 0.088672
49 -0.120757 0.868163 0.116518
50 -0.131314 0.856699 0.146096
51 -0.147488 0.851561 0.167507
52 -0.168912 0.845207 0.186633
53 -0.199594 0.839050 0.202966
54 -0.246051 0.831589 0.209684
55 -0.282189 0.832742 0.199897
56 -0.308419 0.831796 0.181483
57 -0.331604 0.826760 0.141295
58 -0.341424 0.820296 0.107354
59 -0.349966 0.817952 0.080105
Frame 478
30 -0.362444 0.812764 0.045580
31 -0.365400 0.813000 0.012579
32 -0.362196 0.813863 -0.014167
33 -0.355081 0.816014 -0.044372
34 -0.346169 0.816044 -0.072620
35 -0.339379 0.820907 -0.101203
36 -0.324238 0.831492 -0.128106
37 -0.285283 0.862303 -0.151599
38 -0.247438 0.872466 -0.158132
39 -0.202618 0.882428 -0.150168
40 -0.169261 0.887273 -0.130766
41 -0.145970 0.886469 -0.109036
42 -0.130229 0.886301 -0.085410
43 -0.120898 0.886748 -0.060066
44 -0.114040 0.880181 -0.028640
45 -0.113555 0.875840 -0.002822
46 -0.114576 0.873016 0.027131
47 -0.114871 0.867986 0.061831
48 -0.118241 0.869671 0.090512
49 -0.124620 0.867867 0.118320
50 -0.135382 0.856470 0.147856
51 -0.151712 0.851380 0.169171
52 -0.173277 0.845070 0.188164
53 -0.204089 0.838954 0.204280
54 -0.250590 0.831525 0.210614
55 -0.286618 0.832695 0.200564
56 -0.312811 0.831719 0.182036
57 -0.335727 0.826539 0.141663
58 -0.345245 0.819937 0.107629
59 -0.353542 0.817507 0.080344
Frame 479
30 -0.365288 0.812169 0.045833
31 -0.368038 0.812352 0.012846
32 -0.364648 0.813244 -0.013860
33 -0.357315 0.815424 -0.044015
34 -0.348235 0.815517 -0.072091
35 -0.341322 0.820318 -0.100793
36 -0.326035 0.830902 -0.127605
37 -0.286868 0.861546 -0.150833
38 -0.248949 0.871583 -0.157143
39 -0.204214 0.881493 -0.148960
40 -0.171016 0.886352 -0.129403
41 -0.147894 0.885609 -0.107561
42 -0.132321 0.885514 -0.083853
43 -0.123155 0.886029 -0.058455
44 -0.116495 0.879537 -0.026971
45 -0.116169 0.875259 -0.001140
46 -0.117376 0.872506 0.028815
47 -0.117881 0.867566 0.063520
48 -0.121431 0.869321 0.092179
49 -0.127984 0.867581 0.119954
50 -0.138925 0.856251 0.149457
51 -0.155396 0.851207 0.170695
52 -0.177089 0.844936 0.189576
53 -0.208032 0.838856 0.205500
54 -0.254584 0.831452 0.211485
55 -0.290517 0.832624 0.201185
56 -0.316677 0.831611 0.182544
57 -0.339330 0.826277 0.141998
58 -0.348554 0.819523 0.107877
59 -0.356617 0.816998 0.080576
Frame 480
30 -0.367771 0.811526 0.046113
31 -0.370344 0.811659 0.013146
32 -0.366792 0.812580 -0.013519
33 -0.359260 0.814788 -0.043631
34 -0.350034 0.814942 -0.071539
35 -0.343022 0.819678 -0.100362
36 -0.327612 0.830258 -0.127098
37 -0.288262 0.860744 -0.150093
38 -0.250278 0.870665 -0.156211
39 -0.205625 0.880529 -0.147846
40 -0.172572 0.885411 -0.128161
41 -0.149601 0.884731 -0.106225
42 -0.134177 0.884711 -0.082448
43 -0.125157 0.885293 -0.057006
44 -0.118669 0.878875 -0.025471
45 -0.118479 0.874661 0.000372
46 -0.119847 0.871978 0.030329
47 -0.120532 0.867127 0.065037
48 -0.124240 0.868950 0.093678
49 -0.130943 0.867271 0.121423
50 -0.142039 0.856007 0.150902
51 -0.158633 0.851005 0.172077
52 -0.180444 0.844771 0.190864
53 -0.211510 0.838726 0.206624
54 -0.258118 0.831345 0.212293
55 -0.293968 0.832512 0.201765
56 -0.320102 0.831462 0.183019
57 -0.342509 0.825975 0.142314
58 -0.351455 0.819062 0.108115
59 -0.359299 0.816440 0.080814
Frame 481
30 -0.370007 0.810859 0.046423
31 -0.372429 0.810947 0.013483
32 -0.368739 0.811903 -0.013145
33 -0.361030 0.814140 -0.043220
34 -0.351681 0.814355 -0.070970
35 -0.344591 0.819027 -0.099914
36 -0.329076 0.829599 -0.126590
37 -0.289569 0.859933 -0.149381
38 -0.251527 0.869740 -0.155335
39 -0.206951 0.879557 -0.146822
40 -0.174026 0.884457 -0.127037
41 -0.151190 0.883838 -0.105026
42 -0.135896 0.883888 -0.081193
43 -0.127000 0.884532 -0.055714
44 -0.120656 0.878184 -0.024137
45 -0.120583 0.874027 0.001716
46 -0.122086 0.871408 0.031674
47 -0.122923 0.866640 0.066385
48 -0.126764 0.868527 0.095010
49 -0.133593 0.866905 0.122730
50 -0.144819 0.855702 0.152191
51 -0.161521 0.850741 0.173317
52 -0.183434 0.844543 0.192029
53 -0.214613 0.838534 0.207648
54 -0.261276 0.831181 0.213041
55 -0.297053 0.832344 0.202309
56 -0.323173 0.831262 0.183475
57 -0.345362 0.825633 0.142630
58 -0.354054 0.818565 0.108361
59 -0.361700 0.815850 0.081072
Frame 482
30 -0.372105 0.810189 0.046769
31 -0.374407 0.810244 0.013856
32 -0.370599 0.811243 -0.012740
33 -0.362734 0.813514 -0.042786
34 -0.353286 0.813791 -0.070386
35 -0.346141 0.818401 -0.099455
36 -0.330537 0.828965 -0.126085
37 -0.290890 0.859147 -0.148692
38 -0.252797 0.868836 -0.154509
39 -0.208288 0.878593 -0.145883
40 -0.175478 0.883500 -0.126024
41 -0.152757 0.882931 -0.103959
42 -0.137573 0.883041 -0.080085
43 -0.128779 0.883737 -0.054579
44 -0.122556 0.877446 -0.022967
45 -0.122576 0.873339 0.002895
46 -0.124190 0.870777 0.032854
47 -0.125150 0.866080 0.067566
48 -0.129098 0.868021 0.096177
49 -0.136029 0.866449 0.123876
50 -0.147363 0.855302 0.153326
51 -0.164154 0.850380 0.174414
52 -0.186153 0.844218 0.193066
53 -0.217429 0.838248 0.208570
54 -0.264142 0.830934 0.213728
55 -0.299854 0.832103 0.202826
56 -0.325974 0.831005 0.183930
57 -0.347988 0.825252 0.142963
58 -0.356458 0.818042 0.108632
59 -0.363933 0.815245 0.081361
Frame 483
30 -0.374177 0.809540 0.047151
31 -0.376387 0.809578 0.014263
32 -0.372483 0.810630 -0.012305
33 -0.364485 0.812943 -0.042330
34 -0.354962 0.813288 -0.069790
35 -0.347782 0.817838 -0.098990
36 -0.332099 0.828395 -0.125588
37 -0.292328 0.858422 -0.148023
38 -0.254188 0.867982 -0.153729
39 -0.209734 0.877658 -0.145025
40 -0.177026 0.882551 -0.125119
41 -0.154403 0.882015 -0.103022
42 -0.139306 0.882167 -0.079118
43 -0.130593 0.882900 -0.053593
44 -0.124465 0.876648 -0.021957
45 -0.124558 0.872578 0.003912
46 -0.126256 0.870059 0.033870
47 -0.127310 0.865419 0.068583
48 -0.131338 0.867404 0.097185
49 -0.138347 0.865871 0.124868
50 -0.149766 0.854771 0.154309
51 -0.166627 0.849886 0.175369
52 -0.188694 0.843763 0.193976
53 -0.220047 0.837840 0.209387
54 -0.266801 0.830580 0.214355
55 -0.302455 0.831775 0.203322
56 -0.328594 0.830680 0.184396
57 -0.350481 0.824833 0.143333
58 -0.358773 0.817502 0.108944
59 -0.366107 0.814640 0.081692
Frame 484
30 -0.376337 0.808933 0.047575
31 -0.378482 0.808978 0.014707
32 -0.374501 0.810096 -0.011838
33 -0.366391 0.812460 -0.041853
34 -0.356819 0.812880 -0.069185
35 -0.349625 0.817376 -0.098521
36 -0.333871 0.827930 -0.125101
37 -0.293985 0.857792 -0.147373
38 -0.255800 0.867206 -0.152991
39 -0.211389 0.876771 -0.144243
40 -0.178768 0.881617 -0.124317
41 -0.156225 0.881089 -0.102209
42 -0.141195 0.881262 -0.078291
43 -0.132537 0.882011 -0.052755
44 -0.126479 0.875775 -0.021104
45 -0.126624 0.871727 0.004769
46 -0.128381 0.869232 0.034726
47 -0.129500 0.864630 0.069437
48 -0.133580 0.866644 0.098036
49 -0.140643 0.865137 0.125708
50 -0.152125 0.854074 0.155140
51 -0.169034 0.849226 0.176180
52 -0.191149 0.843146 0.194755
53 -0.222554 0.837278 0.210098
54 -0.269335 0.830096 0.214924
55 -0.304937 0.831345 0.203807
56 -0.331116 0.830284 0.184891
57 -0.352941 0.824376 0.143758
58 -0.361107 0.816956 0.109315
59 -0.368335 0.814054 0.082080
Frame 485
30 -0.378653 0.808365 0.048026
31 -0.380752 0.808429 0.015169
32 -0.376709 0.809622 -0.011368
33 -0.368494 0.812045 -0.041396
34 -0.358874 0.812535 -0.068622
35 -0.351661 0.816976 -0.098105
36 -0.335821 0.827529 -0.124671
37 -0.295847 0.857213 -0.146751
38 -0.257627 0.866466 -0.152284
39 -0.213259 0.875892 -0.143510
40 -0.180728 0.880672 -0.123584
41 -0.158255 0.880136 -0.101486
42 -0.143279 0.880315 -0.077564
43 -0.134663 0.881067 -0.052024
44 -0.128660 0.874833 -0.020365
45 -0.128842 0.870799 0.005510
46 -0.130641 0.868321 0.035468
47 -0.131802 0.863746 0.070176
48 -0.135915 0.865782 0.098774
49 -0.143016 0.864295 0.126438
50 -0.154548 0.853266 0.155863
51 -0.171489 0.848457 0.176888
52 -0.193638 0.842427 0.195439
53 -0.225075 0.836624 0.210731
54 -0.271872 0.829538 0.215449
55 -0.307422 0.830863 0.204281
56 -0.333662 0.829859 0.185409
57 -0.355474 0.823915 0.144223
58 -0.363553 0.816422 0.109729
59 -0.370699 0.813494 0.082507
Frame 486
30 -0.381077 0.807807 0.048485
31 -0.383139 0.807892 0.015631
32 -0.379038 0.809160 -0.010916
33 -0.370710 0.811640 -0.040987
34 -0.361023 0.812189 -0.068138
35 -0.353768 0.816569 -0.097779
36 -0.337814 0.827119 -0.124328
37 -0.297790 0.856615 -0.146166
38 -0.259558 0.865696 -0.151601
39 -0.215242 0.874981 -0.142804
40 -0.182815 0.879691 -0.122890
41 -0.160418 0.879147 -0.100813
42 -0.145493 0.879332 -0.076899
43 -0.136911 0.880085 -0.051357
44 -0.130954 0.873852 -0.019692
45 -0.131168 0.869833 0.006185
46 -0.132999 0.867372 0.036143
47 -0.134196 0.862826 0.070849
48 -0.138334 0.864886 0.099448
49 -0.145464 0.863421 0.127106
50 -0.157038 0.852427 0.156525
51 -0.174001 0.847662 0.177538
52 -0.196179 0.841687 0.196074
53 -0.227635 0.835954 0.211322
54 -0.274444 0.828973 0.215947
55 -0.309942 0.830381 0.204745
56 -0.336256 0.829440 0.185930
57 -0.358077 0.823463 0.144702
58 -0.366084 0.815898 0.110158
59 -0.373159 0.812945 0.082950
Frame 487
30 -0.383537 0.807243 0.048951
31 -0.385571 0.807348 0.016091
32 -0.381416 0.808692 -0.010480
33 -0.372968 0.811232 -0.040616
34 -0.363198 0.811828 -0.067714
35 -0.355882 0.816144 -0.097518
36 -0.339792 0.826697 -0.124045
37 -0.299758 0.855990 -0.145611
38 -0.261532 0.864898 -0.150940
39 -0.217279 0.874041 -0.142123
40 -0.184968 0.878683 -0.122232
41 -0.162647 0.878131 -0.100183
42 -0.147771 0.878323 -0.076285
43 -0.139217 0.879078 -0.050745
44 -0.133300 0.872846 -0.019076
45 -0.133539 0.868841 0.006803
46 -0.135396 0.866397 0.036761
47 -0.136620 0.861883 0.071465
48 -0.140775 0.863966 0.100065
49 -0.147928 0.862522 0.127720
50 -0.159537 0.851565 0.157135
51 -0.176514 0.846846 0.178137
52 -0.198714 0.840928 0.196665
53 -0.230180 0.835265 0.211876
54 -0.276996 0.828388 0.216424
55 -0.312443 0.829883 0.205199
56 -0.338838 0.829011 0.186454
57 -0.360685 0.823004 0.145191
58 -0.368632 0.815367 0.110599
59 -0.375645 0.812391 0.083404
Frame 488
30 -0.385962 0.806656 0.049420
31 -0.387977 0.806781 0.016546
32 -0.383769 0.808203 -0.010059
33 -0.375196 0.810808 -0.040269
34 -0.365331 0.811442 -0.067330
35 -0.357943 0.815696 -0.097298
36 -0.341701 0.826261 -0.123797
37 -0.301693 0.855336 -0.145078
38 -0.263492 0.864074 -0.150298
39 -0.219310 0.873077 -0.141465
40 -0.187120 0.877658 -0.121605
41 -0.164875 0.877101 -0.099594
42 -0.150045 0.877304 -0.075715
43 -0.141516 0.878061 -0.050179
44 -0.135633 0.871829 -0.018509
45 -0.135891 0.867838 0.007374
46 -0.137770 0.865411 0.037332
47 -0.139013 0.860928 0.072034
48 -0.143180 0.863035 0.100636
49 -0.150350 0.861611 0.128289
50 -0.161987 0.850688 0.157702
51 -0.178973 0.846013 0.178696
52 -0.201189 0.840147 0.197218
53 -0.232655 0.834550 0.212399
54 -0.279473 0.827775 0.216884
55 -0.314869 0.829354 0.205647
56 -0.341349 0.828554 0.186979
57 -0.363234 0.822522 0.145689
58 -0.371128 0.814815 0.111049
59 -0.378085 0.811816 0.083866
Frame 489
30 -0.388283 0.806030 0.049887
31 -0.390284 0.806175 0.016995
32 -0.386027 0.807676 -0.009647
33 -0.377321 0.810351 -0.039935
34 -0.367353 0.811020 -0.066969
35 -0.359888 0.815213 -0.097095
36 -0.343489 0.825802 -0.123558
37 -0.303538 0.854648 -0.144561
38 -0.265378 0.863223 -0.149674
39 -0.221273 0.872099 -0.140832
40 -0.189208 0.876624 -0.121007
41 -0.167038 0.876071 -0.099037
42 -0.152253 0.876287 -0.075182
43 -0.143743 0.877047 -0.049651
44 -0.137888 0.870816 -0.017980
45 -0.138163 0.866839 0.007905
46 -0.140057 0.864428 0.037864
47 -0.141314 0.859975 0.072564
48 -0.145488 0.862103 0.101169
49 -0.152673 0.860697 0.128820
50 -0.164332 0.849805 0.158232
51 -0.181320 0.845165 0.179220
52 -0.203546 0.839344 0.197739
53 -0.235006 0.833803 0.212897
54 -0.281821 0.827123 0.217331
55 -0.317166 0.828782 0.206091
56 -0.343730 0.828050 0.187506
57 -0.365658 0.821998 0.146192
58 -0.373503 0.814223 0.111504
59 -0.380412 0.811204 0.084334
Frame 490
30 -0.390430 0.805350 0.050351
31 -0.392423 0.805511 0.017437
32 -0.388116 0.807095 -0.009244
33 -0.379276 0.809848 -0.039603
34 -0.369200 0.810550 -0.066611
35 -0.361660 0.814690 -0.096887
36 -0.345106 0.825318 -0.123306
37 -0.305238 0.853925 -0.144055
38 -0.267132 0.862349 -0.149068
39 -0.223109 0.871109 -0.140220
40 -0.191165 0.875592 -0.120434
41 -0.169070 0.875050 -0.098509
42 -0.154325 0.875286 -0.074678
43 -0.145834 0.876051 -0.049152
44 -0.140002 0.869822 -0.017481
45 -0.140288 0.865857 0.008406
46 -0.142194 0.863460 0.038367
47 -0.143460 0.859034 0.073065
48 -0.147641 0.861181 0.101672
49 -0.154836 0.859789 0.129323
50 -0.166511 0.848922 0.158734
51 -0.183501 0.844309 0.179717
52 -0.205730 0.838518 0.198234
53 -0.237178 0.833021 0.213374
54 -0.283986 0.826420 0.217768
55 -0.319281 0.828149 0.206532
56 -0.345922 0.827486 0.188032
57 -0.367893 0.821416 0.146699
58 -0.375689 0.813577 0.111961
59 -0.382552 0.810539 0.084803
Frame 491
30 -0.392332 0.804597 0.050809
31 -0.394321 0.804773 0.017870
32 -0.389967 0.806441 -0.008848
33 -0.380989 0.809283 -0.039264
34 -0.370807 0.810022 -0.066239
35 -0.363202 0.814120 -0.096651
36 -0.346504 0.824805 -0.123021
37 -0.306738 0.853165 -0.143551
38 -0.268691 0.861452 -0.148481
39 -0.224754 0.870117 -0.139631
40 -0.192928 0.874572 -0.119884
41 -0.170904 0.874052 -0.098002
42 -0.156197 0.874314 -0.074194
43 -0.147722 0.875087 -0.048673
44 -0.141908 0.868860 -0.017002
45 -0.142203 0.864906 0.008888
46 -0.144119 0.862521 0.038849
47 -0.145393 0.858119 0.073545
48 -0.149578 0.860281 0.102154
49 -0.156783 0.858899 0.129805
50 -0.168468 0.848047 0.159217
51 -0.185458 0.843448 0.180196
52 -0.207684 0.837670 0.198710
53 -0.239117 0.832198 0.213837
54 -0.285912 0.825659 0.218202
55 -0.321160 0.827442 0.206972
56 -0.347867 0.826841 0.188557
57 -0.369875 0.820759 0.147205
58 -0.377616 0.812860 0.112417
59 -0.384438 0.809806 0.085272
Frame 492
30 -0.393933 0.803749 0.051268
31 -0.395918 0.803924 0.018302
32 -0.391515 0.805673 -0.008446
33 -0.382399 0.808605 -0.038899
34 -0.372113 0.809379 -0.065827
35 -0.364458 0.813440 -0.096362
36 -0.347634 0.824194 -0.122682
37 -0.307984 0.852303 -0.143050
38 -0.270000 0.860476 -0.147910
39 -0.226152 0.869077 -0.139064
40 -0.194437 0.873534 -0.119352
41 -0.172482 0.873058 -0.097509
42 -0.157814 0.873364 -0.073719
43 -0.149357 0.874159 -0.048202
44 -0.143559 0.867949 -0.016527
45 -0.143862 0.864012 0.009366
46 -0.145788 0.861645 0.039329
47 -0.147070 0.857275 0.074023
48 -0.151264 0.859458 0.102632
49 -0.158478 0.858089 0.130284
50 -0.170169 0.847251 0.159697
51 -0.187158 0.842655 0.180674
52 -0.209375 0.836874 0.199183
53 -0.240791 0.831408 0.214299
54 -0.287565 0.824902 0.218642
55 -0.322764 0.826715 0.207419
56 -0.349521 0.826156 0.189084
57 -0.371554 0.820044 0.147715
58 -0.379232 0.812075 0.112879
59 -0.386016 0.808995 0.085747
Frame 493
30 -0.395262 0.802803 0.051741
31 -0.397239 0.802954 0.018748
32 -0.392782 0.804771 -0.008025
33 -0.383527 0.807786 -0.038497
34 -0.373137 0.808588 -0.065365
35 -0.365445 0.812608 -0.096012
36 -0.348513 0.823435 -0.122283
37 -0.308989 0.851289 -0.142545
38 -0.271070 0.859370 -0.147352
39 -0.227316 0.867945 -0.138511
40 -0.195709 0.872441 -0.118833
41 -0.173824 0.872039 -0.097020
42 -0.159198 0.872415 -0.073244
43 -0.150763 0.873253 -0.047730
44 -0.144979 0.867082 -0.016047
45 -0.145291 0.863178 0.009852
46 -0.147230 0.860846 0.039817
47 -0.148521 0.856527 0.074513
48 -0.152729 0.858742 0.103119
49 -0.159956 0.857399 0.130772
50 -0.171648 0.846582 0.160191
51 -0.188637 0.841985 0.181164
52 -0.210839 0.836190 0.199665
53 -0.242231 0.830713 0.214771
54 -0.288974 0.824216 0.219097
55 -0.324124 0.826026 0.207876
56 -0.350913 0.825484 0.189618
57 -0.372961 0.819302 0.148237
58 -0.380568 0.811240 0.113358
59 -0.387316 0.808114 0.086240
Frame 494
30 -0.396370 0.801775 0.052231
31 -0.398338 0.801882 0.019211
32 -0.393824 0.803757 -0.007585
33 -0.384426 0.806850 -0.038063
34 -0.373934 0.807673 -0.064859
35 -0.366215 0.811649 -0.095607
36 -0.349188 0.822553 -0.121835
37 -0.309800 0.850148 -0.142032
38 -0.271950 0.858151 -0.146797
39 -0.228293 0.866732 -0.137968
40 -0.196792 0.871298 -0.118319
41 -0.174977 0.870994 -0.096533
42 -0.160395 0.871459 -0.072769
43 -0.151984 0.872357 -0.047256
44 -0.146214 0.866246 -0.015562
45 -0.146535 0.862386 0.010345
46 -0.148487 0.860103 0.040312
47 -0.149789 0.855849 0.075013
48 -0.154015 0.858109 0.103615
49 -0.161257 0.856800 0.131268
50 -0.172946 0.846011 0.160698
51 -0.189933 0.841410 0.181666
52 -0.212114 0.835593 0.200158
53 -0.243480 0.830096 0.215254
54 -0.290186 0.823583 0.219569
55 -0.325285 0.825364 0.208348
56 -0.352092 0.824818 0.190164
57 -0.374148 0.818536 0.148775
58 -0.381678 0.810362 0.113857
59 -0.388392 0.807174 0.086753
Frame 495
30 -0.397311 0.800680 0.052743
31 -0.399267 0.800729 0.019694
32 -0.394695 0.802654 -0.007120
33 -0.385153 0.805818 -0.037594
34 -0.374558 0.806657 -0.064310
35 -0.366816 0.810587 -0.095155
36 -0.349706 0.821573 -0.121342
37 -0.310466 0.848901 -0.141506
38 -0.272685 0.856839 -0.146241
39 -0.229127 0.865446 -0.137425
40 -0.197734 0.870106 -0.117807
41 -0.175988 0.869917 -0.096043
42 -0.161452 0.870489 -0.072291
43 -0.153067 0.871461 -0.046779
44 -0.147309 0.865422 -0.015071
45 -0.147639 0.861618 0.010844
46 -0.149605 0.859394 0.040817
47 -0.150918 0.855218 0.075523
48 -0.155164 0.857532 0.104118
49 -0.162421 0.856264 0.131772
50 -0.174105 0.845508 0.161214
51 -0.191090 0.840904 0.182180
52 -0.213246 0.835061 0.200661
53 -0.244581 0.829533 0.215751
54 -0.291242 0.822989 0.220058
55 -0.326290 0.824722 0.208838
56 -0.353109 0.824155 0.190726
57 -0.375167 0.817749 0.149334
58 -0.382617 0.809449 0.114379
59 -0.389300 0.806187 0.087291
Frame 496
30 -0.398138 0.799535 0.053279
31 -0.400083 0.799513 0.020204
32 -0.395450 0.801484 -0.006629
33 -0.385760 0.804716 -0.037094
34 -0.375060 0.805562 -0.063724
35 -0.367300 0.809447 -0.094661
36 -0.350111 0.820518 -0.120811
37 -0.311030 0.847572 -0.140963
38 -0.273324 0.855450 -0.145673
39 -0.229868 0.864098 -0.136876
40 -0.198583 0.868865 -0.117290
41 -0.176905 0.868805 -0.095549
42 -0.162416 0.869496 -0.071808
43 -0.154057 0.870550 -0.046297
44 -0.148310 0.864597 -0.014573
45 -0.148648 0.860854 0.011352
46 -0.150629 0.858698 0.041328
47 -0.151952 0.854610 0.076041
48 -0.156218 0.856984 0.104629
49 -0.163490 0.855765 0.132284
50 -0.175166 0.845047 0.161742
51 -0.192147 0.840440 0.182705
52 -0.214277 0.834570 0.201178
53 -0.245577 0.829005 0.216261
54 -0.292188 0.822420 0.220568
55 -0.327186 0.824091 0.209348
56 -0.354010 0.823492 0.191308
57 -0.376071 0.816941 0.149914
58 -0.383440 0.808506 0.114928
59 -0.390094 0.805162 0.087854
Frame 497
30 -0.398906 0.798356 0.053845
31 -0.400838 0.798257 0.020742
32 -0.396143 0.800268 -0.006109
33 -0.386302 0.803564 -0.036562
34 -0.375493 0.804411 -0.063103
35 -0.367716 0.808252 -0.094132
36 -0.350448 0.819415 -0.120245
37 -0.311541 0.846183 -0.140397
38 -0.273913 0.854000 -0.145088
39 -0.230561 0.862697 -0.136315
40 -0.199385 0.867579 -0.116764
41 -0.177777 0.867656 -0.095048
42 -0.163334 0.868471 -0.071318
43 -0.155000 0.869614 -0.045809
44 -0.149262 0.863753 -0.014068
45 -0.149607 0.860077 0.011866
46 -0.151601 0.857995 0.041847
47 -0.152932 0.854001 0.076566
48 -0.157219 0.856440 0.105148
49 -0.164506 0.855274 0.132805
50 -0.176170 0.844599 0.162280
51 -0.193146 0.839991 0.183241
52 -0.215248 0.834094 0.201707
53 -0.246509 0.828493 0.216787
54 -0.293067 0.821859 0.221099
55 -0.328016 0.823463 0.209881
56 -0.354846 0.822824 0.191914
57 -0.376911 0.816119 0.150523
58 -0.384202 0.807542 0.115506
59 -0.390828 0.804109 0.088446
Frame 498
30 -0.399667 0.797157 0.054441
31 -0.401587 0.796979 0.021313
32 -0.396830 0.799027 -0.005555
33 -0.386834 0.802385 -0.035997
34 -0.375909 0.803228 -0.062451
35 -0.368110 0.807025 -0.093573
36 -0.350761 0.818286 -0.119649
37 -0.312045 0.844754 -0.139803
38 -0.274500 0.852506 -0.144478
39 -0.231252 0.861250 -0.135733
40 -0.200189 0.866249 -0.116222
41 -0.178651 0.866464 -0.094536
42 -0.164253 0.867408 -0.070820
43 -0.155942 0.868643 -0.045315
44 -0.150212 0.862875 -0.013557
45 -0.150561 0.859269 0.012388
46 -0.152565 0.857263 0.042374
47 -0.153903 0.853366 0.077101
48 -0.158208 0.855874 0.105673
49 -0.165506 0.854763 0.133333
50 -0.177159 0.844136 0.162828
51 -0.194128 0.839531 0.183789
52 -0.216200 0.833612 0.202251
53 -0.247422 0.827975 0.217331
54 -0.293923 0.821294 0.221654
55 -0.328826 0.822830 0.210441
56 -0.355666 0.822148 0.192548
57 -0.377742 0.815284 0.151162
58 -0.384958 0.806563 0.116117
59 -0.391559 0.803041 0.089068
Frame 499
30 -0.400476 0.795954 0.055074
31 -0.402384 0.795700 0.021921
32 -0.397567 0.797785 -0.004966
33 -0.387409 0.801203 -0.035401
34 -0.376360 0.802034 -0.061770
35 -0.368533 0.805788 -0.092987
36 -0.351092 0.817155 -0.119025
37 -0.312587 0.843305 -0.139176
38 -0.275133 0.850984 -0.143834
39 -0.231991 0.859768 -0.135124
40 -0.201043 0.864874 -0.115658
41 -0.179575 0.865227 -0.094008
42 -0.165218 0.866296 -0.070313
43 -0.156928 0.867620 -0.044810
44 -0.151202 0.861945 -0.013038
45 -0.151554 0.858409 0.012917
46 -0.153566 0.856479 0.042909
47 -0.154906 0.852682 0.077643
48 -0.159225 0.855259 0.106208
49 -0.166534 0.854206 0.133870
50 -0.178173 0.843630 0.163386
51 -0.195133 0.839033 0.184350
52 -0.217177 0.833098 0.202811
53 -0.248355 0.827432 0.217894
54 -0.294799 0.820710 0.222234
55 -0.329659 0.822182 0.211030
56 -0.356518 0.821460 0.193214
57 -0.378613 0.814438 0.151835
58 -0.385763 0.805575 0.116764
59 -0.392341 0.801966 0.089724
Frame 500
30 -0.401379 0.794780 0.055768
31 -0.403283 0.794450 0.022591
32 -0.398408 0.796567 -0.004316
33 -0.388089 0.800038 -0.034751
34 -0.376911 0.800845 -0.061043
35 -0.369050 0.804553 -0.092363
36 -0.351506 0.816028 -0.118362
37 -0.313234 0.841828 -0.138509
38 -0.275880 0.849416 -0.143156
39 -0.232841 0.858221 -0.134496
40 -0.202007 0.863421 -0.115088
41 -0.180604 0.863905 -0.093488
42 -0.166281 0.865095 -0.069817
43 -0.158002 0.866506 -0.044323
44 -0.152274 0.860923 -0.012537
45 -0.152623 0.857459 0.013430
46 -0.154634 0.855609 0.043426
47 -0.155968 0.851914 0.078167
48 -0.160292 0.854566 0.106726
49 -0.167602 0.853575 0.134393
50 -0.179223 0.843059 0.163935
51 -0.196169 0.838482 0.184907
52 -0.218184 0.832545 0.203377
53 -0.249316 0.826863 0.218474
54 -0.295705 0.820117 0.222845
55 -0.330527 0.821541 0.211663
56 -0.357419 0.820784 0.193933
57 -0.379555 0.813612 0.152567
58 -0.386655 0.804610 0.117472
59 -0.393216 0.800917 0.090440
Frame 501
30 -0.402370 0.793654 0.056538
31 -0.404280 0.793246 0.023340
32 -0.399356 0.795387 -0.003594
33 -0.388881 0.798897 -0.034033
34 -0.377574 0.799665 -0.060260
35 -0.369678 0.803319 -0.091688
36 -0.352028 0.814900 -0.117647
37 -0.314006 0.840317 -0.137806
38 -0.276761 0.847794 -0.142454
39 -0.233818 0.856598 -0.133865
40 -0.203093 0.861879 -0.114532
41 -0.181746 0.862485 -0.092995
42 -0.167446 0.863793 -0.069357
43 -0.159167 0.865289 -0.043875
44 -0.153426 0.859799 -0.012078
45 -0.153761 0.856411 0.013900
46 -0.155759 0.854647 0.043902
47 -0.157074 0.851059 0.078652
48 -0.161387 0.853791 0.107206
49 -0.168687 0.852871 0.134881
50 -0.180284 0.842427 0.164456
51 -0.197210 0.837883 0.185445
52 -0.219195 0.831961 0.203937
53 -0.250277 0.826282 0.219062
54 -0.296612 0.819535 0.223486
55 -0.331402 0.820926 0.212340
56 -0.358346 0.820139 0.194709
57 -0.380545 0.812825 0.153367
58 -0.387617 0.803687 0.118253
59 -0.394170 0.799913 0.091227
Frame 502
30 -0.403421 0.792567 0.057366
31 -0.405348 0.792081 0.024148
32 -0.400385 0.794242 -0.002813
33 -0.389760 0.797782 -0.033261
34 -0.378325 0.798501 -0.059430
35 -0.370396 0.802097 -0.090972
36 -0.352642 0.813783 -0.116887
37 -0.314883 0.838794 -0.137073
38 -0.277750 0.846147 -0.141735
39 -0.234901 0.854933 -0.133234
40 -0.204275 0.860283 -0.113990
41 -0.182977 0.861005 -0.092527
42 -0.168688 0.862424 -0.068929
43 -0.160397 0.864004 -0.043461
44 -0.154634 0.858606 -0.011655
45 -0.154948 0.855294 0.014333
46 -0.156922 0.853616 0.044343
47 -0.158205 0.850139 0.079100
48 -0.162497 0.852955 0.107651
49 -0.169777 0.852109 0.135338
50 -0.181343 0.841744 0.164949
51 -0.198242 0.837243 0.185962
52 -0.220195 0.831347 0.204487
53 -0.251227 0.825686 0.219651
54 -0.297510 0.818952 0.224145
55 -0.332275 0.820323 0.213049
56 -0.359280 0.819513 0.195527
57 -0.381562 0.812067 0.154215
58 -0.388625 0.802797 0.119086
59 -0.395179 0.798944 0.092066
Frame 503
30 -0.404507 0.791515 0.058233
31 -0.406460 0.790955 0.024997
32 -0.401464 0.793131 -0.001990
33 -0.390703 0.796696 -0.032445
34 -0.379143 0.797362 -0.058567
35 -0.371183 0.800900 -0.090223
36 -0.353334 0.812686 -0.116090
37 -0.315843 0.837282 -0.136319
38 -0.278824 0.844505 -0.141008
39 -0.236062 0.853263 -0.132608
40 -0.205528 0.858671 -0.113462
41 -0.184270 0.859503 -0.092080
42 -0.169983 0.861029 -0.068529
43 -0.161672 0.862686 -0.043078
44 -0.155878 0.857376 -0.011265
45 -0.156163 0.854140 0.014733
46 -0.158106 0.852546 0.044750
47 -0.159347 0.849178 0.079516
48 -0.163607 0.852076 0.108064
49 -0.170858 0.851304 0.135764
50 -0.182387 0.841020 0.165415
51 -0.199256 0.836569 0.186457
52 -0.221174 0.830706 0.205022
53 -0.252153 0.825072 0.220236
54 -0.298387 0.818363 0.224813
55 -0.333132 0.819722 0.213777
56 -0.360206 0.818891 0.196370
57 -0.382586 0.811327 0.155095
58 -0.389653 0.801929 0.119953
59 -0.396216 0.798004 0.092940
Frame 504
30 -0.405602 0.790489 0.059124
31 -0.407589 0.789861 0.025872
32 -0.402568 0.792054 -0.001141
33 -0.391683 0.795640 -0.031601
34 -0.380003 0.796254 -0.057681
35 -0.372018 0.799739 -0.089452
36 -0.354091 0.811621 -0.115263
37 -0.316864 0.835804 -0.135553
38 -0.279958 0.842899 -0.140282
39 -0.237277 0.851623 -0.131993
40 -0.206827 0.857082 -0.112952
41 -0.185601 0.858016 -0.091656
42 -0.171307 0.859641 -0.068151
43 -0.162969 0.861372 -0.042719
44 -0.157137 0.856142 -0.010904
45 -0.157388 0.852976 0.015105
46 -0.159291 0.851464 0.045128
47 -0.160482 0.848197 0.079901
48 -0.164702 0.851175 0.108449
49 -0.171918 0.850473 0.136163
50 -0.183403 0.840269 0.165856
51 -0.200237 0.835865 0.186930
52 -0.222119 0.830038 0.205540
53 -0.253043 0.824436 0.220811
54 -0.299231 0.817760 0.225480
55 -0.333962 0.819110 0.214510
56 -0.361108 0.818264 0.197221
57 -0.383595 0.810590 0.155988
58 -0.390679 0.801074 0.120834
59 -0.397256 0.797081 0.093830
Frame 505
30 -0.406681 0.789485 0.060019
31 -0.408708 0.788797 0.026756
32 -0.403668 0.791008 -0.000281
33 -0.392677 0.794617 -0.030741
34 -0.380887 0.795187 -0.056786
35 -0.372884 0.798627 -0.088668
36 -0.354902 0.810600 -0.114419
37 -0.317926 0.834386 -0.134786
38 -0.281126 0.841356 -0.139564
39 -0.238522 0.850048 -0.131392
40 -0.208147 0.855554 -0.112461
41 -0.186943 0.856581 -0.091249
42 -0.172637 0.858299 -0.067793
43 -0.164267 0.860094 -0.042382
44 -0.158390 0.854938 -0.010567
45 -0.158602 0.851835 0.015450
46 -0.160458 0.850395 0.045479
47 -0.161594 0.847221 0.080260
48 -0.165768 0.850269 0.108808
49 -0.172943 0.849630 0.136537
50 -0.184380 0.839497 0.166270
51 -0.201176 0.835140 0.187381
52 -0.223019 0.829346 0.206038
53 -0.253887 0.823777 0.221371
54 -0.300033 0.817134 0.226136
55 -0.334754 0.818477 0.215236
56 -0.361970 0.817617 0.198066
57 -0.384568 0.809846 0.156876
58 -0.391677 0.800222 0.121711
59 -0.398275 0.796169 0.094719
Frame 506
30 -0.407717 0.788495 0.060903
31 -0.409788 0.787759 0.027631
32 -0.404737 0.789993 0.000575
33 -0.393660 0.793630 -0.029878
34 -0.381772 0.794171 -0.055895
35 -0.373761 0.797578 -0.087885
36 -0.355754 0.809632 -0.113570
37 -0.319007 0.833054 -0.134027
38 -0.282303 0.839910 -0.138865
39 -0.239770 0.848573 -0.130813
40 -0.209461 0.854124 -0.111989
41 -0.188272 0.855238 -0.090861
42 -0.173947 0.857038 -0.067453
43 -0.165542 0.858891 -0.042062
44 -0.159616 0.853796 -0.010250
45 -0.159784 0.850747 0.015774
46 -0.161591 0.849367 0.045808
47 -0.162666 0.846272 0.080595
48 -0.166791 0.849380 0.109146
49 -0.173921 0.848791 0.136889
50 -0.185305 0.838718 0.166660
51 -0.202059 0.834398 0.187807
52 -0.223861 0.828633 0.206514
53 -0.254673 0.823093 0.221909
54 -0.300782 0.816479 0.226773
55 -0.335495 0.817811 0.215942
56 -0.362777 0.816938 0.198888
57 -0.385485 0.809083 0.157742
58 -0.392625 0.799363 0.122565
59 -0.399246 0.795258 0.095589
Frame 507
30 -0.408692 0.787513 0.061750
31 -0.410808 0.786739 0.028474
32 -0.405748 0.789002 0.001402
33 -0.394601 0.792672 -0.029037
34 -0.382628 0.793198 -0.055025
35 -0.374617 0.796585 -0.087115
36 -0.356612 0.808713 -0.112735
37 -0.320067 0.831810 -0.133290
38 -0.283449 0.838568 -0.138193
39 -0.240982 0.847211 -0.130255
40 -0.210732 0.852808 -0.111531
41 -0.189552 0.854005 -0.090479
42 -0.175208 0.855879 -0.067113
43 -0.166768 0.857781 -0.041743
44 -0.160793 0.852738 -0.009936
45 -0.160918 0.849732 0.016093
46 -0.162676 0.848401 0.046132
47 -0.163690 0.845372 0.080924
48 -0.167768 0.848528 0.109478
49 -0.174854 0.847978 0.137236
50 -0.186183 0.837951 0.167039
51 -0.202896 0.833660 0.188221
52 -0.224658 0.827912 0.206973
53 -0.255415 0.822394 0.222428
54 -0.301491 0.815801 0.227385
55 -0.336199 0.817118 0.216618
56 -0.363536 0.816231 0.199673
57 -0.386345 0.808301 0.158568
58 -0.393512 0.798494 0.123376
59 -0.400157 0.794343 0.096420
Frame 508
30 -0.409617 0.786538 0.062550
31 -0.411774 0.785732 0.029271
32 -0.406705 0.788024 0.002188
33 -0.395497 0.791733 -0.028233
34 -0.383446 0.792250 -0.054193
35 -0.375441 0.795626 -0.086370
36 -0.357449 0.807823 -0.111934
37 -0.321088 0.830628 -0.132587
38 -0.284548 0.837302 -0.137551
39 -0.242141 0.845936 -0.129717
40 -0.211949 0.851581 -0.111085
41 -0.190776 0.852857 -0.090100
42 -0.176412 0.854802 -0.066769
43 -0.167942 0.856749 -0.041419
44 -0.161922 0.851749 -0.009617
45 -0.162006 0.848779 0.016417
46 -0.163719 0.847491 0.046460
47 -0.164677 0.844517 0.081256
48 -0.168712 0.847714 0.109814
49 -0.175758 0.847194 0.137585
50 -0.187035 0.837205 0.167417
51 -0.203709 0.832933 0.188629
52 -0.225432 0.827195 0.207421
53 -0.256140 0.821690 0.222930
54 -0.302189 0.815111 0.227968
55 -0.336890 0.816408 0.217259
56 -0.364271 0.815508 0.200415
57 -0.387169 0.807506 0.159346
58 -0.394356 0.797620 0.124140
59 -0.401021 0.793428 0.097202
Frame 509
30 -0.410504 0.785564 0.063303
31 -0.412700 0.784731 0.030023
32 -0.407622 0.787057 0.002930
33 -0.396359 0.790808 -0.027472
34 -0.384237 0.791322 -0.053404
35 -0.376241 0.794695 -0.085659
36 -0.358270 0.806955 -0.111173
37 -0.322079 0.829496 -0.131919
38 -0.285610 0.836098 -0.136944
39 -0.243262 0.844731 -0.129205
40 -0.213124 0.850425 -0.110653
41 -0.191956 0.851779 -0.089728
42 -0.177575 0.853788 -0.066430
43 -0.169077 0.855773 -0.041095
44 -0.163012 0.850811 -0.009300
45 -0.163060 0.847873 0.016738
46 -0.164731 0.846618 0.046784
47 -0.165637 0.843692 0.081584
48 -0.169633 0.846921 0.110145
49 -0.176640 0.846426 0.137927
50 -0.187867 0.836465 0.167784
51 -0.204506 0.832206 0.189026
52 -0.226189 0.826472 0.207853
53 -0.256853 0.820976 0.223411
54 -0.302878 0.814405 0.228520
55 -0.337571 0.815678 0.217863
56 -0.364990 0.814765 0.201114
57 -0.387966 0.806698 0.160079
58 -0.395169 0.796737 0.124857
59 -0.401852 0.792507 0.097938
Frame 510
30 -0.411369 0.784590 0.064011
31 -0.413601 0.783736 0.030729
32 -0.408514 0.786097 0.003627
33 -0.397200 0.789890 -0.026758
34 -0.385012 0.790408 -0.052665
35 -0.377026 0.793784 -0.084990
36 -0.359084 0.806095 -0.110461
37 -0.323051 0.828399 -0.131293
38 -0.286649 0.834937 -0.136373
39 -0.244357 0.843576 -0.128720
40 -0.214270 0.849319 -0.110244
41 -0.193106 0.850747 -0.089372
42 -0.178708 0.852818 -0.066102
43 -0.170184 0.854836 -0.040784
44 -0.164079 0.849907 -0.008994
45 -0.164091 0.846994 0.017048
46 -0.165722 0.845768 0.047096
47 -0.166580 0.842882 0.081899
48 -0.170538 0.846138 0.110463
49 -0.177509 0.845661 0.138256
50 -0.188689 0.835723 0.168136
51 -0.205292 0.831469 0.189403
52 -0.226939 0.825735 0.208263
53 -0.257562 0.820242 0.223865
54 -0.303564 0.813677 0.229039
55 -0.338248 0.814928 0.218428
56 -0.365700 0.814002 0.201772
57 -0.388750 0.805873 0.160766
58 -0.395962 0.795843 0.125527
59 -0.402661 0.791580 0.098628
Frame 511
30 -0.412226 0.783610 0.064674
31 -0.414492 0.782741 0.031388
32 -0.409397 0.785138 0.004277
33 -0.398035 0.788978 -0.026096
34 -0.385782 0.789500 -0.051981
35 -0.377805 0.792885 -0.084368
36 -0.359895 0.805237 -0.109805
37 -0.324013 0.827325 -0.130711
38 -0.287678 0.833803 -0.135843
39 -0.245439 0.842452 -0.128270
40 -0.215400 0.848244 -0.109860
41 -0.194240 0.849743 -0.089038
42 -0.179826 0.851870 -0.065794
43 -0.171278 0.853919 -0.040490
44 -0.165133 0.849018 -0.008707
45 -0.165111 0.846126 0.017338
46 -0.166704 0.844923 0.047387
47 -0.167514 0.842070 0.082192
48 -0.171438 0.845349 0.110761
49 -0.178374 0.844885 0.138564
50 -0.189506 0.834963 0.168464
51 -0.206077 0.830714 0.189755
52 -0.227687 0.824976 0.208644
53 -0.258270 0.819485 0.224287
54 -0.304251 0.812924 0.229519
55 -0.338925 0.814152 0.218953
56 -0.366408 0.813217 0.202386
57 -0.389528 0.805029 0.161409
58 -0.396748 0.794934 0.126152
59 -0.403461 0.790641 0.099273
Frame 512
30 -0.413089 0.782623 0.065291
31 -0.415389 0.781741 0.032003
32 -0.410286 0.784178 0.004879
33 -0.398876 0.788063 -0.025488
34 -0.386558 0.788593 -0.051360
35 -0.378587 0.791991 -0.083803
36 -0.360712 0.804368 -0.109210
37 -0.324976 0.826257 -0.130176
38 -0.288707 0.832678 -0.135356
39 -0.246521 0.841338 -0.127856
40 -0.216527 0.847179 -0.109508
41 -0.195372 0.848747 -0.088733
42 -0.180941 0.850927 -0.065514
43 -0.172369 0.853003 -0.040223
44 -0.166186 0.848124 -0.008448
45 -0.166130 0.845251 0.017598
46 -0.167686 0.844067 0.047650
47 -0.168450 0.841243 0.082458
48 -0.172341 0.844539 0.111030
49 -0.179242 0.844085 0.138842
50 -0.190329 0.834177 0.168761
51 -0.206866 0.829929 0.190075
52 -0.228440 0.824185 0.208992
53 -0.258983 0.818694 0.224672
54 -0.304945 0.812140 0.229959
55 -0.339606 0.813350 0.219436
56 -0.367123 0.812408 0.202956
57 -0.390312 0.804164 0.162010
58 -0.397538 0.794008 0.126731
59 -0.404265 0.789688 0.099875
Frame 513
30 -0.413973 0.781624 0.065866
31 -0.416307 0.780734 0.032572
32 -0.411194 0.783212 0.005431
33 -0.399737 0.787144 -0.024942
34 -0.387348 0.787679 -0.050807
35 -0.379377 0.791091 -0.083300
36 -0.361539 0.803477 -0.108686
37 -0.325950 0.825181 -0.129692
38 -0.289748 0.831545 -0.134915
39 -0.247616 0.840217 -0.127481
40 -0.217666 0.846106 -0.109193
41 -0.196514 0.847738 -0.088464
42 -0.182068 0.849969 -0.065269
43 -0.173471 0.852068 -0.039992
44 -0.167250 0.847208 -0.008226
45 -0.167161 0.844350 0.017822
46 -0.168680 0.843182 0.047876
47 -0.169398 0.840383 0.082686
48 -0.173254 0.843695 0.111264
49 -0.180122 0.843249 0.139083
50 -0.191163 0.833351 0.169020
51 -0.207667 0.829103 0.190355
52 -0.229205 0.823355 0.209299
53 -0.259710 0.817866 0.225015
54 -0.305649 0.811320 0.230356
55 -0.340296 0.812515 0.219876
56 -0.367851 0.811571 0.203483
57 -0.391111 0.803277 0.162566
58 -0.398344 0.793061 0.127267
59 -0.405087 0.788719 0.100434
Frame 514
30 -0.414890 0.780611 0.066399
31 -0.417260 0.779716 0.033095
32 -0.412137 0.782235 0.005930
33 -0.400629 0.786212 -0.024458
34 -0.388165 0.786749 -0.050328
35 -0.380185 0.790178 -0.082867
36 -0.362382 0.802552 -0.108237
37 -0.326943 0.824082 -0.129263
38 -0.290815 0.830387 -0.134522
39 -0.248737 0.839068 -0.127152
40 -0.218829 0.845004 -0.108921
41 -0.197682 0.846697 -0.088238
42 -0.183218 0.848976 -0.065068
43 -0.174595 0.851096 -0.039806
44 -0.168338 0.846251 -0.008047
45 -0.168214 0.843406 0.018002
46 -0.169695 0.842253 0.048058
47 -0.170367 0.839476 0.082870
48 -0.174189 0.842801 0.111452
49 -0.181020 0.842363 0.139279
50 -0.192017 0.832474 0.169233
51 -0.208487 0.828228 0.190589
52 -0.229989 0.822478 0.209559
53 -0.260453 0.816992 0.225311
54 -0.306368 0.810461 0.230704
55 -0.340999 0.811648 0.220270
56 -0.368599 0.810707 0.203967
57 -0.391937 0.802364 0.163081
58 -0.399178 0.792091 0.127760
59 -0.405938 0.787729 0.100951
Frame 515
30 -0.415861 0.779598 0.066902
31 -0.418274 0.778708 0.033585
32 -0.413146 0.781277 0.006388
33 -0.401591 0.785303 -0.024028
34 -0.389048 0.785840 -0.049914
35 -0.381056 0.789291 -0.082498
36 -0.363291 0.801638 -0.107856
37 -0.328009 0.822997 -0.128884
38 -0.291958 0.829230 -0.134182
39 -0.249930 0.837906 -0.126881
40 -0.220058 0.843876 -0.108713
41 -0.198912 0.845617 -0.088083
42 -0.184424 0.847931 -0.064944
43 -0.175767 0.850061 -0.039698
44 -0.169466 0.845220 -0.007951
45 -0.169303 0.842381 0.018099
46 -0.170738 0.841233 0.048157
47 -0.171354 0.838469 0.082970
48 -0.175131 0.841801 0.111558
49 -0.181919 0.841366 0.139395
50 -0.192867 0.831480 0.169365
51 -0.209296 0.827237 0.190744
52 -0.230758 0.821489 0.209744
53 -0.261175 0.816013 0.225538
54 -0.307064 0.809511 0.230994
55 -0.341678 0.810709 0.220619
56 -0.369335 0.809785 0.204416
57 -0.392772 0.801412 0.163570
58 -0.400037 0.791096 0.128226
59 -0.406826 0.786726 0.101442
Frame 516
30 -0.416882 0.778601 0.067381
31 -0.419353 0.777732 0.034050
32 -0.414228 0.780360 0.006813
33 -0.402636 0.784441 -0.023636
34 -0.390017 0.784979 -0.049550
35 -0.382016 0.788461 -0.082182
36 -0.364296 0.800771 -0.107530
37 -0.329169 0.821963 -0.128550
38 -0.293195 0.828108 -0.133894
39 -0.251215 0.836755 -0.126673
40 -0.221366 0.842743 -0.108578
41 -0.200213 0.844507 -0.088008
42 -0.185695 0.846839 -0.064910
43 -0.176991 0.848965 -0.039683
44 -0.170635 0.844110 -0.007952
45 -0.170424 0.841266 0.018096
46 -0.171801 0.840110 0.048157
47 -0.172348 0.837344 0.082969
48 -0.176069 0.840672 0.111568
49 -0.182802 0.840232 0.139415
50 -0.193693 0.830342 0.169403
51 -0.210074 0.826101 0.190807
52 -0.231489 0.820360 0.209843
53 -0.261851 0.814901 0.225686
54 -0.307709 0.808450 0.231223
55 -0.342307 0.809681 0.220925
56 -0.370033 0.808797 0.204839
57 -0.393600 0.800420 0.164042
58 -0.400911 0.790080 0.128673
59 -0.407745 0.785719 0.101912
Frame 517
30 -0.417941 0.777620 0.067828
31 -0.420476 0.776782 0.034480
32 -0.415359 0.779475 0.007202
33 -0.403736 0.783611 -0.023286
34 -0.391047 0.784150 -0.049234
35 -0.383037 0.787668 -0.081912
36 -0.365367 0.799932 -0.107254
37 -0.330392 0.820963 -0.128258
38 -0.294495 0.827010 -0.133653
39 -0.252555 0.835611 -0.126517
40 -0.222721 0.841603 -0.108501
41 -0.201556 0.843376 -0.087995
42 -0.187001 0.845714 -0.064941
43 -0.178245 0.847822 -0.039733
44 -0.171830 0.842941 -0.008022
45 -0.171565 0.840085 0.018023
46 -0.172878 0.838913 0.048086
47 -0.173349 0.836137 0.082897
48 -0.177007 0.839454 0.111509
49 -0.183679 0.839002 0.139367
50 -0.194510 0.829105 0.169370
51 -0.210837 0.824866 0.190799
52 -0.232203 0.819136 0.209875
53 -0.262503 0.813701 0.225771
54 -0.308329 0.807313 0.231398
55 -0.342910 0.808594 0.221189
56 -0.370715 0.807766 0.205229
57 -0.394427 0.799405 0.164487
58 -0.401802 0.789054 0.129091
59 -0.408690 0.784713 0.102354
Frame 518
30 -0.419023 0.776651 0.068233
31 -0.421624 0.775850 0.034868
32 -0.416515 0.778608 0.007547
33 -0.404867 0.782801 -0.022977
34 -0.392111 0.783338 -0.048961
35 -0.384094 0.786893 -0.081682
36 -0.366478 0.799103 -0.107021
37 -0.331643 0.819982 -0.128008
38 -0.295818 0.825925 -0.133455
39 -0.253914 0.834471 -0.126403
40 -0.224091 0.840457 -0.108466
41 -0.202911 0.842229 -0.088025
42 -0.188318 0.844565 -0.065013
43 -0.179508 0.846652 -0.039827
44 -0.173034 0.841737 -0.008136
45 -0.172715 0.838864 0.017907
46 -0.173964 0.837673 0.047972
47 -0.174358 0.834881 0.082780
48 -0.177951 0.838185 0.111406
49 -0.184560 0.837719 0.139274
50 -0.195333 0.827812 0.169292
51 -0.211605 0.823577 0.190746
52 -0.232923 0.817861 0.209860
53 -0.263158 0.812455 0.225808
54 -0.308947 0.806139 0.231528
55 -0.343513 0.807481 0.221409
56 -0.371397 0.806716 0.205580
57 -0.395265 0.798380 0.164895
58 -0.402710 0.788028 0.129473
59 -0.409656 0.783713 0.102756
Frame 519
30 -0.420116 0.775694 0.068587
31 -0.422778 0.774928 0.035205
32 -0.417675 0.777748 0.007846
33 -0.406003 0.781991 -0.022711
34 -0.393185 0.782527 -0.048728
35 -0.385162 0.786118 -0.081490
36 -0.367601 0.798269 -0.106828
37 -0.332889 0.819005 -0.127797
38 -0.297130 0.824841 -0.133294
39 -0.255258 0.833329 -0.126322
40 -0.225444 0.839305 -0.108456
41 -0.204250 0.841073 -0.088074
42 -0.189619 0.843405 -0.065104
43 -0.180758 0.845468 -0.039936
44 -0.174231 0.840520 -0.008265
45 -0.173861 0.837631 0.017774
46 -0.175050 0.836419 0.047842
47 -0.175373 0.833612 0.082648
48 -0.178905 0.836902 0.111286
49 -0.185457 0.836424 0.139164
50 -0.196177 0.826507 0.169194
51 -0.212397 0.822279 0.190670
52 -0.233668 0.816579 0.209819
53 -0.263840 0.811204 0.225813
54 -0.309592 0.804965 0.231620
55 -0.344138 0.806372 0.221588
56 -0.372103 0.805671 0.205885
57 -0.396123 0.797365 0.165257
58 -0.403637 0.787012 0.129806
59 -0.410638 0.782724 0.103109
Frame 520
30 -0.421207 0.774748 0.068881
31 -0.423918 0.774010 0.035485
32 -0.418817 0.776883 0.008092
33 -0.407119 0.781171 -0.022490
34 -0.394244 0.781702 -0.048533
35 -0.386213 0.785324 -0.081328
36 -0.368706 0.797412 -0.106669
37 -0.334095 0.818015 -0.127625
38 -0.298395 0.823748 -0.133167
39 -0.256551 0.832181 -0.126261
40 -0.226747 0.838148 -0.108456
41 -0.205541 0.839915 -0.088127
42 -0.190880 0.842245 -0.065189
43 -0.181976 0.844288 -0.040037
44 -0.175403 0.839311 -0.008382
45 -0.174993 0.836409 0.017654
46 -0.176131 0.835182 0.047724
47 -0.176395 0.832364 0.082527
48 -0.179874 0.835645 0.111175
49 -0.186378 0.835158 0.139063
50 -0.197054 0.825237 0.169102
51 -0.213231 0.821017 0.190595
52 -0.234462 0.815335 0.209770
53 -0.264574 0.809993 0.225803
54 -0.310287 0.803830 0.231681
55 -0.344811 0.805297 0.221725
56 -0.372850 0.804659 0.206140
57 -0.397010 0.796373 0.165562
58 -0.404583 0.786016 0.130084
59 -0.411631 0.781751 0.103404
Frame 521
30 -0.422280 0.773809 0.069106
31 -0.425026 0.773090 0.035699
32 -0.419917 0.776001 0.008282
33 -0.408191 0.780324 -0.022316
34 -0.395264 0.780850 -0.048373
35 -0.387225 0.784494 -0.081194
36 -0.369767 0.796517 -0.106541
37 -0.335230 0.816995 -0.127492
38 -0.299576 0.822635 -0.133069
39 -0.257758 0.831022 -0.126213
40 -0.227966 0.836985 -0.108451
41 -0.206755 0.838761 -0.088160
42 -0.192071 0.841095 -0.065245
43 -0.183136 0.843128 -0.040104
44 -0.176536 0.838132 -0.008461
45 -0.176096 0.835225 0.017574
46 -0.177199 0.833991 0.047645
47 -0.177421 0.831172 0.082446
48 -0.180862 0.834452 0.111101
49 -0.187333 0.833963 0.138995
50 -0.197979 0.824044 0.169041
51 -0.214125 0.819836 0.190545
52 -0.235322 0.814172 0.209737
53 -0.265383 0.808863 0.225794
54 -0.311057 0.802770 0.231723
55 -0.345555 0.804291 0.221823
56 -0.373660 0.803704 0.206339
57 -0.397937 0.795424 0.165801
58 -0.405550 0.785051 0.130297
59 -0.412631 0.780799 0.103631
Frame 522
30 -0.423334 0.772883 0.069256
31 -0.426098 0.772173 0.035841
32 -0.420973 0.775114 0.008409
33 -0.409215 0.779464 -0.022194
34 -0.396242 0.779985 -0.048254
35 -0.388190 0.783648 -0.081094
36 -0.370775 0.795606 -0.106446
37 -0.336288 0.815973 -0.127395
38 -0.300671 0.821527 -0.132997
39 -0.258874 0.829877 -0.126172
40 -0.229100 0.835838 -0.108436
41 -0.207891 0.837631 -0.088174
42 -0.193191 0.839975 -0.065269
43 -0.184239 0.842001 -0.040135
44 -0.177624 0.836993 -0.008500
45 -0.177167 0.834085 0.017535
46 -0.178251 0.832851 0.047607
47 -0.178447 0.830037 0.082407
48 -0.181866 0.833319 0.111066
49 -0.188316 0.832831 0.138964
50 -0.198946 0.822919 0.169013
51 -0.215071 0.818723 0.190522
52 -0.236244 0.813076 0.209719
53 -0.266263 0.807801 0.225786
54 -0.311897 0.801772 0.231744
55 -0.346368 0.803336 0.221883
56 -0.374529 0.802793 0.206482
57 -0.398899 0.794507 0.165972
58 -0.406535 0.784113 0.130442
59 -0.413634 0.779867 0.103787
Frame 523
30 -0.424388 0.771963 0.069344
31 -0.427160 0.771263 0.035919
32 -0.422014 0.774230 0.008479
33 -0.410221 0.778603 -0.022124
34 -0.397202 0.779125 -0.048181
35 -0.389132 0.782808 -0.081033
36 -0.371750 0.794704 -0.106388
37 -0.337296 0.814967 -0.127329
38 -0.301711 0.820442 -0.132947
39 -0.259934 0.828757 -0.126137
40 -0.230182 0.834713 -0.108415
41 -0.208978 0.836522 -0.088172
42 -0.194269 0.838874 -0.065273
43 -0.185309 0.840892 -0.040142
44 -0.178689 0.835871 -0.008510
45 -0.178226 0.832962 0.017523
46 -0.179299 0.831724 0.047597
47 -0.179483 0.828916 0.082395
48 -0.182888 0.832199 0.111056
49 -0.189328 0.831712 0.138956
50 -0.199952 0.821807 0.169006
51 -0.216066 0.817622 0.190514
52 -0.237222 0.811990 0.209709
53 -0.267204 0.806747 0.225775
54 -0.312802 0.800781 0.231745
55 -0.347244 0.802389 0.221909
56 -0.375452 0.801889 0.206579
57 -0.399900 0.793598 0.166090
58 -0.407548 0.783181 0.130529
59 -0.414653 0.778942 0.103882
Frame 524
30 -0.425467 0.771038 0.069375
31 -0.428236 0.770347 0.035946
32 -0.423062 0.773337 0.008500
33 -0.411230 0.777732 -0.022097
34 -0.398166 0.778253 -0.048145
35 -0.390070 0.781960 -0.081004
36 -0.372710 0.793792 -0.106358
37 -0.338275 0.813957 -0.127287
38 -0.302715 0.819354 -0.132910
39 -0.260957 0.827631 -0.126101
40 -0.231231 0.833580 -0.108381
41 -0.210037 0.835404 -0.088151
42 -0.195326 0.837761 -0.065249
43 -0.186365 0.839771 -0.040119
44 -0.179752 0.834735 -0.008488
45 -0.179291 0.831825 0.017545
46 -0.180365 0.830584 0.047619
47 -0.180547 0.827781 0.082415
48 -0.183948 0.831067 0.111078
49 -0.190389 0.830580 0.138979
50 -0.201017 0.820681 0.169024
51 -0.217128 0.816509 0.190526
52 -0.238273 0.810894 0.209712
53 -0.268227 0.805685 0.225768
54 -0.313791 0.799784 0.231734
55 -0.348204 0.801436 0.221909
56 -0.376452 0.800979 0.206640
57 -0.400962 0.792685 0.166160
58 -0.408612 0.782246 0.130569
59 -0.415714 0.778012 0.103924
Frame 525
30 -0.426596 0.770094 0.069361
31 -0.429350 0.769414 0.035927
32 -0.424139 0.772423 0.008480
33 -0.412263 0.776835 -0.022105
34 -0.399151 0.777357 -0.048138
35 -0.391019 0.781087 -0.080999
36 -0.373674 0.792851 -0.106348
37 -0.339243 0.812919 -0.127260
38 -0.303703 0.818237 -0.132879
39 -0.261963 0.826474 -0.126057
40 -0.232266 0.832410 -0.108328
41 -0.211088 0.834247 -0.088103
42 -0.196380 0.836606 -0.065193
43 -0.187428 0.838607 -0.040059
44 -0.180832 0.833557 -0.008428
45 -0.180381 0.830646 0.017605
46 -0.181465 0.829403 0.047680
47 -0.181660 0.826607 0.082474
48 -0.185066 0.829895 0.111136
49 -0.191516 0.829410 0.139037
50 -0.202160 0.819521 0.169076
51 -0.218275 0.815363 0.190566
52 -0.239417 0.809767 0.209735
53 -0.269350 0.804596 0.225771
54 -0.314887 0.798767 0.231717
55 -0.349270 0.800467 0.221892
56 -0.377550 0.800053 0.206671
57 -0.402110 0.791755 0.166193
58 -0.409749 0.781293 0.130568
59 -0.416838 0.777064 0.103922
Frame 526
30 -0.427798 0.769122 0.069310
31 -0.430526 0.768451 0.035872
32 -0.425270 0.771474 0.008429
33 -0.413340 0.775900 -0.022139
34 -0.400176 0.776422 -0.048152
35 -0.392000 0.780176 -0.081007
36 -0.374659 0.791864 -0.106351
37 -0.340219 0.811833 -0.127239
38 -0.304696 0.817065 -0.132844
39 -0.262971 0.825254 -0.125997
40 -0.233307 0.831173 -0.108249
41 -0.212150 0.833021 -0.088021
42 -0.197452 0.835382 -0.065099
43 -0.188515 0.837372 -0.039958
44 -0.181949 0.832308 -0.008323
45 -0.181518 0.829396 0.017711
46 -0.182622 0.828153 0.047786
47 -0.182841 0.825365 0.082578
48 -0.186260 0.828658 0.111239
49 -0.192729 0.828178 0.139136
50 -0.203401 0.818301 0.169164
51 -0.219528 0.814163 0.190639
52 -0.240675 0.808593 0.209786
53 -0.270596 0.803465 0.225790
54 -0.316111 0.797717 0.231702
55 -0.350463 0.799467 0.221863
56 -0.378768 0.799098 0.206682
57 -0.403364 0.790797 0.166197
58 -0.410984 0.780310 0.130535
59 -0.418050 0.776086 0.103886
Frame 527
30 -0.429097 0.768107 0.069231
31 -0.431788 0.767444 0.035791
32 -0.426478 0.770479 0.008354
33 -0.414483 0.774912 -0.022192
34 -0.401260 0.775431 -0.048177
35 -0.393029 0.779209 -0.081023
36 -0.375683 0.790815 -0.106357
37 -0.341222 0.810674 -0.127217
38 -0.305712 0.815813 -0.132798
39 -0.264002 0.823946 -0.125914
40 -0.234373 0.829839 -0.108137
41 -0.213244 0.831696 -0.087902
42 -0.198562 0.834056 -0.064960
43 -0.189649 0.836036 -0.039811
44 -0.183122 0.830957 -0.008169
45 -0.182720 0.828047 0.017866
46 -0.183855 0.826806 0.047940
47 -0.184108 0.824029 0.082731
48 -0.187551 0.827328 0.111389
49 -0.194046 0.826857 0.139281
50 -0.204757 0.816999 0.169298
51 -0.220906 0.812885 0.190753
52 -0.242066 0.807347 0.209869
53 -0.271983 0.802272 0.225833
54 -0.317484 0.796617 0.231696
55 -0.351803 0.798424 0.221830
56 -0.380129 0.798102 0.206681
57 -0.404749 0.789801 0.166181
58 -0.412340 0.779286 0.130479
59 -0.419372 0.775065 0.103823
Frame 528
30 -0.430519 0.767039 0.069134
31 -0.433158 0.766381 0.035692
32 -0.427785 0.769426 0.008264
33 -0.415711 0.773858 -0.022254
34 -0.402422 0.774370 -0.048205
35 -0.394123 0.778172 -0.081037
36 -0.376763 0.789683 -0.106359
37 -0.342272 0.809421 -0.127184
38 -0.306771 0.814453 -0.132734
39 -0.265075 0.822519 -0.125799
40 -0.235486 0.828379 -0.107985
41 -0.214391 0.830242 -0.087737
42 -0.199730 0.832600 -0.064772
43 -0.190847 0.834569 -0.039611
44 -0.184372 0.829476 -0.007960
45 -0.184007 0.826570 0.018076
46 -0.185183 0.825335 0.048152
47 -0.185482 0.822571 0.082940
48 -0.188955 0.825881 0.111595
49 -0.195487 0.825423 0.139480
50 -0.206250 0.815591 0.169482
51 -0.222427 0.811510 0.190912
52 -0.243608 0.806014 0.209992
53 -0.273532 0.801001 0.225906
54 -0.319026 0.795455 0.231705
55 -0.353313 0.797327 0.221802
56 -0.381652 0.797054 0.206675
57 -0.406286 0.788752 0.166153
58 -0.413840 0.778206 0.130408
59 -0.420828 0.773989 0.103744
Frame 529
30 -0.432086 0.765903 0.069026
31 -0.434663 0.765251 0.035584
32 -0.429212 0.768299 0.008167
33 -0.417046 0.772724 -0.022318
34 -0.403680 0.773224 -0.048226
35 -0.395301 0.777048 -0.081041
36 -0.377917 0.788451 -0.106348
37 -0.343386 0.808050 -0.127133
38 -0.307893 0.812961 -0.132641
39 -0.266210 0.820946 -0.125647
40 -0.236664 0.826764 -0.107786
41 -0.215610 0.828629 -0.087519
42 -0.200977 0.830983 -0.064528
43 -0.192131 0.832941 -0.039352
44 -0.185720 0.827835 -0.007689
45 -0.185400 0.824936 0.018349
46 -0.186626 0.823710 0.048425
47 -0.186983 0.820964 0.083211
48 -0.190494 0.824291 0.111860
49 -0.197072 0.823852 0.139737
50 -0.207898 0.814053 0.169723
51 -0.224111 0.810013 0.191122
52 -0.245322 0.804571 0.210161
53 -0.275262 0.799635 0.226016
54 -0.320759 0.794216 0.231737
55 -0.355013 0.796162 0.221783
56 -0.383361 0.795942 0.206673
57 -0.407998 0.787641 0.166122
58 -0.415505 0.777060 0.130332
59 -0.422440 0.772846 0.103656
Frame 530
30 -0.433807 0.764698 0.068917
31 -0.436311 0.764046 0.035476
32 -0.430772 0.767097 0.008071
33 -0.418500 0.771505 -0.022375
34 -0.405044 0.771985 -0.048235
35 -0.396573 0.775829 -0.081029
36 -0.379159 0.787107 -0.106317
37 -0.344580 0.806553 -0.127059
38 -0.309091 0.811328 -0.132519
39 -0.267421 0.819216 -0.125456
40 -0.237921 0.824983 -0.107540
41 -0.216914 0.826846 -0.087251
42 -0.202316 0.829194 -0.064230
43 -0.193512 0.831141 -0.039036
44 -0.187173 0.826023 -0.007357
45 -0.186909 0.823135 0.018682
46 -0.188193 0.821922 0.048758
47 -0.188619 0.819199 0.083542
48 -0.192175 0.822546 0.112184
49 -0.198803 0.822134 0.140050
50 -0.209707 0.812376 0.170019
51 -0.225962 0.808389 0.191383
52 -0.247211 0.803012 0.210377
53 -0.277176 0.798164 0.226163
54 -0.322687 0.792896 0.231790
55 -0.356906 0.794926 0.221777
56 -0.385256 0.794762 0.206680
57 -0.409889 0.786463 0.166093
58 -0.417342 0.775844 0.130255
59 -0.424216 0.771632 0.103567
Frame 531
30 -0.435633 0.763453 0.068808
31 -0.438059 0.762801 0.035368
32 -0.432427 0.765851 0.007976
33 -0.420042 0.770235 -0.022427
34 -0.406493 0.770695 -0.048237
35 -0.397921 0.774557 -0.081008
36 -0.380474 0.785700 -0.106269
37 -0.345840 0.804984 -0.126969
38 -0.310352 0.809615 -0.132377
39 -0.268693 0.817397 -0.125239
40 -0.239241 0.823107 -0.107267
41 -0.218283 0.824962 -0.086951
42 -0.203722 0.827302 -0.063899
43 -0.194964 0.829236 -0.038687
44 -0.188705 0.824106 -0.006991
45 -0.188500 0.821230 0.019050
46 -0.189846 0.820030 0.049126
47 -0.190345 0.817332 0.083907
48 -0.193950 0.820702 0.112542
49 -0.200636 0.820319 0.140396
50 -0.211621 0.810606 0.170346
51 -0.227921 0.806677 0.191672
52 -0.249213 0.801376 0.210618
53 -0.279210 0.796625 0.226330
54 -0.324746 0.791518 0.231853
55 -0.358926 0.793641 0.221773
56 -0.387273 0.793536 0.206689
57 -0.411897 0.785243 0.166065
58 -0.419292 0.774584 0.130177
59 -0.426100 0.770375 0.103477
Frame 532
30 -0.437504 0.762202 0.068693
31 -0.439851 0.761553 0.035255
32 -0.434126 0.764602 0.007879
33 -0.421632 0.768958 -0.022480
34 -0.407995 0.769400 -0.048242
35 -0.399319 0.773283 -0.080990
36 -0.381837 0.784286 -0.106219
37 -0.347145 0.803412 -0.126878
38 -0.311653 0.807904 -0.132234
39 -0.270003 0.815576 -0.125021
40 -0.240595 0.821224 -0.106990
41 -0.219686 0.823065 -0.086646
42 -0.205164 0.825393 -0.063564
43 -0.196451 0.827311 -0.038334
44 -0.190272 0.822166 -0.006620
45 -0.190126 0.819299 0.019421
46 -0.191535 0.818113 0.049499
47 -0.192109 0.815436 0.084274
48 -0.195762 0.818827 0.112904
49 -0.202505 0.818473 0.140745
50 -0.213575 0.808806 0.170677
51 -0.229919 0.804935 0.191963
52 -0.251254 0.799711 0.210860
53 -0.281287 0.795060 0.226496
54 -0.326852 0.790118 0.231910
55 -0.360994 0.792338 0.221764
56 -0.389335 0.792291 0.206694
57 -0.413946 0.784009 0.166031
58 -0.421285 0.773312 0.130092
59 -0.428028 0.769109 0.103380
Frame 533
30 -0.439357 0.760983 0.068573
31 -0.441631 0.760341 0.035137
32 -0.435822 0.763391 0.007775
33 -0.423232 0.767716 -0.022539
34 -0.409515 0.768149 -0.048260
35 -0.400740 0.772057 -0.080987
36 -0.383224 0.782924 -0.106176
37 -0.348469 0.801910 -0.126799
38 -0.312973 0.806275 -0.132105
39 -0.271326 0.813839 -0.124819
40 -0.241958 0.819420 -0.106734
41 -0.221094 0.821242 -0.086363
42 -0.206607 0.823553 -0.063252
43 -0.197937 0.825452 -0.038004
44 -0.191833 0.820286 -0.006277
45 -0.191743 0.817425 0.019766
46 -0.193212 0.816246 0.049843
47 -0.193855 0.813584 0.084614
48 -0.197553 0.816991 0.113238
49 -0.204349 0.816660 0.141068
50 -0.215499 0.807031 0.170980
51 -0.231884 0.803217 0.192227
52 -0.253262 0.798066 0.211080
53 -0.283327 0.793510 0.226640
54 -0.328925 0.788730 0.231949
55 -0.363029 0.791044 0.221740
56 -0.391364 0.791056 0.206685
57 -0.415964 0.782788 0.165988
58 -0.423250 0.772063 0.129997
59 -0.429931 0.767868 0.103274
Frame 534
30 -0.441130 0.759833 0.068444
31 -0.443343 0.759205 0.035012
32 -0.437465 0.762258 0.007662
33 -0.424800 0.766556 -0.022611
34 -0.411024 0.766992 -0.048302
35 -0.402158 0.770929 -0.081010
36 -0.384610 0.781675 -0.106156
37 -0.349792 0.800551 -0.126745
38 -0.314288 0.804809 -0.132008
39 -0.272639 0.812275 -0.124657
40 -0.243301 0.817788 -0.106522
41 -0.222476 0.819584 -0.086128
42 -0.208019 0.821870 -0.062993
43 -0.199383 0.823743 -0.037730
44 -0.193346 0.818550 -0.005991
45 -0.193304 0.815687 0.020051
46 -0.194825 0.814507 0.050128
47 -0.195527 0.811851 0.084895
48 -0.199264 0.815264 0.113515
49 -0.206107 0.814947 0.141334
50 -0.217326 0.805345 0.171227
51 -0.233744 0.801577 0.192438
52 -0.255160 0.796490 0.211251
53 -0.285254 0.792018 0.226745
54 -0.330882 0.787385 0.231959
55 -0.364954 0.789788 0.221695
56 -0.393282 0.789855 0.206658
57 -0.417876 0.781612 0.165928
58 -0.425120 0.770868 0.129890
59 -0.431747 0.766688 0.103157
Frame 535
30 -0.442763 0.758787 0.068304
31 -0.444933 0.758182 0.034877
32 -0.439007 0.761244 0.007538
33 -0.426298 0.765521 -0.022702
34 -0.412489 0.765977 -0.048380
35 -0.403547 0.769953 -0.081071
36 -0.385971 0.780601 -0.106169
37 -0.351091 0.799406 -0.126731
38 -0.315575 0.803588 -0.131959
39 -0.273917 0.810970 -0.124557
40 -0.244598 0.816414 -0.106381
41 -0.223800 0.818177 -0.085969
42 -0.209363 0.820430 -0.062813
43 -0.200755 0.822272 -0.037539
44 -0.194768 0.817041 -0.005794
45 -0.194764 0.814167 0.020246
46 -0.196323 0.812973 0.050323
47 -0.197071 0.810307 0.085085
48 -0.200837 0.813715 0.113704
49 -0.207713 0.813398 0.141514
50 -0.218986 0.803807 0.171388
51 -0.235430 0.800070 0.192571
52 -0.256874 0.795033 0.211350
53 -0.286989 0.790628 0.226788
54 -0.332644 0.786120 0.231925
55 -0.366687 0.788600 0.221619
56 -0.395011 0.788717 0.206604
57 -0.419609 0.780508 0.165849
58 -0.426822 0.769760 0.129765
59 -0.433409 0.765602 0.103026
Frame 536
30 -0.444223 0.757897 0.068163
31 -0.446364 0.757325 0.034741
32 -0.440407 0.760402 0.007410
33 -0.427678 0.764662 -0.022802
34 -0.413855 0.765154 -0.048479
35 -0.404855 0.769174 -0.081159
36 -0.387254 0.779744 -0.106204
37 -0.352313 0.798504 -0.126746
38 -0.316783 0.802634 -0.131949
39 -0.275114 0.809940 -0.124504
40 -0.245804 0.815317 -0.106295
41 -0.225023 0.817040 -0.085870
42 -0.210599 0.819253 -0.062700
43 -0.202008 0.821056 -0.037416
44 -0.196060 0.815779 -0.005671
45 -0.196083 0.812884 0.020367
46 -0.197670 0.811666 0.050443
47 -0.198449 0.808977 0.085199
48 -0.202234 0.812367 0.113821
49 -0.209135 0.812040 0.141624
50 -0.220449 0.802446 0.171479
51 -0.236909 0.798728 0.192638
52 -0.258373 0.793727 0.211390
53 -0.288503 0.789376 0.226785
54 -0.334178 0.784975 0.231862
55 -0.368199 0.787524 0.221527
56 -0.396522 0.787692 0.206535
57 -0.421131 0.779527 0.165759
58 -0.428328 0.768791 0.129633
59 -0.434886 0.764662 0.102890
Frame 537
30 -0.445541 0.757160 0.068031
31 -0.447662 0.756630 0.034613
32 -0.441681 0.759727 0.007291
33 -0.428939 0.763975 -0.022897
34 -0.415112 0.764508 -0.048579
35 -0.406063 0.768573 -0.081248
36 -0.388443 0.779075 -0.106240
37 -0.353446 0.797794 -0.126772
38 -0.317901 0.801881 -0.131955
39 -0.276217 0.809112 -0.124475
40 -0.246912 0.814421 -0.106237
41 -0.226142 0.816099 -0.085803
42 -0.211725 0.818267 -0.062619
43 -0.203149 0.820029 -0.037330
44 -0.197231 0.814702 -0.005586
45 -0.197274 0.811780 0.020448
46 -0.198881 0.810531 0.050523
47 -0.199685 0.807812 0.085275
48 -0.203483 0.811180 0.113901
49 -0.210400 0.810835 0.141697
50 -0.221747 0.801232 0.171535
51 -0.238220 0.797527 0.192674
52 -0.259699 0.792557 0.211402
53 -0.289841 0.788256 0.226762
54 -0.335533 0.783954 0.231791
55 -0.369533 0.786572 0.221432
56 -0.397857 0.786794 0.206463
57 -0.422483 0.778682 0.165671
58 -0.429673 0.767966 0.129508
59 -0.436212 0.763871 0.102763
Frame 538
30 -0.446749 0.756539 0.067911
31 -0.448856 0.756054 0.034497
32 -0.442859 0.759175 0.007182
33 -0.430113 0.763415 -0.022983
34 -0.416290 0.763991 -0.048676
35 -0.407206 0.768101 -0.081338
36 -0.389570 0.778545 -0.106276
37 -0.354519 0.797227 -0.126807
38 -0.318959 0.801276 -0.131978
39 -0.277259 0.808435 -0.124472
40 -0.247955 0.813674 -0.106210
41 -0.227192 0.815307 -0.085770
42 -0.212776 0.817428 -0.062576
43 -0.204207 0.819144 -0.037281
44 -0.198313 0.813764 -0.005542
45 -0.198370 0.810812 0.020489
46 -0.199990 0.809529 0.050563
47 -0.200810 0.806775 0.085310
48 -0.204614 0.810116 0.113940
49 -0.211541 0.809748 0.141732
50 -0.222914 0.800131 0.171554
51 -0.239396 0.796436 0.192678
52 -0.260886 0.791493 0.211387
53 -0.291035 0.787238 0.226717
54 -0.336739 0.783031 0.231710
55 -0.370724 0.785716 0.221336
56 -0.399050 0.785994 0.206389
57 -0.423699 0.777938 0.165586
58 -0.430892 0.767250 0.129389
59 -0.437421 0.763191 0.102642
Frame 539
30 -0.447879 0.755994 0.067800
31 -0.449980 0.755557 0.034394
32 -0.443972 0.758703 0.007085
33 -0.431232 0.762936 -0.023060
34 -0.417422 0.763557 -0.048766
35 -0.408315 0.767710 -0.081423
36 -0.390668 0.778106 -0.106312
37 -0.355566 0.796752 -0.126852
38 -0.319991 0.800771 -0.132019
39 -0.278272 0.807859 -0.124494
40 -0.248963 0.813028 -0.106214
41 -0.228201 0.814614 -0.085772
42 -0.213782 0.816689 -0.062570
43 -0.205215 0.818359 -0.037272
44 -0.199335 0.812923 -0.005538
45 -0.199402 0.809939 0.020488
46 -0.201029 0.808620 0.050560
47 -0.201856 0.805829 0.085303
48 -0.205660 0.809140 0.113940
49 -0.212591 0.808749 0.141728
50 -0.223982 0.799115 0.171536
51 -0.240468 0.795427 0.192649
52 -0.261966 0.790508 0.211343
53 -0.292118 0.786297 0.226653
54 -0.337832 0.782180 0.231617
55 -0.371803 0.784930 0.221236
56 -0.400133 0.785265 0.206315
57 -0.424814 0.777266 0.165505
58 -0.432019 0.766608 0.129277
59 -0.438544 0.762585 0.102531
Frame 540
30 -0.448962 0.755486 0.067703
31 -0.451064 0.755097 0.034304
32 -0.445054 0.758268 0.007002
33 -0.432328 0.762495 -0.023125
34 -0.418540 0.763158 -0.048846
35 -0.409422 0.767349 -0.081501
36 -0.391768 0.777709 -0.106346
37 -0.356618 0.796322 -0.126906
38 -0.321029 0.800311 -0.132078
39 -0.279288 0.807332 -0.124545
40 -0.249969 0.812432 -0.106252
41 -0.229202 0.813975 -0.085812
42 -0.214774 0.816002 -0.062604
43 -0.206203 0.817627 -0.037306
44 -0.200331 0.812136 -0.005578
45 -0.200401 0.809120 0.020443
46 -0.202027 0.807765 0.050516
47 -0.202855 0.804936 0.085255
48 -0.206653 0.808218 0.113898
49 -0.213581 0.807802 0.141683
50 -0.224984 0.798150 0.171481
51 -0.241470 0.794468 0.192586
52 -0.262970 0.789572 0.211270
53 -0.293124 0.785404 0.226566
54 -0.338845 0.781374 0.231513
55 -0.372803 0.784188 0.221130
56 -0.401141 0.784578 0.206240
57 -0.425862 0.776632 0.165429
58 -0.433086 0.766005 0.129172
59 -0.439614 0.762018 0.102428
Frame 541
30 -0.450032 0.754976 0.067617
31 -0.452142 0.754631 0.034229
32 -0.446137 0.757824 0.006935
33 -0.433432 0.762046 -0.023176
34 -0.419674 0.762747 -0.048913
35 -0.410561 0.766972 -0.081567
36 -0.392905 0.777305 -0.106377
37 -0.357711 0.795885 -0.126970
38 -0.322104 0.799849 -0.132157
39 -0.280338 0.806804 -0.124624
40 -0.251004 0.811837 -0.106324
41 -0.230227 0.813339 -0.085891
42 -0.215783 0.815322 -0.062680
43 -0.207204 0.816903 -0.037383
44 -0.201333 0.811359 -0.005664
45 -0.201399 0.808313 0.020354
46 -0.203019 0.806925 0.050426
47 -0.203840 0.804060 0.085162
48 -0.207626 0.807313 0.113812
49 -0.214546 0.806875 0.141598
50 -0.225952 0.797206 0.171387
51 -0.242434 0.793532 0.192488
52 -0.263932 0.788658 0.211168
53 -0.294084 0.784531 0.226456
54 -0.339808 0.780586 0.231395
55 -0.373757 0.783461 0.221018
56 -0.402108 0.783901 0.206165
57 -0.426875 0.776005 0.165358
58 -0.434127 0.765405 0.129075
59 -0.440662 0.761450 0.102334
Frame 542
30 -0.451118 0.754423 0.067546
31 -0.453245 0.754119 0.034170
32 -0.447252 0.757329 0.006885
33 -0.434576 0.761544 -0.023212
34 -0.420859 0.762277 -0.048962
35 -0.411764 0.766528 -0.081617
36 -0.394110 0.776845 -0.106407
37 -0.358874 0.795393 -0.127044
38 -0.323249 0.799330 -0.132254
39 -0.281455 0.806224 -0.124734
40 -0.252099 0.811192 -0.106434
41 -0.231307 0.812659 -0.086013
42 -0.216841 0.814601 -0.062799
43 -0.208248 0.816144 -0.037506
44 -0.202371 0.810551 -0.005794
45 -0.202429 0.807478 0.020220
46 -0.204036 0.806058 0.050293
47 -0.204842 0.803163 0.085024
48 -0.208610 0.806392 0.113682
49 -0.215516 0.805934 0.141470
50 -0.226920 0.796253 0.171255
51 -0.243393 0.792586 0.192357
52 -0.264885 0.787736 0.211037
53 -0.295030 0.783652 0.226322
54 -0.340756 0.779792 0.231263
55 -0.374699 0.782723 0.220897
56 -0.403065 0.783209 0.206090
57 -0.427890 0.775352 0.165294
58 -0.435176 0.764772 0.128984
59 -0.441723 0.760845 0.102249
Frame 543
30 -0.452255 0.753790 0.067489
31 -0.454405 0.753517 0.034129
32 -0.448431 0.756739 0.006854
33 -0.435792 0.760946 -0.023229
34 -0.422126 0.761702 -0.048991
35 -0.413064 0.765971 -0.081651
36 -0.395418 0.776278 -0.106434
37 -0.360142 0.794798 -0.127128
38 -0.324497 0.798706 -0.132372
39 -0.282670 0.805540 -0.124875
40 -0.253287 0.810448 -0.106582
41 -0.232475 0.811886 -0.086177
42 -0.217980 0.813795 -0.062966
43 -0.209368 0.815303 -0.037677
44 -0.203478 0.809666 -0.005973
45 -0.203521 0.806572 0.020038
46 -0.205109 0.805126 0.050113
47 -0.205893 0.802210 0.084840
48 -0.209637 0.805419 0.113505
49 -0.216523 0.804945 0.141297
50 -0.227918 0.795257 0.171083
51 -0.244378 0.791603 0.192190
52 -0.265861 0.786780 0.210875
53 -0.295997 0.782741 0.226166
54 -0.341722 0.778965 0.231115
55 -0.375661 0.781948 0.220767
56 -0.404048 0.782470 0.206016
57 -0.428940 0.774640 0.165236
58 -0.436264 0.764072 0.128902
59 -0.442827 0.760166 0.102173
Frame 544
30 -0.453474 0.753035 0.067448
31 -0.455652 0.752785 0.034107
32 -0.449705 0.756011 0.006845
33 -0.437112 0.760206 -0.023228
34 -0.423506 0.760974 -0.048996
35 -0.414492 0.765252 -0.081662
36 -0.396863 0.775556 -0.106459
37 -0.361546 0.794047 -0.127221
38 -0.325881 0.797925 -0.132512
39 -0.284016 0.804704 -0.125050
40 -0.254600 0.809553 -0.106771
41 -0.233761 0.810974 -0.086389
42 -0.219231 0.812855 -0.063179
43 -0.210593 0.814337 -0.037897
44 -0.204685 0.808662 -0.006200
45 -0.204708 0.805555 0.019808
46 -0.206271 0.804091 0.049887
47 -0.207026 0.801161 0.084610
48 -0.210741 0.804359 0.113282
49 -0.217602 0.803878 0.141080
50 -0.228979 0.794188 0.170872
51 -0.245423 0.790550 0.191989
52 -0.266892 0.785758 0.210683
53 -0.297015 0.781768 0.225985
54 -0.342738 0.778078 0.230952
55 -0.376673 0.781110 0.220627
56 -0.405088 0.781658 0.205943
57 -0.430057 0.773838 0.165186
58 -0.437427 0.763267 0.128828
59 -0.444007 0.759376 0.102107
Frame 545
30 -0.454798 0.752149 0.067414
31 -0.457011 0.751913 0.034097
32 -0.451096 0.755134 0.006854
33 -0.438556 0.759312 -0.023198
34 -0.425025 0.760080 -0.048963
35 -0.416079 0.764353 -0.081641
36 -0.398470 0.774675 -0.106461
37 -0.363106 0.793134 -0.127319
38 -0.327412 0.796978 -0.132667
39 -0.285502 0.803701 -0.125252
40 -0.256048 0.808493 -0.106994
41 -0.235175 0.809900 -0.086635
42 -0.220606 0.811761 -0.063428
43 -0.211940 0.813220 -0.038154
44 -0.206008 0.807516 -0.006463
45 -0.206008 0.804401 0.019544
46 -0.207542 0.802925 0.049626
47 -0.208263 0.799993 0.084345
48 -0.211945 0.803185 0.113023
49 -0.218777 0.802703 0.140829
50 -0.230136 0.793020 0.170632
51 -0.246559 0.789404 0.191760
52 -0.268012 0.784649 0.210470
53 -0.298120 0.780711 0.225785
54 -0.343839 0.777112 0.230774
55 -0.377774 0.780188 0.220476
56 -0.406220 0.780753 0.205868
57 -0.431275 0.772931 0.165137
58 -0.438693 0.762347 0.128755
59 -0.445292 0.758463 0.102042
Frame 546
30 -0.456207 0.751218 0.067387
31 -0.458457 0.750989 0.034100
32 -0.452578 0.754197 0.006882
33 -0.440098 0.758352 -0.023138
34 -0.426653 0.759113 -0.048888
35 -0.417793 0.763367 -0.081585
36 -0.400203 0.773741 -0.106424
37 -0.364784 0.792151 -0.127410
38 -0.329052 0.795963 -0.132826
39 -0.287088 0.802624 -0.125465
40 -0.257595 0.807355 -0.107234
41 -0.236681 0.808748 -0.086897
42 -0.222070 0.810588 -0.063692
43 -0.213374 0.812029 -0.038426
44 -0.207419 0.806298 -0.006743
45 -0.207393 0.803179 0.019262
46 -0.208896 0.801697 0.049349
47 -0.209581 0.798769 0.084064
48 -0.213228 0.801959 0.112748
49 -0.220029 0.801483 0.140562
50 -0.231367 0.791811 0.170378
51 -0.247769 0.788222 0.191521
52 -0.269206 0.783508 0.210248
53 -0.299298 0.779627 0.225580
54 -0.345011 0.776122 0.230596
55 -0.378947 0.779243 0.220326
56 -0.407431 0.779822 0.205795
57 -0.432575 0.771992 0.165093
58 -0.440043 0.761388 0.128687
59 -0.446660 0.757509 0.101983
Frame 547
30 -0.457664 0.750346 0.067381
31 -0.459953 0.750118 0.034126
32 -0.454115 0.753308 0.006934
33 -0.441700 0.757436 -0.023047
34 -0.428345 0.758181 -0.048780
35 -0.419579 0.762408 -0.081500
36 -0.402007 0.772847 -0.106358
37 -0.366530 0.791205 -0.127486
38 -0.330756 0.794984 -0.132974
39 -0.288736 0.801579 -0.125675
40 -0.259201 0.806247 -0.107477
41 -0.238243 0.807624 -0.087162
42 -0.223587 0.809445 -0.063960
43 -0.214859 0.810870 -0.038705
44 -0.208877 0.805115 -0.007029
45 -0.208824 0.801997 0.018974
46 -0.210294 0.800511 0.049064
47 -0.210941 0.797591 0.083778
48 -0.214551 0.800785 0.112466
49 -0.221320 0.800316 0.140290
50 -0.232633 0.790662 0.170120
51 -0.249013 0.787103 0.191279
52 -0.270435 0.782433 0.210027
53 -0.300508 0.778610 0.225380
54 -0.346211 0.775201 0.230429
55 -0.380150 0.778368 0.220190
56 -0.408677 0.778957 0.205739
57 -0.433916 0.771118 0.165065
58 -0.441439 0.760495 0.128639
59 -0.448076 0.756617 0.101943
Frame 548
30 -0.459131 0.749638 0.067408
31 -0.461463 0.749407 0.034183
32 -0.455669 0.752574 0.007016
33 -0.443321 0.756671 -0.022932
34 -0.430057 0.757397 -0.048650
35 -0.421378 0.761595 -0.081398
36 -0.403823 0.772098 -0.106272
37 -0.368295 0.790402 -0.127537
38 -0.332482 0.794146 -0.133100
39 -0.290404 0.800673 -0.125867
40 -0.260829 0.805278 -0.107709
41 -0.239822 0.806637 -0.087418
42 -0.225121 0.808439 -0.064224
43 -0.216358 0.809849 -0.038980
44 -0.210346 0.804073 -0.007313
45 -0.210265 0.800957 0.018689
46 -0.211698 0.799471 0.048783
47 -0.212304 0.796562 0.083495
48 -0.215874 0.799761 0.112186
49 -0.222607 0.799305 0.140020
50 -0.233895 0.789670 0.169867
51 -0.250251 0.786144 0.191046
52 -0.271656 0.781521 0.209818
53 -0.301709 0.777756 0.225197
54 -0.347400 0.774438 0.230287
55 -0.381342 0.777653 0.220083
56 -0.409921 0.778252 0.205709
57 -0.435255 0.770407 0.165069
58 -0.442839 0.759768 0.128628
59 -0.449501 0.755891 0.101940
Frame 549
30 -0.460570 0.749197 0.067482
31 -0.462949 0.748962 0.034281
32 -0.457203 0.752103 0.007133
33 -0.444925 0.756168 -0.022794
34 -0.431742 0.756872 -0.048509
35 -0.423134 0.761041 -0.081285
36 -0.405593 0.771590 -0.106175
37 -0.370027 0.789851 -0.127556
38 -0.334183 0.793556 -0.133189
39 -0.292055 0.800012 -0.126028
40 -0.262438 0.804553 -0.107916
41 -0.241383 0.805891 -0.087654
42 -0.226635 0.807674 -0.064471
43 -0.217834 0.809071 -0.039240
44 -0.211790 0.803276 -0.007585
45 -0.211677 0.800164 0.018416
46 -0.213072 0.798680 0.048513
47 -0.213633 0.795783 0.083223
48 -0.217159 0.798990 0.111920
49 -0.223853 0.798547 0.139763
50 -0.235113 0.788934 0.169629
51 -0.251443 0.785444 0.190830
52 -0.272832 0.780868 0.209633
53 -0.302859 0.777160 0.225043
54 -0.348534 0.773923 0.230181
55 -0.382480 0.777189 0.220021
56 -0.411119 0.777799 0.205718
57 -0.436552 0.769958 0.165116
58 -0.444206 0.759309 0.128670
59 -0.450898 0.755435 0.101986
Frame 550
30 -0.461944 0.749129 0.067617
31 -0.464375 0.748889 0.034432
32 -0.458680 0.752002 0.007290
33 -0.446471 0.756034 -0.022638
34 -0.433355 0.756715 -0.048366
35 -0.424792 0.760862 -0.081170
36 -0.407262 0.771430 -0.106077
37 -0.371679 0.789657 -0.127535
38 -0.335818 0.793317 -0.133229
39 -0.293646 0.799704 -0.126143
40 -0.263990 0.804183 -0.108085
41 -0.242887 0.805496 -0.087856
42 -0.228093 0.807259 -0.064695
43 -0.219251 0.808641 -0.039478
44 -0.213172 0.802829 -0.007835
45 -0.213024 0.799722 0.018165
46 -0.214375 0.798240 0.048265
47 -0.214888 0.795356 0.082975
48 -0.218366 0.798572 0.111674
49 -0.225018 0.798143 0.139528
50 -0.236247 0.788553 0.169415
51 -0.252547 0.785100 0.190640
52 -0.273919 0.780572 0.209479
53 -0.303918 0.776915 0.224927
54 -0.349573 0.773746 0.230123
55 -0.383523 0.777068 0.220017
56 -0.412233 0.777693 0.205781
57 -0.437765 0.769868 0.165220
58 -0.445498 0.759221 0.128780
59 -0.452229 0.755354 0.102100
Frame 551
30 -0.463222 0.749280 0.067806
31 -0.465710 0.749035 0.034634
32 -0.460073 0.752117 0.007488
33 -0.447937 0.756115 -0.022459
34 -0.434883 0.756776 -0.048216
35 -0.426348 0.760904 -0.081049
36 -0.408832 0.771463 -0.105976
37 -0.373249 0.789671 -0.127485
38 -0.337381 0.793285 -0.133240
39 -0.295169 0.799605 -0.126234
40 -0.265472 0.804023 -0.108240
41 -0.244321 0.805309 -0.088052
42 -0.229477 0.807051 -0.064917
43 -0.220588 0.808421 -0.039718
44 -0.214466 0.802596 -0.008088
45 -0.214278 0.799494 0.017910
46 -0.215580 0.798017 0.048014
47 -0.216036 0.795145 0.082724
48 -0.219461 0.798371 0.111427
49 -0.226065 0.797958 0.139291
50 -0.237257 0.788393 0.169203
51 -0.253522 0.784976 0.190454
52 -0.274875 0.780496 0.209337
53 -0.304841 0.776886 0.224832
54 -0.350475 0.773775 0.230098
55 -0.384431 0.777153 0.220056
56 -0.413219 0.777793 0.205888
57 -0.438858 0.769990 0.165376
58 -0.446682 0.759353 0.128951
59 -0.453459 0.755494 0.102272
Frame 552
30 -0.464402 0.749432 0.068038
31 -0.466956 0.749178 0.034876
32 -0.461387 0.752228 0.007723
33 -0.449331 0.756187 -0.022253
34 -0.436345 0.756825 -0.048048
35 -0.427843 0.760936 -0.080908
36 -0.410345 0.771478 -0.105864
37 -0.374773 0.789676 -0.127427
38 -0.338901 0.793247 -0.133249
39 -0.296649 0.799505 -0.126336
40 -0.266903 0.803866 -0.108412
41 -0.245701 0.805124 -0.088271
42 -0.230804 0.806846 -0.065171
43 -0.221860 0.808208 -0.039991
44 -0.215684 0.802374 -0.008377
45 -0.215448 0.799280 0.017621
46 -0.216691 0.797811 0.047728
47 -0.217082 0.794954 0.082439
48 -0.220444 0.798192 0.111147
49 -0.226992 0.797799 0.139024
50 -0.238137 0.788259 0.168962
51 -0.254359 0.784881 0.190245
52 -0.275689 0.780451 0.209178
53 -0.305617 0.776885 0.224728
54 -0.351232 0.773825 0.230081
55 -0.385201 0.777253 0.220114
56 -0.414070 0.777902 0.206023
57 -0.439826 0.770117 0.165568
58 -0.447753 0.759488 0.129162
59 -0.454585 0.755636 0.102486
Frame 553
30 -0.465495 0.749591 0.068311
31 -0.468123 0.749324 0.035157
32 -0.462629 0.752338 0.007993
33 -0.450661 0.756255 -0.022021
34 -0.437748 0.756869 -0.047859
35 -0.429284 0.760961 -0.080748
36 -0.411811 0.771482 -0.105741
37 -0.376262 0.789676 -0.127358
38 -0.340390 0.793206 -0.133256
39 -0.298096 0.799408 -0.126448
40 -0.268296 0.803718 -0.108605
41 -0.247039 0.804948 -0.088515
42 -0.232082 0.806654 -0.065455
43 -0.223076 0.808011 -0.040298
44 -0.216838 0.802175 -0.008700
45 -0.216546 0.799091 0.017297
46 -0.217722 0.797634 0.047408
47 -0.218037 0.794796 0.082121
48 -0.221330 0.798048 0.110832
49 -0.227814 0.797678 0.138724
50 -0.238904 0.788168 0.168692
51 -0.255076 0.784828 0.190010
52 -0.276375 0.780447 0.209000
53 -0.306262 0.776923 0.224615
54 -0.351860 0.773910 0.230070
55 -0.385849 0.777379 0.220191
56 -0.414802 0.778028 0.206185
57 -0.440685 0.770259 0.165797
58 -0.448724 0.759636 0.129414
59 -0.455617 0.755790 0.102739
Frame 554
30 -0.466512 0.749764 0.068621
31 -0.469223 0.749479 0.035476
32 -0.463812 0.752452 0.008295
33 -0.451939 0.756326 -0.021765
34 -0.439102 0.756915 -0.047651
35 -0.430681 0.760986 -0.080570
36 -0.413236 0.771480 -0.105607
37 -0.377724 0.789675 -0.127282
38 -0.341856 0.793167 -0.133262
39 -0.299521 0.799321 -0.126571
40 -0.269664 0.803584 -0.108817
41 -0.248347 0.804789 -0.088787
42 -0.233326 0.806483 -0.065774
43 -0.224251 0.807840 -0.040642
44 -0.217940 0.802008 -0.009060
45 -0.217585 0.798939 0.016936
46 -0.218686 0.797498 0.047051
47 -0.218915 0.794680 0.081765
48 -0.222132 0.797953 0.110482
49 -0.228544 0.797607 0.138389
50 -0.239569 0.788130 0.168392
51 -0.255685 0.784829 0.189749
52 -0.276948 0.780498 0.208803
53 -0.306791 0.777012 0.224492
54 -0.352373 0.774038 0.230067
55 -0.386388 0.777542 0.220286
56 -0.415426 0.778181 0.206374
57 -0.441445 0.770423 0.166059
58 -0.449607 0.759804 0.129704
59 -0.456567 0.755963 0.103033
Frame 555
30 -0.467464 0.749959 0.068967
31 -0.470264 0.749650 0.035828
32 -0.464944 0.752579 0.008628
33 -0.453173 0.756405 -0.021485
34 -0.440416 0.756965 -0.047425
35 -0.432039 0.761014 -0.080377
36 -0.414630 0.771478 -0.105462
37 -0.379167 0.789678 -0.127198
38 -0.343309 0.793136 -0.133267
39 -0.300936 0.799246 -0.126705
40 -0.271017 0.803470 -0.109051
41 -0.249637 0.804654 -0.089087
42 -0.234547 0.806342 -0.066126
43 -0.225396 0.807703 -0.041022
44 -0.219004 0.801882 -0.009458
45 -0.218579 0.798833 0.016537
46 -0.219596 0.797413 0.046657
47 -0.219730 0.794621 0.081372
48 -0.222863 0.797918 0.110093
49 -0.229197 0.797601 0.138018
50 -0.240146 0.788160 0.168059
51 -0.256201 0.784900 0.189461
52 -0.277422 0.780616 0.208585
53 -0.307216 0.777165 0.224358
54 -0.352786 0.774223 0.230072
55 -0.386833 0.777752 0.220399
56 -0.415958 0.778370 0.206589
57 -0.442118 0.770618 0.166355
58 -0.450411 0.760002 0.130031
59 -0.457445 0.756163 0.103362
Frame 556
30 -0.468359 0.750181 0.069349
31 -0.471258 0.749842 0.036213
32 -0.466036 0.752721 0.008992
33 -0.454374 0.756498 -0.021184
34 -0.441696 0.757025 -0.047181
35 -0.433369 0.761050 -0.080167
36 -0.415999 0.771482 -0.105307
37 -0.380603 0.789688 -0.127106
38 -0.344761 0.793115 -0.133273
39 -0.302350 0.799191 -0.126851
40 -0.272370 0.803383 -0.109307
41 -0.250921 0.804552 -0.089417
42 -0.235757 0.806239 -0.066513
43 -0.226525 0.807612 -0.041440
44 -0.220042 0.801810 -0.009897
45 -0.219539 0.798784 0.016099
46 -0.220465 0.797391 0.046223
47 -0.220495 0.794631 0.080941
48 -0.223538 0.797955 0.109666
49 -0.229786 0.797674 0.137610
50 -0.240652 0.788271 0.167693
51 -0.256639 0.785052 0.189143
52 -0.277812 0.780814 0.208343
53 -0.307554 0.777394 0.224212
54 -0.353112 0.774476 0.230084
55 -0.387199 0.778018 0.220530
56 -0.416410 0.778603 0.206828
57 -0.442718 0.770854 0.166684
58 -0.451151 0.760237 0.130395
59 -0.458262 0.756397 0.103727
Frame 557
30 -0.469210 0.750436 0.069761
31 -0.472214 0.750060 0.036630
32 -0.467098 0.752884 0.009382
33 -0.455550 0.756611 -0.020861
34 -0.442954 0.757103 -0.046920
35 -0.434676 0.761099 -0.079942
36 -0.417353 0.771497 -0.105143
37 -0.382039 0.789711 -0.127008
38 -0.346220 0.793109 -0.133278
39 -0.303776 0.799159 -0.127009
40 -0.273732 0.803327 -0.109587
41 -0.252212 0.804490 -0.089776
42 -0.236968 0.806183 -0.066936
43 -0.227649 0.807576 -0.041898
44 -0.221066 0.801799 -0.010374
45 -0.220480 0.798803 0.015621
46 -0.221307 0.797442 0.045749
47 -0.221224 0.794722 0.080470
48 -0.224169 0.798079 0.109198
49 -0.230324 0.797836 0.137162
50 -0.241098 0.788477 0.167291
51 -0.257012 0.785299 0.188795
52 -0.278132 0.781104 0.208078
53 -0.307820 0.777712 0.224053
54 -0.353364 0.774808 0.230104
55 -0.387502 0.778351 0.220680
56 -0.416795 0.778893 0.207092
57 -0.443257 0.771140 0.167043
58 -0.451835 0.760517 0.130793
59 -0.459031 0.756676 0.104127
Frame 558
30 -0.470026 0.750734 0.070204
31 -0.473144 0.750311 0.037074
32 -0.468140 0.753074 0.009797
33 -0.456711 0.756749 -0.020520
34 -0.444196 0.757200 -0.046642
35 -0.435969 0.761167 -0.079704
36 -0.418697 0.771532 -0.104968
37 -0.383482 0.789750 -0.126903
38 -0.347697 0.793122 -0.133284
39 -0.305225 0.799154 -0.127179
40 -0.275117 0.803310 -0.109889
41 -0.253521 0.804475 -0.090168
42 -0.238193 0.806184 -0.067396
43 -0.228780 0.807602 -0.042396
44 -0.222091 0.801861 -0.010894
45 -0.221413 0.798900 0.015102
46 -0.222135 0.797578 0.045233
47 -0.221929 0.794905 0.079957
48 -0.224772 0.798303 0.108688
49 -0.230827 0.798102 0.136673
50 -0.241499 0.788791 0.166853
51 -0.257336 0.785655 0.188417
52 -0.278395 0.781500 0.207786
53 -0.308026 0.778130 0.223881
54 -0.353557 0.775232 0.230131
55 -0.387753 0.778762 0.220846
56 -0.417128 0.779244 0.207378
57 -0.443746 0.771484 0.167432
58 -0.452476 0.760853 0.131226
59 -0.459761 0.757004 0.104559
Frame 559
30 -0.470813 0.751144 0.070678
31 -0.474052 0.750666 0.037547
32 -0.469167 0.753362 0.010239
33 -0.457862 0.756985 -0.020157
34 -0.445428 0.757390 -0.046345
35 -0.437253 0.761324 -0.079450
36 -0.420038 0.771657 -0.104781
37 -0.384941 0.789878 -0.126789
38 -0.349196 0.793226 -0.133286
39 -0.306700 0.799250 -0.127358
40 -0.276531 0.803402 -0.110212
41 -0.254855 0.804582 -0.090587
42 -0.239438 0.806315 -0.067888
43 -0.229928 0.807766 -0.042928
44 -0.223124 0.802069 -0.011451
45 -0.222348 0.799149 0.014545
46 -0.222957 0.797873 0.044680
47 -0.222621 0.795256 0.079407
48 -0.225355 0.798699 0.108139
49 -0.231304 0.798546 0.136147
50 -0.241865 0.789287 0.166382
51 -0.257621 0.786192 0.188009
52 -0.278613 0.782073 0.207472
53 -0.308184 0.778720 0.223697
54 -0.353700 0.775815 0.230163
55 -0.387959 0.779320 0.221027
56 -0.417414 0.779735 0.207681
57 -0.444191 0.771962 0.167845
58 -0.453080 0.761317 0.131690
59 -0.460459 0.757457 0.105024
Frame 560
30 -0.471568 0.751717 0.071174
31 -0.474933 0.751178 0.038041
32 -0.470172 0.753804 0.010701
33 -0.458996 0.757375 -0.019778
34 -0.446642 0.757732 -0.046033
35 -0.438524 0.761629 -0.079182
36 -0.421371 0.771933 -0.104584
37 -0.386404 0.790157 -0.126670
38 -0.350707 0.793485 -0.133289
39 -0.308189 0.799509 -0.127546
40 -0.277961 0.803668 -0.110553
41 -0.256199 0.804868 -0.091026
42 -0.240690 0.806631 -0.068406
43 -0.231078 0.808121 -0.043488
44 -0.224152 0.802473 -0.012037
45 -0.223275 0.799598 0.013958
46 -0.223764 0.798373 0.044096
47 -0.223293 0.795817 0.078825
48 -0.225913 0.799309 0.107559
49 -0.231751 0.799207 0.135590
50 -0.242193 0.790002 0.165882
51 -0.257863 0.786946 0.187578
52 -0.278784 0.782859 0.207138
53 -0.308290 0.779517 0.223500
54 -0.353787 0.776588 0.230192
55 -0.388109 0.780065 0.221213
56 -0.417646 0.780412 0.207986
57 -0.444585 0.772618 0.168269
58 -0.453638 0.761959 0.132177
59 -0.461119 0.758081 0.105512
Frame 561
30 -0.472277 0.752427 0.071677
31 -0.475774 0.751825 0.038542
32 -0.471142 0.754380 0.011171
33 -0.460098 0.757901 -0.019393
34 -0.447827 0.758207 -0.045715
35 -0.439773 0.762067 -0.078910
36 -0.422689 0.772346 -0.104386
37 -0.387860 0.790576 -0.126556
38 -0.352212 0.793890 -0.133302
39 -0.309673 0.799921 -0.127750
40 -0.279385 0.804091 -0.110913
41 -0.257535 0.805315 -0.091487
42 -0.241930 0.807112 -0.068945
43 -0.232215 0.808644 -0.044074
44 -0.225163 0.803049 -0.012652
45 -0.224178 0.800220 0.013342
46 -0.224544 0.799046 0.043482
47 -0.223931 0.796552 0.078214
48 -0.226433 0.800093 0.106946
49 -0.232157 0.800043 0.135001
50 -0.242475 0.790891 0.165352
51 -0.258057 0.787873 0.187119
52 -0.278902 0.783813 0.206780
53 -0.308343 0.780475 0.223284
54 -0.353813 0.777512 0.230207
55 -0.388200 0.780957 0.221391
56 -0.417820 0.781237 0.208281
57 -0.444920 0.773419 0.168690
58 -0.454142 0.762744 0.132667
59 -0.461730 0.758847 0.106006
Frame 562
30 -0.472934 0.753247 0.072171
31 -0.476566 0.752584 0.039036
32 -0.472065 0.755072 0.011632
33 -0.461156 0.758545 -0.019014
34 -0.448974 0.758802 -0.045403
35 -0.440995 0.762623 -0.078643
36 -0.423989 0.772879 -0.104197
37 -0.389295 0.791126 -0.126459
38 -0.353694 0.794431 -0.133336
39 -0.311132 0.800474 -0.127975
40 -0.280784 0.804661 -0.111296
41 -0.258841 0.805907 -0.091969
42 -0.243141 0.807738 -0.069507
43 -0.233320 0.809311 -0.044682
44 -0.226138 0.803769 -0.013293
45 -0.225044 0.800984 0.012700
46 -0.225284 0.799860 0.042840
47 -0.224525 0.797426 0.077574
48 -0.226908 0.801015 0.106305
49 -0.232514 0.801015 0.134384
50 -0.242703 0.791913 0.164793
51 -0.258194 0.788929 0.186632
52 -0.278963 0.784892 0.206397
53 -0.308336 0.781551 0.223045
54 -0.353778 0.778544 0.230200
55 -0.388227 0.781956 0.221550
56 -0.417931 0.782173 0.208555
57 -0.445192 0.774328 0.169092
58 -0.454583 0.763639 0.133144
59 -0.462282 0.759723 0.106489
Frame 563
30 -0.473528 0.754151 0.072642
31 -0.477296 0.753431 0.039509
32 -0.472928 0.755858 0.012073
33 -0.462157 0.759287 -0.018652
34 -0.450072 0.759499 -0.045106
35 -0.442181 0.763282 -0.078391
36 -0.425261 0.773519 -0.104026
37 -0.390697 0.791793 -0.126388
38 -0.355138 0.795099 -0.133400
39 -0.312549 0.801158 -0.128229
40 -0.282137 0.805363 -0.111706
41 -0.260099 0.806627 -0.092472
42 -0.244305 0.808489 -0.070088
43 -0.234377 0.810101 -0.045311
44 -0.227061 0.804608 -0.013958
45 -0.225857 0.801865 0.012032
46 -0.225968 0.800786 0.042171
47 -0.225063 0.798404 0.076906
48 -0.227325 0.802036 0.105636
49 -0.232811 0.802081 0.133736
50 -0.242869 0.793024 0.164203
51 -0.258268 0.790067 0.186115
52 -0.278959 0.786050 0.205985
53 -0.308266 0.782700 0.222778
54 -0.353679 0.779642 0.230160
55 -0.388187 0.783022 0.221678
56 -0.417973 0.783180 0.208795
57 -0.445393 0.775310 0.169460
58 -0.454951 0.764612 0.133591
59 -0.462765 0.760677 0.106947
Frame 564
30 -0.474049 0.755112 0.073075
31 -0.477955 0.754345 0.039947
32 -0.473719 0.756721 0.012481
33 -0.463091 0.760111 -0.018317
34 -0.451112 0.760284 -0.044837
35 -0.443325 0.764029 -0.078163
36 -0.426502 0.774251 -0.103883
37 -0.392054 0.792570 -0.126355
38 -0.356526 0.795886 -0.133504
39 -0.313903 0.801963 -0.128517
40 -0.283425 0.806186 -0.112145
41 -0.261290 0.807460 -0.092996
42 -0.245402 0.809346 -0.070688
43 -0.235367 0.810991 -0.045959
44 -0.227919 0.805542 -0.014645
45 -0.226603 0.802832 0.011340
46 -0.226586 0.801792 0.041477
47 -0.225533 0.799450 0.076212
48 -0.227675 0.803118 0.104941
49 -0.233040 0.803202 0.133062
50 -0.242966 0.794180 0.163583
51 -0.258272 0.791245 0.185568
52 -0.278887 0.787243 0.205543
53 -0.308128 0.783877 0.222477
54 -0.353513 0.780764 0.230081
55 -0.388076 0.784117 0.221762
56 -0.417944 0.784223 0.208989
57 -0.445518 0.776330 0.169782
58 -0.455239 0.765629 0.133990
59 -0.463168 0.761680 0.107360
Frame 565
30 -0.474490 0.756106 0.073455
31 -0.478531 0.755303 0.040335
32 -0.474426 0.757638 0.012841
33 -0.463944 0.760996 -0.018021
34 -0.452081 0.761138 -0.044604
35 -0.444419 0.764847 -0.077967
36 -0.427707 0.775058 -0.103777
37 -0.393353 0.793445 -0.126370
38 -0.357843 0.796781 -0.133660
39 -0.315176 0.802878 -0.128850
40 -0.284627 0.807116 -0.112617
41 -0.262392 0.808388 -0.093542
42 -0.246415 0.810288 -0.071305
43 -0.236273 0.811957 -0.046624
44 -0.228694 0.806543 -0.015353
45 -0.227267 0.803858 0.010627
46 -0.227122 0.802846 0.040759
47 -0.225923 0.800531 0.075494
48 -0.227946 0.804223 0.104222
49 -0.233190 0.804337 0.132362
50 -0.242985 0.795339 0.162934
51 -0.258199 0.792418 0.184989
52 -0.278741 0.788426 0.205070
53 -0.307918 0.785039 0.222139
54 -0.353276 0.781869 0.229952
55 -0.387889 0.785201 0.221794
56 -0.417837 0.785263 0.209128
57 -0.445562 0.777353 0.170043
58 -0.455438 0.766657 0.134325
59 -0.463483 0.762699 0.107713
Frame 566
30 -0.474844 0.757112 0.073767
31 -0.479020 0.756287 0.040657
32 -0.475043 0.758599 0.013137
33 -0.464707 0.761932 -0.017783
34 -0.452966 0.762054 -0.044431
35 -0.445440 0.765736 -0.077824
36 -0.428850 0.775932 -0.103722
37 -0.394570 0.794413 -0.126438
38 -0.359067 0.797778 -0.133867
39 -0.316348 0.803896 -0.129223
40 -0.285727 0.808146 -0.113121
41 -0.263391 0.809400 -0.094110
42 -0.247329 0.811304 -0.071941
43 -0.237084 0.812987 -0.047305
44 -0.229373 0.807596 -0.016081
45 -0.227837 0.804924 0.009891
46 -0.227568 0.803928 0.040017
47 -0.226225 0.801620 0.074751
48 -0.228131 0.805326 0.103478
49 -0.233257 0.805459 0.131637
50 -0.242924 0.796472 0.162254
51 -0.258044 0.793556 0.184376
52 -0.278517 0.789568 0.204561
53 -0.307635 0.786152 0.221758
54 -0.352970 0.782927 0.229766
55 -0.387627 0.786243 0.221762
56 -0.417651 0.786270 0.209199
57 -0.445519 0.778351 0.170230
58 -0.455544 0.767672 0.134580
59 -0.463704 0.763713 0.107991
Frame 567
30 -0.475117 0.758135 0.074008
31 -0.479424 0.757303 0.040910
32 -0.475572 0.759601 0.013365
33 -0.465382 0.762920 -0.017611
34 -0.453760 0.763037 -0.044324
35 -0.446367 0.766708 -0.077741
36 -0.429910 0.776879 -0.103721
37 -0.395689 0.795475 -0.126552
38 -0.360185 0.798876 -0.134115
39 -0.317414 0.805017 -0.129625
40 -0.286722 0.809274 -0.113648
41 -0.264288 0.810500 -0.094693
42 -0.248146 0.812398 -0.072590
43 -0.237800 0.814086 -0.047999
44 -0.229963 0.808709 -0.016822
45 -0.228322 0.806040 0.009141
46 -0.227930 0.805049 0.039260
47 -0.226449 0.802735 0.073991
48 -0.228243 0.806441 0.102719
49 -0.233252 0.806584 0.130893
50 -0.242795 0.797596 0.161553
51 -0.257825 0.794677 0.183737
52 -0.278233 0.790689 0.204023
53 -0.307294 0.787238 0.221341
54 -0.352608 0.783957 0.229530
55 -0.387307 0.787262 0.221672
56 -0.417403 0.787261 0.209205
57 -0.445405 0.779339 0.170344
58 -0.455570 0.768682 0.134757
59 -0.463842 0.764730 0.108193
Frame 568
30 -0.475318 0.759190 0.074182
31 -0.479750 0.758360 0.041098
32 -0.476018 0.760654 0.013529
33 -0.465971 0.763967 -0.017500
34 -0.454466 0.764089 -0.044278
35 -0.447202 0.767762 -0.077710
36 -0.430884 0.777899 -0.103769
37 -0.396708 0.796633 -0.126705
38 -0.361200 0.800075 -0.134395
39 -0.318375 0.806241 -0.130046
40 -0.287615 0.810505 -0.114187
41 -0.265087 0.811697 -0.095282
42 -0.248870 0.813584 -0.073239
43 -0.238428 0.815271 -0.048690
44 -0.230470 0.809900 -0.017561
45 -0.228728 0.807227 0.008391
46 -0.228220 0.806232 0.038502
47 -0.226607 0.803899 0.073231
48 -0.228294 0.807598 0.101960
49 -0.233194 0.807743 0.130148
50 -0.242617 0.798743 0.160844
51 -0.257559 0.795815 0.183087
52 -0.277908 0.791822 0.203471
53 -0.306916 0.788331 0.220899
54 -0.352212 0.784991 0.229255
55 -0.386949 0.788286 0.221533
56 -0.417113 0.788260 0.209153
57 -0.445239 0.780338 0.170391
58 -0.455533 0.769712 0.134864
59 -0.463914 0.765769 0.108325
Frame 569
30 -0.475457 0.760289 0.074294
31 -0.480004 0.759468 0.041226
32 -0.476387 0.761765 0.013634
33 -0.466480 0.765080 -0.017443
34 -0.455090 0.765216 -0.044284
35 -0.447949 0.768899 -0.077727
36 -0.431769 0.779000 -0.103860
37 -0.397628 0.797883 -0.126891
38 -0.362109 0.801374 -0.134700
39 -0.319232 0.807573 -0.130479
40 -0.288411 0.811843 -0.114726
41 -0.265791 0.813000 -0.095863
42 -0.249506 0.814873 -0.073877
43 -0.238974 0.816555 -0.049367
44 -0.230901 0.811184 -0.018285
45 -0.229065 0.808502 0.007658
46 -0.228449 0.807498 0.037760
47 -0.226713 0.805139 0.072486
48 -0.228300 0.808824 0.101215
49 -0.233097 0.808963 0.129416
50 -0.242407 0.799947 0.160145
51 -0.257268 0.797003 0.182442
52 -0.277562 0.793000 0.202916
53 -0.306521 0.789464 0.220446
54 -0.351801 0.786061 0.228953
55 -0.386575 0.789342 0.221356
56 -0.416802 0.789292 0.209051
57 -0.445039 0.781372 0.170378
58 -0.455452 0.770777 0.134907
59 -0.463932 0.766845 0.108393
Frame 570
30 -0.475541 0.761444 0.074347
31 -0.480193 0.760637 0.041296
32 -0.476683 0.762939 0.013688
33 -0.466913 0.766264 -0.017434
34 -0.455634 0.766418 -0.044338
35 -0.448608 0.770117 -0.077785
36 -0.432564 0.780182 -0.103990
37 -0.398444 0.799228 -0.127103
38 -0.362914 0.802774 -0.135021
39 -0.319986 0.809012 -0.130913
40 -0.289109 0.813293 -0.115255
41 -0.266405 0.814418 -0.096428
42 -0.250056 0.816276 -0.074490
43 -0.239443 0.817952 -0.050016
44 -0.231265 0.812579 -0.018978
45 -0.229343 0.809885 0.006954
46 -0.228627 0.808867 0.037048
47 -0.226778 0.806478 0.071770
48 -0.228276 0.810146 0.100500
49 -0.232978 0.810276 0.128713
50 -0.242184 0.801237 0.159469
51 -0.256970 0.798274 0.181816
52 -0.277215 0.794257 0.202373
53 -0.306131 0.790671 0.219995
54 -0.351395 0.787197 0.228637
55 -0.386206 0.790459 0.221150
56 -0.416492 0.790385 0.208908
57 -0.444825 0.782461 0.170312
58 -0.455344 0.771900 0.134892
59 -0.463913 0.767976 0.108403
Frame 571
30 -0.475578 0.762669 0.074349
31 -0.480322 0.761877 0.041316
32 -0.476910 0.764185 0.013694
33 -0.467272 0.767524 -0.017469
34 -0.456102 0.767701 -0.044429
35 -0.449183 0.771418 -0.077876
36 -0.433265 0.781452 -0.104153
37 -0.399159 0.800666 -0.127336
38 -0.363616 0.804272 -0.135352
39 -0.320638 0.810560 -0.131340
40 -0.289713 0.814859 -0.115763
41 -0.266929 0.815959 -0.096964
42 -0.250525 0.817804 -0.075066
43 -0.239842 0.819475 -0.050626
44 -0.231569 0.814101 -0.019627
45 -0.229569 0.811392 0.006296
46 -0.228765 0.810360 0.036381
47 -0.226816 0.807943 0.071099
48 -0.228235 0.811592 0.099830
49 -0.232854 0.811707 0.128054
50 -0.241964 0.802645 0.158834
51 -0.256685 0.799660 0.181226
52 -0.276887 0.795623 0.201856
53 -0.305764 0.791986 0.219560
54 -0.351016 0.788431 0.228319
55 -0.385863 0.791666 0.220925
56 -0.416203 0.791562 0.208730
57 -0.444614 0.783631 0.170199
58 -0.455226 0.773098 0.134829
59 -0.463870 0.769180 0.108360
Frame 572
30 -0.475580 0.763974 0.074301
31 -0.480399 0.763197 0.041287
32 -0.477074 0.765508 0.013660
33 -0.467562 0.768866 -0.017541
34 -0.456499 0.769066 -0.044553
35 -0.449676 0.772801 -0.077995
36 -0.433870 0.782812 -0.104345
37 -0.399768 0.802197 -0.127585
38 -0.364214 0.805869 -0.135685
39 -0.321191 0.812218 -0.131751
40 -0.290225 0.816543 -0.116240
41 -0.267370 0.817630 -0.097461
42 -0.250917 0.819471 -0.075595
43 -0.240175 0.821139 -0.051181
44 -0.231819 0.815764 -0.020218
45 -0.229753 0.813044 0.005698
46 -0.228874 0.811999 0.035775
47 -0.226839 0.809556 0.070489
48 -0.228193 0.813189 0.099222
49 -0.232742 0.813290 0.127455
50 -0.241767 0.804203 0.158254
51 -0.256432 0.801194 0.180685
52 -0.276597 0.797133 0.201378
53 -0.305443 0.793442 0.219153
54 -0.350681 0.789795 0.228010
55 -0.385567 0.792990 0.220694
56 -0.415957 0.792849 0.208527
57 -0.444427 0.784902 0.170046
58 -0.455115 0.774393 0.134723
59 -0.463819 0.770473 0.108272
Frame 573
30 -0.475551 0.765375 0.074208
31 -0.480428 0.764608 0.041216
32 -0.477182 0.766916 0.013588
33 -0.467788 0.770297 -0.017645
34 -0.456827 0.770518 -0.044703
35 -0.450089 0.774268 -0.078135
36 -0.434379 0.784267 -0.104561
37 -0.400271 0.803819 -0.127844
38 -0.364708 0.807563 -0.136012
39 -0.321644 0.813989 -0.132138
40 -0.290648 0.818350 -0.116675
41 -0.267728 0.819442 -0.097909
42 -0.251233 0.821285 -0.076063
43 -0.240447 0.822956 -0.051671
44 -0.232023 0.817585 -0.020735
45 -0.229903 0.814858 0.005175
46 -0.228964 0.813803 0.035246
47 -0.226859 0.811344 0.069956
48 -0.228162 0.814963 0.098689
49 -0.232657 0.815049 0.126931
50 -0.241609 0.805942 0.157746
51 -0.256231 0.802909 0.180211
52 -0.276366 0.798818 0.200954
53 -0.305187 0.795071 0.218789
54 -0.350413 0.791319 0.227725
55 -0.385339 0.794460 0.220465
56 -0.415774 0.794272 0.208304
57 -0.444281 0.786297 0.169859
58 -0.455030 0.775803 0.134583
59 -0.463774 0.771873 0.108144
Frame 574
30 -0.475517 0.766883 0.074078
31 -0.480433 0.766126 0.041109
32 -0.477254 0.768428 0.013492
33 -0.467972 0.771838 -0.017762
34 -0.457116 0.772082 -0.044854
35 -0.450461 0.775847 -0.078274
36 -0.434834 0.785855 -0.104780
37 -0.400705 0.805570 -0.128102
38 -0.365131 0.809383 -0.136330
39 -0.322025 0.815894 -0.132501
40 -0.291003 0.820294 -0.117066
41 -0.268023 0.821400 -0.098305
42 -0.251490 0.823246 -0.076467
43 -0.240672 0.824925 -0.052091
44 -0.232195 0.819561 -0.021180
45 -0.230032 0.816827 0.004725
46 -0.229047 0.815764 0.034790
47 -0.226888 0.813291 0.069498
48 -0.228153 0.816896 0.098232
49 -0.232606 0.816965 0.126481
50 -0.241498 0.807839 0.157308
51 -0.256090 0.804779 0.179803
52 -0.276202 0.800654 0.200584
53 -0.305008 0.796852 0.218469
54 -0.350220 0.792984 0.227467
55 -0.385191 0.796059 0.220247
56 -0.415663 0.795816 0.208072
57 -0.444186 0.787810 0.169648
58 -0.454980 0.777330 0.134417
59 -0.463751 0.773386 0.107983
Frame 575
30 -0.475493 0.768492 0.073918
31 -0.480436 0.767750 0.040974
32 -0.477313 0.770046 0.013378
33 -0.468138 0.773493 -0.017884
34 -0.457395 0.773766 -0.044994
35 -0.450828 0.777550 -0.078398
36 -0.435280 0.787590 -0.104992
37 -0.401110 0.807463 -0.128359
38 -0.365517 0.811340 -0.136644
39 -0.322364 0.817931 -0.132848
40 -0.291313 0.822366 -0.117423
41 -0.268273 0.823481 -0.098660
42 -0.251706 0.825327 -0.076819
43 -0.240867 0.827012 -0.052457
44 -0.232346 0.821652 -0.021566
45 -0.230150 0.818908 0.004333
46 -0.229130 0.817835 0.034393
47 -0.226928 0.815342 0.069100
48 -0.228166 0.818931 0.097833
49 -0.232584 0.818980 0.126087
50 -0.241426 0.809831 0.156922
51 -0.256000 0.806742 0.179446
52 -0.276097 0.802579 0.200254
53 -0.304899 0.798719 0.218183
54 -0.350094 0.794734 0.227231
55 -0.385111 0.797738 0.220038
56 -0.415611 0.797440 0.207833
57 -0.444136 0.789406 0.169418
58 -0.454967 0.778949 0.134229
59 -0.463754 0.774994 0.107796
Frame 576
30 -0.475484 0.770182 0.073728
31 -0.480441 0.769459 0.040810
32 -0.477368 0.771750 0.013247
33 -0.468293 0.775240 -0.018013
34 -0.457668 0.775544 -0.045133
35 -0.451192 0.779349 -0.078516
36 -0.435717 0.789440 -0.105200
37 -0.401488 0.809463 -0.128617
38 -0.365873 0.813397 -0.136956
39 -0.322666 0.820065 -0.133183
40 -0.291583 0.824529 -0.117753
41 -0.268484 0.825650 -0.098981
42 -0.251885 0.827492 -0.077129
43 -0.241033 0.829178 -0.052776
44 -0.232480 0.823822 -0.021905
45 -0.230259 0.821066 0.003990
46 -0.229212 0.819981 0.034043
47 -0.226980 0.817463 0.068750
48 -0.228196 0.821034 0.097483
49 -0.232590 0.821062 0.125740
50 -0.241391 0.811890 0.156579
51 -0.255957 0.808768 0.179128
52 -0.276043 0.804563 0.199956
53 -0.304848 0.800650 0.217923
54 -0.350029 0.796545 0.227011
55 -0.385092 0.799478 0.219835
56 -0.415611 0.799124 0.207586
57 -0.444126 0.791068 0.169171
58 -0.454986 0.780641 0.134022
59 -0.463786 0.776680 0.107586
Frame 577
30 -0.475493 0.771937 0.073510
31 -0.480454 0.771235 0.040620
32 -0.477424 0.773519 0.013092
33 -0.468443 0.777055 -0.018156
34 -0.457938 0.777389 -0.045279
35 -0.451556 0.781215 -0.078634
36 -0.436145 0.791373 -0.105411
37 -0.401843 0.811537 -0.128881
38 -0.366197 0.815523 -0.137270
39 -0.322934 0.822262 -0.133509
40 -0.291820 0.826749 -0.118065
41 -0.268663 0.827872 -0.099276
42 -0.252036 0.829705 -0.077407
43 -0.241177 0.831391 -0.053061
44 -0.232600 0.826037 -0.022207
45 -0.230360 0.823266 0.003683
46 -0.229295 0.822167 0.033729
47 -0.227041 0.819620 0.068437
48 -0.228244 0.823173 0.097171
49 -0.232620 0.823177 0.125430
50 -0.241389 0.813981 0.156270
51 -0.255954 0.810828 0.178841
52 -0.276034 0.806582 0.199681
53 -0.304849 0.802616 0.217679
54 -0.350014 0.798396 0.226799
55 -0.385121 0.801258 0.219632
56 -0.415654 0.800850 0.207332
57 -0.444151 0.792778 0.168910
58 -0.455039 0.782389 0.133799
59 -0.463847 0.778425 0.107354
Frame 578
30 -0.475523 0.773735 0.073266
31 -0.480479 0.773056 0.040403
32 -0.477485 0.775334 0.012912
33 -0.468594 0.778917 -0.018319
34 -0.458207 0.779275 -0.045439
35 -0.451921 0.783119 -0.078762
36 -0.436564 0.793356 -0.105631
37 -0.402176 0.813652 -0.129153
38 -0.366496 0.817682 -0.137589
39 -0.323173 0.824487 -0.133832
40 -0.292027 0.828992 -0.118365
41 -0.268814 0.830110 -0.099552
42 -0.252164 0.831928 -0.077662
43 -0.241303 0.833614 -0.053322
44 -0.232709 0.828258 -0.022483
45 -0.230458 0.825472 0.003403
46 -0.229381 0.824358 0.033443
47 -0.227112 0.821782 0.068153
48 -0.228308 0.825313 0.096887
49 -0.232673 0.825295 0.125146
50 -0.241416 0.816076 0.155984
51 -0.255986 0.812893 0.178572
52 -0.276064 0.808608 0.199418
53 -0.304890 0.804596 0.217442
54 -0.350040 0.800265 0.226589
55 -0.385192 0.803059 0.219426
56 -0.415732 0.802600 0.207069
57 -0.444210 0.794517 0.168637
58 -0.455123 0.784172 0.133563
59 -0.463937 0.780211 0.107103
Frame 579
30 -0.475579 0.775558 0.072998
31 -0.480522 0.774904 0.040158
32 -0.477558 0.777175 0.012703
33 -0.468753 0.780804 -0.018507
34 -0.458481 0.781176 -0.045624
35 -0.452287 0.785033 -0.078907
36 -0.436974 0.795357 -0.105865
37 -0.402491 0.815772 -0.129440
38 -0.366770 0.819844 -0.137916
39 -0.323389 0.826705 -0.134155
40 -0.292209 0.831223 -0.118661
41 -0.268945 0.832330 -0.099820
42 -0.252275 0.834130 -0.077907
43 -0.241416 0.835809 -0.053568
44 -0.232811 0.830451 -0.022744
45 -0.230552 0.827648 0.003140
46 -0.229469 0.826520 0.033173
47 -0.227193 0.823912 0.067886
48 -0.228385 0.827423 0.096620
49 -0.232743 0.827382 0.124879
50 -0.241469 0.818143 0.155713
51 -0.256048 0.814934 0.178314
52 -0.276127 0.810616 0.199160
53 -0.304965 0.806562 0.217204
54 -0.350098 0.802129 0.226373
55 -0.385293 0.804861 0.219211
56 -0.415838 0.804357 0.206798
57 -0.444297 0.796269 0.168353
58 -0.455238 0.785974 0.133314
59 -0.464058 0.782018 0.106837
Frame 580
30 -0.475663 0.777389 0.072709
31 -0.480589 0.776761 0.039887
32 -0.477650 0.779022 0.012463
33 -0.468926 0.782694 -0.018726
34 -0.458764 0.783067 -0.045842
35 -0.452657 0.786928 -0.079078
36 -0.437375 0.797341 -0.106123
37 -0.402790 0.817864 -0.129746
38 -0.367022 0.821974 -0.138254
39 -0.323583 0.828880 -0.134483
40 -0.292371 0.833407 -0.118961
41 -0.269058 0.834495 -0.100087
42 -0.252375 0.836272 -0.078149
43 -0.241519 0.837943 -0.053811
44 -0.232909 0.832579 -0.022998
45 -0.230647 0.829760 0.002882
46 -0.229561 0.828616 0.032911
47 -0.227284 0.825979 0.067624
48 -0.228474 0.829470 0.096359
49 -0.232828 0.829408 0.124617
50 -0.241545 0.820151 0.155445
51 -0.256133 0.816922 0.178054
52 -0.276215 0.812578 0.198898
53 -0.305064 0.808489 0.216955
54 -0.350180 0.803966 0.226144
55 -0.385416 0.806646 0.218985
56 -0.415964 0.806102 0.206516
57 -0.444409 0.798015 0.168062
58 -0.455384 0.787775 0.133057
59 -0.464212 0.783830 0.106556
Frame 581
30 -0.475782 0.779209 0.072397
31 -0.480689 0.778608 0.039589
32 -0.477771 0.780857 0.012191
33 -0.469117 0.784566 -0.018982
34 -0.459052 0.784926 -0.046103
35 -0.453022 0.788782 -0.079290
36 -0.437757 0.799283 -0.106415
37 -0.403073 0.819903 -0.130074
38 -0.367258 0.824045 -0.138605
39 -0.323762 0.830985 -0.134816
40 -0.292516 0.835513 -0.119267
41 -0.269161 0.836571 -0.100356
42 -0.252468 0.838323 -0.078396
43 -0.241618 0.839981 -0.054057
44 -0.233005 0.834611 -0.023253
45 -0.230744 0.831776 0.002625
46 -0.229658 0.830618 0.032648
47 -0.227382 0.827951 0.067363
48 -0.228575 0.831425 0.096099
49 -0.232929 0.831346 0.124354
50 -0.241643 0.822076 0.155176
51 -0.256240 0.818832 0.177789
52 -0.276330 0.814474 0.198628
53 -0.305189 0.810357 0.216693
54 -0.350289 0.805758 0.225902
55 -0.385564 0.808396 0.218743
56 -0.416116 0.807822 0.206219
57 -0.444551 0.799741 0.167756
58 -0.455562 0.789558 0.132786
59 -0.464399 0.785627 0.106259
Frame 582
30 -0.475931 0.781011 0.072061
31 -0.480813 0.780435 0.039264
32 -0.477910 0.782672 0.011886
33 -0.469316 0.786415 -0.019274
34 -0.459332 0.786750 -0.046408
35 -0.453360 0.790596 -0.079546
36 -0.438098 0.801183 -0.106744
37 -0.403328 0.821891 -0.130422
38 -0.367470 0.826060 -0.138966
39 -0.323917 0.833025 -0.135151
40 -0.292638 0.837547 -0.119573
41 -0.269246 0.838567 -0.100620
42 -0.252549 0.840289 -0.078639
43 -0.241705 0.841935 -0.054298
44 -0.233095 0.836559 -0.023501
45 -0.230838 0.833710 0.002375
46 -0.229758 0.832539 0.032394
47 -0.227490 0.829841 0.067111
48 -0.228688 0.833299 0.095846
49 -0.233045 0.833208 0.124100
50 -0.241762 0.823927 0.154914
51 -0.256372 0.820674 0.177527
52 -0.276474 0.816308 0.198359
53 -0.305346 0.812170 0.216428
54 -0.350434 0.807506 0.225649
55 -0.385746 0.810112 0.218486
56 -0.416305 0.809513 0.205901
57 -0.444726 0.801441 0.167427
58 -0.455768 0.791316 0.132491
59 -0.464612 0.787402 0.105938
Frame 583
30 -0.476095 0.782786 0.071698
31 -0.480946 0.782237 0.038908
32 -0.478050 0.784463 0.011548
33 -0.469499 0.788241 -0.019600
34 -0.459581 0.788541 -0.046748
35 -0.453655 0.792376 -0.079836
36 -0.438384 0.803054 -0.107102
37 -0.403539 0.823838 -0.130787
38 -0.367642 0.828030 -0.139332
39 -0.324034 0.835017 -0.135484
40 -0.292724 0.839532 -0.119869
41 -0.269302 0.840511 -0.100871
42 -0.252607 0.842201 -0.078867
43 -0.241772 0.843836 -0.054520
44 -0.233172 0.838456 -0.023729
45 -0.230924 0.835592 0.002146
46 -0.229854 0.834409 0.032160
47 -0.227601 0.831680 0.066879
48 -0.228810 0.835122 0.095614
49 -0.233177 0.835020 0.123864
50 -0.241904 0.825731 0.154669
51 -0.256531 0.822471 0.177278
52 -0.276648 0.818097 0.198099
53 -0.305537 0.813940 0.216166
54 -0.350616 0.809215 0.225391
55 -0.385961 0.811793 0.218219
56 -0.416526 0.811172 0.205568
57 -0.444927 0.803110 0.167077
58 -0.455992 0.793045 0.132171
59 -0.464841 0.789148 0.105593
Frame 584
30 -0.476259 0.784529 0.071304
31 -0.481070 0.784004 0.038521
32 -0.478173 0.786221 0.011176
33 -0.469647 0.790039 -0.019958
34 -0.459780 0.790301 -0.047119
35 -0.453890 0.794126 -0.080150
36 -0.438597 0.804911 -0.107480
37 -0.403689 0.825755 -0.131161
38 -0.367756 0.829969 -0.139700
39 -0.324100 0.836979 -0.135807
40 -0.292761 0.841488 -0.120150
41 -0.269317 0.842427 -0.101102
42 -0.252631 0.844089 -0.079071
43 -0.241811 0.845713 -0.054716
44 -0.233227 0.840331 -0.023927
45 -0.230995 0.837452 0.001947
46 -0.229943 0.836258 0.031957
47 -0.227714 0.833496 0.066677
48 -0.228940 0.836923 0.095412
49 -0.233322 0.836812 0.123657
50 -0.242068 0.827512 0.154451
51 -0.256717 0.824243 0.177052
52 -0.276855 0.819860 0.197859
53 -0.305765 0.815679 0.215915
54 -0.350832 0.810890 0.225134
55 -0.386209 0.813438 0.217944
56 -0.416777 0.812798 0.205218
57 -0.445146 0.804745 0.166704
58 -0.456225 0.794738 0.131828
59 -0.465073 0.790861 0.105222
Frame 585
30 -0.476406 0.786230 0.070879
31 -0.481167 0.785730 0.038098
32 -0.478258 0.787942 0.010771
33 -0.469739 0.791811 -0.020344
34 -0.459908 0.792031 -0.047511
35 -0.454049 0.795852 -0.080482
36 -0.438720 0.806765 -0.107868
37 -0.403761 0.827650 -0.131544
38 -0.367798 0.831886 -0.140065
39 -0.324098 0.838928 -0.136116
40 -0.292740 0.843439 -0.120408
41 -0.269282 0.844343 -0.101302
42 -0.252611 0.845981 -0.079239
43 -0.241815 0.847597 -0.054873
44 -0.233252 0.842213 -0.024084
45 -0.231044 0.839321 0.001789
46 -0.230019 0.838116 0.031795
47 -0.227823 0.835320 0.066519
48 -0.229076 0.838730 0.095252
49 -0.233483 0.838607 0.123492
50 -0.242254 0.829294 0.154273
51 -0.256932 0.826011 0.176862
52 -0.277095 0.821612 0.197645
53 -0.306028 0.817400 0.215683
54 -0.351084 0.812536 0.224884
55 -0.386488 0.815050 0.217667
56 -0.417053 0.814384 0.204856
57 -0.445377 0.806342 0.166309
58 -0.456456 0.796394 0.131459
59 -0.465296 0.792534 0.104823
Frame 586
30 -0.476522 0.787881 0.070418
31 -0.481221 0.787407 0.037637
32 -0.478287 0.789620 0.010332
33 -0.469755 0.793552 -0.020755
34 -0.459946 0.793735 -0.047920
35 -0.454114 0.797561 -0.080818
36 -0.438735 0.808630 -0.108258
37 -0.403741 0.829534 -0.131927
38 -0.367752 0.833795 -0.140424
39 -0.324018 0.840882 -0.136405
40 -0.292646 0.845404 -0.120635
41 -0.269183 0.846285 -0.101465
42 -0.252536 0.847907 -0.079361
43 -0.241772 0.849518 -0.054981
44 -0.233241 0.844136 -0.024189
45 -0.231064 0.841229 0.001684
46 -0.230075 0.840011 0.031687
47 -0.227925 0.837180 0.066414
48 -0.229216 0.840572 0.095146
49 -0.233657 0.840434 0.123379
50 -0.242461 0.831105 0.154142
51 -0.257176 0.827797 0.176715
52 -0.277368 0.823370 0.197467
53 -0.306329 0.819114 0.215477
54 -0.351369 0.814159 0.224644
55 -0.386797 0.816627 0.217389
56 -0.417353 0.815932 0.204481
57 -0.445614 0.807894 0.165893
58 -0.456677 0.798005 0.131065
59 -0.465500 0.794163 0.104395
Frame 587
30 -0.476590 0.789476 0.069920
31 -0.481214 0.789027 0.037137
32 -0.478241 0.791248 0.009858
33 -0.469673 0.795263 -0.021188
34 -0.459872 0.795412 -0.048336
35 -0.454071 0.799256 -0.081153
36 -0.438628 0.810520 -0.108640
37 -0.403610 0.831416 -0.132308
38 -0.367601 0.835709 -0.140772
39 -0.323842 0.842858 -0.136668
40 -0.292470 0.847407 -0.120824
41 -0.269011 0.848280 -0.101581
42 -0.252395 0.849895 -0.079429
43 -0.241676 0.851504 -0.055027
44 -0.233186 0.846127 -0.024231
45 -0.231050 0.843204 0.001645
46 -0.230109 0.841974 0.031643
47 -0.228017 0.839106 0.066375
48 -0.229359 0.842477 0.095104
49 -0.233846 0.842320 0.123329
50 -0.242690 0.832967 0.154071
51 -0.257452 0.829624 0.176623
52 -0.277677 0.825151 0.197333
53 -0.306669 0.820835 0.215306
54 -0.351688 0.815762 0.224421
55 -0.387135 0.818170 0.217114
56 -0.417670 0.817438 0.204095
57 -0.445848 0.809397 0.165455
58 -0.456876 0.799567 0.130645
59 -0.465671 0.795740 0.103938
Frame 588
30 -0.476595 0.791004 0.069381
31 -0.481128 0.790581 0.036595
32 -0.478100 0.792821 0.009350
33 -0.469474 0.796942 -0.021639
34 -0.459667 0.797067 -0.048752
35 -0.453899 0.800944 -0.081475
36 -0.438381 0.812448 -0.109001
37 -0.403353 0.833306 -0.132679
38 -0.367330 0.837640 -0.141106
39 -0.323559 0.844874 -0.136901
40 -0.292197 0.849469 -0.120967
41 -0.268754 0.850356 -0.101641
42 -0.252179 0.851975 -0.079429
43 -0.241518 0.853590 -0.055003
44 -0.233080 0.848219 -0.024196
45 -0.230995 0.845279 0.001681
46 -0.230116 0.844034 0.031676
47 -0.228095 0.841128 0.066412
48 -0.229503 0.844475 0.095139
49 -0.234048 0.844290 0.123355
50 -0.242941 0.834904 0.154069
51 -0.257761 0.831511 0.176596
52 -0.278023 0.826970 0.197253
53 -0.307049 0.822572 0.215177
54 -0.352040 0.817350 0.224219
55 -0.387501 0.819677 0.216847
56 -0.418002 0.818896 0.203702
57 -0.446072 0.810846 0.164996
58 -0.457044 0.801076 0.130198
59 -0.465798 0.797261 0.103448
Frame 589
30 -0.476424 0.792444 0.068780
31 -0.480834 0.792027 0.035985
32 -0.477726 0.794279 0.008784
33 -0.469005 0.798516 -0.022129
34 -0.459168 0.798616 -0.049185
35 -0.453427 0.802531 -0.081795
36 -0.437812 0.814316 -0.109353
37 -0.402787 0.835118 -0.133048
38 -0.366753 0.839514 -0.141416
39 -0.322988 0.846878 -0.137077
40 -0.291655 0.851556 -0.121027
41 -0.268244 0.852496 -0.101597
42 -0.251728 0.854146 -0.079306
43 -0.241150 0.855788 -0.054844
44 -0.232789 0.850447 -0.024016
45 -0.230775 0.847501 0.001866
46 -0.229985 0.846253 0.031857
47 -0.228068 0.843325 0.066602
48 -0.229570 0.846657 0.095322
49 -0.234203 0.846449 0.123527
50 -0.243162 0.837031 0.154208
51 -0.258062 0.833575 0.176699
52 -0.278369 0.828945 0.197280
53 -0.307445 0.824439 0.215134
54 -0.352401 0.819021 0.224065
55 -0.387867 0.821230 0.216593
56 -0.418311 0.820368 0.203292
57 -0.446225 0.812273 0.164496
58 -0.457097 0.802542 0.129708
59 -0.465785 0.798720 0.102906
Frame 590
30 -0.476035 0.793800 0.068123
31 -0.480289 0.793363 0.035317
32 -0.477074 0.795609 0.008168
33 -0.468224 0.799956 -0.022658
34 -0.458329 0.800022 -0.049640
35 -0.452597 0.803960 -0.082125
36 -0.436861 0.816053 -0.109703
37 -0.401847 0.836785 -0.133421
38 -0.365809 0.841274 -0.141704
39 -0.322067 0.848812 -0.137194
40 -0.290779 0.853617 -0.121000
41 -0.267417 0.854647 -0.101441
42 -0.250981 0.856363 -0.079051
43 -0.240514 0.858060 -0.054543
44 -0.232255 0.852781 -0.023683
45 -0.230338 0.849850 0.002210
46 -0.229666 0.848622 0.032198
47 -0.227886 0.845697 0.066954
48 -0.229517 0.849031 0.095663
49 -0.234263 0.848817 0.123851
50 -0.243311 0.839379 0.154498
51 -0.258317 0.835855 0.176944
52 -0.278680 0.831118 0.197424
53 -0.307825 0.826489 0.215186
54 -0.352738 0.820834 0.223963
55 -0.388199 0.822883 0.216355
56 -0.418564 0.821905 0.202866
57 -0.446270 0.813711 0.163960
58 -0.456996 0.803988 0.129175
59 -0.465590 0.800133 0.102317
Frame 591
30 -0.475515 0.795121 0.067452
31 -0.479597 0.794643 0.034633
32 -0.476264 0.796873 0.007536
33 -0.467270 0.801323 -0.023191
34 -0.457300 0.801347 -0.050097
35 -0.451567 0.805297 -0.082451
36 -0.435699 0.817707 -0.110038
37 -0.400703 0.838357 -0.133788
38 -0.364663 0.842951 -0.141974
39 -0.320956 0.850685 -0.137277
40 -0.289723 0.855640 -0.120928
41 -0.266419 0.856782 -0.101230
42 -0.250074 0.858582 -0.078731
43 -0.239732 0.860353 -0.054175
44 -0.231587 0.855154 -0.023275
45 -0.229778 0.852251 0.002629
46 -0.229239 0.851057 0.032616
47 -0.227612 0.848152 0.067385
48 -0.229385 0.851500 0.096080
49 -0.234261 0.851291 0.124251
50 -0.243407 0.841842 0.154863
51 -0.258529 0.838251 0.177257
52 -0.278952 0.833403 0.197626
53 -0.308175 0.828645 0.215285
54 -0.353043 0.822736 0.223889
55 -0.388495 0.824603 0.216129
56 -0.418767 0.823487 0.202437
57 -0.446238 0.815169 0.163412
58 -0.456797 0.805435 0.128632
59 -0.465281 0.801531 0.101716
Frame 592
30 -0.474956 0.796449 0.066808
31 -0.478868 0.795925 0.033975
32 -0.475417 0.798133 0.006930
33 -0.466279 0.802682 -0.023701
34 -0.456230 0.802652 -0.050536
35 -0.450494 0.806605 -0.082761
36 -0.434492 0.819328 -0.110347
37 -0.399522 0.839878 -0.134141
38 -0.363485 0.844579 -0.142234
39 -0.319817 0.852509 -0.137355
40 -0.288641 0.857616 -0.120854
41 -0.265396 0.858874 -0.101018
42 -0.249141 0.860763 -0.078415
43 -0.238922 0.862613 -0.053812
44 -0.230892 0.857499 -0.022871
45 -0.229188 0.854630 0.003044
46 -0.228781 0.853477 0.033029
47 -0.227305 0.850600 0.067811
48 -0.229220 0.853970 0.096489
49 -0.234220 0.853771 0.124642
50 -0.243464 0.844318 0.155222
51 -0.258700 0.840666 0.177568
52 -0.279183 0.835715 0.197828
53 -0.308482 0.830832 0.215388
54 -0.353308 0.824674 0.223824
55 -0.388748 0.826360 0.215911
56 -0.418925 0.825102 0.202020
57 -0.446159 0.816653 0.162880
58 -0.456555 0.806902 0.128110
59 -0.464932 0.802942 0.101138
Frame 593
30 -0.474449 0.797830 0.066230
31 -0.478211 0.797265 0.033386
32 -0.474656 0.799452 0.006383
33 -0.465393 0.804089 -0.024155
34 -0.455273 0.803998 -0.050942
35 -0.449538 0.807947 -0.083044
36 -0.433412 0.820961 -0.110623
37 -0.398472 0.841395 -0.134475
38 -0.362442 0.846186 -0.142492
39 -0.318807 0.854288 -0.137453
40 -0.287683 0.859533 -0.120821
41 -0.264489 0.860894 -0.100864
42 -0.248316 0.862862 -0.078170
43 -0.238204 0.864783 -0.053529
44 -0.230271 0.859748 -0.022553
45 -0.228660 0.856913 0.003372
46 -0.228366 0.855800 0.033355
47 -0.227022 0.852951 0.068149
48 -0.229057 0.856343 0.096812
49 -0.234167 0.856156 0.124949
50 -0.243494 0.846705 0.155502
51 -0.258829 0.843004 0.177805
52 -0.279362 0.837966 0.197974
53 -0.308731 0.832977 0.215450
54 -0.353521 0.826594 0.223744
55 -0.388955 0.828119 0.215701
56 -0.419044 0.826733 0.201628
57 -0.446069 0.818171 0.162393
58 -0.456328 0.808409 0.127641
59 -0.464614 0.804399 0.100618
Frame 594
30 -0.474087 0.799308 0.065759
31 -0.477737 0.798717 0.032906
32 -0.474106 0.800889 0.005930
33 -0.464754 0.805605 -0.024528
34 -0.454583 0.805444 -0.051298
35 -0.448860 0.809384 -0.083293
36 -0.432629 0.822651 -0.110861
37 -0.397721 0.842951 -0.134787
38 -0.361701 0.847801 -0.142758
39 -0.318088 0.856028 -0.137604
40 -0.286999 0.861378 -0.120875
41 -0.263840 0.862810 -0.100824
42 -0.247728 0.864836 -0.078067
43 -0.237693 0.866810 -0.053398
44 -0.229827 0.861833 -0.022399
45 -0.228280 0.859022 0.003533
46 -0.228066 0.857940 0.033514
47 -0.226815 0.855112 0.068316
48 -0.228935 0.858521 0.096968
49 -0.234121 0.858347 0.125093
50 -0.243507 0.848902 0.155628
51 -0.258914 0.845169 0.177903
52 -0.279485 0.840072 0.198009
53 -0.308905 0.835005 0.215431
54 -0.353672 0.828450 0.223632
55 -0.389109 0.829852 0.215498
56 -0.419131 0.828369 0.201278
57 -0.446000 0.819731 0.161980
58 -0.456174 0.809974 0.127255
59 -0.464401 0.805931 0.100192
Frame 595
30 -0.473964 0.800928 0.065434
31 -0.477557 0.800335 0.032575
32 -0.473893 0.802504 0.005606
33 -0.464503 0.807288 -0.024794
34 -0.454315 0.807050 -0.051592
35 -0.448620 0.810979 -0.083501
36 -0.432311 0.824443 -0.111060
37 -0.397439 0.844592 -0.135074
38 -0.361431 0.849452 -0.143042
39 -0.317817 0.857734 -0.137835
40 -0.286742 0.863136 -0.121061
41 -0.263590 0.864589 -0.100958
42 -0.247507 0.866638 -0.078172
43 -0.237502 0.868632 -0.053494
44 -0.229660 0.863684 -0.022487
45 -0.228138 0.860883 0.003447
46 -0.227953 0.859816 0.033425
47 -0.226738 0.856994 0.068231
48 -0.228889 0.860411 0.096878
49 -0.234104 0.860243 0.124998
50 -0.243512 0.850806 0.155526
51 -0.258949 0.847067 0.177794
52 -0.279540 0.841949 0.197880
53 -0.308987 0.836845 0.215289
54 -0.353748 0.830190 0.223468
55 -0.389206 0.831530 0.215303
56 -0.419192 0.829997 0.200987
57 -0.445987 0.821341 0.161669
58 -0.456152 0.811618 0.126984
59 -0.464365 0.807567 0.099895
Frame 596
30 -0.474052 0.802644 0.065215
31 -0.477642 0.802086 0.032354
32 -0.473990 0.804266 0.005376
33 -0.464623 0.809110 -0.024988
34 -0.454461 0.808803 -0.051853
35 -0.448817 0.812726 -0.083693
36 -0.432463 0.826340 -0.111247
37 -0.397614 0.846382 -0.135348
38 -0.361611 0.851235 -0.143353
39 -0.317967 0.859512 -0.138146
40 -0.286872 0.864907 -0.121368
41 -0.263696 0.866323 -0.101249
42 -0.247609 0.868347 -0.078467
43 -0.237590 0.870323 -0.053793
44 -0.229730 0.865360 -0.022797
45 -0.228195 0.862544 0.003135
46 -0.227994 0.861464 0.033108
47 -0.226763 0.858613 0.067914
48 -0.228896 0.862015 0.096563
49 -0.234094 0.861837 0.124686
50 -0.243491 0.852394 0.155215
51 -0.258922 0.848655 0.177491
52 -0.279516 0.843541 0.197593
53 -0.308972 0.838427 0.215025
54 -0.353743 0.831729 0.223241
55 -0.389239 0.833061 0.215100
56 -0.419220 0.831522 0.200734
57 -0.446013 0.822917 0.161430
58 -0.456236 0.813269 0.126793
59 -0.464480 0.809247 0.099689
Frame 597
30 -0.474238 0.804374 0.065023
31 -0.477859 0.803884 0.032164
32 -0.474254 0.806086 0.005172
33 -0.464959 0.810983 -0.025174
34 -0.454864 0.810628 -0.052130
35 -0.449286 0.814559 -0.083907
36 -0.432918 0.828292 -0.111452
37 -0.398067 0.848323 -0.135632
38 -0.362054 0.853187 -0.143690
39 -0.318355 0.861433 -0.138508
40 -0.287210 0.866780 -0.121744
41 -0.263985 0.868111 -0.101632
42 -0.247869 0.870067 -0.078868
43 -0.237812 0.871993 -0.054206
44 -0.229908 0.866980 -0.023231
45 -0.228340 0.864121 0.002694
46 -0.228096 0.862996 0.032662
47 -0.226821 0.860077 0.067465
48 -0.228908 0.863435 0.096120
49 -0.234064 0.863224 0.124249
50 -0.243430 0.853750 0.154777
51 -0.258836 0.850002 0.177070
52 -0.279422 0.844890 0.197202
53 -0.308882 0.839768 0.214676
54 -0.353676 0.833056 0.222960
55 -0.389218 0.834408 0.214873
56 -0.419211 0.832884 0.200481
57 -0.446038 0.824380 0.161205
58 -0.456352 0.814846 0.126615
59 -0.464653 0.810888 0.099502
Frame 598
30 -0.474493 0.806104 0.064839
31 -0.478166 0.805706 0.031985
32 -0.474633 0.807938 0.004976
33 -0.465445 0.812880 -0.025365
34 -0.455448 0.812495 -0.052428
35 -0.449945 0.816441 -0.084147
36 -0.433586 0.830268 -0.111683
37 -0.398713 0.850364 -0.135933
38 -0.362678 0.855255 -0.144056
39 -0.318908 0.863454 -0.138914
40 -0.287690 0.868725 -0.122177
41 -0.264398 0.869933 -0.102083
42 -0.248239 0.871793 -0.079348
43 -0.238126 0.873647 -0.054703
44 -0.230160 0.868558 -0.023757
45 -0.228544 0.865637 0.002157
46 -0.228240 0.864445 0.032119
47 -0.226903 0.861430 0.066917
48 -0.228925 0.864724 0.095580
49 -0.234021 0.864463 0.123717
50 -0.243342 0.854941 0.154245
51 -0.258710 0.851176 0.176560
52 -0.279282 0.846065 0.196731
53 -0.308743 0.840938 0.214260
54 -0.353565 0.834225 0.222631
55 -0.389160 0.835616 0.214618
56 -0.419176 0.834125 0.200215
57 -0.446062 0.825757 0.160978
58 -0.456491 0.816363 0.126435
59 -0.464865 0.812495 0.099317
Frame 599
30 -0.474782 0.807824 0.064646
31 -0.478522 0.807531 0.031797
32 -0.475075 0.809794 0.004770
33 -0.466018 0.814774 -0.025572
34 -0.456136 0.814371 -0.052756
35 -0.450712 0.818335 -0.084418
36 -0.434378 0.832237 -0.111942
37 -0.399468 0.852450 -0.136256
38 -0.363405 0.857383 -0.144450
39 -0.319553 0.865529 -0.139357
40 -0.288246 0.870708 -0.122650
41 -0.264878 0.871774 -0.102580
42 -0.248668 0.873521 -0.079881
43 -0.238489 0.875288 -0.055256
44 -0.230454 0.870112 -0.024344
45 -0.228782 0.867117 0.001557
46 -0.228407 0.865846 0.031512
47 -0.226999 0.862717 0.066303
48 -0.228946 0.865934 0.094976
49 -0.233972 0.865614 0.123121
50 -0.243241 0.856033 0.153648
51 -0.258566 0.852246 0.175987
52 -0.279120 0.847135 0.196205
53 -0.308579 0.842001 0.213794
54 -0.353430 0.835296 0.222261
55 -0.389082 0.836735 0.214333
56 -0.419128 0.835283 0.199926
57 -0.446086 0.827072 0.160733
58 -0.456640 0.817834 0.126237
59 -0.465097 0.814069 0.099119
Frame 600
30 -0.475076 0.809522 0.064424
31 -0.478885 0.809335 0.031582
32 -0.475529 0.811628 0.004536
33 -0.466612 0.816638 -0.025811
34 -0.456854 0.816222 -0.053121
35 -0.451506 0.820204 -0.084726
36 -0.435206 0.834164 -0.112234
37 -0.400249 0.854527 -0.136609
38 -0.364152 0.859516 -0.144873
39 -0.320213 0.867613 -0.139826
40 -0.288815 0.872699 -0.123150
41 -0.265367 0.873615 -0.103102
42 -0.249105 0.875244 -0.080439
43 -0.238860 0.876923 -0.055835
44 -0.230753 0.871656 -0.024959
45 -0.229024 0.868584 0.000928
46 -0.228578 0.867231 0.030875
47 -0.227098 0.863981 0.065659
48 -0.228969 0.867118 0.094341
49 -0.233924 0.866736 0.122494
50 -0.243140 0.857091 0.153018
51 -0.258422 0.853280 0.175383
52 -0.278957 0.848167 0.195645
53 -0.308415 0.843025 0.213296
54 -0.353295 0.836326 0.221860
55 -0.389001 0.837812 0.214018
56 -0.419079 0.836401 0.199603
57 -0.446109 0.828349 0.160454
58 -0.456787 0.819271 0.126006
59 -0.465329 0.815614 0.098889
Frame 601
30 -0.475345 0.811184 0.064154
31 -0.479214 0.811097 0.031319
32 -0.475945 0.813412 0.004257
33 -0.467165 0.818444 -0.026094
34 -0.457527 0.818017 -0.053530
35 -0.452245 0.822012 -0.085077
36 -0.435982 0.836019 -0.112564
37 -0.400972 0.856542 -0.137002
38 -0.364841 0.861598 -0.145329
39 -0.320817 0.869658 -0.140318
40 -0.289330 0.874665 -0.123663
41 -0.265807 0.875439 -0.103628
42 -0.249500 0.876957 -0.080998
43 -0.239197 0.878555 -0.056410
44 -0.231022 0.873205 -0.025568
45 -0.229243 0.870061 0.000305
46 -0.228732 0.868633 0.030242
47 -0.227190 0.865268 0.065020
48 -0.228993 0.868328 0.093709
49 -0.233883 0.867888 0.121869
50 -0.243053 0.858184 0.152390
51 -0.258297 0.854347 0.174776
52 -0.278817 0.849229 0.195078
53 -0.308275 0.844077 0.212785
54 -0.353177 0.837373 0.221438
55 -0.388937 0.838895 0.213670
56 -0.419042 0.837519 0.199237
57 -0.446130 0.829614 0.160125
58 -0.456921 0.820689 0.125727
59 -0.465543 0.817131 0.098610
Frame 602
30 -0.475555 0.812799 0.063817
31 -0.479470 0.812792 0.030986
32 -0.476271 0.815119 0.003909
33 -0.467613 0.820165 -0.026437
34 -0.458080 0.819721 -0.053994
35 -0.452850 0.823722 -0.085483
36 -0.436618 0.837767 -0.112938
37 -0.401553 0.858440 -0.137444
38 -0.365391 0.863572 -0.145820
39 -0.321290 0.871621 -0.140826
40 -0.289724 0.876572 -0.124177
41 -0.266138 0.877226 -0.104137
42 -0.249801 0.878654 -0.081528
43 -0.239453 0.880186 -0.056956
44 -0.231225 0.874775 -0.026141
45 -0.229409 0.871572 -0.000280
46 -0.228849 0.870083 0.029647
47 -0.227262 0.866619 0.064422
48 -0.229013 0.869617 0.093116
49 -0.233855 0.869130 0.121279
50 -0.242989 0.859376 0.151795
51 -0.258208 0.855516 0.174199
52 -0.278718 0.850389 0.194529
53 -0.308181 0.845223 0.212281
54 -0.353097 0.838495 0.221005
55 -0.388905 0.840034 0.213291
56 -0.419027 0.838678 0.198817
57 -0.446149 0.830893 0.159734
58 -0.457031 0.822099 0.125383
59 -0.465719 0.818626 0.098265
Frame 603
30 -0.475678 0.814353 0.063393
31 -0.479609 0.814398 0.030562
32 -0.476458 0.816721 0.003476
33 -0.467894 0.821771 -0.026856
34 -0.458442 0.821303 -0.054523
35 -0.453242 0.825296 -0.085948
36 -0.437028 0.839376 -0.113362
37 -0.401911 0.860164 -0.137945
38 -0.365722 0.865383 -0.146353
39 -0.321559 0.873451 -0.141345
40 -0.289935 0.878386 -0.124681
41 -0.266302 0.878957 -0.104609
42 -0.249957 0.880325 -0.082005
43 -0.239588 0.881822 -0.057440
44 -0.231327 0.876378 -0.026647
45 -0.229492 0.873138 -0.000791
46 -0.228908 0.871615 0.029125
47 -0.227303 0.868080 0.063901
48 -0.229027 0.871035 0.092594
49 -0.233843 0.870518 0.120759
50 -0.242959 0.860734 0.151269
51 -0.258172 0.856854 0.173682
52 -0.278685 0.851716 0.194026
53 -0.308157 0.846529 0.211804
54 -0.353074 0.839750 0.220572
55 -0.388922 0.841276 0.212879
56 -0.419046 0.839917 0.198335
57 -0.446165 0.832208 0.159263
58 -0.457105 0.823516 0.124959
59 -0.465838 0.820098 0.097837
Frame 604
30 -0.475333 0.815806 0.062824
31 -0.479245 0.815893 0.029998
32 -0.476110 0.818215 0.002918
33 -0.467607 0.823282 -0.027363
34 -0.458219 0.822807 -0.055111
35 -0.453049 0.826803 -0.086459
36 -0.436850 0.840941 -0.113815
37 -0.401665 0.861817 -0.138509
38 -0.365443 0.867139 -0.146935
39 -0.321229 0.875264 -0.141875
40 -0.289564 0.880218 -0.125162
41 -0.265904 0.880735 -0.105023
42 -0.249576 0.882067 -0.082400
43 -0.239215 0.883542 -0.057830
44 -0.230946 0.878082 -0.027047
45 -0.229118 0.874811 -0.001196
46 -0.228539 0.873260 0.028709
47 -0.226950 0.869662 0.063488
48 -0.228679 0.872580 0.092180
49 -0.233498 0.872033 0.120341
50 -0.242620 0.862216 0.150837
51 -0.257852 0.858305 0.173249
52 -0.278381 0.853133 0.193583
53 -0.307875 0.847905 0.211363
54 -0.352784 0.841035 0.220130
55 -0.388665 0.842514 0.212415
56 -0.418775 0.841137 0.197753
57 -0.445836 0.833479 0.158660
58 -0.456785 0.824871 0.124394
59 -0.465529 0.821491 0.097263
Frame 605
30 -0.474360 0.817139 0.062115
31 -0.478226 0.817278 0.029301
32 -0.475084 0.819618 0.002250
33 -0.466623 0.824728 -0.027939
34 -0.457299 0.824281 -0.055729
35 -0.452173 0.828311 -0.086981
36 -0.435998 0.842539 -0.114264
37 -0.400723 0.863495 -0.139111
38 -0.364457 0.868943 -0.147556
39 -0.320193 0.877151 -0.142415
40 -0.288498 0.882141 -0.125625
41 -0.264821 0.882615 -0.105389
42 -0.248527 0.883915 -0.082721
43 -0.238196 0.885367 -0.058138
44 -0.229938 0.879886 -0.027362
45 -0.228135 0.876574 -0.001513
46 -0.227583 0.874985 0.028381
47 -0.226036 0.871309 0.063161
48 -0.227793 0.874177 0.091852
49 -0.232639 0.873582 0.120008
50 -0.241784 0.863714 0.150480
51 -0.257054 0.859747 0.172880
52 -0.277611 0.854514 0.193182
53 -0.307142 0.849218 0.210944
54 -0.352040 0.842220 0.219669
55 -0.387951 0.843631 0.211895
56 -0.418033 0.842229 0.197072
57 -0.444987 0.834625 0.157925
58 -0.455901 0.826104 0.123684
59 -0.464626 0.822764 0.096547
Frame 606
30 -0.473066 0.818374 0.061341
31 -0.476874 0.818569 0.028543
32 -0.473713 0.820934 0.001532
33 -0.465285 0.826103 -0.028544
34 -0.456024 0.825702 -0.056354
35 -0.450949 0.829781 -0.087503
36 -0.434805 0.844111 -0.114702
37 -0.399430 0.865141 -0.139730
38 -0.363116 0.870729 -0.148191
39 -0.318806 0.879034 -0.142958
40 -0.287087 0.884072 -0.126079
41 -0.263396 0.884511 -0.105730
42 -0.247146 0.885782 -0.083008
43 -0.236856 0.887212 -0.058408
44 -0.228618 0.881707 -0.027633
45 -0.226849 0.878350 -0.001788
46 -0.226335 0.876718 0.028093
47 -0.224841 0.872958 0.062876
48 -0.226637 0.875770 0.091566
49 -0.231520 0.875119 0.119715
50 -0.240694 0.865191 0.150157
51 -0.256013 0.861156 0.172542
52 -0.276603 0.855844 0.192803
53 -0.306178 0.850467 0.210534
54 -0.351065 0.843326 0.219196
55 -0.387002 0.844656 0.211344
56 -0.417046 0.843227 0.196343
57 -0.443870 0.835676 0.157126
58 -0.454726 0.827241 0.122904
59 -0.463417 0.823938 0.095760
Frame 607
30 -0.471758 0.819529 0.060577
31 -0.475511 0.819779 0.027797
32 -0.472330 0.822170 0.000826
33 -0.463936 0.827394 -0.029138
34 -0.454736 0.827047 -0.056966
35 -0.449714 0.831179 -0.088010
36 -0.433603 0.845598 -0.115125
37 -0.398132 0.866700 -0.140338
38 -0.361772 0.872428 -0.148820
39 -0.317420 0.880834 -0.143497
40 -0.285681 0.885923 -0.126533
41 -0.261979 0.886334 -0.106073
42 -0.245772 0.887581 -0.083298
43 -0.235523 0.888989 -0.058680
44 -0.227301 0.883462 -0.027907
45 -0.225564 0.880061 -0.002065
46 -0.225086 0.878387 0.027804
47 -0.223644 0.874547 0.062587
48 -0.225478 0.877303 0.091277
49 -0.230397 0.876597 0.119420
50 -0.239599 0.866608 0.149832
51 -0.254963 0.862505 0.172201
52 -0.275583 0.857114 0.192420
53 -0.305201 0.851659 0.210123
54 -0.350080 0.844374 0.218722
55 -0.386042 0.845624 0.210790
56 -0.416043 0.844164 0.195615
57 -0.442736 0.836662 0.156333
58 -0.453534 0.828308 0.122128
59 -0.462191 0.825039 0.094981
Frame 608
30 -0.470743 0.820627 0.059897
31 -0.474457 0.820922 0.027130
32 -0.471270 0.823333 0.000188
33 -0.462917 0.828594 -0.029684
34 -0.453782 0.828292 -0.057541
35 -0.448804 0.832466 -0.088493
36 -0.432727 0.846944 -0.115530
37 -0.397176 0.868113 -0.140914
38 -0.360780 0.873975 -0.149421
39 -0.316388 0.882472 -0.144028
40 -0.284630 0.887611 -0.126998
41 -0.260912 0.887996 -0.106444
42 -0.244740 0.889221 -0.083629
43 -0.234519 0.890612 -0.058999
44 -0.226301 0.885067 -0.028231
45 -0.224584 0.881629 -0.002392
46 -0.224131 0.879921 0.027465
47 -0.222724 0.876011 0.062250
48 -0.224582 0.878720 0.090941
49 -0.229526 0.877968 0.119078
50 -0.238741 0.867929 0.149466
51 -0.254139 0.863769 0.171826
52 -0.274779 0.858314 0.192013
53 -0.304433 0.852793 0.209698
54 -0.349309 0.845388 0.218253
55 -0.385293 0.846566 0.210262
56 -0.415248 0.845076 0.194941
57 -0.441836 0.837614 0.155615
58 -0.452600 0.829331 0.121433
59 -0.461239 0.826090 0.094286
Frame 609
30 -0.470329 0.821686 0.059377
31 -0.474036 0.822013 0.026617
32 -0.470866 0.824423 -0.000316
33 -0.462577 0.829694 -0.030142
34 -0.453505 0.829414 -0.058060
35 -0.448557 0.833607 -0.088939
36 -0.432510 0.848094 -0.115915
37 -0.396908 0.869328 -0.141436
38 -0.360489 0.875300 -0.149975
39 -0.316062 0.883868 -0.144548
40 -0.284284 0.889046 -0.127487
41 -0.260540 0.889405 -0.106871
42 -0.244384 0.890615 -0.084040
43 -0.234169 0.891993 -0.059409
44 -0.225933 0.886438 -0.028650
45 -0.224216 0.882977 -0.002814
46 -0.223761 0.881248 0.027033
47 -0.222359 0.877290 0.061819
48 -0.224215 0.879968 0.090511
49 -0.229158 0.879185 0.118647
50 -0.238367 0.869117 0.149023
51 -0.253774 0.864925 0.171383
52 -0.274417 0.859434 0.191560
53 -0.304091 0.853878 0.209251
54 -0.348972 0.846391 0.217799
55 -0.384980 0.847517 0.209788
56 -0.414893 0.845998 0.194374
57 -0.441424 0.838564 0.155044
58 -0.452199 0.830336 0.120896
59 -0.460850 0.827115 0.093753
Frame 610
30 -0.470348 0.822682 0.059015
31 -0.474082 0.823042 0.026257
32 -0.470958 0.825448 -0.000683
33 -0.462759 0.830711 -0.030500
34 -0.453765 0.830446 -0.058503
35 -0.448843 0.834652 -0.089332
36 -0.432832 0.849111 -0.116261
37 -0.397201 0.870432 -0.141887
38 -0.360773 0.876498 -0.150470
39 -0.316306 0.885111 -0.145047
40 -0.284496 0.890306 -0.127991
41 -0.260712 0.890626 -0.107350
42 -0.244547 0.891807 -0.084525
43 -0.234310 0.893166 -0.059904
44 -0.226032 0.887593 -0.029164
45 -0.224290 0.884105 -0.003333
46 -0.223805 0.882353 0.026504
47 -0.222374 0.878346 0.061290
48 -0.224199 0.880994 0.089986
49 -0.229113 0.880184 0.118123
50 -0.238291 0.870090 0.148496
51 -0.253681 0.865878 0.170867
52 -0.274309 0.860367 0.191056
53 -0.303986 0.854795 0.208777
54 -0.348878 0.847264 0.217368
55 -0.384916 0.848358 0.209381
56 -0.414795 0.846822 0.193926
57 -0.441325 0.839428 0.154624
58 -0.452157 0.831261 0.120517
59 -0.460855 0.828070 0.093381
Frame 611
30 -0.470418 0.823588 0.058738
31 -0.474204 0.824002 0.025981
32 -0.471145 0.826412 -0.000968
33 -0.463060 0.831669 -0.030788
34 -0.454163 0.831437 -0.058883
35 -0.449274 0.835673 -0.089671
36 -0.433318 0.850095 -0.116565
37 -0.397666 0.871541 -0.142280
38 -0.361230 0.877696 -0.150920
39 -0.316715 0.886335 -0.145528
40 -0.284857 0.891518 -0.128496
41 -0.261018 0.891780 -0.107853
42 -0.244822 0.892909 -0.085047
43 -0.234545 0.894228 -0.060443
44 -0.226207 0.888612 -0.029729
45 -0.224425 0.885082 -0.003906
46 -0.223888 0.883287 0.025920
47 -0.222408 0.879211 0.060703
48 -0.224181 0.881812 0.089403
49 -0.229046 0.880959 0.117545
50 -0.238177 0.870825 0.147914
51 -0.253535 0.866585 0.170303
52 -0.274133 0.861050 0.190513
53 -0.303802 0.855464 0.208283
54 -0.348705 0.847908 0.216952
55 -0.384783 0.848985 0.209020
56 -0.414636 0.847445 0.193552
57 -0.441203 0.840127 0.154296
58 -0.452121 0.832045 0.120229
59 -0.460884 0.828906 0.093099
Frame 612
30 -0.470528 0.824420 0.058513
31 -0.474380 0.824901 0.025757
32 -0.471403 0.827322 -0.001200
33 -0.463447 0.832574 -0.031034
34 -0.454659 0.832387 -0.059223
35 -0.449808 0.836662 -0.089980
36 -0.433919 0.851040 -0.116844
37 -0.398251 0.872640 -0.142635
38 -0.361807 0.878881 -0.151341
39 -0.317239 0.887530 -0.145998
40 -0.285320 0.892681 -0.129002
41 -0.261416 0.892865 -0.108376
42 -0.245174 0.893929 -0.085596
43 -0.234844 0.895193 -0.061012
44 -0.226436 0.889517 -0.030330
45 -0.224602 0.885933 -0.004520
46 -0.224002 0.884081 0.025297
47 -0.222455 0.879922 0.060073
48 -0.224164 0.882464 0.088780
49 -0.228968 0.881557 0.116928
50 -0.238039 0.871371 0.147292
51 -0.253356 0.867099 0.169702
52 -0.273915 0.861541 0.189939
53 -0.303567 0.855941 0.207770
54 -0.348484 0.848372 0.216542
55 -0.384605 0.849445 0.208685
56 -0.414440 0.847915 0.193228
57 -0.441070 0.840697 0.154027
58 -0.452093 0.832716 0.119998
59 -0.460935 0.829647 0.092874
Frame 613
30 -0.470669 0.825192 0.058309
31 -0.474596 0.825749 0.025556
32 -0.471705 0.828183 -0.001412
33 -0.463885 0.833427 -0.031264
34 -0.455213 0.833293 -0.059548
35 -0.450400 0.837617 -0.090278
36 -0.434582 0.851942 -0.117118
37 -0.398902 0.873713 -0.142973
38 -0.362453 0.880038 -0.151749
39 -0.317826 0.888685 -0.146464
40 -0.285839 0.893788 -0.129511
41 -0.261864 0.893886 -0.108910
42 -0.245567 0.894872 -0.086162
43 -0.235178 0.896073 -0.061601
44 -0.226694 0.890327 -0.030955
45 -0.224803 0.886682 -0.005157
46 -0.224133 0.884764 0.024649
47 -0.222513 0.880514 0.059417
48 -0.224150 0.882990 0.088130
49 -0.228885 0.882024 0.116284
50 -0.237893 0.871780 0.146644
51 -0.253163 0.867473 0.169076
52 -0.273680 0.861893 0.189344
53 -0.303311 0.856281 0.207240
54 -0.348240 0.848712 0.216127
55 -0.384409 0.849789 0.208358
56 -0.414231 0.848278 0.192923
57 -0.440940 0.841175 0.153784
58 -0.452079 0.833305 0.119792
59 -0.461004 0.830316 0.092674
Frame 614
30 -0.470828 0.825921 0.058097
31 -0.474830 0.826556 0.025346
32 -0.472026 0.829002 -0.001631
33 -0.464343 0.834234 -0.031504
34 -0.455786 0.834153 -0.059882
35 -0.451004 0.838529 -0.090585
36 -0.435258 0.852793 -0.117406
37 -0.399567 0.874745 -0.143316
38 -0.363113 0.881150 -0.152160
39 -0.318425 0.889790 -0.146934
40 -0.286367 0.894837 -0.130023
41 -0.262320 0.894843 -0.109453
42 -0.245966 0.895747 -0.086735
43 -0.235517 0.896882 -0.062197
44 -0.226959 0.891061 -0.031587
45 -0.225010 0.887353 -0.005805
46 -0.224270 0.885367 0.023992
47 -0.222577 0.881024 0.058751
48 -0.224142 0.883431 0.087471
49 -0.228808 0.882406 0.115631
50 -0.237754 0.872102 0.145984
51 -0.252976 0.867763 0.168438
52 -0.273451 0.862162 0.188737
53 -0.303063 0.856542 0.206697
54 -0.348005 0.848979 0.215698
55 -0.384219 0.850067 0.208019
56 -0.414032 0.848580 0.192614
57 -0.440824 0.841596 0.153535
58 -0.452080 0.833840 0.119578
59 -0.461091 0.830937 0.092465
Frame 615
30 -0.470994 0.826623 0.057843
31 -0.475064 0.827331 0.025095
32 -0.472344 0.829784 -0.001889
33 -0.464786 0.834997 -0.031783
34 -0.456336 0.834966 -0.060251
35 -0.451576 0.839395 -0.090924
36 -0.435896 0.853590 -0.117727
37 -0.400194 0.875720 -0.143688
38 -0.363734 0.882204 -0.152591
39 -0.318985 0.890832 -0.147417
40 -0.286857 0.895822 -0.130543
41 -0.262742 0.895737 -0.109997
42 -0.246335 0.896560 -0.087308
43 -0.235829 0.897629 -0.062790
44 -0.227204 0.891737 -0.032214
45 -0.225204 0.887970 -0.006445
46 -0.224401 0.885919 0.023341
47 -0.222644 0.881486 0.058092
48 -0.224142 0.883828 0.086816
49 -0.228745 0.882748 0.114982
50 -0.237637 0.872389 0.145329
51 -0.252817 0.868022 0.167802
52 -0.273256 0.862404 0.188128
53 -0.302851 0.856778 0.206145
54 -0.347805 0.849225 0.215248
55 -0.384059 0.850331 0.207651
56 -0.413867 0.848868 0.192273
57 -0.440736 0.841999 0.153250
58 -0.452101 0.834353 0.119326
59 -0.461192 0.831531 0.092216
Frame 616
30 -0.471159 0.827313 0.057516
31 -0.475282 0.828085 0.024772
32 -0.472631 0.830537 -0.002217
33 -0.465183 0.835721 -0.032129
34 -0.456824 0.835731 -0.060680
35 -0.452072 0.840207 -0.091316
36 -0.436444 0.854324 -0.118102
37 -0.400729 0.876621 -0.144111
38 -0.364263 0.883182 -0.153061
39 -0.319454 0.891801 -0.147921
40 -0.287263 0.896740 -0.131071
41 -0.263089 0.896568 -0.110539
42 -0.246638 0.897317 -0.087872
43 -0.236086 0.898328 -0.063369
44 -0.227406 0.892374 -0.032822
45 -0.225367 0.888555 -0.007063
46 -0.224513 0.886449 0.022714
47 -0.222707 0.881936 0.057458
48 -0.224151 0.884222 0.086184
49 -0.228704 0.883095 0.114354
50 -0.237556 0.872691 0.144694
51 -0.252705 0.868302 0.167181
52 -0.273117 0.862675 0.187526
53 -0.302704 0.857047 0.205587
54 -0.347669 0.849506 0.214768
55 -0.383956 0.850631 0.207236
56 -0.413758 0.849192 0.191874
57 -0.440689 0.842420 0.152896
58 -0.452146 0.834873 0.119003
59 -0.461304 0.832124 0.091893
Frame 617
30 -0.471311 0.828007 0.057085
31 -0.475464 0.828827 0.024345
32 -0.472864 0.831267 -0.002646
33 -0.465499 0.836407 -0.032569
34 -0.457211 0.836444 -0.061195
35 -0.452448 0.840960 -0.091784
36 -0.436853 0.854993 -0.118550
37 -0.401120 0.877433 -0.144607
38 -0.364646 0.884070 -0.153587
39 -0.319781 0.892685 -0.148457
40 -0.287537 0.897583 -0.131611
41 -0.263318 0.897337 -0.111075
42 -0.246839 0.898025 -0.088416
43 -0.236257 0.898991 -0.063923
44 -0.227542 0.892991 -0.033394
45 -0.225479 0.889133 -0.007644
46 -0.224594 0.886986 0.022125
47 -0.222763 0.882410 0.056865
48 -0.224173 0.884653 0.085591
49 -0.228694 0.883494 0.113764
50 -0.237525 0.873059 0.144097
51 -0.252659 0.868657 0.166590
52 -0.273060 0.863029 0.186944
53 -0.302648 0.857405 0.205029
54 -0.347624 0.849875 0.214252
55 -0.383934 0.851020 0.206758
56 -0.413732 0.849596 0.191392
57 -0.440696 0.842897 0.152443
58 -0.452218 0.835430 0.118577
59 -0.461426 0.832738 0.091465
Frame 618
30 -0.471439 0.828722 0.056519
31 -0.475593 0.829567 0.023782
32 -0.473018 0.831981 -0.003209
33 -0.465703 0.837062 -0.033131
34 -0.457457 0.837106 -0.061821
35 -0.452659 0.841649 -0.092349
36 -0.437071 0.855585 -0.119091
37 -0.401315 0.878137 -0.145202
38 -0.364832 0.884852 -0.154189
39 -0.319914 0.893474 -0.149035
40 -0.287631 0.898347 -0.132165
41 -0.263385 0.898044 -0.111598
42 -0.246902 0.898690 -0.088934
43 -0.236311 0.899630 -0.064440
44 -0.227585 0.893607 -0.033918
45 -0.225523 0.889727 -0.008172
46 -0.224632 0.887560 0.021591
47 -0.222807 0.882943 0.056332
48 -0.224207 0.885161 0.085054
49 -0.228721 0.883990 0.113226
50 -0.237559 0.873543 0.143552
51 -0.252699 0.869142 0.166043
52 -0.273108 0.863523 0.186393
53 -0.302715 0.857908 0.204475
54 -0.347699 0.850386 0.213692
55 -0.384017 0.851547 0.206199
56 -0.413809 0.850128 0.190803
57 -0.440770 0.843467 0.151859
58 -0.452323 0.836055 0.118019
59 -0.461556 0.833399 0.090899
Frame 619
30 -0.471330 0.829428 0.055763
31 -0.475443 0.830284 0.023029
32 -0.472857 0.832664 -0.003949
33 -0.465552 0.837679 -0.033844
34 -0.457321 0.837726 -0.062577
35 -0.452469 0.842295 -0.093023
36 -0.436864 0.856140 -0.119731
37 -0.401072 0.878785 -0.145907
38 -0.364570 0.885591 -0.154875
39 -0.319606 0.894244 -0.149649
40 -0.287300 0.899119 -0.132718
41 -0.263049 0.898778 -0.112083
42 -0.246591 0.899400 -0.089388
43 -0.236021 0.900329 -0.064880
44 -0.227316 0.894301 -0.034352
45 -0.225282 0.890410 -0.008605
46 -0.224423 0.888237 0.021153
47 -0.222644 0.883592 0.055899
48 -0.224071 0.885796 0.084615
49 -0.228614 0.884623 0.112783
50 -0.237489 0.874172 0.143095
51 -0.252661 0.869771 0.165566
52 -0.273103 0.864160 0.185889
53 -0.302739 0.858544 0.203933
54 -0.347718 0.851002 0.213091
55 -0.384034 0.852165 0.205551
56 -0.413818 0.850739 0.190079
57 -0.440728 0.844083 0.151107
58 -0.452266 0.836708 0.117281
59 -0.461491 0.834069 0.090145
Frame 620
30 -0.470846 0.830080 0.054828
31 -0.474879 0.830945 0.022100
32 -0.472252 0.833295 -0.004853
33 -0.464924 0.838254 -0.034688
34 -0.456690 0.838312 -0.063435
35 -0.451774 0.842917 -0.093778
36 -0.436142 0.856688 -0.120441
37 -0.400297 0.879428 -0.146698
38 -0.363770 0.886351 -0.155623
39 -0.318760 0.895064 -0.150282
40 -0.286445 0.899966 -0.133252
41 -0.262206 0.899603 -0.112514
42 -0.245799 0.900215 -0.089765
43 -0.235277 0.901141 -0.065230
44 -0.226622 0.895114 -0.034685
45 -0.224644 0.891215 -0.008935
46 -0.223846 0.889035 0.020819
47 -0.222152 0.884364 0.055571
48 -0.223639 0.886553 0.084277
49 -0.228240 0.885374 0.112437
50 -0.237180 0.874914 0.142726
51 -0.252408 0.870503 0.165160
52 -0.272900 0.864882 0.185432
53 -0.302566 0.859243 0.203406
54 -0.347519 0.851641 0.212464
55 -0.383828 0.852780 0.204836
56 -0.413605 0.851338 0.189241
57 -0.440422 0.844670 0.150207
58 -0.451906 0.837324 0.116385
59 -0.461093 0.834695 0.089222
Frame 621
30 -0.470091 0.830676 0.053787
31 -0.474021 0.831546 0.021065
32 -0.471334 0.833870 -0.005854
33 -0.463965 0.838777 -0.035608
34 -0.455716 0.838854 -0.064354
35 -0.450729 0.843504 -0.094579
36 -0.435065 0.857211 -0.121191
37 -0.399162 0.880048 -0.147537
38 -0.362606 0.887111 -0.156408
39 -0.317556 0.895909 -0.150926
40 -0.285241 0.900855 -0.133773
41 -0.261027 0.900488 -0.112909
42 -0.244685 0.901099 -0.090095
43 -0.234230 0.902028 -0.065524
44 -0.225641 0.896006 -0.034956
45 -0.223734 0.892100 -0.009201
46 -0.223017 0.889914 0.020549
47 -0.221428 0.885217 0.055308
48 -0.222995 0.887390 0.084004
49 -0.227674 0.886203 0.112152
50 -0.236694 0.875728 0.142411
51 -0.251990 0.871297 0.164797
52 -0.272544 0.865656 0.185003
53 -0.302241 0.859973 0.202887
54 -0.347153 0.852283 0.211823
55 -0.383452 0.853376 0.204081
56 -0.413216 0.851913 0.188336
57 -0.439914 0.845217 0.149219
58 -0.451317 0.837897 0.115393
59 -0.460450 0.835271 0.088197
Frame 622
30 -0.469172 0.831209 0.052708
31 -0.472992 0.832083 0.019993
32 -0.470239 0.834384 -0.006888
33 -0.462822 0.839246 -0.036557
34 -0.454552 0.839346 -0.065291
35 -0.449494 0.844045 -0.095391
36 -0.433796 0.857693 -0.121954
37 -0.397841 0.880633 -0.148390
38 -0.361256 0.887848 -0.157201
39 -0.316171 0.896751 -0.151568
40 -0.283864 0.901757 -0.134284
41 -0.259679 0.901396 -0.113290
42 -0.243408 0.902015 -0.090403
43 -0.233026 0.902951 -0.065793
44 -0.224509 0.896937 -0.035201
45 -0.222678 0.893024 -0.009441
46 -0.222048 0.890833 0.020305
47 -0.220571 0.886111 0.055070
48 -0.222228 0.888267 0.083755
49 -0.226990 0.887069 0.111891
50 -0.236094 0.876575 0.142117
51 -0.251460 0.872118 0.164451
52 -0.272077 0.866447 0.184584
53 -0.301803 0.860707 0.202372
54 -0.346671 0.852908 0.211179
55 -0.382957 0.853942 0.203313
56 -0.412701 0.852450 0.187410
57 -0.439269 0.845719 0.148202
58 -0.450582 0.838420 0.114370
59 -0.459653 0.835793 0.087138
Frame 623
30 -0.468194 0.831677 0.051665
31 -0.471912 0.832553 0.018954
32 -0.469097 0.834831 -0.007892
33 -0.461639 0.839652 -0.037483
34 -0.453351 0.839779 -0.066206
35 -0.448227 0.844527 -0.096181
36 -0.432500 0.858116 -0.122702
37 -0.396502 0.881168 -0.149223
38 -0.359897 0.888544 -0.157976
39 -0.314781 0.897562 -0.152200
40 -0.282489 0.902638 -0.134792
41 -0.258330 0.902296 -0.113674
42 -0.242127 0.902927 -0.090718
43 -0.231814 0.903872 -0.066072
44 -0.223362 0.897867 -0.035458
45 -0.221601 0.893947 -0.009694
46 -0.221054 0.891750 0.020048
47 -0.219681 0.887006 0.054819
48 -0.221421 0.889144 0.083493
49 -0.226264 0.887932 0.111619
50 -0.235441 0.877416 0.141812
51 -0.250873 0.872926 0.164096
52 -0.271545 0.867218 0.184160
53 -0.301295 0.861414 0.201858
54 -0.346120 0.853498 0.210547
55 -0.382395 0.854463 0.202564
56 -0.412111 0.852937 0.186510
57 -0.438551 0.846168 0.147219
58 -0.449776 0.838886 0.113379
59 -0.458789 0.836255 0.086114
Frame 624
30 -0.467264 0.832075 0.050727
31 -0.470904 0.832950 0.018019
32 -0.468047 0.835207 -0.008801
33 -0.460566 0.839990 -0.038333
34 -0.452270 0.840145 -0.067059
35 -0.447085 0.844941 -0.096916
36 -0.431341 0.858465 -0.123409
37 -0.395320 0.881641 -0.150001
38 -0.358706 0.889177 -0.158710
39 -0.313567 0.898318 -0.152813
40 -0.281291 0.903466 -0.135303
41 -0.257147 0.903150 -0.114083
42 -0.240995 0.903796 -0.091068
43 -0.230739 0.904752 -0.066395
44 -0.222336 0.898754 -0.035764
45 -0.220629 0.894828 -0.009997
46 -0.220146 0.892623 0.019741
47 -0.218853 0.887859 0.054516
48 -0.220660 0.889979 0.083181
49 -0.225565 0.888751 0.111298
50 -0.234796 0.878210 0.141463
51 -0.250277 0.873686 0.163707
52 -0.270988 0.867936 0.183715
53 -0.300758 0.862068 0.201342
54 -0.345550 0.854039 0.209938
55 -0.381819 0.854931 0.201863
56 -0.411495 0.853364 0.185684
57 -0.437826 0.846558 0.146329
58 -0.448983 0.839289 0.112486
59 -0.457953 0.836652 0.085193
Frame 625
30 -0.466484 0.832413 0.049932
31 -0.470075 0.833291 0.017224
32 -0.467199 0.835527 -0.009579
33 -0.459719 0.840275 -0.039081
34 -0.451425 0.840458 -0.067824
35 -0.446187 0.845301 -0.097579
36 -0.430435 0.858755 -0.124057
37 -0.394415 0.882057 -0.150703
38 -0.357806 0.889743 -0.159382
39 -0.312647 0.898998 -0.153397
40 -0.280385 0.904213 -0.135812
41 -0.256244 0.903922 -0.114518
42 -0.240122 0.904579 -0.091460
43 -0.229903 0.905541 -0.066769
44 -0.221525 0.899546 -0.036130
45 -0.219852 0.895609 -0.010361
46 -0.219409 0.893394 0.019372
47 -0.218170 0.888610 0.054151
48 -0.220019 0.890711 0.082808
49 -0.224964 0.889463 0.110919
50 -0.234224 0.878895 0.141063
51 -0.249736 0.874336 0.163280
52 -0.270468 0.868543 0.183245
53 -0.300249 0.862619 0.200828
54 -0.345017 0.854495 0.209370
55 -0.381287 0.855318 0.201232
56 -0.410917 0.853712 0.184965
57 -0.437169 0.846880 0.145572
58 -0.448288 0.839628 0.111730
59 -0.457235 0.836989 0.084416
Frame 626
30 -0.465858 0.832705 0.049256
31 -0.469424 0.833591 0.016543
32 -0.466545 0.835804 -0.010248
33 -0.459081 0.840521 -0.039740
34 -0.450796 0.840732 -0.068517
35 -0.445509 0.845622 -0.098181
36 -0.429756 0.859002 -0.124648
37 -0.393753 0.882427 -0.151336
38 -0.357160 0.890246 -0.159998
39 -0.311985 0.899601 -0.153950
40 -0.279730 0.904867 -0.136311
41 -0.255580 0.904595 -0.114967
42 -0.239470 0.905256 -0.091878
43 -0.229272 0.906218 -0.067175
44 -0.220905 0.900219 -0.036533
45 -0.219250 0.896269 -0.010765
46 -0.218830 0.894041 0.018964
47 -0.217623 0.889232 0.053745
48 -0.219495 0.891311 0.082394
49 -0.224462 0.890041 0.110504
50 -0.233735 0.879446 0.140630
51 -0.249267 0.874854 0.162829
52 -0.270004 0.869021 0.182762
53 -0.299788 0.863051 0.200320
54 -0.344535 0.854852 0.208839
55 -0.380813 0.855617 0.200668
56 -0.410397 0.853979 0.184340
57 -0.436601 0.847138 0.144928
58 -0.447707 0.839907 0.111091
59 -0.456649 0.837273 0.083758
Frame 627
30 -0.465351 0.832948 0.048671
31 -0.468907 0.833842 0.015952
32 -0.466037 0.836032 -0.010834
33 -0.458601 0.840718 -0.040328
34 -0.450331 0.840957 -0.069148
35 -0.444997 0.845893 -0.098735
36 -0.429248 0.859196 -0.125194
37 -0.393275 0.882737 -0.151918
38 -0.356708 0.890678 -0.160571
39 -0.311517 0.900118 -0.154481
40 -0.279263 0.905425 -0.136804
41 -0.255097 0.905168 -0.115427
42 -0.238987 0.905828 -0.092318
43 -0.228798 0.906787 -0.067607
44 -0.220428 0.900781 -0.036966
45 -0.218780 0.896817 -0.011199
46 -0.218368 0.894574 0.018524
47 -0.217178 0.889742 0.053306
48 -0.219059 0.891798 0.081951
49 -0.224035 0.890506 0.110061
50 -0.233309 0.879884 0.140174
51 -0.248850 0.875261 0.162361
52 -0.269581 0.869392 0.182270
53 -0.299366 0.863384 0.199818
54 -0.344093 0.855128 0.208339
55 -0.380383 0.855842 0.200155
56 -0.409922 0.854177 0.183786
57 -0.436100 0.847336 0.144371
58 -0.447211 0.840131 0.110542
59 -0.456162 0.837506 0.083194
Frame 628
30 -0.464924 0.833138 0.048152
31 -0.468482 0.834038 0.015425
32 -0.465631 0.836206 -0.011358
33 -0.458229 0.840859 -0.040863
34 -0.449978 0.841123 -0.069733
35 -0.444599 0.846103 -0.099248
36 -0.428858 0.859326 -0.125704
37 -0.392923 0.882976 -0.152463
38 -0.356387 0.891027 -0.161114
39 -0.311181 0.900544 -0.154997
40 -0.278924 0.905886 -0.137295
41 -0.254736 0.905641 -0.115898
42 -0.238616 0.906299 -0.092774
43 -0.228429 0.907256 -0.068061
44 -0.220048 0.901241 -0.037423
45 -0.218399 0.897263 -0.011657
46 -0.217987 0.895005 0.018062
47 -0.216803 0.890153 0.052846
48 -0.218683 0.892188 0.081484
49 -0.223658 0.890876 0.109598
50 -0.232924 0.880230 0.139699
51 -0.248469 0.875579 0.161882
52 -0.269188 0.869677 0.181773
53 -0.298967 0.863640 0.199322
54 -0.343680 0.855338 0.207861
55 -0.379983 0.856009 0.199676
56 -0.409478 0.854319 0.183283
57 -0.435643 0.847482 0.143874
58 -0.446772 0.840302 0.110055
59 -0.455741 0.837688 0.082695
Frame 629
30 -0.464539 0.833273 0.047673
31 -0.468106 0.834177 0.014938
32 -0.465277 0.836317 -0.011844
33 -0.457913 0.840934 -0.041364
34 -0.449681 0.841222 -0.070284
35 -0.444259 0.846242 -0.099734
36 -0.428530 0.859380 -0.126189
37 -0.392638 0.883132 -0.152984
38 -0.356134 0.891283 -0.161642
39 -0.310916 0.900871 -0.155507
40 -0.278651 0.906246 -0.137788
41 -0.254440 0.906013 -0.116378
42 -0.238306 0.906669 -0.093243
43 -0.228114 0.907624 -0.068529
44 -0.219719 0.901606 -0.037894
45 -0.218065 0.897618 -0.012130
46 -0.217646 0.895349 0.017586
47 -0.216462 0.890481 0.052371
48 -0.218336 0.892497 0.081005
49 -0.223306 0.891169 0.109121
50 -0.232560 0.880504 0.139215
51 -0.248104 0.875830 0.161395
52 -0.268808 0.869899 0.181274
53 -0.298582 0.863840 0.198831
54 -0.343281 0.855499 0.207396
55 -0.379601 0.856129 0.199218
56 -0.409051 0.854416 0.182807
57 -0.435210 0.847582 0.143411
58 -0.446363 0.840424 0.109604
59 -0.455354 0.837818 0.082235
Frame 630
30 -0.464159 0.833351 0.047208
31 -0.467736 0.834249 0.014467
32 -0.464929 0.836360 -0.012316
33 -0.457603 0.840936 -0.041846
34 -0.449390 0.841241 -0.070815
35 -0.443924 0.846299 -0.100203
36 -0.428212 0.859346 -0.126656
37 -0.392361 0.883190 -0.153499
38 -0.355890 0.891437 -0.162166
39 -0.310657 0.901093 -0.156019
40 -0.278383 0.906504 -0.138286
41 -0.254149 0.906285 -0.116864
42 -0.238001 0.906943 -0.093720
43 -0.227805 0.907901 -0.069005
44 -0.219395 0.901882 -0.038372
45 -0.217734 0.897889 -0.012609
46 -0.217309 0.895615 0.017105
47 -0.216123 0.890738 0.051891
48 -0.217990 0.892743 0.080520
49 -0.222954 0.891405 0.108640
50 -0.232196 0.880727 0.138730
51 -0.247738 0.876034 0.160909
52 -0.268426 0.870080 0.180778
53 -0.298197 0.864000 0.198345
54 -0.342888 0.855629 0.206935
55 -0.379221 0.856219 0.198765
56 -0.408627 0.854480 0.182338
57 -0.434779 0.847645 0.142956
58 -0.445955 0.840500 0.109162
59 -0.454968 0.837896 0.081785
Frame 631
30 -0.463746 0.833368 0.046732
31 -0.467328 0.834253 0.013986
32 -0.464539 0.836328 -0.012795
33 -0.457246 0.840855 -0.042327
34 -0.449048 0.841173 -0.071338
35 -0.443538 0.846263 -0.100665
36 -0.427848 0.859212 -0.127118
37 -0.392034 0.883139 -0.154022
38 -0.355591 0.891478 -0.162701
39 -0.310344 0.901203 -0.156542
40 -0.278058 0.906656 -0.138793
41 -0.253803 0.906455 -0.117354
42 -0.237648 0.907121 -0.094200
43 -0.227450 0.908088 -0.069484
44 -0.219028 0.902079 -0.038850
45 -0.217365 0.898089 -0.013086
46 -0.216936 0.895818 0.016626
47 -0.215752 0.890940 0.051415
48 -0.217617 0.892942 0.080039
49 -0.222577 0.891603 0.108162
50 -0.231812 0.880919 0.138250
51 -0.247353 0.876214 0.160429
52 -0.268031 0.870242 0.180291
53 -0.297802 0.864145 0.197863
54 -0.342486 0.855742 0.206471
55 -0.378830 0.856292 0.198302
56 -0.408191 0.854525 0.181854
57 -0.434328 0.847674 0.142484
58 -0.445521 0.840534 0.108704
59 -0.454552 0.837925 0.081321
Frame 632
30 -0.463261 0.833321 0.046219
31 -0.466841 0.834180 0.013471
32 -0.464060 0.836216 -0.013306
33 -0.456792 0.840683 -0.042825
34 -0.448605 0.841006 -0.071868
35 -0.443049 0.846123 -0.101132
36 -0.427382 0.858967 -0.127583
37 -0.391596 0.882967 -0.154568
38 -0.355175 0.891398 -0.163258
39 -0.309915 0.901194 -0.157082
40 -0.277616 0.906699 -0.139312
41 -0.253346 0.906522 -0.117846
42 -0.237193 0.907207 -0.094678
43 -0.227001 0.908193 -0.069958
44 -0.218574 0.902205 -0.039320
45 -0.216914 0.898225 -0.013553
46 -0.216491 0.895968 0.016158
47 -0.215316 0.891102 0.050951
48 -0.217187 0.893112 0.079571
49 -0.222153 0.891780 0.107694
50 -0.231386 0.881101 0.137784
51 -0.246931 0.876390 0.159960
52 -0.267607 0.870407 0.179813
53 -0.297383 0.864293 0.197384
54 -0.342064 0.855856 0.205995
55 -0.378415 0.856364 0.197814
56 -0.407730 0.854560 0.181334
57 -0.433836 0.847678 0.141967
58 -0.445031 0.840529 0.108200
59 -0.454072 0.837901 0.080811
Frame 633
30 -0.462675 0.833206 0.045667
31 -0.466245 0.834023 0.012922
32 -0.463466 0.836012 -0.013847
33 -0.456214 0.840405 -0.043345
34 -0.448032 0.840730 -0.072397
35 -0.442433 0.845867 -0.101592
36 -0.426812 0.858587 -0.128054
37 -0.391046 0.882668 -0.155143
38 -0.354639 0.891197 -0.163849
39 -0.309361 0.901077 -0.157656
40 -0.277047 0.906649 -0.139862
41 -0.252766 0.906508 -0.118358
42 -0.236624 0.907224 -0.095175
43 -0.226441 0.908242 -0.070448
44 -0.218014 0.902290 -0.039799
45 -0.216362 0.898334 -0.014029
46 -0.215949 0.896103 0.015682
47 -0.214789 0.891260 0.050482
48 -0.216673 0.893288 0.079097
49 -0.221649 0.891978 0.107220
50 -0.230885 0.881313 0.137315
51 -0.246439 0.876600 0.159487
52 -0.267119 0.870607 0.179335
53 -0.296906 0.864469 0.196899
54 -0.341583 0.855985 0.205500
55 -0.377934 0.856445 0.197297
56 -0.407203 0.854589 0.180776
57 -0.433262 0.847653 0.141406
58 -0.444444 0.840480 0.107654
59 -0.453490 0.837822 0.080261
Frame 634
30 -0.461993 0.833028 0.045104
31 -0.465550 0.833787 0.012362
32 -0.462771 0.835722 -0.014396
33 -0.455532 0.840029 -0.043872
34 -0.447351 0.840353 -0.072908
35 -0.441720 0.845505 -0.102027
36 -0.426174 0.858078 -0.128523
37 -0.390426 0.882262 -0.155737
38 -0.354024 0.890899 -0.164468
39 -0.308730 0.900878 -0.158264
40 -0.276394 0.906532 -0.140446
41 -0.252104 0.906436 -0.118901
42 -0.235976 0.907199 -0.095704
43 -0.225802 0.908260 -0.070970
44 -0.217371 0.902361 -0.040307
45 -0.215726 0.898439 -0.014531
46 -0.215320 0.896246 0.015181
47 -0.214178 0.891437 0.049990
48 -0.216077 0.893493 0.078597
49 -0.221059 0.892216 0.106720
50 -0.230297 0.881570 0.136826
51 -0.245858 0.876857 0.158997
52 -0.266545 0.870853 0.178844
53 -0.296347 0.864679 0.196402
54 -0.341017 0.856133 0.204992
55 -0.377362 0.856531 0.196764
56 -0.406584 0.854607 0.180203
57 -0.432588 0.847596 0.140829
58 -0.443749 0.840386 0.107092
59 -0.452803 0.837690 0.079693
Frame 635
30 -0.461228 0.832800 0.044541
31 -0.464773 0.833490 0.011805
32 -0.461993 0.835369 -0.014940
33 -0.454761 0.839577 -0.044393
34 -0.446582 0.839899 -0.073396
35 -0.440925 0.845061 -0.102436
36 -0.425473 0.857472 -0.128979
37 -0.389748 0.881774 -0.156336
38 -0.353346 0.890525 -0.165100
39 -0.308034 0.900611 -0.158892
40 -0.275674 0.906357 -0.141053
41 -0.251375 0.906314 -0.119464
42 -0.235265 0.907135 -0.096255
43 -0.225096 0.908250 -0.071513
44 -0.216657 0.902416 -0.040835
45 -0.215017 0.898535 -0.015052
46 -0.214619 0.896390 0.014661
47 -0.213492 0.891622 0.049482
48 -0.215406 0.893712 0.078080
49 -0.220394 0.892477 0.106201
50 -0.229630 0.881857 0.136325
51 -0.245200 0.877143 0.158497
52 -0.265892 0.871127 0.178347
53 -0.295712 0.864909 0.195902
54 -0.340371 0.856290 0.204479
55 -0.376708 0.856621 0.196228
56 -0.405885 0.854614 0.179625
57 -0.431827 0.847512 0.140246
58 -0.442962 0.840258 0.106527
59 -0.452025 0.837514 0.079124
Frame 636
30 -0.460393 0.832536 0.043990
31 -0.463927 0.833152 0.011263
32 -0.461145 0.834968 -0.015468
33 -0.453921 0.839075 -0.044895
34 -0.445742 0.839392 -0.073859
35 -0.440066 0.844560 -0.102818
36 -0.424717 0.856804 -0.129417
37 -0.389021 0.881225 -0.156930
38 -0.352618 0.890092 -0.165731
39 -0.307291 0.900291 -0.159526
40 -0.274902 0.906134 -0.141669
41 -0.250595 0.906154 -0.120038
42 -0.234501 0.907038 -0.096818
43 -0.224337 0.908214 -0.072070
44 -0.215888 0.902452 -0.041374
45 -0.214251 0.898618 -0.015585
46 -0.213857 0.896526 0.014130
47 -0.212744 0.891805 0.048963
48 -0.214672 0.893936 0.077552
49 -0.219663 0.892748 0.105672
50 -0.228896 0.882157 0.135818
51 -0.244471 0.877443 0.157993
52 -0.265169 0.871416 0.177848
53 -0.295009 0.865149 0.195404
54 -0.339654 0.856450 0.203972
55 -0.375981 0.856706 0.195698
56 -0.405115 0.854610 0.179055
57 -0.430993 0.847407 0.139673
58 -0.442100 0.840103 0.105972
59 -0.451173 0.837309 0.078565
Frame 637
30 -0.459501 0.832249 0.043468
31 -0.463027 0.832786 0.010749
32 -0.460246 0.834540 -0.015968
33 -0.453027 0.838546 -0.045370
34 -0.444852 0.838851 -0.074292
35 -0.439163 0.844022 -0.103169
36 -0.423913 0.856108 -0.129829
37 -0.388254 0.880639 -0.157503
38 -0.351855 0.889620 -0.166349
39 -0.306512 0.899932 -0.160152
40 -0.274095 0.905876 -0.142283
41 -0.249778 0.905961 -0.120612
42 -0.233699 0.906912 -0.097383
43 -0.223539 0.908152 -0.072629
44 -0.215076 0.902466 -0.041918
45 -0.213439 0.898682 -0.016122
46 -0.213048 0.896646 0.013595
47 -0.211945 0.891977 0.048442
48 -0.213884 0.894150 0.077020
49 -0.218877 0.893013 0.105141
50 -0.228101 0.882454 0.135309
51 -0.243682 0.877742 0.157491
52 -0.264384 0.871703 0.177356
53 -0.294243 0.865387 0.194917
54 -0.338872 0.856606 0.203479
55 -0.375191 0.856786 0.195185
56 -0.404285 0.854597 0.178505
57 -0.430101 0.847290 0.139120
58 -0.441181 0.839932 0.105440
59 -0.450263 0.837084 0.078030
Frame 638
30 -0.458567 0.831953 0.042984
31 -0.462089 0.832411 0.010274
32 -0.459312 0.834102 -0.016427
33 -0.452100 0.838014 -0.045804
34 -0.443930 0.838302 -0.074692
35 -0.438232 0.843472 -0.103489
36 -0.423069 0.855418 -0.130206
37 -0.387460 0.880039 -0.158045
38 -0.351070 0.889129 -0.166937
39 -0.305714 0.899551 -0.160757
40 -0.273269 0.905593 -0.142880
41 -0.248942 0.905745 -0.121176
42 -0.232875 0.906764 -0.097940
43 -0.222715 0.908066 -0.073183
44 -0.214234 0.902456 -0.042456
45 -0.212596 0.898722 -0.016653
46 -0.212203 0.896743 0.013065
47 -0.211105 0.892127 0.047924
48 -0.213052 0.894344 0.076495
49 -0.218042 0.893256 0.104614
50 -0.227257 0.882732 0.134808
51 -0.242841 0.878022 0.156998
52 -0.263545 0.871972 0.176877
53 -0.293419 0.865611 0.194446
54 -0.338034 0.856751 0.203009
55 -0.374345 0.856854 0.194700
56 -0.403404 0.854573 0.177986
57 -0.429164 0.847166 0.138602
58 -0.440218 0.839754 0.104942
59 -0.449311 0.836851 0.077532
Frame 639
30 -0.457603 0.831659 0.042553
31 -0.461127 0.832042 0.009852
32 -0.458359 0.833672 -0.016836
33 -0.451155 0.837502 -0.046187
34 -0.442997 0.837764 -0.075056
35 -0.437296 0.842932 -0.103775
36 -0.422194 0.854770 -0.130544
37 -0.386649 0.879448 -0.158545
38 -0.350277 0.888636 -0.167483
39 -0.304910 0.899160 -0.161325
40 -0.272440 0.905295 -0.143448
41 -0.248100 0.905512 -0.121718
42 -0.232040 0.906596 -0.098478
43 -0.221877 0.907958 -0.073720
44 -0.213376 0.902419 -0.042982
45 -0.211732 0.898733 -0.017171
46 -0.211334 0.896808 0.012548
47 -0.210235 0.892245 0.047418
48 -0.212184 0.894505 0.075980
49 -0.217170 0.893463 0.104102
50 -0.226371 0.882972 0.134320
51 -0.241955 0.878268 0.156523
52 -0.262658 0.872208 0.176416
53 -0.292543 0.865810 0.194000
54 -0.337144 0.856876 0.202573
55 -0.373454 0.856906 0.194254
56 -0.402483 0.854541 0.177512
57 -0.428196 0.847041 0.138132
58 -0.439231 0.839576 0.104491
59 -0.448333 0.836622 0.077083
Frame 640
30 -0.456628 0.831380 0.042178
31 -0.460161 0.831695 0.009487
32 -0.457407 0.833267 -0.017189
33 -0.450214 0.837025 -0.046520
34 -0.442073 0.837258 -0.075384
35 -0.436369 0.842423 -0.104033
36 -0.421309 0.854179 -0.130848
37 -0.385836 0.878890 -0.158994
38 -0.349489 0.888166 -0.167981
39 -0.304115 0.898779 -0.161850
40 -0.271621 0.904995 -0.143978
41 -0.247266 0.905272 -0.122231
42 -0.231207 0.906412 -0.098992
43 -0.221038 0.907829 -0.074235
44 -0.212513 0.902352 -0.043487
45 -0.210859 0.898709 -0.017671
46 -0.210452 0.896834 0.012049
47 -0.209345 0.892318 0.046928
48 -0.211291 0.894618 0.075485
49 -0.216268 0.893618 0.103609
50 -0.225451 0.883159 0.133849
51 -0.241032 0.878460 0.156067
52 -0.261730 0.872393 0.175978
53 -0.291621 0.865964 0.193583
54 -0.336211 0.856969 0.202176
55 -0.372525 0.856934 0.193854
56 -0.401529 0.854497 0.177088
57 -0.427207 0.846919 0.137715
58 -0.438231 0.839405 0.104096
59 -0.447342 0.836402 0.076692
Frame 641
30 -0.455644 0.831114 0.041850
31 -0.459191 0.831368 0.009165
32 -0.456457 0.832885 -0.017503
33 -0.449280 0.836581 -0.046822
34 -0.441156 0.836784 -0.075688
35 -0.435451 0.841947 -0.104275
36 -0.420425 0.853628 -0.131135
37 -0.385024 0.878368 -0.159407
38 -0.348704 0.887718 -0.168438
39 -0.303323 0.898409 -0.162339
40 -0.270806 0.904695 -0.144479
41 -0.246434 0.905024 -0.122723
42 -0.230372 0.906214 -0.099485
43 -0.220194 0.907676 -0.074732
44 -0.211643 0.902254 -0.043979
45 -0.209975 0.898649 -0.018159
46 -0.209554 0.896816 0.011562
47 -0.208435 0.892344 0.046449
48 -0.210372 0.894678 0.075002
49 -0.215337 0.893714 0.103130
50 -0.224498 0.883284 0.133391
51 -0.240073 0.878592 0.155625
52 -0.260762 0.872519 0.175555
53 -0.290656 0.866067 0.193184
54 -0.335238 0.857022 0.201807
55 -0.371559 0.856932 0.193487
56 -0.400541 0.854435 0.176702
57 -0.426192 0.846793 0.137340
58 -0.437211 0.839237 0.103741
59 -0.446336 0.836192 0.076345
Frame 642
30 -0.454642 0.830859 0.041551
31 -0.458211 0.831057 0.008873
32 -0.455499 0.832524 -0.017791
33 -0.448342 0.836162 -0.047104
34 -0.440238 0.836337 -0.075980
35 -0.434531 0.841497 -0.104512
36 -0.419532 0.853113 -0.131414
37 -0.384202 0.877876 -0.159796
38 -0.347912 0.887292 -0.168871
39 -0.302522 0.898048 -0.162806
40 -0.269986 0.904394 -0.144962
41 -0.245595 0.904768 -0.123202
42 -0.229526 0.905999 -0.099971
43 -0.219334 0.907501 -0.075221
44 -0.210754 0.902125 -0.044464
45 -0.209071 0.898552 -0.018640
46 -0.208632 0.896757 0.011080
47 -0.207496 0.892324 0.045974
48 -0.209420 0.894688 0.074522
49 -0.214369 0.893756 0.102655
50 -0.223507 0.883351 0.132936
51 -0.239072 0.878664 0.155187
52 -0.259751 0.872588 0.175137
53 -0.289643 0.866118 0.192794
54 -0.334218 0.857037 0.201452
55 -0.370548 0.856901 0.193141
56 -0.399513 0.854356 0.176342
57 -0.425148 0.846663 0.136995
58 -0.436167 0.839069 0.103414
59 -0.445308 0.835986 0.076028
Frame 643
30 -0.453615 0.830609 0.041266
31 -0.457211 0.830758 0.008593
32 -0.454526 0.832178 -0.018067
33 -0.447391 0.835762 -0.047382
34 -0.439309 0.835909 -0.076273
35 -0.433601 0.841066 -0.104754
36 -0.418622 0.852622 -0.131697
37 -0.383363 0.877407 -0.160176
38 -0.347101 0.886880 -0.169292
39 -0.301704 0.897695 -0.163263
40 -0.269149 0.904090 -0.145439
41 -0.244737 0.904501 -0.123679
42 -0.228657 0.905765 -0.100456
43 -0.218450 0.907301 -0.075713
44 -0.209840 0.901964 -0.044954
45 -0.208139 0.898420 -0.019127
46 -0.207679 0.896658 0.010594
47 -0.206523 0.892257 0.045493
48 -0.208430 0.894647 0.074039
49 -0.213360 0.893743 0.102176
50 -0.222474 0.883360 0.132476
51 -0.238026 0.878680 0.154745
52 -0.258692 0.872600 0.174715
53 -0.288580 0.866119 0.192403
54 -0.333150 0.857012 0.201101
55 -0.369492 0.856838 0.192803
56 -0.398442 0.854257 0.175994
57 -0.424067 0.846524 0.136663
58 -0.435092 0.838897 0.103100
59 -0.444250 0.835781 0.075725
Frame 644
30 -0.452556 0.830362 0.040982
31 -0.456183 0.830467 0.008311
32 -0.453527 0.831841 -0.018345
33 -0.446418 0.835376 -0.047668
34 -0.438359 0.835491 -0.076581
35 -0.432649 0.840645 -0.105013
36 -0.417685 0.852146 -0.131995
37 -0.382495 0.876951 -0.160560
38 -0.346264 0.886479 -0.169717
39 -0.300858 0.897342 -0.163725
40 -0.268285 0.903780 -0.145921
41 -0.243849 0.904221 -0.124166
42 -0.227755 0.905514 -0.100952
43 -0.217531 0.907076 -0.076215
44 -0.208889 0.901773 -0.045456
45 -0.207169 0.898253 -0.019627
46 -0.206687 0.896519 0.010094
47 -0.205508 0.892146 0.044998
48 -0.207395 0.894559 0.073541
49 -0.212305 0.893677 0.101684
50 -0.221393 0.883315 0.132001
51 -0.236931 0.878639 0.154287
52 -0.257581 0.872559 0.174278
53 -0.287463 0.866071 0.191998
54 -0.332029 0.856948 0.200741
55 -0.368384 0.856744 0.192459
56 -0.397322 0.854139 0.175645
57 -0.422945 0.846375 0.136330
58 -0.433980 0.838718 0.102783
59 -0.443157 0.835573 0.075422
Frame 645
30 -0.451457 0.830114 0.040681
31 -0.455117 0.830179 0.008013
32 -0.452494 0.831510 -0.018644
33 -0.445412 0.834996 -0.047975
34 -0.437378 0.835080 -0.076915
35 -0.431667 0.840228 -0.105298
36 -0.416710 0.851677 -0.132318
37 -0.381589 0.876503 -0.160963
38 -0.345388 0.886082 -0.170158
39 -0.299972 0.896989 -0.164202
40 -0.267381 0.903462 -0.146420
41 -0.242921 0.903928 -0.124672
42 -0.226811 0.905243 -0.101467
43 -0.216567 0.906828 -0.076739
44 -0.207893 0.901551 -0.045979
45 -0.206153 0.898050 -0.020147
46 -0.205647 0.896340 0.009573
47 -0.204444 0.891991 0.044480
48 -0.206309 0.894423 0.073022
49 -0.211198 0.893560 0.101170
50 -0.220260 0.883216 0.131503
51 -0.235783 0.878545 0.153807
52 -0.256416 0.872464 0.173818
53 -0.286290 0.865975 0.191570
54 -0.330853 0.856845 0.200361
55 -0.367220 0.856620 0.192096
56 -0.396149 0.853998 0.175279
57 -0.421777 0.846212 0.135982
58 -0.432824 0.838529 0.102449
59 -0.442022 0.835360 0.075103
Frame 646
30 -0.450312 0.829861 0.040348
31 -0.454007 0.829891 0.007683
32 -0.451417 0.831179 -0.018973
33 -0.444362 0.834617 -0.048318
34 -0.436356 0.834665 -0.077288
35 -0.430642 0.839807 -0.105622
36 -0.415689 0.851206 -0.132679
37 -0.380634 0.876054 -0.161397
38 -0.344464 0.885686 -0.170630
39 -0.299037 0.896631 -0.164708
40 -0.266428 0.903135 -0.146947
41 -0.241941 0.903620 -0.125208
42 -0.225812 0.904950 -0.102013
43 -0.215548 0.906552 -0.077291
44 -0.206843 0.901298 -0.046532
45 -0.205082 0.897813 -0.020699
46 -0.204552 0.896123 0.009020
47 -0.203326 0.891793 0.043930
48 -0.205166 0.894240 0.072471
49 -0.210033 0.893394 0.100627
50 -0.219069 0.883065 0.130973
51 -0.234578 0.878399 0.153293
52 -0.255193 0.872319 0.173322
53 -0.285058 0.865833 0.191107
54 -0.329617 0.856704 0.199947
55 -0.365997 0.856463 0.191702
56 -0.394919 0.853835 0.174883
57 -0.420556 0.846033 0.135605
58 -0.431619 0.838327 0.102084
59 -0.440837 0.835137 0.074753
Frame 647
30 -0.449111 0.829598 0.039969
31 -0.452842 0.829597 0.007307
32 -0.450286 0.830844 -0.019351
33 -0.443262 0.834233 -0.048709
34 -0.435282 0.834242 -0.077715
35 -0.429566 0.839375 -0.105993
36 -0.414611 0.850722 -0.133087
37 -0.379621 0.875597 -0.161878
38 -0.343482 0.885283 -0.171146
39 -0.298041 0.896263 -0.165256
40 -0.265414 0.902794 -0.147515
41 -0.240900 0.903293 -0.125784
42 -0.224751 0.904635 -0.102598
43 -0.214466 0.906251 -0.077883
44 -0.205729 0.901013 -0.047125
45 -0.203948 0.897541 -0.021290
46 -0.203394 0.895867 0.008429
47 -0.202144 0.891553 0.043342
48 -0.203960 0.894012 0.071880
49 -0.208804 0.893179 0.100043
50 -0.217817 0.882863 0.130402
51 -0.233310 0.878203 0.152738
52 -0.253909 0.872125 0.172784
53 -0.283762 0.865644 0.190599
54 -0.328317 0.856525 0.199488
55 -0.364710 0.856275 0.191262
56 -0.393628 0.853647 0.174445
57 -0.419277 0.845834 0.135183
58 -0.430356 0.838109 0.101674
59 -0.439596 0.834901 0.074358
Frame 648
30 -0.447855 0.829332 0.039544
31 -0.451626 0.829305 0.006884
32 -0.449108 0.830511 -0.019775
33 -0.442116 0.833851 -0.049148
34 -0.434168 0.833820 -0.078194
35 -0.428451 0.838945 -0.106413
36 -0.413492 0.850239 -0.133544
37 -0.378568 0.875145 -0.162410
38 -0.342461 0.884887 -0.171716
39 -0.297001 0.895896 -0.165859
40 -0.264354 0.902446 -0.148138
41 -0.239808 0.902953 -0.126419
42 -0.223634 0.904298 -0.103241
43 -0.213325 0.905922 -0.078533
44 -0.204555 0.900693 -0.047778
45 -0.202752 0.897229 -0.021942
46 -0.202171 0.895565 0.007775
47 -0.200896 0.891261 0.042691
48 -0.202683 0.893726 0.071226
49 -0.207501 0.892902 0.099397
50 -0.216488 0.882595 0.129768
51 -0.231966 0.877940 0.152120
52 -0.252545 0.871864 0.172181
53 -0.282386 0.865396 0.190030
54 -0.326935 0.856294 0.198970
55 -0.363341 0.856045 0.190766
56 -0.392259 0.853427 0.173957
57 -0.417929 0.845613 0.134713
58 -0.429030 0.837873 0.101213
59 -0.438295 0.834653 0.073913
Frame 649
30 -0.446563 0.829070 0.039087
31 -0.450382 0.829026 0.006431
32 -0.447908 0.830195 -0.020230
33 -0.440958 0.833487 -0.049620
34 -0.433050 0.833416 -0.078712
35 -0.427335 0.838534 -0.106869
36 -0.412374 0.849774 -0.134038
37 -0.377516 0.874716 -0.162979
38 -0.341441 0.884512 -0.172330
39 -0.295958 0.895541 -0.166511
40 -0.263287 0.902103 -0.148816
41 -0.238701 0.902604 -0.127112
42 -0.222495 0.903946 -0.103946
43 -0.212157 0.905567 -0.079247
44 -0.203347 0.900338 -0.048498
45 -0.201517 0.896875 -0.022664
46 -0.200903 0.895214 0.007053
47 -0.199597 0.890911 0.041970
48 -0.201347 0.893375 0.070504
49 -0.206134 0.892555 0.098683
50 -0.215091 0.882252 0.129065
51 -0.230549 0.877600 0.151435
52 -0.251105 0.871531 0.171513
53 -0.280931 0.865081 0.189399
54 -0.325473 0.856009 0.198398
55 -0.361893 0.855770 0.190223
56 -0.390819 0.853173 0.173427
57 -0.416523 0.845371 0.134206
58 -0.427654 0.837622 0.100713
59 -0.436949 0.834398 0.073435
Frame 650
30 -0.445263 0.828817 0.038610
31 -0.449135 0.828764 0.005959
32 -0.446712 0.829898 -0.020704
33 -0.439811 0.833141 -0.050112
34 -0.431948 0.833032 -0.079257
35 -0.426238 0.838146 -0.107352
36 -0.411282 0.849326 -0.134559
37 -0.376489 0.874312 -0.163577
38 -0.340446 0.884160 -0.172976
39 -0.294933 0.895202 -0.167199
40 -0.262234 0.901767 -0.149537
41 -0.237601 0.902255 -0.127851
42 -0.221359 0.903584 -0.104698
43 -0.210986 0.905196 -0.080010
44 -0.202132 0.899957 -0.049271
45 -0.200271 0.896490 -0.023439
46 -0.199618 0.894826 0.006276
47 -0.198275 0.890517 0.041193
48 -0.199983 0.892975 0.069726
49 -0.204733 0.892153 0.097915
50 -0.213656 0.881850 0.128305
51 -0.229091 0.877202 0.150695
52 -0.249621 0.871139 0.170793
53 -0.279427 0.864713 0.188720
54 -0.323962 0.855680 0.197784
55 -0.360400 0.855460 0.189646
56 -0.389337 0.852897 0.172868
57 -0.415088 0.845115 0.133674
58 -0.426258 0.837365 0.100190
59 -0.435588 0.834142 0.072933
Frame 651
30 -0.443980 0.828577 0.038124
31 -0.447912 0.828521 0.005479
32 -0.445545 0.829622 -0.021184
33 -0.438699 0.832815 -0.050615
34 -0.430888 0.832670 -0.079814
35 -0.425183 0.837783 -0.107851
36 -0.410237 0.848897 -0.135096
37 -0.375509 0.873936 -0.164189
38 -0.339498 0.883834 -0.173641
39 -0.293950 0.894882 -0.167914
40 -0.261219 0.901443 -0.150287
41 -0.236535 0.901909 -0.128622
42 -0.220252 0.903218 -0.105485
43 -0.209838 0.904817 -0.080810
44 -0.200935 0.899562 -0.050082
45 -0.199039 0.896086 -0.024254
46 -0.198342 0.894412 0.005459
47 -0.196958 0.890093 0.040376
48 -0.198617 0.892539 0.068906
49 -0.203325 0.891711 0.097105
50 -0.212212 0.881404 0.127505
51 -0.227620 0.876759 0.149916
52 -0.248122 0.870705 0.170036
53 -0.277906 0.864307 0.188006
54 -0.322434 0.855322 0.197143
55 -0.358891 0.855127 0.189046
56 -0.387845 0.852603 0.172292
57 -0.413650 0.844853 0.133129
58 -0.424867 0.837109 0.099654
59 -0.434238 0.833892 0.072421
Frame 652
30 -0.442740 0.828354 0.037640
31 -0.446737 0.828300 0.005002
32 -0.444429 0.829370 -0.021662
33 -0.437648 0.832510 -0.051115
34 -0.429892 0.832332 -0.080374
35 -0.424190 0.837445 -0.108358
36 -0.409265 0.848485 -0.135638
37 -0.374600 0.873591 -0.164806
38 -0.338618 0.883536 -0.174314
39 -0.293033 0.894585 -0.168640
40 -0.260266 0.901135 -0.151053
41 -0.235525 0.901573 -0.129413
42 -0.219195 0.902858 -0.106292
43 -0.208738 0.904436 -0.081632
44 -0.199783 0.899160 -0.050920
45 -0.197848 0.895670 -0.025095
46 -0.197104 0.893984 0.004614
47 -0.195672 0.889648 0.039530
48 -0.197280 0.892081 0.068060
49 -0.201942 0.891244 0.096268
50 -0.210788 0.880931 0.126676
51 -0.226167 0.876289 0.149110
52 -0.246639 0.870246 0.169255
53 -0.276398 0.863879 0.187272
54 -0.320921 0.854945 0.196486
55 -0.357397 0.854783 0.188436
56 -0.386372 0.852305 0.171711
57 -0.412239 0.844594 0.132582
58 -0.423510 0.836859 0.099116
59 -0.432926 0.833654 0.071910
Frame 653
30 -0.441569 0.828154 0.037169
31 -0.445634 0.828105 0.004540
32 -0.443390 0.829143 -0.022125
33 -0.436680 0.832228 -0.051602
34 -0.428983 0.832020 -0.080921
35 -0.423283 0.837138 -0.108862
36 -0.408389 0.848094 -0.136177
37 -0.373784 0.873278 -0.165414
38 -0.337831 0.883270 -0.174981
39 -0.292206 0.894313 -0.169367
40 -0.259396 0.900847 -0.151822
41 -0.234597 0.901254 -0.130209
42 -0.218216 0.902508 -0.107107
43 -0.207711 0.904063 -0.082463
44 -0.198701 0.898760 -0.051768
45 -0.196725 0.895255 -0.025949
46 -0.195930 0.893553 0.003757
47 -0.194448 0.889199 0.038672
48 -0.195998 0.891613 0.067200
49 -0.200611 0.890765 0.095419
50 -0.209413 0.880443 0.125835
51 -0.224760 0.875807 0.148292
52 -0.245201 0.869775 0.168465
53 -0.274935 0.863441 0.186532
54 -0.319453 0.854564 0.195827
55 -0.355952 0.854438 0.187829
56 -0.384947 0.852009 0.171137
57 -0.410882 0.844341 0.132045
58 -0.422214 0.836621 0.098592
59 -0.431679 0.833433 0.071411
Frame 654
30 -0.440494 0.827981 0.036722
31 -0.444630 0.827938 0.004102
32 -0.442453 0.828945 -0.022564
33 -0.435822 0.831971 -0.052065
34 -0.428184 0.831737 -0.081446
35 -0.422481 0.836860 -0.109354
36 -0.407633 0.847722 -0.136701
37 -0.373084 0.873001 -0.166002
38 -0.337159 0.883035 -0.175629
39 -0.291492 0.894071 -0.170081
40 -0.258634 0.900585 -0.152581
41 -0.233774 0.900956 -0.130997
42 -0.217339 0.902177 -0.107917
43 -0.206783 0.903707 -0.083289
44 -0.197717 0.898375 -0.052614
45 -0.195696 0.894851 -0.026800
46 -0.194847 0.893131 0.002900
47 -0.193310 0.888755 0.037813
48 -0.194801 0.891152 0.066341
49 -0.199362 0.890290 0.094571
50 -0.208118 0.879960 0.124994
51 -0.223429 0.875328 0.147476
52 -0.243838 0.869310 0.167680
53 -0.273545 0.863008 0.185798
54 -0.318062 0.854191 0.195180
55 -0.354584 0.854104 0.187239
56 -0.383601 0.851723 0.170581
57 -0.409609 0.844104 0.131530
58 -0.421006 0.836403 0.098092
59 -0.430525 0.833234 0.070937
Frame 655
30 -0.439531 0.827839 0.036307
31 -0.443741 0.827803 0.003696
32 -0.441633 0.828777 -0.022969
33 -0.435085 0.831740 -0.052494
34 -0.427508 0.831481 -0.081938
35 -0.421798 0.836613 -0.109823
36 -0.407006 0.847374 -0.137198
37 -0.372512 0.872760 -0.166562
38 -0.336612 0.882834 -0.176250
39 -0.290901 0.893860 -0.170773
40 -0.257991 0.900349 -0.153320
41 -0.233068 0.900681 -0.131767
42 -0.216577 0.901867 -0.108708
43 -0.205969 0.903369 -0.084098
44 -0.196845 0.898006 -0.053446
45 -0.194778 0.894464 -0.027638
46 -0.193873 0.892725 0.002058
47 -0.192278 0.888325 0.036969
48 -0.193708 0.890703 0.065496
49 -0.198213 0.889830 0.093735
50 -0.206923 0.879489 0.124168
51 -0.222195 0.874863 0.146674
52 -0.242572 0.868860 0.166910
53 -0.272251 0.862591 0.185083
54 -0.316769 0.853834 0.194553
55 -0.353314 0.853788 0.186674
56 -0.382351 0.851457 0.170054
57 -0.408436 0.843889 0.131048
58 -0.419906 0.836210 0.097627
59 -0.429482 0.833063 0.070497
Frame 656
30 -0.438658 0.827722 0.035918
31 -0.442941 0.827696 0.003315
32 -0.440902 0.828637 -0.023351
33 -0.434439 0.831534 -0.052896
34 -0.426921 0.831249 -0.082404
35 -0.421202 0.836392 -0.110269
36 -0.406470 0.847051 -0.137670
37 -0.372032 0.872548 -0.167096
38 -0.336155 0.882663 -0.176848
39 -0.290400 0.893675 -0.171442
40 -0.257434 0.900135 -0.154038
41 -0.232449 0.900427 -0.132515
42 -0.215903 0.901574 -0.109482
43 -0.205241 0.903045 -0.084890
44 -0.196057 0.897652 -0.054261
45 -0.193944 0.894091 -0.028459
46 -0.192980 0.892330 0.001232
47 -0.191326 0.887905 0.036140
48 -0.192694 0.890264 0.064667
49 -0.197143 0.889378 0.092914
50 -0.205805 0.879028 0.123355
51 -0.221035 0.874408 0.145885
52 -0.241380 0.868423 0.166159
53 -0.271030 0.862184 0.184385
54 -0.315551 0.853489 0.193946
55 -0.352120 0.853485 0.186133
56 -0.381175 0.851202 0.169554
57 -0.407338 0.843688 0.130595
58 -0.418884 0.836036 0.097194
59 -0.428522 0.832913 0.070086
Frame 657
30 -0.437833 0.827626 0.035546
31 -0.442190 0.827611 0.002952
32 -0.440220 0.828519 -0.023715
33 -0.433841 0.831348 -0.053280
34 -0.426381 0.831037 -0.082852
35 -0.420650 0.836192 -0.110703
36 -0.405979 0.846749 -0.138124
37 -0.371599 0.872362 -0.167612
38 -0.335744 0.882516 -0.177426
39 -0.289942 0.893511 -0.172093
40 -0.256920 0.899941 -0.154739
41 -0.231874 0.900187 -0.133245
42 -0.215275 0.901294 -0.110238
43 -0.204558 0.902735 -0.085665
44 -0.195314 0.897307 -0.055061
45 -0.193153 0.893725 -0.029266
46 -0.192132 0.891944 0.000419
47 -0.190416 0.887490 0.035324
48 -0.191723 0.889828 0.063853
49 -0.196114 0.888930 0.092107
50 -0.204729 0.878569 0.122556
51 -0.219915 0.873955 0.145109
52 -0.240229 0.867989 0.165420
53 -0.269850 0.861781 0.183698
54 -0.314375 0.853148 0.193354
55 -0.350965 0.853188 0.185608
56 -0.380036 0.850954 0.169072
57 -0.406281 0.843497 0.130163
58 -0.417907 0.835876 0.096782
59 -0.427610 0.832781 0.069696
Frame 658
30 -0.437018 0.827542 0.035181
31 -0.441447 0.827539 0.002596
32 -0.439545 0.828417 -0.024074
33 -0.433249 0.831177 -0.053655
34 -0.425844 0.830840 -0.083293
35 -0.420098 0.836009 -0.111130
36 -0.405491 0.846464 -0.138570
37 -0.371166 0.872195 -0.168117
38 -0.335333 0.882386 -0.177991
39 -0.289483 0.893362 -0.172730
40 -0.256406 0.899759 -0.155424
41 -0.231300 0.899957 -0.133960
42 -0.214649 0.901023 -0.110979
43 -0.203877 0.902429 -0.086425
44 -0.194574 0.896966 -0.055846
45 -0.192367 0.893362 -0.030059
46 -0.191288 0.891558 -0.000379
47 -0.189511 0.887073 0.034522
48 -0.190757 0.889391 0.063053
49 -0.195092 0.888479 0.091312
50 -0.203660 0.878105 0.121769
51 -0.218801 0.873498 0.144342
52 -0.239085 0.867553 0.164692
53 -0.268674 0.861373 0.183022
54 -0.313204 0.852802 0.192772
55 -0.349816 0.852890 0.185094
56 -0.378902 0.850706 0.168600
57 -0.405229 0.843310 0.129742
58 -0.416936 0.835723 0.096382
59 -0.426706 0.832659 0.069317
Frame 659
30 -0.436173 0.827465 0.034816
31 -0.440673 0.827475 0.002236
32 -0.438836 0.828324 -0.024436
33 -0.432622 0.831017 -0.054032
34 -0.425270 0.830656 -0.083737
35 -0.419503 0.835841 -0.111562
36 -0.404958 0.846191 -0.139016
37 -0.370689 0.872041 -0.168618
38 -0.334876 0.882268 -0.178549
39 -0.288979 0.893224 -0.173358
40 -0.255848 0.899586 -0.156099
41 -0.230683 0.899733 -0.134661
42 -0.213982 0.900756 -0.111707
43 -0.203157 0.902127 -0.087171
44 -0.193797 0.896625 -0.056618
45 -0.191545 0.892998 -0.030838
46 -0.190409 0.891169 -0.001165
47 -0.188574 0.886651 0.033733
48 -0.189761 0.888946 0.062265
49 -0.194040 0.888019 0.090529
50 -0.202563 0.877631 0.120992
51 -0.217660 0.873031 0.143585
52 -0.237913 0.867105 0.163971
53 -0.267472 0.860953 0.182351
54 -0.312005 0.852447 0.192193
55 -0.348638 0.852584 0.184583
56 -0.377737 0.850453 0.168132
57 -0.404146 0.843121 0.129324
58 -0.415936 0.835573 0.095985
59 -0.425773 0.832541 0.068939
Frame 660
30 -0.435258 0.827386 0.034439
31 -0.439826 0.827413 0.001865
32 -0.438053 0.828235 -0.024810
33 -0.431917 0.830863 -0.054422
34 -0.424613 0.830480 -0.084194
35 -0.418824 0.835682 -0.112005
36 -0.404338 0.845927 -0.139470
37 -0.370122 0.871896 -0.169122
38 -0.334328 0.882158 -0.179108
39 -0.288384 0.893091 -0.173980
40 -0.255202 0.899415 -0.156764
41 -0.229983 0.899511 -0.135353
42 -0.213233 0.900489 -0.112423
43 -0.202356 0.901821 -0.087906
44 -0.192942 0.896280 -0.057377
45 -0.190647 0.892627 -0.031605
46 -0.189458 0.890770 -0.001938
47 -0.187567 0.886218 0.032955
48 -0.188697 0.888489 0.061489
49 -0.192923 0.887544 0.089758
50 -0.201404 0.877140 0.120225
51 -0.216457 0.872546 0.142834
52 -0.236682 0.866640 0.163256
53 -0.266208 0.860516 0.181681
54 -0.310743 0.852075 0.191613
55 -0.347396 0.852262 0.184069
56 -0.376509 0.850189 0.167658
57 -0.402998 0.842925 0.128899
58 -0.414869 0.835417 0.095580
59 -0.424771 0.832420 0.068551
Frame 661
30 -0.434233 0.827301 0.034043
31 -0.438866 0.827347 0.001473
32 -0.437153 0.828143 -0.025206
33 -0.431092 0.830710 -0.054835
34 -0.423833 0.830307 -0.084672
35 -0.418014 0.835528 -0.112469
36 -0.403587 0.845667 -0.139943
37 -0.369418 0.871752 -0.169638
38 -0.333644 0.882048 -0.179671
39 -0.287653 0.892957 -0.174602
40 -0.254424 0.899241 -0.157424
41 -0.229153 0.899286 -0.136037
42 -0.212357 0.900217 -0.113129
43 -0.201433 0.901509 -0.088627
44 -0.191967 0.895924 -0.058125
45 -0.189634 0.892244 -0.032360
46 -0.188394 0.890357 -0.002700
47 -0.186451 0.885768 0.032189
48 -0.187527 0.888012 0.060724
49 -0.191705 0.887048 0.088998
50 -0.200147 0.876626 0.119466
51 -0.215159 0.872035 0.142088
52 -0.235357 0.866148 0.162542
53 -0.264848 0.860053 0.181009
54 -0.309384 0.851677 0.191027
55 -0.346055 0.851918 0.183546
56 -0.375181 0.849906 0.167171
57 -0.401750 0.842715 0.128459
58 -0.413698 0.835250 0.095158
59 -0.423664 0.832290 0.068147
Frame 662
30 -0.433060 0.827200 0.033616
31 -0.437754 0.827269 0.001049
32 -0.436097 0.828044 -0.025633
33 -0.430107 0.830553 -0.055279
34 -0.422886 0.830135 -0.085183
35 -0.417033 0.835376 -0.112962
36 -0.402659 0.845408 -0.140443
37 -0.368533 0.871606 -0.170170
38 -0.332779 0.881933 -0.180247
39 -0.286742 0.892817 -0.175228
40 -0.253471 0.899059 -0.158082
41 -0.228152 0.899052 -0.136716
42 -0.211314 0.899935 -0.113826
43 -0.200344 0.901186 -0.089341
44 -0.190833 0.895554 -0.058862
45 -0.188463 0.891844 -0.033105
46 -0.187179 0.889925 -0.003452
47 -0.185189 0.885296 0.031432
48 -0.186216 0.887511 0.059969
49 -0.190349 0.886524 0.088246
50 -0.198758 0.876082 0.118713
51 -0.213732 0.871494 0.141347
52 -0.233905 0.865623 0.161826
53 -0.263360 0.859556 0.180331
54 -0.307892 0.851247 0.190430
55 -0.344581 0.851542 0.183007
56 -0.373721 0.849601 0.166664
57 -0.400366 0.842486 0.127995
58 -0.412388 0.835067 0.094708
59 -0.422413 0.832145 0.067714
Frame 663
30 -0.431716 0.827083 0.033153
31 -0.436466 0.827177 0.000585
32 -0.434861 0.827934 -0.026104
33 -0.428934 0.830393 -0.055777
34 -0.421741 0.829963 -0.085751
35 -0.415844 0.835226 -0.113510
36 -0.401511 0.845149 -0.140992
37 -0.367426 0.871457 -0.170731
38 -0.331693 0.881812 -0.180839
39 -0.285615 0.892669 -0.175859
40 -0.252309 0.898867 -0.158737
41 -0.226951 0.898808 -0.137389
42 -0.210074 0.899641 -0.114516
43 -0.199065 0.900848 -0.090044
44 -0.189514 0.895166 -0.059588
45 -0.187113 0.891424 -0.033839
46 -0.185789 0.889470 -0.004192
47 -0.183759 0.884798 0.030687
48 -0.184740 0.886981 0.059225
49 -0.188835 0.885969 0.087505
50 -0.197215 0.875503 0.117967
51 -0.212156 0.870915 0.140609
52 -0.232306 0.865059 0.161110
53 -0.261725 0.859022 0.179646
54 -0.306250 0.850778 0.189820
55 -0.342956 0.851133 0.182447
56 -0.372109 0.849269 0.166130
57 -0.398827 0.842236 0.127499
58 -0.410918 0.834864 0.094224
59 -0.420996 0.831981 0.067247
Frame 664
30 -0.430235 0.826964 0.032659
31 -0.435038 0.827087 0.000085
32 -0.433479 0.827829 -0.026618
33 -0.427608 0.830243 -0.056331
34 -0.420427 0.829804 -0.086383
35 -0.414470 0.835090 -0.114120
36 -0.400166 0.844906 -0.141598
37 -0.366117 0.871320 -0.171318
38 -0.330410 0.881701 -0.181443
39 -0.284302 0.892529 -0.176487
40 -0.250968 0.898678 -0.159382
41 -0.225580 0.898566 -0.138051
42 -0.208670 0.899347 -0.115194
43 -0.197626 0.900507 -0.090732
44 -0.188040 0.894771 -0.060299
45 -0.185614 0.890995 -0.034557
46 -0.184255 0.889002 -0.004916
47 -0.182191 0.884285 0.029957
48 -0.183132 0.886434 0.058495
49 -0.187193 0.885394 0.086780
50 -0.195552 0.874901 0.117233
51 -0.210464 0.870311 0.139881
52 -0.230593 0.864468 0.160396
53 -0.259976 0.858460 0.178958
54 -0.304493 0.850285 0.189200
55 -0.341212 0.850702 0.181871
56 -0.370381 0.848920 0.165574
57 -0.397165 0.841975 0.126977
58 -0.409319 0.834653 0.093710
59 -0.419446 0.831812 0.066749
Frame 665
30 -0.428664 0.826855 0.032141
31 -0.433514 0.827012 -0.000442
32 -0.431998 0.827744 -0.027164
33 -0.426174 0.830118 -0.056927
34 -0.418994 0.829674 -0.087062
35 -0.412966 0.834985 -0.114777
36 -0.398677 0.844695 -0.142246
37 -0.364664 0.871213 -0.171921
38 -0.328985 0.881615 -0.182050
39 -0.282850 0.892410 -0.177106
40 -0.249498 0.898509 -0.160011
41 -0.224087 0.898341 -0.138695
42 -0.207150 0.899068 -0.115852
43 -0.196073 0.900179 -0.091401
44 -0.186459 0.894387 -0.060988
45 -0.184011 0.890573 -0.035253
46 -0.182623 0.888538 -0.005619
47 -0.180531 0.883772 0.029248
48 -0.181437 0.885885 0.057787
49 -0.185469 0.884813 0.086074
50 -0.193811 0.874292 0.116517
51 -0.208699 0.869698 0.139167
52 -0.228808 0.863865 0.159690
53 -0.258159 0.857889 0.178274
54 -0.302666 0.849785 0.188576
55 -0.339399 0.850265 0.181287
56 -0.368579 0.848571 0.165005
57 -0.395425 0.841720 0.126438
58 -0.407637 0.834448 0.093176
59 -0.417808 0.831652 0.066230
Frame 666
30 -0.427046 0.826776 0.031609
31 -0.431941 0.826969 -0.000987
32 -0.430463 0.827696 -0.027732
33 -0.424680 0.830036 -0.057553
34 -0.417489 0.829586 -0.087773
35 -0.411382 0.834924 -0.115465
36 -0.397098 0.844534 -0.142922
37 -0.363118 0.871154 -0.172529
38 -0.327468 0.881573 -0.182651
39 -0.281312 0.892332 -0.177710
40 -0.247945 0.898377 -0.160621
41 -0.222519 0.898149 -0.139316
42 -0.205559 0.898820 -0.116486
43 -0.194455 0.899881 -0.092043
44 -0.184818 0.894028 -0.061651
45 -0.182351 0.890173 -0.035924
46 -0.180938 0.888095 -0.006295
47 -0.178824 0.883278 0.028565
48 -0.179699 0.885351 0.057105
49 -0.183706 0.884245 0.085394
50 -0.192035 0.873692 0.115823
51 -0.206904 0.869093 0.138473
52 -0.226996 0.863270 0.159002
53 -0.256317 0.857326 0.177602
54 -0.300816 0.849294 0.187956
55 -0.337561 0.849840 0.180700
56 -0.366751 0.848238 0.164431
57 -0.393653 0.841484 0.125890
58 -0.405917 0.834267 0.092630
59 -0.416130 0.831517 0.065698
Frame 667
30 -0.425428 0.826740 0.031072
31 -0.430363 0.826973 -0.001538
32 -0.428919 0.827698 -0.028309
33 -0.423170 0.830011 -0.058193
34 -0.415962 0.829560 -0.088500
35 -0.409772 0.834925 -0.116168
36 -0.395484 0.844440 -0.143609
37 -0.361530 0.871159 -0.173133
38 -0.325910 0.881590 -0.183239
39 -0.279738 0.892311 -0.178292
40 -0.246359 0.898299 -0.161204
41 -0.220923 0.898008 -0.139909
42 -0.203944 0.898620 -0.117090
43 -0.192817 0.899627 -0.092656
44 -0.183161 0.893711 -0.062283
45 -0.180680 0.889815 -0.036563
46 -0.179246 0.887689 -0.006941
47 -0.177113 0.882818 0.027912
48 -0.177961 0.884848 0.056453
49 -0.181948 0.883706 0.084743
50 -0.190270 0.873119 0.115158
51 -0.205121 0.868513 0.137805
52 -0.225199 0.862697 0.158334
53 -0.254494 0.856787 0.176947
54 -0.298990 0.848831 0.187347
55 -0.335745 0.849445 0.180120
56 -0.364940 0.847934 0.163861
57 -0.391892 0.841282 0.125343
58 -0.404205 0.834122 0.092082
59 -0.414455 0.831422 0.065163
Frame 668
30 -0.423855 0.826763 0.030539
31 -0.428826 0.827041 -0.002085
32 -0.427413 0.827771 -0.028886
33 -0.421691 0.830060 -0.058835
34 -0.414461 0.829609 -0.089227
35 -0.408188 0.835001 -0.116873
36 -0.393889 0.844431 -0.144296
37 -0.359956 0.871247 -0.173722
38 -0.324362 0.881686 -0.183805
39 -0.278178 0.892362 -0.178845
40 -0.244790 0.898291 -0.161755
41 -0.219347 0.897934 -0.140468
42 -0.202355 0.898485 -0.117661
43 -0.191207 0.899434 -0.093233
44 -0.181536 0.893453 -0.062878
45 -0.179044 0.889512 -0.037166
46 -0.177593 0.887336 -0.007550
47 -0.175446 0.882408 0.027295
48 -0.176269 0.884394 0.055838
49 -0.180239 0.883213 0.084128
50 -0.188557 0.872590 0.114525
51 -0.203395 0.867975 0.137168
52 -0.223460 0.862167 0.157695
53 -0.252734 0.856290 0.176316
54 -0.297233 0.848411 0.186753
55 -0.333997 0.849095 0.179550
56 -0.363191 0.847676 0.163303
57 -0.390189 0.841130 0.124803
58 -0.402546 0.834029 0.091539
59 -0.412829 0.831381 0.064632
Frame 669
30 -0.422372 0.826862 0.030019
31 -0.427375 0.827188 -0.002622
32 -0.425987 0.827926 -0.029451
33 -0.420290 0.830199 -0.059464
34 -0.413036 0.829750 -0.089937
35 -0.406682 0.835171 -0.117562
36 -0.392369 0.844526 -0.144966
37 -0.358447 0.871434 -0.174286
38 -0.322877 0.881876 -0.184341
39 -0.276682 0.892504 -0.179364
40 -0.243285 0.898372 -0.162269
41 -0.217838 0.897944 -0.140987
42 -0.200836 0.898429 -0.118192
43 -0.189670 0.899319 -0.093769
44 -0.179988 0.893270 -0.063432
45 -0.177489 0.889282 -0.037729
46 -0.176023 0.887054 -0.008119
47 -0.173865 0.882065 0.026719
48 -0.174668 0.884004 0.055264
49 -0.178624 0.882782 0.083552
50 -0.186942 0.872119 0.113931
51 -0.201767 0.867495 0.136567
52 -0.221823 0.861694 0.157091
53 -0.251082 0.855852 0.175717
54 -0.295592 0.848055 0.186183
55 -0.332363 0.848808 0.179001
56 -0.361550 0.847479 0.162765
57 -0.388588 0.841041 0.124282
58 -0.400985 0.834004 0.091012
59 -0.411297 0.831411 0.064115
Frame 670
30 -0.421009 0.827004 0.029523
31 -0.426040 0.827383 -0.003132
32 -0.424677 0.828133 -0.029991
33 -0.419001 0.830395 -0.060064
34 -0.411724 0.829951 -0.090613
35 -0.405297 0.835401 -0.118220
36 -0.390968 0.844691 -0.145605
37 -0.357049 0.871688 -0.174815
38 -0.321498 0.882127 -0.184841
39 -0.275295 0.892703 -0.179846
40 -0.241887 0.898505 -0.162747
41 -0.216436 0.898000 -0.141469
42 -0.199426 0.898420 -0.118686
43 -0.188243 0.899248 -0.094269
44 -0.178554 0.893128 -0.063950
45 -0.176047 0.889092 -0.038255
46 -0.174568 0.886809 -0.008651
47 -0.172401 0.881757 0.026178
48 -0.173184 0.883648 0.054725
49 -0.177127 0.882382 0.083013
50 -0.185447 0.871680 0.113371
51 -0.200261 0.867045 0.136001
52 -0.220310 0.861250 0.156519
53 -0.249558 0.855445 0.175148
54 -0.294088 0.847733 0.185638
55 -0.330865 0.848557 0.178475
56 -0.360039 0.847313 0.162254
57 -0.387113 0.840987 0.123786
58 -0.399549 0.834015 0.090509
59 -0.409887 0.831481 0.063624
Frame 671
30 -0.419734 0.827148 0.029042
31 -0.424792 0.827583 -0.003628
32 -0.423450 0.828350 -0.030513
33 -0.417794 0.830607 -0.060643
34 -0.410496 0.830170 -0.091264
35 -0.404002 0.835647 -0.118853
36 -0.389655 0.844884 -0.146221
37 -0.355733 0.871964 -0.175319
38 -0.320196 0.882396 -0.185314
39 -0.273984 0.892914 -0.180299
40 -0.240565 0.898648 -0.163197
41 -0.215112 0.898065 -0.141923
42 -0.198096 0.898416 -0.119150
43 -0.186898 0.899182 -0.094739
44 -0.177201 0.892989 -0.064439
45 -0.174689 0.888902 -0.038752
46 -0.173199 0.886562 -0.009154
47 -0.171024 0.881446 0.025666
48 -0.171790 0.883287 0.054216
49 -0.175722 0.881977 0.082501
50 -0.184044 0.871233 0.112840
51 -0.198850 0.866587 0.135461
52 -0.218890 0.860798 0.155971
53 -0.248133 0.855029 0.174602
54 -0.292688 0.847407 0.185111
55 -0.329472 0.848302 0.177966
56 -0.358628 0.847142 0.161759
57 -0.385733 0.840929 0.123306
58 -0.398205 0.834024 0.090022
59 -0.408568 0.831551 0.063148
Frame 672
30 -0.418505 0.827294 0.028554
31 -0.423583 0.827787 -0.004130
32 -0.422257 0.828576 -0.031041
33 -0.416616 0.830833 -0.061223
34 -0.409295 0.830406 -0.091907
35 -0.402736 0.835913 -0.119481
36 -0.388370 0.845105 -0.146831
37 -0.354436 0.872264 -0.175815
38 -0.318906 0.882684 -0.185774
39 -0.272687 0.893141 -0.180734
40 -0.239261 0.898804 -0.163622
41 -0.213808 0.898142 -0.142349
42 -0.196789 0.898423 -0.119585
43 -0.185580 0.899124 -0.095177
44 -0.175881 0.892857 -0.064894
45 -0.173367 0.888719 -0.039216
46 -0.171871 0.886322 -0.009625
47 -0.169694 0.881138 0.025186
48 -0.170447 0.882928 0.053739
49 -0.174371 0.881570 0.082022
50 -0.182701 0.870783 0.112337
51 -0.197500 0.866126 0.134946
52 -0.217536 0.860342 0.155446
53 -0.246777 0.854611 0.174072
54 -0.291362 0.847077 0.184591
55 -0.328149 0.848045 0.177460
56 -0.357278 0.846968 0.161265
57 -0.384410 0.840869 0.122826
58 -0.396915 0.834032 0.089534
59 -0.407300 0.831620 0.062669
Frame 673
30 -0.417277 0.827441 0.028040
31 -0.422368 0.827994 -0.004661
32 -0.421049 0.828808 -0.031596
33 -0.415413 0.831073 -0.061826
34 -0.408066 0.830662 -0.092566
35 -0.401443 0.836199 -0.120122
36 -0.387052 0.845354 -0.147451
37 -0.353095 0.872588 -0.176315
38 -0.317569 0.882992 -0.186230
39 -0.271340 0.893388 -0.181155
40 -0.237912 0.898979 -0.164027
41 -0.212466 0.898236 -0.142750
42 -0.195449 0.898448 -0.119990
43 -0.184235 0.899083 -0.095584
44 -0.174543 0.892741 -0.065314
45 -0.172034 0.888549 -0.039645
46 -0.170539 0.886094 -0.010060
47 -0.168368 0.880840 0.024743
48 -0.169115 0.882575 0.053298
49 -0.173038 0.881170 0.081576
50 -0.181384 0.870338 0.111865
51 -0.196183 0.865667 0.134457
52 -0.216217 0.859886 0.154938
53 -0.245459 0.854191 0.173551
54 -0.290075 0.846747 0.184069
55 -0.326862 0.847785 0.176944
56 -0.355956 0.846789 0.160758
57 -0.383104 0.840805 0.122329
58 -0.395637 0.834038 0.089026
59 -0.406040 0.831688 0.062168
Frame 674
30 -0.416009 0.827586 0.027475
31 -0.421098 0.828202 -0.005245
32 -0.419775 0.829045 -0.032201
33 -0.414135 0.831325 -0.062473
34 -0.406753 0.830937 -0.093258
35 -0.400064 0.836508 -0.120797
36 -0.385640 0.845635 -0.148102
37 -0.351648 0.872936 -0.176836
38 -0.316119 0.883323 -0.186698
39 -0.269886 0.893658 -0.181573
40 -0.236458 0.899175 -0.164417
41 -0.211026 0.898353 -0.143126
42 -0.194021 0.898494 -0.120365
43 -0.182811 0.899063 -0.095955
44 -0.173135 0.892645 -0.065697
45 -0.170639 0.888399 -0.040035
46 -0.169156 0.885882 -0.010456
47 -0.167005 0.880556 0.024338
48 -0.167756 0.882237 0.052896
49 -0.171690 0.880782 0.081168
50 -0.180061 0.869901 0.111426
51 -0.194865 0.865213 0.133993
52 -0.214902 0.859434 0.154446
53 -0.244148 0.853772 0.173032
54 -0.288794 0.846417 0.183536
55 -0.325577 0.847523 0.176406
56 -0.354623 0.846611 0.160222
57 -0.381778 0.840738 0.121798
58 -0.394332 0.834043 0.088480
59 -0.404748 0.831755 0.061624
Frame 675
30 -0.414654 0.827728 0.026838
31 -0.419728 0.828410 -0.005904
32 -0.418388 0.829288 -0.032878
33 -0.412728 0.831591 -0.063184
34 -0.405302 0.831232 -0.094004
35 -0.398539 0.836840 -0.121522
36 -0.384075 0.845943 -0.148801
37 -0.350033 0.873309 -0.177394
38 -0.314495 0.883679 -0.187187
39 -0.268259 0.893951 -0.181994
40 -0.234840 0.899397 -0.164795
41 -0.209431 0.898496 -0.143480
42 -0.192447 0.898568 -0.120708
43 -0.181253 0.899072 -0.096289
44 -0.171607 0.892576 -0.066039
45 -0.169136 0.888274 -0.040385
46 -0.167679 0.885693 -0.010810
47 -0.165562 0.880296 0.023976
48 -0.166332 0.881920 0.052535
49 -0.170289 0.880411 0.080800
50 -0.178698 0.869479 0.111020
51 -0.193517 0.864772 0.133554
52 -0.213560 0.858989 0.153964
53 -0.242814 0.853360 0.172510
54 -0.287487 0.846089 0.182981
55 -0.324259 0.847262 0.175832
56 -0.353243 0.846432 0.159642
57 -0.380393 0.840670 0.121214
58 -0.392958 0.834048 0.087877
59 -0.403381 0.831822 0.061019
Frame 676
30 -0.413171 0.827869 0.026107
31 -0.418210 0.828616 -0.006661
32 -0.416837 0.829535 -0.033651
33 -0.411139 0.831869 -0.063979
34 -0.403655 0.831549 -0.094827
35 -0.396809 0.837196 -0.122318
36 -0.382294 0.846282 -0.149563
37 -0.348188 0.873708 -0.178003
38 -0.312635 0.884060 -0.187712
39 -0.266399 0.894273 -0.182426
40 -0.232997 0.899649 -0.165165
41 -0.207624 0.898672 -0.143812
42 -0.190673 0.898676 -0.121019
43 -0.179508 0.899114 -0.096586
44 -0.169908 0.892540 -0.066338
45 -0.167477 0.888181 -0.040689
46 -0.166062 0.885535 -0.011120
47 -0.163998 0.880064 0.023661
48 -0.164803 0.881629 0.052220
49 -0.168799 0.880065 0.080473
50 -0.177261 0.869077 0.110649
51 -0.192106 0.864347 0.133138
52 -0.212164 0.858558 0.153490
53 -0.241425 0.852956 0.171977
54 -0.286119 0.845766 0.182395
55 -0.322875 0.846999 0.175211
56 -0.351781 0.846255 0.159002
57 -0.378910 0.840599 0.120563
58 -0.391476 0.834053 0.087201
59 -0.401897 0.831888 0.060333
Frame 677
30 -0.411514 0.828005 0.025262
31 -0.416498 0.828819 -0.007536
32 -0.415072 0.829784 -0.034540
33 -0.409316 0.832158 -0.064883
34 -0.401758 0.831888 -0.095742
35 -0.394816 0.837579 -0.123202
36 -0.380237 0.846651 -0.150407
37 -0.346051 0.874132 -0.178678
38 -0.310476 0.884467 -0.188281
39 -0.264244 0.894626 -0.182876
40 -0.230869 0.899933 -0.165530
41 -0.205546 0.898885 -0.144122
42 -0.188643 0.898822 -0.121297
43 -0.177524 0.899195 -0.096843
44 -0.167989 0.892542 -0.066592
45 -0.165614 0.888126 -0.040947
46 -0.164260 0.885414 -0.011381
47 -0.162272 0.879866 0.023393
48 -0.163131 0.881370 0.051952
49 -0.167186 0.879749 0.080193
50 -0.175718 0.868702 0.110314
51 -0.190601 0.863943 0.132745
52 -0.210681 0.858144 0.153021
53 -0.239951 0.852564 0.171426
54 -0.284658 0.845448 0.181769
55 -0.321390 0.846737 0.174528
56 -0.350199 0.846081 0.158287
57 -0.377289 0.840529 0.119825
58 -0.389843 0.834059 0.086432
59 -0.400256 0.831954 0.059547
Frame 678
30 -0.409669 0.828182 0.024213
31 -0.414551 0.829070 -0.008624
32 -0.413034 0.830090 -0.035636
33 -0.407178 0.832520 -0.065979
34 -0.399506 0.832315 -0.096833
35 -0.392437 0.838062 -0.124252
36 -0.377762 0.847131 -0.151398
37 -0.343467 0.874674 -0.179453
38 -0.307862 0.885003 -0.188902
39 -0.261646 0.895119 -0.183313
40 -0.228319 0.900364 -0.165836
41 -0.203075 0.899251 -0.144339
42 -0.186249 0.899125 -0.121456
43 -0.175209 0.899430 -0.096962
44 -0.165781 0.892697 -0.066697
45 -0.163496 0.888217 -0.041055
46 -0.162244 0.885431 -0.011491
47 -0.160378 0.879803 0.023278
48 -0.161332 0.881238 0.051835
49 -0.165484 0.879552 0.080055
50 -0.174126 0.868435 0.110106
51 -0.189075 0.863637 0.132454
52 -0.209197 0.857812 0.152617
53 -0.238489 0.852242 0.170896
54 -0.283204 0.845184 0.181104
55 -0.319899 0.846518 0.173761
56 -0.348581 0.845949 0.157454
57 -0.375587 0.840495 0.118942
58 -0.388091 0.834106 0.085499
59 -0.398466 0.832061 0.058582
Frame 679
30 -0.407698 0.828448 0.022965
31 -0.412430 0.829414 -0.009921
32 -0.410780 0.830498 -0.036935
33 -0.404778 0.832997 -0.067265
34 -0.396947 0.832873 -0.098099
35 -0.389710 0.838684 -0.125467
36 -0.374905 0.847762 -0.152530
37 -0.340469 0.875380 -0.180311
38 -0.304829 0.885714 -0.189549
39 -0.258642 0.895801 -0.183706
40 -0.225389 0.900991 -0.166045
41 -0.200256 0.899820 -0.144421
42 -0.183537 0.899629 -0.121452
43 -0.172615 0.899868 -0.096904
44 -0.163338 0.893048 -0.066612
45 -0.161181 0.888501 -0.040971
46 -0.160076 0.885635 -0.011408
47 -0.158385 0.879919 0.023358
48 -0.159479 0.881280 0.051909
49 -0.163772 0.879520 0.080102
50 -0.172565 0.868320 0.110064
51 -0.187611 0.863472 0.132300
52 -0.207799 0.857609 0.152314
53 -0.237131 0.852035 0.170418
54 -0.281857 0.845019 0.180423
55 -0.318496 0.846386 0.172926
56 -0.347020 0.845901 0.156518
57 -0.373888 0.840544 0.117919
58 -0.386296 0.834239 0.084407
59 -0.396599 0.832257 0.057440
Frame 680
30 -0.405679 0.828800 0.021635
31 -0.410237 0.829844 -0.011303
32 -0.408433 0.830991 -0.038316
33 -0.402262 0.833560 -0.068626
34 -0.394249 0.833520 -0.099432
35 -0.386824 0.839398 -0.126745
36 -0.371870 0.848486 -0.153716
37 -0.337280 0.876182 -0.181193
38 -0.301601 0.886522 -0.190193
39 -0.255451 0.896583 -0.184064
40 -0.222283 0.901717 -0.166194
41 -0.197277 0.900491 -0.144426
42 -0.180681 0.900238 -0.121358
43 -0.169896 0.900409 -0.096746
44 -0.160794 0.893506 -0.066422
45 -0.158784 0.888890 -0.040780
46 -0.157848 0.885945 -0.011221
47 -0.156356 0.880142 0.023541
48 -0.157614 0.881429 0.052087
49 -0.162069 0.879593 0.080247
50 -0.171034 0.868311 0.110112
51 -0.186194 0.863409 0.132224
52 -0.206457 0.857506 0.152067
53 -0.235837 0.851926 0.169973
54 -0.280570 0.844947 0.179744
55 -0.317145 0.846346 0.172068
56 -0.345497 0.845946 0.155546
57 -0.372202 0.840681 0.116844
58 -0.384493 0.834461 0.083254
59 -0.394708 0.832540 0.056229
Frame 681
30 -0.403690 0.829235 0.020342
31 -0.408074 0.830348 -0.012646
32 -0.406117 0.831551 -0.039659
33 -0.399780 0.834181 -0.069952
34 -0.391585 0.834218 -0.100729
35 -0.383970 0.840156 -0.127988
36 -0.368865 0.849245 -0.154867
37 -0.334120 0.877008 -0.182045
38 -0.298404 0.887346 -0.190808
39 -0.252292 0.897373 -0.184395
40 -0.219208 0.902448 -0.166320
41 -0.194330 0.901168 -0.144412
42 -0.177855 0.900853 -0.121245
43 -0.167206 0.900960 -0.096573
44 -0.158279 0.893978 -0.066215
45 -0.156416 0.889300 -0.040574
46 -0.155650 0.886281 -0.011017
47 -0.154356 0.880399 0.023741
48 -0.155777 0.881619 0.052279
49 -0.160394 0.879716 0.080407
50 -0.169530 0.868359 0.110175
51 -0.184805 0.863411 0.132163
52 -0.205142 0.857474 0.151838
53 -0.234567 0.851899 0.169547
54 -0.279300 0.844966 0.179087
55 -0.315809 0.846401 0.171235
56 -0.343992 0.846090 0.154606
57 -0.370540 0.840916 0.115805
58 -0.382717 0.834777 0.082139
59 -0.392844 0.832914 0.055056
Frame 682
30 -0.401809 0.829750 0.019208
31 -0.406048 0.830919 -0.013829
32 -0.403962 0.832160 -0.040844
33 -0.397483 0.834830 -0.071128
34 -0.389129 0.834922 -0.101888
35 -0.381338 0.840906 -0.129101
36 -0.366099 0.849978 -0.155901
37 -0.331210 0.877787 -0.182814
38 -0.295463 0.888105 -0.191371
39 -0.249383 0.898080 -0.184717
40 -0.216368 0.903090 -0.166465
41 -0.191601 0.901752 -0.144441
42 -0.175229 0.901376 -0.121191
43 -0.164696 0.901426 -0.096467
44 -0.155923 0.894374 -0.066083
45 -0.154188 0.889643 -0.040441
46 -0.153568 0.886565 -0.010888
47 -0.152447 0.880619 0.023866
48 -0.154004 0.881785 0.052398
49 -0.158760 0.879829 0.080497
50 -0.168050 0.868417 0.110181
51 -0.183423 0.863440 0.132062
52 -0.203821 0.857487 0.151587
53 -0.233276 0.851936 0.169127
54 -0.278002 0.845073 0.178476
55 -0.314449 0.846558 0.170479
56 -0.342485 0.846343 0.153768
57 -0.368911 0.841256 0.114892
58 -0.381001 0.835188 0.081162
59 -0.391062 0.833376 0.054030
Frame 683
30 -0.400117 0.830342 0.018352
31 -0.404263 0.831545 -0.014727
32 -0.402094 0.832799 -0.041750
33 -0.395522 0.835476 -0.072045
34 -0.387055 0.835592 -0.102808
35 -0.379123 0.841599 -0.129986
36 -0.363781 0.850625 -0.156735
37 -0.328775 0.878448 -0.183448
38 -0.293005 0.888718 -0.191863
39 -0.246940 0.898615 -0.185045
40 -0.213964 0.903546 -0.166675
41 -0.189278 0.902145 -0.144575
42 -0.172974 0.901711 -0.121274
43 -0.162517 0.901712 -0.096516
44 -0.153853 0.894604 -0.066114
45 -0.152208 0.889838 -0.040474
46 -0.151687 0.886720 -0.010922
47 -0.150685 0.880731 0.023828
48 -0.152332 0.881865 0.052356
49 -0.157184 0.879880 0.080435
50 -0.166586 0.868439 0.110059
51 -0.182027 0.863461 0.131862
52 -0.202461 0.857521 0.151278
53 -0.231924 0.852025 0.168702
54 -0.276629 0.845266 0.177937
55 -0.313028 0.846821 0.169852
56 -0.340956 0.846714 0.153108
57 -0.367328 0.841709 0.114198
58 -0.379383 0.835697 0.080425
59 -0.389415 0.833929 0.053261
Frame 684
30 -0.398664 0.830940 0.017766
31 -0.402769 0.832168 -0.015348
32 -0.400559 0.833418 -0.042388
33 -0.393942 0.836084 -0.072712
34 -0.385404 0.836201 -0.103498
35 -0.377362 0.842220 -0.130656
36 -0.361951 0.851187 -0.157375
37 -0.326860 0.879016 -0.183939
38 -0.291077 0.889227 -0.192265
39 -0.245016 0.899031 -0.185356
40 -0.212053 0.903874 -0.166920
41 -0.187414 0.902403 -0.144786
42 -0.171146 0.901909 -0.121461
43 -0.160727 0.901863 -0.096687
44 -0.152126 0.894705 -0.066279
45 -0.150533 0.889911 -0.040639
46 -0.150068 0.886762 -0.011090
47 -0.149133 0.880740 0.023656
48 -0.150825 0.881851 0.052183
49 -0.155727 0.879847 0.080249
50 -0.165201 0.868395 0.109833
51 -0.180678 0.863428 0.131588
52 -0.201125 0.857516 0.150932
53 -0.230575 0.852089 0.168290
54 -0.275250 0.845452 0.177484
55 -0.311616 0.847091 0.169365
56 -0.339476 0.847099 0.152630
57 -0.365855 0.842180 0.113721
58 -0.377922 0.836220 0.079923
59 -0.387960 0.834491 0.052741
Frame 685
30 -0.397409 0.831482 0.017337
31 -0.401501 0.832739 -0.015808
32 -0.399276 0.833986 -0.042870
33 -0.392641 0.836636 -0.073236
34 -0.384052 0.836755 -0.104061
35 -0.375916 0.842792 -0.131203
36 -0.360451 0.851707 -0.157900
37 -0.325304 0.879561 -0.184329
38 -0.289520 0.889724 -0.192590
39 -0.243460 0.899439 -0.185621
40 -0.210500 0.904194 -0.167148
41 -0.185890 0.902649 -0.145002
42 -0.169639 0.902090 -0.121670
43 -0.159237 0.901993 -0.096889
44 -0.150675 0.894780 -0.066483
45 -0.149111 0.889954 -0.040847
46 -0.148675 0.886770 -0.011300
47 -0.147778 0.880710 0.023440
48 -0.149489 0.881793 0.051967
49 -0.154419 0.879766 0.080026
50 -0.163940 0.868297 0.109577
51 -0.179436 0.863338 0.131298
52 -0.199881 0.857449 0.150589
53 -0.229305 0.852083 0.167908
54 -0.273947 0.845558 0.177098
55 -0.310288 0.847279 0.168975
56 -0.338108 0.847405 0.152270
57 -0.364524 0.842579 0.113375
58 -0.376621 0.836673 0.079557
59 -0.386678 0.834991 0.052366
Frame 686
30 -0.396298 0.831976 0.017027
31 -0.400402 0.833263 -0.016148
32 -0.398180 0.834504 -0.043235
33 -0.391548 0.837138 -0.073653
34 -0.382923 0.837257 -0.104527
35 -0.374706 0.843317 -0.131659
36 -0.359205 0.852184 -0.158339
37 -0.324026 0.880078 -0.184643
38 -0.288249 0.890200 -0.192859
39 -0.242188 0.899833 -0.185860
40 -0.209222 0.904503 -0.167372
41 -0.184627 0.902883 -0.145232
42 -0.168379 0.902259 -0.121904
43 -0.157980 0.902109 -0.097124
44 -0.149433 0.894841 -0.066725
45 -0.147881 0.889980 -0.041094
46 -0.147454 0.886759 -0.011552
47 -0.146571 0.880657 0.023181
48 -0.148284 0.881711 0.051711
49 -0.153223 0.879658 0.079765
50 -0.162768 0.868169 0.109290
51 -0.178270 0.863216 0.130987
52 -0.198703 0.857344 0.150244
53 -0.228090 0.852032 0.167544
54 -0.272693 0.845611 0.176760
55 -0.309019 0.847410 0.168656
56 -0.336819 0.847654 0.151997
57 -0.363296 0.842926 0.113128
58 -0.375436 0.837073 0.079293
59 -0.385523 0.835439 0.052099
Frame 687
30 -0.395281 0.832430 0.016797
31 -0.399413 0.833744 -0.016404
32 -0.397210 0.834978 -0.043520
33 -0.390595 0.837594 -0.073996
34 -0.381946 0.837712 -0.104929
35 -0.373658 0.843796 -0.132054
36 -0.358132 0.852618 -0.158722
37 -0.322939 0.880562 -0.184914
38 -0.287177 0.890652 -0.193099
39 -0.241116 0.900210 -0.186090
40 -0.208138 0.904800 -0.167603
41 -0.183548 0.903108 -0.145481
42 -0.167293 0.902420 -0.122169
43 -0.156883 0.902218 -0.097393
44 -0.148337 0.894896 -0.067006
45 -0.146784 0.890002 -0.041380
46 -0.146352 0.886745 -0.011843
47 -0.145466 0.880601 0.022883
48 -0.147165 0.881625 0.051416
49 -0.152099 0.879545 0.079469
50 -0.161654 0.868037 0.108972
51 -0.177150 0.863084 0.130656
52 -0.197562 0.857227 0.149889
53 -0.226906 0.851962 0.167187
54 -0.271467 0.845637 0.176452
55 -0.307783 0.847509 0.168381
56 -0.335577 0.847872 0.151782
57 -0.362130 0.843238 0.112945
58 -0.374322 0.837434 0.079096
59 -0.384446 0.835847 0.051905
Frame 688
30 -0.394306 0.832850 0.016609
31 -0.398478 0.834185 -0.016617
32 -0.396302 0.835410 -0.043764
33 -0.389712 0.838007 -0.074302
34 -0.381046 0.838123 -0.105295
35 -0.372693 0.844231 -0.132416
36 -0.357151 0.853008 -0.159077
37 -0.321963 0.881007 -0.185167
38 -0.286220 0.891071 -0.193334
39 -0.240160 0.900566 -0.186329
40 -0.207167 0.905081 -0.167854
41 -0.182577 0.903325 -0.145759
42 -0.166309 0.902577 -0.122468
43 -0.155880 0.902328 -0.097700
44 -0.147323 0.894956 -0.067325
45 -0.145761 0.890030 -0.041705
46 -0.145314 0.886740 -0.012171
47 -0.144412 0.880557 0.022548
48 -0.146091 0.881554 0.051084
49 -0.151010 0.879450 0.079136
50 -0.160562 0.867922 0.108625
51 -0.176045 0.862969 0.130300
52 -0.196431 0.857123 0.149519
53 -0.225726 0.851899 0.166824
54 -0.270244 0.845663 0.176155
55 -0.306554 0.847600 0.168126
56 -0.334349 0.848076 0.151592
57 -0.360986 0.843534 0.112792
58 -0.373232 0.837771 0.078930
59 -0.383397 0.836226 0.051746
Frame 689
30 -0.393319 0.833242 0.016426
31 -0.397538 0.834593 -0.016825
32 -0.395394 0.835807 -0.044003
33 -0.388833 0.838381 -0.074605
34 -0.380149 0.838494 -0.105660
35 -0.371735 0.844624 -0.132778
36 -0.356185 0.853354 -0.159432
37 -0.321011 0.881408 -0.185432
38 -0.285294 0.891452 -0.193587
39 -0.239236 0.900893 -0.186595
40 -0.206227 0.905346 -0.168136
41 -0.181635 0.903532 -0.146071
42 -0.165351 0.902734 -0.122803
43 -0.154900 0.902445 -0.098044
44 -0.146328 0.895031 -0.067681
45 -0.144752 0.890079 -0.042067
46 -0.144285 0.886761 -0.012535
47 -0.143362 0.880544 0.022176
48 -0.145016 0.881519 0.050718
49 -0.149917 0.879394 0.078770
50 -0.159462 0.867849 0.108248
51 -0.174927 0.862895 0.129917
52 -0.195283 0.857056 0.149124
53 -0.224524 0.851868 0.166443
54 -0.268999 0.845717 0.175849
55 -0.305306 0.847707 0.167863
56 -0.333102 0.848295 0.151399
57 -0.359824 0.843831 0.112636
58 -0.372122 0.838097 0.078758
59 -0.382329 0.836587 0.051586
Frame 690
30 -0.392269 0.833616 0.016209
31 -0.396536 0.834971 -0.017067
32 -0.394421 0.836169 -0.044276
33 -0.387886 0.838719 -0.074940
34 -0.379184 0.838828 -0.106053
35 -0.370708 0.844976 -0.133169
36 -0.355153 0.853653 -0.159817
37 -0.320004 0.881758 -0.185737
38 -0.284313 0.891787 -0.193882
39 -0.238261 0.901187 -0.186905
40 -0.205237 0.905590 -0.168461
41 -0.180647 0.903734 -0.146425
42 -0.164347 0.902896 -0.123179
43 -0.153877 0.902575 -0.098429
44 -0.145287 0.895131 -0.068073
45 -0.143697 0.890160 -0.042463
46 -0.143212 0.886821 -0.012933
47 -0.142268 0.880580 0.021773
48 -0.143898 0.881539 0.050316
49 -0.148782 0.879400 0.078372
50 -0.158318 0.867842 0.107841
51 -0.173764 0.862885 0.129504
52 -0.194090 0.857053 0.148701
53 -0.223277 0.851896 0.166033
54 -0.267706 0.845823 0.175515
55 -0.304013 0.847855 0.167568
56 -0.331802 0.848549 0.151169
57 -0.358604 0.844148 0.112442
58 -0.370946 0.838428 0.078544
59 -0.381193 0.836942 0.051388
Frame 691
30 -0.391104 0.833977 0.015919
31 -0.395414 0.835322 -0.017382
32 -0.393323 0.836503 -0.044622
33 -0.386804 0.839027 -0.075341
34 -0.378075 0.839129 -0.106506
35 -0.369537 0.845287 -0.133619
36 -0.353977 0.853905 -0.160262
37 -0.318856 0.882050 -0.186112
38 -0.283193 0.892070 -0.194245
39 -0.237152 0.901444 -0.187277
40 -0.204115 0.905811 -0.168841
41 -0.179533 0.903931 -0.146828
42 -0.163226 0.903068 -0.123599
43 -0.152740 0.902728 -0.098854
44 -0.144137 0.895266 -0.068502
45 -0.142537 0.890284 -0.042893
46 -0.142039 0.886936 -0.013364
47 -0.141080 0.880683 0.021339
48 -0.142695 0.881635 0.049885
49 -0.147568 0.879490 0.077942
50 -0.157097 0.867924 0.107403
51 -0.172527 0.862967 0.129058
52 -0.192824 0.857139 0.148242
53 -0.221956 0.852009 0.165581
54 -0.266343 0.846009 0.175135
55 -0.302648 0.848068 0.167214
56 -0.330419 0.848861 0.150873
57 -0.357284 0.844502 0.112175
58 -0.369658 0.838778 0.078254
59 -0.379938 0.837301 0.051115
Frame 692
30 -0.389771 0.834332 0.015519
31 -0.394114 0.835652 -0.017810
32 -0.392036 0.836811 -0.045077
33 -0.385517 0.839306 -0.075844
34 -0.376751 0.839399 -0.107050
35 -0.368143 0.845559 -0.134160
36 -0.352575 0.854109 -0.160796
37 -0.317483 0.882280 -0.186584
38 -0.281848 0.892294 -0.194700
39 -0.235823 0.901656 -0.187728
40 -0.202780 0.906007 -0.169289
41 -0.178217 0.904122 -0.147287
42 -0.161911 0.903252 -0.124068
43 -0.151419 0.902908 -0.099324
44 -0.142814 0.895445 -0.068967
45 -0.141213 0.890464 -0.043356
46 -0.140713 0.887119 -0.013826
47 -0.139749 0.880869 0.020878
48 -0.141362 0.881826 0.049426
49 -0.146235 0.879687 0.077483
50 -0.155766 0.868121 0.106937
51 -0.171187 0.863163 0.128579
52 -0.191458 0.857338 0.147740
53 -0.220539 0.852232 0.165076
54 -0.264883 0.846301 0.174690
55 -0.301184 0.848370 0.166776
56 -0.328917 0.849254 0.150481
57 -0.355825 0.844912 0.111804
58 -0.368211 0.839162 0.077851
59 -0.378518 0.837677 0.050732
Frame 693
30 -0.388240 0.834689 0.014978
31 -0.392602 0.835962 -0.018381
32 -0.390519 0.837088 -0.045671
33 -0.383982 0.839548 -0.076477
34 -0.375162 0.839625 -0.107707
35 -0.366477 0.845776 -0.134807
36 -0.350898 0.854245 -0.161433
37 -0.315829 0.882430 -0.187174
38 -0.280218 0.892446 -0.195262
39 -0.234214 0.901815 -0.188270
40 -0.201175 0.906169 -0.169808
41 -0.176645 0.904304 -0.147802
42 -0.160352 0.903445 -0.124580
43 -0.149868 0.903116 -0.099830
44 -0.141274 0.895671 -0.069459
45 -0.139684 0.890707 -0.043843
46 -0.139198 0.887380 -0.014307
47 -0.138250 0.881151 0.020401
48 -0.139877 0.882128 0.048948
49 -0.144765 0.880007 0.077004
50 -0.154313 0.868450 0.106452
51 -0.169733 0.863496 0.128070
52 -0.189985 0.857675 0.147200
53 -0.219020 0.852588 0.164516
54 -0.263326 0.846724 0.174171
55 -0.299618 0.848784 0.166237
56 -0.327285 0.849749 0.149973
57 -0.354208 0.845396 0.111303
58 -0.366583 0.839593 0.077311
59 -0.376905 0.838079 0.050209
Frame 694
30 -0.386560 0.835040 0.014327
31 -0.390929 0.836248 -0.019061
32 -0.388832 0.837334 -0.046368
33 -0.382262 0.839747 -0.077204
34 -0.373376 0.839802 -0.108444
35 -0.364611 0.845934 -0.135526
36 -0.349019 0.854311 -0.162141
37 -0.313969 0.882508 -0.187852
38 -0.278376 0.892535 -0.195908
39 -0.232397 0.901927 -0.188881
40 -0.199368 0.906301 -0.170382
41 -0.174882 0.904475 -0.148361
42 -0.158610 0.903644 -0.125128
43 -0.148144 0.903342 -0.100364
44 -0.139572 0.895932 -0.069970
45 -0.138003 0.890996 -0.044346
46 -0.137543 0.887700 -0.014804
47 -0.136623 0.881507 0.019911
48 -0.138278 0.882516 0.048456
49 -0.143194 0.880424 0.076510
50 -0.152766 0.868886 0.105954
51 -0.168194 0.863937 0.127543
52 -0.188434 0.858118 0.146633
53 -0.217429 0.853047 0.163917
54 -0.261698 0.847247 0.173597
55 -0.297980 0.849284 0.165623
56 -0.325557 0.850325 0.149379
57 -0.352473 0.845934 0.110706
58 -0.364817 0.840056 0.076664
59 -0.375146 0.838496 0.049577
Frame 695
30 -0.384795 0.835377 0.013623
31 -0.389170 0.836510 -0.019793
32 -0.387054 0.837551 -0.047113
33 -0.380448 0.839914 -0.077970
34 -0.371493 0.839943 -0.109211
35 -0.362651 0.846052 -0.136272
36 -0.347050 0.854333 -0.162877
37 -0.312018 0.882542 -0.188575
38 -0.276443 0.892589 -0.196601
39 -0.230489 0.902014 -0.189536
40 -0.197472 0.906416 -0.170995
41 -0.173032 0.904643 -0.148956
42 -0.156783 0.903849 -0.125706
43 -0.146338 0.903583 -0.100927
44 -0.137790 0.896216 -0.070507
45 -0.136246 0.891314 -0.044873
46 -0.135815 0.888058 -0.015323
47 -0.134928 0.881909 0.019401
48 -0.136616 0.882954 0.047942
49 -0.141563 0.880900 0.075995
50 -0.151163 0.869384 0.105435
51 -0.166602 0.864439 0.126995
52 -0.186830 0.858621 0.146044
53 -0.215790 0.853562 0.163292
54 -0.260028 0.847824 0.172995
55 -0.296298 0.849825 0.164968
56 -0.323772 0.850936 0.148739
57 -0.350665 0.846493 0.110056
58 -0.362968 0.840528 0.075961
59 -0.373300 0.838912 0.048889
Frame 696
30 -0.383011 0.835693 0.012922
31 -0.387396 0.836746 -0.020517
32 -0.385268 0.837743 -0.047848
33 -0.378629 0.840057 -0.078723
34 -0.369613 0.840061 -0.109961
35 -0.360703 0.846147 -0.137002
36 -0.345102 0.854336 -0.163598
37 -0.310093 0.882561 -0.189298
38 -0.274533 0.892632 -0.197302
39 -0.228602 0.902096 -0.190208
40 -0.195597 0.906531 -0.171629
41 -0.171199 0.904815 -0.149575
42 -0.154968 0.904060 -0.126311
43 -0.144541 0.903833 -0.101520
44 -0.136012 0.896513 -0.071073
45 -0.134488 0.891645 -0.045428
46 -0.134081 0.888430 -0.015871
47 -0.133223 0.882325 0.018863
48 -0.134940 0.883410 0.047400
49 -0.139914 0.881393 0.075451
50 -0.149536 0.869897 0.104891
51 -0.164982 0.864954 0.126427
52 -0.185199 0.859133 0.145439
53 -0.214127 0.854080 0.162658
54 -0.258339 0.848401 0.172386
55 -0.294602 0.850360 0.164307
56 -0.321964 0.851540 0.148093
57 -0.348831 0.847042 0.109399
58 -0.361090 0.840983 0.075248
59 -0.371427 0.839308 0.048194
Frame 697
30 -0.381273 0.835977 0.012276
31 -0.385684 0.836958 -0.021179
32 -0.383555 0.837914 -0.048516
33 -0.376898 0.840184 -0.079409
34 -0.367835 0.840171 -0.110643
35 -0.358872 0.846242 -0.137670
36 -0.343288 0.854345 -0.164262
37 -0.308309 0.882593 -0.189980
38 -0.272766 0.892691 -0.197976
39 -0.226856 0.902194 -0.190873
40 -0.193852 0.906659 -0.172269
41 -0.169486 0.904997 -0.150211
42 -0.153263 0.904279 -0.126939
43 -0.142844 0.904086 -0.102138
44 -0.134320 0.896808 -0.071672
45 -0.132805 0.891972 -0.046020
46 -0.132412 0.888793 -0.016455
47 -0.131565 0.882727 0.018287
48 -0.133299 0.883845 0.046822
49 -0.138286 0.881861 0.074873
50 -0.147918 0.870380 0.104318
51 -0.163364 0.865435 0.125837
52 -0.183563 0.859606 0.144824
53 -0.212463 0.854554 0.162029
54 -0.256657 0.848932 0.171799
55 -0.292921 0.850843 0.163676
56 -0.320173 0.852094 0.147481
57 -0.347019 0.847547 0.108780
58 -0.359237 0.841397 0.074574
59 -0.369585 0.839668 0.047545
Frame 698
30 -0.379646 0.836223 0.011745
31 -0.384106 0.837143 -0.021718
32 -0.381996 0.838068 -0.049062
33 -0.375346 0.840305 -0.079973
34 -0.366260 0.840287 -0.111210
35 -0.357265 0.846352 -0.138233
36 -0.341719 0.854386 -0.164828
37 -0.306785 0.882668 -0.190576
38 -0.271260 0.892792 -0.198585
39 -0.225362 0.902329 -0.191502
40 -0.192350 0.906815 -0.172898
41 -0.167998 0.905197 -0.150855
42 -0.151766 0.904504 -0.127589
43 -0.141337 0.904338 -0.102787
44 -0.132798 0.897090 -0.072309
45 -0.131274 0.892277 -0.046652
46 -0.130871 0.889122 -0.017082
47 -0.130011 0.883083 0.017666
48 -0.131743 0.884224 0.046202
49 -0.136723 0.882264 0.074254
50 -0.146343 0.870789 0.103708
51 -0.161776 0.865834 0.125225
52 -0.181949 0.859992 0.144206
53 -0.210822 0.854935 0.161421
54 -0.255008 0.849365 0.171258
55 -0.291283 0.851231 0.163109
56 -0.318437 0.852555 0.146944
57 -0.345275 0.847977 0.108243
58 -0.357464 0.841747 0.073987
59 -0.367834 0.839971 0.046992
Frame 699
30 -0.378177 0.836434 0.011402
31 -0.382719 0.837298 -0.022062
32 -0.380655 0.838192 -0.049413
33 -0.374044 0.840395 -0.080349
34 -0.364968 0.840372 -0.111601
35 -0.355968 0.846433 -0.138632
36 -0.340487 0.854401 -0.165244
37 -0.305615 0.882719 -0.191052
38 -0.270113 0.892866 -0.199107
39 -0.224223 0.902431 -0.192089
40 -0.191182 0.906934 -0.173518
41 -0.166821 0.905356 -0.151514
42 -0.150558 0.904686 -0.128269
43 -0.140096 0.904543 -0.103480
44 -0.131512 0.897323 -0.073000
45 -0.129953 0.892531 -0.047339
46 -0.129511 0.889400 -0.017765
47 -0.128605 0.883385 0.016988
48 -0.130304 0.884550 0.045527
49 -0.135249 0.882610 0.073584
50 -0.144829 0.871142 0.103059
51 -0.160229 0.866178 0.124592
52 -0.180362 0.860323 0.143590
53 -0.209204 0.855263 0.160847
54 -0.253388 0.849746 0.170792
55 -0.289686 0.851566 0.162651
56 -0.316760 0.852959 0.146538
57 -0.343619 0.848357 0.107856
58 -0.355807 0.842052 0.073561
59 -0.366217 0.840233 0.046610
Frame 700
30 -0.376856 0.836628 0.011256
31 -0.381507 0.837426 -0.022204
32 -0.379516 0.838279 -0.049563
33 -0.372974 0.840437 -0.080533
34 -0.363938 0.840394 -0.111808
35 -0.354961 0.846440 -0.138860
36 -0.339567 0.854334 -0.165506
37 -0.304777 0.882679 -0.191412
38 -0.269303 0.892842 -0.199551
39 -0.223411 0.902432 -0.192645
40 -0.190324 0.906956 -0.174142
41 -0.165932 0.905418 -0.152198
42 -0.149616 0.904777 -0.128991
43 -0.139097 0.904664 -0.104221
44 -0.130442 0.897482 -0.073746
45 -0.128824 0.892718 -0.048082
46 -0.128317 0.889622 -0.018504
47 -0.127331 0.883642 0.016256
48 -0.128971 0.884839 0.044798
49 -0.133855 0.882931 0.072866
50 -0.143367 0.871480 0.102375
51 -0.158717 0.866519 0.123942
52 -0.178793 0.860662 0.142980
53 -0.207594 0.855606 0.160311
54 -0.251776 0.850144 0.170406
55 -0.288108 0.851919 0.162306
56 -0.315117 0.853376 0.146271
57 -0.342034 0.848741 0.107633
58 -0.354250 0.842350 0.073312
59 -0.364721 0.840486 0.046414
Frame 701
30 -0.375655 0.836818 0.011268
31 -0.380438 0.837543 -0.022184
32 -0.378540 0.838347 -0.049555
33 -0.372092 0.840447 -0.080562
34 -0.363120 0.840373 -0.111868
35 -0.354185 0.846397 -0.138950
36 -0.338897 0.854209 -0.165643
37 -0.304200 0.882570 -0.191678
38 -0.268757 0.892739 -0.199928
39 -0.222858 0.902350 -0.193171
40 -0.189708 0.906894 -0.174762
41 -0.165268 0.905397 -0.152894
42 -0.148884 0.904786 -0.129739
43 -0.138291 0.904707 -0.104998
44 -0.129542 0.897570 -0.074532
45 -0.127849 0.892841 -0.048866
46 -0.127255 0.889786 -0.019283
47 -0.126165 0.883850 0.015483
48 -0.127723 0.885086 0.044030
49 -0.132525 0.883218 0.072113
50 -0.141951 0.871797 0.101665
51 -0.157236 0.866847 0.123280
52 -0.177245 0.860997 0.142377
53 -0.205997 0.855956 0.159806
54 -0.250176 0.850556 0.170080
55 -0.286546 0.852288 0.162049
56 -0.313508 0.853803 0.146115
57 -0.340513 0.849133 0.107539
58 -0.352781 0.842651 0.073203
59 -0.363328 0.840737 0.046363
Frame 702
30 -0.374550 0.837013 0.011394
31 -0.379480 0.837662 -0.022045
32 -0.377688 0.838411 -0.049428
33 -0.371351 0.840445 -0.080476
34 -0.362464 0.840330 -0.111817
35 -0.353586 0.846323 -0.138937
36 -0.338415 0.854049 -0.165684
37 -0.303815 0.882416 -0.191872
38 -0.268405 0.892582 -0.200254
39 -0.222493 0.902203 -0.193671
40 -0.189269 0.906764 -0.175375
41 -0.164768 0.905302 -0.153597
42 -0.148303 0.904721 -0.130501
43 -0.137623 0.904680 -0.105795
44 -0.128768 0.897590 -0.075342
45 -0.126987 0.892900 -0.049674
46 -0.126291 0.889890 -0.020087
47 -0.125081 0.884006 0.014686
48 -0.126543 0.885287 0.043238
49 -0.131249 0.883464 0.071338
50 -0.140575 0.872080 0.100941
51 -0.155785 0.867150 0.122613
52 -0.175719 0.861317 0.141780
53 -0.204416 0.856301 0.159322
54 -0.248588 0.850973 0.169795
55 -0.285000 0.852670 0.161854
56 -0.311931 0.854245 0.146042
57 -0.339047 0.849534 0.107540
58 -0.351386 0.842959 0.073196
59 -0.362019 0.840995 0.046418
Frame 703
30 -0.373515 0.837225 0.011593
31 -0.378602 0.837797 -0.021830
32 -0.376924 0.838487 -0.049222
33 -0.370708 0.840448 -0.080311
34 -0.361918 0.840285 -0.111692
35 -0.353108 0.846242 -0.138851
36 -0.338058 0.853880 -0.165660
37 -0.303554 0.882239 -0.192015
38 -0.268175 0.892393 -0.200541
39 -0.222247 0.902011 -0.194149
40 -0.188938 0.906580 -0.175978
41 -0.164370 0.905149 -0.154297
42 -0.147816 0.904594 -0.131265
43 -0.137043 0.904587 -0.106597
44 -0.128075 0.897545 -0.076161
45 -0.126199 0.892897 -0.050490
46 -0.125394 0.889937 -0.020899
47 -0.124053 0.884105 0.013880
48 -0.125411 0.885435 0.042438
49 -0.130012 0.883660 0.070556
50 -0.139233 0.872320 0.100213
51 -0.154362 0.867419 0.121947
52 -0.174218 0.861613 0.141191
53 -0.202854 0.856633 0.158854
54 -0.247016 0.851390 0.169536
55 -0.283468 0.853064 0.161698
56 -0.310381 0.854701 0.146022
57 -0.337630 0.849950 0.107604
58 -0.350052 0.843280 0.073253
59 -0.360775 0.841268 0.046540
Frame 704
30 -0.372526 0.837466 0.011823
31 -0.377770 0.837965 -0.021581
32 -0.376209 0.838591 -0.048982
33 -0.370119 0.840476 -0.080109
34 -0.361433 0.840256 -0.111528
35 -0.352694 0.846174 -0.138728
36 -0.337763 0.853723 -0.165601
37 -0.303348 0.882063 -0.192128
38 -0.267997 0.892192 -0.200802
39 -0.222048 0.901793 -0.194607
40 -0.188650 0.906358 -0.176567
41 -0.164010 0.904947 -0.154983
42 -0.147367 0.904414 -0.132018
43 -0.136497 0.904437 -0.107391
44 -0.127416 0.897441 -0.076971
45 -0.125444 0.892834 -0.051299
46 -0.124527 0.889923 -0.021705
47 -0.123056 0.884143 0.013081
48 -0.124304 0.885524 0.041644
49 -0.128800 0.883801 0.069780
50 -0.137916 0.872510 0.099491
51 -0.152964 0.867644 0.121288
52 -0.172742 0.861874 0.140611
53 -0.201315 0.856943 0.158395
54 -0.245461 0.851798 0.169285
55 -0.281947 0.853464 0.161556
56 -0.308857 0.855173 0.146030
57 -0.336253 0.850384 0.107697
58 -0.348763 0.843621 0.073338
59 -0.359578 0.841564 0.046690
Frame 705
30 -0.371559 0.837746 0.012041
31 -0.376954 0.838175 -0.021340
32 -0.375506 0.838739 -0.048746
33 -0.369539 0.840545 -0.079906
34 -0.360958 0.840266 -0.111364
35 -0.352288 0.846143 -0.138601
36 -0.337469 0.853604 -0.165537
37 -0.303127 0.881913 -0.192234
38 -0.267801 0.892004 -0.201054
39 -0.221828 0.901566 -0.195052
40 -0.188337 0.906114 -0.177137
41 -0.163628 0.904711 -0.155650
42 -0.146897 0.904188 -0.132751
43 -0.135932 0.904237 -0.108163
44 -0.126745 0.897281 -0.077758
45 -0.124683 0.892712 -0.052085
46 -0.123659 0.889848 -0.022488
47 -0.122063 0.884120 0.012304
48 -0.123206 0.885550 0.040871
49 -0.127599 0.883876 0.069023
50 -0.136619 0.872637 0.098787
51 -0.151589 0.867814 0.120644
52 -0.171293 0.862088 0.140041
53 -0.199801 0.857221 0.157939
54 -0.243924 0.852192 0.169027
55 -0.280439 0.853870 0.161405
56 -0.307355 0.855661 0.146038
57 -0.334908 0.850840 0.107786
58 -0.347508 0.843986 0.073414
59 -0.358409 0.841890 0.046828
Frame 706
30 -0.370587 0.838076 0.012209
31 -0.376122 0.838444 -0.021150
32 -0.374779 0.838947 -0.048556
33 -0.368925 0.840674 -0.079743
34 -0.360444 0.840333 -0.111235
35 -0.351836 0.846170 -0.138505
36 -0.337113 0.853545 -0.165500
37 -0.302825 0.881810 -0.192355
38 -0.267515 0.891849 -0.201309
39 -0.221516 0.901352 -0.195487
40 -0.187932 0.905864 -0.177689
41 -0.163159 0.904452 -0.156289
42 -0.146347 0.903928 -0.133450
43 -0.135297 0.903993 -0.108897
44 -0.126016 0.897069 -0.078506
45 -0.123874 0.892534 -0.052833
46 -0.122755 0.889713 -0.023232
47 -0.121046 0.884030 0.011564
48 -0.122092 0.885505 0.040135
49 -0.126394 0.883880 0.068302
50 -0.135332 0.872694 0.098112
51 -0.150235 0.867919 0.120023
52 -0.169873 0.862247 0.139484
53 -0.198314 0.857456 0.157481
54 -0.242406 0.852566 0.168745
55 -0.278939 0.854276 0.161224
56 -0.305874 0.856164 0.146019
57 -0.333588 0.851318 0.107840
58 -0.346271 0.844382 0.073445
59 -0.357250 0.842253 0.046915
Frame 707
30 -0.369593 0.838461 0.012300
31 -0.375250 0.838775 -0.021037
32 -0.373997 0.839219 -0.048441
33 -0.368242 0.840867 -0.079644
34 -0.359852 0.840461 -0.111165
35 -0.351295 0.846258 -0.138462
36 -0.336651 0.853551 -0.165509
37 -0.302388 0.881756 -0.192510
38 -0.267086 0.891728 -0.201582
39 -0.221060 0.901151 -0.195918
40 -0.187385 0.905607 -0.178219
41 -0.162558 0.904174 -0.156898
42 -0.145673 0.903639 -0.134109
43 -0.134550 0.903710 -0.109586
44 -0.125195 0.896810 -0.079205
45 -0.122987 0.892305 -0.053531
46 -0.121788 0.889522 -0.023926
47 -0.119988 0.883880 0.010874
48 -0.120949 0.885399 0.039448
49 -0.125174 0.883821 0.067629
50 -0.134050 0.872688 0.097478
51 -0.148897 0.867967 0.119431
52 -0.168479 0.862358 0.138943
53 -0.196855 0.857659 0.157018
54 -0.240905 0.852929 0.168433
55 -0.277442 0.854692 0.160998
56 -0.304403 0.856693 0.145960
57 -0.332280 0.851827 0.107843
58 -0.345040 0.844816 0.073414
59 -0.356085 0.842664 0.046934
Frame 708
30 -0.368581 0.838889 0.012327
31 -0.374342 0.839151 -0.020989
32 -0.373168 0.839534 -0.048386
33 -0.367500 0.841102 -0.079601
34 -0.359191 0.840630 -0.111145
35 -0.350672 0.846385 -0.138464
36 -0.336091 0.853596 -0.165556
37 -0.301831 0.881728 -0.192692
38 -0.266530 0.891625 -0.201868
39 -0.220477 0.900952 -0.196343
40 -0.186715 0.905341 -0.178727
41 -0.161844 0.903878 -0.157473
42 -0.144895 0.903323 -0.134728
43 -0.133709 0.903398 -0.110230
44 -0.124297 0.896518 -0.079852
45 -0.122037 0.892041 -0.054177
46 -0.120773 0.889296 -0.024568
47 -0.118898 0.883695 0.010236
48 -0.119788 0.885255 0.038814
49 -0.123951 0.883725 0.067005
50 -0.132783 0.872650 0.096888
51 -0.147584 0.867987 0.118874
52 -0.167119 0.862450 0.138423
53 -0.195429 0.857853 0.156558
54 -0.239423 0.853297 0.168100
55 -0.275954 0.855126 0.160740
56 -0.302941 0.857251 0.145873
57 -0.330984 0.852365 0.107811
58 -0.343816 0.845281 0.073340
59 -0.354920 0.843111 0.046900
Frame 709
30 -0.367565 0.839338 0.012308
31 -0.373416 0.839551 -0.020990
32 -0.372309 0.839872 -0.048378
33 -0.366717 0.841358 -0.079600
34 -0.358479 0.840819 -0.111162
35 -0.349989 0.846532 -0.138498
36 -0.335457 0.853661 -0.165630
37 -0.301186 0.881715 -0.192890
38 -0.265881 0.891531 -0.202156
39 -0.219802 0.900755 -0.196752
40 -0.185959 0.905072 -0.179208
41 -0.161050 0.903576 -0.158011
42 -0.144047 0.902999 -0.135302
43 -0.132807 0.903075 -0.110824
44 -0.123352 0.896213 -0.080448
45 -0.121051 0.891763 -0.054769
46 -0.119735 0.889056 -0.025155
47 -0.117800 0.883495 0.009654
48 -0.118631 0.885099 0.038234
49 -0.122742 0.883615 0.066434
50 -0.131543 0.872599 0.096345
51 -0.146309 0.867999 0.118357
52 -0.165803 0.862535 0.137931
53 -0.194047 0.858047 0.156110
54 -0.237979 0.853673 0.167757
55 -0.274493 0.855574 0.160461
56 -0.301504 0.857824 0.145771
57 -0.329714 0.852918 0.107757
58 -0.342612 0.845765 0.073235
59 -0.353765 0.843577 0.046828
Frame 710
30 -0.366561 0.839789 0.012258
31 -0.372490 0.839952 -0.021023
32 -0.371438 0.840210 -0.048401
33 -0.365913 0.841615 -0.079624
34 -0.357736 0.841008 -0.111202
35 -0.349266 0.846680 -0.138554
36 -0.334775 0.853728 -0.165720
37 -0.300483 0.881703 -0.193094
38 -0.265173 0.891440 -0.202438
39 -0.219072 0.900563 -0.197141
40 -0.185151 0.904807 -0.179656
41 -0.160212 0.903279 -0.158509
42 -0.143161 0.902678 -0.135829
43 -0.131878 0.902757 -0.111368
44 -0.122388 0.895914 -0.080988
45 -0.120055 0.891492 -0.055306
46 -0.118696 0.888822 -0.025687
47 -0.116715 0.883305 0.009129
48 -0.117495 0.884951 0.037709
49 -0.121565 0.883515 0.065918
50 -0.130345 0.872558 0.095853
51 -0.145082 0.868020 0.117884
52 -0.164541 0.862630 0.137474
53 -0.192720 0.858252 0.155684
54 -0.236585 0.854058 0.167418
55 -0.273076 0.856032 0.160177
56 -0.300108 0.858406 0.145662
57 -0.328480 0.853472 0.107691
58 -0.341436 0.846249 0.073114
59 -0.352634 0.844046 0.046733
Frame 711
30 -0.365581 0.840223 0.012196
31 -0.371578 0.840334 -0.021070
32 -0.370575 0.840529 -0.048439
33 -0.365108 0.841851 -0.079662
34 -0.356982 0.841179 -0.111254
35 -0.348523 0.846810 -0.138618
36 -0.334067 0.853781 -0.165813
37 -0.299753 0.881682 -0.193292
38 -0.264438 0.891345 -0.202704
39 -0.218319 0.900375 -0.197501
40 -0.184328 0.904552 -0.180066
41 -0.159366 0.902997 -0.158963
42 -0.142270 0.902379 -0.136307
43 -0.130950 0.902461 -0.111859
44 -0.121435 0.895641 -0.081473
45 -0.119076 0.891249 -0.055787
46 -0.117683 0.888618 -0.026161
47 -0.115663 0.883143 0.008660
48 -0.116401 0.884834 0.037242
49 -0.120438 0.883446 0.065457
50 -0.129204 0.872548 0.095415
51 -0.143918 0.868069 0.117459
52 -0.163345 0.862750 0.137059
53 -0.191463 0.858475 0.155289
54 -0.235259 0.854455 0.167095
55 -0.271719 0.856496 0.159900
56 -0.298769 0.858986 0.145558
57 -0.327295 0.854012 0.107625
58 -0.340302 0.846719 0.072989
59 -0.351537 0.844499 0.046631
Frame 712
30 -0.364641 0.840620 0.012138
31 -0.370700 0.840675 -0.021117
32 -0.369738 0.840805 -0.048476
33 -0.364320 0.842046 -0.079700
34 -0.356236 0.841311 -0.111304
35 -0.347782 0.846905 -0.138679
36 -0.333356 0.853799 -0.165900
37 -0.299029 0.881638 -0.193474
38 -0.263711 0.891239 -0.202946
39 -0.217578 0.900193 -0.197826
40 -0.183524 0.904315 -0.180432
41 -0.158543 0.902743 -0.159368
42 -0.141409 0.902115 -0.136734
43 -0.130057 0.902207 -0.112295
44 -0.120521 0.895415 -0.081901
45 -0.118140 0.891054 -0.056210
46 -0.116719 0.888464 -0.026578
47 -0.114667 0.883035 0.008251
48 -0.115371 0.884771 0.036833
49 -0.119380 0.883430 0.065053
50 -0.128134 0.872589 0.095033
51 -0.142828 0.868165 0.117088
52 -0.162226 0.862910 0.136693
53 -0.190285 0.858729 0.154935
54 -0.234015 0.854868 0.166799
55 -0.270441 0.856961 0.159642
56 -0.297502 0.859553 0.145470
57 -0.326173 0.854529 0.107572
58 -0.339221 0.847160 0.072875
59 -0.350488 0.844920 0.046535
Frame 713
30 -0.363755 0.840958 0.012100
31 -0.369870 0.840952 -0.021145
32 -0.368946 0.841018 -0.048495
33 -0.363570 0.842179 -0.079724
34 -0.355516 0.841384 -0.111339
35 -0.347062 0.846943 -0.138724
36 -0.332667 0.853765 -0.165968
37 -0.298340 0.881559 -0.193629
38 -0.263024 0.891116 -0.203153
39 -0.216885 0.900017 -0.198107
40 -0.182775 0.904102 -0.180749
41 -0.157779 0.902529 -0.159721
42 -0.140610 0.901899 -0.137104
43 -0.129231 0.902011 -0.112674
44 -0.119674 0.895253 -0.082270
45 -0.117273 0.890927 -0.056573
46 -0.115828 0.888381 -0.026935
47 -0.113746 0.883001 0.007903
48 -0.114421 0.884784 0.036485
49 -0.118406 0.883491 0.064709
50 -0.127149 0.872704 0.094710
51 -0.141824 0.868328 0.116773
52 -0.161194 0.863127 0.136382
53 -0.189201 0.859024 0.154633
54 -0.232868 0.855298 0.166544
55 -0.269259 0.857425 0.159420
56 -0.296326 0.860099 0.145409
57 -0.325127 0.855009 0.107543
58 -0.338204 0.847558 0.072784
59 -0.349498 0.845291 0.046462
Frame 714
30 -0.362941 0.841242 0.012099
31 -0.369109 0.841173 -0.021137
32 -0.368222 0.841175 -0.048480
33 -0.362885 0.842259 -0.079714
34 -0.354857 0.841410 -0.111339
35 -0.346400 0.846940 -0.138737
36 -0.332041 0.853691 -0.166002
37 -0.297730 0.881459 -0.193744
38 -0.262421 0.890985 -0.203318
39 -0.216279 0.899856 -0.198343
40 -0.182119 0.903918 -0.181021
41 -0.157109 0.902355 -0.160028
42 -0.139904 0.901732 -0.137430
43 -0.128498 0.901867 -0.113008
44 -0.118920 0.895149 -0.082592
45 -0.116498 0.890859 -0.056890
46 -0.115027 0.888357 -0.027246
47 -0.112915 0.883027 0.007601
48 -0.113563 0.884855 0.036181
49 -0.117523 0.883609 0.064410
50 -0.126250 0.872871 0.094433
51 -0.140905 0.868536 0.116506
52 -0.160246 0.863377 0.136119
53 -0.188205 0.859337 0.154380
54 -0.231817 0.855724 0.166337
55 -0.268175 0.857868 0.159242
56 -0.295242 0.860609 0.145385
57 -0.324161 0.855444 0.107550
58 -0.337259 0.847907 0.072730
59 -0.348579 0.845611 0.046427
Frame 715
30 -0.362187 0.841486 0.012138
31 -0.368415 0.841354 -0.021089
32 -0.367565 0.841298 -0.048425
33 -0.362268 0.842311 -0.079666
34 -0.354264 0.841416 -0.111302
35 -0.345805 0.846921 -0.138712
36 -0.331489 0.853604 -0.165997
37 -0.297204 0.881356 -0.193820
38 -0.261903 0.890862 -0.203443
39 -0.215761 0.899711 -0.198542
40 -0.181554 0.903757 -0.181256
41 -0.156530 0.902207 -0.160303
42 -0.139287 0.901596 -0.137723
43 -0.127852 0.901756 -0.113310
44 -0.118248 0.895076 -0.082884
45 -0.115803 0.890821 -0.057178
46 -0.114304 0.888362 -0.027527
47 -0.112158 0.883079 0.007328
48 -0.112779 0.884948 0.035908
49 -0.116712 0.883747 0.064140
50 -0.125419 0.873053 0.094186
51 -0.140051 0.868750 0.116269
52 -0.159363 0.863627 0.135889
53 -0.187275 0.859636 0.154163
54 -0.230836 0.856124 0.166169
55 -0.267165 0.858275 0.159105
56 -0.294228 0.861075 0.145394
57 -0.323259 0.855836 0.107591
58 -0.336374 0.848215 0.072712
59 -0.347719 0.845891 0.046429
Frame 716
30 -0.361480 0.841692 0.012207
31 -0.367767 0.841498 -0.021010
32 -0.366956 0.841388 -0.048340
33 -0.361698 0.842336 -0.079590
34 -0.353716 0.841402 -0.111236
35 -0.345257 0.846886 -0.138660
36 -0.330987 0.853505 -0.165964
37 -0.296736 0.881250 -0.193863
38 -0.261449 0.890741 -0.203536
39 -0.215308 0.899579 -0.198709
40 -0.181055 0.903613 -0.181459
41 -0.156016 0.902084 -0.160547
42 -0.138735 0.901485 -0.137986
43 -0.127271 0.901671 -0.113584
44 -0.117639 0.895031 -0.083148
45 -0.115169 0.890810 -0.057438
46 -0.113640 0.888389 -0.027780
47 -0.111459 0.883150 0.007082
48 -0.112051 0.885061 0.035662
49 -0.115955 0.883900 0.063896
50 -0.124638 0.873244 0.093965
51 -0.139248 0.868968 0.116060
52 -0.158527 0.863872 0.135688
53 -0.186396 0.859922 0.153978
54 -0.229911 0.856498 0.166035
55 -0.266213 0.858645 0.159000
56 -0.293270 0.861499 0.145432
57 -0.322405 0.856186 0.107660
58 -0.335531 0.848482 0.072721
59 -0.346900 0.846131 0.046460
Frame 717
30 -0.360799 0.841858 0.012298
31 -0.367147 0.841604 -0.020911
32 -0.366375 0.841443 -0.048234
33 -0.361155 0.842333 -0.079494
34 -0.353192 0.841367 -0.111150
35 -0.344732 0.846836 -0.138588
36 -0.330510 0.853393 -0.165911
37 -0.296302 0.881138 -0.193881
38 -0.261030 0.890621 -0.203604
39 -0.214895 0.899455 -0.198848
40 -0.180598 0.903485 -0.181635
41 -0.155546 0.901979 -0.160766
42 -0.138225 0.901394 -0.138225
43 -0.126732 0.901609 -0.113832
44 -0.117071 0.895008 -0.083387
45 -0.114573 0.890818 -0.057673
46 -0.113015 0.888435 -0.028009
47 -0.110797 0.883238 0.006860
48 -0.111361 0.885186 0.035439
49 -0.115237 0.884063 0.063677
50 -0.123893 0.873440 0.093768
51 -0.138478 0.869186 0.115873
52 -0.157725 0.864110 0.135511
53 -0.185552 0.860191 0.153819
54 -0.229026 0.856843 0.165928
55 -0.265304 0.858977 0.158920
56 -0.292349 0.861881 0.145489
57 -0.321582 0.856495 0.107746
58 -0.334714 0.848708 0.072747
59 -0.346107 0.846330 0.046510
Frame 718
30 -0.360127 0.841984 0.012402
31 -0.366537 0.841671 -0.020799
32 -0.365802 0.841465 -0.048117
33 -0.360618 0.842302 -0.079389
34 -0.352672 0.841311 -0.111055
35 -0.344208 0.846769 -0.138507
36 -0.330035 0.853271 -0.165846
37 -0.295878 0.881018 -0.193883
38 -0.260623 0.890498 -0.203650
39 -0.214497 0.899337 -0.198966
40 -0.180159 0.903366 -0.181789
41 -0.155094 0.901887 -0.160962
42 -0.137737 0.901321 -0.138442
43 -0.126215 0.901564 -0.114060
44 -0.116522 0.895002 -0.083605
45 -0.113998 0.890841 -0.057887
46 -0.112410 0.888495 -0.028217
47 -0.110155 0.883337 0.006659
48 -0.110692 0.885321 0.035237
49 -0.114539 0.884232 0.063478
50 -0.123168 0.873639 0.093592
51 -0.137728 0.869399 0.115707
52 -0.156942 0.864337 0.135355
53 -0.184729 0.860441 0.153679
54 -0.228164 0.857160 0.165840
55 -0.264421 0.859272 0.158857
56 -0.291450 0.862222 0.145559
57 -0.320774 0.856762 0.107843
58 -0.333907 0.848893 0.072782
59 -0.345320 0.846490 0.046572
Frame 719
30 -0.359445 0.842070 0.012509
31 -0.365917 0.841701 -0.020684
32 -0.365218 0.841453 -0.047998
33 -0.360066 0.842245 -0.079282
34 -0.352133 0.841237 -0.110960
35 -0.343665 0.846687 -0.138425
36 -0.329538 0.853138 -0.165778
37 -0.295438 0.880889 -0.193874
38 -0.260204 0.890370 -0.203683
39 -0.214091 0.899221 -0.199067
40 -0.179713 0.903254 -0.181924
41 -0.154639 0.901806 -0.161141
42 -0.137244 0.901259 -0.138642
43 -0.125696 0.901530 -0.114268
44 -0.115972 0.895006 -0.083803
45 -0.113423 0.890876 -0.058083
46 -0.111805 0.888564 -0.028407
47 -0.109513 0.883443 0.006477
48 -0.110026 0.885460 0.035055
49 -0.113845 0.884403 0.063298
50 -0.122445 0.873834 0.093432
51 -0.136981 0.869605 0.115558
52 -0.156162 0.864551 0.135212
53 -0.183910 0.860669 0.153554
54 -0.227312 0.857448 0.165766
55 -0.263548 0.859527 0.158802
56 -0.290556 0.862524 0.145634
57 -0.319964 0.856988 0.107943
58 -0.333089 0.849037 0.072816
59 -0.344521 0.846609 0.046636
Frame 720
30 -0.358736 0.842117 0.012613
31 -0.365268 0.841692 -0.020573
32 -0.364604 0.841407 -0.047885
33 -0.359480 0.842161 -0.079184
34 -0.351554 0.841141 -0.110873
35 -0.343080 0.846588 -0.138352
36 -0.328996 0.852994 -0.165715
37 -0.294957 0.880749 -0.193862
38 -0.259746 0.890234 -0.203709
39 -0.213651 0.899101 -0.199158
40 -0.179236 0.903143 -0.182046
41 -0.154157 0.901729 -0.161306
42 -0.136727 0.901203 -0.138827
43 -0.125153 0.901505 -0.114462
44 -0.115401 0.895019 -0.083986
45 -0.112826 0.890916 -0.058263
46 -0.111181 0.888636 -0.028581
47 -0.108855 0.883552 0.006310
48 -0.109345 0.885598 0.034887
49 -0.113138 0.884570 0.063132
50 -0.121709 0.874022 0.093285
51 -0.136222 0.869799 0.115422
52 -0.155371 0.864747 0.135082
53 -0.183081 0.860875 0.153438
54 -0.226453 0.857706 0.165697
55 -0.262668 0.859744 0.158748
56 -0.289651 0.862784 0.145707
57 -0.319136 0.857173 0.108038
58 -0.332246 0.849140 0.072842
59 -0.343693 0.846687 0.046692
Frame 721
30 -0.357981 0.842124 0.012702
31 -0.364573 0.841645 -0.020478
32 -0.363940 0.841328 -0.047788
33 -0.358838 0.842050 -0.079102
34 -0.350915 0.841026 -0.110807
35 -0.342431 0.846473 -0.138297
36 -0.328384 0.852842 -0.165666
37 -0.294410 0.880595 -0.193857
38 -0.259226 0.890087 -0.203735
39 -0.213155 0.898976 -0.199242
40 -0.178704 0.903029 -0.182158
41 -0.153623 0.901652 -0.161461
42 -0.136161 0.901149 -0.139001
43 -0.124565 0.901481 -0.114643
44 -0.114786 0.895033 -0.084157
45 -0.112187 0.890957 -0.058430
46 -0.110518 0.888708 -0.028742
47 -0.108160 0.883657 0.006156
48 -0.108629 0.885732 0.034732
49 -0.112399 0.884730 0.062979
50 -0.120945 0.874200 0.093151
51 -0.135436 0.869978 0.115295
52 -0.154553 0.864921 0.134957
53 -0.182228 0.861054 0.153325
54 -0.225571 0.857931 0.165628
55 -0.261766 0.859919 0.158687
56 -0.288718 0.863003 0.145769
57 -0.318273 0.857318 0.108119
58 -0.331360 0.849202 0.072850
59 -0.342818 0.846724 0.046733
Frame 722
30 -0.357164 0.842084 0.012772
31 -0.363814 0.841550 -0.020403
32 -0.363210 0.841203 -0.047713
33 -0.358125 0.841902 -0.079046
34 -0.350200 0.840878 -0.110766
35 -0.341702 0.846328 -0.138269
36 -0.327684 0.852668 -0.165639
37 -0.293781 0.880421 -0.193863
38 -0.258628 0.889924 -0.203766
39 -0.212588 0.898842 -0.199326
40 -0.178103 0.902912 -0.182266
41 -0.153026 0.901578 -0.161611
42 -0.135536 0.901102 -0.139170
43 -0.123919 0.901465 -0.114819
44 -0.114114 0.895055 -0.084320
45 -0.111494 0.891004 -0.058591
46 -0.109802 0.888784 -0.028895
47 -0.107415 0.883768 0.006011
48 -0.107868 0.885870 0.034586
49 -0.111617 0.884892 0.062832
50 -0.120137 0.874375 0.093023
51 -0.134609 0.870149 0.115172
52 -0.153694 0.865083 0.134833
53 -0.181339 0.861215 0.153213
54 -0.224668 0.858131 0.165558
55 -0.260849 0.860051 0.158615
56 -0.287747 0.863181 0.145818
57 -0.317359 0.857420 0.108182
58 -0.330415 0.849219 0.072833
59 -0.341881 0.846716 0.046751
Frame 723
30 -0.356295 0.841996 0.012825
31 -0.363001 0.841408 -0.020347
32 -0.362424 0.841032 -0.047658
33 -0.357352 0.841709 -0.079013
34 -0.349419 0.840688 -0.110753
35 -0.340905 0.846145 -0.138266
36 -0.326909 0.852464 -0.165635
37 -0.293084 0.880221 -0.193881
38 -0.257966 0.889744 -0.203803
39 -0.211964 0.898702 -0.199411
40 -0.177449 0.902798 -0.182373
41 -0.152378 0.901511 -0.161759
42 -0.134861 0.901065 -0.139336
43 -0.123228 0.901462 -0.114992
44 -0.113397 0.895091 -0.084478
45 -0.110757 0.891067 -0.058747
46 -0.109044 0.888876 -0.029044
47 -0.106630 0.883893 0.005870
48 -0.107069 0.886021 0.034444
49 -0.110799 0.885064 0.062691
50 -0.119293 0.874558 0.092898
51 -0.133748 0.870324 0.115053
52 -0.152800 0.865242 0.134709
53 -0.180428 0.861365 0.153101
54 -0.223761 0.858309 0.165491
55 -0.259938 0.860140 0.158534
56 -0.286752 0.863316 0.145851
57 -0.316404 0.857482 0.108226
58 -0.329420 0.849193 0.072797
59 -0.340891 0.846665 0.046752
Frame 724
30 -0.355391 0.841874 0.012862
31 -0.362151 0.841229 -0.020306
32 -0.361599 0.840826 -0.047621
33 -0.356536 0.841485 -0.078997
34 -0.348592 0.840468 -0.110757
35 -0.340059 0.845932 -0.138281
36 -0.326083 0.852237 -0.165645
37 -0.292340 0.880003 -0.193909
38 -0.257259 0.889552 -0.203844
39 -0.211299 0.898557 -0.199496
40 -0.176756 0.902684 -0.182477
41 -0.151695 0.901451 -0.161904
42 -0.134152 0.901038 -0.139497
43 -0.122503 0.901471 -0.115160
44 -0.112650 0.895141 -0.084631
45 -0.109990 0.891141 -0.058895
46 -0.108259 0.888979 -0.029186
47 -0.105820 0.884030 0.005737
48 -0.106247 0.886183 0.034309
49 -0.109960 0.885247 0.062557
50 -0.118430 0.874749 0.092780
51 -0.132869 0.870503 0.114938
52 -0.151889 0.865401 0.134588
53 -0.179506 0.861508 0.152992
54 -0.222859 0.858469 0.165425
55 -0.259040 0.860195 0.158446
56 -0.285747 0.863420 0.145872
57 -0.315424 0.857512 0.108254
58 -0.328396 0.849136 0.072743
59 -0.339869 0.846579 0.046736
Frame 725
30 -0.354471 0.841725 0.012886
31 -0.361284 0.841027 -0.020279
32 -0.360754 0.840597 -0.047594
33 -0.355697 0.841241 -0.078994
34 -0.347739 0.840230 -0.110774
35 -0.339189 0.845703 -0.138307
36 -0.325226 0.851998 -0.165667
37 -0.291567 0.879773 -0.193943
38 -0.256525 0.889351 -0.203889
39 -0.210610 0.898410 -0.199580
40 -0.176041 0.902573 -0.182577
41 -0.150991 0.901397 -0.162043
42 -0.133425 0.901020 -0.139653
43 -0.121764 0.901489 -0.115319
44 -0.111887 0.895199 -0.084775
45 -0.109210 0.891226 -0.059037
46 -0.107462 0.889093 -0.029320
47 -0.105000 0.884177 0.005612
48 -0.105419 0.886354 0.034183
49 -0.109116 0.885437 0.062430
50 -0.117563 0.874946 0.092668
51 -0.131987 0.870686 0.114829
52 -0.150977 0.865563 0.134472
53 -0.178589 0.861648 0.152886
54 -0.221970 0.858615 0.165360
55 -0.258160 0.860226 0.158352
56 -0.284748 0.863501 0.145880
57 -0.314439 0.857521 0.108268
58 -0.327364 0.849057 0.072677
59 -0.338837 0.846470 0.046706
Frame 726
30 -0.353557 0.841564 0.012900
31 -0.360416 0.840811 -0.020261
32 -0.359905 0.840357 -0.047578
33 -0.354852 0.840988 -0.078999
34 -0.346880 0.839983 -0.110795
35 -0.338315 0.845465 -0.138337
36 -0.324364 0.851754 -0.165691
37 -0.290787 0.879536 -0.193981
38 -0.255783 0.889145 -0.203935
39 -0.209913 0.898261 -0.199662
40 -0.175321 0.902463 -0.182672
41 -0.150284 0.901348 -0.162177
42 -0.132695 0.901008 -0.139800
43 -0.121023 0.901516 -0.115471
44 -0.111125 0.895267 -0.084910
45 -0.108432 0.891317 -0.059169
46 -0.106670 0.889214 -0.029445
47 -0.104188 0.884331 0.005496
48 -0.104599 0.886532 0.034065
49 -0.108284 0.885634 0.062312
50 -0.116707 0.875149 0.092565
51 -0.131119 0.870875 0.114729
52 -0.150080 0.865728 0.134363
53 -0.177690 0.861788 0.152785
54 -0.221100 0.858752 0.165295
55 -0.257302 0.860242 0.158254
56 -0.283768 0.863569 0.145876
57 -0.313468 0.857515 0.108269
58 -0.326343 0.848966 0.072601
59 -0.337816 0.846348 0.046666
Frame 727
30 -0.352664 0.841398 0.012905
31 -0.359565 0.840594 -0.020251
32 -0.359071 0.840118 -0.047565
33 -0.354020 0.840737 -0.079004
34 -0.346036 0.839740 -0.110814
35 -0.337457 0.845230 -0.138365
36 -0.323517 0.851513 -0.165714
37 -0.290020 0.879300 -0.194019
38 -0.255051 0.888941 -0.203981
39 -0.209225 0.898114 -0.199741
40 -0.174610 0.902357 -0.182761
41 -0.149587 0.901303 -0.162303
42 -0.131977 0.901002 -0.139938
43 -0.120295 0.901547 -0.115612
44 -0.110378 0.895338 -0.085036
45 -0.107671 0.891415 -0.059290
46 -0.105897 0.889339 -0.029560
47 -0.103396 0.884491 0.005390
48 -0.103802 0.886715 0.033958
49 -0.107477 0.885835 0.062204
50 -0.115879 0.875357 0.092472
51 -0.130281 0.871069 0.114638
52 -0.149215 0.865900 0.134263
53 -0.176823 0.861934 0.152692
54 -0.220261 0.858888 0.165230
55 -0.256471 0.860260 0.158154
56 -0.282825 0.863633 0.145864
57 -0.312530 0.857504 0.108260
58 -0.325357 0.848873 0.072519
59 -0.336825 0.846223 0.046619
Frame 728
30 -0.351814 0.841242 0.012905
31 -0.358751 0.840388 -0.020245
32 -0.358270 0.839891 -0.047555
33 -0.353219 0.840502 -0.079005
34 -0.345226 0.839510 -0.110824
35 -0.336638 0.845004 -0.138382
36 -0.322711 0.851282 -0.165731
37 -0.289284 0.879070 -0.194055
38 -0.254348 0.888739 -0.204026
39 -0.208560 0.897969 -0.199816
40 -0.173927 0.902254 -0.182844
41 -0.148915 0.901261 -0.162420
42 -0.131285 0.900999 -0.140065
43 -0.119597 0.901584 -0.115742
44 -0.109662 0.895413 -0.085148
45 -0.106943 0.891515 -0.059400
46 -0.105158 0.889467 -0.029662
47 -0.102643 0.884653 0.005296
48 -0.103045 0.886900 0.033862
49 -0.106710 0.886038 0.062109
50 -0.115094 0.875568 0.092390
51 -0.129487 0.871268 0.114559
52 -0.148398 0.866079 0.134175
53 -0.176001 0.862089 0.152607
54 -0.219458 0.859029 0.165166
55 -0.255673 0.860291 0.158056
56 -0.281933 0.863703 0.145843
57 -0.311643 0.857499 0.108242
58 -0.324424 0.848788 0.072435
59 -0.335888 0.846106 0.046568
Frame 729
30 -0.351017 0.841094 0.012893
31 -0.357983 0.840195 -0.020250
32 -0.357511 0.839680 -0.047553
33 -0.352457 0.840285 -0.079012
34 -0.344455 0.839302 -0.110836
35 -0.335859 0.844799 -0.138401
36 -0.321943 0.851072 -0.165748
37 -0.288582 0.878858 -0.194091
38 -0.253673 0.888554 -0.204069
39 -0.207922 0.897839 -0.199884
40 -0.173271 0.902164 -0.182914
41 -0.148274 0.901234 -0.162524
42 -0.130625 0.901010 -0.140175
43 -0.118933 0.901632 -0.115853
44 -0.108984 0.895498 -0.085243
45 -0.106256 0.891625 -0.059491
46 -0.104463 0.889602 -0.029746
47 -0.101937 0.884821 0.005220
48 -0.102339 0.887089 0.033785
49 -0.105999 0.886244 0.062031
50 -0.114367 0.875782 0.092324
51 -0.128753 0.871471 0.114495
52 -0.147645 0.866263 0.134103
53 -0.175240 0.862252 0.152533
54 -0.218703 0.859176 0.165103
55 -0.254917 0.860339 0.157959
56 -0.281107 0.863780 0.145813
57 -0.310824 0.857494 0.108213
58 -0.323560 0.848711 0.072347
59 -0.335018 0.845996 0.046509
Frame 730
30 -0.350259 0.840938 0.012859
31 -0.357245 0.840002 -0.020277
32 -0.356777 0.839475 -0.047572
33 -0.351717 0.840080 -0.079039
34 -0.343700 0.839107 -0.110866
35 -0.335096 0.844608 -0.138435
36 -0.321187 0.850878 -0.165781
37 -0.287887 0.878666 -0.194136
38 -0.253005 0.888391 -0.204114
39 -0.207288 0.897733 -0.199946
40 -0.172627 0.902101 -0.182974
41 -0.147647 0.901232 -0.162611
42 -0.129983 0.901048 -0.140265
43 -0.118289 0.901704 -0.115943
44 -0.108332 0.895604 -0.085316
45 -0.105597 0.891752 -0.059561
46 -0.103802 0.889753 -0.029810
47 -0.101269 0.884999 0.005163
48 -0.101675 0.887286 0.033728
49 -0.105334 0.886454 0.061973
50 -0.113689 0.875997 0.092277
51 -0.128071 0.871673 0.114446
52 -0.146949 0.866446 0.134044
53 -0.174531 0.862410 0.152467
54 -0.217990 0.859313 0.165038
55 -0.254199 0.860382 0.157859
56 -0.280338 0.863842 0.145769
57 -0.310059 0.857475 0.108167
58 -0.322750 0.848624 0.072246
59 -0.334199 0.845877 0.046432
Frame 731
30 -0.349519 0.840762 0.012801
31 -0.356520 0.839793 -0.020329
32 -0.356051 0.839258 -0.047618
33 -0.350979 0.839870 -0.079091
34 -0.342945 0.838915 -0.110918
35 -0.334329 0.844424 -0.138491
36 -0.320424 0.850694 -0.165834
37 -0.287185 0.878489 -0.194192
38 -0.252330 0.888248 -0.204165
39 -0.206648 0.897652 -0.200006
40 -0.171983 0.902066 -0.183025
41 -0.147022 0.901260 -0.162689
42 -0.129345 0.901113 -0.140342
43 -0.117654 0.901803 -0.116018
44 -0.107690 0.895734 -0.085374
45 -0.104952 0.891900 -0.059616
46 -0.103158 0.889920 -0.029858
47 -0.100621 0.885190 0.005121
48 -0.101035 0.887492 0.033685
49 -0.104696 0.886669 0.061929
50 -0.113043 0.876211 0.092240
51 -0.127423 0.871870 0.114407
52 -0.146287 0.866619 0.133992
53 -0.173858 0.862553 0.152403
54 -0.217306 0.859426 0.164968
55 -0.253507 0.860402 0.157752
56 -0.279604 0.863875 0.145708
57 -0.309324 0.857426 0.108099
58 -0.321968 0.848514 0.072126
59 -0.333406 0.845736 0.046335
Frame 732
30 -0.348775 0.840553 0.012715
31 -0.355786 0.839553 -0.020410
32 -0.355313 0.839018 -0.047692
33 -0.350225 0.839643 -0.079171
34 -0.342170 0.838713 -0.110998
35 -0.333539 0.844234 -0.138573
36 -0.319637 0.850508 -0.165910
37 -0.286462 0.878320 -0.194263
38 -0.251634 0.888120 -0.204226
39 -0.205988 0.897594 -0.200069
40 -0.171325 0.902060 -0.183074
41 -0.146384 0.901318 -0.162763
42 -0.128697 0.901210 -0.140413
43 -0.117013 0.901932 -0.116085
44 -0.107044 0.895890 -0.085424
45 -0.104305 0.892070 -0.059662
46 -0.102515 0.890106 -0.029899
47 -0.099979 0.885394 0.005086
48 -0.100405 0.887706 0.033651
49 -0.104070 0.886887 0.061893
50 -0.112409 0.876422 0.092210
51 -0.126789 0.872058 0.114370
52 -0.145642 0.866776 0.133941
53 -0.173199 0.862672 0.152335
54 -0.216636 0.859504 0.164890
55 -0.252829 0.860380 0.157631
56 -0.278883 0.863864 0.145627
57 -0.308593 0.857335 0.108008
58 -0.321187 0.848367 0.071983
59 -0.332613 0.845559 0.046211
Frame 733
30 -0.348005 0.840295 0.012599
31 -0.355025 0.839271 -0.020523
32 -0.354546 0.838740 -0.047799
33 -0.349438 0.839388 -0.079283
34 -0.341355 0.838491 -0.111109
35 -0.332706 0.844030 -0.138684
36 -0.318807 0.850313 -0.166013
37 -0.285702 0.878153 -0.194354
38 -0.250903 0.888006 -0.204301
39 -0.205295 0.897560 -0.200139
40 -0.170640 0.902084 -0.183128
41 -0.145722 0.901410 -0.162836
42 -0.128027 0.901341 -0.140483
43 -0.116350 0.902093 -0.116150
44 -0.106379 0.896076 -0.085471
45 -0.103642 0.892267 -0.059706
46 -0.101857 0.890311 -0.029937
47 -0.099325 0.885614 0.005053
48 -0.099766 0.887929 0.033618
49 -0.103439 0.887109 0.061859
50 -0.111770 0.876628 0.092179
51 -0.126150 0.872232 0.114330
52 -0.144991 0.866910 0.133882
53 -0.172537 0.862756 0.152257
54 -0.215964 0.859532 0.164798
55 -0.252151 0.860292 0.157489
56 -0.278151 0.863794 0.145522
57 -0.307843 0.857186 0.107890
58 -0.320381 0.848169 0.071809
59 -0.331795 0.845334 0.046059
Frame 734
30 -0.347188 0.839975 0.012448
31 -0.354216 0.838929 -0.020671
32 -0.353728 0.838411 -0.047941
33 -0.348597 0.839089 -0.079431
34 -0.340484 0.838236 -0.111256
35 -0.331814 0.843801 -0.138830
36 -0.317919 0.850100 -0.166147
37 -0.284890 0.877983 -0.194467
38 -0.250124 0.887900 -0.204395
39 -0.204558 0.897549 -0.200221
40 -0.169915 0.902140 -0.183189
41 -0.145020 0.901537 -0.162917
42 -0.127320 0.901510 -0.140557
43 -0.115655 0.902291 -0.116218
44 -0.105681 0.896295 -0.085520
45 -0.102946 0.892491 -0.059754
46 -0.101169 0.890539 -0.029977
47 -0.098643 0.885848 0.005016
48 -0.099101 0.888161 0.033581
49 -0.102784 0.887332 0.061820
50 -0.111107 0.876828 0.092140
51 -0.125487 0.872389 0.114279
52 -0.144317 0.867016 0.133809
53 -0.171852 0.862793 0.152162
54 -0.215277 0.859492 0.164691
55 -0.251462 0.860118 0.157322
56 -0.277385 0.863650 0.145390
57 -0.307047 0.856968 0.107740
58 -0.319522 0.847905 0.071601
59 -0.330925 0.845043 0.045873
Frame 735
30 -0.346303 0.839580 0.012260
31 -0.353340 0.838515 -0.020858
32 -0.352841 0.838015 -0.048123
33 -0.347685 0.838735 -0.079618
34 -0.339537 0.837938 -0.111444
35 -0.330840 0.843540 -0.139015
36 -0.316952 0.849858 -0.166315
37 -0.284013 0.877802 -0.194608
38 -0.249282 0.887801 -0.204510
39 -0.203763 0.897560 -0.200320
40 -0.169139 0.902230 -0.183264
41 -0.144268 0.901702 -0.163009
42 -0.126565 0.901718 -0.140643
43 -0.114913 0.902528 -0.116296
44 -0.104936 0.896547 -0.085579
45 -0.102204 0.892745 -0.059812
46 -0.100436 0.890792 -0.030029
47 -0.097917 0.886100 0.004969
48 -0.098396 0.888403 0.033535
49 -0.102090 0.887556 0.061772
50 -0.110404 0.877017 0.092089
51 -0.124783 0.872524 0.114213
52 -0.143596 0.867084 0.133715
53 -0.171125 0.862775 0.152045
54 -0.214559 0.859371 0.164564
55 -0.250746 0.859836 0.157122
56 -0.276564 0.863413 0.145228
57 -0.306181 0.856664 0.107556
58 -0.318586 0.847563 0.071353
59 -0.329977 0.844677 0.045648
Frame 736
30 -0.345327 0.839094 0.012032
31 -0.352377 0.838016 -0.021088
32 -0.351868 0.837542 -0.048349
33 -0.346684 0.838313 -0.079849
34 -0.338495 0.837585 -0.111676
35 -0.329768 0.843233 -0.139243
36 -0.315889 0.849580 -0.166522
37 -0.283053 0.877606 -0.194779
38 -0.248365 0.887705 -0.204652
39 -0.202899 0.897595 -0.200439
40 -0.168299 0.902354 -0.183358
41 -0.143453 0.901907 -0.163118
42 -0.125748 0.901969 -0.140744
43 -0.114111 0.902807 -0.116390
44 -0.104130 0.896839 -0.085652
45 -0.101400 0.893033 -0.059885
46 -0.099642 0.891069 -0.030095
47 -0.097132 0.886371 0.004906
48 -0.097632 0.888655 0.033472
49 -0.101337 0.887783 0.061708
50 -0.109640 0.877195 0.092019
51 -0.124017 0.872632 0.114125
52 -0.142811 0.867110 0.133593
53 -0.170337 0.862688 0.151899
54 -0.213794 0.859150 0.164411
55 -0.249992 0.859419 0.156880
56 -0.275662 0.863070 0.145030
57 -0.305218 0.856261 0.107333
58 -0.317543 0.847129 0.071058
59 -0.328926 0.844221 0.045380
Frame 737
30 -0.344249 0.838517 0.011771
31 -0.351315 0.837424 -0.021350
32 -0.350796 0.836983 -0.048610
33 -0.345584 0.837815 -0.080115
34 -0.337349 0.837171 -0.111946
35 -0.328590 0.842876 -0.139508
36 -0.314725 0.849258 -0.166761
37 -0.282008 0.877383 -0.194975
38 -0.247368 0.887599 -0.204816
39 -0.201960 0.897638 -0.200576
40 -0.167388 0.902503 -0.183468
41 -0.142567 0.902142 -0.163241
42 -0.124863 0.902256 -0.140860
43 -0.113242 0.903122 -0.116496
44 -0.103255 0.897164 -0.085739
45 -0.100527 0.893349 -0.059971
46 -0.098780 0.891371 -0.030175
47 -0.096278 0.886659 0.004828
48 -0.096803 0.888918 0.033395
49 -0.100521 0.888011 0.061629
50 -0.108808 0.877362 0.091933
51 -0.123181 0.872716 0.114015
52 -0.141951 0.867095 0.133446
53 -0.169479 0.862536 0.151726
54 -0.212983 0.858824 0.164235
55 -0.249197 0.858860 0.156593
56 -0.274679 0.862614 0.144796
57 -0.304152 0.855759 0.107070
58 -0.316386 0.846600 0.070715
59 -0.327760 0.843672 0.045073
Frame 738
30 -0.343104 0.837880 0.011499
31 -0.350187 0.836772 -0.021626
32 -0.349657 0.836366 -0.048884
33 -0.344414 0.837263 -0.080394
34 -0.336133 0.836711 -0.112233
35 -0.327338 0.842476 -0.139791
36 -0.313490 0.848896 -0.167014
37 -0.280898 0.877128 -0.195179
38 -0.246309 0.887468 -0.204984
39 -0.200965 0.897671 -0.200714
40 -0.166422 0.902652 -0.183578
41 -0.141626 0.902382 -0.163358
42 -0.123926 0.902553 -0.140969
43 -0.112323 0.903449 -0.116597
44 -0.102330 0.897501 -0.085819
45 -0.099606 0.893677 -0.060051
46 -0.097871 0.891681 -0.030248
47 -0.095379 0.886955 0.004757
48 -0.095930 0.889184 0.033323
49 -0.099662 0.888238 0.061555
50 -0.107935 0.877522 0.091849
51 -0.122303 0.872786 0.113907
52 -0.141048 0.867057 0.133296
53 -0.168585 0.862345 0.151550
54 -0.212154 0.858426 0.164053
55 -0.248388 0.858199 0.156279
56 -0.273657 0.862081 0.144540
57 -0.303028 0.855191 0.106781
58 -0.315157 0.846012 0.070344
59 -0.326518 0.843064 0.044746
Frame 739
30 -0.341936 0.837224 0.011233
31 -0.349035 0.836098 -0.021899
32 -0.348491 0.835726 -0.049154
33 -0.343215 0.836687 -0.080671
34 -0.334883 0.836224 -0.112518
35 -0.326049 0.842050 -0.140071
36 -0.312217 0.848506 -0.167262
37 -0.279751 0.876845 -0.195375
38 -0.245212 0.887308 -0.205140
39 -0.199932 0.897678 -0.200836
40 -0.165423 0.902780 -0.183669
41 -0.140652 0.902602 -0.163453
42 -0.122960 0.902832 -0.141054
43 -0.111378 0.903760 -0.116672
44 -0.101382 0.897825 -0.085872
45 -0.098663 0.893993 -0.060105
46 -0.096943 0.891980 -0.030296
47 -0.094467 0.887241 0.004713
48 -0.095048 0.889443 0.033279
49 -0.098795 0.888457 0.061507
50 -0.107056 0.877675 0.091791
51 -0.121421 0.872847 0.113822
52 -0.140142 0.867012 0.133168
53 -0.167693 0.862138 0.151393
54 -0.211339 0.857991 0.163881
55 -0.247593 0.857490 0.155960
56 -0.272638 0.861520 0.144284
57 -0.301896 0.854606 0.106490
58 -0.313913 0.845406 0.069970
59 -0.325254 0.842438 0.044419
Frame 740
30 -0.340792 0.836588 0.010987
31 -0.347901 0.835440 -0.022150
32 -0.347339 0.835096 -0.049405
33 -0.342026 0.836112 -0.080925
34 -0.333640 0.835731 -0.112782
35 -0.324762 0.841612 -0.140331
36 -0.310939 0.848099 -0.167490
37 -0.278591 0.876535 -0.195548
38 -0.244102 0.887116 -0.205270
39 -0.198882 0.897644 -0.200925
40 -0.164410 0.902866 -0.183725
41 -0.139667 0.902776 -0.163506
42 -0.121987 0.903069 -0.141094
43 -0.110429 0.904031 -0.116702
44 -0.100436 0.898111 -0.085879
45 -0.097726 0.894274 -0.060112
46 -0.096026 0.892250 -0.030296
47 -0.093571 0.887502 0.004717
48 -0.094184 0.889681 0.033281
49 -0.097953 0.888662 0.061507
50 -0.106207 0.877819 0.091781
51 -0.120572 0.872908 0.113783
52 -0.139274 0.866972 0.133086
53 -0.166842 0.861941 0.151279
54 -0.210571 0.857558 0.163742
55 -0.246841 0.856788 0.155664
56 -0.271669 0.860981 0.144049
57 -0.300807 0.854047 0.106219
58 -0.312706 0.844826 0.069621
59 -0.324023 0.841836 0.044118
Frame 741
30 -0.339719 0.836013 0.010779
31 -0.346829 0.834836 -0.022366
32 -0.346244 0.834511 -0.049618
33 -0.340886 0.835570 -0.081144
34 -0.332441 0.835253 -0.113007
35 -0.323514 0.841177 -0.140549
36 -0.309689 0.847685 -0.167679
37 -0.277445 0.876203 -0.195684
38 -0.242999 0.886887 -0.205359
39 -0.197834 0.897556 -0.200965
40 -0.163406 0.902889 -0.183728
41 -0.138691 0.902884 -0.163500
42 -0.121028 0.903236 -0.141073
43 -0.109498 0.904234 -0.116667
44 -0.099516 0.898333 -0.085819
45 -0.096822 0.894498 -0.060050
46 -0.095148 0.892470 -0.030227
47 -0.092721 0.887725 0.004791
48 -0.093372 0.889888 0.033353
49 -0.097167 0.888846 0.061575
50 -0.105424 0.877956 0.091841
51 -0.119794 0.872974 0.113815
52 -0.138485 0.866952 0.133075
53 -0.166074 0.861776 0.151232
54 -0.209879 0.857167 0.163661
55 -0.246162 0.856150 0.155424
56 -0.270793 0.860513 0.143861
57 -0.299814 0.853558 0.105992
58 -0.311595 0.844312 0.069322
59 -0.322880 0.841297 0.043860
Frame 742
30 -0.338766 0.835536 0.010624
31 -0.345862 0.834325 -0.022529
32 -0.345246 0.834004 -0.049779
33 -0.339835 0.835087 -0.081307
34 -0.331326 0.834809 -0.113173
35 -0.322341 0.840759 -0.140710
36 -0.308500 0.847275 -0.167812
37 -0.276339 0.875850 -0.195766
38 -0.241928 0.886615 -0.205391
39 -0.196806 0.897398 -0.200938
40 -0.162428 0.902829 -0.183660
41 -0.137745 0.902898 -0.163419
42 -0.120105 0.903307 -0.140970
43 -0.108608 0.904342 -0.116549
44 -0.098647 0.898467 -0.085675
45 -0.095976 0.894643 -0.059901
46 -0.094336 0.892623 -0.030071
47 -0.091948 0.887891 0.004954
48 -0.092641 0.890052 0.033513
49 -0.096468 0.889002 0.061733
50 -0.104741 0.878084 0.091993
51 -0.119126 0.873054 0.113939
52 -0.137814 0.866969 0.133158
53 -0.165425 0.861672 0.151277
54 -0.209295 0.856864 0.163666
55 -0.245588 0.855637 0.155275
56 -0.270058 0.860163 0.143745
57 -0.298968 0.853187 0.105833
58 -0.310632 0.843905 0.069101
59 -0.321879 0.840863 0.043671
Frame 743
30 -0.337943 0.835162 0.010538
31 -0.345019 0.833912 -0.022623
32 -0.344372 0.833585 -0.049870
33 -0.338907 0.834676 -0.081398
34 -0.330335 0.834421 -0.113262
35 -0.321294 0.840385 -0.140795
36 -0.307429 0.846904 -0.167874
37 -0.275330 0.875513 -0.195786
38 -0.240946 0.886337 -0.205363
39 -0.195859 0.897209 -0.200853
40 -0.161531 0.902718 -0.183536
41 -0.136878 0.902854 -0.163280
42 -0.119262 0.903313 -0.140812
43 -0.107798 0.904387 -0.116375
44 -0.097862 0.898541 -0.085472
45 -0.095219 0.894734 -0.059693
46 -0.093613 0.892729 -0.029855
47 -0.091268 0.888020 0.005178
48 -0.092002 0.890189 0.033733
49 -0.095863 0.889141 0.061949
50 -0.104157 0.878214 0.092207
51 -0.118560 0.873151 0.114129
52 -0.137253 0.867024 0.133314
53 -0.164884 0.861632 0.151395
54 -0.208805 0.856656 0.163746
55 -0.245106 0.855260 0.155219
56 -0.269450 0.859929 0.143708
57 -0.298262 0.852926 0.105753
58 -0.309822 0.843605 0.068970
59 -0.321030 0.840532 0.043561
Frame 744
30 -0.337221 0.834862 0.010512
31 -0.344277 0.833573 -0.022654
32 -0.343601 0.833236 -0.049897
33 -0.338090 0.834329 -0.081422
34 -0.329464 0.834091 -0.113284
35 -0.320376 0.840069 -0.140814
36 -0.306489 0.846593 -0.167872
37 -0.274443 0.875222 -0.195753
38 -0.240081 0.886091 -0.205291
39 -0.195022 0.897034 -0.200735
40 -0.160735 0.902608 -0.183386
41 -0.136111 0.902801 -0.163123
42 -0.118514 0.903307 -0.140638
43 -0.107079 0.904415 -0.116188
44 -0.097165 0.898599 -0.085259
45 -0.094546 0.894812 -0.059474
46 -0.092970 0.892824 -0.029629
47 -0.090663 0.888141 0.005411
48 -0.091433 0.890320 0.033963
49 -0.095323 0.889281 0.062177
50 -0.103637 0.878349 0.092436
51 -0.118055 0.873266 0.114337
52 -0.136754 0.867107 0.133496
53 -0.164404 0.861637 0.151548
54 -0.208364 0.856519 0.163866
55 -0.244669 0.854981 0.155226
56 -0.268915 0.859766 0.143728
57 -0.297646 0.852734 0.105735
58 -0.309117 0.843375 0.068911
59 -0.320292 0.840273 0.043517
Frame 745
30 -0.336578 0.834627 0.010530
31 -0.343613 0.833300 -0.022639
32 -0.342913 0.832949 -0.049876
33 -0.337360 0.834040 -0.081397
34 -0.328688 0.833816 -0.113254
35 -0.319560 0.839806 -0.140784
36 -0.305653 0.846337 -0.167823
37 -0.273649 0.874974 -0.195682
38 -0.239305 0.885875 -0.205187
39 -0.194269 0.896875 -0.200593
40 -0.160017 0.902500 -0.183220
41 -0.135419 0.902744 -0.162953
42 -0.117840 0.903291 -0.140456
43 -0.106429 0.904433 -0.115995
44 -0.096536 0.898644 -0.085041
45 -0.093937 0.894876 -0.059251
46 -0.092389 0.892908 -0.029398
47 -0.090114 0.888252 0.005648
48 -0.090916 0.890445 0.034197
49 -0.094832 0.889417 0.062409
50 -0.103163 0.878489 0.092671
51 -0.117596 0.873391 0.114558
52 -0.136302 0.867211 0.133694
53 -0.163965 0.861679 0.151724
54 -0.207955 0.856442 0.164015
55 -0.244263 0.854789 0.155283
56 -0.268435 0.859664 0.143790
57 -0.297100 0.852605 0.105764
58 -0.308496 0.843206 0.068906
59 -0.319641 0.840077 0.043521
Frame 746
30 -0.335993 0.834448 0.010578
31 -0.343007 0.833086 -0.022594
32 -0.342283 0.832719 -0.049825
33 -0.336693 0.833804 -0.081339
34 -0.327981 0.833589 -0.113193
35 -0.318816 0.839591 -0.140723
36 -0.304890 0.846131 -0.167744
37 -0.272921 0.874766 -0.195587
38 -0.238592 0.885688 -0.205064
39 -0.193573 0.896730 -0.200438
40 -0.159352 0.902396 -0.183044
41 -0.134778 0.902684 -0.162779
42 -0.117214 0.903270 -0.140273
43 -0.105826 0.904440 -0.115801
44 -0.095951 0.898678 -0.084823
45 -0.093372 0.894930 -0.059027
46 -0.091847 0.892982 -0.029168
47 -0.089603 0.888352 0.005883
48 -0.090432 0.890561 0.034431
49 -0.094372 0.889547 0.062642
50 -0.102719 0.878627 0.092908
51 -0.117166 0.873523 0.114782
52 -0.135879 0.867331 0.133901
53 -0.163553 0.861751 0.151911
54 -0.207562 0.856418 0.164180
55 -0.243874 0.854670 0.155371
56 -0.267994 0.859617 0.143878
57 -0.296606 0.852526 0.105821
58 -0.307940 0.843091 0.068937
59 -0.319057 0.839935 0.043557
Frame 747
30 -0.335444 0.834319 0.010636
31 -0.342436 0.832924 -0.022536
32 -0.341689 0.832540 -0.049759
33 -0.336066 0.833615 -0.081266
34 -0.327318 0.833406 -0.113116
35 -0.318119 0.839420 -0.140648
36 -0.304169 0.845971 -0.167651
37 -0.272230 0.874593 -0.195481
38 -0.237913 0.885530 -0.204934
39 -0.192910 0.896603 -0.200280
40 -0.158715 0.902298 -0.182868
41 -0.134165 0.902627 -0.162607
42 -0.116615 0.903245 -0.140094
43 -0.105247 0.904443 -0.115612
44 -0.095389 0.898702 -0.084612
45 -0.092828 0.894975 -0.058811
46 -0.091326 0.893047 -0.028945
47 -0.089109 0.888444 0.006111
48 -0.089964 0.890667 0.034658
49 -0.093925 0.889669 0.062869
50 -0.102289 0.878761 0.093139
51 -0.116749 0.873657 0.115001
52 -0.135472 0.867459 0.134106
53 -0.163150 0.861845 0.152097
54 -0.207170 0.856437 0.164350
55 -0.243485 0.854612 0.155475
56 -0.267575 0.859613 0.143975
57 -0.296145 0.852492 0.105890
58 -0.307427 0.843018 0.068984
59 -0.318517 0.839839 0.043608
Frame 748
30 -0.334911 0.834229 0.010692
31 -0.341878 0.832804 -0.022480
32 -0.341110 0.832403 -0.049696
33 -0.335452 0.833470 -0.081194
34 -0.326672 0.833263 -0.113043
35 -0.317438 0.839286 -0.140576
36 -0.303463 0.845852 -0.167563
37 -0.271548 0.874454 -0.195379
38 -0.237244 0.885398 -0.204809
39 -0.192250 0.896492 -0.200129
40 -0.158082 0.902210 -0.182700
41 -0.133556 0.902574 -0.162445
42 -0.116019 0.903222 -0.139926
43 -0.104670 0.904443 -0.115435
44 -0.094828 0.898722 -0.084411
45 -0.092286 0.895012 -0.058606
46 -0.090806 0.893103 -0.028733
47 -0.088616 0.888524 0.006327
48 -0.089494 0.890764 0.034873
49 -0.093475 0.889782 0.063083
50 -0.101857 0.878888 0.093358
51 -0.116329 0.873789 0.115209
52 -0.135063 0.867592 0.134299
53 -0.162742 0.861955 0.152271
54 -0.206762 0.856488 0.164510
55 -0.243081 0.854600 0.155578
56 -0.267160 0.859644 0.144064
57 -0.295700 0.852493 0.105954
58 -0.306936 0.842981 0.069032
59 -0.317999 0.839778 0.043658
Frame 749
30 -0.334372 0.834171 0.010727
31 -0.341312 0.832720 -0.022444
32 -0.340521 0.832303 -0.049653
33 -0.334829 0.833359 -0.081141
34 -0.326016 0.833153 -0.112991
35 -0.316747 0.839186 -0.140524
36 -0.302741 0.845768 -0.167494
37 -0.270848 0.874344 -0.195294
38 -0.236555 0.885291 -0.204700
39 -0.191570 0.896399 -0.199993
40 -0.157427 0.902132 -0.182547
41 -0.132926 0.902529 -0.162300
42 -0.115403 0.903203 -0.139775
43 -0.104073 0.904445 -0.115275
44 -0.094248 0.898737 -0.084229
45 -0.091724 0.895044 -0.058419
46 -0.090264 0.893152 -0.028540
47 -0.088102 0.888596 0.006524
48 -0.089002 0.890850 0.035070
49 -0.093005 0.889882 0.063280
50 -0.101406 0.879003 0.093559
51 -0.115893 0.873911 0.115398
52 -0.134637 0.867719 0.134471
53 -0.162310 0.862070 0.152422
54 -0.206322 0.856559 0.164648
55 -0.242646 0.854621 0.155661
56 -0.266733 0.859699 0.144128
57 -0.295250 0.852517 0.105995
58 -0.306445 0.842969 0.069059
59 -0.317481 0.839746 0.043690
Frame 750
30 -0.333805 0.834136 0.010727
31 -0.340715 0.832665 -0.022444
32 -0.339899 0.832232 -0.049645
33 -0.334173 0.833281 -0.081123
34 -0.325326 0.833074 -0.112977
35 -0.316018 0.839116 -0.140510
36 -0.301972 0.845715 -0.167462
37 -0.270100 0.874260 -0.195242
38 -0.235819 0.885207 -0.204621
39 -0.190843 0.896324 -0.199884
40 -0.156726 0.902068 -0.182418
41 -0.132252 0.902495 -0.162179
42 -0.114744 0.903192 -0.139647
43 -0.103433 0.904450 -0.115138
44 -0.093625 0.898751 -0.084070
45 -0.091121 0.895073 -0.058255
46 -0.089684 0.893194 -0.028369
47 -0.087551 0.888657 0.006696
48 -0.088473 0.890923 0.035244
49 -0.092497 0.889968 0.063454
50 -0.100919 0.879103 0.093734
51 -0.115422 0.874020 0.115558
52 -0.134178 0.867838 0.134612
53 -0.161840 0.862183 0.152538
54 -0.205834 0.856643 0.164750
55 -0.242162 0.854659 0.155708
56 -0.266276 0.859769 0.144150
57 -0.294778 0.852559 0.105997
58 -0.305935 0.842975 0.069049
59 -0.316939 0.839731 0.043686
Frame 751
30 -0.333189 0.834115 0.010674
31 -0.340066 0.832629 -0.022496
32 -0.339222 0.832184 -0.049689
33 -0.333456 0.833227 -0.081158
34 -0.324575 0.833018 -0.113019
35 -0.315223 0.839069 -0.140551
36 -0.301128 0.845688 -0.167483
37 -0.269277 0.874198 -0.195235
38 -0.235012 0.885146 -0.204583
39 -0.190042 0.896268 -0.199810
40 -0.155955 0.902019 -0.182322
41 -0.131509 0.902476 -0.162087
42 -0.114019 0.903195 -0.139548
43 -0.102729 0.904465 -0.115031
44 -0.092939 0.898766 -0.083938
45 -0.090457 0.895098 -0.058119
46 -0.089044 0.893230 -0.028228
47 -0.086942 0.888708 0.006840
48 -0.087888 0.890983 0.035389
49 -0.091935 0.890037 0.063598
50 -0.100381 0.879185 0.093877
51 -0.114901 0.874111 0.115685
52 -0.133670 0.867940 0.134712
53 -0.161316 0.862286 0.152606
54 -0.205283 0.856725 0.164800
55 -0.241614 0.854698 0.155698
56 -0.265773 0.859842 0.144113
57 -0.294264 0.852606 0.105941
58 -0.305383 0.842987 0.068983
59 -0.316353 0.839726 0.043630
Frame 752
30 -0.332521 0.834144 0.010510
31 -0.339354 0.832657 -0.022664
32 -0.338476 0.832203 -0.049853
33 -0.332660 0.833246 -0.081323
34 -0.323734 0.833035 -0.113197
35 -0.314320 0.839099 -0.140722
36 -0.300153 0.845741 -0.167638
37 -0.268317 0.874227 -0.195320
38 -0.234069 0.885172 -0.204617
39 -0.189107 0.896291 -0.199790
40 -0.155058 0.902036 -0.182262
41 -0.130651 0.902518 -0.162030
42 -0.113184 0.903246 -0.139479
43 -0.101922 0.904517 -0.114949
44 -0.092159 0.898805 -0.083834
45 -0.089706 0.895138 -0.058011
46 -0.088325 0.893269 -0.028114
47 -0.086265 0.888753 0.006955
48 -0.087241 0.891027 0.035507
49 -0.091321 0.890081 0.063714
50 -0.099802 0.879236 0.093986
51 -0.114347 0.874169 0.115767
52 -0.133133 0.868007 0.134754
53 -0.160743 0.862360 0.152603
54 -0.204648 0.856792 0.164779
55 -0.240984 0.854730 0.155608
56 -0.265225 0.859916 0.143981
57 -0.293718 0.852670 0.105787
58 -0.304798 0.843027 0.068815
59 -0.315728 0.839758 0.043473
Frame 753
30 -0.331819 0.834238 0.010224
31 -0.338595 0.832763 -0.022962
32 -0.337673 0.832305 -0.050152
33 -0.331797 0.833354 -0.081636
34 -0.322811 0.833143 -0.113529
35 -0.313316 0.839227 -0.141040
36 -0.299046 0.845898 -0.167942
37 -0.267220 0.874374 -0.195502
38 -0.232991 0.885314 -0.204721
39 -0.188037 0.896424 -0.199817
40 -0.154035 0.902144 -0.182229
41 -0.129677 0.902640 -0.161997
42 -0.112240 0.903366 -0.139429
43 -0.101015 0.904625 -0.114882
44 -0.091293 0.898883 -0.083743
45 -0.088879 0.895207 -0.057917
46 -0.087541 0.893323 -0.028014
47 -0.085536 0.888798 0.007053
48 -0.086551 0.891061 0.035609
49 -0.090674 0.890104 0.063813
50 -0.099203 0.879254 0.094066
51 -0.113783 0.874191 0.115812
52 -0.132591 0.868037 0.134745
53 -0.160145 0.862402 0.152533
54 -0.203951 0.856836 0.164694
55 -0.240287 0.854757 0.155450
56 -0.264653 0.859988 0.143761
57 -0.293160 0.852753 0.105536
58 -0.304201 0.843103 0.068547
59 -0.315085 0.839841 0.043211
Frame 754
30 -0.331089 0.834357 0.009876
31 -0.337803 0.832902 -0.023326
32 -0.336832 0.832444 -0.050520
33 -0.330890 0.833503 -0.082025
34 -0.321838 0.833294 -0.113940
35 -0.312251 0.839403 -0.141431
36 -0.297865 0.846105 -0.168320
37 -0.266047 0.874583 -0.195732
38 -0.231837 0.885518 -0.204861
39 -0.186894 0.896618 -0.199866
40 -0.152942 0.902308 -0.182206
41 -0.128641 0.902816 -0.161973
42 -0.111235 0.903531 -0.139384
43 -0.100052 0.904771 -0.114819
44 -0.090377 0.898991 -0.083657
45 -0.088009 0.895298 -0.057827
46 -0.086721 0.893394 -0.027920
47 -0.084776 0.888853 0.007146
48 -0.085835 0.891098 0.035705
49 -0.090007 0.890122 0.063905
50 -0.098591 0.879263 0.094135
51 -0.113209 0.874198 0.115841
52 -0.132043 0.868049 0.134712
53 -0.159534 0.862424 0.152432
54 -0.203221 0.856861 0.164576
55 -0.239557 0.854772 0.155258
56 -0.264062 0.860049 0.143499
57 -0.292586 0.852835 0.105240
58 -0.303587 0.843190 0.068232
59 -0.314423 0.839941 0.042896
Frame 755
30 -0.330340 0.834462 0.009524
31 -0.336993 0.833030 -0.023696
32 -0.335973 0.832572 -0.050893
33 -0.329963 0.833642 -0.082417
34 -0.320844 0.833440 -0.114354
35 -0.311167 0.839575 -0.141822
36 -0.296668 0.846311 -0.168697
37 -0.264859 0.874796 -0.195964
38 -0.230670 0.885734 -0.205001
39 -0.185740 0.896830 -0.199915
40 -0.151837 0.902492 -0.182181
41 -0.127591 0.903013 -0.161943
42 -0.110218 0.903717 -0.139332
43 -0.099078 0.904938 -0.114749
44 -0.089451 0.899120 -0.083565
45 -0.087128 0.895410 -0.057733
46 -0.085890 0.893484 -0.027822
47 -0.084006 0.888925 0.007243
48 -0.085111 0.891150 0.035806
49 -0.089331 0.890153 0.063999
50 -0.097971 0.879281 0.094205
51 -0.112628 0.874210 0.115872
52 -0.131487 0.868060 0.134682
53 -0.158918 0.862440 0.152336
54 -0.202496 0.856872 0.164456
55 -0.238826 0.854774 0.155069
56 -0.263462 0.860090 0.143241
57 -0.291995 0.852900 0.104946
58 -0.302954 0.843263 0.067919
59 -0.313743 0.840029 0.042580
Frame 756
30 -0.329581 0.834517 0.009228
31 -0.336177 0.833098 -0.024008
32 -0.335113 0.832642 -0.051207
33 -0.329041 0.833725 -0.082741
34 -0.319863 0.833532 -0.114696
35 -0.310108 0.839692 -0.142143
36 -0.295511 0.846463 -0.168999
37 -0.263719 0.874956 -0.196149
38 -0.229552 0.885909 -0.205107
39 -0.184637 0.897014 -0.199941
40 -0.150778 0.902662 -0.182140
41 -0.126581 0.903200 -0.161894
42 -0.109237 0.903902 -0.139261
43 -0.098137 0.905110 -0.114662
44 -0.088552 0.899263 -0.083459
45 -0.086270 0.895539 -0.057625
46 -0.085076 0.893594 -0.027710
47 -0.083248 0.889022 0.007355
48 -0.084395 0.891229 0.035920
49 -0.088660 0.890213 0.064108
50 -0.097345 0.879326 0.094293
51 -0.112037 0.874247 0.115926
52 -0.130918 0.868089 0.134686
53 -0.158311 0.862463 0.152282
54 -0.201808 0.856878 0.164369
55 -0.238129 0.854765 0.154920
56 -0.262858 0.860103 0.143034
57 -0.291383 0.852928 0.104704
58 -0.302298 0.843298 0.067661
59 -0.313045 0.840073 0.042317
Frame 757
30 -0.328819 0.834479 0.009046
31 -0.335372 0.833062 -0.024200
32 -0.334274 0.832607 -0.051397
33 -0.328152 0.833701 -0.082927
34 -0.318926 0.833522 -0.114893
35 -0.309116 0.839705 -0.142323
36 -0.294454 0.846510 -0.169154
37 -0.262690 0.875008 -0.196241
38 -0.228543 0.885990 -0.205146
39 -0.183644 0.897123 -0.199919
40 -0.149821 0.902784 -0.182069
41 -0.125658 0.903348 -0.161811
42 -0.108339 0.904062 -0.139161
43 -0.097270 0.905270 -0.114549
44 -0.087718 0.899411 -0.083329
45 -0.085466 0.895682 -0.057493
46 -0.084308 0.893728 -0.027575
47 -0.082522 0.889151 0.007491
48 -0.083704 0.891348 0.036057
49 -0.088004 0.890320 0.064241
50 -0.096719 0.879420 0.094413
51 -0.111436 0.874327 0.116023
52 -0.130335 0.868154 0.134750
53 -0.157722 0.862509 0.152305
54 -0.201191 0.856889 0.164351
55 -0.237499 0.854747 0.154850
56 -0.262259 0.860084 0.142925
57 -0.290750 0.852899 0.104563
58 -0.301615 0.843268 0.067508
59 -0.312329 0.840041 0.042158
Frame 758
30 -0.328053 0.834333 0.008982
31 -0.334581 0.832901 -0.024266
32 -0.333462 0.832446 -0.051457
33 -0.327305 0.833555 -0.082971
34 -0.318050 0.833394 -0.114942
35 -0.308215 0.839595 -0.142364
36 -0.293524 0.846434 -0.169172
37 -0.261809 0.874933 -0.196253
38 -0.227686 0.885962 -0.205133
39 -0.182811 0.897153 -0.199878
40 -0.149010 0.902858 -0.182003
41 -0.124868 0.903468 -0.161735
42 -0.107564 0.904213 -0.139073
43 -0.096516 0.905442 -0.114453
44 -0.086978 0.899593 -0.083220
45 -0.084740 0.895869 -0.057383
46 -0.083602 0.893920 -0.027462
47 -0.081839 0.889352 0.007608
48 -0.083046 0.891549 0.036173
49 -0.087364 0.890517 0.064353
50 -0.096089 0.879608 0.094524
51 -0.110816 0.874496 0.116125
52 -0.129720 0.868298 0.134838
53 -0.157129 0.862607 0.152376
54 -0.200624 0.856905 0.164385
55 -0.236927 0.854692 0.154834
56 -0.261646 0.860035 0.142892
57 -0.290075 0.852823 0.104508
58 -0.300893 0.843172 0.067450
59 -0.311585 0.839924 0.042098
Frame 759
30 -0.327273 0.834103 0.008988
31 -0.333794 0.832643 -0.024257
32 -0.332666 0.832189 -0.051440
33 -0.326489 0.833316 -0.082937
34 -0.317223 0.833183 -0.114909
35 -0.307382 0.839400 -0.142329
36 -0.292687 0.846271 -0.169126
37 -0.261049 0.874767 -0.196234
38 -0.226957 0.885854 -0.205112
39 -0.182111 0.897131 -0.199855
40 -0.148328 0.902912 -0.181977
41 -0.124195 0.903586 -0.161705
42 -0.106898 0.904383 -0.139039
43 -0.095861 0.905649 -0.114417
44 -0.086320 0.899829 -0.083175
45 -0.084083 0.896122 -0.057335
46 -0.082950 0.894187 -0.027411
47 -0.081189 0.889642 0.007663
48 -0.082410 0.891847 0.036228
49 -0.086733 0.890817 0.064406
50 -0.095444 0.879902 0.094583
51 -0.110169 0.874765 0.116185
52 -0.129066 0.868532 0.134897
53 -0.156508 0.862766 0.152441
54 -0.200059 0.856915 0.164433
55 -0.236370 0.854578 0.154819
56 -0.261000 0.859970 0.142877
57 -0.289349 0.852724 0.104481
58 -0.300125 0.843037 0.067430
59 -0.310805 0.839746 0.042088
Frame 760
30 -0.326481 0.833815 0.009044
31 -0.333007 0.832317 -0.024192
32 -0.331879 0.831864 -0.051366
33 -0.325692 0.833013 -0.082844
34 -0.316428 0.832911 -0.114813
35 -0.306597 0.839142 -0.142239
36 -0.291917 0.846044 -0.169033
37 -0.260374 0.874534 -0.196192
38 -0.226319 0.885690 -0.205085
39 -0.181507 0.897071 -0.199848
40 -0.147735 0.902949 -0.181981
41 -0.123602 0.903703 -0.161708
42 -0.106308 0.904567 -0.139042
43 -0.095275 0.905880 -0.114423
44 -0.085718 0.900104 -0.083173
45 -0.083471 0.896421 -0.057332
46 -0.082332 0.894509 -0.027405
47 -0.080562 0.889995 0.007675
48 -0.081788 0.892216 0.036238
49 -0.086106 0.891192 0.064414
50 -0.094788 0.880271 0.094604
51 -0.109501 0.875108 0.116216
52 -0.128381 0.868832 0.134937
53 -0.155863 0.862970 0.152500
54 -0.199490 0.856919 0.164489
55 -0.235818 0.854422 0.154802
56 -0.260326 0.859895 0.142873
57 -0.288584 0.852610 0.104476
58 -0.299323 0.842875 0.067440
59 -0.310000 0.839526 0.042114
Frame 761
30 -0.325677 0.833493 0.009131
31 -0.332215 0.831950 -0.024094
32 -0.331094 0.831498 -0.051257
33 -0.324903 0.832671 -0.082713
34 -0.315648 0.832602 -0.114678
35 -0.305840 0.838845 -0.142113
36 -0.291185 0.845776 -0.168908
37 -0.259747 0.874259 -0.196136
38 -0.225732 0.885489 -0.205055
39 -0.180955 0.896987 -0.199849
40 -0.147192 0.902975 -0.182003
41 -0.123055 0.903816 -0.161732
42 -0.105758 0.904756 -0.139070
43 -0.094726 0.906125 -0.114455
44 -0.085147 0.900401 -0.083200
45 -0.082883 0.896747 -0.057356
46 -0.081733 0.894862 -0.027426
47 -0.079944 0.890385 0.007659
48 -0.081170 0.892625 0.036221
49 -0.085478 0.891611 0.064397
50 -0.094121 0.880687 0.094604
51 -0.108816 0.875495 0.116228
52 -0.127675 0.869175 0.134965
53 -0.155201 0.863202 0.152555
54 -0.198911 0.856918 0.164545
55 -0.235260 0.854239 0.154781
56 -0.259628 0.859816 0.142877
57 -0.287791 0.852487 0.104485
58 -0.298496 0.842696 0.067467
59 -0.309173 0.839283 0.042164
Frame 762
30 -0.324863 0.833161 0.009232
31 -0.331415 0.831571 -0.023981
32 -0.330301 0.831119 -0.051133
33 -0.324110 0.832316 -0.082566
34 -0.314870 0.832281 -0.114525
35 -0.305087 0.838535 -0.141969
36 -0.290464 0.845490 -0.168770
37 -0.259133 0.873965 -0.196073
38 -0.225157 0.885270 -0.205024
39 -0.180417 0.896890 -0.199855
40 -0.146660 0.902992 -0.182033
41 -0.122517 0.903924 -0.161763
42 -0.105218 0.904943 -0.139106
43 -0.094184 0.906371 -0.114497
44 -0.084580 0.900702 -0.083236
45 -0.082299 0.897079 -0.057390
46 -0.081134 0.895224 -0.027458
47 -0.079323 0.890788 0.007634
48 -0.080549 0.893048 0.036194
49 -0.084842 0.892045 0.064369
50 -0.093445 0.881119 0.094594
51 -0.108121 0.875899 0.116234
52 -0.126954 0.869532 0.134987
53 -0.154525 0.863444 0.152608
54 -0.198318 0.856915 0.164600
55 -0.234687 0.854049 0.154757
56 -0.258915 0.859737 0.142884
57 -0.286981 0.852365 0.104499
58 -0.297652 0.842515 0.067503
59 -0.308333 0.839033 0.042223
Frame 763
30 -0.324038 0.832844 0.009325
31 -0.330604 0.831208 -0.023875
32 -0.329494 0.830756 -0.051015
33 -0.323302 0.831973 -0.082425
34 -0.314076 0.831970 -0.114376
35 -0.304318 0.838234 -0.141827
36 -0.289728 0.845212 -0.168634
37 -0.258496 0.873678 -0.196013
38 -0.224558 0.885057 -0.204995
39 -0.179851 0.896793 -0.199860
40 -0.146102 0.903007 -0.182060
41 -0.121953 0.904027 -0.161790
42 -0.104652 0.905122 -0.139136
43 -0.093618 0.906606 -0.114531
44 -0.083991 0.900992 -0.083265
45 -0.081694 0.897399 -0.057417
46 -0.080517 0.895574 -0.027482
47 -0.078688 0.891177 0.007616
48 -0.079913 0.893457 0.036174
49 -0.084195 0.892466 0.064349
50 -0.092759 0.881538 0.094591
51 -0.107418 0.876290 0.116246
52 -0.126228 0.869881 0.135013
53 -0.153840 0.863681 0.152662
54 -0.197710 0.856915 0.164651
55 -0.234094 0.853870 0.154731
56 -0.258189 0.859666 0.142890
57 -0.286165 0.852248 0.104512
58 -0.296805 0.842344 0.067536
59 -0.307488 0.838796 0.042278
Frame 764
30 -0.323206 0.832566 0.009393
31 -0.329776 0.830888 -0.023797
32 -0.328667 0.830435 -0.050924
33 -0.322469 0.831670 -0.082309
34 -0.313253 0.831694 -0.114253
35 -0.303514 0.837966 -0.141707
36 -0.288947 0.844964 -0.168516
37 -0.257800 0.873423 -0.195964
38 -0.223896 0.884868 -0.204970
39 -0.179218 0.896709 -0.199860
40 -0.145476 0.903022 -0.182073
41 -0.121326 0.904122 -0.161797
42 -0.104026 0.905287 -0.139143
43 -0.092996 0.906821 -0.114542
44 -0.083354 0.901254 -0.083268
45 -0.081047 0.897688 -0.057419
46 -0.079864 0.895887 -0.027481
47 -0.078024 0.891525 0.007622
48 -0.079254 0.893824 0.036179
49 -0.083530 0.892842 0.064352
50 -0.092065 0.881913 0.094609
51 -0.106711 0.876641 0.116274
52 -0.125504 0.870193 0.135050
53 -0.153153 0.863897 0.152718
54 -0.197084 0.856922 0.164697
55 -0.233475 0.853723 0.154706
56 -0.257463 0.859606 0.142891
57 -0.285356 0.852147 0.104517
58 -0.295962 0.842193 0.067557
59 -0.306643 0.838587 0.042315
Frame 765
30 -0.322367 0.832349 0.009416
31 -0.328929 0.830639 -0.023766
32 -0.327812 0.830183 -0.050882
33 -0.321601 0.831431 -0.082241
34 -0.312385 0.831475 -0.114176
35 -0.302653 0.837755 -0.141627
36 -0.288095 0.844770 -0.168434
37 -0.257010 0.873222 -0.195935
38 -0.223131 0.884725 -0.204952
39 -0.178477 0.896652 -0.199848
40 -0.144745 0.903044 -0.182060
41 -0.120598 0.904210 -0.161773
42 -0.103305 0.905430 -0.139113
43 -0.092286 0.907003 -0.114511
44 -0.082642 0.901470 -0.083228
45 -0.080335 0.897925 -0.057378
46 -0.079156 0.896144 -0.027437
47 -0.077319 0.891809 0.007672
48 -0.078561 0.894121 0.036226
49 -0.082840 0.893145 0.064398
50 -0.091361 0.882215 0.094662
51 -0.106005 0.876924 0.116331
52 -0.124788 0.870445 0.135107
53 -0.152467 0.864077 0.152781
54 -0.196440 0.856945 0.164738
55 -0.232830 0.853628 0.154687
56 -0.256742 0.859563 0.142884
57 -0.284564 0.852065 0.104505
58 -0.295134 0.842075 0.067554
59 -0.305806 0.838425 0.042320
Frame 766
30 -0.321523 0.832219 0.009376
31 -0.328060 0.830489 -0.023805
32 -0.326924 0.830029 -0.050908
33 -0.320687 0.831282 -0.082241
34 -0.311458 0.831339 -0.114169
35 -0.301714 0.837626 -0.141608
36 -0.287146 0.844653 -0.168404
37 -0.256091 0.873102 -0.195933
38 -0.222226 0.884651 -0.204943
39 -0.177587 0.896635 -0.199822
40 -0.143869 0.903076 -0.182012
41 -0.119734 0.904289 -0.161705
42 -0.102456 0.905545 -0.139031
43 -0.091458 0.907142 -0.114422
44 -0.081827 0.901626 -0.083129
45 -0.079535 0.898092 -0.057275
46 -0.078375 0.896320 -0.027333
47 -0.076560 0.892003 0.007781
48 -0.077824 0.894320 0.036334
49 -0.082121 0.893346 0.064502
50 -0.090649 0.882414 0.094767
51 -0.105303 0.877108 0.116428
52 -0.124089 0.870608 0.135191
53 -0.151790 0.864203 0.152853
54 -0.195782 0.856990 0.164778
55 -0.232161 0.853604 0.154677
56 -0.256035 0.859543 0.142867
57 -0.283802 0.852013 0.104470
58 -0.294332 0.842001 0.067516
59 -0.304985 0.838327 0.042281
Frame 767
30 -0.320693 0.832214 0.009190
31 -0.327172 0.830483 -0.023995
32 -0.325994 0.830019 -0.051086
33 -0.319713 0.831272 -0.082389
34 -0.310451 0.831334 -0.114308
35 -0.300664 0.837625 -0.141725
36 -0.286052 0.844656 -0.168503
37 -0.254977 0.873090 -0.196021
38 -0.221111 0.884657 -0.204992
39 -0.176475 0.896658 -0.199815
40 -0.142782 0.903110 -0.181954
41 -0.118674 0.904345 -0.161612
42 -0.101425 0.905613 -0.138910
43 -0.090464 0.907216 -0.114286
44 -0.080876 0.901694 -0.082977
45 -0.078619 0.898161 -0.057120
46 -0.077502 0.896389 -0.027175
47 -0.075738 0.892076 0.007941
48 -0.077043 0.894394 0.036495
49 -0.081380 0.893417 0.064656
50 -0.089948 0.882485 0.094908
51 -0.104634 0.877182 0.116545
52 -0.123442 0.870682 0.135270
53 -0.151156 0.864283 0.152888
54 -0.195142 0.857070 0.164756
55 -0.231505 0.853661 0.154602
56 -0.255371 0.859580 0.142764
57 -0.283101 0.852028 0.104339
58 -0.293599 0.842011 0.067377
59 -0.304220 0.838330 0.042123
Frame 768
30 -0.319887 0.832318 0.008833
31 -0.326275 0.830606 -0.024362
32 -0.325032 0.830141 -0.051438
33 -0.318690 0.831392 -0.082710
34 -0.309378 0.831455 -0.114616
35 -0.299520 0.837748 -0.142004
36 -0.284827 0.844772 -0.168758
37 -0.253684 0.873173 -0.196224
38 -0.219803 0.884730 -0.205128
39 -0.175161 0.896710 -0.199859
40 -0.141506 0.903137 -0.181918
41 -0.117440 0.904376 -0.161530
42 -0.100234 0.905637 -0.138787
43 -0.089327 0.907228 -0.114141
44 -0.079809 0.901685 -0.082809
45 -0.077611 0.898146 -0.056947
46 -0.076560 0.896366 -0.026999
47 -0.074875 0.892052 0.008118
48 -0.076238 0.894364 0.036671
49 -0.080638 0.893381 0.064824
50 -0.089278 0.882455 0.095051
51 -0.104014 0.877168 0.116645
52 -0.122860 0.870689 0.135305
53 -0.150579 0.864335 0.152847
54 -0.194540 0.857175 0.164636
55 -0.230888 0.853771 0.154410
56 -0.254754 0.859681 0.142536
57 -0.282463 0.852117 0.104078
58 -0.292945 0.842104 0.067107
59 -0.303526 0.838426 0.041821
Frame 769
30 -0.319100 0.832479 0.008367
31 -0.325379 0.830796 -0.024841
32 -0.324058 0.830331 -0.051901
33 -0.317646 0.831584 -0.083142
34 -0.308275 0.831648 -0.115033
35 -0.298331 0.837940 -0.142390
36 -0.283542 0.844952 -0.169118
37 -0.252302 0.873313 -0.196505
38 -0.218399 0.884846 -0.205325
39 -0.173746 0.896786 -0.199945
40 -0.140136 0.903170 -0.181909
41 -0.116120 0.904403 -0.161468
42 -0.098965 0.905645 -0.138676
43 -0.088123 0.907214 -0.114003
44 -0.078688 0.901639 -0.082647
45 -0.076560 0.898088 -0.056782
46 -0.075588 0.896294 -0.026831
47 -0.073996 0.891974 0.008288
48 -0.075427 0.894278 0.036841
49 -0.079902 0.893285 0.064984
50 -0.088629 0.882366 0.095177
51 -0.103426 0.877101 0.116717
52 -0.122318 0.870654 0.135299
53 -0.150034 0.864361 0.152744
54 -0.193952 0.857284 0.164445
55 -0.230286 0.853898 0.154137
56 -0.254158 0.859807 0.142223
57 -0.281858 0.852236 0.103733
58 -0.292334 0.842234 0.066751
59 -0.302873 0.838568 0.041424
Frame 770
30 -0.318325 0.832640 0.007856
31 -0.324492 0.830991 -0.025366
32 -0.323092 0.830530 -0.052414
33 -0.316612 0.831786 -0.083625
34 -0.307179 0.831852 -0.115501
35 -0.297148 0.838144 -0.142828
36 -0.282264 0.845144 -0.169527
37 -0.250922 0.873473 -0.196827
38 -0.216995 0.884982 -0.205559
39 -0.172332 0.896881 -0.200064
40 -0.138768 0.903221 -0.181929
41 -0.114804 0.904443 -0.161434
42 -0.097700 0.905665 -0.138596
43 -0.086924 0.907209 -0.113895
44 -0.077573 0.901597 -0.082515
45 -0.075518 0.898031 -0.056645
46 -0.074624 0.896221 -0.026692
47 -0.073127 0.891888 0.008428
48 -0.074627 0.894180 0.036980
49 -0.079179 0.893174 0.065113
50 -0.087996 0.882258 0.095269
51 -0.102852 0.877012 0.116752
52 -0.121790 0.870594 0.135250
53 -0.149493 0.864364 0.152594
54 -0.193356 0.857371 0.164211
55 -0.229673 0.854006 0.153820
56 -0.253555 0.859915 0.141872
57 -0.281254 0.852339 0.103350
58 -0.291731 0.842358 0.066358
59 -0.302231 0.838705 0.040988
Frame 771
30 -0.317555 0.832745 0.007363
31 -0.323625 0.831127 -0.025875
32 -0.322156 0.830675 -0.052912
33 -0.315614 0.831940 -0.084099
34 -0.306128 0.832011 -0.115959
35 -0.296026 0.838307 -0.143260
36 -0.281061 0.845301 -0.169935
37 -0.249635 0.873619 -0.197152
38 -0.215687 0.885117 -0.205805
39 -0.171018 0.896991 -0.200206
40 -0.137495 0.903299 -0.181981
41 -0.113580 0.904520 -0.161443
42 -0.096521 0.905724 -0.138561
43 -0.085801 0.907247 -0.113836
44 -0.076526 0.901600 -0.082435
45 -0.074532 0.898018 -0.056562
46 -0.073708 0.896187 -0.026606
47 -0.072293 0.891840 0.008512
48 -0.073856 0.894117 0.037065
49 -0.078473 0.893094 0.065188
50 -0.087366 0.882173 0.095311
51 -0.102274 0.876936 0.116741
52 -0.121248 0.870534 0.135162
53 -0.148931 0.864345 0.152417
54 -0.192729 0.857414 0.163961
55 -0.229026 0.854057 0.153501
56 -0.252921 0.859965 0.141523
57 -0.280620 0.852382 0.102975
58 -0.291100 0.842426 0.065975
59 -0.301573 0.838790 0.040564
Frame 772
30 -0.316785 0.832737 0.006951
31 -0.322788 0.831142 -0.026302
32 -0.321270 0.830704 -0.053335
33 -0.314683 0.831986 -0.084504
34 -0.305159 0.832070 -0.116349
35 -0.295014 0.838373 -0.143633
36 -0.280004 0.845373 -0.170290
37 -0.248531 0.873713 -0.197444
38 -0.214573 0.885226 -0.206040
39 -0.169905 0.897113 -0.200365
40 -0.136413 0.903418 -0.182070
41 -0.112534 0.904652 -0.161503
42 -0.095508 0.905854 -0.138590
43 -0.084830 0.907362 -0.113847
44 -0.075605 0.901689 -0.082430
45 -0.073653 0.898091 -0.056556
46 -0.072877 0.896240 -0.026599
47 -0.071518 0.891875 0.008518
48 -0.073127 0.894133 0.037073
49 -0.077790 0.893090 0.065187
50 -0.086732 0.882150 0.095284
51 -0.101673 0.876902 0.116674
52 -0.120667 0.870490 0.135037
53 -0.148320 0.864306 0.152227
54 -0.192047 0.857386 0.163726
55 -0.228321 0.854014 0.153218
56 -0.252230 0.859911 0.141223
57 -0.279926 0.852320 0.102658
58 -0.290406 0.842394 0.065649
59 -0.300870 0.838771 0.040207
Frame 773
30 -0.316046 0.832620 0.006618
31 -0.322006 0.831047 -0.026650
32 -0.320451 0.830631 -0.053682
33 -0.313831 0.831941 -0.084839
34 -0.304277 0.832049 -0.116669
35 -0.294111 0.838365 -0.143941
36 -0.279079 0.845380 -0.170584
37 -0.247593 0.873766 -0.197689
38 -0.213633 0.885315 -0.206244
39 -0.168974 0.897243 -0.200510
40 -0.135506 0.903571 -0.182162
41 -0.111657 0.904830 -0.161573
42 -0.094656 0.906039 -0.138638
43 -0.084009 0.907542 -0.113881
44 -0.074815 0.901848 -0.082452
45 -0.072890 0.898234 -0.056579
46 -0.072147 0.896359 -0.026620
47 -0.070826 0.891974 0.008495
48 -0.072471 0.894209 0.037050
49 -0.077165 0.893140 0.065157
50 -0.086132 0.882169 0.095234
51 -0.101094 0.876892 0.116595
52 -0.120096 0.870449 0.134914
53 -0.147719 0.864237 0.152057
54 -0.191380 0.857286 0.163528
55 -0.227629 0.853874 0.152982
56 -0.251551 0.859758 0.140972
57 -0.279232 0.852156 0.102393
58 -0.289703 0.842262 0.065375
59 -0.300164 0.838649 0.039913
Frame 774
30 -0.315364 0.832448 0.006316
31 -0.321283 0.830897 -0.026965
32 -0.319694 0.830517 -0.054000
33 -0.313034 0.831867 -0.085143
34 -0.303451 0.832011 -0.116957
35 -0.293268 0.838342 -0.144215
36 -0.278217 0.845377 -0.170846
37 -0.246730 0.873810 -0.197899
38 -0.212770 0.885402 -0.206411
39 -0.168125 0.897381 -0.200621
40 -0.134683 0.903740 -0.182220
41 -0.110865 0.905027 -0.161608
42 -0.093890 0.906247 -0.138650
43 -0.083273 0.907744 -0.113880
44 -0.074108 0.902029 -0.082443
45 -0.072208 0.898396 -0.056570
46 -0.071497 0.896495 -0.026610
47 -0.070211 0.892084 0.008502
48 -0.071891 0.894292 0.037059
49 -0.076614 0.893192 0.065159
50 -0.085603 0.882183 0.095216
51 -0.100581 0.876869 0.116548
52 -0.119590 0.870388 0.134828
53 -0.147189 0.864134 0.151928
54 -0.190795 0.857133 0.163367
55 -0.227022 0.853674 0.152775
56 -0.250957 0.859541 0.140743
57 -0.278607 0.851935 0.102145
58 -0.289055 0.842073 0.065120
59 -0.299510 0.838470 0.039643
Frame 775
30 -0.314722 0.832236 0.006046
31 -0.320602 0.830711 -0.027248
32 -0.318978 0.830372 -0.054286
33 -0.312279 0.831774 -0.085419
34 -0.302664 0.831960 -0.117213
35 -0.292468 0.838310 -0.144457
36 -0.277402 0.845369 -0.171075
37 -0.245919 0.873848 -0.198077
38 -0.211963 0.885486 -0.206547
39 -0.167336 0.897522 -0.200699
40 -0.133922 0.903918 -0.182246
41 -0.110137 0.905235 -0.161611
42 -0.093189 0.906469 -0.138632
43 -0.082601 0.907960 -0.113849
44 -0.073463 0.902225 -0.082403
45 -0.071587 0.898572 -0.056532
46 -0.070905 0.896643 -0.026571
47 -0.069651 0.892202 0.008538
48 -0.071366 0.894381 0.037097
49 -0.076116 0.893248 0.065188
50 -0.085123 0.882196 0.095226
51 -0.100117 0.876840 0.116531
52 -0.119132 0.870313 0.134775
53 -0.146711 0.864010 0.151834
54 -0.190275 0.856946 0.163239
55 -0.226479 0.853432 0.152595
56 -0.250428 0.859281 0.140534
57 -0.278032 0.851676 0.101916
58 -0.288448 0.841846 0.064883
59 -0.298891 0.838251 0.039398
Frame 776
30 -0.314103 0.832000 0.005806
31 -0.319948 0.830503 -0.027500
32 -0.318290 0.830212 -0.054542
33 -0.311550 0.831671 -0.085665
34 -0.301903 0.831906 -0.117441
35 -0.291695 0.838276 -0.144669
36 -0.276614 0.845359 -0.171275
37 -0.245143 0.873881 -0.198224
38 -0.211192 0.885565 -0.206652
39 -0.166585 0.897661 -0.200747
40 -0.133201 0.904099 -0.182246
41 -0.109448 0.905448 -0.161586
42 -0.092530 0.906698 -0.138587
43 -0.081971 0.908184 -0.113792
44 -0.072858 0.902431 -0.082338
45 -0.071002 0.898756 -0.056469
46 -0.070348 0.896798 -0.026508
47 -0.069126 0.892327 0.008599
48 -0.070874 0.894475 0.037159
49 -0.075651 0.893309 0.065242
50 -0.084674 0.882210 0.095261
51 -0.099680 0.876809 0.116540
52 -0.118700 0.870234 0.134753
53 -0.146266 0.863875 0.151774
54 -0.189796 0.856740 0.163140
55 -0.225980 0.853166 0.152441
56 -0.249940 0.858997 0.140347
57 -0.277487 0.851395 0.101705
58 -0.287862 0.841598 0.064667
59 -0.298292 0.838009 0.039178
Frame 777
30 -0.313491 0.831756 0.005595
31 -0.319302 0.830286 -0.027722
32 -0.317612 0.830044 -0.054768
33 -0.310830 0.831565 -0.085882
34 -0.301151 0.831852 -0.117640
35 -0.290931 0.838243 -0.144852
36 -0.275837 0.845351 -0.171446
37 -0.244381 0.873911 -0.198343
38 -0.210436 0.885641 -0.206729
39 -0.165853 0.897797 -0.200769
40 -0.132498 0.904279 -0.182222
41 -0.108779 0.905660 -0.161536
42 -0.091890 0.906926 -0.138519
43 -0.081360 0.908410 -0.113712
44 -0.072270 0.902640 -0.082251
45 -0.070435 0.898944 -0.056385
46 -0.069808 0.896958 -0.026422
47 -0.068614 0.892457 0.008681
48 -0.070396 0.894575 0.037243
49 -0.075198 0.893374 0.065317
50 -0.084234 0.882230 0.095319
51 -0.099252 0.876783 0.116574
52 -0.118278 0.870157 0.134757
53 -0.145835 0.863740 0.151743
54 -0.189341 0.856531 0.163070
55 -0.225505 0.852895 0.152312
56 -0.249472 0.858708 0.140180
57 -0.276953 0.851113 0.101513
58 -0.287282 0.841346 0.064471
59 -0.297695 0.837759 0.038981
Frame 778
30 -0.312869 0.831521 0.005414
31 -0.318649 0.830076 -0.027915
32 -0.316928 0.829883 -0.054965
33 -0.310104 0.831466 -0.086072
34 -0.300393 0.831806 -0.117812
35 -0.290159 0.838217 -0.145010
36 -0.275053 0.845349 -0.171591
37 -0.243613 0.873939 -0.198435
38 -0.209675 0.885711 -0.206780
39 -0.165117 0.897924 -0.200768
40 -0.131792 0.904450 -0.182178
41 -0.108105 0.905863 -0.161468
42 -0.091248 0.907146 -0.138433
43 -0.080745 0.908630 -0.113616
44 -0.071676 0.902843 -0.082147
45 -0.069862 0.899130 -0.056282
46 -0.069261 0.897118 -0.026320
47 -0.068094 0.892589 0.008781
48 -0.069909 0.894678 0.037344
49 -0.074735 0.893446 0.065411
50 -0.083785 0.882259 0.095396
51 -0.098814 0.876767 0.116630
52 -0.117844 0.870092 0.134786
53 -0.145398 0.863618 0.151739
54 -0.188888 0.856337 0.163023
55 -0.225033 0.852638 0.152204
56 -0.249001 0.858433 0.140032
57 -0.276410 0.850848 0.101342
58 -0.286692 0.841108 0.064297
59 -0.297087 0.837521 0.038810
Frame 779
30 -0.312221 0.831311 0.005260
31 -0.317972 0.829886 -0.028079
32 -0.316222 0.829740 -0.055134
33 -0.309357 0.831382 -0.086236
34 -0.299612 0.831773 -0.117958
35 -0.289364 0.838204 -0.145143
36 -0.274244 0.845357 -0.171711
37 -0.242819 0.873968 -0.198503
38 -0.208889 0.885775 -0.206809
39 -0.164356 0.898040 -0.200746
40 -0.131061 0.904606 -0.182115
41 -0.107407 0.906051 -0.161383
42 -0.090578 0.907353 -0.138332
43 -0.080103 0.908836 -0.113504
44 -0.071057 0.903037 -0.082028
45 -0.069262 0.899308 -0.056166
46 -0.068686 0.897274 -0.026202
47 -0.067546 0.892720 0.008896
48 -0.069393 0.894786 0.037461
49 -0.074243 0.893526 0.065520
50 -0.083305 0.882298 0.095489
51 -0.098345 0.876766 0.116703
52 -0.117382 0.870045 0.134835
53 -0.144936 0.863520 0.151757
54 -0.188418 0.856172 0.162999
55 -0.224544 0.852416 0.152118
56 -0.248508 0.858191 0.139905
57 -0.275841 0.850616 0.101192
58 -0.286074 0.840900 0.064146
59 -0.296450 0.837311 0.038663
Frame 780
30 -0.311530 0.831141 0.005134
31 -0.317256 0.829732 -0.028215
32 -0.315477 0.829625 -0.055276
33 -0.308573 0.831320 -0.086373
34 -0.298795 0.831760 -0.118081
35 -0.288528 0.838209 -0.145253
36 -0.273392 0.845380 -0.171808
37 -0.241979 0.874000 -0.198549
38 -0.208056 0.885833 -0.206817
39 -0.163547 0.898141 -0.200707
40 -0.130284 0.904743 -0.182041
41 -0.106660 0.906216 -0.161287
42 -0.089860 0.907537 -0.138220
43 -0.079411 0.909023 -0.113383
44 -0.070387 0.903214 -0.081899
45 -0.068612 0.899473 -0.056038
46 -0.068061 0.897421 -0.026074
47 -0.066948 0.892850 0.009022
48 -0.068825 0.894897 0.037588
49 -0.073699 0.893613 0.065640
50 -0.082776 0.882353 0.095596
51 -0.097828 0.876786 0.116792
52 -0.116871 0.870026 0.134902
53 -0.144428 0.863458 0.151794
54 -0.187910 0.856055 0.162993
55 -0.224017 0.852243 0.152050
56 -0.247970 0.858001 0.139799
57 -0.275225 0.850437 0.101063
58 -0.285411 0.840740 0.064020
59 -0.295770 0.837145 0.038542
Frame 781
30 -0.310780 0.831028 0.005035
31 -0.316482 0.829628 -0.028324
32 -0.314676 0.829550 -0.055388
33 -0.307736 0.831291 -0.086483
34 -0.297924 0.831772 -0.118180
35 -0.287634 0.838236 -0.145343
36 -0.272480 0.845420 -0.171883
37 -0.241073 0.874036 -0.198576
38 -0.207157 0.885882 -0.206807
39 -0.162670 0.898223 -0.200654
40 -0.129435 0.904853 -0.181955
41 -0.105842 0.906353 -0.161183
42 -0.089070 0.907692 -0.138101
43 -0.078647 0.909182 -0.113256
44 -0.069647 0.903368 -0.081765
45 -0.067891 0.899620 -0.055903
46 -0.067365 0.897557 -0.025939
47 -0.066279 0.892976 0.009155
48 -0.068185 0.895011 0.037723
49 -0.073083 0.893710 0.065768
50 -0.082176 0.882427 0.095713
51 -0.097241 0.876834 0.116894
52 -0.116291 0.870043 0.134982
53 -0.143857 0.863443 0.151848
54 -0.187344 0.856000 0.163003
55 -0.223432 0.852142 0.152001
56 -0.247365 0.857881 0.139712
57 -0.274545 0.850328 0.100958
58 -0.284688 0.840645 0.063917
59 -0.295031 0.837041 0.038445
Frame 782
30 -0.309957 0.830961 0.004976
31 -0.315639 0.829562 -0.028394
32 -0.313811 0.829505 -0.055463
33 -0.306840 0.831280 -0.086560
34 -0.296995 0.831796 -0.118250
35 -0.286680 0.838271 -0.145406
36 -0.271509 0.845463 -0.171930
37 -0.240104 0.874065 -0.198578
38 -0.206195 0.885917 -0.206778
39 -0.161728 0.898280 -0.200586
40 -0.128520 0.904934 -0.181861
41 -0.104953 0.906457 -0.161074
42 -0.088205 0.907813 -0.137983
43 -0.077804 0.909310 -0.113130
44 -0.068826 0.903495 -0.081630
45 -0.067088 0.899744 -0.055768
46 -0.066585 0.897675 -0.025803
47 -0.065522 0.893089 0.009290
48 -0.067455 0.895117 0.037860
49 -0.072375 0.893806 0.065899
50 -0.081484 0.882507 0.095836
51 -0.096562 0.876894 0.117003
52 -0.115619 0.870078 0.135075
53 -0.143201 0.863450 0.151919
54 -0.186708 0.855961 0.163033
55 -0.222781 0.852058 0.151975
56 -0.246670 0.857805 0.139665
57 -0.273776 0.850270 0.100895
58 -0.283883 0.840599 0.063859
59 -0.294214 0.836985 0.038391
Frame 783
30 -0.309070 0.830916 0.004965
31 -0.314739 0.829514 -0.028417
32 -0.312894 0.829470 -0.055495
33 -0.305898 0.831272 -0.086595
34 -0.296025 0.831815 -0.118284
35 -0.285687 0.838297 -0.145435
36 -0.270502 0.845494 -0.171943
37 -0.239098 0.874080 -0.198553
38 -0.205196 0.885935 -0.206727
39 -0.160746 0.898315 -0.200505
40 -0.127562 0.904989 -0.181760
41 -0.104018 0.906535 -0.160965
42 -0.087287 0.907906 -0.137864
43 -0.076906 0.909410 -0.113006
44 -0.067945 0.903594 -0.081499
45 -0.066222 0.899843 -0.055637
46 -0.065738 0.897771 -0.025670
47 -0.064694 0.893185 0.009422
48 -0.066648 0.895211 0.037993
49 -0.071585 0.893892 0.066028
50 -0.080707 0.882583 0.095959
51 -0.095795 0.876954 0.117117
52 -0.114856 0.870116 0.135176
53 -0.142467 0.863453 0.152010
54 -0.186016 0.855892 0.163088
55 -0.222079 0.851945 0.151976
56 -0.245893 0.857735 0.139666
57 -0.272929 0.850233 0.100886
58 -0.283004 0.840573 0.063854
59 -0.293328 0.836953 0.038387
Frame 784
30 -0.308140 0.830893 0.004991
31 -0.313801 0.829485 -0.028403
32 -0.311943 0.829450 -0.055489
33 -0.304928 0.831271 -0.086596
34 -0.295031 0.831835 -0.118287
35 -0.284671 0.838321 -0.145434
36 -0.269475 0.845519 -0.171927
37 -0.238071 0.874088 -0.198506
38 -0.204177 0.885940 -0.206658
39 -0.159743 0.898335 -0.200413
40 -0.126578 0.905025 -0.181654
41 -0.103053 0.906593 -0.160854
42 -0.086336 0.907979 -0.137747
43 -0.075970 0.909490 -0.112885
44 -0.067023 0.903677 -0.081371
45 -0.065313 0.899927 -0.055507
46 -0.064843 0.897855 -0.025540
47 -0.063814 0.893271 0.009551
48 -0.065785 0.895297 0.038125
49 -0.070737 0.893975 0.066156
50 -0.079870 0.882658 0.096083
51 -0.094966 0.877018 0.117235
52 -0.114029 0.870161 0.135287
53 -0.141675 0.863459 0.152114
54 -0.185276 0.855818 0.163162
55 -0.221336 0.851826 0.151998
56 -0.245056 0.857682 0.139705
57 -0.272028 0.850217 0.100919
58 -0.282076 0.840569 0.063890
59 -0.292397 0.836945 0.038421
Frame 785
30 -0.307190 0.830895 0.005046
31 -0.312845 0.829477 -0.028361
32 -0.310979 0.829445 -0.055456
33 -0.303948 0.831280 -0.086569
34 -0.294028 0.831861 -0.118264
35 -0.283650 0.838347 -0.145410
36 -0.268444 0.845544 -0.171888
37 -0.237039 0.874092 -0.198441
38 -0.203153 0.885941 -0.206577
39 -0.158730 0.898345 -0.200313
40 -0.125585 0.905049 -0.181543
41 -0.102073 0.906636 -0.160741
42 -0.085367 0.908038 -0.137630
43 -0.075013 0.909557 -0.112765
44 -0.066080 0.903746 -0.081243
45 -0.064381 0.900001 -0.055379
46 -0.063923 0.897930 -0.025410
47 -0.062906 0.893354 0.009679
48 -0.064891 0.895382 0.038255
49 -0.069855 0.894059 0.066283
50 -0.078996 0.882739 0.096210
51 -0.094100 0.877091 0.117358
52 -0.113165 0.870220 0.135403
53 -0.140846 0.863482 0.152229
54 -0.184505 0.855756 0.163249
55 -0.220562 0.851723 0.152039
56 -0.244187 0.857655 0.139773
57 -0.271101 0.850228 0.100982
58 -0.281127 0.840588 0.063956
59 -0.291445 0.836961 0.038485
Frame 786
30 -0.306242 0.830919 0.005117
31 -0.311892 0.829490 -0.028299
32 -0.310016 0.829459 -0.055402
33 -0.302974 0.831303 -0.086522
34 -0.293036 0.831894 -0.118219
35 -0.282641 0.838379 -0.145365
36 -0.267426 0.845574 -0.171830
37 -0.236018 0.874098 -0.198363
38 -0.202137 0.885940 -0.206487
39 -0.157725 0.898352 -0.200208
40 -0.124595 0.905068 -0.181430
41 -0.101097 0.906674 -0.160629
42 -0.084399 0.908090 -0.137513
43 -0.074057 0.909618 -0.112645
44 -0.065135 0.903812 -0.081117
45 -0.063444 0.900072 -0.055252
46 -0.062997 0.898006 -0.025281
47 -0.061991 0.893438 0.009807
48 -0.063987 0.895472 0.038385
49 -0.068963 0.894150 0.066412
50 -0.078112 0.882831 0.096338
51 -0.093223 0.877180 0.117483
52 -0.112289 0.870298 0.135524
53 -0.140002 0.863529 0.152349
54 -0.183712 0.855729 0.163345
55 -0.219768 0.851664 0.152099
56 -0.243307 0.857666 0.139857
57 -0.270174 0.850269 0.101063
58 -0.280182 0.840632 0.064040
59 -0.290498 0.837000 0.038565
Frame 787
30 -0.305317 0.830967 0.005198
31 -0.310960 0.829527 -0.028227
32 -0.309077 0.829493 -0.055334
33 -0.302024 0.831343 -0.086458
34 -0.292071 0.831942 -0.118156
35 -0.281662 0.838424 -0.145301
36 -0.266438 0.845613 -0.171759
37 -0.235025 0.874112 -0.198278
38 -0.201148 0.885946 -0.206392
39 -0.156741 0.898362 -0.200100
40 -0.123627 0.905088 -0.181316
41 -0.100141 0.906712 -0.160517
42 -0.083449 0.908142 -0.137397
43 -0.073117 0.909680 -0.112527
44 -0.064206 0.903879 -0.080991
45 -0.062524 0.900146 -0.055124
46 -0.062088 0.898086 -0.025151
47 -0.061091 0.893530 0.009935
48 -0.063099 0.895571 0.038515
49 -0.068085 0.894253 0.066541
50 -0.077242 0.882939 0.096467
51 -0.092358 0.877287 0.117610
52 -0.111428 0.870402 0.135648
53 -0.139165 0.863613 0.152471
54 -0.182913 0.855760 0.163448
55 -0.218968 0.851669 0.152173
56 -0.242444 0.857719 0.139947
57 -0.269275 0.850341 0.101150
58 -0.279268 0.840702 0.064129
59 -0.289579 0.837063 0.038651
Frame 788
30 -0.304437 0.831038 0.005275
31 -0.310070 0.829588 -0.028153
32 -0.308177 0.829551 -0.055262
33 -0.301114 0.831405 -0.086386
34 -0.291150 0.832008 -0.118082
35 -0.280728 0.838485 -0.145226
36 -0.265495 0.845668 -0.171678
37 -0.234073 0.874139 -0.198190
38 -0.200198 0.885963 -0.206296
39 -0.155794 0.898381 -0.199992
40 -0.122696 0.905116 -0.181202
41 -0.099219 0.906758 -0.160404
42 -0.082534 0.908202 -0.137280
43 -0.072212 0.909749 -0.112407
44 -0.063314 0.903955 -0.080864
45 -0.061640 0.900231 -0.054995
46 -0.061215 0.898178 -0.025019
47 -0.060228 0.893635 0.010065
48 -0.062247 0.895686 0.038648
49 -0.067245 0.894374 0.066673
50 -0.076410 0.883068 0.096599
51 -0.091532 0.877420 0.117739
52 -0.110606 0.870536 0.135772
53 -0.138353 0.863744 0.152591
54 -0.182119 0.855871 0.163554
55 -0.218173 0.851765 0.152261
56 -0.241621 0.857828 0.140033
57 -0.268429 0.850448 0.101230
58 -0.278410 0.840798 0.064212
59 -0.288713 0.837149 0.038732
Frame 789
30 -0.303628 0.831156 0.005341
31 -0.309243 0.829697 -0.028089
32 -0.307336 0.829652 -0.055193
33 -0.300260 0.831504 -0.086312
34 -0.290284 0.832106 -0.118000
35 -0.279850 0.838575 -0.145143
36 -0.264605 0.845748 -0.171590
37 -0.233161 0.874177 -0.198101
38 -0.199281 0.885985 -0.206200
39 -0.154876 0.898395 -0.199882
40 -0.121794 0.905132 -0.181084
41 -0.098329 0.906790 -0.160284
42 -0.081652 0.908247 -0.137154
43 -0.071343 0.909805 -0.112275
44 -0.062462 0.904021 -0.080723
45 -0.060801 0.900309 -0.054851
46 -0.060391 0.898268 -0.024874
47 -0.059419 0.893743 0.010211
48 -0.061453 0.895809 0.038794
49 -0.066465 0.894508 0.066819
50 -0.075645 0.883217 0.096747
51 -0.090777 0.877582 0.117881
52 -0.109859 0.870708 0.135909
53 -0.137609 0.863931 0.152718
54 -0.181375 0.856071 0.163670
55 -0.217426 0.851965 0.152367
56 -0.240874 0.858012 0.140119
57 -0.267668 0.850613 0.101305
58 -0.277637 0.840947 0.064288
59 -0.287928 0.837285 0.038803
Frame 790
30 -0.302881 0.831341 0.005396
31 -0.308471 0.829865 -0.028033
32 -0.306544 0.829807 -0.055131
33 -0.299450 0.831649 -0.086238
34 -0.289461 0.832243 -0.117913
35 -0.279013 0.838696 -0.145055
36 -0.263751 0.845854 -0.171496
37 -0.232269 0.874223 -0.198015
38 -0.198373 0.885999 -0.206105
39 -0.153962 0.898388 -0.199769
40 -0.120897 0.905119 -0.180958
41 -0.097445 0.906789 -0.160155
42 -0.080780 0.908258 -0.137014
43 -0.070488 0.909830 -0.112129
44 -0.061631 0.904058 -0.080564
45 -0.059989 0.900362 -0.054689
46 -0.059600 0.898341 -0.024708
47 -0.058652 0.893841 0.010378
48 -0.060704 0.895926 0.038961
49 -0.065738 0.894645 0.066985
50 -0.074942 0.883378 0.096914
51 -0.090087 0.877766 0.118042
52 -0.109185 0.870915 0.136062
53 -0.136933 0.864168 0.152858
54 -0.180695 0.856343 0.163798
55 -0.216743 0.852250 0.152488
56 -0.240196 0.858277 0.140211
57 -0.266983 0.850853 0.101382
58 -0.276940 0.841163 0.064362
59 -0.287215 0.837487 0.038865
Frame 791
30 -0.302170 0.831577 0.005443
31 -0.307729 0.830081 -0.027986
32 -0.305780 0.830006 -0.055074
33 -0.298666 0.831834 -0.086167
34 -0.288665 0.832412 -0.117825
35 -0.278201 0.838843 -0.144967
36 -0.262918 0.845982 -0.171402
37 -0.231383 0.874278 -0.197932
38 -0.197468 0.886012 -0.206013
39 -0.153046 0.898368 -0.199658
40 -0.119998 0.905086 -0.180832
41 -0.096560 0.906765 -0.160023
42 -0.079907 0.908245 -0.136871
43 -0.069634 0.909829 -0.111978
44 -0.060807 0.904074 -0.080399
45 -0.059188 0.900398 -0.054519
46 -0.058824 0.898399 -0.024534
47 -0.057904 0.893930 0.010552
48 -0.059977 0.896040 0.039136
49 -0.065035 0.894783 0.067158
50 -0.074268 0.883549 0.097089
51 -0.089431 0.877968 0.118208
52 -0.108548 0.871147 0.136220
53 -0.136295 0.864442 0.153003
54 -0.180049 0.856670 0.163930
55 -0.216093 0.852601 0.152617
56 -0.239556 0.858603 0.140306
57 -0.266341 0.851147 0.101456
58 -0.276287 0.841431 0.064432
59 -0.286542 0.837741 0.038920
Frame 792
30 -0.301468 0.831853 0.005481
31 -0.306997 0.830337 -0.027946
32 -0.305023 0.830241 -0.055024
33 -0.297889 0.832050 -0.086100
34 -0.287875 0.832607 -0.117739
35 -0.277397 0.839013 -0.144882
36 -0.262091 0.846130 -0.171312
37 -0.230497 0.874344 -0.197856
38 -0.196556 0.886028 -0.205929
39 -0.152120 0.898343 -0.199555
40 -0.119088 0.905042 -0.180713
41 -0.095666 0.906728 -0.159900
42 -0.079025 0.908217 -0.136733
43 -0.068770 0.909815 -0.111834
44 -0.059975 0.904077 -0.080240
45 -0.058380 0.900423 -0.054354
46 -0.058043 0.898448 -0.024366
47 -0.057152 0.894012 0.010722
48 -0.059247 0.896152 0.039305
49 -0.064331 0.894922 0.067326
50 -0.073597 0.883724 0.097259
51 -0.088779 0.878179 0.118371
52 -0.107917 0.871395 0.136376
53 -0.135662 0.864739 0.153144
54 -0.179407 0.857031 0.164059
55 -0.215447 0.852994 0.152745
56 -0.238925 0.858969 0.140396
57 -0.265708 0.851483 0.101525
58 -0.275643 0.841739 0.064495
59 -0.285881 0.838033 0.038968
Frame 793
30 -0.300749 0.832154 0.005512
31 -0.306247 0.830617 -0.027911
32 -0.304252 0.830500 -0.054979
33 -0.297099 0.832289 -0.086039
34 -0.287073 0.832822 -0.117659
35 -0.276582 0.839201 -0.144803
36 -0.261255 0.846291 -0.171229
37 -0.229597 0.874421 -0.197790
38 -0.195630 0.886051 -0.205856
39 -0.151178 0.898319 -0.199465
40 -0.118160 0.904997 -0.180609
41 -0.094752 0.906686 -0.159792
42 -0.078120 0.908183 -0.136614
43 -0.067884 0.909794 -0.111706
44 -0.059121 0.904073 -0.080098
45 -0.057549 0.900441 -0.054207
46 -0.057237 0.898493 -0.024215
47 -0.056375 0.894091 0.010875
48 -0.058491 0.896259 0.039457
49 -0.063600 0.895059 0.067477
50 -0.072898 0.883900 0.097413
51 -0.088098 0.878392 0.118518
52 -0.107259 0.871648 0.136518
53 -0.135002 0.865046 0.153273
54 -0.178738 0.857406 0.164178
55 -0.214777 0.853406 0.152862
56 -0.238268 0.859357 0.140476
57 -0.265054 0.851843 0.101584
58 -0.274980 0.842070 0.064550
59 -0.285200 0.838351 0.039008
Frame 794
30 -0.299985 0.832468 0.005540
31 -0.305459 0.830912 -0.027881
32 -0.303445 0.830774 -0.054939
33 -0.296276 0.832542 -0.085986
34 -0.286243 0.833051 -0.117588
35 -0.275742 0.839400 -0.144734
36 -0.260396 0.846465 -0.171157
37 -0.228674 0.874510 -0.197736
38 -0.194682 0.886086 -0.205799
39 -0.150213 0.898306 -0.199395
40 -0.117205 0.904959 -0.180527
41 -0.093810 0.906651 -0.159709
42 -0.077185 0.908154 -0.136521
43 -0.066964 0.909777 -0.111608
44 -0.058229 0.904070 -0.079985
45 -0.056679 0.900461 -0.054090
46 -0.056388 0.898537 -0.024094
47 -0.055551 0.894167 0.010997
48 -0.057685 0.896364 0.039579
49 -0.062813 0.895192 0.067598
50 -0.072142 0.884070 0.097539
51 -0.087359 0.878601 0.118639
52 -0.106540 0.871897 0.136636
53 -0.134282 0.865347 0.153381
54 -0.178014 0.857777 0.164278
55 -0.214052 0.853815 0.152963
56 -0.237555 0.859749 0.140542
57 -0.264343 0.852210 0.101632
58 -0.274265 0.842411 0.064596
59 -0.284470 0.838678 0.039041
Frame 795
30 -0.299153 0.832781 0.005565
31 -0.304609 0.831209 -0.027853
32 -0.302582 0.831054 -0.054904
33 -0.295402 0.832802 -0.085941
34 -0.285365 0.833287 -0.117530
35 -0.274858 0.839608 -0.144676
36 -0.259496 0.846645 -0.171102
37 -0.227719 0.874613 -0.197698
38 -0.193702 0.886137 -0.205760
39 -0.149217 0.898310 -0.199350
40 -0.116215 0.904938 -0.180474
41 -0.092830 0.906632 -0.159661
42 -0.076207 0.908138 -0.136465
43 -0.065997 0.909772 -0.111548
44 -0.057285 0.904077 -0.079913
45 -0.055751 0.900486 -0.054014
46 -0.055476 0.898584 -0.024014
47 -0.054658 0.894243 0.011077
48 -0.056802 0.896466 0.039659
49 -0.061947 0.895320 0.067679
50 -0.071299 0.884231 0.097625
51 -0.086528 0.878797 0.118722
52 -0.105727 0.872131 0.136720
53 -0.133471 0.865631 0.153460
54 -0.177203 0.858126 0.164353
55 -0.213243 0.854201 0.153038
56 -0.236753 0.860124 0.140588
57 -0.263544 0.852571 0.101666
58 -0.273466 0.842749 0.064630
59 -0.283660 0.839004 0.039067
Frame 796
30 -0.298222 0.833081 0.005589
31 -0.303673 0.831497 -0.027825
32 -0.301641 0.831329 -0.054873
33 -0.294457 0.833060 -0.085908
34 -0.284421 0.833524 -0.117489
35 -0.273914 0.839819 -0.144636
36 -0.258542 0.846829 -0.171066
37 -0.226718 0.874732 -0.197677
38 -0.192684 0.886209 -0.205744
39 -0.148184 0.898339 -0.199336
40 -0.115181 0.904944 -0.180457
41 -0.091803 0.906640 -0.159656
42 -0.075177 0.908147 -0.136457
43 -0.064971 0.909787 -0.111539
44 -0.056274 0.904101 -0.079895
45 -0.054748 0.900524 -0.053993
46 -0.054482 0.898638 -0.023989
47 -0.053670 0.894322 0.011100
48 -0.055821 0.896565 0.039686
49 -0.060973 0.895440 0.067705
50 -0.070340 0.884379 0.097657
51 -0.085577 0.878975 0.118758
52 -0.104787 0.872341 0.136761
53 -0.132536 0.865882 0.153502
54 -0.176277 0.858432 0.164396
55 -0.212323 0.854537 0.153080
56 -0.235833 0.860463 0.140610
57 -0.262624 0.852907 0.101683
58 -0.272550 0.843067 0.064650
59 -0.282740 0.839311 0.039085
Frame 797
30 -0.297194 0.833371 0.005622
31 -0.302652 0.831782 -0.027789
32 -0.300625 0.831606 -0.054838
33 -0.293451 0.833327 -0.085877
34 -0.283423 0.833773 -0.117455
35 -0.272919 0.840045 -0.144605
36 -0.257552 0.847023 -0.171042
37 -0.225687 0.874877 -0.197667
38 -0.191635 0.886308 -0.205746
39 -0.147121 0.898396 -0.199350
40 -0.114110 0.904973 -0.180477
41 -0.090734 0.906668 -0.159695
42 -0.074096 0.908171 -0.136498
43 -0.063886 0.909810 -0.111581
44 -0.055194 0.904125 -0.079933
45 -0.053668 0.900557 -0.054030
46 -0.053400 0.898681 -0.024023
47 -0.052584 0.894379 0.011064
48 -0.054730 0.896637 0.039654
49 -0.059881 0.895526 0.067675
50 -0.069254 0.884485 0.097635
51 -0.084490 0.879105 0.118742
52 -0.103706 0.872498 0.136756
53 -0.131466 0.866074 0.153508
54 -0.175228 0.858670 0.164409
55 -0.211284 0.854805 0.153094
56 -0.234780 0.860749 0.140618
57 -0.261571 0.853210 0.101693
58 -0.271510 0.843362 0.064668
59 -0.281704 0.839601 0.039106
Frame 798
30 -0.296130 0.833652 0.005668
31 -0.301608 0.832066 -0.027740
32 -0.299594 0.831888 -0.054791
33 -0.292441 0.833602 -0.085841
34 -0.282425 0.834037 -0.117418
35 -0.271931 0.840289 -0.144572
36 -0.256585 0.847229 -0.171016
37 -0.224677 0.875046 -0.197658
38 -0.190606 0.886432 -0.205757
39 -0.146073 0.898471 -0.199382
40 -0.113049 0.905014 -0.180520
41 -0.089672 0.906703 -0.159762
42 -0.073017 0.908195 -0.136571
43 -0.062795 0.909827 -0.111659
44 -0.054099 0.904135 -0.080011
45 -0.052566 0.900569 -0.054108
46 -0.052287 0.898696 -0.024099
47 -0.051457 0.894399 0.010985
48 -0.053590 0.896666 0.039580
49 -0.058730 0.895563 0.067603
50 -0.068100 0.884537 0.097571
51 -0.083332 0.879177 0.118690
52 -0.102549 0.872593 0.136719
53 -0.130326 0.866198 0.153490
54 -0.174119 0.858836 0.164404
55 -0.210189 0.855004 0.153095
56 -0.233656 0.860981 0.140624
57 -0.260450 0.853476 0.101710
58 -0.270412 0.843634 0.064694
59 -0.280619 0.839874 0.039139
