v -0.29999999999999999 1 -6.123233995736766e-17
v -0.29062499999999997 1 -6.123233995736766e-17
v -0.28125 1 -6.123233995736766e-17
v -0.27187499999999998 1 -6.123233995736766e-17
v -0.26250000000000001 1 -6.123233995736766e-17
v -0.25312499999999999 1 -6.123233995736766e-17
v -0.24374999999999999 1 -6.123233995736766e-17
v -0.234375 1 -6.123233995736766e-17
v -0.22499999999999998 1 -6.123233995736766e-17
v -0.21562499999999998 1 -6.123233995736766e-17
v -0.20624999999999999 1 -6.123233995736766e-17
v -0.19687499999999999 1 -6.123233995736766e-17
v -0.1875 1 -6.123233995736766e-17
v -0.17812500000000001 1 -6.123233995736766e-17
v -0.16874999999999998 1 -6.123233995736766e-17
v -0.15937499999999999 1 -6.123233995736766e-17
v -0.14999999999999999 1 -6.123233995736766e-17
v -0.140625 1 -6.123233995736766e-17
v -0.13125000000000001 1 -6.123233995736766e-17
v -0.121875 1 -6.123233995736766e-17
v -0.11249999999999999 1 -6.123233995736766e-17
v -0.10312499999999999 1 -6.123233995736766e-17
v -0.09375 1 -6.123233995736766e-17
v -0.084374999999999992 1 -6.123233995736766e-17
v -0.074999999999999997 1 -6.123233995736766e-17
v -0.065625000000000003 1 -6.123233995736766e-17
v -0.056249999999999994 1 -6.123233995736766e-17
v -0.046875 1 -6.123233995736766e-17
v -0.037499999999999999 1 -6.123233995736766e-17
v -0.028124999999999997 1 -6.123233995736766e-17
v -0.018749999999999999 1 -6.123233995736766e-17
v -0.0093749999999999997 1 -6.123233995736766e-17
v 0 1 -6.123233995736766e-17
v 0.0093749999999999997 1 -6.123233995736766e-17
v 0.018749999999999999 1 -6.123233995736766e-17
v 0.028124999999999997 1 -6.123233995736766e-17
v 0.037499999999999999 1 -6.123233995736766e-17
v 0.046875 1 -6.123233995736766e-17
v 0.056249999999999994 1 -6.123233995736766e-17
v 0.065625000000000003 1 -6.123233995736766e-17
v 0.074999999999999997 1 -6.123233995736766e-17
v 0.084374999999999992 1 -6.123233995736766e-17
v 0.09375 1 -6.123233995736766e-17
v 0.10312499999999999 1 -6.123233995736766e-17
v 0.11249999999999999 1 -6.123233995736766e-17
v 0.121875 1 -6.123233995736766e-17
v 0.13125000000000001 1 -6.123233995736766e-17
v 0.140625 1 -6.123233995736766e-17
v 0.14999999999999999 1 -6.123233995736766e-17
v 0.15937499999999999 1 -6.123233995736766e-17
v 0.16874999999999998 1 -6.123233995736766e-17
v 0.17812500000000001 1 -6.123233995736766e-17
v 0.1875 1 -6.123233995736766e-17
v 0.19687499999999999 1 -6.123233995736766e-17
v 0.20624999999999999 1 -6.123233995736766e-17
v 0.21562499999999998 1 -6.123233995736766e-17
v 0.22499999999999998 1 -6.123233995736766e-17
v 0.234375 1 -6.123233995736766e-17
v 0.24374999999999999 1 -6.123233995736766e-17
v 0.25312499999999999 1 -6.123233995736766e-17
v 0.26250000000000001 1 -6.123233995736766e-17
v 0.27187499999999998 1 -6.123233995736766e-17
v 0.28125 1 -6.123233995736766e-17
v 0.29062499999999997 1 -6.123233995736766e-17
v 0.29999999999999999 1 -6.123233995736766e-17
v -0.33000000000000002 0.96875 -0.10000000000000006
v -0.31968750000000001 0.96875 -5.9318829333699924e-17
v -0.30937500000000001 0.96875 -5.9318829333699924e-17
v -0.29906250000000001 0.96875 -5.9318829333699924e-17
v -0.28875000000000001 0.96875 -5.9318829333699924e-17
v -0.2784375 0.96875 -5.9318829333699924e-17
v -0.268125 0.96875 0.09999999999999995
v -0.2578125 0.96875 -5.9318829333699924e-17
v -0.2475 0.96875 -5.9318829333699924e-17
v -0.23718750000000002 0.96875 -5.9318829333699924e-17
v -0.22687500000000002 0.96875 -5.9318829333699924e-17
v -0.21656250000000002 0.96875 -5.9318829333699924e-17
v -0.20625000000000002 0.96875 -0.10000000000000006
v -0.19593750000000001 0.96875 -5.9318829333699924e-17
v -0.18562500000000001 0.96875 -5.9318829333699924e-17
v -0.17531250000000001 0.96875 -5.9318829333699924e-17
v -0.16500000000000001 0.96875 -5.9318829333699924e-17
v -0.15468750000000001 0.96875 -5.9318829333699924e-17
v -0.144375 0.96875 0.09999999999999995
v -0.1340625 0.96875 -5.9318829333699924e-17
v -0.12375 0.96875 -5.9318829333699924e-17
v -0.11343750000000001 0.96875 -5.9318829333699924e-17
v -0.10312500000000001 0.96875 -5.9318829333699924e-17
v -0.092812500000000006 0.96875 -5.9318829333699924e-17
v -0.082500000000000004 0.96875 -0.10000000000000006
v -0.072187500000000002 0.96875 -5.9318829333699924e-17
v -0.061874999999999999 0.96875 -5.9318829333699924e-17
v -0.051562500000000004 0.96875 -5.9318829333699924e-17
v -0.041250000000000002 0.96875 -5.9318829333699924e-17
v -0.0309375 0.96875 -5.9318829333699924e-17
v -0.020625000000000001 0.96875 0.09999999999999995
v -0.0103125 0.96875 -5.9318829333699924e-17
v 0 0.96875 -5.9318829333699924e-17
v 0.0103125 0.96875 -5.9318829333699924e-17
v 0.020625000000000001 0.96875 -5.9318829333699924e-17
v 0.0309375 0.96875 -5.9318829333699924e-17
v 0.041250000000000002 0.96875 -0.10000000000000006
v 0.051562500000000004 0.96875 -5.9318829333699924e-17
v 0.061874999999999999 0.96875 -5.9318829333699924e-17
v 0.072187500000000002 0.96875 -5.9318829333699924e-17
v 0.082500000000000004 0.96875 -5.9318829333699924e-17
v 0.092812500000000006 0.96875 -5.9318829333699924e-17
v 0.10312500000000001 0.96875 0.09999999999999995
v 0.11343750000000001 0.96875 -5.9318829333699924e-17
v 0.12375 0.96875 -5.9318829333699924e-17
v 0.1340625 0.96875 -5.9318829333699924e-17
v 0.144375 0.96875 -5.9318829333699924e-17
v 0.15468750000000001 0.96875 -5.9318829333699924e-17
v 0.16500000000000001 0.96875 -0.10000000000000006
v 0.17531250000000001 0.96875 -5.9318829333699924e-17
v 0.18562500000000001 0.96875 -5.9318829333699924e-17
v 0.19593750000000001 0.96875 -5.9318829333699924e-17
v 0.20625000000000002 0.96875 -5.9318829333699924e-17
v 0.21656250000000002 0.96875 -5.9318829333699924e-17
v 0.22687500000000002 0.96875 0.09999999999999995
v 0.23718750000000002 0.96875 -5.9318829333699924e-17
v 0.2475 0.96875 -5.9318829333699924e-17
v 0.2578125 0.96875 -5.9318829333699924e-17
v 0.268125 0.96875 -5.9318829333699924e-17
v 0.2784375 0.96875 -5.9318829333699924e-17
v 0.28875000000000001 0.96875 -0.10000000000000006
v 0.29906250000000001 0.96875 -5.9318829333699924e-17
v 0.30937500000000001 0.96875 -5.9318829333699924e-17
v 0.31968750000000001 0.96875 -5.9318829333699924e-17
v 0.33000000000000002 0.96875 -5.9318829333699924e-17
v -0.35999999999999999 0.9375 -0.10000000000000006
v -0.34875 0.9375 -5.7405318710032187e-17
v -0.33749999999999997 0.9375 -5.7405318710032187e-17
v -0.32624999999999998 0.9375 -5.7405318710032187e-17
v -0.315 0.9375 -5.7405318710032187e-17
v -0.30374999999999996 0.9375 -5.7405318710032187e-17
v -0.29249999999999998 0.9375 0.09999999999999995
v -0.28125 0.9375 -5.7405318710032187e-17
v -0.27000000000000002 0.9375 -5.7405318710032187e-17
v -0.25874999999999998 0.9375 -5.7405318710032187e-17
v -0.2475 0.9375 -5.7405318710032187e-17
v -0.23624999999999999 0.9375 -5.7405318710032187e-17
v -0.22499999999999998 0.9375 -0.10000000000000006
v -0.21375 0.9375 -5.7405318710032187e-17
v -0.20249999999999999 0.9375 -5.7405318710032187e-17
v -0.19125 0.9375 -5.7405318710032187e-17
v -0.17999999999999999 0.9375 -5.7405318710032187e-17
v -0.16874999999999998 0.9375 -5.7405318710032187e-17
v -0.1575 0.9375 0.09999999999999995
v -0.14624999999999999 0.9375 -5.7405318710032187e-17
v -0.13500000000000001 0.9375 -5.7405318710032187e-17
v -0.12375 0.9375 -5.7405318710032187e-17
v -0.11249999999999999 0.9375 -5.7405318710032187e-17
v -0.10124999999999999 0.9375 -5.7405318710032187e-17
v -0.089999999999999997 0.9375 -0.10000000000000006
v -0.078750000000000001 0.9375 -5.7405318710032187e-17
v -0.067500000000000004 0.9375 -5.7405318710032187e-17
v -0.056249999999999994 0.9375 -5.7405318710032187e-17
v -0.044999999999999998 0.9375 -5.7405318710032187e-17
v -0.033750000000000002 0.9375 -5.7405318710032187e-17
v -0.022499999999999999 0.9375 0.09999999999999995
v -0.01125 0.9375 -5.7405318710032187e-17
v 0 0.9375 -5.7405318710032187e-17
v 0.01125 0.9375 -5.7405318710032187e-17
v 0.022499999999999999 0.9375 -5.7405318710032187e-17
v 0.033750000000000002 0.9375 -5.7405318710032187e-17
v 0.044999999999999998 0.9375 -0.10000000000000006
v 0.056249999999999994 0.9375 -5.7405318710032187e-17
v 0.067500000000000004 0.9375 -5.7405318710032187e-17
v 0.078750000000000001 0.9375 -5.7405318710032187e-17
v 0.089999999999999997 0.9375 -5.7405318710032187e-17
v 0.10124999999999999 0.9375 -5.7405318710032187e-17
v 0.11249999999999999 0.9375 0.09999999999999995
v 0.12375 0.9375 -5.7405318710032187e-17
v 0.13500000000000001 0.9375 -5.7405318710032187e-17
v 0.14624999999999999 0.9375 -5.7405318710032187e-17
v 0.1575 0.9375 -5.7405318710032187e-17
v 0.16874999999999998 0.9375 -5.7405318710032187e-17
v 0.17999999999999999 0.9375 -0.10000000000000006
v 0.19125 0.9375 -5.7405318710032187e-17
v 0.20249999999999999 0.9375 -5.7405318710032187e-17
v 0.21375 0.9375 -5.7405318710032187e-17
v 0.22499999999999998 0.9375 -5.7405318710032187e-17
v 0.23624999999999999 0.9375 -5.7405318710032187e-17
v 0.2475 0.9375 0.09999999999999995
v 0.25874999999999998 0.9375 -5.7405318710032187e-17
v 0.27000000000000002 0.9375 -5.7405318710032187e-17
v 0.28125 0.9375 -5.7405318710032187e-17
v 0.29249999999999998 0.9375 -5.7405318710032187e-17
v 0.30374999999999996 0.9375 -5.7405318710032187e-17
v 0.315 0.9375 -0.10000000000000006
v 0.32624999999999998 0.9375 -5.7405318710032187e-17
v 0.33749999999999997 0.9375 -5.7405318710032187e-17
v 0.34875 0.9375 -5.7405318710032187e-17
v 0.35999999999999999 0.9375 -5.7405318710032187e-17
v -0.39000000000000001 0.90625 -0.10000000000000006
v -0.3778125 0.90625 -5.5491808086364444e-17
v -0.36562500000000003 0.90625 -5.5491808086364444e-17
v -0.35343750000000002 0.90625 -5.5491808086364444e-17
v -0.34125 0.90625 -5.5491808086364444e-17
v -0.32906250000000004 0.90625 -5.5491808086364444e-17
v -0.31687500000000002 0.90625 0.09999999999999995
v -0.3046875 0.90625 -5.5491808086364444e-17
v -0.29249999999999998 0.90625 -5.5491808086364444e-17
v -0.28031250000000002 0.90625 -5.5491808086364444e-17
v -0.268125 0.90625 -5.5491808086364444e-17
v -0.25593749999999998 0.90625 -5.5491808086364444e-17
v -0.24375000000000002 0.90625 -0.10000000000000006
v -0.2315625 0.90625 -5.5491808086364444e-17
v -0.21937500000000001 0.90625 -5.5491808086364444e-17
v -0.2071875 0.90625 -5.5491808086364444e-17
v -0.19500000000000001 0.90625 -5.5491808086364444e-17
v -0.18281250000000002 0.90625 -5.5491808086364444e-17
v -0.170625 0.90625 0.09999999999999995
v -0.15843750000000001 0.90625 -5.5491808086364444e-17
v -0.14624999999999999 0.90625 -5.5491808086364444e-17
v -0.1340625 0.90625 -5.5491808086364444e-17
v -0.12187500000000001 0.90625 -5.5491808086364444e-17
v -0.10968750000000001 0.90625 -5.5491808086364444e-17
v -0.097500000000000003 0.90625 -0.10000000000000006
v -0.085312499999999999 0.90625 -5.5491808086364444e-17
v -0.073124999999999996 0.90625 -5.5491808086364444e-17
v -0.060937500000000006 0.90625 -5.5491808086364444e-17
v -0.048750000000000002 0.90625 -5.5491808086364444e-17
v -0.036562499999999998 0.90625 -5.5491808086364444e-17
v -0.024375000000000001 0.90625 0.09999999999999995
v -0.0121875 0.90625 -5.5491808086364444e-17
v 0 0.90625 -5.5491808086364444e-17
v 0.0121875 0.90625 -5.5491808086364444e-17
v 0.024375000000000001 0.90625 -5.5491808086364444e-17
v 0.036562499999999998 0.90625 -5.5491808086364444e-17
v 0.048750000000000002 0.90625 -0.10000000000000006
v 0.060937500000000006 0.90625 -5.5491808086364444e-17
v 0.073124999999999996 0.90625 -5.5491808086364444e-17
v 0.085312499999999999 0.90625 -5.5491808086364444e-17
v 0.097500000000000003 0.90625 -5.5491808086364444e-17
v 0.10968750000000001 0.90625 -5.5491808086364444e-17
v 0.12187500000000001 0.90625 0.09999999999999995
v 0.1340625 0.90625 -5.5491808086364444e-17
v 0.14624999999999999 0.90625 -5.5491808086364444e-17
v 0.15843750000000001 0.90625 -5.5491808086364444e-17
v 0.170625 0.90625 -5.5491808086364444e-17
v 0.18281250000000002 0.90625 -5.5491808086364444e-17
v 0.19500000000000001 0.90625 -0.10000000000000006
v 0.2071875 0.90625 -5.5491808086364444e-17
v 0.21937500000000001 0.90625 -5.5491808086364444e-17
v 0.2315625 0.90625 -5.5491808086364444e-17
v 0.24375000000000002 0.90625 -5.5491808086364444e-17
v 0.25593749999999998 0.90625 -5.5491808086364444e-17
v 0.268125 0.90625 0.09999999999999995
v 0.28031250000000002 0.90625 -5.5491808086364444e-17
v 0.29249999999999998 0.90625 -5.5491808086364444e-17
v 0.3046875 0.90625 -5.5491808086364444e-17
v 0.31687500000000002 0.90625 -5.5491808086364444e-17
v 0.32906250000000004 0.90625 -5.5491808086364444e-17
v 0.34125 0.90625 -0.10000000000000006
v 0.35343750000000002 0.90625 -5.5491808086364444e-17
v 0.36562500000000003 0.90625 -5.5491808086364444e-17
v 0.3778125 0.90625 -5.5491808086364444e-17
v 0.39000000000000001 0.90625 -5.5491808086364444e-17
v -0.42000000000000004 0.875 -0.10000000000000006
v -0.40687500000000004 0.875 -5.3578297462696701e-17
v -0.39375000000000004 0.875 -5.3578297462696701e-17
v -0.38062500000000005 0.875 -5.3578297462696701e-17
v -0.36750000000000005 0.875 -5.3578297462696701e-17
v -0.35437500000000005 0.875 -5.3578297462696701e-17
v -0.34125000000000005 0.875 0.09999999999999995
v -0.32812500000000006 0.875 -5.3578297462696701e-17
v -0.31500000000000006 0.875 -5.3578297462696701e-17
v -0.301875 0.875 -5.3578297462696701e-17
v -0.28875000000000001 0.875 -5.3578297462696701e-17
v -0.27562500000000001 0.875 -5.3578297462696701e-17
v -0.26250000000000001 0.875 -0.10000000000000006
v -0.24937500000000001 0.875 -5.3578297462696701e-17
v -0.23625000000000002 0.875 -5.3578297462696701e-17
v -0.22312500000000002 0.875 -5.3578297462696701e-17
v -0.21000000000000002 0.875 -5.3578297462696701e-17
v -0.19687500000000002 0.875 -5.3578297462696701e-17
v -0.18375000000000002 0.875 0.09999999999999995
v -0.17062500000000003 0.875 -5.3578297462696701e-17
v -0.15750000000000003 0.875 -5.3578297462696701e-17
v -0.144375 0.875 -5.3578297462696701e-17
v -0.13125000000000001 0.875 -5.3578297462696701e-17
v -0.11812500000000001 0.875 -5.3578297462696701e-17
v -0.10500000000000001 0.875 -0.10000000000000006
v -0.091875000000000012 0.875 -5.3578297462696701e-17
v -0.078750000000000014 0.875 -5.3578297462696701e-17
v -0.065625000000000003 0.875 -5.3578297462696701e-17
v -0.052500000000000005 0.875 -5.3578297462696701e-17
v -0.039375000000000007 0.875 -5.3578297462696701e-17
v -0.026250000000000002 0.875 0.09999999999999995
v -0.013125000000000001 0.875 -5.3578297462696701e-17
v 0 0.875 -5.3578297462696701e-17
v 0.013125000000000001 0.875 -5.3578297462696701e-17
v 0.026250000000000002 0.875 -5.3578297462696701e-17
v 0.039375000000000007 0.875 -5.3578297462696701e-17
v 0.052500000000000005 0.875 -0.10000000000000006
v 0.065625000000000003 0.875 -5.3578297462696701e-17
v 0.078750000000000014 0.875 -5.3578297462696701e-17
v 0.091875000000000012 0.875 -5.3578297462696701e-17
v 0.10500000000000001 0.875 -5.3578297462696701e-17
v 0.11812500000000001 0.875 -5.3578297462696701e-17
v 0.13125000000000001 0.875 0.09999999999999995
v 0.144375 0.875 -5.3578297462696701e-17
v 0.15750000000000003 0.875 -5.3578297462696701e-17
v 0.17062500000000003 0.875 -5.3578297462696701e-17
v 0.18375000000000002 0.875 -5.3578297462696701e-17
v 0.19687500000000002 0.875 -5.3578297462696701e-17
v 0.21000000000000002 0.875 -0.10000000000000006
v 0.22312500000000002 0.875 -5.3578297462696701e-17
v 0.23625000000000002 0.875 -5.3578297462696701e-17
v 0.24937500000000001 0.875 -5.3578297462696701e-17
v 0.26250000000000001 0.875 -5.3578297462696701e-17
v 0.27562500000000001 0.875 -5.3578297462696701e-17
v 0.28875000000000001 0.875 0.09999999999999995
v 0.301875 0.875 -5.3578297462696701e-17
v 0.31500000000000006 0.875 -5.3578297462696701e-17
v 0.32812500000000006 0.875 -5.3578297462696701e-17
v 0.34125000000000005 0.875 -5.3578297462696701e-17
v 0.35437500000000005 0.875 -5.3578297462696701e-17
v 0.36750000000000005 0.875 -0.10000000000000006
v 0.38062500000000005 0.875 -5.3578297462696701e-17
v 0.39375000000000004 0.875 -5.3578297462696701e-17
v 0.40687500000000004 0.875 -5.3578297462696701e-17
v 0.42000000000000004 0.875 -5.3578297462696701e-17
v -0.45000000000000001 0.84375 -0.10000000000000006
v -0.43593750000000003 0.84375 -5.1664786839028965e-17
v -0.421875 0.84375 -5.1664786839028965e-17
v -0.40781250000000002 0.84375 -5.1664786839028965e-17
v -0.39374999999999999 0.84375 -5.1664786839028965e-17
v -0.37968750000000001 0.84375 -5.1664786839028965e-17
v -0.36562500000000003 0.84375 0.09999999999999995
v -0.3515625 0.84375 -5.1664786839028965e-17
v -0.33750000000000002 0.84375 -5.1664786839028965e-17
v -0.32343749999999999 0.84375 -5.1664786839028965e-17
v -0.30937500000000001 0.84375 -5.1664786839028965e-17
v -0.29531250000000003 0.84375 -5.1664786839028965e-17
v -0.28125 0.84375 -0.10000000000000006
v -0.26718750000000002 0.84375 -5.1664786839028965e-17
v -0.25312499999999999 0.84375 -5.1664786839028965e-17
v -0.23906250000000001 0.84375 -5.1664786839028965e-17
v -0.22500000000000001 0.84375 -5.1664786839028965e-17
v -0.2109375 0.84375 -5.1664786839028965e-17
v -0.19687499999999999 0.84375 0.09999999999999995
v -0.18281250000000002 0.84375 -5.1664786839028965e-17
v -0.16875000000000001 0.84375 -5.1664786839028965e-17
v -0.15468750000000001 0.84375 -5.1664786839028965e-17
v -0.140625 0.84375 -5.1664786839028965e-17
v -0.12656249999999999 0.84375 -5.1664786839028965e-17
v -0.1125 0.84375 -0.10000000000000006
v -0.098437499999999997 0.84375 -5.1664786839028965e-17
v -0.084375000000000006 0.84375 -5.1664786839028965e-17
v -0.0703125 0.84375 -5.1664786839028965e-17
v -0.056250000000000001 0.84375 -5.1664786839028965e-17
v -0.042187500000000003 0.84375 -5.1664786839028965e-17
v -0.028125000000000001 0.84375 0.09999999999999995
v -0.0140625 0.84375 -5.1664786839028965e-17
v 0 0.84375 -5.1664786839028965e-17
v 0.0140625 0.84375 -5.1664786839028965e-17
v 0.028125000000000001 0.84375 -5.1664786839028965e-17
v 0.042187500000000003 0.84375 -5.1664786839028965e-17
v 0.056250000000000001 0.84375 -0.10000000000000006
v 0.0703125 0.84375 -5.1664786839028965e-17
v 0.084375000000000006 0.84375 -5.1664786839028965e-17
v 0.098437499999999997 0.84375 -5.1664786839028965e-17
v 0.1125 0.84375 -5.1664786839028965e-17
v 0.12656249999999999 0.84375 -5.1664786839028965e-17
v 0.140625 0.84375 0.09999999999999995
v 0.15468750000000001 0.84375 -5.1664786839028965e-17
v 0.16875000000000001 0.84375 -5.1664786839028965e-17
v 0.18281250000000002 0.84375 -5.1664786839028965e-17
v 0.19687499999999999 0.84375 -5.1664786839028965e-17
v 0.2109375 0.84375 -5.1664786839028965e-17
v 0.22500000000000001 0.84375 -0.10000000000000006
v 0.23906250000000001 0.84375 -5.1664786839028965e-17
v 0.25312499999999999 0.84375 -5.1664786839028965e-17
v 0.26718750000000002 0.84375 -5.1664786839028965e-17
v 0.28125 0.84375 -5.1664786839028965e-17
v 0.29531250000000003 0.84375 -5.1664786839028965e-17
v 0.30937500000000001 0.84375 0.09999999999999995
v 0.32343749999999999 0.84375 -5.1664786839028965e-17
v 0.33750000000000002 0.84375 -5.1664786839028965e-17
v 0.3515625 0.84375 -5.1664786839028965e-17
v 0.36562500000000003 0.84375 -5.1664786839028965e-17
v 0.37968750000000001 0.84375 -5.1664786839028965e-17
v 0.39374999999999999 0.84375 -0.10000000000000006
v 0.40781250000000002 0.84375 -5.1664786839028965e-17
v 0.421875 0.84375 -5.1664786839028965e-17
v 0.43593750000000003 0.84375 -5.1664786839028965e-17
v 0.45000000000000001 0.84375 -5.1664786839028965e-17
v -0.48000000000000004 0.8125 -0.10000000000000006
v -0.46500000000000002 0.8125 -4.9751276215361222e-17
v -0.45000000000000001 0.8125 -4.9751276215361222e-17
v -0.43500000000000005 0.8125 -4.9751276215361222e-17
v -0.42000000000000004 0.8125 -4.9751276215361222e-17
v -0.40500000000000003 0.8125 -4.9751276215361222e-17
v -0.39000000000000001 0.8125 0.09999999999999995
v -0.37500000000000006 0.8125 -4.9751276215361222e-17
v -0.36000000000000004 0.8125 -4.9751276215361222e-17
v -0.34500000000000003 0.8125 -4.9751276215361222e-17
v -0.33000000000000002 0.8125 -4.9751276215361222e-17
v -0.315 0.8125 -4.9751276215361222e-17
v -0.30000000000000004 0.8125 -0.10000000000000006
v -0.28500000000000003 0.8125 -4.9751276215361222e-17
v -0.27000000000000002 0.8125 -4.9751276215361222e-17
v -0.255 0.8125 -4.9751276215361222e-17
v -0.24000000000000002 0.8125 -4.9751276215361222e-17
v -0.22500000000000001 0.8125 -4.9751276215361222e-17
v -0.21000000000000002 0.8125 0.09999999999999995
v -0.19500000000000001 0.8125 -4.9751276215361222e-17
v -0.18000000000000002 0.8125 -4.9751276215361222e-17
v -0.16500000000000001 0.8125 -4.9751276215361222e-17
v -0.15000000000000002 0.8125 -4.9751276215361222e-17
v -0.13500000000000001 0.8125 -4.9751276215361222e-17
v -0.12000000000000001 0.8125 -0.10000000000000006
v -0.10500000000000001 0.8125 -4.9751276215361222e-17
v -0.090000000000000011 0.8125 -4.9751276215361222e-17
v -0.075000000000000011 0.8125 -4.9751276215361222e-17
v -0.060000000000000005 0.8125 -4.9751276215361222e-17
v -0.045000000000000005 0.8125 -4.9751276215361222e-17
v -0.030000000000000002 0.8125 0.09999999999999995
v -0.015000000000000001 0.8125 -4.9751276215361222e-17
v 0 0.8125 -4.9751276215361222e-17
v 0.015000000000000001 0.8125 -4.9751276215361222e-17
v 0.030000000000000002 0.8125 -4.9751276215361222e-17
v 0.045000000000000005 0.8125 -4.9751276215361222e-17
v 0.060000000000000005 0.8125 -0.10000000000000006
v 0.075000000000000011 0.8125 -4.9751276215361222e-17
v 0.090000000000000011 0.8125 -4.9751276215361222e-17
v 0.10500000000000001 0.8125 -4.9751276215361222e-17
v 0.12000000000000001 0.8125 -4.9751276215361222e-17
v 0.13500000000000001 0.8125 -4.9751276215361222e-17
v 0.15000000000000002 0.8125 0.09999999999999995
v 0.16500000000000001 0.8125 -4.9751276215361222e-17
v 0.18000000000000002 0.8125 -4.9751276215361222e-17
v 0.19500000000000001 0.8125 -4.9751276215361222e-17
v 0.21000000000000002 0.8125 -4.9751276215361222e-17
v 0.22500000000000001 0.8125 -4.9751276215361222e-17
v 0.24000000000000002 0.8125 -0.10000000000000006
v 0.255 0.8125 -4.9751276215361222e-17
v 0.27000000000000002 0.8125 -4.9751276215361222e-17
v 0.28500000000000003 0.8125 -4.9751276215361222e-17
v 0.30000000000000004 0.8125 -4.9751276215361222e-17
v 0.315 0.8125 -4.9751276215361222e-17
v 0.33000000000000002 0.8125 0.09999999999999995
v 0.34500000000000003 0.8125 -4.9751276215361222e-17
v 0.36000000000000004 0.8125 -4.9751276215361222e-17
v 0.37500000000000006 0.8125 -4.9751276215361222e-17
v 0.39000000000000001 0.8125 -4.9751276215361222e-17
v 0.40500000000000003 0.8125 -4.9751276215361222e-17
v 0.42000000000000004 0.8125 -0.10000000000000006
v 0.43500000000000005 0.8125 -4.9751276215361222e-17
v 0.45000000000000001 0.8125 -4.9751276215361222e-17
v 0.46500000000000002 0.8125 -4.9751276215361222e-17
v 0.48000000000000004 0.8125 -4.9751276215361222e-17
v -0.51000000000000001 0.78125 -0.10000000000000005
v -0.49406250000000002 0.78125 -4.7837765591693485e-17
v -0.47812500000000002 0.78125 -4.7837765591693485e-17
v -0.46218750000000003 0.78125 -4.7837765591693485e-17
v -0.44625000000000004 0.78125 -4.7837765591693485e-17
v -0.43031249999999999 0.78125 -4.7837765591693485e-17
v -0.41437499999999999 0.78125 0.099999999999999964
v -0.3984375 0.78125 -4.7837765591693485e-17
v -0.38250000000000001 0.78125 -4.7837765591693485e-17
v -0.36656250000000001 0.78125 -4.7837765591693485e-17
v -0.35062500000000002 0.78125 -4.7837765591693485e-17
v -0.33468750000000003 0.78125 -4.7837765591693485e-17
v -0.31874999999999998 0.78125 -0.10000000000000005
v -0.30281249999999998 0.78125 -4.7837765591693485e-17
v -0.28687499999999999 0.78125 -4.7837765591693485e-17
v -0.2709375 0.78125 -4.7837765591693485e-17
v -0.255 0.78125 -4.7837765591693485e-17
v -0.23906250000000001 0.78125 -4.7837765591693485e-17
v -0.22312500000000002 0.78125 0.099999999999999964
v -0.2071875 0.78125 -4.7837765591693485e-17
v -0.19125 0.78125 -4.7837765591693485e-17
v -0.17531250000000001 0.78125 -4.7837765591693485e-17
v -0.15937499999999999 0.78125 -4.7837765591693485e-17
v -0.1434375 0.78125 -4.7837765591693485e-17
v -0.1275 0.78125 -0.10000000000000005
v -0.11156250000000001 0.78125 -4.7837765591693485e-17
v -0.095625000000000002 0.78125 -4.7837765591693485e-17
v -0.079687499999999994 0.78125 -4.7837765591693485e-17
v -0.063750000000000001 0.78125 -4.7837765591693485e-17
v -0.047812500000000001 0.78125 -4.7837765591693485e-17
v -0.031875000000000001 0.78125 0.099999999999999964
v -0.0159375 0.78125 -4.7837765591693485e-17
v 0 0.78125 -4.7837765591693485e-17
v 0.0159375 0.78125 -4.7837765591693485e-17
v 0.031875000000000001 0.78125 -4.7837765591693485e-17
v 0.047812500000000001 0.78125 -4.7837765591693485e-17
v 0.063750000000000001 0.78125 -0.10000000000000005
v 0.079687499999999994 0.78125 -4.7837765591693485e-17
v 0.095625000000000002 0.78125 -4.7837765591693485e-17
v 0.11156250000000001 0.78125 -4.7837765591693485e-17
v 0.1275 0.78125 -4.7837765591693485e-17
v 0.1434375 0.78125 -4.7837765591693485e-17
v 0.15937499999999999 0.78125 0.099999999999999964
v 0.17531250000000001 0.78125 -4.7837765591693485e-17
v 0.19125 0.78125 -4.7837765591693485e-17
v 0.2071875 0.78125 -4.7837765591693485e-17
v 0.22312500000000002 0.78125 -4.7837765591693485e-17
v 0.23906250000000001 0.78125 -4.7837765591693485e-17
v 0.255 0.78125 -0.10000000000000005
v 0.2709375 0.78125 -4.7837765591693485e-17
v 0.28687499999999999 0.78125 -4.7837765591693485e-17
v 0.30281249999999998 0.78125 -4.7837765591693485e-17
v 0.31874999999999998 0.78125 -4.7837765591693485e-17
v 0.33468750000000003 0.78125 -4.7837765591693485e-17
v 0.35062500000000002 0.78125 0.099999999999999964
v 0.36656250000000001 0.78125 -4.7837765591693485e-17
v 0.38250000000000001 0.78125 -4.7837765591693485e-17
v 0.3984375 0.78125 -4.7837765591693485e-17
v 0.41437499999999999 0.78125 -4.7837765591693485e-17
v 0.43031249999999999 0.78125 -4.7837765591693485e-17
v 0.44625000000000004 0.78125 -0.10000000000000005
v 0.46218750000000003 0.78125 -4.7837765591693485e-17
v 0.47812500000000002 0.78125 -4.7837765591693485e-17
v 0.49406250000000002 0.78125 -4.7837765591693485e-17
v 0.51000000000000001 0.78125 -4.7837765591693485e-17
v -0.54000000000000004 0.75 -0.10000000000000005
v -0.52312500000000006 0.75 -4.5924254968025742e-17
v -0.50625000000000009 0.75 -4.5924254968025742e-17
v -0.489375 0.75 -4.5924254968025742e-17
v -0.47250000000000003 0.75 -4.5924254968025742e-17
v -0.45562500000000006 0.75 -4.5924254968025742e-17
v -0.43875000000000003 0.75 0.099999999999999964
v -0.421875 0.75 -4.5924254968025742e-17
v -0.40500000000000003 0.75 -4.5924254968025742e-17
v -0.38812500000000005 0.75 -4.5924254968025742e-17
v -0.37125000000000002 0.75 -4.5924254968025742e-17
v -0.354375 0.75 -4.5924254968025742e-17
v -0.33750000000000002 0.75 -0.10000000000000005
v -0.32062500000000005 0.75 -4.5924254968025742e-17
v -0.30375000000000002 0.75 -4.5924254968025742e-17
v -0.28687499999999999 0.75 -4.5924254968025742e-17
v -0.27000000000000002 0.75 -4.5924254968025742e-17
v -0.25312500000000004 0.75 -4.5924254968025742e-17
v -0.23625000000000002 0.75 0.099999999999999964
v -0.21937500000000001 0.75 -4.5924254968025742e-17
v -0.20250000000000001 0.75 -4.5924254968025742e-17
v -0.18562500000000001 0.75 -4.5924254968025742e-17
v -0.16875000000000001 0.75 -4.5924254968025742e-17
v -0.15187500000000001 0.75 -4.5924254968025742e-17
v -0.13500000000000001 0.75 -0.10000000000000005
v -0.11812500000000001 0.75 -4.5924254968025742e-17
v -0.10125000000000001 0.75 -4.5924254968025742e-17
v -0.084375000000000006 0.75 -4.5924254968025742e-17
v -0.067500000000000004 0.75 -4.5924254968025742e-17
v -0.050625000000000003 0.75 -4.5924254968025742e-17
v -0.033750000000000002 0.75 0.099999999999999964
v -0.016875000000000001 0.75 -4.5924254968025742e-17
v 0 0.75 -4.5924254968025742e-17
v 0.016875000000000001 0.75 -4.5924254968025742e-17
v 0.033750000000000002 0.75 -4.5924254968025742e-17
v 0.050625000000000003 0.75 -4.5924254968025742e-17
v 0.067500000000000004 0.75 -0.10000000000000005
v 0.084375000000000006 0.75 -4.5924254968025742e-17
v 0.10125000000000001 0.75 -4.5924254968025742e-17
v 0.11812500000000001 0.75 -4.5924254968025742e-17
v 0.13500000000000001 0.75 -4.5924254968025742e-17
v 0.15187500000000001 0.75 -4.5924254968025742e-17
v 0.16875000000000001 0.75 0.099999999999999964
v 0.18562500000000001 0.75 -4.5924254968025742e-17
v 0.20250000000000001 0.75 -4.5924254968025742e-17
v 0.21937500000000001 0.75 -4.5924254968025742e-17
v 0.23625000000000002 0.75 -4.5924254968025742e-17
v 0.25312500000000004 0.75 -4.5924254968025742e-17
v 0.27000000000000002 0.75 -0.10000000000000005
v 0.28687499999999999 0.75 -4.5924254968025742e-17
v 0.30375000000000002 0.75 -4.5924254968025742e-17
v 0.32062500000000005 0.75 -4.5924254968025742e-17
v 0.33750000000000002 0.75 -4.5924254968025742e-17
v 0.354375 0.75 -4.5924254968025742e-17
v 0.37125000000000002 0.75 0.099999999999999964
v 0.38812500000000005 0.75 -4.5924254968025742e-17
v 0.40500000000000003 0.75 -4.5924254968025742e-17
v 0.421875 0.75 -4.5924254968025742e-17
v 0.43875000000000003 0.75 -4.5924254968025742e-17
v 0.45562500000000006 0.75 -4.5924254968025742e-17
v 0.47250000000000003 0.75 -0.10000000000000005
v 0.489375 0.75 -4.5924254968025742e-17
v 0.50625000000000009 0.75 -4.5924254968025742e-17
v 0.52312500000000006 0.75 -4.5924254968025742e-17
v 0.54000000000000004 0.75 -4.5924254968025742e-17
v -0.57000000000000006 0.71875 -0.10000000000000005
v -0.55218750000000005 0.71875 -4.4010744344358005e-17
v -0.53437500000000004 0.71875 -4.4010744344358005e-17
v -0.51656250000000004 0.71875 -4.4010744344358005e-17
v -0.49875000000000003 0.71875 -4.4010744344358005e-17
v -0.48093750000000007 0.71875 -4.4010744344358005e-17
v -0.46312500000000006 0.71875 0.099999999999999964
v -0.44531250000000006 0.71875 -4.4010744344358005e-17
v -0.42750000000000005 0.71875 -4.4010744344358005e-17
v -0.40968750000000004 0.71875 -4.4010744344358005e-17
v -0.39187500000000003 0.71875 -4.4010744344358005e-17
v -0.37406250000000002 0.71875 -4.4010744344358005e-17
v -0.35625000000000007 0.71875 -0.10000000000000005
v -0.33843750000000006 0.71875 -4.4010744344358005e-17
v -0.32062500000000005 0.71875 -4.4010744344358005e-17
v -0.30281250000000004 0.71875 -4.4010744344358005e-17
v -0.28500000000000003 0.71875 -4.4010744344358005e-17
v -0.26718750000000002 0.71875 -4.4010744344358005e-17
v -0.24937500000000001 0.71875 0.099999999999999964
v -0.23156250000000003 0.71875 -4.4010744344358005e-17
v -0.21375000000000002 0.71875 -4.4010744344358005e-17
v -0.19593750000000001 0.71875 -4.4010744344358005e-17
v -0.17812500000000003 0.71875 -4.4010744344358005e-17
v -0.16031250000000002 0.71875 -4.4010744344358005e-17
v -0.14250000000000002 0.71875 -0.10000000000000005
v -0.12468750000000001 0.71875 -4.4010744344358005e-17
v -0.10687500000000001 0.71875 -4.4010744344358005e-17
v -0.089062500000000017 0.71875 -4.4010744344358005e-17
v -0.071250000000000008 0.71875 -4.4010744344358005e-17
v -0.053437500000000006 0.71875 -4.4010744344358005e-17
v -0.035625000000000004 0.71875 0.099999999999999964
v -0.017812500000000002 0.71875 -4.4010744344358005e-17
v 0 0.71875 -4.4010744344358005e-17
v 0.017812500000000002 0.71875 -4.4010744344358005e-17
v 0.035625000000000004 0.71875 -4.4010744344358005e-17
v 0.053437500000000006 0.71875 -4.4010744344358005e-17
v 0.071250000000000008 0.71875 -0.10000000000000005
v 0.089062500000000017 0.71875 -4.4010744344358005e-17
v 0.10687500000000001 0.71875 -4.4010744344358005e-17
v 0.12468750000000001 0.71875 -4.4010744344358005e-17
v 0.14250000000000002 0.71875 -4.4010744344358005e-17
v 0.16031250000000002 0.71875 -4.4010744344358005e-17
v 0.17812500000000003 0.71875 0.099999999999999964
v 0.19593750000000001 0.71875 -4.4010744344358005e-17
v 0.21375000000000002 0.71875 -4.4010744344358005e-17
v 0.23156250000000003 0.71875 -4.4010744344358005e-17
v 0.24937500000000001 0.71875 -4.4010744344358005e-17
v 0.26718750000000002 0.71875 -4.4010744344358005e-17
v 0.28500000000000003 0.71875 -0.10000000000000005
v 0.30281250000000004 0.71875 -4.4010744344358005e-17
v 0.32062500000000005 0.71875 -4.4010744344358005e-17
v 0.33843750000000006 0.71875 -4.4010744344358005e-17
v 0.35625000000000007 0.71875 -4.4010744344358005e-17
v 0.37406250000000002 0.71875 -4.4010744344358005e-17
v 0.39187500000000003 0.71875 0.099999999999999964
v 0.40968750000000004 0.71875 -4.4010744344358005e-17
v 0.42750000000000005 0.71875 -4.4010744344358005e-17
v 0.44531250000000006 0.71875 -4.4010744344358005e-17
v 0.46312500000000006 0.71875 -4.4010744344358005e-17
v 0.48093750000000007 0.71875 -4.4010744344358005e-17
v 0.49875000000000003 0.71875 -0.10000000000000005
v 0.51656250000000004 0.71875 -4.4010744344358005e-17
v 0.53437500000000004 0.71875 -4.4010744344358005e-17
v 0.55218750000000005 0.71875 -4.4010744344358005e-17
v 0.57000000000000006 0.71875 -4.4010744344358005e-17
v -0.60000000000000009 0.6875 -0.10000000000000005
v -0.58125000000000004 0.6875 -4.2097233720690269e-17
v -0.56250000000000011 0.6875 -4.2097233720690269e-17
v -0.54375000000000007 0.6875 -4.2097233720690269e-17
v -0.52500000000000013 0.6875 -4.2097233720690269e-17
v -0.50625000000000009 0.6875 -4.2097233720690269e-17
v -0.48750000000000004 0.6875 0.099999999999999964
v -0.46875000000000006 0.6875 -4.2097233720690269e-17
v -0.45000000000000007 0.6875 -4.2097233720690269e-17
v -0.43125000000000008 0.6875 -4.2097233720690269e-17
v -0.41250000000000009 0.6875 -4.2097233720690269e-17
v -0.39375000000000004 0.6875 -4.2097233720690269e-17
v -0.37500000000000006 0.6875 -0.10000000000000005
v -0.35625000000000007 0.6875 -4.2097233720690269e-17
v -0.33750000000000002 0.6875 -4.2097233720690269e-17
v -0.31875000000000003 0.6875 -4.2097233720690269e-17
v -0.30000000000000004 0.6875 -4.2097233720690269e-17
v -0.28125000000000006 0.6875 -4.2097233720690269e-17
v -0.26250000000000007 0.6875 0.099999999999999964
v -0.24375000000000002 0.6875 -4.2097233720690269e-17
v -0.22500000000000003 0.6875 -4.2097233720690269e-17
v -0.20625000000000004 0.6875 -4.2097233720690269e-17
v -0.18750000000000003 0.6875 -4.2097233720690269e-17
v -0.16875000000000001 0.6875 -4.2097233720690269e-17
v -0.15000000000000002 0.6875 -0.10000000000000005
v -0.13125000000000003 0.6875 -4.2097233720690269e-17
v -0.11250000000000002 0.6875 -4.2097233720690269e-17
v -0.093750000000000014 0.6875 -4.2097233720690269e-17
v -0.075000000000000011 0.6875 -4.2097233720690269e-17
v -0.056250000000000008 0.6875 -4.2097233720690269e-17
v -0.037500000000000006 0.6875 0.099999999999999964
v -0.018750000000000003 0.6875 -4.2097233720690269e-17
v 0 0.6875 -4.2097233720690269e-17
v 0.018750000000000003 0.6875 -4.2097233720690269e-17
v 0.037500000000000006 0.6875 -4.2097233720690269e-17
v 0.056250000000000008 0.6875 -4.2097233720690269e-17
v 0.075000000000000011 0.6875 -0.10000000000000005
v 0.093750000000000014 0.6875 -4.2097233720690269e-17
v 0.11250000000000002 0.6875 -4.2097233720690269e-17
v 0.13125000000000003 0.6875 -4.2097233720690269e-17
v 0.15000000000000002 0.6875 -4.2097233720690269e-17
v 0.16875000000000001 0.6875 -4.2097233720690269e-17
v 0.18750000000000003 0.6875 0.099999999999999964
v 0.20625000000000004 0.6875 -4.2097233720690269e-17
v 0.22500000000000003 0.6875 -4.2097233720690269e-17
v 0.24375000000000002 0.6875 -4.2097233720690269e-17
v 0.26250000000000007 0.6875 -4.2097233720690269e-17
v 0.28125000000000006 0.6875 -4.2097233720690269e-17
v 0.30000000000000004 0.6875 -0.10000000000000005
v 0.31875000000000003 0.6875 -4.2097233720690269e-17
v 0.33750000000000002 0.6875 -4.2097233720690269e-17
v 0.35625000000000007 0.6875 -4.2097233720690269e-17
v 0.37500000000000006 0.6875 -4.2097233720690269e-17
v 0.39375000000000004 0.6875 -4.2097233720690269e-17
v 0.41250000000000009 0.6875 0.099999999999999964
v 0.43125000000000008 0.6875 -4.2097233720690269e-17
v 0.45000000000000007 0.6875 -4.2097233720690269e-17
v 0.46875000000000006 0.6875 -4.2097233720690269e-17
v 0.48750000000000004 0.6875 -4.2097233720690269e-17
v 0.50625000000000009 0.6875 -4.2097233720690269e-17
v 0.52500000000000013 0.6875 -0.10000000000000005
v 0.54375000000000007 0.6875 -4.2097233720690269e-17
v 0.56250000000000011 0.6875 -4.2097233720690269e-17
v 0.58125000000000004 0.6875 -4.2097233720690269e-17
v 0.60000000000000009 0.6875 -4.2097233720690269e-17
v -0.63000000000000012 0.65625 -0.10000000000000005
v -0.61031250000000015 0.65625 -4.0183723097022526e-17
v -0.59062500000000007 0.65625 -4.0183723097022526e-17
v -0.5709375000000001 0.65625 -4.0183723097022526e-17
v -0.55125000000000013 0.65625 -4.0183723097022526e-17
v -0.53156250000000005 0.65625 -4.0183723097022526e-17
v -0.51187500000000008 0.65625 0.099999999999999964
v -0.49218750000000011 0.65625 -4.0183723097022526e-17
v -0.47250000000000009 0.65625 -4.0183723097022526e-17
v -0.45281250000000006 0.65625 -4.0183723097022526e-17
v -0.43312500000000009 0.65625 -4.0183723097022526e-17
v -0.41343750000000007 0.65625 -4.0183723097022526e-17
v -0.39375000000000004 0.65625 -0.10000000000000005
v -0.37406250000000008 0.65625 -4.0183723097022526e-17
v -0.35437500000000005 0.65625 -4.0183723097022526e-17
v -0.33468750000000008 0.65625 -4.0183723097022526e-17
v -0.31500000000000006 0.65625 -4.0183723097022526e-17
v -0.29531250000000003 0.65625 -4.0183723097022526e-17
v -0.27562500000000006 0.65625 0.099999999999999964
v -0.25593750000000004 0.65625 -4.0183723097022526e-17
v -0.23625000000000004 0.65625 -4.0183723097022526e-17
v -0.21656250000000005 0.65625 -4.0183723097022526e-17
v -0.19687500000000002 0.65625 -4.0183723097022526e-17
v -0.17718750000000003 0.65625 -4.0183723097022526e-17
v -0.15750000000000003 0.65625 -0.10000000000000005
v -0.13781250000000003 0.65625 -4.0183723097022526e-17
v -0.11812500000000002 0.65625 -4.0183723097022526e-17
v -0.098437500000000011 0.65625 -4.0183723097022526e-17
v -0.078750000000000014 0.65625 -4.0183723097022526e-17
v -0.059062500000000011 0.65625 -4.0183723097022526e-17
v -0.039375000000000007 0.65625 0.099999999999999964
v -0.019687500000000004 0.65625 -4.0183723097022526e-17
v 0 0.65625 -4.0183723097022526e-17
v 0.019687500000000004 0.65625 -4.0183723097022526e-17
v 0.039375000000000007 0.65625 -4.0183723097022526e-17
v 0.059062500000000011 0.65625 -4.0183723097022526e-17
v 0.078750000000000014 0.65625 -0.10000000000000005
v 0.098437500000000011 0.65625 -4.0183723097022526e-17
v 0.11812500000000002 0.65625 -4.0183723097022526e-17
v 0.13781250000000003 0.65625 -4.0183723097022526e-17
v 0.15750000000000003 0.65625 -4.0183723097022526e-17
v 0.17718750000000003 0.65625 -4.0183723097022526e-17
v 0.19687500000000002 0.65625 0.099999999999999964
v 0.21656250000000005 0.65625 -4.0183723097022526e-17
v 0.23625000000000004 0.65625 -4.0183723097022526e-17
v 0.25593750000000004 0.65625 -4.0183723097022526e-17
v 0.27562500000000006 0.65625 -4.0183723097022526e-17
v 0.29531250000000003 0.65625 -4.0183723097022526e-17
v 0.31500000000000006 0.65625 -0.10000000000000005
v 0.33468750000000008 0.65625 -4.0183723097022526e-17
v 0.35437500000000005 0.65625 -4.0183723097022526e-17
v 0.37406250000000008 0.65625 -4.0183723097022526e-17
v 0.39375000000000004 0.65625 -4.0183723097022526e-17
v 0.41343750000000007 0.65625 -4.0183723097022526e-17
v 0.43312500000000009 0.65625 0.099999999999999964
v 0.45281250000000006 0.65625 -4.0183723097022526e-17
v 0.47250000000000009 0.65625 -4.0183723097022526e-17
v 0.49218750000000011 0.65625 -4.0183723097022526e-17
v 0.51187500000000008 0.65625 -4.0183723097022526e-17
v 0.53156250000000005 0.65625 -4.0183723097022526e-17
v 0.55125000000000013 0.65625 -0.10000000000000005
v 0.5709375000000001 0.65625 -4.0183723097022526e-17
v 0.59062500000000007 0.65625 -4.0183723097022526e-17
v 0.61031250000000015 0.65625 -4.0183723097022526e-17
v 0.63000000000000012 0.65625 -4.0183723097022526e-17
v -0.66000000000000014 0.625 -0.10000000000000005
v -0.63937500000000014 0.625 -3.8270212473354789e-17
v -0.61875000000000013 0.625 -3.8270212473354789e-17
v -0.59812500000000013 0.625 -3.8270212473354789e-17
v -0.57750000000000012 0.625 -3.8270212473354789e-17
v -0.55687500000000012 0.625 -3.8270212473354789e-17
v -0.53625000000000012 0.625 0.099999999999999964
v -0.51562500000000011 0.625 -3.8270212473354789e-17
v -0.49500000000000011 0.625 -3.8270212473354789e-17
v -0.4743750000000001 0.625 -3.8270212473354789e-17
v -0.4537500000000001 0.625 -3.8270212473354789e-17
v -0.43312500000000009 0.625 -3.8270212473354789e-17
v -0.41250000000000009 0.625 -0.10000000000000005
v -0.39187500000000008 0.625 -3.8270212473354789e-17
v -0.37125000000000008 0.625 -3.8270212473354789e-17
v -0.35062500000000008 0.625 -3.8270212473354789e-17
v -0.33000000000000007 0.625 -3.8270212473354789e-17
v -0.30937500000000007 0.625 -3.8270212473354789e-17
v -0.28875000000000006 0.625 0.099999999999999964
v -0.26812500000000006 0.625 -3.8270212473354789e-17
v -0.24750000000000005 0.625 -3.8270212473354789e-17
v -0.22687500000000005 0.625 -3.8270212473354789e-17
v -0.20625000000000004 0.625 -3.8270212473354789e-17
v -0.18562500000000004 0.625 -3.8270212473354789e-17
v -0.16500000000000004 0.625 -0.10000000000000005
v -0.14437500000000003 0.625 -3.8270212473354789e-17
v -0.12375000000000003 0.625 -3.8270212473354789e-17
v -0.10312500000000002 0.625 -3.8270212473354789e-17
v -0.082500000000000018 0.625 -3.8270212473354789e-17
v -0.061875000000000013 0.625 -3.8270212473354789e-17
v -0.041250000000000009 0.625 0.099999999999999964
v -0.020625000000000004 0.625 -3.8270212473354789e-17
v 0 0.625 -3.8270212473354789e-17
v 0.020625000000000004 0.625 -3.8270212473354789e-17
v 0.041250000000000009 0.625 -3.8270212473354789e-17
v 0.061875000000000013 0.625 -3.8270212473354789e-17
v 0.082500000000000018 0.625 -0.10000000000000005
v 0.10312500000000002 0.625 -3.8270212473354789e-17
v 0.12375000000000003 0.625 -3.8270212473354789e-17
v 0.14437500000000003 0.625 -3.8270212473354789e-17
v 0.16500000000000004 0.625 -3.8270212473354789e-17
v 0.18562500000000004 0.625 -3.8270212473354789e-17
v 0.20625000000000004 0.625 0.099999999999999964
v 0.22687500000000005 0.625 -3.8270212473354789e-17
v 0.24750000000000005 0.625 -3.8270212473354789e-17
v 0.26812500000000006 0.625 -3.8270212473354789e-17
v 0.28875000000000006 0.625 -3.8270212473354789e-17
v 0.30937500000000007 0.625 -3.8270212473354789e-17
v 0.33000000000000007 0.625 -0.10000000000000005
v 0.35062500000000008 0.625 -3.8270212473354789e-17
v 0.37125000000000008 0.625 -3.8270212473354789e-17
v 0.39187500000000008 0.625 -3.8270212473354789e-17
v 0.41250000000000009 0.625 -3.8270212473354789e-17
v 0.43312500000000009 0.625 -3.8270212473354789e-17
v 0.4537500000000001 0.625 0.099999999999999964
v 0.4743750000000001 0.625 -3.8270212473354789e-17
v 0.49500000000000011 0.625 -3.8270212473354789e-17
v 0.51562500000000011 0.625 -3.8270212473354789e-17
v 0.53625000000000012 0.625 -3.8270212473354789e-17
v 0.55687500000000012 0.625 -3.8270212473354789e-17
v 0.57750000000000012 0.625 -0.10000000000000005
v 0.59812500000000013 0.625 -3.8270212473354789e-17
v 0.61875000000000013 0.625 -3.8270212473354789e-17
v 0.63937500000000014 0.625 -3.8270212473354789e-17
v 0.66000000000000014 0.625 -3.8270212473354789e-17
v -0.69000000000000006 0.59375 -0.10000000000000005
v -0.66843750000000002 0.59375 -3.6356701849687046e-17
v -0.64687500000000009 0.59375 -3.6356701849687046e-17
v -0.62531250000000005 0.59375 -3.6356701849687046e-17
v -0.60375000000000001 0.59375 -3.6356701849687046e-17
v -0.58218750000000008 0.59375 -3.6356701849687046e-17
v -0.56062500000000004 0.59375 0.099999999999999964
v -0.5390625 0.59375 -3.6356701849687046e-17
v -0.51750000000000007 0.59375 -3.6356701849687046e-17
v -0.49593750000000003 0.59375 -3.6356701849687046e-17
v -0.47437500000000005 0.59375 -3.6356701849687046e-17
v -0.45281250000000006 0.59375 -3.6356701849687046e-17
v -0.43125000000000002 0.59375 -0.10000000000000005
v -0.40968750000000004 0.59375 -3.6356701849687046e-17
v -0.38812500000000005 0.59375 -3.6356701849687046e-17
v -0.36656250000000001 0.59375 -3.6356701849687046e-17
v -0.34500000000000003 0.59375 -3.6356701849687046e-17
v -0.32343750000000004 0.59375 -3.6356701849687046e-17
v -0.301875 0.59375 0.099999999999999964
v -0.28031250000000002 0.59375 -3.6356701849687046e-17
v -0.25875000000000004 0.59375 -3.6356701849687046e-17
v -0.23718750000000002 0.59375 -3.6356701849687046e-17
v -0.21562500000000001 0.59375 -3.6356701849687046e-17
v -0.19406250000000003 0.59375 -3.6356701849687046e-17
v -0.17250000000000001 0.59375 -0.10000000000000005
v -0.1509375 0.59375 -3.6356701849687046e-17
v -0.12937500000000002 0.59375 -3.6356701849687046e-17
v -0.10781250000000001 0.59375 -3.6356701849687046e-17
v -0.086250000000000007 0.59375 -3.6356701849687046e-17
v -0.064687500000000009 0.59375 -3.6356701849687046e-17
v -0.043125000000000004 0.59375 0.099999999999999964
v -0.021562500000000002 0.59375 -3.6356701849687046e-17
v 0 0.59375 -3.6356701849687046e-17
v 0.021562500000000002 0.59375 -3.6356701849687046e-17
v 0.043125000000000004 0.59375 -3.6356701849687046e-17
v 0.064687500000000009 0.59375 -3.6356701849687046e-17
v 0.086250000000000007 0.59375 -0.10000000000000005
v 0.10781250000000001 0.59375 -3.6356701849687046e-17
v 0.12937500000000002 0.59375 -3.6356701849687046e-17
v 0.1509375 0.59375 -3.6356701849687046e-17
v 0.17250000000000001 0.59375 -3.6356701849687046e-17
v 0.19406250000000003 0.59375 -3.6356701849687046e-17
v 0.21562500000000001 0.59375 0.099999999999999964
v 0.23718750000000002 0.59375 -3.6356701849687046e-17
v 0.25875000000000004 0.59375 -3.6356701849687046e-17
v 0.28031250000000002 0.59375 -3.6356701849687046e-17
v 0.301875 0.59375 -3.6356701849687046e-17
v 0.32343750000000004 0.59375 -3.6356701849687046e-17
v 0.34500000000000003 0.59375 -0.10000000000000005
v 0.36656250000000001 0.59375 -3.6356701849687046e-17
v 0.38812500000000005 0.59375 -3.6356701849687046e-17
v 0.40968750000000004 0.59375 -3.6356701849687046e-17
v 0.43125000000000002 0.59375 -3.6356701849687046e-17
v 0.45281250000000006 0.59375 -3.6356701849687046e-17
v 0.47437500000000005 0.59375 0.099999999999999964
v 0.49593750000000003 0.59375 -3.6356701849687046e-17
v 0.51750000000000007 0.59375 -3.6356701849687046e-17
v 0.5390625 0.59375 -3.6356701849687046e-17
v 0.56062500000000004 0.59375 -3.6356701849687046e-17
v 0.58218750000000008 0.59375 -3.6356701849687046e-17
v 0.60375000000000001 0.59375 -0.10000000000000005
v 0.62531250000000005 0.59375 -3.6356701849687046e-17
v 0.64687500000000009 0.59375 -3.6356701849687046e-17
v 0.66843750000000002 0.59375 -3.6356701849687046e-17
v 0.69000000000000006 0.59375 -3.6356701849687046e-17
v -0.72000000000000008 0.5625 -0.10000000000000003
v -0.69750000000000012 0.5625 -3.444319122601931e-17
v -0.67500000000000004 0.5625 -3.444319122601931e-17
v -0.65250000000000008 0.5625 -3.444319122601931e-17
v -0.63000000000000012 0.5625 -3.444319122601931e-17
v -0.60750000000000004 0.5625 -3.444319122601931e-17
v -0.58500000000000008 0.5625 0.099999999999999978
v -0.56250000000000011 0.5625 -3.444319122601931e-17
v -0.54000000000000004 0.5625 -3.444319122601931e-17
v -0.51750000000000007 0.5625 -3.444319122601931e-17
v -0.49500000000000005 0.5625 -3.444319122601931e-17
v -0.47250000000000003 0.5625 -3.444319122601931e-17
v -0.45000000000000007 0.5625 -0.10000000000000003
v -0.42750000000000005 0.5625 -3.444319122601931e-17
v -0.40500000000000003 0.5625 -3.444319122601931e-17
v -0.38250000000000006 0.5625 -3.444319122601931e-17
v -0.36000000000000004 0.5625 -3.444319122601931e-17
v -0.33750000000000002 0.5625 -3.444319122601931e-17
v -0.31500000000000006 0.5625 0.099999999999999978
v -0.29250000000000004 0.5625 -3.444319122601931e-17
v -0.27000000000000002 0.5625 -3.444319122601931e-17
v -0.24750000000000003 0.5625 -3.444319122601931e-17
v -0.22500000000000003 0.5625 -3.444319122601931e-17
v -0.20250000000000001 0.5625 -3.444319122601931e-17
v -0.18000000000000002 0.5625 -0.10000000000000003
v -0.15750000000000003 0.5625 -3.444319122601931e-17
v -0.13500000000000001 0.5625 -3.444319122601931e-17
v -0.11250000000000002 0.5625 -3.444319122601931e-17
v -0.090000000000000011 0.5625 -3.444319122601931e-17
v -0.067500000000000004 0.5625 -3.444319122601931e-17
v -0.045000000000000005 0.5625 0.099999999999999978
v -0.022500000000000003 0.5625 -3.444319122601931e-17
v 0 0.5625 -3.444319122601931e-17
v 0.022500000000000003 0.5625 -3.444319122601931e-17
v 0.045000000000000005 0.5625 -3.444319122601931e-17
v 0.067500000000000004 0.5625 -3.444319122601931e-17
v 0.090000000000000011 0.5625 -0.10000000000000003
v 0.11250000000000002 0.5625 -3.444319122601931e-17
v 0.13500000000000001 0.5625 -3.444319122601931e-17
v 0.15750000000000003 0.5625 -3.444319122601931e-17
v 0.18000000000000002 0.5625 -3.444319122601931e-17
v 0.20250000000000001 0.5625 -3.444319122601931e-17
v 0.22500000000000003 0.5625 0.099999999999999978
v 0.24750000000000003 0.5625 -3.444319122601931e-17
v 0.27000000000000002 0.5625 -3.444319122601931e-17
v 0.29250000000000004 0.5625 -3.444319122601931e-17
v 0.31500000000000006 0.5625 -3.444319122601931e-17
v 0.33750000000000002 0.5625 -3.444319122601931e-17
v 0.36000000000000004 0.5625 -0.10000000000000003
v 0.38250000000000006 0.5625 -3.444319122601931e-17
v 0.40500000000000003 0.5625 -3.444319122601931e-17
v 0.42750000000000005 0.5625 -3.444319122601931e-17
v 0.45000000000000007 0.5625 -3.444319122601931e-17
v 0.47250000000000003 0.5625 -3.444319122601931e-17
v 0.49500000000000005 0.5625 0.099999999999999978
v 0.51750000000000007 0.5625 -3.444319122601931e-17
v 0.54000000000000004 0.5625 -3.444319122601931e-17
v 0.56250000000000011 0.5625 -3.444319122601931e-17
v 0.58500000000000008 0.5625 -3.444319122601931e-17
v 0.60750000000000004 0.5625 -3.444319122601931e-17
v 0.63000000000000012 0.5625 -0.10000000000000003
v 0.65250000000000008 0.5625 -3.444319122601931e-17
v 0.67500000000000004 0.5625 -3.444319122601931e-17
v 0.69750000000000012 0.5625 -3.444319122601931e-17
v 0.72000000000000008 0.5625 -3.444319122601931e-17
v -0.75 0.53125 -0.10000000000000003
v -0.7265625 0.53125 -3.2529680602351567e-17
v -0.703125 0.53125 -3.2529680602351567e-17
v -0.6796875 0.53125 -3.2529680602351567e-17
v -0.65625 0.53125 -3.2529680602351567e-17
v -0.6328125 0.53125 -3.2529680602351567e-17
v -0.609375 0.53125 0.099999999999999978
v -0.5859375 0.53125 -3.2529680602351567e-17
v -0.5625 0.53125 -3.2529680602351567e-17
v -0.5390625 0.53125 -3.2529680602351567e-17
v -0.515625 0.53125 -3.2529680602351567e-17
v -0.4921875 0.53125 -3.2529680602351567e-17
v -0.46875 0.53125 -0.10000000000000003
v -0.4453125 0.53125 -3.2529680602351567e-17
v -0.421875 0.53125 -3.2529680602351567e-17
v -0.3984375 0.53125 -3.2529680602351567e-17
v -0.375 0.53125 -3.2529680602351567e-17
v -0.3515625 0.53125 -3.2529680602351567e-17
v -0.328125 0.53125 0.099999999999999978
v -0.3046875 0.53125 -3.2529680602351567e-17
v -0.28125 0.53125 -3.2529680602351567e-17
v -0.2578125 0.53125 -3.2529680602351567e-17
v -0.234375 0.53125 -3.2529680602351567e-17
v -0.2109375 0.53125 -3.2529680602351567e-17
v -0.1875 0.53125 -0.10000000000000003
v -0.1640625 0.53125 -3.2529680602351567e-17
v -0.140625 0.53125 -3.2529680602351567e-17
v -0.1171875 0.53125 -3.2529680602351567e-17
v -0.09375 0.53125 -3.2529680602351567e-17
v -0.0703125 0.53125 -3.2529680602351567e-17
v -0.046875 0.53125 0.099999999999999978
v -0.0234375 0.53125 -3.2529680602351567e-17
v 0 0.53125 -3.2529680602351567e-17
v 0.0234375 0.53125 -3.2529680602351567e-17
v 0.046875 0.53125 -3.2529680602351567e-17
v 0.0703125 0.53125 -3.2529680602351567e-17
v 0.09375 0.53125 -0.10000000000000003
v 0.1171875 0.53125 -3.2529680602351567e-17
v 0.140625 0.53125 -3.2529680602351567e-17
v 0.1640625 0.53125 -3.2529680602351567e-17
v 0.1875 0.53125 -3.2529680602351567e-17
v 0.2109375 0.53125 -3.2529680602351567e-17
v 0.234375 0.53125 0.099999999999999978
v 0.2578125 0.53125 -3.2529680602351567e-17
v 0.28125 0.53125 -3.2529680602351567e-17
v 0.3046875 0.53125 -3.2529680602351567e-17
v 0.328125 0.53125 -3.2529680602351567e-17
v 0.3515625 0.53125 -3.2529680602351567e-17
v 0.375 0.53125 -0.10000000000000003
v 0.3984375 0.53125 -3.2529680602351567e-17
v 0.421875 0.53125 -3.2529680602351567e-17
v 0.4453125 0.53125 -3.2529680602351567e-17
v 0.46875 0.53125 -3.2529680602351567e-17
v 0.4921875 0.53125 -3.2529680602351567e-17
v 0.515625 0.53125 0.099999999999999978
v 0.5390625 0.53125 -3.2529680602351567e-17
v 0.5625 0.53125 -3.2529680602351567e-17
v 0.5859375 0.53125 -3.2529680602351567e-17
v 0.609375 0.53125 -3.2529680602351567e-17
v 0.6328125 0.53125 -3.2529680602351567e-17
v 0.65625 0.53125 -0.10000000000000003
v 0.6796875 0.53125 -3.2529680602351567e-17
v 0.703125 0.53125 -3.2529680602351567e-17
v 0.7265625 0.53125 -3.2529680602351567e-17
v 0.75 0.53125 -3.2529680602351567e-17
v -0.78000000000000003 0.5 -0.10000000000000003
v -0.75562499999999999 0.5 -3.061616997868383e-17
v -0.73125000000000007 0.5 -3.061616997868383e-17
v -0.70687500000000003 0.5 -3.061616997868383e-17
v -0.6825 0.5 -3.061616997868383e-17
v -0.65812500000000007 0.5 -3.061616997868383e-17
v -0.63375000000000004 0.5 0.099999999999999978
v -0.609375 0.5 -3.061616997868383e-17
v -0.58499999999999996 0.5 -3.061616997868383e-17
v -0.56062500000000004 0.5 -3.061616997868383e-17
v -0.53625 0.5 -3.061616997868383e-17
v -0.51187499999999997 0.5 -3.061616997868383e-17
v -0.48750000000000004 0.5 -0.10000000000000003
v -0.46312500000000001 0.5 -3.061616997868383e-17
v -0.43875000000000003 0.5 -3.061616997868383e-17
v -0.41437499999999999 0.5 -3.061616997868383e-17
v -0.39000000000000001 0.5 -3.061616997868383e-17
v -0.36562500000000003 0.5 -3.061616997868383e-17
v -0.34125 0.5 0.099999999999999978
v -0.31687500000000002 0.5 -3.061616997868383e-17
v -0.29249999999999998 0.5 -3.061616997868383e-17
v -0.268125 0.5 -3.061616997868383e-17
v -0.24375000000000002 0.5 -3.061616997868383e-17
v -0.21937500000000001 0.5 -3.061616997868383e-17
v -0.19500000000000001 0.5 -0.10000000000000003
v -0.170625 0.5 -3.061616997868383e-17
v -0.14624999999999999 0.5 -3.061616997868383e-17
v -0.12187500000000001 0.5 -3.061616997868383e-17
v -0.097500000000000003 0.5 -3.061616997868383e-17
v -0.073124999999999996 0.5 -3.061616997868383e-17
v -0.048750000000000002 0.5 0.099999999999999978
v -0.024375000000000001 0.5 -3.061616997868383e-17
v 0 0.5 -3.061616997868383e-17
v 0.024375000000000001 0.5 -3.061616997868383e-17
v 0.048750000000000002 0.5 -3.061616997868383e-17
v 0.073124999999999996 0.5 -3.061616997868383e-17
v 0.097500000000000003 0.5 -0.10000000000000003
v 0.12187500000000001 0.5 -3.061616997868383e-17
v 0.14624999999999999 0.5 -3.061616997868383e-17
v 0.170625 0.5 -3.061616997868383e-17
v 0.19500000000000001 0.5 -3.061616997868383e-17
v 0.21937500000000001 0.5 -3.061616997868383e-17
v 0.24375000000000002 0.5 0.099999999999999978
v 0.268125 0.5 -3.061616997868383e-17
v 0.29249999999999998 0.5 -3.061616997868383e-17
v 0.31687500000000002 0.5 -3.061616997868383e-17
v 0.34125 0.5 -3.061616997868383e-17
v 0.36562500000000003 0.5 -3.061616997868383e-17
v 0.39000000000000001 0.5 -0.10000000000000003
v 0.41437499999999999 0.5 -3.061616997868383e-17
v 0.43875000000000003 0.5 -3.061616997868383e-17
v 0.46312500000000001 0.5 -3.061616997868383e-17
v 0.48750000000000004 0.5 -3.061616997868383e-17
v 0.51187499999999997 0.5 -3.061616997868383e-17
v 0.53625 0.5 0.099999999999999978
v 0.56062500000000004 0.5 -3.061616997868383e-17
v 0.58499999999999996 0.5 -3.061616997868383e-17
v 0.609375 0.5 -3.061616997868383e-17
v 0.63375000000000004 0.5 -3.061616997868383e-17
v 0.65812500000000007 0.5 -3.061616997868383e-17
v 0.6825 0.5 -0.10000000000000003
v 0.70687500000000003 0.5 -3.061616997868383e-17
v 0.73125000000000007 0.5 -3.061616997868383e-17
v 0.75562499999999999 0.5 -3.061616997868383e-17
v 0.78000000000000003 0.5 -3.061616997868383e-17
v -0.81000000000000005 0.46875 -0.10000000000000003
v -0.78468750000000009 0.46875 -2.8702659355016093e-17
v -0.75937500000000002 0.46875 -2.8702659355016093e-17
v -0.73406250000000006 0.46875 -2.8702659355016093e-17
v -0.70874999999999999 0.46875 -2.8702659355016093e-17
v -0.68343750000000003 0.46875 -2.8702659355016093e-17
v -0.65812500000000007 0.46875 0.099999999999999978
v -0.6328125 0.46875 -2.8702659355016093e-17
v -0.60750000000000004 0.46875 -2.8702659355016093e-17
v -0.58218750000000008 0.46875 -2.8702659355016093e-17
v -0.55687500000000001 0.46875 -2.8702659355016093e-17
v -0.53156250000000005 0.46875 -2.8702659355016093e-17
v -0.50625000000000009 0.46875 -0.10000000000000003
v -0.48093750000000002 0.46875 -2.8702659355016093e-17
v -0.45562500000000006 0.46875 -2.8702659355016093e-17
v -0.43031250000000004 0.46875 -2.8702659355016093e-17
v -0.40500000000000003 0.46875 -2.8702659355016093e-17
v -0.37968750000000001 0.46875 -2.8702659355016093e-17
v -0.354375 0.46875 0.099999999999999978
v -0.32906250000000004 0.46875 -2.8702659355016093e-17
v -0.30375000000000002 0.46875 -2.8702659355016093e-17
v -0.2784375 0.46875 -2.8702659355016093e-17
v -0.25312500000000004 0.46875 -2.8702659355016093e-17
v -0.22781250000000003 0.46875 -2.8702659355016093e-17
v -0.20250000000000001 0.46875 -0.10000000000000003
v -0.1771875 0.46875 -2.8702659355016093e-17
v -0.15187500000000001 0.46875 -2.8702659355016093e-17
v -0.12656250000000002 0.46875 -2.8702659355016093e-17
v -0.10125000000000001 0.46875 -2.8702659355016093e-17
v -0.075937500000000005 0.46875 -2.8702659355016093e-17
v -0.050625000000000003 0.46875 0.099999999999999978
v -0.025312500000000002 0.46875 -2.8702659355016093e-17
v 0 0.46875 -2.8702659355016093e-17
v 0.025312500000000002 0.46875 -2.8702659355016093e-17
v 0.050625000000000003 0.46875 -2.8702659355016093e-17
v 0.075937500000000005 0.46875 -2.8702659355016093e-17
v 0.10125000000000001 0.46875 -0.10000000000000003
v 0.12656250000000002 0.46875 -2.8702659355016093e-17
v 0.15187500000000001 0.46875 -2.8702659355016093e-17
v 0.1771875 0.46875 -2.8702659355016093e-17
v 0.20250000000000001 0.46875 -2.8702659355016093e-17
v 0.22781250000000003 0.46875 -2.8702659355016093e-17
v 0.25312500000000004 0.46875 0.099999999999999978
v 0.2784375 0.46875 -2.8702659355016093e-17
v 0.30375000000000002 0.46875 -2.8702659355016093e-17
v 0.32906250000000004 0.46875 -2.8702659355016093e-17
v 0.354375 0.46875 -2.8702659355016093e-17
v 0.37968750000000001 0.46875 -2.8702659355016093e-17
v 0.40500000000000003 0.46875 -0.10000000000000003
v 0.43031250000000004 0.46875 -2.8702659355016093e-17
v 0.45562500000000006 0.46875 -2.8702659355016093e-17
v 0.48093750000000002 0.46875 -2.8702659355016093e-17
v 0.50625000000000009 0.46875 -2.8702659355016093e-17
v 0.53156250000000005 0.46875 -2.8702659355016093e-17
v 0.55687500000000001 0.46875 0.099999999999999978
v 0.58218750000000008 0.46875 -2.8702659355016093e-17
v 0.60750000000000004 0.46875 -2.8702659355016093e-17
v 0.6328125 0.46875 -2.8702659355016093e-17
v 0.65812500000000007 0.46875 -2.8702659355016093e-17
v 0.68343750000000003 0.46875 -2.8702659355016093e-17
v 0.70874999999999999 0.46875 -0.10000000000000003
v 0.73406250000000006 0.46875 -2.8702659355016093e-17
v 0.75937500000000002 0.46875 -2.8702659355016093e-17
v 0.78468750000000009 0.46875 -2.8702659355016093e-17
v 0.81000000000000005 0.46875 -2.8702659355016093e-17
v -0.84000000000000008 0.4375 -0.10000000000000003
v -0.81375000000000008 0.4375 -2.6789148731348351e-17
v -0.78750000000000009 0.4375 -2.6789148731348351e-17
v -0.76125000000000009 0.4375 -2.6789148731348351e-17
v -0.7350000000000001 0.4375 -2.6789148731348351e-17
v -0.7087500000000001 0.4375 -2.6789148731348351e-17
v -0.68250000000000011 0.4375 0.099999999999999978
v -0.65625000000000011 0.4375 -2.6789148731348351e-17
v -0.63000000000000012 0.4375 -2.6789148731348351e-17
v -0.60375000000000001 0.4375 -2.6789148731348351e-17
v -0.57750000000000001 0.4375 -2.6789148731348351e-17
v -0.55125000000000002 0.4375 -2.6789148731348351e-17
v -0.52500000000000002 0.4375 -0.10000000000000003
v -0.49875000000000003 0.4375 -2.6789148731348351e-17
v -0.47250000000000003 0.4375 -2.6789148731348351e-17
v -0.44625000000000004 0.4375 -2.6789148731348351e-17
v -0.42000000000000004 0.4375 -2.6789148731348351e-17
v -0.39375000000000004 0.4375 -2.6789148731348351e-17
v -0.36750000000000005 0.4375 0.099999999999999978
v -0.34125000000000005 0.4375 -2.6789148731348351e-17
v -0.31500000000000006 0.4375 -2.6789148731348351e-17
v -0.28875000000000001 0.4375 -2.6789148731348351e-17
v -0.26250000000000001 0.4375 -2.6789148731348351e-17
v -0.23625000000000002 0.4375 -2.6789148731348351e-17
v -0.21000000000000002 0.4375 -0.10000000000000003
v -0.18375000000000002 0.4375 -2.6789148731348351e-17
v -0.15750000000000003 0.4375 -2.6789148731348351e-17
v -0.13125000000000001 0.4375 -2.6789148731348351e-17
v -0.10500000000000001 0.4375 -2.6789148731348351e-17
v -0.078750000000000014 0.4375 -2.6789148731348351e-17
v -0.052500000000000005 0.4375 0.099999999999999978
v -0.026250000000000002 0.4375 -2.6789148731348351e-17
v 0 0.4375 -2.6789148731348351e-17
v 0.026250000000000002 0.4375 -2.6789148731348351e-17
v 0.052500000000000005 0.4375 -2.6789148731348351e-17
v 0.078750000000000014 0.4375 -2.6789148731348351e-17
v 0.10500000000000001 0.4375 -0.10000000000000003
v 0.13125000000000001 0.4375 -2.6789148731348351e-17
v 0.15750000000000003 0.4375 -2.6789148731348351e-17
v 0.18375000000000002 0.4375 -2.6789148731348351e-17
v 0.21000000000000002 0.4375 -2.6789148731348351e-17
v 0.23625000000000002 0.4375 -2.6789148731348351e-17
v 0.26250000000000001 0.4375 0.099999999999999978
v 0.28875000000000001 0.4375 -2.6789148731348351e-17
v 0.31500000000000006 0.4375 -2.6789148731348351e-17
v 0.34125000000000005 0.4375 -2.6789148731348351e-17
v 0.36750000000000005 0.4375 -2.6789148731348351e-17
v 0.39375000000000004 0.4375 -2.6789148731348351e-17
v 0.42000000000000004 0.4375 -0.10000000000000003
v 0.44625000000000004 0.4375 -2.6789148731348351e-17
v 0.47250000000000003 0.4375 -2.6789148731348351e-17
v 0.49875000000000003 0.4375 -2.6789148731348351e-17
v 0.52500000000000002 0.4375 -2.6789148731348351e-17
v 0.55125000000000002 0.4375 -2.6789148731348351e-17
v 0.57750000000000001 0.4375 0.099999999999999978
v 0.60375000000000001 0.4375 -2.6789148731348351e-17
v 0.63000000000000012 0.4375 -2.6789148731348351e-17
v 0.65625000000000011 0.4375 -2.6789148731348351e-17
v 0.68250000000000011 0.4375 -2.6789148731348351e-17
v 0.7087500000000001 0.4375 -2.6789148731348351e-17
v 0.7350000000000001 0.4375 -0.10000000000000003
v 0.76125000000000009 0.4375 -2.6789148731348351e-17
v 0.78750000000000009 0.4375 -2.6789148731348351e-17
v 0.81375000000000008 0.4375 -2.6789148731348351e-17
v 0.84000000000000008 0.4375 -2.6789148731348351e-17
v -0.87000000000000011 0.40625 -0.10000000000000003
v -0.84281250000000008 0.40625 -2.4875638107680611e-17
v -0.81562500000000004 0.40625 -2.4875638107680611e-17
v -0.78843750000000012 0.40625 -2.4875638107680611e-17
v -0.76125000000000009 0.40625 -2.4875638107680611e-17
v -0.73406250000000006 0.40625 -2.4875638107680611e-17
v -0.70687500000000014 0.40625 0.099999999999999978
v -0.67968750000000011 0.40625 -2.4875638107680611e-17
v -0.65250000000000008 0.40625 -2.4875638107680611e-17
v -0.62531250000000005 0.40625 -2.4875638107680611e-17
v -0.59812500000000002 0.40625 -2.4875638107680611e-17
v -0.5709375000000001 0.40625 -2.4875638107680611e-17
v -0.54375000000000007 0.40625 -0.10000000000000003
v -0.51656250000000004 0.40625 -2.4875638107680611e-17
v -0.48937500000000006 0.40625 -2.4875638107680611e-17
v -0.46218750000000008 0.40625 -2.4875638107680611e-17
v -0.43500000000000005 0.40625 -2.4875638107680611e-17
v -0.40781250000000002 0.40625 -2.4875638107680611e-17
v -0.38062500000000005 0.40625 0.099999999999999978
v -0.35343750000000007 0.40625 -2.4875638107680611e-17
v -0.32625000000000004 0.40625 -2.4875638107680611e-17
v -0.29906250000000001 0.40625 -2.4875638107680611e-17
v -0.27187500000000003 0.40625 -2.4875638107680611e-17
v -0.24468750000000003 0.40625 -2.4875638107680611e-17
v -0.21750000000000003 0.40625 -0.10000000000000003
v -0.19031250000000002 0.40625 -2.4875638107680611e-17
v -0.16312500000000002 0.40625 -2.4875638107680611e-17
v -0.13593750000000002 0.40625 -2.4875638107680611e-17
v -0.10875000000000001 0.40625 -2.4875638107680611e-17
v -0.08156250000000001 0.40625 -2.4875638107680611e-17
v -0.054375000000000007 0.40625 0.099999999999999978
v -0.027187500000000003 0.40625 -2.4875638107680611e-17
v 0 0.40625 -2.4875638107680611e-17
v 0.027187500000000003 0.40625 -2.4875638107680611e-17
v 0.054375000000000007 0.40625 -2.4875638107680611e-17
v 0.08156250000000001 0.40625 -2.4875638107680611e-17
v 0.10875000000000001 0.40625 -0.10000000000000003
v 0.13593750000000002 0.40625 -2.4875638107680611e-17
v 0.16312500000000002 0.40625 -2.4875638107680611e-17
v 0.19031250000000002 0.40625 -2.4875638107680611e-17
v 0.21750000000000003 0.40625 -2.4875638107680611e-17
v 0.24468750000000003 0.40625 -2.4875638107680611e-17
v 0.27187500000000003 0.40625 0.099999999999999978
v 0.29906250000000001 0.40625 -2.4875638107680611e-17
v 0.32625000000000004 0.40625 -2.4875638107680611e-17
v 0.35343750000000007 0.40625 -2.4875638107680611e-17
v 0.38062500000000005 0.40625 -2.4875638107680611e-17
v 0.40781250000000002 0.40625 -2.4875638107680611e-17
v 0.43500000000000005 0.40625 -0.10000000000000003
v 0.46218750000000008 0.40625 -2.4875638107680611e-17
v 0.48937500000000006 0.40625 -2.4875638107680611e-17
v 0.51656250000000004 0.40625 -2.4875638107680611e-17
v 0.54375000000000007 0.40625 -2.4875638107680611e-17
v 0.5709375000000001 0.40625 -2.4875638107680611e-17
v 0.59812500000000002 0.40625 0.099999999999999978
v 0.62531250000000005 0.40625 -2.4875638107680611e-17
v 0.65250000000000008 0.40625 -2.4875638107680611e-17
v 0.67968750000000011 0.40625 -2.4875638107680611e-17
v 0.70687500000000014 0.40625 -2.4875638107680611e-17
v 0.73406250000000006 0.40625 -2.4875638107680611e-17
v 0.76125000000000009 0.40625 -0.10000000000000003
v 0.78843750000000012 0.40625 -2.4875638107680611e-17
v 0.81562500000000004 0.40625 -2.4875638107680611e-17
v 0.84281250000000008 0.40625 -2.4875638107680611e-17
v 0.87000000000000011 0.40625 -2.4875638107680611e-17
v -0.90000000000000013 0.375 -0.10000000000000003
v -0.87187500000000018 0.375 -2.2962127484012871e-17
v -0.84375000000000011 0.375 -2.2962127484012871e-17
v -0.81562500000000016 0.375 -2.2962127484012871e-17
v -0.78750000000000009 0.375 -2.2962127484012871e-17
v -0.75937500000000013 0.375 -2.2962127484012871e-17
v -0.73125000000000007 0.375 0.099999999999999978
v -0.70312500000000011 0.375 -2.2962127484012871e-17
v -0.67500000000000004 0.375 -2.2962127484012871e-17
v -0.64687500000000009 0.375 -2.2962127484012871e-17
v -0.61875000000000013 0.375 -2.2962127484012871e-17
v -0.59062500000000007 0.375 -2.2962127484012871e-17
v -0.56250000000000011 0.375 -0.10000000000000003
v -0.53437500000000004 0.375 -2.2962127484012871e-17
v -0.50625000000000009 0.375 -2.2962127484012871e-17
v -0.47812500000000008 0.375 -2.2962127484012871e-17
v -0.45000000000000007 0.375 -2.2962127484012871e-17
v -0.42187500000000006 0.375 -2.2962127484012871e-17
v -0.39375000000000004 0.375 0.099999999999999978
v -0.36562500000000003 0.375 -2.2962127484012871e-17
v -0.33750000000000002 0.375 -2.2962127484012871e-17
v -0.30937500000000007 0.375 -2.2962127484012871e-17
v -0.28125000000000006 0.375 -2.2962127484012871e-17
v -0.25312500000000004 0.375 -2.2962127484012871e-17
v -0.22500000000000003 0.375 -0.10000000000000003
v -0.19687500000000002 0.375 -2.2962127484012871e-17
v -0.16875000000000001 0.375 -2.2962127484012871e-17
v -0.14062500000000003 0.375 -2.2962127484012871e-17
v -0.11250000000000002 0.375 -2.2962127484012871e-17
v -0.084375000000000006 0.375 -2.2962127484012871e-17
v -0.056250000000000008 0.375 0.099999999999999978
v -0.028125000000000004 0.375 -2.2962127484012871e-17
v 0 0.375 -2.2962127484012871e-17
v 0.028125000000000004 0.375 -2.2962127484012871e-17
v 0.056250000000000008 0.375 -2.2962127484012871e-17
v 0.084375000000000006 0.375 -2.2962127484012871e-17
v 0.11250000000000002 0.375 -0.10000000000000003
v 0.14062500000000003 0.375 -2.2962127484012871e-17
v 0.16875000000000001 0.375 -2.2962127484012871e-17
v 0.19687500000000002 0.375 -2.2962127484012871e-17
v 0.22500000000000003 0.375 -2.2962127484012871e-17
v 0.25312500000000004 0.375 -2.2962127484012871e-17
v 0.28125000000000006 0.375 0.099999999999999978
v 0.30937500000000007 0.375 -2.2962127484012871e-17
v 0.33750000000000002 0.375 -2.2962127484012871e-17
v 0.36562500000000003 0.375 -2.2962127484012871e-17
v 0.39375000000000004 0.375 -2.2962127484012871e-17
v 0.42187500000000006 0.375 -2.2962127484012871e-17
v 0.45000000000000007 0.375 -0.10000000000000003
v 0.47812500000000008 0.375 -2.2962127484012871e-17
v 0.50625000000000009 0.375 -2.2962127484012871e-17
v 0.53437500000000004 0.375 -2.2962127484012871e-17
v 0.56250000000000011 0.375 -2.2962127484012871e-17
v 0.59062500000000007 0.375 -2.2962127484012871e-17
v 0.61875000000000013 0.375 0.099999999999999978
v 0.64687500000000009 0.375 -2.2962127484012871e-17
v 0.67500000000000004 0.375 -2.2962127484012871e-17
v 0.70312500000000011 0.375 -2.2962127484012871e-17
v 0.73125000000000007 0.375 -2.2962127484012871e-17
v 0.75937500000000013 0.375 -2.2962127484012871e-17
v 0.78750000000000009 0.375 -0.10000000000000003
v 0.81562500000000016 0.375 -2.2962127484012871e-17
v 0.84375000000000011 0.375 -2.2962127484012871e-17
v 0.87187500000000018 0.375 -2.2962127484012871e-17
v 0.90000000000000013 0.375 -2.2962127484012871e-17
v -1 0.34375 -2.1048616860345134e-17
v -0.96875 0.34375 -2.1048616860345134e-17
v -0.9375 0.34375 -2.1048616860345134e-17
v -0.90625 0.34375 -2.1048616860345134e-17
v -0.875 0.34375 -2.1048616860345134e-17
v -0.84375 0.34375 -2.1048616860345134e-17
v -0.8125 0.34375 -2.1048616860345134e-17
v -0.78125 0.34375 -2.1048616860345134e-17
v -0.75 0.34375 -2.1048616860345134e-17
v -0.71875 0.34375 -2.1048616860345134e-17
v -0.6875 0.34375 -2.1048616860345134e-17
v -0.65625 0.34375 -2.1048616860345134e-17
v -0.625 0.34375 -2.1048616860345134e-17
v -0.59375 0.34375 -2.1048616860345134e-17
v -0.5625 0.34375 -2.1048616860345134e-17
v -0.53125 0.34375 -2.1048616860345134e-17
v -0.5 0.34375 -2.1048616860345134e-17
v -0.46875 0.34375 -2.1048616860345134e-17
v -0.4375 0.34375 -2.1048616860345134e-17
v -0.40625 0.34375 -2.1048616860345134e-17
v -0.375 0.34375 -2.1048616860345134e-17
v -0.34375 0.34375 -2.1048616860345134e-17
v -0.3125 0.34375 -2.1048616860345134e-17
v -0.28125 0.34375 -2.1048616860345134e-17
v -0.25 0.34375 -2.1048616860345134e-17
v -0.21875 0.34375 -2.1048616860345134e-17
v -0.1875 0.34375 -2.1048616860345134e-17
v -0.15625 0.34375 -2.1048616860345134e-17
v -0.125 0.34375 -2.1048616860345134e-17
v -0.09375 0.34375 -2.1048616860345134e-17
v -0.0625 0.34375 -2.1048616860345134e-17
v -0.03125 0.34375 -2.1048616860345134e-17
v 0 0.34375 -2.1048616860345134e-17
v 0.03125 0.34375 -2.1048616860345134e-17
v 0.0625 0.34375 -2.1048616860345134e-17
v 0.09375 0.34375 -2.1048616860345134e-17
v 0.125 0.34375 -2.1048616860345134e-17
v 0.15625 0.34375 -2.1048616860345134e-17
v 0.1875 0.34375 -2.1048616860345134e-17
v 0.21875 0.34375 -2.1048616860345134e-17
v 0.25 0.34375 -2.1048616860345134e-17
v 0.28125 0.34375 -2.1048616860345134e-17
v 0.3125 0.34375 -2.1048616860345134e-17
v 0.34375 0.34375 -2.1048616860345134e-17
v 0.375 0.34375 -2.1048616860345134e-17
v 0.40625 0.34375 -2.1048616860345134e-17
v 0.4375 0.34375 -2.1048616860345134e-17
v 0.46875 0.34375 -2.1048616860345134e-17
v 0.5 0.34375 -2.1048616860345134e-17
v 0.53125 0.34375 -2.1048616860345134e-17
v 0.5625 0.34375 -2.1048616860345134e-17
v 0.59375 0.34375 -2.1048616860345134e-17
v 0.625 0.34375 -2.1048616860345134e-17
v 0.65625 0.34375 -2.1048616860345134e-17
v 0.6875 0.34375 -2.1048616860345134e-17
v 0.71875 0.34375 -2.1048616860345134e-17
v 0.75 0.34375 -2.1048616860345134e-17
v 0.78125 0.34375 -2.1048616860345134e-17
v 0.8125 0.34375 -2.1048616860345134e-17
v 0.84375 0.34375 -2.1048616860345134e-17
v 0.875 0.34375 -2.1048616860345134e-17
v 0.90625 0.34375 -2.1048616860345134e-17
v 0.9375 0.34375 -2.1048616860345134e-17
v 0.96875 0.34375 -2.1048616860345134e-17
v 1 0.34375 -2.1048616860345134e-17
v -1 0.3125 -1.9135106236677395e-17
v -0.96875 0.3125 -1.9135106236677395e-17
v -0.9375 0.3125 -1.9135106236677395e-17
v -0.90625 0.3125 -1.9135106236677395e-17
v -0.875 0.3125 -1.9135106236677395e-17
v -0.84375 0.3125 -1.9135106236677395e-17
v -0.8125 0.3125 -1.9135106236677395e-17
v -0.78125 0.3125 -1.9135106236677395e-17
v -0.75 0.3125 -1.9135106236677395e-17
v -0.71875 0.3125 -1.9135106236677395e-17
v -0.6875 0.3125 -1.9135106236677395e-17
v -0.65625 0.3125 -1.9135106236677395e-17
v -0.625 0.3125 -1.9135106236677395e-17
v -0.59375 0.3125 -1.9135106236677395e-17
v -0.5625 0.3125 -1.9135106236677395e-17
v -0.53125 0.3125 -1.9135106236677395e-17
v -0.5 0.3125 -1.9135106236677395e-17
v -0.46875 0.3125 -1.9135106236677395e-17
v -0.4375 0.3125 -1.9135106236677395e-17
v -0.40625 0.3125 -1.9135106236677395e-17
v -0.375 0.3125 -1.9135106236677395e-17
v -0.34375 0.3125 -1.9135106236677395e-17
v -0.3125 0.3125 -1.9135106236677395e-17
v -0.28125 0.3125 -1.9135106236677395e-17
v -0.25 0.3125 -1.9135106236677395e-17
v -0.21875 0.3125 -1.9135106236677395e-17
v -0.1875 0.3125 -1.9135106236677395e-17
v -0.15625 0.3125 -1.9135106236677395e-17
v -0.125 0.3125 -1.9135106236677395e-17
v -0.09375 0.3125 -1.9135106236677395e-17
v -0.0625 0.3125 -1.9135106236677395e-17
v -0.03125 0.3125 -1.9135106236677395e-17
v 0 0.3125 -1.9135106236677395e-17
v 0.03125 0.3125 -1.9135106236677395e-17
v 0.0625 0.3125 -1.9135106236677395e-17
v 0.09375 0.3125 -1.9135106236677395e-17
v 0.125 0.3125 -1.9135106236677395e-17
v 0.15625 0.3125 -1.9135106236677395e-17
v 0.1875 0.3125 -1.9135106236677395e-17
v 0.21875 0.3125 -1.9135106236677395e-17
v 0.25 0.3125 -1.9135106236677395e-17
v 0.28125 0.3125 -1.9135106236677395e-17
v 0.3125 0.3125 -1.9135106236677395e-17
v 0.34375 0.3125 -1.9135106236677395e-17
v 0.375 0.3125 -1.9135106236677395e-17
v 0.40625 0.3125 -1.9135106236677395e-17
v 0.4375 0.3125 -1.9135106236677395e-17
v 0.46875 0.3125 -1.9135106236677395e-17
v 0.5 0.3125 -1.9135106236677395e-17
v 0.53125 0.3125 -1.9135106236677395e-17
v 0.5625 0.3125 -1.9135106236677395e-17
v 0.59375 0.3125 -1.9135106236677395e-17
v 0.625 0.3125 -1.9135106236677395e-17
v 0.65625 0.3125 -1.9135106236677395e-17
v 0.6875 0.3125 -1.9135106236677395e-17
v 0.71875 0.3125 -1.9135106236677395e-17
v 0.75 0.3125 -1.9135106236677395e-17
v 0.78125 0.3125 -1.9135106236677395e-17
v 0.8125 0.3125 -1.9135106236677395e-17
v 0.84375 0.3125 -1.9135106236677395e-17
v 0.875 0.3125 -1.9135106236677395e-17
v 0.90625 0.3125 -1.9135106236677395e-17
v 0.9375 0.3125 -1.9135106236677395e-17
v 0.96875 0.3125 -1.9135106236677395e-17
v 1 0.3125 -1.9135106236677395e-17
v -1 0.28125 -1.7221595613009655e-17
v -0.96875 0.28125 -1.7221595613009655e-17
v -0.9375 0.28125 -1.7221595613009655e-17
v -0.90625 0.28125 -1.7221595613009655e-17
v -0.875 0.28125 -1.7221595613009655e-17
v -0.84375 0.28125 -1.7221595613009655e-17
v -0.8125 0.28125 -1.7221595613009655e-17
v -0.78125 0.28125 -1.7221595613009655e-17
v -0.75 0.28125 -1.7221595613009655e-17
v -0.71875 0.28125 -1.7221595613009655e-17
v -0.6875 0.28125 -1.7221595613009655e-17
v -0.65625 0.28125 -1.7221595613009655e-17
v -0.625 0.28125 -1.7221595613009655e-17
v -0.59375 0.28125 -1.7221595613009655e-17
v -0.5625 0.28125 -1.7221595613009655e-17
v -0.53125 0.28125 -1.7221595613009655e-17
v -0.5 0.28125 -1.7221595613009655e-17
v -0.46875 0.28125 -1.7221595613009655e-17
v -0.4375 0.28125 -1.7221595613009655e-17
v -0.40625 0.28125 -1.7221595613009655e-17
v -0.375 0.28125 -1.7221595613009655e-17
v -0.34375 0.28125 -1.7221595613009655e-17
v -0.3125 0.28125 -1.7221595613009655e-17
v -0.28125 0.28125 -1.7221595613009655e-17
v -0.25 0.28125 -1.7221595613009655e-17
v -0.21875 0.28125 -1.7221595613009655e-17
v -0.1875 0.28125 -1.7221595613009655e-17
v -0.15625 0.28125 -1.7221595613009655e-17
v -0.125 0.28125 -1.7221595613009655e-17
v -0.09375 0.28125 -1.7221595613009655e-17
v -0.0625 0.28125 -1.7221595613009655e-17
v -0.03125 0.28125 -1.7221595613009655e-17
v 0 0.28125 -1.7221595613009655e-17
v 0.03125 0.28125 -1.7221595613009655e-17
v 0.0625 0.28125 -1.7221595613009655e-17
v 0.09375 0.28125 -1.7221595613009655e-17
v 0.125 0.28125 -1.7221595613009655e-17
v 0.15625 0.28125 -1.7221595613009655e-17
v 0.1875 0.28125 -1.7221595613009655e-17
v 0.21875 0.28125 -1.7221595613009655e-17
v 0.25 0.28125 -1.7221595613009655e-17
v 0.28125 0.28125 -1.7221595613009655e-17
v 0.3125 0.28125 -1.7221595613009655e-17
v 0.34375 0.28125 -1.7221595613009655e-17
v 0.375 0.28125 -1.7221595613009655e-17
v 0.40625 0.28125 -1.7221595613009655e-17
v 0.4375 0.28125 -1.7221595613009655e-17
v 0.46875 0.28125 -1.7221595613009655e-17
v 0.5 0.28125 -1.7221595613009655e-17
v 0.53125 0.28125 -1.7221595613009655e-17
v 0.5625 0.28125 -1.7221595613009655e-17
v 0.59375 0.28125 -1.7221595613009655e-17
v 0.625 0.28125 -1.7221595613009655e-17
v 0.65625 0.28125 -1.7221595613009655e-17
v 0.6875 0.28125 -1.7221595613009655e-17
v 0.71875 0.28125 -1.7221595613009655e-17
v 0.75 0.28125 -1.7221595613009655e-17
v 0.78125 0.28125 -1.7221595613009655e-17
v 0.8125 0.28125 -1.7221595613009655e-17
v 0.84375 0.28125 -1.7221595613009655e-17
v 0.875 0.28125 -1.7221595613009655e-17
v 0.90625 0.28125 -1.7221595613009655e-17
v 0.9375 0.28125 -1.7221595613009655e-17
v 0.96875 0.28125 -1.7221595613009655e-17
v 1 0.28125 -1.7221595613009655e-17
v -1 0.25 -1.5308084989341915e-17
v -0.96875 0.25 -1.5308084989341915e-17
v -0.9375 0.25 -1.5308084989341915e-17
v -0.90625 0.25 -1.5308084989341915e-17
v -0.875 0.25 -1.5308084989341915e-17
v -0.84375 0.25 -1.5308084989341915e-17
v -0.8125 0.25 -1.5308084989341915e-17
v -0.78125 0.25 -1.5308084989341915e-17
v -0.75 0.25 -1.5308084989341915e-17
v -0.71875 0.25 -1.5308084989341915e-17
v -0.6875 0.25 -1.5308084989341915e-17
v -0.65625 0.25 -1.5308084989341915e-17
v -0.625 0.25 -1.5308084989341915e-17
v -0.59375 0.25 -1.5308084989341915e-17
v -0.5625 0.25 -1.5308084989341915e-17
v -0.53125 0.25 -1.5308084989341915e-17
v -0.5 0.25 -1.5308084989341915e-17
v -0.46875 0.25 -1.5308084989341915e-17
v -0.4375 0.25 -1.5308084989341915e-17
v -0.40625 0.25 -1.5308084989341915e-17
v -0.375 0.25 -1.5308084989341915e-17
v -0.34375 0.25 -1.5308084989341915e-17
v -0.3125 0.25 -1.5308084989341915e-17
v -0.28125 0.25 -1.5308084989341915e-17
v -0.25 0.25 -1.5308084989341915e-17
v -0.21875 0.25 -1.5308084989341915e-17
v -0.1875 0.25 -1.5308084989341915e-17
v -0.15625 0.25 -1.5308084989341915e-17
v -0.125 0.25 -1.5308084989341915e-17
v -0.09375 0.25 -1.5308084989341915e-17
v -0.0625 0.25 -1.5308084989341915e-17
v -0.03125 0.25 -1.5308084989341915e-17
v 0 0.25 -1.5308084989341915e-17
v 0.03125 0.25 -1.5308084989341915e-17
v 0.0625 0.25 -1.5308084989341915e-17
v 0.09375 0.25 -1.5308084989341915e-17
v 0.125 0.25 -1.5308084989341915e-17
v 0.15625 0.25 -1.5308084989341915e-17
v 0.1875 0.25 -1.5308084989341915e-17
v 0.21875 0.25 -1.5308084989341915e-17
v 0.25 0.25 -1.5308084989341915e-17
v 0.28125 0.25 -1.5308084989341915e-17
v 0.3125 0.25 -1.5308084989341915e-17
v 0.34375 0.25 -1.5308084989341915e-17
v 0.375 0.25 -1.5308084989341915e-17
v 0.40625 0.25 -1.5308084989341915e-17
v 0.4375 0.25 -1.5308084989341915e-17
v 0.46875 0.25 -1.5308084989341915e-17
v 0.5 0.25 -1.5308084989341915e-17
v 0.53125 0.25 -1.5308084989341915e-17
v 0.5625 0.25 -1.5308084989341915e-17
v 0.59375 0.25 -1.5308084989341915e-17
v 0.625 0.25 -1.5308084989341915e-17
v 0.65625 0.25 -1.5308084989341915e-17
v 0.6875 0.25 -1.5308084989341915e-17
v 0.71875 0.25 -1.5308084989341915e-17
v 0.75 0.25 -1.5308084989341915e-17
v 0.78125 0.25 -1.5308084989341915e-17
v 0.8125 0.25 -1.5308084989341915e-17
v 0.84375 0.25 -1.5308084989341915e-17
v 0.875 0.25 -1.5308084989341915e-17
v 0.90625 0.25 -1.5308084989341915e-17
v 0.9375 0.25 -1.5308084989341915e-17
v 0.96875 0.25 -1.5308084989341915e-17
v 1 0.25 -1.5308084989341915e-17
v -1 0.21875 -1.3394574365674175e-17
v -0.96875 0.21875 -1.3394574365674175e-17
v -0.9375 0.21875 -1.3394574365674175e-17
v -0.90625 0.21875 -1.3394574365674175e-17
v -0.875 0.21875 -1.3394574365674175e-17
v -0.84375 0.21875 -1.3394574365674175e-17
v -0.8125 0.21875 -1.3394574365674175e-17
v -0.78125 0.21875 -1.3394574365674175e-17
v -0.75 0.21875 -1.3394574365674175e-17
v -0.71875 0.21875 -1.3394574365674175e-17
v -0.6875 0.21875 -1.3394574365674175e-17
v -0.65625 0.21875 -1.3394574365674175e-17
v -0.625 0.21875 -1.3394574365674175e-17
v -0.59375 0.21875 -1.3394574365674175e-17
v -0.5625 0.21875 -1.3394574365674175e-17
v -0.53125 0.21875 -1.3394574365674175e-17
v -0.5 0.21875 -1.3394574365674175e-17
v -0.46875 0.21875 -1.3394574365674175e-17
v -0.4375 0.21875 -1.3394574365674175e-17
v -0.40625 0.21875 -1.3394574365674175e-17
v -0.375 0.21875 -1.3394574365674175e-17
v -0.34375 0.21875 -1.3394574365674175e-17
v -0.3125 0.21875 -1.3394574365674175e-17
v -0.28125 0.21875 -1.3394574365674175e-17
v -0.25 0.21875 -1.3394574365674175e-17
v -0.21875 0.21875 -1.3394574365674175e-17
v -0.1875 0.21875 -1.3394574365674175e-17
v -0.15625 0.21875 -1.3394574365674175e-17
v -0.125 0.21875 -1.3394574365674175e-17
v -0.09375 0.21875 -1.3394574365674175e-17
v -0.0625 0.21875 -1.3394574365674175e-17
v -0.03125 0.21875 -1.3394574365674175e-17
v 0 0.21875 -1.3394574365674175e-17
v 0.03125 0.21875 -1.3394574365674175e-17
v 0.0625 0.21875 -1.3394574365674175e-17
v 0.09375 0.21875 -1.3394574365674175e-17
v 0.125 0.21875 -1.3394574365674175e-17
v 0.15625 0.21875 -1.3394574365674175e-17
v 0.1875 0.21875 -1.3394574365674175e-17
v 0.21875 0.21875 -1.3394574365674175e-17
v 0.25 0.21875 -1.3394574365674175e-17
v 0.28125 0.21875 -1.3394574365674175e-17
v 0.3125 0.21875 -1.3394574365674175e-17
v 0.34375 0.21875 -1.3394574365674175e-17
v 0.375 0.21875 -1.3394574365674175e-17
v 0.40625 0.21875 -1.3394574365674175e-17
v 0.4375 0.21875 -1.3394574365674175e-17
v 0.46875 0.21875 -1.3394574365674175e-17
v 0.5 0.21875 -1.3394574365674175e-17
v 0.53125 0.21875 -1.3394574365674175e-17
v 0.5625 0.21875 -1.3394574365674175e-17
v 0.59375 0.21875 -1.3394574365674175e-17
v 0.625 0.21875 -1.3394574365674175e-17
v 0.65625 0.21875 -1.3394574365674175e-17
v 0.6875 0.21875 -1.3394574365674175e-17
v 0.71875 0.21875 -1.3394574365674175e-17
v 0.75 0.21875 -1.3394574365674175e-17
v 0.78125 0.21875 -1.3394574365674175e-17
v 0.8125 0.21875 -1.3394574365674175e-17
v 0.84375 0.21875 -1.3394574365674175e-17
v 0.875 0.21875 -1.3394574365674175e-17
v 0.90625 0.21875 -1.3394574365674175e-17
v 0.9375 0.21875 -1.3394574365674175e-17
v 0.96875 0.21875 -1.3394574365674175e-17
v 1 0.21875 -1.3394574365674175e-17
v -1 0.1875 -1.1481063742006436e-17
v -0.96875 0.1875 -1.1481063742006436e-17
v -0.9375 0.1875 -1.1481063742006436e-17
v -0.90625 0.1875 -1.1481063742006436e-17
v -0.875 0.1875 -1.1481063742006436e-17
v -0.84375 0.1875 -1.1481063742006436e-17
v -0.8125 0.1875 -1.1481063742006436e-17
v -0.78125 0.1875 -1.1481063742006436e-17
v -0.75 0.1875 -1.1481063742006436e-17
v -0.71875 0.1875 -1.1481063742006436e-17
v -0.6875 0.1875 -1.1481063742006436e-17
v -0.65625 0.1875 -1.1481063742006436e-17
v -0.625 0.1875 -1.1481063742006436e-17
v -0.59375 0.1875 -1.1481063742006436e-17
v -0.5625 0.1875 -1.1481063742006436e-17
v -0.53125 0.1875 -1.1481063742006436e-17
v -0.5 0.1875 -1.1481063742006436e-17
v -0.46875 0.1875 -1.1481063742006436e-17
v -0.4375 0.1875 -1.1481063742006436e-17
v -0.40625 0.1875 -1.1481063742006436e-17
v -0.375 0.1875 -1.1481063742006436e-17
v -0.34375 0.1875 -1.1481063742006436e-17
v -0.3125 0.1875 -1.1481063742006436e-17
v -0.28125 0.1875 -1.1481063742006436e-17
v -0.25 0.1875 -1.1481063742006436e-17
v -0.21875 0.1875 -1.1481063742006436e-17
v -0.1875 0.1875 -1.1481063742006436e-17
v -0.15625 0.1875 -1.1481063742006436e-17
v -0.125 0.1875 -1.1481063742006436e-17
v -0.09375 0.1875 -1.1481063742006436e-17
v -0.0625 0.1875 -1.1481063742006436e-17
v -0.03125 0.1875 -1.1481063742006436e-17
v 0 0.1875 -1.1481063742006436e-17
v 0.03125 0.1875 -1.1481063742006436e-17
v 0.0625 0.1875 -1.1481063742006436e-17
v 0.09375 0.1875 -1.1481063742006436e-17
v 0.125 0.1875 -1.1481063742006436e-17
v 0.15625 0.1875 -1.1481063742006436e-17
v 0.1875 0.1875 -1.1481063742006436e-17
v 0.21875 0.1875 -1.1481063742006436e-17
v 0.25 0.1875 -1.1481063742006436e-17
v 0.28125 0.1875 -1.1481063742006436e-17
v 0.3125 0.1875 -1.1481063742006436e-17
v 0.34375 0.1875 -1.1481063742006436e-17
v 0.375 0.1875 -1.1481063742006436e-17
v 0.40625 0.1875 -1.1481063742006436e-17
v 0.4375 0.1875 -1.1481063742006436e-17
v 0.46875 0.1875 -1.1481063742006436e-17
v 0.5 0.1875 -1.1481063742006436e-17
v 0.53125 0.1875 -1.1481063742006436e-17
v 0.5625 0.1875 -1.1481063742006436e-17
v 0.59375 0.1875 -1.1481063742006436e-17
v 0.625 0.1875 -1.1481063742006436e-17
v 0.65625 0.1875 -1.1481063742006436e-17
v 0.6875 0.1875 -1.1481063742006436e-17
v 0.71875 0.1875 -1.1481063742006436e-17
v 0.75 0.1875 -1.1481063742006436e-17
v 0.78125 0.1875 -1.1481063742006436e-17
v 0.8125 0.1875 -1.1481063742006436e-17
v 0.84375 0.1875 -1.1481063742006436e-17
v 0.875 0.1875 -1.1481063742006436e-17
v 0.90625 0.1875 -1.1481063742006436e-17
v 0.9375 0.1875 -1.1481063742006436e-17
v 0.96875 0.1875 -1.1481063742006436e-17
v 1 0.1875 -1.1481063742006436e-17
v -1 0.15625 -9.5675531183386973e-18
v -0.96875 0.15625 -9.5675531183386973e-18
v -0.9375 0.15625 -9.5675531183386973e-18
v -0.90625 0.15625 -9.5675531183386973e-18
v -0.875 0.15625 -9.5675531183386973e-18
v -0.84375 0.15625 -9.5675531183386973e-18
v -0.8125 0.15625 -9.5675531183386973e-18
v -0.78125 0.15625 -9.5675531183386973e-18
v -0.75 0.15625 -9.5675531183386973e-18
v -0.71875 0.15625 -9.5675531183386973e-18
v -0.6875 0.15625 -9.5675531183386973e-18
v -0.65625 0.15625 -9.5675531183386973e-18
v -0.625 0.15625 -9.5675531183386973e-18
v -0.59375 0.15625 -9.5675531183386973e-18
v -0.5625 0.15625 -9.5675531183386973e-18
v -0.53125 0.15625 -9.5675531183386973e-18
v -0.5 0.15625 -9.5675531183386973e-18
v -0.46875 0.15625 -9.5675531183386973e-18
v -0.4375 0.15625 -9.5675531183386973e-18
v -0.40625 0.15625 -9.5675531183386973e-18
v -0.375 0.15625 -9.5675531183386973e-18
v -0.34375 0.15625 -9.5675531183386973e-18
v -0.3125 0.15625 -9.5675531183386973e-18
v -0.28125 0.15625 -9.5675531183386973e-18
v -0.25 0.15625 -9.5675531183386973e-18
v -0.21875 0.15625 -9.5675531183386973e-18
v -0.1875 0.15625 -9.5675531183386973e-18
v -0.15625 0.15625 -9.5675531183386973e-18
v -0.125 0.15625 -9.5675531183386973e-18
v -0.09375 0.15625 -9.5675531183386973e-18
v -0.0625 0.15625 -9.5675531183386973e-18
v -0.03125 0.15625 -9.5675531183386973e-18
v 0 0.15625 -9.5675531183386973e-18
v 0.03125 0.15625 -9.5675531183386973e-18
v 0.0625 0.15625 -9.5675531183386973e-18
v 0.09375 0.15625 -9.5675531183386973e-18
v 0.125 0.15625 -9.5675531183386973e-18
v 0.15625 0.15625 -9.5675531183386973e-18
v 0.1875 0.15625 -9.5675531183386973e-18
v 0.21875 0.15625 -9.5675531183386973e-18
v 0.25 0.15625 -9.5675531183386973e-18
v 0.28125 0.15625 -9.5675531183386973e-18
v 0.3125 0.15625 -9.5675531183386973e-18
v 0.34375 0.15625 -9.5675531183386973e-18
v 0.375 0.15625 -9.5675531183386973e-18
v 0.40625 0.15625 -9.5675531183386973e-18
v 0.4375 0.15625 -9.5675531183386973e-18
v 0.46875 0.15625 -9.5675531183386973e-18
v 0.5 0.15625 -9.5675531183386973e-18
v 0.53125 0.15625 -9.5675531183386973e-18
v 0.5625 0.15625 -9.5675531183386973e-18
v 0.59375 0.15625 -9.5675531183386973e-18
v 0.625 0.15625 -9.5675531183386973e-18
v 0.65625 0.15625 -9.5675531183386973e-18
v 0.6875 0.15625 -9.5675531183386973e-18
v 0.71875 0.15625 -9.5675531183386973e-18
v 0.75 0.15625 -9.5675531183386973e-18
v 0.78125 0.15625 -9.5675531183386973e-18
v 0.8125 0.15625 -9.5675531183386973e-18
v 0.84375 0.15625 -9.5675531183386973e-18
v 0.875 0.15625 -9.5675531183386973e-18
v 0.90625 0.15625 -9.5675531183386973e-18
v 0.9375 0.15625 -9.5675531183386973e-18
v 0.96875 0.15625 -9.5675531183386973e-18
v 1 0.15625 -9.5675531183386973e-18
v -1 0.125 -7.6540424946709575e-18
v -0.96875 0.125 -7.6540424946709575e-18
v -0.9375 0.125 -7.6540424946709575e-18
v -0.90625 0.125 -7.6540424946709575e-18
v -0.875 0.125 -7.6540424946709575e-18
v -0.84375 0.125 -7.6540424946709575e-18
v -0.8125 0.125 -7.6540424946709575e-18
v -0.78125 0.125 -7.6540424946709575e-18
v -0.75 0.125 -7.6540424946709575e-18
v -0.71875 0.125 -7.6540424946709575e-18
v -0.6875 0.125 -7.6540424946709575e-18
v -0.65625 0.125 -7.6540424946709575e-18
v -0.625 0.125 -7.6540424946709575e-18
v -0.59375 0.125 -7.6540424946709575e-18
v -0.5625 0.125 -7.6540424946709575e-18
v -0.53125 0.125 -7.6540424946709575e-18
v -0.5 0.125 -7.6540424946709575e-18
v -0.46875 0.125 -7.6540424946709575e-18
v -0.4375 0.125 -7.6540424946709575e-18
v -0.40625 0.125 -7.6540424946709575e-18
v -0.375 0.125 -7.6540424946709575e-18
v -0.34375 0.125 -7.6540424946709575e-18
v -0.3125 0.125 -7.6540424946709575e-18
v -0.28125 0.125 -7.6540424946709575e-18
v -0.25 0.125 -7.6540424946709575e-18
v -0.21875 0.125 -7.6540424946709575e-18
v -0.1875 0.125 -7.6540424946709575e-18
v -0.15625 0.125 -7.6540424946709575e-18
v -0.125 0.125 -7.6540424946709575e-18
v -0.09375 0.125 -7.6540424946709575e-18
v -0.0625 0.125 -7.6540424946709575e-18
v -0.03125 0.125 -7.6540424946709575e-18
v 0 0.125 -7.6540424946709575e-18
v 0.03125 0.125 -7.6540424946709575e-18
v 0.0625 0.125 -7.6540424946709575e-18
v 0.09375 0.125 -7.6540424946709575e-18
v 0.125 0.125 -7.6540424946709575e-18
v 0.15625 0.125 -7.6540424946709575e-18
v 0.1875 0.125 -7.6540424946709575e-18
v 0.21875 0.125 -7.6540424946709575e-18
v 0.25 0.125 -7.6540424946709575e-18
v 0.28125 0.125 -7.6540424946709575e-18
v 0.3125 0.125 -7.6540424946709575e-18
v 0.34375 0.125 -7.6540424946709575e-18
v 0.375 0.125 -7.6540424946709575e-18
v 0.40625 0.125 -7.6540424946709575e-18
v 0.4375 0.125 -7.6540424946709575e-18
v 0.46875 0.125 -7.6540424946709575e-18
v 0.5 0.125 -7.6540424946709575e-18
v 0.53125 0.125 -7.6540424946709575e-18
v 0.5625 0.125 -7.6540424946709575e-18
v 0.59375 0.125 -7.6540424946709575e-18
v 0.625 0.125 -7.6540424946709575e-18
v 0.65625 0.125 -7.6540424946709575e-18
v 0.6875 0.125 -7.6540424946709575e-18
v 0.71875 0.125 -7.6540424946709575e-18
v 0.75 0.125 -7.6540424946709575e-18
v 0.78125 0.125 -7.6540424946709575e-18
v 0.8125 0.125 -7.6540424946709575e-18
v 0.84375 0.125 -7.6540424946709575e-18
v 0.875 0.125 -7.6540424946709575e-18
v 0.90625 0.125 -7.6540424946709575e-18
v 0.9375 0.125 -7.6540424946709575e-18
v 0.96875 0.125 -7.6540424946709575e-18
v 1 0.125 -7.6540424946709575e-18
v -1 0.09375 -5.7405318710032178e-18
v -0.96875 0.09375 -5.7405318710032178e-18
v -0.9375 0.09375 -5.7405318710032178e-18
v -0.90625 0.09375 -5.7405318710032178e-18
v -0.875 0.09375 -5.7405318710032178e-18
v -0.84375 0.09375 -5.7405318710032178e-18
v -0.8125 0.09375 -5.7405318710032178e-18
v -0.78125 0.09375 -5.7405318710032178e-18
v -0.75 0.09375 -5.7405318710032178e-18
v -0.71875 0.09375 -5.7405318710032178e-18
v -0.6875 0.09375 -5.7405318710032178e-18
v -0.65625 0.09375 -5.7405318710032178e-18
v -0.625 0.09375 -5.7405318710032178e-18
v -0.59375 0.09375 -5.7405318710032178e-18
v -0.5625 0.09375 -5.7405318710032178e-18
v -0.53125 0.09375 -5.7405318710032178e-18
v -0.5 0.09375 -5.7405318710032178e-18
v -0.46875 0.09375 -5.7405318710032178e-18
v -0.4375 0.09375 -5.7405318710032178e-18
v -0.40625 0.09375 -5.7405318710032178e-18
v -0.375 0.09375 -5.7405318710032178e-18
v -0.34375 0.09375 -5.7405318710032178e-18
v -0.3125 0.09375 -5.7405318710032178e-18
v -0.28125 0.09375 -5.7405318710032178e-18
v -0.25 0.09375 -5.7405318710032178e-18
v -0.21875 0.09375 -5.7405318710032178e-18
v -0.1875 0.09375 -5.7405318710032178e-18
v -0.15625 0.09375 -5.7405318710032178e-18
v -0.125 0.09375 -5.7405318710032178e-18
v -0.09375 0.09375 -5.7405318710032178e-18
v -0.0625 0.09375 -5.7405318710032178e-18
v -0.03125 0.09375 -5.7405318710032178e-18
v 0 0.09375 -5.7405318710032178e-18
v 0.03125 0.09375 -5.7405318710032178e-18
v 0.0625 0.09375 -5.7405318710032178e-18
v 0.09375 0.09375 -5.7405318710032178e-18
v 0.125 0.09375 -5.7405318710032178e-18
v 0.15625 0.09375 -5.7405318710032178e-18
v 0.1875 0.09375 -5.7405318710032178e-18
v 0.21875 0.09375 -5.7405318710032178e-18
v 0.25 0.09375 -5.7405318710032178e-18
v 0.28125 0.09375 -5.7405318710032178e-18
v 0.3125 0.09375 -5.7405318710032178e-18
v 0.34375 0.09375 -5.7405318710032178e-18
v 0.375 0.09375 -5.7405318710032178e-18
v 0.40625 0.09375 -5.7405318710032178e-18
v 0.4375 0.09375 -5.7405318710032178e-18
v 0.46875 0.09375 -5.7405318710032178e-18
v 0.5 0.09375 -5.7405318710032178e-18
v 0.53125 0.09375 -5.7405318710032178e-18
v 0.5625 0.09375 -5.7405318710032178e-18
v 0.59375 0.09375 -5.7405318710032178e-18
v 0.625 0.09375 -5.7405318710032178e-18
v 0.65625 0.09375 -5.7405318710032178e-18
v 0.6875 0.09375 -5.7405318710032178e-18
v 0.71875 0.09375 -5.7405318710032178e-18
v 0.75 0.09375 -5.7405318710032178e-18
v 0.78125 0.09375 -5.7405318710032178e-18
v 0.8125 0.09375 -5.7405318710032178e-18
v 0.84375 0.09375 -5.7405318710032178e-18
v 0.875 0.09375 -5.7405318710032178e-18
v 0.90625 0.09375 -5.7405318710032178e-18
v 0.9375 0.09375 -5.7405318710032178e-18
v 0.96875 0.09375 -5.7405318710032178e-18
v 1 0.09375 -5.7405318710032178e-18
v -1 0.0625 -3.8270212473354788e-18
v -0.96875 0.0625 -3.8270212473354788e-18
v -0.9375 0.0625 -3.8270212473354788e-18
v -0.90625 0.0625 -3.8270212473354788e-18
v -0.875 0.0625 -3.8270212473354788e-18
v -0.84375 0.0625 -3.8270212473354788e-18
v -0.8125 0.0625 -3.8270212473354788e-18
v -0.78125 0.0625 -3.8270212473354788e-18
v -0.75 0.0625 -3.8270212473354788e-18
v -0.71875 0.0625 -3.8270212473354788e-18
v -0.6875 0.0625 -3.8270212473354788e-18
v -0.65625 0.0625 -3.8270212473354788e-18
v -0.625 0.0625 -3.8270212473354788e-18
v -0.59375 0.0625 -3.8270212473354788e-18
v -0.5625 0.0625 -3.8270212473354788e-18
v -0.53125 0.0625 -3.8270212473354788e-18
v -0.5 0.0625 -3.8270212473354788e-18
v -0.46875 0.0625 -3.8270212473354788e-18
v -0.4375 0.0625 -3.8270212473354788e-18
v -0.40625 0.0625 -3.8270212473354788e-18
v -0.375 0.0625 -3.8270212473354788e-18
v -0.34375 0.0625 -3.8270212473354788e-18
v -0.3125 0.0625 -3.8270212473354788e-18
v -0.28125 0.0625 -3.8270212473354788e-18
v -0.25 0.0625 -3.8270212473354788e-18
v -0.21875 0.0625 -3.8270212473354788e-18
v -0.1875 0.0625 -3.8270212473354788e-18
v -0.15625 0.0625 -3.8270212473354788e-18
v -0.125 0.0625 -3.8270212473354788e-18
v -0.09375 0.0625 -3.8270212473354788e-18
v -0.0625 0.0625 -3.8270212473354788e-18
v -0.03125 0.0625 -3.8270212473354788e-18
v 0 0.0625 -3.8270212473354788e-18
v 0.03125 0.0625 -3.8270212473354788e-18
v 0.0625 0.0625 -3.8270212473354788e-18
v 0.09375 0.0625 -3.8270212473354788e-18
v 0.125 0.0625 -3.8270212473354788e-18
v 0.15625 0.0625 -3.8270212473354788e-18
v 0.1875 0.0625 -3.8270212473354788e-18
v 0.21875 0.0625 -3.8270212473354788e-18
v 0.25 0.0625 -3.8270212473354788e-18
v 0.28125 0.0625 -3.8270212473354788e-18
v 0.3125 0.0625 -3.8270212473354788e-18
v 0.34375 0.0625 -3.8270212473354788e-18
v 0.375 0.0625 -3.8270212473354788e-18
v 0.40625 0.0625 -3.8270212473354788e-18
v 0.4375 0.0625 -3.8270212473354788e-18
v 0.46875 0.0625 -3.8270212473354788e-18
v 0.5 0.0625 -3.8270212473354788e-18
v 0.53125 0.0625 -3.8270212473354788e-18
v 0.5625 0.0625 -3.8270212473354788e-18
v 0.59375 0.0625 -3.8270212473354788e-18
v 0.625 0.0625 -3.8270212473354788e-18
v 0.65625 0.0625 -3.8270212473354788e-18
v 0.6875 0.0625 -3.8270212473354788e-18
v 0.71875 0.0625 -3.8270212473354788e-18
v 0.75 0.0625 -3.8270212473354788e-18
v 0.78125 0.0625 -3.8270212473354788e-18
v 0.8125 0.0625 -3.8270212473354788e-18
v 0.84375 0.0625 -3.8270212473354788e-18
v 0.875 0.0625 -3.8270212473354788e-18
v 0.90625 0.0625 -3.8270212473354788e-18
v 0.9375 0.0625 -3.8270212473354788e-18
v 0.96875 0.0625 -3.8270212473354788e-18
v 1 0.0625 -3.8270212473354788e-18
v -1 0.03125 -1.9135106236677394e-18
v -0.96875 0.03125 -1.9135106236677394e-18
v -0.9375 0.03125 -1.9135106236677394e-18
v -0.90625 0.03125 -1.9135106236677394e-18
v -0.875 0.03125 -1.9135106236677394e-18
v -0.84375 0.03125 -1.9135106236677394e-18
v -0.8125 0.03125 -1.9135106236677394e-18
v -0.78125 0.03125 -1.9135106236677394e-18
v -0.75 0.03125 -1.9135106236677394e-18
v -0.71875 0.03125 -1.9135106236677394e-18
v -0.6875 0.03125 -1.9135106236677394e-18
v -0.65625 0.03125 -1.9135106236677394e-18
v -0.625 0.03125 -1.9135106236677394e-18
v -0.59375 0.03125 -1.9135106236677394e-18
v -0.5625 0.03125 -1.9135106236677394e-18
v -0.53125 0.03125 -1.9135106236677394e-18
v -0.5 0.03125 -1.9135106236677394e-18
v -0.46875 0.03125 -1.9135106236677394e-18
v -0.4375 0.03125 -1.9135106236677394e-18
v -0.40625 0.03125 -1.9135106236677394e-18
v -0.375 0.03125 -1.9135106236677394e-18
v -0.34375 0.03125 -1.9135106236677394e-18
v -0.3125 0.03125 -1.9135106236677394e-18
v -0.28125 0.03125 -1.9135106236677394e-18
v -0.25 0.03125 -1.9135106236677394e-18
v -0.21875 0.03125 -1.9135106236677394e-18
v -0.1875 0.03125 -1.9135106236677394e-18
v -0.15625 0.03125 -1.9135106236677394e-18
v -0.125 0.03125 -1.9135106236677394e-18
v -0.09375 0.03125 -1.9135106236677394e-18
v -0.0625 0.03125 -1.9135106236677394e-18
v -0.03125 0.03125 -1.9135106236677394e-18
v 0 0.03125 -1.9135106236677394e-18
v 0.03125 0.03125 -1.9135106236677394e-18
v 0.0625 0.03125 -1.9135106236677394e-18
v 0.09375 0.03125 -1.9135106236677394e-18
v 0.125 0.03125 -1.9135106236677394e-18
v 0.15625 0.03125 -1.9135106236677394e-18
v 0.1875 0.03125 -1.9135106236677394e-18
v 0.21875 0.03125 -1.9135106236677394e-18
v 0.25 0.03125 -1.9135106236677394e-18
v 0.28125 0.03125 -1.9135106236677394e-18
v 0.3125 0.03125 -1.9135106236677394e-18
v 0.34375 0.03125 -1.9135106236677394e-18
v 0.375 0.03125 -1.9135106236677394e-18
v 0.40625 0.03125 -1.9135106236677394e-18
v 0.4375 0.03125 -1.9135106236677394e-18
v 0.46875 0.03125 -1.9135106236677394e-18
v 0.5 0.03125 -1.9135106236677394e-18
v 0.53125 0.03125 -1.9135106236677394e-18
v 0.5625 0.03125 -1.9135106236677394e-18
v 0.59375 0.03125 -1.9135106236677394e-18
v 0.625 0.03125 -1.9135106236677394e-18
v 0.65625 0.03125 -1.9135106236677394e-18
v 0.6875 0.03125 -1.9135106236677394e-18
v 0.71875 0.03125 -1.9135106236677394e-18
v 0.75 0.03125 -1.9135106236677394e-18
v 0.78125 0.03125 -1.9135106236677394e-18
v 0.8125 0.03125 -1.9135106236677394e-18
v 0.84375 0.03125 -1.9135106236677394e-18
v 0.875 0.03125 -1.9135106236677394e-18
v 0.90625 0.03125 -1.9135106236677394e-18
v 0.9375 0.03125 -1.9135106236677394e-18
v 0.96875 0.03125 -1.9135106236677394e-18
v 1 0.03125 -1.9135106236677394e-18
v -1 0 0
v -0.96875 0 0
v -0.9375 0 0
v -0.90625 0 0
v -0.875 0 0
v -0.84375 0 0
v -0.8125 0 0
v -0.78125 0 0
v -0.75 0 0
v -0.71875 0 0
v -0.6875 0 0
v -0.65625 0 0
v -0.625 0 0
v -0.59375 0 0
v -0.5625 0 0
v -0.53125 0 0
v -0.5 0 0
v -0.46875 0 0
v -0.4375 0 0
v -0.40625 0 0
v -0.375 0 0
v -0.34375 0 0
v -0.3125 0 0
v -0.28125 0 0
v -0.25 0 0
v -0.21875 0 0
v -0.1875 0 0
v -0.15625 0 0
v -0.125 0 0
v -0.09375 0 0
v -0.0625 0 0
v -0.03125 0 0
v 0 0 0
v 0.03125 0 0
v 0.0625 0 0
v 0.09375 0 0
v 0.125 0 0
v 0.15625 0 0
v 0.1875 0 0
v 0.21875 0 0
v 0.25 0 0
v 0.28125 0 0
v 0.3125 0 0
v 0.34375 0 0
v 0.375 0 0
v 0.40625 0 0
v 0.4375 0 0
v 0.46875 0 0
v 0.5 0 0
v 0.53125 0 0
v 0.5625 0 0
v 0.59375 0 0
v 0.625 0 0
v 0.65625 0 0
v 0.6875 0 0
v 0.71875 0 0
v 0.75 0 0
v 0.78125 0 0
v 0.8125 0 0
v 0.84375 0 0
v 0.875 0 0
v 0.90625 0 0
v 0.9375 0 0
v 0.96875 0 0
v 1 0 0
v -1 -0.03125 1.9135106236677394e-18
v -0.96875 -0.03125 1.9135106236677394e-18
v -0.9375 -0.03125 1.9135106236677394e-18
v -0.90625 -0.03125 1.9135106236677394e-18
v -0.875 -0.03125 1.9135106236677394e-18
v -0.84375 -0.03125 1.9135106236677394e-18
v -0.8125 -0.03125 1.9135106236677394e-18
v -0.78125 -0.03125 1.9135106236677394e-18
v -0.75 -0.03125 1.9135106236677394e-18
v -0.71875 -0.03125 1.9135106236677394e-18
v -0.6875 -0.03125 1.9135106236677394e-18
v -0.65625 -0.03125 1.9135106236677394e-18
v -0.625 -0.03125 1.9135106236677394e-18
v -0.59375 -0.03125 1.9135106236677394e-18
v -0.5625 -0.03125 1.9135106236677394e-18
v -0.53125 -0.03125 1.9135106236677394e-18
v -0.5 -0.03125 1.9135106236677394e-18
v -0.46875 -0.03125 1.9135106236677394e-18
v -0.4375 -0.03125 1.9135106236677394e-18
v -0.40625 -0.03125 1.9135106236677394e-18
v -0.375 -0.03125 1.9135106236677394e-18
v -0.34375 -0.03125 1.9135106236677394e-18
v -0.3125 -0.03125 1.9135106236677394e-18
v -0.28125 -0.03125 1.9135106236677394e-18
v -0.25 -0.03125 1.9135106236677394e-18
v -0.21875 -0.03125 1.9135106236677394e-18
v -0.1875 -0.03125 1.9135106236677394e-18
v -0.15625 -0.03125 1.9135106236677394e-18
v -0.125 -0.03125 1.9135106236677394e-18
v -0.09375 -0.03125 1.9135106236677394e-18
v -0.0625 -0.03125 1.9135106236677394e-18
v -0.03125 -0.03125 1.9135106236677394e-18
v 0 -0.03125 1.9135106236677394e-18
v 0.03125 -0.03125 1.9135106236677394e-18
v 0.0625 -0.03125 1.9135106236677394e-18
v 0.09375 -0.03125 1.9135106236677394e-18
v 0.125 -0.03125 1.9135106236677394e-18
v 0.15625 -0.03125 1.9135106236677394e-18
v 0.1875 -0.03125 1.9135106236677394e-18
v 0.21875 -0.03125 1.9135106236677394e-18
v 0.25 -0.03125 1.9135106236677394e-18
v 0.28125 -0.03125 1.9135106236677394e-18
v 0.3125 -0.03125 1.9135106236677394e-18
v 0.34375 -0.03125 1.9135106236677394e-18
v 0.375 -0.03125 1.9135106236677394e-18
v 0.40625 -0.03125 1.9135106236677394e-18
v 0.4375 -0.03125 1.9135106236677394e-18
v 0.46875 -0.03125 1.9135106236677394e-18
v 0.5 -0.03125 1.9135106236677394e-18
v 0.53125 -0.03125 1.9135106236677394e-18
v 0.5625 -0.03125 1.9135106236677394e-18
v 0.59375 -0.03125 1.9135106236677394e-18
v 0.625 -0.03125 1.9135106236677394e-18
v 0.65625 -0.03125 1.9135106236677394e-18
v 0.6875 -0.03125 1.9135106236677394e-18
v 0.71875 -0.03125 1.9135106236677394e-18
v 0.75 -0.03125 1.9135106236677394e-18
v 0.78125 -0.03125 1.9135106236677394e-18
v 0.8125 -0.03125 1.9135106236677394e-18
v 0.84375 -0.03125 1.9135106236677394e-18
v 0.875 -0.03125 1.9135106236677394e-18
v 0.90625 -0.03125 1.9135106236677394e-18
v 0.9375 -0.03125 1.9135106236677394e-18
v 0.96875 -0.03125 1.9135106236677394e-18
v 1 -0.03125 1.9135106236677394e-18
v -1 -0.0625 3.8270212473354788e-18
v -0.96875 -0.0625 3.8270212473354788e-18
v -0.9375 -0.0625 3.8270212473354788e-18
v -0.90625 -0.0625 3.8270212473354788e-18
v -0.875 -0.0625 3.8270212473354788e-18
v -0.84375 -0.0625 3.8270212473354788e-18
v -0.8125 -0.0625 3.8270212473354788e-18
v -0.78125 -0.0625 3.8270212473354788e-18
v -0.75 -0.0625 3.8270212473354788e-18
v -0.71875 -0.0625 3.8270212473354788e-18
v -0.6875 -0.0625 3.8270212473354788e-18
v -0.65625 -0.0625 3.8270212473354788e-18
v -0.625 -0.0625 3.8270212473354788e-18
v -0.59375 -0.0625 3.8270212473354788e-18
v -0.5625 -0.0625 3.8270212473354788e-18
v -0.53125 -0.0625 3.8270212473354788e-18
v -0.5 -0.0625 3.8270212473354788e-18
v -0.46875 -0.0625 3.8270212473354788e-18
v -0.4375 -0.0625 3.8270212473354788e-18
v -0.40625 -0.0625 3.8270212473354788e-18
v -0.375 -0.0625 3.8270212473354788e-18
v -0.34375 -0.0625 3.8270212473354788e-18
v -0.3125 -0.0625 3.8270212473354788e-18
v -0.28125 -0.0625 3.8270212473354788e-18
v -0.25 -0.0625 3.8270212473354788e-18
v -0.21875 -0.0625 3.8270212473354788e-18
v -0.1875 -0.0625 3.8270212473354788e-18
v -0.15625 -0.0625 3.8270212473354788e-18
v -0.125 -0.0625 3.8270212473354788e-18
v -0.09375 -0.0625 3.8270212473354788e-18
v -0.0625 -0.0625 3.8270212473354788e-18
v -0.03125 -0.0625 3.8270212473354788e-18
v 0 -0.0625 3.8270212473354788e-18
v 0.03125 -0.0625 3.8270212473354788e-18
v 0.0625 -0.0625 3.8270212473354788e-18
v 0.09375 -0.0625 3.8270212473354788e-18
v 0.125 -0.0625 3.8270212473354788e-18
v 0.15625 -0.0625 3.8270212473354788e-18
v 0.1875 -0.0625 3.8270212473354788e-18
v 0.21875 -0.0625 3.8270212473354788e-18
v 0.25 -0.0625 3.8270212473354788e-18
v 0.28125 -0.0625 3.8270212473354788e-18
v 0.3125 -0.0625 3.8270212473354788e-18
v 0.34375 -0.0625 3.8270212473354788e-18
v 0.375 -0.0625 3.8270212473354788e-18
v 0.40625 -0.0625 3.8270212473354788e-18
v 0.4375 -0.0625 3.8270212473354788e-18
v 0.46875 -0.0625 3.8270212473354788e-18
v 0.5 -0.0625 3.8270212473354788e-18
v 0.53125 -0.0625 3.8270212473354788e-18
v 0.5625 -0.0625 3.8270212473354788e-18
v 0.59375 -0.0625 3.8270212473354788e-18
v 0.625 -0.0625 3.8270212473354788e-18
v 0.65625 -0.0625 3.8270212473354788e-18
v 0.6875 -0.0625 3.8270212473354788e-18
v 0.71875 -0.0625 3.8270212473354788e-18
v 0.75 -0.0625 3.8270212473354788e-18
v 0.78125 -0.0625 3.8270212473354788e-18
v 0.8125 -0.0625 3.8270212473354788e-18
v 0.84375 -0.0625 3.8270212473354788e-18
v 0.875 -0.0625 3.8270212473354788e-18
v 0.90625 -0.0625 3.8270212473354788e-18
v 0.9375 -0.0625 3.8270212473354788e-18
v 0.96875 -0.0625 3.8270212473354788e-18
v 1 -0.0625 3.8270212473354788e-18
v -1 -0.09375 5.7405318710032178e-18
v -0.96875 -0.09375 5.7405318710032178e-18
v -0.9375 -0.09375 5.7405318710032178e-18
v -0.90625 -0.09375 5.7405318710032178e-18
v -0.875 -0.09375 5.7405318710032178e-18
v -0.84375 -0.09375 5.7405318710032178e-18
v -0.8125 -0.09375 5.7405318710032178e-18
v -0.78125 -0.09375 5.7405318710032178e-18
v -0.75 -0.09375 5.7405318710032178e-18
v -0.71875 -0.09375 5.7405318710032178e-18
v -0.6875 -0.09375 5.7405318710032178e-18
v -0.65625 -0.09375 5.7405318710032178e-18
v -0.625 -0.09375 5.7405318710032178e-18
v -0.59375 -0.09375 5.7405318710032178e-18
v -0.5625 -0.09375 5.7405318710032178e-18
v -0.53125 -0.09375 5.7405318710032178e-18
v -0.5 -0.09375 5.7405318710032178e-18
v -0.46875 -0.09375 5.7405318710032178e-18
v -0.4375 -0.09375 5.7405318710032178e-18
v -0.40625 -0.09375 5.7405318710032178e-18
v -0.375 -0.09375 5.7405318710032178e-18
v -0.34375 -0.09375 5.7405318710032178e-18
v -0.3125 -0.09375 5.7405318710032178e-18
v -0.28125 -0.09375 5.7405318710032178e-18
v -0.25 -0.09375 5.7405318710032178e-18
v -0.21875 -0.09375 5.7405318710032178e-18
v -0.1875 -0.09375 5.7405318710032178e-18
v -0.15625 -0.09375 5.7405318710032178e-18
v -0.125 -0.09375 5.7405318710032178e-18
v -0.09375 -0.09375 5.7405318710032178e-18
v -0.0625 -0.09375 5.7405318710032178e-18
v -0.03125 -0.09375 5.7405318710032178e-18
v 0 -0.09375 5.7405318710032178e-18
v 0.03125 -0.09375 5.7405318710032178e-18
v 0.0625 -0.09375 5.7405318710032178e-18
v 0.09375 -0.09375 5.7405318710032178e-18
v 0.125 -0.09375 5.7405318710032178e-18
v 0.15625 -0.09375 5.7405318710032178e-18
v 0.1875 -0.09375 5.7405318710032178e-18
v 0.21875 -0.09375 5.7405318710032178e-18
v 0.25 -0.09375 5.7405318710032178e-18
v 0.28125 -0.09375 5.7405318710032178e-18
v 0.3125 -0.09375 5.7405318710032178e-18
v 0.34375 -0.09375 5.7405318710032178e-18
v 0.375 -0.09375 5.7405318710032178e-18
v 0.40625 -0.09375 5.7405318710032178e-18
v 0.4375 -0.09375 5.7405318710032178e-18
v 0.46875 -0.09375 5.7405318710032178e-18
v 0.5 -0.09375 5.7405318710032178e-18
v 0.53125 -0.09375 5.7405318710032178e-18
v 0.5625 -0.09375 5.7405318710032178e-18
v 0.59375 -0.09375 5.7405318710032178e-18
v 0.625 -0.09375 5.7405318710032178e-18
v 0.65625 -0.09375 5.7405318710032178e-18
v 0.6875 -0.09375 5.7405318710032178e-18
v 0.71875 -0.09375 5.7405318710032178e-18
v 0.75 -0.09375 5.7405318710032178e-18
v 0.78125 -0.09375 5.7405318710032178e-18
v 0.8125 -0.09375 5.7405318710032178e-18
v 0.84375 -0.09375 5.7405318710032178e-18
v 0.875 -0.09375 5.7405318710032178e-18
v 0.90625 -0.09375 5.7405318710032178e-18
v 0.9375 -0.09375 5.7405318710032178e-18
v 0.96875 -0.09375 5.7405318710032178e-18
v 1 -0.09375 5.7405318710032178e-18
v -1 -0.125 7.6540424946709575e-18
v -0.96875 -0.125 7.6540424946709575e-18
v -0.9375 -0.125 7.6540424946709575e-18
v -0.90625 -0.125 7.6540424946709575e-18
v -0.875 -0.125 7.6540424946709575e-18
v -0.84375 -0.125 7.6540424946709575e-18
v -0.8125 -0.125 7.6540424946709575e-18
v -0.78125 -0.125 7.6540424946709575e-18
v -0.75 -0.125 7.6540424946709575e-18
v -0.71875 -0.125 7.6540424946709575e-18
v -0.6875 -0.125 7.6540424946709575e-18
v -0.65625 -0.125 7.6540424946709575e-18
v -0.625 -0.125 7.6540424946709575e-18
v -0.59375 -0.125 7.6540424946709575e-18
v -0.5625 -0.125 7.6540424946709575e-18
v -0.53125 -0.125 7.6540424946709575e-18
v -0.5 -0.125 7.6540424946709575e-18
v -0.46875 -0.125 7.6540424946709575e-18
v -0.4375 -0.125 7.6540424946709575e-18
v -0.40625 -0.125 7.6540424946709575e-18
v -0.375 -0.125 7.6540424946709575e-18
v -0.34375 -0.125 7.6540424946709575e-18
v -0.3125 -0.125 7.6540424946709575e-18
v -0.28125 -0.125 7.6540424946709575e-18
v -0.25 -0.125 7.6540424946709575e-18
v -0.21875 -0.125 7.6540424946709575e-18
v -0.1875 -0.125 7.6540424946709575e-18
v -0.15625 -0.125 7.6540424946709575e-18
v -0.125 -0.125 7.6540424946709575e-18
v -0.09375 -0.125 7.6540424946709575e-18
v -0.0625 -0.125 7.6540424946709575e-18
v -0.03125 -0.125 7.6540424946709575e-18
v 0 -0.125 7.6540424946709575e-18
v 0.03125 -0.125 7.6540424946709575e-18
v 0.0625 -0.125 7.6540424946709575e-18
v 0.09375 -0.125 7.6540424946709575e-18
v 0.125 -0.125 7.6540424946709575e-18
v 0.15625 -0.125 7.6540424946709575e-18
v 0.1875 -0.125 7.6540424946709575e-18
v 0.21875 -0.125 7.6540424946709575e-18
v 0.25 -0.125 7.6540424946709575e-18
v 0.28125 -0.125 7.6540424946709575e-18
v 0.3125 -0.125 7.6540424946709575e-18
v 0.34375 -0.125 7.6540424946709575e-18
v 0.375 -0.125 7.6540424946709575e-18
v 0.40625 -0.125 7.6540424946709575e-18
v 0.4375 -0.125 7.6540424946709575e-18
v 0.46875 -0.125 7.6540424946709575e-18
v 0.5 -0.125 7.6540424946709575e-18
v 0.53125 -0.125 7.6540424946709575e-18
v 0.5625 -0.125 7.6540424946709575e-18
v 0.59375 -0.125 7.6540424946709575e-18
v 0.625 -0.125 7.6540424946709575e-18
v 0.65625 -0.125 7.6540424946709575e-18
v 0.6875 -0.125 7.6540424946709575e-18
v 0.71875 -0.125 7.6540424946709575e-18
v 0.75 -0.125 7.6540424946709575e-18
v 0.78125 -0.125 7.6540424946709575e-18
v 0.8125 -0.125 7.6540424946709575e-18
v 0.84375 -0.125 7.6540424946709575e-18
v 0.875 -0.125 7.6540424946709575e-18
v 0.90625 -0.125 7.6540424946709575e-18
v 0.9375 -0.125 7.6540424946709575e-18
v 0.96875 -0.125 7.6540424946709575e-18
v 1 -0.125 7.6540424946709575e-18
v -1 -0.15625 9.5675531183386973e-18
v -0.96875 -0.15625 9.5675531183386973e-18
v -0.9375 -0.15625 9.5675531183386973e-18
v -0.90625 -0.15625 9.5675531183386973e-18
v -0.875 -0.15625 9.5675531183386973e-18
v -0.84375 -0.15625 9.5675531183386973e-18
v -0.8125 -0.15625 9.5675531183386973e-18
v -0.78125 -0.15625 9.5675531183386973e-18
v -0.75 -0.15625 9.5675531183386973e-18
v -0.71875 -0.15625 9.5675531183386973e-18
v -0.6875 -0.15625 9.5675531183386973e-18
v -0.65625 -0.15625 9.5675531183386973e-18
v -0.625 -0.15625 9.5675531183386973e-18
v -0.59375 -0.15625 9.5675531183386973e-18
v -0.5625 -0.15625 9.5675531183386973e-18
v -0.53125 -0.15625 9.5675531183386973e-18
v -0.5 -0.15625 9.5675531183386973e-18
v -0.46875 -0.15625 9.5675531183386973e-18
v -0.4375 -0.15625 9.5675531183386973e-18
v -0.40625 -0.15625 9.5675531183386973e-18
v -0.375 -0.15625 9.5675531183386973e-18
v -0.34375 -0.15625 9.5675531183386973e-18
v -0.3125 -0.15625 9.5675531183386973e-18
v -0.28125 -0.15625 9.5675531183386973e-18
v -0.25 -0.15625 9.5675531183386973e-18
v -0.21875 -0.15625 9.5675531183386973e-18
v -0.1875 -0.15625 9.5675531183386973e-18
v -0.15625 -0.15625 9.5675531183386973e-18
v -0.125 -0.15625 9.5675531183386973e-18
v -0.09375 -0.15625 9.5675531183386973e-18
v -0.0625 -0.15625 9.5675531183386973e-18
v -0.03125 -0.15625 9.5675531183386973e-18
v 0 -0.15625 9.5675531183386973e-18
v 0.03125 -0.15625 9.5675531183386973e-18
v 0.0625 -0.15625 9.5675531183386973e-18
v 0.09375 -0.15625 9.5675531183386973e-18
v 0.125 -0.15625 9.5675531183386973e-18
v 0.15625 -0.15625 9.5675531183386973e-18
v 0.1875 -0.15625 9.5675531183386973e-18
v 0.21875 -0.15625 9.5675531183386973e-18
v 0.25 -0.15625 9.5675531183386973e-18
v 0.28125 -0.15625 9.5675531183386973e-18
v 0.3125 -0.15625 9.5675531183386973e-18
v 0.34375 -0.15625 9.5675531183386973e-18
v 0.375 -0.15625 9.5675531183386973e-18
v 0.40625 -0.15625 9.5675531183386973e-18
v 0.4375 -0.15625 9.5675531183386973e-18
v 0.46875 -0.15625 9.5675531183386973e-18
v 0.5 -0.15625 9.5675531183386973e-18
v 0.53125 -0.15625 9.5675531183386973e-18
v 0.5625 -0.15625 9.5675531183386973e-18
v 0.59375 -0.15625 9.5675531183386973e-18
v 0.625 -0.15625 9.5675531183386973e-18
v 0.65625 -0.15625 9.5675531183386973e-18
v 0.6875 -0.15625 9.5675531183386973e-18
v 0.71875 -0.15625 9.5675531183386973e-18
v 0.75 -0.15625 9.5675531183386973e-18
v 0.78125 -0.15625 9.5675531183386973e-18
v 0.8125 -0.15625 9.5675531183386973e-18
v 0.84375 -0.15625 9.5675531183386973e-18
v 0.875 -0.15625 9.5675531183386973e-18
v 0.90625 -0.15625 9.5675531183386973e-18
v 0.9375 -0.15625 9.5675531183386973e-18
v 0.96875 -0.15625 9.5675531183386973e-18
v 1 -0.15625 9.5675531183386973e-18
v -1 -0.1875 1.1481063742006436e-17
v -0.96875 -0.1875 1.1481063742006436e-17
v -0.9375 -0.1875 1.1481063742006436e-17
v -0.90625 -0.1875 1.1481063742006436e-17
v -0.875 -0.1875 1.1481063742006436e-17
v -0.84375 -0.1875 1.1481063742006436e-17
v -0.8125 -0.1875 1.1481063742006436e-17
v -0.78125 -0.1875 1.1481063742006436e-17
v -0.75 -0.1875 1.1481063742006436e-17
v -0.71875 -0.1875 1.1481063742006436e-17
v -0.6875 -0.1875 1.1481063742006436e-17
v -0.65625 -0.1875 1.1481063742006436e-17
v -0.625 -0.1875 1.1481063742006436e-17
v -0.59375 -0.1875 1.1481063742006436e-17
v -0.5625 -0.1875 1.1481063742006436e-17
v -0.53125 -0.1875 1.1481063742006436e-17
v -0.5 -0.1875 1.1481063742006436e-17
v -0.46875 -0.1875 1.1481063742006436e-17
v -0.4375 -0.1875 1.1481063742006436e-17
v -0.40625 -0.1875 1.1481063742006436e-17
v -0.375 -0.1875 1.1481063742006436e-17
v -0.34375 -0.1875 1.1481063742006436e-17
v -0.3125 -0.1875 1.1481063742006436e-17
v -0.28125 -0.1875 1.1481063742006436e-17
v -0.25 -0.1875 1.1481063742006436e-17
v -0.21875 -0.1875 1.1481063742006436e-17
v -0.1875 -0.1875 1.1481063742006436e-17
v -0.15625 -0.1875 1.1481063742006436e-17
v -0.125 -0.1875 1.1481063742006436e-17
v -0.09375 -0.1875 1.1481063742006436e-17
v -0.0625 -0.1875 1.1481063742006436e-17
v -0.03125 -0.1875 1.1481063742006436e-17
v 0 -0.1875 1.1481063742006436e-17
v 0.03125 -0.1875 1.1481063742006436e-17
v 0.0625 -0.1875 1.1481063742006436e-17
v 0.09375 -0.1875 1.1481063742006436e-17
v 0.125 -0.1875 1.1481063742006436e-17
v 0.15625 -0.1875 1.1481063742006436e-17
v 0.1875 -0.1875 1.1481063742006436e-17
v 0.21875 -0.1875 1.1481063742006436e-17
v 0.25 -0.1875 1.1481063742006436e-17
v 0.28125 -0.1875 1.1481063742006436e-17
v 0.3125 -0.1875 1.1481063742006436e-17
v 0.34375 -0.1875 1.1481063742006436e-17
v 0.375 -0.1875 1.1481063742006436e-17
v 0.40625 -0.1875 1.1481063742006436e-17
v 0.4375 -0.1875 1.1481063742006436e-17
v 0.46875 -0.1875 1.1481063742006436e-17
v 0.5 -0.1875 1.1481063742006436e-17
v 0.53125 -0.1875 1.1481063742006436e-17
v 0.5625 -0.1875 1.1481063742006436e-17
v 0.59375 -0.1875 1.1481063742006436e-17
v 0.625 -0.1875 1.1481063742006436e-17
v 0.65625 -0.1875 1.1481063742006436e-17
v 0.6875 -0.1875 1.1481063742006436e-17
v 0.71875 -0.1875 1.1481063742006436e-17
v 0.75 -0.1875 1.1481063742006436e-17
v 0.78125 -0.1875 1.1481063742006436e-17
v 0.8125 -0.1875 1.1481063742006436e-17
v 0.84375 -0.1875 1.1481063742006436e-17
v 0.875 -0.1875 1.1481063742006436e-17
v 0.90625 -0.1875 1.1481063742006436e-17
v 0.9375 -0.1875 1.1481063742006436e-17
v 0.96875 -0.1875 1.1481063742006436e-17
v 1 -0.1875 1.1481063742006436e-17
v -1 -0.21875 1.3394574365674175e-17
v -0.96875 -0.21875 1.3394574365674175e-17
v -0.9375 -0.21875 1.3394574365674175e-17
v -0.90625 -0.21875 1.3394574365674175e-17
v -0.875 -0.21875 1.3394574365674175e-17
v -0.84375 -0.21875 1.3394574365674175e-17
v -0.8125 -0.21875 1.3394574365674175e-17
v -0.78125 -0.21875 1.3394574365674175e-17
v -0.75 -0.21875 1.3394574365674175e-17
v -0.71875 -0.21875 1.3394574365674175e-17
v -0.6875 -0.21875 1.3394574365674175e-17
v -0.65625 -0.21875 1.3394574365674175e-17
v -0.625 -0.21875 1.3394574365674175e-17
v -0.59375 -0.21875 1.3394574365674175e-17
v -0.5625 -0.21875 1.3394574365674175e-17
v -0.53125 -0.21875 1.3394574365674175e-17
v -0.5 -0.21875 1.3394574365674175e-17
v -0.46875 -0.21875 1.3394574365674175e-17
v -0.4375 -0.21875 1.3394574365674175e-17
v -0.40625 -0.21875 1.3394574365674175e-17
v -0.375 -0.21875 1.3394574365674175e-17
v -0.34375 -0.21875 1.3394574365674175e-17
v -0.3125 -0.21875 1.3394574365674175e-17
v -0.28125 -0.21875 1.3394574365674175e-17
v -0.25 -0.21875 1.3394574365674175e-17
v -0.21875 -0.21875 1.3394574365674175e-17
v -0.1875 -0.21875 1.3394574365674175e-17
v -0.15625 -0.21875 1.3394574365674175e-17
v -0.125 -0.21875 1.3394574365674175e-17
v -0.09375 -0.21875 1.3394574365674175e-17
v -0.0625 -0.21875 1.3394574365674175e-17
v -0.03125 -0.21875 1.3394574365674175e-17
v 0 -0.21875 1.3394574365674175e-17
v 0.03125 -0.21875 1.3394574365674175e-17
v 0.0625 -0.21875 1.3394574365674175e-17
v 0.09375 -0.21875 1.3394574365674175e-17
v 0.125 -0.21875 1.3394574365674175e-17
v 0.15625 -0.21875 1.3394574365674175e-17
v 0.1875 -0.21875 1.3394574365674175e-17
v 0.21875 -0.21875 1.3394574365674175e-17
v 0.25 -0.21875 1.3394574365674175e-17
v 0.28125 -0.21875 1.3394574365674175e-17
v 0.3125 -0.21875 1.3394574365674175e-17
v 0.34375 -0.21875 1.3394574365674175e-17
v 0.375 -0.21875 1.3394574365674175e-17
v 0.40625 -0.21875 1.3394574365674175e-17
v 0.4375 -0.21875 1.3394574365674175e-17
v 0.46875 -0.21875 1.3394574365674175e-17
v 0.5 -0.21875 1.3394574365674175e-17
v 0.53125 -0.21875 1.3394574365674175e-17
v 0.5625 -0.21875 1.3394574365674175e-17
v 0.59375 -0.21875 1.3394574365674175e-17
v 0.625 -0.21875 1.3394574365674175e-17
v 0.65625 -0.21875 1.3394574365674175e-17
v 0.6875 -0.21875 1.3394574365674175e-17
v 0.71875 -0.21875 1.3394574365674175e-17
v 0.75 -0.21875 1.3394574365674175e-17
v 0.78125 -0.21875 1.3394574365674175e-17
v 0.8125 -0.21875 1.3394574365674175e-17
v 0.84375 -0.21875 1.3394574365674175e-17
v 0.875 -0.21875 1.3394574365674175e-17
v 0.90625 -0.21875 1.3394574365674175e-17
v 0.9375 -0.21875 1.3394574365674175e-17
v 0.96875 -0.21875 1.3394574365674175e-17
v 1 -0.21875 1.3394574365674175e-17
v -1 -0.25 1.5308084989341915e-17
v -0.96875 -0.25 1.5308084989341915e-17
v -0.9375 -0.25 1.5308084989341915e-17
v -0.90625 -0.25 1.5308084989341915e-17
v -0.875 -0.25 1.5308084989341915e-17
v -0.84375 -0.25 1.5308084989341915e-17
v -0.8125 -0.25 1.5308084989341915e-17
v -0.78125 -0.25 1.5308084989341915e-17
v -0.75 -0.25 1.5308084989341915e-17
v -0.71875 -0.25 1.5308084989341915e-17
v -0.6875 -0.25 1.5308084989341915e-17
v -0.65625 -0.25 1.5308084989341915e-17
v -0.625 -0.25 1.5308084989341915e-17
v -0.59375 -0.25 1.5308084989341915e-17
v -0.5625 -0.25 1.5308084989341915e-17
v -0.53125 -0.25 1.5308084989341915e-17
v -0.5 -0.25 1.5308084989341915e-17
v -0.46875 -0.25 1.5308084989341915e-17
v -0.4375 -0.25 1.5308084989341915e-17
v -0.40625 -0.25 1.5308084989341915e-17
v -0.375 -0.25 1.5308084989341915e-17
v -0.34375 -0.25 1.5308084989341915e-17
v -0.3125 -0.25 1.5308084989341915e-17
v -0.28125 -0.25 1.5308084989341915e-17
v -0.25 -0.25 1.5308084989341915e-17
v -0.21875 -0.25 1.5308084989341915e-17
v -0.1875 -0.25 1.5308084989341915e-17
v -0.15625 -0.25 1.5308084989341915e-17
v -0.125 -0.25 1.5308084989341915e-17
v -0.09375 -0.25 1.5308084989341915e-17
v -0.0625 -0.25 1.5308084989341915e-17
v -0.03125 -0.25 1.5308084989341915e-17
v 0 -0.25 1.5308084989341915e-17
v 0.03125 -0.25 1.5308084989341915e-17
v 0.0625 -0.25 1.5308084989341915e-17
v 0.09375 -0.25 1.5308084989341915e-17
v 0.125 -0.25 1.5308084989341915e-17
v 0.15625 -0.25 1.5308084989341915e-17
v 0.1875 -0.25 1.5308084989341915e-17
v 0.21875 -0.25 1.5308084989341915e-17
v 0.25 -0.25 1.5308084989341915e-17
v 0.28125 -0.25 1.5308084989341915e-17
v 0.3125 -0.25 1.5308084989341915e-17
v 0.34375 -0.25 1.5308084989341915e-17
v 0.375 -0.25 1.5308084989341915e-17
v 0.40625 -0.25 1.5308084989341915e-17
v 0.4375 -0.25 1.5308084989341915e-17
v 0.46875 -0.25 1.5308084989341915e-17
v 0.5 -0.25 1.5308084989341915e-17
v 0.53125 -0.25 1.5308084989341915e-17
v 0.5625 -0.25 1.5308084989341915e-17
v 0.59375 -0.25 1.5308084989341915e-17
v 0.625 -0.25 1.5308084989341915e-17
v 0.65625 -0.25 1.5308084989341915e-17
v 0.6875 -0.25 1.5308084989341915e-17
v 0.71875 -0.25 1.5308084989341915e-17
v 0.75 -0.25 1.5308084989341915e-17
v 0.78125 -0.25 1.5308084989341915e-17
v 0.8125 -0.25 1.5308084989341915e-17
v 0.84375 -0.25 1.5308084989341915e-17
v 0.875 -0.25 1.5308084989341915e-17
v 0.90625 -0.25 1.5308084989341915e-17
v 0.9375 -0.25 1.5308084989341915e-17
v 0.96875 -0.25 1.5308084989341915e-17
v 1 -0.25 1.5308084989341915e-17
v -1 -0.28125 1.7221595613009655e-17
v -0.96875 -0.28125 1.7221595613009655e-17
v -0.9375 -0.28125 1.7221595613009655e-17
v -0.90625 -0.28125 1.7221595613009655e-17
v -0.875 -0.28125 1.7221595613009655e-17
v -0.84375 -0.28125 1.7221595613009655e-17
v -0.8125 -0.28125 1.7221595613009655e-17
v -0.78125 -0.28125 1.7221595613009655e-17
v -0.75 -0.28125 1.7221595613009655e-17
v -0.71875 -0.28125 1.7221595613009655e-17
v -0.6875 -0.28125 1.7221595613009655e-17
v -0.65625 -0.28125 1.7221595613009655e-17
v -0.625 -0.28125 1.7221595613009655e-17
v -0.59375 -0.28125 1.7221595613009655e-17
v -0.5625 -0.28125 1.7221595613009655e-17
v -0.53125 -0.28125 1.7221595613009655e-17
v -0.5 -0.28125 1.7221595613009655e-17
v -0.46875 -0.28125 1.7221595613009655e-17
v -0.4375 -0.28125 1.7221595613009655e-17
v -0.40625 -0.28125 1.7221595613009655e-17
v -0.375 -0.28125 1.7221595613009655e-17
v -0.34375 -0.28125 1.7221595613009655e-17
v -0.3125 -0.28125 1.7221595613009655e-17
v -0.28125 -0.28125 1.7221595613009655e-17
v -0.25 -0.28125 1.7221595613009655e-17
v -0.21875 -0.28125 1.7221595613009655e-17
v -0.1875 -0.28125 1.7221595613009655e-17
v -0.15625 -0.28125 1.7221595613009655e-17
v -0.125 -0.28125 1.7221595613009655e-17
v -0.09375 -0.28125 1.7221595613009655e-17
v -0.0625 -0.28125 1.7221595613009655e-17
v -0.03125 -0.28125 1.7221595613009655e-17
v 0 -0.28125 1.7221595613009655e-17
v 0.03125 -0.28125 1.7221595613009655e-17
v 0.0625 -0.28125 1.7221595613009655e-17
v 0.09375 -0.28125 1.7221595613009655e-17
v 0.125 -0.28125 1.7221595613009655e-17
v 0.15625 -0.28125 1.7221595613009655e-17
v 0.1875 -0.28125 1.7221595613009655e-17
v 0.21875 -0.28125 1.7221595613009655e-17
v 0.25 -0.28125 1.7221595613009655e-17
v 0.28125 -0.28125 1.7221595613009655e-17
v 0.3125 -0.28125 1.7221595613009655e-17
v 0.34375 -0.28125 1.7221595613009655e-17
v 0.375 -0.28125 1.7221595613009655e-17
v 0.40625 -0.28125 1.7221595613009655e-17
v 0.4375 -0.28125 1.7221595613009655e-17
v 0.46875 -0.28125 1.7221595613009655e-17
v 0.5 -0.28125 1.7221595613009655e-17
v 0.53125 -0.28125 1.7221595613009655e-17
v 0.5625 -0.28125 1.7221595613009655e-17
v 0.59375 -0.28125 1.7221595613009655e-17
v 0.625 -0.28125 1.7221595613009655e-17
v 0.65625 -0.28125 1.7221595613009655e-17
v 0.6875 -0.28125 1.7221595613009655e-17
v 0.71875 -0.28125 1.7221595613009655e-17
v 0.75 -0.28125 1.7221595613009655e-17
v 0.78125 -0.28125 1.7221595613009655e-17
v 0.8125 -0.28125 1.7221595613009655e-17
v 0.84375 -0.28125 1.7221595613009655e-17
v 0.875 -0.28125 1.7221595613009655e-17
v 0.90625 -0.28125 1.7221595613009655e-17
v 0.9375 -0.28125 1.7221595613009655e-17
v 0.96875 -0.28125 1.7221595613009655e-17
v 1 -0.28125 1.7221595613009655e-17
v -1 -0.3125 1.9135106236677395e-17
v -0.96875 -0.3125 1.9135106236677395e-17
v -0.9375 -0.3125 1.9135106236677395e-17
v -0.90625 -0.3125 1.9135106236677395e-17
v -0.875 -0.3125 1.9135106236677395e-17
v -0.84375 -0.3125 1.9135106236677395e-17
v -0.8125 -0.3125 1.9135106236677395e-17
v -0.78125 -0.3125 1.9135106236677395e-17
v -0.75 -0.3125 1.9135106236677395e-17
v -0.71875 -0.3125 1.9135106236677395e-17
v -0.6875 -0.3125 1.9135106236677395e-17
v -0.65625 -0.3125 1.9135106236677395e-17
v -0.625 -0.3125 1.9135106236677395e-17
v -0.59375 -0.3125 1.9135106236677395e-17
v -0.5625 -0.3125 1.9135106236677395e-17
v -0.53125 -0.3125 1.9135106236677395e-17
v -0.5 -0.3125 1.9135106236677395e-17
v -0.46875 -0.3125 1.9135106236677395e-17
v -0.4375 -0.3125 1.9135106236677395e-17
v -0.40625 -0.3125 1.9135106236677395e-17
v -0.375 -0.3125 1.9135106236677395e-17
v -0.34375 -0.3125 1.9135106236677395e-17
v -0.3125 -0.3125 1.9135106236677395e-17
v -0.28125 -0.3125 1.9135106236677395e-17
v -0.25 -0.3125 1.9135106236677395e-17
v -0.21875 -0.3125 1.9135106236677395e-17
v -0.1875 -0.3125 1.9135106236677395e-17
v -0.15625 -0.3125 1.9135106236677395e-17
v -0.125 -0.3125 1.9135106236677395e-17
v -0.09375 -0.3125 1.9135106236677395e-17
v -0.0625 -0.3125 1.9135106236677395e-17
v -0.03125 -0.3125 1.9135106236677395e-17
v 0 -0.3125 1.9135106236677395e-17
v 0.03125 -0.3125 1.9135106236677395e-17
v 0.0625 -0.3125 1.9135106236677395e-17
v 0.09375 -0.3125 1.9135106236677395e-17
v 0.125 -0.3125 1.9135106236677395e-17
v 0.15625 -0.3125 1.9135106236677395e-17
v 0.1875 -0.3125 1.9135106236677395e-17
v 0.21875 -0.3125 1.9135106236677395e-17
v 0.25 -0.3125 1.9135106236677395e-17
v 0.28125 -0.3125 1.9135106236677395e-17
v 0.3125 -0.3125 1.9135106236677395e-17
v 0.34375 -0.3125 1.9135106236677395e-17
v 0.375 -0.3125 1.9135106236677395e-17
v 0.40625 -0.3125 1.9135106236677395e-17
v 0.4375 -0.3125 1.9135106236677395e-17
v 0.46875 -0.3125 1.9135106236677395e-17
v 0.5 -0.3125 1.9135106236677395e-17
v 0.53125 -0.3125 1.9135106236677395e-17
v 0.5625 -0.3125 1.9135106236677395e-17
v 0.59375 -0.3125 1.9135106236677395e-17
v 0.625 -0.3125 1.9135106236677395e-17
v 0.65625 -0.3125 1.9135106236677395e-17
v 0.6875 -0.3125 1.9135106236677395e-17
v 0.71875 -0.3125 1.9135106236677395e-17
v 0.75 -0.3125 1.9135106236677395e-17
v 0.78125 -0.3125 1.9135106236677395e-17
v 0.8125 -0.3125 1.9135106236677395e-17
v 0.84375 -0.3125 1.9135106236677395e-17
v 0.875 -0.3125 1.9135106236677395e-17
v 0.90625 -0.3125 1.9135106236677395e-17
v 0.9375 -0.3125 1.9135106236677395e-17
v 0.96875 -0.3125 1.9135106236677395e-17
v 1 -0.3125 1.9135106236677395e-17
v -1 -0.34375 2.1048616860345134e-17
v -0.96875 -0.34375 2.1048616860345134e-17
v -0.9375 -0.34375 2.1048616860345134e-17
v -0.90625 -0.34375 2.1048616860345134e-17
v -0.875 -0.34375 2.1048616860345134e-17
v -0.84375 -0.34375 2.1048616860345134e-17
v -0.8125 -0.34375 2.1048616860345134e-17
v -0.78125 -0.34375 2.1048616860345134e-17
v -0.75 -0.34375 2.1048616860345134e-17
v -0.71875 -0.34375 2.1048616860345134e-17
v -0.6875 -0.34375 2.1048616860345134e-17
v -0.65625 -0.34375 2.1048616860345134e-17
v -0.625 -0.34375 2.1048616860345134e-17
v -0.59375 -0.34375 2.1048616860345134e-17
v -0.5625 -0.34375 2.1048616860345134e-17
v -0.53125 -0.34375 2.1048616860345134e-17
v -0.5 -0.34375 2.1048616860345134e-17
v -0.46875 -0.34375 2.1048616860345134e-17
v -0.4375 -0.34375 2.1048616860345134e-17
v -0.40625 -0.34375 2.1048616860345134e-17
v -0.375 -0.34375 2.1048616860345134e-17
v -0.34375 -0.34375 2.1048616860345134e-17
v -0.3125 -0.34375 2.1048616860345134e-17
v -0.28125 -0.34375 2.1048616860345134e-17
v -0.25 -0.34375 2.1048616860345134e-17
v -0.21875 -0.34375 2.1048616860345134e-17
v -0.1875 -0.34375 2.1048616860345134e-17
v -0.15625 -0.34375 2.1048616860345134e-17
v -0.125 -0.34375 2.1048616860345134e-17
v -0.09375 -0.34375 2.1048616860345134e-17
v -0.0625 -0.34375 2.1048616860345134e-17
v -0.03125 -0.34375 2.1048616860345134e-17
v 0 -0.34375 2.1048616860345134e-17
v 0.03125 -0.34375 2.1048616860345134e-17
v 0.0625 -0.34375 2.1048616860345134e-17
v 0.09375 -0.34375 2.1048616860345134e-17
v 0.125 -0.34375 2.1048616860345134e-17
v 0.15625 -0.34375 2.1048616860345134e-17
v 0.1875 -0.34375 2.1048616860345134e-17
v 0.21875 -0.34375 2.1048616860345134e-17
v 0.25 -0.34375 2.1048616860345134e-17
v 0.28125 -0.34375 2.1048616860345134e-17
v 0.3125 -0.34375 2.1048616860345134e-17
v 0.34375 -0.34375 2.1048616860345134e-17
v 0.375 -0.34375 2.1048616860345134e-17
v 0.40625 -0.34375 2.1048616860345134e-17
v 0.4375 -0.34375 2.1048616860345134e-17
v 0.46875 -0.34375 2.1048616860345134e-17
v 0.5 -0.34375 2.1048616860345134e-17
v 0.53125 -0.34375 2.1048616860345134e-17
v 0.5625 -0.34375 2.1048616860345134e-17
v 0.59375 -0.34375 2.1048616860345134e-17
v 0.625 -0.34375 2.1048616860345134e-17
v 0.65625 -0.34375 2.1048616860345134e-17
v 0.6875 -0.34375 2.1048616860345134e-17
v 0.71875 -0.34375 2.1048616860345134e-17
v 0.75 -0.34375 2.1048616860345134e-17
v 0.78125 -0.34375 2.1048616860345134e-17
v 0.8125 -0.34375 2.1048616860345134e-17
v 0.84375 -0.34375 2.1048616860345134e-17
v 0.875 -0.34375 2.1048616860345134e-17
v 0.90625 -0.34375 2.1048616860345134e-17
v 0.9375 -0.34375 2.1048616860345134e-17
v 0.96875 -0.34375 2.1048616860345134e-17
v 1 -0.34375 2.1048616860345134e-17
v -1 -0.375 2.2962127484012871e-17
v -0.96875 -0.375 2.2962127484012871e-17
v -0.9375 -0.375 2.2962127484012871e-17
v -0.90625 -0.375 2.2962127484012871e-17
v -0.875 -0.375 2.2962127484012871e-17
v -0.84375 -0.375 2.2962127484012871e-17
v -0.8125 -0.375 2.2962127484012871e-17
v -0.78125 -0.375 2.2962127484012871e-17
v -0.75 -0.375 2.2962127484012871e-17
v -0.71875 -0.375 2.2962127484012871e-17
v -0.6875 -0.375 2.2962127484012871e-17
v -0.65625 -0.375 2.2962127484012871e-17
v -0.625 -0.375 2.2962127484012871e-17
v -0.59375 -0.375 2.2962127484012871e-17
v -0.5625 -0.375 2.2962127484012871e-17
v -0.53125 -0.375 2.2962127484012871e-17
v -0.5 -0.375 2.2962127484012871e-17
v -0.46875 -0.375 2.2962127484012871e-17
v -0.4375 -0.375 2.2962127484012871e-17
v -0.40625 -0.375 2.2962127484012871e-17
v -0.375 -0.375 2.2962127484012871e-17
v -0.34375 -0.375 2.2962127484012871e-17
v -0.3125 -0.375 2.2962127484012871e-17
v -0.28125 -0.375 2.2962127484012871e-17
v -0.25 -0.375 2.2962127484012871e-17
v -0.21875 -0.375 2.2962127484012871e-17
v -0.1875 -0.375 2.2962127484012871e-17
v -0.15625 -0.375 2.2962127484012871e-17
v -0.125 -0.375 2.2962127484012871e-17
v -0.09375 -0.375 2.2962127484012871e-17
v -0.0625 -0.375 2.2962127484012871e-17
v -0.03125 -0.375 2.2962127484012871e-17
v 0 -0.375 2.2962127484012871e-17
v 0.03125 -0.375 2.2962127484012871e-17
v 0.0625 -0.375 2.2962127484012871e-17
v 0.09375 -0.375 2.2962127484012871e-17
v 0.125 -0.375 2.2962127484012871e-17
v 0.15625 -0.375 2.2962127484012871e-17
v 0.1875 -0.375 2.2962127484012871e-17
v 0.21875 -0.375 2.2962127484012871e-17
v 0.25 -0.375 2.2962127484012871e-17
v 0.28125 -0.375 2.2962127484012871e-17
v 0.3125 -0.375 2.2962127484012871e-17
v 0.34375 -0.375 2.2962127484012871e-17
v 0.375 -0.375 2.2962127484012871e-17
v 0.40625 -0.375 2.2962127484012871e-17
v 0.4375 -0.375 2.2962127484012871e-17
v 0.46875 -0.375 2.2962127484012871e-17
v 0.5 -0.375 2.2962127484012871e-17
v 0.53125 -0.375 2.2962127484012871e-17
v 0.5625 -0.375 2.2962127484012871e-17
v 0.59375 -0.375 2.2962127484012871e-17
v 0.625 -0.375 2.2962127484012871e-17
v 0.65625 -0.375 2.2962127484012871e-17
v 0.6875 -0.375 2.2962127484012871e-17
v 0.71875 -0.375 2.2962127484012871e-17
v 0.75 -0.375 2.2962127484012871e-17
v 0.78125 -0.375 2.2962127484012871e-17
v 0.8125 -0.375 2.2962127484012871e-17
v 0.84375 -0.375 2.2962127484012871e-17
v 0.875 -0.375 2.2962127484012871e-17
v 0.90625 -0.375 2.2962127484012871e-17
v 0.9375 -0.375 2.2962127484012871e-17
v 0.96875 -0.375 2.2962127484012871e-17
v 1 -0.375 2.2962127484012871e-17
v -1 -0.40625 2.4875638107680611e-17
v -0.96875 -0.40625 2.4875638107680611e-17
v -0.9375 -0.40625 2.4875638107680611e-17
v -0.90625 -0.40625 2.4875638107680611e-17
v -0.875 -0.40625 2.4875638107680611e-17
v -0.84375 -0.40625 2.4875638107680611e-17
v -0.8125 -0.40625 2.4875638107680611e-17
v -0.78125 -0.40625 2.4875638107680611e-17
v -0.75 -0.40625 2.4875638107680611e-17
v -0.71875 -0.40625 2.4875638107680611e-17
v -0.6875 -0.40625 2.4875638107680611e-17
v -0.65625 -0.40625 2.4875638107680611e-17
v -0.625 -0.40625 2.4875638107680611e-17
v -0.59375 -0.40625 2.4875638107680611e-17
v -0.5625 -0.40625 2.4875638107680611e-17
v -0.53125 -0.40625 2.4875638107680611e-17
v -0.5 -0.40625 2.4875638107680611e-17
v -0.46875 -0.40625 2.4875638107680611e-17
v -0.4375 -0.40625 2.4875638107680611e-17
v -0.40625 -0.40625 2.4875638107680611e-17
v -0.375 -0.40625 2.4875638107680611e-17
v -0.34375 -0.40625 2.4875638107680611e-17
v -0.3125 -0.40625 2.4875638107680611e-17
v -0.28125 -0.40625 2.4875638107680611e-17
v -0.25 -0.40625 2.4875638107680611e-17
v -0.21875 -0.40625 2.4875638107680611e-17
v -0.1875 -0.40625 2.4875638107680611e-17
v -0.15625 -0.40625 2.4875638107680611e-17
v -0.125 -0.40625 2.4875638107680611e-17
v -0.09375 -0.40625 2.4875638107680611e-17
v -0.0625 -0.40625 2.4875638107680611e-17
v -0.03125 -0.40625 2.4875638107680611e-17
v 0 -0.40625 2.4875638107680611e-17
v 0.03125 -0.40625 2.4875638107680611e-17
v 0.0625 -0.40625 2.4875638107680611e-17
v 0.09375 -0.40625 2.4875638107680611e-17
v 0.125 -0.40625 2.4875638107680611e-17
v 0.15625 -0.40625 2.4875638107680611e-17
v 0.1875 -0.40625 2.4875638107680611e-17
v 0.21875 -0.40625 2.4875638107680611e-17
v 0.25 -0.40625 2.4875638107680611e-17
v 0.28125 -0.40625 2.4875638107680611e-17
v 0.3125 -0.40625 2.4875638107680611e-17
v 0.34375 -0.40625 2.4875638107680611e-17
v 0.375 -0.40625 2.4875638107680611e-17
v 0.40625 -0.40625 2.4875638107680611e-17
v 0.4375 -0.40625 2.4875638107680611e-17
v 0.46875 -0.40625 2.4875638107680611e-17
v 0.5 -0.40625 2.4875638107680611e-17
v 0.53125 -0.40625 2.4875638107680611e-17
v 0.5625 -0.40625 2.4875638107680611e-17
v 0.59375 -0.40625 2.4875638107680611e-17
v 0.625 -0.40625 2.4875638107680611e-17
v 0.65625 -0.40625 2.4875638107680611e-17
v 0.6875 -0.40625 2.4875638107680611e-17
v 0.71875 -0.40625 2.4875638107680611e-17
v 0.75 -0.40625 2.4875638107680611e-17
v 0.78125 -0.40625 2.4875638107680611e-17
v 0.8125 -0.40625 2.4875638107680611e-17
v 0.84375 -0.40625 2.4875638107680611e-17
v 0.875 -0.40625 2.4875638107680611e-17
v 0.90625 -0.40625 2.4875638107680611e-17
v 0.9375 -0.40625 2.4875638107680611e-17
v 0.96875 -0.40625 2.4875638107680611e-17
v 1 -0.40625 2.4875638107680611e-17
v -1 -0.4375 2.6789148731348351e-17
v -0.96875 -0.4375 2.6789148731348351e-17
v -0.9375 -0.4375 2.6789148731348351e-17
v -0.90625 -0.4375 2.6789148731348351e-17
v -0.875 -0.4375 2.6789148731348351e-17
v -0.84375 -0.4375 2.6789148731348351e-17
v -0.8125 -0.4375 2.6789148731348351e-17
v -0.78125 -0.4375 2.6789148731348351e-17
v -0.75 -0.4375 2.6789148731348351e-17
v -0.71875 -0.4375 2.6789148731348351e-17
v -0.6875 -0.4375 2.6789148731348351e-17
v -0.65625 -0.4375 2.6789148731348351e-17
v -0.625 -0.4375 2.6789148731348351e-17
v -0.59375 -0.4375 2.6789148731348351e-17
v -0.5625 -0.4375 2.6789148731348351e-17
v -0.53125 -0.4375 2.6789148731348351e-17
v -0.5 -0.4375 2.6789148731348351e-17
v -0.46875 -0.4375 2.6789148731348351e-17
v -0.4375 -0.4375 2.6789148731348351e-17
v -0.40625 -0.4375 2.6789148731348351e-17
v -0.375 -0.4375 2.6789148731348351e-17
v -0.34375 -0.4375 2.6789148731348351e-17
v -0.3125 -0.4375 2.6789148731348351e-17
v -0.28125 -0.4375 2.6789148731348351e-17
v -0.25 -0.4375 2.6789148731348351e-17
v -0.21875 -0.4375 2.6789148731348351e-17
v -0.1875 -0.4375 2.6789148731348351e-17
v -0.15625 -0.4375 2.6789148731348351e-17
v -0.125 -0.4375 2.6789148731348351e-17
v -0.09375 -0.4375 2.6789148731348351e-17
v -0.0625 -0.4375 2.6789148731348351e-17
v -0.03125 -0.4375 2.6789148731348351e-17
v 0 -0.4375 2.6789148731348351e-17
v 0.03125 -0.4375 2.6789148731348351e-17
v 0.0625 -0.4375 2.6789148731348351e-17
v 0.09375 -0.4375 2.6789148731348351e-17
v 0.125 -0.4375 2.6789148731348351e-17
v 0.15625 -0.4375 2.6789148731348351e-17
v 0.1875 -0.4375 2.6789148731348351e-17
v 0.21875 -0.4375 2.6789148731348351e-17
v 0.25 -0.4375 2.6789148731348351e-17
v 0.28125 -0.4375 2.6789148731348351e-17
v 0.3125 -0.4375 2.6789148731348351e-17
v 0.34375 -0.4375 2.6789148731348351e-17
v 0.375 -0.4375 2.6789148731348351e-17
v 0.40625 -0.4375 2.6789148731348351e-17
v 0.4375 -0.4375 2.6789148731348351e-17
v 0.46875 -0.4375 2.6789148731348351e-17
v 0.5 -0.4375 2.6789148731348351e-17
v 0.53125 -0.4375 2.6789148731348351e-17
v 0.5625 -0.4375 2.6789148731348351e-17
v 0.59375 -0.4375 2.6789148731348351e-17
v 0.625 -0.4375 2.6789148731348351e-17
v 0.65625 -0.4375 2.6789148731348351e-17
v 0.6875 -0.4375 2.6789148731348351e-17
v 0.71875 -0.4375 2.6789148731348351e-17
v 0.75 -0.4375 2.6789148731348351e-17
v 0.78125 -0.4375 2.6789148731348351e-17
v 0.8125 -0.4375 2.6789148731348351e-17
v 0.84375 -0.4375 2.6789148731348351e-17
v 0.875 -0.4375 2.6789148731348351e-17
v 0.90625 -0.4375 2.6789148731348351e-17
v 0.9375 -0.4375 2.6789148731348351e-17
v 0.96875 -0.4375 2.6789148731348351e-17
v 1 -0.4375 2.6789148731348351e-17
v -1 -0.46875 2.8702659355016093e-17
v -0.96875 -0.46875 2.8702659355016093e-17
v -0.9375 -0.46875 2.8702659355016093e-17
v -0.90625 -0.46875 2.8702659355016093e-17
v -0.875 -0.46875 2.8702659355016093e-17
v -0.84375 -0.46875 2.8702659355016093e-17
v -0.8125 -0.46875 2.8702659355016093e-17
v -0.78125 -0.46875 2.8702659355016093e-17
v -0.75 -0.46875 2.8702659355016093e-17
v -0.71875 -0.46875 2.8702659355016093e-17
v -0.6875 -0.46875 2.8702659355016093e-17
v -0.65625 -0.46875 2.8702659355016093e-17
v -0.625 -0.46875 2.8702659355016093e-17
v -0.59375 -0.46875 2.8702659355016093e-17
v -0.5625 -0.46875 2.8702659355016093e-17
v -0.53125 -0.46875 2.8702659355016093e-17
v -0.5 -0.46875 2.8702659355016093e-17
v -0.46875 -0.46875 2.8702659355016093e-17
v -0.4375 -0.46875 2.8702659355016093e-17
v -0.40625 -0.46875 2.8702659355016093e-17
v -0.375 -0.46875 2.8702659355016093e-17
v -0.34375 -0.46875 2.8702659355016093e-17
v -0.3125 -0.46875 2.8702659355016093e-17
v -0.28125 -0.46875 2.8702659355016093e-17
v -0.25 -0.46875 2.8702659355016093e-17
v -0.21875 -0.46875 2.8702659355016093e-17
v -0.1875 -0.46875 2.8702659355016093e-17
v -0.15625 -0.46875 2.8702659355016093e-17
v -0.125 -0.46875 2.8702659355016093e-17
v -0.09375 -0.46875 2.8702659355016093e-17
v -0.0625 -0.46875 2.8702659355016093e-17
v -0.03125 -0.46875 2.8702659355016093e-17
v 0 -0.46875 2.8702659355016093e-17
v 0.03125 -0.46875 2.8702659355016093e-17
v 0.0625 -0.46875 2.8702659355016093e-17
v 0.09375 -0.46875 2.8702659355016093e-17
v 0.125 -0.46875 2.8702659355016093e-17
v 0.15625 -0.46875 2.8702659355016093e-17
v 0.1875 -0.46875 2.8702659355016093e-17
v 0.21875 -0.46875 2.8702659355016093e-17
v 0.25 -0.46875 2.8702659355016093e-17
v 0.28125 -0.46875 2.8702659355016093e-17
v 0.3125 -0.46875 2.8702659355016093e-17
v 0.34375 -0.46875 2.8702659355016093e-17
v 0.375 -0.46875 2.8702659355016093e-17
v 0.40625 -0.46875 2.8702659355016093e-17
v 0.4375 -0.46875 2.8702659355016093e-17
v 0.46875 -0.46875 2.8702659355016093e-17
v 0.5 -0.46875 2.8702659355016093e-17
v 0.53125 -0.46875 2.8702659355016093e-17
v 0.5625 -0.46875 2.8702659355016093e-17
v 0.59375 -0.46875 2.8702659355016093e-17
v 0.625 -0.46875 2.8702659355016093e-17
v 0.65625 -0.46875 2.8702659355016093e-17
v 0.6875 -0.46875 2.8702659355016093e-17
v 0.71875 -0.46875 2.8702659355016093e-17
v 0.75 -0.46875 2.8702659355016093e-17
v 0.78125 -0.46875 2.8702659355016093e-17
v 0.8125 -0.46875 2.8702659355016093e-17
v 0.84375 -0.46875 2.8702659355016093e-17
v 0.875 -0.46875 2.8702659355016093e-17
v 0.90625 -0.46875 2.8702659355016093e-17
v 0.9375 -0.46875 2.8702659355016093e-17
v 0.96875 -0.46875 2.8702659355016093e-17
v 1 -0.46875 2.8702659355016093e-17
v -1 -0.5 3.061616997868383e-17
v -0.96875 -0.5 3.061616997868383e-17
v -0.9375 -0.5 3.061616997868383e-17
v -0.90625 -0.5 3.061616997868383e-17
v -0.875 -0.5 3.061616997868383e-17
v -0.84375 -0.5 3.061616997868383e-17
v -0.8125 -0.5 3.061616997868383e-17
v -0.78125 -0.5 3.061616997868383e-17
v -0.75 -0.5 3.061616997868383e-17
v -0.71875 -0.5 3.061616997868383e-17
v -0.6875 -0.5 3.061616997868383e-17
v -0.65625 -0.5 3.061616997868383e-17
v -0.625 -0.5 3.061616997868383e-17
v -0.59375 -0.5 3.061616997868383e-17
v -0.5625 -0.5 3.061616997868383e-17
v -0.53125 -0.5 3.061616997868383e-17
v -0.5 -0.5 3.061616997868383e-17
v -0.46875 -0.5 3.061616997868383e-17
v -0.4375 -0.5 3.061616997868383e-17
v -0.40625 -0.5 3.061616997868383e-17
v -0.375 -0.5 3.061616997868383e-17
v -0.34375 -0.5 3.061616997868383e-17
v -0.3125 -0.5 3.061616997868383e-17
v -0.28125 -0.5 3.061616997868383e-17
v -0.25 -0.5 3.061616997868383e-17
v -0.21875 -0.5 3.061616997868383e-17
v -0.1875 -0.5 3.061616997868383e-17
v -0.15625 -0.5 3.061616997868383e-17
v -0.125 -0.5 3.061616997868383e-17
v -0.09375 -0.5 3.061616997868383e-17
v -0.0625 -0.5 3.061616997868383e-17
v -0.03125 -0.5 3.061616997868383e-17
v 0 -0.5 3.061616997868383e-17
v 0.03125 -0.5 3.061616997868383e-17
v 0.0625 -0.5 3.061616997868383e-17
v 0.09375 -0.5 3.061616997868383e-17
v 0.125 -0.5 3.061616997868383e-17
v 0.15625 -0.5 3.061616997868383e-17
v 0.1875 -0.5 3.061616997868383e-17
v 0.21875 -0.5 3.061616997868383e-17
v 0.25 -0.5 3.061616997868383e-17
v 0.28125 -0.5 3.061616997868383e-17
v 0.3125 -0.5 3.061616997868383e-17
v 0.34375 -0.5 3.061616997868383e-17
v 0.375 -0.5 3.061616997868383e-17
v 0.40625 -0.5 3.061616997868383e-17
v 0.4375 -0.5 3.061616997868383e-17
v 0.46875 -0.5 3.061616997868383e-17
v 0.5 -0.5 3.061616997868383e-17
v 0.53125 -0.5 3.061616997868383e-17
v 0.5625 -0.5 3.061616997868383e-17
v 0.59375 -0.5 3.061616997868383e-17
v 0.625 -0.5 3.061616997868383e-17
v 0.65625 -0.5 3.061616997868383e-17
v 0.6875 -0.5 3.061616997868383e-17
v 0.71875 -0.5 3.061616997868383e-17
v 0.75 -0.5 3.061616997868383e-17
v 0.78125 -0.5 3.061616997868383e-17
v 0.8125 -0.5 3.061616997868383e-17
v 0.84375 -0.5 3.061616997868383e-17
v 0.875 -0.5 3.061616997868383e-17
v 0.90625 -0.5 3.061616997868383e-17
v 0.9375 -0.5 3.061616997868383e-17
v 0.96875 -0.5 3.061616997868383e-17
v 1 -0.5 3.061616997868383e-17
v -1 -0.53125 3.2529680602351567e-17
v -0.96875 -0.53125 3.2529680602351567e-17
v -0.9375 -0.53125 3.2529680602351567e-17
v -0.90625 -0.53125 3.2529680602351567e-17
v -0.875 -0.53125 3.2529680602351567e-17
v -0.84375 -0.53125 3.2529680602351567e-17
v -0.8125 -0.53125 3.2529680602351567e-17
v -0.78125 -0.53125 3.2529680602351567e-17
v -0.75 -0.53125 3.2529680602351567e-17
v -0.71875 -0.53125 3.2529680602351567e-17
v -0.6875 -0.53125 3.2529680602351567e-17
v -0.65625 -0.53125 3.2529680602351567e-17
v -0.625 -0.53125 3.2529680602351567e-17
v -0.59375 -0.53125 3.2529680602351567e-17
v -0.5625 -0.53125 3.2529680602351567e-17
v -0.53125 -0.53125 3.2529680602351567e-17
v -0.5 -0.53125 3.2529680602351567e-17
v -0.46875 -0.53125 3.2529680602351567e-17
v -0.4375 -0.53125 3.2529680602351567e-17
v -0.40625 -0.53125 3.2529680602351567e-17
v -0.375 -0.53125 3.2529680602351567e-17
v -0.34375 -0.53125 3.2529680602351567e-17
v -0.3125 -0.53125 3.2529680602351567e-17
v -0.28125 -0.53125 3.2529680602351567e-17
v -0.25 -0.53125 3.2529680602351567e-17
v -0.21875 -0.53125 3.2529680602351567e-17
v -0.1875 -0.53125 3.2529680602351567e-17
v -0.15625 -0.53125 3.2529680602351567e-17
v -0.125 -0.53125 3.2529680602351567e-17
v -0.09375 -0.53125 3.2529680602351567e-17
v -0.0625 -0.53125 3.2529680602351567e-17
v -0.03125 -0.53125 3.2529680602351567e-17
v 0 -0.53125 3.2529680602351567e-17
v 0.03125 -0.53125 3.2529680602351567e-17
v 0.0625 -0.53125 3.2529680602351567e-17
v 0.09375 -0.53125 3.2529680602351567e-17
v 0.125 -0.53125 3.2529680602351567e-17
v 0.15625 -0.53125 3.2529680602351567e-17
v 0.1875 -0.53125 3.2529680602351567e-17
v 0.21875 -0.53125 3.2529680602351567e-17
v 0.25 -0.53125 3.2529680602351567e-17
v 0.28125 -0.53125 3.2529680602351567e-17
v 0.3125 -0.53125 3.2529680602351567e-17
v 0.34375 -0.53125 3.2529680602351567e-17
v 0.375 -0.53125 3.2529680602351567e-17
v 0.40625 -0.53125 3.2529680602351567e-17
v 0.4375 -0.53125 3.2529680602351567e-17
v 0.46875 -0.53125 3.2529680602351567e-17
v 0.5 -0.53125 3.2529680602351567e-17
v 0.53125 -0.53125 3.2529680602351567e-17
v 0.5625 -0.53125 3.2529680602351567e-17
v 0.59375 -0.53125 3.2529680602351567e-17
v 0.625 -0.53125 3.2529680602351567e-17
v 0.65625 -0.53125 3.2529680602351567e-17
v 0.6875 -0.53125 3.2529680602351567e-17
v 0.71875 -0.53125 3.2529680602351567e-17
v 0.75 -0.53125 3.2529680602351567e-17
v 0.78125 -0.53125 3.2529680602351567e-17
v 0.8125 -0.53125 3.2529680602351567e-17
v 0.84375 -0.53125 3.2529680602351567e-17
v 0.875 -0.53125 3.2529680602351567e-17
v 0.90625 -0.53125 3.2529680602351567e-17
v 0.9375 -0.53125 3.2529680602351567e-17
v 0.96875 -0.53125 3.2529680602351567e-17
v 1 -0.53125 3.2529680602351567e-17
v -1 -0.5625 3.444319122601931e-17
v -0.96875 -0.5625 3.444319122601931e-17
v -0.9375 -0.5625 3.444319122601931e-17
v -0.90625 -0.5625 3.444319122601931e-17
v -0.875 -0.5625 3.444319122601931e-17
v -0.84375 -0.5625 3.444319122601931e-17
v -0.8125 -0.5625 3.444319122601931e-17
v -0.78125 -0.5625 3.444319122601931e-17
v -0.75 -0.5625 3.444319122601931e-17
v -0.71875 -0.5625 3.444319122601931e-17
v -0.6875 -0.5625 3.444319122601931e-17
v -0.65625 -0.5625 3.444319122601931e-17
v -0.625 -0.5625 3.444319122601931e-17
v -0.59375 -0.5625 3.444319122601931e-17
v -0.5625 -0.5625 3.444319122601931e-17
v -0.53125 -0.5625 3.444319122601931e-17
v -0.5 -0.5625 3.444319122601931e-17
v -0.46875 -0.5625 3.444319122601931e-17
v -0.4375 -0.5625 3.444319122601931e-17
v -0.40625 -0.5625 3.444319122601931e-17
v -0.375 -0.5625 3.444319122601931e-17
v -0.34375 -0.5625 3.444319122601931e-17
v -0.3125 -0.5625 3.444319122601931e-17
v -0.28125 -0.5625 3.444319122601931e-17
v -0.25 -0.5625 3.444319122601931e-17
v -0.21875 -0.5625 3.444319122601931e-17
v -0.1875 -0.5625 3.444319122601931e-17
v -0.15625 -0.5625 3.444319122601931e-17
v -0.125 -0.5625 3.444319122601931e-17
v -0.09375 -0.5625 3.444319122601931e-17
v -0.0625 -0.5625 3.444319122601931e-17
v -0.03125 -0.5625 3.444319122601931e-17
v 0 -0.5625 3.444319122601931e-17
v 0.03125 -0.5625 3.444319122601931e-17
v 0.0625 -0.5625 3.444319122601931e-17
v 0.09375 -0.5625 3.444319122601931e-17
v 0.125 -0.5625 3.444319122601931e-17
v 0.15625 -0.5625 3.444319122601931e-17
v 0.1875 -0.5625 3.444319122601931e-17
v 0.21875 -0.5625 3.444319122601931e-17
v 0.25 -0.5625 3.444319122601931e-17
v 0.28125 -0.5625 3.444319122601931e-17
v 0.3125 -0.5625 3.444319122601931e-17
v 0.34375 -0.5625 3.444319122601931e-17
v 0.375 -0.5625 3.444319122601931e-17
v 0.40625 -0.5625 3.444319122601931e-17
v 0.4375 -0.5625 3.444319122601931e-17
v 0.46875 -0.5625 3.444319122601931e-17
v 0.5 -0.5625 3.444319122601931e-17
v 0.53125 -0.5625 3.444319122601931e-17
v 0.5625 -0.5625 3.444319122601931e-17
v 0.59375 -0.5625 3.444319122601931e-17
v 0.625 -0.5625 3.444319122601931e-17
v 0.65625 -0.5625 3.444319122601931e-17
v 0.6875 -0.5625 3.444319122601931e-17
v 0.71875 -0.5625 3.444319122601931e-17
v 0.75 -0.5625 3.444319122601931e-17
v 0.78125 -0.5625 3.444319122601931e-17
v 0.8125 -0.5625 3.444319122601931e-17
v 0.84375 -0.5625 3.444319122601931e-17
v 0.875 -0.5625 3.444319122601931e-17
v 0.90625 -0.5625 3.444319122601931e-17
v 0.9375 -0.5625 3.444319122601931e-17
v 0.96875 -0.5625 3.444319122601931e-17
v 1 -0.5625 3.444319122601931e-17
v -1 -0.59375 3.6356701849687046e-17
v -0.96875 -0.59375 3.6356701849687046e-17
v -0.9375 -0.59375 3.6356701849687046e-17
v -0.90625 -0.59375 3.6356701849687046e-17
v -0.875 -0.59375 3.6356701849687046e-17
v -0.84375 -0.59375 3.6356701849687046e-17
v -0.8125 -0.59375 3.6356701849687046e-17
v -0.78125 -0.59375 3.6356701849687046e-17
v -0.75 -0.59375 3.6356701849687046e-17
v -0.71875 -0.59375 3.6356701849687046e-17
v -0.6875 -0.59375 3.6356701849687046e-17
v -0.65625 -0.59375 3.6356701849687046e-17
v -0.625 -0.59375 3.6356701849687046e-17
v -0.59375 -0.59375 3.6356701849687046e-17
v -0.5625 -0.59375 3.6356701849687046e-17
v -0.53125 -0.59375 3.6356701849687046e-17
v -0.5 -0.59375 3.6356701849687046e-17
v -0.46875 -0.59375 3.6356701849687046e-17
v -0.4375 -0.59375 3.6356701849687046e-17
v -0.40625 -0.59375 3.6356701849687046e-17
v -0.375 -0.59375 3.6356701849687046e-17
v -0.34375 -0.59375 3.6356701849687046e-17
v -0.3125 -0.59375 3.6356701849687046e-17
v -0.28125 -0.59375 3.6356701849687046e-17
v -0.25 -0.59375 3.6356701849687046e-17
v -0.21875 -0.59375 3.6356701849687046e-17
v -0.1875 -0.59375 3.6356701849687046e-17
v -0.15625 -0.59375 3.6356701849687046e-17
v -0.125 -0.59375 3.6356701849687046e-17
v -0.09375 -0.59375 3.6356701849687046e-17
v -0.0625 -0.59375 3.6356701849687046e-17
v -0.03125 -0.59375 3.6356701849687046e-17
v 0 -0.59375 3.6356701849687046e-17
v 0.03125 -0.59375 3.6356701849687046e-17
v 0.0625 -0.59375 3.6356701849687046e-17
v 0.09375 -0.59375 3.6356701849687046e-17
v 0.125 -0.59375 3.6356701849687046e-17
v 0.15625 -0.59375 3.6356701849687046e-17
v 0.1875 -0.59375 3.6356701849687046e-17
v 0.21875 -0.59375 3.6356701849687046e-17
v 0.25 -0.59375 3.6356701849687046e-17
v 0.28125 -0.59375 3.6356701849687046e-17
v 0.3125 -0.59375 3.6356701849687046e-17
v 0.34375 -0.59375 3.6356701849687046e-17
v 0.375 -0.59375 3.6356701849687046e-17
v 0.40625 -0.59375 3.6356701849687046e-17
v 0.4375 -0.59375 3.6356701849687046e-17
v 0.46875 -0.59375 3.6356701849687046e-17
v 0.5 -0.59375 3.6356701849687046e-17
v 0.53125 -0.59375 3.6356701849687046e-17
v 0.5625 -0.59375 3.6356701849687046e-17
v 0.59375 -0.59375 3.6356701849687046e-17
v 0.625 -0.59375 3.6356701849687046e-17
v 0.65625 -0.59375 3.6356701849687046e-17
v 0.6875 -0.59375 3.6356701849687046e-17
v 0.71875 -0.59375 3.6356701849687046e-17
v 0.75 -0.59375 3.6356701849687046e-17
v 0.78125 -0.59375 3.6356701849687046e-17
v 0.8125 -0.59375 3.6356701849687046e-17
v 0.84375 -0.59375 3.6356701849687046e-17
v 0.875 -0.59375 3.6356701849687046e-17
v 0.90625 -0.59375 3.6356701849687046e-17
v 0.9375 -0.59375 3.6356701849687046e-17
v 0.96875 -0.59375 3.6356701849687046e-17
v 1 -0.59375 3.6356701849687046e-17
v -1 -0.625 3.8270212473354789e-17
v -0.96875 -0.625 3.8270212473354789e-17
v -0.9375 -0.625 3.8270212473354789e-17
v -0.90625 -0.625 3.8270212473354789e-17
v -0.875 -0.625 3.8270212473354789e-17
v -0.84375 -0.625 3.8270212473354789e-17
v -0.8125 -0.625 3.8270212473354789e-17
v -0.78125 -0.625 3.8270212473354789e-17
v -0.75 -0.625 3.8270212473354789e-17
v -0.71875 -0.625 3.8270212473354789e-17
v -0.6875 -0.625 3.8270212473354789e-17
v -0.65625 -0.625 3.8270212473354789e-17
v -0.625 -0.625 3.8270212473354789e-17
v -0.59375 -0.625 3.8270212473354789e-17
v -0.5625 -0.625 3.8270212473354789e-17
v -0.53125 -0.625 3.8270212473354789e-17
v -0.5 -0.625 3.8270212473354789e-17
v -0.46875 -0.625 3.8270212473354789e-17
v -0.4375 -0.625 3.8270212473354789e-17
v -0.40625 -0.625 3.8270212473354789e-17
v -0.375 -0.625 3.8270212473354789e-17
v -0.34375 -0.625 3.8270212473354789e-17
v -0.3125 -0.625 3.8270212473354789e-17
v -0.28125 -0.625 3.8270212473354789e-17
v -0.25 -0.625 3.8270212473354789e-17
v -0.21875 -0.625 3.8270212473354789e-17
v -0.1875 -0.625 3.8270212473354789e-17
v -0.15625 -0.625 3.8270212473354789e-17
v -0.125 -0.625 3.8270212473354789e-17
v -0.09375 -0.625 3.8270212473354789e-17
v -0.0625 -0.625 3.8270212473354789e-17
v -0.03125 -0.625 3.8270212473354789e-17
v 0 -0.625 3.8270212473354789e-17
v 0.03125 -0.625 3.8270212473354789e-17
v 0.0625 -0.625 3.8270212473354789e-17
v 0.09375 -0.625 3.8270212473354789e-17
v 0.125 -0.625 3.8270212473354789e-17
v 0.15625 -0.625 3.8270212473354789e-17
v 0.1875 -0.625 3.8270212473354789e-17
v 0.21875 -0.625 3.8270212473354789e-17
v 0.25 -0.625 3.8270212473354789e-17
v 0.28125 -0.625 3.8270212473354789e-17
v 0.3125 -0.625 3.8270212473354789e-17
v 0.34375 -0.625 3.8270212473354789e-17
v 0.375 -0.625 3.8270212473354789e-17
v 0.40625 -0.625 3.8270212473354789e-17
v 0.4375 -0.625 3.8270212473354789e-17
v 0.46875 -0.625 3.8270212473354789e-17
v 0.5 -0.625 3.8270212473354789e-17
v 0.53125 -0.625 3.8270212473354789e-17
v 0.5625 -0.625 3.8270212473354789e-17
v 0.59375 -0.625 3.8270212473354789e-17
v 0.625 -0.625 3.8270212473354789e-17
v 0.65625 -0.625 3.8270212473354789e-17
v 0.6875 -0.625 3.8270212473354789e-17
v 0.71875 -0.625 3.8270212473354789e-17
v 0.75 -0.625 3.8270212473354789e-17
v 0.78125 -0.625 3.8270212473354789e-17
v 0.8125 -0.625 3.8270212473354789e-17
v 0.84375 -0.625 3.8270212473354789e-17
v 0.875 -0.625 3.8270212473354789e-17
v 0.90625 -0.625 3.8270212473354789e-17
v 0.9375 -0.625 3.8270212473354789e-17
v 0.96875 -0.625 3.8270212473354789e-17
v 1 -0.625 3.8270212473354789e-17
v -1 -0.65625 4.0183723097022526e-17
v -0.96875 -0.65625 4.0183723097022526e-17
v -0.9375 -0.65625 4.0183723097022526e-17
v -0.90625 -0.65625 4.0183723097022526e-17
v -0.875 -0.65625 4.0183723097022526e-17
v -0.84375 -0.65625 4.0183723097022526e-17
v -0.8125 -0.65625 4.0183723097022526e-17
v -0.78125 -0.65625 4.0183723097022526e-17
v -0.75 -0.65625 4.0183723097022526e-17
v -0.71875 -0.65625 4.0183723097022526e-17
v -0.6875 -0.65625 4.0183723097022526e-17
v -0.65625 -0.65625 4.0183723097022526e-17
v -0.625 -0.65625 4.0183723097022526e-17
v -0.59375 -0.65625 4.0183723097022526e-17
v -0.5625 -0.65625 4.0183723097022526e-17
v -0.53125 -0.65625 4.0183723097022526e-17
v -0.5 -0.65625 4.0183723097022526e-17
v -0.46875 -0.65625 4.0183723097022526e-17
v -0.4375 -0.65625 4.0183723097022526e-17
v -0.40625 -0.65625 4.0183723097022526e-17
v -0.375 -0.65625 4.0183723097022526e-17
v -0.34375 -0.65625 4.0183723097022526e-17
v -0.3125 -0.65625 4.0183723097022526e-17
v -0.28125 -0.65625 4.0183723097022526e-17
v -0.25 -0.65625 4.0183723097022526e-17
v -0.21875 -0.65625 4.0183723097022526e-17
v -0.1875 -0.65625 4.0183723097022526e-17
v -0.15625 -0.65625 4.0183723097022526e-17
v -0.125 -0.65625 4.0183723097022526e-17
v -0.09375 -0.65625 4.0183723097022526e-17
v -0.0625 -0.65625 4.0183723097022526e-17
v -0.03125 -0.65625 4.0183723097022526e-17
v 0 -0.65625 4.0183723097022526e-17
v 0.03125 -0.65625 4.0183723097022526e-17
v 0.0625 -0.65625 4.0183723097022526e-17
v 0.09375 -0.65625 4.0183723097022526e-17
v 0.125 -0.65625 4.0183723097022526e-17
v 0.15625 -0.65625 4.0183723097022526e-17
v 0.1875 -0.65625 4.0183723097022526e-17
v 0.21875 -0.65625 4.0183723097022526e-17
v 0.25 -0.65625 4.0183723097022526e-17
v 0.28125 -0.65625 4.0183723097022526e-17
v 0.3125 -0.65625 4.0183723097022526e-17
v 0.34375 -0.65625 4.0183723097022526e-17
v 0.375 -0.65625 4.0183723097022526e-17
v 0.40625 -0.65625 4.0183723097022526e-17
v 0.4375 -0.65625 4.0183723097022526e-17
v 0.46875 -0.65625 4.0183723097022526e-17
v 0.5 -0.65625 4.0183723097022526e-17
v 0.53125 -0.65625 4.0183723097022526e-17
v 0.5625 -0.65625 4.0183723097022526e-17
v 0.59375 -0.65625 4.0183723097022526e-17
v 0.625 -0.65625 4.0183723097022526e-17
v 0.65625 -0.65625 4.0183723097022526e-17
v 0.6875 -0.65625 4.0183723097022526e-17
v 0.71875 -0.65625 4.0183723097022526e-17
v 0.75 -0.65625 4.0183723097022526e-17
v 0.78125 -0.65625 4.0183723097022526e-17
v 0.8125 -0.65625 4.0183723097022526e-17
v 0.84375 -0.65625 4.0183723097022526e-17
v 0.875 -0.65625 4.0183723097022526e-17
v 0.90625 -0.65625 4.0183723097022526e-17
v 0.9375 -0.65625 4.0183723097022526e-17
v 0.96875 -0.65625 4.0183723097022526e-17
v 1 -0.65625 4.0183723097022526e-17
v -1 -0.6875 4.2097233720690269e-17
v -0.96875 -0.6875 4.2097233720690269e-17
v -0.9375 -0.6875 4.2097233720690269e-17
v -0.90625 -0.6875 4.2097233720690269e-17
v -0.875 -0.6875 4.2097233720690269e-17
v -0.84375 -0.6875 4.2097233720690269e-17
v -0.8125 -0.6875 4.2097233720690269e-17
v -0.78125 -0.6875 4.2097233720690269e-17
v -0.75 -0.6875 4.2097233720690269e-17
v -0.71875 -0.6875 4.2097233720690269e-17
v -0.6875 -0.6875 4.2097233720690269e-17
v -0.65625 -0.6875 4.2097233720690269e-17
v -0.625 -0.6875 4.2097233720690269e-17
v -0.59375 -0.6875 4.2097233720690269e-17
v -0.5625 -0.6875 4.2097233720690269e-17
v -0.53125 -0.6875 4.2097233720690269e-17
v -0.5 -0.6875 4.2097233720690269e-17
v -0.46875 -0.6875 4.2097233720690269e-17
v -0.4375 -0.6875 4.2097233720690269e-17
v -0.40625 -0.6875 4.2097233720690269e-17
v -0.375 -0.6875 4.2097233720690269e-17
v -0.34375 -0.6875 4.2097233720690269e-17
v -0.3125 -0.6875 4.2097233720690269e-17
v -0.28125 -0.6875 4.2097233720690269e-17
v -0.25 -0.6875 4.2097233720690269e-17
v -0.21875 -0.6875 4.2097233720690269e-17
v -0.1875 -0.6875 4.2097233720690269e-17
v -0.15625 -0.6875 4.2097233720690269e-17
v -0.125 -0.6875 4.2097233720690269e-17
v -0.09375 -0.6875 4.2097233720690269e-17
v -0.0625 -0.6875 4.2097233720690269e-17
v -0.03125 -0.6875 4.2097233720690269e-17
v 0 -0.6875 4.2097233720690269e-17
v 0.03125 -0.6875 4.2097233720690269e-17
v 0.0625 -0.6875 4.2097233720690269e-17
v 0.09375 -0.6875 4.2097233720690269e-17
v 0.125 -0.6875 4.2097233720690269e-17
v 0.15625 -0.6875 4.2097233720690269e-17
v 0.1875 -0.6875 4.2097233720690269e-17
v 0.21875 -0.6875 4.2097233720690269e-17
v 0.25 -0.6875 4.2097233720690269e-17
v 0.28125 -0.6875 4.2097233720690269e-17
v 0.3125 -0.6875 4.2097233720690269e-17
v 0.34375 -0.6875 4.2097233720690269e-17
v 0.375 -0.6875 4.2097233720690269e-17
v 0.40625 -0.6875 4.2097233720690269e-17
v 0.4375 -0.6875 4.2097233720690269e-17
v 0.46875 -0.6875 4.2097233720690269e-17
v 0.5 -0.6875 4.2097233720690269e-17
v 0.53125 -0.6875 4.2097233720690269e-17
v 0.5625 -0.6875 4.2097233720690269e-17
v 0.59375 -0.6875 4.2097233720690269e-17
v 0.625 -0.6875 4.2097233720690269e-17
v 0.65625 -0.6875 4.2097233720690269e-17
v 0.6875 -0.6875 4.2097233720690269e-17
v 0.71875 -0.6875 4.2097233720690269e-17
v 0.75 -0.6875 4.2097233720690269e-17
v 0.78125 -0.6875 4.2097233720690269e-17
v 0.8125 -0.6875 4.2097233720690269e-17
v 0.84375 -0.6875 4.2097233720690269e-17
v 0.875 -0.6875 4.2097233720690269e-17
v 0.90625 -0.6875 4.2097233720690269e-17
v 0.9375 -0.6875 4.2097233720690269e-17
v 0.96875 -0.6875 4.2097233720690269e-17
v 1 -0.6875 4.2097233720690269e-17
v -1 -0.71875 4.4010744344358005e-17
v -0.96875 -0.71875 4.4010744344358005e-17
v -0.9375 -0.71875 4.4010744344358005e-17
v -0.90625 -0.71875 4.4010744344358005e-17
v -0.875 -0.71875 4.4010744344358005e-17
v -0.84375 -0.71875 4.4010744344358005e-17
v -0.8125 -0.71875 4.4010744344358005e-17
v -0.78125 -0.71875 4.4010744344358005e-17
v -0.75 -0.71875 4.4010744344358005e-17
v -0.71875 -0.71875 4.4010744344358005e-17
v -0.6875 -0.71875 4.4010744344358005e-17
v -0.65625 -0.71875 4.4010744344358005e-17
v -0.625 -0.71875 4.4010744344358005e-17
v -0.59375 -0.71875 4.4010744344358005e-17
v -0.5625 -0.71875 4.4010744344358005e-17
v -0.53125 -0.71875 4.4010744344358005e-17
v -0.5 -0.71875 4.4010744344358005e-17
v -0.46875 -0.71875 4.4010744344358005e-17
v -0.4375 -0.71875 4.4010744344358005e-17
v -0.40625 -0.71875 4.4010744344358005e-17
v -0.375 -0.71875 4.4010744344358005e-17
v -0.34375 -0.71875 4.4010744344358005e-17
v -0.3125 -0.71875 4.4010744344358005e-17
v -0.28125 -0.71875 4.4010744344358005e-17
v -0.25 -0.71875 4.4010744344358005e-17
v -0.21875 -0.71875 4.4010744344358005e-17
v -0.1875 -0.71875 4.4010744344358005e-17
v -0.15625 -0.71875 4.4010744344358005e-17
v -0.125 -0.71875 4.4010744344358005e-17
v -0.09375 -0.71875 4.4010744344358005e-17
v -0.0625 -0.71875 4.4010744344358005e-17
v -0.03125 -0.71875 4.4010744344358005e-17
v 0 -0.71875 4.4010744344358005e-17
v 0.03125 -0.71875 4.4010744344358005e-17
v 0.0625 -0.71875 4.4010744344358005e-17
v 0.09375 -0.71875 4.4010744344358005e-17
v 0.125 -0.71875 4.4010744344358005e-17
v 0.15625 -0.71875 4.4010744344358005e-17
v 0.1875 -0.71875 4.4010744344358005e-17
v 0.21875 -0.71875 4.4010744344358005e-17
v 0.25 -0.71875 4.4010744344358005e-17
v 0.28125 -0.71875 4.4010744344358005e-17
v 0.3125 -0.71875 4.4010744344358005e-17
v 0.34375 -0.71875 4.4010744344358005e-17
v 0.375 -0.71875 4.4010744344358005e-17
v 0.40625 -0.71875 4.4010744344358005e-17
v 0.4375 -0.71875 4.4010744344358005e-17
v 0.46875 -0.71875 4.4010744344358005e-17
v 0.5 -0.71875 4.4010744344358005e-17
v 0.53125 -0.71875 4.4010744344358005e-17
v 0.5625 -0.71875 4.4010744344358005e-17
v 0.59375 -0.71875 4.4010744344358005e-17
v 0.625 -0.71875 4.4010744344358005e-17
v 0.65625 -0.71875 4.4010744344358005e-17
v 0.6875 -0.71875 4.4010744344358005e-17
v 0.71875 -0.71875 4.4010744344358005e-17
v 0.75 -0.71875 4.4010744344358005e-17
v 0.78125 -0.71875 4.4010744344358005e-17
v 0.8125 -0.71875 4.4010744344358005e-17
v 0.84375 -0.71875 4.4010744344358005e-17
v 0.875 -0.71875 4.4010744344358005e-17
v 0.90625 -0.71875 4.4010744344358005e-17
v 0.9375 -0.71875 4.4010744344358005e-17
v 0.96875 -0.71875 4.4010744344358005e-17
v 1 -0.71875 4.4010744344358005e-17
v -1 -0.75 4.5924254968025742e-17
v -0.96875 -0.75 4.5924254968025742e-17
v -0.9375 -0.75 4.5924254968025742e-17
v -0.90625 -0.75 4.5924254968025742e-17
v -0.875 -0.75 4.5924254968025742e-17
v -0.84375 -0.75 4.5924254968025742e-17
v -0.8125 -0.75 4.5924254968025742e-17
v -0.78125 -0.75 4.5924254968025742e-17
v -0.75 -0.75 4.5924254968025742e-17
v -0.71875 -0.75 4.5924254968025742e-17
v -0.6875 -0.75 4.5924254968025742e-17
v -0.65625 -0.75 4.5924254968025742e-17
v -0.625 -0.75 4.5924254968025742e-17
v -0.59375 -0.75 4.5924254968025742e-17
v -0.5625 -0.75 4.5924254968025742e-17
v -0.53125 -0.75 4.5924254968025742e-17
v -0.5 -0.75 4.5924254968025742e-17
v -0.46875 -0.75 4.5924254968025742e-17
v -0.4375 -0.75 4.5924254968025742e-17
v -0.40625 -0.75 4.5924254968025742e-17
v -0.375 -0.75 4.5924254968025742e-17
v -0.34375 -0.75 4.5924254968025742e-17
v -0.3125 -0.75 4.5924254968025742e-17
v -0.28125 -0.75 4.5924254968025742e-17
v -0.25 -0.75 4.5924254968025742e-17
v -0.21875 -0.75 4.5924254968025742e-17
v -0.1875 -0.75 4.5924254968025742e-17
v -0.15625 -0.75 4.5924254968025742e-17
v -0.125 -0.75 4.5924254968025742e-17
v -0.09375 -0.75 4.5924254968025742e-17
v -0.0625 -0.75 4.5924254968025742e-17
v -0.03125 -0.75 4.5924254968025742e-17
v 0 -0.75 4.5924254968025742e-17
v 0.03125 -0.75 4.5924254968025742e-17
v 0.0625 -0.75 4.5924254968025742e-17
v 0.09375 -0.75 4.5924254968025742e-17
v 0.125 -0.75 4.5924254968025742e-17
v 0.15625 -0.75 4.5924254968025742e-17
v 0.1875 -0.75 4.5924254968025742e-17
v 0.21875 -0.75 4.5924254968025742e-17
v 0.25 -0.75 4.5924254968025742e-17
v 0.28125 -0.75 4.5924254968025742e-17
v 0.3125 -0.75 4.5924254968025742e-17
v 0.34375 -0.75 4.5924254968025742e-17
v 0.375 -0.75 4.5924254968025742e-17
v 0.40625 -0.75 4.5924254968025742e-17
v 0.4375 -0.75 4.5924254968025742e-17
v 0.46875 -0.75 4.5924254968025742e-17
v 0.5 -0.75 4.5924254968025742e-17
v 0.53125 -0.75 4.5924254968025742e-17
v 0.5625 -0.75 4.5924254968025742e-17
v 0.59375 -0.75 4.5924254968025742e-17
v 0.625 -0.75 4.5924254968025742e-17
v 0.65625 -0.75 4.5924254968025742e-17
v 0.6875 -0.75 4.5924254968025742e-17
v 0.71875 -0.75 4.5924254968025742e-17
v 0.75 -0.75 4.5924254968025742e-17
v 0.78125 -0.75 4.5924254968025742e-17
v 0.8125 -0.75 4.5924254968025742e-17
v 0.84375 -0.75 4.5924254968025742e-17
v 0.875 -0.75 4.5924254968025742e-17
v 0.90625 -0.75 4.5924254968025742e-17
v 0.9375 -0.75 4.5924254968025742e-17
v 0.96875 -0.75 4.5924254968025742e-17
v 1 -0.75 4.5924254968025742e-17
v -1 -0.78125 4.7837765591693485e-17
v -0.96875 -0.78125 4.7837765591693485e-17
v -0.9375 -0.78125 4.7837765591693485e-17
v -0.90625 -0.78125 4.7837765591693485e-17
v -0.875 -0.78125 4.7837765591693485e-17
v -0.84375 -0.78125 4.7837765591693485e-17
v -0.8125 -0.78125 4.7837765591693485e-17
v -0.78125 -0.78125 4.7837765591693485e-17
v -0.75 -0.78125 4.7837765591693485e-17
v -0.71875 -0.78125 4.7837765591693485e-17
v -0.6875 -0.78125 4.7837765591693485e-17
v -0.65625 -0.78125 4.7837765591693485e-17
v -0.625 -0.78125 4.7837765591693485e-17
v -0.59375 -0.78125 4.7837765591693485e-17
v -0.5625 -0.78125 4.7837765591693485e-17
v -0.53125 -0.78125 4.7837765591693485e-17
v -0.5 -0.78125 4.7837765591693485e-17
v -0.46875 -0.78125 4.7837765591693485e-17
v -0.4375 -0.78125 4.7837765591693485e-17
v -0.40625 -0.78125 4.7837765591693485e-17
v -0.375 -0.78125 4.7837765591693485e-17
v -0.34375 -0.78125 4.7837765591693485e-17
v -0.3125 -0.78125 4.7837765591693485e-17
v -0.28125 -0.78125 4.7837765591693485e-17
v -0.25 -0.78125 4.7837765591693485e-17
v -0.21875 -0.78125 4.7837765591693485e-17
v -0.1875 -0.78125 4.7837765591693485e-17
v -0.15625 -0.78125 4.7837765591693485e-17
v -0.125 -0.78125 4.7837765591693485e-17
v -0.09375 -0.78125 4.7837765591693485e-17
v -0.0625 -0.78125 4.7837765591693485e-17
v -0.03125 -0.78125 4.7837765591693485e-17
v 0 -0.78125 4.7837765591693485e-17
v 0.03125 -0.78125 4.7837765591693485e-17
v 0.0625 -0.78125 4.7837765591693485e-17
v 0.09375 -0.78125 4.7837765591693485e-17
v 0.125 -0.78125 4.7837765591693485e-17
v 0.15625 -0.78125 4.7837765591693485e-17
v 0.1875 -0.78125 4.7837765591693485e-17
v 0.21875 -0.78125 4.7837765591693485e-17
v 0.25 -0.78125 4.7837765591693485e-17
v 0.28125 -0.78125 4.7837765591693485e-17
v 0.3125 -0.78125 4.7837765591693485e-17
v 0.34375 -0.78125 4.7837765591693485e-17
v 0.375 -0.78125 4.7837765591693485e-17
v 0.40625 -0.78125 4.7837765591693485e-17
v 0.4375 -0.78125 4.7837765591693485e-17
v 0.46875 -0.78125 4.7837765591693485e-17
v 0.5 -0.78125 4.7837765591693485e-17
v 0.53125 -0.78125 4.7837765591693485e-17
v 0.5625 -0.78125 4.7837765591693485e-17
v 0.59375 -0.78125 4.7837765591693485e-17
v 0.625 -0.78125 4.7837765591693485e-17
v 0.65625 -0.78125 4.7837765591693485e-17
v 0.6875 -0.78125 4.7837765591693485e-17
v 0.71875 -0.78125 4.7837765591693485e-17
v 0.75 -0.78125 4.7837765591693485e-17
v 0.78125 -0.78125 4.7837765591693485e-17
v 0.8125 -0.78125 4.7837765591693485e-17
v 0.84375 -0.78125 4.7837765591693485e-17
v 0.875 -0.78125 4.7837765591693485e-17
v 0.90625 -0.78125 4.7837765591693485e-17
v 0.9375 -0.78125 4.7837765591693485e-17
v 0.96875 -0.78125 4.7837765591693485e-17
v 1 -0.78125 4.7837765591693485e-17
v -1 -0.8125 4.9751276215361222e-17
v -0.96875 -0.8125 4.9751276215361222e-17
v -0.9375 -0.8125 4.9751276215361222e-17
v -0.90625 -0.8125 4.9751276215361222e-17
v -0.875 -0.8125 4.9751276215361222e-17
v -0.84375 -0.8125 4.9751276215361222e-17
v -0.8125 -0.8125 4.9751276215361222e-17
v -0.78125 -0.8125 4.9751276215361222e-17
v -0.75 -0.8125 4.9751276215361222e-17
v -0.71875 -0.8125 4.9751276215361222e-17
v -0.6875 -0.8125 4.9751276215361222e-17
v -0.65625 -0.8125 4.9751276215361222e-17
v -0.625 -0.8125 4.9751276215361222e-17
v -0.59375 -0.8125 4.9751276215361222e-17
v -0.5625 -0.8125 4.9751276215361222e-17
v -0.53125 -0.8125 4.9751276215361222e-17
v -0.5 -0.8125 4.9751276215361222e-17
v -0.46875 -0.8125 4.9751276215361222e-17
v -0.4375 -0.8125 4.9751276215361222e-17
v -0.40625 -0.8125 4.9751276215361222e-17
v -0.375 -0.8125 4.9751276215361222e-17
v -0.34375 -0.8125 4.9751276215361222e-17
v -0.3125 -0.8125 4.9751276215361222e-17
v -0.28125 -0.8125 4.9751276215361222e-17
v -0.25 -0.8125 4.9751276215361222e-17
v -0.21875 -0.8125 4.9751276215361222e-17
v -0.1875 -0.8125 4.9751276215361222e-17
v -0.15625 -0.8125 4.9751276215361222e-17
v -0.125 -0.8125 4.9751276215361222e-17
v -0.09375 -0.8125 4.9751276215361222e-17
v -0.0625 -0.8125 4.9751276215361222e-17
v -0.03125 -0.8125 4.9751276215361222e-17
v 0 -0.8125 4.9751276215361222e-17
v 0.03125 -0.8125 4.9751276215361222e-17
v 0.0625 -0.8125 4.9751276215361222e-17
v 0.09375 -0.8125 4.9751276215361222e-17
v 0.125 -0.8125 4.9751276215361222e-17
v 0.15625 -0.8125 4.9751276215361222e-17
v 0.1875 -0.8125 4.9751276215361222e-17
v 0.21875 -0.8125 4.9751276215361222e-17
v 0.25 -0.8125 4.9751276215361222e-17
v 0.28125 -0.8125 4.9751276215361222e-17
v 0.3125 -0.8125 4.9751276215361222e-17
v 0.34375 -0.8125 4.9751276215361222e-17
v 0.375 -0.8125 4.9751276215361222e-17
v 0.40625 -0.8125 4.9751276215361222e-17
v 0.4375 -0.8125 4.9751276215361222e-17
v 0.46875 -0.8125 4.9751276215361222e-17
v 0.5 -0.8125 4.9751276215361222e-17
v 0.53125 -0.8125 4.9751276215361222e-17
v 0.5625 -0.8125 4.9751276215361222e-17
v 0.59375 -0.8125 4.9751276215361222e-17
v 0.625 -0.8125 4.9751276215361222e-17
v 0.65625 -0.8125 4.9751276215361222e-17
v 0.6875 -0.8125 4.9751276215361222e-17
v 0.71875 -0.8125 4.9751276215361222e-17
v 0.75 -0.8125 4.9751276215361222e-17
v 0.78125 -0.8125 4.9751276215361222e-17
v 0.8125 -0.8125 4.9751276215361222e-17
v 0.84375 -0.8125 4.9751276215361222e-17
v 0.875 -0.8125 4.9751276215361222e-17
v 0.90625 -0.8125 4.9751276215361222e-17
v 0.9375 -0.8125 4.9751276215361222e-17
v 0.96875 -0.8125 4.9751276215361222e-17
v 1 -0.8125 4.9751276215361222e-17
v -1 -0.84375 5.1664786839028965e-17
v -0.96875 -0.84375 5.1664786839028965e-17
v -0.9375 -0.84375 5.1664786839028965e-17
v -0.90625 -0.84375 5.1664786839028965e-17
v -0.875 -0.84375 5.1664786839028965e-17
v -0.84375 -0.84375 5.1664786839028965e-17
v -0.8125 -0.84375 5.1664786839028965e-17
v -0.78125 -0.84375 5.1664786839028965e-17
v -0.75 -0.84375 5.1664786839028965e-17
v -0.71875 -0.84375 5.1664786839028965e-17
v -0.6875 -0.84375 5.1664786839028965e-17
v -0.65625 -0.84375 5.1664786839028965e-17
v -0.625 -0.84375 5.1664786839028965e-17
v -0.59375 -0.84375 5.1664786839028965e-17
v -0.5625 -0.84375 5.1664786839028965e-17
v -0.53125 -0.84375 5.1664786839028965e-17
v -0.5 -0.84375 5.1664786839028965e-17
v -0.46875 -0.84375 5.1664786839028965e-17
v -0.4375 -0.84375 5.1664786839028965e-17
v -0.40625 -0.84375 5.1664786839028965e-17
v -0.375 -0.84375 5.1664786839028965e-17
v -0.34375 -0.84375 5.1664786839028965e-17
v -0.3125 -0.84375 5.1664786839028965e-17
v -0.28125 -0.84375 5.1664786839028965e-17
v -0.25 -0.84375 5.1664786839028965e-17
v -0.21875 -0.84375 5.1664786839028965e-17
v -0.1875 -0.84375 5.1664786839028965e-17
v -0.15625 -0.84375 5.1664786839028965e-17
v -0.125 -0.84375 5.1664786839028965e-17
v -0.09375 -0.84375 5.1664786839028965e-17
v -0.0625 -0.84375 5.1664786839028965e-17
v -0.03125 -0.84375 5.1664786839028965e-17
v 0 -0.84375 5.1664786839028965e-17
v 0.03125 -0.84375 5.1664786839028965e-17
v 0.0625 -0.84375 5.1664786839028965e-17
v 0.09375 -0.84375 5.1664786839028965e-17
v 0.125 -0.84375 5.1664786839028965e-17
v 0.15625 -0.84375 5.1664786839028965e-17
v 0.1875 -0.84375 5.1664786839028965e-17
v 0.21875 -0.84375 5.1664786839028965e-17
v 0.25 -0.84375 5.1664786839028965e-17
v 0.28125 -0.84375 5.1664786839028965e-17
v 0.3125 -0.84375 5.1664786839028965e-17
v 0.34375 -0.84375 5.1664786839028965e-17
v 0.375 -0.84375 5.1664786839028965e-17
v 0.40625 -0.84375 5.1664786839028965e-17
v 0.4375 -0.84375 5.1664786839028965e-17
v 0.46875 -0.84375 5.1664786839028965e-17
v 0.5 -0.84375 5.1664786839028965e-17
v 0.53125 -0.84375 5.1664786839028965e-17
v 0.5625 -0.84375 5.1664786839028965e-17
v 0.59375 -0.84375 5.1664786839028965e-17
v 0.625 -0.84375 5.1664786839028965e-17
v 0.65625 -0.84375 5.1664786839028965e-17
v 0.6875 -0.84375 5.1664786839028965e-17
v 0.71875 -0.84375 5.1664786839028965e-17
v 0.75 -0.84375 5.1664786839028965e-17
v 0.78125 -0.84375 5.1664786839028965e-17
v 0.8125 -0.84375 5.1664786839028965e-17
v 0.84375 -0.84375 5.1664786839028965e-17
v 0.875 -0.84375 5.1664786839028965e-17
v 0.90625 -0.84375 5.1664786839028965e-17
v 0.9375 -0.84375 5.1664786839028965e-17
v 0.96875 -0.84375 5.1664786839028965e-17
v 1 -0.84375 5.1664786839028965e-17
v -1 -0.875 5.3578297462696701e-17
v -0.96875 -0.875 5.3578297462696701e-17
v -0.9375 -0.875 5.3578297462696701e-17
v -0.90625 -0.875 5.3578297462696701e-17
v -0.875 -0.875 5.3578297462696701e-17
v -0.84375 -0.875 5.3578297462696701e-17
v -0.8125 -0.875 5.3578297462696701e-17
v -0.78125 -0.875 5.3578297462696701e-17
v -0.75 -0.875 5.3578297462696701e-17
v -0.71875 -0.875 5.3578297462696701e-17
v -0.6875 -0.875 5.3578297462696701e-17
v -0.65625 -0.875 5.3578297462696701e-17
v -0.625 -0.875 5.3578297462696701e-17
v -0.59375 -0.875 5.3578297462696701e-17
v -0.5625 -0.875 5.3578297462696701e-17
v -0.53125 -0.875 5.3578297462696701e-17
v -0.5 -0.875 5.3578297462696701e-17
v -0.46875 -0.875 5.3578297462696701e-17
v -0.4375 -0.875 5.3578297462696701e-17
v -0.40625 -0.875 5.3578297462696701e-17
v -0.375 -0.875 5.3578297462696701e-17
v -0.34375 -0.875 5.3578297462696701e-17
v -0.3125 -0.875 5.3578297462696701e-17
v -0.28125 -0.875 5.3578297462696701e-17
v -0.25 -0.875 5.3578297462696701e-17
v -0.21875 -0.875 5.3578297462696701e-17
v -0.1875 -0.875 5.3578297462696701e-17
v -0.15625 -0.875 5.3578297462696701e-17
v -0.125 -0.875 5.3578297462696701e-17
v -0.09375 -0.875 5.3578297462696701e-17
v -0.0625 -0.875 5.3578297462696701e-17
v -0.03125 -0.875 5.3578297462696701e-17
v 0 -0.875 5.3578297462696701e-17
v 0.03125 -0.875 5.3578297462696701e-17
v 0.0625 -0.875 5.3578297462696701e-17
v 0.09375 -0.875 5.3578297462696701e-17
v 0.125 -0.875 5.3578297462696701e-17
v 0.15625 -0.875 5.3578297462696701e-17
v 0.1875 -0.875 5.3578297462696701e-17
v 0.21875 -0.875 5.3578297462696701e-17
v 0.25 -0.875 5.3578297462696701e-17
v 0.28125 -0.875 5.3578297462696701e-17
v 0.3125 -0.875 5.3578297462696701e-17
v 0.34375 -0.875 5.3578297462696701e-17
v 0.375 -0.875 5.3578297462696701e-17
v 0.40625 -0.875 5.3578297462696701e-17
v 0.4375 -0.875 5.3578297462696701e-17
v 0.46875 -0.875 5.3578297462696701e-17
v 0.5 -0.875 5.3578297462696701e-17
v 0.53125 -0.875 5.3578297462696701e-17
v 0.5625 -0.875 5.3578297462696701e-17
v 0.59375 -0.875 5.3578297462696701e-17
v 0.625 -0.875 5.3578297462696701e-17
v 0.65625 -0.875 5.3578297462696701e-17
v 0.6875 -0.875 5.3578297462696701e-17
v 0.71875 -0.875 5.3578297462696701e-17
v 0.75 -0.875 5.3578297462696701e-17
v 0.78125 -0.875 5.3578297462696701e-17
v 0.8125 -0.875 5.3578297462696701e-17
v 0.84375 -0.875 5.3578297462696701e-17
v 0.875 -0.875 5.3578297462696701e-17
v 0.90625 -0.875 5.3578297462696701e-17
v 0.9375 -0.875 5.3578297462696701e-17
v 0.96875 -0.875 5.3578297462696701e-17
v 1 -0.875 5.3578297462696701e-17
v -1 -0.90625 5.5491808086364444e-17
v -0.96875 -0.90625 5.5491808086364444e-17
v -0.9375 -0.90625 5.5491808086364444e-17
v -0.90625 -0.90625 5.5491808086364444e-17
v -0.875 -0.90625 5.5491808086364444e-17
v -0.84375 -0.90625 5.5491808086364444e-17
v -0.8125 -0.90625 5.5491808086364444e-17
v -0.78125 -0.90625 5.5491808086364444e-17
v -0.75 -0.90625 5.5491808086364444e-17
v -0.71875 -0.90625 5.5491808086364444e-17
v -0.6875 -0.90625 5.5491808086364444e-17
v -0.65625 -0.90625 5.5491808086364444e-17
v -0.625 -0.90625 5.5491808086364444e-17
v -0.59375 -0.90625 5.5491808086364444e-17
v -0.5625 -0.90625 5.5491808086364444e-17
v -0.53125 -0.90625 5.5491808086364444e-17
v -0.5 -0.90625 5.5491808086364444e-17
v -0.46875 -0.90625 5.5491808086364444e-17
v -0.4375 -0.90625 5.5491808086364444e-17
v -0.40625 -0.90625 5.5491808086364444e-17
v -0.375 -0.90625 5.5491808086364444e-17
v -0.34375 -0.90625 5.5491808086364444e-17
v -0.3125 -0.90625 5.5491808086364444e-17
v -0.28125 -0.90625 5.5491808086364444e-17
v -0.25 -0.90625 5.5491808086364444e-17
v -0.21875 -0.90625 5.5491808086364444e-17
v -0.1875 -0.90625 5.5491808086364444e-17
v -0.15625 -0.90625 5.5491808086364444e-17
v -0.125 -0.90625 5.5491808086364444e-17
v -0.09375 -0.90625 5.5491808086364444e-17
v -0.0625 -0.90625 5.5491808086364444e-17
v -0.03125 -0.90625 5.5491808086364444e-17
v 0 -0.90625 5.5491808086364444e-17
v 0.03125 -0.90625 5.5491808086364444e-17
v 0.0625 -0.90625 5.5491808086364444e-17
v 0.09375 -0.90625 5.5491808086364444e-17
v 0.125 -0.90625 5.5491808086364444e-17
v 0.15625 -0.90625 5.5491808086364444e-17
v 0.1875 -0.90625 5.5491808086364444e-17
v 0.21875 -0.90625 5.5491808086364444e-17
v 0.25 -0.90625 5.5491808086364444e-17
v 0.28125 -0.90625 5.5491808086364444e-17
v 0.3125 -0.90625 5.5491808086364444e-17
v 0.34375 -0.90625 5.5491808086364444e-17
v 0.375 -0.90625 5.5491808086364444e-17
v 0.40625 -0.90625 5.5491808086364444e-17
v 0.4375 -0.90625 5.5491808086364444e-17
v 0.46875 -0.90625 5.5491808086364444e-17
v 0.5 -0.90625 5.5491808086364444e-17
v 0.53125 -0.90625 5.5491808086364444e-17
v 0.5625 -0.90625 5.5491808086364444e-17
v 0.59375 -0.90625 5.5491808086364444e-17
v 0.625 -0.90625 5.5491808086364444e-17
v 0.65625 -0.90625 5.5491808086364444e-17
v 0.6875 -0.90625 5.5491808086364444e-17
v 0.71875 -0.90625 5.5491808086364444e-17
v 0.75 -0.90625 5.5491808086364444e-17
v 0.78125 -0.90625 5.5491808086364444e-17
v 0.8125 -0.90625 5.5491808086364444e-17
v 0.84375 -0.90625 5.5491808086364444e-17
v 0.875 -0.90625 5.5491808086364444e-17
v 0.90625 -0.90625 5.5491808086364444e-17
v 0.9375 -0.90625 5.5491808086364444e-17
v 0.96875 -0.90625 5.5491808086364444e-17
v 1 -0.90625 5.5491808086364444e-17
v -1 -0.9375 5.7405318710032187e-17
v -0.96875 -0.9375 5.7405318710032187e-17
v -0.9375 -0.9375 5.7405318710032187e-17
v -0.90625 -0.9375 5.7405318710032187e-17
v -0.875 -0.9375 5.7405318710032187e-17
v -0.84375 -0.9375 5.7405318710032187e-17
v -0.8125 -0.9375 5.7405318710032187e-17
v -0.78125 -0.9375 5.7405318710032187e-17
v -0.75 -0.9375 5.7405318710032187e-17
v -0.71875 -0.9375 5.7405318710032187e-17
v -0.6875 -0.9375 5.7405318710032187e-17
v -0.65625 -0.9375 5.7405318710032187e-17
v -0.625 -0.9375 5.7405318710032187e-17
v -0.59375 -0.9375 5.7405318710032187e-17
v -0.5625 -0.9375 5.7405318710032187e-17
v -0.53125 -0.9375 5.7405318710032187e-17
v -0.5 -0.9375 5.7405318710032187e-17
v -0.46875 -0.9375 5.7405318710032187e-17
v -0.4375 -0.9375 5.7405318710032187e-17
v -0.40625 -0.9375 5.7405318710032187e-17
v -0.375 -0.9375 5.7405318710032187e-17
v -0.34375 -0.9375 5.7405318710032187e-17
v -0.3125 -0.9375 5.7405318710032187e-17
v -0.28125 -0.9375 5.7405318710032187e-17
v -0.25 -0.9375 5.7405318710032187e-17
v -0.21875 -0.9375 5.7405318710032187e-17
v -0.1875 -0.9375 5.7405318710032187e-17
v -0.15625 -0.9375 5.7405318710032187e-17
v -0.125 -0.9375 5.7405318710032187e-17
v -0.09375 -0.9375 5.7405318710032187e-17
v -0.0625 -0.9375 5.7405318710032187e-17
v -0.03125 -0.9375 5.7405318710032187e-17
v 0 -0.9375 5.7405318710032187e-17
v 0.03125 -0.9375 5.7405318710032187e-17
v 0.0625 -0.9375 5.7405318710032187e-17
v 0.09375 -0.9375 5.7405318710032187e-17
v 0.125 -0.9375 5.7405318710032187e-17
v 0.15625 -0.9375 5.7405318710032187e-17
v 0.1875 -0.9375 5.7405318710032187e-17
v 0.21875 -0.9375 5.7405318710032187e-17
v 0.25 -0.9375 5.7405318710032187e-17
v 0.28125 -0.9375 5.7405318710032187e-17
v 0.3125 -0.9375 5.7405318710032187e-17
v 0.34375 -0.9375 5.7405318710032187e-17
v 0.375 -0.9375 5.7405318710032187e-17
v 0.40625 -0.9375 5.7405318710032187e-17
v 0.4375 -0.9375 5.7405318710032187e-17
v 0.46875 -0.9375 5.7405318710032187e-17
v 0.5 -0.9375 5.7405318710032187e-17
v 0.53125 -0.9375 5.7405318710032187e-17
v 0.5625 -0.9375 5.7405318710032187e-17
v 0.59375 -0.9375 5.7405318710032187e-17
v 0.625 -0.9375 5.7405318710032187e-17
v 0.65625 -0.9375 5.7405318710032187e-17
v 0.6875 -0.9375 5.7405318710032187e-17
v 0.71875 -0.9375 5.7405318710032187e-17
v 0.75 -0.9375 5.7405318710032187e-17
v 0.78125 -0.9375 5.7405318710032187e-17
v 0.8125 -0.9375 5.7405318710032187e-17
v 0.84375 -0.9375 5.7405318710032187e-17
v 0.875 -0.9375 5.7405318710032187e-17
v 0.90625 -0.9375 5.7405318710032187e-17
v 0.9375 -0.9375 5.7405318710032187e-17
v 0.96875 -0.9375 5.7405318710032187e-17
v 1 -0.9375 5.7405318710032187e-17
v -1 -0.96875 5.9318829333699924e-17
v -0.96875 -0.96875 5.9318829333699924e-17
v -0.9375 -0.96875 5.9318829333699924e-17
v -0.90625 -0.96875 5.9318829333699924e-17
v -0.875 -0.96875 5.9318829333699924e-17
v -0.84375 -0.96875 5.9318829333699924e-17
v -0.8125 -0.96875 5.9318829333699924e-17
v -0.78125 -0.96875 5.9318829333699924e-17
v -0.75 -0.96875 5.9318829333699924e-17
v -0.71875 -0.96875 5.9318829333699924e-17
v -0.6875 -0.96875 5.9318829333699924e-17
v -0.65625 -0.96875 5.9318829333699924e-17
v -0.625 -0.96875 5.9318829333699924e-17
v -0.59375 -0.96875 5.9318829333699924e-17
v -0.5625 -0.96875 5.9318829333699924e-17
v -0.53125 -0.96875 5.9318829333699924e-17
v -0.5 -0.96875 5.9318829333699924e-17
v -0.46875 -0.96875 5.9318829333699924e-17
v -0.4375 -0.96875 5.9318829333699924e-17
v -0.40625 -0.96875 5.9318829333699924e-17
v -0.375 -0.96875 5.9318829333699924e-17
v -0.34375 -0.96875 5.9318829333699924e-17
v -0.3125 -0.96875 5.9318829333699924e-17
v -0.28125 -0.96875 5.9318829333699924e-17
v -0.25 -0.96875 5.9318829333699924e-17
v -0.21875 -0.96875 5.9318829333699924e-17
v -0.1875 -0.96875 5.9318829333699924e-17
v -0.15625 -0.96875 5.9318829333699924e-17
v -0.125 -0.96875 5.9318829333699924e-17
v -0.09375 -0.96875 5.9318829333699924e-17
v -0.0625 -0.96875 5.9318829333699924e-17
v -0.03125 -0.96875 5.9318829333699924e-17
v 0 -0.96875 5.9318829333699924e-17
v 0.03125 -0.96875 5.9318829333699924e-17
v 0.0625 -0.96875 5.9318829333699924e-17
v 0.09375 -0.96875 5.9318829333699924e-17
v 0.125 -0.96875 5.9318829333699924e-17
v 0.15625 -0.96875 5.9318829333699924e-17
v 0.1875 -0.96875 5.9318829333699924e-17
v 0.21875 -0.96875 5.9318829333699924e-17
v 0.25 -0.96875 5.9318829333699924e-17
v 0.28125 -0.96875 5.9318829333699924e-17
v 0.3125 -0.96875 5.9318829333699924e-17
v 0.34375 -0.96875 5.9318829333699924e-17
v 0.375 -0.96875 5.9318829333699924e-17
v 0.40625 -0.96875 5.9318829333699924e-17
v 0.4375 -0.96875 5.9318829333699924e-17
v 0.46875 -0.96875 5.9318829333699924e-17
v 0.5 -0.96875 5.9318829333699924e-17
v 0.53125 -0.96875 5.9318829333699924e-17
v 0.5625 -0.96875 5.9318829333699924e-17
v 0.59375 -0.96875 5.9318829333699924e-17
v 0.625 -0.96875 5.9318829333699924e-17
v 0.65625 -0.96875 5.9318829333699924e-17
v 0.6875 -0.96875 5.9318829333699924e-17
v 0.71875 -0.96875 5.9318829333699924e-17
v 0.75 -0.96875 5.9318829333699924e-17
v 0.78125 -0.96875 5.9318829333699924e-17
v 0.8125 -0.96875 5.9318829333699924e-17
v 0.84375 -0.96875 5.9318829333699924e-17
v 0.875 -0.96875 5.9318829333699924e-17
v 0.90625 -0.96875 5.9318829333699924e-17
v 0.9375 -0.96875 5.9318829333699924e-17
v 0.96875 -0.96875 5.9318829333699924e-17
v 1 -0.96875 5.9318829333699924e-17
v -1 -1 6.123233995736766e-17
v -0.96875 -1 6.123233995736766e-17
v -0.9375 -1 6.123233995736766e-17
v -0.90625 -1 6.123233995736766e-17
v -0.875 -1 6.123233995736766e-17
v -0.84375 -1 6.123233995736766e-17
v -0.8125 -1 6.123233995736766e-17
v -0.78125 -1 6.123233995736766e-17
v -0.75 -1 6.123233995736766e-17
v -0.71875 -1 6.123233995736766e-17
v -0.6875 -1 6.123233995736766e-17
v -0.65625 -1 6.123233995736766e-17
v -0.625 -1 6.123233995736766e-17
v -0.59375 -1 6.123233995736766e-17
v -0.5625 -1 6.123233995736766e-17
v -0.53125 -1 6.123233995736766e-17
v -0.5 -1 6.123233995736766e-17
v -0.46875 -1 6.123233995736766e-17
v -0.4375 -1 6.123233995736766e-17
v -0.40625 -1 6.123233995736766e-17
v -0.375 -1 6.123233995736766e-17
v -0.34375 -1 6.123233995736766e-17
v -0.3125 -1 6.123233995736766e-17
v -0.28125 -1 6.123233995736766e-17
v -0.25 -1 6.123233995736766e-17
v -0.21875 -1 6.123233995736766e-17
v -0.1875 -1 6.123233995736766e-17
v -0.15625 -1 6.123233995736766e-17
v -0.125 -1 6.123233995736766e-17
v -0.09375 -1 6.123233995736766e-17
v -0.0625 -1 6.123233995736766e-17
v -0.03125 -1 6.123233995736766e-17
v 0 -1 6.123233995736766e-17
v 0.03125 -1 6.123233995736766e-17
v 0.0625 -1 6.123233995736766e-17
v 0.09375 -1 6.123233995736766e-17
v 0.125 -1 6.123233995736766e-17
v 0.15625 -1 6.123233995736766e-17
v 0.1875 -1 6.123233995736766e-17
v 0.21875 -1 6.123233995736766e-17
v 0.25 -1 6.123233995736766e-17
v 0.28125 -1 6.123233995736766e-17
v 0.3125 -1 6.123233995736766e-17
v 0.34375 -1 6.123233995736766e-17
v 0.375 -1 6.123233995736766e-17
v 0.40625 -1 6.123233995736766e-17
v 0.4375 -1 6.123233995736766e-17
v 0.46875 -1 6.123233995736766e-17
v 0.5 -1 6.123233995736766e-17
v 0.53125 -1 6.123233995736766e-17
v 0.5625 -1 6.123233995736766e-17
v 0.59375 -1 6.123233995736766e-17
v 0.625 -1 6.123233995736766e-17
v 0.65625 -1 6.123233995736766e-17
v 0.6875 -1 6.123233995736766e-17
v 0.71875 -1 6.123233995736766e-17
v 0.75 -1 6.123233995736766e-17
v 0.78125 -1 6.123233995736766e-17
v 0.8125 -1 6.123233995736766e-17
v 0.84375 -1 6.123233995736766e-17
v 0.875 -1 6.123233995736766e-17
v 0.90625 -1 6.123233995736766e-17
v 0.9375 -1 6.123233995736766e-17
v 0.96875 -1 6.123233995736766e-17
v 1 -1 6.123233995736766e-17
f 1 66 67
f 2 1 67
f 2 67 68
f 3 2 68
f 3 68 69
f 4 3 69
f 4 69 70
f 5 4 70
f 5 70 71
f 6 5 71
f 6 71 72
f 7 6 72
f 7 72 73
f 8 7 73
f 8 73 74
f 9 8 74
f 9 74 75
f 10 9 75
f 10 75 76
f 11 10 76
f 11 76 77
f 12 11 77
f 12 77 78
f 13 12 78
f 13 78 79
f 14 13 79
f 14 79 80
f 15 14 80
f 15 80 81
f 16 15 81
f 16 81 82
f 17 16 82
f 17 82 83
f 18 17 83
f 18 83 84
f 19 18 84
f 19 84 85
f 20 19 85
f 20 85 86
f 21 20 86
f 21 86 87
f 22 21 87
f 22 87 88
f 23 22 88
f 23 88 89
f 24 23 89
f 24 89 90
f 25 24 90
f 25 90 91
f 26 25 91
f 26 91 92
f 27 26 92
f 27 92 93
f 28 27 93
f 28 93 94
f 29 28 94
f 29 94 95
f 30 29 95
f 30 95 96
f 31 30 96
f 31 96 97
f 32 31 97
f 32 97 98
f 33 32 98
f 33 98 99
f 34 33 99
f 34 99 100
f 35 34 100
f 35 100 101
f 36 35 101
f 36 101 102
f 37 36 102
f 37 102 103
f 38 37 103
f 38 103 104
f 39 38 104
f 39 104 105
f 40 39 105
f 40 105 106
f 41 40 106
f 41 106 107
f 42 41 107
f 42 107 108
f 43 42 108
f 43 108 109
f 44 43 109
f 44 109 110
f 45 44 110
f 45 110 111
f 46 45 111
f 46 111 112
f 47 46 112
f 47 112 113
f 48 47 113
f 48 113 114
f 49 48 114
f 49 114 115
f 50 49 115
f 50 115 116
f 51 50 116
f 51 116 117
f 52 51 117
f 52 117 118
f 53 52 118
f 53 118 119
f 54 53 119
f 54 119 120
f 55 54 120
f 55 120 121
f 56 55 121
f 56 121 122
f 57 56 122
f 57 122 123
f 58 57 123
f 58 123 124
f 59 58 124
f 59 124 125
f 60 59 125
f 60 125 126
f 61 60 126
f 61 126 127
f 62 61 127
f 62 127 128
f 63 62 128
f 63 128 129
f 64 63 129
f 64 129 130
f 65 64 130
f 66 131 132
f 67 66 132
f 67 132 133
f 68 67 133
f 68 133 134
f 69 68 134
f 69 134 135
f 70 69 135
f 70 135 136
f 71 70 136
f 71 136 137
f 72 71 137
f 72 137 138
f 73 72 138
f 73 138 139
f 74 73 139
f 74 139 140
f 75 74 140
f 75 140 141
f 76 75 141
f 76 141 142
f 77 76 142
f 77 142 143
f 78 77 143
f 78 143 144
f 79 78 144
f 79 144 145
f 80 79 145
f 80 145 146
f 81 80 146
f 81 146 147
f 82 81 147
f 82 147 148
f 83 82 148
f 83 148 149
f 84 83 149
f 84 149 150
f 85 84 150
f 85 150 151
f 86 85 151
f 86 151 152
f 87 86 152
f 87 152 153
f 88 87 153
f 88 153 154
f 89 88 154
f 89 154 155
f 90 89 155
f 90 155 156
f 91 90 156
f 91 156 157
f 92 91 157
f 92 157 158
f 93 92 158
f 93 158 159
f 94 93 159
f 94 159 160
f 95 94 160
f 95 160 161
f 96 95 161
f 96 161 162
f 97 96 162
f 97 162 163
f 98 97 163
f 98 163 164
f 99 98 164
f 99 164 165
f 100 99 165
f 100 165 166
f 101 100 166
f 101 166 167
f 102 101 167
f 102 167 168
f 103 102 168
f 103 168 169
f 104 103 169
f 104 169 170
f 105 104 170
f 105 170 171
f 106 105 171
f 106 171 172
f 107 106 172
f 107 172 173
f 108 107 173
f 108 173 174
f 109 108 174
f 109 174 175
f 110 109 175
f 110 175 176
f 111 110 176
f 111 176 177
f 112 111 177
f 112 177 178
f 113 112 178
f 113 178 179
f 114 113 179
f 114 179 180
f 115 114 180
f 115 180 181
f 116 115 181
f 116 181 182
f 117 116 182
f 117 182 183
f 118 117 183
f 118 183 184
f 119 118 184
f 119 184 185
f 120 119 185
f 120 185 186
f 121 120 186
f 121 186 187
f 122 121 187
f 122 187 188
f 123 122 188
f 123 188 189
f 124 123 189
f 124 189 190
f 125 124 190
f 125 190 191
f 126 125 191
f 126 191 192
f 127 126 192
f 127 192 193
f 128 127 193
f 128 193 194
f 129 128 194
f 129 194 195
f 130 129 195
f 131 196 197
f 132 131 197
f 132 197 198
f 133 132 198
f 133 198 199
f 134 133 199
f 134 199 200
f 135 134 200
f 135 200 201
f 136 135 201
f 136 201 202
f 137 136 202
f 137 202 203
f 138 137 203
f 138 203 204
f 139 138 204
f 139 204 205
f 140 139 205
f 140 205 206
f 141 140 206
f 141 206 207
f 142 141 207
f 142 207 208
f 143 142 208
f 143 208 209
f 144 143 209
f 144 209 210
f 145 144 210
f 145 210 211
f 146 145 211
f 146 211 212
f 147 146 212
f 147 212 213
f 148 147 213
f 148 213 214
f 149 148 214
f 149 214 215
f 150 149 215
f 150 215 216
f 151 150 216
f 151 216 217
f 152 151 217
f 152 217 218
f 153 152 218
f 153 218 219
f 154 153 219
f 154 219 220
f 155 154 220
f 155 220 221
f 156 155 221
f 156 221 222
f 157 156 222
f 157 222 223
f 158 157 223
f 158 223 224
f 159 158 224
f 159 224 225
f 160 159 225
f 160 225 226
f 161 160 226
f 161 226 227
f 162 161 227
f 162 227 228
f 163 162 228
f 163 228 229
f 164 163 229
f 164 229 230
f 165 164 230
f 165 230 231
f 166 165 231
f 166 231 232
f 167 166 232
f 167 232 233
f 168 167 233
f 168 233 234
f 169 168 234
f 169 234 235
f 170 169 235
f 170 235 236
f 171 170 236
f 171 236 237
f 172 171 237
f 172 237 238
f 173 172 238
f 173 238 239
f 174 173 239
f 174 239 240
f 175 174 240
f 175 240 241
f 176 175 241
f 176 241 242
f 177 176 242
f 177 242 243
f 178 177 243
f 178 243 244
f 179 178 244
f 179 244 245
f 180 179 245
f 180 245 246
f 181 180 246
f 181 246 247
f 182 181 247
f 182 247 248
f 183 182 248
f 183 248 249
f 184 183 249
f 184 249 250
f 185 184 250
f 185 250 251
f 186 185 251
f 186 251 252
f 187 186 252
f 187 252 253
f 188 187 253
f 188 253 254
f 189 188 254
f 189 254 255
f 190 189 255
f 190 255 256
f 191 190 256
f 191 256 257
f 192 191 257
f 192 257 258
f 193 192 258
f 193 258 259
f 194 193 259
f 194 259 260
f 195 194 260
f 196 261 262
f 197 196 262
f 197 262 263
f 198 197 263
f 198 263 264
f 199 198 264
f 199 264 265
f 200 199 265
f 200 265 266
f 201 200 266
f 201 266 267
f 202 201 267
f 202 267 268
f 203 202 268
f 203 268 269
f 204 203 269
f 204 269 270
f 205 204 270
f 205 270 271
f 206 205 271
f 206 271 272
f 207 206 272
f 207 272 273
f 208 207 273
f 208 273 274
f 209 208 274
f 209 274 275
f 210 209 275
f 210 275 276
f 211 210 276
f 211 276 277
f 212 211 277
f 212 277 278
f 213 212 278
f 213 278 279
f 214 213 279
f 214 279 280
f 215 214 280
f 215 280 281
f 216 215 281
f 216 281 282
f 217 216 282
f 217 282 283
f 218 217 283
f 218 283 284
f 219 218 284
f 219 284 285
f 220 219 285
f 220 285 286
f 221 220 286
f 221 286 287
f 222 221 287
f 222 287 288
f 223 222 288
f 223 288 289
f 224 223 289
f 224 289 290
f 225 224 290
f 225 290 291
f 226 225 291
f 226 291 292
f 227 226 292
f 227 292 293
f 228 227 293
f 228 293 294
f 229 228 294
f 229 294 295
f 230 229 295
f 230 295 296
f 231 230 296
f 231 296 297
f 232 231 297
f 232 297 298
f 233 232 298
f 233 298 299
f 234 233 299
f 234 299 300
f 235 234 300
f 235 300 301
f 236 235 301
f 236 301 302
f 237 236 302
f 237 302 303
f 238 237 303
f 238 303 304
f 239 238 304
f 239 304 305
f 240 239 305
f 240 305 306
f 241 240 306
f 241 306 307
f 242 241 307
f 242 307 308
f 243 242 308
f 243 308 309
f 244 243 309
f 244 309 310
f 245 244 310
f 245 310 311
f 246 245 311
f 246 311 312
f 247 246 312
f 247 312 313
f 248 247 313
f 248 313 314
f 249 248 314
f 249 314 315
f 250 249 315
f 250 315 316
f 251 250 316
f 251 316 317
f 252 251 317
f 252 317 318
f 253 252 318
f 253 318 319
f 254 253 319
f 254 319 320
f 255 254 320
f 255 320 321
f 256 255 321
f 256 321 322
f 257 256 322
f 257 322 323
f 258 257 323
f 258 323 324
f 259 258 324
f 259 324 325
f 260 259 325
f 261 326 327
f 262 261 327
f 262 327 328
f 263 262 328
f 263 328 329
f 264 263 329
f 264 329 330
f 265 264 330
f 265 330 331
f 266 265 331
f 266 331 332
f 267 266 332
f 267 332 333
f 268 267 333
f 268 333 334
f 269 268 334
f 269 334 335
f 270 269 335
f 270 335 336
f 271 270 336
f 271 336 337
f 272 271 337
f 272 337 338
f 273 272 338
f 273 338 339
f 274 273 339
f 274 339 340
f 275 274 340
f 275 340 341
f 276 275 341
f 276 341 342
f 277 276 342
f 277 342 343
f 278 277 343
f 278 343 344
f 279 278 344
f 279 344 345
f 280 279 345
f 280 345 346
f 281 280 346
f 281 346 347
f 282 281 347
f 282 347 348
f 283 282 348
f 283 348 349
f 284 283 349
f 284 349 350
f 285 284 350
f 285 350 351
f 286 285 351
f 286 351 352
f 287 286 352
f 287 352 353
f 288 287 353
f 288 353 354
f 289 288 354
f 289 354 355
f 290 289 355
f 290 355 356
f 291 290 356
f 291 356 357
f 292 291 357
f 292 357 358
f 293 292 358
f 293 358 359
f 294 293 359
f 294 359 360
f 295 294 360
f 295 360 361
f 296 295 361
f 296 361 362
f 297 296 362
f 297 362 363
f 298 297 363
f 298 363 364
f 299 298 364
f 299 364 365
f 300 299 365
f 300 365 366
f 301 300 366
f 301 366 367
f 302 301 367
f 302 367 368
f 303 302 368
f 303 368 369
f 304 303 369
f 304 369 370
f 305 304 370
f 305 370 371
f 306 305 371
f 306 371 372
f 307 306 372
f 307 372 373
f 308 307 373
f 308 373 374
f 309 308 374
f 309 374 375
f 310 309 375
f 310 375 376
f 311 310 376
f 311 376 377
f 312 311 377
f 312 377 378
f 313 312 378
f 313 378 379
f 314 313 379
f 314 379 380
f 315 314 380
f 315 380 381
f 316 315 381
f 316 381 382
f 317 316 382
f 317 382 383
f 318 317 383
f 318 383 384
f 319 318 384
f 319 384 385
f 320 319 385
f 320 385 386
f 321 320 386
f 321 386 387
f 322 321 387
f 322 387 388
f 323 322 388
f 323 388 389
f 324 323 389
f 324 389 390
f 325 324 390
f 326 391 392
f 327 326 392
f 327 392 393
f 328 327 393
f 328 393 394
f 329 328 394
f 329 394 395
f 330 329 395
f 330 395 396
f 331 330 396
f 331 396 397
f 332 331 397
f 332 397 398
f 333 332 398
f 333 398 399
f 334 333 399
f 334 399 400
f 335 334 400
f 335 400 401
f 336 335 401
f 336 401 402
f 337 336 402
f 337 402 403
f 338 337 403
f 338 403 404
f 339 338 404
f 339 404 405
f 340 339 405
f 340 405 406
f 341 340 406
f 341 406 407
f 342 341 407
f 342 407 408
f 343 342 408
f 343 408 409
f 344 343 409
f 344 409 410
f 345 344 410
f 345 410 411
f 346 345 411
f 346 411 412
f 347 346 412
f 347 412 413
f 348 347 413
f 348 413 414
f 349 348 414
f 349 414 415
f 350 349 415
f 350 415 416
f 351 350 416
f 351 416 417
f 352 351 417
f 352 417 418
f 353 352 418
f 353 418 419
f 354 353 419
f 354 419 420
f 355 354 420
f 355 420 421
f 356 355 421
f 356 421 422
f 357 356 422
f 357 422 423
f 358 357 423
f 358 423 424
f 359 358 424
f 359 424 425
f 360 359 425
f 360 425 426
f 361 360 426
f 361 426 427
f 362 361 427
f 362 427 428
f 363 362 428
f 363 428 429
f 364 363 429
f 364 429 430
f 365 364 430
f 365 430 431
f 366 365 431
f 366 431 432
f 367 366 432
f 367 432 433
f 368 367 433
f 368 433 434
f 369 368 434
f 369 434 435
f 370 369 435
f 370 435 436
f 371 370 436
f 371 436 437
f 372 371 437
f 372 437 438
f 373 372 438
f 373 438 439
f 374 373 439
f 374 439 440
f 375 374 440
f 375 440 441
f 376 375 441
f 376 441 442
f 377 376 442
f 377 442 443
f 378 377 443
f 378 443 444
f 379 378 444
f 379 444 445
f 380 379 445
f 380 445 446
f 381 380 446
f 381 446 447
f 382 381 447
f 382 447 448
f 383 382 448
f 383 448 449
f 384 383 449
f 384 449 450
f 385 384 450
f 385 450 451
f 386 385 451
f 386 451 452
f 387 386 452
f 387 452 453
f 388 387 453
f 388 453 454
f 389 388 454
f 389 454 455
f 390 389 455
f 391 456 457
f 392 391 457
f 392 457 458
f 393 392 458
f 393 458 459
f 394 393 459
f 394 459 460
f 395 394 460
f 395 460 461
f 396 395 461
f 396 461 462
f 397 396 462
f 397 462 463
f 398 397 463
f 398 463 464
f 399 398 464
f 399 464 465
f 400 399 465
f 400 465 466
f 401 400 466
f 401 466 467
f 402 401 467
f 402 467 468
f 403 402 468
f 403 468 469
f 404 403 469
f 404 469 470
f 405 404 470
f 405 470 471
f 406 405 471
f 406 471 472
f 407 406 472
f 407 472 473
f 408 407 473
f 408 473 474
f 409 408 474
f 409 474 475
f 410 409 475
f 410 475 476
f 411 410 476
f 411 476 477
f 412 411 477
f 412 477 478
f 413 412 478
f 413 478 479
f 414 413 479
f 414 479 480
f 415 414 480
f 415 480 481
f 416 415 481
f 416 481 482
f 417 416 482
f 417 482 483
f 418 417 483
f 418 483 484
f 419 418 484
f 419 484 485
f 420 419 485
f 420 485 486
f 421 420 486
f 421 486 487
f 422 421 487
f 422 487 488
f 423 422 488
f 423 488 489
f 424 423 489
f 424 489 490
f 425 424 490
f 425 490 491
f 426 425 491
f 426 491 492
f 427 426 492
f 427 492 493
f 428 427 493
f 428 493 494
f 429 428 494
f 429 494 495
f 430 429 495
f 430 495 496
f 431 430 496
f 431 496 497
f 432 431 497
f 432 497 498
f 433 432 498
f 433 498 499
f 434 433 499
f 434 499 500
f 435 434 500
f 435 500 501
f 436 435 501
f 436 501 502
f 437 436 502
f 437 502 503
f 438 437 503
f 438 503 504
f 439 438 504
f 439 504 505
f 440 439 505
f 440 505 506
f 441 440 506
f 441 506 507
f 442 441 507
f 442 507 508
f 443 442 508
f 443 508 509
f 444 443 509
f 444 509 510
f 445 444 510
f 445 510 511
f 446 445 511
f 446 511 512
f 447 446 512
f 447 512 513
f 448 447 513
f 448 513 514
f 449 448 514
f 449 514 515
f 450 449 515
f 450 515 516
f 451 450 516
f 451 516 517
f 452 451 517
f 452 517 518
f 453 452 518
f 453 518 519
f 454 453 519
f 454 519 520
f 455 454 520
f 456 521 522
f 457 456 522
f 457 522 523
f 458 457 523
f 458 523 524
f 459 458 524
f 459 524 525
f 460 459 525
f 460 525 526
f 461 460 526
f 461 526 527
f 462 461 527
f 462 527 528
f 463 462 528
f 463 528 529
f 464 463 529
f 464 529 530
f 465 464 530
f 465 530 531
f 466 465 531
f 466 531 532
f 467 466 532
f 467 532 533
f 468 467 533
f 468 533 534
f 469 468 534
f 469 534 535
f 470 469 535
f 470 535 536
f 471 470 536
f 471 536 537
f 472 471 537
f 472 537 538
f 473 472 538
f 473 538 539
f 474 473 539
f 474 539 540
f 475 474 540
f 475 540 541
f 476 475 541
f 476 541 542
f 477 476 542
f 477 542 543
f 478 477 543
f 478 543 544
f 479 478 544
f 479 544 545
f 480 479 545
f 480 545 546
f 481 480 546
f 481 546 547
f 482 481 547
f 482 547 548
f 483 482 548
f 483 548 549
f 484 483 549
f 484 549 550
f 485 484 550
f 485 550 551
f 486 485 551
f 486 551 552
f 487 486 552
f 487 552 553
f 488 487 553
f 488 553 554
f 489 488 554
f 489 554 555
f 490 489 555
f 490 555 556
f 491 490 556
f 491 556 557
f 492 491 557
f 492 557 558
f 493 492 558
f 493 558 559
f 494 493 559
f 494 559 560
f 495 494 560
f 495 560 561
f 496 495 561
f 496 561 562
f 497 496 562
f 497 562 563
f 498 497 563
f 498 563 564
f 499 498 564
f 499 564 565
f 500 499 565
f 500 565 566
f 501 500 566
f 501 566 567
f 502 501 567
f 502 567 568
f 503 502 568
f 503 568 569
f 504 503 569
f 504 569 570
f 505 504 570
f 505 570 571
f 506 505 571
f 506 571 572
f 507 506 572
f 507 572 573
f 508 507 573
f 508 573 574
f 509 508 574
f 509 574 575
f 510 509 575
f 510 575 576
f 511 510 576
f 511 576 577
f 512 511 577
f 512 577 578
f 513 512 578
f 513 578 579
f 514 513 579
f 514 579 580
f 515 514 580
f 515 580 581
f 516 515 581
f 516 581 582
f 517 516 582
f 517 582 583
f 518 517 583
f 518 583 584
f 519 518 584
f 519 584 585
f 520 519 585
f 521 586 587
f 522 521 587
f 522 587 588
f 523 522 588
f 523 588 589
f 524 523 589
f 524 589 590
f 525 524 590
f 525 590 591
f 526 525 591
f 526 591 592
f 527 526 592
f 527 592 593
f 528 527 593
f 528 593 594
f 529 528 594
f 529 594 595
f 530 529 595
f 530 595 596
f 531 530 596
f 531 596 597
f 532 531 597
f 532 597 598
f 533 532 598
f 533 598 599
f 534 533 599
f 534 599 600
f 535 534 600
f 535 600 601
f 536 535 601
f 536 601 602
f 537 536 602
f 537 602 603
f 538 537 603
f 538 603 604
f 539 538 604
f 539 604 605
f 540 539 605
f 540 605 606
f 541 540 606
f 541 606 607
f 542 541 607
f 542 607 608
f 543 542 608
f 543 608 609
f 544 543 609
f 544 609 610
f 545 544 610
f 545 610 611
f 546 545 611
f 546 611 612
f 547 546 612
f 547 612 613
f 548 547 613
f 548 613 614
f 549 548 614
f 549 614 615
f 550 549 615
f 550 615 616
f 551 550 616
f 551 616 617
f 552 551 617
f 552 617 618
f 553 552 618
f 553 618 619
f 554 553 619
f 554 619 620
f 555 554 620
f 555 620 621
f 556 555 621
f 556 621 622
f 557 556 622
f 557 622 623
f 558 557 623
f 558 623 624
f 559 558 624
f 559 624 625
f 560 559 625
f 560 625 626
f 561 560 626
f 561 626 627
f 562 561 627
f 562 627 628
f 563 562 628
f 563 628 629
f 564 563 629
f 564 629 630
f 565 564 630
f 565 630 631
f 566 565 631
f 566 631 632
f 567 566 632
f 567 632 633
f 568 567 633
f 568 633 634
f 569 568 634
f 569 634 635
f 570 569 635
f 570 635 636
f 571 570 636
f 571 636 637
f 572 571 637
f 572 637 638
f 573 572 638
f 573 638 639
f 574 573 639
f 574 639 640
f 575 574 640
f 575 640 641
f 576 575 641
f 576 641 642
f 577 576 642
f 577 642 643
f 578 577 643
f 578 643 644
f 579 578 644
f 579 644 645
f 580 579 645
f 580 645 646
f 581 580 646
f 581 646 647
f 582 581 647
f 582 647 648
f 583 582 648
f 583 648 649
f 584 583 649
f 584 649 650
f 585 584 650
f 586 651 652
f 587 586 652
f 587 652 653
f 588 587 653
f 588 653 654
f 589 588 654
f 589 654 655
f 590 589 655
f 590 655 656
f 591 590 656
f 591 656 657
f 592 591 657
f 592 657 658
f 593 592 658
f 593 658 659
f 594 593 659
f 594 659 660
f 595 594 660
f 595 660 661
f 596 595 661
f 596 661 662
f 597 596 662
f 597 662 663
f 598 597 663
f 598 663 664
f 599 598 664
f 599 664 665
f 600 599 665
f 600 665 666
f 601 600 666
f 601 666 667
f 602 601 667
f 602 667 668
f 603 602 668
f 603 668 669
f 604 603 669
f 604 669 670
f 605 604 670
f 605 670 671
f 606 605 671
f 606 671 672
f 607 606 672
f 607 672 673
f 608 607 673
f 608 673 674
f 609 608 674
f 609 674 675
f 610 609 675
f 610 675 676
f 611 610 676
f 611 676 677
f 612 611 677
f 612 677 678
f 613 612 678
f 613 678 679
f 614 613 679
f 614 679 680
f 615 614 680
f 615 680 681
f 616 615 681
f 616 681 682
f 617 616 682
f 617 682 683
f 618 617 683
f 618 683 684
f 619 618 684
f 619 684 685
f 620 619 685
f 620 685 686
f 621 620 686
f 621 686 687
f 622 621 687
f 622 687 688
f 623 622 688
f 623 688 689
f 624 623 689
f 624 689 690
f 625 624 690
f 625 690 691
f 626 625 691
f 626 691 692
f 627 626 692
f 627 692 693
f 628 627 693
f 628 693 694
f 629 628 694
f 629 694 695
f 630 629 695
f 630 695 696
f 631 630 696
f 631 696 697
f 632 631 697
f 632 697 698
f 633 632 698
f 633 698 699
f 634 633 699
f 634 699 700
f 635 634 700
f 635 700 701
f 636 635 701
f 636 701 702
f 637 636 702
f 637 702 703
f 638 637 703
f 638 703 704
f 639 638 704
f 639 704 705
f 640 639 705
f 640 705 706
f 641 640 706
f 641 706 707
f 642 641 707
f 642 707 708
f 643 642 708
f 643 708 709
f 644 643 709
f 644 709 710
f 645 644 710
f 645 710 711
f 646 645 711
f 646 711 712
f 647 646 712
f 647 712 713
f 648 647 713
f 648 713 714
f 649 648 714
f 649 714 715
f 650 649 715
f 651 716 717
f 652 651 717
f 652 717 718
f 653 652 718
f 653 718 719
f 654 653 719
f 654 719 720
f 655 654 720
f 655 720 721
f 656 655 721
f 656 721 722
f 657 656 722
f 657 722 723
f 658 657 723
f 658 723 724
f 659 658 724
f 659 724 725
f 660 659 725
f 660 725 726
f 661 660 726
f 661 726 727
f 662 661 727
f 662 727 728
f 663 662 728
f 663 728 729
f 664 663 729
f 664 729 730
f 665 664 730
f 665 730 731
f 666 665 731
f 666 731 732
f 667 666 732
f 667 732 733
f 668 667 733
f 668 733 734
f 669 668 734
f 669 734 735
f 670 669 735
f 670 735 736
f 671 670 736
f 671 736 737
f 672 671 737
f 672 737 738
f 673 672 738
f 673 738 739
f 674 673 739
f 674 739 740
f 675 674 740
f 675 740 741
f 676 675 741
f 676 741 742
f 677 676 742
f 677 742 743
f 678 677 743
f 678 743 744
f 679 678 744
f 679 744 745
f 680 679 745
f 680 745 746
f 681 680 746
f 681 746 747
f 682 681 747
f 682 747 748
f 683 682 748
f 683 748 749
f 684 683 749
f 684 749 750
f 685 684 750
f 685 750 751
f 686 685 751
f 686 751 752
f 687 686 752
f 687 752 753
f 688 687 753
f 688 753 754
f 689 688 754
f 689 754 755
f 690 689 755
f 690 755 756
f 691 690 756
f 691 756 757
f 692 691 757
f 692 757 758
f 693 692 758
f 693 758 759
f 694 693 759
f 694 759 760
f 695 694 760
f 695 760 761
f 696 695 761
f 696 761 762
f 697 696 762
f 697 762 763
f 698 697 763
f 698 763 764
f 699 698 764
f 699 764 765
f 700 699 765
f 700 765 766
f 701 700 766
f 701 766 767
f 702 701 767
f 702 767 768
f 703 702 768
f 703 768 769
f 704 703 769
f 704 769 770
f 705 704 770
f 705 770 771
f 706 705 771
f 706 771 772
f 707 706 772
f 707 772 773
f 708 707 773
f 708 773 774
f 709 708 774
f 709 774 775
f 710 709 775
f 710 775 776
f 711 710 776
f 711 776 777
f 712 711 777
f 712 777 778
f 713 712 778
f 713 778 779
f 714 713 779
f 714 779 780
f 715 714 780
f 716 781 782
f 717 716 782
f 717 782 783
f 718 717 783
f 718 783 784
f 719 718 784
f 719 784 785
f 720 719 785
f 720 785 786
f 721 720 786
f 721 786 787
f 722 721 787
f 722 787 788
f 723 722 788
f 723 788 789
f 724 723 789
f 724 789 790
f 725 724 790
f 725 790 791
f 726 725 791
f 726 791 792
f 727 726 792
f 727 792 793
f 728 727 793
f 728 793 794
f 729 728 794
f 729 794 795
f 730 729 795
f 730 795 796
f 731 730 796
f 731 796 797
f 732 731 797
f 732 797 798
f 733 732 798
f 733 798 799
f 734 733 799
f 734 799 800
f 735 734 800
f 735 800 801
f 736 735 801
f 736 801 802
f 737 736 802
f 737 802 803
f 738 737 803
f 738 803 804
f 739 738 804
f 739 804 805
f 740 739 805
f 740 805 806
f 741 740 806
f 741 806 807
f 742 741 807
f 742 807 808
f 743 742 808
f 743 808 809
f 744 743 809
f 744 809 810
f 745 744 810
f 745 810 811
f 746 745 811
f 746 811 812
f 747 746 812
f 747 812 813
f 748 747 813
f 748 813 814
f 749 748 814
f 749 814 815
f 750 749 815
f 750 815 816
f 751 750 816
f 751 816 817
f 752 751 817
f 752 817 818
f 753 752 818
f 753 818 819
f 754 753 819
f 754 819 820
f 755 754 820
f 755 820 821
f 756 755 821
f 756 821 822
f 757 756 822
f 757 822 823
f 758 757 823
f 758 823 824
f 759 758 824
f 759 824 825
f 760 759 825
f 760 825 826
f 761 760 826
f 761 826 827
f 762 761 827
f 762 827 828
f 763 762 828
f 763 828 829
f 764 763 829
f 764 829 830
f 765 764 830
f 765 830 831
f 766 765 831
f 766 831 832
f 767 766 832
f 767 832 833
f 768 767 833
f 768 833 834
f 769 768 834
f 769 834 835
f 770 769 835
f 770 835 836
f 771 770 836
f 771 836 837
f 772 771 837
f 772 837 838
f 773 772 838
f 773 838 839
f 774 773 839
f 774 839 840
f 775 774 840
f 775 840 841
f 776 775 841
f 776 841 842
f 777 776 842
f 777 842 843
f 778 777 843
f 778 843 844
f 779 778 844
f 779 844 845
f 780 779 845
f 781 846 847
f 782 781 847
f 782 847 848
f 783 782 848
f 783 848 849
f 784 783 849
f 784 849 850
f 785 784 850
f 785 850 851
f 786 785 851
f 786 851 852
f 787 786 852
f 787 852 853
f 788 787 853
f 788 853 854
f 789 788 854
f 789 854 855
f 790 789 855
f 790 855 856
f 791 790 856
f 791 856 857
f 792 791 857
f 792 857 858
f 793 792 858
f 793 858 859
f 794 793 859
f 794 859 860
f 795 794 860
f 795 860 861
f 796 795 861
f 796 861 862
f 797 796 862
f 797 862 863
f 798 797 863
f 798 863 864
f 799 798 864
f 799 864 865
f 800 799 865
f 800 865 866
f 801 800 866
f 801 866 867
f 802 801 867
f 802 867 868
f 803 802 868
f 803 868 869
f 804 803 869
f 804 869 870
f 805 804 870
f 805 870 871
f 806 805 871
f 806 871 872
f 807 806 872
f 807 872 873
f 808 807 873
f 808 873 874
f 809 808 874
f 809 874 875
f 810 809 875
f 810 875 876
f 811 810 876
f 811 876 877
f 812 811 877
f 812 877 878
f 813 812 878
f 813 878 879
f 814 813 879
f 814 879 880
f 815 814 880
f 815 880 881
f 816 815 881
f 816 881 882
f 817 816 882
f 817 882 883
f 818 817 883
f 818 883 884
f 819 818 884
f 819 884 885
f 820 819 885
f 820 885 886
f 821 820 886
f 821 886 887
f 822 821 887
f 822 887 888
f 823 822 888
f 823 888 889
f 824 823 889
f 824 889 890
f 825 824 890
f 825 890 891
f 826 825 891
f 826 891 892
f 827 826 892
f 827 892 893
f 828 827 893
f 828 893 894
f 829 828 894
f 829 894 895
f 830 829 895
f 830 895 896
f 831 830 896
f 831 896 897
f 832 831 897
f 832 897 898
f 833 832 898
f 833 898 899
f 834 833 899
f 834 899 900
f 835 834 900
f 835 900 901
f 836 835 901
f 836 901 902
f 837 836 902
f 837 902 903
f 838 837 903
f 838 903 904
f 839 838 904
f 839 904 905
f 840 839 905
f 840 905 906
f 841 840 906
f 841 906 907
f 842 841 907
f 842 907 908
f 843 842 908
f 843 908 909
f 844 843 909
f 844 909 910
f 845 844 910
f 846 911 912
f 847 846 912
f 847 912 913
f 848 847 913
f 848 913 914
f 849 848 914
f 849 914 915
f 850 849 915
f 850 915 916
f 851 850 916
f 851 916 917
f 852 851 917
f 852 917 918
f 853 852 918
f 853 918 919
f 854 853 919
f 854 919 920
f 855 854 920
f 855 920 921
f 856 855 921
f 856 921 922
f 857 856 922
f 857 922 923
f 858 857 923
f 858 923 924
f 859 858 924
f 859 924 925
f 860 859 925
f 860 925 926
f 861 860 926
f 861 926 927
f 862 861 927
f 862 927 928
f 863 862 928
f 863 928 929
f 864 863 929
f 864 929 930
f 865 864 930
f 865 930 931
f 866 865 931
f 866 931 932
f 867 866 932
f 867 932 933
f 868 867 933
f 868 933 934
f 869 868 934
f 869 934 935
f 870 869 935
f 870 935 936
f 871 870 936
f 871 936 937
f 872 871 937
f 872 937 938
f 873 872 938
f 873 938 939
f 874 873 939
f 874 939 940
f 875 874 940
f 875 940 941
f 876 875 941
f 876 941 942
f 877 876 942
f 877 942 943
f 878 877 943
f 878 943 944
f 879 878 944
f 879 944 945
f 880 879 945
f 880 945 946
f 881 880 946
f 881 946 947
f 882 881 947
f 882 947 948
f 883 882 948
f 883 948 949
f 884 883 949
f 884 949 950
f 885 884 950
f 885 950 951
f 886 885 951
f 886 951 952
f 887 886 952
f 887 952 953
f 888 887 953
f 888 953 954
f 889 888 954
f 889 954 955
f 890 889 955
f 890 955 956
f 891 890 956
f 891 956 957
f 892 891 957
f 892 957 958
f 893 892 958
f 893 958 959
f 894 893 959
f 894 959 960
f 895 894 960
f 895 960 961
f 896 895 961
f 896 961 962
f 897 896 962
f 897 962 963
f 898 897 963
f 898 963 964
f 899 898 964
f 899 964 965
f 900 899 965
f 900 965 966
f 901 900 966
f 901 966 967
f 902 901 967
f 902 967 968
f 903 902 968
f 903 968 969
f 904 903 969
f 904 969 970
f 905 904 970
f 905 970 971
f 906 905 971
f 906 971 972
f 907 906 972
f 907 972 973
f 908 907 973
f 908 973 974
f 909 908 974
f 909 974 975
f 910 909 975
f 911 976 977
f 912 911 977
f 912 977 978
f 913 912 978
f 913 978 979
f 914 913 979
f 914 979 980
f 915 914 980
f 915 980 981
f 916 915 981
f 916 981 982
f 917 916 982
f 917 982 983
f 918 917 983
f 918 983 984
f 919 918 984
f 919 984 985
f 920 919 985
f 920 985 986
f 921 920 986
f 921 986 987
f 922 921 987
f 922 987 988
f 923 922 988
f 923 988 989
f 924 923 989
f 924 989 990
f 925 924 990
f 925 990 991
f 926 925 991
f 926 991 992
f 927 926 992
f 927 992 993
f 928 927 993
f 928 993 994
f 929 928 994
f 929 994 995
f 930 929 995
f 930 995 996
f 931 930 996
f 931 996 997
f 932 931 997
f 932 997 998
f 933 932 998
f 933 998 999
f 934 933 999
f 934 999 1000
f 935 934 1000
f 935 1000 1001
f 936 935 1001
f 936 1001 1002
f 937 936 1002
f 937 1002 1003
f 938 937 1003
f 938 1003 1004
f 939 938 1004
f 939 1004 1005
f 940 939 1005
f 940 1005 1006
f 941 940 1006
f 941 1006 1007
f 942 941 1007
f 942 1007 1008
f 943 942 1008
f 943 1008 1009
f 944 943 1009
f 944 1009 1010
f 945 944 1010
f 945 1010 1011
f 946 945 1011
f 946 1011 1012
f 947 946 1012
f 947 1012 1013
f 948 947 1013
f 948 1013 1014
f 949 948 1014
f 949 1014 1015
f 950 949 1015
f 950 1015 1016
f 951 950 1016
f 951 1016 1017
f 952 951 1017
f 952 1017 1018
f 953 952 1018
f 953 1018 1019
f 954 953 1019
f 954 1019 1020
f 955 954 1020
f 955 1020 1021
f 956 955 1021
f 956 1021 1022
f 957 956 1022
f 957 1022 1023
f 958 957 1023
f 958 1023 1024
f 959 958 1024
f 959 1024 1025
f 960 959 1025
f 960 1025 1026
f 961 960 1026
f 961 1026 1027
f 962 961 1027
f 962 1027 1028
f 963 962 1028
f 963 1028 1029
f 964 963 1029
f 964 1029 1030
f 965 964 1030
f 965 1030 1031
f 966 965 1031
f 966 1031 1032
f 967 966 1032
f 967 1032 1033
f 968 967 1033
f 968 1033 1034
f 969 968 1034
f 969 1034 1035
f 970 969 1035
f 970 1035 1036
f 971 970 1036
f 971 1036 1037
f 972 971 1037
f 972 1037 1038
f 973 972 1038
f 973 1038 1039
f 974 973 1039
f 974 1039 1040
f 975 974 1040
f 976 1041 1042
f 977 976 1042
f 977 1042 1043
f 978 977 1043
f 978 1043 1044
f 979 978 1044
f 979 1044 1045
f 980 979 1045
f 980 1045 1046
f 981 980 1046
f 981 1046 1047
f 982 981 1047
f 982 1047 1048
f 983 982 1048
f 983 1048 1049
f 984 983 1049
f 984 1049 1050
f 985 984 1050
f 985 1050 1051
f 986 985 1051
f 986 1051 1052
f 987 986 1052
f 987 1052 1053
f 988 987 1053
f 988 1053 1054
f 989 988 1054
f 989 1054 1055
f 990 989 1055
f 990 1055 1056
f 991 990 1056
f 991 1056 1057
f 992 991 1057
f 992 1057 1058
f 993 992 1058
f 993 1058 1059
f 994 993 1059
f 994 1059 1060
f 995 994 1060
f 995 1060 1061
f 996 995 1061
f 996 1061 1062
f 997 996 1062
f 997 1062 1063
f 998 997 1063
f 998 1063 1064
f 999 998 1064
f 999 1064 1065
f 1000 999 1065
f 1000 1065 1066
f 1001 1000 1066
f 1001 1066 1067
f 1002 1001 1067
f 1002 1067 1068
f 1003 1002 1068
f 1003 1068 1069
f 1004 1003 1069
f 1004 1069 1070
f 1005 1004 1070
f 1005 1070 1071
f 1006 1005 1071
f 1006 1071 1072
f 1007 1006 1072
f 1007 1072 1073
f 1008 1007 1073
f 1008 1073 1074
f 1009 1008 1074
f 1009 1074 1075
f 1010 1009 1075
f 1010 1075 1076
f 1011 1010 1076
f 1011 1076 1077
f 1012 1011 1077
f 1012 1077 1078
f 1013 1012 1078
f 1013 1078 1079
f 1014 1013 1079
f 1014 1079 1080
f 1015 1014 1080
f 1015 1080 1081
f 1016 1015 1081
f 1016 1081 1082
f 1017 1016 1082
f 1017 1082 1083
f 1018 1017 1083
f 1018 1083 1084
f 1019 1018 1084
f 1019 1084 1085
f 1020 1019 1085
f 1020 1085 1086
f 1021 1020 1086
f 1021 1086 1087
f 1022 1021 1087
f 1022 1087 1088
f 1023 1022 1088
f 1023 1088 1089
f 1024 1023 1089
f 1024 1089 1090
f 1025 1024 1090
f 1025 1090 1091
f 1026 1025 1091
f 1026 1091 1092
f 1027 1026 1092
f 1027 1092 1093
f 1028 1027 1093
f 1028 1093 1094
f 1029 1028 1094
f 1029 1094 1095
f 1030 1029 1095
f 1030 1095 1096
f 1031 1030 1096
f 1031 1096 1097
f 1032 1031 1097
f 1032 1097 1098
f 1033 1032 1098
f 1033 1098 1099
f 1034 1033 1099
f 1034 1099 1100
f 1035 1034 1100
f 1035 1100 1101
f 1036 1035 1101
f 1036 1101 1102
f 1037 1036 1102
f 1037 1102 1103
f 1038 1037 1103
f 1038 1103 1104
f 1039 1038 1104
f 1039 1104 1105
f 1040 1039 1105
f 1041 1106 1107
f 1042 1041 1107
f 1042 1107 1108
f 1043 1042 1108
f 1043 1108 1109
f 1044 1043 1109
f 1044 1109 1110
f 1045 1044 1110
f 1045 1110 1111
f 1046 1045 1111
f 1046 1111 1112
f 1047 1046 1112
f 1047 1112 1113
f 1048 1047 1113
f 1048 1113 1114
f 1049 1048 1114
f 1049 1114 1115
f 1050 1049 1115
f 1050 1115 1116
f 1051 1050 1116
f 1051 1116 1117
f 1052 1051 1117
f 1052 1117 1118
f 1053 1052 1118
f 1053 1118 1119
f 1054 1053 1119
f 1054 1119 1120
f 1055 1054 1120
f 1055 1120 1121
f 1056 1055 1121
f 1056 1121 1122
f 1057 1056 1122
f 1057 1122 1123
f 1058 1057 1123
f 1058 1123 1124
f 1059 1058 1124
f 1059 1124 1125
f 1060 1059 1125
f 1060 1125 1126
f 1061 1060 1126
f 1061 1126 1127
f 1062 1061 1127
f 1062 1127 1128
f 1063 1062 1128
f 1063 1128 1129
f 1064 1063 1129
f 1064 1129 1130
f 1065 1064 1130
f 1065 1130 1131
f 1066 1065 1131
f 1066 1131 1132
f 1067 1066 1132
f 1067 1132 1133
f 1068 1067 1133
f 1068 1133 1134
f 1069 1068 1134
f 1069 1134 1135
f 1070 1069 1135
f 1070 1135 1136
f 1071 1070 1136
f 1071 1136 1137
f 1072 1071 1137
f 1072 1137 1138
f 1073 1072 1138
f 1073 1138 1139
f 1074 1073 1139
f 1074 1139 1140
f 1075 1074 1140
f 1075 1140 1141
f 1076 1075 1141
f 1076 1141 1142
f 1077 1076 1142
f 1077 1142 1143
f 1078 1077 1143
f 1078 1143 1144
f 1079 1078 1144
f 1079 1144 1145
f 1080 1079 1145
f 1080 1145 1146
f 1081 1080 1146
f 1081 1146 1147
f 1082 1081 1147
f 1082 1147 1148
f 1083 1082 1148
f 1083 1148 1149
f 1084 1083 1149
f 1084 1149 1150
f 1085 1084 1150
f 1085 1150 1151
f 1086 1085 1151
f 1086 1151 1152
f 1087 1086 1152
f 1087 1152 1153
f 1088 1087 1153
f 1088 1153 1154
f 1089 1088 1154
f 1089 1154 1155
f 1090 1089 1155
f 1090 1155 1156
f 1091 1090 1156
f 1091 1156 1157
f 1092 1091 1157
f 1092 1157 1158
f 1093 1092 1158
f 1093 1158 1159
f 1094 1093 1159
f 1094 1159 1160
f 1095 1094 1160
f 1095 1160 1161
f 1096 1095 1161
f 1096 1161 1162
f 1097 1096 1162
f 1097 1162 1163
f 1098 1097 1163
f 1098 1163 1164
f 1099 1098 1164
f 1099 1164 1165
f 1100 1099 1165
f 1100 1165 1166
f 1101 1100 1166
f 1101 1166 1167
f 1102 1101 1167
f 1102 1167 1168
f 1103 1102 1168
f 1103 1168 1169
f 1104 1103 1169
f 1104 1169 1170
f 1105 1104 1170
f 1106 1171 1172
f 1107 1106 1172
f 1107 1172 1173
f 1108 1107 1173
f 1108 1173 1174
f 1109 1108 1174
f 1109 1174 1175
f 1110 1109 1175
f 1110 1175 1176
f 1111 1110 1176
f 1111 1176 1177
f 1112 1111 1177
f 1112 1177 1178
f 1113 1112 1178
f 1113 1178 1179
f 1114 1113 1179
f 1114 1179 1180
f 1115 1114 1180
f 1115 1180 1181
f 1116 1115 1181
f 1116 1181 1182
f 1117 1116 1182
f 1117 1182 1183
f 1118 1117 1183
f 1118 1183 1184
f 1119 1118 1184
f 1119 1184 1185
f 1120 1119 1185
f 1120 1185 1186
f 1121 1120 1186
f 1121 1186 1187
f 1122 1121 1187
f 1122 1187 1188
f 1123 1122 1188
f 1123 1188 1189
f 1124 1123 1189
f 1124 1189 1190
f 1125 1124 1190
f 1125 1190 1191
f 1126 1125 1191
f 1126 1191 1192
f 1127 1126 1192
f 1127 1192 1193
f 1128 1127 1193
f 1128 1193 1194
f 1129 1128 1194
f 1129 1194 1195
f 1130 1129 1195
f 1130 1195 1196
f 1131 1130 1196
f 1131 1196 1197
f 1132 1131 1197
f 1132 1197 1198
f 1133 1132 1198
f 1133 1198 1199
f 1134 1133 1199
f 1134 1199 1200
f 1135 1134 1200
f 1135 1200 1201
f 1136 1135 1201
f 1136 1201 1202
f 1137 1136 1202
f 1137 1202 1203
f 1138 1137 1203
f 1138 1203 1204
f 1139 1138 1204
f 1139 1204 1205
f 1140 1139 1205
f 1140 1205 1206
f 1141 1140 1206
f 1141 1206 1207
f 1142 1141 1207
f 1142 1207 1208
f 1143 1142 1208
f 1143 1208 1209
f 1144 1143 1209
f 1144 1209 1210
f 1145 1144 1210
f 1145 1210 1211
f 1146 1145 1211
f 1146 1211 1212
f 1147 1146 1212
f 1147 1212 1213
f 1148 1147 1213
f 1148 1213 1214
f 1149 1148 1214
f 1149 1214 1215
f 1150 1149 1215
f 1150 1215 1216
f 1151 1150 1216
f 1151 1216 1217
f 1152 1151 1217
f 1152 1217 1218
f 1153 1152 1218
f 1153 1218 1219
f 1154 1153 1219
f 1154 1219 1220
f 1155 1154 1220
f 1155 1220 1221
f 1156 1155 1221
f 1156 1221 1222
f 1157 1156 1222
f 1157 1222 1223
f 1158 1157 1223
f 1158 1223 1224
f 1159 1158 1224
f 1159 1224 1225
f 1160 1159 1225
f 1160 1225 1226
f 1161 1160 1226
f 1161 1226 1227
f 1162 1161 1227
f 1162 1227 1228
f 1163 1162 1228
f 1163 1228 1229
f 1164 1163 1229
f 1164 1229 1230
f 1165 1164 1230
f 1165 1230 1231
f 1166 1165 1231
f 1166 1231 1232
f 1167 1166 1232
f 1167 1232 1233
f 1168 1167 1233
f 1168 1233 1234
f 1169 1168 1234
f 1169 1234 1235
f 1170 1169 1235
f 1171 1236 1237
f 1172 1171 1237
f 1172 1237 1238
f 1173 1172 1238
f 1173 1238 1239
f 1174 1173 1239
f 1174 1239 1240
f 1175 1174 1240
f 1175 1240 1241
f 1176 1175 1241
f 1176 1241 1242
f 1177 1176 1242
f 1177 1242 1243
f 1178 1177 1243
f 1178 1243 1244
f 1179 1178 1244
f 1179 1244 1245
f 1180 1179 1245
f 1180 1245 1246
f 1181 1180 1246
f 1181 1246 1247
f 1182 1181 1247
f 1182 1247 1248
f 1183 1182 1248
f 1183 1248 1249
f 1184 1183 1249
f 1184 1249 1250
f 1185 1184 1250
f 1185 1250 1251
f 1186 1185 1251
f 1186 1251 1252
f 1187 1186 1252
f 1187 1252 1253
f 1188 1187 1253
f 1188 1253 1254
f 1189 1188 1254
f 1189 1254 1255
f 1190 1189 1255
f 1190 1255 1256
f 1191 1190 1256
f 1191 1256 1257
f 1192 1191 1257
f 1192 1257 1258
f 1193 1192 1258
f 1193 1258 1259
f 1194 1193 1259
f 1194 1259 1260
f 1195 1194 1260
f 1195 1260 1261
f 1196 1195 1261
f 1196 1261 1262
f 1197 1196 1262
f 1197 1262 1263
f 1198 1197 1263
f 1198 1263 1264
f 1199 1198 1264
f 1199 1264 1265
f 1200 1199 1265
f 1200 1265 1266
f 1201 1200 1266
f 1201 1266 1267
f 1202 1201 1267
f 1202 1267 1268
f 1203 1202 1268
f 1203 1268 1269
f 1204 1203 1269
f 1204 1269 1270
f 1205 1204 1270
f 1205 1270 1271
f 1206 1205 1271
f 1206 1271 1272
f 1207 1206 1272
f 1207 1272 1273
f 1208 1207 1273
f 1208 1273 1274
f 1209 1208 1274
f 1209 1274 1275
f 1210 1209 1275
f 1210 1275 1276
f 1211 1210 1276
f 1211 1276 1277
f 1212 1211 1277
f 1212 1277 1278
f 1213 1212 1278
f 1213 1278 1279
f 1214 1213 1279
f 1214 1279 1280
f 1215 1214 1280
f 1215 1280 1281
f 1216 1215 1281
f 1216 1281 1282
f 1217 1216 1282
f 1217 1282 1283
f 1218 1217 1283
f 1218 1283 1284
f 1219 1218 1284
f 1219 1284 1285
f 1220 1219 1285
f 1220 1285 1286
f 1221 1220 1286
f 1221 1286 1287
f 1222 1221 1287
f 1222 1287 1288
f 1223 1222 1288
f 1223 1288 1289
f 1224 1223 1289
f 1224 1289 1290
f 1225 1224 1290
f 1225 1290 1291
f 1226 1225 1291
f 1226 1291 1292
f 1227 1226 1292
f 1227 1292 1293
f 1228 1227 1293
f 1228 1293 1294
f 1229 1228 1294
f 1229 1294 1295
f 1230 1229 1295
f 1230 1295 1296
f 1231 1230 1296
f 1231 1296 1297
f 1232 1231 1297
f 1232 1297 1298
f 1233 1232 1298
f 1233 1298 1299
f 1234 1233 1299
f 1234 1299 1300
f 1235 1234 1300
f 1236 1301 1302
f 1237 1236 1302
f 1237 1302 1303
f 1238 1237 1303
f 1238 1303 1304
f 1239 1238 1304
f 1239 1304 1305
f 1240 1239 1305
f 1240 1305 1306
f 1241 1240 1306
f 1241 1306 1307
f 1242 1241 1307
f 1242 1307 1308
f 1243 1242 1308
f 1243 1308 1309
f 1244 1243 1309
f 1244 1309 1310
f 1245 1244 1310
f 1245 1310 1311
f 1246 1245 1311
f 1246 1311 1312
f 1247 1246 1312
f 1247 1312 1313
f 1248 1247 1313
f 1248 1313 1314
f 1249 1248 1314
f 1249 1314 1315
f 1250 1249 1315
f 1250 1315 1316
f 1251 1250 1316
f 1251 1316 1317
f 1252 1251 1317
f 1252 1317 1318
f 1253 1252 1318
f 1253 1318 1319
f 1254 1253 1319
f 1254 1319 1320
f 1255 1254 1320
f 1255 1320 1321
f 1256 1255 1321
f 1256 1321 1322
f 1257 1256 1322
f 1257 1322 1323
f 1258 1257 1323
f 1258 1323 1324
f 1259 1258 1324
f 1259 1324 1325
f 1260 1259 1325
f 1260 1325 1326
f 1261 1260 1326
f 1261 1326 1327
f 1262 1261 1327
f 1262 1327 1328
f 1263 1262 1328
f 1263 1328 1329
f 1264 1263 1329
f 1264 1329 1330
f 1265 1264 1330
f 1265 1330 1331
f 1266 1265 1331
f 1266 1331 1332
f 1267 1266 1332
f 1267 1332 1333
f 1268 1267 1333
f 1268 1333 1334
f 1269 1268 1334
f 1269 1334 1335
f 1270 1269 1335
f 1270 1335 1336
f 1271 1270 1336
f 1271 1336 1337
f 1272 1271 1337
f 1272 1337 1338
f 1273 1272 1338
f 1273 1338 1339
f 1274 1273 1339
f 1274 1339 1340
f 1275 1274 1340
f 1275 1340 1341
f 1276 1275 1341
f 1276 1341 1342
f 1277 1276 1342
f 1277 1342 1343
f 1278 1277 1343
f 1278 1343 1344
f 1279 1278 1344
f 1279 1344 1345
f 1280 1279 1345
f 1280 1345 1346
f 1281 1280 1346
f 1281 1346 1347
f 1282 1281 1347
f 1282 1347 1348
f 1283 1282 1348
f 1283 1348 1349
f 1284 1283 1349
f 1284 1349 1350
f 1285 1284 1350
f 1285 1350 1351
f 1286 1285 1351
f 1286 1351 1352
f 1287 1286 1352
f 1287 1352 1353
f 1288 1287 1353
f 1288 1353 1354
f 1289 1288 1354
f 1289 1354 1355
f 1290 1289 1355
f 1290 1355 1356
f 1291 1290 1356
f 1291 1356 1357
f 1292 1291 1357
f 1292 1357 1358
f 1293 1292 1358
f 1293 1358 1359
f 1294 1293 1359
f 1294 1359 1360
f 1295 1294 1360
f 1295 1360 1361
f 1296 1295 1361
f 1296 1361 1362
f 1297 1296 1362
f 1297 1362 1363
f 1298 1297 1363
f 1298 1363 1364
f 1299 1298 1364
f 1299 1364 1365
f 1300 1299 1365
f 1301 1366 1367
f 1302 1301 1367
f 1302 1367 1368
f 1303 1302 1368
f 1303 1368 1369
f 1304 1303 1369
f 1304 1369 1370
f 1305 1304 1370
f 1305 1370 1371
f 1306 1305 1371
f 1306 1371 1372
f 1307 1306 1372
f 1307 1372 1373
f 1308 1307 1373
f 1308 1373 1374
f 1309 1308 1374
f 1309 1374 1375
f 1310 1309 1375
f 1310 1375 1376
f 1311 1310 1376
f 1311 1376 1377
f 1312 1311 1377
f 1312 1377 1378
f 1313 1312 1378
f 1313 1378 1379
f 1314 1313 1379
f 1314 1379 1380
f 1315 1314 1380
f 1315 1380 1381
f 1316 1315 1381
f 1316 1381 1382
f 1317 1316 1382
f 1317 1382 1383
f 1318 1317 1383
f 1318 1383 1384
f 1319 1318 1384
f 1319 1384 1385
f 1320 1319 1385
f 1320 1385 1386
f 1321 1320 1386
f 1321 1386 1387
f 1322 1321 1387
f 1322 1387 1388
f 1323 1322 1388
f 1323 1388 1389
f 1324 1323 1389
f 1324 1389 1390
f 1325 1324 1390
f 1325 1390 1391
f 1326 1325 1391
f 1326 1391 1392
f 1327 1326 1392
f 1327 1392 1393
f 1328 1327 1393
f 1328 1393 1394
f 1329 1328 1394
f 1329 1394 1395
f 1330 1329 1395
f 1330 1395 1396
f 1331 1330 1396
f 1331 1396 1397
f 1332 1331 1397
f 1332 1397 1398
f 1333 1332 1398
f 1333 1398 1399
f 1334 1333 1399
f 1334 1399 1400
f 1335 1334 1400
f 1335 1400 1401
f 1336 1335 1401
f 1336 1401 1402
f 1337 1336 1402
f 1337 1402 1403
f 1338 1337 1403
f 1338 1403 1404
f 1339 1338 1404
f 1339 1404 1405
f 1340 1339 1405
f 1340 1405 1406
f 1341 1340 1406
f 1341 1406 1407
f 1342 1341 1407
f 1342 1407 1408
f 1343 1342 1408
f 1343 1408 1409
f 1344 1343 1409
f 1344 1409 1410
f 1345 1344 1410
f 1345 1410 1411
f 1346 1345 1411
f 1346 1411 1412
f 1347 1346 1412
f 1347 1412 1413
f 1348 1347 1413
f 1348 1413 1414
f 1349 1348 1414
f 1349 1414 1415
f 1350 1349 1415
f 1350 1415 1416
f 1351 1350 1416
f 1351 1416 1417
f 1352 1351 1417
f 1352 1417 1418
f 1353 1352 1418
f 1353 1418 1419
f 1354 1353 1419
f 1354 1419 1420
f 1355 1354 1420
f 1355 1420 1421
f 1356 1355 1421
f 1356 1421 1422
f 1357 1356 1422
f 1357 1422 1423
f 1358 1357 1423
f 1358 1423 1424
f 1359 1358 1424
f 1359 1424 1425
f 1360 1359 1425
f 1360 1425 1426
f 1361 1360 1426
f 1361 1426 1427
f 1362 1361 1427
f 1362 1427 1428
f 1363 1362 1428
f 1363 1428 1429
f 1364 1363 1429
f 1364 1429 1430
f 1365 1364 1430
f 1366 1431 1432
f 1367 1366 1432
f 1367 1432 1433
f 1368 1367 1433
f 1368 1433 1434
f 1369 1368 1434
f 1369 1434 1435
f 1370 1369 1435
f 1370 1435 1436
f 1371 1370 1436
f 1371 1436 1437
f 1372 1371 1437
f 1372 1437 1438
f 1373 1372 1438
f 1373 1438 1439
f 1374 1373 1439
f 1374 1439 1440
f 1375 1374 1440
f 1375 1440 1441
f 1376 1375 1441
f 1376 1441 1442
f 1377 1376 1442
f 1377 1442 1443
f 1378 1377 1443
f 1378 1443 1444
f 1379 1378 1444
f 1379 1444 1445
f 1380 1379 1445
f 1380 1445 1446
f 1381 1380 1446
f 1381 1446 1447
f 1382 1381 1447
f 1382 1447 1448
f 1383 1382 1448
f 1383 1448 1449
f 1384 1383 1449
f 1384 1449 1450
f 1385 1384 1450
f 1385 1450 1451
f 1386 1385 1451
f 1386 1451 1452
f 1387 1386 1452
f 1387 1452 1453
f 1388 1387 1453
f 1388 1453 1454
f 1389 1388 1454
f 1389 1454 1455
f 1390 1389 1455
f 1390 1455 1456
f 1391 1390 1456
f 1391 1456 1457
f 1392 1391 1457
f 1392 1457 1458
f 1393 1392 1458
f 1393 1458 1459
f 1394 1393 1459
f 1394 1459 1460
f 1395 1394 1460
f 1395 1460 1461
f 1396 1395 1461
f 1396 1461 1462
f 1397 1396 1462
f 1397 1462 1463
f 1398 1397 1463
f 1398 1463 1464
f 1399 1398 1464
f 1399 1464 1465
f 1400 1399 1465
f 1400 1465 1466
f 1401 1400 1466
f 1401 1466 1467
f 1402 1401 1467
f 1402 1467 1468
f 1403 1402 1468
f 1403 1468 1469
f 1404 1403 1469
f 1404 1469 1470
f 1405 1404 1470
f 1405 1470 1471
f 1406 1405 1471
f 1406 1471 1472
f 1407 1406 1472
f 1407 1472 1473
f 1408 1407 1473
f 1408 1473 1474
f 1409 1408 1474
f 1409 1474 1475
f 1410 1409 1475
f 1410 1475 1476
f 1411 1410 1476
f 1411 1476 1477
f 1412 1411 1477
f 1412 1477 1478
f 1413 1412 1478
f 1413 1478 1479
f 1414 1413 1479
f 1414 1479 1480
f 1415 1414 1480
f 1415 1480 1481
f 1416 1415 1481
f 1416 1481 1482
f 1417 1416 1482
f 1417 1482 1483
f 1418 1417 1483
f 1418 1483 1484
f 1419 1418 1484
f 1419 1484 1485
f 1420 1419 1485
f 1420 1485 1486
f 1421 1420 1486
f 1421 1486 1487
f 1422 1421 1487
f 1422 1487 1488
f 1423 1422 1488
f 1423 1488 1489
f 1424 1423 1489
f 1424 1489 1490
f 1425 1424 1490
f 1425 1490 1491
f 1426 1425 1491
f 1426 1491 1492
f 1427 1426 1492
f 1427 1492 1493
f 1428 1427 1493
f 1428 1493 1494
f 1429 1428 1494
f 1429 1494 1495
f 1430 1429 1495
f 1431 1496 1497
f 1432 1431 1497
f 1432 1497 1498
f 1433 1432 1498
f 1433 1498 1499
f 1434 1433 1499
f 1434 1499 1500
f 1435 1434 1500
f 1435 1500 1501
f 1436 1435 1501
f 1436 1501 1502
f 1437 1436 1502
f 1437 1502 1503
f 1438 1437 1503
f 1438 1503 1504
f 1439 1438 1504
f 1439 1504 1505
f 1440 1439 1505
f 1440 1505 1506
f 1441 1440 1506
f 1441 1506 1507
f 1442 1441 1507
f 1442 1507 1508
f 1443 1442 1508
f 1443 1508 1509
f 1444 1443 1509
f 1444 1509 1510
f 1445 1444 1510
f 1445 1510 1511
f 1446 1445 1511
f 1446 1511 1512
f 1447 1446 1512
f 1447 1512 1513
f 1448 1447 1513
f 1448 1513 1514
f 1449 1448 1514
f 1449 1514 1515
f 1450 1449 1515
f 1450 1515 1516
f 1451 1450 1516
f 1451 1516 1517
f 1452 1451 1517
f 1452 1517 1518
f 1453 1452 1518
f 1453 1518 1519
f 1454 1453 1519
f 1454 1519 1520
f 1455 1454 1520
f 1455 1520 1521
f 1456 1455 1521
f 1456 1521 1522
f 1457 1456 1522
f 1457 1522 1523
f 1458 1457 1523
f 1458 1523 1524
f 1459 1458 1524
f 1459 1524 1525
f 1460 1459 1525
f 1460 1525 1526
f 1461 1460 1526
f 1461 1526 1527
f 1462 1461 1527
f 1462 1527 1528
f 1463 1462 1528
f 1463 1528 1529
f 1464 1463 1529
f 1464 1529 1530
f 1465 1464 1530
f 1465 1530 1531
f 1466 1465 1531
f 1466 1531 1532
f 1467 1466 1532
f 1467 1532 1533
f 1468 1467 1533
f 1468 1533 1534
f 1469 1468 1534
f 1469 1534 1535
f 1470 1469 1535
f 1470 1535 1536
f 1471 1470 1536
f 1471 1536 1537
f 1472 1471 1537
f 1472 1537 1538
f 1473 1472 1538
f 1473 1538 1539
f 1474 1473 1539
f 1474 1539 1540
f 1475 1474 1540
f 1475 1540 1541
f 1476 1475 1541
f 1476 1541 1542
f 1477 1476 1542
f 1477 1542 1543
f 1478 1477 1543
f 1478 1543 1544
f 1479 1478 1544
f 1479 1544 1545
f 1480 1479 1545
f 1480 1545 1546
f 1481 1480 1546
f 1481 1546 1547
f 1482 1481 1547
f 1482 1547 1548
f 1483 1482 1548
f 1483 1548 1549
f 1484 1483 1549
f 1484 1549 1550
f 1485 1484 1550
f 1485 1550 1551
f 1486 1485 1551
f 1486 1551 1552
f 1487 1486 1552
f 1487 1552 1553
f 1488 1487 1553
f 1488 1553 1554
f 1489 1488 1554
f 1489 1554 1555
f 1490 1489 1555
f 1490 1555 1556
f 1491 1490 1556
f 1491 1556 1557
f 1492 1491 1557
f 1492 1557 1558
f 1493 1492 1558
f 1493 1558 1559
f 1494 1493 1559
f 1494 1559 1560
f 1495 1494 1560
f 1496 1561 1562
f 1497 1496 1562
f 1497 1562 1563
f 1498 1497 1563
f 1498 1563 1564
f 1499 1498 1564
f 1499 1564 1565
f 1500 1499 1565
f 1500 1565 1566
f 1501 1500 1566
f 1501 1566 1567
f 1502 1501 1567
f 1502 1567 1568
f 1503 1502 1568
f 1503 1568 1569
f 1504 1503 1569
f 1504 1569 1570
f 1505 1504 1570
f 1505 1570 1571
f 1506 1505 1571
f 1506 1571 1572
f 1507 1506 1572
f 1507 1572 1573
f 1508 1507 1573
f 1508 1573 1574
f 1509 1508 1574
f 1509 1574 1575
f 1510 1509 1575
f 1510 1575 1576
f 1511 1510 1576
f 1511 1576 1577
f 1512 1511 1577
f 1512 1577 1578
f 1513 1512 1578
f 1513 1578 1579
f 1514 1513 1579
f 1514 1579 1580
f 1515 1514 1580
f 1515 1580 1581
f 1516 1515 1581
f 1516 1581 1582
f 1517 1516 1582
f 1517 1582 1583
f 1518 1517 1583
f 1518 1583 1584
f 1519 1518 1584
f 1519 1584 1585
f 1520 1519 1585
f 1520 1585 1586
f 1521 1520 1586
f 1521 1586 1587
f 1522 1521 1587
f 1522 1587 1588
f 1523 1522 1588
f 1523 1588 1589
f 1524 1523 1589
f 1524 1589 1590
f 1525 1524 1590
f 1525 1590 1591
f 1526 1525 1591
f 1526 1591 1592
f 1527 1526 1592
f 1527 1592 1593
f 1528 1527 1593
f 1528 1593 1594
f 1529 1528 1594
f 1529 1594 1595
f 1530 1529 1595
f 1530 1595 1596
f 1531 1530 1596
f 1531 1596 1597
f 1532 1531 1597
f 1532 1597 1598
f 1533 1532 1598
f 1533 1598 1599
f 1534 1533 1599
f 1534 1599 1600
f 1535 1534 1600
f 1535 1600 1601
f 1536 1535 1601
f 1536 1601 1602
f 1537 1536 1602
f 1537 1602 1603
f 1538 1537 1603
f 1538 1603 1604
f 1539 1538 1604
f 1539 1604 1605
f 1540 1539 1605
f 1540 1605 1606
f 1541 1540 1606
f 1541 1606 1607
f 1542 1541 1607
f 1542 1607 1608
f 1543 1542 1608
f 1543 1608 1609
f 1544 1543 1609
f 1544 1609 1610
f 1545 1544 1610
f 1545 1610 1611
f 1546 1545 1611
f 1546 1611 1612
f 1547 1546 1612
f 1547 1612 1613
f 1548 1547 1613
f 1548 1613 1614
f 1549 1548 1614
f 1549 1614 1615
f 1550 1549 1615
f 1550 1615 1616
f 1551 1550 1616
f 1551 1616 1617
f 1552 1551 1617
f 1552 1617 1618
f 1553 1552 1618
f 1553 1618 1619
f 1554 1553 1619
f 1554 1619 1620
f 1555 1554 1620
f 1555 1620 1621
f 1556 1555 1621
f 1556 1621 1622
f 1557 1556 1622
f 1557 1622 1623
f 1558 1557 1623
f 1558 1623 1624
f 1559 1558 1624
f 1559 1624 1625
f 1560 1559 1625
f 1561 1626 1627
f 1562 1561 1627
f 1562 1627 1628
f 1563 1562 1628
f 1563 1628 1629
f 1564 1563 1629
f 1564 1629 1630
f 1565 1564 1630
f 1565 1630 1631
f 1566 1565 1631
f 1566 1631 1632
f 1567 1566 1632
f 1567 1632 1633
f 1568 1567 1633
f 1568 1633 1634
f 1569 1568 1634
f 1569 1634 1635
f 1570 1569 1635
f 1570 1635 1636
f 1571 1570 1636
f 1571 1636 1637
f 1572 1571 1637
f 1572 1637 1638
f 1573 1572 1638
f 1573 1638 1639
f 1574 1573 1639
f 1574 1639 1640
f 1575 1574 1640
f 1575 1640 1641
f 1576 1575 1641
f 1576 1641 1642
f 1577 1576 1642
f 1577 1642 1643
f 1578 1577 1643
f 1578 1643 1644
f 1579 1578 1644
f 1579 1644 1645
f 1580 1579 1645
f 1580 1645 1646
f 1581 1580 1646
f 1581 1646 1647
f 1582 1581 1647
f 1582 1647 1648
f 1583 1582 1648
f 1583 1648 1649
f 1584 1583 1649
f 1584 1649 1650
f 1585 1584 1650
f 1585 1650 1651
f 1586 1585 1651
f 1586 1651 1652
f 1587 1586 1652
f 1587 1652 1653
f 1588 1587 1653
f 1588 1653 1654
f 1589 1588 1654
f 1589 1654 1655
f 1590 1589 1655
f 1590 1655 1656
f 1591 1590 1656
f 1591 1656 1657
f 1592 1591 1657
f 1592 1657 1658
f 1593 1592 1658
f 1593 1658 1659
f 1594 1593 1659
f 1594 1659 1660
f 1595 1594 1660
f 1595 1660 1661
f 1596 1595 1661
f 1596 1661 1662
f 1597 1596 1662
f 1597 1662 1663
f 1598 1597 1663
f 1598 1663 1664
f 1599 1598 1664
f 1599 1664 1665
f 1600 1599 1665
f 1600 1665 1666
f 1601 1600 1666
f 1601 1666 1667
f 1602 1601 1667
f 1602 1667 1668
f 1603 1602 1668
f 1603 1668 1669
f 1604 1603 1669
f 1604 1669 1670
f 1605 1604 1670
f 1605 1670 1671
f 1606 1605 1671
f 1606 1671 1672
f 1607 1606 1672
f 1607 1672 1673
f 1608 1607 1673
f 1608 1673 1674
f 1609 1608 1674
f 1609 1674 1675
f 1610 1609 1675
f 1610 1675 1676
f 1611 1610 1676
f 1611 1676 1677
f 1612 1611 1677
f 1612 1677 1678
f 1613 1612 1678
f 1613 1678 1679
f 1614 1613 1679
f 1614 1679 1680
f 1615 1614 1680
f 1615 1680 1681
f 1616 1615 1681
f 1616 1681 1682
f 1617 1616 1682
f 1617 1682 1683
f 1618 1617 1683
f 1618 1683 1684
f 1619 1618 1684
f 1619 1684 1685
f 1620 1619 1685
f 1620 1685 1686
f 1621 1620 1686
f 1621 1686 1687
f 1622 1621 1687
f 1622 1687 1688
f 1623 1622 1688
f 1623 1688 1689
f 1624 1623 1689
f 1624 1689 1690
f 1625 1624 1690
f 1626 1691 1692
f 1627 1626 1692
f 1627 1692 1693
f 1628 1627 1693
f 1628 1693 1694
f 1629 1628 1694
f 1629 1694 1695
f 1630 1629 1695
f 1630 1695 1696
f 1631 1630 1696
f 1631 1696 1697
f 1632 1631 1697
f 1632 1697 1698
f 1633 1632 1698
f 1633 1698 1699
f 1634 1633 1699
f 1634 1699 1700
f 1635 1634 1700
f 1635 1700 1701
f 1636 1635 1701
f 1636 1701 1702
f 1637 1636 1702
f 1637 1702 1703
f 1638 1637 1703
f 1638 1703 1704
f 1639 1638 1704
f 1639 1704 1705
f 1640 1639 1705
f 1640 1705 1706
f 1641 1640 1706
f 1641 1706 1707
f 1642 1641 1707
f 1642 1707 1708
f 1643 1642 1708
f 1643 1708 1709
f 1644 1643 1709
f 1644 1709 1710
f 1645 1644 1710
f 1645 1710 1711
f 1646 1645 1711
f 1646 1711 1712
f 1647 1646 1712
f 1647 1712 1713
f 1648 1647 1713
f 1648 1713 1714
f 1649 1648 1714
f 1649 1714 1715
f 1650 1649 1715
f 1650 1715 1716
f 1651 1650 1716
f 1651 1716 1717
f 1652 1651 1717
f 1652 1717 1718
f 1653 1652 1718
f 1653 1718 1719
f 1654 1653 1719
f 1654 1719 1720
f 1655 1654 1720
f 1655 1720 1721
f 1656 1655 1721
f 1656 1721 1722
f 1657 1656 1722
f 1657 1722 1723
f 1658 1657 1723
f 1658 1723 1724
f 1659 1658 1724
f 1659 1724 1725
f 1660 1659 1725
f 1660 1725 1726
f 1661 1660 1726
f 1661 1726 1727
f 1662 1661 1727
f 1662 1727 1728
f 1663 1662 1728
f 1663 1728 1729
f 1664 1663 1729
f 1664 1729 1730
f 1665 1664 1730
f 1665 1730 1731
f 1666 1665 1731
f 1666 1731 1732
f 1667 1666 1732
f 1667 1732 1733
f 1668 1667 1733
f 1668 1733 1734
f 1669 1668 1734
f 1669 1734 1735
f 1670 1669 1735
f 1670 1735 1736
f 1671 1670 1736
f 1671 1736 1737
f 1672 1671 1737
f 1672 1737 1738
f 1673 1672 1738
f 1673 1738 1739
f 1674 1673 1739
f 1674 1739 1740
f 1675 1674 1740
f 1675 1740 1741
f 1676 1675 1741
f 1676 1741 1742
f 1677 1676 1742
f 1677 1742 1743
f 1678 1677 1743
f 1678 1743 1744
f 1679 1678 1744
f 1679 1744 1745
f 1680 1679 1745
f 1680 1745 1746
f 1681 1680 1746
f 1681 1746 1747
f 1682 1681 1747
f 1682 1747 1748
f 1683 1682 1748
f 1683 1748 1749
f 1684 1683 1749
f 1684 1749 1750
f 1685 1684 1750
f 1685 1750 1751
f 1686 1685 1751
f 1686 1751 1752
f 1687 1686 1752
f 1687 1752 1753
f 1688 1687 1753
f 1688 1753 1754
f 1689 1688 1754
f 1689 1754 1755
f 1690 1689 1755
f 1691 1756 1757
f 1692 1691 1757
f 1692 1757 1758
f 1693 1692 1758
f 1693 1758 1759
f 1694 1693 1759
f 1694 1759 1760
f 1695 1694 1760
f 1695 1760 1761
f 1696 1695 1761
f 1696 1761 1762
f 1697 1696 1762
f 1697 1762 1763
f 1698 1697 1763
f 1698 1763 1764
f 1699 1698 1764
f 1699 1764 1765
f 1700 1699 1765
f 1700 1765 1766
f 1701 1700 1766
f 1701 1766 1767
f 1702 1701 1767
f 1702 1767 1768
f 1703 1702 1768
f 1703 1768 1769
f 1704 1703 1769
f 1704 1769 1770
f 1705 1704 1770
f 1705 1770 1771
f 1706 1705 1771
f 1706 1771 1772
f 1707 1706 1772
f 1707 1772 1773
f 1708 1707 1773
f 1708 1773 1774
f 1709 1708 1774
f 1709 1774 1775
f 1710 1709 1775
f 1710 1775 1776
f 1711 1710 1776
f 1711 1776 1777
f 1712 1711 1777
f 1712 1777 1778
f 1713 1712 1778
f 1713 1778 1779
f 1714 1713 1779
f 1714 1779 1780
f 1715 1714 1780
f 1715 1780 1781
f 1716 1715 1781
f 1716 1781 1782
f 1717 1716 1782
f 1717 1782 1783
f 1718 1717 1783
f 1718 1783 1784
f 1719 1718 1784
f 1719 1784 1785
f 1720 1719 1785
f 1720 1785 1786
f 1721 1720 1786
f 1721 1786 1787
f 1722 1721 1787
f 1722 1787 1788
f 1723 1722 1788
f 1723 1788 1789
f 1724 1723 1789
f 1724 1789 1790
f 1725 1724 1790
f 1725 1790 1791
f 1726 1725 1791
f 1726 1791 1792
f 1727 1726 1792
f 1727 1792 1793
f 1728 1727 1793
f 1728 1793 1794
f 1729 1728 1794
f 1729 1794 1795
f 1730 1729 1795
f 1730 1795 1796
f 1731 1730 1796
f 1731 1796 1797
f 1732 1731 1797
f 1732 1797 1798
f 1733 1732 1798
f 1733 1798 1799
f 1734 1733 1799
f 1734 1799 1800
f 1735 1734 1800
f 1735 1800 1801
f 1736 1735 1801
f 1736 1801 1802
f 1737 1736 1802
f 1737 1802 1803
f 1738 1737 1803
f 1738 1803 1804
f 1739 1738 1804
f 1739 1804 1805
f 1740 1739 1805
f 1740 1805 1806
f 1741 1740 1806
f 1741 1806 1807
f 1742 1741 1807
f 1742 1807 1808
f 1743 1742 1808
f 1743 1808 1809
f 1744 1743 1809
f 1744 1809 1810
f 1745 1744 1810
f 1745 1810 1811
f 1746 1745 1811
f 1746 1811 1812
f 1747 1746 1812
f 1747 1812 1813
f 1748 1747 1813
f 1748 1813 1814
f 1749 1748 1814
f 1749 1814 1815
f 1750 1749 1815
f 1750 1815 1816
f 1751 1750 1816
f 1751 1816 1817
f 1752 1751 1817
f 1752 1817 1818
f 1753 1752 1818
f 1753 1818 1819
f 1754 1753 1819
f 1754 1819 1820
f 1755 1754 1820
f 1756 1821 1822
f 1757 1756 1822
f 1757 1822 1823
f 1758 1757 1823
f 1758 1823 1824
f 1759 1758 1824
f 1759 1824 1825
f 1760 1759 1825
f 1760 1825 1826
f 1761 1760 1826
f 1761 1826 1827
f 1762 1761 1827
f 1762 1827 1828
f 1763 1762 1828
f 1763 1828 1829
f 1764 1763 1829
f 1764 1829 1830
f 1765 1764 1830
f 1765 1830 1831
f 1766 1765 1831
f 1766 1831 1832
f 1767 1766 1832
f 1767 1832 1833
f 1768 1767 1833
f 1768 1833 1834
f 1769 1768 1834
f 1769 1834 1835
f 1770 1769 1835
f 1770 1835 1836
f 1771 1770 1836
f 1771 1836 1837
f 1772 1771 1837
f 1772 1837 1838
f 1773 1772 1838
f 1773 1838 1839
f 1774 1773 1839
f 1774 1839 1840
f 1775 1774 1840
f 1775 1840 1841
f 1776 1775 1841
f 1776 1841 1842
f 1777 1776 1842
f 1777 1842 1843
f 1778 1777 1843
f 1778 1843 1844
f 1779 1778 1844
f 1779 1844 1845
f 1780 1779 1845
f 1780 1845 1846
f 1781 1780 1846
f 1781 1846 1847
f 1782 1781 1847
f 1782 1847 1848
f 1783 1782 1848
f 1783 1848 1849
f 1784 1783 1849
f 1784 1849 1850
f 1785 1784 1850
f 1785 1850 1851
f 1786 1785 1851
f 1786 1851 1852
f 1787 1786 1852
f 1787 1852 1853
f 1788 1787 1853
f 1788 1853 1854
f 1789 1788 1854
f 1789 1854 1855
f 1790 1789 1855
f 1790 1855 1856
f 1791 1790 1856
f 1791 1856 1857
f 1792 1791 1857
f 1792 1857 1858
f 1793 1792 1858
f 1793 1858 1859
f 1794 1793 1859
f 1794 1859 1860
f 1795 1794 1860
f 1795 1860 1861
f 1796 1795 1861
f 1796 1861 1862
f 1797 1796 1862
f 1797 1862 1863
f 1798 1797 1863
f 1798 1863 1864
f 1799 1798 1864
f 1799 1864 1865
f 1800 1799 1865
f 1800 1865 1866
f 1801 1800 1866
f 1801 1866 1867
f 1802 1801 1867
f 1802 1867 1868
f 1803 1802 1868
f 1803 1868 1869
f 1804 1803 1869
f 1804 1869 1870
f 1805 1804 1870
f 1805 1870 1871
f 1806 1805 1871
f 1806 1871 1872
f 1807 1806 1872
f 1807 1872 1873
f 1808 1807 1873
f 1808 1873 1874
f 1809 1808 1874
f 1809 1874 1875
f 1810 1809 1875
f 1810 1875 1876
f 1811 1810 1876
f 1811 1876 1877
f 1812 1811 1877
f 1812 1877 1878
f 1813 1812 1878
f 1813 1878 1879
f 1814 1813 1879
f 1814 1879 1880
f 1815 1814 1880
f 1815 1880 1881
f 1816 1815 1881
f 1816 1881 1882
f 1817 1816 1882
f 1817 1882 1883
f 1818 1817 1883
f 1818 1883 1884
f 1819 1818 1884
f 1819 1884 1885
f 1820 1819 1885
f 1821 1886 1887
f 1822 1821 1887
f 1822 1887 1888
f 1823 1822 1888
f 1823 1888 1889
f 1824 1823 1889
f 1824 1889 1890
f 1825 1824 1890
f 1825 1890 1891
f 1826 1825 1891
f 1826 1891 1892
f 1827 1826 1892
f 1827 1892 1893
f 1828 1827 1893
f 1828 1893 1894
f 1829 1828 1894
f 1829 1894 1895
f 1830 1829 1895
f 1830 1895 1896
f 1831 1830 1896
f 1831 1896 1897
f 1832 1831 1897
f 1832 1897 1898
f 1833 1832 1898
f 1833 1898 1899
f 1834 1833 1899
f 1834 1899 1900
f 1835 1834 1900
f 1835 1900 1901
f 1836 1835 1901
f 1836 1901 1902
f 1837 1836 1902
f 1837 1902 1903
f 1838 1837 1903
f 1838 1903 1904
f 1839 1838 1904
f 1839 1904 1905
f 1840 1839 1905
f 1840 1905 1906
f 1841 1840 1906
f 1841 1906 1907
f 1842 1841 1907
f 1842 1907 1908
f 1843 1842 1908
f 1843 1908 1909
f 1844 1843 1909
f 1844 1909 1910
f 1845 1844 1910
f 1845 1910 1911
f 1846 1845 1911
f 1846 1911 1912
f 1847 1846 1912
f 1847 1912 1913
f 1848 1847 1913
f 1848 1913 1914
f 1849 1848 1914
f 1849 1914 1915
f 1850 1849 1915
f 1850 1915 1916
f 1851 1850 1916
f 1851 1916 1917
f 1852 1851 1917
f 1852 1917 1918
f 1853 1852 1918
f 1853 1918 1919
f 1854 1853 1919
f 1854 1919 1920
f 1855 1854 1920
f 1855 1920 1921
f 1856 1855 1921
f 1856 1921 1922
f 1857 1856 1922
f 1857 1922 1923
f 1858 1857 1923
f 1858 1923 1924
f 1859 1858 1924
f 1859 1924 1925
f 1860 1859 1925
f 1860 1925 1926
f 1861 1860 1926
f 1861 1926 1927
f 1862 1861 1927
f 1862 1927 1928
f 1863 1862 1928
f 1863 1928 1929
f 1864 1863 1929
f 1864 1929 1930
f 1865 1864 1930
f 1865 1930 1931
f 1866 1865 1931
f 1866 1931 1932
f 1867 1866 1932
f 1867 1932 1933
f 1868 1867 1933
f 1868 1933 1934
f 1869 1868 1934
f 1869 1934 1935
f 1870 1869 1935
f 1870 1935 1936
f 1871 1870 1936
f 1871 1936 1937
f 1872 1871 1937
f 1872 1937 1938
f 1873 1872 1938
f 1873 1938 1939
f 1874 1873 1939
f 1874 1939 1940
f 1875 1874 1940
f 1875 1940 1941
f 1876 1875 1941
f 1876 1941 1942
f 1877 1876 1942
f 1877 1942 1943
f 1878 1877 1943
f 1878 1943 1944
f 1879 1878 1944
f 1879 1944 1945
f 1880 1879 1945
f 1880 1945 1946
f 1881 1880 1946
f 1881 1946 1947
f 1882 1881 1947
f 1882 1947 1948
f 1883 1882 1948
f 1883 1948 1949
f 1884 1883 1949
f 1884 1949 1950
f 1885 1884 1950
f 1886 1951 1952
f 1887 1886 1952
f 1887 1952 1953
f 1888 1887 1953
f 1888 1953 1954
f 1889 1888 1954
f 1889 1954 1955
f 1890 1889 1955
f 1890 1955 1956
f 1891 1890 1956
f 1891 1956 1957
f 1892 1891 1957
f 1892 1957 1958
f 1893 1892 1958
f 1893 1958 1959
f 1894 1893 1959
f 1894 1959 1960
f 1895 1894 1960
f 1895 1960 1961
f 1896 1895 1961
f 1896 1961 1962
f 1897 1896 1962
f 1897 1962 1963
f 1898 1897 1963
f 1898 1963 1964
f 1899 1898 1964
f 1899 1964 1965
f 1900 1899 1965
f 1900 1965 1966
f 1901 1900 1966
f 1901 1966 1967
f 1902 1901 1967
f 1902 1967 1968
f 1903 1902 1968
f 1903 1968 1969
f 1904 1903 1969
f 1904 1969 1970
f 1905 1904 1970
f 1905 1970 1971
f 1906 1905 1971
f 1906 1971 1972
f 1907 1906 1972
f 1907 1972 1973
f 1908 1907 1973
f 1908 1973 1974
f 1909 1908 1974
f 1909 1974 1975
f 1910 1909 1975
f 1910 1975 1976
f 1911 1910 1976
f 1911 1976 1977
f 1912 1911 1977
f 1912 1977 1978
f 1913 1912 1978
f 1913 1978 1979
f 1914 1913 1979
f 1914 1979 1980
f 1915 1914 1980
f 1915 1980 1981
f 1916 1915 1981
f 1916 1981 1982
f 1917 1916 1982
f 1917 1982 1983
f 1918 1917 1983
f 1918 1983 1984
f 1919 1918 1984
f 1919 1984 1985
f 1920 1919 1985
f 1920 1985 1986
f 1921 1920 1986
f 1921 1986 1987
f 1922 1921 1987
f 1922 1987 1988
f 1923 1922 1988
f 1923 1988 1989
f 1924 1923 1989
f 1924 1989 1990
f 1925 1924 1990
f 1925 1990 1991
f 1926 1925 1991
f 1926 1991 1992
f 1927 1926 1992
f 1927 1992 1993
f 1928 1927 1993
f 1928 1993 1994
f 1929 1928 1994
f 1929 1994 1995
f 1930 1929 1995
f 1930 1995 1996
f 1931 1930 1996
f 1931 1996 1997
f 1932 1931 1997
f 1932 1997 1998
f 1933 1932 1998
f 1933 1998 1999
f 1934 1933 1999
f 1934 1999 2000
f 1935 1934 2000
f 1935 2000 2001
f 1936 1935 2001
f 1936 2001 2002
f 1937 1936 2002
f 1937 2002 2003
f 1938 1937 2003
f 1938 2003 2004
f 1939 1938 2004
f 1939 2004 2005
f 1940 1939 2005
f 1940 2005 2006
f 1941 1940 2006
f 1941 2006 2007
f 1942 1941 2007
f 1942 2007 2008
f 1943 1942 2008
f 1943 2008 2009
f 1944 1943 2009
f 1944 2009 2010
f 1945 1944 2010
f 1945 2010 2011
f 1946 1945 2011
f 1946 2011 2012
f 1947 1946 2012
f 1947 2012 2013
f 1948 1947 2013
f 1948 2013 2014
f 1949 1948 2014
f 1949 2014 2015
f 1950 1949 2015
f 1951 2016 2017
f 1952 1951 2017
f 1952 2017 2018
f 1953 1952 2018
f 1953 2018 2019
f 1954 1953 2019
f 1954 2019 2020
f 1955 1954 2020
f 1955 2020 2021
f 1956 1955 2021
f 1956 2021 2022
f 1957 1956 2022
f 1957 2022 2023
f 1958 1957 2023
f 1958 2023 2024
f 1959 1958 2024
f 1959 2024 2025
f 1960 1959 2025
f 1960 2025 2026
f 1961 1960 2026
f 1961 2026 2027
f 1962 1961 2027
f 1962 2027 2028
f 1963 1962 2028
f 1963 2028 2029
f 1964 1963 2029
f 1964 2029 2030
f 1965 1964 2030
f 1965 2030 2031
f 1966 1965 2031
f 1966 2031 2032
f 1967 1966 2032
f 1967 2032 2033
f 1968 1967 2033
f 1968 2033 2034
f 1969 1968 2034
f 1969 2034 2035
f 1970 1969 2035
f 1970 2035 2036
f 1971 1970 2036
f 1971 2036 2037
f 1972 1971 2037
f 1972 2037 2038
f 1973 1972 2038
f 1973 2038 2039
f 1974 1973 2039
f 1974 2039 2040
f 1975 1974 2040
f 1975 2040 2041
f 1976 1975 2041
f 1976 2041 2042
f 1977 1976 2042
f 1977 2042 2043
f 1978 1977 2043
f 1978 2043 2044
f 1979 1978 2044
f 1979 2044 2045
f 1980 1979 2045
f 1980 2045 2046
f 1981 1980 2046
f 1981 2046 2047
f 1982 1981 2047
f 1982 2047 2048
f 1983 1982 2048
f 1983 2048 2049
f 1984 1983 2049
f 1984 2049 2050
f 1985 1984 2050
f 1985 2050 2051
f 1986 1985 2051
f 1986 2051 2052
f 1987 1986 2052
f 1987 2052 2053
f 1988 1987 2053
f 1988 2053 2054
f 1989 1988 2054
f 1989 2054 2055
f 1990 1989 2055
f 1990 2055 2056
f 1991 1990 2056
f 1991 2056 2057
f 1992 1991 2057
f 1992 2057 2058
f 1993 1992 2058
f 1993 2058 2059
f 1994 1993 2059
f 1994 2059 2060
f 1995 1994 2060
f 1995 2060 2061
f 1996 1995 2061
f 1996 2061 2062
f 1997 1996 2062
f 1997 2062 2063
f 1998 1997 2063
f 1998 2063 2064
f 1999 1998 2064
f 1999 2064 2065
f 2000 1999 2065
f 2000 2065 2066
f 2001 2000 2066
f 2001 2066 2067
f 2002 2001 2067
f 2002 2067 2068
f 2003 2002 2068
f 2003 2068 2069
f 2004 2003 2069
f 2004 2069 2070
f 2005 2004 2070
f 2005 2070 2071
f 2006 2005 2071
f 2006 2071 2072
f 2007 2006 2072
f 2007 2072 2073
f 2008 2007 2073
f 2008 2073 2074
f 2009 2008 2074
f 2009 2074 2075
f 2010 2009 2075
f 2010 2075 2076
f 2011 2010 2076
f 2011 2076 2077
f 2012 2011 2077
f 2012 2077 2078
f 2013 2012 2078
f 2013 2078 2079
f 2014 2013 2079
f 2014 2079 2080
f 2015 2014 2080
f 2016 2081 2082
f 2017 2016 2082
f 2017 2082 2083
f 2018 2017 2083
f 2018 2083 2084
f 2019 2018 2084
f 2019 2084 2085
f 2020 2019 2085
f 2020 2085 2086
f 2021 2020 2086
f 2021 2086 2087
f 2022 2021 2087
f 2022 2087 2088
f 2023 2022 2088
f 2023 2088 2089
f 2024 2023 2089
f 2024 2089 2090
f 2025 2024 2090
f 2025 2090 2091
f 2026 2025 2091
f 2026 2091 2092
f 2027 2026 2092
f 2027 2092 2093
f 2028 2027 2093
f 2028 2093 2094
f 2029 2028 2094
f 2029 2094 2095
f 2030 2029 2095
f 2030 2095 2096
f 2031 2030 2096
f 2031 2096 2097
f 2032 2031 2097
f 2032 2097 2098
f 2033 2032 2098
f 2033 2098 2099
f 2034 2033 2099
f 2034 2099 2100
f 2035 2034 2100
f 2035 2100 2101
f 2036 2035 2101
f 2036 2101 2102
f 2037 2036 2102
f 2037 2102 2103
f 2038 2037 2103
f 2038 2103 2104
f 2039 2038 2104
f 2039 2104 2105
f 2040 2039 2105
f 2040 2105 2106
f 2041 2040 2106
f 2041 2106 2107
f 2042 2041 2107
f 2042 2107 2108
f 2043 2042 2108
f 2043 2108 2109
f 2044 2043 2109
f 2044 2109 2110
f 2045 2044 2110
f 2045 2110 2111
f 2046 2045 2111
f 2046 2111 2112
f 2047 2046 2112
f 2047 2112 2113
f 2048 2047 2113
f 2048 2113 2114
f 2049 2048 2114
f 2049 2114 2115
f 2050 2049 2115
f 2050 2115 2116
f 2051 2050 2116
f 2051 2116 2117
f 2052 2051 2117
f 2052 2117 2118
f 2053 2052 2118
f 2053 2118 2119
f 2054 2053 2119
f 2054 2119 2120
f 2055 2054 2120
f 2055 2120 2121
f 2056 2055 2121
f 2056 2121 2122
f 2057 2056 2122
f 2057 2122 2123
f 2058 2057 2123
f 2058 2123 2124
f 2059 2058 2124
f 2059 2124 2125
f 2060 2059 2125
f 2060 2125 2126
f 2061 2060 2126
f 2061 2126 2127
f 2062 2061 2127
f 2062 2127 2128
f 2063 2062 2128
f 2063 2128 2129
f 2064 2063 2129
f 2064 2129 2130
f 2065 2064 2130
f 2065 2130 2131
f 2066 2065 2131
f 2066 2131 2132
f 2067 2066 2132
f 2067 2132 2133
f 2068 2067 2133
f 2068 2133 2134
f 2069 2068 2134
f 2069 2134 2135
f 2070 2069 2135
f 2070 2135 2136
f 2071 2070 2136
f 2071 2136 2137
f 2072 2071 2137
f 2072 2137 2138
f 2073 2072 2138
f 2073 2138 2139
f 2074 2073 2139
f 2074 2139 2140
f 2075 2074 2140
f 2075 2140 2141
f 2076 2075 2141
f 2076 2141 2142
f 2077 2076 2142
f 2077 2142 2143
f 2078 2077 2143
f 2078 2143 2144
f 2079 2078 2144
f 2079 2144 2145
f 2080 2079 2145
f 2081 2146 2147
f 2082 2081 2147
f 2082 2147 2148
f 2083 2082 2148
f 2083 2148 2149
f 2084 2083 2149
f 2084 2149 2150
f 2085 2084 2150
f 2085 2150 2151
f 2086 2085 2151
f 2086 2151 2152
f 2087 2086 2152
f 2087 2152 2153
f 2088 2087 2153
f 2088 2153 2154
f 2089 2088 2154
f 2089 2154 2155
f 2090 2089 2155
f 2090 2155 2156
f 2091 2090 2156
f 2091 2156 2157
f 2092 2091 2157
f 2092 2157 2158
f 2093 2092 2158
f 2093 2158 2159
f 2094 2093 2159
f 2094 2159 2160
f 2095 2094 2160
f 2095 2160 2161
f 2096 2095 2161
f 2096 2161 2162
f 2097 2096 2162
f 2097 2162 2163
f 2098 2097 2163
f 2098 2163 2164
f 2099 2098 2164
f 2099 2164 2165
f 2100 2099 2165
f 2100 2165 2166
f 2101 2100 2166
f 2101 2166 2167
f 2102 2101 2167
f 2102 2167 2168
f 2103 2102 2168
f 2103 2168 2169
f 2104 2103 2169
f 2104 2169 2170
f 2105 2104 2170
f 2105 2170 2171
f 2106 2105 2171
f 2106 2171 2172
f 2107 2106 2172
f 2107 2172 2173
f 2108 2107 2173
f 2108 2173 2174
f 2109 2108 2174
f 2109 2174 2175
f 2110 2109 2175
f 2110 2175 2176
f 2111 2110 2176
f 2111 2176 2177
f 2112 2111 2177
f 2112 2177 2178
f 2113 2112 2178
f 2113 2178 2179
f 2114 2113 2179
f 2114 2179 2180
f 2115 2114 2180
f 2115 2180 2181
f 2116 2115 2181
f 2116 2181 2182
f 2117 2116 2182
f 2117 2182 2183
f 2118 2117 2183
f 2118 2183 2184
f 2119 2118 2184
f 2119 2184 2185
f 2120 2119 2185
f 2120 2185 2186
f 2121 2120 2186
f 2121 2186 2187
f 2122 2121 2187
f 2122 2187 2188
f 2123 2122 2188
f 2123 2188 2189
f 2124 2123 2189
f 2124 2189 2190
f 2125 2124 2190
f 2125 2190 2191
f 2126 2125 2191
f 2126 2191 2192
f 2127 2126 2192
f 2127 2192 2193
f 2128 2127 2193
f 2128 2193 2194
f 2129 2128 2194
f 2129 2194 2195
f 2130 2129 2195
f 2130 2195 2196
f 2131 2130 2196
f 2131 2196 2197
f 2132 2131 2197
f 2132 2197 2198
f 2133 2132 2198
f 2133 2198 2199
f 2134 2133 2199
f 2134 2199 2200
f 2135 2134 2200
f 2135 2200 2201
f 2136 2135 2201
f 2136 2201 2202
f 2137 2136 2202
f 2137 2202 2203
f 2138 2137 2203
f 2138 2203 2204
f 2139 2138 2204
f 2139 2204 2205
f 2140 2139 2205
f 2140 2205 2206
f 2141 2140 2206
f 2141 2206 2207
f 2142 2141 2207
f 2142 2207 2208
f 2143 2142 2208
f 2143 2208 2209
f 2144 2143 2209
f 2144 2209 2210
f 2145 2144 2210
f 2146 2211 2212
f 2147 2146 2212
f 2147 2212 2213
f 2148 2147 2213
f 2148 2213 2214
f 2149 2148 2214
f 2149 2214 2215
f 2150 2149 2215
f 2150 2215 2216
f 2151 2150 2216
f 2151 2216 2217
f 2152 2151 2217
f 2152 2217 2218
f 2153 2152 2218
f 2153 2218 2219
f 2154 2153 2219
f 2154 2219 2220
f 2155 2154 2220
f 2155 2220 2221
f 2156 2155 2221
f 2156 2221 2222
f 2157 2156 2222
f 2157 2222 2223
f 2158 2157 2223
f 2158 2223 2224
f 2159 2158 2224
f 2159 2224 2225
f 2160 2159 2225
f 2160 2225 2226
f 2161 2160 2226
f 2161 2226 2227
f 2162 2161 2227
f 2162 2227 2228
f 2163 2162 2228
f 2163 2228 2229
f 2164 2163 2229
f 2164 2229 2230
f 2165 2164 2230
f 2165 2230 2231
f 2166 2165 2231
f 2166 2231 2232
f 2167 2166 2232
f 2167 2232 2233
f 2168 2167 2233
f 2168 2233 2234
f 2169 2168 2234
f 2169 2234 2235
f 2170 2169 2235
f 2170 2235 2236
f 2171 2170 2236
f 2171 2236 2237
f 2172 2171 2237
f 2172 2237 2238
f 2173 2172 2238
f 2173 2238 2239
f 2174 2173 2239
f 2174 2239 2240
f 2175 2174 2240
f 2175 2240 2241
f 2176 2175 2241
f 2176 2241 2242
f 2177 2176 2242
f 2177 2242 2243
f 2178 2177 2243
f 2178 2243 2244
f 2179 2178 2244
f 2179 2244 2245
f 2180 2179 2245
f 2180 2245 2246
f 2181 2180 2246
f 2181 2246 2247
f 2182 2181 2247
f 2182 2247 2248
f 2183 2182 2248
f 2183 2248 2249
f 2184 2183 2249
f 2184 2249 2250
f 2185 2184 2250
f 2185 2250 2251
f 2186 2185 2251
f 2186 2251 2252
f 2187 2186 2252
f 2187 2252 2253
f 2188 2187 2253
f 2188 2253 2254
f 2189 2188 2254
f 2189 2254 2255
f 2190 2189 2255
f 2190 2255 2256
f 2191 2190 2256
f 2191 2256 2257
f 2192 2191 2257
f 2192 2257 2258
f 2193 2192 2258
f 2193 2258 2259
f 2194 2193 2259
f 2194 2259 2260
f 2195 2194 2260
f 2195 2260 2261
f 2196 2195 2261
f 2196 2261 2262
f 2197 2196 2262
f 2197 2262 2263
f 2198 2197 2263
f 2198 2263 2264
f 2199 2198 2264
f 2199 2264 2265
f 2200 2199 2265
f 2200 2265 2266
f 2201 2200 2266
f 2201 2266 2267
f 2202 2201 2267
f 2202 2267 2268
f 2203 2202 2268
f 2203 2268 2269
f 2204 2203 2269
f 2204 2269 2270
f 2205 2204 2270
f 2205 2270 2271
f 2206 2205 2271
f 2206 2271 2272
f 2207 2206 2272
f 2207 2272 2273
f 2208 2207 2273
f 2208 2273 2274
f 2209 2208 2274
f 2209 2274 2275
f 2210 2209 2275
f 2211 2276 2277
f 2212 2211 2277
f 2212 2277 2278
f 2213 2212 2278
f 2213 2278 2279
f 2214 2213 2279
f 2214 2279 2280
f 2215 2214 2280
f 2215 2280 2281
f 2216 2215 2281
f 2216 2281 2282
f 2217 2216 2282
f 2217 2282 2283
f 2218 2217 2283
f 2218 2283 2284
f 2219 2218 2284
f 2219 2284 2285
f 2220 2219 2285
f 2220 2285 2286
f 2221 2220 2286
f 2221 2286 2287
f 2222 2221 2287
f 2222 2287 2288
f 2223 2222 2288
f 2223 2288 2289
f 2224 2223 2289
f 2224 2289 2290
f 2225 2224 2290
f 2225 2290 2291
f 2226 2225 2291
f 2226 2291 2292
f 2227 2226 2292
f 2227 2292 2293
f 2228 2227 2293
f 2228 2293 2294
f 2229 2228 2294
f 2229 2294 2295
f 2230 2229 2295
f 2230 2295 2296
f 2231 2230 2296
f 2231 2296 2297
f 2232 2231 2297
f 2232 2297 2298
f 2233 2232 2298
f 2233 2298 2299
f 2234 2233 2299
f 2234 2299 2300
f 2235 2234 2300
f 2235 2300 2301
f 2236 2235 2301
f 2236 2301 2302
f 2237 2236 2302
f 2237 2302 2303
f 2238 2237 2303
f 2238 2303 2304
f 2239 2238 2304
f 2239 2304 2305
f 2240 2239 2305
f 2240 2305 2306
f 2241 2240 2306
f 2241 2306 2307
f 2242 2241 2307
f 2242 2307 2308
f 2243 2242 2308
f 2243 2308 2309
f 2244 2243 2309
f 2244 2309 2310
f 2245 2244 2310
f 2245 2310 2311
f 2246 2245 2311
f 2246 2311 2312
f 2247 2246 2312
f 2247 2312 2313
f 2248 2247 2313
f 2248 2313 2314
f 2249 2248 2314
f 2249 2314 2315
f 2250 2249 2315
f 2250 2315 2316
f 2251 2250 2316
f 2251 2316 2317
f 2252 2251 2317
f 2252 2317 2318
f 2253 2252 2318
f 2253 2318 2319
f 2254 2253 2319
f 2254 2319 2320
f 2255 2254 2320
f 2255 2320 2321
f 2256 2255 2321
f 2256 2321 2322
f 2257 2256 2322
f 2257 2322 2323
f 2258 2257 2323
f 2258 2323 2324
f 2259 2258 2324
f 2259 2324 2325
f 2260 2259 2325
f 2260 2325 2326
f 2261 2260 2326
f 2261 2326 2327
f 2262 2261 2327
f 2262 2327 2328
f 2263 2262 2328
f 2263 2328 2329
f 2264 2263 2329
f 2264 2329 2330
f 2265 2264 2330
f 2265 2330 2331
f 2266 2265 2331
f 2266 2331 2332
f 2267 2266 2332
f 2267 2332 2333
f 2268 2267 2333
f 2268 2333 2334
f 2269 2268 2334
f 2269 2334 2335
f 2270 2269 2335
f 2270 2335 2336
f 2271 2270 2336
f 2271 2336 2337
f 2272 2271 2337
f 2272 2337 2338
f 2273 2272 2338
f 2273 2338 2339
f 2274 2273 2339
f 2274 2339 2340
f 2275 2274 2340
f 2276 2341 2342
f 2277 2276 2342
f 2277 2342 2343
f 2278 2277 2343
f 2278 2343 2344
f 2279 2278 2344
f 2279 2344 2345
f 2280 2279 2345
f 2280 2345 2346
f 2281 2280 2346
f 2281 2346 2347
f 2282 2281 2347
f 2282 2347 2348
f 2283 2282 2348
f 2283 2348 2349
f 2284 2283 2349
f 2284 2349 2350
f 2285 2284 2350
f 2285 2350 2351
f 2286 2285 2351
f 2286 2351 2352
f 2287 2286 2352
f 2287 2352 2353
f 2288 2287 2353
f 2288 2353 2354
f 2289 2288 2354
f 2289 2354 2355
f 2290 2289 2355
f 2290 2355 2356
f 2291 2290 2356
f 2291 2356 2357
f 2292 2291 2357
f 2292 2357 2358
f 2293 2292 2358
f 2293 2358 2359
f 2294 2293 2359
f 2294 2359 2360
f 2295 2294 2360
f 2295 2360 2361
f 2296 2295 2361
f 2296 2361 2362
f 2297 2296 2362
f 2297 2362 2363
f 2298 2297 2363
f 2298 2363 2364
f 2299 2298 2364
f 2299 2364 2365
f 2300 2299 2365
f 2300 2365 2366
f 2301 2300 2366
f 2301 2366 2367
f 2302 2301 2367
f 2302 2367 2368
f 2303 2302 2368
f 2303 2368 2369
f 2304 2303 2369
f 2304 2369 2370
f 2305 2304 2370
f 2305 2370 2371
f 2306 2305 2371
f 2306 2371 2372
f 2307 2306 2372
f 2307 2372 2373
f 2308 2307 2373
f 2308 2373 2374
f 2309 2308 2374
f 2309 2374 2375
f 2310 2309 2375
f 2310 2375 2376
f 2311 2310 2376
f 2311 2376 2377
f 2312 2311 2377
f 2312 2377 2378
f 2313 2312 2378
f 2313 2378 2379
f 2314 2313 2379
f 2314 2379 2380
f 2315 2314 2380
f 2315 2380 2381
f 2316 2315 2381
f 2316 2381 2382
f 2317 2316 2382
f 2317 2382 2383
f 2318 2317 2383
f 2318 2383 2384
f 2319 2318 2384
f 2319 2384 2385
f 2320 2319 2385
f 2320 2385 2386
f 2321 2320 2386
f 2321 2386 2387
f 2322 2321 2387
f 2322 2387 2388
f 2323 2322 2388
f 2323 2388 2389
f 2324 2323 2389
f 2324 2389 2390
f 2325 2324 2390
f 2325 2390 2391
f 2326 2325 2391
f 2326 2391 2392
f 2327 2326 2392
f 2327 2392 2393
f 2328 2327 2393
f 2328 2393 2394
f 2329 2328 2394
f 2329 2394 2395
f 2330 2329 2395
f 2330 2395 2396
f 2331 2330 2396
f 2331 2396 2397
f 2332 2331 2397
f 2332 2397 2398
f 2333 2332 2398
f 2333 2398 2399
f 2334 2333 2399
f 2334 2399 2400
f 2335 2334 2400
f 2335 2400 2401
f 2336 2335 2401
f 2336 2401 2402
f 2337 2336 2402
f 2337 2402 2403
f 2338 2337 2403
f 2338 2403 2404
f 2339 2338 2404
f 2339 2404 2405
f 2340 2339 2405
f 2341 2406 2407
f 2342 2341 2407
f 2342 2407 2408
f 2343 2342 2408
f 2343 2408 2409
f 2344 2343 2409
f 2344 2409 2410
f 2345 2344 2410
f 2345 2410 2411
f 2346 2345 2411
f 2346 2411 2412
f 2347 2346 2412
f 2347 2412 2413
f 2348 2347 2413
f 2348 2413 2414
f 2349 2348 2414
f 2349 2414 2415
f 2350 2349 2415
f 2350 2415 2416
f 2351 2350 2416
f 2351 2416 2417
f 2352 2351 2417
f 2352 2417 2418
f 2353 2352 2418
f 2353 2418 2419
f 2354 2353 2419
f 2354 2419 2420
f 2355 2354 2420
f 2355 2420 2421
f 2356 2355 2421
f 2356 2421 2422
f 2357 2356 2422
f 2357 2422 2423
f 2358 2357 2423
f 2358 2423 2424
f 2359 2358 2424
f 2359 2424 2425
f 2360 2359 2425
f 2360 2425 2426
f 2361 2360 2426
f 2361 2426 2427
f 2362 2361 2427
f 2362 2427 2428
f 2363 2362 2428
f 2363 2428 2429
f 2364 2363 2429
f 2364 2429 2430
f 2365 2364 2430
f 2365 2430 2431
f 2366 2365 2431
f 2366 2431 2432
f 2367 2366 2432
f 2367 2432 2433
f 2368 2367 2433
f 2368 2433 2434
f 2369 2368 2434
f 2369 2434 2435
f 2370 2369 2435
f 2370 2435 2436
f 2371 2370 2436
f 2371 2436 2437
f 2372 2371 2437
f 2372 2437 2438
f 2373 2372 2438
f 2373 2438 2439
f 2374 2373 2439
f 2374 2439 2440
f 2375 2374 2440
f 2375 2440 2441
f 2376 2375 2441
f 2376 2441 2442
f 2377 2376 2442
f 2377 2442 2443
f 2378 2377 2443
f 2378 2443 2444
f 2379 2378 2444
f 2379 2444 2445
f 2380 2379 2445
f 2380 2445 2446
f 2381 2380 2446
f 2381 2446 2447
f 2382 2381 2447
f 2382 2447 2448
f 2383 2382 2448
f 2383 2448 2449
f 2384 2383 2449
f 2384 2449 2450
f 2385 2384 2450
f 2385 2450 2451
f 2386 2385 2451
f 2386 2451 2452
f 2387 2386 2452
f 2387 2452 2453
f 2388 2387 2453
f 2388 2453 2454
f 2389 2388 2454
f 2389 2454 2455
f 2390 2389 2455
f 2390 2455 2456
f 2391 2390 2456
f 2391 2456 2457
f 2392 2391 2457
f 2392 2457 2458
f 2393 2392 2458
f 2393 2458 2459
f 2394 2393 2459
f 2394 2459 2460
f 2395 2394 2460
f 2395 2460 2461
f 2396 2395 2461
f 2396 2461 2462
f 2397 2396 2462
f 2397 2462 2463
f 2398 2397 2463
f 2398 2463 2464
f 2399 2398 2464
f 2399 2464 2465
f 2400 2399 2465
f 2400 2465 2466
f 2401 2400 2466
f 2401 2466 2467
f 2402 2401 2467
f 2402 2467 2468
f 2403 2402 2468
f 2403 2468 2469
f 2404 2403 2469
f 2404 2469 2470
f 2405 2404 2470
f 2406 2471 2472
f 2407 2406 2472
f 2407 2472 2473
f 2408 2407 2473
f 2408 2473 2474
f 2409 2408 2474
f 2409 2474 2475
f 2410 2409 2475
f 2410 2475 2476
f 2411 2410 2476
f 2411 2476 2477
f 2412 2411 2477
f 2412 2477 2478
f 2413 2412 2478
f 2413 2478 2479
f 2414 2413 2479
f 2414 2479 2480
f 2415 2414 2480
f 2415 2480 2481
f 2416 2415 2481
f 2416 2481 2482
f 2417 2416 2482
f 2417 2482 2483
f 2418 2417 2483
f 2418 2483 2484
f 2419 2418 2484
f 2419 2484 2485
f 2420 2419 2485
f 2420 2485 2486
f 2421 2420 2486
f 2421 2486 2487
f 2422 2421 2487
f 2422 2487 2488
f 2423 2422 2488
f 2423 2488 2489
f 2424 2423 2489
f 2424 2489 2490
f 2425 2424 2490
f 2425 2490 2491
f 2426 2425 2491
f 2426 2491 2492
f 2427 2426 2492
f 2427 2492 2493
f 2428 2427 2493
f 2428 2493 2494
f 2429 2428 2494
f 2429 2494 2495
f 2430 2429 2495
f 2430 2495 2496
f 2431 2430 2496
f 2431 2496 2497
f 2432 2431 2497
f 2432 2497 2498
f 2433 2432 2498
f 2433 2498 2499
f 2434 2433 2499
f 2434 2499 2500
f 2435 2434 2500
f 2435 2500 2501
f 2436 2435 2501
f 2436 2501 2502
f 2437 2436 2502
f 2437 2502 2503
f 2438 2437 2503
f 2438 2503 2504
f 2439 2438 2504
f 2439 2504 2505
f 2440 2439 2505
f 2440 2505 2506
f 2441 2440 2506
f 2441 2506 2507
f 2442 2441 2507
f 2442 2507 2508
f 2443 2442 2508
f 2443 2508 2509
f 2444 2443 2509
f 2444 2509 2510
f 2445 2444 2510
f 2445 2510 2511
f 2446 2445 2511
f 2446 2511 2512
f 2447 2446 2512
f 2447 2512 2513
f 2448 2447 2513
f 2448 2513 2514
f 2449 2448 2514
f 2449 2514 2515
f 2450 2449 2515
f 2450 2515 2516
f 2451 2450 2516
f 2451 2516 2517
f 2452 2451 2517
f 2452 2517 2518
f 2453 2452 2518
f 2453 2518 2519
f 2454 2453 2519
f 2454 2519 2520
f 2455 2454 2520
f 2455 2520 2521
f 2456 2455 2521
f 2456 2521 2522
f 2457 2456 2522
f 2457 2522 2523
f 2458 2457 2523
f 2458 2523 2524
f 2459 2458 2524
f 2459 2524 2525
f 2460 2459 2525
f 2460 2525 2526
f 2461 2460 2526
f 2461 2526 2527
f 2462 2461 2527
f 2462 2527 2528
f 2463 2462 2528
f 2463 2528 2529
f 2464 2463 2529
f 2464 2529 2530
f 2465 2464 2530
f 2465 2530 2531
f 2466 2465 2531
f 2466 2531 2532
f 2467 2466 2532
f 2467 2532 2533
f 2468 2467 2533
f 2468 2533 2534
f 2469 2468 2534
f 2469 2534 2535
f 2470 2469 2535
f 2471 2536 2537
f 2472 2471 2537
f 2472 2537 2538
f 2473 2472 2538
f 2473 2538 2539
f 2474 2473 2539
f 2474 2539 2540
f 2475 2474 2540
f 2475 2540 2541
f 2476 2475 2541
f 2476 2541 2542
f 2477 2476 2542
f 2477 2542 2543
f 2478 2477 2543
f 2478 2543 2544
f 2479 2478 2544
f 2479 2544 2545
f 2480 2479 2545
f 2480 2545 2546
f 2481 2480 2546
f 2481 2546 2547
f 2482 2481 2547
f 2482 2547 2548
f 2483 2482 2548
f 2483 2548 2549
f 2484 2483 2549
f 2484 2549 2550
f 2485 2484 2550
f 2485 2550 2551
f 2486 2485 2551
f 2486 2551 2552
f 2487 2486 2552
f 2487 2552 2553
f 2488 2487 2553
f 2488 2553 2554
f 2489 2488 2554
f 2489 2554 2555
f 2490 2489 2555
f 2490 2555 2556
f 2491 2490 2556
f 2491 2556 2557
f 2492 2491 2557
f 2492 2557 2558
f 2493 2492 2558
f 2493 2558 2559
f 2494 2493 2559
f 2494 2559 2560
f 2495 2494 2560
f 2495 2560 2561
f 2496 2495 2561
f 2496 2561 2562
f 2497 2496 2562
f 2497 2562 2563
f 2498 2497 2563
f 2498 2563 2564
f 2499 2498 2564
f 2499 2564 2565
f 2500 2499 2565
f 2500 2565 2566
f 2501 2500 2566
f 2501 2566 2567
f 2502 2501 2567
f 2502 2567 2568
f 2503 2502 2568
f 2503 2568 2569
f 2504 2503 2569
f 2504 2569 2570
f 2505 2504 2570
f 2505 2570 2571
f 2506 2505 2571
f 2506 2571 2572
f 2507 2506 2572
f 2507 2572 2573
f 2508 2507 2573
f 2508 2573 2574
f 2509 2508 2574
f 2509 2574 2575
f 2510 2509 2575
f 2510 2575 2576
f 2511 2510 2576
f 2511 2576 2577
f 2512 2511 2577
f 2512 2577 2578
f 2513 2512 2578
f 2513 2578 2579
f 2514 2513 2579
f 2514 2579 2580
f 2515 2514 2580
f 2515 2580 2581
f 2516 2515 2581
f 2516 2581 2582
f 2517 2516 2582
f 2517 2582 2583
f 2518 2517 2583
f 2518 2583 2584
f 2519 2518 2584
f 2519 2584 2585
f 2520 2519 2585
f 2520 2585 2586
f 2521 2520 2586
f 2521 2586 2587
f 2522 2521 2587
f 2522 2587 2588
f 2523 2522 2588
f 2523 2588 2589
f 2524 2523 2589
f 2524 2589 2590
f 2525 2524 2590
f 2525 2590 2591
f 2526 2525 2591
f 2526 2591 2592
f 2527 2526 2592
f 2527 2592 2593
f 2528 2527 2593
f 2528 2593 2594
f 2529 2528 2594
f 2529 2594 2595
f 2530 2529 2595
f 2530 2595 2596
f 2531 2530 2596
f 2531 2596 2597
f 2532 2531 2597
f 2532 2597 2598
f 2533 2532 2598
f 2533 2598 2599
f 2534 2533 2599
f 2534 2599 2600
f 2535 2534 2600
f 2536 2601 2602
f 2537 2536 2602
f 2537 2602 2603
f 2538 2537 2603
f 2538 2603 2604
f 2539 2538 2604
f 2539 2604 2605
f 2540 2539 2605
f 2540 2605 2606
f 2541 2540 2606
f 2541 2606 2607
f 2542 2541 2607
f 2542 2607 2608
f 2543 2542 2608
f 2543 2608 2609
f 2544 2543 2609
f 2544 2609 2610
f 2545 2544 2610
f 2545 2610 2611
f 2546 2545 2611
f 2546 2611 2612
f 2547 2546 2612
f 2547 2612 2613
f 2548 2547 2613
f 2548 2613 2614
f 2549 2548 2614
f 2549 2614 2615
f 2550 2549 2615
f 2550 2615 2616
f 2551 2550 2616
f 2551 2616 2617
f 2552 2551 2617
f 2552 2617 2618
f 2553 2552 2618
f 2553 2618 2619
f 2554 2553 2619
f 2554 2619 2620
f 2555 2554 2620
f 2555 2620 2621
f 2556 2555 2621
f 2556 2621 2622
f 2557 2556 2622
f 2557 2622 2623
f 2558 2557 2623
f 2558 2623 2624
f 2559 2558 2624
f 2559 2624 2625
f 2560 2559 2625
f 2560 2625 2626
f 2561 2560 2626
f 2561 2626 2627
f 2562 2561 2627
f 2562 2627 2628
f 2563 2562 2628
f 2563 2628 2629
f 2564 2563 2629
f 2564 2629 2630
f 2565 2564 2630
f 2565 2630 2631
f 2566 2565 2631
f 2566 2631 2632
f 2567 2566 2632
f 2567 2632 2633
f 2568 2567 2633
f 2568 2633 2634
f 2569 2568 2634
f 2569 2634 2635
f 2570 2569 2635
f 2570 2635 2636
f 2571 2570 2636
f 2571 2636 2637
f 2572 2571 2637
f 2572 2637 2638
f 2573 2572 2638
f 2573 2638 2639
f 2574 2573 2639
f 2574 2639 2640
f 2575 2574 2640
f 2575 2640 2641
f 2576 2575 2641
f 2576 2641 2642
f 2577 2576 2642
f 2577 2642 2643
f 2578 2577 2643
f 2578 2643 2644
f 2579 2578 2644
f 2579 2644 2645
f 2580 2579 2645
f 2580 2645 2646
f 2581 2580 2646
f 2581 2646 2647
f 2582 2581 2647
f 2582 2647 2648
f 2583 2582 2648
f 2583 2648 2649
f 2584 2583 2649
f 2584 2649 2650
f 2585 2584 2650
f 2585 2650 2651
f 2586 2585 2651
f 2586 2651 2652
f 2587 2586 2652
f 2587 2652 2653
f 2588 2587 2653
f 2588 2653 2654
f 2589 2588 2654
f 2589 2654 2655
f 2590 2589 2655
f 2590 2655 2656
f 2591 2590 2656
f 2591 2656 2657
f 2592 2591 2657
f 2592 2657 2658
f 2593 2592 2658
f 2593 2658 2659
f 2594 2593 2659
f 2594 2659 2660
f 2595 2594 2660
f 2595 2660 2661
f 2596 2595 2661
f 2596 2661 2662
f 2597 2596 2662
f 2597 2662 2663
f 2598 2597 2663
f 2598 2663 2664
f 2599 2598 2664
f 2599 2664 2665
f 2600 2599 2665
f 2601 2666 2667
f 2602 2601 2667
f 2602 2667 2668
f 2603 2602 2668
f 2603 2668 2669
f 2604 2603 2669
f 2604 2669 2670
f 2605 2604 2670
f 2605 2670 2671
f 2606 2605 2671
f 2606 2671 2672
f 2607 2606 2672
f 2607 2672 2673
f 2608 2607 2673
f 2608 2673 2674
f 2609 2608 2674
f 2609 2674 2675
f 2610 2609 2675
f 2610 2675 2676
f 2611 2610 2676
f 2611 2676 2677
f 2612 2611 2677
f 2612 2677 2678
f 2613 2612 2678
f 2613 2678 2679
f 2614 2613 2679
f 2614 2679 2680
f 2615 2614 2680
f 2615 2680 2681
f 2616 2615 2681
f 2616 2681 2682
f 2617 2616 2682
f 2617 2682 2683
f 2618 2617 2683
f 2618 2683 2684
f 2619 2618 2684
f 2619 2684 2685
f 2620 2619 2685
f 2620 2685 2686
f 2621 2620 2686
f 2621 2686 2687
f 2622 2621 2687
f 2622 2687 2688
f 2623 2622 2688
f 2623 2688 2689
f 2624 2623 2689
f 2624 2689 2690
f 2625 2624 2690
f 2625 2690 2691
f 2626 2625 2691
f 2626 2691 2692
f 2627 2626 2692
f 2627 2692 2693
f 2628 2627 2693
f 2628 2693 2694
f 2629 2628 2694
f 2629 2694 2695
f 2630 2629 2695
f 2630 2695 2696
f 2631 2630 2696
f 2631 2696 2697
f 2632 2631 2697
f 2632 2697 2698
f 2633 2632 2698
f 2633 2698 2699
f 2634 2633 2699
f 2634 2699 2700
f 2635 2634 2700
f 2635 2700 2701
f 2636 2635 2701
f 2636 2701 2702
f 2637 2636 2702
f 2637 2702 2703
f 2638 2637 2703
f 2638 2703 2704
f 2639 2638 2704
f 2639 2704 2705
f 2640 2639 2705
f 2640 2705 2706
f 2641 2640 2706
f 2641 2706 2707
f 2642 2641 2707
f 2642 2707 2708
f 2643 2642 2708
f 2643 2708 2709
f 2644 2643 2709
f 2644 2709 2710
f 2645 2644 2710
f 2645 2710 2711
f 2646 2645 2711
f 2646 2711 2712
f 2647 2646 2712
f 2647 2712 2713
f 2648 2647 2713
f 2648 2713 2714
f 2649 2648 2714
f 2649 2714 2715
f 2650 2649 2715
f 2650 2715 2716
f 2651 2650 2716
f 2651 2716 2717
f 2652 2651 2717
f 2652 2717 2718
f 2653 2652 2718
f 2653 2718 2719
f 2654 2653 2719
f 2654 2719 2720
f 2655 2654 2720
f 2655 2720 2721
f 2656 2655 2721
f 2656 2721 2722
f 2657 2656 2722
f 2657 2722 2723
f 2658 2657 2723
f 2658 2723 2724
f 2659 2658 2724
f 2659 2724 2725
f 2660 2659 2725
f 2660 2725 2726
f 2661 2660 2726
f 2661 2726 2727
f 2662 2661 2727
f 2662 2727 2728
f 2663 2662 2728
f 2663 2728 2729
f 2664 2663 2729
f 2664 2729 2730
f 2665 2664 2730
f 2666 2731 2732
f 2667 2666 2732
f 2667 2732 2733
f 2668 2667 2733
f 2668 2733 2734
f 2669 2668 2734
f 2669 2734 2735
f 2670 2669 2735
f 2670 2735 2736
f 2671 2670 2736
f 2671 2736 2737
f 2672 2671 2737
f 2672 2737 2738
f 2673 2672 2738
f 2673 2738 2739
f 2674 2673 2739
f 2674 2739 2740
f 2675 2674 2740
f 2675 2740 2741
f 2676 2675 2741
f 2676 2741 2742
f 2677 2676 2742
f 2677 2742 2743
f 2678 2677 2743
f 2678 2743 2744
f 2679 2678 2744
f 2679 2744 2745
f 2680 2679 2745
f 2680 2745 2746
f 2681 2680 2746
f 2681 2746 2747
f 2682 2681 2747
f 2682 2747 2748
f 2683 2682 2748
f 2683 2748 2749
f 2684 2683 2749
f 2684 2749 2750
f 2685 2684 2750
f 2685 2750 2751
f 2686 2685 2751
f 2686 2751 2752
f 2687 2686 2752
f 2687 2752 2753
f 2688 2687 2753
f 2688 2753 2754
f 2689 2688 2754
f 2689 2754 2755
f 2690 2689 2755
f 2690 2755 2756
f 2691 2690 2756
f 2691 2756 2757
f 2692 2691 2757
f 2692 2757 2758
f 2693 2692 2758
f 2693 2758 2759
f 2694 2693 2759
f 2694 2759 2760
f 2695 2694 2760
f 2695 2760 2761
f 2696 2695 2761
f 2696 2761 2762
f 2697 2696 2762
f 2697 2762 2763
f 2698 2697 2763
f 2698 2763 2764
f 2699 2698 2764
f 2699 2764 2765
f 2700 2699 2765
f 2700 2765 2766
f 2701 2700 2766
f 2701 2766 2767
f 2702 2701 2767
f 2702 2767 2768
f 2703 2702 2768
f 2703 2768 2769
f 2704 2703 2769
f 2704 2769 2770
f 2705 2704 2770
f 2705 2770 2771
f 2706 2705 2771
f 2706 2771 2772
f 2707 2706 2772
f 2707 2772 2773
f 2708 2707 2773
f 2708 2773 2774
f 2709 2708 2774
f 2709 2774 2775
f 2710 2709 2775
f 2710 2775 2776
f 2711 2710 2776
f 2711 2776 2777
f 2712 2711 2777
f 2712 2777 2778
f 2713 2712 2778
f 2713 2778 2779
f 2714 2713 2779
f 2714 2779 2780
f 2715 2714 2780
f 2715 2780 2781
f 2716 2715 2781
f 2716 2781 2782
f 2717 2716 2782
f 2717 2782 2783
f 2718 2717 2783
f 2718 2783 2784
f 2719 2718 2784
f 2719 2784 2785
f 2720 2719 2785
f 2720 2785 2786
f 2721 2720 2786
f 2721 2786 2787
f 2722 2721 2787
f 2722 2787 2788
f 2723 2722 2788
f 2723 2788 2789
f 2724 2723 2789
f 2724 2789 2790
f 2725 2724 2790
f 2725 2790 2791
f 2726 2725 2791
f 2726 2791 2792
f 2727 2726 2792
f 2727 2792 2793
f 2728 2727 2793
f 2728 2793 2794
f 2729 2728 2794
f 2729 2794 2795
f 2730 2729 2795
f 2731 2796 2797
f 2732 2731 2797
f 2732 2797 2798
f 2733 2732 2798
f 2733 2798 2799
f 2734 2733 2799
f 2734 2799 2800
f 2735 2734 2800
f 2735 2800 2801
f 2736 2735 2801
f 2736 2801 2802
f 2737 2736 2802
f 2737 2802 2803
f 2738 2737 2803
f 2738 2803 2804
f 2739 2738 2804
f 2739 2804 2805
f 2740 2739 2805
f 2740 2805 2806
f 2741 2740 2806
f 2741 2806 2807
f 2742 2741 2807
f 2742 2807 2808
f 2743 2742 2808
f 2743 2808 2809
f 2744 2743 2809
f 2744 2809 2810
f 2745 2744 2810
f 2745 2810 2811
f 2746 2745 2811
f 2746 2811 2812
f 2747 2746 2812
f 2747 2812 2813
f 2748 2747 2813
f 2748 2813 2814
f 2749 2748 2814
f 2749 2814 2815
f 2750 2749 2815
f 2750 2815 2816
f 2751 2750 2816
f 2751 2816 2817
f 2752 2751 2817
f 2752 2817 2818
f 2753 2752 2818
f 2753 2818 2819
f 2754 2753 2819
f 2754 2819 2820
f 2755 2754 2820
f 2755 2820 2821
f 2756 2755 2821
f 2756 2821 2822
f 2757 2756 2822
f 2757 2822 2823
f 2758 2757 2823
f 2758 2823 2824
f 2759 2758 2824
f 2759 2824 2825
f 2760 2759 2825
f 2760 2825 2826
f 2761 2760 2826
f 2761 2826 2827
f 2762 2761 2827
f 2762 2827 2828
f 2763 2762 2828
f 2763 2828 2829
f 2764 2763 2829
f 2764 2829 2830
f 2765 2764 2830
f 2765 2830 2831
f 2766 2765 2831
f 2766 2831 2832
f 2767 2766 2832
f 2767 2832 2833
f 2768 2767 2833
f 2768 2833 2834
f 2769 2768 2834
f 2769 2834 2835
f 2770 2769 2835
f 2770 2835 2836
f 2771 2770 2836
f 2771 2836 2837
f 2772 2771 2837
f 2772 2837 2838
f 2773 2772 2838
f 2773 2838 2839
f 2774 2773 2839
f 2774 2839 2840
f 2775 2774 2840
f 2775 2840 2841
f 2776 2775 2841
f 2776 2841 2842
f 2777 2776 2842
f 2777 2842 2843
f 2778 2777 2843
f 2778 2843 2844
f 2779 2778 2844
f 2779 2844 2845
f 2780 2779 2845
f 2780 2845 2846
f 2781 2780 2846
f 2781 2846 2847
f 2782 2781 2847
f 2782 2847 2848
f 2783 2782 2848
f 2783 2848 2849
f 2784 2783 2849
f 2784 2849 2850
f 2785 2784 2850
f 2785 2850 2851
f 2786 2785 2851
f 2786 2851 2852
f 2787 2786 2852
f 2787 2852 2853
f 2788 2787 2853
f 2788 2853 2854
f 2789 2788 2854
f 2789 2854 2855
f 2790 2789 2855
f 2790 2855 2856
f 2791 2790 2856
f 2791 2856 2857
f 2792 2791 2857
f 2792 2857 2858
f 2793 2792 2858
f 2793 2858 2859
f 2794 2793 2859
f 2794 2859 2860
f 2795 2794 2860
f 2796 2861 2862
f 2797 2796 2862
f 2797 2862 2863
f 2798 2797 2863
f 2798 2863 2864
f 2799 2798 2864
f 2799 2864 2865
f 2800 2799 2865
f 2800 2865 2866
f 2801 2800 2866
f 2801 2866 2867
f 2802 2801 2867
f 2802 2867 2868
f 2803 2802 2868
f 2803 2868 2869
f 2804 2803 2869
f 2804 2869 2870
f 2805 2804 2870
f 2805 2870 2871
f 2806 2805 2871
f 2806 2871 2872
f 2807 2806 2872
f 2807 2872 2873
f 2808 2807 2873
f 2808 2873 2874
f 2809 2808 2874
f 2809 2874 2875
f 2810 2809 2875
f 2810 2875 2876
f 2811 2810 2876
f 2811 2876 2877
f 2812 2811 2877
f 2812 2877 2878
f 2813 2812 2878
f 2813 2878 2879
f 2814 2813 2879
f 2814 2879 2880
f 2815 2814 2880
f 2815 2880 2881
f 2816 2815 2881
f 2816 2881 2882
f 2817 2816 2882
f 2817 2882 2883
f 2818 2817 2883
f 2818 2883 2884
f 2819 2818 2884
f 2819 2884 2885
f 2820 2819 2885
f 2820 2885 2886
f 2821 2820 2886
f 2821 2886 2887
f 2822 2821 2887
f 2822 2887 2888
f 2823 2822 2888
f 2823 2888 2889
f 2824 2823 2889
f 2824 2889 2890
f 2825 2824 2890
f 2825 2890 2891
f 2826 2825 2891
f 2826 2891 2892
f 2827 2826 2892
f 2827 2892 2893
f 2828 2827 2893
f 2828 2893 2894
f 2829 2828 2894
f 2829 2894 2895
f 2830 2829 2895
f 2830 2895 2896
f 2831 2830 2896
f 2831 2896 2897
f 2832 2831 2897
f 2832 2897 2898
f 2833 2832 2898
f 2833 2898 2899
f 2834 2833 2899
f 2834 2899 2900
f 2835 2834 2900
f 2835 2900 2901
f 2836 2835 2901
f 2836 2901 2902
f 2837 2836 2902
f 2837 2902 2903
f 2838 2837 2903
f 2838 2903 2904
f 2839 2838 2904
f 2839 2904 2905
f 2840 2839 2905
f 2840 2905 2906
f 2841 2840 2906
f 2841 2906 2907
f 2842 2841 2907
f 2842 2907 2908
f 2843 2842 2908
f 2843 2908 2909
f 2844 2843 2909
f 2844 2909 2910
f 2845 2844 2910
f 2845 2910 2911
f 2846 2845 2911
f 2846 2911 2912
f 2847 2846 2912
f 2847 2912 2913
f 2848 2847 2913
f 2848 2913 2914
f 2849 2848 2914
f 2849 2914 2915
f 2850 2849 2915
f 2850 2915 2916
f 2851 2850 2916
f 2851 2916 2917
f 2852 2851 2917
f 2852 2917 2918
f 2853 2852 2918
f 2853 2918 2919
f 2854 2853 2919
f 2854 2919 2920
f 2855 2854 2920
f 2855 2920 2921
f 2856 2855 2921
f 2856 2921 2922
f 2857 2856 2922
f 2857 2922 2923
f 2858 2857 2923
f 2858 2923 2924
f 2859 2858 2924
f 2859 2924 2925
f 2860 2859 2925
f 2861 2926 2927
f 2862 2861 2927
f 2862 2927 2928
f 2863 2862 2928
f 2863 2928 2929
f 2864 2863 2929
f 2864 2929 2930
f 2865 2864 2930
f 2865 2930 2931
f 2866 2865 2931
f 2866 2931 2932
f 2867 2866 2932
f 2867 2932 2933
f 2868 2867 2933
f 2868 2933 2934
f 2869 2868 2934
f 2869 2934 2935
f 2870 2869 2935
f 2870 2935 2936
f 2871 2870 2936
f 2871 2936 2937
f 2872 2871 2937
f 2872 2937 2938
f 2873 2872 2938
f 2873 2938 2939
f 2874 2873 2939
f 2874 2939 2940
f 2875 2874 2940
f 2875 2940 2941
f 2876 2875 2941
f 2876 2941 2942
f 2877 2876 2942
f 2877 2942 2943
f 2878 2877 2943
f 2878 2943 2944
f 2879 2878 2944
f 2879 2944 2945
f 2880 2879 2945
f 2880 2945 2946
f 2881 2880 2946
f 2881 2946 2947
f 2882 2881 2947
f 2882 2947 2948
f 2883 2882 2948
f 2883 2948 2949
f 2884 2883 2949
f 2884 2949 2950
f 2885 2884 2950
f 2885 2950 2951
f 2886 2885 2951
f 2886 2951 2952
f 2887 2886 2952
f 2887 2952 2953
f 2888 2887 2953
f 2888 2953 2954
f 2889 2888 2954
f 2889 2954 2955
f 2890 2889 2955
f 2890 2955 2956
f 2891 2890 2956
f 2891 2956 2957
f 2892 2891 2957
f 2892 2957 2958
f 2893 2892 2958
f 2893 2958 2959
f 2894 2893 2959
f 2894 2959 2960
f 2895 2894 2960
f 2895 2960 2961
f 2896 2895 2961
f 2896 2961 2962
f 2897 2896 2962
f 2897 2962 2963
f 2898 2897 2963
f 2898 2963 2964
f 2899 2898 2964
f 2899 2964 2965
f 2900 2899 2965
f 2900 2965 2966
f 2901 2900 2966
f 2901 2966 2967
f 2902 2901 2967
f 2902 2967 2968
f 2903 2902 2968
f 2903 2968 2969
f 2904 2903 2969
f 2904 2969 2970
f 2905 2904 2970
f 2905 2970 2971
f 2906 2905 2971
f 2906 2971 2972
f 2907 2906 2972
f 2907 2972 2973
f 2908 2907 2973
f 2908 2973 2974
f 2909 2908 2974
f 2909 2974 2975
f 2910 2909 2975
f 2910 2975 2976
f 2911 2910 2976
f 2911 2976 2977
f 2912 2911 2977
f 2912 2977 2978
f 2913 2912 2978
f 2913 2978 2979
f 2914 2913 2979
f 2914 2979 2980
f 2915 2914 2980
f 2915 2980 2981
f 2916 2915 2981
f 2916 2981 2982
f 2917 2916 2982
f 2917 2982 2983
f 2918 2917 2983
f 2918 2983 2984
f 2919 2918 2984
f 2919 2984 2985
f 2920 2919 2985
f 2920 2985 2986
f 2921 2920 2986
f 2921 2986 2987
f 2922 2921 2987
f 2922 2987 2988
f 2923 2922 2988
f 2923 2988 2989
f 2924 2923 2989
f 2924 2989 2990
f 2925 2924 2990
f 2926 2991 2992
f 2927 2926 2992
f 2927 2992 2993
f 2928 2927 2993
f 2928 2993 2994
f 2929 2928 2994
f 2929 2994 2995
f 2930 2929 2995
f 2930 2995 2996
f 2931 2930 2996
f 2931 2996 2997
f 2932 2931 2997
f 2932 2997 2998
f 2933 2932 2998
f 2933 2998 2999
f 2934 2933 2999
f 2934 2999 3000
f 2935 2934 3000
f 2935 3000 3001
f 2936 2935 3001
f 2936 3001 3002
f 2937 2936 3002
f 2937 3002 3003
f 2938 2937 3003
f 2938 3003 3004
f 2939 2938 3004
f 2939 3004 3005
f 2940 2939 3005
f 2940 3005 3006
f 2941 2940 3006
f 2941 3006 3007
f 2942 2941 3007
f 2942 3007 3008
f 2943 2942 3008
f 2943 3008 3009
f 2944 2943 3009
f 2944 3009 3010
f 2945 2944 3010
f 2945 3010 3011
f 2946 2945 3011
f 2946 3011 3012
f 2947 2946 3012
f 2947 3012 3013
f 2948 2947 3013
f 2948 3013 3014
f 2949 2948 3014
f 2949 3014 3015
f 2950 2949 3015
f 2950 3015 3016
f 2951 2950 3016
f 2951 3016 3017
f 2952 2951 3017
f 2952 3017 3018
f 2953 2952 3018
f 2953 3018 3019
f 2954 2953 3019
f 2954 3019 3020
f 2955 2954 3020
f 2955 3020 3021
f 2956 2955 3021
f 2956 3021 3022
f 2957 2956 3022
f 2957 3022 3023
f 2958 2957 3023
f 2958 3023 3024
f 2959 2958 3024
f 2959 3024 3025
f 2960 2959 3025
f 2960 3025 3026
f 2961 2960 3026
f 2961 3026 3027
f 2962 2961 3027
f 2962 3027 3028
f 2963 2962 3028
f 2963 3028 3029
f 2964 2963 3029
f 2964 3029 3030
f 2965 2964 3030
f 2965 3030 3031
f 2966 2965 3031
f 2966 3031 3032
f 2967 2966 3032
f 2967 3032 3033
f 2968 2967 3033
f 2968 3033 3034
f 2969 2968 3034
f 2969 3034 3035
f 2970 2969 3035
f 2970 3035 3036
f 2971 2970 3036
f 2971 3036 3037
f 2972 2971 3037
f 2972 3037 3038
f 2973 2972 3038
f 2973 3038 3039
f 2974 2973 3039
f 2974 3039 3040
f 2975 2974 3040
f 2975 3040 3041
f 2976 2975 3041
f 2976 3041 3042
f 2977 2976 3042
f 2977 3042 3043
f 2978 2977 3043
f 2978 3043 3044
f 2979 2978 3044
f 2979 3044 3045
f 2980 2979 3045
f 2980 3045 3046
f 2981 2980 3046
f 2981 3046 3047
f 2982 2981 3047
f 2982 3047 3048
f 2983 2982 3048
f 2983 3048 3049
f 2984 2983 3049
f 2984 3049 3050
f 2985 2984 3050
f 2985 3050 3051
f 2986 2985 3051
f 2986 3051 3052
f 2987 2986 3052
f 2987 3052 3053
f 2988 2987 3053
f 2988 3053 3054
f 2989 2988 3054
f 2989 3054 3055
f 2990 2989 3055
f 2991 3056 3057
f 2992 2991 3057
f 2992 3057 3058
f 2993 2992 3058
f 2993 3058 3059
f 2994 2993 3059
f 2994 3059 3060
f 2995 2994 3060
f 2995 3060 3061
f 2996 2995 3061
f 2996 3061 3062
f 2997 2996 3062
f 2997 3062 3063
f 2998 2997 3063
f 2998 3063 3064
f 2999 2998 3064
f 2999 3064 3065
f 3000 2999 3065
f 3000 3065 3066
f 3001 3000 3066
f 3001 3066 3067
f 3002 3001 3067
f 3002 3067 3068
f 3003 3002 3068
f 3003 3068 3069
f 3004 3003 3069
f 3004 3069 3070
f 3005 3004 3070
f 3005 3070 3071
f 3006 3005 3071
f 3006 3071 3072
f 3007 3006 3072
f 3007 3072 3073
f 3008 3007 3073
f 3008 3073 3074
f 3009 3008 3074
f 3009 3074 3075
f 3010 3009 3075
f 3010 3075 3076
f 3011 3010 3076
f 3011 3076 3077
f 3012 3011 3077
f 3012 3077 3078
f 3013 3012 3078
f 3013 3078 3079
f 3014 3013 3079
f 3014 3079 3080
f 3015 3014 3080
f 3015 3080 3081
f 3016 3015 3081
f 3016 3081 3082
f 3017 3016 3082
f 3017 3082 3083
f 3018 3017 3083
f 3018 3083 3084
f 3019 3018 3084
f 3019 3084 3085
f 3020 3019 3085
f 3020 3085 3086
f 3021 3020 3086
f 3021 3086 3087
f 3022 3021 3087
f 3022 3087 3088
f 3023 3022 3088
f 3023 3088 3089
f 3024 3023 3089
f 3024 3089 3090
f 3025 3024 3090
f 3025 3090 3091
f 3026 3025 3091
f 3026 3091 3092
f 3027 3026 3092
f 3027 3092 3093
f 3028 3027 3093
f 3028 3093 3094
f 3029 3028 3094
f 3029 3094 3095
f 3030 3029 3095
f 3030 3095 3096
f 3031 3030 3096
f 3031 3096 3097
f 3032 3031 3097
f 3032 3097 3098
f 3033 3032 3098
f 3033 3098 3099
f 3034 3033 3099
f 3034 3099 3100
f 3035 3034 3100
f 3035 3100 3101
f 3036 3035 3101
f 3036 3101 3102
f 3037 3036 3102
f 3037 3102 3103
f 3038 3037 3103
f 3038 3103 3104
f 3039 3038 3104
f 3039 3104 3105
f 3040 3039 3105
f 3040 3105 3106
f 3041 3040 3106
f 3041 3106 3107
f 3042 3041 3107
f 3042 3107 3108
f 3043 3042 3108
f 3043 3108 3109
f 3044 3043 3109
f 3044 3109 3110
f 3045 3044 3110
f 3045 3110 3111
f 3046 3045 3111
f 3046 3111 3112
f 3047 3046 3112
f 3047 3112 3113
f 3048 3047 3113
f 3048 3113 3114
f 3049 3048 3114
f 3049 3114 3115
f 3050 3049 3115
f 3050 3115 3116
f 3051 3050 3116
f 3051 3116 3117
f 3052 3051 3117
f 3052 3117 3118
f 3053 3052 3118
f 3053 3118 3119
f 3054 3053 3119
f 3054 3119 3120
f 3055 3054 3120
f 3056 3121 3122
f 3057 3056 3122
f 3057 3122 3123
f 3058 3057 3123
f 3058 3123 3124
f 3059 3058 3124
f 3059 3124 3125
f 3060 3059 3125
f 3060 3125 3126
f 3061 3060 3126
f 3061 3126 3127
f 3062 3061 3127
f 3062 3127 3128
f 3063 3062 3128
f 3063 3128 3129
f 3064 3063 3129
f 3064 3129 3130
f 3065 3064 3130
f 3065 3130 3131
f 3066 3065 3131
f 3066 3131 3132
f 3067 3066 3132
f 3067 3132 3133
f 3068 3067 3133
f 3068 3133 3134
f 3069 3068 3134
f 3069 3134 3135
f 3070 3069 3135
f 3070 3135 3136
f 3071 3070 3136
f 3071 3136 3137
f 3072 3071 3137
f 3072 3137 3138
f 3073 3072 3138
f 3073 3138 3139
f 3074 3073 3139
f 3074 3139 3140
f 3075 3074 3140
f 3075 3140 3141
f 3076 3075 3141
f 3076 3141 3142
f 3077 3076 3142
f 3077 3142 3143
f 3078 3077 3143
f 3078 3143 3144
f 3079 3078 3144
f 3079 3144 3145
f 3080 3079 3145
f 3080 3145 3146
f 3081 3080 3146
f 3081 3146 3147
f 3082 3081 3147
f 3082 3147 3148
f 3083 3082 3148
f 3083 3148 3149
f 3084 3083 3149
f 3084 3149 3150
f 3085 3084 3150
f 3085 3150 3151
f 3086 3085 3151
f 3086 3151 3152
f 3087 3086 3152
f 3087 3152 3153
f 3088 3087 3153
f 3088 3153 3154
f 3089 3088 3154
f 3089 3154 3155
f 3090 3089 3155
f 3090 3155 3156
f 3091 3090 3156
f 3091 3156 3157
f 3092 3091 3157
f 3092 3157 3158
f 3093 3092 3158
f 3093 3158 3159
f 3094 3093 3159
f 3094 3159 3160
f 3095 3094 3160
f 3095 3160 3161
f 3096 3095 3161
f 3096 3161 3162
f 3097 3096 3162
f 3097 3162 3163
f 3098 3097 3163
f 3098 3163 3164
f 3099 3098 3164
f 3099 3164 3165
f 3100 3099 3165
f 3100 3165 3166
f 3101 3100 3166
f 3101 3166 3167
f 3102 3101 3167
f 3102 3167 3168
f 3103 3102 3168
f 3103 3168 3169
f 3104 3103 3169
f 3104 3169 3170
f 3105 3104 3170
f 3105 3170 3171
f 3106 3105 3171
f 3106 3171 3172
f 3107 3106 3172
f 3107 3172 3173
f 3108 3107 3173
f 3108 3173 3174
f 3109 3108 3174
f 3109 3174 3175
f 3110 3109 3175
f 3110 3175 3176
f 3111 3110 3176
f 3111 3176 3177
f 3112 3111 3177
f 3112 3177 3178
f 3113 3112 3178
f 3113 3178 3179
f 3114 3113 3179
f 3114 3179 3180
f 3115 3114 3180
f 3115 3180 3181
f 3116 3115 3181
f 3116 3181 3182
f 3117 3116 3182
f 3117 3182 3183
f 3118 3117 3183
f 3118 3183 3184
f 3119 3118 3184
f 3119 3184 3185
f 3120 3119 3185
f 3121 3186 3187
f 3122 3121 3187
f 3122 3187 3188
f 3123 3122 3188
f 3123 3188 3189
f 3124 3123 3189
f 3124 3189 3190
f 3125 3124 3190
f 3125 3190 3191
f 3126 3125 3191
f 3126 3191 3192
f 3127 3126 3192
f 3127 3192 3193
f 3128 3127 3193
f 3128 3193 3194
f 3129 3128 3194
f 3129 3194 3195
f 3130 3129 3195
f 3130 3195 3196
f 3131 3130 3196
f 3131 3196 3197
f 3132 3131 3197
f 3132 3197 3198
f 3133 3132 3198
f 3133 3198 3199
f 3134 3133 3199
f 3134 3199 3200
f 3135 3134 3200
f 3135 3200 3201
f 3136 3135 3201
f 3136 3201 3202
f 3137 3136 3202
f 3137 3202 3203
f 3138 3137 3203
f 3138 3203 3204
f 3139 3138 3204
f 3139 3204 3205
f 3140 3139 3205
f 3140 3205 3206
f 3141 3140 3206
f 3141 3206 3207
f 3142 3141 3207
f 3142 3207 3208
f 3143 3142 3208
f 3143 3208 3209
f 3144 3143 3209
f 3144 3209 3210
f 3145 3144 3210
f 3145 3210 3211
f 3146 3145 3211
f 3146 3211 3212
f 3147 3146 3212
f 3147 3212 3213
f 3148 3147 3213
f 3148 3213 3214
f 3149 3148 3214
f 3149 3214 3215
f 3150 3149 3215
f 3150 3215 3216
f 3151 3150 3216
f 3151 3216 3217
f 3152 3151 3217
f 3152 3217 3218
f 3153 3152 3218
f 3153 3218 3219
f 3154 3153 3219
f 3154 3219 3220
f 3155 3154 3220
f 3155 3220 3221
f 3156 3155 3221
f 3156 3221 3222
f 3157 3156 3222
f 3157 3222 3223
f 3158 3157 3223
f 3158 3223 3224
f 3159 3158 3224
f 3159 3224 3225
f 3160 3159 3225
f 3160 3225 3226
f 3161 3160 3226
f 3161 3226 3227
f 3162 3161 3227
f 3162 3227 3228
f 3163 3162 3228
f 3163 3228 3229
f 3164 3163 3229
f 3164 3229 3230
f 3165 3164 3230
f 3165 3230 3231
f 3166 3165 3231
f 3166 3231 3232
f 3167 3166 3232
f 3167 3232 3233
f 3168 3167 3233
f 3168 3233 3234
f 3169 3168 3234
f 3169 3234 3235
f 3170 3169 3235
f 3170 3235 3236
f 3171 3170 3236
f 3171 3236 3237
f 3172 3171 3237
f 3172 3237 3238
f 3173 3172 3238
f 3173 3238 3239
f 3174 3173 3239
f 3174 3239 3240
f 3175 3174 3240
f 3175 3240 3241
f 3176 3175 3241
f 3176 3241 3242
f 3177 3176 3242
f 3177 3242 3243
f 3178 3177 3243
f 3178 3243 3244
f 3179 3178 3244
f 3179 3244 3245
f 3180 3179 3245
f 3180 3245 3246
f 3181 3180 3246
f 3181 3246 3247
f 3182 3181 3247
f 3182 3247 3248
f 3183 3182 3248
f 3183 3248 3249
f 3184 3183 3249
f 3184 3249 3250
f 3185 3184 3250
f 3186 3251 3252
f 3187 3186 3252
f 3187 3252 3253
f 3188 3187 3253
f 3188 3253 3254
f 3189 3188 3254
f 3189 3254 3255
f 3190 3189 3255
f 3190 3255 3256
f 3191 3190 3256
f 3191 3256 3257
f 3192 3191 3257
f 3192 3257 3258
f 3193 3192 3258
f 3193 3258 3259
f 3194 3193 3259
f 3194 3259 3260
f 3195 3194 3260
f 3195 3260 3261
f 3196 3195 3261
f 3196 3261 3262
f 3197 3196 3262
f 3197 3262 3263
f 3198 3197 3263
f 3198 3263 3264
f 3199 3198 3264
f 3199 3264 3265
f 3200 3199 3265
f 3200 3265 3266
f 3201 3200 3266
f 3201 3266 3267
f 3202 3201 3267
f 3202 3267 3268
f 3203 3202 3268
f 3203 3268 3269
f 3204 3203 3269
f 3204 3269 3270
f 3205 3204 3270
f 3205 3270 3271
f 3206 3205 3271
f 3206 3271 3272
f 3207 3206 3272
f 3207 3272 3273
f 3208 3207 3273
f 3208 3273 3274
f 3209 3208 3274
f 3209 3274 3275
f 3210 3209 3275
f 3210 3275 3276
f 3211 3210 3276
f 3211 3276 3277
f 3212 3211 3277
f 3212 3277 3278
f 3213 3212 3278
f 3213 3278 3279
f 3214 3213 3279
f 3214 3279 3280
f 3215 3214 3280
f 3215 3280 3281
f 3216 3215 3281
f 3216 3281 3282
f 3217 3216 3282
f 3217 3282 3283
f 3218 3217 3283
f 3218 3283 3284
f 3219 3218 3284
f 3219 3284 3285
f 3220 3219 3285
f 3220 3285 3286
f 3221 3220 3286
f 3221 3286 3287
f 3222 3221 3287
f 3222 3287 3288
f 3223 3222 3288
f 3223 3288 3289
f 3224 3223 3289
f 3224 3289 3290
f 3225 3224 3290
f 3225 3290 3291
f 3226 3225 3291
f 3226 3291 3292
f 3227 3226 3292
f 3227 3292 3293
f 3228 3227 3293
f 3228 3293 3294
f 3229 3228 3294
f 3229 3294 3295
f 3230 3229 3295
f 3230 3295 3296
f 3231 3230 3296
f 3231 3296 3297
f 3232 3231 3297
f 3232 3297 3298
f 3233 3232 3298
f 3233 3298 3299
f 3234 3233 3299
f 3234 3299 3300
f 3235 3234 3300
f 3235 3300 3301
f 3236 3235 3301
f 3236 3301 3302
f 3237 3236 3302
f 3237 3302 3303
f 3238 3237 3303
f 3238 3303 3304
f 3239 3238 3304
f 3239 3304 3305
f 3240 3239 3305
f 3240 3305 3306
f 3241 3240 3306
f 3241 3306 3307
f 3242 3241 3307
f 3242 3307 3308
f 3243 3242 3308
f 3243 3308 3309
f 3244 3243 3309
f 3244 3309 3310
f 3245 3244 3310
f 3245 3310 3311
f 3246 3245 3311
f 3246 3311 3312
f 3247 3246 3312
f 3247 3312 3313
f 3248 3247 3313
f 3248 3313 3314
f 3249 3248 3314
f 3249 3314 3315
f 3250 3249 3315
f 3251 3316 3317
f 3252 3251 3317
f 3252 3317 3318
f 3253 3252 3318
f 3253 3318 3319
f 3254 3253 3319
f 3254 3319 3320
f 3255 3254 3320
f 3255 3320 3321
f 3256 3255 3321
f 3256 3321 3322
f 3257 3256 3322
f 3257 3322 3323
f 3258 3257 3323
f 3258 3323 3324
f 3259 3258 3324
f 3259 3324 3325
f 3260 3259 3325
f 3260 3325 3326
f 3261 3260 3326
f 3261 3326 3327
f 3262 3261 3327
f 3262 3327 3328
f 3263 3262 3328
f 3263 3328 3329
f 3264 3263 3329
f 3264 3329 3330
f 3265 3264 3330
f 3265 3330 3331
f 3266 3265 3331
f 3266 3331 3332
f 3267 3266 3332
f 3267 3332 3333
f 3268 3267 3333
f 3268 3333 3334
f 3269 3268 3334
f 3269 3334 3335
f 3270 3269 3335
f 3270 3335 3336
f 3271 3270 3336
f 3271 3336 3337
f 3272 3271 3337
f 3272 3337 3338
f 3273 3272 3338
f 3273 3338 3339
f 3274 3273 3339
f 3274 3339 3340
f 3275 3274 3340
f 3275 3340 3341
f 3276 3275 3341
f 3276 3341 3342
f 3277 3276 3342
f 3277 3342 3343
f 3278 3277 3343
f 3278 3343 3344
f 3279 3278 3344
f 3279 3344 3345
f 3280 3279 3345
f 3280 3345 3346
f 3281 3280 3346
f 3281 3346 3347
f 3282 3281 3347
f 3282 3347 3348
f 3283 3282 3348
f 3283 3348 3349
f 3284 3283 3349
f 3284 3349 3350
f 3285 3284 3350
f 3285 3350 3351
f 3286 3285 3351
f 3286 3351 3352
f 3287 3286 3352
f 3287 3352 3353
f 3288 3287 3353
f 3288 3353 3354
f 3289 3288 3354
f 3289 3354 3355
f 3290 3289 3355
f 3290 3355 3356
f 3291 3290 3356
f 3291 3356 3357
f 3292 3291 3357
f 3292 3357 3358
f 3293 3292 3358
f 3293 3358 3359
f 3294 3293 3359
f 3294 3359 3360
f 3295 3294 3360
f 3295 3360 3361
f 3296 3295 3361
f 3296 3361 3362
f 3297 3296 3362
f 3297 3362 3363
f 3298 3297 3363
f 3298 3363 3364
f 3299 3298 3364
f 3299 3364 3365
f 3300 3299 3365
f 3300 3365 3366
f 3301 3300 3366
f 3301 3366 3367
f 3302 3301 3367
f 3302 3367 3368
f 3303 3302 3368
f 3303 3368 3369
f 3304 3303 3369
f 3304 3369 3370
f 3305 3304 3370
f 3305 3370 3371
f 3306 3305 3371
f 3306 3371 3372
f 3307 3306 3372
f 3307 3372 3373
f 3308 3307 3373
f 3308 3373 3374
f 3309 3308 3374
f 3309 3374 3375
f 3310 3309 3375
f 3310 3375 3376
f 3311 3310 3376
f 3311 3376 3377
f 3312 3311 3377
f 3312 3377 3378
f 3313 3312 3378
f 3313 3378 3379
f 3314 3313 3379
f 3314 3379 3380
f 3315 3314 3380
f 3316 3381 3382
f 3317 3316 3382
f 3317 3382 3383
f 3318 3317 3383
f 3318 3383 3384
f 3319 3318 3384
f 3319 3384 3385
f 3320 3319 3385
f 3320 3385 3386
f 3321 3320 3386
f 3321 3386 3387
f 3322 3321 3387
f 3322 3387 3388
f 3323 3322 3388
f 3323 3388 3389
f 3324 3323 3389
f 3324 3389 3390
f 3325 3324 3390
f 3325 3390 3391
f 3326 3325 3391
f 3326 3391 3392
f 3327 3326 3392
f 3327 3392 3393
f 3328 3327 3393
f 3328 3393 3394
f 3329 3328 3394
f 3329 3394 3395
f 3330 3329 3395
f 3330 3395 3396
f 3331 3330 3396
f 3331 3396 3397
f 3332 3331 3397
f 3332 3397 3398
f 3333 3332 3398
f 3333 3398 3399
f 3334 3333 3399
f 3334 3399 3400
f 3335 3334 3400
f 3335 3400 3401
f 3336 3335 3401
f 3336 3401 3402
f 3337 3336 3402
f 3337 3402 3403
f 3338 3337 3403
f 3338 3403 3404
f 3339 3338 3404
f 3339 3404 3405
f 3340 3339 3405
f 3340 3405 3406
f 3341 3340 3406
f 3341 3406 3407
f 3342 3341 3407
f 3342 3407 3408
f 3343 3342 3408
f 3343 3408 3409
f 3344 3343 3409
f 3344 3409 3410
f 3345 3344 3410
f 3345 3410 3411
f 3346 3345 3411
f 3346 3411 3412
f 3347 3346 3412
f 3347 3412 3413
f 3348 3347 3413
f 3348 3413 3414
f 3349 3348 3414
f 3349 3414 3415
f 3350 3349 3415
f 3350 3415 3416
f 3351 3350 3416
f 3351 3416 3417
f 3352 3351 3417
f 3352 3417 3418
f 3353 3352 3418
f 3353 3418 3419
f 3354 3353 3419
f 3354 3419 3420
f 3355 3354 3420
f 3355 3420 3421
f 3356 3355 3421
f 3356 3421 3422
f 3357 3356 3422
f 3357 3422 3423
f 3358 3357 3423
f 3358 3423 3424
f 3359 3358 3424
f 3359 3424 3425
f 3360 3359 3425
f 3360 3425 3426
f 3361 3360 3426
f 3361 3426 3427
f 3362 3361 3427
f 3362 3427 3428
f 3363 3362 3428
f 3363 3428 3429
f 3364 3363 3429
f 3364 3429 3430
f 3365 3364 3430
f 3365 3430 3431
f 3366 3365 3431
f 3366 3431 3432
f 3367 3366 3432
f 3367 3432 3433
f 3368 3367 3433
f 3368 3433 3434
f 3369 3368 3434
f 3369 3434 3435
f 3370 3369 3435
f 3370 3435 3436
f 3371 3370 3436
f 3371 3436 3437
f 3372 3371 3437
f 3372 3437 3438
f 3373 3372 3438
f 3373 3438 3439
f 3374 3373 3439
f 3374 3439 3440
f 3375 3374 3440
f 3375 3440 3441
f 3376 3375 3441
f 3376 3441 3442
f 3377 3376 3442
f 3377 3442 3443
f 3378 3377 3443
f 3378 3443 3444
f 3379 3378 3444
f 3379 3444 3445
f 3380 3379 3445
f 3381 3446 3447
f 3382 3381 3447
f 3382 3447 3448
f 3383 3382 3448
f 3383 3448 3449
f 3384 3383 3449
f 3384 3449 3450
f 3385 3384 3450
f 3385 3450 3451
f 3386 3385 3451
f 3386 3451 3452
f 3387 3386 3452
f 3387 3452 3453
f 3388 3387 3453
f 3388 3453 3454
f 3389 3388 3454
f 3389 3454 3455
f 3390 3389 3455
f 3390 3455 3456
f 3391 3390 3456
f 3391 3456 3457
f 3392 3391 3457
f 3392 3457 3458
f 3393 3392 3458
f 3393 3458 3459
f 3394 3393 3459
f 3394 3459 3460
f 3395 3394 3460
f 3395 3460 3461
f 3396 3395 3461
f 3396 3461 3462
f 3397 3396 3462
f 3397 3462 3463
f 3398 3397 3463
f 3398 3463 3464
f 3399 3398 3464
f 3399 3464 3465
f 3400 3399 3465
f 3400 3465 3466
f 3401 3400 3466
f 3401 3466 3467
f 3402 3401 3467
f 3402 3467 3468
f 3403 3402 3468
f 3403 3468 3469
f 3404 3403 3469
f 3404 3469 3470
f 3405 3404 3470
f 3405 3470 3471
f 3406 3405 3471
f 3406 3471 3472
f 3407 3406 3472
f 3407 3472 3473
f 3408 3407 3473
f 3408 3473 3474
f 3409 3408 3474
f 3409 3474 3475
f 3410 3409 3475
f 3410 3475 3476
f 3411 3410 3476
f 3411 3476 3477
f 3412 3411 3477
f 3412 3477 3478
f 3413 3412 3478
f 3413 3478 3479
f 3414 3413 3479
f 3414 3479 3480
f 3415 3414 3480
f 3415 3480 3481
f 3416 3415 3481
f 3416 3481 3482
f 3417 3416 3482
f 3417 3482 3483
f 3418 3417 3483
f 3418 3483 3484
f 3419 3418 3484
f 3419 3484 3485
f 3420 3419 3485
f 3420 3485 3486
f 3421 3420 3486
f 3421 3486 3487
f 3422 3421 3487
f 3422 3487 3488
f 3423 3422 3488
f 3423 3488 3489
f 3424 3423 3489
f 3424 3489 3490
f 3425 3424 3490
f 3425 3490 3491
f 3426 3425 3491
f 3426 3491 3492
f 3427 3426 3492
f 3427 3492 3493
f 3428 3427 3493
f 3428 3493 3494
f 3429 3428 3494
f 3429 3494 3495
f 3430 3429 3495
f 3430 3495 3496
f 3431 3430 3496
f 3431 3496 3497
f 3432 3431 3497
f 3432 3497 3498
f 3433 3432 3498
f 3433 3498 3499
f 3434 3433 3499
f 3434 3499 3500
f 3435 3434 3500
f 3435 3500 3501
f 3436 3435 3501
f 3436 3501 3502
f 3437 3436 3502
f 3437 3502 3503
f 3438 3437 3503
f 3438 3503 3504
f 3439 3438 3504
f 3439 3504 3505
f 3440 3439 3505
f 3440 3505 3506
f 3441 3440 3506
f 3441 3506 3507
f 3442 3441 3507
f 3442 3507 3508
f 3443 3442 3508
f 3443 3508 3509
f 3444 3443 3509
f 3444 3509 3510
f 3445 3444 3510
f 3446 3511 3512
f 3447 3446 3512
f 3447 3512 3513
f 3448 3447 3513
f 3448 3513 3514
f 3449 3448 3514
f 3449 3514 3515
f 3450 3449 3515
f 3450 3515 3516
f 3451 3450 3516
f 3451 3516 3517
f 3452 3451 3517
f 3452 3517 3518
f 3453 3452 3518
f 3453 3518 3519
f 3454 3453 3519
f 3454 3519 3520
f 3455 3454 3520
f 3455 3520 3521
f 3456 3455 3521
f 3456 3521 3522
f 3457 3456 3522
f 3457 3522 3523
f 3458 3457 3523
f 3458 3523 3524
f 3459 3458 3524
f 3459 3524 3525
f 3460 3459 3525
f 3460 3525 3526
f 3461 3460 3526
f 3461 3526 3527
f 3462 3461 3527
f 3462 3527 3528
f 3463 3462 3528
f 3463 3528 3529
f 3464 3463 3529
f 3464 3529 3530
f 3465 3464 3530
f 3465 3530 3531
f 3466 3465 3531
f 3466 3531 3532
f 3467 3466 3532
f 3467 3532 3533
f 3468 3467 3533
f 3468 3533 3534
f 3469 3468 3534
f 3469 3534 3535
f 3470 3469 3535
f 3470 3535 3536
f 3471 3470 3536
f 3471 3536 3537
f 3472 3471 3537
f 3472 3537 3538
f 3473 3472 3538
f 3473 3538 3539
f 3474 3473 3539
f 3474 3539 3540
f 3475 3474 3540
f 3475 3540 3541
f 3476 3475 3541
f 3476 3541 3542
f 3477 3476 3542
f 3477 3542 3543
f 3478 3477 3543
f 3478 3543 3544
f 3479 3478 3544
f 3479 3544 3545
f 3480 3479 3545
f 3480 3545 3546
f 3481 3480 3546
f 3481 3546 3547
f 3482 3481 3547
f 3482 3547 3548
f 3483 3482 3548
f 3483 3548 3549
f 3484 3483 3549
f 3484 3549 3550
f 3485 3484 3550
f 3485 3550 3551
f 3486 3485 3551
f 3486 3551 3552
f 3487 3486 3552
f 3487 3552 3553
f 3488 3487 3553
f 3488 3553 3554
f 3489 3488 3554
f 3489 3554 3555
f 3490 3489 3555
f 3490 3555 3556
f 3491 3490 3556
f 3491 3556 3557
f 3492 3491 3557
f 3492 3557 3558
f 3493 3492 3558
f 3493 3558 3559
f 3494 3493 3559
f 3494 3559 3560
f 3495 3494 3560
f 3495 3560 3561
f 3496 3495 3561
f 3496 3561 3562
f 3497 3496 3562
f 3497 3562 3563
f 3498 3497 3563
f 3498 3563 3564
f 3499 3498 3564
f 3499 3564 3565
f 3500 3499 3565
f 3500 3565 3566
f 3501 3500 3566
f 3501 3566 3567
f 3502 3501 3567
f 3502 3567 3568
f 3503 3502 3568
f 3503 3568 3569
f 3504 3503 3569
f 3504 3569 3570
f 3505 3504 3570
f 3505 3570 3571
f 3506 3505 3571
f 3506 3571 3572
f 3507 3506 3572
f 3507 3572 3573
f 3508 3507 3573
f 3508 3573 3574
f 3509 3508 3574
f 3509 3574 3575
f 3510 3509 3575
f 3511 3576 3577
f 3512 3511 3577
f 3512 3577 3578
f 3513 3512 3578
f 3513 3578 3579
f 3514 3513 3579
f 3514 3579 3580
f 3515 3514 3580
f 3515 3580 3581
f 3516 3515 3581
f 3516 3581 3582
f 3517 3516 3582
f 3517 3582 3583
f 3518 3517 3583
f 3518 3583 3584
f 3519 3518 3584
f 3519 3584 3585
f 3520 3519 3585
f 3520 3585 3586
f 3521 3520 3586
f 3521 3586 3587
f 3522 3521 3587
f 3522 3587 3588
f 3523 3522 3588
f 3523 3588 3589
f 3524 3523 3589
f 3524 3589 3590
f 3525 3524 3590
f 3525 3590 3591
f 3526 3525 3591
f 3526 3591 3592
f 3527 3526 3592
f 3527 3592 3593
f 3528 3527 3593
f 3528 3593 3594
f 3529 3528 3594
f 3529 3594 3595
f 3530 3529 3595
f 3530 3595 3596
f 3531 3530 3596
f 3531 3596 3597
f 3532 3531 3597
f 3532 3597 3598
f 3533 3532 3598
f 3533 3598 3599
f 3534 3533 3599
f 3534 3599 3600
f 3535 3534 3600
f 3535 3600 3601
f 3536 3535 3601
f 3536 3601 3602
f 3537 3536 3602
f 3537 3602 3603
f 3538 3537 3603
f 3538 3603 3604
f 3539 3538 3604
f 3539 3604 3605
f 3540 3539 3605
f 3540 3605 3606
f 3541 3540 3606
f 3541 3606 3607
f 3542 3541 3607
f 3542 3607 3608
f 3543 3542 3608
f 3543 3608 3609
f 3544 3543 3609
f 3544 3609 3610
f 3545 3544 3610
f 3545 3610 3611
f 3546 3545 3611
f 3546 3611 3612
f 3547 3546 3612
f 3547 3612 3613
f 3548 3547 3613
f 3548 3613 3614
f 3549 3548 3614
f 3549 3614 3615
f 3550 3549 3615
f 3550 3615 3616
f 3551 3550 3616
f 3551 3616 3617
f 3552 3551 3617
f 3552 3617 3618
f 3553 3552 3618
f 3553 3618 3619
f 3554 3553 3619
f 3554 3619 3620
f 3555 3554 3620
f 3555 3620 3621
f 3556 3555 3621
f 3556 3621 3622
f 3557 3556 3622
f 3557 3622 3623
f 3558 3557 3623
f 3558 3623 3624
f 3559 3558 3624
f 3559 3624 3625
f 3560 3559 3625
f 3560 3625 3626
f 3561 3560 3626
f 3561 3626 3627
f 3562 3561 3627
f 3562 3627 3628
f 3563 3562 3628
f 3563 3628 3629
f 3564 3563 3629
f 3564 3629 3630
f 3565 3564 3630
f 3565 3630 3631
f 3566 3565 3631
f 3566 3631 3632
f 3567 3566 3632
f 3567 3632 3633
f 3568 3567 3633
f 3568 3633 3634
f 3569 3568 3634
f 3569 3634 3635
f 3570 3569 3635
f 3570 3635 3636
f 3571 3570 3636
f 3571 3636 3637
f 3572 3571 3637
f 3572 3637 3638
f 3573 3572 3638
f 3573 3638 3639
f 3574 3573 3639
f 3574 3639 3640
f 3575 3574 3640
f 3576 3641 3642
f 3577 3576 3642
f 3577 3642 3643
f 3578 3577 3643
f 3578 3643 3644
f 3579 3578 3644
f 3579 3644 3645
f 3580 3579 3645
f 3580 3645 3646
f 3581 3580 3646
f 3581 3646 3647
f 3582 3581 3647
f 3582 3647 3648
f 3583 3582 3648
f 3583 3648 3649
f 3584 3583 3649
f 3584 3649 3650
f 3585 3584 3650
f 3585 3650 3651
f 3586 3585 3651
f 3586 3651 3652
f 3587 3586 3652
f 3587 3652 3653
f 3588 3587 3653
f 3588 3653 3654
f 3589 3588 3654
f 3589 3654 3655
f 3590 3589 3655
f 3590 3655 3656
f 3591 3590 3656
f 3591 3656 3657
f 3592 3591 3657
f 3592 3657 3658
f 3593 3592 3658
f 3593 3658 3659
f 3594 3593 3659
f 3594 3659 3660
f 3595 3594 3660
f 3595 3660 3661
f 3596 3595 3661
f 3596 3661 3662
f 3597 3596 3662
f 3597 3662 3663
f 3598 3597 3663
f 3598 3663 3664
f 3599 3598 3664
f 3599 3664 3665
f 3600 3599 3665
f 3600 3665 3666
f 3601 3600 3666
f 3601 3666 3667
f 3602 3601 3667
f 3602 3667 3668
f 3603 3602 3668
f 3603 3668 3669
f 3604 3603 3669
f 3604 3669 3670
f 3605 3604 3670
f 3605 3670 3671
f 3606 3605 3671
f 3606 3671 3672
f 3607 3606 3672
f 3607 3672 3673
f 3608 3607 3673
f 3608 3673 3674
f 3609 3608 3674
f 3609 3674 3675
f 3610 3609 3675
f 3610 3675 3676
f 3611 3610 3676
f 3611 3676 3677
f 3612 3611 3677
f 3612 3677 3678
f 3613 3612 3678
f 3613 3678 3679
f 3614 3613 3679
f 3614 3679 3680
f 3615 3614 3680
f 3615 3680 3681
f 3616 3615 3681
f 3616 3681 3682
f 3617 3616 3682
f 3617 3682 3683
f 3618 3617 3683
f 3618 3683 3684
f 3619 3618 3684
f 3619 3684 3685
f 3620 3619 3685
f 3620 3685 3686
f 3621 3620 3686
f 3621 3686 3687
f 3622 3621 3687
f 3622 3687 3688
f 3623 3622 3688
f 3623 3688 3689
f 3624 3623 3689
f 3624 3689 3690
f 3625 3624 3690
f 3625 3690 3691
f 3626 3625 3691
f 3626 3691 3692
f 3627 3626 3692
f 3627 3692 3693
f 3628 3627 3693
f 3628 3693 3694
f 3629 3628 3694
f 3629 3694 3695
f 3630 3629 3695
f 3630 3695 3696
f 3631 3630 3696
f 3631 3696 3697
f 3632 3631 3697
f 3632 3697 3698
f 3633 3632 3698
f 3633 3698 3699
f 3634 3633 3699
f 3634 3699 3700
f 3635 3634 3700
f 3635 3700 3701
f 3636 3635 3701
f 3636 3701 3702
f 3637 3636 3702
f 3637 3702 3703
f 3638 3637 3703
f 3638 3703 3704
f 3639 3638 3704
f 3639 3704 3705
f 3640 3639 3705
f 3641 3706 3707
f 3642 3641 3707
f 3642 3707 3708
f 3643 3642 3708
f 3643 3708 3709
f 3644 3643 3709
f 3644 3709 3710
f 3645 3644 3710
f 3645 3710 3711
f 3646 3645 3711
f 3646 3711 3712
f 3647 3646 3712
f 3647 3712 3713
f 3648 3647 3713
f 3648 3713 3714
f 3649 3648 3714
f 3649 3714 3715
f 3650 3649 3715
f 3650 3715 3716
f 3651 3650 3716
f 3651 3716 3717
f 3652 3651 3717
f 3652 3717 3718
f 3653 3652 3718
f 3653 3718 3719
f 3654 3653 3719
f 3654 3719 3720
f 3655 3654 3720
f 3655 3720 3721
f 3656 3655 3721
f 3656 3721 3722
f 3657 3656 3722
f 3657 3722 3723
f 3658 3657 3723
f 3658 3723 3724
f 3659 3658 3724
f 3659 3724 3725
f 3660 3659 3725
f 3660 3725 3726
f 3661 3660 3726
f 3661 3726 3727
f 3662 3661 3727
f 3662 3727 3728
f 3663 3662 3728
f 3663 3728 3729
f 3664 3663 3729
f 3664 3729 3730
f 3665 3664 3730
f 3665 3730 3731
f 3666 3665 3731
f 3666 3731 3732
f 3667 3666 3732
f 3667 3732 3733
f 3668 3667 3733
f 3668 3733 3734
f 3669 3668 3734
f 3669 3734 3735
f 3670 3669 3735
f 3670 3735 3736
f 3671 3670 3736
f 3671 3736 3737
f 3672 3671 3737
f 3672 3737 3738
f 3673 3672 3738
f 3673 3738 3739
f 3674 3673 3739
f 3674 3739 3740
f 3675 3674 3740
f 3675 3740 3741
f 3676 3675 3741
f 3676 3741 3742
f 3677 3676 3742
f 3677 3742 3743
f 3678 3677 3743
f 3678 3743 3744
f 3679 3678 3744
f 3679 3744 3745
f 3680 3679 3745
f 3680 3745 3746
f 3681 3680 3746
f 3681 3746 3747
f 3682 3681 3747
f 3682 3747 3748
f 3683 3682 3748
f 3683 3748 3749
f 3684 3683 3749
f 3684 3749 3750
f 3685 3684 3750
f 3685 3750 3751
f 3686 3685 3751
f 3686 3751 3752
f 3687 3686 3752
f 3687 3752 3753
f 3688 3687 3753
f 3688 3753 3754
f 3689 3688 3754
f 3689 3754 3755
f 3690 3689 3755
f 3690 3755 3756
f 3691 3690 3756
f 3691 3756 3757
f 3692 3691 3757
f 3692 3757 3758
f 3693 3692 3758
f 3693 3758 3759
f 3694 3693 3759
f 3694 3759 3760
f 3695 3694 3760
f 3695 3760 3761
f 3696 3695 3761
f 3696 3761 3762
f 3697 3696 3762
f 3697 3762 3763
f 3698 3697 3763
f 3698 3763 3764
f 3699 3698 3764
f 3699 3764 3765
f 3700 3699 3765
f 3700 3765 3766
f 3701 3700 3766
f 3701 3766 3767
f 3702 3701 3767
f 3702 3767 3768
f 3703 3702 3768
f 3703 3768 3769
f 3704 3703 3769
f 3704 3769 3770
f 3705 3704 3770
f 3706 3771 3772
f 3707 3706 3772
f 3707 3772 3773
f 3708 3707 3773
f 3708 3773 3774
f 3709 3708 3774
f 3709 3774 3775
f 3710 3709 3775
f 3710 3775 3776
f 3711 3710 3776
f 3711 3776 3777
f 3712 3711 3777
f 3712 3777 3778
f 3713 3712 3778
f 3713 3778 3779
f 3714 3713 3779
f 3714 3779 3780
f 3715 3714 3780
f 3715 3780 3781
f 3716 3715 3781
f 3716 3781 3782
f 3717 3716 3782
f 3717 3782 3783
f 3718 3717 3783
f 3718 3783 3784
f 3719 3718 3784
f 3719 3784 3785
f 3720 3719 3785
f 3720 3785 3786
f 3721 3720 3786
f 3721 3786 3787
f 3722 3721 3787
f 3722 3787 3788
f 3723 3722 3788
f 3723 3788 3789
f 3724 3723 3789
f 3724 3789 3790
f 3725 3724 3790
f 3725 3790 3791
f 3726 3725 3791
f 3726 3791 3792
f 3727 3726 3792
f 3727 3792 3793
f 3728 3727 3793
f 3728 3793 3794
f 3729 3728 3794
f 3729 3794 3795
f 3730 3729 3795
f 3730 3795 3796
f 3731 3730 3796
f 3731 3796 3797
f 3732 3731 3797
f 3732 3797 3798
f 3733 3732 3798
f 3733 3798 3799
f 3734 3733 3799
f 3734 3799 3800
f 3735 3734 3800
f 3735 3800 3801
f 3736 3735 3801
f 3736 3801 3802
f 3737 3736 3802
f 3737 3802 3803
f 3738 3737 3803
f 3738 3803 3804
f 3739 3738 3804
f 3739 3804 3805
f 3740 3739 3805
f 3740 3805 3806
f 3741 3740 3806
f 3741 3806 3807
f 3742 3741 3807
f 3742 3807 3808
f 3743 3742 3808
f 3743 3808 3809
f 3744 3743 3809
f 3744 3809 3810
f 3745 3744 3810
f 3745 3810 3811
f 3746 3745 3811
f 3746 3811 3812
f 3747 3746 3812
f 3747 3812 3813
f 3748 3747 3813
f 3748 3813 3814
f 3749 3748 3814
f 3749 3814 3815
f 3750 3749 3815
f 3750 3815 3816
f 3751 3750 3816
f 3751 3816 3817
f 3752 3751 3817
f 3752 3817 3818
f 3753 3752 3818
f 3753 3818 3819
f 3754 3753 3819
f 3754 3819 3820
f 3755 3754 3820
f 3755 3820 3821
f 3756 3755 3821
f 3756 3821 3822
f 3757 3756 3822
f 3757 3822 3823
f 3758 3757 3823
f 3758 3823 3824
f 3759 3758 3824
f 3759 3824 3825
f 3760 3759 3825
f 3760 3825 3826
f 3761 3760 3826
f 3761 3826 3827
f 3762 3761 3827
f 3762 3827 3828
f 3763 3762 3828
f 3763 3828 3829
f 3764 3763 3829
f 3764 3829 3830
f 3765 3764 3830
f 3765 3830 3831
f 3766 3765 3831
f 3766 3831 3832
f 3767 3766 3832
f 3767 3832 3833
f 3768 3767 3833
f 3768 3833 3834
f 3769 3768 3834
f 3769 3834 3835
f 3770 3769 3835
f 3771 3836 3837
f 3772 3771 3837
f 3772 3837 3838
f 3773 3772 3838
f 3773 3838 3839
f 3774 3773 3839
f 3774 3839 3840
f 3775 3774 3840
f 3775 3840 3841
f 3776 3775 3841
f 3776 3841 3842
f 3777 3776 3842
f 3777 3842 3843
f 3778 3777 3843
f 3778 3843 3844
f 3779 3778 3844
f 3779 3844 3845
f 3780 3779 3845
f 3780 3845 3846
f 3781 3780 3846
f 3781 3846 3847
f 3782 3781 3847
f 3782 3847 3848
f 3783 3782 3848
f 3783 3848 3849
f 3784 3783 3849
f 3784 3849 3850
f 3785 3784 3850
f 3785 3850 3851
f 3786 3785 3851
f 3786 3851 3852
f 3787 3786 3852
f 3787 3852 3853
f 3788 3787 3853
f 3788 3853 3854
f 3789 3788 3854
f 3789 3854 3855
f 3790 3789 3855
f 3790 3855 3856
f 3791 3790 3856
f 3791 3856 3857
f 3792 3791 3857
f 3792 3857 3858
f 3793 3792 3858
f 3793 3858 3859
f 3794 3793 3859
f 3794 3859 3860
f 3795 3794 3860
f 3795 3860 3861
f 3796 3795 3861
f 3796 3861 3862
f 3797 3796 3862
f 3797 3862 3863
f 3798 3797 3863
f 3798 3863 3864
f 3799 3798 3864
f 3799 3864 3865
f 3800 3799 3865
f 3800 3865 3866
f 3801 3800 3866
f 3801 3866 3867
f 3802 3801 3867
f 3802 3867 3868
f 3803 3802 3868
f 3803 3868 3869
f 3804 3803 3869
f 3804 3869 3870
f 3805 3804 3870
f 3805 3870 3871
f 3806 3805 3871
f 3806 3871 3872
f 3807 3806 3872
f 3807 3872 3873
f 3808 3807 3873
f 3808 3873 3874
f 3809 3808 3874
f 3809 3874 3875
f 3810 3809 3875
f 3810 3875 3876
f 3811 3810 3876
f 3811 3876 3877
f 3812 3811 3877
f 3812 3877 3878
f 3813 3812 3878
f 3813 3878 3879
f 3814 3813 3879
f 3814 3879 3880
f 3815 3814 3880
f 3815 3880 3881
f 3816 3815 3881
f 3816 3881 3882
f 3817 3816 3882
f 3817 3882 3883
f 3818 3817 3883
f 3818 3883 3884
f 3819 3818 3884
f 3819 3884 3885
f 3820 3819 3885
f 3820 3885 3886
f 3821 3820 3886
f 3821 3886 3887
f 3822 3821 3887
f 3822 3887 3888
f 3823 3822 3888
f 3823 3888 3889
f 3824 3823 3889
f 3824 3889 3890
f 3825 3824 3890
f 3825 3890 3891
f 3826 3825 3891
f 3826 3891 3892
f 3827 3826 3892
f 3827 3892 3893
f 3828 3827 3893
f 3828 3893 3894
f 3829 3828 3894
f 3829 3894 3895
f 3830 3829 3895
f 3830 3895 3896
f 3831 3830 3896
f 3831 3896 3897
f 3832 3831 3897
f 3832 3897 3898
f 3833 3832 3898
f 3833 3898 3899
f 3834 3833 3899
f 3834 3899 3900
f 3835 3834 3900
f 3836 3901 3902
f 3837 3836 3902
f 3837 3902 3903
f 3838 3837 3903
f 3838 3903 3904
f 3839 3838 3904
f 3839 3904 3905
f 3840 3839 3905
f 3840 3905 3906
f 3841 3840 3906
f 3841 3906 3907
f 3842 3841 3907
f 3842 3907 3908
f 3843 3842 3908
f 3843 3908 3909
f 3844 3843 3909
f 3844 3909 3910
f 3845 3844 3910
f 3845 3910 3911
f 3846 3845 3911
f 3846 3911 3912
f 3847 3846 3912
f 3847 3912 3913
f 3848 3847 3913
f 3848 3913 3914
f 3849 3848 3914
f 3849 3914 3915
f 3850 3849 3915
f 3850 3915 3916
f 3851 3850 3916
f 3851 3916 3917
f 3852 3851 3917
f 3852 3917 3918
f 3853 3852 3918
f 3853 3918 3919
f 3854 3853 3919
f 3854 3919 3920
f 3855 3854 3920
f 3855 3920 3921
f 3856 3855 3921
f 3856 3921 3922
f 3857 3856 3922
f 3857 3922 3923
f 3858 3857 3923
f 3858 3923 3924
f 3859 3858 3924
f 3859 3924 3925
f 3860 3859 3925
f 3860 3925 3926
f 3861 3860 3926
f 3861 3926 3927
f 3862 3861 3927
f 3862 3927 3928
f 3863 3862 3928
f 3863 3928 3929
f 3864 3863 3929
f 3864 3929 3930
f 3865 3864 3930
f 3865 3930 3931
f 3866 3865 3931
f 3866 3931 3932
f 3867 3866 3932
f 3867 3932 3933
f 3868 3867 3933
f 3868 3933 3934
f 3869 3868 3934
f 3869 3934 3935
f 3870 3869 3935
f 3870 3935 3936
f 3871 3870 3936
f 3871 3936 3937
f 3872 3871 3937
f 3872 3937 3938
f 3873 3872 3938
f 3873 3938 3939
f 3874 3873 3939
f 3874 3939 3940
f 3875 3874 3940
f 3875 3940 3941
f 3876 3875 3941
f 3876 3941 3942
f 3877 3876 3942
f 3877 3942 3943
f 3878 3877 3943
f 3878 3943 3944
f 3879 3878 3944
f 3879 3944 3945
f 3880 3879 3945
f 3880 3945 3946
f 3881 3880 3946
f 3881 3946 3947
f 3882 3881 3947
f 3882 3947 3948
f 3883 3882 3948
f 3883 3948 3949
f 3884 3883 3949
f 3884 3949 3950
f 3885 3884 3950
f 3885 3950 3951
f 3886 3885 3951
f 3886 3951 3952
f 3887 3886 3952
f 3887 3952 3953
f 3888 3887 3953
f 3888 3953 3954
f 3889 3888 3954
f 3889 3954 3955
f 3890 3889 3955
f 3890 3955 3956
f 3891 3890 3956
f 3891 3956 3957
f 3892 3891 3957
f 3892 3957 3958
f 3893 3892 3958
f 3893 3958 3959
f 3894 3893 3959
f 3894 3959 3960
f 3895 3894 3960
f 3895 3960 3961
f 3896 3895 3961
f 3896 3961 3962
f 3897 3896 3962
f 3897 3962 3963
f 3898 3897 3963
f 3898 3963 3964
f 3899 3898 3964
f 3899 3964 3965
f 3900 3899 3965
f 3901 3966 3967
f 3902 3901 3967
f 3902 3967 3968
f 3903 3902 3968
f 3903 3968 3969
f 3904 3903 3969
f 3904 3969 3970
f 3905 3904 3970
f 3905 3970 3971
f 3906 3905 3971
f 3906 3971 3972
f 3907 3906 3972
f 3907 3972 3973
f 3908 3907 3973
f 3908 3973 3974
f 3909 3908 3974
f 3909 3974 3975
f 3910 3909 3975
f 3910 3975 3976
f 3911 3910 3976
f 3911 3976 3977
f 3912 3911 3977
f 3912 3977 3978
f 3913 3912 3978
f 3913 3978 3979
f 3914 3913 3979
f 3914 3979 3980
f 3915 3914 3980
f 3915 3980 3981
f 3916 3915 3981
f 3916 3981 3982
f 3917 3916 3982
f 3917 3982 3983
f 3918 3917 3983
f 3918 3983 3984
f 3919 3918 3984
f 3919 3984 3985
f 3920 3919 3985
f 3920 3985 3986
f 3921 3920 3986
f 3921 3986 3987
f 3922 3921 3987
f 3922 3987 3988
f 3923 3922 3988
f 3923 3988 3989
f 3924 3923 3989
f 3924 3989 3990
f 3925 3924 3990
f 3925 3990 3991
f 3926 3925 3991
f 3926 3991 3992
f 3927 3926 3992
f 3927 3992 3993
f 3928 3927 3993
f 3928 3993 3994
f 3929 3928 3994
f 3929 3994 3995
f 3930 3929 3995
f 3930 3995 3996
f 3931 3930 3996
f 3931 3996 3997
f 3932 3931 3997
f 3932 3997 3998
f 3933 3932 3998
f 3933 3998 3999
f 3934 3933 3999
f 3934 3999 4000
f 3935 3934 4000
f 3935 4000 4001
f 3936 3935 4001
f 3936 4001 4002
f 3937 3936 4002
f 3937 4002 4003
f 3938 3937 4003
f 3938 4003 4004
f 3939 3938 4004
f 3939 4004 4005
f 3940 3939 4005
f 3940 4005 4006
f 3941 3940 4006
f 3941 4006 4007
f 3942 3941 4007
f 3942 4007 4008
f 3943 3942 4008
f 3943 4008 4009
f 3944 3943 4009
f 3944 4009 4010
f 3945 3944 4010
f 3945 4010 4011
f 3946 3945 4011
f 3946 4011 4012
f 3947 3946 4012
f 3947 4012 4013
f 3948 3947 4013
f 3948 4013 4014
f 3949 3948 4014
f 3949 4014 4015
f 3950 3949 4015
f 3950 4015 4016
f 3951 3950 4016
f 3951 4016 4017
f 3952 3951 4017
f 3952 4017 4018
f 3953 3952 4018
f 3953 4018 4019
f 3954 3953 4019
f 3954 4019 4020
f 3955 3954 4020
f 3955 4020 4021
f 3956 3955 4021
f 3956 4021 4022
f 3957 3956 4022
f 3957 4022 4023
f 3958 3957 4023
f 3958 4023 4024
f 3959 3958 4024
f 3959 4024 4025
f 3960 3959 4025
f 3960 4025 4026
f 3961 3960 4026
f 3961 4026 4027
f 3962 3961 4027
f 3962 4027 4028
f 3963 3962 4028
f 3963 4028 4029
f 3964 3963 4029
f 3964 4029 4030
f 3965 3964 4030
f 3966 4031 4032
f 3967 3966 4032
f 3967 4032 4033
f 3968 3967 4033
f 3968 4033 4034
f 3969 3968 4034
f 3969 4034 4035
f 3970 3969 4035
f 3970 4035 4036
f 3971 3970 4036
f 3971 4036 4037
f 3972 3971 4037
f 3972 4037 4038
f 3973 3972 4038
f 3973 4038 4039
f 3974 3973 4039
f 3974 4039 4040
f 3975 3974 4040
f 3975 4040 4041
f 3976 3975 4041
f 3976 4041 4042
f 3977 3976 4042
f 3977 4042 4043
f 3978 3977 4043
f 3978 4043 4044
f 3979 3978 4044
f 3979 4044 4045
f 3980 3979 4045
f 3980 4045 4046
f 3981 3980 4046
f 3981 4046 4047
f 3982 3981 4047
f 3982 4047 4048
f 3983 3982 4048
f 3983 4048 4049
f 3984 3983 4049
f 3984 4049 4050
f 3985 3984 4050
f 3985 4050 4051
f 3986 3985 4051
f 3986 4051 4052
f 3987 3986 4052
f 3987 4052 4053
f 3988 3987 4053
f 3988 4053 4054
f 3989 3988 4054
f 3989 4054 4055
f 3990 3989 4055
f 3990 4055 4056
f 3991 3990 4056
f 3991 4056 4057
f 3992 3991 4057
f 3992 4057 4058
f 3993 3992 4058
f 3993 4058 4059
f 3994 3993 4059
f 3994 4059 4060
f 3995 3994 4060
f 3995 4060 4061
f 3996 3995 4061
f 3996 4061 4062
f 3997 3996 4062
f 3997 4062 4063
f 3998 3997 4063
f 3998 4063 4064
f 3999 3998 4064
f 3999 4064 4065
f 4000 3999 4065
f 4000 4065 4066
f 4001 4000 4066
f 4001 4066 4067
f 4002 4001 4067
f 4002 4067 4068
f 4003 4002 4068
f 4003 4068 4069
f 4004 4003 4069
f 4004 4069 4070
f 4005 4004 4070
f 4005 4070 4071
f 4006 4005 4071
f 4006 4071 4072
f 4007 4006 4072
f 4007 4072 4073
f 4008 4007 4073
f 4008 4073 4074
f 4009 4008 4074
f 4009 4074 4075
f 4010 4009 4075
f 4010 4075 4076
f 4011 4010 4076
f 4011 4076 4077
f 4012 4011 4077
f 4012 4077 4078
f 4013 4012 4078
f 4013 4078 4079
f 4014 4013 4079
f 4014 4079 4080
f 4015 4014 4080
f 4015 4080 4081
f 4016 4015 4081
f 4016 4081 4082
f 4017 4016 4082
f 4017 4082 4083
f 4018 4017 4083
f 4018 4083 4084
f 4019 4018 4084
f 4019 4084 4085
f 4020 4019 4085
f 4020 4085 4086
f 4021 4020 4086
f 4021 4086 4087
f 4022 4021 4087
f 4022 4087 4088
f 4023 4022 4088
f 4023 4088 4089
f 4024 4023 4089
f 4024 4089 4090
f 4025 4024 4090
f 4025 4090 4091
f 4026 4025 4091
f 4026 4091 4092
f 4027 4026 4092
f 4027 4092 4093
f 4028 4027 4093
f 4028 4093 4094
f 4029 4028 4094
f 4029 4094 4095
f 4030 4029 4095
f 4031 4096 4097
f 4032 4031 4097
f 4032 4097 4098
f 4033 4032 4098
f 4033 4098 4099
f 4034 4033 4099
f 4034 4099 4100
f 4035 4034 4100
f 4035 4100 4101
f 4036 4035 4101
f 4036 4101 4102
f 4037 4036 4102
f 4037 4102 4103
f 4038 4037 4103
f 4038 4103 4104
f 4039 4038 4104
f 4039 4104 4105
f 4040 4039 4105
f 4040 4105 4106
f 4041 4040 4106
f 4041 4106 4107
f 4042 4041 4107
f 4042 4107 4108
f 4043 4042 4108
f 4043 4108 4109
f 4044 4043 4109
f 4044 4109 4110
f 4045 4044 4110
f 4045 4110 4111
f 4046 4045 4111
f 4046 4111 4112
f 4047 4046 4112
f 4047 4112 4113
f 4048 4047 4113
f 4048 4113 4114
f 4049 4048 4114
f 4049 4114 4115
f 4050 4049 4115
f 4050 4115 4116
f 4051 4050 4116
f 4051 4116 4117
f 4052 4051 4117
f 4052 4117 4118
f 4053 4052 4118
f 4053 4118 4119
f 4054 4053 4119
f 4054 4119 4120
f 4055 4054 4120
f 4055 4120 4121
f 4056 4055 4121
f 4056 4121 4122
f 4057 4056 4122
f 4057 4122 4123
f 4058 4057 4123
f 4058 4123 4124
f 4059 4058 4124
f 4059 4124 4125
f 4060 4059 4125
f 4060 4125 4126
f 4061 4060 4126
f 4061 4126 4127
f 4062 4061 4127
f 4062 4127 4128
f 4063 4062 4128
f 4063 4128 4129
f 4064 4063 4129
f 4064 4129 4130
f 4065 4064 4130
f 4065 4130 4131
f 4066 4065 4131
f 4066 4131 4132
f 4067 4066 4132
f 4067 4132 4133
f 4068 4067 4133
f 4068 4133 4134
f 4069 4068 4134
f 4069 4134 4135
f 4070 4069 4135
f 4070 4135 4136
f 4071 4070 4136
f 4071 4136 4137
f 4072 4071 4137
f 4072 4137 4138
f 4073 4072 4138
f 4073 4138 4139
f 4074 4073 4139
f 4074 4139 4140
f 4075 4074 4140
f 4075 4140 4141
f 4076 4075 4141
f 4076 4141 4142
f 4077 4076 4142
f 4077 4142 4143
f 4078 4077 4143
f 4078 4143 4144
f 4079 4078 4144
f 4079 4144 4145
f 4080 4079 4145
f 4080 4145 4146
f 4081 4080 4146
f 4081 4146 4147
f 4082 4081 4147
f 4082 4147 4148
f 4083 4082 4148
f 4083 4148 4149
f 4084 4083 4149
f 4084 4149 4150
f 4085 4084 4150
f 4085 4150 4151
f 4086 4085 4151
f 4086 4151 4152
f 4087 4086 4152
f 4087 4152 4153
f 4088 4087 4153
f 4088 4153 4154
f 4089 4088 4154
f 4089 4154 4155
f 4090 4089 4155
f 4090 4155 4156
f 4091 4090 4156
f 4091 4156 4157
f 4092 4091 4157
f 4092 4157 4158
f 4093 4092 4158
f 4093 4158 4159
f 4094 4093 4159
f 4094 4159 4160
f 4095 4094 4160
f 4096 4161 4162
f 4097 4096 4162
f 4097 4162 4163
f 4098 4097 4163
f 4098 4163 4164
f 4099 4098 4164
f 4099 4164 4165
f 4100 4099 4165
f 4100 4165 4166
f 4101 4100 4166
f 4101 4166 4167
f 4102 4101 4167
f 4102 4167 4168
f 4103 4102 4168
f 4103 4168 4169
f 4104 4103 4169
f 4104 4169 4170
f 4105 4104 4170
f 4105 4170 4171
f 4106 4105 4171
f 4106 4171 4172
f 4107 4106 4172
f 4107 4172 4173
f 4108 4107 4173
f 4108 4173 4174
f 4109 4108 4174
f 4109 4174 4175
f 4110 4109 4175
f 4110 4175 4176
f 4111 4110 4176
f 4111 4176 4177
f 4112 4111 4177
f 4112 4177 4178
f 4113 4112 4178
f 4113 4178 4179
f 4114 4113 4179
f 4114 4179 4180
f 4115 4114 4180
f 4115 4180 4181
f 4116 4115 4181
f 4116 4181 4182
f 4117 4116 4182
f 4117 4182 4183
f 4118 4117 4183
f 4118 4183 4184
f 4119 4118 4184
f 4119 4184 4185
f 4120 4119 4185
f 4120 4185 4186
f 4121 4120 4186
f 4121 4186 4187
f 4122 4121 4187
f 4122 4187 4188
f 4123 4122 4188
f 4123 4188 4189
f 4124 4123 4189
f 4124 4189 4190
f 4125 4124 4190
f 4125 4190 4191
f 4126 4125 4191
f 4126 4191 4192
f 4127 4126 4192
f 4127 4192 4193
f 4128 4127 4193
f 4128 4193 4194
f 4129 4128 4194
f 4129 4194 4195
f 4130 4129 4195
f 4130 4195 4196
f 4131 4130 4196
f 4131 4196 4197
f 4132 4131 4197
f 4132 4197 4198
f 4133 4132 4198
f 4133 4198 4199
f 4134 4133 4199
f 4134 4199 4200
f 4135 4134 4200
f 4135 4200 4201
f 4136 4135 4201
f 4136 4201 4202
f 4137 4136 4202
f 4137 4202 4203
f 4138 4137 4203
f 4138 4203 4204
f 4139 4138 4204
f 4139 4204 4205
f 4140 4139 4205
f 4140 4205 4206
f 4141 4140 4206
f 4141 4206 4207
f 4142 4141 4207
f 4142 4207 4208
f 4143 4142 4208
f 4143 4208 4209
f 4144 4143 4209
f 4144 4209 4210
f 4145 4144 4210
f 4145 4210 4211
f 4146 4145 4211
f 4146 4211 4212
f 4147 4146 4212
f 4147 4212 4213
f 4148 4147 4213
f 4148 4213 4214
f 4149 4148 4214
f 4149 4214 4215
f 4150 4149 4215
f 4150 4215 4216
f 4151 4150 4216
f 4151 4216 4217
f 4152 4151 4217
f 4152 4217 4218
f 4153 4152 4218
f 4153 4218 4219
f 4154 4153 4219
f 4154 4219 4220
f 4155 4154 4220
f 4155 4220 4221
f 4156 4155 4221
f 4156 4221 4222
f 4157 4156 4222
f 4157 4222 4223
f 4158 4157 4223
f 4158 4223 4224
f 4159 4158 4224
f 4159 4224 4225
f 4160 4159 4225
